月末交易日,收益日期,对标指数代码,对标指数,收盘价,日收益率
2023-09-14,2023-06-20,000015.SH,上证红利指数,2870.9073,-0.00982788763049558
2023-09-14,2023-06-21,000015.SH,上证红利指数,2843.6596,-0.00949097172172708
2023-09-14,2023-06-26,000015.SH,上证红利指数,2802.5771,-0.0144470526641093
2023-09-14,2023-06-27,000015.SH,上证红利指数,2852.1838,0.0177003872614245
2023-09-14,2023-06-28,000015.SH,上证红利指数,2870.3656,0.00637469436576987
2023-09-14,2023-06-29,000015.SH,上证红利指数,2865.4332,-0.00171838737197805
2023-09-14,2023-06-30,000015.SH,上证红利指数,2862.2172,-0.00112234338598427
2023-09-14,2023-07-03,000015.SH,上证红利指数,2895.2252,0.0115323183719249
2023-09-14,2023-07-04,000015.SH,上证红利指数,2871.6085,-0.00815712021296311
2023-09-14,2023-07-05,000015.SH,上证红利指数,2869.1206,-0.000866378547075497
2023-09-14,2023-07-06,000015.SH,上证红利指数,2847.8324,-0.00741976478785888
2023-09-14,2023-07-07,000015.SH,上证红利指数,2860.2579,0.00436314299956697
2023-09-14,2023-07-10,000015.SH,上证红利指数,2875.2572,0.00524403760933589
2023-09-14,2023-07-11,000015.SH,上证红利指数,2874.231,-0.00035690720120618
2023-09-14,2023-07-12,000015.SH,上证红利指数,2841.8693,-0.0112592550842296
2023-09-14,2023-07-13,000015.SH,上证红利指数,2869.9892,0.0098948604005118
2023-09-14,2023-07-14,000015.SH,上证红利指数,2877.8176,0.00272767576965083
2023-09-14,2023-07-17,000015.SH,上证红利指数,2841.2424,-0.0127093530875618
2023-09-14,2023-07-18,000015.SH,上证红利指数,2834.4834,-0.00237888889733595
2023-09-14,2023-07-19,000015.SH,上证红利指数,2845.3115,0.00382013173899676
2023-09-14,2023-07-20,000015.SH,上证红利指数,2830.1008,-0.00534588216439558
2023-09-14,2023-07-21,000015.SH,上证红利指数,2833.3936,0.00116349212720612
2023-09-14,2023-07-24,000015.SH,上证红利指数,2831.2849,-0.000744231228587466
2023-09-14,2023-07-25,000015.SH,上证红利指数,2874.981,0.0154333108617928
2023-09-14,2023-07-26,000015.SH,上证红利指数,2877.8897,0.0010117284253357
2023-09-14,2023-07-27,000015.SH,上证红利指数,2884.5007,0.00229716934599677
2023-09-14,2023-07-28,000015.SH,上证红利指数,2937.8633,0.0184997701681957
2023-09-14,2023-07-31,000015.SH,上证红利指数,2952.2517,0.00489757300824722
2023-09-14,2023-08-01,000015.SH,上证红利指数,2957.3435,0.00172471744194436
2023-09-14,2023-08-02,000015.SH,上证红利指数,2920.2461,-0.0125441633682392
2023-09-14,2023-08-03,000015.SH,上证红利指数,2932.8191,0.00430545905018076
2023-09-14,2023-08-04,000015.SH,上证红利指数,2923.2273,-0.00327050516003535
2023-09-14,2023-08-07,000015.SH,上证红利指数,2898.8186,-0.00834991517765316
2023-09-14,2023-08-08,000015.SH,上证红利指数,2893.4716,-0.00184454453272798
2023-09-14,2023-08-09,000015.SH,上证红利指数,2881.6933,-0.00407064648569555
2023-09-14,2023-08-10,000015.SH,上证红利指数,2893.9857,0.00426568642818448
2023-09-14,2023-08-11,000015.SH,上证红利指数,2850.586,-0.0149965150138788
2023-09-14,2023-08-14,000015.SH,上证红利指数,2849.2089,-0.000483093651621025
2023-09-14,2023-08-15,000015.SH,上证红利指数,2872.3258,0.00811344510400769
2023-09-14,2023-08-16,000015.SH,上证红利指数,2869.5047,-0.000982165741783225
2023-09-14,2023-08-17,000015.SH,上证红利指数,2868.7678,-0.000256803900687053
2023-09-14,2023-08-18,000015.SH,上证红利指数,2864.2209,-0.00158496620047122
2023-09-14,2023-08-21,000015.SH,上证红利指数,2839.3342,-0.00868882005574356
2023-09-14,2023-08-22,000015.SH,上证红利指数,2867.5654,0.00994289435882556
2023-09-14,2023-08-23,000015.SH,上证红利指数,2869.263,0.000592000447487528
2023-09-14,2023-08-24,000015.SH,上证红利指数,2850.9731,-0.00637442437308811
2023-09-14,2023-08-25,000015.SH,上证红利指数,2859.5108,0.00299466171743257
2023-09-14,2023-08-28,000015.SH,上证红利指数,2894.3413,0.012180579978925
2023-09-14,2023-08-29,000015.SH,上证红利指数,2893.8857,-0.000157410599779695
2023-09-14,2023-08-30,000015.SH,上证红利指数,2864.0305,-0.0103166479588327
2023-09-14,2023-08-31,000015.SH,上证红利指数,2834.3539,-0.0103618309930708
2023-09-14,2023-09-01,000015.SH,上证红利指数,2863.1084,0.0101449928324053
2023-09-14,2023-09-04,000015.SH,上证红利指数,2908.8183,0.0159651307648707
2023-09-14,2023-09-05,000015.SH,上证红利指数,2884.036,-0.0085197140020743
2023-09-14,2023-09-06,000015.SH,上证红利指数,2884.0883,1.81343090031039e-05
2023-09-14,2023-09-07,000015.SH,上证红利指数,2876.8819,-0.00249867523126812
2023-09-14,2023-09-08,000015.SH,上证红利指数,2853.3143,-0.00819206377571491
2023-09-14,2023-09-11,000015.SH,上证红利指数,2876.5118,0.00813001918505796
2023-09-14,2023-09-12,000015.SH,上证红利指数,2870.7435,-0.00200531073781796
2023-09-14,2023-09-13,000015.SH,上证红利指数,2886.4154,0.00545917808400498
2023-09-14,2023-09-14,000015.SH,上证红利指数,2924.0539,0.0130398763809256
2023-09-14,2023-09-15,000015.SH,上证红利指数,2916.4489,-0.00260084124988258
2023-09-14,2023-06-20,000069.SH,上证消费80指数,5397.418,-0.00432635304004503
2023-09-14,2023-06-21,000069.SH,上证消费80指数,5309.4019,-0.016307074975479
2023-09-14,2023-06-26,000069.SH,上证消费80指数,5254.0412,-0.0104269183314226
2023-09-14,2023-06-27,000069.SH,上证消费80指数,5265.6004,0.00220005888039099
2023-09-14,2023-06-28,000069.SH,上证消费80指数,5273.6571,0.00153006293451363
2023-09-14,2023-06-29,000069.SH,上证消费80指数,5240.5441,-0.00627894445393506
2023-09-14,2023-06-30,000069.SH,上证消费80指数,5252.8089,0.00234036767289103
2023-09-14,2023-07-03,000069.SH,上证消费80指数,5325.2438,0.0137897459014737
2023-09-14,2023-07-04,000069.SH,上证消费80指数,5365.4592,0.00755184203960768
2023-09-14,2023-07-05,000069.SH,上证消费80指数,5311.5916,-0.0100396998638999
2023-09-14,2023-07-06,000069.SH,上证消费80指数,5262.6631,-0.00921164571462907
2023-09-14,2023-07-07,000069.SH,上证消费80指数,5247.7835,-0.00282738980574304
2023-09-14,2023-07-10,000069.SH,上证消费80指数,5261.7482,0.00266106633400565
2023-09-14,2023-07-11,000069.SH,上证消费80指数,5295.5045,0.00641541531766943
2023-09-14,2023-07-12,000069.SH,上证消费80指数,5271.6726,-0.00450040218075543
2023-09-14,2023-07-13,000069.SH,上证消费80指数,5357.405,0.0162628460652128
2023-09-14,2023-07-14,000069.SH,上证消费80指数,5308.1831,-0.00918763841822667
2023-09-14,2023-07-17,000069.SH,上证消费80指数,5258.7958,-0.00930399330045728
2023-09-14,2023-07-18,000069.SH,上证消费80指数,5260.9987,0.000418898181975491
2023-09-14,2023-07-19,000069.SH,上证消费80指数,5245.2904,-0.00298580191627884
2023-09-14,2023-07-20,000069.SH,上证消费80指数,5214.1775,-0.00593158769626945
2023-09-14,2023-07-21,000069.SH,上证消费80指数,5257.3076,0.00827169769345226
2023-09-14,2023-07-24,000069.SH,上证消费80指数,5245.9918,-0.00215239450702875
2023-09-14,2023-07-25,000069.SH,上证消费80指数,5389.3778,0.0273324864899713
2023-09-14,2023-07-26,000069.SH,上证消费80指数,5399.9078,0.00195384335460758
2023-09-14,2023-07-27,000069.SH,上证消费80指数,5426.0714,0.00484519383830961
2023-09-14,2023-07-28,000069.SH,上证消费80指数,5542.6261,0.021480495077894
2023-09-14,2023-07-31,000069.SH,上证消费80指数,5524.1329,-0.00333654113886572
2023-09-14,2023-08-01,000069.SH,上证消费80指数,5482.5897,-0.00752031146824861
2023-09-14,2023-08-02,000069.SH,上证消费80指数,5443.0201,-0.00721731921686586
2023-09-14,2023-08-03,000069.SH,上证消费80指数,5488.7404,0.00839980363107595
2023-09-14,2023-08-04,000069.SH,上证消费80指数,5484.7036,-0.000735469289092294
2023-09-14,2023-08-07,000069.SH,上证消费80指数,5411.2668,-0.0133893835211076
2023-09-14,2023-08-08,000069.SH,上证消费80指数,5420.8232,0.00176601900316564
2023-09-14,2023-08-09,000069.SH,上证消费80指数,5428.2904,0.00137750295932904
2023-09-14,2023-08-10,000069.SH,上证消费80指数,5417.9069,-0.00191284902517375
2023-09-14,2023-08-11,000069.SH,上证消费80指数,5321.8972,-0.017720810226547
2023-09-14,2023-08-14,000069.SH,上证消费80指数,5294.1071,-0.00522184081270871
2023-09-14,2023-08-15,000069.SH,上证消费80指数,5273.7058,-0.00385358656608981
2023-09-14,2023-08-16,000069.SH,上证消费80指数,5258.7475,-0.0028363925799576
2023-09-14,2023-08-17,000069.SH,上证消费80指数,5317.8993,0.0112482677671821
2023-09-14,2023-08-18,000069.SH,上证消费80指数,5212.0611,-0.0199022572691439
2023-09-14,2023-08-21,000069.SH,上证消费80指数,5166.2008,-0.00879887996708251
2023-09-14,2023-08-22,000069.SH,上证消费80指数,5154.9034,-0.00218679072636885
2023-09-14,2023-08-23,000069.SH,上证消费80指数,5073.9181,-0.0157103428941074
2023-09-14,2023-08-24,000069.SH,上证消费80指数,5168.7307,0.0186862692955174
2023-09-14,2023-08-25,000069.SH,上证消费80指数,5129.1106,-0.00766534422077747
2023-09-14,2023-08-28,000069.SH,上证消费80指数,5157.7754,0.00558864922897162
2023-09-14,2023-08-29,000069.SH,上证消费80指数,5243.9427,0.0167062916310778
2023-09-14,2023-08-30,000069.SH,上证消费80指数,5243.4786,-8.85021112071449e-05
2023-09-14,2023-08-31,000069.SH,上证消费80指数,5210.576,-0.00627495647641252
2023-09-14,2023-09-01,000069.SH,上证消费80指数,5238.9503,0.00544552080230676
2023-09-14,2023-09-04,000069.SH,上证消费80指数,5328.4217,0.0170781158202626
2023-09-14,2023-09-05,000069.SH,上证消费80指数,5293.5173,-0.00655060765929982
2023-09-14,2023-09-06,000069.SH,上证消费80指数,5257.0902,-0.00688145479377211
2023-09-14,2023-09-07,000069.SH,上证消费80指数,5188.3905,-0.0130680086105426
2023-09-14,2023-09-08,000069.SH,上证消费80指数,5166.1207,-0.00429223667725087
2023-09-14,2023-09-11,000069.SH,上证消费80指数,5247.4377,0.0157404375008119
2023-09-14,2023-09-12,000069.SH,上证消费80指数,5247.7149,5.28257820000544e-05
2023-09-14,2023-09-13,000069.SH,上证消费80指数,5217.0381,-0.00584574440200636
2023-09-14,2023-09-14,000069.SH,上证消费80指数,5191.445,-0.00490567626868588
2023-09-14,2023-09-15,000069.SH,上证消费80指数,5188.096,-0.000645099774725599
2023-09-14,2023-06-20,000300.SH,沪深300指数,3924.2377,-0.0016968599035353
2023-09-14,2023-06-21,000300.SH,沪深300指数,3864.0323,-0.015341935071874
2023-09-14,2023-06-26,000300.SH,沪深300指数,3809.6962,-0.0140620201337344
2023-09-14,2023-06-27,000300.SH,沪深300指数,3845.4334,0.00938059050482809
2023-09-14,2023-06-28,000300.SH,沪深300指数,3840.7986,-0.00120527376706092
2023-09-14,2023-06-29,000300.SH,沪深300指数,3821.8435,-0.00493519759145922
2023-09-14,2023-06-30,000300.SH,沪深300指数,3842.4516,0.0053921883509882
2023-09-14,2023-07-03,000300.SH,沪深300指数,3892.8821,0.0131245634948272
2023-09-14,2023-07-04,000300.SH,沪深300指数,3899.0133,0.00157497705877097
2023-09-14,2023-07-05,000300.SH,沪深300指数,3868.8054,-0.00774757552122218
2023-09-14,2023-07-06,000300.SH,沪深300指数,3842.7547,-0.00673352554770534
2023-09-14,2023-07-07,000300.SH,沪深300指数,3825.6988,-0.00443845661030606
2023-09-14,2023-07-10,000300.SH,沪深300指数,3844.3269,0.00486920193508178
2023-09-14,2023-07-11,000300.SH,沪深300指数,3869.4861,0.00654450067708856
2023-09-14,2023-07-12,000300.SH,沪深300指数,3843.4369,-0.00673195337230958
2023-09-14,2023-07-13,000300.SH,沪深300指数,3898.4229,0.0143064661735437
2023-09-14,2023-07-14,000300.SH,沪深300指数,3899.1027,0.000174378208172232
2023-09-14,2023-07-17,000300.SH,沪深300指数,3867.1749,-0.00818849936935484
2023-09-14,2023-07-18,000300.SH,沪深300指数,3854.9393,-0.0031639634400813
2023-09-14,2023-07-19,000300.SH,沪深300指数,3850.8663,-0.0010565665716189
2023-09-14,2023-07-20,000300.SH,沪深300指数,3823.6946,-0.00705599672468515
2023-09-14,2023-07-21,000300.SH,沪深300指数,3821.91,-0.000466721374662082
2023-09-14,2023-07-24,000300.SH,沪深300指数,3805.221,-0.00436666483512171
2023-09-14,2023-07-25,000300.SH,沪深300指数,3915.1153,0.0288798732057876
2023-09-14,2023-07-26,000300.SH,沪深300指数,3907.0128,-0.00206954313708207
2023-09-14,2023-07-27,000300.SH,沪深300指数,3902.3458,-0.0011945187382032
2023-09-14,2023-07-28,000300.SH,沪深300指数,3992.7376,0.0231634520959163
2023-09-14,2023-07-31,000300.SH,沪深300指数,4014.6301,0.00548308008019349
2023-09-14,2023-08-01,000300.SH,沪深300指数,3998.001,-0.0041421250739887
2023-09-14,2023-08-02,000300.SH,沪深300指数,3969.895,-0.00703001324912134
2023-09-14,2023-08-03,000300.SH,沪深300指数,4004.9839,0.00883874762430747
2023-09-14,2023-08-04,000300.SH,沪深300指数,4020.5792,0.00389397320673379
2023-09-14,2023-08-07,000300.SH,沪深300指数,3990.1531,-0.00756759125650353
2023-09-14,2023-08-08,000300.SH,沪深300指数,3979.7322,-0.00261165417437248
2023-09-14,2023-08-09,000300.SH,沪深300指数,3967.5652,-0.00305724088671089
2023-09-14,2023-08-10,000300.SH,沪深300指数,3975.7166,0.00205450940037477
2023-09-14,2023-08-11,000300.SH,沪深300指数,3884.2538,-0.0230053621025201
2023-09-14,2023-08-14,000300.SH,沪深300指数,3855.9061,-0.00729810703924649
2023-09-14,2023-08-15,000300.SH,沪深300指数,3846.5357,-0.00243014216554704
2023-09-14,2023-08-16,000300.SH,沪深300指数,3818.3338,-0.00733176608759933
2023-09-14,2023-08-17,000300.SH,沪深300指数,3831.1008,0.00334360500383712
2023-09-14,2023-08-18,000300.SH,沪深300指数,3784.0038,-0.0122933335505033
2023-09-14,2023-08-21,000300.SH,沪深300指数,3729.555,-0.0143892033089397
2023-09-14,2023-08-22,000300.SH,沪深300指数,3758.2271,0.00768780725850671
2023-09-14,2023-08-23,000300.SH,沪深300指数,3696.6339,-0.0163888978396224
2023-09-14,2023-08-24,000300.SH,沪深300指数,3723.4293,0.00724859445778492
2023-09-14,2023-08-25,000300.SH,沪深300指数,3709.1517,-0.0038345296364295
2023-09-14,2023-08-28,000300.SH,沪深300指数,3752.6194,0.0117190407715058
2023-09-14,2023-08-29,000300.SH,沪深300指数,3790.1067,0.00998963550633447
2023-09-14,2023-08-30,000300.SH,沪深300指数,3788.5097,-0.000421360169094886
2023-09-14,2023-08-31,000300.SH,沪深300指数,3765.2678,-0.00613483977617901
2023-09-14,2023-09-01,000300.SH,沪深300指数,3791.4912,0.00696455110045546
2023-09-14,2023-09-04,000300.SH,沪深300指数,3848.9517,0.0151551189146899
2023-09-14,2023-09-05,000300.SH,沪深300指数,3820.3174,-0.00743950619073763
2023-09-14,2023-09-06,000300.SH,沪深300指数,3812.0283,-0.002169741184332
2023-09-14,2023-09-07,000300.SH,沪深300指数,3758.4748,-0.0140485578241903
2023-09-14,2023-09-08,000300.SH,沪深300指数,3739.9927,-0.00491744683242257
2023-09-14,2023-09-11,000300.SH,沪深300指数,3767.537,0.00736480047140198
2023-09-14,2023-09-12,000300.SH,沪深300指数,3760.6048,-0.00183998192983903
2023-09-14,2023-09-13,000300.SH,沪深300指数,3736.6513,-0.00636958714725888
2023-09-14,2023-09-14,000300.SH,沪深300指数,3733.5077,-0.000841288027063181
2023-09-14,2023-09-15,000300.SH,沪深300指数,3708.7766,-0.00662409240511275
2023-09-14,2023-06-20,000688.SH,上证科创板50成份指数,1055.412,-3.98880443971406e-05
2023-09-14,2023-06-21,000688.SH,上证科创板50成份指数,1020.2214,-0.0333429978055964
2023-09-14,2023-06-26,000688.SH,上证科创板50成份指数,1010.3139,-0.00971112740822733
2023-09-14,2023-06-27,000688.SH,上证科创板50成份指数,1011.3515,0.00102700754686236
2023-09-14,2023-06-28,000688.SH,上证科创板50成份指数,1008.2186,-0.00309773604923702
2023-09-14,2023-06-29,000688.SH,上证科创板50成份指数,1001.4575,-0.00670598618196494
2023-09-14,2023-06-30,000688.SH,上证科创板50成份指数,1005.1498,0.00368692630491063
2023-09-14,2023-07-03,000688.SH,上证科创板50成份指数,1008.3988,0.00323235402325106
2023-09-14,2023-07-04,000688.SH,上证科创板50成份指数,1015.3962,0.00693911972128491
2023-09-14,2023-07-05,000688.SH,上证科创板50成份指数,1005.7314,-0.00951825504172654
2023-09-14,2023-07-06,000688.SH,上证科创板50成份指数,1002.1114,-0.00359937056752924
2023-09-14,2023-07-07,000688.SH,上证科创板50成份指数,991.8494,-0.0102403784649092
2023-09-14,2023-07-10,000688.SH,上证科创板50成份指数,993.731,0.00189706219512775
2023-09-14,2023-07-11,000688.SH,上证科创板50成份指数,1001.414,0.0077314685765062
2023-09-14,2023-07-12,000688.SH,上证科创板50成份指数,984.9811,-0.0164096966888819
2023-09-14,2023-07-13,000688.SH,上证科创板50成份指数,995.9726,0.011159097367452
2023-09-14,2023-07-14,000688.SH,上证科创板50成份指数,991.5585,-0.00443194923233836
2023-09-14,2023-07-17,000688.SH,上证科创板50成份指数,984.8212,-0.00679465709789184
2023-09-14,2023-07-18,000688.SH,上证科创板50成份指数,980.0185,-0.00487672280003715
2023-09-14,2023-07-19,000688.SH,上证科创板50成份指数,975.1149,-0.00500357901406967
2023-09-14,2023-07-20,000688.SH,上证科创板50成份指数,961.1299,-0.0143418996058824
2023-09-14,2023-07-21,000688.SH,上证科创板50成份指数,955.5486,-0.0058070194257821
2023-09-14,2023-07-24,000688.SH,上证科创板50成份指数,950.5518,-0.00522924736638197
2023-09-14,2023-07-25,000688.SH,上证科创板50成份指数,964.396,0.0145643824986708
2023-09-14,2023-07-26,000688.SH,上证科创板50成份指数,961.5966,-0.00290274949294689
2023-09-14,2023-07-27,000688.SH,上证科创板50成份指数,952.2956,-0.00967245516467086
2023-09-14,2023-07-28,000688.SH,上证科创板50成份指数,962.6446,0.0108674239385333
2023-09-14,2023-07-31,000688.SH,上证科创板50成份指数,968.9941,0.00659589219115753
2023-09-14,2023-08-01,000688.SH,上证科创板50成份指数,969.6827,0.000710633841836561
2023-09-14,2023-08-02,000688.SH,上证科创板50成份指数,968.4389,-0.00128268762555006
2023-09-14,2023-08-03,000688.SH,上证科创板50成份指数,970.3727,0.00199682189552686
2023-09-14,2023-08-04,000688.SH,上证科创板50成份指数,975.7776,0.00556992174243987
2023-09-14,2023-08-07,000688.SH,上证科创板50成份指数,968.8975,-0.00705088946497645
2023-09-14,2023-08-08,000688.SH,上证科创板50成份指数,965.5321,-0.0034734324322232
2023-09-14,2023-08-09,000688.SH,上证科创板50成份指数,957.3687,-0.0084548198863611
2023-09-14,2023-08-10,000688.SH,上证科创板50成份指数,959.1699,0.00188140681850157
2023-09-14,2023-08-11,000688.SH,上证科创板50成份指数,938.7652,-0.0212732905817832
2023-09-14,2023-08-14,000688.SH,上证科创板50成份指数,930.4952,-0.00880944457676969
2023-09-14,2023-08-15,000688.SH,上证科创板50成份指数,917.4499,-0.0140197391668436
2023-09-14,2023-08-16,000688.SH,上证科创板50成份指数,901.7867,-0.0170725398738394
2023-09-14,2023-08-17,000688.SH,上证科创板50成份指数,910.3778,0.00952675394303326
2023-09-14,2023-08-18,000688.SH,上证科创板50成份指数,904.2485,-0.00673269932548881
2023-09-14,2023-08-21,000688.SH,上证科创板50成份指数,892.0926,-0.0134430966708821
2023-09-14,2023-08-22,000688.SH,上证科创板50成份指数,901.1284,0.0101287691434724
2023-09-14,2023-08-23,000688.SH,上证科创板50成份指数,879.459,-0.0240469615650779
2023-09-14,2023-08-24,000688.SH,上证科创板50成份指数,885.4764,0.00684216091938339
2023-09-14,2023-08-25,000688.SH,上证科创板50成份指数,870.3988,-0.0170276700768083
2023-09-14,2023-08-28,000688.SH,上证科创板50成份指数,880.1914,0.0112507048493173
2023-09-14,2023-08-29,000688.SH,上证科创板50成份指数,916.4552,0.0411999026575356
2023-09-14,2023-08-30,000688.SH,上证科创板50成份指数,939.6481,0.0253071835917347
2023-09-14,2023-08-31,000688.SH,上证科创板50成份指数,942.6126,0.00315490447966638
2023-09-14,2023-09-01,000688.SH,上证科创板50成份指数,934.7868,-0.00830224420933912
2023-09-14,2023-09-04,000688.SH,上证科创板50成份指数,942.4276,0.00817384242053909
2023-09-14,2023-09-05,000688.SH,上证科创板50成份指数,930.6288,-0.0125195824061181
2023-09-14,2023-09-06,000688.SH,上证科创板50成份指数,934.6043,0.00427184286581284
2023-09-14,2023-09-07,000688.SH,上证科创板50成份指数,899.8284,-0.0372092231974537
2023-09-14,2023-09-08,000688.SH,上证科创板50成份指数,901.5063,0.00186468886734414
2023-09-14,2023-09-11,000688.SH,上证科创板50成份指数,907.505,0.0066540855011219
2023-09-14,2023-09-12,000688.SH,上证科创板50成份指数,901.6221,-0.00648249871901529
2023-09-14,2023-09-13,000688.SH,上证科创板50成份指数,889.1316,-0.0138533649519017
2023-09-14,2023-09-14,000688.SH,上证科创板50成份指数,880.8019,-0.00936835447081175
2023-09-14,2023-09-15,000688.SH,上证科创板50成份指数,887.0132,0.00705186943851954
2023-09-14,2023-06-20,000813.CSI,中证细分化工产业主题指数,3232.2516,-0.00664762848513689
2023-09-14,2023-06-21,000813.CSI,中证细分化工产业主题指数,3189.5873,-0.0131995603312564
2023-09-14,2023-06-26,000813.CSI,中证细分化工产业主题指数,3188.0775,-0.000473352775138158
2023-09-14,2023-06-27,000813.CSI,中证细分化工产业主题指数,3231.2481,0.0135412642885877
2023-09-14,2023-06-28,000813.CSI,中证细分化工产业主题指数,3232.7558,0.000466599887517294
2023-09-14,2023-06-29,000813.CSI,中证细分化工产业主题指数,3197.6983,-0.0108444627954886
2023-09-14,2023-06-30,000813.CSI,中证细分化工产业主题指数,3245.6615,0.0149992887071304
2023-09-14,2023-07-03,000813.CSI,中证细分化工产业主题指数,3264.7961,0.00589543918859059
2023-09-14,2023-07-04,000813.CSI,中证细分化工产业主题指数,3263.4658,-0.000407468019212653
2023-09-14,2023-07-05,000813.CSI,中证细分化工产业主题指数,3252.879,-0.00324403583454136
2023-09-14,2023-07-06,000813.CSI,中证细分化工产业主题指数,3217.9816,-0.0107281580409231
2023-09-14,2023-07-07,000813.CSI,中证细分化工产业主题指数,3196.3243,-0.0067300882018716
2023-09-14,2023-07-10,000813.CSI,中证细分化工产业主题指数,3251.6569,0.017311322258508
2023-09-14,2023-07-11,000813.CSI,中证细分化工产业主题指数,3269.9307,0.00561984261008597
2023-09-14,2023-07-12,000813.CSI,中证细分化工产业主题指数,3290.5178,0.00629588266197811
2023-09-14,2023-07-13,000813.CSI,中证细分化工产业主题指数,3314.4203,0.0072640543078053
2023-09-14,2023-07-14,000813.CSI,中证细分化工产业主题指数,3298.994,-0.00465429806835305
2023-09-14,2023-07-17,000813.CSI,中证细分化工产业主题指数,3272.0278,-0.00817406760970174
2023-09-14,2023-07-18,000813.CSI,中证细分化工产业主题指数,3298.0599,0.00795595318597253
2023-09-14,2023-07-19,000813.CSI,中证细分化工产业主题指数,3287.8962,-0.00308172086261993
2023-09-14,2023-07-20,000813.CSI,中证细分化工产业主题指数,3307.6374,0.00600420414732072
2023-09-14,2023-07-21,000813.CSI,中证细分化工产业主题指数,3298.4883,-0.00276605289322229
2023-09-14,2023-07-24,000813.CSI,中证细分化工产业主题指数,3248.7134,-0.0150902157209409
2023-09-14,2023-07-25,000813.CSI,中证细分化工产业主题指数,3329.0501,0.0247287741664131
2023-09-14,2023-07-26,000813.CSI,中证细分化工产业主题指数,3348.0627,0.00571111861608808
2023-09-14,2023-07-27,000813.CSI,中证细分化工产业主题指数,3327.6858,-0.00608617634311326
2023-09-14,2023-07-28,000813.CSI,中证细分化工产业主题指数,3371.3,0.0131064657606796
2023-09-14,2023-07-31,000813.CSI,中证细分化工产业主题指数,3403.8399,0.00965203334025433
2023-09-14,2023-08-01,000813.CSI,中证细分化工产业主题指数,3403.1672,-0.000197629741633842
2023-09-14,2023-08-02,000813.CSI,中证细分化工产业主题指数,3377.4879,-0.00754570624681616
2023-09-14,2023-08-03,000813.CSI,中证细分化工产业主题指数,3383.0069,0.00163405470675393
2023-09-14,2023-08-04,000813.CSI,中证细分化工产业主题指数,3373.9591,-0.00267448464264142
2023-09-14,2023-08-07,000813.CSI,中证细分化工产业主题指数,3351.3108,-0.00671267769665607
2023-09-14,2023-08-08,000813.CSI,中证细分化工产业主题指数,3365.0017,0.00408523733459742
2023-09-14,2023-08-09,000813.CSI,中证细分化工产业主题指数,3358.1268,-0.00204305988909304
2023-09-14,2023-08-10,000813.CSI,中证细分化工产业主题指数,3371.2604,0.00391098990067928
2023-09-14,2023-08-11,000813.CSI,中证细分化工产业主题指数,3305.081,-0.0196304622449218
2023-09-14,2023-08-14,000813.CSI,中证细分化工产业主题指数,3282.8732,-0.00671929069211918
2023-09-14,2023-08-15,000813.CSI,中证细分化工产业主题指数,3257.866,-0.00761747362036402
2023-09-14,2023-08-16,000813.CSI,中证细分化工产业主题指数,3228.6269,-0.00897492407606693
2023-09-14,2023-08-17,000813.CSI,中证细分化工产业主题指数,3228.236,-0.000121073141031047
2023-09-14,2023-08-18,000813.CSI,中证细分化工产业主题指数,3187.1732,-0.0127198878892373
2023-09-14,2023-08-21,000813.CSI,中证细分化工产业主题指数,3144.6736,-0.0133345749769733
2023-09-14,2023-08-22,000813.CSI,中证细分化工产业主题指数,3140.1463,-0.00143967246712029
2023-09-14,2023-08-23,000813.CSI,中证细分化工产业主题指数,3073.4019,-0.0212551880146477
2023-09-14,2023-08-24,000813.CSI,中证细分化工产业主题指数,3095.1109,0.00706350835535052
2023-09-14,2023-08-25,000813.CSI,中证细分化工产业主题指数,3085.54,-0.00309226399609785
2023-09-14,2023-08-28,000813.CSI,中证细分化工产业主题指数,3110.4779,0.00808218334554067
2023-09-14,2023-08-29,000813.CSI,中证细分化工产业主题指数,3142.1929,0.0101961823937087
2023-09-14,2023-08-30,000813.CSI,中证细分化工产业主题指数,3144.7828,0.000824233292615384
2023-09-14,2023-08-31,000813.CSI,中证细分化工产业主题指数,3126.6414,-0.00576872908361115
2023-09-14,2023-09-01,000813.CSI,中证细分化工产业主题指数,3161.6372,0.0111927770162579
2023-09-14,2023-09-04,000813.CSI,中证细分化工产业主题指数,3232.0198,0.0222614410027817
2023-09-14,2023-09-05,000813.CSI,中证细分化工产业主题指数,3215.7116,-0.005045823048485
2023-09-14,2023-09-06,000813.CSI,中证细分化工产业主题指数,3215.8126,3.1408289225876e-05
2023-09-14,2023-09-07,000813.CSI,中证细分化工产业主题指数,3167.0802,-0.0151539924932194
2023-09-14,2023-09-08,000813.CSI,中证细分化工产业主题指数,3139.5458,-0.00869393834737753
2023-09-14,2023-09-11,000813.CSI,中证细分化工产业主题指数,3155.8932,0.0052069315249359
2023-09-14,2023-09-12,000813.CSI,中证细分化工产业主题指数,3167.2511,0.00359894941945438
2023-09-14,2023-09-13,000813.CSI,中证细分化工产业主题指数,3149.2947,-0.00566939577351477
2023-09-14,2023-09-14,000813.CSI,中证细分化工产业主题指数,3136.7745,-0.00397555681276829
2023-09-14,2023-09-15,000813.CSI,中证细分化工产业主题指数,3106.8592,-0.00953696225214795
2023-09-14,2023-06-20,000819.SH,中证申万有色金属指数,5147.3099,-0.00708700821961694
2023-09-14,2023-06-21,000819.SH,中证申万有色金属指数,5056.7303,-0.017597463871371
2023-09-14,2023-06-26,000819.SH,中证申万有色金属指数,5013.5897,-0.00853132309627025
2023-09-14,2023-06-27,000819.SH,中证申万有色金属指数,5090.7436,0.0153889537470526
2023-09-14,2023-06-28,000819.SH,中证申万有色金属指数,5069.7816,-0.00411766956795856
2023-09-14,2023-06-29,000819.SH,中证申万有色金属指数,5032.88,-0.00727873563626491
2023-09-14,2023-06-30,000819.SH,中证申万有色金属指数,5077.1511,0.00879637503775177
2023-09-14,2023-07-03,000819.SH,中证申万有色金属指数,5168.8508,0.0180612509247557
2023-09-14,2023-07-04,000819.SH,中证申万有色金属指数,5158.5615,-0.00199063590692161
2023-09-14,2023-07-05,000819.SH,中证申万有色金属指数,5254.1851,0.0185368731186009
2023-09-14,2023-07-06,000819.SH,中证申万有色金属指数,5154.9206,-0.0188924634573684
2023-09-14,2023-07-07,000819.SH,中证申万有色金属指数,5142.9243,-0.00232715514570692
2023-09-14,2023-07-10,000819.SH,中证申万有色金属指数,5175.8333,0.00639888866340121
2023-09-14,2023-07-11,000819.SH,中证申万有色金属指数,5210.9523,0.00678518761413738
2023-09-14,2023-07-12,000819.SH,中证申万有色金属指数,5190.8582,-0.00385612817833703
2023-09-14,2023-07-13,000819.SH,中证申万有色金属指数,5292.9067,0.0196592732970435
2023-09-14,2023-07-14,000819.SH,中证申万有色金属指数,5260.4295,-0.00613598573350993
2023-09-14,2023-07-17,000819.SH,中证申万有色金属指数,5190.4066,-0.0133112514862141
2023-09-14,2023-07-18,000819.SH,中证申万有色金属指数,5193.816,0.000656865687555186
2023-09-14,2023-07-19,000819.SH,中证申万有色金属指数,5211.4745,0.00339990866060713
2023-09-14,2023-07-20,000819.SH,中证申万有色金属指数,5225.5836,0.00270731440785132
2023-09-14,2023-07-21,000819.SH,中证申万有色金属指数,5175.9326,-0.0095015224710977
2023-09-14,2023-07-24,000819.SH,中证申万有色金属指数,5090.6888,-0.01646926391584
2023-09-14,2023-07-25,000819.SH,中证申万有色金属指数,5249.078,0.0311135106117664
2023-09-14,2023-07-26,000819.SH,中证申万有色金属指数,5257.563,0.00161647435987811
2023-09-14,2023-07-27,000819.SH,中证申万有色金属指数,5210.8886,-0.00887757312656068
2023-09-14,2023-07-28,000819.SH,中证申万有色金属指数,5249.5547,0.00742025074187902
2023-09-14,2023-07-31,000819.SH,中证申万有色金属指数,5322.3546,0.0138678238746612
2023-09-14,2023-08-01,000819.SH,中证申万有色金属指数,5338.708,0.00307258745969308
2023-09-14,2023-08-02,000819.SH,中证申万有色金属指数,5296.5702,-0.00789288344670647
2023-09-14,2023-08-03,000819.SH,中证申万有色金属指数,5273.3457,-0.00438481868889429
2023-09-14,2023-08-04,000819.SH,中证申万有色金属指数,5302.0243,0.00543840696808484
2023-09-14,2023-08-07,000819.SH,中证申万有色金属指数,5300.781,-0.000234495341713159
2023-09-14,2023-08-08,000819.SH,中证申万有色金属指数,5321.4667,0.00390238721426139
2023-09-14,2023-08-09,000819.SH,中证申万有色金属指数,5278.1509,-0.00813982355653942
2023-09-14,2023-08-10,000819.SH,中证申万有色金属指数,5273.7078,-0.000841791014349225
2023-09-14,2023-08-11,000819.SH,中证申万有色金属指数,5159.2019,-0.0217125984871592
2023-09-14,2023-08-14,000819.SH,中证申万有色金属指数,5119.4443,-0.00770615315520018
2023-09-14,2023-08-15,000819.SH,中证申万有色金属指数,5073.5168,-0.00897118853309919
2023-09-14,2023-08-16,000819.SH,中证申万有色金属指数,5024.274,-0.00970585137315405
2023-09-14,2023-08-17,000819.SH,中证申万有色金属指数,5045.8932,0.00430295003815484
2023-09-14,2023-08-18,000819.SH,中证申万有色金属指数,4941.5286,-0.0206830774777399
2023-09-14,2023-08-21,000819.SH,中证申万有色金属指数,4893.6315,-0.00969276996595736
2023-09-14,2023-08-22,000819.SH,中证申万有色金属指数,4937.8889,0.00904387672018214
2023-09-14,2023-08-23,000819.SH,中证申万有色金属指数,4826.2867,-0.0226011970419181
2023-09-14,2023-08-24,000819.SH,中证申万有色金属指数,4912.6269,0.0178895712929779
2023-09-14,2023-08-25,000819.SH,中证申万有色金属指数,4833.112,-0.0161858210726322
2023-09-14,2023-08-28,000819.SH,中证申万有色金属指数,4853.5566,0.00423011095128767
2023-09-14,2023-08-29,000819.SH,中证申万有色金属指数,4921.7934,0.0140591334610169
2023-09-14,2023-08-30,000819.SH,中证申万有色金属指数,4936.43,0.00297383470017265
2023-09-14,2023-08-31,000819.SH,中证申万有色金属指数,4884.632,-0.0104930081050477
2023-09-14,2023-09-01,000819.SH,中证申万有色金属指数,4992.7689,0.0221381876874247
2023-09-14,2023-09-04,000819.SH,中证申万有色金属指数,5143.4821,0.0301862960250374
2023-09-14,2023-09-05,000819.SH,中证申万有色金属指数,5122.6303,-0.00405402402391963
2023-09-14,2023-09-06,000819.SH,中证申万有色金属指数,5102.3914,-0.00395088046857484
2023-09-14,2023-09-07,000819.SH,中证申万有色金属指数,5019.5621,-0.0162334273297812
2023-09-14,2023-09-08,000819.SH,中证申万有色金属指数,4975.8709,-0.00870418557029107
2023-09-14,2023-09-11,000819.SH,中证申万有色金属指数,5044.6983,0.0138322318611603
2023-09-14,2023-09-12,000819.SH,中证申万有色金属指数,5032.1914,-0.00247921664611739
2023-09-14,2023-09-13,000819.SH,中证申万有色金属指数,5007.4291,-0.00492077864923801
2023-09-14,2023-09-14,000819.SH,中证申万有色金属指数,5025.2375,0.00355639583593903
2023-09-14,2023-09-15,000819.SH,中证申万有色金属指数,5025.9174,0.000135297087948683
2023-09-14,2023-06-20,000852.SH,中证1000指数,6693.9147,9.1987523641146e-05
2023-09-14,2023-06-21,000852.SH,中证1000指数,6548.4066,-0.0217373699130047
2023-09-14,2023-06-26,000852.SH,中证1000指数,6420.9726,-0.0194603065728998
2023-09-14,2023-06-27,000852.SH,中证1000指数,6507.2728,0.0134403626017654
2023-09-14,2023-06-28,000852.SH,中证1000指数,6475.505,-0.00488189153526797
2023-09-14,2023-06-29,000852.SH,中证1000指数,6520.0393,0.0068773477898636
2023-09-14,2023-06-30,000852.SH,中证1000指数,6602.0372,0.0125762892257413
2023-09-14,2023-07-03,000852.SH,中证1000指数,6612.8844,0.0016430080097094
2023-09-14,2023-07-04,000852.SH,中证1000指数,6638.4471,0.00386559002906517
2023-09-14,2023-07-05,000852.SH,中证1000指数,6584.4232,-0.00813803276371672
2023-09-14,2023-07-06,000852.SH,中证1000指数,6567.0789,-0.0026341411347921
2023-09-14,2023-07-07,000852.SH,中证1000指数,6521.4265,-0.00695170572718429
2023-09-14,2023-07-10,000852.SH,中证1000指数,6526.8519,0.000831934546835722
2023-09-14,2023-07-11,000852.SH,中证1000指数,6579.3695,0.00804639063435775
2023-09-14,2023-07-12,000852.SH,中证1000指数,6482.9867,-0.0146492456458023
2023-09-14,2023-07-13,000852.SH,中证1000指数,6548.3129,0.0100765593117751
2023-09-14,2023-07-14,000852.SH,中证1000指数,6544.4593,-0.000588487456058995
2023-09-14,2023-07-17,000852.SH,中证1000指数,6516.56,-0.00426304125689958
2023-09-14,2023-07-18,000852.SH,中证1000指数,6510.0341,-0.00100143327154212
2023-09-14,2023-07-19,000852.SH,中证1000指数,6492.3487,-0.00271663707567993
2023-09-14,2023-07-20,000852.SH,中证1000指数,6408.7598,-0.0128749862126166
2023-09-14,2023-07-21,000852.SH,中证1000指数,6401.4168,-0.00114577550558215
2023-09-14,2023-07-24,000852.SH,中证1000指数,6393.7938,-0.00119083012997989
2023-09-14,2023-07-25,000852.SH,中证1000指数,6498.2688,0.0163400640164528
2023-09-14,2023-07-26,000852.SH,中证1000指数,6457.2535,-0.00631172720956086
2023-09-14,2023-07-27,000852.SH,中证1000指数,6407.5461,-0.00769791676910314
2023-09-14,2023-07-28,000852.SH,中证1000指数,6465.3763,0.00902532718414628
2023-09-14,2023-07-31,000852.SH,中证1000指数,6515.8486,0.00780655257451923
2023-09-14,2023-08-01,000852.SH,中证1000指数,6507.4124,-0.00129472007682929
2023-09-14,2023-08-02,000852.SH,中证1000指数,6496.0222,-0.0017503424248938
2023-09-14,2023-08-03,000852.SH,中证1000指数,6499.5448,0.000542270314285442
2023-09-14,2023-08-04,000852.SH,中证1000指数,6535.322,0.00550457010466343
2023-09-14,2023-08-07,000852.SH,中证1000指数,6503.9825,-0.00479540258307087
2023-09-14,2023-08-08,000852.SH,中证1000指数,6471.3444,-0.00501817155873341
2023-09-14,2023-08-09,000852.SH,中证1000指数,6420.9768,-0.00778317408048934
2023-09-14,2023-08-10,000852.SH,中证1000指数,6426.8142,0.000909114015176016
2023-09-14,2023-08-11,000852.SH,中证1000指数,6304.6354,-0.019010787646545
2023-09-14,2023-08-14,000852.SH,中证1000指数,6319.4073,0.00234302208816062
2023-09-14,2023-08-15,000852.SH,中证1000指数,6261.7333,-0.00912648880853117
2023-09-14,2023-08-16,000852.SH,中证1000指数,6186.4029,-0.0120302792199725
2023-09-14,2023-08-17,000852.SH,中证1000指数,6247.6011,0.00989237218933803
2023-09-14,2023-08-18,000852.SH,中证1000指数,6117.1074,-0.0208870089353176
2023-09-14,2023-08-21,000852.SH,中证1000指数,6057.1708,-0.00979819317869091
2023-09-14,2023-08-22,000852.SH,中证1000指数,6099.1948,0.00693789252236376
2023-09-14,2023-08-23,000852.SH,中证1000指数,5973.6711,-0.0205803723468548
2023-09-14,2023-08-24,000852.SH,中证1000指数,5987.9663,0.00239303432691496
2023-09-14,2023-08-25,000852.SH,中证1000指数,5879.0268,-0.0181930716610748
2023-09-14,2023-08-28,000852.SH,中证1000指数,5922.1617,0.00733708170882985
2023-09-14,2023-08-29,000852.SH,中证1000指数,6108.7589,0.0315082919806124
2023-09-14,2023-08-30,000852.SH,中证1000指数,6139.6265,0.00505300675723186
2023-09-14,2023-08-31,000852.SH,中证1000指数,6104.2953,-0.00575461715790049
2023-09-14,2023-09-01,000852.SH,中证1000指数,6107.1996,0.000475779734967929
2023-09-14,2023-09-04,000852.SH,中证1000指数,6198.7623,0.0149925835075049
2023-09-14,2023-09-05,000852.SH,中证1000指数,6167.6421,-0.00502038931223425
2023-09-14,2023-09-06,000852.SH,中证1000指数,6195.3828,0.00449778044027549
2023-09-14,2023-09-07,000852.SH,中证1000指数,6083.4893,-0.0180607887538442
2023-09-14,2023-09-08,000852.SH,中证1000指数,6102.4883,0.00312304321797696
2023-09-14,2023-09-11,000852.SH,中证1000指数,6182.6433,0.0131348060101975
2023-09-14,2023-09-12,000852.SH,中证1000指数,6184.606,0.000317453216167163
2023-09-14,2023-09-13,000852.SH,中证1000指数,6103.137,-0.0131728682473872
2023-09-14,2023-09-14,000852.SH,中证1000指数,6068.7131,-0.00564036166974458
2023-09-14,2023-09-15,000852.SH,中证1000指数,6079.0632,0.00170548513819169
2023-09-14,2023-06-20,000861.CSI,中证央企创新驱动指数,2388.5424,-0.00323104318689327
2023-09-14,2023-06-21,000861.CSI,中证央企创新驱动指数,2352.2602,-0.01519010087491
2023-09-14,2023-06-26,000861.CSI,中证央企创新驱动指数,2305.57,-0.0198490796213786
2023-09-14,2023-06-27,000861.CSI,中证央企创新驱动指数,2358.17,0.022814314898268
2023-09-14,2023-06-28,000861.CSI,中证央企创新驱动指数,2352.9164,-0.00222782920654574
2023-09-14,2023-06-29,000861.CSI,中证央企创新驱动指数,2355.6711,0.001170759828101
2023-09-14,2023-06-30,000861.CSI,中证央企创新驱动指数,2358.5102,0.00120521918361183
2023-09-14,2023-07-03,000861.CSI,中证央企创新驱动指数,2395.384,0.0156343610470711
2023-09-14,2023-07-04,000861.CSI,中证央企创新驱动指数,2407.869,0.00521210795429883
2023-09-14,2023-07-05,000861.CSI,中证央企创新驱动指数,2393.0423,-0.0061576024277068
2023-09-14,2023-07-06,000861.CSI,中证央企创新驱动指数,2381.0261,-0.00502130697815084
2023-09-14,2023-07-07,000861.CSI,中证央企创新驱动指数,2374.5476,-0.00272088575593532
2023-09-14,2023-07-10,000861.CSI,中证央企创新驱动指数,2376.5625,0.000848540580951074
2023-09-14,2023-07-11,000861.CSI,中证央企创新驱动指数,2390.571,0.00589443786982247
2023-09-14,2023-07-12,000861.CSI,中证央企创新驱动指数,2362.4581,-0.0117599100800604
2023-09-14,2023-07-13,000861.CSI,中证央企创新驱动指数,2389.8535,0.0115961421707333
2023-09-14,2023-07-14,000861.CSI,中证央企创新驱动指数,2400.4991,0.00445449898916395
2023-09-14,2023-07-17,000861.CSI,中证央企创新驱动指数,2400.1452,-0.000147427674519918
2023-09-14,2023-07-18,000861.CSI,中证央企创新驱动指数,2388.441,-0.00487645497447409
2023-09-14,2023-07-19,000861.CSI,中证央企创新驱动指数,2391.5236,0.00129063267629403
2023-09-14,2023-07-20,000861.CSI,中证央企创新驱动指数,2353.4109,-0.0159365770005364
2023-09-14,2023-07-21,000861.CSI,中证央企创新驱动指数,2342.4375,-0.00466276416073363
2023-09-14,2023-07-24,000861.CSI,中证央企创新驱动指数,2346.4815,0.00172640678780112
2023-09-14,2023-07-25,000861.CSI,中证央企创新驱动指数,2395.7414,0.020993091145189
2023-09-14,2023-07-26,000861.CSI,中证央企创新驱动指数,2376.3415,-0.00809766029004633
2023-09-14,2023-07-27,000861.CSI,中证央企创新驱动指数,2366.9493,-0.00395237805677329
2023-09-14,2023-07-28,000861.CSI,中证央企创新驱动指数,2407.1559,0.0169866756334831
2023-09-14,2023-07-31,000861.CSI,中证央企创新驱动指数,2439.6261,0.0134890307686344
2023-09-14,2023-08-01,000861.CSI,中证央企创新驱动指数,2439.3778,-0.000101777891292287
2023-09-14,2023-08-02,000861.CSI,中证央企创新驱动指数,2415.9278,-0.0096131070800104
2023-09-14,2023-08-03,000861.CSI,中证央企创新驱动指数,2419.1617,0.00133857477032229
2023-09-14,2023-08-04,000861.CSI,中证央企创新驱动指数,2436.2211,0.00705178161509412
2023-09-14,2023-08-07,000861.CSI,中证央企创新驱动指数,2425.2623,-0.00449827809142622
2023-09-14,2023-08-08,000861.CSI,中证央企创新驱动指数,2418.9029,-0.00262214936503979
2023-09-14,2023-08-09,000861.CSI,中证央企创新驱动指数,2400.4053,-0.00764710315573236
2023-09-14,2023-08-10,000861.CSI,中证央企创新驱动指数,2406.7733,0.00265288532732355
2023-09-14,2023-08-11,000861.CSI,中证央企创新驱动指数,2354.5324,-0.0217057834238064
2023-09-14,2023-08-14,000861.CSI,中证央企创新驱动指数,2369.1365,0.00620254790292973
2023-09-14,2023-08-15,000861.CSI,中证央企创新驱动指数,2362.7997,-0.0026747298013432
2023-09-14,2023-08-16,000861.CSI,中证央企创新驱动指数,2318.7973,-0.0186229920377931
2023-09-14,2023-08-17,000861.CSI,中证央企创新驱动指数,2333.933,0.00652739245470046
2023-09-14,2023-08-18,000861.CSI,中证央企创新驱动指数,2300.221,-0.0144442878180308
2023-09-14,2023-08-21,000861.CSI,中证央企创新驱动指数,2285.6151,-0.00634978117320029
2023-09-14,2023-08-22,000861.CSI,中证央企创新驱动指数,2330.5425,0.0196565904731729
2023-09-14,2023-08-23,000861.CSI,中证央企创新驱动指数,2287.9065,-0.0182944529009876
2023-09-14,2023-08-24,000861.CSI,中证央企创新驱动指数,2238.8728,-0.0214316887512667
2023-09-14,2023-08-25,000861.CSI,中证央企创新驱动指数,2225.7123,-0.00587818119903905
2023-09-14,2023-08-28,000861.CSI,中证央企创新驱动指数,2254.4713,0.0129212567140866
2023-09-14,2023-08-29,000861.CSI,中证央企创新驱动指数,2281.0538,0.0117910128197241
2023-09-14,2023-08-30,000861.CSI,中证央企创新驱动指数,2274.9125,-0.00269230826559208
2023-09-14,2023-08-31,000861.CSI,中证央企创新驱动指数,2262.938,-0.0052637189342446
2023-09-14,2023-09-01,000861.CSI,中证央企创新驱动指数,2274.4215,0.00507459771323826
2023-09-14,2023-09-04,000861.CSI,中证央企创新驱动指数,2319.2555,0.0197122652947135
2023-09-14,2023-09-05,000861.CSI,中证央企创新驱动指数,2297.7948,-0.00925327114671071
2023-09-14,2023-09-06,000861.CSI,中证央企创新驱动指数,2295.2156,-0.00112246750667211
2023-09-14,2023-09-07,000861.CSI,中证央企创新驱动指数,2268.3019,-0.0117260008166553
2023-09-14,2023-09-08,000861.CSI,中证央企创新驱动指数,2267.3463,-0.00042128430964139
2023-09-14,2023-09-11,000861.CSI,中证央企创新驱动指数,2283.8933,0.00729795885172013
2023-09-14,2023-09-12,000861.CSI,中证央企创新驱动指数,2285.9636,0.000906478424364199
2023-09-14,2023-09-13,000861.CSI,中证央企创新驱动指数,2269.9783,-0.00699280600968444
2023-09-14,2023-09-14,000861.CSI,中证央企创新驱动指数,2279.8909,0.00436682588551607
2023-09-14,2023-09-15,000861.CSI,中证央企创新驱动指数,2259.4972,-0.00894503329084739
2023-09-14,2023-06-20,000905.SH,中证小盘500指数,6126.1133,-0.000859773132167896
2023-09-14,2023-06-21,000905.SH,中证小盘500指数,5990.8455,-0.0220805253471233
2023-09-14,2023-06-26,000905.SH,中证小盘500指数,5887.0324,-0.0173286224790808
2023-09-14,2023-06-27,000905.SH,中证小盘500指数,5948.0029,0.0103567461256031
2023-09-14,2023-06-28,000905.SH,中证小盘500指数,5942.3112,-0.000956909419126295
2023-09-14,2023-06-29,000905.SH,中证小盘500指数,5940.5782,-0.000291637368302067
2023-09-14,2023-06-30,000905.SH,中证小盘500指数,5998.7293,0.00978879463281879
2023-09-14,2023-07-03,000905.SH,中证小盘500指数,6042.3122,0.00726535534784012
2023-09-14,2023-07-04,000905.SH,中证小盘500指数,6055.2577,0.00214247453152128
2023-09-14,2023-07-05,000905.SH,中证小盘500指数,6020.8212,-0.00568704119727226
2023-09-14,2023-07-06,000905.SH,中证小盘500指数,5988.5525,-0.00535951806707036
2023-09-14,2023-07-07,000905.SH,中证小盘500指数,5961.6057,-0.00449971842110419
2023-09-14,2023-07-10,000905.SH,中证小盘500指数,5984.2814,0.00380362290649305
2023-09-14,2023-07-11,000905.SH,中证小盘500指数,6029.2318,0.0075114114787449
2023-09-14,2023-07-12,000905.SH,中证小盘500指数,5962.7938,-0.0110193142681957
2023-09-14,2023-07-13,000905.SH,中证小盘500指数,6044.0583,0.0136285947033754
2023-09-14,2023-07-14,000905.SH,中证小盘500指数,6030.5188,-0.00224013391796696
2023-09-14,2023-07-17,000905.SH,中证小盘500指数,6012.6895,-0.0029565118012731
2023-09-14,2023-07-18,000905.SH,中证小盘500指数,6001.7998,-0.00181111963290315
2023-09-14,2023-07-19,000905.SH,中证小盘500指数,5993.4126,-0.00139744747900461
2023-09-14,2023-07-20,000905.SH,中证小盘500指数,5925.4843,-0.011333826741713
2023-09-14,2023-07-21,000905.SH,中证小盘500指数,5925.6255,2.38292758618641e-05
2023-09-14,2023-07-24,000905.SH,中证小盘500指数,5916.7141,-0.00150387499176241
2023-09-14,2023-07-25,000905.SH,中证小盘500指数,6016.6312,0.0168872617995857
2023-09-14,2023-07-26,000905.SH,中证小盘500指数,6001.5402,-0.00250821423124614
2023-09-14,2023-07-27,000905.SH,中证小盘500指数,5961.1843,-0.00672425721650594
2023-09-14,2023-07-28,000905.SH,中证小盘500指数,6043.2438,0.0137656371402575
2023-09-14,2023-07-31,000905.SH,中证小盘500指数,6088.2431,0.00744621621917685
2023-09-14,2023-08-01,000905.SH,中证小盘500指数,6098.8789,0.00174694075537163
2023-09-14,2023-08-02,000905.SH,中证小盘500指数,6077.4645,-0.003511202690055
2023-09-14,2023-08-03,000905.SH,中证小盘500指数,6098.6868,0.0034919660986914
2023-09-14,2023-08-04,000905.SH,中证小盘500指数,6128.556,0.00489764452242403
2023-09-14,2023-08-07,000905.SH,中证小盘500指数,6090.7307,-0.00617197591080176
2023-09-14,2023-08-08,000905.SH,中证小盘500指数,6066.1019,-0.00404365275910168
2023-09-14,2023-08-09,000905.SH,中证小盘500指数,6021.7506,-0.00731133448318755
2023-09-14,2023-08-10,000905.SH,中证小盘500指数,6031.7105,0.00165398746337986
2023-09-14,2023-08-11,000905.SH,中证小盘500指数,5913.3502,-0.019623007437111
2023-09-14,2023-08-14,000905.SH,中证小盘500指数,5916.8029,0.000583882212827458
2023-09-14,2023-08-15,000905.SH,中证小盘500指数,5879.7782,-0.00625755169231679
2023-09-14,2023-08-16,000905.SH,中证小盘500指数,5833.2155,-0.00791912524863603
2023-09-14,2023-08-17,000905.SH,中证小盘500指数,5874.3609,0.00705363962637739
2023-09-14,2023-08-18,000905.SH,中证小盘500指数,5777.7972,-0.016438162660384
2023-09-14,2023-08-21,000905.SH,中证小盘500指数,5710.7783,-0.0115993860082179
2023-09-14,2023-08-22,000905.SH,中证小盘500指数,5741.0606,0.00530265725776813
2023-09-14,2023-08-23,000905.SH,中证小盘500指数,5629.4999,-0.0194320714886723
2023-09-14,2023-08-24,000905.SH,中证小盘500指数,5652.6729,0.00411635143647482
2023-09-14,2023-08-25,000905.SH,中证小盘500指数,5581.2116,-0.012642037008722
2023-09-14,2023-08-28,000905.SH,中证小盘500指数,5644.1405,0.0112751324461522
2023-09-14,2023-08-29,000905.SH,中证小盘500指数,5770.3155,0.0223550423665038
2023-09-14,2023-08-30,000905.SH,中证小盘500指数,5775.1534,0.000838411695166519
2023-09-14,2023-08-31,000905.SH,中证小盘500指数,5739.3984,-0.00619117753651355
2023-09-14,2023-09-01,000905.SH,中证小盘500指数,5750.8027,0.00198702010301299
2023-09-14,2023-09-04,000905.SH,中证小盘500指数,5829.784,0.0137339609999139
2023-09-14,2023-09-05,000905.SH,中证小盘500指数,5788.7149,-0.0070447035430472
2023-09-14,2023-09-06,000905.SH,中证小盘500指数,5790.3806,0.000287749531420189
2023-09-14,2023-09-07,000905.SH,中证小盘500指数,5702.7008,-0.0151423206965015
2023-09-14,2023-09-08,000905.SH,中证小盘500指数,5708.6227,0.00103843778723234
2023-09-14,2023-09-11,000905.SH,中证小盘500指数,5774.7305,0.0115803414368232
2023-09-14,2023-09-12,000905.SH,中证小盘500指数,5770.9259,-0.000658835940482327
2023-09-14,2023-09-13,000905.SH,中证小盘500指数,5715.3973,-0.00962213013339863
2023-09-14,2023-09-14,000905.SH,中证小盘500指数,5702.102,-0.00232622498526913
2023-09-14,2023-09-15,000905.SH,中证小盘500指数,5704.6632,0.000449167692896379
2023-09-14,2023-06-20,000918.CSI,沪深300成长指数,4602.3108,0.000173247341918037
2023-09-14,2023-06-21,000918.CSI,沪深300成长指数,4511.5249,-0.0197261558258951
2023-09-14,2023-06-26,000918.CSI,沪深300成长指数,4483.9443,-0.00611336535015028
2023-09-14,2023-06-27,000918.CSI,沪深300成长指数,4509.7505,0.0057552454431693
2023-09-14,2023-06-28,000918.CSI,沪深300成长指数,4507.3728,-0.000527235375881618
2023-09-14,2023-06-29,000918.CSI,沪深300成长指数,4478.1813,-0.00647638908412451
2023-09-14,2023-06-30,000918.CSI,沪深300成长指数,4525.7253,0.0106168099982911
2023-09-14,2023-07-03,000918.CSI,沪深300成长指数,4574.928,0.0108717822533329
2023-09-14,2023-07-04,000918.CSI,沪深300成长指数,4590.7045,0.00344846957154288
2023-09-14,2023-07-05,000918.CSI,沪深300成长指数,4557.1712,-0.00730460869350225
2023-09-14,2023-07-06,000918.CSI,沪深300成长指数,4505.7847,-0.0112759643526229
2023-09-14,2023-07-07,000918.CSI,沪深300成长指数,4457.2427,-0.0107732622022532
2023-09-14,2023-07-10,000918.CSI,沪深300成长指数,4522.9565,0.0147431505132087
2023-09-14,2023-07-11,000918.CSI,沪深300成长指数,4552.8188,0.00660238496655885
2023-09-14,2023-07-12,000918.CSI,沪深300成长指数,4530.4529,-0.00491253901868438
2023-09-14,2023-07-13,000918.CSI,沪深300成长指数,4609.8836,0.0175326179861621
2023-09-14,2023-07-14,000918.CSI,沪深300成长指数,4581.4607,-0.00616564374857542
2023-09-14,2023-07-17,000918.CSI,沪深300成长指数,4530.6223,-0.0110965483126374
2023-09-14,2023-07-18,000918.CSI,沪深300成长指数,4529.6448,-0.000215754025666648
2023-09-14,2023-07-19,000918.CSI,沪深300成长指数,4498.2804,-0.00692425154396226
2023-09-14,2023-07-20,000918.CSI,沪深300成长指数,4483.2289,-0.00334605641746999
2023-09-14,2023-07-21,000918.CSI,沪深300成长指数,4465.5489,-0.00394358628443003
2023-09-14,2023-07-24,000918.CSI,沪深300成长指数,4419.2089,-0.0103772237271884
2023-09-14,2023-07-25,000918.CSI,沪深300成长指数,4539.6892,0.0272628659849052
2023-09-14,2023-07-26,000918.CSI,沪深300成长指数,4542.9649,0.000721569221082463
2023-09-14,2023-07-27,000918.CSI,沪深300成长指数,4525.3898,-0.00386864093975281
2023-09-14,2023-07-28,000918.CSI,沪深300成长指数,4593.7219,0.0150997158300041
2023-09-14,2023-07-31,000918.CSI,沪深300成长指数,4636.8355,0.00938533087952065
2023-09-14,2023-08-01,000918.CSI,沪深300成长指数,4619.9749,-0.00363622992448187
2023-09-14,2023-08-02,000918.CSI,沪深300成长指数,4597.0361,-0.00496513520019337
2023-09-14,2023-08-03,000918.CSI,沪深300成长指数,4644.244,0.01026920367234
2023-09-14,2023-08-04,000918.CSI,沪深300成长指数,4668.613,0.00524714033112827
2023-09-14,2023-08-07,000918.CSI,沪深300成长指数,4635.8754,-0.0070122753802897
2023-09-14,2023-08-08,000918.CSI,沪深300成长指数,4627.9561,-0.00170826420399472
2023-09-14,2023-08-09,000918.CSI,沪深300成长指数,4615.3212,-0.00273012529224292
2023-09-14,2023-08-10,000918.CSI,沪深300成长指数,4636.6766,0.00462706690923254
2023-09-14,2023-08-11,000918.CSI,沪深300成长指数,4534.8112,-0.0219694856440925
2023-09-14,2023-08-14,000918.CSI,沪深300成长指数,4477.4966,-0.0126388062197605
2023-09-14,2023-08-15,000918.CSI,沪深300成长指数,4436.1201,-0.00924098970840093
2023-09-14,2023-08-16,000918.CSI,沪深300成长指数,4392.6982,-0.00978826069204042
2023-09-14,2023-08-17,000918.CSI,沪深300成长指数,4422.2654,0.00673098825683049
2023-09-14,2023-08-18,000918.CSI,沪深300成长指数,4367.8681,-0.0123007768823645
2023-09-14,2023-08-21,000918.CSI,沪深300成长指数,4297.5293,-0.0161036914095459
2023-09-14,2023-08-22,000918.CSI,沪深300成长指数,4302.9672,0.00126535495639324
2023-09-14,2023-08-23,000918.CSI,沪深300成长指数,4210.5383,-0.0214802706374336
2023-09-14,2023-08-24,000918.CSI,沪深300成长指数,4275.9253,0.0155293682995354
2023-09-14,2023-08-25,000918.CSI,沪深300成长指数,4238.758,-0.00869222387958934
2023-09-14,2023-08-28,000918.CSI,沪深300成长指数,4279.7272,0.00966537839621906
2023-09-14,2023-08-29,000918.CSI,沪深300成长指数,4371.8877,0.021534199656464
2023-09-14,2023-08-30,000918.CSI,沪深300成长指数,4389.4789,0.00402370811125818
2023-09-14,2023-08-31,000918.CSI,沪深300成长指数,4363.2483,-0.00597578906234175
2023-09-14,2023-09-01,000918.CSI,沪深300成长指数,4386.7033,0.00537558222391321
2023-09-14,2023-09-04,000918.CSI,沪深300成长指数,4447.7285,0.0139114035818197
2023-09-14,2023-09-05,000918.CSI,沪深300成长指数,4428.8898,-0.0042355777786347
2023-09-14,2023-09-06,000918.CSI,沪深300成长指数,4410.4072,-0.00417319031058305
2023-09-14,2023-09-07,000918.CSI,沪深300成长指数,4317.3094,-0.0211086631638003
2023-09-14,2023-09-08,000918.CSI,沪深300成长指数,4280.0578,-0.0086284295492004
2023-09-14,2023-09-11,000918.CSI,沪深300成长指数,4304.4097,0.00568961942523316
2023-09-14,2023-09-12,000918.CSI,沪深300成长指数,4295.5021,-0.00206941267695793
2023-09-14,2023-09-13,000918.CSI,沪深300成长指数,4259.8818,-0.00829246480871226
2023-09-14,2023-09-14,000918.CSI,沪深300成长指数,4233.8736,-0.00610538067042143
2023-09-14,2023-09-15,000918.CSI,沪深300成长指数,4207.4241,-0.00624711611607864
2023-09-14,2023-06-20,399006.SZ,创业板指数,2271.419,0.00275227016817969
2023-09-14,2023-06-21,399006.SZ,创业板指数,2211.8363,-0.0262314878936911
2023-09-14,2023-06-26,399006.SZ,创业板指数,2186.2528,-0.011566633570486
2023-09-14,2023-06-27,399006.SZ,创业板指数,2191.8277,0.00254997958150116
2023-09-14,2023-06-28,399006.SZ,创业板指数,2182.0951,-0.00444040377808885
2023-09-14,2023-06-29,399006.SZ,创业板指数,2180.0625,-0.000931490107832555
2023-09-14,2023-06-30,399006.SZ,创业板指数,2215.0012,0.016026467131103
2023-09-14,2023-07-03,399006.SZ,创业板指数,2228.2109,0.0059637439474074
2023-09-14,2023-07-04,399006.SZ,创业板指数,2232.7501,0.00203715007407967
2023-09-14,2023-07-05,399006.SZ,创业板指数,2212.4152,-0.00910755753633163
2023-09-14,2023-07-06,399006.SZ,创业板指数,2192.1867,-0.00914317529548692
2023-09-14,2023-07-07,399006.SZ,创业板指数,2169.2084,-0.0104819083155646
2023-09-14,2023-07-10,399006.SZ,创业板指数,2198.8648,0.0136715310525257
2023-09-14,2023-07-11,399006.SZ,创业板指数,2216.7788,0.00814693108916931
2023-09-14,2023-07-12,399006.SZ,创业板指数,2196.8515,-0.00898930466134007
2023-09-14,2023-07-13,399006.SZ,创业板指数,2237.515,0.018509899280857
2023-09-14,2023-07-14,399006.SZ,创业板指数,2224.0964,-0.00599709946078575
2023-09-14,2023-07-17,399006.SZ,创业板指数,2207.4445,-0.00748704057971583
2023-09-14,2023-07-18,399006.SZ,创业板指数,2200.6187,-0.00309217287229646
2023-09-14,2023-07-19,399006.SZ,创业板指数,2177.2466,-0.0106206949890956
2023-09-14,2023-07-20,399006.SZ,创业板指数,2155.6474,-0.00992041967134094
2023-09-14,2023-07-21,399006.SZ,创业板指数,2163.1174,0.00346531626647306
2023-09-14,2023-07-24,399006.SZ,创业板指数,2146.9292,-0.0074837362040544
2023-09-14,2023-07-25,399006.SZ,创业板指数,2192.8972,0.0214110460652357
2023-09-14,2023-07-26,399006.SZ,创业板指数,2191.1693,-0.000787953033092426
2023-09-14,2023-07-27,399006.SZ,创业板指数,2184.0965,-0.00322786559669297
2023-09-14,2023-07-28,399006.SZ,创业板指数,2219.5376,0.0162268929051441
2023-09-14,2023-07-31,399006.SZ,创业板指数,2236.6732,0.00772034679655809
2023-09-14,2023-08-01,399006.SZ,创业板指数,2223.7958,-0.00575739003802622
2023-09-14,2023-08-02,399006.SZ,创业板指数,2218.5654,-0.00235201451500178
2023-09-14,2023-08-03,399006.SZ,创业板指数,2241.9832,0.0105553796160349
2023-09-14,2023-08-04,399006.SZ,创业板指数,2263.3732,0.00954066025115607
2023-09-14,2023-08-07,399006.SZ,创业板指数,2240.7749,-0.00998434548929006
2023-09-14,2023-08-08,399006.SZ,创业板指数,2228.9091,-0.00529540026532782
2023-09-14,2023-08-09,399006.SZ,创业板指数,2228.731,-7.99045595890613e-05
2023-09-14,2023-08-10,399006.SZ,创业板指数,2239.3064,0.00474503203841103
2023-09-14,2023-08-11,399006.SZ,创业板指数,2187.0362,-0.0233421384407243
2023-09-14,2023-08-14,399006.SZ,创业板指数,2164.6928,-0.0102162918016629
2023-09-14,2023-08-15,399006.SZ,创业板指数,2148.6738,-0.00740012624424113
2023-09-14,2023-08-16,399006.SZ,创业板指数,2132.9695,-0.00730883394212745
2023-09-14,2023-08-17,399006.SZ,创业板指数,2147.0612,0.00660661111187943
2023-09-14,2023-08-18,399006.SZ,创业板指数,2118.9245,-0.0131047498785782
2023-09-14,2023-08-21,399006.SZ,创业板指数,2084.9693,-0.0160247333022011
2023-09-14,2023-08-22,399006.SZ,创业板指数,2086.9407,0.000945529509714937
2023-09-14,2023-08-23,399006.SZ,创业板指数,2038.9756,-0.0229834513266237
2023-09-14,2023-08-24,399006.SZ,创业板指数,2064.5734,0.0125542453769434
2023-09-14,2023-08-25,399006.SZ,创业板指数,2040.3988,-0.0117092470531686
2023-09-14,2023-08-28,399006.SZ,创业板指数,2060.0436,0.00962792175725657
2023-09-14,2023-08-29,399006.SZ,创业板指数,2118.1941,0.0282278006154821
2023-09-14,2023-08-30,399006.SZ,创业板指数,2117.1255,-0.000504486345231592
2023-09-14,2023-08-31,399006.SZ,创业板指数,2102.575,-0.00687276214848875
2023-09-14,2023-09-01,399006.SZ,创业板指数,2100.2576,-0.00110217233630183
2023-09-14,2023-09-04,399006.SZ,创业板指数,2118.0337,0.00846377130119658
2023-09-14,2023-09-05,399006.SZ,创业板指数,2111.327,-0.00316647464107855
2023-09-14,2023-09-06,399006.SZ,创业板指数,2101.3978,-0.00470282433749014
2023-09-14,2023-09-07,399006.SZ,创业板指数,2056.98,-0.0211372639678219
2023-09-14,2023-09-08,399006.SZ,创业板指数,2049.765,-0.00350756934924024
2023-09-14,2023-09-11,399006.SZ,创业板指数,2063.1889,0.00654899464084924
2023-09-14,2023-09-12,399006.SZ,创业板指数,2051.0388,-0.00588899058152181
2023-09-14,2023-09-13,399006.SZ,创业板指数,2027.7293,-0.0113647289363809
2023-09-14,2023-09-14,399006.SZ,创业板指数,2011.8831,-0.00781475120964126
2023-09-14,2023-09-15,399006.SZ,创业板指数,2002.7279,-0.00455056260475573
2023-09-14,2023-06-20,399296.SZ,创业板动量成长指数,5545.7601,0.0078146266324155
2023-09-14,2023-06-21,399296.SZ,创业板动量成长指数,5345.8453,-0.0360482235789464
2023-09-14,2023-06-26,399296.SZ,创业板动量成长指数,5223.7097,-0.0228468264878521
2023-09-14,2023-06-27,399296.SZ,创业板动量成长指数,5238.8798,0.00290408557734345
2023-09-14,2023-06-28,399296.SZ,创业板动量成长指数,5195.3724,-0.00830471430170998
2023-09-14,2023-06-29,399296.SZ,创业板动量成长指数,5236.2225,0.00786278573601384
2023-09-14,2023-06-30,399296.SZ,创业板动量成长指数,5297.8608,0.011771520404261
2023-09-14,2023-07-03,399296.SZ,创业板动量成长指数,5285.3482,-0.00236182120904349
2023-09-14,2023-07-04,399296.SZ,创业板动量成长指数,5257.7691,-0.00521802896543311
2023-09-14,2023-07-05,399296.SZ,创业板动量成长指数,5169.6925,-0.0167517055855496
2023-09-14,2023-07-06,399296.SZ,创业板动量成长指数,5150.9689,-0.00362180149012736
2023-09-14,2023-07-07,399296.SZ,创业板动量成长指数,5092.1258,-0.0114236954527138
2023-09-14,2023-07-10,399296.SZ,创业板动量成长指数,5131.3589,0.00770466039939555
2023-09-14,2023-07-11,399296.SZ,创业板动量成长指数,5147.4779,0.00314127316255353
2023-09-14,2023-07-12,399296.SZ,创业板动量成长指数,5045.2397,-0.0198618045548092
2023-09-14,2023-07-13,399296.SZ,创业板动量成长指数,5150.8184,0.0209263991956616
2023-09-14,2023-07-14,399296.SZ,创业板动量成长指数,5146.7097,-0.000797679063971657
2023-09-14,2023-07-17,399296.SZ,创业板动量成长指数,5120.8682,-0.00502097485700437
2023-09-14,2023-07-18,399296.SZ,创业板动量成长指数,5069.2163,-0.0100865513390873
2023-09-14,2023-07-19,399296.SZ,创业板动量成长指数,5011.0329,-0.0114777899692305
2023-09-14,2023-07-20,399296.SZ,创业板动量成长指数,4904.8618,-0.0211874681565153
2023-09-14,2023-07-21,399296.SZ,创业板动量成长指数,4898.9058,-0.00121430536534162
2023-09-14,2023-07-24,399296.SZ,创业板动量成长指数,4872.0577,-0.00548042789473524
2023-09-14,2023-07-25,399296.SZ,创业板动量成长指数,4960.9781,0.0182510974777659
2023-09-14,2023-07-26,399296.SZ,创业板动量成长指数,4913.3697,-0.00959657532049984
2023-09-14,2023-07-27,399296.SZ,创业板动量成长指数,4875.5895,-0.00768926466087017
2023-09-14,2023-07-28,399296.SZ,创业板动量成长指数,4914.8281,0.0080479704043992
2023-09-14,2023-07-31,399296.SZ,创业板动量成长指数,4954.9632,0.00816612487423529
2023-09-14,2023-08-01,399296.SZ,创业板动量成长指数,4923.8505,-0.00627909809703542
2023-09-14,2023-08-02,399296.SZ,创业板动量成长指数,4908.5912,-0.00309905834874546
2023-09-14,2023-08-03,399296.SZ,创业板动量成长指数,4919.608,0.00224439142538491
2023-09-14,2023-08-04,399296.SZ,创业板动量成长指数,5029.353,0.0223076716681492
2023-09-14,2023-08-07,399296.SZ,创业板动量成长指数,5004.0939,-0.00502233587501222
2023-09-14,2023-08-08,399296.SZ,创业板动量成长指数,4968.0248,-0.0072079183006537
2023-09-14,2023-08-09,399296.SZ,创业板动量成长指数,4927.3114,-0.00819508791502022
2023-09-14,2023-08-10,399296.SZ,创业板动量成长指数,4939.2437,0.00242166549489853
2023-09-14,2023-08-11,399296.SZ,创业板动量成长指数,4838.7823,-0.0203394296985184
2023-09-14,2023-08-14,399296.SZ,创业板动量成长指数,4852.0682,0.00274571145719871
2023-09-14,2023-08-15,399296.SZ,创业板动量成长指数,4788.8019,-0.0130390376623312
2023-09-14,2023-08-16,399296.SZ,创业板动量成长指数,4736.8371,-0.0108513154407162
2023-09-14,2023-08-17,399296.SZ,创业板动量成长指数,4770.0945,0.00702101408553824
2023-09-14,2023-08-18,399296.SZ,创业板动量成长指数,4685.2924,-0.0177778658263479
2023-09-14,2023-08-21,399296.SZ,创业板动量成长指数,4609.8618,-0.0160994434413529
2023-09-14,2023-08-22,399296.SZ,创业板动量成长指数,4663.5309,0.0116422362162787
2023-09-14,2023-08-23,399296.SZ,创业板动量成长指数,4535.6198,-0.0274279516406762
2023-09-14,2023-08-24,399296.SZ,创业板动量成长指数,4621.5253,0.0189401898280803
2023-09-14,2023-08-25,399296.SZ,创业板动量成长指数,4514.6498,-0.0231255901595951
2023-09-14,2023-08-28,399296.SZ,创业板动量成长指数,4563.4147,0.0108014801059431
2023-09-14,2023-08-29,399296.SZ,创业板动量成长指数,4702.4218,0.0304612026603674
2023-09-14,2023-08-30,399296.SZ,创业板动量成长指数,4722.9355,0.00436236919452848
2023-09-14,2023-08-31,399296.SZ,创业板动量成长指数,4688.3775,-0.00731705948556782
2023-09-14,2023-09-01,399296.SZ,创业板动量成长指数,4663.73,-0.00525714919500408
2023-09-14,2023-09-04,399296.SZ,创业板动量成长指数,4685.9523,0.00476491992460981
2023-09-14,2023-09-05,399296.SZ,创业板动量成长指数,4644.246,-0.00890028265972742
2023-09-14,2023-09-06,399296.SZ,创业板动量成长指数,4611.2631,-0.00710188478388096
2023-09-14,2023-09-07,399296.SZ,创业板动量成长指数,4505.6653,-0.0228999728946284
2023-09-14,2023-09-08,399296.SZ,创业板动量成长指数,4453.664,-0.0115413144425086
2023-09-14,2023-09-11,399296.SZ,创业板动量成长指数,4490.209,0.00820560329652165
2023-09-14,2023-09-12,399296.SZ,创业板动量成长指数,4462.7074,-0.00612479285485368
2023-09-14,2023-09-13,399296.SZ,创业板动量成长指数,4405.078,-0.0129135510878441
2023-09-14,2023-09-14,399296.SZ,创业板动量成长指数,4366.7946,-0.00869074281999094
2023-09-14,2023-09-15,399296.SZ,创业板动量成长指数,4340.1188,-0.00610878285871286
2023-09-14,2023-06-20,399967.SZ,中证军工指数,11309.481,0.0297056582864841
2023-09-14,2023-06-21,399967.SZ,中证军工指数,11152.4124,-0.0138882235179493
2023-09-14,2023-06-26,399967.SZ,中证军工指数,10986.7582,-0.0148536652034137
2023-09-14,2023-06-27,399967.SZ,中证军工指数,11152.0824,0.0150475870125184
2023-09-14,2023-06-28,399967.SZ,中证军工指数,11227.3476,0.00674898169690707
2023-09-14,2023-06-29,399967.SZ,中证军工指数,11297.6184,0.00625889591233464
2023-09-14,2023-06-30,399967.SZ,中证军工指数,11508.2873,0.0186471955894705
2023-09-14,2023-07-03,399967.SZ,中证军工指数,11601.6105,0.00810921708567358
2023-09-14,2023-07-04,399967.SZ,中证军工指数,11618.4234,0.00144918673144545
2023-09-14,2023-07-05,399967.SZ,中证军工指数,11466.4164,-0.0130832725548631
2023-09-14,2023-07-06,399967.SZ,中证军工指数,11372.6447,-0.00817794302324482
2023-09-14,2023-07-07,399967.SZ,中证军工指数,11244.4899,-0.0112686893313391
2023-09-14,2023-07-10,399967.SZ,中证军工指数,11308.4944,0.00569207679220729
2023-09-14,2023-07-11,399967.SZ,中证军工指数,11392.7937,0.00745451136271513
2023-09-14,2023-07-12,399967.SZ,中证军工指数,11168.4769,-0.019689358546008
2023-09-14,2023-07-13,399967.SZ,中证军工指数,11215.7843,0.00423579691515497
2023-09-14,2023-07-14,399967.SZ,中证军工指数,11203.501,-0.00109517976375484
2023-09-14,2023-07-17,399967.SZ,中证军工指数,11224.0848,0.0018372649763676
2023-09-14,2023-07-18,399967.SZ,中证军工指数,11246.356,0.00198423304855999
2023-09-14,2023-07-19,399967.SZ,中证军工指数,11144.7436,-0.00903513991554239
2023-09-14,2023-07-20,399967.SZ,中证军工指数,10941.5338,-0.018233690006112
2023-09-14,2023-07-21,399967.SZ,中证军工指数,10894.8499,-0.004266668718786
2023-09-14,2023-07-24,399967.SZ,中证军工指数,10981.0799,0.00791474878419396
2023-09-14,2023-07-25,399967.SZ,中证军工指数,11079.0301,0.00891990595569747
2023-09-14,2023-07-26,399967.SZ,中证军工指数,10994.1492,-0.00766140169616469
2023-09-14,2023-07-27,399967.SZ,中证军工指数,10961.7183,-0.0029498326255204
2023-09-14,2023-07-28,399967.SZ,中证军工指数,10946.1399,-0.00142116405235482
2023-09-14,2023-07-31,399967.SZ,中证军工指数,10999.6551,0.00488895633427822
2023-09-14,2023-08-01,399967.SZ,中证军工指数,11053.1507,0.00486338885298321
2023-09-14,2023-08-02,399967.SZ,中证军工指数,10986.7003,-0.00601189668028324
2023-09-14,2023-08-03,399967.SZ,中证军工指数,10940.8246,-0.00417556670768571
2023-09-14,2023-08-04,399967.SZ,中证军工指数,10932.0748,-0.000799738622991875
2023-09-14,2023-08-07,399967.SZ,中证军工指数,10917.0165,-0.0013774420936089
2023-09-14,2023-08-08,399967.SZ,中证军工指数,10770.4018,-0.0134299238257999
2023-09-14,2023-08-09,399967.SZ,中证军工指数,10719.1675,-0.00475695344996319
2023-09-14,2023-08-10,399967.SZ,中证军工指数,10731.8431,0.0011825172057438
2023-09-14,2023-08-11,399967.SZ,中证军工指数,10585.693,-0.013618359739158
2023-09-14,2023-08-14,399967.SZ,中证军工指数,10657.7574,0.00680771679284486
2023-09-14,2023-08-15,399967.SZ,中证军工指数,10549.6035,-0.010147904098474
2023-09-14,2023-08-16,399967.SZ,中证军工指数,10377.5047,-0.0163132955660371
2023-09-14,2023-08-17,399967.SZ,中证军工指数,10699.3347,0.0310122721505488
2023-09-14,2023-08-18,399967.SZ,中证军工指数,10596.7998,-0.00958329680068792
2023-09-14,2023-08-21,399967.SZ,中证军工指数,10418.0797,-0.0168654785758999
2023-09-14,2023-08-22,399967.SZ,中证军工指数,10579.9559,0.0155380074506437
2023-09-14,2023-08-23,399967.SZ,中证军工指数,10319.6369,-0.0246049229751516
2023-09-14,2023-08-24,399967.SZ,中证军工指数,10318.2104,-0.000138231607741846
2023-09-14,2023-08-25,399967.SZ,中证军工指数,10170.2431,-0.0143404034482569
2023-09-14,2023-08-28,399967.SZ,中证军工指数,10246.8355,0.00753102942052575
2023-09-14,2023-08-29,399967.SZ,中证军工指数,10550.9203,0.0296759716694974
2023-09-14,2023-08-30,399967.SZ,中证军工指数,10648.0657,0.00920729161417322
2023-09-14,2023-08-31,399967.SZ,中证军工指数,10570.2188,-0.00731089591229683
2023-09-14,2023-09-01,399967.SZ,中证军工指数,10523.4763,-0.00442209389270165
2023-09-14,2023-09-04,399967.SZ,中证军工指数,10631.0853,0.0102256133745462
2023-09-14,2023-09-05,399967.SZ,中证军工指数,10603.5711,-0.00258808947756273
2023-09-14,2023-09-06,399967.SZ,中证军工指数,10788.3543,0.0174265064342334
2023-09-14,2023-09-07,399967.SZ,中证军工指数,10623.7235,-0.0152600475866834
2023-09-14,2023-09-08,399967.SZ,中证军工指数,10854.4628,0.021719249376172
2023-09-14,2023-09-11,399967.SZ,中证军工指数,10758.0189,-0.00888518407378025
2023-09-14,2023-09-12,399967.SZ,中证军工指数,10716.3399,-0.00387422632246892
2023-09-14,2023-09-13,399967.SZ,中证军工指数,10555.6036,-0.014999178964079
2023-09-14,2023-09-14,399967.SZ,中证军工指数,10530.5422,-0.00237422708825485
2023-09-14,2023-09-15,399967.SZ,中证军工指数,10505.4843,-0.00237954509122995
2023-09-14,2023-06-20,399975.SZ,中证全指证券公司指数,653.7015,-0.00386961556343102
2023-09-14,2023-06-21,399975.SZ,中证全指证券公司指数,641.1949,-0.0191319738443312
2023-09-14,2023-06-26,399975.SZ,中证全指证券公司指数,626.9141,-0.0222721671678924
2023-09-14,2023-06-27,399975.SZ,中证全指证券公司指数,632.6509,0.0091508549576409
2023-09-14,2023-06-28,399975.SZ,中证全指证券公司指数,632.3014,-0.000552437371068359
2023-09-14,2023-06-29,399975.SZ,中证全指证券公司指数,629.5187,-0.00440090754187794
2023-09-14,2023-06-30,399975.SZ,中证全指证券公司指数,639.5528,0.0159393199916065
2023-09-14,2023-07-03,399975.SZ,中证全指证券公司指数,650.5982,0.0172705052655542
2023-09-14,2023-07-04,399975.SZ,中证全指证券公司指数,649.9929,-0.000930374538386403
2023-09-14,2023-07-05,399975.SZ,中证全指证券公司指数,645.3908,-0.00708023118406365
2023-09-14,2023-07-06,399975.SZ,中证全指证券公司指数,643.1054,-0.00354111028542703
2023-09-14,2023-07-07,399975.SZ,中证全指证券公司指数,648.3608,0.0081719108562921
2023-09-14,2023-07-10,399975.SZ,中证全指证券公司指数,649.6588,0.00200197174165995
2023-09-14,2023-07-11,399975.SZ,中证全指证券公司指数,652.8317,0.00488394831256023
2023-09-14,2023-07-12,399975.SZ,中证全指证券公司指数,646.0568,-0.0103777129695142
2023-09-14,2023-07-13,399975.SZ,中证全指证券公司指数,658.985,0.0200109340231387
2023-09-14,2023-07-14,399975.SZ,中证全指证券公司指数,656.8824,-0.00319066443090521
2023-09-14,2023-07-17,399975.SZ,中证全指证券公司指数,653.4188,-0.00527278550924781
2023-09-14,2023-07-18,399975.SZ,中证全指证券公司指数,654.9012,0.00226868281108539
2023-09-14,2023-07-19,399975.SZ,中证全指证券公司指数,659.1023,0.00641486074540709
2023-09-14,2023-07-20,399975.SZ,中证全指证券公司指数,653.7874,-0.00806384684137795
2023-09-14,2023-07-21,399975.SZ,中证全指证券公司指数,655.3313,0.00236147102253725
2023-09-14,2023-07-24,399975.SZ,中证全指证券公司指数,653.9271,-0.00214273299627232
2023-09-14,2023-07-25,399975.SZ,中证全指证券公司指数,688.0702,0.0522123949290372
2023-09-14,2023-07-26,399975.SZ,中证全指证券公司指数,688.0395,-4.46175404776872e-05
2023-09-14,2023-07-27,399975.SZ,中证全指证券公司指数,681.2437,-0.00987704921011079
2023-09-14,2023-07-28,399975.SZ,中证全指证券公司指数,732.8272,0.0757195993151936
2023-09-14,2023-07-31,399975.SZ,中证全指证券公司指数,738.309,0.00748034461602964
2023-09-14,2023-08-01,399975.SZ,中证全指证券公司指数,734.5214,-0.00513010135322745
2023-09-14,2023-08-02,399975.SZ,中证全指证券公司指数,739.8484,0.00725234145662745
2023-09-14,2023-08-03,399975.SZ,中证全指证券公司指数,765.3488,0.0344670610898126
2023-09-14,2023-08-04,399975.SZ,中证全指证券公司指数,774.517,0.0119791133140865
2023-09-14,2023-08-07,399975.SZ,中证全指证券公司指数,774.9165,0.000515805334163177
2023-09-14,2023-08-08,399975.SZ,中证全指证券公司指数,770.3368,-0.00590992706956173
2023-09-14,2023-08-09,399975.SZ,中证全指证券公司指数,766.258,-0.00529482688611005
2023-09-14,2023-08-10,399975.SZ,中证全指证券公司指数,780.3911,0.018444309879962
2023-09-14,2023-08-11,399975.SZ,中证全指证券公司指数,746.7321,-0.0431309378079787
2023-09-14,2023-08-14,399975.SZ,中证全指证券公司指数,738.657,-0.0108139184052753
2023-09-14,2023-08-15,399975.SZ,中证全指证券公司指数,751.1512,0.0169147520432351
2023-09-14,2023-08-16,399975.SZ,中证全指证券公司指数,753.7881,0.00351047831648277
2023-09-14,2023-08-17,399975.SZ,中证全指证券公司指数,753.1023,-0.00090980475812763
2023-09-14,2023-08-18,399975.SZ,中证全指证券公司指数,741.1581,-0.0158599967096104
2023-09-14,2023-08-21,399975.SZ,中证全指证券公司指数,715.995,-0.0339510557868827
2023-09-14,2023-08-22,399975.SZ,中证全指证券公司指数,726.2823,0.0143678377642302
2023-09-14,2023-08-23,399975.SZ,中证全指证券公司指数,709.2157,-0.0234985762423234
2023-09-14,2023-08-24,399975.SZ,中证全指证券公司指数,718.8591,0.0135972737208159
2023-09-14,2023-08-25,399975.SZ,中证全指证券公司指数,720.9566,0.00291781797016966
2023-09-14,2023-08-28,399975.SZ,中证全指证券公司指数,737.997,0.023635819409934
2023-09-14,2023-08-29,399975.SZ,中证全指证券公司指数,732.9062,-0.00689813102221271
2023-09-14,2023-08-30,399975.SZ,中证全指证券公司指数,712.7781,-0.0274634052761459
2023-09-14,2023-08-31,399975.SZ,中证全指证券公司指数,699.4246,-0.0187344420374307
2023-09-14,2023-09-01,399975.SZ,中证全指证券公司指数,700.1736,0.0010708802635766
2023-09-14,2023-09-04,399975.SZ,中证全指证券公司指数,705.9116,0.00819511046974641
2023-09-14,2023-09-05,399975.SZ,中证全指证券公司指数,698.3673,-0.0106873155222269
2023-09-14,2023-09-06,399975.SZ,中证全指证券公司指数,695.5583,-0.00402223872738594
2023-09-14,2023-09-07,399975.SZ,中证全指证券公司指数,692.6999,-0.00410950455195502
2023-09-14,2023-09-08,399975.SZ,中证全指证券公司指数,696.1505,0.00498137793870046
2023-09-14,2023-09-11,399975.SZ,中证全指证券公司指数,706.7243,0.0151889569855943
2023-09-14,2023-09-12,399975.SZ,中证全指证券公司指数,699.7403,-0.0098822129082019
2023-09-14,2023-09-13,399975.SZ,中证全指证券公司指数,691.8217,-0.0113164841298981
2023-09-14,2023-09-14,399975.SZ,中证全指证券公司指数,694.6331,0.00406376382816553
2023-09-14,2023-09-15,399975.SZ,中证全指证券公司指数,690.1433,-0.0064635560845
2023-09-14,2023-06-20,399976.SZ,中证新能源汽车指数,3767.7116,-7.20544633016074e-05
2023-09-14,2023-06-21,399976.SZ,中证新能源汽车指数,3709.0756,-0.0155627622878566
2023-09-14,2023-06-26,399976.SZ,中证新能源汽车指数,3698.6713,-0.00280509246023464
2023-09-14,2023-06-27,399976.SZ,中证新能源汽车指数,3690.3111,-0.00226032521462505
2023-09-14,2023-06-28,399976.SZ,中证新能源汽车指数,3696.2143,0.00159964833317172
2023-09-14,2023-06-29,399976.SZ,中证新能源汽车指数,3673.9827,-0.00601469454841952
2023-09-14,2023-06-30,399976.SZ,中证新能源汽车指数,3748.2376,0.020211009703448
2023-09-14,2023-07-03,399976.SZ,中证新能源汽车指数,3779.2127,0.00826391048422326
2023-09-14,2023-07-04,399976.SZ,中证新能源汽车指数,3796.2983,0.00452094162363492
2023-09-14,2023-07-05,399976.SZ,中证新能源汽车指数,3796.0149,-7.46516679155373e-05
2023-09-14,2023-07-06,399976.SZ,中证新能源汽车指数,3738.411,-0.0151748350618961
2023-09-14,2023-07-07,399976.SZ,中证新能源汽车指数,3695.5473,-0.0114657537654367
2023-09-14,2023-07-10,399976.SZ,中证新能源汽车指数,3749.7746,0.0146736858164418
2023-09-14,2023-07-11,399976.SZ,中证新能源汽车指数,3790.8503,0.0109541784191509
2023-09-14,2023-07-12,399976.SZ,中证新能源汽车指数,3765.3959,-0.00671469406217384
2023-09-14,2023-07-13,399976.SZ,中证新能源汽车指数,3790.4952,0.00666577981879679
2023-09-14,2023-07-14,399976.SZ,中证新能源汽车指数,3753.9284,-0.00964697172021223
2023-09-14,2023-07-17,399976.SZ,中证新能源汽车指数,3697.7072,-0.014976630880866
2023-09-14,2023-07-18,399976.SZ,中证新能源汽车指数,3687.5532,-0.00274602596982254
2023-09-14,2023-07-19,399976.SZ,中证新能源汽车指数,3655.1417,-0.00878943251584807
2023-09-14,2023-07-20,399976.SZ,中证新能源汽车指数,3656.9437,0.000493004142630094
2023-09-14,2023-07-21,399976.SZ,中证新能源汽车指数,3625.9512,-0.00847497324063251
2023-09-14,2023-07-24,399976.SZ,中证新能源汽车指数,3565.2164,-0.016750032377711
2023-09-14,2023-07-25,399976.SZ,中证新能源汽车指数,3665.8601,0.0282293383369381
2023-09-14,2023-07-26,399976.SZ,中证新能源汽车指数,3649.1263,-0.0045647677607773
2023-09-14,2023-07-27,399976.SZ,中证新能源汽车指数,3644.8399,-0.00117463733716205
2023-09-14,2023-07-28,399976.SZ,中证新能源汽车指数,3679.6911,0.00956179172643501
2023-09-14,2023-07-31,399976.SZ,中证新能源汽车指数,3747.5388,0.0184384227252119
2023-09-14,2023-08-01,399976.SZ,中证新能源汽车指数,3726.6273,-0.00558006230649288
2023-09-14,2023-08-02,399976.SZ,中证新能源汽车指数,3723.801,-0.000758406938091261
2023-09-14,2023-08-03,399976.SZ,中证新能源汽车指数,3748.6445,0.0066715434041722
2023-09-14,2023-08-04,399976.SZ,中证新能源汽车指数,3781.8205,0.00885013236117738
2023-09-14,2023-08-07,399976.SZ,中证新能源汽车指数,3763.1434,-0.00493865322270048
2023-09-14,2023-08-08,399976.SZ,中证新能源汽车指数,3745.4418,-0.00470393979671357
2023-09-14,2023-08-09,399976.SZ,中证新能源汽车指数,3728.9643,-0.00439934749486692
2023-09-14,2023-08-10,399976.SZ,中证新能源汽车指数,3737.2146,0.00221249101258492
2023-09-14,2023-08-11,399976.SZ,中证新能源汽车指数,3655.1795,-0.0219508668300716
2023-09-14,2023-08-14,399976.SZ,中证新能源汽车指数,3584.8339,-0.0192454570288546
2023-09-14,2023-08-15,399976.SZ,中证新能源汽车指数,3544.9108,-0.011136666610969
2023-09-14,2023-08-16,399976.SZ,中证新能源汽车指数,3523.1652,-0.00613431514271112
2023-09-14,2023-08-17,399976.SZ,中证新能源汽车指数,3543.2301,0.00569513459090709
2023-09-14,2023-08-18,399976.SZ,中证新能源汽车指数,3483.8615,-0.0167555022746054
2023-09-14,2023-08-21,399976.SZ,中证新能源汽车指数,3418.3377,-0.0188078085193685
2023-09-14,2023-08-22,399976.SZ,中证新能源汽车指数,3395.8129,-0.00658940162641042
2023-09-14,2023-08-23,399976.SZ,中证新能源汽车指数,3304.5161,-0.026885109011748
2023-09-14,2023-08-24,399976.SZ,中证新能源汽车指数,3322.0188,0.00529660000748677
2023-09-14,2023-08-25,399976.SZ,中证新能源汽车指数,3279.0494,-0.0129347251135363
2023-09-14,2023-08-28,399976.SZ,中证新能源汽车指数,3290.3683,0.00345188456142198
2023-09-14,2023-08-29,399976.SZ,中证新能源汽车指数,3388.0444,0.0296854610470203
2023-09-14,2023-08-30,399976.SZ,中证新能源汽车指数,3387.3396,-0.000208025609109597
2023-09-14,2023-08-31,399976.SZ,中证新能源汽车指数,3359.4857,-0.0082229428664311
2023-09-14,2023-09-01,399976.SZ,中证新能源汽车指数,3358.9554,-0.000157851542573972
2023-09-14,2023-09-04,399976.SZ,中证新能源汽车指数,3401.1421,0.0125594701257421
2023-09-14,2023-09-05,399976.SZ,中证新能源汽车指数,3389.773,-0.00334273007881669
2023-09-14,2023-09-06,399976.SZ,中证新能源汽车指数,3383.7776,-0.00176867300553762
2023-09-14,2023-09-07,399976.SZ,中证新能源汽车指数,3307.6178,-0.0225073302689869
2023-09-14,2023-09-08,399976.SZ,中证新能源汽车指数,3273.8122,-0.0102205278977517
2023-09-14,2023-09-11,399976.SZ,中证新能源汽车指数,3289.615,0.00482703314502886
2023-09-14,2023-09-12,399976.SZ,中证新能源汽车指数,3314.0025,0.00741348151683408
2023-09-14,2023-09-13,399976.SZ,中证新能源汽车指数,3273.0184,-0.0123669490291574
2023-09-14,2023-09-14,399976.SZ,中证新能源汽车指数,3221.8654,-0.0156286930742583
2023-09-14,2023-09-15,399976.SZ,中证新能源汽车指数,3191.8798,-0.00930690648963794
2023-09-14,2023-06-20,399986.SZ,中证银行指数,5630.6602,-0.00547087613906805
2023-09-14,2023-06-21,399986.SZ,中证银行指数,5615.2425,-0.00273816914045
2023-09-14,2023-06-26,399986.SZ,中证银行指数,5522.6073,-0.0164970969642007
2023-09-14,2023-06-27,399986.SZ,中证银行指数,5577.3723,0.0099165117172102
2023-09-14,2023-06-28,399986.SZ,中证银行指数,5574.8654,-0.00044947689792918
2023-09-14,2023-06-29,399986.SZ,中证银行指数,5538.2914,-0.00656051713822536
2023-09-14,2023-06-30,399986.SZ,中证银行指数,5577.8763,0.00714749317813079
2023-09-14,2023-07-03,399986.SZ,中证银行指数,5672.8394,0.0170249562544083
2023-09-14,2023-07-04,399986.SZ,中证银行指数,5621.0479,-0.00912973140046947
2023-09-14,2023-07-05,399986.SZ,中证银行指数,5591.3224,-0.00528824883346035
2023-09-14,2023-07-06,399986.SZ,中证银行指数,5533.9633,-0.0102585928509505
2023-09-14,2023-07-07,399986.SZ,中证银行指数,5532.5984,-0.000246640594815717
2023-09-14,2023-07-10,399986.SZ,中证银行指数,5533.4153,0.000147652141171184
2023-09-14,2023-07-11,399986.SZ,中证银行指数,5571.0993,0.0068102605636704
2023-09-14,2023-07-12,399986.SZ,中证银行指数,5562.8095,-0.00148800076135769
2023-09-14,2023-07-13,399986.SZ,中证银行指数,5584.1832,0.00384224913687947
2023-09-14,2023-07-14,399986.SZ,中证银行指数,5587.8265,0.000652432033390271
2023-09-14,2023-07-17,399986.SZ,中证银行指数,5509.9256,-0.0139411808867008
2023-09-14,2023-07-18,399986.SZ,中证银行指数,5470.6477,-0.00712857175421733
2023-09-14,2023-07-19,399986.SZ,中证银行指数,5487.6599,0.0031097231868904
2023-09-14,2023-07-20,399986.SZ,中证银行指数,5497.3615,0.00176789381572284
2023-09-14,2023-07-21,399986.SZ,中证银行指数,5493.6804,-0.000669612140296705
2023-09-14,2023-07-24,399986.SZ,中证银行指数,5470.7659,-0.00417106535720568
2023-09-14,2023-07-25,399986.SZ,中证银行指数,5621.7679,0.0276016197293325
2023-09-14,2023-07-26,399986.SZ,中证银行指数,5615.5262,-0.0011102735137819
2023-09-14,2023-07-27,399986.SZ,中证银行指数,5662.0652,0.00828755816329374
2023-09-14,2023-07-28,399986.SZ,中证银行指数,5833.9478,0.0303568740253997
2023-09-14,2023-07-31,399986.SZ,中证银行指数,5881.4806,0.00814762175280337
2023-09-14,2023-08-01,399986.SZ,中证银行指数,5846.5109,-0.00594573073997717
2023-09-14,2023-08-02,399986.SZ,中证银行指数,5734.6203,-0.0191380127248203
2023-09-14,2023-08-03,399986.SZ,中证银行指数,5809.7573,0.0131023496010714
2023-09-14,2023-08-04,399986.SZ,中证银行指数,5828.9151,0.00329752156772534
2023-09-14,2023-08-07,399986.SZ,中证银行指数,5775.2404,-0.00920835165363798
2023-09-14,2023-08-08,399986.SZ,中证银行指数,5749.5886,-0.00444168523270472
2023-09-14,2023-08-09,399986.SZ,中证银行指数,5762.5559,0.00225534397365412
2023-09-14,2023-08-10,399986.SZ,中证银行指数,5756.7128,-0.00101397714857743
2023-09-14,2023-08-11,399986.SZ,中证银行指数,5646.662,-0.0191169516047422
2023-09-14,2023-08-14,399986.SZ,中证银行指数,5572.9034,-0.0130623366512818
2023-09-14,2023-08-15,399986.SZ,中证银行指数,5634.3857,0.0110323642071384
2023-09-14,2023-08-16,399986.SZ,中证银行指数,5625.0706,-0.00165325920090986
2023-09-14,2023-08-17,399986.SZ,中证银行指数,5578.9633,-0.00819675045500756
2023-09-14,2023-08-18,399986.SZ,中证银行指数,5604.3298,0.00454681248754585
2023-09-14,2023-08-21,399986.SZ,中证银行指数,5515.2598,-0.0158930689625012
2023-09-14,2023-08-22,399986.SZ,中证银行指数,5575.9007,0.0109951121432212
2023-09-14,2023-08-23,399986.SZ,中证银行指数,5560.5057,-0.0027609889107244
2023-09-14,2023-08-24,399986.SZ,中证银行指数,5536.6834,-0.0042841966693784
2023-09-14,2023-08-25,399986.SZ,中证银行指数,5583.7194,0.00849533856315499
2023-09-14,2023-08-28,399986.SZ,中证银行指数,5669.6742,0.015393825126671
2023-09-14,2023-08-29,399986.SZ,中证银行指数,5593.0482,-0.0135150622940556
2023-09-14,2023-08-30,399986.SZ,中证银行指数,5527.7574,-0.0116735629061805
2023-09-14,2023-08-31,399986.SZ,中证银行指数,5509.2962,-0.00333972688454098
2023-09-14,2023-09-01,399986.SZ,中证银行指数,5561.9713,0.0095611305124601
2023-09-14,2023-09-04,399986.SZ,中证银行指数,5670.863,0.0195778967791509
2023-09-14,2023-09-05,399986.SZ,中证银行指数,5604.5794,-0.0116884502411715
2023-09-14,2023-09-06,399986.SZ,中证银行指数,5622.2376,0.0031506735367155
2023-09-14,2023-09-07,399986.SZ,中证银行指数,5604.4677,-0.00316064550527007
2023-09-14,2023-09-08,399986.SZ,中证银行指数,5587.838,-0.00296722202538524
2023-09-14,2023-09-11,399986.SZ,中证银行指数,5599.8534,0.00215027708390969
2023-09-14,2023-09-12,399986.SZ,中证银行指数,5590.3756,-0.00169250859317127
2023-09-14,2023-09-13,399986.SZ,中证银行指数,5591.8072,0.000256082972313942
2023-09-14,2023-09-14,399986.SZ,中证银行指数,5645.4613,0.00959512695645159
2023-09-14,2023-09-15,399986.SZ,中证银行指数,5619.3723,-0.00462123440647799
2023-09-14,2023-06-20,399987.SZ,中证酒指数,8044.0179,-0.0138792629751974
2023-09-14,2023-06-21,399987.SZ,中证酒指数,7926.5292,-0.0146057233413167
2023-09-14,2023-06-26,399987.SZ,中证酒指数,7711.4514,-0.0271339188405437
2023-09-14,2023-06-27,399987.SZ,中证酒指数,7773.3437,0.00802602477660685
2023-09-14,2023-06-28,399987.SZ,中证酒指数,7786.6986,0.00171803801753923
2023-09-14,2023-06-29,399987.SZ,中证酒指数,7653.8262,-0.0170640224857296
2023-09-14,2023-06-30,399987.SZ,中证酒指数,7598.8736,-0.00717975540129201
2023-09-14,2023-07-03,399987.SZ,中证酒指数,7823.475,0.02955719647712
2023-09-14,2023-07-04,399987.SZ,中证酒指数,7868.5663,0.00576358970917656
2023-09-14,2023-07-05,399987.SZ,中证酒指数,7723.3682,-0.0184529296016736
2023-09-14,2023-07-06,399987.SZ,中证酒指数,7639.2039,-0.0108973569329505
2023-09-14,2023-07-07,399987.SZ,中证酒指数,7605.3528,-0.00443123399285106
2023-09-14,2023-07-10,399987.SZ,中证酒指数,7666.5217,0.0080428747500052
2023-09-14,2023-07-11,399987.SZ,中证酒指数,7672.2785,0.00075090115508325
2023-09-14,2023-07-12,399987.SZ,中证酒指数,7682.609,0.0013464709342863
2023-09-14,2023-07-13,399987.SZ,中证酒指数,7965.7495,0.036854732552444
2023-09-14,2023-07-14,399987.SZ,中证酒指数,7930.7413,-0.00439484068636609
2023-09-14,2023-07-17,399987.SZ,中证酒指数,7824.3821,-0.0134110035842425
2023-09-14,2023-07-18,399987.SZ,中证酒指数,7784.9406,-0.00504084533397209
2023-09-14,2023-07-19,399987.SZ,中证酒指数,7755.1833,-0.0038224183752924
2023-09-14,2023-07-20,399987.SZ,中证酒指数,7754.7988,-4.95797436534939e-05
2023-09-14,2023-07-21,399987.SZ,中证酒指数,7918.3474,0.0210899862418095
2023-09-14,2023-07-24,399987.SZ,中证酒指数,7831.7517,-0.0109360824456881
2023-09-14,2023-07-25,399987.SZ,中证酒指数,8228.4385,0.0506510950800445
2023-09-14,2023-07-26,399987.SZ,中证酒指数,8221.0851,-0.000893656797702258
2023-09-14,2023-07-27,399987.SZ,中证酒指数,8318.4539,0.0118437893314107
2023-09-14,2023-07-28,399987.SZ,中证酒指数,8493.8559,0.0210858895305053
2023-09-14,2023-07-31,399987.SZ,中证酒指数,8511.8026,0.00211290375199336
2023-09-14,2023-08-01,399987.SZ,中证酒指数,8414.1893,-0.0114679938653653
2023-09-14,2023-08-02,399987.SZ,中证酒指数,8372.9994,-0.00489529038763126
2023-09-14,2023-08-03,399987.SZ,中证酒指数,8438.6404,0.00783960404917727
2023-09-14,2023-08-04,399987.SZ,中证酒指数,8464.9278,0.0031151226683388
2023-09-14,2023-08-07,399987.SZ,中证酒指数,8339.3954,-0.0148297071122095
2023-09-14,2023-08-08,399987.SZ,中证酒指数,8350.1278,0.00128695180948024
2023-09-14,2023-08-09,399987.SZ,中证酒指数,8350.6185,5.87655676360654e-05
2023-09-14,2023-08-10,399987.SZ,中证酒指数,8330.8194,-0.00237097407814768
2023-09-14,2023-08-11,399987.SZ,中证酒指数,8133.1832,-0.023723500715908
2023-09-14,2023-08-14,399987.SZ,中证酒指数,8026.0975,-0.0131665176311287
2023-09-14,2023-08-15,399987.SZ,中证酒指数,8005.8687,-0.00252037805421623
2023-09-14,2023-08-16,399987.SZ,中证酒指数,7997.7346,-0.00101601716250987
2023-09-14,2023-08-17,399987.SZ,中证酒指数,8166.2821,0.0210744052447052
2023-09-14,2023-08-18,399987.SZ,中证酒指数,7979.7783,-0.02283827544973
2023-09-14,2023-08-21,399987.SZ,中证酒指数,7966.0276,-0.00172319323708525
2023-09-14,2023-08-22,399987.SZ,中证酒指数,7958.0812,-0.00099753608686981
2023-09-14,2023-08-23,399987.SZ,中证酒指数,7829.7965,-0.0161200541658206
2023-09-14,2023-08-24,399987.SZ,中证酒指数,8043.5497,0.0272999687795206
2023-09-14,2023-08-25,399987.SZ,中证酒指数,7979.6856,-0.00793979056286553
2023-09-14,2023-08-28,399987.SZ,中证酒指数,7949.1131,-0.00383129129799298
2023-09-14,2023-08-29,399987.SZ,中证酒指数,8083.0251,0.0168461560824944
2023-09-14,2023-08-30,399987.SZ,中证酒指数,8049.05,-0.00420326543338334
2023-09-14,2023-08-31,399987.SZ,中证酒指数,8011.4088,-0.00467647734825849
2023-09-14,2023-09-01,399987.SZ,中证酒指数,8164.5484,0.0191151898277866
2023-09-14,2023-09-04,399987.SZ,中证酒指数,8422.4299,0.0315855191696823
2023-09-14,2023-09-05,399987.SZ,中证酒指数,8327.0487,-0.0113246653439051
2023-09-14,2023-09-06,399987.SZ,中证酒指数,8308.692,-0.00220446651164663
2023-09-14,2023-09-07,399987.SZ,中证酒指数,8193.5889,-0.0138533357597078
2023-09-14,2023-09-08,399987.SZ,中证酒指数,8141.1637,-0.00639831954468706
2023-09-14,2023-09-11,399987.SZ,中证酒指数,8210.041,0.00846037526551635
2023-09-14,2023-09-12,399987.SZ,中证酒指数,8144.4769,-0.00798584318884643
2023-09-14,2023-09-13,399987.SZ,中证酒指数,8152.0196,0.000926112271249835
2023-09-14,2023-09-14,399987.SZ,中证酒指数,8105.3813,-0.00572107309457393
2023-09-14,2023-09-15,399987.SZ,中证酒指数,7993.2003,-0.0138403112509956
2023-09-14,2023-06-20,399989.SZ,中证医疗指数,8921.6797,-0.00645891706570745
2023-09-14,2023-06-21,399989.SZ,中证医疗指数,8658.7161,-0.0294746739226697
2023-09-14,2023-06-26,399989.SZ,中证医疗指数,8595.5069,-0.00730006611488265
2023-09-14,2023-06-27,399989.SZ,中证医疗指数,8648.5193,0.00616745476639657
2023-09-14,2023-06-28,399989.SZ,中证医疗指数,8582.5392,-0.00762906316229195
2023-09-14,2023-06-29,399989.SZ,中证医疗指数,8533.6487,-0.00569650762562202
2023-09-14,2023-06-30,399989.SZ,中证医疗指数,8579.2548,0.00534426733549509
2023-09-14,2023-07-03,399989.SZ,中证医疗指数,8628.8522,0.00578108485599449
2023-09-14,2023-07-04,399989.SZ,中证医疗指数,8662.7395,0.00392720830239734
2023-09-14,2023-07-05,399989.SZ,中证医疗指数,8583.8205,-0.00911016659337383
2023-09-14,2023-07-06,399989.SZ,中证医疗指数,8469.2967,-0.0133418213952632
2023-09-14,2023-07-07,399989.SZ,中证医疗指数,8407.4329,-0.00730447901299769
2023-09-14,2023-07-10,399989.SZ,中证医疗指数,8481.7475,0.00883915469607843
2023-09-14,2023-07-11,399989.SZ,中证医疗指数,8526.2744,0.00524973185065947
2023-09-14,2023-07-12,399989.SZ,中证医疗指数,8433.7116,-0.0108561835635972
2023-09-14,2023-07-13,399989.SZ,中证医疗指数,8657.0277,0.0264789822786922
2023-09-14,2023-07-14,399989.SZ,中证医疗指数,8603.9425,-0.00613203536359264
2023-09-14,2023-07-17,399989.SZ,中证医疗指数,8467.6328,-0.0158427023425598
2023-09-14,2023-07-18,399989.SZ,中证医疗指数,8454.2418,-0.0015814337154535
2023-09-14,2023-07-19,399989.SZ,中证医疗指数,8420.1891,-0.00402788337565652
2023-09-14,2023-07-20,399989.SZ,中证医疗指数,8415.6687,-0.000536852551209277
2023-09-14,2023-07-21,399989.SZ,中证医疗指数,8531.2953,0.0137394429512179
2023-09-14,2023-07-24,399989.SZ,中证医疗指数,8540.6814,0.00110019635588032
2023-09-14,2023-07-25,399989.SZ,中证医疗指数,8640.6768,0.0117081290492818
2023-09-14,2023-07-26,399989.SZ,中证医疗指数,8695.4361,0.00633738551591256
2023-09-14,2023-07-27,399989.SZ,中证医疗指数,8687.3857,-0.000925819005213602
2023-09-14,2023-07-28,399989.SZ,中证医疗指数,8773.7704,0.00994369341745682
2023-09-14,2023-07-31,399989.SZ,中证医疗指数,8738.7679,-0.00398944791169809
2023-09-14,2023-08-01,399989.SZ,中证医疗指数,8710.1785,-0.00327155959823588
2023-09-14,2023-08-02,399989.SZ,中证医疗指数,8577.6635,-0.0152138099121619
2023-09-14,2023-08-03,399989.SZ,中证医疗指数,8718.1887,0.0163826897616117
2023-09-14,2023-08-04,399989.SZ,中证医疗指数,8649.8302,-0.00784090621943068
2023-09-14,2023-08-07,399989.SZ,中证医疗指数,8378.5529,-0.0313621532131347
2023-09-14,2023-08-08,399989.SZ,中证医疗指数,8375.6623,-0.000344999910426136
2023-09-14,2023-08-09,399989.SZ,中证医疗指数,8535.4954,0.0190830401555229
2023-09-14,2023-08-10,399989.SZ,中证医疗指数,8566.7001,0.0036558745026094
2023-09-14,2023-08-11,399989.SZ,中证医疗指数,8432.9579,-0.0156118690322777
2023-09-14,2023-08-14,399989.SZ,中证医疗指数,8415.5334,-0.00206623822941165
2023-09-14,2023-08-15,399989.SZ,中证医疗指数,8349.7045,-0.00782230868455713
2023-09-14,2023-08-16,399989.SZ,中证医疗指数,8327.8175,-0.00262129037021619
2023-09-14,2023-08-17,399989.SZ,中证医疗指数,8356.9084,0.00349322016242559
2023-09-14,2023-08-18,399989.SZ,中证医疗指数,8177.935,-0.0214162213385036
2023-09-14,2023-08-21,399989.SZ,中证医疗指数,8144.7281,-0.00406054829244795
2023-09-14,2023-08-22,399989.SZ,中证医疗指数,8097.3087,-0.00582209736381512
2023-09-14,2023-08-23,399989.SZ,中证医疗指数,7929.1654,-0.020765331572452
2023-09-14,2023-08-24,399989.SZ,中证医疗指数,8151.2311,0.0280061883940521
2023-09-14,2023-08-25,399989.SZ,中证医疗指数,8051.0452,-0.0122908918629482
2023-09-14,2023-08-28,399989.SZ,中证医疗指数,8103.8508,0.00655885027201197
2023-09-14,2023-08-29,399989.SZ,中证医疗指数,8300.6498,0.0242846277475888
2023-09-14,2023-08-30,399989.SZ,中证医疗指数,8320.7886,0.0024261715028624
2023-09-14,2023-08-31,399989.SZ,中证医疗指数,8282.7359,-0.00457320836152475
2023-09-14,2023-09-01,399989.SZ,中证医疗指数,8252.9623,-0.00359465765412137
2023-09-14,2023-09-04,399989.SZ,中证医疗指数,8325.0672,0.00873685076690589
2023-09-14,2023-09-05,399989.SZ,中证医疗指数,8268.2838,-0.00682077377105139
2023-09-14,2023-09-06,399989.SZ,中证医疗指数,8138.3394,-0.0157160062648066
2023-09-14,2023-09-07,399989.SZ,中证医疗指数,8005.2666,-0.0163513455828593
2023-09-14,2023-09-08,399989.SZ,中证医疗指数,8027.017,0.00271701132352042
2023-09-14,2023-09-11,399989.SZ,中证医疗指数,8200.9587,0.0216695317824791
2023-09-14,2023-09-12,399989.SZ,中证医疗指数,8168.5576,-0.00395089174147401
2023-09-14,2023-09-13,399989.SZ,中证医疗指数,8101.0938,-0.0082589611659224
2023-09-14,2023-09-14,399989.SZ,中证医疗指数,8092.7466,-0.00103037937914008
2023-09-14,2023-09-15,399989.SZ,中证医疗指数,8280.285,0.0231736404547747
2023-09-14,2023-06-20,399995.SZ,中证基建工程指数,4256.6806,-0.0134997749210927
2023-09-14,2023-06-21,399995.SZ,中证基建工程指数,4223.6558,-0.00775834578709034
2023-09-14,2023-06-26,399995.SZ,中证基建工程指数,4117.7059,-0.025084880259419
2023-09-14,2023-06-27,399995.SZ,中证基建工程指数,4265.7947,0.0359639089328843
2023-09-14,2023-06-28,399995.SZ,中证基建工程指数,4256.5466,-0.00216796649871609
2023-09-14,2023-06-29,399995.SZ,中证基建工程指数,4267.8598,0.00265783534473707
2023-09-14,2023-06-30,399995.SZ,中证基建工程指数,4274.5009,0.00155607267136548
2023-09-14,2023-07-03,399995.SZ,中证基建工程指数,4351.3818,0.0179859360890531
2023-09-14,2023-07-04,399995.SZ,中证基建工程指数,4325.8307,-0.00587195083639858
2023-09-14,2023-07-05,399995.SZ,中证基建工程指数,4327.2064,0.000318019842986406
2023-09-14,2023-07-06,399995.SZ,中证基建工程指数,4298.2027,-0.00670263845052554
2023-09-14,2023-07-07,399995.SZ,中证基建工程指数,4299.5476,0.000312898226042302
2023-09-14,2023-07-10,399995.SZ,中证基建工程指数,4335.9079,0.00845677345216522
2023-09-14,2023-07-11,399995.SZ,中证基建工程指数,4327.5203,-0.00193445068332743
2023-09-14,2023-07-12,399995.SZ,中证基建工程指数,4234.4209,-0.0215133364019113
2023-09-14,2023-07-13,399995.SZ,中证基建工程指数,4303.9445,0.0164186795885122
2023-09-14,2023-07-14,399995.SZ,中证基建工程指数,4310.3696,0.0014928398821128
2023-09-14,2023-07-17,399995.SZ,中证基建工程指数,4300.3279,-0.00232966101097221
2023-09-14,2023-07-18,399995.SZ,中证基建工程指数,4275.1641,-0.00585160029308474
2023-09-14,2023-07-19,399995.SZ,中证基建工程指数,4294.4909,0.00452071535686782
2023-09-14,2023-07-20,399995.SZ,中证基建工程指数,4240.4709,-0.0125789066173128
2023-09-14,2023-07-21,399995.SZ,中证基建工程指数,4226.3048,-0.00334069029927797
2023-09-14,2023-07-24,399995.SZ,中证基建工程指数,4255.7874,0.00697597579805409
2023-09-14,2023-07-25,399995.SZ,中证基建工程指数,4364.8121,0.0256179855224912
2023-09-14,2023-07-26,399995.SZ,中证基建工程指数,4356.7347,-0.00185057221592655
2023-09-14,2023-07-27,399995.SZ,中证基建工程指数,4322.6014,-0.00783460604107944
2023-09-14,2023-07-28,399995.SZ,中证基建工程指数,4388.1489,0.0151639010712392
2023-09-14,2023-07-31,399995.SZ,中证基建工程指数,4494.1401,0.0241539661518777
2023-09-14,2023-08-01,399995.SZ,中证基建工程指数,4497.6513,0.000781284054762965
2023-09-14,2023-08-02,399995.SZ,中证基建工程指数,4461.4857,-0.00804099686429671
2023-09-14,2023-08-03,399995.SZ,中证基建工程指数,4481.0459,0.00438423460597437
2023-09-14,2023-08-04,399995.SZ,中证基建工程指数,4476.7399,-0.000960936374251542
2023-09-14,2023-08-07,399995.SZ,中证基建工程指数,4413.8514,-0.0140478342286537
2023-09-14,2023-08-08,399995.SZ,中证基建工程指数,4401.1496,-0.00287771355419886
2023-09-14,2023-08-09,399995.SZ,中证基建工程指数,4393.4863,-0.00174120416174905
2023-09-14,2023-08-10,399995.SZ,中证基建工程指数,4387.0255,-0.00147054060462182
2023-09-14,2023-08-11,399995.SZ,中证基建工程指数,4281.5896,-0.0240335735454466
2023-09-14,2023-08-14,399995.SZ,中证基建工程指数,4343.7633,0.014521172230052
2023-09-14,2023-08-15,399995.SZ,中证基建工程指数,4331.353,-0.00285703873413168
2023-09-14,2023-08-16,399995.SZ,中证基建工程指数,4294.099,-0.00860100758354254
2023-09-14,2023-08-17,399995.SZ,中证基建工程指数,4318.9658,0.00579092377702506
2023-09-14,2023-08-18,399995.SZ,中证基建工程指数,4228.4003,-0.0209692561121924
2023-09-14,2023-08-21,399995.SZ,中证基建工程指数,4220.6964,-0.00182194197649654
2023-09-14,2023-08-22,399995.SZ,中证基建工程指数,4281.8328,0.0144849082250977
2023-09-14,2023-08-23,399995.SZ,中证基建工程指数,4174.8731,-0.024979887117498
2023-09-14,2023-08-24,399995.SZ,中证基建工程指数,3975.223,-0.0478218367882847
2023-09-14,2023-08-25,399995.SZ,中证基建工程指数,3964.0495,-0.00281078570938031
2023-09-14,2023-08-28,399995.SZ,中证基建工程指数,4016.9368,0.013341735515664
2023-09-14,2023-08-29,399995.SZ,中证基建工程指数,4065.2578,0.0120293154724267
2023-09-14,2023-08-30,399995.SZ,中证基建工程指数,3995.4029,-0.0171833874840607
2023-09-14,2023-08-31,399995.SZ,中证基建工程指数,3984.8758,-0.00263480311334818
2023-09-14,2023-09-01,399995.SZ,中证基建工程指数,4028.0765,0.0108411659906691
2023-09-14,2023-09-04,399995.SZ,中证基建工程指数,4080.3359,0.0129737853787038
2023-09-14,2023-09-05,399995.SZ,中证基建工程指数,4024.7496,-0.0136229715793741
2023-09-14,2023-09-06,399995.SZ,中证基建工程指数,4010.201,-0.00361478388618264
2023-09-14,2023-09-07,399995.SZ,中证基建工程指数,3962.5747,-0.0118762874978087
2023-09-14,2023-09-08,399995.SZ,中证基建工程指数,3954.2538,-0.00209987208569218
2023-09-14,2023-09-11,399995.SZ,中证基建工程指数,3982.5269,0.00715004686851417
2023-09-14,2023-09-12,399995.SZ,中证基建工程指数,3983.1203,0.00014900087680525
2023-09-14,2023-09-13,399995.SZ,中证基建工程指数,3970.6083,-0.00314125586415259
2023-09-14,2023-09-14,399995.SZ,中证基建工程指数,3970.3474,-6.57078161045987e-05
2023-09-14,2023-09-15,399995.SZ,中证基建工程指数,3931.7723,-0.00971579968040082
2023-09-14,2023-06-20,399998.SZ,中证煤炭指数,1980.7212,-0.0103244039637964
2023-09-14,2023-06-21,399998.SZ,中证煤炭指数,1947.2049,-0.0169212608013687
2023-09-14,2023-06-26,399998.SZ,中证煤炭指数,1930.1672,-0.00874982391426804
2023-09-14,2023-06-27,399998.SZ,中证煤炭指数,1964.3549,0.0177122997427372
2023-09-14,2023-06-28,399998.SZ,中证煤炭指数,2013.537,0.0250372781415416
2023-09-14,2023-06-29,399998.SZ,中证煤炭指数,1985.0483,-0.0141485853003943
2023-09-14,2023-06-30,399998.SZ,中证煤炭指数,2007.5872,0.011354333292545
2023-09-14,2023-07-03,399998.SZ,中证煤炭指数,2048.2374,0.020248286101844
2023-09-14,2023-07-04,399998.SZ,中证煤炭指数,2047.6772,-0.000273503452285273
2023-09-14,2023-07-05,399998.SZ,中证煤炭指数,2045.7493,-0.000941505819374355
2023-09-14,2023-07-06,399998.SZ,中证煤炭指数,2044.5293,-0.000596358507858219
2023-09-14,2023-07-07,399998.SZ,中证煤炭指数,2060.397,0.0077610528741261
2023-09-14,2023-07-10,399998.SZ,中证煤炭指数,2065.5063,0.00247976482202228
2023-09-14,2023-07-11,399998.SZ,中证煤炭指数,2046.1184,-0.00938651215927055
2023-09-14,2023-07-12,399998.SZ,中证煤炭指数,2021.9142,-0.0118293252237994
2023-09-14,2023-07-13,399998.SZ,中证煤炭指数,2029.7811,0.00389081791897983
2023-09-14,2023-07-14,399998.SZ,中证煤炭指数,2038.9612,0.00452270444335112
2023-09-14,2023-07-17,399998.SZ,中证煤炭指数,1981.4174,-0.0282221162423296
2023-09-14,2023-07-18,399998.SZ,中证煤炭指数,1978.7095,-0.00136664793596752
2023-09-14,2023-07-19,399998.SZ,中证煤炭指数,1980.7358,0.00102405128190863
2023-09-14,2023-07-20,399998.SZ,中证煤炭指数,1985.7839,0.00254859835420751
2023-09-14,2023-07-21,399998.SZ,中证煤炭指数,1968.0621,-0.00892433461667197
2023-09-14,2023-07-24,399998.SZ,中证煤炭指数,1948.318,-0.0100322545716419
2023-09-14,2023-07-25,399998.SZ,中证煤炭指数,1984.7135,0.0186804720789933
2023-09-14,2023-07-26,399998.SZ,中证煤炭指数,1994.1438,0.00475146664745307
2023-09-14,2023-07-27,399998.SZ,中证煤炭指数,1980.007,-0.00708915776284536
2023-09-14,2023-07-28,399998.SZ,中证煤炭指数,2001.7673,0.0109900116514738
2023-09-14,2023-07-31,399998.SZ,中证煤炭指数,1994.9302,-0.00341553186526722
2023-09-14,2023-08-01,399998.SZ,中证煤炭指数,2010.7569,0.00793346052909527
2023-09-14,2023-08-02,399998.SZ,中证煤炭指数,1977.9516,-0.0163149011200707
2023-09-14,2023-08-03,399998.SZ,中证煤炭指数,1977.1235,-0.000418665451672462
2023-09-14,2023-08-04,399998.SZ,中证煤炭指数,1968.0798,-0.00457417050578779
2023-09-14,2023-08-07,399998.SZ,中证煤炭指数,1955.4487,-0.00641798162859053
2023-09-14,2023-08-08,399998.SZ,中证煤炭指数,1969.0422,0.00695160144063101
2023-09-14,2023-08-09,399998.SZ,中证煤炭指数,1953.6988,-0.00779231648768131
2023-09-14,2023-08-10,399998.SZ,中证煤炭指数,1997.0079,0.0221677466352541
2023-09-14,2023-08-11,399998.SZ,中证煤炭指数,1952.7343,-0.0221699673796983
2023-09-14,2023-08-14,399998.SZ,中证煤炭指数,1944.3775,-0.00427953767186862
2023-09-14,2023-08-15,399998.SZ,中证煤炭指数,1942.0008,-0.00122234494073292
2023-09-14,2023-08-16,399998.SZ,中证煤炭指数,1933.6716,-0.00428897866571432
2023-09-14,2023-08-17,399998.SZ,中证煤炭指数,1929.3977,-0.00221025121328766
2023-09-14,2023-08-18,399998.SZ,中证煤炭指数,1915.5211,-0.00719219267235571
2023-09-14,2023-08-21,399998.SZ,中证煤炭指数,1889.2398,-0.0137201829831057
2023-09-14,2023-08-22,399998.SZ,中证煤炭指数,1908.136,0.0100020124496636
2023-09-14,2023-08-23,399998.SZ,中证煤炭指数,1938.603,0.0159668912488418
2023-09-14,2023-08-24,399998.SZ,中证煤炭指数,1918.0574,-0.0105981472225103
2023-09-14,2023-08-25,399998.SZ,中证煤炭指数,1901.7389,-0.0085078267209312
2023-09-14,2023-08-28,399998.SZ,中证煤炭指数,1964.0158,0.0327473450745526
2023-09-14,2023-08-29,399998.SZ,中证煤炭指数,1969.145,0.00261158795158378
2023-09-14,2023-08-30,399998.SZ,中证煤炭指数,1953.4038,-0.00799392629796181
2023-09-14,2023-08-31,399998.SZ,中证煤炭指数,1947.396,-0.00307555457811648
2023-09-14,2023-09-01,399998.SZ,中证煤炭指数,2031.3772,0.043124870339674
2023-09-14,2023-09-04,399998.SZ,中证煤炭指数,2095.5887,0.031609835928059
2023-09-14,2023-09-05,399998.SZ,中证煤炭指数,2105.6344,0.0047937364808277
2023-09-14,2023-09-06,399998.SZ,中证煤炭指数,2112.0986,0.00306995364437435
2023-09-14,2023-09-07,399998.SZ,中证煤炭指数,2111.9286,-8.04886665800586e-05
2023-09-14,2023-09-08,399998.SZ,中证煤炭指数,2076.07,-0.0169790777964748
2023-09-14,2023-09-11,399998.SZ,中证煤炭指数,2092.2251,0.00778157769246701
2023-09-14,2023-09-12,399998.SZ,中证煤炭指数,2082.6946,-0.00455519819545247
2023-09-14,2023-09-13,399998.SZ,中证煤炭指数,2104.3649,0.0104049340695465
2023-09-14,2023-09-14,399998.SZ,中证煤炭指数,2179.5502,0.0357282617667687
2023-09-14,2023-09-15,399998.SZ,中证煤炭指数,2166.3657,-0.00604918390959763
2023-09-14,2023-06-20,930598.CSI,中证稀土产业指数,1707.366,-0.00104332611804758
2023-09-14,2023-06-21,930598.CSI,中证稀土产业指数,1684.5129,-0.0133850035668978
2023-09-14,2023-06-26,930598.CSI,中证稀土产业指数,1675.3877,-0.00541711494165464
2023-09-14,2023-06-27,930598.CSI,中证稀土产业指数,1691.6254,0.00969190593914471
2023-09-14,2023-06-28,930598.CSI,中证稀土产业指数,1685.4176,-0.00366972498757701
2023-09-14,2023-06-29,930598.CSI,中证稀土产业指数,1715.6525,0.017939114911343
2023-09-14,2023-06-30,930598.CSI,中证稀土产业指数,1734.5946,0.0110407556308751
2023-09-14,2023-07-03,930598.CSI,中证稀土产业指数,1740.942,0.00365929883558969
2023-09-14,2023-07-04,930598.CSI,中证稀土产业指数,1750.7428,0.00562959593139811
2023-09-14,2023-07-05,930598.CSI,中证稀土产业指数,1810.7644,0.0342835052641657
2023-09-14,2023-07-06,930598.CSI,中证稀土产业指数,1772.3806,-0.0211975671710798
2023-09-14,2023-07-07,930598.CSI,中证稀土产业指数,1759.0967,-0.00749494775557791
2023-09-14,2023-07-10,930598.CSI,中证稀土产业指数,1750.245,-0.00503195759505437
2023-09-14,2023-07-11,930598.CSI,中证稀土产业指数,1758.2219,0.00455759050875737
2023-09-14,2023-07-12,930598.CSI,中证稀土产业指数,1743.674,-0.00827421157704844
2023-09-14,2023-07-13,930598.CSI,中证稀土产业指数,1763.7136,0.0114927446300168
2023-09-14,2023-07-14,930598.CSI,中证稀土产业指数,1742.869,-0.0118185855118428
2023-09-14,2023-07-17,930598.CSI,中证稀土产业指数,1705.536,-0.0214204280413501
2023-09-14,2023-07-18,930598.CSI,中证稀土产业指数,1712.4743,0.00406810527599544
2023-09-14,2023-07-19,930598.CSI,中证稀土产业指数,1701.5221,-0.00639554123527586
2023-09-14,2023-07-20,930598.CSI,中证稀土产业指数,1690.3495,-0.00656623854606408
2023-09-14,2023-07-21,930598.CSI,中证稀土产业指数,1682.1732,-0.00483704701305854
2023-09-14,2023-07-24,930598.CSI,中证稀土产业指数,1669.9464,-0.00726845487729799
2023-09-14,2023-07-25,930598.CSI,中证稀土产业指数,1702.4011,0.0194345758642314
2023-09-14,2023-07-26,930598.CSI,中证稀土产业指数,1689.3517,-0.00766529109972969
2023-09-14,2023-07-27,930598.CSI,中证稀土产业指数,1679.6224,-0.00575919152891602
2023-09-14,2023-07-28,930598.CSI,中证稀土产业指数,1694.2171,0.00868927444644707
2023-09-14,2023-07-31,930598.CSI,中证稀土产业指数,1710.9013,0.00984773439012021
2023-09-14,2023-08-01,930598.CSI,中证稀土产业指数,1717.5145,0.00386533109770859
2023-09-14,2023-08-02,930598.CSI,中证稀土产业指数,1710.8118,-0.00390255802789441
2023-09-14,2023-08-03,930598.CSI,中证稀土产业指数,1708.5033,-0.00134935940937508
2023-09-14,2023-08-04,930598.CSI,中证稀土产业指数,1713.5599,0.0029596665104481
2023-09-14,2023-08-07,930598.CSI,中证稀土产业指数,1721.8721,0.00485083713735368
2023-09-14,2023-08-08,930598.CSI,中证稀土产业指数,1715.7148,-0.00357593342734341
2023-09-14,2023-08-09,930598.CSI,中证稀土产业指数,1700.3054,-0.00898132953099195
2023-09-14,2023-08-10,930598.CSI,中证稀土产业指数,1698.8091,-0.000880018377874991
2023-09-14,2023-08-11,930598.CSI,中证稀土产业指数,1659.7508,-0.0229915768640514
2023-09-14,2023-08-14,930598.CSI,中证稀土产业指数,1654.9486,-0.00289332591374569
2023-09-14,2023-08-15,930598.CSI,中证稀土产业指数,1638.3627,-0.0100220031002776
2023-09-14,2023-08-16,930598.CSI,中证稀土产业指数,1617.2105,-0.0129105722438627
2023-09-14,2023-08-17,930598.CSI,中证稀土产业指数,1632.0118,0.00915236451902834
2023-09-14,2023-08-18,930598.CSI,中证稀土产业指数,1602.3757,-0.0181592437015468
2023-09-14,2023-08-21,930598.CSI,中证稀土产业指数,1586.3319,-0.0100125083025162
2023-09-14,2023-08-22,930598.CSI,中证稀土产业指数,1583.3923,-0.00185308005216311
2023-09-14,2023-08-23,930598.CSI,中证稀土产业指数,1541.7017,-0.0263299246813313
2023-09-14,2023-08-24,930598.CSI,中证稀土产业指数,1543.174,0.000954983704045897
2023-09-14,2023-08-25,930598.CSI,中证稀土产业指数,1518.5958,-0.0159270438719159
2023-09-14,2023-08-28,930598.CSI,中证稀土产业指数,1541.1029,0.0148209945003142
2023-09-14,2023-08-29,930598.CSI,中证稀土产业指数,1579.4402,0.0248765348504632
2023-09-14,2023-08-30,930598.CSI,中证稀土产业指数,1577.1431,-0.00145437605045129
2023-09-14,2023-08-31,930598.CSI,中证稀土产业指数,1564.5007,-0.00801601325840373
2023-09-14,2023-09-01,930598.CSI,中证稀土产业指数,1580.3996,0.01016228372413
2023-09-14,2023-09-04,930598.CSI,中证稀土产业指数,1623.2625,0.0271215583704274
2023-09-14,2023-09-05,930598.CSI,中证稀土产业指数,1618.6156,-0.00286269164722275
2023-09-14,2023-09-06,930598.CSI,中证稀土产业指数,1619.2755,0.000407694081287602
2023-09-14,2023-09-07,930598.CSI,中证稀土产业指数,1587.8777,-0.0193900296768523
2023-09-14,2023-09-08,930598.CSI,中证稀土产业指数,1583.5694,-0.00271324422529517
2023-09-14,2023-09-11,930598.CSI,中证稀土产业指数,1598.3479,0.00933239806225106
2023-09-14,2023-09-12,930598.CSI,中证稀土产业指数,1601.1528,0.00175487451761924
2023-09-14,2023-09-13,930598.CSI,中证稀土产业指数,1581.8275,-0.012069616341426
2023-09-14,2023-09-14,930598.CSI,中证稀土产业指数,1574.7436,-0.0044783012054096
2023-09-14,2023-09-15,930598.CSI,中证稀土产业指数,1575.6088,0.000549422775872888
2023-09-14,2023-06-20,930606.CSI,中证钢铁指数,920.838,-0.00885503262473908
2023-09-14,2023-06-21,930606.CSI,中证钢铁指数,912.8322,-0.00869403738768382
2023-09-14,2023-06-26,930606.CSI,中证钢铁指数,904.4823,-0.00914724524397792
2023-09-14,2023-06-27,930606.CSI,中证钢铁指数,922.9613,0.0204304716631825
2023-09-14,2023-06-28,930606.CSI,中证钢铁指数,925.9536,0.00324206442892017
2023-09-14,2023-06-29,930606.CSI,中证钢铁指数,922.4127,-0.00382405770656336
2023-09-14,2023-06-30,930606.CSI,中证钢铁指数,929.7323,0.00793527669339333
2023-09-14,2023-07-03,930606.CSI,中证钢铁指数,944.6615,0.0160575253758528
2023-09-14,2023-07-04,930606.CSI,中证钢铁指数,945.5044,0.000892277286625998
2023-09-14,2023-07-05,930606.CSI,中证钢铁指数,951.9567,0.00682418823222819
2023-09-14,2023-07-06,930606.CSI,中证钢铁指数,942.0036,-0.0104554125203383
2023-09-14,2023-07-07,930606.CSI,中证钢铁指数,941.9601,-4.61781674719886e-05
2023-09-14,2023-07-10,930606.CSI,中证钢铁指数,942.4588,0.000529427944984118
2023-09-14,2023-07-11,930606.CSI,中证钢铁指数,947.1297,0.00495607871665049
2023-09-14,2023-07-12,930606.CSI,中证钢铁指数,940.0368,-0.00748883706212566
2023-09-14,2023-07-13,930606.CSI,中证钢铁指数,946.6239,0.00700727886397656
2023-09-14,2023-07-14,930606.CSI,中证钢铁指数,944.9627,-0.00175486801041047
2023-09-14,2023-07-17,930606.CSI,中证钢铁指数,938.3694,-0.00697731243783484
2023-09-14,2023-07-18,930606.CSI,中证钢铁指数,939.0009,0.000672975909060902
2023-09-14,2023-07-19,930606.CSI,中证钢铁指数,941.3426,0.00249382082594374
2023-09-14,2023-07-20,930606.CSI,中证钢铁指数,938.3755,-0.00315198738482669
2023-09-14,2023-07-21,930606.CSI,中证钢铁指数,939.47,0.00116637742566805
2023-09-14,2023-07-24,930606.CSI,中证钢铁指数,936.077,-0.00361161080183514
2023-09-14,2023-07-25,930606.CSI,中证钢铁指数,961.6987,0.0273713594073992
2023-09-14,2023-07-26,930606.CSI,中证钢铁指数,980.6787,0.0197359110498954
2023-09-14,2023-07-27,930606.CSI,中证钢铁指数,997.114,0.0167591077485418
2023-09-14,2023-07-28,930606.CSI,中证钢铁指数,1012.4796,0.0154100734720404
2023-09-14,2023-07-31,930606.CSI,中证钢铁指数,1015.1052,0.0025932374341171
2023-09-14,2023-08-01,930606.CSI,中证钢铁指数,1036.4677,0.0210446168535043
2023-09-14,2023-08-02,930606.CSI,中证钢铁指数,1027.112,-0.00902652345075472
2023-09-14,2023-08-03,930606.CSI,中证钢铁指数,1027.0071,-0.000102131023685836
2023-09-14,2023-08-04,930606.CSI,中证钢铁指数,1019.1351,-0.00766499082625627
2023-09-14,2023-08-07,930606.CSI,中证钢铁指数,1005.1581,-0.013714570325367
2023-09-14,2023-08-08,930606.CSI,中证钢铁指数,995.8631,-0.00924730149416286
2023-09-14,2023-08-09,930606.CSI,中证钢铁指数,993.3074,-0.00256631659512241
2023-09-14,2023-08-10,930606.CSI,中证钢铁指数,994.3712,0.00107096755747516
2023-09-14,2023-08-11,930606.CSI,中证钢铁指数,975.8021,-0.0186742134124561
2023-09-14,2023-08-14,930606.CSI,中证钢铁指数,979.3241,0.00360933840990918
2023-09-14,2023-08-15,930606.CSI,中证钢铁指数,975.7924,-0.00360626272752806
2023-09-14,2023-08-16,930606.CSI,中证钢铁指数,975.4535,-0.000347307480566661
2023-09-14,2023-08-17,930606.CSI,中证钢铁指数,979.3774,0.00402264177636358
2023-09-14,2023-08-18,930606.CSI,中证钢铁指数,971.9755,-0.00755776067530245
2023-09-14,2023-08-21,930606.CSI,中证钢铁指数,959.9875,-0.0123336442122256
2023-09-14,2023-08-22,930606.CSI,中证钢铁指数,961.9168,0.00200971366814673
2023-09-14,2023-08-23,930606.CSI,中证钢铁指数,950.0726,-0.0123131231308155
2023-09-14,2023-08-24,930606.CSI,中证钢铁指数,940.9765,-0.00957411044166512
2023-09-14,2023-08-25,930606.CSI,中证钢铁指数,943.5189,0.00270187406380495
2023-09-14,2023-08-28,930606.CSI,中证钢铁指数,960.0791,0.0175515297043864
2023-09-14,2023-08-29,930606.CSI,中证钢铁指数,960.3638,0.000296538066498764
2023-09-14,2023-08-30,930606.CSI,中证钢铁指数,951.944,-0.00876730255763492
2023-09-14,2023-08-31,930606.CSI,中证钢铁指数,944.6046,-0.00770990730547172
2023-09-14,2023-09-01,930606.CSI,中证钢铁指数,967.2905,0.02401629210783
2023-09-14,2023-09-04,930606.CSI,中证钢铁指数,998.785,0.0325595051331529
2023-09-14,2023-09-05,930606.CSI,中证钢铁指数,991.1655,-0.00762876895427944
2023-09-14,2023-09-06,930606.CSI,中证钢铁指数,980.7975,-0.010460412514358
2023-09-14,2023-09-07,930606.CSI,中证钢铁指数,966.1085,-0.0149765879297205
2023-09-14,2023-09-08,930606.CSI,中证钢铁指数,958.9416,-0.00741831792184833
2023-09-14,2023-09-11,930606.CSI,中证钢铁指数,960.1419,0.00125169249097135
2023-09-14,2023-09-12,930606.CSI,中证钢铁指数,959.3196,-0.000856435908067277
2023-09-14,2023-09-13,930606.CSI,中证钢铁指数,964.234,0.00512279744935884
2023-09-14,2023-09-14,930606.CSI,中证钢铁指数,973.0282,0.00912040023479777
2023-09-14,2023-09-15,930606.CSI,中证钢铁指数,976.9744,0.0040555864670726
2023-09-14,2023-06-20,930633.CSI,中证旅游主题指数,3824.5621,-0.0162908034316014
2023-09-14,2023-06-21,930633.CSI,中证旅游主题指数,3777.9336,-0.0121918532843277
2023-09-14,2023-06-26,930633.CSI,中证旅游主题指数,3670.2573,-0.0285013744021334
2023-09-14,2023-06-27,930633.CSI,中证旅游主题指数,3738.8056,0.0186767014944702
2023-09-14,2023-06-28,930633.CSI,中证旅游主题指数,3713.2193,-0.00684344219448052
2023-09-14,2023-06-29,930633.CSI,中证旅游主题指数,3622.7773,-0.0243567623382761
2023-09-14,2023-06-30,930633.CSI,中证旅游主题指数,3633.4327,0.0029412241265836
2023-09-14,2023-07-03,930633.CSI,中证旅游主题指数,3810.6948,0.0487863997040596
2023-09-14,2023-07-04,930633.CSI,中证旅游主题指数,3832.4338,0.00570473395035465
2023-09-14,2023-07-05,930633.CSI,中证旅游主题指数,3782.6833,-0.012981437539769
2023-09-14,2023-07-06,930633.CSI,中证旅游主题指数,3760.8403,-0.00577447231704553
2023-09-14,2023-07-07,930633.CSI,中证旅游主题指数,3769.8948,0.00240757364783617
2023-09-14,2023-07-10,930633.CSI,中证旅游主题指数,3838.2613,0.0181348561768886
2023-09-14,2023-07-11,930633.CSI,中证旅游主题指数,3831.8019,-0.00168289740982464
2023-09-14,2023-07-12,930633.CSI,中证旅游主题指数,3791.5337,-0.0105089461957832
2023-09-14,2023-07-13,930633.CSI,中证旅游主题指数,3803.6685,0.00320049904870956
2023-09-14,2023-07-14,930633.CSI,中证旅游主题指数,3755.3995,-0.012690117448458
2023-09-14,2023-07-17,930633.CSI,中证旅游主题指数,3733.1349,-0.00592869014335229
2023-09-14,2023-07-18,930633.CSI,中证旅游主题指数,3732.8245,-8.31472765689956e-05
2023-09-14,2023-07-19,930633.CSI,中证旅游主题指数,3716.3403,-0.00441601259314506
2023-09-14,2023-07-20,930633.CSI,中证旅游主题指数,3708.1022,-0.00221672380217708
2023-09-14,2023-07-21,930633.CSI,中证旅游主题指数,3726.242,0.00489193636572383
2023-09-14,2023-07-24,930633.CSI,中证旅游主题指数,3721.8438,-0.00118033128283135
2023-09-14,2023-07-25,930633.CSI,中证旅游主题指数,3819.9189,0.0263512133421613
2023-09-14,2023-07-26,930633.CSI,中证旅游主题指数,3814.9608,-0.00129795949332856
2023-09-14,2023-07-27,930633.CSI,中证旅游主题指数,3849.2854,0.00899736636874504
2023-09-14,2023-07-28,930633.CSI,中证旅游主题指数,3913.7075,0.0167361193846525
2023-09-14,2023-07-31,930633.CSI,中证旅游主题指数,3987.9954,0.0189814645064814
2023-09-14,2023-08-01,930633.CSI,中证旅游主题指数,3931.2878,-0.0142195750777445
2023-09-14,2023-08-02,930633.CSI,中证旅游主题指数,3897.0025,-0.00872113712967038
2023-09-14,2023-08-03,930633.CSI,中证旅游主题指数,3904.1788,0.00184149227515262
2023-09-14,2023-08-04,930633.CSI,中证旅游主题指数,3891.9758,-0.00312562529154659
2023-09-14,2023-08-07,930633.CSI,中证旅游主题指数,3878.9041,-0.00335862828335165
2023-09-14,2023-08-08,930633.CSI,中证旅游主题指数,3872.0316,-0.00177176331840745
2023-09-14,2023-08-09,930633.CSI,中证旅游主题指数,3834.7067,-0.00963961657750922
2023-09-14,2023-08-10,930633.CSI,中证旅游主题指数,3911.2816,0.0199689066180733
2023-09-14,2023-08-11,930633.CSI,中证旅游主题指数,3861.572,-0.012709286899721
2023-09-14,2023-08-14,930633.CSI,中证旅游主题指数,3870.5054,0.00231341018631781
2023-09-14,2023-08-15,930633.CSI,中证旅游主题指数,3789.5311,-0.0209208595859341
2023-09-14,2023-08-16,930633.CSI,中证旅游主题指数,3762.2464,-0.00720002007636256
2023-09-14,2023-08-17,930633.CSI,中证旅游主题指数,3783.6728,0.00569510811413099
2023-09-14,2023-08-18,930633.CSI,中证旅游主题指数,3687.7055,-0.025363530377151
2023-09-14,2023-08-21,930633.CSI,中证旅游主题指数,3597.9139,-0.0243489074710549
2023-09-14,2023-08-22,930633.CSI,中证旅游主题指数,3575.0713,-0.00634884564636184
2023-09-14,2023-08-23,930633.CSI,中证旅游主题指数,3504.7735,-0.0196633281132044
2023-09-14,2023-08-24,930633.CSI,中证旅游主题指数,3527.3665,0.00644635095534718
2023-09-14,2023-08-25,930633.CSI,中证旅游主题指数,3459.9883,-0.0191015591943735
2023-09-14,2023-08-28,930633.CSI,中证旅游主题指数,3495.7258,0.0103287921522741
2023-09-14,2023-08-29,930633.CSI,中证旅游主题指数,3564.7219,0.0197372745882987
2023-09-14,2023-08-30,930633.CSI,中证旅游主题指数,3522.3101,-0.0118976462090913
2023-09-14,2023-08-31,930633.CSI,中证旅游主题指数,3491.7698,-0.00867053130841611
2023-09-14,2023-09-01,930633.CSI,中证旅游主题指数,3524.7725,0.00945156808447112
2023-09-14,2023-09-04,930633.CSI,中证旅游主题指数,3596.9189,0.0204683848390215
2023-09-14,2023-09-05,930633.CSI,中证旅游主题指数,3579.1018,-0.00495343389588243
2023-09-14,2023-09-06,930633.CSI,中证旅游主题指数,3541.4092,-0.010531301456695
2023-09-14,2023-09-07,930633.CSI,中证旅游主题指数,3525.8193,-0.00440217414016997
2023-09-14,2023-09-08,930633.CSI,中证旅游主题指数,3523.6943,-0.000602696797308955
2023-09-14,2023-09-11,930633.CSI,中证旅游主题指数,3568.678,0.0127660620275714
2023-09-14,2023-09-12,930633.CSI,中证旅游主题指数,3555.1779,-0.00378294147020264
2023-09-14,2023-09-13,930633.CSI,中证旅游主题指数,3528.0302,-0.00763610169831441
2023-09-14,2023-09-14,930633.CSI,中证旅游主题指数,3499.4866,-0.00809052031357327
2023-09-14,2023-09-15,930633.CSI,中证旅游主题指数,3514.401,0.00426188230010638
2023-09-14,2023-06-20,930641.CSI,中证中药指数,12281.918,-0.00598184887428876
2023-09-14,2023-06-21,930641.CSI,中证中药指数,12077.4906,-0.0166445827109415
2023-09-14,2023-06-26,930641.CSI,中证中药指数,11883.5175,-0.0160607121482669
2023-09-14,2023-06-27,930641.CSI,中证中药指数,12086.5259,0.0170831910669547
2023-09-14,2023-06-28,930641.CSI,中证中药指数,12081.3747,-0.000426193601256397
2023-09-14,2023-06-29,930641.CSI,中证中药指数,12269.3602,0.0155599428598137
2023-09-14,2023-06-30,930641.CSI,中证中药指数,12332.0758,0.0051115623779634
2023-09-14,2023-07-03,930641.CSI,中证中药指数,12101.9011,-0.0186647166083752
2023-09-14,2023-07-04,930641.CSI,中证中药指数,12056.484,-0.00375288970094123
2023-09-14,2023-07-05,930641.CSI,中证中药指数,11937.2931,-0.00988604140311555
2023-09-14,2023-07-06,930641.CSI,中证中药指数,11711.4458,-0.0189194734608636
2023-09-14,2023-07-07,930641.CSI,中证中药指数,11712.4338,8.43619154178299e-05
2023-09-14,2023-07-10,930641.CSI,中证中药指数,11703.7611,-0.000740469500028373
2023-09-14,2023-07-11,930641.CSI,中证中药指数,11762.435,0.00501325168026545
2023-09-14,2023-07-12,930641.CSI,中证中药指数,11633.8378,-0.0109328723176791
2023-09-14,2023-07-13,930641.CSI,中证中药指数,11684.4724,0.00435235567750492
2023-09-14,2023-07-14,930641.CSI,中证中药指数,11637.2158,-0.00404439313836713
2023-09-14,2023-07-17,930641.CSI,中证中药指数,11785.6794,0.0127576563459451
2023-09-14,2023-07-18,930641.CSI,中证中药指数,11650.7928,-0.011444957513438
2023-09-14,2023-07-19,930641.CSI,中证中药指数,11603.0341,-0.00409918027209255
2023-09-14,2023-07-20,930641.CSI,中证中药指数,11522.5005,-0.00694073630275727
2023-09-14,2023-07-21,930641.CSI,中证中药指数,11569.0374,0.00403878481064068
2023-09-14,2023-07-24,930641.CSI,中证中药指数,11651.4932,0.00712728268991514
2023-09-14,2023-07-25,930641.CSI,中证中药指数,11658.8316,0.000629824853693339
2023-09-14,2023-07-26,930641.CSI,中证中药指数,11642.0952,-0.00143551262889841
2023-09-14,2023-07-27,930641.CSI,中证中药指数,11583.0638,-0.00507051342442211
2023-09-14,2023-07-28,930641.CSI,中证中药指数,11702.4623,0.0103080240307405
2023-09-14,2023-07-31,930641.CSI,中证中药指数,11558.3105,-0.0123180742910831
2023-09-14,2023-08-01,930641.CSI,中证中药指数,11440.0894,-0.0102282336159769
2023-09-14,2023-08-02,930641.CSI,中证中药指数,11302.8712,-0.0119945041688224
2023-09-14,2023-08-03,930641.CSI,中证中药指数,11494.5619,0.0169594695549571
2023-09-14,2023-08-04,930641.CSI,中证中药指数,11601.8125,0.0093305513453279
2023-09-14,2023-08-07,930641.CSI,中证中药指数,11441.4112,-0.013825538035544
2023-09-14,2023-08-08,930641.CSI,中证中药指数,11678.1931,0.0206951656453007
2023-09-14,2023-08-09,930641.CSI,中证中药指数,11637.9826,-0.00344321246066748
2023-09-14,2023-08-10,930641.CSI,中证中药指数,11592.4487,-0.0039125251828438
2023-09-14,2023-08-11,930641.CSI,中证中药指数,11562.25,-0.0026050320153671
2023-09-14,2023-08-14,930641.CSI,中证中药指数,11663.9846,0.00879885835369421
2023-09-14,2023-08-15,930641.CSI,中证中药指数,11727.1495,0.00541537923498292
2023-09-14,2023-08-16,930641.CSI,中证中药指数,11586.1648,-0.0120220774877986
2023-09-14,2023-08-17,930641.CSI,中证中药指数,11618.2611,0.00277022643420355
2023-09-14,2023-08-18,930641.CSI,中证中药指数,11228.2815,-0.0335660901957179
2023-09-14,2023-08-21,930641.CSI,中证中药指数,11164.5254,-0.00567817078686517
2023-09-14,2023-08-22,930641.CSI,中证中药指数,11134.0699,-0.00272788129444357
2023-09-14,2023-08-23,930641.CSI,中证中药指数,11026.7714,-0.00963695225229377
2023-09-14,2023-08-24,930641.CSI,中证中药指数,11029.3115,0.000230357545999427
2023-09-14,2023-08-25,930641.CSI,中证中药指数,10964.2958,-0.0058948103877563
2023-09-14,2023-08-28,930641.CSI,中证中药指数,11028.8256,0.00588544865781526
2023-09-14,2023-08-29,930641.CSI,中证中药指数,11213.935,0.0167841442700842
2023-09-14,2023-08-30,930641.CSI,中证中药指数,11169.2365,-0.00398597816020863
2023-09-14,2023-08-31,930641.CSI,中证中药指数,11251.7359,0.00738630612754942
2023-09-14,2023-09-01,930641.CSI,中证中药指数,11145.4086,-0.00944985742155569
2023-09-14,2023-09-04,930641.CSI,中证中药指数,11213.5522,0.00611405130539588
2023-09-14,2023-09-05,930641.CSI,中证中药指数,11155.3967,-0.00518617998674864
2023-09-14,2023-09-06,930641.CSI,中证中药指数,11049.0744,-0.00953101918822841
2023-09-14,2023-09-07,930641.CSI,中证中药指数,10849.6394,-0.0180499282365226
2023-09-14,2023-09-08,930641.CSI,中证中药指数,10817.7421,-0.00293994102698014
2023-09-14,2023-09-11,930641.CSI,中证中药指数,11056.5317,0.0220738854552651
2023-09-14,2023-09-12,930641.CSI,中证中药指数,11142.975,0.00781830164698039
2023-09-14,2023-09-13,930641.CSI,中证中药指数,11031.1488,-0.010035578469843
2023-09-14,2023-09-14,930641.CSI,中证中药指数,11098.3726,0.00609399811559053
2023-09-14,2023-09-15,930641.CSI,中证中药指数,11175.2142,0.00692368176573921
2023-09-14,2023-06-20,930697.CSI,中证全指家用电器指数,10190.568,0.0156081501848249
2023-09-14,2023-06-21,930697.CSI,中证全指家用电器指数,10126.2537,-0.00631115949572192
2023-09-14,2023-06-26,930697.CSI,中证全指家用电器指数,10005.3835,-0.0119363195492524
2023-09-14,2023-06-27,930697.CSI,中证全指家用电器指数,10215.8114,0.0210314677093588
2023-09-14,2023-06-28,930697.CSI,中证全指家用电器指数,10244.4593,0.00280427064266275
2023-09-14,2023-06-29,930697.CSI,中证全指家用电器指数,10252.0299,0.000738994589982722
2023-09-14,2023-06-30,930697.CSI,中证全指家用电器指数,10252.3682,3.2998343089341e-05
2023-09-14,2023-07-03,930697.CSI,中证全指家用电器指数,10300.4627,0.00469106250007667
2023-09-14,2023-07-04,930697.CSI,中证全指家用电器指数,10271.0849,-0.00285208546990812
2023-09-14,2023-07-05,930697.CSI,中证全指家用电器指数,10201.7269,-0.00675274332509901
2023-09-14,2023-07-06,930697.CSI,中证全指家用电器指数,10142.3515,-0.00582013227584033
2023-09-14,2023-07-07,930697.CSI,中证全指家用电器指数,10049.1775,-0.00918662698684825
2023-09-14,2023-07-10,930697.CSI,中证全指家用电器指数,9948.063,-0.0100619677580578
2023-09-14,2023-07-11,930697.CSI,中证全指家用电器指数,10047.0306,0.00994842915651017
2023-09-14,2023-07-12,930697.CSI,中证全指家用电器指数,10022.1954,-0.00247189453170371
2023-09-14,2023-07-13,930697.CSI,中证全指家用电器指数,10066.4517,0.00441582889114289
2023-09-14,2023-07-14,930697.CSI,中证全指家用电器指数,9979.6698,-0.00862090263642745
2023-09-14,2023-07-17,930697.CSI,中证全指家用电器指数,9934.7192,-0.00450421716357796
2023-09-14,2023-07-18,930697.CSI,中证全指家用电器指数,9951.1015,0.00164899476977687
2023-09-14,2023-07-19,930697.CSI,中证全指家用电器指数,10021.4028,0.00706467520203669
2023-09-14,2023-07-20,930697.CSI,中证全指家用电器指数,9911.2982,-0.0109869448616515
2023-09-14,2023-07-21,930697.CSI,中证全指家用电器指数,9823.068,-0.0089019821843318
2023-09-14,2023-07-24,930697.CSI,中证全指家用电器指数,9774.278,-0.00496688000123779
2023-09-14,2023-07-25,930697.CSI,中证全指家用电器指数,10124.9321,0.035875192009067
2023-09-14,2023-07-26,930697.CSI,中证全指家用电器指数,10027.7835,-0.00959498780243673
2023-09-14,2023-07-27,930697.CSI,中证全指家用电器指数,9961.6732,-0.00659271313546017
2023-09-14,2023-07-28,930697.CSI,中证全指家用电器指数,10134.6391,0.0173631373492558
2023-09-14,2023-07-31,930697.CSI,中证全指家用电器指数,10204.4897,0.00689226318873049
2023-09-14,2023-08-01,930697.CSI,中证全指家用电器指数,10124.3458,-0.00785378812230075
2023-09-14,2023-08-02,930697.CSI,中证全指家用电器指数,10135.1865,0.00107075560378433
2023-09-14,2023-08-03,930697.CSI,中证全指家用电器指数,10127.9789,-0.0007111462625774
2023-09-14,2023-08-04,930697.CSI,中证全指家用电器指数,10148.5215,0.00202830201393889
2023-09-14,2023-08-07,930697.CSI,中证全指家用电器指数,10083.8325,-0.00637422899483442
2023-09-14,2023-08-08,930697.CSI,中证全指家用电器指数,10029.8853,-0.00534987069648374
2023-09-14,2023-08-09,930697.CSI,中证全指家用电器指数,9928.9472,-0.0100637342283465
2023-09-14,2023-08-10,930697.CSI,中证全指家用电器指数,9902.5331,-0.0026603122635197
2023-09-14,2023-08-11,930697.CSI,中证全指家用电器指数,9671.22,-0.0233589827637134
2023-09-14,2023-08-14,930697.CSI,中证全指家用电器指数,9651.6415,-0.00202440850275354
2023-09-14,2023-08-15,930697.CSI,中证全指家用电器指数,9596.6471,-0.00569793231545113
2023-09-14,2023-08-16,930697.CSI,中证全指家用电器指数,9539.7184,-0.00593214478002435
2023-09-14,2023-08-17,930697.CSI,中证全指家用电器指数,9655.5855,0.0121457568391117
2023-09-14,2023-08-18,930697.CSI,中证全指家用电器指数,9489.4572,-0.0172054092421426
2023-09-14,2023-08-21,930697.CSI,中证全指家用电器指数,9370.3221,-0.0125544693957839
2023-09-14,2023-08-22,930697.CSI,中证全指家用电器指数,9403.6347,0.0035551179185187
2023-09-14,2023-08-23,930697.CSI,中证全指家用电器指数,9264.3452,-0.0148123044379851
2023-09-14,2023-08-24,930697.CSI,中证全指家用电器指数,9405.9349,0.0152832927684949
2023-09-14,2023-08-25,930697.CSI,中证全指家用电器指数,9299.5167,-0.0113139417964715
2023-09-14,2023-08-28,930697.CSI,中证全指家用电器指数,9396.2047,0.0103970994535663
2023-09-14,2023-08-29,930697.CSI,中证全指家用电器指数,9577.651,0.0193105946276373
2023-09-14,2023-08-30,930697.CSI,中证全指家用电器指数,9670.8189,0.00972763572195312
2023-09-14,2023-08-31,930697.CSI,中证全指家用电器指数,9685.4024,0.00150799018684977
2023-09-14,2023-09-01,930697.CSI,中证全指家用电器指数,9844.3039,0.0164062878791695
2023-09-14,2023-09-04,930697.CSI,中证全指家用电器指数,9920.1972,0.0077093617558881
2023-09-14,2023-09-05,930697.CSI,中证全指家用电器指数,9893.1105,-0.00273045983400411
2023-09-14,2023-09-06,930697.CSI,中证全指家用电器指数,9834.3828,-0.00593622197993249
2023-09-14,2023-09-07,930697.CSI,中证全指家用电器指数,9710.2493,-0.0126223986318694
2023-09-14,2023-09-08,930697.CSI,中证全指家用电器指数,9685.6166,-0.00253677318047851
2023-09-14,2023-09-11,930697.CSI,中证全指家用电器指数,9722.3953,0.00379724921178481
2023-09-14,2023-09-12,930697.CSI,中证全指家用电器指数,9812.509,0.00926867271072584
2023-09-14,2023-09-13,930697.CSI,中证全指家用电器指数,9717.2818,-0.00970467390144558
2023-09-14,2023-09-14,930697.CSI,中证全指家用电器指数,9633.0983,-0.00866327659654786
2023-09-14,2023-09-15,930697.CSI,中证全指家用电器指数,9582.0723,-0.00529694584347795
2023-09-14,2023-06-20,930707.CSI,中证畜牧养殖指数,2463.0431,-0.0036679990233448
2023-09-14,2023-06-21,930707.CSI,中证畜牧养殖指数,2430.9753,-0.0130195854063617
2023-09-14,2023-06-26,930707.CSI,中证畜牧养殖指数,2417.8716,-0.00539030569335697
2023-09-14,2023-06-27,930707.CSI,中证畜牧养殖指数,2439.7878,0.00906425303973957
2023-09-14,2023-06-28,930707.CSI,中证畜牧养殖指数,2434.0169,-0.00236532865686101
2023-09-14,2023-06-29,930707.CSI,中证畜牧养殖指数,2449.2996,0.00627879781771434
2023-09-14,2023-06-30,930707.CSI,中证畜牧养殖指数,2465.7763,0.00672710680228761
2023-09-14,2023-07-03,930707.CSI,中证畜牧养殖指数,2479.5416,0.00558254209840525
2023-09-14,2023-07-04,930707.CSI,中证畜牧养殖指数,2479.7766,9.47755827125363e-05
2023-09-14,2023-07-05,930707.CSI,中证畜牧养殖指数,2442.329,-0.0151011990354293
2023-09-14,2023-07-06,930707.CSI,中证畜牧养殖指数,2457.1497,0.00606826516820624
2023-09-14,2023-07-07,930707.CSI,中证畜牧养殖指数,2483.3191,0.0106503075494342
2023-09-14,2023-07-10,930707.CSI,中证畜牧养殖指数,2489.2127,0.00237327534749765
2023-09-14,2023-07-11,930707.CSI,中证畜牧养殖指数,2491.4397,0.000894660388001345
2023-09-14,2023-07-12,930707.CSI,中证畜牧养殖指数,2494.4972,0.00122720208721083
2023-09-14,2023-07-13,930707.CSI,中证畜牧养殖指数,2509.5168,0.00602109314855115
2023-09-14,2023-07-14,930707.CSI,中证畜牧养殖指数,2493.4325,-0.00640932150763052
2023-09-14,2023-07-17,930707.CSI,中证畜牧养殖指数,2515.725,0.00894048665845171
2023-09-14,2023-07-18,930707.CSI,中证畜牧养殖指数,2529.9081,0.00563777837402735
2023-09-14,2023-07-19,930707.CSI,中证畜牧养殖指数,2541.5867,0.00461621511073851
2023-09-14,2023-07-20,930707.CSI,中证畜牧养殖指数,2528.8213,-0.00502261048186936
2023-09-14,2023-07-21,930707.CSI,中证畜牧养殖指数,2556.0809,0.0107795675400235
2023-09-14,2023-07-24,930707.CSI,中证畜牧养殖指数,2515.654,-0.01581597045696
2023-09-14,2023-07-25,930707.CSI,中证畜牧养殖指数,2511.7984,-0.00153264320133051
2023-09-14,2023-07-26,930707.CSI,中证畜牧养殖指数,2532.1469,0.00810116767332913
2023-09-14,2023-07-27,930707.CSI,中证畜牧养殖指数,2542.0592,0.00391458331268213
2023-09-14,2023-07-28,930707.CSI,中证畜牧养殖指数,2560.2799,0.00716769302618903
2023-09-14,2023-07-31,930707.CSI,中证畜牧养殖指数,2615.3704,0.0215173739402477
2023-09-14,2023-08-01,930707.CSI,中证畜牧养殖指数,2587.1974,-0.010772087961231
2023-09-14,2023-08-02,930707.CSI,中证畜牧养殖指数,2551.5207,-0.013789709281557
2023-09-14,2023-08-03,930707.CSI,中证畜牧养殖指数,2568.8308,0.00678422871505613
2023-09-14,2023-08-04,930707.CSI,中证畜牧养殖指数,2552.692,-0.00628254690811092
2023-09-14,2023-08-07,930707.CSI,中证畜牧养殖指数,2555.9202,0.00126462573628161
2023-09-14,2023-08-08,930707.CSI,中证畜牧养殖指数,2541.6035,-0.00560138771155683
2023-09-14,2023-08-09,930707.CSI,中证畜牧养殖指数,2513.7352,-0.0109648495526545
2023-09-14,2023-08-10,930707.CSI,中证畜牧养殖指数,2524.7137,0.00436740512684053
2023-09-14,2023-08-11,930707.CSI,中证畜牧养殖指数,2463.8841,-0.0240936625804342
2023-09-14,2023-08-14,930707.CSI,中证畜牧养殖指数,2455.1994,-0.00352480053749293
2023-09-14,2023-08-15,930707.CSI,中证畜牧养殖指数,2448.2243,-0.00284095051505806
2023-09-14,2023-08-16,930707.CSI,中证畜牧养殖指数,2438.891,-0.00381227324636868
2023-09-14,2023-08-17,930707.CSI,中证畜牧养殖指数,2450.6063,0.00480353570536773
2023-09-14,2023-08-18,930707.CSI,中证畜牧养殖指数,2400.4679,-0.0204595899390285
2023-09-14,2023-08-21,930707.CSI,中证畜牧养殖指数,2368.1492,-0.0134635001784444
2023-09-14,2023-08-22,930707.CSI,中证畜牧养殖指数,2357.8657,-0.00434242065491486
2023-09-14,2023-08-23,930707.CSI,中证畜牧养殖指数,2344.9837,-0.00546341549478391
2023-09-14,2023-08-24,930707.CSI,中证畜牧养殖指数,2381.0324,0.0153726868122792
2023-09-14,2023-08-25,930707.CSI,中证畜牧养殖指数,2385.4071,0.00183731225160977
2023-09-14,2023-08-28,930707.CSI,中证畜牧养殖指数,2380.9683,-0.00186081444965935
2023-09-14,2023-08-29,930707.CSI,中证畜牧养殖指数,2417.0406,0.0151502647053301
2023-09-14,2023-08-30,930707.CSI,中证畜牧养殖指数,2397.1634,-0.00822377580252476
2023-09-14,2023-08-31,930707.CSI,中证畜牧养殖指数,2388.0354,-0.00380783387565475
2023-09-14,2023-09-01,930707.CSI,中证畜牧养殖指数,2403.6383,0.0065337808643875
2023-09-14,2023-09-04,930707.CSI,中证畜牧养殖指数,2419.3621,0.00654166643958032
2023-09-14,2023-09-05,930707.CSI,中证畜牧养殖指数,2406.7671,-0.00520591770863887
2023-09-14,2023-09-06,930707.CSI,中证畜牧养殖指数,2396.869,-0.00411261230885196
2023-09-14,2023-09-07,930707.CSI,中证畜牧养殖指数,2373.8153,-0.00961825615000234
2023-09-14,2023-09-08,930707.CSI,中证畜牧养殖指数,2362.9431,-0.00458005304793518
2023-09-14,2023-09-11,930707.CSI,中证畜牧养殖指数,2389.8183,0.0113736128474697
2023-09-14,2023-09-12,930707.CSI,中证畜牧养殖指数,2427.4981,0.0157668053675879
2023-09-14,2023-09-13,930707.CSI,中证畜牧养殖指数,2402.2396,-0.0104051574746855
2023-09-14,2023-09-14,930707.CSI,中证畜牧养殖指数,2382.5312,-0.00820417746839242
2023-09-14,2023-09-15,930707.CSI,中证畜牧养殖指数,2382.0084,-0.000219430494761141
2023-09-14,2023-06-20,930713.CSI,中证人工智能主题指数,3636.0529,0.0244433241597779
2023-09-14,2023-06-21,930713.CSI,中证人工智能主题指数,3453.8729,-0.0501037814933881
2023-09-14,2023-06-26,930713.CSI,中证人工智能主题指数,3266.0862,-0.05436989299751
2023-09-14,2023-06-27,930713.CSI,中证人工智能主题指数,3267.1669,0.000330885326909058
2023-09-14,2023-06-28,930713.CSI,中证人工智能主题指数,3159.0872,-0.033080556735562
2023-09-14,2023-06-29,930713.CSI,中证人工智能主题指数,3169.9671,0.00344400116590649
2023-09-14,2023-06-30,930713.CSI,中证人工智能主题指数,3185.1538,0.00479080681941468
2023-09-14,2023-07-03,930713.CSI,中证人工智能主题指数,3192.0254,0.00215738404845633
2023-09-14,2023-07-04,930713.CSI,中证人工智能主题指数,3269.4713,0.024262306935277
2023-09-14,2023-07-05,930713.CSI,中证人工智能主题指数,3202.4067,-0.020512368467648
2023-09-14,2023-07-06,930713.CSI,中证人工智能主题指数,3229.2987,0.00839743434211515
2023-09-14,2023-07-07,930713.CSI,中证人工智能主题指数,3181.8511,-0.0146928495651393
2023-09-14,2023-07-10,930713.CSI,中证人工智能主题指数,3165.7231,-0.00506874756018583
2023-09-14,2023-07-11,930713.CSI,中证人工智能主题指数,3236.2311,0.0222723206587461
2023-09-14,2023-07-12,930713.CSI,中证人工智能主题指数,3133.5089,-0.0317413054957664
2023-09-14,2023-07-13,930713.CSI,中证人工智能主题指数,3193.5958,0.019175595767416
2023-09-14,2023-07-14,930713.CSI,中证人工智能主题指数,3230.1237,0.0114378594811528
2023-09-14,2023-07-17,930713.CSI,中证人工智能主题指数,3231.0707,0.000293177626603081
2023-09-14,2023-07-18,930713.CSI,中证人工智能主题指数,3182.6299,-0.0149921820033218
2023-09-14,2023-07-19,930713.CSI,中证人工智能主题指数,3177.1652,-0.00171703910655774
2023-09-14,2023-07-20,930713.CSI,中证人工智能主题指数,3047.676,-0.0407562061928665
2023-09-14,2023-07-21,930713.CSI,中证人工智能主题指数,3026.0249,-0.00710413442898783
2023-09-14,2023-07-24,930713.CSI,中证人工智能主题指数,3039.8531,0.00456975750596111
2023-09-14,2023-07-25,930713.CSI,中证人工智能主题指数,3095.4628,0.0182935484612727
2023-09-14,2023-07-26,930713.CSI,中证人工智能主题指数,3031.6257,-0.0206227966945685
2023-09-14,2023-07-27,930713.CSI,中证人工智能主题指数,3010.5692,-0.00694561337172994
2023-09-14,2023-07-28,930713.CSI,中证人工智能主题指数,3034.5897,0.00797872375762032
2023-09-14,2023-07-31,930713.CSI,中证人工智能主题指数,3054.6156,0.00659921174846145
2023-09-14,2023-08-01,930713.CSI,中证人工智能主题指数,3070.2283,0.00511118322056636
2023-09-14,2023-08-02,930713.CSI,中证人工智能主题指数,3069.7192,-0.000165818287845343
2023-09-14,2023-08-03,930713.CSI,中证人工智能主题指数,3063.446,-0.00204357453932602
2023-09-14,2023-08-04,930713.CSI,中证人工智能主题指数,3142.4624,0.025793305969813
2023-09-14,2023-08-07,930713.CSI,中证人工智能主题指数,3148.1793,0.00181924213317552
2023-09-14,2023-08-08,930713.CSI,中证人工智能主题指数,3115.7254,-0.0103087838739045
2023-09-14,2023-08-09,930713.CSI,中证人工智能主题指数,3054.0339,-0.019800043996175
2023-09-14,2023-08-10,930713.CSI,中证人工智能主题指数,3045.998,-0.002631241257669
2023-09-14,2023-08-11,930713.CSI,中证人工智能主题指数,2975.8589,-0.0230266402013396
2023-09-14,2023-08-14,930713.CSI,中证人工智能主题指数,3005.7209,0.0100347499674798
2023-09-14,2023-08-15,930713.CSI,中证人工智能主题指数,2952.2768,-0.0177807926211644
2023-09-14,2023-08-16,930713.CSI,中证人工智能主题指数,2854.8422,-0.0330032062034292
2023-09-14,2023-08-17,930713.CSI,中证人工智能主题指数,2884.0651,0.0102362575416601
2023-09-14,2023-08-18,930713.CSI,中证人工智能主题指数,2804.6222,-0.027545460052202
2023-09-14,2023-08-21,930713.CSI,中证人工智能主题指数,2796.8816,-0.00275994392399792
2023-09-14,2023-08-22,930713.CSI,中证人工智能主题指数,2880.7665,0.0299922957053314
2023-09-14,2023-08-23,930713.CSI,中证人工智能主题指数,2782.7662,-0.034018827975124
2023-09-14,2023-08-24,930713.CSI,中证人工智能主题指数,2781.6469,-0.00040222567027004
2023-09-14,2023-08-25,930713.CSI,中证人工智能主题指数,2665.7025,-0.0416819259123077
2023-09-14,2023-08-28,930713.CSI,中证人工智能主题指数,2694.8428,0.0109315649439501
2023-09-14,2023-08-29,930713.CSI,中证人工智能主题指数,2791.4439,0.0358466549514505
2023-09-14,2023-08-30,930713.CSI,中证人工智能主题指数,2852.6317,0.0219197670424256
2023-09-14,2023-08-31,930713.CSI,中证人工智能主题指数,2852.3198,-0.000109337633736439
2023-09-14,2023-09-01,930713.CSI,中证人工智能主题指数,2825.0108,-0.00957431210904203
2023-09-14,2023-09-04,930713.CSI,中证人工智能主题指数,2850.1614,0.00890283322102703
2023-09-14,2023-09-05,930713.CSI,中证人工智能主题指数,2807.9348,-0.0148155118513639
2023-09-14,2023-09-06,930713.CSI,中证人工智能主题指数,2816.5222,0.00305826189411507
2023-09-14,2023-09-07,930713.CSI,中证人工智能主题指数,2747.3338,-0.0245651889411701
2023-09-14,2023-09-08,930713.CSI,中证人工智能主题指数,2735.2562,-0.00439611670048978
2023-09-14,2023-09-11,930713.CSI,中证人工智能主题指数,2786.9117,0.0188850682433332
2023-09-14,2023-09-12,930713.CSI,中证人工智能主题指数,2784.54,-0.00085101368658369
2023-09-14,2023-09-13,930713.CSI,中证人工智能主题指数,2716.2065,-0.0245403190473112
2023-09-14,2023-09-14,930713.CSI,中证人工智能主题指数,2687.229,-0.010668371495319
2023-09-14,2023-09-15,930713.CSI,中证人工智能主题指数,2657.9437,-0.0108979547332959
2023-09-14,2023-06-20,930716.CSI,中证现代物流指数,1103.7597,-0.015530883962994
2023-09-14,2023-06-21,930716.CSI,中证现代物流指数,1093.1023,-0.00965554368401023
2023-09-14,2023-06-26,930716.CSI,中证现代物流指数,1079.6549,-0.0123020507778641
2023-09-14,2023-06-27,930716.CSI,中证现代物流指数,1096.3594,0.0154720735301623
2023-09-14,2023-06-28,930716.CSI,中证现代物流指数,1078.8796,-0.015943494441695
2023-09-14,2023-06-29,930716.CSI,中证现代物流指数,1060.8065,-0.01675173022087
2023-09-14,2023-06-30,930716.CSI,中证现代物流指数,1072.8459,0.0113492894321445
2023-09-14,2023-07-03,930716.CSI,中证现代物流指数,1092.8402,0.0186366933032973
2023-09-14,2023-07-04,930716.CSI,中证现代物流指数,1097.3243,0.00410316165163027
2023-09-14,2023-07-05,930716.CSI,中证现代物流指数,1093.1235,-0.00382822106463887
2023-09-14,2023-07-06,930716.CSI,中证现代物流指数,1081.0522,-0.0110429425403441
2023-09-14,2023-07-07,930716.CSI,中证现代物流指数,1088.6628,0.00703999307341485
2023-09-14,2023-07-10,930716.CSI,中证现代物流指数,1093.0092,0.00399242079365614
2023-09-14,2023-07-11,930716.CSI,中证现代物流指数,1093.7337,0.000662848949487316
2023-09-14,2023-07-12,930716.CSI,中证现代物流指数,1083.8712,-0.0090172772403373
2023-09-14,2023-07-13,930716.CSI,中证现代物流指数,1093.0395,0.00845884640167571
2023-09-14,2023-07-14,930716.CSI,中证现代物流指数,1093.7127,0.00061589722969746
2023-09-14,2023-07-17,930716.CSI,中证现代物流指数,1090.2708,-0.00314698732125906
2023-09-14,2023-07-18,930716.CSI,中证现代物流指数,1094.901,0.0042468348230551
2023-09-14,2023-07-19,930716.CSI,中证现代物流指数,1101.9155,0.00640651529225011
2023-09-14,2023-07-20,930716.CSI,中证现代物流指数,1095.2323,-0.0060650748628186
2023-09-14,2023-07-21,930716.CSI,中证现代物流指数,1095.4362,0.000186170550302567
2023-09-14,2023-07-24,930716.CSI,中证现代物流指数,1089.937,-0.00502010066857406
2023-09-14,2023-07-25,930716.CSI,中证现代物流指数,1111.7357,0.0199999633006311
2023-09-14,2023-07-26,930716.CSI,中证现代物流指数,1110.3638,-0.00123401632240461
2023-09-14,2023-07-27,930716.CSI,中证现代物流指数,1110.3943,2.74684747465503e-05
2023-09-14,2023-07-28,930716.CSI,中证现代物流指数,1127.3965,0.0153118581390415
2023-09-14,2023-07-31,930716.CSI,中证现代物流指数,1141.4689,0.0124822101186228
2023-09-14,2023-08-01,930716.CSI,中证现代物流指数,1143.8229,0.00206225504698354
2023-09-14,2023-08-02,930716.CSI,中证现代物流指数,1131.1266,-0.0110998826828872
2023-09-14,2023-08-03,930716.CSI,中证现代物流指数,1134.9915,0.00341685890863141
2023-09-14,2023-08-04,930716.CSI,中证现代物流指数,1130.2741,-0.00415633068617693
2023-09-14,2023-08-07,930716.CSI,中证现代物流指数,1120.586,-0.00857146067489301
2023-09-14,2023-08-08,930716.CSI,中证现代物流指数,1116.2912,-0.00383263756641627
2023-09-14,2023-08-09,930716.CSI,中证现代物流指数,1111.7311,-0.00408504519250885
2023-09-14,2023-08-10,930716.CSI,中证现代物流指数,1128.2369,0.014846935558428
2023-09-14,2023-08-11,930716.CSI,中证现代物流指数,1103.2456,-0.0221507557499672
2023-09-14,2023-08-14,930716.CSI,中证现代物流指数,1100.4182,-0.00256280197265224
2023-09-14,2023-08-15,930716.CSI,中证现代物流指数,1098.6569,-0.00160057330931107
2023-09-14,2023-08-16,930716.CSI,中证现代物流指数,1090.3278,-0.00758116569422163
2023-09-14,2023-08-17,930716.CSI,中证现代物流指数,1100.1121,0.00897372331513524
2023-09-14,2023-08-18,930716.CSI,中证现代物流指数,1100.4164,0.000276608174748727
2023-09-14,2023-08-21,930716.CSI,中证现代物流指数,1072.7017,-0.0251856479056474
2023-09-14,2023-08-22,930716.CSI,中证现代物流指数,1071.7443,-0.000892512802021295
2023-09-14,2023-08-23,930716.CSI,中证现代物流指数,1059.2997,-0.0116115383118903
2023-09-14,2023-08-24,930716.CSI,中证现代物流指数,1055.7305,-0.0033693958376465
2023-09-14,2023-08-25,930716.CSI,中证现代物流指数,1044.5826,-0.0105594183364031
2023-09-14,2023-08-28,930716.CSI,中证现代物流指数,1058.9398,0.013744437251779
2023-09-14,2023-08-29,930716.CSI,中证现代物流指数,1071.0311,0.0114183072541043
2023-09-14,2023-08-30,930716.CSI,中证现代物流指数,1063.4726,-0.00705721803970016
2023-09-14,2023-08-31,930716.CSI,中证现代物流指数,1052.8049,-0.0100310059704406
2023-09-14,2023-09-01,930716.CSI,中证现代物流指数,1062.9166,0.00960453356552571
2023-09-14,2023-09-04,930716.CSI,中证现代物流指数,1086.1033,0.021814223241974
2023-09-14,2023-09-05,930716.CSI,中证现代物流指数,1078.4178,-0.00707621457369667
2023-09-14,2023-09-06,930716.CSI,中证现代物流指数,1064.6409,-0.0127751044168595
2023-09-14,2023-09-07,930716.CSI,中证现代物流指数,1051.119,-0.0127009022478849
2023-09-14,2023-09-08,930716.CSI,中证现代物流指数,1046.7872,-0.00412113186042673
2023-09-14,2023-09-11,930716.CSI,中证现代物流指数,1058.7482,0.0114263911518979
2023-09-14,2023-09-12,930716.CSI,中证现代物流指数,1054.4294,-0.00407915687601645
2023-09-14,2023-09-13,930716.CSI,中证现代物流指数,1049.8262,-0.00436558388830965
2023-09-14,2023-09-14,930716.CSI,中证现代物流指数,1048.3478,-0.00140823309610671
2023-09-14,2023-09-15,930716.CSI,中证现代物流指数,1047.4766,-0.000831021918489272
2023-09-14,2023-06-20,930721.CSI,中证智能汽车主题指数,4812.0541,0.0110818748592234
2023-09-14,2023-06-21,930721.CSI,中证智能汽车主题指数,4714.6219,-0.020247527973553
2023-09-14,2023-06-26,930721.CSI,中证智能汽车主题指数,4570.3915,-0.0305921456819264
2023-09-14,2023-06-27,930721.CSI,中证智能汽车主题指数,4585.2943,0.00326072722654058
2023-09-14,2023-06-28,930721.CSI,中证智能汽车主题指数,4491.4335,-0.0204699619825928
2023-09-14,2023-06-29,930721.CSI,中证智能汽车主题指数,4567.2355,0.016877017103782
2023-09-14,2023-06-30,930721.CSI,中证智能汽车主题指数,4622.6736,0.0121382179657694
2023-09-14,2023-07-03,930721.CSI,中证智能汽车主题指数,4636.1189,0.00290855491073394
2023-09-14,2023-07-04,930721.CSI,中证智能汽车主题指数,4857.2409,0.0476954980598101
2023-09-14,2023-07-05,930721.CSI,中证智能汽车主题指数,4778.1279,-0.0162876418173946
2023-09-14,2023-07-06,930721.CSI,中证智能汽车主题指数,4833.7228,0.0116352892102363
2023-09-14,2023-07-07,930721.CSI,中证智能汽车主题指数,4758.2716,-0.0156093353139737
2023-09-14,2023-07-10,930721.CSI,中证智能汽车主题指数,4743.8522,-0.00303038607548167
2023-09-14,2023-07-11,930721.CSI,中证智能汽车主题指数,4904.7296,0.0339128187846998
2023-09-14,2023-07-12,930721.CSI,中证智能汽车主题指数,4792.095,-0.0229644871758067
2023-09-14,2023-07-13,930721.CSI,中证智能汽车主题指数,4818.4394,0.00549747031308856
2023-09-14,2023-07-14,930721.CSI,中证智能汽车主题指数,4792.2187,-0.00544174115793583
2023-09-14,2023-07-17,930721.CSI,中证智能汽车主题指数,4758.2783,-0.00708239797152843
2023-09-14,2023-07-18,930721.CSI,中证智能汽车主题指数,4767.5848,0.00195585449468139
2023-09-14,2023-07-19,930721.CSI,中证智能汽车主题指数,4742.385,-0.00528565323054131
2023-09-14,2023-07-20,930721.CSI,中证智能汽车主题指数,4591.632,-0.031788435565649
2023-09-14,2023-07-21,930721.CSI,中证智能汽车主题指数,4566.4844,-0.00547683263815557
2023-09-14,2023-07-24,930721.CSI,中证智能汽车主题指数,4578.1124,0.00254637900438248
2023-09-14,2023-07-25,930721.CSI,中证智能汽车主题指数,4687.0486,0.0237950033730059
2023-09-14,2023-07-26,930721.CSI,中证智能汽车主题指数,4585.8637,-0.0215881909140008
2023-09-14,2023-07-27,930721.CSI,中证智能汽车主题指数,4594.6144,0.00190819016273869
2023-09-14,2023-07-28,930721.CSI,中证智能汽车主题指数,4634.8377,0.00875444520436797
2023-09-14,2023-07-31,930721.CSI,中证智能汽车主题指数,4684.3657,0.0106860268267863
2023-09-14,2023-08-01,930721.CSI,中证智能汽车主题指数,4671.2344,-0.00280321837383446
2023-09-14,2023-08-02,930721.CSI,中证智能汽车主题指数,4690.7783,0.00418388338636988
2023-09-14,2023-08-03,930721.CSI,中证智能汽车主题指数,4652.5435,-0.0081510567233587
2023-09-14,2023-08-04,930721.CSI,中证智能汽车主题指数,4715.2778,0.0134838717789527
2023-09-14,2023-08-07,930721.CSI,中证智能汽车主题指数,4740.8585,0.00542506742656834
2023-09-14,2023-08-08,930721.CSI,中证智能汽车主题指数,4707.6826,-0.00699786758031273
2023-09-14,2023-08-09,930721.CSI,中证智能汽车主题指数,4637.6996,-0.0148657005890754
2023-09-14,2023-08-10,930721.CSI,中证智能汽车主题指数,4616.7916,-0.0045082695739932
2023-09-14,2023-08-11,930721.CSI,中证智能汽车主题指数,4524.6147,-0.0199655752276103
2023-09-14,2023-08-14,930721.CSI,中证智能汽车主题指数,4491.7345,-0.00726696131717042
2023-09-14,2023-08-15,930721.CSI,中证智能汽车主题指数,4434.5224,-0.0127371953974572
2023-09-14,2023-08-16,930721.CSI,中证智能汽车主题指数,4336.024,-0.022211726791593
2023-09-14,2023-08-17,930721.CSI,中证智能汽车主题指数,4381.8192,0.0105615651573883
2023-09-14,2023-08-18,930721.CSI,中证智能汽车主题指数,4281.8102,-0.0228236254019791
2023-09-14,2023-08-21,930721.CSI,中证智能汽车主题指数,4238.2772,-0.0101669616275843
2023-09-14,2023-08-22,930721.CSI,中证智能汽车主题指数,4332.2909,0.0221820554823549
2023-09-14,2023-08-23,930721.CSI,中证智能汽车主题指数,4211.1387,-0.0279649272859308
2023-09-14,2023-08-24,930721.CSI,中证智能汽车主题指数,4248.2906,0.00882229312465999
2023-09-14,2023-08-25,930721.CSI,中证智能汽车主题指数,4143.0613,-0.0247697979982819
2023-09-14,2023-08-28,930721.CSI,中证智能汽车主题指数,4191.6862,0.0117364664626129
2023-09-14,2023-08-29,930721.CSI,中证智能汽车主题指数,4361.8089,0.0405857432743892
2023-09-14,2023-08-30,930721.CSI,中证智能汽车主题指数,4430.8705,0.0158332475317753
2023-09-14,2023-08-31,930721.CSI,中证智能汽车主题指数,4417.8137,-0.00294677987090808
2023-09-14,2023-09-01,930721.CSI,中证智能汽车主题指数,4402.2068,-0.00353272026839879
2023-09-14,2023-09-04,930721.CSI,中证智能汽车主题指数,4447.2643,0.0102352074872993
2023-09-14,2023-09-05,930721.CSI,中证智能汽车主题指数,4414.3675,-0.00739708678883766
2023-09-14,2023-09-06,930721.CSI,中证智能汽车主题指数,4444.4919,0.00682417129973878
2023-09-14,2023-09-07,930721.CSI,中证智能汽车主题指数,4342.5594,-0.0229345676161542
2023-09-14,2023-09-08,930721.CSI,中证智能汽车主题指数,4374.5897,0.00737590371245123
2023-09-14,2023-09-11,930721.CSI,中证智能汽车主题指数,4459.7512,0.0194673114143709
2023-09-14,2023-09-12,930721.CSI,中证智能汽车主题指数,4482.8816,0.00518647766718461
2023-09-14,2023-09-13,930721.CSI,中证智能汽车主题指数,4357.6063,-0.0279452618155249
2023-09-14,2023-09-14,930721.CSI,中证智能汽车主题指数,4291.053,-0.0152729033827587
2023-09-14,2023-09-15,930721.CSI,中证智能汽车主题指数,4274.8695,-0.00377145190236527
2023-09-14,2023-06-20,930901.CSI,中证动漫游戏指数,2536.873,0.0291020033120326
2023-09-14,2023-06-21,930901.CSI,中证动漫游戏指数,2304.1138,-0.0917504344915965
2023-09-14,2023-06-26,930901.CSI,中证动漫游戏指数,2172.0003,-0.0573380967554641
2023-09-14,2023-06-27,930901.CSI,中证动漫游戏指数,2193.2625,0.00978922516723402
2023-09-14,2023-06-28,930901.CSI,中证动漫游戏指数,2176.9555,-0.00743504254506688
2023-09-14,2023-06-29,930901.CSI,中证动漫游戏指数,2250.6452,0.0338498880661546
2023-09-14,2023-06-30,930901.CSI,中证动漫游戏指数,2213.8339,-0.016355887636132
2023-09-14,2023-07-03,930901.CSI,中证动漫游戏指数,2046.221,-0.0757115969721125
2023-09-14,2023-07-04,930901.CSI,中证动漫游戏指数,2050.6059,0.00214292591073995
2023-09-14,2023-07-05,930901.CSI,中证动漫游戏指数,2017.6581,-0.0160673486797244
2023-09-14,2023-07-06,930901.CSI,中证动漫游戏指数,2028.0159,0.00513357540606107
2023-09-14,2023-07-07,930901.CSI,中证动漫游戏指数,2003.6143,-0.0120322528043296
2023-09-14,2023-07-10,930901.CSI,中证动漫游戏指数,2023.6613,0.0100054187075826
2023-09-14,2023-07-11,930901.CSI,中证动漫游戏指数,2004.1509,-0.00964113905820108
2023-09-14,2023-07-12,930901.CSI,中证动漫游戏指数,1927.1384,-0.038426497725296
2023-09-14,2023-07-13,930901.CSI,中证动漫游戏指数,1970.0659,0.0222752553734595
2023-09-14,2023-07-14,930901.CSI,中证动漫游戏指数,1993.3734,0.0118308225120793
2023-09-14,2023-07-17,930901.CSI,中证动漫游戏指数,1936.8752,-0.0283430088913598
2023-09-14,2023-07-18,930901.CSI,中证动漫游戏指数,1909.5452,-0.0141103567230351
2023-09-14,2023-07-19,930901.CSI,中证动漫游戏指数,1923.4997,0.00730776103126551
2023-09-14,2023-07-20,930901.CSI,中证动漫游戏指数,1852.5131,-0.0369049186750589
2023-09-14,2023-07-21,930901.CSI,中证动漫游戏指数,1853.7484,0.00066682389452466
2023-09-14,2023-07-24,930901.CSI,中证动漫游戏指数,1847.5011,-0.00337009056892512
2023-09-14,2023-07-25,930901.CSI,中证动漫游戏指数,1851.4351,0.00212936273759179
2023-09-14,2023-07-26,930901.CSI,中证动漫游戏指数,1790.4272,-0.0329516816441472
2023-09-14,2023-07-27,930901.CSI,中证动漫游戏指数,1768.6689,-0.0121525745364013
2023-09-14,2023-07-28,930901.CSI,中证动漫游戏指数,1758.6839,-0.00564548853660507
2023-09-14,2023-07-31,930901.CSI,中证动漫游戏指数,1822.8927,0.0365095740058803
2023-09-14,2023-08-01,930901.CSI,中证动漫游戏指数,1824.5194,0.000892372875265668
2023-09-14,2023-08-02,930901.CSI,中证动漫游戏指数,1812.3936,-0.00664602415299054
2023-09-14,2023-08-03,930901.CSI,中证动漫游戏指数,1797.8619,-0.00801796033709234
2023-09-14,2023-08-04,930901.CSI,中证动漫游戏指数,1837.4736,0.0220326711412038
2023-09-14,2023-08-07,930901.CSI,中证动漫游戏指数,1880.6523,0.0234989498624634
2023-09-14,2023-08-08,930901.CSI,中证动漫游戏指数,1863.5294,-0.00910476646852798
2023-09-14,2023-08-09,930901.CSI,中证动漫游戏指数,1797.1077,-0.0356429579270389
2023-09-14,2023-08-10,930901.CSI,中证动漫游戏指数,1811.7436,0.00814414183412593
2023-09-14,2023-08-11,930901.CSI,中证动漫游戏指数,1794.9731,-0.00925655263802239
2023-09-14,2023-08-14,930901.CSI,中证动漫游戏指数,1865.7137,0.0394103956209706
2023-09-14,2023-08-15,930901.CSI,中证动漫游戏指数,1810.3715,-0.0296627505066828
2023-09-14,2023-08-16,930901.CSI,中证动漫游戏指数,1763.5692,-0.0258523181567982
2023-09-14,2023-08-17,930901.CSI,中证动漫游戏指数,1794.4262,0.0174969034387764
2023-09-14,2023-08-18,930901.CSI,中证动漫游戏指数,1715.3617,-0.0440611600521661
2023-09-14,2023-08-21,930901.CSI,中证动漫游戏指数,1702.7421,-0.00735681576661062
2023-09-14,2023-08-22,930901.CSI,中证动漫游戏指数,1752.832,0.0294171971198693
2023-09-14,2023-08-23,930901.CSI,中证动漫游戏指数,1705.6606,-0.0269115351613847
2023-09-14,2023-08-24,930901.CSI,中证动漫游戏指数,1737.1784,0.0184783537826929
2023-09-14,2023-08-25,930901.CSI,中证动漫游戏指数,1665.1822,-0.0414443329481877
2023-09-14,2023-08-28,930901.CSI,中证动漫游戏指数,1708.1865,0.0258255823296694
2023-09-14,2023-08-29,930901.CSI,中证动漫游戏指数,1778.061,0.0409056622330173
2023-09-14,2023-08-30,930901.CSI,中证动漫游戏指数,1822.1779,0.0248118034195677
2023-09-14,2023-08-31,930901.CSI,中证动漫游戏指数,1793.7077,-0.0156242702756959
2023-09-14,2023-09-01,930901.CSI,中证动漫游戏指数,1774.8167,-0.0105318163042952
2023-09-14,2023-09-04,930901.CSI,中证动漫游戏指数,1771.7602,-0.00172214967325934
2023-09-14,2023-09-05,930901.CSI,中证动漫游戏指数,1750.4236,-0.0120426003473832
2023-09-14,2023-09-06,930901.CSI,中证动漫游戏指数,1711.8016,-0.0220643734465189
2023-09-14,2023-09-07,930901.CSI,中证动漫游戏指数,1690.3803,-0.0125138917968064
2023-09-14,2023-09-08,930901.CSI,中证动漫游戏指数,1636.4302,-0.0319159540607519
2023-09-14,2023-09-11,930901.CSI,中证动漫游戏指数,1673.9527,0.0229294839462142
2023-09-14,2023-09-12,930901.CSI,中证动漫游戏指数,1644.8536,-0.0173834660919632
2023-09-14,2023-09-13,930901.CSI,中证动漫游戏指数,1611.4742,-0.020293234607627
2023-09-14,2023-09-14,930901.CSI,中证动漫游戏指数,1597.978,-0.00837506427344603
2023-09-14,2023-09-15,930901.CSI,中证动漫游戏指数,1578.4552,-0.0122171894731967
2023-09-14,2023-06-20,930986.CSI,中证金融科技主题指数,2418.149,0.0159929622663799
2023-09-14,2023-06-21,930986.CSI,中证金融科技主题指数,2321.4565,-0.0399861629701065
2023-09-14,2023-06-26,930986.CSI,中证金融科技主题指数,2197.1342,-0.0535535772477321
2023-09-14,2023-06-27,930986.CSI,中证金融科技主题指数,2204.1611,0.00319821156122368
2023-09-14,2023-06-28,930986.CSI,中证金融科技主题指数,2144.7288,-0.0269636824640449
2023-09-14,2023-06-29,930986.CSI,中证金融科技主题指数,2157.463,0.00593744066848934
2023-09-14,2023-06-30,930986.CSI,中证金融科技主题指数,2165.1606,0.00356789432773574
2023-09-14,2023-07-03,930986.CSI,中证金融科技主题指数,2171.214,0.00279582031928705
2023-09-14,2023-07-04,930986.CSI,中证金融科技主题指数,2173.0359,0.000839115812628188
2023-09-14,2023-07-05,930986.CSI,中证金融科技主题指数,2132.5918,-0.0186117955989589
2023-09-14,2023-07-06,930986.CSI,中证金融科技主题指数,2132.5184,-3.44182135559867e-05
2023-09-14,2023-07-07,930986.CSI,中证金融科技主题指数,2099.9913,-0.0152529047346085
2023-09-14,2023-07-10,930986.CSI,中证金融科技主题指数,2086.4746,-0.00643655047523295
2023-09-14,2023-07-11,930986.CSI,中证金融科技主题指数,2076.2774,-0.00488728690969931
2023-09-14,2023-07-12,930986.CSI,中证金融科技主题指数,2019.7451,-0.0272277201495329
2023-09-14,2023-07-13,930986.CSI,中证金融科技主题指数,2063.4652,0.0216463453729878
2023-09-14,2023-07-14,930986.CSI,中证金融科技主题指数,2114.4022,0.0246851752091579
2023-09-14,2023-07-17,930986.CSI,中证金融科技主题指数,2109.1695,-0.00247478932816092
2023-09-14,2023-07-18,930986.CSI,中证金融科技主题指数,2081.576,-0.013082637502581
2023-09-14,2023-07-19,930986.CSI,中证金融科技主题指数,2086.5923,0.00240985676237604
2023-09-14,2023-07-20,930986.CSI,中证金融科技主题指数,2047.6623,-0.0186572144448151
2023-09-14,2023-07-21,930986.CSI,中证金融科技主题指数,2035.2958,-0.00603932591814571
2023-09-14,2023-07-24,930986.CSI,中证金融科技主题指数,2047.1201,0.00580962236545668
2023-09-14,2023-07-25,930986.CSI,中证金融科技主题指数,2130.8161,0.0408847531710523
2023-09-14,2023-07-26,930986.CSI,中证金融科技主题指数,2076.6849,-0.0254039755002788
2023-09-14,2023-07-27,930986.CSI,中证金融科技主题指数,2045.5442,-0.0149953900083735
2023-09-14,2023-07-28,930986.CSI,中证金融科技主题指数,2168.5036,0.0601108497191114
2023-09-14,2023-07-31,930986.CSI,中证金融科技主题指数,2177.9878,0.00437361505878986
2023-09-14,2023-08-01,930986.CSI,中证金融科技主题指数,2166.3987,-0.00532101235828764
2023-09-14,2023-08-02,930986.CSI,中证金融科技主题指数,2189.0121,0.0104382448161549
2023-09-14,2023-08-03,930986.CSI,中证金融科技主题指数,2232.8689,0.0200349737673904
2023-09-14,2023-08-04,930986.CSI,中证金融科技主题指数,2318.3502,0.0382831701404414
2023-09-14,2023-08-07,930986.CSI,中证金融科技主题指数,2327.5308,0.00395997118985747
2023-09-14,2023-08-08,930986.CSI,中证金融科技主题指数,2279.7628,-0.0205230366876348
2023-09-14,2023-08-09,930986.CSI,中证金融科技主题指数,2284.9473,0.00227414009913662
2023-09-14,2023-08-10,930986.CSI,中证金融科技主题指数,2319.5579,0.0151472202444232
2023-09-14,2023-08-11,930986.CSI,中证金融科技主题指数,2222.6523,-0.0417776163293875
2023-09-14,2023-08-14,930986.CSI,中证金融科技主题指数,2235.2133,0.0056513562647651
2023-09-14,2023-08-15,930986.CSI,中证金融科技主题指数,2236.4187,0.000539277392453075
2023-09-14,2023-08-16,930986.CSI,中证金融科技主题指数,2200.4275,-0.016093229769542
2023-09-14,2023-08-17,930986.CSI,中证金融科技主题指数,2193.9786,-0.00293074868406251
2023-09-14,2023-08-18,930986.CSI,中证金融科技主题指数,2147.2971,-0.0212770990564813
2023-09-14,2023-08-21,930986.CSI,中证金融科技主题指数,2118.7855,-0.0132779017863899
2023-09-14,2023-08-22,930986.CSI,中证金融科技主题指数,2184.3552,0.0309468325132487
2023-09-14,2023-08-23,930986.CSI,中证金融科技主题指数,2121.9068,-0.0285889401137689
2023-09-14,2023-08-24,930986.CSI,中证金融科技主题指数,2138.3183,0.00773431707745109
2023-09-14,2023-08-25,930986.CSI,中证金融科技主题指数,2086.7171,-0.024131673942088
2023-09-14,2023-08-28,930986.CSI,中证金融科技主题指数,2119.7167,0.0158141225755999
2023-09-14,2023-08-29,930986.CSI,中证金融科技主题指数,2190.7495,0.0335105158156277
2023-09-14,2023-08-30,930986.CSI,中证金融科技主题指数,2205.9516,0.00693922331147401
2023-09-14,2023-08-31,930986.CSI,中证金融科技主题指数,2174.8294,-0.0141082877792966
2023-09-14,2023-09-01,930986.CSI,中证金融科技主题指数,2148.0718,-0.0123033098596147
2023-09-14,2023-09-04,930986.CSI,中证金融科技主题指数,2173.2967,0.0117430432260224
2023-09-14,2023-09-05,930986.CSI,中证金融科技主题指数,2139.0757,-0.015746124309672
2023-09-14,2023-09-06,930986.CSI,中证金融科技主题指数,2130.7978,-0.00386984901936849
2023-09-14,2023-09-07,930986.CSI,中证金融科技主题指数,2125.4211,-0.00252332717820514
2023-09-14,2023-09-08,930986.CSI,中证金融科技主题指数,2141.6181,0.00762060751161275
2023-09-14,2023-09-11,930986.CSI,中证金融科技主题指数,2151.1333,0.00444299569563777
2023-09-14,2023-09-12,930986.CSI,中证金融科技主题指数,2125.7972,-0.0117780241698643
2023-09-14,2023-09-13,930986.CSI,中证金融科技主题指数,2069.5246,-0.0264712927460812
2023-09-14,2023-09-14,930986.CSI,中证金融科技主题指数,2055.2728,-0.00688650910455468
2023-09-14,2023-09-15,930986.CSI,中证金融科技主题指数,2035.7956,-0.00947669817846086
2023-09-14,2023-06-20,931009.CSI,中证全指建筑材料指数,7222.1581,-0.0351923326427981
2023-09-14,2023-06-21,931009.CSI,中证全指建筑材料指数,7135.1107,-0.0120528239336106
2023-09-14,2023-06-26,931009.CSI,中证全指建筑材料指数,7050.3862,-0.0118743077104606
2023-09-14,2023-06-27,931009.CSI,中证全指建筑材料指数,7326.4296,0.0391529473945698
2023-09-14,2023-06-28,931009.CSI,中证全指建筑材料指数,7282.7348,-0.00596399643286005
2023-09-14,2023-06-29,931009.CSI,中证全指建筑材料指数,7170.8052,-0.0153691714821197
2023-09-14,2023-06-30,931009.CSI,中证全指建筑材料指数,7188.9751,0.00253387164944874
2023-09-14,2023-07-03,931009.CSI,中证全指建筑材料指数,7283.512,0.0131502611547507
2023-09-14,2023-07-04,931009.CSI,中证全指建筑材料指数,7254.7534,-0.00394845234002494
2023-09-14,2023-07-05,931009.CSI,中证全指建筑材料指数,7149.6427,-0.0144885283075231
2023-09-14,2023-07-06,931009.CSI,中证全指建筑材料指数,7093.5168,-0.00785016851261677
2023-09-14,2023-07-07,931009.CSI,中证全指建筑材料指数,7049.2195,-0.00624475859421381
2023-09-14,2023-07-10,931009.CSI,中证全指建筑材料指数,7089.3952,0.00569931181742889
2023-09-14,2023-07-11,931009.CSI,中证全指建筑材料指数,7127.9361,0.00543641578903653
2023-09-14,2023-07-12,931009.CSI,中证全指建筑材料指数,7028.8132,-0.0139062554166276
2023-09-14,2023-07-13,931009.CSI,中证全指建筑材料指数,7093.2473,0.0091671379173941
2023-09-14,2023-07-14,931009.CSI,中证全指建筑材料指数,7096.7537,0.000494329303871943
2023-09-14,2023-07-17,931009.CSI,中证全指建筑材料指数,7077.9243,-0.00265324129820099
2023-09-14,2023-07-18,931009.CSI,中证全指建筑材料指数,7122.5656,0.00630711746945356
2023-09-14,2023-07-19,931009.CSI,中证全指建筑材料指数,7257.249,0.0189093941093361
2023-09-14,2023-07-20,931009.CSI,中证全指建筑材料指数,7318.9492,0.00850187171475025
2023-09-14,2023-07-21,931009.CSI,中证全指建筑材料指数,7333.4274,0.00197818014640672
2023-09-14,2023-07-24,931009.CSI,中证全指建筑材料指数,7217.7978,-0.0157674704736287
2023-09-14,2023-07-25,931009.CSI,中证全指建筑材料指数,7600.3538,0.0530017618393244
2023-09-14,2023-07-26,931009.CSI,中证全指建筑材料指数,7692.0539,0.0120652409628614
2023-09-14,2023-07-27,931009.CSI,中证全指建筑材料指数,7650.7449,-0.00537034718386464
2023-09-14,2023-07-28,931009.CSI,中证全指建筑材料指数,7859.8388,0.0273298747681419
2023-09-14,2023-07-31,931009.CSI,中证全指建筑材料指数,8016.5199,0.0199343910208438
2023-09-14,2023-08-01,931009.CSI,中证全指建筑材料指数,7935.3774,-0.0101219108805556
2023-09-14,2023-08-02,931009.CSI,中证全指建筑材料指数,7960.725,0.00319425261361861
2023-09-14,2023-08-03,931009.CSI,中证全指建筑材料指数,7984.6236,0.00300206325428887
2023-09-14,2023-08-04,931009.CSI,中证全指建筑材料指数,7964.2921,-0.00254633167679941
2023-09-14,2023-08-07,931009.CSI,中证全指建筑材料指数,7823.8844,-0.0176296522323685
2023-09-14,2023-08-08,931009.CSI,中证全指建筑材料指数,7769.5445,-0.0069453863607698
2023-09-14,2023-08-09,931009.CSI,中证全指建筑材料指数,7750.8619,-0.00240459398874671
2023-09-14,2023-08-10,931009.CSI,中证全指建筑材料指数,7730.1464,-0.00267267050648912
2023-09-14,2023-08-11,931009.CSI,中证全指建筑材料指数,7550.825,-0.0231976719095514
2023-09-14,2023-08-14,931009.CSI,中证全指建筑材料指数,7582.3982,0.00418142388414511
2023-09-14,2023-08-15,931009.CSI,中证全指建筑材料指数,7568.3707,-0.00185000835223859
2023-09-14,2023-08-16,931009.CSI,中证全指建筑材料指数,7602.7559,0.00454327640161711
2023-09-14,2023-08-17,931009.CSI,中证全指建筑材料指数,7612.8517,0.00132791321105019
2023-09-14,2023-08-18,931009.CSI,中证全指建筑材料指数,7528.1224,-0.0111297715151866
2023-09-14,2023-08-21,931009.CSI,中证全指建筑材料指数,7502.5034,-0.00340310619816708
2023-09-14,2023-08-22,931009.CSI,中证全指建筑材料指数,7564.5442,0.00826934646907329
2023-09-14,2023-08-23,931009.CSI,中证全指建筑材料指数,7429.3314,-0.0178745468894214
2023-09-14,2023-08-24,931009.CSI,中证全指建筑材料指数,7342.6218,-0.0116712521398629
2023-09-14,2023-08-25,931009.CSI,中证全指建筑材料指数,7353.5373,0.00148659433882314
2023-09-14,2023-08-28,931009.CSI,中证全指建筑材料指数,7539.4967,0.0252884281963184
2023-09-14,2023-08-29,931009.CSI,中证全指建筑材料指数,7602.1782,0.00831375123488032
2023-09-14,2023-08-30,931009.CSI,中证全指建筑材料指数,7616.7651,0.00191877901520376
2023-09-14,2023-08-31,931009.CSI,中证全指建筑材料指数,7482.1233,-0.0176770319462786
2023-09-14,2023-09-01,931009.CSI,中证全指建筑材料指数,7624.3796,0.019012824875527
2023-09-14,2023-09-04,931009.CSI,中证全指建筑材料指数,7858.9876,0.0307707659256631
2023-09-14,2023-09-05,931009.CSI,中证全指建筑材料指数,7760.5468,-0.0125258881945558
2023-09-14,2023-09-06,931009.CSI,中证全指建筑材料指数,7697.3416,-0.00814442611183019
2023-09-14,2023-09-07,931009.CSI,中证全指建筑材料指数,7619.7706,-0.0100776351149596
2023-09-14,2023-09-08,931009.CSI,中证全指建筑材料指数,7563.7535,-0.0073515467775368
2023-09-14,2023-09-11,931009.CSI,中证全指建筑材料指数,7535.9886,-0.00367078329562165
2023-09-14,2023-09-12,931009.CSI,中证全指建筑材料指数,7474.1672,-0.00820348905517188
2023-09-14,2023-09-13,931009.CSI,中证全指建筑材料指数,7447.8285,-0.00352396451607351
2023-09-14,2023-09-14,931009.CSI,中证全指建筑材料指数,7416.7562,-0.00417199456190487
2023-09-14,2023-09-15,931009.CSI,中证全指建筑材料指数,7421.0713,0.000581804212466785
2023-09-14,2023-06-20,931052.CSI,中证国信价值指数,2682.9976,-0.00653708808095221
2023-09-14,2023-06-21,931052.CSI,中证国信价值指数,2661.3784,-0.00805785290303651
2023-09-14,2023-06-26,931052.CSI,中证国信价值指数,2628.8466,-0.012223665751552
2023-09-14,2023-06-27,931052.CSI,中证国信价值指数,2671.3333,0.016161726591426
2023-09-14,2023-06-28,931052.CSI,中证国信价值指数,2681.7718,0.00390759925015738
2023-09-14,2023-06-29,931052.CSI,中证国信价值指数,2685.0232,0.00121240740916151
2023-09-14,2023-06-30,931052.CSI,中证国信价值指数,2710.4482,0.00946919192355566
2023-09-14,2023-07-03,931052.CSI,中证国信价值指数,2728.0724,0.00650231943189339
2023-09-14,2023-07-04,931052.CSI,中证国信价值指数,2722.2811,-0.00212285421750535
2023-09-14,2023-07-05,931052.CSI,中证国信价值指数,2713.0376,-0.00339549798880068
2023-09-14,2023-07-06,931052.CSI,中证国信价值指数,2695.6592,-0.00640551387861343
2023-09-14,2023-07-07,931052.CSI,中证国信价值指数,2697.5827,0.000713554591767362
2023-09-14,2023-07-10,931052.CSI,中证国信价值指数,2706.779,0.00340908918195537
2023-09-14,2023-07-11,931052.CSI,中证国信价值指数,2710.7835,0.00147943367375025
2023-09-14,2023-07-12,931052.CSI,中证国信价值指数,2692.9819,-0.00656695748664538
2023-09-14,2023-07-13,931052.CSI,中证国信价值指数,2713.4851,0.00761356769609178
2023-09-14,2023-07-14,931052.CSI,中证国信价值指数,2711.7522,-0.000638625213014832
2023-09-14,2023-07-17,931052.CSI,中证国信价值指数,2696.2249,-0.00572592879246114
2023-09-14,2023-07-18,931052.CSI,中证国信价值指数,2694.295,-0.000715778568768588
2023-09-14,2023-07-19,931052.CSI,中证国信价值指数,2699.8616,0.00206606923146868
2023-09-14,2023-07-20,931052.CSI,中证国信价值指数,2685.6135,-0.00527734458684859
2023-09-14,2023-07-21,931052.CSI,中证国信价值指数,2682.4152,-0.00119090107344189
2023-09-14,2023-07-24,931052.CSI,中证国信价值指数,2679.6378,-0.00103541017811115
2023-09-14,2023-07-25,931052.CSI,中证国信价值指数,2733.3423,0.0200417011582683
2023-09-14,2023-07-26,931052.CSI,中证国信价值指数,2738.1636,0.00176388445750097
2023-09-14,2023-07-27,931052.CSI,中证国信价值指数,2721.6203,-0.00604175002545493
2023-09-14,2023-07-28,931052.CSI,中证国信价值指数,2761.0361,0.0144824757516688
2023-09-14,2023-07-31,931052.CSI,中证国信价值指数,2774.2582,0.00478881822660715
2023-09-14,2023-08-01,931052.CSI,中证国信价值指数,2763.7523,-0.00378692221221522
2023-09-14,2023-08-02,931052.CSI,中证国信价值指数,2746.3942,-0.00628062797089302
2023-09-14,2023-08-03,931052.CSI,中证国信价值指数,2761.1532,0.00537395542125751
2023-09-14,2023-08-04,931052.CSI,中证国信价值指数,2751.7012,-0.00342320737581681
2023-09-14,2023-08-07,931052.CSI,中证国信价值指数,2724.9034,-0.00973863005183839
2023-09-14,2023-08-08,931052.CSI,中证国信价值指数,2728.8209,0.00143766564348669
2023-09-14,2023-08-09,931052.CSI,中证国信价值指数,2715.7031,-0.00480713116789744
2023-09-14,2023-08-10,931052.CSI,中证国信价值指数,2729.1158,0.00493894196313271
2023-09-14,2023-08-11,931052.CSI,中证国信价值指数,2689.9553,-0.0143491529381055
2023-09-14,2023-08-14,931052.CSI,中证国信价值指数,2688.0223,-0.00071859930163154
2023-09-14,2023-08-15,931052.CSI,中证国信价值指数,2690.6232,0.000967588698947974
2023-09-14,2023-08-16,931052.CSI,中证国信价值指数,2685.1679,-0.00202752284303509
2023-09-14,2023-08-17,931052.CSI,中证国信价值指数,2687.5229,0.000877040128477669
2023-09-14,2023-08-18,931052.CSI,中证国信价值指数,2659.8721,-0.0102885820991515
2023-09-14,2023-08-21,931052.CSI,中证国信价值指数,2631.7661,-0.0105666734877967
2023-09-14,2023-08-22,931052.CSI,中证国信价值指数,2639.0101,0.00275252424598071
2023-09-14,2023-08-23,931052.CSI,中证国信价值指数,2618.4108,-0.00780569199034131
2023-09-14,2023-08-24,931052.CSI,中证国信价值指数,2612.6076,-0.00221630616555668
2023-09-14,2023-08-25,931052.CSI,中证国信价值指数,2602.8969,-0.00371686126917781
2023-09-14,2023-08-28,931052.CSI,中证国信价值指数,2647.3841,0.0170914184115398
2023-09-14,2023-08-29,931052.CSI,中证国信价值指数,2687.3334,0.0150901034723294
2023-09-14,2023-08-30,931052.CSI,中证国信价值指数,2675.9105,-0.00425064489579152
2023-09-14,2023-08-31,931052.CSI,中证国信价值指数,2653.4189,-0.0084052138515095
2023-09-14,2023-09-01,931052.CSI,中证国信价值指数,2685.9003,0.0122413389005407
2023-09-14,2023-09-04,931052.CSI,中证国信价值指数,2718.7297,0.0122228662024424
2023-09-14,2023-09-05,931052.CSI,中证国信价值指数,2699.365,-0.00712270145869964
2023-09-14,2023-09-06,931052.CSI,中证国信价值指数,2702.9946,0.00134461252924312
2023-09-14,2023-09-07,931052.CSI,中证国信价值指数,2674.8513,-0.0104118964943549
2023-09-14,2023-09-08,931052.CSI,中证国信价值指数,2666.1515,-0.00325244248156897
2023-09-14,2023-09-11,931052.CSI,中证国信价值指数,2688.7226,0.0084657979863485
2023-09-14,2023-09-12,931052.CSI,中证国信价值指数,2692.8017,0.00151711448403047
2023-09-14,2023-09-13,931052.CSI,中证国信价值指数,2690.4688,-0.000866346749558211
2023-09-14,2023-09-14,931052.CSI,中证国信价值指数,2712.0727,0.00802979019864503
2023-09-14,2023-09-15,931052.CSI,中证国信价值指数,2714.6371,0.000945549874086904
2023-09-14,2023-06-20,931087.CSI,中证科技龙头指数,3717.8545,0.0145709884597722
2023-09-14,2023-06-21,931087.CSI,中证科技龙头指数,3584.6663,-0.0358239409315239
2023-09-14,2023-06-26,931087.CSI,中证科技龙头指数,3493.3657,-0.025469762694508
2023-09-14,2023-06-27,931087.CSI,中证科技龙头指数,3512.1007,0.00536302282924472
2023-09-14,2023-06-28,931087.CSI,中证科技龙头指数,3457.6595,-0.0155010361747315
2023-09-14,2023-06-29,931087.CSI,中证科技龙头指数,3503.2211,0.0131770060065197
2023-09-14,2023-06-30,931087.CSI,中证科技龙头指数,3525.6977,0.00641598099531882
2023-09-14,2023-07-03,931087.CSI,中证科技龙头指数,3527.8825,0.000619678765992893
2023-09-14,2023-07-04,931087.CSI,中证科技龙头指数,3583.0259,0.0156307360009864
2023-09-14,2023-07-05,931087.CSI,中证科技龙头指数,3536.7215,-0.0129232668957263
2023-09-14,2023-07-06,931087.CSI,中证科技龙头指数,3525.6815,-0.00312153501484358
2023-09-14,2023-07-07,931087.CSI,中证科技龙头指数,3489.016,-0.0103995497040785
2023-09-14,2023-07-10,931087.CSI,中证科技龙头指数,3477.722,-0.00323701582337255
2023-09-14,2023-07-11,931087.CSI,中证科技龙头指数,3542.4464,0.0186111483321552
2023-09-14,2023-07-12,931087.CSI,中证科技龙头指数,3450.7671,-0.0258802222102781
2023-09-14,2023-07-13,931087.CSI,中证科技龙头指数,3530.2168,0.0230237792634571
2023-09-14,2023-07-14,931087.CSI,中证科技龙头指数,3553.8913,0.00670624535014386
2023-09-14,2023-07-17,931087.CSI,中证科技龙头指数,3539.1507,-0.00414773518818645
2023-09-14,2023-07-18,931087.CSI,中证科技龙头指数,3517.2052,-0.00620078144736824
2023-09-14,2023-07-19,931087.CSI,中证科技龙头指数,3485.7315,-0.00894849694865685
2023-09-14,2023-07-20,931087.CSI,中证科技龙头指数,3393.3328,-0.0265076928615987
2023-09-14,2023-07-21,931087.CSI,中证科技龙头指数,3370.8741,-0.00661847844691221
2023-09-14,2023-07-24,931087.CSI,中证科技龙头指数,3389.9576,0.00566129123600323
2023-09-14,2023-07-25,931087.CSI,中证科技龙头指数,3446.564,0.016698261948763
2023-09-14,2023-07-26,931087.CSI,中证科技龙头指数,3415.4321,-0.00903273521106818
2023-09-14,2023-07-27,931087.CSI,中证科技龙头指数,3384.6955,-0.00899932983589402
2023-09-14,2023-07-28,931087.CSI,中证科技龙头指数,3442.4432,0.0170614166030594
2023-09-14,2023-07-31,931087.CSI,中证科技龙头指数,3438.8154,-0.00105384454854629
2023-09-14,2023-08-01,931087.CSI,中证科技龙头指数,3451.8297,0.00378452998669254
2023-09-14,2023-08-02,931087.CSI,中证科技龙头指数,3444.0642,-0.00224967645420049
2023-09-14,2023-08-03,931087.CSI,中证科技龙头指数,3452.1681,0.00235300491785262
2023-09-14,2023-08-04,931087.CSI,中证科技龙头指数,3456.6409,0.00129564953688099
2023-09-14,2023-08-07,931087.CSI,中证科技龙头指数,3405.4497,-0.0148095221577688
2023-09-14,2023-08-08,931087.CSI,中证科技龙头指数,3399.6943,-0.0016900557949806
2023-09-14,2023-08-09,931087.CSI,中证科技龙头指数,3354.3315,-0.0133431997106329
2023-09-14,2023-08-10,931087.CSI,中证科技龙头指数,3352.2454,-0.00062191229459585
2023-09-14,2023-08-11,931087.CSI,中证科技龙头指数,3276.8251,-0.0224984423873025
2023-09-14,2023-08-14,931087.CSI,中证科技龙头指数,3290.8295,0.00427377097422732
2023-09-14,2023-08-15,931087.CSI,中证科技龙头指数,3250.3632,-0.0122966868991542
2023-09-14,2023-08-16,931087.CSI,中证科技龙头指数,3205.6669,-0.0137511709460653
2023-09-14,2023-08-17,931087.CSI,中证科技龙头指数,3216.8414,0.00348585812206492
2023-09-14,2023-08-18,931087.CSI,中证科技龙头指数,3152.3995,-0.0200326630961662
2023-09-14,2023-08-21,931087.CSI,中证科技龙头指数,3124.1094,-0.00897414810527664
2023-09-14,2023-08-22,931087.CSI,中证科技龙头指数,3183.1725,0.0189055799390381
2023-09-14,2023-08-23,931087.CSI,中证科技龙头指数,3097.0723,-0.0270485498351095
2023-09-14,2023-08-24,931087.CSI,中证科技龙头指数,3144.8584,0.0154294428321871
2023-09-14,2023-08-25,931087.CSI,中证科技龙头指数,3077.6015,-0.0213863047061197
2023-09-14,2023-08-28,931087.CSI,中证科技龙头指数,3131.4926,0.0175107465992592
2023-09-14,2023-08-29,931087.CSI,中证科技龙头指数,3207.7659,0.0243568514260579
2023-09-14,2023-08-30,931087.CSI,中证科技龙头指数,3249.5988,0.0130411324591986
2023-09-14,2023-08-31,931087.CSI,中证科技龙头指数,3256.8373,0.00222750574624775
2023-09-14,2023-09-01,931087.CSI,中证科技龙头指数,3232.8572,-0.0073630021370733
2023-09-14,2023-09-04,931087.CSI,中证科技龙头指数,3266.8109,0.0105026909323431
2023-09-14,2023-09-05,931087.CSI,中证科技龙头指数,3226.0985,-0.0124624293374311
2023-09-14,2023-09-06,931087.CSI,中证科技龙头指数,3233.6403,0.00233774635213391
2023-09-14,2023-09-07,931087.CSI,中证科技龙头指数,3144.554,-0.0275498483860435
2023-09-14,2023-09-08,931087.CSI,中证科技龙头指数,3151.151,0.0020979127723677
2023-09-14,2023-09-11,931087.CSI,中证科技龙头指数,3205.4582,0.0172340836729183
2023-09-14,2023-09-12,931087.CSI,中证科技龙头指数,3198.9467,-0.00203137885248361
2023-09-14,2023-09-13,931087.CSI,中证科技龙头指数,3135.6917,-0.0197736961356687
2023-09-14,2023-09-14,931087.CSI,中证科技龙头指数,3109.4443,-0.00837052953898487
2023-09-14,2023-09-15,931087.CSI,中证科技龙头指数,3121.9655,0.00402682884526984
2023-09-14,2023-06-20,931151.CSI,中证光伏产业指数,3712.869,0.00127811066797667
2023-09-14,2023-06-21,931151.CSI,中证光伏产业指数,3667.7225,-0.0121594648235638
2023-09-14,2023-06-26,931151.CSI,中证光伏产业指数,3697.903,0.00822867596989685
2023-09-14,2023-06-27,931151.CSI,中证光伏产业指数,3722.7793,0.00672713697465843
2023-09-14,2023-06-28,931151.CSI,中证光伏产业指数,3766.0916,0.0116343990630872
2023-09-14,2023-06-29,931151.CSI,中证光伏产业指数,3760.7261,-0.00142468653709871
2023-09-14,2023-06-30,931151.CSI,中证光伏产业指数,3795.5464,0.00925893007735934
2023-09-14,2023-07-03,931151.CSI,中证光伏产业指数,3805.1631,0.00253367999927501
2023-09-14,2023-07-04,931151.CSI,中证光伏产业指数,3764.624,-0.0106537089040941
2023-09-14,2023-07-05,931151.CSI,中证光伏产业指数,3707.2029,-0.0152528114361486
2023-09-14,2023-07-06,931151.CSI,中证光伏产业指数,3693.2647,-0.00375976184092863
2023-09-14,2023-07-07,931151.CSI,中证光伏产业指数,3629.1553,-0.0173584633671127
2023-09-14,2023-07-10,931151.CSI,中证光伏产业指数,3740.8311,0.0307718437951663
2023-09-14,2023-07-11,931151.CSI,中证光伏产业指数,3709.1099,-0.00847971992106245
2023-09-14,2023-07-12,931151.CSI,中证光伏产业指数,3751.2804,0.0113694393363757
2023-09-14,2023-07-13,931151.CSI,中证光伏产业指数,3769.3524,0.00481755509398885
2023-09-14,2023-07-14,931151.CSI,中证光伏产业指数,3702.0083,-0.0178662255086577
2023-09-14,2023-07-17,931151.CSI,中证光伏产业指数,3682.1954,-0.00535193289545022
2023-09-14,2023-07-18,931151.CSI,中证光伏产业指数,3644.0721,-0.0103534157910251
2023-09-14,2023-07-19,931151.CSI,中证光伏产业指数,3593.0703,-0.0139958262626033
2023-09-14,2023-07-20,931151.CSI,中证光伏产业指数,3569.3141,-0.0066116713608414
2023-09-14,2023-07-21,931151.CSI,中证光伏产业指数,3526.3279,-0.0120432662398638
2023-09-14,2023-07-24,931151.CSI,中证光伏产业指数,3492.1306,-0.00969770848592955
2023-09-14,2023-07-25,931151.CSI,中证光伏产业指数,3553.4743,0.017566267424248
2023-09-14,2023-07-26,931151.CSI,中证光伏产业指数,3561.4872,0.0022549480658971
2023-09-14,2023-07-27,931151.CSI,中证光伏产业指数,3515.7562,-0.0128404223943301
2023-09-14,2023-07-28,931151.CSI,中证光伏产业指数,3557.0823,0.0117545408865383
2023-09-14,2023-07-31,931151.CSI,中证光伏产业指数,3575.7345,0.00524367963035322
2023-09-14,2023-08-01,931151.CSI,中证光伏产业指数,3523.5049,-0.0146066773134303
2023-09-14,2023-08-02,931151.CSI,中证光伏产业指数,3503.4239,-0.00569915483869488
2023-09-14,2023-08-03,931151.CSI,中证光伏产业指数,3567.7287,0.0183548442425139
2023-09-14,2023-08-04,931151.CSI,中证光伏产业指数,3591.9079,0.00677719693204248
2023-09-14,2023-08-07,931151.CSI,中证光伏产业指数,3553.5457,-0.0106801736202646
2023-09-14,2023-08-08,931151.CSI,中证光伏产业指数,3521.0712,-0.00913861892925716
2023-09-14,2023-08-09,931151.CSI,中证光伏产业指数,3503.3395,-0.00503588226219331
2023-09-14,2023-08-10,931151.CSI,中证光伏产业指数,3544.4267,0.0117280098032178
2023-09-14,2023-08-11,931151.CSI,中证光伏产业指数,3463.4402,-0.0228489701874777
2023-09-14,2023-08-14,931151.CSI,中证光伏产业指数,3440.6382,-0.0065836274580402
2023-09-14,2023-08-15,931151.CSI,中证光伏产业指数,3351.5841,-0.0258830178656971
2023-09-14,2023-08-16,931151.CSI,中证光伏产业指数,3296.5946,-0.0164070178039095
2023-09-14,2023-08-17,931151.CSI,中证光伏产业指数,3302.1827,0.00169511289013213
2023-09-14,2023-08-18,931151.CSI,中证光伏产业指数,3276.2501,-0.0078531693597691
2023-09-14,2023-08-21,931151.CSI,中证光伏产业指数,3184.9211,-0.0278760769820351
2023-09-14,2023-08-22,931151.CSI,中证光伏产业指数,3157.5522,-0.00859327410025945
2023-09-14,2023-08-23,931151.CSI,中证光伏产业指数,3057.7214,-0.0316165161101692
2023-09-14,2023-08-24,931151.CSI,中证光伏产业指数,3133.6226,0.0248227977866133
2023-09-14,2023-08-25,931151.CSI,中证光伏产业指数,3110.1496,-0.00749069144446435
2023-09-14,2023-08-28,931151.CSI,中证光伏产业指数,3153.5868,0.0139662735194475
2023-09-14,2023-08-29,931151.CSI,中证光伏产业指数,3228.334,0.0237022808441485
2023-09-14,2023-08-30,931151.CSI,中证光伏产业指数,3232.8458,0.00139756295352345
2023-09-14,2023-08-31,931151.CSI,中证光伏产业指数,3188.3606,-0.0137603841173001
2023-09-14,2023-09-01,931151.CSI,中证光伏产业指数,3188.9076,0.000171561522871677
2023-09-14,2023-09-04,931151.CSI,中证光伏产业指数,3206.4855,0.00551220110610906
2023-09-14,2023-09-05,931151.CSI,中证光伏产业指数,3238.5335,0.00999474346601614
2023-09-14,2023-09-06,931151.CSI,中证光伏产业指数,3195.2116,-0.0133770115393279
2023-09-14,2023-09-07,931151.CSI,中证光伏产业指数,3104.326,-0.0284443133594032
2023-09-14,2023-09-08,931151.CSI,中证光伏产业指数,3060.1702,-0.0142239571488304
2023-09-14,2023-09-11,931151.CSI,中证光伏产业指数,3090.4472,0.00989389413699926
2023-09-14,2023-09-12,931151.CSI,中证光伏产业指数,3094.7031,0.00137711461305678
2023-09-14,2023-09-13,931151.CSI,中证光伏产业指数,3056.8996,-0.0122155498535546
2023-09-14,2023-09-14,931151.CSI,中证光伏产业指数,3020.3255,-0.0119644426660268
2023-09-14,2023-09-15,931151.CSI,中证光伏产业指数,3004.3175,-0.00530009100012563
2023-09-14,2023-06-20,931160.CSI,中证全指通信设备指数,7026.4009,0.0187577455461179
2023-09-14,2023-06-21,931160.CSI,中证全指通信设备指数,6742.1523,-0.0404543669006987
2023-09-14,2023-06-26,931160.CSI,中证全指通信设备指数,6465.3929,-0.0410491172084617
2023-09-14,2023-06-27,931160.CSI,中证全指通信设备指数,6522.4152,0.00881961868086933
2023-09-14,2023-06-28,931160.CSI,中证全指通信设备指数,6338.4224,-0.0282093050439353
2023-09-14,2023-06-29,931160.CSI,中证全指通信设备指数,6539.5395,0.0317298354871394
2023-09-14,2023-06-30,931160.CSI,中证全指通信设备指数,6691.9497,0.0233059529650368
2023-09-14,2023-07-03,931160.CSI,中证全指通信设备指数,6629.0341,-0.00940168453447887
2023-09-14,2023-07-04,931160.CSI,中证全指通信设备指数,6679.0787,0.00754930495831974
2023-09-14,2023-07-05,931160.CSI,中证全指通信设备指数,6501.2151,-0.0266299602069369
2023-09-14,2023-07-06,931160.CSI,中证全指通信设备指数,6539.7594,0.00592878398993446
2023-09-14,2023-07-07,931160.CSI,中证全指通信设备指数,6507.6985,-0.00490245864396777
2023-09-14,2023-07-10,931160.CSI,中证全指通信设备指数,6420.9505,-0.013330058237947
2023-09-14,2023-07-11,931160.CSI,中证全指通信设备指数,6542.8827,0.0189897430294783
2023-09-14,2023-07-12,931160.CSI,中证全指通信设备指数,6223.1688,-0.0488643789991833
2023-09-14,2023-07-13,931160.CSI,中证全指通信设备指数,6456.0649,0.0374240370918431
2023-09-14,2023-07-14,931160.CSI,中证全指通信设备指数,6657.2433,0.031161148953134
2023-09-14,2023-07-17,931160.CSI,中证全指通信设备指数,6673.0144,0.00236901361258646
2023-09-14,2023-07-18,931160.CSI,中证全指通信设备指数,6522.3983,-0.0225709238691288
2023-09-14,2023-07-19,931160.CSI,中证全指通信设备指数,6465.4789,-0.0087267592964998
2023-09-14,2023-07-20,931160.CSI,中证全指通信设备指数,6128.4575,-0.0521262856491573
2023-09-14,2023-07-21,931160.CSI,中证全指通信设备指数,6097.6323,-0.00502984641730819
2023-09-14,2023-07-24,931160.CSI,中证全指通信设备指数,6160.1631,0.0102549312460181
2023-09-14,2023-07-25,931160.CSI,中证全指通信设备指数,6230.1602,0.0113628647267474
2023-09-14,2023-07-26,931160.CSI,中证全指通信设备指数,6077.8569,-0.0244461290096522
2023-09-14,2023-07-27,931160.CSI,中证全指通信设备指数,6002.5818,-0.0123851385839637
2023-09-14,2023-07-28,931160.CSI,中证全指通信设备指数,5996.0276,-0.00109189682346345
2023-09-14,2023-07-31,931160.CSI,中证全指通信设备指数,6002.5632,0.00108998831159468
2023-09-14,2023-08-01,931160.CSI,中证全指通信设备指数,6119.011,0.0193996791237452
2023-09-14,2023-08-02,931160.CSI,中证全指通信设备指数,6114.0655,-0.000808218844515984
2023-09-14,2023-08-03,931160.CSI,中证全指通信设备指数,6061.2084,-0.00864516417104122
2023-09-14,2023-08-04,931160.CSI,中证全指通信设备指数,6261.8518,0.033102871038059
2023-09-14,2023-08-07,931160.CSI,中证全指通信设备指数,6228.9268,-0.00525802926220642
2023-09-14,2023-08-08,931160.CSI,中证全指通信设备指数,6138.4053,-0.0145324391996386
2023-09-14,2023-08-09,931160.CSI,中证全指通信设备指数,5934.2207,-0.0332634601367884
2023-09-14,2023-08-10,931160.CSI,中证全指通信设备指数,5869.9965,-0.0108226847713971
2023-09-14,2023-08-11,931160.CSI,中证全指通信设备指数,5776.4808,-0.0159311338601309
2023-09-14,2023-08-14,931160.CSI,中证全指通信设备指数,5814.9757,0.00666407477715492
2023-09-14,2023-08-15,931160.CSI,中证全指通信设备指数,5770.7388,-0.00760740926226056
2023-09-14,2023-08-16,931160.CSI,中证全指通信设备指数,5643.3204,-0.0220800844425675
2023-09-14,2023-08-17,931160.CSI,中证全指通信设备指数,5711.7284,0.0121219415434928
2023-09-14,2023-08-18,931160.CSI,中证全指通信设备指数,5524.7339,-0.0327386890455085
2023-09-14,2023-08-21,931160.CSI,中证全指通信设备指数,5539.3876,0.00265238114002186
2023-09-14,2023-08-22,931160.CSI,中证全指通信设备指数,5761.6099,0.0401167630876742
2023-09-14,2023-08-23,931160.CSI,中证全指通信设备指数,5548.4511,-0.0369963957469596
2023-09-14,2023-08-24,931160.CSI,中证全指通信设备指数,5599.4468,0.00919097944289349
2023-09-14,2023-08-25,931160.CSI,中证全指通信设备指数,5312.1241,-0.0513126939611248
2023-09-14,2023-08-28,931160.CSI,中证全指通信设备指数,5418.8946,0.0200993986567444
2023-09-14,2023-08-29,931160.CSI,中证全指通信设备指数,5617.7048,0.0366883312327206
2023-09-14,2023-08-30,931160.CSI,中证全指通信设备指数,5715.9488,0.0174882809790931
2023-09-14,2023-08-31,931160.CSI,中证全指通信设备指数,5710.4186,-0.000967503417805271
2023-09-14,2023-09-01,931160.CSI,中证全指通信设备指数,5622.0597,-0.0154732789641726
2023-09-14,2023-09-04,931160.CSI,中证全指通信设备指数,5692.6424,0.0125545980950719
2023-09-14,2023-09-05,931160.CSI,中证全指通信设备指数,5608.437,-0.014791970772659
2023-09-14,2023-09-06,931160.CSI,中证全指通信设备指数,5637.6584,0.0052102573319448
2023-09-14,2023-09-07,931160.CSI,中证全指通信设备指数,5484.2979,-0.027202872029281
2023-09-14,2023-09-08,931160.CSI,中证全指通信设备指数,5521.0129,0.0066945670474976
2023-09-14,2023-09-11,931160.CSI,中证全指通信设备指数,5636.2138,0.0208658994439228
2023-09-14,2023-09-12,931160.CSI,中证全指通信设备指数,5649.012,0.00227070875132518
2023-09-14,2023-09-13,931160.CSI,中证全指通信设备指数,5520.0045,-0.0228371793156041
2023-09-14,2023-09-14,931160.CSI,中证全指通信设备指数,5509.138,-0.00196856723576944
2023-09-14,2023-09-15,931160.CSI,中证全指通信设备指数,5402.3573,-0.0193824696349956
2023-09-14,2023-06-20,931775.CSI,中证全指房地产指数,3470.2909,-0.0189507559933904
2023-09-14,2023-06-21,931775.CSI,中证全指房地产指数,3428.3177,-0.0120950090956351
2023-09-14,2023-06-26,931775.CSI,中证全指房地产指数,3364.4084,-0.0186415920554854
2023-09-14,2023-06-27,931775.CSI,中证全指房地产指数,3496.9831,0.0394050555812429
2023-09-14,2023-06-28,931775.CSI,中证全指房地产指数,3479.969,-0.00486536523439296
2023-09-14,2023-06-29,931775.CSI,中证全指房地产指数,3426.5501,-0.0153503953627173
2023-09-14,2023-06-30,931775.CSI,中证全指房地产指数,3452.7155,0.00763607688094203
2023-09-14,2023-07-03,931775.CSI,中证全指房地产指数,3479.984,0.00789769675491647
2023-09-14,2023-07-04,931775.CSI,中证全指房地产指数,3438.6799,-0.0118690488232129
2023-09-14,2023-07-05,931775.CSI,中证全指房地产指数,3443.564,0.00142034156770454
2023-09-14,2023-07-06,931775.CSI,中证全指房地产指数,3474.152,0.00888265761867646
2023-09-14,2023-07-07,931775.CSI,中证全指房地产指数,3464.8088,-0.00268934692552314
2023-09-14,2023-07-10,931775.CSI,中证全指房地产指数,3454.0085,-0.00311714170201827
2023-09-14,2023-07-11,931775.CSI,中证全指房地产指数,3451.5786,-0.000703501453456212
2023-09-14,2023-07-12,931775.CSI,中证全指房地产指数,3382.195,-0.020101990434174
2023-09-14,2023-07-13,931775.CSI,中证全指房地产指数,3405.3907,0.00685817937759348
2023-09-14,2023-07-14,931775.CSI,中证全指房地产指数,3394.2583,-0.00326905221183582
2023-09-14,2023-07-17,931775.CSI,中证全指房地产指数,3383.241,-0.00324586375762859
2023-09-14,2023-07-18,931775.CSI,中证全指房地产指数,3407.2288,0.00709018364343539
2023-09-14,2023-07-19,931775.CSI,中证全指房地产指数,3458.2478,0.0149737522763367
2023-09-14,2023-07-20,931775.CSI,中证全指房地产指数,3465.002,0.00195306999110922
2023-09-14,2023-07-21,931775.CSI,中证全指房地产指数,3521.7678,0.0163826168065704
2023-09-14,2023-07-24,931775.CSI,中证全指房地产指数,3498.8804,-0.00649883845266575
2023-09-14,2023-07-25,931775.CSI,中证全指房地产指数,3712.6731,0.061103174604082
2023-09-14,2023-07-26,931775.CSI,中证全指房地产指数,3786.8543,0.0199805363957306
2023-09-14,2023-07-27,931775.CSI,中证全指房地产指数,3762.4935,-0.00643299109765061
2023-09-14,2023-07-28,931775.CSI,中证全指房地产指数,3885.9861,0.0328220101908481
2023-09-14,2023-07-31,931775.CSI,中证全指房地产指数,3973.2672,0.0224604766342318
2023-09-14,2023-08-01,931775.CSI,中证全指房地产指数,3941.2806,-0.00805045278605976
2023-09-14,2023-08-02,931775.CSI,中证全指房地产指数,3980.7079,0.010003677484927
2023-09-14,2023-08-03,931775.CSI,中证全指房地产指数,4047.1742,0.0166971055575316
2023-09-14,2023-08-04,931775.CSI,中证全指房地产指数,4011.0542,-0.00892474556691925
2023-09-14,2023-08-07,931775.CSI,中证全指房地产指数,3876.3042,-0.0335946594787974
2023-09-14,2023-08-08,931775.CSI,中证全指房地产指数,3815.6307,-0.015652409323293
2023-09-14,2023-08-09,931775.CSI,中证全指房地产指数,3823.9956,0.00219227190933347
2023-09-14,2023-08-10,931775.CSI,中证全指房地产指数,3834.1539,0.00265646226161964
2023-09-14,2023-08-11,931775.CSI,中证全指房地产指数,3816.6757,-0.00455855462661525
2023-09-14,2023-08-14,931775.CSI,中证全指房地产指数,3767.644,-0.0128467032187199
2023-09-14,2023-08-15,931775.CSI,中证全指房地产指数,3755.2269,-0.00329572008395684
2023-09-14,2023-08-16,931775.CSI,中证全指房地产指数,3824.0917,0.0183383858908766
2023-09-14,2023-08-17,931775.CSI,中证全指房地产指数,3809.2653,-0.00387710367928673
2023-09-14,2023-08-18,931775.CSI,中证全指房地产指数,3734.0948,-0.0197335953471133
2023-09-14,2023-08-21,931775.CSI,中证全指房地产指数,3660.7427,-0.0196438772791735
2023-09-14,2023-08-22,931775.CSI,中证全指房地产指数,3675.0679,0.00391319499182519
2023-09-14,2023-08-23,931775.CSI,中证全指房地产指数,3605.0872,-0.019042015523033
2023-09-14,2023-08-24,931775.CSI,中证全指房地产指数,3568.2077,-0.0102298496413623
2023-09-14,2023-08-25,931775.CSI,中证全指房地产指数,3608.5482,0.0113055358296548
2023-09-14,2023-08-28,931775.CSI,中证全指房地产指数,3769.6883,0.0446551053412561
2023-09-14,2023-08-29,931775.CSI,中证全指房地产指数,3878.3359,0.0288213749662007
2023-09-14,2023-08-30,931775.CSI,中证全指房地产指数,3861.0831,-0.0044485058656214
2023-09-14,2023-08-31,931775.CSI,中证全指房地产指数,3659.5535,-0.0521950952052805
2023-09-14,2023-09-01,931775.CSI,中证全指房地产指数,3672.4724,0.00353018476161093
2023-09-14,2023-09-04,931775.CSI,中证全指房地产指数,3689.5797,0.00465825148202592
2023-09-14,2023-09-05,931775.CSI,中证全指房地产指数,3596.7538,-0.0251589361248924
2023-09-14,2023-09-06,931775.CSI,中证全指房地产指数,3684.4021,0.0243687238197954
2023-09-14,2023-09-07,931775.CSI,中证全指房地产指数,3651.4435,-0.00894544056415558
2023-09-14,2023-09-08,931775.CSI,中证全指房地产指数,3631.5874,-0.00543787682871166
2023-09-14,2023-09-11,931775.CSI,中证全指房地产指数,3613.2256,-0.00505613605774702
2023-09-14,2023-09-12,931775.CSI,中证全指房地产指数,3596.0728,-0.00474722641176906
2023-09-14,2023-09-13,931775.CSI,中证全指房地产指数,3594.3175,-0.000488115813450651
2023-09-14,2023-09-14,931775.CSI,中证全指房地产指数,3558.7522,-0.00989486877550472
2023-09-14,2023-09-15,931775.CSI,中证全指房地产指数,3569.2847,0.00295960477383073
2023-09-14,2023-06-22,GPCCH0.FS,富时中国国企开放共赢指数,1411.05,0
2023-09-14,2023-06-23,GPCCH0.FS,富时中国国企开放共赢指数,1407.4,-0.00258672619680367
2023-09-14,2023-06-26,GPCCH0.FS,富时中国国企开放共赢指数,1389.21,-0.0129245417081143
2023-09-14,2023-06-27,GPCCH0.FS,富时中国国企开放共赢指数,1427.14,0.0273032874799346
2023-09-14,2023-06-28,GPCCH0.FS,富时中国国企开放共赢指数,1422.54,-0.00322322967613553
2023-09-14,2023-06-29,GPCCH0.FS,富时中国国企开放共赢指数,1419.34,-0.00224949737792968
2023-09-14,2023-06-30,GPCCH0.FS,富时中国国企开放共赢指数,1420.87,0.00107796581509723
2023-09-14,2023-07-03,GPCCH0.FS,富时中国国企开放共赢指数,1451.38,0.0214727596472586
2023-09-14,2023-07-04,GPCCH0.FS,富时中国国企开放共赢指数,1450.24,-0.000785459355923446
2023-09-14,2023-07-05,GPCCH0.FS,富时中国国企开放共赢指数,1443.57,-0.00459923874669022
2023-09-14,2023-07-06,GPCCH0.FS,富时中国国企开放共赢指数,1436.31,-0.00502919844552052
2023-09-14,2023-07-07,GPCCH0.FS,富时中国国企开放共赢指数,1436.22,-6.26605677046532e-05
2023-09-14,2023-07-10,GPCCH0.FS,富时中国国企开放共赢指数,1429.4,-0.00474857612343504
2023-09-14,2023-07-11,GPCCH0.FS,富时中国国企开放共赢指数,1431.58,0.00152511543304867
2023-09-14,2023-07-12,GPCCH0.FS,富时中国国企开放共赢指数,1425.25,-0.00442168792522946
2023-09-14,2023-07-13,GPCCH0.FS,富时中国国企开放共赢指数,1459.25,0.0238554639536923
2023-09-14,2023-07-14,GPCCH0.FS,富时中国国企开放共赢指数,1467.74,0.00581805722117523
2023-09-14,2023-07-17,GPCCH0.FS,富时中国国企开放共赢指数,1455.61,-0.00826440650251414
2023-09-14,2023-07-18,GPCCH0.FS,富时中国国企开放共赢指数,1445.91,-0.00666387287803727
2023-09-14,2023-07-19,GPCCH0.FS,富时中国国企开放共赢指数,1455.11,0.00636277499982696
2023-09-14,2023-07-20,GPCCH0.FS,富时中国国企开放共赢指数,1438.37,-0.0115042848994235
2023-09-14,2023-07-21,GPCCH0.FS,富时中国国企开放共赢指数,1434.2,-0.00289911497041784
2023-09-14,2023-07-24,GPCCH0.FS,富时中国国企开放共赢指数,1433.6,-0.00041835169432447
2023-09-14,2023-07-25,GPCCH0.FS,富时中国国企开放共赢指数,1460.88,0.0190290178571431
2023-09-14,2023-07-26,GPCCH0.FS,富时中国国企开放共赢指数,1444.33,-0.011328788127704
2023-09-14,2023-07-27,GPCCH0.FS,富时中国国企开放共赢指数,1443.59,-0.000512348286056508
2023-09-14,2023-07-28,GPCCH0.FS,富时中国国企开放共赢指数,1463.39,0.0137158057343152
2023-09-14,2023-07-31,GPCCH0.FS,富时中国国企开放共赢指数,1467.37,0.00271971244849278
2023-09-14,2023-08-01,GPCCH0.FS,富时中国国企开放共赢指数,1479.01,0.00793255961345807
2023-09-14,2023-08-02,GPCCH0.FS,富时中国国企开放共赢指数,1444.61,-0.0232588014955951
2023-09-14,2023-08-03,GPCCH0.FS,富时中国国企开放共赢指数,1442.41,-0.00152290237503538
2023-09-14,2023-08-04,GPCCH0.FS,富时中国国企开放共赢指数,1451.22,0.00610783341768295
2023-09-14,2023-08-07,GPCCH0.FS,富时中国国企开放共赢指数,1447.26,-0.00272873857857525
2023-09-14,2023-08-08,GPCCH0.FS,富时中国国企开放共赢指数,1450.78,0.00243218219255703
2023-09-14,2023-08-09,GPCCH0.FS,富时中国国企开放共赢指数,1448.48,-0.00158535408538851
2023-09-14,2023-08-10,GPCCH0.FS,富时中国国企开放共赢指数,1459.23,0.00742157295923995
2023-09-14,2023-08-11,GPCCH0.FS,富时中国国企开放共赢指数,1435.62,-0.0161797660409944
2023-09-14,2023-08-14,GPCCH0.FS,富时中国国企开放共赢指数,1442.85,0.00503615162786808
2023-09-14,2023-08-15,GPCCH0.FS,富时中国国企开放共赢指数,1446.2,0.00232179367224594
2023-09-14,2023-08-16,GPCCH0.FS,富时中国国企开放共赢指数,1425.69,-0.0141819941916748
2023-09-14,2023-08-17,GPCCH0.FS,富时中国国企开放共赢指数,1430.42,0.00331769178432895
2023-09-14,2023-08-18,GPCCH0.FS,富时中国国企开放共赢指数,1415.66,-0.0103186476699151
2023-09-14,2023-08-21,GPCCH0.FS,富时中国国企开放共赢指数,1406.11,-0.00674597007756117
2023-09-14,2023-08-22,GPCCH0.FS,富时中国国企开放共赢指数,1434.46,0.0201620072398321
2023-09-14,2023-08-23,GPCCH0.FS,富时中国国企开放共赢指数,1425.82,-0.00602317248302509
2023-09-14,2023-08-24,GPCCH0.FS,富时中国国企开放共赢指数,1399.94,-0.0181509587465458
2023-09-14,2023-08-25,GPCCH0.FS,富时中国国企开放共赢指数,1403.78,0.0027429746989156
2023-09-14,2023-08-28,GPCCH0.FS,富时中国国企开放共赢指数,1424.39,0.0146817877445184
2023-09-14,2023-08-29,GPCCH0.FS,富时中国国企开放共赢指数,1419.42,-0.00348921292623516
2023-09-14,2023-08-30,GPCCH0.FS,富时中国国企开放共赢指数,1411.44,-0.00562201462569223
2023-09-14,2023-08-31,GPCCH0.FS,富时中国国企开放共赢指数,1410.22,-0.000864365470724993
2023-09-14,2023-09-01,GPCCH0.FS,富时中国国企开放共赢指数,1416.3,0.00431138403936959
2023-09-14,2023-09-04,GPCCH0.FS,富时中国国企开放共赢指数,1450.47,0.0241262444397374
2023-09-14,2023-09-05,GPCCH0.FS,富时中国国企开放共赢指数,1441.58,-0.0061290478258772
2023-09-14,2023-09-06,GPCCH0.FS,富时中国国企开放共赢指数,1441.62,2.77473327876532e-05
2023-09-14,2023-09-07,GPCCH0.FS,富时中国国企开放共赢指数,1440.96,-0.000457818287759482
2023-09-14,2023-09-08,GPCCH0.FS,富时中国国企开放共赢指数,1429.99,-0.00761298023539869
2023-09-14,2023-09-11,GPCCH0.FS,富时中国国企开放共赢指数,1438.53,0.00597206973475339
2023-09-14,2023-09-12,GPCCH0.FS,富时中国国企开放共赢指数,1437.28,-0.000868942601127576
2023-09-14,2023-09-13,GPCCH0.FS,富时中国国企开放共赢指数,1444.78,0.00521818991428247
2023-09-14,2023-09-14,GPCCH0.FS,富时中国国企开放共赢指数,1459.98,0.0105206328991265
2023-09-14,2023-09-15,GPCCH0.FS,富时中国国企开放共赢指数,1445.92,-0.00963026890779317
2023-09-14,2023-06-20,H30015.CSI,中证800汽车与零部件指数,7605.9601,0.00691957011007527
2023-09-14,2023-06-21,H30015.CSI,中证800汽车与零部件指数,7572.6517,-0.00437924989903637
2023-09-14,2023-06-26,H30015.CSI,中证800汽车与零部件指数,7511.9872,-0.00801099831384045
2023-09-14,2023-06-27,H30015.CSI,中证800汽车与零部件指数,7517.2697,0.000703209398439819
2023-09-14,2023-06-28,H30015.CSI,中证800汽车与零部件指数,7540.8722,0.00313977028122325
2023-09-14,2023-06-29,H30015.CSI,中证800汽车与零部件指数,7577.6129,0.00487220828381107
2023-09-14,2023-06-30,H30015.CSI,中证800汽车与零部件指数,7646.046,0.00903095749322325
2023-09-14,2023-07-03,H30015.CSI,中证800汽车与零部件指数,7770.4519,0.0162706188270381
2023-09-14,2023-07-04,H30015.CSI,中证800汽车与零部件指数,8014.7373,0.0314377340138994
2023-09-14,2023-07-05,H30015.CSI,中证800汽车与零部件指数,7882.6469,-0.0164809394314147
2023-09-14,2023-07-06,H30015.CSI,中证800汽车与零部件指数,7908.456,0.00327416670154301
2023-09-14,2023-07-07,H30015.CSI,中证800汽车与零部件指数,7847.0153,-0.00776898803002757
2023-09-14,2023-07-10,H30015.CSI,中证800汽车与零部件指数,7804.0063,-0.00548093744636891
2023-09-14,2023-07-11,H30015.CSI,中证800汽车与零部件指数,8047.5839,0.0312118661411127
2023-09-14,2023-07-12,H30015.CSI,中证800汽车与零部件指数,7972.7092,-0.00930399743952959
2023-09-14,2023-07-13,H30015.CSI,中证800汽车与零部件指数,7947.9312,-0.00310785197082064
2023-09-14,2023-07-14,H30015.CSI,中证800汽车与零部件指数,7837.954,-0.0138372108706729
2023-09-14,2023-07-17,H30015.CSI,中证800汽车与零部件指数,7781.6527,-0.00718316285091747
2023-09-14,2023-07-18,H30015.CSI,中证800汽车与零部件指数,7889.2967,0.0138330511717646
2023-09-14,2023-07-19,H30015.CSI,中证800汽车与零部件指数,7853.201,-0.00457527475167718
2023-09-14,2023-07-20,H30015.CSI,中证800汽车与零部件指数,7707.2118,-0.0185897699549521
2023-09-14,2023-07-21,H30015.CSI,中证800汽车与零部件指数,7692.7813,-0.00187233728285507
2023-09-14,2023-07-24,H30015.CSI,中证800汽车与零部件指数,7675.4639,-0.00225112340058331
2023-09-14,2023-07-25,H30015.CSI,中证800汽车与零部件指数,7945.7975,0.0352204900605422
2023-09-14,2023-07-26,H30015.CSI,中证800汽车与零部件指数,7813.9268,-0.0165962825002776
2023-09-14,2023-07-27,H30015.CSI,中证800汽车与零部件指数,7873.8459,0.00766824434546787
2023-09-14,2023-07-28,H30015.CSI,中证800汽车与零部件指数,8069.9028,0.0248997634053265
2023-09-14,2023-07-31,H30015.CSI,中证800汽车与零部件指数,8264.1397,0.024069298579408
2023-09-14,2023-08-01,H30015.CSI,中证800汽车与零部件指数,8200.0479,-0.00775541100787536
2023-09-14,2023-08-02,H30015.CSI,中证800汽车与零部件指数,8206.0452,0.000731373776487354
2023-09-14,2023-08-03,H30015.CSI,中证800汽车与零部件指数,8130.1327,-0.00925080207942319
2023-09-14,2023-08-04,H30015.CSI,中证800汽车与零部件指数,8206.7182,0.00941995694608999
2023-09-14,2023-08-07,H30015.CSI,中证800汽车与零部件指数,8216.6792,0.00121376167150489
2023-09-14,2023-08-08,H30015.CSI,中证800汽车与零部件指数,8162.7101,-0.00656823744560942
2023-09-14,2023-08-09,H30015.CSI,中证800汽车与零部件指数,8079.1485,-0.0102369922459944
2023-09-14,2023-08-10,H30015.CSI,中证800汽车与零部件指数,8035.3103,-0.00542609162339325
2023-09-14,2023-08-11,H30015.CSI,中证800汽车与零部件指数,7880.8542,-0.0192221699266549
2023-09-14,2023-08-14,H30015.CSI,中证800汽车与零部件指数,7691.1959,-0.0240657034360565
2023-09-14,2023-08-15,H30015.CSI,中证800汽车与零部件指数,7643.3264,-0.00622393456393433
2023-09-14,2023-08-16,H30015.CSI,中证800汽车与零部件指数,7543.8396,-0.0130161653177601
2023-09-14,2023-08-17,H30015.CSI,中证800汽车与零部件指数,7633.7756,0.0119217805214205
2023-09-14,2023-08-18,H30015.CSI,中证800汽车与零部件指数,7503.0989,-0.0171182265300017
2023-09-14,2023-08-21,H30015.CSI,中证800汽车与零部件指数,7405.3961,-0.0130216596238656
2023-09-14,2023-08-22,H30015.CSI,中证800汽车与零部件指数,7491.31,0.0116015266219183
2023-09-14,2023-08-23,H30015.CSI,中证800汽车与零部件指数,7351.6524,-0.0186426139086489
2023-09-14,2023-08-24,H30015.CSI,中证800汽车与零部件指数,7454.2855,0.0139605485155962
2023-09-14,2023-08-25,H30015.CSI,中证800汽车与零部件指数,7395.6729,-0.00786294004972043
2023-09-14,2023-08-28,H30015.CSI,中证800汽车与零部件指数,7437.3365,0.00563351037334292
2023-09-14,2023-08-29,H30015.CSI,中证800汽车与零部件指数,7681.0389,0.0327674295764349
2023-09-14,2023-08-30,H30015.CSI,中证800汽车与零部件指数,7700.6895,0.00255832580147475
2023-09-14,2023-08-31,H30015.CSI,中证800汽车与零部件指数,7639.1927,-0.00798588230313668
2023-09-14,2023-09-01,H30015.CSI,中证800汽车与零部件指数,7684.527,0.00593443597777044
2023-09-14,2023-09-04,H30015.CSI,中证800汽车与零部件指数,7786.5158,0.0132719684633811
2023-09-14,2023-09-05,H30015.CSI,中证800汽车与零部件指数,7738.0319,-0.006226648894747
2023-09-14,2023-09-06,H30015.CSI,中证800汽车与零部件指数,7761.0877,0.00297954315747906
2023-09-14,2023-09-07,H30015.CSI,中证800汽车与零部件指数,7644.3256,-0.0150445536132777
2023-09-14,2023-09-08,H30015.CSI,中证800汽车与零部件指数,7613.9976,-0.00396738726042756
2023-09-14,2023-09-11,H30015.CSI,中证800汽车与零部件指数,7787.2827,0.0227587542186776
2023-09-14,2023-09-12,H30015.CSI,中证800汽车与零部件指数,7872.6584,0.010963477671101
2023-09-14,2023-09-13,H30015.CSI,中证800汽车与零部件指数,7752.4957,-0.0152632940354683
2023-09-14,2023-09-14,H30015.CSI,中证800汽车与零部件指数,7619.5204,-0.0171525796525112
2023-09-14,2023-09-15,H30015.CSI,中证800汽车与零部件指数,7577.4855,-0.00551673829759691
2023-09-14,2023-06-20,H30035.CSI,沪深300非银行金融指数,8087.3371,-0.00769757531862081
2023-09-14,2023-06-21,H30035.CSI,沪深300非银行金融指数,7957.2766,-0.0160819931692967
2023-09-14,2023-06-26,H30035.CSI,沪深300非银行金融指数,7788.398,-0.021223165724816
2023-09-14,2023-06-27,H30035.CSI,沪深300非银行金融指数,7867.6589,0.0101767911706618
2023-09-14,2023-06-28,H30035.CSI,沪深300非银行金融指数,7876.262,0.00109347648510782
2023-09-14,2023-06-29,H30035.CSI,沪深300非银行金融指数,7832.1596,-0.00559940743464349
2023-09-14,2023-06-30,H30035.CSI,沪深300非银行金融指数,7910.2384,0.00996900012098845
2023-09-14,2023-07-03,H30035.CSI,沪深300非银行金融指数,8126.1497,0.0272951697637835
2023-09-14,2023-07-04,H30035.CSI,沪深300非银行金融指数,8110.2547,-0.00195603091092444
2023-09-14,2023-07-05,H30035.CSI,沪深300非银行金融指数,8034.3164,-0.00936324478194261
2023-09-14,2023-07-06,H30035.CSI,沪深300非银行金融指数,8017.401,-0.00210539380799091
2023-09-14,2023-07-07,H30035.CSI,沪深300非银行金融指数,8047.7173,0.00378131267227366
2023-09-14,2023-07-10,H30035.CSI,沪深300非银行金融指数,8014.1684,-0.00416874732913397
2023-09-14,2023-07-11,H30035.CSI,沪深300非银行金融指数,8063.8937,0.00620467371262134
2023-09-14,2023-07-12,H30035.CSI,沪深300非银行金融指数,8021.2242,-0.00529142639863911
2023-09-14,2023-07-13,H30035.CSI,沪深300非银行金融指数,8210.0741,0.0235437752755994
2023-09-14,2023-07-14,H30035.CSI,沪深300非银行金融指数,8206.9717,-0.00037787722281335
2023-09-14,2023-07-17,H30035.CSI,沪深300非银行金融指数,8123.3443,-0.0101897999721383
2023-09-14,2023-07-18,H30035.CSI,沪深300非银行金融指数,8101.3313,-0.00270984451563872
2023-09-14,2023-07-19,H30035.CSI,沪深300非银行金融指数,8139.7853,0.00474662726112673
2023-09-14,2023-07-20,H30035.CSI,沪深300非银行金融指数,8058.8331,-0.00994525003012059
2023-09-14,2023-07-21,H30035.CSI,沪深300非银行金融指数,8035.7032,-0.00287013016810089
2023-09-14,2023-07-24,H30035.CSI,沪深300非银行金融指数,8000.5356,-0.0043764184819568
2023-09-14,2023-07-25,H30035.CSI,沪深300非银行金融指数,8472.0771,0.0589387415512532
2023-09-14,2023-07-26,H30035.CSI,沪深300非银行金融指数,8469.7966,-0.00026917838129692
2023-09-14,2023-07-27,H30035.CSI,沪深300非银行金融指数,8436.9183,-0.00388182875607668
2023-09-14,2023-07-28,H30035.CSI,沪深300非银行金融指数,8971.9454,0.0634149912296771
2023-09-14,2023-07-31,H30035.CSI,沪深300非银行金融指数,9008.7275,0.00409967942961398
2023-09-14,2023-08-01,H30035.CSI,沪深300非银行金融指数,8900.7049,-0.0119908832851254
2023-09-14,2023-08-02,H30035.CSI,沪深300非银行金融指数,8909.9752,0.00104152425051196
2023-09-14,2023-08-03,H30035.CSI,沪深300非银行金融指数,9171.545,0.0293569616220704
2023-09-14,2023-08-04,H30035.CSI,沪深300非银行金融指数,9209.5281,0.00414140692762222
2023-09-14,2023-08-07,H30035.CSI,沪深300非银行金融指数,9142.241,-0.00730624840593075
2023-09-14,2023-08-08,H30035.CSI,沪深300非银行金融指数,9140.7184,-0.000166545598611956
2023-09-14,2023-08-09,H30035.CSI,沪深300非银行金融指数,9118.9391,-0.00238266830318279
2023-09-14,2023-08-10,H30035.CSI,沪深300非银行金融指数,9211.2718,0.0101253774136951
2023-09-14,2023-08-11,H30035.CSI,沪深300非银行金融指数,8829.2492,-0.0414733826440775
2023-09-14,2023-08-14,H30035.CSI,沪深300非银行金融指数,8718.1058,-0.0125880918617634
2023-09-14,2023-08-15,H30035.CSI,沪深300非银行金融指数,8842.192,0.0142331606023869
2023-09-14,2023-08-16,H30035.CSI,沪深300非银行金融指数,8806.7188,-0.00401181064604783
2023-09-14,2023-08-17,H30035.CSI,沪深300非银行金融指数,8752.0644,-0.00620598900012581
2023-09-14,2023-08-18,H30035.CSI,沪深300非银行金融指数,8701.348,-0.00579479282625017
2023-09-14,2023-08-21,H30035.CSI,沪深300非银行金融指数,8417.5181,-0.032619072355226
2023-09-14,2023-08-22,H30035.CSI,沪深300非银行金融指数,8529.971,0.013359389152962
2023-09-14,2023-08-23,H30035.CSI,沪深300非银行金融指数,8395.31,-0.015786806309189
2023-09-14,2023-08-24,H30035.CSI,沪深300非银行金融指数,8458.8104,0.0075637945471938
2023-09-14,2023-08-25,H30035.CSI,沪深300非银行金融指数,8504.5823,0.005411150958059
2023-09-14,2023-08-28,H30035.CSI,沪深300非银行金融指数,8689.1038,0.0216967151931731
2023-09-14,2023-08-29,H30035.CSI,沪深300非银行金融指数,8658.9758,-0.0034673311187744
2023-09-14,2023-08-30,H30035.CSI,沪深300非银行金融指数,8514.2378,-0.0167153718110633
2023-09-14,2023-08-31,H30035.CSI,沪深300非银行金融指数,8439.2648,-0.00880560324495516
2023-09-14,2023-09-01,H30035.CSI,沪深300非银行金融指数,8566.8636,0.0151196582906132
2023-09-14,2023-09-04,H30035.CSI,沪深300非银行金融指数,8709.2209,0.0166172016559245
2023-09-14,2023-09-05,H30035.CSI,沪深300非银行金融指数,8569.6894,-0.0160211230834667
2023-09-14,2023-09-06,H30035.CSI,沪深300非银行金融指数,8593.9121,0.00282655518413533
2023-09-14,2023-09-07,H30035.CSI,沪深300非银行金融指数,8519.197,-0.00869395673711848
2023-09-14,2023-09-08,H30035.CSI,沪深300非银行金融指数,8538.3839,0.00225219583488911
2023-09-14,2023-09-11,H30035.CSI,沪深300非银行金融指数,8633.0527,0.011087437752711
2023-09-14,2023-09-12,H30035.CSI,沪深300非银行金融指数,8537.502,-0.0110680084230228
2023-09-14,2023-09-13,H30035.CSI,沪深300非银行金融指数,8454.981,-0.00966570783819443
2023-09-14,2023-09-14,H30035.CSI,沪深300非银行金融指数,8466.4575,0.00135736555765176
2023-09-14,2023-09-15,H30035.CSI,沪深300非银行金融指数,8420.9219,-0.00537835334317815
2023-09-14,2023-06-20,H30199.CSI,中证全指电力公用事业指数,2727.1386,-0.00408512503081249
2023-09-14,2023-06-21,H30199.CSI,中证全指电力公用事业指数,2736.1994,0.00332245673175535
2023-09-14,2023-06-26,H30199.CSI,中证全指电力公用事业指数,2797.527,0.0224134249864978
2023-09-14,2023-06-27,H30199.CSI,中证全指电力公用事业指数,2792.1333,-0.0019280242871651
2023-09-14,2023-06-28,H30199.CSI,中证全指电力公用事业指数,2834.0223,0.0150025072227031
2023-09-14,2023-06-29,H30199.CSI,中证全指电力公用事业指数,2810.0732,-0.00845056864937166
2023-09-14,2023-06-30,H30199.CSI,中证全指电力公用事业指数,2796.5152,-0.00482478534722863
2023-09-14,2023-07-03,H30199.CSI,中证全指电力公用事业指数,2822.2921,0.00921750756083872
2023-09-14,2023-07-04,H30199.CSI,中证全指电力公用事业指数,2797.8981,-0.00864332929961442
2023-09-14,2023-07-05,H30199.CSI,中证全指电力公用事业指数,2791.3862,-0.00232742572004319
2023-09-14,2023-07-06,H30199.CSI,中证全指电力公用事业指数,2784.4839,-0.00247271409452399
2023-09-14,2023-07-07,H30199.CSI,中证全指电力公用事业指数,2807.2682,0.00818259354992135
2023-09-14,2023-07-10,H30199.CSI,中证全指电力公用事业指数,2826.5169,0.0068567370940904
2023-09-14,2023-07-11,H30199.CSI,中证全指电力公用事业指数,2810.3479,-0.00572046818471172
2023-09-14,2023-07-12,H30199.CSI,中证全指电力公用事业指数,2809.4818,-0.000308182485164954
2023-09-14,2023-07-13,H30199.CSI,中证全指电力公用事业指数,2816.4312,0.00247355224013202
2023-09-14,2023-07-14,H30199.CSI,中证全指电力公用事业指数,2783.8933,-0.011552882953434
2023-09-14,2023-07-17,H30199.CSI,中证全指电力公用事业指数,2782.7893,-0.000396566923021147
2023-09-14,2023-07-18,H30199.CSI,中证全指电力公用事业指数,2761.6133,-0.00760963109927149
2023-09-14,2023-07-19,H30199.CSI,中证全指电力公用事业指数,2755.0515,-0.0023760748834748
2023-09-14,2023-07-20,H30199.CSI,中证全指电力公用事业指数,2726.7473,-0.0102735647591343
2023-09-14,2023-07-21,H30199.CSI,中证全指电力公用事业指数,2720.9293,-0.00213367773390671
2023-09-14,2023-07-24,H30199.CSI,中证全指电力公用事业指数,2733.6735,0.00468376741725707
2023-09-14,2023-07-25,H30199.CSI,中证全指电力公用事业指数,2706.7546,-0.00984715255863577
2023-09-14,2023-07-26,H30199.CSI,中证全指电力公用事业指数,2706.5883,-6.14388906923224e-05
2023-09-14,2023-07-27,H30199.CSI,中证全指电力公用事业指数,2692.837,-0.00508067665850764
2023-09-14,2023-07-28,H30199.CSI,中证全指电力公用事业指数,2709.4879,0.00618340434270626
2023-09-14,2023-07-31,H30199.CSI,中证全指电力公用事业指数,2727.7366,0.00673511035055752
2023-09-14,2023-08-01,H30199.CSI,中证全指电力公用事业指数,2766.5342,0.0142233674615062
2023-09-14,2023-08-02,H30199.CSI,中证全指电力公用事业指数,2745.6393,-0.00755273511529342
2023-09-14,2023-08-03,H30199.CSI,中证全指电力公用事业指数,2761.2803,0.00569666962444781
2023-09-14,2023-08-04,H30199.CSI,中证全指电力公用事业指数,2748.283,-0.00470698320630469
2023-09-14,2023-08-07,H30199.CSI,中证全指电力公用事业指数,2761.4722,0.00479906909150185
2023-09-14,2023-08-08,H30199.CSI,中证全指电力公用事业指数,2751.2113,-0.00371573539650338
2023-09-14,2023-08-09,H30199.CSI,中证全指电力公用事业指数,2719.44,-0.0115481133710086
2023-09-14,2023-08-10,H30199.CSI,中证全指电力公用事业指数,2724.2165,0.00175642779395746
2023-09-14,2023-08-11,H30199.CSI,中证全指电力公用事业指数,2677.4313,-0.0171738186006875
2023-09-14,2023-08-14,H30199.CSI,中证全指电力公用事业指数,2695.1727,0.00662627646132319
2023-09-14,2023-08-15,H30199.CSI,中证全指电力公用事业指数,2713.5644,0.0068239411893718
2023-09-14,2023-08-16,H30199.CSI,中证全指电力公用事业指数,2693.2229,-0.00749622894522051
2023-09-14,2023-08-17,H30199.CSI,中证全指电力公用事业指数,2694.1077,0.000328528321959398
2023-09-14,2023-08-18,H30199.CSI,中证全指电力公用事业指数,2678.8802,-0.00565214968948713
2023-09-14,2023-08-21,H30199.CSI,中证全指电力公用事业指数,2648.8815,-0.0111982237951515
2023-09-14,2023-08-22,H30199.CSI,中证全指电力公用事业指数,2647.3109,-0.00059292950628409
2023-09-14,2023-08-23,H30199.CSI,中证全指电力公用事业指数,2611.5447,-0.0135103889762249
2023-09-14,2023-08-24,H30199.CSI,中证全指电力公用事业指数,2584.227,-0.0104603608737771
2023-09-14,2023-08-25,H30199.CSI,中证全指电力公用事业指数,2604.4785,0.0078365793717039
2023-09-14,2023-08-28,H30199.CSI,中证全指电力公用事业指数,2599.8482,-0.00177782231644463
2023-09-14,2023-08-29,H30199.CSI,中证全指电力公用事业指数,2604.1042,0.00163701865362764
2023-09-14,2023-08-30,H30199.CSI,中证全指电力公用事业指数,2585.321,-0.00721292181779831
2023-09-14,2023-08-31,H30199.CSI,中证全指电力公用事业指数,2597.1775,0.00458608428121687
2023-09-14,2023-09-01,H30199.CSI,中证全指电力公用事业指数,2585.7534,-0.00439865969884601
2023-09-14,2023-09-04,H30199.CSI,中证全指电力公用事业指数,2595.2631,0.00367772889711748
2023-09-14,2023-09-05,H30199.CSI,中证全指电力公用事业指数,2619.371,0.00928919306871046
2023-09-14,2023-09-06,H30199.CSI,中证全指电力公用事业指数,2601.3934,-0.00686332711173798
2023-09-14,2023-09-07,H30199.CSI,中证全指电力公用事业指数,2574.6538,-0.0102789528104438
2023-09-14,2023-09-08,H30199.CSI,中证全指电力公用事业指数,2606.0363,0.012189017412749
2023-09-14,2023-09-11,H30199.CSI,中证全指电力公用事业指数,2615.058,0.0034618474040442
2023-09-14,2023-09-12,H30199.CSI,中证全指电力公用事业指数,2625.4738,0.00398300917226324
2023-09-14,2023-09-13,H30199.CSI,中证全指电力公用事业指数,2627.1266,0.000629524469069054
2023-09-14,2023-09-14,H30199.CSI,中证全指电力公用事业指数,2655.8819,0.0109455326591417
2023-09-14,2023-09-15,H30199.CSI,中证全指电力公用事业指数,2621.2525,-0.0130387574839076
2023-09-14,2023-06-20,H30217.CSI,中证全指医疗器械指数,12509.4124,-0.00408666875146901
2023-09-14,2023-06-21,H30217.CSI,中证全指医疗器械指数,12345.0529,-0.0131388665386073
2023-09-14,2023-06-26,H30217.CSI,中证全指医疗器械指数,12264.1665,-0.00655213069196336
2023-09-14,2023-06-27,H30217.CSI,中证全指医疗器械指数,12364.0418,0.00814366797776289
2023-09-14,2023-06-28,H30217.CSI,中证全指医疗器械指数,12346.7512,-0.00139845855260701
2023-09-14,2023-06-29,H30217.CSI,中证全指医疗器械指数,12403.2716,0.00457775483481027
2023-09-14,2023-06-30,H30217.CSI,中证全指医疗器械指数,12456.6955,0.00430724261492421
2023-09-14,2023-07-03,H30217.CSI,中证全指医疗器械指数,12517.5789,0.00488760442125291
2023-09-14,2023-07-04,H30217.CSI,中证全指医疗器械指数,12513.5146,-0.000324687388229661
2023-09-14,2023-07-05,H30217.CSI,中证全指医疗器械指数,12427.0939,-0.00690618924918185
2023-09-14,2023-07-06,H30217.CSI,中证全指医疗器械指数,12302.7162,-0.0100085909868275
2023-09-14,2023-07-07,H30217.CSI,中证全指医疗器械指数,12261.6656,-0.00333671031117511
2023-09-14,2023-07-10,H30217.CSI,中证全指医疗器械指数,12269.5082,0.000639603154729551
2023-09-14,2023-07-11,H30217.CSI,中证全指医疗器械指数,12342.9097,0.00598243212388905
2023-09-14,2023-07-12,H30217.CSI,中证全指医疗器械指数,12218.7889,-0.0100560405136887
2023-09-14,2023-07-13,H30217.CSI,中证全指医疗器械指数,12375.4332,0.0128199530478834
2023-09-14,2023-07-14,H30217.CSI,中证全指医疗器械指数,12272.5464,-0.00831379381531472
2023-09-14,2023-07-17,H30217.CSI,中证全指医疗器械指数,12134.9931,-0.0112082118508022
2023-09-14,2023-07-18,H30217.CSI,中证全指医疗器械指数,12062.2662,-0.00599315544728241
2023-09-14,2023-07-19,H30217.CSI,中证全指医疗器械指数,12000.7233,-0.00510210096341601
2023-09-14,2023-07-20,H30217.CSI,中证全指医疗器械指数,11989.5471,-0.000931293866262228
2023-09-14,2023-07-21,H30217.CSI,中证全指医疗器械指数,12119.0307,0.0107997073550843
2023-09-14,2023-07-24,H30217.CSI,中证全指医疗器械指数,12175.2929,0.00464246699201776
2023-09-14,2023-07-25,H30217.CSI,中证全指医疗器械指数,12279.226,0.00853639422506225
2023-09-14,2023-07-26,H30217.CSI,中证全指医疗器械指数,12353.8446,0.00607681624232659
2023-09-14,2023-07-27,H30217.CSI,中证全指医疗器械指数,12313.6722,-0.00325181360950577
2023-09-14,2023-07-28,H30217.CSI,中证全指医疗器械指数,12417.2137,0.00840866139022278
2023-09-14,2023-07-31,H30217.CSI,中证全指医疗器械指数,12160.704,-0.020657589230344
2023-09-14,2023-08-01,H30217.CSI,中证全指医疗器械指数,12032.2791,-0.0105606468178158
2023-09-14,2023-08-02,H30217.CSI,中证全指医疗器械指数,11863.6397,-0.014015582467664
2023-09-14,2023-08-03,H30217.CSI,中证全指医疗器械指数,11929.8345,0.00557963674503714
2023-09-14,2023-08-04,H30217.CSI,中证全指医疗器械指数,11865.0592,-0.00542968974129532
2023-09-14,2023-08-07,H30217.CSI,中证全指医疗器械指数,11473.2908,-0.033018663741686
2023-09-14,2023-08-08,H30217.CSI,中证全指医疗器械指数,11489.5406,0.00141631553520805
2023-09-14,2023-08-09,H30217.CSI,中证全指医疗器械指数,11598.3276,0.00946835071891394
2023-09-14,2023-08-10,H30217.CSI,中证全指医疗器械指数,11559.5771,-0.00334104203092178
2023-09-14,2023-08-11,H30217.CSI,中证全指医疗器械指数,11438.04,-0.0105139745986036
2023-09-14,2023-08-14,H30217.CSI,中证全指医疗器械指数,11452.2191,0.00123964420477618
2023-09-14,2023-08-15,H30217.CSI,中证全指医疗器械指数,11398.8239,-0.00466243262845023
2023-09-14,2023-08-16,H30217.CSI,中证全指医疗器械指数,11448.7986,0.00438419791712019
2023-09-14,2023-08-17,H30217.CSI,中证全指医疗器械指数,11423.5389,-0.00220631883593447
2023-09-14,2023-08-18,H30217.CSI,中证全指医疗器械指数,11207.659,-0.0188978128310133
2023-09-14,2023-08-21,H30217.CSI,中证全指医疗器械指数,11162.6157,-0.00401897488137348
2023-09-14,2023-08-22,H30217.CSI,中证全指医疗器械指数,11083.3982,-0.00709667896208244
2023-09-14,2023-08-23,H30217.CSI,中证全指医疗器械指数,10853.2416,-0.0207658874874675
2023-09-14,2023-08-24,H30217.CSI,中证全指医疗器械指数,11005.1561,0.0139971545459747
2023-09-14,2023-08-25,H30217.CSI,中证全指医疗器械指数,10931.4419,-0.00669815124203466
2023-09-14,2023-08-28,H30217.CSI,中证全指医疗器械指数,10984.3081,0.00483615981163488
2023-09-14,2023-08-29,H30217.CSI,中证全指医疗器械指数,11244.2147,0.0236616268984662
2023-09-14,2023-08-30,H30217.CSI,中证全指医疗器械指数,11293.0643,0.00434442078022568
2023-09-14,2023-08-31,H30217.CSI,中证全指医疗器械指数,11288.1563,-0.000434603033297121
2023-09-14,2023-09-01,H30217.CSI,中证全指医疗器械指数,11260.6433,-0.00243733336683161
2023-09-14,2023-09-04,H30217.CSI,中证全指医疗器械指数,11264.8904,0.000377163176814355
2023-09-14,2023-09-05,H30217.CSI,中证全指医疗器械指数,11205.1271,-0.00530527132336778
2023-09-14,2023-09-06,H30217.CSI,中证全指医疗器械指数,11139.8124,-0.00582900126139574
2023-09-14,2023-09-07,H30217.CSI,中证全指医疗器械指数,10950.4349,-0.0170000618681874
2023-09-14,2023-09-08,H30217.CSI,中证全指医疗器械指数,11026.8681,0.00697992369234579
2023-09-14,2023-09-11,H30217.CSI,中证全指医疗器械指数,11357.5928,0.0299926232000545
2023-09-14,2023-09-12,H30217.CSI,中证全指医疗器械指数,11345.8175,-0.00103677779326627
2023-09-14,2023-09-13,H30217.CSI,中证全指医疗器械指数,11265.7037,-0.00706108660746563
2023-09-14,2023-09-14,H30217.CSI,中证全指医疗器械指数,11265.0037,-6.21354882607283e-05
2023-09-14,2023-09-15,H30217.CSI,中证全指医疗器械指数,11503.4358,0.0211657365012672
2023-09-14,2023-06-20,H30590.CSI,中证机器人指数,1673.7316,0.0245724402256795
2023-09-14,2023-06-21,H30590.CSI,中证机器人指数,1644.0982,-0.0177049892587319
2023-09-14,2023-06-26,H30590.CSI,中证机器人指数,1615.6021,-0.0173323588578832
2023-09-14,2023-06-27,H30590.CSI,中证机器人指数,1621.3218,0.0035402900256194
2023-09-14,2023-06-28,H30590.CSI,中证机器人指数,1618.9018,-0.00149260930186701
2023-09-14,2023-06-29,H30590.CSI,中证机器人指数,1649.3583,0.0188130620399583
2023-09-14,2023-06-30,H30590.CSI,中证机器人指数,1656.4446,0.004296398181038
2023-09-14,2023-07-03,H30590.CSI,中证机器人指数,1639.7078,-0.0101040505671003
2023-09-14,2023-07-04,H30590.CSI,中证机器人指数,1659.0765,0.0118122875307418
2023-09-14,2023-07-05,H30590.CSI,中证机器人指数,1650.2974,-0.00529155828558836
2023-09-14,2023-07-06,H30590.CSI,中证机器人指数,1643.6808,-0.00400933795326819
2023-09-14,2023-07-07,H30590.CSI,中证机器人指数,1624.5265,-0.0116532966741475
2023-09-14,2023-07-10,H30590.CSI,中证机器人指数,1603.5964,-0.0128838156841393
2023-09-14,2023-07-11,H30590.CSI,中证机器人指数,1630.6797,0.0168891000254179
2023-09-14,2023-07-12,H30590.CSI,中证机器人指数,1617.8427,-0.00787217747298874
2023-09-14,2023-07-13,H30590.CSI,中证机器人指数,1629.0042,0.00689900198579263
2023-09-14,2023-07-14,H30590.CSI,中证机器人指数,1622.977,-0.0036999290732338
2023-09-14,2023-07-17,H30590.CSI,中证机器人指数,1624.4581,0.000912582248546956
2023-09-14,2023-07-18,H30590.CSI,中证机器人指数,1616.3308,-0.00500308379760617
2023-09-14,2023-07-19,H30590.CSI,中证机器人指数,1611.6642,-0.00288715651523808
2023-09-14,2023-07-20,H30590.CSI,中证机器人指数,1583.0634,-0.017746128504933
2023-09-14,2023-07-21,H30590.CSI,中证机器人指数,1566.4881,-0.0104703955634373
2023-09-14,2023-07-24,H30590.CSI,中证机器人指数,1561.4329,-0.00322709122399334
2023-09-14,2023-07-25,H30590.CSI,中证机器人指数,1584.3565,0.014681130389913
2023-09-14,2023-07-26,H30590.CSI,中证机器人指数,1566.7793,-0.0110942202717634
2023-09-14,2023-07-27,H30590.CSI,中证机器人指数,1554.5123,-0.00782943711344652
2023-09-14,2023-07-28,H30590.CSI,中证机器人指数,1567.5999,0.00841910353491571
2023-09-14,2023-07-31,H30590.CSI,中证机器人指数,1584.4697,0.0107615469993332
2023-09-14,2023-08-01,H30590.CSI,中证机器人指数,1568.5665,-0.0100369227634963
2023-09-14,2023-08-02,H30590.CSI,中证机器人指数,1578.7517,0.0064933173059607
2023-09-14,2023-08-03,H30590.CSI,中证机器人指数,1581.0072,0.00142866037768963
2023-09-14,2023-08-04,H30590.CSI,中证机器人指数,1598.9922,0.0113756597692913
2023-09-14,2023-08-07,H30590.CSI,中证机器人指数,1596.3077,-0.00167886997822742
2023-09-14,2023-08-08,H30590.CSI,中证机器人指数,1582.1034,-0.00889822181525535
2023-09-14,2023-08-09,H30590.CSI,中证机器人指数,1564.6094,-0.0110574315180664
2023-09-14,2023-08-10,H30590.CSI,中证机器人指数,1566.077,0.000937997688112979
2023-09-14,2023-08-11,H30590.CSI,中证机器人指数,1534.1609,-0.0203796492765043
2023-09-14,2023-08-14,H30590.CSI,中证机器人指数,1535.7282,0.00102160079819513
2023-09-14,2023-08-15,H30590.CSI,中证机器人指数,1522.8845,-0.00836326375982421
2023-09-14,2023-08-16,H30590.CSI,中证机器人指数,1491.2657,-0.0207624412750934
2023-09-14,2023-08-17,H30590.CSI,中证机器人指数,1523.6821,0.0217375079437554
2023-09-14,2023-08-18,H30590.CSI,中证机器人指数,1501.7108,-0.0144198714416872
2023-09-14,2023-08-21,H30590.CSI,中证机器人指数,1477.4869,-0.0161308688730213
2023-09-14,2023-08-22,H30590.CSI,中证机器人指数,1494.456,0.0114851102909947
2023-09-14,2023-08-23,H30590.CSI,中证机器人指数,1458.8901,-0.0237985594758225
2023-09-14,2023-08-24,H30590.CSI,中证机器人指数,1454.3896,-0.00308487938879021
2023-09-14,2023-08-25,H30590.CSI,中证机器人指数,1425.2609,-0.0200281272638363
2023-09-14,2023-08-28,H30590.CSI,中证机器人指数,1433.4124,0.00571930374291463
2023-09-14,2023-08-29,H30590.CSI,中证机器人指数,1494.5054,0.0426206721805951
2023-09-14,2023-08-30,H30590.CSI,中证机器人指数,1515.1194,0.0137931920486871
2023-09-14,2023-08-31,H30590.CSI,中证机器人指数,1515.3166,0.000130154758760215
2023-09-14,2023-09-01,H30590.CSI,中证机器人指数,1512.6273,-0.00177474463092397
2023-09-14,2023-09-04,H30590.CSI,中证机器人指数,1525.1246,0.00826198231381903
2023-09-14,2023-09-05,H30590.CSI,中证机器人指数,1518.5243,-0.00432771197841808
2023-09-14,2023-09-06,H30590.CSI,中证机器人指数,1517.0511,-0.000970152403883207
2023-09-14,2023-09-07,H30590.CSI,中证机器人指数,1484.5822,-0.0214026409525691
2023-09-14,2023-09-08,H30590.CSI,中证机器人指数,1492.1776,0.00511618689756621
2023-09-14,2023-09-11,H30590.CSI,中证机器人指数,1504.413,0.00819969419189781
2023-09-14,2023-09-12,H30590.CSI,中证机器人指数,1504.0978,-0.000209516934511988
2023-09-14,2023-09-13,H30590.CSI,中证机器人指数,1475.2079,-0.019207461110574
2023-09-14,2023-09-14,H30590.CSI,中证机器人指数,1463.4134,-0.00799514427763037
2023-09-14,2023-09-15,H30590.CSI,中证机器人指数,1456.1238,-0.00498123086750457
2023-09-14,2023-06-20,SPCLLHCP.GI,标普中国A股大盘红利低波50指数,3167.43,-0.00843048372756994
2023-09-14,2023-06-21,SPCLLHCP.GI,标普中国A股大盘红利低波50指数,3135.99,-0.00992602835737488
2023-09-14,2023-06-26,SPCLLHCP.GI,标普中国A股大盘红利低波50指数,3086.88,-0.0156601264672399
2023-09-14,2023-06-27,SPCLLHCP.GI,标普中国A股大盘红利低波50指数,3136.5,0.016074482973099
2023-09-14,2023-06-28,SPCLLHCP.GI,标普中国A股大盘红利低波50指数,3139.1,0.000828949465965234
2023-09-14,2023-06-29,SPCLLHCP.GI,标普中国A股大盘红利低波50指数,3137.05,-0.000653053422955518
2023-09-14,2023-06-30,SPCLLHCP.GI,标普中国A股大盘红利低波50指数,3155.13,0.00576337642052249
2023-09-14,2023-07-03,SPCLLHCP.GI,标普中国A股大盘红利低波50指数,3191.84,0.0116350197931623
2023-09-14,2023-07-04,SPCLLHCP.GI,标普中国A股大盘红利低波50指数,3172.03,-0.00620645145120058
2023-09-14,2023-07-05,SPCLLHCP.GI,标普中国A股大盘红利低波50指数,3168.34,-0.00116329290706585
2023-09-14,2023-07-06,SPCLLHCP.GI,标普中国A股大盘红利低波50指数,3153.8,-0.00458915394181181
2023-09-14,2023-07-07,SPCLLHCP.GI,标普中国A股大盘红利低波50指数,3160.28,0.00205466421459821
2023-09-14,2023-07-10,SPCLLHCP.GI,标普中国A股大盘红利低波50指数,3162.35,0.000655005252699015
2023-09-14,2023-07-11,SPCLLHCP.GI,标普中国A股大盘红利低波50指数,3181.34,0.00600502790646207
2023-09-14,2023-07-12,SPCLLHCP.GI,标普中国A股大盘红利低波50指数,3149.91,-0.00987948474542188
2023-09-14,2023-07-13,SPCLLHCP.GI,标普中国A股大盘红利低波50指数,3206.5,0.0179655926677271
2023-09-14,2023-07-14,SPCLLHCP.GI,标普中国A股大盘红利低波50指数,3235.79,0.00913457040386723
2023-09-14,2023-07-17,SPCLLHCP.GI,标普中国A股大盘红利低波50指数,3216.36,-0.00600471600443786
2023-09-14,2023-07-18,SPCLLHCP.GI,标普中国A股大盘红利低波50指数,3200.55,-0.00491549453419393
2023-09-14,2023-07-19,SPCLLHCP.GI,标普中国A股大盘红利低波50指数,3204.95,0.00137476371248679
2023-09-14,2023-07-20,SPCLLHCP.GI,标普中国A股大盘红利低波50指数,3168.23,-0.0114572770246025
2023-09-14,2023-07-21,SPCLLHCP.GI,标普中国A股大盘红利低波50指数,3161.17,-0.00222837357136318
2023-09-14,2023-07-24,SPCLLHCP.GI,标普中国A股大盘红利低波50指数,3167.38,0.0019644625249513
2023-09-14,2023-07-25,SPCLLHCP.GI,标普中国A股大盘红利低波50指数,3210.23,0.0135285314676483
2023-09-14,2023-07-26,SPCLLHCP.GI,标普中国A股大盘红利低波50指数,3186.81,-0.00729542743043332
2023-09-14,2023-07-27,SPCLLHCP.GI,标普中国A股大盘红利低波50指数,3179.75,-0.00221538152572631
2023-09-14,2023-07-28,SPCLLHCP.GI,标普中国A股大盘红利低波50指数,3230.93,0.0160956050003931
2023-09-14,2023-07-31,SPCLLHCP.GI,标普中国A股大盘红利低波50指数,3244.81,0.00429597670020709
2023-09-14,2023-08-01,SPCLLHCP.GI,标普中国A股大盘红利低波50指数,3240.75,-0.00125122888551255
2023-09-14,2023-08-02,SPCLLHCP.GI,标普中国A股大盘红利低波50指数,3207.88,-0.0101427138779603
2023-09-14,2023-08-03,SPCLLHCP.GI,标普中国A股大盘红利低波50指数,3224.63,0.00522151701435214
2023-09-14,2023-08-04,SPCLLHCP.GI,标普中国A股大盘红利低波50指数,3220.99,-0.00112881167761891
2023-09-14,2023-08-07,SPCLLHCP.GI,标普中国A股大盘红利低波50指数,3201.66,-0.00600126048202565
2023-09-14,2023-08-08,SPCLLHCP.GI,标普中国A股大盘红利低波50指数,3197.73,-0.00122748824047525
2023-09-14,2023-08-09,SPCLLHCP.GI,标普中国A股大盘红利低波50指数,3192.61,-0.00160113580571219
2023-09-14,2023-08-10,SPCLLHCP.GI,标普中国A股大盘红利低波50指数,3195.42,0.000880157613989851
2023-09-14,2023-08-11,SPCLLHCP.GI,标普中国A股大盘红利低波50指数,3141.09,-0.0170024597705466
2023-09-14,2023-08-14,SPCLLHCP.GI,标普中国A股大盘红利低波50指数,3131.44,-0.00307218194957803
2023-09-14,2023-08-15,SPCLLHCP.GI,标普中国A股大盘红利低波50指数,3160.98,0.00943335973226378
2023-09-14,2023-08-16,SPCLLHCP.GI,标普中国A股大盘红利低波50指数,3153.58,-0.00234104613126307
2023-09-14,2023-08-17,SPCLLHCP.GI,标普中国A股大盘红利低波50指数,3156.55,0.000941786794690591
2023-09-14,2023-08-18,SPCLLHCP.GI,标普中国A股大盘红利低波50指数,3147.97,-0.00271815748206128
2023-09-14,2023-08-21,SPCLLHCP.GI,标普中国A股大盘红利低波50指数,3120.21,-0.00881838136958091
2023-09-14,2023-08-22,SPCLLHCP.GI,标普中国A股大盘红利低波50指数,3138.64,0.00590665371882015
2023-09-14,2023-08-23,SPCLLHCP.GI,标普中国A股大盘红利低波50指数,3126.86,-0.00375321795427308
2023-09-14,2023-08-24,SPCLLHCP.GI,标普中国A股大盘红利低波50指数,3111.85,-0.0048003428359441
2023-09-14,2023-08-25,SPCLLHCP.GI,标普中国A股大盘红利低波50指数,3125.69,0.00444751514372488
2023-09-14,2023-08-28,SPCLLHCP.GI,标普中国A股大盘红利低波50指数,3146.64,0.00670252008356553
2023-09-14,2023-08-29,SPCLLHCP.GI,标普中国A股大盘红利低波50指数,3129.85,-0.00533585030381611
2023-09-14,2023-08-30,SPCLLHCP.GI,标普中国A股大盘红利低波50指数,3113.87,-0.0051056759908622
2023-09-14,2023-08-31,SPCLLHCP.GI,标普中国A股大盘红利低波50指数,3112.94,-0.000298663720707637
2023-09-14,2023-09-01,SPCLLHCP.GI,标普中国A股大盘红利低波50指数,3146.89,0.0109060887778112
2023-09-14,2023-09-04,SPCLLHCP.GI,标普中国A股大盘红利低波50指数,3197.28,0.0160126346964782
2023-09-14,2023-09-05,SPCLLHCP.GI,标普中国A股大盘红利低波50指数,3174.86,-0.00701221037882205
2023-09-14,2023-09-06,SPCLLHCP.GI,标普中国A股大盘红利低波50指数,3168.87,-0.00188669736618319
2023-09-14,2023-09-07,SPCLLHCP.GI,标普中国A股大盘红利低波50指数,3156.86,-0.00378999454064055
2023-09-14,2023-09-08,SPCLLHCP.GI,标普中国A股大盘红利低波50指数,3138.42,-0.00584124731537039
2023-09-14,2023-09-11,SPCLLHCP.GI,标普中国A股大盘红利低波50指数,3158.24,0.00631527966301504
2023-09-14,2023-09-12,SPCLLHCP.GI,标普中国A股大盘红利低波50指数,3160.6,0.000747251633821389
2023-09-14,2023-09-13,SPCLLHCP.GI,标普中国A股大盘红利低波50指数,3164.99,0.00138897677656136
2023-09-14,2023-09-14,SPCLLHCP.GI,标普中国A股大盘红利低波50指数,3187.11,0.00698896363021695
2023-09-14,2023-09-15,SPCLLHCP.GI,标普中国A股大盘红利低波50指数,3168.42,-0.00586424691962317
