日期,代码,名称,上市日期,对标指数,benchmark,管理人,托管人,类别大类,类别细类,对标指数代码,规模,成交量,成交额,收盘价,VWAP,溢价率
2021-01-04,159231.SZ,华宝国证通用航空产业ETF,20250429,国证通用航空产业指数,国证通用航空产业指数收益率,华宝基金管理有限公司,长江证券股份有限公司,股票型ETF,主题指数ETF,980076.SZ,,,,,,
2021-01-05,159231.SZ,华宝国证通用航空产业ETF,20250429,国证通用航空产业指数,国证通用航空产业指数收益率,华宝基金管理有限公司,长江证券股份有限公司,股票型ETF,主题指数ETF,980076.SZ,,,,,,
2021-01-06,159231.SZ,华宝国证通用航空产业ETF,20250429,国证通用航空产业指数,国证通用航空产业指数收益率,华宝基金管理有限公司,长江证券股份有限公司,股票型ETF,主题指数ETF,980076.SZ,,,,,,
2021-01-07,159231.SZ,华宝国证通用航空产业ETF,20250429,国证通用航空产业指数,国证通用航空产业指数收益率,华宝基金管理有限公司,长江证券股份有限公司,股票型ETF,主题指数ETF,980076.SZ,,,,,,
2021-01-08,159231.SZ,华宝国证通用航空产业ETF,20250429,国证通用航空产业指数,国证通用航空产业指数收益率,华宝基金管理有限公司,长江证券股份有限公司,股票型ETF,主题指数ETF,980076.SZ,,,,,,
2021-01-11,159231.SZ,华宝国证通用航空产业ETF,20250429,国证通用航空产业指数,国证通用航空产业指数收益率,华宝基金管理有限公司,长江证券股份有限公司,股票型ETF,主题指数ETF,980076.SZ,,,,,,
2021-01-12,159231.SZ,华宝国证通用航空产业ETF,20250429,国证通用航空产业指数,国证通用航空产业指数收益率,华宝基金管理有限公司,长江证券股份有限公司,股票型ETF,主题指数ETF,980076.SZ,,,,,,
2021-01-13,159231.SZ,华宝国证通用航空产业ETF,20250429,国证通用航空产业指数,国证通用航空产业指数收益率,华宝基金管理有限公司,长江证券股份有限公司,股票型ETF,主题指数ETF,980076.SZ,,,,,,
2021-01-14,159231.SZ,华宝国证通用航空产业ETF,20250429,国证通用航空产业指数,国证通用航空产业指数收益率,华宝基金管理有限公司,长江证券股份有限公司,股票型ETF,主题指数ETF,980076.SZ,,,,,,
2021-01-15,159231.SZ,华宝国证通用航空产业ETF,20250429,国证通用航空产业指数,国证通用航空产业指数收益率,华宝基金管理有限公司,长江证券股份有限公司,股票型ETF,主题指数ETF,980076.SZ,,,,,,
2021-01-18,159231.SZ,华宝国证通用航空产业ETF,20250429,国证通用航空产业指数,国证通用航空产业指数收益率,华宝基金管理有限公司,长江证券股份有限公司,股票型ETF,主题指数ETF,980076.SZ,,,,,,
2021-01-19,159231.SZ,华宝国证通用航空产业ETF,20250429,国证通用航空产业指数,国证通用航空产业指数收益率,华宝基金管理有限公司,长江证券股份有限公司,股票型ETF,主题指数ETF,980076.SZ,,,,,,
2021-01-20,159231.SZ,华宝国证通用航空产业ETF,20250429,国证通用航空产业指数,国证通用航空产业指数收益率,华宝基金管理有限公司,长江证券股份有限公司,股票型ETF,主题指数ETF,980076.SZ,,,,,,
2021-01-21,159231.SZ,华宝国证通用航空产业ETF,20250429,国证通用航空产业指数,国证通用航空产业指数收益率,华宝基金管理有限公司,长江证券股份有限公司,股票型ETF,主题指数ETF,980076.SZ,,,,,,
2021-01-22,159231.SZ,华宝国证通用航空产业ETF,20250429,国证通用航空产业指数,国证通用航空产业指数收益率,华宝基金管理有限公司,长江证券股份有限公司,股票型ETF,主题指数ETF,980076.SZ,,,,,,
2021-01-25,159231.SZ,华宝国证通用航空产业ETF,20250429,国证通用航空产业指数,国证通用航空产业指数收益率,华宝基金管理有限公司,长江证券股份有限公司,股票型ETF,主题指数ETF,980076.SZ,,,,,,
2021-01-26,159231.SZ,华宝国证通用航空产业ETF,20250429,国证通用航空产业指数,国证通用航空产业指数收益率,华宝基金管理有限公司,长江证券股份有限公司,股票型ETF,主题指数ETF,980076.SZ,,,,,,
2021-01-27,159231.SZ,华宝国证通用航空产业ETF,20250429,国证通用航空产业指数,国证通用航空产业指数收益率,华宝基金管理有限公司,长江证券股份有限公司,股票型ETF,主题指数ETF,980076.SZ,,,,,,
2021-01-28,159231.SZ,华宝国证通用航空产业ETF,20250429,国证通用航空产业指数,国证通用航空产业指数收益率,华宝基金管理有限公司,长江证券股份有限公司,股票型ETF,主题指数ETF,980076.SZ,,,,,,
2021-01-29,159231.SZ,华宝国证通用航空产业ETF,20250429,国证通用航空产业指数,国证通用航空产业指数收益率,华宝基金管理有限公司,长江证券股份有限公司,股票型ETF,主题指数ETF,980076.SZ,,,,,,
2021-02-01,159231.SZ,华宝国证通用航空产业ETF,20250429,国证通用航空产业指数,国证通用航空产业指数收益率,华宝基金管理有限公司,长江证券股份有限公司,股票型ETF,主题指数ETF,980076.SZ,,,,,,
2021-02-02,159231.SZ,华宝国证通用航空产业ETF,20250429,国证通用航空产业指数,国证通用航空产业指数收益率,华宝基金管理有限公司,长江证券股份有限公司,股票型ETF,主题指数ETF,980076.SZ,,,,,,
2021-02-03,159231.SZ,华宝国证通用航空产业ETF,20250429,国证通用航空产业指数,国证通用航空产业指数收益率,华宝基金管理有限公司,长江证券股份有限公司,股票型ETF,主题指数ETF,980076.SZ,,,,,,
2021-02-04,159231.SZ,华宝国证通用航空产业ETF,20250429,国证通用航空产业指数,国证通用航空产业指数收益率,华宝基金管理有限公司,长江证券股份有限公司,股票型ETF,主题指数ETF,980076.SZ,,,,,,
2021-02-05,159231.SZ,华宝国证通用航空产业ETF,20250429,国证通用航空产业指数,国证通用航空产业指数收益率,华宝基金管理有限公司,长江证券股份有限公司,股票型ETF,主题指数ETF,980076.SZ,,,,,,
2021-02-08,159231.SZ,华宝国证通用航空产业ETF,20250429,国证通用航空产业指数,国证通用航空产业指数收益率,华宝基金管理有限公司,长江证券股份有限公司,股票型ETF,主题指数ETF,980076.SZ,,,,,,
2021-02-09,159231.SZ,华宝国证通用航空产业ETF,20250429,国证通用航空产业指数,国证通用航空产业指数收益率,华宝基金管理有限公司,长江证券股份有限公司,股票型ETF,主题指数ETF,980076.SZ,,,,,,
2021-02-10,159231.SZ,华宝国证通用航空产业ETF,20250429,国证通用航空产业指数,国证通用航空产业指数收益率,华宝基金管理有限公司,长江证券股份有限公司,股票型ETF,主题指数ETF,980076.SZ,,,,,,
2021-02-18,159231.SZ,华宝国证通用航空产业ETF,20250429,国证通用航空产业指数,国证通用航空产业指数收益率,华宝基金管理有限公司,长江证券股份有限公司,股票型ETF,主题指数ETF,980076.SZ,,,,,,
2021-02-19,159231.SZ,华宝国证通用航空产业ETF,20250429,国证通用航空产业指数,国证通用航空产业指数收益率,华宝基金管理有限公司,长江证券股份有限公司,股票型ETF,主题指数ETF,980076.SZ,,,,,,
2021-02-22,159231.SZ,华宝国证通用航空产业ETF,20250429,国证通用航空产业指数,国证通用航空产业指数收益率,华宝基金管理有限公司,长江证券股份有限公司,股票型ETF,主题指数ETF,980076.SZ,,,,,,
2021-02-23,159231.SZ,华宝国证通用航空产业ETF,20250429,国证通用航空产业指数,国证通用航空产业指数收益率,华宝基金管理有限公司,长江证券股份有限公司,股票型ETF,主题指数ETF,980076.SZ,,,,,,
2021-02-24,159231.SZ,华宝国证通用航空产业ETF,20250429,国证通用航空产业指数,国证通用航空产业指数收益率,华宝基金管理有限公司,长江证券股份有限公司,股票型ETF,主题指数ETF,980076.SZ,,,,,,
2021-02-25,159231.SZ,华宝国证通用航空产业ETF,20250429,国证通用航空产业指数,国证通用航空产业指数收益率,华宝基金管理有限公司,长江证券股份有限公司,股票型ETF,主题指数ETF,980076.SZ,,,,,,
2021-02-26,159231.SZ,华宝国证通用航空产业ETF,20250429,国证通用航空产业指数,国证通用航空产业指数收益率,华宝基金管理有限公司,长江证券股份有限公司,股票型ETF,主题指数ETF,980076.SZ,,,,,,
2021-03-01,159231.SZ,华宝国证通用航空产业ETF,20250429,国证通用航空产业指数,国证通用航空产业指数收益率,华宝基金管理有限公司,长江证券股份有限公司,股票型ETF,主题指数ETF,980076.SZ,,,,,,
2021-03-02,159231.SZ,华宝国证通用航空产业ETF,20250429,国证通用航空产业指数,国证通用航空产业指数收益率,华宝基金管理有限公司,长江证券股份有限公司,股票型ETF,主题指数ETF,980076.SZ,,,,,,
2021-03-03,159231.SZ,华宝国证通用航空产业ETF,20250429,国证通用航空产业指数,国证通用航空产业指数收益率,华宝基金管理有限公司,长江证券股份有限公司,股票型ETF,主题指数ETF,980076.SZ,,,,,,
2021-03-04,159231.SZ,华宝国证通用航空产业ETF,20250429,国证通用航空产业指数,国证通用航空产业指数收益率,华宝基金管理有限公司,长江证券股份有限公司,股票型ETF,主题指数ETF,980076.SZ,,,,,,
2021-03-05,159231.SZ,华宝国证通用航空产业ETF,20250429,国证通用航空产业指数,国证通用航空产业指数收益率,华宝基金管理有限公司,长江证券股份有限公司,股票型ETF,主题指数ETF,980076.SZ,,,,,,
2021-03-08,159231.SZ,华宝国证通用航空产业ETF,20250429,国证通用航空产业指数,国证通用航空产业指数收益率,华宝基金管理有限公司,长江证券股份有限公司,股票型ETF,主题指数ETF,980076.SZ,,,,,,
2021-03-09,159231.SZ,华宝国证通用航空产业ETF,20250429,国证通用航空产业指数,国证通用航空产业指数收益率,华宝基金管理有限公司,长江证券股份有限公司,股票型ETF,主题指数ETF,980076.SZ,,,,,,
2021-03-10,159231.SZ,华宝国证通用航空产业ETF,20250429,国证通用航空产业指数,国证通用航空产业指数收益率,华宝基金管理有限公司,长江证券股份有限公司,股票型ETF,主题指数ETF,980076.SZ,,,,,,
2021-03-11,159231.SZ,华宝国证通用航空产业ETF,20250429,国证通用航空产业指数,国证通用航空产业指数收益率,华宝基金管理有限公司,长江证券股份有限公司,股票型ETF,主题指数ETF,980076.SZ,,,,,,
2021-03-12,159231.SZ,华宝国证通用航空产业ETF,20250429,国证通用航空产业指数,国证通用航空产业指数收益率,华宝基金管理有限公司,长江证券股份有限公司,股票型ETF,主题指数ETF,980076.SZ,,,,,,
2021-03-15,159231.SZ,华宝国证通用航空产业ETF,20250429,国证通用航空产业指数,国证通用航空产业指数收益率,华宝基金管理有限公司,长江证券股份有限公司,股票型ETF,主题指数ETF,980076.SZ,,,,,,
2021-03-16,159231.SZ,华宝国证通用航空产业ETF,20250429,国证通用航空产业指数,国证通用航空产业指数收益率,华宝基金管理有限公司,长江证券股份有限公司,股票型ETF,主题指数ETF,980076.SZ,,,,,,
2021-03-17,159231.SZ,华宝国证通用航空产业ETF,20250429,国证通用航空产业指数,国证通用航空产业指数收益率,华宝基金管理有限公司,长江证券股份有限公司,股票型ETF,主题指数ETF,980076.SZ,,,,,,
2021-03-18,159231.SZ,华宝国证通用航空产业ETF,20250429,国证通用航空产业指数,国证通用航空产业指数收益率,华宝基金管理有限公司,长江证券股份有限公司,股票型ETF,主题指数ETF,980076.SZ,,,,,,
2021-03-19,159231.SZ,华宝国证通用航空产业ETF,20250429,国证通用航空产业指数,国证通用航空产业指数收益率,华宝基金管理有限公司,长江证券股份有限公司,股票型ETF,主题指数ETF,980076.SZ,,,,,,
2021-03-22,159231.SZ,华宝国证通用航空产业ETF,20250429,国证通用航空产业指数,国证通用航空产业指数收益率,华宝基金管理有限公司,长江证券股份有限公司,股票型ETF,主题指数ETF,980076.SZ,,,,,,
2021-03-23,159231.SZ,华宝国证通用航空产业ETF,20250429,国证通用航空产业指数,国证通用航空产业指数收益率,华宝基金管理有限公司,长江证券股份有限公司,股票型ETF,主题指数ETF,980076.SZ,,,,,,
2021-03-24,159231.SZ,华宝国证通用航空产业ETF,20250429,国证通用航空产业指数,国证通用航空产业指数收益率,华宝基金管理有限公司,长江证券股份有限公司,股票型ETF,主题指数ETF,980076.SZ,,,,,,
2021-03-25,159231.SZ,华宝国证通用航空产业ETF,20250429,国证通用航空产业指数,国证通用航空产业指数收益率,华宝基金管理有限公司,长江证券股份有限公司,股票型ETF,主题指数ETF,980076.SZ,,,,,,
2021-03-26,159231.SZ,华宝国证通用航空产业ETF,20250429,国证通用航空产业指数,国证通用航空产业指数收益率,华宝基金管理有限公司,长江证券股份有限公司,股票型ETF,主题指数ETF,980076.SZ,,,,,,
2021-03-29,159231.SZ,华宝国证通用航空产业ETF,20250429,国证通用航空产业指数,国证通用航空产业指数收益率,华宝基金管理有限公司,长江证券股份有限公司,股票型ETF,主题指数ETF,980076.SZ,,,,,,
2021-03-30,159231.SZ,华宝国证通用航空产业ETF,20250429,国证通用航空产业指数,国证通用航空产业指数收益率,华宝基金管理有限公司,长江证券股份有限公司,股票型ETF,主题指数ETF,980076.SZ,,,,,,
2021-03-31,159231.SZ,华宝国证通用航空产业ETF,20250429,国证通用航空产业指数,国证通用航空产业指数收益率,华宝基金管理有限公司,长江证券股份有限公司,股票型ETF,主题指数ETF,980076.SZ,,,,,,
2021-04-01,159231.SZ,华宝国证通用航空产业ETF,20250429,国证通用航空产业指数,国证通用航空产业指数收益率,华宝基金管理有限公司,长江证券股份有限公司,股票型ETF,主题指数ETF,980076.SZ,,,,,,
2021-04-02,159231.SZ,华宝国证通用航空产业ETF,20250429,国证通用航空产业指数,国证通用航空产业指数收益率,华宝基金管理有限公司,长江证券股份有限公司,股票型ETF,主题指数ETF,980076.SZ,,,,,,
2021-04-06,159231.SZ,华宝国证通用航空产业ETF,20250429,国证通用航空产业指数,国证通用航空产业指数收益率,华宝基金管理有限公司,长江证券股份有限公司,股票型ETF,主题指数ETF,980076.SZ,,,,,,
2021-04-07,159231.SZ,华宝国证通用航空产业ETF,20250429,国证通用航空产业指数,国证通用航空产业指数收益率,华宝基金管理有限公司,长江证券股份有限公司,股票型ETF,主题指数ETF,980076.SZ,,,,,,
2021-04-08,159231.SZ,华宝国证通用航空产业ETF,20250429,国证通用航空产业指数,国证通用航空产业指数收益率,华宝基金管理有限公司,长江证券股份有限公司,股票型ETF,主题指数ETF,980076.SZ,,,,,,
2021-04-09,159231.SZ,华宝国证通用航空产业ETF,20250429,国证通用航空产业指数,国证通用航空产业指数收益率,华宝基金管理有限公司,长江证券股份有限公司,股票型ETF,主题指数ETF,980076.SZ,,,,,,
2021-04-12,159231.SZ,华宝国证通用航空产业ETF,20250429,国证通用航空产业指数,国证通用航空产业指数收益率,华宝基金管理有限公司,长江证券股份有限公司,股票型ETF,主题指数ETF,980076.SZ,,,,,,
2021-04-13,159231.SZ,华宝国证通用航空产业ETF,20250429,国证通用航空产业指数,国证通用航空产业指数收益率,华宝基金管理有限公司,长江证券股份有限公司,股票型ETF,主题指数ETF,980076.SZ,,,,,,
2021-04-14,159231.SZ,华宝国证通用航空产业ETF,20250429,国证通用航空产业指数,国证通用航空产业指数收益率,华宝基金管理有限公司,长江证券股份有限公司,股票型ETF,主题指数ETF,980076.SZ,,,,,,
2021-04-15,159231.SZ,华宝国证通用航空产业ETF,20250429,国证通用航空产业指数,国证通用航空产业指数收益率,华宝基金管理有限公司,长江证券股份有限公司,股票型ETF,主题指数ETF,980076.SZ,,,,,,
2021-04-16,159231.SZ,华宝国证通用航空产业ETF,20250429,国证通用航空产业指数,国证通用航空产业指数收益率,华宝基金管理有限公司,长江证券股份有限公司,股票型ETF,主题指数ETF,980076.SZ,,,,,,
2021-04-19,159231.SZ,华宝国证通用航空产业ETF,20250429,国证通用航空产业指数,国证通用航空产业指数收益率,华宝基金管理有限公司,长江证券股份有限公司,股票型ETF,主题指数ETF,980076.SZ,,,,,,
2021-04-20,159231.SZ,华宝国证通用航空产业ETF,20250429,国证通用航空产业指数,国证通用航空产业指数收益率,华宝基金管理有限公司,长江证券股份有限公司,股票型ETF,主题指数ETF,980076.SZ,,,,,,
2021-04-21,159231.SZ,华宝国证通用航空产业ETF,20250429,国证通用航空产业指数,国证通用航空产业指数收益率,华宝基金管理有限公司,长江证券股份有限公司,股票型ETF,主题指数ETF,980076.SZ,,,,,,
2021-04-22,159231.SZ,华宝国证通用航空产业ETF,20250429,国证通用航空产业指数,国证通用航空产业指数收益率,华宝基金管理有限公司,长江证券股份有限公司,股票型ETF,主题指数ETF,980076.SZ,,,,,,
2021-04-23,159231.SZ,华宝国证通用航空产业ETF,20250429,国证通用航空产业指数,国证通用航空产业指数收益率,华宝基金管理有限公司,长江证券股份有限公司,股票型ETF,主题指数ETF,980076.SZ,,,,,,
2021-04-26,159231.SZ,华宝国证通用航空产业ETF,20250429,国证通用航空产业指数,国证通用航空产业指数收益率,华宝基金管理有限公司,长江证券股份有限公司,股票型ETF,主题指数ETF,980076.SZ,,,,,,
2021-04-27,159231.SZ,华宝国证通用航空产业ETF,20250429,国证通用航空产业指数,国证通用航空产业指数收益率,华宝基金管理有限公司,长江证券股份有限公司,股票型ETF,主题指数ETF,980076.SZ,,,,,,
2021-04-28,159231.SZ,华宝国证通用航空产业ETF,20250429,国证通用航空产业指数,国证通用航空产业指数收益率,华宝基金管理有限公司,长江证券股份有限公司,股票型ETF,主题指数ETF,980076.SZ,,,,,,
2021-04-29,159231.SZ,华宝国证通用航空产业ETF,20250429,国证通用航空产业指数,国证通用航空产业指数收益率,华宝基金管理有限公司,长江证券股份有限公司,股票型ETF,主题指数ETF,980076.SZ,,,,,,
2021-04-30,159231.SZ,华宝国证通用航空产业ETF,20250429,国证通用航空产业指数,国证通用航空产业指数收益率,华宝基金管理有限公司,长江证券股份有限公司,股票型ETF,主题指数ETF,980076.SZ,,,,,,
2021-05-06,159231.SZ,华宝国证通用航空产业ETF,20250429,国证通用航空产业指数,国证通用航空产业指数收益率,华宝基金管理有限公司,长江证券股份有限公司,股票型ETF,主题指数ETF,980076.SZ,,,,,,
2021-05-07,159231.SZ,华宝国证通用航空产业ETF,20250429,国证通用航空产业指数,国证通用航空产业指数收益率,华宝基金管理有限公司,长江证券股份有限公司,股票型ETF,主题指数ETF,980076.SZ,,,,,,
2021-05-10,159231.SZ,华宝国证通用航空产业ETF,20250429,国证通用航空产业指数,国证通用航空产业指数收益率,华宝基金管理有限公司,长江证券股份有限公司,股票型ETF,主题指数ETF,980076.SZ,,,,,,
2021-05-11,159231.SZ,华宝国证通用航空产业ETF,20250429,国证通用航空产业指数,国证通用航空产业指数收益率,华宝基金管理有限公司,长江证券股份有限公司,股票型ETF,主题指数ETF,980076.SZ,,,,,,
2021-05-12,159231.SZ,华宝国证通用航空产业ETF,20250429,国证通用航空产业指数,国证通用航空产业指数收益率,华宝基金管理有限公司,长江证券股份有限公司,股票型ETF,主题指数ETF,980076.SZ,,,,,,
2021-05-13,159231.SZ,华宝国证通用航空产业ETF,20250429,国证通用航空产业指数,国证通用航空产业指数收益率,华宝基金管理有限公司,长江证券股份有限公司,股票型ETF,主题指数ETF,980076.SZ,,,,,,
2021-05-14,159231.SZ,华宝国证通用航空产业ETF,20250429,国证通用航空产业指数,国证通用航空产业指数收益率,华宝基金管理有限公司,长江证券股份有限公司,股票型ETF,主题指数ETF,980076.SZ,,,,,,
2021-05-17,159231.SZ,华宝国证通用航空产业ETF,20250429,国证通用航空产业指数,国证通用航空产业指数收益率,华宝基金管理有限公司,长江证券股份有限公司,股票型ETF,主题指数ETF,980076.SZ,,,,,,
2021-05-18,159231.SZ,华宝国证通用航空产业ETF,20250429,国证通用航空产业指数,国证通用航空产业指数收益率,华宝基金管理有限公司,长江证券股份有限公司,股票型ETF,主题指数ETF,980076.SZ,,,,,,
2021-05-19,159231.SZ,华宝国证通用航空产业ETF,20250429,国证通用航空产业指数,国证通用航空产业指数收益率,华宝基金管理有限公司,长江证券股份有限公司,股票型ETF,主题指数ETF,980076.SZ,,,,,,
2021-05-20,159231.SZ,华宝国证通用航空产业ETF,20250429,国证通用航空产业指数,国证通用航空产业指数收益率,华宝基金管理有限公司,长江证券股份有限公司,股票型ETF,主题指数ETF,980076.SZ,,,,,,
2021-05-21,159231.SZ,华宝国证通用航空产业ETF,20250429,国证通用航空产业指数,国证通用航空产业指数收益率,华宝基金管理有限公司,长江证券股份有限公司,股票型ETF,主题指数ETF,980076.SZ,,,,,,
2021-05-24,159231.SZ,华宝国证通用航空产业ETF,20250429,国证通用航空产业指数,国证通用航空产业指数收益率,华宝基金管理有限公司,长江证券股份有限公司,股票型ETF,主题指数ETF,980076.SZ,,,,,,
2021-05-25,159231.SZ,华宝国证通用航空产业ETF,20250429,国证通用航空产业指数,国证通用航空产业指数收益率,华宝基金管理有限公司,长江证券股份有限公司,股票型ETF,主题指数ETF,980076.SZ,,,,,,
2021-05-26,159231.SZ,华宝国证通用航空产业ETF,20250429,国证通用航空产业指数,国证通用航空产业指数收益率,华宝基金管理有限公司,长江证券股份有限公司,股票型ETF,主题指数ETF,980076.SZ,,,,,,
2021-05-27,159231.SZ,华宝国证通用航空产业ETF,20250429,国证通用航空产业指数,国证通用航空产业指数收益率,华宝基金管理有限公司,长江证券股份有限公司,股票型ETF,主题指数ETF,980076.SZ,,,,,,
2021-05-28,159231.SZ,华宝国证通用航空产业ETF,20250429,国证通用航空产业指数,国证通用航空产业指数收益率,华宝基金管理有限公司,长江证券股份有限公司,股票型ETF,主题指数ETF,980076.SZ,,,,,,
2021-05-31,159231.SZ,华宝国证通用航空产业ETF,20250429,国证通用航空产业指数,国证通用航空产业指数收益率,华宝基金管理有限公司,长江证券股份有限公司,股票型ETF,主题指数ETF,980076.SZ,,,,,,
2021-06-01,159231.SZ,华宝国证通用航空产业ETF,20250429,国证通用航空产业指数,国证通用航空产业指数收益率,华宝基金管理有限公司,长江证券股份有限公司,股票型ETF,主题指数ETF,980076.SZ,,,,,,
2021-06-02,159231.SZ,华宝国证通用航空产业ETF,20250429,国证通用航空产业指数,国证通用航空产业指数收益率,华宝基金管理有限公司,长江证券股份有限公司,股票型ETF,主题指数ETF,980076.SZ,,,,,,
2021-06-03,159231.SZ,华宝国证通用航空产业ETF,20250429,国证通用航空产业指数,国证通用航空产业指数收益率,华宝基金管理有限公司,长江证券股份有限公司,股票型ETF,主题指数ETF,980076.SZ,,,,,,
2021-06-04,159231.SZ,华宝国证通用航空产业ETF,20250429,国证通用航空产业指数,国证通用航空产业指数收益率,华宝基金管理有限公司,长江证券股份有限公司,股票型ETF,主题指数ETF,980076.SZ,,,,,,
2021-06-07,159231.SZ,华宝国证通用航空产业ETF,20250429,国证通用航空产业指数,国证通用航空产业指数收益率,华宝基金管理有限公司,长江证券股份有限公司,股票型ETF,主题指数ETF,980076.SZ,,,,,,
2021-06-08,159231.SZ,华宝国证通用航空产业ETF,20250429,国证通用航空产业指数,国证通用航空产业指数收益率,华宝基金管理有限公司,长江证券股份有限公司,股票型ETF,主题指数ETF,980076.SZ,,,,,,
2021-06-09,159231.SZ,华宝国证通用航空产业ETF,20250429,国证通用航空产业指数,国证通用航空产业指数收益率,华宝基金管理有限公司,长江证券股份有限公司,股票型ETF,主题指数ETF,980076.SZ,,,,,,
2021-06-10,159231.SZ,华宝国证通用航空产业ETF,20250429,国证通用航空产业指数,国证通用航空产业指数收益率,华宝基金管理有限公司,长江证券股份有限公司,股票型ETF,主题指数ETF,980076.SZ,,,,,,
2021-06-11,159231.SZ,华宝国证通用航空产业ETF,20250429,国证通用航空产业指数,国证通用航空产业指数收益率,华宝基金管理有限公司,长江证券股份有限公司,股票型ETF,主题指数ETF,980076.SZ,,,,,,
2021-06-15,159231.SZ,华宝国证通用航空产业ETF,20250429,国证通用航空产业指数,国证通用航空产业指数收益率,华宝基金管理有限公司,长江证券股份有限公司,股票型ETF,主题指数ETF,980076.SZ,,,,,,
2021-06-16,159231.SZ,华宝国证通用航空产业ETF,20250429,国证通用航空产业指数,国证通用航空产业指数收益率,华宝基金管理有限公司,长江证券股份有限公司,股票型ETF,主题指数ETF,980076.SZ,,,,,,
2021-06-17,159231.SZ,华宝国证通用航空产业ETF,20250429,国证通用航空产业指数,国证通用航空产业指数收益率,华宝基金管理有限公司,长江证券股份有限公司,股票型ETF,主题指数ETF,980076.SZ,,,,,,
2021-06-18,159231.SZ,华宝国证通用航空产业ETF,20250429,国证通用航空产业指数,国证通用航空产业指数收益率,华宝基金管理有限公司,长江证券股份有限公司,股票型ETF,主题指数ETF,980076.SZ,,,,,,
2021-06-21,159231.SZ,华宝国证通用航空产业ETF,20250429,国证通用航空产业指数,国证通用航空产业指数收益率,华宝基金管理有限公司,长江证券股份有限公司,股票型ETF,主题指数ETF,980076.SZ,,,,,,
2021-06-22,159231.SZ,华宝国证通用航空产业ETF,20250429,国证通用航空产业指数,国证通用航空产业指数收益率,华宝基金管理有限公司,长江证券股份有限公司,股票型ETF,主题指数ETF,980076.SZ,,,,,,
2021-06-23,159231.SZ,华宝国证通用航空产业ETF,20250429,国证通用航空产业指数,国证通用航空产业指数收益率,华宝基金管理有限公司,长江证券股份有限公司,股票型ETF,主题指数ETF,980076.SZ,,,,,,
2021-06-24,159231.SZ,华宝国证通用航空产业ETF,20250429,国证通用航空产业指数,国证通用航空产业指数收益率,华宝基金管理有限公司,长江证券股份有限公司,股票型ETF,主题指数ETF,980076.SZ,,,,,,
2021-06-25,159231.SZ,华宝国证通用航空产业ETF,20250429,国证通用航空产业指数,国证通用航空产业指数收益率,华宝基金管理有限公司,长江证券股份有限公司,股票型ETF,主题指数ETF,980076.SZ,,,,,,
2021-06-28,159231.SZ,华宝国证通用航空产业ETF,20250429,国证通用航空产业指数,国证通用航空产业指数收益率,华宝基金管理有限公司,长江证券股份有限公司,股票型ETF,主题指数ETF,980076.SZ,,,,,,
2021-06-29,159231.SZ,华宝国证通用航空产业ETF,20250429,国证通用航空产业指数,国证通用航空产业指数收益率,华宝基金管理有限公司,长江证券股份有限公司,股票型ETF,主题指数ETF,980076.SZ,,,,,,
2021-06-30,159231.SZ,华宝国证通用航空产业ETF,20250429,国证通用航空产业指数,国证通用航空产业指数收益率,华宝基金管理有限公司,长江证券股份有限公司,股票型ETF,主题指数ETF,980076.SZ,,,,,,
2021-07-01,159231.SZ,华宝国证通用航空产业ETF,20250429,国证通用航空产业指数,国证通用航空产业指数收益率,华宝基金管理有限公司,长江证券股份有限公司,股票型ETF,主题指数ETF,980076.SZ,,,,,,
2021-07-02,159231.SZ,华宝国证通用航空产业ETF,20250429,国证通用航空产业指数,国证通用航空产业指数收益率,华宝基金管理有限公司,长江证券股份有限公司,股票型ETF,主题指数ETF,980076.SZ,,,,,,
2021-07-05,159231.SZ,华宝国证通用航空产业ETF,20250429,国证通用航空产业指数,国证通用航空产业指数收益率,华宝基金管理有限公司,长江证券股份有限公司,股票型ETF,主题指数ETF,980076.SZ,,,,,,
2021-07-06,159231.SZ,华宝国证通用航空产业ETF,20250429,国证通用航空产业指数,国证通用航空产业指数收益率,华宝基金管理有限公司,长江证券股份有限公司,股票型ETF,主题指数ETF,980076.SZ,,,,,,
2021-07-07,159231.SZ,华宝国证通用航空产业ETF,20250429,国证通用航空产业指数,国证通用航空产业指数收益率,华宝基金管理有限公司,长江证券股份有限公司,股票型ETF,主题指数ETF,980076.SZ,,,,,,
2021-07-08,159231.SZ,华宝国证通用航空产业ETF,20250429,国证通用航空产业指数,国证通用航空产业指数收益率,华宝基金管理有限公司,长江证券股份有限公司,股票型ETF,主题指数ETF,980076.SZ,,,,,,
2021-07-09,159231.SZ,华宝国证通用航空产业ETF,20250429,国证通用航空产业指数,国证通用航空产业指数收益率,华宝基金管理有限公司,长江证券股份有限公司,股票型ETF,主题指数ETF,980076.SZ,,,,,,
2021-07-12,159231.SZ,华宝国证通用航空产业ETF,20250429,国证通用航空产业指数,国证通用航空产业指数收益率,华宝基金管理有限公司,长江证券股份有限公司,股票型ETF,主题指数ETF,980076.SZ,,,,,,
2021-07-13,159231.SZ,华宝国证通用航空产业ETF,20250429,国证通用航空产业指数,国证通用航空产业指数收益率,华宝基金管理有限公司,长江证券股份有限公司,股票型ETF,主题指数ETF,980076.SZ,,,,,,
2021-07-14,159231.SZ,华宝国证通用航空产业ETF,20250429,国证通用航空产业指数,国证通用航空产业指数收益率,华宝基金管理有限公司,长江证券股份有限公司,股票型ETF,主题指数ETF,980076.SZ,,,,,,
2021-07-15,159231.SZ,华宝国证通用航空产业ETF,20250429,国证通用航空产业指数,国证通用航空产业指数收益率,华宝基金管理有限公司,长江证券股份有限公司,股票型ETF,主题指数ETF,980076.SZ,,,,,,
2021-07-16,159231.SZ,华宝国证通用航空产业ETF,20250429,国证通用航空产业指数,国证通用航空产业指数收益率,华宝基金管理有限公司,长江证券股份有限公司,股票型ETF,主题指数ETF,980076.SZ,,,,,,
2021-07-19,159231.SZ,华宝国证通用航空产业ETF,20250429,国证通用航空产业指数,国证通用航空产业指数收益率,华宝基金管理有限公司,长江证券股份有限公司,股票型ETF,主题指数ETF,980076.SZ,,,,,,
2021-07-20,159231.SZ,华宝国证通用航空产业ETF,20250429,国证通用航空产业指数,国证通用航空产业指数收益率,华宝基金管理有限公司,长江证券股份有限公司,股票型ETF,主题指数ETF,980076.SZ,,,,,,
2021-07-21,159231.SZ,华宝国证通用航空产业ETF,20250429,国证通用航空产业指数,国证通用航空产业指数收益率,华宝基金管理有限公司,长江证券股份有限公司,股票型ETF,主题指数ETF,980076.SZ,,,,,,
2021-07-22,159231.SZ,华宝国证通用航空产业ETF,20250429,国证通用航空产业指数,国证通用航空产业指数收益率,华宝基金管理有限公司,长江证券股份有限公司,股票型ETF,主题指数ETF,980076.SZ,,,,,,
2021-07-23,159231.SZ,华宝国证通用航空产业ETF,20250429,国证通用航空产业指数,国证通用航空产业指数收益率,华宝基金管理有限公司,长江证券股份有限公司,股票型ETF,主题指数ETF,980076.SZ,,,,,,
2021-07-26,159231.SZ,华宝国证通用航空产业ETF,20250429,国证通用航空产业指数,国证通用航空产业指数收益率,华宝基金管理有限公司,长江证券股份有限公司,股票型ETF,主题指数ETF,980076.SZ,,,,,,
2021-07-27,159231.SZ,华宝国证通用航空产业ETF,20250429,国证通用航空产业指数,国证通用航空产业指数收益率,华宝基金管理有限公司,长江证券股份有限公司,股票型ETF,主题指数ETF,980076.SZ,,,,,,
2021-07-28,159231.SZ,华宝国证通用航空产业ETF,20250429,国证通用航空产业指数,国证通用航空产业指数收益率,华宝基金管理有限公司,长江证券股份有限公司,股票型ETF,主题指数ETF,980076.SZ,,,,,,
2021-07-29,159231.SZ,华宝国证通用航空产业ETF,20250429,国证通用航空产业指数,国证通用航空产业指数收益率,华宝基金管理有限公司,长江证券股份有限公司,股票型ETF,主题指数ETF,980076.SZ,,,,,,
2021-07-30,159231.SZ,华宝国证通用航空产业ETF,20250429,国证通用航空产业指数,国证通用航空产业指数收益率,华宝基金管理有限公司,长江证券股份有限公司,股票型ETF,主题指数ETF,980076.SZ,,,,,,
2021-08-02,159231.SZ,华宝国证通用航空产业ETF,20250429,国证通用航空产业指数,国证通用航空产业指数收益率,华宝基金管理有限公司,长江证券股份有限公司,股票型ETF,主题指数ETF,980076.SZ,,,,,,
2021-08-03,159231.SZ,华宝国证通用航空产业ETF,20250429,国证通用航空产业指数,国证通用航空产业指数收益率,华宝基金管理有限公司,长江证券股份有限公司,股票型ETF,主题指数ETF,980076.SZ,,,,,,
2021-08-04,159231.SZ,华宝国证通用航空产业ETF,20250429,国证通用航空产业指数,国证通用航空产业指数收益率,华宝基金管理有限公司,长江证券股份有限公司,股票型ETF,主题指数ETF,980076.SZ,,,,,,
2021-08-05,159231.SZ,华宝国证通用航空产业ETF,20250429,国证通用航空产业指数,国证通用航空产业指数收益率,华宝基金管理有限公司,长江证券股份有限公司,股票型ETF,主题指数ETF,980076.SZ,,,,,,
2021-08-06,159231.SZ,华宝国证通用航空产业ETF,20250429,国证通用航空产业指数,国证通用航空产业指数收益率,华宝基金管理有限公司,长江证券股份有限公司,股票型ETF,主题指数ETF,980076.SZ,,,,,,
2021-08-09,159231.SZ,华宝国证通用航空产业ETF,20250429,国证通用航空产业指数,国证通用航空产业指数收益率,华宝基金管理有限公司,长江证券股份有限公司,股票型ETF,主题指数ETF,980076.SZ,,,,,,
2021-08-10,159231.SZ,华宝国证通用航空产业ETF,20250429,国证通用航空产业指数,国证通用航空产业指数收益率,华宝基金管理有限公司,长江证券股份有限公司,股票型ETF,主题指数ETF,980076.SZ,,,,,,
2021-08-11,159231.SZ,华宝国证通用航空产业ETF,20250429,国证通用航空产业指数,国证通用航空产业指数收益率,华宝基金管理有限公司,长江证券股份有限公司,股票型ETF,主题指数ETF,980076.SZ,,,,,,
2021-08-12,159231.SZ,华宝国证通用航空产业ETF,20250429,国证通用航空产业指数,国证通用航空产业指数收益率,华宝基金管理有限公司,长江证券股份有限公司,股票型ETF,主题指数ETF,980076.SZ,,,,,,
2021-08-13,159231.SZ,华宝国证通用航空产业ETF,20250429,国证通用航空产业指数,国证通用航空产业指数收益率,华宝基金管理有限公司,长江证券股份有限公司,股票型ETF,主题指数ETF,980076.SZ,,,,,,
2021-08-16,159231.SZ,华宝国证通用航空产业ETF,20250429,国证通用航空产业指数,国证通用航空产业指数收益率,华宝基金管理有限公司,长江证券股份有限公司,股票型ETF,主题指数ETF,980076.SZ,,,,,,
2021-08-17,159231.SZ,华宝国证通用航空产业ETF,20250429,国证通用航空产业指数,国证通用航空产业指数收益率,华宝基金管理有限公司,长江证券股份有限公司,股票型ETF,主题指数ETF,980076.SZ,,,,,,
2021-08-18,159231.SZ,华宝国证通用航空产业ETF,20250429,国证通用航空产业指数,国证通用航空产业指数收益率,华宝基金管理有限公司,长江证券股份有限公司,股票型ETF,主题指数ETF,980076.SZ,,,,,,
2021-08-19,159231.SZ,华宝国证通用航空产业ETF,20250429,国证通用航空产业指数,国证通用航空产业指数收益率,华宝基金管理有限公司,长江证券股份有限公司,股票型ETF,主题指数ETF,980076.SZ,,,,,,
2021-08-20,159231.SZ,华宝国证通用航空产业ETF,20250429,国证通用航空产业指数,国证通用航空产业指数收益率,华宝基金管理有限公司,长江证券股份有限公司,股票型ETF,主题指数ETF,980076.SZ,,,,,,
2021-08-23,159231.SZ,华宝国证通用航空产业ETF,20250429,国证通用航空产业指数,国证通用航空产业指数收益率,华宝基金管理有限公司,长江证券股份有限公司,股票型ETF,主题指数ETF,980076.SZ,,,,,,
2021-08-24,159231.SZ,华宝国证通用航空产业ETF,20250429,国证通用航空产业指数,国证通用航空产业指数收益率,华宝基金管理有限公司,长江证券股份有限公司,股票型ETF,主题指数ETF,980076.SZ,,,,,,
2021-08-25,159231.SZ,华宝国证通用航空产业ETF,20250429,国证通用航空产业指数,国证通用航空产业指数收益率,华宝基金管理有限公司,长江证券股份有限公司,股票型ETF,主题指数ETF,980076.SZ,,,,,,
2021-08-26,159231.SZ,华宝国证通用航空产业ETF,20250429,国证通用航空产业指数,国证通用航空产业指数收益率,华宝基金管理有限公司,长江证券股份有限公司,股票型ETF,主题指数ETF,980076.SZ,,,,,,
2021-08-27,159231.SZ,华宝国证通用航空产业ETF,20250429,国证通用航空产业指数,国证通用航空产业指数收益率,华宝基金管理有限公司,长江证券股份有限公司,股票型ETF,主题指数ETF,980076.SZ,,,,,,
2021-08-30,159231.SZ,华宝国证通用航空产业ETF,20250429,国证通用航空产业指数,国证通用航空产业指数收益率,华宝基金管理有限公司,长江证券股份有限公司,股票型ETF,主题指数ETF,980076.SZ,,,,,,
2021-08-31,159231.SZ,华宝国证通用航空产业ETF,20250429,国证通用航空产业指数,国证通用航空产业指数收益率,华宝基金管理有限公司,长江证券股份有限公司,股票型ETF,主题指数ETF,980076.SZ,,,,,,
2021-09-01,159231.SZ,华宝国证通用航空产业ETF,20250429,国证通用航空产业指数,国证通用航空产业指数收益率,华宝基金管理有限公司,长江证券股份有限公司,股票型ETF,主题指数ETF,980076.SZ,,,,,,
2021-09-02,159231.SZ,华宝国证通用航空产业ETF,20250429,国证通用航空产业指数,国证通用航空产业指数收益率,华宝基金管理有限公司,长江证券股份有限公司,股票型ETF,主题指数ETF,980076.SZ,,,,,,
2021-09-03,159231.SZ,华宝国证通用航空产业ETF,20250429,国证通用航空产业指数,国证通用航空产业指数收益率,华宝基金管理有限公司,长江证券股份有限公司,股票型ETF,主题指数ETF,980076.SZ,,,,,,
2021-09-06,159231.SZ,华宝国证通用航空产业ETF,20250429,国证通用航空产业指数,国证通用航空产业指数收益率,华宝基金管理有限公司,长江证券股份有限公司,股票型ETF,主题指数ETF,980076.SZ,,,,,,
2021-09-07,159231.SZ,华宝国证通用航空产业ETF,20250429,国证通用航空产业指数,国证通用航空产业指数收益率,华宝基金管理有限公司,长江证券股份有限公司,股票型ETF,主题指数ETF,980076.SZ,,,,,,
2021-09-08,159231.SZ,华宝国证通用航空产业ETF,20250429,国证通用航空产业指数,国证通用航空产业指数收益率,华宝基金管理有限公司,长江证券股份有限公司,股票型ETF,主题指数ETF,980076.SZ,,,,,,
2021-09-09,159231.SZ,华宝国证通用航空产业ETF,20250429,国证通用航空产业指数,国证通用航空产业指数收益率,华宝基金管理有限公司,长江证券股份有限公司,股票型ETF,主题指数ETF,980076.SZ,,,,,,
2021-09-10,159231.SZ,华宝国证通用航空产业ETF,20250429,国证通用航空产业指数,国证通用航空产业指数收益率,华宝基金管理有限公司,长江证券股份有限公司,股票型ETF,主题指数ETF,980076.SZ,,,,,,
2021-09-13,159231.SZ,华宝国证通用航空产业ETF,20250429,国证通用航空产业指数,国证通用航空产业指数收益率,华宝基金管理有限公司,长江证券股份有限公司,股票型ETF,主题指数ETF,980076.SZ,,,,,,
2021-09-14,159231.SZ,华宝国证通用航空产业ETF,20250429,国证通用航空产业指数,国证通用航空产业指数收益率,华宝基金管理有限公司,长江证券股份有限公司,股票型ETF,主题指数ETF,980076.SZ,,,,,,
2021-09-15,159231.SZ,华宝国证通用航空产业ETF,20250429,国证通用航空产业指数,国证通用航空产业指数收益率,华宝基金管理有限公司,长江证券股份有限公司,股票型ETF,主题指数ETF,980076.SZ,,,,,,
2021-09-16,159231.SZ,华宝国证通用航空产业ETF,20250429,国证通用航空产业指数,国证通用航空产业指数收益率,华宝基金管理有限公司,长江证券股份有限公司,股票型ETF,主题指数ETF,980076.SZ,,,,,,
2021-09-17,159231.SZ,华宝国证通用航空产业ETF,20250429,国证通用航空产业指数,国证通用航空产业指数收益率,华宝基金管理有限公司,长江证券股份有限公司,股票型ETF,主题指数ETF,980076.SZ,,,,,,
2021-09-22,159231.SZ,华宝国证通用航空产业ETF,20250429,国证通用航空产业指数,国证通用航空产业指数收益率,华宝基金管理有限公司,长江证券股份有限公司,股票型ETF,主题指数ETF,980076.SZ,,,,,,
2021-09-23,159231.SZ,华宝国证通用航空产业ETF,20250429,国证通用航空产业指数,国证通用航空产业指数收益率,华宝基金管理有限公司,长江证券股份有限公司,股票型ETF,主题指数ETF,980076.SZ,,,,,,
2021-09-24,159231.SZ,华宝国证通用航空产业ETF,20250429,国证通用航空产业指数,国证通用航空产业指数收益率,华宝基金管理有限公司,长江证券股份有限公司,股票型ETF,主题指数ETF,980076.SZ,,,,,,
2021-09-27,159231.SZ,华宝国证通用航空产业ETF,20250429,国证通用航空产业指数,国证通用航空产业指数收益率,华宝基金管理有限公司,长江证券股份有限公司,股票型ETF,主题指数ETF,980076.SZ,,,,,,
2021-09-28,159231.SZ,华宝国证通用航空产业ETF,20250429,国证通用航空产业指数,国证通用航空产业指数收益率,华宝基金管理有限公司,长江证券股份有限公司,股票型ETF,主题指数ETF,980076.SZ,,,,,,
2021-09-29,159231.SZ,华宝国证通用航空产业ETF,20250429,国证通用航空产业指数,国证通用航空产业指数收益率,华宝基金管理有限公司,长江证券股份有限公司,股票型ETF,主题指数ETF,980076.SZ,,,,,,
2021-09-30,159231.SZ,华宝国证通用航空产业ETF,20250429,国证通用航空产业指数,国证通用航空产业指数收益率,华宝基金管理有限公司,长江证券股份有限公司,股票型ETF,主题指数ETF,980076.SZ,,,,,,
2021-10-08,159231.SZ,华宝国证通用航空产业ETF,20250429,国证通用航空产业指数,国证通用航空产业指数收益率,华宝基金管理有限公司,长江证券股份有限公司,股票型ETF,主题指数ETF,980076.SZ,,,,,,
2021-10-11,159231.SZ,华宝国证通用航空产业ETF,20250429,国证通用航空产业指数,国证通用航空产业指数收益率,华宝基金管理有限公司,长江证券股份有限公司,股票型ETF,主题指数ETF,980076.SZ,,,,,,
2021-10-12,159231.SZ,华宝国证通用航空产业ETF,20250429,国证通用航空产业指数,国证通用航空产业指数收益率,华宝基金管理有限公司,长江证券股份有限公司,股票型ETF,主题指数ETF,980076.SZ,,,,,,
2021-10-13,159231.SZ,华宝国证通用航空产业ETF,20250429,国证通用航空产业指数,国证通用航空产业指数收益率,华宝基金管理有限公司,长江证券股份有限公司,股票型ETF,主题指数ETF,980076.SZ,,,,,,
2021-10-14,159231.SZ,华宝国证通用航空产业ETF,20250429,国证通用航空产业指数,国证通用航空产业指数收益率,华宝基金管理有限公司,长江证券股份有限公司,股票型ETF,主题指数ETF,980076.SZ,,,,,,
2021-10-15,159231.SZ,华宝国证通用航空产业ETF,20250429,国证通用航空产业指数,国证通用航空产业指数收益率,华宝基金管理有限公司,长江证券股份有限公司,股票型ETF,主题指数ETF,980076.SZ,,,,,,
2021-10-18,159231.SZ,华宝国证通用航空产业ETF,20250429,国证通用航空产业指数,国证通用航空产业指数收益率,华宝基金管理有限公司,长江证券股份有限公司,股票型ETF,主题指数ETF,980076.SZ,,,,,,
2021-10-19,159231.SZ,华宝国证通用航空产业ETF,20250429,国证通用航空产业指数,国证通用航空产业指数收益率,华宝基金管理有限公司,长江证券股份有限公司,股票型ETF,主题指数ETF,980076.SZ,,,,,,
2021-10-20,159231.SZ,华宝国证通用航空产业ETF,20250429,国证通用航空产业指数,国证通用航空产业指数收益率,华宝基金管理有限公司,长江证券股份有限公司,股票型ETF,主题指数ETF,980076.SZ,,,,,,
2021-10-21,159231.SZ,华宝国证通用航空产业ETF,20250429,国证通用航空产业指数,国证通用航空产业指数收益率,华宝基金管理有限公司,长江证券股份有限公司,股票型ETF,主题指数ETF,980076.SZ,,,,,,
2021-10-22,159231.SZ,华宝国证通用航空产业ETF,20250429,国证通用航空产业指数,国证通用航空产业指数收益率,华宝基金管理有限公司,长江证券股份有限公司,股票型ETF,主题指数ETF,980076.SZ,,,,,,
2021-10-25,159231.SZ,华宝国证通用航空产业ETF,20250429,国证通用航空产业指数,国证通用航空产业指数收益率,华宝基金管理有限公司,长江证券股份有限公司,股票型ETF,主题指数ETF,980076.SZ,,,,,,
2021-10-26,159231.SZ,华宝国证通用航空产业ETF,20250429,国证通用航空产业指数,国证通用航空产业指数收益率,华宝基金管理有限公司,长江证券股份有限公司,股票型ETF,主题指数ETF,980076.SZ,,,,,,
2021-10-27,159231.SZ,华宝国证通用航空产业ETF,20250429,国证通用航空产业指数,国证通用航空产业指数收益率,华宝基金管理有限公司,长江证券股份有限公司,股票型ETF,主题指数ETF,980076.SZ,,,,,,
2021-10-28,159231.SZ,华宝国证通用航空产业ETF,20250429,国证通用航空产业指数,国证通用航空产业指数收益率,华宝基金管理有限公司,长江证券股份有限公司,股票型ETF,主题指数ETF,980076.SZ,,,,,,
2021-10-29,159231.SZ,华宝国证通用航空产业ETF,20250429,国证通用航空产业指数,国证通用航空产业指数收益率,华宝基金管理有限公司,长江证券股份有限公司,股票型ETF,主题指数ETF,980076.SZ,,,,,,
2021-11-01,159231.SZ,华宝国证通用航空产业ETF,20250429,国证通用航空产业指数,国证通用航空产业指数收益率,华宝基金管理有限公司,长江证券股份有限公司,股票型ETF,主题指数ETF,980076.SZ,,,,,,
2021-11-02,159231.SZ,华宝国证通用航空产业ETF,20250429,国证通用航空产业指数,国证通用航空产业指数收益率,华宝基金管理有限公司,长江证券股份有限公司,股票型ETF,主题指数ETF,980076.SZ,,,,,,
2021-11-03,159231.SZ,华宝国证通用航空产业ETF,20250429,国证通用航空产业指数,国证通用航空产业指数收益率,华宝基金管理有限公司,长江证券股份有限公司,股票型ETF,主题指数ETF,980076.SZ,,,,,,
2021-11-04,159231.SZ,华宝国证通用航空产业ETF,20250429,国证通用航空产业指数,国证通用航空产业指数收益率,华宝基金管理有限公司,长江证券股份有限公司,股票型ETF,主题指数ETF,980076.SZ,,,,,,
2021-11-05,159231.SZ,华宝国证通用航空产业ETF,20250429,国证通用航空产业指数,国证通用航空产业指数收益率,华宝基金管理有限公司,长江证券股份有限公司,股票型ETF,主题指数ETF,980076.SZ,,,,,,
2021-11-08,159231.SZ,华宝国证通用航空产业ETF,20250429,国证通用航空产业指数,国证通用航空产业指数收益率,华宝基金管理有限公司,长江证券股份有限公司,股票型ETF,主题指数ETF,980076.SZ,,,,,,
2021-11-09,159231.SZ,华宝国证通用航空产业ETF,20250429,国证通用航空产业指数,国证通用航空产业指数收益率,华宝基金管理有限公司,长江证券股份有限公司,股票型ETF,主题指数ETF,980076.SZ,,,,,,
2021-11-10,159231.SZ,华宝国证通用航空产业ETF,20250429,国证通用航空产业指数,国证通用航空产业指数收益率,华宝基金管理有限公司,长江证券股份有限公司,股票型ETF,主题指数ETF,980076.SZ,,,,,,
2021-11-11,159231.SZ,华宝国证通用航空产业ETF,20250429,国证通用航空产业指数,国证通用航空产业指数收益率,华宝基金管理有限公司,长江证券股份有限公司,股票型ETF,主题指数ETF,980076.SZ,,,,,,
2021-11-12,159231.SZ,华宝国证通用航空产业ETF,20250429,国证通用航空产业指数,国证通用航空产业指数收益率,华宝基金管理有限公司,长江证券股份有限公司,股票型ETF,主题指数ETF,980076.SZ,,,,,,
2021-11-15,159231.SZ,华宝国证通用航空产业ETF,20250429,国证通用航空产业指数,国证通用航空产业指数收益率,华宝基金管理有限公司,长江证券股份有限公司,股票型ETF,主题指数ETF,980076.SZ,,,,,,
2021-11-16,159231.SZ,华宝国证通用航空产业ETF,20250429,国证通用航空产业指数,国证通用航空产业指数收益率,华宝基金管理有限公司,长江证券股份有限公司,股票型ETF,主题指数ETF,980076.SZ,,,,,,
2021-11-17,159231.SZ,华宝国证通用航空产业ETF,20250429,国证通用航空产业指数,国证通用航空产业指数收益率,华宝基金管理有限公司,长江证券股份有限公司,股票型ETF,主题指数ETF,980076.SZ,,,,,,
2021-11-18,159231.SZ,华宝国证通用航空产业ETF,20250429,国证通用航空产业指数,国证通用航空产业指数收益率,华宝基金管理有限公司,长江证券股份有限公司,股票型ETF,主题指数ETF,980076.SZ,,,,,,
2021-11-19,159231.SZ,华宝国证通用航空产业ETF,20250429,国证通用航空产业指数,国证通用航空产业指数收益率,华宝基金管理有限公司,长江证券股份有限公司,股票型ETF,主题指数ETF,980076.SZ,,,,,,
2021-11-22,159231.SZ,华宝国证通用航空产业ETF,20250429,国证通用航空产业指数,国证通用航空产业指数收益率,华宝基金管理有限公司,长江证券股份有限公司,股票型ETF,主题指数ETF,980076.SZ,,,,,,
2021-11-23,159231.SZ,华宝国证通用航空产业ETF,20250429,国证通用航空产业指数,国证通用航空产业指数收益率,华宝基金管理有限公司,长江证券股份有限公司,股票型ETF,主题指数ETF,980076.SZ,,,,,,
2021-11-24,159231.SZ,华宝国证通用航空产业ETF,20250429,国证通用航空产业指数,国证通用航空产业指数收益率,华宝基金管理有限公司,长江证券股份有限公司,股票型ETF,主题指数ETF,980076.SZ,,,,,,
2021-11-25,159231.SZ,华宝国证通用航空产业ETF,20250429,国证通用航空产业指数,国证通用航空产业指数收益率,华宝基金管理有限公司,长江证券股份有限公司,股票型ETF,主题指数ETF,980076.SZ,,,,,,
2021-11-26,159231.SZ,华宝国证通用航空产业ETF,20250429,国证通用航空产业指数,国证通用航空产业指数收益率,华宝基金管理有限公司,长江证券股份有限公司,股票型ETF,主题指数ETF,980076.SZ,,,,,,
2021-11-29,159231.SZ,华宝国证通用航空产业ETF,20250429,国证通用航空产业指数,国证通用航空产业指数收益率,华宝基金管理有限公司,长江证券股份有限公司,股票型ETF,主题指数ETF,980076.SZ,,,,,,
2021-11-30,159231.SZ,华宝国证通用航空产业ETF,20250429,国证通用航空产业指数,国证通用航空产业指数收益率,华宝基金管理有限公司,长江证券股份有限公司,股票型ETF,主题指数ETF,980076.SZ,,,,,,
2021-12-01,159231.SZ,华宝国证通用航空产业ETF,20250429,国证通用航空产业指数,国证通用航空产业指数收益率,华宝基金管理有限公司,长江证券股份有限公司,股票型ETF,主题指数ETF,980076.SZ,,,,,,
2021-12-02,159231.SZ,华宝国证通用航空产业ETF,20250429,国证通用航空产业指数,国证通用航空产业指数收益率,华宝基金管理有限公司,长江证券股份有限公司,股票型ETF,主题指数ETF,980076.SZ,,,,,,
2021-12-03,159231.SZ,华宝国证通用航空产业ETF,20250429,国证通用航空产业指数,国证通用航空产业指数收益率,华宝基金管理有限公司,长江证券股份有限公司,股票型ETF,主题指数ETF,980076.SZ,,,,,,
2021-12-06,159231.SZ,华宝国证通用航空产业ETF,20250429,国证通用航空产业指数,国证通用航空产业指数收益率,华宝基金管理有限公司,长江证券股份有限公司,股票型ETF,主题指数ETF,980076.SZ,,,,,,
2021-12-07,159231.SZ,华宝国证通用航空产业ETF,20250429,国证通用航空产业指数,国证通用航空产业指数收益率,华宝基金管理有限公司,长江证券股份有限公司,股票型ETF,主题指数ETF,980076.SZ,,,,,,
2021-12-08,159231.SZ,华宝国证通用航空产业ETF,20250429,国证通用航空产业指数,国证通用航空产业指数收益率,华宝基金管理有限公司,长江证券股份有限公司,股票型ETF,主题指数ETF,980076.SZ,,,,,,
2021-12-09,159231.SZ,华宝国证通用航空产业ETF,20250429,国证通用航空产业指数,国证通用航空产业指数收益率,华宝基金管理有限公司,长江证券股份有限公司,股票型ETF,主题指数ETF,980076.SZ,,,,,,
2021-12-10,159231.SZ,华宝国证通用航空产业ETF,20250429,国证通用航空产业指数,国证通用航空产业指数收益率,华宝基金管理有限公司,长江证券股份有限公司,股票型ETF,主题指数ETF,980076.SZ,,,,,,
2021-12-13,159231.SZ,华宝国证通用航空产业ETF,20250429,国证通用航空产业指数,国证通用航空产业指数收益率,华宝基金管理有限公司,长江证券股份有限公司,股票型ETF,主题指数ETF,980076.SZ,,,,,,
2021-12-14,159231.SZ,华宝国证通用航空产业ETF,20250429,国证通用航空产业指数,国证通用航空产业指数收益率,华宝基金管理有限公司,长江证券股份有限公司,股票型ETF,主题指数ETF,980076.SZ,,,,,,
2021-12-15,159231.SZ,华宝国证通用航空产业ETF,20250429,国证通用航空产业指数,国证通用航空产业指数收益率,华宝基金管理有限公司,长江证券股份有限公司,股票型ETF,主题指数ETF,980076.SZ,,,,,,
2021-12-16,159231.SZ,华宝国证通用航空产业ETF,20250429,国证通用航空产业指数,国证通用航空产业指数收益率,华宝基金管理有限公司,长江证券股份有限公司,股票型ETF,主题指数ETF,980076.SZ,,,,,,
2021-12-17,159231.SZ,华宝国证通用航空产业ETF,20250429,国证通用航空产业指数,国证通用航空产业指数收益率,华宝基金管理有限公司,长江证券股份有限公司,股票型ETF,主题指数ETF,980076.SZ,,,,,,
2021-12-20,159231.SZ,华宝国证通用航空产业ETF,20250429,国证通用航空产业指数,国证通用航空产业指数收益率,华宝基金管理有限公司,长江证券股份有限公司,股票型ETF,主题指数ETF,980076.SZ,,,,,,
2021-12-21,159231.SZ,华宝国证通用航空产业ETF,20250429,国证通用航空产业指数,国证通用航空产业指数收益率,华宝基金管理有限公司,长江证券股份有限公司,股票型ETF,主题指数ETF,980076.SZ,,,,,,
2021-12-22,159231.SZ,华宝国证通用航空产业ETF,20250429,国证通用航空产业指数,国证通用航空产业指数收益率,华宝基金管理有限公司,长江证券股份有限公司,股票型ETF,主题指数ETF,980076.SZ,,,,,,
2021-12-23,159231.SZ,华宝国证通用航空产业ETF,20250429,国证通用航空产业指数,国证通用航空产业指数收益率,华宝基金管理有限公司,长江证券股份有限公司,股票型ETF,主题指数ETF,980076.SZ,,,,,,
2021-12-24,159231.SZ,华宝国证通用航空产业ETF,20250429,国证通用航空产业指数,国证通用航空产业指数收益率,华宝基金管理有限公司,长江证券股份有限公司,股票型ETF,主题指数ETF,980076.SZ,,,,,,
2021-12-27,159231.SZ,华宝国证通用航空产业ETF,20250429,国证通用航空产业指数,国证通用航空产业指数收益率,华宝基金管理有限公司,长江证券股份有限公司,股票型ETF,主题指数ETF,980076.SZ,,,,,,
2021-12-28,159231.SZ,华宝国证通用航空产业ETF,20250429,国证通用航空产业指数,国证通用航空产业指数收益率,华宝基金管理有限公司,长江证券股份有限公司,股票型ETF,主题指数ETF,980076.SZ,,,,,,
2021-12-29,159231.SZ,华宝国证通用航空产业ETF,20250429,国证通用航空产业指数,国证通用航空产业指数收益率,华宝基金管理有限公司,长江证券股份有限公司,股票型ETF,主题指数ETF,980076.SZ,,,,,,
2021-12-30,159231.SZ,华宝国证通用航空产业ETF,20250429,国证通用航空产业指数,国证通用航空产业指数收益率,华宝基金管理有限公司,长江证券股份有限公司,股票型ETF,主题指数ETF,980076.SZ,,,,,,
2021-12-31,159231.SZ,华宝国证通用航空产业ETF,20250429,国证通用航空产业指数,国证通用航空产业指数收益率,华宝基金管理有限公司,长江证券股份有限公司,股票型ETF,主题指数ETF,980076.SZ,,,,,,
2022-01-04,159231.SZ,华宝国证通用航空产业ETF,20250429,国证通用航空产业指数,国证通用航空产业指数收益率,华宝基金管理有限公司,长江证券股份有限公司,股票型ETF,主题指数ETF,980076.SZ,,,,,,
2022-01-05,159231.SZ,华宝国证通用航空产业ETF,20250429,国证通用航空产业指数,国证通用航空产业指数收益率,华宝基金管理有限公司,长江证券股份有限公司,股票型ETF,主题指数ETF,980076.SZ,,,,,,
2022-01-06,159231.SZ,华宝国证通用航空产业ETF,20250429,国证通用航空产业指数,国证通用航空产业指数收益率,华宝基金管理有限公司,长江证券股份有限公司,股票型ETF,主题指数ETF,980076.SZ,,,,,,
2022-01-07,159231.SZ,华宝国证通用航空产业ETF,20250429,国证通用航空产业指数,国证通用航空产业指数收益率,华宝基金管理有限公司,长江证券股份有限公司,股票型ETF,主题指数ETF,980076.SZ,,,,,,
2022-01-10,159231.SZ,华宝国证通用航空产业ETF,20250429,国证通用航空产业指数,国证通用航空产业指数收益率,华宝基金管理有限公司,长江证券股份有限公司,股票型ETF,主题指数ETF,980076.SZ,,,,,,
2022-01-11,159231.SZ,华宝国证通用航空产业ETF,20250429,国证通用航空产业指数,国证通用航空产业指数收益率,华宝基金管理有限公司,长江证券股份有限公司,股票型ETF,主题指数ETF,980076.SZ,,,,,,
2022-01-12,159231.SZ,华宝国证通用航空产业ETF,20250429,国证通用航空产业指数,国证通用航空产业指数收益率,华宝基金管理有限公司,长江证券股份有限公司,股票型ETF,主题指数ETF,980076.SZ,,,,,,
2022-01-13,159231.SZ,华宝国证通用航空产业ETF,20250429,国证通用航空产业指数,国证通用航空产业指数收益率,华宝基金管理有限公司,长江证券股份有限公司,股票型ETF,主题指数ETF,980076.SZ,,,,,,
2022-01-14,159231.SZ,华宝国证通用航空产业ETF,20250429,国证通用航空产业指数,国证通用航空产业指数收益率,华宝基金管理有限公司,长江证券股份有限公司,股票型ETF,主题指数ETF,980076.SZ,,,,,,
2022-01-17,159231.SZ,华宝国证通用航空产业ETF,20250429,国证通用航空产业指数,国证通用航空产业指数收益率,华宝基金管理有限公司,长江证券股份有限公司,股票型ETF,主题指数ETF,980076.SZ,,,,,,
2022-01-18,159231.SZ,华宝国证通用航空产业ETF,20250429,国证通用航空产业指数,国证通用航空产业指数收益率,华宝基金管理有限公司,长江证券股份有限公司,股票型ETF,主题指数ETF,980076.SZ,,,,,,
2022-01-19,159231.SZ,华宝国证通用航空产业ETF,20250429,国证通用航空产业指数,国证通用航空产业指数收益率,华宝基金管理有限公司,长江证券股份有限公司,股票型ETF,主题指数ETF,980076.SZ,,,,,,
2022-01-20,159231.SZ,华宝国证通用航空产业ETF,20250429,国证通用航空产业指数,国证通用航空产业指数收益率,华宝基金管理有限公司,长江证券股份有限公司,股票型ETF,主题指数ETF,980076.SZ,,,,,,
2022-01-21,159231.SZ,华宝国证通用航空产业ETF,20250429,国证通用航空产业指数,国证通用航空产业指数收益率,华宝基金管理有限公司,长江证券股份有限公司,股票型ETF,主题指数ETF,980076.SZ,,,,,,
2022-01-24,159231.SZ,华宝国证通用航空产业ETF,20250429,国证通用航空产业指数,国证通用航空产业指数收益率,华宝基金管理有限公司,长江证券股份有限公司,股票型ETF,主题指数ETF,980076.SZ,,,,,,
2022-01-25,159231.SZ,华宝国证通用航空产业ETF,20250429,国证通用航空产业指数,国证通用航空产业指数收益率,华宝基金管理有限公司,长江证券股份有限公司,股票型ETF,主题指数ETF,980076.SZ,,,,,,
2022-01-26,159231.SZ,华宝国证通用航空产业ETF,20250429,国证通用航空产业指数,国证通用航空产业指数收益率,华宝基金管理有限公司,长江证券股份有限公司,股票型ETF,主题指数ETF,980076.SZ,,,,,,
2022-01-27,159231.SZ,华宝国证通用航空产业ETF,20250429,国证通用航空产业指数,国证通用航空产业指数收益率,华宝基金管理有限公司,长江证券股份有限公司,股票型ETF,主题指数ETF,980076.SZ,,,,,,
2022-01-28,159231.SZ,华宝国证通用航空产业ETF,20250429,国证通用航空产业指数,国证通用航空产业指数收益率,华宝基金管理有限公司,长江证券股份有限公司,股票型ETF,主题指数ETF,980076.SZ,,,,,,
2022-02-07,159231.SZ,华宝国证通用航空产业ETF,20250429,国证通用航空产业指数,国证通用航空产业指数收益率,华宝基金管理有限公司,长江证券股份有限公司,股票型ETF,主题指数ETF,980076.SZ,,,,,,
2022-02-08,159231.SZ,华宝国证通用航空产业ETF,20250429,国证通用航空产业指数,国证通用航空产业指数收益率,华宝基金管理有限公司,长江证券股份有限公司,股票型ETF,主题指数ETF,980076.SZ,,,,,,
2022-02-09,159231.SZ,华宝国证通用航空产业ETF,20250429,国证通用航空产业指数,国证通用航空产业指数收益率,华宝基金管理有限公司,长江证券股份有限公司,股票型ETF,主题指数ETF,980076.SZ,,,,,,
2022-02-10,159231.SZ,华宝国证通用航空产业ETF,20250429,国证通用航空产业指数,国证通用航空产业指数收益率,华宝基金管理有限公司,长江证券股份有限公司,股票型ETF,主题指数ETF,980076.SZ,,,,,,
2022-02-11,159231.SZ,华宝国证通用航空产业ETF,20250429,国证通用航空产业指数,国证通用航空产业指数收益率,华宝基金管理有限公司,长江证券股份有限公司,股票型ETF,主题指数ETF,980076.SZ,,,,,,
2022-02-14,159231.SZ,华宝国证通用航空产业ETF,20250429,国证通用航空产业指数,国证通用航空产业指数收益率,华宝基金管理有限公司,长江证券股份有限公司,股票型ETF,主题指数ETF,980076.SZ,,,,,,
2022-02-15,159231.SZ,华宝国证通用航空产业ETF,20250429,国证通用航空产业指数,国证通用航空产业指数收益率,华宝基金管理有限公司,长江证券股份有限公司,股票型ETF,主题指数ETF,980076.SZ,,,,,,
2022-02-16,159231.SZ,华宝国证通用航空产业ETF,20250429,国证通用航空产业指数,国证通用航空产业指数收益率,华宝基金管理有限公司,长江证券股份有限公司,股票型ETF,主题指数ETF,980076.SZ,,,,,,
2022-02-17,159231.SZ,华宝国证通用航空产业ETF,20250429,国证通用航空产业指数,国证通用航空产业指数收益率,华宝基金管理有限公司,长江证券股份有限公司,股票型ETF,主题指数ETF,980076.SZ,,,,,,
2022-02-18,159231.SZ,华宝国证通用航空产业ETF,20250429,国证通用航空产业指数,国证通用航空产业指数收益率,华宝基金管理有限公司,长江证券股份有限公司,股票型ETF,主题指数ETF,980076.SZ,,,,,,
2022-02-21,159231.SZ,华宝国证通用航空产业ETF,20250429,国证通用航空产业指数,国证通用航空产业指数收益率,华宝基金管理有限公司,长江证券股份有限公司,股票型ETF,主题指数ETF,980076.SZ,,,,,,
2022-02-22,159231.SZ,华宝国证通用航空产业ETF,20250429,国证通用航空产业指数,国证通用航空产业指数收益率,华宝基金管理有限公司,长江证券股份有限公司,股票型ETF,主题指数ETF,980076.SZ,,,,,,
2022-02-23,159231.SZ,华宝国证通用航空产业ETF,20250429,国证通用航空产业指数,国证通用航空产业指数收益率,华宝基金管理有限公司,长江证券股份有限公司,股票型ETF,主题指数ETF,980076.SZ,,,,,,
2022-02-24,159231.SZ,华宝国证通用航空产业ETF,20250429,国证通用航空产业指数,国证通用航空产业指数收益率,华宝基金管理有限公司,长江证券股份有限公司,股票型ETF,主题指数ETF,980076.SZ,,,,,,
2022-02-25,159231.SZ,华宝国证通用航空产业ETF,20250429,国证通用航空产业指数,国证通用航空产业指数收益率,华宝基金管理有限公司,长江证券股份有限公司,股票型ETF,主题指数ETF,980076.SZ,,,,,,
2022-02-28,159231.SZ,华宝国证通用航空产业ETF,20250429,国证通用航空产业指数,国证通用航空产业指数收益率,华宝基金管理有限公司,长江证券股份有限公司,股票型ETF,主题指数ETF,980076.SZ,,,,,,
2022-03-01,159231.SZ,华宝国证通用航空产业ETF,20250429,国证通用航空产业指数,国证通用航空产业指数收益率,华宝基金管理有限公司,长江证券股份有限公司,股票型ETF,主题指数ETF,980076.SZ,,,,,,
2022-03-02,159231.SZ,华宝国证通用航空产业ETF,20250429,国证通用航空产业指数,国证通用航空产业指数收益率,华宝基金管理有限公司,长江证券股份有限公司,股票型ETF,主题指数ETF,980076.SZ,,,,,,
2022-03-03,159231.SZ,华宝国证通用航空产业ETF,20250429,国证通用航空产业指数,国证通用航空产业指数收益率,华宝基金管理有限公司,长江证券股份有限公司,股票型ETF,主题指数ETF,980076.SZ,,,,,,
2022-03-04,159231.SZ,华宝国证通用航空产业ETF,20250429,国证通用航空产业指数,国证通用航空产业指数收益率,华宝基金管理有限公司,长江证券股份有限公司,股票型ETF,主题指数ETF,980076.SZ,,,,,,
2022-03-07,159231.SZ,华宝国证通用航空产业ETF,20250429,国证通用航空产业指数,国证通用航空产业指数收益率,华宝基金管理有限公司,长江证券股份有限公司,股票型ETF,主题指数ETF,980076.SZ,,,,,,
2022-03-08,159231.SZ,华宝国证通用航空产业ETF,20250429,国证通用航空产业指数,国证通用航空产业指数收益率,华宝基金管理有限公司,长江证券股份有限公司,股票型ETF,主题指数ETF,980076.SZ,,,,,,
2022-03-09,159231.SZ,华宝国证通用航空产业ETF,20250429,国证通用航空产业指数,国证通用航空产业指数收益率,华宝基金管理有限公司,长江证券股份有限公司,股票型ETF,主题指数ETF,980076.SZ,,,,,,
2022-03-10,159231.SZ,华宝国证通用航空产业ETF,20250429,国证通用航空产业指数,国证通用航空产业指数收益率,华宝基金管理有限公司,长江证券股份有限公司,股票型ETF,主题指数ETF,980076.SZ,,,,,,
2022-03-11,159231.SZ,华宝国证通用航空产业ETF,20250429,国证通用航空产业指数,国证通用航空产业指数收益率,华宝基金管理有限公司,长江证券股份有限公司,股票型ETF,主题指数ETF,980076.SZ,,,,,,
2022-03-14,159231.SZ,华宝国证通用航空产业ETF,20250429,国证通用航空产业指数,国证通用航空产业指数收益率,华宝基金管理有限公司,长江证券股份有限公司,股票型ETF,主题指数ETF,980076.SZ,,,,,,
2022-03-15,159231.SZ,华宝国证通用航空产业ETF,20250429,国证通用航空产业指数,国证通用航空产业指数收益率,华宝基金管理有限公司,长江证券股份有限公司,股票型ETF,主题指数ETF,980076.SZ,,,,,,
2022-03-16,159231.SZ,华宝国证通用航空产业ETF,20250429,国证通用航空产业指数,国证通用航空产业指数收益率,华宝基金管理有限公司,长江证券股份有限公司,股票型ETF,主题指数ETF,980076.SZ,,,,,,
2022-03-17,159231.SZ,华宝国证通用航空产业ETF,20250429,国证通用航空产业指数,国证通用航空产业指数收益率,华宝基金管理有限公司,长江证券股份有限公司,股票型ETF,主题指数ETF,980076.SZ,,,,,,
2022-03-18,159231.SZ,华宝国证通用航空产业ETF,20250429,国证通用航空产业指数,国证通用航空产业指数收益率,华宝基金管理有限公司,长江证券股份有限公司,股票型ETF,主题指数ETF,980076.SZ,,,,,,
2022-03-21,159231.SZ,华宝国证通用航空产业ETF,20250429,国证通用航空产业指数,国证通用航空产业指数收益率,华宝基金管理有限公司,长江证券股份有限公司,股票型ETF,主题指数ETF,980076.SZ,,,,,,
2022-03-22,159231.SZ,华宝国证通用航空产业ETF,20250429,国证通用航空产业指数,国证通用航空产业指数收益率,华宝基金管理有限公司,长江证券股份有限公司,股票型ETF,主题指数ETF,980076.SZ,,,,,,
2022-03-23,159231.SZ,华宝国证通用航空产业ETF,20250429,国证通用航空产业指数,国证通用航空产业指数收益率,华宝基金管理有限公司,长江证券股份有限公司,股票型ETF,主题指数ETF,980076.SZ,,,,,,
2022-03-24,159231.SZ,华宝国证通用航空产业ETF,20250429,国证通用航空产业指数,国证通用航空产业指数收益率,华宝基金管理有限公司,长江证券股份有限公司,股票型ETF,主题指数ETF,980076.SZ,,,,,,
2022-03-25,159231.SZ,华宝国证通用航空产业ETF,20250429,国证通用航空产业指数,国证通用航空产业指数收益率,华宝基金管理有限公司,长江证券股份有限公司,股票型ETF,主题指数ETF,980076.SZ,,,,,,
2022-03-28,159231.SZ,华宝国证通用航空产业ETF,20250429,国证通用航空产业指数,国证通用航空产业指数收益率,华宝基金管理有限公司,长江证券股份有限公司,股票型ETF,主题指数ETF,980076.SZ,,,,,,
2022-03-29,159231.SZ,华宝国证通用航空产业ETF,20250429,国证通用航空产业指数,国证通用航空产业指数收益率,华宝基金管理有限公司,长江证券股份有限公司,股票型ETF,主题指数ETF,980076.SZ,,,,,,
2022-03-30,159231.SZ,华宝国证通用航空产业ETF,20250429,国证通用航空产业指数,国证通用航空产业指数收益率,华宝基金管理有限公司,长江证券股份有限公司,股票型ETF,主题指数ETF,980076.SZ,,,,,,
2022-03-31,159231.SZ,华宝国证通用航空产业ETF,20250429,国证通用航空产业指数,国证通用航空产业指数收益率,华宝基金管理有限公司,长江证券股份有限公司,股票型ETF,主题指数ETF,980076.SZ,,,,,,
2022-04-01,159231.SZ,华宝国证通用航空产业ETF,20250429,国证通用航空产业指数,国证通用航空产业指数收益率,华宝基金管理有限公司,长江证券股份有限公司,股票型ETF,主题指数ETF,980076.SZ,,,,,,
2022-04-06,159231.SZ,华宝国证通用航空产业ETF,20250429,国证通用航空产业指数,国证通用航空产业指数收益率,华宝基金管理有限公司,长江证券股份有限公司,股票型ETF,主题指数ETF,980076.SZ,,,,,,
2022-04-07,159231.SZ,华宝国证通用航空产业ETF,20250429,国证通用航空产业指数,国证通用航空产业指数收益率,华宝基金管理有限公司,长江证券股份有限公司,股票型ETF,主题指数ETF,980076.SZ,,,,,,
2022-04-08,159231.SZ,华宝国证通用航空产业ETF,20250429,国证通用航空产业指数,国证通用航空产业指数收益率,华宝基金管理有限公司,长江证券股份有限公司,股票型ETF,主题指数ETF,980076.SZ,,,,,,
2022-04-11,159231.SZ,华宝国证通用航空产业ETF,20250429,国证通用航空产业指数,国证通用航空产业指数收益率,华宝基金管理有限公司,长江证券股份有限公司,股票型ETF,主题指数ETF,980076.SZ,,,,,,
2022-04-12,159231.SZ,华宝国证通用航空产业ETF,20250429,国证通用航空产业指数,国证通用航空产业指数收益率,华宝基金管理有限公司,长江证券股份有限公司,股票型ETF,主题指数ETF,980076.SZ,,,,,,
2022-04-13,159231.SZ,华宝国证通用航空产业ETF,20250429,国证通用航空产业指数,国证通用航空产业指数收益率,华宝基金管理有限公司,长江证券股份有限公司,股票型ETF,主题指数ETF,980076.SZ,,,,,,
2022-04-14,159231.SZ,华宝国证通用航空产业ETF,20250429,国证通用航空产业指数,国证通用航空产业指数收益率,华宝基金管理有限公司,长江证券股份有限公司,股票型ETF,主题指数ETF,980076.SZ,,,,,,
2022-04-15,159231.SZ,华宝国证通用航空产业ETF,20250429,国证通用航空产业指数,国证通用航空产业指数收益率,华宝基金管理有限公司,长江证券股份有限公司,股票型ETF,主题指数ETF,980076.SZ,,,,,,
2022-04-18,159231.SZ,华宝国证通用航空产业ETF,20250429,国证通用航空产业指数,国证通用航空产业指数收益率,华宝基金管理有限公司,长江证券股份有限公司,股票型ETF,主题指数ETF,980076.SZ,,,,,,
2022-04-19,159231.SZ,华宝国证通用航空产业ETF,20250429,国证通用航空产业指数,国证通用航空产业指数收益率,华宝基金管理有限公司,长江证券股份有限公司,股票型ETF,主题指数ETF,980076.SZ,,,,,,
2022-04-20,159231.SZ,华宝国证通用航空产业ETF,20250429,国证通用航空产业指数,国证通用航空产业指数收益率,华宝基金管理有限公司,长江证券股份有限公司,股票型ETF,主题指数ETF,980076.SZ,,,,,,
2022-04-21,159231.SZ,华宝国证通用航空产业ETF,20250429,国证通用航空产业指数,国证通用航空产业指数收益率,华宝基金管理有限公司,长江证券股份有限公司,股票型ETF,主题指数ETF,980076.SZ,,,,,,
2022-04-22,159231.SZ,华宝国证通用航空产业ETF,20250429,国证通用航空产业指数,国证通用航空产业指数收益率,华宝基金管理有限公司,长江证券股份有限公司,股票型ETF,主题指数ETF,980076.SZ,,,,,,
2022-04-25,159231.SZ,华宝国证通用航空产业ETF,20250429,国证通用航空产业指数,国证通用航空产业指数收益率,华宝基金管理有限公司,长江证券股份有限公司,股票型ETF,主题指数ETF,980076.SZ,,,,,,
2022-04-26,159231.SZ,华宝国证通用航空产业ETF,20250429,国证通用航空产业指数,国证通用航空产业指数收益率,华宝基金管理有限公司,长江证券股份有限公司,股票型ETF,主题指数ETF,980076.SZ,,,,,,
2022-04-27,159231.SZ,华宝国证通用航空产业ETF,20250429,国证通用航空产业指数,国证通用航空产业指数收益率,华宝基金管理有限公司,长江证券股份有限公司,股票型ETF,主题指数ETF,980076.SZ,,,,,,
2022-04-28,159231.SZ,华宝国证通用航空产业ETF,20250429,国证通用航空产业指数,国证通用航空产业指数收益率,华宝基金管理有限公司,长江证券股份有限公司,股票型ETF,主题指数ETF,980076.SZ,,,,,,
2022-04-29,159231.SZ,华宝国证通用航空产业ETF,20250429,国证通用航空产业指数,国证通用航空产业指数收益率,华宝基金管理有限公司,长江证券股份有限公司,股票型ETF,主题指数ETF,980076.SZ,,,,,,
2022-05-05,159231.SZ,华宝国证通用航空产业ETF,20250429,国证通用航空产业指数,国证通用航空产业指数收益率,华宝基金管理有限公司,长江证券股份有限公司,股票型ETF,主题指数ETF,980076.SZ,,,,,,
2022-05-06,159231.SZ,华宝国证通用航空产业ETF,20250429,国证通用航空产业指数,国证通用航空产业指数收益率,华宝基金管理有限公司,长江证券股份有限公司,股票型ETF,主题指数ETF,980076.SZ,,,,,,
2022-05-09,159231.SZ,华宝国证通用航空产业ETF,20250429,国证通用航空产业指数,国证通用航空产业指数收益率,华宝基金管理有限公司,长江证券股份有限公司,股票型ETF,主题指数ETF,980076.SZ,,,,,,
2022-05-10,159231.SZ,华宝国证通用航空产业ETF,20250429,国证通用航空产业指数,国证通用航空产业指数收益率,华宝基金管理有限公司,长江证券股份有限公司,股票型ETF,主题指数ETF,980076.SZ,,,,,,
2022-05-11,159231.SZ,华宝国证通用航空产业ETF,20250429,国证通用航空产业指数,国证通用航空产业指数收益率,华宝基金管理有限公司,长江证券股份有限公司,股票型ETF,主题指数ETF,980076.SZ,,,,,,
2022-05-12,159231.SZ,华宝国证通用航空产业ETF,20250429,国证通用航空产业指数,国证通用航空产业指数收益率,华宝基金管理有限公司,长江证券股份有限公司,股票型ETF,主题指数ETF,980076.SZ,,,,,,
2022-05-13,159231.SZ,华宝国证通用航空产业ETF,20250429,国证通用航空产业指数,国证通用航空产业指数收益率,华宝基金管理有限公司,长江证券股份有限公司,股票型ETF,主题指数ETF,980076.SZ,,,,,,
2022-05-16,159231.SZ,华宝国证通用航空产业ETF,20250429,国证通用航空产业指数,国证通用航空产业指数收益率,华宝基金管理有限公司,长江证券股份有限公司,股票型ETF,主题指数ETF,980076.SZ,,,,,,
2022-05-17,159231.SZ,华宝国证通用航空产业ETF,20250429,国证通用航空产业指数,国证通用航空产业指数收益率,华宝基金管理有限公司,长江证券股份有限公司,股票型ETF,主题指数ETF,980076.SZ,,,,,,
2022-05-18,159231.SZ,华宝国证通用航空产业ETF,20250429,国证通用航空产业指数,国证通用航空产业指数收益率,华宝基金管理有限公司,长江证券股份有限公司,股票型ETF,主题指数ETF,980076.SZ,,,,,,
2022-05-19,159231.SZ,华宝国证通用航空产业ETF,20250429,国证通用航空产业指数,国证通用航空产业指数收益率,华宝基金管理有限公司,长江证券股份有限公司,股票型ETF,主题指数ETF,980076.SZ,,,,,,
2022-05-20,159231.SZ,华宝国证通用航空产业ETF,20250429,国证通用航空产业指数,国证通用航空产业指数收益率,华宝基金管理有限公司,长江证券股份有限公司,股票型ETF,主题指数ETF,980076.SZ,,,,,,
2022-05-23,159231.SZ,华宝国证通用航空产业ETF,20250429,国证通用航空产业指数,国证通用航空产业指数收益率,华宝基金管理有限公司,长江证券股份有限公司,股票型ETF,主题指数ETF,980076.SZ,,,,,,
2022-05-24,159231.SZ,华宝国证通用航空产业ETF,20250429,国证通用航空产业指数,国证通用航空产业指数收益率,华宝基金管理有限公司,长江证券股份有限公司,股票型ETF,主题指数ETF,980076.SZ,,,,,,
2022-05-25,159231.SZ,华宝国证通用航空产业ETF,20250429,国证通用航空产业指数,国证通用航空产业指数收益率,华宝基金管理有限公司,长江证券股份有限公司,股票型ETF,主题指数ETF,980076.SZ,,,,,,
2022-05-26,159231.SZ,华宝国证通用航空产业ETF,20250429,国证通用航空产业指数,国证通用航空产业指数收益率,华宝基金管理有限公司,长江证券股份有限公司,股票型ETF,主题指数ETF,980076.SZ,,,,,,
2022-05-27,159231.SZ,华宝国证通用航空产业ETF,20250429,国证通用航空产业指数,国证通用航空产业指数收益率,华宝基金管理有限公司,长江证券股份有限公司,股票型ETF,主题指数ETF,980076.SZ,,,,,,
2022-05-30,159231.SZ,华宝国证通用航空产业ETF,20250429,国证通用航空产业指数,国证通用航空产业指数收益率,华宝基金管理有限公司,长江证券股份有限公司,股票型ETF,主题指数ETF,980076.SZ,,,,,,
2022-05-31,159231.SZ,华宝国证通用航空产业ETF,20250429,国证通用航空产业指数,国证通用航空产业指数收益率,华宝基金管理有限公司,长江证券股份有限公司,股票型ETF,主题指数ETF,980076.SZ,,,,,,
2022-06-01,159231.SZ,华宝国证通用航空产业ETF,20250429,国证通用航空产业指数,国证通用航空产业指数收益率,华宝基金管理有限公司,长江证券股份有限公司,股票型ETF,主题指数ETF,980076.SZ,,,,,,
2022-06-02,159231.SZ,华宝国证通用航空产业ETF,20250429,国证通用航空产业指数,国证通用航空产业指数收益率,华宝基金管理有限公司,长江证券股份有限公司,股票型ETF,主题指数ETF,980076.SZ,,,,,,
2022-06-06,159231.SZ,华宝国证通用航空产业ETF,20250429,国证通用航空产业指数,国证通用航空产业指数收益率,华宝基金管理有限公司,长江证券股份有限公司,股票型ETF,主题指数ETF,980076.SZ,,,,,,
2022-06-07,159231.SZ,华宝国证通用航空产业ETF,20250429,国证通用航空产业指数,国证通用航空产业指数收益率,华宝基金管理有限公司,长江证券股份有限公司,股票型ETF,主题指数ETF,980076.SZ,,,,,,
2022-06-08,159231.SZ,华宝国证通用航空产业ETF,20250429,国证通用航空产业指数,国证通用航空产业指数收益率,华宝基金管理有限公司,长江证券股份有限公司,股票型ETF,主题指数ETF,980076.SZ,,,,,,
2022-06-09,159231.SZ,华宝国证通用航空产业ETF,20250429,国证通用航空产业指数,国证通用航空产业指数收益率,华宝基金管理有限公司,长江证券股份有限公司,股票型ETF,主题指数ETF,980076.SZ,,,,,,
2022-06-10,159231.SZ,华宝国证通用航空产业ETF,20250429,国证通用航空产业指数,国证通用航空产业指数收益率,华宝基金管理有限公司,长江证券股份有限公司,股票型ETF,主题指数ETF,980076.SZ,,,,,,
2022-06-13,159231.SZ,华宝国证通用航空产业ETF,20250429,国证通用航空产业指数,国证通用航空产业指数收益率,华宝基金管理有限公司,长江证券股份有限公司,股票型ETF,主题指数ETF,980076.SZ,,,,,,
2022-06-14,159231.SZ,华宝国证通用航空产业ETF,20250429,国证通用航空产业指数,国证通用航空产业指数收益率,华宝基金管理有限公司,长江证券股份有限公司,股票型ETF,主题指数ETF,980076.SZ,,,,,,
2022-06-15,159231.SZ,华宝国证通用航空产业ETF,20250429,国证通用航空产业指数,国证通用航空产业指数收益率,华宝基金管理有限公司,长江证券股份有限公司,股票型ETF,主题指数ETF,980076.SZ,,,,,,
2022-06-16,159231.SZ,华宝国证通用航空产业ETF,20250429,国证通用航空产业指数,国证通用航空产业指数收益率,华宝基金管理有限公司,长江证券股份有限公司,股票型ETF,主题指数ETF,980076.SZ,,,,,,
2022-06-17,159231.SZ,华宝国证通用航空产业ETF,20250429,国证通用航空产业指数,国证通用航空产业指数收益率,华宝基金管理有限公司,长江证券股份有限公司,股票型ETF,主题指数ETF,980076.SZ,,,,,,
2022-06-20,159231.SZ,华宝国证通用航空产业ETF,20250429,国证通用航空产业指数,国证通用航空产业指数收益率,华宝基金管理有限公司,长江证券股份有限公司,股票型ETF,主题指数ETF,980076.SZ,,,,,,
2022-06-21,159231.SZ,华宝国证通用航空产业ETF,20250429,国证通用航空产业指数,国证通用航空产业指数收益率,华宝基金管理有限公司,长江证券股份有限公司,股票型ETF,主题指数ETF,980076.SZ,,,,,,
2022-06-22,159231.SZ,华宝国证通用航空产业ETF,20250429,国证通用航空产业指数,国证通用航空产业指数收益率,华宝基金管理有限公司,长江证券股份有限公司,股票型ETF,主题指数ETF,980076.SZ,,,,,,
2022-06-23,159231.SZ,华宝国证通用航空产业ETF,20250429,国证通用航空产业指数,国证通用航空产业指数收益率,华宝基金管理有限公司,长江证券股份有限公司,股票型ETF,主题指数ETF,980076.SZ,,,,,,
2022-06-24,159231.SZ,华宝国证通用航空产业ETF,20250429,国证通用航空产业指数,国证通用航空产业指数收益率,华宝基金管理有限公司,长江证券股份有限公司,股票型ETF,主题指数ETF,980076.SZ,,,,,,
2022-06-27,159231.SZ,华宝国证通用航空产业ETF,20250429,国证通用航空产业指数,国证通用航空产业指数收益率,华宝基金管理有限公司,长江证券股份有限公司,股票型ETF,主题指数ETF,980076.SZ,,,,,,
2022-06-28,159231.SZ,华宝国证通用航空产业ETF,20250429,国证通用航空产业指数,国证通用航空产业指数收益率,华宝基金管理有限公司,长江证券股份有限公司,股票型ETF,主题指数ETF,980076.SZ,,,,,,
2022-06-29,159231.SZ,华宝国证通用航空产业ETF,20250429,国证通用航空产业指数,国证通用航空产业指数收益率,华宝基金管理有限公司,长江证券股份有限公司,股票型ETF,主题指数ETF,980076.SZ,,,,,,
2022-06-30,159231.SZ,华宝国证通用航空产业ETF,20250429,国证通用航空产业指数,国证通用航空产业指数收益率,华宝基金管理有限公司,长江证券股份有限公司,股票型ETF,主题指数ETF,980076.SZ,,,,,,
2022-07-01,159231.SZ,华宝国证通用航空产业ETF,20250429,国证通用航空产业指数,国证通用航空产业指数收益率,华宝基金管理有限公司,长江证券股份有限公司,股票型ETF,主题指数ETF,980076.SZ,,,,,,
2022-07-04,159231.SZ,华宝国证通用航空产业ETF,20250429,国证通用航空产业指数,国证通用航空产业指数收益率,华宝基金管理有限公司,长江证券股份有限公司,股票型ETF,主题指数ETF,980076.SZ,,,,,,
2022-07-05,159231.SZ,华宝国证通用航空产业ETF,20250429,国证通用航空产业指数,国证通用航空产业指数收益率,华宝基金管理有限公司,长江证券股份有限公司,股票型ETF,主题指数ETF,980076.SZ,,,,,,
2022-07-06,159231.SZ,华宝国证通用航空产业ETF,20250429,国证通用航空产业指数,国证通用航空产业指数收益率,华宝基金管理有限公司,长江证券股份有限公司,股票型ETF,主题指数ETF,980076.SZ,,,,,,
2022-07-07,159231.SZ,华宝国证通用航空产业ETF,20250429,国证通用航空产业指数,国证通用航空产业指数收益率,华宝基金管理有限公司,长江证券股份有限公司,股票型ETF,主题指数ETF,980076.SZ,,,,,,
2022-07-08,159231.SZ,华宝国证通用航空产业ETF,20250429,国证通用航空产业指数,国证通用航空产业指数收益率,华宝基金管理有限公司,长江证券股份有限公司,股票型ETF,主题指数ETF,980076.SZ,,,,,,
2022-07-11,159231.SZ,华宝国证通用航空产业ETF,20250429,国证通用航空产业指数,国证通用航空产业指数收益率,华宝基金管理有限公司,长江证券股份有限公司,股票型ETF,主题指数ETF,980076.SZ,,,,,,
2022-07-12,159231.SZ,华宝国证通用航空产业ETF,20250429,国证通用航空产业指数,国证通用航空产业指数收益率,华宝基金管理有限公司,长江证券股份有限公司,股票型ETF,主题指数ETF,980076.SZ,,,,,,
2022-07-13,159231.SZ,华宝国证通用航空产业ETF,20250429,国证通用航空产业指数,国证通用航空产业指数收益率,华宝基金管理有限公司,长江证券股份有限公司,股票型ETF,主题指数ETF,980076.SZ,,,,,,
2022-07-14,159231.SZ,华宝国证通用航空产业ETF,20250429,国证通用航空产业指数,国证通用航空产业指数收益率,华宝基金管理有限公司,长江证券股份有限公司,股票型ETF,主题指数ETF,980076.SZ,,,,,,
2022-07-15,159231.SZ,华宝国证通用航空产业ETF,20250429,国证通用航空产业指数,国证通用航空产业指数收益率,华宝基金管理有限公司,长江证券股份有限公司,股票型ETF,主题指数ETF,980076.SZ,,,,,,
2022-07-18,159231.SZ,华宝国证通用航空产业ETF,20250429,国证通用航空产业指数,国证通用航空产业指数收益率,华宝基金管理有限公司,长江证券股份有限公司,股票型ETF,主题指数ETF,980076.SZ,,,,,,
2022-07-19,159231.SZ,华宝国证通用航空产业ETF,20250429,国证通用航空产业指数,国证通用航空产业指数收益率,华宝基金管理有限公司,长江证券股份有限公司,股票型ETF,主题指数ETF,980076.SZ,,,,,,
2022-07-20,159231.SZ,华宝国证通用航空产业ETF,20250429,国证通用航空产业指数,国证通用航空产业指数收益率,华宝基金管理有限公司,长江证券股份有限公司,股票型ETF,主题指数ETF,980076.SZ,,,,,,
2022-07-21,159231.SZ,华宝国证通用航空产业ETF,20250429,国证通用航空产业指数,国证通用航空产业指数收益率,华宝基金管理有限公司,长江证券股份有限公司,股票型ETF,主题指数ETF,980076.SZ,,,,,,
2022-07-22,159231.SZ,华宝国证通用航空产业ETF,20250429,国证通用航空产业指数,国证通用航空产业指数收益率,华宝基金管理有限公司,长江证券股份有限公司,股票型ETF,主题指数ETF,980076.SZ,,,,,,
2022-07-25,159231.SZ,华宝国证通用航空产业ETF,20250429,国证通用航空产业指数,国证通用航空产业指数收益率,华宝基金管理有限公司,长江证券股份有限公司,股票型ETF,主题指数ETF,980076.SZ,,,,,,
2022-07-26,159231.SZ,华宝国证通用航空产业ETF,20250429,国证通用航空产业指数,国证通用航空产业指数收益率,华宝基金管理有限公司,长江证券股份有限公司,股票型ETF,主题指数ETF,980076.SZ,,,,,,
2022-07-27,159231.SZ,华宝国证通用航空产业ETF,20250429,国证通用航空产业指数,国证通用航空产业指数收益率,华宝基金管理有限公司,长江证券股份有限公司,股票型ETF,主题指数ETF,980076.SZ,,,,,,
2022-07-28,159231.SZ,华宝国证通用航空产业ETF,20250429,国证通用航空产业指数,国证通用航空产业指数收益率,华宝基金管理有限公司,长江证券股份有限公司,股票型ETF,主题指数ETF,980076.SZ,,,,,,
2022-07-29,159231.SZ,华宝国证通用航空产业ETF,20250429,国证通用航空产业指数,国证通用航空产业指数收益率,华宝基金管理有限公司,长江证券股份有限公司,股票型ETF,主题指数ETF,980076.SZ,,,,,,
2022-08-01,159231.SZ,华宝国证通用航空产业ETF,20250429,国证通用航空产业指数,国证通用航空产业指数收益率,华宝基金管理有限公司,长江证券股份有限公司,股票型ETF,主题指数ETF,980076.SZ,,,,,,
2022-08-02,159231.SZ,华宝国证通用航空产业ETF,20250429,国证通用航空产业指数,国证通用航空产业指数收益率,华宝基金管理有限公司,长江证券股份有限公司,股票型ETF,主题指数ETF,980076.SZ,,,,,,
2022-08-03,159231.SZ,华宝国证通用航空产业ETF,20250429,国证通用航空产业指数,国证通用航空产业指数收益率,华宝基金管理有限公司,长江证券股份有限公司,股票型ETF,主题指数ETF,980076.SZ,,,,,,
2022-08-04,159231.SZ,华宝国证通用航空产业ETF,20250429,国证通用航空产业指数,国证通用航空产业指数收益率,华宝基金管理有限公司,长江证券股份有限公司,股票型ETF,主题指数ETF,980076.SZ,,,,,,
2022-08-05,159231.SZ,华宝国证通用航空产业ETF,20250429,国证通用航空产业指数,国证通用航空产业指数收益率,华宝基金管理有限公司,长江证券股份有限公司,股票型ETF,主题指数ETF,980076.SZ,,,,,,
2022-08-08,159231.SZ,华宝国证通用航空产业ETF,20250429,国证通用航空产业指数,国证通用航空产业指数收益率,华宝基金管理有限公司,长江证券股份有限公司,股票型ETF,主题指数ETF,980076.SZ,,,,,,
2022-08-09,159231.SZ,华宝国证通用航空产业ETF,20250429,国证通用航空产业指数,国证通用航空产业指数收益率,华宝基金管理有限公司,长江证券股份有限公司,股票型ETF,主题指数ETF,980076.SZ,,,,,,
2022-08-10,159231.SZ,华宝国证通用航空产业ETF,20250429,国证通用航空产业指数,国证通用航空产业指数收益率,华宝基金管理有限公司,长江证券股份有限公司,股票型ETF,主题指数ETF,980076.SZ,,,,,,
2022-08-11,159231.SZ,华宝国证通用航空产业ETF,20250429,国证通用航空产业指数,国证通用航空产业指数收益率,华宝基金管理有限公司,长江证券股份有限公司,股票型ETF,主题指数ETF,980076.SZ,,,,,,
2022-08-12,159231.SZ,华宝国证通用航空产业ETF,20250429,国证通用航空产业指数,国证通用航空产业指数收益率,华宝基金管理有限公司,长江证券股份有限公司,股票型ETF,主题指数ETF,980076.SZ,,,,,,
2022-08-15,159231.SZ,华宝国证通用航空产业ETF,20250429,国证通用航空产业指数,国证通用航空产业指数收益率,华宝基金管理有限公司,长江证券股份有限公司,股票型ETF,主题指数ETF,980076.SZ,,,,,,
2022-08-16,159231.SZ,华宝国证通用航空产业ETF,20250429,国证通用航空产业指数,国证通用航空产业指数收益率,华宝基金管理有限公司,长江证券股份有限公司,股票型ETF,主题指数ETF,980076.SZ,,,,,,
2022-08-17,159231.SZ,华宝国证通用航空产业ETF,20250429,国证通用航空产业指数,国证通用航空产业指数收益率,华宝基金管理有限公司,长江证券股份有限公司,股票型ETF,主题指数ETF,980076.SZ,,,,,,
2022-08-18,159231.SZ,华宝国证通用航空产业ETF,20250429,国证通用航空产业指数,国证通用航空产业指数收益率,华宝基金管理有限公司,长江证券股份有限公司,股票型ETF,主题指数ETF,980076.SZ,,,,,,
2022-08-19,159231.SZ,华宝国证通用航空产业ETF,20250429,国证通用航空产业指数,国证通用航空产业指数收益率,华宝基金管理有限公司,长江证券股份有限公司,股票型ETF,主题指数ETF,980076.SZ,,,,,,
2022-08-22,159231.SZ,华宝国证通用航空产业ETF,20250429,国证通用航空产业指数,国证通用航空产业指数收益率,华宝基金管理有限公司,长江证券股份有限公司,股票型ETF,主题指数ETF,980076.SZ,,,,,,
2022-08-23,159231.SZ,华宝国证通用航空产业ETF,20250429,国证通用航空产业指数,国证通用航空产业指数收益率,华宝基金管理有限公司,长江证券股份有限公司,股票型ETF,主题指数ETF,980076.SZ,,,,,,
2022-08-24,159231.SZ,华宝国证通用航空产业ETF,20250429,国证通用航空产业指数,国证通用航空产业指数收益率,华宝基金管理有限公司,长江证券股份有限公司,股票型ETF,主题指数ETF,980076.SZ,,,,,,
2022-08-25,159231.SZ,华宝国证通用航空产业ETF,20250429,国证通用航空产业指数,国证通用航空产业指数收益率,华宝基金管理有限公司,长江证券股份有限公司,股票型ETF,主题指数ETF,980076.SZ,,,,,,
2022-08-26,159231.SZ,华宝国证通用航空产业ETF,20250429,国证通用航空产业指数,国证通用航空产业指数收益率,华宝基金管理有限公司,长江证券股份有限公司,股票型ETF,主题指数ETF,980076.SZ,,,,,,
2022-08-29,159231.SZ,华宝国证通用航空产业ETF,20250429,国证通用航空产业指数,国证通用航空产业指数收益率,华宝基金管理有限公司,长江证券股份有限公司,股票型ETF,主题指数ETF,980076.SZ,,,,,,
2022-08-30,159231.SZ,华宝国证通用航空产业ETF,20250429,国证通用航空产业指数,国证通用航空产业指数收益率,华宝基金管理有限公司,长江证券股份有限公司,股票型ETF,主题指数ETF,980076.SZ,,,,,,
2022-08-31,159231.SZ,华宝国证通用航空产业ETF,20250429,国证通用航空产业指数,国证通用航空产业指数收益率,华宝基金管理有限公司,长江证券股份有限公司,股票型ETF,主题指数ETF,980076.SZ,,,,,,
2022-09-01,159231.SZ,华宝国证通用航空产业ETF,20250429,国证通用航空产业指数,国证通用航空产业指数收益率,华宝基金管理有限公司,长江证券股份有限公司,股票型ETF,主题指数ETF,980076.SZ,,,,,,
2022-09-02,159231.SZ,华宝国证通用航空产业ETF,20250429,国证通用航空产业指数,国证通用航空产业指数收益率,华宝基金管理有限公司,长江证券股份有限公司,股票型ETF,主题指数ETF,980076.SZ,,,,,,
2022-09-05,159231.SZ,华宝国证通用航空产业ETF,20250429,国证通用航空产业指数,国证通用航空产业指数收益率,华宝基金管理有限公司,长江证券股份有限公司,股票型ETF,主题指数ETF,980076.SZ,,,,,,
2022-09-06,159231.SZ,华宝国证通用航空产业ETF,20250429,国证通用航空产业指数,国证通用航空产业指数收益率,华宝基金管理有限公司,长江证券股份有限公司,股票型ETF,主题指数ETF,980076.SZ,,,,,,
2022-09-07,159231.SZ,华宝国证通用航空产业ETF,20250429,国证通用航空产业指数,国证通用航空产业指数收益率,华宝基金管理有限公司,长江证券股份有限公司,股票型ETF,主题指数ETF,980076.SZ,,,,,,
2022-09-08,159231.SZ,华宝国证通用航空产业ETF,20250429,国证通用航空产业指数,国证通用航空产业指数收益率,华宝基金管理有限公司,长江证券股份有限公司,股票型ETF,主题指数ETF,980076.SZ,,,,,,
2022-09-09,159231.SZ,华宝国证通用航空产业ETF,20250429,国证通用航空产业指数,国证通用航空产业指数收益率,华宝基金管理有限公司,长江证券股份有限公司,股票型ETF,主题指数ETF,980076.SZ,,,,,,
2022-09-13,159231.SZ,华宝国证通用航空产业ETF,20250429,国证通用航空产业指数,国证通用航空产业指数收益率,华宝基金管理有限公司,长江证券股份有限公司,股票型ETF,主题指数ETF,980076.SZ,,,,,,
2022-09-14,159231.SZ,华宝国证通用航空产业ETF,20250429,国证通用航空产业指数,国证通用航空产业指数收益率,华宝基金管理有限公司,长江证券股份有限公司,股票型ETF,主题指数ETF,980076.SZ,,,,,,
2022-09-15,159231.SZ,华宝国证通用航空产业ETF,20250429,国证通用航空产业指数,国证通用航空产业指数收益率,华宝基金管理有限公司,长江证券股份有限公司,股票型ETF,主题指数ETF,980076.SZ,,,,,,
2022-09-16,159231.SZ,华宝国证通用航空产业ETF,20250429,国证通用航空产业指数,国证通用航空产业指数收益率,华宝基金管理有限公司,长江证券股份有限公司,股票型ETF,主题指数ETF,980076.SZ,,,,,,
2022-09-19,159231.SZ,华宝国证通用航空产业ETF,20250429,国证通用航空产业指数,国证通用航空产业指数收益率,华宝基金管理有限公司,长江证券股份有限公司,股票型ETF,主题指数ETF,980076.SZ,,,,,,
2022-09-20,159231.SZ,华宝国证通用航空产业ETF,20250429,国证通用航空产业指数,国证通用航空产业指数收益率,华宝基金管理有限公司,长江证券股份有限公司,股票型ETF,主题指数ETF,980076.SZ,,,,,,
2022-09-21,159231.SZ,华宝国证通用航空产业ETF,20250429,国证通用航空产业指数,国证通用航空产业指数收益率,华宝基金管理有限公司,长江证券股份有限公司,股票型ETF,主题指数ETF,980076.SZ,,,,,,
2022-09-22,159231.SZ,华宝国证通用航空产业ETF,20250429,国证通用航空产业指数,国证通用航空产业指数收益率,华宝基金管理有限公司,长江证券股份有限公司,股票型ETF,主题指数ETF,980076.SZ,,,,,,
2022-09-23,159231.SZ,华宝国证通用航空产业ETF,20250429,国证通用航空产业指数,国证通用航空产业指数收益率,华宝基金管理有限公司,长江证券股份有限公司,股票型ETF,主题指数ETF,980076.SZ,,,,,,
2022-09-26,159231.SZ,华宝国证通用航空产业ETF,20250429,国证通用航空产业指数,国证通用航空产业指数收益率,华宝基金管理有限公司,长江证券股份有限公司,股票型ETF,主题指数ETF,980076.SZ,,,,,,
2022-09-27,159231.SZ,华宝国证通用航空产业ETF,20250429,国证通用航空产业指数,国证通用航空产业指数收益率,华宝基金管理有限公司,长江证券股份有限公司,股票型ETF,主题指数ETF,980076.SZ,,,,,,
2022-09-28,159231.SZ,华宝国证通用航空产业ETF,20250429,国证通用航空产业指数,国证通用航空产业指数收益率,华宝基金管理有限公司,长江证券股份有限公司,股票型ETF,主题指数ETF,980076.SZ,,,,,,
2022-09-29,159231.SZ,华宝国证通用航空产业ETF,20250429,国证通用航空产业指数,国证通用航空产业指数收益率,华宝基金管理有限公司,长江证券股份有限公司,股票型ETF,主题指数ETF,980076.SZ,,,,,,
2022-09-30,159231.SZ,华宝国证通用航空产业ETF,20250429,国证通用航空产业指数,国证通用航空产业指数收益率,华宝基金管理有限公司,长江证券股份有限公司,股票型ETF,主题指数ETF,980076.SZ,,,,,,
2022-10-10,159231.SZ,华宝国证通用航空产业ETF,20250429,国证通用航空产业指数,国证通用航空产业指数收益率,华宝基金管理有限公司,长江证券股份有限公司,股票型ETF,主题指数ETF,980076.SZ,,,,,,
2022-10-11,159231.SZ,华宝国证通用航空产业ETF,20250429,国证通用航空产业指数,国证通用航空产业指数收益率,华宝基金管理有限公司,长江证券股份有限公司,股票型ETF,主题指数ETF,980076.SZ,,,,,,
2022-10-12,159231.SZ,华宝国证通用航空产业ETF,20250429,国证通用航空产业指数,国证通用航空产业指数收益率,华宝基金管理有限公司,长江证券股份有限公司,股票型ETF,主题指数ETF,980076.SZ,,,,,,
2022-10-13,159231.SZ,华宝国证通用航空产业ETF,20250429,国证通用航空产业指数,国证通用航空产业指数收益率,华宝基金管理有限公司,长江证券股份有限公司,股票型ETF,主题指数ETF,980076.SZ,,,,,,
2022-10-14,159231.SZ,华宝国证通用航空产业ETF,20250429,国证通用航空产业指数,国证通用航空产业指数收益率,华宝基金管理有限公司,长江证券股份有限公司,股票型ETF,主题指数ETF,980076.SZ,,,,,,
2022-10-17,159231.SZ,华宝国证通用航空产业ETF,20250429,国证通用航空产业指数,国证通用航空产业指数收益率,华宝基金管理有限公司,长江证券股份有限公司,股票型ETF,主题指数ETF,980076.SZ,,,,,,
2022-10-18,159231.SZ,华宝国证通用航空产业ETF,20250429,国证通用航空产业指数,国证通用航空产业指数收益率,华宝基金管理有限公司,长江证券股份有限公司,股票型ETF,主题指数ETF,980076.SZ,,,,,,
2022-10-19,159231.SZ,华宝国证通用航空产业ETF,20250429,国证通用航空产业指数,国证通用航空产业指数收益率,华宝基金管理有限公司,长江证券股份有限公司,股票型ETF,主题指数ETF,980076.SZ,,,,,,
2022-10-20,159231.SZ,华宝国证通用航空产业ETF,20250429,国证通用航空产业指数,国证通用航空产业指数收益率,华宝基金管理有限公司,长江证券股份有限公司,股票型ETF,主题指数ETF,980076.SZ,,,,,,
2022-10-21,159231.SZ,华宝国证通用航空产业ETF,20250429,国证通用航空产业指数,国证通用航空产业指数收益率,华宝基金管理有限公司,长江证券股份有限公司,股票型ETF,主题指数ETF,980076.SZ,,,,,,
2022-10-24,159231.SZ,华宝国证通用航空产业ETF,20250429,国证通用航空产业指数,国证通用航空产业指数收益率,华宝基金管理有限公司,长江证券股份有限公司,股票型ETF,主题指数ETF,980076.SZ,,,,,,
2022-10-25,159231.SZ,华宝国证通用航空产业ETF,20250429,国证通用航空产业指数,国证通用航空产业指数收益率,华宝基金管理有限公司,长江证券股份有限公司,股票型ETF,主题指数ETF,980076.SZ,,,,,,
2022-10-26,159231.SZ,华宝国证通用航空产业ETF,20250429,国证通用航空产业指数,国证通用航空产业指数收益率,华宝基金管理有限公司,长江证券股份有限公司,股票型ETF,主题指数ETF,980076.SZ,,,,,,
2022-10-27,159231.SZ,华宝国证通用航空产业ETF,20250429,国证通用航空产业指数,国证通用航空产业指数收益率,华宝基金管理有限公司,长江证券股份有限公司,股票型ETF,主题指数ETF,980076.SZ,,,,,,
2022-10-28,159231.SZ,华宝国证通用航空产业ETF,20250429,国证通用航空产业指数,国证通用航空产业指数收益率,华宝基金管理有限公司,长江证券股份有限公司,股票型ETF,主题指数ETF,980076.SZ,,,,,,
2022-10-31,159231.SZ,华宝国证通用航空产业ETF,20250429,国证通用航空产业指数,国证通用航空产业指数收益率,华宝基金管理有限公司,长江证券股份有限公司,股票型ETF,主题指数ETF,980076.SZ,,,,,,
2022-11-01,159231.SZ,华宝国证通用航空产业ETF,20250429,国证通用航空产业指数,国证通用航空产业指数收益率,华宝基金管理有限公司,长江证券股份有限公司,股票型ETF,主题指数ETF,980076.SZ,,,,,,
2022-11-02,159231.SZ,华宝国证通用航空产业ETF,20250429,国证通用航空产业指数,国证通用航空产业指数收益率,华宝基金管理有限公司,长江证券股份有限公司,股票型ETF,主题指数ETF,980076.SZ,,,,,,
2022-11-03,159231.SZ,华宝国证通用航空产业ETF,20250429,国证通用航空产业指数,国证通用航空产业指数收益率,华宝基金管理有限公司,长江证券股份有限公司,股票型ETF,主题指数ETF,980076.SZ,,,,,,
2022-11-04,159231.SZ,华宝国证通用航空产业ETF,20250429,国证通用航空产业指数,国证通用航空产业指数收益率,华宝基金管理有限公司,长江证券股份有限公司,股票型ETF,主题指数ETF,980076.SZ,,,,,,
2022-11-07,159231.SZ,华宝国证通用航空产业ETF,20250429,国证通用航空产业指数,国证通用航空产业指数收益率,华宝基金管理有限公司,长江证券股份有限公司,股票型ETF,主题指数ETF,980076.SZ,,,,,,
2022-11-08,159231.SZ,华宝国证通用航空产业ETF,20250429,国证通用航空产业指数,国证通用航空产业指数收益率,华宝基金管理有限公司,长江证券股份有限公司,股票型ETF,主题指数ETF,980076.SZ,,,,,,
2022-11-09,159231.SZ,华宝国证通用航空产业ETF,20250429,国证通用航空产业指数,国证通用航空产业指数收益率,华宝基金管理有限公司,长江证券股份有限公司,股票型ETF,主题指数ETF,980076.SZ,,,,,,
2022-11-10,159231.SZ,华宝国证通用航空产业ETF,20250429,国证通用航空产业指数,国证通用航空产业指数收益率,华宝基金管理有限公司,长江证券股份有限公司,股票型ETF,主题指数ETF,980076.SZ,,,,,,
2022-11-11,159231.SZ,华宝国证通用航空产业ETF,20250429,国证通用航空产业指数,国证通用航空产业指数收益率,华宝基金管理有限公司,长江证券股份有限公司,股票型ETF,主题指数ETF,980076.SZ,,,,,,
2022-11-14,159231.SZ,华宝国证通用航空产业ETF,20250429,国证通用航空产业指数,国证通用航空产业指数收益率,华宝基金管理有限公司,长江证券股份有限公司,股票型ETF,主题指数ETF,980076.SZ,,,,,,
2022-11-15,159231.SZ,华宝国证通用航空产业ETF,20250429,国证通用航空产业指数,国证通用航空产业指数收益率,华宝基金管理有限公司,长江证券股份有限公司,股票型ETF,主题指数ETF,980076.SZ,,,,,,
2022-11-16,159231.SZ,华宝国证通用航空产业ETF,20250429,国证通用航空产业指数,国证通用航空产业指数收益率,华宝基金管理有限公司,长江证券股份有限公司,股票型ETF,主题指数ETF,980076.SZ,,,,,,
2022-11-17,159231.SZ,华宝国证通用航空产业ETF,20250429,国证通用航空产业指数,国证通用航空产业指数收益率,华宝基金管理有限公司,长江证券股份有限公司,股票型ETF,主题指数ETF,980076.SZ,,,,,,
2022-11-18,159231.SZ,华宝国证通用航空产业ETF,20250429,国证通用航空产业指数,国证通用航空产业指数收益率,华宝基金管理有限公司,长江证券股份有限公司,股票型ETF,主题指数ETF,980076.SZ,,,,,,
2022-11-21,159231.SZ,华宝国证通用航空产业ETF,20250429,国证通用航空产业指数,国证通用航空产业指数收益率,华宝基金管理有限公司,长江证券股份有限公司,股票型ETF,主题指数ETF,980076.SZ,,,,,,
2022-11-22,159231.SZ,华宝国证通用航空产业ETF,20250429,国证通用航空产业指数,国证通用航空产业指数收益率,华宝基金管理有限公司,长江证券股份有限公司,股票型ETF,主题指数ETF,980076.SZ,,,,,,
2022-11-23,159231.SZ,华宝国证通用航空产业ETF,20250429,国证通用航空产业指数,国证通用航空产业指数收益率,华宝基金管理有限公司,长江证券股份有限公司,股票型ETF,主题指数ETF,980076.SZ,,,,,,
2022-11-24,159231.SZ,华宝国证通用航空产业ETF,20250429,国证通用航空产业指数,国证通用航空产业指数收益率,华宝基金管理有限公司,长江证券股份有限公司,股票型ETF,主题指数ETF,980076.SZ,,,,,,
2022-11-25,159231.SZ,华宝国证通用航空产业ETF,20250429,国证通用航空产业指数,国证通用航空产业指数收益率,华宝基金管理有限公司,长江证券股份有限公司,股票型ETF,主题指数ETF,980076.SZ,,,,,,
2022-11-28,159231.SZ,华宝国证通用航空产业ETF,20250429,国证通用航空产业指数,国证通用航空产业指数收益率,华宝基金管理有限公司,长江证券股份有限公司,股票型ETF,主题指数ETF,980076.SZ,,,,,,
2022-11-29,159231.SZ,华宝国证通用航空产业ETF,20250429,国证通用航空产业指数,国证通用航空产业指数收益率,华宝基金管理有限公司,长江证券股份有限公司,股票型ETF,主题指数ETF,980076.SZ,,,,,,
2022-11-30,159231.SZ,华宝国证通用航空产业ETF,20250429,国证通用航空产业指数,国证通用航空产业指数收益率,华宝基金管理有限公司,长江证券股份有限公司,股票型ETF,主题指数ETF,980076.SZ,,,,,,
2022-12-01,159231.SZ,华宝国证通用航空产业ETF,20250429,国证通用航空产业指数,国证通用航空产业指数收益率,华宝基金管理有限公司,长江证券股份有限公司,股票型ETF,主题指数ETF,980076.SZ,,,,,,
2022-12-02,159231.SZ,华宝国证通用航空产业ETF,20250429,国证通用航空产业指数,国证通用航空产业指数收益率,华宝基金管理有限公司,长江证券股份有限公司,股票型ETF,主题指数ETF,980076.SZ,,,,,,
2022-12-05,159231.SZ,华宝国证通用航空产业ETF,20250429,国证通用航空产业指数,国证通用航空产业指数收益率,华宝基金管理有限公司,长江证券股份有限公司,股票型ETF,主题指数ETF,980076.SZ,,,,,,
2022-12-06,159231.SZ,华宝国证通用航空产业ETF,20250429,国证通用航空产业指数,国证通用航空产业指数收益率,华宝基金管理有限公司,长江证券股份有限公司,股票型ETF,主题指数ETF,980076.SZ,,,,,,
2022-12-07,159231.SZ,华宝国证通用航空产业ETF,20250429,国证通用航空产业指数,国证通用航空产业指数收益率,华宝基金管理有限公司,长江证券股份有限公司,股票型ETF,主题指数ETF,980076.SZ,,,,,,
2022-12-08,159231.SZ,华宝国证通用航空产业ETF,20250429,国证通用航空产业指数,国证通用航空产业指数收益率,华宝基金管理有限公司,长江证券股份有限公司,股票型ETF,主题指数ETF,980076.SZ,,,,,,
2022-12-09,159231.SZ,华宝国证通用航空产业ETF,20250429,国证通用航空产业指数,国证通用航空产业指数收益率,华宝基金管理有限公司,长江证券股份有限公司,股票型ETF,主题指数ETF,980076.SZ,,,,,,
2022-12-12,159231.SZ,华宝国证通用航空产业ETF,20250429,国证通用航空产业指数,国证通用航空产业指数收益率,华宝基金管理有限公司,长江证券股份有限公司,股票型ETF,主题指数ETF,980076.SZ,,,,,,
2022-12-13,159231.SZ,华宝国证通用航空产业ETF,20250429,国证通用航空产业指数,国证通用航空产业指数收益率,华宝基金管理有限公司,长江证券股份有限公司,股票型ETF,主题指数ETF,980076.SZ,,,,,,
2022-12-14,159231.SZ,华宝国证通用航空产业ETF,20250429,国证通用航空产业指数,国证通用航空产业指数收益率,华宝基金管理有限公司,长江证券股份有限公司,股票型ETF,主题指数ETF,980076.SZ,,,,,,
2022-12-15,159231.SZ,华宝国证通用航空产业ETF,20250429,国证通用航空产业指数,国证通用航空产业指数收益率,华宝基金管理有限公司,长江证券股份有限公司,股票型ETF,主题指数ETF,980076.SZ,,,,,,
2022-12-16,159231.SZ,华宝国证通用航空产业ETF,20250429,国证通用航空产业指数,国证通用航空产业指数收益率,华宝基金管理有限公司,长江证券股份有限公司,股票型ETF,主题指数ETF,980076.SZ,,,,,,
2022-12-19,159231.SZ,华宝国证通用航空产业ETF,20250429,国证通用航空产业指数,国证通用航空产业指数收益率,华宝基金管理有限公司,长江证券股份有限公司,股票型ETF,主题指数ETF,980076.SZ,,,,,,
2022-12-20,159231.SZ,华宝国证通用航空产业ETF,20250429,国证通用航空产业指数,国证通用航空产业指数收益率,华宝基金管理有限公司,长江证券股份有限公司,股票型ETF,主题指数ETF,980076.SZ,,,,,,
2022-12-21,159231.SZ,华宝国证通用航空产业ETF,20250429,国证通用航空产业指数,国证通用航空产业指数收益率,华宝基金管理有限公司,长江证券股份有限公司,股票型ETF,主题指数ETF,980076.SZ,,,,,,
2022-12-22,159231.SZ,华宝国证通用航空产业ETF,20250429,国证通用航空产业指数,国证通用航空产业指数收益率,华宝基金管理有限公司,长江证券股份有限公司,股票型ETF,主题指数ETF,980076.SZ,,,,,,
2022-12-23,159231.SZ,华宝国证通用航空产业ETF,20250429,国证通用航空产业指数,国证通用航空产业指数收益率,华宝基金管理有限公司,长江证券股份有限公司,股票型ETF,主题指数ETF,980076.SZ,,,,,,
2022-12-26,159231.SZ,华宝国证通用航空产业ETF,20250429,国证通用航空产业指数,国证通用航空产业指数收益率,华宝基金管理有限公司,长江证券股份有限公司,股票型ETF,主题指数ETF,980076.SZ,,,,,,
2022-12-27,159231.SZ,华宝国证通用航空产业ETF,20250429,国证通用航空产业指数,国证通用航空产业指数收益率,华宝基金管理有限公司,长江证券股份有限公司,股票型ETF,主题指数ETF,980076.SZ,,,,,,
2022-12-28,159231.SZ,华宝国证通用航空产业ETF,20250429,国证通用航空产业指数,国证通用航空产业指数收益率,华宝基金管理有限公司,长江证券股份有限公司,股票型ETF,主题指数ETF,980076.SZ,,,,,,
2022-12-29,159231.SZ,华宝国证通用航空产业ETF,20250429,国证通用航空产业指数,国证通用航空产业指数收益率,华宝基金管理有限公司,长江证券股份有限公司,股票型ETF,主题指数ETF,980076.SZ,,,,,,
2022-12-30,159231.SZ,华宝国证通用航空产业ETF,20250429,国证通用航空产业指数,国证通用航空产业指数收益率,华宝基金管理有限公司,长江证券股份有限公司,股票型ETF,主题指数ETF,980076.SZ,,,,,,
2023-01-03,159231.SZ,华宝国证通用航空产业ETF,20250429,国证通用航空产业指数,国证通用航空产业指数收益率,华宝基金管理有限公司,长江证券股份有限公司,股票型ETF,主题指数ETF,980076.SZ,,,,,,
2023-01-04,159231.SZ,华宝国证通用航空产业ETF,20250429,国证通用航空产业指数,国证通用航空产业指数收益率,华宝基金管理有限公司,长江证券股份有限公司,股票型ETF,主题指数ETF,980076.SZ,,,,,,
2023-01-05,159231.SZ,华宝国证通用航空产业ETF,20250429,国证通用航空产业指数,国证通用航空产业指数收益率,华宝基金管理有限公司,长江证券股份有限公司,股票型ETF,主题指数ETF,980076.SZ,,,,,,
2023-01-06,159231.SZ,华宝国证通用航空产业ETF,20250429,国证通用航空产业指数,国证通用航空产业指数收益率,华宝基金管理有限公司,长江证券股份有限公司,股票型ETF,主题指数ETF,980076.SZ,,,,,,
2023-01-09,159231.SZ,华宝国证通用航空产业ETF,20250429,国证通用航空产业指数,国证通用航空产业指数收益率,华宝基金管理有限公司,长江证券股份有限公司,股票型ETF,主题指数ETF,980076.SZ,,,,,,
2023-01-10,159231.SZ,华宝国证通用航空产业ETF,20250429,国证通用航空产业指数,国证通用航空产业指数收益率,华宝基金管理有限公司,长江证券股份有限公司,股票型ETF,主题指数ETF,980076.SZ,,,,,,
2023-01-11,159231.SZ,华宝国证通用航空产业ETF,20250429,国证通用航空产业指数,国证通用航空产业指数收益率,华宝基金管理有限公司,长江证券股份有限公司,股票型ETF,主题指数ETF,980076.SZ,,,,,,
2023-01-12,159231.SZ,华宝国证通用航空产业ETF,20250429,国证通用航空产业指数,国证通用航空产业指数收益率,华宝基金管理有限公司,长江证券股份有限公司,股票型ETF,主题指数ETF,980076.SZ,,,,,,
2023-01-13,159231.SZ,华宝国证通用航空产业ETF,20250429,国证通用航空产业指数,国证通用航空产业指数收益率,华宝基金管理有限公司,长江证券股份有限公司,股票型ETF,主题指数ETF,980076.SZ,,,,,,
2023-01-16,159231.SZ,华宝国证通用航空产业ETF,20250429,国证通用航空产业指数,国证通用航空产业指数收益率,华宝基金管理有限公司,长江证券股份有限公司,股票型ETF,主题指数ETF,980076.SZ,,,,,,
2023-01-17,159231.SZ,华宝国证通用航空产业ETF,20250429,国证通用航空产业指数,国证通用航空产业指数收益率,华宝基金管理有限公司,长江证券股份有限公司,股票型ETF,主题指数ETF,980076.SZ,,,,,,
2023-01-18,159231.SZ,华宝国证通用航空产业ETF,20250429,国证通用航空产业指数,国证通用航空产业指数收益率,华宝基金管理有限公司,长江证券股份有限公司,股票型ETF,主题指数ETF,980076.SZ,,,,,,
2023-01-19,159231.SZ,华宝国证通用航空产业ETF,20250429,国证通用航空产业指数,国证通用航空产业指数收益率,华宝基金管理有限公司,长江证券股份有限公司,股票型ETF,主题指数ETF,980076.SZ,,,,,,
2023-01-20,159231.SZ,华宝国证通用航空产业ETF,20250429,国证通用航空产业指数,国证通用航空产业指数收益率,华宝基金管理有限公司,长江证券股份有限公司,股票型ETF,主题指数ETF,980076.SZ,,,,,,
2023-01-30,159231.SZ,华宝国证通用航空产业ETF,20250429,国证通用航空产业指数,国证通用航空产业指数收益率,华宝基金管理有限公司,长江证券股份有限公司,股票型ETF,主题指数ETF,980076.SZ,,,,,,
2023-01-31,159231.SZ,华宝国证通用航空产业ETF,20250429,国证通用航空产业指数,国证通用航空产业指数收益率,华宝基金管理有限公司,长江证券股份有限公司,股票型ETF,主题指数ETF,980076.SZ,,,,,,
2023-02-01,159231.SZ,华宝国证通用航空产业ETF,20250429,国证通用航空产业指数,国证通用航空产业指数收益率,华宝基金管理有限公司,长江证券股份有限公司,股票型ETF,主题指数ETF,980076.SZ,,,,,,
2023-02-02,159231.SZ,华宝国证通用航空产业ETF,20250429,国证通用航空产业指数,国证通用航空产业指数收益率,华宝基金管理有限公司,长江证券股份有限公司,股票型ETF,主题指数ETF,980076.SZ,,,,,,
2023-02-03,159231.SZ,华宝国证通用航空产业ETF,20250429,国证通用航空产业指数,国证通用航空产业指数收益率,华宝基金管理有限公司,长江证券股份有限公司,股票型ETF,主题指数ETF,980076.SZ,,,,,,
2023-02-06,159231.SZ,华宝国证通用航空产业ETF,20250429,国证通用航空产业指数,国证通用航空产业指数收益率,华宝基金管理有限公司,长江证券股份有限公司,股票型ETF,主题指数ETF,980076.SZ,,,,,,
2023-02-07,159231.SZ,华宝国证通用航空产业ETF,20250429,国证通用航空产业指数,国证通用航空产业指数收益率,华宝基金管理有限公司,长江证券股份有限公司,股票型ETF,主题指数ETF,980076.SZ,,,,,,
2023-02-08,159231.SZ,华宝国证通用航空产业ETF,20250429,国证通用航空产业指数,国证通用航空产业指数收益率,华宝基金管理有限公司,长江证券股份有限公司,股票型ETF,主题指数ETF,980076.SZ,,,,,,
2023-02-09,159231.SZ,华宝国证通用航空产业ETF,20250429,国证通用航空产业指数,国证通用航空产业指数收益率,华宝基金管理有限公司,长江证券股份有限公司,股票型ETF,主题指数ETF,980076.SZ,,,,,,
2023-02-10,159231.SZ,华宝国证通用航空产业ETF,20250429,国证通用航空产业指数,国证通用航空产业指数收益率,华宝基金管理有限公司,长江证券股份有限公司,股票型ETF,主题指数ETF,980076.SZ,,,,,,
2023-02-13,159231.SZ,华宝国证通用航空产业ETF,20250429,国证通用航空产业指数,国证通用航空产业指数收益率,华宝基金管理有限公司,长江证券股份有限公司,股票型ETF,主题指数ETF,980076.SZ,,,,,,
2023-02-14,159231.SZ,华宝国证通用航空产业ETF,20250429,国证通用航空产业指数,国证通用航空产业指数收益率,华宝基金管理有限公司,长江证券股份有限公司,股票型ETF,主题指数ETF,980076.SZ,,,,,,
2023-02-15,159231.SZ,华宝国证通用航空产业ETF,20250429,国证通用航空产业指数,国证通用航空产业指数收益率,华宝基金管理有限公司,长江证券股份有限公司,股票型ETF,主题指数ETF,980076.SZ,,,,,,
2023-02-16,159231.SZ,华宝国证通用航空产业ETF,20250429,国证通用航空产业指数,国证通用航空产业指数收益率,华宝基金管理有限公司,长江证券股份有限公司,股票型ETF,主题指数ETF,980076.SZ,,,,,,
2023-02-17,159231.SZ,华宝国证通用航空产业ETF,20250429,国证通用航空产业指数,国证通用航空产业指数收益率,华宝基金管理有限公司,长江证券股份有限公司,股票型ETF,主题指数ETF,980076.SZ,,,,,,
2023-02-20,159231.SZ,华宝国证通用航空产业ETF,20250429,国证通用航空产业指数,国证通用航空产业指数收益率,华宝基金管理有限公司,长江证券股份有限公司,股票型ETF,主题指数ETF,980076.SZ,,,,,,
2023-02-21,159231.SZ,华宝国证通用航空产业ETF,20250429,国证通用航空产业指数,国证通用航空产业指数收益率,华宝基金管理有限公司,长江证券股份有限公司,股票型ETF,主题指数ETF,980076.SZ,,,,,,
2023-02-22,159231.SZ,华宝国证通用航空产业ETF,20250429,国证通用航空产业指数,国证通用航空产业指数收益率,华宝基金管理有限公司,长江证券股份有限公司,股票型ETF,主题指数ETF,980076.SZ,,,,,,
2023-02-23,159231.SZ,华宝国证通用航空产业ETF,20250429,国证通用航空产业指数,国证通用航空产业指数收益率,华宝基金管理有限公司,长江证券股份有限公司,股票型ETF,主题指数ETF,980076.SZ,,,,,,
2023-02-24,159231.SZ,华宝国证通用航空产业ETF,20250429,国证通用航空产业指数,国证通用航空产业指数收益率,华宝基金管理有限公司,长江证券股份有限公司,股票型ETF,主题指数ETF,980076.SZ,,,,,,
2023-02-27,159231.SZ,华宝国证通用航空产业ETF,20250429,国证通用航空产业指数,国证通用航空产业指数收益率,华宝基金管理有限公司,长江证券股份有限公司,股票型ETF,主题指数ETF,980076.SZ,,,,,,
2023-02-28,159231.SZ,华宝国证通用航空产业ETF,20250429,国证通用航空产业指数,国证通用航空产业指数收益率,华宝基金管理有限公司,长江证券股份有限公司,股票型ETF,主题指数ETF,980076.SZ,,,,,,
2023-03-01,159231.SZ,华宝国证通用航空产业ETF,20250429,国证通用航空产业指数,国证通用航空产业指数收益率,华宝基金管理有限公司,长江证券股份有限公司,股票型ETF,主题指数ETF,980076.SZ,,,,,,
2023-03-02,159231.SZ,华宝国证通用航空产业ETF,20250429,国证通用航空产业指数,国证通用航空产业指数收益率,华宝基金管理有限公司,长江证券股份有限公司,股票型ETF,主题指数ETF,980076.SZ,,,,,,
2023-03-03,159231.SZ,华宝国证通用航空产业ETF,20250429,国证通用航空产业指数,国证通用航空产业指数收益率,华宝基金管理有限公司,长江证券股份有限公司,股票型ETF,主题指数ETF,980076.SZ,,,,,,
2023-03-06,159231.SZ,华宝国证通用航空产业ETF,20250429,国证通用航空产业指数,国证通用航空产业指数收益率,华宝基金管理有限公司,长江证券股份有限公司,股票型ETF,主题指数ETF,980076.SZ,,,,,,
2023-03-07,159231.SZ,华宝国证通用航空产业ETF,20250429,国证通用航空产业指数,国证通用航空产业指数收益率,华宝基金管理有限公司,长江证券股份有限公司,股票型ETF,主题指数ETF,980076.SZ,,,,,,
2023-03-08,159231.SZ,华宝国证通用航空产业ETF,20250429,国证通用航空产业指数,国证通用航空产业指数收益率,华宝基金管理有限公司,长江证券股份有限公司,股票型ETF,主题指数ETF,980076.SZ,,,,,,
2023-03-09,159231.SZ,华宝国证通用航空产业ETF,20250429,国证通用航空产业指数,国证通用航空产业指数收益率,华宝基金管理有限公司,长江证券股份有限公司,股票型ETF,主题指数ETF,980076.SZ,,,,,,
2023-03-10,159231.SZ,华宝国证通用航空产业ETF,20250429,国证通用航空产业指数,国证通用航空产业指数收益率,华宝基金管理有限公司,长江证券股份有限公司,股票型ETF,主题指数ETF,980076.SZ,,,,,,
2023-03-13,159231.SZ,华宝国证通用航空产业ETF,20250429,国证通用航空产业指数,国证通用航空产业指数收益率,华宝基金管理有限公司,长江证券股份有限公司,股票型ETF,主题指数ETF,980076.SZ,,,,,,
2023-03-14,159231.SZ,华宝国证通用航空产业ETF,20250429,国证通用航空产业指数,国证通用航空产业指数收益率,华宝基金管理有限公司,长江证券股份有限公司,股票型ETF,主题指数ETF,980076.SZ,,,,,,
2023-03-15,159231.SZ,华宝国证通用航空产业ETF,20250429,国证通用航空产业指数,国证通用航空产业指数收益率,华宝基金管理有限公司,长江证券股份有限公司,股票型ETF,主题指数ETF,980076.SZ,,,,,,
2023-03-16,159231.SZ,华宝国证通用航空产业ETF,20250429,国证通用航空产业指数,国证通用航空产业指数收益率,华宝基金管理有限公司,长江证券股份有限公司,股票型ETF,主题指数ETF,980076.SZ,,,,,,
2023-03-17,159231.SZ,华宝国证通用航空产业ETF,20250429,国证通用航空产业指数,国证通用航空产业指数收益率,华宝基金管理有限公司,长江证券股份有限公司,股票型ETF,主题指数ETF,980076.SZ,,,,,,
2023-03-20,159231.SZ,华宝国证通用航空产业ETF,20250429,国证通用航空产业指数,国证通用航空产业指数收益率,华宝基金管理有限公司,长江证券股份有限公司,股票型ETF,主题指数ETF,980076.SZ,,,,,,
2023-03-21,159231.SZ,华宝国证通用航空产业ETF,20250429,国证通用航空产业指数,国证通用航空产业指数收益率,华宝基金管理有限公司,长江证券股份有限公司,股票型ETF,主题指数ETF,980076.SZ,,,,,,
2023-03-22,159231.SZ,华宝国证通用航空产业ETF,20250429,国证通用航空产业指数,国证通用航空产业指数收益率,华宝基金管理有限公司,长江证券股份有限公司,股票型ETF,主题指数ETF,980076.SZ,,,,,,
2023-03-23,159231.SZ,华宝国证通用航空产业ETF,20250429,国证通用航空产业指数,国证通用航空产业指数收益率,华宝基金管理有限公司,长江证券股份有限公司,股票型ETF,主题指数ETF,980076.SZ,,,,,,
2023-03-24,159231.SZ,华宝国证通用航空产业ETF,20250429,国证通用航空产业指数,国证通用航空产业指数收益率,华宝基金管理有限公司,长江证券股份有限公司,股票型ETF,主题指数ETF,980076.SZ,,,,,,
2023-03-27,159231.SZ,华宝国证通用航空产业ETF,20250429,国证通用航空产业指数,国证通用航空产业指数收益率,华宝基金管理有限公司,长江证券股份有限公司,股票型ETF,主题指数ETF,980076.SZ,,,,,,
2023-03-28,159231.SZ,华宝国证通用航空产业ETF,20250429,国证通用航空产业指数,国证通用航空产业指数收益率,华宝基金管理有限公司,长江证券股份有限公司,股票型ETF,主题指数ETF,980076.SZ,,,,,,
2023-03-29,159231.SZ,华宝国证通用航空产业ETF,20250429,国证通用航空产业指数,国证通用航空产业指数收益率,华宝基金管理有限公司,长江证券股份有限公司,股票型ETF,主题指数ETF,980076.SZ,,,,,,
2023-03-30,159231.SZ,华宝国证通用航空产业ETF,20250429,国证通用航空产业指数,国证通用航空产业指数收益率,华宝基金管理有限公司,长江证券股份有限公司,股票型ETF,主题指数ETF,980076.SZ,,,,,,
2023-03-31,159231.SZ,华宝国证通用航空产业ETF,20250429,国证通用航空产业指数,国证通用航空产业指数收益率,华宝基金管理有限公司,长江证券股份有限公司,股票型ETF,主题指数ETF,980076.SZ,,,,,,
2023-04-03,159231.SZ,华宝国证通用航空产业ETF,20250429,国证通用航空产业指数,国证通用航空产业指数收益率,华宝基金管理有限公司,长江证券股份有限公司,股票型ETF,主题指数ETF,980076.SZ,,,,,,
2023-04-04,159231.SZ,华宝国证通用航空产业ETF,20250429,国证通用航空产业指数,国证通用航空产业指数收益率,华宝基金管理有限公司,长江证券股份有限公司,股票型ETF,主题指数ETF,980076.SZ,,,,,,
2023-04-06,159231.SZ,华宝国证通用航空产业ETF,20250429,国证通用航空产业指数,国证通用航空产业指数收益率,华宝基金管理有限公司,长江证券股份有限公司,股票型ETF,主题指数ETF,980076.SZ,,,,,,
2023-04-07,159231.SZ,华宝国证通用航空产业ETF,20250429,国证通用航空产业指数,国证通用航空产业指数收益率,华宝基金管理有限公司,长江证券股份有限公司,股票型ETF,主题指数ETF,980076.SZ,,,,,,
2023-04-10,159231.SZ,华宝国证通用航空产业ETF,20250429,国证通用航空产业指数,国证通用航空产业指数收益率,华宝基金管理有限公司,长江证券股份有限公司,股票型ETF,主题指数ETF,980076.SZ,,,,,,
2023-04-11,159231.SZ,华宝国证通用航空产业ETF,20250429,国证通用航空产业指数,国证通用航空产业指数收益率,华宝基金管理有限公司,长江证券股份有限公司,股票型ETF,主题指数ETF,980076.SZ,,,,,,
2023-04-12,159231.SZ,华宝国证通用航空产业ETF,20250429,国证通用航空产业指数,国证通用航空产业指数收益率,华宝基金管理有限公司,长江证券股份有限公司,股票型ETF,主题指数ETF,980076.SZ,,,,,,
2023-04-13,159231.SZ,华宝国证通用航空产业ETF,20250429,国证通用航空产业指数,国证通用航空产业指数收益率,华宝基金管理有限公司,长江证券股份有限公司,股票型ETF,主题指数ETF,980076.SZ,,,,,,
2023-04-14,159231.SZ,华宝国证通用航空产业ETF,20250429,国证通用航空产业指数,国证通用航空产业指数收益率,华宝基金管理有限公司,长江证券股份有限公司,股票型ETF,主题指数ETF,980076.SZ,,,,,,
2023-04-17,159231.SZ,华宝国证通用航空产业ETF,20250429,国证通用航空产业指数,国证通用航空产业指数收益率,华宝基金管理有限公司,长江证券股份有限公司,股票型ETF,主题指数ETF,980076.SZ,,,,,,
2023-04-18,159231.SZ,华宝国证通用航空产业ETF,20250429,国证通用航空产业指数,国证通用航空产业指数收益率,华宝基金管理有限公司,长江证券股份有限公司,股票型ETF,主题指数ETF,980076.SZ,,,,,,
2023-04-19,159231.SZ,华宝国证通用航空产业ETF,20250429,国证通用航空产业指数,国证通用航空产业指数收益率,华宝基金管理有限公司,长江证券股份有限公司,股票型ETF,主题指数ETF,980076.SZ,,,,,,
2023-04-20,159231.SZ,华宝国证通用航空产业ETF,20250429,国证通用航空产业指数,国证通用航空产业指数收益率,华宝基金管理有限公司,长江证券股份有限公司,股票型ETF,主题指数ETF,980076.SZ,,,,,,
2023-04-21,159231.SZ,华宝国证通用航空产业ETF,20250429,国证通用航空产业指数,国证通用航空产业指数收益率,华宝基金管理有限公司,长江证券股份有限公司,股票型ETF,主题指数ETF,980076.SZ,,,,,,
2023-04-24,159231.SZ,华宝国证通用航空产业ETF,20250429,国证通用航空产业指数,国证通用航空产业指数收益率,华宝基金管理有限公司,长江证券股份有限公司,股票型ETF,主题指数ETF,980076.SZ,,,,,,
2023-04-25,159231.SZ,华宝国证通用航空产业ETF,20250429,国证通用航空产业指数,国证通用航空产业指数收益率,华宝基金管理有限公司,长江证券股份有限公司,股票型ETF,主题指数ETF,980076.SZ,,,,,,
2023-04-26,159231.SZ,华宝国证通用航空产业ETF,20250429,国证通用航空产业指数,国证通用航空产业指数收益率,华宝基金管理有限公司,长江证券股份有限公司,股票型ETF,主题指数ETF,980076.SZ,,,,,,
2023-04-27,159231.SZ,华宝国证通用航空产业ETF,20250429,国证通用航空产业指数,国证通用航空产业指数收益率,华宝基金管理有限公司,长江证券股份有限公司,股票型ETF,主题指数ETF,980076.SZ,,,,,,
2023-04-28,159231.SZ,华宝国证通用航空产业ETF,20250429,国证通用航空产业指数,国证通用航空产业指数收益率,华宝基金管理有限公司,长江证券股份有限公司,股票型ETF,主题指数ETF,980076.SZ,,,,,,
2023-05-04,159231.SZ,华宝国证通用航空产业ETF,20250429,国证通用航空产业指数,国证通用航空产业指数收益率,华宝基金管理有限公司,长江证券股份有限公司,股票型ETF,主题指数ETF,980076.SZ,,,,,,
2023-05-05,159231.SZ,华宝国证通用航空产业ETF,20250429,国证通用航空产业指数,国证通用航空产业指数收益率,华宝基金管理有限公司,长江证券股份有限公司,股票型ETF,主题指数ETF,980076.SZ,,,,,,
2023-05-08,159231.SZ,华宝国证通用航空产业ETF,20250429,国证通用航空产业指数,国证通用航空产业指数收益率,华宝基金管理有限公司,长江证券股份有限公司,股票型ETF,主题指数ETF,980076.SZ,,,,,,
2023-05-09,159231.SZ,华宝国证通用航空产业ETF,20250429,国证通用航空产业指数,国证通用航空产业指数收益率,华宝基金管理有限公司,长江证券股份有限公司,股票型ETF,主题指数ETF,980076.SZ,,,,,,
2023-05-10,159231.SZ,华宝国证通用航空产业ETF,20250429,国证通用航空产业指数,国证通用航空产业指数收益率,华宝基金管理有限公司,长江证券股份有限公司,股票型ETF,主题指数ETF,980076.SZ,,,,,,
2023-05-11,159231.SZ,华宝国证通用航空产业ETF,20250429,国证通用航空产业指数,国证通用航空产业指数收益率,华宝基金管理有限公司,长江证券股份有限公司,股票型ETF,主题指数ETF,980076.SZ,,,,,,
2023-05-12,159231.SZ,华宝国证通用航空产业ETF,20250429,国证通用航空产业指数,国证通用航空产业指数收益率,华宝基金管理有限公司,长江证券股份有限公司,股票型ETF,主题指数ETF,980076.SZ,,,,,,
2023-05-15,159231.SZ,华宝国证通用航空产业ETF,20250429,国证通用航空产业指数,国证通用航空产业指数收益率,华宝基金管理有限公司,长江证券股份有限公司,股票型ETF,主题指数ETF,980076.SZ,,,,,,
2023-05-16,159231.SZ,华宝国证通用航空产业ETF,20250429,国证通用航空产业指数,国证通用航空产业指数收益率,华宝基金管理有限公司,长江证券股份有限公司,股票型ETF,主题指数ETF,980076.SZ,,,,,,
2023-05-17,159231.SZ,华宝国证通用航空产业ETF,20250429,国证通用航空产业指数,国证通用航空产业指数收益率,华宝基金管理有限公司,长江证券股份有限公司,股票型ETF,主题指数ETF,980076.SZ,,,,,,
2023-05-18,159231.SZ,华宝国证通用航空产业ETF,20250429,国证通用航空产业指数,国证通用航空产业指数收益率,华宝基金管理有限公司,长江证券股份有限公司,股票型ETF,主题指数ETF,980076.SZ,,,,,,
2023-05-19,159231.SZ,华宝国证通用航空产业ETF,20250429,国证通用航空产业指数,国证通用航空产业指数收益率,华宝基金管理有限公司,长江证券股份有限公司,股票型ETF,主题指数ETF,980076.SZ,,,,,,
2023-05-22,159231.SZ,华宝国证通用航空产业ETF,20250429,国证通用航空产业指数,国证通用航空产业指数收益率,华宝基金管理有限公司,长江证券股份有限公司,股票型ETF,主题指数ETF,980076.SZ,,,,,,
2023-05-23,159231.SZ,华宝国证通用航空产业ETF,20250429,国证通用航空产业指数,国证通用航空产业指数收益率,华宝基金管理有限公司,长江证券股份有限公司,股票型ETF,主题指数ETF,980076.SZ,,,,,,
2023-05-24,159231.SZ,华宝国证通用航空产业ETF,20250429,国证通用航空产业指数,国证通用航空产业指数收益率,华宝基金管理有限公司,长江证券股份有限公司,股票型ETF,主题指数ETF,980076.SZ,,,,,,
2023-05-25,159231.SZ,华宝国证通用航空产业ETF,20250429,国证通用航空产业指数,国证通用航空产业指数收益率,华宝基金管理有限公司,长江证券股份有限公司,股票型ETF,主题指数ETF,980076.SZ,,,,,,
2023-05-26,159231.SZ,华宝国证通用航空产业ETF,20250429,国证通用航空产业指数,国证通用航空产业指数收益率,华宝基金管理有限公司,长江证券股份有限公司,股票型ETF,主题指数ETF,980076.SZ,,,,,,
2023-05-29,159231.SZ,华宝国证通用航空产业ETF,20250429,国证通用航空产业指数,国证通用航空产业指数收益率,华宝基金管理有限公司,长江证券股份有限公司,股票型ETF,主题指数ETF,980076.SZ,,,,,,
2023-05-30,159231.SZ,华宝国证通用航空产业ETF,20250429,国证通用航空产业指数,国证通用航空产业指数收益率,华宝基金管理有限公司,长江证券股份有限公司,股票型ETF,主题指数ETF,980076.SZ,,,,,,
2023-05-31,159231.SZ,华宝国证通用航空产业ETF,20250429,国证通用航空产业指数,国证通用航空产业指数收益率,华宝基金管理有限公司,长江证券股份有限公司,股票型ETF,主题指数ETF,980076.SZ,,,,,,
2023-06-01,159231.SZ,华宝国证通用航空产业ETF,20250429,国证通用航空产业指数,国证通用航空产业指数收益率,华宝基金管理有限公司,长江证券股份有限公司,股票型ETF,主题指数ETF,980076.SZ,,,,,,
2023-06-02,159231.SZ,华宝国证通用航空产业ETF,20250429,国证通用航空产业指数,国证通用航空产业指数收益率,华宝基金管理有限公司,长江证券股份有限公司,股票型ETF,主题指数ETF,980076.SZ,,,,,,
2023-06-05,159231.SZ,华宝国证通用航空产业ETF,20250429,国证通用航空产业指数,国证通用航空产业指数收益率,华宝基金管理有限公司,长江证券股份有限公司,股票型ETF,主题指数ETF,980076.SZ,,,,,,
2023-06-06,159231.SZ,华宝国证通用航空产业ETF,20250429,国证通用航空产业指数,国证通用航空产业指数收益率,华宝基金管理有限公司,长江证券股份有限公司,股票型ETF,主题指数ETF,980076.SZ,,,,,,
2023-06-07,159231.SZ,华宝国证通用航空产业ETF,20250429,国证通用航空产业指数,国证通用航空产业指数收益率,华宝基金管理有限公司,长江证券股份有限公司,股票型ETF,主题指数ETF,980076.SZ,,,,,,
2023-06-08,159231.SZ,华宝国证通用航空产业ETF,20250429,国证通用航空产业指数,国证通用航空产业指数收益率,华宝基金管理有限公司,长江证券股份有限公司,股票型ETF,主题指数ETF,980076.SZ,,,,,,
2023-06-09,159231.SZ,华宝国证通用航空产业ETF,20250429,国证通用航空产业指数,国证通用航空产业指数收益率,华宝基金管理有限公司,长江证券股份有限公司,股票型ETF,主题指数ETF,980076.SZ,,,,,,
2023-06-12,159231.SZ,华宝国证通用航空产业ETF,20250429,国证通用航空产业指数,国证通用航空产业指数收益率,华宝基金管理有限公司,长江证券股份有限公司,股票型ETF,主题指数ETF,980076.SZ,,,,,,
2023-06-13,159231.SZ,华宝国证通用航空产业ETF,20250429,国证通用航空产业指数,国证通用航空产业指数收益率,华宝基金管理有限公司,长江证券股份有限公司,股票型ETF,主题指数ETF,980076.SZ,,,,,,
2023-06-14,159231.SZ,华宝国证通用航空产业ETF,20250429,国证通用航空产业指数,国证通用航空产业指数收益率,华宝基金管理有限公司,长江证券股份有限公司,股票型ETF,主题指数ETF,980076.SZ,,,,,,
2023-06-15,159231.SZ,华宝国证通用航空产业ETF,20250429,国证通用航空产业指数,国证通用航空产业指数收益率,华宝基金管理有限公司,长江证券股份有限公司,股票型ETF,主题指数ETF,980076.SZ,,,,,,
2023-06-16,159231.SZ,华宝国证通用航空产业ETF,20250429,国证通用航空产业指数,国证通用航空产业指数收益率,华宝基金管理有限公司,长江证券股份有限公司,股票型ETF,主题指数ETF,980076.SZ,,,,,,
2023-06-19,159231.SZ,华宝国证通用航空产业ETF,20250429,国证通用航空产业指数,国证通用航空产业指数收益率,华宝基金管理有限公司,长江证券股份有限公司,股票型ETF,主题指数ETF,980076.SZ,,,,,,
2023-06-20,159231.SZ,华宝国证通用航空产业ETF,20250429,国证通用航空产业指数,国证通用航空产业指数收益率,华宝基金管理有限公司,长江证券股份有限公司,股票型ETF,主题指数ETF,980076.SZ,,,,,,
2023-06-21,159231.SZ,华宝国证通用航空产业ETF,20250429,国证通用航空产业指数,国证通用航空产业指数收益率,华宝基金管理有限公司,长江证券股份有限公司,股票型ETF,主题指数ETF,980076.SZ,,,,,,
2023-06-26,159231.SZ,华宝国证通用航空产业ETF,20250429,国证通用航空产业指数,国证通用航空产业指数收益率,华宝基金管理有限公司,长江证券股份有限公司,股票型ETF,主题指数ETF,980076.SZ,,,,,,
2023-06-27,159231.SZ,华宝国证通用航空产业ETF,20250429,国证通用航空产业指数,国证通用航空产业指数收益率,华宝基金管理有限公司,长江证券股份有限公司,股票型ETF,主题指数ETF,980076.SZ,,,,,,
2023-06-28,159231.SZ,华宝国证通用航空产业ETF,20250429,国证通用航空产业指数,国证通用航空产业指数收益率,华宝基金管理有限公司,长江证券股份有限公司,股票型ETF,主题指数ETF,980076.SZ,,,,,,
2023-06-29,159231.SZ,华宝国证通用航空产业ETF,20250429,国证通用航空产业指数,国证通用航空产业指数收益率,华宝基金管理有限公司,长江证券股份有限公司,股票型ETF,主题指数ETF,980076.SZ,,,,,,
2023-06-30,159231.SZ,华宝国证通用航空产业ETF,20250429,国证通用航空产业指数,国证通用航空产业指数收益率,华宝基金管理有限公司,长江证券股份有限公司,股票型ETF,主题指数ETF,980076.SZ,,,,,,
2023-07-03,159231.SZ,华宝国证通用航空产业ETF,20250429,国证通用航空产业指数,国证通用航空产业指数收益率,华宝基金管理有限公司,长江证券股份有限公司,股票型ETF,主题指数ETF,980076.SZ,,,,,,
2023-07-04,159231.SZ,华宝国证通用航空产业ETF,20250429,国证通用航空产业指数,国证通用航空产业指数收益率,华宝基金管理有限公司,长江证券股份有限公司,股票型ETF,主题指数ETF,980076.SZ,,,,,,
2023-07-05,159231.SZ,华宝国证通用航空产业ETF,20250429,国证通用航空产业指数,国证通用航空产业指数收益率,华宝基金管理有限公司,长江证券股份有限公司,股票型ETF,主题指数ETF,980076.SZ,,,,,,
2023-07-06,159231.SZ,华宝国证通用航空产业ETF,20250429,国证通用航空产业指数,国证通用航空产业指数收益率,华宝基金管理有限公司,长江证券股份有限公司,股票型ETF,主题指数ETF,980076.SZ,,,,,,
2023-07-07,159231.SZ,华宝国证通用航空产业ETF,20250429,国证通用航空产业指数,国证通用航空产业指数收益率,华宝基金管理有限公司,长江证券股份有限公司,股票型ETF,主题指数ETF,980076.SZ,,,,,,
2023-07-10,159231.SZ,华宝国证通用航空产业ETF,20250429,国证通用航空产业指数,国证通用航空产业指数收益率,华宝基金管理有限公司,长江证券股份有限公司,股票型ETF,主题指数ETF,980076.SZ,,,,,,
2023-07-11,159231.SZ,华宝国证通用航空产业ETF,20250429,国证通用航空产业指数,国证通用航空产业指数收益率,华宝基金管理有限公司,长江证券股份有限公司,股票型ETF,主题指数ETF,980076.SZ,,,,,,
2023-07-12,159231.SZ,华宝国证通用航空产业ETF,20250429,国证通用航空产业指数,国证通用航空产业指数收益率,华宝基金管理有限公司,长江证券股份有限公司,股票型ETF,主题指数ETF,980076.SZ,,,,,,
2023-07-13,159231.SZ,华宝国证通用航空产业ETF,20250429,国证通用航空产业指数,国证通用航空产业指数收益率,华宝基金管理有限公司,长江证券股份有限公司,股票型ETF,主题指数ETF,980076.SZ,,,,,,
2023-07-14,159231.SZ,华宝国证通用航空产业ETF,20250429,国证通用航空产业指数,国证通用航空产业指数收益率,华宝基金管理有限公司,长江证券股份有限公司,股票型ETF,主题指数ETF,980076.SZ,,,,,,
2023-07-17,159231.SZ,华宝国证通用航空产业ETF,20250429,国证通用航空产业指数,国证通用航空产业指数收益率,华宝基金管理有限公司,长江证券股份有限公司,股票型ETF,主题指数ETF,980076.SZ,,,,,,
2023-07-18,159231.SZ,华宝国证通用航空产业ETF,20250429,国证通用航空产业指数,国证通用航空产业指数收益率,华宝基金管理有限公司,长江证券股份有限公司,股票型ETF,主题指数ETF,980076.SZ,,,,,,
2023-07-19,159231.SZ,华宝国证通用航空产业ETF,20250429,国证通用航空产业指数,国证通用航空产业指数收益率,华宝基金管理有限公司,长江证券股份有限公司,股票型ETF,主题指数ETF,980076.SZ,,,,,,
2023-07-20,159231.SZ,华宝国证通用航空产业ETF,20250429,国证通用航空产业指数,国证通用航空产业指数收益率,华宝基金管理有限公司,长江证券股份有限公司,股票型ETF,主题指数ETF,980076.SZ,,,,,,
2023-07-21,159231.SZ,华宝国证通用航空产业ETF,20250429,国证通用航空产业指数,国证通用航空产业指数收益率,华宝基金管理有限公司,长江证券股份有限公司,股票型ETF,主题指数ETF,980076.SZ,,,,,,
2023-07-24,159231.SZ,华宝国证通用航空产业ETF,20250429,国证通用航空产业指数,国证通用航空产业指数收益率,华宝基金管理有限公司,长江证券股份有限公司,股票型ETF,主题指数ETF,980076.SZ,,,,,,
2023-07-25,159231.SZ,华宝国证通用航空产业ETF,20250429,国证通用航空产业指数,国证通用航空产业指数收益率,华宝基金管理有限公司,长江证券股份有限公司,股票型ETF,主题指数ETF,980076.SZ,,,,,,
2023-07-26,159231.SZ,华宝国证通用航空产业ETF,20250429,国证通用航空产业指数,国证通用航空产业指数收益率,华宝基金管理有限公司,长江证券股份有限公司,股票型ETF,主题指数ETF,980076.SZ,,,,,,
2023-07-27,159231.SZ,华宝国证通用航空产业ETF,20250429,国证通用航空产业指数,国证通用航空产业指数收益率,华宝基金管理有限公司,长江证券股份有限公司,股票型ETF,主题指数ETF,980076.SZ,,,,,,
2023-07-28,159231.SZ,华宝国证通用航空产业ETF,20250429,国证通用航空产业指数,国证通用航空产业指数收益率,华宝基金管理有限公司,长江证券股份有限公司,股票型ETF,主题指数ETF,980076.SZ,,,,,,
2023-07-31,159231.SZ,华宝国证通用航空产业ETF,20250429,国证通用航空产业指数,国证通用航空产业指数收益率,华宝基金管理有限公司,长江证券股份有限公司,股票型ETF,主题指数ETF,980076.SZ,,,,,,
2023-08-01,159231.SZ,华宝国证通用航空产业ETF,20250429,国证通用航空产业指数,国证通用航空产业指数收益率,华宝基金管理有限公司,长江证券股份有限公司,股票型ETF,主题指数ETF,980076.SZ,,,,,,
2023-08-02,159231.SZ,华宝国证通用航空产业ETF,20250429,国证通用航空产业指数,国证通用航空产业指数收益率,华宝基金管理有限公司,长江证券股份有限公司,股票型ETF,主题指数ETF,980076.SZ,,,,,,
2023-08-03,159231.SZ,华宝国证通用航空产业ETF,20250429,国证通用航空产业指数,国证通用航空产业指数收益率,华宝基金管理有限公司,长江证券股份有限公司,股票型ETF,主题指数ETF,980076.SZ,,,,,,
2023-08-04,159231.SZ,华宝国证通用航空产业ETF,20250429,国证通用航空产业指数,国证通用航空产业指数收益率,华宝基金管理有限公司,长江证券股份有限公司,股票型ETF,主题指数ETF,980076.SZ,,,,,,
2023-08-07,159231.SZ,华宝国证通用航空产业ETF,20250429,国证通用航空产业指数,国证通用航空产业指数收益率,华宝基金管理有限公司,长江证券股份有限公司,股票型ETF,主题指数ETF,980076.SZ,,,,,,
2023-08-08,159231.SZ,华宝国证通用航空产业ETF,20250429,国证通用航空产业指数,国证通用航空产业指数收益率,华宝基金管理有限公司,长江证券股份有限公司,股票型ETF,主题指数ETF,980076.SZ,,,,,,
2023-08-09,159231.SZ,华宝国证通用航空产业ETF,20250429,国证通用航空产业指数,国证通用航空产业指数收益率,华宝基金管理有限公司,长江证券股份有限公司,股票型ETF,主题指数ETF,980076.SZ,,,,,,
2023-08-10,159231.SZ,华宝国证通用航空产业ETF,20250429,国证通用航空产业指数,国证通用航空产业指数收益率,华宝基金管理有限公司,长江证券股份有限公司,股票型ETF,主题指数ETF,980076.SZ,,,,,,
2023-08-11,159231.SZ,华宝国证通用航空产业ETF,20250429,国证通用航空产业指数,国证通用航空产业指数收益率,华宝基金管理有限公司,长江证券股份有限公司,股票型ETF,主题指数ETF,980076.SZ,,,,,,
2023-08-14,159231.SZ,华宝国证通用航空产业ETF,20250429,国证通用航空产业指数,国证通用航空产业指数收益率,华宝基金管理有限公司,长江证券股份有限公司,股票型ETF,主题指数ETF,980076.SZ,,,,,,
2023-08-15,159231.SZ,华宝国证通用航空产业ETF,20250429,国证通用航空产业指数,国证通用航空产业指数收益率,华宝基金管理有限公司,长江证券股份有限公司,股票型ETF,主题指数ETF,980076.SZ,,,,,,
2023-08-16,159231.SZ,华宝国证通用航空产业ETF,20250429,国证通用航空产业指数,国证通用航空产业指数收益率,华宝基金管理有限公司,长江证券股份有限公司,股票型ETF,主题指数ETF,980076.SZ,,,,,,
2023-08-17,159231.SZ,华宝国证通用航空产业ETF,20250429,国证通用航空产业指数,国证通用航空产业指数收益率,华宝基金管理有限公司,长江证券股份有限公司,股票型ETF,主题指数ETF,980076.SZ,,,,,,
2023-08-18,159231.SZ,华宝国证通用航空产业ETF,20250429,国证通用航空产业指数,国证通用航空产业指数收益率,华宝基金管理有限公司,长江证券股份有限公司,股票型ETF,主题指数ETF,980076.SZ,,,,,,
2023-08-21,159231.SZ,华宝国证通用航空产业ETF,20250429,国证通用航空产业指数,国证通用航空产业指数收益率,华宝基金管理有限公司,长江证券股份有限公司,股票型ETF,主题指数ETF,980076.SZ,,,,,,
2023-08-22,159231.SZ,华宝国证通用航空产业ETF,20250429,国证通用航空产业指数,国证通用航空产业指数收益率,华宝基金管理有限公司,长江证券股份有限公司,股票型ETF,主题指数ETF,980076.SZ,,,,,,
2023-08-23,159231.SZ,华宝国证通用航空产业ETF,20250429,国证通用航空产业指数,国证通用航空产业指数收益率,华宝基金管理有限公司,长江证券股份有限公司,股票型ETF,主题指数ETF,980076.SZ,,,,,,
2023-08-24,159231.SZ,华宝国证通用航空产业ETF,20250429,国证通用航空产业指数,国证通用航空产业指数收益率,华宝基金管理有限公司,长江证券股份有限公司,股票型ETF,主题指数ETF,980076.SZ,,,,,,
2023-08-25,159231.SZ,华宝国证通用航空产业ETF,20250429,国证通用航空产业指数,国证通用航空产业指数收益率,华宝基金管理有限公司,长江证券股份有限公司,股票型ETF,主题指数ETF,980076.SZ,,,,,,
2023-08-28,159231.SZ,华宝国证通用航空产业ETF,20250429,国证通用航空产业指数,国证通用航空产业指数收益率,华宝基金管理有限公司,长江证券股份有限公司,股票型ETF,主题指数ETF,980076.SZ,,,,,,
2023-08-29,159231.SZ,华宝国证通用航空产业ETF,20250429,国证通用航空产业指数,国证通用航空产业指数收益率,华宝基金管理有限公司,长江证券股份有限公司,股票型ETF,主题指数ETF,980076.SZ,,,,,,
2023-08-30,159231.SZ,华宝国证通用航空产业ETF,20250429,国证通用航空产业指数,国证通用航空产业指数收益率,华宝基金管理有限公司,长江证券股份有限公司,股票型ETF,主题指数ETF,980076.SZ,,,,,,
2023-08-31,159231.SZ,华宝国证通用航空产业ETF,20250429,国证通用航空产业指数,国证通用航空产业指数收益率,华宝基金管理有限公司,长江证券股份有限公司,股票型ETF,主题指数ETF,980076.SZ,,,,,,
2023-09-01,159231.SZ,华宝国证通用航空产业ETF,20250429,国证通用航空产业指数,国证通用航空产业指数收益率,华宝基金管理有限公司,长江证券股份有限公司,股票型ETF,主题指数ETF,980076.SZ,,,,,,
2023-09-04,159231.SZ,华宝国证通用航空产业ETF,20250429,国证通用航空产业指数,国证通用航空产业指数收益率,华宝基金管理有限公司,长江证券股份有限公司,股票型ETF,主题指数ETF,980076.SZ,,,,,,
2023-09-05,159231.SZ,华宝国证通用航空产业ETF,20250429,国证通用航空产业指数,国证通用航空产业指数收益率,华宝基金管理有限公司,长江证券股份有限公司,股票型ETF,主题指数ETF,980076.SZ,,,,,,
2023-09-06,159231.SZ,华宝国证通用航空产业ETF,20250429,国证通用航空产业指数,国证通用航空产业指数收益率,华宝基金管理有限公司,长江证券股份有限公司,股票型ETF,主题指数ETF,980076.SZ,,,,,,
2023-09-07,159231.SZ,华宝国证通用航空产业ETF,20250429,国证通用航空产业指数,国证通用航空产业指数收益率,华宝基金管理有限公司,长江证券股份有限公司,股票型ETF,主题指数ETF,980076.SZ,,,,,,
2023-09-08,159231.SZ,华宝国证通用航空产业ETF,20250429,国证通用航空产业指数,国证通用航空产业指数收益率,华宝基金管理有限公司,长江证券股份有限公司,股票型ETF,主题指数ETF,980076.SZ,,,,,,
2023-09-11,159231.SZ,华宝国证通用航空产业ETF,20250429,国证通用航空产业指数,国证通用航空产业指数收益率,华宝基金管理有限公司,长江证券股份有限公司,股票型ETF,主题指数ETF,980076.SZ,,,,,,
2023-09-12,159231.SZ,华宝国证通用航空产业ETF,20250429,国证通用航空产业指数,国证通用航空产业指数收益率,华宝基金管理有限公司,长江证券股份有限公司,股票型ETF,主题指数ETF,980076.SZ,,,,,,
2023-09-13,159231.SZ,华宝国证通用航空产业ETF,20250429,国证通用航空产业指数,国证通用航空产业指数收益率,华宝基金管理有限公司,长江证券股份有限公司,股票型ETF,主题指数ETF,980076.SZ,,,,,,
2023-09-14,159231.SZ,华宝国证通用航空产业ETF,20250429,国证通用航空产业指数,国证通用航空产业指数收益率,华宝基金管理有限公司,长江证券股份有限公司,股票型ETF,主题指数ETF,980076.SZ,,,,,,
2023-09-15,159231.SZ,华宝国证通用航空产业ETF,20250429,国证通用航空产业指数,国证通用航空产业指数收益率,华宝基金管理有限公司,长江证券股份有限公司,股票型ETF,主题指数ETF,980076.SZ,,,,,,
2023-09-18,159231.SZ,华宝国证通用航空产业ETF,20250429,国证通用航空产业指数,国证通用航空产业指数收益率,华宝基金管理有限公司,长江证券股份有限公司,股票型ETF,主题指数ETF,980076.SZ,,,,,,
2023-09-19,159231.SZ,华宝国证通用航空产业ETF,20250429,国证通用航空产业指数,国证通用航空产业指数收益率,华宝基金管理有限公司,长江证券股份有限公司,股票型ETF,主题指数ETF,980076.SZ,,,,,,
2023-09-20,159231.SZ,华宝国证通用航空产业ETF,20250429,国证通用航空产业指数,国证通用航空产业指数收益率,华宝基金管理有限公司,长江证券股份有限公司,股票型ETF,主题指数ETF,980076.SZ,,,,,,
2023-09-21,159231.SZ,华宝国证通用航空产业ETF,20250429,国证通用航空产业指数,国证通用航空产业指数收益率,华宝基金管理有限公司,长江证券股份有限公司,股票型ETF,主题指数ETF,980076.SZ,,,,,,
2023-09-22,159231.SZ,华宝国证通用航空产业ETF,20250429,国证通用航空产业指数,国证通用航空产业指数收益率,华宝基金管理有限公司,长江证券股份有限公司,股票型ETF,主题指数ETF,980076.SZ,,,,,,
2023-09-25,159231.SZ,华宝国证通用航空产业ETF,20250429,国证通用航空产业指数,国证通用航空产业指数收益率,华宝基金管理有限公司,长江证券股份有限公司,股票型ETF,主题指数ETF,980076.SZ,,,,,,
2023-09-26,159231.SZ,华宝国证通用航空产业ETF,20250429,国证通用航空产业指数,国证通用航空产业指数收益率,华宝基金管理有限公司,长江证券股份有限公司,股票型ETF,主题指数ETF,980076.SZ,,,,,,
2023-09-27,159231.SZ,华宝国证通用航空产业ETF,20250429,国证通用航空产业指数,国证通用航空产业指数收益率,华宝基金管理有限公司,长江证券股份有限公司,股票型ETF,主题指数ETF,980076.SZ,,,,,,
2023-09-28,159231.SZ,华宝国证通用航空产业ETF,20250429,国证通用航空产业指数,国证通用航空产业指数收益率,华宝基金管理有限公司,长江证券股份有限公司,股票型ETF,主题指数ETF,980076.SZ,,,,,,
2023-10-09,159231.SZ,华宝国证通用航空产业ETF,20250429,国证通用航空产业指数,国证通用航空产业指数收益率,华宝基金管理有限公司,长江证券股份有限公司,股票型ETF,主题指数ETF,980076.SZ,,,,,,
2023-10-10,159231.SZ,华宝国证通用航空产业ETF,20250429,国证通用航空产业指数,国证通用航空产业指数收益率,华宝基金管理有限公司,长江证券股份有限公司,股票型ETF,主题指数ETF,980076.SZ,,,,,,
2023-10-11,159231.SZ,华宝国证通用航空产业ETF,20250429,国证通用航空产业指数,国证通用航空产业指数收益率,华宝基金管理有限公司,长江证券股份有限公司,股票型ETF,主题指数ETF,980076.SZ,,,,,,
2023-10-12,159231.SZ,华宝国证通用航空产业ETF,20250429,国证通用航空产业指数,国证通用航空产业指数收益率,华宝基金管理有限公司,长江证券股份有限公司,股票型ETF,主题指数ETF,980076.SZ,,,,,,
2023-10-13,159231.SZ,华宝国证通用航空产业ETF,20250429,国证通用航空产业指数,国证通用航空产业指数收益率,华宝基金管理有限公司,长江证券股份有限公司,股票型ETF,主题指数ETF,980076.SZ,,,,,,
2023-10-16,159231.SZ,华宝国证通用航空产业ETF,20250429,国证通用航空产业指数,国证通用航空产业指数收益率,华宝基金管理有限公司,长江证券股份有限公司,股票型ETF,主题指数ETF,980076.SZ,,,,,,
2023-10-17,159231.SZ,华宝国证通用航空产业ETF,20250429,国证通用航空产业指数,国证通用航空产业指数收益率,华宝基金管理有限公司,长江证券股份有限公司,股票型ETF,主题指数ETF,980076.SZ,,,,,,
2023-10-18,159231.SZ,华宝国证通用航空产业ETF,20250429,国证通用航空产业指数,国证通用航空产业指数收益率,华宝基金管理有限公司,长江证券股份有限公司,股票型ETF,主题指数ETF,980076.SZ,,,,,,
2023-10-19,159231.SZ,华宝国证通用航空产业ETF,20250429,国证通用航空产业指数,国证通用航空产业指数收益率,华宝基金管理有限公司,长江证券股份有限公司,股票型ETF,主题指数ETF,980076.SZ,,,,,,
2023-10-20,159231.SZ,华宝国证通用航空产业ETF,20250429,国证通用航空产业指数,国证通用航空产业指数收益率,华宝基金管理有限公司,长江证券股份有限公司,股票型ETF,主题指数ETF,980076.SZ,,,,,,
2023-10-23,159231.SZ,华宝国证通用航空产业ETF,20250429,国证通用航空产业指数,国证通用航空产业指数收益率,华宝基金管理有限公司,长江证券股份有限公司,股票型ETF,主题指数ETF,980076.SZ,,,,,,
2023-10-24,159231.SZ,华宝国证通用航空产业ETF,20250429,国证通用航空产业指数,国证通用航空产业指数收益率,华宝基金管理有限公司,长江证券股份有限公司,股票型ETF,主题指数ETF,980076.SZ,,,,,,
2023-10-25,159231.SZ,华宝国证通用航空产业ETF,20250429,国证通用航空产业指数,国证通用航空产业指数收益率,华宝基金管理有限公司,长江证券股份有限公司,股票型ETF,主题指数ETF,980076.SZ,,,,,,
2023-10-26,159231.SZ,华宝国证通用航空产业ETF,20250429,国证通用航空产业指数,国证通用航空产业指数收益率,华宝基金管理有限公司,长江证券股份有限公司,股票型ETF,主题指数ETF,980076.SZ,,,,,,
2023-10-27,159231.SZ,华宝国证通用航空产业ETF,20250429,国证通用航空产业指数,国证通用航空产业指数收益率,华宝基金管理有限公司,长江证券股份有限公司,股票型ETF,主题指数ETF,980076.SZ,,,,,,
2023-10-30,159231.SZ,华宝国证通用航空产业ETF,20250429,国证通用航空产业指数,国证通用航空产业指数收益率,华宝基金管理有限公司,长江证券股份有限公司,股票型ETF,主题指数ETF,980076.SZ,,,,,,
2023-10-31,159231.SZ,华宝国证通用航空产业ETF,20250429,国证通用航空产业指数,国证通用航空产业指数收益率,华宝基金管理有限公司,长江证券股份有限公司,股票型ETF,主题指数ETF,980076.SZ,,,,,,
2023-11-01,159231.SZ,华宝国证通用航空产业ETF,20250429,国证通用航空产业指数,国证通用航空产业指数收益率,华宝基金管理有限公司,长江证券股份有限公司,股票型ETF,主题指数ETF,980076.SZ,,,,,,
2023-11-02,159231.SZ,华宝国证通用航空产业ETF,20250429,国证通用航空产业指数,国证通用航空产业指数收益率,华宝基金管理有限公司,长江证券股份有限公司,股票型ETF,主题指数ETF,980076.SZ,,,,,,
2023-11-03,159231.SZ,华宝国证通用航空产业ETF,20250429,国证通用航空产业指数,国证通用航空产业指数收益率,华宝基金管理有限公司,长江证券股份有限公司,股票型ETF,主题指数ETF,980076.SZ,,,,,,
2023-11-06,159231.SZ,华宝国证通用航空产业ETF,20250429,国证通用航空产业指数,国证通用航空产业指数收益率,华宝基金管理有限公司,长江证券股份有限公司,股票型ETF,主题指数ETF,980076.SZ,,,,,,
2023-11-07,159231.SZ,华宝国证通用航空产业ETF,20250429,国证通用航空产业指数,国证通用航空产业指数收益率,华宝基金管理有限公司,长江证券股份有限公司,股票型ETF,主题指数ETF,980076.SZ,,,,,,
2023-11-08,159231.SZ,华宝国证通用航空产业ETF,20250429,国证通用航空产业指数,国证通用航空产业指数收益率,华宝基金管理有限公司,长江证券股份有限公司,股票型ETF,主题指数ETF,980076.SZ,,,,,,
2023-11-09,159231.SZ,华宝国证通用航空产业ETF,20250429,国证通用航空产业指数,国证通用航空产业指数收益率,华宝基金管理有限公司,长江证券股份有限公司,股票型ETF,主题指数ETF,980076.SZ,,,,,,
2023-11-10,159231.SZ,华宝国证通用航空产业ETF,20250429,国证通用航空产业指数,国证通用航空产业指数收益率,华宝基金管理有限公司,长江证券股份有限公司,股票型ETF,主题指数ETF,980076.SZ,,,,,,
2023-11-13,159231.SZ,华宝国证通用航空产业ETF,20250429,国证通用航空产业指数,国证通用航空产业指数收益率,华宝基金管理有限公司,长江证券股份有限公司,股票型ETF,主题指数ETF,980076.SZ,,,,,,
2023-11-14,159231.SZ,华宝国证通用航空产业ETF,20250429,国证通用航空产业指数,国证通用航空产业指数收益率,华宝基金管理有限公司,长江证券股份有限公司,股票型ETF,主题指数ETF,980076.SZ,,,,,,
2023-11-15,159231.SZ,华宝国证通用航空产业ETF,20250429,国证通用航空产业指数,国证通用航空产业指数收益率,华宝基金管理有限公司,长江证券股份有限公司,股票型ETF,主题指数ETF,980076.SZ,,,,,,
2023-11-16,159231.SZ,华宝国证通用航空产业ETF,20250429,国证通用航空产业指数,国证通用航空产业指数收益率,华宝基金管理有限公司,长江证券股份有限公司,股票型ETF,主题指数ETF,980076.SZ,,,,,,
2023-11-17,159231.SZ,华宝国证通用航空产业ETF,20250429,国证通用航空产业指数,国证通用航空产业指数收益率,华宝基金管理有限公司,长江证券股份有限公司,股票型ETF,主题指数ETF,980076.SZ,,,,,,
2023-11-20,159231.SZ,华宝国证通用航空产业ETF,20250429,国证通用航空产业指数,国证通用航空产业指数收益率,华宝基金管理有限公司,长江证券股份有限公司,股票型ETF,主题指数ETF,980076.SZ,,,,,,
2023-11-21,159231.SZ,华宝国证通用航空产业ETF,20250429,国证通用航空产业指数,国证通用航空产业指数收益率,华宝基金管理有限公司,长江证券股份有限公司,股票型ETF,主题指数ETF,980076.SZ,,,,,,
2023-11-22,159231.SZ,华宝国证通用航空产业ETF,20250429,国证通用航空产业指数,国证通用航空产业指数收益率,华宝基金管理有限公司,长江证券股份有限公司,股票型ETF,主题指数ETF,980076.SZ,,,,,,
2023-11-23,159231.SZ,华宝国证通用航空产业ETF,20250429,国证通用航空产业指数,国证通用航空产业指数收益率,华宝基金管理有限公司,长江证券股份有限公司,股票型ETF,主题指数ETF,980076.SZ,,,,,,
2023-11-24,159231.SZ,华宝国证通用航空产业ETF,20250429,国证通用航空产业指数,国证通用航空产业指数收益率,华宝基金管理有限公司,长江证券股份有限公司,股票型ETF,主题指数ETF,980076.SZ,,,,,,
2023-11-27,159231.SZ,华宝国证通用航空产业ETF,20250429,国证通用航空产业指数,国证通用航空产业指数收益率,华宝基金管理有限公司,长江证券股份有限公司,股票型ETF,主题指数ETF,980076.SZ,,,,,,
2023-11-28,159231.SZ,华宝国证通用航空产业ETF,20250429,国证通用航空产业指数,国证通用航空产业指数收益率,华宝基金管理有限公司,长江证券股份有限公司,股票型ETF,主题指数ETF,980076.SZ,,,,,,
2023-11-29,159231.SZ,华宝国证通用航空产业ETF,20250429,国证通用航空产业指数,国证通用航空产业指数收益率,华宝基金管理有限公司,长江证券股份有限公司,股票型ETF,主题指数ETF,980076.SZ,,,,,,
2023-11-30,159231.SZ,华宝国证通用航空产业ETF,20250429,国证通用航空产业指数,国证通用航空产业指数收益率,华宝基金管理有限公司,长江证券股份有限公司,股票型ETF,主题指数ETF,980076.SZ,,,,,,
2023-12-01,159231.SZ,华宝国证通用航空产业ETF,20250429,国证通用航空产业指数,国证通用航空产业指数收益率,华宝基金管理有限公司,长江证券股份有限公司,股票型ETF,主题指数ETF,980076.SZ,,,,,,
2023-12-04,159231.SZ,华宝国证通用航空产业ETF,20250429,国证通用航空产业指数,国证通用航空产业指数收益率,华宝基金管理有限公司,长江证券股份有限公司,股票型ETF,主题指数ETF,980076.SZ,,,,,,
2023-12-05,159231.SZ,华宝国证通用航空产业ETF,20250429,国证通用航空产业指数,国证通用航空产业指数收益率,华宝基金管理有限公司,长江证券股份有限公司,股票型ETF,主题指数ETF,980076.SZ,,,,,,
2023-12-06,159231.SZ,华宝国证通用航空产业ETF,20250429,国证通用航空产业指数,国证通用航空产业指数收益率,华宝基金管理有限公司,长江证券股份有限公司,股票型ETF,主题指数ETF,980076.SZ,,,,,,
2023-12-07,159231.SZ,华宝国证通用航空产业ETF,20250429,国证通用航空产业指数,国证通用航空产业指数收益率,华宝基金管理有限公司,长江证券股份有限公司,股票型ETF,主题指数ETF,980076.SZ,,,,,,
2023-12-08,159231.SZ,华宝国证通用航空产业ETF,20250429,国证通用航空产业指数,国证通用航空产业指数收益率,华宝基金管理有限公司,长江证券股份有限公司,股票型ETF,主题指数ETF,980076.SZ,,,,,,
2023-12-11,159231.SZ,华宝国证通用航空产业ETF,20250429,国证通用航空产业指数,国证通用航空产业指数收益率,华宝基金管理有限公司,长江证券股份有限公司,股票型ETF,主题指数ETF,980076.SZ,,,,,,
2023-12-12,159231.SZ,华宝国证通用航空产业ETF,20250429,国证通用航空产业指数,国证通用航空产业指数收益率,华宝基金管理有限公司,长江证券股份有限公司,股票型ETF,主题指数ETF,980076.SZ,,,,,,
2023-12-13,159231.SZ,华宝国证通用航空产业ETF,20250429,国证通用航空产业指数,国证通用航空产业指数收益率,华宝基金管理有限公司,长江证券股份有限公司,股票型ETF,主题指数ETF,980076.SZ,,,,,,
2023-12-14,159231.SZ,华宝国证通用航空产业ETF,20250429,国证通用航空产业指数,国证通用航空产业指数收益率,华宝基金管理有限公司,长江证券股份有限公司,股票型ETF,主题指数ETF,980076.SZ,,,,,,
2023-12-15,159231.SZ,华宝国证通用航空产业ETF,20250429,国证通用航空产业指数,国证通用航空产业指数收益率,华宝基金管理有限公司,长江证券股份有限公司,股票型ETF,主题指数ETF,980076.SZ,,,,,,
2023-12-18,159231.SZ,华宝国证通用航空产业ETF,20250429,国证通用航空产业指数,国证通用航空产业指数收益率,华宝基金管理有限公司,长江证券股份有限公司,股票型ETF,主题指数ETF,980076.SZ,,,,,,
2023-12-19,159231.SZ,华宝国证通用航空产业ETF,20250429,国证通用航空产业指数,国证通用航空产业指数收益率,华宝基金管理有限公司,长江证券股份有限公司,股票型ETF,主题指数ETF,980076.SZ,,,,,,
2023-12-20,159231.SZ,华宝国证通用航空产业ETF,20250429,国证通用航空产业指数,国证通用航空产业指数收益率,华宝基金管理有限公司,长江证券股份有限公司,股票型ETF,主题指数ETF,980076.SZ,,,,,,
2023-12-21,159231.SZ,华宝国证通用航空产业ETF,20250429,国证通用航空产业指数,国证通用航空产业指数收益率,华宝基金管理有限公司,长江证券股份有限公司,股票型ETF,主题指数ETF,980076.SZ,,,,,,
2023-12-22,159231.SZ,华宝国证通用航空产业ETF,20250429,国证通用航空产业指数,国证通用航空产业指数收益率,华宝基金管理有限公司,长江证券股份有限公司,股票型ETF,主题指数ETF,980076.SZ,,,,,,
2023-12-25,159231.SZ,华宝国证通用航空产业ETF,20250429,国证通用航空产业指数,国证通用航空产业指数收益率,华宝基金管理有限公司,长江证券股份有限公司,股票型ETF,主题指数ETF,980076.SZ,,,,,,
2023-12-26,159231.SZ,华宝国证通用航空产业ETF,20250429,国证通用航空产业指数,国证通用航空产业指数收益率,华宝基金管理有限公司,长江证券股份有限公司,股票型ETF,主题指数ETF,980076.SZ,,,,,,
2023-12-27,159231.SZ,华宝国证通用航空产业ETF,20250429,国证通用航空产业指数,国证通用航空产业指数收益率,华宝基金管理有限公司,长江证券股份有限公司,股票型ETF,主题指数ETF,980076.SZ,,,,,,
2023-12-28,159231.SZ,华宝国证通用航空产业ETF,20250429,国证通用航空产业指数,国证通用航空产业指数收益率,华宝基金管理有限公司,长江证券股份有限公司,股票型ETF,主题指数ETF,980076.SZ,,,,,,
2023-12-29,159231.SZ,华宝国证通用航空产业ETF,20250429,国证通用航空产业指数,国证通用航空产业指数收益率,华宝基金管理有限公司,长江证券股份有限公司,股票型ETF,主题指数ETF,980076.SZ,,,,,,
2024-01-02,159231.SZ,华宝国证通用航空产业ETF,20250429,国证通用航空产业指数,国证通用航空产业指数收益率,华宝基金管理有限公司,长江证券股份有限公司,股票型ETF,主题指数ETF,980076.SZ,,,,,,
2024-01-03,159231.SZ,华宝国证通用航空产业ETF,20250429,国证通用航空产业指数,国证通用航空产业指数收益率,华宝基金管理有限公司,长江证券股份有限公司,股票型ETF,主题指数ETF,980076.SZ,,,,,,
2024-01-04,159231.SZ,华宝国证通用航空产业ETF,20250429,国证通用航空产业指数,国证通用航空产业指数收益率,华宝基金管理有限公司,长江证券股份有限公司,股票型ETF,主题指数ETF,980076.SZ,,,,,,
2024-01-05,159231.SZ,华宝国证通用航空产业ETF,20250429,国证通用航空产业指数,国证通用航空产业指数收益率,华宝基金管理有限公司,长江证券股份有限公司,股票型ETF,主题指数ETF,980076.SZ,,,,,,
2024-01-08,159231.SZ,华宝国证通用航空产业ETF,20250429,国证通用航空产业指数,国证通用航空产业指数收益率,华宝基金管理有限公司,长江证券股份有限公司,股票型ETF,主题指数ETF,980076.SZ,,,,,,
2024-01-09,159231.SZ,华宝国证通用航空产业ETF,20250429,国证通用航空产业指数,国证通用航空产业指数收益率,华宝基金管理有限公司,长江证券股份有限公司,股票型ETF,主题指数ETF,980076.SZ,,,,,,
2024-01-10,159231.SZ,华宝国证通用航空产业ETF,20250429,国证通用航空产业指数,国证通用航空产业指数收益率,华宝基金管理有限公司,长江证券股份有限公司,股票型ETF,主题指数ETF,980076.SZ,,,,,,
2024-01-11,159231.SZ,华宝国证通用航空产业ETF,20250429,国证通用航空产业指数,国证通用航空产业指数收益率,华宝基金管理有限公司,长江证券股份有限公司,股票型ETF,主题指数ETF,980076.SZ,,,,,,
2024-01-12,159231.SZ,华宝国证通用航空产业ETF,20250429,国证通用航空产业指数,国证通用航空产业指数收益率,华宝基金管理有限公司,长江证券股份有限公司,股票型ETF,主题指数ETF,980076.SZ,,,,,,
2024-01-15,159231.SZ,华宝国证通用航空产业ETF,20250429,国证通用航空产业指数,国证通用航空产业指数收益率,华宝基金管理有限公司,长江证券股份有限公司,股票型ETF,主题指数ETF,980076.SZ,,,,,,
2024-01-16,159231.SZ,华宝国证通用航空产业ETF,20250429,国证通用航空产业指数,国证通用航空产业指数收益率,华宝基金管理有限公司,长江证券股份有限公司,股票型ETF,主题指数ETF,980076.SZ,,,,,,
2024-01-17,159231.SZ,华宝国证通用航空产业ETF,20250429,国证通用航空产业指数,国证通用航空产业指数收益率,华宝基金管理有限公司,长江证券股份有限公司,股票型ETF,主题指数ETF,980076.SZ,,,,,,
2024-01-18,159231.SZ,华宝国证通用航空产业ETF,20250429,国证通用航空产业指数,国证通用航空产业指数收益率,华宝基金管理有限公司,长江证券股份有限公司,股票型ETF,主题指数ETF,980076.SZ,,,,,,
2024-01-19,159231.SZ,华宝国证通用航空产业ETF,20250429,国证通用航空产业指数,国证通用航空产业指数收益率,华宝基金管理有限公司,长江证券股份有限公司,股票型ETF,主题指数ETF,980076.SZ,,,,,,
2024-01-22,159231.SZ,华宝国证通用航空产业ETF,20250429,国证通用航空产业指数,国证通用航空产业指数收益率,华宝基金管理有限公司,长江证券股份有限公司,股票型ETF,主题指数ETF,980076.SZ,,,,,,
2024-01-23,159231.SZ,华宝国证通用航空产业ETF,20250429,国证通用航空产业指数,国证通用航空产业指数收益率,华宝基金管理有限公司,长江证券股份有限公司,股票型ETF,主题指数ETF,980076.SZ,,,,,,
2024-01-24,159231.SZ,华宝国证通用航空产业ETF,20250429,国证通用航空产业指数,国证通用航空产业指数收益率,华宝基金管理有限公司,长江证券股份有限公司,股票型ETF,主题指数ETF,980076.SZ,,,,,,
2024-01-25,159231.SZ,华宝国证通用航空产业ETF,20250429,国证通用航空产业指数,国证通用航空产业指数收益率,华宝基金管理有限公司,长江证券股份有限公司,股票型ETF,主题指数ETF,980076.SZ,,,,,,
2024-01-26,159231.SZ,华宝国证通用航空产业ETF,20250429,国证通用航空产业指数,国证通用航空产业指数收益率,华宝基金管理有限公司,长江证券股份有限公司,股票型ETF,主题指数ETF,980076.SZ,,,,,,
2024-01-29,159231.SZ,华宝国证通用航空产业ETF,20250429,国证通用航空产业指数,国证通用航空产业指数收益率,华宝基金管理有限公司,长江证券股份有限公司,股票型ETF,主题指数ETF,980076.SZ,,,,,,
2024-01-30,159231.SZ,华宝国证通用航空产业ETF,20250429,国证通用航空产业指数,国证通用航空产业指数收益率,华宝基金管理有限公司,长江证券股份有限公司,股票型ETF,主题指数ETF,980076.SZ,,,,,,
2024-01-31,159231.SZ,华宝国证通用航空产业ETF,20250429,国证通用航空产业指数,国证通用航空产业指数收益率,华宝基金管理有限公司,长江证券股份有限公司,股票型ETF,主题指数ETF,980076.SZ,,,,,,
2024-02-01,159231.SZ,华宝国证通用航空产业ETF,20250429,国证通用航空产业指数,国证通用航空产业指数收益率,华宝基金管理有限公司,长江证券股份有限公司,股票型ETF,主题指数ETF,980076.SZ,,,,,,
2024-02-02,159231.SZ,华宝国证通用航空产业ETF,20250429,国证通用航空产业指数,国证通用航空产业指数收益率,华宝基金管理有限公司,长江证券股份有限公司,股票型ETF,主题指数ETF,980076.SZ,,,,,,
2024-02-05,159231.SZ,华宝国证通用航空产业ETF,20250429,国证通用航空产业指数,国证通用航空产业指数收益率,华宝基金管理有限公司,长江证券股份有限公司,股票型ETF,主题指数ETF,980076.SZ,,,,,,
2024-02-06,159231.SZ,华宝国证通用航空产业ETF,20250429,国证通用航空产业指数,国证通用航空产业指数收益率,华宝基金管理有限公司,长江证券股份有限公司,股票型ETF,主题指数ETF,980076.SZ,,,,,,
2024-02-07,159231.SZ,华宝国证通用航空产业ETF,20250429,国证通用航空产业指数,国证通用航空产业指数收益率,华宝基金管理有限公司,长江证券股份有限公司,股票型ETF,主题指数ETF,980076.SZ,,,,,,
2024-02-08,159231.SZ,华宝国证通用航空产业ETF,20250429,国证通用航空产业指数,国证通用航空产业指数收益率,华宝基金管理有限公司,长江证券股份有限公司,股票型ETF,主题指数ETF,980076.SZ,,,,,,
2024-02-19,159231.SZ,华宝国证通用航空产业ETF,20250429,国证通用航空产业指数,国证通用航空产业指数收益率,华宝基金管理有限公司,长江证券股份有限公司,股票型ETF,主题指数ETF,980076.SZ,,,,,,
2024-02-20,159231.SZ,华宝国证通用航空产业ETF,20250429,国证通用航空产业指数,国证通用航空产业指数收益率,华宝基金管理有限公司,长江证券股份有限公司,股票型ETF,主题指数ETF,980076.SZ,,,,,,
2024-02-21,159231.SZ,华宝国证通用航空产业ETF,20250429,国证通用航空产业指数,国证通用航空产业指数收益率,华宝基金管理有限公司,长江证券股份有限公司,股票型ETF,主题指数ETF,980076.SZ,,,,,,
2024-02-22,159231.SZ,华宝国证通用航空产业ETF,20250429,国证通用航空产业指数,国证通用航空产业指数收益率,华宝基金管理有限公司,长江证券股份有限公司,股票型ETF,主题指数ETF,980076.SZ,,,,,,
2024-02-23,159231.SZ,华宝国证通用航空产业ETF,20250429,国证通用航空产业指数,国证通用航空产业指数收益率,华宝基金管理有限公司,长江证券股份有限公司,股票型ETF,主题指数ETF,980076.SZ,,,,,,
2024-02-26,159231.SZ,华宝国证通用航空产业ETF,20250429,国证通用航空产业指数,国证通用航空产业指数收益率,华宝基金管理有限公司,长江证券股份有限公司,股票型ETF,主题指数ETF,980076.SZ,,,,,,
2024-02-27,159231.SZ,华宝国证通用航空产业ETF,20250429,国证通用航空产业指数,国证通用航空产业指数收益率,华宝基金管理有限公司,长江证券股份有限公司,股票型ETF,主题指数ETF,980076.SZ,,,,,,
2024-02-28,159231.SZ,华宝国证通用航空产业ETF,20250429,国证通用航空产业指数,国证通用航空产业指数收益率,华宝基金管理有限公司,长江证券股份有限公司,股票型ETF,主题指数ETF,980076.SZ,,,,,,
2024-02-29,159231.SZ,华宝国证通用航空产业ETF,20250429,国证通用航空产业指数,国证通用航空产业指数收益率,华宝基金管理有限公司,长江证券股份有限公司,股票型ETF,主题指数ETF,980076.SZ,,,,,,
2024-03-01,159231.SZ,华宝国证通用航空产业ETF,20250429,国证通用航空产业指数,国证通用航空产业指数收益率,华宝基金管理有限公司,长江证券股份有限公司,股票型ETF,主题指数ETF,980076.SZ,,,,,,
2024-03-04,159231.SZ,华宝国证通用航空产业ETF,20250429,国证通用航空产业指数,国证通用航空产业指数收益率,华宝基金管理有限公司,长江证券股份有限公司,股票型ETF,主题指数ETF,980076.SZ,,,,,,
2024-03-05,159231.SZ,华宝国证通用航空产业ETF,20250429,国证通用航空产业指数,国证通用航空产业指数收益率,华宝基金管理有限公司,长江证券股份有限公司,股票型ETF,主题指数ETF,980076.SZ,,,,,,
2024-03-06,159231.SZ,华宝国证通用航空产业ETF,20250429,国证通用航空产业指数,国证通用航空产业指数收益率,华宝基金管理有限公司,长江证券股份有限公司,股票型ETF,主题指数ETF,980076.SZ,,,,,,
2024-03-07,159231.SZ,华宝国证通用航空产业ETF,20250429,国证通用航空产业指数,国证通用航空产业指数收益率,华宝基金管理有限公司,长江证券股份有限公司,股票型ETF,主题指数ETF,980076.SZ,,,,,,
2024-03-08,159231.SZ,华宝国证通用航空产业ETF,20250429,国证通用航空产业指数,国证通用航空产业指数收益率,华宝基金管理有限公司,长江证券股份有限公司,股票型ETF,主题指数ETF,980076.SZ,,,,,,
2024-03-11,159231.SZ,华宝国证通用航空产业ETF,20250429,国证通用航空产业指数,国证通用航空产业指数收益率,华宝基金管理有限公司,长江证券股份有限公司,股票型ETF,主题指数ETF,980076.SZ,,,,,,
2024-03-12,159231.SZ,华宝国证通用航空产业ETF,20250429,国证通用航空产业指数,国证通用航空产业指数收益率,华宝基金管理有限公司,长江证券股份有限公司,股票型ETF,主题指数ETF,980076.SZ,,,,,,
2024-03-13,159231.SZ,华宝国证通用航空产业ETF,20250429,国证通用航空产业指数,国证通用航空产业指数收益率,华宝基金管理有限公司,长江证券股份有限公司,股票型ETF,主题指数ETF,980076.SZ,,,,,,
2024-03-14,159231.SZ,华宝国证通用航空产业ETF,20250429,国证通用航空产业指数,国证通用航空产业指数收益率,华宝基金管理有限公司,长江证券股份有限公司,股票型ETF,主题指数ETF,980076.SZ,,,,,,
2024-03-15,159231.SZ,华宝国证通用航空产业ETF,20250429,国证通用航空产业指数,国证通用航空产业指数收益率,华宝基金管理有限公司,长江证券股份有限公司,股票型ETF,主题指数ETF,980076.SZ,,,,,,
2024-03-18,159231.SZ,华宝国证通用航空产业ETF,20250429,国证通用航空产业指数,国证通用航空产业指数收益率,华宝基金管理有限公司,长江证券股份有限公司,股票型ETF,主题指数ETF,980076.SZ,,,,,,
2024-03-19,159231.SZ,华宝国证通用航空产业ETF,20250429,国证通用航空产业指数,国证通用航空产业指数收益率,华宝基金管理有限公司,长江证券股份有限公司,股票型ETF,主题指数ETF,980076.SZ,,,,,,
2024-03-20,159231.SZ,华宝国证通用航空产业ETF,20250429,国证通用航空产业指数,国证通用航空产业指数收益率,华宝基金管理有限公司,长江证券股份有限公司,股票型ETF,主题指数ETF,980076.SZ,,,,,,
2024-03-21,159231.SZ,华宝国证通用航空产业ETF,20250429,国证通用航空产业指数,国证通用航空产业指数收益率,华宝基金管理有限公司,长江证券股份有限公司,股票型ETF,主题指数ETF,980076.SZ,,,,,,
2024-03-22,159231.SZ,华宝国证通用航空产业ETF,20250429,国证通用航空产业指数,国证通用航空产业指数收益率,华宝基金管理有限公司,长江证券股份有限公司,股票型ETF,主题指数ETF,980076.SZ,,,,,,
2024-03-25,159231.SZ,华宝国证通用航空产业ETF,20250429,国证通用航空产业指数,国证通用航空产业指数收益率,华宝基金管理有限公司,长江证券股份有限公司,股票型ETF,主题指数ETF,980076.SZ,,,,,,
2024-03-26,159231.SZ,华宝国证通用航空产业ETF,20250429,国证通用航空产业指数,国证通用航空产业指数收益率,华宝基金管理有限公司,长江证券股份有限公司,股票型ETF,主题指数ETF,980076.SZ,,,,,,
2024-03-27,159231.SZ,华宝国证通用航空产业ETF,20250429,国证通用航空产业指数,国证通用航空产业指数收益率,华宝基金管理有限公司,长江证券股份有限公司,股票型ETF,主题指数ETF,980076.SZ,,,,,,
2024-03-28,159231.SZ,华宝国证通用航空产业ETF,20250429,国证通用航空产业指数,国证通用航空产业指数收益率,华宝基金管理有限公司,长江证券股份有限公司,股票型ETF,主题指数ETF,980076.SZ,,,,,,
2024-03-29,159231.SZ,华宝国证通用航空产业ETF,20250429,国证通用航空产业指数,国证通用航空产业指数收益率,华宝基金管理有限公司,长江证券股份有限公司,股票型ETF,主题指数ETF,980076.SZ,,,,,,
2024-04-01,159231.SZ,华宝国证通用航空产业ETF,20250429,国证通用航空产业指数,国证通用航空产业指数收益率,华宝基金管理有限公司,长江证券股份有限公司,股票型ETF,主题指数ETF,980076.SZ,,,,,,
2024-04-02,159231.SZ,华宝国证通用航空产业ETF,20250429,国证通用航空产业指数,国证通用航空产业指数收益率,华宝基金管理有限公司,长江证券股份有限公司,股票型ETF,主题指数ETF,980076.SZ,,,,,,
2024-04-03,159231.SZ,华宝国证通用航空产业ETF,20250429,国证通用航空产业指数,国证通用航空产业指数收益率,华宝基金管理有限公司,长江证券股份有限公司,股票型ETF,主题指数ETF,980076.SZ,,,,,,
2024-04-08,159231.SZ,华宝国证通用航空产业ETF,20250429,国证通用航空产业指数,国证通用航空产业指数收益率,华宝基金管理有限公司,长江证券股份有限公司,股票型ETF,主题指数ETF,980076.SZ,,,,,,
2024-04-09,159231.SZ,华宝国证通用航空产业ETF,20250429,国证通用航空产业指数,国证通用航空产业指数收益率,华宝基金管理有限公司,长江证券股份有限公司,股票型ETF,主题指数ETF,980076.SZ,,,,,,
2024-04-10,159231.SZ,华宝国证通用航空产业ETF,20250429,国证通用航空产业指数,国证通用航空产业指数收益率,华宝基金管理有限公司,长江证券股份有限公司,股票型ETF,主题指数ETF,980076.SZ,,,,,,
2024-04-11,159231.SZ,华宝国证通用航空产业ETF,20250429,国证通用航空产业指数,国证通用航空产业指数收益率,华宝基金管理有限公司,长江证券股份有限公司,股票型ETF,主题指数ETF,980076.SZ,,,,,,
2024-04-12,159231.SZ,华宝国证通用航空产业ETF,20250429,国证通用航空产业指数,国证通用航空产业指数收益率,华宝基金管理有限公司,长江证券股份有限公司,股票型ETF,主题指数ETF,980076.SZ,,,,,,
2024-04-15,159231.SZ,华宝国证通用航空产业ETF,20250429,国证通用航空产业指数,国证通用航空产业指数收益率,华宝基金管理有限公司,长江证券股份有限公司,股票型ETF,主题指数ETF,980076.SZ,,,,,,
2024-04-16,159231.SZ,华宝国证通用航空产业ETF,20250429,国证通用航空产业指数,国证通用航空产业指数收益率,华宝基金管理有限公司,长江证券股份有限公司,股票型ETF,主题指数ETF,980076.SZ,,,,,,
2024-04-17,159231.SZ,华宝国证通用航空产业ETF,20250429,国证通用航空产业指数,国证通用航空产业指数收益率,华宝基金管理有限公司,长江证券股份有限公司,股票型ETF,主题指数ETF,980076.SZ,,,,,,
2024-04-18,159231.SZ,华宝国证通用航空产业ETF,20250429,国证通用航空产业指数,国证通用航空产业指数收益率,华宝基金管理有限公司,长江证券股份有限公司,股票型ETF,主题指数ETF,980076.SZ,,,,,,
2024-04-19,159231.SZ,华宝国证通用航空产业ETF,20250429,国证通用航空产业指数,国证通用航空产业指数收益率,华宝基金管理有限公司,长江证券股份有限公司,股票型ETF,主题指数ETF,980076.SZ,,,,,,
2024-04-22,159231.SZ,华宝国证通用航空产业ETF,20250429,国证通用航空产业指数,国证通用航空产业指数收益率,华宝基金管理有限公司,长江证券股份有限公司,股票型ETF,主题指数ETF,980076.SZ,,,,,,
2024-04-23,159231.SZ,华宝国证通用航空产业ETF,20250429,国证通用航空产业指数,国证通用航空产业指数收益率,华宝基金管理有限公司,长江证券股份有限公司,股票型ETF,主题指数ETF,980076.SZ,,,,,,
2024-04-24,159231.SZ,华宝国证通用航空产业ETF,20250429,国证通用航空产业指数,国证通用航空产业指数收益率,华宝基金管理有限公司,长江证券股份有限公司,股票型ETF,主题指数ETF,980076.SZ,,,,,,
2024-04-25,159231.SZ,华宝国证通用航空产业ETF,20250429,国证通用航空产业指数,国证通用航空产业指数收益率,华宝基金管理有限公司,长江证券股份有限公司,股票型ETF,主题指数ETF,980076.SZ,,,,,,
2024-04-26,159231.SZ,华宝国证通用航空产业ETF,20250429,国证通用航空产业指数,国证通用航空产业指数收益率,华宝基金管理有限公司,长江证券股份有限公司,股票型ETF,主题指数ETF,980076.SZ,,,,,,
2024-04-29,159231.SZ,华宝国证通用航空产业ETF,20250429,国证通用航空产业指数,国证通用航空产业指数收益率,华宝基金管理有限公司,长江证券股份有限公司,股票型ETF,主题指数ETF,980076.SZ,,,,,,
2024-04-30,159231.SZ,华宝国证通用航空产业ETF,20250429,国证通用航空产业指数,国证通用航空产业指数收益率,华宝基金管理有限公司,长江证券股份有限公司,股票型ETF,主题指数ETF,980076.SZ,,,,,,
2024-05-06,159231.SZ,华宝国证通用航空产业ETF,20250429,国证通用航空产业指数,国证通用航空产业指数收益率,华宝基金管理有限公司,长江证券股份有限公司,股票型ETF,主题指数ETF,980076.SZ,,,,,,
2024-05-07,159231.SZ,华宝国证通用航空产业ETF,20250429,国证通用航空产业指数,国证通用航空产业指数收益率,华宝基金管理有限公司,长江证券股份有限公司,股票型ETF,主题指数ETF,980076.SZ,,,,,,
2024-05-08,159231.SZ,华宝国证通用航空产业ETF,20250429,国证通用航空产业指数,国证通用航空产业指数收益率,华宝基金管理有限公司,长江证券股份有限公司,股票型ETF,主题指数ETF,980076.SZ,,,,,,
2024-05-09,159231.SZ,华宝国证通用航空产业ETF,20250429,国证通用航空产业指数,国证通用航空产业指数收益率,华宝基金管理有限公司,长江证券股份有限公司,股票型ETF,主题指数ETF,980076.SZ,,,,,,
2024-05-10,159231.SZ,华宝国证通用航空产业ETF,20250429,国证通用航空产业指数,国证通用航空产业指数收益率,华宝基金管理有限公司,长江证券股份有限公司,股票型ETF,主题指数ETF,980076.SZ,,,,,,
2024-05-13,159231.SZ,华宝国证通用航空产业ETF,20250429,国证通用航空产业指数,国证通用航空产业指数收益率,华宝基金管理有限公司,长江证券股份有限公司,股票型ETF,主题指数ETF,980076.SZ,,,,,,
2024-05-14,159231.SZ,华宝国证通用航空产业ETF,20250429,国证通用航空产业指数,国证通用航空产业指数收益率,华宝基金管理有限公司,长江证券股份有限公司,股票型ETF,主题指数ETF,980076.SZ,,,,,,
2024-05-15,159231.SZ,华宝国证通用航空产业ETF,20250429,国证通用航空产业指数,国证通用航空产业指数收益率,华宝基金管理有限公司,长江证券股份有限公司,股票型ETF,主题指数ETF,980076.SZ,,,,,,
2024-05-16,159231.SZ,华宝国证通用航空产业ETF,20250429,国证通用航空产业指数,国证通用航空产业指数收益率,华宝基金管理有限公司,长江证券股份有限公司,股票型ETF,主题指数ETF,980076.SZ,,,,,,
2024-05-17,159231.SZ,华宝国证通用航空产业ETF,20250429,国证通用航空产业指数,国证通用航空产业指数收益率,华宝基金管理有限公司,长江证券股份有限公司,股票型ETF,主题指数ETF,980076.SZ,,,,,,
2024-05-20,159231.SZ,华宝国证通用航空产业ETF,20250429,国证通用航空产业指数,国证通用航空产业指数收益率,华宝基金管理有限公司,长江证券股份有限公司,股票型ETF,主题指数ETF,980076.SZ,,,,,,
2024-05-21,159231.SZ,华宝国证通用航空产业ETF,20250429,国证通用航空产业指数,国证通用航空产业指数收益率,华宝基金管理有限公司,长江证券股份有限公司,股票型ETF,主题指数ETF,980076.SZ,,,,,,
2024-05-22,159231.SZ,华宝国证通用航空产业ETF,20250429,国证通用航空产业指数,国证通用航空产业指数收益率,华宝基金管理有限公司,长江证券股份有限公司,股票型ETF,主题指数ETF,980076.SZ,,,,,,
2024-05-23,159231.SZ,华宝国证通用航空产业ETF,20250429,国证通用航空产业指数,国证通用航空产业指数收益率,华宝基金管理有限公司,长江证券股份有限公司,股票型ETF,主题指数ETF,980076.SZ,,,,,,
2024-05-24,159231.SZ,华宝国证通用航空产业ETF,20250429,国证通用航空产业指数,国证通用航空产业指数收益率,华宝基金管理有限公司,长江证券股份有限公司,股票型ETF,主题指数ETF,980076.SZ,,,,,,
2024-05-27,159231.SZ,华宝国证通用航空产业ETF,20250429,国证通用航空产业指数,国证通用航空产业指数收益率,华宝基金管理有限公司,长江证券股份有限公司,股票型ETF,主题指数ETF,980076.SZ,,,,,,
2024-05-28,159231.SZ,华宝国证通用航空产业ETF,20250429,国证通用航空产业指数,国证通用航空产业指数收益率,华宝基金管理有限公司,长江证券股份有限公司,股票型ETF,主题指数ETF,980076.SZ,,,,,,
2024-05-29,159231.SZ,华宝国证通用航空产业ETF,20250429,国证通用航空产业指数,国证通用航空产业指数收益率,华宝基金管理有限公司,长江证券股份有限公司,股票型ETF,主题指数ETF,980076.SZ,,,,,,
2024-05-30,159231.SZ,华宝国证通用航空产业ETF,20250429,国证通用航空产业指数,国证通用航空产业指数收益率,华宝基金管理有限公司,长江证券股份有限公司,股票型ETF,主题指数ETF,980076.SZ,,,,,,
2024-05-31,159231.SZ,华宝国证通用航空产业ETF,20250429,国证通用航空产业指数,国证通用航空产业指数收益率,华宝基金管理有限公司,长江证券股份有限公司,股票型ETF,主题指数ETF,980076.SZ,,,,,,
2024-06-03,159231.SZ,华宝国证通用航空产业ETF,20250429,国证通用航空产业指数,国证通用航空产业指数收益率,华宝基金管理有限公司,长江证券股份有限公司,股票型ETF,主题指数ETF,980076.SZ,,,,,,
2024-06-04,159231.SZ,华宝国证通用航空产业ETF,20250429,国证通用航空产业指数,国证通用航空产业指数收益率,华宝基金管理有限公司,长江证券股份有限公司,股票型ETF,主题指数ETF,980076.SZ,,,,,,
2024-06-05,159231.SZ,华宝国证通用航空产业ETF,20250429,国证通用航空产业指数,国证通用航空产业指数收益率,华宝基金管理有限公司,长江证券股份有限公司,股票型ETF,主题指数ETF,980076.SZ,,,,,,
2024-06-06,159231.SZ,华宝国证通用航空产业ETF,20250429,国证通用航空产业指数,国证通用航空产业指数收益率,华宝基金管理有限公司,长江证券股份有限公司,股票型ETF,主题指数ETF,980076.SZ,,,,,,
2024-06-07,159231.SZ,华宝国证通用航空产业ETF,20250429,国证通用航空产业指数,国证通用航空产业指数收益率,华宝基金管理有限公司,长江证券股份有限公司,股票型ETF,主题指数ETF,980076.SZ,,,,,,
2024-06-11,159231.SZ,华宝国证通用航空产业ETF,20250429,国证通用航空产业指数,国证通用航空产业指数收益率,华宝基金管理有限公司,长江证券股份有限公司,股票型ETF,主题指数ETF,980076.SZ,,,,,,
2024-06-12,159231.SZ,华宝国证通用航空产业ETF,20250429,国证通用航空产业指数,国证通用航空产业指数收益率,华宝基金管理有限公司,长江证券股份有限公司,股票型ETF,主题指数ETF,980076.SZ,,,,,,
2024-06-13,159231.SZ,华宝国证通用航空产业ETF,20250429,国证通用航空产业指数,国证通用航空产业指数收益率,华宝基金管理有限公司,长江证券股份有限公司,股票型ETF,主题指数ETF,980076.SZ,,,,,,
2024-06-14,159231.SZ,华宝国证通用航空产业ETF,20250429,国证通用航空产业指数,国证通用航空产业指数收益率,华宝基金管理有限公司,长江证券股份有限公司,股票型ETF,主题指数ETF,980076.SZ,,,,,,
2024-06-17,159231.SZ,华宝国证通用航空产业ETF,20250429,国证通用航空产业指数,国证通用航空产业指数收益率,华宝基金管理有限公司,长江证券股份有限公司,股票型ETF,主题指数ETF,980076.SZ,,,,,,
2024-06-18,159231.SZ,华宝国证通用航空产业ETF,20250429,国证通用航空产业指数,国证通用航空产业指数收益率,华宝基金管理有限公司,长江证券股份有限公司,股票型ETF,主题指数ETF,980076.SZ,,,,,,
2024-06-19,159231.SZ,华宝国证通用航空产业ETF,20250429,国证通用航空产业指数,国证通用航空产业指数收益率,华宝基金管理有限公司,长江证券股份有限公司,股票型ETF,主题指数ETF,980076.SZ,,,,,,
2024-06-20,159231.SZ,华宝国证通用航空产业ETF,20250429,国证通用航空产业指数,国证通用航空产业指数收益率,华宝基金管理有限公司,长江证券股份有限公司,股票型ETF,主题指数ETF,980076.SZ,,,,,,
2024-06-21,159231.SZ,华宝国证通用航空产业ETF,20250429,国证通用航空产业指数,国证通用航空产业指数收益率,华宝基金管理有限公司,长江证券股份有限公司,股票型ETF,主题指数ETF,980076.SZ,,,,,,
2024-06-24,159231.SZ,华宝国证通用航空产业ETF,20250429,国证通用航空产业指数,国证通用航空产业指数收益率,华宝基金管理有限公司,长江证券股份有限公司,股票型ETF,主题指数ETF,980076.SZ,,,,,,
2024-06-25,159231.SZ,华宝国证通用航空产业ETF,20250429,国证通用航空产业指数,国证通用航空产业指数收益率,华宝基金管理有限公司,长江证券股份有限公司,股票型ETF,主题指数ETF,980076.SZ,,,,,,
2024-06-26,159231.SZ,华宝国证通用航空产业ETF,20250429,国证通用航空产业指数,国证通用航空产业指数收益率,华宝基金管理有限公司,长江证券股份有限公司,股票型ETF,主题指数ETF,980076.SZ,,,,,,
2024-06-27,159231.SZ,华宝国证通用航空产业ETF,20250429,国证通用航空产业指数,国证通用航空产业指数收益率,华宝基金管理有限公司,长江证券股份有限公司,股票型ETF,主题指数ETF,980076.SZ,,,,,,
2024-06-28,159231.SZ,华宝国证通用航空产业ETF,20250429,国证通用航空产业指数,国证通用航空产业指数收益率,华宝基金管理有限公司,长江证券股份有限公司,股票型ETF,主题指数ETF,980076.SZ,,,,,,
2024-07-01,159231.SZ,华宝国证通用航空产业ETF,20250429,国证通用航空产业指数,国证通用航空产业指数收益率,华宝基金管理有限公司,长江证券股份有限公司,股票型ETF,主题指数ETF,980076.SZ,,,,,,
2024-07-02,159231.SZ,华宝国证通用航空产业ETF,20250429,国证通用航空产业指数,国证通用航空产业指数收益率,华宝基金管理有限公司,长江证券股份有限公司,股票型ETF,主题指数ETF,980076.SZ,,,,,,
2024-07-03,159231.SZ,华宝国证通用航空产业ETF,20250429,国证通用航空产业指数,国证通用航空产业指数收益率,华宝基金管理有限公司,长江证券股份有限公司,股票型ETF,主题指数ETF,980076.SZ,,,,,,
2024-07-04,159231.SZ,华宝国证通用航空产业ETF,20250429,国证通用航空产业指数,国证通用航空产业指数收益率,华宝基金管理有限公司,长江证券股份有限公司,股票型ETF,主题指数ETF,980076.SZ,,,,,,
2024-07-05,159231.SZ,华宝国证通用航空产业ETF,20250429,国证通用航空产业指数,国证通用航空产业指数收益率,华宝基金管理有限公司,长江证券股份有限公司,股票型ETF,主题指数ETF,980076.SZ,,,,,,
2024-07-08,159231.SZ,华宝国证通用航空产业ETF,20250429,国证通用航空产业指数,国证通用航空产业指数收益率,华宝基金管理有限公司,长江证券股份有限公司,股票型ETF,主题指数ETF,980076.SZ,,,,,,
2024-07-09,159231.SZ,华宝国证通用航空产业ETF,20250429,国证通用航空产业指数,国证通用航空产业指数收益率,华宝基金管理有限公司,长江证券股份有限公司,股票型ETF,主题指数ETF,980076.SZ,,,,,,
2024-07-10,159231.SZ,华宝国证通用航空产业ETF,20250429,国证通用航空产业指数,国证通用航空产业指数收益率,华宝基金管理有限公司,长江证券股份有限公司,股票型ETF,主题指数ETF,980076.SZ,,,,,,
2024-07-11,159231.SZ,华宝国证通用航空产业ETF,20250429,国证通用航空产业指数,国证通用航空产业指数收益率,华宝基金管理有限公司,长江证券股份有限公司,股票型ETF,主题指数ETF,980076.SZ,,,,,,
2024-07-12,159231.SZ,华宝国证通用航空产业ETF,20250429,国证通用航空产业指数,国证通用航空产业指数收益率,华宝基金管理有限公司,长江证券股份有限公司,股票型ETF,主题指数ETF,980076.SZ,,,,,,
2024-07-15,159231.SZ,华宝国证通用航空产业ETF,20250429,国证通用航空产业指数,国证通用航空产业指数收益率,华宝基金管理有限公司,长江证券股份有限公司,股票型ETF,主题指数ETF,980076.SZ,,,,,,
2024-07-16,159231.SZ,华宝国证通用航空产业ETF,20250429,国证通用航空产业指数,国证通用航空产业指数收益率,华宝基金管理有限公司,长江证券股份有限公司,股票型ETF,主题指数ETF,980076.SZ,,,,,,
2024-07-17,159231.SZ,华宝国证通用航空产业ETF,20250429,国证通用航空产业指数,国证通用航空产业指数收益率,华宝基金管理有限公司,长江证券股份有限公司,股票型ETF,主题指数ETF,980076.SZ,,,,,,
2024-07-18,159231.SZ,华宝国证通用航空产业ETF,20250429,国证通用航空产业指数,国证通用航空产业指数收益率,华宝基金管理有限公司,长江证券股份有限公司,股票型ETF,主题指数ETF,980076.SZ,,,,,,
2024-07-19,159231.SZ,华宝国证通用航空产业ETF,20250429,国证通用航空产业指数,国证通用航空产业指数收益率,华宝基金管理有限公司,长江证券股份有限公司,股票型ETF,主题指数ETF,980076.SZ,,,,,,
2024-07-22,159231.SZ,华宝国证通用航空产业ETF,20250429,国证通用航空产业指数,国证通用航空产业指数收益率,华宝基金管理有限公司,长江证券股份有限公司,股票型ETF,主题指数ETF,980076.SZ,,,,,,
2024-07-23,159231.SZ,华宝国证通用航空产业ETF,20250429,国证通用航空产业指数,国证通用航空产业指数收益率,华宝基金管理有限公司,长江证券股份有限公司,股票型ETF,主题指数ETF,980076.SZ,,,,,,
2024-07-24,159231.SZ,华宝国证通用航空产业ETF,20250429,国证通用航空产业指数,国证通用航空产业指数收益率,华宝基金管理有限公司,长江证券股份有限公司,股票型ETF,主题指数ETF,980076.SZ,,,,,,
2024-07-25,159231.SZ,华宝国证通用航空产业ETF,20250429,国证通用航空产业指数,国证通用航空产业指数收益率,华宝基金管理有限公司,长江证券股份有限公司,股票型ETF,主题指数ETF,980076.SZ,,,,,,
2024-07-26,159231.SZ,华宝国证通用航空产业ETF,20250429,国证通用航空产业指数,国证通用航空产业指数收益率,华宝基金管理有限公司,长江证券股份有限公司,股票型ETF,主题指数ETF,980076.SZ,,,,,,
2024-07-29,159231.SZ,华宝国证通用航空产业ETF,20250429,国证通用航空产业指数,国证通用航空产业指数收益率,华宝基金管理有限公司,长江证券股份有限公司,股票型ETF,主题指数ETF,980076.SZ,,,,,,
2024-07-30,159231.SZ,华宝国证通用航空产业ETF,20250429,国证通用航空产业指数,国证通用航空产业指数收益率,华宝基金管理有限公司,长江证券股份有限公司,股票型ETF,主题指数ETF,980076.SZ,,,,,,
2024-07-31,159231.SZ,华宝国证通用航空产业ETF,20250429,国证通用航空产业指数,国证通用航空产业指数收益率,华宝基金管理有限公司,长江证券股份有限公司,股票型ETF,主题指数ETF,980076.SZ,,,,,,
2024-08-01,159231.SZ,华宝国证通用航空产业ETF,20250429,国证通用航空产业指数,国证通用航空产业指数收益率,华宝基金管理有限公司,长江证券股份有限公司,股票型ETF,主题指数ETF,980076.SZ,,,,,,
2024-08-02,159231.SZ,华宝国证通用航空产业ETF,20250429,国证通用航空产业指数,国证通用航空产业指数收益率,华宝基金管理有限公司,长江证券股份有限公司,股票型ETF,主题指数ETF,980076.SZ,,,,,,
2024-08-05,159231.SZ,华宝国证通用航空产业ETF,20250429,国证通用航空产业指数,国证通用航空产业指数收益率,华宝基金管理有限公司,长江证券股份有限公司,股票型ETF,主题指数ETF,980076.SZ,,,,,,
2024-08-06,159231.SZ,华宝国证通用航空产业ETF,20250429,国证通用航空产业指数,国证通用航空产业指数收益率,华宝基金管理有限公司,长江证券股份有限公司,股票型ETF,主题指数ETF,980076.SZ,,,,,,
2024-08-07,159231.SZ,华宝国证通用航空产业ETF,20250429,国证通用航空产业指数,国证通用航空产业指数收益率,华宝基金管理有限公司,长江证券股份有限公司,股票型ETF,主题指数ETF,980076.SZ,,,,,,
2024-08-08,159231.SZ,华宝国证通用航空产业ETF,20250429,国证通用航空产业指数,国证通用航空产业指数收益率,华宝基金管理有限公司,长江证券股份有限公司,股票型ETF,主题指数ETF,980076.SZ,,,,,,
2024-08-09,159231.SZ,华宝国证通用航空产业ETF,20250429,国证通用航空产业指数,国证通用航空产业指数收益率,华宝基金管理有限公司,长江证券股份有限公司,股票型ETF,主题指数ETF,980076.SZ,,,,,,
2024-08-12,159231.SZ,华宝国证通用航空产业ETF,20250429,国证通用航空产业指数,国证通用航空产业指数收益率,华宝基金管理有限公司,长江证券股份有限公司,股票型ETF,主题指数ETF,980076.SZ,,,,,,
2024-08-13,159231.SZ,华宝国证通用航空产业ETF,20250429,国证通用航空产业指数,国证通用航空产业指数收益率,华宝基金管理有限公司,长江证券股份有限公司,股票型ETF,主题指数ETF,980076.SZ,,,,,,
2024-08-14,159231.SZ,华宝国证通用航空产业ETF,20250429,国证通用航空产业指数,国证通用航空产业指数收益率,华宝基金管理有限公司,长江证券股份有限公司,股票型ETF,主题指数ETF,980076.SZ,,,,,,
2024-08-15,159231.SZ,华宝国证通用航空产业ETF,20250429,国证通用航空产业指数,国证通用航空产业指数收益率,华宝基金管理有限公司,长江证券股份有限公司,股票型ETF,主题指数ETF,980076.SZ,,,,,,
2024-08-16,159231.SZ,华宝国证通用航空产业ETF,20250429,国证通用航空产业指数,国证通用航空产业指数收益率,华宝基金管理有限公司,长江证券股份有限公司,股票型ETF,主题指数ETF,980076.SZ,,,,,,
2024-08-19,159231.SZ,华宝国证通用航空产业ETF,20250429,国证通用航空产业指数,国证通用航空产业指数收益率,华宝基金管理有限公司,长江证券股份有限公司,股票型ETF,主题指数ETF,980076.SZ,,,,,,
2024-08-20,159231.SZ,华宝国证通用航空产业ETF,20250429,国证通用航空产业指数,国证通用航空产业指数收益率,华宝基金管理有限公司,长江证券股份有限公司,股票型ETF,主题指数ETF,980076.SZ,,,,,,
2024-08-21,159231.SZ,华宝国证通用航空产业ETF,20250429,国证通用航空产业指数,国证通用航空产业指数收益率,华宝基金管理有限公司,长江证券股份有限公司,股票型ETF,主题指数ETF,980076.SZ,,,,,,
2024-08-22,159231.SZ,华宝国证通用航空产业ETF,20250429,国证通用航空产业指数,国证通用航空产业指数收益率,华宝基金管理有限公司,长江证券股份有限公司,股票型ETF,主题指数ETF,980076.SZ,,,,,,
2024-08-23,159231.SZ,华宝国证通用航空产业ETF,20250429,国证通用航空产业指数,国证通用航空产业指数收益率,华宝基金管理有限公司,长江证券股份有限公司,股票型ETF,主题指数ETF,980076.SZ,,,,,,
2024-08-26,159231.SZ,华宝国证通用航空产业ETF,20250429,国证通用航空产业指数,国证通用航空产业指数收益率,华宝基金管理有限公司,长江证券股份有限公司,股票型ETF,主题指数ETF,980076.SZ,,,,,,
2024-08-27,159231.SZ,华宝国证通用航空产业ETF,20250429,国证通用航空产业指数,国证通用航空产业指数收益率,华宝基金管理有限公司,长江证券股份有限公司,股票型ETF,主题指数ETF,980076.SZ,,,,,,
2024-08-28,159231.SZ,华宝国证通用航空产业ETF,20250429,国证通用航空产业指数,国证通用航空产业指数收益率,华宝基金管理有限公司,长江证券股份有限公司,股票型ETF,主题指数ETF,980076.SZ,,,,,,
2024-08-29,159231.SZ,华宝国证通用航空产业ETF,20250429,国证通用航空产业指数,国证通用航空产业指数收益率,华宝基金管理有限公司,长江证券股份有限公司,股票型ETF,主题指数ETF,980076.SZ,,,,,,
2024-08-30,159231.SZ,华宝国证通用航空产业ETF,20250429,国证通用航空产业指数,国证通用航空产业指数收益率,华宝基金管理有限公司,长江证券股份有限公司,股票型ETF,主题指数ETF,980076.SZ,,,,,,
2024-09-02,159231.SZ,华宝国证通用航空产业ETF,20250429,国证通用航空产业指数,国证通用航空产业指数收益率,华宝基金管理有限公司,长江证券股份有限公司,股票型ETF,主题指数ETF,980076.SZ,,,,,,
2024-09-03,159231.SZ,华宝国证通用航空产业ETF,20250429,国证通用航空产业指数,国证通用航空产业指数收益率,华宝基金管理有限公司,长江证券股份有限公司,股票型ETF,主题指数ETF,980076.SZ,,,,,,
2024-09-04,159231.SZ,华宝国证通用航空产业ETF,20250429,国证通用航空产业指数,国证通用航空产业指数收益率,华宝基金管理有限公司,长江证券股份有限公司,股票型ETF,主题指数ETF,980076.SZ,,,,,,
2024-09-05,159231.SZ,华宝国证通用航空产业ETF,20250429,国证通用航空产业指数,国证通用航空产业指数收益率,华宝基金管理有限公司,长江证券股份有限公司,股票型ETF,主题指数ETF,980076.SZ,,,,,,
2024-09-06,159231.SZ,华宝国证通用航空产业ETF,20250429,国证通用航空产业指数,国证通用航空产业指数收益率,华宝基金管理有限公司,长江证券股份有限公司,股票型ETF,主题指数ETF,980076.SZ,,,,,,
2024-09-09,159231.SZ,华宝国证通用航空产业ETF,20250429,国证通用航空产业指数,国证通用航空产业指数收益率,华宝基金管理有限公司,长江证券股份有限公司,股票型ETF,主题指数ETF,980076.SZ,,,,,,
2024-09-10,159231.SZ,华宝国证通用航空产业ETF,20250429,国证通用航空产业指数,国证通用航空产业指数收益率,华宝基金管理有限公司,长江证券股份有限公司,股票型ETF,主题指数ETF,980076.SZ,,,,,,
2024-09-11,159231.SZ,华宝国证通用航空产业ETF,20250429,国证通用航空产业指数,国证通用航空产业指数收益率,华宝基金管理有限公司,长江证券股份有限公司,股票型ETF,主题指数ETF,980076.SZ,,,,,,
2024-09-12,159231.SZ,华宝国证通用航空产业ETF,20250429,国证通用航空产业指数,国证通用航空产业指数收益率,华宝基金管理有限公司,长江证券股份有限公司,股票型ETF,主题指数ETF,980076.SZ,,,,,,
2024-09-13,159231.SZ,华宝国证通用航空产业ETF,20250429,国证通用航空产业指数,国证通用航空产业指数收益率,华宝基金管理有限公司,长江证券股份有限公司,股票型ETF,主题指数ETF,980076.SZ,,,,,,
2024-09-18,159231.SZ,华宝国证通用航空产业ETF,20250429,国证通用航空产业指数,国证通用航空产业指数收益率,华宝基金管理有限公司,长江证券股份有限公司,股票型ETF,主题指数ETF,980076.SZ,,,,,,
2024-09-19,159231.SZ,华宝国证通用航空产业ETF,20250429,国证通用航空产业指数,国证通用航空产业指数收益率,华宝基金管理有限公司,长江证券股份有限公司,股票型ETF,主题指数ETF,980076.SZ,,,,,,
2024-09-20,159231.SZ,华宝国证通用航空产业ETF,20250429,国证通用航空产业指数,国证通用航空产业指数收益率,华宝基金管理有限公司,长江证券股份有限公司,股票型ETF,主题指数ETF,980076.SZ,,,,,,
2024-09-23,159231.SZ,华宝国证通用航空产业ETF,20250429,国证通用航空产业指数,国证通用航空产业指数收益率,华宝基金管理有限公司,长江证券股份有限公司,股票型ETF,主题指数ETF,980076.SZ,,,,,,
2024-09-24,159231.SZ,华宝国证通用航空产业ETF,20250429,国证通用航空产业指数,国证通用航空产业指数收益率,华宝基金管理有限公司,长江证券股份有限公司,股票型ETF,主题指数ETF,980076.SZ,,,,,,
2024-09-25,159231.SZ,华宝国证通用航空产业ETF,20250429,国证通用航空产业指数,国证通用航空产业指数收益率,华宝基金管理有限公司,长江证券股份有限公司,股票型ETF,主题指数ETF,980076.SZ,,,,,,
2024-09-26,159231.SZ,华宝国证通用航空产业ETF,20250429,国证通用航空产业指数,国证通用航空产业指数收益率,华宝基金管理有限公司,长江证券股份有限公司,股票型ETF,主题指数ETF,980076.SZ,,,,,,
2024-09-27,159231.SZ,华宝国证通用航空产业ETF,20250429,国证通用航空产业指数,国证通用航空产业指数收益率,华宝基金管理有限公司,长江证券股份有限公司,股票型ETF,主题指数ETF,980076.SZ,,,,,,
2024-09-30,159231.SZ,华宝国证通用航空产业ETF,20250429,国证通用航空产业指数,国证通用航空产业指数收益率,华宝基金管理有限公司,长江证券股份有限公司,股票型ETF,主题指数ETF,980076.SZ,,,,,,
2024-10-08,159231.SZ,华宝国证通用航空产业ETF,20250429,国证通用航空产业指数,国证通用航空产业指数收益率,华宝基金管理有限公司,长江证券股份有限公司,股票型ETF,主题指数ETF,980076.SZ,,,,,,
2024-10-09,159231.SZ,华宝国证通用航空产业ETF,20250429,国证通用航空产业指数,国证通用航空产业指数收益率,华宝基金管理有限公司,长江证券股份有限公司,股票型ETF,主题指数ETF,980076.SZ,,,,,,
2024-10-10,159231.SZ,华宝国证通用航空产业ETF,20250429,国证通用航空产业指数,国证通用航空产业指数收益率,华宝基金管理有限公司,长江证券股份有限公司,股票型ETF,主题指数ETF,980076.SZ,,,,,,
2024-10-11,159231.SZ,华宝国证通用航空产业ETF,20250429,国证通用航空产业指数,国证通用航空产业指数收益率,华宝基金管理有限公司,长江证券股份有限公司,股票型ETF,主题指数ETF,980076.SZ,,,,,,
2024-10-14,159231.SZ,华宝国证通用航空产业ETF,20250429,国证通用航空产业指数,国证通用航空产业指数收益率,华宝基金管理有限公司,长江证券股份有限公司,股票型ETF,主题指数ETF,980076.SZ,,,,,,
2024-10-15,159231.SZ,华宝国证通用航空产业ETF,20250429,国证通用航空产业指数,国证通用航空产业指数收益率,华宝基金管理有限公司,长江证券股份有限公司,股票型ETF,主题指数ETF,980076.SZ,,,,,,
2024-10-16,159231.SZ,华宝国证通用航空产业ETF,20250429,国证通用航空产业指数,国证通用航空产业指数收益率,华宝基金管理有限公司,长江证券股份有限公司,股票型ETF,主题指数ETF,980076.SZ,,,,,,
2024-10-17,159231.SZ,华宝国证通用航空产业ETF,20250429,国证通用航空产业指数,国证通用航空产业指数收益率,华宝基金管理有限公司,长江证券股份有限公司,股票型ETF,主题指数ETF,980076.SZ,,,,,,
2024-10-18,159231.SZ,华宝国证通用航空产业ETF,20250429,国证通用航空产业指数,国证通用航空产业指数收益率,华宝基金管理有限公司,长江证券股份有限公司,股票型ETF,主题指数ETF,980076.SZ,,,,,,
2024-10-21,159231.SZ,华宝国证通用航空产业ETF,20250429,国证通用航空产业指数,国证通用航空产业指数收益率,华宝基金管理有限公司,长江证券股份有限公司,股票型ETF,主题指数ETF,980076.SZ,,,,,,
2024-10-22,159231.SZ,华宝国证通用航空产业ETF,20250429,国证通用航空产业指数,国证通用航空产业指数收益率,华宝基金管理有限公司,长江证券股份有限公司,股票型ETF,主题指数ETF,980076.SZ,,,,,,
2024-10-23,159231.SZ,华宝国证通用航空产业ETF,20250429,国证通用航空产业指数,国证通用航空产业指数收益率,华宝基金管理有限公司,长江证券股份有限公司,股票型ETF,主题指数ETF,980076.SZ,,,,,,
2024-10-24,159231.SZ,华宝国证通用航空产业ETF,20250429,国证通用航空产业指数,国证通用航空产业指数收益率,华宝基金管理有限公司,长江证券股份有限公司,股票型ETF,主题指数ETF,980076.SZ,,,,,,
2024-10-25,159231.SZ,华宝国证通用航空产业ETF,20250429,国证通用航空产业指数,国证通用航空产业指数收益率,华宝基金管理有限公司,长江证券股份有限公司,股票型ETF,主题指数ETF,980076.SZ,,,,,,
2024-10-28,159231.SZ,华宝国证通用航空产业ETF,20250429,国证通用航空产业指数,国证通用航空产业指数收益率,华宝基金管理有限公司,长江证券股份有限公司,股票型ETF,主题指数ETF,980076.SZ,,,,,,
2024-10-29,159231.SZ,华宝国证通用航空产业ETF,20250429,国证通用航空产业指数,国证通用航空产业指数收益率,华宝基金管理有限公司,长江证券股份有限公司,股票型ETF,主题指数ETF,980076.SZ,,,,,,
2024-10-30,159231.SZ,华宝国证通用航空产业ETF,20250429,国证通用航空产业指数,国证通用航空产业指数收益率,华宝基金管理有限公司,长江证券股份有限公司,股票型ETF,主题指数ETF,980076.SZ,,,,,,
2024-10-31,159231.SZ,华宝国证通用航空产业ETF,20250429,国证通用航空产业指数,国证通用航空产业指数收益率,华宝基金管理有限公司,长江证券股份有限公司,股票型ETF,主题指数ETF,980076.SZ,,,,,,
2024-11-01,159231.SZ,华宝国证通用航空产业ETF,20250429,国证通用航空产业指数,国证通用航空产业指数收益率,华宝基金管理有限公司,长江证券股份有限公司,股票型ETF,主题指数ETF,980076.SZ,,,,,,
2024-11-04,159231.SZ,华宝国证通用航空产业ETF,20250429,国证通用航空产业指数,国证通用航空产业指数收益率,华宝基金管理有限公司,长江证券股份有限公司,股票型ETF,主题指数ETF,980076.SZ,,,,,,
2024-11-05,159231.SZ,华宝国证通用航空产业ETF,20250429,国证通用航空产业指数,国证通用航空产业指数收益率,华宝基金管理有限公司,长江证券股份有限公司,股票型ETF,主题指数ETF,980076.SZ,,,,,,
2024-11-06,159231.SZ,华宝国证通用航空产业ETF,20250429,国证通用航空产业指数,国证通用航空产业指数收益率,华宝基金管理有限公司,长江证券股份有限公司,股票型ETF,主题指数ETF,980076.SZ,,,,,,
2024-11-07,159231.SZ,华宝国证通用航空产业ETF,20250429,国证通用航空产业指数,国证通用航空产业指数收益率,华宝基金管理有限公司,长江证券股份有限公司,股票型ETF,主题指数ETF,980076.SZ,,,,,,
2024-11-08,159231.SZ,华宝国证通用航空产业ETF,20250429,国证通用航空产业指数,国证通用航空产业指数收益率,华宝基金管理有限公司,长江证券股份有限公司,股票型ETF,主题指数ETF,980076.SZ,,,,,,
2024-11-11,159231.SZ,华宝国证通用航空产业ETF,20250429,国证通用航空产业指数,国证通用航空产业指数收益率,华宝基金管理有限公司,长江证券股份有限公司,股票型ETF,主题指数ETF,980076.SZ,,,,,,
2024-11-12,159231.SZ,华宝国证通用航空产业ETF,20250429,国证通用航空产业指数,国证通用航空产业指数收益率,华宝基金管理有限公司,长江证券股份有限公司,股票型ETF,主题指数ETF,980076.SZ,,,,,,
2024-11-13,159231.SZ,华宝国证通用航空产业ETF,20250429,国证通用航空产业指数,国证通用航空产业指数收益率,华宝基金管理有限公司,长江证券股份有限公司,股票型ETF,主题指数ETF,980076.SZ,,,,,,
2024-11-14,159231.SZ,华宝国证通用航空产业ETF,20250429,国证通用航空产业指数,国证通用航空产业指数收益率,华宝基金管理有限公司,长江证券股份有限公司,股票型ETF,主题指数ETF,980076.SZ,,,,,,
2024-11-15,159231.SZ,华宝国证通用航空产业ETF,20250429,国证通用航空产业指数,国证通用航空产业指数收益率,华宝基金管理有限公司,长江证券股份有限公司,股票型ETF,主题指数ETF,980076.SZ,,,,,,
2024-11-18,159231.SZ,华宝国证通用航空产业ETF,20250429,国证通用航空产业指数,国证通用航空产业指数收益率,华宝基金管理有限公司,长江证券股份有限公司,股票型ETF,主题指数ETF,980076.SZ,,,,,,
2024-11-19,159231.SZ,华宝国证通用航空产业ETF,20250429,国证通用航空产业指数,国证通用航空产业指数收益率,华宝基金管理有限公司,长江证券股份有限公司,股票型ETF,主题指数ETF,980076.SZ,,,,,,
2024-11-20,159231.SZ,华宝国证通用航空产业ETF,20250429,国证通用航空产业指数,国证通用航空产业指数收益率,华宝基金管理有限公司,长江证券股份有限公司,股票型ETF,主题指数ETF,980076.SZ,,,,,,
2024-11-21,159231.SZ,华宝国证通用航空产业ETF,20250429,国证通用航空产业指数,国证通用航空产业指数收益率,华宝基金管理有限公司,长江证券股份有限公司,股票型ETF,主题指数ETF,980076.SZ,,,,,,
2024-11-22,159231.SZ,华宝国证通用航空产业ETF,20250429,国证通用航空产业指数,国证通用航空产业指数收益率,华宝基金管理有限公司,长江证券股份有限公司,股票型ETF,主题指数ETF,980076.SZ,,,,,,
2024-11-25,159231.SZ,华宝国证通用航空产业ETF,20250429,国证通用航空产业指数,国证通用航空产业指数收益率,华宝基金管理有限公司,长江证券股份有限公司,股票型ETF,主题指数ETF,980076.SZ,,,,,,
2024-11-26,159231.SZ,华宝国证通用航空产业ETF,20250429,国证通用航空产业指数,国证通用航空产业指数收益率,华宝基金管理有限公司,长江证券股份有限公司,股票型ETF,主题指数ETF,980076.SZ,,,,,,
2024-11-27,159231.SZ,华宝国证通用航空产业ETF,20250429,国证通用航空产业指数,国证通用航空产业指数收益率,华宝基金管理有限公司,长江证券股份有限公司,股票型ETF,主题指数ETF,980076.SZ,,,,,,
2024-11-28,159231.SZ,华宝国证通用航空产业ETF,20250429,国证通用航空产业指数,国证通用航空产业指数收益率,华宝基金管理有限公司,长江证券股份有限公司,股票型ETF,主题指数ETF,980076.SZ,,,,,,
2024-11-29,159231.SZ,华宝国证通用航空产业ETF,20250429,国证通用航空产业指数,国证通用航空产业指数收益率,华宝基金管理有限公司,长江证券股份有限公司,股票型ETF,主题指数ETF,980076.SZ,,,,,,
2024-12-02,159231.SZ,华宝国证通用航空产业ETF,20250429,国证通用航空产业指数,国证通用航空产业指数收益率,华宝基金管理有限公司,长江证券股份有限公司,股票型ETF,主题指数ETF,980076.SZ,,,,,,
2024-12-03,159231.SZ,华宝国证通用航空产业ETF,20250429,国证通用航空产业指数,国证通用航空产业指数收益率,华宝基金管理有限公司,长江证券股份有限公司,股票型ETF,主题指数ETF,980076.SZ,,,,,,
2024-12-04,159231.SZ,华宝国证通用航空产业ETF,20250429,国证通用航空产业指数,国证通用航空产业指数收益率,华宝基金管理有限公司,长江证券股份有限公司,股票型ETF,主题指数ETF,980076.SZ,,,,,,
2024-12-05,159231.SZ,华宝国证通用航空产业ETF,20250429,国证通用航空产业指数,国证通用航空产业指数收益率,华宝基金管理有限公司,长江证券股份有限公司,股票型ETF,主题指数ETF,980076.SZ,,,,,,
2024-12-06,159231.SZ,华宝国证通用航空产业ETF,20250429,国证通用航空产业指数,国证通用航空产业指数收益率,华宝基金管理有限公司,长江证券股份有限公司,股票型ETF,主题指数ETF,980076.SZ,,,,,,
2024-12-09,159231.SZ,华宝国证通用航空产业ETF,20250429,国证通用航空产业指数,国证通用航空产业指数收益率,华宝基金管理有限公司,长江证券股份有限公司,股票型ETF,主题指数ETF,980076.SZ,,,,,,
2024-12-10,159231.SZ,华宝国证通用航空产业ETF,20250429,国证通用航空产业指数,国证通用航空产业指数收益率,华宝基金管理有限公司,长江证券股份有限公司,股票型ETF,主题指数ETF,980076.SZ,,,,,,
2024-12-11,159231.SZ,华宝国证通用航空产业ETF,20250429,国证通用航空产业指数,国证通用航空产业指数收益率,华宝基金管理有限公司,长江证券股份有限公司,股票型ETF,主题指数ETF,980076.SZ,,,,,,
2024-12-12,159231.SZ,华宝国证通用航空产业ETF,20250429,国证通用航空产业指数,国证通用航空产业指数收益率,华宝基金管理有限公司,长江证券股份有限公司,股票型ETF,主题指数ETF,980076.SZ,,,,,,
2024-12-13,159231.SZ,华宝国证通用航空产业ETF,20250429,国证通用航空产业指数,国证通用航空产业指数收益率,华宝基金管理有限公司,长江证券股份有限公司,股票型ETF,主题指数ETF,980076.SZ,,,,,,
2024-12-16,159231.SZ,华宝国证通用航空产业ETF,20250429,国证通用航空产业指数,国证通用航空产业指数收益率,华宝基金管理有限公司,长江证券股份有限公司,股票型ETF,主题指数ETF,980076.SZ,,,,,,
2024-12-17,159231.SZ,华宝国证通用航空产业ETF,20250429,国证通用航空产业指数,国证通用航空产业指数收益率,华宝基金管理有限公司,长江证券股份有限公司,股票型ETF,主题指数ETF,980076.SZ,,,,,,
2024-12-18,159231.SZ,华宝国证通用航空产业ETF,20250429,国证通用航空产业指数,国证通用航空产业指数收益率,华宝基金管理有限公司,长江证券股份有限公司,股票型ETF,主题指数ETF,980076.SZ,,,,,,
2024-12-19,159231.SZ,华宝国证通用航空产业ETF,20250429,国证通用航空产业指数,国证通用航空产业指数收益率,华宝基金管理有限公司,长江证券股份有限公司,股票型ETF,主题指数ETF,980076.SZ,,,,,,
2024-12-20,159231.SZ,华宝国证通用航空产业ETF,20250429,国证通用航空产业指数,国证通用航空产业指数收益率,华宝基金管理有限公司,长江证券股份有限公司,股票型ETF,主题指数ETF,980076.SZ,,,,,,
2024-12-23,159231.SZ,华宝国证通用航空产业ETF,20250429,国证通用航空产业指数,国证通用航空产业指数收益率,华宝基金管理有限公司,长江证券股份有限公司,股票型ETF,主题指数ETF,980076.SZ,,,,,,
2024-12-24,159231.SZ,华宝国证通用航空产业ETF,20250429,国证通用航空产业指数,国证通用航空产业指数收益率,华宝基金管理有限公司,长江证券股份有限公司,股票型ETF,主题指数ETF,980076.SZ,,,,,,
2024-12-25,159231.SZ,华宝国证通用航空产业ETF,20250429,国证通用航空产业指数,国证通用航空产业指数收益率,华宝基金管理有限公司,长江证券股份有限公司,股票型ETF,主题指数ETF,980076.SZ,,,,,,
2024-12-26,159231.SZ,华宝国证通用航空产业ETF,20250429,国证通用航空产业指数,国证通用航空产业指数收益率,华宝基金管理有限公司,长江证券股份有限公司,股票型ETF,主题指数ETF,980076.SZ,,,,,,
2024-12-27,159231.SZ,华宝国证通用航空产业ETF,20250429,国证通用航空产业指数,国证通用航空产业指数收益率,华宝基金管理有限公司,长江证券股份有限公司,股票型ETF,主题指数ETF,980076.SZ,,,,,,
2024-12-30,159231.SZ,华宝国证通用航空产业ETF,20250429,国证通用航空产业指数,国证通用航空产业指数收益率,华宝基金管理有限公司,长江证券股份有限公司,股票型ETF,主题指数ETF,980076.SZ,,,,,,
2024-12-31,159231.SZ,华宝国证通用航空产业ETF,20250429,国证通用航空产业指数,国证通用航空产业指数收益率,华宝基金管理有限公司,长江证券股份有限公司,股票型ETF,主题指数ETF,980076.SZ,,,,,,
2025-01-02,159231.SZ,华宝国证通用航空产业ETF,20250429,国证通用航空产业指数,国证通用航空产业指数收益率,华宝基金管理有限公司,长江证券股份有限公司,股票型ETF,主题指数ETF,980076.SZ,,,,,,
2025-01-03,159231.SZ,华宝国证通用航空产业ETF,20250429,国证通用航空产业指数,国证通用航空产业指数收益率,华宝基金管理有限公司,长江证券股份有限公司,股票型ETF,主题指数ETF,980076.SZ,,,,,,
2025-01-06,159231.SZ,华宝国证通用航空产业ETF,20250429,国证通用航空产业指数,国证通用航空产业指数收益率,华宝基金管理有限公司,长江证券股份有限公司,股票型ETF,主题指数ETF,980076.SZ,,,,,,
2025-01-07,159231.SZ,华宝国证通用航空产业ETF,20250429,国证通用航空产业指数,国证通用航空产业指数收益率,华宝基金管理有限公司,长江证券股份有限公司,股票型ETF,主题指数ETF,980076.SZ,,,,,,
2025-01-08,159231.SZ,华宝国证通用航空产业ETF,20250429,国证通用航空产业指数,国证通用航空产业指数收益率,华宝基金管理有限公司,长江证券股份有限公司,股票型ETF,主题指数ETF,980076.SZ,,,,,,
2025-01-09,159231.SZ,华宝国证通用航空产业ETF,20250429,国证通用航空产业指数,国证通用航空产业指数收益率,华宝基金管理有限公司,长江证券股份有限公司,股票型ETF,主题指数ETF,980076.SZ,,,,,,
2025-01-10,159231.SZ,华宝国证通用航空产业ETF,20250429,国证通用航空产业指数,国证通用航空产业指数收益率,华宝基金管理有限公司,长江证券股份有限公司,股票型ETF,主题指数ETF,980076.SZ,,,,,,
2025-01-13,159231.SZ,华宝国证通用航空产业ETF,20250429,国证通用航空产业指数,国证通用航空产业指数收益率,华宝基金管理有限公司,长江证券股份有限公司,股票型ETF,主题指数ETF,980076.SZ,,,,,,
2025-01-14,159231.SZ,华宝国证通用航空产业ETF,20250429,国证通用航空产业指数,国证通用航空产业指数收益率,华宝基金管理有限公司,长江证券股份有限公司,股票型ETF,主题指数ETF,980076.SZ,,,,,,
2025-01-15,159231.SZ,华宝国证通用航空产业ETF,20250429,国证通用航空产业指数,国证通用航空产业指数收益率,华宝基金管理有限公司,长江证券股份有限公司,股票型ETF,主题指数ETF,980076.SZ,,,,,,
2025-01-16,159231.SZ,华宝国证通用航空产业ETF,20250429,国证通用航空产业指数,国证通用航空产业指数收益率,华宝基金管理有限公司,长江证券股份有限公司,股票型ETF,主题指数ETF,980076.SZ,,,,,,
2025-01-17,159231.SZ,华宝国证通用航空产业ETF,20250429,国证通用航空产业指数,国证通用航空产业指数收益率,华宝基金管理有限公司,长江证券股份有限公司,股票型ETF,主题指数ETF,980076.SZ,,,,,,
2025-01-20,159231.SZ,华宝国证通用航空产业ETF,20250429,国证通用航空产业指数,国证通用航空产业指数收益率,华宝基金管理有限公司,长江证券股份有限公司,股票型ETF,主题指数ETF,980076.SZ,,,,,,
2025-01-21,159231.SZ,华宝国证通用航空产业ETF,20250429,国证通用航空产业指数,国证通用航空产业指数收益率,华宝基金管理有限公司,长江证券股份有限公司,股票型ETF,主题指数ETF,980076.SZ,,,,,,
2025-01-22,159231.SZ,华宝国证通用航空产业ETF,20250429,国证通用航空产业指数,国证通用航空产业指数收益率,华宝基金管理有限公司,长江证券股份有限公司,股票型ETF,主题指数ETF,980076.SZ,,,,,,
2025-01-23,159231.SZ,华宝国证通用航空产业ETF,20250429,国证通用航空产业指数,国证通用航空产业指数收益率,华宝基金管理有限公司,长江证券股份有限公司,股票型ETF,主题指数ETF,980076.SZ,,,,,,
2025-01-24,159231.SZ,华宝国证通用航空产业ETF,20250429,国证通用航空产业指数,国证通用航空产业指数收益率,华宝基金管理有限公司,长江证券股份有限公司,股票型ETF,主题指数ETF,980076.SZ,,,,,,
2025-01-27,159231.SZ,华宝国证通用航空产业ETF,20250429,国证通用航空产业指数,国证通用航空产业指数收益率,华宝基金管理有限公司,长江证券股份有限公司,股票型ETF,主题指数ETF,980076.SZ,,,,,,
2025-02-05,159231.SZ,华宝国证通用航空产业ETF,20250429,国证通用航空产业指数,国证通用航空产业指数收益率,华宝基金管理有限公司,长江证券股份有限公司,股票型ETF,主题指数ETF,980076.SZ,,,,,,
2025-02-06,159231.SZ,华宝国证通用航空产业ETF,20250429,国证通用航空产业指数,国证通用航空产业指数收益率,华宝基金管理有限公司,长江证券股份有限公司,股票型ETF,主题指数ETF,980076.SZ,,,,,,
2025-02-07,159231.SZ,华宝国证通用航空产业ETF,20250429,国证通用航空产业指数,国证通用航空产业指数收益率,华宝基金管理有限公司,长江证券股份有限公司,股票型ETF,主题指数ETF,980076.SZ,,,,,,
2025-02-10,159231.SZ,华宝国证通用航空产业ETF,20250429,国证通用航空产业指数,国证通用航空产业指数收益率,华宝基金管理有限公司,长江证券股份有限公司,股票型ETF,主题指数ETF,980076.SZ,,,,,,
2025-02-11,159231.SZ,华宝国证通用航空产业ETF,20250429,国证通用航空产业指数,国证通用航空产业指数收益率,华宝基金管理有限公司,长江证券股份有限公司,股票型ETF,主题指数ETF,980076.SZ,,,,,,
2025-02-12,159231.SZ,华宝国证通用航空产业ETF,20250429,国证通用航空产业指数,国证通用航空产业指数收益率,华宝基金管理有限公司,长江证券股份有限公司,股票型ETF,主题指数ETF,980076.SZ,,,,,,
2025-02-13,159231.SZ,华宝国证通用航空产业ETF,20250429,国证通用航空产业指数,国证通用航空产业指数收益率,华宝基金管理有限公司,长江证券股份有限公司,股票型ETF,主题指数ETF,980076.SZ,,,,,,
2025-02-14,159231.SZ,华宝国证通用航空产业ETF,20250429,国证通用航空产业指数,国证通用航空产业指数收益率,华宝基金管理有限公司,长江证券股份有限公司,股票型ETF,主题指数ETF,980076.SZ,,,,,,
2025-02-17,159231.SZ,华宝国证通用航空产业ETF,20250429,国证通用航空产业指数,国证通用航空产业指数收益率,华宝基金管理有限公司,长江证券股份有限公司,股票型ETF,主题指数ETF,980076.SZ,,,,,,
2025-02-18,159231.SZ,华宝国证通用航空产业ETF,20250429,国证通用航空产业指数,国证通用航空产业指数收益率,华宝基金管理有限公司,长江证券股份有限公司,股票型ETF,主题指数ETF,980076.SZ,,,,,,
2025-02-19,159231.SZ,华宝国证通用航空产业ETF,20250429,国证通用航空产业指数,国证通用航空产业指数收益率,华宝基金管理有限公司,长江证券股份有限公司,股票型ETF,主题指数ETF,980076.SZ,,,,,,
2025-02-20,159231.SZ,华宝国证通用航空产业ETF,20250429,国证通用航空产业指数,国证通用航空产业指数收益率,华宝基金管理有限公司,长江证券股份有限公司,股票型ETF,主题指数ETF,980076.SZ,,,,,,
2025-02-21,159231.SZ,华宝国证通用航空产业ETF,20250429,国证通用航空产业指数,国证通用航空产业指数收益率,华宝基金管理有限公司,长江证券股份有限公司,股票型ETF,主题指数ETF,980076.SZ,,,,,,
2025-02-24,159231.SZ,华宝国证通用航空产业ETF,20250429,国证通用航空产业指数,国证通用航空产业指数收益率,华宝基金管理有限公司,长江证券股份有限公司,股票型ETF,主题指数ETF,980076.SZ,,,,,,
2025-02-25,159231.SZ,华宝国证通用航空产业ETF,20250429,国证通用航空产业指数,国证通用航空产业指数收益率,华宝基金管理有限公司,长江证券股份有限公司,股票型ETF,主题指数ETF,980076.SZ,,,,,,
2025-02-26,159231.SZ,华宝国证通用航空产业ETF,20250429,国证通用航空产业指数,国证通用航空产业指数收益率,华宝基金管理有限公司,长江证券股份有限公司,股票型ETF,主题指数ETF,980076.SZ,,,,,,
2025-02-27,159231.SZ,华宝国证通用航空产业ETF,20250429,国证通用航空产业指数,国证通用航空产业指数收益率,华宝基金管理有限公司,长江证券股份有限公司,股票型ETF,主题指数ETF,980076.SZ,,,,,,
2025-02-28,159231.SZ,华宝国证通用航空产业ETF,20250429,国证通用航空产业指数,国证通用航空产业指数收益率,华宝基金管理有限公司,长江证券股份有限公司,股票型ETF,主题指数ETF,980076.SZ,,,,,,
2025-03-03,159231.SZ,华宝国证通用航空产业ETF,20250429,国证通用航空产业指数,国证通用航空产业指数收益率,华宝基金管理有限公司,长江证券股份有限公司,股票型ETF,主题指数ETF,980076.SZ,,,,,,
2025-03-04,159231.SZ,华宝国证通用航空产业ETF,20250429,国证通用航空产业指数,国证通用航空产业指数收益率,华宝基金管理有限公司,长江证券股份有限公司,股票型ETF,主题指数ETF,980076.SZ,,,,,,
2025-03-05,159231.SZ,华宝国证通用航空产业ETF,20250429,国证通用航空产业指数,国证通用航空产业指数收益率,华宝基金管理有限公司,长江证券股份有限公司,股票型ETF,主题指数ETF,980076.SZ,,,,,,
2025-03-06,159231.SZ,华宝国证通用航空产业ETF,20250429,国证通用航空产业指数,国证通用航空产业指数收益率,华宝基金管理有限公司,长江证券股份有限公司,股票型ETF,主题指数ETF,980076.SZ,,,,,,
2025-03-07,159231.SZ,华宝国证通用航空产业ETF,20250429,国证通用航空产业指数,国证通用航空产业指数收益率,华宝基金管理有限公司,长江证券股份有限公司,股票型ETF,主题指数ETF,980076.SZ,,,,,,
2025-03-10,159231.SZ,华宝国证通用航空产业ETF,20250429,国证通用航空产业指数,国证通用航空产业指数收益率,华宝基金管理有限公司,长江证券股份有限公司,股票型ETF,主题指数ETF,980076.SZ,,,,,,
2025-03-11,159231.SZ,华宝国证通用航空产业ETF,20250429,国证通用航空产业指数,国证通用航空产业指数收益率,华宝基金管理有限公司,长江证券股份有限公司,股票型ETF,主题指数ETF,980076.SZ,,,,,,
2025-03-12,159231.SZ,华宝国证通用航空产业ETF,20250429,国证通用航空产业指数,国证通用航空产业指数收益率,华宝基金管理有限公司,长江证券股份有限公司,股票型ETF,主题指数ETF,980076.SZ,,,,,,
2025-03-13,159231.SZ,华宝国证通用航空产业ETF,20250429,国证通用航空产业指数,国证通用航空产业指数收益率,华宝基金管理有限公司,长江证券股份有限公司,股票型ETF,主题指数ETF,980076.SZ,,,,,,
2025-03-14,159231.SZ,华宝国证通用航空产业ETF,20250429,国证通用航空产业指数,国证通用航空产业指数收益率,华宝基金管理有限公司,长江证券股份有限公司,股票型ETF,主题指数ETF,980076.SZ,,,,,,
2025-03-17,159231.SZ,华宝国证通用航空产业ETF,20250429,国证通用航空产业指数,国证通用航空产业指数收益率,华宝基金管理有限公司,长江证券股份有限公司,股票型ETF,主题指数ETF,980076.SZ,,,,,,
2025-03-18,159231.SZ,华宝国证通用航空产业ETF,20250429,国证通用航空产业指数,国证通用航空产业指数收益率,华宝基金管理有限公司,长江证券股份有限公司,股票型ETF,主题指数ETF,980076.SZ,,,,,,
2025-03-19,159231.SZ,华宝国证通用航空产业ETF,20250429,国证通用航空产业指数,国证通用航空产业指数收益率,华宝基金管理有限公司,长江证券股份有限公司,股票型ETF,主题指数ETF,980076.SZ,,,,,,
2025-03-20,159231.SZ,华宝国证通用航空产业ETF,20250429,国证通用航空产业指数,国证通用航空产业指数收益率,华宝基金管理有限公司,长江证券股份有限公司,股票型ETF,主题指数ETF,980076.SZ,,,,,,
2025-03-21,159231.SZ,华宝国证通用航空产业ETF,20250429,国证通用航空产业指数,国证通用航空产业指数收益率,华宝基金管理有限公司,长江证券股份有限公司,股票型ETF,主题指数ETF,980076.SZ,,,,,,
2025-03-24,159231.SZ,华宝国证通用航空产业ETF,20250429,国证通用航空产业指数,国证通用航空产业指数收益率,华宝基金管理有限公司,长江证券股份有限公司,股票型ETF,主题指数ETF,980076.SZ,,,,,,
2025-03-25,159231.SZ,华宝国证通用航空产业ETF,20250429,国证通用航空产业指数,国证通用航空产业指数收益率,华宝基金管理有限公司,长江证券股份有限公司,股票型ETF,主题指数ETF,980076.SZ,,,,,,
2025-03-26,159231.SZ,华宝国证通用航空产业ETF,20250429,国证通用航空产业指数,国证通用航空产业指数收益率,华宝基金管理有限公司,长江证券股份有限公司,股票型ETF,主题指数ETF,980076.SZ,,,,,,
2025-03-27,159231.SZ,华宝国证通用航空产业ETF,20250429,国证通用航空产业指数,国证通用航空产业指数收益率,华宝基金管理有限公司,长江证券股份有限公司,股票型ETF,主题指数ETF,980076.SZ,,,,,,
2025-03-28,159231.SZ,华宝国证通用航空产业ETF,20250429,国证通用航空产业指数,国证通用航空产业指数收益率,华宝基金管理有限公司,长江证券股份有限公司,股票型ETF,主题指数ETF,980076.SZ,,,,,,
2025-03-31,159231.SZ,华宝国证通用航空产业ETF,20250429,国证通用航空产业指数,国证通用航空产业指数收益率,华宝基金管理有限公司,长江证券股份有限公司,股票型ETF,主题指数ETF,980076.SZ,,,,,,
2025-04-01,159231.SZ,华宝国证通用航空产业ETF,20250429,国证通用航空产业指数,国证通用航空产业指数收益率,华宝基金管理有限公司,长江证券股份有限公司,股票型ETF,主题指数ETF,980076.SZ,,,,,,
2025-04-02,159231.SZ,华宝国证通用航空产业ETF,20250429,国证通用航空产业指数,国证通用航空产业指数收益率,华宝基金管理有限公司,长江证券股份有限公司,股票型ETF,主题指数ETF,980076.SZ,,,,,,
2025-04-03,159231.SZ,华宝国证通用航空产业ETF,20250429,国证通用航空产业指数,国证通用航空产业指数收益率,华宝基金管理有限公司,长江证券股份有限公司,股票型ETF,主题指数ETF,980076.SZ,,,,,,
2025-04-07,159231.SZ,华宝国证通用航空产业ETF,20250429,国证通用航空产业指数,国证通用航空产业指数收益率,华宝基金管理有限公司,长江证券股份有限公司,股票型ETF,主题指数ETF,980076.SZ,,,,,,
2025-04-08,159231.SZ,华宝国证通用航空产业ETF,20250429,国证通用航空产业指数,国证通用航空产业指数收益率,华宝基金管理有限公司,长江证券股份有限公司,股票型ETF,主题指数ETF,980076.SZ,,,,,,
2025-04-09,159231.SZ,华宝国证通用航空产业ETF,20250429,国证通用航空产业指数,国证通用航空产业指数收益率,华宝基金管理有限公司,长江证券股份有限公司,股票型ETF,主题指数ETF,980076.SZ,,,,,,
2025-04-10,159231.SZ,华宝国证通用航空产业ETF,20250429,国证通用航空产业指数,国证通用航空产业指数收益率,华宝基金管理有限公司,长江证券股份有限公司,股票型ETF,主题指数ETF,980076.SZ,,,,,,
2025-04-11,159231.SZ,华宝国证通用航空产业ETF,20250429,国证通用航空产业指数,国证通用航空产业指数收益率,华宝基金管理有限公司,长江证券股份有限公司,股票型ETF,主题指数ETF,980076.SZ,,,,,,
2025-04-14,159231.SZ,华宝国证通用航空产业ETF,20250429,国证通用航空产业指数,国证通用航空产业指数收益率,华宝基金管理有限公司,长江证券股份有限公司,股票型ETF,主题指数ETF,980076.SZ,,,,,,
2025-04-15,159231.SZ,华宝国证通用航空产业ETF,20250429,国证通用航空产业指数,国证通用航空产业指数收益率,华宝基金管理有限公司,长江证券股份有限公司,股票型ETF,主题指数ETF,980076.SZ,,,,,,
2025-04-16,159231.SZ,华宝国证通用航空产业ETF,20250429,国证通用航空产业指数,国证通用航空产业指数收益率,华宝基金管理有限公司,长江证券股份有限公司,股票型ETF,主题指数ETF,980076.SZ,,,,,,
2025-04-17,159231.SZ,华宝国证通用航空产业ETF,20250429,国证通用航空产业指数,国证通用航空产业指数收益率,华宝基金管理有限公司,长江证券股份有限公司,股票型ETF,主题指数ETF,980076.SZ,,,,,,
2025-04-18,159231.SZ,华宝国证通用航空产业ETF,20250429,国证通用航空产业指数,国证通用航空产业指数收益率,华宝基金管理有限公司,长江证券股份有限公司,股票型ETF,主题指数ETF,980076.SZ,254045930.0,,,,,
2025-04-21,159231.SZ,华宝国证通用航空产业ETF,20250429,国证通用航空产业指数,国证通用航空产业指数收益率,华宝基金管理有限公司,长江证券股份有限公司,股票型ETF,主题指数ETF,980076.SZ,254045930.0,,,,,
2025-04-22,159231.SZ,华宝国证通用航空产业ETF,20250429,国证通用航空产业指数,国证通用航空产业指数收益率,华宝基金管理有限公司,长江证券股份有限公司,股票型ETF,主题指数ETF,980076.SZ,254045930.0,,,,,
2025-04-23,159231.SZ,华宝国证通用航空产业ETF,20250429,国证通用航空产业指数,国证通用航空产业指数收益率,华宝基金管理有限公司,长江证券股份有限公司,股票型ETF,主题指数ETF,980076.SZ,254045930.0,,,,,
2025-04-24,159231.SZ,华宝国证通用航空产业ETF,20250429,国证通用航空产业指数,国证通用航空产业指数收益率,华宝基金管理有限公司,长江证券股份有限公司,股票型ETF,主题指数ETF,980076.SZ,254045930.0,,,,,
2025-04-25,159231.SZ,华宝国证通用航空产业ETF,20250429,国证通用航空产业指数,国证通用航空产业指数收益率,华宝基金管理有限公司,长江证券股份有限公司,股票型ETF,主题指数ETF,980076.SZ,254045930.0,,,,,
2025-04-28,159231.SZ,华宝国证通用航空产业ETF,20250429,国证通用航空产业指数,国证通用航空产业指数收益率,华宝基金管理有限公司,长江证券股份有限公司,股票型ETF,主题指数ETF,980076.SZ,250514691.573,,,,,
2025-04-29,159231.SZ,华宝国证通用航空产业ETF,20250429,国证通用航空产业指数,国证通用航空产业指数收益率,华宝基金管理有限公司,长江证券股份有限公司,股票型ETF,主题指数ETF,980076.SZ,185488505.352,70638424,69329144.78,0.492,0.49073252809264,-0.243309002
2025-04-30,159231.SZ,华宝国证通用航空产业ETF,20250429,国证通用航空产业指数,国证通用航空产业指数收益率,华宝基金管理有限公司,长江证券股份有限公司,股票型ETF,主题指数ETF,980076.SZ,168302127.908,25126445,25027072.13,0.497,0.49802254417607,-0.160707111
2025-05-06,159231.SZ,华宝国证通用航空产业ETF,20250429,国证通用航空产业指数,国证通用航空产业指数收益率,华宝基金管理有限公司,长江证券股份有限公司,股票型ETF,主题指数ETF,980076.SZ,142406621.565,82964345,83714113.1,0.508,0.50451861640082,-0.440960314
2025-05-07,159231.SZ,华宝国证通用航空产业ETF,20250429,国证通用航空产业指数,国证通用航空产业指数收益率,华宝基金管理有限公司,长江证券股份有限公司,股票型ETF,主题指数ETF,980076.SZ,115878364.29,67163081,69880625.14,0.5255,0.52023093714239,-0.189933523
2025-05-08,159231.SZ,华宝国证通用航空产业ETF,20250429,国证通用航空产业指数,国证通用航空产业指数收益率,华宝基金管理有限公司,长江证券股份有限公司,股票型ETF,主题指数ETF,980076.SZ,86433595.214,32966947,34884363.22,0.539,0.52908088850326,-0.166697537
2025-05-09,159231.SZ,华宝国证通用航空产业ETF,20250429,国证通用航空产业指数,国证通用航空产业指数收益率,华宝基金管理有限公司,长江证券股份有限公司,股票型ETF,主题指数ETF,980076.SZ,64063648.533,23830706,25288045.48,0.5275,0.5305769262564,-0.292977979
2025-05-12,159231.SZ,华宝国证通用航空产业ETF,20250429,国证通用航空产业指数,国证通用航空产业指数收益率,华宝基金管理有限公司,长江证券股份有限公司,股票型ETF,主题指数ETF,980076.SZ,56587121.954,23756437,25904936.95,0.549,0.54521932203049,0.018218255
2025-05-13,159231.SZ,华宝国证通用航空产业ETF,20250429,国证通用航空产业指数,国证通用航空产业指数收益率,华宝基金管理有限公司,长江证券股份有限公司,股票型ETF,主题指数ETF,980076.SZ,49508583.936,18270782,19840618.2,0.539,0.54296029036962,0.260416667
2025-05-14,159231.SZ,华宝国证通用航空产业ETF,20250429,国证通用航空产业指数,国证通用航空产业指数收益率,华宝基金管理有限公司,长江证券股份有限公司,股票型ETF,主题指数ETF,980076.SZ,48140585.391,11791188,12625114.21,0.534,0.53536226417559,-0.06550014
2025-05-15,159231.SZ,华宝国证通用航空产业ETF,20250429,国证通用航空产业指数,国证通用航空产业指数收益率,华宝基金管理有限公司,长江证券股份有限公司,股票型ETF,主题指数ETF,980076.SZ,46795499.465,9003474,9498605.8,0.5245,0.52749670849274,-0.142789148
2025-05-16,159231.SZ,华宝国证通用航空产业ETF,20250429,国证通用航空产业指数,国证通用航空产业指数收益率,华宝基金管理有限公司,长江证券股份有限公司,股票型ETF,主题指数ETF,980076.SZ,47338767.837,6609104,7001401.52,0.5255,0.52967857065042,0.009515653
2025-05-19,159231.SZ,华宝国证通用航空产业ETF,20250429,国证通用航空产业指数,国证通用航空产业指数收益率,华宝基金管理有限公司,长江证券股份有限公司,股票型ETF,主题指数ETF,980076.SZ,42544796.032,10932005,11538870.04,0.5315,0.52775634661711,0.056475904
2025-05-20,159231.SZ,华宝国证通用航空产业ETF,20250429,国证通用航空产业指数,国证通用航空产业指数收益率,华宝基金管理有限公司,长江证券股份有限公司,股票型ETF,主题指数ETF,980076.SZ,39205707.719,6028103,6369978.16,0.5285,0.5283567782435,-0.122838515
2025-05-21,159231.SZ,华宝国证通用航空产业ETF,20250429,国证通用航空产业指数,国证通用航空产业指数收益率,华宝基金管理有限公司,长江证券股份有限公司,股票型ETF,主题指数ETF,980076.SZ,39039001.034,5029716,5296680.7,0.527,0.52653874493113,0.018978933
2025-05-22,159231.SZ,华宝国证通用航空产业ETF,20250429,国证通用航空产业指数,国证通用航空产业指数收益率,华宝基金管理有限公司,长江证券股份有限公司,股票型ETF,主题指数ETF,980076.SZ,39502072.953,6495400,6899551,0.526,0.53111055516211,-0.0095048
2025-05-23,159231.SZ,华宝国证通用航空产业ETF,20250429,国证通用航空产业指数,国证通用航空产业指数收益率,华宝基金管理有限公司,长江证券股份有限公司,股票型ETF,主题指数ETF,980076.SZ,39032748.828,6926800,7272654.3,0.52,0.52496494052088,0.038476337
2025-05-26,159231.SZ,华宝国证通用航空产业ETF,20250429,国证通用航空产业指数,国证通用航空产业指数收益率,华宝基金管理有限公司,长江证券股份有限公司,股票型ETF,主题指数ETF,980076.SZ,39426981.093,2989702,3125349.2,0.5245,0.52268573924759,-0.104751928
2025-05-27,159231.SZ,华宝国证通用航空产业ETF,20250429,国证通用航空产业指数,国证通用航空产业指数收益率,华宝基金管理有限公司,长江证券股份有限公司,股票型ETF,主题指数ETF,980076.SZ,38909340.279,5423700,5680216.3,0.525,0.52364772203477,-0.028563268
2025-05-28,159231.SZ,华宝国证通用航空产业ETF,20250429,国证通用航空产业指数,国证通用航空产业指数收益率,华宝基金管理有限公司,长江证券股份有限公司,股票型ETF,主题指数ETF,980076.SZ,38605563.653,3770610,3933598.13,0.5205,0.52161296580659,-0.105556089
2025-05-29,159231.SZ,华宝国证通用航空产业ETF,20250429,国证通用航空产业指数,国证通用航空产业指数收益率,华宝基金管理有限公司,长江证券股份有限公司,股票型ETF,主题指数ETF,980076.SZ,37485126.728,5960985,6321421.83,0.534,0.53023299253395,-0.149588631
2025-05-30,159231.SZ,华宝国证通用航空产业ETF,20250429,国证通用航空产业指数,国证通用航空产业指数收益率,华宝基金管理有限公司,长江证券股份有限公司,股票型ETF,主题指数ETF,980076.SZ,36004846.669,9561905,10241440.24,0.5375,0.53553346535026,0.158390012
2025-06-03,159231.SZ,华宝国证通用航空产业ETF,20250429,国证通用航空产业指数,国证通用航空产业指数收益率,华宝基金管理有限公司,长江证券股份有限公司,股票型ETF,主题指数ETF,980076.SZ,36293341.667,7617853,8269871.25,0.5405,0.54279540770871,-0.083186986
2025-06-04,159231.SZ,华宝国证通用航空产业ETF,20250429,国证通用航空产业指数,国证通用航空产业指数收益率,华宝基金管理有限公司,长江证券股份有限公司,股票型ETF,主题指数ETF,980076.SZ,36139030.389,4299001,4638902.08,0.5385,0.53953256582169,-0.027847396
2025-06-05,159231.SZ,华宝国证通用航空产业ETF,20250429,国证通用航空产业指数,国证通用航空产业指数收益率,华宝基金管理有限公司,长江证券股份有限公司,股票型ETF,主题指数ETF,980076.SZ,35640035.505,5480706,5884221.65,0.54,0.53681237873369,0.139082058
2025-06-06,159231.SZ,华宝国证通用航空产业ETF,20250429,国证通用航空产业指数,国证通用航空产业指数收益率,华宝基金管理有限公司,长江证券股份有限公司,股票型ETF,主题指数ETF,980076.SZ,35398800.216,3124512,3370452.89,0.5355,0.53935668834045,-0.01867065
2025-06-09,159231.SZ,华宝国证通用航空产业ETF,20250429,国证通用航空产业指数,国证通用航空产业指数收益率,华宝基金管理有限公司,长江证券股份有限公司,股票型ETF,主题指数ETF,980076.SZ,35416481.026,3818825,4151659.84,0.5435,0.54357817391475,-0.110273847
2025-06-10,159231.SZ,华宝国证通用航空产业ETF,20250429,国证通用航空产业指数,国证通用航空产业指数收益率,华宝基金管理有限公司,长江证券股份有限公司,股票型ETF,主题指数ETF,980076.SZ,34295554.286,6617509,7086792.01,0.5355,0.5354576782593,0.074752383
2025-06-11,159231.SZ,华宝国证通用航空产业ETF,20250429,国证通用航空产业指数,国证通用航空产业指数收益率,华宝基金管理有限公司,长江证券股份有限公司,股票型ETF,主题指数ETF,980076.SZ,34430147.192,5992100,6432779,0.537,0.53677166602694,-0.037230082
2025-06-12,159231.SZ,华宝国证通用航空产业ETF,20250429,国证通用航空产业指数,国证通用航空产业指数收益率,华宝基金管理有限公司,长江证券股份有限公司,股票型ETF,主题指数ETF,980076.SZ,34298758.879,6779303,7266725.91,0.534,0.53594933800717,-0.214893021
2025-06-13,159231.SZ,华宝国证通用航空产业ETF,20250429,国证通用航空产业指数,国证通用航空产业指数收益率,华宝基金管理有限公司,长江证券股份有限公司,股票型ETF,主题指数ETF,980076.SZ,34069604.4,10381805,11149793.6,0.5395,0.53698723873161,-0.092592593
2025-06-16,159231.SZ,华宝国证通用航空产业ETF,20250429,国证通用航空产业指数,国证通用航空产业指数收益率,华宝基金管理有限公司,长江证券股份有限公司,股票型ETF,主题指数ETF,980076.SZ,33731402.945,8958900,9722638.5,0.542,0.54262456886448,-0.230096641
2025-06-17,159231.SZ,华宝国证通用航空产业ETF,20250429,国证通用航空产业指数,国证通用航空产业指数收益率,华宝基金管理有限公司,长江证券股份有限公司,股票型ETF,主题指数ETF,980076.SZ,32617861.608,7950004,8583784.33,0.5415,0.53986037805767,-0.239498895
2025-06-18,159231.SZ,华宝国证通用航空产业ETF,20250429,国证通用航空产业指数,国证通用航空产业指数收益率,华宝基金管理有限公司,长江证券股份有限公司,股票型ETF,主题指数ETF,980076.SZ,32228700.444,8270700,9011162.6,0.545,0.54476420375543,-0.073340667
2025-06-19,159231.SZ,华宝国证通用航空产业ETF,20250429,国证通用航空产业指数,国证通用航空产业指数收益率,华宝基金管理有限公司,长江证券股份有限公司,股票型ETF,主题指数ETF,980076.SZ,31623008.879,6734000,7214935.1,0.535,0.53570946688447,-0.028029524
2025-06-20,159231.SZ,华宝国证通用航空产业ETF,20250429,国证通用航空产业指数,国证通用航空产业指数收益率,华宝基金管理有限公司,长江证券股份有限公司,股票型ETF,主题指数ETF,980076.SZ,31097091.325,6143404,6501584.72,0.5255,0.52915164947641,-0.142517815
2025-06-23,159231.SZ,华宝国证通用航空产业ETF,20250429,国证通用航空产业指数,国证通用航空产业指数收益率,华宝基金管理有限公司,长江证券股份有限公司,股票型ETF,主题指数ETF,980076.SZ,31472324.636,4080085,4318887.54,0.533,0.52926440748171,0.075103267
2025-06-24,159231.SZ,华宝国证通用航空产业ETF,20250429,国证通用航空产业指数,国证通用航空产业指数收益率,华宝基金管理有限公司,长江证券股份有限公司,股票型ETF,主题指数ETF,980076.SZ,31291180.389,5508404,5907250,0.5385,0.53620340846459,-0.027847396
2025-06-25,159231.SZ,华宝国证通用航空产业ETF,20250429,国证通用航空产业指数,国证通用航空产业指数收益率,华宝基金管理有限公司,长江证券股份有限公司,股票型ETF,主题指数ETF,980076.SZ,32028947.011,8214202,8974657.99,0.552,0.54628909722454,0.117892446
2025-06-26,159231.SZ,华宝国证通用航空产业ETF,20250429,国证通用航空产业指数,国证通用航空产业指数收益率,华宝基金管理有限公司,长江证券股份有限公司,股票型ETF,主题指数ETF,980076.SZ,30996361.836,6098801,6794286.61,0.5525,0.55701822456578,-0.018096272
2025-06-27,159231.SZ,华宝国证通用航空产业ETF,20250429,国证通用航空产业指数,国证通用航空产业指数收益率,华宝基金管理有限公司,长江证券股份有限公司,股票型ETF,主题指数ETF,980076.SZ,31088913.405,7937218,8832655.38,0.5545,0.55640750827305,0.045105999
2025-06-30,159231.SZ,华宝国证通用航空产业ETF,20250429,国证通用航空产业指数,国证通用航空产业指数收益率,华宝基金管理有限公司,长江证券股份有限公司,股票型ETF,主题指数ETF,980076.SZ,32151854.152,6085402,6944182.88,0.575,0.57056073534665,0.314026518
2025-07-01,159231.SZ,华宝国证通用航空产业ETF,20250429,国证通用航空产业指数,国证通用航空产业指数收益率,华宝基金管理有限公司,长江证券股份有限公司,股票型ETF,主题指数ETF,980076.SZ,31358286.712,5611105,6389171.91,0.57,0.56933277046143,0.140548138
2025-07-02,159231.SZ,华宝国证通用航空产业ETF,20250429,国证通用航空产业指数,国证通用航空产业指数收益率,华宝基金管理有限公司,长江证券股份有限公司,股票型ETF,主题指数ETF,980076.SZ,30854196.193,3177601,3572499.23,0.56,0.56213779357446,-0.008927774
2025-07-03,159231.SZ,华宝国证通用航空产业ETF,20250429,国证通用航空产业指数,国证通用航空产业指数收益率,华宝基金管理有限公司,长江证券股份有限公司,股票型ETF,主题指数ETF,980076.SZ,30986416.657,5711201,6430131.13,0.5625,0.56294036315654,0.008889679
2025-07-04,159231.SZ,华宝国证通用航空产业ETF,20250429,国证通用航空产业指数,国证通用航空产业指数收益率,华宝基金管理有限公司,长江证券股份有限公司,股票型ETF,主题指数ETF,980076.SZ,30697184.392,3591900,4008402,0.5575,0.55797795038837,0.053840632
2025-07-07,159231.SZ,华宝国证通用航空产业ETF,20250429,国证通用航空产业指数,国证通用航空产业指数收益率,华宝基金管理有限公司,长江证券股份有限公司,股票型ETF,主题指数ETF,980076.SZ,31882949.217,4270700,4766779.4,0.5585,0.55807940150327,0.008953353
2025-07-08,159231.SZ,华宝国证通用航空产业ETF,20250429,国证通用航空产业指数,国证通用航空产业指数收益率,华宝基金管理有限公司,长江证券股份有限公司,股票型ETF,主题指数ETF,980076.SZ,32128444.215,3076200,3446632.3,0.565,0.56020939795852,0.399822301
2025-07-09,159231.SZ,华宝国证通用航空产业ETF,20250429,国证通用航空产业指数,国证通用航空产业指数收益率,华宝基金管理有限公司,长江证券股份有限公司,股票型ETF,主题指数ETF,980076.SZ,29731441.6,6995258,7875549.65,0.5605,0.56292059921164,0.089285714
2025-07-10,159231.SZ,华宝国证通用航空产业ETF,20250429,国证通用航空产业指数,国证通用航空产业指数收益率,华宝基金管理有限公司,长江证券股份有限公司,股票型ETF,主题指数ETF,980076.SZ,29630567.066,2458458,2730489.64,0.559,0.555325663485,0.161261423
2025-07-11,159231.SZ,华宝国证通用航空产业ETF,20250429,国证通用航空产业指数,国证通用航空产业指数收益率,华宝基金管理有限公司,长江证券股份有限公司,股票型ETF,主题指数ETF,980076.SZ,29787188.053,3169300,3545447.9,0.5615,0.55934242577225,0.080206755
2025-07-14,159231.SZ,华宝国证通用航空产业ETF,20250429,国证通用航空产业指数,国证通用航空产业指数收益率,华宝基金管理有限公司,长江证券股份有限公司,股票型ETF,主题指数ETF,980076.SZ,29662422.182,2578800,2885700.8,0.5595,0.55950457577168,0.143189547
2025-07-15,159231.SZ,华宝国证通用航空产业ETF,20250429,国证通用航空产业指数,国证通用航空产业指数收益率,华宝基金管理有限公司,长江证券股份有限公司,股票型ETF,主题指数ETF,980076.SZ,26803998.171,8441895,9382675.63,0.557,0.55572093884134,-0.062797165
2025-07-16,159231.SZ,华宝国证通用航空产业ETF,20250429,国证通用航空产业指数,国证通用航空产业指数收益率,华宝基金管理有限公司,长江证券股份有限公司,股票型ETF,主题指数ETF,980076.SZ,26820830.322,4266695,4760399.26,0.5575,0.55785558377151,-0.035861574
2025-07-17,159231.SZ,华宝国证通用航空产业ETF,20250429,国证通用航空产业指数,国证通用航空产业指数收益率,华宝基金管理有限公司,长江证券股份有限公司,股票型ETF,主题指数ETF,980076.SZ,27494116.362,6148400,6954624.3,0.572,0.56556374829224,0.052475074
2025-07-18,159231.SZ,华宝国证通用航空产业ETF,20250429,国证通用航空产业指数,国证通用航空产业指数收益率,华宝基金管理有限公司,长江证券股份有限公司,股票型ETF,主题指数ETF,980076.SZ,27669651.651,6453500,7408975.2,0.574,0.57402767490509,-0.234639784
2025-07-21,159231.SZ,华宝国证通用航空产业ETF,20250429,国证通用航空产业指数,国证通用航空产业指数收益率,华宝基金管理有限公司,长江证券股份有限公司,股票型ETF,主题指数ETF,980076.SZ,27965416.59,3874005,4475985.3,0.58,0.57769482744602,-0.257953568
2025-07-22,159231.SZ,华宝国证通用航空产业ETF,20250429,国证通用航空产业指数,国证通用航空产业指数收益率,华宝基金管理有限公司,长江证券股份有限公司,股票型ETF,主题指数ETF,980076.SZ,27905301.765,3005700,3497191.3,0.5805,0.58175987290814,0.043084877
2025-07-23,159231.SZ,华宝国证通用航空产业ETF,20250429,国证通用航空产业指数,国证通用航空产业指数收益率,华宝基金管理有限公司,长江证券股份有限公司,股票型ETF,主题指数ETF,980076.SZ,27542208.222,4140801,4766303.14,0.574,0.57552912347152,0.226994936
2025-07-24,159231.SZ,华宝国证通用航空产业ETF,20250429,国证通用航空产业指数,国证通用航空产业指数收益率,华宝基金管理有限公司,长江证券股份有限公司,股票型ETF,主题指数ETF,980076.SZ,27982248.741,3807900,4410371.8,0.581,0.57910814359621,-0.146085761
2025-07-25,159231.SZ,华宝国证通用航空产业ETF,20250429,国证通用航空产业指数,国证通用航空产业指数收益率,华宝基金管理有限公司,长江证券股份有限公司,股票型ETF,主题指数ETF,980076.SZ,27890874.207,2694100,3117350.7,0.5805,0.57855140863368,0.094835762
2025-07-28,159231.SZ,华宝国证通用航空产业ETF,20250429,国证通用航空产业指数,国证通用航空产业指数收益率,华宝基金管理有限公司,长江证券股份有限公司,股票型ETF,主题指数ETF,980076.SZ,28136142.693,4271504,4984716.27,0.585,0.58348491187179,-0.008546278
2025-07-29,159231.SZ,华宝国证通用航空产业ETF,20250429,国证通用航空产业指数,国证通用航空产业指数收益率,华宝基金管理有限公司,长江证券股份有限公司,股票型ETF,主题指数ETF,980076.SZ,27251812.225,5764501,6761192.78,0.592,0.5864508289616,0.126849894
2025-07-30,159231.SZ,华宝国证通用航空产业ETF,20250429,国证通用航空产业指数,国证通用航空产业指数收益率,华宝基金管理有限公司,长江证券股份有限公司,股票型ETF,主题指数ETF,980076.SZ,26385501.879,6659902,7806429.15,0.5855,0.58607687845857,0.059813723
2025-07-31,159231.SZ,华宝国证通用航空产业ETF,20250429,国证通用航空产业指数,国证通用航空产业指数收益率,华宝基金管理有限公司,长江证券股份有限公司,股票型ETF,主题指数ETF,980076.SZ,25612961.474,5131201,5987976.47,0.58,0.583486835733,-0.154932002
2025-08-01,159231.SZ,华宝国证通用航空产业ETF,20250429,国证通用航空产业指数,国证通用航空产业指数收益率,华宝基金管理有限公司,长江证券股份有限公司,股票型ETF,主题指数ETF,980076.SZ,25438798.627,8076516,9317655.3,0.577,0.57683630540694,0.008666262
2025-08-04,159231.SZ,华宝国证通用航空产业ETF,20250429,国证通用航空产业指数,国证通用航空产业指数收益率,华宝基金管理有限公司,长江证券股份有限公司,股票型ETF,主题指数ETF,980076.SZ,25631038.328,5714200,6752403.7,0.596,0.5908441864128,0.201748487
2025-08-05,159231.SZ,华宝国证通用航空产业ETF,20250429,国证通用航空产业指数,国证通用航空产业指数收益率,华宝基金管理有限公司,长江证券股份有限公司,股票型ETF,主题指数ETF,980076.SZ,25812024.14,9063400,10874256.8,0.599,0.59989941964384,0
2025-08-06,159231.SZ,华宝国证通用航空产业ETF,20250429,国证通用航空产业指数,国证通用航空产业指数收益率,华宝基金管理有限公司,长江证券股份有限公司,股票型ETF,主题指数ETF,980076.SZ,26829896.81,9933100,12040998.5,0.6095,0.60610476588376,0.164338537
2025-08-07,159231.SZ,华宝国证通用航空产业ETF,20250429,国证通用航空产业指数,国证通用航空产业指数收益率,华宝基金管理有限公司,长江证券股份有限公司,股票型ETF,主题指数ETF,980076.SZ,26653529.37,7792300,9414062.9,0.605,0.60406188801766,0.082712986
2025-08-08,159231.SZ,华宝国证通用航空产业ETF,20250429,国证通用航空产业指数,国证通用航空产业指数收益率,华宝基金管理有限公司,长江证券股份有限公司,股票型ETF,主题指数ETF,980076.SZ,26547708.906,7178300,8684703.5,0.603,0.6049275942772,100.298953662
2025-08-11,159231.SZ,华宝国证通用航空产业ETF,20250429,国证通用航空产业指数,国证通用航空产业指数收益率,华宝基金管理有限公司,长江证券股份有限公司,股票型ETF,主题指数ETF,980076.SZ,27361740.648,9148826,5549894.88,0.605,0.60662372199449,-0.296638102
2025-08-12,159231.SZ,华宝国证通用航空产业ETF,20250429,国证通用航空产业指数,国证通用航空产业指数收益率,华宝基金管理有限公司,长江证券股份有限公司,股票型ETF,主题指数ETF,980076.SZ,28226860.884,9858426,5917645.63,0.6,0.60026272246706,0.1001001
2025-08-13,159231.SZ,华宝国证通用航空产业ETF,20250429,国证通用航空产业指数,国证通用航空产业指数收益率,华宝基金管理有限公司,长江证券股份有限公司,股票型ETF,主题指数ETF,980076.SZ,30215409.952,10314500,6208579.9,0.605,0.60192737408503,0.298408488
2025-08-14,159231.SZ,华宝国证通用航空产业ETF,20250429,国证通用航空产业指数,国证通用航空产业指数收益率,华宝基金管理有限公司,长江证券股份有限公司,股票型ETF,主题指数ETF,980076.SZ,31860105.54,17570800,10441734.6,0.59,0.59426631684385,0.169779287
2025-08-15,159231.SZ,华宝国证通用航空产业ETF,20250429,国证通用航空产业指数,国证通用航空产业指数收益率,华宝基金管理有限公司,长江证券股份有限公司,股票型ETF,主题指数ETF,980076.SZ,32509207.86,8159300,4860931.3,0.601,0.59575347149878,0
2025-08-18,159231.SZ,华宝国证通用航空产业ETF,20250429,国证通用航空产业指数,国证通用航空产业指数收益率,华宝基金管理有限公司,长江证券股份有限公司,股票型ETF,主题指数ETF,980076.SZ,33120445.878,24238400,14762012.7,0.614,0.60903412353951,0.277641679
2025-08-19,159231.SZ,华宝国证通用航空产业ETF,20250429,国证通用航空产业指数,国证通用航空产业指数收益率,华宝基金管理有限公司,长江证券股份有限公司,股票型ETF,主题指数ETF,980076.SZ,31515575.3,11973600,7246113.8,0.605,0.60517419990646,0
2025-08-20,159231.SZ,华宝国证通用航空产业ETF,20250429,国证通用航空产业指数,国证通用航空产业指数收益率,华宝基金管理有限公司,长江证券股份有限公司,股票型ETF,主题指数ETF,980076.SZ,50232009.134,25137714,15286146.67,0.613,0.60809613276689,0.179767936
2025-08-21,159231.SZ,华宝国证通用航空产业ETF,20250429,国证通用航空产业指数,国证通用航空产业指数收益率,华宝基金管理有限公司,长江证券股份有限公司,股票型ETF,主题指数ETF,980076.SZ,66382396.81,18986700,11629990.8,0.609,0.61253355243407,0.082169269
2025-08-22,159231.SZ,华宝国证通用航空产业ETF,20250429,国证通用航空产业指数,国证通用航空产业指数收益率,华宝基金管理有限公司,长江证券股份有限公司,股票型ETF,主题指数ETF,980076.SZ,89236088.898,10542500,6459239.9,0.623,0.61268578610387,0.597448732
2025-08-25,159231.SZ,华宝国证通用航空产业ETF,20250429,国证通用航空产业指数,国证通用航空产业指数收益率,华宝基金管理有限公司,长江证券股份有限公司,股票型ETF,主题指数ETF,980076.SZ,92403101.45,13626600,8556028.5,0.636,0.62789166042887,0.553359684
2025-08-26,159231.SZ,华宝国证通用航空产业ETF,20250429,国证通用航空产业指数,国证通用航空产业指数收益率,华宝基金管理有限公司,长江证券股份有限公司,股票型ETF,主题指数ETF,980076.SZ,94452988.308,12175706,7738379.55,0.639,0.63555900167103,0.188146754
2025-08-27,159231.SZ,华宝国证通用航空产业ETF,20250429,国证通用航空产业指数,国证通用航空产业指数收益率,华宝基金管理有限公司,长江证券股份有限公司,股票型ETF,主题指数ETF,980076.SZ,97491208.316,18342400,11675992.5,0.625,0.63655751155792,0.708991299
2025-08-28,159231.SZ,华宝国证通用航空产业ETF,20250429,国证通用航空产业指数,国证通用航空产业指数收益率,华宝基金管理有限公司,长江证券股份有限公司,股票型ETF,主题指数ETF,980076.SZ,105335457.612,22966824,14416855.08,0.635,0.62772523880533,0.126143173
2025-08-29,159231.SZ,华宝国证通用航空产业ETF,20250429,国证通用航空产业指数,国证通用航空产业指数收益率,华宝基金管理有限公司,长江证券股份有限公司,股票型ETF,主题指数ETF,980076.SZ,111107664.934,12719600,8101325.4,0.642,0.6369166797698,0.015578751
2025-09-01,159231.SZ,华宝国证通用航空产业ETF,20250429,国证通用航空产业指数,国证通用航空产业指数收益率,华宝基金管理有限公司,长江证券股份有限公司,股票型ETF,主题指数ETF,980076.SZ,112559586.216,11649808,7392694.76,0.639,0.63457653207675,0.534927627
2025-09-02,159231.SZ,华宝国证通用航空产业ETF,20250429,国证通用航空产业指数,国证通用航空产业指数收益率,华宝基金管理有限公司,长江证券股份有限公司,股票型ETF,主题指数ETF,980076.SZ,114726047.152,16852902,10519809.55,0.624,0.62421353604264,0.128369705
2025-09-03,159231.SZ,华宝国证通用航空产业ETF,20250429,国证通用航空产业指数,国证通用航空产业指数收益率,华宝基金管理有限公司,长江证券股份有限公司,股票型ETF,主题指数ETF,980076.SZ,113603126.004,16322600,9918597.4,0.593,0.60766038498769,0.270544471
2025-09-04,159231.SZ,华宝国证通用航空产业ETF,20250429,国证通用航空产业指数,国证通用航空产业指数收益率,华宝基金管理有限公司,长江证券股份有限公司,股票型ETF,主题指数ETF,980076.SZ,110911964.384,11398700,6625985.3,0.574,0.58129306850781,-0.069637883
2025-09-05,159231.SZ,华宝国证通用航空产业ETF,20250429,国证通用航空产业指数,国证通用航空产业指数收益率,华宝基金管理有限公司,长江证券股份有限公司,股票型ETF,主题指数ETF,980076.SZ,112075375.89,13148902,7601884.96,0.587,0.5781383844826,0.085251492
2025-09-08,159231.SZ,华宝国证通用航空产业ETF,20250429,国证通用航空产业指数,国证通用航空产业指数收益率,华宝基金管理有限公司,长江证券股份有限公司,股票型ETF,主题指数ETF,980076.SZ,114483133.326,7777300,4593684.1,0.6,0.59065281010119,0.150225338
2025-09-09,159231.SZ,华宝国证通用航空产业ETF,20250429,国证通用航空产业指数,国证通用航空产业指数收益率,华宝基金管理有限公司,长江证券股份有限公司,股票型ETF,主题指数ETF,980076.SZ,111635864.612,6613000,3905336.1,0.585,0.59055437774081,0.136939404
2025-09-10,159231.SZ,华宝国证通用航空产业ETF,20250429,国证通用航空产业指数,国证通用航空产业指数收益率,华宝基金管理有限公司,长江证券股份有限公司,股票型ETF,主题指数ETF,980076.SZ,111922502.402,7082600,4169559.8,0.587,0.5887046847203,0.221956633
2025-09-11,159231.SZ,华宝国证通用航空产业ETF,20250429,国证通用航空产业指数,国证通用航空产业指数收益率,华宝基金管理有限公司,长江证券股份有限公司,股票型ETF,主题指数ETF,980076.SZ,113712950.652,7345400,4338754.7,0.597,0.59067643695374,-0.200601805
2025-09-12,159231.SZ,华宝国证通用航空产业ETF,20250429,国证通用航空产业指数,国证通用航空产业指数收益率,华宝基金管理有限公司,长江证券股份有限公司,股票型ETF,主题指数ETF,980076.SZ,112328458.792,6511600,3907877,0.598,0.60014082560354,0.133958473
2025-09-15,159231.SZ,华宝国证通用航空产业ETF,20250429,国证通用航空产业指数,国证通用航空产业指数收益率,华宝基金管理有限公司,长江证券股份有限公司,股票型ETF,主题指数ETF,980076.SZ,110955388.214,5789300,3436172.1,0.592,0.59353844160779,0.355992541
2025-09-16,159231.SZ,华宝国证通用航空产业ETF,20250429,国证通用航空产业指数,国证通用航空产业指数收益率,华宝基金管理有限公司,长江证券股份有限公司,股票型ETF,主题指数ETF,980076.SZ,111331571.934,7257100,4258483.1,0.592,0.58680231773022,0.016894746
2025-09-17,159231.SZ,华宝国证通用航空产业ETF,20250429,国证通用航空产业指数,国证通用航空产业指数收益率,华宝基金管理有限公司,长江证券股份有限公司,股票型ETF,主题指数ETF,980076.SZ,111226110.77,4454200,2636381.5,0.595,0.59188664631135,0.084104289
2025-09-18,159231.SZ,华宝国证通用航空产业ETF,20250429,国证通用航空产业指数,国证通用航空产业指数收益率,华宝基金管理有限公司,长江证券股份有限公司,股票型ETF,主题指数ETF,980076.SZ,107712147.286,11562854,6871704.72,0.587,0.59429140245133,0.324730815
2025-09-19,159231.SZ,华宝国证通用航空产业ETF,20250429,国证通用航空产业指数,国证通用航空产业指数收益率,华宝基金管理有限公司,长江证券股份有限公司,股票型ETF,主题指数ETF,980076.SZ,108356468.796,9771120,5752354.39,0.59,0.58870982957941,0.237852531
2025-09-22,159231.SZ,华宝国证通用航空产业ETF,20250429,国证通用航空产业指数,国证通用航空产业指数收益率,华宝基金管理有限公司,长江证券股份有限公司,股票型ETF,主题指数ETF,980076.SZ,109360767.978,4783412,2837804.23,0.597,0.59325942026319,-0.050226017
2025-09-23,159231.SZ,华宝国证通用航空产业ETF,20250429,国证通用航空产业指数,国证通用航空产业指数收益率,华宝基金管理有限公司,长江证券股份有限公司,股票型ETF,主题指数ETF,980076.SZ,107689126.004,5527900,3250516.8,0.591,0.58802018849834,-0.067636118
2025-09-24,159231.SZ,华宝国证通用航空产业ETF,20250429,国证通用航空产业指数,国证通用航空产业指数收益率,华宝基金管理有限公司,长江证券股份有限公司,股票型ETF,主题指数ETF,980076.SZ,107994903.904,7788602,4662991.39,0.605,0.59869427016556,-0.230870712
2025-09-25,159231.SZ,华宝国证通用航空产业ETF,20250429,国证通用航空产业指数,国证通用航空产业指数收益率,华宝基金管理有限公司,长江证券股份有限公司,股票型ETF,主题指数ETF,980076.SZ,105619897.628,8427600,5076721.7,0.6,0.60239234182923,0.033344448
2025-09-26,159231.SZ,华宝国证通用航空产业ETF,20250429,国证通用航空产业指数,国证通用航空产业指数收益率,华宝基金管理有限公司,长江证券股份有限公司,股票型ETF,主题指数ETF,980076.SZ,106142748.56,17404806,10400598.06,0.595,0.59757046760533,-0.167785235
2025-09-29,159231.SZ,华宝国证通用航空产业ETF,20250429,国证通用航空产业指数,国证通用航空产业指数收益率,华宝基金管理有限公司,长江证券股份有限公司,股票型ETF,主题指数ETF,980076.SZ,106356458.792,4185400,2483144.6,0.597,0.59328728436947,-0.033489618
2025-09-30,159231.SZ,华宝国证通用航空产业ETF,20250429,国证通用航空产业指数,国证通用航空产业指数收益率,华宝基金管理有限公司,长江证券股份有限公司,股票型ETF,主题指数ETF,980076.SZ,102418370.298,18228506,11025248.11,0.608,0.60483553122785,-0.213359593
2025-10-09,159231.SZ,华宝国证通用航空产业ETF,20250429,国证通用航空产业指数,国证通用航空产业指数收益率,华宝基金管理有限公司,长江证券股份有限公司,股票型ETF,主题指数ETF,980076.SZ,99978259.248,9278200,5680512.6,0.616,0.61224295660796,-0.129701686
2025-10-10,159231.SZ,华宝国证通用航空产业ETF,20250429,国证通用航空产业指数,国证通用航空产业指数收益率,华宝基金管理有限公司,长江证券股份有限公司,股票型ETF,主题指数ETF,980076.SZ,99437107.042,8858100,5419409.62,0.609,0.61180271390027,-0.114810563
2025-10-13,159231.SZ,华宝国证通用航空产业ETF,20250429,国证通用航空产业指数,国证通用航空产业指数收益率,华宝基金管理有限公司,长江证券股份有限公司,股票型ETF,主题指数ETF,980076.SZ,96391565.296,8588812,5192576.1,0.614,0.60457442775555,0.065189048
2025-10-14,159231.SZ,华宝国证通用航空产业ETF,20250429,国证通用航空产业指数,国证通用航空产业指数收益率,华宝基金管理有限公司,长江证券股份有限公司,股票型ETF,主题指数ETF,980076.SZ,93271802.858,6335200,3896076.8,0.605,0.61498876120722,-0.049562201
2025-10-15,159231.SZ,华宝国证通用航空产业ETF,20250429,国证通用航空产业指数,国证通用航空产业指数收益率,华宝基金管理有限公司,长江证券股份有限公司,股票型ETF,主题指数ETF,980076.SZ,93872761.112,6454900,3875470.4,0.61,0.60039201226975,0.131319764
2025-10-16,159231.SZ,华宝国证通用航空产业ETF,20250429,国证通用航空产业指数,国证通用航空产业指数收益率,华宝基金管理有限公司,长江证券股份有限公司,股票型ETF,主题指数ETF,980076.SZ,92620858.792,4839700,2910299.4,0.598,0.60133880199186,0.133958473
2025-10-17,159231.SZ,华宝国证通用航空产业ETF,20250429,国证通用航空产业指数,国证通用航空产业指数收益率,华宝基金管理有限公司,长江证券股份有限公司,股票型ETF,主题指数ETF,980076.SZ,90532038.918,4267402,2507540.3,0.577,0.58760348802386,0.121464515
2025-10-20,159231.SZ,华宝国证通用航空产业ETF,20250429,国证通用航空产业指数,国证通用航空产业指数收益率,华宝基金管理有限公司,长江证券股份有限公司,股票型ETF,主题指数ETF,980076.SZ,92025271.706,2544000,1484893.4,0.583,0.58368451257862,0.15461261
2025-10-21,159231.SZ,华宝国证通用航空产业ETF,20250429,国证通用航空产业指数,国证通用航空产业指数收益率,华宝基金管理有限公司,长江证券股份有限公司,股票型ETF,主题指数ETF,980076.SZ,92894776.936,2800900,1644245.7,0.588,0.58704191509872,0.068073519
2025-10-22,159231.SZ,华宝国证通用航空产业ETF,20250429,国证通用航空产业指数,国证通用航空产业指数收益率,华宝基金管理有限公司,长江证券股份有限公司,股票型ETF,主题指数ETF,980076.SZ,92056890.078,2755600,1608859.4,0.583,0.58385084917985,0.120212949
2025-10-23,159231.SZ,华宝国证通用航空产业ETF,20250429,国证通用航空产业指数,国证通用航空产业指数收益率,华宝基金管理有限公司,长江证券股份有限公司,股票型ETF,主题指数ETF,980076.SZ,91553136.008,4902500,2826259,0.582,0.57649342172361,-0.13726836
2025-10-24,159231.SZ,华宝国证通用航空产业ETF,20250429,国证通用航空产业指数,国证通用航空产业指数收益率,华宝基金管理有限公司,长江证券股份有限公司,股票型ETF,主题指数ETF,980076.SZ,92796610.77,3221500,1910496.4,0.594,0.59304559987583,-0.084104289
2025-10-27,159231.SZ,华宝国证通用航空产业ETF,20250429,国证通用航空产业指数,国证通用航空产业指数收益率,华宝基金管理有限公司,长江证券股份有限公司,股票型ETF,主题指数ETF,980076.SZ,92038826.232,6441200,3858409.9,0.602,0.59902035335031,0.133067199
2025-10-28,159231.SZ,华宝国证通用航空产业ETF,20250429,国证通用航空产业指数,国证通用航空产业指数收益率,华宝基金管理有限公司,长江证券股份有限公司,股票型ETF,主题指数ETF,980076.SZ,91620136.464,4137102,2494780.51,0.602,0.60302610619704,-0.066401062
2025-10-29,159231.SZ,华宝国证通用航空产业ETF,20250429,国证通用航空产业指数,国证通用航空产业指数收益率,华宝基金管理有限公司,长江证券股份有限公司,股票型ETF,主题指数ETF,980076.SZ,91652322.276,2618900,1579923.5,0.606,0.60327752109664,-0.098911968
2025-10-30,159231.SZ,华宝国证通用航空产业ETF,20250429,国证通用航空产业指数,国证通用航空产业指数收益率,华宝基金管理有限公司,长江证券股份有限公司,股票型ETF,主题指数ETF,980076.SZ,89365660.884,4772600,2868460,0.6,0.60102669404517,0.1001001
2025-10-31,159231.SZ,华宝国证通用航空产业ETF,20250429,国证通用航空产业指数,国证通用航空产业指数收益率,华宝基金管理有限公司,长江证券股份有限公司,股票型ETF,主题指数ETF,980076.SZ,88233130.188,2666100,1592043.7,0.595,0.59714328044709,-0.134273246
2025-11-03,159231.SZ,华宝国证通用航空产业ETF,20250429,国证通用航空产业指数,国证通用航空产业指数收益率,华宝基金管理有限公司,长江证券股份有限公司,股票型ETF,主题指数ETF,980076.SZ,88440458.792,1951500,1159694.7,0.596,0.59425810914681,-0.200937709
2025-11-04,159231.SZ,华宝国证通用航空产业ETF,20250429,国证通用航空产业指数,国证通用航空产业指数收益率,华宝基金管理有限公司,长江证券股份有限公司,股票型ETF,主题指数ETF,980076.SZ,87576558.564,2940900,1729616.7,0.588,0.5881249617464,0.102145046
2025-11-05,159231.SZ,华宝国证通用航空产业ETF,20250429,国证通用航空产业指数,国证通用航空产业指数收益率,华宝基金管理有限公司,长江证券股份有限公司,股票型ETF,主题指数ETF,980076.SZ,88284032.052,2582000,1513545.8,0.588,0.58619124709528,-0.03400204
2025-11-06,159231.SZ,华宝国证通用航空产业ETF,20250429,国证通用航空产业指数,国证通用航空产业指数收益率,华宝基金管理有限公司,长江证券股份有限公司,股票型ETF,主题指数ETF,980076.SZ,88629243.33,2232700,1318362.3,0.592,0.59047892685986,0.254022015
2025-11-07,159231.SZ,华宝国证通用航空产业ETF,20250429,国证通用航空产业指数,国证通用航空产业指数收益率,华宝基金管理有限公司,长江证券股份有限公司,股票型ETF,主题指数ETF,980076.SZ,88133940.192,2912900,1708922.2,0.588,0.58667383020358,0.136239782
2025-11-10,159231.SZ,华宝国证通用航空产业ETF,20250429,国证通用航空产业指数,国证通用航空产业指数收益率,华宝基金管理有限公司,长江证券股份有限公司,股票型ETF,主题指数ETF,980076.SZ,88329059.61,2823400,1664396.5,0.589,0.58950077920238,0.084961767
2025-11-11,159231.SZ,华宝国证通用航空产业ETF,20250429,国证通用航空产业指数,国证通用航空产业指数收益率,华宝基金管理有限公司,长江证券股份有限公司,股票型ETF,主题指数ETF,980076.SZ,88630485.076,4835800,2855390,0.586,0.59046900202655,-0.10228435
2025-11-12,159231.SZ,华宝国证通用航空产业ETF,20250429,国证通用航空产业指数,国证通用航空产业指数收益率,华宝基金管理有限公司,长江证券股份有限公司,股票型ETF,主题指数ETF,980076.SZ,88777969.614,6420900,3697783.1,0.582,0.57589794265601,0.362131402
2025-11-13,159231.SZ,华宝国证通用航空产业ETF,20250429,国证通用航空产业指数,国证通用航空产业指数收益率,华宝基金管理有限公司,长江证券股份有限公司,股票型ETF,主题指数ETF,980076.SZ,89130080.892,5107800,2975002.1,0.583,0.58244294999804,0.137409825
2025-11-14,159231.SZ,华宝国证通用航空产业ETF,20250429,国证通用航空产业指数,国证通用航空产业指数收益率,华宝基金管理有限公司,长江证券股份有限公司,股票型ETF,主题指数ETF,980076.SZ,88803138.918,4406000,2560210.3,0.578,0.58107360417612,0.294985251
2025-11-17,159231.SZ,华宝国证通用航空产业ETF,20250429,国证通用航空产业指数,国证通用航空产业指数收益率,华宝基金管理有限公司,长江证券股份有限公司,股票型ETF,主题指数ETF,980076.SZ,89527370.66,3320000,1930203.3,0.581,0.58138653614458,0
2025-11-18,159231.SZ,华宝国证通用航空产业ETF,20250429,国证通用航空产业指数,国证通用航空产业指数收益率,华宝基金管理有限公司,长江证券股份有限公司,股票型ETF,主题指数ETF,980076.SZ,89222107.176,7014000,4015998.8,0.571,0.57256897633305,-0.104968509
2025-11-19,159231.SZ,华宝国证通用航空产业ETF,20250429,国证通用航空产业指数,国证通用航空产业指数收益率,华宝基金管理有限公司,长江证券股份有限公司,股票型ETF,主题指数ETF,980076.SZ,88541942.874,6686400,3815298.1,0.571,0.57060572206269,0.017516202
2025-11-20,159231.SZ,华宝国证通用航空产业ETF,20250429,国证通用航空产业指数,国证通用航空产业指数收益率,华宝基金管理有限公司,长江证券股份有限公司,股票型ETF,主题指数ETF,980076.SZ,88191900.9,4129400,2349793.8,0.566,0.56904000581198,0.17699115
2025-11-21,159231.SZ,华宝国证通用航空产业ETF,20250429,国证通用航空产业指数,国证通用航空产业指数收益率,华宝基金管理有限公司,长江证券股份有限公司,股票型ETF,主题指数ETF,980076.SZ,84721035.324,4610800,2561078.8,0.554,0.5554521558081,0.108420672
2025-11-24,159231.SZ,华宝国证通用航空产业ETF,20250429,国证通用航空产业指数,国证通用航空产业指数收益率,华宝基金管理有限公司,长江证券股份有限公司,股票型ETF,主题指数ETF,980076.SZ,87224681.71,3877700,2197207.4,0.573,0.56662645382572,-0.087183958
2025-11-25,159231.SZ,华宝国证通用航空产业ETF,20250429,国证通用航空产业指数,国证通用航空产业指数收益率,华宝基金管理有限公司,长江证券股份有限公司,股票型ETF,主题指数ETF,980076.SZ,86047663.338,6443800,3709579.6,0.575,0.57568198888854,0.296528868
2025-11-26,159231.SZ,华宝国证通用航空产业ETF,20250429,国证通用航空产业指数,国证通用航空产业指数收益率,华宝基金管理有限公司,长江证券股份有限公司,股票型ETF,主题指数ETF,980076.SZ,86892399.854,6337200,3592254.2,0.564,0.56685195354415,0.017733641
2025-11-27,159231.SZ,华宝国证通用航空产业ETF,20250429,国证通用航空产业指数,国证通用航空产业指数收益率,华宝基金管理有限公司,长江证券股份有限公司,股票型ETF,主题指数ETF,980076.SZ,86649992.76,3847906,2185615.61,0.566,0.5680012999278,0
2025-11-28,159231.SZ,华宝国证通用航空产业ETF,20250429,国证通用航空产业指数,国证通用航空产业指数收益率,华宝基金管理有限公司,长江证券股份有限公司,股票型ETF,主题指数ETF,980076.SZ,86681400.082,6709900,3825814.8,0.573,0.57017463747597,-0.12201499
2025-12-01,159231.SZ,华宝国证通用航空产业ETF,20250429,国证通用航空产业指数,国证通用航空产业指数收益率,华宝基金管理有限公司,长江证券股份有限公司,股票型ETF,主题指数ETF,980076.SZ,87542623.684,5266000,3052414.5,0.579,0.579645746297,-0.069036935
2025-12-02,159231.SZ,华宝国证通用航空产业ETF,20250429,国证通用航空产业指数,国证通用航空产业指数收益率,华宝基金管理有限公司,长江证券股份有限公司,股票型ETF,主题指数ETF,980076.SZ,87164894.034,3375400,1947428.7,0.576,0.57694753214434,-0.15600624
2025-12-03,159231.SZ,华宝国证通用航空产业ETF,20250429,国证通用航空产业指数,国证通用航空产业指数收益率,华宝基金管理有限公司,长江证券股份有限公司,股票型ETF,主题指数ETF,980076.SZ,86357758.108,4526504,2577581.97,0.567,0.56944210587243,-0.140894681
2025-12-04,159231.SZ,华宝国证通用航空产业ETF,20250429,国证通用航空产业指数,国证通用航空产业指数收益率,华宝基金管理有限公司,长江证券股份有限公司,股票型ETF,主题指数ETF,980076.SZ,86545417.408,5279400,3013192.6,0.573,0.57074527408418,0.034916201
2025-12-05,159231.SZ,华宝国证通用航空产业ETF,20250429,国证通用航空产业指数,国证通用航空产业指数收益率,华宝基金管理有限公司,长江证券股份有限公司,股票型ETF,主题指数ETF,980076.SZ,88299041.238,5419200,3146999.6,0.588,0.58071294656038,-0.050994391
2025-12-08,159231.SZ,华宝国证通用航空产业ETF,20250429,国证通用航空产业指数,国证通用航空产业指数收益率,华宝基金管理有限公司,长江证券股份有限公司,股票型ETF,主题指数ETF,980076.SZ,88929427.05,7507200,4493032.3,0.593,0.59849641677323,0.084388186
2025-12-09,159231.SZ,华宝国证通用航空产业ETF,20250429,国证通用航空产业指数,国证通用航空产业指数收益率,华宝基金管理有限公司,长江证券股份有限公司,股票型ETF,主题指数ETF,980076.SZ,86740069.842,6848800,4052742.2,0.59,0.5917448604135,0.050873325
2025-12-10,159231.SZ,华宝国证通用航空产业ETF,20250429,国证通用航空产业指数,国证通用航空产业指数收益率,华宝基金管理有限公司,长江证券股份有限公司,股票型ETF,主题指数ETF,980076.SZ,87093090.306,4195400,2473220.2,0.591,0.58950760356581,-0.185779429
2025-12-11,159231.SZ,华宝国证通用航空产业ETF,20250429,国证通用航空产业指数,国证通用航空产业指数收益率,华宝基金管理有限公司,长江证券股份有限公司,股票型ETF,主题指数ETF,980076.SZ,86121151.47,5700400,3386166.4,0.59,0.59402259490562,0.084817642
2025-12-12,159231.SZ,华宝国证通用航空产业ETF,20250429,国证通用航空产业指数,国证通用航空产业指数收益率,华宝基金管理有限公司,长江证券股份有限公司,股票型ETF,主题指数ETF,980076.SZ,87786598.674,7674400,4585205.3,0.6,0.5974675935578,-0.149775337
2025-12-15,159231.SZ,华宝国证通用航空产业ETF,20250429,国证通用航空产业指数,国证通用航空产业指数收益率,华宝基金管理有限公司,长江证券股份有限公司,股票型ETF,主题指数ETF,980076.SZ,85912352.744,7461714,4491141.63,0.601,0.60189141931733,0.099933378
2025-12-16,159231.SZ,华宝国证通用航空产业ETF,20250429,国证通用航空产业指数,国证通用航空产业指数收益率,华宝基金管理有限公司,长江证券股份有限公司,股票型ETF,主题指数ETF,980076.SZ,84374146.468,5373800,3170178.8,0.594,0.58993241281775,0.033681374
2025-12-17,159231.SZ,华宝国证通用航空产业ETF,20250429,国证通用航空产业指数,国证通用航空产业指数收益率,华宝基金管理有限公司,长江证券股份有限公司,股票型ETF,主题指数ETF,980076.SZ,84138013.68,5518000,3214306.5,0.59,0.58251295759333,0.340136054
2025-12-18,159231.SZ,华宝国证通用航空产业ETF,20250429,国证通用航空产业指数,国证通用航空产业指数收益率,华宝基金管理有限公司,长江证券股份有限公司,股票型ETF,主题指数ETF,980076.SZ,86253387.396,7443200,4456469.1,0.602,0.598730263865,0.567991981
2025-12-19,159231.SZ,华宝国证通用航空产业ETF,20250429,国证通用航空产业指数,国证通用航空产业指数收益率,华宝基金管理有限公司,长江证券股份有限公司,股票型ETF,主题指数ETF,980076.SZ,85459339.602,7015700,4250576.5,0.605,0.60586634263153,-0.115568763
2025-12-22,159231.SZ,华宝国证通用航空产业ETF,20250429,国证通用航空产业指数,国证通用航空产业指数收益率,华宝基金管理有限公司,长江证券股份有限公司,股票型ETF,主题指数ETF,980076.SZ,83904614.136,7936800,4828780.9,0.609,0.60840400413265,0.230414747
2025-12-23,159231.SZ,华宝国证通用航空产业ETF,20250429,国证通用航空产业指数,国证通用航空产业指数收益率,华宝基金管理有限公司,长江证券股份有限公司,股票型ETF,主题指数ETF,980076.SZ,82990417.864,7598200,4542973.6,0.593,0.59790129241136,0.101282917
2025-12-24,159231.SZ,华宝国证通用航空产业ETF,20250429,国证通用航空产业指数,国证通用航空产业指数收益率,华宝基金管理有限公司,长江证券股份有限公司,股票型ETF,主题指数ETF,980076.SZ,82595163.204,9919700,5969734.7,0.61,0.6018059719548,-0.228982663
2025-12-25,159231.SZ,华宝国证通用航空产业ETF,20250429,国证通用航空产业指数,国证通用航空产业指数收益率,华宝基金管理有限公司,长江证券股份有限公司,股票型ETF,主题指数ETF,980076.SZ,86573509.59,20339200,12698755.2,0.632,0.62434880427942,0.079176564
2025-12-26,159231.SZ,华宝国证通用航空产业ETF,20250429,国证通用航空产业指数,国证通用航空产业指数收益率,华宝基金管理有限公司,长江证券股份有限公司,股票型ETF,主题指数ETF,980076.SZ,83245781.214,13401000,8557354,0.641,0.63856085366764,0.17190186
2025-12-29,159231.SZ,华宝国证通用航空产业ETF,20250429,国证通用航空产业指数,国证通用航空产业指数收益率,华宝基金管理有限公司,长江证券股份有限公司,股票型ETF,主题指数ETF,980076.SZ,80610072.256,15612800,10084067.7,0.652,0.64588463952654,0.369458128
2025-12-30,159231.SZ,华宝国证通用航空产业ETF,20250429,国证通用航空产业指数,国证通用航空产业指数收益率,华宝基金管理有限公司,长江证券股份有限公司,股票型ETF,主题指数ETF,980076.SZ,82824196.676,14877700,9660037.7,0.647,0.64929644367073,0.061862048
2025-12-31,159231.SZ,华宝国证通用航空产业ETF,20250429,国证通用航空产业指数,国证通用航空产业指数收益率,华宝基金管理有限公司,长江证券股份有限公司,股票型ETF,主题指数ETF,980076.SZ,86498077.714,9050200,5967017.1,0.668,0.6593243353738,0.466235524
2026-01-05,159231.SZ,华宝国证通用航空产业ETF,20250429,国证通用航空产业指数,国证通用航空产业指数收益率,华宝基金管理有限公司,长江证券股份有限公司,股票型ETF,主题指数ETF,980076.SZ,92770061.662,18098800,12201444.1,0.678,0.67415762923509,0.192108763
2026-01-06,159231.SZ,华宝国证通用航空产业ETF,20250429,国证通用航空产业指数,国证通用航空产业指数收益率,华宝基金管理有限公司,长江证券股份有限公司,股票型ETF,主题指数ETF,980076.SZ,110648492.814,29853600,20424400.3,0.703,0.68415200511831,0.442920417
2026-01-07,159231.SZ,华宝国证通用航空产业ETF,20250429,国证通用航空产业指数,国证通用航空产业指数收益率,华宝基金管理有限公司,长江证券股份有限公司,股票型ETF,主题指数ETF,980076.SZ,112957422.236,25102800,17419428.7,0.695,0.69392373360741,0.346520358
2026-01-08,159231.SZ,华宝国证通用航空产业ETF,20250429,国证通用航空产业指数,国证通用航空产业指数收益率,华宝基金管理有限公司,长江证券股份有限公司,股票型ETF,主题指数ETF,980076.SZ,127736358.618,28366300,19971887.2,0.726,0.70407092923645,0.651601275
2026-01-09,159231.SZ,华宝国证通用航空产业ETF,20250429,国证通用航空产业指数,国证通用航空产业指数收益率,华宝基金管理有限公司,长江证券股份有限公司,股票型ETF,主题指数ETF,980076.SZ,147281297.91,33833300,25074604.1,0.746,0.74112203361777,0.336247478
2026-01-12,159231.SZ,华宝国证通用航空产业ETF,20250429,国证通用航空产业指数,国证通用航空产业指数收益率,华宝基金管理有限公司,长江证券股份有限公司,股票型ETF,主题指数ETF,980076.SZ,186524394.048,55471700,43498971.1,0.811,0.78416509859983,1.782128514
2026-01-13,159231.SZ,华宝国证通用航空产业ETF,20250429,国证通用航空产业指数,国证通用航空产业指数收益率,华宝基金管理有限公司,长江证券股份有限公司,股票型ETF,主题指数ETF,980076.SZ,211357317.556,71263700,54305880.6,0.752,0.76204127206418,-0.344553406
2026-01-14,159231.SZ,华宝国证通用航空产业ETF,20250429,国证通用航空产业指数,国证通用航空产业指数收益率,华宝基金管理有限公司,长江证券股份有限公司,股票型ETF,主题指数ETF,980076.SZ,218690530.926,44981100,34205544.8,0.759,0.76044260367132,-0.013173495
2026-01-15,159231.SZ,华宝国证通用航空产业ETF,20250429,国证通用航空产业指数,国证通用航空产业指数收益率,华宝基金管理有限公司,长江证券股份有限公司,股票型ETF,主题指数ETF,980076.SZ,213304544.658,23712400,17475846.1,0.732,0.73699187345018,-0.44879641
2026-01-16,159231.SZ,华宝国证通用航空产业ETF,20250429,国证通用航空产业指数,国证通用航空产业指数收益率,华宝基金管理有限公司,长江证券股份有限公司,股票型ETF,主题指数ETF,980076.SZ,210105393.498,16217200,11817978.3,0.727,0.72873111881213,-0.315370904
2026-01-19,159231.SZ,华宝国证通用航空产业ETF,20250429,国证通用航空产业指数,国证通用航空产业指数收益率,华宝基金管理有限公司,长江证券股份有限公司,股票型ETF,主题指数ETF,980076.SZ,209453206.05,25808800,18970821.1,0.743,0.73505242785407,0.067340067
2026-01-20,159231.SZ,华宝国证通用航空产业ETF,20250429,国证通用航空产业指数,国证通用航空产业指数收益率,华宝基金管理有限公司,长江证券股份有限公司,股票型ETF,主题指数ETF,980076.SZ,200750774.898,20827700,15149531.5,0.72,0.72737419398205,0.097316836
2026-01-21,159231.SZ,华宝国证通用航空产业ETF,20250429,国证通用航空产业指数,国证通用航空产业指数收益率,华宝基金管理有限公司,长江证券股份有限公司,股票型ETF,主题指数ETF,980076.SZ,200825863.62,11445754,8253246.78,0.718,0.72107497505188,0.139470014
2026-01-22,159231.SZ,华宝国证通用航空产业ETF,20250429,国证通用航空产业指数,国证通用航空产业指数收益率,华宝基金管理有限公司,长江证券股份有限公司,股票型ETF,主题指数ETF,980076.SZ,201594563.03,17683300,12856954,0.736,0.72706757222917,0.067980965
2026-01-23,159231.SZ,华宝国证通用航空产业ETF,20250429,国证通用航空产业指数,国证通用航空产业指数收益率,华宝基金管理有限公司,长江证券股份有限公司,股票型ETF,主题指数ETF,980076.SZ,210658089.18,17175400,12886809.9,0.763,0.75030624614274,0
2026-01-26,159231.SZ,华宝国证通用航空产业ETF,20250429,国证通用航空产业指数,国证通用航空产业指数收益率,华宝基金管理有限公司,长江证券股份有限公司,股票型ETF,主题指数ETF,980076.SZ,206165462.802,22733900,16782496.9,0.726,0.73821460022258,0.041339396
2026-01-27,159231.SZ,华宝国证通用航空产业ETF,20250429,国证通用航空产业指数,国证通用航空产业指数收益率,华宝基金管理有限公司,长江证券股份有限公司,股票型ETF,主题指数ETF,980076.SZ,214658307.914,24514120,17776737.88,0.735,0.72516320716387,0.013607294
2026-01-28,159231.SZ,华宝国证通用航空产业ETF,20250429,国证通用航空产业指数,国证通用航空产业指数收益率,华宝基金管理有限公司,长江证券股份有限公司,股票型ETF,主题指数ETF,980076.SZ,211657911.642,11286002,8148975.04,0.721,0.72204267197543,0.180630818
2026-01-29,159231.SZ,华宝国证通用航空产业ETF,20250429,国证通用航空产业指数,国证通用航空产业指数收益率,华宝基金管理有限公司,长江证券股份有限公司,股票型ETF,主题指数ETF,980076.SZ,211496174.67,12101100,8674127.9,0.71,0.71680491029741,0.070472163
2026-01-30,159231.SZ,华宝国证通用航空产业ETF,20250429,国证通用航空产业指数,国证通用航空产业指数收益率,华宝基金管理有限公司,长江证券股份有限公司,股票型ETF,主题指数ETF,980076.SZ,210104888.63,12834700,8917465.7,0.699,0.69479346615036,0.503235083
2026-02-02,159231.SZ,华宝国证通用航空产业ETF,20250429,国证通用航空产业指数,国证通用航空产业指数收益率,华宝基金管理有限公司,长江证券股份有限公司,股票型ETF,主题指数ETF,980076.SZ,205374757.706,7361400,5095272.2,0.684,0.69216075746461,0.278551532
2026-02-03,159231.SZ,华宝国证通用航空产业ETF,20250429,国证通用航空产业指数,国证通用航空产业指数收益率,华宝基金管理有限公司,长江证券股份有限公司,股票型ETF,主题指数ETF,980076.SZ,209751473.624,10921800,7614220.8,0.708,0.69715805087074,-0.056465274
2026-02-04,159231.SZ,华宝国证通用航空产业ETF,20250429,国证通用航空产业指数,国证通用航空产业指数收益率,华宝基金管理有限公司,长江证券股份有限公司,股票型ETF,主题指数ETF,980076.SZ,209692255.252,9454100,6681182.6,0.709,0.70669684052422,0.11296244
2026-02-05,159231.SZ,华宝国证通用航空产业ETF,20250429,国证通用航空产业指数,国证通用航空产业指数收益率,华宝基金管理有限公司,长江证券股份有限公司,股票型ETF,主题指数ETF,980076.SZ,207826876.534,4467100,3143511,0.703,0.70370284972353,0.156717481
2026-02-06,159231.SZ,华宝国证通用航空产业ETF,20250429,国证通用航空产业指数,国证通用航空产业指数收益率,华宝基金管理有限公司,长江证券股份有限公司,股票型ETF,主题指数ETF,980076.SZ,206732293.632,6112700,4249179.3,0.692,0.69513951281758,0.115740741
2026-02-09,159231.SZ,华宝国证通用航空产业ETF,20250429,国证通用航空产业指数,国证通用航空产业指数收益率,华宝基金管理有限公司,长江证券股份有限公司,股票型ETF,主题指数ETF,980076.SZ,211547140.836,6992700,4901295.2,0.703,0.70091598381169,0.056931398
2026-02-10,159231.SZ,华宝国证通用航空产业ETF,20250429,国证通用航空产业指数,国证通用航空产业指数收益率,华宝基金管理有限公司,长江证券股份有限公司,股票型ETF,主题指数ETF,980076.SZ,208902775.488,8261300,5762678.4,0.702,0.6975510391827,0.171232877
2026-02-11,159231.SZ,华宝国证通用航空产业ETF,20250429,国证通用航空产业指数,国证通用航空产业指数收益率,华宝基金管理有限公司,长江证券股份有限公司,股票型ETF,主题指数ETF,980076.SZ,210709461.072,12647000,8860609,0.696,0.70060955167233,0.115074799
2026-02-12,159231.SZ,华宝国证通用航空产业ETF,20250429,国证通用航空产业指数,国证通用航空产业指数收益率,华宝基金管理有限公司,长江证券股份有限公司,股票型ETF,主题指数ETF,980076.SZ,211224717.234,4175100,2905790.9,0.698,0.69598115015209,0.157841871
2026-02-13,159231.SZ,华宝国证通用航空产业ETF,20250429,国证通用航空产业指数,国证通用航空产业指数收益率,华宝基金管理有限公司,长江证券股份有限公司,股票型ETF,主题指数ETF,980076.SZ,210678863.164,10481600,7342907.1,0.701,0.70055211990536,0.51620304
2026-02-24,159231.SZ,华宝国证通用航空产业ETF,20250429,国证通用航空产业指数,国证通用航空产业指数收益率,华宝基金管理有限公司,长江证券股份有限公司,股票型ETF,主题指数ETF,980076.SZ,210484430.604,7222600,5085561.4,0.703,0.7041178246061,0.228115198
2026-02-25,159231.SZ,华宝国证通用航空产业ETF,20250429,国证通用航空产业指数,国证通用航空产业指数收益率,华宝基金管理有限公司,长江证券股份有限公司,股票型ETF,主题指数ETF,980076.SZ,213760200.136,17593800,12396054.7,0.707,0.70456949038866,-0.084793669
2026-02-26,159231.SZ,华宝国证通用航空产业ETF,20250429,国证通用航空产业指数,国证通用航空产业指数收益率,华宝基金管理有限公司,长江证券股份有限公司,股票型ETF,主题指数ETF,980076.SZ,212688062.574,15225200,10802753.6,0.716,0.70953114573208,0.013968431
2026-02-27,159231.SZ,华宝国证通用航空产业ETF,20250429,国证通用航空产业指数,国证通用航空产业指数收益率,华宝基金管理有限公司,长江证券股份有限公司,股票型ETF,主题指数ETF,980076.SZ,214325606.412,12702400,9071211.5,0.715,0.71413366765336,0.112013442
2026-03-02,159231.SZ,华宝国证通用航空产业ETF,20250429,国证通用航空产业指数,国证通用航空产业指数收益率,华宝基金管理有限公司,长江证券股份有限公司,股票型ETF,主题指数ETF,980076.SZ,223205204.776,20412100,14863129.1,0.733,0.7281528652123,0.1913614
2026-03-03,159231.SZ,华宝国证通用航空产业ETF,20250429,国证通用航空产业指数,国证通用航空产业指数收益率,华宝基金管理有限公司,长江证券股份有限公司,股票型ETF,主题指数ETF,980076.SZ,210426740.38,18648326,12987497.67,0.684,0.69644308395295,0.146412884
2026-03-04,159231.SZ,华宝国证通用航空产业ETF,20250429,国证通用航空产业指数,国证通用航空产业指数收益率,华宝基金管理有限公司,长江证券股份有限公司,股票型ETF,主题指数ETF,980076.SZ,214740026.42,14262000,9934060,0.697,0.69654045715888,0
2026-03-05,159231.SZ,华宝国证通用航空产业ETF,20250429,国证通用航空产业指数,国证通用航空产业指数收益率,华宝基金管理有限公司,长江证券股份有限公司,股票型ETF,主题指数ETF,980076.SZ,213930412.232,9948200,6951825.6,0.701,0.69880235620514,-0.028522533
2026-03-06,159231.SZ,华宝国证通用航空产业ETF,20250429,国证通用航空产业指数,国证通用航空产业指数收益率,华宝基金管理有限公司,长江证券股份有限公司,股票型ETF,主题指数ETF,980076.SZ,219702494.088,10919900,7772498.6,0.712,0.71177378913726,0.16882386
2026-03-09,159231.SZ,华宝国证通用航空产业ETF,20250429,国证通用航空产业指数,国证通用航空产业指数收益率,华宝基金管理有限公司,长江证券股份有限公司,股票型ETF,主题指数ETF,980076.SZ,217693396.998,11840400,8290804.1,0.704,0.7002131769197,-0.042595485
2026-03-10,159231.SZ,华宝国证通用航空产业ETF,20250429,国证通用航空产业指数,国证通用航空产业指数收益率,华宝基金管理有限公司,长江证券股份有限公司,股票型ETF,主题指数ETF,980076.SZ,219733403.274,9150400,6501599.5,0.711,0.71052626114705,0.014066676
2026-03-11,159231.SZ,华宝国证通用航空产业ETF,20250429,国证通用航空产业指数,国证通用航空产业指数收益率,华宝基金管理有限公司,长江证券股份有限公司,股票型ETF,主题指数ETF,980076.SZ,216457029.558,8103000,5710270.2,0.701,0.70471062569419,0.099957161
2026-03-12,159231.SZ,华宝国证通用航空产业ETF,20250429,国证通用航空产业指数,国证通用航空产业指数收益率,华宝基金管理有限公司,长江证券股份有限公司,股票型ETF,主题指数ETF,980076.SZ,213129033.286,13177200,9051864.6,0.685,0.68693384026956,-0.014596409
2026-03-13,159231.SZ,华宝国证通用航空产业ETF,20250429,国证通用航空产业指数,国证通用航空产业指数收益率,华宝基金管理有限公司,长江证券股份有限公司,股票型ETF,主题指数ETF,980076.SZ,209427145.154,15168102,10259237.65,0.67,0.67636924184713,0.164449096
2026-03-16,159231.SZ,华宝国证通用航空产业ETF,20250429,国证通用航空产业指数,国证通用航空产业指数收益率,华宝基金管理有限公司,长江证券股份有限公司,股票型ETF,主题指数ETF,980076.SZ,207637509.456,9613600,6400754.5,0.67,0.66580204085878,0.059737157
2026-03-17,159231.SZ,华宝国证通用航空产业ETF,20250429,国证通用航空产业指数,国证通用航空产业指数收益率,华宝基金管理有限公司,长江证券股份有限公司,股票型ETF,主题指数ETF,980076.SZ,202365947.836,12131600,8028929.4,0.653,0.66181949619176,0.061293288
2026-03-18,159231.SZ,华宝国证通用航空产业ETF,20250429,国证通用航空产业指数,国证通用航空产业指数收益率,华宝基金管理有限公司,长江证券股份有限公司,股票型ETF,主题指数ETF,980076.SZ,205360631.784,9492800,6227271.4,0.664,0.65599943114782,-0.060204696
2026-03-19,159231.SZ,华宝国证通用航空产业ETF,20250429,国证通用航空产业指数,国证通用航空产业指数收益率,华宝基金管理有限公司,长江证券股份有限公司,股票型ETF,主题指数ETF,980076.SZ,200660228.418,9454700,6171628.3,0.65,0.6527577078067,-0.199600798
2026-03-20,159231.SZ,华宝国证通用航空产业ETF,20250429,国证通用航空产业指数,国证通用航空产业指数收益率,华宝基金管理有限公司,长江证券股份有限公司,股票型ETF,主题指数ETF,980076.SZ,195022147.38,9460600,6080994.1,0.631,0.64277044796313,-0.315955766
2026-03-23,159231.SZ,华宝国证通用航空产业ETF,20250429,国证通用航空产业指数,国证通用航空产业指数收益率,华宝基金管理有限公司,长江证券股份有限公司,股票型ETF,主题指数ETF,980076.SZ,183610665.068,11240100,6906782.5,0.601,0.61447696194874,-0.463729712
2026-03-24,159231.SZ,华宝国证通用航空产业ETF,20250429,国证通用航空产业指数,国证通用航空产业指数收益率,华宝基金管理有限公司,长江证券股份有限公司,股票型ETF,主题指数ETF,980076.SZ,182747895.992,11704500,7145634.3,0.616,0.61050316544919,-0.194426442
2026-03-25,159231.SZ,华宝国证通用航空产业ETF,20250429,国证通用航空产业指数,国证通用航空产业指数收益率,华宝基金管理有限公司,长江证券股份有限公司,股票型ETF,主题指数ETF,980076.SZ,185022596.22,9622900,6003626.7,0.628,0.62388954473184,0.159489633
2026-03-26,159231.SZ,华宝国证通用航空产业ETF,20250429,国证通用航空产业指数,国证通用航空产业指数收益率,华宝基金管理有限公司,长江证券股份有限公司,股票型ETF,主题指数ETF,980076.SZ,182978876.574,11284700,6959246.3,0.618,0.61669750192739,0.340964442
2026-03-27,159231.SZ,华宝国证通用航空产业ETF,20250429,国证通用航空产业指数,国证通用航空产业指数收益率,华宝基金管理有限公司,长江证券股份有限公司,股票型ETF,主题指数ETF,980076.SZ,183483932.736,6422300,3955498.8,0.617,0.61590065864254,-0.097150259
2026-03-30,159231.SZ,华宝国证通用航空产业ETF,20250429,国证通用航空产业指数,国证通用航空产业指数收益率,华宝基金管理有限公司,长江证券股份有限公司,股票型ETF,主题指数ETF,980076.SZ,185170142.15,9492300,5887211.9,0.626,0.62020921167683,-0.239043825
2026-03-31,159231.SZ,华宝国证通用航空产业ETF,20250429,国证通用航空产业指数,国证通用航空产业指数收益率,华宝基金管理有限公司,长江证券股份有限公司,股票型ETF,主题指数ETF,980076.SZ,182983955.292,10692600,6732583.8,0.624,0.62964889736827,0.289296046
2026-04-01,159231.SZ,华宝国证通用航空产业ETF,20250429,国证通用航空产业指数,国证通用航空产业指数收益率,华宝基金管理有限公司,长江证券股份有限公司,股票型ETF,主题指数ETF,980076.SZ,184875050.29,10439200,6524751,0.627,0.62502404398805,0.07980846
2026-04-02,159231.SZ,华宝国证通用航空产业ETF,20250429,国证通用航空产业指数,国证通用航空产业指数收益率,华宝基金管理有限公司,长江证券股份有限公司,股票型ETF,主题指数ETF,980076.SZ,182333367.388,8733500,5400669.9,0.615,0.6183855155436,-0.129912309
2026-04-03,159231.SZ,华宝国证通用航空产业ETF,20250429,国证通用航空产业指数,国证通用航空产业指数收益率,华宝基金管理有限公司,长江证券股份有限公司,股票型ETF,主题指数ETF,980076.SZ,181279576.346,8642300,5279265.7,0.607,0.61086350855675,0.148490348
2026-04-07,159231.SZ,华宝国证通用航空产业ETF,20250429,国证通用航空产业指数,国证通用航空产业指数收益率,华宝基金管理有限公司,长江证券股份有限公司,股票型ETF,主题指数ETF,980076.SZ,180561755.882,8051000,4864308.7,0.603,0.60418689603776,-0.115951632
2026-04-08,159231.SZ,华宝国证通用航空产业ETF,20250429,国证通用航空产业指数,国证通用航空产业指数收益率,华宝基金管理有限公司,长江证券股份有限公司,股票型ETF,主题指数ETF,980076.SZ,189295238.194,11278700,7058353.5,0.634,0.62581268231268,0.173803128
2026-04-09,159231.SZ,华宝国证通用航空产业ETF,20250429,国证通用航空产业指数,国证通用航空产业指数收益率,华宝基金管理有限公司,长江证券股份有限公司,股票型ETF,主题指数ETF,980076.SZ,185591992.036,9342700,5854619.6,0.623,0.62665178160489,0.064246707
2026-04-10,159231.SZ,华宝国证通用航空产业ETF,20250429,国证通用航空产业指数,国证通用航空产业指数收益率,华宝基金管理有限公司,长江证券股份有限公司,股票型ETF,主题指数ETF,980076.SZ,187589207.498,15282000,9671129.9,0.629,0.63284451642455,-0.047672017
2026-04-13,159231.SZ,华宝国证通用航空产业ETF,20250429,国证通用航空产业指数,国证通用航空产业指数收益率,华宝基金管理有限公司,长江证券股份有限公司,股票型ETF,主题指数ETF,980076.SZ,189508009.59,15446300,9739816.1,0.632,0.63055981691408,0.079176564
2026-04-14,159231.SZ,华宝国证通用航空产业ETF,20250429,国证通用航空产业指数,国证通用航空产业指数收益率,华宝基金管理有限公司,长江证券股份有限公司,股票型ETF,主题指数ETF,980076.SZ,191068077.258,15048300,9620815.9,0.647,0.63932908700651,0.26344336
2026-04-15,159231.SZ,华宝国证通用航空产业ETF,20250429,国证通用航空产业指数,国证通用航空产业指数收益率,华宝基金管理有限公司,长江证券股份有限公司,股票型ETF,主题指数ETF,980076.SZ,191897134.466,14601504,9526332.02,0.648,0.65242128619079,-0.015429718
2026-04-16,159231.SZ,华宝国证通用航空产业ETF,20250429,国证通用航空产业指数,国证通用航空产业指数收益率,华宝基金管理有限公司,长江证券股份有限公司,股票型ETF,主题指数ETF,980076.SZ,192894850.974,15286700,9976374.8,0.657,0.652617948936,0.167708492
2026-04-17,159231.SZ,华宝国证通用航空产业ETF,20250429,国证通用航空产业指数,国证通用航空产业指数收益率,华宝基金管理有限公司,长江证券股份有限公司,股票型ETF,主题指数ETF,980076.SZ,203786158.296,21465700,14080002.4,0.664,0.65593027015192,0.060277275
2026-04-20,159231.SZ,华宝国证通用航空产业ETF,20250429,国证通用航空产业指数,国证通用航空产业指数收益率,华宝基金管理有限公司,长江证券股份有限公司,股票型ETF,主题指数ETF,980076.SZ,209872175.032,15866600,10727327.3,0.683,0.67609489745755,0.264239577
2026-04-21,159231.SZ,华宝国证通用航空产业ETF,20250429,国证通用航空产业指数,国证通用航空产业指数收益率,华宝基金管理有限公司,长江证券股份有限公司,股票型ETF,主题指数ETF,980076.SZ,209872175.032,15437900,10491880.7,0.683,0.67961838721588,0.264239577
2026-04-22,159231.SZ,华宝国证通用航空产业ETF,20250429,国证通用航空产业指数,国证通用航空产业指数收益率,华宝基金管理有限公司,长江证券股份有限公司,股票型ETF,主题指数ETF,980076.SZ,212996392.358,15934400,10786218.9,0.681,0.67691402876795,0.102895781
2026-04-23,159231.SZ,华宝国证通用航空产业ETF,20250429,国证通用航空产业指数,国证通用航空产业指数收益率,华宝基金管理有限公司,长江证券股份有限公司,股票型ETF,主题指数ETF,980076.SZ,215005683.172,20303300,13863368.3,0.681,0.68281354755138,0.117612467
2026-04-24,159231.SZ,华宝国证通用航空产业ETF,20250429,国证通用航空产业指数,国证通用航空产业指数收益率,华宝基金管理有限公司,长江证券股份有限公司,股票型ETF,主题指数ETF,980076.SZ,209534301.088,19527600,12976444.2,0.662,0.6645181281878,0.181598063
2026-04-27,159231.SZ,华宝国证通用航空产业ETF,20250429,国证通用航空产业指数,国证通用航空产业指数收益率,华宝基金管理有限公司,长江证券股份有限公司,股票型ETF,主题指数ETF,980076.SZ,210545002.134,12970700,8534960.8,0.662,0.65801851866129,0.015108022
2026-04-28,159231.SZ,华宝国证通用航空产业ETF,20250429,国证通用航空产业指数,国证通用航空产业指数收益率,华宝基金管理有限公司,长江证券股份有限公司,股票型ETF,主题指数ETF,980076.SZ,202541047.608,21758300,14156244,0.644,0.65061351300423,0.186683261
2026-04-29,159231.SZ,华宝国证通用航空产业ETF,20250429,国证通用航空产业指数,国证通用航空产业指数收益率,华宝基金管理有限公司,长江证券股份有限公司,股票型ETF,主题指数ETF,980076.SZ,203328777.258,14626500,9420504.4,0.646,0.64407099442792,0.108476678
2026-04-30,159231.SZ,华宝国证通用航空产业ETF,20250429,国证通用航空产业指数,国证通用航空产业指数收益率,华宝基金管理有限公司,长江证券股份有限公司,股票型ETF,主题指数ETF,980076.SZ,205124800.86,17952500,11650321.3,0.653,0.64895258599081,0.307219662
2026-05-06,159231.SZ,华宝国证通用航空产业ETF,20250429,国证通用航空产业指数,国证通用航空产业指数收益率,华宝基金管理有限公司,长江证券股份有限公司,股票型ETF,主题指数ETF,980076.SZ,210355325.736,16975000,11322880.6,0.666,0.66703273048601,-0.23966447
2026-05-07,159231.SZ,华宝国证通用航空产业ETF,20250429,国证通用航空产业指数,国证通用航空产业指数收益率,华宝基金管理有限公司,长江证券股份有限公司,股票型ETF,主题指数ETF,980076.SZ,210535773.758,19528900,13030129.8,0.671,0.66722292602246,0.104430852
2026-05-08,159231.SZ,华宝国证通用航空产业ETF,20250429,国证通用航空产业指数,国证通用航空产业指数收益率,华宝基金管理有限公司,长江证券股份有限公司,股票型ETF,主题指数ETF,980076.SZ,215438508.866,15272600,10380713.4,0.688,0.67969523198408,-0.014532771
2026-05-11,159231.SZ,华宝国证通用航空产业ETF,20250429,国证通用航空产业指数,国证通用航空产业指数收益率,华宝基金管理有限公司,长江证券股份有限公司,股票型ETF,主题指数ETF,980076.SZ,213560263.982,15403900,10620821.2,0.689,0.68948910340888,0.043560331
2026-05-12,159231.SZ,华宝国证通用航空产业ETF,20250429,国证通用航空产业指数,国证通用航空产业指数收益率,华宝基金管理有限公司,长江证券股份有限公司,股票型ETF,主题指数ETF,980076.SZ,211243077.942,14478900,9782322.3,0.675,0.67562606965999,0.044464206
2026-05-13,159231.SZ,华宝国证通用航空产业ETF,20250429,国证通用航空产业指数,国证通用航空产业指数收益率,华宝基金管理有限公司,长江证券股份有限公司,股票型ETF,主题指数ETF,980076.SZ,213841740.38,15856100,10764056.2,0.683,0.67885900063698,0
2026-05-14,159231.SZ,华宝国证通用航空产业ETF,20250429,国证通用航空产业指数,国证通用航空产业指数收益率,华宝基金管理有限公司,长江证券股份有限公司,股票型ETF,主题指数ETF,980076.SZ,207060984.58,17135800,11400536.5,0.655,0.66530517979902,0.306278714
2026-05-15,159231.SZ,华宝国证通用航空产业ETF,20250429,国证通用航空产业指数,国证通用航空产业指数收益率,华宝基金管理有限公司,长江证券股份有限公司,股票型ETF,主题指数ETF,980076.SZ,204218790.4,13528500,8739532.7,0.639,0.64600899582363,-0.15625
2026-05-18,159231.SZ,华宝国证通用航空产业ETF,20250429,国证通用航空产业指数,国证通用航空产业指数收益率,华宝基金管理有限公司,长江证券股份有限公司,股票型ETF,主题指数ETF,980076.SZ,205916209.818,10994700,7054938.1,0.643,0.64166717600298,0.265086543
2026-05-19,159231.SZ,华宝国证通用航空产业ETF,20250429,国证通用航空产业指数,国证通用航空产业指数收益率,华宝基金管理有限公司,长江证券股份有限公司,股票型ETF,主题指数ETF,980076.SZ,205659336.33,17609000,11183852.4,0.641,0.63512138111193,0.078064012
2026-05-20,159231.SZ,华宝国证通用航空产业ETF,20250429,国证通用航空产业指数,国证通用航空产业指数收益率,华宝基金管理有限公司,长江证券股份有限公司,股票型ETF,主题指数ETF,980076.SZ,204290983.078,14292100,9023634.5,0.632,0.63137219163034,-0.047445833
2026-05-21,159231.SZ,华宝国证通用航空产业ETF,20250429,国证通用航空产业指数,国证通用航空产业指数收益率,华宝基金管理有限公司,长江证券股份有限公司,股票型ETF,主题指数ETF,980076.SZ,199186131.69,17906300,11336760.4,0.616,0.63311574138711,-0.081103001
2026-05-22,159231.SZ,华宝国证通用航空产业ETF,20250429,国证通用航空产业指数,国证通用航空产业指数收益率,华宝基金管理有限公司,长江证券股份有限公司,股票型ETF,主题指数ETF,980076.SZ,199825789.944,12257600,7582150.1,0.62,0.61856726439107,-0.064474533
2026-05-25,159231.SZ,华宝国证通用航空产业ETF,20250429,国证通用航空产业指数,国证通用航空产业指数收益率,华宝基金管理有限公司,长江证券股份有限公司,股票型ETF,主题指数ETF,980076.SZ,201339621.686,15253100,9456454.1,0.625,0.61996932426851,-0.01599744
2026-05-26,159231.SZ,华宝国证通用航空产业ETF,20250429,国证通用航空产业指数,国证通用航空产业指数收益率,华宝基金管理有限公司,长江证券股份有限公司,股票型ETF,主题指数ETF,980076.SZ,196885804.95,16676100,10093182.1,0.608,0.60524835543083,0.082304527
2026-05-27,159231.SZ,华宝国证通用航空产业ETF,20250429,国证通用航空产业指数,国证通用航空产业指数收益率,华宝基金管理有限公司,长江证券股份有限公司,股票型ETF,主题指数ETF,980076.SZ,191690400.538,26882500,16156903.2,0.593,0.60101936947829,-0.050564638
2026-05-28,159231.SZ,华宝国证通用航空产业ETF,20250429,国证通用航空产业指数,国证通用航空产业指数收益率,华宝基金管理有限公司,长江证券股份有限公司,股票型ETF,主题指数ETF,980076.SZ,193351743.558,25051700,14918911.5,0.601,0.59552491447686,0.116608362
2026-05-29,159231.SZ,华宝国证通用航空产业ETF,20250429,国证通用航空产业指数,国证通用航空产业指数收益率,华宝基金管理有限公司,长江证券股份有限公司,股票型ETF,主题指数ETF,980076.SZ,185985053.106,20186400,11749057.1,0.573,0.58202835077082,0.157315155
2026-06-01,159231.SZ,华宝国证通用航空产业ETF,20250429,国证通用航空产业指数,国证通用航空产业指数收益率,华宝基金管理有限公司,长江证券股份有限公司,股票型ETF,主题指数ETF,980076.SZ,188086341.828,20131900,11556775.6,0.571,0.57405290111713,0.210600211
2026-06-02,159231.SZ,华宝国证通用航空产业ETF,20250429,国证通用航空产业指数,国证通用航空产业指数收益率,华宝基金管理有限公司,长江证券股份有限公司,股票型ETF,主题指数ETF,980076.SZ,184879763.11,18287600,10254467.6,0.563,0.56073337124609,-0.088731145
2026-06-03,159231.SZ,华宝国证通用航空产业ETF,20250429,国证通用航空产业指数,国证通用航空产业指数收益率,华宝基金管理有限公司,长江证券股份有限公司,股票型ETF,主题指数ETF,980076.SZ,186792539.736,17060306,9696776.42,0.568,0.56838232678828,0.070472163
2026-06-04,159231.SZ,华宝国证通用航空产业ETF,20250429,国证通用航空产业指数,国证通用航空产业指数收益率,华宝基金管理有限公司,长江证券股份有限公司,股票型ETF,主题指数ETF,980076.SZ,182942477.298,15319018,8553372.44,0.561,0.55834991772971,0.303951368
2026-06-05,159231.SZ,华宝国证通用航空产业ETF,20250429,国证通用航空产业指数,国证通用航空产业指数收益率,华宝基金管理有限公司,长江证券股份有限公司,股票型ETF,主题指数ETF,980076.SZ,185395666.248,15102900,8530948.3,0.566,0.56485498149362,-0.14114326
2026-06-08,159231.SZ,华宝国证通用航空产业ETF,20250429,国证通用航空产业指数,国证通用航空产业指数收益率,华宝基金管理有限公司,长江证券股份有限公司,股票型ETF,主题指数ETF,980076.SZ,182771862.882,20071900,11193376.6,0.554,0.55766402781999,0.054180964
2026-06-09,159231.SZ,华宝国证通用航空产业ETF,20250429,国证通用航空产业指数,国证通用航空产业指数收益率,华宝基金管理有限公司,长江证券股份有限公司,股票型ETF,主题指数ETF,980076.SZ,185115515.088,16851300,9348919.1,0.561,0.55478919133835,0.035663338
2026-06-10,159231.SZ,华宝国证通用航空产业ETF,20250429,国证通用航空产业指数,国证通用航空产业指数收益率,华宝基金管理有限公司,长江证券股份有限公司,股票型ETF,主题指数ETF,980076.SZ,183193126.138,15566600,8615184.2,0.555,0.55344032736757,0.307247425
2026-06-11,159231.SZ,华宝国证通用航空产业ETF,20250429,国证通用航空产业指数,国证通用航空产业指数收益率,华宝基金管理有限公司,长江证券股份有限公司,股票型ETF,主题指数ETF,980076.SZ,183067286.256,14253700,7808702.6,0.55,0.54783688445807,0.072780204
2026-06-12,159231.SZ,华宝国证通用航空产业ETF,20250429,国证通用航空产业指数,国证通用航空产业指数收益率,华宝基金管理有限公司,长江证券股份有限公司,股票型ETF,主题指数ETF,980076.SZ,188656141.828,17423700,9934635.2,0.572,0.57017942228115,0.386100386
2026-06-15,159231.SZ,华宝国证通用航空产业ETF,20250429,国证通用航空产业指数,国证通用航空产业指数收益率,华宝基金管理有限公司,长江证券股份有限公司,股票型ETF,主题指数ETF,980076.SZ,189703791.942,12220000,6968721.2,0.574,0.57027178396072,-0.12180268
2026-06-16,159231.SZ,华宝国证通用航空产业ETF,20250429,国证通用航空产业指数,国证通用航空产业指数收益率,华宝基金管理有限公司,长江证券股份有限公司,股票型ETF,主题指数ETF,980076.SZ,191794292.988,18437700,10611065.2,0.577,0.57550915786676,0.208405696
2026-06-17,159231.SZ,华宝国证通用航空产业ETF,20250429,国证通用航空产业指数,国证通用航空产业指数收益率,华宝基金管理有限公司,长江证券股份有限公司,股票型ETF,主题指数ETF,980076.SZ,190264948.104,7216800,4154926.4,0.578,0.57572974171378,0.27758501
2026-06-18,159231.SZ,华宝国证通用航空产业ETF,20250429,国证通用航空产业指数,国证通用航空产业指数收益率,华宝基金管理有限公司,长江证券股份有限公司,股票型ETF,主题指数ETF,980076.SZ,191427891.942,12113200,6965425.2,0.576,0.57502767229138,0.226204977
2026-06-22,159231.SZ,华宝国证通用航空产业ETF,20250429,国证通用航空产业指数,国证通用航空产业指数收益率,华宝基金管理有限公司,长江证券股份有限公司,股票型ETF,主题指数ETF,980076.SZ,183375561.246,24529400,13814702,0.571,0.56318956028276,-0.017510068
2026-06-23,159231.SZ,华宝国证通用航空产业ETF,20250429,国证通用航空产业指数,国证通用航空产业指数收益率,华宝基金管理有限公司,长江证券股份有限公司,股票型ETF,主题指数ETF,980076.SZ,176112819.044,12050100,6780516.5,0.555,0.56269379507224,-0.072020166
2026-06-24,159231.SZ,华宝国证通用航空产业ETF,20250429,国证通用航空产业指数,国证通用航空产业指数收益率,华宝基金管理有限公司,长江证券股份有限公司,股票型ETF,主题指数ETF,980076.SZ,178643267.066,17964300,9905934.8,0.559,0.55142336745657,0.161261423
2026-06-25,159231.SZ,华宝国证通用航空产业ETF,20250429,国证通用航空产业指数,国证通用航空产业指数收益率,华宝基金管理有限公司,长江证券股份有限公司,股票型ETF,主题指数ETF,980076.SZ,172313781.254,22162000,12252497,0.554,0.55286061727281,0.0180538
2026-06-26,159231.SZ,华宝国证通用航空产业ETF,20250429,国证通用航空产业指数,国证通用航空产业指数收益率,华宝基金管理有限公司,长江证券股份有限公司,股票型ETF,主题指数ETF,980076.SZ,169109535.096,15441700,8434987.2,0.544,0.54624731732905,0.073583517
2026-06-29,159231.SZ,华宝国证通用航空产业ETF,20250429,国证通用航空产业指数,国证通用航空产业指数收益率,华宝基金管理有限公司,长江证券股份有限公司,股票型ETF,主题指数ETF,980076.SZ,165753420.68,11098900,5984633,0.538,0.53920956130788,0
2026-06-30,159231.SZ,华宝国证通用航空产业ETF,20250429,国证通用航空产业指数,国证通用航空产业指数收益率,华宝基金管理有限公司,长江证券股份有限公司,股票型ETF,主题指数ETF,980076.SZ,171664349.74,10082638,5544128.5,0.558,0.54986884384821,-0.178890877
2026-07-01,159231.SZ,华宝国证通用航空产业ETF,20250429,国证通用航空产业指数,国证通用航空产业指数收益率,华宝基金管理有限公司,长江证券股份有限公司,股票型ETF,主题指数ETF,980076.SZ,174709188.576,19482600,10967866.7,0.562,0.56295703345549,0.071225071
2026-07-02,159231.SZ,华宝国证通用航空产业ETF,20250429,国证通用航空产业指数,国证通用航空产业指数收益率,华宝基金管理有限公司,长江证券股份有限公司,股票型ETF,主题指数ETF,980076.SZ,171069413.814,20152200,11264158.8,0.55,0.55895429779379,0.018185125
2026-07-03,159231.SZ,华宝国证通用航空产业ETF,20250429,国证通用航空产业指数,国证通用航空产业指数收益率,华宝基金管理有限公司,长江证券股份有限公司,股票型ETF,主题指数ETF,980076.SZ,178718268.34,16992200,9577815.2,0.57,0.56365951436541,0.175746924
2026-07-06,159231.SZ,华宝国证通用航空产业ETF,20250429,国证通用航空产业指数,国证通用航空产业指数收益率,华宝基金管理有限公司,长江证券股份有限公司,股票型ETF,主题指数ETF,980076.SZ,174862016.952,25479600,14334957.8,0.555,0.5626052920768,0.32537961
2026-07-07,159231.SZ,华宝国证通用航空产业ETF,20250429,国证通用航空产业指数,国证通用航空产业指数收益率,华宝基金管理有限公司,长江证券股份有限公司,股票型ETF,主题指数ETF,980076.SZ,170592664.518,13393400,7292152.9,0.538,0.54445868114146,0.316986761
2026-07-08,159231.SZ,华宝国证通用航空产业ETF,20250429,国证通用航空产业指数,国证通用航空产业指数收益率,华宝基金管理有限公司,长江证券股份有限公司,股票型ETF,主题指数ETF,980076.SZ,172149798.942,17024300,9038735,0.527,0.53093137456459,0.438345721
2026-07-09,159231.SZ,华宝国证通用航空产业ETF,20250429,国证通用航空产业指数,国证通用航空产业指数收益率,华宝基金管理有限公司,长江证券股份有限公司,股票型ETF,主题指数ETF,980076.SZ,178469924.636,17734200,9297291.1,0.533,0.52425771108931,0.075103267
2026-07-10,159231.SZ,华宝国证通用航空产业ETF,20250429,国证通用航空产业指数,国证通用航空产业指数收益率,华宝基金管理有限公司,长江证券股份有限公司,股票型ETF,主题指数ETF,980076.SZ,184077511.722,24049800,13150762.3,0.551,0.54681379055127,0.602519628
2026-07-13,159231.SZ,华宝国证通用航空产业ETF,20250429,国证通用航空产业指数,国证通用航空产业指数收益率,华宝基金管理有限公司,长江证券股份有限公司,股票型ETF,主题指数ETF,980076.SZ,172388777.204,25823900,13410404.5,0.512,0.51930206126882,0.11732499
2026-07-14,159231.SZ,华宝国证通用航空产业ETF,20250429,国证通用航空产业指数,国证通用航空产业指数收益率,华宝基金管理有限公司,长江证券股份有限公司,股票型ETF,主题指数ETF,980076.SZ,172232113.72,22014300,10950082.3,0.502,0.49740769863225,0
2026-07-15,159231.SZ,华宝国证通用航空产业ETF,20250429,国证通用航空产业指数,国证通用航空产业指数收益率,华宝基金管理有限公司,长江证券股份有限公司,股票型ETF,主题指数ETF,980076.SZ,171303599.304,16394500,8168315.6,0.496,0.49823511543505,-0.080580177
2026-07-16,159231.SZ,华宝国证通用航空产业ETF,20250429,国证通用航空产业指数,国证通用航空产业指数收益率,华宝基金管理有限公司,长江证券股份有限公司,股票型ETF,主题指数ETF,980076.SZ,169688838.958,18518100,9167558.6,0.493,0.49505935274137,0.550683255
2026-07-17,159231.SZ,华宝国证通用航空产业ETF,20250429,国证通用航空产业指数,国证通用航空产业指数收益率,华宝基金管理有限公司,长江证券股份有限公司,股票型ETF,主题指数ETF,980076.SZ,163714134.318,20431000,9751383.3,0.468,0.47728370123831,0.364572164
2026-07-20,159231.SZ,华宝国证通用航空产业ETF,20250429,国证通用航空产业指数,国证通用航空产业指数收益率,华宝基金管理有限公司,长江证券股份有限公司,股票型ETF,主题指数ETF,980076.SZ,163527907.806,20946900,9745790.6,0.466,0.46526171414386,-0.235495611
2026-07-21,159231.SZ,华宝国证通用航空产业ETF,20250429,国证通用航空产业指数,国证通用航空产业指数收益率,华宝基金管理有限公司,长江证券股份有限公司,股票型ETF,主题指数ETF,980076.SZ,166222291.754,28395500,13424764.4,0.478,0.47277788381962,-0.187930674
2026-07-22,159231.SZ,华宝国证通用航空产业ETF,20250429,国证通用航空产业指数,国证通用航空产业指数收益率,华宝基金管理有限公司,长江证券股份有限公司,股票型ETF,主题指数ETF,980076.SZ,164038265.014,17868900,8440079.3,0.471,0.47233345645227,0.23409236
2026-07-23,159231.SZ,华宝国证通用航空产业ETF,20250429,国证通用航空产业指数,国证通用航空产业指数收益率,华宝基金管理有限公司,长江证券股份有限公司,股票型ETF,主题指数ETF,980076.SZ,167834037.684,14806200,7036934,0.479,0.47526941416434,-0.08343763
2026-07-24,159231.SZ,华宝国证通用航空产业ETF,20250429,国证通用航空产业指数,国证通用航空产业指数收益率,华宝基金管理有限公司,长江证券股份有限公司,股票型ETF,主题指数ETF,980076.SZ,162757705.714,10149500,4775279.3,0.464,0.47049404404158,-0.193590019
2026-07-27,159231.SZ,华宝国证通用航空产业ETF,20250429,国证通用航空产业指数,国证通用航空产业指数收益率,华宝基金管理有限公司,长江证券股份有限公司,股票型ETF,主题指数ETF,980076.SZ,166830999.894,22852000,10771160.7,0.477,0.47134433309995,-0.188323917
2026-07-28,159231.SZ,华宝国证通用航空产业ETF,20250429,国证通用航空产业指数,国证通用航空产业指数收益率,华宝基金管理有限公司,长江证券股份有限公司,股票型ETF,主题指数ETF,980076.SZ,163654263.968,18546300,8722932.9,0.469,0.47033278335841,0.042662116
2026-07-29,159231.SZ,华宝国证通用航空产业ETF,20250429,国证通用航空产业指数,国证通用航空产业指数收益率,华宝基金管理有限公司,长江证券股份有限公司,股票型ETF,主题指数ETF,980076.SZ,165847219.312,24699700,11754372.6,0.478,0.47589131042077,-0.250417362
2026-07-30,159231.SZ,华宝国证通用航空产业ETF,20250429,国证通用航空产业指数,国证通用航空产业指数收益率,华宝基金管理有限公司,长江证券股份有限公司,股票型ETF,主题指数ETF,980076.SZ,164925923.268,24706500,11743167.6,0.476,0.47530680590128,0.464330941
2026-07-31,159231.SZ,华宝国证通用航空产业ETF,20250429,国证通用航空产业指数,国证通用航空产业指数收益率,华宝基金管理有限公司,长江证券股份有限公司,股票型ETF,主题指数ETF,980076.SZ,168359175.474,30673900,14817473.1,0.482,0.48306453043141,0.228737783
2026-08-03,159231.SZ,华宝国证通用航空产业ETF,20250429,国证通用航空产业指数,国证通用航空产业指数收益率,华宝基金管理有限公司,长江证券股份有限公司,股票型ETF,主题指数ETF,980076.SZ,170560940.004,16303400,7972768.7,0.491,0.4890249089147,-0.081400081
2026-08-04,159231.SZ,华宝国证通用航空产业ETF,20250429,国证通用航空产业指数,国证通用航空产业指数收益率,华宝基金管理有限公司,长江证券股份有限公司,股票型ETF,主题指数ETF,980076.SZ,171799999.304,18996700,9407499.9,0.496,0.49521758515953,-0.080580177
2026-08-05,159231.SZ,华宝国证通用航空产业ETF,20250429,国证通用航空产业指数,国证通用航空产业指数收益率,华宝基金管理有限公司,长江证券股份有限公司,股票型ETF,主题指数ETF,980076.SZ,173426631.046,13929200,6960787.5,0.5,0.49972629440312,-0.219517062
2026-08-06,159231.SZ,华宝国证通用航空产业ETF,20250429,国证通用航空产业指数,国证通用航空产业指数收益率,华宝基金管理有限公司,长江证券股份有限公司,股票型ETF,主题指数ETF,980076.SZ,173045930.0,10726500,5357956.6,0.5,0.49950651190976,0
2026-08-07,159231.SZ,华宝国证通用航空产业ETF,20250429,国证通用航空产业指数,国证通用航空产业指数收益率,华宝基金管理有限公司,长江证券股份有限公司,股票型ETF,主题指数ETF,980076.SZ,171406297.44,19333400,9604551.7,0.504,0.4967854438433,0
2026-08-10,159231.SZ,华宝国证通用航空产业ETF,20250429,国证通用航空产业指数,国证通用航空产业指数收益率,华宝基金管理有限公司,长江证券股份有限公司,股票型ETF,主题指数ETF,980076.SZ,174021942.552,12816500,6510768.1,0.514,0.50799891546054,0.155884645
2026-08-11,159231.SZ,华宝国证通用航空产业ETF,20250429,国证通用航空产业指数,国证通用航空产业指数收益率,华宝基金管理有限公司,长江证券股份有限公司,股票型ETF,主题指数ETF,980076.SZ,170461478.022,24227200,12216240.2,0.502,0.50423656881522,-0.13924806
2026-08-12,159231.SZ,华宝国证通用航空产业ETF,20250429,国证通用航空产业指数,国证通用航空产业指数收益率,华宝基金管理有限公司,长江证券股份有限公司,股票型ETF,主题指数ETF,980076.SZ,172597756.74,9510900,4829777.4,0.508,0.5078149701921,-0.196463654
2026-08-13,159231.SZ,华宝国证通用航空产业ETF,20250429,国证通用航空产业指数,国证通用航空产业指数收益率,华宝基金管理有限公司,长江证券股份有限公司,股票型ETF,主题指数ETF,980076.SZ,170427568.836,7579700,3842216.8,0.504,0.5069088222489,0.278551532
2026-08-14,159231.SZ,华宝国证通用航空产业ETF,20250429,国证通用航空产业指数,国证通用航空产业指数收益率,华宝基金管理有限公司,长江证券股份有限公司,股票型ETF,主题指数ETF,980076.SZ,170970115.812,14229500,7159313.7,0.504,0.50313178256439,-0.039666799
2026-08-17,159231.SZ,华宝国证通用航空产业ETF,20250429,国证通用航空产业指数,国证通用航空产业指数收益率,华宝基金管理有限公司,长江证券股份有限公司,股票型ETF,主题指数ETF,980076.SZ,173474933.366,9409200,4786228.5,0.513,0.50867539216937,-0.019489378
2026-08-18,159231.SZ,华宝国证通用航空产业ETF,20250429,国证通用航空产业指数,国证通用航空产业指数收益率,华宝基金管理有限公司,长江证券股份有限公司,股票型ETF,主题指数ETF,980076.SZ,170260174.066,20152300,10189159.9,0.508,0.50560779166646,-0.019681165
2026-08-19,159231.SZ,华宝国证通用航空产业ETF,20250429,国证通用航空产业指数,国证通用航空产业指数收益率,华宝基金管理有限公司,长江证券股份有限公司,股票型ETF,主题指数ETF,980076.SZ,164511975.474,23382300,11435766.5,0.483,0.48907791363553,0.436681223
2026-08-20,159231.SZ,华宝国证通用航空产业ETF,20250429,国证通用航空产业指数,国证通用航空产业指数收益率,华宝基金管理有限公司,长江证券股份有限公司,股票型ETF,主题指数ETF,980076.SZ,164065184.66,18226600,8778537.5,0.481,0.48163329968288,0
2026-08-21,159231.SZ,华宝国证通用航空产业ETF,20250429,国证通用航空产业指数,国证通用航空产业指数收益率,华宝基金管理有限公司,长江证券股份有限公司,股票型ETF,主题指数ETF,980076.SZ,163720221.404,16923900,8123005.5,0.483,0.47997243543155,0.332363939
2026-08-24,159231.SZ,华宝国证通用航空产业ETF,20250429,国证通用航空产业指数,国证通用航空产业指数收益率,华宝基金管理有限公司,长江证券股份有限公司,股票型ETF,主题指数ETF,980076.SZ,162121789.662,14975000,7134794.9,0.477,0.47644707178631,0.062932662
2026-08-25,159231.SZ,华宝国证通用航空产业ETF,20250429,国证通用航空产业指数,国证通用航空产业指数收益率,华宝基金管理有限公司,长江证券股份有限公司,股票型ETF,主题指数ETF,980076.SZ,164065184.66,10641800,5086832.7,0.481,0.47800491458212,0
