日期,代码,名称,上市日期,对标指数,benchmark,管理人,托管人,类别大类,类别细类,对标指数代码,规模,成交量,成交额,收盘价,VWAP,溢价率
2021-01-04,159232.SZ,南方中证全指自由现金流ETF,20250430,中证全指自由现金流指数,中证全指自由现金流指数收益率,南方基金管理股份有限公司,国信证券股份有限公司,股票型ETF,策略指数ETF,932365.CSI,,,,,,
2021-01-05,159232.SZ,南方中证全指自由现金流ETF,20250430,中证全指自由现金流指数,中证全指自由现金流指数收益率,南方基金管理股份有限公司,国信证券股份有限公司,股票型ETF,策略指数ETF,932365.CSI,,,,,,
2021-01-06,159232.SZ,南方中证全指自由现金流ETF,20250430,中证全指自由现金流指数,中证全指自由现金流指数收益率,南方基金管理股份有限公司,国信证券股份有限公司,股票型ETF,策略指数ETF,932365.CSI,,,,,,
2021-01-07,159232.SZ,南方中证全指自由现金流ETF,20250430,中证全指自由现金流指数,中证全指自由现金流指数收益率,南方基金管理股份有限公司,国信证券股份有限公司,股票型ETF,策略指数ETF,932365.CSI,,,,,,
2021-01-08,159232.SZ,南方中证全指自由现金流ETF,20250430,中证全指自由现金流指数,中证全指自由现金流指数收益率,南方基金管理股份有限公司,国信证券股份有限公司,股票型ETF,策略指数ETF,932365.CSI,,,,,,
2021-01-11,159232.SZ,南方中证全指自由现金流ETF,20250430,中证全指自由现金流指数,中证全指自由现金流指数收益率,南方基金管理股份有限公司,国信证券股份有限公司,股票型ETF,策略指数ETF,932365.CSI,,,,,,
2021-01-12,159232.SZ,南方中证全指自由现金流ETF,20250430,中证全指自由现金流指数,中证全指自由现金流指数收益率,南方基金管理股份有限公司,国信证券股份有限公司,股票型ETF,策略指数ETF,932365.CSI,,,,,,
2021-01-13,159232.SZ,南方中证全指自由现金流ETF,20250430,中证全指自由现金流指数,中证全指自由现金流指数收益率,南方基金管理股份有限公司,国信证券股份有限公司,股票型ETF,策略指数ETF,932365.CSI,,,,,,
2021-01-14,159232.SZ,南方中证全指自由现金流ETF,20250430,中证全指自由现金流指数,中证全指自由现金流指数收益率,南方基金管理股份有限公司,国信证券股份有限公司,股票型ETF,策略指数ETF,932365.CSI,,,,,,
2021-01-15,159232.SZ,南方中证全指自由现金流ETF,20250430,中证全指自由现金流指数,中证全指自由现金流指数收益率,南方基金管理股份有限公司,国信证券股份有限公司,股票型ETF,策略指数ETF,932365.CSI,,,,,,
2021-01-18,159232.SZ,南方中证全指自由现金流ETF,20250430,中证全指自由现金流指数,中证全指自由现金流指数收益率,南方基金管理股份有限公司,国信证券股份有限公司,股票型ETF,策略指数ETF,932365.CSI,,,,,,
2021-01-19,159232.SZ,南方中证全指自由现金流ETF,20250430,中证全指自由现金流指数,中证全指自由现金流指数收益率,南方基金管理股份有限公司,国信证券股份有限公司,股票型ETF,策略指数ETF,932365.CSI,,,,,,
2021-01-20,159232.SZ,南方中证全指自由现金流ETF,20250430,中证全指自由现金流指数,中证全指自由现金流指数收益率,南方基金管理股份有限公司,国信证券股份有限公司,股票型ETF,策略指数ETF,932365.CSI,,,,,,
2021-01-21,159232.SZ,南方中证全指自由现金流ETF,20250430,中证全指自由现金流指数,中证全指自由现金流指数收益率,南方基金管理股份有限公司,国信证券股份有限公司,股票型ETF,策略指数ETF,932365.CSI,,,,,,
2021-01-22,159232.SZ,南方中证全指自由现金流ETF,20250430,中证全指自由现金流指数,中证全指自由现金流指数收益率,南方基金管理股份有限公司,国信证券股份有限公司,股票型ETF,策略指数ETF,932365.CSI,,,,,,
2021-01-25,159232.SZ,南方中证全指自由现金流ETF,20250430,中证全指自由现金流指数,中证全指自由现金流指数收益率,南方基金管理股份有限公司,国信证券股份有限公司,股票型ETF,策略指数ETF,932365.CSI,,,,,,
2021-01-26,159232.SZ,南方中证全指自由现金流ETF,20250430,中证全指自由现金流指数,中证全指自由现金流指数收益率,南方基金管理股份有限公司,国信证券股份有限公司,股票型ETF,策略指数ETF,932365.CSI,,,,,,
2021-01-27,159232.SZ,南方中证全指自由现金流ETF,20250430,中证全指自由现金流指数,中证全指自由现金流指数收益率,南方基金管理股份有限公司,国信证券股份有限公司,股票型ETF,策略指数ETF,932365.CSI,,,,,,
2021-01-28,159232.SZ,南方中证全指自由现金流ETF,20250430,中证全指自由现金流指数,中证全指自由现金流指数收益率,南方基金管理股份有限公司,国信证券股份有限公司,股票型ETF,策略指数ETF,932365.CSI,,,,,,
2021-01-29,159232.SZ,南方中证全指自由现金流ETF,20250430,中证全指自由现金流指数,中证全指自由现金流指数收益率,南方基金管理股份有限公司,国信证券股份有限公司,股票型ETF,策略指数ETF,932365.CSI,,,,,,
2021-02-01,159232.SZ,南方中证全指自由现金流ETF,20250430,中证全指自由现金流指数,中证全指自由现金流指数收益率,南方基金管理股份有限公司,国信证券股份有限公司,股票型ETF,策略指数ETF,932365.CSI,,,,,,
2021-02-02,159232.SZ,南方中证全指自由现金流ETF,20250430,中证全指自由现金流指数,中证全指自由现金流指数收益率,南方基金管理股份有限公司,国信证券股份有限公司,股票型ETF,策略指数ETF,932365.CSI,,,,,,
2021-02-03,159232.SZ,南方中证全指自由现金流ETF,20250430,中证全指自由现金流指数,中证全指自由现金流指数收益率,南方基金管理股份有限公司,国信证券股份有限公司,股票型ETF,策略指数ETF,932365.CSI,,,,,,
2021-02-04,159232.SZ,南方中证全指自由现金流ETF,20250430,中证全指自由现金流指数,中证全指自由现金流指数收益率,南方基金管理股份有限公司,国信证券股份有限公司,股票型ETF,策略指数ETF,932365.CSI,,,,,,
2021-02-05,159232.SZ,南方中证全指自由现金流ETF,20250430,中证全指自由现金流指数,中证全指自由现金流指数收益率,南方基金管理股份有限公司,国信证券股份有限公司,股票型ETF,策略指数ETF,932365.CSI,,,,,,
2021-02-08,159232.SZ,南方中证全指自由现金流ETF,20250430,中证全指自由现金流指数,中证全指自由现金流指数收益率,南方基金管理股份有限公司,国信证券股份有限公司,股票型ETF,策略指数ETF,932365.CSI,,,,,,
2021-02-09,159232.SZ,南方中证全指自由现金流ETF,20250430,中证全指自由现金流指数,中证全指自由现金流指数收益率,南方基金管理股份有限公司,国信证券股份有限公司,股票型ETF,策略指数ETF,932365.CSI,,,,,,
2021-02-10,159232.SZ,南方中证全指自由现金流ETF,20250430,中证全指自由现金流指数,中证全指自由现金流指数收益率,南方基金管理股份有限公司,国信证券股份有限公司,股票型ETF,策略指数ETF,932365.CSI,,,,,,
2021-02-18,159232.SZ,南方中证全指自由现金流ETF,20250430,中证全指自由现金流指数,中证全指自由现金流指数收益率,南方基金管理股份有限公司,国信证券股份有限公司,股票型ETF,策略指数ETF,932365.CSI,,,,,,
2021-02-19,159232.SZ,南方中证全指自由现金流ETF,20250430,中证全指自由现金流指数,中证全指自由现金流指数收益率,南方基金管理股份有限公司,国信证券股份有限公司,股票型ETF,策略指数ETF,932365.CSI,,,,,,
2021-02-22,159232.SZ,南方中证全指自由现金流ETF,20250430,中证全指自由现金流指数,中证全指自由现金流指数收益率,南方基金管理股份有限公司,国信证券股份有限公司,股票型ETF,策略指数ETF,932365.CSI,,,,,,
2021-02-23,159232.SZ,南方中证全指自由现金流ETF,20250430,中证全指自由现金流指数,中证全指自由现金流指数收益率,南方基金管理股份有限公司,国信证券股份有限公司,股票型ETF,策略指数ETF,932365.CSI,,,,,,
2021-02-24,159232.SZ,南方中证全指自由现金流ETF,20250430,中证全指自由现金流指数,中证全指自由现金流指数收益率,南方基金管理股份有限公司,国信证券股份有限公司,股票型ETF,策略指数ETF,932365.CSI,,,,,,
2021-02-25,159232.SZ,南方中证全指自由现金流ETF,20250430,中证全指自由现金流指数,中证全指自由现金流指数收益率,南方基金管理股份有限公司,国信证券股份有限公司,股票型ETF,策略指数ETF,932365.CSI,,,,,,
2021-02-26,159232.SZ,南方中证全指自由现金流ETF,20250430,中证全指自由现金流指数,中证全指自由现金流指数收益率,南方基金管理股份有限公司,国信证券股份有限公司,股票型ETF,策略指数ETF,932365.CSI,,,,,,
2021-03-01,159232.SZ,南方中证全指自由现金流ETF,20250430,中证全指自由现金流指数,中证全指自由现金流指数收益率,南方基金管理股份有限公司,国信证券股份有限公司,股票型ETF,策略指数ETF,932365.CSI,,,,,,
2021-03-02,159232.SZ,南方中证全指自由现金流ETF,20250430,中证全指自由现金流指数,中证全指自由现金流指数收益率,南方基金管理股份有限公司,国信证券股份有限公司,股票型ETF,策略指数ETF,932365.CSI,,,,,,
2021-03-03,159232.SZ,南方中证全指自由现金流ETF,20250430,中证全指自由现金流指数,中证全指自由现金流指数收益率,南方基金管理股份有限公司,国信证券股份有限公司,股票型ETF,策略指数ETF,932365.CSI,,,,,,
2021-03-04,159232.SZ,南方中证全指自由现金流ETF,20250430,中证全指自由现金流指数,中证全指自由现金流指数收益率,南方基金管理股份有限公司,国信证券股份有限公司,股票型ETF,策略指数ETF,932365.CSI,,,,,,
2021-03-05,159232.SZ,南方中证全指自由现金流ETF,20250430,中证全指自由现金流指数,中证全指自由现金流指数收益率,南方基金管理股份有限公司,国信证券股份有限公司,股票型ETF,策略指数ETF,932365.CSI,,,,,,
2021-03-08,159232.SZ,南方中证全指自由现金流ETF,20250430,中证全指自由现金流指数,中证全指自由现金流指数收益率,南方基金管理股份有限公司,国信证券股份有限公司,股票型ETF,策略指数ETF,932365.CSI,,,,,,
2021-03-09,159232.SZ,南方中证全指自由现金流ETF,20250430,中证全指自由现金流指数,中证全指自由现金流指数收益率,南方基金管理股份有限公司,国信证券股份有限公司,股票型ETF,策略指数ETF,932365.CSI,,,,,,
2021-03-10,159232.SZ,南方中证全指自由现金流ETF,20250430,中证全指自由现金流指数,中证全指自由现金流指数收益率,南方基金管理股份有限公司,国信证券股份有限公司,股票型ETF,策略指数ETF,932365.CSI,,,,,,
2021-03-11,159232.SZ,南方中证全指自由现金流ETF,20250430,中证全指自由现金流指数,中证全指自由现金流指数收益率,南方基金管理股份有限公司,国信证券股份有限公司,股票型ETF,策略指数ETF,932365.CSI,,,,,,
2021-03-12,159232.SZ,南方中证全指自由现金流ETF,20250430,中证全指自由现金流指数,中证全指自由现金流指数收益率,南方基金管理股份有限公司,国信证券股份有限公司,股票型ETF,策略指数ETF,932365.CSI,,,,,,
2021-03-15,159232.SZ,南方中证全指自由现金流ETF,20250430,中证全指自由现金流指数,中证全指自由现金流指数收益率,南方基金管理股份有限公司,国信证券股份有限公司,股票型ETF,策略指数ETF,932365.CSI,,,,,,
2021-03-16,159232.SZ,南方中证全指自由现金流ETF,20250430,中证全指自由现金流指数,中证全指自由现金流指数收益率,南方基金管理股份有限公司,国信证券股份有限公司,股票型ETF,策略指数ETF,932365.CSI,,,,,,
2021-03-17,159232.SZ,南方中证全指自由现金流ETF,20250430,中证全指自由现金流指数,中证全指自由现金流指数收益率,南方基金管理股份有限公司,国信证券股份有限公司,股票型ETF,策略指数ETF,932365.CSI,,,,,,
2021-03-18,159232.SZ,南方中证全指自由现金流ETF,20250430,中证全指自由现金流指数,中证全指自由现金流指数收益率,南方基金管理股份有限公司,国信证券股份有限公司,股票型ETF,策略指数ETF,932365.CSI,,,,,,
2021-03-19,159232.SZ,南方中证全指自由现金流ETF,20250430,中证全指自由现金流指数,中证全指自由现金流指数收益率,南方基金管理股份有限公司,国信证券股份有限公司,股票型ETF,策略指数ETF,932365.CSI,,,,,,
2021-03-22,159232.SZ,南方中证全指自由现金流ETF,20250430,中证全指自由现金流指数,中证全指自由现金流指数收益率,南方基金管理股份有限公司,国信证券股份有限公司,股票型ETF,策略指数ETF,932365.CSI,,,,,,
2021-03-23,159232.SZ,南方中证全指自由现金流ETF,20250430,中证全指自由现金流指数,中证全指自由现金流指数收益率,南方基金管理股份有限公司,国信证券股份有限公司,股票型ETF,策略指数ETF,932365.CSI,,,,,,
2021-03-24,159232.SZ,南方中证全指自由现金流ETF,20250430,中证全指自由现金流指数,中证全指自由现金流指数收益率,南方基金管理股份有限公司,国信证券股份有限公司,股票型ETF,策略指数ETF,932365.CSI,,,,,,
2021-03-25,159232.SZ,南方中证全指自由现金流ETF,20250430,中证全指自由现金流指数,中证全指自由现金流指数收益率,南方基金管理股份有限公司,国信证券股份有限公司,股票型ETF,策略指数ETF,932365.CSI,,,,,,
2021-03-26,159232.SZ,南方中证全指自由现金流ETF,20250430,中证全指自由现金流指数,中证全指自由现金流指数收益率,南方基金管理股份有限公司,国信证券股份有限公司,股票型ETF,策略指数ETF,932365.CSI,,,,,,
2021-03-29,159232.SZ,南方中证全指自由现金流ETF,20250430,中证全指自由现金流指数,中证全指自由现金流指数收益率,南方基金管理股份有限公司,国信证券股份有限公司,股票型ETF,策略指数ETF,932365.CSI,,,,,,
2021-03-30,159232.SZ,南方中证全指自由现金流ETF,20250430,中证全指自由现金流指数,中证全指自由现金流指数收益率,南方基金管理股份有限公司,国信证券股份有限公司,股票型ETF,策略指数ETF,932365.CSI,,,,,,
2021-03-31,159232.SZ,南方中证全指自由现金流ETF,20250430,中证全指自由现金流指数,中证全指自由现金流指数收益率,南方基金管理股份有限公司,国信证券股份有限公司,股票型ETF,策略指数ETF,932365.CSI,,,,,,
2021-04-01,159232.SZ,南方中证全指自由现金流ETF,20250430,中证全指自由现金流指数,中证全指自由现金流指数收益率,南方基金管理股份有限公司,国信证券股份有限公司,股票型ETF,策略指数ETF,932365.CSI,,,,,,
2021-04-02,159232.SZ,南方中证全指自由现金流ETF,20250430,中证全指自由现金流指数,中证全指自由现金流指数收益率,南方基金管理股份有限公司,国信证券股份有限公司,股票型ETF,策略指数ETF,932365.CSI,,,,,,
2021-04-06,159232.SZ,南方中证全指自由现金流ETF,20250430,中证全指自由现金流指数,中证全指自由现金流指数收益率,南方基金管理股份有限公司,国信证券股份有限公司,股票型ETF,策略指数ETF,932365.CSI,,,,,,
2021-04-07,159232.SZ,南方中证全指自由现金流ETF,20250430,中证全指自由现金流指数,中证全指自由现金流指数收益率,南方基金管理股份有限公司,国信证券股份有限公司,股票型ETF,策略指数ETF,932365.CSI,,,,,,
2021-04-08,159232.SZ,南方中证全指自由现金流ETF,20250430,中证全指自由现金流指数,中证全指自由现金流指数收益率,南方基金管理股份有限公司,国信证券股份有限公司,股票型ETF,策略指数ETF,932365.CSI,,,,,,
2021-04-09,159232.SZ,南方中证全指自由现金流ETF,20250430,中证全指自由现金流指数,中证全指自由现金流指数收益率,南方基金管理股份有限公司,国信证券股份有限公司,股票型ETF,策略指数ETF,932365.CSI,,,,,,
2021-04-12,159232.SZ,南方中证全指自由现金流ETF,20250430,中证全指自由现金流指数,中证全指自由现金流指数收益率,南方基金管理股份有限公司,国信证券股份有限公司,股票型ETF,策略指数ETF,932365.CSI,,,,,,
2021-04-13,159232.SZ,南方中证全指自由现金流ETF,20250430,中证全指自由现金流指数,中证全指自由现金流指数收益率,南方基金管理股份有限公司,国信证券股份有限公司,股票型ETF,策略指数ETF,932365.CSI,,,,,,
2021-04-14,159232.SZ,南方中证全指自由现金流ETF,20250430,中证全指自由现金流指数,中证全指自由现金流指数收益率,南方基金管理股份有限公司,国信证券股份有限公司,股票型ETF,策略指数ETF,932365.CSI,,,,,,
2021-04-15,159232.SZ,南方中证全指自由现金流ETF,20250430,中证全指自由现金流指数,中证全指自由现金流指数收益率,南方基金管理股份有限公司,国信证券股份有限公司,股票型ETF,策略指数ETF,932365.CSI,,,,,,
2021-04-16,159232.SZ,南方中证全指自由现金流ETF,20250430,中证全指自由现金流指数,中证全指自由现金流指数收益率,南方基金管理股份有限公司,国信证券股份有限公司,股票型ETF,策略指数ETF,932365.CSI,,,,,,
2021-04-19,159232.SZ,南方中证全指自由现金流ETF,20250430,中证全指自由现金流指数,中证全指自由现金流指数收益率,南方基金管理股份有限公司,国信证券股份有限公司,股票型ETF,策略指数ETF,932365.CSI,,,,,,
2021-04-20,159232.SZ,南方中证全指自由现金流ETF,20250430,中证全指自由现金流指数,中证全指自由现金流指数收益率,南方基金管理股份有限公司,国信证券股份有限公司,股票型ETF,策略指数ETF,932365.CSI,,,,,,
2021-04-21,159232.SZ,南方中证全指自由现金流ETF,20250430,中证全指自由现金流指数,中证全指自由现金流指数收益率,南方基金管理股份有限公司,国信证券股份有限公司,股票型ETF,策略指数ETF,932365.CSI,,,,,,
2021-04-22,159232.SZ,南方中证全指自由现金流ETF,20250430,中证全指自由现金流指数,中证全指自由现金流指数收益率,南方基金管理股份有限公司,国信证券股份有限公司,股票型ETF,策略指数ETF,932365.CSI,,,,,,
2021-04-23,159232.SZ,南方中证全指自由现金流ETF,20250430,中证全指自由现金流指数,中证全指自由现金流指数收益率,南方基金管理股份有限公司,国信证券股份有限公司,股票型ETF,策略指数ETF,932365.CSI,,,,,,
2021-04-26,159232.SZ,南方中证全指自由现金流ETF,20250430,中证全指自由现金流指数,中证全指自由现金流指数收益率,南方基金管理股份有限公司,国信证券股份有限公司,股票型ETF,策略指数ETF,932365.CSI,,,,,,
2021-04-27,159232.SZ,南方中证全指自由现金流ETF,20250430,中证全指自由现金流指数,中证全指自由现金流指数收益率,南方基金管理股份有限公司,国信证券股份有限公司,股票型ETF,策略指数ETF,932365.CSI,,,,,,
2021-04-28,159232.SZ,南方中证全指自由现金流ETF,20250430,中证全指自由现金流指数,中证全指自由现金流指数收益率,南方基金管理股份有限公司,国信证券股份有限公司,股票型ETF,策略指数ETF,932365.CSI,,,,,,
2021-04-29,159232.SZ,南方中证全指自由现金流ETF,20250430,中证全指自由现金流指数,中证全指自由现金流指数收益率,南方基金管理股份有限公司,国信证券股份有限公司,股票型ETF,策略指数ETF,932365.CSI,,,,,,
2021-04-30,159232.SZ,南方中证全指自由现金流ETF,20250430,中证全指自由现金流指数,中证全指自由现金流指数收益率,南方基金管理股份有限公司,国信证券股份有限公司,股票型ETF,策略指数ETF,932365.CSI,,,,,,
2021-05-06,159232.SZ,南方中证全指自由现金流ETF,20250430,中证全指自由现金流指数,中证全指自由现金流指数收益率,南方基金管理股份有限公司,国信证券股份有限公司,股票型ETF,策略指数ETF,932365.CSI,,,,,,
2021-05-07,159232.SZ,南方中证全指自由现金流ETF,20250430,中证全指自由现金流指数,中证全指自由现金流指数收益率,南方基金管理股份有限公司,国信证券股份有限公司,股票型ETF,策略指数ETF,932365.CSI,,,,,,
2021-05-10,159232.SZ,南方中证全指自由现金流ETF,20250430,中证全指自由现金流指数,中证全指自由现金流指数收益率,南方基金管理股份有限公司,国信证券股份有限公司,股票型ETF,策略指数ETF,932365.CSI,,,,,,
2021-05-11,159232.SZ,南方中证全指自由现金流ETF,20250430,中证全指自由现金流指数,中证全指自由现金流指数收益率,南方基金管理股份有限公司,国信证券股份有限公司,股票型ETF,策略指数ETF,932365.CSI,,,,,,
2021-05-12,159232.SZ,南方中证全指自由现金流ETF,20250430,中证全指自由现金流指数,中证全指自由现金流指数收益率,南方基金管理股份有限公司,国信证券股份有限公司,股票型ETF,策略指数ETF,932365.CSI,,,,,,
2021-05-13,159232.SZ,南方中证全指自由现金流ETF,20250430,中证全指自由现金流指数,中证全指自由现金流指数收益率,南方基金管理股份有限公司,国信证券股份有限公司,股票型ETF,策略指数ETF,932365.CSI,,,,,,
2021-05-14,159232.SZ,南方中证全指自由现金流ETF,20250430,中证全指自由现金流指数,中证全指自由现金流指数收益率,南方基金管理股份有限公司,国信证券股份有限公司,股票型ETF,策略指数ETF,932365.CSI,,,,,,
2021-05-17,159232.SZ,南方中证全指自由现金流ETF,20250430,中证全指自由现金流指数,中证全指自由现金流指数收益率,南方基金管理股份有限公司,国信证券股份有限公司,股票型ETF,策略指数ETF,932365.CSI,,,,,,
2021-05-18,159232.SZ,南方中证全指自由现金流ETF,20250430,中证全指自由现金流指数,中证全指自由现金流指数收益率,南方基金管理股份有限公司,国信证券股份有限公司,股票型ETF,策略指数ETF,932365.CSI,,,,,,
2021-05-19,159232.SZ,南方中证全指自由现金流ETF,20250430,中证全指自由现金流指数,中证全指自由现金流指数收益率,南方基金管理股份有限公司,国信证券股份有限公司,股票型ETF,策略指数ETF,932365.CSI,,,,,,
2021-05-20,159232.SZ,南方中证全指自由现金流ETF,20250430,中证全指自由现金流指数,中证全指自由现金流指数收益率,南方基金管理股份有限公司,国信证券股份有限公司,股票型ETF,策略指数ETF,932365.CSI,,,,,,
2021-05-21,159232.SZ,南方中证全指自由现金流ETF,20250430,中证全指自由现金流指数,中证全指自由现金流指数收益率,南方基金管理股份有限公司,国信证券股份有限公司,股票型ETF,策略指数ETF,932365.CSI,,,,,,
2021-05-24,159232.SZ,南方中证全指自由现金流ETF,20250430,中证全指自由现金流指数,中证全指自由现金流指数收益率,南方基金管理股份有限公司,国信证券股份有限公司,股票型ETF,策略指数ETF,932365.CSI,,,,,,
2021-05-25,159232.SZ,南方中证全指自由现金流ETF,20250430,中证全指自由现金流指数,中证全指自由现金流指数收益率,南方基金管理股份有限公司,国信证券股份有限公司,股票型ETF,策略指数ETF,932365.CSI,,,,,,
2021-05-26,159232.SZ,南方中证全指自由现金流ETF,20250430,中证全指自由现金流指数,中证全指自由现金流指数收益率,南方基金管理股份有限公司,国信证券股份有限公司,股票型ETF,策略指数ETF,932365.CSI,,,,,,
2021-05-27,159232.SZ,南方中证全指自由现金流ETF,20250430,中证全指自由现金流指数,中证全指自由现金流指数收益率,南方基金管理股份有限公司,国信证券股份有限公司,股票型ETF,策略指数ETF,932365.CSI,,,,,,
2021-05-28,159232.SZ,南方中证全指自由现金流ETF,20250430,中证全指自由现金流指数,中证全指自由现金流指数收益率,南方基金管理股份有限公司,国信证券股份有限公司,股票型ETF,策略指数ETF,932365.CSI,,,,,,
2021-05-31,159232.SZ,南方中证全指自由现金流ETF,20250430,中证全指自由现金流指数,中证全指自由现金流指数收益率,南方基金管理股份有限公司,国信证券股份有限公司,股票型ETF,策略指数ETF,932365.CSI,,,,,,
2021-06-01,159232.SZ,南方中证全指自由现金流ETF,20250430,中证全指自由现金流指数,中证全指自由现金流指数收益率,南方基金管理股份有限公司,国信证券股份有限公司,股票型ETF,策略指数ETF,932365.CSI,,,,,,
2021-06-02,159232.SZ,南方中证全指自由现金流ETF,20250430,中证全指自由现金流指数,中证全指自由现金流指数收益率,南方基金管理股份有限公司,国信证券股份有限公司,股票型ETF,策略指数ETF,932365.CSI,,,,,,
2021-06-03,159232.SZ,南方中证全指自由现金流ETF,20250430,中证全指自由现金流指数,中证全指自由现金流指数收益率,南方基金管理股份有限公司,国信证券股份有限公司,股票型ETF,策略指数ETF,932365.CSI,,,,,,
2021-06-04,159232.SZ,南方中证全指自由现金流ETF,20250430,中证全指自由现金流指数,中证全指自由现金流指数收益率,南方基金管理股份有限公司,国信证券股份有限公司,股票型ETF,策略指数ETF,932365.CSI,,,,,,
2021-06-07,159232.SZ,南方中证全指自由现金流ETF,20250430,中证全指自由现金流指数,中证全指自由现金流指数收益率,南方基金管理股份有限公司,国信证券股份有限公司,股票型ETF,策略指数ETF,932365.CSI,,,,,,
2021-06-08,159232.SZ,南方中证全指自由现金流ETF,20250430,中证全指自由现金流指数,中证全指自由现金流指数收益率,南方基金管理股份有限公司,国信证券股份有限公司,股票型ETF,策略指数ETF,932365.CSI,,,,,,
2021-06-09,159232.SZ,南方中证全指自由现金流ETF,20250430,中证全指自由现金流指数,中证全指自由现金流指数收益率,南方基金管理股份有限公司,国信证券股份有限公司,股票型ETF,策略指数ETF,932365.CSI,,,,,,
2021-06-10,159232.SZ,南方中证全指自由现金流ETF,20250430,中证全指自由现金流指数,中证全指自由现金流指数收益率,南方基金管理股份有限公司,国信证券股份有限公司,股票型ETF,策略指数ETF,932365.CSI,,,,,,
2021-06-11,159232.SZ,南方中证全指自由现金流ETF,20250430,中证全指自由现金流指数,中证全指自由现金流指数收益率,南方基金管理股份有限公司,国信证券股份有限公司,股票型ETF,策略指数ETF,932365.CSI,,,,,,
2021-06-15,159232.SZ,南方中证全指自由现金流ETF,20250430,中证全指自由现金流指数,中证全指自由现金流指数收益率,南方基金管理股份有限公司,国信证券股份有限公司,股票型ETF,策略指数ETF,932365.CSI,,,,,,
2021-06-16,159232.SZ,南方中证全指自由现金流ETF,20250430,中证全指自由现金流指数,中证全指自由现金流指数收益率,南方基金管理股份有限公司,国信证券股份有限公司,股票型ETF,策略指数ETF,932365.CSI,,,,,,
2021-06-17,159232.SZ,南方中证全指自由现金流ETF,20250430,中证全指自由现金流指数,中证全指自由现金流指数收益率,南方基金管理股份有限公司,国信证券股份有限公司,股票型ETF,策略指数ETF,932365.CSI,,,,,,
2021-06-18,159232.SZ,南方中证全指自由现金流ETF,20250430,中证全指自由现金流指数,中证全指自由现金流指数收益率,南方基金管理股份有限公司,国信证券股份有限公司,股票型ETF,策略指数ETF,932365.CSI,,,,,,
2021-06-21,159232.SZ,南方中证全指自由现金流ETF,20250430,中证全指自由现金流指数,中证全指自由现金流指数收益率,南方基金管理股份有限公司,国信证券股份有限公司,股票型ETF,策略指数ETF,932365.CSI,,,,,,
2021-06-22,159232.SZ,南方中证全指自由现金流ETF,20250430,中证全指自由现金流指数,中证全指自由现金流指数收益率,南方基金管理股份有限公司,国信证券股份有限公司,股票型ETF,策略指数ETF,932365.CSI,,,,,,
2021-06-23,159232.SZ,南方中证全指自由现金流ETF,20250430,中证全指自由现金流指数,中证全指自由现金流指数收益率,南方基金管理股份有限公司,国信证券股份有限公司,股票型ETF,策略指数ETF,932365.CSI,,,,,,
2021-06-24,159232.SZ,南方中证全指自由现金流ETF,20250430,中证全指自由现金流指数,中证全指自由现金流指数收益率,南方基金管理股份有限公司,国信证券股份有限公司,股票型ETF,策略指数ETF,932365.CSI,,,,,,
2021-06-25,159232.SZ,南方中证全指自由现金流ETF,20250430,中证全指自由现金流指数,中证全指自由现金流指数收益率,南方基金管理股份有限公司,国信证券股份有限公司,股票型ETF,策略指数ETF,932365.CSI,,,,,,
2021-06-28,159232.SZ,南方中证全指自由现金流ETF,20250430,中证全指自由现金流指数,中证全指自由现金流指数收益率,南方基金管理股份有限公司,国信证券股份有限公司,股票型ETF,策略指数ETF,932365.CSI,,,,,,
2021-06-29,159232.SZ,南方中证全指自由现金流ETF,20250430,中证全指自由现金流指数,中证全指自由现金流指数收益率,南方基金管理股份有限公司,国信证券股份有限公司,股票型ETF,策略指数ETF,932365.CSI,,,,,,
2021-06-30,159232.SZ,南方中证全指自由现金流ETF,20250430,中证全指自由现金流指数,中证全指自由现金流指数收益率,南方基金管理股份有限公司,国信证券股份有限公司,股票型ETF,策略指数ETF,932365.CSI,,,,,,
2021-07-01,159232.SZ,南方中证全指自由现金流ETF,20250430,中证全指自由现金流指数,中证全指自由现金流指数收益率,南方基金管理股份有限公司,国信证券股份有限公司,股票型ETF,策略指数ETF,932365.CSI,,,,,,
2021-07-02,159232.SZ,南方中证全指自由现金流ETF,20250430,中证全指自由现金流指数,中证全指自由现金流指数收益率,南方基金管理股份有限公司,国信证券股份有限公司,股票型ETF,策略指数ETF,932365.CSI,,,,,,
2021-07-05,159232.SZ,南方中证全指自由现金流ETF,20250430,中证全指自由现金流指数,中证全指自由现金流指数收益率,南方基金管理股份有限公司,国信证券股份有限公司,股票型ETF,策略指数ETF,932365.CSI,,,,,,
2021-07-06,159232.SZ,南方中证全指自由现金流ETF,20250430,中证全指自由现金流指数,中证全指自由现金流指数收益率,南方基金管理股份有限公司,国信证券股份有限公司,股票型ETF,策略指数ETF,932365.CSI,,,,,,
2021-07-07,159232.SZ,南方中证全指自由现金流ETF,20250430,中证全指自由现金流指数,中证全指自由现金流指数收益率,南方基金管理股份有限公司,国信证券股份有限公司,股票型ETF,策略指数ETF,932365.CSI,,,,,,
2021-07-08,159232.SZ,南方中证全指自由现金流ETF,20250430,中证全指自由现金流指数,中证全指自由现金流指数收益率,南方基金管理股份有限公司,国信证券股份有限公司,股票型ETF,策略指数ETF,932365.CSI,,,,,,
2021-07-09,159232.SZ,南方中证全指自由现金流ETF,20250430,中证全指自由现金流指数,中证全指自由现金流指数收益率,南方基金管理股份有限公司,国信证券股份有限公司,股票型ETF,策略指数ETF,932365.CSI,,,,,,
2021-07-12,159232.SZ,南方中证全指自由现金流ETF,20250430,中证全指自由现金流指数,中证全指自由现金流指数收益率,南方基金管理股份有限公司,国信证券股份有限公司,股票型ETF,策略指数ETF,932365.CSI,,,,,,
2021-07-13,159232.SZ,南方中证全指自由现金流ETF,20250430,中证全指自由现金流指数,中证全指自由现金流指数收益率,南方基金管理股份有限公司,国信证券股份有限公司,股票型ETF,策略指数ETF,932365.CSI,,,,,,
2021-07-14,159232.SZ,南方中证全指自由现金流ETF,20250430,中证全指自由现金流指数,中证全指自由现金流指数收益率,南方基金管理股份有限公司,国信证券股份有限公司,股票型ETF,策略指数ETF,932365.CSI,,,,,,
2021-07-15,159232.SZ,南方中证全指自由现金流ETF,20250430,中证全指自由现金流指数,中证全指自由现金流指数收益率,南方基金管理股份有限公司,国信证券股份有限公司,股票型ETF,策略指数ETF,932365.CSI,,,,,,
2021-07-16,159232.SZ,南方中证全指自由现金流ETF,20250430,中证全指自由现金流指数,中证全指自由现金流指数收益率,南方基金管理股份有限公司,国信证券股份有限公司,股票型ETF,策略指数ETF,932365.CSI,,,,,,
2021-07-19,159232.SZ,南方中证全指自由现金流ETF,20250430,中证全指自由现金流指数,中证全指自由现金流指数收益率,南方基金管理股份有限公司,国信证券股份有限公司,股票型ETF,策略指数ETF,932365.CSI,,,,,,
2021-07-20,159232.SZ,南方中证全指自由现金流ETF,20250430,中证全指自由现金流指数,中证全指自由现金流指数收益率,南方基金管理股份有限公司,国信证券股份有限公司,股票型ETF,策略指数ETF,932365.CSI,,,,,,
2021-07-21,159232.SZ,南方中证全指自由现金流ETF,20250430,中证全指自由现金流指数,中证全指自由现金流指数收益率,南方基金管理股份有限公司,国信证券股份有限公司,股票型ETF,策略指数ETF,932365.CSI,,,,,,
2021-07-22,159232.SZ,南方中证全指自由现金流ETF,20250430,中证全指自由现金流指数,中证全指自由现金流指数收益率,南方基金管理股份有限公司,国信证券股份有限公司,股票型ETF,策略指数ETF,932365.CSI,,,,,,
2021-07-23,159232.SZ,南方中证全指自由现金流ETF,20250430,中证全指自由现金流指数,中证全指自由现金流指数收益率,南方基金管理股份有限公司,国信证券股份有限公司,股票型ETF,策略指数ETF,932365.CSI,,,,,,
2021-07-26,159232.SZ,南方中证全指自由现金流ETF,20250430,中证全指自由现金流指数,中证全指自由现金流指数收益率,南方基金管理股份有限公司,国信证券股份有限公司,股票型ETF,策略指数ETF,932365.CSI,,,,,,
2021-07-27,159232.SZ,南方中证全指自由现金流ETF,20250430,中证全指自由现金流指数,中证全指自由现金流指数收益率,南方基金管理股份有限公司,国信证券股份有限公司,股票型ETF,策略指数ETF,932365.CSI,,,,,,
2021-07-28,159232.SZ,南方中证全指自由现金流ETF,20250430,中证全指自由现金流指数,中证全指自由现金流指数收益率,南方基金管理股份有限公司,国信证券股份有限公司,股票型ETF,策略指数ETF,932365.CSI,,,,,,
2021-07-29,159232.SZ,南方中证全指自由现金流ETF,20250430,中证全指自由现金流指数,中证全指自由现金流指数收益率,南方基金管理股份有限公司,国信证券股份有限公司,股票型ETF,策略指数ETF,932365.CSI,,,,,,
2021-07-30,159232.SZ,南方中证全指自由现金流ETF,20250430,中证全指自由现金流指数,中证全指自由现金流指数收益率,南方基金管理股份有限公司,国信证券股份有限公司,股票型ETF,策略指数ETF,932365.CSI,,,,,,
2021-08-02,159232.SZ,南方中证全指自由现金流ETF,20250430,中证全指自由现金流指数,中证全指自由现金流指数收益率,南方基金管理股份有限公司,国信证券股份有限公司,股票型ETF,策略指数ETF,932365.CSI,,,,,,
2021-08-03,159232.SZ,南方中证全指自由现金流ETF,20250430,中证全指自由现金流指数,中证全指自由现金流指数收益率,南方基金管理股份有限公司,国信证券股份有限公司,股票型ETF,策略指数ETF,932365.CSI,,,,,,
2021-08-04,159232.SZ,南方中证全指自由现金流ETF,20250430,中证全指自由现金流指数,中证全指自由现金流指数收益率,南方基金管理股份有限公司,国信证券股份有限公司,股票型ETF,策略指数ETF,932365.CSI,,,,,,
2021-08-05,159232.SZ,南方中证全指自由现金流ETF,20250430,中证全指自由现金流指数,中证全指自由现金流指数收益率,南方基金管理股份有限公司,国信证券股份有限公司,股票型ETF,策略指数ETF,932365.CSI,,,,,,
2021-08-06,159232.SZ,南方中证全指自由现金流ETF,20250430,中证全指自由现金流指数,中证全指自由现金流指数收益率,南方基金管理股份有限公司,国信证券股份有限公司,股票型ETF,策略指数ETF,932365.CSI,,,,,,
2021-08-09,159232.SZ,南方中证全指自由现金流ETF,20250430,中证全指自由现金流指数,中证全指自由现金流指数收益率,南方基金管理股份有限公司,国信证券股份有限公司,股票型ETF,策略指数ETF,932365.CSI,,,,,,
2021-08-10,159232.SZ,南方中证全指自由现金流ETF,20250430,中证全指自由现金流指数,中证全指自由现金流指数收益率,南方基金管理股份有限公司,国信证券股份有限公司,股票型ETF,策略指数ETF,932365.CSI,,,,,,
2021-08-11,159232.SZ,南方中证全指自由现金流ETF,20250430,中证全指自由现金流指数,中证全指自由现金流指数收益率,南方基金管理股份有限公司,国信证券股份有限公司,股票型ETF,策略指数ETF,932365.CSI,,,,,,
2021-08-12,159232.SZ,南方中证全指自由现金流ETF,20250430,中证全指自由现金流指数,中证全指自由现金流指数收益率,南方基金管理股份有限公司,国信证券股份有限公司,股票型ETF,策略指数ETF,932365.CSI,,,,,,
2021-08-13,159232.SZ,南方中证全指自由现金流ETF,20250430,中证全指自由现金流指数,中证全指自由现金流指数收益率,南方基金管理股份有限公司,国信证券股份有限公司,股票型ETF,策略指数ETF,932365.CSI,,,,,,
2021-08-16,159232.SZ,南方中证全指自由现金流ETF,20250430,中证全指自由现金流指数,中证全指自由现金流指数收益率,南方基金管理股份有限公司,国信证券股份有限公司,股票型ETF,策略指数ETF,932365.CSI,,,,,,
2021-08-17,159232.SZ,南方中证全指自由现金流ETF,20250430,中证全指自由现金流指数,中证全指自由现金流指数收益率,南方基金管理股份有限公司,国信证券股份有限公司,股票型ETF,策略指数ETF,932365.CSI,,,,,,
2021-08-18,159232.SZ,南方中证全指自由现金流ETF,20250430,中证全指自由现金流指数,中证全指自由现金流指数收益率,南方基金管理股份有限公司,国信证券股份有限公司,股票型ETF,策略指数ETF,932365.CSI,,,,,,
2021-08-19,159232.SZ,南方中证全指自由现金流ETF,20250430,中证全指自由现金流指数,中证全指自由现金流指数收益率,南方基金管理股份有限公司,国信证券股份有限公司,股票型ETF,策略指数ETF,932365.CSI,,,,,,
2021-08-20,159232.SZ,南方中证全指自由现金流ETF,20250430,中证全指自由现金流指数,中证全指自由现金流指数收益率,南方基金管理股份有限公司,国信证券股份有限公司,股票型ETF,策略指数ETF,932365.CSI,,,,,,
2021-08-23,159232.SZ,南方中证全指自由现金流ETF,20250430,中证全指自由现金流指数,中证全指自由现金流指数收益率,南方基金管理股份有限公司,国信证券股份有限公司,股票型ETF,策略指数ETF,932365.CSI,,,,,,
2021-08-24,159232.SZ,南方中证全指自由现金流ETF,20250430,中证全指自由现金流指数,中证全指自由现金流指数收益率,南方基金管理股份有限公司,国信证券股份有限公司,股票型ETF,策略指数ETF,932365.CSI,,,,,,
2021-08-25,159232.SZ,南方中证全指自由现金流ETF,20250430,中证全指自由现金流指数,中证全指自由现金流指数收益率,南方基金管理股份有限公司,国信证券股份有限公司,股票型ETF,策略指数ETF,932365.CSI,,,,,,
2021-08-26,159232.SZ,南方中证全指自由现金流ETF,20250430,中证全指自由现金流指数,中证全指自由现金流指数收益率,南方基金管理股份有限公司,国信证券股份有限公司,股票型ETF,策略指数ETF,932365.CSI,,,,,,
2021-08-27,159232.SZ,南方中证全指自由现金流ETF,20250430,中证全指自由现金流指数,中证全指自由现金流指数收益率,南方基金管理股份有限公司,国信证券股份有限公司,股票型ETF,策略指数ETF,932365.CSI,,,,,,
2021-08-30,159232.SZ,南方中证全指自由现金流ETF,20250430,中证全指自由现金流指数,中证全指自由现金流指数收益率,南方基金管理股份有限公司,国信证券股份有限公司,股票型ETF,策略指数ETF,932365.CSI,,,,,,
2021-08-31,159232.SZ,南方中证全指自由现金流ETF,20250430,中证全指自由现金流指数,中证全指自由现金流指数收益率,南方基金管理股份有限公司,国信证券股份有限公司,股票型ETF,策略指数ETF,932365.CSI,,,,,,
2021-09-01,159232.SZ,南方中证全指自由现金流ETF,20250430,中证全指自由现金流指数,中证全指自由现金流指数收益率,南方基金管理股份有限公司,国信证券股份有限公司,股票型ETF,策略指数ETF,932365.CSI,,,,,,
2021-09-02,159232.SZ,南方中证全指自由现金流ETF,20250430,中证全指自由现金流指数,中证全指自由现金流指数收益率,南方基金管理股份有限公司,国信证券股份有限公司,股票型ETF,策略指数ETF,932365.CSI,,,,,,
2021-09-03,159232.SZ,南方中证全指自由现金流ETF,20250430,中证全指自由现金流指数,中证全指自由现金流指数收益率,南方基金管理股份有限公司,国信证券股份有限公司,股票型ETF,策略指数ETF,932365.CSI,,,,,,
2021-09-06,159232.SZ,南方中证全指自由现金流ETF,20250430,中证全指自由现金流指数,中证全指自由现金流指数收益率,南方基金管理股份有限公司,国信证券股份有限公司,股票型ETF,策略指数ETF,932365.CSI,,,,,,
2021-09-07,159232.SZ,南方中证全指自由现金流ETF,20250430,中证全指自由现金流指数,中证全指自由现金流指数收益率,南方基金管理股份有限公司,国信证券股份有限公司,股票型ETF,策略指数ETF,932365.CSI,,,,,,
2021-09-08,159232.SZ,南方中证全指自由现金流ETF,20250430,中证全指自由现金流指数,中证全指自由现金流指数收益率,南方基金管理股份有限公司,国信证券股份有限公司,股票型ETF,策略指数ETF,932365.CSI,,,,,,
2021-09-09,159232.SZ,南方中证全指自由现金流ETF,20250430,中证全指自由现金流指数,中证全指自由现金流指数收益率,南方基金管理股份有限公司,国信证券股份有限公司,股票型ETF,策略指数ETF,932365.CSI,,,,,,
2021-09-10,159232.SZ,南方中证全指自由现金流ETF,20250430,中证全指自由现金流指数,中证全指自由现金流指数收益率,南方基金管理股份有限公司,国信证券股份有限公司,股票型ETF,策略指数ETF,932365.CSI,,,,,,
2021-09-13,159232.SZ,南方中证全指自由现金流ETF,20250430,中证全指自由现金流指数,中证全指自由现金流指数收益率,南方基金管理股份有限公司,国信证券股份有限公司,股票型ETF,策略指数ETF,932365.CSI,,,,,,
2021-09-14,159232.SZ,南方中证全指自由现金流ETF,20250430,中证全指自由现金流指数,中证全指自由现金流指数收益率,南方基金管理股份有限公司,国信证券股份有限公司,股票型ETF,策略指数ETF,932365.CSI,,,,,,
2021-09-15,159232.SZ,南方中证全指自由现金流ETF,20250430,中证全指自由现金流指数,中证全指自由现金流指数收益率,南方基金管理股份有限公司,国信证券股份有限公司,股票型ETF,策略指数ETF,932365.CSI,,,,,,
2021-09-16,159232.SZ,南方中证全指自由现金流ETF,20250430,中证全指自由现金流指数,中证全指自由现金流指数收益率,南方基金管理股份有限公司,国信证券股份有限公司,股票型ETF,策略指数ETF,932365.CSI,,,,,,
2021-09-17,159232.SZ,南方中证全指自由现金流ETF,20250430,中证全指自由现金流指数,中证全指自由现金流指数收益率,南方基金管理股份有限公司,国信证券股份有限公司,股票型ETF,策略指数ETF,932365.CSI,,,,,,
2021-09-22,159232.SZ,南方中证全指自由现金流ETF,20250430,中证全指自由现金流指数,中证全指自由现金流指数收益率,南方基金管理股份有限公司,国信证券股份有限公司,股票型ETF,策略指数ETF,932365.CSI,,,,,,
2021-09-23,159232.SZ,南方中证全指自由现金流ETF,20250430,中证全指自由现金流指数,中证全指自由现金流指数收益率,南方基金管理股份有限公司,国信证券股份有限公司,股票型ETF,策略指数ETF,932365.CSI,,,,,,
2021-09-24,159232.SZ,南方中证全指自由现金流ETF,20250430,中证全指自由现金流指数,中证全指自由现金流指数收益率,南方基金管理股份有限公司,国信证券股份有限公司,股票型ETF,策略指数ETF,932365.CSI,,,,,,
2021-09-27,159232.SZ,南方中证全指自由现金流ETF,20250430,中证全指自由现金流指数,中证全指自由现金流指数收益率,南方基金管理股份有限公司,国信证券股份有限公司,股票型ETF,策略指数ETF,932365.CSI,,,,,,
2021-09-28,159232.SZ,南方中证全指自由现金流ETF,20250430,中证全指自由现金流指数,中证全指自由现金流指数收益率,南方基金管理股份有限公司,国信证券股份有限公司,股票型ETF,策略指数ETF,932365.CSI,,,,,,
2021-09-29,159232.SZ,南方中证全指自由现金流ETF,20250430,中证全指自由现金流指数,中证全指自由现金流指数收益率,南方基金管理股份有限公司,国信证券股份有限公司,股票型ETF,策略指数ETF,932365.CSI,,,,,,
2021-09-30,159232.SZ,南方中证全指自由现金流ETF,20250430,中证全指自由现金流指数,中证全指自由现金流指数收益率,南方基金管理股份有限公司,国信证券股份有限公司,股票型ETF,策略指数ETF,932365.CSI,,,,,,
2021-10-08,159232.SZ,南方中证全指自由现金流ETF,20250430,中证全指自由现金流指数,中证全指自由现金流指数收益率,南方基金管理股份有限公司,国信证券股份有限公司,股票型ETF,策略指数ETF,932365.CSI,,,,,,
2021-10-11,159232.SZ,南方中证全指自由现金流ETF,20250430,中证全指自由现金流指数,中证全指自由现金流指数收益率,南方基金管理股份有限公司,国信证券股份有限公司,股票型ETF,策略指数ETF,932365.CSI,,,,,,
2021-10-12,159232.SZ,南方中证全指自由现金流ETF,20250430,中证全指自由现金流指数,中证全指自由现金流指数收益率,南方基金管理股份有限公司,国信证券股份有限公司,股票型ETF,策略指数ETF,932365.CSI,,,,,,
2021-10-13,159232.SZ,南方中证全指自由现金流ETF,20250430,中证全指自由现金流指数,中证全指自由现金流指数收益率,南方基金管理股份有限公司,国信证券股份有限公司,股票型ETF,策略指数ETF,932365.CSI,,,,,,
2021-10-14,159232.SZ,南方中证全指自由现金流ETF,20250430,中证全指自由现金流指数,中证全指自由现金流指数收益率,南方基金管理股份有限公司,国信证券股份有限公司,股票型ETF,策略指数ETF,932365.CSI,,,,,,
2021-10-15,159232.SZ,南方中证全指自由现金流ETF,20250430,中证全指自由现金流指数,中证全指自由现金流指数收益率,南方基金管理股份有限公司,国信证券股份有限公司,股票型ETF,策略指数ETF,932365.CSI,,,,,,
2021-10-18,159232.SZ,南方中证全指自由现金流ETF,20250430,中证全指自由现金流指数,中证全指自由现金流指数收益率,南方基金管理股份有限公司,国信证券股份有限公司,股票型ETF,策略指数ETF,932365.CSI,,,,,,
2021-10-19,159232.SZ,南方中证全指自由现金流ETF,20250430,中证全指自由现金流指数,中证全指自由现金流指数收益率,南方基金管理股份有限公司,国信证券股份有限公司,股票型ETF,策略指数ETF,932365.CSI,,,,,,
2021-10-20,159232.SZ,南方中证全指自由现金流ETF,20250430,中证全指自由现金流指数,中证全指自由现金流指数收益率,南方基金管理股份有限公司,国信证券股份有限公司,股票型ETF,策略指数ETF,932365.CSI,,,,,,
2021-10-21,159232.SZ,南方中证全指自由现金流ETF,20250430,中证全指自由现金流指数,中证全指自由现金流指数收益率,南方基金管理股份有限公司,国信证券股份有限公司,股票型ETF,策略指数ETF,932365.CSI,,,,,,
2021-10-22,159232.SZ,南方中证全指自由现金流ETF,20250430,中证全指自由现金流指数,中证全指自由现金流指数收益率,南方基金管理股份有限公司,国信证券股份有限公司,股票型ETF,策略指数ETF,932365.CSI,,,,,,
2021-10-25,159232.SZ,南方中证全指自由现金流ETF,20250430,中证全指自由现金流指数,中证全指自由现金流指数收益率,南方基金管理股份有限公司,国信证券股份有限公司,股票型ETF,策略指数ETF,932365.CSI,,,,,,
2021-10-26,159232.SZ,南方中证全指自由现金流ETF,20250430,中证全指自由现金流指数,中证全指自由现金流指数收益率,南方基金管理股份有限公司,国信证券股份有限公司,股票型ETF,策略指数ETF,932365.CSI,,,,,,
2021-10-27,159232.SZ,南方中证全指自由现金流ETF,20250430,中证全指自由现金流指数,中证全指自由现金流指数收益率,南方基金管理股份有限公司,国信证券股份有限公司,股票型ETF,策略指数ETF,932365.CSI,,,,,,
2021-10-28,159232.SZ,南方中证全指自由现金流ETF,20250430,中证全指自由现金流指数,中证全指自由现金流指数收益率,南方基金管理股份有限公司,国信证券股份有限公司,股票型ETF,策略指数ETF,932365.CSI,,,,,,
2021-10-29,159232.SZ,南方中证全指自由现金流ETF,20250430,中证全指自由现金流指数,中证全指自由现金流指数收益率,南方基金管理股份有限公司,国信证券股份有限公司,股票型ETF,策略指数ETF,932365.CSI,,,,,,
2021-11-01,159232.SZ,南方中证全指自由现金流ETF,20250430,中证全指自由现金流指数,中证全指自由现金流指数收益率,南方基金管理股份有限公司,国信证券股份有限公司,股票型ETF,策略指数ETF,932365.CSI,,,,,,
2021-11-02,159232.SZ,南方中证全指自由现金流ETF,20250430,中证全指自由现金流指数,中证全指自由现金流指数收益率,南方基金管理股份有限公司,国信证券股份有限公司,股票型ETF,策略指数ETF,932365.CSI,,,,,,
2021-11-03,159232.SZ,南方中证全指自由现金流ETF,20250430,中证全指自由现金流指数,中证全指自由现金流指数收益率,南方基金管理股份有限公司,国信证券股份有限公司,股票型ETF,策略指数ETF,932365.CSI,,,,,,
2021-11-04,159232.SZ,南方中证全指自由现金流ETF,20250430,中证全指自由现金流指数,中证全指自由现金流指数收益率,南方基金管理股份有限公司,国信证券股份有限公司,股票型ETF,策略指数ETF,932365.CSI,,,,,,
2021-11-05,159232.SZ,南方中证全指自由现金流ETF,20250430,中证全指自由现金流指数,中证全指自由现金流指数收益率,南方基金管理股份有限公司,国信证券股份有限公司,股票型ETF,策略指数ETF,932365.CSI,,,,,,
2021-11-08,159232.SZ,南方中证全指自由现金流ETF,20250430,中证全指自由现金流指数,中证全指自由现金流指数收益率,南方基金管理股份有限公司,国信证券股份有限公司,股票型ETF,策略指数ETF,932365.CSI,,,,,,
2021-11-09,159232.SZ,南方中证全指自由现金流ETF,20250430,中证全指自由现金流指数,中证全指自由现金流指数收益率,南方基金管理股份有限公司,国信证券股份有限公司,股票型ETF,策略指数ETF,932365.CSI,,,,,,
2021-11-10,159232.SZ,南方中证全指自由现金流ETF,20250430,中证全指自由现金流指数,中证全指自由现金流指数收益率,南方基金管理股份有限公司,国信证券股份有限公司,股票型ETF,策略指数ETF,932365.CSI,,,,,,
2021-11-11,159232.SZ,南方中证全指自由现金流ETF,20250430,中证全指自由现金流指数,中证全指自由现金流指数收益率,南方基金管理股份有限公司,国信证券股份有限公司,股票型ETF,策略指数ETF,932365.CSI,,,,,,
2021-11-12,159232.SZ,南方中证全指自由现金流ETF,20250430,中证全指自由现金流指数,中证全指自由现金流指数收益率,南方基金管理股份有限公司,国信证券股份有限公司,股票型ETF,策略指数ETF,932365.CSI,,,,,,
2021-11-15,159232.SZ,南方中证全指自由现金流ETF,20250430,中证全指自由现金流指数,中证全指自由现金流指数收益率,南方基金管理股份有限公司,国信证券股份有限公司,股票型ETF,策略指数ETF,932365.CSI,,,,,,
2021-11-16,159232.SZ,南方中证全指自由现金流ETF,20250430,中证全指自由现金流指数,中证全指自由现金流指数收益率,南方基金管理股份有限公司,国信证券股份有限公司,股票型ETF,策略指数ETF,932365.CSI,,,,,,
2021-11-17,159232.SZ,南方中证全指自由现金流ETF,20250430,中证全指自由现金流指数,中证全指自由现金流指数收益率,南方基金管理股份有限公司,国信证券股份有限公司,股票型ETF,策略指数ETF,932365.CSI,,,,,,
2021-11-18,159232.SZ,南方中证全指自由现金流ETF,20250430,中证全指自由现金流指数,中证全指自由现金流指数收益率,南方基金管理股份有限公司,国信证券股份有限公司,股票型ETF,策略指数ETF,932365.CSI,,,,,,
2021-11-19,159232.SZ,南方中证全指自由现金流ETF,20250430,中证全指自由现金流指数,中证全指自由现金流指数收益率,南方基金管理股份有限公司,国信证券股份有限公司,股票型ETF,策略指数ETF,932365.CSI,,,,,,
2021-11-22,159232.SZ,南方中证全指自由现金流ETF,20250430,中证全指自由现金流指数,中证全指自由现金流指数收益率,南方基金管理股份有限公司,国信证券股份有限公司,股票型ETF,策略指数ETF,932365.CSI,,,,,,
2021-11-23,159232.SZ,南方中证全指自由现金流ETF,20250430,中证全指自由现金流指数,中证全指自由现金流指数收益率,南方基金管理股份有限公司,国信证券股份有限公司,股票型ETF,策略指数ETF,932365.CSI,,,,,,
2021-11-24,159232.SZ,南方中证全指自由现金流ETF,20250430,中证全指自由现金流指数,中证全指自由现金流指数收益率,南方基金管理股份有限公司,国信证券股份有限公司,股票型ETF,策略指数ETF,932365.CSI,,,,,,
2021-11-25,159232.SZ,南方中证全指自由现金流ETF,20250430,中证全指自由现金流指数,中证全指自由现金流指数收益率,南方基金管理股份有限公司,国信证券股份有限公司,股票型ETF,策略指数ETF,932365.CSI,,,,,,
2021-11-26,159232.SZ,南方中证全指自由现金流ETF,20250430,中证全指自由现金流指数,中证全指自由现金流指数收益率,南方基金管理股份有限公司,国信证券股份有限公司,股票型ETF,策略指数ETF,932365.CSI,,,,,,
2021-11-29,159232.SZ,南方中证全指自由现金流ETF,20250430,中证全指自由现金流指数,中证全指自由现金流指数收益率,南方基金管理股份有限公司,国信证券股份有限公司,股票型ETF,策略指数ETF,932365.CSI,,,,,,
2021-11-30,159232.SZ,南方中证全指自由现金流ETF,20250430,中证全指自由现金流指数,中证全指自由现金流指数收益率,南方基金管理股份有限公司,国信证券股份有限公司,股票型ETF,策略指数ETF,932365.CSI,,,,,,
2021-12-01,159232.SZ,南方中证全指自由现金流ETF,20250430,中证全指自由现金流指数,中证全指自由现金流指数收益率,南方基金管理股份有限公司,国信证券股份有限公司,股票型ETF,策略指数ETF,932365.CSI,,,,,,
2021-12-02,159232.SZ,南方中证全指自由现金流ETF,20250430,中证全指自由现金流指数,中证全指自由现金流指数收益率,南方基金管理股份有限公司,国信证券股份有限公司,股票型ETF,策略指数ETF,932365.CSI,,,,,,
2021-12-03,159232.SZ,南方中证全指自由现金流ETF,20250430,中证全指自由现金流指数,中证全指自由现金流指数收益率,南方基金管理股份有限公司,国信证券股份有限公司,股票型ETF,策略指数ETF,932365.CSI,,,,,,
2021-12-06,159232.SZ,南方中证全指自由现金流ETF,20250430,中证全指自由现金流指数,中证全指自由现金流指数收益率,南方基金管理股份有限公司,国信证券股份有限公司,股票型ETF,策略指数ETF,932365.CSI,,,,,,
2021-12-07,159232.SZ,南方中证全指自由现金流ETF,20250430,中证全指自由现金流指数,中证全指自由现金流指数收益率,南方基金管理股份有限公司,国信证券股份有限公司,股票型ETF,策略指数ETF,932365.CSI,,,,,,
2021-12-08,159232.SZ,南方中证全指自由现金流ETF,20250430,中证全指自由现金流指数,中证全指自由现金流指数收益率,南方基金管理股份有限公司,国信证券股份有限公司,股票型ETF,策略指数ETF,932365.CSI,,,,,,
2021-12-09,159232.SZ,南方中证全指自由现金流ETF,20250430,中证全指自由现金流指数,中证全指自由现金流指数收益率,南方基金管理股份有限公司,国信证券股份有限公司,股票型ETF,策略指数ETF,932365.CSI,,,,,,
2021-12-10,159232.SZ,南方中证全指自由现金流ETF,20250430,中证全指自由现金流指数,中证全指自由现金流指数收益率,南方基金管理股份有限公司,国信证券股份有限公司,股票型ETF,策略指数ETF,932365.CSI,,,,,,
2021-12-13,159232.SZ,南方中证全指自由现金流ETF,20250430,中证全指自由现金流指数,中证全指自由现金流指数收益率,南方基金管理股份有限公司,国信证券股份有限公司,股票型ETF,策略指数ETF,932365.CSI,,,,,,
2021-12-14,159232.SZ,南方中证全指自由现金流ETF,20250430,中证全指自由现金流指数,中证全指自由现金流指数收益率,南方基金管理股份有限公司,国信证券股份有限公司,股票型ETF,策略指数ETF,932365.CSI,,,,,,
2021-12-15,159232.SZ,南方中证全指自由现金流ETF,20250430,中证全指自由现金流指数,中证全指自由现金流指数收益率,南方基金管理股份有限公司,国信证券股份有限公司,股票型ETF,策略指数ETF,932365.CSI,,,,,,
2021-12-16,159232.SZ,南方中证全指自由现金流ETF,20250430,中证全指自由现金流指数,中证全指自由现金流指数收益率,南方基金管理股份有限公司,国信证券股份有限公司,股票型ETF,策略指数ETF,932365.CSI,,,,,,
2021-12-17,159232.SZ,南方中证全指自由现金流ETF,20250430,中证全指自由现金流指数,中证全指自由现金流指数收益率,南方基金管理股份有限公司,国信证券股份有限公司,股票型ETF,策略指数ETF,932365.CSI,,,,,,
2021-12-20,159232.SZ,南方中证全指自由现金流ETF,20250430,中证全指自由现金流指数,中证全指自由现金流指数收益率,南方基金管理股份有限公司,国信证券股份有限公司,股票型ETF,策略指数ETF,932365.CSI,,,,,,
2021-12-21,159232.SZ,南方中证全指自由现金流ETF,20250430,中证全指自由现金流指数,中证全指自由现金流指数收益率,南方基金管理股份有限公司,国信证券股份有限公司,股票型ETF,策略指数ETF,932365.CSI,,,,,,
2021-12-22,159232.SZ,南方中证全指自由现金流ETF,20250430,中证全指自由现金流指数,中证全指自由现金流指数收益率,南方基金管理股份有限公司,国信证券股份有限公司,股票型ETF,策略指数ETF,932365.CSI,,,,,,
2021-12-23,159232.SZ,南方中证全指自由现金流ETF,20250430,中证全指自由现金流指数,中证全指自由现金流指数收益率,南方基金管理股份有限公司,国信证券股份有限公司,股票型ETF,策略指数ETF,932365.CSI,,,,,,
2021-12-24,159232.SZ,南方中证全指自由现金流ETF,20250430,中证全指自由现金流指数,中证全指自由现金流指数收益率,南方基金管理股份有限公司,国信证券股份有限公司,股票型ETF,策略指数ETF,932365.CSI,,,,,,
2021-12-27,159232.SZ,南方中证全指自由现金流ETF,20250430,中证全指自由现金流指数,中证全指自由现金流指数收益率,南方基金管理股份有限公司,国信证券股份有限公司,股票型ETF,策略指数ETF,932365.CSI,,,,,,
2021-12-28,159232.SZ,南方中证全指自由现金流ETF,20250430,中证全指自由现金流指数,中证全指自由现金流指数收益率,南方基金管理股份有限公司,国信证券股份有限公司,股票型ETF,策略指数ETF,932365.CSI,,,,,,
2021-12-29,159232.SZ,南方中证全指自由现金流ETF,20250430,中证全指自由现金流指数,中证全指自由现金流指数收益率,南方基金管理股份有限公司,国信证券股份有限公司,股票型ETF,策略指数ETF,932365.CSI,,,,,,
2021-12-30,159232.SZ,南方中证全指自由现金流ETF,20250430,中证全指自由现金流指数,中证全指自由现金流指数收益率,南方基金管理股份有限公司,国信证券股份有限公司,股票型ETF,策略指数ETF,932365.CSI,,,,,,
2021-12-31,159232.SZ,南方中证全指自由现金流ETF,20250430,中证全指自由现金流指数,中证全指自由现金流指数收益率,南方基金管理股份有限公司,国信证券股份有限公司,股票型ETF,策略指数ETF,932365.CSI,,,,,,
2022-01-04,159232.SZ,南方中证全指自由现金流ETF,20250430,中证全指自由现金流指数,中证全指自由现金流指数收益率,南方基金管理股份有限公司,国信证券股份有限公司,股票型ETF,策略指数ETF,932365.CSI,,,,,,
2022-01-05,159232.SZ,南方中证全指自由现金流ETF,20250430,中证全指自由现金流指数,中证全指自由现金流指数收益率,南方基金管理股份有限公司,国信证券股份有限公司,股票型ETF,策略指数ETF,932365.CSI,,,,,,
2022-01-06,159232.SZ,南方中证全指自由现金流ETF,20250430,中证全指自由现金流指数,中证全指自由现金流指数收益率,南方基金管理股份有限公司,国信证券股份有限公司,股票型ETF,策略指数ETF,932365.CSI,,,,,,
2022-01-07,159232.SZ,南方中证全指自由现金流ETF,20250430,中证全指自由现金流指数,中证全指自由现金流指数收益率,南方基金管理股份有限公司,国信证券股份有限公司,股票型ETF,策略指数ETF,932365.CSI,,,,,,
2022-01-10,159232.SZ,南方中证全指自由现金流ETF,20250430,中证全指自由现金流指数,中证全指自由现金流指数收益率,南方基金管理股份有限公司,国信证券股份有限公司,股票型ETF,策略指数ETF,932365.CSI,,,,,,
2022-01-11,159232.SZ,南方中证全指自由现金流ETF,20250430,中证全指自由现金流指数,中证全指自由现金流指数收益率,南方基金管理股份有限公司,国信证券股份有限公司,股票型ETF,策略指数ETF,932365.CSI,,,,,,
2022-01-12,159232.SZ,南方中证全指自由现金流ETF,20250430,中证全指自由现金流指数,中证全指自由现金流指数收益率,南方基金管理股份有限公司,国信证券股份有限公司,股票型ETF,策略指数ETF,932365.CSI,,,,,,
2022-01-13,159232.SZ,南方中证全指自由现金流ETF,20250430,中证全指自由现金流指数,中证全指自由现金流指数收益率,南方基金管理股份有限公司,国信证券股份有限公司,股票型ETF,策略指数ETF,932365.CSI,,,,,,
2022-01-14,159232.SZ,南方中证全指自由现金流ETF,20250430,中证全指自由现金流指数,中证全指自由现金流指数收益率,南方基金管理股份有限公司,国信证券股份有限公司,股票型ETF,策略指数ETF,932365.CSI,,,,,,
2022-01-17,159232.SZ,南方中证全指自由现金流ETF,20250430,中证全指自由现金流指数,中证全指自由现金流指数收益率,南方基金管理股份有限公司,国信证券股份有限公司,股票型ETF,策略指数ETF,932365.CSI,,,,,,
2022-01-18,159232.SZ,南方中证全指自由现金流ETF,20250430,中证全指自由现金流指数,中证全指自由现金流指数收益率,南方基金管理股份有限公司,国信证券股份有限公司,股票型ETF,策略指数ETF,932365.CSI,,,,,,
2022-01-19,159232.SZ,南方中证全指自由现金流ETF,20250430,中证全指自由现金流指数,中证全指自由现金流指数收益率,南方基金管理股份有限公司,国信证券股份有限公司,股票型ETF,策略指数ETF,932365.CSI,,,,,,
2022-01-20,159232.SZ,南方中证全指自由现金流ETF,20250430,中证全指自由现金流指数,中证全指自由现金流指数收益率,南方基金管理股份有限公司,国信证券股份有限公司,股票型ETF,策略指数ETF,932365.CSI,,,,,,
2022-01-21,159232.SZ,南方中证全指自由现金流ETF,20250430,中证全指自由现金流指数,中证全指自由现金流指数收益率,南方基金管理股份有限公司,国信证券股份有限公司,股票型ETF,策略指数ETF,932365.CSI,,,,,,
2022-01-24,159232.SZ,南方中证全指自由现金流ETF,20250430,中证全指自由现金流指数,中证全指自由现金流指数收益率,南方基金管理股份有限公司,国信证券股份有限公司,股票型ETF,策略指数ETF,932365.CSI,,,,,,
2022-01-25,159232.SZ,南方中证全指自由现金流ETF,20250430,中证全指自由现金流指数,中证全指自由现金流指数收益率,南方基金管理股份有限公司,国信证券股份有限公司,股票型ETF,策略指数ETF,932365.CSI,,,,,,
2022-01-26,159232.SZ,南方中证全指自由现金流ETF,20250430,中证全指自由现金流指数,中证全指自由现金流指数收益率,南方基金管理股份有限公司,国信证券股份有限公司,股票型ETF,策略指数ETF,932365.CSI,,,,,,
2022-01-27,159232.SZ,南方中证全指自由现金流ETF,20250430,中证全指自由现金流指数,中证全指自由现金流指数收益率,南方基金管理股份有限公司,国信证券股份有限公司,股票型ETF,策略指数ETF,932365.CSI,,,,,,
2022-01-28,159232.SZ,南方中证全指自由现金流ETF,20250430,中证全指自由现金流指数,中证全指自由现金流指数收益率,南方基金管理股份有限公司,国信证券股份有限公司,股票型ETF,策略指数ETF,932365.CSI,,,,,,
2022-02-07,159232.SZ,南方中证全指自由现金流ETF,20250430,中证全指自由现金流指数,中证全指自由现金流指数收益率,南方基金管理股份有限公司,国信证券股份有限公司,股票型ETF,策略指数ETF,932365.CSI,,,,,,
2022-02-08,159232.SZ,南方中证全指自由现金流ETF,20250430,中证全指自由现金流指数,中证全指自由现金流指数收益率,南方基金管理股份有限公司,国信证券股份有限公司,股票型ETF,策略指数ETF,932365.CSI,,,,,,
2022-02-09,159232.SZ,南方中证全指自由现金流ETF,20250430,中证全指自由现金流指数,中证全指自由现金流指数收益率,南方基金管理股份有限公司,国信证券股份有限公司,股票型ETF,策略指数ETF,932365.CSI,,,,,,
2022-02-10,159232.SZ,南方中证全指自由现金流ETF,20250430,中证全指自由现金流指数,中证全指自由现金流指数收益率,南方基金管理股份有限公司,国信证券股份有限公司,股票型ETF,策略指数ETF,932365.CSI,,,,,,
2022-02-11,159232.SZ,南方中证全指自由现金流ETF,20250430,中证全指自由现金流指数,中证全指自由现金流指数收益率,南方基金管理股份有限公司,国信证券股份有限公司,股票型ETF,策略指数ETF,932365.CSI,,,,,,
2022-02-14,159232.SZ,南方中证全指自由现金流ETF,20250430,中证全指自由现金流指数,中证全指自由现金流指数收益率,南方基金管理股份有限公司,国信证券股份有限公司,股票型ETF,策略指数ETF,932365.CSI,,,,,,
2022-02-15,159232.SZ,南方中证全指自由现金流ETF,20250430,中证全指自由现金流指数,中证全指自由现金流指数收益率,南方基金管理股份有限公司,国信证券股份有限公司,股票型ETF,策略指数ETF,932365.CSI,,,,,,
2022-02-16,159232.SZ,南方中证全指自由现金流ETF,20250430,中证全指自由现金流指数,中证全指自由现金流指数收益率,南方基金管理股份有限公司,国信证券股份有限公司,股票型ETF,策略指数ETF,932365.CSI,,,,,,
2022-02-17,159232.SZ,南方中证全指自由现金流ETF,20250430,中证全指自由现金流指数,中证全指自由现金流指数收益率,南方基金管理股份有限公司,国信证券股份有限公司,股票型ETF,策略指数ETF,932365.CSI,,,,,,
2022-02-18,159232.SZ,南方中证全指自由现金流ETF,20250430,中证全指自由现金流指数,中证全指自由现金流指数收益率,南方基金管理股份有限公司,国信证券股份有限公司,股票型ETF,策略指数ETF,932365.CSI,,,,,,
2022-02-21,159232.SZ,南方中证全指自由现金流ETF,20250430,中证全指自由现金流指数,中证全指自由现金流指数收益率,南方基金管理股份有限公司,国信证券股份有限公司,股票型ETF,策略指数ETF,932365.CSI,,,,,,
2022-02-22,159232.SZ,南方中证全指自由现金流ETF,20250430,中证全指自由现金流指数,中证全指自由现金流指数收益率,南方基金管理股份有限公司,国信证券股份有限公司,股票型ETF,策略指数ETF,932365.CSI,,,,,,
2022-02-23,159232.SZ,南方中证全指自由现金流ETF,20250430,中证全指自由现金流指数,中证全指自由现金流指数收益率,南方基金管理股份有限公司,国信证券股份有限公司,股票型ETF,策略指数ETF,932365.CSI,,,,,,
2022-02-24,159232.SZ,南方中证全指自由现金流ETF,20250430,中证全指自由现金流指数,中证全指自由现金流指数收益率,南方基金管理股份有限公司,国信证券股份有限公司,股票型ETF,策略指数ETF,932365.CSI,,,,,,
2022-02-25,159232.SZ,南方中证全指自由现金流ETF,20250430,中证全指自由现金流指数,中证全指自由现金流指数收益率,南方基金管理股份有限公司,国信证券股份有限公司,股票型ETF,策略指数ETF,932365.CSI,,,,,,
2022-02-28,159232.SZ,南方中证全指自由现金流ETF,20250430,中证全指自由现金流指数,中证全指自由现金流指数收益率,南方基金管理股份有限公司,国信证券股份有限公司,股票型ETF,策略指数ETF,932365.CSI,,,,,,
2022-03-01,159232.SZ,南方中证全指自由现金流ETF,20250430,中证全指自由现金流指数,中证全指自由现金流指数收益率,南方基金管理股份有限公司,国信证券股份有限公司,股票型ETF,策略指数ETF,932365.CSI,,,,,,
2022-03-02,159232.SZ,南方中证全指自由现金流ETF,20250430,中证全指自由现金流指数,中证全指自由现金流指数收益率,南方基金管理股份有限公司,国信证券股份有限公司,股票型ETF,策略指数ETF,932365.CSI,,,,,,
2022-03-03,159232.SZ,南方中证全指自由现金流ETF,20250430,中证全指自由现金流指数,中证全指自由现金流指数收益率,南方基金管理股份有限公司,国信证券股份有限公司,股票型ETF,策略指数ETF,932365.CSI,,,,,,
2022-03-04,159232.SZ,南方中证全指自由现金流ETF,20250430,中证全指自由现金流指数,中证全指自由现金流指数收益率,南方基金管理股份有限公司,国信证券股份有限公司,股票型ETF,策略指数ETF,932365.CSI,,,,,,
2022-03-07,159232.SZ,南方中证全指自由现金流ETF,20250430,中证全指自由现金流指数,中证全指自由现金流指数收益率,南方基金管理股份有限公司,国信证券股份有限公司,股票型ETF,策略指数ETF,932365.CSI,,,,,,
2022-03-08,159232.SZ,南方中证全指自由现金流ETF,20250430,中证全指自由现金流指数,中证全指自由现金流指数收益率,南方基金管理股份有限公司,国信证券股份有限公司,股票型ETF,策略指数ETF,932365.CSI,,,,,,
2022-03-09,159232.SZ,南方中证全指自由现金流ETF,20250430,中证全指自由现金流指数,中证全指自由现金流指数收益率,南方基金管理股份有限公司,国信证券股份有限公司,股票型ETF,策略指数ETF,932365.CSI,,,,,,
2022-03-10,159232.SZ,南方中证全指自由现金流ETF,20250430,中证全指自由现金流指数,中证全指自由现金流指数收益率,南方基金管理股份有限公司,国信证券股份有限公司,股票型ETF,策略指数ETF,932365.CSI,,,,,,
2022-03-11,159232.SZ,南方中证全指自由现金流ETF,20250430,中证全指自由现金流指数,中证全指自由现金流指数收益率,南方基金管理股份有限公司,国信证券股份有限公司,股票型ETF,策略指数ETF,932365.CSI,,,,,,
2022-03-14,159232.SZ,南方中证全指自由现金流ETF,20250430,中证全指自由现金流指数,中证全指自由现金流指数收益率,南方基金管理股份有限公司,国信证券股份有限公司,股票型ETF,策略指数ETF,932365.CSI,,,,,,
2022-03-15,159232.SZ,南方中证全指自由现金流ETF,20250430,中证全指自由现金流指数,中证全指自由现金流指数收益率,南方基金管理股份有限公司,国信证券股份有限公司,股票型ETF,策略指数ETF,932365.CSI,,,,,,
2022-03-16,159232.SZ,南方中证全指自由现金流ETF,20250430,中证全指自由现金流指数,中证全指自由现金流指数收益率,南方基金管理股份有限公司,国信证券股份有限公司,股票型ETF,策略指数ETF,932365.CSI,,,,,,
2022-03-17,159232.SZ,南方中证全指自由现金流ETF,20250430,中证全指自由现金流指数,中证全指自由现金流指数收益率,南方基金管理股份有限公司,国信证券股份有限公司,股票型ETF,策略指数ETF,932365.CSI,,,,,,
2022-03-18,159232.SZ,南方中证全指自由现金流ETF,20250430,中证全指自由现金流指数,中证全指自由现金流指数收益率,南方基金管理股份有限公司,国信证券股份有限公司,股票型ETF,策略指数ETF,932365.CSI,,,,,,
2022-03-21,159232.SZ,南方中证全指自由现金流ETF,20250430,中证全指自由现金流指数,中证全指自由现金流指数收益率,南方基金管理股份有限公司,国信证券股份有限公司,股票型ETF,策略指数ETF,932365.CSI,,,,,,
2022-03-22,159232.SZ,南方中证全指自由现金流ETF,20250430,中证全指自由现金流指数,中证全指自由现金流指数收益率,南方基金管理股份有限公司,国信证券股份有限公司,股票型ETF,策略指数ETF,932365.CSI,,,,,,
2022-03-23,159232.SZ,南方中证全指自由现金流ETF,20250430,中证全指自由现金流指数,中证全指自由现金流指数收益率,南方基金管理股份有限公司,国信证券股份有限公司,股票型ETF,策略指数ETF,932365.CSI,,,,,,
2022-03-24,159232.SZ,南方中证全指自由现金流ETF,20250430,中证全指自由现金流指数,中证全指自由现金流指数收益率,南方基金管理股份有限公司,国信证券股份有限公司,股票型ETF,策略指数ETF,932365.CSI,,,,,,
2022-03-25,159232.SZ,南方中证全指自由现金流ETF,20250430,中证全指自由现金流指数,中证全指自由现金流指数收益率,南方基金管理股份有限公司,国信证券股份有限公司,股票型ETF,策略指数ETF,932365.CSI,,,,,,
2022-03-28,159232.SZ,南方中证全指自由现金流ETF,20250430,中证全指自由现金流指数,中证全指自由现金流指数收益率,南方基金管理股份有限公司,国信证券股份有限公司,股票型ETF,策略指数ETF,932365.CSI,,,,,,
2022-03-29,159232.SZ,南方中证全指自由现金流ETF,20250430,中证全指自由现金流指数,中证全指自由现金流指数收益率,南方基金管理股份有限公司,国信证券股份有限公司,股票型ETF,策略指数ETF,932365.CSI,,,,,,
2022-03-30,159232.SZ,南方中证全指自由现金流ETF,20250430,中证全指自由现金流指数,中证全指自由现金流指数收益率,南方基金管理股份有限公司,国信证券股份有限公司,股票型ETF,策略指数ETF,932365.CSI,,,,,,
2022-03-31,159232.SZ,南方中证全指自由现金流ETF,20250430,中证全指自由现金流指数,中证全指自由现金流指数收益率,南方基金管理股份有限公司,国信证券股份有限公司,股票型ETF,策略指数ETF,932365.CSI,,,,,,
2022-04-01,159232.SZ,南方中证全指自由现金流ETF,20250430,中证全指自由现金流指数,中证全指自由现金流指数收益率,南方基金管理股份有限公司,国信证券股份有限公司,股票型ETF,策略指数ETF,932365.CSI,,,,,,
2022-04-06,159232.SZ,南方中证全指自由现金流ETF,20250430,中证全指自由现金流指数,中证全指自由现金流指数收益率,南方基金管理股份有限公司,国信证券股份有限公司,股票型ETF,策略指数ETF,932365.CSI,,,,,,
2022-04-07,159232.SZ,南方中证全指自由现金流ETF,20250430,中证全指自由现金流指数,中证全指自由现金流指数收益率,南方基金管理股份有限公司,国信证券股份有限公司,股票型ETF,策略指数ETF,932365.CSI,,,,,,
2022-04-08,159232.SZ,南方中证全指自由现金流ETF,20250430,中证全指自由现金流指数,中证全指自由现金流指数收益率,南方基金管理股份有限公司,国信证券股份有限公司,股票型ETF,策略指数ETF,932365.CSI,,,,,,
2022-04-11,159232.SZ,南方中证全指自由现金流ETF,20250430,中证全指自由现金流指数,中证全指自由现金流指数收益率,南方基金管理股份有限公司,国信证券股份有限公司,股票型ETF,策略指数ETF,932365.CSI,,,,,,
2022-04-12,159232.SZ,南方中证全指自由现金流ETF,20250430,中证全指自由现金流指数,中证全指自由现金流指数收益率,南方基金管理股份有限公司,国信证券股份有限公司,股票型ETF,策略指数ETF,932365.CSI,,,,,,
2022-04-13,159232.SZ,南方中证全指自由现金流ETF,20250430,中证全指自由现金流指数,中证全指自由现金流指数收益率,南方基金管理股份有限公司,国信证券股份有限公司,股票型ETF,策略指数ETF,932365.CSI,,,,,,
2022-04-14,159232.SZ,南方中证全指自由现金流ETF,20250430,中证全指自由现金流指数,中证全指自由现金流指数收益率,南方基金管理股份有限公司,国信证券股份有限公司,股票型ETF,策略指数ETF,932365.CSI,,,,,,
2022-04-15,159232.SZ,南方中证全指自由现金流ETF,20250430,中证全指自由现金流指数,中证全指自由现金流指数收益率,南方基金管理股份有限公司,国信证券股份有限公司,股票型ETF,策略指数ETF,932365.CSI,,,,,,
2022-04-18,159232.SZ,南方中证全指自由现金流ETF,20250430,中证全指自由现金流指数,中证全指自由现金流指数收益率,南方基金管理股份有限公司,国信证券股份有限公司,股票型ETF,策略指数ETF,932365.CSI,,,,,,
2022-04-19,159232.SZ,南方中证全指自由现金流ETF,20250430,中证全指自由现金流指数,中证全指自由现金流指数收益率,南方基金管理股份有限公司,国信证券股份有限公司,股票型ETF,策略指数ETF,932365.CSI,,,,,,
2022-04-20,159232.SZ,南方中证全指自由现金流ETF,20250430,中证全指自由现金流指数,中证全指自由现金流指数收益率,南方基金管理股份有限公司,国信证券股份有限公司,股票型ETF,策略指数ETF,932365.CSI,,,,,,
2022-04-21,159232.SZ,南方中证全指自由现金流ETF,20250430,中证全指自由现金流指数,中证全指自由现金流指数收益率,南方基金管理股份有限公司,国信证券股份有限公司,股票型ETF,策略指数ETF,932365.CSI,,,,,,
2022-04-22,159232.SZ,南方中证全指自由现金流ETF,20250430,中证全指自由现金流指数,中证全指自由现金流指数收益率,南方基金管理股份有限公司,国信证券股份有限公司,股票型ETF,策略指数ETF,932365.CSI,,,,,,
2022-04-25,159232.SZ,南方中证全指自由现金流ETF,20250430,中证全指自由现金流指数,中证全指自由现金流指数收益率,南方基金管理股份有限公司,国信证券股份有限公司,股票型ETF,策略指数ETF,932365.CSI,,,,,,
2022-04-26,159232.SZ,南方中证全指自由现金流ETF,20250430,中证全指自由现金流指数,中证全指自由现金流指数收益率,南方基金管理股份有限公司,国信证券股份有限公司,股票型ETF,策略指数ETF,932365.CSI,,,,,,
2022-04-27,159232.SZ,南方中证全指自由现金流ETF,20250430,中证全指自由现金流指数,中证全指自由现金流指数收益率,南方基金管理股份有限公司,国信证券股份有限公司,股票型ETF,策略指数ETF,932365.CSI,,,,,,
2022-04-28,159232.SZ,南方中证全指自由现金流ETF,20250430,中证全指自由现金流指数,中证全指自由现金流指数收益率,南方基金管理股份有限公司,国信证券股份有限公司,股票型ETF,策略指数ETF,932365.CSI,,,,,,
2022-04-29,159232.SZ,南方中证全指自由现金流ETF,20250430,中证全指自由现金流指数,中证全指自由现金流指数收益率,南方基金管理股份有限公司,国信证券股份有限公司,股票型ETF,策略指数ETF,932365.CSI,,,,,,
2022-05-05,159232.SZ,南方中证全指自由现金流ETF,20250430,中证全指自由现金流指数,中证全指自由现金流指数收益率,南方基金管理股份有限公司,国信证券股份有限公司,股票型ETF,策略指数ETF,932365.CSI,,,,,,
2022-05-06,159232.SZ,南方中证全指自由现金流ETF,20250430,中证全指自由现金流指数,中证全指自由现金流指数收益率,南方基金管理股份有限公司,国信证券股份有限公司,股票型ETF,策略指数ETF,932365.CSI,,,,,,
2022-05-09,159232.SZ,南方中证全指自由现金流ETF,20250430,中证全指自由现金流指数,中证全指自由现金流指数收益率,南方基金管理股份有限公司,国信证券股份有限公司,股票型ETF,策略指数ETF,932365.CSI,,,,,,
2022-05-10,159232.SZ,南方中证全指自由现金流ETF,20250430,中证全指自由现金流指数,中证全指自由现金流指数收益率,南方基金管理股份有限公司,国信证券股份有限公司,股票型ETF,策略指数ETF,932365.CSI,,,,,,
2022-05-11,159232.SZ,南方中证全指自由现金流ETF,20250430,中证全指自由现金流指数,中证全指自由现金流指数收益率,南方基金管理股份有限公司,国信证券股份有限公司,股票型ETF,策略指数ETF,932365.CSI,,,,,,
2022-05-12,159232.SZ,南方中证全指自由现金流ETF,20250430,中证全指自由现金流指数,中证全指自由现金流指数收益率,南方基金管理股份有限公司,国信证券股份有限公司,股票型ETF,策略指数ETF,932365.CSI,,,,,,
2022-05-13,159232.SZ,南方中证全指自由现金流ETF,20250430,中证全指自由现金流指数,中证全指自由现金流指数收益率,南方基金管理股份有限公司,国信证券股份有限公司,股票型ETF,策略指数ETF,932365.CSI,,,,,,
2022-05-16,159232.SZ,南方中证全指自由现金流ETF,20250430,中证全指自由现金流指数,中证全指自由现金流指数收益率,南方基金管理股份有限公司,国信证券股份有限公司,股票型ETF,策略指数ETF,932365.CSI,,,,,,
2022-05-17,159232.SZ,南方中证全指自由现金流ETF,20250430,中证全指自由现金流指数,中证全指自由现金流指数收益率,南方基金管理股份有限公司,国信证券股份有限公司,股票型ETF,策略指数ETF,932365.CSI,,,,,,
2022-05-18,159232.SZ,南方中证全指自由现金流ETF,20250430,中证全指自由现金流指数,中证全指自由现金流指数收益率,南方基金管理股份有限公司,国信证券股份有限公司,股票型ETF,策略指数ETF,932365.CSI,,,,,,
2022-05-19,159232.SZ,南方中证全指自由现金流ETF,20250430,中证全指自由现金流指数,中证全指自由现金流指数收益率,南方基金管理股份有限公司,国信证券股份有限公司,股票型ETF,策略指数ETF,932365.CSI,,,,,,
2022-05-20,159232.SZ,南方中证全指自由现金流ETF,20250430,中证全指自由现金流指数,中证全指自由现金流指数收益率,南方基金管理股份有限公司,国信证券股份有限公司,股票型ETF,策略指数ETF,932365.CSI,,,,,,
2022-05-23,159232.SZ,南方中证全指自由现金流ETF,20250430,中证全指自由现金流指数,中证全指自由现金流指数收益率,南方基金管理股份有限公司,国信证券股份有限公司,股票型ETF,策略指数ETF,932365.CSI,,,,,,
2022-05-24,159232.SZ,南方中证全指自由现金流ETF,20250430,中证全指自由现金流指数,中证全指自由现金流指数收益率,南方基金管理股份有限公司,国信证券股份有限公司,股票型ETF,策略指数ETF,932365.CSI,,,,,,
2022-05-25,159232.SZ,南方中证全指自由现金流ETF,20250430,中证全指自由现金流指数,中证全指自由现金流指数收益率,南方基金管理股份有限公司,国信证券股份有限公司,股票型ETF,策略指数ETF,932365.CSI,,,,,,
2022-05-26,159232.SZ,南方中证全指自由现金流ETF,20250430,中证全指自由现金流指数,中证全指自由现金流指数收益率,南方基金管理股份有限公司,国信证券股份有限公司,股票型ETF,策略指数ETF,932365.CSI,,,,,,
2022-05-27,159232.SZ,南方中证全指自由现金流ETF,20250430,中证全指自由现金流指数,中证全指自由现金流指数收益率,南方基金管理股份有限公司,国信证券股份有限公司,股票型ETF,策略指数ETF,932365.CSI,,,,,,
2022-05-30,159232.SZ,南方中证全指自由现金流ETF,20250430,中证全指自由现金流指数,中证全指自由现金流指数收益率,南方基金管理股份有限公司,国信证券股份有限公司,股票型ETF,策略指数ETF,932365.CSI,,,,,,
2022-05-31,159232.SZ,南方中证全指自由现金流ETF,20250430,中证全指自由现金流指数,中证全指自由现金流指数收益率,南方基金管理股份有限公司,国信证券股份有限公司,股票型ETF,策略指数ETF,932365.CSI,,,,,,
2022-06-01,159232.SZ,南方中证全指自由现金流ETF,20250430,中证全指自由现金流指数,中证全指自由现金流指数收益率,南方基金管理股份有限公司,国信证券股份有限公司,股票型ETF,策略指数ETF,932365.CSI,,,,,,
2022-06-02,159232.SZ,南方中证全指自由现金流ETF,20250430,中证全指自由现金流指数,中证全指自由现金流指数收益率,南方基金管理股份有限公司,国信证券股份有限公司,股票型ETF,策略指数ETF,932365.CSI,,,,,,
2022-06-06,159232.SZ,南方中证全指自由现金流ETF,20250430,中证全指自由现金流指数,中证全指自由现金流指数收益率,南方基金管理股份有限公司,国信证券股份有限公司,股票型ETF,策略指数ETF,932365.CSI,,,,,,
2022-06-07,159232.SZ,南方中证全指自由现金流ETF,20250430,中证全指自由现金流指数,中证全指自由现金流指数收益率,南方基金管理股份有限公司,国信证券股份有限公司,股票型ETF,策略指数ETF,932365.CSI,,,,,,
2022-06-08,159232.SZ,南方中证全指自由现金流ETF,20250430,中证全指自由现金流指数,中证全指自由现金流指数收益率,南方基金管理股份有限公司,国信证券股份有限公司,股票型ETF,策略指数ETF,932365.CSI,,,,,,
2022-06-09,159232.SZ,南方中证全指自由现金流ETF,20250430,中证全指自由现金流指数,中证全指自由现金流指数收益率,南方基金管理股份有限公司,国信证券股份有限公司,股票型ETF,策略指数ETF,932365.CSI,,,,,,
2022-06-10,159232.SZ,南方中证全指自由现金流ETF,20250430,中证全指自由现金流指数,中证全指自由现金流指数收益率,南方基金管理股份有限公司,国信证券股份有限公司,股票型ETF,策略指数ETF,932365.CSI,,,,,,
2022-06-13,159232.SZ,南方中证全指自由现金流ETF,20250430,中证全指自由现金流指数,中证全指自由现金流指数收益率,南方基金管理股份有限公司,国信证券股份有限公司,股票型ETF,策略指数ETF,932365.CSI,,,,,,
2022-06-14,159232.SZ,南方中证全指自由现金流ETF,20250430,中证全指自由现金流指数,中证全指自由现金流指数收益率,南方基金管理股份有限公司,国信证券股份有限公司,股票型ETF,策略指数ETF,932365.CSI,,,,,,
2022-06-15,159232.SZ,南方中证全指自由现金流ETF,20250430,中证全指自由现金流指数,中证全指自由现金流指数收益率,南方基金管理股份有限公司,国信证券股份有限公司,股票型ETF,策略指数ETF,932365.CSI,,,,,,
2022-06-16,159232.SZ,南方中证全指自由现金流ETF,20250430,中证全指自由现金流指数,中证全指自由现金流指数收益率,南方基金管理股份有限公司,国信证券股份有限公司,股票型ETF,策略指数ETF,932365.CSI,,,,,,
2022-06-17,159232.SZ,南方中证全指自由现金流ETF,20250430,中证全指自由现金流指数,中证全指自由现金流指数收益率,南方基金管理股份有限公司,国信证券股份有限公司,股票型ETF,策略指数ETF,932365.CSI,,,,,,
2022-06-20,159232.SZ,南方中证全指自由现金流ETF,20250430,中证全指自由现金流指数,中证全指自由现金流指数收益率,南方基金管理股份有限公司,国信证券股份有限公司,股票型ETF,策略指数ETF,932365.CSI,,,,,,
2022-06-21,159232.SZ,南方中证全指自由现金流ETF,20250430,中证全指自由现金流指数,中证全指自由现金流指数收益率,南方基金管理股份有限公司,国信证券股份有限公司,股票型ETF,策略指数ETF,932365.CSI,,,,,,
2022-06-22,159232.SZ,南方中证全指自由现金流ETF,20250430,中证全指自由现金流指数,中证全指自由现金流指数收益率,南方基金管理股份有限公司,国信证券股份有限公司,股票型ETF,策略指数ETF,932365.CSI,,,,,,
2022-06-23,159232.SZ,南方中证全指自由现金流ETF,20250430,中证全指自由现金流指数,中证全指自由现金流指数收益率,南方基金管理股份有限公司,国信证券股份有限公司,股票型ETF,策略指数ETF,932365.CSI,,,,,,
2022-06-24,159232.SZ,南方中证全指自由现金流ETF,20250430,中证全指自由现金流指数,中证全指自由现金流指数收益率,南方基金管理股份有限公司,国信证券股份有限公司,股票型ETF,策略指数ETF,932365.CSI,,,,,,
2022-06-27,159232.SZ,南方中证全指自由现金流ETF,20250430,中证全指自由现金流指数,中证全指自由现金流指数收益率,南方基金管理股份有限公司,国信证券股份有限公司,股票型ETF,策略指数ETF,932365.CSI,,,,,,
2022-06-28,159232.SZ,南方中证全指自由现金流ETF,20250430,中证全指自由现金流指数,中证全指自由现金流指数收益率,南方基金管理股份有限公司,国信证券股份有限公司,股票型ETF,策略指数ETF,932365.CSI,,,,,,
2022-06-29,159232.SZ,南方中证全指自由现金流ETF,20250430,中证全指自由现金流指数,中证全指自由现金流指数收益率,南方基金管理股份有限公司,国信证券股份有限公司,股票型ETF,策略指数ETF,932365.CSI,,,,,,
2022-06-30,159232.SZ,南方中证全指自由现金流ETF,20250430,中证全指自由现金流指数,中证全指自由现金流指数收益率,南方基金管理股份有限公司,国信证券股份有限公司,股票型ETF,策略指数ETF,932365.CSI,,,,,,
2022-07-01,159232.SZ,南方中证全指自由现金流ETF,20250430,中证全指自由现金流指数,中证全指自由现金流指数收益率,南方基金管理股份有限公司,国信证券股份有限公司,股票型ETF,策略指数ETF,932365.CSI,,,,,,
2022-07-04,159232.SZ,南方中证全指自由现金流ETF,20250430,中证全指自由现金流指数,中证全指自由现金流指数收益率,南方基金管理股份有限公司,国信证券股份有限公司,股票型ETF,策略指数ETF,932365.CSI,,,,,,
2022-07-05,159232.SZ,南方中证全指自由现金流ETF,20250430,中证全指自由现金流指数,中证全指自由现金流指数收益率,南方基金管理股份有限公司,国信证券股份有限公司,股票型ETF,策略指数ETF,932365.CSI,,,,,,
2022-07-06,159232.SZ,南方中证全指自由现金流ETF,20250430,中证全指自由现金流指数,中证全指自由现金流指数收益率,南方基金管理股份有限公司,国信证券股份有限公司,股票型ETF,策略指数ETF,932365.CSI,,,,,,
2022-07-07,159232.SZ,南方中证全指自由现金流ETF,20250430,中证全指自由现金流指数,中证全指自由现金流指数收益率,南方基金管理股份有限公司,国信证券股份有限公司,股票型ETF,策略指数ETF,932365.CSI,,,,,,
2022-07-08,159232.SZ,南方中证全指自由现金流ETF,20250430,中证全指自由现金流指数,中证全指自由现金流指数收益率,南方基金管理股份有限公司,国信证券股份有限公司,股票型ETF,策略指数ETF,932365.CSI,,,,,,
2022-07-11,159232.SZ,南方中证全指自由现金流ETF,20250430,中证全指自由现金流指数,中证全指自由现金流指数收益率,南方基金管理股份有限公司,国信证券股份有限公司,股票型ETF,策略指数ETF,932365.CSI,,,,,,
2022-07-12,159232.SZ,南方中证全指自由现金流ETF,20250430,中证全指自由现金流指数,中证全指自由现金流指数收益率,南方基金管理股份有限公司,国信证券股份有限公司,股票型ETF,策略指数ETF,932365.CSI,,,,,,
2022-07-13,159232.SZ,南方中证全指自由现金流ETF,20250430,中证全指自由现金流指数,中证全指自由现金流指数收益率,南方基金管理股份有限公司,国信证券股份有限公司,股票型ETF,策略指数ETF,932365.CSI,,,,,,
2022-07-14,159232.SZ,南方中证全指自由现金流ETF,20250430,中证全指自由现金流指数,中证全指自由现金流指数收益率,南方基金管理股份有限公司,国信证券股份有限公司,股票型ETF,策略指数ETF,932365.CSI,,,,,,
2022-07-15,159232.SZ,南方中证全指自由现金流ETF,20250430,中证全指自由现金流指数,中证全指自由现金流指数收益率,南方基金管理股份有限公司,国信证券股份有限公司,股票型ETF,策略指数ETF,932365.CSI,,,,,,
2022-07-18,159232.SZ,南方中证全指自由现金流ETF,20250430,中证全指自由现金流指数,中证全指自由现金流指数收益率,南方基金管理股份有限公司,国信证券股份有限公司,股票型ETF,策略指数ETF,932365.CSI,,,,,,
2022-07-19,159232.SZ,南方中证全指自由现金流ETF,20250430,中证全指自由现金流指数,中证全指自由现金流指数收益率,南方基金管理股份有限公司,国信证券股份有限公司,股票型ETF,策略指数ETF,932365.CSI,,,,,,
2022-07-20,159232.SZ,南方中证全指自由现金流ETF,20250430,中证全指自由现金流指数,中证全指自由现金流指数收益率,南方基金管理股份有限公司,国信证券股份有限公司,股票型ETF,策略指数ETF,932365.CSI,,,,,,
2022-07-21,159232.SZ,南方中证全指自由现金流ETF,20250430,中证全指自由现金流指数,中证全指自由现金流指数收益率,南方基金管理股份有限公司,国信证券股份有限公司,股票型ETF,策略指数ETF,932365.CSI,,,,,,
2022-07-22,159232.SZ,南方中证全指自由现金流ETF,20250430,中证全指自由现金流指数,中证全指自由现金流指数收益率,南方基金管理股份有限公司,国信证券股份有限公司,股票型ETF,策略指数ETF,932365.CSI,,,,,,
2022-07-25,159232.SZ,南方中证全指自由现金流ETF,20250430,中证全指自由现金流指数,中证全指自由现金流指数收益率,南方基金管理股份有限公司,国信证券股份有限公司,股票型ETF,策略指数ETF,932365.CSI,,,,,,
2022-07-26,159232.SZ,南方中证全指自由现金流ETF,20250430,中证全指自由现金流指数,中证全指自由现金流指数收益率,南方基金管理股份有限公司,国信证券股份有限公司,股票型ETF,策略指数ETF,932365.CSI,,,,,,
2022-07-27,159232.SZ,南方中证全指自由现金流ETF,20250430,中证全指自由现金流指数,中证全指自由现金流指数收益率,南方基金管理股份有限公司,国信证券股份有限公司,股票型ETF,策略指数ETF,932365.CSI,,,,,,
2022-07-28,159232.SZ,南方中证全指自由现金流ETF,20250430,中证全指自由现金流指数,中证全指自由现金流指数收益率,南方基金管理股份有限公司,国信证券股份有限公司,股票型ETF,策略指数ETF,932365.CSI,,,,,,
2022-07-29,159232.SZ,南方中证全指自由现金流ETF,20250430,中证全指自由现金流指数,中证全指自由现金流指数收益率,南方基金管理股份有限公司,国信证券股份有限公司,股票型ETF,策略指数ETF,932365.CSI,,,,,,
2022-08-01,159232.SZ,南方中证全指自由现金流ETF,20250430,中证全指自由现金流指数,中证全指自由现金流指数收益率,南方基金管理股份有限公司,国信证券股份有限公司,股票型ETF,策略指数ETF,932365.CSI,,,,,,
2022-08-02,159232.SZ,南方中证全指自由现金流ETF,20250430,中证全指自由现金流指数,中证全指自由现金流指数收益率,南方基金管理股份有限公司,国信证券股份有限公司,股票型ETF,策略指数ETF,932365.CSI,,,,,,
2022-08-03,159232.SZ,南方中证全指自由现金流ETF,20250430,中证全指自由现金流指数,中证全指自由现金流指数收益率,南方基金管理股份有限公司,国信证券股份有限公司,股票型ETF,策略指数ETF,932365.CSI,,,,,,
2022-08-04,159232.SZ,南方中证全指自由现金流ETF,20250430,中证全指自由现金流指数,中证全指自由现金流指数收益率,南方基金管理股份有限公司,国信证券股份有限公司,股票型ETF,策略指数ETF,932365.CSI,,,,,,
2022-08-05,159232.SZ,南方中证全指自由现金流ETF,20250430,中证全指自由现金流指数,中证全指自由现金流指数收益率,南方基金管理股份有限公司,国信证券股份有限公司,股票型ETF,策略指数ETF,932365.CSI,,,,,,
2022-08-08,159232.SZ,南方中证全指自由现金流ETF,20250430,中证全指自由现金流指数,中证全指自由现金流指数收益率,南方基金管理股份有限公司,国信证券股份有限公司,股票型ETF,策略指数ETF,932365.CSI,,,,,,
2022-08-09,159232.SZ,南方中证全指自由现金流ETF,20250430,中证全指自由现金流指数,中证全指自由现金流指数收益率,南方基金管理股份有限公司,国信证券股份有限公司,股票型ETF,策略指数ETF,932365.CSI,,,,,,
2022-08-10,159232.SZ,南方中证全指自由现金流ETF,20250430,中证全指自由现金流指数,中证全指自由现金流指数收益率,南方基金管理股份有限公司,国信证券股份有限公司,股票型ETF,策略指数ETF,932365.CSI,,,,,,
2022-08-11,159232.SZ,南方中证全指自由现金流ETF,20250430,中证全指自由现金流指数,中证全指自由现金流指数收益率,南方基金管理股份有限公司,国信证券股份有限公司,股票型ETF,策略指数ETF,932365.CSI,,,,,,
2022-08-12,159232.SZ,南方中证全指自由现金流ETF,20250430,中证全指自由现金流指数,中证全指自由现金流指数收益率,南方基金管理股份有限公司,国信证券股份有限公司,股票型ETF,策略指数ETF,932365.CSI,,,,,,
2022-08-15,159232.SZ,南方中证全指自由现金流ETF,20250430,中证全指自由现金流指数,中证全指自由现金流指数收益率,南方基金管理股份有限公司,国信证券股份有限公司,股票型ETF,策略指数ETF,932365.CSI,,,,,,
2022-08-16,159232.SZ,南方中证全指自由现金流ETF,20250430,中证全指自由现金流指数,中证全指自由现金流指数收益率,南方基金管理股份有限公司,国信证券股份有限公司,股票型ETF,策略指数ETF,932365.CSI,,,,,,
2022-08-17,159232.SZ,南方中证全指自由现金流ETF,20250430,中证全指自由现金流指数,中证全指自由现金流指数收益率,南方基金管理股份有限公司,国信证券股份有限公司,股票型ETF,策略指数ETF,932365.CSI,,,,,,
2022-08-18,159232.SZ,南方中证全指自由现金流ETF,20250430,中证全指自由现金流指数,中证全指自由现金流指数收益率,南方基金管理股份有限公司,国信证券股份有限公司,股票型ETF,策略指数ETF,932365.CSI,,,,,,
2022-08-19,159232.SZ,南方中证全指自由现金流ETF,20250430,中证全指自由现金流指数,中证全指自由现金流指数收益率,南方基金管理股份有限公司,国信证券股份有限公司,股票型ETF,策略指数ETF,932365.CSI,,,,,,
2022-08-22,159232.SZ,南方中证全指自由现金流ETF,20250430,中证全指自由现金流指数,中证全指自由现金流指数收益率,南方基金管理股份有限公司,国信证券股份有限公司,股票型ETF,策略指数ETF,932365.CSI,,,,,,
2022-08-23,159232.SZ,南方中证全指自由现金流ETF,20250430,中证全指自由现金流指数,中证全指自由现金流指数收益率,南方基金管理股份有限公司,国信证券股份有限公司,股票型ETF,策略指数ETF,932365.CSI,,,,,,
2022-08-24,159232.SZ,南方中证全指自由现金流ETF,20250430,中证全指自由现金流指数,中证全指自由现金流指数收益率,南方基金管理股份有限公司,国信证券股份有限公司,股票型ETF,策略指数ETF,932365.CSI,,,,,,
2022-08-25,159232.SZ,南方中证全指自由现金流ETF,20250430,中证全指自由现金流指数,中证全指自由现金流指数收益率,南方基金管理股份有限公司,国信证券股份有限公司,股票型ETF,策略指数ETF,932365.CSI,,,,,,
2022-08-26,159232.SZ,南方中证全指自由现金流ETF,20250430,中证全指自由现金流指数,中证全指自由现金流指数收益率,南方基金管理股份有限公司,国信证券股份有限公司,股票型ETF,策略指数ETF,932365.CSI,,,,,,
2022-08-29,159232.SZ,南方中证全指自由现金流ETF,20250430,中证全指自由现金流指数,中证全指自由现金流指数收益率,南方基金管理股份有限公司,国信证券股份有限公司,股票型ETF,策略指数ETF,932365.CSI,,,,,,
2022-08-30,159232.SZ,南方中证全指自由现金流ETF,20250430,中证全指自由现金流指数,中证全指自由现金流指数收益率,南方基金管理股份有限公司,国信证券股份有限公司,股票型ETF,策略指数ETF,932365.CSI,,,,,,
2022-08-31,159232.SZ,南方中证全指自由现金流ETF,20250430,中证全指自由现金流指数,中证全指自由现金流指数收益率,南方基金管理股份有限公司,国信证券股份有限公司,股票型ETF,策略指数ETF,932365.CSI,,,,,,
2022-09-01,159232.SZ,南方中证全指自由现金流ETF,20250430,中证全指自由现金流指数,中证全指自由现金流指数收益率,南方基金管理股份有限公司,国信证券股份有限公司,股票型ETF,策略指数ETF,932365.CSI,,,,,,
2022-09-02,159232.SZ,南方中证全指自由现金流ETF,20250430,中证全指自由现金流指数,中证全指自由现金流指数收益率,南方基金管理股份有限公司,国信证券股份有限公司,股票型ETF,策略指数ETF,932365.CSI,,,,,,
2022-09-05,159232.SZ,南方中证全指自由现金流ETF,20250430,中证全指自由现金流指数,中证全指自由现金流指数收益率,南方基金管理股份有限公司,国信证券股份有限公司,股票型ETF,策略指数ETF,932365.CSI,,,,,,
2022-09-06,159232.SZ,南方中证全指自由现金流ETF,20250430,中证全指自由现金流指数,中证全指自由现金流指数收益率,南方基金管理股份有限公司,国信证券股份有限公司,股票型ETF,策略指数ETF,932365.CSI,,,,,,
2022-09-07,159232.SZ,南方中证全指自由现金流ETF,20250430,中证全指自由现金流指数,中证全指自由现金流指数收益率,南方基金管理股份有限公司,国信证券股份有限公司,股票型ETF,策略指数ETF,932365.CSI,,,,,,
2022-09-08,159232.SZ,南方中证全指自由现金流ETF,20250430,中证全指自由现金流指数,中证全指自由现金流指数收益率,南方基金管理股份有限公司,国信证券股份有限公司,股票型ETF,策略指数ETF,932365.CSI,,,,,,
2022-09-09,159232.SZ,南方中证全指自由现金流ETF,20250430,中证全指自由现金流指数,中证全指自由现金流指数收益率,南方基金管理股份有限公司,国信证券股份有限公司,股票型ETF,策略指数ETF,932365.CSI,,,,,,
2022-09-13,159232.SZ,南方中证全指自由现金流ETF,20250430,中证全指自由现金流指数,中证全指自由现金流指数收益率,南方基金管理股份有限公司,国信证券股份有限公司,股票型ETF,策略指数ETF,932365.CSI,,,,,,
2022-09-14,159232.SZ,南方中证全指自由现金流ETF,20250430,中证全指自由现金流指数,中证全指自由现金流指数收益率,南方基金管理股份有限公司,国信证券股份有限公司,股票型ETF,策略指数ETF,932365.CSI,,,,,,
2022-09-15,159232.SZ,南方中证全指自由现金流ETF,20250430,中证全指自由现金流指数,中证全指自由现金流指数收益率,南方基金管理股份有限公司,国信证券股份有限公司,股票型ETF,策略指数ETF,932365.CSI,,,,,,
2022-09-16,159232.SZ,南方中证全指自由现金流ETF,20250430,中证全指自由现金流指数,中证全指自由现金流指数收益率,南方基金管理股份有限公司,国信证券股份有限公司,股票型ETF,策略指数ETF,932365.CSI,,,,,,
2022-09-19,159232.SZ,南方中证全指自由现金流ETF,20250430,中证全指自由现金流指数,中证全指自由现金流指数收益率,南方基金管理股份有限公司,国信证券股份有限公司,股票型ETF,策略指数ETF,932365.CSI,,,,,,
2022-09-20,159232.SZ,南方中证全指自由现金流ETF,20250430,中证全指自由现金流指数,中证全指自由现金流指数收益率,南方基金管理股份有限公司,国信证券股份有限公司,股票型ETF,策略指数ETF,932365.CSI,,,,,,
2022-09-21,159232.SZ,南方中证全指自由现金流ETF,20250430,中证全指自由现金流指数,中证全指自由现金流指数收益率,南方基金管理股份有限公司,国信证券股份有限公司,股票型ETF,策略指数ETF,932365.CSI,,,,,,
2022-09-22,159232.SZ,南方中证全指自由现金流ETF,20250430,中证全指自由现金流指数,中证全指自由现金流指数收益率,南方基金管理股份有限公司,国信证券股份有限公司,股票型ETF,策略指数ETF,932365.CSI,,,,,,
2022-09-23,159232.SZ,南方中证全指自由现金流ETF,20250430,中证全指自由现金流指数,中证全指自由现金流指数收益率,南方基金管理股份有限公司,国信证券股份有限公司,股票型ETF,策略指数ETF,932365.CSI,,,,,,
2022-09-26,159232.SZ,南方中证全指自由现金流ETF,20250430,中证全指自由现金流指数,中证全指自由现金流指数收益率,南方基金管理股份有限公司,国信证券股份有限公司,股票型ETF,策略指数ETF,932365.CSI,,,,,,
2022-09-27,159232.SZ,南方中证全指自由现金流ETF,20250430,中证全指自由现金流指数,中证全指自由现金流指数收益率,南方基金管理股份有限公司,国信证券股份有限公司,股票型ETF,策略指数ETF,932365.CSI,,,,,,
2022-09-28,159232.SZ,南方中证全指自由现金流ETF,20250430,中证全指自由现金流指数,中证全指自由现金流指数收益率,南方基金管理股份有限公司,国信证券股份有限公司,股票型ETF,策略指数ETF,932365.CSI,,,,,,
2022-09-29,159232.SZ,南方中证全指自由现金流ETF,20250430,中证全指自由现金流指数,中证全指自由现金流指数收益率,南方基金管理股份有限公司,国信证券股份有限公司,股票型ETF,策略指数ETF,932365.CSI,,,,,,
2022-09-30,159232.SZ,南方中证全指自由现金流ETF,20250430,中证全指自由现金流指数,中证全指自由现金流指数收益率,南方基金管理股份有限公司,国信证券股份有限公司,股票型ETF,策略指数ETF,932365.CSI,,,,,,
2022-10-10,159232.SZ,南方中证全指自由现金流ETF,20250430,中证全指自由现金流指数,中证全指自由现金流指数收益率,南方基金管理股份有限公司,国信证券股份有限公司,股票型ETF,策略指数ETF,932365.CSI,,,,,,
2022-10-11,159232.SZ,南方中证全指自由现金流ETF,20250430,中证全指自由现金流指数,中证全指自由现金流指数收益率,南方基金管理股份有限公司,国信证券股份有限公司,股票型ETF,策略指数ETF,932365.CSI,,,,,,
2022-10-12,159232.SZ,南方中证全指自由现金流ETF,20250430,中证全指自由现金流指数,中证全指自由现金流指数收益率,南方基金管理股份有限公司,国信证券股份有限公司,股票型ETF,策略指数ETF,932365.CSI,,,,,,
2022-10-13,159232.SZ,南方中证全指自由现金流ETF,20250430,中证全指自由现金流指数,中证全指自由现金流指数收益率,南方基金管理股份有限公司,国信证券股份有限公司,股票型ETF,策略指数ETF,932365.CSI,,,,,,
2022-10-14,159232.SZ,南方中证全指自由现金流ETF,20250430,中证全指自由现金流指数,中证全指自由现金流指数收益率,南方基金管理股份有限公司,国信证券股份有限公司,股票型ETF,策略指数ETF,932365.CSI,,,,,,
2022-10-17,159232.SZ,南方中证全指自由现金流ETF,20250430,中证全指自由现金流指数,中证全指自由现金流指数收益率,南方基金管理股份有限公司,国信证券股份有限公司,股票型ETF,策略指数ETF,932365.CSI,,,,,,
2022-10-18,159232.SZ,南方中证全指自由现金流ETF,20250430,中证全指自由现金流指数,中证全指自由现金流指数收益率,南方基金管理股份有限公司,国信证券股份有限公司,股票型ETF,策略指数ETF,932365.CSI,,,,,,
2022-10-19,159232.SZ,南方中证全指自由现金流ETF,20250430,中证全指自由现金流指数,中证全指自由现金流指数收益率,南方基金管理股份有限公司,国信证券股份有限公司,股票型ETF,策略指数ETF,932365.CSI,,,,,,
2022-10-20,159232.SZ,南方中证全指自由现金流ETF,20250430,中证全指自由现金流指数,中证全指自由现金流指数收益率,南方基金管理股份有限公司,国信证券股份有限公司,股票型ETF,策略指数ETF,932365.CSI,,,,,,
2022-10-21,159232.SZ,南方中证全指自由现金流ETF,20250430,中证全指自由现金流指数,中证全指自由现金流指数收益率,南方基金管理股份有限公司,国信证券股份有限公司,股票型ETF,策略指数ETF,932365.CSI,,,,,,
2022-10-24,159232.SZ,南方中证全指自由现金流ETF,20250430,中证全指自由现金流指数,中证全指自由现金流指数收益率,南方基金管理股份有限公司,国信证券股份有限公司,股票型ETF,策略指数ETF,932365.CSI,,,,,,
2022-10-25,159232.SZ,南方中证全指自由现金流ETF,20250430,中证全指自由现金流指数,中证全指自由现金流指数收益率,南方基金管理股份有限公司,国信证券股份有限公司,股票型ETF,策略指数ETF,932365.CSI,,,,,,
2022-10-26,159232.SZ,南方中证全指自由现金流ETF,20250430,中证全指自由现金流指数,中证全指自由现金流指数收益率,南方基金管理股份有限公司,国信证券股份有限公司,股票型ETF,策略指数ETF,932365.CSI,,,,,,
2022-10-27,159232.SZ,南方中证全指自由现金流ETF,20250430,中证全指自由现金流指数,中证全指自由现金流指数收益率,南方基金管理股份有限公司,国信证券股份有限公司,股票型ETF,策略指数ETF,932365.CSI,,,,,,
2022-10-28,159232.SZ,南方中证全指自由现金流ETF,20250430,中证全指自由现金流指数,中证全指自由现金流指数收益率,南方基金管理股份有限公司,国信证券股份有限公司,股票型ETF,策略指数ETF,932365.CSI,,,,,,
2022-10-31,159232.SZ,南方中证全指自由现金流ETF,20250430,中证全指自由现金流指数,中证全指自由现金流指数收益率,南方基金管理股份有限公司,国信证券股份有限公司,股票型ETF,策略指数ETF,932365.CSI,,,,,,
2022-11-01,159232.SZ,南方中证全指自由现金流ETF,20250430,中证全指自由现金流指数,中证全指自由现金流指数收益率,南方基金管理股份有限公司,国信证券股份有限公司,股票型ETF,策略指数ETF,932365.CSI,,,,,,
2022-11-02,159232.SZ,南方中证全指自由现金流ETF,20250430,中证全指自由现金流指数,中证全指自由现金流指数收益率,南方基金管理股份有限公司,国信证券股份有限公司,股票型ETF,策略指数ETF,932365.CSI,,,,,,
2022-11-03,159232.SZ,南方中证全指自由现金流ETF,20250430,中证全指自由现金流指数,中证全指自由现金流指数收益率,南方基金管理股份有限公司,国信证券股份有限公司,股票型ETF,策略指数ETF,932365.CSI,,,,,,
2022-11-04,159232.SZ,南方中证全指自由现金流ETF,20250430,中证全指自由现金流指数,中证全指自由现金流指数收益率,南方基金管理股份有限公司,国信证券股份有限公司,股票型ETF,策略指数ETF,932365.CSI,,,,,,
2022-11-07,159232.SZ,南方中证全指自由现金流ETF,20250430,中证全指自由现金流指数,中证全指自由现金流指数收益率,南方基金管理股份有限公司,国信证券股份有限公司,股票型ETF,策略指数ETF,932365.CSI,,,,,,
2022-11-08,159232.SZ,南方中证全指自由现金流ETF,20250430,中证全指自由现金流指数,中证全指自由现金流指数收益率,南方基金管理股份有限公司,国信证券股份有限公司,股票型ETF,策略指数ETF,932365.CSI,,,,,,
2022-11-09,159232.SZ,南方中证全指自由现金流ETF,20250430,中证全指自由现金流指数,中证全指自由现金流指数收益率,南方基金管理股份有限公司,国信证券股份有限公司,股票型ETF,策略指数ETF,932365.CSI,,,,,,
2022-11-10,159232.SZ,南方中证全指自由现金流ETF,20250430,中证全指自由现金流指数,中证全指自由现金流指数收益率,南方基金管理股份有限公司,国信证券股份有限公司,股票型ETF,策略指数ETF,932365.CSI,,,,,,
2022-11-11,159232.SZ,南方中证全指自由现金流ETF,20250430,中证全指自由现金流指数,中证全指自由现金流指数收益率,南方基金管理股份有限公司,国信证券股份有限公司,股票型ETF,策略指数ETF,932365.CSI,,,,,,
2022-11-14,159232.SZ,南方中证全指自由现金流ETF,20250430,中证全指自由现金流指数,中证全指自由现金流指数收益率,南方基金管理股份有限公司,国信证券股份有限公司,股票型ETF,策略指数ETF,932365.CSI,,,,,,
2022-11-15,159232.SZ,南方中证全指自由现金流ETF,20250430,中证全指自由现金流指数,中证全指自由现金流指数收益率,南方基金管理股份有限公司,国信证券股份有限公司,股票型ETF,策略指数ETF,932365.CSI,,,,,,
2022-11-16,159232.SZ,南方中证全指自由现金流ETF,20250430,中证全指自由现金流指数,中证全指自由现金流指数收益率,南方基金管理股份有限公司,国信证券股份有限公司,股票型ETF,策略指数ETF,932365.CSI,,,,,,
2022-11-17,159232.SZ,南方中证全指自由现金流ETF,20250430,中证全指自由现金流指数,中证全指自由现金流指数收益率,南方基金管理股份有限公司,国信证券股份有限公司,股票型ETF,策略指数ETF,932365.CSI,,,,,,
2022-11-18,159232.SZ,南方中证全指自由现金流ETF,20250430,中证全指自由现金流指数,中证全指自由现金流指数收益率,南方基金管理股份有限公司,国信证券股份有限公司,股票型ETF,策略指数ETF,932365.CSI,,,,,,
2022-11-21,159232.SZ,南方中证全指自由现金流ETF,20250430,中证全指自由现金流指数,中证全指自由现金流指数收益率,南方基金管理股份有限公司,国信证券股份有限公司,股票型ETF,策略指数ETF,932365.CSI,,,,,,
2022-11-22,159232.SZ,南方中证全指自由现金流ETF,20250430,中证全指自由现金流指数,中证全指自由现金流指数收益率,南方基金管理股份有限公司,国信证券股份有限公司,股票型ETF,策略指数ETF,932365.CSI,,,,,,
2022-11-23,159232.SZ,南方中证全指自由现金流ETF,20250430,中证全指自由现金流指数,中证全指自由现金流指数收益率,南方基金管理股份有限公司,国信证券股份有限公司,股票型ETF,策略指数ETF,932365.CSI,,,,,,
2022-11-24,159232.SZ,南方中证全指自由现金流ETF,20250430,中证全指自由现金流指数,中证全指自由现金流指数收益率,南方基金管理股份有限公司,国信证券股份有限公司,股票型ETF,策略指数ETF,932365.CSI,,,,,,
2022-11-25,159232.SZ,南方中证全指自由现金流ETF,20250430,中证全指自由现金流指数,中证全指自由现金流指数收益率,南方基金管理股份有限公司,国信证券股份有限公司,股票型ETF,策略指数ETF,932365.CSI,,,,,,
2022-11-28,159232.SZ,南方中证全指自由现金流ETF,20250430,中证全指自由现金流指数,中证全指自由现金流指数收益率,南方基金管理股份有限公司,国信证券股份有限公司,股票型ETF,策略指数ETF,932365.CSI,,,,,,
2022-11-29,159232.SZ,南方中证全指自由现金流ETF,20250430,中证全指自由现金流指数,中证全指自由现金流指数收益率,南方基金管理股份有限公司,国信证券股份有限公司,股票型ETF,策略指数ETF,932365.CSI,,,,,,
2022-11-30,159232.SZ,南方中证全指自由现金流ETF,20250430,中证全指自由现金流指数,中证全指自由现金流指数收益率,南方基金管理股份有限公司,国信证券股份有限公司,股票型ETF,策略指数ETF,932365.CSI,,,,,,
2022-12-01,159232.SZ,南方中证全指自由现金流ETF,20250430,中证全指自由现金流指数,中证全指自由现金流指数收益率,南方基金管理股份有限公司,国信证券股份有限公司,股票型ETF,策略指数ETF,932365.CSI,,,,,,
2022-12-02,159232.SZ,南方中证全指自由现金流ETF,20250430,中证全指自由现金流指数,中证全指自由现金流指数收益率,南方基金管理股份有限公司,国信证券股份有限公司,股票型ETF,策略指数ETF,932365.CSI,,,,,,
2022-12-05,159232.SZ,南方中证全指自由现金流ETF,20250430,中证全指自由现金流指数,中证全指自由现金流指数收益率,南方基金管理股份有限公司,国信证券股份有限公司,股票型ETF,策略指数ETF,932365.CSI,,,,,,
2022-12-06,159232.SZ,南方中证全指自由现金流ETF,20250430,中证全指自由现金流指数,中证全指自由现金流指数收益率,南方基金管理股份有限公司,国信证券股份有限公司,股票型ETF,策略指数ETF,932365.CSI,,,,,,
2022-12-07,159232.SZ,南方中证全指自由现金流ETF,20250430,中证全指自由现金流指数,中证全指自由现金流指数收益率,南方基金管理股份有限公司,国信证券股份有限公司,股票型ETF,策略指数ETF,932365.CSI,,,,,,
2022-12-08,159232.SZ,南方中证全指自由现金流ETF,20250430,中证全指自由现金流指数,中证全指自由现金流指数收益率,南方基金管理股份有限公司,国信证券股份有限公司,股票型ETF,策略指数ETF,932365.CSI,,,,,,
2022-12-09,159232.SZ,南方中证全指自由现金流ETF,20250430,中证全指自由现金流指数,中证全指自由现金流指数收益率,南方基金管理股份有限公司,国信证券股份有限公司,股票型ETF,策略指数ETF,932365.CSI,,,,,,
2022-12-12,159232.SZ,南方中证全指自由现金流ETF,20250430,中证全指自由现金流指数,中证全指自由现金流指数收益率,南方基金管理股份有限公司,国信证券股份有限公司,股票型ETF,策略指数ETF,932365.CSI,,,,,,
2022-12-13,159232.SZ,南方中证全指自由现金流ETF,20250430,中证全指自由现金流指数,中证全指自由现金流指数收益率,南方基金管理股份有限公司,国信证券股份有限公司,股票型ETF,策略指数ETF,932365.CSI,,,,,,
2022-12-14,159232.SZ,南方中证全指自由现金流ETF,20250430,中证全指自由现金流指数,中证全指自由现金流指数收益率,南方基金管理股份有限公司,国信证券股份有限公司,股票型ETF,策略指数ETF,932365.CSI,,,,,,
2022-12-15,159232.SZ,南方中证全指自由现金流ETF,20250430,中证全指自由现金流指数,中证全指自由现金流指数收益率,南方基金管理股份有限公司,国信证券股份有限公司,股票型ETF,策略指数ETF,932365.CSI,,,,,,
2022-12-16,159232.SZ,南方中证全指自由现金流ETF,20250430,中证全指自由现金流指数,中证全指自由现金流指数收益率,南方基金管理股份有限公司,国信证券股份有限公司,股票型ETF,策略指数ETF,932365.CSI,,,,,,
2022-12-19,159232.SZ,南方中证全指自由现金流ETF,20250430,中证全指自由现金流指数,中证全指自由现金流指数收益率,南方基金管理股份有限公司,国信证券股份有限公司,股票型ETF,策略指数ETF,932365.CSI,,,,,,
2022-12-20,159232.SZ,南方中证全指自由现金流ETF,20250430,中证全指自由现金流指数,中证全指自由现金流指数收益率,南方基金管理股份有限公司,国信证券股份有限公司,股票型ETF,策略指数ETF,932365.CSI,,,,,,
2022-12-21,159232.SZ,南方中证全指自由现金流ETF,20250430,中证全指自由现金流指数,中证全指自由现金流指数收益率,南方基金管理股份有限公司,国信证券股份有限公司,股票型ETF,策略指数ETF,932365.CSI,,,,,,
2022-12-22,159232.SZ,南方中证全指自由现金流ETF,20250430,中证全指自由现金流指数,中证全指自由现金流指数收益率,南方基金管理股份有限公司,国信证券股份有限公司,股票型ETF,策略指数ETF,932365.CSI,,,,,,
2022-12-23,159232.SZ,南方中证全指自由现金流ETF,20250430,中证全指自由现金流指数,中证全指自由现金流指数收益率,南方基金管理股份有限公司,国信证券股份有限公司,股票型ETF,策略指数ETF,932365.CSI,,,,,,
2022-12-26,159232.SZ,南方中证全指自由现金流ETF,20250430,中证全指自由现金流指数,中证全指自由现金流指数收益率,南方基金管理股份有限公司,国信证券股份有限公司,股票型ETF,策略指数ETF,932365.CSI,,,,,,
2022-12-27,159232.SZ,南方中证全指自由现金流ETF,20250430,中证全指自由现金流指数,中证全指自由现金流指数收益率,南方基金管理股份有限公司,国信证券股份有限公司,股票型ETF,策略指数ETF,932365.CSI,,,,,,
2022-12-28,159232.SZ,南方中证全指自由现金流ETF,20250430,中证全指自由现金流指数,中证全指自由现金流指数收益率,南方基金管理股份有限公司,国信证券股份有限公司,股票型ETF,策略指数ETF,932365.CSI,,,,,,
2022-12-29,159232.SZ,南方中证全指自由现金流ETF,20250430,中证全指自由现金流指数,中证全指自由现金流指数收益率,南方基金管理股份有限公司,国信证券股份有限公司,股票型ETF,策略指数ETF,932365.CSI,,,,,,
2022-12-30,159232.SZ,南方中证全指自由现金流ETF,20250430,中证全指自由现金流指数,中证全指自由现金流指数收益率,南方基金管理股份有限公司,国信证券股份有限公司,股票型ETF,策略指数ETF,932365.CSI,,,,,,
2023-01-03,159232.SZ,南方中证全指自由现金流ETF,20250430,中证全指自由现金流指数,中证全指自由现金流指数收益率,南方基金管理股份有限公司,国信证券股份有限公司,股票型ETF,策略指数ETF,932365.CSI,,,,,,
2023-01-04,159232.SZ,南方中证全指自由现金流ETF,20250430,中证全指自由现金流指数,中证全指自由现金流指数收益率,南方基金管理股份有限公司,国信证券股份有限公司,股票型ETF,策略指数ETF,932365.CSI,,,,,,
2023-01-05,159232.SZ,南方中证全指自由现金流ETF,20250430,中证全指自由现金流指数,中证全指自由现金流指数收益率,南方基金管理股份有限公司,国信证券股份有限公司,股票型ETF,策略指数ETF,932365.CSI,,,,,,
2023-01-06,159232.SZ,南方中证全指自由现金流ETF,20250430,中证全指自由现金流指数,中证全指自由现金流指数收益率,南方基金管理股份有限公司,国信证券股份有限公司,股票型ETF,策略指数ETF,932365.CSI,,,,,,
2023-01-09,159232.SZ,南方中证全指自由现金流ETF,20250430,中证全指自由现金流指数,中证全指自由现金流指数收益率,南方基金管理股份有限公司,国信证券股份有限公司,股票型ETF,策略指数ETF,932365.CSI,,,,,,
2023-01-10,159232.SZ,南方中证全指自由现金流ETF,20250430,中证全指自由现金流指数,中证全指自由现金流指数收益率,南方基金管理股份有限公司,国信证券股份有限公司,股票型ETF,策略指数ETF,932365.CSI,,,,,,
2023-01-11,159232.SZ,南方中证全指自由现金流ETF,20250430,中证全指自由现金流指数,中证全指自由现金流指数收益率,南方基金管理股份有限公司,国信证券股份有限公司,股票型ETF,策略指数ETF,932365.CSI,,,,,,
2023-01-12,159232.SZ,南方中证全指自由现金流ETF,20250430,中证全指自由现金流指数,中证全指自由现金流指数收益率,南方基金管理股份有限公司,国信证券股份有限公司,股票型ETF,策略指数ETF,932365.CSI,,,,,,
2023-01-13,159232.SZ,南方中证全指自由现金流ETF,20250430,中证全指自由现金流指数,中证全指自由现金流指数收益率,南方基金管理股份有限公司,国信证券股份有限公司,股票型ETF,策略指数ETF,932365.CSI,,,,,,
2023-01-16,159232.SZ,南方中证全指自由现金流ETF,20250430,中证全指自由现金流指数,中证全指自由现金流指数收益率,南方基金管理股份有限公司,国信证券股份有限公司,股票型ETF,策略指数ETF,932365.CSI,,,,,,
2023-01-17,159232.SZ,南方中证全指自由现金流ETF,20250430,中证全指自由现金流指数,中证全指自由现金流指数收益率,南方基金管理股份有限公司,国信证券股份有限公司,股票型ETF,策略指数ETF,932365.CSI,,,,,,
2023-01-18,159232.SZ,南方中证全指自由现金流ETF,20250430,中证全指自由现金流指数,中证全指自由现金流指数收益率,南方基金管理股份有限公司,国信证券股份有限公司,股票型ETF,策略指数ETF,932365.CSI,,,,,,
2023-01-19,159232.SZ,南方中证全指自由现金流ETF,20250430,中证全指自由现金流指数,中证全指自由现金流指数收益率,南方基金管理股份有限公司,国信证券股份有限公司,股票型ETF,策略指数ETF,932365.CSI,,,,,,
2023-01-20,159232.SZ,南方中证全指自由现金流ETF,20250430,中证全指自由现金流指数,中证全指自由现金流指数收益率,南方基金管理股份有限公司,国信证券股份有限公司,股票型ETF,策略指数ETF,932365.CSI,,,,,,
2023-01-30,159232.SZ,南方中证全指自由现金流ETF,20250430,中证全指自由现金流指数,中证全指自由现金流指数收益率,南方基金管理股份有限公司,国信证券股份有限公司,股票型ETF,策略指数ETF,932365.CSI,,,,,,
2023-01-31,159232.SZ,南方中证全指自由现金流ETF,20250430,中证全指自由现金流指数,中证全指自由现金流指数收益率,南方基金管理股份有限公司,国信证券股份有限公司,股票型ETF,策略指数ETF,932365.CSI,,,,,,
2023-02-01,159232.SZ,南方中证全指自由现金流ETF,20250430,中证全指自由现金流指数,中证全指自由现金流指数收益率,南方基金管理股份有限公司,国信证券股份有限公司,股票型ETF,策略指数ETF,932365.CSI,,,,,,
2023-02-02,159232.SZ,南方中证全指自由现金流ETF,20250430,中证全指自由现金流指数,中证全指自由现金流指数收益率,南方基金管理股份有限公司,国信证券股份有限公司,股票型ETF,策略指数ETF,932365.CSI,,,,,,
2023-02-03,159232.SZ,南方中证全指自由现金流ETF,20250430,中证全指自由现金流指数,中证全指自由现金流指数收益率,南方基金管理股份有限公司,国信证券股份有限公司,股票型ETF,策略指数ETF,932365.CSI,,,,,,
2023-02-06,159232.SZ,南方中证全指自由现金流ETF,20250430,中证全指自由现金流指数,中证全指自由现金流指数收益率,南方基金管理股份有限公司,国信证券股份有限公司,股票型ETF,策略指数ETF,932365.CSI,,,,,,
2023-02-07,159232.SZ,南方中证全指自由现金流ETF,20250430,中证全指自由现金流指数,中证全指自由现金流指数收益率,南方基金管理股份有限公司,国信证券股份有限公司,股票型ETF,策略指数ETF,932365.CSI,,,,,,
2023-02-08,159232.SZ,南方中证全指自由现金流ETF,20250430,中证全指自由现金流指数,中证全指自由现金流指数收益率,南方基金管理股份有限公司,国信证券股份有限公司,股票型ETF,策略指数ETF,932365.CSI,,,,,,
2023-02-09,159232.SZ,南方中证全指自由现金流ETF,20250430,中证全指自由现金流指数,中证全指自由现金流指数收益率,南方基金管理股份有限公司,国信证券股份有限公司,股票型ETF,策略指数ETF,932365.CSI,,,,,,
2023-02-10,159232.SZ,南方中证全指自由现金流ETF,20250430,中证全指自由现金流指数,中证全指自由现金流指数收益率,南方基金管理股份有限公司,国信证券股份有限公司,股票型ETF,策略指数ETF,932365.CSI,,,,,,
2023-02-13,159232.SZ,南方中证全指自由现金流ETF,20250430,中证全指自由现金流指数,中证全指自由现金流指数收益率,南方基金管理股份有限公司,国信证券股份有限公司,股票型ETF,策略指数ETF,932365.CSI,,,,,,
2023-02-14,159232.SZ,南方中证全指自由现金流ETF,20250430,中证全指自由现金流指数,中证全指自由现金流指数收益率,南方基金管理股份有限公司,国信证券股份有限公司,股票型ETF,策略指数ETF,932365.CSI,,,,,,
2023-02-15,159232.SZ,南方中证全指自由现金流ETF,20250430,中证全指自由现金流指数,中证全指自由现金流指数收益率,南方基金管理股份有限公司,国信证券股份有限公司,股票型ETF,策略指数ETF,932365.CSI,,,,,,
2023-02-16,159232.SZ,南方中证全指自由现金流ETF,20250430,中证全指自由现金流指数,中证全指自由现金流指数收益率,南方基金管理股份有限公司,国信证券股份有限公司,股票型ETF,策略指数ETF,932365.CSI,,,,,,
2023-02-17,159232.SZ,南方中证全指自由现金流ETF,20250430,中证全指自由现金流指数,中证全指自由现金流指数收益率,南方基金管理股份有限公司,国信证券股份有限公司,股票型ETF,策略指数ETF,932365.CSI,,,,,,
2023-02-20,159232.SZ,南方中证全指自由现金流ETF,20250430,中证全指自由现金流指数,中证全指自由现金流指数收益率,南方基金管理股份有限公司,国信证券股份有限公司,股票型ETF,策略指数ETF,932365.CSI,,,,,,
2023-02-21,159232.SZ,南方中证全指自由现金流ETF,20250430,中证全指自由现金流指数,中证全指自由现金流指数收益率,南方基金管理股份有限公司,国信证券股份有限公司,股票型ETF,策略指数ETF,932365.CSI,,,,,,
2023-02-22,159232.SZ,南方中证全指自由现金流ETF,20250430,中证全指自由现金流指数,中证全指自由现金流指数收益率,南方基金管理股份有限公司,国信证券股份有限公司,股票型ETF,策略指数ETF,932365.CSI,,,,,,
2023-02-23,159232.SZ,南方中证全指自由现金流ETF,20250430,中证全指自由现金流指数,中证全指自由现金流指数收益率,南方基金管理股份有限公司,国信证券股份有限公司,股票型ETF,策略指数ETF,932365.CSI,,,,,,
2023-02-24,159232.SZ,南方中证全指自由现金流ETF,20250430,中证全指自由现金流指数,中证全指自由现金流指数收益率,南方基金管理股份有限公司,国信证券股份有限公司,股票型ETF,策略指数ETF,932365.CSI,,,,,,
2023-02-27,159232.SZ,南方中证全指自由现金流ETF,20250430,中证全指自由现金流指数,中证全指自由现金流指数收益率,南方基金管理股份有限公司,国信证券股份有限公司,股票型ETF,策略指数ETF,932365.CSI,,,,,,
2023-02-28,159232.SZ,南方中证全指自由现金流ETF,20250430,中证全指自由现金流指数,中证全指自由现金流指数收益率,南方基金管理股份有限公司,国信证券股份有限公司,股票型ETF,策略指数ETF,932365.CSI,,,,,,
2023-03-01,159232.SZ,南方中证全指自由现金流ETF,20250430,中证全指自由现金流指数,中证全指自由现金流指数收益率,南方基金管理股份有限公司,国信证券股份有限公司,股票型ETF,策略指数ETF,932365.CSI,,,,,,
2023-03-02,159232.SZ,南方中证全指自由现金流ETF,20250430,中证全指自由现金流指数,中证全指自由现金流指数收益率,南方基金管理股份有限公司,国信证券股份有限公司,股票型ETF,策略指数ETF,932365.CSI,,,,,,
2023-03-03,159232.SZ,南方中证全指自由现金流ETF,20250430,中证全指自由现金流指数,中证全指自由现金流指数收益率,南方基金管理股份有限公司,国信证券股份有限公司,股票型ETF,策略指数ETF,932365.CSI,,,,,,
2023-03-06,159232.SZ,南方中证全指自由现金流ETF,20250430,中证全指自由现金流指数,中证全指自由现金流指数收益率,南方基金管理股份有限公司,国信证券股份有限公司,股票型ETF,策略指数ETF,932365.CSI,,,,,,
2023-03-07,159232.SZ,南方中证全指自由现金流ETF,20250430,中证全指自由现金流指数,中证全指自由现金流指数收益率,南方基金管理股份有限公司,国信证券股份有限公司,股票型ETF,策略指数ETF,932365.CSI,,,,,,
2023-03-08,159232.SZ,南方中证全指自由现金流ETF,20250430,中证全指自由现金流指数,中证全指自由现金流指数收益率,南方基金管理股份有限公司,国信证券股份有限公司,股票型ETF,策略指数ETF,932365.CSI,,,,,,
2023-03-09,159232.SZ,南方中证全指自由现金流ETF,20250430,中证全指自由现金流指数,中证全指自由现金流指数收益率,南方基金管理股份有限公司,国信证券股份有限公司,股票型ETF,策略指数ETF,932365.CSI,,,,,,
2023-03-10,159232.SZ,南方中证全指自由现金流ETF,20250430,中证全指自由现金流指数,中证全指自由现金流指数收益率,南方基金管理股份有限公司,国信证券股份有限公司,股票型ETF,策略指数ETF,932365.CSI,,,,,,
2023-03-13,159232.SZ,南方中证全指自由现金流ETF,20250430,中证全指自由现金流指数,中证全指自由现金流指数收益率,南方基金管理股份有限公司,国信证券股份有限公司,股票型ETF,策略指数ETF,932365.CSI,,,,,,
2023-03-14,159232.SZ,南方中证全指自由现金流ETF,20250430,中证全指自由现金流指数,中证全指自由现金流指数收益率,南方基金管理股份有限公司,国信证券股份有限公司,股票型ETF,策略指数ETF,932365.CSI,,,,,,
2023-03-15,159232.SZ,南方中证全指自由现金流ETF,20250430,中证全指自由现金流指数,中证全指自由现金流指数收益率,南方基金管理股份有限公司,国信证券股份有限公司,股票型ETF,策略指数ETF,932365.CSI,,,,,,
2023-03-16,159232.SZ,南方中证全指自由现金流ETF,20250430,中证全指自由现金流指数,中证全指自由现金流指数收益率,南方基金管理股份有限公司,国信证券股份有限公司,股票型ETF,策略指数ETF,932365.CSI,,,,,,
2023-03-17,159232.SZ,南方中证全指自由现金流ETF,20250430,中证全指自由现金流指数,中证全指自由现金流指数收益率,南方基金管理股份有限公司,国信证券股份有限公司,股票型ETF,策略指数ETF,932365.CSI,,,,,,
2023-03-20,159232.SZ,南方中证全指自由现金流ETF,20250430,中证全指自由现金流指数,中证全指自由现金流指数收益率,南方基金管理股份有限公司,国信证券股份有限公司,股票型ETF,策略指数ETF,932365.CSI,,,,,,
2023-03-21,159232.SZ,南方中证全指自由现金流ETF,20250430,中证全指自由现金流指数,中证全指自由现金流指数收益率,南方基金管理股份有限公司,国信证券股份有限公司,股票型ETF,策略指数ETF,932365.CSI,,,,,,
2023-03-22,159232.SZ,南方中证全指自由现金流ETF,20250430,中证全指自由现金流指数,中证全指自由现金流指数收益率,南方基金管理股份有限公司,国信证券股份有限公司,股票型ETF,策略指数ETF,932365.CSI,,,,,,
2023-03-23,159232.SZ,南方中证全指自由现金流ETF,20250430,中证全指自由现金流指数,中证全指自由现金流指数收益率,南方基金管理股份有限公司,国信证券股份有限公司,股票型ETF,策略指数ETF,932365.CSI,,,,,,
2023-03-24,159232.SZ,南方中证全指自由现金流ETF,20250430,中证全指自由现金流指数,中证全指自由现金流指数收益率,南方基金管理股份有限公司,国信证券股份有限公司,股票型ETF,策略指数ETF,932365.CSI,,,,,,
2023-03-27,159232.SZ,南方中证全指自由现金流ETF,20250430,中证全指自由现金流指数,中证全指自由现金流指数收益率,南方基金管理股份有限公司,国信证券股份有限公司,股票型ETF,策略指数ETF,932365.CSI,,,,,,
2023-03-28,159232.SZ,南方中证全指自由现金流ETF,20250430,中证全指自由现金流指数,中证全指自由现金流指数收益率,南方基金管理股份有限公司,国信证券股份有限公司,股票型ETF,策略指数ETF,932365.CSI,,,,,,
2023-03-29,159232.SZ,南方中证全指自由现金流ETF,20250430,中证全指自由现金流指数,中证全指自由现金流指数收益率,南方基金管理股份有限公司,国信证券股份有限公司,股票型ETF,策略指数ETF,932365.CSI,,,,,,
2023-03-30,159232.SZ,南方中证全指自由现金流ETF,20250430,中证全指自由现金流指数,中证全指自由现金流指数收益率,南方基金管理股份有限公司,国信证券股份有限公司,股票型ETF,策略指数ETF,932365.CSI,,,,,,
2023-03-31,159232.SZ,南方中证全指自由现金流ETF,20250430,中证全指自由现金流指数,中证全指自由现金流指数收益率,南方基金管理股份有限公司,国信证券股份有限公司,股票型ETF,策略指数ETF,932365.CSI,,,,,,
2023-04-03,159232.SZ,南方中证全指自由现金流ETF,20250430,中证全指自由现金流指数,中证全指自由现金流指数收益率,南方基金管理股份有限公司,国信证券股份有限公司,股票型ETF,策略指数ETF,932365.CSI,,,,,,
2023-04-04,159232.SZ,南方中证全指自由现金流ETF,20250430,中证全指自由现金流指数,中证全指自由现金流指数收益率,南方基金管理股份有限公司,国信证券股份有限公司,股票型ETF,策略指数ETF,932365.CSI,,,,,,
2023-04-06,159232.SZ,南方中证全指自由现金流ETF,20250430,中证全指自由现金流指数,中证全指自由现金流指数收益率,南方基金管理股份有限公司,国信证券股份有限公司,股票型ETF,策略指数ETF,932365.CSI,,,,,,
2023-04-07,159232.SZ,南方中证全指自由现金流ETF,20250430,中证全指自由现金流指数,中证全指自由现金流指数收益率,南方基金管理股份有限公司,国信证券股份有限公司,股票型ETF,策略指数ETF,932365.CSI,,,,,,
2023-04-10,159232.SZ,南方中证全指自由现金流ETF,20250430,中证全指自由现金流指数,中证全指自由现金流指数收益率,南方基金管理股份有限公司,国信证券股份有限公司,股票型ETF,策略指数ETF,932365.CSI,,,,,,
2023-04-11,159232.SZ,南方中证全指自由现金流ETF,20250430,中证全指自由现金流指数,中证全指自由现金流指数收益率,南方基金管理股份有限公司,国信证券股份有限公司,股票型ETF,策略指数ETF,932365.CSI,,,,,,
2023-04-12,159232.SZ,南方中证全指自由现金流ETF,20250430,中证全指自由现金流指数,中证全指自由现金流指数收益率,南方基金管理股份有限公司,国信证券股份有限公司,股票型ETF,策略指数ETF,932365.CSI,,,,,,
2023-04-13,159232.SZ,南方中证全指自由现金流ETF,20250430,中证全指自由现金流指数,中证全指自由现金流指数收益率,南方基金管理股份有限公司,国信证券股份有限公司,股票型ETF,策略指数ETF,932365.CSI,,,,,,
2023-04-14,159232.SZ,南方中证全指自由现金流ETF,20250430,中证全指自由现金流指数,中证全指自由现金流指数收益率,南方基金管理股份有限公司,国信证券股份有限公司,股票型ETF,策略指数ETF,932365.CSI,,,,,,
2023-04-17,159232.SZ,南方中证全指自由现金流ETF,20250430,中证全指自由现金流指数,中证全指自由现金流指数收益率,南方基金管理股份有限公司,国信证券股份有限公司,股票型ETF,策略指数ETF,932365.CSI,,,,,,
2023-04-18,159232.SZ,南方中证全指自由现金流ETF,20250430,中证全指自由现金流指数,中证全指自由现金流指数收益率,南方基金管理股份有限公司,国信证券股份有限公司,股票型ETF,策略指数ETF,932365.CSI,,,,,,
2023-04-19,159232.SZ,南方中证全指自由现金流ETF,20250430,中证全指自由现金流指数,中证全指自由现金流指数收益率,南方基金管理股份有限公司,国信证券股份有限公司,股票型ETF,策略指数ETF,932365.CSI,,,,,,
2023-04-20,159232.SZ,南方中证全指自由现金流ETF,20250430,中证全指自由现金流指数,中证全指自由现金流指数收益率,南方基金管理股份有限公司,国信证券股份有限公司,股票型ETF,策略指数ETF,932365.CSI,,,,,,
2023-04-21,159232.SZ,南方中证全指自由现金流ETF,20250430,中证全指自由现金流指数,中证全指自由现金流指数收益率,南方基金管理股份有限公司,国信证券股份有限公司,股票型ETF,策略指数ETF,932365.CSI,,,,,,
2023-04-24,159232.SZ,南方中证全指自由现金流ETF,20250430,中证全指自由现金流指数,中证全指自由现金流指数收益率,南方基金管理股份有限公司,国信证券股份有限公司,股票型ETF,策略指数ETF,932365.CSI,,,,,,
2023-04-25,159232.SZ,南方中证全指自由现金流ETF,20250430,中证全指自由现金流指数,中证全指自由现金流指数收益率,南方基金管理股份有限公司,国信证券股份有限公司,股票型ETF,策略指数ETF,932365.CSI,,,,,,
2023-04-26,159232.SZ,南方中证全指自由现金流ETF,20250430,中证全指自由现金流指数,中证全指自由现金流指数收益率,南方基金管理股份有限公司,国信证券股份有限公司,股票型ETF,策略指数ETF,932365.CSI,,,,,,
2023-04-27,159232.SZ,南方中证全指自由现金流ETF,20250430,中证全指自由现金流指数,中证全指自由现金流指数收益率,南方基金管理股份有限公司,国信证券股份有限公司,股票型ETF,策略指数ETF,932365.CSI,,,,,,
2023-04-28,159232.SZ,南方中证全指自由现金流ETF,20250430,中证全指自由现金流指数,中证全指自由现金流指数收益率,南方基金管理股份有限公司,国信证券股份有限公司,股票型ETF,策略指数ETF,932365.CSI,,,,,,
2023-05-04,159232.SZ,南方中证全指自由现金流ETF,20250430,中证全指自由现金流指数,中证全指自由现金流指数收益率,南方基金管理股份有限公司,国信证券股份有限公司,股票型ETF,策略指数ETF,932365.CSI,,,,,,
2023-05-05,159232.SZ,南方中证全指自由现金流ETF,20250430,中证全指自由现金流指数,中证全指自由现金流指数收益率,南方基金管理股份有限公司,国信证券股份有限公司,股票型ETF,策略指数ETF,932365.CSI,,,,,,
2023-05-08,159232.SZ,南方中证全指自由现金流ETF,20250430,中证全指自由现金流指数,中证全指自由现金流指数收益率,南方基金管理股份有限公司,国信证券股份有限公司,股票型ETF,策略指数ETF,932365.CSI,,,,,,
2023-05-09,159232.SZ,南方中证全指自由现金流ETF,20250430,中证全指自由现金流指数,中证全指自由现金流指数收益率,南方基金管理股份有限公司,国信证券股份有限公司,股票型ETF,策略指数ETF,932365.CSI,,,,,,
2023-05-10,159232.SZ,南方中证全指自由现金流ETF,20250430,中证全指自由现金流指数,中证全指自由现金流指数收益率,南方基金管理股份有限公司,国信证券股份有限公司,股票型ETF,策略指数ETF,932365.CSI,,,,,,
2023-05-11,159232.SZ,南方中证全指自由现金流ETF,20250430,中证全指自由现金流指数,中证全指自由现金流指数收益率,南方基金管理股份有限公司,国信证券股份有限公司,股票型ETF,策略指数ETF,932365.CSI,,,,,,
2023-05-12,159232.SZ,南方中证全指自由现金流ETF,20250430,中证全指自由现金流指数,中证全指自由现金流指数收益率,南方基金管理股份有限公司,国信证券股份有限公司,股票型ETF,策略指数ETF,932365.CSI,,,,,,
2023-05-15,159232.SZ,南方中证全指自由现金流ETF,20250430,中证全指自由现金流指数,中证全指自由现金流指数收益率,南方基金管理股份有限公司,国信证券股份有限公司,股票型ETF,策略指数ETF,932365.CSI,,,,,,
2023-05-16,159232.SZ,南方中证全指自由现金流ETF,20250430,中证全指自由现金流指数,中证全指自由现金流指数收益率,南方基金管理股份有限公司,国信证券股份有限公司,股票型ETF,策略指数ETF,932365.CSI,,,,,,
2023-05-17,159232.SZ,南方中证全指自由现金流ETF,20250430,中证全指自由现金流指数,中证全指自由现金流指数收益率,南方基金管理股份有限公司,国信证券股份有限公司,股票型ETF,策略指数ETF,932365.CSI,,,,,,
2023-05-18,159232.SZ,南方中证全指自由现金流ETF,20250430,中证全指自由现金流指数,中证全指自由现金流指数收益率,南方基金管理股份有限公司,国信证券股份有限公司,股票型ETF,策略指数ETF,932365.CSI,,,,,,
2023-05-19,159232.SZ,南方中证全指自由现金流ETF,20250430,中证全指自由现金流指数,中证全指自由现金流指数收益率,南方基金管理股份有限公司,国信证券股份有限公司,股票型ETF,策略指数ETF,932365.CSI,,,,,,
2023-05-22,159232.SZ,南方中证全指自由现金流ETF,20250430,中证全指自由现金流指数,中证全指自由现金流指数收益率,南方基金管理股份有限公司,国信证券股份有限公司,股票型ETF,策略指数ETF,932365.CSI,,,,,,
2023-05-23,159232.SZ,南方中证全指自由现金流ETF,20250430,中证全指自由现金流指数,中证全指自由现金流指数收益率,南方基金管理股份有限公司,国信证券股份有限公司,股票型ETF,策略指数ETF,932365.CSI,,,,,,
2023-05-24,159232.SZ,南方中证全指自由现金流ETF,20250430,中证全指自由现金流指数,中证全指自由现金流指数收益率,南方基金管理股份有限公司,国信证券股份有限公司,股票型ETF,策略指数ETF,932365.CSI,,,,,,
2023-05-25,159232.SZ,南方中证全指自由现金流ETF,20250430,中证全指自由现金流指数,中证全指自由现金流指数收益率,南方基金管理股份有限公司,国信证券股份有限公司,股票型ETF,策略指数ETF,932365.CSI,,,,,,
2023-05-26,159232.SZ,南方中证全指自由现金流ETF,20250430,中证全指自由现金流指数,中证全指自由现金流指数收益率,南方基金管理股份有限公司,国信证券股份有限公司,股票型ETF,策略指数ETF,932365.CSI,,,,,,
2023-05-29,159232.SZ,南方中证全指自由现金流ETF,20250430,中证全指自由现金流指数,中证全指自由现金流指数收益率,南方基金管理股份有限公司,国信证券股份有限公司,股票型ETF,策略指数ETF,932365.CSI,,,,,,
2023-05-30,159232.SZ,南方中证全指自由现金流ETF,20250430,中证全指自由现金流指数,中证全指自由现金流指数收益率,南方基金管理股份有限公司,国信证券股份有限公司,股票型ETF,策略指数ETF,932365.CSI,,,,,,
2023-05-31,159232.SZ,南方中证全指自由现金流ETF,20250430,中证全指自由现金流指数,中证全指自由现金流指数收益率,南方基金管理股份有限公司,国信证券股份有限公司,股票型ETF,策略指数ETF,932365.CSI,,,,,,
2023-06-01,159232.SZ,南方中证全指自由现金流ETF,20250430,中证全指自由现金流指数,中证全指自由现金流指数收益率,南方基金管理股份有限公司,国信证券股份有限公司,股票型ETF,策略指数ETF,932365.CSI,,,,,,
2023-06-02,159232.SZ,南方中证全指自由现金流ETF,20250430,中证全指自由现金流指数,中证全指自由现金流指数收益率,南方基金管理股份有限公司,国信证券股份有限公司,股票型ETF,策略指数ETF,932365.CSI,,,,,,
2023-06-05,159232.SZ,南方中证全指自由现金流ETF,20250430,中证全指自由现金流指数,中证全指自由现金流指数收益率,南方基金管理股份有限公司,国信证券股份有限公司,股票型ETF,策略指数ETF,932365.CSI,,,,,,
2023-06-06,159232.SZ,南方中证全指自由现金流ETF,20250430,中证全指自由现金流指数,中证全指自由现金流指数收益率,南方基金管理股份有限公司,国信证券股份有限公司,股票型ETF,策略指数ETF,932365.CSI,,,,,,
2023-06-07,159232.SZ,南方中证全指自由现金流ETF,20250430,中证全指自由现金流指数,中证全指自由现金流指数收益率,南方基金管理股份有限公司,国信证券股份有限公司,股票型ETF,策略指数ETF,932365.CSI,,,,,,
2023-06-08,159232.SZ,南方中证全指自由现金流ETF,20250430,中证全指自由现金流指数,中证全指自由现金流指数收益率,南方基金管理股份有限公司,国信证券股份有限公司,股票型ETF,策略指数ETF,932365.CSI,,,,,,
2023-06-09,159232.SZ,南方中证全指自由现金流ETF,20250430,中证全指自由现金流指数,中证全指自由现金流指数收益率,南方基金管理股份有限公司,国信证券股份有限公司,股票型ETF,策略指数ETF,932365.CSI,,,,,,
2023-06-12,159232.SZ,南方中证全指自由现金流ETF,20250430,中证全指自由现金流指数,中证全指自由现金流指数收益率,南方基金管理股份有限公司,国信证券股份有限公司,股票型ETF,策略指数ETF,932365.CSI,,,,,,
2023-06-13,159232.SZ,南方中证全指自由现金流ETF,20250430,中证全指自由现金流指数,中证全指自由现金流指数收益率,南方基金管理股份有限公司,国信证券股份有限公司,股票型ETF,策略指数ETF,932365.CSI,,,,,,
2023-06-14,159232.SZ,南方中证全指自由现金流ETF,20250430,中证全指自由现金流指数,中证全指自由现金流指数收益率,南方基金管理股份有限公司,国信证券股份有限公司,股票型ETF,策略指数ETF,932365.CSI,,,,,,
2023-06-15,159232.SZ,南方中证全指自由现金流ETF,20250430,中证全指自由现金流指数,中证全指自由现金流指数收益率,南方基金管理股份有限公司,国信证券股份有限公司,股票型ETF,策略指数ETF,932365.CSI,,,,,,
2023-06-16,159232.SZ,南方中证全指自由现金流ETF,20250430,中证全指自由现金流指数,中证全指自由现金流指数收益率,南方基金管理股份有限公司,国信证券股份有限公司,股票型ETF,策略指数ETF,932365.CSI,,,,,,
2023-06-19,159232.SZ,南方中证全指自由现金流ETF,20250430,中证全指自由现金流指数,中证全指自由现金流指数收益率,南方基金管理股份有限公司,国信证券股份有限公司,股票型ETF,策略指数ETF,932365.CSI,,,,,,
2023-06-20,159232.SZ,南方中证全指自由现金流ETF,20250430,中证全指自由现金流指数,中证全指自由现金流指数收益率,南方基金管理股份有限公司,国信证券股份有限公司,股票型ETF,策略指数ETF,932365.CSI,,,,,,
2023-06-21,159232.SZ,南方中证全指自由现金流ETF,20250430,中证全指自由现金流指数,中证全指自由现金流指数收益率,南方基金管理股份有限公司,国信证券股份有限公司,股票型ETF,策略指数ETF,932365.CSI,,,,,,
2023-06-26,159232.SZ,南方中证全指自由现金流ETF,20250430,中证全指自由现金流指数,中证全指自由现金流指数收益率,南方基金管理股份有限公司,国信证券股份有限公司,股票型ETF,策略指数ETF,932365.CSI,,,,,,
2023-06-27,159232.SZ,南方中证全指自由现金流ETF,20250430,中证全指自由现金流指数,中证全指自由现金流指数收益率,南方基金管理股份有限公司,国信证券股份有限公司,股票型ETF,策略指数ETF,932365.CSI,,,,,,
2023-06-28,159232.SZ,南方中证全指自由现金流ETF,20250430,中证全指自由现金流指数,中证全指自由现金流指数收益率,南方基金管理股份有限公司,国信证券股份有限公司,股票型ETF,策略指数ETF,932365.CSI,,,,,,
2023-06-29,159232.SZ,南方中证全指自由现金流ETF,20250430,中证全指自由现金流指数,中证全指自由现金流指数收益率,南方基金管理股份有限公司,国信证券股份有限公司,股票型ETF,策略指数ETF,932365.CSI,,,,,,
2023-06-30,159232.SZ,南方中证全指自由现金流ETF,20250430,中证全指自由现金流指数,中证全指自由现金流指数收益率,南方基金管理股份有限公司,国信证券股份有限公司,股票型ETF,策略指数ETF,932365.CSI,,,,,,
2023-07-03,159232.SZ,南方中证全指自由现金流ETF,20250430,中证全指自由现金流指数,中证全指自由现金流指数收益率,南方基金管理股份有限公司,国信证券股份有限公司,股票型ETF,策略指数ETF,932365.CSI,,,,,,
2023-07-04,159232.SZ,南方中证全指自由现金流ETF,20250430,中证全指自由现金流指数,中证全指自由现金流指数收益率,南方基金管理股份有限公司,国信证券股份有限公司,股票型ETF,策略指数ETF,932365.CSI,,,,,,
2023-07-05,159232.SZ,南方中证全指自由现金流ETF,20250430,中证全指自由现金流指数,中证全指自由现金流指数收益率,南方基金管理股份有限公司,国信证券股份有限公司,股票型ETF,策略指数ETF,932365.CSI,,,,,,
2023-07-06,159232.SZ,南方中证全指自由现金流ETF,20250430,中证全指自由现金流指数,中证全指自由现金流指数收益率,南方基金管理股份有限公司,国信证券股份有限公司,股票型ETF,策略指数ETF,932365.CSI,,,,,,
2023-07-07,159232.SZ,南方中证全指自由现金流ETF,20250430,中证全指自由现金流指数,中证全指自由现金流指数收益率,南方基金管理股份有限公司,国信证券股份有限公司,股票型ETF,策略指数ETF,932365.CSI,,,,,,
2023-07-10,159232.SZ,南方中证全指自由现金流ETF,20250430,中证全指自由现金流指数,中证全指自由现金流指数收益率,南方基金管理股份有限公司,国信证券股份有限公司,股票型ETF,策略指数ETF,932365.CSI,,,,,,
2023-07-11,159232.SZ,南方中证全指自由现金流ETF,20250430,中证全指自由现金流指数,中证全指自由现金流指数收益率,南方基金管理股份有限公司,国信证券股份有限公司,股票型ETF,策略指数ETF,932365.CSI,,,,,,
2023-07-12,159232.SZ,南方中证全指自由现金流ETF,20250430,中证全指自由现金流指数,中证全指自由现金流指数收益率,南方基金管理股份有限公司,国信证券股份有限公司,股票型ETF,策略指数ETF,932365.CSI,,,,,,
2023-07-13,159232.SZ,南方中证全指自由现金流ETF,20250430,中证全指自由现金流指数,中证全指自由现金流指数收益率,南方基金管理股份有限公司,国信证券股份有限公司,股票型ETF,策略指数ETF,932365.CSI,,,,,,
2023-07-14,159232.SZ,南方中证全指自由现金流ETF,20250430,中证全指自由现金流指数,中证全指自由现金流指数收益率,南方基金管理股份有限公司,国信证券股份有限公司,股票型ETF,策略指数ETF,932365.CSI,,,,,,
2023-07-17,159232.SZ,南方中证全指自由现金流ETF,20250430,中证全指自由现金流指数,中证全指自由现金流指数收益率,南方基金管理股份有限公司,国信证券股份有限公司,股票型ETF,策略指数ETF,932365.CSI,,,,,,
2023-07-18,159232.SZ,南方中证全指自由现金流ETF,20250430,中证全指自由现金流指数,中证全指自由现金流指数收益率,南方基金管理股份有限公司,国信证券股份有限公司,股票型ETF,策略指数ETF,932365.CSI,,,,,,
2023-07-19,159232.SZ,南方中证全指自由现金流ETF,20250430,中证全指自由现金流指数,中证全指自由现金流指数收益率,南方基金管理股份有限公司,国信证券股份有限公司,股票型ETF,策略指数ETF,932365.CSI,,,,,,
2023-07-20,159232.SZ,南方中证全指自由现金流ETF,20250430,中证全指自由现金流指数,中证全指自由现金流指数收益率,南方基金管理股份有限公司,国信证券股份有限公司,股票型ETF,策略指数ETF,932365.CSI,,,,,,
2023-07-21,159232.SZ,南方中证全指自由现金流ETF,20250430,中证全指自由现金流指数,中证全指自由现金流指数收益率,南方基金管理股份有限公司,国信证券股份有限公司,股票型ETF,策略指数ETF,932365.CSI,,,,,,
2023-07-24,159232.SZ,南方中证全指自由现金流ETF,20250430,中证全指自由现金流指数,中证全指自由现金流指数收益率,南方基金管理股份有限公司,国信证券股份有限公司,股票型ETF,策略指数ETF,932365.CSI,,,,,,
2023-07-25,159232.SZ,南方中证全指自由现金流ETF,20250430,中证全指自由现金流指数,中证全指自由现金流指数收益率,南方基金管理股份有限公司,国信证券股份有限公司,股票型ETF,策略指数ETF,932365.CSI,,,,,,
2023-07-26,159232.SZ,南方中证全指自由现金流ETF,20250430,中证全指自由现金流指数,中证全指自由现金流指数收益率,南方基金管理股份有限公司,国信证券股份有限公司,股票型ETF,策略指数ETF,932365.CSI,,,,,,
2023-07-27,159232.SZ,南方中证全指自由现金流ETF,20250430,中证全指自由现金流指数,中证全指自由现金流指数收益率,南方基金管理股份有限公司,国信证券股份有限公司,股票型ETF,策略指数ETF,932365.CSI,,,,,,
2023-07-28,159232.SZ,南方中证全指自由现金流ETF,20250430,中证全指自由现金流指数,中证全指自由现金流指数收益率,南方基金管理股份有限公司,国信证券股份有限公司,股票型ETF,策略指数ETF,932365.CSI,,,,,,
2023-07-31,159232.SZ,南方中证全指自由现金流ETF,20250430,中证全指自由现金流指数,中证全指自由现金流指数收益率,南方基金管理股份有限公司,国信证券股份有限公司,股票型ETF,策略指数ETF,932365.CSI,,,,,,
2023-08-01,159232.SZ,南方中证全指自由现金流ETF,20250430,中证全指自由现金流指数,中证全指自由现金流指数收益率,南方基金管理股份有限公司,国信证券股份有限公司,股票型ETF,策略指数ETF,932365.CSI,,,,,,
2023-08-02,159232.SZ,南方中证全指自由现金流ETF,20250430,中证全指自由现金流指数,中证全指自由现金流指数收益率,南方基金管理股份有限公司,国信证券股份有限公司,股票型ETF,策略指数ETF,932365.CSI,,,,,,
2023-08-03,159232.SZ,南方中证全指自由现金流ETF,20250430,中证全指自由现金流指数,中证全指自由现金流指数收益率,南方基金管理股份有限公司,国信证券股份有限公司,股票型ETF,策略指数ETF,932365.CSI,,,,,,
2023-08-04,159232.SZ,南方中证全指自由现金流ETF,20250430,中证全指自由现金流指数,中证全指自由现金流指数收益率,南方基金管理股份有限公司,国信证券股份有限公司,股票型ETF,策略指数ETF,932365.CSI,,,,,,
2023-08-07,159232.SZ,南方中证全指自由现金流ETF,20250430,中证全指自由现金流指数,中证全指自由现金流指数收益率,南方基金管理股份有限公司,国信证券股份有限公司,股票型ETF,策略指数ETF,932365.CSI,,,,,,
2023-08-08,159232.SZ,南方中证全指自由现金流ETF,20250430,中证全指自由现金流指数,中证全指自由现金流指数收益率,南方基金管理股份有限公司,国信证券股份有限公司,股票型ETF,策略指数ETF,932365.CSI,,,,,,
2023-08-09,159232.SZ,南方中证全指自由现金流ETF,20250430,中证全指自由现金流指数,中证全指自由现金流指数收益率,南方基金管理股份有限公司,国信证券股份有限公司,股票型ETF,策略指数ETF,932365.CSI,,,,,,
2023-08-10,159232.SZ,南方中证全指自由现金流ETF,20250430,中证全指自由现金流指数,中证全指自由现金流指数收益率,南方基金管理股份有限公司,国信证券股份有限公司,股票型ETF,策略指数ETF,932365.CSI,,,,,,
2023-08-11,159232.SZ,南方中证全指自由现金流ETF,20250430,中证全指自由现金流指数,中证全指自由现金流指数收益率,南方基金管理股份有限公司,国信证券股份有限公司,股票型ETF,策略指数ETF,932365.CSI,,,,,,
2023-08-14,159232.SZ,南方中证全指自由现金流ETF,20250430,中证全指自由现金流指数,中证全指自由现金流指数收益率,南方基金管理股份有限公司,国信证券股份有限公司,股票型ETF,策略指数ETF,932365.CSI,,,,,,
2023-08-15,159232.SZ,南方中证全指自由现金流ETF,20250430,中证全指自由现金流指数,中证全指自由现金流指数收益率,南方基金管理股份有限公司,国信证券股份有限公司,股票型ETF,策略指数ETF,932365.CSI,,,,,,
2023-08-16,159232.SZ,南方中证全指自由现金流ETF,20250430,中证全指自由现金流指数,中证全指自由现金流指数收益率,南方基金管理股份有限公司,国信证券股份有限公司,股票型ETF,策略指数ETF,932365.CSI,,,,,,
2023-08-17,159232.SZ,南方中证全指自由现金流ETF,20250430,中证全指自由现金流指数,中证全指自由现金流指数收益率,南方基金管理股份有限公司,国信证券股份有限公司,股票型ETF,策略指数ETF,932365.CSI,,,,,,
2023-08-18,159232.SZ,南方中证全指自由现金流ETF,20250430,中证全指自由现金流指数,中证全指自由现金流指数收益率,南方基金管理股份有限公司,国信证券股份有限公司,股票型ETF,策略指数ETF,932365.CSI,,,,,,
2023-08-21,159232.SZ,南方中证全指自由现金流ETF,20250430,中证全指自由现金流指数,中证全指自由现金流指数收益率,南方基金管理股份有限公司,国信证券股份有限公司,股票型ETF,策略指数ETF,932365.CSI,,,,,,
2023-08-22,159232.SZ,南方中证全指自由现金流ETF,20250430,中证全指自由现金流指数,中证全指自由现金流指数收益率,南方基金管理股份有限公司,国信证券股份有限公司,股票型ETF,策略指数ETF,932365.CSI,,,,,,
2023-08-23,159232.SZ,南方中证全指自由现金流ETF,20250430,中证全指自由现金流指数,中证全指自由现金流指数收益率,南方基金管理股份有限公司,国信证券股份有限公司,股票型ETF,策略指数ETF,932365.CSI,,,,,,
2023-08-24,159232.SZ,南方中证全指自由现金流ETF,20250430,中证全指自由现金流指数,中证全指自由现金流指数收益率,南方基金管理股份有限公司,国信证券股份有限公司,股票型ETF,策略指数ETF,932365.CSI,,,,,,
2023-08-25,159232.SZ,南方中证全指自由现金流ETF,20250430,中证全指自由现金流指数,中证全指自由现金流指数收益率,南方基金管理股份有限公司,国信证券股份有限公司,股票型ETF,策略指数ETF,932365.CSI,,,,,,
2023-08-28,159232.SZ,南方中证全指自由现金流ETF,20250430,中证全指自由现金流指数,中证全指自由现金流指数收益率,南方基金管理股份有限公司,国信证券股份有限公司,股票型ETF,策略指数ETF,932365.CSI,,,,,,
2023-08-29,159232.SZ,南方中证全指自由现金流ETF,20250430,中证全指自由现金流指数,中证全指自由现金流指数收益率,南方基金管理股份有限公司,国信证券股份有限公司,股票型ETF,策略指数ETF,932365.CSI,,,,,,
2023-08-30,159232.SZ,南方中证全指自由现金流ETF,20250430,中证全指自由现金流指数,中证全指自由现金流指数收益率,南方基金管理股份有限公司,国信证券股份有限公司,股票型ETF,策略指数ETF,932365.CSI,,,,,,
2023-08-31,159232.SZ,南方中证全指自由现金流ETF,20250430,中证全指自由现金流指数,中证全指自由现金流指数收益率,南方基金管理股份有限公司,国信证券股份有限公司,股票型ETF,策略指数ETF,932365.CSI,,,,,,
2023-09-01,159232.SZ,南方中证全指自由现金流ETF,20250430,中证全指自由现金流指数,中证全指自由现金流指数收益率,南方基金管理股份有限公司,国信证券股份有限公司,股票型ETF,策略指数ETF,932365.CSI,,,,,,
2023-09-04,159232.SZ,南方中证全指自由现金流ETF,20250430,中证全指自由现金流指数,中证全指自由现金流指数收益率,南方基金管理股份有限公司,国信证券股份有限公司,股票型ETF,策略指数ETF,932365.CSI,,,,,,
2023-09-05,159232.SZ,南方中证全指自由现金流ETF,20250430,中证全指自由现金流指数,中证全指自由现金流指数收益率,南方基金管理股份有限公司,国信证券股份有限公司,股票型ETF,策略指数ETF,932365.CSI,,,,,,
2023-09-06,159232.SZ,南方中证全指自由现金流ETF,20250430,中证全指自由现金流指数,中证全指自由现金流指数收益率,南方基金管理股份有限公司,国信证券股份有限公司,股票型ETF,策略指数ETF,932365.CSI,,,,,,
2023-09-07,159232.SZ,南方中证全指自由现金流ETF,20250430,中证全指自由现金流指数,中证全指自由现金流指数收益率,南方基金管理股份有限公司,国信证券股份有限公司,股票型ETF,策略指数ETF,932365.CSI,,,,,,
2023-09-08,159232.SZ,南方中证全指自由现金流ETF,20250430,中证全指自由现金流指数,中证全指自由现金流指数收益率,南方基金管理股份有限公司,国信证券股份有限公司,股票型ETF,策略指数ETF,932365.CSI,,,,,,
2023-09-11,159232.SZ,南方中证全指自由现金流ETF,20250430,中证全指自由现金流指数,中证全指自由现金流指数收益率,南方基金管理股份有限公司,国信证券股份有限公司,股票型ETF,策略指数ETF,932365.CSI,,,,,,
2023-09-12,159232.SZ,南方中证全指自由现金流ETF,20250430,中证全指自由现金流指数,中证全指自由现金流指数收益率,南方基金管理股份有限公司,国信证券股份有限公司,股票型ETF,策略指数ETF,932365.CSI,,,,,,
2023-09-13,159232.SZ,南方中证全指自由现金流ETF,20250430,中证全指自由现金流指数,中证全指自由现金流指数收益率,南方基金管理股份有限公司,国信证券股份有限公司,股票型ETF,策略指数ETF,932365.CSI,,,,,,
2023-09-14,159232.SZ,南方中证全指自由现金流ETF,20250430,中证全指自由现金流指数,中证全指自由现金流指数收益率,南方基金管理股份有限公司,国信证券股份有限公司,股票型ETF,策略指数ETF,932365.CSI,,,,,,
2023-09-15,159232.SZ,南方中证全指自由现金流ETF,20250430,中证全指自由现金流指数,中证全指自由现金流指数收益率,南方基金管理股份有限公司,国信证券股份有限公司,股票型ETF,策略指数ETF,932365.CSI,,,,,,
2023-09-18,159232.SZ,南方中证全指自由现金流ETF,20250430,中证全指自由现金流指数,中证全指自由现金流指数收益率,南方基金管理股份有限公司,国信证券股份有限公司,股票型ETF,策略指数ETF,932365.CSI,,,,,,
2023-09-19,159232.SZ,南方中证全指自由现金流ETF,20250430,中证全指自由现金流指数,中证全指自由现金流指数收益率,南方基金管理股份有限公司,国信证券股份有限公司,股票型ETF,策略指数ETF,932365.CSI,,,,,,
2023-09-20,159232.SZ,南方中证全指自由现金流ETF,20250430,中证全指自由现金流指数,中证全指自由现金流指数收益率,南方基金管理股份有限公司,国信证券股份有限公司,股票型ETF,策略指数ETF,932365.CSI,,,,,,
2023-09-21,159232.SZ,南方中证全指自由现金流ETF,20250430,中证全指自由现金流指数,中证全指自由现金流指数收益率,南方基金管理股份有限公司,国信证券股份有限公司,股票型ETF,策略指数ETF,932365.CSI,,,,,,
2023-09-22,159232.SZ,南方中证全指自由现金流ETF,20250430,中证全指自由现金流指数,中证全指自由现金流指数收益率,南方基金管理股份有限公司,国信证券股份有限公司,股票型ETF,策略指数ETF,932365.CSI,,,,,,
2023-09-25,159232.SZ,南方中证全指自由现金流ETF,20250430,中证全指自由现金流指数,中证全指自由现金流指数收益率,南方基金管理股份有限公司,国信证券股份有限公司,股票型ETF,策略指数ETF,932365.CSI,,,,,,
2023-09-26,159232.SZ,南方中证全指自由现金流ETF,20250430,中证全指自由现金流指数,中证全指自由现金流指数收益率,南方基金管理股份有限公司,国信证券股份有限公司,股票型ETF,策略指数ETF,932365.CSI,,,,,,
2023-09-27,159232.SZ,南方中证全指自由现金流ETF,20250430,中证全指自由现金流指数,中证全指自由现金流指数收益率,南方基金管理股份有限公司,国信证券股份有限公司,股票型ETF,策略指数ETF,932365.CSI,,,,,,
2023-09-28,159232.SZ,南方中证全指自由现金流ETF,20250430,中证全指自由现金流指数,中证全指自由现金流指数收益率,南方基金管理股份有限公司,国信证券股份有限公司,股票型ETF,策略指数ETF,932365.CSI,,,,,,
2023-10-09,159232.SZ,南方中证全指自由现金流ETF,20250430,中证全指自由现金流指数,中证全指自由现金流指数收益率,南方基金管理股份有限公司,国信证券股份有限公司,股票型ETF,策略指数ETF,932365.CSI,,,,,,
2023-10-10,159232.SZ,南方中证全指自由现金流ETF,20250430,中证全指自由现金流指数,中证全指自由现金流指数收益率,南方基金管理股份有限公司,国信证券股份有限公司,股票型ETF,策略指数ETF,932365.CSI,,,,,,
2023-10-11,159232.SZ,南方中证全指自由现金流ETF,20250430,中证全指自由现金流指数,中证全指自由现金流指数收益率,南方基金管理股份有限公司,国信证券股份有限公司,股票型ETF,策略指数ETF,932365.CSI,,,,,,
2023-10-12,159232.SZ,南方中证全指自由现金流ETF,20250430,中证全指自由现金流指数,中证全指自由现金流指数收益率,南方基金管理股份有限公司,国信证券股份有限公司,股票型ETF,策略指数ETF,932365.CSI,,,,,,
2023-10-13,159232.SZ,南方中证全指自由现金流ETF,20250430,中证全指自由现金流指数,中证全指自由现金流指数收益率,南方基金管理股份有限公司,国信证券股份有限公司,股票型ETF,策略指数ETF,932365.CSI,,,,,,
2023-10-16,159232.SZ,南方中证全指自由现金流ETF,20250430,中证全指自由现金流指数,中证全指自由现金流指数收益率,南方基金管理股份有限公司,国信证券股份有限公司,股票型ETF,策略指数ETF,932365.CSI,,,,,,
2023-10-17,159232.SZ,南方中证全指自由现金流ETF,20250430,中证全指自由现金流指数,中证全指自由现金流指数收益率,南方基金管理股份有限公司,国信证券股份有限公司,股票型ETF,策略指数ETF,932365.CSI,,,,,,
2023-10-18,159232.SZ,南方中证全指自由现金流ETF,20250430,中证全指自由现金流指数,中证全指自由现金流指数收益率,南方基金管理股份有限公司,国信证券股份有限公司,股票型ETF,策略指数ETF,932365.CSI,,,,,,
2023-10-19,159232.SZ,南方中证全指自由现金流ETF,20250430,中证全指自由现金流指数,中证全指自由现金流指数收益率,南方基金管理股份有限公司,国信证券股份有限公司,股票型ETF,策略指数ETF,932365.CSI,,,,,,
2023-10-20,159232.SZ,南方中证全指自由现金流ETF,20250430,中证全指自由现金流指数,中证全指自由现金流指数收益率,南方基金管理股份有限公司,国信证券股份有限公司,股票型ETF,策略指数ETF,932365.CSI,,,,,,
2023-10-23,159232.SZ,南方中证全指自由现金流ETF,20250430,中证全指自由现金流指数,中证全指自由现金流指数收益率,南方基金管理股份有限公司,国信证券股份有限公司,股票型ETF,策略指数ETF,932365.CSI,,,,,,
2023-10-24,159232.SZ,南方中证全指自由现金流ETF,20250430,中证全指自由现金流指数,中证全指自由现金流指数收益率,南方基金管理股份有限公司,国信证券股份有限公司,股票型ETF,策略指数ETF,932365.CSI,,,,,,
2023-10-25,159232.SZ,南方中证全指自由现金流ETF,20250430,中证全指自由现金流指数,中证全指自由现金流指数收益率,南方基金管理股份有限公司,国信证券股份有限公司,股票型ETF,策略指数ETF,932365.CSI,,,,,,
2023-10-26,159232.SZ,南方中证全指自由现金流ETF,20250430,中证全指自由现金流指数,中证全指自由现金流指数收益率,南方基金管理股份有限公司,国信证券股份有限公司,股票型ETF,策略指数ETF,932365.CSI,,,,,,
2023-10-27,159232.SZ,南方中证全指自由现金流ETF,20250430,中证全指自由现金流指数,中证全指自由现金流指数收益率,南方基金管理股份有限公司,国信证券股份有限公司,股票型ETF,策略指数ETF,932365.CSI,,,,,,
2023-10-30,159232.SZ,南方中证全指自由现金流ETF,20250430,中证全指自由现金流指数,中证全指自由现金流指数收益率,南方基金管理股份有限公司,国信证券股份有限公司,股票型ETF,策略指数ETF,932365.CSI,,,,,,
2023-10-31,159232.SZ,南方中证全指自由现金流ETF,20250430,中证全指自由现金流指数,中证全指自由现金流指数收益率,南方基金管理股份有限公司,国信证券股份有限公司,股票型ETF,策略指数ETF,932365.CSI,,,,,,
2023-11-01,159232.SZ,南方中证全指自由现金流ETF,20250430,中证全指自由现金流指数,中证全指自由现金流指数收益率,南方基金管理股份有限公司,国信证券股份有限公司,股票型ETF,策略指数ETF,932365.CSI,,,,,,
2023-11-02,159232.SZ,南方中证全指自由现金流ETF,20250430,中证全指自由现金流指数,中证全指自由现金流指数收益率,南方基金管理股份有限公司,国信证券股份有限公司,股票型ETF,策略指数ETF,932365.CSI,,,,,,
2023-11-03,159232.SZ,南方中证全指自由现金流ETF,20250430,中证全指自由现金流指数,中证全指自由现金流指数收益率,南方基金管理股份有限公司,国信证券股份有限公司,股票型ETF,策略指数ETF,932365.CSI,,,,,,
2023-11-06,159232.SZ,南方中证全指自由现金流ETF,20250430,中证全指自由现金流指数,中证全指自由现金流指数收益率,南方基金管理股份有限公司,国信证券股份有限公司,股票型ETF,策略指数ETF,932365.CSI,,,,,,
2023-11-07,159232.SZ,南方中证全指自由现金流ETF,20250430,中证全指自由现金流指数,中证全指自由现金流指数收益率,南方基金管理股份有限公司,国信证券股份有限公司,股票型ETF,策略指数ETF,932365.CSI,,,,,,
2023-11-08,159232.SZ,南方中证全指自由现金流ETF,20250430,中证全指自由现金流指数,中证全指自由现金流指数收益率,南方基金管理股份有限公司,国信证券股份有限公司,股票型ETF,策略指数ETF,932365.CSI,,,,,,
2023-11-09,159232.SZ,南方中证全指自由现金流ETF,20250430,中证全指自由现金流指数,中证全指自由现金流指数收益率,南方基金管理股份有限公司,国信证券股份有限公司,股票型ETF,策略指数ETF,932365.CSI,,,,,,
2023-11-10,159232.SZ,南方中证全指自由现金流ETF,20250430,中证全指自由现金流指数,中证全指自由现金流指数收益率,南方基金管理股份有限公司,国信证券股份有限公司,股票型ETF,策略指数ETF,932365.CSI,,,,,,
2023-11-13,159232.SZ,南方中证全指自由现金流ETF,20250430,中证全指自由现金流指数,中证全指自由现金流指数收益率,南方基金管理股份有限公司,国信证券股份有限公司,股票型ETF,策略指数ETF,932365.CSI,,,,,,
2023-11-14,159232.SZ,南方中证全指自由现金流ETF,20250430,中证全指自由现金流指数,中证全指自由现金流指数收益率,南方基金管理股份有限公司,国信证券股份有限公司,股票型ETF,策略指数ETF,932365.CSI,,,,,,
2023-11-15,159232.SZ,南方中证全指自由现金流ETF,20250430,中证全指自由现金流指数,中证全指自由现金流指数收益率,南方基金管理股份有限公司,国信证券股份有限公司,股票型ETF,策略指数ETF,932365.CSI,,,,,,
2023-11-16,159232.SZ,南方中证全指自由现金流ETF,20250430,中证全指自由现金流指数,中证全指自由现金流指数收益率,南方基金管理股份有限公司,国信证券股份有限公司,股票型ETF,策略指数ETF,932365.CSI,,,,,,
2023-11-17,159232.SZ,南方中证全指自由现金流ETF,20250430,中证全指自由现金流指数,中证全指自由现金流指数收益率,南方基金管理股份有限公司,国信证券股份有限公司,股票型ETF,策略指数ETF,932365.CSI,,,,,,
2023-11-20,159232.SZ,南方中证全指自由现金流ETF,20250430,中证全指自由现金流指数,中证全指自由现金流指数收益率,南方基金管理股份有限公司,国信证券股份有限公司,股票型ETF,策略指数ETF,932365.CSI,,,,,,
2023-11-21,159232.SZ,南方中证全指自由现金流ETF,20250430,中证全指自由现金流指数,中证全指自由现金流指数收益率,南方基金管理股份有限公司,国信证券股份有限公司,股票型ETF,策略指数ETF,932365.CSI,,,,,,
2023-11-22,159232.SZ,南方中证全指自由现金流ETF,20250430,中证全指自由现金流指数,中证全指自由现金流指数收益率,南方基金管理股份有限公司,国信证券股份有限公司,股票型ETF,策略指数ETF,932365.CSI,,,,,,
2023-11-23,159232.SZ,南方中证全指自由现金流ETF,20250430,中证全指自由现金流指数,中证全指自由现金流指数收益率,南方基金管理股份有限公司,国信证券股份有限公司,股票型ETF,策略指数ETF,932365.CSI,,,,,,
2023-11-24,159232.SZ,南方中证全指自由现金流ETF,20250430,中证全指自由现金流指数,中证全指自由现金流指数收益率,南方基金管理股份有限公司,国信证券股份有限公司,股票型ETF,策略指数ETF,932365.CSI,,,,,,
2023-11-27,159232.SZ,南方中证全指自由现金流ETF,20250430,中证全指自由现金流指数,中证全指自由现金流指数收益率,南方基金管理股份有限公司,国信证券股份有限公司,股票型ETF,策略指数ETF,932365.CSI,,,,,,
2023-11-28,159232.SZ,南方中证全指自由现金流ETF,20250430,中证全指自由现金流指数,中证全指自由现金流指数收益率,南方基金管理股份有限公司,国信证券股份有限公司,股票型ETF,策略指数ETF,932365.CSI,,,,,,
2023-11-29,159232.SZ,南方中证全指自由现金流ETF,20250430,中证全指自由现金流指数,中证全指自由现金流指数收益率,南方基金管理股份有限公司,国信证券股份有限公司,股票型ETF,策略指数ETF,932365.CSI,,,,,,
2023-11-30,159232.SZ,南方中证全指自由现金流ETF,20250430,中证全指自由现金流指数,中证全指自由现金流指数收益率,南方基金管理股份有限公司,国信证券股份有限公司,股票型ETF,策略指数ETF,932365.CSI,,,,,,
2023-12-01,159232.SZ,南方中证全指自由现金流ETF,20250430,中证全指自由现金流指数,中证全指自由现金流指数收益率,南方基金管理股份有限公司,国信证券股份有限公司,股票型ETF,策略指数ETF,932365.CSI,,,,,,
2023-12-04,159232.SZ,南方中证全指自由现金流ETF,20250430,中证全指自由现金流指数,中证全指自由现金流指数收益率,南方基金管理股份有限公司,国信证券股份有限公司,股票型ETF,策略指数ETF,932365.CSI,,,,,,
2023-12-05,159232.SZ,南方中证全指自由现金流ETF,20250430,中证全指自由现金流指数,中证全指自由现金流指数收益率,南方基金管理股份有限公司,国信证券股份有限公司,股票型ETF,策略指数ETF,932365.CSI,,,,,,
2023-12-06,159232.SZ,南方中证全指自由现金流ETF,20250430,中证全指自由现金流指数,中证全指自由现金流指数收益率,南方基金管理股份有限公司,国信证券股份有限公司,股票型ETF,策略指数ETF,932365.CSI,,,,,,
2023-12-07,159232.SZ,南方中证全指自由现金流ETF,20250430,中证全指自由现金流指数,中证全指自由现金流指数收益率,南方基金管理股份有限公司,国信证券股份有限公司,股票型ETF,策略指数ETF,932365.CSI,,,,,,
2023-12-08,159232.SZ,南方中证全指自由现金流ETF,20250430,中证全指自由现金流指数,中证全指自由现金流指数收益率,南方基金管理股份有限公司,国信证券股份有限公司,股票型ETF,策略指数ETF,932365.CSI,,,,,,
2023-12-11,159232.SZ,南方中证全指自由现金流ETF,20250430,中证全指自由现金流指数,中证全指自由现金流指数收益率,南方基金管理股份有限公司,国信证券股份有限公司,股票型ETF,策略指数ETF,932365.CSI,,,,,,
2023-12-12,159232.SZ,南方中证全指自由现金流ETF,20250430,中证全指自由现金流指数,中证全指自由现金流指数收益率,南方基金管理股份有限公司,国信证券股份有限公司,股票型ETF,策略指数ETF,932365.CSI,,,,,,
2023-12-13,159232.SZ,南方中证全指自由现金流ETF,20250430,中证全指自由现金流指数,中证全指自由现金流指数收益率,南方基金管理股份有限公司,国信证券股份有限公司,股票型ETF,策略指数ETF,932365.CSI,,,,,,
2023-12-14,159232.SZ,南方中证全指自由现金流ETF,20250430,中证全指自由现金流指数,中证全指自由现金流指数收益率,南方基金管理股份有限公司,国信证券股份有限公司,股票型ETF,策略指数ETF,932365.CSI,,,,,,
2023-12-15,159232.SZ,南方中证全指自由现金流ETF,20250430,中证全指自由现金流指数,中证全指自由现金流指数收益率,南方基金管理股份有限公司,国信证券股份有限公司,股票型ETF,策略指数ETF,932365.CSI,,,,,,
2023-12-18,159232.SZ,南方中证全指自由现金流ETF,20250430,中证全指自由现金流指数,中证全指自由现金流指数收益率,南方基金管理股份有限公司,国信证券股份有限公司,股票型ETF,策略指数ETF,932365.CSI,,,,,,
2023-12-19,159232.SZ,南方中证全指自由现金流ETF,20250430,中证全指自由现金流指数,中证全指自由现金流指数收益率,南方基金管理股份有限公司,国信证券股份有限公司,股票型ETF,策略指数ETF,932365.CSI,,,,,,
2023-12-20,159232.SZ,南方中证全指自由现金流ETF,20250430,中证全指自由现金流指数,中证全指自由现金流指数收益率,南方基金管理股份有限公司,国信证券股份有限公司,股票型ETF,策略指数ETF,932365.CSI,,,,,,
2023-12-21,159232.SZ,南方中证全指自由现金流ETF,20250430,中证全指自由现金流指数,中证全指自由现金流指数收益率,南方基金管理股份有限公司,国信证券股份有限公司,股票型ETF,策略指数ETF,932365.CSI,,,,,,
2023-12-22,159232.SZ,南方中证全指自由现金流ETF,20250430,中证全指自由现金流指数,中证全指自由现金流指数收益率,南方基金管理股份有限公司,国信证券股份有限公司,股票型ETF,策略指数ETF,932365.CSI,,,,,,
2023-12-25,159232.SZ,南方中证全指自由现金流ETF,20250430,中证全指自由现金流指数,中证全指自由现金流指数收益率,南方基金管理股份有限公司,国信证券股份有限公司,股票型ETF,策略指数ETF,932365.CSI,,,,,,
2023-12-26,159232.SZ,南方中证全指自由现金流ETF,20250430,中证全指自由现金流指数,中证全指自由现金流指数收益率,南方基金管理股份有限公司,国信证券股份有限公司,股票型ETF,策略指数ETF,932365.CSI,,,,,,
2023-12-27,159232.SZ,南方中证全指自由现金流ETF,20250430,中证全指自由现金流指数,中证全指自由现金流指数收益率,南方基金管理股份有限公司,国信证券股份有限公司,股票型ETF,策略指数ETF,932365.CSI,,,,,,
2023-12-28,159232.SZ,南方中证全指自由现金流ETF,20250430,中证全指自由现金流指数,中证全指自由现金流指数收益率,南方基金管理股份有限公司,国信证券股份有限公司,股票型ETF,策略指数ETF,932365.CSI,,,,,,
2023-12-29,159232.SZ,南方中证全指自由现金流ETF,20250430,中证全指自由现金流指数,中证全指自由现金流指数收益率,南方基金管理股份有限公司,国信证券股份有限公司,股票型ETF,策略指数ETF,932365.CSI,,,,,,
2024-01-02,159232.SZ,南方中证全指自由现金流ETF,20250430,中证全指自由现金流指数,中证全指自由现金流指数收益率,南方基金管理股份有限公司,国信证券股份有限公司,股票型ETF,策略指数ETF,932365.CSI,,,,,,
2024-01-03,159232.SZ,南方中证全指自由现金流ETF,20250430,中证全指自由现金流指数,中证全指自由现金流指数收益率,南方基金管理股份有限公司,国信证券股份有限公司,股票型ETF,策略指数ETF,932365.CSI,,,,,,
2024-01-04,159232.SZ,南方中证全指自由现金流ETF,20250430,中证全指自由现金流指数,中证全指自由现金流指数收益率,南方基金管理股份有限公司,国信证券股份有限公司,股票型ETF,策略指数ETF,932365.CSI,,,,,,
2024-01-05,159232.SZ,南方中证全指自由现金流ETF,20250430,中证全指自由现金流指数,中证全指自由现金流指数收益率,南方基金管理股份有限公司,国信证券股份有限公司,股票型ETF,策略指数ETF,932365.CSI,,,,,,
2024-01-08,159232.SZ,南方中证全指自由现金流ETF,20250430,中证全指自由现金流指数,中证全指自由现金流指数收益率,南方基金管理股份有限公司,国信证券股份有限公司,股票型ETF,策略指数ETF,932365.CSI,,,,,,
2024-01-09,159232.SZ,南方中证全指自由现金流ETF,20250430,中证全指自由现金流指数,中证全指自由现金流指数收益率,南方基金管理股份有限公司,国信证券股份有限公司,股票型ETF,策略指数ETF,932365.CSI,,,,,,
2024-01-10,159232.SZ,南方中证全指自由现金流ETF,20250430,中证全指自由现金流指数,中证全指自由现金流指数收益率,南方基金管理股份有限公司,国信证券股份有限公司,股票型ETF,策略指数ETF,932365.CSI,,,,,,
2024-01-11,159232.SZ,南方中证全指自由现金流ETF,20250430,中证全指自由现金流指数,中证全指自由现金流指数收益率,南方基金管理股份有限公司,国信证券股份有限公司,股票型ETF,策略指数ETF,932365.CSI,,,,,,
2024-01-12,159232.SZ,南方中证全指自由现金流ETF,20250430,中证全指自由现金流指数,中证全指自由现金流指数收益率,南方基金管理股份有限公司,国信证券股份有限公司,股票型ETF,策略指数ETF,932365.CSI,,,,,,
2024-01-15,159232.SZ,南方中证全指自由现金流ETF,20250430,中证全指自由现金流指数,中证全指自由现金流指数收益率,南方基金管理股份有限公司,国信证券股份有限公司,股票型ETF,策略指数ETF,932365.CSI,,,,,,
2024-01-16,159232.SZ,南方中证全指自由现金流ETF,20250430,中证全指自由现金流指数,中证全指自由现金流指数收益率,南方基金管理股份有限公司,国信证券股份有限公司,股票型ETF,策略指数ETF,932365.CSI,,,,,,
2024-01-17,159232.SZ,南方中证全指自由现金流ETF,20250430,中证全指自由现金流指数,中证全指自由现金流指数收益率,南方基金管理股份有限公司,国信证券股份有限公司,股票型ETF,策略指数ETF,932365.CSI,,,,,,
2024-01-18,159232.SZ,南方中证全指自由现金流ETF,20250430,中证全指自由现金流指数,中证全指自由现金流指数收益率,南方基金管理股份有限公司,国信证券股份有限公司,股票型ETF,策略指数ETF,932365.CSI,,,,,,
2024-01-19,159232.SZ,南方中证全指自由现金流ETF,20250430,中证全指自由现金流指数,中证全指自由现金流指数收益率,南方基金管理股份有限公司,国信证券股份有限公司,股票型ETF,策略指数ETF,932365.CSI,,,,,,
2024-01-22,159232.SZ,南方中证全指自由现金流ETF,20250430,中证全指自由现金流指数,中证全指自由现金流指数收益率,南方基金管理股份有限公司,国信证券股份有限公司,股票型ETF,策略指数ETF,932365.CSI,,,,,,
2024-01-23,159232.SZ,南方中证全指自由现金流ETF,20250430,中证全指自由现金流指数,中证全指自由现金流指数收益率,南方基金管理股份有限公司,国信证券股份有限公司,股票型ETF,策略指数ETF,932365.CSI,,,,,,
2024-01-24,159232.SZ,南方中证全指自由现金流ETF,20250430,中证全指自由现金流指数,中证全指自由现金流指数收益率,南方基金管理股份有限公司,国信证券股份有限公司,股票型ETF,策略指数ETF,932365.CSI,,,,,,
2024-01-25,159232.SZ,南方中证全指自由现金流ETF,20250430,中证全指自由现金流指数,中证全指自由现金流指数收益率,南方基金管理股份有限公司,国信证券股份有限公司,股票型ETF,策略指数ETF,932365.CSI,,,,,,
2024-01-26,159232.SZ,南方中证全指自由现金流ETF,20250430,中证全指自由现金流指数,中证全指自由现金流指数收益率,南方基金管理股份有限公司,国信证券股份有限公司,股票型ETF,策略指数ETF,932365.CSI,,,,,,
2024-01-29,159232.SZ,南方中证全指自由现金流ETF,20250430,中证全指自由现金流指数,中证全指自由现金流指数收益率,南方基金管理股份有限公司,国信证券股份有限公司,股票型ETF,策略指数ETF,932365.CSI,,,,,,
2024-01-30,159232.SZ,南方中证全指自由现金流ETF,20250430,中证全指自由现金流指数,中证全指自由现金流指数收益率,南方基金管理股份有限公司,国信证券股份有限公司,股票型ETF,策略指数ETF,932365.CSI,,,,,,
2024-01-31,159232.SZ,南方中证全指自由现金流ETF,20250430,中证全指自由现金流指数,中证全指自由现金流指数收益率,南方基金管理股份有限公司,国信证券股份有限公司,股票型ETF,策略指数ETF,932365.CSI,,,,,,
2024-02-01,159232.SZ,南方中证全指自由现金流ETF,20250430,中证全指自由现金流指数,中证全指自由现金流指数收益率,南方基金管理股份有限公司,国信证券股份有限公司,股票型ETF,策略指数ETF,932365.CSI,,,,,,
2024-02-02,159232.SZ,南方中证全指自由现金流ETF,20250430,中证全指自由现金流指数,中证全指自由现金流指数收益率,南方基金管理股份有限公司,国信证券股份有限公司,股票型ETF,策略指数ETF,932365.CSI,,,,,,
2024-02-05,159232.SZ,南方中证全指自由现金流ETF,20250430,中证全指自由现金流指数,中证全指自由现金流指数收益率,南方基金管理股份有限公司,国信证券股份有限公司,股票型ETF,策略指数ETF,932365.CSI,,,,,,
2024-02-06,159232.SZ,南方中证全指自由现金流ETF,20250430,中证全指自由现金流指数,中证全指自由现金流指数收益率,南方基金管理股份有限公司,国信证券股份有限公司,股票型ETF,策略指数ETF,932365.CSI,,,,,,
2024-02-07,159232.SZ,南方中证全指自由现金流ETF,20250430,中证全指自由现金流指数,中证全指自由现金流指数收益率,南方基金管理股份有限公司,国信证券股份有限公司,股票型ETF,策略指数ETF,932365.CSI,,,,,,
2024-02-08,159232.SZ,南方中证全指自由现金流ETF,20250430,中证全指自由现金流指数,中证全指自由现金流指数收益率,南方基金管理股份有限公司,国信证券股份有限公司,股票型ETF,策略指数ETF,932365.CSI,,,,,,
2024-02-19,159232.SZ,南方中证全指自由现金流ETF,20250430,中证全指自由现金流指数,中证全指自由现金流指数收益率,南方基金管理股份有限公司,国信证券股份有限公司,股票型ETF,策略指数ETF,932365.CSI,,,,,,
2024-02-20,159232.SZ,南方中证全指自由现金流ETF,20250430,中证全指自由现金流指数,中证全指自由现金流指数收益率,南方基金管理股份有限公司,国信证券股份有限公司,股票型ETF,策略指数ETF,932365.CSI,,,,,,
2024-02-21,159232.SZ,南方中证全指自由现金流ETF,20250430,中证全指自由现金流指数,中证全指自由现金流指数收益率,南方基金管理股份有限公司,国信证券股份有限公司,股票型ETF,策略指数ETF,932365.CSI,,,,,,
2024-02-22,159232.SZ,南方中证全指自由现金流ETF,20250430,中证全指自由现金流指数,中证全指自由现金流指数收益率,南方基金管理股份有限公司,国信证券股份有限公司,股票型ETF,策略指数ETF,932365.CSI,,,,,,
2024-02-23,159232.SZ,南方中证全指自由现金流ETF,20250430,中证全指自由现金流指数,中证全指自由现金流指数收益率,南方基金管理股份有限公司,国信证券股份有限公司,股票型ETF,策略指数ETF,932365.CSI,,,,,,
2024-02-26,159232.SZ,南方中证全指自由现金流ETF,20250430,中证全指自由现金流指数,中证全指自由现金流指数收益率,南方基金管理股份有限公司,国信证券股份有限公司,股票型ETF,策略指数ETF,932365.CSI,,,,,,
2024-02-27,159232.SZ,南方中证全指自由现金流ETF,20250430,中证全指自由现金流指数,中证全指自由现金流指数收益率,南方基金管理股份有限公司,国信证券股份有限公司,股票型ETF,策略指数ETF,932365.CSI,,,,,,
2024-02-28,159232.SZ,南方中证全指自由现金流ETF,20250430,中证全指自由现金流指数,中证全指自由现金流指数收益率,南方基金管理股份有限公司,国信证券股份有限公司,股票型ETF,策略指数ETF,932365.CSI,,,,,,
2024-02-29,159232.SZ,南方中证全指自由现金流ETF,20250430,中证全指自由现金流指数,中证全指自由现金流指数收益率,南方基金管理股份有限公司,国信证券股份有限公司,股票型ETF,策略指数ETF,932365.CSI,,,,,,
2024-03-01,159232.SZ,南方中证全指自由现金流ETF,20250430,中证全指自由现金流指数,中证全指自由现金流指数收益率,南方基金管理股份有限公司,国信证券股份有限公司,股票型ETF,策略指数ETF,932365.CSI,,,,,,
2024-03-04,159232.SZ,南方中证全指自由现金流ETF,20250430,中证全指自由现金流指数,中证全指自由现金流指数收益率,南方基金管理股份有限公司,国信证券股份有限公司,股票型ETF,策略指数ETF,932365.CSI,,,,,,
2024-03-05,159232.SZ,南方中证全指自由现金流ETF,20250430,中证全指自由现金流指数,中证全指自由现金流指数收益率,南方基金管理股份有限公司,国信证券股份有限公司,股票型ETF,策略指数ETF,932365.CSI,,,,,,
2024-03-06,159232.SZ,南方中证全指自由现金流ETF,20250430,中证全指自由现金流指数,中证全指自由现金流指数收益率,南方基金管理股份有限公司,国信证券股份有限公司,股票型ETF,策略指数ETF,932365.CSI,,,,,,
2024-03-07,159232.SZ,南方中证全指自由现金流ETF,20250430,中证全指自由现金流指数,中证全指自由现金流指数收益率,南方基金管理股份有限公司,国信证券股份有限公司,股票型ETF,策略指数ETF,932365.CSI,,,,,,
2024-03-08,159232.SZ,南方中证全指自由现金流ETF,20250430,中证全指自由现金流指数,中证全指自由现金流指数收益率,南方基金管理股份有限公司,国信证券股份有限公司,股票型ETF,策略指数ETF,932365.CSI,,,,,,
2024-03-11,159232.SZ,南方中证全指自由现金流ETF,20250430,中证全指自由现金流指数,中证全指自由现金流指数收益率,南方基金管理股份有限公司,国信证券股份有限公司,股票型ETF,策略指数ETF,932365.CSI,,,,,,
2024-03-12,159232.SZ,南方中证全指自由现金流ETF,20250430,中证全指自由现金流指数,中证全指自由现金流指数收益率,南方基金管理股份有限公司,国信证券股份有限公司,股票型ETF,策略指数ETF,932365.CSI,,,,,,
2024-03-13,159232.SZ,南方中证全指自由现金流ETF,20250430,中证全指自由现金流指数,中证全指自由现金流指数收益率,南方基金管理股份有限公司,国信证券股份有限公司,股票型ETF,策略指数ETF,932365.CSI,,,,,,
2024-03-14,159232.SZ,南方中证全指自由现金流ETF,20250430,中证全指自由现金流指数,中证全指自由现金流指数收益率,南方基金管理股份有限公司,国信证券股份有限公司,股票型ETF,策略指数ETF,932365.CSI,,,,,,
2024-03-15,159232.SZ,南方中证全指自由现金流ETF,20250430,中证全指自由现金流指数,中证全指自由现金流指数收益率,南方基金管理股份有限公司,国信证券股份有限公司,股票型ETF,策略指数ETF,932365.CSI,,,,,,
2024-03-18,159232.SZ,南方中证全指自由现金流ETF,20250430,中证全指自由现金流指数,中证全指自由现金流指数收益率,南方基金管理股份有限公司,国信证券股份有限公司,股票型ETF,策略指数ETF,932365.CSI,,,,,,
2024-03-19,159232.SZ,南方中证全指自由现金流ETF,20250430,中证全指自由现金流指数,中证全指自由现金流指数收益率,南方基金管理股份有限公司,国信证券股份有限公司,股票型ETF,策略指数ETF,932365.CSI,,,,,,
2024-03-20,159232.SZ,南方中证全指自由现金流ETF,20250430,中证全指自由现金流指数,中证全指自由现金流指数收益率,南方基金管理股份有限公司,国信证券股份有限公司,股票型ETF,策略指数ETF,932365.CSI,,,,,,
2024-03-21,159232.SZ,南方中证全指自由现金流ETF,20250430,中证全指自由现金流指数,中证全指自由现金流指数收益率,南方基金管理股份有限公司,国信证券股份有限公司,股票型ETF,策略指数ETF,932365.CSI,,,,,,
2024-03-22,159232.SZ,南方中证全指自由现金流ETF,20250430,中证全指自由现金流指数,中证全指自由现金流指数收益率,南方基金管理股份有限公司,国信证券股份有限公司,股票型ETF,策略指数ETF,932365.CSI,,,,,,
2024-03-25,159232.SZ,南方中证全指自由现金流ETF,20250430,中证全指自由现金流指数,中证全指自由现金流指数收益率,南方基金管理股份有限公司,国信证券股份有限公司,股票型ETF,策略指数ETF,932365.CSI,,,,,,
2024-03-26,159232.SZ,南方中证全指自由现金流ETF,20250430,中证全指自由现金流指数,中证全指自由现金流指数收益率,南方基金管理股份有限公司,国信证券股份有限公司,股票型ETF,策略指数ETF,932365.CSI,,,,,,
2024-03-27,159232.SZ,南方中证全指自由现金流ETF,20250430,中证全指自由现金流指数,中证全指自由现金流指数收益率,南方基金管理股份有限公司,国信证券股份有限公司,股票型ETF,策略指数ETF,932365.CSI,,,,,,
2024-03-28,159232.SZ,南方中证全指自由现金流ETF,20250430,中证全指自由现金流指数,中证全指自由现金流指数收益率,南方基金管理股份有限公司,国信证券股份有限公司,股票型ETF,策略指数ETF,932365.CSI,,,,,,
2024-03-29,159232.SZ,南方中证全指自由现金流ETF,20250430,中证全指自由现金流指数,中证全指自由现金流指数收益率,南方基金管理股份有限公司,国信证券股份有限公司,股票型ETF,策略指数ETF,932365.CSI,,,,,,
2024-04-01,159232.SZ,南方中证全指自由现金流ETF,20250430,中证全指自由现金流指数,中证全指自由现金流指数收益率,南方基金管理股份有限公司,国信证券股份有限公司,股票型ETF,策略指数ETF,932365.CSI,,,,,,
2024-04-02,159232.SZ,南方中证全指自由现金流ETF,20250430,中证全指自由现金流指数,中证全指自由现金流指数收益率,南方基金管理股份有限公司,国信证券股份有限公司,股票型ETF,策略指数ETF,932365.CSI,,,,,,
2024-04-03,159232.SZ,南方中证全指自由现金流ETF,20250430,中证全指自由现金流指数,中证全指自由现金流指数收益率,南方基金管理股份有限公司,国信证券股份有限公司,股票型ETF,策略指数ETF,932365.CSI,,,,,,
2024-04-08,159232.SZ,南方中证全指自由现金流ETF,20250430,中证全指自由现金流指数,中证全指自由现金流指数收益率,南方基金管理股份有限公司,国信证券股份有限公司,股票型ETF,策略指数ETF,932365.CSI,,,,,,
2024-04-09,159232.SZ,南方中证全指自由现金流ETF,20250430,中证全指自由现金流指数,中证全指自由现金流指数收益率,南方基金管理股份有限公司,国信证券股份有限公司,股票型ETF,策略指数ETF,932365.CSI,,,,,,
2024-04-10,159232.SZ,南方中证全指自由现金流ETF,20250430,中证全指自由现金流指数,中证全指自由现金流指数收益率,南方基金管理股份有限公司,国信证券股份有限公司,股票型ETF,策略指数ETF,932365.CSI,,,,,,
2024-04-11,159232.SZ,南方中证全指自由现金流ETF,20250430,中证全指自由现金流指数,中证全指自由现金流指数收益率,南方基金管理股份有限公司,国信证券股份有限公司,股票型ETF,策略指数ETF,932365.CSI,,,,,,
2024-04-12,159232.SZ,南方中证全指自由现金流ETF,20250430,中证全指自由现金流指数,中证全指自由现金流指数收益率,南方基金管理股份有限公司,国信证券股份有限公司,股票型ETF,策略指数ETF,932365.CSI,,,,,,
2024-04-15,159232.SZ,南方中证全指自由现金流ETF,20250430,中证全指自由现金流指数,中证全指自由现金流指数收益率,南方基金管理股份有限公司,国信证券股份有限公司,股票型ETF,策略指数ETF,932365.CSI,,,,,,
2024-04-16,159232.SZ,南方中证全指自由现金流ETF,20250430,中证全指自由现金流指数,中证全指自由现金流指数收益率,南方基金管理股份有限公司,国信证券股份有限公司,股票型ETF,策略指数ETF,932365.CSI,,,,,,
2024-04-17,159232.SZ,南方中证全指自由现金流ETF,20250430,中证全指自由现金流指数,中证全指自由现金流指数收益率,南方基金管理股份有限公司,国信证券股份有限公司,股票型ETF,策略指数ETF,932365.CSI,,,,,,
2024-04-18,159232.SZ,南方中证全指自由现金流ETF,20250430,中证全指自由现金流指数,中证全指自由现金流指数收益率,南方基金管理股份有限公司,国信证券股份有限公司,股票型ETF,策略指数ETF,932365.CSI,,,,,,
2024-04-19,159232.SZ,南方中证全指自由现金流ETF,20250430,中证全指自由现金流指数,中证全指自由现金流指数收益率,南方基金管理股份有限公司,国信证券股份有限公司,股票型ETF,策略指数ETF,932365.CSI,,,,,,
2024-04-22,159232.SZ,南方中证全指自由现金流ETF,20250430,中证全指自由现金流指数,中证全指自由现金流指数收益率,南方基金管理股份有限公司,国信证券股份有限公司,股票型ETF,策略指数ETF,932365.CSI,,,,,,
2024-04-23,159232.SZ,南方中证全指自由现金流ETF,20250430,中证全指自由现金流指数,中证全指自由现金流指数收益率,南方基金管理股份有限公司,国信证券股份有限公司,股票型ETF,策略指数ETF,932365.CSI,,,,,,
2024-04-24,159232.SZ,南方中证全指自由现金流ETF,20250430,中证全指自由现金流指数,中证全指自由现金流指数收益率,南方基金管理股份有限公司,国信证券股份有限公司,股票型ETF,策略指数ETF,932365.CSI,,,,,,
2024-04-25,159232.SZ,南方中证全指自由现金流ETF,20250430,中证全指自由现金流指数,中证全指自由现金流指数收益率,南方基金管理股份有限公司,国信证券股份有限公司,股票型ETF,策略指数ETF,932365.CSI,,,,,,
2024-04-26,159232.SZ,南方中证全指自由现金流ETF,20250430,中证全指自由现金流指数,中证全指自由现金流指数收益率,南方基金管理股份有限公司,国信证券股份有限公司,股票型ETF,策略指数ETF,932365.CSI,,,,,,
2024-04-29,159232.SZ,南方中证全指自由现金流ETF,20250430,中证全指自由现金流指数,中证全指自由现金流指数收益率,南方基金管理股份有限公司,国信证券股份有限公司,股票型ETF,策略指数ETF,932365.CSI,,,,,,
2024-04-30,159232.SZ,南方中证全指自由现金流ETF,20250430,中证全指自由现金流指数,中证全指自由现金流指数收益率,南方基金管理股份有限公司,国信证券股份有限公司,股票型ETF,策略指数ETF,932365.CSI,,,,,,
2024-05-06,159232.SZ,南方中证全指自由现金流ETF,20250430,中证全指自由现金流指数,中证全指自由现金流指数收益率,南方基金管理股份有限公司,国信证券股份有限公司,股票型ETF,策略指数ETF,932365.CSI,,,,,,
2024-05-07,159232.SZ,南方中证全指自由现金流ETF,20250430,中证全指自由现金流指数,中证全指自由现金流指数收益率,南方基金管理股份有限公司,国信证券股份有限公司,股票型ETF,策略指数ETF,932365.CSI,,,,,,
2024-05-08,159232.SZ,南方中证全指自由现金流ETF,20250430,中证全指自由现金流指数,中证全指自由现金流指数收益率,南方基金管理股份有限公司,国信证券股份有限公司,股票型ETF,策略指数ETF,932365.CSI,,,,,,
2024-05-09,159232.SZ,南方中证全指自由现金流ETF,20250430,中证全指自由现金流指数,中证全指自由现金流指数收益率,南方基金管理股份有限公司,国信证券股份有限公司,股票型ETF,策略指数ETF,932365.CSI,,,,,,
2024-05-10,159232.SZ,南方中证全指自由现金流ETF,20250430,中证全指自由现金流指数,中证全指自由现金流指数收益率,南方基金管理股份有限公司,国信证券股份有限公司,股票型ETF,策略指数ETF,932365.CSI,,,,,,
2024-05-13,159232.SZ,南方中证全指自由现金流ETF,20250430,中证全指自由现金流指数,中证全指自由现金流指数收益率,南方基金管理股份有限公司,国信证券股份有限公司,股票型ETF,策略指数ETF,932365.CSI,,,,,,
2024-05-14,159232.SZ,南方中证全指自由现金流ETF,20250430,中证全指自由现金流指数,中证全指自由现金流指数收益率,南方基金管理股份有限公司,国信证券股份有限公司,股票型ETF,策略指数ETF,932365.CSI,,,,,,
2024-05-15,159232.SZ,南方中证全指自由现金流ETF,20250430,中证全指自由现金流指数,中证全指自由现金流指数收益率,南方基金管理股份有限公司,国信证券股份有限公司,股票型ETF,策略指数ETF,932365.CSI,,,,,,
2024-05-16,159232.SZ,南方中证全指自由现金流ETF,20250430,中证全指自由现金流指数,中证全指自由现金流指数收益率,南方基金管理股份有限公司,国信证券股份有限公司,股票型ETF,策略指数ETF,932365.CSI,,,,,,
2024-05-17,159232.SZ,南方中证全指自由现金流ETF,20250430,中证全指自由现金流指数,中证全指自由现金流指数收益率,南方基金管理股份有限公司,国信证券股份有限公司,股票型ETF,策略指数ETF,932365.CSI,,,,,,
2024-05-20,159232.SZ,南方中证全指自由现金流ETF,20250430,中证全指自由现金流指数,中证全指自由现金流指数收益率,南方基金管理股份有限公司,国信证券股份有限公司,股票型ETF,策略指数ETF,932365.CSI,,,,,,
2024-05-21,159232.SZ,南方中证全指自由现金流ETF,20250430,中证全指自由现金流指数,中证全指自由现金流指数收益率,南方基金管理股份有限公司,国信证券股份有限公司,股票型ETF,策略指数ETF,932365.CSI,,,,,,
2024-05-22,159232.SZ,南方中证全指自由现金流ETF,20250430,中证全指自由现金流指数,中证全指自由现金流指数收益率,南方基金管理股份有限公司,国信证券股份有限公司,股票型ETF,策略指数ETF,932365.CSI,,,,,,
2024-05-23,159232.SZ,南方中证全指自由现金流ETF,20250430,中证全指自由现金流指数,中证全指自由现金流指数收益率,南方基金管理股份有限公司,国信证券股份有限公司,股票型ETF,策略指数ETF,932365.CSI,,,,,,
2024-05-24,159232.SZ,南方中证全指自由现金流ETF,20250430,中证全指自由现金流指数,中证全指自由现金流指数收益率,南方基金管理股份有限公司,国信证券股份有限公司,股票型ETF,策略指数ETF,932365.CSI,,,,,,
2024-05-27,159232.SZ,南方中证全指自由现金流ETF,20250430,中证全指自由现金流指数,中证全指自由现金流指数收益率,南方基金管理股份有限公司,国信证券股份有限公司,股票型ETF,策略指数ETF,932365.CSI,,,,,,
2024-05-28,159232.SZ,南方中证全指自由现金流ETF,20250430,中证全指自由现金流指数,中证全指自由现金流指数收益率,南方基金管理股份有限公司,国信证券股份有限公司,股票型ETF,策略指数ETF,932365.CSI,,,,,,
2024-05-29,159232.SZ,南方中证全指自由现金流ETF,20250430,中证全指自由现金流指数,中证全指自由现金流指数收益率,南方基金管理股份有限公司,国信证券股份有限公司,股票型ETF,策略指数ETF,932365.CSI,,,,,,
2024-05-30,159232.SZ,南方中证全指自由现金流ETF,20250430,中证全指自由现金流指数,中证全指自由现金流指数收益率,南方基金管理股份有限公司,国信证券股份有限公司,股票型ETF,策略指数ETF,932365.CSI,,,,,,
2024-05-31,159232.SZ,南方中证全指自由现金流ETF,20250430,中证全指自由现金流指数,中证全指自由现金流指数收益率,南方基金管理股份有限公司,国信证券股份有限公司,股票型ETF,策略指数ETF,932365.CSI,,,,,,
2024-06-03,159232.SZ,南方中证全指自由现金流ETF,20250430,中证全指自由现金流指数,中证全指自由现金流指数收益率,南方基金管理股份有限公司,国信证券股份有限公司,股票型ETF,策略指数ETF,932365.CSI,,,,,,
2024-06-04,159232.SZ,南方中证全指自由现金流ETF,20250430,中证全指自由现金流指数,中证全指自由现金流指数收益率,南方基金管理股份有限公司,国信证券股份有限公司,股票型ETF,策略指数ETF,932365.CSI,,,,,,
2024-06-05,159232.SZ,南方中证全指自由现金流ETF,20250430,中证全指自由现金流指数,中证全指自由现金流指数收益率,南方基金管理股份有限公司,国信证券股份有限公司,股票型ETF,策略指数ETF,932365.CSI,,,,,,
2024-06-06,159232.SZ,南方中证全指自由现金流ETF,20250430,中证全指自由现金流指数,中证全指自由现金流指数收益率,南方基金管理股份有限公司,国信证券股份有限公司,股票型ETF,策略指数ETF,932365.CSI,,,,,,
2024-06-07,159232.SZ,南方中证全指自由现金流ETF,20250430,中证全指自由现金流指数,中证全指自由现金流指数收益率,南方基金管理股份有限公司,国信证券股份有限公司,股票型ETF,策略指数ETF,932365.CSI,,,,,,
2024-06-11,159232.SZ,南方中证全指自由现金流ETF,20250430,中证全指自由现金流指数,中证全指自由现金流指数收益率,南方基金管理股份有限公司,国信证券股份有限公司,股票型ETF,策略指数ETF,932365.CSI,,,,,,
2024-06-12,159232.SZ,南方中证全指自由现金流ETF,20250430,中证全指自由现金流指数,中证全指自由现金流指数收益率,南方基金管理股份有限公司,国信证券股份有限公司,股票型ETF,策略指数ETF,932365.CSI,,,,,,
2024-06-13,159232.SZ,南方中证全指自由现金流ETF,20250430,中证全指自由现金流指数,中证全指自由现金流指数收益率,南方基金管理股份有限公司,国信证券股份有限公司,股票型ETF,策略指数ETF,932365.CSI,,,,,,
2024-06-14,159232.SZ,南方中证全指自由现金流ETF,20250430,中证全指自由现金流指数,中证全指自由现金流指数收益率,南方基金管理股份有限公司,国信证券股份有限公司,股票型ETF,策略指数ETF,932365.CSI,,,,,,
2024-06-17,159232.SZ,南方中证全指自由现金流ETF,20250430,中证全指自由现金流指数,中证全指自由现金流指数收益率,南方基金管理股份有限公司,国信证券股份有限公司,股票型ETF,策略指数ETF,932365.CSI,,,,,,
2024-06-18,159232.SZ,南方中证全指自由现金流ETF,20250430,中证全指自由现金流指数,中证全指自由现金流指数收益率,南方基金管理股份有限公司,国信证券股份有限公司,股票型ETF,策略指数ETF,932365.CSI,,,,,,
2024-06-19,159232.SZ,南方中证全指自由现金流ETF,20250430,中证全指自由现金流指数,中证全指自由现金流指数收益率,南方基金管理股份有限公司,国信证券股份有限公司,股票型ETF,策略指数ETF,932365.CSI,,,,,,
2024-06-20,159232.SZ,南方中证全指自由现金流ETF,20250430,中证全指自由现金流指数,中证全指自由现金流指数收益率,南方基金管理股份有限公司,国信证券股份有限公司,股票型ETF,策略指数ETF,932365.CSI,,,,,,
2024-06-21,159232.SZ,南方中证全指自由现金流ETF,20250430,中证全指自由现金流指数,中证全指自由现金流指数收益率,南方基金管理股份有限公司,国信证券股份有限公司,股票型ETF,策略指数ETF,932365.CSI,,,,,,
2024-06-24,159232.SZ,南方中证全指自由现金流ETF,20250430,中证全指自由现金流指数,中证全指自由现金流指数收益率,南方基金管理股份有限公司,国信证券股份有限公司,股票型ETF,策略指数ETF,932365.CSI,,,,,,
2024-06-25,159232.SZ,南方中证全指自由现金流ETF,20250430,中证全指自由现金流指数,中证全指自由现金流指数收益率,南方基金管理股份有限公司,国信证券股份有限公司,股票型ETF,策略指数ETF,932365.CSI,,,,,,
2024-06-26,159232.SZ,南方中证全指自由现金流ETF,20250430,中证全指自由现金流指数,中证全指自由现金流指数收益率,南方基金管理股份有限公司,国信证券股份有限公司,股票型ETF,策略指数ETF,932365.CSI,,,,,,
2024-06-27,159232.SZ,南方中证全指自由现金流ETF,20250430,中证全指自由现金流指数,中证全指自由现金流指数收益率,南方基金管理股份有限公司,国信证券股份有限公司,股票型ETF,策略指数ETF,932365.CSI,,,,,,
2024-06-28,159232.SZ,南方中证全指自由现金流ETF,20250430,中证全指自由现金流指数,中证全指自由现金流指数收益率,南方基金管理股份有限公司,国信证券股份有限公司,股票型ETF,策略指数ETF,932365.CSI,,,,,,
2024-07-01,159232.SZ,南方中证全指自由现金流ETF,20250430,中证全指自由现金流指数,中证全指自由现金流指数收益率,南方基金管理股份有限公司,国信证券股份有限公司,股票型ETF,策略指数ETF,932365.CSI,,,,,,
2024-07-02,159232.SZ,南方中证全指自由现金流ETF,20250430,中证全指自由现金流指数,中证全指自由现金流指数收益率,南方基金管理股份有限公司,国信证券股份有限公司,股票型ETF,策略指数ETF,932365.CSI,,,,,,
2024-07-03,159232.SZ,南方中证全指自由现金流ETF,20250430,中证全指自由现金流指数,中证全指自由现金流指数收益率,南方基金管理股份有限公司,国信证券股份有限公司,股票型ETF,策略指数ETF,932365.CSI,,,,,,
2024-07-04,159232.SZ,南方中证全指自由现金流ETF,20250430,中证全指自由现金流指数,中证全指自由现金流指数收益率,南方基金管理股份有限公司,国信证券股份有限公司,股票型ETF,策略指数ETF,932365.CSI,,,,,,
2024-07-05,159232.SZ,南方中证全指自由现金流ETF,20250430,中证全指自由现金流指数,中证全指自由现金流指数收益率,南方基金管理股份有限公司,国信证券股份有限公司,股票型ETF,策略指数ETF,932365.CSI,,,,,,
2024-07-08,159232.SZ,南方中证全指自由现金流ETF,20250430,中证全指自由现金流指数,中证全指自由现金流指数收益率,南方基金管理股份有限公司,国信证券股份有限公司,股票型ETF,策略指数ETF,932365.CSI,,,,,,
2024-07-09,159232.SZ,南方中证全指自由现金流ETF,20250430,中证全指自由现金流指数,中证全指自由现金流指数收益率,南方基金管理股份有限公司,国信证券股份有限公司,股票型ETF,策略指数ETF,932365.CSI,,,,,,
2024-07-10,159232.SZ,南方中证全指自由现金流ETF,20250430,中证全指自由现金流指数,中证全指自由现金流指数收益率,南方基金管理股份有限公司,国信证券股份有限公司,股票型ETF,策略指数ETF,932365.CSI,,,,,,
2024-07-11,159232.SZ,南方中证全指自由现金流ETF,20250430,中证全指自由现金流指数,中证全指自由现金流指数收益率,南方基金管理股份有限公司,国信证券股份有限公司,股票型ETF,策略指数ETF,932365.CSI,,,,,,
2024-07-12,159232.SZ,南方中证全指自由现金流ETF,20250430,中证全指自由现金流指数,中证全指自由现金流指数收益率,南方基金管理股份有限公司,国信证券股份有限公司,股票型ETF,策略指数ETF,932365.CSI,,,,,,
2024-07-15,159232.SZ,南方中证全指自由现金流ETF,20250430,中证全指自由现金流指数,中证全指自由现金流指数收益率,南方基金管理股份有限公司,国信证券股份有限公司,股票型ETF,策略指数ETF,932365.CSI,,,,,,
2024-07-16,159232.SZ,南方中证全指自由现金流ETF,20250430,中证全指自由现金流指数,中证全指自由现金流指数收益率,南方基金管理股份有限公司,国信证券股份有限公司,股票型ETF,策略指数ETF,932365.CSI,,,,,,
2024-07-17,159232.SZ,南方中证全指自由现金流ETF,20250430,中证全指自由现金流指数,中证全指自由现金流指数收益率,南方基金管理股份有限公司,国信证券股份有限公司,股票型ETF,策略指数ETF,932365.CSI,,,,,,
2024-07-18,159232.SZ,南方中证全指自由现金流ETF,20250430,中证全指自由现金流指数,中证全指自由现金流指数收益率,南方基金管理股份有限公司,国信证券股份有限公司,股票型ETF,策略指数ETF,932365.CSI,,,,,,
2024-07-19,159232.SZ,南方中证全指自由现金流ETF,20250430,中证全指自由现金流指数,中证全指自由现金流指数收益率,南方基金管理股份有限公司,国信证券股份有限公司,股票型ETF,策略指数ETF,932365.CSI,,,,,,
2024-07-22,159232.SZ,南方中证全指自由现金流ETF,20250430,中证全指自由现金流指数,中证全指自由现金流指数收益率,南方基金管理股份有限公司,国信证券股份有限公司,股票型ETF,策略指数ETF,932365.CSI,,,,,,
2024-07-23,159232.SZ,南方中证全指自由现金流ETF,20250430,中证全指自由现金流指数,中证全指自由现金流指数收益率,南方基金管理股份有限公司,国信证券股份有限公司,股票型ETF,策略指数ETF,932365.CSI,,,,,,
2024-07-24,159232.SZ,南方中证全指自由现金流ETF,20250430,中证全指自由现金流指数,中证全指自由现金流指数收益率,南方基金管理股份有限公司,国信证券股份有限公司,股票型ETF,策略指数ETF,932365.CSI,,,,,,
2024-07-25,159232.SZ,南方中证全指自由现金流ETF,20250430,中证全指自由现金流指数,中证全指自由现金流指数收益率,南方基金管理股份有限公司,国信证券股份有限公司,股票型ETF,策略指数ETF,932365.CSI,,,,,,
2024-07-26,159232.SZ,南方中证全指自由现金流ETF,20250430,中证全指自由现金流指数,中证全指自由现金流指数收益率,南方基金管理股份有限公司,国信证券股份有限公司,股票型ETF,策略指数ETF,932365.CSI,,,,,,
2024-07-29,159232.SZ,南方中证全指自由现金流ETF,20250430,中证全指自由现金流指数,中证全指自由现金流指数收益率,南方基金管理股份有限公司,国信证券股份有限公司,股票型ETF,策略指数ETF,932365.CSI,,,,,,
2024-07-30,159232.SZ,南方中证全指自由现金流ETF,20250430,中证全指自由现金流指数,中证全指自由现金流指数收益率,南方基金管理股份有限公司,国信证券股份有限公司,股票型ETF,策略指数ETF,932365.CSI,,,,,,
2024-07-31,159232.SZ,南方中证全指自由现金流ETF,20250430,中证全指自由现金流指数,中证全指自由现金流指数收益率,南方基金管理股份有限公司,国信证券股份有限公司,股票型ETF,策略指数ETF,932365.CSI,,,,,,
2024-08-01,159232.SZ,南方中证全指自由现金流ETF,20250430,中证全指自由现金流指数,中证全指自由现金流指数收益率,南方基金管理股份有限公司,国信证券股份有限公司,股票型ETF,策略指数ETF,932365.CSI,,,,,,
2024-08-02,159232.SZ,南方中证全指自由现金流ETF,20250430,中证全指自由现金流指数,中证全指自由现金流指数收益率,南方基金管理股份有限公司,国信证券股份有限公司,股票型ETF,策略指数ETF,932365.CSI,,,,,,
2024-08-05,159232.SZ,南方中证全指自由现金流ETF,20250430,中证全指自由现金流指数,中证全指自由现金流指数收益率,南方基金管理股份有限公司,国信证券股份有限公司,股票型ETF,策略指数ETF,932365.CSI,,,,,,
2024-08-06,159232.SZ,南方中证全指自由现金流ETF,20250430,中证全指自由现金流指数,中证全指自由现金流指数收益率,南方基金管理股份有限公司,国信证券股份有限公司,股票型ETF,策略指数ETF,932365.CSI,,,,,,
2024-08-07,159232.SZ,南方中证全指自由现金流ETF,20250430,中证全指自由现金流指数,中证全指自由现金流指数收益率,南方基金管理股份有限公司,国信证券股份有限公司,股票型ETF,策略指数ETF,932365.CSI,,,,,,
2024-08-08,159232.SZ,南方中证全指自由现金流ETF,20250430,中证全指自由现金流指数,中证全指自由现金流指数收益率,南方基金管理股份有限公司,国信证券股份有限公司,股票型ETF,策略指数ETF,932365.CSI,,,,,,
2024-08-09,159232.SZ,南方中证全指自由现金流ETF,20250430,中证全指自由现金流指数,中证全指自由现金流指数收益率,南方基金管理股份有限公司,国信证券股份有限公司,股票型ETF,策略指数ETF,932365.CSI,,,,,,
2024-08-12,159232.SZ,南方中证全指自由现金流ETF,20250430,中证全指自由现金流指数,中证全指自由现金流指数收益率,南方基金管理股份有限公司,国信证券股份有限公司,股票型ETF,策略指数ETF,932365.CSI,,,,,,
2024-08-13,159232.SZ,南方中证全指自由现金流ETF,20250430,中证全指自由现金流指数,中证全指自由现金流指数收益率,南方基金管理股份有限公司,国信证券股份有限公司,股票型ETF,策略指数ETF,932365.CSI,,,,,,
2024-08-14,159232.SZ,南方中证全指自由现金流ETF,20250430,中证全指自由现金流指数,中证全指自由现金流指数收益率,南方基金管理股份有限公司,国信证券股份有限公司,股票型ETF,策略指数ETF,932365.CSI,,,,,,
2024-08-15,159232.SZ,南方中证全指自由现金流ETF,20250430,中证全指自由现金流指数,中证全指自由现金流指数收益率,南方基金管理股份有限公司,国信证券股份有限公司,股票型ETF,策略指数ETF,932365.CSI,,,,,,
2024-08-16,159232.SZ,南方中证全指自由现金流ETF,20250430,中证全指自由现金流指数,中证全指自由现金流指数收益率,南方基金管理股份有限公司,国信证券股份有限公司,股票型ETF,策略指数ETF,932365.CSI,,,,,,
2024-08-19,159232.SZ,南方中证全指自由现金流ETF,20250430,中证全指自由现金流指数,中证全指自由现金流指数收益率,南方基金管理股份有限公司,国信证券股份有限公司,股票型ETF,策略指数ETF,932365.CSI,,,,,,
2024-08-20,159232.SZ,南方中证全指自由现金流ETF,20250430,中证全指自由现金流指数,中证全指自由现金流指数收益率,南方基金管理股份有限公司,国信证券股份有限公司,股票型ETF,策略指数ETF,932365.CSI,,,,,,
2024-08-21,159232.SZ,南方中证全指自由现金流ETF,20250430,中证全指自由现金流指数,中证全指自由现金流指数收益率,南方基金管理股份有限公司,国信证券股份有限公司,股票型ETF,策略指数ETF,932365.CSI,,,,,,
2024-08-22,159232.SZ,南方中证全指自由现金流ETF,20250430,中证全指自由现金流指数,中证全指自由现金流指数收益率,南方基金管理股份有限公司,国信证券股份有限公司,股票型ETF,策略指数ETF,932365.CSI,,,,,,
2024-08-23,159232.SZ,南方中证全指自由现金流ETF,20250430,中证全指自由现金流指数,中证全指自由现金流指数收益率,南方基金管理股份有限公司,国信证券股份有限公司,股票型ETF,策略指数ETF,932365.CSI,,,,,,
2024-08-26,159232.SZ,南方中证全指自由现金流ETF,20250430,中证全指自由现金流指数,中证全指自由现金流指数收益率,南方基金管理股份有限公司,国信证券股份有限公司,股票型ETF,策略指数ETF,932365.CSI,,,,,,
2024-08-27,159232.SZ,南方中证全指自由现金流ETF,20250430,中证全指自由现金流指数,中证全指自由现金流指数收益率,南方基金管理股份有限公司,国信证券股份有限公司,股票型ETF,策略指数ETF,932365.CSI,,,,,,
2024-08-28,159232.SZ,南方中证全指自由现金流ETF,20250430,中证全指自由现金流指数,中证全指自由现金流指数收益率,南方基金管理股份有限公司,国信证券股份有限公司,股票型ETF,策略指数ETF,932365.CSI,,,,,,
2024-08-29,159232.SZ,南方中证全指自由现金流ETF,20250430,中证全指自由现金流指数,中证全指自由现金流指数收益率,南方基金管理股份有限公司,国信证券股份有限公司,股票型ETF,策略指数ETF,932365.CSI,,,,,,
2024-08-30,159232.SZ,南方中证全指自由现金流ETF,20250430,中证全指自由现金流指数,中证全指自由现金流指数收益率,南方基金管理股份有限公司,国信证券股份有限公司,股票型ETF,策略指数ETF,932365.CSI,,,,,,
2024-09-02,159232.SZ,南方中证全指自由现金流ETF,20250430,中证全指自由现金流指数,中证全指自由现金流指数收益率,南方基金管理股份有限公司,国信证券股份有限公司,股票型ETF,策略指数ETF,932365.CSI,,,,,,
2024-09-03,159232.SZ,南方中证全指自由现金流ETF,20250430,中证全指自由现金流指数,中证全指自由现金流指数收益率,南方基金管理股份有限公司,国信证券股份有限公司,股票型ETF,策略指数ETF,932365.CSI,,,,,,
2024-09-04,159232.SZ,南方中证全指自由现金流ETF,20250430,中证全指自由现金流指数,中证全指自由现金流指数收益率,南方基金管理股份有限公司,国信证券股份有限公司,股票型ETF,策略指数ETF,932365.CSI,,,,,,
2024-09-05,159232.SZ,南方中证全指自由现金流ETF,20250430,中证全指自由现金流指数,中证全指自由现金流指数收益率,南方基金管理股份有限公司,国信证券股份有限公司,股票型ETF,策略指数ETF,932365.CSI,,,,,,
2024-09-06,159232.SZ,南方中证全指自由现金流ETF,20250430,中证全指自由现金流指数,中证全指自由现金流指数收益率,南方基金管理股份有限公司,国信证券股份有限公司,股票型ETF,策略指数ETF,932365.CSI,,,,,,
2024-09-09,159232.SZ,南方中证全指自由现金流ETF,20250430,中证全指自由现金流指数,中证全指自由现金流指数收益率,南方基金管理股份有限公司,国信证券股份有限公司,股票型ETF,策略指数ETF,932365.CSI,,,,,,
2024-09-10,159232.SZ,南方中证全指自由现金流ETF,20250430,中证全指自由现金流指数,中证全指自由现金流指数收益率,南方基金管理股份有限公司,国信证券股份有限公司,股票型ETF,策略指数ETF,932365.CSI,,,,,,
2024-09-11,159232.SZ,南方中证全指自由现金流ETF,20250430,中证全指自由现金流指数,中证全指自由现金流指数收益率,南方基金管理股份有限公司,国信证券股份有限公司,股票型ETF,策略指数ETF,932365.CSI,,,,,,
2024-09-12,159232.SZ,南方中证全指自由现金流ETF,20250430,中证全指自由现金流指数,中证全指自由现金流指数收益率,南方基金管理股份有限公司,国信证券股份有限公司,股票型ETF,策略指数ETF,932365.CSI,,,,,,
2024-09-13,159232.SZ,南方中证全指自由现金流ETF,20250430,中证全指自由现金流指数,中证全指自由现金流指数收益率,南方基金管理股份有限公司,国信证券股份有限公司,股票型ETF,策略指数ETF,932365.CSI,,,,,,
2024-09-18,159232.SZ,南方中证全指自由现金流ETF,20250430,中证全指自由现金流指数,中证全指自由现金流指数收益率,南方基金管理股份有限公司,国信证券股份有限公司,股票型ETF,策略指数ETF,932365.CSI,,,,,,
2024-09-19,159232.SZ,南方中证全指自由现金流ETF,20250430,中证全指自由现金流指数,中证全指自由现金流指数收益率,南方基金管理股份有限公司,国信证券股份有限公司,股票型ETF,策略指数ETF,932365.CSI,,,,,,
2024-09-20,159232.SZ,南方中证全指自由现金流ETF,20250430,中证全指自由现金流指数,中证全指自由现金流指数收益率,南方基金管理股份有限公司,国信证券股份有限公司,股票型ETF,策略指数ETF,932365.CSI,,,,,,
2024-09-23,159232.SZ,南方中证全指自由现金流ETF,20250430,中证全指自由现金流指数,中证全指自由现金流指数收益率,南方基金管理股份有限公司,国信证券股份有限公司,股票型ETF,策略指数ETF,932365.CSI,,,,,,
2024-09-24,159232.SZ,南方中证全指自由现金流ETF,20250430,中证全指自由现金流指数,中证全指自由现金流指数收益率,南方基金管理股份有限公司,国信证券股份有限公司,股票型ETF,策略指数ETF,932365.CSI,,,,,,
2024-09-25,159232.SZ,南方中证全指自由现金流ETF,20250430,中证全指自由现金流指数,中证全指自由现金流指数收益率,南方基金管理股份有限公司,国信证券股份有限公司,股票型ETF,策略指数ETF,932365.CSI,,,,,,
2024-09-26,159232.SZ,南方中证全指自由现金流ETF,20250430,中证全指自由现金流指数,中证全指自由现金流指数收益率,南方基金管理股份有限公司,国信证券股份有限公司,股票型ETF,策略指数ETF,932365.CSI,,,,,,
2024-09-27,159232.SZ,南方中证全指自由现金流ETF,20250430,中证全指自由现金流指数,中证全指自由现金流指数收益率,南方基金管理股份有限公司,国信证券股份有限公司,股票型ETF,策略指数ETF,932365.CSI,,,,,,
2024-09-30,159232.SZ,南方中证全指自由现金流ETF,20250430,中证全指自由现金流指数,中证全指自由现金流指数收益率,南方基金管理股份有限公司,国信证券股份有限公司,股票型ETF,策略指数ETF,932365.CSI,,,,,,
2024-10-08,159232.SZ,南方中证全指自由现金流ETF,20250430,中证全指自由现金流指数,中证全指自由现金流指数收益率,南方基金管理股份有限公司,国信证券股份有限公司,股票型ETF,策略指数ETF,932365.CSI,,,,,,
2024-10-09,159232.SZ,南方中证全指自由现金流ETF,20250430,中证全指自由现金流指数,中证全指自由现金流指数收益率,南方基金管理股份有限公司,国信证券股份有限公司,股票型ETF,策略指数ETF,932365.CSI,,,,,,
2024-10-10,159232.SZ,南方中证全指自由现金流ETF,20250430,中证全指自由现金流指数,中证全指自由现金流指数收益率,南方基金管理股份有限公司,国信证券股份有限公司,股票型ETF,策略指数ETF,932365.CSI,,,,,,
2024-10-11,159232.SZ,南方中证全指自由现金流ETF,20250430,中证全指自由现金流指数,中证全指自由现金流指数收益率,南方基金管理股份有限公司,国信证券股份有限公司,股票型ETF,策略指数ETF,932365.CSI,,,,,,
2024-10-14,159232.SZ,南方中证全指自由现金流ETF,20250430,中证全指自由现金流指数,中证全指自由现金流指数收益率,南方基金管理股份有限公司,国信证券股份有限公司,股票型ETF,策略指数ETF,932365.CSI,,,,,,
2024-10-15,159232.SZ,南方中证全指自由现金流ETF,20250430,中证全指自由现金流指数,中证全指自由现金流指数收益率,南方基金管理股份有限公司,国信证券股份有限公司,股票型ETF,策略指数ETF,932365.CSI,,,,,,
2024-10-16,159232.SZ,南方中证全指自由现金流ETF,20250430,中证全指自由现金流指数,中证全指自由现金流指数收益率,南方基金管理股份有限公司,国信证券股份有限公司,股票型ETF,策略指数ETF,932365.CSI,,,,,,
2024-10-17,159232.SZ,南方中证全指自由现金流ETF,20250430,中证全指自由现金流指数,中证全指自由现金流指数收益率,南方基金管理股份有限公司,国信证券股份有限公司,股票型ETF,策略指数ETF,932365.CSI,,,,,,
2024-10-18,159232.SZ,南方中证全指自由现金流ETF,20250430,中证全指自由现金流指数,中证全指自由现金流指数收益率,南方基金管理股份有限公司,国信证券股份有限公司,股票型ETF,策略指数ETF,932365.CSI,,,,,,
2024-10-21,159232.SZ,南方中证全指自由现金流ETF,20250430,中证全指自由现金流指数,中证全指自由现金流指数收益率,南方基金管理股份有限公司,国信证券股份有限公司,股票型ETF,策略指数ETF,932365.CSI,,,,,,
2024-10-22,159232.SZ,南方中证全指自由现金流ETF,20250430,中证全指自由现金流指数,中证全指自由现金流指数收益率,南方基金管理股份有限公司,国信证券股份有限公司,股票型ETF,策略指数ETF,932365.CSI,,,,,,
2024-10-23,159232.SZ,南方中证全指自由现金流ETF,20250430,中证全指自由现金流指数,中证全指自由现金流指数收益率,南方基金管理股份有限公司,国信证券股份有限公司,股票型ETF,策略指数ETF,932365.CSI,,,,,,
2024-10-24,159232.SZ,南方中证全指自由现金流ETF,20250430,中证全指自由现金流指数,中证全指自由现金流指数收益率,南方基金管理股份有限公司,国信证券股份有限公司,股票型ETF,策略指数ETF,932365.CSI,,,,,,
2024-10-25,159232.SZ,南方中证全指自由现金流ETF,20250430,中证全指自由现金流指数,中证全指自由现金流指数收益率,南方基金管理股份有限公司,国信证券股份有限公司,股票型ETF,策略指数ETF,932365.CSI,,,,,,
2024-10-28,159232.SZ,南方中证全指自由现金流ETF,20250430,中证全指自由现金流指数,中证全指自由现金流指数收益率,南方基金管理股份有限公司,国信证券股份有限公司,股票型ETF,策略指数ETF,932365.CSI,,,,,,
2024-10-29,159232.SZ,南方中证全指自由现金流ETF,20250430,中证全指自由现金流指数,中证全指自由现金流指数收益率,南方基金管理股份有限公司,国信证券股份有限公司,股票型ETF,策略指数ETF,932365.CSI,,,,,,
2024-10-30,159232.SZ,南方中证全指自由现金流ETF,20250430,中证全指自由现金流指数,中证全指自由现金流指数收益率,南方基金管理股份有限公司,国信证券股份有限公司,股票型ETF,策略指数ETF,932365.CSI,,,,,,
2024-10-31,159232.SZ,南方中证全指自由现金流ETF,20250430,中证全指自由现金流指数,中证全指自由现金流指数收益率,南方基金管理股份有限公司,国信证券股份有限公司,股票型ETF,策略指数ETF,932365.CSI,,,,,,
2024-11-01,159232.SZ,南方中证全指自由现金流ETF,20250430,中证全指自由现金流指数,中证全指自由现金流指数收益率,南方基金管理股份有限公司,国信证券股份有限公司,股票型ETF,策略指数ETF,932365.CSI,,,,,,
2024-11-04,159232.SZ,南方中证全指自由现金流ETF,20250430,中证全指自由现金流指数,中证全指自由现金流指数收益率,南方基金管理股份有限公司,国信证券股份有限公司,股票型ETF,策略指数ETF,932365.CSI,,,,,,
2024-11-05,159232.SZ,南方中证全指自由现金流ETF,20250430,中证全指自由现金流指数,中证全指自由现金流指数收益率,南方基金管理股份有限公司,国信证券股份有限公司,股票型ETF,策略指数ETF,932365.CSI,,,,,,
2024-11-06,159232.SZ,南方中证全指自由现金流ETF,20250430,中证全指自由现金流指数,中证全指自由现金流指数收益率,南方基金管理股份有限公司,国信证券股份有限公司,股票型ETF,策略指数ETF,932365.CSI,,,,,,
2024-11-07,159232.SZ,南方中证全指自由现金流ETF,20250430,中证全指自由现金流指数,中证全指自由现金流指数收益率,南方基金管理股份有限公司,国信证券股份有限公司,股票型ETF,策略指数ETF,932365.CSI,,,,,,
2024-11-08,159232.SZ,南方中证全指自由现金流ETF,20250430,中证全指自由现金流指数,中证全指自由现金流指数收益率,南方基金管理股份有限公司,国信证券股份有限公司,股票型ETF,策略指数ETF,932365.CSI,,,,,,
2024-11-11,159232.SZ,南方中证全指自由现金流ETF,20250430,中证全指自由现金流指数,中证全指自由现金流指数收益率,南方基金管理股份有限公司,国信证券股份有限公司,股票型ETF,策略指数ETF,932365.CSI,,,,,,
2024-11-12,159232.SZ,南方中证全指自由现金流ETF,20250430,中证全指自由现金流指数,中证全指自由现金流指数收益率,南方基金管理股份有限公司,国信证券股份有限公司,股票型ETF,策略指数ETF,932365.CSI,,,,,,
2024-11-13,159232.SZ,南方中证全指自由现金流ETF,20250430,中证全指自由现金流指数,中证全指自由现金流指数收益率,南方基金管理股份有限公司,国信证券股份有限公司,股票型ETF,策略指数ETF,932365.CSI,,,,,,
2024-11-14,159232.SZ,南方中证全指自由现金流ETF,20250430,中证全指自由现金流指数,中证全指自由现金流指数收益率,南方基金管理股份有限公司,国信证券股份有限公司,股票型ETF,策略指数ETF,932365.CSI,,,,,,
2024-11-15,159232.SZ,南方中证全指自由现金流ETF,20250430,中证全指自由现金流指数,中证全指自由现金流指数收益率,南方基金管理股份有限公司,国信证券股份有限公司,股票型ETF,策略指数ETF,932365.CSI,,,,,,
2024-11-18,159232.SZ,南方中证全指自由现金流ETF,20250430,中证全指自由现金流指数,中证全指自由现金流指数收益率,南方基金管理股份有限公司,国信证券股份有限公司,股票型ETF,策略指数ETF,932365.CSI,,,,,,
2024-11-19,159232.SZ,南方中证全指自由现金流ETF,20250430,中证全指自由现金流指数,中证全指自由现金流指数收益率,南方基金管理股份有限公司,国信证券股份有限公司,股票型ETF,策略指数ETF,932365.CSI,,,,,,
2024-11-20,159232.SZ,南方中证全指自由现金流ETF,20250430,中证全指自由现金流指数,中证全指自由现金流指数收益率,南方基金管理股份有限公司,国信证券股份有限公司,股票型ETF,策略指数ETF,932365.CSI,,,,,,
2024-11-21,159232.SZ,南方中证全指自由现金流ETF,20250430,中证全指自由现金流指数,中证全指自由现金流指数收益率,南方基金管理股份有限公司,国信证券股份有限公司,股票型ETF,策略指数ETF,932365.CSI,,,,,,
2024-11-22,159232.SZ,南方中证全指自由现金流ETF,20250430,中证全指自由现金流指数,中证全指自由现金流指数收益率,南方基金管理股份有限公司,国信证券股份有限公司,股票型ETF,策略指数ETF,932365.CSI,,,,,,
2024-11-25,159232.SZ,南方中证全指自由现金流ETF,20250430,中证全指自由现金流指数,中证全指自由现金流指数收益率,南方基金管理股份有限公司,国信证券股份有限公司,股票型ETF,策略指数ETF,932365.CSI,,,,,,
2024-11-26,159232.SZ,南方中证全指自由现金流ETF,20250430,中证全指自由现金流指数,中证全指自由现金流指数收益率,南方基金管理股份有限公司,国信证券股份有限公司,股票型ETF,策略指数ETF,932365.CSI,,,,,,
2024-11-27,159232.SZ,南方中证全指自由现金流ETF,20250430,中证全指自由现金流指数,中证全指自由现金流指数收益率,南方基金管理股份有限公司,国信证券股份有限公司,股票型ETF,策略指数ETF,932365.CSI,,,,,,
2024-11-28,159232.SZ,南方中证全指自由现金流ETF,20250430,中证全指自由现金流指数,中证全指自由现金流指数收益率,南方基金管理股份有限公司,国信证券股份有限公司,股票型ETF,策略指数ETF,932365.CSI,,,,,,
2024-11-29,159232.SZ,南方中证全指自由现金流ETF,20250430,中证全指自由现金流指数,中证全指自由现金流指数收益率,南方基金管理股份有限公司,国信证券股份有限公司,股票型ETF,策略指数ETF,932365.CSI,,,,,,
2024-12-02,159232.SZ,南方中证全指自由现金流ETF,20250430,中证全指自由现金流指数,中证全指自由现金流指数收益率,南方基金管理股份有限公司,国信证券股份有限公司,股票型ETF,策略指数ETF,932365.CSI,,,,,,
2024-12-03,159232.SZ,南方中证全指自由现金流ETF,20250430,中证全指自由现金流指数,中证全指自由现金流指数收益率,南方基金管理股份有限公司,国信证券股份有限公司,股票型ETF,策略指数ETF,932365.CSI,,,,,,
2024-12-04,159232.SZ,南方中证全指自由现金流ETF,20250430,中证全指自由现金流指数,中证全指自由现金流指数收益率,南方基金管理股份有限公司,国信证券股份有限公司,股票型ETF,策略指数ETF,932365.CSI,,,,,,
2024-12-05,159232.SZ,南方中证全指自由现金流ETF,20250430,中证全指自由现金流指数,中证全指自由现金流指数收益率,南方基金管理股份有限公司,国信证券股份有限公司,股票型ETF,策略指数ETF,932365.CSI,,,,,,
2024-12-06,159232.SZ,南方中证全指自由现金流ETF,20250430,中证全指自由现金流指数,中证全指自由现金流指数收益率,南方基金管理股份有限公司,国信证券股份有限公司,股票型ETF,策略指数ETF,932365.CSI,,,,,,
2024-12-09,159232.SZ,南方中证全指自由现金流ETF,20250430,中证全指自由现金流指数,中证全指自由现金流指数收益率,南方基金管理股份有限公司,国信证券股份有限公司,股票型ETF,策略指数ETF,932365.CSI,,,,,,
2024-12-10,159232.SZ,南方中证全指自由现金流ETF,20250430,中证全指自由现金流指数,中证全指自由现金流指数收益率,南方基金管理股份有限公司,国信证券股份有限公司,股票型ETF,策略指数ETF,932365.CSI,,,,,,
2024-12-11,159232.SZ,南方中证全指自由现金流ETF,20250430,中证全指自由现金流指数,中证全指自由现金流指数收益率,南方基金管理股份有限公司,国信证券股份有限公司,股票型ETF,策略指数ETF,932365.CSI,,,,,,
2024-12-12,159232.SZ,南方中证全指自由现金流ETF,20250430,中证全指自由现金流指数,中证全指自由现金流指数收益率,南方基金管理股份有限公司,国信证券股份有限公司,股票型ETF,策略指数ETF,932365.CSI,,,,,,
2024-12-13,159232.SZ,南方中证全指自由现金流ETF,20250430,中证全指自由现金流指数,中证全指自由现金流指数收益率,南方基金管理股份有限公司,国信证券股份有限公司,股票型ETF,策略指数ETF,932365.CSI,,,,,,
2024-12-16,159232.SZ,南方中证全指自由现金流ETF,20250430,中证全指自由现金流指数,中证全指自由现金流指数收益率,南方基金管理股份有限公司,国信证券股份有限公司,股票型ETF,策略指数ETF,932365.CSI,,,,,,
2024-12-17,159232.SZ,南方中证全指自由现金流ETF,20250430,中证全指自由现金流指数,中证全指自由现金流指数收益率,南方基金管理股份有限公司,国信证券股份有限公司,股票型ETF,策略指数ETF,932365.CSI,,,,,,
2024-12-18,159232.SZ,南方中证全指自由现金流ETF,20250430,中证全指自由现金流指数,中证全指自由现金流指数收益率,南方基金管理股份有限公司,国信证券股份有限公司,股票型ETF,策略指数ETF,932365.CSI,,,,,,
2024-12-19,159232.SZ,南方中证全指自由现金流ETF,20250430,中证全指自由现金流指数,中证全指自由现金流指数收益率,南方基金管理股份有限公司,国信证券股份有限公司,股票型ETF,策略指数ETF,932365.CSI,,,,,,
2024-12-20,159232.SZ,南方中证全指自由现金流ETF,20250430,中证全指自由现金流指数,中证全指自由现金流指数收益率,南方基金管理股份有限公司,国信证券股份有限公司,股票型ETF,策略指数ETF,932365.CSI,,,,,,
2024-12-23,159232.SZ,南方中证全指自由现金流ETF,20250430,中证全指自由现金流指数,中证全指自由现金流指数收益率,南方基金管理股份有限公司,国信证券股份有限公司,股票型ETF,策略指数ETF,932365.CSI,,,,,,
2024-12-24,159232.SZ,南方中证全指自由现金流ETF,20250430,中证全指自由现金流指数,中证全指自由现金流指数收益率,南方基金管理股份有限公司,国信证券股份有限公司,股票型ETF,策略指数ETF,932365.CSI,,,,,,
2024-12-25,159232.SZ,南方中证全指自由现金流ETF,20250430,中证全指自由现金流指数,中证全指自由现金流指数收益率,南方基金管理股份有限公司,国信证券股份有限公司,股票型ETF,策略指数ETF,932365.CSI,,,,,,
2024-12-26,159232.SZ,南方中证全指自由现金流ETF,20250430,中证全指自由现金流指数,中证全指自由现金流指数收益率,南方基金管理股份有限公司,国信证券股份有限公司,股票型ETF,策略指数ETF,932365.CSI,,,,,,
2024-12-27,159232.SZ,南方中证全指自由现金流ETF,20250430,中证全指自由现金流指数,中证全指自由现金流指数收益率,南方基金管理股份有限公司,国信证券股份有限公司,股票型ETF,策略指数ETF,932365.CSI,,,,,,
2024-12-30,159232.SZ,南方中证全指自由现金流ETF,20250430,中证全指自由现金流指数,中证全指自由现金流指数收益率,南方基金管理股份有限公司,国信证券股份有限公司,股票型ETF,策略指数ETF,932365.CSI,,,,,,
2024-12-31,159232.SZ,南方中证全指自由现金流ETF,20250430,中证全指自由现金流指数,中证全指自由现金流指数收益率,南方基金管理股份有限公司,国信证券股份有限公司,股票型ETF,策略指数ETF,932365.CSI,,,,,,
2025-01-02,159232.SZ,南方中证全指自由现金流ETF,20250430,中证全指自由现金流指数,中证全指自由现金流指数收益率,南方基金管理股份有限公司,国信证券股份有限公司,股票型ETF,策略指数ETF,932365.CSI,,,,,,
2025-01-03,159232.SZ,南方中证全指自由现金流ETF,20250430,中证全指自由现金流指数,中证全指自由现金流指数收益率,南方基金管理股份有限公司,国信证券股份有限公司,股票型ETF,策略指数ETF,932365.CSI,,,,,,
2025-01-06,159232.SZ,南方中证全指自由现金流ETF,20250430,中证全指自由现金流指数,中证全指自由现金流指数收益率,南方基金管理股份有限公司,国信证券股份有限公司,股票型ETF,策略指数ETF,932365.CSI,,,,,,
2025-01-07,159232.SZ,南方中证全指自由现金流ETF,20250430,中证全指自由现金流指数,中证全指自由现金流指数收益率,南方基金管理股份有限公司,国信证券股份有限公司,股票型ETF,策略指数ETF,932365.CSI,,,,,,
2025-01-08,159232.SZ,南方中证全指自由现金流ETF,20250430,中证全指自由现金流指数,中证全指自由现金流指数收益率,南方基金管理股份有限公司,国信证券股份有限公司,股票型ETF,策略指数ETF,932365.CSI,,,,,,
2025-01-09,159232.SZ,南方中证全指自由现金流ETF,20250430,中证全指自由现金流指数,中证全指自由现金流指数收益率,南方基金管理股份有限公司,国信证券股份有限公司,股票型ETF,策略指数ETF,932365.CSI,,,,,,
2025-01-10,159232.SZ,南方中证全指自由现金流ETF,20250430,中证全指自由现金流指数,中证全指自由现金流指数收益率,南方基金管理股份有限公司,国信证券股份有限公司,股票型ETF,策略指数ETF,932365.CSI,,,,,,
2025-01-13,159232.SZ,南方中证全指自由现金流ETF,20250430,中证全指自由现金流指数,中证全指自由现金流指数收益率,南方基金管理股份有限公司,国信证券股份有限公司,股票型ETF,策略指数ETF,932365.CSI,,,,,,
2025-01-14,159232.SZ,南方中证全指自由现金流ETF,20250430,中证全指自由现金流指数,中证全指自由现金流指数收益率,南方基金管理股份有限公司,国信证券股份有限公司,股票型ETF,策略指数ETF,932365.CSI,,,,,,
2025-01-15,159232.SZ,南方中证全指自由现金流ETF,20250430,中证全指自由现金流指数,中证全指自由现金流指数收益率,南方基金管理股份有限公司,国信证券股份有限公司,股票型ETF,策略指数ETF,932365.CSI,,,,,,
2025-01-16,159232.SZ,南方中证全指自由现金流ETF,20250430,中证全指自由现金流指数,中证全指自由现金流指数收益率,南方基金管理股份有限公司,国信证券股份有限公司,股票型ETF,策略指数ETF,932365.CSI,,,,,,
2025-01-17,159232.SZ,南方中证全指自由现金流ETF,20250430,中证全指自由现金流指数,中证全指自由现金流指数收益率,南方基金管理股份有限公司,国信证券股份有限公司,股票型ETF,策略指数ETF,932365.CSI,,,,,,
2025-01-20,159232.SZ,南方中证全指自由现金流ETF,20250430,中证全指自由现金流指数,中证全指自由现金流指数收益率,南方基金管理股份有限公司,国信证券股份有限公司,股票型ETF,策略指数ETF,932365.CSI,,,,,,
2025-01-21,159232.SZ,南方中证全指自由现金流ETF,20250430,中证全指自由现金流指数,中证全指自由现金流指数收益率,南方基金管理股份有限公司,国信证券股份有限公司,股票型ETF,策略指数ETF,932365.CSI,,,,,,
2025-01-22,159232.SZ,南方中证全指自由现金流ETF,20250430,中证全指自由现金流指数,中证全指自由现金流指数收益率,南方基金管理股份有限公司,国信证券股份有限公司,股票型ETF,策略指数ETF,932365.CSI,,,,,,
2025-01-23,159232.SZ,南方中证全指自由现金流ETF,20250430,中证全指自由现金流指数,中证全指自由现金流指数收益率,南方基金管理股份有限公司,国信证券股份有限公司,股票型ETF,策略指数ETF,932365.CSI,,,,,,
2025-01-24,159232.SZ,南方中证全指自由现金流ETF,20250430,中证全指自由现金流指数,中证全指自由现金流指数收益率,南方基金管理股份有限公司,国信证券股份有限公司,股票型ETF,策略指数ETF,932365.CSI,,,,,,
2025-01-27,159232.SZ,南方中证全指自由现金流ETF,20250430,中证全指自由现金流指数,中证全指自由现金流指数收益率,南方基金管理股份有限公司,国信证券股份有限公司,股票型ETF,策略指数ETF,932365.CSI,,,,,,
2025-02-05,159232.SZ,南方中证全指自由现金流ETF,20250430,中证全指自由现金流指数,中证全指自由现金流指数收益率,南方基金管理股份有限公司,国信证券股份有限公司,股票型ETF,策略指数ETF,932365.CSI,,,,,,
2025-02-06,159232.SZ,南方中证全指自由现金流ETF,20250430,中证全指自由现金流指数,中证全指自由现金流指数收益率,南方基金管理股份有限公司,国信证券股份有限公司,股票型ETF,策略指数ETF,932365.CSI,,,,,,
2025-02-07,159232.SZ,南方中证全指自由现金流ETF,20250430,中证全指自由现金流指数,中证全指自由现金流指数收益率,南方基金管理股份有限公司,国信证券股份有限公司,股票型ETF,策略指数ETF,932365.CSI,,,,,,
2025-02-10,159232.SZ,南方中证全指自由现金流ETF,20250430,中证全指自由现金流指数,中证全指自由现金流指数收益率,南方基金管理股份有限公司,国信证券股份有限公司,股票型ETF,策略指数ETF,932365.CSI,,,,,,
2025-02-11,159232.SZ,南方中证全指自由现金流ETF,20250430,中证全指自由现金流指数,中证全指自由现金流指数收益率,南方基金管理股份有限公司,国信证券股份有限公司,股票型ETF,策略指数ETF,932365.CSI,,,,,,
2025-02-12,159232.SZ,南方中证全指自由现金流ETF,20250430,中证全指自由现金流指数,中证全指自由现金流指数收益率,南方基金管理股份有限公司,国信证券股份有限公司,股票型ETF,策略指数ETF,932365.CSI,,,,,,
2025-02-13,159232.SZ,南方中证全指自由现金流ETF,20250430,中证全指自由现金流指数,中证全指自由现金流指数收益率,南方基金管理股份有限公司,国信证券股份有限公司,股票型ETF,策略指数ETF,932365.CSI,,,,,,
2025-02-14,159232.SZ,南方中证全指自由现金流ETF,20250430,中证全指自由现金流指数,中证全指自由现金流指数收益率,南方基金管理股份有限公司,国信证券股份有限公司,股票型ETF,策略指数ETF,932365.CSI,,,,,,
2025-02-17,159232.SZ,南方中证全指自由现金流ETF,20250430,中证全指自由现金流指数,中证全指自由现金流指数收益率,南方基金管理股份有限公司,国信证券股份有限公司,股票型ETF,策略指数ETF,932365.CSI,,,,,,
2025-02-18,159232.SZ,南方中证全指自由现金流ETF,20250430,中证全指自由现金流指数,中证全指自由现金流指数收益率,南方基金管理股份有限公司,国信证券股份有限公司,股票型ETF,策略指数ETF,932365.CSI,,,,,,
2025-02-19,159232.SZ,南方中证全指自由现金流ETF,20250430,中证全指自由现金流指数,中证全指自由现金流指数收益率,南方基金管理股份有限公司,国信证券股份有限公司,股票型ETF,策略指数ETF,932365.CSI,,,,,,
2025-02-20,159232.SZ,南方中证全指自由现金流ETF,20250430,中证全指自由现金流指数,中证全指自由现金流指数收益率,南方基金管理股份有限公司,国信证券股份有限公司,股票型ETF,策略指数ETF,932365.CSI,,,,,,
2025-02-21,159232.SZ,南方中证全指自由现金流ETF,20250430,中证全指自由现金流指数,中证全指自由现金流指数收益率,南方基金管理股份有限公司,国信证券股份有限公司,股票型ETF,策略指数ETF,932365.CSI,,,,,,
2025-02-24,159232.SZ,南方中证全指自由现金流ETF,20250430,中证全指自由现金流指数,中证全指自由现金流指数收益率,南方基金管理股份有限公司,国信证券股份有限公司,股票型ETF,策略指数ETF,932365.CSI,,,,,,
2025-02-25,159232.SZ,南方中证全指自由现金流ETF,20250430,中证全指自由现金流指数,中证全指自由现金流指数收益率,南方基金管理股份有限公司,国信证券股份有限公司,股票型ETF,策略指数ETF,932365.CSI,,,,,,
2025-02-26,159232.SZ,南方中证全指自由现金流ETF,20250430,中证全指自由现金流指数,中证全指自由现金流指数收益率,南方基金管理股份有限公司,国信证券股份有限公司,股票型ETF,策略指数ETF,932365.CSI,,,,,,
2025-02-27,159232.SZ,南方中证全指自由现金流ETF,20250430,中证全指自由现金流指数,中证全指自由现金流指数收益率,南方基金管理股份有限公司,国信证券股份有限公司,股票型ETF,策略指数ETF,932365.CSI,,,,,,
2025-02-28,159232.SZ,南方中证全指自由现金流ETF,20250430,中证全指自由现金流指数,中证全指自由现金流指数收益率,南方基金管理股份有限公司,国信证券股份有限公司,股票型ETF,策略指数ETF,932365.CSI,,,,,,
2025-03-03,159232.SZ,南方中证全指自由现金流ETF,20250430,中证全指自由现金流指数,中证全指自由现金流指数收益率,南方基金管理股份有限公司,国信证券股份有限公司,股票型ETF,策略指数ETF,932365.CSI,,,,,,
2025-03-04,159232.SZ,南方中证全指自由现金流ETF,20250430,中证全指自由现金流指数,中证全指自由现金流指数收益率,南方基金管理股份有限公司,国信证券股份有限公司,股票型ETF,策略指数ETF,932365.CSI,,,,,,
2025-03-05,159232.SZ,南方中证全指自由现金流ETF,20250430,中证全指自由现金流指数,中证全指自由现金流指数收益率,南方基金管理股份有限公司,国信证券股份有限公司,股票型ETF,策略指数ETF,932365.CSI,,,,,,
2025-03-06,159232.SZ,南方中证全指自由现金流ETF,20250430,中证全指自由现金流指数,中证全指自由现金流指数收益率,南方基金管理股份有限公司,国信证券股份有限公司,股票型ETF,策略指数ETF,932365.CSI,,,,,,
2025-03-07,159232.SZ,南方中证全指自由现金流ETF,20250430,中证全指自由现金流指数,中证全指自由现金流指数收益率,南方基金管理股份有限公司,国信证券股份有限公司,股票型ETF,策略指数ETF,932365.CSI,,,,,,
2025-03-10,159232.SZ,南方中证全指自由现金流ETF,20250430,中证全指自由现金流指数,中证全指自由现金流指数收益率,南方基金管理股份有限公司,国信证券股份有限公司,股票型ETF,策略指数ETF,932365.CSI,,,,,,
2025-03-11,159232.SZ,南方中证全指自由现金流ETF,20250430,中证全指自由现金流指数,中证全指自由现金流指数收益率,南方基金管理股份有限公司,国信证券股份有限公司,股票型ETF,策略指数ETF,932365.CSI,,,,,,
2025-03-12,159232.SZ,南方中证全指自由现金流ETF,20250430,中证全指自由现金流指数,中证全指自由现金流指数收益率,南方基金管理股份有限公司,国信证券股份有限公司,股票型ETF,策略指数ETF,932365.CSI,,,,,,
2025-03-13,159232.SZ,南方中证全指自由现金流ETF,20250430,中证全指自由现金流指数,中证全指自由现金流指数收益率,南方基金管理股份有限公司,国信证券股份有限公司,股票型ETF,策略指数ETF,932365.CSI,,,,,,
2025-03-14,159232.SZ,南方中证全指自由现金流ETF,20250430,中证全指自由现金流指数,中证全指自由现金流指数收益率,南方基金管理股份有限公司,国信证券股份有限公司,股票型ETF,策略指数ETF,932365.CSI,,,,,,
2025-03-17,159232.SZ,南方中证全指自由现金流ETF,20250430,中证全指自由现金流指数,中证全指自由现金流指数收益率,南方基金管理股份有限公司,国信证券股份有限公司,股票型ETF,策略指数ETF,932365.CSI,,,,,,
2025-03-18,159232.SZ,南方中证全指自由现金流ETF,20250430,中证全指自由现金流指数,中证全指自由现金流指数收益率,南方基金管理股份有限公司,国信证券股份有限公司,股票型ETF,策略指数ETF,932365.CSI,,,,,,
2025-03-19,159232.SZ,南方中证全指自由现金流ETF,20250430,中证全指自由现金流指数,中证全指自由现金流指数收益率,南方基金管理股份有限公司,国信证券股份有限公司,股票型ETF,策略指数ETF,932365.CSI,,,,,,
2025-03-20,159232.SZ,南方中证全指自由现金流ETF,20250430,中证全指自由现金流指数,中证全指自由现金流指数收益率,南方基金管理股份有限公司,国信证券股份有限公司,股票型ETF,策略指数ETF,932365.CSI,,,,,,
2025-03-21,159232.SZ,南方中证全指自由现金流ETF,20250430,中证全指自由现金流指数,中证全指自由现金流指数收益率,南方基金管理股份有限公司,国信证券股份有限公司,股票型ETF,策略指数ETF,932365.CSI,,,,,,
2025-03-24,159232.SZ,南方中证全指自由现金流ETF,20250430,中证全指自由现金流指数,中证全指自由现金流指数收益率,南方基金管理股份有限公司,国信证券股份有限公司,股票型ETF,策略指数ETF,932365.CSI,,,,,,
2025-03-25,159232.SZ,南方中证全指自由现金流ETF,20250430,中证全指自由现金流指数,中证全指自由现金流指数收益率,南方基金管理股份有限公司,国信证券股份有限公司,股票型ETF,策略指数ETF,932365.CSI,,,,,,
2025-03-26,159232.SZ,南方中证全指自由现金流ETF,20250430,中证全指自由现金流指数,中证全指自由现金流指数收益率,南方基金管理股份有限公司,国信证券股份有限公司,股票型ETF,策略指数ETF,932365.CSI,,,,,,
2025-03-27,159232.SZ,南方中证全指自由现金流ETF,20250430,中证全指自由现金流指数,中证全指自由现金流指数收益率,南方基金管理股份有限公司,国信证券股份有限公司,股票型ETF,策略指数ETF,932365.CSI,,,,,,
2025-03-28,159232.SZ,南方中证全指自由现金流ETF,20250430,中证全指自由现金流指数,中证全指自由现金流指数收益率,南方基金管理股份有限公司,国信证券股份有限公司,股票型ETF,策略指数ETF,932365.CSI,,,,,,
2025-03-31,159232.SZ,南方中证全指自由现金流ETF,20250430,中证全指自由现金流指数,中证全指自由现金流指数收益率,南方基金管理股份有限公司,国信证券股份有限公司,股票型ETF,策略指数ETF,932365.CSI,,,,,,
2025-04-01,159232.SZ,南方中证全指自由现金流ETF,20250430,中证全指自由现金流指数,中证全指自由现金流指数收益率,南方基金管理股份有限公司,国信证券股份有限公司,股票型ETF,策略指数ETF,932365.CSI,,,,,,
2025-04-02,159232.SZ,南方中证全指自由现金流ETF,20250430,中证全指自由现金流指数,中证全指自由现金流指数收益率,南方基金管理股份有限公司,国信证券股份有限公司,股票型ETF,策略指数ETF,932365.CSI,,,,,,
2025-04-03,159232.SZ,南方中证全指自由现金流ETF,20250430,中证全指自由现金流指数,中证全指自由现金流指数收益率,南方基金管理股份有限公司,国信证券股份有限公司,股票型ETF,策略指数ETF,932365.CSI,,,,,,
2025-04-07,159232.SZ,南方中证全指自由现金流ETF,20250430,中证全指自由现金流指数,中证全指自由现金流指数收益率,南方基金管理股份有限公司,国信证券股份有限公司,股票型ETF,策略指数ETF,932365.CSI,,,,,,
2025-04-08,159232.SZ,南方中证全指自由现金流ETF,20250430,中证全指自由现金流指数,中证全指自由现金流指数收益率,南方基金管理股份有限公司,国信证券股份有限公司,股票型ETF,策略指数ETF,932365.CSI,,,,,,
2025-04-09,159232.SZ,南方中证全指自由现金流ETF,20250430,中证全指自由现金流指数,中证全指自由现金流指数收益率,南方基金管理股份有限公司,国信证券股份有限公司,股票型ETF,策略指数ETF,932365.CSI,,,,,,
2025-04-10,159232.SZ,南方中证全指自由现金流ETF,20250430,中证全指自由现金流指数,中证全指自由现金流指数收益率,南方基金管理股份有限公司,国信证券股份有限公司,股票型ETF,策略指数ETF,932365.CSI,,,,,,
2025-04-11,159232.SZ,南方中证全指自由现金流ETF,20250430,中证全指自由现金流指数,中证全指自由现金流指数收益率,南方基金管理股份有限公司,国信证券股份有限公司,股票型ETF,策略指数ETF,932365.CSI,,,,,,
2025-04-14,159232.SZ,南方中证全指自由现金流ETF,20250430,中证全指自由现金流指数,中证全指自由现金流指数收益率,南方基金管理股份有限公司,国信证券股份有限公司,股票型ETF,策略指数ETF,932365.CSI,,,,,,
2025-04-15,159232.SZ,南方中证全指自由现金流ETF,20250430,中证全指自由现金流指数,中证全指自由现金流指数收益率,南方基金管理股份有限公司,国信证券股份有限公司,股票型ETF,策略指数ETF,932365.CSI,,,,,,
2025-04-16,159232.SZ,南方中证全指自由现金流ETF,20250430,中证全指自由现金流指数,中证全指自由现金流指数收益率,南方基金管理股份有限公司,国信证券股份有限公司,股票型ETF,策略指数ETF,932365.CSI,,,,,,
2025-04-17,159232.SZ,南方中证全指自由现金流ETF,20250430,中证全指自由现金流指数,中证全指自由现金流指数收益率,南方基金管理股份有限公司,国信证券股份有限公司,股票型ETF,策略指数ETF,932365.CSI,,,,,,
2025-04-18,159232.SZ,南方中证全指自由现金流ETF,20250430,中证全指自由现金流指数,中证全指自由现金流指数收益率,南方基金管理股份有限公司,国信证券股份有限公司,股票型ETF,策略指数ETF,932365.CSI,,,,,,
2025-04-21,159232.SZ,南方中证全指自由现金流ETF,20250430,中证全指自由现金流指数,中证全指自由现金流指数收益率,南方基金管理股份有限公司,国信证券股份有限公司,股票型ETF,策略指数ETF,932365.CSI,,,,,,
2025-04-22,159232.SZ,南方中证全指自由现金流ETF,20250430,中证全指自由现金流指数,中证全指自由现金流指数收益率,南方基金管理股份有限公司,国信证券股份有限公司,股票型ETF,策略指数ETF,932365.CSI,,,,,,
2025-04-23,159232.SZ,南方中证全指自由现金流ETF,20250430,中证全指自由现金流指数,中证全指自由现金流指数收益率,南方基金管理股份有限公司,国信证券股份有限公司,股票型ETF,策略指数ETF,932365.CSI,1908948566.0,,,,,
2025-04-24,159232.SZ,南方中证全指自由现金流ETF,20250430,中证全指自由现金流指数,中证全指自由现金流指数收益率,南方基金管理股份有限公司,国信证券股份有限公司,股票型ETF,策略指数ETF,932365.CSI,1908948566.0,,,,,
2025-04-25,159232.SZ,南方中证全指自由现金流ETF,20250430,中证全指自由现金流指数,中证全指自由现金流指数收益率,南方基金管理股份有限公司,国信证券股份有限公司,股票型ETF,策略指数ETF,932365.CSI,1908948566.0,,,,,
2025-04-28,159232.SZ,南方中证全指自由现金流ETF,20250430,中证全指自由现金流指数,中证全指自由现金流指数收益率,南方基金管理股份有限公司,国信证券股份有限公司,股票型ETF,策略指数ETF,932365.CSI,1908948566.0,,,,,
2025-04-29,159232.SZ,南方中证全指自由现金流ETF,20250430,中证全指自由现金流指数,中证全指自由现金流指数收益率,南方基金管理股份有限公司,国信证券股份有限公司,股票型ETF,策略指数ETF,932365.CSI,1900740087.1662,,,,,
2025-04-30,159232.SZ,南方中证全指自由现金流ETF,20250430,中证全指自由现金流指数,中证全指自由现金流指数收益率,南方基金管理股份有限公司,国信证券股份有限公司,股票型ETF,策略指数ETF,932365.CSI,1743162985.4834,244259040,242713478.69,0.95721083815185,0.9617331027592,-0.090918275
2025-05-06,159232.SZ,南方中证全指自由现金流ETF,20250430,中证全指自由现金流指数,中证全指自由现金流指数收益率,南方基金管理股份有限公司,国信证券股份有限公司,股票型ETF,策略指数ETF,932365.CSI,1715097340.8756,95656875,94910975.85,0.96301798176045,0.96031025265018,-0.160545856
2025-05-07,159232.SZ,南方中证全指自由现金流ETF,20250430,中证全指自由现金流指数,中证全指自由现金流指数收益率,南方基金管理股份有限公司,国信证券股份有限公司,股票型ETF,策略指数ETF,932365.CSI,1415040316.8414,383352276,383987649.53,0.96882512536906,0.96946140854167,-0.189450593
2025-05-08,159232.SZ,南方中证全指自由现金流ETF,20250430,中证全指自由现金流指数,中证全指自由现金流指数收益率,南方基金管理股份有限公司,国信证券股份有限公司,股票型ETF,策略指数ETF,932365.CSI,1281290191.1244,213211083,213885842.62,0.97076083990526,0.97092029368691,-0.039864461
2025-05-09,159232.SZ,南方中证全指自由现金流ETF,20250430,中证全指自由现金流指数,中证全指自由现金流指数收益率,南方基金管理股份有限公司,国信证券股份有限公司,股票型ETF,策略指数ETF,932365.CSI,1197617877.9696,162837125,163548245.61,0.97172869717336,0.97208396548882,-0.15910899
2025-05-12,159232.SZ,南方中证全指自由现金流ETF,20250430,中证全指自由现金流指数,中证全指自由现金流指数收益率,南方基金管理股份有限公司,国信证券股份有限公司,股票型ETF,策略指数ETF,932365.CSI,1036144602.5014,239726118,241937321.93,0.97947155531817,0.97678466329994,-0.088853786
2025-05-13,159232.SZ,南方中证全指自由现金流ETF,20250430,中证全指自由现金流指数,中证全指自由现金流指数收益率,南方基金管理股份有限公司,国信证券股份有限公司,股票型ETF,策略指数ETF,932365.CSI,893084419.6144,199942165,203266554.48,0.98431084165867,0.98394959420044,-0.137470542
2025-05-14,159232.SZ,南方中证全指自由现金流ETF,20250430,中证全指自由现金流指数,中证全指自由现金流指数收益率,南方基金管理股份有限公司,国信证券股份有限公司,股票型ETF,策略指数ETF,932365.CSI,762668814.9686,222798701,228123597.9,0.99786084341209,0.99098909132713,-0.10657882
2025-05-15,159232.SZ,南方中证全指自由现金流ETF,20250430,中证全指自由现金流指数,中证全指自由现金流指数收益率,南方基金管理股份有限公司,国信证券股份有限公司,股票型ETF,策略指数ETF,932365.CSI,697348072.1386,136497265,140552108.59,0.99302155707158,0.99660883202126,-0.107097654
2025-05-16,159232.SZ,南方中证全指自由现金流ETF,20250430,中证全指自由现金流指数,中证全指自由现金流指数收益率,南方基金管理股份有限公司,国信证券股份有限公司,股票型ETF,策略指数ETF,932365.CSI,663809488.1614,75344114,76981608.54,0.98915012799918,0.9888922356369,-0.08798514
2025-05-19,159232.SZ,南方中证全指自由现金流ETF,20250430,中证全指自由现金流指数,中证全指自由现金流指数收益率,南方基金管理股份有限公司,国信证券股份有限公司,股票型ETF,策略指数ETF,932365.CSI,648519100.7236,83730197,85644516.89,0.99205369980348,0.98998534716193,0.039039625
2025-05-20,159232.SZ,南方中证全指自由现金流ETF,20250430,中证全指自由现金流指数,中证全指自由现金流指数收益率,南方基金管理股份有限公司,国信证券股份有限公司,股票型ETF,策略指数ETF,932365.CSI,654974210.4178,88741704,91058521.63,0.99495727160778,0.99312553184829,-0.029174365
2025-05-21,159232.SZ,南方中证全指自由现金流ETF,20250430,中证全指自由现金流指数,中证全指自由现金流指数收益率,南方基金管理股份有限公司,国信证券股份有限公司,股票型ETF,策略指数ETF,932365.CSI,629056238.9078,109519320,113793703.22,1.0094751306293,1.0056313600705,-0.028754912
2025-05-22,159232.SZ,南方中证全指自由现金流ETF,20250430,中证全指自由现金流指数,中证全指自由现金流指数收益率,南方基金管理股份有限公司,国信证券股份有限公司,股票型ETF,策略指数ETF,932365.CSI,613272141.7758,78048630,81241784.73,1.006571558825,1.0074546064988,-0.124843945
2025-05-23,159232.SZ,南方中证全指自由现金流ETF,20250430,中证全指自由现金流指数,中证全指自由现金流指数收益率,南方基金管理股份有限公司,国信证券股份有限公司,股票型ETF,策略指数ETF,932365.CSI,606963512.1006,72359668,75397317.82,1.0036679870207,1.0084877952647,0.280437095
2025-05-26,159232.SZ,南方中证全指自由现金流ETF,20250430,中证全指自由现金流指数,中证全指自由现金流指数收益率,南方基金管理股份有限公司,国信证券股份有限公司,股票型ETF,策略指数ETF,932365.CSI,605202666.4026,63512262,65500499.68,0.99882870068019,0.99815583138154,0.087285423
2025-05-27,159232.SZ,南方中证全指自由现金流ETF,20250430,中证全指自由现金流指数,中证全指自由现金流指数收益率,南方基金管理股份有限公司,国信证券股份有限公司,股票型ETF,策略指数ETF,932365.CSI,601798364.7198,78356101,80480919.37,0.99205369980348,0.99410309805616,-0.029259729
2025-05-28,159232.SZ,南方中证全指自由现金流ETF,20250430,中证全指自由现金流指数,中证全指自由现金流指数收益率,南方基金管理股份有限公司,国信证券股份有限公司,股票型ETF,策略指数ETF,932365.CSI,602768817.244,68330481,70637618.9,1.0007644152164,1.0005363909806,0
2025-05-29,159232.SZ,南方中证全指自由现金流ETF,20250430,中证全指自由现金流指数,中证全指自由现金流指数收益率,南方基金管理股份有限公司,国信证券股份有限公司,股票型ETF,策略指数ETF,932365.CSI,604867432.0816,64427004,66860688.33,1.0036679870207,1.0044173891808,-0.057825752
2025-05-30,159232.SZ,南方中证全指自由现金流ETF,20250430,中证全指自由现金流指数,中证全指自由现金流指数收益率,南方基金管理股份有限公司,国信证券股份有限公司,股票型ETF,策略指数ETF,932365.CSI,603468355.5232,61532160,63690498.12,1.0036679870207,1.0018063970843,0.173879444
2025-06-03,159232.SZ,南方中证全指自由现金流ETF,20250430,中证全指自由现金流指数,中证全指自由现金流指数收益率,南方基金管理股份有限公司,国信证券股份有限公司,股票型ETF,策略指数ETF,932365.CSI,599620894.9876,60762220,62510939.88,0.99592512887589,0.9957119324916,0.038887809
2025-06-04,159232.SZ,南方中证全指自由现金流ETF,20250430,中证全指自由现金流指数,中证全指自由现金流指数收益率,南方基金管理股份有限公司,国信证券股份有限公司,股票型ETF,策略指数ETF,932365.CSI,601078266.4026,54058502,55683926.1,0.99689298614399,0.99695867621862,-0.106682184
2025-06-05,159232.SZ,南方中证全指自由现金流ETF,20250430,中证全指自由现金流指数,中证全指自由现金流指数收益率,南方基金管理股份有限公司,国信证券股份有限公司,股票型ETF,策略指数ETF,932365.CSI,599329420.7046,67674200,69635956.57,0.99592512887589,0.99591375572134,0.087540123
2025-06-06,159232.SZ,南方中证全指自由现金流ETF,20250430,中证全指自由现金流指数,中证全指自由现金流指数收益率,南方基金管理股份有限公司,国信证券股份有限公司,股票型ETF,策略指数ETF,932365.CSI,600553612.6932,61229542,63062164.75,0.99592512887589,0.99682559270928,-0.116482236
2025-06-09,159232.SZ,南方中证全指自由现金流ETF,20250430,中证全指自由现金流指数,中证全指自由现金流指数收益率,南方基金管理股份有限公司,国信证券股份有限公司,股票型ETF,策略指数ETF,932365.CSI,602302458.3912,61929583,63765522.18,0.99979655794829,0.99654997024872,-0.019357336
2025-06-10,159232.SZ,南方中证全指自由现金流ETF,20250430,中证全指自由现金流指数,中证全指自由现金流指数收益率,南方基金管理股份有限公司,国信证券股份有限公司,股票型ETF,策略指数ETF,932365.CSI,593461909.8252,80790049,83420249.31,0.99786084341209,0.99936682302888,-0.116256539
2025-06-11,159232.SZ,南方中证全指自由现金流ETF,20250430,中证全指自由现金流指数,中证全指自由现金流指数收益率,南方基金管理股份有限公司,国信证券股份有限公司,股票型ETF,策略指数ETF,932365.CSI,586190632.0816,74374430,77162405.86,1.0036679870207,1.0041380530346,-0.057825752
2025-06-12,159232.SZ,南方中证全指自由现金流ETF,20250430,中证全指自由现金流指数,中证全指自由现金流指数收益率,南方基金管理股份有限公司,国信证券股份有限公司,股票型ETF,策略指数ETF,932365.CSI,583987332.6742,64149227,66345915.02,1.0007644152164,1.000999997411,0.02902196
2025-06-13,159232.SZ,南方中证全指自由现金流ETF,20250430,中证全指自由现金流指数,中证全指自由现金流指数收益率,南方基金管理股份有限公司,国信证券股份有限公司,股票型ETF,策略指数ETF,932365.CSI,582574961.2592,62365125,64324849.67,0.99786084341209,0.99827064040377,-0.01939488
2025-06-16,159232.SZ,南方中证全指自由现金流ETF,20250430,中证全指自由现金流指数,中证全指自由现金流指数收益率,南方基金管理股份有限公司,国信证券股份有限公司,股票型ETF,策略指数ETF,932365.CSI,578733311.0104,71875183,73752299.44,0.99302155707158,0.99313415385895,0.156188989
2025-06-17,159232.SZ,南方中证全指自由现金流ETF,20250430,中证全指自由现金流指数,中证全指自由现金流指数收益率,南方基金管理股份有限公司,国信证券股份有限公司,股票型ETF,策略指数ETF,932365.CSI,579354754.433,68425967,70034866.79,0.99205369980348,0.99061449644086,-0.048756704
2025-06-18,159232.SZ,南方中证全指自由现金流ETF,20250430,中证全指自由现金流指数,中证全指自由现金流指数收益率,南方基金管理股份有限公司,国信证券股份有限公司,股票型ETF,策略指数ETF,932365.CSI,576177857.301,85211978,87298110.96,0.99205369980348,0.99155204663973,0.146555936
2025-06-19,159232.SZ,南方中证全指自由现金流ETF,20250430,中证全指自由现金流指数,中证全指自由现金流指数收益率,南方基金管理股份有限公司,国信证券股份有限公司,股票型ETF,策略指数ETF,932365.CSI,574205507.6448,80272429,81585633.03,0.98043941258627,0.98369077508173,0.019747235
2025-06-20,159232.SZ,南方中证全指自由现金流ETF,20250430,中证全指自由现金流指数,中证全指自由现金流指数收益率,南方基金管理股份有限公司,国信证券股份有限公司,股票型ETF,策略指数ETF,932365.CSI,573363114.471,54850887,55825818.54,0.98527869892677,0.98506017271196,-0.049091802
2025-06-23,159232.SZ,南方中证全指自由现金流ETF,20250430,中证全指自由现金流指数,中证全指自由现金流指数收益率,南方基金管理股份有限公司,国信证券股份有限公司,股票型ETF,策略指数ETF,932365.CSI,572167537.32,74015905,75317093.94,0.98721441346298,0.98487205935091,0
2025-06-24,159232.SZ,南方中证全指自由现金流ETF,20250430,中证全指自由现金流指数,中证全指自由现金流指数收益率,南方基金管理股份有限公司,国信证券股份有限公司,股票型ETF,策略指数ETF,932365.CSI,571540618.4292,82541042,84445891.32,0.99205369980348,0.99019309297459,-0.11693627
2025-06-25,159232.SZ,南方中证全指自由现金流ETF,20250430,中证全指自由现金流指数,中证全指自由现金流指数收益率,南方基金管理股份有限公司,国信证券股份有限公司,股票型ETF,策略指数ETF,932365.CSI,565362128.1234,88739810,90735416.03,0.99495727160778,0.98962271700604,-0.18448393
2025-06-26,159232.SZ,南方中证全指自由现金流ETF,20250430,中证全指自由现金流指数,中证全指自由现金流指数收益率,南方基金管理股份有限公司,国信证券股份有限公司,股票型ETF,策略指数ETF,932365.CSI,555386497.263,71905635,74183878.22,0.99592512887589,0.99852265696761,-0.145560408
2025-06-27,159232.SZ,南方中证全指自由现金流ETF,20250430,中证全指自由现金流指数,中证全指自由现金流指数收益率,南方基金管理股份有限公司,国信证券股份有限公司,股票型ETF,策略指数ETF,932365.CSI,535713798.9458,101981635,105834306.98,1.0007644152164,1.0044210727257,-0.221943453
2025-06-30,159232.SZ,南方中证全指自由现金流ETF,20250430,中证全指自由现金流指数,中证全指自由现金流指数收益率,南方基金管理股份有限公司,国信证券股份有限公司,股票型ETF,策略指数ETF,932365.CSI,534259137.225,60440153,62551943.75,1.0036679870207,1.0016743900744,-0.048192771
2025-07-01,159232.SZ,南方中证全指自由现金流ETF,20250430,中证全指自由现金流指数,中证全指自由现金流指数收益率,南方基金管理股份有限公司,国信证券股份有限公司,股票型ETF,策略指数ETF,932365.CSI,534697585.1984,66774500,69279934.59,1.0075394160931,1.0041720750659,-0.134305449
2025-07-02,159232.SZ,南方中证全指自由现金流ETF,20250430,中证全指自由现金流指数,中证全指自由现金流指数收益率,南方基金管理股份有限公司,国信证券股份有限公司,股票型ETF,策略指数ETF,932365.CSI,533816839.998,90623674,95039049.63,1.0172179887741,1.0150133058808,-0.189933523
2025-07-03,159232.SZ,南方中证全指自由现金流ETF,20250430,中证全指自由现金流指数,中证全指自由现金流指数收益率,南方基金管理股份有限公司,国信证券股份有限公司,股票型ETF,策略指数ETF,932365.CSI,512251170.2658,86584508,91207934.77,1.0210894178465,1.0195387675544,-0.123071097
2025-07-04,159232.SZ,南方中证全指自由现金流ETF,20250430,中证全指自由现金流指数,中证全指自由现金流指数收益率,南方基金管理股份有限公司,国信证券股份有限公司,股票型ETF,策略指数ETF,932365.CSI,511523747.4168,67819129,71570574.46,1.0210894178465,1.0213947258637,0.01896094
2025-07-07,159232.SZ,南方中证全指自由现金流ETF,20250430,中证全指自由现金流指数,中证全指自由现金流指数收益率,南方基金管理股份有限公司,国信证券股份有限公司,股票型ETF,策略指数ETF,932365.CSI,509438468.583,56502094,59348443.88,1.016250131506,1.0166140525648,-0.047596383
2025-07-08,159232.SZ,南方中证全指自由现金流ETF,20250430,中证全指自由现金流指数,中证全指自由现金流指数收益率,南方基金管理股份有限公司,国信证券股份有限公司,股票型ETF,策略指数ETF,932365.CSI,511717726.8432,60017661,63084185.78,1.0210894178465,1.017308683679,-0.018953753
2025-07-09,159232.SZ,南方中证全指自由现金流ETF,20250430,中证全指自由现金流指数,中证全指自由现金流指数收益率,南方基金管理股份有限公司,国信证券股份有限公司,股票型ETF,策略指数ETF,932365.CSI,509632448.0094,74404565,78464637.73,1.016250131506,1.0206708407729,-0.085640879
2025-07-10,159232.SZ,南方中证全指自由现金流ETF,20250430,中证全指自由现金流指数,中证全指自由现金流指数收益率,南方基金管理股份有限公司,国信证券股份有限公司,股票型ETF,策略指数ETF,932365.CSI,510094049.0996,74812237,79110560.22,1.0249608469189,1.0234653281717,-0.150858005
2025-07-11,159232.SZ,南方中证全指自由现金流ETF,20250430,中证全指自由现金流指数,中证全指自由现金流指数收益率,南方基金管理股份有限公司,国信证券股份有限公司,股票型ETF,策略指数ETF,932365.CSI,512787361.0692,75905329,81001845.64,1.0327037050637,1.0328421741281,0.075032827
2025-07-14,159232.SZ,南方中证全指自由现金流ETF,20250430,中证全指自由现金流指数,中证全指自由现金流指数收益率,南方基金管理股份有限公司,国信证券股份有限公司,股票型ETF,策略指数ETF,932365.CSI,511708647.9144,67168264,71855085.74,1.0365751341361,1.0353917585763,0.243354549
2025-07-15,159232.SZ,南方中证全指自由现金流ETF,20250430,中证全指自由现金流指数,中证全指自由现金流指数收益率,南方基金管理股份有限公司,国信证券股份有限公司,股票型ETF,策略指数ETF,932365.CSI,506248634.262,63555433,67237286.43,1.0278235617091,1.0287292249618,0
2025-07-16,159232.SZ,南方中证全指自由现金流ETF,20250430,中证全指自由现金流指数,中证全指自由现金流指数收益率,南方基金管理股份有限公司,国信证券股份有限公司,股票型ETF,策略指数ETF,932365.CSI,505961265.1224,64492313,68090588.54,1.0278235617091,1.0266507217649,0.056796668
2025-07-17,159232.SZ,南方中证全指自由现金流ETF,20250430,中证全指自由现金流指数,中证全指自由现金流指数收益率,南方基金管理股份有限公司,国信证券股份有限公司,股票型ETF,策略指数ETF,932365.CSI,506392318.8318,45049031,47624783.47,1.0268511647727,1.0279953311311,-0.122954696
2025-07-18,159232.SZ,南方中证全指自由现金流ETF,20250430,中证全指自由现金流指数,中证全指自由现金流指数收益率,南方基金管理股份有限公司,国信证券股份有限公司,股票型ETF,策略指数ETF,932365.CSI,510942330.2088,62677765,66696959.46,1.0365751341361,1.0347516227158,-0.074990626
2025-07-21,159232.SZ,南方中证全指自由现金流ETF,20250430,中证全指自由现金流指数,中证全指自由现金流指数收益率,南方基金管理股份有限公司,国信证券股份有限公司,股票型ETF,策略指数ETF,932365.CSI,517489194.11,64314168,69354421.38,1.0550506759265,1.0486029590151,0
2025-07-22,159232.SZ,南方中证全指自由现金流ETF,20250430,中证全指自由现金流指数,中证全指自由现金流指数收益率,南方基金管理股份有限公司,国信证券股份有限公司,股票型ETF,策略指数ETF,932365.CSI,528792875.1242,76167643,83220070.75,1.0783882023987,1.0624320072385,0.027058717
2025-07-23,159232.SZ,南方中证全指自由现金流ETF,20250430,中证全指自由现金流指数,中证全指自由现金流指数收益率,南方基金管理股份有限公司,国信证券股份有限公司,股票型ETF,策略指数ETF,932365.CSI,526980470.5734,81660767,90603961.41,1.0783882023987,1.0788903623102,0.371074305
2025-07-24,159232.SZ,南方中证全指自由现金流ETF,20250430,中证全指自由现金流指数,中证全指自由现金流指数收益率,南方基金管理股份有限公司,国信证券股份有限公司,股票型ETF,策略指数ETF,932365.CSI,533596597.3806,76105276,84299343.57,1.0842225840167,1.0770925188256,0.080782695
2025-07-25,159232.SZ,南方中证全指自由现金流ETF,20250430,中证全指自由现金流指数,中证全指自由现金流指数收益率,南方基金管理股份有限公司,国信证券股份有限公司,股票型ETF,策略指数ETF,932365.CSI,538905977.9922,74262014,82415034.26,1.079360599335,1.0791536952203,0.29818379
2025-07-28,159232.SZ,南方中证全指自由现金流ETF,20250430,中证全指自由现金流指数,中证全指自由现金流指数收益率,南方基金管理股份有限公司,国信证券股份有限公司,股票型ETF,策略指数ETF,932365.CSI,541306820.3246,71827750,78872907.78,1.0686642330353,1.0677735817331,0.081959749
2025-07-29,159232.SZ,南方中证全指自由现金流ETF,20250430,中证全指自由现金流指数,中证全指自由现金流指数收益率,南方基金管理股份有限公司,国信证券股份有限公司,股票型ETF,策略指数ETF,932365.CSI,541651884.3208,65085123,71214635.65,1.0686642330353,1.063974228465,0.018201675
2025-07-30,159232.SZ,南方中证全指自由现金流ETF,20250430,中证全指自由现金流指数,中证全指自由现金流指数收益率,南方基金管理股份有限公司,国信证券股份有限公司,股票型ETF,策略指数ETF,932365.CSI,546274732.2942,72040009,79709629.73,1.073526217717,1.0759215722207,0.027181299
2025-07-31,159232.SZ,南方中证全指自由现金流ETF,20250430,中证全指自由现金流指数,中证全指自由现金流指数收益率,南方基金管理股份有限公司,国信证券股份有限公司,股票型ETF,策略指数ETF,932365.CSI,546034300.4386,92058144,99867402.21,1.0482438973722,1.0548850077731,0.083557701
2025-08-01,159232.SZ,南方中证全指自由现金流ETF,20250430,中证全指自由现金流指数,中证全指自由现金流指数收益率,南方基金管理股份有限公司,国信证券股份有限公司,股票型ETF,策略指数ETF,932365.CSI,545882215.8688,60376159,65130990.17,1.0511610881812,1.048976555497,0.390044577
2025-08-04,159232.SZ,南方中证全指自由现金流ETF,20250430,中证全指自由现金流指数,中证全指自由现金流指数收益率,南方基金管理股份有限公司,国信证券股份有限公司,股票型ETF,策略指数ETF,932365.CSI,578600368.9856,69366616,74752259.66,1.0511610881812,1.0478941091449,-0.055473373
2025-08-05,159232.SZ,南方中证全指自由现金流ETF,20250430,中证全指自由现金流指数,中证全指自由现金流指数收益率,南方基金管理股份有限公司,国信证券股份有限公司,股票型ETF,策略指数ETF,932365.CSI,589904411.223,56060532,60936212.12,1.0608850575446,1.0569679570205,0.045850527
2025-08-06,159232.SZ,南方中证全指自由现金流ETF,20250430,中证全指自由现金流指数,中证全指自由现金流指数收益率,南方基金管理股份有限公司,国信证券股份有限公司,股票型ETF,策略指数ETF,932365.CSI,594989327.7434,52580457,57582737.61,1.0686642330353,1.0649066370402,-0.081825621
2025-08-07,159232.SZ,南方中证全指自由现金流ETF,20250430,中证全指自由现金流指数,中证全指自由现金流指数收益率,南方基金管理股份有限公司,国信证券股份有限公司,股票型ETF,策略指数ETF,932365.CSI,595854845.449,56259706,61761421.39,1.0715814238443,1.0674889936948,0.045392646
2025-08-08,159232.SZ,南方中证全指自由现金流ETF,20250430,中证全指自由现金流指数,中证全指自由现金流指数收益率,南方基金管理股份有限公司,国信证券股份有限公司,股票型ETF,策略指数ETF,932365.CSI,604565939.1204,53934286,59762330.52,1.0783882023987,1.0774724468598,-0.036055526
2025-08-11,159232.SZ,南方中证全指自由现金流ETF,20250430,中证全指自由现金流指数,中证全指自由现金流指数收益率,南方基金管理股份有限公司,国信证券股份有限公司,股票型ETF,策略指数ETF,932365.CSI,589352908.26,87567596,97073637.84,1.079360599335,1.0779570565667,0
2025-08-12,159232.SZ,南方中证全指自由现金流ETF,20250430,中证全指自由现金流指数,中证全指自由现金流指数收益率,南方基金管理股份有限公司,国信证券股份有限公司,股票型ETF,策略指数ETF,932365.CSI,591689081.9504,64579106,72011262.87,1.0832501870803,1.0843062986441,-0.035893754
2025-08-13,159232.SZ,南方中证全指自由现金流ETF,20250430,中证全指自由现金流指数,中证全指自由现金流指数收益率,南方基金管理股份有限公司,国信证券股份有限公司,股票型ETF,策略指数ETF,932365.CSI,593744765.335,72218031,80830606.08,1.0900569656347,1.088363011649,-0.13363029
2025-08-14,159232.SZ,南方中证全指自由现金流ETF,20250430,中证全指自由现金流指数,中证全指自由现金流指数收益率,南方基金管理股份有限公司,国信证券股份有限公司,股票型ETF,策略指数ETF,932365.CSI,575415448.8146,82185903,92169497.14,1.0813053932077,1.0905195826921,-0.098823107
2025-08-15,159232.SZ,南方中证全指自由现金流ETF,20250430,中证全指自由现金流指数,中证全指自由现金流指数收益率,南方基金管理股份有限公司,国信证券股份有限公司,股票型ETF,策略指数ETF,932365.CSI,573992192.7348,71769926,80477100.68,1.0958913472527,1.0903687729396,-0.070934563
2025-08-18,159232.SZ,南方中证全指自由现金流ETF,20250430,中证全指自由现金流指数,中证全指自由现金流指数收益率,南方基金管理股份有限公司,国信证券股份有限公司,股票型ETF,策略指数ETF,932365.CSI,590042188.184,84109838,94805501.8,1.0949189503164,1.0960498996359,0.177935943
2025-08-19,159232.SZ,南方中证全指自由现金流ETF,20250430,中证全指自由现金流指数,中证全指自由现金流指数收益率,南方基金管理股份有限公司,国信证券股份有限公司,股票型ETF,策略指数ETF,932365.CSI,636739934.4746,112039572,126082873.06,1.0920017595074,1.094279434486,-0.008903927
2025-08-20,159232.SZ,南方中证全指自由现金流ETF,20250430,中证全指自由现金流指数,中证全指自由现金流指数收益率,南方基金管理股份有限公司,国信证券股份有限公司,股票型ETF,策略指数ETF,932365.CSI,639115506.9798,65575031,74003367.28,1.1036705227434,1.0973787815938,-0.026424734
2025-08-21,159232.SZ,南方中证全指自由现金流ETF,20250430,中证全指自由现金流指数,中证全指自由现金流指数收益率,南方基金管理股份有限公司,国信证券股份有限公司,股票型ETF,策略指数ETF,932365.CSI,640098408.6626,63447209,72412348.28,1.1104773012978,1.1097973690301,0.078871265
2025-08-22,159232.SZ,南方中证全指自由现金流ETF,20250430,中证全指自由现金流指数,中证全指自由现金流指数收益率,南方基金管理股份有限公司,国信证券股份有限公司,股票型ETF,策略指数ETF,932365.CSI,648815938.9304,55203315,62836803.89,1.1124220951705,1.1068595353721,-0.034952814
2025-08-25,159232.SZ,南方中证全指自由现金流ETF,20250430,中证全指自由现金流指数,中证全指自由现金流指数收益率,南方基金管理股份有限公司,国信证券股份有限公司,股票型ETF,策略指数ETF,932365.CSI,683973552.4878,89941687,104526934.11,1.1425664001969,1.1300841009726,0.14489048
2025-08-26,159232.SZ,南方中证全指自由现金流ETF,20250430,中证全指自由现金流指数,中证全指自由现金流指数收益率,南方基金管理股份有限公司,国信证券股份有限公司,股票型ETF,策略指数ETF,932365.CSI,687843102.144,66746437,78936002.49,1.1503455756877,1.1499808894373,-0.084459459
2025-08-27,159232.SZ,南方中证全指自由现金流ETF,20250430,中证全指自由现金流指数,中证全指自由现金流指数收益率,南方基金管理股份有限公司,国信证券股份有限公司,股票型ETF,策略指数ETF,932365.CSI,682238018.8544,94826906,111473750.11,1.1260356522792,1.1431010212339,-0.034530387
2025-08-28,159232.SZ,南方中证全指自由现金流ETF,20250430,中证全指自由现金流指数,中证全指自由现金流指数收益率,南方基金管理股份有限公司,国信证券股份有限公司,股票型ETF,策略指数ETF,932365.CSI,711999458.8164,95490850,110561093.46,1.1338148277699,1.1258593735281,0.051484469
2025-08-29,159232.SZ,南方中证全指自由现金流ETF,20250430,中证全指自由现金流指数,中证全指自由现金流指数收益率,南方基金管理股份有限公司,国信证券股份有限公司,股票型ETF,策略指数ETF,932365.CSI,716415079.39,51461182,60086092,1.1338148277699,1.1353709632498,0.08583691
2025-09-01,159232.SZ,南方中证全指自由现金流ETF,20250430,中证全指自由现金流指数,中证全指自由现金流指数收益率,南方基金管理股份有限公司,国信证券股份有限公司,股票型ETF,策略指数ETF,932365.CSI,723125414.2086,61736864,72101626.63,1.1415940032606,1.1356488862147,0.16210221
2025-09-02,159232.SZ,南方中证全指自由现金流ETF,20250430,中证全指自由现金流指数,中证全指自由现金流指数收益率,南方基金管理股份有限公司,国信证券股份有限公司,股票型ETF,策略指数ETF,932365.CSI,724912560.4992,75760349,88817119.82,1.1367320185789,1.139982805614,-0.18784153
2025-09-03,159232.SZ,南方中证全指自由现金流ETF,20250430,中证全指自由现金流指数,中证全指自由现金流指数收益率,南方基金管理股份有限公司,国信证券股份有限公司,股票型ETF,策略指数ETF,932365.CSI,718289810.843,47857464,55745349.24,1.1250632553429,1.1326677655978,-0.30159414
2025-09-04,159232.SZ,南方中证全指自由现金流ETF,20250430,中证全指自由现金流指数,中证全指自由现金流指数收益率,南方基金管理股份有限公司,国信证券股份有限公司,股票型ETF,策略指数ETF,932365.CSI,702827806.3872,48868479,55828145.73,1.1065877135524,1.110882085552,-0.105337079
2025-09-05,159232.SZ,南方中证全指自由现金流ETF,20250430,中证全指自由现金流指数,中证全指自由现金流指数收益率,南方基金管理股份有限公司,国信证券股份有限公司,股票型ETF,策略指数ETF,932365.CSI,726382608.5676,35239426,40460153.56,1.1270080492155,1.1164577245243,0.034524426
2025-09-08,159232.SZ,南方中证全指自由现金流ETF,20250430,中证全指自由现金流指数,中证全指自由现金流指数收益率,南方基金管理股份有限公司,国信证券股份有限公司,股票型ETF,策略指数ETF,932365.CSI,726420322.8126,64903000,75429503.6,1.1328424308336,1.1301082879085,-0.094331532
2025-09-09,159232.SZ,南方中证全指自由现金流ETF,20250430,中证全指自由现金流指数,中证全指自由现金流指数收益率,南方基金管理股份有限公司,国信证券股份有限公司,股票型ETF,策略指数ETF,932365.CSI,724426887.4014,52315359,60920467.63,1.1299252400246,1.1323419587674,-0.077392725
2025-09-10,159232.SZ,南方中证全指自由现金流ETF,20250430,中证全指自由现金流指数,中证全指自由现金流指数收益率,南方基金管理股份有限公司,国信证券股份有限公司,股票型ETF,策略指数ETF,932365.CSI,723002996.0054,48445234,55984135.87,1.1250632553429,1.1237184281845,0.008643789
2025-09-11,159232.SZ,南方中证全指自由现金流ETF,20250430,中证全指自由现金流指数,中证全指自由现金流指数收益率,南方基金管理股份有限公司,国信证券股份有限公司,股票型ETF,策略指数ETF,932365.CSI,738008247.3444,46194210,53732362.97,1.1377044155153,1.1310764949594,-0.289756264
2025-09-12,159232.SZ,南方中证全指自由现金流ETF,20250430,中证全指自由现金流指数,中证全指自由现金流指数收益率,南方基金管理股份有限公司,国信证券股份有限公司,股票型ETF,策略指数ETF,932365.CSI,742374082.7556,64842013,76494324.6,1.1464559879423,1.1471396930301,0.203977562
2025-09-15,159232.SZ,南方中证全指自由现金流ETF,20250430,中证全指自由现金流指数,中证全指自由现金流指数收益率,南方基金管理股份有限公司,国信证券股份有限公司,股票型ETF,策略指数ETF,932365.CSI,739661003.9218,41563333,48768515.37,1.1406216063243,1.140966123567,0.059711678
2025-09-16,159232.SZ,南方中证全指自由现金流ETF,20250430,中证全指自由现金流指数,中证全指自由现金流指数收益率,南方基金管理股份有限公司,国信证券股份有限公司,股票型ETF,策略指数ETF,932365.CSI,740604007.3824,55313705,64382202.14,1.1347872247062,1.1318181654188,0.051440329
2025-09-17,159232.SZ,南方中证全指自由现金流ETF,20250430,中证全指自由现金流指数,中证全指自由现金流指数收益率,南方基金管理股份有限公司,国信证券股份有限公司,股票型ETF,策略指数ETF,932365.CSI,744159719.352,47808421,55864682.76,1.1396492093879,1.1362568608009,0
2025-09-18,159232.SZ,南方中证全指自由现金流ETF,20250430,中证全指自由现金流指数,中证全指自由现金流指数收益率,南方基金管理股份有限公司,国信证券股份有限公司,股票型ETF,策略指数ETF,932365.CSI,737667704.6094,60190406,69814355.48,1.1202012706612,1.1278751863071,0.095577374
2025-09-19,159232.SZ,南方中证全指自由现金流ETF,20250430,中证全指自由现金流指数,中证全指自由现金流指数收益率,南方基金管理股份有限公司,国信证券股份有限公司,股票型ETF,策略指数ETF,932365.CSI,742410723.9978,56173343,64883338.58,1.1270080492155,1.1231725990487,0.060433394
2025-09-22,159232.SZ,南方中证全指自由现金流ETF,20250430,中证全指自由现金流指数,中证全指自由现金流指数收益率,南方基金管理股份有限公司,国信证券股份有限公司,股票型ETF,策略指数ETF,932365.CSI,733501538.9304,47017108,53809718.64,1.1143668890432,1.1128801361142,0.139811255
2025-09-23,159232.SZ,南方中证全指自由现金流ETF,20250430,中证全指自由现金流指数,中证全指自由现金流指数收益率,南方基金管理股份有限公司,国信证券股份有限公司,股票型ETF,策略指数ETF,932365.CSI,730553175.5268,62278215,70793245.92,1.1085325074251,1.1053485628324,0.017546938
2025-09-24,159232.SZ,南方中证全指自由现金流ETF,20250430,中证全指自由现金流指数,中证全指自由现金流指数收益率,南方基金管理股份有限公司,国信证券股份有限公司,股票型ETF,策略指数ETF,932365.CSI,742891038.3378,77234887,88335011.42,1.1153392859795,1.112148898155,-0.113210833
2025-09-25,159232.SZ,南方中证全指自由现金流ETF,20250430,中证全指自由现金流指数,中证全指自由现金流指数收益率,南方基金管理股份有限公司,国信证券股份有限公司,股票型ETF,策略指数ETF,932365.CSI,759694281.7604,75711529,87190445.77,1.1172840798522,1.1198257843225,-0.034800766
2025-09-26,159232.SZ,南方中证全指自由现金流ETF,20250430,中证全指自由现金流指数,中证全指自由现金流指数收益率,南方基金管理股份有限公司,国信证券股份有限公司,股票型ETF,策略指数ETF,932365.CSI,770160484.0358,65604749,75562883.89,1.1202012706612,1.1199969196664,0.060800834
2025-09-29,159232.SZ,南方中证全指自由现金流ETF,20250430,中证全指自由现金流指数,中证全指自由现金流指数收益率,南方基金管理股份有限公司,国信证券股份有限公司,股票型ETF,策略指数ETF,932365.CSI,776649285.126,58856910,67700407.25,1.1299252400246,1.1185036489126,0.086132644
2025-09-30,159232.SZ,南方中证全指自由现金流ETF,20250430,中证全指自由现金流指数,中证全指自由现金流指数收益率,南方基金管理股份有限公司,国信证券股份有限公司,股票型ETF,策略指数ETF,932365.CSI,780863661.0918,62848317,73169225.4,1.1357596216426,1.1320833080251,0.059967446
2025-10-09,159232.SZ,南方中证全指自由现金流ETF,20250430,中证全指自由现金流指数,中证全指自由现金流指数收益率,南方基金管理股份有限公司,国信证券股份有限公司,股票型ETF,策略指数ETF,932365.CSI,794869300.9588,58566936,69144452.72,1.1581247511784,1.1480172701827,-0.067125357
2025-10-10,159232.SZ,南方中证全指自由现金流ETF,20250430,中证全指自由现金流指数,中证全指自由现金流指数收益率,南方基金管理股份有限公司,国信证券股份有限公司,股票型ETF,策略指数ETF,932365.CSI,788974303.2342,70849265,84813763.32,1.1620143389237,1.1640578573631,0.108905085
2025-10-13,159232.SZ,南方中证全指自由现金流ETF,20250430,中证全指自由现金流指数,中证全指自由现金流指数收益率,南方基金管理股份有限公司,国信证券股份有限公司,股票型ETF,策略指数ETF,932365.CSI,779338083.8458,65828226,77311658.45,1.1522903695603,1.1420271270864,-0.109584422
2025-10-14,159232.SZ,南方中证全指自由现金流ETF,20250430,中证全指自由现金流指数,中证全指自由现金流指数收益率,南方基金管理股份有限公司,国信证券股份有限公司,股票型ETF,策略指数ETF,932365.CSI,783621634.6872,75462186,90154206.38,1.1561799573057,1.1617165991173,-0.016818029
2025-10-15,159232.SZ,南方中证全指自由现金流ETF,20250430,中证全指自由现金流指数,中证全指自由现金流指数收益率,南方基金管理股份有限公司,国信证券股份有限公司,股票型ETF,策略指数ETF,932365.CSI,790013435.7774,67828413,80853303.32,1.1649315297327,1.159123455257,-0.075068813
2025-10-16,159232.SZ,南方中证全指自由现金流ETF,20250430,中证全指自由现金流指数,中证全指自由现金流指数收益率,南方基金管理股份有限公司,国信证券股份有限公司,股票型ETF,策略指数ETF,932365.CSI,795344979.7926,73260001,87748542.2,1.1620143389237,1.1647066944947,-0.091965555
2025-10-17,159232.SZ,南方中证全指自由现金流ETF,20250430,中证全指自由现金流指数,中证全指自由现金流指数收益率,南方基金管理股份有限公司,国信证券股份有限公司,股票型ETF,策略指数ETF,932365.CSI,788666679.295,64814510,77259185.07,1.1493731787513,1.1591014861645,-0.042283298
2025-10-20,159232.SZ,南方中证全指自由现金流ETF,20250430,中证全指自由现金流指数,中证全指自由现金流指数收益率,南方基金管理股份有限公司,国信证券股份有限公司,股票型ETF,策略指数ETF,932365.CSI,793640578.7024,58622500,69398487.9,1.154235163433,1.1511429403461,0.050573163
2025-10-21,159232.SZ,南方中证全指自由现金流ETF,20250430,中证全指自由现金流指数,中证全指自由现金流指数收益率,南方基金管理股份有限公司,国信证券股份有限公司,股票型ETF,策略指数ETF,932365.CSI,805956082.6606,63094008,75298128.84,1.1610419419874,1.1604853157528,-0.008374508
2025-10-22,159232.SZ,南方中证全指自由现金流ETF,20250430,中证全指自由现金流指数,中证全指自由现金流指数收益率,南方基金管理股份有限公司,国信证券股份有限公司,股票型ETF,策略指数ETF,932365.CSI,810239738.6454,50513600,60413700.1,1.1639591327964,1.1629758498716,0.008354917
2025-10-23,159232.SZ,南方中证全指自由现金流ETF,20250430,中证全指自由现金流指数,中证全指自由现金流指数收益率,南方基金管理股份有限公司,国信证券股份有限公司,股票型ETF,策略指数ETF,932365.CSI,823403006.0072,72016707,86505832.81,1.1766002929688,1.1680346172979,0.066159444
2025-10-24,159232.SZ,南方中证全指自由现金流ETF,20250430,中证全指自由现金流指数,中证全指自由现金流指数收益率,南方基金管理股份有限公司,国信证券股份有限公司,股票型ETF,策略指数ETF,932365.CSI,822994436.8676,62291800,75343523,1.1775726899051,1.1761389290099,0.198576866
2025-10-27,159232.SZ,南方中证全指自由现金流ETF,20250430,中证全指自由现金流指数,中证全指自由现金流指数收益率,南方基金管理股份有限公司,国信证券股份有限公司,股票型ETF,策略指数ETF,932365.CSI,833239930.539,58656407,71323184.92,1.1873369742327,1.1872869347535,-0.041101521
2025-10-28,159232.SZ,南方中证全指自由现金流ETF,20250430,中证全指自由现金流指数,中证全指自由现金流指数收益率,南方基金管理股份有限公司,国信证券股份有限公司,股票型ETF,策略指数ETF,932365.CSI,833145780.8828,63697900,77038954.85,1.1775726899051,1.1809341586682,0.016586499
2025-10-29,159232.SZ,南方中证全指自由现金流ETF,20250430,中证全指自由现金流指数,中证全指自由现金流指数收益率,南方基金管理股份有限公司,国信证券股份有限公司,股票型ETF,策略指数ETF,932365.CSI,844200957.9388,60413802,73229398.63,1.1922191163965,1.183558467915,-0.065477165
2025-10-30,159232.SZ,南方中证全指自由现金流ETF,20250430,中证全指自由现金流指数,中证全指自由现金流指数收益率,南方基金管理股份有限公司,国信证券股份有限公司,股票型ETF,策略指数ETF,932365.CSI,852368096.218,68219907,83773697.49,1.1951484016947,1.1990491301378,0.081766149
2025-10-31,159232.SZ,南方中证全指自由现金流ETF,20250430,中证全指自由现金流指数,中证全指自由现金流指数收益率,南方基金管理股份有限公司,国信证券股份有限公司,股票型ETF,策略指数ETF,932365.CSI,848116709.9654,47166606,57538811.71,1.190266259531,1.1911506149224,0.172569644
2025-11-03,159232.SZ,南方中证全指自由现金流ETF,20250430,中证全指自由现金流指数,中证全指自由现金流指数收益率,南方基金管理股份有限公司,国信证券股份有限公司,股票型ETF,策略指数ETF,932365.CSI,857260416.199,47131258,57483806.25,1.198077686993,1.1909044067019,0.040766408
2025-11-04,159232.SZ,南方中证全指自由现金流ETF,20250430,中证全指自由现金流指数,中证全指自由现金流指数收益率,南方基金管理股份有限公司,国信证券股份有限公司,股票型ETF,策略指数ETF,932365.CSI,850180515.7014,71807045,87557646.29,1.1853841173672,1.1906042832266,0.090691731
2025-11-05,159232.SZ,南方中证全指自由现金流ETF,20250430,中证全指自由现金流指数,中证全指自由现金流指数收益率,南方基金管理股份有限公司,国信证券股份有限公司,股票型ETF,策略指数ETF,932365.CSI,857499435.6824,73663329,89237783.32,1.1883134026654,1.1828722661973,0.04932588
2025-11-06,159232.SZ,南方中证全指自由现金流ETF,20250430,中证全指自由现金流指数,中证全指自由现金流指数收益率,南方基金管理股份有限公司,国信证券股份有限公司,股票型ETF,策略指数ETF,932365.CSI,874488696.123,51770028,63980116.63,1.2117476850516,1.2067214838796,0.040306328
2025-11-07,159232.SZ,南方中证全指自由现金流ETF,20250430,中证全指自由现金流指数,中证全指自由现金流指数收益率,南方基金管理股份有限公司,国信证券股份有限公司,股票型ETF,策略指数ETF,932365.CSI,899743810.368,84883521,105835344.85,1.2195591125137,1.2174405430495,0.080128205
2025-11-10,159232.SZ,南方中证全指自由现金流ETF,20250430,中证全指自由现金流指数,中证全指自由现金流指数收益率,南方基金管理股份有限公司,国信证券股份有限公司,股票型ETF,策略指数ETF,932365.CSI,991526063.9824,126606500,159921652.8,1.2371348243033,1.2333651811513,0.047378395
2025-11-11,159232.SZ,南方中证全指自由现金流ETF,20250430,中证全指自由现金流指数,中证全指自由现金流指数收益率,南方基金管理股份有限公司,国信证券股份有限公司,股票型ETF,策略指数ETF,932365.CSI,1043278310.8656,95277702,120256713.52,1.2332291105723,1.2324192528369,0.110970197
2025-11-12,159232.SZ,南方中证全指自由现金流ETF,20250430,中证全指自由现金流指数,中证全指自由现金流指数收益率,南方基金管理股份有限公司,国信证券股份有限公司,股票型ETF,策略指数ETF,932365.CSI,1066135837.6728,87200706,110818116.23,1.2420169664671,1.240883984948,0.094428706
2025-11-13,159232.SZ,南方中证全指自由现金流ETF,20250430,中证全指自由现金流指数,中证全指自由现金流指数收益率,南方基金管理股份有限公司,国信证券股份有限公司,股票型ETF,策略指数ETF,932365.CSI,1098093892.4724,97735902,124754908.25,1.2508048223619,1.2463612352123,-0.031215858
2025-11-14,159232.SZ,南方中证全指自由现金流ETF,20250430,中证全指自由现金流指数,中证全指自由现金流指数收益率,南方基金管理股份有限公司,国信证券股份有限公司,股票型ETF,策略指数ETF,932365.CSI,1103303994.2502,85012706,108583385.56,1.2410405380343,1.2471536311974,0.10238639
2025-11-17,159232.SZ,南方中证全指自由现金流ETF,20250430,中证全指自由现金流指数,中证全指自由现金流指数收益率,南方基金管理股份有限公司,国信证券股份有限公司,股票型ETF,策略指数ETF,932365.CSI,1099285378.3224,82352912,103645046.68,1.2273705399757,1.2288815056448,0.047755492
2025-11-18,159232.SZ,南方中证全指自由现金流ETF,20250430,中证全指自由现金流指数,中证全指自由现金流指数收益率,南方基金管理股份有限公司,国信证券股份有限公司,股票型ETF,策略指数ETF,932365.CSI,1074454901.859,94679702,117533989.37,1.2068655428878,1.2121238936329,-0.040436717
2025-11-19,159232.SZ,南方中证全指自由现金流ETF,20250430,中证全指自由现金流指数,中证全指自由现金流指数收益率,南方基金管理股份有限公司,国信证券股份有限公司,股票型ETF,策略指数ETF,932365.CSI,1060707387.519,114391593,142069703.09,1.2176062556482,1.2126843755943,0.040112314
2025-11-20,159232.SZ,南方中证全指自由现金流ETF,20250430,中证全指自由现金流指数,中证全指自由现金流指数收益率,南方基金管理股份有限公司,国信证券股份有限公司,股票型ETF,策略指数ETF,932365.CSI,1066629178.4174,95838078,119561202.98,1.2107712566189,1.2181270793465,0.088788441
2025-11-21,159232.SZ,南方中证全指自由现金流ETF,20250430,中证全指自由现金流指数,中证全指自由现金流指数收益率,南方基金管理股份有限公司,国信证券股份有限公司,股票型ETF,策略指数ETF,932365.CSI,1055598717.9768,100252051,122532083.72,1.1873369742327,1.1934300523107,0.098781692
2025-11-24,159232.SZ,南方中证全指自由现金流ETF,20250430,中证全指自由现金流指数,中证全指自由现金流指数收益率,南方基金管理股份有限公司,国信证券股份有限公司,股票型ETF,策略指数ETF,932365.CSI,1057375342.011,90221697,109280779.05,1.1805019752034,1.1826962179427,0.041373604
2025-11-25,159232.SZ,南方中证全指自由现金流ETF,20250430,中证全指自由现金流指数,中证全指自由现金流指数收益率,南方基金管理股份有限公司,国信证券股份有限公司,股票型ETF,策略指数ETF,932365.CSI,1088078466.5428,90939610,110513394.23,1.1883134026654,1.1865942720303,0.098700444
2025-11-26,159232.SZ,南方中证全指自由现金流ETF,20250430,中证全指自由现金流指数,中证全指自由现金流指数收益率,南方基金管理股份有限公司,国信证券股份有限公司,股票型ETF,策略指数ETF,932365.CSI,1088973415.1088,71071730,86501335.27,1.1883134026654,1.1884101207201,0.016436555
2025-11-27,159232.SZ,南方中证全指自由现金流ETF,20250430,中证全指自由现金流指数,中证全指自由现金流指数收益率,南方基金管理股份有限公司,国信证券股份有限公司,股票型ETF,策略指数ETF,932365.CSI,1094559773.9616,71254700,86918325.5,1.1892898310982,1.1910726498861,0.032851511
2025-11-28,159232.SZ,南方中证全指自由现金流ETF,20250430,中证全指自由现金流指数,中证全指自由现金流指数收益率,南方基金管理股份有限公司,国信证券股份有限公司,股票型ETF,策略指数ETF,932365.CSI,1097166724.803,64404405,78399921.4,1.1912426879637,1.1886129897619,-0.040966817
2025-12-01,159232.SZ,南方中证全指自由现金流ETF,20250430,中证全指自由现金流指数,中证全指自由现金流指数收益率,南方基金管理股份有限公司,国信证券股份有限公司,股票型ETF,策略指数ETF,932365.CSI,1114696221.84,69493802,85844771.67,1.2097948281861,1.206169089182,-0.080645161
2025-12-02,159232.SZ,南方中证全指自由现金流ETF,20250430,中证全指自由现金流指数,中证全指自由现金流指数收益率,南方基金管理股份有限公司,国信证券股份有限公司,股票型ETF,策略指数ETF,932365.CSI,1120507314.4212,87926100,108866529.4,1.2097948281861,1.2089740666509,0.064609918
2025-12-03,159232.SZ,南方中证全指自由现金流ETF,20250430,中证全指自由现金流指数,中证全指自由现金流指数收益率,南方基金管理股份有限公司,国信证券股份有限公司,股票型ETF,策略指数ETF,932365.CSI,1135406292.6624,72275307,90064738.21,1.2195591125137,1.2167609495878,0.20860077
2025-12-04,159232.SZ,南方中证全指自由现金流ETF,20250430,中证全指自由现金流指数,中证全指自由现金流指数收益率,南方基金管理股份有限公司,国信证券股份有限公司,股票型ETF,策略指数ETF,932365.CSI,1156726754.3832,85125523,106389504.34,1.2156533987826,1.2203359618068,-0.016061677
2025-12-05,159232.SZ,南方中证全指自由现金流ETF,20250430,中证全指自由现金流指数,中证全指自由现金流指数收益率,南方基金管理股份有限公司,国信证券股份有限公司,股票型ETF,策略指数ETF,932365.CSI,1182042349.7374,85241990,106884056.4,1.2312762537068,1.2243335904919,0.166812296
2025-12-08,159232.SZ,南方中证全指自由现金流ETF,20250430,中证全指自由现金流指数,中证全指自由现金流指数收益率,南方基金管理股份有限公司,国信证券股份有限公司,股票型ETF,策略指数ETF,932365.CSI,1218520784.0584,98614502,123439358.51,1.2234648262447,1.2222309794807,0.047908017
2025-12-09,159232.SZ,南方中证全指自由现金流ETF,20250430,中证全指自由现金流指数,中证全指自由现金流指数收益率,南方基金管理股份有限公司,国信证券股份有限公司,股票型ETF,策略指数ETF,932365.CSI,1222791787.614,98746908,122063487.67,1.201983400724,1.2069872604263,0.16273393
2025-12-10,159232.SZ,南方中证全指自由现金流ETF,20250430,中证全指自由现金流指数,中证全指自由现金流指数收益率,南方基金管理股份有限公司,国信证券股份有限公司,股票型ETF,策略指数ETF,932365.CSI,1274968415.0138,106339410,130961623.63,1.2058891144551,1.202514222266,0.056712307
2025-12-11,159232.SZ,南方中证全指自由现金流ETF,20250430,中证全指自由现金流指数,中证全指自由现金流指数收益率,南方基金管理股份有限公司,国信证券股份有限公司,股票型ETF,策略指数ETF,932365.CSI,1290809647.0594,90502730,111742306.28,1.1971012585603,1.2055809254997,0.008157272
2025-12-12,159232.SZ,南方中证全指自由现金流ETF,20250430,中证全指自由现金流指数,中证全指自由现金流指数收益率,南方基金管理股份有限公司,国信证券股份有限公司,股票型ETF,策略指数ETF,932365.CSI,1341294530.444,113849001,140428275.73,1.2039362575896,1.2043861604533,-0.081037277
2025-12-15,159232.SZ,南方中证全指自由现金流ETF,20250430,中证全指自由现金流指数,中证全指自由现金流指数收益率,南方基金管理股份有限公司,国信证券股份有限公司,股票型ETF,策略指数ETF,932365.CSI,1348479940.7308,82155901,101673787.64,1.2068655428878,1.2083998338453,0.178310909
2025-12-16,159232.SZ,南方中证全指自由现金流ETF,20250430,中证全指自由现金流指数,中证全指自由现金流指数收益率,南方基金管理股份有限公司,国信证券股份有限公司,股票型ETF,策略指数ETF,932365.CSI,1392820201.3614,121732496,149215128.5,1.1961248301275,1.1968693557792,0.171722954
2025-12-17,159232.SZ,南方中证全指自由现金流ETF,20250430,中证全指自由现金流指数,中证全指自由现金流指数收益率,南方基金管理股份有限公司,国信证券股份有限公司,股票型ETF,策略指数ETF,932365.CSI,1446223165.8552,112444516,138321479.58,1.2088183997533,1.2011348381183,0.06466214
2025-12-18,159232.SZ,南方中证全指自由现金流ETF,20250430,中证全指自由现金流指数,中证全指自由现金流指数收益率,南方基金管理股份有限公司,国信证券股份有限公司,股票型ETF,策略指数ETF,932365.CSI,1500296081.2854,98196939,121568070.4,1.2078419713206,1.208820984267,0.008084728
2025-12-19,159232.SZ,南方中证全指自由现金流ETF,20250430,中证全指自由现金流指数,中证全指自由现金流指数收益率,南方基金管理股份有限公司,国信证券股份有限公司,股票型ETF,策略指数ETF,932365.CSI,1526285913.236,90469119,112515625.8,1.2195591125137,1.2143752185824,0.240770465
2025-12-22,159232.SZ,南方中证全指自由现金流ETF,20250430,中证全指自由现金流指数,中证全指自由现金流指数收益率,南方基金管理股份有限公司,国信证券股份有限公司,股票型ETF,策略指数ETF,932365.CSI,1555693030.9416,92147101,115118817.94,1.2195591125137,1.2198461564408,0.112215454
2025-12-23,159232.SZ,南方中证全指自由现金流ETF,20250430,中证全指自由现金流指数,中证全指自由现金流指数收益率,南方基金管理股份有限公司,国信证券股份有限公司,股票型ETF,策略指数ETF,932365.CSI,1576758387.519,92248322,115171160.54,1.2195591125137,1.2190616950723,0.200561572
2025-12-24,159232.SZ,南方中证全指自由现金流ETF,20250430,中证全指自由现金流指数,中证全指自由现金流指数收益率,南方基金管理股份有限公司,国信证券股份有限公司,股票型ETF,策略指数ETF,932365.CSI,1601441897.2132,79548600,99217797.8,1.2205355409464,1.2178602616195,-0.01599744
2025-12-25,159232.SZ,南方中证全指自由现金流ETF,20250430,中证全指自由现金流指数,中证全指自由现金流指数收益率,南方基金管理股份有限公司,国信证券股份有限公司,股票型ETF,策略指数ETF,932365.CSI,1662088569.2208,104434715,130449360.02,1.2195591125137,1.2196563581229,0.016015375
2025-12-26,159232.SZ,南方中证全指自由现金流ETF,20250430,中证全指自由现金流指数,中证全指自由现金流指数收益率,南方基金管理股份有限公司,国信证券股份有限公司,股票型ETF,策略指数ETF,932365.CSI,1707312685.7412,130445405,163981369.18,1.230299825274,1.22745658469,0.143061516
2025-12-29,159232.SZ,南方中证全指自由现金流ETF,20250430,中证全指自由现金流指数,中证全指自由现金流指数收益率,南方基金管理股份有限公司,国信证券股份有限公司,股票型ETF,策略指数ETF,932365.CSI,1743255652.6054,103009203,130039733.27,1.2283469684085,1.2326519306531,0.087516907
2025-12-30,159232.SZ,南方中证全指自由现金流ETF,20250430,中证全指自由现金流指数,中证全指自由现金流指数收益率,南方基金管理股份有限公司,国信证券股份有限公司,股票型ETF,策略指数ETF,932365.CSI,1812966525.7032,106827704,134900037.86,1.234205539005,1.2330156655479,-0.094846665
2025-12-31,159232.SZ,南方中证全指自由现金流ETF,20250430,中证全指自由现金流指数,中证全指自由现金流指数收益率,南方基金管理股份有限公司,国信证券股份有限公司,股票型ETF,策略指数ETF,932365.CSI,1812823230.8466,62303137,78867004.91,1.2361583958705,1.2360210048576,0.071140621
2026-01-05,159232.SZ,南方中证全指自由现金流ETF,20250430,中证全指自由现金流指数,中证全指自由现金流指数收益率,南方基金管理股份有限公司,国信证券股份有限公司,股票型ETF,策略指数ETF,932365.CSI,1836152050.235,92005018,116943221.65,1.2429933948998,1.2410919438903,0.039292731
2026-01-06,159232.SZ,南方中证全指自由现金流ETF,20250430,中证全指自由现金流指数,中证全指自由现金流指数收益率,南方基金管理股份有限公司,国信证券股份有限公司,股票型ETF,策略指数ETF,932365.CSI,1936294902.6642,122206102,157704276.59,1.2683805341515,1.2600593350885,0.023100023
2026-01-07,159232.SZ,南方中证全指自由现金流ETF,20250430,中证全指自由现金流指数,中证全指自由现金流指数收益率,南方基金管理股份有限公司,国信证券股份有限公司,股票型ETF,策略指数ETF,932365.CSI,2002702940.4458,132580198,170996939.03,1.2566633929584,1.259360565922,0.054419653
2026-01-08,159232.SZ,南方中证全指自由现金流ETF,20250430,中证全指自由现金流指数,中证全指自由现金流指数收益率,南方基金管理股份有限公司,国信证券股份有限公司,股票型ETF,策略指数ETF,932365.CSI,2017666607.9026,125348218,160735674.04,1.2498283939291,1.2520870643015,-0.085863711
2026-01-09,159232.SZ,南方中证全指自由现金流ETF,20250430,中证全指自由现金流指数,中证全指自由现金流指数收益率,南方基金管理股份有限公司,国信证券股份有限公司,股票型ETF,策略指数ETF,932365.CSI,2074901753.008,127587202,164119235.38,1.2576398213912,1.2560091080875,0
2026-01-12,159232.SZ,南方中证全指自由现金流ETF,20250430,中证全指自由现金流指数,中证全指自由现金流指数收益率,南方基金管理股份有限公司,国信证券股份有限公司,股票型ETF,策略指数ETF,932365.CSI,2089576914.1362,96804804,124700466.65,1.262521963555,1.2577999870249,0.178197877
2026-01-13,159232.SZ,南方中证全指自由现金流ETF,20250430,中证全指自由现金流指数,中证全指自由现金流指数收益率,南方基金管理股份有限公司,国信证券股份有限公司,股票型ETF,策略指数ETF,932365.CSI,2108370764.385,80580200,104810218.8,1.2674041057188,1.2700350418566,0.038535645
2026-01-14,159232.SZ,南方中证全指自由现金流ETF,20250430,中证全指自由现金流指数,中证全指自由现金流指数收益率,南方基金管理股份有限公司,国信证券股份有限公司,股票型ETF,策略指数ETF,932365.CSI,2087467151.8228,99485006,129861059.46,1.2654512488533,1.2745642369938,0.015434481
2026-01-15,159232.SZ,南方中证全指自由现金流ETF,20250430,中证全指自由现金流指数,中证全指自由现金流指数收益率,南方基金管理股份有限公司,国信证券股份有限公司,股票型ETF,策略指数ETF,932365.CSI,2067755851.2302,99912000,129999146.1,1.270333391017,1.2704666355011,0.100023082
2026-01-16,159232.SZ,南方中证全指自由现金流ETF,20250430,中证全指自由现金流指数,中证全指自由现金流指数收益率,南方基金管理股份有限公司,国信证券股份有限公司,股票型ETF,策略指数ETF,932365.CSI,2068124239.8532,71726700,93303803.9,1.2615455351222,1.2701614184447,0.139513254
2026-01-19,159232.SZ,南方中证全指自由现金流ETF,20250430,中证全指自由现金流指数,中证全指自由现金流指数收益率,南方基金管理股份有限公司,国信证券股份有限公司,股票型ETF,策略指数ETF,932365.CSI,2120498831.7468,91404735,119319971.74,1.2810741037774,1.2746321402574,0.167964575
2026-01-20,159232.SZ,南方中证全指自由现金流ETF,20250430,中证全指自由现金流指数,中证全指自由现金流指数收益率,南方基金管理股份有限公司,国信证券股份有限公司,股票型ETF,策略指数ETF,932365.CSI,2137832098.0184,90946501,118793143.71,1.2958330220237,1.2851938791538,0.350502895
2026-01-21,159232.SZ,南方中证全指自由现金流ETF,20250430,中证全指自由现金流指数,中证全指自由现金流指数收益率,南方基金管理股份有限公司,国信证券股份有限公司,股票型ETF,策略指数ETF,932365.CSI,2385659017.9994,266844282,351209613.42,1.2978008777898,1.2950059445217,0.235580211
2026-01-22,159232.SZ,南方中证全指自由现金流ETF,20250430,中证全指自由现金流指数,中证全指自由现金流指数收益率,南方基金管理股份有限公司,国信证券股份有限公司,股票型ETF,策略指数ETF,932365.CSI,2469427275.0744,88425400,117462243.8,1.3105919402699,1.3070269049912,0.27100271
2026-01-23,159232.SZ,南方中证全指自由现金流ETF,20250430,中证全指自由现金流指数,中证全指自由现金流指数收益率,南方基金管理股份有限公司,国信证券股份有限公司,股票型ETF,策略指数ETF,932365.CSI,2498700681.9006,69766500,93163057.66,1.3135437239192,1.3138932023991,0.06746121
2026-01-26,159232.SZ,南方中证全指自由现金流ETF,20250430,中证全指自由现金流指数,中证全指自由现金流指数收益率,南方基金管理股份有限公司,国信证券股份有限公司,股票型ETF,策略指数ETF,932365.CSI,2552116728.6888,81681184,110019530.16,1.3292865700486,1.3252903313497,0.311850312
2026-01-27,159232.SZ,南方中证全指自由现金流ETF,20250430,中证全指自由现金流指数,中证全指自由现金流指数收益率,南方基金管理股份有限公司,国信证券股份有限公司,股票型ETF,策略指数ETF,932365.CSI,2542882024.7306,68958012,92498345.57,1.3184633633346,1.3198132995134,0.06720932
2026-01-28,159232.SZ,南方中证全指自由现金流ETF,20250430,中证全指自由现金流指数,中证全指自由现金流指数收益率,南方基金管理股份有限公司,国信证券股份有限公司,股票型ETF,策略指数ETF,932365.CSI,2641537638.288,104659301,142197787.46,1.3499490555934,1.3368364460505,0.292397661
2026-01-29,159232.SZ,南方中证全指自由现金流ETF,20250430,中证全指自由现金流指数,中证全指自由现金流指数收益率,南方基金管理股份有限公司,国信证券股份有限公司,股票型ETF,策略指数ETF,932365.CSI,2683439222.1702,61080803,84092193.55,1.3715954690212,1.3546097942372,0.309419299
2026-01-30,159232.SZ,南方中证全指自由现金流ETF,20250430,中证全指自由现金流指数,中证全指自由现金流指数收益率,南方基金管理股份有限公司,国信证券股份有限公司,股票型ETF,策略指数ETF,932365.CSI,2717888437.1978,134168702,182562383.42,1.3381419209963,1.3388235614703,0.125156446
2026-02-02,159232.SZ,南方中证全指自由现金流ETF,20250430,中证全指自由现金流指数,中证全指自由现金流指数收益率,南方基金管理股份有限公司,国信证券股份有限公司,股票型ETF,策略指数ETF,932365.CSI,2678481994.0602,121663201,160759693.01,1.277138392245,1.3001132892173,-0.513528014
2026-02-03,159232.SZ,南方中证全指自由现金流ETF,20250430,中证全指自由现金流指数,中证全指自由现金流指数收益率,南方基金管理股份有限公司,国信证券股份有限公司,股票型ETF,策略指数ETF,932365.CSI,2769670470.5236,109066880,142993822.02,1.3076401566207,1.2899938881029,0.332175751
2026-02-04,159232.SZ,南方中证全指自由现金流ETF,20250430,中证全指自由现金流指数,中证全指自由现金流指数收益率,南方基金管理股份有限公司,国信证券股份有限公司,股票型ETF,策略指数ETF,932365.CSI,2864999718.402,102474649,137159578.51,1.3263347863993,1.316961170838,0.07423905
2026-02-05,159232.SZ,南方中证全指自由现金流ETF,20250430,中证全指自由现金流指数,中证全指自由现金流指数收益率,南方基金管理股份有限公司,国信证券股份有限公司,股票型ETF,策略指数ETF,932365.CSI,2886808879.6252,94235917,125716959.24,1.3125597960361,1.3126250108328,0.135114848
2026-02-06,159232.SZ,南方中证全指自由现金流ETF,20250430,中证全指自由现金流指数,中证全指自由现金流指数收益率,南方基金管理股份有限公司,国信证券股份有限公司,股票型ETF,策略指数ETF,932365.CSI,2889804297.9234,86241401,114732575.63,1.3066562287376,1.3089836082391,-0.142867885
2026-02-09,159232.SZ,南方中证全指自由现金流ETF,20250430,中证全指自由现金流指数,中证全指自由现金流指数收益率,南方基金管理股份有限公司,国信证券股份有限公司,股票型ETF,策略指数ETF,932365.CSI,2909778534.4248,75692600,101353349.6,1.322399074867,1.3174918910905,0.089365505
2026-02-10,159232.SZ,南方中证全指自由现金流ETF,20250430,中证全指自由现金流指数,中证全指自由现金流指数收益率,南方基金管理股份有限公司,国信证券股份有限公司,股票型ETF,策略指数ETF,932365.CSI,2924215837.2928,91200019,122272052.9,1.3214151469839,1.3191541349396,0.164081146
2026-02-11,159232.SZ,南方中证全指自由现金流ETF,20250430,中证全指自由现金流指数,中证全指自由现金流指数收益率,南方基金管理股份有限公司,国信证券股份有限公司,股票型ETF,策略指数ETF,932365.CSI,3052291302.3792,134309400,180947680.3,1.3292865700486,1.3255920138636,-0.014801658
2026-02-12,159232.SZ,南方中证全指自由现金流ETF,20250430,中证全指自由现金流指数,中证全指自由现金流指数收益率,南方基金管理股份有限公司,国信证券股份有限公司,股票型ETF,策略指数ETF,932365.CSI,3103749520.6774,117170700,158234602.4,1.3273187142824,1.3287574228908,0.007413448
2026-02-13,159232.SZ,南方中证全指自由现金流ETF,20250430,中证全指自由现金流指数,中证全指自由现金流指数收益率,南方基金管理股份有限公司,国信证券股份有限公司,股票型ETF,策略指数ETF,932365.CSI,3085766493.3726,91815901,122622492.54,1.3056723008545,1.3140609435783,0.067868185
2026-02-24,159232.SZ,南方中证全指自由现金流ETF,20250430,中证全指自由现金流指数,中证全指自由现金流指数收益率,南方基金管理股份有限公司,国信证券股份有限公司,股票型ETF,策略指数ETF,932365.CSI,3166875780.0278,57363441,77924764.47,1.3420776325287,1.3366065077042,0.051345999
2026-02-25,159232.SZ,南方中证全指自由现金流ETF,20250430,中证全指自由现金流指数,中证全指自由现金流指数收益率,南方基金管理股份有限公司,国信证券股份有限公司,股票型ETF,策略指数ETF,932365.CSI,3240332888.5368,117721501,162837058.18,1.3519169113595,1.3610081470412,-0.058190282
2026-02-26,159232.SZ,南方中证全指自由现金流ETF,20250430,中证全指自由现金流指数,中证全指自由现金流指数收益率,南方基金管理股份有限公司,国信证券股份有限公司,股票型ETF,策略指数ETF,932365.CSI,3228864698.8236,102738513,141144612.9,1.3529008392426,1.3517435295138,0.029099374
2026-02-27,159232.SZ,南方中证全指自由现金流ETF,20250430,中证全指自由现金流指数,中证全指自由现金流指数收益率,南方基金管理股份有限公司,国信证券股份有限公司,股票型ETF,策略指数ETF,932365.CSI,3248263891.9024,120783200,166911668.1,1.3656919017227,1.3597010532583,0.115406809
2026-03-02,159232.SZ,南方中证全指自由现金流ETF,20250430,中证全指自由现金流指数,中证全指自由现金流指数收益率,南方基金管理股份有限公司,国信证券股份有限公司,股票型ETF,策略指数ETF,932365.CSI,3317889849.475,96888001,135747518.11,1.3971775939815,1.3785584050608,0.530973451
2026-03-03,159232.SZ,南方中证全指自由现金流ETF,20250430,中证全指自由现金流指数,中证全指自由现金流指数收益率,南方基金管理股份有限公司,国信证券股份有限公司,股票型ETF,策略指数ETF,932365.CSI,3340666529.494,189070534,268334215.01,1.3893061709168,1.3964181014806,0.212916962
2026-03-04,159232.SZ,南方中证全指自由现金流ETF,20250430,中证全指自由现金流指数,中证全指自由现金流指数收益率,南方基金管理股份有限公司,国信证券股份有限公司,股票型ETF,策略指数ETF,932365.CSI,3349411987.8492,148421017,207188003.91,1.3745472526705,1.3735120416799,0.057298381
2026-03-05,159232.SZ,南方中证全指自由现金流ETF,20250430,中证全指自由现金流指数,中证全指自由现金流指数收益率,南方基金管理股份有限公司,国信证券股份有限公司,股票型ETF,策略指数ETF,932365.CSI,3409620040.3734,123103703,172972068.84,1.3843865315013,1.3825095214777,0.149476831
2026-03-06,159232.SZ,南方中证全指自由现金流ETF,20250430,中证全指自由现金流指数,中证全指自由现金流指数收益率,南方基金管理股份有限公司,国信证券股份有限公司,股票型ETF,策略指数ETF,932365.CSI,3537417208.3278,148657351,209081758.52,1.392257954566,1.3838627600218,0.120285856
2026-03-09,159232.SZ,南方中证全指自由现金流ETF,20250430,中证全指自由现金流指数,中证全指自由现金流指数收益率,南方基金管理股份有限公司,国信证券股份有限公司,股票型ETF,策略指数ETF,932365.CSI,3550006332.8596,135533238,192628995.71,1.3952097382153,1.3984247906025,-0.183021259
2026-03-10,159232.SZ,南方中证全指自由现金流ETF,20250430,中证全指自由现金流指数,中证全指自由现金流指数收益率,南方基金管理股份有限公司,国信证券股份有限公司,股票型ETF,策略指数ETF,932365.CSI,3561187457.4864,125839500,177280227.8,1.3883222430337,1.386138368733,0.042541123
2026-03-11,159232.SZ,南方中证全指自由现金流ETF,20250430,中证全指自由现金流指数,中证全指自由现金流指数收益率,南方基金管理股份有限公司,国信证券股份有限公司,股票型ETF,策略指数ETF,932365.CSI,3682738552.248,133663700,189882181.2,1.4070168728123,1.3977644834295,0.140056022
2026-03-12,159232.SZ,南方中证全指自由现金流ETF,20250430,中证全指自由现金流指数,中证全指自由现金流指数收益率,南方基金管理股份有限公司,国信证券股份有限公司,股票型ETF,策略指数ETF,932365.CSI,3779400945.3268,131226208,188539184.65,1.4178400795263,1.4136578634608,0.083344909
2026-03-13,159232.SZ,南方中证全指自由现金流ETF,20250430,中证全指自由现金流指数,中证全指自由现金流指数收益率,南方基金管理股份有限公司,国信证券股份有限公司,股票型ETF,策略指数ETF,932365.CSI,3833396911.1008,165896501,238231250.74,1.40308116128,1.4129434244392,-0.195968645
2026-03-16,159232.SZ,南方中证全指自由现金流ETF,20250430,中证全指自由现金流指数,中证全指自由现金流指数收益率,南方基金管理股份有限公司,国信证券股份有限公司,股票型ETF,策略指数ETF,932365.CSI,3827970426.626,159241900,225443744.8,1.3893061709168,1.3929775177007,0.070871722
2026-03-17,159232.SZ,南方中证全指自由现金流ETF,20250430,中证全指自由现金流指数,中证全指自由现金流指数收益率,南方基金管理股份有限公司,国信证券股份有限公司,股票型ETF,策略指数ETF,932365.CSI,3869822012.9736,148187600,208979962,1.3784829642028,1.3875736675535,0.10002858
2026-03-18,159232.SZ,南方中证全指自由现金流ETF,20250430,中证全指自由现金流指数,中证全指自由现金流指数收益率,南方基金管理股份有限公司,国信证券股份有限公司,股票型ETF,策略指数ETF,932365.CSI,3892497770.7362,170169400,235986858.6,1.3706115411382,1.3644876823818,0.165384339
2026-03-19,159232.SZ,南方中证全指自由现金流ETF,20250430,中证全指自由现金流指数,中证全指自由现金流指数收益率,南方基金管理股份有限公司,国信证券股份有限公司,股票型ETF,策略指数ETF,932365.CSI,3976351601.6916,234710376,323089076.65,1.3509329834764,1.3544196752354,0.029141775
2026-03-20,159232.SZ,南方中证全指自由现金流ETF,20250430,中证全指自由现金流指数,中证全指自由现金流指数收益率,南方基金管理股份有限公司,国信证券股份有限公司,股票型ETF,策略指数ETF,932365.CSI,4024048957.1788,211819219,289998276.54,1.3391258488794,1.3470797960711,-0.058745778
2026-03-23,159232.SZ,南方中证全指自由现金流ETF,20250430,中证全指自由现金流指数,中证全指自由现金流指数收益率,南方基金管理股份有限公司,国信证券股份有限公司,股票型ETF,策略指数ETF,932365.CSI,3766600989.4144,246142913,327569375.39,1.2987848056729,1.3094207676462,0.121359223
2026-03-24,159232.SZ,南方中证全指自由现金流ETF,20250430,中证全指自由现金流指数,中证全指自由现金流指数收益率,南方基金管理股份有限公司,国信证券股份有限公司,股票型ETF,策略指数ETF,932365.CSI,3934745779.0326,236503600,313632077.78,1.3155115796854,1.3048061270856,0.067360228
2026-03-25,159232.SZ,南方中证全指自由现金流ETF,20250430,中证全指自由现金流指数,中证全指自由现金流指数收益率,南方基金管理股份有限公司,国信证券股份有限公司,股票型ETF,策略指数ETF,932365.CSI,4016530097.8284,170409526,228931144.29,1.3292865700486,1.3218259651377,0.267181238
2026-03-26,159232.SZ,南方中证全指自由现金流ETF,20250430,中证全指自由现金流指数,中证全指自由现金流指数收益率,南方基金管理股份有限公司,国信证券股份有限公司,股票型ETF,策略指数ETF,932365.CSI,4028649181.308,154388402,207598495.18,1.3164955075684,1.3230394592348,0
2026-03-27,159232.SZ,南方中证全指自由现金流ETF,20250430,中证全指自由现金流指数,中证全指自由现金流指数收益率,南方基金管理股份有限公司,国信证券股份有限公司,股票型ETF,策略指数ETF,932365.CSI,4059550682.9908,166561800,223415853,1.3243669306331,1.3197809299013,0.163714839
2026-03-30,159232.SZ,南方中证全指自由现金流ETF,20250430,中证全指自由现金流指数,中证全指自由现金流指数收益率,南方基金管理股份有限公司,国信证券股份有限公司,股票型ETF,策略指数ETF,932365.CSI,4078141295.553,147243301,197357572.04,1.3243669306331,1.3188078286035,0.037160907
2026-03-31,159232.SZ,南方中证全指自由现金流ETF,20250430,中证全指自由现金流指数,中证全指自由现金流指数收益率,南方基金管理股份有限公司,国信证券股份有限公司,股票型ETF,策略指数ETF,932365.CSI,4049398964.195,152348034,204654204.82,1.3125597960361,1.321743203546,0.112570356
2026-04-01,159232.SZ,南方中证全指自由现金流ETF,20250430,中证全指自由现金流指数,中证全指自由现金流指数收益率,南方基金管理股份有限公司,国信证券股份有限公司,股票型ETF,策略指数ETF,932365.CSI,4098991078.44,174039301,233411418.74,1.3184633633346,1.319587023214,0
2026-04-02,159232.SZ,南方中证全指自由现金流ETF,20250430,中证全指自由现金流指数,中证全指自由现金流指数收益率,南方基金管理股份有限公司,国信证券股份有限公司,股票型ETF,策略指数ETF,932365.CSI,4082472756.1836,169624348,226749342.05,1.3135437239192,1.3152887704205,0.029971527
2026-04-03,159232.SZ,南方中证全指自由现金流ETF,20250430,中证全指自由现金流指数,中证全指自由现金流指数收益率,南方基金管理股份有限公司,国信证券股份有限公司,股票型ETF,策略指数ETF,932365.CSI,4038921632.837,174044500,230210453.1,1.2978008777898,1.3014515470632,-0.037893141
2026-04-07,159232.SZ,南方中证全指自由现金流ETF,20250430,中证全指自由现金流指数,中证全指自由现金流指数收益率,南方基金管理股份有限公司,国信证券股份有限公司,股票型ETF,策略指数ETF,932365.CSI,4046279375.667,152817100,201928214.7,1.3027205172052,1.3001346107537,-0.037750094
2026-04-08,159232.SZ,南方中证全指自由现金流ETF,20250430,中证全指自由现金流指数,中证全指自由现金流指数收益率,南方基金管理股份有限公司,国信证券股份有限公司,股票型ETF,策略指数ETF,932365.CSI,4125965905.8398,171162000,229214063.6,1.3273187142824,1.3176412309472,0.275031591
2026-04-09,159232.SZ,南方中证全指自由现金流ETF,20250430,中证全指自由现金流指数,中证全指自由现金流指数收益率,南方基金管理股份有限公司,国信证券股份有限公司,股票型ETF,策略指数ETF,932365.CSI,4187118583.5834,213359200,285712361.9,1.3194472912177,1.3175919267397,0.082095679
2026-04-10,159232.SZ,南方中证全指自由现金流ETF,20250430,中证全指自由现金流指数,中证全指自由现金流指数收益率,南方基金管理股份有限公司,国信证券股份有限公司,股票型ETF,策略指数ETF,932365.CSI,4207743244.119,126158493,170250564.36,1.3263347863993,1.3278081673412,0.111399926
2026-04-13,159232.SZ,南方中证全指自由现金流ETF,20250430,中证全指自由现金流指数,中证全指自由现金流指数收益率,南方基金管理股份有限公司,国信证券股份有限公司,股票型ETF,策略指数ETF,932365.CSI,4208041460.1418,155977003,208852525.13,1.322399074867,1.3174751339993,0.12664829
2026-04-14,159232.SZ,南方中证全指自由现金流ETF,20250430,中证全指自由现金流指数,中证全指自由现金流指数收益率,南方基金管理股份有限公司,国信证券股份有限公司,股票型ETF,策略指数ETF,932365.CSI,4232816662.4172,160916700,215623561,1.3263347863993,1.3184339097067,0.282696027
2026-04-15,159232.SZ,南方中证全指自由现金流ETF,20250430,中证全指自由现金流指数,中证全指自由现金流指数收益率,南方基金管理股份有限公司,国信证券股份有限公司,股票型ETF,策略指数ETF,932365.CSI,4150710939.0706,200149608,266241968.96,1.3174132519616,1.3186174518613,-0.007523888
2026-04-16,159232.SZ,南方中证全指自由现金流ETF,20250430,中证全指自由现金流指数,中证全指自由现金流指数收益率,南方基金管理股份有限公司,国信证券股份有限公司,股票型ETF,策略指数ETF,932365.CSI,4176319117.3118,169493802,225881183.17,1.3243522231909,1.321062239243,-0.097210798
2026-04-17,159232.SZ,南方中证全指自由现金流ETF,20250430,中证全指自由现金流指数,中证全指自由现金流指数收益率,南方基金管理股份有限公司,国信证券股份有限公司,股票型ETF,策略指数ETF,932365.CSI,4144152747.082,148510103,197054317.08,1.3154306887533,1.3153066060873,0
2026-04-20,159232.SZ,南方中证全指自由现金流ETF,20250430,中证全指自由现金流指数,中证全指自由现金流指数收益率,南方基金管理股份有限公司,国信证券股份有限公司,股票型ETF,策略指数ETF,932365.CSI,4196859068.2482,198323618,262702389.35,1.3124568439407,1.3130662326766,0.098283813
2026-04-21,159232.SZ,南方中证全指自由现金流ETF,20250430,中证全指自由现金流指数,中证全指自由现金流指数收益率,南方基金管理股份有限公司,国信证券股份有限公司,股票型ETF,策略指数ETF,932365.CSI,4209139155.0934,147054701,194460922.82,1.3144394071491,1.3108423886719,0.083025134
2026-04-22,159232.SZ,南方中证全指自由现金流ETF,20250430,中证全指自由现金流指数,中证全指自由现金流指数收益率,南方基金管理股份有限公司,国信证券股份有限公司,股票型ETF,策略指数ETF,932365.CSI,4208591035.1124,147176196,194525551.72,1.3104742807323,1.3101955764908,0.045406387
2026-04-23,159232.SZ,南方中证全指自由现金流ETF,20250430,中证全指自由现金流指数,中证全指自由现金流指数收益率,南方基金管理股份有限公司,国信证券股份有限公司,股票型ETF,策略指数ETF,932365.CSI,4245018086.5464,187222300,247115490.7,1.3104742807323,1.308396702957,0.121175401
2026-04-24,159232.SZ,南方中证全指自由现金流ETF,20250430,中证全指自由现金流指数,中证全指自由现金流指数收益率,南方基金管理股份有限公司,国信证券股份有限公司,股票型ETF,策略指数ETF,932365.CSI,4270771131.1542,182252700,239080921.2,1.3035353095031,1.300373158242,0.098957144
2026-04-27,159232.SZ,南方中证全指自由现金流ETF,20250430,中证全指自由现金流指数,中证全指自由现金流指数收益率,南方基金管理股份有限公司,国信证券股份有限公司,股票型ETF,策略指数ETF,932365.CSI,4277327910.5806,169259000,222360576.5,1.3025440278989,1.3022760915543,-0.007609771
2026-04-28,159232.SZ,南方中证全指自由现金流ETF,20250430,中证全指自由现金流指数,中证全指自由现金流指数收益率,南方基金管理股份有限公司,国信证券股份有限公司,股票型ETF,策略指数ETF,932365.CSI,4301126276.2596,160423134,210744740.11,1.3104742807323,1.3022272962811,0.106012419
2026-04-29,159232.SZ,南方中证全指自由现金流ETF,20250430,中证全指自由现金流指数,中证全指自由现金流指数收益率,南方基金管理股份有限公司,国信证券股份有限公司,股票型ETF,策略指数ETF,932365.CSI,4441932554.9984,195640201,261587499.34,1.3322824760244,1.3254273643915,0.119189511
2026-04-30,159232.SZ,南方中证全指自由现金流ETF,20250430,中证全指自由现金流指数,中证全指自由现金流指数收益率,南方基金管理股份有限公司,国信证券股份有限公司,股票型ETF,策略指数ETF,932365.CSI,4515818523.0478,232000200,310414222.7,1.3263347863993,1.3263260490286,0.352508813
2026-05-06,159232.SZ,南方中证全指自由现金流ETF,20250430,中证全指自由现金流指数,中证全指自由现金流指数收益率,南方基金管理股份有限公司,国信证券股份有限公司,股票型ETF,策略指数ETF,932365.CSI,4597845551.6328,219290502,291108000.75,1.31939581517,1.315925693738,0.015028554
2026-05-07,159232.SZ,南方中证全指自由现金流ETF,20250430,中证全指自由现金流指数,中证全指自由现金流指数收益率,南方基金管理股份有限公司,国信证券股份有限公司,股票型ETF,策略指数ETF,932365.CSI,4572211768.8408,158907604,209714312.77,1.308491717524,1.3082189596362,0.090991811
2026-05-08,159232.SZ,南方中证全指自由现金流ETF,20250430,中证全指自由现金流指数,中证全指自由现金流指数收益率,南方基金管理股份有限公司,国信证券股份有限公司,股票型ETF,策略指数ETF,932365.CSI,4563891092.2824,140303500,184492862.1,1.3065091543156,1.3034912194146,0.121543604
2026-05-11,159232.SZ,南方中证全指自由现金流ETF,20250430,中证全指自由现金流指数,中证全指自由现金流指数收益率,南方基金管理股份有限公司,国信证券股份有限公司,股票型ETF,策略指数ETF,932365.CSI,4582481055.686,150070109,198025783.38,1.3114655623365,1.3080507339332,0.151400454
2026-05-12,159232.SZ,南方中证全指自由现金流ETF,20250430,中证全指自由现金流指数,中证全指自由现金流指数收益率,南方基金管理股份有限公司,国信证券股份有限公司,股票型ETF,策略指数ETF,932365.CSI,4554802621.46,153421511,201655279.13,1.3005614646905,1.3029279094268,0.152671756
2026-05-13,159232.SZ,南方中证全指自由现金流ETF,20250430,中证全指自由现金流指数,中证全指自由现金流指数收益率,南方基金管理股份有限公司,国信证券股份有限公司,股票型ETF,策略指数ETF,932365.CSI,4568207362.0146,145571017,190790613.97,1.3005614646905,1.299209346594,-0.083771228
2026-05-14,159232.SZ,南方中证全指自由现金流ETF,20250430,中证全指自由现金流指数,中证全指自由现金流指数收益率,南方基金管理股份有限公司,国信证券股份有限公司,股票型ETF,策略指数ETF,932365.CSI,4520389853.5056,158400504,206983089,1.2906486486486,1.2953148716184,0.030731407
2026-05-15,159232.SZ,南方中证全指自由现金流ETF,20250430,中证全指自由现金流指数,中证全指自由现金流指数收益率,南方基金管理股份有限公司,国信证券股份有限公司,股票型ETF,策略指数ETF,932365.CSI,4434337794.1552,181267313,234204403.42,1.2747881429817,1.2807743044623,-0.093225606
2026-05-18,159232.SZ,南方中证全指自由现金流ETF,20250430,中证全指自由现金流指数,中证全指自由现金流指数收益率,南方基金管理股份有限公司,国信证券股份有限公司,股票型ETF,策略指数ETF,932365.CSI,4257508498.2084,266390738,339367373.31,1.2648753269398,1.2628390789725,-0.10959762
2026-05-19,159232.SZ,南方中证全指自由现金流ETF,20250430,中证全指自由现金流指数,中证全指自由现金流指数收益率,南方基金管理股份有限公司,国信证券股份有限公司,股票型ETF,策略指数ETF,932365.CSI,4107020617.0042,302515715,388104349.08,1.2757794245859,1.2717379054081,-0.131915884
2026-05-20,159232.SZ,南方中证全指自由现金流ETF,20250430,中证全指自由现金流指数,中证全指自由现金流指数收益率,南方基金管理股份有限公司,国信证券股份有限公司,股票型ETF,策略指数ETF,932365.CSI,3988005318.782,216054514,275408876.37,1.265866608544,1.2636058729826,0
2026-05-21,159232.SZ,南方中证全指自由现金流ETF,20250430,中证全指自由现金流指数,中证全指自由现金流指数收益率,南方基金管理股份有限公司,国信证券股份有限公司,股票型ETF,策略指数ETF,932365.CSI,3895201658.3414,188270122,239056705.5,1.2420758500436,1.2586835978105,0.007981483
2026-05-22,159232.SZ,南方中证全指自由现金流ETF,20250430,中证全指自由现金流指数,中证全指自由现金流指数收益率,南方基金管理股份有限公司,国信证券股份有限公司,股票型ETF,策略指数ETF,932365.CSI,3889317938.3604,164711256,205270387.48,1.239102005231,1.2353785887761,0.048023051
2026-05-25,159232.SZ,南方中证全指自由现金流ETF,20250430,中证全指自由现金流指数,中证全指自由现金流指数收益率,南方基金管理股份有限公司,国信证券股份有限公司,股票型ETF,策略指数ETF,932365.CSI,3874969739.5456,185363001,230259490.34,1.2301804707934,1.2313784074041,-0.048324742
2026-05-26,159232.SZ,南方中证全指自由现金流ETF,20250430,中证全指自由现金流指数,中证全指自由现金流指数收益率,南方基金管理股份有限公司,国信证券股份有限公司,股票型ETF,策略指数ETF,932365.CSI,3876423078.915,166469903,206933422.13,1.2400932868352,1.2322305170592,-0.119760479
2026-05-27,159232.SZ,南方中证全指自由现金流ETF,20250430,中证全指自由现金流指数,中证全指自由现金流指数收益率,南方基金管理股份有限公司,国信证券股份有限公司,股票型ETF,策略指数ETF,932365.CSI,3844538155.5684,200507405,248387608.18,1.2262153443766,1.2279948797717,-0.032325845
2026-05-28,159232.SZ,南方中证全指自由现金流ETF,20250430,中证全指自由现金流指数,中证全指自由现金流指数收益率,南方基金管理股份有限公司,国信证券股份有限公司,股票型ETF,策略指数ETF,932365.CSI,3757008269.9084,201456405,247002422.35,1.2163025283348,1.2153942559664,-0.032589213
2026-05-29,159232.SZ,南方中证全指自由现金流ETF,20250430,中证全指自由现金流指数,中证全指自由现金流指数收益率,南方基金管理股份有限公司,国信证券股份有限公司,股票型ETF,策略指数ETF,932365.CSI,3769806530.444,159507004,196709857.95,1.2222502179599,1.2224846474306,-0.081037277
2026-06-01,159232.SZ,南方中证全指自由现金流ETF,20250430,中证全指自由现金流指数,中证全指自由现金流指数收益率,南方基金管理股份有限公司,国信证券股份有限公司,股票型ETF,策略指数ETF,932365.CSI,3764741213.8286,190846905,236327086.51,1.2321630340017,1.2275110954928,0.072457934
2026-06-02,159232.SZ,南方中证全指自由现金流ETF,20250430,中证全指自由现金流指数,中证全指自由现金流指数收益率,南方基金管理股份有限公司,国信证券股份有限公司,股票型ETF,策略指数ETF,932365.CSI,3776689995.5304,145471300,180638389,1.2361281604185,1.2309198585926,0.208936033
2026-06-03,159232.SZ,南方中证全指自由现金流ETF,20250430,中证全指自由现金流指数,中证全指自由现金流指数收益率,南方基金管理股份有限公司,国信证券股份有限公司,股票型ETF,策略指数ETF,932365.CSI,3759470118.972,145561603,180512764.12,1.2301804707934,1.2293007132706,-0.080515298
2026-06-04,159232.SZ,南方中证全指自由现金流ETF,20250430,中证全指自由现金流指数,中证全指自由现金流指数收益率,南方基金管理股份有限公司,国信证券股份有限公司,股票型ETF,策略指数ETF,932365.CSI,3695298809.3728,152387501,186864566.42,1.2103548387097,1.2155551206665,0.0163827
2026-06-05,159232.SZ,南方中证全指自由现金流ETF,20250430,中证全指自由现金流指数,中证全指自由现金流指数收益率,南方基金管理股份有限公司,国信证券股份有限公司,股票型ETF,策略指数ETF,932365.CSI,3727643081.3804,165276907,202939808.69,1.2083722755013,1.2171724578025,-0.032803018
2026-06-08,159232.SZ,南方中证全指自由现金流ETF,20250430,中证全指自由现金流指数,中证全指自由现金流指数收益率,南方基金管理股份有限公司,国信证券股份有限公司,股票型ETF,策略指数ETF,932365.CSI,3632035584.3434,190691310,229423265.39,1.1885466434176,1.1926241555167,-0.075006251
2026-06-09,159232.SZ,南方中证全指自由现金流ETF,20250430,中证全指自由现金流指数,中证全指自由现金流指数收益率,南方基金管理股份有限公司,国信证券股份有限公司,股票型ETF,策略指数ETF,932365.CSI,3585848959.219,170879809,203522760.9,1.1835902353967,1.1806448643273,-0.20894275
2026-06-10,159232.SZ,南方中证全指自由现金流ETF,20250430,中证全指自由现金流指数,中证全指自由现金流指数收益率,南方基金管理股份有限公司,国信证券股份有限公司,股票型ETF,策略指数ETF,932365.CSI,3552095028.9512,152789314,181615990.07,1.1786338273758,1.178306160745,-0.351994636
2026-06-11,159232.SZ,南方中证全指自由现金流ETF,20250430,中证全指自由现金流指数,中证全指自由现金流指数收益率,南方基金管理股份有限公司,国信证券股份有限公司,股票型ETF,策略指数ETF,932365.CSI,3503846121.5324,170163320,201640414.35,1.1786338273758,1.1746505263612,-0.20144368
2026-06-12,159232.SZ,南方中证全指自由现金流ETF,20250430,中证全指自由现金流指数,中证全指自由现金流指数收益率,南方基金管理股份有限公司,国信证券股份有限公司,股票型ETF,策略指数ETF,932365.CSI,3567161867.728,168362419,202567237.73,1.1925117698344,1.1926721982551,-0.413907285
2026-06-15,159232.SZ,南方中证全指自由现金流ETF,20250430,中证全指自由现金流指数,中证全指自由现金流指数收益率,南方基金管理股份有限公司,国信证券股份有限公司,股票型ETF,策略指数ETF,932365.CSI,3553254057.4412,177209794,213709664.38,1.1964768962511,1.1954557034043,-0.099321304
2026-06-16,159232.SZ,南方中证全指自由现金流ETF,20250430,中证全指自由现金流指数,中证全指自由现金流指数收益率,南方基金管理股份有限公司,国信证券股份有限公司,股票型ETF,策略指数ETF,932365.CSI,3451882091.8572,157733330,187919627.19,1.174668700959,1.1809886312469,0.067556156
2026-06-17,159232.SZ,南方中证全指自由现金流ETF,20250430,中证全指自由现金流指数,中证全指自由现金流指数收益率,南方基金管理股份有限公司,国信证券股份有限公司,股票型ETF,策略指数ETF,932365.CSI,3339002421.0348,239547299,282444672.62,1.1667384481255,1.1687971825899,-0.067923247
2026-06-18,159232.SZ,南方中证全指自由现金流ETF,20250430,中证全指自由现金流指数,中证全指自由现金流指数收益率,南方基金管理股份有限公司,国信证券股份有限公司,股票型ETF,策略指数ETF,932365.CSI,3237972040.5182,189603328,220956180.89,1.1578169136879,1.1552001737395,0.02569153
2026-06-22,159232.SZ,南方中证全指自由现金流ETF,20250430,中证全指自由现金流指数,中证全指自由现金流指数收益率,南方基金管理股份有限公司,国信证券股份有限公司,股票型ETF,策略指数ETF,932365.CSI,3027202443.8838,370242853,432463406.61,1.1697122929381,1.1578698035141,0.059357246
2026-06-23,159232.SZ,南方中证全指自由现金流ETF,20250430,中证全指自由现金流指数,中证全指自由现金流指数收益率,南方基金管理股份有限公司,国信证券股份有限公司,股票型ETF,策略指数ETF,932365.CSI,2879106298.8734,201454417,234820955.36,1.1449302528335,1.1554658209627,0.008658758
2026-06-24,159232.SZ,南方中证全指自由现金流ETF,20250430,中证全指自由现金流指数,中证全指自由现金流指数收益率,南方基金管理股份有限公司,国信证券股份有限公司,股票型ETF,策略指数ETF,932365.CSI,2801434210.938,192790120,220545640.84,1.1320435919791,1.1339939860396,-0.087489064
2026-06-25,159232.SZ,南方中证全指自由现金流ETF,20250430,中证全指自由现金流指数,中证全指自由现金流指数收益率,南方基金管理股份有限公司,国信证券股份有限公司,股票型ETF,策略指数ETF,932365.CSI,2717614693.2324,233273703,266247385.82,1.1310523103749,1.1314011495143,-0.035044682
2026-06-26,159232.SZ,南方中证全指自由现金流ETF,20250430,中证全指自由现金流指数,中证全指自由现金流指数收益率,南方基金管理股份有限公司,国信证券股份有限公司,股票型ETF,策略指数ETF,932365.CSI,2512176700.2486,255324160,286434962.67,1.1032964254577,1.1120675352076,0.080927974
2026-06-29,159232.SZ,南方中证全指自由现金流ETF,20250430,中证全指自由现金流指数,中证全指自由现金流指数收益率,南方基金管理股份有限公司,国信证券股份有限公司,股票型ETF,策略指数ETF,932365.CSI,2504402105.8896,186946327,207846700.91,1.1142005231037,1.1021056920931,-0.142146411
2026-06-30,159232.SZ,南方中证全指自由现金流ETF,20250430,中证全指自由现金流指数,中证全指自由现金流指数收益率,南方基金管理股份有限公司,国信证券股份有限公司,股票型ETF,策略指数ETF,932365.CSI,2452155086.5012,152593705,170498727.29,1.1072615518745,1.1075964889869,-0.107315328
2026-07-01,159232.SZ,南方中证全指自由现金流ETF,20250430,中证全指自由现金流指数,中证全指自由现金流指数收益率,南方基金管理股份有限公司,国信证券股份有限公司,股票型ETF,策略指数ETF,932365.CSI,2490622870.3834,181263402,204514343.37,1.1330348735833,1.1184348530247,0.27195368
2026-07-02,159232.SZ,南方中证全指自由现金流ETF,20250430,中证全指自由现金流指数,中证全指自由现金流指数收益率,南方基金管理股份有限公司,国信证券股份有限公司,股票型ETF,策略指数ETF,932365.CSI,2473685839.523,170150934,193854008.61,1.1320435919791,1.1293732459475,0.131521263
2026-07-03,159232.SZ,南方中证全指自由现金流ETF,20250430,中证全指自由现金流指数,中证全指自由现金流指数收益率,南方基金管理股份有限公司,国信证券股份有限公司,股票型ETF,策略指数ETF,932365.CSI,2514883007.4774,165888729,190543817.96,1.1409651264167,1.138610095294,0.182783532
2026-07-06,159232.SZ,南方中证全指自由现金流ETF,20250430,中证全指自由现金流指数,中证全指自由现金流指数收益率,南方基金管理股份有限公司,国信证券股份有限公司,股票型ETF,策略指数ETF,932365.CSI,2546382439.428,139105202,160786960.31,1.1488953792502,1.1457886093153,0.086355786
2026-07-07,159232.SZ,南方中证全指自由现金流ETF,20250430,中证全指自由现金流指数,中证全指自由现金流指数收益率,南方基金管理股份有限公司,国信证券股份有限公司,股票型ETF,策略指数ETF,932365.CSI,2500277570.976,143893202,164241279.97,1.1251046207498,1.1314597021896,-0.088028169
2026-07-08,159232.SZ,南方中证全指自由现金流ETF,20250430,中证全指自由现金流指数,中证全指自由现金流指数收益率,南方基金管理股份有限公司,国信证券股份有限公司,股票型ETF,策略指数ETF,932365.CSI,2387680252.1802,219087400,246875831.8,1.1151918047079,1.1170129846863,0.02667378
2026-07-09,159232.SZ,南方中证全指自由现金流ETF,20250430,中证全指自由现金流指数,中证全指自由现金流指数收益率,南方基金管理股份有限公司,国信证券股份有限公司,股票型ETF,策略指数ETF,932365.CSI,2338098686.5012,174966551,194607997.77,1.1072615518745,1.1025611873474,-0.107315328
2026-07-10,159232.SZ,南方中证全指自由现金流ETF,20250430,中证全指自由现金流指数,中证全指自由现金流指数收益率,南方基金管理股份有限公司,国信证券股份有限公司,股票型ETF,策略指数ETF,932365.CSI,2376005897.8782,173982769,197160352.21,1.121139494333,1.1233378531892,0.292631019
2026-07-13,159232.SZ,南方中证全指自由现金流ETF,20250430,中证全指自由现金流指数,中证全指自由现金流指数收益率,南方基金管理股份有限公司,国信证券股份有限公司,股票型ETF,策略指数ETF,932365.CSI,2332662220.2296,151831101,169656198.81,1.1052789886661,1.1076588907583,-0.053782718
2026-07-14,159232.SZ,南方中证全指自由现金流ETF,20250430,中证全指自由现金流指数,中证全指自由现金流指数收益率,南方基金管理股份有限公司,国信证券股份有限公司,股票型ETF,策略指数ETF,932365.CSI,2406248479.485,138396700,156534921.8,1.137,1.1211986152332,-0.043572985
2026-07-15,159232.SZ,南方中证全指自由现金流ETF,20250430,中证全指自由现金流指数,中证全指自由现金流指数收益率,南方基金管理股份有限公司,国信证券股份有限公司,股票型ETF,策略指数ETF,932365.CSI,2457100670.2884,155465656,179109320.74,1.159,1.1520828802215,0.138240885
2026-07-16,159232.SZ,南方中证全指自由现金流ETF,20250430,中证全指自由现金流指数,中证全指自由现金流指数收益率,南方基金管理股份有限公司,国信证券股份有限公司,股票型ETF,策略指数ETF,932365.CSI,2488620012.0282,178897610,206274908.25,1.154,1.153033337058,0.112778694
2026-07-17,159232.SZ,南方中证全指自由现金流ETF,20250430,中证全指自由现金流指数,中证全指自由现金流指数收益率,南方基金管理股份有限公司,国信证券股份有限公司,股票型ETF,策略指数ETF,932365.CSI,2416921863.5572,172298315,196673268.08,1.134,1.1414694803022,-0.017633574
2026-07-20,159232.SZ,南方中证全指自由现金流ETF,20250430,中证全指自由现金流指数,中证全指自由现金流指数收益率,南方基金管理股份有限公司,国信证券股份有限公司,股票型ETF,策略指数ETF,932365.CSI,2537621778.7974,176914113,204886187.08,1.173,1.1581110382076,0.350757122
2026-07-21,159232.SZ,南方中证全指自由现金流ETF,20250430,中证全指自由现金流指数,中证全指自由现金流指数收益率,南方基金管理股份有限公司,国信证券股份有限公司,股票型ETF,策略指数ETF,932365.CSI,2502355927.3634,186064526,217673751.32,1.173,1.169883136778,0.264979913
2026-07-22,159232.SZ,南方中证全指自由现金流ETF,20250430,中证全指自由现金流指数,中证全指自由现金流指数收益率,南方基金管理股份有限公司,国信证券股份有限公司,股票型ETF,策略指数ETF,932365.CSI,2496186837.0576,144471100,168618738.5,1.174,1.1671451141439,0.034083163
2026-07-23,159232.SZ,南方中证全指自由现金流ETF,20250430,中证全指自由现金流指数,中证全指自由现金流指数收益率,南方基金管理股份有限公司,国信证券股份有限公司,股票型ETF,策略指数ETF,932365.CSI,2506485370.691,134028401,157871145.69,1.189,1.1778932264513,0.042069836
2026-07-24,159232.SZ,南方中证全指自由现金流ETF,20250430,中证全指自由现金流指数,中证全指自由现金流指数收益率,南方基金管理股份有限公司,国信证券股份有限公司,股票型ETF,策略指数ETF,932365.CSI,2498712105.6996,239492159,280821876.88,1.161,1.1725723215849,0.034464932
2026-07-27,159232.SZ,南方中证全指自由现金流ETF,20250430,中证全指自由现金流指数,中证全指自由现金流指数收益率,南方基金管理股份有限公司,国信证券股份有限公司,股票型ETF,策略指数ETF,932365.CSI,2435152462.182,173510335,203210658.79,1.175,1.1711732260214,-0.169923534
2026-07-28,159232.SZ,南方中证全指自由现金流ETF,20250430,中证全指自由现金流指数,中证全指自由现金流指数收益率,南方基金管理股份有限公司,国信证券股份有限公司,股票型ETF,策略指数ETF,932365.CSI,2410890039.333,149995706,175194270.1,1.176,1.167995236477,0.042535091
2026-07-29,159232.SZ,南方中证全指自由现金流ETF,20250430,中证全指自由现金流指数,中证全指自由现金流指数收益率,南方基金管理股份有限公司,国信证券股份有限公司,股票型ETF,策略指数ETF,932365.CSI,2483979648.3396,154982219,185168623.98,1.202,1.194773343515,0.116608362
2026-07-30,159232.SZ,南方中证全指自由现金流ETF,20250430,中证全指自由现金流指数,中证全指自由现金流指数收益率,南方基金管理股份有限公司,国信证券股份有限公司,股票型ETF,策略指数ETF,932365.CSI,2564946457.4412,199493500,241188103,1.21,1.2090023133586,0.148981957
2026-07-31,159232.SZ,南方中证全指自由现金流ETF,20250430,中证全指自由现金流指数,中证全指自由现金流指数收益率,南方基金管理股份有限公司,国信证券股份有限公司,股票型ETF,策略指数ETF,932365.CSI,2590610521.4374,130821900,157902559.7,1.212,1.2070040237911,0.256431467
2026-08-03,159232.SZ,南方中证全指自由现金流ETF,20250430,中证全指自由现金流指数,中证全指自由现金流指数收益率,南方基金管理股份有限公司,国信证券股份有限公司,股票型ETF,策略指数ETF,932365.CSI,2593480599.181,144650100,174354472.1,1.204,1.2053532773223,0.041545492
2026-08-04,159232.SZ,南方中证全指自由现金流ETF,20250430,中证全指自由现金流指数,中证全指自由现金流指数收益率,南方基金管理股份有限公司,国信证券股份有限公司,股票型ETF,策略指数ETF,932365.CSI,2579473433.502,157032336,187869688.89,1.195,1.1963758145329,-0.167084378
2026-08-05,159232.SZ,南方中证全指自由现金流ETF,20250430,中证全指自由现金流指数,中证全指自由现金流指数收益率,南方基金管理股份有限公司,国信证券股份有限公司,股票型ETF,策略指数ETF,932365.CSI,2571752574.0566,150891305,180441154.34,1.198,1.1958353355086,-0.174985418
2026-08-06,159232.SZ,南方中证全指自由现金流ETF,20250430,中证全指自由现金流指数,中证全指自由现金流指数收益率,南方基金管理股份有限公司,国信证券股份有限公司,股票型ETF,策略指数ETF,932365.CSI,2542341620.9398,185299303,220692543.08,1.192,1.1910057917487,-0.276081318
2026-08-07,159232.SZ,南方中证全指自由现金流ETF,20250430,中证全指自由现金流指数,中证全指自由现金流指数收益率,南方基金管理股份有限公司,国信证券股份有限公司,股票型ETF,策略指数ETF,932365.CSI,2549628802.6416,139786503,166913848.97,1.196,1.1940626983851,-0.133600534
2026-08-10,159232.SZ,南方中证全指自由现金流ETF,20250430,中证全指自由现金流指数,中证全指自由现金流指数收益率,南方基金管理股份有限公司,国信证券股份有限公司,股票型ETF,策略指数ETF,932365.CSI,2576834969.4108,170938001,206697829.91,1.213,1.2091976547099,-0.065908716
2026-08-11,159232.SZ,南方中证全指自由现金流ETF,20250430,中证全指自由现金流指数,中证全指自由现金流指数收益率,南方基金管理股份有限公司,国信证券股份有限公司,股票型ETF,策略指数ETF,932365.CSI,2563166342.011,128810803,156870198.28,1.208,1.2178341771536,-0.041373604
2026-08-12,159232.SZ,南方中证全指自由现金流ETF,20250430,中证全指自由现金流指数,中证全指自由现金流指数收益率,南方基金管理股份有限公司,国信证券股份有限公司,股票型ETF,策略指数ETF,932365.CSI,2589315602.5466,132574320,161031465.3,1.215,1.2146505092389,-0.008229775
2026-08-13,159232.SZ,南方中证全指自由现金流ETF,20250430,中证全指自由现金流指数,中证全指自由现金流指数收益率,南方基金管理股份有限公司,国信证券股份有限公司,股票型ETF,策略指数ETF,932365.CSI,2535045907.785,153183785,184558002.33,1.196,1.2048142192726,-0.12526096
2026-08-14,159232.SZ,南方中证全指自由现金流ETF,20250430,中证全指自由现金流指数,中证全指自由现金流指数收益率,南方基金管理股份有限公司,国信证券股份有限公司,股票型ETF,策略指数ETF,932365.CSI,2498016670.0984,147596500,175709994.7,1.192,1.1904753479927,-0.03354579
2026-08-17,159232.SZ,南方中证全指自由现金流ETF,20250430,中证全指自由现金流指数,中证全指自由现金流指数收益率,南方基金管理股份有限公司,国信证券股份有限公司,股票型ETF,策略指数ETF,932365.CSI,2555605483.7508,153982704,184296397.68,1.204,1.1968642769126,0.016614055
2026-08-18,159232.SZ,南方中证全指自由现金流ETF,20250430,中证全指自由现金流指数,中证全指自由现金流指数收益率,南方基金管理股份有限公司,国信证券股份有限公司,股票型ETF,策略指数ETF,932365.CSI,2558365316.8866,118662801,142625742.9,1.204,1.2019414820656,-0.091278732
2026-08-19,159232.SZ,南方中证全指自由现金流ETF,20250430,中证全指自由现金流指数,中证全指自由现金流指数收益率,南方基金管理股份有限公司,国信证券股份有限公司,股票型ETF,策略指数ETF,932365.CSI,2536923536.37,142747500,171180267.7,1.193,1.199182246274,-0.167364017
2026-08-20,159232.SZ,南方中证全指自由现金流ETF,20250430,中证全指自由现金流指数,中证全指自由现金流指数收益率,南方基金管理股份有限公司,国信证券股份有限公司,股票型ETF,策略指数ETF,932365.CSI,2561909547.747,151256400,182538562.4,1.203,1.2068154630151,-0.124533001
2026-08-21,159232.SZ,南方中证全指自由现金流ETF,20250430,中证全指自由现金流指数,中证全指自由现金流指数收益率,南方基金管理股份有限公司,国信证券股份有限公司,股票型ETF,策略指数ETF,932365.CSI,2542018612.9284,138318001,165525691.19,1.196,1.1967038996609,-0.116919993
2026-08-24,159232.SZ,南方中证全指自由现金流ETF,20250430,中证全指自由现金流指数,中证全指自由现金流指数收益率,南方基金管理股份有限公司,国信证券股份有限公司,股票型ETF,策略指数ETF,932365.CSI,2512231538.6454,201016100,240740407.1,1.197,1.1976175395901,0.008354917
2026-08-25,159232.SZ,南方中证全指自由现金流ETF,20250430,中证全指自由现金流指数,中证全指自由现金流指数收益率,南方基金管理股份有限公司,国信证券股份有限公司,股票型ETF,策略指数ETF,932365.CSI,2497038740.9208,161559600,193212910.7,1.199,1.1959234282581,0.01668335
