日期,代码,名称,上市日期,对标指数,benchmark,管理人,托管人,类别大类,类别细类,对标指数代码,规模,成交量,成交额,收盘价,VWAP,溢价率
2021-01-04,159513.SZ,大成纳斯达克100ETF(QDII),20230728,纳斯达克100指数,纳斯达克100指数收益率(经汇率调整),大成基金管理有限公司,中国农业银行股份有限公司,跨境型ETF,,NDX.GI,,,,,,
2021-01-05,159513.SZ,大成纳斯达克100ETF(QDII),20230728,纳斯达克100指数,纳斯达克100指数收益率(经汇率调整),大成基金管理有限公司,中国农业银行股份有限公司,跨境型ETF,,NDX.GI,,,,,,
2021-01-06,159513.SZ,大成纳斯达克100ETF(QDII),20230728,纳斯达克100指数,纳斯达克100指数收益率(经汇率调整),大成基金管理有限公司,中国农业银行股份有限公司,跨境型ETF,,NDX.GI,,,,,,
2021-01-07,159513.SZ,大成纳斯达克100ETF(QDII),20230728,纳斯达克100指数,纳斯达克100指数收益率(经汇率调整),大成基金管理有限公司,中国农业银行股份有限公司,跨境型ETF,,NDX.GI,,,,,,
2021-01-08,159513.SZ,大成纳斯达克100ETF(QDII),20230728,纳斯达克100指数,纳斯达克100指数收益率(经汇率调整),大成基金管理有限公司,中国农业银行股份有限公司,跨境型ETF,,NDX.GI,,,,,,
2021-01-11,159513.SZ,大成纳斯达克100ETF(QDII),20230728,纳斯达克100指数,纳斯达克100指数收益率(经汇率调整),大成基金管理有限公司,中国农业银行股份有限公司,跨境型ETF,,NDX.GI,,,,,,
2021-01-12,159513.SZ,大成纳斯达克100ETF(QDII),20230728,纳斯达克100指数,纳斯达克100指数收益率(经汇率调整),大成基金管理有限公司,中国农业银行股份有限公司,跨境型ETF,,NDX.GI,,,,,,
2021-01-13,159513.SZ,大成纳斯达克100ETF(QDII),20230728,纳斯达克100指数,纳斯达克100指数收益率(经汇率调整),大成基金管理有限公司,中国农业银行股份有限公司,跨境型ETF,,NDX.GI,,,,,,
2021-01-14,159513.SZ,大成纳斯达克100ETF(QDII),20230728,纳斯达克100指数,纳斯达克100指数收益率(经汇率调整),大成基金管理有限公司,中国农业银行股份有限公司,跨境型ETF,,NDX.GI,,,,,,
2021-01-15,159513.SZ,大成纳斯达克100ETF(QDII),20230728,纳斯达克100指数,纳斯达克100指数收益率(经汇率调整),大成基金管理有限公司,中国农业银行股份有限公司,跨境型ETF,,NDX.GI,,,,,,
2021-01-18,159513.SZ,大成纳斯达克100ETF(QDII),20230728,纳斯达克100指数,纳斯达克100指数收益率(经汇率调整),大成基金管理有限公司,中国农业银行股份有限公司,跨境型ETF,,NDX.GI,,,,,,
2021-01-19,159513.SZ,大成纳斯达克100ETF(QDII),20230728,纳斯达克100指数,纳斯达克100指数收益率(经汇率调整),大成基金管理有限公司,中国农业银行股份有限公司,跨境型ETF,,NDX.GI,,,,,,
2021-01-20,159513.SZ,大成纳斯达克100ETF(QDII),20230728,纳斯达克100指数,纳斯达克100指数收益率(经汇率调整),大成基金管理有限公司,中国农业银行股份有限公司,跨境型ETF,,NDX.GI,,,,,,
2021-01-21,159513.SZ,大成纳斯达克100ETF(QDII),20230728,纳斯达克100指数,纳斯达克100指数收益率(经汇率调整),大成基金管理有限公司,中国农业银行股份有限公司,跨境型ETF,,NDX.GI,,,,,,
2021-01-22,159513.SZ,大成纳斯达克100ETF(QDII),20230728,纳斯达克100指数,纳斯达克100指数收益率(经汇率调整),大成基金管理有限公司,中国农业银行股份有限公司,跨境型ETF,,NDX.GI,,,,,,
2021-01-25,159513.SZ,大成纳斯达克100ETF(QDII),20230728,纳斯达克100指数,纳斯达克100指数收益率(经汇率调整),大成基金管理有限公司,中国农业银行股份有限公司,跨境型ETF,,NDX.GI,,,,,,
2021-01-26,159513.SZ,大成纳斯达克100ETF(QDII),20230728,纳斯达克100指数,纳斯达克100指数收益率(经汇率调整),大成基金管理有限公司,中国农业银行股份有限公司,跨境型ETF,,NDX.GI,,,,,,
2021-01-27,159513.SZ,大成纳斯达克100ETF(QDII),20230728,纳斯达克100指数,纳斯达克100指数收益率(经汇率调整),大成基金管理有限公司,中国农业银行股份有限公司,跨境型ETF,,NDX.GI,,,,,,
2021-01-28,159513.SZ,大成纳斯达克100ETF(QDII),20230728,纳斯达克100指数,纳斯达克100指数收益率(经汇率调整),大成基金管理有限公司,中国农业银行股份有限公司,跨境型ETF,,NDX.GI,,,,,,
2021-01-29,159513.SZ,大成纳斯达克100ETF(QDII),20230728,纳斯达克100指数,纳斯达克100指数收益率(经汇率调整),大成基金管理有限公司,中国农业银行股份有限公司,跨境型ETF,,NDX.GI,,,,,,
2021-02-01,159513.SZ,大成纳斯达克100ETF(QDII),20230728,纳斯达克100指数,纳斯达克100指数收益率(经汇率调整),大成基金管理有限公司,中国农业银行股份有限公司,跨境型ETF,,NDX.GI,,,,,,
2021-02-02,159513.SZ,大成纳斯达克100ETF(QDII),20230728,纳斯达克100指数,纳斯达克100指数收益率(经汇率调整),大成基金管理有限公司,中国农业银行股份有限公司,跨境型ETF,,NDX.GI,,,,,,
2021-02-03,159513.SZ,大成纳斯达克100ETF(QDII),20230728,纳斯达克100指数,纳斯达克100指数收益率(经汇率调整),大成基金管理有限公司,中国农业银行股份有限公司,跨境型ETF,,NDX.GI,,,,,,
2021-02-04,159513.SZ,大成纳斯达克100ETF(QDII),20230728,纳斯达克100指数,纳斯达克100指数收益率(经汇率调整),大成基金管理有限公司,中国农业银行股份有限公司,跨境型ETF,,NDX.GI,,,,,,
2021-02-05,159513.SZ,大成纳斯达克100ETF(QDII),20230728,纳斯达克100指数,纳斯达克100指数收益率(经汇率调整),大成基金管理有限公司,中国农业银行股份有限公司,跨境型ETF,,NDX.GI,,,,,,
2021-02-08,159513.SZ,大成纳斯达克100ETF(QDII),20230728,纳斯达克100指数,纳斯达克100指数收益率(经汇率调整),大成基金管理有限公司,中国农业银行股份有限公司,跨境型ETF,,NDX.GI,,,,,,
2021-02-09,159513.SZ,大成纳斯达克100ETF(QDII),20230728,纳斯达克100指数,纳斯达克100指数收益率(经汇率调整),大成基金管理有限公司,中国农业银行股份有限公司,跨境型ETF,,NDX.GI,,,,,,
2021-02-10,159513.SZ,大成纳斯达克100ETF(QDII),20230728,纳斯达克100指数,纳斯达克100指数收益率(经汇率调整),大成基金管理有限公司,中国农业银行股份有限公司,跨境型ETF,,NDX.GI,,,,,,
2021-02-18,159513.SZ,大成纳斯达克100ETF(QDII),20230728,纳斯达克100指数,纳斯达克100指数收益率(经汇率调整),大成基金管理有限公司,中国农业银行股份有限公司,跨境型ETF,,NDX.GI,,,,,,
2021-02-19,159513.SZ,大成纳斯达克100ETF(QDII),20230728,纳斯达克100指数,纳斯达克100指数收益率(经汇率调整),大成基金管理有限公司,中国农业银行股份有限公司,跨境型ETF,,NDX.GI,,,,,,
2021-02-22,159513.SZ,大成纳斯达克100ETF(QDII),20230728,纳斯达克100指数,纳斯达克100指数收益率(经汇率调整),大成基金管理有限公司,中国农业银行股份有限公司,跨境型ETF,,NDX.GI,,,,,,
2021-02-23,159513.SZ,大成纳斯达克100ETF(QDII),20230728,纳斯达克100指数,纳斯达克100指数收益率(经汇率调整),大成基金管理有限公司,中国农业银行股份有限公司,跨境型ETF,,NDX.GI,,,,,,
2021-02-24,159513.SZ,大成纳斯达克100ETF(QDII),20230728,纳斯达克100指数,纳斯达克100指数收益率(经汇率调整),大成基金管理有限公司,中国农业银行股份有限公司,跨境型ETF,,NDX.GI,,,,,,
2021-02-25,159513.SZ,大成纳斯达克100ETF(QDII),20230728,纳斯达克100指数,纳斯达克100指数收益率(经汇率调整),大成基金管理有限公司,中国农业银行股份有限公司,跨境型ETF,,NDX.GI,,,,,,
2021-02-26,159513.SZ,大成纳斯达克100ETF(QDII),20230728,纳斯达克100指数,纳斯达克100指数收益率(经汇率调整),大成基金管理有限公司,中国农业银行股份有限公司,跨境型ETF,,NDX.GI,,,,,,
2021-03-01,159513.SZ,大成纳斯达克100ETF(QDII),20230728,纳斯达克100指数,纳斯达克100指数收益率(经汇率调整),大成基金管理有限公司,中国农业银行股份有限公司,跨境型ETF,,NDX.GI,,,,,,
2021-03-02,159513.SZ,大成纳斯达克100ETF(QDII),20230728,纳斯达克100指数,纳斯达克100指数收益率(经汇率调整),大成基金管理有限公司,中国农业银行股份有限公司,跨境型ETF,,NDX.GI,,,,,,
2021-03-03,159513.SZ,大成纳斯达克100ETF(QDII),20230728,纳斯达克100指数,纳斯达克100指数收益率(经汇率调整),大成基金管理有限公司,中国农业银行股份有限公司,跨境型ETF,,NDX.GI,,,,,,
2021-03-04,159513.SZ,大成纳斯达克100ETF(QDII),20230728,纳斯达克100指数,纳斯达克100指数收益率(经汇率调整),大成基金管理有限公司,中国农业银行股份有限公司,跨境型ETF,,NDX.GI,,,,,,
2021-03-05,159513.SZ,大成纳斯达克100ETF(QDII),20230728,纳斯达克100指数,纳斯达克100指数收益率(经汇率调整),大成基金管理有限公司,中国农业银行股份有限公司,跨境型ETF,,NDX.GI,,,,,,
2021-03-08,159513.SZ,大成纳斯达克100ETF(QDII),20230728,纳斯达克100指数,纳斯达克100指数收益率(经汇率调整),大成基金管理有限公司,中国农业银行股份有限公司,跨境型ETF,,NDX.GI,,,,,,
2021-03-09,159513.SZ,大成纳斯达克100ETF(QDII),20230728,纳斯达克100指数,纳斯达克100指数收益率(经汇率调整),大成基金管理有限公司,中国农业银行股份有限公司,跨境型ETF,,NDX.GI,,,,,,
2021-03-10,159513.SZ,大成纳斯达克100ETF(QDII),20230728,纳斯达克100指数,纳斯达克100指数收益率(经汇率调整),大成基金管理有限公司,中国农业银行股份有限公司,跨境型ETF,,NDX.GI,,,,,,
2021-03-11,159513.SZ,大成纳斯达克100ETF(QDII),20230728,纳斯达克100指数,纳斯达克100指数收益率(经汇率调整),大成基金管理有限公司,中国农业银行股份有限公司,跨境型ETF,,NDX.GI,,,,,,
2021-03-12,159513.SZ,大成纳斯达克100ETF(QDII),20230728,纳斯达克100指数,纳斯达克100指数收益率(经汇率调整),大成基金管理有限公司,中国农业银行股份有限公司,跨境型ETF,,NDX.GI,,,,,,
2021-03-15,159513.SZ,大成纳斯达克100ETF(QDII),20230728,纳斯达克100指数,纳斯达克100指数收益率(经汇率调整),大成基金管理有限公司,中国农业银行股份有限公司,跨境型ETF,,NDX.GI,,,,,,
2021-03-16,159513.SZ,大成纳斯达克100ETF(QDII),20230728,纳斯达克100指数,纳斯达克100指数收益率(经汇率调整),大成基金管理有限公司,中国农业银行股份有限公司,跨境型ETF,,NDX.GI,,,,,,
2021-03-17,159513.SZ,大成纳斯达克100ETF(QDII),20230728,纳斯达克100指数,纳斯达克100指数收益率(经汇率调整),大成基金管理有限公司,中国农业银行股份有限公司,跨境型ETF,,NDX.GI,,,,,,
2021-03-18,159513.SZ,大成纳斯达克100ETF(QDII),20230728,纳斯达克100指数,纳斯达克100指数收益率(经汇率调整),大成基金管理有限公司,中国农业银行股份有限公司,跨境型ETF,,NDX.GI,,,,,,
2021-03-19,159513.SZ,大成纳斯达克100ETF(QDII),20230728,纳斯达克100指数,纳斯达克100指数收益率(经汇率调整),大成基金管理有限公司,中国农业银行股份有限公司,跨境型ETF,,NDX.GI,,,,,,
2021-03-22,159513.SZ,大成纳斯达克100ETF(QDII),20230728,纳斯达克100指数,纳斯达克100指数收益率(经汇率调整),大成基金管理有限公司,中国农业银行股份有限公司,跨境型ETF,,NDX.GI,,,,,,
2021-03-23,159513.SZ,大成纳斯达克100ETF(QDII),20230728,纳斯达克100指数,纳斯达克100指数收益率(经汇率调整),大成基金管理有限公司,中国农业银行股份有限公司,跨境型ETF,,NDX.GI,,,,,,
2021-03-24,159513.SZ,大成纳斯达克100ETF(QDII),20230728,纳斯达克100指数,纳斯达克100指数收益率(经汇率调整),大成基金管理有限公司,中国农业银行股份有限公司,跨境型ETF,,NDX.GI,,,,,,
2021-03-25,159513.SZ,大成纳斯达克100ETF(QDII),20230728,纳斯达克100指数,纳斯达克100指数收益率(经汇率调整),大成基金管理有限公司,中国农业银行股份有限公司,跨境型ETF,,NDX.GI,,,,,,
2021-03-26,159513.SZ,大成纳斯达克100ETF(QDII),20230728,纳斯达克100指数,纳斯达克100指数收益率(经汇率调整),大成基金管理有限公司,中国农业银行股份有限公司,跨境型ETF,,NDX.GI,,,,,,
2021-03-29,159513.SZ,大成纳斯达克100ETF(QDII),20230728,纳斯达克100指数,纳斯达克100指数收益率(经汇率调整),大成基金管理有限公司,中国农业银行股份有限公司,跨境型ETF,,NDX.GI,,,,,,
2021-03-30,159513.SZ,大成纳斯达克100ETF(QDII),20230728,纳斯达克100指数,纳斯达克100指数收益率(经汇率调整),大成基金管理有限公司,中国农业银行股份有限公司,跨境型ETF,,NDX.GI,,,,,,
2021-03-31,159513.SZ,大成纳斯达克100ETF(QDII),20230728,纳斯达克100指数,纳斯达克100指数收益率(经汇率调整),大成基金管理有限公司,中国农业银行股份有限公司,跨境型ETF,,NDX.GI,,,,,,
2021-04-01,159513.SZ,大成纳斯达克100ETF(QDII),20230728,纳斯达克100指数,纳斯达克100指数收益率(经汇率调整),大成基金管理有限公司,中国农业银行股份有限公司,跨境型ETF,,NDX.GI,,,,,,
2021-04-02,159513.SZ,大成纳斯达克100ETF(QDII),20230728,纳斯达克100指数,纳斯达克100指数收益率(经汇率调整),大成基金管理有限公司,中国农业银行股份有限公司,跨境型ETF,,NDX.GI,,,,,,
2021-04-06,159513.SZ,大成纳斯达克100ETF(QDII),20230728,纳斯达克100指数,纳斯达克100指数收益率(经汇率调整),大成基金管理有限公司,中国农业银行股份有限公司,跨境型ETF,,NDX.GI,,,,,,
2021-04-07,159513.SZ,大成纳斯达克100ETF(QDII),20230728,纳斯达克100指数,纳斯达克100指数收益率(经汇率调整),大成基金管理有限公司,中国农业银行股份有限公司,跨境型ETF,,NDX.GI,,,,,,
2021-04-08,159513.SZ,大成纳斯达克100ETF(QDII),20230728,纳斯达克100指数,纳斯达克100指数收益率(经汇率调整),大成基金管理有限公司,中国农业银行股份有限公司,跨境型ETF,,NDX.GI,,,,,,
2021-04-09,159513.SZ,大成纳斯达克100ETF(QDII),20230728,纳斯达克100指数,纳斯达克100指数收益率(经汇率调整),大成基金管理有限公司,中国农业银行股份有限公司,跨境型ETF,,NDX.GI,,,,,,
2021-04-12,159513.SZ,大成纳斯达克100ETF(QDII),20230728,纳斯达克100指数,纳斯达克100指数收益率(经汇率调整),大成基金管理有限公司,中国农业银行股份有限公司,跨境型ETF,,NDX.GI,,,,,,
2021-04-13,159513.SZ,大成纳斯达克100ETF(QDII),20230728,纳斯达克100指数,纳斯达克100指数收益率(经汇率调整),大成基金管理有限公司,中国农业银行股份有限公司,跨境型ETF,,NDX.GI,,,,,,
2021-04-14,159513.SZ,大成纳斯达克100ETF(QDII),20230728,纳斯达克100指数,纳斯达克100指数收益率(经汇率调整),大成基金管理有限公司,中国农业银行股份有限公司,跨境型ETF,,NDX.GI,,,,,,
2021-04-15,159513.SZ,大成纳斯达克100ETF(QDII),20230728,纳斯达克100指数,纳斯达克100指数收益率(经汇率调整),大成基金管理有限公司,中国农业银行股份有限公司,跨境型ETF,,NDX.GI,,,,,,
2021-04-16,159513.SZ,大成纳斯达克100ETF(QDII),20230728,纳斯达克100指数,纳斯达克100指数收益率(经汇率调整),大成基金管理有限公司,中国农业银行股份有限公司,跨境型ETF,,NDX.GI,,,,,,
2021-04-19,159513.SZ,大成纳斯达克100ETF(QDII),20230728,纳斯达克100指数,纳斯达克100指数收益率(经汇率调整),大成基金管理有限公司,中国农业银行股份有限公司,跨境型ETF,,NDX.GI,,,,,,
2021-04-20,159513.SZ,大成纳斯达克100ETF(QDII),20230728,纳斯达克100指数,纳斯达克100指数收益率(经汇率调整),大成基金管理有限公司,中国农业银行股份有限公司,跨境型ETF,,NDX.GI,,,,,,
2021-04-21,159513.SZ,大成纳斯达克100ETF(QDII),20230728,纳斯达克100指数,纳斯达克100指数收益率(经汇率调整),大成基金管理有限公司,中国农业银行股份有限公司,跨境型ETF,,NDX.GI,,,,,,
2021-04-22,159513.SZ,大成纳斯达克100ETF(QDII),20230728,纳斯达克100指数,纳斯达克100指数收益率(经汇率调整),大成基金管理有限公司,中国农业银行股份有限公司,跨境型ETF,,NDX.GI,,,,,,
2021-04-23,159513.SZ,大成纳斯达克100ETF(QDII),20230728,纳斯达克100指数,纳斯达克100指数收益率(经汇率调整),大成基金管理有限公司,中国农业银行股份有限公司,跨境型ETF,,NDX.GI,,,,,,
2021-04-26,159513.SZ,大成纳斯达克100ETF(QDII),20230728,纳斯达克100指数,纳斯达克100指数收益率(经汇率调整),大成基金管理有限公司,中国农业银行股份有限公司,跨境型ETF,,NDX.GI,,,,,,
2021-04-27,159513.SZ,大成纳斯达克100ETF(QDII),20230728,纳斯达克100指数,纳斯达克100指数收益率(经汇率调整),大成基金管理有限公司,中国农业银行股份有限公司,跨境型ETF,,NDX.GI,,,,,,
2021-04-28,159513.SZ,大成纳斯达克100ETF(QDII),20230728,纳斯达克100指数,纳斯达克100指数收益率(经汇率调整),大成基金管理有限公司,中国农业银行股份有限公司,跨境型ETF,,NDX.GI,,,,,,
2021-04-29,159513.SZ,大成纳斯达克100ETF(QDII),20230728,纳斯达克100指数,纳斯达克100指数收益率(经汇率调整),大成基金管理有限公司,中国农业银行股份有限公司,跨境型ETF,,NDX.GI,,,,,,
2021-04-30,159513.SZ,大成纳斯达克100ETF(QDII),20230728,纳斯达克100指数,纳斯达克100指数收益率(经汇率调整),大成基金管理有限公司,中国农业银行股份有限公司,跨境型ETF,,NDX.GI,,,,,,
2021-05-06,159513.SZ,大成纳斯达克100ETF(QDII),20230728,纳斯达克100指数,纳斯达克100指数收益率(经汇率调整),大成基金管理有限公司,中国农业银行股份有限公司,跨境型ETF,,NDX.GI,,,,,,
2021-05-07,159513.SZ,大成纳斯达克100ETF(QDII),20230728,纳斯达克100指数,纳斯达克100指数收益率(经汇率调整),大成基金管理有限公司,中国农业银行股份有限公司,跨境型ETF,,NDX.GI,,,,,,
2021-05-10,159513.SZ,大成纳斯达克100ETF(QDII),20230728,纳斯达克100指数,纳斯达克100指数收益率(经汇率调整),大成基金管理有限公司,中国农业银行股份有限公司,跨境型ETF,,NDX.GI,,,,,,
2021-05-11,159513.SZ,大成纳斯达克100ETF(QDII),20230728,纳斯达克100指数,纳斯达克100指数收益率(经汇率调整),大成基金管理有限公司,中国农业银行股份有限公司,跨境型ETF,,NDX.GI,,,,,,
2021-05-12,159513.SZ,大成纳斯达克100ETF(QDII),20230728,纳斯达克100指数,纳斯达克100指数收益率(经汇率调整),大成基金管理有限公司,中国农业银行股份有限公司,跨境型ETF,,NDX.GI,,,,,,
2021-05-13,159513.SZ,大成纳斯达克100ETF(QDII),20230728,纳斯达克100指数,纳斯达克100指数收益率(经汇率调整),大成基金管理有限公司,中国农业银行股份有限公司,跨境型ETF,,NDX.GI,,,,,,
2021-05-14,159513.SZ,大成纳斯达克100ETF(QDII),20230728,纳斯达克100指数,纳斯达克100指数收益率(经汇率调整),大成基金管理有限公司,中国农业银行股份有限公司,跨境型ETF,,NDX.GI,,,,,,
2021-05-17,159513.SZ,大成纳斯达克100ETF(QDII),20230728,纳斯达克100指数,纳斯达克100指数收益率(经汇率调整),大成基金管理有限公司,中国农业银行股份有限公司,跨境型ETF,,NDX.GI,,,,,,
2021-05-18,159513.SZ,大成纳斯达克100ETF(QDII),20230728,纳斯达克100指数,纳斯达克100指数收益率(经汇率调整),大成基金管理有限公司,中国农业银行股份有限公司,跨境型ETF,,NDX.GI,,,,,,
2021-05-19,159513.SZ,大成纳斯达克100ETF(QDII),20230728,纳斯达克100指数,纳斯达克100指数收益率(经汇率调整),大成基金管理有限公司,中国农业银行股份有限公司,跨境型ETF,,NDX.GI,,,,,,
2021-05-20,159513.SZ,大成纳斯达克100ETF(QDII),20230728,纳斯达克100指数,纳斯达克100指数收益率(经汇率调整),大成基金管理有限公司,中国农业银行股份有限公司,跨境型ETF,,NDX.GI,,,,,,
2021-05-21,159513.SZ,大成纳斯达克100ETF(QDII),20230728,纳斯达克100指数,纳斯达克100指数收益率(经汇率调整),大成基金管理有限公司,中国农业银行股份有限公司,跨境型ETF,,NDX.GI,,,,,,
2021-05-24,159513.SZ,大成纳斯达克100ETF(QDII),20230728,纳斯达克100指数,纳斯达克100指数收益率(经汇率调整),大成基金管理有限公司,中国农业银行股份有限公司,跨境型ETF,,NDX.GI,,,,,,
2021-05-25,159513.SZ,大成纳斯达克100ETF(QDII),20230728,纳斯达克100指数,纳斯达克100指数收益率(经汇率调整),大成基金管理有限公司,中国农业银行股份有限公司,跨境型ETF,,NDX.GI,,,,,,
2021-05-26,159513.SZ,大成纳斯达克100ETF(QDII),20230728,纳斯达克100指数,纳斯达克100指数收益率(经汇率调整),大成基金管理有限公司,中国农业银行股份有限公司,跨境型ETF,,NDX.GI,,,,,,
2021-05-27,159513.SZ,大成纳斯达克100ETF(QDII),20230728,纳斯达克100指数,纳斯达克100指数收益率(经汇率调整),大成基金管理有限公司,中国农业银行股份有限公司,跨境型ETF,,NDX.GI,,,,,,
2021-05-28,159513.SZ,大成纳斯达克100ETF(QDII),20230728,纳斯达克100指数,纳斯达克100指数收益率(经汇率调整),大成基金管理有限公司,中国农业银行股份有限公司,跨境型ETF,,NDX.GI,,,,,,
2021-05-31,159513.SZ,大成纳斯达克100ETF(QDII),20230728,纳斯达克100指数,纳斯达克100指数收益率(经汇率调整),大成基金管理有限公司,中国农业银行股份有限公司,跨境型ETF,,NDX.GI,,,,,,
2021-06-01,159513.SZ,大成纳斯达克100ETF(QDII),20230728,纳斯达克100指数,纳斯达克100指数收益率(经汇率调整),大成基金管理有限公司,中国农业银行股份有限公司,跨境型ETF,,NDX.GI,,,,,,
2021-06-02,159513.SZ,大成纳斯达克100ETF(QDII),20230728,纳斯达克100指数,纳斯达克100指数收益率(经汇率调整),大成基金管理有限公司,中国农业银行股份有限公司,跨境型ETF,,NDX.GI,,,,,,
2021-06-03,159513.SZ,大成纳斯达克100ETF(QDII),20230728,纳斯达克100指数,纳斯达克100指数收益率(经汇率调整),大成基金管理有限公司,中国农业银行股份有限公司,跨境型ETF,,NDX.GI,,,,,,
2021-06-04,159513.SZ,大成纳斯达克100ETF(QDII),20230728,纳斯达克100指数,纳斯达克100指数收益率(经汇率调整),大成基金管理有限公司,中国农业银行股份有限公司,跨境型ETF,,NDX.GI,,,,,,
2021-06-07,159513.SZ,大成纳斯达克100ETF(QDII),20230728,纳斯达克100指数,纳斯达克100指数收益率(经汇率调整),大成基金管理有限公司,中国农业银行股份有限公司,跨境型ETF,,NDX.GI,,,,,,
2021-06-08,159513.SZ,大成纳斯达克100ETF(QDII),20230728,纳斯达克100指数,纳斯达克100指数收益率(经汇率调整),大成基金管理有限公司,中国农业银行股份有限公司,跨境型ETF,,NDX.GI,,,,,,
2021-06-09,159513.SZ,大成纳斯达克100ETF(QDII),20230728,纳斯达克100指数,纳斯达克100指数收益率(经汇率调整),大成基金管理有限公司,中国农业银行股份有限公司,跨境型ETF,,NDX.GI,,,,,,
2021-06-10,159513.SZ,大成纳斯达克100ETF(QDII),20230728,纳斯达克100指数,纳斯达克100指数收益率(经汇率调整),大成基金管理有限公司,中国农业银行股份有限公司,跨境型ETF,,NDX.GI,,,,,,
2021-06-11,159513.SZ,大成纳斯达克100ETF(QDII),20230728,纳斯达克100指数,纳斯达克100指数收益率(经汇率调整),大成基金管理有限公司,中国农业银行股份有限公司,跨境型ETF,,NDX.GI,,,,,,
2021-06-15,159513.SZ,大成纳斯达克100ETF(QDII),20230728,纳斯达克100指数,纳斯达克100指数收益率(经汇率调整),大成基金管理有限公司,中国农业银行股份有限公司,跨境型ETF,,NDX.GI,,,,,,
2021-06-16,159513.SZ,大成纳斯达克100ETF(QDII),20230728,纳斯达克100指数,纳斯达克100指数收益率(经汇率调整),大成基金管理有限公司,中国农业银行股份有限公司,跨境型ETF,,NDX.GI,,,,,,
2021-06-17,159513.SZ,大成纳斯达克100ETF(QDII),20230728,纳斯达克100指数,纳斯达克100指数收益率(经汇率调整),大成基金管理有限公司,中国农业银行股份有限公司,跨境型ETF,,NDX.GI,,,,,,
2021-06-18,159513.SZ,大成纳斯达克100ETF(QDII),20230728,纳斯达克100指数,纳斯达克100指数收益率(经汇率调整),大成基金管理有限公司,中国农业银行股份有限公司,跨境型ETF,,NDX.GI,,,,,,
2021-06-21,159513.SZ,大成纳斯达克100ETF(QDII),20230728,纳斯达克100指数,纳斯达克100指数收益率(经汇率调整),大成基金管理有限公司,中国农业银行股份有限公司,跨境型ETF,,NDX.GI,,,,,,
2021-06-22,159513.SZ,大成纳斯达克100ETF(QDII),20230728,纳斯达克100指数,纳斯达克100指数收益率(经汇率调整),大成基金管理有限公司,中国农业银行股份有限公司,跨境型ETF,,NDX.GI,,,,,,
2021-06-23,159513.SZ,大成纳斯达克100ETF(QDII),20230728,纳斯达克100指数,纳斯达克100指数收益率(经汇率调整),大成基金管理有限公司,中国农业银行股份有限公司,跨境型ETF,,NDX.GI,,,,,,
2021-06-24,159513.SZ,大成纳斯达克100ETF(QDII),20230728,纳斯达克100指数,纳斯达克100指数收益率(经汇率调整),大成基金管理有限公司,中国农业银行股份有限公司,跨境型ETF,,NDX.GI,,,,,,
2021-06-25,159513.SZ,大成纳斯达克100ETF(QDII),20230728,纳斯达克100指数,纳斯达克100指数收益率(经汇率调整),大成基金管理有限公司,中国农业银行股份有限公司,跨境型ETF,,NDX.GI,,,,,,
2021-06-28,159513.SZ,大成纳斯达克100ETF(QDII),20230728,纳斯达克100指数,纳斯达克100指数收益率(经汇率调整),大成基金管理有限公司,中国农业银行股份有限公司,跨境型ETF,,NDX.GI,,,,,,
2021-06-29,159513.SZ,大成纳斯达克100ETF(QDII),20230728,纳斯达克100指数,纳斯达克100指数收益率(经汇率调整),大成基金管理有限公司,中国农业银行股份有限公司,跨境型ETF,,NDX.GI,,,,,,
2021-06-30,159513.SZ,大成纳斯达克100ETF(QDII),20230728,纳斯达克100指数,纳斯达克100指数收益率(经汇率调整),大成基金管理有限公司,中国农业银行股份有限公司,跨境型ETF,,NDX.GI,,,,,,
2021-07-01,159513.SZ,大成纳斯达克100ETF(QDII),20230728,纳斯达克100指数,纳斯达克100指数收益率(经汇率调整),大成基金管理有限公司,中国农业银行股份有限公司,跨境型ETF,,NDX.GI,,,,,,
2021-07-02,159513.SZ,大成纳斯达克100ETF(QDII),20230728,纳斯达克100指数,纳斯达克100指数收益率(经汇率调整),大成基金管理有限公司,中国农业银行股份有限公司,跨境型ETF,,NDX.GI,,,,,,
2021-07-05,159513.SZ,大成纳斯达克100ETF(QDII),20230728,纳斯达克100指数,纳斯达克100指数收益率(经汇率调整),大成基金管理有限公司,中国农业银行股份有限公司,跨境型ETF,,NDX.GI,,,,,,
2021-07-06,159513.SZ,大成纳斯达克100ETF(QDII),20230728,纳斯达克100指数,纳斯达克100指数收益率(经汇率调整),大成基金管理有限公司,中国农业银行股份有限公司,跨境型ETF,,NDX.GI,,,,,,
2021-07-07,159513.SZ,大成纳斯达克100ETF(QDII),20230728,纳斯达克100指数,纳斯达克100指数收益率(经汇率调整),大成基金管理有限公司,中国农业银行股份有限公司,跨境型ETF,,NDX.GI,,,,,,
2021-07-08,159513.SZ,大成纳斯达克100ETF(QDII),20230728,纳斯达克100指数,纳斯达克100指数收益率(经汇率调整),大成基金管理有限公司,中国农业银行股份有限公司,跨境型ETF,,NDX.GI,,,,,,
2021-07-09,159513.SZ,大成纳斯达克100ETF(QDII),20230728,纳斯达克100指数,纳斯达克100指数收益率(经汇率调整),大成基金管理有限公司,中国农业银行股份有限公司,跨境型ETF,,NDX.GI,,,,,,
2021-07-12,159513.SZ,大成纳斯达克100ETF(QDII),20230728,纳斯达克100指数,纳斯达克100指数收益率(经汇率调整),大成基金管理有限公司,中国农业银行股份有限公司,跨境型ETF,,NDX.GI,,,,,,
2021-07-13,159513.SZ,大成纳斯达克100ETF(QDII),20230728,纳斯达克100指数,纳斯达克100指数收益率(经汇率调整),大成基金管理有限公司,中国农业银行股份有限公司,跨境型ETF,,NDX.GI,,,,,,
2021-07-14,159513.SZ,大成纳斯达克100ETF(QDII),20230728,纳斯达克100指数,纳斯达克100指数收益率(经汇率调整),大成基金管理有限公司,中国农业银行股份有限公司,跨境型ETF,,NDX.GI,,,,,,
2021-07-15,159513.SZ,大成纳斯达克100ETF(QDII),20230728,纳斯达克100指数,纳斯达克100指数收益率(经汇率调整),大成基金管理有限公司,中国农业银行股份有限公司,跨境型ETF,,NDX.GI,,,,,,
2021-07-16,159513.SZ,大成纳斯达克100ETF(QDII),20230728,纳斯达克100指数,纳斯达克100指数收益率(经汇率调整),大成基金管理有限公司,中国农业银行股份有限公司,跨境型ETF,,NDX.GI,,,,,,
2021-07-19,159513.SZ,大成纳斯达克100ETF(QDII),20230728,纳斯达克100指数,纳斯达克100指数收益率(经汇率调整),大成基金管理有限公司,中国农业银行股份有限公司,跨境型ETF,,NDX.GI,,,,,,
2021-07-20,159513.SZ,大成纳斯达克100ETF(QDII),20230728,纳斯达克100指数,纳斯达克100指数收益率(经汇率调整),大成基金管理有限公司,中国农业银行股份有限公司,跨境型ETF,,NDX.GI,,,,,,
2021-07-21,159513.SZ,大成纳斯达克100ETF(QDII),20230728,纳斯达克100指数,纳斯达克100指数收益率(经汇率调整),大成基金管理有限公司,中国农业银行股份有限公司,跨境型ETF,,NDX.GI,,,,,,
2021-07-22,159513.SZ,大成纳斯达克100ETF(QDII),20230728,纳斯达克100指数,纳斯达克100指数收益率(经汇率调整),大成基金管理有限公司,中国农业银行股份有限公司,跨境型ETF,,NDX.GI,,,,,,
2021-07-23,159513.SZ,大成纳斯达克100ETF(QDII),20230728,纳斯达克100指数,纳斯达克100指数收益率(经汇率调整),大成基金管理有限公司,中国农业银行股份有限公司,跨境型ETF,,NDX.GI,,,,,,
2021-07-26,159513.SZ,大成纳斯达克100ETF(QDII),20230728,纳斯达克100指数,纳斯达克100指数收益率(经汇率调整),大成基金管理有限公司,中国农业银行股份有限公司,跨境型ETF,,NDX.GI,,,,,,
2021-07-27,159513.SZ,大成纳斯达克100ETF(QDII),20230728,纳斯达克100指数,纳斯达克100指数收益率(经汇率调整),大成基金管理有限公司,中国农业银行股份有限公司,跨境型ETF,,NDX.GI,,,,,,
2021-07-28,159513.SZ,大成纳斯达克100ETF(QDII),20230728,纳斯达克100指数,纳斯达克100指数收益率(经汇率调整),大成基金管理有限公司,中国农业银行股份有限公司,跨境型ETF,,NDX.GI,,,,,,
2021-07-29,159513.SZ,大成纳斯达克100ETF(QDII),20230728,纳斯达克100指数,纳斯达克100指数收益率(经汇率调整),大成基金管理有限公司,中国农业银行股份有限公司,跨境型ETF,,NDX.GI,,,,,,
2021-07-30,159513.SZ,大成纳斯达克100ETF(QDII),20230728,纳斯达克100指数,纳斯达克100指数收益率(经汇率调整),大成基金管理有限公司,中国农业银行股份有限公司,跨境型ETF,,NDX.GI,,,,,,
2021-08-02,159513.SZ,大成纳斯达克100ETF(QDII),20230728,纳斯达克100指数,纳斯达克100指数收益率(经汇率调整),大成基金管理有限公司,中国农业银行股份有限公司,跨境型ETF,,NDX.GI,,,,,,
2021-08-03,159513.SZ,大成纳斯达克100ETF(QDII),20230728,纳斯达克100指数,纳斯达克100指数收益率(经汇率调整),大成基金管理有限公司,中国农业银行股份有限公司,跨境型ETF,,NDX.GI,,,,,,
2021-08-04,159513.SZ,大成纳斯达克100ETF(QDII),20230728,纳斯达克100指数,纳斯达克100指数收益率(经汇率调整),大成基金管理有限公司,中国农业银行股份有限公司,跨境型ETF,,NDX.GI,,,,,,
2021-08-05,159513.SZ,大成纳斯达克100ETF(QDII),20230728,纳斯达克100指数,纳斯达克100指数收益率(经汇率调整),大成基金管理有限公司,中国农业银行股份有限公司,跨境型ETF,,NDX.GI,,,,,,
2021-08-06,159513.SZ,大成纳斯达克100ETF(QDII),20230728,纳斯达克100指数,纳斯达克100指数收益率(经汇率调整),大成基金管理有限公司,中国农业银行股份有限公司,跨境型ETF,,NDX.GI,,,,,,
2021-08-09,159513.SZ,大成纳斯达克100ETF(QDII),20230728,纳斯达克100指数,纳斯达克100指数收益率(经汇率调整),大成基金管理有限公司,中国农业银行股份有限公司,跨境型ETF,,NDX.GI,,,,,,
2021-08-10,159513.SZ,大成纳斯达克100ETF(QDII),20230728,纳斯达克100指数,纳斯达克100指数收益率(经汇率调整),大成基金管理有限公司,中国农业银行股份有限公司,跨境型ETF,,NDX.GI,,,,,,
2021-08-11,159513.SZ,大成纳斯达克100ETF(QDII),20230728,纳斯达克100指数,纳斯达克100指数收益率(经汇率调整),大成基金管理有限公司,中国农业银行股份有限公司,跨境型ETF,,NDX.GI,,,,,,
2021-08-12,159513.SZ,大成纳斯达克100ETF(QDII),20230728,纳斯达克100指数,纳斯达克100指数收益率(经汇率调整),大成基金管理有限公司,中国农业银行股份有限公司,跨境型ETF,,NDX.GI,,,,,,
2021-08-13,159513.SZ,大成纳斯达克100ETF(QDII),20230728,纳斯达克100指数,纳斯达克100指数收益率(经汇率调整),大成基金管理有限公司,中国农业银行股份有限公司,跨境型ETF,,NDX.GI,,,,,,
2021-08-16,159513.SZ,大成纳斯达克100ETF(QDII),20230728,纳斯达克100指数,纳斯达克100指数收益率(经汇率调整),大成基金管理有限公司,中国农业银行股份有限公司,跨境型ETF,,NDX.GI,,,,,,
2021-08-17,159513.SZ,大成纳斯达克100ETF(QDII),20230728,纳斯达克100指数,纳斯达克100指数收益率(经汇率调整),大成基金管理有限公司,中国农业银行股份有限公司,跨境型ETF,,NDX.GI,,,,,,
2021-08-18,159513.SZ,大成纳斯达克100ETF(QDII),20230728,纳斯达克100指数,纳斯达克100指数收益率(经汇率调整),大成基金管理有限公司,中国农业银行股份有限公司,跨境型ETF,,NDX.GI,,,,,,
2021-08-19,159513.SZ,大成纳斯达克100ETF(QDII),20230728,纳斯达克100指数,纳斯达克100指数收益率(经汇率调整),大成基金管理有限公司,中国农业银行股份有限公司,跨境型ETF,,NDX.GI,,,,,,
2021-08-20,159513.SZ,大成纳斯达克100ETF(QDII),20230728,纳斯达克100指数,纳斯达克100指数收益率(经汇率调整),大成基金管理有限公司,中国农业银行股份有限公司,跨境型ETF,,NDX.GI,,,,,,
2021-08-23,159513.SZ,大成纳斯达克100ETF(QDII),20230728,纳斯达克100指数,纳斯达克100指数收益率(经汇率调整),大成基金管理有限公司,中国农业银行股份有限公司,跨境型ETF,,NDX.GI,,,,,,
2021-08-24,159513.SZ,大成纳斯达克100ETF(QDII),20230728,纳斯达克100指数,纳斯达克100指数收益率(经汇率调整),大成基金管理有限公司,中国农业银行股份有限公司,跨境型ETF,,NDX.GI,,,,,,
2021-08-25,159513.SZ,大成纳斯达克100ETF(QDII),20230728,纳斯达克100指数,纳斯达克100指数收益率(经汇率调整),大成基金管理有限公司,中国农业银行股份有限公司,跨境型ETF,,NDX.GI,,,,,,
2021-08-26,159513.SZ,大成纳斯达克100ETF(QDII),20230728,纳斯达克100指数,纳斯达克100指数收益率(经汇率调整),大成基金管理有限公司,中国农业银行股份有限公司,跨境型ETF,,NDX.GI,,,,,,
2021-08-27,159513.SZ,大成纳斯达克100ETF(QDII),20230728,纳斯达克100指数,纳斯达克100指数收益率(经汇率调整),大成基金管理有限公司,中国农业银行股份有限公司,跨境型ETF,,NDX.GI,,,,,,
2021-08-30,159513.SZ,大成纳斯达克100ETF(QDII),20230728,纳斯达克100指数,纳斯达克100指数收益率(经汇率调整),大成基金管理有限公司,中国农业银行股份有限公司,跨境型ETF,,NDX.GI,,,,,,
2021-08-31,159513.SZ,大成纳斯达克100ETF(QDII),20230728,纳斯达克100指数,纳斯达克100指数收益率(经汇率调整),大成基金管理有限公司,中国农业银行股份有限公司,跨境型ETF,,NDX.GI,,,,,,
2021-09-01,159513.SZ,大成纳斯达克100ETF(QDII),20230728,纳斯达克100指数,纳斯达克100指数收益率(经汇率调整),大成基金管理有限公司,中国农业银行股份有限公司,跨境型ETF,,NDX.GI,,,,,,
2021-09-02,159513.SZ,大成纳斯达克100ETF(QDII),20230728,纳斯达克100指数,纳斯达克100指数收益率(经汇率调整),大成基金管理有限公司,中国农业银行股份有限公司,跨境型ETF,,NDX.GI,,,,,,
2021-09-03,159513.SZ,大成纳斯达克100ETF(QDII),20230728,纳斯达克100指数,纳斯达克100指数收益率(经汇率调整),大成基金管理有限公司,中国农业银行股份有限公司,跨境型ETF,,NDX.GI,,,,,,
2021-09-06,159513.SZ,大成纳斯达克100ETF(QDII),20230728,纳斯达克100指数,纳斯达克100指数收益率(经汇率调整),大成基金管理有限公司,中国农业银行股份有限公司,跨境型ETF,,NDX.GI,,,,,,
2021-09-07,159513.SZ,大成纳斯达克100ETF(QDII),20230728,纳斯达克100指数,纳斯达克100指数收益率(经汇率调整),大成基金管理有限公司,中国农业银行股份有限公司,跨境型ETF,,NDX.GI,,,,,,
2021-09-08,159513.SZ,大成纳斯达克100ETF(QDII),20230728,纳斯达克100指数,纳斯达克100指数收益率(经汇率调整),大成基金管理有限公司,中国农业银行股份有限公司,跨境型ETF,,NDX.GI,,,,,,
2021-09-09,159513.SZ,大成纳斯达克100ETF(QDII),20230728,纳斯达克100指数,纳斯达克100指数收益率(经汇率调整),大成基金管理有限公司,中国农业银行股份有限公司,跨境型ETF,,NDX.GI,,,,,,
2021-09-10,159513.SZ,大成纳斯达克100ETF(QDII),20230728,纳斯达克100指数,纳斯达克100指数收益率(经汇率调整),大成基金管理有限公司,中国农业银行股份有限公司,跨境型ETF,,NDX.GI,,,,,,
2021-09-13,159513.SZ,大成纳斯达克100ETF(QDII),20230728,纳斯达克100指数,纳斯达克100指数收益率(经汇率调整),大成基金管理有限公司,中国农业银行股份有限公司,跨境型ETF,,NDX.GI,,,,,,
2021-09-14,159513.SZ,大成纳斯达克100ETF(QDII),20230728,纳斯达克100指数,纳斯达克100指数收益率(经汇率调整),大成基金管理有限公司,中国农业银行股份有限公司,跨境型ETF,,NDX.GI,,,,,,
2021-09-15,159513.SZ,大成纳斯达克100ETF(QDII),20230728,纳斯达克100指数,纳斯达克100指数收益率(经汇率调整),大成基金管理有限公司,中国农业银行股份有限公司,跨境型ETF,,NDX.GI,,,,,,
2021-09-16,159513.SZ,大成纳斯达克100ETF(QDII),20230728,纳斯达克100指数,纳斯达克100指数收益率(经汇率调整),大成基金管理有限公司,中国农业银行股份有限公司,跨境型ETF,,NDX.GI,,,,,,
2021-09-17,159513.SZ,大成纳斯达克100ETF(QDII),20230728,纳斯达克100指数,纳斯达克100指数收益率(经汇率调整),大成基金管理有限公司,中国农业银行股份有限公司,跨境型ETF,,NDX.GI,,,,,,
2021-09-22,159513.SZ,大成纳斯达克100ETF(QDII),20230728,纳斯达克100指数,纳斯达克100指数收益率(经汇率调整),大成基金管理有限公司,中国农业银行股份有限公司,跨境型ETF,,NDX.GI,,,,,,
2021-09-23,159513.SZ,大成纳斯达克100ETF(QDII),20230728,纳斯达克100指数,纳斯达克100指数收益率(经汇率调整),大成基金管理有限公司,中国农业银行股份有限公司,跨境型ETF,,NDX.GI,,,,,,
2021-09-24,159513.SZ,大成纳斯达克100ETF(QDII),20230728,纳斯达克100指数,纳斯达克100指数收益率(经汇率调整),大成基金管理有限公司,中国农业银行股份有限公司,跨境型ETF,,NDX.GI,,,,,,
2021-09-27,159513.SZ,大成纳斯达克100ETF(QDII),20230728,纳斯达克100指数,纳斯达克100指数收益率(经汇率调整),大成基金管理有限公司,中国农业银行股份有限公司,跨境型ETF,,NDX.GI,,,,,,
2021-09-28,159513.SZ,大成纳斯达克100ETF(QDII),20230728,纳斯达克100指数,纳斯达克100指数收益率(经汇率调整),大成基金管理有限公司,中国农业银行股份有限公司,跨境型ETF,,NDX.GI,,,,,,
2021-09-29,159513.SZ,大成纳斯达克100ETF(QDII),20230728,纳斯达克100指数,纳斯达克100指数收益率(经汇率调整),大成基金管理有限公司,中国农业银行股份有限公司,跨境型ETF,,NDX.GI,,,,,,
2021-09-30,159513.SZ,大成纳斯达克100ETF(QDII),20230728,纳斯达克100指数,纳斯达克100指数收益率(经汇率调整),大成基金管理有限公司,中国农业银行股份有限公司,跨境型ETF,,NDX.GI,,,,,,
2021-10-08,159513.SZ,大成纳斯达克100ETF(QDII),20230728,纳斯达克100指数,纳斯达克100指数收益率(经汇率调整),大成基金管理有限公司,中国农业银行股份有限公司,跨境型ETF,,NDX.GI,,,,,,
2021-10-11,159513.SZ,大成纳斯达克100ETF(QDII),20230728,纳斯达克100指数,纳斯达克100指数收益率(经汇率调整),大成基金管理有限公司,中国农业银行股份有限公司,跨境型ETF,,NDX.GI,,,,,,
2021-10-12,159513.SZ,大成纳斯达克100ETF(QDII),20230728,纳斯达克100指数,纳斯达克100指数收益率(经汇率调整),大成基金管理有限公司,中国农业银行股份有限公司,跨境型ETF,,NDX.GI,,,,,,
2021-10-13,159513.SZ,大成纳斯达克100ETF(QDII),20230728,纳斯达克100指数,纳斯达克100指数收益率(经汇率调整),大成基金管理有限公司,中国农业银行股份有限公司,跨境型ETF,,NDX.GI,,,,,,
2021-10-14,159513.SZ,大成纳斯达克100ETF(QDII),20230728,纳斯达克100指数,纳斯达克100指数收益率(经汇率调整),大成基金管理有限公司,中国农业银行股份有限公司,跨境型ETF,,NDX.GI,,,,,,
2021-10-15,159513.SZ,大成纳斯达克100ETF(QDII),20230728,纳斯达克100指数,纳斯达克100指数收益率(经汇率调整),大成基金管理有限公司,中国农业银行股份有限公司,跨境型ETF,,NDX.GI,,,,,,
2021-10-18,159513.SZ,大成纳斯达克100ETF(QDII),20230728,纳斯达克100指数,纳斯达克100指数收益率(经汇率调整),大成基金管理有限公司,中国农业银行股份有限公司,跨境型ETF,,NDX.GI,,,,,,
2021-10-19,159513.SZ,大成纳斯达克100ETF(QDII),20230728,纳斯达克100指数,纳斯达克100指数收益率(经汇率调整),大成基金管理有限公司,中国农业银行股份有限公司,跨境型ETF,,NDX.GI,,,,,,
2021-10-20,159513.SZ,大成纳斯达克100ETF(QDII),20230728,纳斯达克100指数,纳斯达克100指数收益率(经汇率调整),大成基金管理有限公司,中国农业银行股份有限公司,跨境型ETF,,NDX.GI,,,,,,
2021-10-21,159513.SZ,大成纳斯达克100ETF(QDII),20230728,纳斯达克100指数,纳斯达克100指数收益率(经汇率调整),大成基金管理有限公司,中国农业银行股份有限公司,跨境型ETF,,NDX.GI,,,,,,
2021-10-22,159513.SZ,大成纳斯达克100ETF(QDII),20230728,纳斯达克100指数,纳斯达克100指数收益率(经汇率调整),大成基金管理有限公司,中国农业银行股份有限公司,跨境型ETF,,NDX.GI,,,,,,
2021-10-25,159513.SZ,大成纳斯达克100ETF(QDII),20230728,纳斯达克100指数,纳斯达克100指数收益率(经汇率调整),大成基金管理有限公司,中国农业银行股份有限公司,跨境型ETF,,NDX.GI,,,,,,
2021-10-26,159513.SZ,大成纳斯达克100ETF(QDII),20230728,纳斯达克100指数,纳斯达克100指数收益率(经汇率调整),大成基金管理有限公司,中国农业银行股份有限公司,跨境型ETF,,NDX.GI,,,,,,
2021-10-27,159513.SZ,大成纳斯达克100ETF(QDII),20230728,纳斯达克100指数,纳斯达克100指数收益率(经汇率调整),大成基金管理有限公司,中国农业银行股份有限公司,跨境型ETF,,NDX.GI,,,,,,
2021-10-28,159513.SZ,大成纳斯达克100ETF(QDII),20230728,纳斯达克100指数,纳斯达克100指数收益率(经汇率调整),大成基金管理有限公司,中国农业银行股份有限公司,跨境型ETF,,NDX.GI,,,,,,
2021-10-29,159513.SZ,大成纳斯达克100ETF(QDII),20230728,纳斯达克100指数,纳斯达克100指数收益率(经汇率调整),大成基金管理有限公司,中国农业银行股份有限公司,跨境型ETF,,NDX.GI,,,,,,
2021-11-01,159513.SZ,大成纳斯达克100ETF(QDII),20230728,纳斯达克100指数,纳斯达克100指数收益率(经汇率调整),大成基金管理有限公司,中国农业银行股份有限公司,跨境型ETF,,NDX.GI,,,,,,
2021-11-02,159513.SZ,大成纳斯达克100ETF(QDII),20230728,纳斯达克100指数,纳斯达克100指数收益率(经汇率调整),大成基金管理有限公司,中国农业银行股份有限公司,跨境型ETF,,NDX.GI,,,,,,
2021-11-03,159513.SZ,大成纳斯达克100ETF(QDII),20230728,纳斯达克100指数,纳斯达克100指数收益率(经汇率调整),大成基金管理有限公司,中国农业银行股份有限公司,跨境型ETF,,NDX.GI,,,,,,
2021-11-04,159513.SZ,大成纳斯达克100ETF(QDII),20230728,纳斯达克100指数,纳斯达克100指数收益率(经汇率调整),大成基金管理有限公司,中国农业银行股份有限公司,跨境型ETF,,NDX.GI,,,,,,
2021-11-05,159513.SZ,大成纳斯达克100ETF(QDII),20230728,纳斯达克100指数,纳斯达克100指数收益率(经汇率调整),大成基金管理有限公司,中国农业银行股份有限公司,跨境型ETF,,NDX.GI,,,,,,
2021-11-08,159513.SZ,大成纳斯达克100ETF(QDII),20230728,纳斯达克100指数,纳斯达克100指数收益率(经汇率调整),大成基金管理有限公司,中国农业银行股份有限公司,跨境型ETF,,NDX.GI,,,,,,
2021-11-09,159513.SZ,大成纳斯达克100ETF(QDII),20230728,纳斯达克100指数,纳斯达克100指数收益率(经汇率调整),大成基金管理有限公司,中国农业银行股份有限公司,跨境型ETF,,NDX.GI,,,,,,
2021-11-10,159513.SZ,大成纳斯达克100ETF(QDII),20230728,纳斯达克100指数,纳斯达克100指数收益率(经汇率调整),大成基金管理有限公司,中国农业银行股份有限公司,跨境型ETF,,NDX.GI,,,,,,
2021-11-11,159513.SZ,大成纳斯达克100ETF(QDII),20230728,纳斯达克100指数,纳斯达克100指数收益率(经汇率调整),大成基金管理有限公司,中国农业银行股份有限公司,跨境型ETF,,NDX.GI,,,,,,
2021-11-12,159513.SZ,大成纳斯达克100ETF(QDII),20230728,纳斯达克100指数,纳斯达克100指数收益率(经汇率调整),大成基金管理有限公司,中国农业银行股份有限公司,跨境型ETF,,NDX.GI,,,,,,
2021-11-15,159513.SZ,大成纳斯达克100ETF(QDII),20230728,纳斯达克100指数,纳斯达克100指数收益率(经汇率调整),大成基金管理有限公司,中国农业银行股份有限公司,跨境型ETF,,NDX.GI,,,,,,
2021-11-16,159513.SZ,大成纳斯达克100ETF(QDII),20230728,纳斯达克100指数,纳斯达克100指数收益率(经汇率调整),大成基金管理有限公司,中国农业银行股份有限公司,跨境型ETF,,NDX.GI,,,,,,
2021-11-17,159513.SZ,大成纳斯达克100ETF(QDII),20230728,纳斯达克100指数,纳斯达克100指数收益率(经汇率调整),大成基金管理有限公司,中国农业银行股份有限公司,跨境型ETF,,NDX.GI,,,,,,
2021-11-18,159513.SZ,大成纳斯达克100ETF(QDII),20230728,纳斯达克100指数,纳斯达克100指数收益率(经汇率调整),大成基金管理有限公司,中国农业银行股份有限公司,跨境型ETF,,NDX.GI,,,,,,
2021-11-19,159513.SZ,大成纳斯达克100ETF(QDII),20230728,纳斯达克100指数,纳斯达克100指数收益率(经汇率调整),大成基金管理有限公司,中国农业银行股份有限公司,跨境型ETF,,NDX.GI,,,,,,
2021-11-22,159513.SZ,大成纳斯达克100ETF(QDII),20230728,纳斯达克100指数,纳斯达克100指数收益率(经汇率调整),大成基金管理有限公司,中国农业银行股份有限公司,跨境型ETF,,NDX.GI,,,,,,
2021-11-23,159513.SZ,大成纳斯达克100ETF(QDII),20230728,纳斯达克100指数,纳斯达克100指数收益率(经汇率调整),大成基金管理有限公司,中国农业银行股份有限公司,跨境型ETF,,NDX.GI,,,,,,
2021-11-24,159513.SZ,大成纳斯达克100ETF(QDII),20230728,纳斯达克100指数,纳斯达克100指数收益率(经汇率调整),大成基金管理有限公司,中国农业银行股份有限公司,跨境型ETF,,NDX.GI,,,,,,
2021-11-25,159513.SZ,大成纳斯达克100ETF(QDII),20230728,纳斯达克100指数,纳斯达克100指数收益率(经汇率调整),大成基金管理有限公司,中国农业银行股份有限公司,跨境型ETF,,NDX.GI,,,,,,
2021-11-26,159513.SZ,大成纳斯达克100ETF(QDII),20230728,纳斯达克100指数,纳斯达克100指数收益率(经汇率调整),大成基金管理有限公司,中国农业银行股份有限公司,跨境型ETF,,NDX.GI,,,,,,
2021-11-29,159513.SZ,大成纳斯达克100ETF(QDII),20230728,纳斯达克100指数,纳斯达克100指数收益率(经汇率调整),大成基金管理有限公司,中国农业银行股份有限公司,跨境型ETF,,NDX.GI,,,,,,
2021-11-30,159513.SZ,大成纳斯达克100ETF(QDII),20230728,纳斯达克100指数,纳斯达克100指数收益率(经汇率调整),大成基金管理有限公司,中国农业银行股份有限公司,跨境型ETF,,NDX.GI,,,,,,
2021-12-01,159513.SZ,大成纳斯达克100ETF(QDII),20230728,纳斯达克100指数,纳斯达克100指数收益率(经汇率调整),大成基金管理有限公司,中国农业银行股份有限公司,跨境型ETF,,NDX.GI,,,,,,
2021-12-02,159513.SZ,大成纳斯达克100ETF(QDII),20230728,纳斯达克100指数,纳斯达克100指数收益率(经汇率调整),大成基金管理有限公司,中国农业银行股份有限公司,跨境型ETF,,NDX.GI,,,,,,
2021-12-03,159513.SZ,大成纳斯达克100ETF(QDII),20230728,纳斯达克100指数,纳斯达克100指数收益率(经汇率调整),大成基金管理有限公司,中国农业银行股份有限公司,跨境型ETF,,NDX.GI,,,,,,
2021-12-06,159513.SZ,大成纳斯达克100ETF(QDII),20230728,纳斯达克100指数,纳斯达克100指数收益率(经汇率调整),大成基金管理有限公司,中国农业银行股份有限公司,跨境型ETF,,NDX.GI,,,,,,
2021-12-07,159513.SZ,大成纳斯达克100ETF(QDII),20230728,纳斯达克100指数,纳斯达克100指数收益率(经汇率调整),大成基金管理有限公司,中国农业银行股份有限公司,跨境型ETF,,NDX.GI,,,,,,
2021-12-08,159513.SZ,大成纳斯达克100ETF(QDII),20230728,纳斯达克100指数,纳斯达克100指数收益率(经汇率调整),大成基金管理有限公司,中国农业银行股份有限公司,跨境型ETF,,NDX.GI,,,,,,
2021-12-09,159513.SZ,大成纳斯达克100ETF(QDII),20230728,纳斯达克100指数,纳斯达克100指数收益率(经汇率调整),大成基金管理有限公司,中国农业银行股份有限公司,跨境型ETF,,NDX.GI,,,,,,
2021-12-10,159513.SZ,大成纳斯达克100ETF(QDII),20230728,纳斯达克100指数,纳斯达克100指数收益率(经汇率调整),大成基金管理有限公司,中国农业银行股份有限公司,跨境型ETF,,NDX.GI,,,,,,
2021-12-13,159513.SZ,大成纳斯达克100ETF(QDII),20230728,纳斯达克100指数,纳斯达克100指数收益率(经汇率调整),大成基金管理有限公司,中国农业银行股份有限公司,跨境型ETF,,NDX.GI,,,,,,
2021-12-14,159513.SZ,大成纳斯达克100ETF(QDII),20230728,纳斯达克100指数,纳斯达克100指数收益率(经汇率调整),大成基金管理有限公司,中国农业银行股份有限公司,跨境型ETF,,NDX.GI,,,,,,
2021-12-15,159513.SZ,大成纳斯达克100ETF(QDII),20230728,纳斯达克100指数,纳斯达克100指数收益率(经汇率调整),大成基金管理有限公司,中国农业银行股份有限公司,跨境型ETF,,NDX.GI,,,,,,
2021-12-16,159513.SZ,大成纳斯达克100ETF(QDII),20230728,纳斯达克100指数,纳斯达克100指数收益率(经汇率调整),大成基金管理有限公司,中国农业银行股份有限公司,跨境型ETF,,NDX.GI,,,,,,
2021-12-17,159513.SZ,大成纳斯达克100ETF(QDII),20230728,纳斯达克100指数,纳斯达克100指数收益率(经汇率调整),大成基金管理有限公司,中国农业银行股份有限公司,跨境型ETF,,NDX.GI,,,,,,
2021-12-20,159513.SZ,大成纳斯达克100ETF(QDII),20230728,纳斯达克100指数,纳斯达克100指数收益率(经汇率调整),大成基金管理有限公司,中国农业银行股份有限公司,跨境型ETF,,NDX.GI,,,,,,
2021-12-21,159513.SZ,大成纳斯达克100ETF(QDII),20230728,纳斯达克100指数,纳斯达克100指数收益率(经汇率调整),大成基金管理有限公司,中国农业银行股份有限公司,跨境型ETF,,NDX.GI,,,,,,
2021-12-22,159513.SZ,大成纳斯达克100ETF(QDII),20230728,纳斯达克100指数,纳斯达克100指数收益率(经汇率调整),大成基金管理有限公司,中国农业银行股份有限公司,跨境型ETF,,NDX.GI,,,,,,
2021-12-23,159513.SZ,大成纳斯达克100ETF(QDII),20230728,纳斯达克100指数,纳斯达克100指数收益率(经汇率调整),大成基金管理有限公司,中国农业银行股份有限公司,跨境型ETF,,NDX.GI,,,,,,
2021-12-24,159513.SZ,大成纳斯达克100ETF(QDII),20230728,纳斯达克100指数,纳斯达克100指数收益率(经汇率调整),大成基金管理有限公司,中国农业银行股份有限公司,跨境型ETF,,NDX.GI,,,,,,
2021-12-27,159513.SZ,大成纳斯达克100ETF(QDII),20230728,纳斯达克100指数,纳斯达克100指数收益率(经汇率调整),大成基金管理有限公司,中国农业银行股份有限公司,跨境型ETF,,NDX.GI,,,,,,
2021-12-28,159513.SZ,大成纳斯达克100ETF(QDII),20230728,纳斯达克100指数,纳斯达克100指数收益率(经汇率调整),大成基金管理有限公司,中国农业银行股份有限公司,跨境型ETF,,NDX.GI,,,,,,
2021-12-29,159513.SZ,大成纳斯达克100ETF(QDII),20230728,纳斯达克100指数,纳斯达克100指数收益率(经汇率调整),大成基金管理有限公司,中国农业银行股份有限公司,跨境型ETF,,NDX.GI,,,,,,
2021-12-30,159513.SZ,大成纳斯达克100ETF(QDII),20230728,纳斯达克100指数,纳斯达克100指数收益率(经汇率调整),大成基金管理有限公司,中国农业银行股份有限公司,跨境型ETF,,NDX.GI,,,,,,
2021-12-31,159513.SZ,大成纳斯达克100ETF(QDII),20230728,纳斯达克100指数,纳斯达克100指数收益率(经汇率调整),大成基金管理有限公司,中国农业银行股份有限公司,跨境型ETF,,NDX.GI,,,,,,
2022-01-04,159513.SZ,大成纳斯达克100ETF(QDII),20230728,纳斯达克100指数,纳斯达克100指数收益率(经汇率调整),大成基金管理有限公司,中国农业银行股份有限公司,跨境型ETF,,NDX.GI,,,,,,
2022-01-05,159513.SZ,大成纳斯达克100ETF(QDII),20230728,纳斯达克100指数,纳斯达克100指数收益率(经汇率调整),大成基金管理有限公司,中国农业银行股份有限公司,跨境型ETF,,NDX.GI,,,,,,
2022-01-06,159513.SZ,大成纳斯达克100ETF(QDII),20230728,纳斯达克100指数,纳斯达克100指数收益率(经汇率调整),大成基金管理有限公司,中国农业银行股份有限公司,跨境型ETF,,NDX.GI,,,,,,
2022-01-07,159513.SZ,大成纳斯达克100ETF(QDII),20230728,纳斯达克100指数,纳斯达克100指数收益率(经汇率调整),大成基金管理有限公司,中国农业银行股份有限公司,跨境型ETF,,NDX.GI,,,,,,
2022-01-10,159513.SZ,大成纳斯达克100ETF(QDII),20230728,纳斯达克100指数,纳斯达克100指数收益率(经汇率调整),大成基金管理有限公司,中国农业银行股份有限公司,跨境型ETF,,NDX.GI,,,,,,
2022-01-11,159513.SZ,大成纳斯达克100ETF(QDII),20230728,纳斯达克100指数,纳斯达克100指数收益率(经汇率调整),大成基金管理有限公司,中国农业银行股份有限公司,跨境型ETF,,NDX.GI,,,,,,
2022-01-12,159513.SZ,大成纳斯达克100ETF(QDII),20230728,纳斯达克100指数,纳斯达克100指数收益率(经汇率调整),大成基金管理有限公司,中国农业银行股份有限公司,跨境型ETF,,NDX.GI,,,,,,
2022-01-13,159513.SZ,大成纳斯达克100ETF(QDII),20230728,纳斯达克100指数,纳斯达克100指数收益率(经汇率调整),大成基金管理有限公司,中国农业银行股份有限公司,跨境型ETF,,NDX.GI,,,,,,
2022-01-14,159513.SZ,大成纳斯达克100ETF(QDII),20230728,纳斯达克100指数,纳斯达克100指数收益率(经汇率调整),大成基金管理有限公司,中国农业银行股份有限公司,跨境型ETF,,NDX.GI,,,,,,
2022-01-17,159513.SZ,大成纳斯达克100ETF(QDII),20230728,纳斯达克100指数,纳斯达克100指数收益率(经汇率调整),大成基金管理有限公司,中国农业银行股份有限公司,跨境型ETF,,NDX.GI,,,,,,
2022-01-18,159513.SZ,大成纳斯达克100ETF(QDII),20230728,纳斯达克100指数,纳斯达克100指数收益率(经汇率调整),大成基金管理有限公司,中国农业银行股份有限公司,跨境型ETF,,NDX.GI,,,,,,
2022-01-19,159513.SZ,大成纳斯达克100ETF(QDII),20230728,纳斯达克100指数,纳斯达克100指数收益率(经汇率调整),大成基金管理有限公司,中国农业银行股份有限公司,跨境型ETF,,NDX.GI,,,,,,
2022-01-20,159513.SZ,大成纳斯达克100ETF(QDII),20230728,纳斯达克100指数,纳斯达克100指数收益率(经汇率调整),大成基金管理有限公司,中国农业银行股份有限公司,跨境型ETF,,NDX.GI,,,,,,
2022-01-21,159513.SZ,大成纳斯达克100ETF(QDII),20230728,纳斯达克100指数,纳斯达克100指数收益率(经汇率调整),大成基金管理有限公司,中国农业银行股份有限公司,跨境型ETF,,NDX.GI,,,,,,
2022-01-24,159513.SZ,大成纳斯达克100ETF(QDII),20230728,纳斯达克100指数,纳斯达克100指数收益率(经汇率调整),大成基金管理有限公司,中国农业银行股份有限公司,跨境型ETF,,NDX.GI,,,,,,
2022-01-25,159513.SZ,大成纳斯达克100ETF(QDII),20230728,纳斯达克100指数,纳斯达克100指数收益率(经汇率调整),大成基金管理有限公司,中国农业银行股份有限公司,跨境型ETF,,NDX.GI,,,,,,
2022-01-26,159513.SZ,大成纳斯达克100ETF(QDII),20230728,纳斯达克100指数,纳斯达克100指数收益率(经汇率调整),大成基金管理有限公司,中国农业银行股份有限公司,跨境型ETF,,NDX.GI,,,,,,
2022-01-27,159513.SZ,大成纳斯达克100ETF(QDII),20230728,纳斯达克100指数,纳斯达克100指数收益率(经汇率调整),大成基金管理有限公司,中国农业银行股份有限公司,跨境型ETF,,NDX.GI,,,,,,
2022-01-28,159513.SZ,大成纳斯达克100ETF(QDII),20230728,纳斯达克100指数,纳斯达克100指数收益率(经汇率调整),大成基金管理有限公司,中国农业银行股份有限公司,跨境型ETF,,NDX.GI,,,,,,
2022-02-07,159513.SZ,大成纳斯达克100ETF(QDII),20230728,纳斯达克100指数,纳斯达克100指数收益率(经汇率调整),大成基金管理有限公司,中国农业银行股份有限公司,跨境型ETF,,NDX.GI,,,,,,
2022-02-08,159513.SZ,大成纳斯达克100ETF(QDII),20230728,纳斯达克100指数,纳斯达克100指数收益率(经汇率调整),大成基金管理有限公司,中国农业银行股份有限公司,跨境型ETF,,NDX.GI,,,,,,
2022-02-09,159513.SZ,大成纳斯达克100ETF(QDII),20230728,纳斯达克100指数,纳斯达克100指数收益率(经汇率调整),大成基金管理有限公司,中国农业银行股份有限公司,跨境型ETF,,NDX.GI,,,,,,
2022-02-10,159513.SZ,大成纳斯达克100ETF(QDII),20230728,纳斯达克100指数,纳斯达克100指数收益率(经汇率调整),大成基金管理有限公司,中国农业银行股份有限公司,跨境型ETF,,NDX.GI,,,,,,
2022-02-11,159513.SZ,大成纳斯达克100ETF(QDII),20230728,纳斯达克100指数,纳斯达克100指数收益率(经汇率调整),大成基金管理有限公司,中国农业银行股份有限公司,跨境型ETF,,NDX.GI,,,,,,
2022-02-14,159513.SZ,大成纳斯达克100ETF(QDII),20230728,纳斯达克100指数,纳斯达克100指数收益率(经汇率调整),大成基金管理有限公司,中国农业银行股份有限公司,跨境型ETF,,NDX.GI,,,,,,
2022-02-15,159513.SZ,大成纳斯达克100ETF(QDII),20230728,纳斯达克100指数,纳斯达克100指数收益率(经汇率调整),大成基金管理有限公司,中国农业银行股份有限公司,跨境型ETF,,NDX.GI,,,,,,
2022-02-16,159513.SZ,大成纳斯达克100ETF(QDII),20230728,纳斯达克100指数,纳斯达克100指数收益率(经汇率调整),大成基金管理有限公司,中国农业银行股份有限公司,跨境型ETF,,NDX.GI,,,,,,
2022-02-17,159513.SZ,大成纳斯达克100ETF(QDII),20230728,纳斯达克100指数,纳斯达克100指数收益率(经汇率调整),大成基金管理有限公司,中国农业银行股份有限公司,跨境型ETF,,NDX.GI,,,,,,
2022-02-18,159513.SZ,大成纳斯达克100ETF(QDII),20230728,纳斯达克100指数,纳斯达克100指数收益率(经汇率调整),大成基金管理有限公司,中国农业银行股份有限公司,跨境型ETF,,NDX.GI,,,,,,
2022-02-21,159513.SZ,大成纳斯达克100ETF(QDII),20230728,纳斯达克100指数,纳斯达克100指数收益率(经汇率调整),大成基金管理有限公司,中国农业银行股份有限公司,跨境型ETF,,NDX.GI,,,,,,
2022-02-22,159513.SZ,大成纳斯达克100ETF(QDII),20230728,纳斯达克100指数,纳斯达克100指数收益率(经汇率调整),大成基金管理有限公司,中国农业银行股份有限公司,跨境型ETF,,NDX.GI,,,,,,
2022-02-23,159513.SZ,大成纳斯达克100ETF(QDII),20230728,纳斯达克100指数,纳斯达克100指数收益率(经汇率调整),大成基金管理有限公司,中国农业银行股份有限公司,跨境型ETF,,NDX.GI,,,,,,
2022-02-24,159513.SZ,大成纳斯达克100ETF(QDII),20230728,纳斯达克100指数,纳斯达克100指数收益率(经汇率调整),大成基金管理有限公司,中国农业银行股份有限公司,跨境型ETF,,NDX.GI,,,,,,
2022-02-25,159513.SZ,大成纳斯达克100ETF(QDII),20230728,纳斯达克100指数,纳斯达克100指数收益率(经汇率调整),大成基金管理有限公司,中国农业银行股份有限公司,跨境型ETF,,NDX.GI,,,,,,
2022-02-28,159513.SZ,大成纳斯达克100ETF(QDII),20230728,纳斯达克100指数,纳斯达克100指数收益率(经汇率调整),大成基金管理有限公司,中国农业银行股份有限公司,跨境型ETF,,NDX.GI,,,,,,
2022-03-01,159513.SZ,大成纳斯达克100ETF(QDII),20230728,纳斯达克100指数,纳斯达克100指数收益率(经汇率调整),大成基金管理有限公司,中国农业银行股份有限公司,跨境型ETF,,NDX.GI,,,,,,
2022-03-02,159513.SZ,大成纳斯达克100ETF(QDII),20230728,纳斯达克100指数,纳斯达克100指数收益率(经汇率调整),大成基金管理有限公司,中国农业银行股份有限公司,跨境型ETF,,NDX.GI,,,,,,
2022-03-03,159513.SZ,大成纳斯达克100ETF(QDII),20230728,纳斯达克100指数,纳斯达克100指数收益率(经汇率调整),大成基金管理有限公司,中国农业银行股份有限公司,跨境型ETF,,NDX.GI,,,,,,
2022-03-04,159513.SZ,大成纳斯达克100ETF(QDII),20230728,纳斯达克100指数,纳斯达克100指数收益率(经汇率调整),大成基金管理有限公司,中国农业银行股份有限公司,跨境型ETF,,NDX.GI,,,,,,
2022-03-07,159513.SZ,大成纳斯达克100ETF(QDII),20230728,纳斯达克100指数,纳斯达克100指数收益率(经汇率调整),大成基金管理有限公司,中国农业银行股份有限公司,跨境型ETF,,NDX.GI,,,,,,
2022-03-08,159513.SZ,大成纳斯达克100ETF(QDII),20230728,纳斯达克100指数,纳斯达克100指数收益率(经汇率调整),大成基金管理有限公司,中国农业银行股份有限公司,跨境型ETF,,NDX.GI,,,,,,
2022-03-09,159513.SZ,大成纳斯达克100ETF(QDII),20230728,纳斯达克100指数,纳斯达克100指数收益率(经汇率调整),大成基金管理有限公司,中国农业银行股份有限公司,跨境型ETF,,NDX.GI,,,,,,
2022-03-10,159513.SZ,大成纳斯达克100ETF(QDII),20230728,纳斯达克100指数,纳斯达克100指数收益率(经汇率调整),大成基金管理有限公司,中国农业银行股份有限公司,跨境型ETF,,NDX.GI,,,,,,
2022-03-11,159513.SZ,大成纳斯达克100ETF(QDII),20230728,纳斯达克100指数,纳斯达克100指数收益率(经汇率调整),大成基金管理有限公司,中国农业银行股份有限公司,跨境型ETF,,NDX.GI,,,,,,
2022-03-14,159513.SZ,大成纳斯达克100ETF(QDII),20230728,纳斯达克100指数,纳斯达克100指数收益率(经汇率调整),大成基金管理有限公司,中国农业银行股份有限公司,跨境型ETF,,NDX.GI,,,,,,
2022-03-15,159513.SZ,大成纳斯达克100ETF(QDII),20230728,纳斯达克100指数,纳斯达克100指数收益率(经汇率调整),大成基金管理有限公司,中国农业银行股份有限公司,跨境型ETF,,NDX.GI,,,,,,
2022-03-16,159513.SZ,大成纳斯达克100ETF(QDII),20230728,纳斯达克100指数,纳斯达克100指数收益率(经汇率调整),大成基金管理有限公司,中国农业银行股份有限公司,跨境型ETF,,NDX.GI,,,,,,
2022-03-17,159513.SZ,大成纳斯达克100ETF(QDII),20230728,纳斯达克100指数,纳斯达克100指数收益率(经汇率调整),大成基金管理有限公司,中国农业银行股份有限公司,跨境型ETF,,NDX.GI,,,,,,
2022-03-18,159513.SZ,大成纳斯达克100ETF(QDII),20230728,纳斯达克100指数,纳斯达克100指数收益率(经汇率调整),大成基金管理有限公司,中国农业银行股份有限公司,跨境型ETF,,NDX.GI,,,,,,
2022-03-21,159513.SZ,大成纳斯达克100ETF(QDII),20230728,纳斯达克100指数,纳斯达克100指数收益率(经汇率调整),大成基金管理有限公司,中国农业银行股份有限公司,跨境型ETF,,NDX.GI,,,,,,
2022-03-22,159513.SZ,大成纳斯达克100ETF(QDII),20230728,纳斯达克100指数,纳斯达克100指数收益率(经汇率调整),大成基金管理有限公司,中国农业银行股份有限公司,跨境型ETF,,NDX.GI,,,,,,
2022-03-23,159513.SZ,大成纳斯达克100ETF(QDII),20230728,纳斯达克100指数,纳斯达克100指数收益率(经汇率调整),大成基金管理有限公司,中国农业银行股份有限公司,跨境型ETF,,NDX.GI,,,,,,
2022-03-24,159513.SZ,大成纳斯达克100ETF(QDII),20230728,纳斯达克100指数,纳斯达克100指数收益率(经汇率调整),大成基金管理有限公司,中国农业银行股份有限公司,跨境型ETF,,NDX.GI,,,,,,
2022-03-25,159513.SZ,大成纳斯达克100ETF(QDII),20230728,纳斯达克100指数,纳斯达克100指数收益率(经汇率调整),大成基金管理有限公司,中国农业银行股份有限公司,跨境型ETF,,NDX.GI,,,,,,
2022-03-28,159513.SZ,大成纳斯达克100ETF(QDII),20230728,纳斯达克100指数,纳斯达克100指数收益率(经汇率调整),大成基金管理有限公司,中国农业银行股份有限公司,跨境型ETF,,NDX.GI,,,,,,
2022-03-29,159513.SZ,大成纳斯达克100ETF(QDII),20230728,纳斯达克100指数,纳斯达克100指数收益率(经汇率调整),大成基金管理有限公司,中国农业银行股份有限公司,跨境型ETF,,NDX.GI,,,,,,
2022-03-30,159513.SZ,大成纳斯达克100ETF(QDII),20230728,纳斯达克100指数,纳斯达克100指数收益率(经汇率调整),大成基金管理有限公司,中国农业银行股份有限公司,跨境型ETF,,NDX.GI,,,,,,
2022-03-31,159513.SZ,大成纳斯达克100ETF(QDII),20230728,纳斯达克100指数,纳斯达克100指数收益率(经汇率调整),大成基金管理有限公司,中国农业银行股份有限公司,跨境型ETF,,NDX.GI,,,,,,
2022-04-01,159513.SZ,大成纳斯达克100ETF(QDII),20230728,纳斯达克100指数,纳斯达克100指数收益率(经汇率调整),大成基金管理有限公司,中国农业银行股份有限公司,跨境型ETF,,NDX.GI,,,,,,
2022-04-06,159513.SZ,大成纳斯达克100ETF(QDII),20230728,纳斯达克100指数,纳斯达克100指数收益率(经汇率调整),大成基金管理有限公司,中国农业银行股份有限公司,跨境型ETF,,NDX.GI,,,,,,
2022-04-07,159513.SZ,大成纳斯达克100ETF(QDII),20230728,纳斯达克100指数,纳斯达克100指数收益率(经汇率调整),大成基金管理有限公司,中国农业银行股份有限公司,跨境型ETF,,NDX.GI,,,,,,
2022-04-08,159513.SZ,大成纳斯达克100ETF(QDII),20230728,纳斯达克100指数,纳斯达克100指数收益率(经汇率调整),大成基金管理有限公司,中国农业银行股份有限公司,跨境型ETF,,NDX.GI,,,,,,
2022-04-11,159513.SZ,大成纳斯达克100ETF(QDII),20230728,纳斯达克100指数,纳斯达克100指数收益率(经汇率调整),大成基金管理有限公司,中国农业银行股份有限公司,跨境型ETF,,NDX.GI,,,,,,
2022-04-12,159513.SZ,大成纳斯达克100ETF(QDII),20230728,纳斯达克100指数,纳斯达克100指数收益率(经汇率调整),大成基金管理有限公司,中国农业银行股份有限公司,跨境型ETF,,NDX.GI,,,,,,
2022-04-13,159513.SZ,大成纳斯达克100ETF(QDII),20230728,纳斯达克100指数,纳斯达克100指数收益率(经汇率调整),大成基金管理有限公司,中国农业银行股份有限公司,跨境型ETF,,NDX.GI,,,,,,
2022-04-14,159513.SZ,大成纳斯达克100ETF(QDII),20230728,纳斯达克100指数,纳斯达克100指数收益率(经汇率调整),大成基金管理有限公司,中国农业银行股份有限公司,跨境型ETF,,NDX.GI,,,,,,
2022-04-15,159513.SZ,大成纳斯达克100ETF(QDII),20230728,纳斯达克100指数,纳斯达克100指数收益率(经汇率调整),大成基金管理有限公司,中国农业银行股份有限公司,跨境型ETF,,NDX.GI,,,,,,
2022-04-18,159513.SZ,大成纳斯达克100ETF(QDII),20230728,纳斯达克100指数,纳斯达克100指数收益率(经汇率调整),大成基金管理有限公司,中国农业银行股份有限公司,跨境型ETF,,NDX.GI,,,,,,
2022-04-19,159513.SZ,大成纳斯达克100ETF(QDII),20230728,纳斯达克100指数,纳斯达克100指数收益率(经汇率调整),大成基金管理有限公司,中国农业银行股份有限公司,跨境型ETF,,NDX.GI,,,,,,
2022-04-20,159513.SZ,大成纳斯达克100ETF(QDII),20230728,纳斯达克100指数,纳斯达克100指数收益率(经汇率调整),大成基金管理有限公司,中国农业银行股份有限公司,跨境型ETF,,NDX.GI,,,,,,
2022-04-21,159513.SZ,大成纳斯达克100ETF(QDII),20230728,纳斯达克100指数,纳斯达克100指数收益率(经汇率调整),大成基金管理有限公司,中国农业银行股份有限公司,跨境型ETF,,NDX.GI,,,,,,
2022-04-22,159513.SZ,大成纳斯达克100ETF(QDII),20230728,纳斯达克100指数,纳斯达克100指数收益率(经汇率调整),大成基金管理有限公司,中国农业银行股份有限公司,跨境型ETF,,NDX.GI,,,,,,
2022-04-25,159513.SZ,大成纳斯达克100ETF(QDII),20230728,纳斯达克100指数,纳斯达克100指数收益率(经汇率调整),大成基金管理有限公司,中国农业银行股份有限公司,跨境型ETF,,NDX.GI,,,,,,
2022-04-26,159513.SZ,大成纳斯达克100ETF(QDII),20230728,纳斯达克100指数,纳斯达克100指数收益率(经汇率调整),大成基金管理有限公司,中国农业银行股份有限公司,跨境型ETF,,NDX.GI,,,,,,
2022-04-27,159513.SZ,大成纳斯达克100ETF(QDII),20230728,纳斯达克100指数,纳斯达克100指数收益率(经汇率调整),大成基金管理有限公司,中国农业银行股份有限公司,跨境型ETF,,NDX.GI,,,,,,
2022-04-28,159513.SZ,大成纳斯达克100ETF(QDII),20230728,纳斯达克100指数,纳斯达克100指数收益率(经汇率调整),大成基金管理有限公司,中国农业银行股份有限公司,跨境型ETF,,NDX.GI,,,,,,
2022-04-29,159513.SZ,大成纳斯达克100ETF(QDII),20230728,纳斯达克100指数,纳斯达克100指数收益率(经汇率调整),大成基金管理有限公司,中国农业银行股份有限公司,跨境型ETF,,NDX.GI,,,,,,
2022-05-05,159513.SZ,大成纳斯达克100ETF(QDII),20230728,纳斯达克100指数,纳斯达克100指数收益率(经汇率调整),大成基金管理有限公司,中国农业银行股份有限公司,跨境型ETF,,NDX.GI,,,,,,
2022-05-06,159513.SZ,大成纳斯达克100ETF(QDII),20230728,纳斯达克100指数,纳斯达克100指数收益率(经汇率调整),大成基金管理有限公司,中国农业银行股份有限公司,跨境型ETF,,NDX.GI,,,,,,
2022-05-09,159513.SZ,大成纳斯达克100ETF(QDII),20230728,纳斯达克100指数,纳斯达克100指数收益率(经汇率调整),大成基金管理有限公司,中国农业银行股份有限公司,跨境型ETF,,NDX.GI,,,,,,
2022-05-10,159513.SZ,大成纳斯达克100ETF(QDII),20230728,纳斯达克100指数,纳斯达克100指数收益率(经汇率调整),大成基金管理有限公司,中国农业银行股份有限公司,跨境型ETF,,NDX.GI,,,,,,
2022-05-11,159513.SZ,大成纳斯达克100ETF(QDII),20230728,纳斯达克100指数,纳斯达克100指数收益率(经汇率调整),大成基金管理有限公司,中国农业银行股份有限公司,跨境型ETF,,NDX.GI,,,,,,
2022-05-12,159513.SZ,大成纳斯达克100ETF(QDII),20230728,纳斯达克100指数,纳斯达克100指数收益率(经汇率调整),大成基金管理有限公司,中国农业银行股份有限公司,跨境型ETF,,NDX.GI,,,,,,
2022-05-13,159513.SZ,大成纳斯达克100ETF(QDII),20230728,纳斯达克100指数,纳斯达克100指数收益率(经汇率调整),大成基金管理有限公司,中国农业银行股份有限公司,跨境型ETF,,NDX.GI,,,,,,
2022-05-16,159513.SZ,大成纳斯达克100ETF(QDII),20230728,纳斯达克100指数,纳斯达克100指数收益率(经汇率调整),大成基金管理有限公司,中国农业银行股份有限公司,跨境型ETF,,NDX.GI,,,,,,
2022-05-17,159513.SZ,大成纳斯达克100ETF(QDII),20230728,纳斯达克100指数,纳斯达克100指数收益率(经汇率调整),大成基金管理有限公司,中国农业银行股份有限公司,跨境型ETF,,NDX.GI,,,,,,
2022-05-18,159513.SZ,大成纳斯达克100ETF(QDII),20230728,纳斯达克100指数,纳斯达克100指数收益率(经汇率调整),大成基金管理有限公司,中国农业银行股份有限公司,跨境型ETF,,NDX.GI,,,,,,
2022-05-19,159513.SZ,大成纳斯达克100ETF(QDII),20230728,纳斯达克100指数,纳斯达克100指数收益率(经汇率调整),大成基金管理有限公司,中国农业银行股份有限公司,跨境型ETF,,NDX.GI,,,,,,
2022-05-20,159513.SZ,大成纳斯达克100ETF(QDII),20230728,纳斯达克100指数,纳斯达克100指数收益率(经汇率调整),大成基金管理有限公司,中国农业银行股份有限公司,跨境型ETF,,NDX.GI,,,,,,
2022-05-23,159513.SZ,大成纳斯达克100ETF(QDII),20230728,纳斯达克100指数,纳斯达克100指数收益率(经汇率调整),大成基金管理有限公司,中国农业银行股份有限公司,跨境型ETF,,NDX.GI,,,,,,
2022-05-24,159513.SZ,大成纳斯达克100ETF(QDII),20230728,纳斯达克100指数,纳斯达克100指数收益率(经汇率调整),大成基金管理有限公司,中国农业银行股份有限公司,跨境型ETF,,NDX.GI,,,,,,
2022-05-25,159513.SZ,大成纳斯达克100ETF(QDII),20230728,纳斯达克100指数,纳斯达克100指数收益率(经汇率调整),大成基金管理有限公司,中国农业银行股份有限公司,跨境型ETF,,NDX.GI,,,,,,
2022-05-26,159513.SZ,大成纳斯达克100ETF(QDII),20230728,纳斯达克100指数,纳斯达克100指数收益率(经汇率调整),大成基金管理有限公司,中国农业银行股份有限公司,跨境型ETF,,NDX.GI,,,,,,
2022-05-27,159513.SZ,大成纳斯达克100ETF(QDII),20230728,纳斯达克100指数,纳斯达克100指数收益率(经汇率调整),大成基金管理有限公司,中国农业银行股份有限公司,跨境型ETF,,NDX.GI,,,,,,
2022-05-30,159513.SZ,大成纳斯达克100ETF(QDII),20230728,纳斯达克100指数,纳斯达克100指数收益率(经汇率调整),大成基金管理有限公司,中国农业银行股份有限公司,跨境型ETF,,NDX.GI,,,,,,
2022-05-31,159513.SZ,大成纳斯达克100ETF(QDII),20230728,纳斯达克100指数,纳斯达克100指数收益率(经汇率调整),大成基金管理有限公司,中国农业银行股份有限公司,跨境型ETF,,NDX.GI,,,,,,
2022-06-01,159513.SZ,大成纳斯达克100ETF(QDII),20230728,纳斯达克100指数,纳斯达克100指数收益率(经汇率调整),大成基金管理有限公司,中国农业银行股份有限公司,跨境型ETF,,NDX.GI,,,,,,
2022-06-02,159513.SZ,大成纳斯达克100ETF(QDII),20230728,纳斯达克100指数,纳斯达克100指数收益率(经汇率调整),大成基金管理有限公司,中国农业银行股份有限公司,跨境型ETF,,NDX.GI,,,,,,
2022-06-06,159513.SZ,大成纳斯达克100ETF(QDII),20230728,纳斯达克100指数,纳斯达克100指数收益率(经汇率调整),大成基金管理有限公司,中国农业银行股份有限公司,跨境型ETF,,NDX.GI,,,,,,
2022-06-07,159513.SZ,大成纳斯达克100ETF(QDII),20230728,纳斯达克100指数,纳斯达克100指数收益率(经汇率调整),大成基金管理有限公司,中国农业银行股份有限公司,跨境型ETF,,NDX.GI,,,,,,
2022-06-08,159513.SZ,大成纳斯达克100ETF(QDII),20230728,纳斯达克100指数,纳斯达克100指数收益率(经汇率调整),大成基金管理有限公司,中国农业银行股份有限公司,跨境型ETF,,NDX.GI,,,,,,
2022-06-09,159513.SZ,大成纳斯达克100ETF(QDII),20230728,纳斯达克100指数,纳斯达克100指数收益率(经汇率调整),大成基金管理有限公司,中国农业银行股份有限公司,跨境型ETF,,NDX.GI,,,,,,
2022-06-10,159513.SZ,大成纳斯达克100ETF(QDII),20230728,纳斯达克100指数,纳斯达克100指数收益率(经汇率调整),大成基金管理有限公司,中国农业银行股份有限公司,跨境型ETF,,NDX.GI,,,,,,
2022-06-13,159513.SZ,大成纳斯达克100ETF(QDII),20230728,纳斯达克100指数,纳斯达克100指数收益率(经汇率调整),大成基金管理有限公司,中国农业银行股份有限公司,跨境型ETF,,NDX.GI,,,,,,
2022-06-14,159513.SZ,大成纳斯达克100ETF(QDII),20230728,纳斯达克100指数,纳斯达克100指数收益率(经汇率调整),大成基金管理有限公司,中国农业银行股份有限公司,跨境型ETF,,NDX.GI,,,,,,
2022-06-15,159513.SZ,大成纳斯达克100ETF(QDII),20230728,纳斯达克100指数,纳斯达克100指数收益率(经汇率调整),大成基金管理有限公司,中国农业银行股份有限公司,跨境型ETF,,NDX.GI,,,,,,
2022-06-16,159513.SZ,大成纳斯达克100ETF(QDII),20230728,纳斯达克100指数,纳斯达克100指数收益率(经汇率调整),大成基金管理有限公司,中国农业银行股份有限公司,跨境型ETF,,NDX.GI,,,,,,
2022-06-17,159513.SZ,大成纳斯达克100ETF(QDII),20230728,纳斯达克100指数,纳斯达克100指数收益率(经汇率调整),大成基金管理有限公司,中国农业银行股份有限公司,跨境型ETF,,NDX.GI,,,,,,
2022-06-20,159513.SZ,大成纳斯达克100ETF(QDII),20230728,纳斯达克100指数,纳斯达克100指数收益率(经汇率调整),大成基金管理有限公司,中国农业银行股份有限公司,跨境型ETF,,NDX.GI,,,,,,
2022-06-21,159513.SZ,大成纳斯达克100ETF(QDII),20230728,纳斯达克100指数,纳斯达克100指数收益率(经汇率调整),大成基金管理有限公司,中国农业银行股份有限公司,跨境型ETF,,NDX.GI,,,,,,
2022-06-22,159513.SZ,大成纳斯达克100ETF(QDII),20230728,纳斯达克100指数,纳斯达克100指数收益率(经汇率调整),大成基金管理有限公司,中国农业银行股份有限公司,跨境型ETF,,NDX.GI,,,,,,
2022-06-23,159513.SZ,大成纳斯达克100ETF(QDII),20230728,纳斯达克100指数,纳斯达克100指数收益率(经汇率调整),大成基金管理有限公司,中国农业银行股份有限公司,跨境型ETF,,NDX.GI,,,,,,
2022-06-24,159513.SZ,大成纳斯达克100ETF(QDII),20230728,纳斯达克100指数,纳斯达克100指数收益率(经汇率调整),大成基金管理有限公司,中国农业银行股份有限公司,跨境型ETF,,NDX.GI,,,,,,
2022-06-27,159513.SZ,大成纳斯达克100ETF(QDII),20230728,纳斯达克100指数,纳斯达克100指数收益率(经汇率调整),大成基金管理有限公司,中国农业银行股份有限公司,跨境型ETF,,NDX.GI,,,,,,
2022-06-28,159513.SZ,大成纳斯达克100ETF(QDII),20230728,纳斯达克100指数,纳斯达克100指数收益率(经汇率调整),大成基金管理有限公司,中国农业银行股份有限公司,跨境型ETF,,NDX.GI,,,,,,
2022-06-29,159513.SZ,大成纳斯达克100ETF(QDII),20230728,纳斯达克100指数,纳斯达克100指数收益率(经汇率调整),大成基金管理有限公司,中国农业银行股份有限公司,跨境型ETF,,NDX.GI,,,,,,
2022-06-30,159513.SZ,大成纳斯达克100ETF(QDII),20230728,纳斯达克100指数,纳斯达克100指数收益率(经汇率调整),大成基金管理有限公司,中国农业银行股份有限公司,跨境型ETF,,NDX.GI,,,,,,
2022-07-01,159513.SZ,大成纳斯达克100ETF(QDII),20230728,纳斯达克100指数,纳斯达克100指数收益率(经汇率调整),大成基金管理有限公司,中国农业银行股份有限公司,跨境型ETF,,NDX.GI,,,,,,
2022-07-04,159513.SZ,大成纳斯达克100ETF(QDII),20230728,纳斯达克100指数,纳斯达克100指数收益率(经汇率调整),大成基金管理有限公司,中国农业银行股份有限公司,跨境型ETF,,NDX.GI,,,,,,
2022-07-05,159513.SZ,大成纳斯达克100ETF(QDII),20230728,纳斯达克100指数,纳斯达克100指数收益率(经汇率调整),大成基金管理有限公司,中国农业银行股份有限公司,跨境型ETF,,NDX.GI,,,,,,
2022-07-06,159513.SZ,大成纳斯达克100ETF(QDII),20230728,纳斯达克100指数,纳斯达克100指数收益率(经汇率调整),大成基金管理有限公司,中国农业银行股份有限公司,跨境型ETF,,NDX.GI,,,,,,
2022-07-07,159513.SZ,大成纳斯达克100ETF(QDII),20230728,纳斯达克100指数,纳斯达克100指数收益率(经汇率调整),大成基金管理有限公司,中国农业银行股份有限公司,跨境型ETF,,NDX.GI,,,,,,
2022-07-08,159513.SZ,大成纳斯达克100ETF(QDII),20230728,纳斯达克100指数,纳斯达克100指数收益率(经汇率调整),大成基金管理有限公司,中国农业银行股份有限公司,跨境型ETF,,NDX.GI,,,,,,
2022-07-11,159513.SZ,大成纳斯达克100ETF(QDII),20230728,纳斯达克100指数,纳斯达克100指数收益率(经汇率调整),大成基金管理有限公司,中国农业银行股份有限公司,跨境型ETF,,NDX.GI,,,,,,
2022-07-12,159513.SZ,大成纳斯达克100ETF(QDII),20230728,纳斯达克100指数,纳斯达克100指数收益率(经汇率调整),大成基金管理有限公司,中国农业银行股份有限公司,跨境型ETF,,NDX.GI,,,,,,
2022-07-13,159513.SZ,大成纳斯达克100ETF(QDII),20230728,纳斯达克100指数,纳斯达克100指数收益率(经汇率调整),大成基金管理有限公司,中国农业银行股份有限公司,跨境型ETF,,NDX.GI,,,,,,
2022-07-14,159513.SZ,大成纳斯达克100ETF(QDII),20230728,纳斯达克100指数,纳斯达克100指数收益率(经汇率调整),大成基金管理有限公司,中国农业银行股份有限公司,跨境型ETF,,NDX.GI,,,,,,
2022-07-15,159513.SZ,大成纳斯达克100ETF(QDII),20230728,纳斯达克100指数,纳斯达克100指数收益率(经汇率调整),大成基金管理有限公司,中国农业银行股份有限公司,跨境型ETF,,NDX.GI,,,,,,
2022-07-18,159513.SZ,大成纳斯达克100ETF(QDII),20230728,纳斯达克100指数,纳斯达克100指数收益率(经汇率调整),大成基金管理有限公司,中国农业银行股份有限公司,跨境型ETF,,NDX.GI,,,,,,
2022-07-19,159513.SZ,大成纳斯达克100ETF(QDII),20230728,纳斯达克100指数,纳斯达克100指数收益率(经汇率调整),大成基金管理有限公司,中国农业银行股份有限公司,跨境型ETF,,NDX.GI,,,,,,
2022-07-20,159513.SZ,大成纳斯达克100ETF(QDII),20230728,纳斯达克100指数,纳斯达克100指数收益率(经汇率调整),大成基金管理有限公司,中国农业银行股份有限公司,跨境型ETF,,NDX.GI,,,,,,
2022-07-21,159513.SZ,大成纳斯达克100ETF(QDII),20230728,纳斯达克100指数,纳斯达克100指数收益率(经汇率调整),大成基金管理有限公司,中国农业银行股份有限公司,跨境型ETF,,NDX.GI,,,,,,
2022-07-22,159513.SZ,大成纳斯达克100ETF(QDII),20230728,纳斯达克100指数,纳斯达克100指数收益率(经汇率调整),大成基金管理有限公司,中国农业银行股份有限公司,跨境型ETF,,NDX.GI,,,,,,
2022-07-25,159513.SZ,大成纳斯达克100ETF(QDII),20230728,纳斯达克100指数,纳斯达克100指数收益率(经汇率调整),大成基金管理有限公司,中国农业银行股份有限公司,跨境型ETF,,NDX.GI,,,,,,
2022-07-26,159513.SZ,大成纳斯达克100ETF(QDII),20230728,纳斯达克100指数,纳斯达克100指数收益率(经汇率调整),大成基金管理有限公司,中国农业银行股份有限公司,跨境型ETF,,NDX.GI,,,,,,
2022-07-27,159513.SZ,大成纳斯达克100ETF(QDII),20230728,纳斯达克100指数,纳斯达克100指数收益率(经汇率调整),大成基金管理有限公司,中国农业银行股份有限公司,跨境型ETF,,NDX.GI,,,,,,
2022-07-28,159513.SZ,大成纳斯达克100ETF(QDII),20230728,纳斯达克100指数,纳斯达克100指数收益率(经汇率调整),大成基金管理有限公司,中国农业银行股份有限公司,跨境型ETF,,NDX.GI,,,,,,
2022-07-29,159513.SZ,大成纳斯达克100ETF(QDII),20230728,纳斯达克100指数,纳斯达克100指数收益率(经汇率调整),大成基金管理有限公司,中国农业银行股份有限公司,跨境型ETF,,NDX.GI,,,,,,
2022-08-01,159513.SZ,大成纳斯达克100ETF(QDII),20230728,纳斯达克100指数,纳斯达克100指数收益率(经汇率调整),大成基金管理有限公司,中国农业银行股份有限公司,跨境型ETF,,NDX.GI,,,,,,
2022-08-02,159513.SZ,大成纳斯达克100ETF(QDII),20230728,纳斯达克100指数,纳斯达克100指数收益率(经汇率调整),大成基金管理有限公司,中国农业银行股份有限公司,跨境型ETF,,NDX.GI,,,,,,
2022-08-03,159513.SZ,大成纳斯达克100ETF(QDII),20230728,纳斯达克100指数,纳斯达克100指数收益率(经汇率调整),大成基金管理有限公司,中国农业银行股份有限公司,跨境型ETF,,NDX.GI,,,,,,
2022-08-04,159513.SZ,大成纳斯达克100ETF(QDII),20230728,纳斯达克100指数,纳斯达克100指数收益率(经汇率调整),大成基金管理有限公司,中国农业银行股份有限公司,跨境型ETF,,NDX.GI,,,,,,
2022-08-05,159513.SZ,大成纳斯达克100ETF(QDII),20230728,纳斯达克100指数,纳斯达克100指数收益率(经汇率调整),大成基金管理有限公司,中国农业银行股份有限公司,跨境型ETF,,NDX.GI,,,,,,
2022-08-08,159513.SZ,大成纳斯达克100ETF(QDII),20230728,纳斯达克100指数,纳斯达克100指数收益率(经汇率调整),大成基金管理有限公司,中国农业银行股份有限公司,跨境型ETF,,NDX.GI,,,,,,
2022-08-09,159513.SZ,大成纳斯达克100ETF(QDII),20230728,纳斯达克100指数,纳斯达克100指数收益率(经汇率调整),大成基金管理有限公司,中国农业银行股份有限公司,跨境型ETF,,NDX.GI,,,,,,
2022-08-10,159513.SZ,大成纳斯达克100ETF(QDII),20230728,纳斯达克100指数,纳斯达克100指数收益率(经汇率调整),大成基金管理有限公司,中国农业银行股份有限公司,跨境型ETF,,NDX.GI,,,,,,
2022-08-11,159513.SZ,大成纳斯达克100ETF(QDII),20230728,纳斯达克100指数,纳斯达克100指数收益率(经汇率调整),大成基金管理有限公司,中国农业银行股份有限公司,跨境型ETF,,NDX.GI,,,,,,
2022-08-12,159513.SZ,大成纳斯达克100ETF(QDII),20230728,纳斯达克100指数,纳斯达克100指数收益率(经汇率调整),大成基金管理有限公司,中国农业银行股份有限公司,跨境型ETF,,NDX.GI,,,,,,
2022-08-15,159513.SZ,大成纳斯达克100ETF(QDII),20230728,纳斯达克100指数,纳斯达克100指数收益率(经汇率调整),大成基金管理有限公司,中国农业银行股份有限公司,跨境型ETF,,NDX.GI,,,,,,
2022-08-16,159513.SZ,大成纳斯达克100ETF(QDII),20230728,纳斯达克100指数,纳斯达克100指数收益率(经汇率调整),大成基金管理有限公司,中国农业银行股份有限公司,跨境型ETF,,NDX.GI,,,,,,
2022-08-17,159513.SZ,大成纳斯达克100ETF(QDII),20230728,纳斯达克100指数,纳斯达克100指数收益率(经汇率调整),大成基金管理有限公司,中国农业银行股份有限公司,跨境型ETF,,NDX.GI,,,,,,
2022-08-18,159513.SZ,大成纳斯达克100ETF(QDII),20230728,纳斯达克100指数,纳斯达克100指数收益率(经汇率调整),大成基金管理有限公司,中国农业银行股份有限公司,跨境型ETF,,NDX.GI,,,,,,
2022-08-19,159513.SZ,大成纳斯达克100ETF(QDII),20230728,纳斯达克100指数,纳斯达克100指数收益率(经汇率调整),大成基金管理有限公司,中国农业银行股份有限公司,跨境型ETF,,NDX.GI,,,,,,
2022-08-22,159513.SZ,大成纳斯达克100ETF(QDII),20230728,纳斯达克100指数,纳斯达克100指数收益率(经汇率调整),大成基金管理有限公司,中国农业银行股份有限公司,跨境型ETF,,NDX.GI,,,,,,
2022-08-23,159513.SZ,大成纳斯达克100ETF(QDII),20230728,纳斯达克100指数,纳斯达克100指数收益率(经汇率调整),大成基金管理有限公司,中国农业银行股份有限公司,跨境型ETF,,NDX.GI,,,,,,
2022-08-24,159513.SZ,大成纳斯达克100ETF(QDII),20230728,纳斯达克100指数,纳斯达克100指数收益率(经汇率调整),大成基金管理有限公司,中国农业银行股份有限公司,跨境型ETF,,NDX.GI,,,,,,
2022-08-25,159513.SZ,大成纳斯达克100ETF(QDII),20230728,纳斯达克100指数,纳斯达克100指数收益率(经汇率调整),大成基金管理有限公司,中国农业银行股份有限公司,跨境型ETF,,NDX.GI,,,,,,
2022-08-26,159513.SZ,大成纳斯达克100ETF(QDII),20230728,纳斯达克100指数,纳斯达克100指数收益率(经汇率调整),大成基金管理有限公司,中国农业银行股份有限公司,跨境型ETF,,NDX.GI,,,,,,
2022-08-29,159513.SZ,大成纳斯达克100ETF(QDII),20230728,纳斯达克100指数,纳斯达克100指数收益率(经汇率调整),大成基金管理有限公司,中国农业银行股份有限公司,跨境型ETF,,NDX.GI,,,,,,
2022-08-30,159513.SZ,大成纳斯达克100ETF(QDII),20230728,纳斯达克100指数,纳斯达克100指数收益率(经汇率调整),大成基金管理有限公司,中国农业银行股份有限公司,跨境型ETF,,NDX.GI,,,,,,
2022-08-31,159513.SZ,大成纳斯达克100ETF(QDII),20230728,纳斯达克100指数,纳斯达克100指数收益率(经汇率调整),大成基金管理有限公司,中国农业银行股份有限公司,跨境型ETF,,NDX.GI,,,,,,
2022-09-01,159513.SZ,大成纳斯达克100ETF(QDII),20230728,纳斯达克100指数,纳斯达克100指数收益率(经汇率调整),大成基金管理有限公司,中国农业银行股份有限公司,跨境型ETF,,NDX.GI,,,,,,
2022-09-02,159513.SZ,大成纳斯达克100ETF(QDII),20230728,纳斯达克100指数,纳斯达克100指数收益率(经汇率调整),大成基金管理有限公司,中国农业银行股份有限公司,跨境型ETF,,NDX.GI,,,,,,
2022-09-05,159513.SZ,大成纳斯达克100ETF(QDII),20230728,纳斯达克100指数,纳斯达克100指数收益率(经汇率调整),大成基金管理有限公司,中国农业银行股份有限公司,跨境型ETF,,NDX.GI,,,,,,
2022-09-06,159513.SZ,大成纳斯达克100ETF(QDII),20230728,纳斯达克100指数,纳斯达克100指数收益率(经汇率调整),大成基金管理有限公司,中国农业银行股份有限公司,跨境型ETF,,NDX.GI,,,,,,
2022-09-07,159513.SZ,大成纳斯达克100ETF(QDII),20230728,纳斯达克100指数,纳斯达克100指数收益率(经汇率调整),大成基金管理有限公司,中国农业银行股份有限公司,跨境型ETF,,NDX.GI,,,,,,
2022-09-08,159513.SZ,大成纳斯达克100ETF(QDII),20230728,纳斯达克100指数,纳斯达克100指数收益率(经汇率调整),大成基金管理有限公司,中国农业银行股份有限公司,跨境型ETF,,NDX.GI,,,,,,
2022-09-09,159513.SZ,大成纳斯达克100ETF(QDII),20230728,纳斯达克100指数,纳斯达克100指数收益率(经汇率调整),大成基金管理有限公司,中国农业银行股份有限公司,跨境型ETF,,NDX.GI,,,,,,
2022-09-13,159513.SZ,大成纳斯达克100ETF(QDII),20230728,纳斯达克100指数,纳斯达克100指数收益率(经汇率调整),大成基金管理有限公司,中国农业银行股份有限公司,跨境型ETF,,NDX.GI,,,,,,
2022-09-14,159513.SZ,大成纳斯达克100ETF(QDII),20230728,纳斯达克100指数,纳斯达克100指数收益率(经汇率调整),大成基金管理有限公司,中国农业银行股份有限公司,跨境型ETF,,NDX.GI,,,,,,
2022-09-15,159513.SZ,大成纳斯达克100ETF(QDII),20230728,纳斯达克100指数,纳斯达克100指数收益率(经汇率调整),大成基金管理有限公司,中国农业银行股份有限公司,跨境型ETF,,NDX.GI,,,,,,
2022-09-16,159513.SZ,大成纳斯达克100ETF(QDII),20230728,纳斯达克100指数,纳斯达克100指数收益率(经汇率调整),大成基金管理有限公司,中国农业银行股份有限公司,跨境型ETF,,NDX.GI,,,,,,
2022-09-19,159513.SZ,大成纳斯达克100ETF(QDII),20230728,纳斯达克100指数,纳斯达克100指数收益率(经汇率调整),大成基金管理有限公司,中国农业银行股份有限公司,跨境型ETF,,NDX.GI,,,,,,
2022-09-20,159513.SZ,大成纳斯达克100ETF(QDII),20230728,纳斯达克100指数,纳斯达克100指数收益率(经汇率调整),大成基金管理有限公司,中国农业银行股份有限公司,跨境型ETF,,NDX.GI,,,,,,
2022-09-21,159513.SZ,大成纳斯达克100ETF(QDII),20230728,纳斯达克100指数,纳斯达克100指数收益率(经汇率调整),大成基金管理有限公司,中国农业银行股份有限公司,跨境型ETF,,NDX.GI,,,,,,
2022-09-22,159513.SZ,大成纳斯达克100ETF(QDII),20230728,纳斯达克100指数,纳斯达克100指数收益率(经汇率调整),大成基金管理有限公司,中国农业银行股份有限公司,跨境型ETF,,NDX.GI,,,,,,
2022-09-23,159513.SZ,大成纳斯达克100ETF(QDII),20230728,纳斯达克100指数,纳斯达克100指数收益率(经汇率调整),大成基金管理有限公司,中国农业银行股份有限公司,跨境型ETF,,NDX.GI,,,,,,
2022-09-26,159513.SZ,大成纳斯达克100ETF(QDII),20230728,纳斯达克100指数,纳斯达克100指数收益率(经汇率调整),大成基金管理有限公司,中国农业银行股份有限公司,跨境型ETF,,NDX.GI,,,,,,
2022-09-27,159513.SZ,大成纳斯达克100ETF(QDII),20230728,纳斯达克100指数,纳斯达克100指数收益率(经汇率调整),大成基金管理有限公司,中国农业银行股份有限公司,跨境型ETF,,NDX.GI,,,,,,
2022-09-28,159513.SZ,大成纳斯达克100ETF(QDII),20230728,纳斯达克100指数,纳斯达克100指数收益率(经汇率调整),大成基金管理有限公司,中国农业银行股份有限公司,跨境型ETF,,NDX.GI,,,,,,
2022-09-29,159513.SZ,大成纳斯达克100ETF(QDII),20230728,纳斯达克100指数,纳斯达克100指数收益率(经汇率调整),大成基金管理有限公司,中国农业银行股份有限公司,跨境型ETF,,NDX.GI,,,,,,
2022-09-30,159513.SZ,大成纳斯达克100ETF(QDII),20230728,纳斯达克100指数,纳斯达克100指数收益率(经汇率调整),大成基金管理有限公司,中国农业银行股份有限公司,跨境型ETF,,NDX.GI,,,,,,
2022-10-10,159513.SZ,大成纳斯达克100ETF(QDII),20230728,纳斯达克100指数,纳斯达克100指数收益率(经汇率调整),大成基金管理有限公司,中国农业银行股份有限公司,跨境型ETF,,NDX.GI,,,,,,
2022-10-11,159513.SZ,大成纳斯达克100ETF(QDII),20230728,纳斯达克100指数,纳斯达克100指数收益率(经汇率调整),大成基金管理有限公司,中国农业银行股份有限公司,跨境型ETF,,NDX.GI,,,,,,
2022-10-12,159513.SZ,大成纳斯达克100ETF(QDII),20230728,纳斯达克100指数,纳斯达克100指数收益率(经汇率调整),大成基金管理有限公司,中国农业银行股份有限公司,跨境型ETF,,NDX.GI,,,,,,
2022-10-13,159513.SZ,大成纳斯达克100ETF(QDII),20230728,纳斯达克100指数,纳斯达克100指数收益率(经汇率调整),大成基金管理有限公司,中国农业银行股份有限公司,跨境型ETF,,NDX.GI,,,,,,
2022-10-14,159513.SZ,大成纳斯达克100ETF(QDII),20230728,纳斯达克100指数,纳斯达克100指数收益率(经汇率调整),大成基金管理有限公司,中国农业银行股份有限公司,跨境型ETF,,NDX.GI,,,,,,
2022-10-17,159513.SZ,大成纳斯达克100ETF(QDII),20230728,纳斯达克100指数,纳斯达克100指数收益率(经汇率调整),大成基金管理有限公司,中国农业银行股份有限公司,跨境型ETF,,NDX.GI,,,,,,
2022-10-18,159513.SZ,大成纳斯达克100ETF(QDII),20230728,纳斯达克100指数,纳斯达克100指数收益率(经汇率调整),大成基金管理有限公司,中国农业银行股份有限公司,跨境型ETF,,NDX.GI,,,,,,
2022-10-19,159513.SZ,大成纳斯达克100ETF(QDII),20230728,纳斯达克100指数,纳斯达克100指数收益率(经汇率调整),大成基金管理有限公司,中国农业银行股份有限公司,跨境型ETF,,NDX.GI,,,,,,
2022-10-20,159513.SZ,大成纳斯达克100ETF(QDII),20230728,纳斯达克100指数,纳斯达克100指数收益率(经汇率调整),大成基金管理有限公司,中国农业银行股份有限公司,跨境型ETF,,NDX.GI,,,,,,
2022-10-21,159513.SZ,大成纳斯达克100ETF(QDII),20230728,纳斯达克100指数,纳斯达克100指数收益率(经汇率调整),大成基金管理有限公司,中国农业银行股份有限公司,跨境型ETF,,NDX.GI,,,,,,
2022-10-24,159513.SZ,大成纳斯达克100ETF(QDII),20230728,纳斯达克100指数,纳斯达克100指数收益率(经汇率调整),大成基金管理有限公司,中国农业银行股份有限公司,跨境型ETF,,NDX.GI,,,,,,
2022-10-25,159513.SZ,大成纳斯达克100ETF(QDII),20230728,纳斯达克100指数,纳斯达克100指数收益率(经汇率调整),大成基金管理有限公司,中国农业银行股份有限公司,跨境型ETF,,NDX.GI,,,,,,
2022-10-26,159513.SZ,大成纳斯达克100ETF(QDII),20230728,纳斯达克100指数,纳斯达克100指数收益率(经汇率调整),大成基金管理有限公司,中国农业银行股份有限公司,跨境型ETF,,NDX.GI,,,,,,
2022-10-27,159513.SZ,大成纳斯达克100ETF(QDII),20230728,纳斯达克100指数,纳斯达克100指数收益率(经汇率调整),大成基金管理有限公司,中国农业银行股份有限公司,跨境型ETF,,NDX.GI,,,,,,
2022-10-28,159513.SZ,大成纳斯达克100ETF(QDII),20230728,纳斯达克100指数,纳斯达克100指数收益率(经汇率调整),大成基金管理有限公司,中国农业银行股份有限公司,跨境型ETF,,NDX.GI,,,,,,
2022-10-31,159513.SZ,大成纳斯达克100ETF(QDII),20230728,纳斯达克100指数,纳斯达克100指数收益率(经汇率调整),大成基金管理有限公司,中国农业银行股份有限公司,跨境型ETF,,NDX.GI,,,,,,
2022-11-01,159513.SZ,大成纳斯达克100ETF(QDII),20230728,纳斯达克100指数,纳斯达克100指数收益率(经汇率调整),大成基金管理有限公司,中国农业银行股份有限公司,跨境型ETF,,NDX.GI,,,,,,
2022-11-02,159513.SZ,大成纳斯达克100ETF(QDII),20230728,纳斯达克100指数,纳斯达克100指数收益率(经汇率调整),大成基金管理有限公司,中国农业银行股份有限公司,跨境型ETF,,NDX.GI,,,,,,
2022-11-03,159513.SZ,大成纳斯达克100ETF(QDII),20230728,纳斯达克100指数,纳斯达克100指数收益率(经汇率调整),大成基金管理有限公司,中国农业银行股份有限公司,跨境型ETF,,NDX.GI,,,,,,
2022-11-04,159513.SZ,大成纳斯达克100ETF(QDII),20230728,纳斯达克100指数,纳斯达克100指数收益率(经汇率调整),大成基金管理有限公司,中国农业银行股份有限公司,跨境型ETF,,NDX.GI,,,,,,
2022-11-07,159513.SZ,大成纳斯达克100ETF(QDII),20230728,纳斯达克100指数,纳斯达克100指数收益率(经汇率调整),大成基金管理有限公司,中国农业银行股份有限公司,跨境型ETF,,NDX.GI,,,,,,
2022-11-08,159513.SZ,大成纳斯达克100ETF(QDII),20230728,纳斯达克100指数,纳斯达克100指数收益率(经汇率调整),大成基金管理有限公司,中国农业银行股份有限公司,跨境型ETF,,NDX.GI,,,,,,
2022-11-09,159513.SZ,大成纳斯达克100ETF(QDII),20230728,纳斯达克100指数,纳斯达克100指数收益率(经汇率调整),大成基金管理有限公司,中国农业银行股份有限公司,跨境型ETF,,NDX.GI,,,,,,
2022-11-10,159513.SZ,大成纳斯达克100ETF(QDII),20230728,纳斯达克100指数,纳斯达克100指数收益率(经汇率调整),大成基金管理有限公司,中国农业银行股份有限公司,跨境型ETF,,NDX.GI,,,,,,
2022-11-11,159513.SZ,大成纳斯达克100ETF(QDII),20230728,纳斯达克100指数,纳斯达克100指数收益率(经汇率调整),大成基金管理有限公司,中国农业银行股份有限公司,跨境型ETF,,NDX.GI,,,,,,
2022-11-14,159513.SZ,大成纳斯达克100ETF(QDII),20230728,纳斯达克100指数,纳斯达克100指数收益率(经汇率调整),大成基金管理有限公司,中国农业银行股份有限公司,跨境型ETF,,NDX.GI,,,,,,
2022-11-15,159513.SZ,大成纳斯达克100ETF(QDII),20230728,纳斯达克100指数,纳斯达克100指数收益率(经汇率调整),大成基金管理有限公司,中国农业银行股份有限公司,跨境型ETF,,NDX.GI,,,,,,
2022-11-16,159513.SZ,大成纳斯达克100ETF(QDII),20230728,纳斯达克100指数,纳斯达克100指数收益率(经汇率调整),大成基金管理有限公司,中国农业银行股份有限公司,跨境型ETF,,NDX.GI,,,,,,
2022-11-17,159513.SZ,大成纳斯达克100ETF(QDII),20230728,纳斯达克100指数,纳斯达克100指数收益率(经汇率调整),大成基金管理有限公司,中国农业银行股份有限公司,跨境型ETF,,NDX.GI,,,,,,
2022-11-18,159513.SZ,大成纳斯达克100ETF(QDII),20230728,纳斯达克100指数,纳斯达克100指数收益率(经汇率调整),大成基金管理有限公司,中国农业银行股份有限公司,跨境型ETF,,NDX.GI,,,,,,
2022-11-21,159513.SZ,大成纳斯达克100ETF(QDII),20230728,纳斯达克100指数,纳斯达克100指数收益率(经汇率调整),大成基金管理有限公司,中国农业银行股份有限公司,跨境型ETF,,NDX.GI,,,,,,
2022-11-22,159513.SZ,大成纳斯达克100ETF(QDII),20230728,纳斯达克100指数,纳斯达克100指数收益率(经汇率调整),大成基金管理有限公司,中国农业银行股份有限公司,跨境型ETF,,NDX.GI,,,,,,
2022-11-23,159513.SZ,大成纳斯达克100ETF(QDII),20230728,纳斯达克100指数,纳斯达克100指数收益率(经汇率调整),大成基金管理有限公司,中国农业银行股份有限公司,跨境型ETF,,NDX.GI,,,,,,
2022-11-24,159513.SZ,大成纳斯达克100ETF(QDII),20230728,纳斯达克100指数,纳斯达克100指数收益率(经汇率调整),大成基金管理有限公司,中国农业银行股份有限公司,跨境型ETF,,NDX.GI,,,,,,
2022-11-25,159513.SZ,大成纳斯达克100ETF(QDII),20230728,纳斯达克100指数,纳斯达克100指数收益率(经汇率调整),大成基金管理有限公司,中国农业银行股份有限公司,跨境型ETF,,NDX.GI,,,,,,
2022-11-28,159513.SZ,大成纳斯达克100ETF(QDII),20230728,纳斯达克100指数,纳斯达克100指数收益率(经汇率调整),大成基金管理有限公司,中国农业银行股份有限公司,跨境型ETF,,NDX.GI,,,,,,
2022-11-29,159513.SZ,大成纳斯达克100ETF(QDII),20230728,纳斯达克100指数,纳斯达克100指数收益率(经汇率调整),大成基金管理有限公司,中国农业银行股份有限公司,跨境型ETF,,NDX.GI,,,,,,
2022-11-30,159513.SZ,大成纳斯达克100ETF(QDII),20230728,纳斯达克100指数,纳斯达克100指数收益率(经汇率调整),大成基金管理有限公司,中国农业银行股份有限公司,跨境型ETF,,NDX.GI,,,,,,
2022-12-01,159513.SZ,大成纳斯达克100ETF(QDII),20230728,纳斯达克100指数,纳斯达克100指数收益率(经汇率调整),大成基金管理有限公司,中国农业银行股份有限公司,跨境型ETF,,NDX.GI,,,,,,
2022-12-02,159513.SZ,大成纳斯达克100ETF(QDII),20230728,纳斯达克100指数,纳斯达克100指数收益率(经汇率调整),大成基金管理有限公司,中国农业银行股份有限公司,跨境型ETF,,NDX.GI,,,,,,
2022-12-05,159513.SZ,大成纳斯达克100ETF(QDII),20230728,纳斯达克100指数,纳斯达克100指数收益率(经汇率调整),大成基金管理有限公司,中国农业银行股份有限公司,跨境型ETF,,NDX.GI,,,,,,
2022-12-06,159513.SZ,大成纳斯达克100ETF(QDII),20230728,纳斯达克100指数,纳斯达克100指数收益率(经汇率调整),大成基金管理有限公司,中国农业银行股份有限公司,跨境型ETF,,NDX.GI,,,,,,
2022-12-07,159513.SZ,大成纳斯达克100ETF(QDII),20230728,纳斯达克100指数,纳斯达克100指数收益率(经汇率调整),大成基金管理有限公司,中国农业银行股份有限公司,跨境型ETF,,NDX.GI,,,,,,
2022-12-08,159513.SZ,大成纳斯达克100ETF(QDII),20230728,纳斯达克100指数,纳斯达克100指数收益率(经汇率调整),大成基金管理有限公司,中国农业银行股份有限公司,跨境型ETF,,NDX.GI,,,,,,
2022-12-09,159513.SZ,大成纳斯达克100ETF(QDII),20230728,纳斯达克100指数,纳斯达克100指数收益率(经汇率调整),大成基金管理有限公司,中国农业银行股份有限公司,跨境型ETF,,NDX.GI,,,,,,
2022-12-12,159513.SZ,大成纳斯达克100ETF(QDII),20230728,纳斯达克100指数,纳斯达克100指数收益率(经汇率调整),大成基金管理有限公司,中国农业银行股份有限公司,跨境型ETF,,NDX.GI,,,,,,
2022-12-13,159513.SZ,大成纳斯达克100ETF(QDII),20230728,纳斯达克100指数,纳斯达克100指数收益率(经汇率调整),大成基金管理有限公司,中国农业银行股份有限公司,跨境型ETF,,NDX.GI,,,,,,
2022-12-14,159513.SZ,大成纳斯达克100ETF(QDII),20230728,纳斯达克100指数,纳斯达克100指数收益率(经汇率调整),大成基金管理有限公司,中国农业银行股份有限公司,跨境型ETF,,NDX.GI,,,,,,
2022-12-15,159513.SZ,大成纳斯达克100ETF(QDII),20230728,纳斯达克100指数,纳斯达克100指数收益率(经汇率调整),大成基金管理有限公司,中国农业银行股份有限公司,跨境型ETF,,NDX.GI,,,,,,
2022-12-16,159513.SZ,大成纳斯达克100ETF(QDII),20230728,纳斯达克100指数,纳斯达克100指数收益率(经汇率调整),大成基金管理有限公司,中国农业银行股份有限公司,跨境型ETF,,NDX.GI,,,,,,
2022-12-19,159513.SZ,大成纳斯达克100ETF(QDII),20230728,纳斯达克100指数,纳斯达克100指数收益率(经汇率调整),大成基金管理有限公司,中国农业银行股份有限公司,跨境型ETF,,NDX.GI,,,,,,
2022-12-20,159513.SZ,大成纳斯达克100ETF(QDII),20230728,纳斯达克100指数,纳斯达克100指数收益率(经汇率调整),大成基金管理有限公司,中国农业银行股份有限公司,跨境型ETF,,NDX.GI,,,,,,
2022-12-21,159513.SZ,大成纳斯达克100ETF(QDII),20230728,纳斯达克100指数,纳斯达克100指数收益率(经汇率调整),大成基金管理有限公司,中国农业银行股份有限公司,跨境型ETF,,NDX.GI,,,,,,
2022-12-22,159513.SZ,大成纳斯达克100ETF(QDII),20230728,纳斯达克100指数,纳斯达克100指数收益率(经汇率调整),大成基金管理有限公司,中国农业银行股份有限公司,跨境型ETF,,NDX.GI,,,,,,
2022-12-23,159513.SZ,大成纳斯达克100ETF(QDII),20230728,纳斯达克100指数,纳斯达克100指数收益率(经汇率调整),大成基金管理有限公司,中国农业银行股份有限公司,跨境型ETF,,NDX.GI,,,,,,
2022-12-26,159513.SZ,大成纳斯达克100ETF(QDII),20230728,纳斯达克100指数,纳斯达克100指数收益率(经汇率调整),大成基金管理有限公司,中国农业银行股份有限公司,跨境型ETF,,NDX.GI,,,,,,
2022-12-27,159513.SZ,大成纳斯达克100ETF(QDII),20230728,纳斯达克100指数,纳斯达克100指数收益率(经汇率调整),大成基金管理有限公司,中国农业银行股份有限公司,跨境型ETF,,NDX.GI,,,,,,
2022-12-28,159513.SZ,大成纳斯达克100ETF(QDII),20230728,纳斯达克100指数,纳斯达克100指数收益率(经汇率调整),大成基金管理有限公司,中国农业银行股份有限公司,跨境型ETF,,NDX.GI,,,,,,
2022-12-29,159513.SZ,大成纳斯达克100ETF(QDII),20230728,纳斯达克100指数,纳斯达克100指数收益率(经汇率调整),大成基金管理有限公司,中国农业银行股份有限公司,跨境型ETF,,NDX.GI,,,,,,
2022-12-30,159513.SZ,大成纳斯达克100ETF(QDII),20230728,纳斯达克100指数,纳斯达克100指数收益率(经汇率调整),大成基金管理有限公司,中国农业银行股份有限公司,跨境型ETF,,NDX.GI,,,,,,
2023-01-03,159513.SZ,大成纳斯达克100ETF(QDII),20230728,纳斯达克100指数,纳斯达克100指数收益率(经汇率调整),大成基金管理有限公司,中国农业银行股份有限公司,跨境型ETF,,NDX.GI,,,,,,
2023-01-04,159513.SZ,大成纳斯达克100ETF(QDII),20230728,纳斯达克100指数,纳斯达克100指数收益率(经汇率调整),大成基金管理有限公司,中国农业银行股份有限公司,跨境型ETF,,NDX.GI,,,,,,
2023-01-05,159513.SZ,大成纳斯达克100ETF(QDII),20230728,纳斯达克100指数,纳斯达克100指数收益率(经汇率调整),大成基金管理有限公司,中国农业银行股份有限公司,跨境型ETF,,NDX.GI,,,,,,
2023-01-06,159513.SZ,大成纳斯达克100ETF(QDII),20230728,纳斯达克100指数,纳斯达克100指数收益率(经汇率调整),大成基金管理有限公司,中国农业银行股份有限公司,跨境型ETF,,NDX.GI,,,,,,
2023-01-09,159513.SZ,大成纳斯达克100ETF(QDII),20230728,纳斯达克100指数,纳斯达克100指数收益率(经汇率调整),大成基金管理有限公司,中国农业银行股份有限公司,跨境型ETF,,NDX.GI,,,,,,
2023-01-10,159513.SZ,大成纳斯达克100ETF(QDII),20230728,纳斯达克100指数,纳斯达克100指数收益率(经汇率调整),大成基金管理有限公司,中国农业银行股份有限公司,跨境型ETF,,NDX.GI,,,,,,
2023-01-11,159513.SZ,大成纳斯达克100ETF(QDII),20230728,纳斯达克100指数,纳斯达克100指数收益率(经汇率调整),大成基金管理有限公司,中国农业银行股份有限公司,跨境型ETF,,NDX.GI,,,,,,
2023-01-12,159513.SZ,大成纳斯达克100ETF(QDII),20230728,纳斯达克100指数,纳斯达克100指数收益率(经汇率调整),大成基金管理有限公司,中国农业银行股份有限公司,跨境型ETF,,NDX.GI,,,,,,
2023-01-13,159513.SZ,大成纳斯达克100ETF(QDII),20230728,纳斯达克100指数,纳斯达克100指数收益率(经汇率调整),大成基金管理有限公司,中国农业银行股份有限公司,跨境型ETF,,NDX.GI,,,,,,
2023-01-16,159513.SZ,大成纳斯达克100ETF(QDII),20230728,纳斯达克100指数,纳斯达克100指数收益率(经汇率调整),大成基金管理有限公司,中国农业银行股份有限公司,跨境型ETF,,NDX.GI,,,,,,
2023-01-17,159513.SZ,大成纳斯达克100ETF(QDII),20230728,纳斯达克100指数,纳斯达克100指数收益率(经汇率调整),大成基金管理有限公司,中国农业银行股份有限公司,跨境型ETF,,NDX.GI,,,,,,
2023-01-18,159513.SZ,大成纳斯达克100ETF(QDII),20230728,纳斯达克100指数,纳斯达克100指数收益率(经汇率调整),大成基金管理有限公司,中国农业银行股份有限公司,跨境型ETF,,NDX.GI,,,,,,
2023-01-19,159513.SZ,大成纳斯达克100ETF(QDII),20230728,纳斯达克100指数,纳斯达克100指数收益率(经汇率调整),大成基金管理有限公司,中国农业银行股份有限公司,跨境型ETF,,NDX.GI,,,,,,
2023-01-20,159513.SZ,大成纳斯达克100ETF(QDII),20230728,纳斯达克100指数,纳斯达克100指数收益率(经汇率调整),大成基金管理有限公司,中国农业银行股份有限公司,跨境型ETF,,NDX.GI,,,,,,
2023-01-30,159513.SZ,大成纳斯达克100ETF(QDII),20230728,纳斯达克100指数,纳斯达克100指数收益率(经汇率调整),大成基金管理有限公司,中国农业银行股份有限公司,跨境型ETF,,NDX.GI,,,,,,
2023-01-31,159513.SZ,大成纳斯达克100ETF(QDII),20230728,纳斯达克100指数,纳斯达克100指数收益率(经汇率调整),大成基金管理有限公司,中国农业银行股份有限公司,跨境型ETF,,NDX.GI,,,,,,
2023-02-01,159513.SZ,大成纳斯达克100ETF(QDII),20230728,纳斯达克100指数,纳斯达克100指数收益率(经汇率调整),大成基金管理有限公司,中国农业银行股份有限公司,跨境型ETF,,NDX.GI,,,,,,
2023-02-02,159513.SZ,大成纳斯达克100ETF(QDII),20230728,纳斯达克100指数,纳斯达克100指数收益率(经汇率调整),大成基金管理有限公司,中国农业银行股份有限公司,跨境型ETF,,NDX.GI,,,,,,
2023-02-03,159513.SZ,大成纳斯达克100ETF(QDII),20230728,纳斯达克100指数,纳斯达克100指数收益率(经汇率调整),大成基金管理有限公司,中国农业银行股份有限公司,跨境型ETF,,NDX.GI,,,,,,
2023-02-06,159513.SZ,大成纳斯达克100ETF(QDII),20230728,纳斯达克100指数,纳斯达克100指数收益率(经汇率调整),大成基金管理有限公司,中国农业银行股份有限公司,跨境型ETF,,NDX.GI,,,,,,
2023-02-07,159513.SZ,大成纳斯达克100ETF(QDII),20230728,纳斯达克100指数,纳斯达克100指数收益率(经汇率调整),大成基金管理有限公司,中国农业银行股份有限公司,跨境型ETF,,NDX.GI,,,,,,
2023-02-08,159513.SZ,大成纳斯达克100ETF(QDII),20230728,纳斯达克100指数,纳斯达克100指数收益率(经汇率调整),大成基金管理有限公司,中国农业银行股份有限公司,跨境型ETF,,NDX.GI,,,,,,
2023-02-09,159513.SZ,大成纳斯达克100ETF(QDII),20230728,纳斯达克100指数,纳斯达克100指数收益率(经汇率调整),大成基金管理有限公司,中国农业银行股份有限公司,跨境型ETF,,NDX.GI,,,,,,
2023-02-10,159513.SZ,大成纳斯达克100ETF(QDII),20230728,纳斯达克100指数,纳斯达克100指数收益率(经汇率调整),大成基金管理有限公司,中国农业银行股份有限公司,跨境型ETF,,NDX.GI,,,,,,
2023-02-13,159513.SZ,大成纳斯达克100ETF(QDII),20230728,纳斯达克100指数,纳斯达克100指数收益率(经汇率调整),大成基金管理有限公司,中国农业银行股份有限公司,跨境型ETF,,NDX.GI,,,,,,
2023-02-14,159513.SZ,大成纳斯达克100ETF(QDII),20230728,纳斯达克100指数,纳斯达克100指数收益率(经汇率调整),大成基金管理有限公司,中国农业银行股份有限公司,跨境型ETF,,NDX.GI,,,,,,
2023-02-15,159513.SZ,大成纳斯达克100ETF(QDII),20230728,纳斯达克100指数,纳斯达克100指数收益率(经汇率调整),大成基金管理有限公司,中国农业银行股份有限公司,跨境型ETF,,NDX.GI,,,,,,
2023-02-16,159513.SZ,大成纳斯达克100ETF(QDII),20230728,纳斯达克100指数,纳斯达克100指数收益率(经汇率调整),大成基金管理有限公司,中国农业银行股份有限公司,跨境型ETF,,NDX.GI,,,,,,
2023-02-17,159513.SZ,大成纳斯达克100ETF(QDII),20230728,纳斯达克100指数,纳斯达克100指数收益率(经汇率调整),大成基金管理有限公司,中国农业银行股份有限公司,跨境型ETF,,NDX.GI,,,,,,
2023-02-20,159513.SZ,大成纳斯达克100ETF(QDII),20230728,纳斯达克100指数,纳斯达克100指数收益率(经汇率调整),大成基金管理有限公司,中国农业银行股份有限公司,跨境型ETF,,NDX.GI,,,,,,
2023-02-21,159513.SZ,大成纳斯达克100ETF(QDII),20230728,纳斯达克100指数,纳斯达克100指数收益率(经汇率调整),大成基金管理有限公司,中国农业银行股份有限公司,跨境型ETF,,NDX.GI,,,,,,
2023-02-22,159513.SZ,大成纳斯达克100ETF(QDII),20230728,纳斯达克100指数,纳斯达克100指数收益率(经汇率调整),大成基金管理有限公司,中国农业银行股份有限公司,跨境型ETF,,NDX.GI,,,,,,
2023-02-23,159513.SZ,大成纳斯达克100ETF(QDII),20230728,纳斯达克100指数,纳斯达克100指数收益率(经汇率调整),大成基金管理有限公司,中国农业银行股份有限公司,跨境型ETF,,NDX.GI,,,,,,
2023-02-24,159513.SZ,大成纳斯达克100ETF(QDII),20230728,纳斯达克100指数,纳斯达克100指数收益率(经汇率调整),大成基金管理有限公司,中国农业银行股份有限公司,跨境型ETF,,NDX.GI,,,,,,
2023-02-27,159513.SZ,大成纳斯达克100ETF(QDII),20230728,纳斯达克100指数,纳斯达克100指数收益率(经汇率调整),大成基金管理有限公司,中国农业银行股份有限公司,跨境型ETF,,NDX.GI,,,,,,
2023-02-28,159513.SZ,大成纳斯达克100ETF(QDII),20230728,纳斯达克100指数,纳斯达克100指数收益率(经汇率调整),大成基金管理有限公司,中国农业银行股份有限公司,跨境型ETF,,NDX.GI,,,,,,
2023-03-01,159513.SZ,大成纳斯达克100ETF(QDII),20230728,纳斯达克100指数,纳斯达克100指数收益率(经汇率调整),大成基金管理有限公司,中国农业银行股份有限公司,跨境型ETF,,NDX.GI,,,,,,
2023-03-02,159513.SZ,大成纳斯达克100ETF(QDII),20230728,纳斯达克100指数,纳斯达克100指数收益率(经汇率调整),大成基金管理有限公司,中国农业银行股份有限公司,跨境型ETF,,NDX.GI,,,,,,
2023-03-03,159513.SZ,大成纳斯达克100ETF(QDII),20230728,纳斯达克100指数,纳斯达克100指数收益率(经汇率调整),大成基金管理有限公司,中国农业银行股份有限公司,跨境型ETF,,NDX.GI,,,,,,
2023-03-06,159513.SZ,大成纳斯达克100ETF(QDII),20230728,纳斯达克100指数,纳斯达克100指数收益率(经汇率调整),大成基金管理有限公司,中国农业银行股份有限公司,跨境型ETF,,NDX.GI,,,,,,
2023-03-07,159513.SZ,大成纳斯达克100ETF(QDII),20230728,纳斯达克100指数,纳斯达克100指数收益率(经汇率调整),大成基金管理有限公司,中国农业银行股份有限公司,跨境型ETF,,NDX.GI,,,,,,
2023-03-08,159513.SZ,大成纳斯达克100ETF(QDII),20230728,纳斯达克100指数,纳斯达克100指数收益率(经汇率调整),大成基金管理有限公司,中国农业银行股份有限公司,跨境型ETF,,NDX.GI,,,,,,
2023-03-09,159513.SZ,大成纳斯达克100ETF(QDII),20230728,纳斯达克100指数,纳斯达克100指数收益率(经汇率调整),大成基金管理有限公司,中国农业银行股份有限公司,跨境型ETF,,NDX.GI,,,,,,
2023-03-10,159513.SZ,大成纳斯达克100ETF(QDII),20230728,纳斯达克100指数,纳斯达克100指数收益率(经汇率调整),大成基金管理有限公司,中国农业银行股份有限公司,跨境型ETF,,NDX.GI,,,,,,
2023-03-13,159513.SZ,大成纳斯达克100ETF(QDII),20230728,纳斯达克100指数,纳斯达克100指数收益率(经汇率调整),大成基金管理有限公司,中国农业银行股份有限公司,跨境型ETF,,NDX.GI,,,,,,
2023-03-14,159513.SZ,大成纳斯达克100ETF(QDII),20230728,纳斯达克100指数,纳斯达克100指数收益率(经汇率调整),大成基金管理有限公司,中国农业银行股份有限公司,跨境型ETF,,NDX.GI,,,,,,
2023-03-15,159513.SZ,大成纳斯达克100ETF(QDII),20230728,纳斯达克100指数,纳斯达克100指数收益率(经汇率调整),大成基金管理有限公司,中国农业银行股份有限公司,跨境型ETF,,NDX.GI,,,,,,
2023-03-16,159513.SZ,大成纳斯达克100ETF(QDII),20230728,纳斯达克100指数,纳斯达克100指数收益率(经汇率调整),大成基金管理有限公司,中国农业银行股份有限公司,跨境型ETF,,NDX.GI,,,,,,
2023-03-17,159513.SZ,大成纳斯达克100ETF(QDII),20230728,纳斯达克100指数,纳斯达克100指数收益率(经汇率调整),大成基金管理有限公司,中国农业银行股份有限公司,跨境型ETF,,NDX.GI,,,,,,
2023-03-20,159513.SZ,大成纳斯达克100ETF(QDII),20230728,纳斯达克100指数,纳斯达克100指数收益率(经汇率调整),大成基金管理有限公司,中国农业银行股份有限公司,跨境型ETF,,NDX.GI,,,,,,
2023-03-21,159513.SZ,大成纳斯达克100ETF(QDII),20230728,纳斯达克100指数,纳斯达克100指数收益率(经汇率调整),大成基金管理有限公司,中国农业银行股份有限公司,跨境型ETF,,NDX.GI,,,,,,
2023-03-22,159513.SZ,大成纳斯达克100ETF(QDII),20230728,纳斯达克100指数,纳斯达克100指数收益率(经汇率调整),大成基金管理有限公司,中国农业银行股份有限公司,跨境型ETF,,NDX.GI,,,,,,
2023-03-23,159513.SZ,大成纳斯达克100ETF(QDII),20230728,纳斯达克100指数,纳斯达克100指数收益率(经汇率调整),大成基金管理有限公司,中国农业银行股份有限公司,跨境型ETF,,NDX.GI,,,,,,
2023-03-24,159513.SZ,大成纳斯达克100ETF(QDII),20230728,纳斯达克100指数,纳斯达克100指数收益率(经汇率调整),大成基金管理有限公司,中国农业银行股份有限公司,跨境型ETF,,NDX.GI,,,,,,
2023-03-27,159513.SZ,大成纳斯达克100ETF(QDII),20230728,纳斯达克100指数,纳斯达克100指数收益率(经汇率调整),大成基金管理有限公司,中国农业银行股份有限公司,跨境型ETF,,NDX.GI,,,,,,
2023-03-28,159513.SZ,大成纳斯达克100ETF(QDII),20230728,纳斯达克100指数,纳斯达克100指数收益率(经汇率调整),大成基金管理有限公司,中国农业银行股份有限公司,跨境型ETF,,NDX.GI,,,,,,
2023-03-29,159513.SZ,大成纳斯达克100ETF(QDII),20230728,纳斯达克100指数,纳斯达克100指数收益率(经汇率调整),大成基金管理有限公司,中国农业银行股份有限公司,跨境型ETF,,NDX.GI,,,,,,
2023-03-30,159513.SZ,大成纳斯达克100ETF(QDII),20230728,纳斯达克100指数,纳斯达克100指数收益率(经汇率调整),大成基金管理有限公司,中国农业银行股份有限公司,跨境型ETF,,NDX.GI,,,,,,
2023-03-31,159513.SZ,大成纳斯达克100ETF(QDII),20230728,纳斯达克100指数,纳斯达克100指数收益率(经汇率调整),大成基金管理有限公司,中国农业银行股份有限公司,跨境型ETF,,NDX.GI,,,,,,
2023-04-03,159513.SZ,大成纳斯达克100ETF(QDII),20230728,纳斯达克100指数,纳斯达克100指数收益率(经汇率调整),大成基金管理有限公司,中国农业银行股份有限公司,跨境型ETF,,NDX.GI,,,,,,
2023-04-04,159513.SZ,大成纳斯达克100ETF(QDII),20230728,纳斯达克100指数,纳斯达克100指数收益率(经汇率调整),大成基金管理有限公司,中国农业银行股份有限公司,跨境型ETF,,NDX.GI,,,,,,
2023-04-06,159513.SZ,大成纳斯达克100ETF(QDII),20230728,纳斯达克100指数,纳斯达克100指数收益率(经汇率调整),大成基金管理有限公司,中国农业银行股份有限公司,跨境型ETF,,NDX.GI,,,,,,
2023-04-07,159513.SZ,大成纳斯达克100ETF(QDII),20230728,纳斯达克100指数,纳斯达克100指数收益率(经汇率调整),大成基金管理有限公司,中国农业银行股份有限公司,跨境型ETF,,NDX.GI,,,,,,
2023-04-10,159513.SZ,大成纳斯达克100ETF(QDII),20230728,纳斯达克100指数,纳斯达克100指数收益率(经汇率调整),大成基金管理有限公司,中国农业银行股份有限公司,跨境型ETF,,NDX.GI,,,,,,
2023-04-11,159513.SZ,大成纳斯达克100ETF(QDII),20230728,纳斯达克100指数,纳斯达克100指数收益率(经汇率调整),大成基金管理有限公司,中国农业银行股份有限公司,跨境型ETF,,NDX.GI,,,,,,
2023-04-12,159513.SZ,大成纳斯达克100ETF(QDII),20230728,纳斯达克100指数,纳斯达克100指数收益率(经汇率调整),大成基金管理有限公司,中国农业银行股份有限公司,跨境型ETF,,NDX.GI,,,,,,
2023-04-13,159513.SZ,大成纳斯达克100ETF(QDII),20230728,纳斯达克100指数,纳斯达克100指数收益率(经汇率调整),大成基金管理有限公司,中国农业银行股份有限公司,跨境型ETF,,NDX.GI,,,,,,
2023-04-14,159513.SZ,大成纳斯达克100ETF(QDII),20230728,纳斯达克100指数,纳斯达克100指数收益率(经汇率调整),大成基金管理有限公司,中国农业银行股份有限公司,跨境型ETF,,NDX.GI,,,,,,
2023-04-17,159513.SZ,大成纳斯达克100ETF(QDII),20230728,纳斯达克100指数,纳斯达克100指数收益率(经汇率调整),大成基金管理有限公司,中国农业银行股份有限公司,跨境型ETF,,NDX.GI,,,,,,
2023-04-18,159513.SZ,大成纳斯达克100ETF(QDII),20230728,纳斯达克100指数,纳斯达克100指数收益率(经汇率调整),大成基金管理有限公司,中国农业银行股份有限公司,跨境型ETF,,NDX.GI,,,,,,
2023-04-19,159513.SZ,大成纳斯达克100ETF(QDII),20230728,纳斯达克100指数,纳斯达克100指数收益率(经汇率调整),大成基金管理有限公司,中国农业银行股份有限公司,跨境型ETF,,NDX.GI,,,,,,
2023-04-20,159513.SZ,大成纳斯达克100ETF(QDII),20230728,纳斯达克100指数,纳斯达克100指数收益率(经汇率调整),大成基金管理有限公司,中国农业银行股份有限公司,跨境型ETF,,NDX.GI,,,,,,
2023-04-21,159513.SZ,大成纳斯达克100ETF(QDII),20230728,纳斯达克100指数,纳斯达克100指数收益率(经汇率调整),大成基金管理有限公司,中国农业银行股份有限公司,跨境型ETF,,NDX.GI,,,,,,
2023-04-24,159513.SZ,大成纳斯达克100ETF(QDII),20230728,纳斯达克100指数,纳斯达克100指数收益率(经汇率调整),大成基金管理有限公司,中国农业银行股份有限公司,跨境型ETF,,NDX.GI,,,,,,
2023-04-25,159513.SZ,大成纳斯达克100ETF(QDII),20230728,纳斯达克100指数,纳斯达克100指数收益率(经汇率调整),大成基金管理有限公司,中国农业银行股份有限公司,跨境型ETF,,NDX.GI,,,,,,
2023-04-26,159513.SZ,大成纳斯达克100ETF(QDII),20230728,纳斯达克100指数,纳斯达克100指数收益率(经汇率调整),大成基金管理有限公司,中国农业银行股份有限公司,跨境型ETF,,NDX.GI,,,,,,
2023-04-27,159513.SZ,大成纳斯达克100ETF(QDII),20230728,纳斯达克100指数,纳斯达克100指数收益率(经汇率调整),大成基金管理有限公司,中国农业银行股份有限公司,跨境型ETF,,NDX.GI,,,,,,
2023-04-28,159513.SZ,大成纳斯达克100ETF(QDII),20230728,纳斯达克100指数,纳斯达克100指数收益率(经汇率调整),大成基金管理有限公司,中国农业银行股份有限公司,跨境型ETF,,NDX.GI,,,,,,
2023-05-04,159513.SZ,大成纳斯达克100ETF(QDII),20230728,纳斯达克100指数,纳斯达克100指数收益率(经汇率调整),大成基金管理有限公司,中国农业银行股份有限公司,跨境型ETF,,NDX.GI,,,,,,
2023-05-05,159513.SZ,大成纳斯达克100ETF(QDII),20230728,纳斯达克100指数,纳斯达克100指数收益率(经汇率调整),大成基金管理有限公司,中国农业银行股份有限公司,跨境型ETF,,NDX.GI,,,,,,
2023-05-08,159513.SZ,大成纳斯达克100ETF(QDII),20230728,纳斯达克100指数,纳斯达克100指数收益率(经汇率调整),大成基金管理有限公司,中国农业银行股份有限公司,跨境型ETF,,NDX.GI,,,,,,
2023-05-09,159513.SZ,大成纳斯达克100ETF(QDII),20230728,纳斯达克100指数,纳斯达克100指数收益率(经汇率调整),大成基金管理有限公司,中国农业银行股份有限公司,跨境型ETF,,NDX.GI,,,,,,
2023-05-10,159513.SZ,大成纳斯达克100ETF(QDII),20230728,纳斯达克100指数,纳斯达克100指数收益率(经汇率调整),大成基金管理有限公司,中国农业银行股份有限公司,跨境型ETF,,NDX.GI,,,,,,
2023-05-11,159513.SZ,大成纳斯达克100ETF(QDII),20230728,纳斯达克100指数,纳斯达克100指数收益率(经汇率调整),大成基金管理有限公司,中国农业银行股份有限公司,跨境型ETF,,NDX.GI,,,,,,
2023-05-12,159513.SZ,大成纳斯达克100ETF(QDII),20230728,纳斯达克100指数,纳斯达克100指数收益率(经汇率调整),大成基金管理有限公司,中国农业银行股份有限公司,跨境型ETF,,NDX.GI,,,,,,
2023-05-15,159513.SZ,大成纳斯达克100ETF(QDII),20230728,纳斯达克100指数,纳斯达克100指数收益率(经汇率调整),大成基金管理有限公司,中国农业银行股份有限公司,跨境型ETF,,NDX.GI,,,,,,
2023-05-16,159513.SZ,大成纳斯达克100ETF(QDII),20230728,纳斯达克100指数,纳斯达克100指数收益率(经汇率调整),大成基金管理有限公司,中国农业银行股份有限公司,跨境型ETF,,NDX.GI,,,,,,
2023-05-17,159513.SZ,大成纳斯达克100ETF(QDII),20230728,纳斯达克100指数,纳斯达克100指数收益率(经汇率调整),大成基金管理有限公司,中国农业银行股份有限公司,跨境型ETF,,NDX.GI,,,,,,
2023-05-18,159513.SZ,大成纳斯达克100ETF(QDII),20230728,纳斯达克100指数,纳斯达克100指数收益率(经汇率调整),大成基金管理有限公司,中国农业银行股份有限公司,跨境型ETF,,NDX.GI,,,,,,
2023-05-19,159513.SZ,大成纳斯达克100ETF(QDII),20230728,纳斯达克100指数,纳斯达克100指数收益率(经汇率调整),大成基金管理有限公司,中国农业银行股份有限公司,跨境型ETF,,NDX.GI,,,,,,
2023-05-22,159513.SZ,大成纳斯达克100ETF(QDII),20230728,纳斯达克100指数,纳斯达克100指数收益率(经汇率调整),大成基金管理有限公司,中国农业银行股份有限公司,跨境型ETF,,NDX.GI,,,,,,
2023-05-23,159513.SZ,大成纳斯达克100ETF(QDII),20230728,纳斯达克100指数,纳斯达克100指数收益率(经汇率调整),大成基金管理有限公司,中国农业银行股份有限公司,跨境型ETF,,NDX.GI,,,,,,
2023-05-24,159513.SZ,大成纳斯达克100ETF(QDII),20230728,纳斯达克100指数,纳斯达克100指数收益率(经汇率调整),大成基金管理有限公司,中国农业银行股份有限公司,跨境型ETF,,NDX.GI,,,,,,
2023-05-25,159513.SZ,大成纳斯达克100ETF(QDII),20230728,纳斯达克100指数,纳斯达克100指数收益率(经汇率调整),大成基金管理有限公司,中国农业银行股份有限公司,跨境型ETF,,NDX.GI,,,,,,
2023-05-26,159513.SZ,大成纳斯达克100ETF(QDII),20230728,纳斯达克100指数,纳斯达克100指数收益率(经汇率调整),大成基金管理有限公司,中国农业银行股份有限公司,跨境型ETF,,NDX.GI,,,,,,
2023-05-29,159513.SZ,大成纳斯达克100ETF(QDII),20230728,纳斯达克100指数,纳斯达克100指数收益率(经汇率调整),大成基金管理有限公司,中国农业银行股份有限公司,跨境型ETF,,NDX.GI,,,,,,
2023-05-30,159513.SZ,大成纳斯达克100ETF(QDII),20230728,纳斯达克100指数,纳斯达克100指数收益率(经汇率调整),大成基金管理有限公司,中国农业银行股份有限公司,跨境型ETF,,NDX.GI,,,,,,
2023-05-31,159513.SZ,大成纳斯达克100ETF(QDII),20230728,纳斯达克100指数,纳斯达克100指数收益率(经汇率调整),大成基金管理有限公司,中国农业银行股份有限公司,跨境型ETF,,NDX.GI,,,,,,
2023-06-01,159513.SZ,大成纳斯达克100ETF(QDII),20230728,纳斯达克100指数,纳斯达克100指数收益率(经汇率调整),大成基金管理有限公司,中国农业银行股份有限公司,跨境型ETF,,NDX.GI,,,,,,
2023-06-02,159513.SZ,大成纳斯达克100ETF(QDII),20230728,纳斯达克100指数,纳斯达克100指数收益率(经汇率调整),大成基金管理有限公司,中国农业银行股份有限公司,跨境型ETF,,NDX.GI,,,,,,
2023-06-05,159513.SZ,大成纳斯达克100ETF(QDII),20230728,纳斯达克100指数,纳斯达克100指数收益率(经汇率调整),大成基金管理有限公司,中国农业银行股份有限公司,跨境型ETF,,NDX.GI,,,,,,
2023-06-06,159513.SZ,大成纳斯达克100ETF(QDII),20230728,纳斯达克100指数,纳斯达克100指数收益率(经汇率调整),大成基金管理有限公司,中国农业银行股份有限公司,跨境型ETF,,NDX.GI,,,,,,
2023-06-07,159513.SZ,大成纳斯达克100ETF(QDII),20230728,纳斯达克100指数,纳斯达克100指数收益率(经汇率调整),大成基金管理有限公司,中国农业银行股份有限公司,跨境型ETF,,NDX.GI,,,,,,
2023-06-08,159513.SZ,大成纳斯达克100ETF(QDII),20230728,纳斯达克100指数,纳斯达克100指数收益率(经汇率调整),大成基金管理有限公司,中国农业银行股份有限公司,跨境型ETF,,NDX.GI,,,,,,
2023-06-09,159513.SZ,大成纳斯达克100ETF(QDII),20230728,纳斯达克100指数,纳斯达克100指数收益率(经汇率调整),大成基金管理有限公司,中国农业银行股份有限公司,跨境型ETF,,NDX.GI,,,,,,
2023-06-12,159513.SZ,大成纳斯达克100ETF(QDII),20230728,纳斯达克100指数,纳斯达克100指数收益率(经汇率调整),大成基金管理有限公司,中国农业银行股份有限公司,跨境型ETF,,NDX.GI,,,,,,
2023-06-13,159513.SZ,大成纳斯达克100ETF(QDII),20230728,纳斯达克100指数,纳斯达克100指数收益率(经汇率调整),大成基金管理有限公司,中国农业银行股份有限公司,跨境型ETF,,NDX.GI,,,,,,
2023-06-14,159513.SZ,大成纳斯达克100ETF(QDII),20230728,纳斯达克100指数,纳斯达克100指数收益率(经汇率调整),大成基金管理有限公司,中国农业银行股份有限公司,跨境型ETF,,NDX.GI,,,,,,
2023-06-15,159513.SZ,大成纳斯达克100ETF(QDII),20230728,纳斯达克100指数,纳斯达克100指数收益率(经汇率调整),大成基金管理有限公司,中国农业银行股份有限公司,跨境型ETF,,NDX.GI,,,,,,
2023-06-16,159513.SZ,大成纳斯达克100ETF(QDII),20230728,纳斯达克100指数,纳斯达克100指数收益率(经汇率调整),大成基金管理有限公司,中国农业银行股份有限公司,跨境型ETF,,NDX.GI,,,,,,
2023-06-19,159513.SZ,大成纳斯达克100ETF(QDII),20230728,纳斯达克100指数,纳斯达克100指数收益率(经汇率调整),大成基金管理有限公司,中国农业银行股份有限公司,跨境型ETF,,NDX.GI,,,,,,
2023-06-20,159513.SZ,大成纳斯达克100ETF(QDII),20230728,纳斯达克100指数,纳斯达克100指数收益率(经汇率调整),大成基金管理有限公司,中国农业银行股份有限公司,跨境型ETF,,NDX.GI,,,,,,
2023-06-21,159513.SZ,大成纳斯达克100ETF(QDII),20230728,纳斯达克100指数,纳斯达克100指数收益率(经汇率调整),大成基金管理有限公司,中国农业银行股份有限公司,跨境型ETF,,NDX.GI,,,,,,
2023-06-26,159513.SZ,大成纳斯达克100ETF(QDII),20230728,纳斯达克100指数,纳斯达克100指数收益率(经汇率调整),大成基金管理有限公司,中国农业银行股份有限公司,跨境型ETF,,NDX.GI,,,,,,
2023-06-27,159513.SZ,大成纳斯达克100ETF(QDII),20230728,纳斯达克100指数,纳斯达克100指数收益率(经汇率调整),大成基金管理有限公司,中国农业银行股份有限公司,跨境型ETF,,NDX.GI,,,,,,
2023-06-28,159513.SZ,大成纳斯达克100ETF(QDII),20230728,纳斯达克100指数,纳斯达克100指数收益率(经汇率调整),大成基金管理有限公司,中国农业银行股份有限公司,跨境型ETF,,NDX.GI,,,,,,
2023-06-29,159513.SZ,大成纳斯达克100ETF(QDII),20230728,纳斯达克100指数,纳斯达克100指数收益率(经汇率调整),大成基金管理有限公司,中国农业银行股份有限公司,跨境型ETF,,NDX.GI,,,,,,
2023-06-30,159513.SZ,大成纳斯达克100ETF(QDII),20230728,纳斯达克100指数,纳斯达克100指数收益率(经汇率调整),大成基金管理有限公司,中国农业银行股份有限公司,跨境型ETF,,NDX.GI,,,,,,
2023-07-03,159513.SZ,大成纳斯达克100ETF(QDII),20230728,纳斯达克100指数,纳斯达克100指数收益率(经汇率调整),大成基金管理有限公司,中国农业银行股份有限公司,跨境型ETF,,NDX.GI,,,,,,
2023-07-04,159513.SZ,大成纳斯达克100ETF(QDII),20230728,纳斯达克100指数,纳斯达克100指数收益率(经汇率调整),大成基金管理有限公司,中国农业银行股份有限公司,跨境型ETF,,NDX.GI,,,,,,
2023-07-05,159513.SZ,大成纳斯达克100ETF(QDII),20230728,纳斯达克100指数,纳斯达克100指数收益率(经汇率调整),大成基金管理有限公司,中国农业银行股份有限公司,跨境型ETF,,NDX.GI,,,,,,
2023-07-06,159513.SZ,大成纳斯达克100ETF(QDII),20230728,纳斯达克100指数,纳斯达克100指数收益率(经汇率调整),大成基金管理有限公司,中国农业银行股份有限公司,跨境型ETF,,NDX.GI,,,,,,
2023-07-07,159513.SZ,大成纳斯达克100ETF(QDII),20230728,纳斯达克100指数,纳斯达克100指数收益率(经汇率调整),大成基金管理有限公司,中国农业银行股份有限公司,跨境型ETF,,NDX.GI,,,,,,
2023-07-10,159513.SZ,大成纳斯达克100ETF(QDII),20230728,纳斯达克100指数,纳斯达克100指数收益率(经汇率调整),大成基金管理有限公司,中国农业银行股份有限公司,跨境型ETF,,NDX.GI,,,,,,
2023-07-11,159513.SZ,大成纳斯达克100ETF(QDII),20230728,纳斯达克100指数,纳斯达克100指数收益率(经汇率调整),大成基金管理有限公司,中国农业银行股份有限公司,跨境型ETF,,NDX.GI,,,,,,
2023-07-12,159513.SZ,大成纳斯达克100ETF(QDII),20230728,纳斯达克100指数,纳斯达克100指数收益率(经汇率调整),大成基金管理有限公司,中国农业银行股份有限公司,跨境型ETF,,NDX.GI,397549100.0,,,,,
2023-07-13,159513.SZ,大成纳斯达克100ETF(QDII),20230728,纳斯达克100指数,纳斯达克100指数收益率(经汇率调整),大成基金管理有限公司,中国农业银行股份有限公司,跨境型ETF,,NDX.GI,397549100.0,,,,,
2023-07-14,159513.SZ,大成纳斯达克100ETF(QDII),20230728,纳斯达克100指数,纳斯达克100指数收益率(经汇率调整),大成基金管理有限公司,中国农业银行股份有限公司,跨境型ETF,,NDX.GI,397549100.0,,,,,
2023-07-17,159513.SZ,大成纳斯达克100ETF(QDII),20230728,纳斯达克100指数,纳斯达克100指数收益率(经汇率调整),大成基金管理有限公司,中国农业银行股份有限公司,跨境型ETF,,NDX.GI,397549100.0,,,,,
2023-07-18,159513.SZ,大成纳斯达克100ETF(QDII),20230728,纳斯达克100指数,纳斯达克100指数收益率(经汇率调整),大成基金管理有限公司,中国农业银行股份有限公司,跨境型ETF,,NDX.GI,397549100.0,,,,,
2023-07-19,159513.SZ,大成纳斯达克100ETF(QDII),20230728,纳斯达克100指数,纳斯达克100指数收益率(经汇率调整),大成基金管理有限公司,中国农业银行股份有限公司,跨境型ETF,,NDX.GI,397549100.0,,,,,
2023-07-20,159513.SZ,大成纳斯达克100ETF(QDII),20230728,纳斯达克100指数,纳斯达克100指数收益率(经汇率调整),大成基金管理有限公司,中国农业银行股份有限公司,跨境型ETF,,NDX.GI,397549100.0,,,,,
2023-07-21,159513.SZ,大成纳斯达克100ETF(QDII),20230728,纳斯达克100指数,纳斯达克100指数收益率(经汇率调整),大成基金管理有限公司,中国农业银行股份有限公司,跨境型ETF,,NDX.GI,397549100.0,,,,,
2023-07-24,159513.SZ,大成纳斯达克100ETF(QDII),20230728,纳斯达克100指数,纳斯达克100指数收益率(经汇率调整),大成基金管理有限公司,中国农业银行股份有限公司,跨境型ETF,,NDX.GI,397549100.0,,,,,
2023-07-25,159513.SZ,大成纳斯达克100ETF(QDII),20230728,纳斯达克100指数,纳斯达克100指数收益率(经汇率调整),大成基金管理有限公司,中国农业银行股份有限公司,跨境型ETF,,NDX.GI,397549100.0,,,,,
2023-07-26,159513.SZ,大成纳斯达克100ETF(QDII),20230728,纳斯达克100指数,纳斯达克100指数收益率(经汇率调整),大成基金管理有限公司,中国农业银行股份有限公司,跨境型ETF,,NDX.GI,397549100.0,,,,,
2023-07-27,159513.SZ,大成纳斯达克100ETF(QDII),20230728,纳斯达克100指数,纳斯达克100指数收益率(经汇率调整),大成基金管理有限公司,中国农业银行股份有限公司,跨境型ETF,,NDX.GI,391864147.87,,,,,
2023-07-28,159513.SZ,大成纳斯达克100ETF(QDII),20230728,纳斯达克100指数,纳斯达克100指数收益率(经汇率调整),大成基金管理有限公司,中国农业银行股份有限公司,跨境型ETF,,NDX.GI,398900766.94,139797527,137995653.88,0.99,0.98711083694635,-1.335459438
2023-07-31,159513.SZ,大成纳斯达克100ETF(QDII),20230728,纳斯达克100指数,纳斯达克100指数收益率(经汇率调整),大成基金管理有限公司,中国农业银行股份有限公司,跨境型ETF,,NDX.GI,397818057.12,84926370,84689197.03,0.998,0.99720731063862,-0.518341308
2023-08-01,159513.SZ,大成纳斯达克100ETF(QDII),20230728,纳斯达克100指数,纳斯达克100指数收益率(经汇率调整),大成基金管理有限公司,中国农业银行股份有限公司,跨境型ETF,,NDX.GI,393863939.28,41770942,41743122.71,0.999,0.9993340037675,-0.179856115
2023-08-02,159513.SZ,大成纳斯达克100ETF(QDII),20230728,纳斯达克100指数,纳斯达克100指数收益率(经汇率调整),大成基金管理有限公司,中国农业银行股份有限公司,跨境型ETF,,NDX.GI,383796427.82,35752575,35419744.62,0.987,0.99069072982855,0.693735972
2023-08-03,159513.SZ,大成纳斯达克100ETF(QDII),20230728,纳斯达克100指数,纳斯达克100指数收益率(经汇率调整),大成基金管理有限公司,中国农业银行股份有限公司,跨境型ETF,,NDX.GI,381088957.28,38451601,37486161.52,0.974,0.9748920862879,-0.693311582
2023-08-04,159513.SZ,大成纳斯达克100ETF(QDII),20230728,纳斯达克100指数,纳斯达克100指数收益率(经汇率调整),大成基金管理有限公司,中国农业银行股份有限公司,跨境型ETF,,NDX.GI,378757662.68,19697033,19284188.78,0.983,0.97904028388438,0.841198195
2023-08-07,159513.SZ,大成纳斯达克100ETF(QDII),20230728,纳斯达克100指数,纳斯达克100指数收益率(经汇率调整),大成基金管理有限公司,中国农业银行股份有限公司,跨境型ETF,,NDX.GI,381749490.75,18328063,17876277.59,0.975,0.97535007327288,-0.763358779
2023-08-08,159513.SZ,大成纳斯达克100ETF(QDII),20230728,纳斯达克100指数,纳斯达克100指数收益率(经汇率调整),大成基金管理有限公司,中国农业银行股份有限公司,跨境型ETF,,NDX.GI,378441696.15,25545929,24993739.25,0.978,0.97838443260372,0.153609831
2023-08-09,159513.SZ,大成纳斯达克100ETF(QDII),20230728,纳斯达克100指数,纳斯达克100指数收益率(经汇率调整),大成基金管理有限公司,中国农业银行股份有限公司,跨境型ETF,,NDX.GI,372478985.51,27870986,27150809.56,0.976,0.97416035299218,1.02473864
2023-08-10,159513.SZ,大成纳斯达克100ETF(QDII),20230728,纳斯达克100指数,纳斯达克100指数收益率(经汇率调整),大成基金管理有限公司,中国农业银行股份有限公司,跨境型ETF,,NDX.GI,351806464.07,59435867,57285950.84,0.965,0.96382796670569,-0.279012091
2023-08-11,159513.SZ,大成纳斯达克100ETF(QDII),20230728,纳斯达克100指数,纳斯达克100指数收益率(经汇率调整),大成基金管理有限公司,中国农业银行股份有限公司,跨境型ETF,,NDX.GI,343819214.56,33822096,32591682.21,0.965,0.96362100710731,0.353577371
2023-08-14,159513.SZ,大成纳斯达克100ETF(QDII),20230728,纳斯达克100指数,纳斯达克100指数收益率(经汇率调整),大成基金管理有限公司,中国农业银行股份有限公司,跨境型ETF,,NDX.GI,345366278.31,28442510,27204731.38,0.958,0.95648138578487,-1.65280772
2023-08-15,159513.SZ,大成纳斯达克100ETF(QDII),20230728,纳斯达克100指数,纳斯达克100指数收益率(经汇率调整),大成基金管理有限公司,中国农业银行股份有限公司,跨境型ETF,,NDX.GI,341998061.86,33147257,32330671.06,0.976,0.9753649015362,1.181837031
2023-08-16,159513.SZ,大成纳斯达克100ETF(QDII),20230728,纳斯达克100指数,纳斯达克100指数收益率(经汇率调整),大成基金管理有限公司,中国农业银行股份有限公司,跨境型ETF,,NDX.GI,339551673.07,18992149,18328798.91,0.965,0.96507240491847,0.762242874
2023-08-17,159513.SZ,大成纳斯达克100ETF(QDII),20230728,纳斯达克100指数,纳斯达克100指数收益率(经汇率调整),大成基金管理有限公司,中国农业银行股份有限公司,跨境型ETF,,NDX.GI,336892554.82,26213340,25028613.5,0.957,0.95480444308127,0.715638813
2023-08-18,159513.SZ,大成纳斯达克100ETF(QDII),20230728,纳斯达克100指数,纳斯达克100指数收益率(经汇率调整),大成基金管理有限公司,中国农业银行股份有限公司,跨境型ETF,,NDX.GI,333268546.8,25325745,23866364.46,0.942,0.94237561264239,-0.632911392
2023-08-21,159513.SZ,大成纳斯达克100ETF(QDII),20230728,纳斯达克100指数,纳斯达克100指数收益率(经汇率调整),大成基金管理有限公司,中国农业银行股份有限公司,跨境型ETF,,NDX.GI,336650738.21,17053186,16113615.63,0.946,0.94490352887724,-1.775516561
2023-08-22,159513.SZ,大成纳斯达克100ETF(QDII),20230728,纳斯达克100指数,纳斯达克100指数收益率(经汇率调整),大成基金管理有限公司,中国农业银行股份有限公司,跨境型ETF,,NDX.GI,334133704.74,16889171,16182281.82,0.96,0.95814541874199,-0.145620969
2023-08-23,159513.SZ,大成纳斯达克100ETF(QDII),20230728,纳斯达克100指数,纳斯达克100指数收益率(经汇率调整),大成基金管理有限公司,中国农业银行股份有限公司,跨境型ETF,,NDX.GI,339346941.24,21609311,20777889.78,0.963,0.96152486213003,-1.372388365
2023-08-24,159513.SZ,大成纳斯达克100ETF(QDII),20230728,纳斯达克100指数,纳斯达克100指数收益率(经汇率调整),大成基金管理有限公司,中国农业银行股份有限公司,跨境型ETF,,NDX.GI,331596596.31,19625176,19349736.22,0.987,0.98596497784275,3.448275862
2023-08-25,159513.SZ,大成纳斯达克100ETF(QDII),20230728,纳斯达克100指数,纳斯达克100指数收益率(经汇率调整),大成基金管理有限公司,中国农业银行股份有限公司,跨境型ETF,,NDX.GI,334307479.29,21514381,20544885.13,0.951,0.95493731053661,-1.133173927
2023-08-28,159513.SZ,大成纳斯达克100ETF(QDII),20230728,纳斯达克100指数,纳斯达克100指数收益率(经汇率调整),大成基金管理有限公司,中国农业银行股份有限公司,跨境型ETF,,NDX.GI,336601303.35,12396104,11899674.76,0.962,0.9599528012995,-0.67114094
2023-08-29,159513.SZ,大成纳斯达克100ETF(QDII),20230728,纳斯达克100指数,纳斯达克100指数收益率(经汇率调整),大成基金管理有限公司,中国农业银行股份有限公司,跨境型ETF,,NDX.GI,343656550.08,14549550,14104277.95,0.969,0.96939616345523,-2.002427184
2023-08-30,159513.SZ,大成纳斯达克100ETF(QDII),20230728,纳斯达克100指数,纳斯达克100指数收益率(经汇率调整),大成基金管理有限公司,中国农业银行股份有限公司,跨境型ETF,,NDX.GI,345394295.58,23566124,23246593.99,0.985,0.98644113007298,-0.885490038
2023-08-31,159513.SZ,大成纳斯达克100ETF(QDII),20230728,纳斯达克100指数,纳斯达克100指数收益率(经汇率调整),大成基金管理有限公司,中国农业银行股份有限公司,跨境型ETF,,NDX.GI,345162903.6,21675569,21439663.84,0.989,0.98911654130048,-0.702811245
2023-09-01,159513.SZ,大成纳斯达克100ETF(QDII),20230728,纳斯达克100指数,纳斯达克100指数收益率(经汇率调整),大成基金管理有限公司,中国农业银行股份有限公司,跨境型ETF,,NDX.GI,337851354.5,18337365,18157709.52,0.988,0.99020276468293,-0.703517588
2023-09-04,159513.SZ,大成纳斯达克100ETF(QDII),20230728,纳斯达克100指数,纳斯达克100指数收益率(经汇率调整),大成基金管理有限公司,中国农业银行股份有限公司,跨境型ETF,,NDX.GI,337817399.59,7194200,7115219.2,0.989,0.98902160073392,-0.593024425
2023-09-05,159513.SZ,大成纳斯达克100ETF(QDII),20230728,纳斯达克100指数,纳斯达克100指数收益率(经汇率调整),大成基金管理有限公司,中国农业银行股份有限公司,跨境型ETF,,NDX.GI,333177448.69,9774920,9676904.4,0.992,0.98997274658002,-0.391605583
2023-09-06,159513.SZ,大成纳斯达克100ETF(QDII),20230728,纳斯达克100指数,纳斯达克100指数收益率(经汇率调整),大成基金管理有限公司,中国农业银行股份有限公司,跨境型ETF,,NDX.GI,414321754.09,11197390,11120099.6,0.991,0.99309746289091,0.111122336
2023-09-07,159513.SZ,大成纳斯达克100ETF(QDII),20230728,纳斯达克100指数,纳斯达克100指数收益率(经汇率调整),大成基金管理有限公司,中国农业银行股份有限公司,跨境型ETF,,NDX.GI,404470455.48,21271408,20937326.57,0.984,0.98429434337398,0.122100122
2023-09-08,159513.SZ,大成纳斯达克100ETF(QDII),20230728,纳斯达克100指数,纳斯达克100指数收益率(经汇率调整),大成基金管理有限公司,中国农业银行股份有限公司,跨境型ETF,,NDX.GI,415478792.96,28003992,27502889.51,0.985,0.98210603366834,-0.060876623
2023-09-11,159513.SZ,大成纳斯达克100ETF(QDII),20230728,纳斯达克100指数,纳斯达克100指数收益率(经汇率调整),大成基金管理有限公司,中国农业银行股份有限公司,跨境型ETF,,NDX.GI,453444566.12,27428070,26887044.43,0.98,0.98027474882484,-1.329037455
2023-09-12,159513.SZ,大成纳斯达克100ETF(QDII),20230728,纳斯达克100指数,纳斯达克100指数收益率(经汇率调整),大成基金管理有限公司,中国农业银行股份有限公司,跨境型ETF,,NDX.GI,517872408.18,23227541,22988074.98,0.992,0.98969042741115,1.245152072
2023-09-13,159513.SZ,大成纳斯达克100ETF(QDII),20230728,纳斯达克100指数,纳斯达克100指数收益率(经汇率调整),大成基金管理有限公司,中国农业银行股份有限公司,跨境型ETF,,NDX.GI,580816627.82,13338500,13059873.2,0.98,0.97911108445477,-0.020403999
2023-09-14,159513.SZ,大成纳斯达克100ETF(QDII),20230728,纳斯达克100指数,纳斯达克100指数收益率(经汇率调整),大成基金管理有限公司,中国农业银行股份有限公司,跨境型ETF,,NDX.GI,637885342.06,11224300,11053567.8,0.987,0.98478905588767,0.04054328
2023-09-15,159513.SZ,大成纳斯达克100ETF(QDII),20230728,纳斯达克100指数,纳斯达克100指数收益率(经汇率调整),大成基金管理有限公司,中国农业银行股份有限公司,跨境型ETF,,NDX.GI,687811528.8,14615409,14435154.47,0.987,0.98766681589273,1.962809917
2023-09-18,159513.SZ,大成纳斯达克100ETF(QDII),20230728,纳斯达克100指数,纳斯达克100指数收益率(经汇率调整),大成基金管理有限公司,中国农业银行股份有限公司,跨境型ETF,,NDX.GI,778885424.79,12568809,12188873.03,0.971,0.96977152170902,0.424035578
2023-09-19,159513.SZ,大成纳斯达克100ETF(QDII),20230728,纳斯达克100指数,纳斯达克100指数收益率(经汇率调整),大成基金管理有限公司,中国农业银行股份有限公司,跨境型ETF,,NDX.GI,839917459.65,7264604,7045488.68,0.97,0.96983795400272,0.884035361
2023-09-20,159513.SZ,大成纳斯达克100ETF(QDII),20230728,纳斯达克100指数,纳斯达克100指数收益率(经汇率调整),大成基金管理有限公司,中国农业银行股份有限公司,跨境型ETF,,NDX.GI,892597448.6,5471863,5286557.35,0.965,0.96613481550982,2.00845666
2023-09-21,159513.SZ,大成纳斯达克100ETF(QDII),20230728,纳斯达克100指数,纳斯达克100指数收益率(经汇率调整),大成基金管理有限公司,中国农业银行股份有限公司,跨境型ETF,,NDX.GI,954597925.52,7492212,7099121.25,0.948,0.94753341870198,2.243313201
2023-09-22,159513.SZ,大成纳斯达克100ETF(QDII),20230728,纳斯达克100指数,纳斯达克100指数收益率(经汇率调整),大成基金管理有限公司,中国农业银行股份有限公司,跨境型ETF,,NDX.GI,992254466.6,11599200,10827665.9,0.936,0.93348385233464,1.079913607
2023-09-25,159513.SZ,大成纳斯达克100ETF(QDII),20230728,纳斯达克100指数,纳斯达克100指数收益率(经汇率调整),大成基金管理有限公司,中国农业银行股份有限公司,跨境型ETF,,NDX.GI,1107425733.54,5097509,4753790.39,0.935,0.93257125980552,0.602539273
2023-09-26,159513.SZ,大成纳斯达克100ETF(QDII),20230728,纳斯达克100指数,纳斯达克100指数收益率(经汇率调整),大成基金管理有限公司,中国农业银行股份有限公司,跨境型ETF,,NDX.GI,1109490602.85,10140729,9412320.28,0.925,0.92816998462339,1.258894362
2023-09-27,159513.SZ,大成纳斯达克100ETF(QDII),20230728,纳斯达克100指数,纳斯达克100指数收益率(经汇率调整),大成基金管理有限公司,中国农业银行股份有限公司,跨境型ETF,,NDX.GI,1111433881.41,12163321,11144231.01,0.92,0.91621613949019,0.535460605
2023-09-28,159513.SZ,大成纳斯达克100ETF(QDII),20230728,纳斯达克100指数,纳斯达克100指数收益率(经汇率调整),大成基金管理有限公司,中国农业银行股份有限公司,跨境型ETF,,NDX.GI,1121879003.67,8083417,7415597.78,0.918,0.91738404439608,-0.617083469
2023-10-09,159513.SZ,大成纳斯达克100ETF(QDII),20230728,纳斯达克100指数,纳斯达克100指数收益率(经汇率调整),大成基金管理有限公司,中国农业银行股份有限公司,跨境型ETF,,NDX.GI,1194745989.68,11105530,10324916.66,0.929,0.92970949247807,-1.6723116
2023-10-10,159513.SZ,大成纳斯达克100ETF(QDII),20230728,纳斯达克100指数,纳斯达克100指数收益率(经汇率调整),大成基金管理有限公司,中国农业银行股份有限公司,跨境型ETF,,NDX.GI,1284924160.63,11655600,10974343.4,0.941,0.94155113421874,-0.874328453
2023-10-11,159513.SZ,大成纳斯达克100ETF(QDII),20230728,纳斯达克100指数,纳斯达克100指数收益率(经汇率调整),大成基金管理有限公司,中国农业银行股份有限公司,跨境型ETF,,NDX.GI,1339434390.5,7485540,7080375.6,0.947,0.94587372454091,-0.837696335
2023-10-12,159513.SZ,大成纳斯达克100ETF(QDII),20230728,纳斯达克100指数,纳斯达克100指数收益率(经汇率调整),大成基金管理有限公司,中国农业银行股份有限公司,跨境型ETF,,NDX.GI,1403755229.37,5975604,5704296.52,0.955,0.95459748002043,0.452298307
2023-10-13,159513.SZ,大成纳斯达克100ETF(QDII),20230728,纳斯达克100指数,纳斯达克100指数收益率(经汇率调整),大成基金管理有限公司,中国农业银行股份有限公司,跨境型ETF,,NDX.GI,1408152745.98,3395909,3222115.44,0.948,0.94882266868753,1.087651951
2023-10-16,159513.SZ,大成纳斯达克100ETF(QDII),20230728,纳斯达克100指数,纳斯达克100指数收益率(经汇率调整),大成基金管理有限公司,中国农业银行股份有限公司,跨境型ETF,,NDX.GI,1489665821.35,11384113,10665135.98,0.937,0.93684382612857,-1.212440696
2023-10-17,159513.SZ,大成纳斯达克100ETF(QDII),20230728,纳斯达克100指数,纳斯达克100指数收益率(经汇率调整),大成基金管理有限公司,中国农业银行股份有限公司,跨境型ETF,,NDX.GI,1549498624.95,5961848,5626680.32,0.942,0.94378124366807,-0.264690312
2023-10-18,159513.SZ,大成纳斯达克100ETF(QDII),20230728,纳斯达克100指数,纳斯达克100指数收益率(经汇率调整),大成基金管理有限公司,中国农业银行股份有限公司,跨境型ETF,,NDX.GI,1582701047.37,8124204,7638315.56,0.937,0.94019248655007,0.676909853
2023-10-19,159513.SZ,大成纳斯达克100ETF(QDII),20230728,纳斯达克100指数,纳斯达克100指数收益率(经汇率调整),大成基金管理有限公司,中国农业银行股份有限公司,跨境型ETF,,NDX.GI,1589456980.02,12423007,11503371.48,0.927,0.92597319473458,0.52049447
2023-10-20,159513.SZ,大成纳斯达克100ETF(QDII),20230728,纳斯达克100指数,纳斯达克100指数收益率(经汇率调整),大成基金管理有限公司,中国农业银行股份有限公司,跨境型ETF,,NDX.GI,1665596002.44,3858903,3539573.75,0.918,0.91724869736296,1.05680317
2023-10-23,159513.SZ,大成纳斯达克100ETF(QDII),20230728,纳斯达克100指数,纳斯达克100指数收益率(经汇率调整),大成基金管理有限公司,中国农业银行股份有限公司,跨境型ETF,,NDX.GI,1668346326.09,2209657,2008329.67,0.91,0.90888751964671,0.010990219
2023-10-24,159513.SZ,大成纳斯达克100ETF(QDII),20230728,纳斯达克100指数,纳斯达克100指数收益率(经汇率调整),大成基金管理有限公司,中国农业银行股份有限公司,跨境型ETF,,NDX.GI,1775964848.35,4310900,3935254.4,0.916,0.91286144424598,-0.272182907
2023-10-25,159513.SZ,大成纳斯达克100ETF(QDII),20230728,纳斯达克100指数,纳斯达克100指数收益率(经汇率调整),大成基金管理有限公司,中国农业银行股份有限公司,跨境型ETF,,NDX.GI,1766129089.59,6500220,5954709.02,0.916,0.91607807428056,2.357805341
2023-10-26,159513.SZ,大成纳斯达克100ETF(QDII),20230728,纳斯达克100指数,纳斯达克100指数收益率(经汇率调整),大成基金管理有限公司,中国农业银行股份有限公司,跨境型ETF,,NDX.GI,1820624290.16,7539059,6700256.42,0.888,0.88873908799493,1.185050137
2023-10-27,159513.SZ,大成纳斯达克100ETF(QDII),20230728,纳斯达克100指数,纳斯达克100指数收益率(经汇率调整),大成基金管理有限公司,中国农业银行股份有限公司,跨境型ETF,,NDX.GI,1871727757.1,9543011,8468325.65,0.889,0.88738508736918,0.908059024
2023-10-30,159513.SZ,大成纳斯达克100ETF(QDII),20230728,纳斯达克100指数,纳斯达克100指数收益率(经汇率调整),大成基金管理有限公司,中国农业银行股份有限公司,跨境型ETF,,NDX.GI,1954258253.91,5271305,4682456.54,0.889,0.88829171144527,-0.12358162
2023-10-31,159513.SZ,大成纳斯达克100ETF(QDII),20230728,纳斯达克100指数,纳斯达克100指数收益率(经汇率调整),大成基金管理有限公司,中国农业银行股份有限公司,跨境型ETF,,NDX.GI,2070100895.4,5821220,5170865.55,0.887,0.8882786683891,-0.782997763
2023-11-01,159513.SZ,大成纳斯达克100ETF(QDII),20230728,纳斯达克100指数,纳斯达克100指数收益率(经汇率调整),大成基金管理有限公司,中国农业银行股份有限公司,跨境型ETF,,NDX.GI,2159136576.99,9134100,8149302.2,0.894,0.89218447356609,-1.639344262
2023-11-02,159513.SZ,大成纳斯达克100ETF(QDII),20230728,纳斯达克100指数,纳斯达克100指数收益率(经汇率调整),大成基金管理有限公司,中国农业银行股份有限公司,跨境型ETF,,NDX.GI,2255555478.22,7547706,6884154.67,0.912,0.91208569464682,-1.320060593
2023-11-03,159513.SZ,大成纳斯达克100ETF(QDII),20230728,纳斯达克100指数,纳斯达克100指数收益率(经汇率调整),大成基金管理有限公司,中国农业银行股份有限公司,跨境型ETF,,NDX.GI,2302679343.77,9115701,8390092.02,0.92,0.9204000899108,-1.572697122
2023-11-06,159513.SZ,大成纳斯达克100ETF(QDII),20230728,纳斯达克100指数,纳斯达克100指数收益率(经汇率调整),大成基金管理有限公司,中国农业银行股份有限公司,跨境型ETF,,NDX.GI,2305873200.89,15286024,14220151.05,0.933,0.93027140674383,-0.522443757
2023-11-07,159513.SZ,大成纳斯达克100ETF(QDII),20230728,纳斯达克100指数,纳斯达克100指数收益率(经汇率调整),大成基金管理有限公司,中国农业银行股份有限公司,跨境型ETF,,NDX.GI,2279691723.15,6233010,5816401.23,0.933,0.93316090139435,-1.426307448
2023-11-08,159513.SZ,大成纳斯达克100ETF(QDII),20230728,纳斯达克100指数,纳斯达克100指数收益率(经汇率调整),大成基金管理有限公司,中国农业银行股份有限公司,跨境型ETF,,NDX.GI,2352914417.34,5926713,5583619.85,0.942,0.94211071971935,-0.569981001
2023-11-09,159513.SZ,大成纳斯达克100ETF(QDII),20230728,纳斯达克100指数,纳斯达克100指数收益率(经汇率调整),大成基金管理有限公司,中国农业银行股份有限公司,跨境型ETF,,NDX.GI,2333791089.27,7599441,7179572.33,0.946,0.94475005858984,0.670426732
2023-11-10,159513.SZ,大成纳斯达克100ETF(QDII),20230728,纳斯达克100指数,纳斯达克100指数收益率(经汇率调整),大成基金管理有限公司,中国农业银行股份有限公司,跨境型ETF,,NDX.GI,2385697265.46,6869001,6439383.44,0.938,0.93745559798288,-2.352696232
2023-11-13,159513.SZ,大成纳斯达克100ETF(QDII),20230728,纳斯达克100指数,纳斯达克100指数收益率(经汇率调整),大成基金管理有限公司,中国农业银行股份有限公司,跨境型ETF,,NDX.GI,2435956973.07,16884075,16122536.23,0.955,0.954896032504,-0.281925446
2023-11-14,159513.SZ,大成纳斯达克100ETF(QDII),20230728,纳斯达克100指数,纳斯达克100指数收益率(经汇率调整),大成基金管理有限公司,中国农业银行股份有限公司,跨境型ETF,,NDX.GI,2564853019.8,7008470,6703450.18,0.957,0.95647840113463,-2.147239264
2023-11-15,159513.SZ,大成纳斯达克100ETF(QDII),20230728,纳斯达克100指数,纳斯达克100指数收益率(经汇率调整),大成基金管理有限公司,中国农业银行股份有限公司,跨境型ETF,,NDX.GI,2575159529.62,14157208,13825682.32,0.977,0.97658255215294,-0.1226743
2023-11-16,159513.SZ,大成纳斯达克100ETF(QDII),20230728,纳斯达克100指数,纳斯达克100指数收益率(经汇率调整),大成基金管理有限公司,中国农业银行股份有限公司,跨境型ETF,,NDX.GI,2576739059.08,5498717,5362720.17,0.974,0.97526753422662,-0.490396404
2023-11-17,159513.SZ,大成纳斯达克100ETF(QDII),20230728,纳斯达克100指数,纳斯达克100指数收益率(经汇率调整),大成基金管理有限公司,中国农业银行股份有限公司,跨境型ETF,,NDX.GI,2644984804.17,2719502,2652456.45,0.976,0.97534638694879,-0.275876162
2023-11-20,159513.SZ,大成纳斯达克100ETF(QDII),20230728,纳斯达克100指数,纳斯达克100指数收益率(经汇率调整),大成基金管理有限公司,中国农业银行股份有限公司,跨境型ETF,,NDX.GI,2689262785.35,9814317,9507723.17,0.968,0.96876055358717,-2.073849267
2023-11-21,159513.SZ,大成纳斯达克100ETF(QDII),20230728,纳斯达克100指数,纳斯达克100指数收益率(经汇率调整),大成基金管理有限公司,中国农业银行股份有限公司,跨境型ETF,,NDX.GI,2661509672.91,18012241,17669344.52,0.982,0.98096314167682,0.19385777
2023-11-22,159513.SZ,大成纳斯达克100ETF(QDII),20230728,纳斯达克100指数,纳斯达克100指数收益率(经汇率调整),大成基金管理有限公司,中国农业银行股份有限公司,跨境型ETF,,NDX.GI,2667212326.02,6826528,6652089.49,0.975,0.97444696484069,-0.733048259
2023-11-23,159513.SZ,大成纳斯达克100ETF(QDII),20230728,纳斯达克100指数,纳斯达克100指数收益率(经汇率调整),大成基金管理有限公司,中国农业银行股份有限公司,跨境型ETF,,NDX.GI,2665582996.56,6216305,6096834.51,0.979,0.9807811087133,-0.264873676
2023-11-24,159513.SZ,大成纳斯达克100ETF(QDII),20230728,纳斯达克100指数,纳斯达克100指数收益率(经汇率调整),大成基金管理有限公司,中国农业银行股份有限公司,跨境型ETF,,NDX.GI,2652044343.45,4299300,4218758.2,0.981,0.98126629916498,0.153139357
2023-11-27,159513.SZ,大成纳斯达克100ETF(QDII),20230728,纳斯达克100指数,纳斯达克100指数收益率(经汇率调整),大成基金管理有限公司,中国农业银行股份有限公司,跨境型ETF,,NDX.GI,2649066039.44,8966306,8736546.35,0.976,0.97437521650499,-0.245298446
2023-11-28,159513.SZ,大成纳斯达克100ETF(QDII),20230728,纳斯达克100指数,纳斯达克100指数收益率(经汇率调整),大成基金管理有限公司,中国农业银行股份有限公司,跨境型ETF,,NDX.GI,2655834912.19,8545602,8351803.95,0.977,0.97732189610515,-0.397594046
2023-11-29,159513.SZ,大成纳斯达克100ETF(QDII),20230728,纳斯达克100指数,纳斯达克100指数收益率(经汇率调整),大成基金管理有限公司,中国农业银行股份有限公司,跨境型ETF,,NDX.GI,2648524529.62,8113102,7936582.86,0.978,0.97824270667372,-0.020445717
2023-11-30,159513.SZ,大成纳斯达克100ETF(QDII),20230728,纳斯达克100指数,纳斯达克100指数收益率(经汇率调整),大成基金管理有限公司,中国农业银行股份有限公司,跨境型ETF,,NDX.GI,2642026411.78,11603811,11341488.45,0.978,0.97739341411197,0.225456036
2023-12-01,159513.SZ,大成纳斯达克100ETF(QDII),20230728,纳斯达克100指数,纳斯达克100指数收益率(经汇率调整),大成基金管理有限公司,中国农业银行股份有限公司,跨境型ETF,,NDX.GI,2653398118.0,11692002,11370604.24,0.972,0.97251131499978,-0.816326531
2023-12-04,159513.SZ,大成纳斯达克100ETF(QDII),20230728,纳斯达克100指数,纳斯达克100指数收益率(经汇率调整),大成基金管理有限公司,中国农业银行股份有限公司,跨境型ETF,,NDX.GI,2623885832.81,6943817,6754093.02,0.973,0.97267727821744,0.402435249
2023-12-05,159513.SZ,大成纳斯达克100ETF(QDII),20230728,纳斯达克100指数,纳斯达克100指数收益率(经汇率调整),大成基金管理有限公司,中国农业银行股份有限公司,跨境型ETF,,NDX.GI,2618608119.39,5251106,5066499.59,0.963,0.96484428042397,-1.017576318
2023-12-06,159513.SZ,大成纳斯达克100ETF(QDII),20230728,纳斯达克100指数,纳斯达克100指数收益率(经汇率调整),大成基金管理有限公司,中国农业银行股份有限公司,跨境型ETF,,NDX.GI,2604342909.16,17001600,16572895.3,0.976,0.97478444969885,0.868127325
2023-12-07,159513.SZ,大成纳斯达克100ETF(QDII),20230728,纳斯达克100指数,纳斯达克100指数收益率(经汇率调整),大成基金管理有限公司,中国农业银行股份有限公司,跨境型ETF,,NDX.GI,2643908680.93,13115605,12659421.42,0.966,0.96521825870785,-1.659370864
2023-12-08,159513.SZ,大成纳斯达克100ETF(QDII),20230728,纳斯达克100指数,纳斯达克100指数收益率(经汇率调整),大成基金管理有限公司,中国农业银行股份有限公司,跨境型ETF,,NDX.GI,2651983328.23,8343646,8161732.27,0.978,0.97819733363568,-0.740891099
2023-12-11,159513.SZ,大成纳斯达克100ETF(QDII),20230728,纳斯达克100指数,纳斯达克100指数收益率(经汇率调整),大成基金管理有限公司,中国农业银行股份有限公司,跨境型ETF,,NDX.GI,2675668960.31,19650616,19343744.66,0.986,0.98438362746491,-0.814807363
2023-12-12,159513.SZ,大成纳斯达克100ETF(QDII),20230728,纳斯达克100指数,纳斯达克100指数收益率(经汇率调整),大成基金管理有限公司,中国农业银行股份有限公司,跨境型ETF,,NDX.GI,2697201353.11,16611956,16516773.87,0.993,0.9942702635379,-0.908093005
2023-12-13,159513.SZ,大成纳斯达克100ETF(QDII),20230728,纳斯达克100指数,纳斯达克100指数收益率(经汇率调整),大成基金管理有限公司,中国农业银行股份有限公司,跨境型ETF,,NDX.GI,2729230787.4,21004960,21045752.59,1.003,1.001942045593,-1.084812623
2023-12-14,159513.SZ,大成纳斯达克100ETF(QDII),20230728,纳斯达克100指数,纳斯达克100指数收益率(经汇率调整),大成基金管理有限公司,中国农业银行股份有限公司,跨境型ETF,,NDX.GI,2699559689.2,45410749,46078288.97,1.017,1.014700043155,0.494071146
2023-12-15,159513.SZ,大成纳斯达克100ETF(QDII),20230728,纳斯达克100指数,纳斯达克100指数收益率(经汇率调整),大成基金管理有限公司,中国农业银行股份有限公司,跨境型ETF,,NDX.GI,2706065446.32,18473540,18590932.5,1.006,1.006354629378,-0.906225374
2023-12-18,159513.SZ,大成纳斯达克100ETF(QDII),20230728,纳斯达克100指数,纳斯达克100指数收益率(经汇率调整),大成基金管理有限公司,中国农业银行股份有限公司,跨境型ETF,,NDX.GI,2723391515.47,17114272,17344131.67,1.014,1.0134308762885,-0.753645884
2023-12-19,159513.SZ,大成纳斯达克100ETF(QDII),20230728,纳斯达克100指数,纳斯达克100指数收益率(经汇率调整),大成基金管理有限公司,中国农业银行股份有限公司,跨境型ETF,,NDX.GI,2738851700.25,16783028,17109859.43,1.021,1.0194739250867,-0.632603406
2023-12-20,159513.SZ,大成纳斯达克100ETF(QDII),20230728,纳斯达克100指数,纳斯达克100指数收益率(经汇率调整),大成基金管理有限公司,中国农业银行股份有限公司,跨境型ETF,,NDX.GI,2721554734.29,11894462,12202806.77,1.027,1.0259233893891,1.492242316
2023-12-21,159513.SZ,大成纳斯达克100ETF(QDII),20230728,纳斯达克100指数,纳斯达克100指数收益率(经汇率调整),大成基金管理有限公司,中国农业银行股份有限公司,跨境型ETF,,NDX.GI,2776745917.68,17534955,17737478.43,1.012,1.0115496977323,-1.2490242
2023-12-22,159513.SZ,大成纳斯达克100ETF(QDII),20230728,纳斯达克100指数,纳斯达克100指数收益率(经汇率调整),大成基金管理有限公司,中国农业银行股份有限公司,跨境型ETF,,NDX.GI,2777829737.32,12343908,12555086.44,1.018,1.0171079078036,-0.70230199
2023-12-25,159513.SZ,大成纳斯达克100ETF(QDII),20230728,纳斯达克100指数,纳斯达克100指数收益率(经汇率调整),大成基金管理有限公司,中国农业银行股份有限公司,跨境型ETF,,NDX.GI,2779726421.69,5160102,5258916.04,1.02,1.0191496292128,-0.575104786
2023-12-26,159513.SZ,大成纳斯达克100ETF(QDII),20230728,纳斯达克100指数,纳斯达克100指数收益率(经汇率调整),大成基金管理有限公司,中国农业银行股份有限公司,跨境型ETF,,NDX.GI,2794628941.74,15864587,16273454.92,1.028,1.0257723645753,-0.329649021
2023-12-27,159513.SZ,大成纳斯达克100ETF(QDII),20230728,纳斯达克100指数,纳斯达克100指数收益率(经汇率调整),大成基金管理有限公司,中国农业银行股份有限公司,跨境型ETF,,NDX.GI,2852269949.76,11093707,11436657.01,1.031,1.0309139235424,-0.251547988
2023-12-28,159513.SZ,大成纳斯达克100ETF(QDII),20230728,纳斯达克100指数,纳斯达克100指数收益率(经汇率调整),大成基金管理有限公司,中国农业银行股份有限公司,跨境型ETF,,NDX.GI,2868097200.66,28315961,29134052.24,1.027,1.028891523053,-0.542320356
2023-12-29,159513.SZ,大成纳斯达克100ETF(QDII),20230728,纳斯达克100指数,纳斯达克100指数收益率(经汇率调整),大成基金管理有限公司,中国农业银行股份有限公司,跨境型ETF,,NDX.GI,2867766286.42,16227236,16616890.35,1.026,1.0240123672325,-0.019489378
2024-01-02,159513.SZ,大成纳斯达克100ETF(QDII),20230728,纳斯达克100指数,纳斯达克100指数收益率(经汇率调整),大成基金管理有限公司,中国农业银行股份有限公司,跨境型ETF,,NDX.GI,2817464402.62,14239213,14539654.07,1.022,1.0210995558533,1.368776037
2024-01-03,159513.SZ,大成纳斯达克100ETF(QDII),20230728,纳斯达克100指数,纳斯达克100指数收益率(经汇率调整),大成基金管理有限公司,中国农业银行股份有限公司,跨境型ETF,,NDX.GI,2831529784.37,29476318,29718639.94,1.011,1.0082209026243,1.029279504
2024-01-04,159513.SZ,大成纳斯达克100ETF(QDII),20230728,纳斯达克100指数,纳斯达克100指数收益率(经汇率调整),大成基金管理有限公司,中国农业银行股份有限公司,跨境型ETF,,NDX.GI,2817245519.23,16691649,16704362.32,1.001,1.0007616575211,0.572691651
2024-01-05,159513.SZ,大成纳斯达克100ETF(QDII),20230728,纳斯达克100指数,纳斯达克100指数收益率(经汇率调整),大成基金管理有限公司,中国农业银行股份有限公司,跨境型ETF,,NDX.GI,2821343407.61,17062300,16997128.7,0.994,0.99618039185807,-0.310901615
2024-01-08,159513.SZ,大成纳斯达克100ETF(QDII),20230728,纳斯达克100指数,纳斯达克100指数收益率(经汇率调整),大成基金管理有限公司,中国农业银行股份有限公司,跨境型ETF,,NDX.GI,2878048709.25,17679201,17616625.7,0.998,0.99646051311934,-1.916461916
2024-01-09,159513.SZ,大成纳斯达克100ETF(QDII),20230728,纳斯达克100指数,纳斯达克100指数收益率(经汇率调整),大成基金管理有限公司,中国农业银行股份有限公司,跨境型ETF,,NDX.GI,2886197997.63,29697520,30273879.58,1.022,1.0194076670375,0.264887668
2024-01-10,159513.SZ,大成纳斯达克100ETF(QDII),20230728,纳斯达克100指数,纳斯达克100指数收益率(经汇率调整),大成基金管理有限公司,中国农业银行股份有限公司,跨境型ETF,,NDX.GI,2916959870.79,11404500,11660608.1,1.023,1.0224567582972,-0.379783815
2024-01-11,159513.SZ,大成纳斯达克100ETF(QDII),20230728,纳斯达克100指数,纳斯达克100指数收益率(经汇率调整),大成基金管理有限公司,中国农业银行股份有限公司,跨境型ETF,,NDX.GI,2942932914.08,20174965,20823098.47,1.034,1.0321256304534,0.505443235
2024-01-12,159513.SZ,大成纳斯达克100ETF(QDII),20230728,纳斯达克100指数,纳斯达克100指数收益率(经汇率调整),大成基金管理有限公司,中国农业银行股份有限公司,跨境型ETF,,NDX.GI,2943505023.9,15697805,16142246.44,1.03,1.0283123302908,0.09718173
2024-01-15,159513.SZ,大成纳斯达克100ETF(QDII),20230728,纳斯达克100指数,纳斯达克100指数收益率(经汇率调整),大成基金管理有限公司,中国农业银行股份有限公司,跨境型ETF,,NDX.GI,2944649243.54,22953101,23710709.24,1.037,1.0330067924155,0.738294152
2024-01-16,159513.SZ,大成纳斯达克100ETF(QDII),20230728,纳斯达克100指数,纳斯达克100指数收益率(经汇率调整),大成基金管理有限公司,中国农业银行股份有限公司,跨境型ETF,,NDX.GI,2971827018.09,32422827,33359255.44,1.026,1.0288817640732,-0.378677542
2024-01-17,159513.SZ,大成纳斯达克100ETF(QDII),20230728,纳斯达克100指数,纳斯达克100指数收益率(经汇率调整),大成基金管理有限公司,中国农业银行股份有限公司,跨境型ETF,,NDX.GI,2956533607.86,17392003,17860742.58,1.022,1.0269514431432,-0.253757564
2024-01-18,159513.SZ,大成纳斯达克100ETF(QDII),20230728,纳斯达克100指数,纳斯达克100指数收益率(经汇率调整),大成基金管理有限公司,中国农业银行股份有限公司,跨境型ETF,,NDX.GI,3019737179.63,15098205,15463369.32,1.027,1.0241859426336,-1.183488887
2024-01-19,159513.SZ,大成纳斯达克100ETF(QDII),20230728,纳斯达克100指数,纳斯达克100指数收益率(经汇率调整),大成基金管理有限公司,中国农业银行股份有限公司,跨境型ETF,,NDX.GI,3077848161.63,20139423,21050614.53,1.047,1.0452441725863,-1.161144152
2024-01-22,159513.SZ,大成纳斯达克100ETF(QDII),20230728,纳斯达克100指数,纳斯达克100指数收益率(经汇率调整),大成基金管理有限公司,中国农业银行股份有限公司,跨境型ETF,,NDX.GI,3104623716.54,43194320,46251806.5,1.071,1.0707844573083,1.094959411
2024-01-23,159513.SZ,大成纳斯达克100ETF(QDII),20230728,纳斯达克100指数,纳斯达克100指数收益率(经汇率调整),大成基金管理有限公司,中国农业银行股份有限公司,跨境型ETF,,NDX.GI,3134064242.4,36213208,38575243.42,1.065,1.0652257988301,0.093984962
2024-01-24,159513.SZ,大成纳斯达克100ETF(QDII),20230728,纳斯达克100指数,纳斯达克100指数收益率(经汇率调整),大成基金管理有限公司,中国农业银行股份有限公司,跨境型ETF,,NDX.GI,3170351023.17,44159770,47352118.04,1.072,1.0722908665512,0.308786376
2024-01-25,159513.SZ,大成纳斯达克100ETF(QDII),20230728,纳斯达克100指数,纳斯达克100指数收益率(经汇率调整),大成基金管理有限公司,中国农业银行股份有限公司,跨境型ETF,,NDX.GI,3185856117.36,45209541,48324563.89,1.069,1.0689018915277,-0.056095737
2024-01-26,159513.SZ,大成纳斯达克100ETF(QDII),20230728,纳斯达克100指数,纳斯达克100指数收益率(经汇率调整),大成基金管理有限公司,中国农业银行股份有限公司,跨境型ETF,,NDX.GI,3196076597.31,33680708,35818736.01,1.062,1.0634793072046,-0.197349873
2024-01-29,159513.SZ,大成纳斯达克100ETF(QDII),20230728,纳斯达克100指数,纳斯达克100指数收益率(经汇率调整),大成基金管理有限公司,中国农业银行股份有限公司,跨境型ETF,,NDX.GI,3227740282.5,20498211,21799126.79,1.066,1.063464845298,-0.837209302
2024-01-30,159513.SZ,大成纳斯达克100ETF(QDII),20230728,纳斯达克100指数,纳斯达克100指数收益率(经汇率调整),大成基金管理有限公司,中国农业银行股份有限公司,跨境型ETF,,NDX.GI,3235572354.43,65498925,70694571.28,1.08,1.0793241458543,1.189918486
2024-01-31,159513.SZ,大成纳斯达克100ETF(QDII),20230728,纳斯达克100指数,纳斯达克100指数收益率(经汇率调整),大成基金管理有限公司,中国农业银行股份有限公司,跨境型ETF,,NDX.GI,3242321778.24,62006734,65877802.17,1.06,1.062429802705,1.29969419
2024-02-01,159513.SZ,大成纳斯达克100ETF(QDII),20230728,纳斯达克100指数,纳斯达克100指数收益率(经汇率调整),大成基金管理有限公司,中国农业银行股份有限公司,跨境型ETF,,NDX.GI,3360471141.99,48945834,51492355.67,1.051,1.0520273425109,-0.746057229
2024-02-02,159513.SZ,大成纳斯达克100ETF(QDII),20230728,纳斯达克100指数,纳斯达克100指数收益率(经汇率调整),大成基金管理有限公司,中国农业银行股份有限公司,跨境型ETF,,NDX.GI,3437654286.51,58231800,62437774.2,1.072,1.0722281330819,-0.381005483
2024-02-05,159513.SZ,大成纳斯达克100ETF(QDII),20230728,纳斯达克100指数,纳斯达克100指数收益率(经汇率调整),大成基金管理有限公司,中国农业银行股份有限公司,跨境型ETF,,NDX.GI,3540235927.59,48520119,52292772.85,1.078,1.0777544228612,0.288398921
2024-02-06,159513.SZ,大成纳斯达克100ETF(QDII),20230728,纳斯达克100指数,纳斯达克100指数收益率(经汇率调整),大成基金管理有限公司,中国农业银行股份有限公司,跨境型ETF,,NDX.GI,3596010699.93,41118100,44270213.8,1.078,1.0766600061773,0.531567658
2024-02-07,159513.SZ,大成纳斯达克100ETF(QDII),20230728,纳斯达克100指数,纳斯达克100指数收益率(经汇率调整),大成基金管理有限公司,中国农业银行股份有限公司,跨境型ETF,,NDX.GI,3660932890.93,23259700,24940166.7,1.072,1.07224799546,-0.951676984
2024-02-08,159513.SZ,大成纳斯达克100ETF(QDII),20230728,纳斯达克100指数,纳斯达克100指数收益率(经汇率调整),大成基金管理有限公司,中国农业银行股份有限公司,跨境型ETF,,NDX.GI,3743253734.22,48782548,53158892.66,1.095,1.0897112766639,0.996126176
2024-02-19,159513.SZ,大成纳斯达克100ETF(QDII),20230728,纳斯达克100指数,纳斯达克100指数收益率(经汇率调整),大成基金管理有限公司,中国农业银行股份有限公司,跨境型ETF,,NDX.GI,3720812165.07,38248112,41448997,1.088,1.0836873987401,0.955739074
2024-02-20,159513.SZ,大成纳斯达克100ETF(QDII),20230728,纳斯达克100指数,纳斯达克100指数收益率(经汇率调整),大成基金管理有限公司,中国农业银行股份有限公司,跨境型ETF,,NDX.GI,3784823782.09,44840424,48384247.37,1.077,1.0790318880571,0.663613422
2024-02-21,159513.SZ,大成纳斯达克100ETF(QDII),20230728,纳斯达克100指数,纳斯达克100指数收益率(经汇率调整),大成基金管理有限公司,中国农业银行股份有限公司,跨境型ETF,,NDX.GI,3796605211.14,52050644,55455712.68,1.07,1.0654183775325,0.431762718
2024-02-22,159513.SZ,大成纳斯达克100ETF(QDII),20230728,纳斯达克100指数,纳斯达克100指数收益率(经汇率调整),大成基金管理有限公司,中国农业银行股份有限公司,跨境型ETF,,NDX.GI,3935260348.87,68883527,74730133.57,1.09,1.0848767016532,-0.520215387
2024-02-23,159513.SZ,大成纳斯达克100ETF(QDII),20230728,纳斯达克100指数,纳斯达克100指数收益率(经汇率调整),大成基金管理有限公司,中国农业银行股份有限公司,跨境型ETF,,NDX.GI,3960187281.93,88697833,97594901.41,1.099,1.1003076186765,0.613384601
2024-02-26,159513.SZ,大成纳斯达克100ETF(QDII),20230728,纳斯达克100指数,纳斯达克100指数收益率(经汇率调整),大成基金管理有限公司,中国农业银行股份有限公司,跨境型ETF,,NDX.GI,3959099617.2,57276930,62349107.47,1.089,1.0885553305668,-0.274725275
2024-02-27,159513.SZ,大成纳斯达克100ETF(QDII),20230728,纳斯达克100指数,纳斯达克100指数收益率(经汇率调整),大成基金管理有限公司,中国农业银行股份有限公司,跨境型ETF,,NDX.GI,3975833260.49,58796426,64093098.3,1.089,1.0900849364552,-0.447938568
2024-02-28,159513.SZ,大成纳斯达克100ETF(QDII),20230728,纳斯达克100指数,纳斯达克100指数收益率(经汇率调整),大成基金管理有限公司,中国农业银行股份有限公司,跨境型ETF,,NDX.GI,3956570150.26,48306702,52720516.18,1.092,1.0913706379707,0.31232776
2024-02-29,159513.SZ,大成纳斯达克100ETF(QDII),20230728,纳斯达克100指数,纳斯达克100指数收益率(经汇率调整),大成基金管理有限公司,中国农业银行股份有限公司,跨境型ETF,,NDX.GI,3992567256.89,33684962,36606537.29,1.087,1.0867323314778,-0.992804445
2024-03-01,159513.SZ,大成纳斯达克100ETF(QDII),20230728,纳斯达克100指数,纳斯达克100指数收益率(经汇率调整),大成基金管理有限公司,中国农业银行股份有限公司,跨境型ETF,,NDX.GI,4068244058.12,91327600,100414348.1,1.101,1.0994961884469,-1.095939633
2024-03-04,159513.SZ,大成纳斯达克100ETF(QDII),20230728,纳斯达克100指数,纳斯达克100指数收益率(经汇率调整),大成基金管理有限公司,中国农业银行股份有限公司,跨境型ETF,,NDX.GI,4105381312.62,106663700,118821143.7,1.114,1.1139792047341,0.523371233
2024-03-05,159513.SZ,大成纳斯达克100ETF(QDII),20230728,纳斯达克100指数,纳斯达克100指数收益率(经汇率调整),大成基金管理有限公司,中国农业银行股份有限公司,跨境型ETF,,NDX.GI,4033535324.81,99747615,110130412.25,1.104,1.1040906817672,1.368102103
2024-03-06,159513.SZ,大成纳斯达克100ETF(QDII),20230728,纳斯达克100指数,纳斯达克100指数收益率(经汇率调整),大成基金管理有限公司,中国农业银行股份有限公司,跨境型ETF,,NDX.GI,4071498703.78,63274815,69172547.37,1.094,1.0932082119877,-0.164263552
2024-03-07,159513.SZ,大成纳斯达克100ETF(QDII),20230728,纳斯达克100指数,纳斯达克100指数收益率(经汇率调整),大成基金管理有限公司,中国农业银行股份有限公司,跨境型ETF,,NDX.GI,4140953689.38,81056311,88633602.62,1.092,1.0934818217918,-1.780895845
2024-03-08,159513.SZ,大成纳斯达克100ETF(QDII),20230728,纳斯达克100指数,纳斯达克100指数收益率(经汇率调整),大成基金管理有限公司,中国农业银行股份有限公司,跨境型ETF,,NDX.GI,4088261029.23,41678378,46329790.5,1.113,1.1116025316532,1.615995618
2024-03-11,159513.SZ,大成纳斯达克100ETF(QDII),20230728,纳斯达克100指数,纳斯达克100指数收益率(经汇率调整),大成基金管理有限公司,中国农业银行股份有限公司,跨境型ETF,,NDX.GI,4072928713.19,63860173,69835079.37,1.096,1.0935623267103,0.467503896
2024-03-12,159513.SZ,大成纳斯达克100ETF(QDII),20230728,纳斯达克100指数,纳斯达克100指数收益率(经汇率调整),大成基金管理有限公司,中国农业银行股份有限公司,跨境型ETF,,NDX.GI,4131158214.42,39207801,43006418.7,1.1,1.0968842322986,-0.56047731
2024-03-13,159513.SZ,大成纳斯达克100ETF(QDII),20230728,纳斯达克100指数,纳斯达克100指数收益率(经汇率调整),大成基金管理有限公司,中国农业银行股份有限公司,跨境型ETF,,NDX.GI,4096800362.7,60389704,66837330.83,1.108,1.1067669884588,1.002734731
2024-03-14,159513.SZ,大成纳斯达克100ETF(QDII),20230728,纳斯达克100指数,纳斯达克100指数收益率(经汇率调整),大成基金管理有限公司,中国农业银行股份有限公司,跨境型ETF,,NDX.GI,4134905244.86,38205900,42117035.3,1.103,1.1023699297752,0.767403618
2024-03-15,159513.SZ,大成纳斯达克100ETF(QDII),20230728,纳斯达克100指数,纳斯达克100指数收益率(经汇率调整),大成基金管理有限公司,中国农业银行股份有限公司,跨境型ETF,,NDX.GI,4092444400.75,35686303,39040931.38,1.093,1.0940032476886,0.969976905
2024-03-18,159513.SZ,大成纳斯达克100ETF(QDII),20230728,纳斯达克100指数,纳斯达克100指数收益率(经汇率调整),大成基金管理有限公司,中国农业银行股份有限公司,跨境型ETF,,NDX.GI,4129871836.84,92462219,100325445.31,1.087,1.0850425870701,-0.494324423
2024-03-19,159513.SZ,大成纳斯达克100ETF(QDII),20230728,纳斯达克100指数,纳斯达克100指数收益率(经汇率调整),大成基金管理有限公司,中国农业银行股份有限公司,跨境型ETF,,NDX.GI,4153642039.05,74045503,80510244.76,1.087,1.0873076891651,-0.775901415
2024-03-20,159513.SZ,大成纳斯达克100ETF(QDII),20230728,纳斯达克100指数,纳斯达克100指数收益率(经汇率调整),大成基金管理有限公司,中国农业银行股份有限公司,跨境型ETF,,NDX.GI,4199140628.25,21487022,23450742,1.092,1.0913909800995,-1.399548533
2024-03-21,159513.SZ,大成纳斯达克100ETF(QDII),20230728,纳斯达克100指数,纳斯达克100指数收益率(经汇率调整),大成基金管理有限公司,中国农业银行股份有限公司,跨境型ETF,,NDX.GI,4216556089.38,92723964,103321510.96,1.12,1.1142913493215,0.737542724
2024-03-22,159513.SZ,大成纳斯达克100ETF(QDII),20230728,纳斯达克100指数,纳斯达克100指数收益率(经汇率调整),大成基金管理有限公司,中国农业银行股份有限公司,跨境型ETF,,NDX.GI,4234518677.76,45324104,50593591.66,1.117,1.1162623680327,0.305316092
2024-03-25,159513.SZ,大成纳斯达克100ETF(QDII),20230728,纳斯达克100指数,纳斯达克100指数收益率(经汇率调整),大成基金管理有限公司,中国农业银行股份有限公司,跨境型ETF,,NDX.GI,4223398391.18,66040901,73772127.22,1.113,1.1170672432225,0.288340241
2024-03-26,159513.SZ,大成纳斯达克100ETF(QDII),20230728,纳斯达克100指数,纳斯达克100指数收益率(经汇率调整),大成基金管理有限公司,中国农业银行股份有限公司,跨境型ETF,,NDX.GI,4248995665.32,87505815,97355269.48,1.115,1.1125577137931,0.886717336
2024-03-27,159513.SZ,大成纳斯达克100ETF(QDII),20230728,纳斯达克100指数,纳斯达克100指数收益率(经汇率调整),大成基金管理有限公司,中国农业银行股份有限公司,跨境型ETF,,NDX.GI,4320223316.63,112039300,124514077.7,1.112,1.1113428743307,0.243396737
2024-03-28,159513.SZ,大成纳斯达克100ETF(QDII),20230728,纳斯达克100指数,纳斯达克100指数收益率(经汇率调整),大成基金管理有限公司,中国农业银行股份有限公司,跨境型ETF,,NDX.GI,4364946238.07,65326600,72550047.1,1.111,1.1105743617454,0.297914598
2024-03-29,159513.SZ,大成纳斯达克100ETF(QDII),20230728,纳斯达克100指数,纳斯达克100指数收益率(经汇率调整),大成基金管理有限公司,中国农业银行股份有限公司,跨境型ETF,,NDX.GI,4364946238.07,32992800,36603951.1,1.11,1.1094527018016,0.207637447
2024-04-01,159513.SZ,大成纳斯达克100ETF(QDII),20230728,纳斯达克100指数,纳斯达克100指数收益率(经汇率调整),大成基金管理有限公司,中国农业银行股份有限公司,跨境型ETF,,NDX.GI,4406830881.36,101494858,113211964.87,1.115,1.1154453250233,0.48666186
2024-04-02,159513.SZ,大成纳斯达克100ETF(QDII),20230728,纳斯达克100指数,纳斯达克100指数收益率(经汇率调整),大成基金管理有限公司,中国农业银行股份有限公司,跨境型ETF,,NDX.GI,4423704010.0,140086642,155567861.51,1.11,1.1105117467945,0.909090909
2024-04-03,159513.SZ,大成纳斯达克100ETF(QDII),20230728,纳斯达克100指数,纳斯达克100指数收益率(经汇率调整),大成基金管理有限公司,中国农业银行股份有限公司,跨境型ETF,,NDX.GI,4487661418.02,132102800,145076303.1,1.098,1.0982076314809,-0.38105607
2024-04-08,159513.SZ,大成纳斯达克100ETF(QDII),20230728,纳斯达克100指数,纳斯达克100指数收益率(经汇率调整),大成基金管理有限公司,中国农业银行股份有限公司,跨境型ETF,,NDX.GI,4474386331.44,90924103,99901247.3,1.097,1.0987322833419,-0.127458121
2024-04-09,159513.SZ,大成纳斯达克100ETF(QDII),20230728,纳斯达克100指数,纳斯达克100指数收益率(经汇率调整),大成基金管理有限公司,中国农业银行股份有限公司,跨境型ETF,,NDX.GI,4491087882.75,67295124,73870807.98,1.099,1.0977141223486,-0.317460317
2024-04-10,159513.SZ,大成纳斯达克100ETF(QDII),20230728,纳斯达克100指数,纳斯达克100指数收益率(经汇率调整),大成基金管理有限公司,中国农业银行股份有限公司,跨境型ETF,,NDX.GI,4463727521.21,30542248,33662802.6,1.102,1.1021717392904,0.814198152
2024-04-11,159513.SZ,大成纳斯达克100ETF(QDII),20230728,纳斯达克100指数,纳斯达克100指数收益率(经汇率调整),大成基金管理有限公司,中国农业银行股份有限公司,跨境型ETF,,NDX.GI,4533670775.55,54567901,59570949.79,1.094,1.0916848311611,-1.485817199
2024-04-12,159513.SZ,大成纳斯达克100ETF(QDII),20230728,纳斯达克100指数,纳斯达克100指数收益率(经汇率调整),大成基金管理有限公司,中国农业银行股份有限公司,跨境型ETF,,NDX.GI,4460593146.66,40072700,44513732.4,1.112,1.1108243866772,1.775581183
2024-04-15,159513.SZ,大成纳斯达克100ETF(QDII),20230728,纳斯达克100指数,纳斯达克100指数收益率(经汇率调整),大成基金管理有限公司,中国农业银行股份有限公司,跨境型ETF,,NDX.GI,4400308792.32,77243502,84640773.79,1.099,1.0957656190938,2.213541667
2024-04-16,159513.SZ,大成纳斯达克100ETF(QDII),20230728,纳斯达克100指数,纳斯达克100指数收益率(经汇率调整),大成基金管理有限公司,中国农业银行股份有限公司,跨境型ETF,,NDX.GI,4403992086.51,98211402,105216209.04,1.07,1.0713237658495,-0.566861816
2024-04-17,159513.SZ,大成纳斯达克100ETF(QDII),20230728,纳斯达克100指数,纳斯达克100指数收益率(经汇率调整),大成基金管理有限公司,中国农业银行股份有限公司,跨境型ETF,,NDX.GI,4324211448.21,65811412,70602956.59,1.071,1.0728071993046,0.743109773
2024-04-18,159513.SZ,大成纳斯达克100ETF(QDII),20230728,纳斯达克100指数,纳斯达克100指数收益率(经汇率调整),大成基金管理有限公司,中国农业银行股份有限公司,跨境型ETF,,NDX.GI,4299806153.61,34642609,36904401.27,1.07,1.0652893166909,1.220319743
2024-04-19,159513.SZ,大成纳斯达克100ETF(QDII),20230728,纳斯达克100指数,纳斯达克100指数收益率(经汇率调整),大成基金管理有限公司,中国农业银行股份有限公司,跨境型ETF,,NDX.GI,4216237432.33,133701134,139397386.29,1.047,1.0426043678134,1.032519541
2024-04-22,159513.SZ,大成纳斯达克100ETF(QDII),20230728,纳斯达克100指数,纳斯达克100指数收益率(经汇率调整),大成基金管理有限公司,中国农业银行股份有限公司,跨境型ETF,,NDX.GI,4256516068.42,68396200,70987993.1,1.042,1.0378938172004,-0.401452877
2024-04-23,159513.SZ,大成纳斯达克100ETF(QDII),20230728,纳斯达克100指数,纳斯达克100指数收益率(经汇率调整),大成基金管理有限公司,中国农业银行股份有限公司,跨境型ETF,,NDX.GI,4319171724.56,57470301,59986657.24,1.045,1.043785332532,-1.563677468
2024-04-24,159513.SZ,大成纳斯达克100ETF(QDII),20230728,纳斯达克100指数,纳斯达克100指数收益率(经汇率调整),大成基金管理有限公司,中国农业银行股份有限公司,跨境型ETF,,NDX.GI,4332191081.68,138615700,147981600.1,1.068,1.0675673830598,0.30052592
2024-04-25,159513.SZ,大成纳斯达克100ETF(QDII),20230728,纳斯达克100指数,纳斯达克100指数收益率(经汇率调整),大成基金管理有限公司,中国农业银行股份有限公司,跨境型ETF,,NDX.GI,4309000351.81,128545500,134900553.5,1.049,1.0494381639186,-0.953639883
2024-04-26,159513.SZ,大成纳斯达克100ETF(QDII),20230728,纳斯达克100指数,纳斯达克100指数收益率(经汇率调整),大成基金管理有限公司,中国农业银行股份有限公司,跨境型ETF,,NDX.GI,4373861286.51,139749176,149188885.59,1.068,1.0675475151997,-0.752718149
2024-04-29,159513.SZ,大成纳斯达克100ETF(QDII),20230728,纳斯达克100指数,纳斯达克100指数收益率(经汇率调整),大成基金管理有限公司,中国农业银行股份有限公司,跨境型ETF,,NDX.GI,4389306573.09,30838400,33236266.4,1.077,1.0777558628204,-0.268543384
2024-04-30,159513.SZ,大成纳斯达克100ETF(QDII),20230728,纳斯达克100指数,纳斯达克100指数收益率(经汇率调整),大成基金管理有限公司,中国农业银行股份有限公司,跨境型ETF,,NDX.GI,4307855826.36,111137838,120089561.88,1.083,1.0805461401903,2.208380521
2024-05-06,159513.SZ,大成纳斯达克100ETF(QDII),20230728,纳斯达克100指数,纳斯达克100指数收益率(经汇率调整),大成基金管理有限公司,中国农业银行股份有限公司,跨境型ETF,,NDX.GI,4462914872.52,44328100,48107639.39,1.087,1.0852628330562,-0.929639081
2024-05-07,159513.SZ,大成纳斯达克100ETF(QDII),20230728,纳斯达克100指数,纳斯达克100指数收益率(经汇率调整),大成基金管理有限公司,中国农业银行股份有限公司,跨境型ETF,,NDX.GI,4483761672.52,52635500,57756590.6,1.096,1.0972934730363,-0.109369304
2024-05-08,159513.SZ,大成纳斯达克100ETF(QDII),20230728,纳斯达克100指数,纳斯达克100指数收益率(经汇率调整),大成基金管理有限公司,中国农业银行股份有限公司,跨境型ETF,,NDX.GI,4481847362.7,46489760,50886725.46,1.093,1.0945792247583,-0.364630811
2024-05-09,159513.SZ,大成纳斯达克100ETF(QDII),20230728,纳斯达克100指数,纳斯达克100指数收益率(经汇率调整),大成基金管理有限公司,中国农业银行股份有限公司,跨境型ETF,,NDX.GI,4485214305.99,66428770,72538136.04,1.092,1.0919686762227,-0.627900628
2024-05-10,159513.SZ,大成纳斯达克100ETF(QDII),20230728,纳斯达克100指数,纳斯达克100指数收益率(经汇率调整),大成基金管理有限公司,中国农业银行股份有限公司,跨境型ETF,,NDX.GI,4495826333.65,25741445,28264754.01,1.1,1.0980251501033,-0.136177939
2024-05-13,159513.SZ,大成纳斯达克100ETF(QDII),20230728,纳斯达克100指数,纳斯达克100指数收益率(经汇率调整),大成基金管理有限公司,中国农业银行股份有限公司,跨境型ETF,,NDX.GI,4525492251.49,56151705,61834510.91,1.103,1.1012045121337,-0.081529124
2024-05-14,159513.SZ,大成纳斯达克100ETF(QDII),20230728,纳斯达克100指数,纳斯达克100指数收益率(经汇率调整),大成基金管理有限公司,中国农业银行股份有限公司,跨境型ETF,,NDX.GI,4555947179.56,17792500,19604420.9,1.102,1.1018362175074,-0.863620007
2024-05-15,159513.SZ,大成纳斯达克100ETF(QDII),20230728,纳斯达克100指数,纳斯达克100指数收益率(经汇率调整),大成基金管理有限公司,中国农业银行股份有限公司,跨境型ETF,,NDX.GI,4623163384.8,28487595,31643136.05,1.111,1.1107689522404,-1.507092199
2024-05-16,159513.SZ,大成纳斯达克100ETF(QDII),20230728,纳斯达克100指数,纳斯达克100指数收益率(经汇率调整),大成基金管理有限公司,中国农业银行股份有限公司,跨境型ETF,,NDX.GI,4615883357.14,84153706,95154441.28,1.13,1.1307219349318,0.408743558
2024-05-17,159513.SZ,大成纳斯达克100ETF(QDII),20230728,纳斯达克100指数,纳斯达克100指数收益率(经汇率调整),大成基金管理有限公司,中国农业银行股份有限公司,跨境型ETF,,NDX.GI,4614242737.5,43476808,48902353.59,1.126,1.1247917186101,0.088888889
2024-05-20,159513.SZ,大成纳斯达克100ETF(QDII),20230728,纳斯达克100指数,纳斯达克100指数收益率(经汇率调整),大成基金管理有限公司,中国农业银行股份有限公司,跨境型ETF,,NDX.GI,4655918200.84,36640905,41292814.33,1.128,1.1269594550135,-0.388555281
2024-05-21,159513.SZ,大成纳斯达克100ETF(QDII),20230728,纳斯达克100指数,纳斯达克100指数收益率(经汇率调整),大成基金管理有限公司,中国农业银行股份有限公司,跨境型ETF,,NDX.GI,4689721383.41,109088605,123973016.07,1.137,1.1364433166049,0.167386133
2024-05-22,159513.SZ,大成纳斯达克100ETF(QDII),20230728,纳斯达克100指数,纳斯达克100指数收益率(经汇率调整),大成基金管理有限公司,中国农业银行股份有限公司,跨境型ETF,,NDX.GI,4710347608.86,87715900,99892887.1,1.139,1.1388230309442,0.387801868
2024-05-23,159513.SZ,大成纳斯达克100ETF(QDII),20230728,纳斯达克100指数,纳斯达克100指数收益率(经汇率调整),大成基金管理有限公司,中国农业银行股份有限公司,跨境型ETF,,NDX.GI,4712599018.27,165301910,189930979.25,1.152,1.1489944626169,1.973975392
2024-05-24,159513.SZ,大成纳斯达克100ETF(QDII),20230728,纳斯达克100指数,纳斯达克100指数收益率(经汇率调整),大成基金管理有限公司,中国农业银行股份有限公司,跨境型ETF,,NDX.GI,4780461748.55,196611334,222193654.84,1.128,1.1301162060169,-1.096010522
2024-05-27,159513.SZ,大成纳斯达克100ETF(QDII),20230728,纳斯达克100指数,纳斯达克100指数收益率(经汇率调整),大成基金管理有限公司,中国农业银行股份有限公司,跨境型ETF,,NDX.GI,4779623438.73,92460260,105406057.93,1.143,1.1400147255697,0.236779795
2024-05-28,159513.SZ,大成纳斯达克100ETF(QDII),20230728,纳斯达克100指数,纳斯达克100指数收益率(经汇率调整),大成基金管理有限公司,中国农业银行股份有限公司,跨境型ETF,,NDX.GI,4818012170.4,62883500,71973197.3,1.146,1.1445482089896,0.174825175
2024-05-29,159513.SZ,大成纳斯达克100ETF(QDII),20230728,纳斯达克100指数,纳斯达克100指数收益率(经汇率调整),大成基金管理有限公司,中国农业银行股份有限公司,跨境型ETF,,NDX.GI,4806616622.69,67298303,76834265.92,1.141,1.1416969298617,0.448983185
2024-05-30,159513.SZ,大成纳斯达克100ETF(QDII),20230728,纳斯达克100指数,纳斯达克100指数收益率(经汇率调整),大成基金管理有限公司,中国农业银行股份有限公司,跨境型ETF,,NDX.GI,4760480098.22,59423303,67091021.98,1.129,1.1290355566401,0.42697029
2024-05-31,159513.SZ,大成纳斯达克100ETF(QDII),20230728,纳斯达克100指数,纳斯达克100指数收益率(经汇率调整),大成基金管理有限公司,中国农业银行股份有限公司,跨境型ETF,,NDX.GI,4766228723.67,96175000,107743885.9,1.124,1.1202899495711,0.026697517
2024-06-03,159513.SZ,大成纳斯达克100ETF(QDII),20230728,纳斯达克100指数,纳斯达克100指数收益率(经汇率调整),大成基金管理有限公司,中国农业银行股份有限公司,跨境型ETF,,NDX.GI,4804044300.43,87670824,98970068.97,1.132,1.1288826140154,0.416925397
2024-06-04,159513.SZ,大成纳斯达克100ETF(QDII),20230728,纳斯达克100指数,纳斯达克100指数收益率(经汇率调整),大成基金管理有限公司,中国农业银行股份有限公司,跨境型ETF,,NDX.GI,4820646302.64,68218100,76889588.1,1.125,1.1271141837723,-0.477707006
2024-06-05,159513.SZ,大成纳斯达克100ETF(QDII),20230728,纳斯达克100指数,纳斯达克100指数收益率(经汇率调整),大成基金管理有限公司,中国农业银行股份有限公司,跨境型ETF,,NDX.GI,4929837477.03,86133300,97675951.4,1.134,1.1340091625422,-1.67345877
2024-06-06,159513.SZ,大成纳斯达克100ETF(QDII),20230728,纳斯达克100指数,纳斯达克100指数收益率(经汇率调整),大成基金管理有限公司,中国农业银行股份有限公司,跨境型ETF,,NDX.GI,4926845292.66,87544600,101128272.2,1.155,1.1551628792638,0.208224883
2024-06-07,159513.SZ,大成纳斯达克100ETF(QDII),20230728,纳斯达克100指数,纳斯达克100指数收益率(经汇率调整),大成基金管理有限公司,中国农业银行股份有限公司,跨境型ETF,,NDX.GI,4940138233.74,84778000,97965901.8,1.157,1.1555580669513,0.486364426
2024-06-11,159513.SZ,大成纳斯达克100ETF(QDII),20230728,纳斯达克100指数,纳斯达克100指数收益率(经汇率调整),大成基金管理有限公司,中国农业银行股份有限公司,跨境型ETF,,NDX.GI,5013684462.22,81196700,93852227.7,1.155,1.15586258678,-0.790242226
2024-06-12,159513.SZ,大成纳斯达克100ETF(QDII),20230728,纳斯达克100指数,纳斯达克100指数收益率(经汇率调整),大成基金管理有限公司,中国农业银行股份有限公司,跨境型ETF,,NDX.GI,5101866698.72,84436702,98497271.13,1.168,1.1665220075744,-0.949796472
2024-06-13,159513.SZ,大成纳斯达克100ETF(QDII),20230728,纳斯达克100指数,纳斯达克100指数收益率(经汇率调整),大成基金管理有限公司,中国农业银行股份有限公司,跨境型ETF,,NDX.GI,5152083012.96,93761609,111424290,1.19,1.1883786038697,0.371120108
2024-06-14,159513.SZ,大成纳斯达克100ETF(QDII),20230728,纳斯达克100指数,纳斯达克100指数收益率(经汇率调整),大成基金管理有限公司,中国农业银行股份有限公司,跨境型ETF,,NDX.GI,5194722142.83,97075499,115372129.41,1.189,1.1884783554911,-0.193066398
2024-06-17,159513.SZ,大成纳斯达克100ETF(QDII),20230728,纳斯达克100指数,纳斯达克100指数收益率(经汇率调整),大成基金管理有限公司,中国农业银行股份有限公司,跨境型ETF,,NDX.GI,5273081485.14,75419500,89842625.8,1.193,1.1912386823036,-1.028704165
2024-06-18,159513.SZ,大成纳斯达克100ETF(QDII),20230728,纳斯达克100指数,纳斯达克100指数收益率(经汇率调整),大成基金管理有限公司,中国农业银行股份有限公司,跨境型ETF,,NDX.GI,5295871120.41,173902200,210371243.3,1.216,1.2097100743981,0.904489254
2024-06-19,159513.SZ,大成纳斯达克100ETF(QDII),20230728,纳斯达克100指数,纳斯达克100指数收益率(经汇率调整),大成基金管理有限公司,中国农业银行股份有限公司,跨境型ETF,,NDX.GI,5296310575.32,112124800,136061040.7,1.213,1.2134785587131,0.647195486
2024-06-20,159513.SZ,大成纳斯达克100ETF(QDII),20230728,纳斯达克100指数,纳斯达克100指数收益率(经汇率调整),大成基金管理有限公司,中国农业银行股份有限公司,跨境型ETF,,NDX.GI,5280683633.42,122867700,149615659.3,1.221,1.2176972410161,2.073231901
2024-06-21,159513.SZ,大成纳斯达克100ETF(QDII),20230728,纳斯达克100指数,纳斯达克100指数收益率(经汇率调整),大成基金管理有限公司,中国农业银行股份有限公司,跨境型ETF,,NDX.GI,5291303986.12,124313905,149251626.5,1.203,1.2006028328046,0.821320818
2024-06-24,159513.SZ,大成纳斯达克100ETF(QDII),20230728,纳斯达克100指数,纳斯达克100指数收益率(经汇率调整),大成基金管理有限公司,中国农业银行股份有限公司,跨境型ETF,,NDX.GI,5255031573.27,143865400,172088102.1,1.198,1.1961743553349,1.551241841
2024-06-25,159513.SZ,大成纳斯达克100ETF(QDII),20230728,纳斯达克100指数,纳斯达克100指数收益率(经汇率调整),大成基金管理有限公司,中国农业银行股份有限公司,跨境型ETF,,NDX.GI,5339479441.03,112967500,133738226.1,1.184,1.1838646168146,-0.779351379
2024-06-26,159513.SZ,大成纳斯达克100ETF(QDII),20230728,纳斯达克100指数,纳斯达克100指数收益率(经汇率调整),大成基金管理有限公司,中国农业银行股份有限公司,跨境型ETF,,NDX.GI,5377278543.24,139375501,167189817.7,1.2,1.1995638867695,0.300902708
2024-06-27,159513.SZ,大成纳斯达克100ETF(QDII),20230728,纳斯达克100指数,纳斯达克100指数收益率(经汇率调整),大成基金管理有限公司,中国农业银行股份有限公司,跨境型ETF,,NDX.GI,5411138551.26,105327000,126093177.2,1.198,1.197159106402,-0.050058401
2024-06-28,159513.SZ,大成纳斯达克100ETF(QDII),20230728,纳斯达克100指数,纳斯达克100指数收益率(经汇率调整),大成基金管理有限公司,中国农业银行股份有限公司,跨境型ETF,,NDX.GI,5406089437.02,243975200,295900430.5,1.217,1.2128299536182,2.080187888
2024-07-01,159513.SZ,大成纳斯达克100ETF(QDII),20230728,纳斯达克100指数,纳斯达克100指数收益率(经汇率调整),大成基金管理有限公司,中国农业银行股份有限公司,跨境型ETF,,NDX.GI,5464548010.18,169636102,206109248.92,1.22,1.2150081644767,1.683613936
2024-07-02,159513.SZ,大成纳斯达克100ETF(QDII),20230728,纳斯达克100指数,纳斯达克100指数收益率(经汇率调整),大成基金管理有限公司,中国农业银行股份有限公司,跨境型ETF,,NDX.GI,5545268419.02,164690806,201534599.63,1.223,1.2237149390719,0.890942089
2024-07-03,159513.SZ,大成纳斯达克100ETF(QDII),20230728,纳斯达克100指数,纳斯达克100指数收益率(经汇率调整),大成基金管理有限公司,中国农业银行股份有限公司,跨境型ETF,,NDX.GI,5594981439.48,156562302,195603435.11,1.255,1.2493648382227,2.633300622
2024-07-04,159513.SZ,大成纳斯达克100ETF(QDII),20230728,纳斯达克100指数,纳斯达克100指数收益率(经汇率调整),大成基金管理有限公司,中国农业银行股份有限公司,跨境型ETF,,NDX.GI,5594066329.66,298070600,380748846.2,1.263,1.277378064794,3.304433175
2024-07-05,159513.SZ,大成纳斯达克100ETF(QDII),20230728,纳斯达克100指数,纳斯达克100指数收益率(经汇率调整),大成基金管理有限公司,中国农业银行股份有限公司,跨境型ETF,,NDX.GI,5651580483.59,137209600,174095719.6,1.271,1.2688304579271,2.923313629
2024-07-08,159513.SZ,大成纳斯达克100ETF(QDII),20230728,纳斯达克100指数,纳斯达克100指数收益率(经汇率调整),大成基金管理有限公司,中国农业银行股份有限公司,跨境型ETF,,NDX.GI,5688229511.25,187023400,238592847.7,1.276,1.2757379434873,3.111111111
2024-07-09,159513.SZ,大成纳斯达克100ETF(QDII),20230728,纳斯达克100指数,纳斯达克100指数收益率(经汇率调整),大成基金管理有限公司,中国农业银行股份有限公司,跨境型ETF,,NDX.GI,5718519370.17,266421100,339997241.3,1.28,1.276164843175,3.334140631
2024-07-10,159513.SZ,大成纳斯达克100ETF(QDII),20230728,纳斯达克100指数,纳斯达克100指数收益率(经汇率调整),大成基金管理有限公司,中国农业银行股份有限公司,跨境型ETF,,NDX.GI,5807277747.75,138522400,176946739.2,1.276,1.2773871893643,1.876247505
2024-07-11,159513.SZ,大成纳斯达克100ETF(QDII),20230728,纳斯达克100指数,纳斯达克100指数收益率(经汇率调整),大成基金管理有限公司,中国农业银行股份有限公司,跨境型ETF,,NDX.GI,5685729882.77,140572100,181659674.8,1.298,1.2922882620378,5.985139218
2024-07-12,159513.SZ,大成纳斯达克100ETF(QDII),20230728,纳斯达克100指数,纳斯达克100指数收益率(经汇率调整),大成基金管理有限公司,中国农业银行股份有限公司,跨境型ETF,,NDX.GI,5722828797.01,256583678,321143532.79,1.25,1.2516132565143,1.535212412
2024-07-15,159513.SZ,大成纳斯达克100ETF(QDII),20230728,纳斯达克100指数,纳斯达克100指数收益率(经汇率调整),大成基金管理有限公司,中国农业银行股份有限公司,跨境型ETF,,NDX.GI,5744644499.22,157191409,199540530.78,1.275,1.269411172337,3.305785124
2024-07-16,159513.SZ,大成纳斯达克100ETF(QDII),20230728,纳斯达克100指数,纳斯达克100指数收益率(经汇率调整),大成基金管理有限公司,中国农业银行股份有限公司,跨境型ETF,,NDX.GI,5756244193.41,169973306,216999204.78,1.273,1.276666377131,3.068577443
2024-07-17,159513.SZ,大成纳斯达克100ETF(QDII),20230728,纳斯达克100指数,纳斯达克100指数收益率(经汇率调整),大成基金管理有限公司,中国农业银行股份有限公司,跨境型ETF,,NDX.GI,5594725715.99,133765800,169146068.7,1.258,1.2644941285441,4.929518725
2024-07-18,159513.SZ,大成纳斯达克100ETF(QDII),20230728,纳斯达克100指数,纳斯达克100指数收益率(经汇率调整),大成基金管理有限公司,中国农业银行股份有限公司,跨境型ETF,,NDX.GI,5573416566.48,173327600,213265913.9,1.238,1.2304209710398,3.789403085
2024-07-19,159513.SZ,大成纳斯达克100ETF(QDII),20230728,纳斯达克100指数,纳斯达克100指数收益率(经汇率调整),大成基金管理有限公司,中国农业银行股份有限公司,跨境型ETF,,NDX.GI,5530980746.02,72531000,88900235.4,1.221,1.2256860569963,3.282016579
2024-07-22,159513.SZ,大成纳斯达克100ETF(QDII),20230728,纳斯达克100指数,纳斯达克100指数收益率(经汇率调整),大成基金管理有限公司,中国农业银行股份有限公司,跨境型ETF,,NDX.GI,5623332739.64,114898000,138975945.2,1.213,1.2095593065153,1.049650117
2024-07-23,159513.SZ,大成纳斯达克100ETF(QDII),20230728,纳斯达克100指数,纳斯达克100指数收益率(经汇率调整),大成基金管理有限公司,中国农业银行股份有限公司,跨境型ETF,,NDX.GI,5610834833.42,94024200,115391761.8,1.223,1.227255980907,2.240428022
2024-07-24,159513.SZ,大成纳斯达克100ETF(QDII),20230728,纳斯达克100指数,纳斯达克100指数收益率(经汇率调整),大成基金管理有限公司,中国农业银行股份有限公司,跨境型ETF,,NDX.GI,5417939041.76,120448800,145896720,1.208,1.2112758284018,4.715672677
2024-07-25,159513.SZ,大成纳斯达克100ETF(QDII),20230728,纳斯达克100指数,纳斯达克100指数收益率(经汇率调整),大成基金管理有限公司,中国农业银行股份有限公司,跨境型ETF,,NDX.GI,5365608523.1,135806401,159165891.17,1.171,1.1720058111988,2.629272568
2024-07-26,159513.SZ,大成纳斯达克100ETF(QDII),20230728,纳斯达克100指数,纳斯达克100指数收益率(经汇率调整),大成基金管理有限公司,中国农业银行股份有限公司,跨境型ETF,,NDX.GI,5421894288.65,97371100,113620314,1.169,1.1668792280256,1.519756839
2024-07-29,159513.SZ,大成纳斯达克100ETF(QDII),20230728,纳斯达克100指数,纳斯达克100指数收益率(经汇率调整),大成基金管理有限公司,中国农业银行股份有限公司,跨境型ETF,,NDX.GI,5441532571.22,80261400,95223947.8,1.189,1.1864227112909,3.015075377
2024-07-30,159513.SZ,大成纳斯达克100ETF(QDII),20230728,纳斯达克100指数,纳斯达克100指数收益率(经汇率调整),大成基金管理有限公司,中国农业银行股份有限公司,跨境型ETF,,NDX.GI,5376233369.99,102439300,120240204.7,1.174,1.1737702688324,3.081921152
2024-07-31,159513.SZ,大成纳斯达克100ETF(QDII),20230728,纳斯达克100指数,纳斯达克100指数收益率(经汇率调整),大成基金管理有限公司,中国农业银行股份有限公司,跨境型ETF,,NDX.GI,5542824129.57,183729100,214742412.8,1.172,1.1687991330715,-0.059691311
2024-08-01,159513.SZ,大成纳斯达克100ETF(QDII),20230728,纳斯达克100指数,纳斯达克100指数收益率(经汇率调整),大成基金管理有限公司,中国农业银行股份有限公司,跨境型ETF,,NDX.GI,5414036170.4,150817800,181536995.4,1.201,1.2036841500141,4.982517483
2024-08-02,159513.SZ,大成纳斯达克100ETF(QDII),20230728,纳斯达克100指数,纳斯达克100指数收益率(经汇率调整),大成基金管理有限公司,中国农业银行股份有限公司,跨境型ETF,,NDX.GI,5295802474.16,200784700,231643509.6,1.139,1.1536910411999,1.914817466
2024-08-05,159513.SZ,大成纳斯达克100ETF(QDII),20230728,纳斯达克100指数,纳斯达克100指数收益率(经汇率调整),大成基金管理有限公司,中国农业银行股份有限公司,跨境型ETF,,NDX.GI,5136176553.86,476398507,510483172.03,1.059,1.0715465404051,-2.360317168
2024-08-06,159513.SZ,大成纳斯达克100ETF(QDII),20230728,纳斯达克100指数,纳斯达克100指数收益率(经汇率调整),大成基金管理有限公司,中国农业银行股份有限公司,跨境型ETF,,NDX.GI,5189332309.59,318420000,351277019.2,1.1,1.1031876741411,0.465795963
2024-08-07,159513.SZ,大成纳斯达克100ETF(QDII),20230728,纳斯达克100指数,纳斯达克100指数收益率(经汇率调整),大成基金管理有限公司,中国农业银行股份有限公司,跨境型ETF,,NDX.GI,5129546785.12,323561200,358356339.4,1.105,1.107538046589,2.012555391
2024-08-08,159513.SZ,大成纳斯达克100ETF(QDII),20230728,纳斯达克100指数,纳斯达克100指数收益率(经汇率调整),大成基金管理有限公司,中国农业银行股份有限公司,跨境型ETF,,NDX.GI,5295362034.88,96093877,104536061.32,1.089,1.0878535093344,-2.489255014
2024-08-09,159513.SZ,大成纳斯达克100ETF(QDII),20230728,纳斯达克100指数,纳斯达克100指数收益率(经汇率调整),大成基金管理有限公司,中国农业银行股份有限公司,跨境型ETF,,NDX.GI,5329123864.75,129591900,145260722.6,1.12,1.120908965761,-0.222717149
2024-08-12,159513.SZ,大成纳斯达克100ETF(QDII),20230728,纳斯达克100指数,纳斯达克100指数收益率(经汇率调整),大成基金管理有限公司,中国农业银行股份有限公司,跨境型ETF,,NDX.GI,5344415253.13,78283601,88348203.73,1.13,1.1285659142072,0.506982122
2024-08-13,159513.SZ,大成纳斯达克100ETF(QDII),20230728,纳斯达克100指数,纳斯达克100指数收益率(经汇率调整),大成基金管理有限公司,中国农业银行股份有限公司,跨境型ETF,,NDX.GI,5484428427.93,136994902,155072912.87,1.134,1.1319611942202,-1.588128092
2024-08-14,159513.SZ,大成纳斯达克100ETF(QDII),20230728,纳斯达克100指数,纳斯达克100指数收益率(经汇率调整),大成基金管理有限公司,中国农业银行股份有限公司,跨境型ETF,,NDX.GI,5491342227.93,157891100,182524536.4,1.154,1.1560153574204,0.147531025
2024-08-15,159513.SZ,大成纳斯达克100ETF(QDII),20230728,纳斯达克100指数,纳斯达克100指数收益率(经汇率调整),大成基金管理有限公司,中国农业银行股份有限公司,跨境型ETF,,NDX.GI,5630427938.0,91727900,106420602.9,1.16,1.1601770333781,-1.694915254
2024-08-16,159513.SZ,大成纳斯达克100ETF(QDII),20230728,纳斯达克100指数,纳斯达克100指数收益率(经汇率调整),大成基金管理有限公司,中国农业银行股份有限公司,跨境型ETF,,NDX.GI,5648018546.02,209666300,250259412.3,1.198,1.1936081873911,1.336491287
2024-08-19,159513.SZ,大成纳斯达克100ETF(QDII),20230728,纳斯达克100指数,纳斯达克100指数收益率(经汇率调整),大成基金管理有限公司,中国农业银行股份有限公司,跨境型ETF,,NDX.GI,5724473207.97,239850215,283731204.99,1.177,1.182951639172,-1.646193699
2024-08-20,159513.SZ,大成纳斯达克100ETF(QDII),20230728,纳斯达克100指数,纳斯达克100指数收益率(经汇率调整),大成基金管理有限公司,中国农业银行股份有限公司,跨境型ETF,,NDX.GI,5712016256.66,168530000,202651581.6,1.204,1.2024659206076,0.955894684
2024-08-21,159513.SZ,大成纳斯达克100ETF(QDII),20230728,纳斯达克100指数,纳斯达克100指数收益率(经汇率调整),大成基金管理有限公司,中国农业银行股份有限公司,跨境型ETF,,NDX.GI,5747465596.35,132839800,158860686.9,1.198,1.1958817078918,-0.041718815
2024-08-22,159513.SZ,大成纳斯达克100ETF(QDII),20230728,纳斯达克100指数,纳斯达克100指数收益率(经汇率调整),大成基金管理有限公司,中国农业银行股份有限公司,跨境型ETF,,NDX.GI,5654304220.16,137114401,164631776.5,1.2,1.2006891712272,1.902173913
2024-08-23,159513.SZ,大成纳斯达克100ETF(QDII),20230728,纳斯达克100指数,纳斯达克100指数收益率(经汇率调整),大成基金管理有限公司,中国农业银行股份有限公司,跨境型ETF,,NDX.GI,5734444566.48,129374801,153272321.28,1.189,1.1847154167217,-0.318578135
2024-08-26,159513.SZ,大成纳斯达克100ETF(QDII),20230728,纳斯达克100指数,纳斯达克100指数收益率(经汇率调整),大成基金管理有限公司,中国农业银行股份有限公司,跨境型ETF,,NDX.GI,5668435420.16,124619900,148367968.3,1.189,1.1905640134521,0.968070652
2024-08-27,159513.SZ,大成纳斯达克100ETF(QDII),20230728,纳斯达克100指数,纳斯达克100指数收益率(经汇率调整),大成基金管理有限公司,中国农业银行股份有限公司,跨境型ETF,,NDX.GI,5696313030.39,107465200,126589211.8,1.179,1.1779553920711,-0.329698199
2024-08-28,159513.SZ,大成纳斯达克100ETF(QDII),20230728,纳斯达克100指数,纳斯达克100指数收益率(经汇率调整),大成基金管理有限公司,中国农业银行股份有限公司,跨境型ETF,,NDX.GI,5634944433.17,107285900,126659244.3,1.182,1.1805767980695,1.1380166
2024-08-29,159513.SZ,大成纳斯达克100ETF(QDII),20230728,纳斯达克100指数,纳斯达克100指数收益率(经汇率调整),大成基金管理有限公司,中国农业银行股份有限公司,跨境型ETF,,NDX.GI,5594461913.53,220865401,255799478.76,1.16,1.1581690821733,-0.710433964
2024-08-30,159513.SZ,大成纳斯达克100ETF(QDII),20230728,纳斯达克100指数,纳斯达克100指数收益率(经汇率调整),大成基金管理有限公司,中国农业银行股份有限公司,跨境型ETF,,NDX.GI,5653361067.46,155107611,180648415.44,1.168,1.164665062374,-1.067253939
2024-09-02,159513.SZ,大成纳斯达克100ETF(QDII),20230728,纳斯达克100指数,纳斯达克100指数收益率(经汇率调整),大成基金管理有限公司,中国农业银行股份有限公司,跨境型ETF,,NDX.GI,5646657098.72,92724800,109216319.1,1.175,1.1778544585699,-0.356173677
2024-09-03,159513.SZ,大成纳斯达克100ETF(QDII),20230728,纳斯达克100指数,纳斯达克100指数收益率(经汇率调整),大成基金管理有限公司,中国农业银行股份有限公司,跨境型ETF,,NDX.GI,5482566895.85,81430511,95894195.27,1.177,1.1776199620066,2.929602099
2024-09-04,159513.SZ,大成纳斯达克100ETF(QDII),20230728,纳斯达克100指数,纳斯达克100指数收益率(经汇率调整),大成基金管理有限公司,中国农业银行股份有限公司,跨境型ETF,,NDX.GI,5416377252.56,249641000,282699275.7,1.129,1.1324232626051,-1.103714085
2024-09-05,159513.SZ,大成纳斯达克100ETF(QDII),20230728,纳斯达克100指数,纳斯达克100指数收益率(经汇率调整),大成基金管理有限公司,中国农业银行股份有限公司,跨境型ETF,,NDX.GI,5363185974.0,127465405,144688374.78,1.132,1.13511877815,-0.701754386
2024-09-06,159513.SZ,大成纳斯达克100ETF(QDII),20230728,纳斯达克100指数,纳斯达克100指数收益率(经汇率调整),大成基金管理有限公司,中国农业银行股份有限公司,跨境型ETF,,NDX.GI,5221310096.99,175789000,198827764.6,1.129,1.1310591936924,1.812607088
2024-09-09,159513.SZ,大成纳斯达克100ETF(QDII),20230728,纳斯达克100指数,纳斯达克100指数收益率(经汇率调整),大成基金管理有限公司,中国农业银行股份有限公司,跨境型ETF,,NDX.GI,5298029188.4,153509900,171026918.5,1.117,1.1141100248258,-0.622775801
2024-09-10,159513.SZ,大成纳斯达克100ETF(QDII),20230728,纳斯达克100指数,纳斯达克100指数收益率(经汇率调整),大成基金管理有限公司,中国农业银行股份有限公司,跨境型ETF,,NDX.GI,5361407777.6,187739222,211218376.73,1.125,1.1250625973618,-0.968309859
2024-09-11,159513.SZ,大成纳斯达克100ETF(QDII),20230728,纳斯达克100指数,纳斯达克100指数收益率(经汇率调整),大成基金管理有限公司,中国农业银行股份有限公司,跨境型ETF,,NDX.GI,5485889950.19,146685801,166084944.34,1.137,1.1322496329416,-2.058747523
2024-09-12,159513.SZ,大成纳斯达克100ETF(QDII),20230728,纳斯达克100指数,纳斯达克100指数收益率(经汇率调整),大成基金管理有限公司,中国农业银行股份有限公司,跨境型ETF,,NDX.GI,5546795009.93,186230400,217584229.4,1.174,1.1683604255804,0.145014075
2024-09-13,159513.SZ,大成纳斯达克100ETF(QDII),20230728,纳斯达克100指数,纳斯达克100指数收益率(经汇率调整),大成基金管理有限公司,中国农业银行股份有限公司,跨境型ETF,,NDX.GI,5567093947.41,123076600,145458103.2,1.182,1.1818501908568,0.587184069
2024-09-18,159513.SZ,大成纳斯达克100ETF(QDII),20230728,纳斯达克100指数,纳斯达克100指数收益率(经汇率调整),大成基金管理有限公司,中国农业银行股份有限公司,跨境型ETF,,NDX.GI,5514850183.66,149691600,175637227.4,1.172,1.1733272100773,0.808532599
2024-09-19,159513.SZ,大成纳斯达克100ETF(QDII),20230728,纳斯达克100指数,纳斯达克100指数收益率(经汇率调整),大成基金管理有限公司,中国农业银行股份有限公司,跨境型ETF,,NDX.GI,5668343060.67,165066601,194519884.88,1.183,1.1784327277691,-0.896372623
2024-09-20,159513.SZ,大成纳斯达克100ETF(QDII),20230728,纳斯达克100指数,纳斯达克100指数收益率(经汇率调整),大成基金管理有限公司,中国农业银行股份有限公司,跨境型ETF,,NDX.GI,5637233877.69,263276901,312514415.69,1.184,1.1870179818396,-0.16021587
2024-09-23,159513.SZ,大成纳斯达克100ETF(QDII),20230728,纳斯达克100指数,纳斯达克100指数收益率(经汇率调整),大成基金管理有限公司,中国农业银行股份有限公司,跨境型ETF,,NDX.GI,5652440511.16,173225849,205823483.88,1.186,1.1881799689145,-0.134725497
2024-09-24,159513.SZ,大成纳斯达克100ETF(QDII),20230728,纳斯达克100指数,纳斯达克100指数收益率(经汇率调整),大成基金管理有限公司,中国农业银行股份有限公司,跨境型ETF,,NDX.GI,5683870411.57,296799519,351135166.9,1.187,1.1830718866495,-0.477907269
2024-09-25,159513.SZ,大成纳斯达克100ETF(QDII),20230728,纳斯达克100指数,纳斯达克100指数收益率(经汇率调整),大成基金管理有限公司,中国农业银行股份有限公司,跨境型ETF,,NDX.GI,5677189119.18,96865600,114558384.4,1.181,1.1826529170314,-0.739620104
2024-09-26,159513.SZ,大成纳斯达克100ETF(QDII),20230728,纳斯达克100指数,纳斯达克100指数收益率(经汇率调整),大成基金管理有限公司,中国农业银行股份有限公司,跨境型ETF,,NDX.GI,5685026694.55,321687315,385102721.01,1.203,1.1971336855791,0.208246564
2024-09-27,159513.SZ,大成纳斯达克100ETF(QDII),20230728,纳斯达克100指数,纳斯达克100指数收益率(经汇率调整),大成基金管理有限公司,中国农业银行股份有限公司,跨境型ETF,,NDX.GI,5590772048.64,356981300,424060058,1.183,1.1879055233425,-0.621639785
2024-09-30,159513.SZ,大成纳斯达克100ETF(QDII),20230728,纳斯达克100指数,纳斯达克100指数收益率(经汇率调整),大成基金管理有限公司,中国农业银行股份有限公司,跨境型ETF,,NDX.GI,5542403766.48,329541739,389193077.08,1.182,1.1810129978103,-0.905432596
2024-10-08,159513.SZ,大成纳斯达克100ETF(QDII),20230728,纳斯达克100指数,纳斯达克100指数收益率(经汇率调整),大成基金管理有限公司,中国农业银行股份有限公司,跨境型ETF,,NDX.GI,5537922355.68,230625104,270847260.98,1.175,1.1744049380678,-2.473439575
2024-10-09,159513.SZ,大成纳斯达克100ETF(QDII),20230728,纳斯达克100指数,纳斯达克100指数收益率(经汇率调整),大成基金管理有限公司,中国农业银行股份有限公司,跨境型ETF,,NDX.GI,5510872164.11,235200106,280599813.09,1.193,1.1930258785258,-1.575777576
2024-10-10,159513.SZ,大成纳斯达克100ETF(QDII),20230728,纳斯达克100指数,纳斯达克100指数收益率(经汇率调整),大成基金管理有限公司,中国农业银行股份有限公司,跨境型ETF,,NDX.GI,5454763713.21,206355800,249348868.8,1.21,1.2083443683192,-0.255543649
2024-10-11,159513.SZ,大成纳斯达克100ETF(QDII),20230728,纳斯达克100指数,纳斯达克100指数收益率(经汇率调整),大成基金管理有限公司,中国农业银行股份有限公司,跨境型ETF,,NDX.GI,5400778536.86,111048630,134331862.2,1.208,1.2096669918395,-0.54338877
2024-10-14,159513.SZ,大成纳斯达克100ETF(QDII),20230728,纳斯达克100指数,纳斯达克100指数收益率(经汇率调整),大成基金管理有限公司,中国农业银行股份有限公司,跨境型ETF,,NDX.GI,5382255408.22,64596782,78113148.26,1.211,1.2092420990878,-1.078255187
2024-10-15,159513.SZ,大成纳斯达克100ETF(QDII),20230728,纳斯达克100指数,纳斯达克100指数收益率(经汇率调整),大成基金管理有限公司,中国农业银行股份有限公司,跨境型ETF,,NDX.GI,5256281826.63,130875903,160642322.38,1.229,1.2274400305761,1.629041594
2024-10-16,159513.SZ,大成纳斯达克100ETF(QDII),20230728,纳斯达克100指数,纳斯达克100指数收益率(经汇率调整),大成基金管理有限公司,中国农业银行股份有限公司,跨境型ETF,,NDX.GI,5222885085.96,135885200,164880430.6,1.214,1.2133803431132,-0.131622244
2024-10-17,159513.SZ,大成纳斯达克100ETF(QDII),20230728,纳斯达克100指数,纳斯达克100指数收益率(经汇率调整),大成基金管理有限公司,中国农业银行股份有限公司,跨境型ETF,,NDX.GI,5214296254.7,148854303,180517864.05,1.218,1.2127151208387,0.082169269
2024-10-18,159513.SZ,大成纳斯达克100ETF(QDII),20230728,纳斯达克100指数,纳斯达克100指数收益率(经汇率调整),大成基金管理有限公司,中国农业银行股份有限公司,跨境型ETF,,NDX.GI,5238887376.96,125638900,152472322.5,1.214,1.2135757516183,-0.946475196
2024-10-21,159513.SZ,大成纳斯达克100ETF(QDII),20230728,纳斯达克100指数,纳斯达克100指数收益率(经汇率调整),大成基金管理有限公司,中国农业银行股份有限公司,跨境型ETF,,NDX.GI,5225754804.21,93793100,114341348.8,1.217,1.219080601878,-0.498732728
2024-10-22,159513.SZ,大成纳斯达克100ETF(QDII),20230728,纳斯达克100指数,纳斯达克100指数收益率(经汇率调整),大成基金管理有限公司,中国农业银行股份有限公司,跨境型ETF,,NDX.GI,5247544804.62,78285806,95635554.82,1.22,1.2216206194518,-0.667643706
2024-10-23,159513.SZ,大成纳斯达克100ETF(QDII),20230728,纳斯达克100指数,纳斯达克100指数收益率(经汇率调整),大成基金管理有限公司,中国农业银行股份有限公司,跨境型ETF,,NDX.GI,5163236991.36,40651400,49790220.7,1.225,1.2248094948759,1.273148148
2024-10-24,159513.SZ,大成纳斯达克100ETF(QDII),20230728,纳斯达克100指数,纳斯达克100指数收益率(经汇率调整),大成基金管理有限公司,中国农业银行股份有限公司,跨境型ETF,,NDX.GI,5171029902.0,74940549,90916585.49,1.214,1.213182805613,-0.491803279
2024-10-25,159513.SZ,大成纳斯达克100ETF(QDII),20230728,纳斯达克100指数,纳斯达克100指数收益率(经汇率调整),大成基金管理有限公司,中国农业银行股份有限公司,跨境型ETF,,NDX.GI,5187984098.4,76357600,93028729.5,1.218,1.2183296685595,-0.490196078
2024-10-28,159513.SZ,大成纳斯达克100ETF(QDII),20230728,纳斯达克100指数,纳斯达克100指数收益率(经汇率调整),大成基金管理有限公司,中国农业银行股份有限公司,跨境型ETF,,NDX.GI,5201971310.43,88868657,109603705.58,1.234,1.2333224027454,0.545913795
2024-10-29,159513.SZ,大成纳斯达克100ETF(QDII),20230728,纳斯达克100指数,纳斯达克100指数收益率(经汇率调整),大成基金管理有限公司,中国农业银行股份有限公司,跨境型ETF,,NDX.GI,5250714625.08,54391183,66737783.16,1.23,1.2269963526993,-0.710364869
2024-10-30,159513.SZ,大成纳斯达克100ETF(QDII),20230728,纳斯达克100指数,纳斯达克100指数收益率(经汇率调整),大成基金管理有限公司,中国农业银行股份有限公司,跨境型ETF,,NDX.GI,5216806232.28,69484800,86338640.9,1.243,1.2425543557728,0.991225219
2024-10-31,159513.SZ,大成纳斯达克100ETF(QDII),20230728,纳斯达克100指数,纳斯达克100指数收益率(经汇率调整),大成基金管理有限公司,中国农业银行股份有限公司,跨境型ETF,,NDX.GI,5083146206.17,77230083,94288851.14,1.218,1.2208824266057,1.610077584
2024-11-01,159513.SZ,大成纳斯达克100ETF(QDII),20230728,纳斯达克100指数,纳斯达克100指数收益率(经汇率调整),大成基金管理有限公司,中国农业银行股份有限公司,跨境型ETF,,NDX.GI,5111133830.23,139869884,167813139.43,1.202,1.1997803575071,-0.273790757
2024-11-04,159513.SZ,大成纳斯达克100ETF(QDII),20230728,纳斯达克100指数,纳斯达克100指数收益率(经汇率调整),大成基金管理有限公司,中国农业银行股份有限公司,跨境型ETF,,NDX.GI,5061922128.02,49325600,59531598.3,1.208,1.2069107785815,0.482448844
2024-11-05,159513.SZ,大成纳斯达克100ETF(QDII),20230728,纳斯达克100指数,纳斯达克100指数收益率(经汇率调整),大成基金管理有限公司,中国农业银行股份有限公司,跨境型ETF,,NDX.GI,5114975046.68,53189105,63778158.79,1.2,1.1990831353526,-1.21830754
2024-11-06,159513.SZ,大成纳斯达克100ETF(QDII),20230728,纳斯达克100指数,纳斯达克100指数收益率(经汇率调整),大成基金管理有限公司,中国农业银行股份有限公司,跨境型ETF,,NDX.GI,5260566657.16,254315202,314822101.38,1.25,1.2379208907063,0.192369349
2024-11-07,159513.SZ,大成纳斯达克100ETF(QDII),20230728,纳斯达克100指数,纳斯达克100指数收益率(经汇率调整),大成基金管理有限公司,中国农业银行股份有限公司,跨境型ETF,,NDX.GI,5396840004.71,178945517,226669102.45,1.263,1.2666933838303,-1.181441202
2024-11-08,159513.SZ,大成纳斯达克100ETF(QDII),20230728,纳斯达克100指数,纳斯达克100指数收益率(经汇率调整),大成基金管理有限公司,中国农业银行股份有限公司,跨境型ETF,,NDX.GI,5373117812.32,122312500,155493886.8,1.272,1.2712836938171,-0.250941029
2024-11-11,159513.SZ,大成纳斯达克100ETF(QDII),20230728,纳斯达克100指数,纳斯达克100指数收益率(经汇率调整),大成基金管理有限公司,中国农业银行股份有限公司,跨境型ETF,,NDX.GI,5398869467.64,92972405,119181039.1,1.284,1.2818969144662,0.281162137
2024-11-12,159513.SZ,大成纳斯达克100ETF(QDII),20230728,纳斯达克100指数,纳斯达克100指数收益率(经汇率调整),大成基金管理有限公司,中国农业银行股份有限公司,跨境型ETF,,NDX.GI,5344646977.46,88318700,113574461,1.287,1.2859616479862,0.499765735
2024-11-13,159513.SZ,大成纳斯达克100ETF(QDII),20230728,纳斯达克100指数,纳斯达克100指数收益率(经汇率调整),大成基金管理有限公司,中国农业银行股份有限公司,跨境型ETF,,NDX.GI,5297832573.45,68809800,88002762.5,1.278,1.2789277472104,-0.117233294
2024-11-14,159513.SZ,大成纳斯达克100ETF(QDII),20230728,纳斯达克100指数,纳斯达克100指数收益率(经汇率调整),大成基金管理有限公司,中国农业银行股份有限公司,跨境型ETF,,NDX.GI,5249546286.46,85748100,109870762.6,1.281,1.281320082894,0.81851094
2024-11-15,159513.SZ,大成纳斯达克100ETF(QDII),20230728,纳斯达克100指数,纳斯达克100指数收益率(经汇率调整),大成基金管理有限公司,中国农业银行股份有限公司,跨境型ETF,,NDX.GI,5125599813.46,88476900,112145613.5,1.265,1.2675129158006,1.966790263
2024-11-18,159513.SZ,大成纳斯达克100ETF(QDII),20230728,纳斯达克100指数,纳斯达克100指数收益率(经汇率调整),大成基金管理有限公司,中国农业银行股份有限公司,跨境型ETF,,NDX.GI,5142456812.07,165049800,206528944.1,1.255,1.2513129013183,0.585076541
2024-11-19,159513.SZ,大成纳斯达克100ETF(QDII),20230728,纳斯达克100指数,纳斯达克100指数收益率(经汇率调整),大成基金管理有限公司,中国农业银行股份有限公司,跨境型ETF,,NDX.GI,5113458514.69,70529600,88480012.9,1.258,1.2545089281663,0.167210765
2024-11-20,159513.SZ,大成纳斯达克100ETF(QDII),20230728,纳斯达克100指数,纳斯达克100指数收益率(经汇率调整),大成基金管理有限公司,中国农业银行股份有限公司,跨境型ETF,,NDX.GI,5117324120.5,67077100,84935397.7,1.268,1.2662353873379,1.035856574
2024-11-21,159513.SZ,大成纳斯达克100ETF(QDII),20230728,纳斯达克100指数,纳斯达克100指数收益率(经汇率调整),大成基金管理有限公司,中国农业银行股份有限公司,跨境型ETF,,NDX.GI,5137304111.09,64663900,81305600,1.258,1.2573568869184,-0.150805619
2024-11-22,159513.SZ,大成纳斯达克100ETF(QDII),20230728,纳斯达克100指数,纳斯达克100指数收益率(经汇率调整),大成基金管理有限公司,中国农业银行股份有限公司,跨境型ETF,,NDX.GI,5144643699.47,56433200,71493699.5,1.266,1.2668730375027,0.340810018
2024-11-25,159513.SZ,大成纳斯达克100ETF(QDII),20230728,纳斯达克100指数,纳斯达克100指数收益率(经汇率调整),大成基金管理有限公司,中国农业银行股份有限公司,跨境型ETF,,NDX.GI,5158747578.03,85785800,109563168,1.281,1.2771713733508,1.401092377
2024-11-26,159513.SZ,大成纳斯达克100ETF(QDII),20230728,纳斯达克100指数,纳斯达克100指数收益率(经汇率调整),大成基金管理有限公司,中国农业银行股份有限公司,跨境型ETF,,NDX.GI,5194136311.91,67573200,86174298.7,1.278,1.2752733139765,0.621998268
2024-11-27,159513.SZ,大成纳斯达克100ETF(QDII),20230728,纳斯达克100指数,纳斯达克100指数收益率(经汇率调整),大成基金管理有限公司,中国农业银行股份有限公司,跨境型ETF,,NDX.GI,5162849195.46,72021500,92487907.6,1.282,1.2841708045514,1.697604315
2024-11-28,159513.SZ,大成纳斯达克100ETF(QDII),20230728,纳斯达克100指数,纳斯达克100指数收益率(经汇率调整),大成基金管理有限公司,中国农业银行股份有限公司,跨境型ETF,,NDX.GI,5156296316.9,53285800,67810772.9,1.274,1.2725861843118,1.191421763
2024-11-29,159513.SZ,大成纳斯达克100ETF(QDII),20230728,纳斯达克100指数,纳斯达克100指数收益率(经汇率调整),大成基金管理有限公司,中国农业银行股份有限公司,跨境型ETF,,NDX.GI,5208557202.09,31645400,40267637.8,1.273,1.272464174888,0.24411371
2024-12-02,159513.SZ,大成纳斯达克100ETF(QDII),20230728,纳斯达克100指数,纳斯达克100指数收益率(经汇率调整),大成基金管理有限公司,中国农业银行股份有限公司,跨境型ETF,,NDX.GI,5273271534.58,48715100,62379105.9,1.28,1.2804881012253,-0.295996261
2024-12-03,159513.SZ,大成纳斯达克100ETF(QDII),20230728,纳斯达克100指数,纳斯达克100指数收益率(经汇率调整),大成基金管理有限公司,中国农业银行股份有限公司,跨境型ETF,,NDX.GI,5305655629.18,76073100,98903885.7,1.3,1.3001164104,0.790820282
2024-12-04,159513.SZ,大成纳斯达克100ETF(QDII),20230728,纳斯达克100指数,纳斯达克100指数收益率(经汇率调整),大成基金管理有限公司,中国农业银行股份有限公司,跨境型ETF,,NDX.GI,5374363755.86,101867517,132911457.05,1.303,1.3047481764967,-0.122642956
2024-12-05,159513.SZ,大成纳斯达克100ETF(QDII),20230728,纳斯达克100指数,纳斯达克100指数收益率(经汇率调整),大成基金管理有限公司,中国农业银行股份有限公司,跨境型ETF,,NDX.GI,5361563610.36,96160100,126490501,1.316,1.3154156557657,1.261926747
2024-12-06,159513.SZ,大成纳斯达克100ETF(QDII),20230728,纳斯达克100指数,纳斯达克100指数收益率(经汇率调整),大成基金管理有限公司,中国农业银行股份有限公司,跨境型ETF,,NDX.GI,5416047715.19,99092900,129740755.2,1.31,1.3092840677788,-0.068655122
2024-12-09,159513.SZ,大成纳斯达克100ETF(QDII),20230728,纳斯达克100指数,纳斯达克100指数收益率(经汇率调整),大成基金管理有限公司,中国农业银行股份有限公司,跨境型ETF,,NDX.GI,5381710114.37,108854700,144284434.2,1.327,1.3254773032308,2.02198816
2024-12-10,159513.SZ,大成纳斯达克100ETF(QDII),20230728,纳斯达克100指数,纳斯达克100指数收益率(经汇率调整),大成基金管理有限公司,中国农业银行股份有限公司,跨境型ETF,,NDX.GI,5373354472.88,123079700,161174015.1,1.311,1.3095093268833,1.095003085
2024-12-11,159513.SZ,大成纳斯达克100ETF(QDII),20230728,纳斯达克100指数,纳斯达克100指数收益率(经汇率调整),大成基金管理有限公司,中国农业银行股份有限公司,跨境型ETF,,NDX.GI,5475330037.45,44337100,58086208,1.312,1.3101039084649,-0.56839712
2024-12-12,159513.SZ,大成纳斯达克100ETF(QDII),20230728,纳斯达克100指数,纳斯达克100指数收益率(经汇率调整),大成基金管理有限公司,中国农业银行股份有限公司,跨境型ETF,,NDX.GI,5447509315.19,93218700,124300527.6,1.332,1.3334291038172,1.609581204
2024-12-13,159513.SZ,大成纳斯达克100ETF(QDII),20230728,纳斯达克100指数,纳斯达克100指数收益率(经汇率调整),大成基金管理有限公司,中国农业银行股份有限公司,跨境型ETF,,NDX.GI,5497822516.01,79826300,106458435.7,1.338,1.3336260818803,1.279236999
2024-12-16,159513.SZ,大成纳斯达克100ETF(QDII),20230728,纳斯达克100指数,纳斯达克100指数收益率(经汇率调整),大成基金管理有限公司,中国农业银行股份有限公司,跨境型ETF,,NDX.GI,5584515794.0,99622100,134028646.1,1.349,1.34537061656,0.671641791
2024-12-17,159513.SZ,大成纳斯达克100ETF(QDII),20230728,纳斯达克100指数,纳斯达克100指数收益率(经汇率调整),大成基金管理有限公司,中国农业银行股份有限公司,跨境型ETF,,NDX.GI,5569183919.04,293831773,402116501.12,1.371,1.3685262727527,2.742805755
2024-12-18,159513.SZ,大成纳斯达克100ETF(QDII),20230728,纳斯达克100指数,纳斯达克100指数收益率(经汇率调整),大成基金管理有限公司,中国农业银行股份有限公司,跨境型ETF,,NDX.GI,5376989917.15,140862300,193048304.3,1.375,1.3704753102853,6.879129421
2024-12-19,159513.SZ,大成纳斯达克100ETF(QDII),20230728,纳斯达克100指数,纳斯达克100指数收益率(经汇率调整),大成基金管理有限公司,中国农业银行股份有限公司,跨境型ETF,,NDX.GI,5360851287.28,294185300,392276694.8,1.341,1.3334340458208,4.700187383
2024-12-20,159513.SZ,大成纳斯达克100ETF(QDII),20230728,纳斯达克100指数,纳斯达克100指数收益率(经汇率调整),大成基金管理有限公司,中国农业银行股份有限公司,跨境型ETF,,NDX.GI,5412547352.83,197212200,260890144.1,1.319,1.3228904910548,2.145125068
2024-12-23,159513.SZ,大成纳斯达克100ETF(QDII),20230728,纳斯达克100指数,纳斯达克100指数收益率(经汇率调整),大成基金管理有限公司,中国农业银行股份有限公司,跨境型ETF,,NDX.GI,5479480595.14,271752002,366502893.59,1.357,1.348666765627,3.952811399
2024-12-24,159513.SZ,大成纳斯达克100ETF(QDII),20230728,纳斯达克100指数,纳斯达克100指数收益率(经汇率调整),大成基金管理有限公司,中国农业银行股份有限公司,跨境型ETF,,NDX.GI,5560875104.39,262241400,357604360.1,1.356,1.3636457100214,2.502078766
2024-12-25,159513.SZ,大成纳斯达克100ETF(QDII),20230728,纳斯达克100指数,纳斯达克100指数收益率(经汇率调整),大成基金管理有限公司,中国农业银行股份有限公司,跨境型ETF,,NDX.GI,5560454749.48,239118200,328897451.9,1.385,1.3754597178299,4.702146961
2024-12-26,159513.SZ,大成纳斯达克100ETF(QDII),20230728,纳斯达克100指数,纳斯达克100指数收益率(经汇率调整),大成基金管理有限公司,中国农业银行股份有限公司,跨境型ETF,,NDX.GI,5563340090.56,224533800,312248325.9,1.395,1.3906517677962,5.553874092
2024-12-27,159513.SZ,大成纳斯达克100ETF(QDII),20230728,纳斯达克100指数,纳斯达克100指数收益率(经汇率调整),大成基金管理有限公司,中国农业银行股份有限公司,跨境型ETF,,NDX.GI,5496232916.58,199238300,275417945.5,1.383,1.382354424325,6.074551312
2024-12-30,159513.SZ,大成纳斯达克100ETF(QDII),20230728,纳斯达克100指数,纳斯达克100指数收益率(经汇率调整),大成基金管理有限公司,中国农业银行股份有限公司,跨境型ETF,,NDX.GI,5433133691.7,176656116,241369888.82,1.37,1.3663262517331,6.449106449
2024-12-31,159513.SZ,大成纳斯达克100ETF(QDII),20230728,纳斯达克100指数,纳斯达克100指数收益率(经汇率调整),大成基金管理有限公司,中国农业银行股份有限公司,跨境型ETF,,NDX.GI,5393507141.78,176461200,241627742.1,1.371,1.3692967184854,7.461984637
2025-01-02,159513.SZ,大成纳斯达克100ETF(QDII),20230728,纳斯达克100指数,纳斯达克100指数收益率(经汇率调整),大成基金管理有限公司,中国农业银行股份有限公司,跨境型ETF,,NDX.GI,5390578069.03,140447143,192275442.94,1.373,1.3690235260962,7.830047907
2025-01-03,159513.SZ,大成纳斯达克100ETF(QDII),20230728,纳斯达克100指数,纳斯达克100指数收益率(经汇率调整),大成基金管理有限公司,中国农业银行股份有限公司,跨境型ETF,,NDX.GI,5488096309.95,125009471,170370237.77,1.358,1.3628586410865,4.905368868
2025-01-06,159513.SZ,大成纳斯达克100ETF(QDII),20230728,纳斯达克100指数,纳斯达克100指数收益率(经汇率调整),大成基金管理有限公司,中国农业银行股份有限公司,跨境型ETF,,NDX.GI,5554876442.44,170044300,234946784.85,1.386,1.3816798613655,5.930907979
2025-01-07,159513.SZ,大成纳斯达克100ETF(QDII),20230728,纳斯达克100指数,纳斯达克100指数收益率(经汇率调整),大成基金管理有限公司,中国农业银行股份有限公司,跨境型ETF,,NDX.GI,5464516058.23,273527756,381503696.12,1.384,1.3947531383981,7.679141057
2025-01-08,159513.SZ,大成纳斯达克100ETF(QDII),20230728,纳斯达克100指数,纳斯达克100指数收益率(经汇率调整),大成基金管理有限公司,中国农业银行股份有限公司,跨境型ETF,,NDX.GI,5474782387.69,141378450,193043032.55,1.366,1.365434636962,6.229100241
2025-01-09,159513.SZ,大成纳斯达克100ETF(QDII),20230728,纳斯达克100指数,纳斯达克100指数收益率(经汇率调整),大成基金管理有限公司,中国农业银行股份有限公司,跨境型ETF,,NDX.GI,5474356632.78,45155700,61416104.9,1.358,1.3600963975755,5.61518121
2025-01-10,159513.SZ,大成纳斯达克100ETF(QDII),20230728,纳斯达克100指数,纳斯达克100指数收益率(经汇率调整),大成基金管理有限公司,中国农业银行股份有限公司,跨境型ETF,,NDX.GI,5397226805.69,103350902,140476780,1.357,1.3592216156952,7.196461016
2025-01-13,159513.SZ,大成纳斯达克100ETF(QDII),20230728,纳斯达克100指数,纳斯达克100指数收益率(经汇率调整),大成基金管理有限公司,中国农业银行股份有限公司,跨境型ETF,,NDX.GI,5388170964.2,87376018,115976346.64,1.322,1.3273246972642,4.754358162
2025-01-14,159513.SZ,大成纳斯达克100ETF(QDII),20230728,纳斯达克100指数,纳斯达克100指数收益率(经汇率调整),大成基金管理有限公司,中国农业银行股份有限公司,跨境型ETF,,NDX.GI,5390567375.82,89484400,119157498.3,1.339,1.3316007963399,6.252975718
2025-01-15,159513.SZ,大成纳斯达克100ETF(QDII),20230728,纳斯达克100指数,纳斯达克100指数收益率(经汇率调整),大成基金管理有限公司,中国农业银行股份有限公司,跨境型ETF,,NDX.GI,5524072789.9,65187700,86476437.4,1.325,1.3265759859605,2.792862684
2025-01-16,159513.SZ,大成纳斯达克100ETF(QDII),20230728,纳斯达克100指数,纳斯达克100指数收益率(经汇率调整),大成基金管理有限公司,中国农业银行股份有限公司,跨境型ETF,,NDX.GI,5496601557.82,109418421,148458712.39,1.36,1.3567981609788,6.233401031
2025-01-17,159513.SZ,大成纳斯达克100ETF(QDII),20230728,纳斯达克100指数,纳斯达克100指数收益率(经汇率调整),大成基金管理有限公司,中国农业银行股份有限公司,跨境型ETF,,NDX.GI,5597175688.92,80729000,108837760.5,1.354,1.3481866553531,4.057792807
2025-01-20,159513.SZ,大成纳斯达克100ETF(QDII),20230728,纳斯达克100指数,纳斯达克100指数收益率(经汇率调整),大成基金管理有限公司,中国农业银行股份有限公司,跨境型ETF,,NDX.GI,5596745534.01,84102176,115141977.34,1.379,1.3690725117505,5.987241565
2025-01-21,159513.SZ,大成纳斯达克100ETF(QDII),20230728,纳斯达克100指数,纳斯达克100指数收益率(经汇率调整),大成基金管理有限公司,中国农业银行股份有限公司,跨境型ETF,,NDX.GI,5625685395.14,127160428,175083105.71,1.378,1.3768678547543,5.561513712
2025-01-22,159513.SZ,大成纳斯达克100ETF(QDII),20230728,纳斯达克100指数,纳斯达克100指数收益率(经汇率调整),大成基金管理有限公司,中国农业银行股份有限公司,跨境型ETF,,NDX.GI,5710390439.66,149781552,207591206,1.386,1.3859597742718,4.793588387
2025-01-23,159513.SZ,大成纳斯达克100ETF(QDII),20230728,纳斯达克100指数,纳斯达克100指数收益率(经汇率调整),大成基金管理有限公司,中国农业银行股份有限公司,跨境型ETF,,NDX.GI,5733947886.96,140191400,194653188.1,1.375,1.3884816622132,3.726614363
2025-01-24,159513.SZ,大成纳斯达克100ETF(QDII),20230728,纳斯达克100指数,纳斯达克100指数收益率(经汇率调整),大成基金管理有限公司,中国农业银行股份有限公司,跨境型ETF,,NDX.GI,5711617713.8,78845204,108882329.22,1.384,1.3809632507261,5.007587253
2025-01-27,159513.SZ,大成纳斯达克100ETF(QDII),20230728,纳斯达克100指数,纳斯达克100指数收益率(经汇率调整),大成基金管理有限公司,中国农业银行股份有限公司,跨境型ETF,,NDX.GI,5552407143.99,114535500,156351677.6,1.366,1.3650935963086,6.810540308
2025-02-05,159513.SZ,大成纳斯达克100ETF(QDII),20230728,纳斯达克100指数,纳斯达克100指数收益率(经汇率调整),大成基金管理有限公司,中国农业银行股份有限公司,跨境型ETF,,NDX.GI,5699214185.73,84693101,115985311.77,1.371,1.3694776835483,4.632526902
2025-02-06,159513.SZ,大成纳斯达克100ETF(QDII),20230728,纳斯达克100指数,纳斯达克100指数收益率(经汇率调整),大成基金管理有限公司,中国农业银行股份有限公司,跨境型ETF,,NDX.GI,5739327919.61,101725001,140885463.78,1.392,1.384963995036,5.686736011
2025-02-07,159513.SZ,大成纳斯达克100ETF(QDII),20230728,纳斯达克100指数,纳斯达克100指数收益率(经汇率调整),大成基金管理有限公司,中国农业银行股份有限公司,跨境型ETF,,NDX.GI,5676960049.64,115235500,160189056.8,1.389,1.3901016336112,6.813288219
2025-02-10,159513.SZ,大成纳斯达克100ETF(QDII),20230728,纳斯达克100指数,纳斯达克100指数收益率(经汇率调整),大成基金管理有限公司,中国农业银行股份有限公司,跨境型ETF,,NDX.GI,5757340035.24,94152300,128628620.2,1.364,1.3661760806693,3.615922212
2025-02-11,159513.SZ,大成纳斯达克100ETF(QDII),20230728,纳斯达克100指数,纳斯达克100指数收益率(经汇率调整),大成基金管理有限公司,中国农业银行股份有限公司,跨境型ETF,,NDX.GI,5752097658.48,66976100,91488591.6,1.36,1.3659886377379,3.595368678
2025-02-12,159513.SZ,大成纳斯达克100ETF(QDII),20230728,纳斯达克100指数,纳斯达克100指数收益率(经汇率调整),大成基金管理有限公司,中国农业银行股份有限公司,跨境型ETF,,NDX.GI,5769184382.13,85684500,115997427.7,1.35,1.3537737595481,2.716274823
2025-02-13,159513.SZ,大成纳斯达克100ETF(QDII),20230728,纳斯达克100指数,纳斯达克100指数收益率(经汇率调整),大成基金管理有限公司,中国农业银行股份有限公司,跨境型ETF,,NDX.GI,5861932950.3,49641600,67137599.9,1.353,1.3524463333172,1.500375094
2025-02-14,159513.SZ,大成纳斯达克100ETF(QDII),20230728,纳斯达克100指数,纳斯达克100指数收益率(经汇率调整),大成基金管理有限公司,中国农业银行股份有限公司,跨境型ETF,,NDX.GI,5894184140.89,59895800,81600199.7,1.362,1.3623693097012,1.801330443
2025-02-17,159513.SZ,大成纳斯达克100ETF(QDII),20230728,纳斯达克100指数,纳斯达克100指数收益率(经汇率调整),大成基金管理有限公司,中国农业银行股份有限公司,跨境型ETF,,NDX.GI,5893743585.98,63985200,87080037.6,1.363,1.3609403049455,1.88368964
2025-02-18,159513.SZ,大成纳斯达克100ETF(QDII),20230728,纳斯达克100指数,纳斯达克100指数收益率(经汇率调整),大成基金管理有限公司,中国农业银行股份有限公司,跨境型ETF,,NDX.GI,5916362568.55,75610200,103436970.9,1.377,1.3680293254085,2.722864603
2025-02-19,159513.SZ,大成纳斯达克100ETF(QDII),20230728,纳斯达克100指数,纳斯达克100指数收益率(经汇率调整),大成基金管理有限公司,中国农业银行股份有限公司,跨境型ETF,,NDX.GI,5931065962.74,53612200,73486472.3,1.37,1.3707042855917,2.13210079
2025-02-20,159513.SZ,大成纳斯达克100ETF(QDII),20230728,纳斯达克100指数,纳斯达克100指数收益率(经汇率调整),大成基金管理有限公司,中国农业银行股份有限公司,跨境型ETF,,NDX.GI,5914333958.32,64141000,87208297.2,1.357,1.3596341996539,1.6327142
2025-02-21,159513.SZ,大成纳斯达克100ETF(QDII),20230728,纳斯达克100指数,纳斯达克100指数收益率(经汇率调整),大成基金管理有限公司,中国农业银行股份有限公司,跨境型ETF,,NDX.GI,5802982958.07,80774700,109076444.25,1.351,1.3503788222055,3.311156993
2025-02-24,159513.SZ,大成纳斯达克100ETF(QDII),20230728,纳斯达克100指数,纳斯达克100指数收益率(经汇率调整),大成基金管理有限公司,中国农业银行股份有限公司,跨境型ETF,,NDX.GI,5745427656.84,81201800,108357782.7,1.336,1.3344258711014,3.373568555
2025-02-25,159513.SZ,大成纳斯达克100ETF(QDII),20230728,纳斯达克100指数,纳斯达克100指数收益率(经汇率调整),大成基金管理有限公司,中国农业银行股份有限公司,跨境型ETF,,NDX.GI,5685846135.97,51358200,67632101,1.312,1.3168705484226,2.764940863
2025-02-26,159513.SZ,大成纳斯达克100ETF(QDII),20230728,纳斯达克100指数,纳斯达克100指数收益率(经汇率调整),大成基金管理有限公司,中国农业银行股份有限公司,跨境型ETF,,NDX.GI,5708105918.54,97041900,126271264.8,1.304,1.301203550219,1.922776301
2025-02-27,159513.SZ,大成纳斯达克100ETF(QDII),20230728,纳斯达克100指数,纳斯达克100指数收益率(经汇率调整),大成基金管理有限公司,中国农业银行股份有限公司,跨境型ETF,,NDX.GI,5564588629.5,61747801,80386035.6,1.309,1.3018445077906,5.140562249
2025-02-28,159513.SZ,大成纳斯达克100ETF(QDII),20230728,纳斯达克100指数,纳斯达克100指数收益率(经汇率调整),大成基金管理有限公司,中国农业银行股份有限公司,跨境型ETF,,NDX.GI,5662756346.77,257396600,325433922.5,1.262,1.2643287537598,-0.213489365
2025-03-03,159513.SZ,大成纳斯达克100ETF(QDII),20230728,纳斯达克100指数,纳斯达克100指数收益率(经汇率调整),大成基金管理有限公司,中国农业银行股份有限公司,跨境型ETF,,NDX.GI,5549969901.43,150350300,193199712.1,1.289,1.2849971839098,4.178453083
2025-03-04,159513.SZ,大成纳斯达克100ETF(QDII),20230728,纳斯达克100指数,纳斯达克100指数收益率(经汇率调整),大成基金管理有限公司,中国农业银行股份有限公司,跨境型ETF,,NDX.GI,5540096685.39,111830700,140748838.6,1.264,1.2585885503712,2.522507908
2025-03-05,159513.SZ,大成纳斯达克100ETF(QDII),20230728,纳斯达克100指数,纳斯达克100指数收益率(经汇率调整),大成基金管理有限公司,中国农业银行股份有限公司,跨境型ETF,,NDX.GI,5621984670.99,159667100,202354741.5,1.27,1.2673540228388,1.689486748
2025-03-06,159513.SZ,大成纳斯达克100ETF(QDII),20230728,纳斯达克100指数,纳斯达克100指数收益率(经汇率调整),大成基金管理有限公司,中国农业银行股份有限公司,跨境型ETF,,NDX.GI,5476396427.04,74515700,94670804.2,1.267,1.27048131065,4.331357049
2025-03-07,159513.SZ,大成纳斯达克100ETF(QDII),20230728,纳斯达克100指数,纳斯达克100指数收益率(经汇率调整),大成基金管理有限公司,中国农业银行股份有限公司,跨境型ETF,,NDX.GI,5527221323.85,73655362,91223819.93,1.236,1.2385224571973,1.021659174
2025-03-10,159513.SZ,大成纳斯达克100ETF(QDII),20230728,纳斯达克100指数,纳斯达克100指数收益率(经汇率调整),大成基金管理有限公司,中国农业银行股份有限公司,跨境型ETF,,NDX.GI,5331549394.71,69334220,85637811.85,1.233,1.2351449522328,4.660045837
2025-03-11,159513.SZ,大成纳斯达克100ETF(QDII),20230728,纳斯达克100指数,纳斯达克100指数收益率(经汇率调整),大成基金管理有限公司,中国农业银行股份有限公司,跨境型ETF,,NDX.GI,5333970192.5,297288300,351504492.8,1.189,1.1823690767514,1.191489362
2025-03-12,159513.SZ,大成纳斯达克100ETF(QDII),20230728,纳斯达克100指数,纳斯达克100指数收益率(经汇率调整),大成基金管理有限公司,中国农业银行股份有限公司,跨境型ETF,,NDX.GI,5425425646.43,188188610,223791108.22,1.192,1.1891851914949,0.395856144
2025-03-13,159513.SZ,大成纳斯达克100ETF(QDII),20230728,纳斯达克100指数,纳斯达克100指数收益率(经汇率调整),大成基金管理有限公司,中国农业银行股份有限公司,跨境型ETF,,NDX.GI,5363074250.6,163686152,195456057.63,1.19,1.1940903689275,2.058319039
2025-03-14,159513.SZ,大成纳斯达克100ETF(QDII),20230728,纳斯达克100指数,纳斯达克100指数收益率(经汇率调整),大成基金管理有限公司,中国农业银行股份有限公司,跨境型ETF,,NDX.GI,5529996399.95,256860766,305339896.46,1.189,1.1887370002626,-0.4604437
2025-03-17,159513.SZ,大成纳斯达克100ETF(QDII),20230728,纳斯达克100指数,纳斯达克100指数收益率(经汇率调整),大成基金管理有限公司,中国农业银行股份有限公司,跨境型ETF,,NDX.GI,5591656484.73,99351000,119081064.8,1.197,1.1985894938149,-0.274931267
2025-03-18,159513.SZ,大成纳斯达克100ETF(QDII),20230728,纳斯达克100指数,纳斯达克100指数收益率(经汇率调整),大成基金管理有限公司,中国农业银行股份有限公司,跨境型ETF,,NDX.GI,5539051906.74,106111600,128250511.7,1.213,1.2086379971652,2.674792619
2025-03-19,159513.SZ,大成纳斯达克100ETF(QDII),20230728,纳斯达克100指数,纳斯达克100指数收益率(经汇率调整),大成基金管理有限公司,中国农业银行股份有限公司,跨境型ETF,,NDX.GI,5642441013.78,115442500,138230321.7,1.195,1.1973954280269,-0.06690082
2025-03-20,159513.SZ,大成纳斯达克100ETF(QDII),20230728,纳斯达克100指数,纳斯达克100指数收益率(经汇率调整),大成基金管理有限公司,中国农业银行股份有限公司,跨境型ETF,,NDX.GI,5665019076.3,169207200,205924384.1,1.218,1.2169954003139,2.095557418
2025-03-21,159513.SZ,大成纳斯达克100ETF(QDII),20230728,纳斯达克100指数,纳斯达克100指数收益率(经汇率调整),大成基金管理有限公司,中国农业银行股份有限公司,跨境型ETF,,NDX.GI,5722790402.16,159640700,193613871.5,1.217,1.2128102138114,1.61990648
2025-03-24,159513.SZ,大成纳斯达克100ETF(QDII),20230728,纳斯达克100指数,纳斯达克100指数收益率(经汇率调整),大成基金管理有限公司,中国农业银行股份有限公司,跨境型ETF,,NDX.GI,5877008710.02,109302403,135019626.61,1.237,1.2352850706311,1.210931108
2025-03-25,159513.SZ,大成纳斯达克100ETF(QDII),20230728,纳斯达克100指数,纳斯达克100指数收益率(经汇率调整),大成基金管理有限公司,中国农业银行股份有限公司,跨境型ETF,,NDX.GI,5944641424.26,130970600,163765120.1,1.249,1.250396043845,1.660426502
2025-03-26,159513.SZ,大成纳斯达克100ETF(QDII),20230728,纳斯达克100指数,纳斯达克100指数收益率(经汇率调整),大成基金管理有限公司,中国农业银行股份有限公司,跨境型ETF,,NDX.GI,5872930779.33,146975700,184134270.1,1.252,1.2528211813245,3.788444002
2025-03-27,159513.SZ,大成纳斯达克100ETF(QDII),20230728,纳斯达克100指数,纳斯达克100指数收益率(经汇率调整),大成基金管理有限公司,中国农业银行股份有限公司,跨境型ETF,,NDX.GI,5874829935.63,149358300,183919687.4,1.229,1.231399175004,2.476444593
2025-03-28,159513.SZ,大成纳斯达克100ETF(QDII),20230728,纳斯达克100指数,纳斯达克100指数收益率(经汇率调整),大成基金管理有限公司,中国农业银行股份有限公司,跨境型ETF,,NDX.GI,5757038203.71,140746000,172777420.4,1.228,1.2275831668396,5.127985618
2025-03-31,159513.SZ,大成纳斯达克100ETF(QDII),20230728,纳斯达克100指数,纳斯达克100指数收益率(经汇率调整),大成基金管理有限公司,中国农业银行股份有限公司,跨境型ETF,,NDX.GI,5766876658.62,143857400,170135603.5,1.177,1.1826684167794,0.753295669
2025-04-01,159513.SZ,大成纳斯达克100ETF(QDII),20230728,纳斯达克100指数,纳斯达克100指数收益率(经汇率调整),大成基金管理有限公司,中国农业银行股份有限公司,跨境型ETF,,NDX.GI,5821712110.34,91959286,109120776.71,1.192,1.1866205301985,1.240020384
2025-04-02,159513.SZ,大成纳斯达克100ETF(QDII),20230728,纳斯达克100指数,纳斯达克100指数收益率(经汇率调整),大成基金管理有限公司,中国农业银行股份有限公司,跨境型ETF,,NDX.GI,5878675781.7,116412800,140224706.5,1.199,1.2045471503134,1.01095198
2025-04-03,159513.SZ,大成纳斯达克100ETF(QDII),20230728,纳斯达克100指数,纳斯达克100指数收益率(经汇率调整),大成基金管理有限公司,中国农业银行股份有限公司,跨境型ETF,,NDX.GI,5579129572.77,130094100,152539637.5,1.17,1.1725330933532,4.027740731
2025-04-07,159513.SZ,大成纳斯达克100ETF(QDII),20230728,纳斯达克100指数,纳斯达克100指数收益率(经汇率调整),大成基金管理有限公司,中国农业银行股份有限公司,跨境型ETF,,NDX.GI,5262488936.18,144089901,151729401.05,1.053,1.0530189832666,-0.641630496
2025-04-08,159513.SZ,大成纳斯达克100ETF(QDII),20230728,纳斯达克100指数,纳斯达克100指数收益率(经汇率调整),大成基金管理有限公司,中国农业银行股份有限公司,跨境型ETF,,NDX.GI,5094369683.64,119280200,130171903.3,1.096,1.0913119134609,5.344098424
2025-04-09,159513.SZ,大成纳斯达克100ETF(QDII),20230728,纳斯达克100指数,纳斯达克100指数收益率(经汇率调整),大成基金管理有限公司,中国农业银行股份有限公司,跨境型ETF,,NDX.GI,5612991338.57,181484600,192025540.2,1.072,1.0580817336567,-7.800808463
2025-04-10,159513.SZ,大成纳斯达克100ETF(QDII),20230728,纳斯达克100指数,纳斯达克100指数收益率(经汇率调整),大成基金管理有限公司,中国农业银行股份有限公司,跨境型ETF,,NDX.GI,5381417971.95,63350500,74690239.5,1.179,1.179,5.787348587
2025-04-11,159513.SZ,大成纳斯达克100ETF(QDII),20230728,纳斯达克100指数,纳斯达克100指数收益率(经汇率调整),大成基金管理有限公司,中国农业银行股份有限公司,跨境型ETF,,NDX.GI,5482021183.41,153080100,175706090.8,1.163,1.1478049125915,2.457933222
2025-04-14,159513.SZ,大成纳斯达克100ETF(QDII),20230728,纳斯达克100指数,纳斯达克100指数收益率(经汇率调整),大成基金管理有限公司,中国农业银行股份有限公司,跨境型ETF,,NDX.GI,5517453182.02,86501600,102396043.5,1.189,1.1837473931118,4.09735598
2025-04-15,159513.SZ,大成纳斯达克100ETF(QDII),20230728,纳斯达克100指数,纳斯达克100指数收益率(经汇率调整),大成基金管理有限公司,中国农业银行股份有限公司,跨境型ETF,,NDX.GI,5446259860.58,70927300,83270788.8,1.172,1.1740301520007,2.465465991
2025-04-16,159513.SZ,大成纳斯达克100ETF(QDII),20230728,纳斯达克100指数,纳斯达克100指数收益率(经汇率调整),大成基金管理有限公司,中国农业银行股份有限公司,跨境型ETF,,NDX.GI,5285000736.27,58988800,68171813.9,1.15,1.1556738550369,3.631612147
2025-04-17,159513.SZ,大成纳斯达克100ETF(QDII),20230728,纳斯达克100指数,纳斯达克100指数收益率(经汇率调整),大成基金管理有限公司,中国农业银行股份有限公司,跨境型ETF,,NDX.GI,5282775951.9,52384600,60095604.8,1.15,1.1471998411747,3.697024346
2025-04-18,159513.SZ,大成纳斯达克100ETF(QDII),20230728,纳斯达克100指数,纳斯达克100指数收益率(经汇率调整),大成基金管理有限公司,中国农业银行股份有限公司,跨境型ETF,,NDX.GI,5281823242.08,27165600,31046697.6,1.145,1.1428680978885,3.264790765
2025-04-21,159513.SZ,大成纳斯达克100ETF(QDII),20230728,纳斯达克100指数,纳斯达克100指数收益率(经汇率调整),大成基金管理有限公司,中国农业银行股份有限公司,跨境型ETF,,NDX.GI,5129806486.92,47046800,53209421,1.127,1.1309891639814,4.236034036
2025-04-22,159513.SZ,大成纳斯达克100ETF(QDII),20230728,纳斯达克100指数,纳斯达克100指数收益率(经汇率调整),大成基金管理有限公司,中国农业银行股份有限公司,跨境型ETF,,NDX.GI,5265661281.36,51225300,57312941.7,1.124,1.1188405280203,1.29776496
2025-04-23,159513.SZ,大成纳斯达克100ETF(QDII),20230728,纳斯达克100指数,纳斯达克100指数收益率(经汇率调整),大成基金管理有限公司,中国农业银行股份有限公司,跨境型ETF,,NDX.GI,5388757193.23,80461400,93056077.7,1.166,1.1565306805499,2.704131067
2025-04-24,159513.SZ,大成纳斯达克100ETF(QDII),20230728,纳斯达克100指数,纳斯达克100指数收益率(经汇率调整),大成基金管理有限公司,中国农业银行股份有限公司,跨境型ETF,,NDX.GI,5537541270.24,63932804,74121456.84,1.153,1.1593650239398,-1.148834019
2025-04-25,159513.SZ,大成纳斯达克100ETF(QDII),20230728,纳斯达克100指数,纳斯达克100指数收益率(经汇率调整),大成基金管理有限公司,中国农业银行股份有限公司,跨境型ETF,,NDX.GI,5539119533.99,78843300,94128377.2,1.2,1.1938665327301,1.789804055
2025-04-28,159513.SZ,大成纳斯达克100ETF(QDII),20230728,纳斯达克100指数,纳斯达克100指数收益率(经汇率调整),大成基金管理有限公司,中国农业银行股份有限公司,跨境型ETF,,NDX.GI,5536538794.71,54129202,64933282.6,1.201,1.1995980025717,1.943807826
2025-04-29,159513.SZ,大成纳斯达克100ETF(QDII),20230728,纳斯达克100指数,纳斯达克100指数收益率(经汇率调整),大成基金管理有限公司,中国农业银行股份有限公司,跨境型ETF,,NDX.GI,5570150683.5,57234400,68860816.7,1.202,1.2031368669891,1.434599156
2025-04-30,159513.SZ,大成纳斯达克100ETF(QDII),20230728,纳斯达克100指数,纳斯达克100指数收益率(经汇率调整),大成基金管理有限公司,中国农业银行股份有限公司,跨境型ETF,,NDX.GI,5577447697.33,43292000,51933954.7,1.199,1.1996201307401,1.070555509
2025-05-06,159513.SZ,大成纳斯达克100ETF(QDII),20230728,纳斯达克100指数,纳斯达克100指数收益率(经汇率调整),大成基金管理有限公司,中国农业银行股份有限公司,跨境型ETF,,NDX.GI,5639767135.63,54631500,66276630.5,1.21,1.2131578027329,0.892187109
2025-05-07,159513.SZ,大成纳斯达克100ETF(QDII),20230728,纳斯达克100指数,纳斯达克100指数收益率(经汇率调整),大成基金管理有限公司,中国农业银行股份有限公司,跨境型ETF,,NDX.GI,5663073116.4,67707600,82202619.3,1.213,1.2140826037254,0.747508306
2025-05-08,159513.SZ,大成纳斯达克100ETF(QDII),20230728,纳斯达克100指数,纳斯达克100指数收益率(经汇率调整),大成基金管理有限公司,中国农业银行股份有限公司,跨境型ETF,,NDX.GI,5713821635.06,76153100,93318808,1.229,1.2254104954362,1.019233931
2025-05-09,159513.SZ,大成纳斯达克100ETF(QDII),20230728,纳斯达克100指数,纳斯达克100指数收益率(经汇率调整),大成基金管理有限公司,中国农业银行股份有限公司,跨境型ETF,,NDX.GI,5715038235.06,74935101,92152946.93,1.228,1.2297701037328,0.937037646
2025-05-12,159513.SZ,大成纳斯达克100ETF(QDII),20230728,纳斯达克100指数,纳斯达克100指数收益率(经汇率调整),大成基金管理有限公司,中国农业银行股份有限公司,跨境型ETF,,NDX.GI,5938135156.59,96072800,119821344.5,1.25,1.2471932170188,-1.177958732
2025-05-13,159513.SZ,大成纳斯达克100ETF(QDII),20230728,纳斯达克100指数,纳斯达克100指数收益率(经汇率调整),大成基金管理有限公司,中国农业银行股份有限公司,跨境型ETF,,NDX.GI,6026737269.85,65550200,82913629.4,1.263,1.2648875121662,-1.597195169
2025-05-14,159513.SZ,大成纳斯达克100ETF(QDII),20230728,纳斯达克100指数,纳斯达克100指数收益率(经汇率调整),大成基金管理有限公司,中国农业银行股份有限公司,跨境型ETF,,NDX.GI,6059487648.82,115310600,149093382.5,1.298,1.2929720468023,0.604557433
2025-05-15,159513.SZ,大成纳斯达克100ETF(QDII),20230728,纳斯达克100指数,纳斯达克100指数收益率(经汇率调整),大成基金管理有限公司,中国农业银行股份有限公司,跨境型ETF,,NDX.GI,6065945152.83,68286700,88463789.8,1.29,1.2954761293195,-0.10067374
2025-05-16,159513.SZ,大成纳斯达克100ETF(QDII),20230728,纳斯达克100指数,纳斯达克100指数收益率(经汇率调整),大成基金管理有限公司,中国农业银行股份有限公司,跨境型ETF,,NDX.GI,6093078472.88,84640900,109375818.3,1.292,1.2922336400015,-0.370141888
2025-05-19,159513.SZ,大成纳斯达克100ETF(QDII),20230728,纳斯达克100指数,纳斯达克100指数收益率(经汇率调整),大成基金管理有限公司,中国农业银行股份有限公司,跨境型ETF,,NDX.GI,6098604867.07,122722400,157742115.8,1.281,1.2853571621807,-1.286892194
2025-05-20,159513.SZ,大成纳斯达克100ETF(QDII),20230728,纳斯达克100指数,纳斯达克100指数收益率(经汇率调整),大成基金管理有限公司,中国农业银行股份有限公司,跨境型ETF,,NDX.GI,6079220151.03,82646402,107198536.9,1.295,1.2970744558245,0.131446687
2025-05-21,159513.SZ,大成纳斯达克100ETF(QDII),20230728,纳斯达克100指数,纳斯达克100指数收益率(经汇率调整),大成基金管理有限公司,中国农业银行股份有限公司,跨境型ETF,,NDX.GI,5999310816.33,103609700,133451193.8,1.283,1.2880183399817,0.524954948
2025-05-22,159513.SZ,大成纳斯达克100ETF(QDII),20230728,纳斯达克100指数,纳斯达克100指数收益率(经汇率调整),大成基金管理有限公司,中国农业银行股份有限公司,跨境型ETF,,NDX.GI,6004951475.25,128029900,163429976,1.277,1.2764985054272,-0.039138943
2025-05-23,159513.SZ,大成纳斯达克100ETF(QDII),20230728,纳斯达克100指数,纳斯达克100指数收益率(经汇率调整),大成基金管理有限公司,中国农业银行股份有限公司,跨境型ETF,,NDX.GI,5950425105.69,68793400,87831787.5,1.276,1.2767472969791,0.797851331
2025-05-26,159513.SZ,大成纳斯达克100ETF(QDII),20230728,纳斯达克100指数,纳斯达克100指数收益率(经汇率调整),大成基金管理有限公司,中国农业银行股份有限公司,跨境型ETF,,NDX.GI,5943844336.95,120163000,153299595.3,1.278,1.2757637151203,1.067615658
2025-05-27,159513.SZ,大成纳斯达克100ETF(QDII),20230728,纳斯达克100指数,纳斯达克100指数收益率(经汇率调整),大成基金管理有限公司,中国农业银行股份有限公司,跨境型ETF,,NDX.GI,6085800919.77,91779200,117277717.7,1.283,1.2778245800791,-0.903684251
2025-05-28,159513.SZ,大成纳斯达克100ETF(QDII),20230728,纳斯达克100指数,纳斯达克100指数收益率(经汇率调整),大成基金管理有限公司,中国农业银行股份有限公司,跨境型ETF,,NDX.GI,6061237099.72,74775800,96913861.4,1.294,1.2960591715502,0.372323922
2025-05-29,159513.SZ,大成纳斯达克100ETF(QDII),20230728,纳斯达克100指数,纳斯达克100指数收益率(经汇率调整),大成基金管理有限公司,中国农业银行股份有限公司,跨境型ETF,,NDX.GI,6070055582.29,102057600,134228778.8,1.315,1.3152257039162,1.788064092
2025-05-30,159513.SZ,大成纳斯达克100ETF(QDII),20230728,纳斯达克100指数,纳斯达克100指数收益率(经汇率调整),大成基金管理有限公司,中国农业银行股份有限公司,跨境型ETF,,NDX.GI,6059248919.36,86938700,112010187,1.289,1.2883812042278,-0.046526055
2025-06-03,159513.SZ,大成纳斯达克100ETF(QDII),20230728,纳斯达克100指数,纳斯达克100指数收益率(经汇率调整),大成基金管理有限公司,中国农业银行股份有限公司,跨境型ETF,,NDX.GI,6116084046.45,72570300,94082052.6,1.296,1.2964263975759,-1.030927835
2025-06-04,159513.SZ,大成纳斯达克100ETF(QDII),20230728,纳斯达克100指数,纳斯达克100指数收益率(经汇率调整),大成基金管理有限公司,中国农业银行股份有限公司,跨境型ETF,,NDX.GI,6135233297.76,62616000,81814178.3,1.308,1.3066017998595,-0.426309379
2025-06-05,159513.SZ,大成纳斯达克100ETF(QDII),20230728,纳斯达克100指数,纳斯达克100指数收益率(经汇率调整),大成基金管理有限公司,中国农业银行股份有限公司,跨境型ETF,,NDX.GI,6065620857.66,92339200,121044789.5,1.309,1.3108711089115,0.491325042
2025-06-06,159513.SZ,大成纳斯达克100ETF(QDII),20230728,纳斯达克100指数,纳斯达克100指数收益率(经汇率调整),大成基金管理有限公司,中国农业银行股份有限公司,跨境型ETF,,NDX.GI,6121965101.77,50003700,65186072.5,1.305,1.3036249817514,-0.737810907
2025-06-09,159513.SZ,大成纳斯达克100ETF(QDII),20230728,纳斯达克100指数,纳斯达克100指数收益率(经汇率调整),大成基金管理有限公司,中国农业银行股份有限公司,跨境型ETF,,NDX.GI,6073015274.52,40344500,52860715.9,1.311,1.3102335113832,-0.470695415
2025-06-10,159513.SZ,大成纳斯达克100ETF(QDII),20230728,纳斯达克100指数,纳斯达克100指数收益率(经汇率调整),大成基金管理有限公司,中国农业银行股份有限公司,跨境型ETF,,NDX.GI,6098027832.05,78785400,103896666.9,1.313,1.3187299537732,-0.943040362
2025-06-11,159513.SZ,大成纳斯达克100ETF(QDII),20230728,纳斯达克100指数,纳斯达克100指数收益率(经汇率调整),大成基金管理有限公司,中国农业银行股份有限公司,跨境型ETF,,NDX.GI,6073644921.82,41850900,55223102.5,1.32,1.3195200700582,-0.01514922
2025-06-12,159513.SZ,大成纳斯达克100ETF(QDII),20230728,纳斯达克100指数,纳斯达克100指数收益率(经汇率调整),大成基金管理有限公司,中国农业银行股份有限公司,跨境型ETF,,NDX.GI,6043324214.21,38539500,50633360.7,1.316,1.3138042968902,-0.536618547
2025-06-13,159513.SZ,大成纳斯达克100ETF(QDII),20230728,纳斯达克100指数,纳斯达克100指数收益率(经汇率调整),大成基金管理有限公司,中国农业银行股份有限公司,跨境型ETF,,NDX.GI,5949030504.96,80355300,104366266.4,1.302,1.2988099901313,-0.275735294
2025-06-16,159513.SZ,大成纳斯达克100ETF(QDII),20230728,纳斯达克100指数,纳斯达克100指数收益率(经汇率调整),大成基金管理有限公司,中国农业银行股份有限公司,跨境型ETF,,NDX.GI,6032871008.4,73363400,96049997.7,1.311,1.3092359091863,-0.981873112
2025-06-17,159513.SZ,大成纳斯达克100ETF(QDII),20230728,纳斯达克100指数,纳斯达克100指数收益率(经汇率调整),大成基金管理有限公司,中国农业银行股份有限公司,跨境型ETF,,NDX.GI,5949481485.73,45138700,59454159.1,1.317,1.3171438056479,0.511333282
2025-06-18,159513.SZ,大成纳斯达克100ETF(QDII),20230728,纳斯达克100指数,纳斯达克100指数收益率(经汇率调整),大成基金管理有限公司,中国农业银行股份有限公司,跨境型ETF,,NDX.GI,5950389595.55,31863401,41834158.71,1.312,1.3129219542509,0.11446013
2025-06-19,159513.SZ,大成纳斯达克100ETF(QDII),20230728,纳斯达克100指数,纳斯达克100指数收益率(经汇率调整),大成基金管理有限公司,中国农业银行股份有限公司,跨境型ETF,,NDX.GI,5947665266.09,36718300,47967852.1,1.304,1.3063745353135,-0.450416062
2025-06-20,159513.SZ,大成纳斯达克100ETF(QDII),20230728,纳斯达克100指数,纳斯达克100指数收益率(经汇率调整),大成基金管理有限公司,中国农业银行股份有限公司,跨境型ETF,,NDX.GI,5865208316.58,21650300,28283469.5,1.308,1.3063777176298,0.322135297
2025-06-23,159513.SZ,大成纳斯达克100ETF(QDII),20230728,纳斯达克100指数,纳斯达克100指数收益率(经汇率调整),大成基金管理有限公司,中国农业银行股份有限公司,跨境型ETF,,NDX.GI,5896113349.07,34073400,44316005.5,1.304,1.3006041516256,-1.03969037
2025-06-24,159513.SZ,大成纳斯达克100ETF(QDII),20230728,纳斯达克100指数,纳斯达克100指数收益率(经汇率调整),大成基金管理有限公司,中国农业银行股份有限公司,跨境型ETF,,NDX.GI,5946820436.88,66544000,88373478.9,1.333,1.3280457877495,-0.284260922
2025-06-25,159513.SZ,大成纳斯达克100ETF(QDII),20230728,纳斯达克100指数,纳斯达克100指数收益率(经汇率调整),大成基金管理有限公司,中国农业银行股份有限公司,跨境型ETF,,NDX.GI,5923991484.18,34945500,46696120.2,1.337,1.3362556037258,-0.208986416
2025-06-26,159513.SZ,大成纳斯达克100ETF(QDII),20230728,纳斯达克100指数,纳斯达克100指数收益率(经汇率调整),大成基金管理有限公司,中国农业银行股份有限公司,跨境型ETF,,NDX.GI,5938320963.56,41454900,55542028.3,1.343,1.3398181710727,-0.636282924
2025-06-27,159513.SZ,大成纳斯达克100ETF(QDII),20230728,纳斯达克100指数,纳斯达克100指数收益率(经汇率调整),大成基金管理有限公司,中国农业银行股份有限公司,跨境型ETF,,NDX.GI,5961167418.88,45728400,61944558.2,1.356,1.3546189720174,-0.058962264
2025-06-30,159513.SZ,大成纳斯达克100ETF(QDII),20230728,纳斯达克100指数,纳斯达克100指数收益率(经汇率调整),大成基金管理有限公司,中国农业银行股份有限公司,跨境型ETF,,NDX.GI,5997241156.77,67766600,92346581.6,1.362,1.3627152845207,-0.19784568
2025-07-01,159513.SZ,大成纳斯达克100ETF(QDII),20230728,纳斯达克100指数,纳斯达克100指数收益率(经汇率调整),大成基金管理有限公司,中国农业银行股份有限公司,跨境型ETF,,NDX.GI,5916656728.29,67696100,92201173.3,1.361,1.361986485189,0.673126711
2025-07-02,159513.SZ,大成纳斯达克100ETF(QDII),20230728,纳斯达克100指数,纳斯达克100指数收益率(经汇率调整),大成基金管理有限公司,中国农业银行股份有限公司,跨境型ETF,,NDX.GI,5959546909.47,79332200,107518115.3,1.358,1.3552897222061,-0.271719175
2025-07-03,159513.SZ,大成纳斯达克100ETF(QDII),20230728,纳斯达克100指数,纳斯达克100指数收益率(经汇率调整),大成基金管理有限公司,中国农业银行股份有限公司,跨境型ETF,,NDX.GI,6016442047.77,47120446,64186684.95,1.364,1.3621833067964,-0.77835164
2025-07-04,159513.SZ,大成纳斯达克100ETF(QDII),20230728,纳斯达克100指数,纳斯达克100指数收益率(经汇率调整),大成基金管理有限公司,中国农业银行股份有限公司,跨境型ETF,,NDX.GI,6017317357.59,34543400,47411292.8,1.37,1.3725137884516,-0.356389556
2025-07-07,159513.SZ,大成纳斯达克100ETF(QDII),20230728,纳斯达克100指数,纳斯达克100指数收益率(经汇率调整),大成基金管理有限公司,中国农业银行股份有限公司,跨境型ETF,,NDX.GI,5967424697.85,38240302,52368936.44,1.369,1.3694697400664,0.403373671
2025-07-08,159513.SZ,大成纳斯达克100ETF(QDII),20230728,纳斯达克100指数,纳斯达克100指数收益率(经汇率调整),大成基金管理有限公司,中国农业银行股份有限公司,跨境型ETF,,NDX.GI,5924415466.59,28623800,39170077.8,1.371,1.3684443644799,0.446919188
2025-07-09,159513.SZ,大成纳斯达克100ETF(QDII),20230728,纳斯达克100指数,纳斯达克100指数收益率(经汇率调整),大成基金管理有限公司,中国农业银行股份有限公司,跨境型ETF,,NDX.GI,5966084737.95,57841100,79012732.4,1.366,1.3660309433949,-0.618406693
2025-07-10,159513.SZ,大成纳斯达克100ETF(QDII),20230728,纳斯达克100指数,纳斯达克100指数收益率(经汇率调整),大成基金管理有限公司,中国农业银行股份有限公司,跨境型ETF,,NDX.GI,5954365255.38,30603800,42028568.7,1.373,1.37331209523,0.087476308
2025-07-11,159513.SZ,大成纳斯达克100ETF(QDII),20230728,纳斯达克100指数,纳斯达克100指数收益率(经汇率调整),大成基金管理有限公司,中国农业银行股份有限公司,跨境型ETF,,NDX.GI,5938739278.62,35711800,48891993.6,1.37,1.3690711081491,0.131559713
2025-07-14,159513.SZ,大成纳斯达克100ETF(QDII),20230728,纳斯达克100指数,纳斯达克100指数收益率(经汇率调整),大成基金管理有限公司,中国农业银行股份有限公司,跨境型ETF,,NDX.GI,5928936059.39,32563800,44403589.7,1.362,1.3635874713639,-0.793939835
2025-07-15,159513.SZ,大成纳斯达克100ETF(QDII),20230728,纳斯达克100指数,纳斯达克100指数收益率(经汇率调整),大成基金管理有限公司,中国农业银行股份有限公司,跨境型ETF,,NDX.GI,5936277592.86,58014200,80014411.2,1.382,1.37922114241,0.538338426
2025-07-16,159513.SZ,大成纳斯达克100ETF(QDII),20230728,纳斯达克100指数,纳斯达克100指数收益率(经汇率调整),大成基金管理有限公司,中国农业银行股份有限公司,跨境型ETF,,NDX.GI,5930286981.24,33213500,45663786.1,1.374,1.3748561910067,-0.174367916
2025-07-17,159513.SZ,大成纳斯达克100ETF(QDII),20230728,纳斯达克100指数,纳斯达克100指数收益率(经汇率调整),大成基金管理有限公司,中国农业银行股份有限公司,跨境型ETF,,NDX.GI,5966293123.14,46645800,64294596.9,1.382,1.3783576849363,-0.245416486
2025-07-18,159513.SZ,大成纳斯达克100ETF(QDII),20230728,纳斯达克100指数,纳斯达克100指数收益率(经汇率调整),大成基金管理有限公司,中国农业银行股份有限公司,跨境型ETF,,NDX.GI,5966386258.41,51519700,71688663.1,1.392,1.3914806006246,0.498158978
2025-07-21,159513.SZ,大成纳斯达克100ETF(QDII),20230728,纳斯达克100指数,纳斯达克100指数收益率(经汇率调整),大成基金管理有限公司,中国农业银行股份有限公司,跨境型ETF,,NDX.GI,5981122566.84,35794000,49774848.5,1.392,1.3905919567525,-0.028727377
2025-07-22,159513.SZ,大成纳斯达克100ETF(QDII),20230728,纳斯达克100指数,纳斯达克100指数收益率(经汇率调整),大成基金管理有限公司,中国农业银行股份有限公司,跨境型ETF,,NDX.GI,5946328619.13,33829000,47104849.6,1.392,1.392439906589,0.55623781
2025-07-23,159513.SZ,大成纳斯达克100ETF(QDII),20230728,纳斯达克100指数,纳斯达克100指数收益率(经汇率调整),大成基金管理有限公司,中国农业银行股份有限公司,跨境型ETF,,NDX.GI,5953484809.72,31241700,43341591.2,1.389,1.3872993851167,-0.014396775
2025-07-24,159513.SZ,大成纳斯达克100ETF(QDII),20230728,纳斯达克100指数,纳斯达克100指数收益率(经汇率调整),大成基金管理有限公司,中国农业银行股份有限公司,跨境型ETF,,NDX.GI,5939889657.02,39866000,55569219.7,1.393,1.3939000576933,0.057463008
2025-07-25,159513.SZ,大成纳斯达克100ETF(QDII),20230728,纳斯达克100指数,纳斯达克100指数收益率(经汇率调整),大成基金管理有限公司,中国农业银行股份有限公司,跨境型ETF,,NDX.GI,5955249233.78,39842800,55622105.6,1.395,1.3960390735591,-0.057314802
2025-07-28,159513.SZ,大成纳斯达克100ETF(QDII),20230728,纳斯达克100指数,纳斯达克100指数收益率(经汇率调整),大成基金管理有限公司,中国农业银行股份有限公司,跨境型ETF,,NDX.GI,5979568563.65,45605746,64136011.83,1.408,1.4063142795647,0.463788798
2025-07-29,159513.SZ,大成纳斯达克100ETF(QDII),20230728,纳斯达克100指数,纳斯达克100指数收益率(经汇率调整),大成基金管理有限公司,中国农业银行股份有限公司,跨境型ETF,,NDX.GI,5971035465.45,30626100,43111302.6,1.407,1.4076654422209,0.535905681
2025-07-30,159513.SZ,大成纳斯达克100ETF(QDII),20230728,纳斯达克100指数,纳斯达克100指数收益率(经汇率调整),大成基金管理有限公司,中国农业银行股份有限公司,跨境型ETF,,NDX.GI,5974448704.73,21376905,30007412.02,1.405,1.4037304287033,0.335642362
2025-07-31,159513.SZ,大成纳斯达克100ETF(QDII),20230728,纳斯达克100指数,纳斯达克100指数收益率(经汇率调整),大成基金管理有限公司,中国农业银行股份有限公司,跨境型ETF,,NDX.GI,5946716135.58,43836172,62470258.06,1.426,1.4250847008265,2.310231023
2025-08-01,159513.SZ,大成纳斯达克100ETF(QDII),20230728,纳斯达克100指数,纳斯达克100指数收益率(经汇率调整),大成基金管理有限公司,中国农业银行股份有限公司,跨境型ETF,,NDX.GI,5829812690.24,72825400,101936650.2,1.397,1.3997403405955,2.239461358
2025-08-04,159513.SZ,大成纳斯达克100ETF(QDII),20230728,纳斯达克100指数,纳斯达克100指数收益率(经汇率调整),大成基金管理有限公司,中国农业银行股份有限公司,跨境型ETF,,NDX.GI,5930076594.09,58580400,80518613.4,1.376,1.3744975008706,-1.000071948
2025-08-05,159513.SZ,大成纳斯达克100ETF(QDII),20230728,纳斯达克100指数,纳斯达克100指数收益率(经汇率调整),大成基金管理有限公司,中国农业银行股份有限公司,跨境型ETF,,NDX.GI,5884424518.72,63551100,88883632.2,1.402,1.3986167383413,1.653132251
2025-08-06,159513.SZ,大成纳斯达克100ETF(QDII),20230728,纳斯达克100指数,纳斯达克100指数收益率(经汇率调整),大成基金管理有限公司,中国农业银行股份有限公司,跨境型ETF,,NDX.GI,5962929022.16,46496800,64545411,1.392,1.3881688847405,-0.400686892
2025-08-07,159513.SZ,大成纳斯达克100ETF(QDII),20230728,纳斯达克100指数,纳斯达克100指数收益率(经汇率调整),大成基金管理有限公司,中国农业银行股份有限公司,跨境型ETF,,NDX.GI,5971405034.19,79694300,112032799.7,1.404,1.4057818401065,0.221286316
2025-08-08,159513.SZ,大成纳斯达克100ETF(QDII),20230728,纳斯达克100指数,纳斯达克100指数收益率(经汇率调整),大成基金管理有限公司,中国农业银行股份有限公司,跨境型ETF,,NDX.GI,6030228211.77,59022500,83236499.5,1.41,1.4102503197933,-0.332225914
2025-08-11,159513.SZ,大成纳斯达克100ETF(QDII),20230728,纳斯达克100指数,纳斯达克100指数收益率(经汇率调整),大成基金管理有限公司,中国农业银行股份有限公司,跨境型ETF,,NDX.GI,5988483540.82,54210000,77157208.2,1.424,1.4233021250692,0.978584598
2025-08-12,159513.SZ,大成纳斯达克100ETF(QDII),20230728,纳斯达克100指数,纳斯达克100指数收益率(经汇率调整),大成基金管理有限公司,中国农业银行股份有限公司,跨境型ETF,,NDX.GI,6067469354.08,100427500,142366186.7,1.418,1.4176016200742,-0.755879059
2025-08-13,159513.SZ,大成纳斯达克100ETF(QDII),20230728,纳斯达克100指数,纳斯达克100指数收益率(经汇率调整),大成基金管理有限公司,中国农业银行股份有限公司,跨境型ETF,,NDX.GI,5974526469.71,105991400,152002319.9,1.435,1.4341005015501,0.483159443
2025-08-14,159513.SZ,大成纳斯达克100ETF(QDII),20230728,纳斯达克100指数,纳斯达克100指数收益率(经汇率调整),大成基金管理有限公司,中国农业银行股份有限公司,跨境型ETF,,NDX.GI,5951549100.97,39835500,57074911.3,1.431,1.4327650286804,0.301394827
2025-08-15,159513.SZ,大成纳斯达克100ETF(QDII),20230728,纳斯达克100指数,纳斯达克100指数收益率(经汇率调整),大成基金管理有限公司,中国农业银行股份有限公司,跨境型ETF,,NDX.GI,5922596776.91,27684900,39718373.9,1.438,1.4346583841733,1.260474614
2025-08-18,159513.SZ,大成纳斯达克100ETF(QDII),20230728,纳斯达克100指数,纳斯达克100指数收益率(经汇率调整),大成基金管理有限公司,中国农业银行股份有限公司,跨境型ETF,,NDX.GI,5881529627.81,39887000,57060324.2,1.428,1.430549407075,0.627158058
2025-08-19,159513.SZ,大成纳斯达克100ETF(QDII),20230728,纳斯达克100指数,纳斯达克100指数收益率(经汇率调整),大成基金管理有限公司,中国农业银行股份有限公司,跨境型ETF,,NDX.GI,5803197649.82,29198200,41637446.6,1.425,1.4260278578817,1.771175546
2025-08-20,159513.SZ,大成纳斯达克100ETF(QDII),20230728,纳斯达克100指数,纳斯达克100指数收益率(经汇率调整),大成基金管理有限公司,中国农业银行股份有限公司,跨境型ETF,,NDX.GI,5771284621.75,60834300,85313854.3,1.404,1.4023972380713,0.825852783
2025-08-21,159513.SZ,大成纳斯达克100ETF(QDII),20230728,纳斯达克100指数,纳斯达克100指数收益率(经汇率调整),大成基金管理有限公司,中国农业银行股份有限公司,跨境型ETF,,NDX.GI,5738542683.86,72938300,102108952,1.401,1.399936000702,1.184457605
2025-08-22,159513.SZ,大成纳斯达克100ETF(QDII),20230728,纳斯达克100指数,纳斯达克100指数收益率(经汇率调整),大成基金管理有限公司,中国农业银行股份有限公司,跨境型ETF,,NDX.GI,5827073099.33,78887710,110003430.72,1.393,1.3944305230815,-0.945744151
2025-08-25,159513.SZ,大成纳斯达克100ETF(QDII),20230728,纳斯达克100指数,纳斯达克100指数收益率(经汇率调整),大成基金管理有限公司,中国农业银行股份有限公司,跨境型ETF,,NDX.GI,5796825190.9,64148200,90663324.2,1.414,1.4133416713174,1.072194425
2025-08-26,159513.SZ,大成纳斯达克100ETF(QDII),20230728,纳斯达克100指数,纳斯达克100指数收益率(经汇率调整),大成基金管理有限公司,中国农业银行股份有限公司,跨境型ETF,,NDX.GI,5823343905.14,153237000,215216741,1.403,1.4044698147314,-0.170769888
2025-08-27,159513.SZ,大成纳斯达克100ETF(QDII),20230728,纳斯达克100指数,纳斯达克100指数收益率(经汇率调整),大成基金管理有限公司,中国农业银行股份有限公司,跨境型ETF,,NDX.GI,5825666799.33,103497901,146135025.01,1.414,1.4119612436391,0.547536088
2025-08-28,159513.SZ,大成纳斯达克100ETF(QDII),20230728,纳斯达克100指数,纳斯达克100指数收益率(经汇率调整),大成基金管理有限公司,中国农业银行股份有限公司,跨境型ETF,,NDX.GI,5854493807.76,73505512,103541290.51,1.409,1.4086194040795,-0.3254103
2025-08-29,159513.SZ,大成纳斯达克100ETF(QDII),20230728,纳斯达克100指数,纳斯达克100指数收益率(经汇率调整),大成基金管理有限公司,中国农业银行股份有限公司,跨境型ETF,,NDX.GI,5781188388.69,66475585,94036799.09,1.415,1.4146065670577,1.368292858
2025-09-01,159513.SZ,大成纳斯达克100ETF(QDII),20230728,纳斯达克100指数,纳斯达克100指数收益率(经汇率调整),大成基金管理有限公司,中国农业银行股份有限公司,跨境型ETF,,NDX.GI,5784087473.06,64791300,90675193.8,1.399,1.3994964416519,0.171845911
2025-09-02,159513.SZ,大成纳斯达克100ETF(QDII),20230728,纳斯达克100指数,纳斯达克100指数收益率(经汇率调整),大成基金管理有限公司,中国农业银行股份有限公司,跨境型ETF,,NDX.GI,5735056807.51,29519400,41326859.2,1.4,1.399989810091,1.00281365
2025-09-03,159513.SZ,大成纳斯达克100ETF(QDII),20230728,纳斯达克100指数,纳斯达克100指数收益率(经汇率调整),大成基金管理有限公司,中国农业银行股份有限公司,跨境型ETF,,NDX.GI,5780983602.52,30989400,43226237.4,1.396,1.3948717109721,-0.085886058
2025-09-04,159513.SZ,大成纳斯达克100ETF(QDII),20230728,纳斯达克100指数,纳斯达克100指数收益率(经汇率调整),大成基金管理有限公司,中国农业银行股份有限公司,跨境型ETF,,NDX.GI,5830634191.72,58782700,82560243.9,1.403,1.4044990090622,-0.439965938
2025-09-05,159513.SZ,大成纳斯达克100ETF(QDII),20230728,纳斯达克100指数,纳斯达克100指数收益率(经汇率调整),大成基金管理有限公司,中国农业银行股份有限公司,跨境型ETF,,NDX.GI,5835016160.46,36172677,51307841.26,1.42,1.418414270528,0.666383099
2025-09-08,159513.SZ,大成纳斯达克100ETF(QDII),20230728,纳斯达克100指数,纳斯达克100指数收益率(经汇率调整),大成基金管理有限公司,中国农业银行股份有限公司,跨境型ETF,,NDX.GI,5827253655.06,43802702,62083151.13,1.417,1.4173361070283,0.028236623
2025-09-09,159513.SZ,大成纳斯达克100ETF(QDII),20230728,纳斯达克100指数,纳斯达克100指数收益率(经汇率调整),大成基金管理有限公司,中国农业银行股份有限公司,跨境型ETF,,NDX.GI,5844119206.37,36364300,51655444,1.422,1.4204987858972,0.091504188
2025-09-10,159513.SZ,大成纳斯达克100ETF(QDII),20230728,纳斯达克100指数,纳斯达克100指数收益率(经汇率调整),大成基金管理有限公司,中国农业银行股份有限公司,跨境型ETF,,NDX.GI,5847033975.11,37116700,52955168.3,1.428,1.4267208103091,0.414879404
2025-09-11,159513.SZ,大成纳斯达克100ETF(QDII),20230728,纳斯达克100指数,纳斯达克100指数收益率(经汇率调整),大成基金管理有限公司,中国农业银行股份有限公司,跨境型ETF,,NDX.GI,5878496267.91,37290500,53143022.6,1.426,1.4251088775962,-0.286693238
2025-09-12,159513.SZ,大成纳斯达克100ETF(QDII),20230728,纳斯达克100指数,纳斯达克100指数收益率(经汇率调整),大成基金管理有限公司,中国农业银行股份有限公司,跨境型ETF,,NDX.GI,5898643942.87,37192100,53243490.4,1.431,1.4315806421256,-0.327366441
2025-09-15,159513.SZ,大成纳斯达克100ETF(QDII),20230728,纳斯达克100指数,纳斯达克100指数收益率(经汇率调整),大成基金管理有限公司,中国农业银行股份有限公司,跨境型ETF,,NDX.GI,5940297677.16,50426804,72506967.26,1.44,1.4378656093295,-0.525006908
2025-09-16,159513.SZ,大成纳斯达克100ETF(QDII),20230728,纳斯达克100指数,纳斯达克100指数收益率(经汇率调整),大成基金管理有限公司,中国农业银行股份有限公司,跨境型ETF,,NDX.GI,5932911288.78,40683300,58964046.4,1.449,1.4493427622636,0.221330751
2025-09-17,159513.SZ,大成纳斯达克100ETF(QDII),20230728,纳斯达克100指数,纳斯达克100指数收益率(经汇率调整),大成基金管理有限公司,中国农业银行股份有限公司,跨境型ETF,,NDX.GI,5885784021.84,47611200,68752430.8,1.444,1.4440390244312,0.110926234
2025-09-18,159513.SZ,大成纳斯达克100ETF(QDII),20230728,纳斯达克100指数,纳斯达克100指数收益率(经汇率调整),大成基金管理有限公司,中国农业银行股份有限公司,跨境型ETF,,NDX.GI,5948857813.25,125041533,181582796.38,1.453,1.4521798639497,-0.308747856
2025-09-19,159513.SZ,大成纳斯达克100ETF(QDII),20230728,纳斯达克100指数,纳斯达克100指数收益率(经汇率调整),大成基金管理有限公司,中国农业银行股份有限公司,跨境型ETF,,NDX.GI,5984128743.53,55149600,80481057.9,1.458,1.4593226043344,-0.701491521
2025-09-22,159513.SZ,大成纳斯达克100ETF(QDII),20230728,纳斯达克100指数,纳斯达克100指数收益率(经汇率调整),大成基金管理有限公司,中国农业银行股份有限公司,跨境型ETF,,NDX.GI,6014034471.6,54037200,79386674.1,1.469,1.4691115398281,-0.474254743
2025-09-23,159513.SZ,大成纳斯达克100ETF(QDII),20230728,纳斯达克100指数,纳斯达克100指数收益率(经汇率调整),大成基金管理有限公司,中国农业银行股份有限公司,跨境型ETF,,NDX.GI,5965305302.04,58803104,87306168.64,1.489,1.4847204093172,1.679868888
2025-09-24,159513.SZ,大成纳斯达克100ETF(QDII),20230728,纳斯达克100指数,纳斯达克100指数收益率(经汇率调整),大成基金管理有限公司,中国农业银行股份有限公司,跨境型ETF,,NDX.GI,5949249140.91,36631000,54148442.2,1.485,1.4782135950425,1.705362646
2025-09-25,159513.SZ,大成纳斯达克100ETF(QDII),20230728,纳斯达克100指数,纳斯达克100指数收益率(经汇率调整),大成基金管理有限公司,中国农业银行股份有限公司,跨境型ETF,,NDX.GI,5927886165.95,54688100,80687671.3,1.473,1.4754155163555,1.271914747
2025-09-26,159513.SZ,大成纳斯达克100ETF(QDII),20230728,纳斯达克100指数,纳斯达克100指数收益率(经汇率调整),大成基金管理有限公司,中国农业银行股份有限公司,跨境型ETF,,NDX.GI,5957061199.83,45842500,67157625.2,1.468,1.4649642842341,0.45849586
2025-09-29,159513.SZ,大成纳斯达克100ETF(QDII),20230728,纳斯达克100指数,纳斯达克100指数收益率(经汇率调整),大成基金管理有限公司,中国农业银行股份有限公司,跨境型ETF,,NDX.GI,5979318000.24,29417700,43461431.5,1.478,1.4773905335903,0.791052919
2025-09-30,159513.SZ,大成纳斯达克100ETF(QDII),20230728,纳斯达克100指数,纳斯达克100指数收益率(经汇率调整),大成基金管理有限公司,中国农业银行股份有限公司,跨境型ETF,,NDX.GI,5995059322.09,52366800,77628433.9,1.485,1.4823978914121,1.027280767
2025-10-09,159513.SZ,大成纳斯达克100ETF(QDII),20230728,纳斯达克100指数,纳斯达克100指数收益率(经汇率调整),大成基金管理有限公司,中国农业银行股份有限公司,跨境型ETF,,NDX.GI,6098925904.5,68474544,103329571.68,1.51,1.509021683737,1.003344482
2025-10-10,159513.SZ,大成纳斯达克100ETF(QDII),20230728,纳斯达克100指数,纳斯达克100指数收益率(经汇率调整),大成基金管理有限公司,中国农业银行股份有限公司,跨境型ETF,,NDX.GI,5883743747.29,59636006,89997381.76,1.51,1.5091114881168,4.722935016
2025-10-13,159513.SZ,大成纳斯达克100ETF(QDII),20230728,纳斯达克100指数,纳斯达克100指数收益率(经汇率调整),大成基金管理有限公司,中国农业银行股份有限公司,跨境型ETF,,NDX.GI,6009264739.93,140974400,208635224,1.486,1.4799511400651,0.930516878
2025-10-14,159513.SZ,大成纳斯达克100ETF(QDII),20230728,纳斯达克100指数,纳斯达克100指数收益率(经汇率调整),大成基金管理有限公司,中国农业银行股份有限公司,跨境型ETF,,NDX.GI,5970728058.75,95395400,141650170.6,1.469,1.4848742245433,0.444444444
2025-10-15,159513.SZ,大成纳斯达克100ETF(QDII),20230728,纳斯达克100指数,纳斯达克100指数收益率(经汇率调整),大成基金管理有限公司,中国农业银行股份有限公司,跨境型ETF,,NDX.GI,6001744520.29,43390300,64214938.2,1.485,1.4799376404404,0.890006115
2025-10-16,159513.SZ,大成纳斯达克100ETF(QDII),20230728,纳斯达克100指数,纳斯达克100指数收益率(经汇率调整),大成基金管理有限公司,中国农业银行股份有限公司,跨境型ETF,,NDX.GI,5979560835.51,47117000,70188017.2,1.497,1.4896537810132,2.107632494
2025-10-17,159513.SZ,大成纳斯达克100ETF(QDII),20230728,纳斯达克100指数,纳斯达克100指数收益率(经汇率调整),大成基金管理有限公司,中国农业银行股份有限公司,跨境型ETF,,NDX.GI,6018558787.23,71663700,105943637.4,1.472,1.4783445091448,-0.223683319
2025-10-20,159513.SZ,大成纳斯达克100ETF(QDII),20230728,纳斯达克100指数,纳斯达克100指数收益率(经汇率调整),大成基金管理有限公司,中国农业银行股份有限公司,跨境型ETF,,NDX.GI,6099196739.77,97412900,145974208.3,1.503,1.4985100361451,0.555295377
2025-10-21,159513.SZ,大成纳斯达克100ETF(QDII),20230728,纳斯达克100指数,纳斯达克100指数收益率(经汇率调整),大成基金管理有限公司,中国农业银行股份有限公司,跨境型ETF,,NDX.GI,6094160961.21,87496304,132760621.16,1.518,1.5173283337774,1.667671288
2025-10-22,159513.SZ,大成纳斯达克100ETF(QDII),20230728,纳斯达克100指数,纳斯达克100指数收益率(经汇率调整),大成基金管理有限公司,中国农业银行股份有限公司,跨境型ETF,,NDX.GI,6036865354.17,104313300,159306835,1.538,1.527195812998,4.010279299
2025-10-23,159513.SZ,大成纳斯达克100ETF(QDII),20230728,纳斯达克100指数,纳斯达克100指数收益率(经汇率调整),大成基金管理有限公司,中国农业银行股份有限公司,跨境型ETF,,NDX.GI,6084098708.1,104263900,159146512.5,1.535,1.526381734234,2.951039571
2025-10-24,159513.SZ,大成纳斯达克100ETF(QDII),20230728,纳斯达克100指数,纳斯达克100指数收益率(经汇率调整),大成基金管理有限公司,中国农业银行股份有限公司,跨境型ETF,,NDX.GI,6148853719.15,137417172,213727422.86,1.562,1.5553181581993,3.684035845
2025-10-27,159513.SZ,大成纳斯达克100ETF(QDII),20230728,纳斯达克100指数,纳斯达克100指数收益率(经汇率调整),大成基金管理有限公司,中国农业银行股份有限公司,跨境型ETF,,NDX.GI,6257731260.48,181267600,290025632.5,1.603,1.5999860565264,4.579853862
2025-10-28,159513.SZ,大成纳斯达克100ETF(QDII),20230728,纳斯达克100指数,纳斯达克100指数收益率(经汇率调整),大成基金管理有限公司,中国农业银行股份有限公司,跨境型ETF,,NDX.GI,6303774745.67,224988900,362103385.6,1.605,1.6094277788815,3.970978817
2025-10-29,159513.SZ,大成纳斯达克100ETF(QDII),20230728,纳斯达克100指数,纳斯达克100指数收益率(经汇率调整),大成基金管理有限公司,中国农业银行股份有限公司,跨境型ETF,,NDX.GI,6329825740.27,160005600,260605728.2,1.64,1.6287287957421,5.826934245
2025-10-30,159513.SZ,大成纳斯达克100ETF(QDII),20230728,纳斯达克100指数,纳斯达克100指数收益率(经汇率调整),大成基金管理有限公司,中国农业银行股份有限公司,跨境型ETF,,NDX.GI,6240267695.34,198345800,323670281.8,1.619,1.6318484273426,5.997119288
2025-10-31,159513.SZ,大成纳斯达克100ETF(QDII),20230728,纳斯达克100指数,纳斯达克100指数收益率(经汇率调整),大成基金管理有限公司,中国农业银行股份有限公司,跨境型ETF,,NDX.GI,6269782868.5,106941600,172915707.5,1.616,1.6169171538485,5.276872964
2025-11-03,159513.SZ,大成纳斯达克100ETF(QDII),20230728,纳斯达克100指数,纳斯达克100指数收益率(经汇率调整),大成基金管理有限公司,中国农业银行股份有限公司,跨境型ETF,,NDX.GI,6293565872.92,75888300,122793499.8,1.616,1.6180820996122,4.853361017
2025-11-04,159513.SZ,大成纳斯达克100ETF(QDII),20230728,纳斯达克100指数,纳斯达克100指数收益率(经汇率调整),大成基金管理有限公司,中国农业银行股份有限公司,跨境型ETF,,NDX.GI,6165750786.09,119034764,190074497.86,1.59,1.5967982081268,5.304987085
2025-11-05,159513.SZ,大成纳斯达克100ETF(QDII),20230728,纳斯达克100指数,纳斯达克100指数收益率(经汇率调整),大成基金管理有限公司,中国农业银行股份有限公司,跨境型ETF,,NDX.GI,6210669826.19,166734872,259809968.7,1.569,1.5582221378381,3.162601091
2025-11-06,159513.SZ,大成纳斯达克100ETF(QDII),20230728,纳斯达克100指数,纳斯达克100指数收益率(经汇率调整),大成基金管理有限公司,中国农业银行股份有限公司,跨境型ETF,,NDX.GI,6048720363.01,120541172,191789664.02,1.599,1.59107183743,7.236268527
2025-11-07,159513.SZ,大成纳斯达克100ETF(QDII),20230728,纳斯达克100指数,纳斯达克100指数收益率(经汇率调整),大成基金管理有限公司,中国农业银行股份有限公司,跨境型ETF,,NDX.GI,6029248927.33,117271300,185114116.6,1.584,1.5785116784755,6.573370114
2025-11-10,159513.SZ,大成纳斯达克100ETF(QDII),20230728,纳斯达克100指数,纳斯达克100指数收益率(经汇率调整),大成基金管理有限公司,中国农业银行股份有限公司,跨境型ETF,,NDX.GI,6164634347.63,119980300,192340749.8,1.61,1.6031027577027,5.969854538
2025-11-11,159513.SZ,大成纳斯达克100ETF(QDII),20230728,纳斯达克100指数,纳斯达克100指数收益率(经汇率调整),大成基金管理有限公司,中国农业银行股份有限公司,跨境型ETF,,NDX.GI,6147890176.68,142691500,231228783.6,1.617,1.6204804322612,6.74676525
2025-11-12,159513.SZ,大成纳斯达克100ETF(QDII),20230728,纳斯达克100指数,纳斯达克100指数收益率(经汇率调整),大成基金管理有限公司,中国农业银行股份有限公司,跨境型ETF,,NDX.GI,6141802353.03,107394100,174391103.5,1.627,1.6238424969342,7.513381352
2025-11-13,159513.SZ,大成纳斯达克100ETF(QDII),20230728,纳斯达克100指数,纳斯达克100指数收益率(经汇率调整),大成基金管理有限公司,中国农业银行股份有限公司,跨境型ETF,,NDX.GI,6018016605.48,103421600,167731022.4,1.627,1.6218180960264,9.724844888
2025-11-14,159513.SZ,大成纳斯达克100ETF(QDII),20230728,纳斯达克100指数,纳斯达克100指数收益率(经汇率调整),大成基金管理有限公司,中国农业银行股份有限公司,跨境型ETF,,NDX.GI,6019499405.48,125059100,199201759.7,1.584,1.592860972932,6.824925816
2025-11-17,159513.SZ,大成纳斯达克100ETF(QDII),20230728,纳斯达克100指数,纳斯达克100指数收益率(经汇率调整),大成基金管理有限公司,中国农业银行股份有限公司,跨境型ETF,,NDX.GI,5969819286.82,98238800,156527690.3,1.581,1.5933387856936,7.536389607
2025-11-18,159513.SZ,大成纳斯达克100ETF(QDII),20230728,纳斯达克100指数,纳斯达克100指数收益率(经汇率调整),大成基金管理有限公司,中国农业银行股份有限公司,跨境型ETF,,NDX.GI,5888926616.85,129740500,200164683.6,1.526,1.5428080175427,4.987960096
2025-11-19,159513.SZ,大成纳斯达克100ETF(QDII),20230728,纳斯达克100指数,纳斯达克100指数收益率(经汇率调整),大成基金管理有限公司,中国农业银行股份有限公司,跨境型ETF,,NDX.GI,5921092674.38,92332100,141059447.3,1.53,1.5277400524845,4.665480914
2025-11-20,159513.SZ,大成纳斯达克100ETF(QDII),20230728,纳斯达克100指数,纳斯达克100指数收益率(经汇率调整),大成基金管理有限公司,中国农业银行股份有限公司,跨境型ETF,,NDX.GI,5779090604.98,151762600,238492724.2,1.586,1.5714854924731,11.079983191
2025-11-21,159513.SZ,大成纳斯达克100ETF(QDII),20230728,纳斯达克100指数,纳斯达克100指数收益率(经汇率调整),大成基金管理有限公司,中国农业银行股份有限公司,跨境型ETF,,NDX.GI,5813994115.62,92843000,142392025.8,1.536,1.5336861777409,6.800166875
2025-11-24,159513.SZ,大成纳斯达克100ETF(QDII),20230728,纳斯达克100指数,纳斯达克100指数收益率(经汇率调整),大成基金管理有限公司,中国农业银行股份有限公司,跨境型ETF,,NDX.GI,5963568432.32,94328400,145719433,1.544,1.5448097603691,4.663774403
2025-11-25,159513.SZ,大成纳斯达克100ETF(QDII),20230728,纳斯达克100指数,纳斯达克100指数收益率(经汇率调整),大成基金管理有限公司,中国农业银行股份有限公司,跨境型ETF,,NDX.GI,5984043225.12,94991000,149709103.1,1.576,1.5760346043309,6.256742179
2025-11-26,159513.SZ,大成纳斯达克100ETF(QDII),20230728,纳斯达克100指数,纳斯达克100指数收益率(经汇率调整),大成基金管理有限公司,中国农业银行股份有限公司,跨境型ETF,,NDX.GI,6023602433.96,66526200,105935045.7,1.598,1.5923808319128,6.846750468
2025-11-27,159513.SZ,大成纳斯达克100ETF(QDII),20230728,纳斯达克100指数,纳斯达克100指数收益率(经汇率调整),大成基金管理有限公司,中国农业银行股份有限公司,跨境型ETF,,NDX.GI,6021991414.32,63248900,101159370.3,1.592,1.5993854486007,6.474050294
2025-11-28,159513.SZ,大成纳斯达克100ETF(QDII),20230728,纳斯达克100指数,纳斯达克100指数收益率(经汇率调整),大成基金管理有限公司,中国农业银行股份有限公司,跨境型ETF,,NDX.GI,6070620638.79,55088800,88207196.5,1.607,1.6011820279258,6.642776561
2025-12-01,159513.SZ,大成纳斯达克100ETF(QDII),20230728,纳斯达克100指数,纳斯达克100指数收益率(经汇率调整),大成基金管理有限公司,中国农业银行股份有限公司,跨境型ETF,,NDX.GI,6047547289.28,96577900,154114240.6,1.593,1.595750586832,6.143390192
2025-12-02,159513.SZ,大成纳斯达克100ETF(QDII),20230728,纳斯达克100指数,纳斯达克100指数收益率(经汇率调整),大成基金管理有限公司,中国农业银行股份有限公司,跨境型ETF,,NDX.GI,6101848282.49,52390500,83541506.5,1.594,1.5945926551569,5.290970342
2025-12-03,159513.SZ,大成纳斯达克100ETF(QDII),20230728,纳斯达克100指数,纳斯达克100指数收益率(经汇率调整),大成基金管理有限公司,中国农业银行股份有限公司,跨境型ETF,,NDX.GI,6111118545.42,84911500,136692243.3,1.614,1.6098201456811,6.450336367
2025-12-04,159513.SZ,大成纳斯达克100ETF(QDII),20230728,纳斯达克100指数,纳斯达克100指数收益率(经汇率调整),大成基金管理有限公司,中国农业银行股份有限公司,跨境型ETF,,NDX.GI,6101543247.22,105367100,169495903.3,1.611,1.6086226469173,6.392814688
2025-12-05,159513.SZ,大成纳斯达克100ETF(QDII),20230728,纳斯达克100指数,纳斯达克100指数收益率(经汇率调整),大成基金管理有限公司,中国农业银行股份有限公司,跨境型ETF,,NDX.GI,6130868236.01,72769700,117087458.6,1.61,1.6090138972677,5.844454671
2025-12-08,159513.SZ,大成纳斯达克100ETF(QDII),20230728,纳斯达克100指数,纳斯达克100指数收益率(经汇率调整),大成基金管理有限公司,中国农业银行股份有限公司,跨境型ETF,,NDX.GI,6115955204.34,65862300,105751045.27,1.602,1.6056385104984,5.575326216
2025-12-09,159513.SZ,大成纳斯达克100ETF(QDII),20230728,纳斯达克100指数,纳斯达克100指数收益率(经汇率调整),大成基金管理有限公司,中国农业银行股份有限公司,跨境型ETF,,NDX.GI,6127148322.18,58015800,91956699.7,1.584,1.5850285560141,4.224240032
2025-12-10,159513.SZ,大成纳斯达克100ETF(QDII),20230728,纳斯达克100指数,纳斯达克100指数收益率(经汇率调整),大成基金管理有限公司,中国农业银行股份有限公司,跨境型ETF,,NDX.GI,6150531306.96,88942800,141133283.2,1.589,1.5867870496544,4.155742003
2025-12-11,159513.SZ,大成纳斯达克100ETF(QDII),20230728,纳斯达克100指数,纳斯达克100指数收益率(经汇率调整),大成基金管理有限公司,中国农业银行股份有限公司,跨境型ETF,,NDX.GI,6120171792.72,70909300,112215216.4,1.574,1.582517616166,3.607161664
2025-12-12,159513.SZ,大成纳斯达克100ETF(QDII),20230728,纳斯达克100指数,纳斯达克100指数收益率(经汇率调整),大成基金管理有限公司,中国农业银行股份有限公司,跨境型ETF,,NDX.GI,5998631629.54,48679300,76979045.9,1.581,1.5813507158073,6.150127568
2025-12-15,159513.SZ,大成纳斯达克100ETF(QDII),20230728,纳斯达克100指数,纳斯达克100指数收益率(经汇率调整),大成基金管理有限公司,中国农业银行股份有限公司,跨境型ETF,,NDX.GI,5963302121.11,53301200,83346057.9,1.567,1.5636807032487,5.72835841
2025-12-16,159513.SZ,大成纳斯达克100ETF(QDII),20230728,纳斯达克100指数,纳斯达克100指数收益率(经汇率调整),大成基金管理有限公司,中国农业银行股份有限公司,跨境型ETF,,NDX.GI,5971876393.86,77696319,119961669.46,1.541,1.5439813752309,3.799003098
2025-12-17,159513.SZ,大成纳斯达克100ETF(QDII),20230728,纳斯达克100指数,纳斯达克100指数收益率(经汇率调整),大成基金管理有限公司,中国农业银行股份有限公司,跨境型ETF,,NDX.GI,5853766869.96,64676200,100653713,1.561,1.5562712868103,7.241000275
2025-12-18,159513.SZ,大成纳斯达克100ETF(QDII),20230728,纳斯达克100指数,纳斯达克100指数收益率(经汇率调整),大成基金管理有限公司,中国农业银行股份有限公司,跨境型ETF,,NDX.GI,5937406295.25,60263619,92854700.78,1.547,1.5408085727477,4.703891709
2025-12-19,159513.SZ,大成纳斯达克100ETF(QDII),20230728,纳斯达克100指数,纳斯达克100指数收益率(经汇率调整),大成基金管理有限公司,中国农业银行股份有限公司,跨境型ETF,,NDX.GI,6011347598.69,49581519,77401624.78,1.563,1.5610982951127,4.485593957
2025-12-22,159513.SZ,大成纳斯达克100ETF(QDII),20230728,纳斯达克100指数,纳斯达克100指数收益率(经汇率调整),大成基金管理有限公司,中国农业银行股份有限公司,跨境型ETF,,NDX.GI,6041084862.03,58654200,93292577,1.593,1.5905523730611,5.96687288
2025-12-23,159513.SZ,大成纳斯达克100ETF(QDII),20230728,纳斯达克100指数,纳斯达克100指数收益率(经汇率调整),大成基金管理有限公司,中国农业银行股份有限公司,跨境型ETF,,NDX.GI,6072332825.37,54854785,86969571.79,1.583,1.5854509645786,4.785860859
2025-12-24,159513.SZ,大成纳斯达克100ETF(QDII),20230728,纳斯达克100指数,纳斯达克100指数收益率(经汇率调整),大成基金管理有限公司,中国农业银行股份有限公司,跨境型ETF,,NDX.GI,6081765827.58,40522985,64125362.3,1.582,1.5824441930919,4.505218655
2025-12-25,159513.SZ,大成纳斯达克100ETF(QDII),20230728,纳斯达克100指数,纳斯达克100指数收益率(经汇率调整),大成基金管理有限公司,中国农业银行股份有限公司,跨境型ETF,,NDX.GI,6075739503.93,27147100,42805371.6,1.576,1.5767935285905,4.212127223
2025-12-26,159513.SZ,大成纳斯达克100ETF(QDII),20230728,纳斯达克100指数,纳斯达克100指数收益率(经汇率调整),大成基金管理有限公司,中国农业银行股份有限公司,跨境型ETF,,NDX.GI,6071625835.19,25538900,40228301.7,1.573,1.5751775409278,4.110133033
2025-12-29,159513.SZ,大成纳斯达克100ETF(QDII),20230728,纳斯达克100指数,纳斯达克100指数收益率(经汇率调整),大成基金管理有限公司,中国农业银行股份有限公司,跨境型ETF,,NDX.GI,6041084862.03,32873600,51323104.4,1.565,1.5612255548525,4.104303865
2025-12-30,159513.SZ,大成纳斯达克100ETF(QDII),20230728,纳斯达克100指数,纳斯达克100指数收益率(经汇率调整),大成基金管理有限公司,中国农业银行股份有限公司,跨境型ETF,,NDX.GI,6027421795.09,38512900,59898138.2,1.563,1.5552746793931,4.20694713
2025-12-31,159513.SZ,大成纳斯达克100ETF(QDII),20230728,纳斯达克100指数,纳斯达克100指数收益率(经汇率调整),大成基金管理有限公司,中国农业银行股份有限公司,跨境型ETF,,NDX.GI,5972769527.33,28704973,44588780.67,1.554,1.5533468946304,4.554935074
2026-01-05,159513.SZ,大成纳斯达克100ETF(QDII),20230728,纳斯达克100指数,纳斯达克100指数收益率(经汇率调整),大成基金管理有限公司,中国农业银行股份有限公司,跨境型ETF,,NDX.GI,6004402445.58,94190932,148581963.21,1.579,1.5774550697725,5.703574776
2026-01-06,159513.SZ,大成纳斯达克100ETF(QDII),20230728,纳斯达克100指数,纳斯达克100指数收益率(经汇率调整),大成基金管理有限公司,中国农业银行股份有限公司,跨境型ETF,,NDX.GI,6054747928.97,30178000,47551716.5,1.578,1.5757080157731,4.73219619
2026-01-07,159513.SZ,大成纳斯达克100ETF(QDII),20230728,纳斯达克100指数,纳斯达克100指数收益率(经汇率调整),大成基金管理有限公司,中国农业银行股份有限公司,跨境型ETF,,NDX.GI,6058766478.07,37682100,59394677.4,1.572,1.576204017292,4.264774159
2026-01-08,159513.SZ,大成纳斯达克100ETF(QDII),20230728,纳斯达克100指数,纳斯达克100指数收益率(经汇率调整),大成基金管理有限公司,中国农业银行股份有限公司,跨境型ETF,,NDX.GI,6024608810.72,29544400,46234219.3,1.564,1.5649063545037,4.322305229
2026-01-09,159513.SZ,大成纳斯达克100ETF(QDII),20230728,纳斯达克100指数,纳斯达克100指数收益率(经汇率调整),大成基金管理有限公司,中国农业银行股份有限公司,跨境型ETF,,NDX.GI,6080064788.3,58077800,90574764,1.56,1.5595419247974,3.106411104
2026-01-12,159513.SZ,大成纳斯达克100ETF(QDII),20230728,纳斯达克100指数,纳斯达克100指数收益率(经汇率调整),大成基金管理有限公司,中国农业银行股份有限公司,跨境型ETF,,NDX.GI,6083279627.58,54975300,85689988.2,1.559,1.5586997833573,2.98586339
2026-01-13,159513.SZ,大成纳斯达克100ETF(QDII),20230728,纳斯达克100指数,纳斯达克100指数收益率(经汇率调整),大成基金管理有限公司,中国农业银行股份有限公司,跨境型ETF,,NDX.GI,6071625835.19,53224200,83289929.6,1.573,1.5648883327509,4.110133033
2026-01-14,159513.SZ,大成纳斯达克100ETF(QDII),20230728,纳斯达克100指数,纳斯达克100指数收益率(经汇率调整),大成基金管理有限公司,中国农业银行股份有限公司,跨境型ETF,,NDX.GI,6006637659.41,66815700,104357033.6,1.562,1.5618639571238,4.474617082
2026-01-15,159513.SZ,大成纳斯达克100ETF(QDII),20230728,纳斯达克100指数,纳斯达克100指数收益率(经汇率调整),大成基金管理有限公司,中国农业银行股份有限公司,跨境型ETF,,NDX.GI,6019602136.17,60588100,94288601,1.562,1.5562231032166,4.223660506
2026-01-16,159513.SZ,大成纳斯达克100ETF(QDII),20230728,纳斯达克100指数,纳斯达克100指数收益率(经汇率调整),大成基金管理有限公司,中国农业银行股份有限公司,跨境型ETF,,NDX.GI,6017886796.89,39851500,62170915.2,1.559,1.5600646199014,4.079043995
2026-01-19,159513.SZ,大成纳斯达克100ETF(QDII),20230728,纳斯达克100指数,纳斯达克100指数收益率(经汇率调整),大成基金管理有限公司,中国农业银行股份有限公司,跨境型ETF,,NDX.GI,6015476267.43,84523500,130603348.5,1.543,1.5451720349962,3.052160556
2026-01-20,159513.SZ,大成纳斯达克100ETF(QDII),20230728,纳斯达克100指数,纳斯达克100指数收益率(经汇率调整),大成基金管理有限公司,中国农业银行股份有限公司,跨境型ETF,,NDX.GI,5882093637.31,40964700,63033884.5,1.534,1.538736631783,4.774264053
2026-01-21,159513.SZ,大成纳斯达克100ETF(QDII),20230728,纳斯达克100指数,纳斯达克100指数收益率(经汇率调整),大成基金管理有限公司,中国农业银行股份有限公司,跨境型ETF,,NDX.GI,5963248129.13,77206402,117695968.55,1.528,1.5244327607703,2.944148757
2026-01-22,159513.SZ,大成纳斯达克100ETF(QDII),20230728,纳斯达克100指数,纳斯达克100指数收益率(经汇率调整),大成基金管理有限公司,中国农业银行股份有限公司,跨境型ETF,,NDX.GI,6010655208.51,87370600,135460769.7,1.552,1.5504159259522,3.736381258
2026-01-23,159513.SZ,大成纳斯达克100ETF(QDII),20230728,纳斯达克100指数,纳斯达克100指数收益率(经汇率调整),大成基金管理有限公司,中国农业银行股份有限公司,跨境型ETF,,NDX.GI,6023913120.54,59558200,92344808.5,1.546,1.550496967672,3.107909831
2026-01-26,159513.SZ,大成纳斯达克100ETF(QDII),20230728,纳斯达克100指数,纳斯达克100指数收益率(经汇率调整),大成基金管理有限公司,中国农业银行股份有限公司,跨境型ETF,,NDX.GI,6042795601.31,44958100,69121314.4,1.537,1.5374607556814,2.187354564
2026-01-27,159513.SZ,大成纳斯达克100ETF(QDII),20230728,纳斯达克100指数,纳斯达克100指数收益率(经汇率调整),大成基金管理有限公司,中国农业银行股份有限公司,跨境型ETF,,NDX.GI,6096630759.25,52734963,81952120.53,1.556,1.554037698481,2.537067545
2026-01-28,159513.SZ,大成纳斯达克100ETF(QDII),20230728,纳斯达克100指数,纳斯达克100指数收益率(经汇率调整),大成基金管理有限公司,中国农业银行股份有限公司,跨境型ETF,,NDX.GI,6108281651.64,56515900,88639752,1.569,1.5684037943304,3.19652723
2026-01-29,159513.SZ,大成纳斯达克100ETF(QDII),20230728,纳斯达克100指数,纳斯达克100指数收益率(经汇率调整),大成基金管理有限公司,中国农业银行股份有限公司,跨境型ETF,,NDX.GI,6076141258.84,47646700,74317585.4,1.559,1.5597635387131,3.081195451
2026-01-30,159513.SZ,大成纳斯达克100ETF(QDII),20230728,纳斯达克100指数,纳斯达克100指数收益率(经汇率调整),大成基金管理有限公司,中国农业银行股份有限公司,跨境型ETF,,NDX.GI,5992576237.56,90710100,140068008.2,1.546,1.5441280320494,3.647090373
2026-02-02,159513.SZ,大成纳斯达克100ETF(QDII),20230728,纳斯达克100指数,纳斯达克100指数收益率(经汇率调整),大成基金管理有限公司,中国农业银行股份有限公司,跨境型ETF,,NDX.GI,6036367522.75,84623400,129477914.5,1.512,1.5300485976692,0.632279534
2026-02-03,159513.SZ,大成纳斯达克100ETF(QDII),20230728,纳斯达克100指数,纳斯达克100指数收益率(经汇率调整),大成基金管理有限公司,中国农业银行股份有限公司,跨境型ETF,,NDX.GI,5937134059.98,110354837,169743283.07,1.543,1.5381589759405,4.41196373
2026-02-04,159513.SZ,大成纳斯达克100ETF(QDII),20230728,纳斯达克100指数,纳斯达克100指数收益率(经汇率调整),大成基金管理有限公司,中国农业银行股份有限公司,跨境型ETF,,NDX.GI,5827454969.55,82769600,125798896.5,1.531,1.5198683635054,5.54981041
2026-02-05,159513.SZ,大成纳斯达克100ETF(QDII),20230728,纳斯达克100指数,纳斯达克100指数收益率(经汇率调整),大成基金管理有限公司,中国农业银行股份有限公司,跨境型ETF,,NDX.GI,5749514517.01,69583205,105241524.07,1.516,1.5124558299664,5.932499476
2026-02-06,159513.SZ,大成纳斯达克100ETF(QDII),20230728,纳斯达克100指数,纳斯达克100指数收益率(经汇率调整),大成基金管理有限公司,中国农业银行股份有限公司,跨境型ETF,,NDX.GI,5874315074.38,95071899,141500486.81,1.489,1.4883523764472,1.860719661
2026-02-09,159513.SZ,大成纳斯达克100ETF(QDII),20230728,纳斯达克100指数,纳斯达克100指数收益率(经汇率调整),大成基金管理有限公司,中国农业银行股份有限公司,跨境型ETF,,NDX.GI,5915570410.47,59131900,89599990.8,1.515,1.5152564148962,2.942175715
2026-02-10,159513.SZ,大成纳斯达克100ETF(QDII),20230728,纳斯达克100指数,纳斯达克100指数收益率(经汇率调整),大成基金管理有限公司,中国农业银行股份有限公司,跨境型ETF,,NDX.GI,5880053058.75,39143800,59433552.94,1.514,1.518338866947,3.521367521
2026-02-11,159513.SZ,大成纳斯达克100ETF(QDII),20230728,纳斯达克100指数,纳斯达克100指数收益率(经汇率调整),大成基金管理有限公司,中国农业银行股份有限公司,跨境型ETF,,NDX.GI,5896797445.33,46467484,70421614.88,1.515,1.5155030747953,3.321284867
2026-02-12,159513.SZ,大成纳斯达克100ETF(QDII),20230728,纳斯达克100指数,纳斯达克100指数收益率(经汇率调整),大成基金管理有限公司,中国农业银行股份有限公司,跨境型ETF,,NDX.GI,5779598546.88,107584800,162799438.2,1.51,1.5132196946037,5.094654788
2026-02-13,159513.SZ,大成纳斯达克100ETF(QDII),20230728,纳斯达克100指数,纳斯达克100指数收益率(经汇率调整),大成基金管理有限公司,中国农业银行股份有限公司,跨境型ETF,,NDX.GI,5787070670.53,183508851,273758176.84,1.503,1.4917982176238,4.498366127
2026-02-24,159513.SZ,大成纳斯达克100ETF(QDII),20230728,纳斯达克100指数,纳斯达克100指数收益率(经汇率调整),大成基金管理有限公司,中国农业银行股份有限公司,跨境型ETF,,NDX.GI,5845657567.75,108102200,160795246,1.494,1.4874373139492,2.857142857
2026-02-25,159513.SZ,大成纳斯达克100ETF(QDII),20230728,纳斯达克100指数,纳斯达克100指数收益率(经汇率调整),大成基金管理有限公司,中国农业银行股份有限公司,跨境型ETF,,NDX.GI,5921985281.01,155922200,233426757.3,1.493,1.4970719839766,1.488681939
2026-02-26,159513.SZ,大成纳斯达克100ETF(QDII),20230728,纳斯达克100指数,纳斯达克100指数收益率(经汇率调整),大成基金管理有限公司,中国农业银行股份有限公司,跨境型ETF,,NDX.GI,5848159912.84,95836800,144190037.6,1.503,1.5045372716952,3.483888736
2026-02-27,159513.SZ,大成纳斯达克100ETF(QDII),20230728,纳斯达克100指数,纳斯达克100指数收益率(经汇率调整),大成基金管理有限公司,中国农业银行股份有限公司,跨境型ETF,,NDX.GI,5832696606.62,62963800,93852642,1.493,1.4905809687471,3.093495374
2026-03-02,159513.SZ,大成纳斯达克100ETF(QDII),20230728,纳斯达克100指数,纳斯达克100指数收益率(经汇率调整),大成基金管理有限公司,中国农业银行股份有限公司,跨境型ETF,,NDX.GI,5841396195.0,88665000,131243074.8,1.476,1.4802128776857,1.793103448
2026-03-03,159513.SZ,大成纳斯达克100ETF(QDII),20230728,纳斯达克100指数,纳斯达克100指数收益率(经汇率调整),大成基金管理有限公司,中国农业银行股份有限公司,跨境型ETF,,NDX.GI,5768702491.56,69941300,103143111.7,1.466,1.4747096736835,2.40290584
2026-03-04,159513.SZ,大成纳斯达克100ETF(QDII),20230728,纳斯达克100指数,纳斯达克100指数收益率(经汇率调整),大成基金管理有限公司,中国农业银行股份有限公司,跨境型ETF,,NDX.GI,5859612281.58,60933100,88997869.8,1.453,1.4605833249909,-0.055028202
2026-03-05,159513.SZ,大成纳斯达克100ETF(QDII),20230728,纳斯达克100指数,纳斯达克100指数收益率(经汇率调整),大成基金管理有限公司,中国农业银行股份有限公司,跨境型ETF,,NDX.GI,5835667322.25,94308200,139768723.6,1.485,1.4820421087456,2.590673575
2026-03-06,159513.SZ,大成纳斯达克100ETF(QDII),20230728,纳斯达克100指数,纳斯达克100指数收益率(经汇率调整),大成基金管理有限公司,中国农业银行股份有限公司,跨境型ETF,,NDX.GI,5750818271.51,40318400,59765948,1.486,1.4823492003651,4.200266461
2026-03-09,159513.SZ,大成纳斯达克100ETF(QDII),20230728,纳斯达克100指数,纳斯达克100指数收益率(经汇率调整),大成基金管理有限公司,中国农业银行股份有限公司,跨境型ETF,,NDX.GI,5836948902.61,82731789,119554000.23,1.452,1.4450793543217,0.338608251
2026-03-10,159513.SZ,大成纳斯达克100ETF(QDII),20230728,纳斯达克100指数,纳斯达克100指数收益率(经汇率调整),大成基金管理有限公司,中国农业银行股份有限公司,跨境型ETF,,NDX.GI,5823064716.03,76276699,112751650.83,1.478,1.4781925844746,2.404212568
2026-03-11,159513.SZ,大成纳斯达克100ETF(QDII),20230728,纳斯达克100指数,纳斯达克100指数收益率(经汇率调整),大成基金管理有限公司,中国农业银行股份有限公司,跨境型ETF,,NDX.GI,5821683131.66,32209101,47823898.29,1.483,1.4847945706401,2.800499099
2026-03-12,159513.SZ,大成纳斯达克100ETF(QDII),20230728,纳斯达克100指数,纳斯达克100指数收益率(经汇率调整),大成基金管理有限公司,中国农业银行股份有限公司,跨境型ETF,,NDX.GI,5725844898.35,30181300,44516047.7,1.477,1.474954614281,4.124074727
2026-03-13,159513.SZ,大成纳斯达克100ETF(QDII),20230728,纳斯达克100指数,纳斯达克100指数收益率(经汇率调整),大成基金管理有限公司,中国农业银行股份有限公司,跨境型ETF,,NDX.GI,5694963005.55,57913701,84621861.76,1.459,1.4611717140992,3.438496987
2026-03-16,159513.SZ,大成纳斯达克100ETF(QDII),20230728,纳斯达克100指数,纳斯达克100指数收益率(经汇率调整),大成基金管理有限公司,中国农业银行股份有限公司,跨境型ETF,,NDX.GI,5764221130.43,55511201,80910757.95,1.465,1.4575573306367,2.641350802
2026-03-17,159513.SZ,大成纳斯达克100ETF(QDII),20230728,纳斯达克100指数,纳斯达克100指数收益率(经汇率调整),大成基金管理有限公司,中国农业银行股份有限公司,跨境型ETF,,NDX.GI,5787461995.57,68771400,100686517.6,1.455,1.4640754383363,1.55650171
2026-03-18,159513.SZ,大成纳斯达克100ETF(QDII),20230728,纳斯达克100指数,纳斯达克100指数收益率(经汇率调整),大成基金管理有限公司,中国农业银行股份有限公司,跨境型ETF,,NDX.GI,5702022889.92,80717200,118981959.9,1.477,1.4740595548409,4.662698413
2026-03-19,159513.SZ,大成纳斯达克100ETF(QDII),20230728,纳斯达克100指数,纳斯达克100指数收益率(经汇率调整),大成基金管理有限公司,中国农业银行股份有限公司,跨境型ETF,,NDX.GI,5691713597.53,118823344,172762257.25,1.448,1.4539420574631,2.819001633
2026-03-20,159513.SZ,大成纳斯达克100ETF(QDII),20230728,纳斯达克100指数,纳斯达克100指数收益率(经汇率调整),大成基金管理有限公司,中国农业银行股份有限公司,跨境型ETF,,NDX.GI,5580334777.64,56292544,81395993.31,1.438,1.4459462572876,4.172703564
2026-03-23,159513.SZ,大成纳斯达克100ETF(QDII),20230728,纳斯达克100指数,纳斯达克100指数收益率(经汇率调整),大成基金管理有限公司,中国农业银行股份有限公司,跨境型ETF,,NDX.GI,5659755675.27,111654644,156086438.9,1.387,1.3979395151714,-0.907337287
2026-03-24,159513.SZ,大成纳斯达克100ETF(QDII),20230728,纳斯达克100指数,纳斯达克100指数收益率(经汇率调整),大成基金管理有限公司,中国农业银行股份有限公司,跨境型ETF,,NDX.GI,5610194056.61,77581189,108993534.77,1.419,1.4048964210899,2.299762094
2026-03-25,159513.SZ,大成纳斯达克100ETF(QDII),20230728,纳斯达克100指数,纳斯达克100指数收益率(经汇率调整),大成基金管理有限公司,中国农业银行股份有限公司,跨境型ETF,,NDX.GI,5646372878.87,72191700,103257663.2,1.431,1.4303259682207,2.529196819
2026-03-26,159513.SZ,大成纳斯达克100ETF(QDII),20230728,纳斯达克100指数,纳斯达克100指数收益率(经汇率调整),大成基金管理有限公司,中国农业银行股份有限公司,跨境型ETF,,NDX.GI,5523944176.41,48855500,69692752.9,1.42,1.4265078220466,4.021683393
2026-03-27,159513.SZ,大成纳斯达克100ETF(QDII),20230728,纳斯达克100指数,纳斯达克100指数收益率(经汇率调整),大成基金管理有限公司,中国农业银行股份有限公司,跨境型ETF,,NDX.GI,5424930058.73,113865800,159992183.5,1.41,1.4050942732585,5.200328285
2026-03-30,159513.SZ,大成纳斯达克100ETF(QDII),20230728,纳斯达克100指数,纳斯达克100指数收益率(经汇率调整),大成基金管理有限公司,中国农业银行股份有限公司,跨境型ETF,,NDX.GI,5389428561.92,106315188,146633222.83,1.387,1.3792311859525,4.191706731
2026-03-31,159513.SZ,大成纳斯达克100ETF(QDII),20230728,纳斯达克100指数,纳斯达克100指数收益率(经汇率调整),大成基金管理有限公司,中国农业银行股份有限公司,跨境型ETF,,NDX.GI,5571774606.69,73742700,101855164.9,1.378,1.3812236994306,0.152627371
2026-04-01,159513.SZ,大成纳斯达克100ETF(QDII),20230728,纳斯达克100指数,纳斯达克100指数收益率(经汇率调整),大成基金管理有限公司,中国农业银行股份有限公司,跨境型ETF,,NDX.GI,5627022809.72,120786758,171900613.83,1.438,1.4231743336467,3.51281313
2026-04-02,159513.SZ,大成纳斯达克100ETF(QDII),20230728,纳斯达克100指数,纳斯达克100指数收益率(经汇率调整),大成基金管理有限公司,中国农业银行股份有限公司,跨境型ETF,,NDX.GI,5623144995.89,68271400,96873392.4,1.416,1.4189454500713,2.024641545
2026-04-03,159513.SZ,大成纳斯达克100ETF(QDII),20230728,纳斯达克100指数,纳斯达克100指数收益率(经汇率调整),大成基金管理有限公司,中国农业银行股份有限公司,跨境型ETF,,NDX.GI,5626791390.08,39746200,56566450,1.419,1.4231913994294,2.174539171
2026-04-07,159513.SZ,大成纳斯达克100ETF(QDII),20230728,纳斯达克100指数,纳斯达克100指数收益率(经汇率调整),大成基金管理有限公司,中国农业银行股份有限公司,跨境型ETF,,NDX.GI,5658574308.33,46437400,66039490.5,1.42,1.4221186048315,1.697342978
2026-04-08,159513.SZ,大成纳斯达克100ETF(QDII),20230728,纳斯达克100指数,纳斯达克100指数收益率(经汇率调整),大成基金管理有限公司,中国农业银行股份有限公司,跨境型ETF,,NDX.GI,5809546570.12,107160500,158654055.78,1.49,1.4805273937692,3.963159364
2026-04-09,159513.SZ,大成纳斯达克100ETF(QDII),20230728,纳斯达克100指数,纳斯达克100指数收益率(经汇率调整),大成基金管理有限公司,中国农业银行股份有限公司,跨境型ETF,,NDX.GI,5849903441.48,66836300,98690832.4,1.478,1.476605263906,2.439700582
2026-04-10,159513.SZ,大成纳斯达克100ETF(QDII),20230728,纳斯达克100指数,纳斯达克100指数收益率(经汇率调整),大成基金管理有限公司,中国农业银行股份有限公司,跨境型ETF,,NDX.GI,5859457339.68,57584200,85971010.6,1.489,1.4929617950757,3.059246955
2026-04-13,159513.SZ,大成纳斯达克100ETF(QDII),20230728,纳斯达克100指数,纳斯达克100指数收益率(经汇率调整),大成基金管理有限公司,中国农业银行股份有限公司,跨境型ETF,,NDX.GI,5922967340.91,73879200,109247711.3,1.482,1.4787343568961,1.499897267
2026-04-14,159513.SZ,大成纳斯达克100ETF(QDII),20230728,纳斯达克100指数,纳斯达克100指数收益率(经汇率调整),大成基金管理有限公司,中国农业银行股份有限公司,跨境型ETF,,NDX.GI,6025460413.5,43970500,66189435.5,1.507,1.5053145972868,1.481481481
2026-04-15,159513.SZ,大成纳斯达克100ETF(QDII),20230728,纳斯达克100指数,纳斯达克100指数收益率(经汇率调整),大成基金管理有限公司,中国农业银行股份有限公司,跨境型ETF,,NDX.GI,6110551524.96,92655800,142088166.3,1.533,1.5335053639384,1.819872476
2026-04-16,159513.SZ,大成纳斯达克100ETF(QDII),20230728,纳斯达克100指数,纳斯达克100指数收益率(经汇率调整),大成基金管理有限公司,中国农业银行股份有限公司,跨境型ETF,,NDX.GI,6144533517.76,104333301,162814500.57,1.564,1.560522853293,3.329809725
2026-04-17,159513.SZ,大成纳斯达克100ETF(QDII),20230728,纳斯达克100指数,纳斯达克100指数收益率(经汇率调整),大成基金管理有限公司,中国农业银行股份有限公司,跨境型ETF,,NDX.GI,6225227825.21,62052500,96511388.2,1.554,1.5553182901575,1.363250929
2026-04-20,159513.SZ,大成纳斯达克100ETF(QDII),20230728,纳斯达克100指数,纳斯达克100指数收益率(经汇率调整),大成基金管理有限公司,中国农业银行股份有限公司,跨境型ETF,,NDX.GI,6210108573.9,62763703,97748551.06,1.554,1.5574057359235,1.635055592
2026-04-21,159513.SZ,大成纳斯达克100ETF(QDII),20230728,纳斯达克100指数,纳斯达克100指数收益率(经汇率调整),大成基金管理有限公司,中国农业银行股份有限公司,跨境型ETF,,NDX.GI,6181168455.65,46304800,72056211.5,1.558,1.5561283387467,2.398948406
2026-04-22,159513.SZ,大成纳斯达克100ETF(QDII),20230728,纳斯达克100指数,纳斯达克100指数收益率(经汇率调整),大成基金管理有限公司,中国农业银行股份有限公司,跨境型ETF,,NDX.GI,6289967651.89,65348300,101820032.3,1.564,1.5581129470851,1.040118871
2026-04-23,159513.SZ,大成纳斯达克100ETF(QDII),20230728,纳斯达克100指数,纳斯达克100指数收益率(经汇率调整),大成基金管理有限公司,中国农业银行股份有限公司,跨境型ETF,,NDX.GI,6258186249.27,96522840,151546790.14,1.57,1.570061450119,1.967915828
2026-04-24,159513.SZ,大成纳斯达克100ETF(QDII),20230728,纳斯达克100指数,纳斯达克100指数收益率(经汇率调整),大成基金管理有限公司,中国农业银行股份有限公司,跨境型ETF,,NDX.GI,6380879312.45,64624900,101635607.6,1.574,1.572700423521,0.286715514
2026-04-27,159513.SZ,大成纳斯达克100ETF(QDII),20230728,纳斯达克100指数,纳斯达克100指数收益率(经汇率调整),大成基金管理有限公司,中国农业银行股份有限公司,跨境型ETF,,NDX.GI,6371062474.97,82511600,131978224.5,1.603,1.5995111535833,2.316971979
2026-04-28,159513.SZ,大成纳斯达克100ETF(QDII),20230728,纳斯达克100指数,纳斯达克100指数收益率(经汇率调整),大成基金管理有限公司,中国农业银行股份有限公司,跨境型ETF,,NDX.GI,6311615938.47,110348000,177297627.6,1.604,1.6067135571102,3.370496874
2026-04-29,159513.SZ,大成纳斯达克100ETF(QDII),20230728,纳斯达克100指数,纳斯达克100指数收益率(经汇率调整),大成基金管理有限公司,中国农业银行股份有限公司,跨境型ETF,,NDX.GI,6348970870.55,47412900,75789688.8,1.6,1.5985035465032,2.531239987
2026-04-30,159513.SZ,大成纳斯达克100ETF(QDII),20230728,纳斯达克100指数,纳斯达克100指数收益率(经汇率调整),大成基金管理有限公司,中国农业银行股份有限公司,跨境型ETF,,NDX.GI,6413202426.69,87275100,140380289.6,1.607,1.6084804211052,1.973475474
2026-05-06,159513.SZ,大成纳斯达克100ETF(QDII),20230728,纳斯达克100指数,纳斯达克100指数收益率(经汇率调整),大成基金管理有限公司,中国农业银行股份有限公司,跨境型ETF,,NDX.GI,6674119206.16,114714732,189605232.46,1.655,1.6528411752729,1.062530532
2026-05-07,159513.SZ,大成纳斯达克100ETF(QDII),20230728,纳斯达克100指数,纳斯达克100指数收益率(经汇率调整),大成基金管理有限公司,中国农业银行股份有限公司,跨境型ETF,,NDX.GI,6671292003.95,121299600,204428354.2,1.692,1.6853176284176,3.517895381
2026-05-08,159513.SZ,大成纳斯达克100ETF(QDII),20230728,纳斯达克100指数,纳斯达克100指数收益率(经汇率调整),大成基金管理有限公司,中国农业银行股份有限公司,跨境型ETF,,NDX.GI,6831520810.83,107163194,181043529.12,1.698,1.6894189353856,1.597558787
2026-05-11,159513.SZ,大成纳斯达克100ETF(QDII),20230728,纳斯达克100指数,纳斯达克100指数收益率(经汇率调整),大成基金管理有限公司,中国农业银行股份有限公司,跨境型ETF,,NDX.GI,6858741517.05,124720220,216057147.1,1.738,1.7323345572995,3.730229782
2026-05-12,159513.SZ,大成纳斯达克100ETF(QDII),20230728,纳斯达克100指数,纳斯达克100指数收益率(经汇率调整),大成基金管理有限公司,中国农业银行股份有限公司,跨境型ETF,,NDX.GI,6808121190.37,98035900,169206005.8,1.719,1.7259596311147,3.510567833
2026-05-13,159513.SZ,大成纳斯达克100ETF(QDII),20230728,纳斯达克100指数,纳斯达克100指数收益率(经汇率调整),大成基金管理有限公司,中国农业银行股份有限公司,跨境型ETF,,NDX.GI,6889932499.62,96054000,165466448.6,1.735,1.7226398546651,3.384578715
2026-05-14,159513.SZ,大成纳斯达克100ETF(QDII),20230728,纳斯达克100指数,纳斯达克100指数收益率(经汇率调整),大成基金管理有限公司,中国农业银行股份有限公司,跨境型ETF,,NDX.GI,6949751443.73,110194400,192698637.9,1.748,1.7487153421589,3.41359522
2026-05-15,159513.SZ,大成纳斯达克100ETF(QDII),20230728,纳斯达克100指数,纳斯达克100指数收益率(经汇率调整),大成基金管理有限公司,中国农业银行股份有限公司,跨境型ETF,,NDX.GI,6853248722.04,160388681,279804523.31,1.733,1.7445403351749,4.121605383
2026-05-18,159513.SZ,大成纳斯达克100ETF(QDII),20230728,纳斯达克100指数,纳斯达克100指数收益率(经汇率调整),大成基金管理有限公司,中国农业银行股份有限公司,跨境型ETF,,NDX.GI,6838081472.53,122118089,209176864.37,1.705,1.7129064668708,2.816137008
2026-05-19,159513.SZ,大成纳斯达克100ETF(QDII),20230728,纳斯达克100指数,纳斯达克100指数收益率(经汇率调整),大成基金管理有限公司,中国农业银行股份有限公司,跨境型ETF,,NDX.GI,6798889638.24,84367100,142568252.5,1.692,1.6898560280014,2.7696793
2026-05-20,159513.SZ,大成纳斯达克100ETF(QDII),20230728,纳斯达克100指数,纳斯达克100指数收益率(经汇率调整),大成基金管理有限公司,中国农业银行股份有限公司,跨境型ETF,,NDX.GI,6923736303.22,91797600,154505922.8,1.698,1.6831150574743,1.421574483
2026-05-21,159513.SZ,大成纳斯达克100ETF(QDII),20230728,纳斯达克100指数,纳斯达克100指数收益率(经汇率调整),大成基金管理有限公司,中国农业银行股份有限公司,跨境型ETF,,NDX.GI,6936266432.68,98390300,169256966.4,1.716,1.7202607004959,2.459995223
2026-05-22,159513.SZ,大成纳斯达克100ETF(QDII),20230728,纳斯达克100指数,纳斯达克100指数收益率(经汇率调整),大成基金管理有限公司,中国农业银行股份有限公司,跨境型ETF,,NDX.GI,6980325135.3,81949800,142114659.7,1.741,1.7341672548316,3.446226976
2026-05-25,159513.SZ,大成纳斯达克100ETF(QDII),20230728,纳斯达克100指数,纳斯达克100指数收益率(经汇率调整),大成基金管理有限公司,中国农业银行股份有限公司,跨境型ETF,,NDX.GI,6974518566.56,133299616,238421584.3,1.807,1.7886141870056,7.457183635
2026-05-26,159513.SZ,大成纳斯达克100ETF(QDII),20230728,纳斯达克100指数,纳斯达克100指数收益率(经汇率调整),大成基金管理有限公司,中国农业银行股份有限公司,跨境型ETF,,NDX.GI,7101738251.18,89769000,160881049.6,1.784,1.7921671133688,4.339688852
2026-05-27,159513.SZ,大成纳斯达克100ETF(QDII),20230728,纳斯达克100指数,纳斯达克100指数收益率(经汇率调整),大成基金管理有限公司,中国农业银行股份有限公司,跨境型ETF,,NDX.GI,7105757727.53,118158100,214685843.3,1.826,1.8169371655435,6.889890534
2026-05-28,159513.SZ,大成纳斯达克100ETF(QDII),20230728,纳斯达克100指数,纳斯达克100指数收益率(经汇率调整),大成基金管理有限公司,中国农业银行股份有限公司,跨境型ETF,,NDX.GI,7170159665.83,102171500,184752292.98,1.81,1.8082566369291,5.153081973
2026-05-29,159513.SZ,大成纳斯达克100ETF(QDII),20230728,纳斯达克100指数,纳斯达克100指数收益率(经汇率调整),大成基金管理有限公司,中国农业银行股份有限公司,跨境型ETF,,NDX.GI,7198842281.87,103496232,190841066.65,1.857,1.8439421702811,7.608506693
2026-06-01,159513.SZ,大成纳斯达克100ETF(QDII),20230728,纳斯达克100指数,纳斯达克100指数收益率(经汇率调整),大成基金管理有限公司,中国农业银行股份有限公司,跨境型ETF,,NDX.GI,7247629933.59,205136884,390079433.12,1.93,1.9015567825433,11.245604934
2026-06-02,159513.SZ,大成纳斯达克100ETF(QDII),20230728,纳斯达克100指数,纳斯达克100指数收益率(经汇率调整),大成基金管理有限公司,中国农业银行股份有限公司,跨境型ETF,,NDX.GI,7294436210.76,159680907,303866612.84,1.898,1.9029614657687,8.855242028
2026-06-03,159513.SZ,大成纳斯达克100ETF(QDII),20230728,纳斯达克100指数,纳斯达克100指数收益率(经汇率调整),大成基金管理有限公司,中国农业银行股份有限公司,跨境型ETF,,NDX.GI,7283531110.35,122561970,231287429.57,1.872,1.8871060049867,7.67903365
2026-06-04,159513.SZ,大成纳斯达克100ETF(QDII),20230728,纳斯达克100指数,纳斯达克100指数收益率(经汇率调整),大成基金管理有限公司,中国农业银行股份有限公司,跨境型ETF,,NDX.GI,7258299943.0,125111400,229258865,1.831,1.8324378513868,5.838150289
2026-06-05,159513.SZ,大成纳斯达克100ETF(QDII),20230728,纳斯达克100指数,纳斯达克100指数收益率(经汇率调整),大成基金管理有限公司,中国农业银行股份有限公司,跨境型ETF,,NDX.GI,6918270748.06,102461798,185819458.29,1.804,1.8135486778204,9.559091461
2026-06-08,159513.SZ,大成纳斯达克100ETF(QDII),20230728,纳斯达克100指数,纳斯达克100指数收益率(经汇率调整),大成基金管理有限公司,中国农业银行股份有限公司,跨境型ETF,,NDX.GI,7039650399.21,145639800,253886939.9,1.736,1.7432524618957,3.759488375
2026-06-09,159513.SZ,大成纳斯达克100ETF(QDII),20230728,纳斯达克100指数,纳斯达克100指数收益率(经汇率调整),大成基金管理有限公司,中国农业银行股份有限公司,跨境型ETF,,NDX.GI,6965418017.21,151182800,269753163.5,1.802,1.7842847433703,9.007319581
2026-06-10,159513.SZ,大成纳斯达克100ETF(QDII),20230728,纳斯达克100指数,纳斯达克100指数收益率(经汇率调整),大成基金管理有限公司,中国农业银行股份有限公司,跨境型ETF,,NDX.GI,6836091496.91,101196036,179168007.9,1.777,1.7705042112519,9.684587371
2026-06-11,159513.SZ,大成纳斯达克100ETF(QDII),20230728,纳斯达克100指数,纳斯达克100指数收益率(经汇率调整),大成基金管理有限公司,中国农业银行股份有限公司,跨境型ETF,,NDX.GI,7070188754.12,112598100,197628863.6,1.773,1.7551705011008,5.964618695
2026-06-12,159513.SZ,大成纳斯达克100ETF(QDII),20230728,纳斯达克100指数,纳斯达克100指数收益率(经汇率调整),大成基金管理有限公司,中国农业银行股份有限公司,跨境型ETF,,NDX.GI,7121697135.3,141254800,257241234.9,1.799,1.82111499857,6.892453951
2026-06-15,159513.SZ,大成纳斯达克100ETF(QDII),20230728,纳斯达克100指数,纳斯达克100指数收益率(经汇率调整),大成基金管理有限公司,中国农业银行股份有限公司,跨境型ETF,,NDX.GI,7342825080.48,140704000,260250362.2,1.851,1.8496301611894,6.82132964
2026-06-16,159513.SZ,大成纳斯达克100ETF(QDII),20230728,纳斯达克100指数,纳斯达克100指数收益率(经汇率调整),大成基金管理有限公司,中国农业银行股份有限公司,跨境型ETF,,NDX.GI,7215306534.73,152336800,285105791.9,1.867,1.8715490406783,9.804152208
2026-06-17,159513.SZ,大成纳斯达克100ETF(QDII),20230728,纳斯达克100指数,纳斯达克100指数收益率(经汇率调整),大成基金管理有限公司,中国农业银行股份有限公司,跨境型ETF,,NDX.GI,7151991135.3,134155900,248379110.5,1.868,1.8514214469882,10.992275698
2026-06-18,159513.SZ,大成纳斯达克100ETF(QDII),20230728,纳斯达克100指数,纳斯达克100指数收益率(经汇率调整),大成基金管理有限公司,中国农业银行股份有限公司,跨境型ETF,,NDX.GI,7341673307.32,97643558,180794215.56,1.856,1.8515734090722,7.581729655
2026-06-22,159513.SZ,大成纳斯达克100ETF(QDII),20230728,纳斯达克100指数,纳斯达克100指数收益率(经汇率调整),大成基金管理有限公司,中国农业银行股份有限公司,跨境型ETF,,NDX.GI,7340518324.75,91723169,169227363.56,1.851,1.8449794681647,7.460087083
2026-06-23,159513.SZ,大成纳斯达克100ETF(QDII),20230728,纳斯达克100指数,纳斯达克100指数收益率(经汇率调整),大成基金管理有限公司,中国农业银行股份有限公司,跨境型ETF,,NDX.GI,7114857859.52,100415634,181684108.9,1.794,1.8093209360208,7.605566219
2026-06-24,159513.SZ,大成纳斯达克100ETF(QDII),20230728,纳斯达克100指数,纳斯达克100指数收益率(经汇率调整),大成基金管理有限公司,中国农业银行股份有限公司,跨境型ETF,,NDX.GI,7094518860.91,108024000,193758320.17,1.804,1.7936599289973,8.668152521
2026-06-25,159513.SZ,大成纳斯达克100ETF(QDII),20230728,纳斯达克100指数,纳斯达克100指数收益率(经汇率调整),大成基金管理有限公司,中国农业银行股份有限公司,跨境型ETF,,NDX.GI,7162681328.67,107776900,196012224.9,1.824,1.8186849399083,8.980103961
2026-06-26,159513.SZ,大成纳斯达克100ETF(QDII),20230728,纳斯达克100指数,纳斯达克100指数收益率(经汇率调整),大成基金管理有限公司,中国农业银行股份有限公司,跨境型ETF,,NDX.GI,7088726766.31,114781734,203987602.95,1.774,1.7771782655766,7.248654858
2026-06-29,159513.SZ,大成纳斯达克100ETF(QDII),20230728,纳斯达克100指数,纳斯达克100指数收益率(经汇率调整),大成基金管理有限公司,中国农业银行股份有限公司,跨境型ETF,,NDX.GI,7259584457.56,69264825,123104164.35,1.785,1.7772969808268,5.521399858
2026-06-30,159513.SZ,大成纳斯达克100ETF(QDII),20230728,纳斯达克100指数,纳斯达克100指数收益率(经汇率调整),大成基金管理有限公司,中国农业银行股份有限公司,跨境型ETF,,NDX.GI,7384048863.62,87089376,157589199.81,1.813,1.809511183201,5.517401932
2026-07-01,159513.SZ,大成纳斯达克100ETF(QDII),20230728,纳斯达克100指数,纳斯达克100指数收益率(经汇率调整),大成基金管理有限公司,中国农业银行股份有限公司,跨境型ETF,,NDX.GI,7278162237.92,80447200,146659730.5,1.818,1.8230557496097,7.497634816
2026-07-02,159513.SZ,大成纳斯达克100ETF(QDII),20230728,纳斯达克100指数,纳斯达克100指数收益率(经汇率调整),大成基金管理有限公司,中国农业银行股份有限公司,跨境型ETF,,NDX.GI,7170658747.49,86182285,154434347.79,1.77,1.7919500253445,6.376585131
2026-07-03,159513.SZ,大成纳斯达克100ETF(QDII),20230728,纳斯达克100指数,纳斯达克100指数收益率(经汇率调整),大成基金管理有限公司,中国农业银行股份有限公司,跨境型ETF,,NDX.GI,7166780153.3,90014400,159721017.4,1.776,1.7743940680602,6.794948888
2026-07-06,159513.SZ,大成纳斯达克100ETF(QDII),20230728,纳斯达克100指数,纳斯达克100指数收益率(经汇率调整),大成基金管理有限公司,中国农业银行股份有限公司,跨境型ETF,,NDX.GI,7269110904.04,117075200,207235201.4,1.782,1.7701033301673,5.794348136
2026-07-07,159513.SZ,大成纳斯达克100ETF(QDII),20230728,纳斯达克100指数,纳斯达克100指数收益率(经汇率调整),大成基金管理有限公司,中国农业银行股份有限公司,跨境型ETF,,NDX.GI,7152595915.41,96929099,171865471.07,1.774,1.7731050101889,7.18385596
2026-07-08,159513.SZ,大成纳斯达克100ETF(QDII),20230728,纳斯达克100指数,纳斯达克100指数收益率(经汇率调整),大成基金管理有限公司,中国农业银行股份有限公司,跨境型ETF,,NDX.GI,7184597015.82,80137626,141040626.01,1.752,1.7599800873812,5.529454283
2026-07-09,159513.SZ,大成纳斯达克100ETF(QDII),20230728,纳斯达克100指数,纳斯达克100指数收益率(经汇率调整),大成基金管理有限公司,中国农业银行股份有限公司,跨境型ETF,,NDX.GI,7306363782.6,80472700,141972859.05,1.777,1.7642363068469,5.397390273
2026-07-10,159513.SZ,大成纳斯达克100ETF(QDII),20230728,纳斯达克100指数,纳斯达克100指数收益率(经汇率调整),大成基金管理有限公司,中国农业银行股份有限公司,跨境型ETF,,NDX.GI,7336007753.55,58907400,105188920.1,1.779,1.785665639631,5.235137533
2026-07-13,159513.SZ,大成纳斯达克100ETF(QDII),20230728,纳斯达克100指数,纳斯达克100指数收益率(经汇率调整),大成基金管理有限公司,中国农业银行股份有限公司,跨境型ETF,,NDX.GI,7206224072.53,74211884,131261126.43,1.764,1.7687345928315,6.373997467
2026-07-14,159513.SZ,大成纳斯达克100ETF(QDII),20230728,纳斯达克100指数,纳斯达克100指数收益率(经汇率调整),大成基金管理有限公司,中国农业银行股份有限公司,跨境型ETF,,NDX.GI,7296677530.88,80412000,141004092.7,1.767,1.7535205280306,5.379293893
2026-07-15,159513.SZ,大成纳斯达克100ETF(QDII),20230728,纳斯达克100指数,纳斯达克100指数收益率(经汇率调整),大成基金管理有限公司,中国农业银行股份有限公司,跨境型ETF,,NDX.GI,7277542751.91,67854800,120942519.6,1.789,1.7823723539086,7.119334172
2026-07-16,159513.SZ,大成纳斯达克100ETF(QDII),20230728,纳斯达克100指数,纳斯达克100指数收益率(经汇率调整),大成基金管理有限公司,中国农业银行股份有限公司,跨境型ETF,,NDX.GI,7170183881.12,65864904,116823298.72,1.771,1.7736805434348,7.777507303
2026-07-17,159513.SZ,大成纳斯达克100ETF(QDII),20230728,纳斯达克100指数,纳斯达克100指数收益率(经汇率调整),大成基金管理有限公司,中国农业银行股份有限公司,跨境型ETF,,NDX.GI,7074736947.81,92769152,159853506.94,1.713,1.7231321349148,5.799518251
2026-07-20,159513.SZ,大成纳斯达克100ETF(QDII),20230728,纳斯达克100指数,纳斯达克100指数收益率(经汇率调整),大成基金管理有限公司,中国农业银行股份有限公司,跨境型ETF,,NDX.GI,7087514432.18,59498428,102073994.68,1.709,1.7155746481235,5.506852698
2026-07-21,159513.SZ,大成纳斯达克100ETF(QDII),20230728,纳斯达克100指数,纳斯达克100指数收益率(经汇率调整),大成基金管理有限公司,中国农业银行股份有限公司,跨境型ETF,,NDX.GI,7229994169.91,70317400,121659581.7,1.743,1.7301490342362,5.62996182
2026-07-22,159513.SZ,大成纳斯达克100ETF(QDII),20230728,纳斯达克100指数,纳斯达克100指数收益率(经汇率调整),大成基金管理有限公司,中国农业银行股份有限公司,跨境型ETF,,NDX.GI,7203039357.47,77165300,134786478.2,1.737,1.7467239575301,5.804958275
2026-07-23,159513.SZ,大成纳斯达克100ETF(QDII),20230728,纳斯达克100指数,纳斯达克100指数收益率(经汇率调整),大成基金管理有限公司,中国农业银行股份有限公司,跨境型ETF,,NDX.GI,7074492760.82,54530700,94835615.7,1.737,1.7391233873763,7.874798162
2026-07-24,159513.SZ,大成纳斯达克100ETF(QDII),20230728,纳斯达克100指数,纳斯达克100指数收益率(经汇率调整),大成基金管理有限公司,中国农业银行股份有限公司,跨境型ETF,,NDX.GI,7005402031.93,59658418,102132507.6,1.713,1.7119546750301,7.580229856
2026-07-27,159513.SZ,大成纳斯达克100ETF(QDII),20230728,纳斯达克100指数,纳斯达克100指数收益率(经汇率调整),大成基金管理有限公司,中国农业银行股份有限公司,跨境型ETF,,NDX.GI,6989844202.06,62765798,107973945.59,1.728,1.7202672320043,8.912139166
2026-07-28,159513.SZ,大成纳斯达克100ETF(QDII),20230728,纳斯达克100指数,纳斯达克100指数收益率(经汇率调整),大成基金管理有限公司,中国农业银行股份有限公司,跨境型ETF,,NDX.GI,6932308255.74,75851245,127931650.14,1.679,1.6866123969356,6.847397225
2026-07-29,159513.SZ,大成纳斯达克100ETF(QDII),20230728,纳斯达克100指数,纳斯达克100指数收益率(经汇率调整),大成基金管理有限公司,中国农业银行股份有限公司,跨境型ETF,,NDX.GI,6795957535.44,56893118,95406137.3,1.685,1.6769363440408,9.529381175
2026-07-30,159513.SZ,大成纳斯达克100ETF(QDII),20230728,纳斯达克100指数,纳斯达克100指数收益率(经汇率调整),大成基金管理有限公司,中国农业银行股份有限公司,跨境型ETF,,NDX.GI,7032116004.27,93213809,154620315.37,1.657,1.658770487214,4.233503177
2026-07-31,159513.SZ,大成纳斯达克100ETF(QDII),20230728,纳斯达克100指数,纳斯达克100指数收益率(经汇率调整),大成基金管理有限公司,中国农业银行股份有限公司,跨境型ETF,,NDX.GI,7083734920.72,104197391,179301017.97,1.72,1.7207822216009,7.553776888
2026-08-03,159513.SZ,大成纳斯达克100ETF(QDII),20230728,纳斯达克100指数,纳斯达克100指数收益率(经汇率调整),大成基金管理有限公司,中国农业银行股份有限公司,跨境型ETF,,NDX.GI,7218856160.25,61555901,106386189.73,1.73,1.7282858020387,6.298003072
2026-08-04,159513.SZ,大成纳斯达克100ETF(QDII),20230728,纳斯达克100指数,纳斯达克100指数收益率(经汇率调整),大成基金管理有限公司,中国农业银行股份有限公司,跨境型ETF,,NDX.GI,7470685586.2,119254961,210844803.61,1.778,1.768017043836,5.707491082
2026-08-05,159513.SZ,大成纳斯达克100ETF(QDII),20230728,纳斯达克100指数,纳斯达克100指数收益率(经汇率调整),大成基金管理有限公司,中国农业银行股份有限公司,跨境型ETF,,NDX.GI,7416288124.25,185385614,340621737.4,1.843,1.8373687690783,10.524737631
2026-08-06,159513.SZ,大成纳斯达克100ETF(QDII),20230728,纳斯达克100指数,纳斯达克100指数收益率(经汇率调整),大成基金管理有限公司,中国农业银行股份有限公司,跨境型ETF,,NDX.GI,7397790410.01,152877700,277028990.6,1.814,1.812095489401,9.204743844
2026-08-07,159513.SZ,大成纳斯达克100ETF(QDII),20230728,纳斯达克100指数,纳斯达克100指数收益率(经汇率调整),大成基金管理有限公司,中国农业银行股份有限公司,跨境型ETF,,NDX.GI,7496056082.19,108455500,196677793,1.824,1.8134423150509,8.513296448
2026-08-10,159513.SZ,大成纳斯达克100ETF(QDII),20230728,纳斯达克100指数,纳斯达克100指数收益率(经汇率调整),大成基金管理有限公司,中国农业银行股份有限公司,跨境型ETF,,NDX.GI,7478901632.68,121419448,223202088.07,1.832,1.8382729599463,9.386195367
2026-08-11,159513.SZ,大成纳斯达克100ETF(QDII),20230728,纳斯达克100指数,纳斯达克100指数收益率(经汇率调整),大成基金管理有限公司,中国农业银行股份有限公司,跨境型ETF,,NDX.GI,7465251222.45,82934100,150590291.9,1.805,1.815782553859,8.116202456
2026-08-12,159513.SZ,大成纳斯达克100ETF(QDII),20230728,纳斯达克100指数,纳斯达克100指数收益率(经汇率调整),大成基金管理有限公司,中国农业银行股份有限公司,跨境型ETF,,NDX.GI,7528551056.74,62706630,113302819.07,1.814,1.8068714435778,7.886285238
2026-08-13,159513.SZ,大成纳斯达克100ETF(QDII),20230728,纳斯达克100指数,纳斯达克100指数收益率(经汇率调整),大成基金管理有限公司,中国农业银行股份有限公司,跨境型ETF,,NDX.GI,7625171954.37,68534900,124847183.8,1.822,1.821658509752,7.132357265
2026-08-14,159513.SZ,大成纳斯达克100ETF(QDII),20230728,纳斯达克100指数,纳斯达克100指数收益率(经汇率调整),大成基金管理有限公司,中国农业银行股份有限公司,跨境型ETF,,NDX.GI,7624601236.53,143990209,265301736.5,1.847,1.8424984472382,8.755814638
2026-08-17,159513.SZ,大成纳斯达克100ETF(QDII),20230728,纳斯达克100指数,纳斯达克100指数收益率(经汇率调整),大成基金管理有限公司,中国农业银行股份有限公司,跨境型ETF,,NDX.GI,7620854834.32,87376900,161689691.2,1.855,1.8504855539622,9.426616328
2026-08-18,159513.SZ,大成纳斯达克100ETF(QDII),20230728,纳斯达克100指数,纳斯达克100指数收益率(经汇率调整),大成基金管理有限公司,中国农业银行股份有限公司,跨境型ETF,,NDX.GI,7505432814.43,92811986,170005461.83,1.826,1.831718823795,9.518383014
2026-08-19,159513.SZ,大成纳斯达克100ETF(QDII),20230728,纳斯达克100指数,纳斯达克100指数收益率(经汇率调整),大成基金管理有限公司,中国农业银行股份有限公司,跨境型ETF,,NDX.GI,7493800378.75,152300062,272432991.55,1.789,1.7887910744908,7.609022556
2026-08-20,159513.SZ,大成纳斯达克100ETF(QDII),20230728,纳斯达克100指数,纳斯达克100指数收益率(经汇率调整),大成基金管理有限公司,中国农业银行股份有限公司,跨境型ETF,,NDX.GI,7445550595.36,71217300,128486206.1,1.803,1.8041431800981,9.299224054
2026-08-21,159513.SZ,大成纳斯达克100ETF(QDII),20230728,纳斯达克100指数,纳斯达克100指数收益率(经汇率调整),大成基金管理有限公司,中国农业银行股份有限公司,跨境型ETF,,NDX.GI,7480757670.32,84926794,151527898.53,1.792,1.7842178115189,8.264862252
2026-08-24,159513.SZ,大成纳斯达克100ETF(QDII),20230728,纳斯达克100指数,纳斯达克100指数收益率(经汇率调整),大成基金管理有限公司,中国农业银行股份有限公司,跨境型ETF,,NDX.GI,7419637749.45,91460606,162745609.56,1.77,1.7794066394006,7.959743824
2026-08-25,159513.SZ,大成纳斯达克100ETF(QDII),20230728,纳斯达克100指数,纳斯达克100指数收益率(经汇率调整),大成基金管理有限公司,中国农业银行股份有限公司,跨境型ETF,,NDX.GI,7429474749.45,156414400,278114322.1,1.789,1.7780608569288,9.11863373
