日期,代码,名称,上市日期,对标指数,benchmark,管理人,托管人,类别大类,类别细类,对标指数代码,规模,成交量,成交额,收盘价,VWAP,溢价率
2021-01-04,159782.SZ,双创50,20210707,中证科创创业50指数,中证科创创业50指数收益率,银华基金管理股份有限公司,招商银行股份有限公司,股票型ETF,规模指数ETF,931643.CSI,,,,,,
2021-01-05,159782.SZ,双创50,20210707,中证科创创业50指数,中证科创创业50指数收益率,银华基金管理股份有限公司,招商银行股份有限公司,股票型ETF,规模指数ETF,931643.CSI,,,,,,
2021-01-06,159782.SZ,双创50,20210707,中证科创创业50指数,中证科创创业50指数收益率,银华基金管理股份有限公司,招商银行股份有限公司,股票型ETF,规模指数ETF,931643.CSI,,,,,,
2021-01-07,159782.SZ,双创50,20210707,中证科创创业50指数,中证科创创业50指数收益率,银华基金管理股份有限公司,招商银行股份有限公司,股票型ETF,规模指数ETF,931643.CSI,,,,,,
2021-01-08,159782.SZ,双创50,20210707,中证科创创业50指数,中证科创创业50指数收益率,银华基金管理股份有限公司,招商银行股份有限公司,股票型ETF,规模指数ETF,931643.CSI,,,,,,
2021-01-11,159782.SZ,双创50,20210707,中证科创创业50指数,中证科创创业50指数收益率,银华基金管理股份有限公司,招商银行股份有限公司,股票型ETF,规模指数ETF,931643.CSI,,,,,,
2021-01-12,159782.SZ,双创50,20210707,中证科创创业50指数,中证科创创业50指数收益率,银华基金管理股份有限公司,招商银行股份有限公司,股票型ETF,规模指数ETF,931643.CSI,,,,,,
2021-01-13,159782.SZ,双创50,20210707,中证科创创业50指数,中证科创创业50指数收益率,银华基金管理股份有限公司,招商银行股份有限公司,股票型ETF,规模指数ETF,931643.CSI,,,,,,
2021-01-14,159782.SZ,双创50,20210707,中证科创创业50指数,中证科创创业50指数收益率,银华基金管理股份有限公司,招商银行股份有限公司,股票型ETF,规模指数ETF,931643.CSI,,,,,,
2021-01-15,159782.SZ,双创50,20210707,中证科创创业50指数,中证科创创业50指数收益率,银华基金管理股份有限公司,招商银行股份有限公司,股票型ETF,规模指数ETF,931643.CSI,,,,,,
2021-01-18,159782.SZ,双创50,20210707,中证科创创业50指数,中证科创创业50指数收益率,银华基金管理股份有限公司,招商银行股份有限公司,股票型ETF,规模指数ETF,931643.CSI,,,,,,
2021-01-19,159782.SZ,双创50,20210707,中证科创创业50指数,中证科创创业50指数收益率,银华基金管理股份有限公司,招商银行股份有限公司,股票型ETF,规模指数ETF,931643.CSI,,,,,,
2021-01-20,159782.SZ,双创50,20210707,中证科创创业50指数,中证科创创业50指数收益率,银华基金管理股份有限公司,招商银行股份有限公司,股票型ETF,规模指数ETF,931643.CSI,,,,,,
2021-01-21,159782.SZ,双创50,20210707,中证科创创业50指数,中证科创创业50指数收益率,银华基金管理股份有限公司,招商银行股份有限公司,股票型ETF,规模指数ETF,931643.CSI,,,,,,
2021-01-22,159782.SZ,双创50,20210707,中证科创创业50指数,中证科创创业50指数收益率,银华基金管理股份有限公司,招商银行股份有限公司,股票型ETF,规模指数ETF,931643.CSI,,,,,,
2021-01-25,159782.SZ,双创50,20210707,中证科创创业50指数,中证科创创业50指数收益率,银华基金管理股份有限公司,招商银行股份有限公司,股票型ETF,规模指数ETF,931643.CSI,,,,,,
2021-01-26,159782.SZ,双创50,20210707,中证科创创业50指数,中证科创创业50指数收益率,银华基金管理股份有限公司,招商银行股份有限公司,股票型ETF,规模指数ETF,931643.CSI,,,,,,
2021-01-27,159782.SZ,双创50,20210707,中证科创创业50指数,中证科创创业50指数收益率,银华基金管理股份有限公司,招商银行股份有限公司,股票型ETF,规模指数ETF,931643.CSI,,,,,,
2021-01-28,159782.SZ,双创50,20210707,中证科创创业50指数,中证科创创业50指数收益率,银华基金管理股份有限公司,招商银行股份有限公司,股票型ETF,规模指数ETF,931643.CSI,,,,,,
2021-01-29,159782.SZ,双创50,20210707,中证科创创业50指数,中证科创创业50指数收益率,银华基金管理股份有限公司,招商银行股份有限公司,股票型ETF,规模指数ETF,931643.CSI,,,,,,
2021-02-01,159782.SZ,双创50,20210707,中证科创创业50指数,中证科创创业50指数收益率,银华基金管理股份有限公司,招商银行股份有限公司,股票型ETF,规模指数ETF,931643.CSI,,,,,,
2021-02-02,159782.SZ,双创50,20210707,中证科创创业50指数,中证科创创业50指数收益率,银华基金管理股份有限公司,招商银行股份有限公司,股票型ETF,规模指数ETF,931643.CSI,,,,,,
2021-02-03,159782.SZ,双创50,20210707,中证科创创业50指数,中证科创创业50指数收益率,银华基金管理股份有限公司,招商银行股份有限公司,股票型ETF,规模指数ETF,931643.CSI,,,,,,
2021-02-04,159782.SZ,双创50,20210707,中证科创创业50指数,中证科创创业50指数收益率,银华基金管理股份有限公司,招商银行股份有限公司,股票型ETF,规模指数ETF,931643.CSI,,,,,,
2021-02-05,159782.SZ,双创50,20210707,中证科创创业50指数,中证科创创业50指数收益率,银华基金管理股份有限公司,招商银行股份有限公司,股票型ETF,规模指数ETF,931643.CSI,,,,,,
2021-02-08,159782.SZ,双创50,20210707,中证科创创业50指数,中证科创创业50指数收益率,银华基金管理股份有限公司,招商银行股份有限公司,股票型ETF,规模指数ETF,931643.CSI,,,,,,
2021-02-09,159782.SZ,双创50,20210707,中证科创创业50指数,中证科创创业50指数收益率,银华基金管理股份有限公司,招商银行股份有限公司,股票型ETF,规模指数ETF,931643.CSI,,,,,,
2021-02-10,159782.SZ,双创50,20210707,中证科创创业50指数,中证科创创业50指数收益率,银华基金管理股份有限公司,招商银行股份有限公司,股票型ETF,规模指数ETF,931643.CSI,,,,,,
2021-02-18,159782.SZ,双创50,20210707,中证科创创业50指数,中证科创创业50指数收益率,银华基金管理股份有限公司,招商银行股份有限公司,股票型ETF,规模指数ETF,931643.CSI,,,,,,
2021-02-19,159782.SZ,双创50,20210707,中证科创创业50指数,中证科创创业50指数收益率,银华基金管理股份有限公司,招商银行股份有限公司,股票型ETF,规模指数ETF,931643.CSI,,,,,,
2021-02-22,159782.SZ,双创50,20210707,中证科创创业50指数,中证科创创业50指数收益率,银华基金管理股份有限公司,招商银行股份有限公司,股票型ETF,规模指数ETF,931643.CSI,,,,,,
2021-02-23,159782.SZ,双创50,20210707,中证科创创业50指数,中证科创创业50指数收益率,银华基金管理股份有限公司,招商银行股份有限公司,股票型ETF,规模指数ETF,931643.CSI,,,,,,
2021-02-24,159782.SZ,双创50,20210707,中证科创创业50指数,中证科创创业50指数收益率,银华基金管理股份有限公司,招商银行股份有限公司,股票型ETF,规模指数ETF,931643.CSI,,,,,,
2021-02-25,159782.SZ,双创50,20210707,中证科创创业50指数,中证科创创业50指数收益率,银华基金管理股份有限公司,招商银行股份有限公司,股票型ETF,规模指数ETF,931643.CSI,,,,,,
2021-02-26,159782.SZ,双创50,20210707,中证科创创业50指数,中证科创创业50指数收益率,银华基金管理股份有限公司,招商银行股份有限公司,股票型ETF,规模指数ETF,931643.CSI,,,,,,
2021-03-01,159782.SZ,双创50,20210707,中证科创创业50指数,中证科创创业50指数收益率,银华基金管理股份有限公司,招商银行股份有限公司,股票型ETF,规模指数ETF,931643.CSI,,,,,,
2021-03-02,159782.SZ,双创50,20210707,中证科创创业50指数,中证科创创业50指数收益率,银华基金管理股份有限公司,招商银行股份有限公司,股票型ETF,规模指数ETF,931643.CSI,,,,,,
2021-03-03,159782.SZ,双创50,20210707,中证科创创业50指数,中证科创创业50指数收益率,银华基金管理股份有限公司,招商银行股份有限公司,股票型ETF,规模指数ETF,931643.CSI,,,,,,
2021-03-04,159782.SZ,双创50,20210707,中证科创创业50指数,中证科创创业50指数收益率,银华基金管理股份有限公司,招商银行股份有限公司,股票型ETF,规模指数ETF,931643.CSI,,,,,,
2021-03-05,159782.SZ,双创50,20210707,中证科创创业50指数,中证科创创业50指数收益率,银华基金管理股份有限公司,招商银行股份有限公司,股票型ETF,规模指数ETF,931643.CSI,,,,,,
2021-03-08,159782.SZ,双创50,20210707,中证科创创业50指数,中证科创创业50指数收益率,银华基金管理股份有限公司,招商银行股份有限公司,股票型ETF,规模指数ETF,931643.CSI,,,,,,
2021-03-09,159782.SZ,双创50,20210707,中证科创创业50指数,中证科创创业50指数收益率,银华基金管理股份有限公司,招商银行股份有限公司,股票型ETF,规模指数ETF,931643.CSI,,,,,,
2021-03-10,159782.SZ,双创50,20210707,中证科创创业50指数,中证科创创业50指数收益率,银华基金管理股份有限公司,招商银行股份有限公司,股票型ETF,规模指数ETF,931643.CSI,,,,,,
2021-03-11,159782.SZ,双创50,20210707,中证科创创业50指数,中证科创创业50指数收益率,银华基金管理股份有限公司,招商银行股份有限公司,股票型ETF,规模指数ETF,931643.CSI,,,,,,
2021-03-12,159782.SZ,双创50,20210707,中证科创创业50指数,中证科创创业50指数收益率,银华基金管理股份有限公司,招商银行股份有限公司,股票型ETF,规模指数ETF,931643.CSI,,,,,,
2021-03-15,159782.SZ,双创50,20210707,中证科创创业50指数,中证科创创业50指数收益率,银华基金管理股份有限公司,招商银行股份有限公司,股票型ETF,规模指数ETF,931643.CSI,,,,,,
2021-03-16,159782.SZ,双创50,20210707,中证科创创业50指数,中证科创创业50指数收益率,银华基金管理股份有限公司,招商银行股份有限公司,股票型ETF,规模指数ETF,931643.CSI,,,,,,
2021-03-17,159782.SZ,双创50,20210707,中证科创创业50指数,中证科创创业50指数收益率,银华基金管理股份有限公司,招商银行股份有限公司,股票型ETF,规模指数ETF,931643.CSI,,,,,,
2021-03-18,159782.SZ,双创50,20210707,中证科创创业50指数,中证科创创业50指数收益率,银华基金管理股份有限公司,招商银行股份有限公司,股票型ETF,规模指数ETF,931643.CSI,,,,,,
2021-03-19,159782.SZ,双创50,20210707,中证科创创业50指数,中证科创创业50指数收益率,银华基金管理股份有限公司,招商银行股份有限公司,股票型ETF,规模指数ETF,931643.CSI,,,,,,
2021-03-22,159782.SZ,双创50,20210707,中证科创创业50指数,中证科创创业50指数收益率,银华基金管理股份有限公司,招商银行股份有限公司,股票型ETF,规模指数ETF,931643.CSI,,,,,,
2021-03-23,159782.SZ,双创50,20210707,中证科创创业50指数,中证科创创业50指数收益率,银华基金管理股份有限公司,招商银行股份有限公司,股票型ETF,规模指数ETF,931643.CSI,,,,,,
2021-03-24,159782.SZ,双创50,20210707,中证科创创业50指数,中证科创创业50指数收益率,银华基金管理股份有限公司,招商银行股份有限公司,股票型ETF,规模指数ETF,931643.CSI,,,,,,
2021-03-25,159782.SZ,双创50,20210707,中证科创创业50指数,中证科创创业50指数收益率,银华基金管理股份有限公司,招商银行股份有限公司,股票型ETF,规模指数ETF,931643.CSI,,,,,,
2021-03-26,159782.SZ,双创50,20210707,中证科创创业50指数,中证科创创业50指数收益率,银华基金管理股份有限公司,招商银行股份有限公司,股票型ETF,规模指数ETF,931643.CSI,,,,,,
2021-03-29,159782.SZ,双创50,20210707,中证科创创业50指数,中证科创创业50指数收益率,银华基金管理股份有限公司,招商银行股份有限公司,股票型ETF,规模指数ETF,931643.CSI,,,,,,
2021-03-30,159782.SZ,双创50,20210707,中证科创创业50指数,中证科创创业50指数收益率,银华基金管理股份有限公司,招商银行股份有限公司,股票型ETF,规模指数ETF,931643.CSI,,,,,,
2021-03-31,159782.SZ,双创50,20210707,中证科创创业50指数,中证科创创业50指数收益率,银华基金管理股份有限公司,招商银行股份有限公司,股票型ETF,规模指数ETF,931643.CSI,,,,,,
2021-04-01,159782.SZ,双创50,20210707,中证科创创业50指数,中证科创创业50指数收益率,银华基金管理股份有限公司,招商银行股份有限公司,股票型ETF,规模指数ETF,931643.CSI,,,,,,
2021-04-02,159782.SZ,双创50,20210707,中证科创创业50指数,中证科创创业50指数收益率,银华基金管理股份有限公司,招商银行股份有限公司,股票型ETF,规模指数ETF,931643.CSI,,,,,,
2021-04-06,159782.SZ,双创50,20210707,中证科创创业50指数,中证科创创业50指数收益率,银华基金管理股份有限公司,招商银行股份有限公司,股票型ETF,规模指数ETF,931643.CSI,,,,,,
2021-04-07,159782.SZ,双创50,20210707,中证科创创业50指数,中证科创创业50指数收益率,银华基金管理股份有限公司,招商银行股份有限公司,股票型ETF,规模指数ETF,931643.CSI,,,,,,
2021-04-08,159782.SZ,双创50,20210707,中证科创创业50指数,中证科创创业50指数收益率,银华基金管理股份有限公司,招商银行股份有限公司,股票型ETF,规模指数ETF,931643.CSI,,,,,,
2021-04-09,159782.SZ,双创50,20210707,中证科创创业50指数,中证科创创业50指数收益率,银华基金管理股份有限公司,招商银行股份有限公司,股票型ETF,规模指数ETF,931643.CSI,,,,,,
2021-04-12,159782.SZ,双创50,20210707,中证科创创业50指数,中证科创创业50指数收益率,银华基金管理股份有限公司,招商银行股份有限公司,股票型ETF,规模指数ETF,931643.CSI,,,,,,
2021-04-13,159782.SZ,双创50,20210707,中证科创创业50指数,中证科创创业50指数收益率,银华基金管理股份有限公司,招商银行股份有限公司,股票型ETF,规模指数ETF,931643.CSI,,,,,,
2021-04-14,159782.SZ,双创50,20210707,中证科创创业50指数,中证科创创业50指数收益率,银华基金管理股份有限公司,招商银行股份有限公司,股票型ETF,规模指数ETF,931643.CSI,,,,,,
2021-04-15,159782.SZ,双创50,20210707,中证科创创业50指数,中证科创创业50指数收益率,银华基金管理股份有限公司,招商银行股份有限公司,股票型ETF,规模指数ETF,931643.CSI,,,,,,
2021-04-16,159782.SZ,双创50,20210707,中证科创创业50指数,中证科创创业50指数收益率,银华基金管理股份有限公司,招商银行股份有限公司,股票型ETF,规模指数ETF,931643.CSI,,,,,,
2021-04-19,159782.SZ,双创50,20210707,中证科创创业50指数,中证科创创业50指数收益率,银华基金管理股份有限公司,招商银行股份有限公司,股票型ETF,规模指数ETF,931643.CSI,,,,,,
2021-04-20,159782.SZ,双创50,20210707,中证科创创业50指数,中证科创创业50指数收益率,银华基金管理股份有限公司,招商银行股份有限公司,股票型ETF,规模指数ETF,931643.CSI,,,,,,
2021-04-21,159782.SZ,双创50,20210707,中证科创创业50指数,中证科创创业50指数收益率,银华基金管理股份有限公司,招商银行股份有限公司,股票型ETF,规模指数ETF,931643.CSI,,,,,,
2021-04-22,159782.SZ,双创50,20210707,中证科创创业50指数,中证科创创业50指数收益率,银华基金管理股份有限公司,招商银行股份有限公司,股票型ETF,规模指数ETF,931643.CSI,,,,,,
2021-04-23,159782.SZ,双创50,20210707,中证科创创业50指数,中证科创创业50指数收益率,银华基金管理股份有限公司,招商银行股份有限公司,股票型ETF,规模指数ETF,931643.CSI,,,,,,
2021-04-26,159782.SZ,双创50,20210707,中证科创创业50指数,中证科创创业50指数收益率,银华基金管理股份有限公司,招商银行股份有限公司,股票型ETF,规模指数ETF,931643.CSI,,,,,,
2021-04-27,159782.SZ,双创50,20210707,中证科创创业50指数,中证科创创业50指数收益率,银华基金管理股份有限公司,招商银行股份有限公司,股票型ETF,规模指数ETF,931643.CSI,,,,,,
2021-04-28,159782.SZ,双创50,20210707,中证科创创业50指数,中证科创创业50指数收益率,银华基金管理股份有限公司,招商银行股份有限公司,股票型ETF,规模指数ETF,931643.CSI,,,,,,
2021-04-29,159782.SZ,双创50,20210707,中证科创创业50指数,中证科创创业50指数收益率,银华基金管理股份有限公司,招商银行股份有限公司,股票型ETF,规模指数ETF,931643.CSI,,,,,,
2021-04-30,159782.SZ,双创50,20210707,中证科创创业50指数,中证科创创业50指数收益率,银华基金管理股份有限公司,招商银行股份有限公司,股票型ETF,规模指数ETF,931643.CSI,,,,,,
2021-05-06,159782.SZ,双创50,20210707,中证科创创业50指数,中证科创创业50指数收益率,银华基金管理股份有限公司,招商银行股份有限公司,股票型ETF,规模指数ETF,931643.CSI,,,,,,
2021-05-07,159782.SZ,双创50,20210707,中证科创创业50指数,中证科创创业50指数收益率,银华基金管理股份有限公司,招商银行股份有限公司,股票型ETF,规模指数ETF,931643.CSI,,,,,,
2021-05-10,159782.SZ,双创50,20210707,中证科创创业50指数,中证科创创业50指数收益率,银华基金管理股份有限公司,招商银行股份有限公司,股票型ETF,规模指数ETF,931643.CSI,,,,,,
2021-05-11,159782.SZ,双创50,20210707,中证科创创业50指数,中证科创创业50指数收益率,银华基金管理股份有限公司,招商银行股份有限公司,股票型ETF,规模指数ETF,931643.CSI,,,,,,
2021-05-12,159782.SZ,双创50,20210707,中证科创创业50指数,中证科创创业50指数收益率,银华基金管理股份有限公司,招商银行股份有限公司,股票型ETF,规模指数ETF,931643.CSI,,,,,,
2021-05-13,159782.SZ,双创50,20210707,中证科创创业50指数,中证科创创业50指数收益率,银华基金管理股份有限公司,招商银行股份有限公司,股票型ETF,规模指数ETF,931643.CSI,,,,,,
2021-05-14,159782.SZ,双创50,20210707,中证科创创业50指数,中证科创创业50指数收益率,银华基金管理股份有限公司,招商银行股份有限公司,股票型ETF,规模指数ETF,931643.CSI,,,,,,
2021-05-17,159782.SZ,双创50,20210707,中证科创创业50指数,中证科创创业50指数收益率,银华基金管理股份有限公司,招商银行股份有限公司,股票型ETF,规模指数ETF,931643.CSI,,,,,,
2021-05-18,159782.SZ,双创50,20210707,中证科创创业50指数,中证科创创业50指数收益率,银华基金管理股份有限公司,招商银行股份有限公司,股票型ETF,规模指数ETF,931643.CSI,,,,,,
2021-05-19,159782.SZ,双创50,20210707,中证科创创业50指数,中证科创创业50指数收益率,银华基金管理股份有限公司,招商银行股份有限公司,股票型ETF,规模指数ETF,931643.CSI,,,,,,
2021-05-20,159782.SZ,双创50,20210707,中证科创创业50指数,中证科创创业50指数收益率,银华基金管理股份有限公司,招商银行股份有限公司,股票型ETF,规模指数ETF,931643.CSI,,,,,,
2021-05-21,159782.SZ,双创50,20210707,中证科创创业50指数,中证科创创业50指数收益率,银华基金管理股份有限公司,招商银行股份有限公司,股票型ETF,规模指数ETF,931643.CSI,,,,,,
2021-05-24,159782.SZ,双创50,20210707,中证科创创业50指数,中证科创创业50指数收益率,银华基金管理股份有限公司,招商银行股份有限公司,股票型ETF,规模指数ETF,931643.CSI,,,,,,
2021-05-25,159782.SZ,双创50,20210707,中证科创创业50指数,中证科创创业50指数收益率,银华基金管理股份有限公司,招商银行股份有限公司,股票型ETF,规模指数ETF,931643.CSI,,,,,,
2021-05-26,159782.SZ,双创50,20210707,中证科创创业50指数,中证科创创业50指数收益率,银华基金管理股份有限公司,招商银行股份有限公司,股票型ETF,规模指数ETF,931643.CSI,,,,,,
2021-05-27,159782.SZ,双创50,20210707,中证科创创业50指数,中证科创创业50指数收益率,银华基金管理股份有限公司,招商银行股份有限公司,股票型ETF,规模指数ETF,931643.CSI,,,,,,
2021-05-28,159782.SZ,双创50,20210707,中证科创创业50指数,中证科创创业50指数收益率,银华基金管理股份有限公司,招商银行股份有限公司,股票型ETF,规模指数ETF,931643.CSI,,,,,,
2021-05-31,159782.SZ,双创50,20210707,中证科创创业50指数,中证科创创业50指数收益率,银华基金管理股份有限公司,招商银行股份有限公司,股票型ETF,规模指数ETF,931643.CSI,,,,,,
2021-06-01,159782.SZ,双创50,20210707,中证科创创业50指数,中证科创创业50指数收益率,银华基金管理股份有限公司,招商银行股份有限公司,股票型ETF,规模指数ETF,931643.CSI,,,,,,
2021-06-02,159782.SZ,双创50,20210707,中证科创创业50指数,中证科创创业50指数收益率,银华基金管理股份有限公司,招商银行股份有限公司,股票型ETF,规模指数ETF,931643.CSI,,,,,,
2021-06-03,159782.SZ,双创50,20210707,中证科创创业50指数,中证科创创业50指数收益率,银华基金管理股份有限公司,招商银行股份有限公司,股票型ETF,规模指数ETF,931643.CSI,,,,,,
2021-06-04,159782.SZ,双创50,20210707,中证科创创业50指数,中证科创创业50指数收益率,银华基金管理股份有限公司,招商银行股份有限公司,股票型ETF,规模指数ETF,931643.CSI,,,,,,
2021-06-07,159782.SZ,双创50,20210707,中证科创创业50指数,中证科创创业50指数收益率,银华基金管理股份有限公司,招商银行股份有限公司,股票型ETF,规模指数ETF,931643.CSI,,,,,,
2021-06-08,159782.SZ,双创50,20210707,中证科创创业50指数,中证科创创业50指数收益率,银华基金管理股份有限公司,招商银行股份有限公司,股票型ETF,规模指数ETF,931643.CSI,,,,,,
2021-06-09,159782.SZ,双创50,20210707,中证科创创业50指数,中证科创创业50指数收益率,银华基金管理股份有限公司,招商银行股份有限公司,股票型ETF,规模指数ETF,931643.CSI,,,,,,
2021-06-10,159782.SZ,双创50,20210707,中证科创创业50指数,中证科创创业50指数收益率,银华基金管理股份有限公司,招商银行股份有限公司,股票型ETF,规模指数ETF,931643.CSI,,,,,,
2021-06-11,159782.SZ,双创50,20210707,中证科创创业50指数,中证科创创业50指数收益率,银华基金管理股份有限公司,招商银行股份有限公司,股票型ETF,规模指数ETF,931643.CSI,,,,,,
2021-06-15,159782.SZ,双创50,20210707,中证科创创业50指数,中证科创创业50指数收益率,银华基金管理股份有限公司,招商银行股份有限公司,股票型ETF,规模指数ETF,931643.CSI,,,,,,
2021-06-16,159782.SZ,双创50,20210707,中证科创创业50指数,中证科创创业50指数收益率,银华基金管理股份有限公司,招商银行股份有限公司,股票型ETF,规模指数ETF,931643.CSI,,,,,,
2021-06-17,159782.SZ,双创50,20210707,中证科创创业50指数,中证科创创业50指数收益率,银华基金管理股份有限公司,招商银行股份有限公司,股票型ETF,规模指数ETF,931643.CSI,,,,,,
2021-06-18,159782.SZ,双创50,20210707,中证科创创业50指数,中证科创创业50指数收益率,银华基金管理股份有限公司,招商银行股份有限公司,股票型ETF,规模指数ETF,931643.CSI,,,,,,
2021-06-21,159782.SZ,双创50,20210707,中证科创创业50指数,中证科创创业50指数收益率,银华基金管理股份有限公司,招商银行股份有限公司,股票型ETF,规模指数ETF,931643.CSI,,,,,,
2021-06-22,159782.SZ,双创50,20210707,中证科创创业50指数,中证科创创业50指数收益率,银华基金管理股份有限公司,招商银行股份有限公司,股票型ETF,规模指数ETF,931643.CSI,,,,,,
2021-06-23,159782.SZ,双创50,20210707,中证科创创业50指数,中证科创创业50指数收益率,银华基金管理股份有限公司,招商银行股份有限公司,股票型ETF,规模指数ETF,931643.CSI,,,,,,
2021-06-24,159782.SZ,双创50,20210707,中证科创创业50指数,中证科创创业50指数收益率,银华基金管理股份有限公司,招商银行股份有限公司,股票型ETF,规模指数ETF,931643.CSI,,,,,,
2021-06-25,159782.SZ,双创50,20210707,中证科创创业50指数,中证科创创业50指数收益率,银华基金管理股份有限公司,招商银行股份有限公司,股票型ETF,规模指数ETF,931643.CSI,,,,,,
2021-06-28,159782.SZ,双创50,20210707,中证科创创业50指数,中证科创创业50指数收益率,银华基金管理股份有限公司,招商银行股份有限公司,股票型ETF,规模指数ETF,931643.CSI,,,,,,
2021-06-29,159782.SZ,双创50,20210707,中证科创创业50指数,中证科创创业50指数收益率,银华基金管理股份有限公司,招商银行股份有限公司,股票型ETF,规模指数ETF,931643.CSI,1236190267.0,,,,,
2021-06-30,159782.SZ,双创50,20210707,中证科创创业50指数,中证科创创业50指数收益率,银华基金管理股份有限公司,招商银行股份有限公司,股票型ETF,规模指数ETF,931643.CSI,1236190267.0,,,,,
2021-07-01,159782.SZ,双创50,20210707,中证科创创业50指数,中证科创创业50指数收益率,银华基金管理股份有限公司,招商银行股份有限公司,股票型ETF,规模指数ETF,931643.CSI,1236190267.0,,,,,
2021-07-02,159782.SZ,双创50,20210707,中证科创创业50指数,中证科创创业50指数收益率,银华基金管理股份有限公司,招商银行股份有限公司,股票型ETF,规模指数ETF,931643.CSI,1236190267.0,,,,,
2021-07-05,159782.SZ,双创50,20210707,中证科创创业50指数,中证科创创业50指数收益率,银华基金管理股份有限公司,招商银行股份有限公司,股票型ETF,规模指数ETF,931643.CSI,1236190267.0,,,,,
2021-07-06,159782.SZ,双创50,20210707,中证科创创业50指数,中证科创创业50指数收益率,银华基金管理股份有限公司,招商银行股份有限公司,股票型ETF,规模指数ETF,931643.CSI,1160164565.5795,,,,,
2021-07-07,159782.SZ,双创50,20210707,中证科创创业50指数,中证科创创业50指数收益率,银华基金管理股份有限公司,招商银行股份有限公司,股票型ETF,规模指数ETF,931643.CSI,1198980939.9633,130169983,124946301.36,0.973,0.95987030558343,0.319620579
2021-07-08,159782.SZ,双创50,20210707,中证科创创业50指数,中证科创创业50指数收益率,银华基金管理股份有限公司,招商银行股份有限公司,股票型ETF,规模指数ETF,931643.CSI,1237079753.2449,88270848,86263571.19,0.974,0.97726002575618,-0.071816969
2021-07-09,159782.SZ,双创50,20210707,中证科创创业50指数,中证科创创业50指数收益率,银华基金管理股份有限公司,招商银行股份有限公司,股票型ETF,规模指数ETF,931643.CSI,1232761274.9074,86732179,82674922.91,0.963,0.95322086753983,0.083142798
2021-07-12,159782.SZ,双创50,20210707,中证科创创业50指数,中证科创创业50指数收益率,银华基金管理股份有限公司,招商银行股份有限公司,股票型ETF,规模指数ETF,931643.CSI,1278577216.9829,87745923,86346052.62,0.99,0.98404631996406,0.131485789
2021-07-13,159782.SZ,双创50,20210707,中证科创创业50指数,中证科创创业50指数收益率,银华基金管理股份有限公司,招商银行股份有限公司,股票型ETF,规模指数ETF,931643.CSI,1245456409.0071,64065235,62888444.44,0.982,0.98163137058656,0.071333945
2021-07-14,159782.SZ,双创50,20210707,中证科创创业50指数,中证科创创业50指数收益率,银华基金管理股份有限公司,招商银行股份有限公司,股票型ETF,规模指数ETF,931643.CSI,1260515890.859,54682789,53640971.31,0.976,0.98094797816549,-0.102354145
2021-07-15,159782.SZ,双创50,20210707,中证科创创业50指数,中证科创创业50指数收益率,银华基金管理股份有限公司,招商银行股份有限公司,股票型ETF,规模指数ETF,931643.CSI,1268651564.7693,53964113,52844168.34,0.987,0.9792464918306,-0.091102338
2021-07-16,159782.SZ,双创50,20210707,中证科创创业50指数,中证科创创业50指数收益率,银华基金管理股份有限公司,招商银行股份有限公司,股票型ETF,规模指数ETF,931643.CSI,1213726652.3321,89542149,86675408.55,0.956,0.96798445779987,-0.031370909
2021-07-19,159782.SZ,双创50,20210707,中证科创创业50指数,中证科创创业50指数收益率,银华基金管理股份有限公司,招商银行股份有限公司,股票型ETF,规模指数ETF,931643.CSI,1278548117.8273,40744880,39201899.92,0.962,0.96213070010269,0.010396091
2021-07-20,159782.SZ,双创50,20210707,中证科创创业50指数,中证科创创业50指数收益率,银华基金管理股份有限公司,招商银行股份有限公司,股票型ETF,规模指数ETF,931643.CSI,1285030731.5482,39468711,37919083.78,0.963,0.96073783053113,-0.165871864
2021-07-21,159782.SZ,双创50,20210707,中证科创创业50指数,中证科创创业50指数收益率,银华基金管理股份有限公司,招商银行股份有限公司,股票型ETF,规模指数ETF,931643.CSI,1325878916.5436,117042081,114974326.87,0.989,0.98233324192177,-0.181671377
2021-07-22,159782.SZ,双创50,20210707,中证科创创业50指数,中证科创创业50指数收益率,银华基金管理股份有限公司,招商银行股份有限公司,股票型ETF,规模指数ETF,931643.CSI,1237578098.8348,44950191,44193975.5,0.984,0.98317658983918,-0.040633889
2021-07-23,159782.SZ,双创50,20210707,中证科创创业50指数,中证科创创业50指数收益率,银华基金管理股份有限公司,招商银行股份有限公司,股票型ETF,规模指数ETF,931643.CSI,1204022656.32,82606724,79605839.46,0.96,0.96367263589826,0
2021-07-26,159782.SZ,双创50,20210707,中证科创创业50指数,中证科创创业50指数收益率,银华基金管理股份有限公司,招商银行股份有限公司,股票型ETF,规模指数ETF,931643.CSI,1220455900.5236,121979118,113613531.63,0.933,0.93141788113274,0.236355823
2021-07-27,159782.SZ,双创50,20210707,中证科创创业50指数,中证科创创业50指数收益率,银华基金管理股份有限公司,招商银行股份有限公司,股票型ETF,规模指数ETF,931643.CSI,1244871240.3,70623085,65568477.91,0.911,0.92842840142143,1.222222222
2021-07-28,159782.SZ,双创50,20210707,中证科创创业50指数,中证科创创业50指数收益率,银华基金管理股份有限公司,招商银行股份有限公司,股票型ETF,规模指数ETF,931643.CSI,1268981428.3705,59552332,53625112.89,0.911,0.90047041130144,-0.054854635
2021-07-29,159782.SZ,双创50,20210707,中证科创创业50指数,中证科创创业50指数收益率,银华基金管理股份有限公司,招商银行股份有限公司,股票型ETF,规模指数ETF,931643.CSI,1358923760.7472,118050503,111767316.88,0.957,0.94677543966077,-0.478369384
2021-07-30,159782.SZ,双创50,20210707,中证科创创业50指数,中证科创创业50指数收益率,银华基金管理股份有限公司,招商银行股份有限公司,股票型ETF,规模指数ETF,931643.CSI,1287205217.8273,46902001,44912129.66,0.958,0.95757384978095,-0.405447552
2021-08-02,159782.SZ,双创50,20210707,中证科创创业50指数,中证科创创业50指数收益率,银华基金管理股份有限公司,招商银行股份有限公司,股票型ETF,规模指数ETF,931643.CSI,1280054264.2958,43359354,41536507.05,0.963,0.95795954547662,-0.454827372
2021-08-03,159782.SZ,双创50,20210707,中证科创创业50指数,中证科创创业50指数收益率,银华基金管理股份有限公司,招商银行股份有限公司,股票型ETF,规模指数ETF,931643.CSI,1269112822.2545,33157833,31905533.15,0.961,0.9622321564259,-0.25947068
2021-08-04,159782.SZ,双创50,20210707,中证科创创业50指数,中证科创创业50指数收益率,银华基金管理股份有限公司,招商银行股份有限公司,股票型ETF,规模指数ETF,931643.CSI,1286081851.4877,69294652,67486167.21,0.979,0.97390152431965,-0.417048113
2021-08-05,159782.SZ,双创50,20210707,中证科创创业50指数,中证科创创业50指数收益率,银华基金管理股份有限公司,招商银行股份有限公司,股票型ETF,规模指数ETF,931643.CSI,1240452842.194,52336037,51306593.59,0.979,0.98033012300874,-0.305498982
2021-08-06,159782.SZ,双创50,20210707,中证科创创业50指数,中证科创创业50指数收益率,银华基金管理股份有限公司,招商银行股份有限公司,股票型ETF,规模指数ETF,931643.CSI,1195890464.2958,35917710,34864354.06,0.969,0.97067307631806,0.165391772
2021-08-09,159782.SZ,双创50,20210707,中证科创创业50指数,中证科创创业50指数收益率,银华基金管理股份有限公司,招商银行股份有限公司,股票型ETF,规模指数ETF,931643.CSI,1186152923.5724,35723059,34042492.25,0.957,0.95295568752945,-0.020894275
2021-08-10,159782.SZ,双创50,20210707,中证科创创业50指数,中证科创创业50指数收益率,银华基金管理股份有限公司,招商银行股份有限公司,股票型ETF,规模指数ETF,931643.CSI,1198013018.2666,30433058,29015061.64,0.958,0.95340605074916,-0.187539071
2021-08-11,159782.SZ,双创50,20210707,中证科创创业50指数,中证科创创业50指数收益率,银华基金管理股份有限公司,招商银行股份有限公司,股票型ETF,规模指数ETF,931643.CSI,1187592763.8223,29980254,28496558.96,0.948,0.95051092495747,0.11616855
2021-08-12,159782.SZ,双创50,20210707,中证科创创业50指数,中证科创创业50指数收益率,银华基金管理股份有限公司,招商银行股份有限公司,股票型ETF,规模指数ETF,931643.CSI,1176891690.3513,43299531,40628275.5,0.933,0.93830751885049,-0.096370061
2021-08-13,159782.SZ,双创50,20210707,中证科创创业50指数,中证科创创业50指数收益率,银华基金管理股份有限公司,招商银行股份有限公司,股票型ETF,规模指数ETF,931643.CSI,1174006742.0914,68402001,63010241.34,0.917,0.92117541035093,0.306278714
2021-08-16,159782.SZ,双创50,20210707,中证科创创业50指数,中证科创创业50指数收益率,银华基金管理股份有限公司,招商银行股份有限公司,股票型ETF,规模指数ETF,931643.CSI,1204379300.9287,45525849,41344187.55,0.908,0.90814753504103,0.20968988
2021-08-17,159782.SZ,双创50,20210707,中证科创创业50指数,中证科创创业50指数收益率,银华基金管理股份有限公司,招商银行股份有限公司,股票型ETF,规模指数ETF,931643.CSI,1191812948.6809,88532159,79201326.85,0.885,0.89460516658133,0.260564178
2021-08-18,159782.SZ,双创50,20210707,中证科创创业50指数,中证科创创业50指数收益率,银华基金管理股份有限公司,招商银行股份有限公司,股票型ETF,规模指数ETF,931643.CSI,1251912196.028,56551738,50058116.51,0.886,0.88517379448179,0.226244344
2021-08-19,159782.SZ,双创50,20210707,中证科创创业50指数,中证科创创业50指数收益率,银华基金管理股份有限公司,招商银行股份有限公司,股票型ETF,规模指数ETF,931643.CSI,1297677222.5912,44071359,39273425.86,0.891,0.89113262561293,-0.290957923
2021-08-20,159782.SZ,双创50,20210707,中证科创创业50指数,中证科创创业50指数收益率,银华基金管理股份有限公司,招商银行股份有限公司,股票型ETF,规模指数ETF,931643.CSI,1250086866.7948,72673620,63279898.51,0.867,0.87074097189599,0.300786673
2021-08-23,159782.SZ,双创50,20210707,中证科创创业50指数,中证科创创业50指数收益率,银华基金管理股份有限公司,招商银行股份有限公司,股票型ETF,规模指数ETF,931643.CSI,1339840412.4189,54145142,47967365.16,0.895,0.88590339572847,-0.18958403
2021-08-24,159782.SZ,双创50,20210707,中证科创创业50指数,中证科创创业50指数收益率,银华基金管理股份有限公司,招商银行股份有限公司,股票型ETF,规模指数ETF,931643.CSI,1338393357.5695,49682303,45020141.2,0.908,0.90616051353336,-0.055035773
2021-08-25,159782.SZ,双创50,20210707,中证科创创业50指数,中证科创创业50指数收益率,银华基金管理股份有限公司,招商银行股份有限公司,股票型ETF,规模指数ETF,931643.CSI,1309236048.7151,30286958,27240649.59,0.903,0.89941847543751,-0.254059428
2021-08-26,159782.SZ,双创50,20210707,中证科创创业50指数,中证科创创业50指数收益率,银华基金管理股份有限公司,招商银行股份有限公司,股票型ETF,规模指数ETF,931643.CSI,1273693325.6663,41612096,36951933.86,0.881,0.88800943504504,0.238935032
2021-08-27,159782.SZ,双创50,20210707,中证科创创业50指数,中证科创创业50指数收益率,银华基金管理股份有限公司,招商银行股份有限公司,股票型ETF,规模指数ETF,931643.CSI,1282044997.7852,31260156,27543608.61,0.878,0.88110912210419,0.274097762
2021-08-30,159782.SZ,双创50,20210707,中证科创创业50指数,中证科创创业50指数收益率,银华基金管理股份有限公司,招商银行股份有限公司,股票型ETF,规模指数ETF,931643.CSI,1293755692.4794,33313418,29346386.62,0.877,0.88091791181559,-0.136643134
2021-08-31,159782.SZ,双创50,20210707,中证科创创业50指数,中证科创创业50指数收益率,银华基金管理股份有限公司,招商银行股份有限公司,股票型ETF,规模指数ETF,931643.CSI,1263260653.9525,59936587,51446341.51,0.856,0.85834619695646,-0.174927114
2021-09-01,159782.SZ,双创50,20210707,中证科创创业50指数,中证科创创业50指数收益率,银华基金管理股份有限公司,招商银行股份有限公司,股票型ETF,规模指数ETF,931643.CSI,1280718107.484,41114597,34783097.94,0.852,0.84600362104972,0
2021-09-02,159782.SZ,双创50,20210707,中证科创创业50指数,中证科创创业50指数收益率,银华基金管理股份有限公司,招商银行股份有限公司,股票型ETF,规模指数ETF,931643.CSI,1260335264.0906,66234310,55520302.23,0.833,0.83824081854253,0.144265448
2021-09-03,159782.SZ,双创50,20210707,中证科创创业50指数,中证科创创业50指数收益率,银华基金管理股份有限公司,招商银行股份有限公司,股票型ETF,规模指数ETF,931643.CSI,1284693674.7022,53522672,44370396.6,0.825,0.82900189661682,-0.193563997
2021-09-06,159782.SZ,双创50,20210707,中证科创创业50指数,中证科创创业50指数收益率,银华基金管理股份有限公司,招商银行股份有限公司,股票型ETF,规模指数ETF,931643.CSI,1359823629.62,82572049,70069151.6,0.86,0.84858196506665,0
2021-09-07,159782.SZ,双创50,20210707,中证科创创业50指数,中证科创创业50指数收益率,银华基金管理股份有限公司,招商银行股份有限公司,股票型ETF,规模指数ETF,931643.CSI,1323395791.5666,27630044,23623015.5,0.857,0.85497567430584,-0.32565713
2021-09-08,159782.SZ,双创50,20210707,中证科创创业50指数,中证科创创业50指数收益率,银华基金管理股份有限公司,招商银行股份有限公司,股票型ETF,规模指数ETF,931643.CSI,1297385603.9354,40374387,34375287.81,0.848,0.85141324399551,0.21271567
2021-09-09,159782.SZ,双创50,20210707,中证科创创业50指数,中证科创创业50指数收益率,银华基金管理股份有限公司,招商银行股份有限公司,股票型ETF,规模指数ETF,931643.CSI,1309703270.3092,27261570,22967478.51,0.845,0.84248553953422,-0.306748466
2021-09-10,159782.SZ,双创50,20210707,中证科创创业50指数,中证科创创业50指数收益率,银华基金管理股份有限公司,招商银行股份有限公司,股票型ETF,规模指数ETF,931643.CSI,1325102621.6442,29214567,24730238.1,0.851,0.84650366716029,-0.187661271
2021-09-13,159782.SZ,双创50,20210707,中证科创创业50指数,中证科创创业50指数收益率,银华基金管理股份有限公司,招商银行股份有限公司,股票型ETF,规模指数ETF,931643.CSI,1299432086.6659,31237559,26275664.76,0.839,0.84115614667587,0.155186821
2021-09-14,159782.SZ,双创50,20210707,中证科创创业50指数,中证科创创业50指数收益率,银华基金管理股份有限公司,招商银行股份有限公司,股票型ETF,规模指数ETF,931643.CSI,1323144569.8699,42395926,36084610.07,0.847,0.85113390541346,-0.317759209
2021-09-15,159782.SZ,双创50,20210707,中证科创创业50指数,中证科创创业50指数收益率,银华基金管理股份有限公司,招商银行股份有限公司,股票型ETF,规模指数ETF,931643.CSI,1292584053.9183,37719355,31553872.24,0.838,0.83654326114537,0.371301952
2021-09-16,159782.SZ,双创50,20210707,中证科创创业50指数,中证科创创业50指数收益率,银华基金管理股份有限公司,招商银行股份有限公司,股票型ETF,规模指数ETF,931643.CSI,1280788994.6075,38308915,31689306.82,0.826,0.82720449848292,0.425531915
2021-09-17,159782.SZ,双创50,20210707,中证科创创业50指数,中证科创创业50指数收益率,银华基金管理股份有限公司,招商银行股份有限公司,股票型ETF,规模指数ETF,931643.CSI,1326928585.348,51802211,43255749.24,0.844,0.83501743275012,0
2021-09-22,159782.SZ,双创50,20210707,中证科创创业50指数,中证科创创业50指数收益率,银华基金管理股份有限公司,招商银行股份有限公司,股票型ETF,规模指数ETF,931643.CSI,1312298229.1465,24389441,20485916.42,0.839,0.83995022354141,-0.059559261
2021-09-23,159782.SZ,双创50,20210707,中证科创创业50指数,中证科创创业50指数收益率,银华基金管理股份有限公司,招商银行股份有限公司,股票型ETF,规模指数ETF,931643.CSI,1314580023.4014,35451992,29920045.14,0.843,0.8439594914723,-0.142146411
2021-09-24,159782.SZ,双创50,20210707,中证科创创业50指数,中证科创创业50指数收益率,银华基金管理股份有限公司,招商银行股份有限公司,股票型ETF,规模指数ETF,931643.CSI,1316038550.4039,39563824,33785547.98,0.85,0.85395051752328,-0.199600798
2021-09-27,159782.SZ,双创50,20210707,中证科创创业50指数,中证科创创业50指数收益率,银华基金管理股份有限公司,招商银行股份有限公司,股票型ETF,规模指数ETF,931643.CSI,1320554200.421,43143093,37358134.33,0.861,0.86591228704905,-0.23174971
2021-09-28,159782.SZ,双创50,20210707,中证科创创业50指数,中证科创创业50指数收益率,银华基金管理股份有限公司,招商银行股份有限公司,股票型ETF,规模指数ETF,931643.CSI,1290357678.285,23643932,20361470.13,0.855,0.8611710662169,0
2021-09-29,159782.SZ,双创50,20210707,中证科创创业50指数,中证科创创业50指数收益率,银华基金管理股份有限公司,招商银行股份有限公司,股票型ETF,规模指数ETF,931643.CSI,1276509174.7364,21404125,18180852.83,0.85,0.84940883264324,0.094206312
2021-09-30,159782.SZ,双创50,20210707,中证科创创业50指数,中证科创创业50指数收益率,银华基金管理股份有限公司,招商银行股份有限公司,股票型ETF,规模指数ETF,931643.CSI,1288388390.688,32784951,28196531.11,0.862,0.86004493677602,-0.231481481
2021-10-08,159782.SZ,双创50,20210707,中证科创创业50指数,中证科创创业50指数收益率,银华基金管理股份有限公司,招商银行股份有限公司,股票型ETF,规模指数ETF,931643.CSI,1285406010.154,20420152,17615271.53,0.861,0.86264154791796,-0.116009281
2021-10-11,159782.SZ,双创50,20210707,中证科创创业50指数,中证科创创业50指数收益率,银华基金管理股份有限公司,招商银行股份有限公司,股票型ETF,规模指数ETF,931643.CSI,1260797747.2946,26530016,22596827.03,0.846,0.85174569928642,0.26072529
2021-10-12,159782.SZ,双创50,20210707,中证科创创业50指数,中证科创创业50指数收益率,银华基金管理股份有限公司,招商银行股份有限公司,股票型ETF,规模指数ETF,931643.CSI,1251493492.8503,28364816,23660505.65,0.831,0.83414980199413,0.012035143
2021-10-13,159782.SZ,双创50,20210707,中证科创创业50指数,中证科创创业50指数收益率,银华基金管理股份有限公司,招商银行股份有限公司,股票型ETF,规模指数ETF,931643.CSI,1290121465.4427,25067225,21076100.07,0.846,0.84078313694476,-0.24761231
2021-10-14,159782.SZ,双创50,20210707,中证科创创业50指数,中证科创创业50指数收益率,银华基金管理股份有限公司,招商银行股份有限公司,股票型ETF,规模指数ETF,931643.CSI,1276473127.8286,27830012,23551240.74,0.844,0.84625334477039,-0.212816269
2021-10-15,159782.SZ,双创50,20210707,中证科创创业50指数,中证科创创业50指数收益率,银华基金管理股份有限公司,招商银行股份有限公司,股票型ETF,规模指数ETF,931643.CSI,1293666820.3263,31172757,26614292.87,0.855,0.85376769433644,-0.454069158
2021-10-18,159782.SZ,双创50,20210707,中证科创创业50指数,中证科创创业50指数收益率,银华基金管理股份有限公司,招商银行股份有限公司,股票型ETF,规模指数ETF,931643.CSI,1275291392.8845,15794019,13389131.59,0.85,0.84773429676132,-0.410076157
2021-10-19,159782.SZ,双创50,20210707,中证科创创业50指数,中证科创创业50指数收益率,银华基金管理股份有限公司,招商银行股份有限公司,股票型ETF,规模指数ETF,931643.CSI,1292263895.9938,24788217,21280937.34,0.859,0.85851020829776,-0.278616206
2021-10-20,159782.SZ,双创50,20210707,中证科创创业50指数,中证科创创业50指数收益率,银华基金管理股份有限公司,招商银行股份有限公司,股票型ETF,规模指数ETF,931643.CSI,1271807402.1782,20480838,17491665.76,0.854,0.85405029618417,-0.070208285
2021-10-21,159782.SZ,双创50,20210707,中证科创创业50指数,中证科创创业50指数收益率,银华基金管理股份有限公司,招商银行股份有限公司,股票型ETF,规模指数ETF,931643.CSI,1279947959.2583,23444187,19967217.3,0.852,0.85169160696423,-0.339220962
2021-10-22,159782.SZ,双创50,20210707,中证科创创业50指数,中证科创创业50指数收益率,银华基金管理股份有限公司,招商银行股份有限公司,股票型ETF,规模指数ETF,931643.CSI,1285302467.6734,33666121,28931929.5,0.859,0.85937817130759,-0.139502441
2021-10-25,159782.SZ,双创50,20210707,中证科创创业50指数,中证科创创业50指数收益率,银华基金管理股份有限公司,招商银行股份有限公司,股票型ETF,规模指数ETF,931643.CSI,1270812817.6905,41314303,35902834.95,0.87,0.86901707987183,-0.17211704
2021-10-26,159782.SZ,双创50,20210707,中证科创创业50指数,中证科创创业50指数收益率,银华基金管理股份有限公司,招商银行股份有限公司,股票型ETF,规模指数ETF,931643.CSI,1252533475.2099,29827289,26030509.78,0.869,0.87270786761747,-0.080487524
2021-10-27,159782.SZ,双创50,20210707,中证科创创业50指数,中证科创创业50指数收益率,银华基金管理股份有限公司,招商银行股份有限公司,股票型ETF,规模指数ETF,931643.CSI,1244735962.8069,21763504,18699168.05,0.859,0.859198410789,-0.197513652
2021-10-28,159782.SZ,双创50,20210707,中证科创创业50指数,中证科创创业50指数收益率,银华基金管理股份有限公司,招商银行股份有限公司,股票型ETF,规模指数ETF,931643.CSI,1238690206.1661,22533946,19437938.66,0.857,0.86260696018354,-0.151462193
2021-10-29,159782.SZ,双创50,20210707,中证科创创业50指数,中证科创创业50指数收益率,银华基金管理股份有限公司,招商银行股份有限公司,股票型ETF,规模指数ETF,931643.CSI,1252808502.2124,36979964,32130974.81,0.876,0.86887523227443,-0.136798906
2021-11-01,159782.SZ,双创50,20210707,中证科创创业50指数,中证科创创业50指数收益率,银华基金管理股份有限公司,招商银行股份有限公司,股票型ETF,规模指数ETF,931643.CSI,1234127856.1832,31217311,27119404.77,0.869,0.86872968559015,-0.06899724
2021-11-02,159782.SZ,双创50,20210707,中证科创创业50指数,中证科创创业50指数收益率,银华基金管理股份有限公司,招商银行股份有限公司,股票型ETF,规模指数ETF,931643.CSI,1232584550.8774,27792847,24248515.14,0.87,0.87247323528964,-0.252235726
2021-11-03,159782.SZ,双创50,20210707,中证科创创业50指数,中证科创创业50指数收益率,银华基金管理股份有限公司,招商银行股份有限公司,股票型ETF,规模指数ETF,931643.CSI,1228686675.6492,23806427,20690918.64,0.867,0.86913162735424,-0.069156293
2021-11-04,159782.SZ,双创50,20210707,中证科创创业50指数,中证科创创业50指数收益率,银华基金管理股份有限公司,招商银行股份有限公司,股票型ETF,规模指数ETF,931643.CSI,1233916483.625,22656138,19788598.89,0.872,0.87343213084242,-0.342857143
2021-11-05,159782.SZ,双创50,20210707,中证科创创业50指数,中证科创创业50指数收益率,银华基金管理股份有限公司,招商银行股份有限公司,股票型ETF,规模指数ETF,931643.CSI,1232224255.3046,29290689,25677673,0.874,0.87664967526028,0.022888533
2021-11-08,159782.SZ,双创50,20210707,中证科创创业50指数,中证科创创业50指数收益率,银华基金管理股份有限公司,招商银行股份有限公司,股票型ETF,规模指数ETF,931643.CSI,1225200769.4648,21568372,18755038.34,0.873,0.86956207635885,-0.16010979
2021-11-09,159782.SZ,双创50,20210707,中证科创创业50指数,中证科创创业50指数收益率,银华基金管理股份有限公司,招商银行股份有限公司,股票型ETF,规模指数ETF,931643.CSI,1222601877.0013,36506957,32095100.22,0.884,0.87915024580109,0.011313497
2021-11-10,159782.SZ,双创50,20210707,中证科创创业50指数,中证科创创业50指数收益率,银华基金管理股份有限公司,招商银行股份有限公司,股票型ETF,规模指数ETF,931643.CSI,1222897053.5474,35260220,30822281.8,0.882,0.87413753516002,-0.022670596
2021-11-11,159782.SZ,双创50,20210707,中证科创创业50指数,中证科创创业50指数收益率,银华基金管理股份有限公司,招商银行股份有限公司,股票型ETF,规模指数ETF,931643.CSI,1223082676.1227,25868843,22890681.22,0.885,0.88487456590154,-0.349059791
2021-11-12,159782.SZ,双创50,20210707,中证科创创业50指数,中证科创创业50指数收益率,银华基金管理股份有限公司,招商银行股份有限公司,股票型ETF,规模指数ETF,931643.CSI,1215232691.6008,23046714,20358718.26,0.882,0.88336750566697,-0.045330916
2021-11-15,159782.SZ,双创50,20210707,中证科创创业50指数,中证科创创业50指数收益率,银华基金管理股份有限公司,招商银行股份有限公司,股票型ETF,规模指数ETF,931643.CSI,1210111949.1202,24343888,21393999.99,0.878,0.87882428599737,-0.295253236
2021-11-16,159782.SZ,双创50,20210707,中证科创创业50指数,中证科创创业50指数收益率,银华基金管理股份有限公司,招商银行股份有限公司,股票型ETF,规模指数ETF,931643.CSI,1207427910.6275,19129046,16883483.58,0.88,0.88260980605097,-0.283286119
2021-11-17,159782.SZ,双创50,20210707,中证科创创业50指数,中证科创创业50指数收益率,银华基金管理股份有限公司,招商银行股份有限公司,股票型ETF,规模指数ETF,931643.CSI,1203890100.0159,31132555,27543214.19,0.887,0.88470779831594,-0.078855469
2021-11-18,159782.SZ,双创50,20210707,中证科创创业50指数,中证科创创业50指数收益率,银华基金管理股份有限公司,招商银行股份有限公司,股票型ETF,规模指数ETF,931643.CSI,1187073340.7051,26669647,23370188.88,0.873,0.87628414729299,-0.262767051
2021-11-19,159782.SZ,双创50,20210707,中证科创创业50指数,中证科创创业50指数收益率,银华基金管理股份有限公司,招商银行股份有限公司,股票型ETF,规模指数ETF,931643.CSI,1193243177.4406,20759225,18190447.3,0.879,0.87625849712598,-0.31753232
2021-11-22,159782.SZ,双创50,20210707,中证科创创业50指数,中证科创创业50指数收益率,银华基金管理股份有限公司,招商银行股份有限公司,股票型ETF,规模指数ETF,931643.CSI,1191003559.3267,54267398,48431376.01,0.897,0.89245804654205,-0.344406177
2021-11-23,159782.SZ,双创50,20210707,中证科创创业50指数,中证科创创业50指数收益率,银华基金管理股份有限公司,招商银行股份有限公司,股票型ETF,规模指数ETF,931643.CSI,1168976202.6859,21277955,19052346.67,0.896,0.89540309066355,-0.189372842
2021-11-24,159782.SZ,双创50,20210707,中证科创创业50指数,中证科创创业50指数收益率,银华基金管理股份有限公司,招商银行股份有限公司,股票型ETF,规模指数ETF,931643.CSI,1163201145.6058,20069712,17963272.44,0.895,0.89504385713158,-0.267439269
2021-11-25,159782.SZ,双创50,20210707,中证科创创业50指数,中证科创创业50指数收益率,银华基金管理股份有限公司,招商银行股份有限公司,股票型ETF,规模指数ETF,931643.CSI,1158211201.8073,29633744,26644147.77,0.902,0.8991151361097,0.011087704
2021-11-26,159782.SZ,双创50,20210707,中证科创创业50指数,中证科创创业50指数收益率,银华基金管理股份有限公司,招商银行股份有限公司,股票型ETF,规模指数ETF,931643.CSI,1151148155.3388,16117738,14463974.22,0.894,0.8973947969622,-0.267737617
2021-11-29,159782.SZ,双创50,20210707,中证科创创业50指数,中证科创创业50指数收益率,银华基金管理股份有限公司,招商银行股份有限公司,股票型ETF,规模指数ETF,931643.CSI,1145758454.8995,25853150,23227564.77,0.897,0.89844234725749,-0.166944908
2021-11-30,159782.SZ,双创50,20210707,中证科创创业50指数,中证科创创业50指数收益率,银华基金管理股份有限公司,招商银行股份有限公司,股票型ETF,规模指数ETF,931643.CSI,1146536669.499,24994818,22290148.55,0.893,0.89179079239545,-0.445930881
2021-12-01,159782.SZ,双创50,20210707,中证科创创业50指数,中证科创创业50指数收益率,银华基金管理股份有限公司,招商银行股份有限公司,股票型ETF,规模指数ETF,931643.CSI,1132220938.5086,23010583,20395701.53,0.886,0.88636178970346,0.02257846
2021-12-02,159782.SZ,双创50,20210707,中证科创创业50指数,中证科创创业50指数收益率,银华基金管理股份有限公司,招商银行股份有限公司,股票型ETF,规模指数ETF,931643.CSI,1129188501.7731,21637140,19055209.97,0.879,0.8806713812454,-0.034118048
2021-12-03,159782.SZ,双创50,20210707,中证科创创业50指数,中证科创创业50指数收益率,银华基金管理股份有限公司,招商银行股份有限公司,股票型ETF,规模指数ETF,931643.CSI,1135481034.0814,19931360,17536921.04,0.882,0.87986575125832,-0.248812486
2021-12-06,159782.SZ,双创50,20210707,中证科创创业50指数,中证科创创业50指数收益率,银华基金管理股份有限公司,招商银行股份有限公司,股票型ETF,规模指数ETF,931643.CSI,1113548299.9817,26374050,23034050.54,0.867,0.8733603879571,0.219627789
2021-12-07,159782.SZ,双创50,20210707,中证科创创业50指数,中证科创创业50指数收益率,银华基金管理股份有限公司,招商银行股份有限公司,股票型ETF,规模指数ETF,931643.CSI,1114575330.0593,27846717,23863634.83,0.858,0.85696403026612,0.01165637
2021-12-08,159782.SZ,双创50,20210707,中证科创创业50指数,中证科创创业50指数收益率,银华基金管理股份有限公司,招商银行股份有限公司,股票型ETF,规模指数ETF,931643.CSI,1124529836.7172,26645833,23082643.43,0.87,0.86627591751401,-0.183570445
2021-12-09,159782.SZ,双创50,20210707,中证科创创业50指数,中证科创创业50指数收益率,银华基金管理股份有限公司,招商银行股份有限公司,股票型ETF,规模指数ETF,931643.CSI,1137664157.5353,31329264,27527131.78,0.881,0.8786395933208,-0.553109832
2021-12-10,159782.SZ,双创50,20210707,中证科创创业50指数,中证科创创业50指数收益率,银华基金管理股份有限公司,招商银行股份有限公司,股票型ETF,规模指数ETF,931643.CSI,1123867981.4285,21792254,19301422.37,0.887,0.88570105552184,0.169395822
2021-12-13,159782.SZ,双创50,20210707,中证科创创业50指数,中证科创创业50指数收益率,银华基金管理股份有限公司,招商银行股份有限公司,股票型ETF,规模指数ETF,931643.CSI,1119944490.7222,20161738,17877749.01,0.885,0.88671666152987,-0.180464697
2021-12-14,159782.SZ,双创50,20210707,中证科创创业50指数,中证科创创业50指数收益率,银华基金管理股份有限公司,招商银行股份有限公司,股票型ETF,规模指数ETF,931643.CSI,1113870576.562,21382539,18955452.78,0.886,0.88649214108764,0
2021-12-15,159782.SZ,双创50,20210707,中证科创创业50指数,中证科创创业50指数收益率,银华基金管理股份有限公司,招商银行股份有限公司,股票型ETF,规模指数ETF,931643.CSI,1101658331.4114,21624634,19070509.58,0.874,0.88188820120609,-0.02287806
2021-12-16,159782.SZ,双创50,20210707,中证科创创业50指数,中证科创创业50指数收益率,银华基金管理股份有限公司,招商银行股份有限公司,股票型ETF,规模指数ETF,931643.CSI,1104314530.0935,23137464,20315504.04,0.879,0.87803503616472,-0.170357751
2021-12-17,159782.SZ,双创50,20210707,中证科创创业50指数,中证科创创业50指数收益率,银华基金管理股份有限公司,招商银行股份有限公司,股票型ETF,规模指数ETF,931643.CSI,1088223895.1152,22885111,19839891.86,0.865,0.86693448242397,-0.069316081
2021-12-20,159782.SZ,双创50,20210707,中证科创创业50指数,中证科创创业50指数收益率,银华基金管理股份有限公司,招商银行股份有限公司,股票型ETF,规模指数ETF,931643.CSI,1071924938.4402,35573408,30233928.85,0.844,0.84990251285455,0.404472995
2021-12-21,159782.SZ,双创50,20210707,中证科创创业50指数,中证科创创业50指数收益率,银华基金管理股份有限公司,招商银行股份有限公司,股票型ETF,规模指数ETF,931643.CSI,1088608089.3359,19878715,16718527.79,0.845,0.84102658496789,-0.318508906
2021-12-22,159782.SZ,双创50,20210707,中证科创创业50指数,中证科创创业50指数收益率,银华基金管理股份有限公司,招商银行股份有限公司,股票型ETF,规模指数ETF,931643.CSI,1088864927.3893,20451707,17360958.8,0.849,0.84887578332703,0.12973228
2021-12-23,159782.SZ,双创50,20210707,中证科创创业50指数,中证科创创业50指数收益率,银华基金管理股份有限公司,招商银行股份有限公司,股票型ETF,规模指数ETF,931643.CSI,1086833703.4961,17675743,14995794.46,0.848,0.84838269372891,-0.035364847
2021-12-24,159782.SZ,双创50,20210707,中证科创创业50指数,中证科创创业50指数收益率,银华基金管理股份有限公司,招商银行股份有限公司,股票型ETF,规模指数ETF,931643.CSI,1071014682.678,29077870,24300043.14,0.834,0.83568855421666,0
2021-12-27,159782.SZ,双创50,20210707,中证科创创业50指数,中证科创创业50指数收益率,银华基金管理股份有限公司,招商银行股份有限公司,股票型ETF,规模指数ETF,931643.CSI,1072486930.4644,23490642,19584076.27,0.832,0.8336969364226,-0.144023044
2021-12-28,159782.SZ,双创50,20210707,中证科创创业50指数,中证科创创业50指数收益率,银华基金管理股份有限公司,招商银行股份有限公司,股票型ETF,规模指数ETF,931643.CSI,1085308052.6004,15401634,12857957.1,0.84,0.83484369905167,-0.142653352
2021-12-29,159782.SZ,双创50,20210707,中证科创创业50指数,中证科创创业50指数收益率,银华基金管理股份有限公司,招商银行股份有限公司,股票型ETF,规模指数ETF,931643.CSI,1070632222.0493,20630115,17131639.05,0.829,0.83041897972939,0.132866288
2021-12-30,159782.SZ,双创50,20210707,中证科创创业50指数,中证科创创业50指数收益率,银华基金管理股份有限公司,招商银行股份有限公司,股票型ETF,规模指数ETF,931643.CSI,1084564034.8916,10961609,9138304.22,0.834,0.83366449396252,-0.095831337
2021-12-31,159782.SZ,双创50,20210707,中证科创创业50指数,中证科创创业50指数收益率,银华基金管理股份有限公司,招商银行股份有限公司,股票型ETF,规模指数ETF,931643.CSI,1084392777.3722,14837909,12415302.92,0.835,0.83672860643639,-0.191250299
2022-01-04,159782.SZ,双创50,20210707,中证科创创业50指数,中证科创创业50指数收益率,银华基金管理股份有限公司,招商银行股份有限公司,股票型ETF,规模指数ETF,931643.CSI,1094194192.3768,64817106,52855583.37,0.81,0.81545731723968,-0.049358342
2022-01-05,159782.SZ,双创50,20210707,中证科创创业50指数,中证科创创业50指数收益率,银华基金管理股份有限公司,招商银行股份有限公司,股票型ETF,规模指数ETF,931643.CSI,1084236120.663,44534849,35417490.38,0.79,0.79527586093309,0.126742712
2022-01-06,159782.SZ,双创50,20210707,中证科创创业50指数,中证科创创业50指数收益率,银华基金管理股份有限公司,招商银行股份有限公司,股票型ETF,规模指数ETF,931643.CSI,1085652193.6605,33676725,26278153.55,0.781,0.78030608825532,-0.063979527
2022-01-07,159782.SZ,双创50,20210707,中证科创创业50指数,中证科创创业50指数收益率,银华基金管理股份有限公司,招商银行股份有限公司,股票型ETF,规模指数ETF,931643.CSI,1087603885.2454,27747118,21594706.07,0.777,0.77826843386041,0.10306622
2022-01-10,159782.SZ,双创50,20210707,中证科创创业50指数,中证科创创业50指数收益率,银华基金管理股份有限公司,招商银行股份有限公司,股票型ETF,规模指数ETF,931643.CSI,1095497622.8595,22132107,17158375.72,0.777,0.7752707738129,-0.192678227
2022-01-11,159782.SZ,双创50,20210707,中证科创创业50指数,中证科创创业50指数收益率,银华基金管理股份有限公司,招商银行股份有限公司,股票型ETF,规模指数ETF,931643.CSI,1094621452.9371,25651003,19804581.81,0.77,0.772078261813,-0.16854661
2022-01-12,159782.SZ,双创50,20210707,中证科创创业50指数,中证科创创业50指数收益率,银华基金管理股份有限公司,招商银行股份有限公司,股票型ETF,规模指数ETF,931643.CSI,1108186958.7164,37170020,29081653.15,0.787,0.78239541302372,-0.278763305
2022-01-13,159782.SZ,双创50,20210707,中证科创创业50指数,中证科创创业50指数收益率,银华基金管理股份有限公司,招商银行股份有限公司,股票型ETF,规模指数ETF,931643.CSI,1094653308.6993,32098864,25193215.94,0.78,0.78486316338173,0.269957578
2022-01-14,159782.SZ,双创50,20210707,中证科创创业50指数,中证科创创业50指数收益率,银华基金管理股份有限公司,招商银行股份有限公司,股票型ETF,规模指数ETF,931643.CSI,1100515559.1557,25170195,19750004.79,0.785,0.78465839418407,-0.266802185
2022-01-17,159782.SZ,双创50,20210707,中证科创创业50指数,中证科创创业50指数收益率,银华基金管理股份有限公司,招商银行股份有限公司,股票型ETF,规模指数ETF,931643.CSI,1108183452.532,23357040,18530801.63,0.795,0.7933711476283,-0.125628141
2022-01-18,159782.SZ,双创50,20210707,中证科创创业50指数,中证科创创业50指数收益率,银华基金管理股份有限公司,招商银行股份有限公司,股票型ETF,规模指数ETF,931643.CSI,1107348138.3718,24322705,19372822.62,0.795,0.79649128746165,-0.050289163
2022-01-19,159782.SZ,双创50,20210707,中证科创创业50指数,中证科创创业50指数收益率,银华基金管理股份有限公司,招商银行股份有限公司,股票型ETF,规模指数ETF,931643.CSI,1086114199.4056,28901351,22510426.98,0.776,0.77887109775595,-0.102986612
2022-01-20,159782.SZ,双创50,20210707,中证科创创业50指数,中证科创创业50指数收益率,银华基金管理股份有限公司,招商银行股份有限公司,股票型ETF,规模指数ETF,931643.CSI,1085415104.2721,17594112,13684542.72,0.776,0.7777910428216,-0.038644854
2022-01-21,159782.SZ,双创50,20210707,中证科创创业50指数,中证科创创业50指数收益率,银华基金管理股份有限公司,招商银行股份有限公司,股票型ETF,规模指数ETF,931643.CSI,1079596372.8424,25332585,19480525.3,0.768,0.76899081953145,0.104275287
2022-01-24,159782.SZ,双创50,20210707,中证科创创业50指数,中证科创创业50指数收益率,银华基金管理股份有限公司,招商银行股份有限公司,股票型ETF,规模指数ETF,931643.CSI,1093743571.0852,20693471,16008747.03,0.774,0.77361342763619,-0.206291903
2022-01-25,159782.SZ,双创50,20210707,中证科创创业50指数,中证科创创业50指数收益率,银华基金管理股份有限公司,招商银行股份有限公司,股票型ETF,规模指数ETF,931643.CSI,1071039507.7865,22217522,17062982.57,0.761,0.76799665462242,0.197498354
2022-01-26,159782.SZ,双创50,20210707,中证科创创业50指数,中证科创创业50指数收益率,银华基金管理股份有限公司,招商银行股份有限公司,股票型ETF,规模指数ETF,931643.CSI,1074423964.4273,18404314,13949915.22,0.761,0.75796985532848,-0.118125738
2022-01-27,159782.SZ,双创50,20210707,中证科创创业50指数,中证科创创业50指数收益率,银华基金管理股份有限公司,招商银行股份有限公司,股票型ETF,规模指数ETF,931643.CSI,1045519579.8712,34541011,25717747.64,0.734,0.74455688746343,0.054525627
2022-01-28,159782.SZ,双创50,20210707,中证科创创业50指数,中证科创创业50指数收益率,银华基金管理股份有限公司,招商银行股份有限公司,股票型ETF,规模指数ETF,931643.CSI,1040865066.5896,24271911,17818874.71,0.733,0.73413563151249,0.576289791
2022-02-07,159782.SZ,双创50,20210707,中证科创创业50指数,中证科创创业50指数收益率,银华基金管理股份有限公司,招商银行股份有限公司,股票型ETF,规模指数ETF,931643.CSI,1054322779.8712,29251966,21601763.39,0.734,0.73847218986922,0.054525627
2022-02-08,159782.SZ,双创50,20210707,中证科创创业50指数,中证科创创业50指数收益率,银华基金管理股份有限公司,招商银行股份有限公司,股票型ETF,规模指数ETF,931643.CSI,1039835479.3977,48901414,34793361.46,0.712,0.71150011040581,-0.154256065
2022-02-09,159782.SZ,双创50,20210707,中证科创创业50指数,中证科创创业50指数收益率,银华基金管理股份有限公司,招商银行股份有限公司,股票型ETF,规模指数ETF,931643.CSI,1053484897.1065,27561923,19638986.73,0.718,0.71254051214061,-0.20847811
2022-02-10,159782.SZ,双创50,20210707,中证科创创业50指数,中证科创创业50指数收益率,银华基金管理股份有限公司,招商银行股份有限公司,股票型ETF,规模指数ETF,931643.CSI,1040808923.6355,30582606,21616417.87,0.707,0.70682066368052,0.070771408
2022-02-11,159782.SZ,双创50,20210707,中证科创创业50指数,中证科创创业50指数收益率,银华基金管理股份有限公司,招商银行股份有限公司,股票型ETF,规模指数ETF,931643.CSI,1023428446.6159,34802037,24166434.86,0.688,0.69439713715608,0.043623673
2022-02-14,159782.SZ,双创50,20210707,中证科创创业50指数,中证科创创业50指数收益率,银华基金管理股份有限公司,招商银行股份有限公司,股票型ETF,规模指数ETF,931643.CSI,1025938903.696,23164744,15928914.42,0.687,0.68763610856222,-0.145348837
2022-02-15,159782.SZ,双创50,20210707,中证科创创业50指数,中证科创创业50指数收益率,银华基金管理股份有限公司,招商银行股份有限公司,股票型ETF,规模指数ETF,931643.CSI,1043905874.9705,51350648,36033616.22,0.71,0.70171687453681,-0.210822207
2022-02-16,159782.SZ,双创50,20210707,中证科创创业50指数,中证科创创业50指数收益率,银华基金管理股份有限公司,招商银行股份有限公司,股票型ETF,规模指数ETF,931643.CSI,1030410565.2375,33711069,24037307.96,0.712,0.71303903059259,-0.070175439
2022-02-17,159782.SZ,双创50,20210707,中证科创创业50指数,中证科创创业50指数收益率,银华基金管理股份有限公司,招商银行股份有限公司,股票型ETF,规模指数ETF,931643.CSI,1036643568.7861,21789904,15650516.77,0.717,0.7182462469775,-0.180982876
2022-02-18,159782.SZ,双创50,20210707,中证科创创业50指数,中证科创创业50指数收益率,银华基金管理股份有限公司,招商银行股份有限公司,股票型ETF,规模指数ETF,931643.CSI,1028583888.6914,25125451,17839907.64,0.713,0.71003332994898,-0.168020162
2022-02-21,159782.SZ,双创50,20210707,中证科创创业50指数,中证科创创业50指数收益率,银华基金管理股份有限公司,招商银行股份有限公司,股票型ETF,规模指数ETF,931643.CSI,1025098046.6501,18865417,13393837.66,0.71,0.70996774998401,-0.042235675
2022-02-22,159782.SZ,双创50,20210707,中证科创创业50指数,中证科创创业50指数收益率,银华基金管理股份有限公司,招商银行股份有限公司,股票型ETF,规模指数ETF,931643.CSI,1020229947.968,22153859,15526103.02,0.7,0.70083063271279,-0.568181818
2022-02-23,159782.SZ,双创50,20210707,中证科创创业50指数,中证科创创业50指数收益率,银华基金管理股份有限公司,招商银行股份有限公司,股票型ETF,规模指数ETF,931643.CSI,1046298228.9755,38377338,27555708.65,0.726,0.71802032360869,-0.068823125
2022-02-24,159782.SZ,双创50,20210707,中证科创创业50指数,中证科创创业50指数收益率,银华基金管理股份有限公司,招商银行股份有限公司,股票型ETF,规模指数ETF,931643.CSI,1028007812.5846,31486886,22579649.43,0.711,0.71711281420462,-0.392266741
2022-02-25,159782.SZ,双创50,20210707,中证科创创业50指数,中证科创创业50指数收益率,银华基金管理股份有限公司,招商银行股份有限公司,股票型ETF,规模指数ETF,931643.CSI,1035303189.6042,31739109,23245597.67,0.731,0.73239603764554,-0.218400218
2022-02-28,159782.SZ,双创50,20210707,中证科创创业50指数,中证科创创业50指数收益率,银华基金管理股份有限公司,招商银行股份有限公司,股票型ETF,规模指数ETF,931643.CSI,1042510459.9659,23227018,17000019.76,0.736,0.73190711610074,-0.230445981
2022-03-01,159782.SZ,双创50,20210707,中证科创创业50指数,中证科创创业50指数收益率,银华基金管理股份有限公司,招商银行股份有限公司,股票型ETF,规模指数ETF,931643.CSI,1038977484.2984,19092607,14020318.25,0.736,0.7343323125019,0.108813928
2022-03-02,159782.SZ,双创50,20210707,中证科创创业50指数,中证科创创业50指数收益率,银华基金管理股份有限公司,招商银行股份有限公司,股票型ETF,规模指数ETF,931643.CSI,1024845581.6284,16749430,12096054.38,0.724,0.72217707587661,-0.165471594
2022-03-03,159782.SZ,双创50,20210707,中证科创创业50指数,中证科创创业50指数收益率,银华基金管理股份有限公司,招商银行股份有限公司,股票型ETF,规模指数ETF,931643.CSI,1016012726.7448,19327418,13865626.33,0.714,0.71740707061854,-0.055991041
2022-03-04,159782.SZ,双创50,20210707,中证科创创业50指数,中证科创创业50指数收益率,银华基金管理股份有限公司,招商银行股份有限公司,股票型ETF,规模指数ETF,931643.CSI,1009561614.3418,22294917,15818775.51,0.704,0.70952385738866,-0.198468954
2022-03-07,159782.SZ,双创50,20210707,中证科创创业50指数,中证科创创业50指数收益率,银华基金管理股份有限公司,招商银行股份有限公司,股票型ETF,规模指数ETF,931643.CSI,987925038.6401,42000451,28774871.8,0.684,0.68510863847629,0.543877701
2022-03-08,159782.SZ,双创50,20210707,中证科创创业50指数,中证科创创业50指数收益率,银华基金管理股份有限公司,招商银行股份有限公司,股票型ETF,规模指数ETF,931643.CSI,979936379.3293,28215429,19073077.42,0.667,0.6759804155379,-0.134750711
2022-03-09,159782.SZ,双创50,20210707,中证科创创业50指数,中证科创创业50指数收益率,银华基金管理股份有限公司,招商银行股份有限公司,股票型ETF,规模指数ETF,931643.CSI,977385575.7807,31150215,20514281.45,0.664,0.65855986708278,0.286965715
2022-03-10,159782.SZ,双创50,20210707,中证科创创业50指数,中证科创创业50指数收益率,银华基金管理股份有限公司,招商银行股份有限公司,股票型ETF,规模指数ETF,931643.CSI,1002776048.3731,21885921,14844691.67,0.678,0.67827585003163,-0.191373473
2022-03-11,159782.SZ,双创50,20210707,中证科创创业50指数,中证科创创业50指数收益率,银华基金管理股份有限公司,招商银行股份有限公司,股票型ETF,规模指数ETF,931643.CSI,1010461770.5091,26659315,18029871.37,0.686,0.67630662565786,-0.189145933
2022-03-14,159782.SZ,双创50,20210707,中证科创创业50指数,中证科创创业50指数收益率,银华基金管理股份有限公司,招商银行股份有限公司,股票型ETF,规模指数ETF,931643.CSI,984766527.1157,27569616,18569613.99,0.668,0.67355359574105,0.134912307
2022-03-15,159782.SZ,双创50,20210707,中证科创创业50指数,中证科创创业50指数收益率,银华基金管理股份有限公司,招商银行股份有限公司,股票型ETF,规模指数ETF,931643.CSI,962328435.0573,22293729,14781993.08,0.652,0.66305610335534,0.015339776
2022-03-16,159782.SZ,双创50,20210707,中证科创创业50指数,中证科创创业50指数收益率,银华基金管理股份有限公司,招商银行股份有限公司,股票型ETF,规模指数ETF,931643.CSI,1004961867.3998,36311142,24003368.32,0.677,0.66104691281811,-0.35325287
2022-03-17,159782.SZ,双创50,20210707,中证科创创业50指数,中证科创创业50指数收益率,银华基金管理股份有限公司,招商银行股份有限公司,股票型ETF,规模指数ETF,931643.CSI,1009216101.9388,58716269,40956253.09,0.694,0.6975281942727,-0.344629523
2022-03-18,159782.SZ,双创50,20210707,中证科创创业50指数,中证科创创业50指数收益率,银华基金管理股份有限公司,招商银行股份有限公司,股票型ETF,规模指数ETF,931643.CSI,1006033186.9,28103261,19489016.43,0.7,0.69347882546442,0
2022-03-21,159782.SZ,双创50,20210707,中证科创创业50指数,中证科创创业50指数收益率,银华基金管理股份有限公司,招商银行股份有限公司,股票型ETF,规模指数ETF,931643.CSI,1003761505.0481,26936058,18908506.02,0.703,0.70197747643698,-0.184580434
2022-03-22,159782.SZ,双创50,20210707,中证科创创业50指数,中证科创创业50指数收益率,银华基金管理股份有限公司,招商银行股份有限公司,股票型ETF,规模指数ETF,931643.CSI,989878122.2834,20730300,14336973,0.689,0.69159505651148,-0.173862649
2022-03-23,159782.SZ,双创50,20210707,中证科创创业50指数,中证科创创业50指数收益率,银华基金管理股份有限公司,招商银行股份有限公司,股票型ETF,规模指数ETF,931643.CSI,998053006.8053,32120634,22303669.77,0.696,0.69437202796184,0.014369881
2022-03-24,159782.SZ,双创50,20210707,中证科创创业50指数,中证科创创业50指数收益率,银华基金管理股份有限公司,招商银行股份有限公司,股票型ETF,规模指数ETF,931643.CSI,993818521.4048,23619820,16297895.88,0.694,0.69000931759853,-0.057603687
2022-03-25,159782.SZ,双创50,20210707,中证科创创业50指数,中证科创创业50指数收益率,银华基金管理股份有限公司,招商银行股份有限公司,股票型ETF,规模指数ETF,931643.CSI,973424601.4653,25284900,17295699,0.677,0.68403272308769,0.162745968
2022-03-28,159782.SZ,双创50,20210707,中证科创创业50指数,中证科创创业50指数收益率,银华基金管理股份有限公司,招商银行股份有限公司,股票型ETF,规模指数ETF,931643.CSI,963963899.2346,23982606,15957883.47,0.664,0.66539405559179,0.030129557
2022-03-29,159782.SZ,双创50,20210707,中证科创创业50指数,中证科创创业50指数收益率,银华基金管理股份有限公司,招商银行股份有限公司,股票型ETF,规模指数ETF,931643.CSI,964500108.9676,13740913,9135690.13,0.662,0.66485321099115,-0.12070006
2022-03-30,159782.SZ,双创50,20210707,中证科创创业50指数,中证科创创业50指数收益率,银华基金管理股份有限公司,招商银行股份有限公司,股票型ETF,规模指数ETF,931643.CSI,984400081.1207,27974890,18881130,0.681,0.6749313402126,-0.161266676
2022-03-31,159782.SZ,双创50,20210707,中证科创创业50指数,中证科创创业50指数收益率,银华基金管理股份有限公司,招商银行股份有限公司,股票型ETF,规模指数ETF,931643.CSI,975163663.4119,18400009,12407367.27,0.675,0.67431310875989,-0.103596271
2022-04-01,159782.SZ,双创50,20210707,中证科创创业50指数,中证科创创业50指数收益率,银华基金管理股份有限公司,招商银行股份有限公司,股票型ETF,规模指数ETF,931643.CSI,971839859.424,17455988,11714479.89,0.67,0.67108661451875,-0.297619048
2022-04-06,159782.SZ,双创50,20210707,中证科创创业50指数,中证科创创业50指数收益率,银华基金管理股份有限公司,招商银行股份有限公司,股票型ETF,规模指数ETF,931643.CSI,961349956.754,20869910,13823968.65,0.663,0.66238755461811,0.151057402
2022-04-07,159782.SZ,双创50,20210707,中证科创创业50指数,中证科创创业50指数收益率,银华基金管理股份有限公司,招商银行股份有限公司,股票型ETF,规模指数ETF,931643.CSI,952206483.283,24713604,16128630.21,0.65,0.65262153630041,0.154083205
2022-04-08,159782.SZ,双创50,20210707,中证科创创业50指数,中证科创创业50指数收益率,银华基金管理股份有限公司,招商银行股份有限公司,股票型ETF,规模指数ETF,931643.CSI,952940078.4165,27963603,18207746.64,0.649,0.6511230559238,-0.076982294
2022-04-11,159782.SZ,双创50,20210707,中证科创创业50指数,中证科创创业50指数收益率,银华基金管理股份有限公司,招商银行股份有限公司,股票型ETF,规模指数ETF,931643.CSI,927702888.1153,34749236,22012026.33,0.631,0.633453533482,0.81482665
2022-04-12,159782.SZ,双创50,20210707,中证科创创业50指数,中证科创创业50指数收益率,银华基金管理股份有限公司,招商银行股份有限公司,股票型ETF,规模指数ETF,931643.CSI,942524790.7853,21813321,13740719.58,0.634,0.62992331979161,-0.298789118
2022-04-13,159782.SZ,双创50,20210707,中证科创创业50指数,中证科创创业50指数收益率,银华基金管理股份有限公司,招商银行股份有限公司,股票型ETF,规模指数ETF,931643.CSI,922529146.5133,21185114,13248240.21,0.622,0.62535609721052,0.338764317
2022-04-14,159782.SZ,双创50,20210707,中证科创创业50指数,中证科创创业50指数收益率,银华基金管理股份有限公司,招商银行股份有限公司,股票型ETF,规模指数ETF,931643.CSI,923367109.3385,25965507,15982196.98,0.616,0.61551646112668,0.081234768
2022-04-15,159782.SZ,双创50,20210707,中证科创创业50指数,中证科创创业50指数收益率,银华基金管理股份有限公司,招商银行股份有限公司,股票型ETF,规模指数ETF,931643.CSI,922002942.0861,28554934,17569762.54,0.617,0.61529690595678,-0.210253922
2022-04-18,159782.SZ,双创50,20210707,中证科创创业50指数,中证科创创业50指数收益率,银华基金管理股份有限公司,招商银行股份有限公司,股票型ETF,规模指数ETF,931643.CSI,943431734.5838,28699222,17944516.92,0.63,0.62526144158194,-0.22172949
2022-04-19,159782.SZ,双创50,20210707,中证科创创业50指数,中证科创创业50指数收益率,银华基金管理股份有限公司,招商银行股份有限公司,股票型ETF,规模指数ETF,931643.CSI,924463793.8604,23783211,14815834.35,0.62,0.62295349227655,-0.193174501
2022-04-20,159782.SZ,双创50,20210707,中证科创创业50指数,中证科创创业50指数收益率,银华基金管理股份有限公司,招商银行股份有限公司,股票型ETF,规模指数ETF,931643.CSI,905197093.8262,47034831,28457285.33,0.6,0.60502578036264,0.233879051
2022-04-21,159782.SZ,双创50,20210707,中证科创创业50指数,中证科创创业50指数收益率,银华基金管理股份有限公司,招商银行股份有限公司,股票型ETF,规模指数ETF,931643.CSI,896538477.4353,37143104,22051923.26,0.584,0.59370168039806,-0.324287421
2022-04-22,159782.SZ,双创50,20210707,中证科创创业50指数,中证科创创业50指数收益率,银华基金管理股份有限公司,招商银行股份有限公司,股票型ETF,规模指数ETF,931643.CSI,885674126.5396,30466723,17672637.05,0.576,0.58006360086708,-0.483759502
2022-04-25,159782.SZ,双创50,20210707,中证科创创业50指数,中证科创创业50指数收益率,银华基金管理股份有限公司,招商银行股份有限公司,股票型ETF,规模指数ETF,931643.CSI,835435376.4883,38878041,21638246.96,0.546,0.55656731675343,0.201871903
2022-04-26,159782.SZ,双创50,20210707,中证科创创业50指数,中证科创创业50指数收益率,银华基金管理股份有限公司,招商银行股份有限公司,股票型ETF,规模指数ETF,931643.CSI,826696191.9664,30077911,16438415.38,0.539,0.54652782834553,-0.037091988
2022-04-27,159782.SZ,双创50,20210707,中证科创创业50指数,中证科创创业50指数收益率,银华基金管理股份有限公司,招商银行股份有限公司,股票型ETF,规模指数ETF,931643.CSI,861167500.855,44263455,24173927.5,0.564,0.54613738353683,-0.17699115
2022-04-28,159782.SZ,双创50,20210707,中证科创创业50指数,中证科创创业50指数收益率,银华基金管理股份有限公司,招商银行股份有限公司,股票型ETF,规模指数ETF,931643.CSI,847259415.8938,33168506,18558479.68,0.559,0.55952112163267,-0.427502672
2022-04-29,159782.SZ,双创50,20210707,中证科创创业50指数,中证科创创业50指数收益率,银华基金管理股份有限公司,招商银行股份有限公司,股票型ETF,规模指数ETF,931643.CSI,881518034.9547,36183707,20647021.07,0.582,0.57061652279022,-0.359527478
2022-05-05,159782.SZ,双创50,20210707,中证科创创业50指数,中证科创创业50指数收益率,银华基金管理股份有限公司,招商银行股份有限公司,股票型ETF,规模指数ETF,931643.CSI,876359925.661,23640472,13804797.68,0.583,0.58394763353287,0
2022-05-06,159782.SZ,双创50,20210707,中证科创创业50指数,中证科创创业50指数收益率,银华基金管理股份有限公司,招商银行股份有限公司,股票型ETF,规模指数ETF,931643.CSI,855258471.2167,26116705,14926451.96,0.57,0.5715289107106,-0.017540782
2022-05-09,159782.SZ,双创50,20210707,中证科创创业50指数,中证科创创业50指数收益率,银华基金管理股份有限公司,招商银行股份有限公司,股票型ETF,规模指数ETF,931643.CSI,852108071.656,11626102,6604810.54,0.568,0.56810189176045,0
2022-05-10,159782.SZ,双创50,20210707,中证科创创业50指数,中证科创创业50指数收益率,银华基金管理股份有限公司,招商银行股份有限公司,股票型ETF,规模指数ETF,931643.CSI,866381545.127,27981708,16222284.63,0.579,0.57974604802537,-0.344234079
2022-05-11,159782.SZ,双创50,20210707,中证科创创业50指数,中证科创创业50指数收益率,银华基金管理股份有限公司,招商银行股份有限公司,股票型ETF,规模指数ETF,931643.CSI,881928069.4937,52964969,32018666.14,0.6,0.60452534466696,-0.182997837
2022-05-12,159782.SZ,双创50,20210707,中证科创创业50指数,中证科创创业50指数收益率,银华基金管理股份有限公司,招商银行股份有限公司,股票型ETF,规模指数ETF,931643.CSI,884810178.3481,11318308,6804580.32,0.604,0.60120119721075,-0.049644216
2022-05-13,159782.SZ,双创50,20210707,中证科创创业50指数,中证科创创业50指数收益率,银华基金管理股份有限公司,招商银行股份有限公司,股票型ETF,规模指数ETF,931643.CSI,879516997.3748,22995901,13860249.91,0.604,0.60272697773399,-0.066181337
2022-05-16,159782.SZ,双创50,20210707,中证科创创业50指数,中证科创创业50指数收益率,银华基金管理股份有限公司,招商银行股份有限公司,股票型ETF,规模指数ETF,931643.CSI,870431042.0519,26256100,15719143.4,0.594,0.59868538739569,-0.285378546
2022-05-17,159782.SZ,双创50,20210707,中证科创创业50指数,中证科创创业50指数收益率,银华基金管理股份有限公司,招商银行股份有限公司,股票型ETF,规模指数ETF,931643.CSI,882350930.5617,20629210,12416775.91,0.604,0.60190263757071,-0.181788134
2022-05-18,159782.SZ,双创50,20210707,中证科创创业50指数,中证科创创业50指数收益率,银华基金管理股份有限公司,招商银行股份有限公司,股票型ETF,规模指数ETF,931643.CSI,884684034.9889,12126045,7359866.42,0.605,0.60694698230132,-0.280204384
2022-05-19,159782.SZ,双创50,20210707,中证科创创业50指数,中证科创创业50指数收益率,银华基金管理股份有限公司,招商银行股份有限公司,股票型ETF,规模指数ETF,931643.CSI,887706333.2317,22314652,13615992.51,0.614,0.61018170975734,-0.17883271
2022-05-20,159782.SZ,双创50,20210707,中证科创创业50指数,中证科创创业50指数收益率,银华基金管理股份有限公司,招商银行股份有限公司,股票型ETF,规模指数ETF,931643.CSI,897808665.1007,17713374,10987587.04,0.621,0.62029893570813,-0.176820447
2022-05-23,159782.SZ,双创50,20210707,中证科创创业50指数,中证科创创业50指数收益率,银华基金管理股份有限公司,招商银行股份有限公司,股票型ETF,规模指数ETF,931643.CSI,894345008.4599,12028006,7420524.41,0.62,0.61693720555178,0.048410521
2022-05-24,159782.SZ,双创50,20210707,中证科创创业50指数,中证科创创业50指数收益率,银华基金管理股份有限公司,招商银行股份有限公司,股票型ETF,规模指数ETF,931643.CSI,861929399.132,29589704,17985331.51,0.595,0.60782397519083,-0.167785235
2022-05-25,159782.SZ,双创50,20210707,中证科创创业50指数,中证科创创业50指数收益率,银华基金管理股份有限公司,招商银行股份有限公司,股票型ETF,规模指数ETF,931643.CSI,865166589.399,20855708,12398675.56,0.596,0.59449794559839,-0.167504188
2022-05-26,159782.SZ,双创50,20210707,中证科创创业50指数,中证科创创业50指数收益率,银华基金管理股份有限公司,招商银行股份有限公司,股票型ETF,规模指数ETF,931643.CSI,860858390.2776,23801113,14077727.79,0.592,0.59147350756244,-0.134952767
2022-05-27,159782.SZ,双创50,20210707,中证科创创业50指数,中证科创创业50指数收益率,银华基金管理股份有限公司,招商银行股份有限公司,股票型ETF,规模指数ETF,931643.CSI,862165361.5179,19212402,11499080.3,0.593,0.59852382330955,-0.117904666
2022-05-30,159782.SZ,双创50,20210707,中证科创创业50指数,中证科创创业50指数收益率,银华基金管理股份有限公司,招商银行股份有限公司,股票型ETF,规模指数ETF,931643.CSI,869861969.933,10516108,6268291.94,0.597,0.59606576311312,-0.333889816
2022-05-31,159782.SZ,双创50,20210707,中证科创创业50指数,中证科创创业50指数收益率,银华基金管理股份有限公司,招商银行股份有限公司,股票型ETF,规模指数ETF,931643.CSI,886659252.6977,32181674,19536973.04,0.611,0.60708380303647,-0.342521611
2022-06-01,159782.SZ,双创50,20210707,中证科创创业50指数,中证科创创业50指数收益率,银华基金管理股份有限公司,招商银行股份有限公司,股票型ETF,规模指数ETF,931643.CSI,890901699.1662,25620710,15793608.93,0.617,0.61643915918021,-0.258648561
2022-06-02,159782.SZ,双创50,20210707,中证科创创业50指数,中证科创创业50指数收益率,银华基金管理股份有限公司,招商银行股份有限公司,股票型ETF,规模指数ETF,931643.CSI,907895944.3168,32039906,20016000.45,0.63,0.62472094799529,-0.063451777
2022-06-06,159782.SZ,双创50,20210707,中证科创创业50指数,中证科创创业50指数收益率,银华基金管理股份有限公司,招商银行股份有限公司,股票型ETF,规模指数ETF,931643.CSI,933214586.8316,39711582,25673155.44,0.654,0.64649037250644,-0.12217471
2022-06-07,159782.SZ,双创50,20210707,中证科创创业50指数,中证科创创业50指数收益率,银华基金管理股份有限公司,招商银行股份有限公司,股票型ETF,规模指数ETF,931643.CSI,927618091.2588,28721239,18792668.5,0.655,0.65431259772602,-0.213284583
2022-06-08,159782.SZ,双创50,20210707,中证科创创业50指数,中证科创创业50指数收益率,银华基金管理股份有限公司,招商银行股份有限公司,股票型ETF,规模指数ETF,931643.CSI,923784309.4069,17585902,11513268.69,0.658,0.65468741324727,-0.408657484
2022-06-09,159782.SZ,双创50,20210707,中证科创创业50指数,中证科创创业50指数收益率,银华基金管理股份有限公司,招商银行股份有限公司,股票型ETF,规模指数ETF,931643.CSI,896100142.1203,26477601,17200038.75,0.64,0.64960714341152,-0.140427524
2022-06-10,159782.SZ,双创50,20210707,中证科创创业50指数,中证科创创业50指数收益率,银华基金管理股份有限公司,招商银行股份有限公司,股票型ETF,规模指数ETF,931643.CSI,913437701.4311,23688038,15267676.12,0.651,0.64453105487251,-0.352058779
2022-06-13,159782.SZ,双创50,20210707,中证科创创业50指数,中证科创创业50指数收益率,银华基金管理股份有限公司,招商银行股份有限公司,股票型ETF,规模指数ETF,931643.CSI,903930007.6155,16144006,10428965.28,0.646,0.64599612264763,-0.07733952
2022-06-14,159782.SZ,双创50,20210707,中证科创创业50指数,中证科创创业50指数收益率,银华基金管理股份有限公司,招商银行股份有限公司,股票型ETF,规模指数ETF,931643.CSI,899664704.0669,30749212,19372573.35,0.639,0.63001853023095,-0.26533479
2022-06-15,159782.SZ,双创50,20210707,中证科创创业50指数,中证科创创业50指数收益率,银华基金管理股份有限公司,招商银行股份有限公司,股票型ETF,规模指数ETF,931643.CSI,899664704.0669,21733934,14024698.17,0.642,0.64529036344732,0.202903075
2022-06-16,159782.SZ,双创50,20210707,中证科创创业50指数,中证科创创业50指数收益率,银华基金管理股份有限公司,招商银行股份有限公司,股票型ETF,规模指数ETF,931643.CSI,904209645.6689,23374620,15137067.75,0.646,0.64758561850417,-0.108241843
2022-06-17,159782.SZ,双创50,20210707,中证科创创业50指数,中证科创创业50指数收益率,银华基金管理股份有限公司,招商银行股份有限公司,股票型ETF,规模指数ETF,931643.CSI,918254766.487,34944874,22890442.18,0.661,0.6550443472768,0
2022-06-20,159782.SZ,双创50,20210707,中证科创创业50指数,中证科创创业50指数收益率,银华基金管理股份有限公司,招商银行股份有限公司,股票型ETF,规模指数ETF,931643.CSI,922811049.691,28951058,19498352.16,0.673,0.67349359598533,0
2022-06-21,159782.SZ,双创50,20210707,中证科创创业50指数,中证科创创业50指数收益率,银华基金管理股份有限公司,招商银行股份有限公司,股票型ETF,规模指数ETF,931643.CSI,918233936.4094,23983315,15986004.99,0.667,0.66654693023045,-0.17958695
2022-06-22,159782.SZ,双创50,20210707,中证科创创业50指数,中证科创创业50指数收益率,银华基金管理股份有限公司,招商银行股份有限公司,股票型ETF,规模指数ETF,931643.CSI,907110147.021,21867114,14642891.37,0.663,0.6696307235605,0
2022-06-23,159782.SZ,双创50,20210707,中证科创创业50指数,中证科创创业50指数收益率,银华基金管理股份有限公司,招商银行股份有限公司,股票型ETF,规模指数ETF,931643.CSI,921802524.4799,33135516,22209479.88,0.678,0.67026208011971,-0.250110343
2022-06-24,159782.SZ,双创50,20210707,中证科创创业50指数,中证科创创业50指数收益率,银华基金管理股份有限公司,招商银行股份有限公司,股票型ETF,规模指数ETF,931643.CSI,933405721.4048,24801016,17114940.08,0.693,0.69009028017239,-0.201612903
2022-06-27,159782.SZ,双创50,20210707,中证科创创业50指数,中证科创创业50指数收益率,银华基金管理股份有限公司,招商银行股份有限公司,股票型ETF,规模指数ETF,931643.CSI,932464788.2179,20257714,14114266.02,0.692,0.69673537794047,-0.245062707
2022-06-28,159782.SZ,双创50,20210707,中证科创创业50指数,中证科创创业50指数收益率,银华基金管理股份有限公司,招商银行股份有限公司,股票型ETF,规模指数ETF,931643.CSI,940608244.4194,20202015,13888356.54,0.697,0.68747382575451,-0.171870524
2022-06-29,159782.SZ,双创50,20210707,中证科创创业50指数,中证科创创业50指数收益率,银华基金管理股份有限公司,招商银行股份有限公司,股票型ETF,规模指数ETF,931643.CSI,919884628.9071,17410805,12018773.34,0.681,0.69030543619321,-0.044033465
2022-06-30,159782.SZ,双创50,20210707,中证科创创业50指数,中证科创创业50指数收益率,银华基金管理股份有限公司,招商银行股份有限公司,股票型ETF,规模指数ETF,931643.CSI,930011055.9096,14390429,9883965.31,0.687,0.68684299196362,-0.261324042
2022-07-01,159782.SZ,双创50,20210707,中证科创创业50指数,中证科创创业50指数收益率,银华基金管理股份有限公司,招商银行股份有限公司,股票型ETF,规模指数ETF,931643.CSI,919884628.9071,16039601,10947304.08,0.68,0.682517232193,-0.190811684
2022-07-04,159782.SZ,双创50,20210707,中证科创创业50指数,中证科创创业50指数收益率,银华基金管理股份有限公司,招商银行股份有限公司,股票型ETF,规模指数ETF,931643.CSI,926281512.9897,21242704,14532828.43,0.689,0.68413269939646,-0.014511682
2022-07-05,159782.SZ,双创50,20210707,中证科创创业50指数,中证科创创业50指数收益率,银华基金管理股份有限公司,招商银行股份有限公司,股票型ETF,规模指数ETF,931643.CSI,921576847.0552,22042706,15027950.29,0.684,0.68176521929749,-0.233372229
2022-07-06,159782.SZ,双创50,20210707,中证科创创业50指数,中证科创创业50指数收益率,银华基金管理股份有限公司,招商银行股份有限公司,股票型ETF,规模指数ETF,931643.CSI,913937737.7615,29000833,19987943.75,0.685,0.6892196424151,0.073046019
2022-07-07,159782.SZ,双创50,20210707,中证科创创业50指数,中证科创创业50指数收益率,银华基金管理股份有限公司,招商银行股份有限公司,股票型ETF,规模指数ETF,931643.CSI,924221997.0723,25700125,17771106.26,0.696,0.69147937062563,-0.129143349
2022-07-08,159782.SZ,双创50,20210707,中证科创创业50指数,中证科创创业50指数收益率,银华基金管理股份有限公司,招商银行股份有限公司,股票型ETF,规模指数ETF,931643.CSI,916875446.1766,21483130,14906104.68,0.69,0.69385162590367,0.028993911
2022-07-11,159782.SZ,双创50,20210707,中证科创创业50指数,中证科创创业50指数收益率,银华基金管理股份有限公司,招商银行股份有限公司,股票型ETF,规模指数ETF,931643.CSI,903184786.4265,18837639,12749273.59,0.678,0.6767978508347,-0.220750552
2022-07-12,159782.SZ,双创50,20210707,中证科创创业50指数,中证科创创业50指数收益率,银华基金管理股份有限公司,招商银行股份有限公司,股票型ETF,规模指数ETF,931643.CSI,881651904.1011,14860619,9927343.57,0.663,0.66803028662534,-0.045228403
2022-07-13,159782.SZ,双创50,20210707,中证科创创业50指数,中证科创创业50指数收益率,银华基金管理股份有限公司,招商银行股份有限公司,股票型ETF,规模指数ETF,931643.CSI,891886669.157,24506505,16243989.45,0.67,0.6628439857091,-0.149031297
2022-07-14,159782.SZ,双创50,20210707,中证科创创业50指数,中证科创创业50指数收益率,银华基金管理股份有限公司,招商银行股份有限公司,股票型ETF,规模指数ETF,931643.CSI,907316960.3368,42120313,28894911.6,0.689,0.68600894774927,-0.202780997
2022-07-15,159782.SZ,双创50,20210707,中证科创创业50指数,中证科创创业50指数收益率,银华基金管理股份有限公司,招商银行股份有限公司,股票型ETF,规模指数ETF,931643.CSI,892203772.2663,19441006,13320080.22,0.681,0.68515385572125,0.309323906
2022-07-18,159782.SZ,双创50,20210707,中证科创创业50指数,中证科创创业50指数收益率,银华基金管理股份有限公司,招商银行股份有限公司,股票型ETF,规模指数ETF,931643.CSI,898380466.5212,16026008,10877586.45,0.681,0.67874585174299,-0.38033938
2022-07-19,159782.SZ,双创50,20210707,中证科创创业50指数,中证科创创业50指数收益率,银华基金管理股份有限公司,招商银行股份有限公司,股票型ETF,规模指数ETF,931643.CSI,881595445.7031,14367306,9622978.8,0.67,0.66978310338765,0.104586882
2022-07-20,159782.SZ,双创50,20210707,中证科创创业50指数,中证科创创业50指数收益率,银华基金管理股份有限公司,招商银行股份有限公司,股票型ETF,规模指数ETF,931643.CSI,887917958.9847,9766103,6593165.02,0.672,0.67510705344803,-0.31152648
2022-07-21,159782.SZ,双创50,20210707,中证科创创业50指数,中证科创创业50指数收益率,银华基金管理股份有限公司,招商银行股份有限公司,股票型ETF,规模指数ETF,931643.CSI,884266716.0648,16571612,11256621.75,0.675,0.67927137987542,0.088967972
2022-07-22,159782.SZ,双创50,20210707,中证科创创业50指数,中证科创创业50指数收益率,银华基金管理股份有限公司,招商银行股份有限公司,股票型ETF,规模指数ETF,931643.CSI,882873021.3706,18623516,12532680.28,0.672,0.67294920465072,0.029770765
2022-07-25,159782.SZ,双创50,20210707,中证科创创业50指数,中证科创创业50指数收益率,银华基金管理股份有限公司,招商银行股份有限公司,股票型ETF,规模指数ETF,931643.CSI,875668089.5016,16729227,11112948.66,0.664,0.66428345194909,-0.120336943
2022-07-26,159782.SZ,双创50,20210707,中证科创创业50指数,中证科创创业50指数收益率,银华基金管理股份有限公司,招商银行股份有限公司,股票型ETF,规模指数ETF,931643.CSI,880805131.5429,13528216,8982385.28,0.668,0.66397411750374,-0.104680724
2022-07-27,159782.SZ,双创50,20210707,中证科创创业50指数,中证科创创业50指数收益率,银华基金管理股份有限公司,招商银行股份有限公司,股票型ETF,规模指数ETF,931643.CSI,884624983.3172,7647414,5111835.65,0.671,0.66843976931287,-0.089338892
2022-07-28,159782.SZ,双创50,20210707,中证科创创业50指数,中证科创创业50指数收益率,银华基金管理股份有限公司,招商银行股份有限公司,股票型ETF,规模指数ETF,931643.CSI,883924373.5842,12045202,8144249.55,0.671,0.67614055372421,-0.237882843
2022-07-29,159782.SZ,双创50,20210707,中证科创创业50指数,中证科创创业50指数收益率,银华基金管理股份有限公司,招商银行股份有限公司,股票型ETF,规模指数ETF,931643.CSI,873297147.021,17205320,11453098.71,0.665,0.66567193809822,0.301659125
2022-08-01,159782.SZ,双创50,20210707,中证科创创业50指数,中证科创创业50指数收益率,银华基金管理股份有限公司,招商银行股份有限公司,股票型ETF,规模指数ETF,931643.CSI,888918296.5988,34536510,22947689.75,0.674,0.66444726899157,-0.354819633
2022-08-02,159782.SZ,双创50,20210707,中证科创创业50指数,中证科创创业50指数收益率,银华基金管理股份有限公司,招商银行股份有限公司,股票型ETF,规模指数ETF,931643.CSI,875612860.3026,24923646,16621404.43,0.667,0.66689297504867,-0.119796346
2022-08-03,159782.SZ,双创50,20210707,中证科创创业50指数,中证科创创业50指数收益率,银华基金管理股份有限公司,招商银行股份有限公司,股票型ETF,规模指数ETF,931643.CSI,862894314.7127,23922633,15893949.86,0.661,0.66438965393149,0.440662513
2022-08-04,159782.SZ,双创50,20210707,中证科创创业50指数,中证科创创业50指数收益率,银华基金管理股份有限公司,招商银行股份有限公司,股票型ETF,规模指数ETF,931643.CSI,868139075.7807,17727017,11725898.13,0.662,0.66147046228928,-0.015103459
2022-08-05,159782.SZ,双创50,20210707,中证科创创业50指数,中证科创创业50指数收益率,银华基金管理股份有限公司,招商银行股份有限公司,股票型ETF,规模指数ETF,931643.CSI,882439139.5187,20397805,13674166.84,0.675,0.67037442705232,-0.162697826
2022-08-08,159782.SZ,双创50,20210707,中证科创创业50指数,中证科创创业50指数收益率,银华基金管理股份有限公司,招商银行股份有限公司,股票型ETF,规模指数ETF,931643.CSI,878001492.6109,13186628,8825171.79,0.673,0.6692515925982,0.044596403
2022-08-09,159782.SZ,双创50,20210707,中证科创创业50指数,中证科创创业50指数收益率,银华基金管理股份有限公司,招商银行股份有限公司,股票型ETF,规模指数ETF,931643.CSI,886270695.7202,14457418,9792109.93,0.68,0.677306966569,-0.088157508
2022-08-10,159782.SZ,双创50,20210707,中证科创创业50指数,中证科创创业50指数收益率,银华基金管理股份有限公司,招商银行股份有限公司,股票型ETF,规模指数ETF,931643.CSI,874160326.2371,19361307,13032481.81,0.673,0.67311994019825,0.253239982
2022-08-11,159782.SZ,双创50,20210707,中证科创创业50指数,中证科创创业50指数收益率,银华基金管理股份有限公司,招商银行股份有限公司,股票型ETF,规模指数ETF,931643.CSI,886464523.6013,14385516,9786407.26,0.684,0.68029587954996,0.014622021
2022-08-12,159782.SZ,双创50,20210707,中证科创创业50指数,中证科创创业50指数收益率,银华基金管理股份有限公司,招商银行股份有限公司,股票型ETF,规模指数ETF,931643.CSI,875058049.2517,6780116,4598217.44,0.676,0.67819155896448,0.133313583
2022-08-15,159782.SZ,双创50,20210707,中证科创创业50指数,中证科创创业50指数收益率,银华基金管理股份有限公司,招商银行股份有限公司,股票型ETF,规模指数ETF,931643.CSI,882057476.6935,4886303,3335571.25,0.681,0.68263700593271,0.073475386
2022-08-16,159782.SZ,双创50,20210707,中证科创创业50指数,中证科创创业50指数收益率,银华基金管理股份有限公司,招商银行股份有限公司,股票型ETF,规模指数ETF,931643.CSI,883094428.9071,19053111,13047424.42,0.681,0.68479233758728,-0.044033465
2022-08-17,159782.SZ,双创50,20210707,中证科创创业50指数,中证科创创业50指数收益率,银华基金管理股份有限公司,招商银行股份有限公司,股票型ETF,规模指数ETF,931643.CSI,894889760.3368,24049127,16456610.46,0.687,0.68429138654389,-0.492468134
2022-08-18,159782.SZ,双创50,20210707,中证科创创业50指数,中证科创创业50指数收益率,银华基金管理股份有限公司,招商银行股份有限公司,股票型ETF,规模指数ETF,931643.CSI,894854673.6184,26249986,18197015.14,0.694,0.69321999409828,-0.172612198
2022-08-19,159782.SZ,双创50,20210707,中证科创创业50指数,中证科创创业50指数收益率,银华基金管理股份有限公司,招商银行股份有限公司,股票型ETF,规模指数ETF,931643.CSI,878593467.3998,24283300,16614159.35,0.682,0.68418045941038,0.382690609
2022-08-22,159782.SZ,双创50,20210707,中证科创创业50指数,中证科创创业50指数收益率,银华基金管理股份有限公司,招商银行股份有限公司,股票型ETF,规模指数ETF,931643.CSI,886747770.5091,21636836,14791003.83,0.685,0.68360289970308,-0.334642805
2022-08-23,159782.SZ,双创50,20210707,中证科创创业50指数,中证科创创业50指数收益率,银华基金管理股份有限公司,招商银行股份有限公司,股票型ETF,规模指数ETF,931643.CSI,887005808.5625,8777211,6042818.96,0.687,0.68846686720873,-0.072727273
2022-08-24,159782.SZ,双创50,20210707,中证科创创业50指数,中证科创创业50指数收益率,银华基金管理股份有限公司,招商银行股份有限公司,股票型ETF,规模指数ETF,931643.CSI,857689099.6739,26084605,17475819.49,0.666,0.66996680570781,0.649841318
2022-08-25,159782.SZ,双创50,20210707,中证科创创业50指数,中证科创创业50指数收益率,银华基金管理股份有限公司,招商银行股份有限公司,股票型ETF,规模指数ETF,931643.CSI,858041996.1253,20801612,13633286.68,0.656,0.65539568183466,0.015246227
2022-08-26,159782.SZ,双创50,20210707,中证科创创业50指数,中证科创创业50指数收益率,银华基金管理股份有限公司,招商银行股份有限公司,股票型ETF,规模指数ETF,931643.CSI,855012187.7102,21505926,14121478.55,0.65,0.65663196971849,-0.092222564
2022-08-29,159782.SZ,双创50,20210707,中证科创创业50指数,中证科创创业50指数收益率,银华基金管理股份有限公司,招商银行股份有限公司,股票型ETF,规模指数ETF,931643.CSI,854749349.6568,9107303,5908290.84,0.65,0.64874209631545,-0.061500615
2022-08-30,159782.SZ,双创50,20210707,中证科创创业50指数,中证科创创业50指数收益率,银华基金管理股份有限公司,招商银行股份有限公司,股票型ETF,规模指数ETF,931643.CSI,852090383.7223,25032530,16245395.07,0.648,0.64897136126472,0.170041738
2022-08-31,159782.SZ,双创50,20210707,中证科创创业50指数,中证科创创业50指数收益率,银华基金管理股份有限公司,招商银行股份有限公司,股票型ETF,规模指数ETF,931643.CSI,838523323.9722,22889605,14675745.27,0.634,0.64115327765595,-0.40841973
2022-09-01,159782.SZ,双创50,20210707,中证科创创业50指数,中证科创创业50指数收益率,银华基金管理股份有限公司,招商银行股份有限公司,股票型ETF,规模指数ETF,931643.CSI,833040058.477,20901902,13296940.77,0.631,0.63615936817616,0
2022-09-02,159782.SZ,双创50,20210707,中证科创创业50指数,中证科创创业50指数收益率,银华基金管理股份有限公司,招商银行股份有限公司,股票型ETF,规模指数ETF,931643.CSI,833742187.2367,20413931,12854040.48,0.631,0.62967002680669,0.142834471
2022-09-05,159782.SZ,双创50,20210707,中证科创创业50指数,中证科创创业50指数收益率,银华基金管理股份有限公司,招商银行股份有限公司,股票型ETF,规模指数ETF,931643.CSI,836520886.7974,20808503,13158867.2,0.631,0.63237933069957,-0.18981335
2022-09-06,159782.SZ,双创50,20210707,中证科创创业50指数,中证科创创业50指数收益率,银华基金管理股份有限公司,招商银行股份有限公司,股票型ETF,规模指数ETF,931643.CSI,838637991.2246,18257515,11486714.46,0.634,0.6291499396276,0.031555696
2022-09-07,159782.SZ,双创50,20210707,中证科创创业50指数,中证科创创业50指数收益率,银华基金管理股份有限公司,招商银行股份有限公司,股票型ETF,规模指数ETF,931643.CSI,850679022.6543,14145201,9098308.04,0.643,0.64320811277266,0.015554519
2022-09-08,159782.SZ,双创50,20210707,中证科创创业50指数,中证科创创业50指数收益率,银华基金管理股份有限公司,招商银行股份有限公司,股票型ETF,规模指数ETF,931643.CSI,837050162.9042,21948402,14006782.88,0.634,0.63816868672261,0.221308884
2022-09-09,159782.SZ,双创50,20210707,中证科创创业50指数,中证科创创业50指数收益率,银华基金管理股份有限公司,招商银行股份有限公司,股票型ETF,规模指数ETF,931643.CSI,842396057.5984,19476407,12294325.63,0.635,0.63124197548347,-0.031486146
2022-09-13,159782.SZ,双创50,20210707,中证科创创业50指数,中证科创创业50指数收益率,银华基金管理股份有限公司,招商银行股份有限公司,股票型ETF,规模指数ETF,931643.CSI,841069867.3314,21150211,13440356.08,0.635,0.63547148914968,0.126143173
2022-09-14,159782.SZ,双创50,20210707,中证科创创业50指数,中证科创创业50指数收益率,银华基金管理股份有限公司,招商银行股份有限公司,股票型ETF,规模指数ETF,931643.CSI,832338945.1954,22692265,14212557,0.627,0.62631724951211,0.127754711
2022-09-15,159782.SZ,双创50,20210707,中证科创创业50指数,中证科创创业50指数收益率,银华基金管理股份有限公司,招商银行股份有限公司,股票型ETF,规模指数ETF,931643.CSI,808639492.069,24224202,14853111.03,0.607,0.61315171620514,0
2022-09-16,159782.SZ,双创50,20210707,中证科创创业50指数,中证科创创业50指数收益率,银华基金管理股份有限公司,招商银行股份有限公司,股票型ETF,规模指数ETF,931643.CSI,803984712.4136,20906609,12712055.54,0.605,0.60804004800587,0.699067909
2022-09-19,159782.SZ,双创50,20210707,中证科创创业50指数,中证科创创业50指数收益率,银华基金管理股份有限公司,招商银行股份有限公司,股票型ETF,规模指数ETF,931643.CSI,802481589.399,23479714,14111134.61,0.597,0.60099261047217,0
2022-09-20,159782.SZ,双创50,20210707,中证科创创业50指数,中证科创创业50指数收益率,银华基金管理股份有限公司,招商银行股份有限公司,股票型ETF,规模指数ETF,931643.CSI,807589512.4136,21185502,12796417.01,0.6,0.60401764423614,-0.133155792
2022-09-21,159782.SZ,双创50,20210707,中证科创创业50指数,中证科创创业50指数收益率,银华基金管理股份有限公司,招商银行股份有限公司,股票型ETF,规模指数ETF,931643.CSI,796612257.53,25850302,15321109.78,0.591,0.592685910594,0.169491525
2022-09-22,159782.SZ,双创50,20210707,中证科创创业50指数,中证科创创业50指数收益率,银华基金管理股份有限公司,招商银行股份有限公司,股票型ETF,规模指数ETF,931643.CSI,796477238.5033,19676601,11618348.39,0.59,0.59046521246225,0.016952026
2022-09-23,159782.SZ,双创50,20210707,中证科创创业50指数,中证科创创业50指数收益率,银华基金管理股份有限公司,招商银行股份有限公司,股票型ETF,规模指数ETF,931643.CSI,793235687.1683,24399713,14304548.51,0.586,0.58625888386474,0.188066336
2022-09-26,159782.SZ,双创50,20210707,中证科创创业50指数,中证科创创业50指数收益率,银华基金管理股份有限公司,招商银行股份有限公司,股票型ETF,规模指数ETF,931643.CSI,798796067.263,24631513,14495279.19,0.589,0.5884851324399,0
2022-09-27,159782.SZ,双创50,20210707,中证科创创业50指数,中证科创创业50指数收益率,银华基金管理股份有限公司,招商银行股份有限公司,股票型ETF,规模指数ETF,931643.CSI,813578541.1733,22492206,13331060.98,0.599,0.5926969093205,-0.150025004
2022-09-28,159782.SZ,双创50,20210707,中证科创创业50指数,中证科创创业50指数收益率,银华基金管理股份有限公司,招商银行股份有限公司,股票型ETF,规模指数ETF,931643.CSI,793235687.1683,23549500,13916444.7,0.585,0.59094438098473,0.01709694
2022-09-29,159782.SZ,双创50,20210707,中证科创创业50指数,中证科创创业50指数收益率,银华基金管理股份有限公司,招商银行股份有限公司,股票型ETF,规模指数ETF,931643.CSI,801372828.7703,25775607,15203259.83,0.591,0.58983130174199,0.016923337
2022-09-30,159782.SZ,双创50,20210707,中证科创创业50指数,中证科创创业50指数收益率,银华基金管理股份有限公司,招商银行股份有限公司,股票型ETF,规模指数ETF,931643.CSI,787922597.7799,27170000,15923159.4,0.583,0.58605665807876,0.569259962
2022-10-10,159782.SZ,双创50,20210707,中证科创创业50指数,中证科创创业50指数收益率,银华基金管理股份有限公司,招商银行股份有限公司,股票型ETF,规模指数ETF,931643.CSI,766232025.1875,27674916,15813538.09,0.562,0.57140329134152,-0.088888889
2022-10-11,159782.SZ,双创50,20210707,中证科创创业50指数,中证科创创业50指数收益率,银华基金管理股份有限公司,招商银行股份有限公司,股票型ETF,规模指数ETF,931643.CSI,771742057.9351,26565403,15029148.9,0.565,0.56574142315853,-0.053069167
2022-10-12,159782.SZ,双创50,20210707,中证科创创业50指数,中证科创创业50指数收益率,银华基金管理股份有限公司,招商银行股份有限公司,股票型ETF,规模指数ETF,931643.CSI,804779662.3965,33925036,19243971.97,0.59,0.56724986142977,0.084817642
2022-10-13,159782.SZ,双创50,20210707,中证科创创业50指数,中证科创创业50指数收益率,银华基金管理股份有限公司,招商银行股份有限公司,股票型ETF,规模指数ETF,931643.CSI,807237004.8771,15238314,9049934.51,0.592,0.59389342613625,0.118383223
2022-10-14,159782.SZ,双创50,20210707,中证科创创业50指数,中证科创创业50指数收益率,银华基金管理股份有限公司,招商银行股份有限公司,股票型ETF,规模指数ETF,931643.CSI,832076695.1783,27990805,16971623.86,0.614,0.60632853753224,-0.146365263
2022-10-17,159782.SZ,双创50,20210707,中证科创创业50指数,中证科创创业50指数收益率,银华基金管理股份有限公司,招商银行股份有限公司,股票型ETF,规模指数ETF,931643.CSI,835189032.7924,24377602,14968328.72,0.616,0.61401973500101,-0.194426442
2022-10-18,159782.SZ,双创50,20210707,中证科创创业50指数,中证科创创业50指数收益率,银华基金管理股份有限公司,招商银行股份有限公司,股票型ETF,规模指数ETF,931643.CSI,838030732.3531,16020304,9923763.98,0.618,0.61944916775612,-0.20991442
2022-10-19,159782.SZ,双创50,20210707,中证科创创业50指数,中证科创创业50指数收益率,银华基金管理股份有限公司,招商银行股份有限公司,股票型ETF,规模指数ETF,931643.CSI,833294566.4186,9918704,6122357.57,0.614,0.61725378335718,-0.292302696
2022-10-20,159782.SZ,双创50,20210707,中证科创创业50指数,中证科创创业50指数收益率,银华基金管理股份有限公司,招商银行股份有限公司,股票型ETF,规模指数ETF,931643.CSI,828829038.5375,24366100,14841708.5,0.612,0.60911300946807,-0.081632653
2022-10-21,159782.SZ,双创50,20210707,中证科创创业50指数,中证科创创业50指数收益率,银华基金管理股份有限公司,招商银行股份有限公司,股票型ETF,规模指数ETF,931643.CSI,830317547.8312,11214812,6860651.54,0.612,0.61174913498327,-0.260756193
2022-10-24,159782.SZ,双创50,20210707,中证科创创业50指数,中证科创创业50指数收益率,银华基金管理股份有限公司,招商银行股份有限公司,股票型ETF,规模指数ETF,931643.CSI,817732878.3481,26036302,15857510.61,0.602,0.60905387447111,-0.380605659
2022-10-25,159782.SZ,双创50,20210707,中证科创创业50指数,中证科创创业50指数收益率,银华基金管理股份有限公司,招商银行股份有限公司,股票型ETF,规模指数ETF,931643.CSI,807464007.1078,22939900,13790207.4,0.601,0.60114505294269,-0.397746105
2022-10-26,159782.SZ,双创50,20210707,中证科创创业50指数,中证科创创业50指数收益率,银华基金管理股份有限公司,招商银行股份有限公司,股票型ETF,规模指数ETF,931643.CSI,827819698.2876,28595607,17690434,0.621,0.61864166758202,-0.289017341
2022-10-27,159782.SZ,双创50,20210707,中证科创创业50指数,中证科创创业50指数收益率,银华基金管理股份有限公司,招商银行股份有限公司,股票型ETF,规模指数ETF,931643.CSI,821840108.4599,15105704,9410532.89,0.62,0.62297876947675,0.048410521
2022-10-28,159782.SZ,双创50,20210707,中证科创创业50指数,中证科创创业50指数收益率,银华基金管理股份有限公司,招商银行股份有限公司,股票型ETF,规模指数ETF,931643.CSI,805175797.3748,27676209,17032550.41,0.605,0.61542209086512,0.099272005
2022-10-31,159782.SZ,双创50,20210707,中证科创创业50指数,中证科创创业50指数收益率,银华基金管理股份有限公司,招商银行股份有限公司,股票型ETF,规模指数ETF,931643.CSI,810434872.1637,26328613,16077362.5,0.609,0.6106422127136,-0.343642612
2022-11-01,159782.SZ,双创50,20210707,中证科创创业50指数,中证科创创业50指数收益率,银华基金管理股份有限公司,招商银行股份有限公司,股票型ETF,规模指数ETF,931643.CSI,829929869.0886,24023816,14796980.47,0.625,0.61592964539855,-0.127836369
2022-11-02,159782.SZ,双创50,20210707,中证科创创业50指数,中证科创创业50指数收益率,银华基金管理股份有限公司,招商银行股份有限公司,股票型ETF,规模指数ETF,931643.CSI,841732962.4649,33744869,21351994.71,0.636,0.63274789153871,0.204821175
2022-11-03,159782.SZ,双创50,20210707,中证科创创业50指数,中证科创创业50指数收益率,银华基金管理股份有限公司,招商银行股份有限公司,股票型ETF,规模指数ETF,931643.CSI,839313638.1324,31452007,19963538.34,0.636,0.63473018876029,-0.188323917
2022-11-04,159782.SZ,双创50,20210707,中证科创创业50指数,中证科创创业50指数收益率,银华基金管理股份有限公司,招商银行股份有限公司,股票型ETF,规模指数ETF,931643.CSI,858305148.7782,23815702,15471147.49,0.654,0.64961962868027,-0.091659028
2022-11-07,159782.SZ,双创50,20210707,中证科创创业50指数,中证科创创业50指数收益率,银华基金管理股份有限公司,招商银行股份有限公司,股票型ETF,规模指数ETF,931643.CSI,850590682.4044,26816206,17548803.72,0.654,0.65441038601807,0.122473974
2022-11-08,159782.SZ,双创50,20210707,中证科创创业50指数,中证科创创业50指数收益率,银华基金管理股份有限公司,招商银行股份有限公司,股票型ETF,规模指数ETF,931643.CSI,843413950.5354,23696602,15245639.88,0.648,0.64336818755702,0.278551532
2022-11-09,159782.SZ,双创50,20210707,中证科创创业50指数,中证科创创业50指数收益率,银华基金管理股份有限公司,招商银行股份有限公司,股票型ETF,规模指数ETF,931643.CSI,834887028.3994,22762330,14576201.23,0.641,0.64036507817961,0.438733939
2022-11-10,159782.SZ,双创50,20210707,中证科创创业50指数,中证科创创业50指数收益率,银华基金管理股份有限公司,招商银行股份有限公司,股票型ETF,规模指数ETF,931643.CSI,821795007.5813,29337101,18421964.62,0.63,0.62794086641349,0.977720789
2022-11-11,159782.SZ,双创50,20210707,中证科创创业50指数,中证科创创业50指数收益率,银华基金管理股份有限公司,招商银行股份有限公司,股票型ETF,规模指数ETF,931643.CSI,833328048.3047,28623354,18285418.2,0.635,0.63882863622481,0.141933449
2022-11-14,159782.SZ,双创50,20210707,中证科创创业50指数,中证科创创业50指数收益率,银华基金管理股份有限公司,招商银行股份有限公司,股票型ETF,规模指数ETF,931643.CSI,826231420.8629,22436901,14161994.03,0.629,0.63119207193542,0.047717512
2022-11-15,159782.SZ,双创50,20210707,中证科创创业50指数,中证科创创业50指数收益率,银华基金管理股份有限公司,招商银行股份有限公司,股票型ETF,规模指数ETF,931643.CSI,846821622.6543,26249203,16684383.42,0.643,0.63561485733491,0.015554519
2022-11-16,159782.SZ,双创50,20210707,中证科创创业50指数,中证科创创业50指数收益率,银华基金管理股份有限公司,招商银行股份有限公司,股票型ETF,规模指数ETF,931643.CSI,839181919.1057,26451438,16887923.61,0.637,0.6384501141299,-0.015696123
2022-11-17,159782.SZ,双创50,20210707,中证科创创业50指数,中证科创创业50指数收益率,银华基金管理股份有限公司,招商银行股份有限公司,股票型ETF,规模指数ETF,931643.CSI,835493786.3581,24102301,15104197.33,0.633,0.62667034695152,-0.204950339
2022-11-18,159782.SZ,双创50,20210707,中证科创创业50指数,中证科创创业50指数收益率,银华基金管理股份有限公司,招商银行股份有限公司,股票型ETF,规模指数ETF,931643.CSI,834176596.0911,22493808,14339380.18,0.632,0.63748122060969,-0.205273962
2022-11-21,159782.SZ,双创50,20210707,中证科创创业50指数,中证科创创业50指数收益率,银华基金管理股份有限公司,招商银行股份有限公司,股票型ETF,规模指数ETF,931643.CSI,835362067.3314,20386468,12861810.89,0.634,0.63089942259738,-0.031535793
2022-11-22,159782.SZ,双创50,20210707,中证科创创业50指数,中证科创创业50指数收益率,银华基金管理股份有限公司,招商银行股份有限公司,股票型ETF,规模指数ETF,931643.CSI,819424065.1007,26397500,16485098.6,0.621,0.62449469078511,-0.176820447
2022-11-23,159782.SZ,双创50,20210707,中证科创创业50指数,中证科创创业50指数收益率,银华基金管理股份有限公司,招商银行股份有限公司,股票型ETF,规模指数ETF,931643.CSI,820894308.0206,24013918,14895034.07,0.621,0.62026671657661,-0.128658733
2022-11-24,159782.SZ,双创50,20210707,中证科创创业50指数,中证科创创业50指数收益率,银华基金管理股份有限公司,招商银行股份有限公司,股票型ETF,规模指数ETF,931643.CSI,820113327.4866,16858125,10453722.89,0.618,0.6200999749379,-0.290416263
2022-11-25,159782.SZ,双创50,20210707,中证科创创业50指数,中证科创创业50指数收益率,银华基金管理股份有限公司,招商银行股份有限公司,股票型ETF,规模指数ETF,931643.CSI,811230586.3239,22684314,13911871.87,0.611,0.61328157730492,-0.114435181
2022-11-28,159782.SZ,双创50,20210707,中证科创创业50指数,中证科创创业50指数收益率,银华基金管理股份有限公司,招商银行股份有限公司,股票型ETF,规模指数ETF,931643.CSI,809875629.6831,21756503,13173700.42,0.61,0.6055063361975,0.114885935
2022-11-29,159782.SZ,双创50,20210707,中证科创创业50指数,中证科创创业50指数收益率,银华基金管理股份有限公司,招商银行股份有限公司,股票型ETF,规模指数ETF,931643.CSI,816654500.0448,23671919,14473011.02,0.613,0.61139998916015,-0.227864583
2022-11-30,159782.SZ,双创50,20210707,中证科创创业50指数,中证科创创业50指数收益率,银华基金管理股份有限公司,招商银行股份有限公司,股票型ETF,规模指数ETF,931643.CSI,818364481.0181,17449824,10689938.28,0.612,0.61261009165479,-0.374409897
2022-12-01,159782.SZ,双创50,20210707,中证科创创业50指数,中证科创创业50指数收益率,银华基金管理股份有限公司,招商银行股份有限公司,股票型ETF,规模指数ETF,931643.CSI,827689812.8871,24691223,15351574.58,0.62,0.62174217048706,-0.209238693
2022-12-02,159782.SZ,双创50,20210707,中证科创创业50指数,中证科创创业50指数收益率,银华基金管理股份有限公司,招商银行股份有限公司,股票型ETF,规模指数ETF,931643.CSI,823033679.7002,21215500,13226653.4,0.621,0.62344292616248,0.064453754
2022-12-05,159782.SZ,双创50,20210707,中证科创创业50指数,中证科创创业50指数收益率,银华基金管理股份有限公司,招商银行股份有限公司,股票型ETF,规模指数ETF,931643.CSI,820229547.3919,26610801,16412011.52,0.618,0.61674248437693,0.373558551
2022-12-06,159782.SZ,双创50,20210707,中证科创创业50指数,中证科创创业50指数收益率,银华基金管理股份有限公司,招商银行股份有限公司,股票型ETF,规模指数ETF,931643.CSI,822227832.7924,18215447,11269299.09,0.618,0.61866717242788,0.129617628
2022-12-07,159782.SZ,双创50,20210707,中证科创创业50指数,中证科创创业50指数收益率,银华基金管理股份有限公司,招商银行股份有限公司,股票型ETF,规模指数ETF,931643.CSI,824226118.1929,21620168,13414222.62,0.619,0.62044950899549,0.048488767
2022-12-08,159782.SZ,双创50,20210707,中证科创创业50指数,中证科创创业50指数收益率,银华基金管理股份有限公司,招商银行股份有限公司,股票型ETF,规模指数ETF,931643.CSI,824625775.273,17277108,10690600.16,0.618,0.6187725492021,-0.161550889
2022-12-09,159782.SZ,双创50,20210707,中证科创创业50指数,中证科创创业50指数收益率,银华基金管理股份有限公司,招商银行股份有限公司,股票型ETF,规模指数ETF,931643.CSI,824492556.2463,23430901,14427741.32,0.618,0.61575700055239,-0.145419292
2022-12-12,159782.SZ,双创50,20210707,中证科创创业50指数,中证科创创业50指数收益率,银华基金管理股份有限公司,招商银行股份有限公司,股票型ETF,规模指数ETF,931643.CSI,823293585.006,17463328,10809460.41,0.618,0.61898055227503,0
2022-12-13,159782.SZ,双创50,20210707,中证科创创业50指数,中证科创创业50指数收益率,银华基金管理股份有限公司,招商银行股份有限公司,股票型ETF,规模指数ETF,931643.CSI,813798467.7365,22128613,13550017.46,0.611,0.61233017451207,0.246103363
2022-12-14,159782.SZ,双创50,20210707,中证科创创业50指数,中证科创创业50指数收益率,银华基金管理股份有限公司,招商银行股份有限公司,股票型ETF,规模指数ETF,931643.CSI,810541844.7219,23547100,14342365.9,0.606,0.60909266533883,0.04952947
2022-12-15,159782.SZ,双创50,20210707,中证科创创业50指数,中证科创创业50指数收益率,银华基金管理股份有限公司,招商银行股份有限公司,股票型ETF,规模指数ETF,931643.CSI,821113547.8312,20385302,12434176.32,0.614,0.60995791575715,0.065189048
2022-12-16,159782.SZ,双创50,20210707,中证科创创业50指数,中证科创创业50指数收益率,银华基金管理股份有限公司,招商银行股份有限公司,股票型ETF,规模指数ETF,931643.CSI,813753501.3627,20850202,12662311.71,0.606,0.60729923431917,-0.345337938
2022-12-19,159782.SZ,双创50,20210707,中证科创创业50指数,中证科创创业50指数收益率,银华基金管理股份有限公司,招商银行股份有限公司,股票型ETF,规模指数ETF,931643.CSI,803181798.2534,20953551,12646904.95,0.601,0.60356857651479,0.133288904
2022-12-20,159782.SZ,双创50,20210707,中证科创创业50指数,中证科创创业50指数收益率,银华基金管理股份有限公司,招商银行股份有限公司,股票型ETF,规模指数ETF,931643.CSI,794885018.598,19522813,11636585.74,0.597,0.5960506685179,0.505050505
2022-12-21,159782.SZ,双创50,20210707,中证科创创业50指数,中证科创创业50指数收益率,银华基金管理股份有限公司,招商银行股份有限公司,股票型ETF,规模指数ETF,931643.CSI,791302257.53,17914817,10616470.22,0.589,0.59260835430247,-0.169491525
2022-12-22,159782.SZ,双创50,20210707,中证科创创业50指数,中证科创创业50指数收益率,银华基金管理股份有限公司,招商银行股份有限公司,股票型ETF,规模指数ETF,931643.CSI,787157820.3552,15979415,9417499.58,0.586,0.58935196188346,0.068306011
2022-12-23,159782.SZ,双创50,20210707,中证科创创业50指数,中证科创创业50指数收益率,银华基金管理股份有限公司,招商银行股份有限公司,股票型ETF,规模指数ETF,931643.CSI,782587573.4474,17164709,9989961.04,0.583,0.58200584932724,0.137409825
2022-12-26,159782.SZ,双创50,20210707,中证科创创业50指数,中证科创创业50指数收益率,银华基金管理股份有限公司,招商银行股份有限公司,股票型ETF,规模指数ETF,931643.CSI,803556941.6126,19815468,11784156.11,0.597,0.59469481669572,-0.133824021
2022-12-27,159782.SZ,双创50,20210707,中证科创创业50指数,中证科创创业50指数收益率,银华基金管理股份有限公司,招商银行股份有限公司,股票型ETF,规模指数ETF,931643.CSI,812697435.4282,22223207,13309438.52,0.603,0.59889819322657,-0.264637777
2022-12-28,159782.SZ,双创50,20210707,中证科创创业50指数,中证科创创业50指数收益率,银华基金管理股份有限公司,招商银行股份有限公司,股票型ETF,规模指数ETF,931643.CSI,807858350.467,15564021,9357915.04,0.602,0.60125304636893,0.166389351
2022-12-29,159782.SZ,双创50,20210707,中证科创创业50指数,中证科创创业50指数收益率,银华基金管理股份有限公司,招商银行股份有限公司,股票型ETF,规模指数ETF,931643.CSI,813503949.5884,19130501,11572102.8,0.604,0.60490327984615,-0.19828156
2022-12-30,159782.SZ,双创50,20210707,中证科创创业50指数,中证科创创业50指数收益率,银华基金管理股份有限公司,招商银行股份有限公司,股票型ETF,规模指数ETF,931643.CSI,811084407.1078,19096400,11574314.4,0.604,0.60609928572925,0.099436526
2023-01-03,159782.SZ,双创50,20210707,中证科创创业50指数,中证科创创业50指数收益率,银华基金管理股份有限公司,招商银行股份有限公司,股票型ETF,规模指数ETF,931643.CSI,818343034.5496,18257603,11005674.92,0.608,0.60279955260283,-0.131406045
2023-01-04,159782.SZ,双创50,20210707,中证科创创业50指数,中证科创创业50指数收益率,银华基金管理股份有限公司,招商银行股份有限公司,股票型ETF,规模指数ETF,931643.CSI,808396026.5738,20158116,12139659.1,0.601,0.60222190903158,-0.066511473
2023-01-05,159782.SZ,双创50,20210707,中证科创创业50指数,中证科创创业50指数收益率,银华基金管理股份有限公司,招商银行股份有限公司,股票型ETF,规模指数ETF,931643.CSI,819297014.205,29596808,18052783.18,0.613,0.6099571001035,-0.325203252
2023-01-06,159782.SZ,双创50,20210707,中证科创创业50指数,中证科创创业50指数收益率,银华基金管理股份有限公司,招商银行股份有限公司,股票型ETF,规模指数ETF,931643.CSI,824625108.0206,30300802,18835852.32,0.621,0.62162883741493,-0.128658733
2023-01-09,159782.SZ,双创50,20210707,中证科创创业50指数,中证科创创业50指数收益率,银华基金管理股份有限公司,招商银行股份有限公司,股票型ETF,规模指数ETF,931643.CSI,827277488.5546,19159521,11949893.83,0.623,0.62370524972936,-0.128246233
2023-01-10,159782.SZ,双创50,20210707,中证科创创业50指数,中证科创创业50指数收益率,银华基金管理股份有限公司,招商银行股份有限公司,股票型ETF,规模指数ETF,931643.CSI,836693439.4503,25499704,15985562.4,0.63,0.62689207686489,-0.142653352
2023-01-11,159782.SZ,双创50,20210707,中证科创创业50指数,中证科创创业50指数收益率,银华基金管理股份有限公司,招商银行股份有限公司,股票型ETF,规模指数ETF,931643.CSI,824492488.9939,20013713,12546607.29,0.622,0.6269005301515,0.048254785
2023-01-12,159782.SZ,双创50,20210707,中证科创创业50指数,中证科创创业50指数收益率,银华基金管理股份有限公司,招商银行股份有限公司,股票型ETF,规模指数ETF,931643.CSI,827675345.6347,19973202,12479120.55,0.622,0.62479318789246,-0.336484538
2023-01-13,159782.SZ,双创50,20210707,中证科创创业50指数,中证科创创业50指数收益率,银华基金管理股份有限公司,招商银行股份有限公司,股票型ETF,规模指数ETF,931643.CSI,833080592.1032,22757401,14188099.52,0.627,0.62344990625248,-0.41296061
2023-01-16,159782.SZ,双创50,20210707,中证科创创业50指数,中证科创创业50指数收益率,银华基金管理股份有限公司,招商银行股份有限公司,股票型ETF,规模指数ETF,931643.CSI,842870051.8533,27855906,17722374.33,0.638,0.63621604445391,-0.296921394
2023-01-17,159782.SZ,双创50,20210707,中证科创创业50指数,中证科创创业50指数收益率,银华基金管理股份有限公司,招商银行股份有限公司,股票型ETF,规模指数ETF,931643.CSI,846338531.948,20535503,13202411.33,0.642,0.64290664465341,-0.310559006
2023-01-18,159782.SZ,双创50,20210707,中证科创创业50指数,中证科创创业50指数收益率,银华基金管理股份有限公司,招商银行股份有限公司,股票型ETF,规模指数ETF,931643.CSI,846995627.0815,17844415,11485194.44,0.644,0.64362964210371,-0.077579519
2023-01-19,159782.SZ,双创50,20210707,中证科创创业50指数,中证科创创业50指数收益率,银华基金管理股份有限公司,招商银行股份有限公司,股票型ETF,规模指数ETF,931643.CSI,855158292.1374,21891439,14189441.17,0.65,0.64817306756308,-0.337319841
2023-01-20,159782.SZ,双创50,20210707,中证科创创业50指数,中证科创创业50指数收益率,银华基金管理股份有限公司,招商银行股份有限公司,股票型ETF,规模指数ETF,931643.CSI,863156552.7661,19404503,12730290.27,0.657,0.6560482517898,-0.197478353
2023-01-30,159782.SZ,双创50,20210707,中证科创创业50指数,中证科创创业50指数收益率,银华基金管理股份有限公司,招商银行股份有限公司,股票型ETF,规模指数ETF,931643.CSI,866347184.6351,33188906,22173152.02,0.664,0.66808927115585,-0.195400571
2023-01-31,159782.SZ,双创50,20210707,中证科创创业50指数,中证科创创业50指数收益率,银华基金管理股份有限公司,招商银行股份有限公司,股票型ETF,规模指数ETF,931643.CSI,851111558.5112,28571324,18753084.44,0.652,0.65636035767891,-0.244798042
2023-02-01,159782.SZ,双创50,20210707,中证科创创业50指数,中证科创创业50指数收益率,银华基金管理股份有限公司,招商银行股份有限公司,股票型ETF,规模指数ETF,931643.CSI,855646709.8462,27724015,18118204.12,0.657,0.6535202105467,-0.242939569
2023-02-02,159782.SZ,双创50,20210707,中证科创创业50指数,中证科创创业50指数收益率,银华基金管理股份有限公司,招商银行股份有限公司,股票型ETF,规模指数ETF,931643.CSI,852504338.6059,24169131,15898007.45,0.657,0.65778150856975,-0.106431504
2023-02-03,159782.SZ,双创50,20210707,中证科创创业50指数,中证科创创业50指数收益率,银华基金管理股份有限公司,招商银行股份有限公司,股票型ETF,规模指数ETF,931643.CSI,836447710.7248,22599201,14690596.45,0.654,0.65004937342696,-0.061124694
2023-02-06,159782.SZ,双创50,20210707,中证科创创业50指数,中证科创创业50指数收益率,银华基金管理股份有限公司,招商银行股份有限公司,股票型ETF,规模指数ETF,931643.CSI,825599008.0548,22131602,14273971.09,0.643,0.64495878292046,-0.217256363
2023-02-07,159782.SZ,双创50,20210707,中证科创创业50指数,中证科创创业50指数收益率,银华基金管理股份有限公司,招商银行股份有限公司,股票型ETF,规模指数ETF,931643.CSI,820986723.0936,23924309,15324602.87,0.642,0.64054526590507,0.187265918
2023-02-08,159782.SZ,双创50,20210707,中证科创创业50指数,中证科创创业50指数收益率,银华基金管理股份有限公司,招商银行股份有限公司,股票型ETF,规模指数ETF,931643.CSI,818039985.4795,13855915,8879938.61,0.639,0.64087709905842,0.078308536
2023-02-09,159782.SZ,双创50,20210707,中证科创创业50指数,中证科创创业50指数收益率,银华基金管理股份有限公司,招商银行股份有限公司,股票型ETF,规模指数ETF,931643.CSI,834182982.8437,22750203,14702106.24,0.65,0.64624066167673,-0.168944863
2023-02-10,159782.SZ,双创50,20210707,中证科创创业50指数,中证科创创业50指数收益率,银华基金管理股份有限公司,招商银行股份有限公司,股票型ETF,规模指数ETF,931643.CSI,824317817.7878,23948800,15382145.9,0.642,0.64229297083779,-0.217594032
2023-02-13,159782.SZ,双创50,20210707,中证科创创业50指数,中证科创创业50指数收益率,银华基金管理股份有限公司,招商银行股份有限公司,股票型ETF,规模指数ETF,931643.CSI,826239603.1883,15191404,9784530.57,0.645,0.64408336253845,0.01550628
2023-02-14,159782.SZ,双创50,20210707,中证科创创业50指数,中证科创创业50指数收益率,银华基金管理股份有限公司,招商银行股份有限公司,股票型ETF,规模指数ETF,931643.CSI,827663341.681,15840134,10190932.02,0.643,0.64336147787639,0
2023-02-15,159782.SZ,双创50,20210707,中证科创创业50指数,中证科创创业50指数收益率,银华基金管理股份有限公司,招商银行股份有限公司,股票型ETF,规模指数ETF,931643.CSI,824059208.9334,19718701,12623170.34,0.641,0.64016236870776,0.12496095
2023-02-16,159782.SZ,双创50,20210707,中证科创创业50指数,中证科创创业50指数收益率,银华基金管理股份有限公司,招商银行股份有限公司,股票型ETF,规模指数ETF,931643.CSI,815271229.7173,24790221,15894483.35,0.632,0.64115940515415,0.015825289
2023-02-17,159782.SZ,双创50,20210707,中证科创创业50指数,中证科创创业50指数收益率,银华基金管理股份有限公司,招商银行股份有限公司,股票型ETF,规模指数ETF,931643.CSI,802670080.5788,29838207,18638236.26,0.618,0.62464330581258,0.259571707
2023-02-20,159782.SZ,双创50,20210707,中证科创创业50指数,中证科创创业50指数收益率,银华基金管理股份有限公司,招商银行股份有限公司,股票型ETF,规模指数ETF,931643.CSI,814047169.5279,24971410,15457151.26,0.624,0.61899393186048,0.048100048
2023-02-21,159782.SZ,双创50,20210707,中证科创创业50指数,中证科创创业50指数收益率,银华基金管理股份有限公司,招商银行股份有限公司,股票型ETF,规模指数ETF,931643.CSI,812544608.4599,25945903,16046617.75,0.62,0.61846441613537,0.048410521
2023-02-22,159782.SZ,双创50,20210707,中证科创创业50指数,中证科创创业50指数收益率,银华基金管理股份有限公司,招商银行股份有限公司,股票型ETF,规模指数ETF,931643.CSI,809015528.3652,19777100,12184950.5,0.616,0.61611411683209,0.064977258
2023-02-23,159782.SZ,双创50,20210707,中证科创创业50指数,中证科创创业50指数收益率,银华基金管理股份有限公司,招商银行股份有限公司,股票型ETF,规模指数ETF,931643.CSI,812432423.0594,20837612,12876226.2,0.619,0.617931949208,0.129407959
2023-02-24,159782.SZ,双创50,20210707,中证科创创业50指数,中证科创创业50指数收益率,银华基金管理股份有限公司,招商银行股份有限公司,股票型ETF,规模指数ETF,931643.CSI,810983314.6443,26600600,16336895.2,0.614,0.61415513935776,0.179474629
2023-02-27,159782.SZ,双创50,20210707,中证科创创业50指数,中证科创创业50指数收益率,银华基金管理股份有限公司,招商银行股份有限公司,股票型ETF,规模指数ETF,931643.CSI,807915110.6564,21832607,13361929.47,0.609,0.61201712969963,-0.032829941
2023-02-28,159782.SZ,双创50,20210707,中证科创创业50指数,中证科创创业50指数收益率,银华基金管理股份有限公司,招商银行股份有限公司,股票型ETF,规模指数ETF,931643.CSI,812954633.671,21002908,12857604.3,0.614,0.61218209878365,0.163132137
2023-03-01,159782.SZ,双创50,20210707,中证科创创业50指数,中证科创创业50指数收益率,银华基金管理股份有限公司,招商银行股份有限公司,股票型ETF,规模指数ETF,931643.CSI,818515366.4186,26555000,16320259.4,0.616,0.61458329504801,0.032478077
2023-03-02,159782.SZ,双创50,20210707,中证科创创业50指数,中证科创创业50指数收益率,银华基金管理股份有限公司,招商银行股份有限公司,股票型ETF,规模指数ETF,931643.CSI,815934772.1637,18938716,11630590.54,0.612,0.61411716295867,0.147275405
2023-03-03,159782.SZ,双创50,20210707,中证科创创业50指数,中证科创创业50指数收益率,银华基金管理股份有限公司,招商银行股份有限公司,股票型ETF,规模指数ETF,931643.CSI,821247366.8579,22806406,14000003.38,0.615,0.61386276206782,0.211829884
2023-03-06,159782.SZ,双创50,20210707,中证科创创业50指数,中证科创创业50指数收益率,银华基金管理股份有限公司,招商银行股份有限公司,股票型ETF,规模指数ETF,931643.CSI,828453227.9259,26271509,16127964.84,0.617,0.61389564033037,-0.11332362
2023-03-07,159782.SZ,双创50,20210707,中证科创创业50指数,中证科创创业50指数收益率,银华基金管理股份有限公司,招商银行股份有限公司,股票型ETF,规模指数ETF,931643.CSI,817402101.3627,28656611,17585218.27,0.609,0.61365310329264,0.148001973
2023-03-08,159782.SZ,双创50,20210707,中证科创创业50指数,中证科创创业50指数收益率,银华基金管理股份有限公司,招商银行股份有限公司,股票型ETF,规模指数ETF,931643.CSI,818013930.1224,26630203,16153677.12,0.608,0.60659233878165,0.131752306
2023-03-09,159782.SZ,双创50,20210707,中证科创创业50指数,中证科创创业50指数收益率,银华基金管理股份有限公司,招商银行股份有限公司,股票型ETF,规模指数ETF,931643.CSI,818552806.2292,18986226,11548916.44,0.608,0.60827867739487,0.065832785
2023-03-10,159782.SZ,双创50,20210707,中证科创创业50指数,中证科创创业50指数收益率,银华基金管理股份有限公司,招商银行股份有限公司,股票型ETF,规模指数ETF,931643.CSI,819700511.0957,27420023,16672225.08,0.613,0.60803103921539,0.971833306
2023-03-13,159782.SZ,双创50,20210707,中证科创创业50指数,中证科创创业50指数收益率,银华基金管理股份有限公司,招商银行股份有限公司,股票型ETF,规模指数ETF,931643.CSI,818815430.5617,27541312,16666966.75,0.607,0.60516241020036,0.313997686
2023-03-14,159782.SZ,双创50,20210707,中证科创创业50指数,中证科创创业50指数收益率,银华基金管理股份有限公司,招商银行股份有限公司,股票型ETF,规模指数ETF,931643.CSI,823261544.7219,26941710,16215812.05,0.606,0.60188503439462,0.04952947
2023-03-15,159782.SZ,双创50,20210707,中证科创创业50指数,中证科创创业50指数收益率,银华基金管理股份有限公司,招商银行股份有限公司,股票型ETF,规模指数ETF,931643.CSI,820543164.1879,20771904,12662818.23,0.605,0.60961278417231,0.215338744
2023-03-16,159782.SZ,双创50,20210707,中证科创创业50指数,中证科创创业50指数收益率,银华基金管理股份有限公司,招商银行股份有限公司,股票型ETF,规模指数ETF,931643.CSI,817637861.5179,38528601,23066217.8,0.594,0.59867779263514,0.050530571
2023-03-17,159782.SZ,双创50,20210707,中证科创创业50指数,中证科创创业50指数收益率,银华基金管理股份有限公司,招商银行股份有限公司,股票型ETF,规模指数ETF,931643.CSI,822168294.7048,30512214,18164181.94,0.596,0.5953085521752,0.269179004
2023-03-20,159782.SZ,双创50,20210707,中证科创创业50指数,中证科创创业50指数收益率,银华基金管理股份有限公司,招商银行股份有限公司,股票型ETF,规模指数ETF,931643.CSI,823421513.2922,24371602,14592462.19,0.597,0.59874858411031,0.067046597
2023-03-21,159782.SZ,双创50,20210707,中证科创创业50指数,中证科创创业50指数收益率,银华基金管理股份有限公司,招商银行股份有限公司,股票型ETF,规模指数ETF,931643.CSI,834463035.4282,22994863,13797664.05,0.604,0.60003245290046,-0.099239166
2023-03-22,159782.SZ,双创50,20210707,中证科创创业50指数,中证科创创业50指数收益率,银华基金管理股份有限公司,招商银行股份有限公司,股票型ETF,规模指数ETF,931643.CSI,834301863.7486,26343306,15969426.53,0.606,0.60620434390429,0.033014196
2023-03-23,159782.SZ,双创50,20210707,中证科创创业50指数,中证科创创业50指数收益率,银华基金管理股份有限公司,招商银行股份有限公司,股票型ETF,规模指数ETF,931643.CSI,842289567.2972,22520324,13666512.8,0.611,0.60685240585349,-0.098103336
2023-03-24,159782.SZ,双创50,20210707,中证科创创业50指数,中证科创创业50指数收益率,银华基金管理股份有限公司,招商银行股份有限公司,股票型ETF,规模指数ETF,931643.CSI,840223781.8967,22313000,13605957.5,0.61,0.60977714785103,-0.016390756
2023-03-27,159782.SZ,双创50,20210707,中证科创创业50指数,中证科创创业50指数收益率,银华基金管理股份有限公司,招商银行股份有限公司,股票型ETF,规模指数ETF,931643.CSI,841738691.1904,26208402,16006885.22,0.611,0.61075395668916,-0.032722513
2023-03-28,159782.SZ,双创50,20210707,中证科创创业50指数,中证科创创业50指数收益率,银华基金管理股份有限公司,招商银行股份有限公司,股票型ETF,规模指数ETF,931643.CSI,834048978.3481,24343801,14795063.41,0.604,0.6077548616997,-0.049644216
2023-03-29,159782.SZ,双创50,20210707,中证科创创业50指数,中证科创创业50指数收益率,银华基金管理股份有限公司,招商银行股份有限公司,股票型ETF,规模指数ETF,931643.CSI,838482848.2705,21967905,13416088.15,0.61,0.61071313582246,-0.245298446
2023-03-30,159782.SZ,双创50,20210707,中证科创创业50指数,中证科创创业50指数收益率,银华基金管理股份有限公司,招商银行股份有限公司,股票型ETF,规模指数ETF,931643.CSI,842047942.9647,18774338,11470467.16,0.612,0.61096519941209,-0.34196385
2023-03-31,159782.SZ,双创50,20210707,中证科创创业50指数,中证科创创业50指数收益率,银华基金管理股份有限公司,招商银行股份有限公司,股票型ETF,规模指数ETF,931643.CSI,845064561.5521,14796506,9089258.88,0.615,0.61428413437605,-0.210936232
2023-04-03,159782.SZ,双创50,20210707,中证科创创业50指数,中证科创创业50指数收益率,银华基金管理股份有限公司,招商银行股份有限公司,股票型ETF,规模指数ETF,931643.CSI,854638173.5158,28287644,17598115.45,0.626,0.62211315477528,-0.22314313
2023-04-04,159782.SZ,双创50,20210707,中证科创创业50指数,中证科创创业50指数收益率,银华基金管理股份有限公司,招商银行股份有限公司,股票型ETF,规模指数ETF,931643.CSI,848161392.9818,28407038,17718753.25,0.624,0.62374518772425,-0.223856732
2023-04-06,159782.SZ,双创50,20210707,中证科创创业50指数,中证科创创业50指数收益率,银华基金管理股份有限公司,招商银行股份有限公司,股票型ETF,规模指数ETF,931643.CSI,850077058.477,30656408,19282696.14,0.629,0.62899398194335,-0.316957211
2023-04-07,159782.SZ,双创50,20210707,中证科创创业50指数,中证科创创业50指数收益率,银华基金管理股份有限公司,招商银行股份有限公司,股票型ETF,规模指数ETF,931643.CSI,852594652.7319,24108981,15288717.16,0.636,0.63415028449357,0.047192072
2023-04-10,159782.SZ,双创50,20210707,中证科创创业50指数,中证科创创业50指数收益率,银华基金管理股份有限公司,招商银行股份有限公司,股票型ETF,规模指数ETF,931643.CSI,845352225.2901,24940729,15759609.38,0.629,0.63188246742908,-0.206250992
2023-04-11,159782.SZ,双创50,20210707,中证科创创业50指数,中证科创创业50指数收益率,银华基金管理股份有限公司,招商银行股份有限公司,股票型ETF,规模指数ETF,931643.CSI,840517306.7027,27277413,17107784.76,0.625,0.6271776858018,-0.493551982
2023-04-12,159782.SZ,双创50,20210707,中证科创创业50指数,中证科创创业50指数收益率,银华基金管理股份有限公司,招商银行股份有限公司,股票型ETF,规模指数ETF,931643.CSI,836229664.2221,23788618,14891371.65,0.626,0.62598725365215,-0.047900367
2023-04-13,159782.SZ,双创50,20210707,中证科创创业50指数,中证科创创业50指数收益率,银华基金管理股份有限公司,招商银行股份有限公司,股票型ETF,规模指数ETF,931643.CSI,824747027.9259,18276518,11322627.55,0.617,0.61951776317568,-0.11332362
2023-04-14,159782.SZ,双创50,20210707,中证科创创业50指数,中证科创创业50指数收益率,银华基金管理股份有限公司,招商银行股份有限公司,股票型ETF,规模指数ETF,931643.CSI,839945963.3435,27768106,17383737.13,0.629,0.62603251118387,-0.237906423
2023-04-17,159782.SZ,双创50,20210707,中证科创创业50指数,中证科创创业50指数收益率,银华基金管理股份有限公司,招商银行股份有限公司,股票型ETF,规模指数ETF,931643.CSI,841811029.7173,25742209,16243525.07,0.631,0.63100742714038,-0.142427599
2023-04-18,159782.SZ,双创50,20210707,中证科创创业50指数,中证科创创业50指数收益率,银华基金管理股份有限公司,招商银行股份有限公司,股票型ETF,规模指数ETF,931643.CSI,836615487.676,21736207,13643296.41,0.627,0.62767604347897,-0.159235669
2023-04-19,159782.SZ,双创50,20210707,中证科创创业50指数,中证科创创业50指数收益率,银华基金管理股份有限公司,招商银行股份有限公司,股票型ETF,规模指数ETF,931643.CSI,832485697.8483,22676012,14197434.22,0.623,0.62609925501892,-0.304048648
2023-04-20,159782.SZ,双创50,20210707,中证科创创业50指数,中证科创创业50指数收益率,银华基金管理股份有限公司,招商银行股份有限公司,股票型ETF,规模指数ETF,931643.CSI,830087755.3677,27691609,17262145.3,0.623,0.62337097494046,-0.016048788
2023-04-21,159782.SZ,双创50,20210707,中证科创创业50指数,中证科创创业50指数收益率,银华基金管理股份有限公司,招商银行股份有限公司,股票型ETF,规模指数ETF,931643.CSI,806854158.4428,28451319,17484953.29,0.609,0.61455686079088,0.098619329
2023-04-24,159782.SZ,双创50,20210707,中证科创创业50指数,中证科创创业50指数收益率,银华基金管理股份有限公司,招商银行股份有限公司,股票型ETF,规模指数ETF,931643.CSI,797449093.8262,27300405,16411899.4,0.598,0.60115955788934,-0.100233879
2023-04-25,159782.SZ,双创50,20210707,中证科创创业50指数,中证科创创业50指数收益率,银华基金管理股份有限公司,招商银行股份有限公司,股票型ETF,规模指数ETF,931643.CSI,786351306.195,32882303,19377077.47,0.587,0.58928589855765,0.341880342
2023-04-26,159782.SZ,双创50,20210707,中证科创创业50指数,中证科创创业50指数收益率,银华基金管理股份有限公司,招商银行股份有限公司,股票型ETF,规模指数ETF,931643.CSI,797373666.3844,23041539,13669508.45,0.595,0.59325501000606,0.303438975
2023-04-27,159782.SZ,双创50,20210707,中证科创创业50指数,中证科创创业50指数收益率,银华基金管理股份有限公司,招商银行股份有限公司,股票型ETF,规模指数ETF,931643.CSI,800904613.7315,22240410,13202738.55,0.594,0.59363737224269,-0.084104289
2023-04-28,159782.SZ,双创50,20210707,中证科创创业50指数,中证科创创业50指数收益率,银华基金管理股份有限公司,招商银行股份有限公司,股票型ETF,规模指数ETF,931643.CSI,809391912.4136,20191619,12075392.64,0.6,0.59803984217412,-0.133155792
2023-05-04,159782.SZ,双创50,20210707,中证科创创业50指数,中证科创创业50指数收益率,银华基金管理股份有限公司,招商银行股份有限公司,股票型ETF,规模指数ETF,931643.CSI,796612257.53,22037607,13025642.73,0.592,0.59106429885967,0.338983051
2023-05-05,159782.SZ,双创50,20210707,中证科创创业50指数,中证科创创业50指数收益率,银华基金管理股份有限公司,招商银行股份有限公司,股票型ETF,规模指数ETF,931643.CSI,794565582.7411,30813106,18019799.1,0.584,0.58480956447558,0.120006858
2023-05-08,159782.SZ,双创50,20210707,中证科创创业50指数,中证科创创业50指数收益率,银华基金管理股份有限公司,招商银行股份有限公司,股票型ETF,规模指数ETF,931643.CSI,801896315.4887,25627207,14979387.89,0.588,0.58451113654328,0.324176762
2023-05-09,159782.SZ,双创50,20210707,中证科创创业50指数,中证科创创业50指数收益率,银华基金管理股份有限公司,招商银行股份有限公司,股票型ETF,规模指数ETF,931643.CSI,793399312.8187,38849011,22579084.59,0.577,0.58120101410046,0.156222878
2023-05-10,159782.SZ,双创50,20210707,中证科创创业50指数,中证科创创业50指数收益率,银华基金管理股份有限公司,招商银行股份有限公司,股票型ETF,规模指数ETF,931643.CSI,797473936.2726,20003903,11485757.03,0.578,0.57417580109242,0.034614053
2023-05-11,159782.SZ,双创50,20210707,中证科创创业50指数,中证科创创业50指数收益率,银华基金管理股份有限公司,招商银行股份有限公司,股票型ETF,规模指数ETF,931643.CSI,803408754.4207,13195806,7692573.09,0.581,0.58295590962765,-0.188970967
2023-05-12,159782.SZ,双创50,20210707,中证科创创业50指数,中证科创创业50指数收益率,银华基金管理股份有限公司,招商银行股份有限公司,股票型ETF,规模指数ETF,931643.CSI,793747422.5517,18836210,10896231.9,0.576,0.5784726279862,0.156494523
2023-05-15,159782.SZ,双创50,20210707,中证科创创业50指数,中证科创创业50指数收益率,银华基金管理股份有限公司,招商银行股份有限公司,股票型ETF,规模指数ETF,931643.CSI,810999800.8892,21268201,12379965.58,0.586,0.58208804684515,-0.272294078
2023-05-16,159782.SZ,双创50,20210707,中证科创创业50指数,中证科创创业50指数收益率,银华基金管理股份有限公司,招商银行股份有限公司,股票型ETF,规模指数ETF,931643.CSI,811275838.9426,21864111,12843737.45,0.588,0.5874346983511,0.034025179
2023-05-17,159782.SZ,双创50,20210707,中证科创创业50指数,中证科创创业50指数收益率,银华基金管理股份有限公司,招商银行股份有限公司,股票型ETF,规模指数ETF,931643.CSI,810723762.8358,19024017,11153114.67,0.588,0.58626496549073,0.102145046
2023-05-18,159782.SZ,双创50,20210707,中证科创创业50指数,中证科创创业50指数收益率,银华基金管理股份有限公司,招商银行股份有限公司,股票型ETF,规模指数ETF,931643.CSI,807783115.928,22885705,13350424.93,0.584,0.58335213750243,0
2023-05-19,159782.SZ,双创50,20210707,中证科创创业50指数,中证科创创业50指数收益率,银华基金管理股份有限公司,招商银行股份有限公司,股票型ETF,规模指数ETF,931643.CSI,809442944.2484,17827003,10440681.16,0.585,0.58566665187637,-0.03417635
2023-05-22,159782.SZ,双创50,20210707,中证科创创业50指数,中证科创创业50指数收益率,银华基金管理股份有限公司,招商银行股份有限公司,股票型ETF,规模指数ETF,931643.CSI,809166306.195,21658811,12669285.83,0.585,0.58494835335144,0
2023-05-23,159782.SZ,双创50,20210707,中证科创创业50指数,中证科创创业50指数收益率,银华基金管理股份有限公司,招商银行股份有限公司,股票型ETF,规模指数ETF,931643.CSI,799622293.3527,22950000,13371027.4,0.58,0.58261557298475,0.328662861
2023-05-24,159782.SZ,双创50,20210707,中证科创创业50指数,中证科创创业50指数收益率,银华基金管理股份有限公司,招商银行股份有限公司,股票型ETF,规模指数ETF,931643.CSI,797962465.0323,21983009,12730471.12,0.578,0.57910503152685,0.190674294
2023-05-25,159782.SZ,双创50,20210707,中证科创创业50指数,中证科创创业50指数收益率,银华基金管理股份有限公司,招商银行股份有限公司,股票型ETF,规模指数ETF,931643.CSI,802112035.8333,20963305,12104970.99,0.58,0.57743619100137,0.017244352
2023-05-26,159782.SZ,双创50,20210707,中证科创创业50指数,中证科创创业50指数收益率,银华基金管理股份有限公司,招商银行股份有限公司,股票型ETF,规模指数ETF,931643.CSI,800037250.4328,18009310,10408657.07,0.578,0.5779597924629,-0.069156293
2023-05-29,159782.SZ,双创50,20210707,中证科创创业50指数,中证科创创业50指数收益率,银华基金管理股份有限公司,招商银行股份有限公司,股票型ETF,规模指数ETF,931643.CSI,794148403.9643,18313413,10498025.45,0.572,0.57324243438402,-0.157095479
2023-05-30,159782.SZ,双创50,20210707,中证科创创业50指数,中证科创创业50指数收益率,银华基金管理股份有限公司,招商银行股份有限公司,股票型ETF,规模指数ETF,931643.CSI,799554546.0056,20506244,11734023.15,0.577,0.57221708422079,0.034674064
2023-05-31,159782.SZ,双创50,20210707,中证科创创业50指数,中证科创创业50指数收益率,银华基金管理股份有限公司,招商银行股份有限公司,股票型ETF,规模指数ETF,931643.CSI,796782165.4716,19196202,11013249.25,0.575,0.57372022080201,0.034794711
2023-06-01,159782.SZ,双创50,20210707,中证科创创业50指数,中证科创创业50指数收益率,银华基金管理股份有限公司,招商银行股份有限公司,股票型ETF,规模指数ETF,931643.CSI,798722831.8454,21443309,12415823.12,0.577,0.57900686503188,0.13884068
2023-06-02,159782.SZ,双创50,20210707,中证科创创业50指数,中证科创创业50指数收益率,银华基金管理股份有限公司,招商银行股份有限公司,股票型ETF,规模指数ETF,931643.CSI,803574497.7799,25663604,14879536.82,0.58,0.57979139718646,0.051750906
2023-06-05,159782.SZ,双创50,20210707,中证科创创业50指数,中证科创创业50指数收益率,银华基金管理股份有限公司,招商银行股份有限公司,股票型ETF,规模指数ETF,931643.CSI,796006022.991,31710433,18189818.72,0.573,0.57362252732405,0
2023-06-06,159782.SZ,双创50,20210707,中证科创创业50指数,中证科创创业50指数收益率,银华基金管理股份有限公司,招商银行股份有限公司,股票型ETF,规模指数ETF,931643.CSI,782271711.0273,25670900,14574754.4,0.564,0.56775393149442,0.373731981
2023-06-07,159782.SZ,双创50,20210707,中证科创创业50指数,中证科创创业50指数收益率,银华基金管理股份有限公司,招商银行股份有限公司,股票型ETF,规模指数ETF,931643.CSI,776938474.7311,22950602,12753897.01,0.555,0.55571078309841,0.307247425
2023-06-08,159782.SZ,双创50,20210707,中证科创创业50指数,中证科创创业50指数收益率,银华基金管理股份有限公司,招商银行股份有限公司,股票型ETF,规模指数ETF,931643.CSI,772925285.3427,21330351,11736326.56,0.55,0.55021722614879,0.346652071
2023-06-09,159782.SZ,双创50,20210707,中证科创创业50指数,中证科创创业50指数收益率,银华基金管理股份有限公司,招商银行股份有限公司,股票型ETF,规模指数ETF,931643.CSI,787005659.6923,20619510,11356716.52,0.554,0.55077528612465,-0.52073981
2023-06-12,159782.SZ,双创50,20210707,中证科创创业50指数,中证科创创业50指数收益率,银华基金管理股份有限公司,招商银行股份有限公司,股票型ETF,规模指数ETF,931643.CSI,788136211.9059,15013515,8362287.53,0.557,0.55698399275586,-0.12551551
2023-06-13,159782.SZ,双创50,20210707,中证科创创业50指数,中证科创创业50指数收益率,银华基金管理股份有限公司,招商银行股份有限公司,股票型ETF,规模指数ETF,931643.CSI,794071611.0273,25287909,14161800.34,0.562,0.56002259182442,0.017796761
2023-06-14,159782.SZ,双创50,20210707,中证科创创业50指数,中证科创创业50指数收益率,银华基金管理股份有限公司,招商银行股份有限公司,股票型ETF,规模指数ETF,931643.CSI,789690721.1996,22993303,12880105.98,0.558,0.56016771405135,-0.143163923
2023-06-15,159782.SZ,双创50,20210707,中证科创创业50指数,中证科创创业50指数收益率,银华基金管理股份有限公司,招商银行股份有限公司,股票型ETF,规模指数ETF,931643.CSI,802141756.1779,36558305,20741925.02,0.572,0.56736561008504,-0.29632212
2023-06-16,159782.SZ,双创50,20210707,中证科创创业50指数,中证科创创业50指数收益率,银华基金管理股份有限公司,招商银行股份有限公司,股票型ETF,规模指数ETF,931643.CSI,808148925.661,31909304,18418140.91,0.583,0.57720284058844,0
2023-06-19,159782.SZ,双创50,20210707,中证科创创业50指数,中证科创创业50指数收益率,银华基金管理股份有限公司,招商银行股份有限公司,股票型ETF,规模指数ETF,931643.CSI,803910183.1804,23976304,13922278.02,0.581,0.58066823059968,-0.034411562
2023-06-20,159782.SZ,双创50,20210707,中证科创创业50指数,中证科创创业50指数收益率,银华基金管理股份有限公司,招商银行股份有限公司,股票型ETF,规模指数ETF,931643.CSI,800096297.7799,24367010,14118740.79,0.579,0.57942032239491,-0.120752113
2023-06-21,159782.SZ,双创50,20210707,中证科创创业50指数,中证科创创业50指数收益率,银华基金管理股份有限公司,招商银行股份有限公司,股票型ETF,规模指数ETF,931643.CSI,780773634.0419,25962029,14856383.53,0.568,0.57223507184281,0.406575924
2023-06-26,159782.SZ,双创50,20210707,中证科创创业50指数,中证科创创业50指数收益率,银华基金管理股份有限公司,招商银行股份有限公司,股票型ETF,规模指数ETF,931643.CSI,776459872.5346,18507359,10431922.76,0.563,0.56366350055672,-0.141894289
2023-06-27,159782.SZ,双创50,20210707,中证科创创业50指数,中证科创创业50指数收益率,银华基金管理股份有限公司,招商银行股份有限公司,股票型ETF,规模指数ETF,931643.CSI,778112500.855,13178862,7431221.07,0.566,0.56387426091873,0.17699115
2023-06-28,159782.SZ,双创50,20210707,中证科创创业50指数,中证科创创业50指数收益率,银华基金管理股份有限公司,招商银行股份有限公司,股票型ETF,规模指数ETF,931643.CSI,775495839.3477,14881817,8360669.15,0.562,0.5618043247004,-0.195347185
2023-06-29,159782.SZ,双创50,20210707,中证科创创业50指数,中证科创创业50指数收益率,银华基金管理股份有限公司,招商银行股份有限公司,股票型ETF,规模指数ETF,931643.CSI,772741458.8137,13409803,7554024.89,0.563,0.56332109353135,0.338620567
2023-06-30,159782.SZ,双创50,20210707,中证科创创业50指数,中证科创创业50指数收益率,银华基金管理股份有限公司,招商银行股份有限公司,股票型ETF,规模指数ETF,931643.CSI,783483542.8963,15845215,8999568.6,0.569,0.56796759147793,0.017577782
2023-07-03,159782.SZ,双创50,20210707,中证科创创业50指数,中证科创创业50指数收益率,银华基金管理股份有限公司,招商银行股份有限公司,股票型ETF,规模指数ETF,931643.CSI,787201956.6172,9267820,5289219.41,0.571,0.57070804245227,-0.104968509
2023-07-04,159782.SZ,双创50,20210707,中证科创创业50指数,中证科创创业50指数收益率,银华基金管理股份有限公司,招商银行股份有限公司,股票型ETF,规模指数ETF,931643.CSI,792022122.5517,10380919,5956774.37,0.575,0.57381955971335,-0.01738828
2023-07-05,159782.SZ,双创50,20210707,中证科创创业50指数,中证科创创业50指数收益率,银华基金管理股份有限公司,招商银行股份有限公司,股票型ETF,规模指数ETF,931643.CSI,786586508.8308,9462605,5435531.4,0.573,0.57442230759923,0.104821803
2023-07-06,159782.SZ,双创50,20210707,中证科创创业50指数,中证科创创业50指数收益率,银华基金管理股份有限公司,招商银行股份有限公司,股票型ETF,规模指数ETF,931643.CSI,780040567.2288,7478100,4253846.5,0.566,0.56884054773271,-0.070621469
2023-07-07,159782.SZ,双创50,20210707,中证科创创业50指数,中证科创创业50指数收益率,银华基金管理股份有限公司,招商银行股份有限公司,股票型ETF,规模指数ETF,931643.CSI,773479997.3064,10174802,5724543.13,0.56,0.56261960969855,0.143061516
2023-07-10,159782.SZ,双创50,20210707,中证科创创业50指数,中证科创创业50指数收益率,银华基金管理股份有限公司,招商银行股份有限公司,股票型ETF,规模指数ETF,931643.CSI,782609053.0686,25082118,14205194.6,0.564,0.56634749106914,-0.318133616
2023-07-11,159782.SZ,双创50,20210707,中证科创创业50指数,中证科创创业50指数收益率,银华基金管理股份有限公司,招商银行股份有限公司,股票型ETF,规模指数ETF,931643.CSI,788695090.2434,19447410,11032967.97,0.569,0.56732325641306,-0.210452473
2023-07-12,159782.SZ,双创50,20210707,中证科创创业50指数,中证科创创业50指数收益率,银华基金管理股份有限公司,招商银行股份有限公司,股票型ETF,规模指数ETF,931643.CSI,780359576.9618,20567602,11673232.34,0.565,0.56755436730057,-0.070746374
2023-07-13,159782.SZ,双创50,20210707,中证科创创业50指数,中证科创创业50指数收益率,银华基金管理股份有限公司,招商银行股份有限公司,股票型ETF,规模指数ETF,931643.CSI,786723927.8575,21180203,12100163.61,0.572,0.57129592242341,-0.087336245
2023-07-14,159782.SZ,双创50,20210707,中证科创创业50指数,中证科创创业50指数收益率,银华基金管理股份有限公司,招商银行股份有限公司,股票型ETF,规模指数ETF,931643.CSI,782463938.0298,21079004,12024083.69,0.57,0.57042940406482,0.105374078
2023-07-17,159782.SZ,双创50,20210707,中证科创创业50指数,中证科创创业50指数收益率,银华基金管理股份有限公司,招商银行股份有限公司,股票型ETF,规模指数ETF,931643.CSI,777104595.9885,14622827,8261570.55,0.566,0.56497765787696,0.08841733
2023-07-18,159782.SZ,双创50,20210707,中证科创创业50指数,中证科创创业50指数收益率,银华基金管理股份有限公司,招商银行股份有限公司,股票型ETF,规模指数ETF,931643.CSI,775043310.588,14709009,8296293.07,0.565,0.56402800963682,0.177304965
2023-07-19,159782.SZ,双创50,20210707,中证科创创业50指数,中证科创创业50指数收益率,银华基金管理股份有限公司,招商银行股份有限公司,股票型ETF,规模指数ETF,931643.CSI,772788402.1729,26957205,15091588.59,0.559,0.55983506413221,0.05369608
2023-07-20,159782.SZ,双创50,20210707,中证科创创业50指数,中证科创创业50指数收益率,银华基金管理股份有限公司,招商银行股份有限公司,股票型ETF,规模指数ETF,931643.CSI,768500055.7044,26019454,14499647.05,0.555,0.55726177228777,0.32537961
2023-07-21,159782.SZ,双创50,20210707,中证科创创业50指数,中证科创创业50指数收益率,银华基金管理股份有限公司,招商银行股份有限公司,股票型ETF,规模指数ETF,931643.CSI,778284008.3573,39342600,21736437.7,0.551,0.55249113429209,-0.16307302
2023-07-24,159782.SZ,双创50,20210707,中证科创创业50指数,中证科创创业50指数收益率,银华基金管理股份有限公司,招商银行股份有限公司,股票型ETF,规模指数ETF,931643.CSI,780719228.2626,36155309,19864056.25,0.548,0.54940911305723,0.036509675
2023-07-25,159782.SZ,双创50,20210707,中证科创创业50指数,中证科创创业50指数收益率,银华基金管理股份有限公司,招商银行股份有限公司,股票型ETF,规模指数ETF,931643.CSI,797316097.7457,34453000,19131550.2,0.556,0.55529417467274,-0.197451086
2023-07-26,159782.SZ,双创50,20210707,中证科创创业50指数,中证科创创业50指数收益率,银华基金管理股份有限公司,招商银行股份有限公司,股票型ETF,规模指数ETF,931643.CSI,795256168.986,24972101,13908994.36,0.557,0.55698134329987,-0.17921147
2023-07-27,159782.SZ,双创50,20210707,中证科创创业50指数,中证科创创业50指数收益率,银华基金管理股份有限公司,招商银行股份有限公司,股票型ETF,规模指数ETF,931643.CSI,790595569.4253,19517917,10895047.19,0.555,0.55820747623837,-0.161899622
2023-07-28,159782.SZ,双创50,20210707,中证科创创业50指数,中证科创创业50指数收益率,银华基金管理股份有限公司,招商银行股份有限公司,股票型ETF,规模指数ETF,931643.CSI,798702053.9472,25074022,13986008.82,0.561,0.5577888070769,-0.106837607
2023-07-31,159782.SZ,双创50,20210707,中证科创创业50指数,中证科创创业50指数收益率,银华基金管理股份有限公司,招商银行股份有限公司,股票型ETF,规模指数ETF,931643.CSI,803821938.9084,24307607,13773207.06,0.566,0.56662126633856,0.141542817
2023-08-01,159782.SZ,双创50,20210707,中证科创创业50指数,中证科创创业50指数收益率,银华基金管理股份有限公司,招商银行股份有限公司,股票型ETF,规模指数ETF,931643.CSI,800124244.2142,25082502,14138326.03,0.563,0.56367287561664,0.071098471
2023-08-02,159782.SZ,双创50,20210707,中证科创创业50指数,中证科创创业50指数收益率,银华基金管理股份有限公司,招商银行股份有限公司,股票型ETF,规模指数ETF,931643.CSI,799128711.0273,16388701,9214736.36,0.562,0.56226154592728,0.017796761
2023-08-03,159782.SZ,双创50,20210707,中证科创创业50指数,中证科创创业50指数收益率,银华基金管理股份有限公司,招商银行股份有限公司,股票型ETF,规模指数ETF,931643.CSI,805106638.4691,23599101,13340314.27,0.567,0.56528908749532,-0.052882073
2023-08-04,159782.SZ,双创50,20210707,中证科创创业50指数,中证科创创业50指数收益率,银华基金管理股份有限公司,招商银行股份有限公司,股票型ETF,规模指数ETF,931643.CSI,807370071.2167,23232600,13235865.2,0.57,0.56971088900941,-0.017540782
2023-08-07,159782.SZ,双创50,20210707,中证科创创业50指数,中证科创创业50指数收益率,银华基金管理股份有限公司,招商银行股份有限公司,股票型ETF,规模指数ETF,931643.CSI,798164834.4812,17997416,10167074.23,0.563,0.56491855441915,-0.106458481
2023-08-08,159782.SZ,双创50,20210707,中证科创创业50指数,中证科创创业50指数收益率,银华基金管理股份有限公司,招商银行股份有限公司,股票型ETF,规模指数ETF,931643.CSI,793091006.1608,25845600,14546870.2,0.562,0.56283739592039,-0.071123755
2023-08-09,159782.SZ,双创50,20210707,中证科创创业50指数,中证科创创业50指数收益率,银华基金管理股份有限公司,招商银行股份有限公司,股票型ETF,规模指数ETF,931643.CSI,793232025.1875,12970701,7287742.36,0.561,0.56186187315551,-0.266666667
2023-08-10,159782.SZ,双创50,20210707,中证科创创业50指数,中证科创创业50指数收益率,银华基金管理股份有限公司,招商银行股份有限公司,股票型ETF,规模指数ETF,931643.CSI,796334443.7749,21049305,11855695.62,0.566,0.56323454004776,0.230210731
2023-08-11,159782.SZ,双创50,20210707,中证科创创业50指数,中证科创创业50指数收益率,银华基金管理股份有限公司,招商银行股份有限公司,股票型ETF,规模指数ETF,931643.CSI,780646303.4908,27165702,15166801.62,0.553,0.55830700123266,0.108616944
2023-08-14,159782.SZ,双创50,20210707,中证科创创业50指数,中证科创创业50指数收益率,银华基金管理股份有限公司,招商银行股份有限公司,股票型ETF,规模指数ETF,931643.CSI,778283942.4228,30550300,16699433.5,0.55,0.54662093334599,0.291757841
2023-08-15,159782.SZ,双创50,20210707,中证科创创业50指数,中证科创创业50指数收益率,银华基金管理股份有限公司,招商银行股份有限公司,股票型ETF,规模指数ETF,931643.CSI,779574991.5271,40874204,22176989.68,0.54,0.54256688839739,-0.240162572
2023-08-16,159782.SZ,双创50,20210707,中证科创创业50指数,中证科创创业50指数收益率,银华基金管理股份有限公司,招商银行股份有限公司,股票型ETF,规模指数ETF,931643.CSI,776621064.0853,38744700,21009078.7,0.537,0.54224393788054,0.205262176
2023-08-17,159782.SZ,双创50,20210707,中证科创创业50指数,中证科创创业50指数收益率,银华基金管理股份有限公司,招商银行股份有限公司,股票型ETF,规模指数ETF,931643.CSI,781258472.9397,19310113,10360601.48,0.539,0.53653758939681,-0.018549434
2023-08-18,159782.SZ,双创50,20210707,中证科创创业50指数,中证科创创业50指数收益率,银华基金管理股份有限公司,招商银行股份有限公司,股票型ETF,规模指数ETF,931643.CSI,777508159.6581,27352712,14748508.09,0.534,0.53919728654329,-0.056148231
2023-08-21,159782.SZ,双创50,20210707,中证科创创业50指数,中证科创创业50指数收益率,银华基金管理股份有限公司,招商银行股份有限公司,股票型ETF,规模指数ETF,931643.CSI,768732199.4687,21180303,11245078.49,0.529,0.53092151184051,0.551226003
2023-08-22,159782.SZ,双创50,20210707,中证科创创业50指数,中证科创创业50指数收益率,银华基金管理股份有限公司,招商银行股份有限公司,股票型ETF,规模指数ETF,931643.CSI,776813227.7891,33759601,17649848.12,0.527,0.52280973699897,-0.056893609
2023-08-23,159782.SZ,双创50,20210707,中证科创创业50指数,中证科创创业50指数收益率,银华基金管理股份有限公司,招商银行股份有限公司,股票型ETF,规模指数ETF,931643.CSI,761930906.5317,29483130,15340801.06,0.517,0.52032470975775,0.368860415
2023-08-24,159782.SZ,双创50,20210707,中证科创创业50指数,中证科创创业50指数收益率,银华基金管理股份有限公司,招商银行股份有限公司,股票型ETF,规模指数ETF,931643.CSI,768947510.0803,28893102,15022412.15,0.521,0.51993074852261,0.019197543
2023-08-25,159782.SZ,双创50,20210707,中证科创创业50指数,中证科创创业50指数收益率,银华基金管理股份有限公司,招商银行股份有限公司,股票型ETF,规模指数ETF,931643.CSI,760747554.3181,26700006,13764225.38,0.514,0.5155139433302,-0.058331713
2023-08-28,159782.SZ,双创50,20210707,中证科创创业50指数,中证科创创业50指数收益率,银华基金管理股份有限公司,招商银行股份有限公司,股票型ETF,规模指数ETF,931643.CSI,766368477.3327,26913902,14168116.64,0.52,0.52642372852513,0.366724571
2023-08-29,159782.SZ,双创50,20210707,中证科创创业50指数,中证科创创业50指数收益率,银华基金管理股份有限公司,招商银行股份有限公司,股票型ETF,规模指数ETF,931643.CSI,791958468.9518,27892104,14694662.73,0.534,0.52683952167968,-0.261486739
2023-08-30,159782.SZ,双创50,20210707,中证科创创业50指数,中证科创创业50指数收益率,银华基金管理股份有限公司,招商银行股份有限公司,股票型ETF,规模指数ETF,931643.CSI,792126934.447,40885705,22187815.32,0.54,0.54267904442396,-0.184842884
2023-08-31,159782.SZ,双创50,20210707,中证科创创业50指数,中证科创创业50指数收益率,银华基金管理股份有限公司,招商银行股份有限公司,股票型ETF,规模指数ETF,931643.CSI,790077068.0732,21792910,11759467.9,0.539,0.53960062699291,-0.111193477
2023-09-01,159782.SZ,双创50,20210707,中证科创创业50指数,中证科创创业50指数收益率,银华基金管理股份有限公司,招商银行股份有限公司,股票型ETF,规模指数ETF,931643.CSI,784951411.4324,23108651,12424021.99,0.537,0.53763510427329,-0.037230082
2023-09-04,159782.SZ,双创50,20210707,中证科创创业50指数,中证科创创业50指数收益率,银华基金管理股份有限公司,招商银行股份有限公司,股票型ETF,规模指数ETF,931643.CSI,790193305.6873,21280101,11440146.64,0.542,0.53759832436886,0.018453589
2023-09-05,159782.SZ,双创50,20210707,中证科创创业50指数,中证科创创业50指数收益率,银华基金管理股份有限公司,招商银行股份有限公司,股票型ETF,规模指数ETF,931643.CSI,785511706.1266,17372800,9415336.3,0.539,0.54195848107386,-0.148203038
2023-09-06,159782.SZ,双创50,20210707,中证科创创业50指数,中证科创创业50指数收益率,银华基金管理股份有限公司,招商银行股份有限公司,股票型ETF,规模指数ETF,931643.CSI,784360544.6193,20893205,11205899.58,0.538,0.53634181926612,0.018590816
2023-09-07,159782.SZ,双创50,20210707,中证科创创业50指数,中证科创创业50指数收益率,银华基金管理股份有限公司,招商银行股份有限公司,股票型ETF,规模指数ETF,931643.CSI,766753633.5342,28525606,15047355.9,0.523,0.52750346127616,0.076540375
2023-09-08,159782.SZ,双创50,20210707,中证科创创业50指数,中证科创创业50指数收益率,银华基金管理股份有限公司,招商银行股份有限公司,股票型ETF,规模指数ETF,931643.CSI,765675091.0536,18493116,9611883.69,0.522,0.51975468547323,0.230414747
2023-09-11,159782.SZ,双创50,20210707,中证科创创业50指数,中证科创创业50指数收益率,银华基金管理股份有限公司,招商银行股份有限公司,股票型ETF,规模指数ETF,931643.CSI,768909509.641,20921111,10921604.77,0.523,0.52203751368653,0
2023-09-12,159782.SZ,双创50,20210707,中证科创创业50指数,中证科创创业50指数收益率,银华基金管理股份有限公司,招商银行股份有限公司,股票型ETF,规模指数ETF,931643.CSI,765234033.9735,16774905,8749643.21,0.52,0.52159122272227,-0.096061479
2023-09-13,159782.SZ,双创50,20210707,中证科创创业50指数,中证科创创业50指数收益率,银华基金管理股份有限公司,招商银行股份有限公司,股票型ETF,规模指数ETF,931643.CSI,759647511.3982,27968154,14411360.05,0.514,0.51527748488513,-0.116595414
2023-09-14,159782.SZ,双创50,20210707,中证科创创业50指数,中证科创创业50指数收益率,银华基金管理股份有限公司,招商银行股份有限公司,股票型ETF,规模指数ETF,931643.CSI,754091198.1166,19491000,9971538,0.511,0.5115970447899,0.235386426
2023-09-15,159782.SZ,双创50,20210707,中证科创创业50指数,中证科创创业50指数收益率,银华基金管理股份有限公司,招商银行股份有限公司,股票型ETF,规模指数ETF,931643.CSI,757447036.17,22155103,11317508.93,0.509,0.51083079731112,-0.196078431
2023-09-18,159782.SZ,双创50,20210707,中证科创创业50指数,中证科创创业50指数收益率,银华基金管理股份有限公司,招商银行股份有限公司,股票型ETF,规模指数ETF,931643.CSI,757744074.2234,20786200,10630511.6,0.51,0.5114215970211,-0.039200314
2023-09-19,159782.SZ,双创50,20210707,中证科创创业50指数,中证科创创业50指数收益率,银华基金管理股份有限公司,招商银行股份有限公司,股票型ETF,规模指数ETF,931643.CSI,753139984.3957,20473011,10387016.17,0.508,0.50735166263526,0.177479787
2023-09-20,159782.SZ,双创50,20210707,中证科创创业50指数,中证科创创业50指数收益率,银华基金管理股份有限公司,招商银行股份有限公司,股票型ETF,规模指数ETF,931643.CSI,750814299.4345,21141702,10683841.91,0.504,0.50534445665727,0.099304866
2023-09-21,159782.SZ,双创50,20210707,中证科创创业50指数,中证科创创业50指数收益率,银华基金管理股份有限公司,招商银行股份有限公司,股票型ETF,规模指数ETF,931643.CSI,746497457.3932,17416805,8737283.7,0.5,0.50165823754701,0.080064051
2023-09-22,159782.SZ,双创50,20210707,中证科创创业50指数,中证科创创业50指数收益率,银华基金管理股份有限公司,招商银行股份有限公司,股票型ETF,规模指数ETF,931643.CSI,762445583.5171,26285704,13278401.02,0.511,0.50515675821351,-0.058673968
2023-09-25,159782.SZ,双创50,20210707,中证科创创业50指数,中证科创创业50指数收益率,银华基金管理股份有限公司,招商银行股份有限公司,股票型ETF,规模指数ETF,931643.CSI,759015845.903,14835000,7558277.5,0.509,0.50948955173576,0
2023-09-26,159782.SZ,双创50,20210707,中证科创创业50指数,中证科创创业50指数收益率,银华基金管理股份有限公司,招商银行股份有限公司,股票型ETF,规模指数ETF,931643.CSI,756033465.369,18204601,9258001.11,0.507,0.50855281640065,0
2023-09-27,159782.SZ,双创50,20210707,中证科创创业50指数,中证科创创业50指数收益率,银华基金管理股份有限公司,招商银行股份有限公司,股票型ETF,规模指数ETF,931643.CSI,760465226.437,21847107,11170431.77,0.51,0.51130027284619,-0.195694716
2023-09-28,159782.SZ,双创50,20210707,中证科创创业50指数,中证科创创业50指数收益率,银华基金管理股份有限公司,招商银行股份有限公司,股票型ETF,规模指数ETF,931643.CSI,760714454.7574,19206900,9815070.3,0.512,0.51101793105603,-0.039047247
2023-10-09,159782.SZ,双创50,20210707,中证科创创业50指数,中证科创创业50指数收益率,银华基金管理股份有限公司,招商银行股份有限公司,股票型ETF,规模指数ETF,931643.CSI,765318544.5851,19819610,10159919.93,0.514,0.51261956869989,-0.252280225
2023-10-10,159782.SZ,双创50,20210707,中证科创创业50指数,中证科创创业50指数收益率,银华基金管理股份有限公司,招商银行股份有限公司,股票型ETF,规模指数ETF,931643.CSI,757695664.4904,19089805,9818383.56,0.511,0.51432602690284,-0.039123631
2023-10-11,159782.SZ,双创50,20210707,中证科创创业50指数,中证科创创业50指数收益率,银华基金管理股份有限公司,招商银行股份有限公司,股票型ETF,规模指数ETF,931643.CSI,767922777.3327,20536903,10617249.94,0.517,0.51698398439141,-0.212314225
2023-10-12,159782.SZ,双创50,20210707,中证科创创业50指数,中证科创创业50指数收益率,银华基金管理股份有限公司,招商银行股份有限公司,股票型ETF,规模指数ETF,931643.CSI,772962224.2405,20738412,10777572.43,0.52,0.51969130664392,-0.287631831
2023-10-13,159782.SZ,双创50,20210707,中证科创创业50指数,中证科创创业50指数收益率,银华基金管理股份有限公司,招商银行股份有限公司,股票型ETF,规模指数ETF,931643.CSI,764958396.7987,13892408,7160360.83,0.516,0.51541538587119,-0.01937609
2023-10-16,159782.SZ,双创50,20210707,中证科创创业50指数,中证科创创业50指数收益率,银华基金管理股份有限公司,招商银行股份有限公司,股票型ETF,规模指数ETF,931643.CSI,752280179.9685,34959403,17724456.91,0.506,0.5070011324278,0.098911968
2023-10-17,159782.SZ,双创50,20210707,中证科创创业50指数,中证科创创业50指数收益率,银华基金管理股份有限公司,招商银行股份有限公司,股票型ETF,规模指数ETF,931643.CSI,755554198.5559,24517900,12429000,0.506,0.5069357489834,-0.334843411
2023-10-18,159782.SZ,双创50,20210707,中证科创创业50指数,中证科创创业50指数收益率,银华基金管理股份有限公司,招商银行股份有限公司,股票型ETF,规模指数ETF,931643.CSI,744988047.6602,20499516,10292168.22,0.501,0.50206884006432,0.079904115
2023-10-19,159782.SZ,双创50,20210707,中证科创创业50指数,中证科创创业50指数收益率,银华基金管理股份有限公司,招商银行股份有限公司,股票型ETF,规模指数ETF,931643.CSI,740525086.5922,27142602,13547566.8,0.498,0.49912557388566,0.281917036
2023-10-20,159782.SZ,双创50,20210707,中证科创创业50指数,中证科创创业50指数收益率,银华基金管理股份有限公司,招商银行股份有限公司,股票型ETF,规模指数ETF,931643.CSI,736018735.2572,26152417,12925720.53,0.492,0.49424573376908,0.081366965
2023-10-23,159782.SZ,双创50,20210707,中证科创创业50指数,中证科创创业50指数收益率,银华基金管理股份有限公司,招商银行股份有限公司,股票型ETF,规模指数ETF,931643.CSI,725041956.0411,31447110,15241639.23,0.483,0.48467535585941,-0.062073246
2023-10-24,159782.SZ,双创50,20210707,中证科创创业50指数,中证科创创业50指数收益率,银华基金管理股份有限公司,招商银行股份有限公司,股票型ETF,规模指数ETF,931643.CSI,728642412.6819,32057310,15556300.95,0.485,0.48526532481983,-0.144121886
2023-10-25,159782.SZ,双创50,20210707,中证科创创业50指数,中证科创创业50指数收益率,银华基金管理股份有限公司,招商银行股份有限公司,股票型ETF,规模指数ETF,931643.CSI,722791670.6406,24102301,11738547.58,0.483,0.48703016280479,0.249066002
2023-10-26,159782.SZ,双创50,20210707,中证科创创业50指数,中证科创创业50指数收益率,银华基金管理股份有限公司,招商银行股份有限公司,股票型ETF,规模指数ETF,931643.CSI,725230613.5605,33164902,15819678.05,0.482,0.47700059689608,0.10384216
2023-10-27,159782.SZ,双创50,20210707,中证科创创业50指数,中证科创创业50指数收益率,银华基金管理股份有限公司,招商银行股份有限公司,股票型ETF,规模指数ETF,931643.CSI,744208610.9247,24806013,12040827.35,0.493,0.48539954203846,-0.222626999
2023-10-30,159782.SZ,双创50,20210707,中证科创创业50指数,中证科创创业50指数收益率,银华基金管理股份有限公司,招商银行股份有限公司,股票型ETF,规模指数ETF,931643.CSI,757340026.8763,46439703,23370270.51,0.508,0.50323901748467,-0.176852034
2023-10-31,159782.SZ,双创50,20210707,中证科创创业50指数,中证科创创业50指数收益率,银华基金管理股份有限公司,招商银行股份有限公司,股票型ETF,规模指数ETF,931643.CSI,753470732.1821,16987801,8571949.8,0.506,0.50459443220462,-0.059253407
2023-11-01,159782.SZ,双创50,20210707,中证科创创业50指数,中证科创创业50指数收益率,银华基金管理股份有限公司,招商银行股份有限公司,股票型ETF,规模指数ETF,931643.CSI,747666790.1408,21030819,10578086.86,0.502,0.50298026244247,-0.079617834
2023-11-02,159782.SZ,双创50,20210707,中证科创创业50指数,中证科创创业50指数收益率,银华基金管理股份有限公司,招商银行股份有限公司,股票型ETF,规模指数ETF,931643.CSI,743351038.3665,23196900,11687154.9,0.501,0.50382399803422,0.3003003
2023-11-03,159782.SZ,双创50,20210707,中证科创创业50指数,中证科创创业50指数收益率,银华基金管理股份有限公司,招商银行股份有限公司,股票型ETF,规模指数ETF,931643.CSI,754958922.4491,20714200,10477138.9,0.506,0.50579500535864,-0.256258624
2023-11-06,159782.SZ,双创50,20210707,中证科创创业50指数,中证科创创业50指数收益率,银华基金管理股份有限公司,招商银行股份有限公司,股票型ETF,规模指数ETF,931643.CSI,766020038.4007,29343568,15232325.62,0.521,0.5191027083005,-0.210687608
2023-11-07,159782.SZ,双创50,20210707,中证科创创业50指数,中证科创创业50指数收益率,银华基金管理股份有限公司,招商银行股份有限公司,股票型ETF,规模指数ETF,931643.CSI,766606914.5075,8539203,4435579.05,0.522,0.51943712428432,-0.09569378
2023-11-08,159782.SZ,双创50,20210707,中证科创创业50指数,中证科创创业50指数收益率,银华基金管理股份有限公司,招商银行股份有限公司,股票型ETF,规模指数ETF,931643.CSI,767235699.908,13454905,7059344.71,0.524,0.52466700508105,0
2023-11-09,159782.SZ,双创50,20210707,中证科创创业50指数,中证科创创业50指数收益率,银华基金管理股份有限公司,招商银行股份有限公司,股票型ETF,规模指数ETF,931643.CSI,764453738.4007,10695815,5583247.72,0.52,0.52200301893778,-0.402221797
2023-11-10,159782.SZ,双创50,20210707,中证科创创业50指数,中证科创创业50指数收益率,银华基金管理股份有限公司,招商银行股份有限公司,股票型ETF,规模指数ETF,931643.CSI,756896558.306,12102506,6262748.1,0.518,0.51747531461666,0
2023-11-13,159782.SZ,双创50,20210707,中证科创创业50指数,中证科创创业50指数收益率,银华基金管理股份有限公司,招商银行股份有限公司,股票型ETF,规模指数ETF,931643.CSI,754412843.7065,4695902,2436029.64,0.519,0.5187564902334,-0.096246391
2023-11-14,159782.SZ,双创50,20210707,中证科创创业50指数,中证科创创业50指数收益率,银华基金管理股份有限公司,招商银行股份有限公司,股票型ETF,规模指数ETF,931643.CSI,754848500.7866,6102502,3167906.54,0.519,0.51911601831511,-0.153905348
2023-11-15,159782.SZ,双创50,20210707,中证科创创业50指数,中证科创创业50指数收益率,银华基金管理股份有限公司,招商银行股份有限公司,股票型ETF,规模指数ETF,931643.CSI,756187481.3206,9353023,4894902.65,0.521,0.52334979289584,-0.153315447
2023-11-16,159782.SZ,双创50,20210707,中证科创创业50指数,中证科创创业50指数收益率,银华基金管理股份有限公司,招商银行股份有限公司,股票型ETF,规模指数ETF,931643.CSI,741695578.6506,9054207,4662006.59,0.512,0.51489949257842,0.039077765
2023-11-17,159782.SZ,双创50,20210707,中证科创创业50指数,中证科创创业50指数收益率,银华基金管理股份有限公司,招商银行股份有限公司,股票型ETF,规模指数ETF,931643.CSI,745753311.3982,4996004,2557404.65,0.514,0.51189003251399,-0.116595414
2023-11-20,159782.SZ,双创50,20210707,中证科创创业50指数,中证科创创业50指数收益率,银华基金管理股份有限公司,招商银行股份有限公司,股票型ETF,规模指数ETF,931643.CSI,746477906.5317,6211903,3190525.65,0.516,0.51361485361249,0.174723355
2023-11-21,159782.SZ,双创50,20210707,中证科创创业50指数,中证科创创业50指数收益率,银华基金管理股份有限公司,招商银行股份有限公司,股票型ETF,规模指数ETF,931643.CSI,742710011.8375,6464100,3335821.3,0.514,0.51605347998948,0.292682927
2023-11-22,159782.SZ,双创50,20210707,中证科创创业50指数,中证科创创业50指数收益率,银华基金管理股份有限公司,招商银行股份有限公司,股票型ETF,规模指数ETF,931643.CSI,732542780.4078,12476916,6325086.83,0.505,0.5069431284141,0.317838697
2023-11-23,159782.SZ,双创50,20210707,中证科创创业50指数,中证科创创业50指数收益率,银华基金管理股份有限公司,招商银行股份有限公司,股票型ETF,规模指数ETF,931643.CSI,737635946.3423,7059806,3557344.72,0.507,0.50388703598937,0.019727757
2023-11-24,159782.SZ,双创50,20210707,中证科创创业50指数,中证科创创业50指数收益率,银华基金管理股份有限公司,招商银行股份有限公司,股票型ETF,规模指数ETF,931643.CSI,728613766.6869,5978609,3006895.92,0.501,0.5029423934564,0.059916117
2023-11-27,159782.SZ,双创50,20210707,中证科创创业50指数,中证科创创业50指数收益率,银华基金管理股份有限公司,招商银行股份有限公司,股票型ETF,规模指数ETF,931643.CSI,728031690.5801,5363801,2681081.8,0.502,0.49984736570205,0.339796122
2023-11-28,159782.SZ,双创50,20210707,中证科创创业50指数,中证科创创业50指数收益率,银华基金管理股份有限公司,招商银行股份有限公司,股票型ETF,规模指数ETF,931643.CSI,731233109.1675,2375700,1189468.5,0.502,0.50068127288799,-0.099502488
2023-11-29,159782.SZ,双创50,20210707,中证科创创业50指数,中证科创创业50指数收益率,银华基金管理股份有限公司,招商银行股份有限公司,股票型ETF,规模指数ETF,931643.CSI,724102676.8592,4449717,2224169.98,0.498,0.49984526656414,0.080385852
2023-11-30,159782.SZ,双创50,20210707,中证科创创业50指数,中证科创创业50指数收益率,银华基金管理股份有限公司,招商银行股份有限公司,股票型ETF,规模指数ETF,931643.CSI,727595133.5,3058102,1526150.7,0.499,0.49905160128733,-0.2
2023-12-01,159782.SZ,双创50,20210707,中证科创创业50指数,中证科创创业50指数收益率,银华基金管理股份有限公司,招商银行股份有限公司,股票型ETF,规模指数ETF,931643.CSI,729632399.8738,3779406,1884308.79,0.501,0.49857273603312,-0.079776625
2023-12-04,159782.SZ,双创50,20210707,中证科创创业50指数,中证科创创业50指数收益率,银华基金管理股份有限公司,招商银行股份有限公司,股票型ETF,规模指数ETF,931643.CSI,723408191.4587,6449712,3214458.81,0.495,0.4983879605787,-0.22172949
2023-12-05,159782.SZ,双创50,20210707,中证科创创业50指数,中证科创创业50指数收益率,银华基金管理股份有限公司,招商银行股份有限公司,股票型ETF,规模指数ETF,931643.CSI,710722945.8688,12140801,5943906.09,0.487,0.48958104905928,0.123355263
2023-12-06,159782.SZ,双创50,20210707,中证科创创业50指数,中证科创创业50指数收益率,银华基金管理股份有限公司,招商银行股份有限公司,股票型ETF,规模指数ETF,931643.CSI,711745779.0557,6013400,2939198.2,0.487,0.48877476968105,-0.020529665
2023-12-07,159782.SZ,双创50,20210707,中证科创创业50指数,中证科创创业50指数收益率,银华基金管理股份有限公司,招商银行股份有限公司,股票型ETF,规模指数ETF,931643.CSI,709839441.4416,9241400,4495187,0.485,0.48641839980955,0.041254125
2023-12-08,159782.SZ,双创50,20210707,中证科创创业50指数,中证科创创业50指数收益率,银华基金管理股份有限公司,招商银行股份有限公司,股票型ETF,规模指数ETF,931643.CSI,722577896.7645,6728003,3282335.26,0.491,0.48786174144096,-0.506585613
2023-12-11,159782.SZ,双创50,20210707,中证科创创业50指数,中证科创创业50指数收益率,银华基金管理股份有限公司,招商银行股份有限公司,股票型ETF,规模指数ETF,931643.CSI,730630943.233,8602643,4236376.85,0.499,0.49245061663026,0
2023-12-12,159782.SZ,双创50,20210707,中证科创创业50指数,中证科创创业50指数收益率,银华基金管理股份有限公司,招商银行股份有限公司,股票型ETF,规模指数ETF,931643.CSI,725506277.2985,3198001,1585619.29,0.495,0.49581575803135,-0.100908174
2023-12-13,159782.SZ,双创50,20210707,中证科创创业50指数,中证科创创业50指数收益率,银华基金管理股份有限公司,招商银行股份有限公司,股票型ETF,规模指数ETF,931643.CSI,716281878.6164,5860621,2885310.46,0.49,0.49232162598469,0.163532298
2023-12-14,159782.SZ,双创50,20210707,中证科创创业50指数,中证科创创业50指数收益率,银华基金管理股份有限公司,招商银行股份有限公司,股票型ETF,规模指数ETF,931643.CSI,712035726.8421,5547220,2716339.72,0.486,0.48967585925923,-0.061690315
2023-12-15,159782.SZ,双创50,20210707,中证科创创业50指数,中证科创创业50指数收益率,银华基金管理股份有限公司,招商银行股份有限公司,股票型ETF,规模指数ETF,931643.CSI,707038989.6673,10831420,5244574.68,0.481,0.48420010303358,-0.186760739
2023-12-18,159782.SZ,双创50,20210707,中证科创创业50指数,中证科创创业50指数收益率,银华基金管理股份有限公司,招商银行股份有限公司,股票型ETF,规模指数ETF,931643.CSI,700104605.1454,7514201,3588940.88,0.476,0.47762109105146,-0.04199916
2023-12-19,159782.SZ,双创50,20210707,中证科创创业50指数,中证科创创业50指数收益率,银华基金管理股份有限公司,招商银行股份有限公司,股票型ETF,规模指数ETF,931643.CSI,704074118.8663,3977900,1901850.5,0.479,0.47810415043113,0.020881186
2023-12-20,159782.SZ,双创50,20210707,中证科创创业50指数,中证科创创业50指数收益率,银华基金管理股份有限公司,招商银行股份有限公司,股票型ETF,规模指数ETF,931643.CSI,698881462.6648,6611204,3157546.8,0.476,0.47760541045171,0.337268128
2023-12-21,159782.SZ,双创50,20210707,中证科创创业50指数,中证科创创业50指数收益率,银华基金管理股份有限公司,招商银行股份有限公司,股票型ETF,规模指数ETF,931643.CSI,710666984.8008,7575003,3629499.53,0.482,0.47914166238614,-0.08291874
2023-12-22,159782.SZ,双创50,20210707,中证科创创业50指数,中证科创创业50指数收益率,银华基金管理股份有限公司,招商银行股份有限公司,股票型ETF,规模指数ETF,931643.CSI,708015242.3202,7345406,3532489.47,0.479,0.48091139822632,-0.332917187
2023-12-25,159782.SZ,双创50,20210707,中证科创创业50指数,中证科创创业50指数收益率,银华基金管理股份有限公司,招商银行股份有限公司,股票型ETF,规模指数ETF,931643.CSI,706836690.1066,2467115,1180970.99,0.479,0.47868501873646,-0.16673614
2023-12-26,159782.SZ,双创50,20210707,中证科创创业50指数,中证科创创业50指数收益率,银华基金管理股份有限公司,招商银行股份有限公司,股票型ETF,规模指数ETF,931643.CSI,699566567.5313,9766201,4625759.18,0.474,0.47364980302986,0.021101498
2023-12-27,159782.SZ,双创50,20210707,中证科创创业50指数,中证科创创业50指数收益率,银华基金管理股份有限公司,招商银行股份有限公司,股票型ETF,规模指数ETF,931643.CSI,701485614.8784,4173306,1984402.14,0.476,0.47549883473678,0.168350168
2023-12-28,159782.SZ,双创50,20210707,中证科创创业50指数,中证科创创业50指数收益率,银华基金管理股份有限公司,招商银行股份有限公司,股票型ETF,规模指数ETF,931643.CSI,722451497.2038,16355402,7979806.78,0.49,0.48790037566793,-0.284900285
2023-12-29,159782.SZ,双创50,20210707,中证科创创业50指数,中证科创创业50指数收益率,银华基金管理股份有限公司,招商银行股份有限公司,股票型ETF,规模指数ETF,931643.CSI,725538896.7645,9440782,4651937.87,0.492,0.49274920975826,-0.303951368
2024-01-02,159782.SZ,双创50,20210707,中证科创创业50指数,中证科创创业50指数收益率,银华基金管理股份有限公司,招商银行股份有限公司,股票型ETF,规模指数ETF,931643.CSI,712601222.4149,8883052,4331925.97,0.486,0.48766189480823,0.268207138
2024-01-03,159782.SZ,双创50,20210707,中证科创创业50指数,中证科创创业50指数收益率,银华基金管理股份有限公司,招商银行股份有限公司,股票型ETF,规模指数ETF,931643.CSI,703890309.5726,14669401,7029739.68,0.478,0.479211092532,0.041858518
2024-01-04,159782.SZ,双创50,20210707,中证科创创业50指数,中证科创创业50指数收益率,银华基金管理股份有限公司,招商银行股份有限公司,股票型ETF,规模指数ETF,931643.CSI,698556272.8371,14570701,6866704.57,0.472,0.47126796233071,0.148525355
2024-01-05,159782.SZ,双创50,20210707,中证科创创业50指数,中证科创创业50指数收益率,银华基金管理股份有限公司,招商银行股份有限公司,股票型ETF,规模指数ETF,931643.CSI,692359640.9681,14298111,6674879.14,0.464,0.46683643314841,-0.064613397
2024-01-08,159782.SZ,双创50,20210707,中证科创创业50指数,中证科创创业50指数收益率,银华基金管理股份有限公司,招商银行股份有限公司,股票型ETF,规模指数ETF,931643.CSI,678342452.4583,9065109,4153599.34,0.455,0.45819629306167,0.021982853
2024-01-09,159782.SZ,双创50,20210707,中证科创创业50指数,中证科创创业50指数收益率,银华基金管理股份有限公司,招商银行股份有限公司,股票型ETF,规模指数ETF,931643.CSI,681473952.019,7861503,3593236.78,0.458,0.45706740555845,0.218818381
2024-01-10,159782.SZ,双创50,20210707,中证科创创业50指数,中证科创创业50指数收益率,银华基金管理股份有限公司,招商银行股份有限公司,股票型ETF,规模指数ETF,931643.CSI,677167029.0044,5519122,2510165.33,0.453,0.454812437558,-0.044130627
2024-01-11,159782.SZ,双创50,20210707,中证科创创业50指数,中证科创创业50指数收益率,银华基金管理股份有限公司,招商银行股份有限公司,股票型ETF,规模指数ETF,931643.CSI,686879265.7399,6316119,2891668.48,0.46,0.45782362238584,0.065259952
2024-01-12,159782.SZ,双创50,20210707,中证科创创业50指数,中证科创创业50指数收益率,银华基金管理股份有限公司,招商银行股份有限公司,股票型ETF,规模指数ETF,931643.CSI,678810638.2981,4141612,1892466.58,0.454,0.45693961191922,-0.066035659
2024-01-15,159782.SZ,双创50,20210707,中证科创创业50指数,中证科创创业50指数收益率,银华基金管理股份有限公司,招商银行股份有限公司,股票型ETF,规模指数ETF,931643.CSI,673879810.417,4623401,2088122.65,0.451,0.45164212448801,0
2024-01-16,159782.SZ,双创50,20210707,中证科创创业50指数,中证科创创业50指数收益率,银华基金管理股份有限公司,招商银行股份有限公司,股票型ETF,规模指数ETF,931643.CSI,677764705.1112,7102101,3196885.85,0.452,0.4501324115216,-0.352733686
2024-01-17,159782.SZ,双创50,20210707,中证科创创业50指数,中证科创创业50指数收益率,银华基金管理股份有限公司,招商银行股份有限公司,股票型ETF,规模指数ETF,931643.CSI,659983840.9339,5721700,2555849.7,0.444,0.44669411188982,0.520715418
2024-01-18,159782.SZ,双创50,20210707,中证科创创业50指数,中证科创创业50指数收益率,银华基金管理股份有限公司,招商银行股份有限公司,股票型ETF,规模指数ETF,931643.CSI,674626905.5505,12593538,5563215.21,0.45,0.44175157211579,-0.332225914
2024-01-19,159782.SZ,双创50,20210707,中证科创创业50指数,中证科创创业50指数收益率,银华基金管理股份有限公司,招商银行股份有限公司,股票型ETF,规模指数ETF,931643.CSI,672535039.1767,7184401,3237035.75,0.449,0.45056445902727,-0.244390136
2024-01-22,159782.SZ,双创50,20210707,中证科创创业50指数,中证科创创业50指数收益率,银华基金管理股份有限公司,招商银行股份有限公司,股票型ETF,规模指数ETF,931643.CSI,657465788.7203,15762601,6996117.85,0.443,0.44384285626465,0.47629848
2024-01-23,159782.SZ,双创50,20210707,中证科创创业50指数,中证科创创业50指数收益率,银华基金管理股份有限公司,招商银行股份有限公司,股票型ETF,规模指数ETF,931643.CSI,664914668.815,8851400,3931644.5,0.445,0.44418334952663,0
2024-01-24,159782.SZ,双创50,20210707,中证科创创业50指数,中证科创创业50指数收益率,银华基金管理股份有限公司,招商银行股份有限公司,股票型ETF,规模指数ETF,931643.CSI,667597140.0553,12751301,5616579.85,0.445,0.44047112133891,-0.201838977
2024-01-25,159782.SZ,双创50,20210707,中证科创创业50指数,中证科创创业50指数收益率,银华基金管理股份有限公司,招商银行股份有限公司,股票型ETF,规模指数ETF,931643.CSI,677478595.8175,11010849,4939507.55,0.451,0.44860369531904,-0.331491713
2024-01-26,159782.SZ,双创50,20210707,中证科创创业50指数,中证科创创业50指数收益率,银华基金管理股份有限公司,招商银行股份有限公司,股票型ETF,规模指数ETF,931643.CSI,663534155.0941,15520601,6906109.04,0.442,0.44496402168962,-0.067827267
2024-01-29,159782.SZ,双创50,20210707,中证科创创业50指数,中证科创创业50指数收益率,银华基金管理股份有限公司,招商银行股份有限公司,股票型ETF,规模指数ETF,931643.CSI,641938291.7954,16156457,6984816.1,0.427,0.43232350384741,0.187705303
2024-01-30,159782.SZ,双创50,20210707,中证科创创业50指数,中证科创创业50指数收益率,银华基金管理股份有限公司,招商银行股份有限公司,股票型ETF,规模指数ETF,931643.CSI,624955689.5647,12410812,5207468.82,0.415,0.41959130635449,0.217338807
2024-01-31,159782.SZ,双创50,20210707,中证科创创业50指数,中证科创创业50指数收益率,银华基金管理股份有限公司,招商银行股份有限公司,股票型ETF,规模指数ETF,931643.CSI,622540985.1375,11454716,4732584.21,0.413,0.41315596213821,0.121212121
2024-02-01,159782.SZ,双创50,20210707,中证科创创业50指数,中证科创创业50指数收益率,银华基金管理股份有限公司,招商银行股份有限公司,股票型ETF,规模指数ETF,931643.CSI,629634179.3924,13101045,5471088.92,0.418,0.41760706264271,0.191754554
2024-02-02,159782.SZ,双创50,20210707,中证科创创业50指数,中证科创创业50指数收益率,银华基金管理股份有限公司,招商银行股份有限公司,股票型ETF,规模指数ETF,931643.CSI,615296871.8559,18026013,7369712.81,0.408,0.40883765089929,0.073583517
2024-02-05,159782.SZ,双创50,20210707,中证科创创业50指数,中证科创创业50指数收益率,银华基金管理股份有限公司,招商银行股份有限公司,股票型ETF,规模指数ETF,931643.CSI,622621408.5914,27627733,11241823.33,0.415,0.40690357511418,0.193143409
2024-02-06,159782.SZ,双创50,20210707,中证科创创业50指数,中证科创创业50指数收益率,银华基金管理股份有限公司,招商银行股份有限公司,股票型ETF,规模指数ETF,931643.CSI,652924675.4387,24589512,10490262.88,0.435,0.42661533421241,-0.252235726
2024-02-07,159782.SZ,双创50,20210707,中证科创创业50指数,中证科创创业50指数收益率,银华基金管理股份有限公司,招商银行股份有限公司,股票型ETF,规模指数ETF,931643.CSI,662523964.3878,16720805,7363632.5,0.44,0.44038743948034,-0.766801985
2024-02-08,159782.SZ,双创50,20210707,中证科创创业50指数,中证科创创业50指数收益率,银华基金管理股份有限公司,招商银行股份有限公司,股票型ETF,规模指数ETF,931643.CSI,669546658.6427,14144801,6332677.05,0.448,0.44770350957924,-0.022316447
2024-02-19,159782.SZ,双创50,20210707,中证科创创业50指数,中证科创创业50指数收益率,银华基金管理股份有限公司,招商银行股份有限公司,股票型ETF,规模指数ETF,931643.CSI,680251771.0457,16135624,7296451.61,0.455,0.45219519307093,-0.45941807
2024-02-20,159782.SZ,双创50,20210707,中证科创创业50指数,中证科创创业50指数收益率,银华基金管理股份有限公司,招商银行股份有限公司,股票型ETF,规模指数ETF,931643.CSI,677246761.752,9354807,4233274.67,0.454,0.45252399862445,-0.438596491
2024-02-21,159782.SZ,双创50,20210707,中证科创创业50指数,中证科创创业50指数收益率,银华基金管理股份有限公司,招商银行股份有限公司,股票型ETF,规模指数ETF,931643.CSI,672511356.8855,14212818,6496058.22,0.454,0.4570563149405,-0.547645126
2024-02-22,159782.SZ,双创50,20210707,中证科创创业50指数,中证科创创业50指数收益率,银华基金管理股份有限公司,招商银行股份有限公司,股票型ETF,规模指数ETF,931643.CSI,674523294.4996,10231732,4676879.29,0.458,0.45709556211988,-0.174367916
2024-02-23,159782.SZ,双创50,20210707,中证科创创业50指数,中证科创创业50指数收益率,银华基金管理股份有限公司,招商银行股份有限公司,股票型ETF,规模指数ETF,931643.CSI,673347142.286,8499316,3879023.32,0.456,0.45639241087165,-0.436681223
2024-02-26,159782.SZ,双创50,20210707,中证科创创业50指数,中证科创创业50指数收益率,银华基金管理股份有限公司,招商银行股份有限公司,股票型ETF,规模指数ETF,931643.CSI,673347142.286,9686533,4427725.18,0.457,0.4571011299915,-0.218340611
2024-02-27,159782.SZ,双创50,20210707,中证科创创业50指数,中证科创创业50指数收益率,银华基金管理股份有限公司,招商银行股份有限公司,股票型ETF,规模指数ETF,931643.CSI,687782258.6769,20772016,9615931.9,0.469,0.46292723344715,-0.361164223
2024-02-28,159782.SZ,双创50,20210707,中证科创创业50指数,中证科创创业50指数收益率,银华基金管理股份有限公司,招商银行股份有限公司,股票型ETF,规模指数ETF,931643.CSI,668368889.6331,16262103,7649365.4,0.458,0.47037983955704,-0.283039408
2024-02-29,159782.SZ,双创50,20210707,中证科创创业50指数,中证科创创业50指数收益率,银华基金管理股份有限公司,招商银行股份有限公司,股票型ETF,规模指数ETF,931643.CSI,686814248.0653,23721800,11163404.8,0.475,0.47059686870305,-0.18911536
2024-03-01,159782.SZ,双创50,20210707,中证科创创业50指数,中证科创创业50指数收益率,银华基金管理股份有限公司,招商银行股份有限公司,股票型ETF,规模指数ETF,931643.CSI,693595632.5872,17253845,8257355.23,0.482,0.47858058479139,0.083056478
2024-03-04,159782.SZ,双创50,20210707,中证科创创业50指数,中证科创创业50指数收益率,银华基金管理股份有限公司,招商银行股份有限公司,股票型ETF,规模指数ETF,931643.CSI,697324717.5484,8511339,4114957.32,0.484,0.48346767999724,-0.247320692
2024-03-05,159782.SZ,双创50,20210707,中证科创创业50指数,中证科创创业50指数收益率,银华基金管理股份有限公司,招商银行股份有限公司,股票型ETF,规模指数ETF,931643.CSI,696703421.9756,14511000,7049986.2,0.485,0.48583737854042,-0.369761709
2024-03-06,159782.SZ,双创50,20210707,中证科创创业50指数,中证科创创业50指数收益率,银华基金管理股份有限公司,招商银行股份有限公司,股票型ETF,规模指数ETF,931643.CSI,691644836.5751,16111001,7821784.78,0.484,0.48549340788943,-0.267875541
2024-03-07,159782.SZ,双创50,20210707,中证科创创业50指数,中证科创创业50指数收益率,银华基金管理股份有限公司,招商银行股份有限公司,股票型ETF,规模指数ETF,931643.CSI,677250414.8784,9778406,4684439.17,0.474,0.47905959008043,-0.252525253
2024-03-08,159782.SZ,双创50,20210707,中证科创创业50指数,中证科创创业50指数收益率,银华基金管理股份有限公司,招商银行股份有限公司,股票型ETF,规模指数ETF,931643.CSI,684073518.427,10433924,4988182.92,0.481,0.47807353398395,0
2024-03-11,159782.SZ,双创50,20210707,中证科创创业50指数,中证科创创业50指数收益率,银华基金管理股份有限公司,招商银行股份有限公司,股票型ETF,规模指数ETF,931643.CSI,700217876.8592,25192405,12357548.97,0.496,0.49052676669814,-0.321543408
2024-03-12,159782.SZ,双创50,20210707,中证科创创业50指数,中证科创创业50指数收益率,银华基金管理股份有限公司,招商银行股份有限公司,股票型ETF,规模指数ETF,931643.CSI,702328662.2597,8045000,4007111.9,0.497,0.4980872467371,-0.420757363
2024-03-13,159782.SZ,双创50,20210707,中证科创创业50指数,中证科创创业50指数收益率,银华基金管理股份有限公司,招商银行股份有限公司,股票型ETF,规模指数ETF,931643.CSI,699373562.699,5271701,2624449.6,0.496,0.49783733940904,-0.201207243
2024-03-14,159782.SZ,双创50,20210707,中证科创创业50指数,中证科创创业50指数收益率,银华基金管理股份有限公司,招商银行股份有限公司,股票型ETF,规模指数ETF,931643.CSI,693604082.6043,6584802,3247940.18,0.492,0.49324796402382,-0.182592818
2024-03-15,159782.SZ,双创50,20210707,中证科创创业50指数,中证科创创业50指数收益率,银华基金管理股份有限公司,招商银行股份有限公司,股票型ETF,规模指数ETF,931643.CSI,693181925.5242,6816702,3325359.98,0.493,0.48782534134542,0.081201786
2024-03-18,159782.SZ,双创50,20210707,中证科创创业50指数,中证科创创业50指数收益率,银华基金管理股份有限公司,招商银行股份有限公司,股票型ETF,规模指数ETF,931643.CSI,705499299.4345,14880208,7449041.9,0.504,0.5006006569263,0.099304866
2024-03-19,159782.SZ,双创50,20210707,中证科创创业50指数,中证科创创业50指数收益率,银华基金管理股份有限公司,招商银行股份有限公司,股票型ETF,规模指数ETF,931643.CSI,697040048.5388,9006819,4495319.75,0.496,0.49910181941038,-0.080580177
2024-03-20,159782.SZ,双创50,20210707,中证科创创业50指数,中证科创创业50指数收益率,银华基金管理股份有限公司,招商银行股份有限公司,股票型ETF,规模指数ETF,931643.CSI,698107091.4587,7147316,3534351.8,0.496,0.49450056496732,-0.020157226
2024-03-21,159782.SZ,双创50,20210707,中证科创创业50指数,中证科创创业50指数收益率,银华基金管理股份有限公司,招商银行股份有限公司,股票型ETF,规模指数ETF,931643.CSI,691774735.2572,4930401,2442232.5,0.492,0.49534155538261,0.081366965
2024-03-22,159782.SZ,双创50,20210707,中证科创创业50指数,中证科创创业50指数收益率,银华基金管理股份有限公司,招商银行股份有限公司,股票型ETF,规模指数ETF,931643.CSI,683753750.7353,6452101,3143120.69,0.485,0.48714685185492,-0.185223297
2024-03-25,159782.SZ,双创50,20210707,中证科创创业50指数,中证科创创业50指数收益率,银华基金管理股份有限公司,招商银行股份有限公司,股票型ETF,规模指数ETF,931643.CSI,673903418.8663,5545602,2681999.57,0.479,0.48362640701587,0.020881186
2024-03-26,159782.SZ,双创50,20210707,中证科创创业50指数,中证科创创业50指数收益率,银华基金管理股份有限公司,招商银行股份有限公司,股票型ETF,规模指数ETF,931643.CSI,671511195.4124,5992004,2865462.71,0.476,0.47821441874872,-0.25146689
2024-03-27,159782.SZ,双创50,20210707,中证科创创业50指数,中证科创创业50指数收益率,银华基金管理股份有限公司,招商银行股份有限公司,股票型ETF,规模指数ETF,931643.CSI,656584588.3152,8870800,4166157.4,0.465,0.46964844207963,-0.128865979
2024-03-28,159782.SZ,双创50,20210707,中证科创创业50指数,中证科创创业50指数收益率,银华基金管理股份有限公司,招商银行股份有限公司,股票型ETF,规模指数ETF,931643.CSI,662507387.4366,4940300,2325277.2,0.47,0.47067530311924,0.042571307
2024-03-29,159782.SZ,双创50,20210707,中证科创创业50指数,中证科创创业50指数收益率,银华基金管理股份有限公司,招商银行股份有限公司,股票型ETF,规模指数ETF,931643.CSI,664904710.8905,4596003,2159817.11,0.472,0.46993379029561,0.106044539
2024-04-01,159782.SZ,双创50,20210707,中证科创创业50指数,中证科创创业50指数收益率,银华基金管理股份有限公司,招商银行股份有限公司,股票型ETF,规模指数ETF,931643.CSI,678687865.7741,8850809,4255553.64,0.483,0.48080956667351,0.145137881
2024-04-02,159782.SZ,双创50,20210707,中证科创创业50指数,中证科创创业50指数收益率,银华基金管理股份有限公司,招商银行股份有限公司,股票型ETF,规模指数ETF,931643.CSI,673059104.7061,5671301,2711893.98,0.478,0.47817846028627,-0.062722141
2024-04-03,159782.SZ,双创50,20210707,中证科创创业50指数,中证科创创业50指数收益率,银华基金管理股份有限公司,招商银行股份有限公司,股票型ETF,规模指数ETF,931643.CSI,663912367.9706,2561402,1216029.15,0.473,0.47475138615493,0.254345061
2024-04-08,159782.SZ,双创50,20210707,中证科创创业50指数,中证科创创业50指数收益率,银华基金管理股份有限公司,招商银行股份有限公司,股票型ETF,规模指数ETF,931643.CSI,652795564.8613,3852606,1804071.12,0.465,0.46827293525473,0.237120069
2024-04-09,159782.SZ,双创50,20210707,中证科创创业50指数,中证科创创业50指数收益率,银华基金管理股份有限公司,招商银行股份有限公司,股票型ETF,规模指数ETF,931643.CSI,658565044.956,3364610,1563690.45,0.468,0.46474641934726,0
2024-04-10,159782.SZ,双创50,20210707,中证科创创业50指数,中证科创创业50指数收益率,银华基金管理股份有限公司,招商银行股份有限公司,股票型ETF,规模指数ETF,931643.CSI,648405484.7666,7436512,3423283.92,0.459,0.46033461924085,-0.173988691
2024-04-11,159782.SZ,双创50,20210707,中证科创创业50指数,中证科创创业50指数收益率,银华基金管理股份有限公司,招商银行股份有限公司,股票型ETF,规模指数ETF,931643.CSI,647418351.5797,3711707,1708534.51,0.459,0.46030963920374,-0.021781747
2024-04-12,159782.SZ,双创50,20210707,中证科创创业50指数,中证科创创业50指数收益率,银华基金管理股份有限公司,招商银行股份有限公司,股票型ETF,规模指数ETF,931643.CSI,646393228.1258,3386512,1555324.12,0.456,0.45927022257709,-0.306077831
2024-04-15,159782.SZ,双创50,20210707,中证科创创业50指数,中证科创创业50指数收益率,银华基金管理股份有限公司,招商银行股份有限公司,股票型ETF,规模指数ETF,931643.CSI,658687983.4487,7266715,3369754.25,0.466,0.46372456467606,-0.021454623
2024-04-16,159782.SZ,双创50,20210707,中证科创创业50指数,中证科创创业50指数收益率,银华基金管理股份有限公司,招商银行股份有限公司,股票型ETF,规模指数ETF,931643.CSI,647806418.3928,4574616,2105740.86,0.458,0.46030986207367,-0.087260035
2024-04-17,159782.SZ,双创50,20210707,中证科创创业50指数,中证科创创业50指数收益率,银华基金管理股份有限公司,招商银行股份有限公司,股票型ETF,规模指数ETF,931643.CSI,659677216.6356,4532407,2101721.85,0.466,0.46370986762663,-0.171379606
2024-04-18,159782.SZ,双创50,20210707,中证科创创业50指数,中证科创创业50指数收益率,银华基金管理股份有限公司,招商银行股份有限公司,股票型ETF,规模指数ETF,931643.CSI,654448412.6477,5893498,2738496.47,0.463,0.46466401956868,-0.021593608
2024-04-19,159782.SZ,双创50,20210707,中证科创创业50指数,中证科创创业50指数收益率,银华基金管理股份有限公司,招商银行股份有限公司,股票型ETF,规模指数ETF,931643.CSI,641871019.2714,8244294,3758459.49,0.454,0.45588615471501,-0.044033465
2024-04-22,159782.SZ,双创50,20210707,中证科创创业50指数,中证科创创业50指数收益率,银华基金管理股份有限公司,招商银行股份有限公司,股票型ETF,规模指数ETF,931643.CSI,639892552.8976,3245200,1467513,0.451,0.45221034142734,-0.397526502
2024-04-23,159782.SZ,双创50,20210707,中证科创创业50指数,中证科创创业50指数收益率,银华基金管理股份有限公司,招商银行股份有限公司,股票型ETF,规模指数ETF,931643.CSI,638903319.7107,3714512,1680082.62,0.451,0.45230238050113,-0.243309002
2024-04-24,159782.SZ,双创50,20210707,中证科创创业50指数,中证科创创业50指数收益率,银华基金管理股份有限公司,招商银行股份有限公司,股票型ETF,规模指数ETF,931643.CSI,644414761.752,2603416,1180921.97,0.455,0.45360479078257,-0.219298246
2024-04-25,159782.SZ,双创50,20210707,中证科创创业50指数,中证科创创业50指数收益率,银华基金管理股份有限公司,招商银行股份有限公司,股票型ETF,规模指数ETF,931643.CSI,638864381.218,2920403,1327338.86,0.453,0.45450537477191,-0.220264317
2024-04-26,159782.SZ,双创50,20210707,中证科创创业50指数,中证科创创业50指数收益率,银华基金管理股份有限公司,招商银行股份有限公司,股票型ETF,规模指数ETF,931643.CSI,657863140.0895,11187831,5191470.33,0.468,0.46402831165397,-0.106723586
2024-04-29,159782.SZ,双创50,20210707,中证科创创业50指数,中证科创创业50指数收益率,银华基金管理股份有限公司,招商银行股份有限公司,股票型ETF,规模指数ETF,931643.CSI,679016803.3882,12818702,6179747.06,0.483,0.48208836276871,-0.330169212
2024-04-30,159782.SZ,双创50,20210707,中证科创创业50指数,中证科创创业50指数收益率,银华基金管理股份有限公司,招商银行股份有限公司,股票型ETF,规模指数ETF,931643.CSI,668017099.8396,6102701,2931968.28,0.478,0.48043780614518,-0.167084378
2024-05-06,159782.SZ,双创50,20210707,中证科创创业50指数,中证科创创业50指数收益率,银华基金管理股份有限公司,招商银行股份有限公司,股票型ETF,规模指数ETF,931643.CSI,679318141.0023,5485508,2672584,0.487,0.48720811272174,0.020538098
2024-05-07,159782.SZ,双创50,20210707,中证科创创业50指数,中证科创创业50指数收益率,银华基金管理股份有限公司,招商银行股份有限公司,股票型ETF,规模指数ETF,931643.CSI,675830165.3348,4082007,1979793.39,0.484,0.48500489832575,-0.082576383
2024-05-08,159782.SZ,双创50,20210707,中证科创创业50指数,中证科创创业50指数收益率,银华基金管理股份有限公司,招商银行股份有限公司,股票型ETF,规模指数ETF,931643.CSI,666342871.5192,5309000,2543794.2,0.476,0.47914752307403,-0.335008375
2024-05-09,159782.SZ,双创50,20210707,中证科创创业50指数,中证科创创业50指数收益率,银华基金管理股份有限公司,招商银行股份有限公司,股票型ETF,规模指数ETF,931643.CSI,677225355.6018,5830502,2814360.46,0.485,0.48269608002879,-0.082406263
2024-05-10,159782.SZ,双创50,20210707,中证科创创业50指数,中证科创创业50指数收益率,银华基金管理股份有限公司,招商银行股份有限公司,股票型ETF,规模指数ETF,931643.CSI,668296137.893,5516205,2642585.39,0.478,0.47905859009953,-0.208768267
2024-05-13,159782.SZ,双创50,20210707,中证科创创业50指数,中证科创创业50指数收益率,银华基金管理股份有限公司,招商银行股份有限公司,股票型ETF,规模指数ETF,931643.CSI,663552490.9852,4291802,2044210.56,0.476,0.47630588736386,0.084104289
2024-05-14,159782.SZ,双创50,20210707,中证科创创业50指数,中证科创创业50指数收益率,银华基金管理股份有限公司,招商银行股份有限公司,股票型ETF,规模指数ETF,931643.CSI,661459705.5847,4556401,2164613.48,0.475,0.47507089038037,0.189833368
2024-05-15,159782.SZ,双创50,20210707,中证科创创业50指数,中证科创创业50指数收益率,银华基金管理股份有限公司,招商银行股份有限公司,股票型ETF,规模指数ETF,931643.CSI,655739425.49,3572709,1691087.77,0.472,0.47333487558041,0.425531915
2024-05-16,159782.SZ,双创50,20210707,中证科创创业50指数,中证科创创业50指数收益率,银华基金管理股份有限公司,招商银行股份有限公司,股票型ETF,规模指数ETF,931643.CSI,656855577.7036,4501298,2128299.96,0.472,0.47281916460541,0.254885302
2024-05-17,159782.SZ,双创50,20210707,中证科创创业50指数,中证科创创业50指数收益率,银华基金管理股份有限公司,招商银行股份有限公司,股票型ETF,规模指数ETF,931643.CSI,659785477.2643,3356603,1580782.02,0.474,0.4709469722812,0.232607317
2024-05-20,159782.SZ,双创50,20210707,中证科创创业50指数,中证科创创业50指数收益率,银华基金管理股份有限公司,招商银行股份有限公司,股票型ETF,规模指数ETF,931643.CSI,662017781.6915,4500438,2139260.67,0.475,0.47534499308734,0.105374078
2024-05-21,159782.SZ,双创50,20210707,中证科创创业50指数,中证科创创业50指数收益率,银华基金管理股份有限公司,招商银行股份有限公司,股票型ETF,规模指数ETF,931643.CSI,657692691.8638,2858202,1348791.64,0.47,0.47190213987675,-0.296987696
2024-05-22,159782.SZ,双创50,20210707,中证科创创业50指数,中证科创创业50指数收益率,银华基金管理股份有限公司,招商银行股份有限公司,股票型ETF,规模指数ETF,931643.CSI,665784795.4124,5803716,2752661.88,0.478,0.47429300124265,0.167644593
2024-05-23,159782.SZ,双创50,20210707,中证科创创业50指数,中证科创创业50指数收益率,银华基金管理股份有限公司,招商银行股份有限公司,股票型ETF,规模指数ETF,931643.CSI,659227401.1575,5772516,2732200.47,0.472,0.47331189207618,-0.105820106
2024-05-24,159782.SZ,双创50,20210707,中证科创创业50指数,中证科创创业50指数收益率,银华基金管理股份有限公司,招商银行股份有限公司,股票型ETF,规模指数ETF,931643.CSI,645135979.4608,5432201,2548638.17,0.465,0.46917228762338,0.562283737
2024-05-27,159782.SZ,双创50,20210707,中证科创创业50指数,中证科创创业50指数收益率,银华基金管理股份有限公司,招商银行股份有限公司,股票型ETF,规模指数ETF,931643.CSI,652395578.5822,8694407,4009429.42,0.465,0.46115041773407,-0.342906129
2024-05-28,159782.SZ,双创50,20210707,中证科创创业50指数,中证科创创业50指数收益率,银华基金管理股份有限公司,招商银行股份有限公司,股票型ETF,规模指数ETF,931643.CSI,645824084.3273,5710301,2646358.36,0.461,0.46343587842392,-0.19484737
2024-05-29,159782.SZ,双创50,20210707,中证科创创业50指数,中证科创创业50指数收益率,银华基金管理股份有限公司,招商银行股份有限公司,股票型ETF,规模指数ETF,931643.CSI,647362093.621,5378902,2497851.13,0.462,0.46437937147767,-0.215982721
2024-05-30,159782.SZ,双创50,20210707,中证科创创业50指数,中证科创创业50指数收益率,银华基金管理股份有限公司,招商银行股份有限公司,股票型ETF,规模指数ETF,931643.CSI,651836302.4754,5049400,2347792,0.466,0.46496455024359,-0.042900043
2024-05-31,159782.SZ,双创50,20210707,中证科创创业50指数,中证科创创业50指数收益率,银华基金管理股份有限公司,招商银行股份有限公司,股票型ETF,规模指数ETF,931643.CSI,648620464.8613,4961104,2317061.07,0.464,0.46704545399572,0.02155637
2024-06-03,159782.SZ,双创50,20210707,中证科创创业50指数,中证科创创业50指数收益率,银华基金管理股份有限公司,招商银行股份有限公司,股票型ETF,规模指数ETF,931643.CSI,655891054.2497,4888506,2282249.61,0.466,0.46686034751722,-0.660839906
2024-06-04,159782.SZ,双创50,20210707,中证科创创业50指数,中证科创创业50指数收益率,银华基金管理股份有限公司,招商银行股份有限公司,股票型ETF,规模指数ETF,931643.CSI,661041148.5046,9917700,4676839.2,0.473,0.47156489911976,-0.168847615
2024-06-05,159782.SZ,双创50,20210707,中证科创创业50指数,中证科创创业50指数收益率,银华基金管理股份有限公司,招商银行股份有限公司,股票型ETF,规模指数ETF,931643.CSI,657225915.3177,12286121,5849917.08,0.473,0.47614027893751,-0.02113718
2024-06-06,159782.SZ,双创50,20210707,中证科创创业50指数,中证科创创业50指数收益率,银华基金管理股份有限公司,招商银行股份有限公司,股票型ETF,规模指数ETF,931643.CSI,653034234.7837,8512100,4032603.8,0.471,0.47374958000963,-0.021226916
2024-06-07,159782.SZ,双创50,20210707,中证科创创业50指数,中证科创创业50指数收益率,银华基金管理股份有限公司,招商银行股份有限公司,股票型ETF,规模指数ETF,931643.CSI,642778336.5409,8233301,3817592.67,0.463,0.46367704399487,0.064836827
2024-06-11,159782.SZ,双创50,20210707,中证科创创业50指数,中证科创创业50指数收益率,银华基金管理股份有限公司,招商银行股份有限公司,股票型ETF,规模指数ETF,931643.CSI,649863206.9026,5029603,2330477.89,0.466,0.46335225464117,-0.38477982
2024-06-12,159782.SZ,双创50,20210707,中证科创创业50指数,中证科创创业50指数收益率,银华基金管理股份有限公司,招商银行股份有限公司,股票型ETF,规模指数ETF,931643.CSI,645834555.1283,2904003,1353730.4,0.465,0.46616012449023,0.021510002
2024-06-13,159782.SZ,双创50,20210707,中证科创创业50指数,中证科创创业50指数收益率,银华基金管理股份有限公司,招商银行股份有限公司,股票型ETF,规模指数ETF,931643.CSI,649168611.7691,4622401,2163143.27,0.466,0.46796962660747,-0.27819388
2024-06-14,159782.SZ,双创50,20210707,中证科创创业50指数,中证科创创业50指数收益率,银华基金管理股份有限公司,招商银行股份有限公司,股票型ETF,规模指数ETF,931643.CSI,650974559.1162,4084600,1898651.8,0.466,0.46483175831171,-0.554844217
2024-06-17,159782.SZ,双创50,20210707,中证科创创业50指数,中证科创创业50指数收益率,银华基金管理股份有限公司,招商银行股份有限公司,股票型ETF,规模指数ETF,931643.CSI,653972358.2376,4616702,2174480.74,0.472,0.47100305369504,-0.169204738
2024-06-18,159782.SZ,双创50,20210707,中证科创创业50指数,中证科创创业50指数收益率,银华基金管理股份有限公司,招商银行股份有限公司,股票型ETF,规模指数ETF,931643.CSI,654802272.3978,5483400,2597901.1,0.472,0.47377559543349,-0.295732995
2024-06-19,159782.SZ,双创50,20210707,中证科创创业50指数,中证科创创业50指数收益率,银华基金管理股份有限公司,招商银行股份有限公司,股票型ETF,规模指数ETF,931643.CSI,649546149.3832,3812000,1794139.8,0.469,0.47065577124869,-0.127768313
2024-06-20,159782.SZ,双创50,20210707,中证科创创业50指数,中证科创创业50指数收益率,银华基金管理股份有限公司,招商银行股份有限公司,股票型ETF,规模指数ETF,931643.CSI,646503130.7958,4386805,2058051.16,0.466,0.46914580429265,-0.299529311
2024-06-21,159782.SZ,双创50,20210707,中证科创创业50指数,中证科创创业50指数收益率,银华基金管理股份有限公司,招商银行股份有限公司,股票型ETF,规模指数ETF,931643.CSI,645119940.5288,4843338,2244062.54,0.465,0.46332974076969,-0.300171527
2024-06-24,159782.SZ,双创50,20210707,中证科创创业50指数,中证科创创业50指数收益率,银华基金管理股份有限公司,招商银行股份有限公司,股票型ETF,规模指数ETF,931643.CSI,635437608.6598,4850703,2249412.89,0.459,0.4637292553265,-0.087070091
2024-06-25,159782.SZ,双创50,20210707,中证科创创业50指数,中证科创创业50指数收益率,银华基金管理股份有限公司,招商银行股份有限公司,股票型ETF,规模指数ETF,931643.CSI,622218320.5893,12051613,5447001.76,0.451,0.45197284048202,0.692118777
2024-06-26,159782.SZ,双创50,20210707,中证科创创业50指数,中证科创创业50指数收益率,银华基金管理股份有限公司,招商银行股份有限公司,股票型ETF,规模指数ETF,931643.CSI,632750476.3515,8408800,3795271,0.455,0.45134513842641,0.110011001
2024-06-27,159782.SZ,双创50,20210707,中证科创创业50指数,中证科创创业50指数收益率,银华基金管理股份有限公司,招商银行股份有限公司,股票型ETF,规模指数ETF,931643.CSI,623422801.5626,3558600,1602098.4,0.449,0.45020468723655,0.267976775
2024-06-28,159782.SZ,双创50,20210707,中证科创创业50指数,中证科创创业50指数收益率,银华基金管理股份有限公司,招商银行股份有限公司,股票型ETF,规模指数ETF,931643.CSI,620720149.7883,7396400,3308701,0.445,0.44733938132064,0.022476961
2024-07-01,159782.SZ,双创50,20210707,中证科创创业50指数,中证科创创业50指数收益率,银华基金管理股份有限公司,招商银行股份有限公司,股票型ETF,规模指数ETF,931643.CSI,620097383.4145,7831207,3447899.59,0.443,0.44027690622914,-0.112739572
2024-07-02,159782.SZ,双创50,20210707,中证科创创业50指数,中证科创创业50指数收益率,银华基金管理股份有限公司,招商银行股份有限公司,股票型ETF,规模指数ETF,931643.CSI,612267517.9193,4078123,1795549.84,0.438,0.44028829929848,0.022836264
2024-07-03,159782.SZ,双创50,20210707,中证科创创业50指数,中证科创创业50指数收益率,银华基金管理股份有限公司,招商银行股份有限公司,股票型ETF,规模指数ETF,931643.CSI,611848060.8392,5160100,2251667,0.437,0.43636111703262,-0.137111517
2024-07-04,159782.SZ,双创50,20210707,中证科创创业50指数,中证科创创业50指数收益率,银华基金管理股份有限公司,招商银行股份有限公司,股票型ETF,规模指数ETF,931643.CSI,606674756.8513,3410900,1490008.1,0.434,0.43683722771116,0.023046785
2024-07-05,159782.SZ,双创50,20210707,中证科创创业50指数,中证科创创业50指数收益率,银华基金管理股份有限公司,招商银行股份有限公司,股票型ETF,规模指数ETF,931643.CSI,611148965.7057,4773202,2070003.57,0.435,0.43367189781618,-0.480439259
2024-07-08,159782.SZ,双创50,20210707,中证科创创业50指数,中证科创创业50指数收益率,银华基金管理股份有限公司,招商银行股份有限公司,股票型ETF,规模指数ETF,931643.CSI,603738557.2906,3732009,1619767.61,0.432,0.4340202850529,0.04631774
2024-07-09,159782.SZ,双创50,20210707,中证科创创业50指数,中证科创创业50指数收益率,银华基金管理股份有限公司,招商银行股份有限公司,股票型ETF,规模指数ETF,931643.CSI,616042631.6402,6914500,3016143.1,0.44,0.43620552462217,-0.136177939
2024-07-10,159782.SZ,双创50,20210707,中证科创创业50指数,中证科创创业50指数收益率,银华基金管理股份有限公司,招商银行股份有限公司,股票型ETF,规模指数ETF,931643.CSI,617301002.8805,5336300,2356485.5,0.44,0.44159539381219,-0.339750849
2024-07-11,159782.SZ,双创50,20210707,中证科创创业50指数,中证科创创业50指数收益率,银华基金管理股份有限公司,招商银行股份有限公司,股票型ETF,规模指数ETF,931643.CSI,625270687.4024,7555218,3373940.42,0.447,0.44657088915237,-0.044722719
2024-07-12,159782.SZ,双创50,20210707,中证科创创业50指数,中证科创创业50指数收益率,银华基金管理股份有限公司,招商银行股份有限公司,股票型ETF,规模指数ETF,931643.CSI,623313221.0286,4735701,2102263.24,0.444,0.4439180683071,-0.403768506
2024-07-15,159782.SZ,双创50,20210707,中证科创创业50指数,中证科创创业50指数收益率,银华基金管理股份有限公司,招商银行股份有限公司,股票型ETF,规模指数ETF,931643.CSI,621355754.6548,3677502,1633656.69,0.443,0.44422999362067,-0.315031503
2024-07-16,159782.SZ,双创50,20210707,中证科创创业50指数,中证科创创业50指数收益率,银华基金管理股份有限公司,招商银行股份有限公司,股票型ETF,规模指数ETF,931643.CSI,633416381.218,11069900,4982620.1,0.453,0.45010524936991,-0.220264317
2024-07-17,159782.SZ,双创50,20210707,中证科创创业50指数,中证科创创业50指数收益率,银华基金管理股份有限公司,招商银行股份有限公司,股票型ETF,规模指数ETF,931643.CSI,632439748.0311,2811108,1272993.61,0.452,0.45284407785115,-0.286785793
2024-07-18,159782.SZ,双创50,20210707,中证科创创业50指数,中证科创创业50指数收益率,银华基金管理股份有限公司,招商银行股份有限公司,股票型ETF,规模指数ETF,931643.CSI,639154551.5797,11846504,5392918.63,0.459,0.45523292188143,-0.021781747
2024-07-19,159782.SZ,双创50,20210707,中证科创创业50指数,中证科创创业50指数收益率,银华基金管理股份有限公司,招商银行股份有限公司,股票型ETF,规模指数ETF,931643.CSI,644439855.1283,15347503,7102271.69,0.464,0.46276398773142,-0.193590019
2024-07-22,159782.SZ,双创50,20210707,中证科创创业50指数,中证科创创业50指数收益率,银华基金管理股份有限公司,招商银行股份有限公司,股票型ETF,规模指数ETF,931643.CSI,644717093.1817,6183507,2871767.84,0.464,0.46442380351474,-0.236508278
2024-07-23,159782.SZ,双创50,20210707,中证科创创业50指数,中证科创创业50指数收益率,银华基金管理股份有限公司,招商银行股份有限公司,股票型ETF,规模指数ETF,931643.CSI,622399429.883,9715104,4419295.82,0.449,0.45488919315738,0
2024-07-24,159782.SZ,双创50,20210707,中证科创创业50指数,中证科创创业50指数收益率,银华基金管理股份有限公司,招商银行股份有限公司,股票型ETF,规模指数ETF,931643.CSI,615745716.6014,7355002,3285699.5,0.443,0.44672992611015,-0.270148582
2024-07-25,159782.SZ,双创50,20210707,中证科创创业50指数,中证科创创业50指数收益率,银华基金管理股份有限公司,招商银行股份有限公司,股票型ETF,规模指数ETF,931643.CSI,613250574.1208,7571202,3351728.38,0.441,0.44269435421218,-0.316455696
2024-07-26,159782.SZ,双创50,20210707,中证科创创业50指数,中证科创创业50指数收益率,银华基金管理股份有限公司,招商银行股份有限公司,股票型ETF,规模指数ETF,931643.CSI,618240859.082,7385627,3286858.27,0.445,0.44503442564863,-0.224215247
2024-07-29,159782.SZ,双创50,20210707,中证科创创业50指数,中证科创创业50指数收益率,银华基金管理股份有限公司,招商银行股份有限公司,股票型ETF,规模指数ETF,931643.CSI,606874098.8926,3735303,1647382.52,0.439,0.44103049203773,0.274097762
2024-07-30,159782.SZ,双创50,20210707,中证科创创业50指数,中证科创创业50指数收益率,银华基金管理股份有限公司,招商银行股份有限公司,股票型ETF,规模指数ETF,931643.CSI,606798308.6256,7876400,3428139.3,0.436,0.43524189985272,-0.183150183
2024-07-31,159782.SZ,双创50,20210707,中证科创创业50指数,中证科创创业50指数收益率,银华基金管理股份有限公司,招商银行股份有限公司,股票型ETF,规模指数ETF,931643.CSI,627112476.7908,14809942,6625031.06,0.452,0.44733673231131,-0.08841733
2024-08-01,159782.SZ,双创50,20210707,中证科创创业50指数,中证科创创业50指数收益率,银华基金管理股份有限公司,招商银行股份有限公司,股票型ETF,规模指数ETF,931643.CSI,621013239.616,5937901,2675048.25,0.448,0.45050401648663,0
2024-08-02,159782.SZ,双创50,20210707,中证科创创业50指数,中证科创创业50指数收益率,银华基金管理股份有限公司,招商银行股份有限公司,股票型ETF,规模指数ETF,931643.CSI,611938312.6135,11625900,5143667.2,0.441,0.44243174291883,0.113507378
2024-08-05,159782.SZ,双创50,20210707,中证科创创业50指数,中证科创创业50指数收益率,银华基金管理股份有限公司,招商银行股份有限公司,股票型ETF,规模指数ETF,931643.CSI,599477128.9702,12942404,5664361.94,0.433,0.43765918140092,0.557361821
2024-08-06,159782.SZ,双创50,20210707,中证科创创业50指数,中证科创创业50指数收益率,银华基金管理股份有限公司,招商银行股份有限公司,股票型ETF,规模指数ETF,931643.CSI,607551832.5188,7775400,3386652.9,0.436,0.43555995833012,-0.091659028
2024-08-07,159782.SZ,双创50,20210707,中证科创创业50指数,中证科创创业50指数收益率,银华基金管理股份有限公司,招商银行股份有限公司,股票型ETF,规模指数ETF,931643.CSI,604628232.9581,4577307,1996633.26,0.434,0.43620260996258,-0.069076675
2024-08-08,159782.SZ,双创50,20210707,中证科创创业50指数,中证科创创业50指数收益率,银华基金管理股份有限公司,招商银行股份有限公司,股票型ETF,规模指数ETF,931643.CSI,603096823.6644,5921200,2561266.8,0.433,0.43255873809363,-0.046168052
2024-08-09,159782.SZ,双创50,20210707,中证科创创业50指数,中证科创创业50指数收益率,银华基金管理股份有限公司,招商银行股份有限公司,股票型ETF,规模指数ETF,931643.CSI,600629409.9435,8604200,3738744.8,0.432,0.43452555728598,0.348432056
2024-08-12,159782.SZ,双创50,20210707,中证科创创业50指数,中证科创创业50指数收益率,银华基金管理股份有限公司,招商银行股份有限公司,股票型ETF,规模指数ETF,931643.CSI,599931814.81,4155615,1788014.65,0.429,0.43026475022349,-0.23255814
2024-08-13,159782.SZ,双创50,20210707,中证科创创业50指数,中证科创创业50指数收益率,银华基金管理股份有限公司,招商银行股份有限公司,股票型ETF,规模指数ETF,931643.CSI,603140752.4241,3770901,1620728.93,0.432,0.42979885443824,-0.069396253
2024-08-14,159782.SZ,双创50,20210707,中证科创创业50指数,中证科创创业50指数收益率,银华基金管理股份有限公司,招商银行股份有限公司,股票型ETF,规模指数ETF,931643.CSI,596066339.5818,7687000,3286967.1,0.426,0.4276007675296,0.141043724
2024-08-15,159782.SZ,双创50,20210707,中证科创创业50指数,中证科创创业50指数收益率,银华基金管理股份有限公司,招商银行股份有限公司,股票型ETF,规模指数ETF,931643.CSI,600410029.4095,5576505,2389048.04,0.428,0.42841314407501,-0.116686114
2024-08-16,159782.SZ,双创50,20210707,中证科创创业50指数,中证科创创业50指数收益率,银华基金管理股份有限公司,招商银行股份有限公司,股票型ETF,规模指数ETF,931643.CSI,601530981.6231,3668302,1574435.76,0.429,0.42920014764324,-0.069881202
2024-08-19,159782.SZ,双创50,20210707,中证科创创业50指数,中证科创创业50指数收益率,银华基金管理股份有限公司,招商银行股份有限公司,股票型ETF,规模指数ETF,931643.CSI,601671100.6498,3306200,1425812.2,0.429,0.43125406811445,-0.093153237
2024-08-20,159782.SZ,双创50,20210707,中证科创创业50指数,中证科创创业50指数收益率,银华基金管理股份有限公司,招商银行股份有限公司,股票型ETF,规模指数ETF,931643.CSI,594525030.2881,5132812,2187696.6,0.424,0.42621794836826,-0.07070469
2024-08-21,159782.SZ,双创50,20210707,中证科创创业50指数,中证科创创业50指数收益率,银华基金管理股份有限公司,招商银行股份有限公司,股票型ETF,规模指数ETF,931643.CSI,591722649.7541,2284104,969039.8,0.423,0.42425379930161,0.165758939
2024-08-22,159782.SZ,双创50,20210707,中证科创创业50指数,中证科创创业50指数收益率,银华基金管理股份有限公司,招商银行股份有限公司,股票型ETF,规模指数ETF,931643.CSI,588219674.0866,3161003,1332867.86,0.421,0.42165978963006,0.285850405
2024-08-23,159782.SZ,双创50,20210707,中证科创创业50指数,中证科创创业50指数收益率,银华基金管理股份有限公司,招商银行股份有限公司,股票型ETF,规模指数ETF,931643.CSI,589753440.8997,7924200,3313716.4,0.419,0.41817677494258,-0.023860654
2024-08-26,159782.SZ,双创50,20210707,中证科创创业50指数,中证科创创业50指数收益率,银华基金管理股份有限公司,招商银行股份有限公司,股票型ETF,规模指数ETF,931643.CSI,587361217.4458,3419531,1430028.23,0.416,0.41819425821845,-0.335409679
2024-08-27,159782.SZ,双创50,20210707,中证科创创业50指数,中证科创创业50指数收益率,银华基金管理股份有限公司,招商银行股份有限公司,股票型ETF,规模指数ETF,931643.CSI,581732456.3778,3512925,1451563.25,0.412,0.41320644477181,-0.338655056
2024-08-28,159782.SZ,双创50,20210707,中证科创创业50指数,中证科创创业50指数收益率,银华基金管理股份有限公司,招商银行股份有限公司,股票型ETF,规模指数ETF,931643.CSI,579340232.9239,4528230,1864065.94,0.412,0.41165443009741,0.072868594
2024-08-29,159782.SZ,双创50,20210707,中证科创创业50指数,中证科创创业50指数收益率,银华基金管理股份有限公司,招商银行股份有限公司,股票型ETF,规模指数ETF,931643.CSI,583983960.805,13223201,5453003.21,0.414,0.41238148085324,-0.240963855
2024-08-30,159782.SZ,双创50,20210707,中证科创创业50指数,中证科创创业50指数收益率,银华基金管理股份有限公司,招商银行股份有限公司,股票型ETF,规模指数ETF,931643.CSI,597904215.6886,14059102,5964229.95,0.425,0.42422552663748,-0.187881635
2024-09-02,159782.SZ,双创50,20210707,中证科创创业50指数,中证科创创业50指数收益率,银华基金管理股份有限公司,招商银行股份有限公司,股票型ETF,规模指数ETF,931643.CSI,581732456.3778,12566200,5286347.2,0.414,0.42067985548535,0.145137881
2024-09-03,159782.SZ,双创50,20210707,中证科创创业50指数,中证科创创业50指数收益率,银华基金管理股份有限公司,招商银行股份有限公司,股票型ETF,规模指数ETF,931643.CSI,587767303.2856,7145200,2982349.7,0.416,0.41739205340648,-0.19193858
2024-09-04,159782.SZ,双创50,20210707,中证科创创业50指数,中证科创创业50指数收益率,银华基金管理股份有限公司,招商银行股份有限公司,股票型ETF,规模指数ETF,931643.CSI,585934055.9385,5914300,2460900.3,0.415,0.41609324856703,-0.120336943
2024-09-05,159782.SZ,双创50,20210707,中证科创创业50指数,中证科创创业50指数收益率,银华基金管理股份有限公司,招商银行股份有限公司,股票型ETF,规模指数ETF,931643.CSI,586075074.9652,3873504,1616729.38,0.415,0.417381621395,-0.144369586
2024-09-06,159782.SZ,双创50,20210707,中证科创创业50指数,中证科创创业50指数收益率,银华基金管理股份有限公司,招商银行股份有限公司,股票型ETF,规模指数ETF,931643.CSI,577331895.3098,3655600,1511770.7,0.41,0.41354926687821,0.146555936
2024-09-09,159782.SZ,双创50,20210707,中证科创创业50指数,中证科创创业50指数收益率,银华基金管理股份有限公司,招商银行股份有限公司,股票型ETF,规模指数ETF,931643.CSI,577288224.0695,6002914,2453646.35,0.408,0.40874254570364,-0.122399021
2024-09-10,159782.SZ,双创50,20210707,中证科创创业50指数,中证科创创业50指数收益率,银华基金管理股份有限公司,招商银行股份有限公司,股票型ETF,规模指数ETF,931643.CSI,581245156.8171,4080619,1669624.55,0.411,0.40915962749769,-0.07293946
2024-09-11,159782.SZ,双创50,20210707,中证科创创业50指数,中证科创创业50指数收益率,银华基金管理股份有限公司,招商银行股份有限公司,股票型ETF,规模指数ETF,931643.CSI,586473960.805,4408703,1822416.44,0.414,0.41336793156627,-0.240963855
2024-09-12,159782.SZ,双创50,20210707,中证科创创业50指数,中证科创创业50指数收益率,银华基金管理股份有限公司,招商银行股份有限公司,股票型ETF,规模指数ETF,931643.CSI,582517028.0574,6075602,2522184.44,0.412,0.41513325593085,-0.048520136
2024-09-13,159782.SZ,双创50,20210707,中证科创创业50指数,中证科创创业50指数收益率,银华基金管理股份有限公司,招商银行股份有限公司,股票型ETF,规模指数ETF,931643.CSI,580255923.6302,3039800,1250529,0.41,0.41138528850582,-0.146127618
2024-09-18,159782.SZ,双创50,20210707,中证科创创业50指数,中证科创创业50指数收益率,银华基金管理股份有限公司,招商银行股份有限公司,股票型ETF,规模指数ETF,931643.CSI,576440309.9093,3509913,1433631.31,0.409,0.4084520926872,0.26967394
2024-09-19,159782.SZ,双创50,20210707,中证科创创业50指数,中证科创创业50指数收益率,银华基金管理股份有限公司,招商银行股份有限公司,股票型ETF,规模指数ETF,931643.CSI,581533600.1763,16661104,6825610.54,0.41,0.4096733649823,0.269014429
2024-09-20,159782.SZ,双创50,20210707,中证科创创业50指数,中证科创创业50指数收益率,银华基金管理股份有限公司,招商银行股份有限公司,股票型ETF,规模指数ETF,931643.CSI,579909919.6423,9461200,3837760.1,0.406,0.40563143153088,-0.221184566
2024-09-23,159782.SZ,双创50,20210707,中证科创创业50指数,中证科创创业50指数收益率,银华基金管理股份有限公司,招商银行股份有限公司,股票型ETF,规模指数ETF,931643.CSI,575491829.8146,4907503,1991448.62,0.405,0.40579671983899,0.29717682
2024-09-24,159782.SZ,双创50,20210707,中证科创创业50指数,中证科创创业50指数收益率,银华基金管理股份有限公司,招商银行股份有限公司,股票型ETF,规模指数ETF,931643.CSI,600590949.7541,16231000,6754824.5,0.421,0.41616810424496,-0.30783803
2024-09-25,159782.SZ,双创50,20210707,中证科创创业50指数,中证科创创业50指数收益率,银华基金管理股份有限公司,招商银行股份有限公司,股票型ETF,规模指数ETF,931643.CSI,603438672.7687,21961301,9469968.83,0.426,0.43121164952841,-0.023468669
2024-09-26,159782.SZ,双创50,20210707,中证科创创业50指数,中证科创创业50指数收益率,银华基金管理股份有限公司,招商银行股份有限公司,股票型ETF,规模指数ETF,931643.CSI,623123717.48,16729809,7198353.35,0.439,0.43027110172029,-0.227272727
2024-09-27,159782.SZ,双创50,20210707,中证科创创业50指数,中证科创创业50指数收益率,银华基金管理股份有限公司,招商银行股份有限公司,股票型ETF,规模指数ETF,931643.CSI,670417462.6648,38875943,18013867.37,0.475,0.46336798492579,0.126475548
2024-09-30,159782.SZ,双创50,20210707,中证科创创业50指数,中证科创创业50指数收益率,银华基金管理股份有限公司,招商银行股份有限公司,股票型ETF,规模指数ETF,931643.CSI,812347503.9301,174902284,94400003.77,0.57,0.53972996584767,3.579865528
2024-10-08,159782.SZ,双创50,20210707,中证科创创业50指数,中证科创创业50指数收益率,银华基金管理股份有限公司,招商银行股份有限公司,股票型ETF,规模指数ETF,931643.CSI,1566267983.7223,1143268871,765783069.36,0.684,0.66981887531861,5.735044056
2024-10-09,159782.SZ,双创50,20210707,中证科创创业50指数,中证科创创业50指数收益率,银华基金管理股份有限公司,招商银行股份有限公司,股票型ETF,规模指数ETF,931643.CSI,1640072446.0398,661531936,414979113.87,0.602,0.62730019714422,0.4337671
2024-10-10,159782.SZ,双创50,20210707,中证科创创业50指数,中证科创创业50指数收益率,银华基金管理股份有限公司,招商银行股份有限公司,股票型ETF,规模指数ETF,931643.CSI,1596069230.0882,236269865,140119799.33,0.585,0.59304981331411,0.068422853
2024-10-11,159782.SZ,双创50,20210707,中证科创创业50指数,中证科创创业50指数收益率,银华基金管理股份有限公司,招商银行股份有限公司,股票型ETF,规模指数ETF,931643.CSI,1498213903.4908,210867548,117775453.25,0.549,0.55852811097324,-0.615496017
2024-10-14,159782.SZ,双创50,20210707,中证科创创业50指数,中证科创创业50指数收益率,银华基金管理股份有限公司,招商银行股份有限公司,股票型ETF,规模指数ETF,931643.CSI,1519012134.0419,159175454,88366548.35,0.565,0.5551518536897,-0.123740498
2024-10-15,159782.SZ,双创50,20210707,中证科创创业50指数,中证科创创业50指数收益率,银华基金管理股份有限公司,招商银行股份有限公司,股票型ETF,规模指数ETF,931643.CSI,1453185633.1291,141498336,78980691.85,0.546,0.55817399753733,-0.237529691
2024-10-16,159782.SZ,双创50,20210707,中证科创创业50指数,中证科创创业50指数收益率,银华基金管理股份有限公司,招商银行股份有限公司,股票型ETF,规模指数ETF,931643.CSI,1396911098.5901,126389140,67352750.36,0.53,0.53289982319683,-0.056571752
2024-10-17,159782.SZ,双创50,20210707,中证科创创业50指数,中证科创创业50指数收益率,银华基金管理股份有限公司,招商银行股份有限公司,股票型ETF,规模指数ETF,931643.CSI,1372305527.3498,110749418,59268593.49,0.527,0.53515941266617,-0.453343408
2024-10-18,159782.SZ,双创50,20210707,中证科创创业50指数,中证科创创业50指数收益率,银华基金管理股份有限公司,招商银行股份有限公司,股票型ETF,规模指数ETF,931643.CSI,1469176792.9134,320665843,181886961.37,0.582,0.56721651320375,0.310237849
2024-10-21,159782.SZ,双创50,20210707,中证科创创业50指数,中证科创创业50指数收益率,银华基金管理股份有限公司,招商银行股份有限公司,股票型ETF,规模指数ETF,931643.CSI,1516119800.8892,278655118,165444958.07,0.587,0.59372660820822,-0.102110279
2024-10-22,159782.SZ,双创50,20210707,中证科创创业50指数,中证科创创业50指数收益率,银华基金管理股份有限公司,招商银行股份有限公司,股票型ETF,规模指数ETF,931643.CSI,1601218544.2484,269841504,157248030.93,0.585,0.58274219717512,-0.03417635
2024-10-23,159782.SZ,双创50,20210707,中证科创创业50指数,中证科创创业50指数收益率,银华基金管理股份有限公司,招商银行股份有限公司,股票型ETF,规模指数ETF,931643.CSI,1597154935.8333,114630106,66665908.88,0.579,0.58157417109952,-0.155199172
2024-10-24,159782.SZ,双创50,20210707,中证科创创业50指数,中证科创创业50指数收益率,银华基金管理股份有限公司,招商银行股份有限公司,股票型ETF,规模指数ETF,931643.CSI,1572770626.9789,76215428,44000327.75,0.577,0.57731523530905,0.052020114
2024-10-25,159782.SZ,双创50,20210707,中证科创创业50指数,中证科创创业50指数收益率,银华基金管理股份有限公司,招商银行股份有限公司,股票型ETF,规模指数ETF,931643.CSI,1520799976.5567,305592205,179603093.73,0.589,0.58772144966852,-0.186409083
2024-10-28,159782.SZ,双创50,20210707,中证科创创业50指数,中证科创创业50指数收益率,银华基金管理股份有限公司,招商银行股份有限公司,股票型ETF,规模指数ETF,931643.CSI,1523711725.2217,182089602,106163981.26,0.587,0.5830315410322,0.324730815
2024-10-29,159782.SZ,双创50,20210707,中证科创创业50指数,中证科创创业50指数收益率,银华基金管理股份有限公司,招商银行股份有限公司,股票型ETF,规模指数ETF,931643.CSI,1519442451.3114,165970711,96469556.25,0.574,0.5812444597529,-0.034831069
2024-10-30,159782.SZ,双创50,20210707,中证科创创业50指数,中证科创创业50指数收益率,银华基金管理股份有限公司,招商银行股份有限公司,股票型ETF,规模指数ETF,931643.CSI,1516242157.9351,120346529,68185495,0.565,0.56657633225134,-0.053069167
2024-10-31,159782.SZ,双创50,20210707,中证科创创业50指数,中证科创创业50指数收益率,银华基金管理股份有限公司,招商银行股份有限公司,股票型ETF,规模指数ETF,931643.CSI,1510757714.5759,112290231,63663061.26,0.569,0.5669510223022,0.228994187
2024-11-01,159782.SZ,双创50,20210707,中证科创创业50指数,中证科创创业50指数收益率,银华基金管理股份有限公司,招商银行股份有限公司,股票型ETF,规模指数ETF,931643.CSI,1469770760.1316,103265703,57895626.38,0.556,0.5606471916431,0.21629416
2024-11-04,159782.SZ,双创50,20210707,中证科创创业50指数,中证科创创业50指数收益率,银华基金管理股份有限公司,招商银行股份有限公司,股票型ETF,规模指数ETF,931643.CSI,1485595172.0953,63806855,35894571.93,0.565,0.56255040199051,-0.159038699
2024-11-05,159782.SZ,双创50,20210707,中证科创创业50指数,中证科创创业50指数收益率,银华基金管理股份有限公司,招商银行股份有限公司,股票型ETF,规模指数ETF,931643.CSI,1474053953.1028,205260511,119339009.64,0.588,0.58140267243123,-0.067980965
2024-11-06,159782.SZ,双创50,20210707,中证科创创业50指数,中证科创创业50指数收益率,银华基金管理股份有限公司,招商银行股份有限公司,股票型ETF,规模指数ETF,931643.CSI,1447220182.3018,144459816,85357166.29,0.586,0.59087134854166,0.102494021
2024-11-07,159782.SZ,双创50,20210707,中证科创创业50指数,中证科创创业50指数收益率,银华基金管理股份有限公司,招商银行股份有限公司,股票型ETF,规模指数ETF,931643.CSI,1450080236.3068,130629331,77217975.43,0.6,0.59112279638024,-0.066622252
2024-11-08,159782.SZ,双创50,20210707,中证科创创业50指数,中证科创创业50指数收益率,银华基金管理股份有限公司,招商银行股份有限公司,股票型ETF,规模指数ETF,931643.CSI,1419186994.2655,138928457,84724384.63,0.598,0.60984183125276,0.25146689
2024-11-11,159782.SZ,双创50,20210707,中证科创创业50指数,中证科创创业50指数收益率,银华基金管理股份有限公司,招商银行股份有限公司,股票型ETF,规模指数ETF,931643.CSI,1523975818.1929,265277231,162409525.65,0.618,0.61222565177484,-0.113140456
2024-11-12,159782.SZ,双创50,20210707,中证科创创业50指数,中证科创创业50指数收益率,银华基金管理股份有限公司,招商银行股份有限公司,股票型ETF,规模指数ETF,931643.CSI,1497679038.5375,104401777,64443236.81,0.612,0.61726187677821,-0.081632653
2024-11-13,159782.SZ,双创50,20210707,中证科创创业50指数,中证科创创业50指数收益率,银华基金管理股份有限公司,招商银行股份有限公司,股票型ETF,规模指数ETF,931643.CSI,1496466579.2609,97922624,60177238.4,0.623,0.61453866268943,0.048177292
2024-11-14,159782.SZ,双创50,20210707,中证科创创业50指数,中证科创创业50指数收益率,银华基金管理股份有限公司,招商银行股份有限公司,股票型ETF,规模指数ETF,931643.CSI,1463217559.7607,75183020,45984807.42,0.605,0.61163820527561,0.481647567
2024-11-15,159782.SZ,双创50,20210707,中证科创创业50指数,中证科创创业50指数收益率,银华基金管理股份有限公司,招商银行股份有限公司,股票型ETF,规模指数ETF,931643.CSI,1425188221.6731,86668108,51298836.77,0.581,0.59189981128929,0.293457621
2024-11-18,159782.SZ,双创50,20210707,中证科创创业50指数,中证科创创业50指数收益率,银华基金管理股份有限公司,招商银行股份有限公司,股票型ETF,规模指数ETF,931643.CSI,1395370453.0686,66537602,38118693.24,0.568,0.57288949547656,0.388829975
2024-11-19,159782.SZ,双创50,20210707,中证科创创业50指数,中证科创创业50指数收益率,银华基金管理股份有限公司,招商银行股份有限公司,股票型ETF,规模指数ETF,931643.CSI,1440560735.394,60594301,34613499.17,0.582,0.57123357475483,0
2024-11-20,159782.SZ,双创50,20210707,中证科创创业50指数,中证科创创业50指数收益率,银华基金管理股份有限公司,招商银行股份有限公司,股票型ETF,规模指数ETF,931643.CSI,1439457325.2217,45194309,26331800.94,0.585,0.58263532561146,-0.017091096
2024-11-21,159782.SZ,双创50,20210707,中证科创创业50指数,中证科创创业50指数收益率,银华基金管理股份有限公司,招商银行股份有限公司,股票型ETF,规模指数ETF,931643.CSI,1331310982.3018,221098427,129357491.8,0.586,0.58506744509765,0.102494021
2024-11-22,159782.SZ,双创50,20210707,中证科创创业50指数,中证科创创业50指数收益率,银华基金管理股份有限公司,招商银行股份有限公司,股票型ETF,规模指数ETF,931643.CSI,1281278796.4278,55472801,31809454.69,0.566,0.57342434700566,0.461483848
2024-11-25,159782.SZ,双创50,20210707,中证科创创业50指数,中证科创创业50指数收益率,银华基金管理股份有限公司,招商银行股份有限公司,股票型ETF,规模指数ETF,931643.CSI,1271127607.0394,64453231,35889572.96,0.558,0.55683124652044,-0.035829452
2024-11-26,159782.SZ,双创50,20210707,中证科创创业50指数,中证科创创业50指数收益率,银华基金管理股份有限公司,招商银行股份有限公司,股票型ETF,规模指数ETF,931643.CSI,1260583664.9981,33156210,18469150.14,0.554,0.55703441798686,-0.054122316
2024-11-27,159782.SZ,双创50,20210707,中证科创创业50指数,中证科创创业50指数收益率,银华基金管理股份有限公司,招商银行股份有限公司,股票型ETF,规模指数ETF,931643.CSI,1281572609.2701,67917603,38114494.29,0.571,0.56118727114089,0.122742416
2024-11-28,159782.SZ,双创50,20210707,中证科创创业50指数,中证科创创业50指数收益率,银华基金管理股份有限公司,招商银行股份有限公司,股票型ETF,规模指数ETF,931643.CSI,1264376796.4278,40453532,22892858.36,0.564,0.56590505768446,0.106496273
2024-11-29,159782.SZ,双创50,20210707,中证科创创业50指数,中证科创创业50指数收益率,银华基金管理股份有限公司,招商银行股份有限公司,股票型ETF,规模指数ETF,931643.CSI,1263029022.5517,89280505,51019852.66,0.576,0.57145569080282,0.156494523
2024-12-02,159782.SZ,双创50,20210707,中证科创创业50指数,中证科创创业50指数收益率,银华基金管理股份有限公司,招商银行股份有限公司,股票型ETF,规模指数ETF,931643.CSI,1244244134.9547,92190434,53610885.36,0.583,0.58152329947812,-0.188323917
2024-12-03,159782.SZ,双创50,20210707,中证科创创业50指数,中证科创创业50指数收益率,银华基金管理股份有限公司,招商银行股份有限公司,股票型ETF,规模指数ETF,931643.CSI,1235330483.6197,40363604,23407623.13,0.578,0.5799190560387,-0.189949922
2024-12-04,159782.SZ,双创50,20210707,中证科创创业50指数,中证科创创业50指数收益率,银华基金管理股份有限公司,招商银行股份有限公司,股票型ETF,规模指数ETF,931643.CSI,1221219932.2847,36554005,21068414.49,0.573,0.57636405340537,-0.19160425
2024-12-05,159782.SZ,双创50,20210707,中证科创创业50指数,中证科创创业50指数收益率,银华基金管理股份有限公司,招商银行股份有限公司,股票型ETF,规模指数ETF,931643.CSI,1219922470.3381,28332601,16250638.37,0.573,0.57356676748457,-0.226362528
2024-12-06,159782.SZ,双创50,20210707,中证科创创业50指数,中证科创创业50指数收益率,银华基金管理股份有限公司,招商银行股份有限公司,股票型ETF,规模指数ETF,931643.CSI,1221045996.9013,62378416,36240562.34,0.584,0.58097920184443,0.01712622
2024-12-09,159782.SZ,双创50,20210707,中证科创创业50指数,中证科创创业50指数收益率,银华基金管理股份有限公司,招商银行股份有限公司,股票型ETF,规模指数ETF,931643.CSI,1214750050.4328,32789000,18964811.8,0.579,0.57838945378023,0.10373444
2024-12-10,159782.SZ,双创50,20210707,中证科创创业50指数,中证科创创业50指数收益率,银华基金管理股份有限公司,招商银行股份有限公司,股票型ETF,规模指数ETF,931643.CSI,1254206469.0202,128553405,76447451.15,0.584,0.59467465019694,0.585601102
2024-12-11,159782.SZ,双创50,20210707,中证科创创业50指数,中证科创创业50指数收益率,银华基金管理股份有限公司,招商银行股份有限公司,股票型ETF,规模指数ETF,931643.CSI,1242065164.593,66632418,38587489.21,0.579,0.57910984425029,0
2024-12-12,159782.SZ,双创50,20210707,中证科创创业50指数,中证科创创业50指数收益率,银华基金管理股份有限公司,招商银行股份有限公司,股票型ETF,规模指数ETF,931643.CSI,1245044463.2751,47235713,27531481.25,0.585,0.58285308935635,-0.051255766
2024-12-13,159782.SZ,双创50,20210707,中证科创创业50指数,中证科创创业50指数收益率,银华基金管理股份有限公司,招商银行股份有限公司,股票型ETF,规模指数ETF,931643.CSI,1217390989.8041,43447101,25067954.48,0.573,0.57697645879756,0.122313472
2024-12-16,159782.SZ,双创50,20210707,中证科创创业50指数,中证科创创业50指数收益率,银华基金管理股份有限公司,招商银行股份有限公司,股票型ETF,规模指数ETF,931643.CSI,1201011624.7482,42163114,23879908.93,0.565,0.56636966923269,0.070846617
2024-12-17,159782.SZ,双创50,20210707,中证科创创业50指数,中证科创创业50指数收益率,银华基金管理股份有限公司,招商银行股份有限公司,股票型ETF,规模指数ETF,931643.CSI,1197199786.6948,30059800,17048688.5,0.565,0.56715907956806,0.106307583
2024-12-18,159782.SZ,双创50,20210707,中证科创创业50指数,中证科创创业50指数收益率,银华基金管理股份有限公司,招商银行股份有限公司,股票型ETF,规模指数ETF,931643.CSI,1203775476.5225,27168313,15354843.65,0.567,0.56517471843025,-0.088105727
2024-12-19,159782.SZ,双创50,20210707,中证科创创业50指数,中证科创创业50指数收益率,银华基金管理股份有限公司,招商银行股份有限公司,股票型ETF,规模指数ETF,931643.CSI,1208776942.0177,34932910,19909706.43,0.572,0.56994125110104,-0.19193858
2024-12-20,159782.SZ,双创50,20210707,中证科创创业50指数,中证科创创业50指数收益率,银华基金管理股份有限公司,招商银行股份有限公司,股票型ETF,规模指数ETF,931643.CSI,1211756536.2726,35014207,20255767.34,0.578,0.5785013877367,0.034614053
2024-12-23,159782.SZ,双创50,20210707,中证科创创业50指数,中证科创创业50指数收益率,银华基金管理股份有限公司,招商银行股份有限公司,股票型ETF,规模指数ETF,931643.CSI,1202852641.5784,25802101,14930337.98,0.576,0.57864814884648,0.139082058
2024-12-24,159782.SZ,双创50,20210707,中证科创创业50指数,中证科创创业50指数收益率,银华基金管理股份有限公司,招商银行股份有限公司,股票型ETF,规模指数ETF,931643.CSI,1213292268.5809,31784102,18402003.26,0.583,0.5789687957835,0.051484469
2024-12-25,159782.SZ,双创50,20210707,中证科创创业50指数,中证科创创业50指数收益率,银华基金管理股份有限公司,招商银行股份有限公司,股票型ETF,规模指数ETF,931643.CSI,1194975115.928,34964212,20451217.81,0.583,0.58491859647802,-0.171232877
2024-12-26,159782.SZ,双创50,20210707,中证科创创业50指数,中证科创创业50指数收益率,银华基金管理股份有限公司,招商银行股份有限公司,股票型ETF,规模指数ETF,931643.CSI,1192634548.2363,39541404,23238120.25,0.588,0.58769082276391,-0.152827305
2024-12-27,159782.SZ,双创50,20210707,中证科创创业50指数,中证科创创业50指数收益率,银华基金管理股份有限公司,招商银行股份有限公司,股票型ETF,规模指数ETF,931643.CSI,1178197520.7945,43532100,25643247.8,0.584,0.58906525988868,0.085689803
2024-12-30,159782.SZ,双创50,20210707,中证科创创业50指数,中证科创创业50指数收益率,银华基金管理股份有限公司,招商银行股份有限公司,股票型ETF,规模指数ETF,931643.CSI,1176986006.6343,27084312,15811752.88,0.584,0.58379747213073,0.188711614
2024-12-31,159782.SZ,双创50,20210707,中证科创创业50指数,中证科创创业50指数收益率,银华基金管理股份有限公司,招商银行股份有限公司,股票型ETF,规模指数ETF,931643.CSI,1150872405.2822,46283601,26548406.38,0.567,0.57360287026932,0.070596541
2025-01-02,159782.SZ,双创50,20210707,中证科创创业50指数,中证科创创业50指数收益率,银华基金管理股份有限公司,招商银行股份有限公司,股票型ETF,规模指数ETF,931643.CSI,1124395047.2893,55465013,30713499.51,0.548,0.55374546671431,0.018251506
2025-01-03,159782.SZ,双创50,20210707,中证科创创业50指数,中证科创创业50指数收益率,银华基金管理股份有限公司,招商银行股份有限公司,股票型ETF,规模指数ETF,931643.CSI,1112246020.2868,28382116,15507316.64,0.542,0.54637633924123,0.29607698
2025-01-06,159782.SZ,双创50,20210707,中证科创创业50指数,中证科创创业50指数收益率,银华基金管理股份有限公司,招商银行股份有限公司,股票型ETF,规模指数ETF,931643.CSI,1112451839.3135,28426316,15376765.63,0.541,0.54093416923952,0.092506938
2025-01-07,159782.SZ,双创50,20210707,中证科创创业50指数,中证科创创业50指数收益率,银华基金管理股份有限公司,招商银行股份有限公司,股票型ETF,规模指数ETF,931643.CSI,1129730741.9835,26937007,14662155.03,0.55,0.54431270073917,-0.090826521
2025-01-08,159782.SZ,双创50,20210707,中证科创创业50指数,中证科创创业50指数收益率,银华基金管理股份有限公司,招商银行股份有限公司,股票型ETF,规模指数ETF,931643.CSI,1123368952.1558,31497303,17143491.23,0.549,0.54428441793889,0.292290829
2025-01-09,159782.SZ,双创50,20210707,中证科创创业50指数,中证科创创业50指数收益率,银华基金管理股份有限公司,招商银行股份有限公司,股票型ETF,规模指数ETF,931643.CSI,1117015266.7553,20712623,11335928.4,0.546,0.54729564671746,0.018318373
2025-01-10,159782.SZ,双创50,20210707,中证科创创业50指数,中证科创创业50指数收益率,银华基金管理股份有限公司,招商银行股份有限公司,股票型ETF,规模指数ETF,931643.CSI,1102691934.8863,23492602,12808581.59,0.539,0.54521766426724,0.018556318
2025-01-13,159782.SZ,双创50,20210707,中证科创创业50指数,中证科创创业50指数收益率,银华基金管理股份有限公司,招商银行股份有限公司,股票型ETF,规模指数ETF,931643.CSI,1094202196.8329,33486105,17954584.07,0.538,0.53618012814569,-0.129942454
2025-01-14,159782.SZ,双创50,20210707,中证科创创业50指数,中证科创创业50指数收益率,银华基金管理股份有限公司,招商银行股份有限公司,股票型ETF,规模指数ETF,931643.CSI,1122353573.8525,48135728,26435420.1,0.556,0.54918500661297,-0.269058296
2025-01-15,159782.SZ,双创50,20210707,中证科创创业50指数,中证科创创业50指数收益率,银华基金管理股份有限公司,招商银行股份有限公司,股票型ETF,规模指数ETF,931643.CSI,1107413818.0903,19727300,10881814.4,0.551,0.55161194892357,0.018152115
2025-01-16,159782.SZ,双创50,20210707,中证科创创业50指数,中证科创创业50指数收益率,银华基金管理股份有限公司,招商银行股份有限公司,股票型ETF,规模指数ETF,931643.CSI,1103832223.3961,30846700,17003877.9,0.549,0.55123815189307,0.127667335
2025-01-17,159782.SZ,双创50,20210707,中证科创创业50指数,中证科创创业50指数收益率,银华基金管理股份有限公司,招商银行股份有限公司,股票型ETF,规模指数ETF,931643.CSI,1111983407.918,24731206,13661336.8,0.553,0.55239266536375,-0.180505415
2025-01-20,159782.SZ,双创50,20210707,中证科创创业50指数,中证科创创业50指数收益率,银华基金管理股份有限公司,招商银行股份有限公司,股票型ETF,规模指数ETF,931643.CSI,1119102220.7603,38444700,21582075.5,0.561,0.561379735048,0.01782849
2025-01-21,159782.SZ,双创50,20210707,中证科创创业50指数,中证科创创业50指数收益率,银华基金管理股份有限公司,招商银行股份有限公司,股票型ETF,规模指数ETF,931643.CSI,1117430644.2142,23009801,12936970.76,0.562,0.56223740309618,-0.106647707
2025-01-22,159782.SZ,双创50,20210707,中证科创创业50指数,中证科创创业50指数收益率,银华基金管理股份有限公司,招商银行股份有限公司,股票型ETF,规模指数ETF,931643.CSI,1108203168.1074,18710022,10503763.18,0.561,0.56139769263767,-0.213447172
2025-01-23,159782.SZ,双创50,20210707,中证科创创业50指数,中证科创创业50指数收益率,银华基金管理股份有限公司,招商银行股份有限公司,股票型ETF,规模指数ETF,931643.CSI,1097856530.9326,33462048,18897947.07,0.559,0.5647576343803,0.215130871
2025-01-24,159782.SZ,双创50,20210707,中证科创创业50指数,中证科创创业50指数收益率,银华基金管理股份有限公司,招商银行股份有限公司,股票型ETF,规模指数ETF,931643.CSI,1106675310.588,22759418,12806934.81,0.563,0.56270924019235,-0.177304965
2025-01-27,159782.SZ,双创50,20210707,中证科创创业50指数,中证科创创业50指数收益率,银华基金管理股份有限公司,招商银行股份有限公司,股票型ETF,规模指数ETF,931643.CSI,1082645942.4228,31411301,17431958.85,0.551,0.55495819323116,0.474106492
2025-02-05,159782.SZ,双创50,20210707,中证科创创业50指数,中证科创创业50指数收益率,银华基金管理股份有限公司,招商银行股份有限公司,股票型ETF,规模指数ETF,931643.CSI,1095844918.0903,27924003,15435622.15,0.552,0.55277254303403,0.199673262
2025-02-06,159782.SZ,双创50,20210707,中证科创创业50指数,中证科创创业50指数收益率,银华基金管理股份有限公司,招商银行股份有限公司,股票型ETF,规模指数ETF,931643.CSI,1108509853.0686,43476805,24357909.9,0.565,0.56025068769428,-0.141392718
2025-02-07,159782.SZ,双创50,20210707,中证科创创业50指数,中证科创创业50指数收益率,银华基金管理股份有限公司,招商银行股份有限公司,股票型ETF,规模指数ETF,931643.CSI,1108907736.7119,70092335,40357696.37,0.576,0.57577902590918,0.052110474
2025-02-10,159782.SZ,双创50,20210707,中证科创创业50指数,中证科创创业50指数收益率,银华基金管理股份有限公司,招商银行股份有限公司,股票型ETF,规模指数ETF,931643.CSI,1109254830.9668,26057121,15026247.02,0.58,0.57666566540486,-0.068917988
2025-02-11,159782.SZ,双创50,20210707,中证科创创业50指数,中证科创创业50指数收益率,银华基金管理股份有限公司,招商银行股份有限公司,股票型ETF,规模指数ETF,931643.CSI,1092808308.3915,23770002,13673319.35,0.575,0.5752342532407,0.087032202
2025-02-12,159782.SZ,双创50,20210707,中证科创创业50指数,中证科创创业50指数收益率,银华基金管理股份有限公司,招商银行股份有限公司,股票型ETF,规模指数ETF,931643.CSI,1101791906.6343,31049514,17904808.58,0.582,0.57665342459144,-0.154400412
2025-02-13,159782.SZ,双创50,20210707,中证科创创业50指数,中证科创创业50指数收益率,银华基金管理股份有限公司,招商银行股份有限公司,股票型ETF,规模指数ETF,931643.CSI,1081200961.4837,27623508,15927907.12,0.571,0.57660696534271,-0.017510068
2025-02-14,159782.SZ,双创50,20210707,中证科创创业50指数,中证科创创业50指数收益率,银华基金管理股份有限公司,招商银行股份有限公司,股票型ETF,规模指数ETF,931643.CSI,1088908784.059,18504701,10622405.98,0.576,0.57403823925607,-0.173310225
2025-02-17,159782.SZ,双创50,20210707,中证科创创业50指数,中证科创创业50指数收益率,银华基金管理股份有限公司,招商银行股份有限公司,股票型ETF,规模指数ETF,931643.CSI,1094597820.3552,38144803,22262794.75,0.584,0.58363900188448,-0.273224044
2025-02-18,159782.SZ,双创50,20210707,中证科创创业50指数,中证科创创业50指数收益率,银华基金管理股份有限公司,招商银行股份有限公司,股票型ETF,规模指数ETF,931643.CSI,1071520722.5517,32658431,18945914.9,0.573,0.58012324290778,-0.365153886
2025-02-19,159782.SZ,双创50,20210707,中证科创创业50指数,中证科创创业50指数收益率,银华基金管理股份有限公司,招商银行股份有限公司,股票型ETF,规模指数ETF,931643.CSI,1076191115.4887,43045604,25086569.54,0.585,0.58279051073369,-0.187681283
2025-02-20,159782.SZ,双创50,20210707,中证科创创业50指数,中证科创创业50指数收益率,银华基金管理股份有限公司,招商银行股份有限公司,股票型ETF,规模指数ETF,931643.CSI,1068793077.4353,27080628,15847193.5,0.585,0.58518559835466,-0.153609831
2025-02-21,159782.SZ,双创50,20210707,中证科创创业50指数,中证科创创业50指数收益率,银华基金管理股份有限公司,招商银行股份有限公司,股票型ETF,规模指数ETF,931643.CSI,1048534143.8433,143245530,86345128.81,0.608,0.60277712547121,-0.31152648
2025-02-24,159782.SZ,双创50,20210707,中证科创创业50指数,中证科创创业50指数收益率,银华基金管理股份有限公司,招商银行股份有限公司,股票型ETF,规模指数ETF,931643.CSI,1032370872.603,38937501,23675059.91,0.609,0.6080272051871,0
2025-02-25,159782.SZ,双创50,20210707,中证科创创业50指数,中证科创创业50指数收益率,银华基金管理股份有限公司,招商银行股份有限公司,股票型ETF,规模指数ETF,931643.CSI,1022129030.5617,28230017,17078012.96,0.605,0.60495935797701,-0.016526194
2025-02-26,159782.SZ,双创50,20210707,中证科创创业50指数,中证科创创业50指数收益率,银华基金管理股份有限公司,招商银行股份有限公司,股票型ETF,规模指数ETF,931643.CSI,1024258533.2317,41325067,25219772.99,0.615,0.61027784879332,-0.016257519
2025-02-27,159782.SZ,双创50,20210707,中证科创创业50指数,中证科创创业50指数收益率,银华基金管理股份有限公司,招商银行股份有限公司,股票型ETF,规模指数ETF,931643.CSI,1019762519.5108,36566558,22343038.23,0.611,0.61102382756397,-0.228608752
2025-02-28,159782.SZ,双创50,20210707,中证科创创业50指数,中证科创创业50指数收益率,银华基金管理股份有限公司,招商银行股份有限公司,股票型ETF,规模指数ETF,931643.CSI,987770258.4086,47026618,27942667.17,0.585,0.59418832053796,-0.136565381
2025-03-03,159782.SZ,双创50,20210707,中证科创创业50指数,中证科创创业50指数收益率,银华基金管理股份有限公司,招商银行股份有限公司,股票型ETF,规模指数ETF,931643.CSI,985915449.1149,30407601,17847302.29,0.585,0.58693555897422,0.051308363
2025-03-04,159782.SZ,双创50,20210707,中证科创创业50指数,中证科创创业50指数收益率,银华基金管理股份有限公司,招商银行股份有限公司,股票型ETF,规模指数ETF,931643.CSI,989696577.4353,25718718,14936344.79,0.586,0.58075774966699,0.017067759
2025-03-05,159782.SZ,双创50,20210707,中证科创创业50指数,中证科创创业50指数收益率,银华基金管理股份有限公司,招商银行股份有限公司,股票型ETF,规模指数ETF,931643.CSI,988537643.8091,17222504,10090988.65,0.589,0.58591878683843,0.289460242
2025-03-06,159782.SZ,双创50,20210707,中证科创创业50指数,中证科创创业50指数收益率,银华基金管理股份有限公司,招商银行股份有限公司,股票型ETF,规模指数ETF,931643.CSI,1002466950.0277,38777914,23285002.32,0.602,0.60047072980769,-0.18239098
2025-03-07,159782.SZ,双创50,20210707,中证科创创业50指数,中证科创创业50指数收益率,银华基金管理股份有限公司,招商银行股份有限公司,股票型ETF,规模指数ETF,931643.CSI,988338332.7582,21879718,13048817.31,0.595,0.59638873362079,0.067272116
2025-03-10,159782.SZ,双创50,20210707,中证科创创业50指数,中证科创创业50指数收益率,银华基金管理股份有限公司,招商银行股份有限公司,股票型ETF,规模指数ETF,931643.CSI,987673456.6514,20538219,12163624.89,0.595,0.59224341166096,0.134634803
2025-03-11,159782.SZ,双创50,20210707,中证科创创业50指数,中证科创创业50指数收益率,银华基金管理股份有限公司,招商银行股份有限公司,股票型ETF,规模指数ETF,931643.CSI,986458714.1708,17664306,10382481.42,0.592,0.58776616641492,-0.067521945
2025-03-12,159782.SZ,双创50,20210707,中证科创创业50指数,中证科创创业50指数收益率,银华基金管理股份有限公司,招商银行股份有限公司,股票型ETF,规模指数ETF,931643.CSI,978132762.8358,17485903,10354680.97,0.589,0.59217307622031,0.272386789
2025-03-13,159782.SZ,双创50,20210707,中证科创创业50指数,中证科创创业50指数收益率,银华基金管理股份有限公司,招商银行股份有限公司,股票型ETF,规模指数ETF,931643.CSI,968461669.8988,42789316,24771896.52,0.578,0.57892714433668,0.27758501
2025-03-14,159782.SZ,双创50,20210707,中证科创创业50指数,中证科创创业50指数收益率,银华基金管理股份有限公司,招商银行股份有限公司,股票型ETF,规模指数ETF,931643.CSI,987783857.9693,27909901,16319795.98,0.587,0.58473141771445,-0.15308726
2025-03-17,159782.SZ,双创50,20210707,中证科创创业50指数,中证科创创业50指数收益率,银华基金管理股份有限公司,招商银行股份有限公司,股票型ETF,规模指数ETF,931643.CSI,978710830.5275,13824506,8070917.39,0.583,0.58381235394596,0.08583691
2025-03-18,159782.SZ,双创50,20210707,中证科创创业50指数,中证科创创业50指数收益率,银华基金管理股份有限公司,招商银行股份有限公司,股票型ETF,规模指数ETF,931643.CSI,987447819.9159,25389301,14900047.99,0.587,0.58686326141866,-0.119108389
2025-03-19,159782.SZ,双创50,20210707,中证科创创业50指数,中证科创创业50指数收益率,银华基金管理股份有限公司,招商银行股份有限公司,股票型ETF,规模指数ETF,931643.CSI,977969644.6877,24343701,14206131.09,0.584,0.58356496779187,0.154347453
2025-03-20,159782.SZ,双创50,20210707,中证科创创业50指数,中证科创创业50指数收益率,银华基金管理股份有限公司,招商银行股份有限公司,股票型ETF,规模指数ETF,931643.CSI,972088688.9255,23257100,13469355.1,0.577,0.5791502422916,0.086730269
2025-03-21,159782.SZ,双创50,20210707,中证科创创业50指数,中证科创创业50指数收益率,银华基金管理股份有限公司,招商银行股份有限公司,股票型ETF,规模指数ETF,931643.CSI,961844986.6948,39802229,22613124.89,0.565,0.56813714855015,0.106307583
2025-03-24,159782.SZ,双创50,20210707,中证科创创业50指数,中证科创创业50指数收益率,银华基金管理股份有限公司,招商银行股份有限公司,股票型ETF,规模指数ETF,931643.CSI,966428519.8817,21277931,11965113.15,0.565,0.5623250282182,-0.017695983
2025-03-25,159782.SZ,双创50,20210707,中证科创创业50指数,中证科创创业50指数收益率,银华基金管理股份有限公司,招商银行股份有限公司,股票型ETF,规模指数ETF,931643.CSI,965497253.9472,21311301,11995222.16,0.563,0.56285733846094,0.249287749
2025-03-26,159782.SZ,双创50,20210707,中证科创创业50指数,中证科创创业50指数收益率,银华基金管理股份有限公司,招商银行股份有限公司,股票型ETF,规模指数ETF,931643.CSI,965243954.3865,15457401,8679350.36,0.56,0.56150127437336,0.089365505
2025-03-27,159782.SZ,双创50,20210707,中证科创创业50指数,中证科创创业50指数收益率,银华基金管理股份有限公司,招商银行股份有限公司,股票型ETF,规模指数ETF,931643.CSI,963469215.8938,23986805,13465796.31,0.561,0.56138349021472,-0.071250445
2025-03-28,159782.SZ,双创50,20210707,中证科创创业50指数,中证科创创业50指数收益率,银华基金管理股份有限公司,招商银行股份有限公司,股票型ETF,规模指数ETF,931643.CSI,955354031.3719,13884707,7751964.29,0.557,0.55830953364734,0.233939176
2025-03-31,159782.SZ,双创50,20210707,中证科创创业50指数,中证科创创业50指数收益率,银华基金管理股份有限公司,招商银行股份有限公司,股票型ETF,规模指数ETF,931643.CSI,954924551.2772,22766705,12553357.66,0.551,0.55139106251871,-0.108774474
2025-04-01,159782.SZ,双创50,20210707,中证科创创业50指数,中证科创创业50指数收益率,银华基金管理股份有限公司,招商银行股份有限公司,股票型ETF,规模指数ETF,931643.CSI,955963265.4374,13054402,7236299.2,0.553,0.55431870414286,0.144875045
2025-04-02,159782.SZ,双创50,20210707,中证科创创业50指数,中证科创创业50指数收益率,银华基金管理股份有限公司,招商银行股份有限公司,股票型ETF,规模指数ETF,931643.CSI,958234151.2772,11487900,6345064,0.553,0.55232583849093,0.253807107
2025-04-03,159782.SZ,双创50,20210707,中证科创创业50指数,中证科创创业50指数收益率,银华基金管理股份有限公司,招商银行股份有限公司,股票型ETF,规模指数ETF,931643.CSI,951964972.0611,28452900,15523299.7,0.544,0.54557882324825,0.12884226
2025-04-07,159782.SZ,双创50,20210707,中证科创创业50指数,中证科创创业50指数收益率,银华基金管理股份有限公司,招商银行股份有限公司,股票型ETF,规模指数ETF,931643.CSI,859738064.8955,64844910,32206613.35,0.485,0.49667141723229,-0.308324769
2025-04-08,159782.SZ,双创50,20210707,中证科创创业50指数,中证科创创业50指数收益率,银华基金管理股份有限公司,招商银行股份有限公司,股票型ETF,规模指数ETF,931643.CSI,866983544.9902,39615717,19438140.45,0.49,0.49066738966254,-0.122299225
2025-04-09,159782.SZ,双创50,20210707,中证科创创业50指数,中证科创创业50指数收益率,银华基金管理股份有限公司,招商银行股份有限公司,股票型ETF,规模指数ETF,931643.CSI,883236918.9005,43129700,21397280,0.499,0.49611474227736,-0.498504487
2025-04-10,159782.SZ,双创50,20210707,中证科创创业50指数,中证科创创业50指数收益率,银华基金管理股份有限公司,招商银行股份有限公司,股票型ETF,规模指数ETF,931643.CSI,896375669.3569,41314511,21200205.75,0.51,0.5131418776807,-0.137066771
2025-04-11,159782.SZ,双创50,20210707,中证科创创业50指数,中证科创创业50指数收益率,银华基金管理股份有限公司,招商银行股份有限公司,股票型ETF,规模指数ETF,931643.CSI,906639129.107,35589955,18418835.52,0.52,0.51752904773271,-0.19193858
2025-04-14,159782.SZ,双创50,20210707,中证科创创业50指数,中证科创创业50指数收益率,银华基金管理股份有限公司,招商银行股份有限公司,股票型ETF,规模指数ETF,931643.CSI,908205300.3473,16488010,8630927.25,0.522,0.52346688593711,0.019160759
2025-04-15,159782.SZ,双创50,20210707,中证科创创业50指数,中证科创创业50指数收益率,银华基金管理股份有限公司,招商银行股份有限公司,股票型ETF,规模指数ETF,931643.CSI,902288653.4395,10975900,5672541.4,0.518,0.51681788281599,-0.096432015
2025-04-16,159782.SZ,双创50,20210707,中证科创创业50指数,中证科创创业50指数收益率,银华基金管理股份有限公司,招商银行股份有限公司,股票型ETF,规模指数ETF,931643.CSI,903844153.4395,11074000,5694476.4,0.518,0.51422037204262,-0.096432015
2025-04-17,159782.SZ,双创50,20210707,中证科创创业50指数,中证科创创业50指数收益率,银华基金管理股份有限公司,招商银行股份有限公司,股票型ETF,规模指数ETF,931643.CSI,907330533.9735,12648200,6579490.6,0.519,0.52019185338625,-0.288184438
2025-04-18,159782.SZ,双创50,20210707,中证科创创业50指数,中证科创创业50指数收益率,银华基金管理股份有限公司,招商银行股份有限公司,股票型ETF,规模指数ETF,931643.CSI,904192791.4929,7509200,3884025,0.519,0.51723552442337,0.0578369
2025-04-21,159782.SZ,双创50,20210707,中证科创创业50指数,中证科创创业50指数收益率,银华基金管理股份有限公司,招商银行股份有限公司,股票型ETF,规模指数ETF,931643.CSI,914128976.0148,14745400,7700118.2,0.524,0.52220476894489,-0.076277651
2025-04-22,159782.SZ,双创50,20210707,中证科创创业50指数,中证科创创业50指数收益率,银华基金管理股份有限公司,招商银行股份有限公司,股票型ETF,规模指数ETF,931643.CSI,908553338.4007,12925411,6756853.62,0.522,0.52275735139099,-0.019153419
2025-04-23,159782.SZ,双创50,20210707,中证科创创业50指数,中证科创创业50指数收益率,银华基金管理股份有限公司,招商银行股份有限公司,股票型ETF,规模指数ETF,931643.CSI,911125437.5221,19662905,10355833.43,0.526,0.52666853804156,-0.05700171
2025-04-24,159782.SZ,双创50,20210707,中证科创创业50指数,中证科创创业50指数收益率,银华基金管理股份有限公司,招商银行股份有限公司,股票型ETF,规模指数ETF,931643.CSI,901950129.107,11060203,5782504.07,0.52,0.52282078999816,-0.19193858
2025-04-25,159782.SZ,双创50,20210707,中证科创创业50指数,中证科创创业50指数收益率,银华基金管理股份有限公司,招商银行股份有限公司,股票型ETF,规模指数ETF,931643.CSI,906624342.8279,11557704,6053123.6,0.524,0.5237306302359,0.057284705
2025-04-28,159782.SZ,双创50,20210707,中证科创创业50指数,中证科创创业50指数收益率,银华基金管理股份有限公司,招商银行股份有限公司,股票型ETF,规模指数ETF,931643.CSI,903508200.3473,7962300,4160735,0.522,0.52255441266971,0.019160759
2025-04-29,159782.SZ,双创50,20210707,中证科创创业50指数,中证科创创业50指数收益率,银华基金管理股份有限公司,招商银行股份有限公司,股票型ETF,规模指数ETF,931643.CSI,903508200.3473,8227709,4287140.39,0.521,0.52106125654177,-0.172446829
2025-04-30,159782.SZ,双创50,20210707,中证科创创业50指数,中证科创创业50指数收益率,银华基金管理股份有限公司,招商银行股份有限公司,股票型ETF,规模指数ETF,931643.CSI,907967637.5221,14988400,7875776.4,0.526,0.52545811427504,-0.05700171
2025-05-06,159782.SZ,双创50,20210707,中证科创创业50指数,中证科创创业50指数收益率,银华基金管理股份有限公司,招商银行股份有限公司,股票型ETF,规模指数ETF,931643.CSI,922459235.7649,12633804,6727976.63,0.535,0.53253767669658,0.056106228
2025-05-07,159782.SZ,双创50,20210707,中证科创创业50指数,中证科创创业50指数收益率,银华基金管理股份有限公司,招商银行股份有限公司,股票型ETF,规模指数ETF,931643.CSI,926944730.4591,18133402,9768490.38,0.538,0.53870147366721,0.130281035
2025-05-08,159782.SZ,双创50,20210707,中证科创创业50指数,中证科创创业50指数收益率,银华基金管理股份有限公司,招商银行股份有限公司,股票型ETF,规模指数ETF,931643.CSI,935838191.0878,16309501,8836893.54,0.543,0.54182488722371,-0.0736106
2025-05-09,159782.SZ,双创50,20210707,中证科创创业50指数,中证科创创业50指数收益率,银华基金管理股份有限公司,招商银行股份有限公司,股票型ETF,规模指数ETF,931643.CSI,922921764.0853,11966601,6426013.04,0.538,0.53699567989273,0.391864154
2025-05-12,159782.SZ,双创50,20210707,中证科创创业50指数,中证科创创业50指数收益率,银华基金管理股份有限公司,招商银行股份有限公司,股票型ETF,规模指数ETF,931643.CSI,938249257.4616,12652724,6864422.28,0.545,0.54252525226979,0.03671072
2025-05-13,159782.SZ,双创50,20210707,中证科创创业50指数,中证科创创业50指数收益率,银华基金管理股份有限公司,招商银行股份有限公司,股票型ETF,规模指数ETF,931643.CSI,937646371.6218,16012500,8774841.8,0.546,0.54799948790008,0.110011001
2025-05-14,159782.SZ,双创50,20210707,中证科创创业50指数,中证科创创业50指数收益率,银华基金管理股份有限公司,招商银行股份有限公司,股票型ETF,规模指数ETF,931643.CSI,941158742.4228,22357311,12245908.4,0.549,0.54773619242493,0.10940919
2025-05-15,159782.SZ,双创50,20210707,中证科创创业50指数,中证科创创业50指数收益率,银华基金管理股份有限公司,招商银行股份有限公司,股票型ETF,规模指数ETF,931643.CSI,924683315.8596,12234500,6623136,0.539,0.54134913564102,0.037119525
2025-05-16,159782.SZ,双创50,20210707,中证科创创业50指数,中证科创创业50指数收益率,银华基金管理股份有限公司,招商银行股份有限公司,股票型ETF,规模指数ETF,931643.CSI,923310363.646,8649900,4653210,0.538,0.53794957167135,0
2025-05-19,159782.SZ,双创50,20210707,中证科创创业50指数,中证科创创业50指数收益率,银华基金管理股份有限公司,招商银行股份有限公司,股票型ETF,规模指数ETF,931643.CSI,921079316.2989,8743400,4679923.5,0.537,0.53525213303749,0.055897149
2025-05-20,159782.SZ,双创50,20210707,中证科创创业50指数,中证科创创业50指数收益率,银华基金管理股份有限公司,招商银行股份有限公司,股票型ETF,规模指数ETF,931643.CSI,925026553.913,12067800,6503773,0.539,0.53893609439997,0
2025-05-21,159782.SZ,双创50,20210707,中证科创创业50指数,中证科创创业50指数收益率,银华基金管理股份有限公司,招商银行股份有限公司,股票型ETF,规模指数ETF,931643.CSI,926664615.4203,13410805,7257444.4,0.541,0.54116396443017,0.018487706
2025-05-22,159782.SZ,双创50,20210707,中证科创创业50指数,中证科创创业50指数收益率,银华基金管理股份有限公司,招商银行股份有限公司,股票型ETF,规模指数ETF,931643.CSI,919811854.3523,7862322,4234703.13,0.537,0.53860718627398,0.018625442
2025-05-23,159782.SZ,双创50,20210707,中证科创创业50指数,中证科创创业50指数收益率,银华基金管理股份有限公司,招商银行股份有限公司,股票型ETF,规模指数ETF,931643.CSI,911417222.044,15555316,8352954.31,0.534,0.5369839037664,0.37593985
2025-05-26,159782.SZ,双创50,20210707,中证科创创业50指数,中证科创创业50指数收益率,银华基金管理股份有限公司,招商银行股份有限公司,股票型ETF,规模指数ETF,931643.CSI,908551127.3498,15640401,8283321.03,0.53,0.52961052788864,0.113335852
2025-05-27,159782.SZ,双创50,20210707,中证科创创业50指数,中证科创创业50指数收益率,银华基金管理股份有限公司,招商银行股份有限公司,股票型ETF,规模指数ETF,931643.CSI,899996104.7745,16503506,8664070.74,0.525,0.52498364529331,0.286532951
2025-05-28,159782.SZ,双创50,20210707,中证科创创业50指数,中证科创创业50指数收益率,银华基金管理股份有限公司,招商银行股份有限公司,股票型ETF,规模指数ETF,931643.CSI,901027618.9347,11539601,6058251.33,0.524,0.52499660343542,-0.019080328
2025-05-29,159782.SZ,双创50,20210707,中证科创创业50指数,中证科创创业50指数收益率,银华基金管理股份有限公司,招商银行股份有限公司,股票型ETF,规模指数ETF,931643.CSI,914437303.0173,17130000,9077199.3,0.532,0.52990071803853,0.018800526
2025-05-30,159782.SZ,双创50,20210707,中证科创创业50指数,中证科创创业50指数收益率,银华基金管理股份有限公司,招商银行股份有限公司,股票型ETF,规模指数ETF,931643.CSI,907249832.6556,10905800,5748639.8,0.528,0.52711766216142,0.227790433
2025-06-03,159782.SZ,双创50,20210707,中证科创创业50指数,中证科创创业50指数收益率,银华基金管理股份有限公司,招商银行股份有限公司,股票型ETF,规模指数ETF,931643.CSI,910349775.1362,12163200,6434760.2,0.529,0.52903513877927,0.075671585
2025-06-04,159782.SZ,双创50,20210707,中证科创创业50指数,中证科创创业50指数收益率,银华基金管理股份有限公司,招商银行股份有限公司,股票型ETF,规模指数ETF,931643.CSI,903291164.5246,9726029,5187588.47,0.533,0.53337168437396,-0.149868865
2025-06-05,159782.SZ,双创50,20210707,中证科创创业50指数,中证科创创业50指数收益率,银华基金管理股份有限公司,招商银行股份有限公司,股票型ETF,规模指数ETF,931643.CSI,908478877.3669,19088611,10249267.63,0.54,0.53693103337901,-0.129461809
2025-06-06,159782.SZ,双创50,20210707,中证科创创业50指数,中证科创创业50指数收益率,银华基金管理股份有限公司,招商银行股份有限公司,股票型ETF,规模指数ETF,931643.CSI,904950477.8062,5626201,3029756.74,0.539,0.53850844290846,0.074266617
2025-06-09,159782.SZ,双创50,20210707,中证科创创业50指数,中证科创创业50指数收益率,银华基金管理股份有限公司,招商银行股份有限公司,股票型ETF,规模指数ETF,931643.CSI,910592086.2213,14624433,7952794.58,0.543,0.5438019087646,-0.165471594
2025-06-10,159782.SZ,双创50,20210707,中证科创创业50指数,中证科创创业50指数收益率,银华基金管理股份有限公司,招商银行股份有限公司,股票型ETF,规模指数ETF,931643.CSI,899207592.4057,14910501,8042349.44,0.538,0.53937486339326,0.167566561
2025-06-11,159782.SZ,双创50,20210707,中证科创创业50指数,中证科创创业50指数收益率,银华基金管理股份有限公司,招商银行股份有限公司,股票型ETF,规模指数ETF,931643.CSI,902831520.7261,14577163,7868234.23,0.539,0.53976444044702,0.130039012
2025-06-12,159782.SZ,双创50,20210707,中证科创创业50指数,中证科创创业50指数收益率,银华基金管理股份有限公司,招商银行股份有限公司,股票型ETF,规模指数ETF,931643.CSI,904062744.18,8205004,4432262.86,0.539,0.54019021319185,-0.185185185
2025-06-13,159782.SZ,双创50,20210707,中证科创创业50指数,中证科创创业50指数收益率,银华基金管理股份有限公司,招商银行股份有限公司,股票型ETF,规模指数ETF,931643.CSI,898537916.2989,13555602,7278645.87,0.536,0.53694744578662,-0.130426682
2025-06-16,159782.SZ,双创50,20210707,中证科创创业50指数,中证科创创业50指数收益率,银华基金管理股份有限公司,招商银行股份有限公司,股票型ETF,规模指数ETF,931643.CSI,903502396.8329,16322267,8790802.51,0.539,0.53857730118004,0.055689623
2025-06-17,159782.SZ,双创50,20210707,中证科创创业50指数,中证科创创业50指数收益率,银华基金管理股份有限公司,招商银行股份有限公司,股票型ETF,规模指数ETF,931643.CSI,894519859.6581,13009206,6964028.13,0.535,0.53531538588904,0.13101254
2025-06-18,159782.SZ,双创50,20210707,中证科创创业50指数,中证科创创业50指数收益率,银华基金管理股份有限公司,招商银行股份有限公司,股票型ETF,规模指数ETF,931643.CSI,902221134.8863,7780735,4180230.14,0.539,0.53725388925339,0.018556318
2025-06-19,159782.SZ,双创50,20210707,中证科创创业50指数,中证科创创业50指数收益率,银华基金管理股份有限公司,招商银行股份有限公司,股票型ETF,规模指数ETF,931643.CSI,892982249.9251,12060500,6488855.8,0.536,0.53802543841466,0.130767794
2025-06-20,159782.SZ,双创50,20210707,中证科创创业50指数,中证科创创业50指数收益率,银华基金管理股份有限公司,招商银行股份有限公司,股票型ETF,规模指数ETF,931643.CSI,896130498.1508,9180105,4901543.67,0.533,0.53393111189905,0.11269722
2025-06-23,159782.SZ,双创50,20210707,中证科创创业50指数,中证科创创业50指数收益率,银华基金管理股份有限公司,招商银行股份有限公司,股票型ETF,规模指数ETF,931643.CSI,897645369.3911,7373368,3927594.84,0.533,0.53267310678105,-0.056253516
2025-06-24,159782.SZ,双创50,20210707,中证科创创业50指数,中证科创创业50指数收益率,银华基金管理股份有限公司,招商银行股份有限公司,股票型ETF,规模指数ETF,931643.CSI,909540281.7941,18589716,10046109.15,0.542,0.54041219080485,-0.055319934
2025-06-25,159782.SZ,双创50,20210707,中证科创创业50指数,中证科创创业50指数收益率,银华基金管理股份有限公司,招商银行股份有限公司,股票型ETF,规模指数ETF,931643.CSI,918193903.4908,30137122,16512526.43,0.552,0.5479131826191,-0.072411296
2025-06-26,159782.SZ,双创50,20210707,中证科创创业50指数,中证科创创业50指数收益率,银华基金管理股份有限公司,招商银行股份有限公司,股票型ETF,规模指数ETF,931643.CSI,910907837.117,19926204,11056518.12,0.552,0.55487327741902,0.181488203
2025-06-27,159782.SZ,双创50,20210707,中证科创创业50指数,中证科创创业50指数收益率,银华基金管理股份有限公司,招商银行股份有限公司,股票型ETF,规模指数ETF,931643.CSI,910388150.8379,15579306,8622682.13,0.553,0.55347023352645,-0.12642225
2025-06-30,159782.SZ,双创50,20210707,中证科创创业50指数,中证科创创业50指数收益率,银华基金管理股份有限公司,招商银行股份有限公司,股票型ETF,规模指数ETF,931643.CSI,917722877.4011,25051101,14043519.36,0.563,0.56059489600876,-0.053257589
2025-07-01,159782.SZ,双创50,20210707,中证科创创业50指数,中证科创创业50指数收益率,银华基金管理股份有限公司,招商银行股份有限公司,股票型ETF,规模指数ETF,931643.CSI,909365597.3064,14719000,8229534.8,0.56,0.55910964060058,0.143061516
2025-07-02,159782.SZ,双创50,20210707,中证科创创业50指数,中证科创创业50指数收益率,银华基金管理股份有限公司,招商银行股份有限公司,股票型ETF,规模指数ETF,931643.CSI,902788546.4107,13074800,7238802.9,0.553,0.55364540184171,0.163013947
2025-07-03,159782.SZ,双创50,20210707,中证科创创业50指数,中证科创创业50指数收益率,银华基金管理股份有限公司,招商银行股份有限公司,股票型ETF,规模指数ETF,931643.CSI,910178692.4399,14261023,7955621.63,0.558,0.55785770978702,-0.303734143
2025-07-04,159782.SZ,双创50,20210707,中证科创创业50指数,中证科创创业50指数收益率,银华基金管理股份有限公司,招商银行股份有限公司,股票型ETF,规模指数ETF,931643.CSI,904603935.7991,15297405,8563318.79,0.557,0.55978898316414,-0.053830971
2025-07-07,159782.SZ,双创50,20210707,中证科创创业50指数,中证科创创业50指数收益率,银华基金管理股份有限公司,招商银行股份有限公司,股票型ETF,规模指数ETF,931643.CSI,896706322.9568,17490900,9652270.7,0.551,0.55184528526262,0.109011628
2025-07-08,159782.SZ,双创50,20210707,中证科创创业50指数,中证科创创业50指数收益率,银华基金管理股份有限公司,招商银行股份有限公司,股票型ETF,规模指数ETF,931643.CSI,907340948.6414,35325712,19778820.93,0.563,0.55989871994654,-0.212690535
2025-07-09,159782.SZ,双创50,20210707,中证科创创业50指数,中证科创创业50指数收益率,银华基金管理股份有限公司,招商银行股份有限公司,股票型ETF,规模指数ETF,931643.CSI,901392244.2142,13103310,7395738.75,0.562,0.56441759753833,-0.106647707
2025-07-10,159782.SZ,双创50,20210707,中证科创创业50指数,中证科创创业50指数收益率,银华基金管理股份有限公司,招商银行股份有限公司,股票型ETF,规模指数ETF,931643.CSI,901872901.2943,11266705,6341242.52,0.563,0.56283026137633,0.017765145
2025-07-11,159782.SZ,双创50,20210707,中证科创创业50指数,中证科创创业50指数收益率,银华基金管理股份有限公司,招商银行股份有限公司,股票型ETF,规模指数ETF,931643.CSI,906157214.5759,29937630,17017046.71,0.568,0.56841662850399,0.052844812
2025-07-14,159782.SZ,双创50,20210707,中证科创创业50指数,中证科创创业50指数收益率,银华基金管理股份有限公司,招商银行股份有限公司,股票型ETF,规模指数ETF,931643.CSI,904561024.3089,9093100,5159819.6,0.567,0.56744340214008,0.052938062
2025-07-15,159782.SZ,双创50,20210707,中证科创创业50指数,中证科创创业50指数收益率,银华基金管理股份有限公司,招商银行股份有限公司,股票型ETF,规模指数ETF,931643.CSI,910298164.593,54448941,31443827.24,0.578,0.57749198905448,-0.172711572
2025-07-16,159782.SZ,双创50,20210707,中证科创创业50指数,中证科创创业50指数收益率,银华基金管理股份有限公司,招商银行股份有限公司,股票型ETF,规模指数ETF,931643.CSI,900000592.9134,31071229,18140486.37,0.579,0.58383549521005,-0.206825233
2025-07-17,159782.SZ,双创50,20210707,中证科创创业50指数,中证科创创业50指数收益率,银华基金管理股份有限公司,招商银行股份有限公司,股票型ETF,规模指数ETF,931643.CSI,904428938.5033,29170918,17112069.49,0.589,0.5866140205118,-0.152568232
2025-07-18,159782.SZ,双创50,20210707,中证科创创业50指数,中证科创创业50指数收益率,银华基金管理股份有限公司,招商银行股份有限公司,股票型ETF,规模指数ETF,931643.CSI,903082733.1975,21618205,12829529.16,0.592,0.59345950137858,-0.084388186
2025-07-21,159782.SZ,双创50,20210707,中证科创创业50指数,中证科创创业50指数收益率,银华基金管理股份有限公司,招商银行股份有限公司,股票型ETF,规模指数ETF,931643.CSI,907045627.8917,14619605,8667816.86,0.595,0.59288994880505,-0.016803899
2025-07-22,159782.SZ,双创50,20210707,中证科创创业50指数,中证科创创业50指数收益率,银华基金管理股份有限公司,招商银行股份有限公司,股票型ETF,规模指数ETF,931643.CSI,904592217.7194,19399104,11588521.89,0.598,0.59737407923582,-0.033433634
2025-07-23,159782.SZ,双创50,20210707,中证科创创业50指数,中证科创创业50指数收益率,银华基金管理股份有限公司,招商银行股份有限公司,股票型ETF,规模指数ETF,931643.CSI,894117684.0932,31907739,19155954.24,0.599,0.60035448578791,-0.100066711
2025-07-24,159782.SZ,双创50,20210707,中证科创创业50指数,中证科创创业50指数收益率,银华基金管理股份有限公司,招商银行股份有限公司,股票型ETF,规模指数ETF,931643.CSI,898460168.1758,24614320,14858748.74,0.606,0.60366277597756,-0.230490616
2025-07-25,159782.SZ,双创50,20210707,中证科创创业50指数,中证科创创业50指数收益率,银华基金管理股份有限公司,招商银行股份有限公司,股票型ETF,规模指数ETF,931643.CSI,891449557.5642,33822841,20558250.88,0.612,0.60782152747015,-0.097943193
2025-07-28,159782.SZ,双创50,20210707,中证科创创业50指数,中证科创创业50指数收益率,银华基金管理股份有限公司,招商银行股份有限公司,股票型ETF,规模指数ETF,931643.CSI,884015733.2317,13257105,8125814.28,0.615,0.61294032746969,-0.016257519
2025-07-29,159782.SZ,双创50,20210707,中证科创创业50指数,中证科创创业50指数收益率,银华基金管理股份有限公司,招商银行股份有限公司,股票型ETF,规模指数ETF,931643.CSI,881062653.6105,59651321,37246729.96,0.63,0.6244074621583,-0.237529691
2025-07-30,159782.SZ,双创50,20210707,中证科创创业50指数,中证科创创业50指数收益率,银华基金管理股份有限公司,招商银行股份有限公司,股票型ETF,规模指数ETF,931643.CSI,864770941.2075,38156532,23832309.2,0.622,0.62459316795352,-0.080321285
2025-07-31,159782.SZ,双创50,20210707,中证科创创业50指数,中证科创创业50指数收益率,银华基金管理股份有限公司,招商银行股份有限公司,股票型ETF,规模指数ETF,931643.CSI,846421138.0982,38332405,23827762.18,0.614,0.62160884974475,-0.097624471
2025-08-01,159782.SZ,双创50,20210707,中证科创创业50指数,中证科创创业50指数收益率,银华基金管理股份有限公司,招商银行股份有限公司,股票型ETF,规模指数ETF,931643.CSI,834780634.5496,34996401,21383251.21,0.608,0.61101286415137,-0.131406045
2025-08-04,159782.SZ,双创50,20210707,中证科创创业50指数,中证科创创业50指数收益率,银华基金管理股份有限公司,招商银行股份有限公司,股票型ETF,规模指数ETF,931643.CSI,838016538.5375,12822801,7797225.93,0.611,0.60807509451328,-0.244897959
2025-08-05,159782.SZ,双创50,20210707,中证科创创业50指数,中证科创创业50指数收益率,银华基金管理股份有限公司,招商银行股份有限公司,股票型ETF,规模指数ETF,931643.CSI,832836442.9647,12165205,7445991.36,0.613,0.6120728224473,-0.179123921
2025-08-06,159782.SZ,双创50,20210707,中证科创创业50指数,中证科创创业50指数收益率,银华基金管理股份有限公司,招商银行股份有限公司,股票型ETF,规模指数ETF,931643.CSI,834822642.0861,15329512,9441768.19,0.617,0.61592098887427,-0.210253922
2025-08-07,159782.SZ,双创50,20210707,中证科创创业50指数,中证科创创业50指数收益率,银华基金管理股份有限公司,招商银行股份有限公司,股票型ETF,规模指数ETF,931643.CSI,831582185.4453,12423808,7653273.1,0.615,0.61601669150071,-0.146127618
2025-08-08,159782.SZ,双创50,20210707,中证科创创业50指数,中证科创创业50指数收益率,银华基金管理股份有限公司,招商银行股份有限公司,股票型ETF,规模指数ETF,931643.CSI,826316443.404,11290137,6923692.98,0.611,0.6132514583304,-0.163398693
2025-08-11,159782.SZ,双创50,20210707,中证科创创业50指数,中证科创创业50指数收益率,银华基金管理股份有限公司,招商银行股份有限公司,股票型ETF,规模指数ETF,931643.CSI,837278750.9405,14032617,8699057.82,0.622,0.61991699908862,0.080450523
2025-08-12,159782.SZ,双创50,20210707,中证科创创业50指数,中证科创创业50指数收益率,银华基金管理股份有限公司,招商银行股份有限公司,股票型ETF,规模指数ETF,931643.CSI,833523652.7319,53065159,33477645.92,0.634,0.63087808556269,-0.26742174
2025-08-13,159782.SZ,双创50,20210707,中证科创创业50指数,中证科创创业50指数收益率,银华基金管理股份有限公司,招商银行股份有限公司,股票型ETF,规模指数ETF,931643.CSI,838364996.1253,59124519,38339647.02,0.656,0.64845596494409,0.015246227
2025-08-14,159782.SZ,双创50,20210707,中证科创创业50指数,中证科创创业50指数收益率,银华基金管理股份有限公司,招商银行股份有限公司,股票型ETF,规模指数ETF,931643.CSI,823125072.2321,51079926,33744790.23,0.656,0.66062723407234,-0.045710803
2025-08-15,159782.SZ,双创50,20210707,中证科创创业50指数,中证科创创业50指数收益率,银华基金管理股份有限公司,招商银行股份有限公司,股票型ETF,规模指数ETF,931643.CSI,831791289.5016,33300452,21999188.54,0.664,0.66062732541889,-0.120336943
2025-08-18,159782.SZ,双创50,20210707,中证科创创业50指数,中证科创创业50指数收益率,银华基金管理股份有限公司,招商银行股份有限公司,股票型ETF,规模指数ETF,931643.CSI,834857538.6401,59160464,40188929.94,0.681,0.67932073588875,0.102895781
2025-08-19,159782.SZ,双创50,20210707,中证科创创业50指数,中证科创创业50指数收益率,银华基金管理股份有限公司,招商银行股份有限公司,股票型ETF,规模指数ETF,931643.CSI,831630571.827,34729825,23730762.37,0.681,0.68329634168902,0
2025-08-20,159782.SZ,双创50,20210707,中证科创创业50指数,中证科创创业50指数收益率,银华基金管理股份有限公司,招商银行股份有限公司,股票型ETF,规模指数ETF,931643.CSI,837744693.5237,33181970,22504385.9,0.691,0.67821126654023,-0.014469686
2025-08-21,159782.SZ,双创50,20210707,中证科创创业50指数,中证科创创业50指数收益率,银华基金管理股份有限公司,招商银行股份有限公司,股票型ETF,规模指数ETF,931643.CSI,827497912.5504,44122325,30625835.94,0.69,0.69411201562928,-0.173611111
2025-08-22,159782.SZ,双创50,20210707,中证科创创业50指数,中证科创创业50指数收益率,银华基金管理股份有限公司,招商银行股份有限公司,股票型ETF,规模指数ETF,931643.CSI,843366798.4586,103199698,73956955.8,0.737,0.71663926574669,0.163087796
2025-08-25,159782.SZ,双创50,20210707,中证科创创业50指数,中证科创创业50指数收益率,银华基金管理股份有限公司,招商银行股份有限公司,股票型ETF,规模指数ETF,931643.CSI,875683744.522,76857622,58321361.76,0.767,0.75882339633147,0.130548303
2025-08-26,159782.SZ,双创50,20210707,中证科创创业50指数,中证科创创业50指数收益率,银华基金管理股份有限公司,招商银行股份有限公司,股票型ETF,规模指数ETF,931643.CSI,859943279.9054,38434114,29144529.3,0.756,0.7582984558978,-0.02644803
2025-08-27,159782.SZ,双创50,20210707,中证科创创业50指数,中证科创创业50指数收益率,银华基金管理股份有限公司,招商银行股份有限公司,股票型ETF,规模指数ETF,931643.CSI,851318316.6409,78103034,60671187.03,0.765,0.77680960550137,0.301560246
2025-08-28,159782.SZ,双创50,20210707,中证科创创业50指数,中证科创创业50指数收益率,银华基金管理股份有限公司,招商银行股份有限公司,股票型ETF,规模指数ETF,931643.CSI,888496782.2045,84045135,66275011.45,0.815,0.78856451893378,0.184388445
2025-08-29,159782.SZ,双创50,20210707,中证科创创业50指数,中证科创创业50指数收益率,银华基金管理股份有限公司,招商银行股份有限公司,股票型ETF,规模指数ETF,931643.CSI,903024381.7652,66873722,54081536.41,0.817,0.80871132625159,0.171652771
2025-09-01,159782.SZ,双创50,20210707,中证科创创业50指数,中证科创创业50指数收益率,银华基金管理股份有限公司,招商银行股份有限公司,股票型ETF,规模指数ETF,931643.CSI,924676204.814,61169623,50824501.55,0.843,0.83087812311676,0.118764846
2025-09-02,159782.SZ,双创50,20210707,中证科创创业50指数,中证科创创业50指数收益率,银华基金管理股份有限公司,招商银行股份有限公司,股票型ETF,规模指数ETF,931643.CSI,904000571.5929,101193884,83899042.37,0.819,0.82909202664857,0.036643459
2025-09-03,159782.SZ,双创50,20210707,中证科创创业50指数,中证科创创业50指数收益率,银华基金管理股份有限公司,招商银行股份有限公司,股票型ETF,规模指数ETF,931643.CSI,883149250.3697,77428659,63508462.14,0.826,0.82021906307327,-0.373899409
2025-09-04,159782.SZ,双创50,20210707,中证科创创业50指数,中证科创创业50指数收益率,银华基金管理股份有限公司,招商银行股份有限公司,股票型ETF,规模指数ETF,931643.CSI,797416618.8716,108649222,86233624.78,0.77,0.79368837799869,-0.619514713
2025-09-05,159782.SZ,双创50,20210707,中证科创创业50指数,中证科创创业50指数收益率,银华基金管理股份有限公司,招商银行股份有限公司,股票型ETF,规模指数ETF,931643.CSI,833524137.0881,89172695,71194849.45,0.823,0.7983929323881,-0.157709572
2025-09-08,159782.SZ,双创50,20210707,中证科创创业50指数,中证科创创业50指数收益率,银华基金管理股份有限公司,招商银行股份有限公司,股票型ETF,规模指数ETF,931643.CSI,822582438.8453,56961659,46124992.4,0.815,0.80975507402269,-0.110307636
2025-09-09,159782.SZ,双创50,20210707,中证科创创业50指数,中证科创创业50指数收益率,银华基金管理股份有限公司,招商银行股份有限公司,股票型ETF,规模指数ETF,931643.CSI,802986191.0247,36610823,29250675.66,0.794,0.79896252701011,-0.012592872
2025-09-10,159782.SZ,双创50,20210707,中证科创创业50指数,中证科创创业50指数收益率,银华基金管理股份有限公司,招商银行股份有限公司,股票型ETF,规模指数ETF,931643.CSI,809970173.7894,40604706,32808029.05,0.811,0.80798587853339,0.346448899
2025-09-11,159782.SZ,双创50,20210707,中证科创创业50指数,中证科创创业50指数收益率,银华基金管理股份有限公司,招商银行股份有限公司,股票型ETF,规模指数ETF,931643.CSI,851662648.6467,82920608,70017626.27,0.859,0.8443935465355,-0.127892106
2025-09-12,159782.SZ,双创50,20210707,中证科创创业50指数,中证科创创业50指数收益率,银华基金管理股份有限公司,招商银行股份有限公司,股票型ETF,规模指数ETF,931643.CSI,852663479.1636,56344913,48120148.27,0.851,0.8540282646279,0.023507287
2025-09-15,159782.SZ,双创50,20210707,中证科创创业50指数,中证科创创业50指数收益率,银华基金管理股份有限公司,招商银行股份有限公司,股票型ETF,规模指数ETF,931643.CSI,853635439.7923,44629414,38465379.1,0.855,0.86188402787453,-0.22172949
2025-09-16,159782.SZ,双创50,20210707,中证科创创业50指数,中证科创创业50指数收益率,银华基金管理股份有限公司,招商银行股份有限公司,股票型ETF,规模指数ETF,931643.CSI,860301409.2754,40477632,34934764.47,0.866,0.86306344378051,-0.023089356
2025-09-17,159782.SZ,双创50,20210707,中证科创创业50指数,中证科创创业50指数收益率,银华基金管理股份有限公司,招商银行股份有限公司,股票型ETF,规模指数ETF,931643.CSI,871425140.2658,40523527,35279375.77,0.876,0.87058996049381,-0.159562343
2025-09-18,159782.SZ,双创50,20210707,中证科创创业50指数,中证科创创业50指数收益率,银华基金管理股份有限公司,招商银行股份有限公司,股票型ETF,规模指数ETF,931643.CSI,858835840.7051,61277037,54059574.39,0.875,0.88221586807469,-0.034273963
2025-09-19,159782.SZ,双创50,20210707,中证科创创业50指数,中证科创创业50指数收益率,银华基金管理股份有限公司,招商银行股份有限公司,股票型ETF,规模指数ETF,931643.CSI,855205436.7172,42411631,37226378.06,0.87,0.87773983650853,-0.183570445
2025-09-22,159782.SZ,双创50,20210707,中证科创创业50指数,中证科创创业50指数收益率,银华基金管理股份有限公司,招商银行股份有限公司,股票型ETF,规模指数ETF,931643.CSI,861678119.9212,32369519,28280693.8,0.883,0.87368285577552,-0.067904029
2025-09-23,159782.SZ,双创50,20210707,中证科创创业50指数,中证科创创业50指数收益率,银华基金管理股份有限公司,招商银行股份有限公司,股票型ETF,规模指数ETF,931643.CSI,867236704.4431,46792019,41325824.78,0.891,0.88318105658147,0.191161588
2025-09-24,159782.SZ,双创50,20210707,中证科创创业50指数,中证科创创业50指数收益率,银华基金管理股份有限公司,招商银行股份有限公司,股票型ETF,规模指数ETF,931643.CSI,903107909.7831,68308183,61478649.66,0.909,0.90001881121622,-0.032992412
2025-09-25,159782.SZ,双创50,20210707,中证科创创业50指数,中证科创创业50指数收益率,银华基金管理股份有限公司,招商银行股份有限公司,股票型ETF,规模指数ETF,931643.CSI,904098896.5357,71178447,65742864.5,0.93,0.92363443248488,0.312803365
2025-09-26,159782.SZ,双创50,20210707,中证科创创业50指数,中证科创创业50指数收益率,银华基金管理股份有限公司,招商银行股份有限公司,股票型ETF,规模指数ETF,931643.CSI,900755239.4214,60373305,55409473.77,0.906,0.91778102540519,0.199071002
2025-09-29,159782.SZ,双创50,20210707,中证科创创业50指数,中证科创创业50指数收益率,银华基金管理股份有限公司,招商银行股份有限公司,股票型ETF,规模指数ETF,931643.CSI,917906444.7614,37488004,34401768.48,0.926,0.91767405061096,0.194763038
2025-09-30,159782.SZ,双创50,20210707,中证科创创业50指数,中证科创创业50指数收益率,银华基金管理股份有限公司,招商银行股份有限公司,股票型ETF,规模指数ETF,931643.CSI,930906706.2687,45697711,42476331.1,0.929,0.92950675581978,0.313141129
2025-10-09,159782.SZ,双创50,20210707,中证科创创业50指数,中证科创创业50指数收益率,银华基金管理股份有限公司,招商银行股份有限公司,股票型ETF,规模指数ETF,931643.CSI,937047899.645,63561309,60234111.4,0.938,0.94765372752157,0.320855615
2025-10-10,159782.SZ,双创50,20210707,中证科创创业50指数,中证科创创业50指数收益率,银华基金管理股份有限公司,招商银行股份有限公司,股票型ETF,规模指数ETF,931643.CSI,906034981.4285,88651233,79876363.49,0.889,0.9010180770977,0.395256917
2025-10-13,159782.SZ,双创50,20210707,中证科创创业50指数,中证科创创业50指数收益率,银华基金管理股份有限公司,招商银行股份有限公司,股票型ETF,规模指数ETF,931643.CSI,910010034.0814,53616619,46787109.65,0.885,0.87262327469772,0.090477268
2025-10-14,159782.SZ,双创50,20210707,中证科创创业50指数,中证科创创业50指数收益率,银华基金管理股份有限公司,招商银行股份有限公司,股票型ETF,规模指数ETF,931643.CSI,881087747.2946,61994352,53543284.89,0.842,0.86368004765983,-0.213320692
2025-10-15,159782.SZ,双创50,20210707,中证科创创业50指数,中证科创创业50指数收益率,银华基金管理股份有限公司,招商银行股份有限公司,股票型ETF,规模指数ETF,931643.CSI,897100209.7147,34745950,29511175.41,0.864,0.84934144583757,-0.011572735
2025-10-16,159782.SZ,双创50,20210707,中证科创创业50指数,中证科创创业50指数收益率,银华基金管理股份有限公司,招商银行股份有限公司,股票型ETF,规模指数ETF,931643.CSI,893131313.7026,37990527,33042933.42,0.868,0.86976770340669,0.023046785
2025-10-17,159782.SZ,双创50,20210707,中证科创创业50指数,中证科创创业50指数收益率,银华基金管理股份有限公司,招商银行股份有限公司,股票型ETF,规模指数ETF,931643.CSI,859331729.5858,45089954,38153074.63,0.839,0.84615465852992,0.19106759
2025-10-20,159782.SZ,双创50,20210707,中证科创创业50指数,中证科创创业50指数收益率,银华基金管理股份有限公司,招商银行股份有限公司,股票型ETF,规模指数ETF,931643.CSI,870120278.7243,46122111,39661712.88,0.854,0.85992839486467,0.128971743
2025-10-21,159782.SZ,双创50,20210707,中证科创创业50指数,中证科创创业50指数收益率,银华基金管理股份有限公司,招商银行股份有限公司,股票型ETF,规模指数ETF,931643.CSI,894365585.8557,63887221,56082815.46,0.888,0.87784089810386,0.101454177
2025-10-22,159782.SZ,双创50,20210707,中证科创创业50指数,中证科创创业50指数收益率,银华基金管理股份有限公司,招商银行股份有限公司,股票型ETF,规模指数ETF,931643.CSI,901027138.5086,29248103,25865249.45,0.886,0.88433938604497,0.02257846
2025-10-23,159782.SZ,双创50,20210707,中证科创创业50指数,中证科创创业50指数收益率,银华基金管理股份有限公司,招商银行股份有限公司,股票型ETF,规模指数ETF,931643.CSI,895834262.8411,32030394,28076976.96,0.883,0.87657295005488,-0.033963546
2025-10-24,159782.SZ,双创50,20210707,中证科创创业50指数,中证科创创业50指数收益率,银华基金管理股份有限公司,招商银行股份有限公司,股票型ETF,规模指数ETF,931643.CSI,927248567.776,78782943,71891161.77,0.927,0.91252191188136,-0.107758621
2025-10-27,159782.SZ,双创50,20210707,中证科创创业50指数,中证科创创业50指数收益率,银华基金管理股份有限公司,招商银行股份有限公司,股票型ETF,规模指数ETF,931643.CSI,929182934.6233,74888940,70687998.45,0.95,0.94390437960532,0.010527424
2025-10-28,159782.SZ,双创50,20210707,中证科创创业50指数,中证科创创业50指数收益率,银华基金管理股份有限公司,招商银行股份有限公司,股票型ETF,规模指数ETF,931643.CSI,919400335.5019,51256407,48751985.31,0.946,0.95113934361416,0.031722534
2025-10-29,159782.SZ,双创50,20210707,中证科创创业50指数,中证科创创业50指数收益率,银华基金管理股份有限公司,招商银行股份有限公司,股票型ETF,规模指数ETF,931643.CSI,935948511.6429,58938802,56612007.39,0.969,0.96052185434648,0.03096934
2025-10-30,159782.SZ,双创50,20210707,中证科创创业50指数,中证科创创业50指数收益率,银华基金管理股份有限公司,招商银行股份有限公司,股票型ETF,规模指数ETF,931643.CSI,918889292.1427,53217119,50977162.88,0.949,0.95790910590256,0.094926695
2025-10-31,159782.SZ,双创50,20210707,中证科创创业50指数,中证科创创业50指数收益率,银华基金管理股份有限公司,招商银行股份有限公司,股票型ETF,规模指数ETF,931643.CSI,908363871.7297,68567626,63235024.27,0.911,0.92222857868814,0.20899791
2025-11-03,159782.SZ,双创50,20210707,中证科创创业50指数,中证科创创业50指数收益率,银华基金管理股份有限公司,招商银行股份有限公司,股票型ETF,规模指数ETF,931643.CSI,905636571.7297,55384822,49745025.96,0.91,0.89817072915753,0.09899901
2025-11-04,159782.SZ,双创50,20210707,中证科创创业50指数,中证科创创业50指数收益率,银华基金管理股份有限公司,招商银行股份有限公司,股票型ETF,规模指数ETF,931643.CSI,890295755.3388,37123103,33614470.19,0.897,0.9054865427063,0.066934404
2025-11-05,159782.SZ,双创50,20210707,中证科创创业50指数,中证科创创业50指数收益率,银华基金管理股份有限公司,招商银行股份有限公司,股票型ETF,规模指数ETF,931643.CSI,904666867.7418,35361231,31608847.78,0.905,0.8938842592895,-0.044179368
2025-11-06,159782.SZ,双创50,20210707,中证科创创业50指数,中证科创创业50指数收益率,银华基金管理股份有限公司,招商银行股份有限公司,股票型ETF,规模指数ETF,931643.CSI,914020985.4848,59091524,54801685.62,0.936,0.92740349055814,0.171232877
2025-11-07,159782.SZ,双创50,20210707,中证科创创业50指数,中证科创创业50指数收益率,银华基金管理股份有限公司,招商银行股份有限公司,股票型ETF,规模指数ETF,931643.CSI,905510730.1619,28305502,26247111.75,0.926,0.92727950028938,0.032407908
2025-11-10,159782.SZ,双创50,20210707,中证科创创业50指数,中证科创创业50指数收益率,银华基金管理股份有限公司,招商银行股份有限公司,股票型ETF,规模指数ETF,931643.CSI,896415427.9312,43796527,39801543.86,0.914,0.90878310647783,0.043782837
2025-11-11,159782.SZ,双创50,20210707,中证科创创业50指数,中证科创创业50指数收益率,银华基金管理股份有限公司,招商银行股份有限公司,股票型ETF,规模指数ETF,931643.CSI,885410950.4723,34575109,31402373.64,0.898,0.90823643216859,0.122644665
2025-11-12,159782.SZ,双创50,20210707,中证科创创业50指数,中证科创创业50指数收益率,银华基金管理股份有限公司,招商银行股份有限公司,股票型ETF,规模指数ETF,931643.CSI,887507536.3121,36387175,32343825.02,0.898,0.8888798050412,0.189668638
2025-11-13,159782.SZ,双创50,20210707,中证科创创业50指数,中证科创创业50指数收益率,银华基金管理股份有限公司,招商银行股份有限公司,股票型ETF,规模指数ETF,931643.CSI,892294428.8098,32178914,29000360.79,0.908,0.90122248345609,-0.153947658
2025-11-14,159782.SZ,双创50,20210707,中证科创创业50指数,中证科创创业50指数收益率,银华基金管理股份有限公司,招商银行股份有限公司,股票型ETF,规模指数ETF,931643.CSI,860807434.96,27348304,24330088.67,0.882,0.88963793403788,0.227272727
2025-11-17,159782.SZ,双创50,20210707,中证科创创业50指数,中证科创创业50指数收益率,银华基金管理股份有限公司,招商银行股份有限公司,股票型ETF,规模指数ETF,931643.CSI,863134864.159,25240405,22111509.67,0.876,0.8760362470412,-0.114025086
2025-11-18,159782.SZ,双创50,20210707,中证科创创业50指数,中证科创创业50指数收益率,银华基金管理股份有限公司,招商银行股份有限公司,股票型ETF,规模指数ETF,931643.CSI,861520946.0109,20224001,17714181.38,0.873,0.87589895688791,0.034376074
2025-11-19,159782.SZ,双创50,20210707,中证科创创业50指数,中证科创创业50指数收益率,银华基金管理股份有限公司,招商银行股份有限公司,股票型ETF,规模指数ETF,931643.CSI,865327274.3313,21713408,19041166.1,0.875,0.8769312537212,0.125872525
2025-11-20,159782.SZ,双创50,20210707,中证科创创业50指数,中证科创创业50指数收益率,银华基金管理股份有限公司,招商银行股份有限公司,股票型ETF,规模指数ETF,931643.CSI,858494961.489,23672108,20734839.36,0.867,0.87591858570432,0
2025-11-21,159782.SZ,双创50,20210707,中证科创创业50指数,中证科创创业50指数收益率,银华基金管理股份有限公司,招商银行股份有限公司,股票型ETF,规模指数ETF,931643.CSI,835112073.8236,57469806,48321658.03,0.834,0.84081818598796,0.38517092
2025-11-24,159782.SZ,双创50,20210707,中证科创创业50指数,中证科创创业50指数收益率,银华基金管理股份有限公司,招商银行股份有限公司,股票型ETF,规模指数ETF,931643.CSI,836797921.61,30920669,25615856.2,0.828,0.82843796814357,-0.240963855
2025-11-25,159782.SZ,双创50,20210707,中证科创创业50指数,中证科创创业50指数收益率,银华基金管理股份有限公司,招商银行股份有限公司,股票型ETF,规模指数ETF,931643.CSI,845347490.2145,41458645,35104899.06,0.842,0.84674496863079,-0.177830468
2025-11-26,159782.SZ,双创50,20210707,中证科创创业50指数,中证科创创业50指数收益率,银华基金管理股份有限公司,招商银行股份有限公司,股票型ETF,规模指数ETF,931643.CSI,845805532.29,66513383,57431074.11,0.869,0.86345140661391,-0.114942529
2025-11-27,159782.SZ,双创50,20210707,中证科创创业50指数,中证科创创业50指数收益率,银华基金管理股份有限公司,招商银行股份有限公司,股票型ETF,规模指数ETF,931643.CSI,842208428.3021,40729579,35920502.12,0.867,0.8819266734871,0.080803417
2025-11-28,159782.SZ,双创50,20210707,中证科创创业50指数,中证科创创业50指数收益率,银华基金管理股份有限公司,招商银行股份有限公司,股票型ETF,规模指数ETF,931643.CSI,847458255.7439,21141200,18344072.82,0.872,0.8676930741869,0.03441551
2025-12-01,159782.SZ,双创50,20210707,中证科创创业50指数,中证科创创业50指数收益率,银华基金管理股份有限公司,招商银行股份有限公司,股票型ETF,规模指数ETF,931643.CSI,857860691.6008,24750578,21657202.16,0.883,0.87501803634646,0.067996374
2025-12-02,159782.SZ,双创50,20210707,中证科创创业50指数,中证科创创业50指数收益率,银华基金管理股份有限公司,招商银行股份有限公司,股票型ETF,规模指数ETF,931643.CSI,851821325.6663,20431700,17979546,0.878,0.87998286975631,-0.102400728
2025-12-03,159782.SZ,双创50,20210707,中证科创创业50指数,中证科创创业50指数收益率,银华基金管理股份有限公司,招商银行股份有限公司,股票型ETF,规模指数ETF,931643.CSI,837285912.824,30650710,27029419.05,0.872,0.88185295055155,0
2025-12-04,159782.SZ,双创50,20210707,中证科创创业50指数,中证科创创业50指数收益率,银华基金管理股份有限公司,招商银行股份有限公司,股票型ETF,规模指数ETF,931643.CSI,850344500.4552,27211049,23859585.6,0.885,0.87683446529386,-0.067750678
2025-12-05,159782.SZ,双创50,20210707,中证科创创业50指数,中证科创创业50指数收益率,银华基金管理股份有限公司,招商银行股份有限公司,股票型ETF,规模指数ETF,931643.CSI,850469784.9771,26841332,23826658.42,0.891,0.88768539579183,-0.033658701
2025-12-08,159782.SZ,双创50,20210707,中证科创创业50指数,中证科创创业50指数收益率,银华基金管理股份有限公司,招商银行股份有限公司,股票型ETF,规模指数ETF,931643.CSI,861388664.6667,64435338,59028529.97,0.92,0.91608939756008,-0.010868384
2025-12-09,159782.SZ,双创50,20210707,中证科创创业50指数,中证科创创业50指数收益率,银华基金管理股份有限公司,招商银行股份有限公司,股票型ETF,规模指数ETF,931643.CSI,855661509.8173,47383822,44052498.42,0.93,0.92969491612559,-0.203884537
2025-12-10,159782.SZ,双创50,20210707,中证科创创业50指数,中证科创创业50指数收益率,银华基金管理股份有限公司,招商银行股份有限公司,股票型ETF,规模指数ETF,931643.CSI,854651500.5236,31845608,29271487.17,0.929,0.91916873340902,-0.193382037
2025-12-11,159782.SZ,双创50,20210707,中证科创创业50指数,中证科创创业50指数收益率,银华基金管理股份有限公司,招商银行股份有限公司,股票型ETF,规模指数ETF,931643.CSI,832099961.5574,29505205,27378041.42,0.909,0.92790548040591,-0.350800263
2025-12-12,159782.SZ,双创50,20210707,中证科创创业50指数,中证科创创业50指数收益率,银华基金管理股份有限公司,招商银行股份有限公司,股票型ETF,规模指数ETF,931643.CSI,845469597.8536,32314307,29552837.95,0.92,0.91454345439003,-0.086880973
2025-12-15,159782.SZ,双创50,20210707,中证科创创业50指数,中证科创创业50指数收益率,银华基金管理股份有限公司,招商银行股份有限公司,股票型ETF,规模指数ETF,931643.CSI,825684658.8874,24973417,22694860.16,0.901,0.90876070983798,-0.133008202
2025-12-16,159782.SZ,双创50,20210707,中证科创创业50指数,中证科创创业50指数收益率,银华基金管理股份有限公司,招商银行股份有限公司,股票型ETF,规模指数ETF,931643.CSI,809109263.2804,33196570,29453985.76,0.883,0.88725991149086,0.204266909
2025-12-17,159782.SZ,双创50,20210707,中证科创创业50指数,中证科创创业50指数收益率,银华基金管理股份有限公司,招商银行股份有限公司,股票型ETF,规模指数ETF,931643.CSI,843533927.4919,37742969,34020674.53,0.917,0.90137780443293,0.141967893
2025-12-18,159782.SZ,双创50,20210707,中证科创创业50指数,中证科创创业50指数收益率,银华基金管理股份有限公司,招商银行股份有限公司,股票型ETF,规模指数ETF,931643.CSI,826503355.7781,30717445,27661849.08,0.896,0.90052571364578,0.19009281
2025-12-19,159782.SZ,双创50,20210707,中证科创创业50指数,中证科创创业50指数收益率,银华基金管理股份有限公司,招商银行股份有限公司,股票型ETF,规模指数ETF,931643.CSI,831596950.4723,22180600,19990185.2,0.896,0.9012463684481,-0.100345635
2025-12-22,159782.SZ,双创50,20210707,中证科创创业50指数,中证科创创业50指数收益率,银华基金管理股份有限公司,招商银行股份有限公司,股票型ETF,规模指数ETF,931643.CSI,845178211.5745,48414068,44461247.99,0.924,0.91835389643357,0.054141852
2025-12-23,159782.SZ,双创50,20210707,中证科创创业50指数,中证科创创业50指数收益率,银华基金管理股份有限公司,招商银行股份有限公司,股票型ETF,规模指数ETF,931643.CSI,840582091.6692,34604742,32086386.37,0.927,0.9272251291456,-0.064683053
2025-12-24,159782.SZ,双创50,20210707,中证科创创业50指数,中证科创创业50指数收益率,银华基金管理股份有限公司,招商银行股份有限公司,股票型ETF,规模指数ETF,931643.CSI,837078519.111,26675457,24731304.04,0.931,0.92711828854516,-0.214362272
2025-12-25,159782.SZ,双创50,20210707,中证科创创业50指数,中证科创创业50指数收益率,银华基金管理股份有限公司,招商银行股份有限公司,股票型ETF,规模指数ETF,931643.CSI,832044043.4435,23076499,21465931.37,0.93,0.93020745347897,-0.053734551
2025-12-26,159782.SZ,双创50,20210707,中证科创创业50指数,中证科创创业50指数收益率,银华基金管理股份有限公司,招商银行股份有限公司,股票型ETF,规模指数ETF,931643.CSI,828183115.1231,25776476,23933412.56,0.929,0.92849823847139,-0.032282363
2025-12-29,159782.SZ,双创50,20210707,中证科创创业50指数,中证科创创业50指数收益率,银华基金管理股份有限公司,招商银行股份有限公司,股票型ETF,规模指数ETF,931643.CSI,819774706.2687,27686246,25733070.91,0.926,0.92945323501063,-0.01079797
2025-12-30,159782.SZ,双创50,20210707,中证科创创业50指数,中证科创创业50指数收益率,银华基金管理股份有限公司,招商银行股份有限公司,股票型ETF,规模指数ETF,931643.CSI,825994746.9921,31887623,29793502.81,0.936,0.93432811878138,-0.032041012
2025-12-31,159782.SZ,双创50,20210707,中证科创创业50指数,中证科创创业50指数收益率,银华基金管理股份有限公司,招商银行股份有限公司,股票型ETF,规模指数ETF,931643.CSI,803378855.8123,38490601,35589896.13,0.919,0.92463861839933,0.22903261
2026-01-05,159782.SZ,双创50,20210707,中证科创创业50指数,中证科创创业50指数收益率,银华基金管理股份有限公司,招商银行股份有限公司,股票型ETF,规模指数ETF,931643.CSI,819252373.116,48280036,45385913.3,0.946,0.94005549830162,-0.210970464
2026-01-06,159782.SZ,双创50,20210707,中证科创创业50指数,中证科创创业50指数收益率,银华基金管理股份有限公司,招商银行股份有限公司,股票型ETF,规模指数ETF,931643.CSI,817082953.2107,37735013,35742446.23,0.952,0.94719581069178,-0.010503098
2026-01-07,159782.SZ,双创50,20210707,中证科创创业50指数,中证科创创业50指数收益率,银华基金管理股份有限公司,招商银行股份有限公司,股票型ETF,规模指数ETF,931643.CSI,808029232.8661,43682842,41798245.39,0.957,0.95685728025663,-0.135656892
2026-01-08,159782.SZ,双创50,20210707,中证科创创业50指数,中证科创创业50指数收益率,银华基金管理股份有限公司,招商银行股份有限公司,股票型ETF,规模指数ETF,931643.CSI,806334705.4243,33838083,32467918.5,0.952,0.95950821150241,-0.094448526
2026-01-09,159782.SZ,双创50,20210707,中证科创创业50指数,中证科创创业50指数收益率,银华基金管理股份有限公司,招商银行股份有限公司,股票型ETF,规模指数ETF,931643.CSI,806764447.4656,37195216,35302582.66,0.958,0.94911621591336,0.12541806
2026-01-12,159782.SZ,双创50,20210707,中证科创创业50指数,中证科创创业50指数收益率,银华基金管理股份有限公司,招商银行股份有限公司,股票型ETF,规模指数ETF,931643.CSI,805243864.7351,42633952,40753937.87,0.965,0.95590335772766,-0.031078421
2026-01-13,159782.SZ,双创50,20210707,中证科创创业50指数,中证科创创业50指数收益率,银华基金管理股份有限公司,招商银行股份有限公司,股票型ETF,规模指数ETF,931643.CSI,768606374.4339,49115024,46757182.45,0.941,0.95199347657857,-0.074333652
2026-01-14,159782.SZ,双创50,20210707,中证科创创业50指数,中证科创创业50指数收益率,银华基金管理股份有限公司,招商银行股份有限公司,股票型ETF,规模指数ETF,931643.CSI,770705266.9316,39976374,38151064.11,0.953,0.95434028383865,-0.188521156
2026-01-15,159782.SZ,双创50,20210707,中证科创创业50指数,中证科创创业50指数收益率,银华基金管理股份有限公司,招商银行股份有限公司,股票型ETF,规模指数ETF,931643.CSI,765768227.121,27899448,26543715.31,0.96,0.95140646904555,-0.31152648
2026-01-16,159782.SZ,双创50,20210707,中证科创创业50指数,中证科创创业50指数收益率,银华基金管理股份有限公司,招商银行股份有限公司,股票型ETF,规模指数ETF,931643.CSI,761503892.6162,29899625,29013945,0.969,0.97037822380715,0.041296717
2026-01-19,159782.SZ,双创50,20210707,中证科创创业50指数,中证科创创业50指数收益率,银华基金管理股份有限公司,招商银行股份有限公司,股票型ETF,规模指数ETF,931643.CSI,754368865.1744,26539530,25664701.04,0.964,0.96703675762156,0.083056478
2026-01-20,159782.SZ,双创50,20210707,中证科创创业50指数,中证科创创业50指数收益率,银华基金管理股份有限公司,招商银行股份有限公司,股票型ETF,规模指数ETF,931643.CSI,749899755.8465,32466495,30700445.08,0.94,0.9456039242918,0.053219798
2026-01-21,159782.SZ,双创50,20210707,中证科创创业50指数,中证科创创业50指数收益率,银华基金管理股份有限公司,招商银行股份有限公司,股票型ETF,规模指数ETF,931643.CSI,760661094.3734,41120592,39583546.54,0.96,0.96262102792684,-0.020828994
2026-01-22,159782.SZ,双创50,20210707,中证科创创业50指数,中证科创创业50指数收益率,银华基金管理股份有限公司,招商银行股份有限公司,股票型ETF,规模指数ETF,931643.CSI,766935101.4706,21704769,21029659.57,0.97,0.96889580211612,-0.185223297
2026-01-23,159782.SZ,双创50,20210707,中证科创创业50指数,中证科创创业50指数收益率,银华基金管理股份有限公司,招商银行股份有限公司,股票型ETF,规模指数ETF,931643.CSI,760384822.2545,20793804,19979102.94,0.962,0.96082000869105,-0.155682408
2026-01-26,159782.SZ,双创50,20210707,中证科创创业50指数,中证科创创业50指数收益率,银华基金管理股份有限公司,招商银行股份有限公司,股票型ETF,规模指数ETF,931643.CSI,747555109.8515,15515115,14841857.78,0.958,0.95660636611459,0.366684128
2026-01-27,159782.SZ,双创50,20210707,中证科创创业50指数,中证科创创业50指数收益率,银华基金管理股份有限公司,招商银行股份有限公司,股票型ETF,规模指数ETF,931643.CSI,753195683.7618,31541814,30298640.33,0.965,0.96058648782851,-0.041433603
2026-01-28,159782.SZ,双创50,20210707,中证科创创业50指数,中证科创创业50指数收益率,银华基金管理股份有限公司,招商银行股份有限公司,股票型ETF,规模指数ETF,931643.CSI,751869360.3079,18561500,17898468.1,0.964,0.96427918541066,0.03113002
2026-01-29,159782.SZ,双创50,20210707,中证科创创业50指数,中证科创创业50指数收益率,银华基金管理股份有限公司,招商银行股份有限公司,股票型ETF,规模指数ETF,931643.CSI,745469126.2082,23955703,22817112.87,0.946,0.95247101994878,0.148210883
2026-01-30,159782.SZ,双创50,20210707,中证科创创业50指数,中证科创创业50指数收益率,银华基金管理股份有限公司,招商银行股份有限公司,股票型ETF,规模指数ETF,931643.CSI,750144045.7084,32944821,31480638.19,0.965,0.95555651038444,-0.020721094
2026-02-02,159782.SZ,双创50,20210707,中证科创创业50指数,中证科创创业50指数收益率,银华基金管理股份有限公司,招商银行股份有限公司,股票型ETF,规模指数ETF,931643.CSI,728203365.1402,22955605,22006347.68,0.942,0.95864812449944,0.148841165
2026-02-03,159782.SZ,双创50,20210707,中证科创创业50指数,中证科创创业50指数收益率,银华基金管理股份有限公司,招商银行股份有限公司,股票型ETF,规模指数ETF,931643.CSI,741602863.8223,28102103,26522931.81,0.948,0.94380594256594,0.11616855
2026-02-04,159782.SZ,双创50,20210707,中证科创创业50指数,中证科创创业50指数收益率,银华基金管理股份有限公司,招商银行股份有限公司,股票型ETF,规模指数ETF,931643.CSI,739984928.4047,25336903,23450879.06,0.935,0.92556217545609,0.096349427
2026-02-05,159782.SZ,双创50,20210707,中证科创创业50指数,中证科创创业50指数收益率,银华基金管理股份有限公司,招商银行股份有限公司,股票型ETF,规模指数ETF,931643.CSI,728235246.5186,21948801,20111398.22,0.917,0.91628687234442,0.131032977
2026-02-06,159782.SZ,双创50,20210707,中证科创创业50指数,中证科创创业50指数收益率,银华基金管理股份有限公司,招商银行股份有限公司,股票型ETF,规模指数ETF,931643.CSI,726679572.169,15939805,14454211.47,0.909,0.90679976762576,0.220507166
2026-02-09,159782.SZ,双创50,20210707,中证科创创业50指数,中证科创创业50指数收益率,银华基金管理股份有限公司,招商银行股份有限公司,股票型ETF,规模指数ETF,931643.CSI,752878493.8999,28261617,26327427.61,0.939,0.93156126240052,-0.074491859
2026-02-10,159782.SZ,双创50,20210707,中证科创创业50指数,中证科创创业50指数收益率,银华基金管理股份有限公司,招商银行股份有限公司,股票型ETF,规模指数ETF,931643.CSI,748144488.1548,20816105,19721751.03,0.943,0.94742753411361,-0.14824227
2026-02-11,159782.SZ,双创50,20210707,中证科创创业50指数,中证科创创业50指数收益率,银华基金管理股份有限公司,招商银行股份有限公司,股票型ETF,规模指数ETF,931643.CSI,734756472.6425,15905004,14796075.61,0.929,0.93027801879207,0.161725067
2026-02-12,159782.SZ,双创50,20210707,中证科创创业50指数,中证科创创业50指数收益率,银华基金管理股份有限公司,招商银行股份有限公司,股票型ETF,规模指数ETF,931643.CSI,747081255.8465,18204402,17031853.97,0.939,0.93558986282549,-0.053219798
2026-02-13,159782.SZ,双创50,20210707,中证科创创业50指数,中证科创创业50指数收益率,银华基金管理股份有限公司,招商银行股份有限公司,股票型ETF,规模指数ETF,931643.CSI,739049834.1498,14984604,13981414.84,0.931,0.9330520072469,0.172154078
2026-02-24,159782.SZ,双创50,20210707,中证科创创业50指数,中证科创创业50指数收益率,银华基金管理股份有限公司,招商银行股份有限公司,股票型ETF,规模指数ETF,931643.CSI,747717408.0601,20433925,19277681.46,0.941,0.94341549457581,0.074444326
2026-02-25,159782.SZ,双创50,20210707,中证科创创业50指数,中证科创创业50指数收益率,银华基金管理股份有限公司,招商银行股份有限公司,股票型ETF,规模指数ETF,931643.CSI,755589791.7034,17116289,16180357.01,0.949,0.9453192225254,-0.126289202
2026-02-26,159782.SZ,双创50,20210707,中证科创创业50指数,中证科创创业50指数收益率,银华基金管理股份有限公司,招商银行股份有限公司,股票型ETF,规模指数ETF,931643.CSI,753877847.0263,23851437,22698678.56,0.957,0.95166922479346,-0.198143706
2026-02-27,159782.SZ,双创50,20210707,中证科创创业50指数,中证科创创业50指数收益率,银华基金管理股份有限公司,招商银行股份有限公司,股票型ETF,规模指数ETF,931643.CSI,750262016.9145,21190406,19945846.94,0.946,0.94126780487358,0.264970853
2026-03-02,159782.SZ,双创50,20210707,中证科创创业50指数,中证科创创业50指数收益率,银华基金管理股份有限公司,招商银行股份有限公司,股票型ETF,规模指数ETF,931643.CSI,736577631.0747,40056415,37694494.96,0.945,0.94103516153405,0.095328885
2026-03-03,159782.SZ,双创50,20210707,中证科创创业50指数,中证科创创业50指数收益率,银华基金管理股份有限公司,招商银行股份有限公司,股票型ETF,规模指数ETF,931643.CSI,711051375.2783,35212310,32868027.29,0.916,0.93342434194178,0.120231719
2026-03-04,159782.SZ,双创50,20210707,中证科创创业50指数,中证科创创业50指数收益率,银华基金管理股份有限公司,招商银行股份有限公司,股票型ETF,规模指数ETF,931643.CSI,705889387.6471,22967808,20806937.22,0.903,0.90591741362519,0.188616443
2026-03-05,159782.SZ,双创50,20210707,中证科创创业50指数,中证科创创业50指数收益率,银华基金管理股份有限公司,招商银行股份有限公司,股票型ETF,规模指数ETF,931643.CSI,721474873.9604,23945003,22133676.28,0.921,0.92435470899711,-0.021710812
2026-03-06,159782.SZ,双创50,20210707,中证科创创业50指数,中证科创创业50指数收益率,银华基金管理股份有限公司,招商银行股份有限公司,股票型ETF,规模指数ETF,931643.CSI,718711273.9604,14183501,13025699.33,0.921,0.91836982491135,-0.021710812
2026-03-09,159782.SZ,双创50,20210707,中证科创创业50指数,中证科创创业50指数收益率,银华基金管理股份有限公司,招商银行股份有限公司,股票型ETF,规模指数ETF,931643.CSI,723479658.0088,36039512,32062323.54,0.906,0.88964366498636,-0.044130627
2026-03-10,159782.SZ,双创50,20210707,中证科创创业50指数,中证科创创业50指数收益率,银华基金管理股份有限公司,招商银行股份有限公司,股票型ETF,规模指数ETF,931643.CSI,732361218.6717,27093610,25199766.09,0.934,0.93009997892492,-0.117634478
2026-03-11,159782.SZ,双创50,20210707,中证科创创业50指数,中证科创创业50指数收益率,银华基金管理股份有限公司,招商银行股份有限公司,股票型ETF,规模指数ETF,931643.CSI,720792927.5261,26491715,24954029.48,0.936,0.94195598435209,-0.245124161
2026-03-12,159782.SZ,双创50,20210707,中证科创创业50指数,中证科创创业50指数收益率,银华基金管理股份有限公司,招商银行股份有限公司,股票型ETF,规模指数ETF,931643.CSI,709025301.4022,20063119,18621889.5,0.925,0.92816523193627,-0.172674293
2026-03-13,159782.SZ,双创50,20210707,中证科创创业50指数,中证科创创业50指数收益率,银华基金管理股份有限公司,招商银行股份有限公司,股票型ETF,规模指数ETF,931643.CSI,705483311.1352,13237501,12273350.02,0.925,0.92716518170612,-0.064822818
2026-03-16,159782.SZ,双创50,20210707,中证科创创业50指数,中证科创创业50指数收益率,银华基金管理股份有限公司,招商银行股份有限公司,股票型ETF,规模指数ETF,931643.CSI,709382089.4727,18059814,16733022.88,0.936,0.92653351136396,-0.223856732
2026-03-17,159782.SZ,双创50,20210707,中证科创创业50指数,中证科创创业50指数收益率,银华基金管理股份有限公司,招商银行股份有限公司,股票型ETF,规模指数ETF,931643.CSI,697623966.4239,20794514,19195152.49,0.912,0.92308733399588,0.032905561
2026-03-18,159782.SZ,双创50,20210707,中证科创创业50指数,中证科创创业50指数收益率,银华基金管理股份有限公司,招商银行股份有限公司,股票型ETF,规模指数ETF,931643.CSI,709463304.5115,21478403,19836858.33,0.931,0.92357231261561,-0.374531835
2026-03-19,159782.SZ,双创50,20210707,中证科创创业50指数,中证科创创业50指数收益率,银华基金管理股份有限公司,招商银行股份有限公司,股票型ETF,规模指数ETF,931643.CSI,695646530.6012,22400102,20784015.16,0.928,0.92785359459524,0.476396709
2026-03-20,159782.SZ,双创50,20210707,中证科创创业50指数,中证科创创业50指数收益率,银华基金管理股份有限公司,招商银行股份有限公司,股票型ETF,规模指数ETF,931643.CSI,683761713.3659,46457850,43993031.29,0.937,0.94694505428039,-0.074650741
2026-03-23,159782.SZ,双创50,20210707,中证科创创业50指数,中证科创创业50指数收益率,银华基金管理股份有限公司,招商银行股份有限公司,股票型ETF,规模指数ETF,931643.CSI,667693096.5015,32829209,29999514.8,0.906,0.91380559306196,0.165837479
2026-03-24,159782.SZ,双创50,20210707,中证科创创业50指数,中证科创创业50指数收益率,银华基金管理股份有限公司,招商银行股份有限公司,股票型ETF,规模指数ETF,931643.CSI,686274056.2516,28014408,25225078.85,0.914,0.90043233646058,-0.087450809
2026-03-25,159782.SZ,双创50,20210707,中证科创创业50指数,中证科创创业50指数收益率,银华基金管理股份有限公司,招商银行股份有限公司,股票型ETF,规模指数ETF,931643.CSI,691901114.2445,29832827,27755782.65,0.932,0.93037722003349,-0.160685592
2026-03-26,159782.SZ,双创50,20210707,中证科创创业50指数,中证科创创业50指数收益率,银华基金管理股份有限公司,招商银行股份有限公司,股票型ETF,规模指数ETF,931643.CSI,676375045.64,19762782,18363295.36,0.92,0.92918574722931,0
2026-03-27,159782.SZ,双创50,20210707,中证科创创业50指数,中证科创创业50指数收益率,银华基金管理股份有限公司,招商银行股份有限公司,股票型ETF,规模指数ETF,931643.CSI,676448564.6667,12299101,11268171.71,0.919,0.91617848410221,-0.119552223
2026-03-30,159782.SZ,双创50,20210707,中证科创创业50指数,中证科创创业50指数收益率,银华基金管理股份有限公司,招商银行股份有限公司,股票型ETF,规模指数ETF,931643.CSI,675520809.3438,17857500,16194230.3,0.912,0.90685875962481,0.065832785
2026-03-31,159782.SZ,双创50,20210707,中证科创创业50指数,中证科创创业50指数收益率,银华基金管理股份有限公司,招商银行股份有限公司,股票型ETF,规模指数ETF,931643.CSI,665669557.9746,39117800,34913409.7,0.886,0.89251976593776,0.248925096
2026-04-01,159782.SZ,双创50,20210707,中证科创创业50指数,中证科创创业50指数收益率,银华基金管理股份有限公司,招商银行股份有限公司,股票型ETF,规模指数ETF,931643.CSI,679270671.7297,22438400,20255338.4,0.908,0.9027086779806,-0.12099879
2026-04-02,159782.SZ,双创50,20210707,中证科创创业50指数,中证科创创业50指数收益率,银华基金管理股份有限公司,招商银行股份有限公司,股票型ETF,规模指数ETF,931643.CSI,669833338.5086,20460200,18213070.5,0.886,0.89017069725614,0.02257846
2026-04-03,159782.SZ,双创50,20210707,中证科创创业50指数,中证科创创业50指数收益率,银华基金管理股份有限公司,招商银行股份有限公司,股票型ETF,规模指数ETF,931643.CSI,667326576.562,14195708,12650877.61,0.886,0.89117623509866,0
2026-04-07,159782.SZ,双创50,20210707,中证科创创业50指数,中证科创创业50指数收益率,银华基金管理股份有限公司,招商银行股份有限公司,股票型ETF,规模指数ETF,931643.CSI,670820136.7514,14700914,13122897.99,0.896,0.89265864625832,0.201297249
2026-04-08,159782.SZ,双创50,20210707,中证科创创业50指数,中证科创创业50指数收益率,银华基金管理股份有限公司,招商银行股份有限公司,股票型ETF,规模指数ETF,931643.CSI,690098610.7301,55350173,51873739.93,0.95,0.9371920107639,-0.031568978
2026-04-09,159782.SZ,双创50,20210707,中证科创创业50指数,中证科创创业50指数收益率,银华基金管理股份有限公司,招商银行股份有限公司,股票型ETF,规模指数ETF,931643.CSI,675052640.3684,25390505,24010616.14,0.944,0.94565335112476,-0.126957258
2026-04-10,159782.SZ,双创50,20210707,中证科创创业50指数,中证科创创业50指数收益率,银华基金管理股份有限公司,招商银行股份有限公司,股票型ETF,规模指数ETF,931643.CSI,664626461.66,58936137,57436471.71,0.978,0.97455440131748,-0.204081633
2026-04-13,159782.SZ,双创50,20210707,中证科创创业50指数,中证科创创业50指数收益率,银华基金管理股份有限公司,招商银行股份有限公司,股票型ETF,规模指数ETF,931643.CSI,652267983.796,28473448,28075964.16,0.987,0.9860401929545,-0.101214575
2026-04-14,159782.SZ,双创50,20210707,中证科创创业50指数,中证科创创业50指数收益率,银华基金管理股份有限公司,招商银行股份有限公司,股票型ETF,规模指数ETF,931643.CSI,642361312.5899,48250243,48477997.19,1.01,1.0047202703207,0.029711796
2026-04-15,159782.SZ,双创50,20210707,中证科创创业50指数,中证科创创业50指数收益率,银华基金管理股份有限公司,招商银行股份有限公司,股票型ETF,规模指数ETF,931643.CSI,621003909.9199,34167225,34424310.33,1,1.0075243257244,0.030009003
2026-04-16,159782.SZ,双创50,20210707,中证科创创业50指数,中证科创创业50指数收益率,银华基金管理股份有限公司,招商银行股份有限公司,股票型ETF,规模指数ETF,931643.CSI,624846456.8619,41497743,42212208.55,1.025,1.0172169737038,-0.068246076
2026-04-17,159782.SZ,双创50,20210707,中证科创创业50指数,中证科创创业50指数收益率,银华基金管理股份有限公司,招商银行股份有限公司,股票型ETF,规模指数ETF,931643.CSI,612460133.4422,35040865,36487759.58,1.045,1.0412916342105,-0.152875979
2026-04-20,159782.SZ,双创50,20210707,中证科创创业50指数,中证科创创业50指数收益率,银华基金管理股份有限公司,招商银行股份有限公司,股票型ETF,规模指数ETF,931643.CSI,610466541.418,22446965,23606037.4,1.055,1.0516360407743,0.09487666
2026-04-21,159782.SZ,双创50,20210707,中证科创创业50指数,中证科创创业50指数收益率,银华基金管理股份有限公司,招商银行股份有限公司,股票型ETF,规模指数ETF,931643.CSI,604999780.35,21170161,22074093.96,1.05,1.0426984452315,0
2026-04-22,159782.SZ,双创50,20210707,中证科创创业50指数,中证科创创业50指数收益率,银华基金管理股份有限公司,招商银行股份有限公司,股票型ETF,规模指数ETF,931643.CSI,609956413.1318,25534444,27137223.11,1.075,1.0627692974243,-0.037195462
2026-04-23,159782.SZ,双创50,20210707,中证科创创业50指数,中证科创创业50指数收益率,银华基金管理股份有限公司,招商银行股份有限公司,股票型ETF,规模指数ETF,931643.CSI,591277634.355,31052546,33214837.68,1.066,1.069633313803,0.093896714
2026-04-24,159782.SZ,双创50,20210707,中证科创创业50指数,中证科创创业50指数收益率,银华基金管理股份有限公司,招商银行股份有限公司,股票型ETF,规模指数ETF,931643.CSI,585337098.4981,24807148,26129467.37,1.055,1.0533039658569,0.066394764
2026-04-27,159782.SZ,双创50,20210707,中证科创创业50指数,中证科创创业50指数收益率,银华基金管理股份有限公司,招商银行股份有限公司,股票型ETF,规模指数ETF,931643.CSI,583349901.6074,21551725,22930284.83,1.063,1.0639651735534,0.075315383
2026-04-28,159782.SZ,双创50,20210707,中证科创创业50指数,中证科创创业50指数收益率,银华基金管理股份有限公司,招商银行股份有限公司,股票型ETF,规模指数ETF,931643.CSI,570714209.9883,16908025,17736306.87,1.046,1.0489874997228,0.105273232
2026-04-29,159782.SZ,双创50,20210707,中证科创创业50指数,中证科创创业50指数收益率,银华基金管理股份有限公司,招商银行股份有限公司,股票型ETF,规模指数ETF,931643.CSI,584008929.9278,20175424,21233216.9,1.062,1.0524297729753,-0.131653188
2026-04-30,159782.SZ,双创50,20210707,中证科创创业50指数,中证科创创业50指数收益率,银华基金管理股份有限公司,招商银行股份有限公司,股票型ETF,规模指数ETF,931643.CSI,583925820.229,27280888,29483334.48,1.087,1.0807322137021,0
2026-05-06,159782.SZ,双创50,20210707,中证科创创业50指数,中证科创创业50指数收益率,银华基金管理股份有限公司,招商银行股份有限公司,股票型ETF,规模指数ETF,931643.CSI,615447192.8556,41827143,47607209.58,1.128,1.1381893709546,0.106496273
2026-05-07,159782.SZ,双创50,20210707,中证科创创业50指数,中证科创创业50指数收益率,银华基金管理股份有限公司,招商银行股份有限公司,股票型ETF,规模指数ETF,931643.CSI,613570940.6762,28349853,32276039.9,1.149,1.1384905558417,0.034825004
2026-05-08,159782.SZ,双创50,20210707,中证科创创业50指数,中证科创创业50指数收益率,银华基金管理股份有限公司,招商银行股份有限公司,股票型ETF,规模指数ETF,931643.CSI,611765477.3775,20674743,23441817.91,1.132,1.1338384186928,-0.04415011
2026-05-11,159782.SZ,双创50,20210707,中证科创创业50指数,中证科创创业50指数收益率,银华基金管理股份有限公司,招商银行股份有限公司,股票型ETF,规模指数ETF,931643.CSI,634797738.5139,39235701,45881282.55,1.184,1.1693758842234,0.194634848
2026-05-12,159782.SZ,双创50,20210707,中证科创创业50指数,中证科创创业50指数收益率,银华基金管理股份有限公司,招商银行股份有限公司,股票型ETF,规模指数ETF,931643.CSI,635994106.6791,31696901,37762437.82,1.196,1.1913605629774,-0.108577633
2026-05-13,159782.SZ,双创50,20210707,中证科创创业50指数,中证科创创业50指数收益率,银华基金管理股份有限公司,招商银行股份有限公司,股票型ETF,规模指数ETF,931643.CSI,656869884.1722,34177470,41352954.33,1.239,1.2099477910448,0.194080543
2026-05-14,159782.SZ,双创50,20210707,中证科创创业50指数,中证科创创业50指数收益率,银华基金管理股份有限公司,招商银行股份有限公司,股票型ETF,规模指数ETF,931643.CSI,648667241.2181,42304434,51970486.93,1.217,1.2284879388766,0.222350325
2026-05-15,159782.SZ,双创50,20210707,中证科创创业50指数,中证科创创业50指数收益率,银华基金管理股份有限公司,招商银行股份有限公司,股票型ETF,规模指数ETF,931643.CSI,642897986.3345,39378434,47480745.77,1.203,1.20575505288,-0.041545492
2026-05-18,159782.SZ,双创50,20210707,中证科创创业50指数,中证科创创业50指数收益率,银华基金管理股份有限公司,招商银行股份有限公司,股票型ETF,规模指数ETF,931643.CSI,637853272.6136,28193412,33977297.31,1.201,1.205150242546,0.016655563
2026-05-19,159782.SZ,双创50,20210707,中证科创创业50指数,中证科创创业50指数收益率,银华基金管理股份有限公司,招商银行股份有限公司,股票型ETF,规模指数ETF,931643.CSI,644333793.871,29862724,35523917.7,1.213,1.1895739216556,0
2026-05-20,159782.SZ,双创50,20210707,中证科创创业50指数,中证科创创业50指数收益率,银华基金管理股份有限公司,招商银行股份有限公司,股票型ETF,规模指数ETF,931643.CSI,644957198.7717,34670480,42588317.29,1.237,1.2283740314527,0.153833698
2026-05-21,159782.SZ,双创50,20210707,中证科创创业50指数,中证科创创业50指数收益率,银华基金管理股份有限公司,招商银行股份有限公司,股票型ETF,规模指数ETF,931643.CSI,623028320.4,66225135,82229249.19,1.204,1.2416622357961,0.333333333
2026-05-22,159782.SZ,双创50,20210707,中证科创创业50指数,中证科创创业50指数收益率,银华基金管理股份有限公司,招商银行股份有限公司,股票型ETF,规模指数ETF,931643.CSI,635380869.5727,29106823,35606250.99,1.238,1.223295685345,-0.008076892
2026-05-25,159782.SZ,双创50,20210707,中证科创创业50指数,中证科创创业50指数收益率,银华基金管理股份有限公司,招商银行股份有限公司,股票型ETF,规模指数ETF,931643.CSI,657166428.9519,37232479,47206639.93,1.296,1.2678887143131,0.023153508
2026-05-26,159782.SZ,双创50,20210707,中证科创创业50指数,中证科创创业50指数收益率,银华基金管理股份有限公司,招商银行股份有限公司,股票型ETF,规模指数ETF,931643.CSI,660868917.901,31354229,40528926.5,1.305,1.2926143551481,0.153491942
2026-05-27,159782.SZ,双创50,20210707,中证科创创业50指数,中证科创创业50指数收益率,银华基金管理股份有限公司,招商银行股份有限公司,股票型ETF,规模指数ETF,931643.CSI,660237224.5247,41196232,53874854.14,1.293,1.3077616938365,-0.085001159
2026-05-28,159782.SZ,双创50,20210707,中证科创创业50指数,中证科创创业50指数收益率,银华基金管理股份有限公司,招商银行股份有限公司,股票型ETF,规模指数ETF,931643.CSI,674208021.9231,31327009,40929558.31,1.33,1.3065262090613,0.052659294
2026-05-29,159782.SZ,双创50,20210707,中证科创创业50指数,中证科创创业50指数收益率,银华基金管理股份有限公司,招商银行股份有限公司,股票型ETF,规模指数ETF,931643.CSI,661091701.9494,34865339,45519910.17,1.288,1.3055920715413,-0.01552554
2026-06-01,159782.SZ,双创50,20210707,中证科创创业50指数,中证科创创业50指数收益率,银华基金管理股份有限公司,招商银行股份有限公司,股票型ETF,规模指数ETF,931643.CSI,632074721.7863,33752728,42543965.7,1.239,1.2604600641465,0.008071676
2026-06-02,159782.SZ,双创50,20210707,中证科创创业50指数,中证科创创业50指数收益率,银华基金管理股份有限公司,招商银行股份有限公司,股票型ETF,规模指数ETF,931643.CSI,642576041.3207,36956834,46954629.66,1.283,1.2705263026589,0.070197333
2026-06-03,159782.SZ,双创50,20210707,中证科创创业50指数,中证科创创业50指数收益率,银华基金管理股份有限公司,招商银行股份有限公司,股票型ETF,规模指数ETF,931643.CSI,649248181.1997,48012277,63646643.52,1.323,1.3256326818243,0.295656129
2026-06-04,159782.SZ,双创50,20210707,中证科创创业50指数,中证科创创业50指数收益率,银华基金管理股份有限公司,招商银行股份有限公司,股票型ETF,规模指数ETF,931643.CSI,647377858.1851,25495113,33464648.76,1.316,1.31259072121,0.053219798
2026-06-05,159782.SZ,双创50,20210707,中证科创创业50指数,中证科创创业50指数收益率,银华基金管理股份有限公司,招商银行股份有限公司,股票型ETF,规模指数ETF,931643.CSI,637386008.5389,43034810,55126868.92,1.259,1.2809832068505,0.183019018
2026-06-08,159782.SZ,双创50,20210707,中证科创创业50指数,中证科创创业50指数收益率,银华基金管理股份有限公司,招商银行股份有限公司,股票型ETF,规模指数ETF,931643.CSI,608204719.0821,29969973,36408268.94,1.206,1.214824882892,-0.024869435
2026-06-09,159782.SZ,双创50,20210707,中证科创创业50指数,中证科创创业50指数收益率,银华基金管理股份有限公司,招商银行股份有限公司,股票型ETF,规模指数ETF,931643.CSI,635733507.6603,35363047,43868491.88,1.259,1.2405178739264,-0.150686018
2026-06-10,159782.SZ,双创50,20210707,中证科创创业50指数,中证科创创业50指数收益率,银华基金管理股份有限公司,招商银行股份有限公司,股票型ETF,规模指数ETF,931643.CSI,614069323.1042,25907200,32160217.8,1.235,1.2413621618701,0.194710368
2026-06-11,159782.SZ,双创50,20210707,中证科创创业50指数,中证科创创业50指数收益率,银华基金管理股份有限公司,招商银行股份有限公司,股票型ETF,规模指数ETF,931643.CSI,613757600.9682,23100707,28300564.88,1.226,1.2250951834504,0.114323044
2026-06-12,159782.SZ,双创50,20210707,中证科创创业50指数,中证科创创业50指数收益率,银华基金管理股份有限公司,招商银行股份有限公司,股票型ETF,规模指数ETF,931643.CSI,618975001.8468,31320300,38972224.9,1.221,1.2443119925416,0.049164208
2026-06-15,159782.SZ,双创50,20210707,中证科创创业50指数,中证科创创业50指数收益率,银华基金管理股份有限公司,招商银行股份有限公司,股票型ETF,规模指数ETF,931643.CSI,633251997.5222,38761810,48943900.7,1.286,1.262683571794,-0.046634541
2026-06-16,159782.SZ,双创50,20210707,中证科创创业50指数,中证科创创业50指数收益率,银华基金管理股份有限公司,招商银行股份有限公司,股票型ETF,规模指数ETF,931643.CSI,656052375.4204,34334305,44565237.6,1.3,1.297979895035,-0.092222564
2026-06-17,159782.SZ,双创50,20210707,中证科创创业50指数,中证科创创业50指数收益率,银华基金管理股份有限公司,招商银行股份有限公司,股票型ETF,规模指数ETF,931643.CSI,662416020.1659,29961715,39345007.56,1.336,1.3131760835453,-0.127083801
2026-06-18,159782.SZ,双创50,20210707,中证科创创业50指数,中证科创创业50指数收益率,银华基金管理股份有限公司,招商银行股份有限公司,股票型ETF,规模指数ETF,931643.CSI,671963568.0207,33323437,45663622.85,1.387,1.3703155184743,0.354532957
2026-06-22,159782.SZ,双创50,20210707,中证科创创业50指数,中证科创创业50指数收益率,银华基金管理股份有限公司,招商银行股份有限公司,股票型ETF,规模指数ETF,931643.CSI,699110401.6811,38507221,53628491.62,1.405,1.3926866241529,0.12114302
2026-06-23,159782.SZ,双创50,20210707,中证科创创业50指数,中证科创创业50指数收益率,银华基金管理股份有限公司,招商银行股份有限公司,股票型ETF,规模指数ETF,931643.CSI,681917336.1175,41874508,57279192.76,1.355,1.3678773911803,0.184842884
2026-06-24,159782.SZ,双创50,20210707,中证科创创业50指数,中证科创创业50指数收益率,银华基金管理股份有限公司,招商银行股份有限公司,股票型ETF,规模指数ETF,931643.CSI,685640443.6882,31859315,43575609.87,1.383,1.3677509974712,-0.11555684
2026-06-25,159782.SZ,双创50,20210707,中证科创创业50指数,中证科创创业50指数收益率,银华基金管理股份有限公司,招商银行股份有限公司,股票型ETF,规模指数ETF,931643.CSI,708950860.5868,34262866,48614575.1,1.442,1.4188706543113,0.111080255
2026-06-26,159782.SZ,双创50,20210707,中证科创创业50指数,中证科创创业50指数收益率,银华基金管理股份有限公司,招商银行股份有限公司,股票型ETF,规模指数ETF,931643.CSI,687769761.8363,40022317,55915692.91,1.39,1.3971128385695,0.079199366
2026-06-29,159782.SZ,双创50,20210707,中证科创创业50指数,中证科创创业50指数收益率,银华基金管理股份有限公司,招商银行股份有限公司,股票型ETF,规模指数ETF,931643.CSI,706981807.8997,29366431,41113699.55,1.424,1.4000237056386,0.345289268
2026-06-30,159782.SZ,双创50,20210707,中证科创创业50指数,中证科创创业50指数收益率,银华基金管理股份有限公司,招商银行股份有限公司,股票型ETF,规模指数ETF,931643.CSI,735997907.0895,32550741,47271896.06,1.471,1.4522525327457,0.170241743
2026-07-01,159782.SZ,双创50,20210707,中证科创创业50指数,中证科创创业50指数收益率,银华基金管理股份有限公司,招商银行股份有限公司,股票型ETF,规模指数ETF,931643.CSI,721376716.7541,38649802,55784271.73,1.426,1.4433261968587,0.260142023
2026-07-02,159782.SZ,双创50,20210707,中证科创创业50指数,中证科创创业50指数收益率,银华基金管理股份有限公司,招商银行股份有限公司,股票型ETF,规模指数ETF,931643.CSI,693776342.707,52916423,71496382.65,1.324,1.3511189645226,0.227100681
2026-07-03,159782.SZ,双创50,20210707,中证科创创业50指数,中证科创创业50指数收益率,银华基金管理股份有限公司,招商银行股份有限公司,股票型ETF,规模指数ETF,931643.CSI,708983714.3866,37569621,50136952.16,1.32,1.3345077971375,0.015153811
2026-07-06,159782.SZ,双创50,20210707,中证科创创业50指数,中证科创创业50指数收益率,银华基金管理股份有限公司,招商银行股份有限公司,股票型ETF,规模指数ETF,931643.CSI,695204029.4254,29566947,38843042.88,1.314,1.3137319480432,-0.16714785
2026-07-07,159782.SZ,双创50,20210707,中证科创创业50指数,中证科创创业50指数收益率,银华基金管理股份有限公司,招商银行股份有限公司,股票型ETF,规模指数ETF,931643.CSI,688051768.7967,23657543,31083446.23,1.31,1.3138915664234,-0.007633005
2026-07-08,159782.SZ,双创50,20210707,中证科创创业50指数,中证科创创业50指数收益率,银华基金管理股份有限公司,招商银行股份有限公司,股票型ETF,规模指数ETF,931643.CSI,676915243.1121,22719424,29742936.55,1.299,1.3091413122974,0.208285119
2026-07-09,159782.SZ,双创50,20210707,中证科创创业50指数,中证科创创业50指数收益率,银华基金管理股份有限公司,招商银行股份有限公司,股票型ETF,规模指数ETF,931643.CSI,733308163.5935,47200711,63377297.24,1.386,1.3427191221759,0.398406375
2026-07-10,159782.SZ,双创50,20210707,中证科创创业50指数,中证科创创业50指数收益率,银华基金管理股份有限公司,招商银行股份有限公司,股票型ETF,规模指数ETF,931643.CSI,732016584.2748,54425018,73979993.55,1.318,1.3593012233822,1.042624962
2026-07-13,159782.SZ,双创50,20210707,中证科创创业50指数,中证科创创业50指数收益率,银华基金管理股份有限公司,招商银行股份有限公司,股票型ETF,规模指数ETF,931643.CSI,707115430.2356,39987190,51470156.87,1.267,1.2871661367053,0.015787812
2026-07-14,159782.SZ,双创50,20210707,中证科创创业50指数,中证科创创业50指数收益率,银华基金管理股份有限公司,招商银行股份有限公司,股票型ETF,规模指数ETF,931643.CSI,726428813.4738,44346203,56598241.96,1.303,1.27628157838,0.122944521
2026-07-15,159782.SZ,双创50,20210707,中证科创创业50指数,中证科创创业50指数收益率,银华基金管理股份有限公司,招商银行股份有限公司,股票型ETF,规模指数ETF,931643.CSI,698817989.0729,29478302,37623255.64,1.262,1.2763033515295,0.26217526
2026-07-16,159782.SZ,双创50,20210707,中证科创创业50指数,中证科创创业50指数收益率,银华基金管理股份有限公司,招商银行股份有限公司,股票型ETF,规模指数ETF,931643.CSI,694018775.2836,34771006,42563639.33,1.212,1.2241129672808,0.099108028
2026-07-17,159782.SZ,双创50,20210707,中证科创创业50指数,中证科创创业50指数收益率,银华基金管理股份有限公司,招商银行股份有限公司,股票型ETF,规模指数ETF,931643.CSI,659890660.5473,57060608,65538279.01,1.136,1.1485730928419,1.256796506
2026-07-20,159782.SZ,双创50,20210707,中证科创创业50指数,中证科创创业50指数收益率,银华基金管理股份有限公司,招商银行股份有限公司,股票型ETF,规模指数ETF,931643.CSI,666654848.6178,53246668,60347883.09,1.126,1.1333644969109,-0.65290277
2026-07-21,159782.SZ,双创50,20210707,中证科创创业50指数,中证科创创业50指数收益率,银华基金管理股份有限公司,招商银行股份有限公司,股票型ETF,规模指数ETF,931643.CSI,708004617.7984,78308121,92184848.34,1.239,1.1772067464114,0.307642487
2026-07-22,159782.SZ,双创50,20210707,中证科创创业50指数,中证科创创业50指数收益率,银华基金管理股份有限公司,招商银行股份有限公司,股票型ETF,规模指数ETF,931643.CSI,696474216.4121,57060601,69618090.84,1.196,1.2200728632354,-0.025077322
2026-07-23,159782.SZ,双创50,20210707,中证科创创业50指数,中证科创创业50指数收益率,银华基金管理股份有限公司,招商银行股份有限公司,股票型ETF,规模指数ETF,931643.CSI,686984515.06,27648400,32812040.4,1.18,1.1867609120238,0
2026-07-24,159782.SZ,双创50,20210707,中证科创创业50指数,中证科创创业50指数收益率,银华基金管理股份有限公司,招商银行股份有限公司,股票型ETF,规模指数ETF,931643.CSI,663359356.6278,40740947,47690095.5,1.163,1.1705691450913,-0.034381984
2026-07-27,159782.SZ,双创50,20210707,中证科创创业50指数,中证科创创业50指数收益率,银华基金管理股份有限公司,招商银行股份有限公司,股票型ETF,规模指数ETF,931643.CSI,673254846.929,27383700,31957623.2,1.187,1.1670308687285,0
2026-07-28,159782.SZ,双创50,20210707,中证科创创业50指数,中证科创创业50指数收益率,银华基金管理股份有限公司,招商银行股份有限公司,股票型ETF,规模指数ETF,931643.CSI,659528237.9378,54301131,60778551.92,1.094,1.119287035108,0.054874703
2026-07-29,159782.SZ,双创50,20210707,中证科创创业50指数,中证科创创业50指数收益率,银华基金管理股份有限公司,招商银行股份有限公司,股票型ETF,规模指数ETF,931643.CSI,663657104.3116,46795212,50539058.52,1.098,1.0800049056301,0.292290829
2026-07-30,159782.SZ,双创50,20210707,中证科创创业50指数,中证科创创业50指数收益率,银华基金管理股份有限公司,招商银行股份有限公司,股票型ETF,规模指数ETF,931643.CSI,656658258.214,58699603,61674098.7,1.04,1.0506731825767,-0.19193858
2026-07-31,159782.SZ,双创50,20210707,中证科创创业50指数,中证科创创业50指数收益率,银华基金管理股份有限公司,招商银行股份有限公司,股票型ETF,规模指数ETF,931643.CSI,649593490.1172,72509838,80113867.93,1.072,1.1048689410946,0.037327361
2026-08-03,159782.SZ,双创50,20210707,中证科创创业50指数,中证科创创业50指数收益率,银华基金管理股份有限公司,招商银行股份有限公司,股票型ETF,规模指数ETF,931643.CSI,628162344.0538,32048700,33613117.6,1.04,1.0488137615566,-0.134434415
2026-08-04,159782.SZ,双创50,20210707,中证科创创业50指数,中证科创创业50指数收益率,银华基金管理股份有限公司,招商银行股份有限公司,股票型ETF,规模指数ETF,931643.CSI,645656456.0859,41215912,44609909.33,1.098,1.082346772528,0.027329872
2026-08-05,159782.SZ,双创50,20210707,中证科创创业50指数,中证科创创业50指数收益率,银华基金管理股份有限公司,招商银行股份有限公司,股票型ETF,规模指数ETF,931643.CSI,656244868.9624,42646500,47457685.7,1.125,1.1128154877892,-0.195173882
2026-08-06,159782.SZ,双创50,20210707,中证科创创业50指数,中证科创创业50指数收益率,银华基金管理股份有限公司,招商银行股份有限公司,股票型ETF,规模指数ETF,931643.CSI,651125698.1614,31204500,34941755.6,1.123,1.1197665593104,-0.106742572
2026-08-07,159782.SZ,双创50,20210707,中证科创创业50指数,中证科创创业50指数收益率,银华基金管理股份有限公司,招商银行股份有限公司,股票型ETF,规模指数ETF,931643.CSI,656474812.7951,34280301,39109444.55,1.144,1.1408722621776,-0.113507378
2026-08-10,159782.SZ,双创50,20210707,中证科创创业50指数,中证科创创业50指数收益率,银华基金管理股份有限公司,招商银行股份有限公司,股票型ETF,规模指数ETF,931643.CSI,648507468.0838,27676900,31122028.2,1.132,1.1244766646554,0.053031642
2026-08-11,159782.SZ,双创50,20210707,中证科创创业50指数,中证科创创业50指数收益率,银华基金管理股份有限公司,招商银行股份有限公司,股票型ETF,规模指数ETF,931643.CSI,643345678.2561,22681300,25781433.9,1.13,1.1366823727035,0.150669148
2026-08-12,159782.SZ,双创50,20210707,中证科创创业50指数,中证科创创业50指数收益率,银华基金管理股份有限公司,招商银行股份有限公司,股票型ETF,规模指数ETF,931643.CSI,653723141.1155,21959100,25101411.3,1.147,1.1430983646871,0.04361099
2026-08-13,159782.SZ,双创50,20210707,中证科创创业50指数,中证科创创业50指数收益率,银华基金管理股份有限公司,招商银行股份有限公司,股票型ETF,规模指数ETF,931643.CSI,650359018.5402,26709200,31065653.6,1.14,1.163106854567,-0.052603893
2026-08-14,159782.SZ,双创50,20210707,中证科创创业50指数,中证科创创业50指数收益率,银华基金管理股份有限公司,招商银行股份有限公司,股票型ETF,规模指数ETF,931643.CSI,625646549.5306,46377907,53329762.08,1.151,1.1498958346697,-0.069456503
2026-08-17,159782.SZ,双创50,20210707,中证科创创业50指数,中证科创创业50指数收益率,银华基金管理股份有限公司,招商银行股份有限公司,股票型ETF,规模指数ETF,931643.CSI,640223360.2106,26076204,30603404.25,1.19,1.173614236566,-0.151032052
2026-08-18,159782.SZ,双创50,20210707,中证科创创业50指数,中证科创创业50指数收益率,银华基金管理股份有限公司,招商银行股份有限公司,股票型ETF,规模指数ETF,931643.CSI,628663680.9945,28784201,33973401.58,1.183,1.1802794727566,-0.042247571
2026-08-19,159782.SZ,双创50,20210707,中证科创创业50指数,中证科创创业50指数收益率,银华基金管理股份有限公司,招商银行股份有限公司,股票型ETF,规模指数ETF,931643.CSI,606306054.768,45491803,51091964.24,1.107,1.123102644228,0.27173913
2026-08-20,159782.SZ,双创50,20210707,中证科创创业50指数,中证科创创业50指数收益率,银华基金管理股份有限公司,招商银行股份有限公司,股票型ETF,规模指数ETF,931643.CSI,612892913.166,23441300,25859375.8,1.096,1.1031545093489,-0.182149362
2026-08-21,159782.SZ,双创50,20210707,中证科创创业50指数,中证科创创业50指数收益率,银华基金管理股份有限公司,招商银行股份有限公司,股票型ETF,规模指数ETF,931643.CSI,620819214.9574,21881152,24314043.41,1.113,1.1111866235379,0.071929509
2026-08-24,159782.SZ,双创50,20210707,中证科创创业50指数,中证科创创业50指数收益率,银华基金管理股份有限公司,招商银行股份有限公司,股票型ETF,规模指数ETF,931643.CSI,614058733.0371,32632500,35071992.7,1.072,1.0747565371945,0.065341174
2026-08-25,159782.SZ,双创50,20210707,中证科创创业50指数,中证科创创业50指数收益率,银华基金管理股份有限公司,招商银行股份有限公司,股票型ETF,规模指数ETF,931643.CSI,614622157.8089,23488400,24979666.4,1.068,1.0634894841709,0.121871192
