日期,代码,名称,上市日期,对标指数,benchmark,管理人,托管人,类别大类,类别细类,对标指数代码,规模,成交量,成交额,收盘价,VWAP,溢价率
2021-01-04,511620.SH,国泰瞬利货币A,20170907,,同期七天通知存款利率(税后),国泰基金管理有限公司,中国建设银行股份有限公司,货币型ETF,,,36340000.0,3114,311384,100,99.994861913937,0
2021-01-05,511620.SH,国泰瞬利货币A,20170907,,同期七天通知存款利率(税后),国泰基金管理有限公司,中国建设银行股份有限公司,货币型ETF,,,36340000.0,5260,525961,99.997,99.992585551331,-0.003
2021-01-06,511620.SH,国泰瞬利货币A,20170907,,同期七天通知存款利率(税后),国泰基金管理有限公司,中国建设银行股份有限公司,货币型ETF,,,36340000.0,5984,598381,100,99.99682486631,0
2021-01-07,511620.SH,国泰瞬利货币A,20170907,,同期七天通知存款利率(税后),国泰基金管理有限公司,中国建设银行股份有限公司,货币型ETF,,,36340000.0,1055,105499,99.997,99.999052132701,-0.003
2021-01-08,511620.SH,国泰瞬利货币A,20170907,,同期七天通知存款利率(税后),国泰基金管理有限公司,中国建设银行股份有限公司,货币型ETF,,,36340000.0,3279,327918,100.01,100.0054894785,0.01
2021-01-11,511620.SH,国泰瞬利货币A,20170907,,同期七天通知存款利率(税后),国泰基金管理有限公司,中国建设银行股份有限公司,货币型ETF,,,36350000.0,6860,685919,99.999,99.988192419825,-0.001
2021-01-12,511620.SH,国泰瞬利货币A,20170907,,同期七天通知存款利率(税后),国泰基金管理有限公司,中国建设银行股份有限公司,货币型ETF,,,36350000.0,1983,198295,99.998,99.997478567827,-0.002
2021-01-13,511620.SH,国泰瞬利货币A,20170907,,同期七天通知存款利率(税后),国泰基金管理有限公司,中国建设银行股份有限公司,货币型ETF,,,36350000.0,2619,261891,99.996,99.996563573883,-0.004
2021-01-14,511620.SH,国泰瞬利货币A,20170907,,同期七天通知存款利率(税后),国泰基金管理有限公司,中国建设银行股份有限公司,货币型ETF,,,36210000.0,3230,322979,99.995,99.993498452012,-0.005
2021-01-15,511620.SH,国泰瞬利货币A,20170907,,同期七天通知存款利率(税后),国泰基金管理有限公司,中国建设银行股份有限公司,货币型ETF,,,36130000.0,5120,511993,100.003,99.9986328125,0.003
2021-01-18,511620.SH,国泰瞬利货币A,20170907,,同期七天通知存款利率(税后),国泰基金管理有限公司,中国建设银行股份有限公司,货币型ETF,,,36140000.0,1215,121493,99.999,99.994238683128,-0.001
2021-01-19,511620.SH,国泰瞬利货币A,20170907,,同期七天通知存款利率(税后),国泰基金管理有限公司,中国建设银行股份有限公司,货币型ETF,,,36140000.0,2763,276285,99.997,99.99457111835,-0.003
2021-01-20,511620.SH,国泰瞬利货币A,20170907,,同期七天通知存款利率(税后),国泰基金管理有限公司,中国建设银行股份有限公司,货币型ETF,,,36130000.0,1346,134592,99.996,99.994056463596,-0.004
2021-01-21,511620.SH,国泰瞬利货币A,20170907,,同期七天通知存款利率(税后),国泰基金管理有限公司,中国建设银行股份有限公司,货币型ETF,,,36130000.0,2305,230493,99.999,99.996963123644,-0.001
2021-01-22,511620.SH,国泰瞬利货币A,20170907,,同期七天通知存款利率(税后),国泰基金管理有限公司,中国建设银行股份有限公司,货币型ETF,,,36130000.0,5122,512205,100.002,100.00097618118,0.002
2021-01-25,511620.SH,国泰瞬利货币A,20170907,,同期七天通知存款利率(税后),国泰基金管理有限公司,中国建设银行股份有限公司,货币型ETF,,,36100000.0,4731,473060,100.002,99.99154512788,0.002
2021-01-26,511620.SH,国泰瞬利货币A,20170907,,同期七天通知存款利率(税后),国泰基金管理有限公司,中国建设银行股份有限公司,货币型ETF,,,36290000.0,2520,252010,99.994,100.00396825397,-0.006
2021-01-27,511620.SH,国泰瞬利货币A,20170907,,同期七天通知存款利率(税后),国泰基金管理有限公司,中国建设银行股份有限公司,货币型ETF,,,61040000.0,7029,702730,99.99,99.975814482857,-0.01
2021-01-28,511620.SH,国泰瞬利货币A,20170907,,同期七天通知存款利率(税后),国泰基金管理有限公司,中国建设银行股份有限公司,货币型ETF,,,60920000.0,611,61085,99.972,99.975450081833,-0.028
2021-01-29,511620.SH,国泰瞬利货币A,20170907,,同期七天通知存款利率(税后),国泰基金管理有限公司,中国建设银行股份有限公司,货币型ETF,,,60920000.0,4503,450359,100.043,100.01310237619,0.043
2021-02-01,511620.SH,国泰瞬利货币A,20170907,,同期七天通知存款利率(税后),国泰基金管理有限公司,中国建设银行股份有限公司,货币型ETF,,,60930000.0,2203,220281,99.985,99.991375397186,-0.015
2021-02-02,511620.SH,国泰瞬利货币A,20170907,,同期七天通知存款利率(税后),国泰基金管理有限公司,中国建设银行股份有限公司,货币型ETF,,,60940000.0,705,70494,99.994,99.991489361702,-0.006
2021-02-03,511620.SH,国泰瞬利货币A,20170907,,同期七天通知存款利率(税后),国泰基金管理有限公司,中国建设银行股份有限公司,货币型ETF,,,59940000.0,1926,192606,100,100.0031152648,0
2021-02-04,511620.SH,国泰瞬利货币A,20170907,,同期七天通知存款利率(税后),国泰基金管理有限公司,中国建设银行股份有限公司,货币型ETF,,,59950000.0,2202,220223,100,100.01044504995,0
2021-02-05,511620.SH,国泰瞬利货币A,20170907,,同期七天通知存款利率(税后),国泰基金管理有限公司,中国建设银行股份有限公司,货币型ETF,,,60140000.0,6680,669067,100.103,100.15973053892,0.103
2021-02-08,511620.SH,国泰瞬利货币A,20170907,,同期七天通知存款利率(税后),国泰基金管理有限公司,中国建设银行股份有限公司,货币型ETF,,,60170000.0,31801,3188713,100.103,100.27084053961,0.103
2021-02-09,511620.SH,国泰瞬利货币A,20170907,,同期七天通知存款利率(税后),国泰基金管理有限公司,中国建设银行股份有限公司,货币型ETF,,,60770000.0,64094,6409051,100,99.994554872531,0
2021-02-10,511620.SH,国泰瞬利货币A,20170907,,同期七天通知存款利率(税后),国泰基金管理有限公司,中国建设银行股份有限公司,货币型ETF,,,60890000.0,89342,8944043,100.347,100.11017214748,0.347
2021-02-18,511620.SH,国泰瞬利货币A,20170907,,同期七天通知存款利率(税后),国泰基金管理有限公司,中国建设银行股份有限公司,货币型ETF,,,62200000.0,28615,2861374,100,99.99559671501,0
2021-02-19,511620.SH,国泰瞬利货币A,20170907,,同期七天通知存款利率(税后),国泰基金管理有限公司,中国建设银行股份有限公司,货币型ETF,,,62150000.0,122805,12280479,100,99.999828997191,0
2021-02-22,511620.SH,国泰瞬利货币A,20170907,,同期七天通知存款利率(税后),国泰基金管理有限公司,中国建设银行股份有限公司,货币型ETF,,,61430000.0,67981,6797456,99.994,99.990526764831,-0.006
2021-02-23,511620.SH,国泰瞬利货币A,20170907,,同期七天通知存款利率(税后),国泰基金管理有限公司,中国建设银行股份有限公司,货币型ETF,,,58590000.0,21173,2117134,99.993,99.992159826194,-0.007
2021-02-24,511620.SH,国泰瞬利货币A,20170907,,同期七天通知存款利率(税后),国泰基金管理有限公司,中国建设银行股份有限公司,货币型ETF,,,57830000.0,26601,2659873,99.992,99.991466486222,-0.008
2021-02-25,511620.SH,国泰瞬利货币A,20170907,,同期七天通知存款利率(税后),国泰基金管理有限公司,中国建设银行股份有限公司,货币型ETF,,,57310000.0,34626,3462176,99.99,99.987754866285,-0.01
2021-02-26,511620.SH,国泰瞬利货币A,20170907,,同期七天通知存款利率(税后),国泰基金管理有限公司,中国建设银行股份有限公司,货币型ETF,,,55420000.0,107646,10764227,99.996,99.996534938595,-0.004
2021-03-01,511620.SH,国泰瞬利货币A,20170907,,同期七天通知存款利率(税后),国泰基金管理有限公司,中国建设银行股份有限公司,货币型ETF,,,47280000.0,28173,2817099,99.995,99.99286550953,-0.005
2021-03-02,511620.SH,国泰瞬利货币A,20170907,,同期七天通知存款利率(税后),国泰基金管理有限公司,中国建设银行股份有限公司,货币型ETF,,,46400000.0,14211,1420961,99.993,99.990218844557,-0.007
2021-03-03,511620.SH,国泰瞬利货币A,20170907,,同期七天通知存款利率(税后),国泰基金管理有限公司,中国建设银行股份有限公司,货币型ETF,,,45630000.0,20512,2051031,99.992,99.991760920437,-0.008
2021-03-04,511620.SH,国泰瞬利货币A,20170907,,同期七天通知存款利率(税后),国泰基金管理有限公司,中国建设银行股份有限公司,货币型ETF,,,45300000.0,32469,3247239,99.998,100.01044072808,-0.002
2021-03-05,511620.SH,国泰瞬利货币A,20170907,,同期七天通知存款利率(税后),国泰基金管理有限公司,中国建设银行股份有限公司,货币型ETF,,,45300000.0,24225,2422780,100.005,100.01155830753,0.005
2021-03-08,511620.SH,国泰瞬利货币A,20170907,,同期七天通知存款利率(税后),国泰基金管理有限公司,中国建设银行股份有限公司,货币型ETF,,,45230000.0,12266,1226587,100,99.998940159791,0
2021-03-09,511620.SH,国泰瞬利货币A,20170907,,同期七天通知存款利率(税后),国泰基金管理有限公司,中国建设银行股份有限公司,货币型ETF,,,45080000.0,19100,1909757,99.995,99.987277486911,-0.005
2021-03-10,511620.SH,国泰瞬利货币A,20170907,,同期七天通知存款利率(税后),国泰基金管理有限公司,中国建设银行股份有限公司,货币型ETF,,,45050000.0,32702,3269758,99.991,99.986484007094,-0.009
2021-03-11,511620.SH,国泰瞬利货币A,20170907,,同期七天通知存款利率(税后),国泰基金管理有限公司,中国建设银行股份有限公司,货币型ETF,,,43940000.0,11392,1139055,99.994,99.987271769663,-0.006
2021-03-12,511620.SH,国泰瞬利货币A,20170907,,同期七天通知存款利率(税后),国泰基金管理有限公司,中国建设银行股份有限公司,货币型ETF,,,43790000.0,15210,1521001,100.004,100.00006574622,0.004
2021-03-15,511620.SH,国泰瞬利货币A,20170907,,同期七天通知存款利率(税后),国泰基金管理有限公司,中国建设银行股份有限公司,货币型ETF,,,43630000.0,10108,1010712,100,99.991294024535,0
2021-03-16,511620.SH,国泰瞬利货币A,20170907,,同期七天通知存款利率(税后),国泰基金管理有限公司,中国建设银行股份有限公司,货币型ETF,,,43410000.0,10108,1010752,99.996,99.99525128611,-0.004
2021-03-17,511620.SH,国泰瞬利货币A,20170907,,同期七天通知存款利率(税后),国泰基金管理有限公司,中国建设银行股份有限公司,货币型ETF,,,43410000.0,10688,1068739,99.993,99.994292664671,-0.007
2021-03-18,511620.SH,国泰瞬利货币A,20170907,,同期七天通知存款利率(税后),国泰基金管理有限公司,中国建设银行股份有限公司,货币型ETF,,,43340000.0,11504,1149833,99.992,99.950712795549,-0.008
2021-03-19,511620.SH,国泰瞬利货币A,20170907,,同期七天通知存款利率(税后),国泰基金管理有限公司,中国建设银行股份有限公司,货币型ETF,,,43230000.0,11095,1109505,100.002,100.00045065345,0.002
2021-03-22,511620.SH,国泰瞬利货币A,20170907,,同期七天通知存款利率(税后),国泰基金管理有限公司,中国建设银行股份有限公司,货币型ETF,,,42950000.0,7884,788372,100,99.996448503298,0
2021-03-23,511620.SH,国泰瞬利货币A,20170907,,同期七天通知存款利率(税后),国泰基金管理有限公司,中国建设银行股份有限公司,货币型ETF,,,42800000.0,2201,220093,99.999,99.996819627442,-0.001
2021-03-24,511620.SH,国泰瞬利货币A,20170907,,同期七天通知存款利率(税后),国泰基金管理有限公司,中国建设银行股份有限公司,货币型ETF,,,42810000.0,21092,2108908,99.982,99.986155888489,-0.018
2021-03-25,511620.SH,国泰瞬利货币A,20170907,,同期七天通知存款利率(税后),国泰基金管理有限公司,中国建设银行股份有限公司,货币型ETF,,,41780000.0,6201,620014,99.988,99.98613126915,-0.012
2021-03-26,511620.SH,国泰瞬利货币A,20170907,,同期七天通知存款利率(税后),国泰基金管理有限公司,中国建设银行股份有限公司,货币型ETF,,,41620000.0,7305,730472,99.998,99.996167008898,-0.002
2021-03-29,511620.SH,国泰瞬利货币A,20170907,,同期七天通知存款利率(税后),国泰基金管理有限公司,中国建设银行股份有限公司,货币型ETF,,,41580000.0,15015,1501344,99.99,99.98961038961,-0.01
2021-03-30,511620.SH,国泰瞬利货币A,20170907,,同期七天通知存款利率(税后),国泰基金管理有限公司,中国建设银行股份有限公司,货币型ETF,,,40680000.0,11403,1140114,99.982,99.983688503026,-0.018
2021-03-31,511620.SH,国泰瞬利货币A,20170907,,同期七天通知存款利率(税后),国泰基金管理有限公司,中国建设银行股份有限公司,货币型ETF,,,40610000.0,7405,740385,99.992,99.984469952735,-0.008
2021-04-01,511620.SH,国泰瞬利货币A,20170907,,同期七天通知存款利率(税后),国泰基金管理有限公司,中国建设银行股份有限公司,货币型ETF,,,40550000.0,17883,1788111,99.992,99.989431303473,-0.008
2021-04-02,511620.SH,国泰瞬利货币A,20170907,,同期七天通知存款利率(税后),国泰基金管理有限公司,中国建设银行股份有限公司,货币型ETF,,,39600000.0,16658,1665905,100.012,100.0063032777,0.012
2021-04-06,511620.SH,国泰瞬利货币A,20170907,,同期七天通知存款利率(税后),国泰基金管理有限公司,中国建设银行股份有限公司,货币型ETF,,,39130000.0,3600,359985,99.999,99.995833333333,-0.001
2021-04-07,511620.SH,国泰瞬利货币A,20170907,,同期七天通知存款利率(税后),国泰基金管理有限公司,中国建设银行股份有限公司,货币型ETF,,,39130000.0,5592,559179,99.994,99.996244635193,-0.006
2021-04-08,511620.SH,国泰瞬利货币A,20170907,,同期七天通知存款利率(税后),国泰基金管理有限公司,中国建设银行股份有限公司,货币型ETF,,,39110000.0,3124,312386,99.996,99.995518565941,-0.004
2021-04-09,511620.SH,国泰瞬利货币A,20170907,,同期七天通知存款利率(税后),国泰基金管理有限公司,中国建设银行股份有限公司,货币型ETF,,,39110000.0,9202,920262,100.007,100.00673766572,0.007
2021-04-12,511620.SH,国泰瞬利货币A,20170907,,同期七天通知存款利率(税后),国泰基金管理有限公司,中国建设银行股份有限公司,货币型ETF,,,39110000.0,7005,700483,100,99.997573162027,0
2021-04-13,511620.SH,国泰瞬利货币A,20170907,,同期七天通知存款利率(税后),国泰基金管理有限公司,中国建设银行股份有限公司,货币型ETF,,,39110000.0,1601,160093,99.997,99.995627732667,-0.003
2021-04-14,511620.SH,国泰瞬利货币A,20170907,,同期七天通知存款利率(税后),国泰基金管理有限公司,中国建设银行股份有限公司,货币型ETF,,,39120000.0,1803,180291,99.996,99.995008319468,-0.004
2021-04-15,511620.SH,国泰瞬利货币A,20170907,,同期七天通知存款利率(税后),国泰基金管理有限公司,中国建设银行股份有限公司,货币型ETF,,,39120000.0,6136,613562,99.996,99.993807040417,-0.004
2021-04-16,511620.SH,国泰瞬利货币A,20170907,,同期七天通知存款利率(税后),国泰基金管理有限公司,中国建设银行股份有限公司,货币型ETF,,,39120000.0,10376,1037637,100.006,100.00356592136,0.006
2021-04-19,511620.SH,国泰瞬利货币A,20170907,,同期七天通知存款利率(税后),国泰基金管理有限公司,中国建设银行股份有限公司,货币型ETF,,,39120000.0,5105,510480,99.996,99.996082272282,-0.004
2021-04-20,511620.SH,国泰瞬利货币A,20170907,,同期七天通知存款利率(税后),国泰基金管理有限公司,中国建设银行股份有限公司,货币型ETF,,,39080000.0,3908,390769,99.992,99.992067553736,-0.008
2021-04-21,511620.SH,国泰瞬利货币A,20170907,,同期七天通知存款利率(税后),国泰基金管理有限公司,中国建设银行股份有限公司,货币型ETF,,,39060000.0,5902,590162,99.993,99.993561504575,-0.007
2021-04-22,511620.SH,国泰瞬利货币A,20170907,,同期七天通知存款利率(税后),国泰基金管理有限公司,中国建设银行股份有限公司,货币型ETF,,,38110000.0,3308,330773,99.994,99.991837968561,-0.006
2021-04-23,511620.SH,国泰瞬利货币A,20170907,,同期七天通知存款利率(税后),国泰基金管理有限公司,中国建设银行股份有限公司,货币型ETF,,,38100000.0,7098,709821,100.001,100.00295857988,0.001
2021-04-26,511620.SH,国泰瞬利货币A,20170907,,同期七天通知存款利率(税后),国泰基金管理有限公司,中国建设银行股份有限公司,货币型ETF,,,38100000.0,4201,420082,99.994,99.99571530588,-0.006
2021-04-27,511620.SH,国泰瞬利货币A,20170907,,同期七天通知存款利率(税后),国泰基金管理有限公司,中国建设银行股份有限公司,货币型ETF,,,38090000.0,8803,880214,99.992,99.990230603203,-0.008
2021-04-28,511620.SH,国泰瞬利货币A,20170907,,同期七天通知存款利率(税后),国泰基金管理有限公司,中国建设银行股份有限公司,货币型ETF,,,32840000.0,2807,280679,99.996,99.992518703242,-0.004
2021-04-29,511620.SH,国泰瞬利货币A,20170907,,同期七天通知存款利率(税后),国泰基金管理有限公司,中国建设银行股份有限公司,货币型ETF,,,32840000.0,8477,847634,99.991,99.992214226731,-0.009
2021-04-30,511620.SH,国泰瞬利货币A,20170907,,同期七天通知存款利率(税后),国泰基金管理有限公司,中国建设银行股份有限公司,货币型ETF,,,25570000.0,23297,2331593,100.1,100.08125509722,0.1
2021-05-06,511620.SH,国泰瞬利货币A,20170907,,同期七天通知存款利率(税后),国泰基金管理有限公司,中国建设银行股份有限公司,货币型ETF,,,25570000.0,11124,1112177,99.994,99.979953254225,-0.006
2021-05-07,511620.SH,国泰瞬利货币A,20170907,,同期七天通知存款利率(税后),国泰基金管理有限公司,中国建设银行股份有限公司,货币型ETF,,,25470000.0,6171,617109,100,100.00145843461,0
2021-05-10,511620.SH,国泰瞬利货币A,20170907,,同期七天通知存款利率(税后),国泰基金管理有限公司,中国建设银行股份有限公司,货币型ETF,,,25470000.0,3584,358378,99.994,99.993861607143,-0.006
2021-05-11,511620.SH,国泰瞬利货币A,20170907,,同期七天通知存款利率(税后),国泰基金管理有限公司,中国建设银行股份有限公司,货币型ETF,,,25410000.0,3908,390778,99.999,99.994370522006,-0.001
2021-05-12,511620.SH,国泰瞬利货币A,20170907,,同期七天通知存款利率(税后),国泰基金管理有限公司,中国建设银行股份有限公司,货币型ETF,,,25410000.0,4516,451570,99.999,99.993356953056,-0.001
2021-05-13,511620.SH,国泰瞬利货币A,20170907,,同期七天通知存款利率(税后),国泰基金管理有限公司,中国建设银行股份有限公司,货币型ETF,,,25420000.0,5812,581213,99.997,100.00223675155,-0.003
2021-05-14,511620.SH,国泰瞬利货币A,20170907,,同期七天通知存款利率(税后),国泰基金管理有限公司,中国建设银行股份有限公司,货币型ETF,,,25420000.0,2955,295503,100,100.00101522843,0
2021-05-17,511620.SH,国泰瞬利货币A,20170907,,同期七天通知存款利率(税后),国泰基金管理有限公司,中国建设银行股份有限公司,货币型ETF,,,25420000.0,6310,630883,99.989,99.98145800317,-0.011
2021-05-18,511620.SH,国泰瞬利货币A,20170907,,同期七天通知存款利率(税后),国泰基金管理有限公司,中国建设银行股份有限公司,货币型ETF,,,39290000.0,11315,1131367,99.994,99.98824569156,-0.006
2021-05-19,511620.SH,国泰瞬利货币A,20170907,,同期七天通知存款利率(税后),国泰基金管理有限公司,中国建设银行股份有限公司,货币型ETF,,,39230000.0,4214,421381,99.991,99.995491219744,-0.009
2021-05-20,511620.SH,国泰瞬利货币A,20170907,,同期七天通知存款利率(税后),国泰基金管理有限公司,中国建设银行股份有限公司,货币型ETF,,,39230000.0,2701,270067,99.993,99.987782302851,-0.007
2021-05-21,511620.SH,国泰瞬利货币A,20170907,,同期七天通知存款利率(税后),国泰基金管理有限公司,中国建设银行股份有限公司,货币型ETF,,,52230000.0,2834,283399,100,99.999647141849,0
2021-05-24,511620.SH,国泰瞬利货币A,20170907,,同期七天通知存款利率(税后),国泰基金管理有限公司,中国建设银行股份有限公司,货币型ETF,,,52240000.0,6529,652792,99.973,99.983458416297,-0.027
2021-05-25,511620.SH,国泰瞬利货币A,20170907,,同期七天通知存款利率(税后),国泰基金管理有限公司,中国建设银行股份有限公司,货币型ETF,,,52020000.0,6329,632784,99.98,99.98167167009,-0.02
2021-05-26,511620.SH,国泰瞬利货币A,20170907,,同期七天通知存款利率(税后),国泰基金管理有限公司,中国建设银行股份有限公司,货币型ETF,,,51950000.0,3805,380394,99.989,99.972141918528,-0.011
2021-05-27,511620.SH,国泰瞬利货币A,20170907,,同期七天通知存款利率(税后),国泰基金管理有限公司,中国建设银行股份有限公司,货币型ETF,,,51850000.0,4014,401325,99.981,99.981315396114,-0.019
2021-05-28,511620.SH,国泰瞬利货币A,20170907,,同期七天通知存款利率(税后),国泰基金管理有限公司,中国建设银行股份有限公司,货币型ETF,,,51550000.0,5859,585863,99.996,99.993684929169,-0.004
2021-05-31,511620.SH,国泰瞬利货币A,20170907,,同期七天通知存款利率(税后),国泰基金管理有限公司,中国建设银行股份有限公司,货币型ETF,,,43500000.0,13327,1332397,99.977,99.977264200495,-0.023
2021-06-01,511620.SH,国泰瞬利货币A,20170907,,同期七天通知存款利率(税后),国泰基金管理有限公司,中国建设银行股份有限公司,货币型ETF,,,29310000.0,4908,490729,99.989,99.985533822331,-0.011
2021-06-02,511620.SH,国泰瞬利货币A,20170907,,同期七天通知存款利率(税后),国泰基金管理有限公司,中国建设银行股份有限公司,货币型ETF,,,23710000.0,2712,271156,99.989,99.983775811209,-0.011
2021-06-03,511620.SH,国泰瞬利货币A,20170907,,同期七天通知存款利率(税后),国泰基金管理有限公司,中国建设银行股份有限公司,货币型ETF,,,23610000.0,4210,420965,99.984,99.991686460808,-0.016
2021-06-04,511620.SH,国泰瞬利货币A,20170907,,同期七天通知存款利率(税后),国泰基金管理有限公司,中国建设银行股份有限公司,货币型ETF,,,23610000.0,5506,550615,100.006,100.00272430076,0.006
2021-06-07,511620.SH,国泰瞬利货币A,20170907,,同期七天通知存款利率(税后),国泰基金管理有限公司,中国建设银行股份有限公司,货币型ETF,,,23610000.0,2815,281338,99.996,99.942451154529,-0.004
2021-06-08,511620.SH,国泰瞬利货币A,20170907,,同期七天通知存款利率(税后),国泰基金管理有限公司,中国建设银行股份有限公司,货币型ETF,,,23610000.0,1503,150287,99.995,99.991350632069,-0.005
2021-06-09,511620.SH,国泰瞬利货币A,20170907,,同期七天通知存款利率(税后),国泰基金管理有限公司,中国建设银行股份有限公司,货币型ETF,,,23590000.0,1359,135892,99.998,99.994113318617,-0.002
2021-06-10,511620.SH,国泰瞬利货币A,20170907,,同期七天通知存款利率(税后),国泰基金管理有限公司,中国建设银行股份有限公司,货币型ETF,,,23590000.0,2107,210664,99.989,99.982914095871,-0.011
2021-06-11,511620.SH,国泰瞬利货币A,20170907,,同期七天通知存款利率(税后),国泰基金管理有限公司,中国建设银行股份有限公司,货币型ETF,,,23550000.0,5213,521649,100.091,100.06694801458,0.091
2021-06-15,511620.SH,国泰瞬利货币A,20170907,,同期七天通知存款利率(税后),国泰基金管理有限公司,中国建设银行股份有限公司,货币型ETF,,,23530000.0,3308,330893,99.99,100.02811366385,-0.01
2021-06-16,511620.SH,国泰瞬利货币A,20170907,,同期七天通知存款利率(税后),国泰基金管理有限公司,中国建设银行股份有限公司,货币型ETF,,,23510000.0,3561,356065,99.993,99.990171300197,-0.007
2021-06-17,511620.SH,国泰瞬利货币A,20170907,,同期七天通知存款利率(税后),国泰基金管理有限公司,中国建设银行股份有限公司,货币型ETF,,,23520000.0,1313,131285,99.99,99.988575780655,-0.01
2021-06-18,511620.SH,国泰瞬利货币A,20170907,,同期七天通知存款利率(税后),国泰基金管理有限公司,中国建设银行股份有限公司,货币型ETF,,,23520000.0,5704,570407,100.003,100.00122720898,0.003
2021-06-21,511620.SH,国泰瞬利货币A,20170907,,同期七天通知存款利率(税后),国泰基金管理有限公司,中国建设银行股份有限公司,货币型ETF,,,23520000.0,1321,132095,99.99,99.996214988645,-0.01
2021-06-22,511620.SH,国泰瞬利货币A,20170907,,同期七天通知存款利率(税后),国泰基金管理有限公司,中国建设银行股份有限公司,货币型ETF,,,23930000.0,1904,190139,99.994,99.862920168067,-0.006
2021-06-23,511620.SH,国泰瞬利货币A,20170907,,同期七天通知存款利率(税后),国泰基金管理有限公司,中国建设银行股份有限公司,货币型ETF,,,23920000.0,2902,290167,99.984,99.988628532047,-0.016
2021-06-24,511620.SH,国泰瞬利货币A,20170907,,同期七天通知存款利率(税后),国泰基金管理有限公司,中国建设银行股份有限公司,货币型ETF,,,23890000.0,3102,310158,99.992,99.986460348162,-0.008
2021-06-25,511620.SH,国泰瞬利货币A,20170907,,同期七天通知存款利率(税后),国泰基金管理有限公司,中国建设银行股份有限公司,货币型ETF,,,23800000.0,3603,360284,99.994,99.995559256175,-0.006
2021-06-28,511620.SH,国泰瞬利货币A,20170907,,同期七天通知存款利率(税后),国泰基金管理有限公司,中国建设银行股份有限公司,货币型ETF,,,23800000.0,4205,420441,99.983,99.985969084423,-0.017
2021-06-29,511620.SH,国泰瞬利货币A,20170907,,同期七天通知存款利率(税后),国泰基金管理有限公司,中国建设银行股份有限公司,货币型ETF,,,23780000.0,3003,300230,99.981,99.97668997669,-0.019
2021-06-30,511620.SH,国泰瞬利货币A,20170907,,同期七天通知存款利率(税后),国泰基金管理有限公司,中国建设银行股份有限公司,货币型ETF,,,23740000.0,2008,200770,99.985,99.985059760956,-0.015
2021-07-01,511620.SH,国泰瞬利货币A,20170907,,同期七天通知存款利率(税后),国泰基金管理有限公司,中国建设银行股份有限公司,货币型ETF,,,23740000.0,3529,352863,99.994,99.989515443468,-0.006
2021-07-02,511620.SH,国泰瞬利货币A,20170907,,同期七天通知存款利率(税后),国泰基金管理有限公司,中国建设银行股份有限公司,货币型ETF,,,23740000.0,5905,590511,100.003,100.00186282811,0.003
2021-07-05,511620.SH,国泰瞬利货币A,20170907,,同期七天通知存款利率(税后),国泰基金管理有限公司,中国建设银行股份有限公司,货币型ETF,,,23690000.0,5207,520686,100,99.997311311696,0
2021-07-06,511620.SH,国泰瞬利货币A,20170907,,同期七天通知存款利率(税后),国泰基金管理有限公司,中国建设银行股份有限公司,货币型ETF,,,23680000.0,1145,114509,100.01,100.00786026201,0.01
2021-07-07,511620.SH,国泰瞬利货币A,20170907,,同期七天通知存款利率(税后),国泰基金管理有限公司,中国建设银行股份有限公司,货币型ETF,,,23680000.0,1102,110300,100,100.09074410163,0
2021-07-08,511620.SH,国泰瞬利货币A,20170907,,同期七天通知存款利率(税后),国泰基金管理有限公司,中国建设银行股份有限公司,货币型ETF,,,23680000.0,1502,150191,100.003,99.994007989348,0.003
2021-07-09,511620.SH,国泰瞬利货币A,20170907,,同期七天通知存款利率(税后),国泰基金管理有限公司,中国建设银行股份有限公司,货币型ETF,,,23680000.0,2004,200495,100.01,100.04740518962,0.01
2021-07-12,511620.SH,国泰瞬利货币A,20170907,,同期七天通知存款利率(税后),国泰基金管理有限公司,中国建设银行股份有限公司,货币型ETF,,,23630000.0,4426,442587,100.009,99.997062810664,0.009
2021-07-13,511620.SH,国泰瞬利货币A,20170907,,同期七天通知存款利率(税后),国泰基金管理有限公司,中国建设银行股份有限公司,货币型ETF,,,23530000.0,2604,260487,100.002,100.03341013825,0.002
2021-07-14,511620.SH,国泰瞬利货币A,20170907,,同期七天通知存款利率(税后),国泰基金管理有限公司,中国建设银行股份有限公司,货币型ETF,,,23530000.0,5311,531299,99.996,100.03746940313,-0.004
2021-07-15,511620.SH,国泰瞬利货币A,20170907,,同期七天通知存款利率(税后),国泰基金管理有限公司,中国建设银行股份有限公司,货币型ETF,,,23420000.0,1714,171321,99.996,99.953908984831,-0.004
2021-07-16,511620.SH,国泰瞬利货币A,20170907,,同期七天通知存款利率(税后),国泰基金管理有限公司,中国建设银行股份有限公司,货币型ETF,,,23420000.0,2603,260448,100.059,100.05685747215,0.059
2021-07-19,511620.SH,国泰瞬利货币A,20170907,,同期七天通知存款利率(税后),国泰基金管理有限公司,中国建设银行股份有限公司,货币型ETF,,,23420000.0,1602,160196,100,99.997503121099,0
2021-07-20,511620.SH,国泰瞬利货币A,20170907,,同期七天通知存款利率(税后),国泰基金管理有限公司,中国建设银行股份有限公司,货币型ETF,,,23410000.0,2010,200988,100.003,99.994029850746,0.003
2021-07-21,511620.SH,国泰瞬利货币A,20170907,,同期七天通知存款利率(税后),国泰基金管理有限公司,中国建设银行股份有限公司,货币型ETF,,,23410000.0,1114,111392,99.998,99.992818671454,-0.002
2021-07-22,511620.SH,国泰瞬利货币A,20170907,,同期七天通知存款利率(税后),国泰基金管理有限公司,中国建设银行股份有限公司,货币型ETF,,,23410000.0,2002,200188,99.996,99.994005994006,-0.004
2021-07-23,511620.SH,国泰瞬利货币A,20170907,,同期七天通知存款利率(税后),国泰基金管理有限公司,中国建设银行股份有限公司,货币型ETF,,,23410000.0,2018,201769,99.999,99.984638255699,-0.001
2021-07-26,511620.SH,国泰瞬利货币A,20170907,,同期七天通知存款利率(税后),国泰基金管理有限公司,中国建设银行股份有限公司,货币型ETF,,,23410000.0,3821,382089,99.999,99.997121172468,-0.001
2021-07-27,511620.SH,国泰瞬利货币A,20170907,,同期七天通知存款利率(税后),国泰基金管理有限公司,中国建设银行股份有限公司,货币型ETF,,,23410000.0,3229,322885,99.998,99.995354598947,-0.002
2021-07-28,511620.SH,国泰瞬利货币A,20170907,,同期七天通知存款利率(税后),国泰基金管理有限公司,中国建设银行股份有限公司,货币型ETF,,,23420000.0,1113,111275,99.98,99.977538185085,-0.02
2021-07-29,511620.SH,国泰瞬利货币A,20170907,,同期七天通知存款利率(税后),国泰基金管理有限公司,中国建设银行股份有限公司,货币型ETF,,,23420000.0,2841,284019,99.967,99.971488912355,-0.033
2021-07-30,511620.SH,国泰瞬利货币A,20170907,,同期七天通知存款利率(税后),国泰基金管理有限公司,中国建设银行股份有限公司,货币型ETF,,,23330000.0,3961,396093,100.015,99.998232769503,0.015
2021-08-02,511620.SH,国泰瞬利货币A,20170907,,同期七天通知存款利率(税后),国泰基金管理有限公司,中国建设银行股份有限公司,货币型ETF,,,23220000.0,1636,163587,99.989,99.992053789731,-0.011
2021-08-03,511620.SH,国泰瞬利货币A,20170907,,同期七天通知存款利率(税后),国泰基金管理有限公司,中国建设银行股份有限公司,货币型ETF,,,23160000.0,1007,100694,100.004,99.994041708044,0.004
2021-08-04,511620.SH,国泰瞬利货币A,20170907,,同期七天通知存款利率(税后),国泰基金管理有限公司,中国建设银行股份有限公司,货币型ETF,,,23150000.0,207,20701,99.995,100.00483091787,-0.005
2021-08-05,511620.SH,国泰瞬利货币A,20170907,,同期七天通知存款利率(税后),国泰基金管理有限公司,中国建设银行股份有限公司,货币型ETF,,,23150000.0,4110,410941,99.995,99.985644768856,-0.005
2021-08-06,511620.SH,国泰瞬利货币A,20170907,,同期七天通知存款利率(税后),国泰基金管理有限公司,中国建设银行股份有限公司,货币型ETF,,,23150000.0,4289,428924,100.007,100.00559570996,0.007
2021-08-09,511620.SH,国泰瞬利货币A,20170907,,同期七天通知存款利率(税后),国泰基金管理有限公司,中国建设银行股份有限公司,货币型ETF,,,23150000.0,3734,373384,99.997,99.995715050884,-0.003
2021-08-10,511620.SH,国泰瞬利货币A,20170907,,同期七天通知存款利率(税后),国泰基金管理有限公司,中国建设银行股份有限公司,货币型ETF,,,23080000.0,1010,100995,99.996,99.995049504951,-0.004
2021-08-11,511620.SH,国泰瞬利货币A,20170907,,同期七天通知存款利率(税后),国泰基金管理有限公司,中国建设银行股份有限公司,货币型ETF,,,23040000.0,1830,182988,99.995,99.993442622951,-0.005
2021-08-12,511620.SH,国泰瞬利货币A,20170907,,同期七天通知存款利率(税后),国泰基金管理有限公司,中国建设银行股份有限公司,货币型ETF,,,23040000.0,3246,324624,100.003,100.00739371534,0.003
2021-08-13,511620.SH,国泰瞬利货币A,20170907,,同期七天通知存款利率(税后),国泰基金管理有限公司,中国建设银行股份有限公司,货币型ETF,,,23050000.0,2106,210619,100.004,100.00902184236,0.004
2021-08-16,511620.SH,国泰瞬利货币A,20170907,,同期七天通知存款利率(税后),国泰基金管理有限公司,中国建设银行股份有限公司,货币型ETF,,,28650000.0,3616,361592,100.001,99.997787610619,0.001
2021-08-17,511620.SH,国泰瞬利货币A,20170907,,同期七天通知存款利率(税后),国泰基金管理有限公司,中国建设银行股份有限公司,货币型ETF,,,48650000.0,1618,161822,99.996,100.01359703337,-0.004
2021-08-18,511620.SH,国泰瞬利货币A,20170907,,同期七天通知存款利率(税后),国泰基金管理有限公司,中国建设银行股份有限公司,货币型ETF,,,58650000.0,2439,243898,100.005,99.9991799918,0.005
2021-08-19,511620.SH,国泰瞬利货币A,20170907,,同期七天通知存款利率(税后),国泰基金管理有限公司,中国建设银行股份有限公司,货币型ETF,,,58650000.0,4016,401557,99.995,99.989292828685,-0.005
2021-08-20,511620.SH,国泰瞬利货币A,20170907,,同期七天通知存款利率(税后),国泰基金管理有限公司,中国建设银行股份有限公司,货币型ETF,,,58620000.0,5785,578494,100.001,99.998962834918,0.001
2021-08-23,511620.SH,国泰瞬利货币A,20170907,,同期七天通知存款利率(税后),国泰基金管理有限公司,中国建设银行股份有限公司,货币型ETF,,,58630000.0,2804,280372,99.982,99.990014265335,-0.018
2021-08-24,511620.SH,国泰瞬利货币A,20170907,,同期七天通知存款利率(税后),国泰基金管理有限公司,中国建设银行股份有限公司,货币型ETF,,,38630000.0,3846,384570,99.985,99.992199687988,-0.015
2021-08-25,511620.SH,国泰瞬利货币A,20170907,,同期七天通知存款利率(税后),国泰基金管理有限公司,中国建设银行股份有限公司,货币型ETF,,,28470000.0,503,50295,99.986,99.990059642147,-0.014
2021-08-26,511620.SH,国泰瞬利货币A,20170907,,同期七天通知存款利率(税后),国泰基金管理有限公司,中国建设银行股份有限公司,货币型ETF,,,27370000.0,1713,171284,99.99,99.990659661413,-0.01
2021-08-27,511620.SH,国泰瞬利货币A,20170907,,同期七天通知存款利率(税后),国泰基金管理有限公司,中国建设银行股份有限公司,货币型ETF,,,27370000.0,2606,260597,100,99.998848810437,0
2021-08-30,511620.SH,国泰瞬利货币A,20170907,,同期七天通知存款利率(税后),国泰基金管理有限公司,中国建设银行股份有限公司,货币型ETF,,,27370000.0,1608,160777,99.983,99.985696517413,-0.017
2021-08-31,511620.SH,国泰瞬利货币A,20170907,,同期七天通知存款利率(税后),国泰基金管理有限公司,中国建设银行股份有限公司,货币型ETF,,,27370000.0,2408,240768,99.993,99.986710963455,-0.007
2021-09-01,511620.SH,国泰瞬利货币A,20170907,,同期七天通知存款利率(税后),国泰基金管理有限公司,中国建设银行股份有限公司,货币型ETF,,,27370000.0,903,90295,99.997,99.99446290144,-0.003
2021-09-02,511620.SH,国泰瞬利货币A,20170907,,同期七天通知存款利率(税后),国泰基金管理有限公司,中国建设银行股份有限公司,货币型ETF,,,27370000.0,2622,262192,99.998,99.996948893974,-0.002
2021-09-03,511620.SH,国泰瞬利货币A,20170907,,同期七天通知存款利率(税后),国泰基金管理有限公司,中国建设银行股份有限公司,货币型ETF,,,27370000.0,6937,693740,100.011,100.00576618135,0.011
2021-09-06,511620.SH,国泰瞬利货币A,20170907,,同期七天通知存款利率(税后),国泰基金管理有限公司,中国建设银行股份有限公司,货币型ETF,,,27380000.0,3714,371385,100.005,99.995961227787,0.005
2021-09-07,511620.SH,国泰瞬利货币A,20170907,,同期七天通知存款利率(税后),国泰基金管理有限公司,中国建设银行股份有限公司,货币型ETF,,,22880000.0,3732,373191,99.993,99.997588424437,-0.007
2021-09-08,511620.SH,国泰瞬利货币A,20170907,,同期七天通知存款利率(税后),国泰基金管理有限公司,中国建设银行股份有限公司,货币型ETF,,,22880000.0,2305,230487,99.995,99.994360086768,-0.005
2021-09-09,511620.SH,国泰瞬利货币A,20170907,,同期七天通知存款利率(税后),国泰基金管理有限公司,中国建设银行股份有限公司,货币型ETF,,,22880000.0,5237,523708,99.999,100.00152759213,-0.001
2021-09-10,511620.SH,国泰瞬利货币A,20170907,,同期七天通知存款利率(税后),国泰基金管理有限公司,中国建设银行股份有限公司,货币型ETF,,,22870000.0,1242,124208,100.005,100.00644122383,0.005
2021-09-13,511620.SH,国泰瞬利货币A,20170907,,同期七天通知存款利率(税后),国泰基金管理有限公司,中国建设银行股份有限公司,货币型ETF,,,23290000.0,2215,221491,99.998,99.995936794582,-0.002
2021-09-14,511620.SH,国泰瞬利货币A,20170907,,同期七天通知存款利率(税后),国泰基金管理有限公司,中国建设银行股份有限公司,货币型ETF,,,23280000.0,4711,471148,100.02,100.01018891955,0.02
2021-09-15,511620.SH,国泰瞬利货币A,20170907,,同期七天通知存款利率(税后),国泰基金管理有限公司,中国建设银行股份有限公司,货币型ETF,,,23280000.0,3437,343801,100.04,100.02938609252,0.04
2021-09-16,511620.SH,国泰瞬利货币A,20170907,,同期七天通知存款利率(税后),国泰基金管理有限公司,中国建设银行股份有限公司,货币型ETF,,,23300000.0,2247,224732,99.994,100.0142412105,-0.006
2021-09-17,511620.SH,国泰瞬利货币A,20170907,,同期七天通知存款利率(税后),国泰基金管理有限公司,中国建设银行股份有限公司,货币型ETF,,,23300000.0,5671,567912,100.402,100.14318462352,0.402
2021-09-22,511620.SH,国泰瞬利货币A,20170907,,同期七天通知存款利率(税后),国泰基金管理有限公司,中国建设银行股份有限公司,货币型ETF,,,23310000.0,5100,510057,100.001,100.01117647059,0.001
2021-09-23,511620.SH,国泰瞬利货币A,20170907,,同期七天通知存款利率(税后),国泰基金管理有限公司,中国建设银行股份有限公司,货币型ETF,,,23300000.0,1812,181204,100.039,100.00220750552,0.039
2021-09-24,511620.SH,国泰瞬利货币A,20170907,,同期七天通知存款利率(税后),国泰基金管理有限公司,中国建设银行股份有限公司,货币型ETF,,,23300000.0,3555,355856,100.153,100.10014064698,0.153
2021-09-27,511620.SH,国泰瞬利货币A,20170907,,同期七天通知存款利率(税后),国泰基金管理有限公司,中国建设银行股份有限公司,货币型ETF,,,23300000.0,3511,351226,100.086,100.03588721162,0.086
2021-09-28,511620.SH,国泰瞬利货币A,20170907,,同期七天通知存款利率(税后),国泰基金管理有限公司,中国建设银行股份有限公司,货币型ETF,,,23300000.0,2932,293619,100.1,100.1429058663,0.1
2021-09-29,511620.SH,国泰瞬利货币A,20170907,,同期七天通知存款利率(税后),国泰基金管理有限公司,中国建设银行股份有限公司,货币型ETF,,,23310000.0,13070,1309971,100.136,100.2273144606,0.136
2021-09-30,511620.SH,国泰瞬利货币A,20170907,,同期七天通知存款利率(税后),国泰基金管理有限公司,中国建设银行股份有限公司,货币型ETF,,,23315226.0,26180,2669750,102.83,101.97669977082,2.83
2021-10-08,511620.SH,国泰瞬利货币A,20170907,,同期七天通知存款利率(税后),国泰基金管理有限公司,中国建设银行股份有限公司,货币型ETF,,,23350000.0,7441,747601,100.58,100.47050127671,0.58
2021-10-11,511620.SH,国泰瞬利货币A,20170907,,同期七天通知存款利率(税后),国泰基金管理有限公司,中国建设银行股份有限公司,货币型ETF,,,23350000.0,5324,534027,100.098,100.30559729527,0.098
2021-10-12,511620.SH,国泰瞬利货币A,20170907,,同期七天通知存款利率(税后),国泰基金管理有限公司,中国建设银行股份有限公司,货币型ETF,,,23630000.0,2003,200396,100.022,100.04792810784,0.022
2021-10-13,511620.SH,国泰瞬利货币A,20170907,,同期七天通知存款利率(税后),国泰基金管理有限公司,中国建设银行股份有限公司,货币型ETF,,,23630000.0,4208,420896,100.008,100.02281368821,0.008
2021-10-14,511620.SH,国泰瞬利货币A,20170907,,同期七天通知存款利率(税后),国泰基金管理有限公司,中国建设银行股份有限公司,货币型ETF,,,23650000.0,4360,436046,100,100.01055045872,0
2021-10-15,511620.SH,国泰瞬利货币A,20170907,,同期七天通知存款利率(税后),国泰基金管理有限公司,中国建设银行股份有限公司,货币型ETF,,,23660000.0,6658,665988,100.013,100.02823670772,0.013
2021-10-18,511620.SH,国泰瞬利货币A,20170907,,同期七天通知存款利率(税后),国泰基金管理有限公司,中国建设银行股份有限公司,货币型ETF,,,23660000.0,407,40700,99.992,100,-0.008
2021-10-19,511620.SH,国泰瞬利货币A,20170907,,同期七天通知存款利率(税后),国泰基金管理有限公司,中国建设银行股份有限公司,货币型ETF,,,23660000.0,1704,170421,100,100.01232394366,0
2021-10-20,511620.SH,国泰瞬利货币A,20170907,,同期七天通知存款利率(税后),国泰基金管理有限公司,中国建设银行股份有限公司,货币型ETF,,,23660000.0,2034,203454,100.001,100.02654867257,0.001
2021-10-21,511620.SH,国泰瞬利货币A,20170907,,同期七天通知存款利率(税后),国泰基金管理有限公司,中国建设银行股份有限公司,货币型ETF,,,23630000.0,504,50402,100.002,100.00396825397,0.002
2021-10-22,511620.SH,国泰瞬利货币A,20170907,,同期七天通知存款利率(税后),国泰基金管理有限公司,中国建设银行股份有限公司,货币型ETF,,,23630000.0,1523,152328,100.006,100.01838476691,0.006
2021-10-25,511620.SH,国泰瞬利货币A,20170907,,同期七天通知存款利率(税后),国泰基金管理有限公司,中国建设银行股份有限公司,货币型ETF,,,23640000.0,2604,260401,100.001,100.00038402458,0.001
2021-10-26,511620.SH,国泰瞬利货币A,20170907,,同期七天通知存款利率(税后),国泰基金管理有限公司,中国建设银行股份有限公司,货币型ETF,,,23640000.0,1566,156598,99.995,99.998722860792,-0.005
2021-10-27,511620.SH,国泰瞬利货币A,20170907,,同期七天通知存款利率(税后),国泰基金管理有限公司,中国建设银行股份有限公司,货币型ETF,,,23640000.0,401,40098,99.993,99.995012468828,-0.007
2021-10-28,511620.SH,国泰瞬利货币A,20170907,,同期七天通知存款利率(税后),国泰基金管理有限公司,中国建设银行股份有限公司,货币型ETF,,,23640000.0,809,80892,99.995,99.990111248455,-0.005
2021-10-29,511620.SH,国泰瞬利货币A,20170907,,同期七天通知存款利率(税后),国泰基金管理有限公司,中国建设银行股份有限公司,货币型ETF,,,23640000.0,1809,180914,100,100.00773908237,0
2021-11-01,511620.SH,国泰瞬利货币A,20170907,,同期七天通知存款利率(税后),国泰基金管理有限公司,中国建设银行股份有限公司,货币型ETF,,,23640000.0,604,60398,99.999,99.996688741722,-0.001
2021-11-02,511620.SH,国泰瞬利货币A,20170907,,同期七天通知存款利率(税后),国泰基金管理有限公司,中国建设银行股份有限公司,货币型ETF,,,23640000.0,1423,142297,99.994,99.997891777934,-0.006
2021-11-03,511620.SH,国泰瞬利货币A,20170907,,同期七天通知存款利率(税后),国泰基金管理有限公司,中国建设银行股份有限公司,货币型ETF,,,23640000.0,207,20703,99.992,100.01449275362,-0.008
2021-11-04,511620.SH,国泰瞬利货币A,20170907,,同期七天通知存款利率(税后),国泰基金管理有限公司,中国建设银行股份有限公司,货币型ETF,,,23660000.0,1008,100802,99.985,100.00198412698,-0.015
2021-11-05,511620.SH,国泰瞬利货币A,20170907,,同期七天通知存款利率(税后),国泰基金管理有限公司,中国建设银行股份有限公司,货币型ETF,,,23660000.0,1519,151942,100.03,100.02764976959,0.03
2021-11-08,511620.SH,国泰瞬利货币A,20170907,,同期七天通知存款利率(税后),国泰基金管理有限公司,中国建设银行股份有限公司,货币型ETF,,,23660000.0,4210,421103,99.994,100.02446555819,-0.006
2021-11-09,511620.SH,国泰瞬利货币A,20170907,,同期七天通知存款利率(税后),国泰基金管理有限公司,中国建设银行股份有限公司,货币型ETF,,,23660000.0,5007,500662,99.992,99.992410625125,-0.008
2021-11-10,511620.SH,国泰瞬利货币A,20170907,,同期七天通知存款利率(税后),国泰基金管理有限公司,中国建设银行股份有限公司,货币型ETF,,,23660000.0,6108,610761,99.99,99.993614931238,-0.01
2021-11-11,511620.SH,国泰瞬利货币A,20170907,,同期七天通知存款利率(税后),国泰基金管理有限公司,中国建设银行股份有限公司,货币型ETF,,,15060000.0,1108,110788,99.995,99.98916967509,-0.005
2021-11-12,511620.SH,国泰瞬利货币A,20170907,,同期七天通知存款利率(税后),国泰基金管理有限公司,中国建设银行股份有限公司,货币型ETF,,,33200000.0,4293,429291,100.003,99.997903563941,0.003
2021-11-15,511620.SH,国泰瞬利货币A,20170907,,同期七天通知存款利率(税后),国泰基金管理有限公司,中国建设银行股份有限公司,货币型ETF,,,33200000.0,1604,160399,100,99.999376558603,0
2021-11-16,511620.SH,国泰瞬利货币A,20170907,,同期七天通知存款利率(税后),国泰基金管理有限公司,中国建设银行股份有限公司,货币型ETF,,,37600000.0,8312,831099,99.994,99.987848893167,-0.006
2021-11-17,511620.SH,国泰瞬利货币A,20170907,,同期七天通知存款利率(税后),国泰基金管理有限公司,中国建设银行股份有限公司,货币型ETF,,,43600000.0,1407,140686,100,99.990049751244,0
2021-11-18,511620.SH,国泰瞬利货币A,20170907,,同期七天通知存款利率(税后),国泰基金管理有限公司,中国建设银行股份有限公司,货币型ETF,,,52300000.0,2605,260473,99.991,99.989635316699,-0.009
2021-11-19,511620.SH,国泰瞬利货币A,20170907,,同期七天通知存款利率(税后),国泰基金管理有限公司,中国建设银行股份有限公司,货币型ETF,,,52200000.0,4305,430492,99.999,99.998141695703,-0.001
2021-11-22,511620.SH,国泰瞬利货币A,20170907,,同期七天通知存款利率(税后),国泰基金管理有限公司,中国建设银行股份有限公司,货币型ETF,,,52190000.0,2513,251275,99.993,99.990051730999,-0.007
2021-11-23,511620.SH,国泰瞬利货币A,20170907,,同期七天通知存款利率(税后),国泰基金管理有限公司,中国建设银行股份有限公司,货币型ETF,,,52160000.0,3419,341863,99.99,99.989178122258,-0.01
2021-11-24,511620.SH,国泰瞬利货币A,20170907,,同期七天通知存款利率(税后),国泰基金管理有限公司,中国建设银行股份有限公司,货币型ETF,,,52110000.0,1608,160986,99.99,100.11567164179,-0.01
2021-11-25,511620.SH,国泰瞬利货币A,20170907,,同期七天通知存款利率(税后),国泰基金管理有限公司,中国建设银行股份有限公司,货币型ETF,,,40110000.0,4054,405363,99.993,99.990873211643,-0.007
2021-11-26,511620.SH,国泰瞬利货币A,20170907,,同期七天通知存款利率(税后),国泰基金管理有限公司,中国建设银行股份有限公司,货币型ETF,,,36900000.0,3209,320899,99.997,99.999688376441,-0.003
2021-11-29,511620.SH,国泰瞬利货币A,20170907,,同期七天通知存款利率(税后),国泰基金管理有限公司,中国建设银行股份有限公司,货币型ETF,,,36910000.0,906,90580,99.978,99.977924944812,-0.022
2021-11-30,511620.SH,国泰瞬利货币A,20170907,,同期七天通知存款利率(税后),国泰基金管理有限公司,中国建设银行股份有限公司,货币型ETF,,,36900000.0,66,6598,99.978,99.969696969697,-0.022
2021-12-01,511620.SH,国泰瞬利货币A,20170907,,同期七天通知存款利率(税后),国泰基金管理有限公司,中国建设银行股份有限公司,货币型ETF,,,36880000.0,1972,197174,99.994,99.986815415821,-0.006
2021-12-02,511620.SH,国泰瞬利货币A,20170907,,同期七天通知存款利率(税后),国泰基金管理有限公司,中国建设银行股份有限公司,货币型ETF,,,36770000.0,2200,219984,99.99,99.992727272727,-0.01
2021-12-03,511620.SH,国泰瞬利货币A,20170907,,同期七天通知存款利率(税后),国泰基金管理有限公司,中国建设银行股份有限公司,货币型ETF,,,34710000.0,1882,188228,100.01,100.01487778959,0.01
2021-12-06,511620.SH,国泰瞬利货币A,20170907,,同期七天通知存款利率(税后),国泰基金管理有限公司,中国建设银行股份有限公司,货币型ETF,,,34710000.0,12113,1211297,99.994,99.999752332205,-0.006
2021-12-07,511620.SH,国泰瞬利货币A,20170907,,同期七天通知存款利率(税后),国泰基金管理有限公司,中国建设银行股份有限公司,货币型ETF,,,33700000.0,1161,116102,99.995,100.00172265289,-0.005
2021-12-08,511620.SH,国泰瞬利货币A,20170907,,同期七天通知存款利率(税后),国泰基金管理有限公司,中国建设银行股份有限公司,货币型ETF,,,14280000.0,1102,110191,99.991,99.991833030853,-0.009
2021-12-09,511620.SH,国泰瞬利货币A,20170907,,同期七天通知存款利率(税后),国泰基金管理有限公司,中国建设银行股份有限公司,货币型ETF,,,14230000.0,1423,142266,99.98,99.976106816585,-0.02
2021-12-10,511620.SH,国泰瞬利货币A,20170907,,同期七天通知存款利率(税后),国泰基金管理有限公司,中国建设银行股份有限公司,货币型ETF,,,14220000.0,3254,325417,100.007,100.00522433927,0.007
2021-12-13,511620.SH,国泰瞬利货币A,20170907,,同期七天通知存款利率(税后),国泰基金管理有限公司,中国建设银行股份有限公司,货币型ETF,,,14200000.0,1611,161085,99.99,99.990689013035,-0.01
2021-12-14,511620.SH,国泰瞬利货币A,20170907,,同期七天通知存款利率(税后),国泰基金管理有限公司,中国建设银行股份有限公司,货币型ETF,,,14160000.0,4035,403460,99.995,99.990086741016,-0.005
2021-12-15,511620.SH,国泰瞬利货币A,20170907,,同期七天通知存款利率(税后),国泰基金管理有限公司,中国建设银行股份有限公司,货币型ETF,,,14130000.0,3007,300686,99.993,99.995344196874,-0.007
2021-12-16,511620.SH,国泰瞬利货币A,20170907,,同期七天通知存款利率(税后),国泰基金管理有限公司,中国建设银行股份有限公司,货币型ETF,,,13950000.0,1819,181887,99.992,99.992853216053,-0.008
2021-12-17,511620.SH,国泰瞬利货币A,20170907,,同期七天通知存款利率(税后),国泰基金管理有限公司,中国建设银行股份有限公司,货币型ETF,,,13790000.0,3526,352601,100.002,100.00028360749,0.002
2021-12-20,511620.SH,国泰瞬利货币A,20170907,,同期七天通知存款利率(税后),国泰基金管理有限公司,中国建设银行股份有限公司,货币型ETF,,,13780000.0,2221,222078,99.988,99.990094552004,-0.012
2021-12-21,511620.SH,国泰瞬利货币A,20170907,,同期七天通知存款利率(税后),国泰基金管理有限公司,中国建设银行股份有限公司,货币型ETF,,,13760000.0,411,41097,99.989,99.992700729927,-0.011
2021-12-22,511620.SH,国泰瞬利货币A,20170907,,同期七天通知存款利率(税后),国泰基金管理有限公司,中国建设银行股份有限公司,货币型ETF,,,13750000.0,204,20400,99.981,100,-0.019
2021-12-23,511620.SH,国泰瞬利货币A,20170907,,同期七天通知存款利率(税后),国泰基金管理有限公司,中国建设银行股份有限公司,货币型ETF,,,13770000.0,1179,117902,100.008,100.00169635284,0.008
2021-12-24,511620.SH,国泰瞬利货币A,20170907,,同期七天通知存款利率(税后),国泰基金管理有限公司,中国建设银行股份有限公司,货币型ETF,,,13770000.0,4046,404697,99.991,100.0239742956,-0.009
2021-12-27,511620.SH,国泰瞬利货币A,20170907,,同期七天通知存款利率(税后),国泰基金管理有限公司,中国建设银行股份有限公司,货币型ETF,,,13770000.0,4447,444679,99.994,99.995277715314,-0.006
2021-12-28,511620.SH,国泰瞬利货币A,20170907,,同期七天通知存款利率(税后),国泰基金管理有限公司,中国建设银行股份有限公司,货币型ETF,,,13780000.0,419,41896,99.99,99.990453460621,-0.01
2021-12-29,511620.SH,国泰瞬利货币A,20170907,,同期七天通知存款利率(税后),国泰基金管理有限公司,中国建设银行股份有限公司,货币型ETF,,,13780000.0,1964,196485,100.007,100.0432790224,0.007
2021-12-30,511620.SH,国泰瞬利货币A,20170907,,同期七天通知存款利率(税后),国泰基金管理有限公司,中国建设银行股份有限公司,货币型ETF,,,13780000.0,3001,300110,100.007,100.00333222259,0.007
2021-12-31,511620.SH,国泰瞬利货币A,20170907,,同期七天通知存款利率(税后),国泰基金管理有限公司,中国建设银行股份有限公司,货币型ETF,,,13786214.0,20181,2026359,100.453,100.4092463208,0.453
2022-01-04,511620.SH,国泰瞬利货币A,20170907,,同期七天通知存款利率(税后),国泰基金管理有限公司,中国建设银行股份有限公司,货币型ETF,,,13780000.0,8723,873257,100.298,100.10970996217,0.298
2022-01-05,511620.SH,国泰瞬利货币A,20170907,,同期七天通知存款利率(税后),国泰基金管理有限公司,中国建设银行股份有限公司,货币型ETF,,,13790000.0,1218,121948,100.035,100.12151067323,0.035
2022-01-06,511620.SH,国泰瞬利货币A,20170907,,同期七天通知存款利率(税后),国泰基金管理有限公司,中国建设银行股份有限公司,货币型ETF,,,13800000.0,469,46933,100.198,100.07036247335,0.198
2022-01-07,511620.SH,国泰瞬利货币A,20170907,,同期七天通知存款利率(税后),国泰基金管理有限公司,中国建设银行股份有限公司,货币型ETF,,,13910000.0,5126,513676,100.1,100.20991026141,0.1
2022-01-10,511620.SH,国泰瞬利货币A,20170907,,同期七天通知存款利率(税后),国泰基金管理有限公司,中国建设银行股份有限公司,货币型ETF,,,13920000.0,3204,320597,100.18,100.06148564295,0.18
2022-01-11,511620.SH,国泰瞬利货币A,20170907,,同期七天通知存款利率(税后),国泰基金管理有限公司,中国建设银行股份有限公司,货币型ETF,,,13950000.0,837,83722,100.024,100.02628434886,0.024
2022-01-12,511620.SH,国泰瞬利货币A,20170907,,同期七天通知存款利率(税后),国泰基金管理有限公司,中国建设银行股份有限公司,货币型ETF,,,14170000.0,837,83721,100.019,100.02508960573,0.019
2022-01-13,511620.SH,国泰瞬利货币A,20170907,,同期七天通知存款利率(税后),国泰基金管理有限公司,中国建设银行股份有限公司,货币型ETF,,,14240000.0,5310,531456,100.092,100.08587570621,0.092
2022-01-14,511620.SH,国泰瞬利货币A,20170907,,同期七天通知存款利率(税后),国泰基金管理有限公司,中国建设银行股份有限公司,货币型ETF,,,14390000.0,1043,104418,100.1,100.11313518696,0.1
2022-01-17,511620.SH,国泰瞬利货币A,20170907,,同期七天通知存款利率(税后),国泰基金管理有限公司,中国建设银行股份有限公司,货币型ETF,,,14500000.0,2927,292872,100.079,100.05876323881,0.079
2022-01-18,511620.SH,国泰瞬利货币A,20170907,,同期七天通知存款利率(税后),国泰基金管理有限公司,中国建设银行股份有限公司,货币型ETF,,,14650000.0,1418,141885,100.078,100.05994358251,0.078
2022-01-19,511620.SH,国泰瞬利货币A,20170907,,同期七天通知存款利率(税后),国泰基金管理有限公司,中国建设银行股份有限公司,货币型ETF,,,14730000.0,5653,565651,100.076,100.06209092517,0.076
2022-01-20,511620.SH,国泰瞬利货币A,20170907,,同期七天通知存款利率(税后),国泰基金管理有限公司,中国建设银行股份有限公司,货币型ETF,,,15370000.0,12458,1247410,100.132,100.129234227,0.132
2022-01-21,511620.SH,国泰瞬利货币A,20170907,,同期七天通知存款利率(税后),国泰基金管理有限公司,中国建设银行股份有限公司,货币型ETF,,,15770000.0,6574,658446,100.15,100.15911165196,0.15
2022-01-24,511620.SH,国泰瞬利货币A,20170907,,同期七天通知存款利率(税后),国泰基金管理有限公司,中国建设银行股份有限公司,货币型ETF,,,16210000.0,7765,779336,100.573,100.36522858983,0.573
2022-01-25,511620.SH,国泰瞬利货币A,20170907,,同期七天通知存款利率(税后),国泰基金管理有限公司,中国建设银行股份有限公司,货币型ETF,,,17620000.0,13269,1378959,100.415,103.92335518879,0.415
2022-01-26,511620.SH,国泰瞬利货币A,20170907,,同期七天通知存款利率(税后),国泰基金管理有限公司,中国建设银行股份有限公司,货币型ETF,,,18820000.0,36204,3584009,100.148,98.994834824881,0.148
2022-01-27,511620.SH,国泰瞬利货币A,20170907,,同期七天通知存款利率(税后),国泰基金管理有限公司,中国建设银行股份有限公司,货币型ETF,,,18930000.0,10506,1051397,100.133,100.07586141253,0.133
2022-01-28,511620.SH,国泰瞬利货币A,20170907,,同期七天通知存款利率(税后),国泰基金管理有限公司,中国建设银行股份有限公司,货币型ETF,,,18930000.0,36641,3670971,100.021,100.18752217461,0.021
2022-02-07,511620.SH,国泰瞬利货币A,20170907,,同期七天通知存款利率(税后),国泰基金管理有限公司,中国建设银行股份有限公司,货币型ETF,,,18940000.0,23979,2398457,100.005,100.02322865841,0.005
2022-02-08,511620.SH,国泰瞬利货币A,20170907,,同期七天通知存款利率(税后),国泰基金管理有限公司,中国建设银行股份有限公司,货币型ETF,,,18930000.0,3906,390594,99.995,99.99846390169,-0.005
2022-02-09,511620.SH,国泰瞬利货币A,20170907,,同期七天通知存款利率(税后),国泰基金管理有限公司,中国建设银行股份有限公司,货币型ETF,,,18910000.0,14105,1410456,99.998,99.996880538816,-0.002
2022-02-10,511620.SH,国泰瞬利货币A,20170907,,同期七天通知存款利率(税后),国泰基金管理有限公司,中国建设银行股份有限公司,货币型ETF,,,18760000.0,5502,550176,99.999,99.995637949836,-0.001
2022-02-11,511620.SH,国泰瞬利货币A,20170907,,同期七天通知存款利率(税后),国泰基金管理有限公司,中国建设银行股份有限公司,货币型ETF,,,18750000.0,11000,1100016,100,100.00145454545,0
2022-02-14,511620.SH,国泰瞬利货币A,20170907,,同期七天通知存款利率(税后),国泰基金管理有限公司,中国建设银行股份有限公司,货币型ETF,,,18700000.0,2360,235998,99.999,99.999152542373,-0.001
2022-02-15,511620.SH,国泰瞬利货币A,20170907,,同期七天通知存款利率(税后),国泰基金管理有限公司,中国建设银行股份有限公司,货币型ETF,,,18680000.0,13578,1357715,99.996,99.993739873325,-0.004
2022-02-16,511620.SH,国泰瞬利货币A,20170907,,同期七天通知存款利率(税后),国泰基金管理有限公司,中国建设银行股份有限公司,货币型ETF,,,55660000.0,8143,814187,99.996,99.986123050473,-0.004
2022-02-17,511620.SH,国泰瞬利货币A,20170907,,同期七天通知存款利率(税后),国泰基金管理有限公司,中国建设银行股份有限公司,货币型ETF,,,55660000.0,2108,210779,99.99,99.990037950664,-0.01
2022-02-18,511620.SH,国泰瞬利货币A,20170907,,同期七天通知存款利率(税后),国泰基金管理有限公司,中国建设银行股份有限公司,货币型ETF,,,55610000.0,8811,881139,100.001,100.00442628533,0.001
2022-02-21,511620.SH,国泰瞬利货币A,20170907,,同期七天通知存款利率(税后),国泰基金管理有限公司,中国建设银行股份有限公司,货币型ETF,,,55620000.0,2307,230690,100,99.995665366277,0
2022-02-22,511620.SH,国泰瞬利货币A,20170907,,同期七天通知存款利率(税后),国泰基金管理有限公司,中国建设银行股份有限公司,货币型ETF,,,55530000.0,3520,352021,99.998,100.00596590909,-0.002
2022-02-23,511620.SH,国泰瞬利货币A,20170907,,同期七天通知存款利率(税后),国泰基金管理有限公司,中国建设银行股份有限公司,货币型ETF,,,55530000.0,5704,570365,99.993,99.993863955119,-0.007
2022-02-24,511620.SH,国泰瞬利货币A,20170907,,同期七天通知存款利率(税后),国泰基金管理有限公司,中国建设银行股份有限公司,货币型ETF,,,55530000.0,11210,1120898,99.992,99.990900981267,-0.008
2022-02-25,511620.SH,国泰瞬利货币A,20170907,,同期七天通知存款利率(税后),国泰基金管理有限公司,中国建设银行股份有限公司,货币型ETF,,,55040000.0,11408,1141276,99.999,100.04172510519,-0.001
2022-02-28,511620.SH,国泰瞬利货币A,20170907,,同期七天通知存款利率(税后),国泰基金管理有限公司,中国建设银行股份有限公司,货币型ETF,,,55050000.0,3518,351631,99.988,99.951961341671,-0.012
2022-03-01,511620.SH,国泰瞬利货币A,20170907,,同期七天通知存款利率(税后),国泰基金管理有限公司,中国建设银行股份有限公司,货币型ETF,,,54860000.0,4913,491244,99.988,99.988601669041,-0.012
2022-03-02,511620.SH,国泰瞬利货币A,20170907,,同期七天通知存款利率(税后),国泰基金管理有限公司,中国建设银行股份有限公司,货币型ETF,,,54580000.0,6313,631247,99.996,99.991604625376,-0.004
2022-03-03,511620.SH,国泰瞬利货币A,20170907,,同期七天通知存款利率(税后),国泰基金管理有限公司,中国建设银行股份有限公司,货币型ETF,,,54430000.0,9705,970447,99.996,99.994538897476,-0.004
2022-03-04,511620.SH,国泰瞬利货币A,20170907,,同期七天通知存款利率(税后),国泰基金管理有限公司,中国建设银行股份有限公司,货币型ETF,,,54030000.0,10689,1069124,100.004,100.02095612312,0.004
2022-03-07,511620.SH,国泰瞬利货币A,20170907,,同期七天通知存款利率(税后),国泰基金管理有限公司,中国建设银行股份有限公司,货币型ETF,,,51040000.0,3685,368493,99.999,99.998100407056,-0.001
2022-03-08,511620.SH,国泰瞬利货币A,20170907,,同期七天通知存款利率(税后),国泰基金管理有限公司,中国建设银行股份有限公司,货币型ETF,,,51040000.0,4525,452491,99.995,99.998011049724,-0.005
2022-03-09,511620.SH,国泰瞬利货币A,20170907,,同期七天通知存款利率(税后),国泰基金管理有限公司,中国建设银行股份有限公司,货币型ETF,,,51040000.0,4310,430984,99.995,99.996287703016,-0.005
2022-03-10,511620.SH,国泰瞬利货币A,20170907,,同期七天通知存款利率(税后),国泰基金管理有限公司,中国建设银行股份有限公司,货币型ETF,,,51030000.0,9904,992035,100,100.16508481422,0
2022-03-11,511620.SH,国泰瞬利货币A,20170907,,同期七天通知存款利率(税后),国泰基金管理有限公司,中国建设银行股份有限公司,货币型ETF,,,51030000.0,9303,930412,100.011,100.01203912716,0.011
2022-03-14,511620.SH,国泰瞬利货币A,20170907,,同期七天通知存款利率(税后),国泰基金管理有限公司,中国建设银行股份有限公司,货币型ETF,,,51040000.0,3803,380300,100.013,100,0.013
2022-03-15,511620.SH,国泰瞬利货币A,20170907,,同期七天通知存款利率(税后),国泰基金管理有限公司,中国建设银行股份有限公司,货币型ETF,,,51040000.0,7506,750569,99.997,99.99586997069,-0.003
2022-03-16,511620.SH,国泰瞬利货币A,20170907,,同期七天通知存款利率(税后),国泰基金管理有限公司,中国建设银行股份有限公司,货币型ETF,,,51040000.0,8533,853299,100,99.999882807922,0
2022-03-17,511620.SH,国泰瞬利货币A,20170907,,同期七天通知存款利率(税后),国泰基金管理有限公司,中国建设银行股份有限公司,货币型ETF,,,51040000.0,28544,2853809,99.992,99.979295123318,-0.008
2022-03-18,511620.SH,国泰瞬利货币A,20170907,,同期七天通知存款利率(税后),国泰基金管理有限公司,中国建设银行股份有限公司,货币型ETF,,,50400000.0,6433,643297,100.002,99.999533654594,0.002
2022-03-21,511620.SH,国泰瞬利货币A,20170907,,同期七天通知存款利率(税后),国泰基金管理有限公司,中国建设银行股份有限公司,货币型ETF,,,50430000.0,1117,111697,99.996,99.997314234557,-0.004
2022-03-22,511620.SH,国泰瞬利货币A,20170907,,同期七天通知存款利率(税后),国泰基金管理有限公司,中国建设银行股份有限公司,货币型ETF,,,50380000.0,3803,380266,99.99,99.991059689719,-0.01
2022-03-23,511620.SH,国泰瞬利货币A,20170907,,同期七天通知存款利率(税后),国泰基金管理有限公司,中国建设银行股份有限公司,货币型ETF,,,50380000.0,103127,10309573,99.986,99.969678163817,-0.014
2022-03-24,511620.SH,国泰瞬利货币A,20170907,,同期七天通知存款利率(税后),国泰基金管理有限公司,中国建设银行股份有限公司,货币型ETF,,,46080000.0,11006,1100486,99.987,99.989642013447,-0.013
2022-03-25,511620.SH,国泰瞬利货币A,20170907,,同期七天通知存款利率(税后),国泰基金管理有限公司,中国建设银行股份有限公司,货币型ETF,,,45530000.0,12316,1231742,100.012,100.01152971744,0.012
2022-03-28,511620.SH,国泰瞬利货币A,20170907,,同期七天通知存款利率(税后),国泰基金管理有限公司,中国建设银行股份有限公司,货币型ETF,,,45620000.0,3502,350161,99.989,99.988863506568,-0.011
2022-03-29,511620.SH,国泰瞬利货币A,20170907,,同期七天通知存款利率(税后),国泰基金管理有限公司,中国建设银行股份有限公司,货币型ETF,,,45620000.0,604,60455,99.974,100.09105960265,-0.026
2022-03-30,511620.SH,国泰瞬利货币A,20170907,,同期七天通知存款利率(税后),国泰基金管理有限公司,中国建设银行股份有限公司,货币型ETF,,,45620000.0,12517,1251240,99.997,99.963249980027,-0.003
2022-03-31,511620.SH,国泰瞬利货币A,20170907,,同期七天通知存款利率(税后),国泰基金管理有限公司,中国建设银行股份有限公司,货币型ETF,,,45320000.0,2402,240120,99.973,99.966694421316,-0.027
2022-04-01,511620.SH,国泰瞬利货币A,20170907,,同期七天通知存款利率(税后),国泰基金管理有限公司,中国建设银行股份有限公司,货币型ETF,,,45320000.0,13120,1312493,100,100.03757621951,0
2022-04-06,511620.SH,国泰瞬利货币A,20170907,,同期七天通知存款利率(税后),国泰基金管理有限公司,中国建设银行股份有限公司,货币型ETF,,,45330000.0,10602,1060084,99.98,99.989058668176,-0.02
2022-04-07,511620.SH,国泰瞬利货币A,20170907,,同期七天通知存款利率(税后),国泰基金管理有限公司,中国建设银行股份有限公司,货币型ETF,,,45070000.0,3715,371453,99.989,99.98734858681,-0.011
2022-04-08,511620.SH,国泰瞬利货币A,20170907,,同期七天通知存款利率(税后),国泰基金管理有限公司,中国建设银行股份有限公司,货币型ETF,,,45030000.0,6001,600136,100,100.00599900017,0
2022-04-11,511620.SH,国泰瞬利货币A,20170907,,同期七天通知存款利率(税后),国泰基金管理有限公司,中国建设银行股份有限公司,货币型ETF,,,45040000.0,8054,805386,99.999,99.9982617333,-0.001
2022-04-12,511620.SH,国泰瞬利货币A,20170907,,同期七天通知存款利率(税后),国泰基金管理有限公司,中国建设银行股份有限公司,货币型ETF,,,44810000.0,13913,1394444,100.041,100.22597570617,0.041
2022-04-13,511620.SH,国泰瞬利货币A,20170907,,同期七天通知存款利率(税后),国泰基金管理有限公司,中国建设银行股份有限公司,货币型ETF,,,44810000.0,4203,420326,100.003,100.00618605758,0.003
2022-04-14,511620.SH,国泰瞬利货币A,20170907,,同期七天通知存款利率(税后),国泰基金管理有限公司,中国建设银行股份有限公司,货币型ETF,,,44830000.0,5423,542310,100.014,100.00184399779,0.014
2022-04-15,511620.SH,国泰瞬利货币A,20170907,,同期七天通知存款利率(税后),国泰基金管理有限公司,中国建设银行股份有限公司,货币型ETF,,,44830000.0,11896,1189742,100.005,100.01193678547,0.005
2022-04-18,511620.SH,国泰瞬利货币A,20170907,,同期七天通知存款利率(税后),国泰基金管理有限公司,中国建设银行股份有限公司,货币型ETF,,,44840000.0,1405,140503,100.006,100.00213523132,0.006
2022-04-19,511620.SH,国泰瞬利货币A,20170907,,同期七天通知存款利率(税后),国泰基金管理有限公司,中国建设银行股份有限公司,货币型ETF,,,44840000.0,803,80373,100.002,100.09090909091,0.002
2022-04-20,511620.SH,国泰瞬利货币A,20170907,,同期七天通知存款利率(税后),国泰基金管理有限公司,中国建设银行股份有限公司,货币型ETF,,,44840000.0,202,20200,100,100,0
2022-04-21,511620.SH,国泰瞬利货币A,20170907,,同期七天通知存款利率(税后),国泰基金管理有限公司,中国建设银行股份有限公司,货币型ETF,,,44840000.0,1216,121669,100.001,100.05674342105,0.001
2022-04-22,511620.SH,国泰瞬利货币A,20170907,,同期七天通知存款利率(税后),国泰基金管理有限公司,中国建设银行股份有限公司,货币型ETF,,,44840000.0,2003,200299,99.998,99.999500748877,-0.002
2022-04-25,511620.SH,国泰瞬利货币A,20170907,,同期七天通知存款利率(税后),国泰基金管理有限公司,中国建设银行股份有限公司,货币型ETF,,,44850000.0,1303,130289,99.999,99.991557943208,-0.001
2022-04-26,511620.SH,国泰瞬利货币A,20170907,,同期七天通知存款利率(税后),国泰基金管理有限公司,中国建设银行股份有限公司,货币型ETF,,,44850000.0,2700,269999,100,99.99962962963,0
2022-04-27,511620.SH,国泰瞬利货币A,20170907,,同期七天通知存款利率(税后),国泰基金管理有限公司,中国建设银行股份有限公司,货币型ETF,,,44840000.0,1401,140099,99.998,99.999286224126,-0.002
2022-04-28,511620.SH,国泰瞬利货币A,20170907,,同期七天通知存款利率(税后),国泰基金管理有限公司,中国建设银行股份有限公司,货币型ETF,,,44840000.0,1201,120096,99.999,99.996669442132,-0.001
2022-04-29,511620.SH,国泰瞬利货币A,20170907,,同期七天通知存款利率(税后),国泰基金管理有限公司,中国建设银行股份有限公司,货币型ETF,,,44840000.0,15711,1572028,100.066,100.05906689581,0.066
2022-05-05,511620.SH,国泰瞬利货币A,20170907,,同期七天通知存款利率(税后),国泰基金管理有限公司,中国建设银行股份有限公司,货币型ETF,,,44860000.0,3008,300811,99.997,100.00365691489,-0.003
2022-05-06,511620.SH,国泰瞬利货币A,20170907,,同期七天通知存款利率(税后),国泰基金管理有限公司,中国建设银行股份有限公司,货币型ETF,,,44820000.0,4401,440144,100,100.00999772779,0
2022-05-09,511620.SH,国泰瞬利货币A,20170907,,同期七天通知存款利率(税后),国泰基金管理有限公司,中国建设银行股份有限公司,货币型ETF,,,44820000.0,3558,355769,99.984,99.991287240022,-0.016
2022-05-10,511620.SH,国泰瞬利货币A,20170907,,同期七天通知存款利率(税后),国泰基金管理有限公司,中国建设银行股份有限公司,货币型ETF,,,44820000.0,1604,160402,99.992,100.00124688279,-0.008
2022-05-11,511620.SH,国泰瞬利货币A,20170907,,同期七天通知存款利率(税后),国泰基金管理有限公司,中国建设银行股份有限公司,货币型ETF,,,44770000.0,2505,250489,99.996,99.995608782435,-0.004
2022-05-12,511620.SH,国泰瞬利货币A,20170907,,同期七天通知存款利率(税后),国泰基金管理有限公司,中国建设银行股份有限公司,货币型ETF,,,44760000.0,800,79997,99.996,99.99625,-0.004
2022-05-13,511620.SH,国泰瞬利货币A,20170907,,同期七天通知存款利率(税后),国泰基金管理有限公司,中国建设银行股份有限公司,货币型ETF,,,44740000.0,12200,1220694,100.065,100.0568852459,0.065
2022-05-16,511620.SH,国泰瞬利货币A,20170907,,同期七天通知存款利率(税后),国泰基金管理有限公司,中国建设银行股份有限公司,货币型ETF,,,44740000.0,1000,100010,100,100.01,0
2022-05-17,511620.SH,国泰瞬利货币A,20170907,,同期七天通知存款利率(税后),国泰基金管理有限公司,中国建设银行股份有限公司,货币型ETF,,,44740000.0,2523,252300,100,100,0
2022-05-18,511620.SH,国泰瞬利货币A,20170907,,同期七天通知存款利率(税后),国泰基金管理有限公司,中国建设银行股份有限公司,货币型ETF,,,44740000.0,308,30804,100.01,100.01298701299,0.01
2022-05-19,511620.SH,国泰瞬利货币A,20170907,,同期七天通知存款利率(税后),国泰基金管理有限公司,中国建设银行股份有限公司,货币型ETF,,,44750000.0,101,10101,100.001,100.0099009901,0.001
2022-05-20,511620.SH,国泰瞬利货币A,20170907,,同期七天通知存款利率(税后),国泰基金管理有限公司,中国建设银行股份有限公司,货币型ETF,,,44750000.0,929,92962,100.056,100.06673842842,0.056
2022-05-23,511620.SH,国泰瞬利货币A,20170907,,同期七天通知存款利率(税后),国泰基金管理有限公司,中国建设银行股份有限公司,货币型ETF,,,44750000.0,1244,124441,100.05,100.03295819936,0.05
2022-05-24,511620.SH,国泰瞬利货币A,20170907,,同期七天通知存款利率(税后),国泰基金管理有限公司,中国建设银行股份有限公司,货币型ETF,,,44750000.0,1004,100407,100.002,100.00697211155,0.002
2022-05-25,511620.SH,国泰瞬利货币A,20170907,,同期七天通知存款利率(税后),国泰基金管理有限公司,中国建设银行股份有限公司,货币型ETF,,,44750000.0,1,100,100,100,0
2022-05-26,511620.SH,国泰瞬利货币A,20170907,,同期七天通知存款利率(税后),国泰基金管理有限公司,中国建设银行股份有限公司,货币型ETF,,,44760000.0,365,36506,100.017,100.01643835616,0.017
2022-05-27,511620.SH,国泰瞬利货币A,20170907,,同期七天通知存款利率(税后),国泰基金管理有限公司,中国建设银行股份有限公司,货币型ETF,,,44760000.0,4203,420464,100.001,100.0390197478,0.001
2022-05-30,511620.SH,国泰瞬利货币A,20170907,,同期七天通知存款利率(税后),国泰基金管理有限公司,中国建设银行股份有限公司,货币型ETF,,,44760000.0,10203,1020278,100,99.99784377144,0
2022-05-31,511620.SH,国泰瞬利货币A,20170907,,同期七天通知存款利率(税后),国泰基金管理有限公司,中国建设银行股份有限公司,货币型ETF,,,44760000.0,3801,380097,100,99.999210734017,0
2022-06-01,511620.SH,国泰瞬利货币A,20170907,,同期七天通知存款利率(税后),国泰基金管理有限公司,中国建设银行股份有限公司,货币型ETF,,,44770000.0,9912,991077,99.993,99.987590799031,-0.007
2022-06-02,511620.SH,国泰瞬利货币A,20170907,,同期七天通知存款利率(税后),国泰基金管理有限公司,中国建设银行股份有限公司,货币型ETF,,,44780000.0,4602,460267,100.002,100.01455888744,0.002
2022-06-06,511620.SH,国泰瞬利货币A,20170907,,同期七天通知存款利率(税后),国泰基金管理有限公司,中国建设银行股份有限公司,货币型ETF,,,44780000.0,4217,421632,99.989,99.983874792507,-0.011
2022-06-07,511620.SH,国泰瞬利货币A,20170907,,同期七天通知存款利率(税后),国泰基金管理有限公司,中国建设银行股份有限公司,货币型ETF,,,44780000.0,5745,574437,99.991,99.989033942559,-0.009
2022-06-08,511620.SH,国泰瞬利货币A,20170907,,同期七天通知存款利率(税后),国泰基金管理有限公司,中国建设银行股份有限公司,货币型ETF,,,35580000.0,3925,392472,99.991,99.992866242038,-0.009
2022-06-09,511620.SH,国泰瞬利货币A,20170907,,同期七天通知存款利率(税后),国泰基金管理有限公司,中国建设银行股份有限公司,货币型ETF,,,35580000.0,611,61098,99.992,99.996726677578,-0.008
2022-06-10,511620.SH,国泰瞬利货币A,20170907,,同期七天通知存款利率(税后),国泰基金管理有限公司,中国建设银行股份有限公司,货币型ETF,,,35580000.0,4412,441281,100.031,100.01835902085,0.031
2022-06-13,511620.SH,国泰瞬利货币A,20170907,,同期七天通知存款利率(税后),国泰基金管理有限公司,中国建设银行股份有限公司,货币型ETF,,,35590000.0,2112,211176,99.986,99.988636363636,-0.014
2022-06-14,511620.SH,国泰瞬利货币A,20170907,,同期七天通知存款利率(税后),国泰基金管理有限公司,中国建设银行股份有限公司,货币型ETF,,,26590000.0,602,60189,100.006,99.981727574751,0.006
2022-06-15,511620.SH,国泰瞬利货币A,20170907,,同期七天通知存款利率(税后),国泰基金管理有限公司,中国建设银行股份有限公司,货币型ETF,,,15470000.0,3517,351648,99.996,99.985214671595,-0.004
2022-06-16,511620.SH,国泰瞬利货币A,20170907,,同期七天通知存款利率(税后),国泰基金管理有限公司,中国建设银行股份有限公司,货币型ETF,,,15420000.0,404,40396,99.999,99.990099009901,-0.001
2022-06-17,511620.SH,国泰瞬利货币A,20170907,,同期七天通知存款利率(税后),国泰基金管理有限公司,中国建设银行股份有限公司,货币型ETF,,,15430000.0,3810,381018,99.998,100.00472440945,-0.002
2022-06-20,511620.SH,国泰瞬利货币A,20170907,,同期七天通知存款利率(税后),国泰基金管理有限公司,中国建设银行股份有限公司,货币型ETF,,,15390000.0,1603,160300,99.994,100,-0.006
2022-06-21,511620.SH,国泰瞬利货币A,20170907,,同期七天通知存款利率(税后),国泰基金管理有限公司,中国建设银行股份有限公司,货币型ETF,,,15390000.0,6935,693537,100,100.00533525595,0
2022-06-22,511620.SH,国泰瞬利货币A,20170907,,同期七天通知存款利率(税后),国泰基金管理有限公司,中国建设银行股份有限公司,货币型ETF,,,15390000.0,3002,300275,100.018,100.02498334444,0.018
2022-06-23,511620.SH,国泰瞬利货币A,20170907,,同期七天通知存款利率(税后),国泰基金管理有限公司,中国建设银行股份有限公司,货币型ETF,,,15400000.0,300,30015,100,100.05,0
2022-06-24,511620.SH,国泰瞬利货币A,20170907,,同期七天通知存款利率(税后),国泰基金管理有限公司,中国建设银行股份有限公司,货币型ETF,,,15570000.0,9519,952803,100.336,100.09486290577,0.336
2022-06-27,511620.SH,国泰瞬利货币A,20170907,,同期七天通知存款利率(税后),国泰基金管理有限公司,中国建设银行股份有限公司,货币型ETF,,,15720000.0,1905,190851,100.336,100.1842519685,0.336
2022-06-28,511620.SH,国泰瞬利货币A,20170907,,同期七天通知存款利率(税后),国泰基金管理有限公司,中国建设银行股份有限公司,货币型ETF,,,15770000.0,2263,226672,100.101,100.16438356164,0.101
2022-06-29,511620.SH,国泰瞬利货币A,20170907,,同期七天通知存款利率(税后),国泰基金管理有限公司,中国建设银行股份有限公司,货币型ETF,,,15670000.0,2099,210025,100.097,100.0595521677,0.097
2022-06-30,511620.SH,国泰瞬利货币A,20170907,,同期七天通知存款利率(税后),国泰基金管理有限公司,中国建设银行股份有限公司,货币型ETF,,,15680000.0,1303,130325,100.031,100.01918649271,0.031
2022-07-01,511620.SH,国泰瞬利货币A,20170907,,同期七天通知存款利率(税后),国泰基金管理有限公司,中国建设银行股份有限公司,货币型ETF,,,15700000.0,5077,512750,100.274,100.99468189876,0.274
2022-07-04,511620.SH,国泰瞬利货币A,20170907,,同期七天通知存款利率(税后),国泰基金管理有限公司,中国建设银行股份有限公司,货币型ETF,,,15710000.0,4589,458985,100.003,100.01852255393,0.003
2022-07-05,511620.SH,国泰瞬利货币A,20170907,,同期七天通知存款利率(税后),国泰基金管理有限公司,中国建设银行股份有限公司,货币型ETF,,,15700000.0,1719,171920,100.008,100.01163467132,0.008
2022-07-06,511620.SH,国泰瞬利货币A,20170907,,同期七天通知存款利率(税后),国泰基金管理有限公司,中国建设银行股份有限公司,货币型ETF,,,15700000.0,608,60801,100.001,100.00164473684,0.001
2022-07-07,511620.SH,国泰瞬利货币A,20170907,,同期七天通知存款利率(税后),国泰基金管理有限公司,中国建设银行股份有限公司,货币型ETF,,,15710000.0,2991,300190,100.057,100.36442661317,0.057
2022-07-08,511620.SH,国泰瞬利货币A,20170907,,同期七天通知存款利率(税后),国泰基金管理有限公司,中国建设银行股份有限公司,货币型ETF,,,15710000.0,1507,150918,100.037,100.14465826145,0.037
2022-07-11,511620.SH,国泰瞬利货币A,20170907,,同期七天通知存款利率(税后),国泰基金管理有限公司,中国建设银行股份有限公司,货币型ETF,,,15750000.0,1502,150265,100.067,100.04327563249,0.067
2022-07-12,511620.SH,国泰瞬利货币A,20170907,,同期七天通知存款利率(税后),国泰基金管理有限公司,中国建设银行股份有限公司,货币型ETF,,,15990000.0,2896,289817,100.051,100.07493093923,0.051
2022-07-13,511620.SH,国泰瞬利货币A,20170907,,同期七天通知存款利率(税后),国泰基金管理有限公司,中国建设银行股份有限公司,货币型ETF,,,16160000.0,3401,340198,100.029,100.0288150544,0.029
2022-07-14,511620.SH,国泰瞬利货币A,20170907,,同期七天通知存款利率(税后),国泰基金管理有限公司,中国建设银行股份有限公司,货币型ETF,,,16320000.0,2154,215411,100.002,100.00510677809,0.002
2022-07-15,511620.SH,国泰瞬利货币A,20170907,,同期七天通知存款利率(税后),国泰基金管理有限公司,中国建设银行股份有限公司,货币型ETF,,,16320000.0,3903,390472,100.037,100.04406866513,0.037
2022-07-18,511620.SH,国泰瞬利货币A,20170907,,同期七天通知存款利率(税后),国泰基金管理有限公司,中国建设银行股份有限公司,货币型ETF,,,16330000.0,1800,180026,100.017,100.01444444444,0.017
2022-07-19,511620.SH,国泰瞬利货币A,20170907,,同期七天通知存款利率(税后),国泰基金管理有限公司,中国建设银行股份有限公司,货币型ETF,,,16330000.0,2705,270520,100.004,100.00739371534,0.004
2022-07-20,511620.SH,国泰瞬利货币A,20170907,,同期七天通知存款利率(税后),国泰基金管理有限公司,中国建设银行股份有限公司,货币型ETF,,,16330000.0,3016,301371,100.001,99.924071618037,0.001
2022-07-21,511620.SH,国泰瞬利货币A,20170907,,同期七天通知存款利率(税后),国泰基金管理有限公司,中国建设银行股份有限公司,货币型ETF,,,16330000.0,1609,160903,100.004,100.00186451212,0.004
2022-07-22,511620.SH,国泰瞬利货币A,20170907,,同期七天通知存款利率(税后),国泰基金管理有限公司,中国建设银行股份有限公司,货币型ETF,,,16330000.0,4022,402356,100.028,100.0387866733,0.028
2022-07-25,511620.SH,国泰瞬利货币A,20170907,,同期七天通知存款利率(税后),国泰基金管理有限公司,中国建设银行股份有限公司,货币型ETF,,,16350000.0,3506,350604,100.001,100.00114090131,0.001
2022-07-26,511620.SH,国泰瞬利货币A,20170907,,同期七天通知存款利率(税后),国泰基金管理有限公司,中国建设银行股份有限公司,货币型ETF,,,16350000.0,7206,720594,100,99.999167360533,0
2022-07-27,511620.SH,国泰瞬利货币A,20170907,,同期七天通知存款利率(税后),国泰基金管理有限公司,中国建设银行股份有限公司,货币型ETF,,,16350000.0,2381,238098,100,99.9991600168,0
2022-07-28,511620.SH,国泰瞬利货币A,20170907,,同期七天通知存款利率(税后),国泰基金管理有限公司,中国建设银行股份有限公司,货币型ETF,,,16350000.0,2202,220185,99.998,99.993188010899,-0.002
2022-07-29,511620.SH,国泰瞬利货币A,20170907,,同期七天通知存款利率(税后),国泰基金管理有限公司,中国建设银行股份有限公司,货币型ETF,,,16350000.0,5411,541131,100.002,100.00572907041,0.002
2022-08-01,511620.SH,国泰瞬利货币A,20170907,,同期七天通知存款利率(税后),国泰基金管理有限公司,中国建设银行股份有限公司,货币型ETF,,,16350000.0,1601,160100,99.998,100,-0.002
2022-08-02,511620.SH,国泰瞬利货币A,20170907,,同期七天通知存款利率(税后),国泰基金管理有限公司,中国建设银行股份有限公司,货币型ETF,,,16340000.0,1317,131687,99.994,99.990129081245,-0.006
2022-08-03,511620.SH,国泰瞬利货币A,20170907,,同期七天通知存款利率(税后),国泰基金管理有限公司,中国建设银行股份有限公司,货币型ETF,,,16340000.0,1198,119791,99.994,99.992487479132,-0.006
2022-08-04,511620.SH,国泰瞬利货币A,20170907,,同期七天通知存款利率(税后),国泰基金管理有限公司,中国建设银行股份有限公司,货币型ETF,,,16310000.0,1381,138093,99.995,99.994931209269,-0.005
2022-08-05,511620.SH,国泰瞬利货币A,20170907,,同期七天通知存款利率(税后),国泰基金管理有限公司,中国建设银行股份有限公司,货币型ETF,,,16310000.0,3789,378935,100.002,100.00923726577,0.002
2022-08-08,511620.SH,国泰瞬利货币A,20170907,,同期七天通知存款利率(税后),国泰基金管理有限公司,中国建设银行股份有限公司,货币型ETF,,,16320000.0,2998,299819,100.008,100.00633755837,0.008
2022-08-09,511620.SH,国泰瞬利货币A,20170907,,同期七天通知存款利率(税后),国泰基金管理有限公司,中国建设银行股份有限公司,货币型ETF,,,16310000.0,3444,344356,99.999,99.987224157956,-0.001
2022-08-10,511620.SH,国泰瞬利货币A,20170907,,同期七天通知存款利率(税后),国泰基金管理有限公司,中国建设银行股份有限公司,货币型ETF,,,16310000.0,400,39997,99.999,99.9925,-0.001
2022-08-11,511620.SH,国泰瞬利货币A,20170907,,同期七天通知存款利率(税后),国泰基金管理有限公司,中国建设银行股份有限公司,货币型ETF,,,16310000.0,801,80094,100,99.992509363296,0
2022-08-12,511620.SH,国泰瞬利货币A,20170907,,同期七天通知存款利率(税后),国泰基金管理有限公司,中国建设银行股份有限公司,货币型ETF,,,16310000.0,3857,385890,100.01,100.04926108374,0.01
2022-08-15,511620.SH,国泰瞬利货币A,20170907,,同期七天通知存款利率(税后),国泰基金管理有限公司,中国建设银行股份有限公司,货币型ETF,,,21310000.0,1105,110498,100.01,99.998190045249,0.01
2022-08-16,511620.SH,国泰瞬利货币A,20170907,,同期七天通知存款利率(税后),国泰基金管理有限公司,中国建设银行股份有限公司,货币型ETF,,,26300000.0,2322,232134,99.961,99.97157622739,-0.039
2022-08-17,511620.SH,国泰瞬利货币A,20170907,,同期七天通知存款利率(税后),国泰基金管理有限公司,中国建设银行股份有限公司,货币型ETF,,,26300000.0,2100,210003,100.009,100.00142857143,0.009
2022-08-18,511620.SH,国泰瞬利货币A,20170907,,同期七天通知存款利率(税后),国泰基金管理有限公司,中国建设银行股份有限公司,货币型ETF,,,23310000.0,7101,710158,100,100.00816786368,0
2022-08-19,511620.SH,国泰瞬利货币A,20170907,,同期七天通知存款利率(税后),国泰基金管理有限公司,中国建设银行股份有限公司,货币型ETF,,,23310000.0,3908,390885,100.008,100.02175025589,0.008
2022-08-22,511620.SH,国泰瞬利货币A,20170907,,同期七天通知存款利率(税后),国泰基金管理有限公司,中国建设银行股份有限公司,货币型ETF,,,23460000.0,701,70100,99.996,100,-0.004
2022-08-23,511620.SH,国泰瞬利货币A,20170907,,同期七天通知存款利率(税后),国泰基金管理有限公司,中国建设银行股份有限公司,货币型ETF,,,23460000.0,1001,100095,99.999,99.995004995005,-0.001
2022-08-24,511620.SH,国泰瞬利货币A,20170907,,同期七天通知存款利率(税后),国泰基金管理有限公司,中国建设银行股份有限公司,货币型ETF,,,23430000.0,3911,391097,100,99.999232932754,0
2022-08-25,511620.SH,国泰瞬利货币A,20170907,,同期七天通知存款利率(税后),国泰基金管理有限公司,中国建设银行股份有限公司,货币型ETF,,,23430000.0,313,31300,100,100,0
2022-08-26,511620.SH,国泰瞬利货币A,20170907,,同期七天通知存款利率(税后),国泰基金管理有限公司,中国建设银行股份有限公司,货币型ETF,,,23430000.0,4302,430404,100.005,100.04741980474,0.005
2022-08-29,511620.SH,国泰瞬利货币A,20170907,,同期七天通知存款利率(税后),国泰基金管理有限公司,中国建设银行股份有限公司,货币型ETF,,,23440000.0,1706,170594,100.011,99.996483001172,0.011
2022-08-30,511620.SH,国泰瞬利货币A,20170907,,同期七天通知存款利率(税后),国泰基金管理有限公司,中国建设银行股份有限公司,货币型ETF,,,23440000.0,2206,220785,100.005,100.08386219402,0.005
2022-08-31,511620.SH,国泰瞬利货币A,20170907,,同期七天通知存款利率(税后),国泰基金管理有限公司,中国建设银行股份有限公司,货币型ETF,,,23440000.0,1808,180827,100.005,100.01493362832,0.005
2022-09-01,511620.SH,国泰瞬利货币A,20170907,,同期七天通知存款利率(税后),国泰基金管理有限公司,中国建设银行股份有限公司,货币型ETF,,,23440000.0,303,30300,100.001,100,0.001
2022-09-02,511620.SH,国泰瞬利货币A,20170907,,同期七天通知存款利率(税后),国泰基金管理有限公司,中国建设银行股份有限公司,货币型ETF,,,23440000.0,2300,230154,100.003,100.06695652174,0.003
2022-09-05,511620.SH,国泰瞬利货币A,20170907,,同期七天通知存款利率(税后),国泰基金管理有限公司,中国建设银行股份有限公司,货币型ETF,,,23450000.0,1001,100102,100.001,100.001998002,0.001
2022-09-06,511620.SH,国泰瞬利货币A,20170907,,同期七天通知存款利率(税后),国泰基金管理有限公司,中国建设银行股份有限公司,货币型ETF,,,23450000.0,1703,170316,99.998,100.00939518497,-0.002
2022-09-07,511620.SH,国泰瞬利货币A,20170907,,同期七天通知存款利率(税后),国泰基金管理有限公司,中国建设银行股份有限公司,货币型ETF,,,23460000.0,1600,160010,100,100.00625,0
2022-09-08,511620.SH,国泰瞬利货币A,20170907,,同期七天通知存款利率(税后),国泰基金管理有限公司,中国建设银行股份有限公司,货币型ETF,,,23460000.0,1701,170120,100.02,100.01175778954,0.02
2022-09-09,511620.SH,国泰瞬利货币A,20170907,,同期七天通知存款利率(税后),国泰基金管理有限公司,中国建设银行股份有限公司,货币型ETF,,,23460000.0,6807,681497,100.121,100.11708535331,0.121
2022-09-13,511620.SH,国泰瞬利货币A,20170907,,同期七天通知存款利率(税后),国泰基金管理有限公司,中国建设银行股份有限公司,货币型ETF,,,24180000.0,2102,210194,100.008,99.997145575642,0.008
2022-09-14,511620.SH,国泰瞬利货币A,20170907,,同期七天通知存款利率(税后),国泰基金管理有限公司,中国建设银行股份有限公司,货币型ETF,,,24180000.0,2301,230067,99.988,99.985658409387,-0.012
2022-09-15,511620.SH,国泰瞬利货币A,20170907,,同期七天通知存款利率(税后),国泰基金管理有限公司,中国建设银行股份有限公司,货币型ETF,,,24080000.0,5631,563047,99.996,99.990587817439,-0.004
2022-09-16,511620.SH,国泰瞬利货币A,20170907,,同期七天通知存款利率(税后),国泰基金管理有限公司,中国建设银行股份有限公司,货币型ETF,,,24080000.0,3400,340020,100.005,100.00588235294,0.005
2022-09-19,511620.SH,国泰瞬利货币A,20170907,,同期七天通知存款利率(税后),国泰基金管理有限公司,中国建设银行股份有限公司,货币型ETF,,,24080000.0,3107,310053,99.991,99.791760540715,-0.009
2022-09-20,511620.SH,国泰瞬利货币A,20170907,,同期七天通知存款利率(税后),国泰基金管理有限公司,中国建设银行股份有限公司,货币型ETF,,,24040000.0,1000,99993,99.996,99.993,-0.004
2022-09-21,511620.SH,国泰瞬利货币A,20170907,,同期七天通知存款利率(税后),国泰基金管理有限公司,中国建设银行股份有限公司,货币型ETF,,,24040000.0,600,59987,100.008,99.978333333333,0.008
2022-09-22,511620.SH,国泰瞬利货币A,20170907,,同期七天通知存款利率(税后),国泰基金管理有限公司,中国建设银行股份有限公司,货币型ETF,,,24040000.0,3901,390130,100.011,100.00769033581,0.011
2022-09-23,511620.SH,国泰瞬利货币A,20170907,,同期七天通知存款利率(税后),国泰基金管理有限公司,中国建设银行股份有限公司,货币型ETF,,,17530000.0,4015,401614,100.026,100.02839352428,0.026
2022-09-26,511620.SH,国泰瞬利货币A,20170907,,同期七天通知存款利率(税后),国泰基金管理有限公司,中国建设银行股份有限公司,货币型ETF,,,17610000.0,2406,240704,100.048,100.04322527016,0.048
2022-09-27,511620.SH,国泰瞬利货币A,20170907,,同期七天通知存款利率(税后),国泰基金管理有限公司,中国建设银行股份有限公司,货币型ETF,,,17630000.0,9107,911162,100.049,100.05073020753,0.049
2022-09-28,511620.SH,国泰瞬利货币A,20170907,,同期七天通知存款利率(税后),国泰基金管理有限公司,中国建设银行股份有限公司,货币型ETF,,,17630000.0,6219,622092,100.122,100.03087313073,0.122
2022-09-29,511620.SH,国泰瞬利货币A,20170907,,同期七天通知存款利率(税后),国泰基金管理有限公司,中国建设银行股份有限公司,货币型ETF,,,17650000.0,16840,1690908,100.443,100.41021377672,0.443
2022-09-30,511620.SH,国泰瞬利货币A,20170907,,同期七天通知存款利率(税后),国泰基金管理有限公司,中国建设银行股份有限公司,货币型ETF,,,17650000.0,27349,2870946,110,104.97444147866,10
2022-10-10,511620.SH,国泰瞬利货币A,20170907,,同期七天通知存款利率(税后),国泰基金管理有限公司,中国建设银行股份有限公司,货币型ETF,,,18560000.0,7525,759525,100.034,100.93355481728,0.034
2022-10-11,511620.SH,国泰瞬利货币A,20170907,,同期七天通知存款利率(税后),国泰基金管理有限公司,中国建设银行股份有限公司,货币型ETF,,,18860000.0,8188,819197,100,100.04848558867,0
2022-10-12,511620.SH,国泰瞬利货币A,20170907,,同期七天通知存款利率(税后),国泰基金管理有限公司,中国建设银行股份有限公司,货币型ETF,,,18680000.0,5547,554717,100.009,100.00306471967,0.009
2022-10-13,511620.SH,国泰瞬利货币A,20170907,,同期七天通知存款利率(税后),国泰基金管理有限公司,中国建设银行股份有限公司,货币型ETF,,,18690000.0,2302,230204,100.001,100.00173761946,0.001
2022-10-14,511620.SH,国泰瞬利货币A,20170907,,同期七天通知存款利率(税后),国泰基金管理有限公司,中国建设银行股份有限公司,货币型ETF,,,18690000.0,8529,853108,100.01,100.02438738422,0.01
2022-10-17,511620.SH,国泰瞬利货币A,20170907,,同期七天通知存款利率(税后),国泰基金管理有限公司,中国建设银行股份有限公司,货币型ETF,,,19060000.0,3332,333203,100,100.00090036014,0
2022-10-18,511620.SH,国泰瞬利货币A,20170907,,同期七天通知存款利率(税后),国泰基金管理有限公司,中国建设银行股份有限公司,货币型ETF,,,19060000.0,3003,300314,100.006,100.00466200466,0.006
2022-10-19,511620.SH,国泰瞬利货币A,20170907,,同期七天通知存款利率(税后),国泰基金管理有限公司,中国建设银行股份有限公司,货币型ETF,,,19060000.0,907,90706,100.003,100.00661521499,0.003
2022-10-20,511620.SH,国泰瞬利货币A,20170907,,同期七天通知存款利率(税后),国泰基金管理有限公司,中国建设银行股份有限公司,货币型ETF,,,19070000.0,1401,140108,100.002,100.005710207,0.002
2022-10-21,511620.SH,国泰瞬利货币A,20170907,,同期七天通知存款利率(税后),国泰基金管理有限公司,中国建设银行股份有限公司,货币型ETF,,,19070000.0,5062,506311,100.016,100.02192809166,0.016
2022-10-24,511620.SH,国泰瞬利货币A,20170907,,同期七天通知存款利率(税后),国泰基金管理有限公司,中国建设银行股份有限公司,货币型ETF,,,19090000.0,2300,230009,100.001,100.00391304348,0.001
2022-10-25,511620.SH,国泰瞬利货币A,20170907,,同期七天通知存款利率(税后),国泰基金管理有限公司,中国建设银行股份有限公司,货币型ETF,,,19090000.0,3235,323991,100.002,100.15177743431,0.002
2022-10-26,511620.SH,国泰瞬利货币A,20170907,,同期七天通知存款利率(税后),国泰基金管理有限公司,中国建设银行股份有限公司,货币型ETF,,,19090000.0,982,98200,100,100,0
2022-10-27,511620.SH,国泰瞬利货币A,20170907,,同期七天通知存款利率(税后),国泰基金管理有限公司,中国建设银行股份有限公司,货币型ETF,,,19090000.0,3401,340102,100,100.00058806233,0
2022-10-28,511620.SH,国泰瞬利货币A,20170907,,同期七天通知存款利率(税后),国泰基金管理有限公司,中国建设银行股份有限公司,货币型ETF,,,19090000.0,4001,400119,100.005,100.0047488128,0.005
2022-10-31,511620.SH,国泰瞬利货币A,20170907,,同期七天通知存款利率(税后),国泰基金管理有限公司,中国建设银行股份有限公司,货币型ETF,,,19110000.0,49804,4979872,99.994,99.989398441892,-0.006
2022-11-01,511620.SH,国泰瞬利货币A,20170907,,同期七天通知存款利率(税后),国泰基金管理有限公司,中国建设银行股份有限公司,货币型ETF,,,17680000.0,13014,1301298,99.992,99.992162286768,-0.008
2022-11-02,511620.SH,国泰瞬利货币A,20170907,,同期七天通知存款利率(税后),国泰基金管理有限公司,中国建设银行股份有限公司,货币型ETF,,,17280000.0,1301,130097,100,99.997694081476,0
2022-11-03,511620.SH,国泰瞬利货币A,20170907,,同期七天通知存款利率(税后),国泰基金管理有限公司,中国建设银行股份有限公司,货币型ETF,,,17270000.0,3200,319986,99.999,99.995625,-0.001
2022-11-04,511620.SH,国泰瞬利货币A,20170907,,同期七天通知存款利率(税后),国泰基金管理有限公司,中国建设银行股份有限公司,货币型ETF,,,17170000.0,5597,559702,100.007,100.00035733429,0.007
2022-11-07,511620.SH,国泰瞬利货币A,20170907,,同期七天通知存款利率(税后),国泰基金管理有限公司,中国建设银行股份有限公司,货币型ETF,,,17180000.0,4462,446195,99.998,99.998879426266,-0.002
2022-11-08,511620.SH,国泰瞬利货币A,20170907,,同期七天通知存款利率(税后),国泰基金管理有限公司,中国建设银行股份有限公司,货币型ETF,,,17180000.0,1110,111037,100,100.03333333333,0
2022-11-09,511620.SH,国泰瞬利货币A,20170907,,同期七天通知存款利率(税后),国泰基金管理有限公司,中国建设银行股份有限公司,货币型ETF,,,17180000.0,4100,409997,99.998,99.999268292683,-0.002
2022-11-10,511620.SH,国泰瞬利货币A,20170907,,同期七天通知存款利率(税后),国泰基金管理有限公司,中国建设银行股份有限公司,货币型ETF,,,16620000.0,1240,123996,99.993,99.996774193548,-0.007
2022-11-11,511620.SH,国泰瞬利货币A,20170907,,同期七天通知存款利率(税后),国泰基金管理有限公司,中国建设银行股份有限公司,货币型ETF,,,16620000.0,4731,473142,100.005,100.00887761573,0.005
2022-11-14,511620.SH,国泰瞬利货币A,20170907,,同期七天通知存款利率(税后),国泰基金管理有限公司,中国建设银行股份有限公司,货币型ETF,,,16630000.0,1311,131089,99.999,99.991609458429,-0.001
2022-11-15,511620.SH,国泰瞬利货币A,20170907,,同期七天通知存款利率(税后),国泰基金管理有限公司,中国建设银行股份有限公司,货币型ETF,,,16630000.0,5454,545407,100.002,100.00128346168,0.002
2022-11-16,511620.SH,国泰瞬利货币A,20170907,,同期七天通知存款利率(税后),国泰基金管理有限公司,中国建设银行股份有限公司,货币型ETF,,,16640000.0,6300,629978,100.01,99.996507936508,0.01
2022-11-17,511620.SH,国泰瞬利货币A,20170907,,同期七天通知存款利率(税后),国泰基金管理有限公司,中国建设银行股份有限公司,货币型ETF,,,16640000.0,7730,772923,99.992,99.990038809832,-0.008
2022-11-18,511620.SH,国泰瞬利货币A,20170907,,同期七天通知存款利率(税后),国泰基金管理有限公司,中国建设银行股份有限公司,货币型ETF,,,16640000.0,12985,1298884,100.04,100.02957258375,0.04
2022-11-21,511620.SH,国泰瞬利货币A,20170907,,同期七天通知存款利率(税后),国泰基金管理有限公司,中国建设银行股份有限公司,货币型ETF,,,16800000.0,4332,433240,100.005,100.00923361034,0.005
2022-11-22,511620.SH,国泰瞬利货币A,20170907,,同期七天通知存款利率(税后),国泰基金管理有限公司,中国建设银行股份有限公司,货币型ETF,,,16800000.0,3903,390397,100.025,100.02485267743,0.025
2022-11-23,511620.SH,国泰瞬利货币A,20170907,,同期七天通知存款利率(税后),国泰基金管理有限公司,中国建设银行股份有限公司,货币型ETF,,,16940000.0,3261,327517,100.019,100.4345292855,0.019
2022-11-24,511620.SH,国泰瞬利货币A,20170907,,同期七天通知存款利率(税后),国泰基金管理有限公司,中国建设银行股份有限公司,货币型ETF,,,17140000.0,2807,280767,100.011,100.02386889918,0.011
2022-11-25,511620.SH,国泰瞬利货币A,20170907,,同期七天通知存款利率(税后),国泰基金管理有限公司,中国建设银行股份有限公司,货币型ETF,,,17130000.0,6391,639497,100.011,100.06211860429,0.011
2022-11-28,511620.SH,国泰瞬利货币A,20170907,,同期七天通知存款利率(税后),国泰基金管理有限公司,中国建设银行股份有限公司,货币型ETF,,,17030000.0,1201,120182,100.012,100.0682764363,0.012
2022-11-29,511620.SH,国泰瞬利货币A,20170907,,同期七天通知存款利率(税后),国泰基金管理有限公司,中国建设银行股份有限公司,货币型ETF,,,17040000.0,4000,400274,100,100.0685,0
2022-11-30,511620.SH,国泰瞬利货币A,20170907,,同期七天通知存款利率(税后),国泰基金管理有限公司,中国建设银行股份有限公司,货币型ETF,,,17030000.0,504,50423,100.006,100.04563492063,0.006
2022-12-01,511620.SH,国泰瞬利货币A,20170907,,同期七天通知存款利率(税后),国泰基金管理有限公司,中国建设银行股份有限公司,货币型ETF,,,17060000.0,5211,521145,100.013,100.00863557858,0.013
2022-12-02,511620.SH,国泰瞬利货币A,20170907,,同期七天通知存款利率(税后),国泰基金管理有限公司,中国建设银行股份有限公司,货币型ETF,,,17070000.0,4788,478894,100.02,100.01963241437,0.02
2022-12-05,511620.SH,国泰瞬利货币A,20170907,,同期七天通知存款利率(税后),国泰基金管理有限公司,中国建设银行股份有限公司,货币型ETF,,,17070000.0,3122,312228,100.005,100.00896860987,0.005
2022-12-06,511620.SH,国泰瞬利货币A,20170907,,同期七天通知存款利率(税后),国泰基金管理有限公司,中国建设银行股份有限公司,货币型ETF,,,17070000.0,1791,179105,100.007,100.00279173646,0.007
2022-12-07,511620.SH,国泰瞬利货币A,20170907,,同期七天通知存款利率(税后),国泰基金管理有限公司,中国建设银行股份有限公司,货币型ETF,,,17070000.0,2213,221305,100.002,100.00225937641,0.002
2022-12-08,511620.SH,国泰瞬利货币A,20170907,,同期七天通知存款利率(税后),国泰基金管理有限公司,中国建设银行股份有限公司,货币型ETF,,,17140000.0,3756,375631,100.002,100.00825346113,0.002
2022-12-09,511620.SH,国泰瞬利货币A,20170907,,同期七天通知存款利率(税后),国泰基金管理有限公司,中国建设银行股份有限公司,货币型ETF,,,17140000.0,8868,887021,100.025,100.0249210645,0.025
2022-12-12,511620.SH,国泰瞬利货币A,20170907,,同期七天通知存款利率(税后),国泰基金管理有限公司,中国建设银行股份有限公司,货币型ETF,,,17180000.0,4035,403507,100.002,100.00173482032,0.002
2022-12-13,511620.SH,国泰瞬利货币A,20170907,,同期七天通知存款利率(税后),国泰基金管理有限公司,中国建设银行股份有限公司,货币型ETF,,,17180000.0,8003,800508,100.002,100.02599025365,0.002
2022-12-14,511620.SH,国泰瞬利货币A,20170907,,同期七天通知存款利率(税后),国泰基金管理有限公司,中国建设银行股份有限公司,货币型ETF,,,17180000.0,870,87001,100.001,100.00114942529,0.001
2022-12-15,511620.SH,国泰瞬利货币A,20170907,,同期七天通知存款利率(税后),国泰基金管理有限公司,中国建设银行股份有限公司,货币型ETF,,,17270000.0,5704,570425,100.016,100.0043828892,0.016
2022-12-16,511620.SH,国泰瞬利货币A,20170907,,同期七天通知存款利率(税后),国泰基金管理有限公司,中国建设银行股份有限公司,货币型ETF,,,17270000.0,3921,392164,100.011,100.01632236674,0.011
2022-12-19,511620.SH,国泰瞬利货币A,20170907,,同期七天通知存款利率(税后),国泰基金管理有限公司,中国建设银行股份有限公司,货币型ETF,,,17280000.0,4942,494223,100.002,100.00465398624,0.002
2022-12-20,511620.SH,国泰瞬利货币A,20170907,,同期七天通知存款利率(税后),国泰基金管理有限公司,中国建设银行股份有限公司,货币型ETF,,,17280000.0,5553,555370,100.037,100.01260579867,0.037
2022-12-21,511620.SH,国泰瞬利货币A,20170907,,同期七天通知存款利率(税后),国泰基金管理有限公司,中国建设银行股份有限公司,货币型ETF,,,17280000.0,4629,462935,100.009,100.0075610283,0.009
2022-12-22,511620.SH,国泰瞬利货币A,20170907,,同期七天通知存款利率(税后),国泰基金管理有限公司,中国建设银行股份有限公司,货币型ETF,,,17330000.0,3578,357813,100.003,100.0036333147,0.003
2022-12-23,511620.SH,国泰瞬利货币A,20170907,,同期七天通知存款利率(税后),国泰基金管理有限公司,中国建设银行股份有限公司,货币型ETF,,,17330000.0,5101,510171,100.001,100.01391883944,0.001
2022-12-26,511620.SH,国泰瞬利货币A,20170907,,同期七天通知存款利率(税后),国泰基金管理有限公司,中国建设银行股份有限公司,货币型ETF,,,17340000.0,4462,446219,100.019,100.00425818019,0.019
2022-12-27,511620.SH,国泰瞬利货币A,20170907,,同期七天通知存款利率(税后),国泰基金管理有限公司,中国建设银行股份有限公司,货币型ETF,,,17340000.0,3821,382122,100.01,100.00575765506,0.01
2022-12-28,511620.SH,国泰瞬利货币A,20170907,,同期七天通知存款利率(税后),国泰基金管理有限公司,中国建设银行股份有限公司,货币型ETF,,,17340000.0,5019,501923,100.008,100.00458258617,0.008
2022-12-29,511620.SH,国泰瞬利货币A,20170907,,同期七天通知存款利率(税后),国泰基金管理有限公司,中国建设银行股份有限公司,货币型ETF,,,17450000.0,2701,270119,100.004,100.00703443169,0.004
2022-12-30,511620.SH,国泰瞬利货币A,20170907,,同期七天通知存款利率(税后),国泰基金管理有限公司,中国建设银行股份有限公司,货币型ETF,,,17450000.0,21958,2198439,100.118,100.12018398761,0.118
2023-01-03,511620.SH,国泰瞬利货币A,20170907,,同期七天通知存款利率(税后),国泰基金管理有限公司,中国建设银行股份有限公司,货币型ETF,,,17450000.0,4602,460330,100.005,100.02824858757,0.005
2023-01-04,511620.SH,国泰瞬利货币A,20170907,,同期七天通知存款利率(税后),国泰基金管理有限公司,中国建设银行股份有限公司,货币型ETF,,,17450000.0,2901,290142,100.012,100.01447776629,0.012
2023-01-05,511620.SH,国泰瞬利货币A,20170907,,同期七天通知存款利率(税后),国泰基金管理有限公司,中国建设银行股份有限公司,货币型ETF,,,17650000.0,1153,115326,100.029,100.0225498699,0.029
2023-01-06,511620.SH,国泰瞬利货币A,20170907,,同期七天通知存款利率(税后),国泰基金管理有限公司,中国建设银行股份有限公司,货币型ETF,,,17650000.0,11578,1158927,100.091,100.09733978235,0.091
2023-01-09,511620.SH,国泰瞬利货币A,20170907,,同期七天通知存款利率(税后),国泰基金管理有限公司,中国建设银行股份有限公司,货币型ETF,,,17850000.0,5813,581872,100.1,100.09840013762,0.1
2023-01-10,511620.SH,国泰瞬利货币A,20170907,,同期七天通知存款利率(税后),国泰基金管理有限公司,中国建设银行股份有限公司,货币型ETF,,,18180000.0,4103,410714,100.1,100.10090177919,0.1
2023-01-11,511620.SH,国泰瞬利货币A,20170907,,同期七天通知存款利率(税后),国泰基金管理有限公司,中国建设银行股份有限公司,货币型ETF,,,18610000.0,8026,803273,100.09,100.08385247944,0.09
2023-01-12,511620.SH,国泰瞬利货币A,20170907,,同期七天通知存款利率(税后),国泰基金管理有限公司,中国建设银行股份有限公司,货币型ETF,,,20050000.0,5539,554622,100.1,100.13034843835,0.1
2023-01-13,511620.SH,国泰瞬利货币A,20170907,,同期七天通知存款利率(税后),国泰基金管理有限公司,中国建设银行股份有限公司,货币型ETF,,,20730000.0,32538,3262734,100.4,100.27457127051,0.4
2023-01-16,511620.SH,国泰瞬利货币A,20170907,,同期七天通知存款利率(税后),国泰基金管理有限公司,中国建设银行股份有限公司,货币型ETF,,,21550000.0,54082,5450712,101.33,100.78606560408,1.33
2023-01-17,511620.SH,国泰瞬利货币A,20170907,,同期七天通知存款利率(税后),国泰基金管理有限公司,中国建设银行股份有限公司,货币型ETF,,,24170000.0,8500,855794,100.529,100.68164705882,0.529
2023-01-18,511620.SH,国泰瞬利货币A,20170907,,同期七天通知存款利率(税后),国泰基金管理有限公司,中国建设银行股份有限公司,货币型ETF,,,25810000.0,29746,2977262,100.121,100.089491024,0.121
2023-01-19,511620.SH,国泰瞬利货币A,20170907,,同期七天通知存款利率(税后),国泰基金管理有限公司,中国建设银行股份有限公司,货币型ETF,,,27280000.0,21604,2161217,100.032,100.03781707091,0.032
2023-01-20,511620.SH,国泰瞬利货币A,20170907,,同期七天通知存款利率(税后),国泰基金管理有限公司,中国建设银行股份有限公司,货币型ETF,,,27290000.0,125590,12578463,100.137,100.15497252966,0.137
2023-01-30,511620.SH,国泰瞬利货币A,20170907,,同期七天通知存款利率(税后),国泰基金管理有限公司,中国建设银行股份有限公司,货币型ETF,,,30530000.0,29183,2918343,100,100.00147346058,0
2023-01-31,511620.SH,国泰瞬利货币A,20170907,,同期七天通知存款利率(税后),国泰基金管理有限公司,中国建设银行股份有限公司,货币型ETF,,,30560000.0,23059,2305896,99.999,99.99982653194,-0.001
2023-02-01,511620.SH,国泰瞬利货币A,20170907,,同期七天通知存款利率(税后),国泰基金管理有限公司,中国建设银行股份有限公司,货币型ETF,,,30560000.0,13730,1372970,99.999,99.997815003642,-0.001
2023-02-02,511620.SH,国泰瞬利货币A,20170907,,同期七天通知存款利率(税后),国泰基金管理有限公司,中国建设银行股份有限公司,货币型ETF,,,29100000.0,29852,2985095,99.997,99.996482647729,-0.003
2023-02-03,511620.SH,国泰瞬利货币A,20170907,,同期七天通知存款利率(税后),国泰基金管理有限公司,中国建设银行股份有限公司,货币型ETF,,,29090000.0,29404,2940630,100.01,100.00782206503,0.01
2023-02-06,511620.SH,国泰瞬利货币A,20170907,,同期七天通知存款利率(税后),国泰基金管理有限公司,中国建设银行股份有限公司,货币型ETF,,,30080000.0,20306,2030543,99.998,99.997192947897,-0.002
2023-02-07,511620.SH,国泰瞬利货币A,20170907,,同期七天通知存款利率(税后),国泰基金管理有限公司,中国建设银行股份有限公司,货币型ETF,,,29610000.0,56591,5658806,99.997,99.994804827623,-0.003
2023-02-08,511620.SH,国泰瞬利货币A,20170907,,同期七天通知存款利率(税后),国泰基金管理有限公司,中国建设银行股份有限公司,货币型ETF,,,29390000.0,8932,893162,99.997,99.995745633677,-0.003
2023-02-09,511620.SH,国泰瞬利货币A,20170907,,同期七天通知存款利率(税后),国泰基金管理有限公司,中国建设银行股份有限公司,货币型ETF,,,29200000.0,26813,2681131,99.992,99.993697087234,-0.008
2023-02-10,511620.SH,国泰瞬利货币A,20170907,,同期七天通知存款利率(税后),国泰基金管理有限公司,中国建设银行股份有限公司,货币型ETF,,,28820000.0,45419,4542050,100.006,100.00330258262,0.006
2023-02-13,511620.SH,国泰瞬利货币A,20170907,,同期七天通知存款利率(税后),国泰基金管理有限公司,中国建设银行股份有限公司,货币型ETF,,,29670000.0,20993,2099192,99.997,99.994855428,-0.003
2023-02-14,511620.SH,国泰瞬利货币A,20170907,,同期七天通知存款利率(税后),国泰基金管理有限公司,中国建设银行股份有限公司,货币型ETF,,,29120000.0,11188,1118769,99.998,99.997229174115,-0.002
2023-02-15,511620.SH,国泰瞬利货币A,20170907,,同期七天通知存款利率(税后),国泰基金管理有限公司,中国建设银行股份有限公司,货币型ETF,,,28020000.0,9100,909989,99.996,99.998791208791,-0.004
2023-02-16,511620.SH,国泰瞬利货币A,20170907,,同期七天通知存款利率(税后),国泰基金管理有限公司,中国建设银行股份有限公司,货币型ETF,,,28020000.0,19640,1963887,99.991,99.994246435845,-0.009
2023-02-17,511620.SH,国泰瞬利货币A,20170907,,同期七天通知存款利率(税后),国泰基金管理有限公司,中国建设银行股份有限公司,货币型ETF,,,27480000.0,20789,2078959,100.003,100.00283803935,0.003
2023-02-20,511620.SH,国泰瞬利货币A,20170907,,同期七天通知存款利率(税后),国泰基金管理有限公司,中国建设银行股份有限公司,货币型ETF,,,27310000.0,12510,1250973,99.999,99.997841726619,-0.001
2023-02-21,511620.SH,国泰瞬利货币A,20170907,,同期七天通知存款利率(税后),国泰基金管理有限公司,中国建设银行股份有限公司,货币型ETF,,,27240000.0,3565,356486,99.998,99.996072931276,-0.002
2023-02-22,511620.SH,国泰瞬利货币A,20170907,,同期七天通知存款利率(税后),国泰基金管理有限公司,中国建设银行股份有限公司,货币型ETF,,,27150000.0,4983,498299,99.998,99.99979931768,-0.002
2023-02-23,511620.SH,国泰瞬利货币A,20170907,,同期七天通知存款利率(税后),国泰基金管理有限公司,中国建设银行股份有限公司,货币型ETF,,,27150000.0,14010,1400951,99.999,99.996502498216,-0.001
2023-02-24,511620.SH,国泰瞬利货币A,20170907,,同期七天通知存款利率(税后),国泰基金管理有限公司,中国建设银行股份有限公司,货币型ETF,,,26290000.0,19132,1913307,100.007,100.00559272423,0.007
2023-02-27,511620.SH,国泰瞬利货币A,20170907,,同期七天通知存款利率(税后),国泰基金管理有限公司,中国建设银行股份有限公司,货币型ETF,,,25380000.0,16560,1655937,99.995,99.996195652174,-0.005
2023-02-28,511620.SH,国泰瞬利货币A,20170907,,同期七天通知存款利率(税后),国泰基金管理有限公司,中国建设银行股份有限公司,货币型ETF,,,24750000.0,12003,1200171,99.97,99.989252686828,-0.03
2023-03-01,511620.SH,国泰瞬利货币A,20170907,,同期七天通知存款利率(税后),国泰基金管理有限公司,中国建设银行股份有限公司,货币型ETF,,,24750000.0,12613,1261254,99.999,99.996352969159,-0.001
2023-03-02,511620.SH,国泰瞬利货币A,20170907,,同期七天通知存款利率(税后),国泰基金管理有限公司,中国建设银行股份有限公司,货币型ETF,,,24750000.0,12402,1240132,99.999,99.994517013385,-0.001
2023-03-03,511620.SH,国泰瞬利货币A,20170907,,同期七天通知存款利率(税后),国泰基金管理有限公司,中国建设银行股份有限公司,货币型ETF,,,24680000.0,13418,1341875,100.006,100.00558950663,0.006
2023-03-06,511620.SH,国泰瞬利货币A,20170907,,同期七天通知存款利率(税后),国泰基金管理有限公司,中国建设银行股份有限公司,货币型ETF,,,24710000.0,2804,280401,100.002,100.00035663338,0.002
2023-03-07,511620.SH,国泰瞬利货币A,20170907,,同期七天通知存款利率(税后),国泰基金管理有限公司,中国建设银行股份有限公司,货币型ETF,,,24710000.0,10002,1000190,100.001,99.99900019996,0.001
2023-03-08,511620.SH,国泰瞬利货币A,20170907,,同期七天通知存款利率(税后),国泰基金管理有限公司,中国建设银行股份有限公司,货币型ETF,,,24760000.0,3803,380295,99.999,99.998685248488,-0.001
2023-03-09,511620.SH,国泰瞬利货币A,20170907,,同期七天通知存款利率(税后),国泰基金管理有限公司,中国建设银行股份有限公司,货币型ETF,,,24760000.0,18205,1820468,100.002,99.998242241143,0.002
2023-03-10,511620.SH,国泰瞬利货币A,20170907,,同期七天通知存款利率(税后),国泰基金管理有限公司,中国建设银行股份有限公司,货币型ETF,,,24150000.0,17356,1735779,100.009,100.01031343628,0.009
2023-03-13,511620.SH,国泰瞬利货币A,20170907,,同期七天通知存款利率(税后),国泰基金管理有限公司,中国建设银行股份有限公司,货币型ETF,,,24150000.0,7802,780198,99.999,99.999743655473,-0.001
2023-03-14,511620.SH,国泰瞬利货币A,20170907,,同期七天通知存款利率(税后),国泰基金管理有限公司,中国建设银行股份有限公司,货币型ETF,,,24150000.0,23668,2366748,99.999,99.997802940679,-0.001
2023-03-15,511620.SH,国泰瞬利货币A,20170907,,同期七天通知存款利率(税后),国泰基金管理有限公司,中国建设银行股份有限公司,货币型ETF,,,24150000.0,4346,434584,99.996,99.996318453751,-0.004
2023-03-16,511620.SH,国泰瞬利货币A,20170907,,同期七天通知存款利率(税后),国泰基金管理有限公司,中国建设银行股份有限公司,货币型ETF,,,24110000.0,11201,1119952,99.997,99.986786894027,-0.003
2023-03-17,511620.SH,国泰瞬利货币A,20170907,,同期七天通知存款利率(税后),国泰基金管理有限公司,中国建设银行股份有限公司,货币型ETF,,,24110000.0,13682,1368285,100.006,100.00621254203,0.006
2023-03-20,511620.SH,国泰瞬利货币A,20170907,,同期七天通知存款利率(税后),国泰基金管理有限公司,中国建设银行股份有限公司,货币型ETF,,,24190000.0,11400,1139986,100,99.998771929825,0
2023-03-21,511620.SH,国泰瞬利货币A,20170907,,同期七天通知存款利率(税后),国泰基金管理有限公司,中国建设银行股份有限公司,货币型ETF,,,24190000.0,13602,1360170,99.998,99.997794441994,-0.002
2023-03-22,511620.SH,国泰瞬利货币A,20170907,,同期七天通知存款利率(税后),国泰基金管理有限公司,中国建设银行股份有限公司,货币型ETF,,,23510000.0,5783,578285,99.998,99.997406190559,-0.002
2023-03-23,511620.SH,国泰瞬利货币A,20170907,,同期七天通知存款利率(税后),国泰基金管理有限公司,中国建设银行股份有限公司,货币型ETF,,,23510000.0,3206,320593,99.997,99.997816593886,-0.003
2023-03-24,511620.SH,国泰瞬利货币A,20170907,,同期七天通知存款利率(税后),国泰基金管理有限公司,中国建设银行股份有限公司,货币型ETF,,,24510000.0,12390,1239095,100.009,100.00766747377,0.009
2023-03-27,511620.SH,国泰瞬利货币A,20170907,,同期七天通知存款利率(税后),国泰基金管理有限公司,中国建设银行股份有限公司,货币型ETF,,,24520000.0,12791,1279048,99.997,99.995934641545,-0.003
2023-03-28,511620.SH,国泰瞬利货币A,20170907,,同期七天通知存款利率(税后),国泰基金管理有限公司,中国建设银行股份有限公司,货币型ETF,,,24510000.0,8305,830449,99.994,99.993859121011,-0.006
2023-03-29,511620.SH,国泰瞬利货币A,20170907,,同期七天通知存款利率(税后),国泰基金管理有限公司,中国建设银行股份有限公司,货币型ETF,,,23850000.0,6501,650057,99.992,99.99338563298,-0.008
2023-03-30,511620.SH,国泰瞬利货币A,20170907,,同期七天通知存款利率(税后),国泰基金管理有限公司,中国建设银行股份有限公司,货币型ETF,,,23580000.0,9203,920084,99.989,99.976529392589,-0.011
2023-03-31,511620.SH,国泰瞬利货币A,20170907,,同期七天通知存款利率(税后),国泰基金管理有限公司,中国建设银行股份有限公司,货币型ETF,,,23370000.0,19816,1981494,99.99,99.994650787243,-0.01
2023-04-03,511620.SH,国泰瞬利货币A,20170907,,同期七天通知存款利率(税后),国泰基金管理有限公司,中国建设银行股份有限公司,货币型ETF,,,23200000.0,9484,948349,99.994,99.994622522143,-0.006
2023-04-04,511620.SH,国泰瞬利货币A,20170907,,同期七天通知存款利率(税后),国泰基金管理有限公司,中国建设银行股份有限公司,货币型ETF,,,23180000.0,13492,1349209,100.004,100.00066706196,0.004
2023-04-06,511620.SH,国泰瞬利货币A,20170907,,同期七天通知存款利率(税后),国泰基金管理有限公司,中国建设银行股份有限公司,货币型ETF,,,22400000.0,3803,380285,100,99.996055745464,0
2023-04-07,511620.SH,国泰瞬利货币A,20170907,,同期七天通知存款利率(税后),国泰基金管理有限公司,中国建设银行股份有限公司,货币型ETF,,,22390000.0,13323,1332418,100.013,100.00885686407,0.013
2023-04-10,511620.SH,国泰瞬利货币A,20170907,,同期七天通知存款利率(税后),国泰基金管理有限公司,中国建设银行股份有限公司,货币型ETF,,,22400000.0,4754,475396,99.999,99.999158603281,-0.001
2023-04-11,511620.SH,国泰瞬利货币A,20170907,,同期七天通知存款利率(税后),国泰基金管理有限公司,中国建设银行股份有限公司,货币型ETF,,,22410000.0,8949,894907,100,100.0007822103,0
2023-04-12,511620.SH,国泰瞬利货币A,20170907,,同期七天通知存款利率(税后),国泰基金管理有限公司,中国建设银行股份有限公司,货币型ETF,,,22410000.0,13735,1373446,99.998,99.996068438296,-0.002
2023-04-13,511620.SH,国泰瞬利货币A,20170907,,同期七天通知存款利率(税后),国泰基金管理有限公司,中国建设银行股份有限公司,货币型ETF,,,22410000.0,7940,793995,100.001,99.999370277078,0.001
2023-04-14,511620.SH,国泰瞬利货币A,20170907,,同期七天通知存款利率(税后),国泰基金管理有限公司,中国建设银行股份有限公司,货币型ETF,,,22310000.0,10118,1011889,100.007,100.00879620478,0.007
2023-04-17,511620.SH,国泰瞬利货币A,20170907,,同期七天通知存款利率(税后),国泰基金管理有限公司,中国建设银行股份有限公司,货币型ETF,,,22320000.0,8696,869599,100,99.9998850046,0
2023-04-18,511620.SH,国泰瞬利货币A,20170907,,同期七天通知存款利率(税后),国泰基金管理有限公司,中国建设银行股份有限公司,货币型ETF,,,22320000.0,7118,711794,99.999,99.999157066592,-0.001
2023-04-19,511620.SH,国泰瞬利货币A,20170907,,同期七天通知存款利率(税后),国泰基金管理有限公司,中国建设银行股份有限公司,货币型ETF,,,22320000.0,4409,440883,100.003,99.996144250397,0.003
2023-04-20,511620.SH,国泰瞬利货币A,20170907,,同期七天通知存款利率(税后),国泰基金管理有限公司,中国建设银行股份有限公司,货币型ETF,,,22320000.0,3996,399598,100.004,99.999499499499,0.004
2023-04-21,511620.SH,国泰瞬利货币A,20170907,,同期七天通知存款利率(税后),国泰基金管理有限公司,中国建设银行股份有限公司,货币型ETF,,,22320000.0,29733,2974823,100.058,100.05122254734,0.058
2023-04-24,511620.SH,国泰瞬利货币A,20170907,,同期七天通知存款利率(税后),国泰基金管理有限公司,中国建设银行股份有限公司,货币型ETF,,,22330000.0,20301,2030132,100.004,100.00157627703,0.004
2023-04-25,511620.SH,国泰瞬利货币A,20170907,,同期七天通知存款利率(税后),国泰基金管理有限公司,中国建设银行股份有限公司,货币型ETF,,,22330000.0,7042,704201,100,100.00014200511,0
2023-04-26,511620.SH,国泰瞬利货币A,20170907,,同期七天通知存款利率(税后),国泰基金管理有限公司,中国建设银行股份有限公司,货币型ETF,,,22340000.0,3698,369815,100.002,100.00405624662,0.002
2023-04-27,511620.SH,国泰瞬利货币A,20170907,,同期七天通知存款利率(税后),国泰基金管理有限公司,中国建设银行股份有限公司,货币型ETF,,,22340000.0,18838,1884052,100.012,100.01337721626,0.012
2023-04-28,511620.SH,国泰瞬利货币A,20170907,,同期七天通知存款利率(税后),国泰基金管理有限公司,中国建设银行股份有限公司,货币型ETF,,,22630000.0,79776,7985868,100.057,100.10364019254,0.057
2023-05-04,511620.SH,国泰瞬利货币A,20170907,,同期七天通知存款利率(税后),国泰基金管理有限公司,中国建设银行股份有限公司,货币型ETF,,,27300000.0,9520,951999,99.999,99.999894957983,-0.001
2023-05-05,511620.SH,国泰瞬利货币A,20170907,,同期七天通知存款利率(税后),国泰基金管理有限公司,中国建设银行股份有限公司,货币型ETF,,,27300000.0,46005,4600808,100.026,100.00669492446,0.026
2023-05-08,511620.SH,国泰瞬利货币A,20170907,,同期七天通知存款利率(税后),国泰基金管理有限公司,中国建设银行股份有限公司,货币型ETF,,,29070000.0,5527,552711,100.006,100.00199022978,0.006
2023-05-09,511620.SH,国泰瞬利货币A,20170907,,同期七天通知存款利率(税后),国泰基金管理有限公司,中国建设银行股份有限公司,货币型ETF,,,28790000.0,42533,4253386,100.004,100.00202195942,0.004
2023-05-10,511620.SH,国泰瞬利货币A,20170907,,同期七天通知存款利率(税后),国泰基金管理有限公司,中国建设银行股份有限公司,货币型ETF,,,32900000.0,24900,2490042,100.002,100.00168674699,0.002
2023-05-11,511620.SH,国泰瞬利货币A,20170907,,同期七天通知存款利率(税后),国泰基金管理有限公司,中国建设银行股份有限公司,货币型ETF,,,33160000.0,54814,5481414,100.001,100.0002554092,0.001
2023-05-12,511620.SH,国泰瞬利货币A,20170907,,同期七天通知存款利率(税后),国泰基金管理有限公司,中国建设银行股份有限公司,货币型ETF,,,37660000.0,44328,4433128,100.01,100.00739938639,0.01
2023-05-15,511620.SH,国泰瞬利货币A,20170907,,同期七天通知存款利率(税后),国泰基金管理有限公司,中国建设银行股份有限公司,货币型ETF,,,38070000.0,72404,7240446,100.007,100.00063532402,0.007
2023-05-16,511620.SH,国泰瞬利货币A,20170907,,同期七天通知存款利率(税后),国泰基金管理有限公司,中国建设银行股份有限公司,货币型ETF,,,42870000.0,20385,2038594,100.004,100.00461123375,0.004
2023-05-17,511620.SH,国泰瞬利货币A,20170907,,同期七天通知存款利率(税后),国泰基金管理有限公司,中国建设银行股份有限公司,货币型ETF,,,42920000.0,64512,6451237,100,100.00057353671,0
2023-05-18,511620.SH,国泰瞬利货币A,20170907,,同期七天通知存款利率(税后),国泰基金管理有限公司,中国建设银行股份有限公司,货币型ETF,,,51540000.0,21951,2195060,99.998,99.998177759555,-0.002
2023-05-19,511620.SH,国泰瞬利货币A,20170907,,同期七天通知存款利率(税后),国泰基金管理有限公司,中国建设银行股份有限公司,货币型ETF,,,50690000.0,121438,12144144,100.005,100.00283272122,0.005
2023-05-22,511620.SH,国泰瞬利货币A,20170907,,同期七天通知存款利率(税后),国泰基金管理有限公司,中国建设银行股份有限公司,货币型ETF,,,56360000.0,70103,7010078,99.998,99.996833231103,-0.002
2023-05-23,511620.SH,国泰瞬利货币A,20170907,,同期七天通知存款利率(税后),国泰基金管理有限公司,中国建设银行股份有限公司,货币型ETF,,,52320000.0,228749,22874591,100,99.998649174423,0
2023-05-24,511620.SH,国泰瞬利货币A,20170907,,同期七天通知存款利率(税后),国泰基金管理有限公司,中国建设银行股份有限公司,货币型ETF,,,59440000.0,47108,4710718,99.997,99.998259319012,-0.003
2023-05-25,511620.SH,国泰瞬利货币A,20170907,,同期七天通知存款利率(税后),国泰基金管理有限公司,中国建设银行股份有限公司,货币型ETF,,,57020000.0,47846,4784365,99.996,99.995088408644,-0.004
2023-05-26,511620.SH,国泰瞬利货币A,20170907,,同期七天通知存款利率(税后),国泰基金管理有限公司,中国建设银行股份有限公司,货币型ETF,,,56250000.0,79982,7998705,100.007,100.00631392063,0.007
2023-05-29,511620.SH,国泰瞬利货币A,20170907,,同期七天通知存款利率(税后),国泰基金管理有限公司,中国建设银行股份有限公司,货币型ETF,,,55370000.0,127500,12749909,99.996,99.99928627451,-0.004
2023-05-30,511620.SH,国泰瞬利货币A,20170907,,同期七天通知存款利率(税后),国泰基金管理有限公司,中国建设银行股份有限公司,货币型ETF,,,69890000.0,127622,12761888,99.999,99.997555280438,-0.001
2023-05-31,511620.SH,国泰瞬利货币A,20170907,,同期七天通知存款利率(税后),国泰基金管理有限公司,中国建设银行股份有限公司,货币型ETF,,,64240000.0,181647,18164591,99.999,99.999399935039,-0.001
2023-06-01,511620.SH,国泰瞬利货币A,20170907,,同期七天通知存款利率(税后),国泰基金管理有限公司,中国建设银行股份有限公司,货币型ETF,,,71050000.0,119923,11991981,99.999,99.997339959808,-0.001
2023-06-02,511620.SH,国泰瞬利货币A,20170907,,同期七天通知存款利率(税后),国泰基金管理有限公司,中国建设银行股份有限公司,货币型ETF,,,67770000.0,238304,23831369,100.009,100.00406623473,0.009
2023-06-05,511620.SH,国泰瞬利货币A,20170907,,同期七天通知存款利率(税后),国泰基金管理有限公司,中国建设银行股份有限公司,货币型ETF,,,74170000.0,72903,7290327,100.001,100.00037035513,0.001
2023-06-06,511620.SH,国泰瞬利货币A,20170907,,同期七天通知存款利率(税后),国泰基金管理有限公司,中国建设银行股份有限公司,货币型ETF,,,74750000.0,148248,14824790,100.001,99.999932545464,0.001
2023-06-07,511620.SH,国泰瞬利货币A,20170907,,同期七天通知存款利率(税后),国泰基金管理有限公司,中国建设银行股份有限公司,货币型ETF,,,84780000.0,7201,720104,100,100.00055547841,0
2023-06-08,511620.SH,国泰瞬利货币A,20170907,,同期七天通知存款利率(税后),国泰基金管理有限公司,中国建设银行股份有限公司,货币型ETF,,,94880000.0,150174,15017389,99.999,99.999926751635,-0.001
2023-06-09,511620.SH,国泰瞬利货币A,20170907,,同期七天通知存款利率(税后),国泰基金管理有限公司,中国建设银行股份有限公司,货币型ETF,,,104570000.0,301166,30117706,99.997,100.0036723933,-0.003
2023-06-12,511620.SH,国泰瞬利货币A,20170907,,同期七天通知存款利率(税后),国泰基金管理有限公司,中国建设银行股份有限公司,货币型ETF,,,99980000.0,42239,4223852,100,99.99886360946,0
2023-06-13,511620.SH,国泰瞬利货币A,20170907,,同期七天通知存款利率(税后),国泰基金管理有限公司,中国建设银行股份有限公司,货币型ETF,,,199930000.0,155003,15500245,100,99.999645168158,0
2023-06-14,511620.SH,国泰瞬利货币A,20170907,,同期七天通知存款利率(税后),国泰基金管理有限公司,中国建设银行股份有限公司,货币型ETF,,,299900000.0,1100321,110032036,100,99.999941835155,0
2023-06-15,511620.SH,国泰瞬利货币A,20170907,,同期七天通知存款利率(税后),国泰基金管理有限公司,中国建设银行股份有限公司,货币型ETF,,,399910000.0,1008245,100824493,99.999,99.999993057243,-0.001
2023-06-16,511620.SH,国泰瞬利货币A,20170907,,同期七天通知存款利率(税后),国泰基金管理有限公司,中国建设银行股份有限公司,货币型ETF,,,400530000.0,744800,74479937,100,99.999915413534,0
2023-06-19,511620.SH,国泰瞬利货币A,20170907,,同期七天通知存款利率(税后),国泰基金管理有限公司,中国建设银行股份有限公司,货币型ETF,,,399190000.0,254005,25399928,99.998,99.997748075825,-0.002
2023-06-20,511620.SH,国泰瞬利货币A,20170907,,同期七天通知存款利率(税后),国泰基金管理有限公司,中国建设银行股份有限公司,货币型ETF,,,398350000.0,974288,97427177,99.996,99.998334168131,-0.004
2023-06-21,511620.SH,国泰瞬利货币A,20170907,,同期七天通知存款利率(税后),国泰基金管理有限公司,中国建设银行股份有限公司,货币型ETF,,,367520000.0,1103804,110379953,99.995,99.9995950368,-0.005
2023-06-26,511620.SH,国泰瞬利货币A,20170907,,同期七天通知存款利率(税后),国泰基金管理有限公司,中国建设银行股份有限公司,货币型ETF,,,351470000.0,630403,63030563,99.984,99.984554324773,-0.016
2023-06-27,511620.SH,国泰瞬利货币A,20170907,,同期七天通知存款利率(税后),国泰基金管理有限公司,中国建设银行股份有限公司,货币型ETF,,,328350000.0,402093,40202950,99.992,99.984207633557,-0.008
2023-06-28,511620.SH,国泰瞬利货币A,20170907,,同期七天通知存款利率(税后),国泰基金管理有限公司,中国建设银行股份有限公司,货币型ETF,,,315150000.0,363410,36333931,99.984,99.980548141218,-0.016
2023-06-29,511620.SH,国泰瞬利货币A,20170907,,同期七天通知存款利率(税后),国泰基金管理有限公司,中国建设银行股份有限公司,货币型ETF,,,289870000.0,99943,9990681,99.962,99.963789359935,-0.038
2023-06-30,511620.SH,国泰瞬利货币A,20170907,,同期七天通知存款利率(税后),国泰基金管理有限公司,中国建设银行股份有限公司,货币型ETF,,,283845456.0,125857,12585757,100.002,100.00045289495,0.002
2023-07-03,511620.SH,国泰瞬利货币A,20170907,,同期七天通知存款利率(税后),国泰基金管理有限公司,中国建设银行股份有限公司,货币型ETF,,,278100000.0,228311,22830700,100,99.998248003819,0
2023-07-04,511620.SH,国泰瞬利货币A,20170907,,同期七天通知存款利率(税后),国泰基金管理有限公司,中国建设银行股份有限公司,货币型ETF,,,289810000.0,14319,1431910,100.002,100.00069837279,0.002
2023-07-05,511620.SH,国泰瞬利货币A,20170907,,同期七天通知存款利率(税后),国泰基金管理有限公司,中国建设银行股份有限公司,货币型ETF,,,289420000.0,61121,6112102,100.001,100.00003272198,0.001
2023-07-06,511620.SH,国泰瞬利货币A,20170907,,同期七天通知存款利率(税后),国泰基金管理有限公司,中国建设银行股份有限公司,货币型ETF,,,288360000.0,112340,11233886,99.998,99.998985223429,-0.002
2023-07-07,511620.SH,国泰瞬利货币A,20170907,,同期七天通知存款利率(税后),国泰基金管理有限公司,中国建设银行股份有限公司,货币型ETF,,,286720000.0,324404,32441874,100.011,100.00454371709,0.011
2023-07-10,511620.SH,国泰瞬利货币A,20170907,,同期七天通知存款利率(税后),国泰基金管理有限公司,中国建设银行股份有限公司,货币型ETF,,,275470000.0,144518,14451643,100.001,99.998913630136,0.001
2023-07-11,511620.SH,国泰瞬利货币A,20170907,,同期七天通知存款利率(税后),国泰基金管理有限公司,中国建设银行股份有限公司,货币型ETF,,,270290000.0,227103,22710324,100.001,100.00010567892,0.001
2023-07-12,511620.SH,国泰瞬利货币A,20170907,,同期七天通知存款利率(税后),国泰基金管理有限公司,中国建设银行股份有限公司,货币型ETF,,,289540000.0,279652,27964658,100,99.998061876904,0
2023-07-13,511620.SH,国泰瞬利货币A,20170907,,同期七天通知存款利率(税后),国泰基金管理有限公司,中国建设银行股份有限公司,货币型ETF,,,275780000.0,113411,11340745,99.996,99.996869792172,-0.004
2023-07-14,511620.SH,国泰瞬利货币A,20170907,,同期七天通知存款利率(税后),国泰基金管理有限公司,中国建设银行股份有限公司,货币型ETF,,,273540000.0,314984,31499759,100.008,100.00431450486,0.008
2023-07-17,511620.SH,国泰瞬利货币A,20170907,,同期七天通知存款利率(税后),国泰基金管理有限公司,中国建设银行股份有限公司,货币型ETF,,,249710000.0,37579,3757922,100.002,100.00058543335,0.002
2023-07-18,511620.SH,国泰瞬利货币A,20170907,,同期七天通知存款利率(税后),国泰基金管理有限公司,中国建设银行股份有限公司,货币型ETF,,,249220000.0,156481,15648144,100,100.0002811843,0
2023-07-19,511620.SH,国泰瞬利货币A,20170907,,同期七天通知存款利率(税后),国泰基金管理有限公司,中国建设银行股份有限公司,货币型ETF,,,248440000.0,62073,6207315,100,100.00024165096,0
2023-07-20,511620.SH,国泰瞬利货币A,20170907,,同期七天通知存款利率(税后),国泰基金管理有限公司,中国建设银行股份有限公司,货币型ETF,,,246350000.0,287702,28769925,99.999,99.999044149849,-0.001
2023-07-21,511620.SH,国泰瞬利货币A,20170907,,同期七天通知存款利率(税后),国泰基金管理有限公司,中国建设银行股份有限公司,货币型ETF,,,246640000.0,319237,31925797,100.008,100.00656878745,0.008
2023-07-24,511620.SH,国泰瞬利货币A,20170907,,同期七天通知存款利率(税后),国泰基金管理有限公司,中国建设银行股份有限公司,货币型ETF,,,242050000.0,54724,5472364,100,99.999342153351,0
2023-07-25,511620.SH,国泰瞬利货币A,20170907,,同期七天通知存款利率(税后),国泰基金管理有限公司,中国建设银行股份有限公司,货币型ETF,,,238930000.0,36526,3652561,100.001,99.998932267426,0.001
2023-07-26,511620.SH,国泰瞬利货币A,20170907,,同期七天通知存款利率(税后),国泰基金管理有限公司,中国建设银行股份有限公司,货币型ETF,,,238240000.0,261701,26170091,100,99.999965609608,0
2023-07-27,511620.SH,国泰瞬利货币A,20170907,,同期七天通知存款利率(税后),国泰基金管理有限公司,中国建设银行股份有限公司,货币型ETF,,,238950000.0,177981,17798095,99.999,99.999971907114,-0.001
2023-07-28,511620.SH,国泰瞬利货币A,20170907,,同期七天通知存款利率(税后),国泰基金管理有限公司,中国建设银行股份有限公司,货币型ETF,,,238980000.0,428592,42860627,100.001,100.00332950685,0.001
2023-07-31,511620.SH,国泰瞬利货币A,20170907,,同期七天通知存款利率(税后),国泰基金管理有限公司,中国建设银行股份有限公司,货币型ETF,,,228500000.0,99202,9919479,99.992,99.992732001371,-0.008
2023-08-01,511620.SH,国泰瞬利货币A,20170907,,同期七天通知存款利率(税后),国泰基金管理有限公司,中国建设银行股份有限公司,货币型ETF,,,220990000.0,171321,17131992,100.002,99.999369604427,0.002
2023-08-02,511620.SH,国泰瞬利货币A,20170907,,同期七天通知存款利率(税后),国泰基金管理有限公司,中国建设银行股份有限公司,货币型ETF,,,320900000.0,106343,10634332,100.002,100.00030091308,0.002
2023-08-03,511620.SH,国泰瞬利货币A,20170907,,同期七天通知存款利率(税后),国泰基金管理有限公司,中国建设银行股份有限公司,货币型ETF,,,326910000.0,1004620,100461966,100,99.999966156358,0
2023-08-04,511620.SH,国泰瞬利货币A,20170907,,同期七天通知存款利率(税后),国泰基金管理有限公司,中国建设银行股份有限公司,货币型ETF,,,341870000.0,214552,21456250,100.006,100.00489391849,0.006
2023-08-07,511620.SH,国泰瞬利货币A,20170907,,同期七天通知存款利率(税后),国泰基金管理有限公司,中国建设银行股份有限公司,货币型ETF,,,345120000.0,89231,8923112,100.001,100.00013448241,0.001
2023-08-08,511620.SH,国泰瞬利货币A,20170907,,同期七天通知存款利率(税后),国泰基金管理有限公司,中国建设银行股份有限公司,货币型ETF,,,443200000.0,198203,19820304,100.001,100.00002018133,0.001
2023-08-09,511620.SH,国泰瞬利货币A,20170907,,同期七天通知存款利率(税后),国泰基金管理有限公司,中国建设银行股份有限公司,货币型ETF,,,458220000.0,1412734,141274243,100.001,100.00059671531,0.001
2023-08-10,511620.SH,国泰瞬利货币A,20170907,,同期七天通知存款利率(税后),国泰基金管理有限公司,中国建设银行股份有限公司,货币型ETF,,,675150000.0,99435,9943478,100,99.999778749937,0
2023-08-11,511620.SH,国泰瞬利货币A,20170907,,同期七天通知存款利率(税后),国泰基金管理有限公司,中国建设银行股份有限公司,货币型ETF,,,677470000.0,2532801,253295313,100.007,100.00600639371,0.007
2023-08-14,511620.SH,国泰瞬利货币A,20170907,,同期七天通知存款利率(税后),国泰基金管理有限公司,中国建设银行股份有限公司,货币型ETF,,,655310000.0,731415,73141246,100.001,99.999652727931,0.001
2023-08-15,511620.SH,国泰瞬利货币A,20170907,,同期七天通知存款利率(税后),国泰基金管理有限公司,中国建设银行股份有限公司,货币型ETF,,,670000000.0,273401,27339919,99.999,99.999337968771,-0.001
2023-08-16,511620.SH,国泰瞬利货币A,20170907,,同期七天通知存款利率(税后),国泰基金管理有限公司,中国建设银行股份有限公司,货币型ETF,,,668550000.0,246702,24670085,100,99.999533850557,0
2023-08-17,511620.SH,国泰瞬利货币A,20170907,,同期七天通知存款利率(税后),国泰基金管理有限公司,中国建设银行股份有限公司,货币型ETF,,,656850000.0,659202,65919486,99.999,99.998916872218,-0.001
2023-08-18,511620.SH,国泰瞬利货币A,20170907,,同期七天通知存款利率(税后),国泰基金管理有限公司,中国建设银行股份有限公司,货币型ETF,,,672680000.0,755805,75585007,100.007,100.00596317833,0.007
2023-08-21,511620.SH,国泰瞬利货币A,20170907,,同期七天通知存款利率(税后),国泰基金管理有限公司,中国建设银行股份有限公司,货币型ETF,,,628670000.0,206907,20690655,100,99.999782510983,0
2023-08-22,511620.SH,国泰瞬利货币A,20170907,,同期七天通知存款利率(税后),国泰基金管理有限公司,中国建设银行股份有限公司,货币型ETF,,,614340000.0,305267,30526659,100,99.999865691346,0
2023-08-23,511620.SH,国泰瞬利货币A,20170907,,同期七天通知存款利率(税后),国泰基金管理有限公司,中国建设银行股份有限公司,货币型ETF,,,611360000.0,208428,20842817,100.002,100.00008156294,0.002
2023-08-24,511620.SH,国泰瞬利货币A,20170907,,同期七天通知存款利率(税后),国泰基金管理有限公司,中国建设银行股份有限公司,货币型ETF,,,625290000.0,59314,5931352,100,99.999190747547,0
2023-08-25,511620.SH,国泰瞬利货币A,20170907,,同期七天通知存款利率(税后),国泰基金管理有限公司,中国建设银行股份有限公司,货币型ETF,,,625230000.0,182316,18233095,100.009,100.00820004827,0.009
2023-08-28,511620.SH,国泰瞬利货币A,20170907,,同期七天通知存款利率(税后),国泰基金管理有限公司,中国建设银行股份有限公司,货币型ETF,,,613310000.0,114289,11428320,99.998,99.994925145902,-0.002
2023-08-29,511620.SH,国泰瞬利货币A,20170907,,同期七天通知存款利率(税后),国泰基金管理有限公司,中国建设银行股份有限公司,货币型ETF,,,612900000.0,236936,23693373,100,99.999041935375,0
2023-08-30,511620.SH,国泰瞬利货币A,20170907,,同期七天通知存款利率(税后),国泰基金管理有限公司,中国建设银行股份有限公司,货币型ETF,,,628910000.0,73008,7300581,99.995,99.997000328731,-0.005
2023-08-31,511620.SH,国泰瞬利货币A,20170907,,同期七天通知存款利率(税后),国泰基金管理有限公司,中国建设银行股份有限公司,货币型ETF,,,652410000.0,102607,10260140,100,99.99454228269,0
2023-09-01,511620.SH,国泰瞬利货币A,20170907,,同期七天通知存款利率(税后),国泰基金管理有限公司,中国建设银行股份有限公司,货币型ETF,,,652410000.0,570929,57097557,100.009,100.00815688115,0.009
2023-09-04,511620.SH,国泰瞬利货币A,20170907,,同期七天通知存款利率(税后),国泰基金管理有限公司,中国建设银行股份有限公司,货币型ETF,,,616880000.0,244219,24422072,100.002,100.00070428591,0.002
2023-09-05,511620.SH,国泰瞬利货币A,20170907,,同期七天通知存款利率(税后),国泰基金管理有限公司,中国建设银行股份有限公司,货币型ETF,,,738370000.0,433504,43350410,100,100.00002306784,0
2023-09-06,511620.SH,国泰瞬利货币A,20170907,,同期七天通知存款利率(税后),国泰基金管理有限公司,中国建设银行股份有限公司,货币型ETF,,,736300000.0,1461411,146141011,100,99.999939099952,0
2023-09-07,511620.SH,国泰瞬利货币A,20170907,,同期七天通知存款利率(税后),国泰基金管理有限公司,中国建设银行股份有限公司,货币型ETF,,,729650000.0,182826,18282385,99.999,99.998824018466,-0.001
2023-09-08,511620.SH,国泰瞬利货币A,20170907,,同期七天通知存款利率(税后),国泰基金管理有限公司,中国建设银行股份有限公司,货币型ETF,,,726410000.0,390633,39066442,100.009,100.00804335527,0.009
2023-09-11,511620.SH,国泰瞬利货币A,20170907,,同期七天通知存款利率(税后),国泰基金管理有限公司,中国建设银行股份有限公司,货币型ETF,,,697900000.0,289141,28914186,100.001,100.00029743274,0.001
2023-09-12,511620.SH,国泰瞬利货币A,20170907,,同期七天通知存款利率(税后),国泰基金管理有限公司,中国建设银行股份有限公司,货币型ETF,,,800350000.0,155020,15502103,100.001,100.0006644304,0.001
2023-09-13,511620.SH,国泰瞬利货币A,20170907,,同期七天通知存款利率(税后),国泰基金管理有限公司,中国建设银行股份有限公司,货币型ETF,,,790710000.0,1341311,134130949,100,99.999887423573,0
2023-09-14,511620.SH,国泰瞬利货币A,20170907,,同期七天通知存款利率(税后),国泰基金管理有限公司,中国建设银行股份有限公司,货币型ETF,,,804230000.0,148027,14802644,100,99.999621690638,0
2023-09-15,511620.SH,国泰瞬利货币A,20170907,,同期七天通知存款利率(税后),国泰基金管理有限公司,中国建设银行股份有限公司,货币型ETF,,,801690000.0,365296,36532289,100.008,100.00736115369,0.008
2023-09-18,511620.SH,国泰瞬利货币A,20170907,,同期七天通知存款利率(税后),国泰基金管理有限公司,中国建设银行股份有限公司,货币型ETF,,,783230000.0,174611,17461089,100,99.999937002823,0
2023-09-19,511620.SH,国泰瞬利货币A,20170907,,同期七天通知存款利率(税后),国泰基金管理有限公司,中国建设银行股份有限公司,货币型ETF,,,801300000.0,92504,9250331,100,99.99925408631,0
2023-09-20,511620.SH,国泰瞬利货币A,20170907,,同期七天通知存款利率(税后),国泰基金管理有限公司,中国建设银行股份有限公司,货币型ETF,,,796510000.0,90215,9021301,99.999,99.997794158399,-0.001
2023-09-21,511620.SH,国泰瞬利货币A,20170907,,同期七天通知存款利率(税后),国泰基金管理有限公司,中国建设银行股份有限公司,货币型ETF,,,794150000.0,401528,40150959,99.996,99.995415014644,-0.004
2023-09-22,511620.SH,国泰瞬利货币A,20170907,,同期七天通知存款利率(税后),国泰基金管理有限公司,中国建设银行股份有限公司,货币型ETF,,,793220000.0,324845,32485381,99.999,100.00271206268,-0.001
2023-09-25,511620.SH,国泰瞬利货币A,20170907,,同期七天通知存款利率(税后),国泰基金管理有限公司,中国建设银行股份有限公司,货币型ETF,,,776620000.0,221500,22148720,99.993,99.994221218962,-0.007
2023-09-26,511620.SH,国泰瞬利货币A,20170907,,同期七天通知存款利率(税后),国泰基金管理有限公司,中国建设银行股份有限公司,货币型ETF,,,993040000.0,571904,57184436,99.988,99.989571676365,-0.012
2023-09-27,511620.SH,国泰瞬利货币A,20170907,,同期七天通知存款利率(税后),国泰基金管理有限公司,中国建设银行股份有限公司,货币型ETF,,,986660000.0,1011540,101150702,100,99.996739624731,0
2023-09-28,511620.SH,国泰瞬利货币A,20170907,,同期七天通知存款利率(税后),国泰基金管理有限公司,中国建设银行股份有限公司,货币型ETF,,,986760000.0,1784819,178577149,100.05,100.05336619568,0.05
2023-10-09,511620.SH,国泰瞬利货币A,20170907,,同期七天通知存款利率(税后),国泰基金管理有限公司,中国建设银行股份有限公司,货币型ETF,,,960190000.0,870180,87015214,99.994,99.996798363557,-0.006
2023-10-10,511620.SH,国泰瞬利货币A,20170907,,同期七天通知存款利率(税后),国泰基金管理有限公司,中国建设银行股份有限公司,货币型ETF,,,921750000.0,849898,84988643,100.001,99.998638660169,0.001
2023-10-11,511620.SH,国泰瞬利货币A,20170907,,同期七天通知存款利率(税后),国泰基金管理有限公司,中国建设银行股份有限公司,货币型ETF,,,913370000.0,299409,29940920,100.001,100.00006679826,0.001
2023-10-12,511620.SH,国泰瞬利货币A,20170907,,同期七天通知存款利率(税后),国泰基金管理有限公司,中国建设银行股份有限公司,货币型ETF,,,897900000.0,881223,88118278,99.996,99.995435888532,-0.004
2023-10-13,511620.SH,国泰瞬利货币A,20170907,,同期七天通知存款利率(税后),国泰基金管理有限公司,中国建设银行股份有限公司,货币型ETF,,,892560000.0,775202,77526378,100.008,100.00796953568,0.008
2023-10-16,511620.SH,国泰瞬利货币A,20170907,,同期七天通知存款利率(税后),国泰基金管理有限公司,中国建设银行股份有限公司,货币型ETF,,,839540000.0,453483,45348366,100.002,100.00014554019,0.002
2023-10-17,511620.SH,国泰瞬利货币A,20170907,,同期七天通知存款利率(税后),国泰基金管理有限公司,中国建设银行股份有限公司,货币型ETF,,,838520000.0,107065,10706659,100.002,100.00148507916,0.002
2023-10-18,511620.SH,国泰瞬利货币A,20170907,,同期七天通知存款利率(税后),国泰基金管理有限公司,中国建设银行股份有限公司,货币型ETF,,,834410000.0,270431,27043422,100.002,100.0011906919,0.002
2023-10-19,511620.SH,国泰瞬利货币A,20170907,,同期七天通知存款利率(税后),国泰基金管理有限公司,中国建设银行股份有限公司,货币型ETF,,,820220000.0,200567,20056651,99.999,99.999755692611,-0.001
2023-10-20,511620.SH,国泰瞬利货币A,20170907,,同期七天通知存款利率(税后),国泰基金管理有限公司,中国建设银行股份有限公司,货币型ETF,,,815230000.0,213592,21361267,100.01,100.00967732874,0.01
2023-10-23,511620.SH,国泰瞬利货币A,20170907,,同期七天通知存款利率(税后),国泰基金管理有限公司,中国建设银行股份有限公司,货币型ETF,,,810300000.0,93319,9332026,100.004,100.00135020735,0.004
2023-10-24,511620.SH,国泰瞬利货币A,20170907,,同期七天通知存款利率(税后),国泰基金管理有限公司,中国建设银行股份有限公司,货币型ETF,,,805060000.0,127280,12727959,100.001,99.99967787555,0.001
2023-10-25,511620.SH,国泰瞬利货币A,20170907,,同期七天通知存款利率(税后),国泰基金管理有限公司,中国建设银行股份有限公司,货币型ETF,,,796750000.0,74202,7420093,99.999,99.998557990351,-0.001
2023-10-26,511620.SH,国泰瞬利货币A,20170907,,同期七天通知存款利率(税后),国泰基金管理有限公司,中国建设银行股份有限公司,货币型ETF,,,796690000.0,30826,3082583,100.001,99.999448517485,0.001
2023-10-27,511620.SH,国泰瞬利货币A,20170907,,同期七天通知存款利率(税后),国泰基金管理有限公司,中国建设银行股份有限公司,货币型ETF,,,896700000.0,82707,8271307,100.007,100.00733916114,0.007
2023-10-30,511620.SH,国泰瞬利货币A,20170907,,同期七天通知存款利率(税后),国泰基金管理有限公司,中国建设银行股份有限公司,货币型ETF,,,895050000.0,64287,6428584,99.998,99.998195591644,-0.002
2023-10-31,511620.SH,国泰瞬利货币A,20170907,,同期七天通知存款利率(税后),国泰基金管理有限公司,中国建设银行股份有限公司,货币型ETF,,,895070000.0,30664,3066318,99.997,99.997325854422,-0.003
2023-11-01,511620.SH,国泰瞬利货币A,20170907,,同期七天通知存款利率(税后),国泰基金管理有限公司,中国建设银行股份有限公司,货币型ETF,,,895090000.0,861370,86135689,99.999,99.998478005967,-0.001
2023-11-02,511620.SH,国泰瞬利货币A,20170907,,同期七天通知存款利率(税后),国泰基金管理有限公司,中国建设银行股份有限公司,货币型ETF,,,785710000.0,204262,20426419,100.002,100.00107215243,0.002
2023-11-03,511620.SH,国泰瞬利货币A,20170907,,同期七天通知存款利率(税后),国泰基金管理有限公司,中国建设银行股份有限公司,货币型ETF,,,781670000.0,197492,19750764,100.007,100.00791930812,0.007
2023-11-06,511620.SH,国泰瞬利货币A,20170907,,同期七天通知存款利率(税后),国泰基金管理有限公司,中国建设银行股份有限公司,货币型ETF,,,776480000.0,162752,16276846,100,100.01011354699,0
2023-11-07,511620.SH,国泰瞬利货币A,20170907,,同期七天通知存款利率(税后),国泰基金管理有限公司,中国建设银行股份有限公司,货币型ETF,,,775150000.0,37810,3781000,100.001,100,0.001
2023-11-08,511620.SH,国泰瞬利货币A,20170907,,同期七天通知存款利率(税后),国泰基金管理有限公司,中国建设银行股份有限公司,货币型ETF,,,775190000.0,308703,30870448,100.002,100.00047942521,0.002
2023-11-09,511620.SH,国泰瞬利货币A,20170907,,同期七天通知存款利率(税后),国泰基金管理有限公司,中国建设银行股份有限公司,货币型ETF,,,757350000.0,91964,9196437,100,100.00040233135,0
2023-11-10,511620.SH,国泰瞬利货币A,20170907,,同期七天通知存款利率(税后),国泰基金管理有限公司,中国建设银行股份有限公司,货币型ETF,,,753950000.0,410706,41074400,100.012,100.00925236057,0.012
2023-11-13,511620.SH,国泰瞬利货币A,20170907,,同期七天通知存款利率(税后),国泰基金管理有限公司,中国建设银行股份有限公司,货币型ETF,,,724490000.0,301904,30190626,100.002,100.00074858233,0.002
2023-11-14,511620.SH,国泰瞬利货币A,20170907,,同期七天通知存款利率(税后),国泰基金管理有限公司,中国建设银行股份有限公司,货币型ETF,,,723520000.0,54011,5401142,100,100.00077761937,0
2023-11-15,511620.SH,国泰瞬利货币A,20170907,,同期七天通知存款利率(税后),国泰基金管理有限公司,中国建设银行股份有限公司,货币型ETF,,,721970000.0,126205,12620075,99.998,99.996632463056,-0.002
2023-11-16,511620.SH,国泰瞬利货币A,20170907,,同期七天通知存款利率(税后),国泰基金管理有限公司,中国建设银行股份有限公司,货币型ETF,,,718540000.0,136674,13666989,100,99.996992844286,0
2023-11-17,511620.SH,国泰瞬利货币A,20170907,,同期七天通知存款利率(税后),国泰基金管理有限公司,中国建设银行股份有限公司,货币型ETF,,,718320000.0,309426,30945563,100.011,100.00957579518,0.011
2023-11-20,511620.SH,国泰瞬利货币A,20170907,,同期七天通知存款利率(税后),国泰基金管理有限公司,中国建设银行股份有限公司,货币型ETF,,,712320000.0,120124,12012595,100.002,100.00162332257,0.002
2023-11-21,511620.SH,国泰瞬利货币A,20170907,,同期七天通知存款利率(税后),国泰基金管理有限公司,中国建设银行股份有限公司,货币型ETF,,,708030000.0,280093,28009293,100,99.999975008301,0
2023-11-22,511620.SH,国泰瞬利货币A,20170907,,同期七天通知存款利率(税后),国泰基金管理有限公司,中国建设银行股份有限公司,货币型ETF,,,698640000.0,482117,48210901,99.999,99.998342725936,-0.001
2023-11-23,511620.SH,国泰瞬利货币A,20170907,,同期七天通知存款利率(税后),国泰基金管理有限公司,中国建设银行股份有限公司,货币型ETF,,,661330000.0,338654,33863850,99.995,99.995423057162,-0.005
2023-11-24,511620.SH,国泰瞬利货币A,20170907,,同期七天通知存款利率(税后),国泰基金管理有限公司,中国建设银行股份有限公司,货币型ETF,,,645770000.0,256432,25644717,100.007,100.00591579834,0.007
2023-11-27,511620.SH,国泰瞬利货币A,20170907,,同期七天通知存款利率(税后),国泰基金管理有限公司,中国建设银行股份有限公司,货币型ETF,,,642550000.0,316530,31652060,99.998,99.997030297286,-0.002
2023-11-28,511620.SH,国泰瞬利货币A,20170907,,同期七天通知存款利率(税后),国泰基金管理有限公司,中国建设银行股份有限公司,货币型ETF,,,626580000.0,382129,38213025,99.999,100.00032711467,-0.001
2023-11-29,511620.SH,国泰瞬利货币A,20170907,,同期七天通知存款利率(税后),国泰基金管理有限公司,中国建设银行股份有限公司,货币型ETF,,,609090000.0,883239,88317199,99.992,99.992413152046,-0.008
2023-11-30,511620.SH,国泰瞬利货币A,20170907,,同期七天通知存款利率(税后),国泰基金管理有限公司,中国建设银行股份有限公司,货币型ETF,,,599520000.0,447588,44757009,99.999,99.99599855224,-0.001
2023-12-01,511620.SH,国泰瞬利货币A,20170907,,同期七天通知存款利率(税后),国泰基金管理有限公司,中国建设银行股份有限公司,货币型ETF,,,600000000.0,431386,43141977,100.011,100.0078282559,0.011
2023-12-04,511620.SH,国泰瞬利货币A,20170907,,同期七天通知存款利率(税后),国泰基金管理有限公司,中国建设银行股份有限公司,货币型ETF,,,600120000.0,53945,5394605,100.003,100.00194642692,0.003
2023-12-05,511620.SH,国泰瞬利货币A,20170907,,同期七天通知存款利率(税后),国泰基金管理有限公司,中国建设银行股份有限公司,货币型ETF,,,585680000.0,65308,6531059,100.005,100.00396582348,0.005
2023-12-06,511620.SH,国泰瞬利货币A,20170907,,同期七天通知存款利率(税后),国泰基金管理有限公司,中国建设银行股份有限公司,货币型ETF,,,585710000.0,164362,16437008,100.006,100.00491597815,0.006
2023-12-07,511620.SH,国泰瞬利货币A,20170907,,同期七天通知存款利率(税后),国泰基金管理有限公司,中国建设银行股份有限公司,货币型ETF,,,585740000.0,537523,53777417,100.006,100.04672730283,0.006
2023-12-08,511620.SH,国泰瞬利货币A,20170907,,同期七天通知存款利率(税后),国泰基金管理有限公司,中国建设银行股份有限公司,货币型ETF,,,575710000.0,784279,78434490,100.007,100.00840262203,0.007
2023-12-11,511620.SH,国泰瞬利货币A,20170907,,同期七天通知存款利率(税后),国泰基金管理有限公司,中国建设银行股份有限公司,货币型ETF,,,527760000.0,217211,21720579,99.996,99.99760141061,-0.004
2023-12-12,511620.SH,国泰瞬利货币A,20170907,,同期七天通知存款利率(税后),国泰基金管理有限公司,中国建设银行股份有限公司,货币型ETF,,,521930000.0,303606,30362089,100.011,100.00490438265,0.011
2023-12-13,511620.SH,国泰瞬利货币A,20170907,,同期七天通知存款利率(税后),国泰基金管理有限公司,中国建设银行股份有限公司,货币型ETF,,,520390000.0,242213,24221920,100.005,100.00255973049,0.005
2023-12-14,511620.SH,国泰瞬利货币A,20170907,,同期七天通知存款利率(税后),国泰基金管理有限公司,中国建设银行股份有限公司,货币型ETF,,,499480000.0,140404,14035419,99.893,99.964523802741,-0.107
2023-12-15,511620.SH,国泰瞬利货币A,20170907,,同期七天通知存款利率(税后),国泰基金管理有限公司,中国建设银行股份有限公司,货币型ETF,,,494230000.0,77678,7768538,100.01,100.00950075955,0.01
2023-12-18,511620.SH,国泰瞬利货币A,20170907,,同期七天通知存款利率(税后),国泰基金管理有限公司,中国建设银行股份有限公司,货币型ETF,,,494980000.0,184535,18453779,100.002,100.00151190831,0.002
2023-12-19,511620.SH,国泰瞬利货币A,20170907,,同期七天通知存款利率(税后),国泰基金管理有限公司,中国建设银行股份有限公司,货币型ETF,,,484350000.0,733962,73395286,100,99.998754703922,0
2023-12-20,511620.SH,国泰瞬利货币A,20170907,,同期七天通知存款利率(税后),国泰基金管理有限公司,中国建设银行股份有限公司,货币型ETF,,,429160000.0,1246978,124693907,99.998,99.996878052379,-0.002
2023-12-21,511620.SH,国泰瞬利货币A,20170907,,同期七天通知存款利率(税后),国泰基金管理有限公司,中国建设银行股份有限公司,货币型ETF,,,336060000.0,104103,10410064,99.998,99.997733014418,-0.002
2023-12-22,511620.SH,国泰瞬利货币A,20170907,,同期七天通知存款利率(税后),国泰基金管理有限公司,中国建设银行股份有限公司,货币型ETF,,,329170000.0,59852,5985750,100.011,100.00918933369,0.011
2023-12-25,511620.SH,国泰瞬利货币A,20170907,,同期七天通知存款利率(税后),国泰基金管理有限公司,中国建设银行股份有限公司,货币型ETF,,,324930000.0,214014,21400489,99.999,99.995743269132,-0.001
2023-12-26,511620.SH,国泰瞬利货币A,20170907,,同期七天通知存款利率(税后),国泰基金管理有限公司,中国建设银行股份有限公司,货币型ETF,,,307530000.0,181108,18109363,99.992,99.992065507874,-0.008
2023-12-27,511620.SH,国泰瞬利货币A,20170907,,同期七天通知存款利率(税后),国泰基金管理有限公司,中国建设银行股份有限公司,货币型ETF,,,305480000.0,823910,82371474,99.982,99.976300809554,-0.018
2023-12-28,511620.SH,国泰瞬利货币A,20170907,,同期七天通知存款利率(税后),国泰基金管理有限公司,中国建设银行股份有限公司,货币型ETF,,,256460000.0,193424,19338458,99.986,99.979619902391,-0.014
2023-12-29,511620.SH,国泰瞬利货币A,20170907,,同期七天通知存款利率(税后),国泰基金管理有限公司,中国建设银行股份有限公司,货币型ETF,,,247830000.0,51580,5159377,100.028,100.02669639395,0.028
2024-01-02,511620.SH,国泰瞬利货币A,20170907,,同期七天通知存款利率(税后),国泰基金管理有限公司,中国建设银行股份有限公司,货币型ETF,,,247890000.0,292230,29223046,100.002,100.00015741026,0.002
2024-01-03,511620.SH,国泰瞬利货币A,20170907,,同期七天通知存款利率(税后),国泰基金管理有限公司,中国建设银行股份有限公司,货币型ETF,,,233840000.0,101221,10122142,99.999,100.00041493366,-0.001
2024-01-04,511620.SH,国泰瞬利货币A,20170907,,同期七天通知存款利率(税后),国泰基金管理有限公司,中国建设银行股份有限公司,货币型ETF,,,231430000.0,94925,9492699,100.006,100.00209639189,0.006
2024-01-05,511620.SH,国泰瞬利货币A,20170907,,同期七天通知存款利率(税后),国泰基金管理有限公司,中国建设银行股份有限公司,货币型ETF,,,228580000.0,52318,5232644,100.022,100.01613211514,0.022
2024-01-08,511620.SH,国泰瞬利货币A,20170907,,同期七天通知存款利率(税后),国泰基金管理有限公司,中国建设银行股份有限公司,货币型ETF,,,228060000.0,54034,5404441,100.005,100.01926564756,0.005
2024-01-09,511620.SH,国泰瞬利货币A,20170907,,同期七天通知存款利率(税后),国泰基金管理有限公司,中国建设银行股份有限公司,货币型ETF,,,228080000.0,57047,5704936,100.004,100.00413693972,0.004
2024-01-10,511620.SH,国泰瞬利货币A,20170907,,同期七天通知存款利率(税后),国泰基金管理有限公司,中国建设银行股份有限公司,货币型ETF,,,228240000.0,580109,58011640,100.002,100.00127562234,0.002
2024-01-11,511620.SH,国泰瞬利货币A,20170907,,同期七天通知存款利率(税后),国泰基金管理有限公司,中国建设银行股份有限公司,货币型ETF,,,220530000.0,220956,22096133,100.004,100.00241224497,0.004
2024-01-12,511620.SH,国泰瞬利货币A,20170907,,同期七天通知存款利率(税后),国泰基金管理有限公司,中国建设银行股份有限公司,货币型ETF,,,208090000.0,62525,6253525,100.014,100.01639344262,0.014
2024-01-15,511620.SH,国泰瞬利货币A,20170907,,同期七天通知存款利率(税后),国泰基金管理有限公司,中国建设银行股份有限公司,货币型ETF,,,208250000.0,132205,13221177,100.005,100.00512083507,0.005
2024-01-16,511620.SH,国泰瞬利货币A,20170907,,同期七天通知存款利率(税后),国泰基金管理有限公司,中国建设银行股份有限公司,货币型ETF,,,198810000.0,91426,9142936,100.002,100.00367510336,0.002
2024-01-17,511620.SH,国泰瞬利货币A,20170907,,同期七天通知存款利率(税后),国泰基金管理有限公司,中国建设银行股份有限公司,货币型ETF,,,197480000.0,104817,10482076,100.004,100.00358720437,0.004
2024-01-18,511620.SH,国泰瞬利货币A,20170907,,同期七天通知存款利率(税后),国泰基金管理有限公司,中国建设银行股份有限公司,货币型ETF,,,194510000.0,33027,3302778,100.004,100.00236170406,0.004
2024-01-19,511620.SH,国泰瞬利货币A,20170907,,同期七天通知存款利率(税后),国泰基金管理有限公司,中国建设银行股份有限公司,货币型ETF,,,194550000.0,80121,8013536,100.02,100.01792289163,0.02
2024-01-22,511620.SH,国泰瞬利货币A,20170907,,同期七天通知存款利率(税后),国泰基金管理有限公司,中国建设银行股份有限公司,货币型ETF,,,194600000.0,73137,7314113,100.007,100.00564693657,0.007
2024-01-23,511620.SH,国泰瞬利货币A,20170907,,同期七天通知存款利率(税后),国泰基金管理有限公司,中国建设银行股份有限公司,货币型ETF,,,194610000.0,56012,5601334,100.004,100.0023923445,0.004
2024-01-24,511620.SH,国泰瞬利货币A,20170907,,同期七天通知存款利率(税后),国泰基金管理有限公司,中国建设银行股份有限公司,货币型ETF,,,194630000.0,100450,10045294,100.005,100.00292682927,0.005
2024-01-25,511620.SH,国泰瞬利货币A,20170907,,同期七天通知存款利率(税后),国泰基金管理有限公司,中国建设银行股份有限公司,货币型ETF,,,194640000.0,81008,8098581,99.99,99.97260764369,-0.01
2024-01-26,511620.SH,国泰瞬利货币A,20170907,,同期七天通知存款利率(税后),国泰基金管理有限公司,中国建设银行股份有限公司,货币型ETF,,,194650000.0,122544,12255924,100.014,100.01243634939,0.014
2024-01-29,511620.SH,国泰瞬利货币A,20170907,,同期七天通知存款利率(税后),国泰基金管理有限公司,中国建设银行股份有限公司,货币型ETF,,,194670000.0,73786,7378821,100.005,100.00299514813,0.005
2024-01-30,511620.SH,国泰瞬利货币A,20170907,,同期七天通知存款利率(税后),国泰基金管理有限公司,中国建设银行股份有限公司,货币型ETF,,,194010000.0,66584,6658686,100.005,100.0042953262,0.005
2024-01-31,511620.SH,国泰瞬利货币A,20170907,,同期七天通知存款利率(税后),国泰基金管理有限公司,中国建设银行股份有限公司,货币型ETF,,,194090000.0,216910,21691562,100.004,100.00259093633,0.004
2024-02-01,511620.SH,国泰瞬利货币A,20170907,,同期七天通知存款利率(税后),国泰基金管理有限公司,中国建设银行股份有限公司,货币型ETF,,,190310000.0,155715,15571842,100.005,100.0021963202,0.005
2024-02-02,511620.SH,国泰瞬利货币A,20170907,,同期七天通知存款利率(税后),国泰基金管理有限公司,中国建设银行股份有限公司,货币型ETF,,,189800000.0,65646,6565454,100.01,100.0130091704,0.01
2024-02-05,511620.SH,国泰瞬利货币A,20170907,,同期七天通知存款利率(税后),国泰基金管理有限公司,中国建设银行股份有限公司,货币型ETF,,,188830000.0,63168,6316987,100.005,100.00296035968,0.005
2024-02-06,511620.SH,国泰瞬利货币A,20170907,,同期七天通知存款利率(税后),国泰基金管理有限公司,中国建设银行股份有限公司,货币型ETF,,,188360000.0,272821,27282076,100,99.999912030232,0
2024-02-07,511620.SH,国泰瞬利货币A,20170907,,同期七天通知存款利率(税后),国泰基金管理有限公司,中国建设银行股份有限公司,货币型ETF,,,180030000.0,227814,22781310,100.005,99.999604940873,0.005
2024-02-08,511620.SH,国泰瞬利货币A,20170907,,同期七天通知存款利率(税后),国泰基金管理有限公司,中国建设银行股份有限公司,货币型ETF,,,180050000.0,394173,39439139,100.078,100.05540460661,0.078
2024-02-19,511620.SH,国泰瞬利货币A,20170907,,同期七天通知存款利率(税后),国泰基金管理有限公司,中国建设银行股份有限公司,货币型ETF,,,180830000.0,288586,28857143,100.002,99.994951245036,0.002
2024-02-20,511620.SH,国泰瞬利货币A,20170907,,同期七天通知存款利率(税后),国泰基金管理有限公司,中国建设银行股份有限公司,货币型ETF,,,179840000.0,39423,3942372,100.004,100.00182634503,0.004
2024-02-21,511620.SH,国泰瞬利货币A,20170907,,同期七天通知存款利率(税后),国泰基金管理有限公司,中国建设银行股份有限公司,货币型ETF,,,179470000.0,32590,3259119,100.005,100.00365142682,0.005
2024-02-22,511620.SH,国泰瞬利货币A,20170907,,同期七天通知存款利率(税后),国泰基金管理有限公司,中国建设银行股份有限公司,货币型ETF,,,179470000.0,26612,2661322,100.004,100.00458439802,0.004
2024-02-23,511620.SH,国泰瞬利货币A,20170907,,同期七天通知存款利率(税后),国泰基金管理有限公司,中国建设银行股份有限公司,货币型ETF,,,179480000.0,66860,6686579,100.013,100.00865988633,0.013
2024-02-26,511620.SH,国泰瞬利货币A,20170907,,同期七天通知存款利率(税后),国泰基金管理有限公司,中国建设银行股份有限公司,货币型ETF,,,178360000.0,135423,13542217,100,99.999387105588,0
2024-02-27,511620.SH,国泰瞬利货币A,20170907,,同期七天通知存款利率(税后),国泰基金管理有限公司,中国建设银行股份有限公司,货币型ETF,,,178220000.0,86522,8652104,99.999,99.998890455607,-0.001
2024-02-28,511620.SH,国泰瞬利货币A,20170907,,同期七天通知存款利率(税后),国泰基金管理有限公司,中国建设银行股份有限公司,货币型ETF,,,177120000.0,176586,17656954,99.988,99.990678762756,-0.012
2024-02-29,511620.SH,国泰瞬利货币A,20170907,,同期七天通知存款利率(税后),国泰基金管理有限公司,中国建设银行股份有限公司,货币型ETF,,,174450000.0,514118,51400019,99.985,99.977085027173,-0.015
2024-03-01,511620.SH,国泰瞬利货币A,20170907,,同期七天通知存款利率(税后),国泰基金管理有限公司,中国建设银行股份有限公司,货币型ETF,,,172910000.0,225369,22538322,100.009,100.00630965217,0.009
2024-03-04,511620.SH,国泰瞬利货币A,20170907,,同期七天通知存款利率(税后),国泰基金管理有限公司,中国建设银行股份有限公司,货币型ETF,,,163490000.0,73795,7379525,100.001,100.00033877634,0.001
2024-03-05,511620.SH,国泰瞬利货币A,20170907,,同期七天通知存款利率(税后),国泰基金管理有限公司,中国建设银行股份有限公司,货币型ETF,,,163510000.0,52217,5221769,100.002,100.00132140874,0.002
2024-03-06,511620.SH,国泰瞬利货币A,20170907,,同期七天通知存款利率(税后),国泰基金管理有限公司,中国建设银行股份有限公司,货币型ETF,,,163460000.0,101093,10109611,100.003,100.00307637522,0.003
2024-03-07,511620.SH,国泰瞬利货币A,20170907,,同期七天通知存款利率(税后),国泰基金管理有限公司,中国建设银行股份有限公司,货币型ETF,,,163470000.0,30187,3018743,100.001,100.00142445424,0.001
2024-03-08,511620.SH,国泰瞬利货币A,20170907,,同期七天通知存款利率(税后),国泰基金管理有限公司,中国建设银行股份有限公司,货币型ETF,,,163030000.0,217114,21708483,100.008,99.986564661883,0.008
2024-03-11,511620.SH,国泰瞬利货币A,20170907,,同期七天通知存款利率(税后),国泰基金管理有限公司,中国建设银行股份有限公司,货币型ETF,,,161130000.0,55839,5583989,100.001,100.00159386809,0.001
2024-03-12,511620.SH,国泰瞬利货币A,20170907,,同期七天通知存款利率(税后),国泰基金管理有限公司,中国建设银行股份有限公司,货币型ETF,,,162120000.0,96991,9699107,100,100.00007217164,0
2024-03-13,511620.SH,国泰瞬利货币A,20170907,,同期七天通知存款利率(税后),国泰基金管理有限公司,中国建设银行股份有限公司,货币型ETF,,,158200000.0,43998,4399558,99.992,99.994499749989,-0.008
2024-03-14,511620.SH,国泰瞬利货币A,20170907,,同期七天通知存款利率(税后),国泰基金管理有限公司,中国建设银行股份有限公司,货币型ETF,,,159320000.0,266504,26647629,99.997,99.989602407469,-0.003
2024-03-15,511620.SH,国泰瞬利货币A,20170907,,同期七天通知存款利率(税后),国泰基金管理有限公司,中国建设银行股份有限公司,货币型ETF,,,151730000.0,131332,13134542,100.012,100.01021837785,0.012
2024-03-18,511620.SH,国泰瞬利货币A,20170907,,同期七天通知存款利率(税后),国泰基金管理有限公司,中国建设银行股份有限公司,货币型ETF,,,150870000.0,89628,8962980,100.002,100.00200830098,0.002
2024-03-19,511620.SH,国泰瞬利货币A,20170907,,同期七天通知存款利率(税后),国泰基金管理有限公司,中国建设银行股份有限公司,货币型ETF,,,150960000.0,151671,15167586,100.003,100.00320430405,0.003
2024-03-20,511620.SH,国泰瞬利货币A,20170907,,同期七天通知存款利率(税后),国泰基金管理有限公司,中国建设银行股份有限公司,货币型ETF,,,148800000.0,64619,6461962,100.002,100.00095947012,0.002
2024-03-21,511620.SH,国泰瞬利货币A,20170907,,同期七天通知存款利率(税后),国泰基金管理有限公司,中国建设银行股份有限公司,货币型ETF,,,148650000.0,201876,20187857,100.005,100.00127305871,0.005
2024-03-22,511620.SH,国泰瞬利货币A,20170907,,同期七天通知存款利率(税后),国泰基金管理有限公司,中国建设银行股份有限公司,货币型ETF,,,140370000.0,112199,11221408,100.015,100.01344040499,0.015
2024-03-25,511620.SH,国泰瞬利货币A,20170907,,同期七天通知存款利率(税后),国泰基金管理有限公司,中国建设银行股份有限公司,货币型ETF,,,140470000.0,39314,3931645,100.007,100.00623187669,0.007
2024-03-26,511620.SH,国泰瞬利货币A,20170907,,同期七天通知存款利率(税后),国泰基金管理有限公司,中国建设银行股份有限公司,货币型ETF,,,141490000.0,111073,11107396,100.001,100.00086429645,0.001
2024-03-27,511620.SH,国泰瞬利货币A,20170907,,同期七天通知存款利率(税后),国泰基金管理有限公司,中国建设银行股份有限公司,货币型ETF,,,140890000.0,137463,13746048,99.998,99.998166779424,-0.002
2024-03-28,511620.SH,国泰瞬利货币A,20170907,,同期七天通知存款利率(税后),国泰基金管理有限公司,中国建设银行股份有限公司,货币型ETF,,,134670000.0,157654,15762607,99.974,99.982283988989,-0.026
2024-03-29,511620.SH,国泰瞬利货币A,20170907,,同期七天通知存款利率(税后),国泰基金管理有限公司,中国建设银行股份有限公司,货币型ETF,,,134610000.0,197547,19756690,100.013,100.01007355212,0.013
2024-04-01,511620.SH,国泰瞬利货币A,20170907,,同期七天通知存款利率(税后),国泰基金管理有限公司,中国建设银行股份有限公司,货币型ETF,,,130930000.0,60120,6012204,100.004,100.00339321357,0.004
2024-04-02,511620.SH,国泰瞬利货币A,20170907,,同期七天通知存款利率(税后),国泰基金管理有限公司,中国建设银行股份有限公司,货币型ETF,,,130750000.0,203195,20320179,100.01,100.00334161766,0.01
2024-04-03,511620.SH,国泰瞬利货币A,20170907,,同期七天通知存款利率(税后),国泰基金管理有限公司,中国建设银行股份有限公司,货币型ETF,,,131810000.0,215599,21567272,100.039,100.0341931085,0.039
2024-04-08,511620.SH,国泰瞬利货币A,20170907,,同期七天通知存款利率(税后),国泰基金管理有限公司,中国建设银行股份有限公司,货币型ETF,,,132440000.0,161614,16162269,100.017,100.00537700942,0.017
2024-04-09,511620.SH,国泰瞬利货币A,20170907,,同期七天通知存款利率(税后),国泰基金管理有限公司,中国建设银行股份有限公司,货币型ETF,,,132400000.0,231816,23197112,100.006,100.06691513959,0.006
2024-04-10,511620.SH,国泰瞬利货币A,20170907,,同期七天通知存款利率(税后),国泰基金管理有限公司,中国建设银行股份有限公司,货币型ETF,,,132590000.0,165871,16588487,100.009,100.00836191981,0.009
2024-04-11,511620.SH,国泰瞬利货币A,20170907,,同期七天通知存款利率(税后),国泰基金管理有限公司,中国建设银行股份有限公司,货币型ETF,,,134400000.0,139956,13995997,100.003,100.00283660579,0.003
2024-04-12,511620.SH,国泰瞬利货币A,20170907,,同期七天通知存款利率(税后),国泰基金管理有限公司,中国建设银行股份有限公司,货币型ETF,,,135100000.0,68047,6805595,100.015,100.01315267389,0.015
2024-04-15,511620.SH,国泰瞬利货币A,20170907,,同期七天通知存款利率(税后),国泰基金管理有限公司,中国建设银行股份有限公司,货币型ETF,,,135140000.0,56022,5602669,100.009,100.00837171111,0.009
2024-04-16,511620.SH,国泰瞬利货币A,20170907,,同期七天通知存款利率(税后),国泰基金管理有限公司,中国建设银行股份有限公司,货币型ETF,,,135650000.0,16198,1619924,100.01,100.00765526608,0.01
2024-04-17,511620.SH,国泰瞬利货币A,20170907,,同期七天通知存款利率(税后),国泰基金管理有限公司,中国建设银行股份有限公司,货币型ETF,,,136390000.0,26216,2621792,100.006,100.00732377174,0.006
2024-04-18,511620.SH,国泰瞬利货币A,20170907,,同期七天通知存款利率(税后),国泰基金管理有限公司,中国建设银行股份有限公司,货币型ETF,,,136390000.0,50806,5080775,100.005,100.00344447506,0.005
2024-04-19,511620.SH,国泰瞬利货币A,20170907,,同期七天通知存款利率(税后),国泰基金管理有限公司,中国建设银行股份有限公司,货币型ETF,,,136490000.0,56236,5624263,100.014,100.01178960097,0.014
2024-04-22,511620.SH,国泰瞬利货币A,20170907,,同期七天通知存款利率(税后),国泰基金管理有限公司,中国建设银行股份有限公司,货币型ETF,,,136640000.0,58084,5808621,100.004,100.00380483438,0.004
2024-04-23,511620.SH,国泰瞬利货币A,20170907,,同期七天通知存款利率(税后),国泰基金管理有限公司,中国建设银行股份有限公司,货币型ETF,,,136660000.0,20210,2021047,100.002,100.0023255814,0.002
2024-04-24,511620.SH,国泰瞬利货币A,20170907,,同期七天通知存款利率(税后),国泰基金管理有限公司,中国建设银行股份有限公司,货币型ETF,,,136570000.0,40616,4061704,100.001,100.00256056726,0.001
2024-04-25,511620.SH,国泰瞬利货币A,20170907,,同期七天通知存款利率(税后),国泰基金管理有限公司,中国建设银行股份有限公司,货币型ETF,,,136560000.0,139513,13951462,100.001,100.00116118211,0.001
2024-04-26,511620.SH,国泰瞬利货币A,20170907,,同期七天通知存款利率(税后),国泰基金管理有限公司,中国建设银行股份有限公司,货币型ETF,,,136570000.0,71043,7104918,100.007,100.00869895697,0.007
2024-04-29,511620.SH,国泰瞬利货币A,20170907,,同期七天通知存款利率(税后),国泰基金管理有限公司,中国建设银行股份有限公司,货币型ETF,,,137220000.0,82926,8291404,100.001,99.985577502834,0.001
2024-04-30,511620.SH,国泰瞬利货币A,20170907,,同期七天通知存款利率(税后),国泰基金管理有限公司,中国建设银行股份有限公司,货币型ETF,,,137500000.0,191648,19171239,100.038,100.03359805477,0.038
2024-05-06,511620.SH,国泰瞬利货币A,20170907,,同期七天通知存款利率(税后),国泰基金管理有限公司,中国建设银行股份有限公司,货币型ETF,,,132730000.0,53448,5345063,100.006,100.00492067056,0.006
2024-05-07,511620.SH,国泰瞬利货币A,20170907,,同期七天通知存款利率(税后),国泰基金管理有限公司,中国建设银行股份有限公司,货币型ETF,,,132740000.0,44630,4463258,100.005,100.00578086489,0.005
2024-05-08,511620.SH,国泰瞬利货币A,20170907,,同期七天通知存款利率(税后),国泰基金管理有限公司,中国建设银行股份有限公司,货币型ETF,,,132040000.0,35125,3512694,100.004,100.00552313167,0.004
2024-05-09,511620.SH,国泰瞬利货币A,20170907,,同期七天通知存款利率(税后),国泰基金管理有限公司,中国建设银行股份有限公司,货币型ETF,,,132050000.0,42364,4236578,100.004,100.00420168067,0.004
2024-05-10,511620.SH,国泰瞬利货币A,20170907,,同期七天通知存款利率(税后),国泰基金管理有限公司,中国建设银行股份有限公司,货币型ETF,,,132170000.0,39162,3916711,100.015,100.01304836321,0.015
2024-05-13,511620.SH,国泰瞬利货币A,20170907,,同期七天通知存款利率(税后),国泰基金管理有限公司,中国建设银行股份有限公司,货币型ETF,,,132290000.0,83261,8326582,100.007,100.00578902487,0.007
2024-05-14,511620.SH,国泰瞬利货币A,20170907,,同期七天通知存款利率(税后),国泰基金管理有限公司,中国建设银行股份有限公司,货币型ETF,,,132390000.0,31081,3108275,100.005,100.00563044947,0.005
2024-05-15,511620.SH,国泰瞬利货币A,20170907,,同期七天通知存款利率(税后),国泰基金管理有限公司,中国建设银行股份有限公司,货币型ETF,,,132390000.0,20668,2066896,100.005,100.00464486162,0.005
2024-05-16,511620.SH,国泰瞬利货币A,20170907,,同期七天通知存款利率(税后),国泰基金管理有限公司,中国建设银行股份有限公司,货币型ETF,,,132420000.0,36464,3646527,100.003,100.00348288723,0.003
2024-05-17,511620.SH,国泰瞬利货币A,20170907,,同期七天通知存款利率(税后),国泰基金管理有限公司,中国建设银行股份有限公司,货币型ETF,,,132420000.0,38708,3871264,100.013,100.01198718611,0.013
2024-05-20,511620.SH,国泰瞬利货币A,20170907,,同期七天通知存款利率(税后),国泰基金管理有限公司,中国建设银行股份有限公司,货币型ETF,,,132440000.0,60911,6091291,100.002,100.00313572261,0.002
2024-05-21,511620.SH,国泰瞬利货币A,20170907,,同期七天通知存款利率(税后),国泰基金管理有限公司,中国建设银行股份有限公司,货币型ETF,,,132450000.0,29338,2933877,100.003,100.00262458245,0.003
2024-05-22,511620.SH,国泰瞬利货币A,20170907,,同期七天通知存款利率(税后),国泰基金管理有限公司,中国建设银行股份有限公司,货币型ETF,,,132550000.0,26145,2614582,100.003,100.00313635494,0.003
2024-05-23,511620.SH,国泰瞬利货币A,20170907,,同期七天通知存款利率(税后),国泰基金管理有限公司,中国建设银行股份有限公司,货币型ETF,,,132610000.0,73920,7392432,100.01,100.00584415584,0.01
2024-05-24,511620.SH,国泰瞬利货币A,20170907,,同期七天通知存款利率(税后),国泰基金管理有限公司,中国建设银行股份有限公司,货币型ETF,,,132670000.0,83477,8348934,100.016,100.01478251494,0.016
2024-05-27,511620.SH,国泰瞬利货币A,20170907,,同期七天通知存款利率(税后),国泰基金管理有限公司,中国建设银行股份有限公司,货币型ETF,,,132690000.0,65963,6596558,100.005,100.0039112836,0.005
2024-05-28,511620.SH,国泰瞬利货币A,20170907,,同期七天通知存款利率(税后),国泰基金管理有限公司,中国建设银行股份有限公司,货币型ETF,,,132700000.0,36613,3661546,100.007,100.00671892497,0.007
2024-05-29,511620.SH,国泰瞬利货币A,20170907,,同期七天通知存款利率(税后),国泰基金管理有限公司,中国建设银行股份有限公司,货币型ETF,,,132760000.0,19806,1980706,100.006,100.00535191356,0.006
2024-05-30,511620.SH,国泰瞬利货币A,20170907,,同期七天通知存款利率(税后),国泰基金管理有限公司,中国建设银行股份有限公司,货币型ETF,,,132770000.0,37885,3788619,100.006,100.00314108486,0.006
2024-05-31,511620.SH,国泰瞬利货币A,20170907,,同期七天通知存款利率(税后),国泰基金管理有限公司,中国建设银行股份有限公司,货币型ETF,,,132770000.0,105477,10548966,100.012,100.01200261668,0.012
2024-06-03,511620.SH,国泰瞬利货币A,20170907,,同期七天通知存款利率(税后),国泰基金管理有限公司,中国建设银行股份有限公司,货币型ETF,,,132800000.0,49541,4954344,100.007,100.00492521346,0.007
2024-06-04,511620.SH,国泰瞬利货币A,20170907,,同期七天通知存款利率(税后),国泰基金管理有限公司,中国建设银行股份有限公司,货币型ETF,,,132800000.0,20867,2086808,100.005,100.00517563617,0.005
2024-06-05,511620.SH,国泰瞬利货币A,20170907,,同期七天通知存款利率(税后),国泰基金管理有限公司,中国建设银行股份有限公司,货币型ETF,,,132820000.0,8712,871245,100.005,100.00516528926,0.005
2024-06-06,511620.SH,国泰瞬利货币A,20170907,,同期七天通知存款利率(税后),国泰基金管理有限公司,中国建设银行股份有限公司,货币型ETF,,,132860000.0,44660,4466267,100.007,100.00597850425,0.007
2024-06-07,511620.SH,国泰瞬利货币A,20170907,,同期七天通知存款利率(税后),国泰基金管理有限公司,中国建设银行股份有限公司,货币型ETF,,,132860000.0,21652,2165586,100.018,100.01782745243,0.018
2024-06-11,511620.SH,国泰瞬利货币A,20170907,,同期七天通知存款利率(税后),国泰基金管理有限公司,中国建设银行股份有限公司,货币型ETF,,,133030000.0,41370,4137138,100.004,100.00333575054,0.004
2024-06-12,511620.SH,国泰瞬利货币A,20170907,,同期七天通知存款利率(税后),国泰基金管理有限公司,中国建设银行股份有限公司,货币型ETF,,,133040000.0,60213,6021492,99.995,100.00318868019,-0.005
2024-06-13,511620.SH,国泰瞬利货币A,20170907,,同期七天通知存款利率(税后),国泰基金管理有限公司,中国建设银行股份有限公司,货币型ETF,,,129370000.0,50428,5042886,100.003,100.00170540176,0.003
2024-06-14,511620.SH,国泰瞬利货币A,20170907,,同期七天通知存款利率(税后),国泰基金管理有限公司,中国建设银行股份有限公司,货币型ETF,,,127820000.0,48243,4824817,100.012,100.01071658064,0.012
2024-06-17,511620.SH,国泰瞬利货币A,20170907,,同期七天通知存款利率(税后),国泰基金管理有限公司,中国建设银行股份有限公司,货币型ETF,,,127630000.0,35656,3565740,100.005,100.0039264079,0.005
2024-06-18,511620.SH,国泰瞬利货币A,20170907,,同期七天通知存款利率(税后),国泰基金管理有限公司,中国建设银行股份有限公司,货币型ETF,,,127640000.0,49317,4931912,100.003,100.00429872052,0.003
2024-06-19,511620.SH,国泰瞬利货币A,20170907,,同期七天通知存款利率(税后),国泰基金管理有限公司,中国建设银行股份有限公司,货币型ETF,,,127640000.0,34902,3490338,100.003,100.00395392814,0.003
2024-06-20,511620.SH,国泰瞬利货币A,20170907,,同期七天通知存款利率(税后),国泰基金管理有限公司,中国建设银行股份有限公司,货币型ETF,,,127650000.0,80029,8003250,100.007,100.00437341464,0.007
2024-06-21,511620.SH,国泰瞬利货币A,20170907,,同期七天通知存款利率(税后),国泰基金管理有限公司,中国建设银行股份有限公司,货币型ETF,,,127650000.0,95004,9501724,100.01,100.01393625532,0.01
2024-06-24,511620.SH,国泰瞬利货币A,20170907,,同期七天通知存款利率(税后),国泰基金管理有限公司,中国建设银行股份有限公司,货币型ETF,,,127670000.0,28694,2869483,100.003,100.00289259079,0.003
2024-06-25,511620.SH,国泰瞬利货币A,20170907,,同期七天通知存款利率(税后),国泰基金管理有限公司,中国建设银行股份有限公司,货币型ETF,,,127680000.0,10622,1062230,100.004,100.00282432687,0.004
2024-06-26,511620.SH,国泰瞬利货币A,20170907,,同期七天通知存款利率(税后),国泰基金管理有限公司,中国建设银行股份有限公司,货币型ETF,,,127690000.0,21117,2111748,100.002,100.00227305015,0.002
2024-06-27,511620.SH,国泰瞬利货币A,20170907,,同期七天通知存款利率(税后),国泰基金管理有限公司,中国建设银行股份有限公司,货币型ETF,,,127680000.0,101523,10151824,100.004,99.995311407267,0.004
2024-06-28,511620.SH,国泰瞬利货币A,20170907,,同期七天通知存款利率(税后),国泰基金管理有限公司,中国建设银行股份有限公司,货币型ETF,,,126500000.0,77257,7726935,100.012,100.01598560648,0.012
2024-07-01,511620.SH,国泰瞬利货币A,20170907,,同期七天通知存款利率(税后),国泰基金管理有限公司,中国建设银行股份有限公司,货币型ETF,,,126520000.0,18729,1873023,100.007,100.00656735544,0.007
2024-07-02,511620.SH,国泰瞬利货币A,20170907,,同期七天通知存款利率(税后),国泰基金管理有限公司,中国建设银行股份有限公司,货币型ETF,,,126480000.0,13000,1300059,100.004,100.00453846154,0.004
2024-07-03,511620.SH,国泰瞬利货币A,20170907,,同期七天通知存款利率(税后),国泰基金管理有限公司,中国建设银行股份有限公司,货币型ETF,,,126490000.0,11015,1101551,100.004,100.00463004993,0.004
2024-07-04,511620.SH,国泰瞬利货币A,20170907,,同期七天通知存款利率(税后),国泰基金管理有限公司,中国建设银行股份有限公司,货币型ETF,,,126520000.0,21458,2145882,100.006,100.00382141859,0.006
2024-07-05,511620.SH,国泰瞬利货币A,20170907,,同期七天通知存款利率(税后),国泰基金管理有限公司,中国建设银行股份有限公司,货币型ETF,,,126520000.0,25001,2500466,100.013,100.01463941442,0.013
2024-07-08,511620.SH,国泰瞬利货币A,20170907,,同期七天通知存款利率(税后),国泰基金管理有限公司,中国建设银行股份有限公司,货币型ETF,,,126550000.0,20575,2057686,100.008,100.00904009721,0.008
2024-07-09,511620.SH,国泰瞬利货币A,20170907,,同期七天通知存款利率(税后),国泰基金管理有限公司,中国建设银行股份有限公司,货币型ETF,,,126550000.0,22613,2261440,100.007,100.006191129,0.007
2024-07-10,511620.SH,国泰瞬利货币A,20170907,,同期七天通知存款利率(税后),国泰基金管理有限公司,中国建设银行股份有限公司,货币型ETF,,,126570000.0,17011,1701224,100.011,100.00728940098,0.011
2024-07-11,511620.SH,国泰瞬利货币A,20170907,,同期七天通知存款利率(税后),国泰基金管理有限公司,中国建设银行股份有限公司,货币型ETF,,,126590000.0,110706,11070833,100.004,100.00210467364,0.004
2024-07-12,511620.SH,国泰瞬利货币A,20170907,,同期七天通知存款利率(税后),国泰基金管理有限公司,中国建设银行股份有限公司,货币型ETF,,,126840000.0,41173,4117820,100.013,100.01262963593,0.013
2024-07-15,511620.SH,国泰瞬利货币A,20170907,,同期七天通知存款利率(税后),国泰基金管理有限公司,中国建设银行股份有限公司,货币型ETF,,,126860000.0,27203,2720491,100.008,100.00702128442,0.008
2024-07-16,511620.SH,国泰瞬利货币A,20170907,,同期七天通知存款利率(税后),国泰基金管理有限公司,中国建设银行股份有限公司,货币型ETF,,,131300000.0,5684,568427,100.007,100.00475017593,0.007
2024-07-17,511620.SH,国泰瞬利货币A,20170907,,同期七天通知存款利率(税后),国泰基金管理有限公司,中国建设银行股份有限公司,货币型ETF,,,131310000.0,10548,1054849,100.008,100.00464543041,0.008
2024-07-18,511620.SH,国泰瞬利货币A,20170907,,同期七天通知存款利率(税后),国泰基金管理有限公司,中国建设银行股份有限公司,货币型ETF,,,131210000.0,12012,1201226,100.003,100.00216450216,0.003
2024-07-19,511620.SH,国泰瞬利货币A,20170907,,同期七天通知存款利率(税后),国泰基金管理有限公司,中国建设银行股份有限公司,货币型ETF,,,131240000.0,16185,1618681,100.01,100.01118319432,0.01
2024-07-22,511620.SH,国泰瞬利货币A,20170907,,同期七天通知存款利率(税后),国泰基金管理有限公司,中国建设银行股份有限公司,货币型ETF,,,131250000.0,9118,911823,100.003,100.002522483,0.003
2024-07-23,511620.SH,国泰瞬利货币A,20170907,,同期七天通知存款利率(税后),国泰基金管理有限公司,中国建设银行股份有限公司,货币型ETF,,,131260000.0,6575,657536,100.006,100.00547528517,0.006
2024-07-24,511620.SH,国泰瞬利货币A,20170907,,同期七天通知存款利率(税后),国泰基金管理有限公司,中国建设银行股份有限公司,货币型ETF,,,131270000.0,8723,872329,100.004,100.00332454431,0.004
2024-07-25,511620.SH,国泰瞬利货币A,20170907,,同期七天通知存款利率(税后),国泰基金管理有限公司,中国建设银行股份有限公司,货币型ETF,,,131210000.0,15102,1510231,100.002,100.00205270825,0.002
2024-07-26,511620.SH,国泰瞬利货币A,20170907,,同期七天通知存款利率(税后),国泰基金管理有限公司,中国建设银行股份有限公司,货币型ETF,,,131220000.0,37813,3781781,100.016,100.01272049295,0.016
2024-07-29,511620.SH,国泰瞬利货币A,20170907,,同期七天通知存款利率(税后),国泰基金管理有限公司,中国建设银行股份有限公司,货币型ETF,,,131930000.0,6400,640033,100.005,100.00515625,0.005
2024-07-30,511620.SH,国泰瞬利货币A,20170907,,同期七天通知存款利率(税后),国泰基金管理有限公司,中国建设银行股份有限公司,货币型ETF,,,131940000.0,36747,3674747,100.003,100.00127901597,0.003
2024-07-31,511620.SH,国泰瞬利货币A,20170907,,同期七天通知存款利率(税后),国泰基金管理有限公司,中国建设银行股份有限公司,货币型ETF,,,131360000.0,77006,7700485,99.998,99.998506609875,-0.002
2024-08-01,511620.SH,国泰瞬利货币A,20170907,,同期七天通知存款利率(税后),国泰基金管理有限公司,中国建设银行股份有限公司,货币型ETF,,,131250000.0,74096,7409711,100.005,100.00149805658,0.005
2024-08-02,511620.SH,国泰瞬利货币A,20170907,,同期七天通知存款利率(税后),国泰基金管理有限公司,中国建设银行股份有限公司,货币型ETF,,,131260000.0,203795,20381384,100.012,100.00924458402,0.012
2024-08-05,511620.SH,国泰瞬利货币A,20170907,,同期七天通知存款利率(税后),国泰基金管理有限公司,中国建设银行股份有限公司,货币型ETF,,,130470000.0,41343,4134406,100.004,100.0025639165,0.004
2024-08-06,511620.SH,国泰瞬利货币A,20170907,,同期七天通知存款利率(税后),国泰基金管理有限公司,中国建设银行股份有限公司,货币型ETF,,,129090000.0,35967,3596766,100.002,100.00183501543,0.002
2024-08-07,511620.SH,国泰瞬利货币A,20170907,,同期七天通知存款利率(税后),国泰基金管理有限公司,中国建设银行股份有限公司,货币型ETF,,,128610000.0,121220,12122281,100.007,100.00231809932,0.007
2024-08-08,511620.SH,国泰瞬利货币A,20170907,,同期七天通知存款利率(税后),国泰基金管理有限公司,中国建设银行股份有限公司,货币型ETF,,,128080000.0,55983,5598591,100.007,100.00519800654,0.007
2024-08-09,511620.SH,国泰瞬利货币A,20170907,,同期七天通知存款利率(税后),国泰基金管理有限公司,中国建设银行股份有限公司,货币型ETF,,,128090000.0,69601,6960933,100.013,100.01196821885,0.013
2024-08-12,511620.SH,国泰瞬利货币A,20170907,,同期七天通知存款利率(税后),国泰基金管理有限公司,中国建设银行股份有限公司,货币型ETF,,,128110000.0,28769,2877047,100.006,100.00510966666,0.006
2024-08-13,511620.SH,国泰瞬利货币A,20170907,,同期七天通知存款利率(税后),国泰基金管理有限公司,中国建设银行股份有限公司,货币型ETF,,,128120000.0,7008,700817,100.005,100.00242579909,0.005
2024-08-14,511620.SH,国泰瞬利货币A,20170907,,同期七天通知存款利率(税后),国泰基金管理有限公司,中国建设银行股份有限公司,货币型ETF,,,128130000.0,21501,2150241,100.009,100.00655783452,0.009
2024-08-15,511620.SH,国泰瞬利货币A,20170907,,同期七天通知存款利率(税后),国泰基金管理有限公司,中国建设银行股份有限公司,货币型ETF,,,128130000.0,70844,7084941,100.014,100.00763649709,0.014
2024-08-16,511620.SH,国泰瞬利货币A,20170907,,同期七天通知存款利率(税后),国泰基金管理有限公司,中国建设银行股份有限公司,货币型ETF,,,128140000.0,57853,5786924,100.035,100.02807114584,0.035
2024-08-19,511620.SH,国泰瞬利货币A,20170907,,同期七天通知存款利率(税后),国泰基金管理有限公司,中国建设银行股份有限公司,货币型ETF,,,128310000.0,33112,3311654,100.019,100.01371104131,0.019
2024-08-20,511620.SH,国泰瞬利货币A,20170907,,同期七天通知存款利率(税后),国泰基金管理有限公司,中国建设银行股份有限公司,货币型ETF,,,128330000.0,103499,10351468,100.01,100.01514990483,0.01
2024-08-21,511620.SH,国泰瞬利货币A,20170907,,同期七天通知存款利率(税后),国泰基金管理有限公司,中国建设银行股份有限公司,货币型ETF,,,128770000.0,24644,2464673,100.012,100.01107774712,0.012
2024-08-22,511620.SH,国泰瞬利货币A,20170907,,同期七天通知存款利率(税后),国泰基金管理有限公司,中国建设银行股份有限公司,货币型ETF,,,129720000.0,20432,2043464,100.012,100.01292090838,0.012
2024-08-23,511620.SH,国泰瞬利货币A,20170907,,同期七天通知存款利率(税后),国泰基金管理有限公司,中国建设银行股份有限公司,货币型ETF,,,129850000.0,39405,3941172,100.021,100.01705367339,0.021
2024-08-26,511620.SH,国泰瞬利货币A,20170907,,同期七天通知存款利率(税后),国泰基金管理有限公司,中国建设银行股份有限公司,货币型ETF,,,130920000.0,24751,2475321,100.009,100.00892893216,0.009
2024-08-27,511620.SH,国泰瞬利货币A,20170907,,同期七天通知存款利率(税后),国泰基金管理有限公司,中国建设银行股份有限公司,货币型ETF,,,131370000.0,35707,3570959,100.007,100.00725347971,0.007
2024-08-28,511620.SH,国泰瞬利货币A,20170907,,同期七天通知存款利率(税后),国泰基金管理有限公司,中国建设银行股份有限公司,货币型ETF,,,132160000.0,4804,480426,100.007,100.00541215654,0.007
2024-08-29,511620.SH,国泰瞬利货币A,20170907,,同期七天通知存款利率(税后),国泰基金管理有限公司,中国建设银行股份有限公司,货币型ETF,,,132160000.0,63436,6342624,99.994,99.984614414528,-0.006
2024-08-30,511620.SH,国泰瞬利货币A,20170907,,同期七天通知存款利率(税后),国泰基金管理有限公司,中国建设银行股份有限公司,货币型ETF,,,132170000.0,65632,6563812,100.006,100.00932471965,0.006
2024-09-02,511620.SH,国泰瞬利货币A,20170907,,同期七天通知存款利率(税后),国泰基金管理有限公司,中国建设银行股份有限公司,货币型ETF,,,132230000.0,22045,2204574,100.005,100.00335677024,0.005
2024-09-03,511620.SH,国泰瞬利货币A,20170907,,同期七天通知存款利率(税后),国泰基金管理有限公司,中国建设银行股份有限公司,货币型ETF,,,132240000.0,13141,1314155,100.006,100.00418537402,0.006
2024-09-04,511620.SH,国泰瞬利货币A,20170907,,同期七天通知存款利率(税后),国泰基金管理有限公司,中国建设银行股份有限公司,货币型ETF,,,132260000.0,20534,2053471,100.003,100.00345767995,0.003
2024-09-05,511620.SH,国泰瞬利货币A,20170907,,同期七天通知存款利率(税后),国泰基金管理有限公司,中国建设银行股份有限公司,货币型ETF,,,132270000.0,18644,1864456,100.002,100.00300364729,0.002
2024-09-06,511620.SH,国泰瞬利货币A,20170907,,同期七天通知存款利率(税后),国泰基金管理有限公司,中国建设银行股份有限公司,货币型ETF,,,132280000.0,46264,4626936,100.012,100.01158568217,0.012
2024-09-09,511620.SH,国泰瞬利货币A,20170907,,同期七天通知存款利率(税后),国泰基金管理有限公司,中国建设银行股份有限公司,货币型ETF,,,133580000.0,36131,3613271,100.005,100.00473277795,0.005
2024-09-10,511620.SH,国泰瞬利货币A,20170907,,同期七天通知存款利率(税后),国泰基金管理有限公司,中国建设银行股份有限公司,货币型ETF,,,133590000.0,35352,3535316,100.005,100.00328128536,0.005
2024-09-11,511620.SH,国泰瞬利货币A,20170907,,同期七天通知存款利率(税后),国泰基金管理有限公司,中国建设银行股份有限公司,货币型ETF,,,132320000.0,44063,4406405,100.003,100.00238295168,0.003
2024-09-12,511620.SH,国泰瞬利货币A,20170907,,同期七天通知存款利率(税后),国泰基金管理有限公司,中国建设银行股份有限公司,货币型ETF,,,132310000.0,53507,5350863,100.004,100.00304633039,0.004
2024-09-13,511620.SH,国泰瞬利货币A,20170907,,同期七天通知存款利率(税后),国泰基金管理有限公司,中国建设银行股份有限公司,货币型ETF,,,132330000.0,38386,3839442,100.027,100.0219350805,0.027
2024-09-18,511620.SH,国泰瞬利货币A,20170907,,同期七天通知存款利率(税后),国泰基金管理有限公司,中国建设银行股份有限公司,货币型ETF,,,132640000.0,75339,7534097,100.002,100.00261484756,0.002
2024-09-19,511620.SH,国泰瞬利货币A,20170907,,同期七天通知存款利率(税后),国泰基金管理有限公司,中国建设银行股份有限公司,货币型ETF,,,132650000.0,44761,4475945,99.999,99.996537164049,-0.001
2024-09-20,511620.SH,国泰瞬利货币A,20170907,,同期七天通知存款利率(税后),国泰基金管理有限公司,中国建设银行股份有限公司,货币型ETF,,,132660000.0,34357,3436037,100.01,100.00980877259,0.01
2024-09-23,511620.SH,国泰瞬利货币A,20170907,,同期七天通知存款利率(税后),国泰基金管理有限公司,中国建设银行股份有限公司,货币型ETF,,,132840000.0,47315,4731650,100.006,100.003170242,0.006
2024-09-24,511620.SH,国泰瞬利货币A,20170907,,同期七天通知存款利率(税后),国泰基金管理有限公司,中国建设银行股份有限公司,货币型ETF,,,132850000.0,102975,10297390,99.99,99.998931779558,-0.01
2024-09-25,511620.SH,国泰瞬利货币A,20170907,,同期七天通知存款利率(税后),国泰基金管理有限公司,中国建设银行股份有限公司,货币型ETF,,,132250000.0,373953,37387305,99.997,99.9786203079,-0.003
2024-09-26,511620.SH,国泰瞬利货币A,20170907,,同期七天通知存款利率(税后),国泰基金管理有限公司,中国建设银行股份有限公司,货币型ETF,,,125900000.0,188653,18863940,99.972,99.992790997228,-0.028
2024-09-27,511620.SH,国泰瞬利货币A,20170907,,同期七天通知存款利率(税后),国泰基金管理有限公司,中国建设银行股份有限公司,货币型ETF,,,124470000.0,94444,9440439,99.96,99.958059802634,-0.04
2024-09-30,511620.SH,国泰瞬利货币A,20170907,,同期七天通知存款利率(税后),国泰基金管理有限公司,中国建设银行股份有限公司,货币型ETF,,,124513674.0,304435,30452811,100.068,100.03058452543,0.068
2024-10-08,511620.SH,国泰瞬利货币A,20170907,,同期七天通知存款利率(税后),国泰基金管理有限公司,中国建设银行股份有限公司,货币型ETF,,,125100000.0,276989,27685805,99.997,99.952723754373,-0.003
2024-10-09,511620.SH,国泰瞬利货币A,20170907,,同期七天通知存款利率(税后),国泰基金管理有限公司,中国建设银行股份有限公司,货币型ETF,,,124980000.0,156811,15680438,100,99.995778357386,0
2024-10-10,511620.SH,国泰瞬利货币A,20170907,,同期七天通知存款利率(税后),国泰基金管理有限公司,中国建设银行股份有限公司,货币型ETF,,,124970000.0,129977,12997884,100.004,100.00141563507,0.004
2024-10-11,511620.SH,国泰瞬利货币A,20170907,,同期七天通知存款利率(税后),国泰基金管理有限公司,中国建设银行股份有限公司,货币型ETF,,,124990000.0,127694,12771137,100.016,100.01360283177,0.016
2024-10-14,511620.SH,国泰瞬利货币A,20170907,,同期七天通知存款利率(税后),国泰基金管理有限公司,中国建设银行股份有限公司,货币型ETF,,,125730000.0,141185,14119643,100.011,100.00809576088,0.011
2024-10-15,511620.SH,国泰瞬利货币A,20170907,,同期七天通知存款利率(税后),国泰基金管理有限公司,中国建设银行股份有限公司,货币型ETF,,,125840000.0,168448,16845881,100.008,100.00641741071,0.008
2024-10-16,511620.SH,国泰瞬利货币A,20170907,,同期七天通知存款利率(税后),国泰基金管理有限公司,中国建设银行股份有限公司,货币型ETF,,,126100000.0,99529,9953702,100.013,100.00805795296,0.013
2024-10-17,511620.SH,国泰瞬利货币A,20170907,,同期七天通知存款利率(税后),国泰基金管理有限公司,中国建设银行股份有限公司,货币型ETF,,,126760000.0,271642,27166547,100.02,100.0086400483,0.02
2024-10-18,511620.SH,国泰瞬利货币A,20170907,,同期七天通知存款利率(税后),国泰基金管理有限公司,中国建设银行股份有限公司,货币型ETF,,,126810000.0,113244,11327095,100.027,100.02379817032,0.027
2024-10-21,511620.SH,国泰瞬利货币A,20170907,,同期七天通知存款利率(税后),国泰基金管理有限公司,中国建设银行股份有限公司,货币型ETF,,,130240000.0,59588,5961316,100.012,100.04222326643,0.012
2024-10-22,511620.SH,国泰瞬利货币A,20170907,,同期七天通知存款利率(税后),国泰基金管理有限公司,中国建设银行股份有限公司,货币型ETF,,,132610000.0,24177,2417931,100.006,100.0095545353,0.006
2024-10-23,511620.SH,国泰瞬利货币A,20170907,,同期七天通知存款利率(税后),国泰基金管理有限公司,中国建设银行股份有限公司,货币型ETF,,,132840000.0,142064,14207401,100.008,100.00704612006,0.008
2024-10-24,511620.SH,国泰瞬利货币A,20170907,,同期七天通知存款利率(税后),国泰基金管理有限公司,中国建设银行股份有限公司,货币型ETF,,,132960000.0,27452,2745397,100.009,100.00717616203,0.009
2024-10-25,511620.SH,国泰瞬利货币A,20170907,,同期七天通知存款利率(税后),国泰基金管理有限公司,中国建设银行股份有限公司,货币型ETF,,,132970000.0,148107,14812740,100.03,100.01377382568,0.03
2024-10-28,511620.SH,国泰瞬利货币A,20170907,,同期七天通知存款利率(税后),国泰基金管理有限公司,中国建设银行股份有限公司,货币型ETF,,,133390000.0,63979,6398454,100.007,100.00865909126,0.007
2024-10-29,511620.SH,国泰瞬利货币A,20170907,,同期七天通知存款利率(税后),国泰基金管理有限公司,中国建设银行股份有限公司,货币型ETF,,,136390000.0,42227,4222907,100.006,100.00490207687,0.006
2024-10-30,511620.SH,国泰瞬利货币A,20170907,,同期七天通知存款利率(税后),国泰基金管理有限公司,中国建设银行股份有限公司,货币型ETF,,,136400000.0,30279,3028014,100.004,100.00376498563,0.004
2024-10-31,511620.SH,国泰瞬利货币A,20170907,,同期七天通知存款利率(税后),国泰基金管理有限公司,中国建设银行股份有限公司,货币型ETF,,,136890000.0,72921,7292712,100.014,100.00839264409,0.014
2024-11-01,511620.SH,国泰瞬利货币A,20170907,,同期七天通知存款利率(税后),国泰基金管理有限公司,中国建设银行股份有限公司,货币型ETF,,,136900000.0,41611,4161975,100.022,100.02102809353,0.022
2024-11-04,511620.SH,国泰瞬利货币A,20170907,,同期七天通知存款利率(税后),国泰基金管理有限公司,中国建设银行股份有限公司,货币型ETF,,,139840000.0,12293,1229449,100.014,100.01212071911,0.014
2024-11-05,511620.SH,国泰瞬利货币A,20170907,,同期七天通知存款利率(税后),国泰基金管理有限公司,中国建设银行股份有限公司,货币型ETF,,,141800000.0,130051,13006021,100.002,100.00708183713,0.002
2024-11-06,511620.SH,国泰瞬利货币A,20170907,,同期七天通知存款利率(税后),国泰基金管理有限公司,中国建设银行股份有限公司,货币型ETF,,,141880000.0,112397,11240236,100.009,100.00476881056,0.009
2024-11-07,511620.SH,国泰瞬利货币A,20170907,,同期七天通知存款利率(税后),国泰基金管理有限公司,中国建设银行股份有限公司,货币型ETF,,,143720000.0,45100,4510199,100.003,100.00441241685,0.003
2024-11-08,511620.SH,国泰瞬利货币A,20170907,,同期七天通知存款利率(税后),国泰基金管理有限公司,中国建设银行股份有限公司,货币型ETF,,,143730000.0,82732,8273455,100.007,100.00308224145,0.007
2024-11-11,511620.SH,国泰瞬利货币A,20170907,,同期七天通知存款利率(税后),国泰基金管理有限公司,中国建设银行股份有限公司,货币型ETF,,,143830000.0,77813,7781530,100.003,100.0029558043,0.003
2024-11-12,511620.SH,国泰瞬利货币A,20170907,,同期七天通知存款利率(税后),国泰基金管理有限公司,中国建设银行股份有限公司,货币型ETF,,,143840000.0,83583,8358781,100.008,100.00575475874,0.008
2024-11-13,511620.SH,国泰瞬利货币A,20170907,,同期七天通知存款利率(税后),国泰基金管理有限公司,中国建设银行股份有限公司,货币型ETF,,,144730000.0,280836,28085257,100.005,100.00590024071,0.005
2024-11-14,511620.SH,国泰瞬利货币A,20170907,,同期七天通知存款利率(税后),国泰基金管理有限公司,中国建设银行股份有限公司,货币型ETF,,,144750000.0,85339,8534437,100.01,100.00629255089,0.01
2024-11-15,511620.SH,国泰瞬利货币A,20170907,,同期七天通知存款利率(税后),国泰基金管理有限公司,中国建设银行股份有限公司,货币型ETF,,,146070000.0,84535,8454945,100.018,100.01709351156,0.018
2024-11-18,511620.SH,国泰瞬利货币A,20170907,,同期七天通知存款利率(税后),国泰基金管理有限公司,中国建设银行股份有限公司,货币型ETF,,,146410000.0,62841,6284502,100.003,100.00639709744,0.003
2024-11-19,511620.SH,国泰瞬利货币A,20170907,,同期七天通知存款利率(税后),国泰基金管理有限公司,中国建设银行股份有限公司,货币型ETF,,,146420000.0,137155,13715876,100.001,100.00274142394,0.001
2024-11-20,511620.SH,国泰瞬利货币A,20170907,,同期七天通知存款利率(税后),国泰基金管理有限公司,中国建设银行股份有限公司,货币型ETF,,,147990000.0,66193,6619629,100.003,100.00497031408,0.003
2024-11-21,511620.SH,国泰瞬利货币A,20170907,,同期七天通知存款利率(税后),国泰基金管理有限公司,中国建设银行股份有限公司,货币型ETF,,,149630000.0,67058,6706286,100.01,100.00724745742,0.01
2024-11-22,511620.SH,国泰瞬利货币A,20170907,,同期七天通知存款利率(税后),国泰基金管理有限公司,中国建设银行股份有限公司,货币型ETF,,,152140000.0,61292,6130243,100.017,100.0170169027,0.017
2024-11-25,511620.SH,国泰瞬利货币A,20170907,,同期七天通知存款利率(税后),国泰基金管理有限公司,中国建设银行股份有限公司,货币型ETF,,,154000000.0,145961,14597573,100.016,100.01009173683,0.016
2024-11-26,511620.SH,国泰瞬利货币A,20170907,,同期七天通知存款利率(税后),国泰基金管理有限公司,中国建设银行股份有限公司,货币型ETF,,,157020000.0,103869,10387657,100.007,100.00728802626,0.007
2024-11-27,511620.SH,国泰瞬利货币A,20170907,,同期七天通知存款利率(税后),国泰基金管理有限公司,中国建设银行股份有限公司,货币型ETF,,,157810000.0,183907,18391415,100.004,100.00388783461,0.004
2024-11-28,511620.SH,国泰瞬利货币A,20170907,,同期七天通知存款利率(税后),国泰基金管理有限公司,中国建设银行股份有限公司,货币型ETF,,,157420000.0,139611,13961935,100.007,100.00598090408,0.007
2024-11-29,511620.SH,国泰瞬利货币A,20170907,,同期七天通知存款利率(税后),国泰基金管理有限公司,中国建设银行股份有限公司,货币型ETF,,,158740000.0,167411,16743854,100.017,100.01645053192,0.017
2024-12-02,511620.SH,国泰瞬利货币A,20170907,,同期七天通知存款利率(税后),国泰基金管理有限公司,中国建设银行股份有限公司,货币型ETF,,,159770000.0,137746,13775919,100.011,100.00957559566,0.011
2024-12-03,511620.SH,国泰瞬利货币A,20170907,,同期七天通知存款利率(税后),国泰基金管理有限公司,中国建设银行股份有限公司,货币型ETF,,,163660000.0,77427,7743626,100.014,100.01195965232,0.014
2024-12-04,511620.SH,国泰瞬利货币A,20170907,,同期七天通知存款利率(税后),国泰基金管理有限公司,中国建设银行股份有限公司,货币型ETF,,,164750000.0,81308,8131752,100.013,100.01170856496,0.013
2024-12-05,511620.SH,国泰瞬利货币A,20170907,,同期七天通知存款利率(税后),国泰基金管理有限公司,中国建设银行股份有限公司,货币型ETF,,,167640000.0,107399,10741175,100.013,100.01187161892,0.013
2024-12-06,511620.SH,国泰瞬利货币A,20170907,,同期七天通知存款利率(税后),国泰基金管理有限公司,中国建设银行股份有限公司,货币型ETF,,,168770000.0,217552,21759102,100.016,100.01793594175,0.016
2024-12-09,511620.SH,国泰瞬利货币A,20170907,,同期七天通知存款利率(税后),国泰基金管理有限公司,中国建设银行股份有限公司,货币型ETF,,,170840000.0,159885,15989365,100.005,100.00541013854,0.005
2024-12-10,511620.SH,国泰瞬利货币A,20170907,,同期七天通知存款利率(税后),国泰基金管理有限公司,中国建设银行股份有限公司,货币型ETF,,,171780000.0,524595,52457730,99.998,99.996625968604,-0.002
2024-12-11,511620.SH,国泰瞬利货币A,20170907,,同期七天通知存款利率(税后),国泰基金管理有限公司,中国建设银行股份有限公司,货币型ETF,,,170970000.0,156266,15626715,100.001,100.00073592464,0.001
2024-12-12,511620.SH,国泰瞬利货币A,20170907,,同期七天通知存款利率(税后),国泰基金管理有限公司,中国建设银行股份有限公司,货币型ETF,,,170970000.0,296975,29698271,100.003,100.00259617813,0.003
2024-12-13,511620.SH,国泰瞬利货币A,20170907,,同期七天通知存款利率(税后),国泰基金管理有限公司,中国建设银行股份有限公司,货币型ETF,,,171230000.0,143216,14323473,100.013,100.01307814769,0.013
2024-12-16,511620.SH,国泰瞬利货币A,20170907,,同期七天通知存款利率(税后),国泰基金管理有限公司,中国建设银行股份有限公司,货币型ETF,,,172350000.0,220055,22006057,100.001,100.00253118539,0.001
2024-12-17,511620.SH,国泰瞬利货币A,20170907,,同期七天通知存款利率(税后),国泰基金管理有限公司,中国建设银行股份有限公司,货币型ETF,,,172450000.0,282683,28268165,100.001,99.999522433256,0.001
2024-12-18,511620.SH,国泰瞬利货币A,20170907,,同期七天通知存款利率(税后),国泰基金管理有限公司,中国建设银行股份有限公司,货币型ETF,,,172010000.0,203848,20385225,100.004,100.00208488678,0.004
2024-12-19,511620.SH,国泰瞬利货币A,20170907,,同期七天通知存款利率(税后),国泰基金管理有限公司,中国建设银行股份有限公司,货币型ETF,,,171940000.0,210708,21071665,100.006,100.00410520721,0.006
2024-12-20,511620.SH,国泰瞬利货币A,20170907,,同期七天通知存款利率(税后),国泰基金管理有限公司,中国建设银行股份有限公司,货币型ETF,,,172450000.0,107775,10779002,100.015,100.01393644166,0.015
2024-12-23,511620.SH,国泰瞬利货币A,20170907,,同期七天通知存款利率(税后),国泰基金管理有限公司,中国建设银行股份有限公司,货币型ETF,,,176370000.0,180819,18082955,100.007,100.00583456385,0.007
2024-12-24,511620.SH,国泰瞬利货币A,20170907,,同期七天通知存款利率(税后),国泰基金管理有限公司,中国建设银行股份有限公司,货币型ETF,,,176820000.0,309789,30977608,99.996,99.995829419379,-0.004
2024-12-25,511620.SH,国泰瞬利货币A,20170907,,同期七天通知存款利率(税后),国泰基金管理有限公司,中国建设银行股份有限公司,货币型ETF,,,173870000.0,141030,14102519,99.998,99.996589378146,-0.002
2024-12-26,511620.SH,国泰瞬利货币A,20170907,,同期七天通知存款利率(税后),国泰基金管理有限公司,中国建设银行股份有限公司,货币型ETF,,,172900000.0,230720,23072012,100.001,100.0000520111,0.001
2024-12-27,511620.SH,国泰瞬利货币A,20170907,,同期七天通知存款利率(税后),国泰基金管理有限公司,中国建设银行股份有限公司,货币型ETF,,,172910000.0,184938,18495064,100.008,100.00683472299,0.008
2024-12-30,511620.SH,国泰瞬利货币A,20170907,,同期七天通知存款利率(税后),国泰基金管理有限公司,中国建设银行股份有限公司,货币型ETF,,,165850000.0,169544,16954418,100.002,100.00010616713,0.002
2024-12-31,511620.SH,国泰瞬利货币A,20170907,,同期七天通知存款利率(税后),国泰基金管理有限公司,中国建设银行股份有限公司,货币型ETF,,,165932869.0,149945,14995308,100.007,100.0053886425,0.007
2025-01-02,511620.SH,国泰瞬利货币A,20170907,,同期七天通知存款利率(税后),国泰基金管理有限公司,中国建设银行股份有限公司,货币型ETF,,,165920000.0,107653,10765712,100.002,100.00382711118,0.002
2025-01-03,511620.SH,国泰瞬利货币A,20170907,,同期七天通知存款利率(税后),国泰基金管理有限公司,中国建设银行股份有限公司,货币型ETF,,,165920000.0,181395,18141721,100.013,100.01224399791,0.013
2025-01-06,511620.SH,国泰瞬利货币A,20170907,,同期七天通知存款利率(税后),国泰基金管理有限公司,中国建设银行股份有限公司,货币型ETF,,,166550000.0,88516,8852173,100.007,100.00647340594,0.007
2025-01-07,511620.SH,国泰瞬利货币A,20170907,,同期七天通知存款利率(税后),国泰基金管理有限公司,中国建设银行股份有限公司,货币型ETF,,,168430000.0,112109,11211795,100.01,100.00798330197,0.01
2025-01-08,511620.SH,国泰瞬利货币A,20170907,,同期七天通知存款利率(税后),国泰基金管理有限公司,中国建设银行股份有限公司,货币型ETF,,,168460000.0,138683,13869417,100.012,100.00805433975,0.012
2025-01-09,511620.SH,国泰瞬利货币A,20170907,,同期七天通知存款利率(税后),国泰基金管理有限公司,中国建设银行股份有限公司,货币型ETF,,,170020000.0,131675,13168554,100.007,100.00800455667,0.007
2025-01-10,511620.SH,国泰瞬利货币A,20170907,,同期七天通知存款利率(税后),国泰基金管理有限公司,中国建设银行股份有限公司,货币型ETF,,,170030000.0,156335,15635704,100.014,100.01409793073,0.014
2025-01-13,511620.SH,国泰瞬利货币A,20170907,,同期七天通知存款利率(税后),国泰基金管理有限公司,中国建设银行股份有限公司,货币型ETF,,,171220000.0,158626,15863397,100.004,100.00502439701,0.004
2025-01-14,511620.SH,国泰瞬利货币A,20170907,,同期七天通知存款利率(税后),国泰基金管理有限公司,中国建设银行股份有限公司,货币型ETF,,,171230000.0,105217,10521197,99.996,99.995219403709,-0.004
2025-01-15,511620.SH,国泰瞬利货币A,20170907,,同期七天通知存款利率(税后),国泰基金管理有限公司,中国建设银行股份有限公司,货币型ETF,,,169940000.0,222417,22241519,100.002,99.999186213284,0.002
2025-01-16,511620.SH,国泰瞬利货币A,20170907,,同期七天通知存款利率(税后),国泰基金管理有限公司,中国建设银行股份有限公司,货币型ETF,,,169940000.0,190118,19010748,99.993,99.994466594431,-0.007
2025-01-17,511620.SH,国泰瞬利货币A,20170907,,同期七天通知存款利率(税后),国泰基金管理有限公司,中国建设银行股份有限公司,货币型ETF,,,169940000.0,144182,14418453,100.003,100.00175472666,0.003
2025-01-20,511620.SH,国泰瞬利货币A,20170907,,同期七天通知存款利率(税后),国泰基金管理有限公司,中国建设银行股份有限公司,货币型ETF,,,168310000.0,211018,21099293,99.984,99.988119496915,-0.016
2025-01-21,511620.SH,国泰瞬利货币A,20170907,,同期七天通知存款利率(税后),国泰基金管理有限公司,中国建设银行股份有限公司,货币型ETF,,,165300000.0,110780,11077577,99.997,99.996181621231,-0.003
2025-01-22,511620.SH,国泰瞬利货币A,20170907,,同期七天通知存款利率(税后),国泰基金管理有限公司,中国建设银行股份有限公司,货币型ETF,,,162400000.0,182025,18202337,99.999,99.99910451861,-0.001
2025-01-23,511620.SH,国泰瞬利货币A,20170907,,同期七天通知存款利率(税后),国泰基金管理有限公司,中国建设银行股份有限公司,货币型ETF,,,154640000.0,167471,16746548,99.996,99.996703906945,-0.004
2025-01-24,511620.SH,国泰瞬利货币A,20170907,,同期七天通知存款利率(税后),国泰基金管理有限公司,中国建设银行股份有限公司,货币型ETF,,,149660000.0,387887,38786041,99.996,99.99314491076,-0.004
2025-01-27,511620.SH,国泰瞬利货币A,20170907,,同期七天通知存款利率(税后),国泰基金管理有限公司,中国建设银行股份有限公司,货币型ETF,,,149710000.0,497690,49804785,100.088,100.07190218811,0.088
2025-02-05,511620.SH,国泰瞬利货币A,20170907,,同期七天通知存款利率(税后),国泰基金管理有限公司,中国建设银行股份有限公司,货币型ETF,,,154770000.0,140645,14065083,100.005,100.00414518824,0.005
2025-02-06,511620.SH,国泰瞬利货币A,20170907,,同期七天通知存款利率(税后),国泰基金管理有限公司,中国建设银行股份有限公司,货币型ETF,,,155060000.0,151938,15194259,100.005,100.00302096908,0.005
2025-02-07,511620.SH,国泰瞬利货币A,20170907,,同期七天通知存款利率(税后),国泰基金管理有限公司,中国建设银行股份有限公司,货币型ETF,,,157580000.0,122777,12279145,100.014,100.01176930533,0.014
2025-02-10,511620.SH,国泰瞬利货币A,20170907,,同期七天通知存款利率(税后),国泰基金管理有限公司,中国建设银行股份有限公司,货币型ETF,,,157810000.0,140071,14008059,100.005,100.00684652783,0.005
2025-02-11,511620.SH,国泰瞬利货币A,20170907,,同期七天通知存款利率(税后),国泰基金管理有限公司,中国建设银行股份有限公司,货币型ETF,,,157870000.0,49433,4943581,100.007,100.0056844618,0.007
2025-02-12,511620.SH,国泰瞬利货币A,20170907,,同期七天通知存款利率(税后),国泰基金管理有限公司,中国建设银行股份有限公司,货币型ETF,,,159190000.0,13478,1347897,100.006,100.00719691349,0.006
2025-02-13,511620.SH,国泰瞬利货币A,20170907,,同期七天通知存款利率(税后),国泰基金管理有限公司,中国建设银行股份有限公司,货币型ETF,,,159610000.0,69289,6929304,100.006,100.00583065133,0.006
2025-02-14,511620.SH,国泰瞬利货币A,20170907,,同期七天通知存款利率(税后),国泰基金管理有限公司,中国建设银行股份有限公司,货币型ETF,,,160180000.0,51307,5131368,100.013,100.01301966593,0.013
2025-02-17,511620.SH,国泰瞬利货币A,20170907,,同期七天通知存款利率(税后),国泰基金管理有限公司,中国建设银行股份有限公司,货币型ETF,,,160440000.0,107782,10778505,100.005,100.00282978605,0.005
2025-02-18,511620.SH,国泰瞬利货币A,20170907,,同期七天通知存款利率(税后),国泰基金管理有限公司,中国建设银行股份有限公司,货币型ETF,,,160500000.0,48527,4852821,100.001,100.00249345725,0.001
2025-02-19,511620.SH,国泰瞬利货币A,20170907,,同期七天通知存款利率(税后),国泰基金管理有限公司,中国建设银行股份有限公司,货币型ETF,,,160540000.0,90845,9084895,100.008,100.00434806539,0.008
2025-02-20,511620.SH,国泰瞬利货币A,20170907,,同期七天通知存款利率(税后),国泰基金管理有限公司,中国建设银行股份有限公司,货币型ETF,,,160700000.0,76843,7684483,100.004,100.00238147912,0.004
2025-02-21,511620.SH,国泰瞬利货币A,20170907,,同期七天通知存款利率(税后),国泰基金管理有限公司,中国建设银行股份有限公司,货币型ETF,,,161040000.0,106634,10664555,100.011,100.01083144213,0.011
2025-02-24,511620.SH,国泰瞬利货币A,20170907,,同期七天通知存款利率(税后),国泰基金管理有限公司,中国建设银行股份有限公司,货币型ETF,,,161250000.0,77880,7787760,100.001,99.996918335901,0.001
2025-02-25,511620.SH,国泰瞬利货币A,20170907,,同期七天通知存款利率(税后),国泰基金管理有限公司,中国建设银行股份有限公司,货币型ETF,,,161210000.0,77153,7715361,100.002,100.00079063679,0.002
2025-02-26,511620.SH,国泰瞬利货币A,20170907,,同期七天通知存款利率(税后),国泰基金管理有限公司,中国建设银行股份有限公司,货币型ETF,,,161400000.0,83697,8369765,100.001,100.00077661087,0.001
2025-02-27,511620.SH,国泰瞬利货币A,20170907,,同期七天通知存款利率(税后),国泰基金管理有限公司,中国建设银行股份有限公司,货币型ETF,,,161300000.0,55443,5544298,100.001,99.999963926916,0.001
2025-02-28,511620.SH,国泰瞬利货币A,20170907,,同期七天通知存款利率(税后),国泰基金管理有限公司,中国建设银行股份有限公司,货币型ETF,,,161310000.0,64155,6416065,100.009,100.00880679604,0.009
2025-03-03,511620.SH,国泰瞬利货币A,20170907,,同期七天通知存款利率(税后),国泰基金管理有限公司,中国建设银行股份有限公司,货币型ETF,,,161520000.0,87570,8757267,100.006,100.00304898938,0.006
2025-03-04,511620.SH,国泰瞬利货币A,20170907,,同期七天通知存款利率(税后),国泰基金管理有限公司,中国建设银行股份有限公司,货币型ETF,,,161540000.0,59450,5945397,100.007,100.00667788057,0.007
2025-03-05,511620.SH,国泰瞬利货币A,20170907,,同期七天通知存款利率(税后),国泰基金管理有限公司,中国建设银行股份有限公司,货币型ETF,,,162820000.0,38788,3879075,100.008,100.00708982159,0.008
2025-03-06,511620.SH,国泰瞬利货币A,20170907,,同期七天通知存款利率(税后),国泰基金管理有限公司,中国建设银行股份有限公司,货币型ETF,,,163090000.0,52426,5242874,100.006,100.00522641437,0.006
2025-03-07,511620.SH,国泰瞬利货币A,20170907,,同期七天通知存款利率(税后),国泰基金管理有限公司,中国建设银行股份有限公司,货币型ETF,,,164100000.0,62195,6220306,100.015,100.0129592411,0.015
2025-03-10,511620.SH,国泰瞬利货币A,20170907,,同期七天通知存款利率(税后),国泰基金管理有限公司,中国建设银行股份有限公司,货币型ETF,,,164250000.0,57318,5732180,100.008,100.00662968003,0.008
2025-03-11,511620.SH,国泰瞬利货币A,20170907,,同期七天通知存款利率(税后),国泰基金管理有限公司,中国建设银行股份有限公司,货币型ETF,,,164320000.0,40123,4012690,100.01,100.00972011066,0.01
2025-03-12,511620.SH,国泰瞬利货币A,20170907,,同期七天通知存款利率(税后),国泰基金管理有限公司,中国建设银行股份有限公司,货币型ETF,,,167210000.0,33652,3365556,100.01,100.01057886604,0.01
2025-03-13,511620.SH,国泰瞬利货币A,20170907,,同期七天通知存款利率(税后),国泰基金管理有限公司,中国建设银行股份有限公司,货币型ETF,,,167370000.0,76719,7672493,100.008,100.00772950638,0.008
2025-03-14,511620.SH,国泰瞬利货币A,20170907,,同期七天通知存款利率(税后),国泰基金管理有限公司,中国建设银行股份有限公司,货币型ETF,,,167540000.0,99455,9946663,100.011,100.01169373083,0.011
2025-03-17,511620.SH,国泰瞬利货币A,20170907,,同期七天通知存款利率(税后),国泰基金管理有限公司,中国建设银行股份有限公司,货币型ETF,,,167970000.0,158395,15839753,100.003,100.00159727264,0.003
2025-03-18,511620.SH,国泰瞬利货币A,20170907,,同期七天通知存款利率(税后),国泰基金管理有限公司,中国建设银行股份有限公司,货币型ETF,,,168040000.0,173475,17346919,99.998,99.996650814238,-0.002
2025-03-19,511620.SH,国泰瞬利货币A,20170907,,同期七天通知存款利率(税后),国泰基金管理有限公司,中国建设银行股份有限公司,货币型ETF,,,167750000.0,78785,7878381,99.999,99.998489560195,-0.001
2025-03-20,511620.SH,国泰瞬利货币A,20170907,,同期七天通知存款利率(税后),国泰基金管理有限公司,中国建设银行股份有限公司,货币型ETF,,,168170000.0,101084,10109107,100.009,100.00699418306,0.009
2025-03-21,511620.SH,国泰瞬利货币A,20170907,,同期七天通知存款利率(税后),国泰基金管理有限公司,中国建设银行股份有限公司,货币型ETF,,,168760000.0,76210,7622203,100.016,100.01578533001,0.016
2025-03-24,511620.SH,国泰瞬利货币A,20170907,,同期七天通知存款利率(税后),国泰基金管理有限公司,中国建设银行股份有限公司,货币型ETF,,,169250000.0,45598,4560692,100.012,100.0195622615,0.012
2025-03-25,511620.SH,国泰瞬利货币A,20170907,,同期七天通知存款利率(税后),国泰基金管理有限公司,中国建设银行股份有限公司,货币型ETF,,,169560000.0,63028,6303358,100.01,100.0088532081,0.01
2025-03-26,511620.SH,国泰瞬利货币A,20170907,,同期七天通知存款利率(税后),国泰基金管理有限公司,中国建设银行股份有限公司,货币型ETF,,,169960000.0,19743,1974432,100.007,100.00668591399,0.007
2025-03-27,511620.SH,国泰瞬利货币A,20170907,,同期七天通知存款利率(税后),国泰基金管理有限公司,中国建设银行股份有限公司,货币型ETF,,,174340000.0,100486,10049503,100.01,100.00898632645,0.01
2025-03-28,511620.SH,国泰瞬利货币A,20170907,,同期七天通知存款利率(税后),国泰基金管理有限公司,中国建设银行股份有限公司,货币型ETF,,,174420000.0,69226,6923541,100.012,100.01359315864,0.012
2025-03-31,511620.SH,国泰瞬利货币A,20170907,,同期七天通知存款利率(税后),国泰基金管理有限公司,中国建设银行股份有限公司,货币型ETF,,,178196925.0,82000,8200396,100.006,100.00482926829,0.006
2025-04-01,511620.SH,国泰瞬利货币A,20170907,,同期七天通知存款利率(税后),国泰基金管理有限公司,中国建设银行股份有限公司,货币型ETF,,,178490000.0,158686,15869841,100.01,100.00782047566,0.01
2025-04-02,511620.SH,国泰瞬利货币A,20170907,,同期七天通知存款利率(税后),国泰基金管理有限公司,中国建设银行股份有限公司,货币型ETF,,,178460000.0,64446,6445221,100.015,100.0096359743,0.015
2025-04-03,511620.SH,国泰瞬利货币A,20170907,,同期七天通知存款利率(税后),国泰基金管理有限公司,中国建设银行股份有限公司,货币型ETF,,,179560000.0,230849,23089961,100.024,100.0219234218,0.024
2025-04-07,511620.SH,国泰瞬利货币A,20170907,,同期七天通知存款利率(税后),国泰基金管理有限公司,中国建设银行股份有限公司,货币型ETF,,,182970000.0,277943,27795560,100.003,100.00453330359,0.003
2025-04-08,511620.SH,国泰瞬利货币A,20170907,,同期七天通知存款利率(税后),国泰基金管理有限公司,中国建设银行股份有限公司,货币型ETF,,,183470000.0,411420,41145226,100.005,100.00784113558,0.005
2025-04-09,511620.SH,国泰瞬利货币A,20170907,,同期七天通知存款利率(税后),国泰基金管理有限公司,中国建设银行股份有限公司,货币型ETF,,,186430000.0,155055,15507829,100.013,100.01502047661,0.013
2025-04-10,511620.SH,国泰瞬利货币A,20170907,,同期七天通知存款利率(税后),国泰基金管理有限公司,中国建设银行股份有限公司,货币型ETF,,,187170000.0,180684,18069700,100.01,100.00719488167,0.01
2025-04-11,511620.SH,国泰瞬利货币A,20170907,,同期七天通知存款利率(税后),国泰基金管理有限公司,中国建设银行股份有限公司,货币型ETF,,,188800000.0,65751,6576283,100.017,100.01799212179,0.017
2025-04-14,511620.SH,国泰瞬利货币A,20170907,,同期七天通知存款利率(税后),国泰基金管理有限公司,中国建设银行股份有限公司,货币型ETF,,,193780000.0,55845,5584904,100.008,100.00723430925,0.008
2025-04-15,511620.SH,国泰瞬利货币A,20170907,,同期七天通知存款利率(税后),国泰基金管理有限公司,中国建设银行股份有限公司,货币型ETF,,,198470000.0,53684,5368874,100.009,100.00882944639,0.009
2025-04-16,511620.SH,国泰瞬利货币A,20170907,,同期七天通知存款利率(税后),国泰基金管理有限公司,中国建设银行股份有限公司,货币型ETF,,,203480000.0,94989,9499946,100.012,100.01101180137,0.012
2025-04-17,511620.SH,国泰瞬利货币A,20170907,,同期七天通知存款利率(税后),国泰基金管理有限公司,中国建设银行股份有限公司,货币型ETF,,,206440000.0,173581,17359817,100.01,100.00989163561,0.01
2025-04-18,511620.SH,国泰瞬利货币A,20170907,,同期七天通知存款利率(税后),国泰基金管理有限公司,中国建设银行股份有限公司,货币型ETF,,,207320000.0,92529,9254481,100.018,100.01708653503,0.018
2025-04-21,511620.SH,国泰瞬利货币A,20170907,,同期七天通知存款利率(税后),国泰基金管理有限公司,中国建设银行股份有限公司,货币型ETF,,,207460000.0,98295,9830379,100.009,100.0089424691,0.009
2025-04-22,511620.SH,国泰瞬利货币A,20170907,,同期七天通知存款利率(税后),国泰基金管理有限公司,中国建设银行股份有限公司,货币型ETF,,,211820000.0,68201,6820625,100.009,100.00769783434,0.009
2025-04-23,511620.SH,国泰瞬利货币A,20170907,,同期七天通知存款利率(税后),国泰基金管理有限公司,中国建设银行股份有限公司,货币型ETF,,,212030000.0,92596,9260249,100.005,100.00700894207,0.005
2025-04-24,511620.SH,国泰瞬利货币A,20170907,,同期七天通知存款利率(税后),国泰基金管理有限公司,中国建设银行股份有限公司,货币型ETF,,,212500000.0,104899,10490625,100.009,100.00691141002,0.009
2025-04-25,511620.SH,国泰瞬利货币A,20170907,,同期七天通知存款利率(税后),国泰基金管理有限公司,中国建设银行股份有限公司,货币型ETF,,,214740000.0,153060,15307808,100.011,100.01181236117,0.011
2025-04-28,511620.SH,国泰瞬利货币A,20170907,,同期七天通知存款利率(税后),国泰基金管理有限公司,中国建设银行股份有限公司,货币型ETF,,,215960000.0,260169,26016600,99.996,99.998846903359,-0.004
2025-04-29,511620.SH,国泰瞬利货币A,20170907,,同期七天通知存款利率(税后),国泰基金管理有限公司,中国建设银行股份有限公司,货币型ETF,,,212950000.0,180093,18008788,99.997,99.997157024426,-0.003
2025-04-30,511620.SH,国泰瞬利货币A,20170907,,同期七天通知存款利率(税后),国泰基金管理有限公司,中国建设银行股份有限公司,货币型ETF,,,212960000.0,308964,30905015,100.032,100.02788350746,0.032
2025-05-06,511620.SH,国泰瞬利货币A,20170907,,同期七天通知存款利率(税后),国泰基金管理有限公司,中国建设银行股份有限公司,货币型ETF,,,214430000.0,221199,22121372,100.01,100.0066546413,0.01
2025-05-07,511620.SH,国泰瞬利货币A,20170907,,同期七天通知存款利率(税后),国泰基金管理有限公司,中国建设银行股份有限公司,货币型ETF,,,215060000.0,325642,32566288,100.008,100.00641194932,0.008
2025-05-08,511620.SH,国泰瞬利货币A,20170907,,同期七天通知存款利率(税后),国泰基金管理有限公司,中国建设银行股份有限公司,货币型ETF,,,215720000.0,72962,7296800,100.012,100.00822345879,0.012
2025-05-09,511620.SH,国泰瞬利货币A,20170907,,同期七天通知存款利率(税后),国泰基金管理有限公司,中国建设银行股份有限公司,货币型ETF,,,217210000.0,158254,15827243,100.014,100.01164583518,0.014
2025-05-12,511620.SH,国泰瞬利货币A,20170907,,同期七天通知存款利率(税后),国泰基金管理有限公司,中国建设银行股份有限公司,货币型ETF,,,217380000.0,163731,16373856,100.007,100.00461732964,0.007
2025-05-13,511620.SH,国泰瞬利货币A,20170907,,同期七天通知存款利率(税后),国泰基金管理有限公司,中国建设银行股份有限公司,货币型ETF,,,218000000.0,240792,24080643,100.007,100.00599272401,0.007
2025-05-14,511620.SH,国泰瞬利货币A,20170907,,同期七天通知存款利率(税后),国泰基金管理有限公司,中国建设银行股份有限公司,货币型ETF,,,220550000.0,106203,10621079,100.009,100.00733500937,0.009
2025-05-15,511620.SH,国泰瞬利货币A,20170907,,同期七天通知存款利率(税后),国泰基金管理有限公司,中国建设银行股份有限公司,货币型ETF,,,221190000.0,135786,13579889,100.013,100.0094928785,0.013
2025-05-16,511620.SH,国泰瞬利货币A,20170907,,同期七天通知存款利率(税后),国泰基金管理有限公司,中国建设银行股份有限公司,货币型ETF,,,225930000.0,109211,10922858,100.018,100.01609727958,0.018
2025-05-19,511620.SH,国泰瞬利货币A,20170907,,同期七天通知存款利率(税后),国泰基金管理有限公司,中国建设银行股份有限公司,货币型ETF,,,228130000.0,104347,10435449,100.01,100.00717797349,0.01
2025-05-20,511620.SH,国泰瞬利货币A,20170907,,同期七天通知存款利率(税后),国泰基金管理有限公司,中国建设银行股份有限公司,货币型ETF,,,230820000.0,58063,5806719,100.007,100.00721629954,0.007
2025-05-21,511620.SH,国泰瞬利货币A,20170907,,同期七天通知存款利率(税后),国泰基金管理有限公司,中国建设银行股份有限公司,货币型ETF,,,235770000.0,171502,17151462,100.006,100.00735851477,0.006
2025-05-22,511620.SH,国泰瞬利货币A,20170907,,同期七天通知存款利率(税后),国泰基金管理有限公司,中国建设银行股份有限公司,货币型ETF,,,240770000.0,73279,7328405,100.007,100.00689146959,0.007
2025-05-23,511620.SH,国泰瞬利货币A,20170907,,同期七天通知存款利率(税后),国泰基金管理有限公司,中国建设银行股份有限公司,货币型ETF,,,244890000.0,208348,20837195,100.013,100.01149519074,0.013
2025-05-26,511620.SH,国泰瞬利货币A,20170907,,同期七天通知存款利率(税后),国泰基金管理有限公司,中国建设银行股份有限公司,货币型ETF,,,245940000.0,186867,18687127,100.001,100.00228504765,0.001
2025-05-27,511620.SH,国泰瞬利货币A,20170907,,同期七天通知存款利率(税后),国泰基金管理有限公司,中国建设银行股份有限公司,货币型ETF,,,245960000.0,184608,18460240,99.998,99.996966545328,-0.002
2025-05-28,511620.SH,国泰瞬利货币A,20170907,,同期七天通知存款利率(税后),国泰基金管理有限公司,中国建设银行股份有限公司,货币型ETF,,,245900000.0,110508,11050565,100,99.997873457125,0
2025-05-29,511620.SH,国泰瞬利货币A,20170907,,同期七天通知存款利率(税后),国泰基金管理有限公司,中国建设银行股份有限公司,货币型ETF,,,245910000.0,249076,24908427,100.008,100.00332027172,0.008
2025-05-30,511620.SH,国泰瞬利货币A,20170907,,同期七天通知存款利率(税后),国泰基金管理有限公司,中国建设银行股份有限公司,货币型ETF,,,245920000.0,137253,13727375,100.016,100.01511806664,0.016
2025-06-03,511620.SH,国泰瞬利货币A,20170907,,同期七天通知存款利率(税后),国泰基金管理有限公司,中国建设银行股份有限公司,货币型ETF,,,245960000.0,172409,17242048,100.007,100.00665858511,0.007
2025-06-04,511620.SH,国泰瞬利货币A,20170907,,同期七天通知存款利率(税后),国泰基金管理有限公司,中国建设银行股份有限公司,货币型ETF,,,250860000.0,51891,5189433,100.006,100.0064172978,0.006
2025-06-05,511620.SH,国泰瞬利货币A,20170907,,同期七天通知存款利率(税后),国泰基金管理有限公司,中国建设银行股份有限公司,货币型ETF,,,251380000.0,197090,19710111,100.005,100.00563701862,0.005
2025-06-06,511620.SH,国泰瞬利货币A,20170907,,同期七天通知存款利率(税后),国泰基金管理有限公司,中国建设银行股份有限公司,货币型ETF,,,255760000.0,309023,30906307,100.013,100.01296667238,0.013
2025-06-09,511620.SH,国泰瞬利货币A,20170907,,同期七天通知存款利率(税后),国泰基金管理有限公司,中国建设银行股份有限公司,货币型ETF,,,255800000.0,95218,9522354,100.007,100.00581822765,0.007
2025-06-10,511620.SH,国泰瞬利货币A,20170907,,同期七天通知存款利率(税后),国泰基金管理有限公司,中国建设银行股份有限公司,货币型ETF,,,260660000.0,98188,9819237,100.006,100.0044506457,0.006
2025-06-11,511620.SH,国泰瞬利货币A,20170907,,同期七天通知存款利率(税后),国泰基金管理有限公司,中国建设银行股份有限公司,货币型ETF,,,260720000.0,70832,7083543,100.006,100.00484244409,0.006
2025-06-12,511620.SH,国泰瞬利货币A,20170907,,同期七天通知存款利率(税后),国泰基金管理有限公司,中国建设银行股份有限公司,货币型ETF,,,262510000.0,132728,13273497,100.006,100.00525134109,0.006
2025-06-13,511620.SH,国泰瞬利货币A,20170907,,同期七天通知存款利率(税后),国泰基金管理有限公司,中国建设银行股份有限公司,货币型ETF,,,262530000.0,209881,20990211,100.009,100.01005808053,0.009
2025-06-16,511620.SH,国泰瞬利货币A,20170907,,同期七天通知存款利率(税后),国泰基金管理有限公司,中国建设银行股份有限公司,货币型ETF,,,262600000.0,182157,18215669,99.999,99.999829817136,-0.001
2025-06-17,511620.SH,国泰瞬利货币A,20170907,,同期七天通知存款利率(税后),国泰基金管理有限公司,中国建设银行股份有限公司,货币型ETF,,,262610000.0,401361,40134128,99.997,99.995086717444,-0.003
2025-06-18,511620.SH,国泰瞬利货币A,20170907,,同期七天通知存款利率(税后),国泰基金管理有限公司,中国建设银行股份有限公司,货币型ETF,,,260390000.0,147017,14701669,100.001,99.999789140031,0.001
2025-06-19,511620.SH,国泰瞬利货币A,20170907,,同期七天通知存款利率(税后),国泰基金管理有限公司,中国建设银行股份有限公司,货币型ETF,,,260700000.0,301008,30102585,100.008,100.00593007495,0.008
2025-06-20,511620.SH,国泰瞬利货币A,20170907,,同期七天通知存款利率(税后),国泰基金管理有限公司,中国建设银行股份有限公司,货币型ETF,,,263890000.0,211212,21124035,100.014,100.01342253281,0.014
2025-06-23,511620.SH,国泰瞬利货币A,20170907,,同期七天通知存款利率(税后),国泰基金管理有限公司,中国建设银行股份有限公司,货币型ETF,,,264460000.0,159103,15911273,100.007,100.00611553522,0.007
2025-06-24,511620.SH,国泰瞬利货币A,20170907,,同期七天通知存款利率(税后),国泰基金管理有限公司,中国建设银行股份有限公司,货币型ETF,,,265020000.0,169919,16992597,100.001,100.00410195446,0.001
2025-06-25,511620.SH,国泰瞬利货币A,20170907,,同期七天通知存款利率(税后),国泰基金管理有限公司,中国建设银行股份有限公司,货币型ETF,,,265040000.0,248975,24896691,99.999,99.996750677779,-0.001
2025-06-26,511620.SH,国泰瞬利货币A,20170907,,同期七天通知存款利率(税后),国泰基金管理有限公司,中国建设银行股份有限公司,货币型ETF,,,265060000.0,248352,24834254,99.997,99.996190890349,-0.003
2025-06-27,511620.SH,国泰瞬利货币A,20170907,,同期七天通知存款利率(税后),国泰基金管理有限公司,中国建设银行股份有限公司,货币型ETF,,,264020000.0,183222,18323037,100.003,100.00456822871,0.003
2025-06-30,511620.SH,国泰瞬利货币A,20170907,,同期七天通知存款利率(税后),国泰基金管理有限公司,中国建设银行股份有限公司,货币型ETF,,,259432632.0,119912,11991292,100.003,100.0007672293,0.003
2025-07-01,511620.SH,国泰瞬利货币A,20170907,,同期七天通知存款利率(税后),国泰基金管理有限公司,中国建设银行股份有限公司,货币型ETF,,,259460000.0,139770,13977870,100.008,100.0062245117,0.008
2025-07-02,511620.SH,国泰瞬利货币A,20170907,,同期七天通知存款利率(税后),国泰基金管理有限公司,中国建设银行股份有限公司,货币型ETF,,,264460000.0,171613,17162472,100.008,100.00682931946,0.008
2025-07-03,511620.SH,国泰瞬利货币A,20170907,,同期七天通知存款利率(税后),国泰基金管理有限公司,中国建设银行股份有限公司,货币型ETF,,,269390000.0,73205,7321050,100.009,100.00751314801,0.009
2025-07-04,511620.SH,国泰瞬利货币A,20170907,,同期七天通知存款利率(税后),国泰基金管理有限公司,中国建设银行股份有限公司,货币型ETF,,,273660000.0,87323,8733590,100.015,100.01477274029,0.015
2025-07-07,511620.SH,国泰瞬利货币A,20170907,,同期七天通知存款利率(税后),国泰基金管理有限公司,中国建设银行股份有限公司,货币型ETF,,,274220000.0,271117,27113318,100.007,100.00596790316,0.007
2025-07-08,511620.SH,国泰瞬利货币A,20170907,,同期七天通知存款利率(税后),国泰基金管理有限公司,中国建设银行股份有限公司,货币型ETF,,,279200000.0,181596,18160154,100.003,100.00305072799,0.003
2025-07-09,511620.SH,国泰瞬利货币A,20170907,,同期七天通知存款利率(税后),国泰基金管理有限公司,中国建设银行股份有限公司,货币型ETF,,,279070000.0,101188,10119004,100.004,100.00201604933,0.004
2025-07-10,511620.SH,国泰瞬利货币A,20170907,,同期七天通知存款利率(税后),国泰基金管理有限公司,中国建设银行股份有限公司,货币型ETF,,,279080000.0,118128,11813368,100.006,100.00480834349,0.006
2025-07-11,511620.SH,国泰瞬利货币A,20170907,,同期七天通知存款利率(税后),国泰基金管理有限公司,中国建设银行股份有限公司,货币型ETF,,,280050000.0,197438,19745743,100.007,100.00984106403,0.007
2025-07-14,511620.SH,国泰瞬利货币A,20170907,,同期七天通知存款利率(税后),国泰基金管理有限公司,中国建设银行股份有限公司,货币型ETF,,,280390000.0,67304,6730477,100,100.00114406276,0
2025-07-15,511620.SH,国泰瞬利货币A,20170907,,同期七天通知存款利率(税后),国泰基金管理有限公司,中国建设银行股份有限公司,货币型ETF,,,280410000.0,120585,12058494,100.001,99.999950242567,0.001
2025-07-16,511620.SH,国泰瞬利货币A,20170907,,同期七天通知存款利率(税后),国泰基金管理有限公司,中国建设银行股份有限公司,货币型ETF,,,280270000.0,67794,6779534,100.005,100.0019765761,0.005
2025-07-17,511620.SH,国泰瞬利货币A,20170907,,同期七天通知存款利率(税后),国泰基金管理有限公司,中国建设银行股份有限公司,货币型ETF,,,280290000.0,73234,7323769,100.005,100.00503864325,0.005
2025-07-18,511620.SH,国泰瞬利货币A,20170907,,同期七天通知存款利率(税后),国泰基金管理有限公司,中国建设银行股份有限公司,货币型ETF,,,280800000.0,55150,5515536,100.011,100.00971894832,0.011
2025-07-21,511620.SH,国泰瞬利货币A,20170907,,同期七天通知存款利率(税后),国泰基金管理有限公司,中国建设银行股份有限公司,货币型ETF,,,281150000.0,169719,16972060,100.002,100.00094273476,0.002
2025-07-22,511620.SH,国泰瞬利货币A,20170907,,同期七天通知存款利率(税后),国泰基金管理有限公司,中国建设银行股份有限公司,货币型ETF,,,282200000.0,224848,22484408,100,99.998256600014,0
2025-07-23,511620.SH,国泰瞬利货币A,20170907,,同期七天通知存款利率(税后),国泰基金管理有限公司,中国建设银行股份有限公司,货币型ETF,,,282570000.0,165725,16572031,99.997,99.99717001056,-0.003
2025-07-24,511620.SH,国泰瞬利货币A,20170907,,同期七天通知存款利率(税后),国泰基金管理有限公司,中国建设银行股份有限公司,货币型ETF,,,282490000.0,125013,12501656,100.005,100.00284770384,0.005
2025-07-25,511620.SH,国泰瞬利货币A,20170907,,同期七天通知存款利率(税后),国泰基金管理有限公司,中国建设银行股份有限公司,货币型ETF,,,282460000.0,199383,19939721,100.009,100.00712698675,0.009
2025-07-28,511620.SH,国泰瞬利货币A,20170907,,同期七天通知存款利率(税后),国泰基金管理有限公司,中国建设银行股份有限公司,货币型ETF,,,281330000.0,123728,12372974,100.004,100.00140631062,0.004
2025-07-29,511620.SH,国泰瞬利货币A,20170907,,同期七天通知存款利率(税后),国泰基金管理有限公司,中国建设银行股份有限公司,货币型ETF,,,281360000.0,104419,10441819,100,99.999224279106,0
2025-07-30,511620.SH,国泰瞬利货币A,20170907,,同期七天通知存款利率(税后),国泰基金管理有限公司,中国建设银行股份有限公司,货币型ETF,,,281520000.0,147036,14703664,100.002,100.00043526755,0.002
2025-07-31,511620.SH,国泰瞬利货币A,20170907,,同期七天通知存款利率(税后),国泰基金管理有限公司,中国建设银行股份有限公司,货币型ETF,,,281520000.0,251089,25111923,100.028,100.0120395557,0.028
2025-08-01,511620.SH,国泰瞬利货币A,20170907,,同期七天通知存款利率(税后),国泰基金管理有限公司,中国建设银行股份有限公司,货币型ETF,,,282050000.0,169653,16967256,100.012,100.01152941593,0.012
2025-08-04,511620.SH,国泰瞬利货币A,20170907,,同期七天通知存款利率(税后),国泰基金管理有限公司,中国建设银行股份有限公司,货币型ETF,,,281960000.0,123026,12303072,100.005,100.00383658739,0.005
2025-08-05,511620.SH,国泰瞬利货币A,20170907,,同期七天通知存款利率(税后),国泰基金管理有限公司,中国建设银行股份有限公司,货币型ETF,,,282110000.0,272702,27270356,99.999,100.00057205301,-0.001
2025-08-06,511620.SH,国泰瞬利货币A,20170907,,同期七天通知存款利率(税后),国泰基金管理有限公司,中国建设银行股份有限公司,货币型ETF,,,282120000.0,51988,5198833,100.001,100.00063476187,0.001
2025-08-07,511620.SH,国泰瞬利货币A,20170907,,同期七天通知存款利率(税后),国泰基金管理有限公司,中国建设银行股份有限公司,货币型ETF,,,285540000.0,188221,18823105,100.011,100.00533946797,0.011
2025-08-08,511620.SH,国泰瞬利货币A,20170907,,同期七天通知存款利率(税后),国泰基金管理有限公司,中国建设银行股份有限公司,货币型ETF,,,289900000.0,124244,12425638,100.011,100.00996426387,0.011
2025-08-11,511620.SH,国泰瞬利货币A,20170907,,同期七天通知存款利率(税后),国泰基金管理有限公司,中国建设银行股份有限公司,货币型ETF,,,291980000.0,334935,33492611,99.997,99.997345753654,-0.003
2025-08-12,511620.SH,国泰瞬利货币A,20170907,,同期七天通知存款利率(税后),国泰基金管理有限公司,中国建设银行股份有限公司,货币型ETF,,,291990000.0,253497,25349048,99.999,99.997427977451,-0.001
2025-08-13,511620.SH,国泰瞬利货币A,20170907,,同期七天通知存款利率(税后),国泰基金管理有限公司,中国建设银行股份有限公司,货币型ETF,,,290790000.0,204657,20465603,100,99.999526036246,0
2025-08-14,511620.SH,国泰瞬利货币A,20170907,,同期七天通知存款利率(税后),国泰基金管理有限公司,中国建设银行股份有限公司,货币型ETF,,,290800000.0,368757,36874314,100.002,99.996241427281,0.002
2025-08-15,511620.SH,国泰瞬利货币A,20170907,,同期七天通知存款利率(税后),国泰基金管理有限公司,中国建设银行股份有限公司,货币型ETF,,,290920000.0,245569,24558767,100.008,100.00760275116,0.008
2025-08-18,511620.SH,国泰瞬利货币A,20170907,,同期七天通知存款利率(税后),国泰基金管理有限公司,中国建设银行股份有限公司,货币型ETF,,,290990000.0,236885,23687873,99.998,99.997353146041,-0.002
2025-08-19,511620.SH,国泰瞬利货币A,20170907,,同期七天通知存款利率(税后),国泰基金管理有限公司,中国建设银行股份有限公司,货币型ETF,,,284390000.0,264322,26430766,99.994,99.99457479892,-0.006
2025-08-20,511620.SH,国泰瞬利货币A,20170907,,同期七天通知存款利率(税后),国泰基金管理有限公司,中国建设银行股份有限公司,货币型ETF,,,281990000.0,230724,23071779,99.997,99.997308472461,-0.003
2025-08-21,511620.SH,国泰瞬利货币A,20170907,,同期七天通知存款利率(税后),国泰基金管理有限公司,中国建设银行股份有限公司,货币型ETF,,,282070000.0,304911,30492602,100.009,100.00492602759,0.009
2025-08-22,511620.SH,国泰瞬利货币A,20170907,,同期七天通知存款利率(税后),国泰基金管理有限公司,中国建设银行股份有限公司,货币型ETF,,,282440000.0,201304,20131955,100.006,100.00772463538,0.006
2025-08-25,511620.SH,国泰瞬利货币A,20170907,,同期七天通知存款利率(税后),国泰基金管理有限公司,中国建设银行股份有限公司,货币型ETF,,,282530000.0,437621,43761664,100.005,99.999003704118,0.005
2025-08-26,511620.SH,国泰瞬利货币A,20170907,,同期七天通知存款利率(税后),国泰基金管理有限公司,中国建设银行股份有限公司,货币型ETF,,,282570000.0,300429,30042050,100.001,99.997170712548,0.001
2025-08-27,511620.SH,国泰瞬利货币A,20170907,,同期七天通知存款利率(税后),国泰基金管理有限公司,中国建设银行股份有限公司,货币型ETF,,,282460000.0,320947,32095188,100.002,100.00152050027,0.002
2025-08-28,511620.SH,国泰瞬利货币A,20170907,,同期七天通知存款利率(税后),国泰基金管理有限公司,中国建设银行股份有限公司,货币型ETF,,,282430000.0,255661,25567482,100.007,100.00540559569,0.007
2025-08-29,511620.SH,国泰瞬利货币A,20170907,,同期七天通知存款利率(税后),国泰基金管理有限公司,中国建设银行股份有限公司,货币型ETF,,,282650000.0,229986,23001015,100.013,100.01050063917,0.013
2025-09-01,511620.SH,国泰瞬利货币A,20170907,,同期七天通知存款利率(税后),国泰基金管理有限公司,中国建设银行股份有限公司,货币型ETF,,,283100000.0,347649,34766811,100.009,100.00549692362,0.009
2025-09-02,511620.SH,国泰瞬利货币A,20170907,,同期七天通知存款利率(税后),国泰基金管理有限公司,中国建设银行股份有限公司,货币型ETF,,,286010000.0,278803,27883051,100.013,100.0098671822,0.013
2025-09-03,511620.SH,国泰瞬利货币A,20170907,,同期七天通知存款利率(税后),国泰基金管理有限公司,中国建设银行股份有限公司,货币型ETF,,,286950000.0,226374,22640057,100.012,100.01173721364,0.012
2025-09-04,511620.SH,国泰瞬利货币A,20170907,,同期七天通知存款利率(税后),国泰基金管理有限公司,中国建设银行股份有限公司,货币型ETF,,,288160000.0,179365,17938333,100.011,100.01021938505,0.011
2025-09-05,511620.SH,国泰瞬利货币A,20170907,,同期七天通知存款利率(税后),国泰基金管理有限公司,中国建设银行股份有限公司,货币型ETF,,,293080000.0,184525,18454994,100.015,100.01351578377,0.015
2025-09-08,511620.SH,国泰瞬利货币A,20170907,,同期七天通知存款利率(税后),国泰基金管理有限公司,中国建设银行股份有限公司,货币型ETF,,,293760000.0,125262,12526617,100.004,100.00332902237,0.004
2025-09-09,511620.SH,国泰瞬利货币A,20170907,,同期七天通知存款利率(税后),国泰基金管理有限公司,中国建设银行股份有限公司,货币型ETF,,,293810000.0,649523,64950134,99.999,99.996665245111,-0.001
2025-09-10,511620.SH,国泰瞬利货币A,20170907,,同期七天通知存款利率(税后),国泰基金管理有限公司,中国建设银行股份有限公司,货币型ETF,,,291650000.0,343396,34338563,99.999,99.996980162844,-0.001
2025-09-11,511620.SH,国泰瞬利货币A,20170907,,同期七天通知存款利率(税后),国泰基金管理有限公司,中国建设银行股份有限公司,货币型ETF,,,290120000.0,392109,39212409,100.005,100.0038484197,0.005
2025-09-12,511620.SH,国泰瞬利货币A,20170907,,同期七天通知存款利率(税后),国泰基金管理有限公司,中国建设银行股份有限公司,货币型ETF,,,290990000.0,273702,27372559,100.009,100.00861886285,0.009
2025-09-15,511620.SH,国泰瞬利货币A,20170907,,同期七天通知存款利率(税后),国泰基金管理有限公司,中国建设银行股份有限公司,货币型ETF,,,291410000.0,244781,24478220,100.002,100.00049023413,0.002
2025-09-16,511620.SH,国泰瞬利货币A,20170907,,同期七天通知存款利率(税后),国泰基金管理有限公司,中国建设银行股份有限公司,货币型ETF,,,292150000.0,317836,31782495,99.996,99.996523364251,-0.004
2025-09-17,511620.SH,国泰瞬利货币A,20170907,,同期七天通知存款利率(税后),国泰基金管理有限公司,中国建设银行股份有限公司,货币型ETF,,,291760000.0,287140,28713083,99.999,99.996806435885,-0.001
2025-09-18,511620.SH,国泰瞬利货币A,20170907,,同期七天通知存款利率(税后),国泰基金管理有限公司,中国建设银行股份有限公司,货币型ETF,,,290730000.0,244556,24457039,100.008,100.00588413288,0.008
2025-09-19,511620.SH,国泰瞬利货币A,20170907,,同期七天通知存款利率(税后),国泰基金管理有限公司,中国建设银行股份有限公司,货币型ETF,,,291440000.0,218594,21861582,100.012,100.00998197572,0.012
2025-09-22,511620.SH,国泰瞬利货币A,20170907,,同期七天通知存款利率(税后),国泰基金管理有限公司,中国建设银行股份有限公司,货币型ETF,,,291520000.0,346288,34628292,100.001,99.998533012983,0.001
2025-09-23,511620.SH,国泰瞬利货币A,20170907,,同期七天通知存款利率(税后),国泰基金管理有限公司,中国建设银行股份有限公司,货币型ETF,,,291040000.0,224623,22462483,100.003,100.00081469841,0.003
2025-09-24,511620.SH,国泰瞬利货币A,20170907,,同期七天通知存款利率(税后),国泰基金管理有限公司,中国建设银行股份有限公司,货币型ETF,,,290880000.0,270658,27065569,99.998,99.999146524396,-0.002
2025-09-25,511620.SH,国泰瞬利货币A,20170907,,同期七天通知存款利率(税后),国泰基金管理有限公司,中国建设银行股份有限公司,货币型ETF,,,290620000.0,143768,14376508,99.999,99.997968949975,-0.001
2025-09-26,511620.SH,国泰瞬利货币A,20170907,,同期七天通知存款利率(税后),国泰基金管理有限公司,中国建设银行股份有限公司,货币型ETF,,,290410000.0,479622,47975203,100.043,100.02711093319,0.043
2025-09-29,511620.SH,国泰瞬利货币A,20170907,,同期七天通知存款利率(税后),国泰基金管理有限公司,中国建设银行股份有限公司,货币型ETF,,,292010000.0,538589,53865251,100.009,100.01179192297,0.009
2025-09-30,511620.SH,国泰瞬利货币A,20170907,,同期七天通知存款利率(税后),国泰基金管理有限公司,中国建设银行股份有限公司,货币型ETF,,,292163808.0,1292529,129569192,101.071,100.24470785568,1.071
2025-10-09,511620.SH,国泰瞬利货币A,20170907,,同期七天通知存款利率(税后),国泰基金管理有限公司,中国建设银行股份有限公司,货币型ETF,,,297210000.0,690367,69041035,100.011,100.00627926885,0.011
2025-10-10,511620.SH,国泰瞬利货币A,20170907,,同期七天通知存款利率(税后),国泰基金管理有限公司,中国建设银行股份有限公司,货币型ETF,,,297670000.0,286544,28657544,100.013,100.01097213691,0.013
2025-10-13,511620.SH,国泰瞬利货币A,20170907,,同期七天通知存款利率(税后),国泰基金管理有限公司,中国建设银行股份有限公司,货币型ETF,,,298030000.0,209971,20997619,100.004,100.00247176991,0.004
2025-10-14,511620.SH,国泰瞬利货币A,20170907,,同期七天通知存款利率(税后),国泰基金管理有限公司,中国建设银行股份有限公司,货币型ETF,,,299530000.0,290941,29095305,100.007,100.0041417332,0.007
2025-10-15,511620.SH,国泰瞬利货币A,20170907,,同期七天通知存款利率(税后),国泰基金管理有限公司,中国建设银行股份有限公司,货币型ETF,,,300440000.0,233799,23380680,100.004,100.00333619904,0.004
2025-10-16,511620.SH,国泰瞬利货币A,20170907,,同期七天通知存款利率(税后),国泰基金管理有限公司,中国建设银行股份有限公司,货币型ETF,,,300470000.0,173640,17364982,100.007,100.00565537894,0.007
2025-10-17,511620.SH,国泰瞬利货币A,20170907,,同期七天通知存款利率(税后),国泰基金管理有限公司,中国建设银行股份有限公司,货币型ETF,,,305340000.0,172208,17223211,100.015,100.01400051101,0.015
2025-10-20,511620.SH,国泰瞬利货币A,20170907,,同期七天通知存款利率(税后),国泰基金管理有限公司,中国建设银行股份有限公司,货币型ETF,,,306090000.0,262631,26265535,100.014,100.00927156352,0.014
2025-10-21,511620.SH,国泰瞬利货币A,20170907,,同期七天通知存款利率(税后),国泰基金管理有限公司,中国建设银行股份有限公司,货币型ETF,,,311100000.0,147457,14746643,100.008,100.00639508467,0.008
2025-10-22,511620.SH,国泰瞬利货币A,20170907,,同期七天通知存款利率(税后),国泰基金管理有限公司,中国建设银行股份有限公司,货币型ETF,,,312530000.0,88340,8834459,100.007,100.00519583428,0.007
2025-10-23,511620.SH,国泰瞬利货币A,20170907,,同期七天通知存款利率(税后),国泰基金管理有限公司,中国建设银行股份有限公司,货币型ETF,,,314600000.0,141270,14128138,100.006,100.00805549657,0.006
2025-10-24,511620.SH,国泰瞬利货币A,20170907,,同期七天通知存款利率(税后),国泰基金管理有限公司,中国建设银行股份有限公司,货币型ETF,,,315360000.0,134244,13426110,100.014,100.01273799946,0.014
2025-10-27,511620.SH,国泰瞬利货币A,20170907,,同期七天通知存款利率(税后),国泰基金管理有限公司,中国建设银行股份有限公司,货币型ETF,,,315790000.0,240793,24079837,100.004,100.00223013127,0.004
2025-10-28,511620.SH,国泰瞬利货币A,20170907,,同期七天通知存款利率(税后),国泰基金管理有限公司,中国建设银行股份有限公司,货币型ETF,,,315820000.0,269869,26987031,100.001,100.0004854207,0.001
2025-10-29,511620.SH,国泰瞬利货币A,20170907,,同期七天通知存款利率(税后),国泰基金管理有限公司,中国建设银行股份有限公司,货币型ETF,,,316410000.0,152169,15216976,100.002,100.0004994447,0.002
2025-10-30,511620.SH,国泰瞬利货币A,20170907,,同期七天通知存款利率(税后),国泰基金管理有限公司,中国建设银行股份有限公司,货币型ETF,,,316540000.0,196305,19631783,100.009,100.00653574794,0.009
2025-10-31,511620.SH,国泰瞬利货币A,20170907,,同期七天通知存款利率(税后),国泰基金管理有限公司,中国建设银行股份有限公司,货币型ETF,,,321470000.0,530559,53061019,100.008,100.00964831433,0.008
2025-11-03,511620.SH,国泰瞬利货币A,20170907,,同期七天通知存款利率(税后),国泰基金管理有限公司,中国建设银行股份有限公司,货币型ETF,,,322000000.0,255381,25537903,100,99.999228603537,0
2025-11-04,511620.SH,国泰瞬利货币A,20170907,,同期七天通知存款利率(税后),国泰基金管理有限公司,中国建设银行股份有限公司,货币型ETF,,,321420000.0,218256,21825784,100.003,100.0008430467,0.003
2025-11-05,511620.SH,国泰瞬利货币A,20170907,,同期七天通知存款利率(税后),国泰基金管理有限公司,中国建设银行股份有限公司,货币型ETF,,,321440000.0,164612,16461565,100.004,100.00221733531,0.004
2025-11-06,511620.SH,国泰瞬利货币A,20170907,,同期七天通知存款利率(税后),国泰基金管理有限公司,中国建设银行股份有限公司,货币型ETF,,,321500000.0,185543,18555016,100.006,100.00385894375,0.006
2025-11-07,511620.SH,国泰瞬利货币A,20170907,,同期七天通知存款利率(税后),国泰基金管理有限公司,中国建设银行股份有限公司,货币型ETF,,,321520000.0,332352,33238140,100.01,100.00884604275,0.01
2025-11-10,511620.SH,国泰瞬利货币A,20170907,,同期七天通知存款利率(税后),国泰基金管理有限公司,中国建设银行股份有限公司,货币型ETF,,,321570000.0,155418,15541991,100.002,100.00122894388,0.002
2025-11-11,511620.SH,国泰瞬利货币A,20170907,,同期七天通知存款利率(税后),国泰基金管理有限公司,中国建设银行股份有限公司,货币型ETF,,,321590000.0,205026,20502617,100.001,100.00008291631,0.001
2025-11-12,511620.SH,国泰瞬利货币A,20170907,,同期七天通知存款利率(税后),国泰基金管理有限公司,中国建设银行股份有限公司,货币型ETF,,,321640000.0,125105,12510630,100.002,100.00103912713,0.002
2025-11-13,511620.SH,国泰瞬利货币A,20170907,,同期七天通知存款利率(税后),国泰基金管理有限公司,中国建设银行股份有限公司,货币型ETF,,,321730000.0,153123,15313089,100.006,100.00515272036,0.006
2025-11-14,511620.SH,国泰瞬利货币A,20170907,,同期七天通知存款利率(税后),国泰基金管理有限公司,中国建设银行股份有限公司,货币型ETF,,,324040000.0,223844,22386863,100.012,100.01100319866,0.012
2025-11-17,511620.SH,国泰瞬利货币A,20170907,,同期七天通知存款利率(税后),国泰基金管理有限公司,中国建设银行股份有限公司,货币型ETF,,,324130000.0,191803,19180807,100.004,100.00264333717,0.004
2025-11-18,511620.SH,国泰瞬利货币A,20170907,,同期七天通知存款利率(税后),国泰基金管理有限公司,中国建设银行股份有限公司,货币型ETF,,,324150000.0,99211,9921393,100.003,100.00295330155,0.003
2025-11-19,511620.SH,国泰瞬利货币A,20170907,,同期七天通知存款利率(税后),国泰基金管理有限公司,中国建设银行股份有限公司,货币型ETF,,,324190000.0,151680,15168519,100.004,100.00342167722,0.004
2025-11-20,511620.SH,国泰瞬利货币A,20170907,,同期七天通知存款利率(税后),国泰基金管理有限公司,中国建设银行股份有限公司,货币型ETF,,,324250000.0,364284,36430847,100.009,100.00671728651,0.009
2025-11-21,511620.SH,国泰瞬利货币A,20170907,,同期七天通知存款利率(税后),国泰基金管理有限公司,中国建设银行股份有限公司,货币型ETF,,,329160000.0,445255,44531016,100.013,100.01238840664,0.013
2025-11-24,511620.SH,国泰瞬利货币A,20170907,,同期七天通知存款利率(税后),国泰基金管理有限公司,中国建设银行股份有限公司,货币型ETF,,,329760000.0,130568,13057541,100.006,100.00567520373,0.006
2025-11-25,511620.SH,国泰瞬利货币A,20170907,,同期七天通知存款利率(税后),国泰基金管理有限公司,中国建设银行股份有限公司,货币型ETF,,,329800000.0,157043,15705169,100.006,100.0055335163,0.006
2025-11-26,511620.SH,国泰瞬利货币A,20170907,,同期七天通知存款利率(税后),国泰基金管理有限公司,中国建设银行股份有限公司,货币型ETF,,,334810000.0,235457,23547045,100.005,100.00571229566,0.005
2025-11-27,511620.SH,国泰瞬利货币A,20170907,,同期七天通知存款利率(税后),国泰基金管理有限公司,中国建设银行股份有限公司,货币型ETF,,,339800000.0,253480,25349199,100.004,100.00473015623,0.004
2025-11-28,511620.SH,国泰瞬利货币A,20170907,,同期七天通知存款利率(税后),国泰基金管理有限公司,中国建设银行股份有限公司,货币型ETF,,,344810000.0,391243,39128434,100.012,100.01056632323,0.012
2025-12-01,511620.SH,国泰瞬利货币A,20170907,,同期七天通知存款利率(税后),国泰基金管理有限公司,中国建设银行股份有限公司,货币型ETF,,,346300000.0,180417,18042525,100.005,100.00457273982,0.005
2025-12-02,511620.SH,国泰瞬利货币A,20170907,,同期七天通知存款利率(税后),国泰基金管理有限公司,中国建设银行股份有限公司,货币型ETF,,,346980000.0,166584,16659423,100.007,100.00614104596,0.007
2025-12-03,511620.SH,国泰瞬利货币A,20170907,,同期七天通知存款利率(税后),国泰基金管理有限公司,中国建设银行股份有限公司,货币型ETF,,,351060000.0,97431,9743763,100.008,100.00680481572,0.008
2025-12-04,511620.SH,国泰瞬利货币A,20170907,,同期七天通知存款利率(税后),国泰基金管理有限公司,中国建设银行股份有限公司,货币型ETF,,,355890000.0,103736,10374357,100.007,100.00729737025,0.007
2025-12-05,511620.SH,国泰瞬利货币A,20170907,,同期七天通知存款利率(税后),国泰基金管理有限公司,中国建设银行股份有限公司,货币型ETF,,,360820000.0,124033,12404602,100.011,100.01049720639,0.011
2025-12-08,511620.SH,国泰瞬利货币A,20170907,,同期七天通知存款利率(税后),国泰基金管理有限公司,中国建设银行股份有限公司,货币型ETF,,,363830000.0,229882,22989256,100.005,100.0045936611,0.005
2025-12-09,511620.SH,国泰瞬利货币A,20170907,,同期七天通知存款利率(税后),国泰基金管理有限公司,中国建设银行股份有限公司,货币型ETF,,,364250000.0,185694,18570173,100.005,100.00416276239,0.005
2025-12-10,511620.SH,国泰瞬利货币A,20170907,,同期七天通知存款利率(税后),国泰基金管理有限公司,中国建设银行股份有限公司,货币型ETF,,,365760000.0,83769,8377277,100.005,100.00450047153,0.005
2025-12-11,511620.SH,国泰瞬利货币A,20170907,,同期七天通知存款利率(税后),国泰基金管理有限公司,中国建设银行股份有限公司,货币型ETF,,,370090000.0,189574,18958470,100.007,100.00564423391,0.007
2025-12-12,511620.SH,国泰瞬利货币A,20170907,,同期七天通知存款利率(税后),国泰基金管理有限公司,中国建设银行股份有限公司,货币型ETF,,,375100000.0,348706,34873875,100.007,100.00939186593,0.007
2025-12-15,511620.SH,国泰瞬利货币A,20170907,,同期七天通知存款利率(税后),国泰基金管理有限公司,中国建设银行股份有限公司,货币型ETF,,,375030000.0,342621,34262034,100,99.999807367324,0
2025-12-16,511620.SH,国泰瞬利货币A,20170907,,同期七天通知存款利率(税后),国泰基金管理有限公司,中国建设银行股份有限公司,货币型ETF,,,375060000.0,262475,26247254,100.001,99.999062767883,0.001
2025-12-17,511620.SH,国泰瞬利货币A,20170907,,同期七天通知存款利率(税后),国泰基金管理有限公司,中国建设银行股份有限公司,货币型ETF,,,375080000.0,130741,13074081,99.999,99.999854674509,-0.001
2025-12-18,511620.SH,国泰瞬利货币A,20170907,,同期七天通知存款利率(税后),国泰基金管理有限公司,中国建设银行股份有限公司,货币型ETF,,,375100000.0,212153,21216330,100.006,100.00485498673,0.006
2025-12-19,511620.SH,国泰瞬利货币A,20170907,,同期七天通知存款利率(税后),国泰基金管理有限公司,中国建设银行股份有限公司,货币型ETF,,,380020000.0,244481,24449902,100.006,100.00737071592,0.006
2025-12-22,511620.SH,国泰瞬利货币A,20170907,,同期七天通知存款利率(税后),国泰基金管理有限公司,中国建设银行股份有限公司,货币型ETF,,,379790000.0,486404,48636461,99.998,99.991901793571,-0.002
2025-12-23,511620.SH,国泰瞬利货币A,20170907,,同期七天通知存款利率(税后),国泰基金管理有限公司,中国建设银行股份有限公司,货币型ETF,,,377280000.0,247701,24769224,99.997,99.996463478145,-0.003
2025-12-24,511620.SH,国泰瞬利货币A,20170907,,同期七天通知存款利率(税后),国泰基金管理有限公司,中国建设银行股份有限公司,货币型ETF,,,376690000.0,183081,18307432,99.998,99.996351341756,-0.002
2025-12-25,511620.SH,国泰瞬利货币A,20170907,,同期七天通知存款利率(税后),国泰基金管理有限公司,中国建设银行股份有限公司,货币型ETF,,,375500000.0,285212,28521655,100.002,100.00159530455,0.002
2025-12-26,511620.SH,国泰瞬利货币A,20170907,,同期七天通知存款利率(税后),国泰基金管理有限公司,中国建设银行股份有限公司,货币型ETF,,,364430000.0,225221,22523493,100.007,100.00618503603,0.007
2025-12-29,511620.SH,国泰瞬利货币A,20170907,,同期七天通知存款利率(税后),国泰基金管理有限公司,中国建设银行股份有限公司,货币型ETF,,,361960000.0,402234,40222598,100,99.998006135732,0
2025-12-30,511620.SH,国泰瞬利货币A,20170907,,同期七天通知存款利率(税后),国泰基金管理有限公司,中国建设银行股份有限公司,货币型ETF,,,361790000.0,508413,50840522,100.002,99.99846974802,0.002
2025-12-31,511620.SH,国泰瞬利货币A,20170907,,同期七天通知存款利率(税后),国泰基金管理有限公司,中国建设银行股份有限公司,货币型ETF,,,361850993.0,682682,68279855,100.015,100.01707237044,0.015
2026-01-05,511620.SH,国泰瞬利货币A,20170907,,同期七天通知存款利率(税后),国泰基金管理有限公司,中国建设银行股份有限公司,货币型ETF,,,366860000.0,489082,48907608,100,99.998789569029,0
2026-01-06,511620.SH,国泰瞬利货币A,20170907,,同期七天通知存款利率(税后),国泰基金管理有限公司,中国建设银行股份有限公司,货币型ETF,,,365890000.0,376999,37698483,99.994,99.99624136934,-0.006
2026-01-07,511620.SH,国泰瞬利货币A,20170907,,同期七天通知存款利率(税后),国泰基金管理有限公司,中国建设银行股份有限公司,货币型ETF,,,365510000.0,194210,19420423,99.999,99.997028989238,-0.001
2026-01-08,511620.SH,国泰瞬利货币A,20170907,,同期七天通知存款利率(税后),国泰基金管理有限公司,中国建设银行股份有限公司,货币型ETF,,,364910000.0,339826,33983501,100.003,100.00265135687,0.003
2026-01-09,511620.SH,国泰瞬利货币A,20170907,,同期七天通知存款利率(税后),国泰基金管理有限公司,中国建设银行股份有限公司,货币型ETF,,,365060000.0,308653,30866968,100.006,100.00540412696,0.006
2026-01-12,511620.SH,国泰瞬利货币A,20170907,,同期七天通知存款利率(税后),国泰基金管理有限公司,中国建设银行股份有限公司,货币型ETF,,,359540000.0,219372,21935993,99.997,99.994497930456,-0.003
2026-01-13,511620.SH,国泰瞬利货币A,20170907,,同期七天通知存款利率(税后),国泰基金管理有限公司,中国建设银行股份有限公司,货币型ETF,,,358760000.0,173889,17388351,100.001,99.996842813519,0.001
2026-01-14,511620.SH,国泰瞬利货币A,20170907,,同期七天通知存款利率(税后),国泰基金管理有限公司,中国建设银行股份有限公司,货币型ETF,,,360240000.0,169145,16914303,100.002,99.998835318809,0.002
2026-01-15,511620.SH,国泰瞬利货币A,20170907,,同期七天通知存款利率(税后),国泰基金管理有限公司,中国建设银行股份有限公司,货币型ETF,,,360220000.0,304412,30441658,100.003,100.0015045399,0.003
2026-01-16,511620.SH,国泰瞬利货币A,20170907,,同期七天通知存款利率(税后),国泰基金管理有限公司,中国建设银行股份有限公司,货币型ETF,,,360740000.0,302782,30281477,100.011,100.01082296834,0.011
2026-01-19,511620.SH,国泰瞬利货币A,20170907,,同期七天通知存款利率(税后),国泰基金管理有限公司,中国建设银行股份有限公司,货币型ETF,,,360740000.0,206932,20693500,100,100.00144975161,0
2026-01-20,511620.SH,国泰瞬利货币A,20170907,,同期七天通知存款利率(税后),国泰基金管理有限公司,中国建设银行股份有限公司,货币型ETF,,,360810000.0,200644,20064415,100.002,100.00007475928,0.002
2026-01-21,511620.SH,国泰瞬利货币A,20170907,,同期七天通知存款利率(税后),国泰基金管理有限公司,中国建设银行股份有限公司,货币型ETF,,,360940000.0,112033,11203259,100,99.9996340364,0
2026-01-22,511620.SH,国泰瞬利货币A,20170907,,同期七天通知存款利率(税后),国泰基金管理有限公司,中国建设银行股份有限公司,货币型ETF,,,360950000.0,253663,25365873,100.001,99.998316664236,0.001
2026-01-23,511620.SH,国泰瞬利货币A,20170907,,同期七天通知存款利率(税后),国泰基金管理有限公司,中国建设银行股份有限公司,货币型ETF,,,361740000.0,266754,26677473,100.007,100.00777120493,0.007
2026-01-26,511620.SH,国泰瞬利货币A,20170907,,同期七天通知存款利率(税后),国泰基金管理有限公司,中国建设银行股份有限公司,货币型ETF,,,361890000.0,181559,18156318,100.004,100.0023022819,0.004
2026-01-27,511620.SH,国泰瞬利货币A,20170907,,同期七天通知存款利率(税后),国泰基金管理有限公司,中国建设银行股份有限公司,货币型ETF,,,361740000.0,171785,17179156,100.005,100.0038187269,0.005
2026-01-28,511620.SH,国泰瞬利货币A,20170907,,同期七天通知存款利率(税后),国泰基金管理有限公司,中国建设银行股份有限公司,货币型ETF,,,361970000.0,150732,15073680,100.001,100.00318445984,0.001
2026-01-29,511620.SH,国泰瞬利货币A,20170907,,同期七天通知存款利率(税后),国泰基金管理有限公司,中国建设银行股份有限公司,货币型ETF,,,361990000.0,266046,26604789,99.999,100.00071040346,-0.001
2026-01-30,511620.SH,国泰瞬利货币A,20170907,,同期七天通知存款利率(税后),国泰基金管理有限公司,中国建设银行股份有限公司,货币型ETF,,,362000000.0,348417,34844140,100.01,100.0070031026,0.01
2026-02-02,511620.SH,国泰瞬利货币A,20170907,,同期七天通知存款利率(税后),国泰基金管理有限公司,中国建设银行股份有限公司,货币型ETF,,,362060000.0,229160,22915940,100,99.999738174201,0
2026-02-03,511620.SH,国泰瞬利货币A,20170907,,同期七天通知存款利率(税后),国泰基金管理有限公司,中国建设银行股份有限公司,货币型ETF,,,362670000.0,181620,18161815,99.999,99.998981389715,-0.001
2026-02-04,511620.SH,国泰瞬利货币A,20170907,,同期七天通知存款利率(税后),国泰基金管理有限公司,中国建设银行股份有限公司,货币型ETF,,,362700000.0,282842,28284443,100.002,100.0008591369,0.002
2026-02-05,511620.SH,国泰瞬利货币A,20170907,,同期七天通知存款利率(税后),国泰基金管理有限公司,中国建设银行股份有限公司,货币型ETF,,,362730000.0,220536,22053963,100.002,100.00164598977,0.002
2026-02-06,511620.SH,国泰瞬利货币A,20170907,,同期七天通知存款利率(税后),国泰基金管理有限公司,中国建设银行股份有限公司,货币型ETF,,,362840000.0,230220,23024224,100.011,100.00966032491,0.011
2026-02-09,511620.SH,国泰瞬利货币A,20170907,,同期七天通知存款利率(税后),国泰基金管理有限公司,中国建设银行股份有限公司,货币型ETF,,,363370000.0,264464,26446727,100.005,100.00123646319,0.005
2026-02-10,511620.SH,国泰瞬利货币A,20170907,,同期七天通知存款利率(税后),国泰基金管理有限公司,中国建设银行股份有限公司,货币型ETF,,,363450000.0,192249,19225325,100.004,100.0022106747,0.004
2026-02-11,511620.SH,国泰瞬利货币A,20170907,,同期七天通知存款利率(税后),国泰基金管理有限公司,中国建设银行股份有限公司,货币型ETF,,,363460000.0,176385,17639005,100.005,100.00286305525,0.005
2026-02-12,511620.SH,国泰瞬利货币A,20170907,,同期七天通知存款利率(税后),国泰基金管理有限公司,中国建设银行股份有限公司,货币型ETF,,,364490000.0,232756,23276737,100.01,100.00488494389,0.01
2026-02-13,511620.SH,国泰瞬利货币A,20170907,,同期七天通知存款利率(税后),国泰基金管理有限公司,中国建设银行股份有限公司,货币型ETF,,,367650000.0,804077,80466013,100.075,100.07252166148,0.075
2026-02-24,511620.SH,国泰瞬利货币A,20170907,,同期七天通知存款利率(税后),国泰基金管理有限公司,中国建设银行股份有限公司,货币型ETF,,,372790000.0,445332,44534194,100.002,100.00223204261,0.002
2026-02-25,511620.SH,国泰瞬利货币A,20170907,,同期七天通知存款利率(税后),国泰基金管理有限公司,中国建设银行股份有限公司,货币型ETF,,,372760000.0,297118,29711819,100.001,100.00006394766,0.001
2026-02-26,511620.SH,国泰瞬利货币A,20170907,,同期七天通知存款利率(税后),国泰基金管理有限公司,中国建设银行股份有限公司,货币型ETF,,,372820000.0,235581,23558023,100,99.999673148514,0
2026-02-27,511620.SH,国泰瞬利货币A,20170907,,同期七天通知存款利率(税后),国泰基金管理有限公司,中国建设银行股份有限公司,货币型ETF,,,371640000.0,202489,20250237,100.008,100.00660282781,0.008
2026-03-02,511620.SH,国泰瞬利货币A,20170907,,同期七天通知存款利率(税后),国泰基金管理有限公司,中国建设银行股份有限公司,货币型ETF,,,373550000.0,410366,41037449,100.005,100.00206888485,0.005
2026-03-03,511620.SH,国泰瞬利货币A,20170907,,同期七天通知存款利率(税后),国泰基金管理有限公司,中国建设银行股份有限公司,货币型ETF,,,373830000.0,254761,25477706,100.009,100.00630394762,0.009
2026-03-04,511620.SH,国泰瞬利货币A,20170907,,同期七天通知存款利率(税后),国泰基金管理有限公司,中国建设银行股份有限公司,货币型ETF,,,374950000.0,151091,15110145,100.009,100.00691636166,0.009
2026-03-05,511620.SH,国泰瞬利货币A,20170907,,同期七天通知存款利率(税后),国泰基金管理有限公司,中国建设银行股份有限公司,货币型ETF,,,376340000.0,167510,16752168,100.01,100.00697271805,0.01
2026-03-06,511620.SH,国泰瞬利货币A,20170907,,同期七天通知存款利率(税后),国泰基金管理有限公司,中国建设银行股份有限公司,货币型ETF,,,378150000.0,162315,16233523,100.01,100.01246341989,0.01
2026-03-09,511620.SH,国泰瞬利货币A,20170907,,同期七天通知存款利率(税后),国泰基金管理有限公司,中国建设银行股份有限公司,货币型ETF,,,378540000.0,284133,28413331,100.002,100.00010910384,0.002
2026-03-10,511620.SH,国泰瞬利货币A,20170907,,同期七天通知存款利率(税后),国泰基金管理有限公司,中国建设银行股份有限公司,货币型ETF,,,378560000.0,303094,30309553,100.002,100.00050479389,0.002
2026-03-11,511620.SH,国泰瞬利货币A,20170907,,同期七天通知存款利率(税后),国泰基金管理有限公司,中国建设银行股份有限公司,货币型ETF,,,379790000.0,264113,26411525,100.002,100.00085190808,0.002
2026-03-12,511620.SH,国泰瞬利货币A,20170907,,同期七天通知存款利率(税后),国泰基金管理有限公司,中国建设银行股份有限公司,货币型ETF,,,379810000.0,272062,27206513,100.002,100.00115047305,0.002
2026-03-13,511620.SH,国泰瞬利货币A,20170907,,同期七天通知存款利率(税后),国泰基金管理有限公司,中国建设银行股份有限公司,货币型ETF,,,379830000.0,338533,33856583,100.011,100.00969772518,0.011
2026-03-16,511620.SH,国泰瞬利货币A,20170907,,同期七天通知存款利率(税后),国泰基金管理有限公司,中国建设银行股份有限公司,货币型ETF,,,379880000.0,274732,27473594,100.003,100.00143412489,0.003
2026-03-17,511620.SH,国泰瞬利货币A,20170907,,同期七天通知存款利率(税后),国泰基金管理有限公司,中国建设银行股份有限公司,货币型ETF,,,379900000.0,217519,21752513,100.005,100.00281814462,0.005
2026-03-18,511620.SH,国泰瞬利货币A,20170907,,同期七天通知存款利率(税后),国泰基金管理有限公司,中国建设银行股份有限公司,货币型ETF,,,379910000.0,96539,9654353,100.006,100.00469240411,0.006
2026-03-19,511620.SH,国泰瞬利货币A,20170907,,同期七天通知存款利率(税后),国泰基金管理有限公司,中国建设银行股份有限公司,货币型ETF,,,380080000.0,297715,29772710,100.006,100.00406428967,0.006
2026-03-20,511620.SH,国泰瞬利货币A,20170907,,同期七天通知存款利率(税后),国泰基金管理有限公司,中国建设银行股份有限公司,货币型ETF,,,380440000.0,279921,27994661,100.01,100.0091490099,0.01
2026-03-23,511620.SH,国泰瞬利货币A,20170907,,同期七天通知存款利率(税后),国泰基金管理有限公司,中国建设银行股份有限公司,货币型ETF,,,380490000.0,351407,35141371,100.004,100.0019094668,0.004
2026-03-24,511620.SH,国泰瞬利货币A,20170907,,同期七天通知存款利率(税后),国泰基金管理有限公司,中国建设银行股份有限公司,货币型ETF,,,380710000.0,232944,23294915,100.002,100.00221083179,0.002
2026-03-25,511620.SH,国泰瞬利货币A,20170907,,同期七天通知存款利率(税后),国泰基金管理有限公司,中国建设银行股份有限公司,货币型ETF,,,380600000.0,279010,27901195,100.002,100.00069889968,0.002
2026-03-26,511620.SH,国泰瞬利货币A,20170907,,同期七天通知存款利率(税后),国泰基金管理有限公司,中国建设银行股份有限公司,货币型ETF,,,380620000.0,172058,17206132,100.003,100.00192958189,0.003
2026-03-27,511620.SH,国泰瞬利货币A,20170907,,同期七天通知存款利率(税后),国泰基金管理有限公司,中国建设银行股份有限公司,货币型ETF,,,380980000.0,249781,24980619,100.01,100.01008483431,0.01
2026-03-30,511620.SH,国泰瞬利货币A,20170907,,同期七天通知存款利率(税后),国泰基金管理有限公司,中国建设银行股份有限公司,货币型ETF,,,381310000.0,183737,18373813,100.002,100.0006150095,0.002
2026-03-31,511620.SH,国泰瞬利货币A,20170907,,同期七天通知存款利率(税后),国泰基金管理有限公司,中国建设银行股份有限公司,货币型ETF,,,381374228.0,96069,9607151,100.005,100.00261270545,0.005
2026-04-01,511620.SH,国泰瞬利货币A,20170907,,同期七天通知存款利率(税后),国泰基金管理有限公司,中国建设银行股份有限公司,货币型ETF,,,381340000.0,173825,17383157,100.006,100.00377966345,0.006
2026-04-02,511620.SH,国泰瞬利货币A,20170907,,同期七天通知存款利率(税后),国泰基金管理有限公司,中国建设银行股份有限公司,货币型ETF,,,385420000.0,188730,18874509,100.013,100.0079955492,0.013
2026-04-03,511620.SH,国泰瞬利货币A,20170907,,同期七天通知存款利率(税后),国泰基金管理有限公司,中国建设银行股份有限公司,货币型ETF,,,390330000.0,278807,27885588,100.018,100.01753184102,0.018
2026-04-07,511620.SH,国泰瞬利货币A,20170907,,同期七天通知存款利率(税后),国泰基金管理有限公司,中国建设银行股份有限公司,货币型ETF,,,395040000.0,205833,20584400,100.005,100.00534413821,0.005
2026-04-08,511620.SH,国泰瞬利货币A,20170907,,同期七天通知存款利率(税后),国泰基金管理有限公司,中国建设银行股份有限公司,货币型ETF,,,399140000.0,367065,36707210,100.002,100.00193426232,0.002
2026-04-09,511620.SH,国泰瞬利货币A,20170907,,同期七天通知存款利率(税后),国泰基金管理有限公司,中国建设银行股份有限公司,货币型ETF,,,399200000.0,312109,31211678,100.005,100.00249271889,0.005
2026-04-10,511620.SH,国泰瞬利货币A,20170907,,同期七天通知存款利率(税后),国泰基金管理有限公司,中国建设银行股份有限公司,货币型ETF,,,400920000.0,166903,16691734,100.01,100.0085918168,0.01
2026-04-13,511620.SH,国泰瞬利货币A,20170907,,同期七天通知存款利率(税后),国泰基金管理有限公司,中国建设银行股份有限公司,货币型ETF,,,401210000.0,114478,11448262,100.005,100.00403570992,0.005
2026-04-14,511620.SH,国泰瞬利货币A,20170907,,同期七天通知存款利率(税后),国泰基金管理有限公司,中国建设银行股份有限公司,货币型ETF,,,401700000.0,155438,15544400,100.006,100.00386005996,0.006
2026-04-15,511620.SH,国泰瞬利货币A,20170907,,同期七天通知存款利率(税后),国泰基金管理有限公司,中国建设银行股份有限公司,货币型ETF,,,401720000.0,155596,15559975,100.003,100.00241008766,0.003
2026-04-16,511620.SH,国泰瞬利货币A,20170907,,同期七天通知存款利率(税后),国泰基金管理有限公司,中国建设银行股份有限公司,货币型ETF,,,402040000.0,156489,15649155,100.002,100.00162950751,0.002
2026-04-17,511620.SH,国泰瞬利货币A,20170907,,同期七天通知存款利率(税后),国泰基金管理有限公司,中国建设银行股份有限公司,货币型ETF,,,402050000.0,203420,20343783,100.008,100.00876511651,0.008
2026-04-20,511620.SH,国泰瞬利货币A,20170907,,同期七天通知存款利率(税后),国泰基金管理有限公司,中国建设银行股份有限公司,货币型ETF,,,403920000.0,199148,19914992,100.001,100.0009641071,0.001
2026-04-21,511620.SH,国泰瞬利货币A,20170907,,同期七天通知存款利率(税后),国泰基金管理有限公司,中国建设银行股份有限公司,货币型ETF,,,403930000.0,134092,13409257,100.001,100.00042508129,0.001
2026-04-22,511620.SH,国泰瞬利货币A,20170907,,同期七天通知存款利率(税后),国泰基金管理有限公司,中国建设银行股份有限公司,货币型ETF,,,403960000.0,218586,21858660,100.001,100.0002744915,0.001
2026-04-23,511620.SH,国泰瞬利货币A,20170907,,同期七天通知存款利率(税后),国泰基金管理有限公司,中国建设银行股份有限公司,货币型ETF,,,404130000.0,184546,18454729,100.002,100.00069901271,0.002
2026-04-24,511620.SH,国泰瞬利货币A,20170907,,同期七天通知存款利率(税后),国泰基金管理有限公司,中国建设银行股份有限公司,货币型ETF,,,403640000.0,197352,19736658,100.009,100.00738781467,0.009
2026-04-27,511620.SH,国泰瞬利货币A,20170907,,同期七天通知存款利率(税后),国泰基金管理有限公司,中国建设银行股份有限公司,货币型ETF,,,404210000.0,229065,22906617,100.001,100.00051077205,0.001
2026-04-28,511620.SH,国泰瞬利货币A,20170907,,同期七天通知存款利率(税后),国泰基金管理有限公司,中国建设银行股份有限公司,货币型ETF,,,404310000.0,420437,42043890,100.002,100.00045191075,0.002
2026-04-29,511620.SH,国泰瞬利货币A,20170907,,同期七天通知存款利率(税后),国泰基金管理有限公司,中国建设银行股份有限公司,货币型ETF,,,404330000.0,611938,61198498,100.013,100.00767724835,0.013
2026-04-30,511620.SH,国泰瞬利货币A,20170907,,同期七天通知存款利率(税后),国泰基金管理有限公司,中国建设银行股份有限公司,货币型ETF,,,408360000.0,312755,31281680,100.021,100.01975987594,0.021
2026-05-06,511620.SH,国泰瞬利货币A,20170907,,同期七天通知存款利率(税后),国泰基金管理有限公司,中国建设银行股份有限公司,货币型ETF,,,411120000.0,565792,56578689,99.999,99.999096841242,-0.001
2026-05-07,511620.SH,国泰瞬利货币A,20170907,,同期七天通知存款利率(税后),国泰基金管理有限公司,中国建设银行股份有限公司,货币型ETF,,,408840000.0,203932,20392949,100,99.998769197576,0
2026-05-08,511620.SH,国泰瞬利货币A,20170907,,同期七天通知存款利率(税后),国泰基金管理有限公司,中国建设银行股份有限公司,货币型ETF,,,406960000.0,222133,22214989,100.009,100.00760355283,0.009
2026-05-11,511620.SH,国泰瞬利货币A,20170907,,同期七天通知存款利率(税后),国泰基金管理有限公司,中国建设银行股份有限公司,货币型ETF,,,408070000.0,332272,33227861,100.003,100.00198933404,0.003
2026-05-12,511620.SH,国泰瞬利货币A,20170907,,同期七天通知存款利率(税后),国泰基金管理有限公司,中国建设银行股份有限公司,货币型ETF,,,408220000.0,340313,34032300,100.006,100.00293847135,0.006
2026-05-13,511620.SH,国泰瞬利货币A,20170907,,同期七天通知存款利率(税后),国泰基金管理有限公司,中国建设银行股份有限公司,货币型ETF,,,408840000.0,253422,25342893,100.003,100.00273456922,0.003
2026-05-14,511620.SH,国泰瞬利货币A,20170907,,同期七天通知存款利率(税后),国泰基金管理有限公司,中国建设银行股份有限公司,货币型ETF,,,409010000.0,122326,12232917,100.004,100.002591436,0.004
2026-05-15,511620.SH,国泰瞬利货币A,20170907,,同期七天通知存款利率(税后),国泰基金管理有限公司,中国建设银行股份有限公司,货币型ETF,,,409270000.0,359774,35980511,100.01,100.00864709512,0.01
2026-05-18,511620.SH,国泰瞬利货币A,20170907,,同期七天通知存款利率(税后),国泰基金管理有限公司,中国建设银行股份有限公司,货币型ETF,,,409340000.0,274793,27479711,100.002,100.00149567129,0.002
2026-05-19,511620.SH,国泰瞬利货币A,20170907,,同期七天通知存款利率(税后),国泰基金管理有限公司,中国建设银行股份有限公司,货币型ETF,,,409360000.0,263023,26302649,100.002,100.00132688016,0.002
2026-05-20,511620.SH,国泰瞬利货币A,20170907,,同期七天通知存款利率(税后),国泰基金管理有限公司,中国建设银行股份有限公司,货币型ETF,,,409380000.0,250310,25031492,100.005,100.0019655627,0.005
2026-05-21,511620.SH,国泰瞬利货币A,20170907,,同期七天通知存款利率(税后),国泰基金管理有限公司,中国建设银行股份有限公司,货币型ETF,,,409500000.0,318696,31870397,100.004,100.00250081582,0.004
2026-05-22,511620.SH,国泰瞬利货币A,20170907,,同期七天通知存款利率(税后),国泰基金管理有限公司,中国建设银行股份有限公司,货币型ETF,,,409510000.0,277133,27715580,100.01,100.00822709674,0.01
2026-05-25,511620.SH,国泰瞬利货币A,20170907,,同期七天通知存款利率(税后),国泰基金管理有限公司,中国建设银行股份有限公司,货币型ETF,,,409680000.0,390788,39079266,100.001,100.00119246241,0.001
2026-05-26,511620.SH,国泰瞬利货币A,20170907,,同期七天通知存款利率(税后),国泰基金管理有限公司,中国建设银行股份有限公司,货币型ETF,,,408810000.0,244938,24494062,100.003,100.00106965844,0.003
2026-05-27,511620.SH,国泰瞬利货币A,20170907,,同期七天通知存款利率(税后),国泰基金管理有限公司,中国建设银行股份有限公司,货币型ETF,,,409000000.0,196147,19614842,100.003,100.00072394684,0.003
2026-05-28,511620.SH,国泰瞬利货币A,20170907,,同期七天通知存款利率(税后),国泰基金管理有限公司,中国建设银行股份有限公司,货币型ETF,,,408770000.0,240646,24065065,100.001,100.0019322989,0.001
2026-05-29,511620.SH,国泰瞬利货币A,20170907,,同期七天通知存款利率(税后),国泰基金管理有限公司,中国建设银行股份有限公司,货币型ETF,,,409220000.0,286625,28664945,100.009,100.00853030964,0.009
2026-06-01,511620.SH,国泰瞬利货币A,20170907,,同期七天通知存款利率(税后),国泰基金管理有限公司,中国建设银行股份有限公司,货币型ETF,,,410360000.0,313282,31328633,100.002,100.00138214133,0.002
2026-06-02,511620.SH,国泰瞬利货币A,20170907,,同期七天通知存款利率(税后),国泰基金管理有限公司,中国建设银行股份有限公司,货币型ETF,,,410120000.0,149945,14994707,100.002,100.00138050619,0.002
2026-06-03,511620.SH,国泰瞬利货币A,20170907,,同期七天通知存款利率(税后),国泰基金管理有限公司,中国建设银行股份有限公司,货币型ETF,,,410360000.0,244076,24407824,100.001,100.00091774693,0.001
2026-06-04,511620.SH,国泰瞬利货币A,20170907,,同期七天通知存款利率(税后),国泰基金管理有限公司,中国建设银行股份有限公司,货币型ETF,,,409860000.0,264466,26447134,100.004,100.00201916314,0.004
2026-06-05,511620.SH,国泰瞬利货币A,20170907,,同期七天通知存款利率(税后),国泰基金管理有限公司,中国建设银行股份有限公司,货币型ETF,,,409890000.0,366075,36611648,100.014,100.0113310114,0.014
2026-06-08,511620.SH,国泰瞬利货币A,20170907,,同期七天通知存款利率(税后),国泰基金管理有限公司,中国建设银行股份有限公司,货币型ETF,,,410900000.0,311776,31179201,100.009,100.00513509699,0.009
2026-06-09,511620.SH,国泰瞬利货币A,20170907,,同期七天通知存款利率(税后),国泰基金管理有限公司,中国建设银行股份有限公司,货币型ETF,,,415660000.0,235934,23594804,100.005,100.00595081675,0.005
2026-06-10,511620.SH,国泰瞬利货币A,20170907,,同期七天通知存款利率(税后),国泰基金管理有限公司,中国建设银行股份有限公司,货币型ETF,,,415810000.0,191413,19142271,100.006,100.0050728007,0.006
2026-06-11,511620.SH,国泰瞬利货币A,20170907,,同期七天通知存款利率(税后),国泰基金管理有限公司,中国建设银行股份有限公司,货币型ETF,,,416640000.0,158227,15823610,100.007,100.00575123083,0.007
2026-06-12,511620.SH,国泰瞬利货币A,20170907,,同期七天通知存款利率(税后),国泰基金管理有限公司,中国建设银行股份有限公司,货币型ETF,,,416680000.0,191597,19161410,100.011,100.00892498317,0.011
2026-06-15,511620.SH,国泰瞬利货币A,20170907,,同期七天通知存款利率(税后),国泰基金管理有限公司,中国建设银行股份有限公司,货币型ETF,,,416720000.0,278760,27876100,100,100.00035873153,0
2026-06-16,511620.SH,国泰瞬利货币A,20170907,,同期七天通知存款利率(税后),国泰基金管理有限公司,中国建设银行股份有限公司,货币型ETF,,,415890000.0,346161,34615973,100.001,99.999633118693,0.001
2026-06-17,511620.SH,国泰瞬利货币A,20170907,,同期七天通知存款利率(税后),国泰基金管理有限公司,中国建设银行股份有限公司,货币型ETF,,,416280000.0,395635,39563406,100.001,99.999762407269,0.001
2026-06-18,511620.SH,国泰瞬利货币A,20170907,,同期七天通知存款利率(税后),国泰基金管理有限公司,中国建设银行股份有限公司,货币型ETF,,,412770000.0,385772,38580593,100.01,100.00879535062,0.01
2026-06-22,511620.SH,国泰瞬利货币A,20170907,,同期七天通知存款利率(税后),国泰基金管理有限公司,中国建设银行股份有限公司,货币型ETF,,,412870000.0,162458,16245795,100,99.999969222815,0
2026-06-23,511620.SH,国泰瞬利货币A,20170907,,同期七天通知存款利率(税后),国泰基金管理有限公司,中国建设银行股份有限公司,货币型ETF,,,412950000.0,231654,23165163,100,99.998976922479,0
2026-06-24,511620.SH,国泰瞬利货币A,20170907,,同期七天通知存款利率(税后),国泰基金管理有限公司,中国建设银行股份有限公司,货币型ETF,,,412570000.0,207559,20755945,100,100.00021680582,0
2026-06-25,511620.SH,国泰瞬利货币A,20170907,,同期七天通知存款利率(税后),国泰基金管理有限公司,中国建设银行股份有限公司,货币型ETF,,,412580000.0,149533,14953223,99.999,99.999485063498,-0.001
2026-06-26,511620.SH,国泰瞬利货币A,20170907,,同期七天通知存款利率(税后),国泰基金管理有限公司,中国建设银行股份有限公司,货币型ETF,,,412610000.0,239518,23953397,100.008,100.00666755734,0.008
2026-06-29,511620.SH,国泰瞬利货币A,20170907,,同期七天通知存款利率(税后),国泰基金管理有限公司,中国建设银行股份有限公司,货币型ETF,,,412660000.0,105192,10519110,99.999,99.999144421629,-0.001
2026-06-30,511620.SH,国泰瞬利货币A,20170907,,同期七天通知存款利率(税后),国泰基金管理有限公司,中国建设银行股份有限公司,货币型ETF,,,412718132.0,249537,24952631,99.997,99.995716066155,-0.003
2026-07-01,511620.SH,国泰瞬利货币A,20170907,,同期七天通知存款利率(税后),国泰基金管理有限公司,中国建设银行股份有限公司,货币型ETF,,,412550000.0,315349,31534319,100,99.998157596821,0
2026-07-02,511620.SH,国泰瞬利货币A,20170907,,同期七天通知存款利率(税后),国泰基金管理有限公司,中国建设银行股份有限公司,货币型ETF,,,412520000.0,256266,25626805,100.003,100.00079995005,0.003
2026-07-03,511620.SH,国泰瞬利货币A,20170907,,同期七天通知存款利率(税后),国泰基金管理有限公司,中国建设银行股份有限公司,货币型ETF,,,413340000.0,377962,37798703,100.008,100.00662235886,0.008
2026-07-06,511620.SH,国泰瞬利货币A,20170907,,同期七天通知存款利率(税后),国泰基金管理有限公司,中国建设银行股份有限公司,货币型ETF,,,412160000.0,193125,19312458,100,99.999782524272,0
2026-07-07,511620.SH,国泰瞬利货币A,20170907,,同期七天通知存款利率(税后),国泰基金管理有限公司,中国建设银行股份有限公司,货币型ETF,,,414200000.0,223730,22373186,100.004,100.00083135923,0.004
2026-07-08,511620.SH,国泰瞬利货币A,20170907,,同期七天通知存款利率(税后),国泰基金管理有限公司,中国建设银行股份有限公司,货币型ETF,,,414200000.0,325988,32599379,100.003,100.001776139,0.003
2026-07-09,511620.SH,国泰瞬利货币A,20170907,,同期七天通知存款利率(税后),国泰基金管理有限公司,中国建设银行股份有限公司,货币型ETF,,,414220000.0,77598,7759896,100.001,100.00123714529,0.001
2026-07-10,511620.SH,国泰瞬利货币A,20170907,,同期七天通知存款利率(税后),国泰基金管理有限公司,中国建设银行股份有限公司,货币型ETF,,,414630000.0,255116,25513501,100.009,100.00745151225,0.009
2026-07-13,511620.SH,国泰瞬利货币A,20170907,,同期七天通知存款利率(税后),国泰基金管理有限公司,中国建设银行股份有限公司,货币型ETF,,,414690000.0,216698,21670265,100.003,100.00214584352,0.003
2026-07-14,511620.SH,国泰瞬利货币A,20170907,,同期七天通知存款利率(税后),国泰基金管理有限公司,中国建设银行股份有限公司,货币型ETF,,,414870000.0,303361,30336710,100.003,100.00201080561,0.003
2026-07-15,511620.SH,国泰瞬利货币A,20170907,,同期七天通知存款利率(税后),国泰基金管理有限公司,中国建设银行股份有限公司,货币型ETF,,,414880000.0,210935,21093940,100.003,100.00208595065,0.003
2026-07-16,511620.SH,国泰瞬利货币A,20170907,,同期七天通知存款利率(税后),国泰基金管理有限公司,中国建设银行股份有限公司,货币型ETF,,,414720000.0,308169,30818677,100.009,100.00576631653,0.009
2026-07-17,511620.SH,国泰瞬利货币A,20170907,,同期七天通知存款利率(税后),国泰基金管理有限公司,中国建设银行股份有限公司,货币型ETF,,,419500000.0,109814,10982537,100.013,100.01035387109,0.013
2026-07-20,511620.SH,国泰瞬利货币A,20170907,,同期七天通知存款利率(税后),国泰基金管理有限公司,中国建设银行股份有限公司,货币型ETF,,,419800000.0,221677,22168126,100.003,100.00192171493,0.003
2026-07-21,511620.SH,国泰瞬利货币A,20170907,,同期七天通知存款利率(税后),国泰基金管理有限公司,中国建设银行股份有限公司,货币型ETF,,,419820000.0,229115,22911634,100,100.00058485913,0
2026-07-22,511620.SH,国泰瞬利货币A,20170907,,同期七天通知存款利率(税后),国泰基金管理有限公司,中国建设银行股份有限公司,货币型ETF,,,419990000.0,475524,47552322,100.003,99.999835970424,0.003
2026-07-23,511620.SH,国泰瞬利货币A,20170907,,同期七天通知存款利率(税后),国泰基金管理有限公司,中国建设银行股份有限公司,货币型ETF,,,419980000.0,353219,35323726,100.005,100.00516959733,0.005
2026-07-24,511620.SH,国泰瞬利货币A,20170907,,同期七天通知存款利率(税后),国泰基金管理有限公司,中国建设银行股份有限公司,货币型ETF,,,420740000.0,273956,27398181,100.009,100.00942122093,0.009
2026-07-27,511620.SH,国泰瞬利货币A,20170907,,同期七天通知存款利率(税后),国泰基金管理有限公司,中国建设银行股份有限公司,货币型ETF,,,419770000.0,118878,11888101,100.004,100.0025320076,0.004
2026-07-28,511620.SH,国泰瞬利货币A,20170907,,同期七天通知存款利率(税后),国泰基金管理有限公司,中国建设银行股份有限公司,货币型ETF,,,419800000.0,151410,15141431,100.004,100.00284657552,0.004
2026-07-29,511620.SH,国泰瞬利货币A,20170907,,同期七天通知存款利率(税后),国泰基金管理有限公司,中国建设银行股份有限公司,货币型ETF,,,420310000.0,118418,11842135,100.004,100.00282896181,0.004
2026-07-30,511620.SH,国泰瞬利货币A,20170907,,同期七天通知存款利率(税后),国泰基金管理有限公司,中国建设银行股份有限公司,货币型ETF,,,420670000.0,247507,24751544,100.001,100.00341000457,0.001
2026-07-31,511620.SH,国泰瞬利货币A,20170907,,同期七天通知存款利率(税后),国泰基金管理有限公司,中国建设银行股份有限公司,货币型ETF,,,420710000.0,278437,27845506,100.007,100.00648620693,0.007
2026-08-03,511620.SH,国泰瞬利货币A,20170907,,同期七天通知存款利率(税后),国泰基金管理有限公司,中国建设银行股份有限公司,货币型ETF,,,419720000.0,145874,14587611,100.002,100.00144645379,0.002
2026-08-04,511620.SH,国泰瞬利货币A,20170907,,同期七天通知存款利率(税后),国泰基金管理有限公司,中国建设银行股份有限公司,货币型ETF,,,419740000.0,277239,27724810,100.005,100.00328236648,0.005
2026-08-05,511620.SH,国泰瞬利货币A,20170907,,同期七天通知存款利率(税后),国泰基金管理有限公司,中国建设银行股份有限公司,货币型ETF,,,420000000.0,431207,43152094,100.006,100.07280494055,0.006
2026-08-06,511620.SH,国泰瞬利货币A,20170907,,同期七天通知存款利率(税后),国泰基金管理有限公司,中国建设银行股份有限公司,货币型ETF,,,424290000.0,117181,11718739,100.006,100.00545310247,0.006
2026-08-07,511620.SH,国泰瞬利货币A,20170907,,同期七天通知存款利率(税后),国泰基金管理有限公司,中国建设银行股份有限公司,货币型ETF,,,424950000.0,258074,25809154,100.01,100.00679650023,0.01
2026-08-10,511620.SH,国泰瞬利货币A,20170907,,同期七天通知存款利率(税后),国泰基金管理有限公司,中国建设银行股份有限公司,货币型ETF,,,424890000.0,179153,17915977,100.005,100.0037788929,0.005
2026-08-11,511620.SH,国泰瞬利货币A,20170907,,同期七天通知存款利率(税后),国泰基金管理有限公司,中国建设银行股份有限公司,货币型ETF,,,425580000.0,156774,15678201,100.006,100.00510926557,0.006
2026-08-12,511620.SH,国泰瞬利货币A,20170907,,同期七天通知存款利率(税后),国泰基金管理有限公司,中国建设银行股份有限公司,货币型ETF,,,425790000.0,109723,10972850,100.006,100.0050126227,0.006
2026-08-13,511620.SH,国泰瞬利货币A,20170907,,同期七天通知存款利率(税后),国泰基金管理有限公司,中国建设银行股份有限公司,货币型ETF,,,426210000.0,91820,9182404,100.003,100.00439991287,0.003
2026-08-14,511620.SH,国泰瞬利货币A,20170907,,同期七天通知存款利率(税后),国泰基金管理有限公司,中国建设银行股份有限公司,货币型ETF,,,426450000.0,174698,17471285,100.01,100.00850038352,0.01
2026-08-17,511620.SH,国泰瞬利货币A,20170907,,同期七天通知存款利率(税后),国泰基金管理有限公司,中国建设银行股份有限公司,货币型ETF,,,426500000.0,228164,22817283,100.004,100.00387002332,0.004
2026-08-18,511620.SH,国泰瞬利货币A,20170907,,同期七天通知存款利率(税后),国泰基金管理有限公司,中国建设银行股份有限公司,货币型ETF,,,426770000.0,134766,13477117,100.005,100.00383627918,0.005
2026-08-19,511620.SH,国泰瞬利货币A,20170907,,同期七天通知存款利率(税后),国泰基金管理有限公司,中国建设银行股份有限公司,货币型ETF,,,427400000.0,156822,15682990,100.005,100.00503755851,0.005
2026-08-20,511620.SH,国泰瞬利货币A,20170907,,同期七天通知存款利率(税后),国泰基金管理有限公司,中国建设银行股份有限公司,货币型ETF,,,427770000.0,100239,10024340,100.007,100.00438950907,0.007
2026-08-21,511620.SH,国泰瞬利货币A,20170907,,同期七天通知存款利率(税后),国泰基金管理有限公司,中国建设银行股份有限公司,货币型ETF,,,428540000.0,241936,24196398,100.016,100.01156504199,0.016
2026-08-24,511620.SH,国泰瞬利货币A,20170907,,同期七天通知存款利率(税后),国泰基金管理有限公司,中国建设银行股份有限公司,货币型ETF,,,429930000.0,165310,16531815,100.006,100.00493013127,0.006
2026-08-25,511620.SH,国泰瞬利货币A,20170907,,同期七天通知存款利率(税后),国泰基金管理有限公司,中国建设银行股份有限公司,货币型ETF,,,430960000.0,102354,10235963,100.006,100.00550051781,0.006
