日期,代码,名称,上市日期,对标指数,benchmark,管理人,托管人,类别大类,类别细类,对标指数代码,规模,成交量,成交额,收盘价,VWAP,溢价率
2021-01-04,511920.SH,广发货币E,20160328,,税后活期存款利率:即(1-利息税率)*活期存款利率,广发基金管理有限公司,中国工商银行股份有限公司,货币型ETF,,,8850000.0,1700,170249,100.229,100.14647058824,0.229
2021-01-05,511920.SH,广发货币E,20160328,,税后活期存款利率:即(1-利息税率)*活期存款利率,广发基金管理有限公司,中国工商银行股份有限公司,货币型ETF,,,8910000.0,603,60295,99.997,99.991708126036,-0.003
2021-01-06,511920.SH,广发货币E,20160328,,税后活期存款利率:即(1-利息税率)*活期存款利率,广发基金管理有限公司,中国工商银行股份有限公司,货币型ETF,,,8910000.0,610,60999,99.998,99.998360655738,-0.002
2021-01-07,511920.SH,广发货币E,20160328,,税后活期存款利率:即(1-利息税率)*活期存款利率,广发基金管理有限公司,中国工商银行股份有限公司,货币型ETF,,,8910000.0,400,39994,100.001,99.985,0.001
2021-01-08,511920.SH,广发货币E,20160328,,税后活期存款利率:即(1-利息税率)*活期存款利率,广发基金管理有限公司,中国工商银行股份有限公司,货币型ETF,,,8910000.0,200,20000,100,100,0
2021-01-11,511920.SH,广发货币E,20160328,,税后活期存款利率:即(1-利息税率)*活期存款利率,广发基金管理有限公司,中国工商银行股份有限公司,货币型ETF,,,9930000.0,501,50116,99.992,100.03193612774,-0.008
2021-01-12,511920.SH,广发货币E,20160328,,税后活期存款利率:即(1-利息税率)*活期存款利率,广发基金管理有限公司,中国工商银行股份有限公司,货币型ETF,,,9940000.0,19996,1999491,100.004,99.994548909782,0.004
2021-01-13,511920.SH,广发货币E,20160328,,税后活期存款利率:即(1-利息税率)*活期存款利率,广发基金管理有限公司,中国工商银行股份有限公司,货币型ETF,,,9940000.0,3800,380220,100.085,100.05789473684,0.085
2021-01-14,511920.SH,广发货币E,20160328,,税后活期存款利率:即(1-利息税率)*活期存款利率,广发基金管理有限公司,中国工商银行股份有限公司,货币型ETF,,,9960000.0,14340,1434216,100.067,100.01506276151,0.067
2021-01-15,511920.SH,广发货币E,20160328,,税后活期存款利率:即(1-利息税率)*活期存款利率,广发基金管理有限公司,中国工商银行股份有限公司,货币型ETF,,,9960000.0,10320,1032166,100.069,100.01608527132,0.069
2021-01-18,511920.SH,广发货币E,20160328,,税后活期存款利率:即(1-利息税率)*活期存款利率,广发基金管理有限公司,中国工商银行股份有限公司,货币型ETF,,,10100000.0,1,100,100,100,0
2021-01-19,511920.SH,广发货币E,20160328,,税后活期存款利率:即(1-利息税率)*活期存款利率,广发基金管理有限公司,中国工商银行股份有限公司,货币型ETF,,,10450000.0,701,70145,100.003,100.06419400856,0.003
2021-01-20,511920.SH,广发货币E,20160328,,税后活期存款利率:即(1-利息税率)*活期存款利率,广发基金管理有限公司,中国工商银行股份有限公司,货币型ETF,,,10600000.0,5020,502025,100.001,100.00498007968,0.001
2021-01-21,511920.SH,广发货币E,20160328,,税后活期存款利率:即(1-利息税率)*活期存款利率,广发基金管理有限公司,中国工商银行股份有限公司,货币型ETF,,,10500000.0,3142,314211,100,100.00350095481,0
2021-01-22,511920.SH,广发货币E,20160328,,税后活期存款利率:即(1-利息税率)*活期存款利率,广发基金管理有限公司,中国工商银行股份有限公司,货币型ETF,,,10470000.0,5505,550581,100.014,100.01471389646,0.014
2021-01-25,511920.SH,广发货币E,20160328,,税后活期存款利率:即(1-利息税率)*活期存款利率,广发基金管理有限公司,中国工商银行股份有限公司,货币型ETF,,,10470000.0,7647,764808,99.999,100.01412318556,-0.001
2021-01-26,511920.SH,广发货币E,20160328,,税后活期存款利率:即(1-利息税率)*活期存款利率,广发基金管理有限公司,中国工商银行股份有限公司,货币型ETF,,,10460000.0,7157,715713,99.98,100.00181640352,-0.02
2021-01-27,511920.SH,广发货币E,20160328,,税后活期存款利率:即(1-利息税率)*活期存款利率,广发基金管理有限公司,中国工商银行股份有限公司,货币型ETF,,,10430000.0,1900,190005,100.005,100.00263157895,0.005
2021-01-28,511920.SH,广发货币E,20160328,,税后活期存款利率:即(1-利息税率)*活期存款利率,广发基金管理有限公司,中国工商银行股份有限公司,货币型ETF,,,10420000.0,6500,649054,99.959,99.854461538462,-0.041
2021-01-29,511920.SH,广发货币E,20160328,,税后活期存款利率:即(1-利息税率)*活期存款利率,广发基金管理有限公司,中国工商银行股份有限公司,货币型ETF,,,10410000.0,7975,797506,100.02,100.0007523511,0.02
2021-02-01,511920.SH,广发货币E,20160328,,税后活期存款利率:即(1-利息税率)*活期存款利率,广发基金管理有限公司,中国工商银行股份有限公司,货币型ETF,,,10470000.0,4900,490001,100.01,100.00020408163,0.01
2021-02-02,511920.SH,广发货币E,20160328,,税后活期存款利率:即(1-利息税率)*活期存款利率,广发基金管理有限公司,中国工商银行股份有限公司,货币型ETF,,,10550000.0,1003,100269,99.701,99.969092721834,-0.299
2021-02-03,511920.SH,广发货币E,20160328,,税后活期存款利率:即(1-利息税率)*活期存款利率,广发基金管理有限公司,中国工商银行股份有限公司,货币型ETF,,,10630000.0,1800,180012,100.002,100.00666666667,0.002
2021-02-04,511920.SH,广发货币E,20160328,,税后活期存款利率:即(1-利息税率)*活期存款利率,广发基金管理有限公司,中国工商银行股份有限公司,货币型ETF,,,10630000.0,946,94602,100,100.0021141649,0
2021-02-05,511920.SH,广发货币E,20160328,,税后活期存款利率:即(1-利息税率)*活期存款利率,广发基金管理有限公司,中国工商银行股份有限公司,货币型ETF,,,11100000.0,1639,163966,100.083,100.04026845638,0.083
2021-02-08,511920.SH,广发货币E,20160328,,税后活期存款利率:即(1-利息税率)*活期存款利率,广发基金管理有限公司,中国工商银行股份有限公司,货币型ETF,,,11130000.0,1658,165830,100.004,100.01809408926,0.004
2021-02-09,511920.SH,广发货币E,20160328,,税后活期存款利率:即(1-利息税率)*活期存款利率,广发基金管理有限公司,中国工商银行股份有限公司,货币型ETF,,,10980000.0,3520,352168,100.074,100.04772727273,0.074
2021-02-10,511920.SH,广发货币E,20160328,,税后活期存款利率:即(1-利息税率)*活期存款利率,广发基金管理有限公司,中国工商银行股份有限公司,货币型ETF,,,11290000.0,28269,2829083,100.15,100.07722239909,0.15
2021-02-18,511920.SH,广发货币E,20160328,,税后活期存款利率:即(1-利息税率)*活期存款利率,广发基金管理有限公司,中国工商银行股份有限公司,货币型ETF,,,11400000.0,3989,398939,100,100.00977688644,0
2021-02-19,511920.SH,广发货币E,20160328,,税后活期存款利率:即(1-利息税率)*活期存款利率,广发基金管理有限公司,中国工商银行股份有限公司,货币型ETF,,,12000000.0,12830,1283824,100.089,100.06422447389,0.089
2021-02-22,511920.SH,广发货币E,20160328,,税后活期存款利率:即(1-利息税率)*活期存款利率,广发基金管理有限公司,中国工商银行股份有限公司,货币型ETF,,,12210000.0,5924,592539,100.063,100.02346387576,0.063
2021-02-23,511920.SH,广发货币E,20160328,,税后活期存款利率:即(1-利息税率)*活期存款利率,广发基金管理有限公司,中国工商银行股份有限公司,货币型ETF,,,12080000.0,8652,865338,100.004,100.01595006935,0.004
2021-02-24,511920.SH,广发货币E,20160328,,税后活期存款利率:即(1-利息税率)*活期存款利率,广发基金管理有限公司,中国工商银行股份有限公司,货币型ETF,,,12550000.0,7143,714453,100.003,100.02141957161,0.003
2021-02-25,511920.SH,广发货币E,20160328,,税后活期存款利率:即(1-利息税率)*活期存款利率,广发基金管理有限公司,中国工商银行股份有限公司,货币型ETF,,,12750000.0,8644,864849,100.033,100.05194354466,0.033
2021-02-26,511920.SH,广发货币E,20160328,,税后活期存款利率:即(1-利息税率)*活期存款利率,广发基金管理有限公司,中国工商银行股份有限公司,货币型ETF,,,12900000.0,6002,602440,100.048,100.37320893036,0.048
2021-03-01,511920.SH,广发货币E,20160328,,税后活期存款利率:即(1-利息税率)*活期存款利率,广发基金管理有限公司,中国工商银行股份有限公司,货币型ETF,,,13340000.0,602,60210,100.007,100.01661129568,0.007
2021-03-02,511920.SH,广发货币E,20160328,,税后活期存款利率:即(1-利息税率)*活期存款利率,广发基金管理有限公司,中国工商银行股份有限公司,货币型ETF,,,13840000.0,5715,571755,100.007,100.04461942257,0.007
2021-03-03,511920.SH,广发货币E,20160328,,税后活期存款利率:即(1-利息税率)*活期存款利率,广发基金管理有限公司,中国工商银行股份有限公司,货币型ETF,,,14190000.0,4450,445085,100.01,100.0191011236,0.01
2021-03-04,511920.SH,广发货币E,20160328,,税后活期存款利率:即(1-利息税率)*活期存款利率,广发基金管理有限公司,中国工商银行股份有限公司,货币型ETF,,,14180000.0,1552,155246,100.008,100.02963917526,0.008
2021-03-05,511920.SH,广发货币E,20160328,,税后活期存款利率:即(1-利息税率)*活期存款利率,广发基金管理有限公司,中国工商银行股份有限公司,货币型ETF,,,14950000.0,4731,473135,100.011,100.00739801311,0.011
2021-03-08,511920.SH,广发货币E,20160328,,税后活期存款利率:即(1-利息税率)*活期存款利率,广发基金管理有限公司,中国工商银行股份有限公司,货币型ETF,,,15210000.0,28425,2842575,100.002,100.00263852243,0.002
2021-03-09,511920.SH,广发货币E,20160328,,税后活期存款利率:即(1-利息税率)*活期存款利率,广发基金管理有限公司,中国工商银行股份有限公司,货币型ETF,,,15240000.0,16483,1648139,99.998,99.990232360614,-0.002
2021-03-10,511920.SH,广发货币E,20160328,,税后活期存款利率:即(1-利息税率)*活期存款利率,广发基金管理有限公司,中国工商银行股份有限公司,货币型ETF,,,14930000.0,22692,2269074,100,99.994447382337,0
2021-03-11,511920.SH,广发货币E,20160328,,税后活期存款利率:即(1-利息税率)*活期存款利率,广发基金管理有限公司,中国工商银行股份有限公司,货币型ETF,,,14900000.0,1910,191016,100.018,100.00837696335,0.018
2021-03-12,511920.SH,广发货币E,20160328,,税后活期存款利率:即(1-利息税率)*活期存款利率,广发基金管理有限公司,中国工商银行股份有限公司,货币型ETF,,,15110000.0,3534,353415,100.001,100.00424448217,0.001
2021-03-15,511920.SH,广发货币E,20160328,,税后活期存款利率:即(1-利息税率)*活期存款利率,广发基金管理有限公司,中国工商银行股份有限公司,货币型ETF,,,15120000.0,4632,463200,99.999,100,-0.001
2021-03-16,511920.SH,广发货币E,20160328,,税后活期存款利率:即(1-利息税率)*活期存款利率,广发基金管理有限公司,中国工商银行股份有限公司,货币型ETF,,,15110000.0,9042,904161,100.004,99.995686794957,0.004
2021-03-17,511920.SH,广发货币E,20160328,,税后活期存款利率:即(1-利息税率)*活期存款利率,广发基金管理有限公司,中国工商银行股份有限公司,货币型ETF,,,15090000.0,10833,1082946,100,99.967322071448,0
2021-03-18,511920.SH,广发货币E,20160328,,税后活期存款利率:即(1-利息税率)*活期存款利率,广发基金管理有限公司,中国工商银行股份有限公司,货币型ETF,,,15090000.0,2321,232100,100,100,0
2021-03-19,511920.SH,广发货币E,20160328,,税后活期存款利率:即(1-利息税率)*活期存款利率,广发基金管理有限公司,中国工商银行股份有限公司,货币型ETF,,,15020000.0,2503,250337,100.017,100.01478226129,0.017
2021-03-22,511920.SH,广发货币E,20160328,,税后活期存款利率:即(1-利息税率)*活期存款利率,广发基金管理有限公司,中国工商银行股份有限公司,货币型ETF,,,15020000.0,3120,312033,100.013,100.01057692308,0.013
2021-03-23,511920.SH,广发货币E,20160328,,税后活期存款利率:即(1-利息税率)*活期存款利率,广发基金管理有限公司,中国工商银行股份有限公司,货币型ETF,,,14570000.0,100,10000,100.001,100,0.001
2021-03-24,511920.SH,广发货币E,20160328,,税后活期存款利率:即(1-利息税率)*活期存款利率,广发基金管理有限公司,中国工商银行股份有限公司,货币型ETF,,,14570000.0,3224,322387,99.999,99.995967741935,-0.001
2021-03-25,511920.SH,广发货币E,20160328,,税后活期存款利率:即(1-利息税率)*活期存款利率,广发基金管理有限公司,中国工商银行股份有限公司,货币型ETF,,,15070000.0,801,80093,99.985,99.991260923845,-0.015
2021-03-26,511920.SH,广发货币E,20160328,,税后活期存款利率:即(1-利息税率)*活期存款利率,广发基金管理有限公司,中国工商银行股份有限公司,货币型ETF,,,15070000.0,1688,168810,100,100.00592417062,0
2021-03-29,511920.SH,广发货币E,20160328,,税后活期存款利率:即(1-利息税率)*活期存款利率,广发基金管理有限公司,中国工商银行股份有限公司,货币型ETF,,,15080000.0,3828,382742,99.995,99.984848484848,-0.005
2021-03-30,511920.SH,广发货币E,20160328,,税后活期存款利率:即(1-利息税率)*活期存款利率,广发基金管理有限公司,中国工商银行股份有限公司,货币型ETF,,,14740000.0,3404,340336,99.971,99.981198589894,-0.029
2021-03-31,511920.SH,广发货币E,20160328,,税后活期存款利率:即(1-利息税率)*活期存款利率,广发基金管理有限公司,中国工商银行股份有限公司,货币型ETF,,,14580000.0,5671,567054,100,99.99188855581,0
2021-04-01,511920.SH,广发货币E,20160328,,税后活期存款利率:即(1-利息税率)*活期存款利率,广发基金管理有限公司,中国工商银行股份有限公司,货币型ETF,,,14580000.0,4513,451256,99.996,99.990250387769,-0.004
2021-04-02,511920.SH,广发货币E,20160328,,税后活期存款利率:即(1-利息税率)*活期存款利率,广发基金管理有限公司,中国工商银行股份有限公司,货币型ETF,,,14590000.0,17630,1763260,100.02,100.01474758934,0.02
2021-04-06,511920.SH,广发货币E,20160328,,税后活期存款利率:即(1-利息税率)*活期存款利率,广发基金管理有限公司,中国工商银行股份有限公司,货币型ETF,,,14580000.0,7602,760283,100,100.01091817943,0
2021-04-07,511920.SH,广发货币E,20160328,,税后活期存款利率:即(1-利息税率)*活期存款利率,广发基金管理有限公司,中国工商银行股份有限公司,货币型ETF,,,14430000.0,1900,190000,100,100,0
2021-04-08,511920.SH,广发货币E,20160328,,税后活期存款利率:即(1-利息税率)*活期存款利率,广发基金管理有限公司,中国工商银行股份有限公司,货币型ETF,,,14420000.0,3650,365008,100.008,100.00219178082,0.008
2021-04-09,511920.SH,广发货币E,20160328,,税后活期存款利率:即(1-利息税率)*活期存款利率,广发基金管理有限公司,中国工商银行股份有限公司,货币型ETF,,,14420000.0,2699,269926,100.016,100.00963319748,0.016
2021-04-12,511920.SH,广发货币E,20160328,,税后活期存款利率:即(1-利息税率)*活期存款利率,广发基金管理有限公司,中国工商银行股份有限公司,货币型ETF,,,14420000.0,2900,290008,100.013,100.00275862069,0.013
2021-04-13,511920.SH,广发货币E,20160328,,税后活期存款利率:即(1-利息税率)*活期存款利率,广发基金管理有限公司,中国工商银行股份有限公司,货币型ETF,,,14420000.0,800,80005,100.001,100.00625,0.001
2021-04-14,511920.SH,广发货币E,20160328,,税后活期存款利率:即(1-利息税率)*活期存款利率,广发基金管理有限公司,中国工商银行股份有限公司,货币型ETF,,,14430000.0,1146,114602,100.002,100.0017452007,0.002
2021-04-15,511920.SH,广发货币E,20160328,,税后活期存款利率:即(1-利息税率)*活期存款利率,广发基金管理有限公司,中国工商银行股份有限公司,货币型ETF,,,14430000.0,1802,180202,99.994,100.00110987791,-0.006
2021-04-16,511920.SH,广发货币E,20160328,,税后活期存款利率:即(1-利息税率)*活期存款利率,广发基金管理有限公司,中国工商银行股份有限公司,货币型ETF,,,14440000.0,3100,310027,100.015,100.00870967742,0.015
2021-04-19,511920.SH,广发货币E,20160328,,税后活期存款利率:即(1-利息税率)*活期存款利率,广发基金管理有限公司,中国工商银行股份有限公司,货币型ETF,,,14440000.0,5300,529980,99.993,99.996226415094,-0.007
2021-04-20,511920.SH,广发货币E,20160328,,税后活期存款利率:即(1-利息税率)*活期存款利率,广发基金管理有限公司,中国工商银行股份有限公司,货币型ETF,,,14440000.0,10912,1091160,100.005,99.99633431085,0.005
2021-04-21,511920.SH,广发货币E,20160328,,税后活期存款利率:即(1-利息税率)*活期存款利率,广发基金管理有限公司,中国工商银行股份有限公司,货币型ETF,,,14440000.0,911,91102,100,100.00219538968,0
2021-04-22,511920.SH,广发货币E,20160328,,税后活期存款利率:即(1-利息税率)*活期存款利率,广发基金管理有限公司,中国工商银行股份有限公司,货币型ETF,,,14440000.0,439,43899,100.004,99.997722095672,0.004
2021-04-23,511920.SH,广发货币E,20160328,,税后活期存款利率:即(1-利息税率)*活期存款利率,广发基金管理有限公司,中国工商银行股份有限公司,货币型ETF,,,14450000.0,3601,360124,100.011,100.00666481533,0.011
2021-04-26,511920.SH,广发货币E,20160328,,税后活期存款利率:即(1-利息税率)*活期存款利率,广发基金管理有限公司,中国工商银行股份有限公司,货币型ETF,,,14450000.0,3800,379977,99.997,99.993947368421,-0.003
2021-04-27,511920.SH,广发货币E,20160328,,税后活期存款利率:即(1-利息税率)*活期存款利率,广发基金管理有限公司,中国工商银行股份有限公司,货币型ETF,,,14440000.0,1400,139990,99.993,99.992857142857,-0.007
2021-04-28,511920.SH,广发货币E,20160328,,税后活期存款利率:即(1-利息税率)*活期存款利率,广发基金管理有限公司,中国工商银行股份有限公司,货币型ETF,,,14330000.0,3053,305290,99.999,99.996724533246,-0.001
2021-04-29,511920.SH,广发货币E,20160328,,税后活期存款利率:即(1-利息税率)*活期存款利率,广发基金管理有限公司,中国工商银行股份有限公司,货币型ETF,,,14210000.0,2700,269998,100.004,99.999259259259,0.004
2021-04-30,511920.SH,广发货币E,20160328,,税后活期存款利率:即(1-利息税率)*活期存款利率,广发基金管理有限公司,中国工商银行股份有限公司,货币型ETF,,,14230000.0,13167,1317054,100.047,100.02688539531,0.047
2021-05-06,511920.SH,广发货币E,20160328,,税后活期存款利率:即(1-利息税率)*活期存款利率,广发基金管理有限公司,中国工商银行股份有限公司,货币型ETF,,,14600000.0,9782,978233,99.995,100.00337354324,-0.005
2021-05-07,511920.SH,广发货币E,20160328,,税后活期存款利率:即(1-利息税率)*活期存款利率,广发基金管理有限公司,中国工商银行股份有限公司,货币型ETF,,,14600000.0,1611,161103,100.014,100.00186219739,0.014
2021-05-10,511920.SH,广发货币E,20160328,,税后活期存款利率:即(1-利息税率)*活期存款利率,广发基金管理有限公司,中国工商银行股份有限公司,货币型ETF,,,14300000.0,758,75799,99.993,99.998680738786,-0.007
2021-05-11,511920.SH,广发货币E,20160328,,税后活期存款利率:即(1-利息税率)*活期存款利率,广发基金管理有限公司,中国工商银行股份有限公司,货币型ETF,,,14320000.0,2801,280102,99.998,100.0007140307,-0.002
2021-05-12,511920.SH,广发货币E,20160328,,税后活期存款利率:即(1-利息税率)*活期存款利率,广发基金管理有限公司,中国工商银行股份有限公司,货币型ETF,,,14320000.0,3703,370320,100.004,100.00540102619,0.004
2021-05-13,511920.SH,广发货币E,20160328,,税后活期存款利率:即(1-利息税率)*活期存款利率,广发基金管理有限公司,中国工商银行股份有限公司,货币型ETF,,,14320000.0,2600,259985,100,99.994230769231,0
2021-05-14,511920.SH,广发货币E,20160328,,税后活期存款利率:即(1-利息税率)*活期存款利率,广发基金管理有限公司,中国工商银行股份有限公司,货币型ETF,,,14320000.0,8162,816219,100,100.00232786082,0
2021-05-17,511920.SH,广发货币E,20160328,,税后活期存款利率:即(1-利息税率)*活期存款利率,广发基金管理有限公司,中国工商银行股份有限公司,货币型ETF,,,14320000.0,1200,119985,99.993,99.9875,-0.007
2021-05-18,511920.SH,广发货币E,20160328,,税后活期存款利率:即(1-利息税率)*活期存款利率,广发基金管理有限公司,中国工商银行股份有限公司,货币型ETF,,,14260000.0,7601,760083,100,99.997763452177,0
2021-05-19,511920.SH,广发货币E,20160328,,税后活期存款利率:即(1-利息税率)*活期存款利率,广发基金管理有限公司,中国工商银行股份有限公司,货币型ETF,,,14290000.0,6407,640672,99.998,99.995629779928,-0.002
2021-05-20,511920.SH,广发货币E,20160328,,税后活期存款利率:即(1-利息税率)*活期存款利率,广发基金管理有限公司,中国工商银行股份有限公司,货币型ETF,,,14300000.0,2201,220088,99.996,99.994547932758,-0.004
2021-05-21,511920.SH,广发货币E,20160328,,税后活期存款利率:即(1-利息税率)*活期存款利率,广发基金管理有限公司,中国工商银行股份有限公司,货币型ETF,,,14310000.0,5703,570302,100.002,100.00035069262,0.002
2021-05-24,511920.SH,广发货币E,20160328,,税后活期存款利率:即(1-利息税率)*活期存款利率,广发基金管理有限公司,中国工商银行股份有限公司,货币型ETF,,,14660000.0,6502,649673,99.92,99.918948015995,-0.08
2021-05-25,511920.SH,广发货币E,20160328,,税后活期存款利率:即(1-利息税率)*活期存款利率,广发基金管理有限公司,中国工商银行股份有限公司,货币型ETF,,,14660000.0,3700,369958,99.995,99.988648648649,-0.005
2021-05-26,511920.SH,广发货币E,20160328,,税后活期存款利率:即(1-利息税率)*活期存款利率,广发基金管理有限公司,中国工商银行股份有限公司,货币型ETF,,,14570000.0,2101,210086,99.998,99.993336506426,-0.002
2021-05-27,511920.SH,广发货币E,20160328,,税后活期存款利率:即(1-利息税率)*活期存款利率,广发基金管理有限公司,中国工商银行股份有限公司,货币型ETF,,,14570000.0,4583,458241,99.972,99.987126336461,-0.028
2021-05-28,511920.SH,广发货币E,20160328,,税后活期存款利率:即(1-利息税率)*活期存款利率,广发基金管理有限公司,中国工商银行股份有限公司,货币型ETF,,,14550000.0,4000,399989,100.006,99.99725,0.006
2021-05-31,511920.SH,广发货币E,20160328,,税后活期存款利率:即(1-利息税率)*活期存款利率,广发基金管理有限公司,中国工商银行股份有限公司,货币型ETF,,,14510000.0,4700,469903,99.98,99.979361702128,-0.02
2021-06-01,511920.SH,广发货币E,20160328,,税后活期存款利率:即(1-利息税率)*活期存款利率,广发基金管理有限公司,中国工商银行股份有限公司,货币型ETF,,,14270000.0,4852,485137,99.993,99.987015663644,-0.007
2021-06-02,511920.SH,广发货币E,20160328,,税后活期存款利率:即(1-利息税率)*活期存款利率,广发基金管理有限公司,中国工商银行股份有限公司,货币型ETF,,,14100000.0,1103,110289,99.989,99.990027198549,-0.011
2021-06-03,511920.SH,广发货币E,20160328,,税后活期存款利率:即(1-利息税率)*活期存款利率,广发基金管理有限公司,中国工商银行股份有限公司,货币型ETF,,,13970000.0,3946,394581,99.998,99.995184997466,-0.002
2021-06-04,511920.SH,广发货币E,20160328,,税后活期存款利率:即(1-利息税率)*活期存款利率,广发基金管理有限公司,中国工商银行股份有限公司,货币型ETF,,,14020000.0,5308,530815,100.006,100.00282592313,0.006
2021-06-07,511920.SH,广发货币E,20160328,,税后活期存款利率:即(1-利息税率)*活期存款利率,广发基金管理有限公司,中国工商银行股份有限公司,货币型ETF,,,14080000.0,4407,440684,99.997,99.996369412299,-0.003
2021-06-08,511920.SH,广发货币E,20160328,,税后活期存款利率:即(1-利息税率)*活期存款利率,广发基金管理有限公司,中国工商银行股份有限公司,货币型ETF,,,14080000.0,1500,149986,99.996,99.990666666667,-0.004
2021-06-09,511920.SH,广发货币E,20160328,,税后活期存款利率:即(1-利息税率)*活期存款利率,广发基金管理有限公司,中国工商银行股份有限公司,货币型ETF,,,14080000.0,2325,232477,99.99,99.990107526882,-0.01
2021-06-10,511920.SH,广发货币E,20160328,,税后活期存款利率:即(1-利息税率)*活期存款利率,广发基金管理有限公司,中国工商银行股份有限公司,货币型ETF,,,14080000.0,1069,106885,99.991,99.985968194574,-0.009
2021-06-11,511920.SH,广发货币E,20160328,,税后活期存款利率:即(1-利息税率)*活期存款利率,广发基金管理有限公司,中国工商银行股份有限公司,货币型ETF,,,14090000.0,14049,1404928,100.011,100.00199302441,0.011
2021-06-15,511920.SH,广发货币E,20160328,,税后活期存款利率:即(1-利息税率)*活期存款利率,广发基金管理有限公司,中国工商银行股份有限公司,货币型ETF,,,14090000.0,1400,139990,99.996,99.992857142857,-0.004
2021-06-16,511920.SH,广发货币E,20160328,,税后活期存款利率:即(1-利息税率)*活期存款利率,广发基金管理有限公司,中国工商银行股份有限公司,货币型ETF,,,14090000.0,8183,818223,99.995,99.990590248075,-0.005
2021-06-17,511920.SH,广发货币E,20160328,,税后活期存款利率:即(1-利息税率)*活期存款利率,广发基金管理有限公司,中国工商银行股份有限公司,货币型ETF,,,14320000.0,2008,200766,99.995,99.983067729084,-0.005
2021-06-18,511920.SH,广发货币E,20160328,,税后活期存款利率:即(1-利息税率)*活期存款利率,广发基金管理有限公司,中国工商银行股份有限公司,货币型ETF,,,14330000.0,3958,395791,100.009,99.997726124305,0.009
2021-06-21,511920.SH,广发货币E,20160328,,税后活期存款利率:即(1-利息税率)*活期存款利率,广发基金管理有限公司,中国工商银行股份有限公司,货币型ETF,,,14330000.0,14502,1450037,99.995,99.988760171011,-0.005
2021-06-22,511920.SH,广发货币E,20160328,,税后活期存款利率:即(1-利息税率)*活期存款利率,广发基金管理有限公司,中国工商银行股份有限公司,货币型ETF,,,14190000.0,100,9999,99.994,99.99,-0.006
2021-06-23,511920.SH,广发货币E,20160328,,税后活期存款利率:即(1-利息税率)*活期存款利率,广发基金管理有限公司,中国工商银行股份有限公司,货币型ETF,,,13980000.0,400,39995,99.985,99.9875,-0.015
2021-06-24,511920.SH,广发货币E,20160328,,税后活期存款利率:即(1-利息税率)*活期存款利率,广发基金管理有限公司,中国工商银行股份有限公司,货币型ETF,,,13970000.0,468,46795,99.994,99.989316239316,-0.006
2021-06-25,511920.SH,广发货币E,20160328,,税后活期存款利率:即(1-利息税率)*活期存款利率,广发基金管理有限公司,中国工商银行股份有限公司,货币型ETF,,,13980000.0,8121,812104,100.004,100.00049255018,0.004
2021-06-28,511920.SH,广发货币E,20160328,,税后活期存款利率:即(1-利息税率)*活期存款利率,广发基金管理有限公司,中国工商银行股份有限公司,货币型ETF,,,13980000.0,2108,210763,99.986,99.982447817837,-0.014
2021-06-29,511920.SH,广发货币E,20160328,,税后活期存款利率:即(1-利息税率)*活期存款利率,广发基金管理有限公司,中国工商银行股份有限公司,货币型ETF,,,13360000.0,300,29997,99.993,99.99,-0.007
2021-06-30,511920.SH,广发货币E,20160328,,税后活期存款利率:即(1-利息税率)*活期存款利率,广发基金管理有限公司,中国工商银行股份有限公司,货币型ETF,,,13360000.0,3707,370664,99.998,99.990288643108,-0.002
2021-07-01,511920.SH,广发货币E,20160328,,税后活期存款利率:即(1-利息税率)*活期存款利率,广发基金管理有限公司,中国工商银行股份有限公司,货币型ETF,,,13360000.0,5204,520347,99.996,99.989815526518,-0.004
2021-07-02,511920.SH,广发货币E,20160328,,税后活期存款利率:即(1-利息税率)*活期存款利率,广发基金管理有限公司,中国工商银行股份有限公司,货币型ETF,,,13370000.0,4404,440411,100.013,100.00249772934,0.013
2021-07-05,511920.SH,广发货币E,20160328,,税后活期存款利率:即(1-利息税率)*活期存款利率,广发基金管理有限公司,中国工商银行股份有限公司,货币型ETF,,,13370000.0,2500,250013,100.004,100.0052,0.004
2021-07-06,511920.SH,广发货币E,20160328,,税后活期存款利率:即(1-利息税率)*活期存款利率,广发基金管理有限公司,中国工商银行股份有限公司,货币型ETF,,,13370000.0,1400,139994,100.001,99.995714285714,0.001
2021-07-07,511920.SH,广发货币E,20160328,,税后活期存款利率:即(1-利息税率)*活期存款利率,广发基金管理有限公司,中国工商银行股份有限公司,货币型ETF,,,13370000.0,600,59996,99.991,99.993333333333,-0.009
2021-07-08,511920.SH,广发货币E,20160328,,税后活期存款利率:即(1-利息税率)*活期存款利率,广发基金管理有限公司,中国工商银行股份有限公司,货币型ETF,,,13370000.0,3103,310260,99.998,99.987109249114,-0.002
2021-07-09,511920.SH,广发货币E,20160328,,税后活期存款利率:即(1-利息税率)*活期存款利率,广发基金管理有限公司,中国工商银行股份有限公司,货币型ETF,,,13290000.0,2325,232506,100.004,100.00258064516,0.004
2021-07-12,511920.SH,广发货币E,20160328,,税后活期存款利率:即(1-利息税率)*活期存款利率,广发基金管理有限公司,中国工商银行股份有限公司,货币型ETF,,,13280000.0,1314,131397,99.999,99.997716894977,-0.001
2021-07-13,511920.SH,广发货币E,20160328,,税后活期存款利率:即(1-利息税率)*活期存款利率,广发基金管理有限公司,中国工商银行股份有限公司,货币型ETF,,,13290000.0,1200,119993,100,99.994166666667,0
2021-07-14,511920.SH,广发货币E,20160328,,税后活期存款利率:即(1-利息税率)*活期存款利率,广发基金管理有限公司,中国工商银行股份有限公司,货币型ETF,,,13290000.0,200,19992,99.959,99.96,-0.041
2021-07-15,511920.SH,广发货币E,20160328,,税后活期存款利率:即(1-利息税率)*活期存款利率,广发基金管理有限公司,中国工商银行股份有限公司,货币型ETF,,,13250000.0,1567,156692,100,99.994894703255,0
2021-07-16,511920.SH,广发货币E,20160328,,税后活期存款利率:即(1-利息税率)*活期存款利率,广发基金管理有限公司,中国工商银行股份有限公司,货币型ETF,,,13300000.0,3517,351719,100.011,100.00540233153,0.011
2021-07-19,511920.SH,广发货币E,20160328,,税后活期存款利率:即(1-利息税率)*活期存款利率,广发基金管理有限公司,中国工商银行股份有限公司,货币型ETF,,,13300000.0,401,40094,99.999,99.985037406484,-0.001
2021-07-20,511920.SH,广发货币E,20160328,,税后活期存款利率:即(1-利息税率)*活期存款利率,广发基金管理有限公司,中国工商银行股份有限公司,货币型ETF,,,13300000.0,1500,149992,99.999,99.994666666667,-0.001
2021-07-21,511920.SH,广发货币E,20160328,,税后活期存款利率:即(1-利息税率)*活期存款利率,广发基金管理有限公司,中国工商银行股份有限公司,货币型ETF,,,13300000.0,2872,287180,99.998,99.993036211699,-0.002
2021-07-22,511920.SH,广发货币E,20160328,,税后活期存款利率:即(1-利息税率)*活期存款利率,广发基金管理有限公司,中国工商银行股份有限公司,货币型ETF,,,13150000.0,600,59997,99.995,99.995,-0.005
2021-07-23,511920.SH,广发货币E,20160328,,税后活期存款利率:即(1-利息税率)*活期存款利率,广发基金管理有限公司,中国工商银行股份有限公司,货币型ETF,,,13150000.0,6100,610025,100.009,100.00409836066,0.009
2021-07-26,511920.SH,广发货币E,20160328,,税后活期存款利率:即(1-利息税率)*活期存款利率,广发基金管理有限公司,中国工商银行股份有限公司,货币型ETF,,,13150000.0,4301,430045,99.994,99.987212276215,-0.006
2021-07-27,511920.SH,广发货币E,20160328,,税后活期存款利率:即(1-利息税率)*活期存款利率,广发基金管理有限公司,中国工商银行股份有限公司,货币型ETF,,,13130000.0,2001,200070,99.995,99.985007496252,-0.005
2021-07-28,511920.SH,广发货币E,20160328,,税后活期存款利率:即(1-利息税率)*活期存款利率,广发基金管理有限公司,中国工商银行股份有限公司,货币型ETF,,,12940000.0,9222,922010,99.983,99.979397093906,-0.017
2021-07-29,511920.SH,广发货币E,20160328,,税后活期存款利率:即(1-利息税率)*活期存款利率,广发基金管理有限公司,中国工商银行股份有限公司,货币型ETF,,,12780000.0,400,39993,99.983,99.9825,-0.017
2021-07-30,511920.SH,广发货币E,20160328,,税后活期存款利率:即(1-利息税率)*活期存款利率,广发基金管理有限公司,中国工商银行股份有限公司,货币型ETF,,,12770000.0,3502,350198,100.005,99.999428897773,0.005
2021-08-02,511920.SH,广发货币E,20160328,,税后活期存款利率:即(1-利息税率)*活期存款利率,广发基金管理有限公司,中国工商银行股份有限公司,货币型ETF,,,12580000.0,1101,110100,100.005,100,0.005
2021-08-03,511920.SH,广发货币E,20160328,,税后活期存款利率:即(1-利息税率)*活期存款利率,广发基金管理有限公司,中国工商银行股份有限公司,货币型ETF,,,12560000.0,1404,140401,100.017,100.00071225071,0.017
2021-08-04,511920.SH,广发货币E,20160328,,税后活期存款利率:即(1-利息税率)*活期存款利率,广发基金管理有限公司,中国工商银行股份有限公司,货币型ETF,,,12560000.0,600,59994,99.997,99.99,-0.003
2021-08-05,511920.SH,广发货币E,20160328,,税后活期存款利率:即(1-利息税率)*活期存款利率,广发基金管理有限公司,中国工商银行股份有限公司,货币型ETF,,,12560000.0,302,30201,100.009,100.00331125828,0.009
2021-08-06,511920.SH,广发货币E,20160328,,税后活期存款利率:即(1-利息税率)*活期存款利率,广发基金管理有限公司,中国工商银行股份有限公司,货币型ETF,,,12560000.0,1408,140818,100.018,100.01278409091,0.018
2021-08-09,511920.SH,广发货币E,20160328,,税后活期存款利率:即(1-利息税率)*活期存款利率,广发基金管理有限公司,中国工商银行股份有限公司,货币型ETF,,,12570000.0,2602,260213,99.981,100.0049961568,-0.019
2021-08-10,511920.SH,广发货币E,20160328,,税后活期存款利率:即(1-利息税率)*活期存款利率,广发基金管理有限公司,中国工商银行股份有限公司,货币型ETF,,,12570000.0,3636,363623,100.007,100.00632563256,0.007
2021-08-11,511920.SH,广发货币E,20160328,,税后活期存款利率:即(1-利息税率)*活期存款利率,广发基金管理有限公司,中国工商银行股份有限公司,货币型ETF,,,12570000.0,2114,211400,99.998,100,-0.002
2021-08-12,511920.SH,广发货币E,20160328,,税后活期存款利率:即(1-利息税率)*活期存款利率,广发基金管理有限公司,中国工商银行股份有限公司,货币型ETF,,,12600000.0,,,99.998,99.998,-0.002
2021-08-13,511920.SH,广发货币E,20160328,,税后活期存款利率:即(1-利息税率)*活期存款利率,广发基金管理有限公司,中国工商银行股份有限公司,货币型ETF,,,12600000.0,994,99410,100.008,100.01006036217,0.008
2021-08-16,511920.SH,广发货币E,20160328,,税后活期存款利率:即(1-利息税率)*活期存款利率,广发基金管理有限公司,中国工商银行股份有限公司,货币型ETF,,,12650000.0,3586,358574,100,99.992749581707,0
2021-08-17,511920.SH,广发货币E,20160328,,税后活期存款利率:即(1-利息税率)*活期存款利率,广发基金管理有限公司,中国工商银行股份有限公司,货币型ETF,,,12640000.0,1002,100195,99.995,99.99500998004,-0.005
2021-08-18,511920.SH,广发货币E,20160328,,税后活期存款利率:即(1-利息税率)*活期存款利率,广发基金管理有限公司,中国工商银行股份有限公司,货币型ETF,,,12640000.0,600,59996,99.993,99.993333333333,-0.007
2021-08-19,511920.SH,广发货币E,20160328,,税后活期存款利率:即(1-利息税率)*活期存款利率,广发基金管理有限公司,中国工商银行股份有限公司,货币型ETF,,,12670000.0,302,30201,100.007,100.00331125828,0.007
2021-08-20,511920.SH,广发货币E,20160328,,税后活期存款利率:即(1-利息税率)*活期存款利率,广发基金管理有限公司,中国工商银行股份有限公司,货币型ETF,,,12670000.0,801,80099,100.005,99.998751560549,0.005
2021-08-23,511920.SH,广发货币E,20160328,,税后活期存款利率:即(1-利息税率)*活期存款利率,广发基金管理有限公司,中国工商银行股份有限公司,货币型ETF,,,12690000.0,1396,139584,99.989,99.988538681948,-0.011
2021-08-24,511920.SH,广发货币E,20160328,,税后活期存款利率:即(1-利息税率)*活期存款利率,广发基金管理有限公司,中国工商银行股份有限公司,货币型ETF,,,12670000.0,4825,482308,99.987,99.960207253886,-0.013
2021-08-25,511920.SH,广发货币E,20160328,,税后活期存款利率:即(1-利息税率)*活期存款利率,广发基金管理有限公司,中国工商银行股份有限公司,货币型ETF,,,12530000.0,201,20100,99.989,100,-0.011
2021-08-26,511920.SH,广发货币E,20160328,,税后活期存款利率:即(1-利息税率)*活期存款利率,广发基金管理有限公司,中国工商银行股份有限公司,货币型ETF,,,12480000.0,3200,319938,99.986,99.980625,-0.014
2021-08-27,511920.SH,广发货币E,20160328,,税后活期存款利率:即(1-利息税率)*活期存款利率,广发基金管理有限公司,中国工商银行股份有限公司,货币型ETF,,,12440000.0,3197,319698,100.001,99.999374413513,0.001
2021-08-30,511920.SH,广发货币E,20160328,,税后活期存款利率:即(1-利息税率)*活期存款利率,广发基金管理有限公司,中国工商银行股份有限公司,货币型ETF,,,12950000.0,302,30190,99.974,99.966887417219,-0.026
2021-08-31,511920.SH,广发货币E,20160328,,税后活期存款利率:即(1-利息税率)*活期存款利率,广发基金管理有限公司,中国工商银行股份有限公司,货币型ETF,,,12820000.0,12110,1210790,99.987,99.982658959538,-0.013
2021-09-01,511920.SH,广发货币E,20160328,,税后活期存款利率:即(1-利息税率)*活期存款利率,广发基金管理有限公司,中国工商银行股份有限公司,货币型ETF,,,12190000.0,2299,229880,99.994,99.991300565463,-0.006
2021-09-02,511920.SH,广发货币E,20160328,,税后活期存款利率:即(1-利息税率)*活期存款利率,广发基金管理有限公司,中国工商银行股份有限公司,货币型ETF,,,12100000.0,1100,109995,99.998,99.995454545455,-0.002
2021-09-03,511920.SH,广发货币E,20160328,,税后活期存款利率:即(1-利息税率)*活期存款利率,广发基金管理有限公司,中国工商银行股份有限公司,货币型ETF,,,12110000.0,2693,269304,100.006,100.00148533234,0.006
2021-09-06,511920.SH,广发货币E,20160328,,税后活期存款利率:即(1-利息税率)*活期存款利率,广发基金管理有限公司,中国工商银行股份有限公司,货币型ETF,,,12110000.0,7704,770365,99.998,99.995456905504,-0.002
2021-09-07,511920.SH,广发货币E,20160328,,税后活期存款利率:即(1-利息税率)*活期存款利率,广发基金管理有限公司,中国工商银行股份有限公司,货币型ETF,,,12880000.0,700,70000,99.999,100,-0.001
2021-09-08,511920.SH,广发货币E,20160328,,税后活期存款利率:即(1-利息税率)*活期存款利率,广发基金管理有限公司,中国工商银行股份有限公司,货币型ETF,,,12880000.0,2001,200090,99.99,99.995002498751,-0.01
2021-09-09,511920.SH,广发货币E,20160328,,税后活期存款利率:即(1-利息税率)*活期存款利率,广发基金管理有限公司,中国工商银行股份有限公司,货币型ETF,,,12880000.0,2949,294891,100,99.996948118006,0
2021-09-10,511920.SH,广发货币E,20160328,,税后活期存款利率:即(1-利息税率)*活期存款利率,广发基金管理有限公司,中国工商银行股份有限公司,货币型ETF,,,12880000.0,4000,400051,100,100.01275,0
2021-09-13,511920.SH,广发货币E,20160328,,税后活期存款利率:即(1-利息税率)*活期存款利率,广发基金管理有限公司,中国工商银行股份有限公司,货币型ETF,,,13880000.0,2750,275044,100.048,100.016,0.048
2021-09-14,511920.SH,广发货币E,20160328,,税后活期存款利率:即(1-利息税率)*活期存款利率,广发基金管理有限公司,中国工商银行股份有限公司,货币型ETF,,,13880000.0,2702,270234,100.013,100.01258327165,0.013
2021-09-15,511920.SH,广发货币E,20160328,,税后活期存款利率:即(1-利息税率)*活期存款利率,广发基金管理有限公司,中国工商银行股份有限公司,货币型ETF,,,12970000.0,3000,300144,100.048,100.048,0.048
2021-09-16,511920.SH,广发货币E,20160328,,税后活期存款利率:即(1-利息税率)*活期存款利率,广发基金管理有限公司,中国工商银行股份有限公司,货币型ETF,,,12970000.0,3800,380319,100.098,100.08394736842,0.098
2021-09-17,511920.SH,广发货币E,20160328,,税后活期存款利率:即(1-利息税率)*活期存款利率,广发基金管理有限公司,中国工商银行股份有限公司,货币型ETF,,,12960000.0,8364,839060,100.007,100.31802965088,0.007
2021-09-22,511920.SH,广发货币E,20160328,,税后活期存款利率:即(1-利息税率)*活期存款利率,广发基金管理有限公司,中国工商银行股份有限公司,货币型ETF,,,12970000.0,2121,212776,100.054,100.31871758604,0.054
2021-09-23,511920.SH,广发货币E,20160328,,税后活期存款利率:即(1-利息税率)*活期存款利率,广发基金管理有限公司,中国工商银行股份有限公司,货币型ETF,,,13090000.0,2502,250459,99.994,100.10351718625,-0.006
2021-09-24,511920.SH,广发货币E,20160328,,税后活期存款利率:即(1-利息税率)*活期存款利率,广发基金管理有限公司,中国工商银行股份有限公司,货币型ETF,,,13090000.0,17719,1774771,100.013,100.1620294599,0.013
2021-09-27,511920.SH,广发货币E,20160328,,税后活期存款利率:即(1-利息税率)*活期存款利率,广发基金管理有限公司,中国工商银行股份有限公司,货币型ETF,,,13250000.0,10780,1077950,100.005,99.995361781076,0.005
2021-09-28,511920.SH,广发货币E,20160328,,税后活期存款利率:即(1-利息税率)*活期存款利率,广发基金管理有限公司,中国工商银行股份有限公司,货币型ETF,,,13980000.0,6441,644063,99.995,99.99425555038,-0.005
2021-09-29,511920.SH,广发货币E,20160328,,税后活期存款利率:即(1-利息税率)*活期存款利率,广发基金管理有限公司,中国工商银行股份有限公司,货币型ETF,,,13990000.0,7254,725422,99.998,100.00303280948,-0.002
2021-09-30,511920.SH,广发货币E,20160328,,税后活期存款利率:即(1-利息税率)*活期存款利率,广发基金管理有限公司,中国工商银行股份有限公司,货币型ETF,,,13930300.0,23701,2372052,100.075,100.08235939412,0.075
2021-10-08,511920.SH,广发货币E,20160328,,税后活期存款利率:即(1-利息税率)*活期存款利率,广发基金管理有限公司,中国工商银行股份有限公司,货币型ETF,,,13940000.0,7902,790324,100.001,100.01569222982,0.001
2021-10-11,511920.SH,广发货币E,20160328,,税后活期存款利率:即(1-利息税率)*活期存款利率,广发基金管理有限公司,中国工商银行股份有限公司,货币型ETF,,,13940000.0,9081,908058,99.996,99.995374958705,-0.004
2021-10-12,511920.SH,广发货币E,20160328,,税后活期存款利率:即(1-利息税率)*活期存款利率,广发基金管理有限公司,中国工商银行股份有限公司,货币型ETF,,,13950000.0,18301,1830059,100,99.997759685263,0
2021-10-13,511920.SH,广发货币E,20160328,,税后活期存款利率:即(1-利息税率)*活期存款利率,广发基金管理有限公司,中国工商银行股份有限公司,货币型ETF,,,13950000.0,1866,186628,100,100.01500535906,0
2021-10-14,511920.SH,广发货币E,20160328,,税后活期存款利率:即(1-利息税率)*活期存款利率,广发基金管理有限公司,中国工商银行股份有限公司,货币型ETF,,,13940000.0,2300,229983,100,99.992608695652,0
2021-10-15,511920.SH,广发货币E,20160328,,税后活期存款利率:即(1-利息税率)*活期存款利率,广发基金管理有限公司,中国工商银行股份有限公司,货币型ETF,,,13940000.0,3300,330022,100.012,100.00666666667,0.012
2021-10-18,511920.SH,广发货币E,20160328,,税后活期存款利率:即(1-利息税率)*活期存款利率,广发基金管理有限公司,中国工商银行股份有限公司,货币型ETF,,,14010000.0,5606,560546,99.99,99.990367463432,-0.01
2021-10-19,511920.SH,广发货币E,20160328,,税后活期存款利率:即(1-利息税率)*活期存款利率,广发基金管理有限公司,中国工商银行股份有限公司,货币型ETF,,,14010000.0,9501,941032,90.991,99.045574150089,-9.009
2021-10-20,511920.SH,广发货币E,20160328,,税后活期存款利率:即(1-利息税率)*活期存款利率,广发基金管理有限公司,中国工商银行股份有限公司,货币型ETF,,,13800000.0,3418,341762,99.995,99.988882387361,-0.005
2021-10-21,511920.SH,广发货币E,20160328,,税后活期存款利率:即(1-利息税率)*活期存款利率,广发基金管理有限公司,中国工商银行股份有限公司,货币型ETF,,,13790000.0,3800,379983,99.998,99.995526315789,-0.002
2021-10-22,511920.SH,广发货币E,20160328,,税后活期存款利率:即(1-利息税率)*活期存款利率,广发基金管理有限公司,中国工商银行股份有限公司,货币型ETF,,,13780000.0,2001,200101,100.002,100.00049975012,0.002
2021-10-25,511920.SH,广发货币E,20160328,,税后活期存款利率:即(1-利息税率)*活期存款利率,广发基金管理有限公司,中国工商银行股份有限公司,货币型ETF,,,13760000.0,1300,129993,99.992,99.994615384615,-0.008
2021-10-26,511920.SH,广发货币E,20160328,,税后活期存款利率:即(1-利息税率)*活期存款利率,广发基金管理有限公司,中国工商银行股份有限公司,货币型ETF,,,13760000.0,5327,532658,99.996,99.992115637319,-0.004
2021-10-27,511920.SH,广发货币E,20160328,,税后活期存款利率:即(1-利息税率)*活期存款利率,广发基金管理有限公司,中国工商银行股份有限公司,货币型ETF,,,13560000.0,800,79995,99.995,99.99375,-0.005
2021-10-28,511920.SH,广发货币E,20160328,,税后活期存款利率:即(1-利息税率)*活期存款利率,广发基金管理有限公司,中国工商银行股份有限公司,货币型ETF,,,13540000.0,1440,143979,99.985,99.985416666667,-0.015
2021-10-29,511920.SH,广发货币E,20160328,,税后活期存款利率:即(1-利息税率)*活期存款利率,广发基金管理有限公司,中国工商银行股份有限公司,货币型ETF,,,13520000.0,2005,200500,100.008,100,0.008
2021-11-01,511920.SH,广发货币E,20160328,,税后活期存款利率:即(1-利息税率)*活期存款利率,广发基金管理有限公司,中国工商银行股份有限公司,货币型ETF,,,13620000.0,100,9999,99.994,99.99,-0.006
2021-11-02,511920.SH,广发货币E,20160328,,税后活期存款利率:即(1-利息税率)*活期存款利率,广发基金管理有限公司,中国工商银行股份有限公司,货币型ETF,,,13620000.0,1800,179981,99.994,99.989444444444,-0.006
2021-11-03,511920.SH,广发货币E,20160328,,税后活期存款利率:即(1-利息税率)*活期存款利率,广发基金管理有限公司,中国工商银行股份有限公司,货币型ETF,,,13610000.0,3903,390266,99.992,99.991288752242,-0.008
2021-11-04,511920.SH,广发货币E,20160328,,税后活期存款利率:即(1-利息税率)*活期存款利率,广发基金管理有限公司,中国工商银行股份有限公司,货币型ETF,,,13610000.0,1400,139992,99.995,99.994285714286,-0.005
2021-11-05,511920.SH,广发货币E,20160328,,税后活期存款利率:即(1-利息税率)*活期存款利率,广发基金管理有限公司,中国工商银行股份有限公司,货币型ETF,,,13600000.0,9378,937774,100,99.997227553849,0
2021-11-08,511920.SH,广发货币E,20160328,,税后活期存款利率:即(1-利息税率)*活期存款利率,广发基金管理有限公司,中国工商银行股份有限公司,货币型ETF,,,13600000.0,12926,1292614,99.995,100.00108308835,-0.005
2021-11-09,511920.SH,广发货币E,20160328,,税后活期存款利率:即(1-利息税率)*活期存款利率,广发基金管理有限公司,中国工商银行股份有限公司,货币型ETF,,,13600000.0,800,79996,99.995,99.995,-0.005
2021-11-10,511920.SH,广发货币E,20160328,,税后活期存款利率:即(1-利息税率)*活期存款利率,广发基金管理有限公司,中国工商银行股份有限公司,货币型ETF,,,13490000.0,1027,102695,99.995,99.995131450828,-0.005
2021-11-11,511920.SH,广发货币E,20160328,,税后活期存款利率:即(1-利息税率)*活期存款利率,广发基金管理有限公司,中国工商银行股份有限公司,货币型ETF,,,13450000.0,26926,2692356,99.997,99.990938126718,-0.003
2021-11-12,511920.SH,广发货币E,20160328,,税后活期存款利率:即(1-利息税率)*活期存款利率,广发基金管理有限公司,中国工商银行股份有限公司,货币型ETF,,,13040000.0,104,10399,99.995,99.990384615385,-0.005
2021-11-15,511920.SH,广发货币E,20160328,,税后活期存款利率:即(1-利息税率)*活期存款利率,广发基金管理有限公司,中国工商银行股份有限公司,货币型ETF,,,13040000.0,1000,99996,99.997,99.996,-0.003
2021-11-16,511920.SH,广发货币E,20160328,,税后活期存款利率:即(1-利息税率)*活期存款利率,广发基金管理有限公司,中国工商银行股份有限公司,货币型ETF,,,13030000.0,900,89998,99.998,99.997777777778,-0.002
2021-11-17,511920.SH,广发货币E,20160328,,税后活期存款利率:即(1-利息税率)*活期存款利率,广发基金管理有限公司,中国工商银行股份有限公司,货币型ETF,,,13030000.0,14642,1464082,99.995,99.991940991668,-0.005
2021-11-18,511920.SH,广发货币E,20160328,,税后活期存款利率:即(1-利息税率)*活期存款利率,广发基金管理有限公司,中国工商银行股份有限公司,货币型ETF,,,12350000.0,,,99.995,99.995,-0.005
2021-11-19,511920.SH,广发货币E,20160328,,税后活期存款利率:即(1-利息税率)*活期存款利率,广发基金管理有限公司,中国工商银行股份有限公司,货币型ETF,,,12350000.0,1242,124209,100,100.00724637681,0
2021-11-22,511920.SH,广发货币E,20160328,,税后活期存款利率:即(1-利息税率)*活期存款利率,广发基金管理有限公司,中国工商银行股份有限公司,货币型ETF,,,12350000.0,301,30098,99.991,99.993355481728,-0.009
2021-11-23,511920.SH,广发货币E,20160328,,税后活期存款利率:即(1-利息税率)*活期存款利率,广发基金管理有限公司,中国工商银行股份有限公司,货币型ETF,,,12340000.0,1,100,99.985,100,-0.015
2021-11-24,511920.SH,广发货币E,20160328,,税后活期存款利率:即(1-利息税率)*活期存款利率,广发基金管理有限公司,中国工商银行股份有限公司,货币型ETF,,,12320000.0,800,79992,99.99,99.99,-0.01
2021-11-25,511920.SH,广发货币E,20160328,,税后活期存款利率:即(1-利息税率)*活期存款利率,广发基金管理有限公司,中国工商银行股份有限公司,货币型ETF,,,12240000.0,1547,154687,99.996,99.991596638655,-0.004
2021-11-26,511920.SH,广发货币E,20160328,,税后活期存款利率:即(1-利息税率)*活期存款利率,广发基金管理有限公司,中国工商银行股份有限公司,货币型ETF,,,12240000.0,6018,601780,99.999,99.996676636756,-0.001
2021-11-29,511920.SH,广发货币E,20160328,,税后活期存款利率:即(1-利息税率)*活期存款利率,广发基金管理有限公司,中国工商银行股份有限公司,货币型ETF,,,12010000.0,2909,290844,99.984,99.980749398419,-0.016
2021-11-30,511920.SH,广发货币E,20160328,,税后活期存款利率:即(1-利息税率)*活期存款利率,广发基金管理有限公司,中国工商银行股份有限公司,货币型ETF,,,11930000.0,401,40092,99.984,99.980049875312,-0.016
2021-12-01,511920.SH,广发货币E,20160328,,税后活期存款利率:即(1-利息税率)*活期存款利率,广发基金管理有限公司,中国工商银行股份有限公司,货币型ETF,,,11850000.0,600,59993,99.998,99.988333333333,-0.002
2021-12-02,511920.SH,广发货币E,20160328,,税后活期存款利率:即(1-利息税率)*活期存款利率,广发基金管理有限公司,中国工商银行股份有限公司,货币型ETF,,,11820000.0,6350,634961,99.996,99.993858267717,-0.004
2021-12-03,511920.SH,广发货币E,20160328,,税后活期存款利率:即(1-利息税率)*活期存款利率,广发基金管理有限公司,中国工商银行股份有限公司,货币型ETF,,,11310000.0,3992,399167,100.01,99.991733466934,0.01
2021-12-06,511920.SH,广发货币E,20160328,,税后活期存款利率:即(1-利息税率)*活期存款利率,广发基金管理有限公司,中国工商银行股份有限公司,货币型ETF,,,11310000.0,1772,177199,99.995,99.999435665914,-0.005
2021-12-07,511920.SH,广发货币E,20160328,,税后活期存款利率:即(1-利息税率)*活期存款利率,广发基金管理有限公司,中国工商银行股份有限公司,货币型ETF,,,11310000.0,300,30003,100.008,100.01,0.008
2021-12-08,511920.SH,广发货币E,20160328,,税后活期存款利率:即(1-利息税率)*活期存款利率,广发基金管理有限公司,中国工商银行股份有限公司,货币型ETF,,,11310000.0,302,30199,99.992,99.996688741722,-0.008
2021-12-09,511920.SH,广发货币E,20160328,,税后活期存款利率:即(1-利息税率)*活期存款利率,广发基金管理有限公司,中国工商银行股份有限公司,货币型ETF,,,11310000.0,636,63595,99.996,99.99213836478,-0.004
2021-12-10,511920.SH,广发货币E,20160328,,税后活期存款利率:即(1-利息税率)*活期存款利率,广发基金管理有限公司,中国工商银行股份有限公司,货币型ETF,,,11300000.0,1264,126403,100.002,100.00237341772,0.002
2021-12-13,511920.SH,广发货币E,20160328,,税后活期存款利率:即(1-利息税率)*活期存款利率,广发基金管理有限公司,中国工商银行股份有限公司,货币型ETF,,,11310000.0,101,10100,99.999,100,-0.001
2021-12-14,511920.SH,广发货币E,20160328,,税后活期存款利率:即(1-利息税率)*活期存款利率,广发基金管理有限公司,中国工商银行股份有限公司,货币型ETF,,,11310000.0,200,20000,99.999,100,-0.001
2021-12-15,511920.SH,广发货币E,20160328,,税后活期存款利率:即(1-利息税率)*活期存款利率,广发基金管理有限公司,中国工商银行股份有限公司,货币型ETF,,,11310000.0,665,66499,99.998,99.998496240601,-0.002
2021-12-16,511920.SH,广发货币E,20160328,,税后活期存款利率:即(1-利息税率)*活期存款利率,广发基金管理有限公司,中国工商银行股份有限公司,货币型ETF,,,11330000.0,700,69997,99.996,99.995714285714,-0.004
2021-12-17,511920.SH,广发货币E,20160328,,税后活期存款利率:即(1-利息税率)*活期存款利率,广发基金管理有限公司,中国工商银行股份有限公司,货币型ETF,,,11310000.0,5915,591502,100,100.00033812342,0
2021-12-20,511920.SH,广发货币E,20160328,,税后活期存款利率:即(1-利息税率)*活期存款利率,广发基金管理有限公司,中国工商银行股份有限公司,货币型ETF,,,11290000.0,4880,487993,99.991,99.99856557377,-0.009
2021-12-21,511920.SH,广发货币E,20160328,,税后活期存款利率:即(1-利息税率)*活期存款利率,广发基金管理有限公司,中国工商银行股份有限公司,货币型ETF,,,11270000.0,503,50298,99.991,99.996023856859,-0.009
2021-12-22,511920.SH,广发货币E,20160328,,税后活期存款利率:即(1-利息税率)*活期存款利率,广发基金管理有限公司,中国工商银行股份有限公司,货币型ETF,,,11270000.0,400,39993,99.983,99.9825,-0.017
2021-12-23,511920.SH,广发货币E,20160328,,税后活期存款利率:即(1-利息税率)*活期存款利率,广发基金管理有限公司,中国工商银行股份有限公司,货币型ETF,,,11230000.0,900,89994,99.991,99.993333333333,-0.009
2021-12-24,511920.SH,广发货币E,20160328,,税后活期存款利率:即(1-利息税率)*活期存款利率,广发基金管理有限公司,中国工商银行股份有限公司,货币型ETF,,,11190000.0,2100,210001,99.995,100.00047619048,-0.005
2021-12-27,511920.SH,广发货币E,20160328,,税后活期存款利率:即(1-利息税率)*活期存款利率,广发基金管理有限公司,中国工商银行股份有限公司,货币型ETF,,,11200000.0,3200,319994,99.999,99.998125,-0.001
2021-12-28,511920.SH,广发货币E,20160328,,税后活期存款利率:即(1-利息税率)*活期存款利率,广发基金管理有限公司,中国工商银行股份有限公司,货币型ETF,,,11200000.0,21030,2102778,99.995,99.989443651926,-0.005
2021-12-29,511920.SH,广发货币E,20160328,,税后活期存款利率:即(1-利息税率)*活期存款利率,广发基金管理有限公司,中国工商银行股份有限公司,货币型ETF,,,10200000.0,1041,104092,99.995,99.992315081652,-0.005
2021-12-30,511920.SH,广发货币E,20160328,,税后活期存款利率:即(1-利息税率)*活期存款利率,广发基金管理有限公司,中国工商银行股份有限公司,货币型ETF,,,10180000.0,1602,160182,99.995,99.988764044944,-0.005
2021-12-31,511920.SH,广发货币E,20160328,,税后活期存款利率:即(1-利息税率)*活期存款利率,广发基金管理有限公司,中国工商银行股份有限公司,货币型ETF,,,10178700.0,6348,635028,100.05,100.0359168242,0.05
2022-01-04,511920.SH,广发货币E,20160328,,税后活期存款利率:即(1-利息税率)*活期存款利率,广发基金管理有限公司,中国工商银行股份有限公司,货币型ETF,,,10180000.0,700,70000,99.995,100,-0.005
2022-01-05,511920.SH,广发货币E,20160328,,税后活期存款利率:即(1-利息税率)*活期存款利率,广发基金管理有限公司,中国工商银行股份有限公司,货币型ETF,,,10170000.0,1732,173202,100.009,100.00115473441,0.009
2022-01-06,511920.SH,广发货币E,20160328,,税后活期存款利率:即(1-利息税率)*活期存款利率,广发基金管理有限公司,中国工商银行股份有限公司,货币型ETF,,,10160000.0,612,61197,100,99.995098039216,0
2022-01-07,511920.SH,广发货币E,20160328,,税后活期存款利率:即(1-利息税率)*活期存款利率,广发基金管理有限公司,中国工商银行股份有限公司,货币型ETF,,,10170000.0,3306,330660,100.008,100.01814882033,0.008
2022-01-10,511920.SH,广发货币E,20160328,,税后活期存款利率:即(1-利息税率)*活期存款利率,广发基金管理有限公司,中国工商银行股份有限公司,货币型ETF,,,10190000.0,3955,396329,100.199,100.20960809102,0.199
2022-01-11,511920.SH,广发货币E,20160328,,税后活期存款利率:即(1-利息税率)*活期存款利率,广发基金管理有限公司,中国工商银行股份有限公司,货币型ETF,,,10100000.0,100,10020,100.198,100.2,0.198
2022-01-12,511920.SH,广发货币E,20160328,,税后活期存款利率:即(1-利息税率)*活期存款利率,广发基金管理有限公司,中国工商银行股份有限公司,货币型ETF,,,10130000.0,1061,106351,100.275,100.23656927427,0.275
2022-01-13,511920.SH,广发货币E,20160328,,税后活期存款利率:即(1-利息税率)*活期存款利率,广发基金管理有限公司,中国工商银行股份有限公司,货币型ETF,,,10190000.0,371,37102,100.005,100.00539083558,0.005
2022-01-14,511920.SH,广发货币E,20160328,,税后活期存款利率:即(1-利息税率)*活期存款利率,广发基金管理有限公司,中国工商银行股份有限公司,货币型ETF,,,10230000.0,3228,323303,100.179,100.15582403965,0.179
2022-01-17,511920.SH,广发货币E,20160328,,税后活期存款利率:即(1-利息税率)*活期存款利率,广发基金管理有限公司,中国工商银行股份有限公司,货币型ETF,,,10400000.0,1901,190340,100.16,100.12624934245,0.16
2022-01-18,511920.SH,广发货币E,20160328,,税后活期存款利率:即(1-利息税率)*活期存款利率,广发基金管理有限公司,中国工商银行股份有限公司,货币型ETF,,,11380000.0,3082,308270,100.022,100.02271252433,0.022
2022-01-19,511920.SH,广发货币E,20160328,,税后活期存款利率:即(1-利息税率)*活期存款利率,广发基金管理有限公司,中国工商银行股份有限公司,货币型ETF,,,11380000.0,2300,230094,100,100.04086956522,0
2022-01-20,511920.SH,广发货币E,20160328,,税后活期存款利率:即(1-利息税率)*活期存款利率,广发基金管理有限公司,中国工商银行股份有限公司,货币型ETF,,,11380000.0,3800,379989,99.994,99.997105263158,-0.006
2022-01-21,511920.SH,广发货币E,20160328,,税后活期存款利率:即(1-利息税率)*活期存款利率,广发基金管理有限公司,中国工商银行股份有限公司,货币型ETF,,,11380000.0,14810,1482227,100.006,100.08284942606,0.006
2022-01-24,511920.SH,广发货币E,20160328,,税后活期存款利率:即(1-利息税率)*活期存款利率,广发基金管理有限公司,中国工商银行股份有限公司,货币型ETF,,,11380000.0,2400,239997,99.992,99.99875,-0.008
2022-01-25,511920.SH,广发货币E,20160328,,税后活期存款利率:即(1-利息税率)*活期存款利率,广发基金管理有限公司,中国工商银行股份有限公司,货币型ETF,,,11390000.0,2801,280077,99.996,99.991788646912,-0.004
2022-01-26,511920.SH,广发货币E,20160328,,税后活期存款利率:即(1-利息税率)*活期存款利率,广发基金管理有限公司,中国工商银行股份有限公司,货币型ETF,,,11280000.0,1701,170088,99.993,99.992945326279,-0.007
2022-01-27,511920.SH,广发货币E,20160328,,税后活期存款利率:即(1-利息税率)*活期存款利率,广发基金管理有限公司,中国工商银行股份有限公司,货币型ETF,,,11220000.0,6461,646198,99.996,100.01516793066,-0.004
2022-01-28,511920.SH,广发货币E,20160328,,税后活期存款利率:即(1-利息税率)*活期存款利率,广发基金管理有限公司,中国工商银行股份有限公司,货币型ETF,,,11220000.0,34672,3478663,100.325,100.33061259806,0.325
2022-02-07,511920.SH,广发货币E,20160328,,税后活期存款利率:即(1-利息税率)*活期存款利率,广发基金管理有限公司,中国工商银行股份有限公司,货币型ETF,,,11230000.0,15031,1503095,100,99.999667354135,0
2022-02-08,511920.SH,广发货币E,20160328,,税后活期存款利率:即(1-利息税率)*活期存款利率,广发基金管理有限公司,中国工商银行股份有限公司,货币型ETF,,,11250000.0,4902,490196,100,99.999184006528,0
2022-02-09,511920.SH,广发货币E,20160328,,税后活期存款利率:即(1-利息税率)*活期存款利率,广发基金管理有限公司,中国工商银行股份有限公司,货币型ETF,,,11250000.0,1242,124198,99.998,99.998389694042,-0.002
2022-02-10,511920.SH,广发货币E,20160328,,税后活期存款利率:即(1-利息税率)*活期存款利率,广发基金管理有限公司,中国工商银行股份有限公司,货币型ETF,,,11250000.0,3373,337543,99.996,100.07204269197,-0.004
2022-02-11,511920.SH,广发货币E,20160328,,税后活期存款利率:即(1-利息税率)*活期存款利率,广发基金管理有限公司,中国工商银行股份有限公司,货币型ETF,,,11250000.0,2307,230717,100.004,100.00736887733,0.004
2022-02-14,511920.SH,广发货币E,20160328,,税后活期存款利率:即(1-利息税率)*活期存款利率,广发基金管理有限公司,中国工商银行股份有限公司,货币型ETF,,,11260000.0,1360,135993,99.999,99.994852941176,-0.001
2022-02-15,511920.SH,广发货币E,20160328,,税后活期存款利率:即(1-利息税率)*活期存款利率,广发基金管理有限公司,中国工商银行股份有限公司,货币型ETF,,,11260000.0,,,99.999,99.999,-0.001
2022-02-16,511920.SH,广发货币E,20160328,,税后活期存款利率:即(1-利息税率)*活期存款利率,广发基金管理有限公司,中国工商银行股份有限公司,货币型ETF,,,11260000.0,1150,114997,100,99.997391304348,0
2022-02-17,511920.SH,广发货币E,20160328,,税后活期存款利率:即(1-利息税率)*活期存款利率,广发基金管理有限公司,中国工商银行股份有限公司,货币型ETF,,,11260000.0,4000,399977,100,99.99425,0
2022-02-18,511920.SH,广发货币E,20160328,,税后活期存款利率:即(1-利息税率)*活期存款利率,广发基金管理有限公司,中国工商银行股份有限公司,货币型ETF,,,11260000.0,4189,418928,100.01,100.00668417283,0.01
2022-02-21,511920.SH,广发货币E,20160328,,税后活期存款利率:即(1-利息税率)*活期存款利率,广发基金管理有限公司,中国工商银行股份有限公司,货币型ETF,,,11250000.0,1213,121287,99.99,99.989282769992,-0.01
2022-02-22,511920.SH,广发货币E,20160328,,税后活期存款利率:即(1-利息税率)*活期存款利率,广发基金管理有限公司,中国工商银行股份有限公司,货币型ETF,,,11250000.0,2400,239913,99.87,99.96375,-0.13
2022-02-23,511920.SH,广发货币E,20160328,,税后活期存款利率:即(1-利息税率)*活期存款利率,广发基金管理有限公司,中国工商银行股份有限公司,货币型ETF,,,11230000.0,14286,1428494,99.992,99.992580148397,-0.008
2022-02-24,511920.SH,广发货币E,20160328,,税后活期存款利率:即(1-利息税率)*活期存款利率,广发基金管理有限公司,中国工商银行股份有限公司,货币型ETF,,,11060000.0,11112,1111134,99.989,99.994060475162,-0.011
2022-02-25,511920.SH,广发货币E,20160328,,税后活期存款利率:即(1-利息税率)*活期存款利率,广发基金管理有限公司,中国工商银行股份有限公司,货币型ETF,,,10640000.0,5757,575687,100,99.997741879451,0
2022-02-28,511920.SH,广发货币E,20160328,,税后活期存款利率:即(1-利息税率)*活期存款利率,广发基金管理有限公司,中国工商银行股份有限公司,货币型ETF,,,10610000.0,12655,1266137,100.15,100.05033583564,0.15
2022-03-01,511920.SH,广发货币E,20160328,,税后活期存款利率:即(1-利息税率)*活期存款利率,广发基金管理有限公司,中国工商银行股份有限公司,货币型ETF,,,10460000.0,400,40000,100,100,0
2022-03-02,511920.SH,广发货币E,20160328,,税后活期存款利率:即(1-利息税率)*活期存款利率,广发基金管理有限公司,中国工商银行股份有限公司,货币型ETF,,,10460000.0,1002,100199,99.998,99.999001996008,-0.002
2022-03-03,511920.SH,广发货币E,20160328,,税后活期存款利率:即(1-利息税率)*活期存款利率,广发基金管理有限公司,中国工商银行股份有限公司,货币型ETF,,,10460000.0,1400,139995,100,99.996428571429,0
2022-03-04,511920.SH,广发货币E,20160328,,税后活期存款利率:即(1-利息税率)*活期存款利率,广发基金管理有限公司,中国工商银行股份有限公司,货币型ETF,,,10450000.0,4697,469725,100.01,100.00532254631,0.01
2022-03-07,511920.SH,广发货币E,20160328,,税后活期存款利率:即(1-利息税率)*活期存款利率,广发基金管理有限公司,中国工商银行股份有限公司,货币型ETF,,,10460000.0,3442,344176,99.999,99.993027309704,-0.001
2022-03-08,511920.SH,广发货币E,20160328,,税后活期存款利率:即(1-利息税率)*活期存款利率,广发基金管理有限公司,中国工商银行股份有限公司,货币型ETF,,,10470000.0,3407,340656,100,99.987085412386,0
2022-03-09,511920.SH,广发货币E,20160328,,税后活期存款利率:即(1-利息税率)*活期存款利率,广发基金管理有限公司,中国工商银行股份有限公司,货币型ETF,,,10470000.0,2587,258665,99.999,99.986470815617,-0.001
2022-03-10,511920.SH,广发货币E,20160328,,税后活期存款利率:即(1-利息税率)*活期存款利率,广发基金管理有限公司,中国工商银行股份有限公司,货币型ETF,,,10460000.0,2104,210379,99.987,99.990019011407,-0.013
2022-03-11,511920.SH,广发货币E,20160328,,税后活期存款利率:即(1-利息税率)*活期存款利率,广发基金管理有限公司,中国工商银行股份有限公司,货币型ETF,,,10460000.0,4529,452922,100.007,100.00485758446,0.007
2022-03-14,511920.SH,广发货币E,20160328,,税后活期存款利率:即(1-利息税率)*活期存款利率,广发基金管理有限公司,中国工商银行股份有限公司,货币型ETF,,,10460000.0,3402,340196,100,99.998824221046,0
2022-03-15,511920.SH,广发货币E,20160328,,税后活期存款利率:即(1-利息税率)*活期存款利率,广发基金管理有限公司,中国工商银行股份有限公司,货币型ETF,,,10460000.0,2100,209988,99.996,99.994285714286,-0.004
2022-03-16,511920.SH,广发货币E,20160328,,税后活期存款利率:即(1-利息税率)*活期存款利率,广发基金管理有限公司,中国工商银行股份有限公司,货币型ETF,,,10350000.0,1302,130183,99.995,99.986943164363,-0.005
2022-03-17,511920.SH,广发货币E,20160328,,税后活期存款利率:即(1-利息税率)*活期存款利率,广发基金管理有限公司,中国工商银行股份有限公司,货币型ETF,,,10350000.0,7557,746028,99.992,98.720127034538,-0.008
2022-03-18,511920.SH,广发货币E,20160328,,税后活期存款利率:即(1-利息税率)*活期存款利率,广发基金管理有限公司,中国工商银行股份有限公司,货币型ETF,,,10310000.0,6319,631881,100.002,99.996993195126,0.002
2022-03-21,511920.SH,广发货币E,20160328,,税后活期存款利率:即(1-利息税率)*活期存款利率,广发基金管理有限公司,中国工商银行股份有限公司,货币型ETF,,,10280000.0,2306,230533,99.435,99.970945359931,-0.565
2022-03-22,511920.SH,广发货币E,20160328,,税后活期存款利率:即(1-利息税率)*活期存款利率,广发基金管理有限公司,中国工商银行股份有限公司,货币型ETF,,,10260000.0,2600,259988,99.994,99.995384615385,-0.006
2022-03-23,511920.SH,广发货币E,20160328,,税后活期存款利率:即(1-利息税率)*活期存款利率,广发基金管理有限公司,中国工商银行股份有限公司,货币型ETF,,,10250000.0,600,59998,99.992,99.996666666667,-0.008
2022-03-24,511920.SH,广发货币E,20160328,,税后活期存款利率:即(1-利息税率)*活期存款利率,广发基金管理有限公司,中国工商银行股份有限公司,货币型ETF,,,10260000.0,1700,169987,99.996,99.992352941176,-0.004
2022-03-25,511920.SH,广发货币E,20160328,,税后活期存款利率:即(1-利息税率)*活期存款利率,广发基金管理有限公司,中国工商银行股份有限公司,货币型ETF,,,10210000.0,9004,900466,100.002,100.00733007552,0.002
2022-03-28,511920.SH,广发货币E,20160328,,税后活期存款利率:即(1-利息税率)*活期存款利率,广发基金管理有限公司,中国工商银行股份有限公司,货币型ETF,,,10220000.0,5168,516720,99.99,99.984520123839,-0.01
2022-03-29,511920.SH,广发货币E,20160328,,税后活期存款利率:即(1-利息税率)*活期存款利率,广发基金管理有限公司,中国工商银行股份有限公司,货币型ETF,,,9990000.0,3401,340048,99.99,99.9847103793,-0.01
2022-03-30,511920.SH,广发货币E,20160328,,税后活期存款利率:即(1-利息税率)*活期存款利率,广发基金管理有限公司,中国工商银行股份有限公司,货币型ETF,,,9750000.0,8149,814700,99.943,99.975457111302,-0.057
2022-03-31,511920.SH,广发货币E,20160328,,税后活期存款利率:即(1-利息税率)*活期存款利率,广发基金管理有限公司,中国工商银行股份有限公司,货币型ETF,,,9238000.0,700,69983,99.989,99.975714285714,-0.011
2022-04-01,511920.SH,广发货币E,20160328,,税后活期存款利率:即(1-利息税率)*活期存款利率,广发基金管理有限公司,中国工商银行股份有限公司,货币型ETF,,,9240000.0,3316,331688,100.026,100.02653799759,0.026
2022-04-06,511920.SH,广发货币E,20160328,,税后活期存款利率:即(1-利息税率)*活期存款利率,广发基金管理有限公司,中国工商银行股份有限公司,货币型ETF,,,9250000.0,1452,145184,99.996,99.988980716253,-0.004
2022-04-07,511920.SH,广发货币E,20160328,,税后活期存款利率:即(1-利息税率)*活期存款利率,广发基金管理有限公司,中国工商银行股份有限公司,货币型ETF,,,9210000.0,2144,214379,100,99.990205223881,0
2022-04-08,511920.SH,广发货币E,20160328,,税后活期存款利率:即(1-利息税率)*活期存款利率,广发基金管理有限公司,中国工商银行股份有限公司,货币型ETF,,,9160000.0,2102,210204,100.003,100.00190294957,0.003
2022-04-11,511920.SH,广发货币E,20160328,,税后活期存款利率:即(1-利息税率)*活期存款利率,广发基金管理有限公司,中国工商银行股份有限公司,货币型ETF,,,9160000.0,8210,821154,100.03,100.01875761267,0.03
2022-04-12,511920.SH,广发货币E,20160328,,税后活期存款利率:即(1-利息税率)*活期存款利率,广发基金管理有限公司,中国工商银行股份有限公司,货币型ETF,,,9160000.0,1201,120140,100.04,100.03330557868,0.04
2022-04-13,511920.SH,广发货币E,20160328,,税后活期存款利率:即(1-利息税率)*活期存款利率,广发基金管理有限公司,中国工商银行股份有限公司,货币型ETF,,,9200000.0,,,100.04,100.04,0.04
2022-04-14,511920.SH,广发货币E,20160328,,税后活期存款利率:即(1-利息税率)*活期存款利率,广发基金管理有限公司,中国工商银行股份有限公司,货币型ETF,,,9200000.0,576,57601,100.001,100.00173611111,0.001
2022-04-15,511920.SH,广发货币E,20160328,,税后活期存款利率:即(1-利息税率)*活期存款利率,广发基金管理有限公司,中国工商银行股份有限公司,货币型ETF,,,9200000.0,3585,358858,100.1,100.09986052999,0.1
2022-04-18,511920.SH,广发货币E,20160328,,税后活期存款利率:即(1-利息税率)*活期存款利率,广发基金管理有限公司,中国工商银行股份有限公司,货币型ETF,,,9230000.0,35,3500,100.011,100,0.011
2022-04-19,511920.SH,广发货币E,20160328,,税后活期存款利率:即(1-利息税率)*活期存款利率,广发基金管理有限公司,中国工商银行股份有限公司,货币型ETF,,,9280000.0,,,100.011,100.011,0.011
2022-04-20,511920.SH,广发货币E,20160328,,税后活期存款利率:即(1-利息税率)*活期存款利率,广发基金管理有限公司,中国工商银行股份有限公司,货币型ETF,,,9380000.0,157,15702,100.014,100.0127388535,0.014
2022-04-21,511920.SH,广发货币E,20160328,,税后活期存款利率:即(1-利息税率)*活期存款利率,广发基金管理有限公司,中国工商银行股份有限公司,货币型ETF,,,9400000.0,4678,467781,100.013,99.995938435229,0.013
2022-04-22,511920.SH,广发货币E,20160328,,税后活期存款利率:即(1-利息税率)*活期存款利率,广发基金管理有限公司,中国工商银行股份有限公司,货币型ETF,,,9400000.0,2901,290135,100.012,100.01206480524,0.012
2022-04-25,511920.SH,广发货币E,20160328,,税后活期存款利率:即(1-利息税率)*活期存款利率,广发基金管理有限公司,中国工商银行股份有限公司,货币型ETF,,,9420000.0,1458,145794,100,99.995884773663,0
2022-04-26,511920.SH,广发货币E,20160328,,税后活期存款利率:即(1-利息税率)*活期存款利率,广发基金管理有限公司,中国工商银行股份有限公司,货币型ETF,,,9330000.0,100,10000,100,100,0
2022-04-27,511920.SH,广发货币E,20160328,,税后活期存款利率:即(1-利息税率)*活期存款利率,广发基金管理有限公司,中国工商银行股份有限公司,货币型ETF,,,9330000.0,13501,1349937,99.999,99.987926820236,-0.001
2022-04-28,511920.SH,广发货币E,20160328,,税后活期存款利率:即(1-利息税率)*活期存款利率,广发基金管理有限公司,中国工商银行股份有限公司,货币型ETF,,,8860000.0,10100,1013701,100.356,100.36643564356,0.356
2022-04-29,511920.SH,广发货币E,20160328,,税后活期存款利率:即(1-利息税率)*活期存款利率,广发基金管理有限公司,中国工商银行股份有限公司,货币型ETF,,,9080000.0,7847,791202,100.98,100.82859691602,0.98
2022-05-05,511920.SH,广发货币E,20160328,,税后活期存款利率:即(1-利息税率)*活期存款利率,广发基金管理有限公司,中国工商银行股份有限公司,货币型ETF,,,9160000.0,441,44156,100.2,100.12698412698,0.2
2022-05-06,511920.SH,广发货币E,20160328,,税后活期存款利率:即(1-利息税率)*活期存款利率,广发基金管理有限公司,中国工商银行股份有限公司,货币型ETF,,,9190000.0,1428,142849,100.004,100.03431372549,0.004
2022-05-09,511920.SH,广发货币E,20160328,,税后活期存款利率:即(1-利息税率)*活期存款利率,广发基金管理有限公司,中国工商银行股份有限公司,货币型ETF,,,9220000.0,300,30001,100,100.00333333333,0
2022-05-10,511920.SH,广发货币E,20160328,,税后活期存款利率:即(1-利息税率)*活期存款利率,广发基金管理有限公司,中国工商银行股份有限公司,货币型ETF,,,9230000.0,1353,135299,99.998,99.9992609017,-0.002
2022-05-11,511920.SH,广发货币E,20160328,,税后活期存款利率:即(1-利息税率)*活期存款利率,广发基金管理有限公司,中国工商银行股份有限公司,货币型ETF,,,9230000.0,1428,142796,99.999,99.997198879552,-0.001
2022-05-12,511920.SH,广发货币E,20160328,,税后活期存款利率:即(1-利息税率)*活期存款利率,广发基金管理有限公司,中国工商银行股份有限公司,货币型ETF,,,9230000.0,300,29999,99.995,99.996666666667,-0.005
2022-05-13,511920.SH,广发货币E,20160328,,税后活期存款利率:即(1-利息税率)*活期存款利率,广发基金管理有限公司,中国工商银行股份有限公司,货币型ETF,,,9190000.0,12268,1226827,100.008,100.00220084773,0.008
2022-05-16,511920.SH,广发货币E,20160328,,税后活期存款利率:即(1-利息税率)*活期存款利率,广发基金管理有限公司,中国工商银行股份有限公司,货币型ETF,,,9190000.0,6436,643627,99.996,100.00419515227,-0.004
2022-05-17,511920.SH,广发货币E,20160328,,税后活期存款利率:即(1-利息税率)*活期存款利率,广发基金管理有限公司,中国工商银行股份有限公司,货币型ETF,,,9200000.0,326,32599,99.996,99.996932515337,-0.004
2022-05-18,511920.SH,广发货币E,20160328,,税后活期存款利率:即(1-利息税率)*活期存款利率,广发基金管理有限公司,中国工商银行股份有限公司,货币型ETF,,,9200000.0,400,40002,99.996,100.005,-0.004
2022-05-19,511920.SH,广发货币E,20160328,,税后活期存款利率:即(1-利息税率)*活期存款利率,广发基金管理有限公司,中国工商银行股份有限公司,货币型ETF,,,9190000.0,,,99.996,99.996,-0.004
2022-05-20,511920.SH,广发货币E,20160328,,税后活期存款利率:即(1-利息税率)*活期存款利率,广发基金管理有限公司,中国工商银行股份有限公司,货币型ETF,,,9190000.0,3401,340308,100.001,100.0611584828,0.001
2022-05-23,511920.SH,广发货币E,20160328,,税后活期存款利率:即(1-利息税率)*活期存款利率,广发基金管理有限公司,中国工商银行股份有限公司,货币型ETF,,,9200000.0,1176,117597,100,99.997448979592,0
2022-05-24,511920.SH,广发货币E,20160328,,税后活期存款利率:即(1-利息税率)*活期存款利率,广发基金管理有限公司,中国工商银行股份有限公司,货币型ETF,,,9200000.0,401,40100,100,100,0
2022-05-25,511920.SH,广发货币E,20160328,,税后活期存款利率:即(1-利息税率)*活期存款利率,广发基金管理有限公司,中国工商银行股份有限公司,货币型ETF,,,9200000.0,1206,120595,100,99.995854063018,0
2022-05-26,511920.SH,广发货币E,20160328,,税后活期存款利率:即(1-利息税率)*活期存款利率,广发基金管理有限公司,中国工商银行股份有限公司,货币型ETF,,,9200000.0,1306,130600,100,100,0
2022-05-27,511920.SH,广发货币E,20160328,,税后活期存款利率:即(1-利息税率)*活期存款利率,广发基金管理有限公司,中国工商银行股份有限公司,货币型ETF,,,9200000.0,4802,480203,100.028,100.00062473969,0.028
2022-05-30,511920.SH,广发货币E,20160328,,税后活期存款利率:即(1-利息税率)*活期存款利率,广发基金管理有限公司,中国工商银行股份有限公司,货币型ETF,,,9200000.0,200,19998,99.99,99.99,-0.01
2022-05-31,511920.SH,广发货币E,20160328,,税后活期存款利率:即(1-利息税率)*活期存款利率,广发基金管理有限公司,中国工商银行股份有限公司,货币型ETF,,,9200000.0,6416,641595,100.001,99.999220698254,0.001
2022-06-01,511920.SH,广发货币E,20160328,,税后活期存款利率:即(1-利息税率)*活期存款利率,广发基金管理有限公司,中国工商银行股份有限公司,货币型ETF,,,9200000.0,100,10000,100.001,100,0.001
2022-06-02,511920.SH,广发货币E,20160328,,税后活期存款利率:即(1-利息税率)*活期存款利率,广发基金管理有限公司,中国工商银行股份有限公司,货币型ETF,,,9200000.0,3300,330124,100.006,100.03757575758,0.006
2022-06-06,511920.SH,广发货币E,20160328,,税后活期存款利率:即(1-利息税率)*活期存款利率,广发基金管理有限公司,中国工商银行股份有限公司,货币型ETF,,,9200000.0,9952,995026,99.982,99.98251607717,-0.018
2022-06-07,511920.SH,广发货币E,20160328,,税后活期存款利率:即(1-利息税率)*活期存款利率,广发基金管理有限公司,中国工商银行股份有限公司,货币型ETF,,,9020000.0,4608,460739,99.993,99.986762152778,-0.007
2022-06-08,511920.SH,广发货币E,20160328,,税后活期存款利率:即(1-利息税率)*活期存款利率,广发基金管理有限公司,中国工商银行股份有限公司,货币型ETF,,,8790000.0,7666,766500,99.992,99.986955387425,-0.008
2022-06-09,511920.SH,广发货币E,20160328,,税后活期存款利率:即(1-利息税率)*活期存款利率,广发基金管理有限公司,中国工商银行股份有限公司,货币型ETF,,,8320000.0,1908,190802,99.996,100.00104821803,-0.004
2022-06-10,511920.SH,广发货币E,20160328,,税后活期存款利率:即(1-利息税率)*活期存款利率,广发基金管理有限公司,中国工商银行股份有限公司,货币型ETF,,,8260000.0,500,50007,100.016,100.014,0.016
2022-06-13,511920.SH,广发货币E,20160328,,税后活期存款利率:即(1-利息税率)*活期存款利率,广发基金管理有限公司,中国工商银行股份有限公司,货币型ETF,,,8260000.0,2102,210187,99.996,99.993815413892,-0.004
2022-06-14,511920.SH,广发货币E,20160328,,税后活期存款利率:即(1-利息税率)*活期存款利率,广发基金管理有限公司,中国工商银行股份有限公司,货币型ETF,,,8260000.0,103,10297,99.995,99.970873786408,-0.005
2022-06-15,511920.SH,广发货币E,20160328,,税后活期存款利率:即(1-利息税率)*活期存款利率,广发基金管理有限公司,中国工商银行股份有限公司,货币型ETF,,,8260000.0,1902,190020,99.676,99.905362776025,-0.324
2022-06-16,511920.SH,广发货币E,20160328,,税后活期存款利率:即(1-利息税率)*活期存款利率,广发基金管理有限公司,中国工商银行股份有限公司,货币型ETF,,,8160000.0,1700,169962,99.998,99.977647058824,-0.002
2022-06-17,511920.SH,广发货币E,20160328,,税后活期存款利率:即(1-利息税率)*活期存款利率,广发基金管理有限公司,中国工商银行股份有限公司,货币型ETF,,,8100000.0,2812,281202,99.991,100.00071123755,-0.009
2022-06-20,511920.SH,广发货币E,20160328,,税后活期存款利率:即(1-利息税率)*活期存款利率,广发基金管理有限公司,中国工商银行股份有限公司,货币型ETF,,,8100000.0,300,29996,99.985,99.986666666667,-0.015
2022-06-21,511920.SH,广发货币E,20160328,,税后活期存款利率:即(1-利息税率)*活期存款利率,广发基金管理有限公司,中国工商银行股份有限公司,货币型ETF,,,8100000.0,100,9999,99.987,99.99,-0.013
2022-06-22,511920.SH,广发货币E,20160328,,税后活期存款利率:即(1-利息税率)*活期存款利率,广发基金管理有限公司,中国工商银行股份有限公司,货币型ETF,,,8100000.0,623,62293,99.999,99.988764044944,-0.001
2022-06-23,511920.SH,广发货币E,20160328,,税后活期存款利率:即(1-利息税率)*活期存款利率,广发基金管理有限公司,中国工商银行股份有限公司,货币型ETF,,,8070000.0,712,71198,99.99,99.997191011236,-0.01
2022-06-24,511920.SH,广发货币E,20160328,,税后活期存款利率:即(1-利息税率)*活期存款利率,广发基金管理有限公司,中国工商银行股份有限公司,货币型ETF,,,8060000.0,3700,370010,99.999,100.0027027027,-0.001
2022-06-27,511920.SH,广发货币E,20160328,,税后活期存款利率:即(1-利息税率)*活期存款利率,广发基金管理有限公司,中国工商银行股份有限公司,货币型ETF,,,8000000.0,100,9996,99.955,99.96,-0.045
2022-06-28,511920.SH,广发货币E,20160328,,税后活期存款利率:即(1-利息税率)*活期存款利率,广发基金管理有限公司,中国工商银行股份有限公司,货币型ETF,,,7990000.0,100,10000,100,100,0
2022-06-29,511920.SH,广发货币E,20160328,,税后活期存款利率:即(1-利息税率)*活期存款利率,广发基金管理有限公司,中国工商银行股份有限公司,货币型ETF,,,7990000.0,1020,101980,99.982,99.980392156863,-0.018
2022-06-30,511920.SH,广发货币E,20160328,,税后活期存款利率:即(1-利息税率)*活期存款利率,广发基金管理有限公司,中国工商银行股份有限公司,货币型ETF,,,7920000.0,800,79990,100,99.9875,0
2022-07-01,511920.SH,广发货币E,20160328,,税后活期存款利率:即(1-利息税率)*活期存款利率,广发基金管理有限公司,中国工商银行股份有限公司,货币型ETF,,,7920000.0,4100,410207,100.001,100.05048780488,0.001
2022-07-04,511920.SH,广发货币E,20160328,,税后活期存款利率:即(1-利息税率)*活期存款利率,广发基金管理有限公司,中国工商银行股份有限公司,货币型ETF,,,7920000.0,1300,129998,99.999,99.998461538462,-0.001
2022-07-05,511920.SH,广发货币E,20160328,,税后活期存款利率:即(1-利息税率)*活期存款利率,广发基金管理有限公司,中国工商银行股份有限公司,货币型ETF,,,7920000.0,1405,140494,99.993,99.995729537367,-0.007
2022-07-06,511920.SH,广发货币E,20160328,,税后活期存款利率:即(1-利息税率)*活期存款利率,广发基金管理有限公司,中国工商银行股份有限公司,货币型ETF,,,7870000.0,2801,280114,100.005,100.00499821492,0.005
2022-07-07,511920.SH,广发货币E,20160328,,税后活期存款利率:即(1-利息税率)*活期存款利率,广发基金管理有限公司,中国工商银行股份有限公司,货币型ETF,,,7870000.0,101,10099,99.995,99.990099009901,-0.005
2022-07-08,511920.SH,广发货币E,20160328,,税后活期存款利率:即(1-利息税率)*活期存款利率,广发基金管理有限公司,中国工商银行股份有限公司,货币型ETF,,,7870000.0,704,70407,100.009,100.00994318182,0.009
2022-07-11,511920.SH,广发货币E,20160328,,税后活期存款利率:即(1-利息税率)*活期存款利率,广发基金管理有限公司,中国工商银行股份有限公司,货币型ETF,,,7870000.0,388,38800,100,100,0
2022-07-12,511920.SH,广发货币E,20160328,,税后活期存款利率:即(1-利息税率)*活期存款利率,广发基金管理有限公司,中国工商银行股份有限公司,货币型ETF,,,7870000.0,1600,159999,100,99.999375,0
2022-07-13,511920.SH,广发货币E,20160328,,税后活期存款利率:即(1-利息税率)*活期存款利率,广发基金管理有限公司,中国工商银行股份有限公司,货币型ETF,,,7880000.0,1000,100014,100.034,100.014,0.034
2022-07-14,511920.SH,广发货币E,20160328,,税后活期存款利率:即(1-利息税率)*活期存款利率,广发基金管理有限公司,中国工商银行股份有限公司,货币型ETF,,,7830000.0,400,39998,99.995,99.995,-0.005
2022-07-15,511920.SH,广发货币E,20160328,,税后活期存款利率:即(1-利息税率)*活期存款利率,广发基金管理有限公司,中国工商银行股份有限公司,货币型ETF,,,7820000.0,2000,200154,100.001,100.077,0.001
2022-07-18,511920.SH,广发货币E,20160328,,税后活期存款利率:即(1-利息税率)*活期存款利率,广发基金管理有限公司,中国工商银行股份有限公司,货币型ETF,,,8460000.0,300,29999,100,99.996666666667,0
2022-07-19,511920.SH,广发货币E,20160328,,税后活期存款利率:即(1-利息税率)*活期存款利率,广发基金管理有限公司,中国工商银行股份有限公司,货币型ETF,,,8460000.0,200,19999,99.995,99.995,-0.005
2022-07-20,511920.SH,广发货币E,20160328,,税后活期存款利率:即(1-利息税率)*活期存款利率,广发基金管理有限公司,中国工商银行股份有限公司,货币型ETF,,,7870000.0,,,99.995,99.995,-0.005
2022-07-21,511920.SH,广发货币E,20160328,,税后活期存款利率:即(1-利息税率)*活期存款利率,广发基金管理有限公司,中国工商银行股份有限公司,货币型ETF,,,7820000.0,600,59996,99.994,99.993333333333,-0.006
2022-07-22,511920.SH,广发货币E,20160328,,税后活期存款利率:即(1-利息税率)*活期存款利率,广发基金管理有限公司,中国工商银行股份有限公司,货币型ETF,,,7810000.0,1802,180210,100.016,100.00554938957,0.016
2022-07-25,511920.SH,广发货币E,20160328,,税后活期存款利率:即(1-利息税率)*活期存款利率,广发基金管理有限公司,中国工商银行股份有限公司,货币型ETF,,,7770000.0,1604,160387,100,99.991895261845,0
2022-07-26,511920.SH,广发货币E,20160328,,税后活期存款利率:即(1-利息税率)*活期存款利率,广发基金管理有限公司,中国工商银行股份有限公司,货币型ETF,,,7710000.0,24,2400,99.982,100,-0.018
2022-07-27,511920.SH,广发货币E,20160328,,税后活期存款利率:即(1-利息税率)*活期存款利率,广发基金管理有限公司,中国工商银行股份有限公司,货币型ETF,,,7710000.0,100,10000,100,100,0
2022-07-28,511920.SH,广发货币E,20160328,,税后活期存款利率:即(1-利息税率)*活期存款利率,广发基金管理有限公司,中国工商银行股份有限公司,货币型ETF,,,7710000.0,203,20300,100,100,0
2022-07-29,511920.SH,广发货币E,20160328,,税后活期存款利率:即(1-利息税率)*活期存款利率,广发基金管理有限公司,中国工商银行股份有限公司,货币型ETF,,,7710000.0,400,40000,100,100,0
2022-08-01,511920.SH,广发货币E,20160328,,税后活期存款利率:即(1-利息税率)*活期存款利率,广发基金管理有限公司,中国工商银行股份有限公司,货币型ETF,,,7720000.0,400,40001,99.995,100.0025,-0.005
2022-08-02,511920.SH,广发货币E,20160328,,税后活期存款利率:即(1-利息税率)*活期存款利率,广发基金管理有限公司,中国工商银行股份有限公司,货币型ETF,,,7710000.0,1203,120294,100,99.995012468828,0
2022-08-03,511920.SH,广发货币E,20160328,,税后活期存款利率:即(1-利息税率)*活期存款利率,广发基金管理有限公司,中国工商银行股份有限公司,货币型ETF,,,7680000.0,116,11600,100,100,0
2022-08-04,511920.SH,广发货币E,20160328,,税后活期存款利率:即(1-利息税率)*活期存款利率,广发基金管理有限公司,中国工商银行股份有限公司,货币型ETF,,,7680000.0,2402,240188,99.998,99.995004163197,-0.002
2022-08-05,511920.SH,广发货币E,20160328,,税后活期存款利率:即(1-利息税率)*活期存款利率,广发基金管理有限公司,中国工商银行股份有限公司,货币型ETF,,,7630000.0,200,20000,100,100,0
2022-08-08,511920.SH,广发货币E,20160328,,税后活期存款利率:即(1-利息税率)*活期存款利率,广发基金管理有限公司,中国工商银行股份有限公司,货币型ETF,,,7570000.0,422,42224,100,100.05687203791,0
2022-08-09,511920.SH,广发货币E,20160328,,税后活期存款利率:即(1-利息税率)*活期存款利率,广发基金管理有限公司,中国工商银行股份有限公司,货币型ETF,,,7570000.0,514,51396,99.993,99.992217898833,-0.007
2022-08-10,511920.SH,广发货币E,20160328,,税后活期存款利率:即(1-利息税率)*活期存款利率,广发基金管理有限公司,中国工商银行股份有限公司,货币型ETF,,,7560000.0,1000,99997,99.997,99.997,-0.003
2022-08-11,511920.SH,广发货币E,20160328,,税后活期存款利率:即(1-利息税率)*活期存款利率,广发基金管理有限公司,中国工商银行股份有限公司,货币型ETF,,,7560000.0,100,10000,99.997,100,-0.003
2022-08-12,511920.SH,广发货币E,20160328,,税后活期存款利率:即(1-利息税率)*活期存款利率,广发基金管理有限公司,中国工商银行股份有限公司,货币型ETF,,,7560000.0,,,99.997,99.997,-0.003
2022-08-15,511920.SH,广发货币E,20160328,,税后活期存款利率:即(1-利息税率)*活期存款利率,广发基金管理有限公司,中国工商银行股份有限公司,货币型ETF,,,7570000.0,600,59998,100.003,99.996666666667,0.003
2022-08-16,511920.SH,广发货币E,20160328,,税后活期存款利率:即(1-利息税率)*活期存款利率,广发基金管理有限公司,中国工商银行股份有限公司,货币型ETF,,,7540000.0,1001,100098,99.993,99.998001998002,-0.007
2022-08-17,511920.SH,广发货币E,20160328,,税后活期存款利率:即(1-利息税率)*活期存款利率,广发基金管理有限公司,中国工商银行股份有限公司,货币型ETF,,,7530000.0,,,99.993,99.993,-0.007
2022-08-18,511920.SH,广发货币E,20160328,,税后活期存款利率:即(1-利息税率)*活期存款利率,广发基金管理有限公司,中国工商银行股份有限公司,货币型ETF,,,7540000.0,1313,131267,99.901,99.974866717441,-0.099
2022-08-19,511920.SH,广发货币E,20160328,,税后活期存款利率:即(1-利息税率)*活期存款利率,广发基金管理有限公司,中国工商银行股份有限公司,货币型ETF,,,7540000.0,2826,282587,100,99.995399858457,0
2022-08-22,511920.SH,广发货币E,20160328,,税后活期存款利率:即(1-利息税率)*活期存款利率,广发基金管理有限公司,中国工商银行股份有限公司,货币型ETF,,,7540000.0,1100,109994,99.999,99.994545454545,-0.001
2022-08-23,511920.SH,广发货币E,20160328,,税后活期存款利率:即(1-利息税率)*活期存款利率,广发基金管理有限公司,中国工商银行股份有限公司,货币型ETF,,,7500000.0,100,10000,99.999,100,-0.001
2022-08-24,511920.SH,广发货币E,20160328,,税后活期存款利率:即(1-利息税率)*活期存款利率,广发基金管理有限公司,中国工商银行股份有限公司,货币型ETF,,,7500000.0,800,79994,100,99.9925,0
2022-08-25,511920.SH,广发货币E,20160328,,税后活期存款利率:即(1-利息税率)*活期存款利率,广发基金管理有限公司,中国工商银行股份有限公司,货币型ETF,,,7480000.0,3400,339969,99.993,99.990882352941,-0.007
2022-08-26,511920.SH,广发货币E,20160328,,税后活期存款利率:即(1-利息税率)*活期存款利率,广发基金管理有限公司,中国工商银行股份有限公司,货币型ETF,,,7400000.0,108,10801,99.997,100.00925925926,-0.003
2022-08-29,511920.SH,广发货币E,20160328,,税后活期存款利率:即(1-利息税率)*活期存款利率,广发基金管理有限公司,中国工商银行股份有限公司,货币型ETF,,,7410000.0,,,99.997,99.997,-0.003
2022-08-30,511920.SH,广发货币E,20160328,,税后活期存款利率:即(1-利息税率)*活期存款利率,广发基金管理有限公司,中国工商银行股份有限公司,货币型ETF,,,7410000.0,,,99.997,99.997,-0.003
2022-08-31,511920.SH,广发货币E,20160328,,税后活期存款利率:即(1-利息税率)*活期存款利率,广发基金管理有限公司,中国工商银行股份有限公司,货币型ETF,,,7410000.0,214,21398,99.991,99.990654205607,-0.009
2022-09-01,511920.SH,广发货币E,20160328,,税后活期存款利率:即(1-利息税率)*活期存款利率,广发基金管理有限公司,中国工商银行股份有限公司,货币型ETF,,,7410000.0,567,56696,99.992,99.992945326279,-0.008
2022-09-02,511920.SH,广发货币E,20160328,,税后活期存款利率:即(1-利息税率)*活期存款利率,广发基金管理有限公司,中国工商银行股份有限公司,货币型ETF,,,7610000.0,4000,400014,100.006,100.0035,0.006
2022-09-05,511920.SH,广发货币E,20160328,,税后活期存款利率:即(1-利息税率)*活期存款利率,广发基金管理有限公司,中国工商银行股份有限公司,货币型ETF,,,7610000.0,3509,350883,100,99.995155314905,0
2022-09-06,511920.SH,广发货币E,20160328,,税后活期存款利率:即(1-利息税率)*活期存款利率,广发基金管理有限公司,中国工商银行股份有限公司,货币型ETF,,,7600000.0,2700,269990,100.009,99.996296296296,0.009
2022-09-07,511920.SH,广发货币E,20160328,,税后活期存款利率:即(1-利息税率)*活期存款利率,广发基金管理有限公司,中国工商银行股份有限公司,货币型ETF,,,7500000.0,400,39998,99.996,99.995,-0.004
2022-09-08,511920.SH,广发货币E,20160328,,税后活期存款利率:即(1-利息税率)*活期存款利率,广发基金管理有限公司,中国工商银行股份有限公司,货币型ETF,,,7500000.0,1677,167694,99.998,99.996422182469,-0.002
2022-09-09,511920.SH,广发货币E,20160328,,税后活期存款利率:即(1-利息税率)*活期存款利率,广发基金管理有限公司,中国工商银行股份有限公司,货币型ETF,,,7510000.0,6440,644100,100.007,100.01552795031,0.007
2022-09-13,511920.SH,广发货币E,20160328,,税后活期存款利率:即(1-利息税率)*活期存款利率,广发基金管理有限公司,中国工商银行股份有限公司,货币型ETF,,,7510000.0,2400,239968,100,99.986666666667,0
2022-09-14,511920.SH,广发货币E,20160328,,税后活期存款利率:即(1-利息税率)*活期存款利率,广发基金管理有限公司,中国工商银行股份有限公司,货币型ETF,,,7470000.0,1400,140003,99.985,100.00214285714,-0.015
2022-09-15,511920.SH,广发货币E,20160328,,税后活期存款利率:即(1-利息税率)*活期存款利率,广发基金管理有限公司,中国工商银行股份有限公司,货币型ETF,,,7370000.0,,,99.985,99.985,-0.015
2022-09-16,511920.SH,广发货币E,20160328,,税后活期存款利率:即(1-利息税率)*活期存款利率,广发基金管理有限公司,中国工商银行股份有限公司,货币型ETF,,,7680000.0,2700,270004,100,100.00148148148,0
2022-09-19,511920.SH,广发货币E,20160328,,税后活期存款利率:即(1-利息税率)*活期存款利率,广发基金管理有限公司,中国工商银行股份有限公司,货币型ETF,,,7720000.0,1100,109992,99.995,99.992727272727,-0.005
2022-09-20,511920.SH,广发货币E,20160328,,税后活期存款利率:即(1-利息税率)*活期存款利率,广发基金管理有限公司,中国工商银行股份有限公司,货币型ETF,,,7730000.0,3154,315368,99.994,99.989854153456,-0.006
2022-09-21,511920.SH,广发货币E,20160328,,税后活期存款利率:即(1-利息税率)*活期存款利率,广发基金管理有限公司,中国工商银行股份有限公司,货币型ETF,,,7720000.0,501,50093,99.996,99.986027944112,-0.004
2022-09-22,511920.SH,广发货币E,20160328,,税后活期存款利率:即(1-利息税率)*活期存款利率,广发基金管理有限公司,中国工商银行股份有限公司,货币型ETF,,,7710000.0,800,79999,99.979,99.99875,-0.021
2022-09-23,511920.SH,广发货币E,20160328,,税后活期存款利率:即(1-利息税率)*活期存款利率,广发基金管理有限公司,中国工商银行股份有限公司,货币型ETF,,,7700000.0,2902,290235,100.012,100.01206064783,0.012
2022-09-26,511920.SH,广发货币E,20160328,,税后活期存款利率:即(1-利息税率)*活期存款利率,广发基金管理有限公司,中国工商银行股份有限公司,货币型ETF,,,7710000.0,678,67793,99.944,99.989675516224,-0.056
2022-09-27,511920.SH,广发货币E,20160328,,税后活期存款利率:即(1-利息税率)*活期存款利率,广发基金管理有限公司,中国工商银行股份有限公司,货币型ETF,,,7700000.0,1138,113859,99.995,100.05184534271,-0.005
2022-09-28,511920.SH,广发货币E,20160328,,税后活期存款利率:即(1-利息税率)*活期存款利率,广发基金管理有限公司,中国工商银行股份有限公司,货币型ETF,,,7780000.0,3138,313790,99.991,99.996813256851,-0.009
2022-09-29,511920.SH,广发货币E,20160328,,税后活期存款利率:即(1-利息税率)*活期存款利率,广发基金管理有限公司,中国工商银行股份有限公司,货币型ETF,,,9600000.0,1100,109980,99.99,99.981818181818,-0.01
2022-09-30,511920.SH,广发货币E,20160328,,税后活期存款利率:即(1-利息税率)*活期存款利率,广发基金管理有限公司,中国工商银行股份有限公司,货币型ETF,,,9570000.0,35556,3558005,100.056,100.0676397795,0.056
2022-10-10,511920.SH,广发货币E,20160328,,税后活期存款利率:即(1-利息税率)*活期存款利率,广发基金管理有限公司,中国工商银行股份有限公司,货币型ETF,,,9750000.0,12340,1233948,99.996,99.995786061588,-0.004
2022-10-11,511920.SH,广发货币E,20160328,,税后活期存款利率:即(1-利息税率)*活期存款利率,广发基金管理有限公司,中国工商银行股份有限公司,货币型ETF,,,9560000.0,3858,385779,99.994,99.994556765163,-0.006
2022-10-12,511920.SH,广发货币E,20160328,,税后活期存款利率:即(1-利息税率)*活期存款利率,广发基金管理有限公司,中国工商银行股份有限公司,货币型ETF,,,9510000.0,2604,260439,99.996,100.01497695853,-0.004
2022-10-13,511920.SH,广发货币E,20160328,,税后活期存款利率:即(1-利息税率)*活期存款利率,广发基金管理有限公司,中国工商银行股份有限公司,货币型ETF,,,9450000.0,2220,221991,99.951,99.995945945946,-0.049
2022-10-14,511920.SH,广发货币E,20160328,,税后活期存款利率:即(1-利息税率)*活期存款利率,广发基金管理有限公司,中国工商银行股份有限公司,货币型ETF,,,9440000.0,10703,1070627,100.01,100.03055218163,0.01
2022-10-17,511920.SH,广发货币E,20160328,,税后活期存款利率:即(1-利息税率)*活期存款利率,广发基金管理有限公司,中国工商银行股份有限公司,货币型ETF,,,9440000.0,2086,208592,99.996,99.996164908917,-0.004
2022-10-18,511920.SH,广发货币E,20160328,,税后活期存款利率:即(1-利息税率)*活期存款利率,广发基金管理有限公司,中国工商银行股份有限公司,货币型ETF,,,9440000.0,5482,548191,100.001,99.998358263408,0.001
2022-10-19,511920.SH,广发货币E,20160328,,税后活期存款利率:即(1-利息税率)*活期存款利率,广发基金管理有限公司,中国工商银行股份有限公司,货币型ETF,,,9430000.0,1200,119999,100.002,99.999166666667,0.002
2022-10-20,511920.SH,广发货币E,20160328,,税后活期存款利率:即(1-利息税率)*活期存款利率,广发基金管理有限公司,中国工商银行股份有限公司,货币型ETF,,,9430000.0,1300,129998,99.999,99.998461538462,-0.001
2022-10-21,511920.SH,广发货币E,20160328,,税后活期存款利率:即(1-利息税率)*活期存款利率,广发基金管理有限公司,中国工商银行股份有限公司,货币型ETF,,,9430000.0,11916,1191737,100.006,100.01149714669,0.006
2022-10-24,511920.SH,广发货币E,20160328,,税后活期存款利率:即(1-利息税率)*活期存款利率,广发基金管理有限公司,中国工商银行股份有限公司,货币型ETF,,,9440000.0,3600,359966,99.984,99.990555555556,-0.016
2022-10-25,511920.SH,广发货币E,20160328,,税后活期存款利率:即(1-利息税率)*活期存款利率,广发基金管理有限公司,中国工商银行股份有限公司,货币型ETF,,,9440000.0,17626,1762671,100.005,100.00402814025,0.005
2022-10-26,511920.SH,广发货币E,20160328,,税后活期存款利率:即(1-利息税率)*活期存款利率,广发基金管理有限公司,中国工商银行股份有限公司,货币型ETF,,,9440000.0,109,10900,100,100,0
2022-10-27,511920.SH,广发货币E,20160328,,税后活期存款利率:即(1-利息税率)*活期存款利率,广发基金管理有限公司,中国工商银行股份有限公司,货币型ETF,,,9440000.0,2296,229567,100,99.9856271777,0
2022-10-28,511920.SH,广发货币E,20160328,,税后活期存款利率:即(1-利息税率)*活期存款利率,广发基金管理有限公司,中国工商银行股份有限公司,货币型ETF,,,9440000.0,4100,409983,99.999,99.995853658537,-0.001
2022-10-31,511920.SH,广发货币E,20160328,,税后活期存款利率:即(1-利息税率)*活期存款利率,广发基金管理有限公司,中国工商银行股份有限公司,货币型ETF,,,9250000.0,2009,200879,99.986,99.989547038328,-0.014
2022-11-01,511920.SH,广发货币E,20160328,,税后活期存款利率:即(1-利息税率)*活期存款利率,广发基金管理有限公司,中国工商银行股份有限公司,货币型ETF,,,9110000.0,17927,1792394,99.994,99.982930774809,-0.006
2022-11-02,511920.SH,广发货币E,20160328,,税后活期存款利率:即(1-利息税率)*活期存款利率,广发基金管理有限公司,中国工商银行股份有限公司,货币型ETF,,,7880000.0,4000,399967,99.992,99.99175,-0.008
2022-11-03,511920.SH,广发货币E,20160328,,税后活期存款利率:即(1-利息税率)*活期存款利率,广发基金管理有限公司,中国工商银行股份有限公司,货币型ETF,,,7510000.0,11400,1140008,100.005,100.00070175439,0.005
2022-11-04,511920.SH,广发货币E,20160328,,税后活期存款利率:即(1-利息税率)*活期存款利率,广发基金管理有限公司,中国工商银行股份有限公司,货币型ETF,,,7510000.0,1725,172516,100.008,100.00927536232,0.008
2022-11-07,511920.SH,广发货币E,20160328,,税后活期存款利率:即(1-利息税率)*活期存款利率,广发基金管理有限公司,中国工商银行股份有限公司,货币型ETF,,,7520000.0,5800,579962,99.99,99.993448275862,-0.01
2022-11-08,511920.SH,广发货币E,20160328,,税后活期存款利率:即(1-利息税率)*活期存款利率,广发基金管理有限公司,中国工商银行股份有限公司,货币型ETF,,,7490000.0,1300,129998,100.007,99.998461538462,0.007
2022-11-09,511920.SH,广发货币E,20160328,,税后活期存款利率:即(1-利息税率)*活期存款利率,广发基金管理有限公司,中国工商银行股份有限公司,货币型ETF,,,7490000.0,1200,119997,99.992,99.9975,-0.008
2022-11-10,511920.SH,广发货币E,20160328,,税后活期存款利率:即(1-利息税率)*活期存款利率,广发基金管理有限公司,中国工商银行股份有限公司,货币型ETF,,,7480000.0,400,40000,99.999,100,-0.001
2022-11-11,511920.SH,广发货币E,20160328,,税后活期存款利率:即(1-利息税率)*活期存款利率,广发基金管理有限公司,中国工商银行股份有限公司,货币型ETF,,,7480000.0,1400,140023,100,100.01642857143,0
2022-11-14,511920.SH,广发货币E,20160328,,税后活期存款利率:即(1-利息税率)*活期存款利率,广发基金管理有限公司,中国工商银行股份有限公司,货币型ETF,,,7490000.0,1004,100388,99.99,99.988047808765,-0.01
2022-11-15,511920.SH,广发货币E,20160328,,税后活期存款利率:即(1-利息税率)*活期存款利率,广发基金管理有限公司,中国工商银行股份有限公司,货币型ETF,,,7490000.0,700,70001,100.001,100.00142857143,0.001
2022-11-16,511920.SH,广发货币E,20160328,,税后活期存款利率:即(1-利息税率)*活期存款利率,广发基金管理有限公司,中国工商银行股份有限公司,货币型ETF,,,7490000.0,1400,139990,99.998,99.992857142857,-0.002
2022-11-17,511920.SH,广发货币E,20160328,,税后活期存款利率:即(1-利息税率)*活期存款利率,广发基金管理有限公司,中国工商银行股份有限公司,货币型ETF,,,7500000.0,208,20798,99.988,99.990384615385,-0.012
2022-11-18,511920.SH,广发货币E,20160328,,税后活期存款利率:即(1-利息税率)*活期存款利率,广发基金管理有限公司,中国工商银行股份有限公司,货币型ETF,,,7500000.0,4866,486805,100.035,100.04212905878,0.035
2022-11-21,511920.SH,广发货币E,20160328,,税后活期存款利率:即(1-利息税率)*活期存款利率,广发基金管理有限公司,中国工商银行股份有限公司,货币型ETF,,,7500000.0,570,56999,100.006,99.998245614035,0.006
2022-11-22,511920.SH,广发货币E,20160328,,税后活期存款利率:即(1-利息税率)*活期存款利率,广发基金管理有限公司,中国工商银行股份有限公司,货币型ETF,,,7500000.0,4200,420213,100.01,100.05071428571,0.01
2022-11-23,511920.SH,广发货币E,20160328,,税后活期存款利率:即(1-利息税率)*活期存款利率,广发基金管理有限公司,中国工商银行股份有限公司,货币型ETF,,,7510000.0,401,40121,100.01,100.05236907731,0.01
2022-11-24,511920.SH,广发货币E,20160328,,税后活期存款利率:即(1-利息税率)*活期存款利率,广发基金管理有限公司,中国工商银行股份有限公司,货币型ETF,,,7510000.0,928,92808,100.01,100.00862068966,0.01
2022-11-25,511920.SH,广发货币E,20160328,,税后活期存款利率:即(1-利息税率)*活期存款利率,广发基金管理有限公司,中国工商银行股份有限公司,货币型ETF,,,7560000.0,1007,100745,100.05,100.04468718967,0.05
2022-11-28,511920.SH,广发货币E,20160328,,税后活期存款利率:即(1-利息税率)*活期存款利率,广发基金管理有限公司,中国工商银行股份有限公司,货币型ETF,,,7560000.0,1501,150100,99.997,100,-0.003
2022-11-29,511920.SH,广发货币E,20160328,,税后活期存款利率:即(1-利息税率)*活期存款利率,广发基金管理有限公司,中国工商银行股份有限公司,货币型ETF,,,7480000.0,907,90690,99.99,99.988974641676,-0.01
2022-11-30,511920.SH,广发货币E,20160328,,税后活期存款利率:即(1-利息税率)*活期存款利率,广发基金管理有限公司,中国工商银行股份有限公司,货币型ETF,,,7480000.0,800,79996,99.998,99.995,-0.002
2022-12-01,511920.SH,广发货币E,20160328,,税后活期存款利率:即(1-利息税率)*活期存款利率,广发基金管理有限公司,中国工商银行股份有限公司,货币型ETF,,,7480000.0,1406,140427,99.308,99.876955903272,-0.692
2022-12-02,511920.SH,广发货币E,20160328,,税后活期存款利率:即(1-利息税率)*活期存款利率,广发基金管理有限公司,中国工商银行股份有限公司,货币型ETF,,,7480000.0,1901,190140,100.018,100.02104155708,0.018
2022-12-05,511920.SH,广发货币E,20160328,,税后活期存款利率:即(1-利息税率)*活期存款利率,广发基金管理有限公司,中国工商银行股份有限公司,货币型ETF,,,7480000.0,1217,121697,100.01,99.997534921939,0.01
2022-12-06,511920.SH,广发货币E,20160328,,税后活期存款利率:即(1-利息税率)*活期存款利率,广发基金管理有限公司,中国工商银行股份有限公司,货币型ETF,,,7480000.0,200,19998,99.992,99.99,-0.008
2022-12-07,511920.SH,广发货币E,20160328,,税后活期存款利率:即(1-利息税率)*活期存款利率,广发基金管理有限公司,中国工商银行股份有限公司,货币型ETF,,,7490000.0,605,60496,100.002,99.993388429752,0.002
2022-12-08,511920.SH,广发货币E,20160328,,税后活期存款利率:即(1-利息税率)*活期存款利率,广发基金管理有限公司,中国工商银行股份有限公司,货币型ETF,,,7480000.0,100,10000,100,100,0
2022-12-09,511920.SH,广发货币E,20160328,,税后活期存款利率:即(1-利息税率)*活期存款利率,广发基金管理有限公司,中国工商银行股份有限公司,货币型ETF,,,7480000.0,410,41000,100,100,0
2022-12-12,511920.SH,广发货币E,20160328,,税后活期存款利率:即(1-利息税率)*活期存款利率,广发基金管理有限公司,中国工商银行股份有限公司,货币型ETF,,,7450000.0,300,30000,99.998,100,-0.002
2022-12-13,511920.SH,广发货币E,20160328,,税后活期存款利率:即(1-利息税率)*活期存款利率,广发基金管理有限公司,中国工商银行股份有限公司,货币型ETF,,,7450000.0,1108,110799,100.002,99.999097472924,0.002
2022-12-14,511920.SH,广发货币E,20160328,,税后活期存款利率:即(1-利息税率)*活期存款利率,广发基金管理有限公司,中国工商银行股份有限公司,货币型ETF,,,7450000.0,200,19998,99.991,99.99,-0.009
2022-12-15,511920.SH,广发货币E,20160328,,税后活期存款利率:即(1-利息税率)*活期存款利率,广发基金管理有限公司,中国工商银行股份有限公司,货币型ETF,,,7450000.0,2100,210040,100.019,100.01904761905,0.019
2022-12-16,511920.SH,广发货币E,20160328,,税后活期存款利率:即(1-利息税率)*活期存款利率,广发基金管理有限公司,中国工商银行股份有限公司,货币型ETF,,,7440000.0,672,67212,100.018,100.01785714286,0.018
2022-12-19,511920.SH,广发货币E,20160328,,税后活期存款利率:即(1-利息税率)*活期存款利率,广发基金管理有限公司,中国工商银行股份有限公司,货币型ETF,,,7440000.0,,,100.018,100.018,0.018
2022-12-20,511920.SH,广发货币E,20160328,,税后活期存款利率:即(1-利息税率)*活期存款利率,广发基金管理有限公司,中国工商银行股份有限公司,货币型ETF,,,7450000.0,1100,109998,100,99.998181818182,0
2022-12-21,511920.SH,广发货币E,20160328,,税后活期存款利率:即(1-利息税率)*活期存款利率,广发基金管理有限公司,中国工商银行股份有限公司,货币型ETF,,,7460000.0,2800,280197,100,100.07035714286,0
2022-12-22,511920.SH,广发货币E,20160328,,税后活期存款利率:即(1-利息税率)*活期存款利率,广发基金管理有限公司,中国工商银行股份有限公司,货币型ETF,,,7480000.0,600,60004,100.013,100.00666666667,0.013
2022-12-23,511920.SH,广发货币E,20160328,,税后活期存款利率:即(1-利息税率)*活期存款利率,广发基金管理有限公司,中国工商银行股份有限公司,货币型ETF,,,7480000.0,1600,160018,100.011,100.01125,0.011
2022-12-26,511920.SH,广发货币E,20160328,,税后活期存款利率:即(1-利息税率)*活期存款利率,广发基金管理有限公司,中国工商银行股份有限公司,货币型ETF,,,7480000.0,3857,385585,99.971,99.970184080892,-0.029
2022-12-27,511920.SH,广发货币E,20160328,,税后活期存款利率:即(1-利息税率)*活期存款利率,广发基金管理有限公司,中国工商银行股份有限公司,货币型ETF,,,7480000.0,114,11400,100,100,0
2022-12-28,511920.SH,广发货币E,20160328,,税后活期存款利率:即(1-利息税率)*活期存款利率,广发基金管理有限公司,中国工商银行股份有限公司,货币型ETF,,,7480000.0,2803,280269,100,99.988940420978,0
2022-12-29,511920.SH,广发货币E,20160328,,税后活期存款利率:即(1-利息税率)*活期存款利率,广发基金管理有限公司,中国工商银行股份有限公司,货币型ETF,,,7460000.0,600,59998,99.996,99.996666666667,-0.004
2022-12-30,511920.SH,广发货币E,20160328,,税后活期存款利率:即(1-利息税率)*活期存款利率,广发基金管理有限公司,中国工商银行股份有限公司,货币型ETF,,,7460000.0,5888,589398,100.1,100.1015625,0.1
2023-01-03,511920.SH,广发货币E,20160328,,税后活期存款利率:即(1-利息税率)*活期存款利率,广发基金管理有限公司,中国工商银行股份有限公司,货币型ETF,,,7550000.0,6991,699177,99.999,100.01101416106,-0.001
2023-01-04,511920.SH,广发货币E,20160328,,税后活期存款利率:即(1-利息税率)*活期存款利率,广发基金管理有限公司,中国工商银行股份有限公司,货币型ETF,,,7420000.0,1972,197260,99.996,100.03042596349,-0.004
2023-01-05,511920.SH,广发货币E,20160328,,税后活期存款利率:即(1-利息税率)*活期存款利率,广发基金管理有限公司,中国工商银行股份有限公司,货币型ETF,,,7400000.0,3906,390642,99.991,100.01075268817,-0.009
2023-01-06,511920.SH,广发货币E,20160328,,税后活期存款利率:即(1-利息税率)*活期存款利率,广发基金管理有限公司,中国工商银行股份有限公司,货币型ETF,,,7400000.0,3501,350157,100.026,100.01628106255,0.026
2023-01-09,511920.SH,广发货币E,20160328,,税后活期存款利率:即(1-利息税率)*活期存款利率,广发基金管理有限公司,中国工商银行股份有限公司,货币型ETF,,,7400000.0,6518,651945,100.005,100.02224608776,0.005
2023-01-10,511920.SH,广发货币E,20160328,,税后活期存款利率:即(1-利息税率)*活期存款利率,广发基金管理有限公司,中国工商银行股份有限公司,货币型ETF,,,7400000.0,589,58908,100.078,100.01358234295,0.078
2023-01-11,511920.SH,广发货币E,20160328,,税后活期存款利率:即(1-利息税率)*活期存款利率,广发基金管理有限公司,中国工商银行股份有限公司,货币型ETF,,,7400000.0,400,40005,99.995,100.0125,-0.005
2023-01-12,511920.SH,广发货币E,20160328,,税后活期存款利率:即(1-利息税率)*活期存款利率,广发基金管理有限公司,中国工商银行股份有限公司,货币型ETF,,,7400000.0,1489,148894,99.997,99.995970449966,-0.003
2023-01-13,511920.SH,广发货币E,20160328,,税后活期存款利率:即(1-利息税率)*活期存款利率,广发基金管理有限公司,中国工商银行股份有限公司,货币型ETF,,,7340000.0,1100,110004,100.01,100.00363636364,0.01
2023-01-16,511920.SH,广发货币E,20160328,,税后活期存款利率:即(1-利息税率)*活期存款利率,广发基金管理有限公司,中国工商银行股份有限公司,货币型ETF,,,7850000.0,606,60594,99.993,99.990099009901,-0.007
2023-01-17,511920.SH,广发货币E,20160328,,税后活期存款利率:即(1-利息税率)*活期存款利率,广发基金管理有限公司,中国工商银行股份有限公司,货币型ETF,,,7850000.0,6453,645236,99.99,99.990082132342,-0.01
2023-01-18,511920.SH,广发货币E,20160328,,税后活期存款利率:即(1-利息税率)*活期存款利率,广发基金管理有限公司,中国工商银行股份有限公司,货币型ETF,,,7320000.0,542,54201,100.007,100.00184501845,0.007
2023-01-19,511920.SH,广发货币E,20160328,,税后活期存款利率:即(1-利息税率)*活期存款利率,广发基金管理有限公司,中国工商银行股份有限公司,货币型ETF,,,8610000.0,400,39999,99.999,99.9975,-0.001
2023-01-20,511920.SH,广发货币E,20160328,,税后活期存款利率:即(1-利息税率)*活期存款利率,广发基金管理有限公司,中国工商银行股份有限公司,货币型ETF,,,8610000.0,34448,3460879,100.424,100.46676149559,0.424
2023-01-30,511920.SH,广发货币E,20160328,,税后活期存款利率:即(1-利息税率)*活期存款利率,广发基金管理有限公司,中国工商银行股份有限公司,货币型ETF,,,10180000.0,12092,1209042,99.998,99.986933509759,-0.002
2023-01-31,511920.SH,广发货币E,20160328,,税后活期存款利率:即(1-利息税率)*活期存款利率,广发基金管理有限公司,中国工商银行股份有限公司,货币型ETF,,,10130000.0,15133,1513162,99.991,99.990880856407,-0.009
2023-02-01,511920.SH,广发货币E,20160328,,税后活期存款利率:即(1-利息税率)*活期存款利率,广发基金管理有限公司,中国工商银行股份有限公司,货币型ETF,,,9070000.0,13918,1391787,99.991,99.999065957753,-0.009
2023-02-02,511920.SH,广发货币E,20160328,,税后活期存款利率:即(1-利息税率)*活期存款利率,广发基金管理有限公司,中国工商银行股份有限公司,货币型ETF,,,9070000.0,18600,1860133,99.999,100.00715053763,-0.001
2023-02-03,511920.SH,广发货币E,20160328,,税后活期存款利率:即(1-利息税率)*活期存款利率,广发基金管理有限公司,中国工商银行股份有限公司,货币型ETF,,,9050000.0,4020,402044,100.012,100.01094527363,0.012
2023-02-06,511920.SH,广发货币E,20160328,,税后活期存款利率:即(1-利息税率)*活期存款利率,广发基金管理有限公司,中国工商银行股份有限公司,货币型ETF,,,9050000.0,2130,212989,99.994,99.994835680751,-0.006
2023-02-07,511920.SH,广发货币E,20160328,,税后活期存款利率:即(1-利息税率)*活期存款利率,广发基金管理有限公司,中国工商银行股份有限公司,货币型ETF,,,8960000.0,400,39999,99.996,99.9975,-0.004
2023-02-08,511920.SH,广发货币E,20160328,,税后活期存款利率:即(1-利息税率)*活期存款利率,广发基金管理有限公司,中国工商银行股份有限公司,货币型ETF,,,10390000.0,1817,181691,99.999,99.995046780407,-0.001
2023-02-09,511920.SH,广发货币E,20160328,,税后活期存款利率:即(1-利息税率)*活期存款利率,广发基金管理有限公司,中国工商银行股份有限公司,货币型ETF,,,10200000.0,2993,299328,99.985,100.00935516204,-0.015
2023-02-10,511920.SH,广发货币E,20160328,,税后活期存款利率:即(1-利息税率)*活期存款利率,广发基金管理有限公司,中国工商银行股份有限公司,货币型ETF,,,10150000.0,3300,330030,100.001,100.00909090909,0.001
2023-02-13,511920.SH,广发货币E,20160328,,税后活期存款利率:即(1-利息税率)*活期存款利率,广发基金管理有限公司,中国工商银行股份有限公司,货币型ETF,,,10170000.0,2701,270083,99.993,99.993706034802,-0.007
2023-02-14,511920.SH,广发货币E,20160328,,税后活期存款利率:即(1-利息税率)*活期存款利率,广发基金管理有限公司,中国工商银行股份有限公司,货币型ETF,,,10170000.0,1600,159995,99.996,99.996875,-0.004
2023-02-15,511920.SH,广发货币E,20160328,,税后活期存款利率:即(1-利息税率)*活期存款利率,广发基金管理有限公司,中国工商银行股份有限公司,货币型ETF,,,10090000.0,617,61698,99.995,99.996758508914,-0.005
2023-02-16,511920.SH,广发货币E,20160328,,税后活期存款利率:即(1-利息税率)*活期存款利率,广发基金管理有限公司,中国工商银行股份有限公司,货币型ETF,,,10090000.0,1503,150292,99.997,99.994677312043,-0.003
2023-02-17,511920.SH,广发货币E,20160328,,税后活期存款利率:即(1-利息税率)*活期存款利率,广发基金管理有限公司,中国工商银行股份有限公司,货币型ETF,,,10160000.0,5301,530113,99.993,100.00245236748,-0.007
2023-02-20,511920.SH,广发货币E,20160328,,税后活期存款利率:即(1-利息税率)*活期存款利率,广发基金管理有限公司,中国工商银行股份有限公司,货币型ETF,,,9860000.0,1461,146101,99.997,100.0006844627,-0.003
2023-02-21,511920.SH,广发货币E,20160328,,税后活期存款利率:即(1-利息税率)*活期存款利率,广发基金管理有限公司,中国工商银行股份有限公司,货币型ETF,,,9860000.0,2805,280498,99.993,99.999286987522,-0.007
2023-02-22,511920.SH,广发货币E,20160328,,税后活期存款利率:即(1-利息税率)*活期存款利率,广发基金管理有限公司,中国工商银行股份有限公司,货币型ETF,,,9820000.0,900,89998,99.997,99.997777777778,-0.003
2023-02-23,511920.SH,广发货币E,20160328,,税后活期存款利率:即(1-利息税率)*活期存款利率,广发基金管理有限公司,中国工商银行股份有限公司,货币型ETF,,,9760000.0,1200,119996,99.996,99.996666666667,-0.004
2023-02-24,511920.SH,广发货币E,20160328,,税后活期存款利率:即(1-利息税率)*活期存款利率,广发基金管理有限公司,中国工商银行股份有限公司,货币型ETF,,,9720000.0,3232,323224,100.008,100.00742574257,0.008
2023-02-27,511920.SH,广发货币E,20160328,,税后活期存款利率:即(1-利息税率)*活期存款利率,广发基金管理有限公司,中国工商银行股份有限公司,货币型ETF,,,9800000.0,3618,361783,99.997,99.995301271421,-0.003
2023-02-28,511920.SH,广发货币E,20160328,,税后活期存款利率:即(1-利息税率)*活期存款利率,广发基金管理有限公司,中国工商银行股份有限公司,货币型ETF,,,9530000.0,13816,1381502,99.988,99.992906774754,-0.012
2023-03-01,511920.SH,广发货币E,20160328,,税后活期存款利率:即(1-利息税率)*活期存款利率,广发基金管理有限公司,中国工商银行股份有限公司,货币型ETF,,,9430000.0,14262,1426143,99.999,99.996003365587,-0.001
2023-03-02,511920.SH,广发货币E,20160328,,税后活期存款利率:即(1-利息税率)*活期存款利率,广发基金管理有限公司,中国工商银行股份有限公司,货币型ETF,,,9430000.0,5975,597514,100.005,100.00234309623,0.005
2023-03-03,511920.SH,广发货币E,20160328,,税后活期存款利率:即(1-利息税率)*活期存款利率,广发基金管理有限公司,中国工商银行股份有限公司,货币型ETF,,,9440000.0,9768,976811,100,100.00112612613,0
2023-03-06,511920.SH,广发货币E,20160328,,税后活期存款利率:即(1-利息税率)*活期存款利率,广发基金管理有限公司,中国工商银行股份有限公司,货币型ETF,,,9200000.0,1500,149996,100,99.997333333333,0
2023-03-07,511920.SH,广发货币E,20160328,,税后活期存款利率:即(1-利息税率)*活期存款利率,广发基金管理有限公司,中国工商银行股份有限公司,货币型ETF,,,9200000.0,1100,110000,100,100,0
2023-03-08,511920.SH,广发货币E,20160328,,税后活期存款利率:即(1-利息税率)*活期存款利率,广发基金管理有限公司,中国工商银行股份有限公司,货币型ETF,,,9200000.0,201,20100,100,100,0
2023-03-09,511920.SH,广发货币E,20160328,,税后活期存款利率:即(1-利息税率)*活期存款利率,广发基金管理有限公司,中国工商银行股份有限公司,货币型ETF,,,9180000.0,400,40000,99.999,100,-0.001
2023-03-10,511920.SH,广发货币E,20160328,,税后活期存款利率:即(1-利息税率)*活期存款利率,广发基金管理有限公司,中国工商银行股份有限公司,货币型ETF,,,9180000.0,1700,170022,100.019,100.01294117647,0.019
2023-03-13,511920.SH,广发货币E,20160328,,税后活期存款利率:即(1-利息税率)*活期存款利率,广发基金管理有限公司,中国工商银行股份有限公司,货币型ETF,,,9180000.0,1400,140004,99.995,100.00285714286,-0.005
2023-03-14,511920.SH,广发货币E,20160328,,税后活期存款利率:即(1-利息税率)*活期存款利率,广发基金管理有限公司,中国工商银行股份有限公司,货币型ETF,,,9170000.0,5713,571287,99.995,99.99772448801,-0.005
2023-03-15,511920.SH,广发货币E,20160328,,税后活期存款利率:即(1-利息税率)*活期存款利率,广发基金管理有限公司,中国工商银行股份有限公司,货币型ETF,,,9170000.0,6400,640057,100.008,100.00890625,0.008
2023-03-16,511920.SH,广发货币E,20160328,,税后活期存款利率:即(1-利息税率)*活期存款利率,广发基金管理有限公司,中国工商银行股份有限公司,货币型ETF,,,9170000.0,21600,2159982,100,99.999166666667,0
2023-03-17,511920.SH,广发货币E,20160328,,税后活期存款利率:即(1-利息税率)*活期存款利率,广发基金管理有限公司,中国工商银行股份有限公司,货币型ETF,,,9170000.0,1814,181407,100.002,100.00385887541,0.002
2023-03-20,511920.SH,广发货币E,20160328,,税后活期存款利率:即(1-利息税率)*活期存款利率,广发基金管理有限公司,中国工商银行股份有限公司,货币型ETF,,,9960000.0,1200,119990,99.996,99.991666666667,-0.004
2023-03-21,511920.SH,广发货币E,20160328,,税后活期存款利率:即(1-利息税率)*活期存款利率,广发基金管理有限公司,中国工商银行股份有限公司,货币型ETF,,,9840000.0,,,99.996,99.996,-0.004
2023-03-22,511920.SH,广发货币E,20160328,,税后活期存款利率:即(1-利息税率)*活期存款利率,广发基金管理有限公司,中国工商银行股份有限公司,货币型ETF,,,9840000.0,1600,159994,99.996,99.99625,-0.004
2023-03-23,511920.SH,广发货币E,20160328,,税后活期存款利率:即(1-利息税率)*活期存款利率,广发基金管理有限公司,中国工商银行股份有限公司,货币型ETF,,,9750000.0,601,60097,99.993,99.995008319468,-0.007
2023-03-24,511920.SH,广发货币E,20160328,,税后活期存款利率:即(1-利息税率)*活期存款利率,广发基金管理有限公司,中国工商银行股份有限公司,货币型ETF,,,9730000.0,1300,130005,100.003,100.00384615385,0.003
2023-03-27,511920.SH,广发货币E,20160328,,税后活期存款利率:即(1-利息税率)*活期存款利率,广发基金管理有限公司,中国工商银行股份有限公司,货币型ETF,,,9690000.0,303,30296,99.995,99.986798679868,-0.005
2023-03-28,511920.SH,广发货币E,20160328,,税后活期存款利率:即(1-利息税率)*活期存款利率,广发基金管理有限公司,中国工商银行股份有限公司,货币型ETF,,,9680000.0,13,1300,99.981,100,-0.019
2023-03-29,511920.SH,广发货币E,20160328,,税后活期存款利率:即(1-利息税率)*活期存款利率,广发基金管理有限公司,中国工商银行股份有限公司,货币型ETF,,,9680000.0,3101,310100,100,100,0
2023-03-30,511920.SH,广发货币E,20160328,,税后活期存款利率:即(1-利息税率)*活期存款利率,广发基金管理有限公司,中国工商银行股份有限公司,货币型ETF,,,9690000.0,6400,639874,99.978,99.9803125,-0.022
2023-03-31,511920.SH,广发货币E,20160328,,税后活期存款利率:即(1-利息税率)*活期存款利率,广发基金管理有限公司,中国工商银行股份有限公司,货币型ETF,,,9300000.0,4728,472762,99.99,99.991962774958,-0.01
2023-04-03,511920.SH,广发货币E,20160328,,税后活期存款利率:即(1-利息税率)*活期存款利率,广发基金管理有限公司,中国工商银行股份有限公司,货币型ETF,,,9300000.0,2322,232168,99.989,99.986218776916,-0.011
2023-04-04,511920.SH,广发货币E,20160328,,税后活期存款利率:即(1-利息税率)*活期存款利率,广发基金管理有限公司,中国工商银行股份有限公司,货币型ETF,,,9260000.0,1434,143400,100.002,100,0.002
2023-04-06,511920.SH,广发货币E,20160328,,税后活期存款利率:即(1-利息税率)*活期存款利率,广发基金管理有限公司,中国工商银行股份有限公司,货币型ETF,,,9210000.0,,,100.002,100.002,0.002
2023-04-07,511920.SH,广发货币E,20160328,,税后活期存款利率:即(1-利息税率)*活期存款利率,广发基金管理有限公司,中国工商银行股份有限公司,货币型ETF,,,9210000.0,1024,102410,100.01,100.009765625,0.01
2023-04-10,511920.SH,广发货币E,20160328,,税后活期存款利率:即(1-利息税率)*活期存款利率,广发基金管理有限公司,中国工商银行股份有限公司,货币型ETF,,,9210000.0,200,20000,100.001,100,0.001
2023-04-11,511920.SH,广发货币E,20160328,,税后活期存款利率:即(1-利息税率)*活期存款利率,广发基金管理有限公司,中国工商银行股份有限公司,货币型ETF,,,9210000.0,2510,250994,100.004,99.997609561753,0.004
2023-04-12,511920.SH,广发货币E,20160328,,税后活期存款利率:即(1-利息税率)*活期存款利率,广发基金管理有限公司,中国工商银行股份有限公司,货币型ETF,,,9210000.0,200,20001,100.004,100.005,0.004
2023-04-13,511920.SH,广发货币E,20160328,,税后活期存款利率:即(1-利息税率)*活期存款利率,广发基金管理有限公司,中国工商银行股份有限公司,货币型ETF,,,9210000.0,,,100.004,100.004,0.004
2023-04-14,511920.SH,广发货币E,20160328,,税后活期存款利率:即(1-利息税率)*活期存款利率,广发基金管理有限公司,中国工商银行股份有限公司,货币型ETF,,,9200000.0,600,60015,100.045,100.025,0.045
2023-04-17,511920.SH,广发货币E,20160328,,税后活期存款利率:即(1-利息税率)*活期存款利率,广发基金管理有限公司,中国工商银行股份有限公司,货币型ETF,,,9180000.0,1008,100799,100.007,99.999007936508,0.007
2023-04-18,511920.SH,广发货币E,20160328,,税后活期存款利率:即(1-利息税率)*活期存款利率,广发基金管理有限公司,中国工商银行股份有限公司,货币型ETF,,,9180000.0,2120,212000,100,100,0
2023-04-19,511920.SH,广发货币E,20160328,,税后活期存款利率:即(1-利息税率)*活期存款利率,广发基金管理有限公司,中国工商银行股份有限公司,货币型ETF,,,9190000.0,215,21500,99.999,100,-0.001
2023-04-20,511920.SH,广发货币E,20160328,,税后活期存款利率:即(1-利息税率)*活期存款利率,广发基金管理有限公司,中国工商银行股份有限公司,货币型ETF,,,9190000.0,600,60015,100.03,100.025,0.03
2023-04-21,511920.SH,广发货币E,20160328,,税后活期存款利率:即(1-利息税率)*活期存款利率,广发基金管理有限公司,中国工商银行股份有限公司,货币型ETF,,,9190000.0,2915,291502,100,100.00068610635,0
2023-04-24,511920.SH,广发货币E,20160328,,税后活期存款利率:即(1-利息税率)*活期存款利率,广发基金管理有限公司,中国工商银行股份有限公司,货币型ETF,,,9190000.0,604,60402,100.007,100.00331125828,0.007
2023-04-25,511920.SH,广发货币E,20160328,,税后活期存款利率:即(1-利息税率)*活期存款利率,广发基金管理有限公司,中国工商银行股份有限公司,货币型ETF,,,9690000.0,400,40000,100,100,0
2023-04-26,511920.SH,广发货币E,20160328,,税后活期存款利率:即(1-利息税率)*活期存款利率,广发基金管理有限公司,中国工商银行股份有限公司,货币型ETF,,,9690000.0,,,100,100,0
2023-04-27,511920.SH,广发货币E,20160328,,税后活期存款利率:即(1-利息税率)*活期存款利率,广发基金管理有限公司,中国工商银行股份有限公司,货币型ETF,,,10360000.0,212,21200,100.008,100,0.008
2023-04-28,511920.SH,广发货币E,20160328,,税后活期存款利率:即(1-利息税率)*活期存款利率,广发基金管理有限公司,中国工商银行股份有限公司,货币型ETF,,,10360000.0,5900,590493,100.075,100.08355932203,0.075
2023-05-04,511920.SH,广发货币E,20160328,,税后活期存款利率:即(1-利息税率)*活期存款利率,广发基金管理有限公司,中国工商银行股份有限公司,货币型ETF,,,10370000.0,6501,650044,99.994,99.991385940625,-0.006
2023-05-05,511920.SH,广发货币E,20160328,,税后活期存款利率:即(1-利息税率)*活期存款利率,广发基金管理有限公司,中国工商银行股份有限公司,货币型ETF,,,10370000.0,14526,1452713,100.014,100.00777915462,0.014
2023-05-08,511920.SH,广发货币E,20160328,,税后活期存款利率:即(1-利息税率)*活期存款利率,广发基金管理有限公司,中国工商银行股份有限公司,货币型ETF,,,9490000.0,200,20000,100,100,0
2023-05-09,511920.SH,广发货币E,20160328,,税后活期存款利率:即(1-利息税率)*活期存款利率,广发基金管理有限公司,中国工商银行股份有限公司,货币型ETF,,,9490000.0,2826,282590,100.018,99.996461429582,0.018
2023-05-10,511920.SH,广发货币E,20160328,,税后活期存款利率:即(1-利息税率)*活期存款利率,广发基金管理有限公司,中国工商银行股份有限公司,货币型ETF,,,9490000.0,500,50000,100.001,100,0.001
2023-05-11,511920.SH,广发货币E,20160328,,税后活期存款利率:即(1-利息税率)*活期存款利率,广发基金管理有限公司,中国工商银行股份有限公司,货币型ETF,,,9490000.0,6507,650719,100.005,100.00291993238,0.005
2023-05-12,511920.SH,广发货币E,20160328,,税后活期存款利率:即(1-利息税率)*活期存款利率,广发基金管理有限公司,中国工商银行股份有限公司,货币型ETF,,,9490000.0,1400,140049,100.035,100.035,0.035
2023-05-15,511920.SH,广发货币E,20160328,,税后活期存款利率:即(1-利息税率)*活期存款利率,广发基金管理有限公司,中国工商银行股份有限公司,货币型ETF,,,9490000.0,3000,300062,100.059,100.02066666667,0.059
2023-05-16,511920.SH,广发货币E,20160328,,税后活期存款利率:即(1-利息税率)*活期存款利率,广发基金管理有限公司,中国工商银行股份有限公司,货币型ETF,,,9490000.0,200,20000,99.999,100,-0.001
2023-05-17,511920.SH,广发货币E,20160328,,税后活期存款利率:即(1-利息税率)*活期存款利率,广发基金管理有限公司,中国工商银行股份有限公司,货币型ETF,,,9500000.0,100,10000,99.996,100,-0.004
2023-05-18,511920.SH,广发货币E,20160328,,税后活期存款利率:即(1-利息税率)*活期存款利率,广发基金管理有限公司,中国工商银行股份有限公司,货币型ETF,,,9500000.0,1637,163692,99.994,99.995113011607,-0.006
2023-05-19,511920.SH,广发货币E,20160328,,税后活期存款利率:即(1-利息税率)*活期存款利率,广发基金管理有限公司,中国工商银行股份有限公司,货币型ETF,,,9490000.0,1131,113106,100.005,100.00530503979,0.005
2023-05-22,511920.SH,广发货币E,20160328,,税后活期存款利率:即(1-利息税率)*活期存款利率,广发基金管理有限公司,中国工商银行股份有限公司,货币型ETF,,,9490000.0,1200,119998,99.996,99.998333333333,-0.004
2023-05-23,511920.SH,广发货币E,20160328,,税后活期存款利率:即(1-利息税率)*活期存款利率,广发基金管理有限公司,中国工商银行股份有限公司,货币型ETF,,,9500000.0,100,10001,100.008,100.01,0.008
2023-05-24,511920.SH,广发货币E,20160328,,税后活期存款利率:即(1-利息税率)*活期存款利率,广发基金管理有限公司,中国工商银行股份有限公司,货币型ETF,,,9500000.0,200,19998,99.995,99.99,-0.005
2023-05-25,511920.SH,广发货币E,20160328,,税后活期存款利率:即(1-利息税率)*活期存款利率,广发基金管理有限公司,中国工商银行股份有限公司,货币型ETF,,,9500000.0,118,11798,99.988,99.983050847458,-0.012
2023-05-26,511920.SH,广发货币E,20160328,,税后活期存款利率:即(1-利息税率)*活期存款利率,广发基金管理有限公司,中国工商银行股份有限公司,货币型ETF,,,9500000.0,1724,172412,100.005,100.00696055684,0.005
2023-05-29,511920.SH,广发货币E,20160328,,税后活期存款利率:即(1-利息税率)*活期存款利率,广发基金管理有限公司,中国工商银行股份有限公司,货币型ETF,,,9440000.0,909,90895,99.995,99.994499449945,-0.005
2023-05-30,511920.SH,广发货币E,20160328,,税后活期存款利率:即(1-利息税率)*活期存款利率,广发基金管理有限公司,中国工商银行股份有限公司,货币型ETF,,,9410000.0,100,10000,100,100,0
2023-05-31,511920.SH,广发货币E,20160328,,税后活期存款利率:即(1-利息税率)*活期存款利率,广发基金管理有限公司,中国工商银行股份有限公司,货币型ETF,,,9410000.0,100,10000,99.999,100,-0.001
2023-06-01,511920.SH,广发货币E,20160328,,税后活期存款利率:即(1-利息税率)*活期存款利率,广发基金管理有限公司,中国工商银行股份有限公司,货币型ETF,,,9410000.0,200,20000,100.013,100,0.013
2023-06-02,511920.SH,广发货币E,20160328,,税后活期存款利率:即(1-利息税率)*活期存款利率,广发基金管理有限公司,中国工商银行股份有限公司,货币型ETF,,,9410000.0,25719,2571962,100.008,100.00241066916,0.008
2023-06-05,511920.SH,广发货币E,20160328,,税后活期存款利率:即(1-利息税率)*活期存款利率,广发基金管理有限公司,中国工商银行股份有限公司,货币型ETF,,,8210000.0,100,9999,99.993,99.99,-0.007
2023-06-06,511920.SH,广发货币E,20160328,,税后活期存款利率:即(1-利息税率)*活期存款利率,广发基金管理有限公司,中国工商银行股份有限公司,货币型ETF,,,8220000.0,100,9999,99.993,99.99,-0.007
2023-06-07,511920.SH,广发货币E,20160328,,税后活期存款利率:即(1-利息税率)*活期存款利率,广发基金管理有限公司,中国工商银行股份有限公司,货币型ETF,,,8220000.0,,,99.993,99.993,-0.007
2023-06-08,511920.SH,广发货币E,20160328,,税后活期存款利率:即(1-利息税率)*活期存款利率,广发基金管理有限公司,中国工商银行股份有限公司,货币型ETF,,,8220000.0,2950,294995,99.997,99.998305084746,-0.003
2023-06-09,511920.SH,广发货币E,20160328,,税后活期存款利率:即(1-利息税率)*活期存款利率,广发基金管理有限公司,中国工商银行股份有限公司,货币型ETF,,,8170000.0,1807,180713,99.97,100.0071942446,-0.03
2023-06-12,511920.SH,广发货币E,20160328,,税后活期存款利率:即(1-利息税率)*活期存款利率,广发基金管理有限公司,中国工商银行股份有限公司,货币型ETF,,,8150000.0,3710,371128,100.004,100.03450134771,0.004
2023-06-13,511920.SH,广发货币E,20160328,,税后活期存款利率:即(1-利息税率)*活期存款利率,广发基金管理有限公司,中国工商银行股份有限公司,货币型ETF,,,8150000.0,3710,370974,99.993,99.992991913747,-0.007
2023-06-14,511920.SH,广发货币E,20160328,,税后活期存款利率:即(1-利息税率)*活期存款利率,广发基金管理有限公司,中国工商银行股份有限公司,货币型ETF,,,8050000.0,300,29999,100,99.996666666667,0
2023-06-15,511920.SH,广发货币E,20160328,,税后活期存款利率:即(1-利息税率)*活期存款利率,广发基金管理有限公司,中国工商银行股份有限公司,货币型ETF,,,8050000.0,400,39998,99.999,99.995,-0.001
2023-06-16,511920.SH,广发货币E,20160328,,税后活期存款利率:即(1-利息税率)*活期存款利率,广发基金管理有限公司,中国工商银行股份有限公司,货币型ETF,,,8060000.0,1801,180090,100.001,99.99444752915,0.001
2023-06-19,511920.SH,广发货币E,20160328,,税后活期存款利率:即(1-利息税率)*活期存款利率,广发基金管理有限公司,中国工商银行股份有限公司,货币型ETF,,,8060000.0,400,40016,100,100.04,0
2023-06-20,511920.SH,广发货币E,20160328,,税后活期存款利率:即(1-利息税率)*活期存款利率,广发基金管理有限公司,中国工商银行股份有限公司,货币型ETF,,,8060000.0,1201,120098,99.995,99.998334721066,-0.005
2023-06-21,511920.SH,广发货币E,20160328,,税后活期存款利率:即(1-利息税率)*活期存款利率,广发基金管理有限公司,中国工商银行股份有限公司,货币型ETF,,,8060000.0,9155,915862,100.002,100.0395412343,0.002
2023-06-26,511920.SH,广发货币E,20160328,,税后活期存款利率:即(1-利息税率)*活期存款利率,广发基金管理有限公司,中国工商银行股份有限公司,货币型ETF,,,8060000.0,302,30195,99.984,99.983443708609,-0.016
2023-06-27,511920.SH,广发货币E,20160328,,税后活期存款利率:即(1-利息税率)*活期存款利率,广发基金管理有限公司,中国工商银行股份有限公司,货币型ETF,,,7950000.0,2400,239923,99.978,99.967916666667,-0.022
2023-06-28,511920.SH,广发货币E,20160328,,税后活期存款利率:即(1-利息税率)*活期存款利率,广发基金管理有限公司,中国工商银行股份有限公司,货币型ETF,,,7950000.0,3504,350340,99.972,99.982876712329,-0.028
2023-06-29,511920.SH,广发货币E,20160328,,税后活期存款利率:即(1-利息税率)*活期存款利率,广发基金管理有限公司,中国工商银行股份有限公司,货币型ETF,,,7950000.0,120,11996,99.966,99.966666666667,-0.034
2023-06-30,511920.SH,广发货币E,20160328,,税后活期存款利率:即(1-利息税率)*活期存款利率,广发基金管理有限公司,中国工商银行股份有限公司,货币型ETF,,,7954700.0,802,80205,100,100.00623441397,0
2023-07-03,511920.SH,广发货币E,20160328,,税后活期存款利率:即(1-利息税率)*活期存款利率,广发基金管理有限公司,中国工商银行股份有限公司,货币型ETF,,,7970000.0,205,20499,99.997,99.99512195122,-0.003
2023-07-04,511920.SH,广发货币E,20160328,,税后活期存款利率:即(1-利息税率)*活期存款利率,广发基金管理有限公司,中国工商银行股份有限公司,货币型ETF,,,7970000.0,100,10000,99.997,100,-0.003
2023-07-05,511920.SH,广发货币E,20160328,,税后活期存款利率:即(1-利息税率)*活期存款利率,广发基金管理有限公司,中国工商银行股份有限公司,货币型ETF,,,7720000.0,,,99.997,99.997,-0.003
2023-07-06,511920.SH,广发货币E,20160328,,税后活期存款利率:即(1-利息税率)*活期存款利率,广发基金管理有限公司,中国工商银行股份有限公司,货币型ETF,,,7720000.0,601,60099,100,99.998336106489,0
2023-07-07,511920.SH,广发货币E,20160328,,税后活期存款利率:即(1-利息税率)*活期存款利率,广发基金管理有限公司,中国工商银行股份有限公司,货币型ETF,,,7710000.0,2710,271018,100.006,100.00664206642,0.006
2023-07-10,511920.SH,广发货币E,20160328,,税后活期存款利率:即(1-利息税率)*活期存款利率,广发基金管理有限公司,中国工商银行股份有限公司,货币型ETF,,,7710000.0,313,31300,100,100,0
2023-07-11,511920.SH,广发货币E,20160328,,税后活期存款利率:即(1-利息税率)*活期存款利率,广发基金管理有限公司,中国工商银行股份有限公司,货币型ETF,,,7710000.0,500,49999,100.005,99.998,0.005
2023-07-12,511920.SH,广发货币E,20160328,,税后活期存款利率:即(1-利息税率)*活期存款利率,广发基金管理有限公司,中国工商银行股份有限公司,货币型ETF,,,7670000.0,726,72599,100,99.998622589532,0
2023-07-13,511920.SH,广发货币E,20160328,,税后活期存款利率:即(1-利息税率)*活期存款利率,广发基金管理有限公司,中国工商银行股份有限公司,货币型ETF,,,7650000.0,1631,163100,100,100,0
2023-07-14,511920.SH,广发货币E,20160328,,税后活期存款利率:即(1-利息税率)*活期存款利率,广发基金管理有限公司,中国工商银行股份有限公司,货币型ETF,,,7660000.0,1600,160009,100.008,100.005625,0.008
2023-07-17,511920.SH,广发货币E,20160328,,税后活期存款利率:即(1-利息税率)*活期存款利率,广发基金管理有限公司,中国工商银行股份有限公司,货币型ETF,,,7500000.0,,,100.008,100.008,0.008
2023-07-18,511920.SH,广发货币E,20160328,,税后活期存款利率:即(1-利息税率)*活期存款利率,广发基金管理有限公司,中国工商银行股份有限公司,货币型ETF,,,7500000.0,100,10001,100.005,100.01,0.005
2023-07-19,511920.SH,广发货币E,20160328,,税后活期存款利率:即(1-利息税率)*活期存款利率,广发基金管理有限公司,中国工商银行股份有限公司,货币型ETF,,,7500000.0,3504,350389,99.997,99.996860730594,-0.003
2023-07-20,511920.SH,广发货币E,20160328,,税后活期存款利率:即(1-利息税率)*活期存款利率,广发基金管理有限公司,中国工商银行股份有限公司,货币型ETF,,,7480000.0,2504,250400,100,100,0
2023-07-21,511920.SH,广发货币E,20160328,,税后活期存款利率:即(1-利息税率)*活期存款利率,广发基金管理有限公司,中国工商银行股份有限公司,货币型ETF,,,7480000.0,2818,281814,100.002,100.00496806246,0.002
2023-07-24,511920.SH,广发货币E,20160328,,税后活期存款利率:即(1-利息税率)*活期存款利率,广发基金管理有限公司,中国工商银行股份有限公司,货币型ETF,,,7310000.0,,,100.002,100.002,0.002
2023-07-25,511920.SH,广发货币E,20160328,,税后活期存款利率:即(1-利息税率)*活期存款利率,广发基金管理有限公司,中国工商银行股份有限公司,货币型ETF,,,7310000.0,200,19998,99.988,99.99,-0.012
2023-07-26,511920.SH,广发货币E,20160328,,税后活期存款利率:即(1-利息税率)*活期存款利率,广发基金管理有限公司,中国工商银行股份有限公司,货币型ETF,,,7310000.0,204,20399,99.995,99.995098039216,-0.005
2023-07-27,511920.SH,广发货币E,20160328,,税后活期存款利率:即(1-利息税率)*活期存款利率,广发基金管理有限公司,中国工商银行股份有限公司,货币型ETF,,,7310000.0,506,50598,99.996,99.99604743083,-0.004
2023-07-28,511920.SH,广发货币E,20160328,,税后活期存款利率:即(1-利息税率)*活期存款利率,广发基金管理有限公司,中国工商银行股份有限公司,货币型ETF,,,7310000.0,1748,174815,100,100.0085812357,0
2023-07-31,511920.SH,广发货币E,20160328,,税后活期存款利率:即(1-利息税率)*活期存款利率,广发基金管理有限公司,中国工商银行股份有限公司,货币型ETF,,,7310000.0,1700,169941,100,99.965294117647,0
2023-08-01,511920.SH,广发货币E,20160328,,税后活期存款利率:即(1-利息税率)*活期存款利率,广发基金管理有限公司,中国工商银行股份有限公司,货币型ETF,,,7310000.0,1810,180978,99.999,99.987845303867,-0.001
2023-08-02,511920.SH,广发货币E,20160328,,税后活期存款利率:即(1-利息税率)*活期存款利率,广发基金管理有限公司,中国工商银行股份有限公司,货币型ETF,,,7190000.0,,,99.999,99.999,-0.001
2023-08-03,511920.SH,广发货币E,20160328,,税后活期存款利率:即(1-利息税率)*活期存款利率,广发基金管理有限公司,中国工商银行股份有限公司,货币型ETF,,,7190000.0,1,100,99.999,100,-0.001
2023-08-04,511920.SH,广发货币E,20160328,,税后活期存款利率:即(1-利息税率)*活期存款利率,广发基金管理有限公司,中国工商银行股份有限公司,货币型ETF,,,7190000.0,1426,142602,100.002,100.00140252454,0.002
2023-08-07,511920.SH,广发货币E,20160328,,税后活期存款利率:即(1-利息税率)*活期存款利率,广发基金管理有限公司,中国工商银行股份有限公司,货币型ETF,,,7060000.0,,,100.002,100.002,0.002
2023-08-08,511920.SH,广发货币E,20160328,,税后活期存款利率:即(1-利息税率)*活期存款利率,广发基金管理有限公司,中国工商银行股份有限公司,货币型ETF,,,7060000.0,2000,200020,99.996,100.01,-0.004
2023-08-09,511920.SH,广发货币E,20160328,,税后活期存款利率:即(1-利息税率)*活期存款利率,广发基金管理有限公司,中国工商银行股份有限公司,货币型ETF,,,7050000.0,400,39998,99.998,99.995,-0.002
2023-08-10,511920.SH,广发货币E,20160328,,税后活期存款利率:即(1-利息税率)*活期存款利率,广发基金管理有限公司,中国工商银行股份有限公司,货币型ETF,,,7020000.0,300,29999,100,99.996666666667,0
2023-08-11,511920.SH,广发货币E,20160328,,税后活期存款利率:即(1-利息税率)*活期存款利率,广发基金管理有限公司,中国工商银行股份有限公司,货币型ETF,,,7030000.0,1100,110009,100.003,100.00818181818,0.003
2023-08-14,511920.SH,广发货币E,20160328,,税后活期存款利率:即(1-利息税率)*活期存款利率,广发基金管理有限公司,中国工商银行股份有限公司,货币型ETF,,,7030000.0,906,90598,100,99.997792494481,0
2023-08-15,511920.SH,广发货币E,20160328,,税后活期存款利率:即(1-利息税率)*活期存款利率,广发基金管理有限公司,中国工商银行股份有限公司,货币型ETF,,,6990000.0,1175,117494,99.941,99.994893617021,-0.059
2023-08-16,511920.SH,广发货币E,20160328,,税后活期存款利率:即(1-利息税率)*活期存款利率,广发基金管理有限公司,中国工商银行股份有限公司,货币型ETF,,,6990000.0,2056,205610,100.004,100.00486381323,0.004
2023-08-17,511920.SH,广发货币E,20160328,,税后活期存款利率:即(1-利息税率)*活期存款利率,广发基金管理有限公司,中国工商银行股份有限公司,货币型ETF,,,6990000.0,1292,129034,100.008,99.871517027864,0.008
2023-08-18,511920.SH,广发货币E,20160328,,税后活期存款利率:即(1-利息税率)*活期存款利率,广发基金管理有限公司,中国工商银行股份有限公司,货币型ETF,,,6990000.0,1200,120034,100.02,100.02833333333,0.02
2023-08-21,511920.SH,广发货币E,20160328,,税后活期存款利率:即(1-利息税率)*活期存款利率,广发基金管理有限公司,中国工商银行股份有限公司,货币型ETF,,,7040000.0,906,90600,100.005,100,0.005
2023-08-22,511920.SH,广发货币E,20160328,,税后活期存款利率:即(1-利息税率)*活期存款利率,广发基金管理有限公司,中国工商银行股份有限公司,货币型ETF,,,7040000.0,714,71400,100,100,0
2023-08-23,511920.SH,广发货币E,20160328,,税后活期存款利率:即(1-利息税率)*活期存款利率,广发基金管理有限公司,中国工商银行股份有限公司,货币型ETF,,,7040000.0,100,9999,99.99,99.99,-0.01
2023-08-24,511920.SH,广发货币E,20160328,,税后活期存款利率:即(1-利息税率)*活期存款利率,广发基金管理有限公司,中国工商银行股份有限公司,货币型ETF,,,7040000.0,308,30799,99.997,99.996753246753,-0.003
2023-08-25,511920.SH,广发货币E,20160328,,税后活期存款利率:即(1-利息税率)*活期存款利率,广发基金管理有限公司,中国工商银行股份有限公司,货币型ETF,,,7040000.0,609,60915,100.004,100.02463054187,0.004
2023-08-28,511920.SH,广发货币E,20160328,,税后活期存款利率:即(1-利息税率)*活期存款利率,广发基金管理有限公司,中国工商银行股份有限公司,货币型ETF,,,7040000.0,10,1000,100,100,0
2023-08-29,511920.SH,广发货币E,20160328,,税后活期存款利率:即(1-利息税率)*活期存款利率,广发基金管理有限公司,中国工商银行股份有限公司,货币型ETF,,,7090000.0,500,50000,99.999,100,-0.001
2023-08-30,511920.SH,广发货币E,20160328,,税后活期存款利率:即(1-利息税率)*活期存款利率,广发基金管理有限公司,中国工商银行股份有限公司,货币型ETF,,,7090000.0,400,40000,99.999,100,-0.001
2023-08-31,511920.SH,广发货币E,20160328,,税后活期存款利率:即(1-利息税率)*活期存款利率,广发基金管理有限公司,中国工商银行股份有限公司,货币型ETF,,,7100000.0,2614,261389,99.997,99.995791889824,-0.003
2023-09-01,511920.SH,广发货币E,20160328,,税后活期存款利率:即(1-利息税率)*活期存款利率,广发基金管理有限公司,中国工商银行股份有限公司,货币型ETF,,,6980000.0,3303,330380,100.01,100.02422040569,0.01
2023-09-04,511920.SH,广发货币E,20160328,,税后活期存款利率:即(1-利息税率)*活期存款利率,广发基金管理有限公司,中国工商银行股份有限公司,货币型ETF,,,6960000.0,404,40400,100,100,0
2023-09-05,511920.SH,广发货币E,20160328,,税后活期存款利率:即(1-利息税率)*活期存款利率,广发基金管理有限公司,中国工商银行股份有限公司,货币型ETF,,,7040000.0,100,10000,100,100,0
2023-09-06,511920.SH,广发货币E,20160328,,税后活期存款利率:即(1-利息税率)*活期存款利率,广发基金管理有限公司,中国工商银行股份有限公司,货币型ETF,,,7060000.0,,,100,100,0
2023-09-07,511920.SH,广发货币E,20160328,,税后活期存款利率:即(1-利息税率)*活期存款利率,广发基金管理有限公司,中国工商银行股份有限公司,货币型ETF,,,7060000.0,1012,101201,99.993,100.00098814229,-0.007
2023-09-08,511920.SH,广发货币E,20160328,,税后活期存款利率:即(1-利息税率)*活期存款利率,广发基金管理有限公司,中国工商银行股份有限公司,货币型ETF,,,7060000.0,514,51410,100.005,100.01945525292,0.005
2023-09-11,511920.SH,广发货币E,20160328,,税后活期存款利率:即(1-利息税率)*活期存款利率,广发基金管理有限公司,中国工商银行股份有限公司,货币型ETF,,,7070000.0,1900,189995,99.999,99.997368421053,-0.001
2023-09-12,511920.SH,广发货币E,20160328,,税后活期存款利率:即(1-利息税率)*活期存款利率,广发基金管理有限公司,中国工商银行股份有限公司,货币型ETF,,,7080000.0,1007,100706,100.008,100.00595829196,0.008
2023-09-13,511920.SH,广发货币E,20160328,,税后活期存款利率:即(1-利息税率)*活期存款利率,广发基金管理有限公司,中国工商银行股份有限公司,货币型ETF,,,7060000.0,700,70002,100.008,100.00285714286,0.008
2023-09-14,511920.SH,广发货币E,20160328,,税后活期存款利率:即(1-利息税率)*活期存款利率,广发基金管理有限公司,中国工商银行股份有限公司,货币型ETF,,,7050000.0,200,19994,99.941,99.97,-0.059
2023-09-15,511920.SH,广发货币E,20160328,,税后活期存款利率:即(1-利息税率)*活期存款利率,广发基金管理有限公司,中国工商银行股份有限公司,货币型ETF,,,7050000.0,1414,141407,100.006,100.00495049505,0.006
2023-09-18,511920.SH,广发货币E,20160328,,税后活期存款利率:即(1-利息税率)*活期存款利率,广发基金管理有限公司,中国工商银行股份有限公司,货币型ETF,,,7040000.0,,,100.006,100.006,0.006
2023-09-19,511920.SH,广发货币E,20160328,,税后活期存款利率:即(1-利息税率)*活期存款利率,广发基金管理有限公司,中国工商银行股份有限公司,货币型ETF,,,7080000.0,,,100.006,100.006,0.006
2023-09-20,511920.SH,广发货币E,20160328,,税后活期存款利率:即(1-利息税率)*活期存款利率,广发基金管理有限公司,中国工商银行股份有限公司,货币型ETF,,,7080000.0,,,100.006,100.006,0.006
2023-09-21,511920.SH,广发货币E,20160328,,税后活期存款利率:即(1-利息税率)*活期存款利率,广发基金管理有限公司,中国工商银行股份有限公司,货币型ETF,,,7080000.0,703,70297,99.996,99.99573257468,-0.004
2023-09-22,511920.SH,广发货币E,20160328,,税后活期存款利率:即(1-利息税率)*活期存款利率,广发基金管理有限公司,中国工商银行股份有限公司,货币型ETF,,,7080000.0,731,73101,100,100.00136798906,0
2023-09-25,511920.SH,广发货币E,20160328,,税后活期存款利率:即(1-利息税率)*活期存款利率,广发基金管理有限公司,中国工商银行股份有限公司,货币型ETF,,,7080000.0,300,30000,99.995,100,-0.005
2023-09-26,511920.SH,广发货币E,20160328,,税后活期存款利率:即(1-利息税率)*活期存款利率,广发基金管理有限公司,中国工商银行股份有限公司,货币型ETF,,,7380000.0,1200,120002,100.001,100.00166666667,0.001
2023-09-27,511920.SH,广发货币E,20160328,,税后活期存款利率:即(1-利息税率)*活期存款利率,广发基金管理有限公司,中国工商银行股份有限公司,货币型ETF,,,8090000.0,3515,351406,100.039,99.973257467994,0.039
2023-09-28,511920.SH,广发货币E,20160328,,税后活期存款利率:即(1-利息税率)*活期存款利率,广发基金管理有限公司,中国工商银行股份有限公司,货币型ETF,,,8090000.0,34700,3485375,100.32,100.44308357349,0.32
2023-10-09,511920.SH,广发货币E,20160328,,税后活期存款利率:即(1-利息税率)*活期存款利率,广发基金管理有限公司,中国工商银行股份有限公司,货币型ETF,,,8480000.0,6700,669984,100.001,99.997611940299,0.001
2023-10-10,511920.SH,广发货币E,20160328,,税后活期存款利率:即(1-利息税率)*活期存款利率,广发基金管理有限公司,中国工商银行股份有限公司,货币型ETF,,,8440000.0,4341,434093,99.999,99.998387468325,-0.001
2023-10-11,511920.SH,广发货币E,20160328,,税后活期存款利率:即(1-利息税率)*活期存款利率,广发基金管理有限公司,中国工商银行股份有限公司,货币型ETF,,,8330000.0,1231,123099,100.002,99.999187652315,0.002
2023-10-12,511920.SH,广发货币E,20160328,,税后活期存款利率:即(1-利息税率)*活期存款利率,广发基金管理有限公司,中国工商银行股份有限公司,货币型ETF,,,8330000.0,110,11000,100,100,0
2023-10-13,511920.SH,广发货币E,20160328,,税后活期存款利率:即(1-利息税率)*活期存款利率,广发基金管理有限公司,中国工商银行股份有限公司,货币型ETF,,,8410000.0,5177,517867,100.022,100.03225806452,0.022
2023-10-16,511920.SH,广发货币E,20160328,,税后活期存款利率:即(1-利息税率)*活期存款利率,广发基金管理有限公司,中国工商银行股份有限公司,货币型ETF,,,8410000.0,3011,301106,100.005,100.00199269346,0.005
2023-10-17,511920.SH,广发货币E,20160328,,税后活期存款利率:即(1-利息税率)*活期存款利率,广发基金管理有限公司,中国工商银行股份有限公司,货币型ETF,,,8410000.0,2200,219998,100,99.999090909091,0
2023-10-18,511920.SH,广发货币E,20160328,,税后活期存款利率:即(1-利息税率)*活期存款利率,广发基金管理有限公司,中国工商银行股份有限公司,货币型ETF,,,8400000.0,1544,154401,100,100.00064766839,0
2023-10-19,511920.SH,广发货币E,20160328,,税后活期存款利率:即(1-利息税率)*活期存款利率,广发基金管理有限公司,中国工商银行股份有限公司,货币型ETF,,,8400000.0,800,80000,99.998,100,-0.002
2023-10-20,511920.SH,广发货币E,20160328,,税后活期存款利率:即(1-利息税率)*活期存款利率,广发基金管理有限公司,中国工商银行股份有限公司,货币型ETF,,,8400000.0,1155,115551,100.006,100.04415584416,0.006
2023-10-23,511920.SH,广发货币E,20160328,,税后活期存款利率:即(1-利息税率)*活期存款利率,广发基金管理有限公司,中国工商银行股份有限公司,货币型ETF,,,8380000.0,568,56800,99.999,100,-0.001
2023-10-24,511920.SH,广发货币E,20160328,,税后活期存款利率:即(1-利息税率)*活期存款利率,广发基金管理有限公司,中国工商银行股份有限公司,货币型ETF,,,8380000.0,1300,129995,99.996,99.996153846154,-0.004
2023-10-25,511920.SH,广发货币E,20160328,,税后活期存款利率:即(1-利息税率)*活期存款利率,广发基金管理有限公司,中国工商银行股份有限公司,货币型ETF,,,8320000.0,601,60097,99.997,99.995008319468,-0.003
2023-10-26,511920.SH,广发货币E,20160328,,税后活期存款利率:即(1-利息税率)*活期存款利率,广发基金管理有限公司,中国工商银行股份有限公司,货币型ETF,,,8300000.0,,,99.997,99.997,-0.003
2023-10-27,511920.SH,广发货币E,20160328,,税后活期存款利率:即(1-利息税率)*活期存款利率,广发基金管理有限公司,中国工商银行股份有限公司,货币型ETF,,,8300000.0,6905,690547,100.008,100.00680666184,0.008
2023-10-30,511920.SH,广发货币E,20160328,,税后活期存款利率:即(1-利息税率)*活期存款利率,广发基金管理有限公司,中国工商银行股份有限公司,货币型ETF,,,8310000.0,5763,576222,100,99.986465382613,0
2023-10-31,511920.SH,广发货币E,20160328,,税后活期存款利率:即(1-利息税率)*活期存款利率,广发基金管理有限公司,中国工商银行股份有限公司,货币型ETF,,,8310000.0,200,19999,99.993,99.995,-0.007
2023-11-01,511920.SH,广发货币E,20160328,,税后活期存款利率:即(1-利息税率)*活期存款利率,广发基金管理有限公司,中国工商银行股份有限公司,货币型ETF,,,8310000.0,586,58601,100.002,100.00170648464,0.002
2023-11-02,511920.SH,广发货币E,20160328,,税后活期存款利率:即(1-利息税率)*活期存款利率,广发基金管理有限公司,中国工商银行股份有限公司,货币型ETF,,,8310000.0,400,40000,99.996,100,-0.004
2023-11-03,511920.SH,广发货币E,20160328,,税后活期存款利率:即(1-利息税率)*活期存款利率,广发基金管理有限公司,中国工商银行股份有限公司,货币型ETF,,,8310000.0,502,50203,100.008,100.00597609562,0.008
2023-11-06,511920.SH,广发货币E,20160328,,税后活期存款利率:即(1-利息税率)*活期存款利率,广发基金管理有限公司,中国工商银行股份有限公司,货币型ETF,,,8290000.0,1899,189896,99.998,99.997893628225,-0.002
2023-11-07,511920.SH,广发货币E,20160328,,税后活期存款利率:即(1-利息税率)*活期存款利率,广发基金管理有限公司,中国工商银行股份有限公司,货币型ETF,,,8290000.0,900,90001,100.001,100.00111111111,0.001
2023-11-08,511920.SH,广发货币E,20160328,,税后活期存款利率:即(1-利息税率)*活期存款利率,广发基金管理有限公司,中国工商银行股份有限公司,货币型ETF,,,8290000.0,102,10200,99.998,100,-0.002
2023-11-09,511920.SH,广发货币E,20160328,,税后活期存款利率:即(1-利息税率)*活期存款利率,广发基金管理有限公司,中国工商银行股份有限公司,货币型ETF,,,8290000.0,107,10700,100.001,100,0.001
2023-11-10,511920.SH,广发货币E,20160328,,税后活期存款利率:即(1-利息税率)*活期存款利率,广发基金管理有限公司,中国工商银行股份有限公司,货币型ETF,,,8290000.0,1602,160217,100.001,100.01061173533,0.001
2023-11-13,511920.SH,广发货币E,20160328,,税后活期存款利率:即(1-利息税率)*活期存款利率,广发基金管理有限公司,中国工商银行股份有限公司,货币型ETF,,,8280000.0,5903,590309,99.997,100.00152464848,-0.003
2023-11-14,511920.SH,广发货币E,20160328,,税后活期存款利率:即(1-利息税率)*活期存款利率,广发基金管理有限公司,中国工商银行股份有限公司,货币型ETF,,,8270000.0,1302,130197,99.998,99.997695852535,-0.002
2023-11-15,511920.SH,广发货币E,20160328,,税后活期存款利率:即(1-利息税率)*活期存款利率,广发基金管理有限公司,中国工商银行股份有限公司,货币型ETF,,,8250000.0,303,30300,100.003,100,0.003
2023-11-16,511920.SH,广发货币E,20160328,,税后活期存款利率:即(1-利息税率)*活期存款利率,广发基金管理有限公司,中国工商银行股份有限公司,货币型ETF,,,8250000.0,,,100.003,100.003,0.003
2023-11-17,511920.SH,广发货币E,20160328,,税后活期存款利率:即(1-利息税率)*活期存款利率,广发基金管理有限公司,中国工商银行股份有限公司,货币型ETF,,,8250000.0,2246,224611,100.005,100.00489759573,0.005
2023-11-20,511920.SH,广发货币E,20160328,,税后活期存款利率:即(1-利息税率)*活期存款利率,广发基金管理有限公司,中国工商银行股份有限公司,货币型ETF,,,8120000.0,100,10000,100,100,0
2023-11-21,511920.SH,广发货币E,20160328,,税后活期存款利率:即(1-利息税率)*活期存款利率,广发基金管理有限公司,中国工商银行股份有限公司,货币型ETF,,,8120000.0,105,10501,100.005,100.00952380952,0.005
2023-11-22,511920.SH,广发货币E,20160328,,税后活期存款利率:即(1-利息税率)*活期存款利率,广发基金管理有限公司,中国工商银行股份有限公司,货币型ETF,,,8050000.0,100,10000,99.996,100,-0.004
2023-11-23,511920.SH,广发货币E,20160328,,税后活期存款利率:即(1-利息税率)*活期存款利率,广发基金管理有限公司,中国工商银行股份有限公司,货币型ETF,,,8050000.0,200,19999,99.997,99.995,-0.003
2023-11-24,511920.SH,广发货币E,20160328,,税后活期存款利率:即(1-利息税率)*活期存款利率,广发基金管理有限公司,中国工商银行股份有限公司,货币型ETF,,,8050000.0,1400,140012,100.006,100.00857142857,0.006
2023-11-27,511920.SH,广发货币E,20160328,,税后活期存款利率:即(1-利息税率)*活期存款利率,广发基金管理有限公司,中国工商银行股份有限公司,货币型ETF,,,8060000.0,500,49998,100.001,99.996,0.001
2023-11-28,511920.SH,广发货币E,20160328,,税后活期存款利率:即(1-利息税率)*活期存款利率,广发基金管理有限公司,中国工商银行股份有限公司,货币型ETF,,,8040000.0,1000,99997,100.002,99.997,0.002
2023-11-29,511920.SH,广发货币E,20160328,,税后活期存款利率:即(1-利息税率)*活期存款利率,广发基金管理有限公司,中国工商银行股份有限公司,货币型ETF,,,8040000.0,,,100.002,100.002,0.002
2023-11-30,511920.SH,广发货币E,20160328,,税后活期存款利率:即(1-利息税率)*活期存款利率,广发基金管理有限公司,中国工商银行股份有限公司,货币型ETF,,,8040000.0,,,100.002,100.002,0.002
2023-12-01,511920.SH,广发货币E,20160328,,税后活期存款利率:即(1-利息税率)*活期存款利率,广发基金管理有限公司,中国工商银行股份有限公司,货币型ETF,,,8040000.0,1516,151612,100.014,100.00791556728,0.014
2023-12-04,511920.SH,广发货币E,20160328,,税后活期存款利率:即(1-利息税率)*活期存款利率,广发基金管理有限公司,中国工商银行股份有限公司,货币型ETF,,,8030000.0,1216,121598,99.997,99.998355263158,-0.003
2023-12-05,511920.SH,广发货币E,20160328,,税后活期存款利率:即(1-利息税率)*活期存款利率,广发基金管理有限公司,中国工商银行股份有限公司,货币型ETF,,,8020000.0,1436,143600,99.999,100,-0.001
2023-12-06,511920.SH,广发货币E,20160328,,税后活期存款利率:即(1-利息税率)*活期存款利率,广发基金管理有限公司,中国工商银行股份有限公司,货币型ETF,,,8020000.0,1100,109992,99.998,99.992727272727,-0.002
2023-12-07,511920.SH,广发货币E,20160328,,税后活期存款利率:即(1-利息税率)*活期存款利率,广发基金管理有限公司,中国工商银行股份有限公司,货币型ETF,,,8010000.0,300,29999,100,99.996666666667,0
2023-12-08,511920.SH,广发货币E,20160328,,税后活期存款利率:即(1-利息税率)*活期存款利率,广发基金管理有限公司,中国工商银行股份有限公司,货币型ETF,,,8010000.0,811,81115,100.017,100.01849568434,0.017
2023-12-11,511920.SH,广发货币E,20160328,,税后活期存款利率:即(1-利息税率)*活期存款利率,广发基金管理有限公司,中国工商银行股份有限公司,货币型ETF,,,8010000.0,4769,476864,99.992,99.992451247641,-0.008
2023-12-12,511920.SH,广发货币E,20160328,,税后活期存款利率:即(1-利息税率)*活期存款利率,广发基金管理有限公司,中国工商银行股份有限公司,货币型ETF,,,7860000.0,100,10000,100,100,0
2023-12-13,511920.SH,广发货币E,20160328,,税后活期存款利率:即(1-利息税率)*活期存款利率,广发基金管理有限公司,中国工商银行股份有限公司,货币型ETF,,,7860000.0,1000,100017,100.019,100.017,0.019
2023-12-14,511920.SH,广发货币E,20160328,,税后活期存款利率:即(1-利息税率)*活期存款利率,广发基金管理有限公司,中国工商银行股份有限公司,货币型ETF,,,7860000.0,5000,500025,100.005,100.005,0.005
2023-12-15,511920.SH,广发货币E,20160328,,税后活期存款利率:即(1-利息税率)*活期存款利率,广发基金管理有限公司,中国工商银行股份有限公司,货币型ETF,,,7870000.0,1,100,100.005,100,0.005
2023-12-18,511920.SH,广发货币E,20160328,,税后活期存款利率:即(1-利息税率)*活期存款利率,广发基金管理有限公司,中国工商银行股份有限公司,货币型ETF,,,7890000.0,1000,100000,100,100,0
2023-12-19,511920.SH,广发货币E,20160328,,税后活期存款利率:即(1-利息税率)*活期存款利率,广发基金管理有限公司,中国工商银行股份有限公司,货币型ETF,,,7890000.0,500,50000,100,100,0
2023-12-20,511920.SH,广发货币E,20160328,,税后活期存款利率:即(1-利息税率)*活期存款利率,广发基金管理有限公司,中国工商银行股份有限公司,货币型ETF,,,7890000.0,,,100,100,0
2023-12-21,511920.SH,广发货币E,20160328,,税后活期存款利率:即(1-利息税率)*活期存款利率,广发基金管理有限公司,中国工商银行股份有限公司,货币型ETF,,,7870000.0,500,50000,100,100,0
2023-12-22,511920.SH,广发货币E,20160328,,税后活期存款利率:即(1-利息税率)*活期存款利率,广发基金管理有限公司,中国工商银行股份有限公司,货币型ETF,,,7870000.0,12917,1291751,100.008,100.00394828521,0.008
2023-12-25,511920.SH,广发货币E,20160328,,税后活期存款利率:即(1-利息税率)*活期存款利率,广发基金管理有限公司,中国工商银行股份有限公司,货币型ETF,,,6890000.0,1500,149990,99.993,99.993333333333,-0.007
2023-12-26,511920.SH,广发货币E,20160328,,税后活期存款利率:即(1-利息税率)*活期存款利率,广发基金管理有限公司,中国工商银行股份有限公司,货币型ETF,,,6840000.0,,,99.993,99.993,-0.007
2023-12-27,511920.SH,广发货币E,20160328,,税后活期存款利率:即(1-利息税率)*活期存款利率,广发基金管理有限公司,中国工商银行股份有限公司,货币型ETF,,,6840000.0,,,99.993,99.993,-0.007
2023-12-28,511920.SH,广发货币E,20160328,,税后活期存款利率:即(1-利息税率)*活期存款利率,广发基金管理有限公司,中国工商银行股份有限公司,货币型ETF,,,6840000.0,,,99.993,99.993,-0.007
2023-12-29,511920.SH,广发货币E,20160328,,税后活期存款利率:即(1-利息税率)*活期存款利率,广发基金管理有限公司,中国工商银行股份有限公司,货币型ETF,,,6840000.0,501,50119,100.029,100.0379241517,0.029
2024-01-02,511920.SH,广发货币E,20160328,,税后活期存款利率:即(1-利息税率)*活期存款利率,广发基金管理有限公司,中国工商银行股份有限公司,货币型ETF,,,6840000.0,400,40002,100.004,100.005,0.004
2024-01-03,511920.SH,广发货币E,20160328,,税后活期存款利率:即(1-利息税率)*活期存款利率,广发基金管理有限公司,中国工商银行股份有限公司,货币型ETF,,,6490000.0,301,30100,100,100,0
2024-01-04,511920.SH,广发货币E,20160328,,税后活期存款利率:即(1-利息税率)*活期存款利率,广发基金管理有限公司,中国工商银行股份有限公司,货币型ETF,,,6490000.0,1800,180291,100.431,100.16166666667,0.431
2024-01-05,511920.SH,广发货币E,20160328,,税后活期存款利率:即(1-利息税率)*活期存款利率,广发基金管理有限公司,中国工商银行股份有限公司,货币型ETF,,,6490000.0,100,10009,100.088,100.09,0.088
2024-01-08,511920.SH,广发货币E,20160328,,税后活期存款利率:即(1-利息税率)*活期存款利率,广发基金管理有限公司,中国工商银行股份有限公司,货币型ETF,,,7120000.0,703,70299,99.999,99.998577524893,-0.001
2024-01-09,511920.SH,广发货币E,20160328,,税后活期存款利率:即(1-利息税率)*活期存款利率,广发基金管理有限公司,中国工商银行股份有限公司,货币型ETF,,,7120000.0,100,10000,99.998,100,-0.002
2024-01-10,511920.SH,广发货币E,20160328,,税后活期存款利率:即(1-利息税率)*活期存款利率,广发基金管理有限公司,中国工商银行股份有限公司,货币型ETF,,,6490000.0,,,99.998,99.998,-0.002
2024-01-11,511920.SH,广发货币E,20160328,,税后活期存款利率:即(1-利息税率)*活期存款利率,广发基金管理有限公司,中国工商银行股份有限公司,货币型ETF,,,6490000.0,,,99.998,99.998,-0.002
2024-01-12,511920.SH,广发货币E,20160328,,税后活期存款利率:即(1-利息税率)*活期存款利率,广发基金管理有限公司,中国工商银行股份有限公司,货币型ETF,,,6490000.0,3631,363370,100.029,100.07435968053,0.029
2024-01-15,511920.SH,广发货币E,20160328,,税后活期存款利率:即(1-利息税率)*活期存款利率,广发基金管理有限公司,中国工商银行股份有限公司,货币型ETF,,,6490000.0,131,13101,100.004,100.00763358779,0.004
2024-01-16,511920.SH,广发货币E,20160328,,税后活期存款利率:即(1-利息税率)*活期存款利率,广发基金管理有限公司,中国工商银行股份有限公司,货币型ETF,,,6490000.0,229,22900,100,100,0
2024-01-17,511920.SH,广发货币E,20160328,,税后活期存款利率:即(1-利息税率)*活期存款利率,广发基金管理有限公司,中国工商银行股份有限公司,货币型ETF,,,6520000.0,118,11800,100,100,0
2024-01-18,511920.SH,广发货币E,20160328,,税后活期存款利率:即(1-利息税率)*活期存款利率,广发基金管理有限公司,中国工商银行股份有限公司,货币型ETF,,,6520000.0,2008,200792,100,99.996015936255,0
2024-01-19,511920.SH,广发货币E,20160328,,税后活期存款利率:即(1-利息税率)*活期存款利率,广发基金管理有限公司,中国工商银行股份有限公司,货币型ETF,,,6530000.0,400,40021,100.108,100.0525,0.108
2024-01-22,511920.SH,广发货币E,20160328,,税后活期存款利率:即(1-利息税率)*活期存款利率,广发基金管理有限公司,中国工商银行股份有限公司,货币型ETF,,,11540000.0,1200,120069,100.118,100.0575,0.118
2024-01-23,511920.SH,广发货币E,20160328,,税后活期存款利率:即(1-利息税率)*活期存款利率,广发基金管理有限公司,中国工商银行股份有限公司,货币型ETF,,,14350000.0,100,10012,100.117,100.12,0.117
2024-01-24,511920.SH,广发货币E,20160328,,税后活期存款利率:即(1-利息税率)*活期存款利率,广发基金管理有限公司,中国工商银行股份有限公司,货币型ETF,,,14350000.0,11542,1155538,100.117,100.11592444984,0.117
2024-01-25,511920.SH,广发货币E,20160328,,税后活期存款利率:即(1-利息税率)*活期存款利率,广发基金管理有限公司,中国工商银行股份有限公司,货币型ETF,,,14350000.0,800,80001,100,100.00125,0
2024-01-26,511920.SH,广发货币E,20160328,,税后活期存款利率:即(1-利息税率)*活期存款利率,广发基金管理有限公司,中国工商银行股份有限公司,货币型ETF,,,14360000.0,1510,151059,100.039,100.03907284768,0.039
2024-01-29,511920.SH,广发货币E,20160328,,税后活期存款利率:即(1-利息税率)*活期存款利率,广发基金管理有限公司,中国工商银行股份有限公司,货币型ETF,,,14360000.0,2400,239996,100.006,99.998333333333,0.006
2024-01-30,511920.SH,广发货币E,20160328,,税后活期存款利率:即(1-利息税率)*活期存款利率,广发基金管理有限公司,中国工商银行股份有限公司,货币型ETF,,,14310000.0,531,53104,100.008,100.00753295669,0.008
2024-01-31,511920.SH,广发货币E,20160328,,税后活期存款利率:即(1-利息税率)*活期存款利率,广发基金管理有限公司,中国工商银行股份有限公司,货币型ETF,,,14320000.0,1200,120058,100.008,100.04833333333,0.008
2024-02-01,511920.SH,广发货币E,20160328,,税后活期存款利率:即(1-利息税率)*活期存款利率,广发基金管理有限公司,中国工商银行股份有限公司,货币型ETF,,,14320000.0,500,50000,100,100,0
2024-02-02,511920.SH,广发货币E,20160328,,税后活期存款利率:即(1-利息税率)*活期存款利率,广发基金管理有限公司,中国工商银行股份有限公司,货币型ETF,,,14320000.0,1507,150874,100.271,100.11546118115,0.271
2024-02-05,511920.SH,广发货币E,20160328,,税后活期存款利率:即(1-利息税率)*活期存款利率,广发基金管理有限公司,中国工商银行股份有限公司,货币型ETF,,,14420000.0,204,20401,100.006,100.00490196078,0.006
2024-02-06,511920.SH,广发货币E,20160328,,税后活期存款利率:即(1-利息税率)*活期存款利率,广发基金管理有限公司,中国工商银行股份有限公司,货币型ETF,,,14470000.0,80,8001,100.011,100.0125,0.011
2024-02-07,511920.SH,广发货币E,20160328,,税后活期存款利率:即(1-利息税率)*活期存款利率,广发基金管理有限公司,中国工商银行股份有限公司,货币型ETF,,,15730000.0,2000,200125,100.08,100.0625,0.08
2024-02-08,511920.SH,广发货币E,20160328,,税后活期存款利率:即(1-利息税率)*活期存款利率,广发基金管理有限公司,中国工商银行股份有限公司,货币型ETF,,,15740000.0,13200,1323205,100.26,100.2428030303,0.26
2024-02-19,511920.SH,广发货币E,20160328,,税后活期存款利率:即(1-利息税率)*活期存款利率,广发基金管理有限公司,中国工商银行股份有限公司,货币型ETF,,,15770000.0,3765,376528,100,100.00743691899,0
2024-02-20,511920.SH,广发货币E,20160328,,税后活期存款利率:即(1-利息税率)*活期存款利率,广发基金管理有限公司,中国工商银行股份有限公司,货币型ETF,,,15750000.0,32482,3248191,100,99.999722923465,0
2024-02-21,511920.SH,广发货币E,20160328,,税后活期存款利率:即(1-利息税率)*活期存款利率,广发基金管理有限公司,中国工商银行股份有限公司,货币型ETF,,,14680000.0,1803,180300,100.001,100,0.001
2024-02-22,511920.SH,广发货币E,20160328,,税后活期存款利率:即(1-利息税率)*活期存款利率,广发基金管理有限公司,中国工商银行股份有限公司,货币型ETF,,,14560000.0,6310,630954,99.999,99.992709984152,-0.001
2024-02-23,511920.SH,广发货币E,20160328,,税后活期存款利率:即(1-利息税率)*活期存款利率,广发基金管理有限公司,中国工商银行股份有限公司,货币型ETF,,,14550000.0,6104,610421,99.997,100.00344036697,-0.003
2024-02-26,511920.SH,广发货币E,20160328,,税后活期存款利率:即(1-利息税率)*活期存款利率,广发基金管理有限公司,中国工商银行股份有限公司,货币型ETF,,,13950000.0,203,20300,99.998,100,-0.002
2024-02-27,511920.SH,广发货币E,20160328,,税后活期存款利率:即(1-利息税率)*活期存款利率,广发基金管理有限公司,中国工商银行股份有限公司,货币型ETF,,,13950000.0,402,40199,99.998,99.997512437811,-0.002
2024-02-28,511920.SH,广发货币E,20160328,,税后活期存款利率:即(1-利息税率)*活期存款利率,广发基金管理有限公司,中国工商银行股份有限公司,货币型ETF,,,13950000.0,1501,150089,99.99,99.992671552298,-0.01
2024-02-29,511920.SH,广发货币E,20160328,,税后活期存款利率:即(1-利息税率)*活期存款利率,广发基金管理有限公司,中国工商银行股份有限公司,货币型ETF,,,13940000.0,,,99.99,99.99,-0.01
2024-03-01,511920.SH,广发货币E,20160328,,税后活期存款利率:即(1-利息税率)*活期存款利率,广发基金管理有限公司,中国工商银行股份有限公司,货币型ETF,,,13940000.0,8807,880750,100.01,100.00567730215,0.01
2024-03-04,511920.SH,广发货币E,20160328,,税后活期存款利率:即(1-利息税率)*活期存款利率,广发基金管理有限公司,中国工商银行股份有限公司,货币型ETF,,,13620000.0,1100,110019,100,100.01727272727,0
2024-03-05,511920.SH,广发货币E,20160328,,税后活期存款利率:即(1-利息税率)*活期存款利率,广发基金管理有限公司,中国工商银行股份有限公司,货币型ETF,,,13720000.0,720,72000,100.001,100,0.001
2024-03-06,511920.SH,广发货币E,20160328,,税后活期存款利率:即(1-利息税率)*活期存款利率,广发基金管理有限公司,中国工商银行股份有限公司,货币型ETF,,,13720000.0,1217,121709,99.999,100.00739523418,-0.001
2024-03-07,511920.SH,广发货币E,20160328,,税后活期存款利率:即(1-利息税率)*活期存款利率,广发基金管理有限公司,中国工商银行股份有限公司,货币型ETF,,,13630000.0,1500,149991,99.995,99.994,-0.005
2024-03-08,511920.SH,广发货币E,20160328,,税后活期存款利率:即(1-利息税率)*活期存款利率,广发基金管理有限公司,中国工商银行股份有限公司,货币型ETF,,,13620000.0,10803,1081020,100.04,100.06664815329,0.04
2024-03-11,511920.SH,广发货币E,20160328,,税后活期存款利率:即(1-利息税率)*活期存款利率,广发基金管理有限公司,中国工商银行股份有限公司,货币型ETF,,,13630000.0,200,20002,100,100.01,0
2024-03-12,511920.SH,广发货币E,20160328,,税后活期存款利率:即(1-利息税率)*活期存款利率,广发基金管理有限公司,中国工商银行股份有限公司,货币型ETF,,,13730000.0,900,90003,99.998,100.00333333333,-0.002
2024-03-13,511920.SH,广发货币E,20160328,,税后活期存款利率:即(1-利息税率)*活期存款利率,广发基金管理有限公司,中国工商银行股份有限公司,货币型ETF,,,13740000.0,3053,305408,99.992,100.03537504094,-0.008
2024-03-14,511920.SH,广发货币E,20160328,,税后活期存款利率:即(1-利息税率)*活期存款利率,广发基金管理有限公司,中国工商银行股份有限公司,货币型ETF,,,13740000.0,3500,349888,100.04,99.968,0.04
2024-03-15,511920.SH,广发货币E,20160328,,税后活期存款利率:即(1-利息税率)*活期存款利率,广发基金管理有限公司,中国工商银行股份有限公司,货币型ETF,,,13740000.0,6627,662722,100.008,100.00331975253,0.008
2024-03-18,511920.SH,广发货币E,20160328,,税后活期存款利率:即(1-利息税率)*活期存款利率,广发基金管理有限公司,中国工商银行股份有限公司,货币型ETF,,,13710000.0,400,40000,100.003,100,0.003
2024-03-19,511920.SH,广发货币E,20160328,,税后活期存款利率:即(1-利息税率)*活期存款利率,广发基金管理有限公司,中国工商银行股份有限公司,货币型ETF,,,13710000.0,300,30000,100.001,100,0.001
2024-03-20,511920.SH,广发货币E,20160328,,税后活期存款利率:即(1-利息税率)*活期存款利率,广发基金管理有限公司,中国工商银行股份有限公司,货币型ETF,,,7710000.0,2000,200000,100.002,100,0.002
2024-03-21,511920.SH,广发货币E,20160328,,税后活期存款利率:即(1-利息税率)*活期存款利率,广发基金管理有限公司,中国工商银行股份有限公司,货币型ETF,,,7660000.0,1721,172094,99.999,99.996513654852,-0.001
2024-03-22,511920.SH,广发货币E,20160328,,税后活期存款利率:即(1-利息税率)*活期存款利率,广发基金管理有限公司,中国工商银行股份有限公司,货币型ETF,,,7660000.0,8818,882138,100.011,100.03833068723,0.011
2024-03-25,511920.SH,广发货币E,20160328,,税后活期存款利率:即(1-利息税率)*活期存款利率,广发基金管理有限公司,中国工商银行股份有限公司,货币型ETF,,,7660000.0,5800,579988,99.999,99.997931034483,-0.001
2024-03-26,511920.SH,广发货币E,20160328,,税后活期存款利率:即(1-利息税率)*活期存款利率,广发基金管理有限公司,中国工商银行股份有限公司,货币型ETF,,,7660000.0,700,69999,99.998,99.998571428571,-0.002
2024-03-27,511920.SH,广发货币E,20160328,,税后活期存款利率:即(1-利息税率)*活期存款利率,广发基金管理有限公司,中国工商银行股份有限公司,货币型ETF,,,7640000.0,1100,110011,100.01,100.01,0.01
2024-03-28,511920.SH,广发货币E,20160328,,税后活期存款利率:即(1-利息税率)*活期存款利率,广发基金管理有限公司,中国工商银行股份有限公司,货币型ETF,,,7640000.0,401,40085,99.96,99.962593516209,-0.04
2024-03-29,511920.SH,广发货币E,20160328,,税后活期存款利率:即(1-利息税率)*活期存款利率,广发基金管理有限公司,中国工商银行股份有限公司,货币型ETF,,,7640000.0,1947,194711,100.001,100.00564971751,0.001
2024-04-01,511920.SH,广发货币E,20160328,,税后活期存款利率:即(1-利息税率)*活期存款利率,广发基金管理有限公司,中国工商银行股份有限公司,货币型ETF,,,7660000.0,3205,320500,100,100,0
2024-04-02,511920.SH,广发货币E,20160328,,税后活期存款利率:即(1-利息税率)*活期存款利率,广发基金管理有限公司,中国工商银行股份有限公司,货币型ETF,,,7660000.0,102,10200,100,100,0
2024-04-03,511920.SH,广发货币E,20160328,,税后活期存款利率:即(1-利息税率)*活期存款利率,广发基金管理有限公司,中国工商银行股份有限公司,货币型ETF,,,7660000.0,7095,709769,100.037,100.03791402396,0.037
2024-04-08,511920.SH,广发货币E,20160328,,税后活期存款利率:即(1-利息税率)*活期存款利率,广发基金管理有限公司,中国工商银行股份有限公司,货币型ETF,,,7660000.0,3702,370574,100,100.10102647218,0
2024-04-09,511920.SH,广发货币E,20160328,,税后活期存款利率:即(1-利息税率)*活期存款利率,广发基金管理有限公司,中国工商银行股份有限公司,货币型ETF,,,7660000.0,595,59500,100,100,0
2024-04-10,511920.SH,广发货币E,20160328,,税后活期存款利率:即(1-利息税率)*活期存款利率,广发基金管理有限公司,中国工商银行股份有限公司,货币型ETF,,,7660000.0,7007,700698,99.999,99.999714571143,-0.001
2024-04-11,511920.SH,广发货币E,20160328,,税后活期存款利率:即(1-利息税率)*活期存款利率,广发基金管理有限公司,中国工商银行股份有限公司,货币型ETF,,,7580000.0,301,30103,100.009,100.00996677741,0.009
2024-04-12,511920.SH,广发货币E,20160328,,税后活期存款利率:即(1-利息税率)*活期存款利率,广发基金管理有限公司,中国工商银行股份有限公司,货币型ETF,,,7590000.0,602,60204,100.007,100.00664451827,0.007
2024-04-15,511920.SH,广发货币E,20160328,,税后活期存款利率:即(1-利息税率)*活期存款利率,广发基金管理有限公司,中国工商银行股份有限公司,货币型ETF,,,7570000.0,2,200,99.997,100,-0.003
2024-04-16,511920.SH,广发货币E,20160328,,税后活期存款利率:即(1-利息税率)*活期存款利率,广发基金管理有限公司,中国工商银行股份有限公司,货币型ETF,,,7570000.0,301,30099,99.997,99.996677740864,-0.003
2024-04-17,511920.SH,广发货币E,20160328,,税后活期存款利率:即(1-利息税率)*活期存款利率,广发基金管理有限公司,中国工商银行股份有限公司,货币型ETF,,,7570000.0,2109,210910,99.996,100.00474158369,-0.004
2024-04-18,511920.SH,广发货币E,20160328,,税后活期存款利率:即(1-利息税率)*活期存款利率,广发基金管理有限公司,中国工商银行股份有限公司,货币型ETF,,,7560000.0,5201,520077,99.996,99.995577773505,-0.004
2024-04-19,511920.SH,广发货币E,20160328,,税后活期存款利率:即(1-利息税率)*活期存款利率,广发基金管理有限公司,中国工商银行股份有限公司,货币型ETF,,,7560000.0,622,62205,100.009,100.00803858521,0.009
2024-04-22,511920.SH,广发货币E,20160328,,税后活期存款利率:即(1-利息税率)*活期存款利率,广发基金管理有限公司,中国工商银行股份有限公司,货币型ETF,,,7530000.0,610,60998,99.998,99.996721311475,-0.002
2024-04-23,511920.SH,广发货币E,20160328,,税后活期存款利率:即(1-利息税率)*活期存款利率,广发基金管理有限公司,中国工商银行股份有限公司,货币型ETF,,,7520000.0,,,99.998,99.998,-0.002
2024-04-24,511920.SH,广发货币E,20160328,,税后活期存款利率:即(1-利息税率)*活期存款利率,广发基金管理有限公司,中国工商银行股份有限公司,货币型ETF,,,7520000.0,,,99.998,99.998,-0.002
2024-04-25,511920.SH,广发货币E,20160328,,税后活期存款利率:即(1-利息税率)*活期存款利率,广发基金管理有限公司,中国工商银行股份有限公司,货币型ETF,,,7520000.0,,,99.998,99.998,-0.002
2024-04-26,511920.SH,广发货币E,20160328,,税后活期存款利率:即(1-利息税率)*活期存款利率,广发基金管理有限公司,中国工商银行股份有限公司,货币型ETF,,,7520000.0,1412,141206,100.004,100.00424929178,0.004
2024-04-29,511920.SH,广发货币E,20160328,,税后活期存款利率:即(1-利息税率)*活期存款利率,广发基金管理有限公司,中国工商银行股份有限公司,货币型ETF,,,7440000.0,508,50788,100.012,99.976377952756,0.012
2024-04-30,511920.SH,广发货币E,20160328,,税后活期存款利率:即(1-利息税率)*活期存款利率,广发基金管理有限公司,中国工商银行股份有限公司,货币型ETF,,,7440000.0,11813,1182425,100.015,100.09523406417,0.015
2024-05-06,511920.SH,广发货币E,20160328,,税后活期存款利率:即(1-利息税率)*活期存款利率,广发基金管理有限公司,中国工商银行股份有限公司,货币型ETF,,,7410000.0,4324,432391,100,99.997918593895,0
2024-05-07,511920.SH,广发货币E,20160328,,税后活期存款利率:即(1-利息税率)*活期存款利率,广发基金管理有限公司,中国工商银行股份有限公司,货币型ETF,,,7410000.0,1500,149999,100,99.999333333333,0
2024-05-08,511920.SH,广发货币E,20160328,,税后活期存款利率:即(1-利息税率)*活期存款利率,广发基金管理有限公司,中国工商银行股份有限公司,货币型ETF,,,7410000.0,501,50098,99.997,99.996007984032,-0.003
2024-05-09,511920.SH,广发货币E,20160328,,税后活期存款利率:即(1-利息税率)*活期存款利率,广发基金管理有限公司,中国工商银行股份有限公司,货币型ETF,,,7380000.0,2801,280112,100.003,100.00428418422,0.003
2024-05-10,511920.SH,广发货币E,20160328,,税后活期存款利率:即(1-利息税率)*活期存款利率,广发基金管理有限公司,中国工商银行股份有限公司,货币型ETF,,,7380000.0,1400,140009,100.01,100.00642857143,0.01
2024-05-13,511920.SH,广发货币E,20160328,,税后活期存款利率:即(1-利息税率)*活期存款利率,广发基金管理有限公司,中国工商银行股份有限公司,货币型ETF,,,7290000.0,1400,140009,100.009,100.00642857143,0.009
2024-05-14,511920.SH,广发货币E,20160328,,税后活期存款利率:即(1-利息税率)*活期存款利率,广发基金管理有限公司,中国工商银行股份有限公司,货币型ETF,,,7290000.0,100,10000,100,100,0
2024-05-15,511920.SH,广发货币E,20160328,,税后活期存款利率:即(1-利息税率)*活期存款利率,广发基金管理有限公司,中国工商银行股份有限公司,货币型ETF,,,7290000.0,716,71599,100,99.998603351955,0
2024-05-16,511920.SH,广发货币E,20160328,,税后活期存款利率:即(1-利息税率)*活期存款利率,广发基金管理有限公司,中国工商银行股份有限公司,货币型ETF,,,7280000.0,613,61300,100,100,0
2024-05-17,511920.SH,广发货币E,20160328,,税后活期存款利率:即(1-利息税率)*活期存款利率,广发基金管理有限公司,中国工商银行股份有限公司,货币型ETF,,,7280000.0,3917,391827,100.008,100.03242277253,0.008
2024-05-20,511920.SH,广发货币E,20160328,,税后活期存款利率:即(1-利息税率)*活期存款利率,广发基金管理有限公司,中国工商银行股份有限公司,货币型ETF,,,7280000.0,3400,340100,99.994,100.02941176471,-0.006
2024-05-21,511920.SH,广发货币E,20160328,,税后活期存款利率:即(1-利息税率)*活期存款利率,广发基金管理有限公司,中国工商银行股份有限公司,货币型ETF,,,7280000.0,900,90034,100.044,100.03777777778,0.044
2024-05-22,511920.SH,广发货币E,20160328,,税后活期存款利率:即(1-利息税率)*活期存款利率,广发基金管理有限公司,中国工商银行股份有限公司,货币型ETF,,,7280000.0,1400,140028,100.064,100.02,0.064
2024-05-23,511920.SH,广发货币E,20160328,,税后活期存款利率:即(1-利息税率)*活期存款利率,广发基金管理有限公司,中国工商银行股份有限公司,货币型ETF,,,7270000.0,1017,101695,99.99,99.995083579154,-0.01
2024-05-24,511920.SH,广发货币E,20160328,,税后活期存款利率:即(1-利息税率)*活期存款利率,广发基金管理有限公司,中国工商银行股份有限公司,货币型ETF,,,7270000.0,10261,1026593,100.074,100.04804599942,0.074
2024-05-27,511920.SH,广发货币E,20160328,,税后活期存款利率:即(1-利息税率)*活期存款利率,广发基金管理有限公司,中国工商银行股份有限公司,货币型ETF,,,7270000.0,7100,711025,100.097,100.14436619718,0.097
2024-05-28,511920.SH,广发货币E,20160328,,税后活期存款利率:即(1-利息税率)*活期存款利率,广发基金管理有限公司,中国工商银行股份有限公司,货币型ETF,,,7270000.0,5605,560504,100.005,100.00071364853,0.005
2024-05-29,511920.SH,广发货币E,20160328,,税后活期存款利率:即(1-利息税率)*活期存款利率,广发基金管理有限公司,中国工商银行股份有限公司,货币型ETF,,,7250000.0,301,30100,99.997,100,-0.003
2024-05-30,511920.SH,广发货币E,20160328,,税后活期存款利率:即(1-利息税率)*活期存款利率,广发基金管理有限公司,中国工商银行股份有限公司,货币型ETF,,,7240000.0,2510,251057,100.038,100.02270916335,0.038
2024-05-31,511920.SH,广发货币E,20160328,,税后活期存款利率:即(1-利息税率)*活期存款利率,广发基金管理有限公司,中国工商银行股份有限公司,货币型ETF,,,7240000.0,1512,151220,100.007,100.01322751323,0.007
2024-06-03,511920.SH,广发货币E,20160328,,税后活期存款利率:即(1-利息税率)*活期存款利率,广发基金管理有限公司,中国工商银行股份有限公司,货币型ETF,,,7240000.0,405,40499,99.995,99.997530864198,-0.005
2024-06-04,511920.SH,广发货币E,20160328,,税后活期存款利率:即(1-利息税率)*活期存款利率,广发基金管理有限公司,中国工商银行股份有限公司,货币型ETF,,,7240000.0,1102,110200,100,100,0
2024-06-05,511920.SH,广发货币E,20160328,,税后活期存款利率:即(1-利息税率)*活期存款利率,广发基金管理有限公司,中国工商银行股份有限公司,货币型ETF,,,7240000.0,302,30200,99.999,100,-0.001
2024-06-06,511920.SH,广发货币E,20160328,,税后活期存款利率:即(1-利息税率)*活期存款利率,广发基金管理有限公司,中国工商银行股份有限公司,货币型ETF,,,7210000.0,211,21100,100,100,0
2024-06-07,511920.SH,广发货币E,20160328,,税后活期存款利率:即(1-利息税率)*活期存款利率,广发基金管理有限公司,中国工商银行股份有限公司,货币型ETF,,,7210000.0,307,30705,100.001,100.01628664495,0.001
2024-06-11,511920.SH,广发货币E,20160328,,税后活期存款利率:即(1-利息税率)*活期存款利率,广发基金管理有限公司,中国工商银行股份有限公司,货币型ETF,,,7210000.0,2303,230297,99.999,99.998697351281,-0.001
2024-06-12,511920.SH,广发货币E,20160328,,税后活期存款利率:即(1-利息税率)*活期存款利率,广发基金管理有限公司,中国工商银行股份有限公司,货币型ETF,,,7210000.0,4408,440788,100,99.997277676951,0
2024-06-13,511920.SH,广发货币E,20160328,,税后活期存款利率:即(1-利息税率)*活期存款利率,广发基金管理有限公司,中国工商银行股份有限公司,货币型ETF,,,7030000.0,300,30000,100,100,0
2024-06-14,511920.SH,广发货币E,20160328,,税后活期存款利率:即(1-利息税率)*活期存款利率,广发基金管理有限公司,中国工商银行股份有限公司,货币型ETF,,,7020000.0,1010,101002,100.001,100.00198019802,0.001
2024-06-17,511920.SH,广发货币E,20160328,,税后活期存款利率:即(1-利息税率)*活期存款利率,广发基金管理有限公司,中国工商银行股份有限公司,货币型ETF,,,7000000.0,108,10802,100.015,100.01851851852,0.015
2024-06-18,511920.SH,广发货币E,20160328,,税后活期存款利率:即(1-利息税率)*活期存款利率,广发基金管理有限公司,中国工商银行股份有限公司,货币型ETF,,,7000000.0,,,100.015,100.015,0.015
2024-06-19,511920.SH,广发货币E,20160328,,税后活期存款利率:即(1-利息税率)*活期存款利率,广发基金管理有限公司,中国工商银行股份有限公司,货币型ETF,,,7010000.0,100,10002,100.015,100.02,0.015
2024-06-20,511920.SH,广发货币E,20160328,,税后活期存款利率:即(1-利息税率)*活期存款利率,广发基金管理有限公司,中国工商银行股份有限公司,货币型ETF,,,7010000.0,214,21401,100.008,100.0046728972,0.008
2024-06-21,511920.SH,广发货币E,20160328,,税后活期存款利率:即(1-利息税率)*活期存款利率,广发基金管理有限公司,中国工商银行股份有限公司,货币型ETF,,,7010000.0,215,21501,100.004,100.00465116279,0.004
2024-06-24,511920.SH,广发货币E,20160328,,税后活期存款利率:即(1-利息税率)*活期存款利率,广发基金管理有限公司,中国工商银行股份有限公司,货币型ETF,,,7010000.0,5,500,100.007,100,0.007
2024-06-25,511920.SH,广发货币E,20160328,,税后活期存款利率:即(1-利息税率)*活期存款利率,广发基金管理有限公司,中国工商银行股份有限公司,货币型ETF,,,7000000.0,200,20000,100,100,0
2024-06-26,511920.SH,广发货币E,20160328,,税后活期存款利率:即(1-利息税率)*活期存款利率,广发基金管理有限公司,中国工商银行股份有限公司,货币型ETF,,,7000000.0,400,40001,100,100.0025,0
2024-06-27,511920.SH,广发货币E,20160328,,税后活期存款利率:即(1-利息税率)*活期存款利率,广发基金管理有限公司,中国工商银行股份有限公司,货币型ETF,,,7000000.0,300,29999,100.002,99.996666666667,0.002
2024-06-28,511920.SH,广发货币E,20160328,,税后活期存款利率:即(1-利息税率)*活期存款利率,广发基金管理有限公司,中国工商银行股份有限公司,货币型ETF,,,7000000.0,505,50502,100.001,100.00396039604,0.001
2024-07-01,511920.SH,广发货币E,20160328,,税后活期存款利率:即(1-利息税率)*活期存款利率,广发基金管理有限公司,中国工商银行股份有限公司,货币型ETF,,,7000000.0,500,50000,100.001,100,0.001
2024-07-02,511920.SH,广发货币E,20160328,,税后活期存款利率:即(1-利息税率)*活期存款利率,广发基金管理有限公司,中国工商银行股份有限公司,货币型ETF,,,7000000.0,,,100.001,100.001,0.001
2024-07-03,511920.SH,广发货币E,20160328,,税后活期存款利率:即(1-利息税率)*活期存款利率,广发基金管理有限公司,中国工商银行股份有限公司,货币型ETF,,,7000000.0,103,10300,99.999,100,-0.001
2024-07-04,511920.SH,广发货币E,20160328,,税后活期存款利率:即(1-利息税率)*活期存款利率,广发基金管理有限公司,中国工商银行股份有限公司,货币型ETF,,,6990000.0,510,50999,100,99.998039215686,0
2024-07-05,511920.SH,广发货币E,20160328,,税后活期存款利率:即(1-利息税率)*活期存款利率,广发基金管理有限公司,中国工商银行股份有限公司,货币型ETF,,,6990000.0,942,94207,100.006,100.00743099788,0.006
2024-07-08,511920.SH,广发货币E,20160328,,税后活期存款利率:即(1-利息税率)*活期存款利率,广发基金管理有限公司,中国工商银行股份有限公司,货币型ETF,,,6970000.0,100,10000,100,100,0
2024-07-09,511920.SH,广发货币E,20160328,,税后活期存款利率:即(1-利息税率)*活期存款利率,广发基金管理有限公司,中国工商银行股份有限公司,货币型ETF,,,6970000.0,100,10000,99.998,100,-0.002
2024-07-10,511920.SH,广发货币E,20160328,,税后活期存款利率:即(1-利息税率)*活期存款利率,广发基金管理有限公司,中国工商银行股份有限公司,货币型ETF,,,6970000.0,810,80999,100.002,99.998765432099,0.002
2024-07-11,511920.SH,广发货币E,20160328,,税后活期存款利率:即(1-利息税率)*活期存款利率,广发基金管理有限公司,中国工商银行股份有限公司,货币型ETF,,,6920000.0,,,100.002,100.002,0.002
2024-07-12,511920.SH,广发货币E,20160328,,税后活期存款利率:即(1-利息税率)*活期存款利率,广发基金管理有限公司,中国工商银行股份有限公司,货币型ETF,,,6920000.0,102,10201,100.014,100.00980392157,0.014
2024-07-15,511920.SH,广发货币E,20160328,,税后活期存款利率:即(1-利息税率)*活期存款利率,广发基金管理有限公司,中国工商银行股份有限公司,货币型ETF,,,6920000.0,,,100.014,100.014,0.014
2024-07-16,511920.SH,广发货币E,20160328,,税后活期存款利率:即(1-利息税率)*活期存款利率,广发基金管理有限公司,中国工商银行股份有限公司,货币型ETF,,,6920000.0,3,300,99.999,100,-0.001
2024-07-17,511920.SH,广发货币E,20160328,,税后活期存款利率:即(1-利息税率)*活期存款利率,广发基金管理有限公司,中国工商银行股份有限公司,货币型ETF,,,6920000.0,100,10000,99.999,100,-0.001
2024-07-18,511920.SH,广发货币E,20160328,,税后活期存款利率:即(1-利息税率)*活期存款利率,广发基金管理有限公司,中国工商银行股份有限公司,货币型ETF,,,6920000.0,8,800,99.997,100,-0.003
2024-07-19,511920.SH,广发货币E,20160328,,税后活期存款利率:即(1-利息税率)*活期存款利率,广发基金管理有限公司,中国工商银行股份有限公司,货币型ETF,,,6920000.0,1015,101508,100.008,100.0078817734,0.008
2024-07-22,511920.SH,广发货币E,20160328,,税后活期存款利率:即(1-利息税率)*活期存款利率,广发基金管理有限公司,中国工商银行股份有限公司,货币型ETF,,,6920000.0,2,200,99.99,100,-0.01
2024-07-23,511920.SH,广发货币E,20160328,,税后活期存款利率:即(1-利息税率)*活期存款利率,广发基金管理有限公司,中国工商银行股份有限公司,货币型ETF,,,6930000.0,,,99.99,99.99,-0.01
2024-07-24,511920.SH,广发货币E,20160328,,税后活期存款利率:即(1-利息税率)*活期存款利率,广发基金管理有限公司,中国工商银行股份有限公司,货币型ETF,,,6930000.0,,,99.99,99.99,-0.01
2024-07-25,511920.SH,广发货币E,20160328,,税后活期存款利率:即(1-利息税率)*活期存款利率,广发基金管理有限公司,中国工商银行股份有限公司,货币型ETF,,,6930000.0,1,100,99.99,100,-0.01
2024-07-26,511920.SH,广发货币E,20160328,,税后活期存款利率:即(1-利息税率)*活期存款利率,广发基金管理有限公司,中国工商银行股份有限公司,货币型ETF,,,6930000.0,127,12701,100.01,100.00787401575,0.01
2024-07-29,511920.SH,广发货币E,20160328,,税后活期存款利率:即(1-利息税率)*活期存款利率,广发基金管理有限公司,中国工商银行股份有限公司,货币型ETF,,,6920000.0,200,20001,100.008,100.005,0.008
2024-07-30,511920.SH,广发货币E,20160328,,税后活期存款利率:即(1-利息税率)*活期存款利率,广发基金管理有限公司,中国工商银行股份有限公司,货币型ETF,,,6920000.0,1,100,99.996,100,-0.004
2024-07-31,511920.SH,广发货币E,20160328,,税后活期存款利率:即(1-利息税率)*活期存款利率,广发基金管理有限公司,中国工商银行股份有限公司,货币型ETF,,,6920000.0,202,20200,100,100,0
2024-08-01,511920.SH,广发货币E,20160328,,税后活期存款利率:即(1-利息税率)*活期存款利率,广发基金管理有限公司,中国工商银行股份有限公司,货币型ETF,,,6930000.0,200,19999,100,99.995,0
2024-08-02,511920.SH,广发货币E,20160328,,税后活期存款利率:即(1-利息税率)*活期存款利率,广发基金管理有限公司,中国工商银行股份有限公司,货币型ETF,,,6930000.0,1502,150269,100.008,100.04593874834,0.008
2024-08-05,511920.SH,广发货币E,20160328,,税后活期存款利率:即(1-利息税率)*活期存款利率,广发基金管理有限公司,中国工商银行股份有限公司,货币型ETF,,,6930000.0,108,10800,100.008,100,0.008
2024-08-06,511920.SH,广发货币E,20160328,,税后活期存款利率:即(1-利息税率)*活期存款利率,广发基金管理有限公司,中国工商银行股份有限公司,货币型ETF,,,6930000.0,1,100,99.995,100,-0.005
2024-08-07,511920.SH,广发货币E,20160328,,税后活期存款利率:即(1-利息税率)*活期存款利率,广发基金管理有限公司,中国工商银行股份有限公司,货币型ETF,,,6930000.0,1402,140202,99.997,100.00142653352,-0.003
2024-08-08,511920.SH,广发货币E,20160328,,税后活期存款利率:即(1-利息税率)*活期存款利率,广发基金管理有限公司,中国工商银行股份有限公司,货币型ETF,,,6930000.0,100,10000,100.003,100,0.003
2024-08-09,511920.SH,广发货币E,20160328,,税后活期存款利率:即(1-利息税率)*活期存款利率,广发基金管理有限公司,中国工商银行股份有限公司,货币型ETF,,,6920000.0,204,20401,100.006,100.00490196078,0.006
2024-08-12,511920.SH,广发货币E,20160328,,税后活期存款利率:即(1-利息税率)*活期存款利率,广发基金管理有限公司,中国工商银行股份有限公司,货币型ETF,,,6900000.0,101,10108,100.08,100.07920792079,0.08
2024-08-13,511920.SH,广发货币E,20160328,,税后活期存款利率:即(1-利息税率)*活期存款利率,广发基金管理有限公司,中国工商银行股份有限公司,货币型ETF,,,6900000.0,2000,200145,100,100.0725,0
2024-08-14,511920.SH,广发货币E,20160328,,税后活期存款利率:即(1-利息税率)*活期存款利率,广发基金管理有限公司,中国工商银行股份有限公司,货币型ETF,,,6900000.0,1600,159999,100.001,99.999375,0.001
2024-08-15,511920.SH,广发货币E,20160328,,税后活期存款利率:即(1-利息税率)*活期存款利率,广发基金管理有限公司,中国工商银行股份有限公司,货币型ETF,,,6880000.0,200,20000,100,100,0
2024-08-16,511920.SH,广发货币E,20160328,,税后活期存款利率:即(1-利息税率)*活期存款利率,广发基金管理有限公司,中国工商银行股份有限公司,货币型ETF,,,6880000.0,313,31302,100.006,100.00638977636,0.006
2024-08-19,511920.SH,广发货币E,20160328,,税后活期存款利率:即(1-利息税率)*活期存款利率,广发基金管理有限公司,中国工商银行股份有限公司,货币型ETF,,,6880000.0,700,70000,100,100,0
2024-08-20,511920.SH,广发货币E,20160328,,税后活期存款利率:即(1-利息税率)*活期存款利率,广发基金管理有限公司,中国工商银行股份有限公司,货币型ETF,,,6850000.0,102,10200,99.998,100,-0.002
2024-08-21,511920.SH,广发货币E,20160328,,税后活期存款利率:即(1-利息税率)*活期存款利率,广发基金管理有限公司,中国工商银行股份有限公司,货币型ETF,,,6850000.0,300,29999,99.997,99.996666666667,-0.003
2024-08-22,511920.SH,广发货币E,20160328,,税后活期存款利率:即(1-利息税率)*活期存款利率,广发基金管理有限公司,中国工商银行股份有限公司,货币型ETF,,,6830000.0,2,200,99.997,100,-0.003
2024-08-23,511920.SH,广发货币E,20160328,,税后活期存款利率:即(1-利息税率)*活期存款利率,广发基金管理有限公司,中国工商银行股份有限公司,货币型ETF,,,6820000.0,201,20101,100.005,100.00497512438,0.005
2024-08-26,511920.SH,广发货币E,20160328,,税后活期存款利率:即(1-利息税率)*活期存款利率,广发基金管理有限公司,中国工商银行股份有限公司,货币型ETF,,,6800000.0,100,10000,99.998,100,-0.002
2024-08-27,511920.SH,广发货币E,20160328,,税后活期存款利率:即(1-利息税率)*活期存款利率,广发基金管理有限公司,中国工商银行股份有限公司,货币型ETF,,,6790000.0,1,100,100,100,0
2024-08-28,511920.SH,广发货币E,20160328,,税后活期存款利率:即(1-利息税率)*活期存款利率,广发基金管理有限公司,中国工商银行股份有限公司,货币型ETF,,,6790000.0,4,400,99.998,100,-0.002
2024-08-29,511920.SH,广发货币E,20160328,,税后活期存款利率:即(1-利息税率)*活期存款利率,广发基金管理有限公司,中国工商银行股份有限公司,货币型ETF,,,6790000.0,,,99.998,99.998,-0.002
2024-08-30,511920.SH,广发货币E,20160328,,税后活期存款利率:即(1-利息税率)*活期存款利率,广发基金管理有限公司,中国工商银行股份有限公司,货币型ETF,,,6790000.0,405,40497,99.96,99.992592592593,-0.04
2024-09-02,511920.SH,广发货币E,20160328,,税后活期存款利率:即(1-利息税率)*活期存款利率,广发基金管理有限公司,中国工商银行股份有限公司,货币型ETF,,,6790000.0,200,20004,99.964,100.02,-0.036
2024-09-03,511920.SH,广发货币E,20160328,,税后活期存款利率:即(1-利息税率)*活期存款利率,广发基金管理有限公司,中国工商银行股份有限公司,货币型ETF,,,6790000.0,1004,100399,99.995,99.999003984064,-0.005
2024-09-04,511920.SH,广发货币E,20160328,,税后活期存款利率:即(1-利息税率)*活期存款利率,广发基金管理有限公司,中国工商银行股份有限公司,货币型ETF,,,6790000.0,,,99.995,99.995,-0.005
2024-09-05,511920.SH,广发货币E,20160328,,税后活期存款利率:即(1-利息税率)*活期存款利率,广发基金管理有限公司,中国工商银行股份有限公司,货币型ETF,,,6790000.0,23,2300,99.999,100,-0.001
2024-09-06,511920.SH,广发货币E,20160328,,税后活期存款利率:即(1-利息税率)*活期存款利率,广发基金管理有限公司,中国工商银行股份有限公司,货币型ETF,,,6790000.0,224,22406,100.001,100.02678571429,0.001
2024-09-09,511920.SH,广发货币E,20160328,,税后活期存款利率:即(1-利息税率)*活期存款利率,广发基金管理有限公司,中国工商银行股份有限公司,货币型ETF,,,6790000.0,600,59999,100,99.998333333333,0
2024-09-10,511920.SH,广发货币E,20160328,,税后活期存款利率:即(1-利息税率)*活期存款利率,广发基金管理有限公司,中国工商银行股份有限公司,货币型ETF,,,6790000.0,,,100,100,0
2024-09-11,511920.SH,广发货币E,20160328,,税后活期存款利率:即(1-利息税率)*活期存款利率,广发基金管理有限公司,中国工商银行股份有限公司,货币型ETF,,,6790000.0,100,10000,99.997,100,-0.003
2024-09-12,511920.SH,广发货币E,20160328,,税后活期存款利率:即(1-利息税率)*活期存款利率,广发基金管理有限公司,中国工商银行股份有限公司,货币型ETF,,,6790000.0,407,40707,100.074,100.0171990172,0.074
2024-09-13,511920.SH,广发货币E,20160328,,税后活期存款利率:即(1-利息税率)*活期存款利率,广发基金管理有限公司,中国工商银行股份有限公司,货币型ETF,,,6790000.0,513,51304,100,100.00779727096,0
2024-09-18,511920.SH,广发货币E,20160328,,税后活期存款利率:即(1-利息税率)*活期存款利率,广发基金管理有限公司,中国工商银行股份有限公司,货币型ETF,,,6790000.0,413,41299,99.996,99.997578692494,-0.004
2024-09-19,511920.SH,广发货币E,20160328,,税后活期存款利率:即(1-利息税率)*活期存款利率,广发基金管理有限公司,中国工商银行股份有限公司,货币型ETF,,,6790000.0,100,10000,99.996,100,-0.004
2024-09-20,511920.SH,广发货币E,20160328,,税后活期存款利率:即(1-利息税率)*活期存款利率,广发基金管理有限公司,中国工商银行股份有限公司,货币型ETF,,,6790000.0,218,21802,100.01,100.00917431193,0.01
2024-09-23,511920.SH,广发货币E,20160328,,税后活期存款利率:即(1-利息税率)*活期存款利率,广发基金管理有限公司,中国工商银行股份有限公司,货币型ETF,,,6800000.0,,,100.01,100.01,0.01
2024-09-24,511920.SH,广发货币E,20160328,,税后活期存款利率:即(1-利息税率)*活期存款利率,广发基金管理有限公司,中国工商银行股份有限公司,货币型ETF,,,6800000.0,977,97683,99.977,99.982599795292,-0.023
2024-09-25,511920.SH,广发货币E,20160328,,税后活期存款利率:即(1-利息税率)*活期存款利率,广发基金管理有限公司,中国工商银行股份有限公司,货币型ETF,,,6760000.0,1300,129999,100,99.999230769231,0
2024-09-26,511920.SH,广发货币E,20160328,,税后活期存款利率:即(1-利息税率)*活期存款利率,广发基金管理有限公司,中国工商银行股份有限公司,货币型ETF,,,6760000.0,900,89993,99.99,99.992222222222,-0.01
2024-09-27,511920.SH,广发货币E,20160328,,税后活期存款利率:即(1-利息税率)*活期存款利率,广发基金管理有限公司,中国工商银行股份有限公司,货币型ETF,,,6760000.0,400,40000,100,100,0
2024-09-30,511920.SH,广发货币E,20160328,,税后活期存款利率:即(1-利息税率)*活期存款利率,广发基金管理有限公司,中国工商银行股份有限公司,货币型ETF,,,6759600.0,11239,1124089,100.03,100.01681644274,0.03
2024-10-08,511920.SH,广发货币E,20160328,,税后活期存款利率:即(1-利息税率)*活期存款利率,广发基金管理有限公司,中国工商银行股份有限公司,货币型ETF,,,6760000.0,14740,1468826,99.99,99.648982360923,-0.01
2024-10-09,511920.SH,广发货币E,20160328,,税后活期存款利率:即(1-利息税率)*活期存款利率,广发基金管理有限公司,中国工商银行股份有限公司,货币型ETF,,,6750000.0,16265,1629105,100,100.16015985244,0
2024-10-10,511920.SH,广发货币E,20160328,,税后活期存款利率:即(1-利息税率)*活期存款利率,广发基金管理有限公司,中国工商银行股份有限公司,货币型ETF,,,6750000.0,7311,730951,100,99.97961975106,0
2024-10-11,511920.SH,广发货币E,20160328,,税后活期存款利率:即(1-利息税率)*活期存款利率,广发基金管理有限公司,中国工商银行股份有限公司,货币型ETF,,,6750000.0,2500,250021,100.008,100.0084,0.008
2024-10-14,511920.SH,广发货币E,20160328,,税后活期存款利率:即(1-利息税率)*活期存款利率,广发基金管理有限公司,中国工商银行股份有限公司,货币型ETF,,,6740000.0,1601,160106,100,100.00374765771,0
2024-10-15,511920.SH,广发货币E,20160328,,税后活期存款利率:即(1-利息税率)*活期存款利率,广发基金管理有限公司,中国工商银行股份有限公司,货币型ETF,,,6690000.0,2209,221014,100.014,100.05160706202,0.014
2024-10-16,511920.SH,广发货币E,20160328,,税后活期存款利率:即(1-利息税率)*活期存款利率,广发基金管理有限公司,中国工商银行股份有限公司,货币型ETF,,,6690000.0,401,40106,99.992,100.01496259352,-0.008
2024-10-17,511920.SH,广发货币E,20160328,,税后活期存款利率:即(1-利息税率)*活期存款利率,广发基金管理有限公司,中国工商银行股份有限公司,货币型ETF,,,6690000.0,,,99.992,99.992,-0.008
2024-10-18,511920.SH,广发货币E,20160328,,税后活期存款利率:即(1-利息税率)*活期存款利率,广发基金管理有限公司,中国工商银行股份有限公司,货币型ETF,,,6690000.0,2600,260131,100.002,100.05038461538,0.002
2024-10-21,511920.SH,广发货币E,20160328,,税后活期存款利率:即(1-利息税率)*活期存款利率,广发基金管理有限公司,中国工商银行股份有限公司,货币型ETF,,,6670000.0,3535,353572,100,100.02036775106,0
2024-10-22,511920.SH,广发货币E,20160328,,税后活期存款利率:即(1-利息税率)*活期存款利率,广发基金管理有限公司,中国工商银行股份有限公司,货币型ETF,,,6670000.0,2201,220160,100.036,100.02726033621,0.036
2024-10-23,511920.SH,广发货币E,20160328,,税后活期存款利率:即(1-利息税率)*活期存款利率,广发基金管理有限公司,中国工商银行股份有限公司,货币型ETF,,,6670000.0,600,60003,100,100.005,0
2024-10-24,511920.SH,广发货币E,20160328,,税后活期存款利率:即(1-利息税率)*活期存款利率,广发基金管理有限公司,中国工商银行股份有限公司,货币型ETF,,,6670000.0,9100,910652,100.008,100.07164835165,0.008
2024-10-25,511920.SH,广发货币E,20160328,,税后活期存款利率:即(1-利息税率)*活期存款利率,广发基金管理有限公司,中国工商银行股份有限公司,货币型ETF,,,6680000.0,3003,300439,100.045,100.04628704629,0.045
2024-10-28,511920.SH,广发货币E,20160328,,税后活期存款利率:即(1-利息税率)*活期存款利率,广发基金管理有限公司,中国工商银行股份有限公司,货币型ETF,,,6680000.0,3701,370834,100.005,100.19832477709,0.005
2024-10-29,511920.SH,广发货币E,20160328,,税后活期存款利率:即(1-利息税率)*活期存款利率,广发基金管理有限公司,中国工商银行股份有限公司,货币型ETF,,,6680000.0,9100,910313,100.002,100.0343956044,0.002
2024-10-30,511920.SH,广发货币E,20160328,,税后活期存款利率:即(1-利息税率)*活期存款利率,广发基金管理有限公司,中国工商银行股份有限公司,货币型ETF,,,6680000.0,300,30000,100,100,0
2024-10-31,511920.SH,广发货币E,20160328,,税后活期存款利率:即(1-利息税率)*活期存款利率,广发基金管理有限公司,中国工商银行股份有限公司,货币型ETF,,,6680000.0,1202,120200,100,100,0
2024-11-01,511920.SH,广发货币E,20160328,,税后活期存款利率:即(1-利息税率)*活期存款利率,广发基金管理有限公司,中国工商银行股份有限公司,货币型ETF,,,6680000.0,920,92008,100.006,100.00869565217,0.006
2024-11-04,511920.SH,广发货币E,20160328,,税后活期存款利率:即(1-利息税率)*活期存款利率,广发基金管理有限公司,中国工商银行股份有限公司,货币型ETF,,,6670000.0,404,40401,100.006,100.00247524752,0.006
2024-11-05,511920.SH,广发货币E,20160328,,税后活期存款利率:即(1-利息税率)*活期存款利率,广发基金管理有限公司,中国工商银行股份有限公司,货币型ETF,,,6670000.0,600,60000,100.001,100,0.001
2024-11-06,511920.SH,广发货币E,20160328,,税后活期存款利率:即(1-利息税率)*活期存款利率,广发基金管理有限公司,中国工商银行股份有限公司,货币型ETF,,,6670000.0,527,52700,100,100,0
2024-11-07,511920.SH,广发货币E,20160328,,税后活期存款利率:即(1-利息税率)*活期存款利率,广发基金管理有限公司,中国工商银行股份有限公司,货币型ETF,,,6670000.0,1109,110908,100.039,100.00721370604,0.039
2024-11-08,511920.SH,广发货币E,20160328,,税后活期存款利率:即(1-利息税率)*活期存款利率,广发基金管理有限公司,中国工商银行股份有限公司,货币型ETF,,,6670000.0,501,50113,100,100.02594810379,0
2024-11-11,511920.SH,广发货币E,20160328,,税后活期存款利率:即(1-利息税率)*活期存款利率,广发基金管理有限公司,中国工商银行股份有限公司,货币型ETF,,,6680000.0,300,30000,100,100,0
2024-11-12,511920.SH,广发货币E,20160328,,税后活期存款利率:即(1-利息税率)*活期存款利率,广发基金管理有限公司,中国工商银行股份有限公司,货币型ETF,,,6680000.0,1822,182206,100.002,100.00329308452,0.002
2024-11-13,511920.SH,广发货币E,20160328,,税后活期存款利率:即(1-利息税率)*活期存款利率,广发基金管理有限公司,中国工商银行股份有限公司,货币型ETF,,,6680000.0,100,10000,100.002,100,0.002
2024-11-14,511920.SH,广发货币E,20160328,,税后活期存款利率:即(1-利息税率)*活期存款利率,广发基金管理有限公司,中国工商银行股份有限公司,货币型ETF,,,6680000.0,1200,120002,100.002,100.00166666667,0.002
2024-11-15,511920.SH,广发货币E,20160328,,税后活期存款利率:即(1-利息税率)*活期存款利率,广发基金管理有限公司,中国工商银行股份有限公司,货币型ETF,,,6680000.0,900,90003,100.003,100.00333333333,0.003
2024-11-18,511920.SH,广发货币E,20160328,,税后活期存款利率:即(1-利息税率)*活期存款利率,广发基金管理有限公司,中国工商银行股份有限公司,货币型ETF,,,6680000.0,1436,143596,99.999,99.99721448468,-0.001
2024-11-19,511920.SH,广发货币E,20160328,,税后活期存款利率:即(1-利息税率)*活期存款利率,广发基金管理有限公司,中国工商银行股份有限公司,货币型ETF,,,6630000.0,200,20000,99.998,100,-0.002
2024-11-20,511920.SH,广发货币E,20160328,,税后活期存款利率:即(1-利息税率)*活期存款利率,广发基金管理有限公司,中国工商银行股份有限公司,货币型ETF,,,6630000.0,300,30000,100,100,0
2024-11-21,511920.SH,广发货币E,20160328,,税后活期存款利率:即(1-利息税率)*活期存款利率,广发基金管理有限公司,中国工商银行股份有限公司,货币型ETF,,,6630000.0,,,100,100,0
2024-11-22,511920.SH,广发货币E,20160328,,税后活期存款利率:即(1-利息税率)*活期存款利率,广发基金管理有限公司,中国工商银行股份有限公司,货币型ETF,,,6630000.0,2401,240118,99.96,100.0074968763,-0.04
2024-11-25,511920.SH,广发货币E,20160328,,税后活期存款利率:即(1-利息税率)*活期存款利率,广发基金管理有限公司,中国工商银行股份有限公司,货币型ETF,,,6620000.0,101,10100,100,100,0
2024-11-26,511920.SH,广发货币E,20160328,,税后活期存款利率:即(1-利息税率)*活期存款利率,广发基金管理有限公司,中国工商银行股份有限公司,货币型ETF,,,6620000.0,100,10002,100.02,100.02,0.02
2024-11-27,511920.SH,广发货币E,20160328,,税后活期存款利率:即(1-利息税率)*活期存款利率,广发基金管理有限公司,中国工商银行股份有限公司,货币型ETF,,,6620000.0,1006,100614,100.014,100.01391650099,0.014
2024-11-28,511920.SH,广发货币E,20160328,,税后活期存款利率:即(1-利息税率)*活期存款利率,广发基金管理有限公司,中国工商银行股份有限公司,货币型ETF,,,6620000.0,19411,1942394,100.001,100.06666323219,0.001
2024-11-29,511920.SH,广发货币E,20160328,,税后活期存款利率:即(1-利息税率)*活期存款利率,广发基金管理有限公司,中国工商银行股份有限公司,货币型ETF,,,6620000.0,1421,142104,100.002,100.00281491907,0.002
2024-12-02,511920.SH,广发货币E,20160328,,税后活期存款利率:即(1-利息税率)*活期存款利率,广发基金管理有限公司,中国工商银行股份有限公司,货币型ETF,,,6620000.0,,,100.002,100.002,0.002
2024-12-03,511920.SH,广发货币E,20160328,,税后活期存款利率:即(1-利息税率)*活期存款利率,广发基金管理有限公司,中国工商银行股份有限公司,货币型ETF,,,6620000.0,8200,820478,99.999,100.05829268293,-0.001
2024-12-04,511920.SH,广发货币E,20160328,,税后活期存款利率:即(1-利息税率)*活期存款利率,广发基金管理有限公司,中国工商银行股份有限公司,货币型ETF,,,6620000.0,,,99.999,99.999,-0.001
2024-12-05,511920.SH,广发货币E,20160328,,税后活期存款利率:即(1-利息税率)*活期存款利率,广发基金管理有限公司,中国工商银行股份有限公司,货币型ETF,,,6620000.0,,,99.999,99.999,-0.001
2024-12-06,511920.SH,广发货币E,20160328,,税后活期存款利率:即(1-利息税率)*活期存款利率,广发基金管理有限公司,中国工商银行股份有限公司,货币型ETF,,,6620000.0,24,2400,100.005,100,0.005
2024-12-09,511920.SH,广发货币E,20160328,,税后活期存款利率:即(1-利息税率)*活期存款利率,广发基金管理有限公司,中国工商银行股份有限公司,货币型ETF,,,6620000.0,3000,300258,100.086,100.086,0.086
2024-12-10,511920.SH,广发货币E,20160328,,税后活期存款利率:即(1-利息税率)*活期存款利率,广发基金管理有限公司,中国工商银行股份有限公司,货币型ETF,,,6620000.0,8101,811316,100.384,100.15010492532,0.384
2024-12-11,511920.SH,广发货币E,20160328,,税后活期存款利率:即(1-利息税率)*活期存款利率,广发基金管理有限公司,中国工商银行股份有限公司,货币型ETF,,,6620000.0,100,10033,100.334,100.33,0.334
2024-12-12,511920.SH,广发货币E,20160328,,税后活期存款利率:即(1-利息税率)*活期存款利率,广发基金管理有限公司,中国工商银行股份有限公司,货币型ETF,,,6620000.0,1400,140034,100.018,100.02428571429,0.018
2024-12-13,511920.SH,广发货币E,20160328,,税后活期存款利率:即(1-利息税率)*活期存款利率,广发基金管理有限公司,中国工商银行股份有限公司,货币型ETF,,,6630000.0,100,10001,100.008,100.01,0.008
2024-12-16,511920.SH,广发货币E,20160328,,税后活期存款利率:即(1-利息税率)*活期存款利率,广发基金管理有限公司,中国工商银行股份有限公司,货币型ETF,,,6630000.0,,,100.008,100.008,0.008
2024-12-17,511920.SH,广发货币E,20160328,,税后活期存款利率:即(1-利息税率)*活期存款利率,广发基金管理有限公司,中国工商银行股份有限公司,货币型ETF,,,6630000.0,,,100.008,100.008,0.008
2024-12-18,511920.SH,广发货币E,20160328,,税后活期存款利率:即(1-利息税率)*活期存款利率,广发基金管理有限公司,中国工商银行股份有限公司,货币型ETF,,,6630000.0,500,50000,100,100,0
2024-12-19,511920.SH,广发货币E,20160328,,税后活期存款利率:即(1-利息税率)*活期存款利率,广发基金管理有限公司,中国工商银行股份有限公司,货币型ETF,,,6630000.0,,,100,100,0
2024-12-20,511920.SH,广发货币E,20160328,,税后活期存款利率:即(1-利息税率)*活期存款利率,广发基金管理有限公司,中国工商银行股份有限公司,货币型ETF,,,6630000.0,100,10001,100.005,100.01,0.005
2024-12-23,511920.SH,广发货币E,20160328,,税后活期存款利率:即(1-利息税率)*活期存款利率,广发基金管理有限公司,中国工商银行股份有限公司,货币型ETF,,,6620000.0,500,50000,99.999,100,-0.001
2024-12-24,511920.SH,广发货币E,20160328,,税后活期存款利率:即(1-利息税率)*活期存款利率,广发基金管理有限公司,中国工商银行股份有限公司,货币型ETF,,,6620000.0,600,59999,99.999,99.998333333333,-0.001
2024-12-25,511920.SH,广发货币E,20160328,,税后活期存款利率:即(1-利息税率)*活期存款利率,广发基金管理有限公司,中国工商银行股份有限公司,货币型ETF,,,6620000.0,100,10000,99.996,100,-0.004
2024-12-26,511920.SH,广发货币E,20160328,,税后活期存款利率:即(1-利息税率)*活期存款利率,广发基金管理有限公司,中国工商银行股份有限公司,货币型ETF,,,6620000.0,500,50003,100.006,100.006,0.006
2024-12-27,511920.SH,广发货币E,20160328,,税后活期存款利率:即(1-利息税率)*活期存款利率,广发基金管理有限公司,中国工商银行股份有限公司,货币型ETF,,,6620000.0,3802,380209,100.003,100.00236717517,0.003
2024-12-30,511920.SH,广发货币E,20160328,,税后活期存款利率:即(1-利息税率)*活期存款利率,广发基金管理有限公司,中国工商银行股份有限公司,货币型ETF,,,6470000.0,300,30001,100.003,100.00333333333,0.003
2024-12-31,511920.SH,广发货币E,20160328,,税后活期存款利率:即(1-利息税率)*活期存款利率,广发基金管理有限公司,中国工商银行股份有限公司,货币型ETF,,,6474400.0,400,40001,100.004,100.0025,0.004
2025-01-02,511920.SH,广发货币E,20160328,,税后活期存款利率:即(1-利息税率)*活期存款利率,广发基金管理有限公司,中国工商银行股份有限公司,货币型ETF,,,6470000.0,,,100.004,100.004,0.004
2025-01-03,511920.SH,广发货币E,20160328,,税后活期存款利率:即(1-利息税率)*活期存款利率,广发基金管理有限公司,中国工商银行股份有限公司,货币型ETF,,,6440000.0,3017,301665,100.004,99.988399071926,0.004
2025-01-06,511920.SH,广发货币E,20160328,,税后活期存款利率:即(1-利息税率)*活期存款利率,广发基金管理有限公司,中国工商银行股份有限公司,货币型ETF,,,6420000.0,300,30000,100,100,0
2025-01-07,511920.SH,广发货币E,20160328,,税后活期存款利率:即(1-利息税率)*活期存款利率,广发基金管理有限公司,中国工商银行股份有限公司,货币型ETF,,,6420000.0,100,10000,100.001,100,0.001
2025-01-08,511920.SH,广发货币E,20160328,,税后活期存款利率:即(1-利息税率)*活期存款利率,广发基金管理有限公司,中国工商银行股份有限公司,货币型ETF,,,6420000.0,21203,2121658,100.001,100.06404754044,0.001
2025-01-09,511920.SH,广发货币E,20160328,,税后活期存款利率:即(1-利息税率)*活期存款利率,广发基金管理有限公司,中国工商银行股份有限公司,货币型ETF,,,6420000.0,,,100.001,100.001,0.001
2025-01-10,511920.SH,广发货币E,20160328,,税后活期存款利率:即(1-利息税率)*活期存款利率,广发基金管理有限公司,中国工商银行股份有限公司,货币型ETF,,,6420000.0,,,100.001,100.001,0.001
2025-01-13,511920.SH,广发货币E,20160328,,税后活期存款利率:即(1-利息税率)*活期存款利率,广发基金管理有限公司,中国工商银行股份有限公司,货币型ETF,,,6430000.0,3,300,100.001,100,0.001
2025-01-14,511920.SH,广发货币E,20160328,,税后活期存款利率:即(1-利息税率)*活期存款利率,广发基金管理有限公司,中国工商银行股份有限公司,货币型ETF,,,6430000.0,800,80022,100.043,100.0275,0.043
2025-01-15,511920.SH,广发货币E,20160328,,税后活期存款利率:即(1-利息税率)*活期存款利率,广发基金管理有限公司,中国工商银行股份有限公司,货币型ETF,,,6430000.0,101,10100,100.001,100,0.001
2025-01-16,511920.SH,广发货币E,20160328,,税后活期存款利率:即(1-利息税率)*活期存款利率,广发基金管理有限公司,中国工商银行股份有限公司,货币型ETF,,,6430000.0,2302,230410,100.011,100.09122502172,0.011
2025-01-17,511920.SH,广发货币E,20160328,,税后活期存款利率:即(1-利息税率)*活期存款利率,广发基金管理有限公司,中国工商银行股份有限公司,货币型ETF,,,6430000.0,1001,100329,100.021,100.22877122877,0.021
2025-01-20,511920.SH,广发货币E,20160328,,税后活期存款利率:即(1-利息税率)*活期存款利率,广发基金管理有限公司,中国工商银行股份有限公司,货币型ETF,,,6430000.0,513,51304,100.007,100.00779727096,0.007
2025-01-21,511920.SH,广发货币E,20160328,,税后活期存款利率:即(1-利息税率)*活期存款利率,广发基金管理有限公司,中国工商银行股份有限公司,货币型ETF,,,6440000.0,900,90196,100.218,100.21777777778,0.218
2025-01-22,511920.SH,广发货币E,20160328,,税后活期存款利率:即(1-利息税率)*活期存款利率,广发基金管理有限公司,中国工商银行股份有限公司,货币型ETF,,,6440000.0,1300,130091,100.051,100.07,0.051
2025-01-23,511920.SH,广发货币E,20160328,,税后活期存款利率:即(1-利息税率)*活期存款利率,广发基金管理有限公司,中国工商银行股份有限公司,货币型ETF,,,6450000.0,1000,100050,100.05,100.05,0.05
2025-01-24,511920.SH,广发货币E,20160328,,税后活期存款利率:即(1-利息税率)*活期存款利率,广发基金管理有限公司,中国工商银行股份有限公司,货币型ETF,,,6450000.0,57904,6189801,102.3,106.89764092291,2.3
2025-01-27,511920.SH,广发货币E,20160328,,税后活期存款利率:即(1-利息税率)*活期存款利率,广发基金管理有限公司,中国工商银行股份有限公司,货币型ETF,,,6460000.0,38344,4122336,108.101,107.50928437304,8.101
2025-02-05,511920.SH,广发货币E,20160328,,税后活期存款利率:即(1-利息税率)*活期存款利率,广发基金管理有限公司,中国工商银行股份有限公司,货币型ETF,,,6460000.0,,,108.101,108.101,8.101
2025-02-06,511920.SH,广发货币E,20160328,,税后活期存款利率:即(1-利息税率)*活期存款利率,广发基金管理有限公司,中国工商银行股份有限公司,货币型ETF,,,6630000.0,16495,1650739,100.004,100.07511367081,0.004
2025-02-07,511920.SH,广发货币E,20160328,,税后活期存款利率:即(1-利息税率)*活期存款利率,广发基金管理有限公司,中国工商银行股份有限公司,货币型ETF,,,6750000.0,12620,1262054,100.005,100.00427892235,0.005
2025-02-10,511920.SH,广发货币E,20160328,,税后活期存款利率:即(1-利息税率)*活期存款利率,广发基金管理有限公司,中国工商银行股份有限公司,货币型ETF,,,6470000.0,105461,11148911,100.344,105.71596135064,0.344
2025-02-11,511920.SH,广发货币E,20160328,,税后活期存款利率:即(1-利息税率)*活期存款利率,广发基金管理有限公司,中国工商银行股份有限公司,货币型ETF,,,11260000.0,90862,9750935,108.025,107.31587462305,8.025
2025-02-12,511920.SH,广发货币E,20160328,,税后活期存款利率:即(1-利息税率)*活期存款利率,广发基金管理有限公司,中国工商银行股份有限公司,货币型ETF,,,24860000.0,227661,23169541,101.277,101.77211292228,1.277
2025-02-13,511920.SH,广发货币E,20160328,,税后活期存款利率:即(1-利息税率)*活期存款利率,广发基金管理有限公司,中国工商银行股份有限公司,货币型ETF,,,38660000.0,132328,13241284,100.019,100.06411341515,0.019
2025-02-14,511920.SH,广发货币E,20160328,,税后活期存款利率:即(1-利息税率)*活期存款利率,广发基金管理有限公司,中国工商银行股份有限公司,货币型ETF,,,59570000.0,96944,9695106,100.01,100.00728255488,0.01
2025-02-17,511920.SH,广发货币E,20160328,,税后活期存款利率:即(1-利息税率)*活期存款利率,广发基金管理有限公司,中国工商银行股份有限公司,货币型ETF,,,58430000.0,81991,8199010,100,99.998902318547,0
2025-02-18,511920.SH,广发货币E,20160328,,税后活期存款利率:即(1-利息税率)*活期存款利率,广发基金管理有限公司,中国工商银行股份有限公司,货币型ETF,,,54510000.0,89452,8945065,99.999,99.998490810714,-0.001
2025-02-19,511920.SH,广发货币E,20160328,,税后活期存款利率:即(1-利息税率)*活期存款利率,广发基金管理有限公司,中国工商银行股份有限公司,货币型ETF,,,50140000.0,48000,4799887,99.996,99.997645833333,-0.004
2025-02-20,511920.SH,广发货币E,20160328,,税后活期存款利率:即(1-利息税率)*活期存款利率,广发基金管理有限公司,中国工商银行股份有限公司,货币型ETF,,,49340000.0,35714,3571244,99.995,99.995631965056,-0.005
2025-02-21,511920.SH,广发货币E,20160328,,税后活期存款利率:即(1-利息税率)*活期存款利率,广发基金管理有限公司,中国工商银行股份有限公司,货币型ETF,,,48450000.0,56909,5691085,100,100.00325080392,0
2025-02-24,511920.SH,广发货币E,20160328,,税后活期存款利率:即(1-利息税率)*活期存款利率,广发基金管理有限公司,中国工商银行股份有限公司,货币型ETF,,,46320000.0,26831,2683062,99.998,99.998583727778,-0.002
2025-02-25,511920.SH,广发货币E,20160328,,税后活期存款利率:即(1-利息税率)*活期存款利率,广发基金管理有限公司,中国工商银行股份有限公司,货币型ETF,,,45370000.0,11312,1131192,99.999,99.999292786422,-0.001
2025-02-26,511920.SH,广发货币E,20160328,,税后活期存款利率:即(1-利息税率)*活期存款利率,广发基金管理有限公司,中国工商银行股份有限公司,货币型ETF,,,44920000.0,19822,1982147,99.998,99.997326203209,-0.002
2025-02-27,511920.SH,广发货币E,20160328,,税后活期存款利率:即(1-利息税率)*活期存款利率,广发基金管理有限公司,中国工商银行股份有限公司,货币型ETF,,,43630000.0,21576,2157525,99.998,99.996523915462,-0.002
2025-02-28,511920.SH,广发货币E,20160328,,税后活期存款利率:即(1-利息税率)*活期存款利率,广发基金管理有限公司,中国工商银行股份有限公司,货币型ETF,,,43540000.0,195397,19552886,100.004,100.0674831241,0.004
2025-03-03,511920.SH,广发货币E,20160328,,税后活期存款利率:即(1-利息税率)*活期存款利率,广发基金管理有限公司,中国工商银行股份有限公司,货币型ETF,,,44720000.0,36901,3690931,100.004,100.02251971491,0.004
2025-03-04,511920.SH,广发货币E,20160328,,税后活期存款利率:即(1-利息税率)*活期存款利率,广发基金管理有限公司,中国工商银行股份有限公司,货币型ETF,,,45380000.0,22100,2210052,100.002,100.00235294118,0.002
2025-03-05,511920.SH,广发货币E,20160328,,税后活期存款利率:即(1-利息税率)*活期存款利率,广发基金管理有限公司,中国工商银行股份有限公司,货币型ETF,,,45180000.0,36700,3670294,100.002,100.00801089918,0.002
2025-03-06,511920.SH,广发货币E,20160328,,税后活期存款利率:即(1-利息税率)*活期存款利率,广发基金管理有限公司,中国工商银行股份有限公司,货币型ETF,,,45180000.0,7600,760003,100,100.00039473684,0
2025-03-07,511920.SH,广发货币E,20160328,,税后活期存款利率:即(1-利息税率)*活期存款利率,广发基金管理有限公司,中国工商银行股份有限公司,货币型ETF,,,45180000.0,15741,1574213,100.007,100.00717870529,0.007
2025-03-10,511920.SH,广发货币E,20160328,,税后活期存款利率:即(1-利息税率)*活期存款利率,广发基金管理有限公司,中国工商银行股份有限公司,货币型ETF,,,45190000.0,16000,1600008,100.002,100.0005,0.002
2025-03-11,511920.SH,广发货币E,20160328,,税后活期存款利率:即(1-利息税率)*活期存款利率,广发基金管理有限公司,中国工商银行股份有限公司,货币型ETF,,,45170000.0,54302,5431303,100.001,100.02031232735,0.001
2025-03-12,511920.SH,广发货币E,20160328,,税后活期存款利率:即(1-利息税率)*活期存款利率,广发基金管理有限公司,中国工商银行股份有限公司,货币型ETF,,,45170000.0,2301,230104,100.001,100.00173837462,0.001
2025-03-13,511920.SH,广发货币E,20160328,,税后活期存款利率:即(1-利息税率)*活期存款利率,广发基金管理有限公司,中国工商银行股份有限公司,货币型ETF,,,45190000.0,50400,5040899,99.997,100.01783730159,-0.003
2025-03-14,511920.SH,广发货币E,20160328,,税后活期存款利率:即(1-利息税率)*活期存款利率,广发基金管理有限公司,中国工商银行股份有限公司,货币型ETF,,,45190000.0,41226,4122873,100.003,100.00662203464,0.003
2025-03-17,511920.SH,广发货币E,20160328,,税后活期存款利率:即(1-利息税率)*活期存款利率,广发基金管理有限公司,中国工商银行股份有限公司,货币型ETF,,,44750000.0,30170,3016854,99.996,99.995160755718,-0.004
2025-03-18,511920.SH,广发货币E,20160328,,税后活期存款利率:即(1-利息税率)*活期存款利率,广发基金管理有限公司,中国工商银行股份有限公司,货币型ETF,,,44110000.0,21110,2110342,99.988,99.968829938418,-0.012
2025-03-19,511920.SH,广发货币E,20160328,,税后活期存款利率:即(1-利息税率)*活期存款利率,广发基金管理有限公司,中国工商银行股份有限公司,货币型ETF,,,43830000.0,4703,470259,99.993,99.991282160323,-0.007
2025-03-20,511920.SH,广发货币E,20160328,,税后活期存款利率:即(1-利息税率)*活期存款利率,广发基金管理有限公司,中国工商银行股份有限公司,货币型ETF,,,42930000.0,72000,7200794,100,100.01102777778,0
2025-03-21,511920.SH,广发货币E,20160328,,税后活期存款利率:即(1-利息税率)*活期存款利率,广发基金管理有限公司,中国工商银行股份有限公司,货币型ETF,,,42930000.0,22400,2240205,100.007,100.00915178571,0.007
2025-03-24,511920.SH,广发货币E,20160328,,税后活期存款利率:即(1-利息税率)*活期存款利率,广发基金管理有限公司,中国工商银行股份有限公司,货币型ETF,,,43190000.0,53700,5371238,100,100.02305400372,0
2025-03-25,511920.SH,广发货币E,20160328,,税后活期存款利率:即(1-利息税率)*活期存款利率,广发基金管理有限公司,中国工商银行股份有限公司,货币型ETF,,,43190000.0,9828,982828,100.001,100.00284900285,0.001
2025-03-26,511920.SH,广发货币E,20160328,,税后活期存款利率:即(1-利息税率)*活期存款利率,广发基金管理有限公司,中国工商银行股份有限公司,货币型ETF,,,43190000.0,4800,480018,100.002,100.00375,0.002
2025-03-27,511920.SH,广发货币E,20160328,,税后活期存款利率:即(1-利息税率)*活期存款利率,广发基金管理有限公司,中国工商银行股份有限公司,货币型ETF,,,43190000.0,7401,740114,100,100.00189163627,0
2025-03-28,511920.SH,广发货币E,20160328,,税后活期存款利率:即(1-利息税率)*活期存款利率,广发基金管理有限公司,中国工商银行股份有限公司,货币型ETF,,,43200000.0,12834,1283454,100.005,100.00420757363,0.005
2025-03-31,511920.SH,广发货币E,20160328,,税后活期存款利率:即(1-利息税率)*活期存款利率,广发基金管理有限公司,中国工商银行股份有限公司,货币型ETF,,,42991300.0,11234,1123400,99.998,100,-0.002
2025-04-01,511920.SH,广发货币E,20160328,,税后活期存款利率:即(1-利息税率)*活期存款利率,广发基金管理有限公司,中国工商银行股份有限公司,货币型ETF,,,42990000.0,4317,431714,100.001,100.00324299282,0.001
2025-04-02,511920.SH,广发货币E,20160328,,税后活期存款利率:即(1-利息税率)*活期存款利率,广发基金管理有限公司,中国工商银行股份有限公司,货币型ETF,,,43060000.0,5453,545318,100.006,100.00330093526,0.006
2025-04-03,511920.SH,广发货币E,20160328,,税后活期存款利率:即(1-利息税率)*活期存款利率,广发基金管理有限公司,中国工商银行股份有限公司,货币型ETF,,,43110000.0,9513,951428,100.014,100.01345527173,0.014
2025-04-07,511920.SH,广发货币E,20160328,,税后活期存款利率:即(1-利息税率)*活期存款利率,广发基金管理有限公司,中国工商银行股份有限公司,货币型ETF,,,43120000.0,12157,1215681,99.998,99.99843711442,-0.002
2025-04-08,511920.SH,广发货币E,20160328,,税后活期存款利率:即(1-利息税率)*活期存款利率,广发基金管理有限公司,中国工商银行股份有限公司,货币型ETF,,,43050000.0,8747,874692,99.999,99.999085400709,-0.001
2025-04-09,511920.SH,广发货币E,20160328,,税后活期存款利率:即(1-利息税率)*活期存款利率,广发基金管理有限公司,中国工商银行股份有限公司,货币型ETF,,,42860000.0,13276,1327581,100,99.998568846038,0
2025-04-10,511920.SH,广发货币E,20160328,,税后活期存款利率:即(1-利息税率)*活期存款利率,广发基金管理有限公司,中国工商银行股份有限公司,货币型ETF,,,41970000.0,8116,811602,100.001,100.00024642681,0.001
2025-04-11,511920.SH,广发货币E,20160328,,税后活期存款利率:即(1-利息税率)*活期存款利率,广发基金管理有限公司,中国工商银行股份有限公司,货币型ETF,,,42030000.0,11941,1194182,100.007,100.00686709656,0.007
2025-04-14,511920.SH,广发货币E,20160328,,税后活期存款利率:即(1-利息税率)*活期存款利率,广发基金管理有限公司,中国工商银行股份有限公司,货币型ETF,,,42950000.0,11439,1143913,100.002,100.00113646298,0.002
2025-04-15,511920.SH,广发货币E,20160328,,税后活期存款利率:即(1-利息税率)*活期存款利率,广发基金管理有限公司,中国工商银行股份有限公司,货币型ETF,,,42760000.0,702,70201,100.001,100.00142450142,0.001
2025-04-16,511920.SH,广发货币E,20160328,,税后活期存款利率:即(1-利息税率)*活期存款利率,广发基金管理有限公司,中国工商银行股份有限公司,货币型ETF,,,42320000.0,2719,271903,100.001,100.00110334682,0.001
2025-04-17,511920.SH,广发货币E,20160328,,税后活期存款利率:即(1-利息税率)*活期存款利率,广发基金管理有限公司,中国工商银行股份有限公司,货币型ETF,,,42480000.0,2100,210001,100.002,100.00047619048,0.002
2025-04-18,511920.SH,广发货币E,20160328,,税后活期存款利率:即(1-利息税率)*活期存款利率,广发基金管理有限公司,中国工商银行股份有限公司,货币型ETF,,,42480000.0,7236,723653,100.008,100.00732448867,0.008
2025-04-21,511920.SH,广发货币E,20160328,,税后活期存款利率:即(1-利息税率)*活期存款利率,广发基金管理有限公司,中国工商银行股份有限公司,货币型ETF,,,42430000.0,5800,580001,100.001,100.00017241379,0.001
2025-04-22,511920.SH,广发货币E,20160328,,税后活期存款利率:即(1-利息税率)*活期存款利率,广发基金管理有限公司,中国工商银行股份有限公司,货币型ETF,,,42410000.0,5304,530400,100,100,0
2025-04-23,511920.SH,广发货币E,20160328,,税后活期存款利率:即(1-利息税率)*活期存款利率,广发基金管理有限公司,中国工商银行股份有限公司,货币型ETF,,,42410000.0,15022,1502260,100.003,100.00399414193,0.003
2025-04-24,511920.SH,广发货币E,20160328,,税后活期存款利率:即(1-利息税率)*活期存款利率,广发基金管理有限公司,中国工商银行股份有限公司,货币型ETF,,,42410000.0,8015,801478,100,99.9972551466,0
2025-04-25,511920.SH,广发货币E,20160328,,税后活期存款利率:即(1-利息税率)*活期存款利率,广发基金管理有限公司,中国工商银行股份有限公司,货币型ETF,,,42410000.0,10604,1060454,100.005,100.00509241796,0.005
2025-04-28,511920.SH,广发货币E,20160328,,税后活期存款利率:即(1-利息税率)*活期存款利率,广发基金管理有限公司,中国工商银行股份有限公司,货币型ETF,,,42400000.0,47979,4798505,99.999,100.0126096834,-0.001
2025-04-29,511920.SH,广发货币E,20160328,,税后活期存款利率:即(1-利息税率)*活期存款利率,广发基金管理有限公司,中国工商银行股份有限公司,货币型ETF,,,42400000.0,10700,1070056,99.997,100.00523364486,-0.003
2025-04-30,511920.SH,广发货币E,20160328,,税后活期存款利率:即(1-利息税率)*活期存款利率,广发基金管理有限公司,中国工商银行股份有限公司,货币型ETF,,,42410000.0,19315,1931924,100.019,100.02195185089,0.019
2025-05-06,511920.SH,广发货币E,20160328,,税后活期存款利率:即(1-利息税率)*活期存款利率,广发基金管理有限公司,中国工商银行股份有限公司,货币型ETF,,,42660000.0,15453,1545307,99.999,100.00045298648,-0.001
2025-05-07,511920.SH,广发货币E,20160328,,税后活期存款利率:即(1-利息税率)*活期存款利率,广发基金管理有限公司,中国工商银行股份有限公司,货币型ETF,,,42290000.0,7801,780090,100,99.998718113062,0
2025-05-08,511920.SH,广发货币E,20160328,,税后活期存款利率:即(1-利息税率)*活期存款利率,广发基金管理有限公司,中国工商银行股份有限公司,货币型ETF,,,41380000.0,3100,309999,99.999,99.999677419355,-0.001
2025-05-09,511920.SH,广发货币E,20160328,,税后活期存款利率:即(1-利息税率)*活期存款利率,广发基金管理有限公司,中国工商银行股份有限公司,货币型ETF,,,41330000.0,6743,674338,100.006,100.00563547382,0.006
2025-05-12,511920.SH,广发货币E,20160328,,税后活期存款利率:即(1-利息税率)*活期存款利率,广发基金管理有限公司,中国工商银行股份有限公司,货币型ETF,,,41420000.0,2000,200000,100,100,0
2025-05-13,511920.SH,广发货币E,20160328,,税后活期存款利率:即(1-利息税率)*活期存款利率,广发基金管理有限公司,中国工商银行股份有限公司,货币型ETF,,,41380000.0,6935,693503,100,100.00043258832,0
2025-05-14,511920.SH,广发货币E,20160328,,税后活期存款利率:即(1-利息税率)*活期存款利率,广发基金管理有限公司,中国工商银行股份有限公司,货币型ETF,,,41380000.0,3901,390100,99.999,100,-0.001
2025-05-15,511920.SH,广发货币E,20160328,,税后活期存款利率:即(1-利息税率)*活期存款利率,广发基金管理有限公司,中国工商银行股份有限公司,货币型ETF,,,41380000.0,4121,412101,100.001,100.00024265955,0.001
2025-05-16,511920.SH,广发货币E,20160328,,税后活期存款利率:即(1-利息税率)*活期存款利率,广发基金管理有限公司,中国工商银行股份有限公司,货币型ETF,,,41210000.0,6900,690043,100.006,100.00623188406,0.006
2025-05-19,511920.SH,广发货币E,20160328,,税后活期存款利率:即(1-利息税率)*活期存款利率,广发基金管理有限公司,中国工商银行股份有限公司,货币型ETF,,,41090000.0,2601,260100,100,100,0
2025-05-20,511920.SH,广发货币E,20160328,,税后活期存款利率:即(1-利息税率)*活期存款利率,广发基金管理有限公司,中国工商银行股份有限公司,货币型ETF,,,41090000.0,3843,384300,100,100,0
2025-05-21,511920.SH,广发货币E,20160328,,税后活期存款利率:即(1-利息税率)*活期存款利率,广发基金管理有限公司,中国工商银行股份有限公司,货币型ETF,,,41090000.0,2501,250103,100,100.00119952019,0
2025-05-22,511920.SH,广发货币E,20160328,,税后活期存款利率:即(1-利息税率)*活期存款利率,广发基金管理有限公司,中国工商银行股份有限公司,货币型ETF,,,40910000.0,6503,650307,100.001,100.00107642626,0.001
2025-05-23,511920.SH,广发货币E,20160328,,税后活期存款利率:即(1-利息税率)*活期存款利率,广发基金管理有限公司,中国工商银行股份有限公司,货币型ETF,,,40920000.0,4801,480132,100.006,100.00666527807,0.006
2025-05-26,511920.SH,广发货币E,20160328,,税后活期存款利率:即(1-利息税率)*活期存款利率,广发基金管理有限公司,中国工商银行股份有限公司,货币型ETF,,,40930000.0,6750,675000,100,100,0
2025-05-27,511920.SH,广发货币E,20160328,,税后活期存款利率:即(1-利息税率)*活期存款利率,广发基金管理有限公司,中国工商银行股份有限公司,货币型ETF,,,40820000.0,8504,850387,99.999,99.99847130762,-0.001
2025-05-28,511920.SH,广发货币E,20160328,,税后活期存款利率:即(1-利息税率)*活期存款利率,广发基金管理有限公司,中国工商银行股份有限公司,货币型ETF,,,40350000.0,7416,741577,99.999,99.996898597627,-0.001
2025-05-29,511920.SH,广发货币E,20160328,,税后活期存款利率:即(1-利息税率)*活期存款利率,广发基金管理有限公司,中国工商银行股份有限公司,货币型ETF,,,39810000.0,5104,510397,100,99.999412225705,0
2025-05-30,511920.SH,广发货币E,20160328,,税后活期存款利率:即(1-利息税率)*活期存款利率,广发基金管理有限公司,中国工商银行股份有限公司,货币型ETF,,,39810000.0,23113,2311704,100.009,100.01747934063,0.009
2025-06-03,511920.SH,广发货币E,20160328,,税后活期存款利率:即(1-利息税率)*活期存款利率,广发基金管理有限公司,中国工商银行股份有限公司,货币型ETF,,,39810000.0,14811,1481098,99.999,99.999864965229,-0.001
2025-06-04,511920.SH,广发货币E,20160328,,税后活期存款利率:即(1-利息税率)*活期存款利率,广发基金管理有限公司,中国工商银行股份有限公司,货币型ETF,,,39810000.0,3014,301401,99.999,100.000331785,-0.001
2025-06-05,511920.SH,广发货币E,20160328,,税后活期存款利率:即(1-利息税率)*活期存款利率,广发基金管理有限公司,中国工商银行股份有限公司,货币型ETF,,,39820000.0,3101,310100,99.999,100,-0.001
2025-06-06,511920.SH,广发货币E,20160328,,税后活期存款利率:即(1-利息税率)*活期存款利率,广发基金管理有限公司,中国工商银行股份有限公司,货币型ETF,,,39820000.0,1803,180317,100.006,100.00942872989,0.006
2025-06-09,511920.SH,广发货币E,20160328,,税后活期存款利率:即(1-利息税率)*活期存款利率,广发基金管理有限公司,中国工商银行股份有限公司,货币型ETF,,,39820000.0,4201,420098,100.001,99.999523922876,0.001
2025-06-10,511920.SH,广发货币E,20160328,,税后活期存款利率:即(1-利息税率)*活期存款利率,广发基金管理有限公司,中国工商银行股份有限公司,货币型ETF,,,39690000.0,2411,241098,99.999,99.999170468685,-0.001
2025-06-11,511920.SH,广发货币E,20160328,,税后活期存款利率:即(1-利息税率)*活期存款利率,广发基金管理有限公司,中国工商银行股份有限公司,货币型ETF,,,39620000.0,2003,200299,100,99.999500748877,0
2025-06-12,511920.SH,广发货币E,20160328,,税后活期存款利率:即(1-利息税率)*活期存款利率,广发基金管理有限公司,中国工商银行股份有限公司,货币型ETF,,,39620000.0,202,20200,99.996,100,-0.004
2025-06-13,511920.SH,广发货币E,20160328,,税后活期存款利率:即(1-利息税率)*活期存款利率,广发基金管理有限公司,中国工商银行股份有限公司,货币型ETF,,,39630000.0,1903,190310,100.007,100.00525486075,0.007
2025-06-16,511920.SH,广发货币E,20160328,,税后活期存款利率:即(1-利息税率)*活期存款利率,广发基金管理有限公司,中国工商银行股份有限公司,货币型ETF,,,39470000.0,3503,350294,99.998,99.998287182415,-0.002
2025-06-17,511920.SH,广发货币E,20160328,,税后活期存款利率:即(1-利息税率)*活期存款利率,广发基金管理有限公司,中国工商银行股份有限公司,货币型ETF,,,39390000.0,7517,751670,99.995,99.996009046162,-0.005
2025-06-18,511920.SH,广发货币E,20160328,,税后活期存款利率:即(1-利息税率)*活期存款利率,广发基金管理有限公司,中国工商银行股份有限公司,货币型ETF,,,39160000.0,4710,470988,99.999,99.997452229299,-0.001
2025-06-19,511920.SH,广发货币E,20160328,,税后活期存款利率:即(1-利息税率)*活期存款利率,广发基金管理有限公司,中国工商银行股份有限公司,货币型ETF,,,38750000.0,4702,470201,100.001,100.00021267546,0.001
2025-06-20,511920.SH,广发货币E,20160328,,税后活期存款利率:即(1-利息税率)*活期存款利率,广发基金管理有限公司,中国工商银行股份有限公司,货币型ETF,,,38750000.0,3502,350221,100.006,100.00599657339,0.006
2025-06-23,511920.SH,广发货币E,20160328,,税后活期存款利率:即(1-利息税率)*活期存款利率,广发基金管理有限公司,中国工商银行股份有限公司,货币型ETF,,,38730000.0,4004,400400,100,100,0
2025-06-24,511920.SH,广发货币E,20160328,,税后活期存款利率:即(1-利息税率)*活期存款利率,广发基金管理有限公司,中国工商银行股份有限公司,货币型ETF,,,38730000.0,401,40099,99.998,99.997506234414,-0.002
2025-06-25,511920.SH,广发货币E,20160328,,税后活期存款利率:即(1-利息税率)*活期存款利率,广发基金管理有限公司,中国工商银行股份有限公司,货币型ETF,,,38730000.0,3200,319988,99.997,99.99625,-0.003
2025-06-26,511920.SH,广发货币E,20160328,,税后活期存款利率:即(1-利息税率)*活期存款利率,广发基金管理有限公司,中国工商银行股份有限公司,货币型ETF,,,38710000.0,1702,170190,99.995,99.994124559342,-0.005
2025-06-27,511920.SH,广发货币E,20160328,,税后活期存款利率:即(1-利息税率)*活期存款利率,广发基金管理有限公司,中国工商银行股份有限公司,货币型ETF,,,38700000.0,2900,290007,100,100.0024137931,0
2025-06-30,511920.SH,广发货币E,20160328,,税后活期存款利率:即(1-利息税率)*活期存款利率,广发基金管理有限公司,中国工商银行股份有限公司,货币型ETF,,,38687500.0,27750,2774946,99.999,99.998054054054,-0.001
2025-07-01,511920.SH,广发货币E,20160328,,税后活期存款利率:即(1-利息税率)*活期存款利率,广发基金管理有限公司,中国工商银行股份有限公司,货币型ETF,,,37870000.0,8170,817001,99.999,100.00012239902,-0.001
2025-07-02,511920.SH,广发货币E,20160328,,税后活期存款利率:即(1-利息税率)*活期存款利率,广发基金管理有限公司,中国工商银行股份有限公司,货币型ETF,,,37870000.0,1401,140100,100.001,100,0.001
2025-07-03,511920.SH,广发货币E,20160328,,税后活期存款利率:即(1-利息税率)*活期存款利率,广发基金管理有限公司,中国工商银行股份有限公司,货币型ETF,,,37870000.0,2301,230101,100.001,100.00043459365,0.001
2025-07-04,511920.SH,广发货币E,20160328,,税后活期存款利率:即(1-利息税率)*活期存款利率,广发基金管理有限公司,中国工商银行股份有限公司,货币型ETF,,,37870000.0,5412,541235,100.006,100.00646711013,0.006
2025-07-07,511920.SH,广发货币E,20160328,,税后活期存款利率:即(1-利息税率)*活期存款利率,广发基金管理有限公司,中国工商银行股份有限公司,货币型ETF,,,37720000.0,14402,1440181,99.999,99.998680738786,-0.001
2025-07-08,511920.SH,广发货币E,20160328,,税后活期存款利率:即(1-利息税率)*活期存款利率,广发基金管理有限公司,中国工商银行股份有限公司,货币型ETF,,,37700000.0,3209,320896,99.998,99.998753505765,-0.002
2025-07-09,511920.SH,广发货币E,20160328,,税后活期存款利率:即(1-利息税率)*活期存款利率,广发基金管理有限公司,中国工商银行股份有限公司,货币型ETF,,,37680000.0,1501,150099,99.999,99.999333777482,-0.001
2025-07-10,511920.SH,广发货币E,20160328,,税后活期存款利率:即(1-利息税率)*活期存款利率,广发基金管理有限公司,中国工商银行股份有限公司,货币型ETF,,,37680000.0,7905,790502,100.001,100.00025300443,0.001
2025-07-11,511920.SH,广发货币E,20160328,,税后活期存款利率:即(1-利息税率)*活期存款利率,广发基金管理有限公司,中国工商银行股份有限公司,货币型ETF,,,37680000.0,4100,410017,100.005,100.00414634146,0.005
2025-07-14,511920.SH,广发货币E,20160328,,税后活期存款利率:即(1-利息税率)*活期存款利率,广发基金管理有限公司,中国工商银行股份有限公司,货币型ETF,,,37590000.0,5402,540186,99.999,99.997408367271,-0.001
2025-07-15,511920.SH,广发货币E,20160328,,税后活期存款利率:即(1-利息税率)*活期存款利率,广发基金管理有限公司,中国工商银行股份有限公司,货币型ETF,,,37560000.0,3506,350595,100,99.99857387336,0
2025-07-16,511920.SH,广发货币E,20160328,,税后活期存款利率:即(1-利息税率)*活期存款利率,广发基金管理有限公司,中国工商银行股份有限公司,货币型ETF,,,37480000.0,400,40000,100,100,0
2025-07-17,511920.SH,广发货币E,20160328,,税后活期存款利率:即(1-利息税率)*活期存款利率,广发基金管理有限公司,中国工商银行股份有限公司,货币型ETF,,,37370000.0,11064,1106406,100.001,100.00054229935,0.001
2025-07-18,511920.SH,广发货币E,20160328,,税后活期存款利率:即(1-利息税率)*活期存款利率,广发基金管理有限公司,中国工商银行股份有限公司,货币型ETF,,,37420000.0,10120,1012049,100.004,100.00484189723,0.004
2025-07-21,511920.SH,广发货币E,20160328,,税后活期存款利率:即(1-利息税率)*活期存款利率,广发基金管理有限公司,中国工商银行股份有限公司,货币型ETF,,,36380000.0,5400,539989,99.999,99.997962962963,-0.001
2025-07-22,511920.SH,广发货币E,20160328,,税后活期存款利率:即(1-利息税率)*活期存款利率,广发基金管理有限公司,中国工商银行股份有限公司,货币型ETF,,,36110000.0,4802,480186,99.996,99.997084548105,-0.004
2025-07-23,511920.SH,广发货币E,20160328,,税后活期存款利率:即(1-利息税率)*活期存款利率,广发基金管理有限公司,中国工商银行股份有限公司,货币型ETF,,,36090000.0,1198,119796,99.999,99.996661101836,-0.001
2025-07-24,511920.SH,广发货币E,20160328,,税后活期存款利率:即(1-利息税率)*活期存款利率,广发基金管理有限公司,中国工商银行股份有限公司,货币型ETF,,,36000000.0,8762,876195,100,99.999429354029,0
2025-07-25,511920.SH,广发货币E,20160328,,税后活期存款利率:即(1-利息税率)*活期存款利率,广发基金管理有限公司,中国工商银行股份有限公司,货币型ETF,,,36000000.0,4532,453226,100.005,100.00573698147,0.005
2025-07-28,511920.SH,广发货币E,20160328,,税后活期存款利率:即(1-利息税率)*活期存款利率,广发基金管理有限公司,中国工商银行股份有限公司,货币型ETF,,,35870000.0,1300,129998,100,99.998461538462,0
2025-07-29,511920.SH,广发货币E,20160328,,税后活期存款利率:即(1-利息税率)*活期存款利率,广发基金管理有限公司,中国工商银行股份有限公司,货币型ETF,,,35860000.0,3003,300294,99.997,99.998001998002,-0.003
2025-07-30,511920.SH,广发货币E,20160328,,税后活期存款利率:即(1-利息税率)*活期存款利率,广发基金管理有限公司,中国工商银行股份有限公司,货币型ETF,,,35860000.0,301,30100,99.999,100,-0.001
2025-07-31,511920.SH,广发货币E,20160328,,税后活期存款利率:即(1-利息税率)*活期存款利率,广发基金管理有限公司,中国工商银行股份有限公司,货币型ETF,,,35860000.0,2961,296101,100.001,100.00033772374,0.001
2025-08-01,511920.SH,广发货币E,20160328,,税后活期存款利率:即(1-利息税率)*活期存款利率,广发基金管理有限公司,中国工商银行股份有限公司,货币型ETF,,,35860000.0,5414,541434,100.008,100.00628001478,0.008
2025-08-04,511920.SH,广发货币E,20160328,,税后活期存款利率:即(1-利息税率)*活期存款利率,广发基金管理有限公司,中国工商银行股份有限公司,货币型ETF,,,35830000.0,3864,386399,99.998,99.999741200828,-0.002
2025-08-05,511920.SH,广发货币E,20160328,,税后活期存款利率:即(1-利息税率)*活期存款利率,广发基金管理有限公司,中国工商银行股份有限公司,货币型ETF,,,35680000.0,1301,130099,99.999,99.999231360492,-0.001
2025-08-06,511920.SH,广发货币E,20160328,,税后活期存款利率:即(1-利息税率)*活期存款利率,广发基金管理有限公司,中国工商银行股份有限公司,货币型ETF,,,35680000.0,500,50000,99.998,100,-0.002
2025-08-07,511920.SH,广发货币E,20160328,,税后活期存款利率:即(1-利息税率)*活期存款利率,广发基金管理有限公司,中国工商银行股份有限公司,货币型ETF,,,35680000.0,2500,250003,100.002,100.0012,0.002
2025-08-08,511920.SH,广发货币E,20160328,,税后活期存款利率:即(1-利息税率)*活期存款利率,广发基金管理有限公司,中国工商银行股份有限公司,货币型ETF,,,35680000.0,6012,601241,100.006,100.00681969395,0.006
2025-08-11,511920.SH,广发货币E,20160328,,税后活期存款利率:即(1-利息税率)*活期存款利率,广发基金管理有限公司,中国工商银行股份有限公司,货币型ETF,,,35620000.0,2901,290096,99.999,99.998621165115,-0.001
2025-08-12,511920.SH,广发货币E,20160328,,税后活期存款利率:即(1-利息税率)*活期存款利率,广发基金管理有限公司,中国工商银行股份有限公司,货币型ETF,,,35620000.0,2172,217197,99.999,99.99861878453,-0.001
2025-08-13,511920.SH,广发货币E,20160328,,税后活期存款利率:即(1-利息税率)*活期存款利率,广发基金管理有限公司,中国工商银行股份有限公司,货币型ETF,,,35620000.0,1500,150002,100,100.00133333333,0
2025-08-14,511920.SH,广发货币E,20160328,,税后活期存款利率:即(1-利息税率)*活期存款利率,广发基金管理有限公司,中国工商银行股份有限公司,货币型ETF,,,35620000.0,2776,277595,100,99.998198847262,0
2025-08-15,511920.SH,广发货币E,20160328,,税后活期存款利率:即(1-利息税率)*活期存款利率,广发基金管理有限公司,中国工商银行股份有限公司,货币型ETF,,,35620000.0,7618,761824,100.006,100.00315043318,0.006
2025-08-18,511920.SH,广发货币E,20160328,,税后活期存款利率:即(1-利息税率)*活期存款利率,广发基金管理有限公司,中国工商银行股份有限公司,货币型ETF,,,35470000.0,204,20399,99.997,99.995098039216,-0.003
2025-08-19,511920.SH,广发货币E,20160328,,税后活期存款利率:即(1-利息税率)*活期存款利率,广发基金管理有限公司,中国工商银行股份有限公司,货币型ETF,,,35360000.0,300,29999,99.996,99.996666666667,-0.004
2025-08-20,511920.SH,广发货币E,20160328,,税后活期存款利率:即(1-利息税率)*活期存款利率,广发基金管理有限公司,中国工商银行股份有限公司,货币型ETF,,,35340000.0,3301,330081,99.997,99.994244168434,-0.003
2025-08-21,511920.SH,广发货币E,20160328,,税后活期存款利率:即(1-利息税率)*活期存款利率,广发基金管理有限公司,中国工商银行股份有限公司,货币型ETF,,,35290000.0,1101,110102,100.005,100.00181653043,0.005
2025-08-22,511920.SH,广发货币E,20160328,,税后活期存款利率:即(1-利息税率)*活期存款利率,广发基金管理有限公司,中国工商银行股份有限公司,货币型ETF,,,35290000.0,1705,170509,100.01,100.00527859238,0.01
2025-08-25,511920.SH,广发货币E,20160328,,税后活期存款利率:即(1-利息税率)*活期存款利率,广发基金管理有限公司,中国工商银行股份有限公司,货币型ETF,,,49970000.0,2203,220307,100.001,100.00317748525,0.001
2025-08-26,511920.SH,广发货币E,20160328,,税后活期存款利率:即(1-利息税率)*活期存款利率,广发基金管理有限公司,中国工商银行股份有限公司,货币型ETF,,,49980000.0,1803,180299,99.998,99.99944536883,-0.002
2025-08-27,511920.SH,广发货币E,20160328,,税后活期存款利率:即(1-利息税率)*活期存款利率,广发基金管理有限公司,中国工商银行股份有限公司,货币型ETF,,,35370000.0,1309,130899,99.999,99.99923605806,-0.001
2025-08-28,511920.SH,广发货币E,20160328,,税后活期存款利率:即(1-利息税率)*活期存款利率,广发基金管理有限公司,中国工商银行股份有限公司,货币型ETF,,,35350000.0,3302,330196,100,99.998788612962,0
2025-08-29,511920.SH,广发货币E,20160328,,税后活期存款利率:即(1-利息税率)*活期存款利率,广发基金管理有限公司,中国工商银行股份有限公司,货币型ETF,,,35200000.0,2901,290121,100.006,100.00723888314,0.006
2025-09-01,511920.SH,广发货币E,20160328,,税后活期存款利率:即(1-利息税率)*活期存款利率,广发基金管理有限公司,中国工商银行股份有限公司,货币型ETF,,,35210000.0,2302,230201,100.001,100.00043440487,0.001
2025-09-02,511920.SH,广发货币E,20160328,,税后活期存款利率:即(1-利息税率)*活期存款利率,广发基金管理有限公司,中国工商银行股份有限公司,货币型ETF,,,35110000.0,1405,140501,100.001,100.00071174377,0.001
2025-09-03,511920.SH,广发货币E,20160328,,税后活期存款利率:即(1-利息税率)*活期存款利率,广发基金管理有限公司,中国工商银行股份有限公司,货币型ETF,,,35110000.0,10009,1001819,100.007,100.09181736437,0.007
2025-09-04,511920.SH,广发货币E,20160328,,税后活期存款利率:即(1-利息税率)*活期存款利率,广发基金管理有限公司,中国工商银行股份有限公司,货币型ETF,,,35110000.0,7303,730322,100.006,100.00301246063,0.006
2025-09-05,511920.SH,广发货币E,20160328,,税后活期存款利率:即(1-利息税率)*活期存款利率,广发基金管理有限公司,中国工商银行股份有限公司,货币型ETF,,,35110000.0,3644,364422,100.003,100.00603732162,0.003
2025-09-08,511920.SH,广发货币E,20160328,,税后活期存款利率:即(1-利息税率)*活期存款利率,广发基金管理有限公司,中国工商银行股份有限公司,货币型ETF,,,35070000.0,3401,340099,100.001,99.999705968833,0.001
2025-09-09,511920.SH,广发货币E,20160328,,税后活期存款利率:即(1-利息税率)*活期存款利率,广发基金管理有限公司,中国工商银行股份有限公司,货币型ETF,,,35060000.0,6601,660104,99.998,100.00060596879,-0.002
2025-09-10,511920.SH,广发货币E,20160328,,税后活期存款利率:即(1-利息税率)*活期存款利率,广发基金管理有限公司,中国工商银行股份有限公司,货币型ETF,,,35060000.0,611,61100,99.998,100,-0.002
2025-09-11,511920.SH,广发货币E,20160328,,税后活期存款利率:即(1-利息税率)*活期存款利率,广发基金管理有限公司,中国工商银行股份有限公司,货币型ETF,,,35060000.0,1500,150001,100.002,100.00066666667,0.002
2025-09-12,511920.SH,广发货币E,20160328,,税后活期存款利率:即(1-利息税率)*活期存款利率,广发基金管理有限公司,中国工商银行股份有限公司,货币型ETF,,,35060000.0,213,21301,100.004,100.00469483568,0.004
2025-09-15,511920.SH,广发货币E,20160328,,税后活期存款利率:即(1-利息税率)*活期存款利率,广发基金管理有限公司,中国工商银行股份有限公司,货币型ETF,,,35020000.0,2406,240599,100,99.999584372402,0
2025-09-16,511920.SH,广发货币E,20160328,,税后活期存款利率:即(1-利息税率)*活期存款利率,广发基金管理有限公司,中国工商银行股份有限公司,货币型ETF,,,35020000.0,801,80099,99.998,99.998751560549,-0.002
2025-09-17,511920.SH,广发货币E,20160328,,税后活期存款利率:即(1-利息税率)*活期存款利率,广发基金管理有限公司,中国工商银行股份有限公司,货币型ETF,,,35010000.0,1216,121599,100.001,99.999177631579,0.001
2025-09-18,511920.SH,广发货币E,20160328,,税后活期存款利率:即(1-利息税率)*活期存款利率,广发基金管理有限公司,中国工商银行股份有限公司,货币型ETF,,,35010000.0,3810,381016,99.999,100.00419947507,-0.001
2025-09-19,511920.SH,广发货币E,20160328,,税后活期存款利率:即(1-利息税率)*活期存款利率,广发基金管理有限公司,中国工商银行股份有限公司,货币型ETF,,,35010000.0,2398,239814,100.005,100.0058381985,0.005
2025-09-22,511920.SH,广发货币E,20160328,,税后活期存款利率:即(1-利息税率)*活期存款利率,广发基金管理有限公司,中国工商银行股份有限公司,货币型ETF,,,34920000.0,702,70200,100.001,100,0.001
2025-09-23,511920.SH,广发货币E,20160328,,税后活期存款利率:即(1-利息税率)*活期存款利率,广发基金管理有限公司,中国工商银行股份有限公司,货币型ETF,,,34930000.0,701,70103,100.001,100.00427960057,0.001
2025-09-24,511920.SH,广发货币E,20160328,,税后活期存款利率:即(1-利息税率)*活期存款利率,广发基金管理有限公司,中国工商银行股份有限公司,货币型ETF,,,35130000.0,2000,200005,100,100.0025,0
2025-09-25,511920.SH,广发货币E,20160328,,税后活期存款利率:即(1-利息税率)*活期存款利率,广发基金管理有限公司,中国工商银行股份有限公司,货币型ETF,,,35230000.0,4201,420115,99.999,100.00357057843,-0.001
2025-09-26,511920.SH,广发货币E,20160328,,税后活期存款利率:即(1-利息税率)*活期存款利率,广发基金管理有限公司,中国工商银行股份有限公司,货币型ETF,,,35230000.0,2704,270441,100.007,100.01516272189,0.007
2025-09-29,511920.SH,广发货币E,20160328,,税后活期存款利率:即(1-利息税率)*活期存款利率,广发基金管理有限公司,中国工商银行股份有限公司,货币型ETF,,,35520000.0,8211,821235,100.036,100.01644135915,0.036
2025-09-30,511920.SH,广发货币E,20160328,,税后活期存款利率:即(1-利息税率)*活期存款利率,广发基金管理有限公司,中国工商银行股份有限公司,货币型ETF,,,35526000.0,104946,10577795,100.255,100.79274102872,0.255
2025-10-09,511920.SH,广发货币E,20160328,,税后活期存款利率:即(1-利息税率)*活期存款利率,广发基金管理有限公司,中国工商银行股份有限公司,货币型ETF,,,37210000.0,13007,1300761,100,100.00468978242,0
2025-10-10,511920.SH,广发货币E,20160328,,税后活期存款利率:即(1-利息税率)*活期存款利率,广发基金管理有限公司,中国工商银行股份有限公司,货币型ETF,,,37470000.0,8683,868344,100.005,100.00506737303,0.005
2025-10-13,511920.SH,广发货币E,20160328,,税后活期存款利率:即(1-利息税率)*活期存款利率,广发基金管理有限公司,中国工商银行股份有限公司,货币型ETF,,,36860000.0,5442,544219,100.002,100.00349136347,0.002
2025-10-14,511920.SH,广发货币E,20160328,,税后活期存款利率:即(1-利息税率)*活期存款利率,广发基金管理有限公司,中国工商银行股份有限公司,货币型ETF,,,36860000.0,4900,489997,100,99.999387755102,0
2025-10-15,511920.SH,广发货币E,20160328,,税后活期存款利率:即(1-利息税率)*活期存款利率,广发基金管理有限公司,中国工商银行股份有限公司,货币型ETF,,,36650000.0,11525,1152455,99.998,99.996095444685,-0.002
2025-10-16,511920.SH,广发货币E,20160328,,税后活期存款利率:即(1-利息税率)*活期存款利率,广发基金管理有限公司,中国工商银行股份有限公司,货币型ETF,,,36540000.0,9602,960183,99.999,99.998229535513,-0.001
2025-10-17,511920.SH,广发货币E,20160328,,税后活期存款利率:即(1-利息税率)*活期存款利率,广发基金管理有限公司,中国工商银行股份有限公司,货币型ETF,,,36540000.0,14893,1489407,100.008,100.00718458336,0.008
2025-10-20,511920.SH,广发货币E,20160328,,税后活期存款利率:即(1-利息税率)*活期存款利率,广发基金管理有限公司,中国工商银行股份有限公司,货币型ETF,,,36550000.0,3594,359401,100,100.00027824151,0
2025-10-21,511920.SH,广发货币E,20160328,,税后活期存款利率:即(1-利息税率)*活期存款利率,广发基金管理有限公司,中国工商银行股份有限公司,货币型ETF,,,36540000.0,8096,809598,100.002,99.999752964427,0.002
2025-10-22,511920.SH,广发货币E,20160328,,税后活期存款利率:即(1-利息税率)*活期存款利率,广发基金管理有限公司,中国工商银行股份有限公司,货币型ETF,,,36530000.0,4872,487199,99.999,99.999794745484,-0.001
2025-10-23,511920.SH,广发货币E,20160328,,税后活期存款利率:即(1-利息税率)*活期存款利率,广发基金管理有限公司,中国工商银行股份有限公司,货币型ETF,,,36620000.0,8600,860031,100,100.00360465116,0
2025-10-24,511920.SH,广发货币E,20160328,,税后活期存款利率:即(1-利息税率)*活期存款利率,广发基金管理有限公司,中国工商银行股份有限公司,货币型ETF,,,36620000.0,9572,957304,100.008,100.01086502298,0.008
2025-10-27,511920.SH,广发货币E,20160328,,税后活期存款利率:即(1-利息税率)*活期存款利率,广发基金管理有限公司,中国工商银行股份有限公司,货币型ETF,,,36600000.0,2816,281618,100.003,100.00639204545,0.003
2025-10-28,511920.SH,广发货币E,20160328,,税后活期存款利率:即(1-利息税率)*活期存款利率,广发基金管理有限公司,中国工商银行股份有限公司,货币型ETF,,,36600000.0,4972,497248,100,100.00965406275,0
2025-10-29,511920.SH,广发货币E,20160328,,税后活期存款利率:即(1-利息税率)*活期存款利率,广发基金管理有限公司,中国工商银行股份有限公司,货币型ETF,,,36600000.0,6100,609988,99.995,99.998032786885,-0.005
2025-10-30,511920.SH,广发货币E,20160328,,税后活期存款利率:即(1-利息税率)*活期存款利率,广发基金管理有限公司,中国工商银行股份有限公司,货币型ETF,,,36520000.0,2908,290808,100.001,100.00275103164,0.001
2025-10-31,511920.SH,广发货币E,20160328,,税后活期存款利率:即(1-利息税率)*活期存款利率,广发基金管理有限公司,中国工商银行股份有限公司,货币型ETF,,,36520000.0,2020,202008,100.004,100.00396039604,0.004
2025-11-03,511920.SH,广发货币E,20160328,,税后活期存款利率:即(1-利息税率)*活期存款利率,广发基金管理有限公司,中国工商银行股份有限公司,货币型ETF,,,36470000.0,501,50099,99.999,99.998003992016,-0.001
2025-11-04,511920.SH,广发货币E,20160328,,税后活期存款利率:即(1-利息税率)*活期存款利率,广发基金管理有限公司,中国工商银行股份有限公司,货币型ETF,,,36390000.0,2907,290693,99.998,99.997592019264,-0.002
2025-11-05,511920.SH,广发货币E,20160328,,税后活期存款利率:即(1-利息税率)*活期存款利率,广发基金管理有限公司,中国工商银行股份有限公司,货币型ETF,,,36360000.0,800,80000,100,100,0
2025-11-06,511920.SH,广发货币E,20160328,,税后活期存款利率:即(1-利息税率)*活期存款利率,广发基金管理有限公司,中国工商银行股份有限公司,货币型ETF,,,36370000.0,1200,119999,99.999,99.999166666667,-0.001
2025-11-07,511920.SH,广发货币E,20160328,,税后活期存款利率:即(1-利息税率)*活期存款利率,广发基金管理有限公司,中国工商银行股份有限公司,货币型ETF,,,36370000.0,4200,420021,100.005,100.005,0.005
2025-11-10,511920.SH,广发货币E,20160328,,税后活期存款利率:即(1-利息税率)*活期存款利率,广发基金管理有限公司,中国工商银行股份有限公司,货币型ETF,,,36340000.0,700,70000,100,100,0
2025-11-11,511920.SH,广发货币E,20160328,,税后活期存款利率:即(1-利息税率)*活期存款利率,广发基金管理有限公司,中国工商银行股份有限公司,货币型ETF,,,36340000.0,1700,169997,99.999,99.998235294118,-0.001
2025-11-12,511920.SH,广发货币E,20160328,,税后活期存款利率:即(1-利息税率)*活期存款利率,广发基金管理有限公司,中国工商银行股份有限公司,货币型ETF,,,36280000.0,4100,410002,99.999,100.00048780488,-0.001
2025-11-13,511920.SH,广发货币E,20160328,,税后活期存款利率:即(1-利息税率)*活期存款利率,广发基金管理有限公司,中国工商银行股份有限公司,货币型ETF,,,36280000.0,701,70102,100.003,100.00285306705,0.003
2025-11-14,511920.SH,广发货币E,20160328,,税后活期存款利率:即(1-利息税率)*活期存款利率,广发基金管理有限公司,中国工商银行股份有限公司,货币型ETF,,,36290000.0,3408,340822,100.008,100.00645539906,0.008
2025-11-17,511920.SH,广发货币E,20160328,,税后活期存款利率:即(1-利息税率)*活期存款利率,广发基金管理有限公司,中国工商银行股份有限公司,货币型ETF,,,36290000.0,1100,110000,100.002,100,0.002
2025-11-18,511920.SH,广发货币E,20160328,,税后活期存款利率:即(1-利息税率)*活期存款利率,广发基金管理有限公司,中国工商银行股份有限公司,货币型ETF,,,36290000.0,4303,430295,99.998,99.998838019986,-0.002
2025-11-19,511920.SH,广发货币E,20160328,,税后活期存款利率:即(1-利息税率)*活期存款利率,广发基金管理有限公司,中国工商银行股份有限公司,货币型ETF,,,36290000.0,3100,309994,99.998,99.998064516129,-0.002
2025-11-20,511920.SH,广发货币E,20160328,,税后活期存款利率:即(1-利息税率)*活期存款利率,广发基金管理有限公司,中国工商银行股份有限公司,货币型ETF,,,36230000.0,7700,770002,100.002,100.00025974026,0.002
2025-11-21,511920.SH,广发货币E,20160328,,税后活期存款利率:即(1-利息税率)*活期存款利率,广发基金管理有限公司,中国工商银行股份有限公司,货币型ETF,,,36230000.0,311422,31145995,100.005,100.01218603695,0.005
2025-11-24,511920.SH,广发货币E,20160328,,税后活期存款利率:即(1-利息税率)*活期存款利率,广发基金管理有限公司,中国工商银行股份有限公司,货币型ETF,,,36090000.0,2100,210002,100,100.00095238095,0
2025-11-25,511920.SH,广发货币E,20160328,,税后活期存款利率:即(1-利息税率)*活期存款利率,广发基金管理有限公司,中国工商银行股份有限公司,货币型ETF,,,36090000.0,1500,149999,99.999,99.999333333333,-0.001
2025-11-26,511920.SH,广发货币E,20160328,,税后活期存款利率:即(1-利息税率)*活期存款利率,广发基金管理有限公司,中国工商银行股份有限公司,货币型ETF,,,36080000.0,3801,380101,100.002,100.00026308866,0.002
2025-11-27,511920.SH,广发货币E,20160328,,税后活期存款利率:即(1-利息税率)*活期存款利率,广发基金管理有限公司,中国工商银行股份有限公司,货币型ETF,,,36050000.0,600,60000,100,100,0
2025-11-28,511920.SH,广发货币E,20160328,,税后活期存款利率:即(1-利息税率)*活期存款利率,广发基金管理有限公司,中国工商银行股份有限公司,货币型ETF,,,36050000.0,1700,170009,100.005,100.00529411765,0.005
2025-12-01,511920.SH,广发货币E,20160328,,税后活期存款利率:即(1-利息税率)*活期存款利率,广发基金管理有限公司,中国工商银行股份有限公司,货币型ETF,,,36030000.0,2200,219999,100,99.999545454545,0
2025-12-02,511920.SH,广发货币E,20160328,,税后活期存款利率:即(1-利息税率)*活期存款利率,广发基金管理有限公司,中国工商银行股份有限公司,货币型ETF,,,36030000.0,1301,130099,100.002,99.999231360492,0.002
2025-12-03,511920.SH,广发货币E,20160328,,税后活期存款利率:即(1-利息税率)*活期存款利率,广发基金管理有限公司,中国工商银行股份有限公司,货币型ETF,,,36030000.0,100,10000,100.002,100,0.002
2025-12-04,511920.SH,广发货币E,20160328,,税后活期存款利率:即(1-利息税率)*活期存款利率,广发基金管理有限公司,中国工商银行股份有限公司,货币型ETF,,,36030000.0,400,40001,100.007,100.0025,0.007
2025-12-05,511920.SH,广发货币E,20160328,,税后活期存款利率:即(1-利息税率)*活期存款利率,广发基金管理有限公司,中国工商银行股份有限公司,货币型ETF,,,36040000.0,3785,378512,100.002,100.00317040951,0.002
2025-12-08,511920.SH,广发货币E,20160328,,税后活期存款利率:即(1-利息税率)*活期存款利率,广发基金管理有限公司,中国工商银行股份有限公司,货币型ETF,,,35870000.0,200,20000,100,100,0
2025-12-09,511920.SH,广发货币E,20160328,,税后活期存款利率:即(1-利息税率)*活期存款利率,广发基金管理有限公司,中国工商银行股份有限公司,货币型ETF,,,35870000.0,900,90000,100,100,0
2025-12-10,511920.SH,广发货币E,20160328,,税后活期存款利率:即(1-利息税率)*活期存款利率,广发基金管理有限公司,中国工商银行股份有限公司,货币型ETF,,,35870000.0,1700,170001,100.001,100.00058823529,0.001
2025-12-11,511920.SH,广发货币E,20160328,,税后活期存款利率:即(1-利息税率)*活期存款利率,广发基金管理有限公司,中国工商银行股份有限公司,货币型ETF,,,35870000.0,11609,1160912,100.002,100.00103368076,0.002
2025-12-12,511920.SH,广发货币E,20160328,,税后活期存款利率:即(1-利息税率)*活期存款利率,广发基金管理有限公司,中国工商银行股份有限公司,货币型ETF,,,35870000.0,6602,660234,100.004,100.00514995456,0.004
2025-12-15,511920.SH,广发货币E,20160328,,税后活期存款利率:即(1-利息税率)*活期存款利率,广发基金管理有限公司,中国工商银行股份有限公司,货币型ETF,,,35570000.0,809,80899,100,99.998763906057,0
2025-12-16,511920.SH,广发货币E,20160328,,税后活期存款利率:即(1-利息税率)*活期存款利率,广发基金管理有限公司,中国工商银行股份有限公司,货币型ETF,,,35570000.0,5026,502595,100.002,99.9990051731,0.002
2025-12-17,511920.SH,广发货币E,20160328,,税后活期存款利率:即(1-利息税率)*活期存款利率,广发基金管理有限公司,中国工商银行股份有限公司,货币型ETF,,,35570000.0,4026,402592,99.999,99.998012916046,-0.001
2025-12-18,511920.SH,广发货币E,20160328,,税后活期存款利率:即(1-利息税率)*活期存款利率,广发基金管理有限公司,中国工商银行股份有限公司,货币型ETF,,,35360000.0,2807,280699,100.002,99.999643747773,0.002
2025-12-19,511920.SH,广发货币E,20160328,,税后活期存款利率:即(1-利息税率)*活期存款利率,广发基金管理有限公司,中国工商银行股份有限公司,货币型ETF,,,35330000.0,2510,251007,100.003,100.00278884462,0.003
2025-12-22,511920.SH,广发货币E,20160328,,税后活期存款利率:即(1-利息税率)*活期存款利率,广发基金管理有限公司,中国工商银行股份有限公司,货币型ETF,,,35130000.0,1744,174399,100,99.999426605505,0
2025-12-23,511920.SH,广发货币E,20160328,,税后活期存款利率:即(1-利息税率)*活期存款利率,广发基金管理有限公司,中国工商银行股份有限公司,货币型ETF,,,35130000.0,1701,170100,100.002,100,0.002
2025-12-24,511920.SH,广发货币E,20160328,,税后活期存款利率:即(1-利息税率)*活期存款利率,广发基金管理有限公司,中国工商银行股份有限公司,货币型ETF,,,35130000.0,1101,110100,99.999,100,-0.001
2025-12-25,511920.SH,广发货币E,20160328,,税后活期存款利率:即(1-利息税率)*活期存款利率,广发基金管理有限公司,中国工商银行股份有限公司,货币型ETF,,,35130000.0,2677,267707,100.001,100.00261486739,0.001
2025-12-26,511920.SH,广发货币E,20160328,,税后活期存款利率:即(1-利息税率)*活期存款利率,广发基金管理有限公司,中国工商银行股份有限公司,货币型ETF,,,37280000.0,3704,370454,100.022,100.01457883369,0.022
2025-12-29,511920.SH,广发货币E,20160328,,税后活期存款利率:即(1-利息税率)*活期存款利率,广发基金管理有限公司,中国工商银行股份有限公司,货币型ETF,,,37780000.0,7219,722035,100.022,100.01870065106,0.022
2025-12-30,511920.SH,广发货币E,20160328,,税后活期存款利率:即(1-利息税率)*活期存款利率,广发基金管理有限公司,中国工商银行股份有限公司,货币型ETF,,,38390000.0,29751,2980685,100.026,100.18772478236,0.026
2025-12-31,511920.SH,广发货币E,20160328,,税后活期存款利率:即(1-利息税率)*活期存款利率,广发基金管理有限公司,中国工商银行股份有限公司,货币型ETF,,,38508900.0,27515,2752274,100.01,100.02813011085,0.01
2026-01-05,511920.SH,广发货币E,20160328,,税后活期存款利率:即(1-利息税率)*活期存款利率,广发基金管理有限公司,中国工商银行股份有限公司,货币型ETF,,,38460000.0,26604,2660287,99.997,99.995752518418,-0.003
2026-01-06,511920.SH,广发货币E,20160328,,税后活期存款利率:即(1-利息税率)*活期存款利率,广发基金管理有限公司,中国工商银行股份有限公司,货币型ETF,,,38220000.0,7403,740285,99.995,99.997973794408,-0.005
2026-01-07,511920.SH,广发货币E,20160328,,税后活期存款利率:即(1-利息税率)*活期存款利率,广发基金管理有限公司,中国工商银行股份有限公司,货币型ETF,,,38200000.0,7000,699963,99.999,99.994714285714,-0.001
2026-01-08,511920.SH,广发货币E,20160328,,税后活期存款利率:即(1-利息税率)*活期存款利率,广发基金管理有限公司,中国工商银行股份有限公司,货币型ETF,,,37990000.0,7396,739591,100,99.998783126014,0
2026-01-09,511920.SH,广发货币E,20160328,,税后活期存款利率:即(1-利息税率)*活期存款利率,广发基金管理有限公司,中国工商银行股份有限公司,货币型ETF,,,37950000.0,11502,1150228,100.001,100.00243435924,0.001
2026-01-12,511920.SH,广发货币E,20160328,,税后活期存款利率:即(1-利息税率)*活期存款利率,广发基金管理有限公司,中国工商银行股份有限公司,货币型ETF,,,37530000.0,5196,519565,99.997,99.993264049269,-0.003
2026-01-13,511920.SH,广发货币E,20160328,,税后活期存款利率:即(1-利息税率)*活期存款利率,广发基金管理有限公司,中国工商银行股份有限公司,货币型ETF,,,37490000.0,1805,180495,99.996,99.997229916898,-0.004
2026-01-14,511920.SH,广发货币E,20160328,,税后活期存款利率:即(1-利息税率)*活期存款利率,广发基金管理有限公司,中国工商银行股份有限公司,货币型ETF,,,37480000.0,3706,370586,99.997,99.996222342148,-0.003
2026-01-15,511920.SH,广发货币E,20160328,,税后活期存款利率:即(1-利息税率)*活期存款利率,广发基金管理有限公司,中国工商银行股份有限公司,货币型ETF,,,37470000.0,2900,289997,100.003,99.998965517241,0.003
2026-01-16,511920.SH,广发货币E,20160328,,税后活期存款利率:即(1-利息税率)*活期存款利率,广发基金管理有限公司,中国工商银行股份有限公司,货币型ETF,,,37470000.0,4004,400423,100.004,100.00574425574,0.004
2026-01-19,511920.SH,广发货币E,20160328,,税后活期存款利率:即(1-利息税率)*活期存款利率,广发基金管理有限公司,中国工商银行股份有限公司,货币型ETF,,,37420000.0,1004,100400,99.998,100,-0.002
2026-01-20,511920.SH,广发货币E,20160328,,税后活期存款利率:即(1-利息税率)*活期存款利率,广发基金管理有限公司,中国工商银行股份有限公司,货币型ETF,,,37420000.0,1505,150499,100.001,99.999335548173,0.001
2026-01-21,511920.SH,广发货币E,20160328,,税后活期存款利率:即(1-利息税率)*活期存款利率,广发基金管理有限公司,中国工商银行股份有限公司,货币型ETF,,,37420000.0,1301,130100,100,100,0
2026-01-22,511920.SH,广发货币E,20160328,,税后活期存款利率:即(1-利息税率)*活期存款利率,广发基金管理有限公司,中国工商银行股份有限公司,货币型ETF,,,37430000.0,2800,279997,99.997,99.998928571429,-0.003
2026-01-23,511920.SH,广发货币E,20160328,,税后活期存款利率:即(1-利息税率)*活期存款利率,广发基金管理有限公司,中国工商银行股份有限公司,货币型ETF,,,37440000.0,1003,100305,100.003,100.00498504487,0.003
2026-01-26,511920.SH,广发货币E,20160328,,税后活期存款利率:即(1-利息税率)*活期存款利率,广发基金管理有限公司,中国工商银行股份有限公司,货币型ETF,,,37440000.0,900,90001,100.002,100.00111111111,0.002
2026-01-27,511920.SH,广发货币E,20160328,,税后活期存款利率:即(1-利息税率)*活期存款利率,广发基金管理有限公司,中国工商银行股份有限公司,货币型ETF,,,37440000.0,14521,1452495,100.008,100.02720198333,0.008
2026-01-28,511920.SH,广发货币E,20160328,,税后活期存款利率:即(1-利息税率)*活期存款利率,广发基金管理有限公司,中国工商银行股份有限公司,货币型ETF,,,38290000.0,5600,560021,100.004,100.00375,0.004
2026-01-29,511920.SH,广发货币E,20160328,,税后活期存款利率:即(1-利息税率)*活期存款利率,广发基金管理有限公司,中国工商银行股份有限公司,货币型ETF,,,38310000.0,3900,390016,100.002,100.0041025641,0.002
2026-01-30,511920.SH,广发货币E,20160328,,税后活期存款利率:即(1-利息税率)*活期存款利率,广发基金管理有限公司,中国工商银行股份有限公司,货币型ETF,,,38310000.0,14801,1480174,100.005,100.00499966218,0.005
2026-02-02,511920.SH,广发货币E,20160328,,税后活期存款利率:即(1-利息税率)*活期存款利率,广发基金管理有限公司,中国工商银行股份有限公司,货币型ETF,,,38120000.0,7887,788740,100.004,100.00507163687,0.004
2026-02-03,511920.SH,广发货币E,20160328,,税后活期存款利率:即(1-利息税率)*活期存款利率,广发基金管理有限公司,中国工商银行股份有限公司,货币型ETF,,,38200000.0,4104,410473,100.028,100.01778752437,0.028
2026-02-04,511920.SH,广发货币E,20160328,,税后活期存款利率:即(1-利息税率)*活期存款利率,广发基金管理有限公司,中国工商银行股份有限公司,货币型ETF,,,38320000.0,4109,411026,100.02,100.03066439523,0.02
2026-02-05,511920.SH,广发货币E,20160328,,税后活期存款利率:即(1-利息税率)*活期存款利率,广发基金管理有限公司,中国工商银行股份有限公司,货币型ETF,,,39960000.0,8500,850419,100.03,100.04929411765,0.03
2026-02-06,511920.SH,广发货币E,20160328,,税后活期存款利率:即(1-利息税率)*活期存款利率,广发基金管理有限公司,中国工商银行股份有限公司,货币型ETF,,,41410000.0,7603,760550,100.025,100.0328817572,0.025
2026-02-09,511920.SH,广发货币E,20160328,,税后活期存款利率:即(1-利息税率)*活期存款利率,广发基金管理有限公司,中国工商银行股份有限公司,货币型ETF,,,43140000.0,11500,1150241,100.016,100.02095652174,0.016
2026-02-10,511920.SH,广发货币E,20160328,,税后活期存款利率:即(1-利息税率)*活期存款利率,广发基金管理有限公司,中国工商银行股份有限公司,货币型ETF,,,44450000.0,23408,2341283,100.019,100.02063397129,0.019
2026-02-11,511920.SH,广发货币E,20160328,,税后活期存款利率:即(1-利息税率)*活期存款利率,广发基金管理有限公司,中国工商银行股份有限公司,货币型ETF,,,46360000.0,18510,1851988,100.071,100.05337655321,0.071
2026-02-12,511920.SH,广发货币E,20160328,,税后活期存款利率:即(1-利息税率)*活期存款利率,广发基金管理有限公司,中国工商银行股份有限公司,货币型ETF,,,51410000.0,21750,2176473,100.015,100.06772413793,0.015
2026-02-13,511920.SH,广发货币E,20160328,,税后活期存款利率:即(1-利息税率)*活期存款利率,广发基金管理有限公司,中国工商银行股份有限公司,货币型ETF,,,51490000.0,102011,10204474,100.034,100.03307486448,0.034
2026-02-24,511920.SH,广发货币E,20160328,,税后活期存款利率:即(1-利息税率)*活期存款利率,广发基金管理有限公司,中国工商银行股份有限公司,货币型ETF,,,52810000.0,46099,4609642,99.995,99.994403349313,-0.005
2026-02-25,511920.SH,广发货币E,20160328,,税后活期存款利率:即(1-利息税率)*活期存款利率,广发基金管理有限公司,中国工商银行股份有限公司,货币型ETF,,,48950000.0,42232,4222943,99.996,99.993914567153,-0.004
2026-02-26,511920.SH,广发货币E,20160328,,税后活期存款利率:即(1-利息税率)*活期存款利率,广发基金管理有限公司,中国工商银行股份有限公司,货币型ETF,,,45270000.0,8774,877341,99.993,99.993275586961,-0.007
2026-02-27,511920.SH,广发货币E,20160328,,税后活期存款利率:即(1-利息税率)*活期存款利率,广发基金管理有限公司,中国工商银行股份有限公司,货币型ETF,,,45230000.0,15242,1524196,99.999,99.999737567248,-0.001
2026-03-02,511920.SH,广发货币E,20160328,,税后活期存款利率:即(1-利息税率)*活期存款利率,广发基金管理有限公司,中国工商银行股份有限公司,货币型ETF,,,43650000.0,25331,2533050,100,99.998026133986,0
2026-03-03,511920.SH,广发货币E,20160328,,税后活期存款利率:即(1-利息税率)*活期存款利率,广发基金管理有限公司,中国工商银行股份有限公司,货币型ETF,,,41570000.0,42644,4264379,100,99.999507550886,0
2026-03-04,511920.SH,广发货币E,20160328,,税后活期存款利率:即(1-利息税率)*活期存款利率,广发基金管理有限公司,中国工商银行股份有限公司,货币型ETF,,,39720000.0,4102,410198,99.999,99.99951243296,-0.001
2026-03-05,511920.SH,广发货币E,20160328,,税后活期存款利率:即(1-利息税率)*活期存款利率,广发基金管理有限公司,中国工商银行股份有限公司,货币型ETF,,,39180000.0,8000,799986,99.998,99.99825,-0.002
2026-03-06,511920.SH,广发货币E,20160328,,税后活期存款利率:即(1-利息税率)*活期存款利率,广发基金管理有限公司,中国工商银行股份有限公司,货币型ETF,,,38990000.0,10352,1035223,100.003,100.00222179289,0.003
2026-03-09,511920.SH,广发货币E,20160328,,税后活期存款利率:即(1-利息税率)*活期存款利率,广发基金管理有限公司,中国工商银行股份有限公司,货币型ETF,,,38280000.0,10504,1050354,99.997,99.995620715918,-0.003
2026-03-10,511920.SH,广发货币E,20160328,,税后活期存款利率:即(1-利息税率)*活期存款利率,广发基金管理有限公司,中国工商银行股份有限公司,货币型ETF,,,37260000.0,2003,200296,99.998,99.998002995507,-0.002
2026-03-11,511920.SH,广发货币E,20160328,,税后活期存款利率:即(1-利息税率)*活期存款利率,广发基金管理有限公司,中国工商银行股份有限公司,货币型ETF,,,37170000.0,1901,190096,99.998,99.997895844292,-0.002
2026-03-12,511920.SH,广发货币E,20160328,,税后活期存款利率:即(1-利息税率)*活期存款利率,广发基金管理有限公司,中国工商银行股份有限公司,货币型ETF,,,37070000.0,1001,100097,99.998,99.997002997003,-0.002
2026-03-13,511920.SH,广发货币E,20160328,,税后活期存款利率:即(1-利息税率)*活期存款利率,广发基金管理有限公司,中国工商银行股份有限公司,货币型ETF,,,37040000.0,1402,140206,100.001,100.00427960057,0.001
2026-03-16,511920.SH,广发货币E,20160328,,税后活期存款利率:即(1-利息税率)*活期存款利率,广发基金管理有限公司,中国工商银行股份有限公司,货币型ETF,,,36930000.0,7012,701187,99.996,99.998146035368,-0.004
2026-03-17,511920.SH,广发货币E,20160328,,税后活期存款利率:即(1-利息税率)*活期存款利率,广发基金管理有限公司,中国工商银行股份有限公司,货币型ETF,,,36430000.0,4102,410193,99.999,99.998293515358,-0.001
2026-03-18,511920.SH,广发货币E,20160328,,税后活期存款利率:即(1-利息税率)*活期存款利率,广发基金管理有限公司,中国工商银行股份有限公司,货币型ETF,,,36060000.0,6109,610893,99.999,99.998854149615,-0.001
2026-03-19,511920.SH,广发货币E,20160328,,税后活期存款利率:即(1-利息税率)*活期存款利率,广发基金管理有限公司,中国工商银行股份有限公司,货币型ETF,,,35790000.0,1212,121199,100,99.999174917492,0
2026-03-20,511920.SH,广发货币E,20160328,,税后活期存款利率:即(1-利息税率)*活期存款利率,广发基金管理有限公司,中国工商银行股份有限公司,货币型ETF,,,35790000.0,4312,431223,100.005,100.00533395176,0.005
2026-03-23,511920.SH,广发货币E,20160328,,税后活期存款利率:即(1-利息税率)*活期存款利率,广发基金管理有限公司,中国工商银行股份有限公司,货币型ETF,,,35660000.0,9223,922283,99.999,99.998156781958,-0.001
2026-03-24,511920.SH,广发货币E,20160328,,税后活期存款利率:即(1-利息税率)*活期存款利率,广发基金管理有限公司,中国工商银行股份有限公司,货币型ETF,,,35360000.0,1900,189996,100,99.997894736842,0
2026-03-25,511920.SH,广发货币E,20160328,,税后活期存款利率:即(1-利息税率)*活期存款利率,广发基金管理有限公司,中国工商银行股份有限公司,货币型ETF,,,35240000.0,203,20300,99.999,100,-0.001
2026-03-26,511920.SH,广发货币E,20160328,,税后活期存款利率:即(1-利息税率)*活期存款利率,广发基金管理有限公司,中国工商银行股份有限公司,货币型ETF,,,35150000.0,2814,281407,99.999,100.00248756219,-0.001
2026-03-27,511920.SH,广发货币E,20160328,,税后活期存款利率:即(1-利息税率)*活期存款利率,广发基金管理有限公司,中国工商银行股份有限公司,货币型ETF,,,35070000.0,3201,320113,100.004,100.00406123087,0.004
2026-03-30,511920.SH,广发货币E,20160328,,税后活期存款利率:即(1-利息税率)*活期存款利率,广发基金管理有限公司,中国工商银行股份有限公司,货币型ETF,,,34910000.0,1102,110200,100,100,0
2026-03-31,511920.SH,广发货币E,20160328,,税后活期存款利率:即(1-利息税率)*活期存款利率,广发基金管理有限公司,中国工商银行股份有限公司,货币型ETF,,,34915500.0,1026,102599,100,99.999025341131,0
2026-04-01,511920.SH,广发货币E,20160328,,税后活期存款利率:即(1-利息税率)*活期存款利率,广发基金管理有限公司,中国工商银行股份有限公司,货币型ETF,,,34920000.0,803,80300,100,100,0
2026-04-02,511920.SH,广发货币E,20160328,,税后活期存款利率:即(1-利息税率)*活期存款利率,广发基金管理有限公司,中国工商银行股份有限公司,货币型ETF,,,34920000.0,5714,571579,100.002,100.03132656633,0.002
2026-04-03,511920.SH,广发货币E,20160328,,税后活期存款利率:即(1-利息税率)*活期存款利率,广发基金管理有限公司,中国工商银行股份有限公司,货币型ETF,,,34920000.0,6000,600062,100.012,100.01033333333,0.012
2026-04-07,511920.SH,广发货币E,20160328,,税后活期存款利率:即(1-利息税率)*活期存款利率,广发基金管理有限公司,中国工商银行股份有限公司,货币型ETF,,,35930000.0,1711,171099,100.001,99.999415546464,0.001
2026-04-08,511920.SH,广发货币E,20160328,,税后活期存款利率:即(1-利息税率)*活期存款利率,广发基金管理有限公司,中国工商银行股份有限公司,货币型ETF,,,35940000.0,3901,390088,99.999,99.996923865675,-0.001
2026-04-09,511920.SH,广发货币E,20160328,,税后活期存款利率:即(1-利息税率)*活期存款利率,广发基金管理有限公司,中国工商银行股份有限公司,货币型ETF,,,35740000.0,1202,120199,99.999,99.999168053245,-0.001
2026-04-10,511920.SH,广发货币E,20160328,,税后活期存款利率:即(1-利息税率)*活期存款利率,广发基金管理有限公司,中国工商银行股份有限公司,货币型ETF,,,35740000.0,8232,823223,100.003,100.00279397473,0.003
2026-04-13,511920.SH,广发货币E,20160328,,税后活期存款利率:即(1-利息税率)*活期存款利率,广发基金管理有限公司,中国工商银行股份有限公司,货币型ETF,,,35150000.0,1118,111799,100,99.999105545617,0
2026-04-14,511920.SH,广发货币E,20160328,,税后活期存款利率:即(1-利息税率)*活期存款利率,广发基金管理有限公司,中国工商银行股份有限公司,货币型ETF,,,35150000.0,2800,280000,99.999,100,-0.001
2026-04-15,511920.SH,广发货币E,20160328,,税后活期存款利率:即(1-利息税率)*活期存款利率,广发基金管理有限公司,中国工商银行股份有限公司,货币型ETF,,,35150000.0,4200,419999,100,99.999761904762,0
2026-04-16,511920.SH,广发货币E,20160328,,税后活期存款利率:即(1-利息税率)*活期存款利率,广发基金管理有限公司,中国工商银行股份有限公司,货币型ETF,,,34400000.0,2300,230001,100,100.00043478261,0
2026-04-17,511920.SH,广发货币E,20160328,,税后活期存款利率:即(1-利息税率)*活期存款利率,广发基金管理有限公司,中国工商银行股份有限公司,货币型ETF,,,34410000.0,1212,121214,100.002,100.01155115512,0.002
2026-04-20,511920.SH,广发货币E,20160328,,税后活期存款利率:即(1-利息税率)*活期存款利率,广发基金管理有限公司,中国工商银行股份有限公司,货币型ETF,,,34410000.0,712,71200,99.999,100,-0.001
2026-04-21,511920.SH,广发货币E,20160328,,税后活期存款利率:即(1-利息税率)*活期存款利率,广发基金管理有限公司,中国工商银行股份有限公司,货币型ETF,,,34710000.0,2006,200623,100.015,100.01146560319,0.015
2026-04-22,511920.SH,广发货币E,20160328,,税后活期存款利率:即(1-利息税率)*活期存款利率,广发基金管理有限公司,中国工商银行股份有限公司,货币型ETF,,,34810000.0,513,51302,100.006,100.00389863548,0.006
2026-04-23,511920.SH,广发货币E,20160328,,税后活期存款利率:即(1-利息税率)*活期存款利率,广发基金管理有限公司,中国工商银行股份有限公司,货币型ETF,,,34810000.0,713,71300,100.003,100,0.003
2026-04-24,511920.SH,广发货币E,20160328,,税后活期存款利率:即(1-利息税率)*活期存款利率,广发基金管理有限公司,中国工商银行股份有限公司,货币型ETF,,,34820000.0,2243,224314,100.008,100.00624164066,0.008
2026-04-27,511920.SH,广发货币E,20160328,,税后活期存款利率:即(1-利息税率)*活期存款利率,广发基金管理有限公司,中国工商银行股份有限公司,货币型ETF,,,35600000.0,5262,526324,100.018,100.02356518434,0.018
2026-04-28,511920.SH,广发货币E,20160328,,税后活期存款利率:即(1-利息税率)*活期存款利率,广发基金管理有限公司,中国工商银行股份有限公司,货币型ETF,,,35860000.0,1300,130029,100.01,100.02230769231,0.01
2026-04-29,511920.SH,广发货币E,20160328,,税后活期存款利率:即(1-利息税率)*活期存款利率,广发基金管理有限公司,中国工商银行股份有限公司,货币型ETF,,,35980000.0,7308,730882,100.004,100.01122058019,0.004
2026-04-30,511920.SH,广发货币E,20160328,,税后活期存款利率:即(1-利息税率)*活期存款利率,广发基金管理有限公司,中国工商银行股份有限公司,货币型ETF,,,35980000.0,21708,2171257,100.022,100.02105214667,0.022
2026-05-06,511920.SH,广发货币E,20160328,,税后活期存款利率:即(1-利息税率)*活期存款利率,广发基金管理有限公司,中国工商银行股份有限公司,货币型ETF,,,35950000.0,7861,786055,99.999,99.994275537463,-0.001
2026-05-07,511920.SH,广发货币E,20160328,,税后活期存款利率:即(1-利息税率)*活期存款利率,广发基金管理有限公司,中国工商银行股份有限公司,货币型ETF,,,35650000.0,1900,189997,99.996,99.998421052632,-0.004
2026-05-08,511920.SH,广发货币E,20160328,,税后活期存款利率:即(1-利息税率)*活期存款利率,广发基金管理有限公司,中国工商银行股份有限公司,货币型ETF,,,35650000.0,5026,502615,100.005,100.0029844807,0.005
2026-05-11,511920.SH,广发货币E,20160328,,税后活期存款利率:即(1-利息税率)*活期存款利率,广发基金管理有限公司,中国工商银行股份有限公司,货币型ETF,,,35400000.0,3076,307604,100,100.00130039012,0
2026-05-12,511920.SH,广发货币E,20160328,,税后活期存款利率:即(1-利息税率)*活期存款利率,广发基金管理有限公司,中国工商银行股份有限公司,货币型ETF,,,35400000.0,247,24700,100,100,0
2026-05-13,511920.SH,广发货币E,20160328,,税后活期存款利率:即(1-利息税率)*活期存款利率,广发基金管理有限公司,中国工商银行股份有限公司,货币型ETF,,,35390000.0,238,23800,100.001,100,0.001
2026-05-14,511920.SH,广发货币E,20160328,,税后活期存款利率:即(1-利息税率)*活期存款利率,广发基金管理有限公司,中国工商银行股份有限公司,货币型ETF,,,35390000.0,800,80000,100.001,100,0.001
2026-05-15,511920.SH,广发货币E,20160328,,税后活期存款利率:即(1-利息税率)*活期存款利率,广发基金管理有限公司,中国工商银行股份有限公司,货币型ETF,,,35390000.0,5147,514730,100.007,100.00582863804,0.007
2026-05-18,511920.SH,广发货币E,20160328,,税后活期存款利率:即(1-利息税率)*活期存款利率,广发基金管理有限公司,中国工商银行股份有限公司,货币型ETF,,,35400000.0,4234,423402,100.002,100.00047236656,0.002
2026-05-19,511920.SH,广发货币E,20160328,,税后活期存款利率:即(1-利息税率)*活期存款利率,广发基金管理有限公司,中国工商银行股份有限公司,货币型ETF,,,35390000.0,7306,730615,99.999,100.00205310704,-0.001
2026-05-20,511920.SH,广发货币E,20160328,,税后活期存款利率:即(1-利息税率)*活期存款利率,广发基金管理有限公司,中国工商银行股份有限公司,货币型ETF,,,35420000.0,100,10000,100,100,0
2026-05-21,511920.SH,广发货币E,20160328,,税后活期存款利率:即(1-利息税率)*活期存款利率,广发基金管理有限公司,中国工商银行股份有限公司,货币型ETF,,,35420000.0,1505,150498,100,99.998671096346,0
2026-05-22,511920.SH,广发货币E,20160328,,税后活期存款利率:即(1-利息税率)*活期存款利率,广发基金管理有限公司,中国工商银行股份有限公司,货币型ETF,,,35410000.0,902,90204,100.003,100.0044345898,0.003
2026-05-25,511920.SH,广发货币E,20160328,,税后活期存款利率:即(1-利息税率)*活期存款利率,广发基金管理有限公司,中国工商银行股份有限公司,货币型ETF,,,35330000.0,803,80306,100.01,100.00747198007,0.01
2026-05-26,511920.SH,广发货币E,20160328,,税后活期存款利率:即(1-利息税率)*活期存款利率,广发基金管理有限公司,中国工商银行股份有限公司,货币型ETF,,,35340000.0,22100,2210452,100.02,100.02045248869,0.02
2026-05-27,511920.SH,广发货币E,20160328,,税后活期存款利率:即(1-利息税率)*活期存款利率,广发基金管理有限公司,中国工商银行股份有限公司,货币型ETF,,,35490000.0,1000,100001,99.999,100.001,-0.001
2026-05-28,511920.SH,广发货币E,20160328,,税后活期存款利率:即(1-利息税率)*活期存款利率,广发基金管理有限公司,中国工商银行股份有限公司,货币型ETF,,,35490000.0,38000,3799448,99.998,99.985473684211,-0.002
2026-05-29,511920.SH,广发货币E,20160328,,税后活期存款利率:即(1-利息税率)*活期存款利率,广发基金管理有限公司,中国工商银行股份有限公司,货币型ETF,,,34350000.0,1801,180107,100.003,100.00388672959,0.003
2026-06-01,511920.SH,广发货币E,20160328,,税后活期存款利率:即(1-利息税率)*活期存款利率,广发基金管理有限公司,中国工商银行股份有限公司,货币型ETF,,,34290000.0,200,20000,100,100,0
2026-06-02,511920.SH,广发货币E,20160328,,税后活期存款利率:即(1-利息税率)*活期存款利率,广发基金管理有限公司,中国工商银行股份有限公司,货币型ETF,,,34290000.0,100,10000,99.998,100,-0.002
2026-06-03,511920.SH,广发货币E,20160328,,税后活期存款利率:即(1-利息税率)*活期存款利率,广发基金管理有限公司,中国工商银行股份有限公司,货币型ETF,,,34270000.0,612,61201,100.002,100.00163398693,0.002
2026-06-04,511920.SH,广发货币E,20160328,,税后活期存款利率:即(1-利息税率)*活期存款利率,广发基金管理有限公司,中国工商银行股份有限公司,货币型ETF,,,34280000.0,1100,109998,100.008,99.998181818182,0.008
2026-06-05,511920.SH,广发货币E,20160328,,税后活期存款利率:即(1-利息税率)*活期存款利率,广发基金管理有限公司,中国工商银行股份有限公司,货币型ETF,,,34280000.0,500,50004,100.012,100.008,0.012
2026-06-08,511920.SH,广发货币E,20160328,,税后活期存款利率:即(1-利息税率)*活期存款利率,广发基金管理有限公司,中国工商银行股份有限公司,货币型ETF,,,34280000.0,900,90000,100.001,100,0.001
2026-06-09,511920.SH,广发货币E,20160328,,税后活期存款利率:即(1-利息税率)*活期存款利率,广发基金管理有限公司,中国工商银行股份有限公司,货币型ETF,,,34280000.0,1200,120002,100.002,100.00166666667,0.002
2026-06-10,511920.SH,广发货币E,20160328,,税后活期存款利率:即(1-利息税率)*活期存款利率,广发基金管理有限公司,中国工商银行股份有限公司,货币型ETF,,,34340000.0,1630,162999,100,99.999386503067,0
2026-06-11,511920.SH,广发货币E,20160328,,税后活期存款利率:即(1-利息税率)*活期存款利率,广发基金管理有限公司,中国工商银行股份有限公司,货币型ETF,,,34300000.0,3749,374900,100,100,0
2026-06-12,511920.SH,广发货币E,20160328,,税后活期存款利率:即(1-利息税率)*活期存款利率,广发基金管理有限公司,中国工商银行股份有限公司,货币型ETF,,,34300000.0,1700,170006,100.003,100.00352941176,0.003
2026-06-15,511920.SH,广发货币E,20160328,,税后活期存款利率:即(1-利息税率)*活期存款利率,广发基金管理有限公司,中国工商银行股份有限公司,货币型ETF,,,34260000.0,1502,150199,100,99.999334221039,0
2026-06-16,511920.SH,广发货币E,20160328,,税后活期存款利率:即(1-利息税率)*活期存款利率,广发基金管理有限公司,中国工商银行股份有限公司,货币型ETF,,,34260000.0,300,30001,100,100.00333333333,0
2026-06-17,511920.SH,广发货币E,20160328,,税后活期存款利率:即(1-利息税率)*活期存款利率,广发基金管理有限公司,中国工商银行股份有限公司,货币型ETF,,,34260000.0,,,100,100,0
2026-06-18,511920.SH,广发货币E,20160328,,税后活期存款利率:即(1-利息税率)*活期存款利率,广发基金管理有限公司,中国工商银行股份有限公司,货币型ETF,,,34260000.0,1639,163903,100.001,100.00183038438,0.001
2026-06-22,511920.SH,广发货币E,20160328,,税后活期存款利率:即(1-利息税率)*活期存款利率,广发基金管理有限公司,中国工商银行股份有限公司,货币型ETF,,,34100000.0,100,10000,99.997,100,-0.003
2026-06-23,511920.SH,广发货币E,20160328,,税后活期存款利率:即(1-利息税率)*活期存款利率,广发基金管理有限公司,中国工商银行股份有限公司,货币型ETF,,,34100000.0,1201,120098,99.998,99.998334721066,-0.002
2026-06-24,511920.SH,广发货币E,20160328,,税后活期存款利率:即(1-利息税率)*活期存款利率,广发基金管理有限公司,中国工商银行股份有限公司,货币型ETF,,,34100000.0,209,20900,99.999,100,-0.001
2026-06-25,511920.SH,广发货币E,20160328,,税后活期存款利率:即(1-利息税率)*活期存款利率,广发基金管理有限公司,中国工商银行股份有限公司,货币型ETF,,,34090000.0,1200,120000,100.001,100,0.001
2026-06-26,511920.SH,广发货币E,20160328,,税后活期存款利率:即(1-利息税率)*活期存款利率,广发基金管理有限公司,中国工商银行股份有限公司,货币型ETF,,,34090000.0,204,20400,100.002,100,0.002
2026-06-29,511920.SH,广发货币E,20160328,,税后活期存款利率:即(1-利息税率)*活期存款利率,广发基金管理有限公司,中国工商银行股份有限公司,货币型ETF,,,34080000.0,871,87097,99.996,99.996555683123,-0.004
2026-06-30,511920.SH,广发货币E,20160328,,税后活期存款利率:即(1-利息税率)*活期存款利率,广发基金管理有限公司,中国工商银行股份有限公司,货币型ETF,,,34073400.0,300,29998,99.994,99.993333333333,-0.006
2026-07-01,511920.SH,广发货币E,20160328,,税后活期存款利率:即(1-利息税率)*活期存款利率,广发基金管理有限公司,中国工商银行股份有限公司,货币型ETF,,,34070000.0,771,77098,99.998,99.997405966278,-0.002
2026-07-02,511920.SH,广发货币E,20160328,,税后活期存款利率:即(1-利息税率)*活期存款利率,广发基金管理有限公司,中国工商银行股份有限公司,货币型ETF,,,34020000.0,12105,1210576,100.02,100.00627839736,0.02
2026-07-03,511920.SH,广发货币E,20160328,,税后活期存款利率:即(1-利息税率)*活期存款利率,广发基金管理有限公司,中国工商银行股份有限公司,货币型ETF,,,34280000.0,5012,501601,100.021,100.08000798085,0.021
2026-07-06,511920.SH,广发货币E,20160328,,税后活期存款利率:即(1-利息税率)*活期存款利率,广发基金管理有限公司,中国工商银行股份有限公司,货币型ETF,,,34430000.0,2700,269998,99.997,99.999259259259,-0.003
2026-07-07,511920.SH,广发货币E,20160328,,税后活期存款利率:即(1-利息税率)*活期存款利率,广发基金管理有限公司,中国工商银行股份有限公司,货币型ETF,,,34430000.0,11519,1151890,100.001,99.999131869086,0.001
2026-07-08,511920.SH,广发货币E,20160328,,税后活期存款利率:即(1-利息税率)*活期存款利率,广发基金管理有限公司,中国工商银行股份有限公司,货币型ETF,,,33980000.0,2004,200400,100,100,0
2026-07-09,511920.SH,广发货币E,20160328,,税后活期存款利率:即(1-利息税率)*活期存款利率,广发基金管理有限公司,中国工商银行股份有限公司,货币型ETF,,,33980000.0,600,59999,100,99.998333333333,0
2026-07-10,511920.SH,广发货币E,20160328,,税后活期存款利率:即(1-利息税率)*活期存款利率,广发基金管理有限公司,中国工商银行股份有限公司,货币型ETF,,,33980000.0,6900,690264,100.011,100.03826086957,0.011
2026-07-13,511920.SH,广发货币E,20160328,,税后活期存款利率:即(1-利息税率)*活期存款利率,广发基金管理有限公司,中国工商银行股份有限公司,货币型ETF,,,34030000.0,28924,2892337,100,99.997821878025,0
2026-07-14,511920.SH,广发货币E,20160328,,税后活期存款利率:即(1-利息税率)*活期存款利率,广发基金管理有限公司,中国工商银行股份有限公司,货币型ETF,,,33100000.0,8950,894995,100,99.999441340782,0
2026-07-15,511920.SH,广发货币E,20160328,,税后活期存款利率:即(1-利息税率)*活期存款利率,广发基金管理有限公司,中国工商银行股份有限公司,货币型ETF,,,33060000.0,5540,553997,99.999,99.999458483755,-0.001
2026-07-16,511920.SH,广发货币E,20160328,,税后活期存款利率:即(1-利息税率)*活期存款利率,广发基金管理有限公司,中国工商银行股份有限公司,货币型ETF,,,33000000.0,6200,619987,99.999,99.997903225806,-0.001
2026-07-17,511920.SH,广发货币E,20160328,,税后活期存款利率:即(1-利息税率)*活期存款利率,广发基金管理有限公司,中国工商银行股份有限公司,货币型ETF,,,32890000.0,3600,360014,100.003,100.00388888889,0.003
2026-07-20,511920.SH,广发货币E,20160328,,税后活期存款利率:即(1-利息税率)*活期存款利率,广发基金管理有限公司,中国工商银行股份有限公司,货币型ETF,,,32640000.0,3000,299997,99.999,99.999,-0.001
2026-07-21,511920.SH,广发货币E,20160328,,税后活期存款利率:即(1-利息税率)*活期存款利率,广发基金管理有限公司,中国工商银行股份有限公司,货币型ETF,,,32590000.0,200,20000,100,100,0
2026-07-22,511920.SH,广发货币E,20160328,,税后活期存款利率:即(1-利息税率)*活期存款利率,广发基金管理有限公司,中国工商银行股份有限公司,货币型ETF,,,32590000.0,702,70200,100,100,0
2026-07-23,511920.SH,广发货币E,20160328,,税后活期存款利率:即(1-利息税率)*活期存款利率,广发基金管理有限公司,中国工商银行股份有限公司,货币型ETF,,,32590000.0,20300,2029986,100.001,99.999310344828,0.001
2026-07-24,511920.SH,广发货币E,20160328,,税后活期存款利率:即(1-利息税率)*活期存款利率,广发基金管理有限公司,中国工商银行股份有限公司,货币型ETF,,,32490000.0,64400,6440334,100.006,100.0051863354,0.006
2026-07-27,511920.SH,广发货币E,20160328,,税后活期存款利率:即(1-利息税率)*活期存款利率,广发基金管理有限公司,中国工商银行股份有限公司,货币型ETF,,,32360000.0,6866,686581,100.001,99.997232741043,0.001
2026-07-28,511920.SH,广发货币E,20160328,,税后活期存款利率:即(1-利息税率)*活期存款利率,广发基金管理有限公司,中国工商银行股份有限公司,货币型ETF,,,32300000.0,302,30199,100,99.996688741722,0
2026-07-29,511920.SH,广发货币E,20160328,,税后活期存款利率:即(1-利息税率)*活期存款利率,广发基金管理有限公司,中国工商银行股份有限公司,货币型ETF,,,32300000.0,1000,99999,100,99.999,0
2026-07-30,511920.SH,广发货币E,20160328,,税后活期存款利率:即(1-利息税率)*活期存款利率,广发基金管理有限公司,中国工商银行股份有限公司,货币型ETF,,,32260000.0,23100,2309998,100,99.999913419913,0
2026-07-31,511920.SH,广发货币E,20160328,,税后活期存款利率:即(1-利息税率)*活期存款利率,广发基金管理有限公司,中国工商银行股份有限公司,货币型ETF,,,32270000.0,47600,4760229,100.004,100.00481092437,0.004
2026-08-03,511920.SH,广发货币E,20160328,,税后活期存款利率:即(1-利息税率)*活期存款利率,广发基金管理有限公司,中国工商银行股份有限公司,货币型ETF,,,32230000.0,4600,460041,100.004,100.00891304348,0.004
2026-08-04,511920.SH,广发货币E,20160328,,税后活期存款利率:即(1-利息税率)*活期存款利率,广发基金管理有限公司,中国工商银行股份有限公司,货币型ETF,,,32230000.0,2701,270099,100.004,99.999629766753,0.004
2026-08-05,511920.SH,广发货币E,20160328,,税后活期存款利率:即(1-利息税率)*活期存款利率,广发基金管理有限公司,中国工商银行股份有限公司,货币型ETF,,,32230000.0,2400,239997,99.999,99.99875,-0.001
2026-08-06,511920.SH,广发货币E,20160328,,税后活期存款利率:即(1-利息税率)*活期存款利率,广发基金管理有限公司,中国工商银行股份有限公司,货币型ETF,,,32140000.0,101,10100,100,100,0
2026-08-07,511920.SH,广发货币E,20160328,,税后活期存款利率:即(1-利息税率)*活期存款利率,广发基金管理有限公司,中国工商银行股份有限公司,货币型ETF,,,32140000.0,15689,1568978,100.005,100.00497163618,0.005
2026-08-10,511920.SH,广发货币E,20160328,,税后活期存款利率:即(1-利息税率)*活期存款利率,广发基金管理有限公司,中国工商银行股份有限公司,货币型ETF,,,32060000.0,28224,2822411,99.998,100.00038973923,-0.002
2026-08-11,511920.SH,广发货币E,20160328,,税后活期存款利率:即(1-利息税率)*活期存款利率,广发基金管理有限公司,中国工商银行股份有限公司,货币型ETF,,,31840000.0,65701,6570129,100,100.00044139359,0
2026-08-12,511920.SH,广发货币E,20160328,,税后活期存款利率:即(1-利息税率)*活期存款利率,广发基金管理有限公司,中国工商银行股份有限公司,货币型ETF,,,31820000.0,1600,159999,100,99.999375,0
2026-08-13,511920.SH,广发货币E,20160328,,税后活期存款利率:即(1-利息税率)*活期存款利率,广发基金管理有限公司,中国工商银行股份有限公司,货币型ETF,,,31800000.0,2701,270115,100.005,100.0055534987,0.005
2026-08-14,511920.SH,广发货币E,20160328,,税后活期存款利率:即(1-利息税率)*活期存款利率,广发基金管理有限公司,中国工商银行股份有限公司,货币型ETF,,,31800000.0,900,90004,100.004,100.00444444444,0.004
2026-08-17,511920.SH,广发货币E,20160328,,税后活期存款利率:即(1-利息税率)*活期存款利率,广发基金管理有限公司,中国工商银行股份有限公司,货币型ETF,,,31790000.0,18903,1890339,100.001,100.00206316458,0.001
2026-08-18,511920.SH,广发货币E,20160328,,税后活期存款利率:即(1-利息税率)*活期存款利率,广发基金管理有限公司,中国工商银行股份有限公司,货币型ETF,,,31790000.0,3300,330032,100.001,100.0096969697,0.001
2026-08-19,511920.SH,广发货币E,20160328,,税后活期存款利率:即(1-利息税率)*活期存款利率,广发基金管理有限公司,中国工商银行股份有限公司,货币型ETF,,,31800000.0,12900,1290033,100.002,100.00255813953,0.002
2026-08-20,511920.SH,广发货币E,20160328,,税后活期存款利率:即(1-利息税率)*活期存款利率,广发基金管理有限公司,中国工商银行股份有限公司,货币型ETF,,,31800000.0,23900,2390057,100.001,100.00238493724,0.001
2026-08-21,511920.SH,广发货币E,20160328,,税后活期存款利率:即(1-利息税率)*活期存款利率,广发基金管理有限公司,中国工商银行股份有限公司,货币型ETF,,,31800000.0,1610,161010,100.005,100.00621118012,0.005
2026-08-24,511920.SH,广发货币E,20160328,,税后活期存款利率:即(1-利息税率)*活期存款利率,广发基金管理有限公司,中国工商银行股份有限公司,货币型ETF,,,31790000.0,302,30200,100.001,100,0.001
2026-08-25,511920.SH,广发货币E,20160328,,税后活期存款利率:即(1-利息税率)*活期存款利率,广发基金管理有限公司,中国工商银行股份有限公司,货币型ETF,,,31790000.0,5100,510009,100.001,100.00176470588,0.001
