日期,代码,名称,上市日期,对标指数,benchmark,管理人,托管人,类别大类,类别细类,对标指数代码,规模,成交量,成交额,收盘价,VWAP,溢价率
2021-01-04,513220.SH,招商中证全球中国互联网ETF(QDII),20220715,中证全球中国互联网指数,中证全球中国互联网指数(人民币)收益率,招商基金管理有限公司,中国建设银行股份有限公司,跨境型ETF,,930796.CSI,,,,,,
2021-01-05,513220.SH,招商中证全球中国互联网ETF(QDII),20220715,中证全球中国互联网指数,中证全球中国互联网指数(人民币)收益率,招商基金管理有限公司,中国建设银行股份有限公司,跨境型ETF,,930796.CSI,,,,,,
2021-01-06,513220.SH,招商中证全球中国互联网ETF(QDII),20220715,中证全球中国互联网指数,中证全球中国互联网指数(人民币)收益率,招商基金管理有限公司,中国建设银行股份有限公司,跨境型ETF,,930796.CSI,,,,,,
2021-01-07,513220.SH,招商中证全球中国互联网ETF(QDII),20220715,中证全球中国互联网指数,中证全球中国互联网指数(人民币)收益率,招商基金管理有限公司,中国建设银行股份有限公司,跨境型ETF,,930796.CSI,,,,,,
2021-01-08,513220.SH,招商中证全球中国互联网ETF(QDII),20220715,中证全球中国互联网指数,中证全球中国互联网指数(人民币)收益率,招商基金管理有限公司,中国建设银行股份有限公司,跨境型ETF,,930796.CSI,,,,,,
2021-01-11,513220.SH,招商中证全球中国互联网ETF(QDII),20220715,中证全球中国互联网指数,中证全球中国互联网指数(人民币)收益率,招商基金管理有限公司,中国建设银行股份有限公司,跨境型ETF,,930796.CSI,,,,,,
2021-01-12,513220.SH,招商中证全球中国互联网ETF(QDII),20220715,中证全球中国互联网指数,中证全球中国互联网指数(人民币)收益率,招商基金管理有限公司,中国建设银行股份有限公司,跨境型ETF,,930796.CSI,,,,,,
2021-01-13,513220.SH,招商中证全球中国互联网ETF(QDII),20220715,中证全球中国互联网指数,中证全球中国互联网指数(人民币)收益率,招商基金管理有限公司,中国建设银行股份有限公司,跨境型ETF,,930796.CSI,,,,,,
2021-01-14,513220.SH,招商中证全球中国互联网ETF(QDII),20220715,中证全球中国互联网指数,中证全球中国互联网指数(人民币)收益率,招商基金管理有限公司,中国建设银行股份有限公司,跨境型ETF,,930796.CSI,,,,,,
2021-01-15,513220.SH,招商中证全球中国互联网ETF(QDII),20220715,中证全球中国互联网指数,中证全球中国互联网指数(人民币)收益率,招商基金管理有限公司,中国建设银行股份有限公司,跨境型ETF,,930796.CSI,,,,,,
2021-01-18,513220.SH,招商中证全球中国互联网ETF(QDII),20220715,中证全球中国互联网指数,中证全球中国互联网指数(人民币)收益率,招商基金管理有限公司,中国建设银行股份有限公司,跨境型ETF,,930796.CSI,,,,,,
2021-01-19,513220.SH,招商中证全球中国互联网ETF(QDII),20220715,中证全球中国互联网指数,中证全球中国互联网指数(人民币)收益率,招商基金管理有限公司,中国建设银行股份有限公司,跨境型ETF,,930796.CSI,,,,,,
2021-01-20,513220.SH,招商中证全球中国互联网ETF(QDII),20220715,中证全球中国互联网指数,中证全球中国互联网指数(人民币)收益率,招商基金管理有限公司,中国建设银行股份有限公司,跨境型ETF,,930796.CSI,,,,,,
2021-01-21,513220.SH,招商中证全球中国互联网ETF(QDII),20220715,中证全球中国互联网指数,中证全球中国互联网指数(人民币)收益率,招商基金管理有限公司,中国建设银行股份有限公司,跨境型ETF,,930796.CSI,,,,,,
2021-01-22,513220.SH,招商中证全球中国互联网ETF(QDII),20220715,中证全球中国互联网指数,中证全球中国互联网指数(人民币)收益率,招商基金管理有限公司,中国建设银行股份有限公司,跨境型ETF,,930796.CSI,,,,,,
2021-01-25,513220.SH,招商中证全球中国互联网ETF(QDII),20220715,中证全球中国互联网指数,中证全球中国互联网指数(人民币)收益率,招商基金管理有限公司,中国建设银行股份有限公司,跨境型ETF,,930796.CSI,,,,,,
2021-01-26,513220.SH,招商中证全球中国互联网ETF(QDII),20220715,中证全球中国互联网指数,中证全球中国互联网指数(人民币)收益率,招商基金管理有限公司,中国建设银行股份有限公司,跨境型ETF,,930796.CSI,,,,,,
2021-01-27,513220.SH,招商中证全球中国互联网ETF(QDII),20220715,中证全球中国互联网指数,中证全球中国互联网指数(人民币)收益率,招商基金管理有限公司,中国建设银行股份有限公司,跨境型ETF,,930796.CSI,,,,,,
2021-01-28,513220.SH,招商中证全球中国互联网ETF(QDII),20220715,中证全球中国互联网指数,中证全球中国互联网指数(人民币)收益率,招商基金管理有限公司,中国建设银行股份有限公司,跨境型ETF,,930796.CSI,,,,,,
2021-01-29,513220.SH,招商中证全球中国互联网ETF(QDII),20220715,中证全球中国互联网指数,中证全球中国互联网指数(人民币)收益率,招商基金管理有限公司,中国建设银行股份有限公司,跨境型ETF,,930796.CSI,,,,,,
2021-02-01,513220.SH,招商中证全球中国互联网ETF(QDII),20220715,中证全球中国互联网指数,中证全球中国互联网指数(人民币)收益率,招商基金管理有限公司,中国建设银行股份有限公司,跨境型ETF,,930796.CSI,,,,,,
2021-02-02,513220.SH,招商中证全球中国互联网ETF(QDII),20220715,中证全球中国互联网指数,中证全球中国互联网指数(人民币)收益率,招商基金管理有限公司,中国建设银行股份有限公司,跨境型ETF,,930796.CSI,,,,,,
2021-02-03,513220.SH,招商中证全球中国互联网ETF(QDII),20220715,中证全球中国互联网指数,中证全球中国互联网指数(人民币)收益率,招商基金管理有限公司,中国建设银行股份有限公司,跨境型ETF,,930796.CSI,,,,,,
2021-02-04,513220.SH,招商中证全球中国互联网ETF(QDII),20220715,中证全球中国互联网指数,中证全球中国互联网指数(人民币)收益率,招商基金管理有限公司,中国建设银行股份有限公司,跨境型ETF,,930796.CSI,,,,,,
2021-02-05,513220.SH,招商中证全球中国互联网ETF(QDII),20220715,中证全球中国互联网指数,中证全球中国互联网指数(人民币)收益率,招商基金管理有限公司,中国建设银行股份有限公司,跨境型ETF,,930796.CSI,,,,,,
2021-02-08,513220.SH,招商中证全球中国互联网ETF(QDII),20220715,中证全球中国互联网指数,中证全球中国互联网指数(人民币)收益率,招商基金管理有限公司,中国建设银行股份有限公司,跨境型ETF,,930796.CSI,,,,,,
2021-02-09,513220.SH,招商中证全球中国互联网ETF(QDII),20220715,中证全球中国互联网指数,中证全球中国互联网指数(人民币)收益率,招商基金管理有限公司,中国建设银行股份有限公司,跨境型ETF,,930796.CSI,,,,,,
2021-02-10,513220.SH,招商中证全球中国互联网ETF(QDII),20220715,中证全球中国互联网指数,中证全球中国互联网指数(人民币)收益率,招商基金管理有限公司,中国建设银行股份有限公司,跨境型ETF,,930796.CSI,,,,,,
2021-02-18,513220.SH,招商中证全球中国互联网ETF(QDII),20220715,中证全球中国互联网指数,中证全球中国互联网指数(人民币)收益率,招商基金管理有限公司,中国建设银行股份有限公司,跨境型ETF,,930796.CSI,,,,,,
2021-02-19,513220.SH,招商中证全球中国互联网ETF(QDII),20220715,中证全球中国互联网指数,中证全球中国互联网指数(人民币)收益率,招商基金管理有限公司,中国建设银行股份有限公司,跨境型ETF,,930796.CSI,,,,,,
2021-02-22,513220.SH,招商中证全球中国互联网ETF(QDII),20220715,中证全球中国互联网指数,中证全球中国互联网指数(人民币)收益率,招商基金管理有限公司,中国建设银行股份有限公司,跨境型ETF,,930796.CSI,,,,,,
2021-02-23,513220.SH,招商中证全球中国互联网ETF(QDII),20220715,中证全球中国互联网指数,中证全球中国互联网指数(人民币)收益率,招商基金管理有限公司,中国建设银行股份有限公司,跨境型ETF,,930796.CSI,,,,,,
2021-02-24,513220.SH,招商中证全球中国互联网ETF(QDII),20220715,中证全球中国互联网指数,中证全球中国互联网指数(人民币)收益率,招商基金管理有限公司,中国建设银行股份有限公司,跨境型ETF,,930796.CSI,,,,,,
2021-02-25,513220.SH,招商中证全球中国互联网ETF(QDII),20220715,中证全球中国互联网指数,中证全球中国互联网指数(人民币)收益率,招商基金管理有限公司,中国建设银行股份有限公司,跨境型ETF,,930796.CSI,,,,,,
2021-02-26,513220.SH,招商中证全球中国互联网ETF(QDII),20220715,中证全球中国互联网指数,中证全球中国互联网指数(人民币)收益率,招商基金管理有限公司,中国建设银行股份有限公司,跨境型ETF,,930796.CSI,,,,,,
2021-03-01,513220.SH,招商中证全球中国互联网ETF(QDII),20220715,中证全球中国互联网指数,中证全球中国互联网指数(人民币)收益率,招商基金管理有限公司,中国建设银行股份有限公司,跨境型ETF,,930796.CSI,,,,,,
2021-03-02,513220.SH,招商中证全球中国互联网ETF(QDII),20220715,中证全球中国互联网指数,中证全球中国互联网指数(人民币)收益率,招商基金管理有限公司,中国建设银行股份有限公司,跨境型ETF,,930796.CSI,,,,,,
2021-03-03,513220.SH,招商中证全球中国互联网ETF(QDII),20220715,中证全球中国互联网指数,中证全球中国互联网指数(人民币)收益率,招商基金管理有限公司,中国建设银行股份有限公司,跨境型ETF,,930796.CSI,,,,,,
2021-03-04,513220.SH,招商中证全球中国互联网ETF(QDII),20220715,中证全球中国互联网指数,中证全球中国互联网指数(人民币)收益率,招商基金管理有限公司,中国建设银行股份有限公司,跨境型ETF,,930796.CSI,,,,,,
2021-03-05,513220.SH,招商中证全球中国互联网ETF(QDII),20220715,中证全球中国互联网指数,中证全球中国互联网指数(人民币)收益率,招商基金管理有限公司,中国建设银行股份有限公司,跨境型ETF,,930796.CSI,,,,,,
2021-03-08,513220.SH,招商中证全球中国互联网ETF(QDII),20220715,中证全球中国互联网指数,中证全球中国互联网指数(人民币)收益率,招商基金管理有限公司,中国建设银行股份有限公司,跨境型ETF,,930796.CSI,,,,,,
2021-03-09,513220.SH,招商中证全球中国互联网ETF(QDII),20220715,中证全球中国互联网指数,中证全球中国互联网指数(人民币)收益率,招商基金管理有限公司,中国建设银行股份有限公司,跨境型ETF,,930796.CSI,,,,,,
2021-03-10,513220.SH,招商中证全球中国互联网ETF(QDII),20220715,中证全球中国互联网指数,中证全球中国互联网指数(人民币)收益率,招商基金管理有限公司,中国建设银行股份有限公司,跨境型ETF,,930796.CSI,,,,,,
2021-03-11,513220.SH,招商中证全球中国互联网ETF(QDII),20220715,中证全球中国互联网指数,中证全球中国互联网指数(人民币)收益率,招商基金管理有限公司,中国建设银行股份有限公司,跨境型ETF,,930796.CSI,,,,,,
2021-03-12,513220.SH,招商中证全球中国互联网ETF(QDII),20220715,中证全球中国互联网指数,中证全球中国互联网指数(人民币)收益率,招商基金管理有限公司,中国建设银行股份有限公司,跨境型ETF,,930796.CSI,,,,,,
2021-03-15,513220.SH,招商中证全球中国互联网ETF(QDII),20220715,中证全球中国互联网指数,中证全球中国互联网指数(人民币)收益率,招商基金管理有限公司,中国建设银行股份有限公司,跨境型ETF,,930796.CSI,,,,,,
2021-03-16,513220.SH,招商中证全球中国互联网ETF(QDII),20220715,中证全球中国互联网指数,中证全球中国互联网指数(人民币)收益率,招商基金管理有限公司,中国建设银行股份有限公司,跨境型ETF,,930796.CSI,,,,,,
2021-03-17,513220.SH,招商中证全球中国互联网ETF(QDII),20220715,中证全球中国互联网指数,中证全球中国互联网指数(人民币)收益率,招商基金管理有限公司,中国建设银行股份有限公司,跨境型ETF,,930796.CSI,,,,,,
2021-03-18,513220.SH,招商中证全球中国互联网ETF(QDII),20220715,中证全球中国互联网指数,中证全球中国互联网指数(人民币)收益率,招商基金管理有限公司,中国建设银行股份有限公司,跨境型ETF,,930796.CSI,,,,,,
2021-03-19,513220.SH,招商中证全球中国互联网ETF(QDII),20220715,中证全球中国互联网指数,中证全球中国互联网指数(人民币)收益率,招商基金管理有限公司,中国建设银行股份有限公司,跨境型ETF,,930796.CSI,,,,,,
2021-03-22,513220.SH,招商中证全球中国互联网ETF(QDII),20220715,中证全球中国互联网指数,中证全球中国互联网指数(人民币)收益率,招商基金管理有限公司,中国建设银行股份有限公司,跨境型ETF,,930796.CSI,,,,,,
2021-03-23,513220.SH,招商中证全球中国互联网ETF(QDII),20220715,中证全球中国互联网指数,中证全球中国互联网指数(人民币)收益率,招商基金管理有限公司,中国建设银行股份有限公司,跨境型ETF,,930796.CSI,,,,,,
2021-03-24,513220.SH,招商中证全球中国互联网ETF(QDII),20220715,中证全球中国互联网指数,中证全球中国互联网指数(人民币)收益率,招商基金管理有限公司,中国建设银行股份有限公司,跨境型ETF,,930796.CSI,,,,,,
2021-03-25,513220.SH,招商中证全球中国互联网ETF(QDII),20220715,中证全球中国互联网指数,中证全球中国互联网指数(人民币)收益率,招商基金管理有限公司,中国建设银行股份有限公司,跨境型ETF,,930796.CSI,,,,,,
2021-03-26,513220.SH,招商中证全球中国互联网ETF(QDII),20220715,中证全球中国互联网指数,中证全球中国互联网指数(人民币)收益率,招商基金管理有限公司,中国建设银行股份有限公司,跨境型ETF,,930796.CSI,,,,,,
2021-03-29,513220.SH,招商中证全球中国互联网ETF(QDII),20220715,中证全球中国互联网指数,中证全球中国互联网指数(人民币)收益率,招商基金管理有限公司,中国建设银行股份有限公司,跨境型ETF,,930796.CSI,,,,,,
2021-03-30,513220.SH,招商中证全球中国互联网ETF(QDII),20220715,中证全球中国互联网指数,中证全球中国互联网指数(人民币)收益率,招商基金管理有限公司,中国建设银行股份有限公司,跨境型ETF,,930796.CSI,,,,,,
2021-03-31,513220.SH,招商中证全球中国互联网ETF(QDII),20220715,中证全球中国互联网指数,中证全球中国互联网指数(人民币)收益率,招商基金管理有限公司,中国建设银行股份有限公司,跨境型ETF,,930796.CSI,,,,,,
2021-04-01,513220.SH,招商中证全球中国互联网ETF(QDII),20220715,中证全球中国互联网指数,中证全球中国互联网指数(人民币)收益率,招商基金管理有限公司,中国建设银行股份有限公司,跨境型ETF,,930796.CSI,,,,,,
2021-04-02,513220.SH,招商中证全球中国互联网ETF(QDII),20220715,中证全球中国互联网指数,中证全球中国互联网指数(人民币)收益率,招商基金管理有限公司,中国建设银行股份有限公司,跨境型ETF,,930796.CSI,,,,,,
2021-04-06,513220.SH,招商中证全球中国互联网ETF(QDII),20220715,中证全球中国互联网指数,中证全球中国互联网指数(人民币)收益率,招商基金管理有限公司,中国建设银行股份有限公司,跨境型ETF,,930796.CSI,,,,,,
2021-04-07,513220.SH,招商中证全球中国互联网ETF(QDII),20220715,中证全球中国互联网指数,中证全球中国互联网指数(人民币)收益率,招商基金管理有限公司,中国建设银行股份有限公司,跨境型ETF,,930796.CSI,,,,,,
2021-04-08,513220.SH,招商中证全球中国互联网ETF(QDII),20220715,中证全球中国互联网指数,中证全球中国互联网指数(人民币)收益率,招商基金管理有限公司,中国建设银行股份有限公司,跨境型ETF,,930796.CSI,,,,,,
2021-04-09,513220.SH,招商中证全球中国互联网ETF(QDII),20220715,中证全球中国互联网指数,中证全球中国互联网指数(人民币)收益率,招商基金管理有限公司,中国建设银行股份有限公司,跨境型ETF,,930796.CSI,,,,,,
2021-04-12,513220.SH,招商中证全球中国互联网ETF(QDII),20220715,中证全球中国互联网指数,中证全球中国互联网指数(人民币)收益率,招商基金管理有限公司,中国建设银行股份有限公司,跨境型ETF,,930796.CSI,,,,,,
2021-04-13,513220.SH,招商中证全球中国互联网ETF(QDII),20220715,中证全球中国互联网指数,中证全球中国互联网指数(人民币)收益率,招商基金管理有限公司,中国建设银行股份有限公司,跨境型ETF,,930796.CSI,,,,,,
2021-04-14,513220.SH,招商中证全球中国互联网ETF(QDII),20220715,中证全球中国互联网指数,中证全球中国互联网指数(人民币)收益率,招商基金管理有限公司,中国建设银行股份有限公司,跨境型ETF,,930796.CSI,,,,,,
2021-04-15,513220.SH,招商中证全球中国互联网ETF(QDII),20220715,中证全球中国互联网指数,中证全球中国互联网指数(人民币)收益率,招商基金管理有限公司,中国建设银行股份有限公司,跨境型ETF,,930796.CSI,,,,,,
2021-04-16,513220.SH,招商中证全球中国互联网ETF(QDII),20220715,中证全球中国互联网指数,中证全球中国互联网指数(人民币)收益率,招商基金管理有限公司,中国建设银行股份有限公司,跨境型ETF,,930796.CSI,,,,,,
2021-04-19,513220.SH,招商中证全球中国互联网ETF(QDII),20220715,中证全球中国互联网指数,中证全球中国互联网指数(人民币)收益率,招商基金管理有限公司,中国建设银行股份有限公司,跨境型ETF,,930796.CSI,,,,,,
2021-04-20,513220.SH,招商中证全球中国互联网ETF(QDII),20220715,中证全球中国互联网指数,中证全球中国互联网指数(人民币)收益率,招商基金管理有限公司,中国建设银行股份有限公司,跨境型ETF,,930796.CSI,,,,,,
2021-04-21,513220.SH,招商中证全球中国互联网ETF(QDII),20220715,中证全球中国互联网指数,中证全球中国互联网指数(人民币)收益率,招商基金管理有限公司,中国建设银行股份有限公司,跨境型ETF,,930796.CSI,,,,,,
2021-04-22,513220.SH,招商中证全球中国互联网ETF(QDII),20220715,中证全球中国互联网指数,中证全球中国互联网指数(人民币)收益率,招商基金管理有限公司,中国建设银行股份有限公司,跨境型ETF,,930796.CSI,,,,,,
2021-04-23,513220.SH,招商中证全球中国互联网ETF(QDII),20220715,中证全球中国互联网指数,中证全球中国互联网指数(人民币)收益率,招商基金管理有限公司,中国建设银行股份有限公司,跨境型ETF,,930796.CSI,,,,,,
2021-04-26,513220.SH,招商中证全球中国互联网ETF(QDII),20220715,中证全球中国互联网指数,中证全球中国互联网指数(人民币)收益率,招商基金管理有限公司,中国建设银行股份有限公司,跨境型ETF,,930796.CSI,,,,,,
2021-04-27,513220.SH,招商中证全球中国互联网ETF(QDII),20220715,中证全球中国互联网指数,中证全球中国互联网指数(人民币)收益率,招商基金管理有限公司,中国建设银行股份有限公司,跨境型ETF,,930796.CSI,,,,,,
2021-04-28,513220.SH,招商中证全球中国互联网ETF(QDII),20220715,中证全球中国互联网指数,中证全球中国互联网指数(人民币)收益率,招商基金管理有限公司,中国建设银行股份有限公司,跨境型ETF,,930796.CSI,,,,,,
2021-04-29,513220.SH,招商中证全球中国互联网ETF(QDII),20220715,中证全球中国互联网指数,中证全球中国互联网指数(人民币)收益率,招商基金管理有限公司,中国建设银行股份有限公司,跨境型ETF,,930796.CSI,,,,,,
2021-04-30,513220.SH,招商中证全球中国互联网ETF(QDII),20220715,中证全球中国互联网指数,中证全球中国互联网指数(人民币)收益率,招商基金管理有限公司,中国建设银行股份有限公司,跨境型ETF,,930796.CSI,,,,,,
2021-05-06,513220.SH,招商中证全球中国互联网ETF(QDII),20220715,中证全球中国互联网指数,中证全球中国互联网指数(人民币)收益率,招商基金管理有限公司,中国建设银行股份有限公司,跨境型ETF,,930796.CSI,,,,,,
2021-05-07,513220.SH,招商中证全球中国互联网ETF(QDII),20220715,中证全球中国互联网指数,中证全球中国互联网指数(人民币)收益率,招商基金管理有限公司,中国建设银行股份有限公司,跨境型ETF,,930796.CSI,,,,,,
2021-05-10,513220.SH,招商中证全球中国互联网ETF(QDII),20220715,中证全球中国互联网指数,中证全球中国互联网指数(人民币)收益率,招商基金管理有限公司,中国建设银行股份有限公司,跨境型ETF,,930796.CSI,,,,,,
2021-05-11,513220.SH,招商中证全球中国互联网ETF(QDII),20220715,中证全球中国互联网指数,中证全球中国互联网指数(人民币)收益率,招商基金管理有限公司,中国建设银行股份有限公司,跨境型ETF,,930796.CSI,,,,,,
2021-05-12,513220.SH,招商中证全球中国互联网ETF(QDII),20220715,中证全球中国互联网指数,中证全球中国互联网指数(人民币)收益率,招商基金管理有限公司,中国建设银行股份有限公司,跨境型ETF,,930796.CSI,,,,,,
2021-05-13,513220.SH,招商中证全球中国互联网ETF(QDII),20220715,中证全球中国互联网指数,中证全球中国互联网指数(人民币)收益率,招商基金管理有限公司,中国建设银行股份有限公司,跨境型ETF,,930796.CSI,,,,,,
2021-05-14,513220.SH,招商中证全球中国互联网ETF(QDII),20220715,中证全球中国互联网指数,中证全球中国互联网指数(人民币)收益率,招商基金管理有限公司,中国建设银行股份有限公司,跨境型ETF,,930796.CSI,,,,,,
2021-05-17,513220.SH,招商中证全球中国互联网ETF(QDII),20220715,中证全球中国互联网指数,中证全球中国互联网指数(人民币)收益率,招商基金管理有限公司,中国建设银行股份有限公司,跨境型ETF,,930796.CSI,,,,,,
2021-05-18,513220.SH,招商中证全球中国互联网ETF(QDII),20220715,中证全球中国互联网指数,中证全球中国互联网指数(人民币)收益率,招商基金管理有限公司,中国建设银行股份有限公司,跨境型ETF,,930796.CSI,,,,,,
2021-05-19,513220.SH,招商中证全球中国互联网ETF(QDII),20220715,中证全球中国互联网指数,中证全球中国互联网指数(人民币)收益率,招商基金管理有限公司,中国建设银行股份有限公司,跨境型ETF,,930796.CSI,,,,,,
2021-05-20,513220.SH,招商中证全球中国互联网ETF(QDII),20220715,中证全球中国互联网指数,中证全球中国互联网指数(人民币)收益率,招商基金管理有限公司,中国建设银行股份有限公司,跨境型ETF,,930796.CSI,,,,,,
2021-05-21,513220.SH,招商中证全球中国互联网ETF(QDII),20220715,中证全球中国互联网指数,中证全球中国互联网指数(人民币)收益率,招商基金管理有限公司,中国建设银行股份有限公司,跨境型ETF,,930796.CSI,,,,,,
2021-05-24,513220.SH,招商中证全球中国互联网ETF(QDII),20220715,中证全球中国互联网指数,中证全球中国互联网指数(人民币)收益率,招商基金管理有限公司,中国建设银行股份有限公司,跨境型ETF,,930796.CSI,,,,,,
2021-05-25,513220.SH,招商中证全球中国互联网ETF(QDII),20220715,中证全球中国互联网指数,中证全球中国互联网指数(人民币)收益率,招商基金管理有限公司,中国建设银行股份有限公司,跨境型ETF,,930796.CSI,,,,,,
2021-05-26,513220.SH,招商中证全球中国互联网ETF(QDII),20220715,中证全球中国互联网指数,中证全球中国互联网指数(人民币)收益率,招商基金管理有限公司,中国建设银行股份有限公司,跨境型ETF,,930796.CSI,,,,,,
2021-05-27,513220.SH,招商中证全球中国互联网ETF(QDII),20220715,中证全球中国互联网指数,中证全球中国互联网指数(人民币)收益率,招商基金管理有限公司,中国建设银行股份有限公司,跨境型ETF,,930796.CSI,,,,,,
2021-05-28,513220.SH,招商中证全球中国互联网ETF(QDII),20220715,中证全球中国互联网指数,中证全球中国互联网指数(人民币)收益率,招商基金管理有限公司,中国建设银行股份有限公司,跨境型ETF,,930796.CSI,,,,,,
2021-05-31,513220.SH,招商中证全球中国互联网ETF(QDII),20220715,中证全球中国互联网指数,中证全球中国互联网指数(人民币)收益率,招商基金管理有限公司,中国建设银行股份有限公司,跨境型ETF,,930796.CSI,,,,,,
2021-06-01,513220.SH,招商中证全球中国互联网ETF(QDII),20220715,中证全球中国互联网指数,中证全球中国互联网指数(人民币)收益率,招商基金管理有限公司,中国建设银行股份有限公司,跨境型ETF,,930796.CSI,,,,,,
2021-06-02,513220.SH,招商中证全球中国互联网ETF(QDII),20220715,中证全球中国互联网指数,中证全球中国互联网指数(人民币)收益率,招商基金管理有限公司,中国建设银行股份有限公司,跨境型ETF,,930796.CSI,,,,,,
2021-06-03,513220.SH,招商中证全球中国互联网ETF(QDII),20220715,中证全球中国互联网指数,中证全球中国互联网指数(人民币)收益率,招商基金管理有限公司,中国建设银行股份有限公司,跨境型ETF,,930796.CSI,,,,,,
2021-06-04,513220.SH,招商中证全球中国互联网ETF(QDII),20220715,中证全球中国互联网指数,中证全球中国互联网指数(人民币)收益率,招商基金管理有限公司,中国建设银行股份有限公司,跨境型ETF,,930796.CSI,,,,,,
2021-06-07,513220.SH,招商中证全球中国互联网ETF(QDII),20220715,中证全球中国互联网指数,中证全球中国互联网指数(人民币)收益率,招商基金管理有限公司,中国建设银行股份有限公司,跨境型ETF,,930796.CSI,,,,,,
2021-06-08,513220.SH,招商中证全球中国互联网ETF(QDII),20220715,中证全球中国互联网指数,中证全球中国互联网指数(人民币)收益率,招商基金管理有限公司,中国建设银行股份有限公司,跨境型ETF,,930796.CSI,,,,,,
2021-06-09,513220.SH,招商中证全球中国互联网ETF(QDII),20220715,中证全球中国互联网指数,中证全球中国互联网指数(人民币)收益率,招商基金管理有限公司,中国建设银行股份有限公司,跨境型ETF,,930796.CSI,,,,,,
2021-06-10,513220.SH,招商中证全球中国互联网ETF(QDII),20220715,中证全球中国互联网指数,中证全球中国互联网指数(人民币)收益率,招商基金管理有限公司,中国建设银行股份有限公司,跨境型ETF,,930796.CSI,,,,,,
2021-06-11,513220.SH,招商中证全球中国互联网ETF(QDII),20220715,中证全球中国互联网指数,中证全球中国互联网指数(人民币)收益率,招商基金管理有限公司,中国建设银行股份有限公司,跨境型ETF,,930796.CSI,,,,,,
2021-06-15,513220.SH,招商中证全球中国互联网ETF(QDII),20220715,中证全球中国互联网指数,中证全球中国互联网指数(人民币)收益率,招商基金管理有限公司,中国建设银行股份有限公司,跨境型ETF,,930796.CSI,,,,,,
2021-06-16,513220.SH,招商中证全球中国互联网ETF(QDII),20220715,中证全球中国互联网指数,中证全球中国互联网指数(人民币)收益率,招商基金管理有限公司,中国建设银行股份有限公司,跨境型ETF,,930796.CSI,,,,,,
2021-06-17,513220.SH,招商中证全球中国互联网ETF(QDII),20220715,中证全球中国互联网指数,中证全球中国互联网指数(人民币)收益率,招商基金管理有限公司,中国建设银行股份有限公司,跨境型ETF,,930796.CSI,,,,,,
2021-06-18,513220.SH,招商中证全球中国互联网ETF(QDII),20220715,中证全球中国互联网指数,中证全球中国互联网指数(人民币)收益率,招商基金管理有限公司,中国建设银行股份有限公司,跨境型ETF,,930796.CSI,,,,,,
2021-06-21,513220.SH,招商中证全球中国互联网ETF(QDII),20220715,中证全球中国互联网指数,中证全球中国互联网指数(人民币)收益率,招商基金管理有限公司,中国建设银行股份有限公司,跨境型ETF,,930796.CSI,,,,,,
2021-06-22,513220.SH,招商中证全球中国互联网ETF(QDII),20220715,中证全球中国互联网指数,中证全球中国互联网指数(人民币)收益率,招商基金管理有限公司,中国建设银行股份有限公司,跨境型ETF,,930796.CSI,,,,,,
2021-06-23,513220.SH,招商中证全球中国互联网ETF(QDII),20220715,中证全球中国互联网指数,中证全球中国互联网指数(人民币)收益率,招商基金管理有限公司,中国建设银行股份有限公司,跨境型ETF,,930796.CSI,,,,,,
2021-06-24,513220.SH,招商中证全球中国互联网ETF(QDII),20220715,中证全球中国互联网指数,中证全球中国互联网指数(人民币)收益率,招商基金管理有限公司,中国建设银行股份有限公司,跨境型ETF,,930796.CSI,,,,,,
2021-06-25,513220.SH,招商中证全球中国互联网ETF(QDII),20220715,中证全球中国互联网指数,中证全球中国互联网指数(人民币)收益率,招商基金管理有限公司,中国建设银行股份有限公司,跨境型ETF,,930796.CSI,,,,,,
2021-06-28,513220.SH,招商中证全球中国互联网ETF(QDII),20220715,中证全球中国互联网指数,中证全球中国互联网指数(人民币)收益率,招商基金管理有限公司,中国建设银行股份有限公司,跨境型ETF,,930796.CSI,,,,,,
2021-06-29,513220.SH,招商中证全球中国互联网ETF(QDII),20220715,中证全球中国互联网指数,中证全球中国互联网指数(人民币)收益率,招商基金管理有限公司,中国建设银行股份有限公司,跨境型ETF,,930796.CSI,,,,,,
2021-06-30,513220.SH,招商中证全球中国互联网ETF(QDII),20220715,中证全球中国互联网指数,中证全球中国互联网指数(人民币)收益率,招商基金管理有限公司,中国建设银行股份有限公司,跨境型ETF,,930796.CSI,,,,,,
2021-07-01,513220.SH,招商中证全球中国互联网ETF(QDII),20220715,中证全球中国互联网指数,中证全球中国互联网指数(人民币)收益率,招商基金管理有限公司,中国建设银行股份有限公司,跨境型ETF,,930796.CSI,,,,,,
2021-07-02,513220.SH,招商中证全球中国互联网ETF(QDII),20220715,中证全球中国互联网指数,中证全球中国互联网指数(人民币)收益率,招商基金管理有限公司,中国建设银行股份有限公司,跨境型ETF,,930796.CSI,,,,,,
2021-07-05,513220.SH,招商中证全球中国互联网ETF(QDII),20220715,中证全球中国互联网指数,中证全球中国互联网指数(人民币)收益率,招商基金管理有限公司,中国建设银行股份有限公司,跨境型ETF,,930796.CSI,,,,,,
2021-07-06,513220.SH,招商中证全球中国互联网ETF(QDII),20220715,中证全球中国互联网指数,中证全球中国互联网指数(人民币)收益率,招商基金管理有限公司,中国建设银行股份有限公司,跨境型ETF,,930796.CSI,,,,,,
2021-07-07,513220.SH,招商中证全球中国互联网ETF(QDII),20220715,中证全球中国互联网指数,中证全球中国互联网指数(人民币)收益率,招商基金管理有限公司,中国建设银行股份有限公司,跨境型ETF,,930796.CSI,,,,,,
2021-07-08,513220.SH,招商中证全球中国互联网ETF(QDII),20220715,中证全球中国互联网指数,中证全球中国互联网指数(人民币)收益率,招商基金管理有限公司,中国建设银行股份有限公司,跨境型ETF,,930796.CSI,,,,,,
2021-07-09,513220.SH,招商中证全球中国互联网ETF(QDII),20220715,中证全球中国互联网指数,中证全球中国互联网指数(人民币)收益率,招商基金管理有限公司,中国建设银行股份有限公司,跨境型ETF,,930796.CSI,,,,,,
2021-07-12,513220.SH,招商中证全球中国互联网ETF(QDII),20220715,中证全球中国互联网指数,中证全球中国互联网指数(人民币)收益率,招商基金管理有限公司,中国建设银行股份有限公司,跨境型ETF,,930796.CSI,,,,,,
2021-07-13,513220.SH,招商中证全球中国互联网ETF(QDII),20220715,中证全球中国互联网指数,中证全球中国互联网指数(人民币)收益率,招商基金管理有限公司,中国建设银行股份有限公司,跨境型ETF,,930796.CSI,,,,,,
2021-07-14,513220.SH,招商中证全球中国互联网ETF(QDII),20220715,中证全球中国互联网指数,中证全球中国互联网指数(人民币)收益率,招商基金管理有限公司,中国建设银行股份有限公司,跨境型ETF,,930796.CSI,,,,,,
2021-07-15,513220.SH,招商中证全球中国互联网ETF(QDII),20220715,中证全球中国互联网指数,中证全球中国互联网指数(人民币)收益率,招商基金管理有限公司,中国建设银行股份有限公司,跨境型ETF,,930796.CSI,,,,,,
2021-07-16,513220.SH,招商中证全球中国互联网ETF(QDII),20220715,中证全球中国互联网指数,中证全球中国互联网指数(人民币)收益率,招商基金管理有限公司,中国建设银行股份有限公司,跨境型ETF,,930796.CSI,,,,,,
2021-07-19,513220.SH,招商中证全球中国互联网ETF(QDII),20220715,中证全球中国互联网指数,中证全球中国互联网指数(人民币)收益率,招商基金管理有限公司,中国建设银行股份有限公司,跨境型ETF,,930796.CSI,,,,,,
2021-07-20,513220.SH,招商中证全球中国互联网ETF(QDII),20220715,中证全球中国互联网指数,中证全球中国互联网指数(人民币)收益率,招商基金管理有限公司,中国建设银行股份有限公司,跨境型ETF,,930796.CSI,,,,,,
2021-07-21,513220.SH,招商中证全球中国互联网ETF(QDII),20220715,中证全球中国互联网指数,中证全球中国互联网指数(人民币)收益率,招商基金管理有限公司,中国建设银行股份有限公司,跨境型ETF,,930796.CSI,,,,,,
2021-07-22,513220.SH,招商中证全球中国互联网ETF(QDII),20220715,中证全球中国互联网指数,中证全球中国互联网指数(人民币)收益率,招商基金管理有限公司,中国建设银行股份有限公司,跨境型ETF,,930796.CSI,,,,,,
2021-07-23,513220.SH,招商中证全球中国互联网ETF(QDII),20220715,中证全球中国互联网指数,中证全球中国互联网指数(人民币)收益率,招商基金管理有限公司,中国建设银行股份有限公司,跨境型ETF,,930796.CSI,,,,,,
2021-07-26,513220.SH,招商中证全球中国互联网ETF(QDII),20220715,中证全球中国互联网指数,中证全球中国互联网指数(人民币)收益率,招商基金管理有限公司,中国建设银行股份有限公司,跨境型ETF,,930796.CSI,,,,,,
2021-07-27,513220.SH,招商中证全球中国互联网ETF(QDII),20220715,中证全球中国互联网指数,中证全球中国互联网指数(人民币)收益率,招商基金管理有限公司,中国建设银行股份有限公司,跨境型ETF,,930796.CSI,,,,,,
2021-07-28,513220.SH,招商中证全球中国互联网ETF(QDII),20220715,中证全球中国互联网指数,中证全球中国互联网指数(人民币)收益率,招商基金管理有限公司,中国建设银行股份有限公司,跨境型ETF,,930796.CSI,,,,,,
2021-07-29,513220.SH,招商中证全球中国互联网ETF(QDII),20220715,中证全球中国互联网指数,中证全球中国互联网指数(人民币)收益率,招商基金管理有限公司,中国建设银行股份有限公司,跨境型ETF,,930796.CSI,,,,,,
2021-07-30,513220.SH,招商中证全球中国互联网ETF(QDII),20220715,中证全球中国互联网指数,中证全球中国互联网指数(人民币)收益率,招商基金管理有限公司,中国建设银行股份有限公司,跨境型ETF,,930796.CSI,,,,,,
2021-08-02,513220.SH,招商中证全球中国互联网ETF(QDII),20220715,中证全球中国互联网指数,中证全球中国互联网指数(人民币)收益率,招商基金管理有限公司,中国建设银行股份有限公司,跨境型ETF,,930796.CSI,,,,,,
2021-08-03,513220.SH,招商中证全球中国互联网ETF(QDII),20220715,中证全球中国互联网指数,中证全球中国互联网指数(人民币)收益率,招商基金管理有限公司,中国建设银行股份有限公司,跨境型ETF,,930796.CSI,,,,,,
2021-08-04,513220.SH,招商中证全球中国互联网ETF(QDII),20220715,中证全球中国互联网指数,中证全球中国互联网指数(人民币)收益率,招商基金管理有限公司,中国建设银行股份有限公司,跨境型ETF,,930796.CSI,,,,,,
2021-08-05,513220.SH,招商中证全球中国互联网ETF(QDII),20220715,中证全球中国互联网指数,中证全球中国互联网指数(人民币)收益率,招商基金管理有限公司,中国建设银行股份有限公司,跨境型ETF,,930796.CSI,,,,,,
2021-08-06,513220.SH,招商中证全球中国互联网ETF(QDII),20220715,中证全球中国互联网指数,中证全球中国互联网指数(人民币)收益率,招商基金管理有限公司,中国建设银行股份有限公司,跨境型ETF,,930796.CSI,,,,,,
2021-08-09,513220.SH,招商中证全球中国互联网ETF(QDII),20220715,中证全球中国互联网指数,中证全球中国互联网指数(人民币)收益率,招商基金管理有限公司,中国建设银行股份有限公司,跨境型ETF,,930796.CSI,,,,,,
2021-08-10,513220.SH,招商中证全球中国互联网ETF(QDII),20220715,中证全球中国互联网指数,中证全球中国互联网指数(人民币)收益率,招商基金管理有限公司,中国建设银行股份有限公司,跨境型ETF,,930796.CSI,,,,,,
2021-08-11,513220.SH,招商中证全球中国互联网ETF(QDII),20220715,中证全球中国互联网指数,中证全球中国互联网指数(人民币)收益率,招商基金管理有限公司,中国建设银行股份有限公司,跨境型ETF,,930796.CSI,,,,,,
2021-08-12,513220.SH,招商中证全球中国互联网ETF(QDII),20220715,中证全球中国互联网指数,中证全球中国互联网指数(人民币)收益率,招商基金管理有限公司,中国建设银行股份有限公司,跨境型ETF,,930796.CSI,,,,,,
2021-08-13,513220.SH,招商中证全球中国互联网ETF(QDII),20220715,中证全球中国互联网指数,中证全球中国互联网指数(人民币)收益率,招商基金管理有限公司,中国建设银行股份有限公司,跨境型ETF,,930796.CSI,,,,,,
2021-08-16,513220.SH,招商中证全球中国互联网ETF(QDII),20220715,中证全球中国互联网指数,中证全球中国互联网指数(人民币)收益率,招商基金管理有限公司,中国建设银行股份有限公司,跨境型ETF,,930796.CSI,,,,,,
2021-08-17,513220.SH,招商中证全球中国互联网ETF(QDII),20220715,中证全球中国互联网指数,中证全球中国互联网指数(人民币)收益率,招商基金管理有限公司,中国建设银行股份有限公司,跨境型ETF,,930796.CSI,,,,,,
2021-08-18,513220.SH,招商中证全球中国互联网ETF(QDII),20220715,中证全球中国互联网指数,中证全球中国互联网指数(人民币)收益率,招商基金管理有限公司,中国建设银行股份有限公司,跨境型ETF,,930796.CSI,,,,,,
2021-08-19,513220.SH,招商中证全球中国互联网ETF(QDII),20220715,中证全球中国互联网指数,中证全球中国互联网指数(人民币)收益率,招商基金管理有限公司,中国建设银行股份有限公司,跨境型ETF,,930796.CSI,,,,,,
2021-08-20,513220.SH,招商中证全球中国互联网ETF(QDII),20220715,中证全球中国互联网指数,中证全球中国互联网指数(人民币)收益率,招商基金管理有限公司,中国建设银行股份有限公司,跨境型ETF,,930796.CSI,,,,,,
2021-08-23,513220.SH,招商中证全球中国互联网ETF(QDII),20220715,中证全球中国互联网指数,中证全球中国互联网指数(人民币)收益率,招商基金管理有限公司,中国建设银行股份有限公司,跨境型ETF,,930796.CSI,,,,,,
2021-08-24,513220.SH,招商中证全球中国互联网ETF(QDII),20220715,中证全球中国互联网指数,中证全球中国互联网指数(人民币)收益率,招商基金管理有限公司,中国建设银行股份有限公司,跨境型ETF,,930796.CSI,,,,,,
2021-08-25,513220.SH,招商中证全球中国互联网ETF(QDII),20220715,中证全球中国互联网指数,中证全球中国互联网指数(人民币)收益率,招商基金管理有限公司,中国建设银行股份有限公司,跨境型ETF,,930796.CSI,,,,,,
2021-08-26,513220.SH,招商中证全球中国互联网ETF(QDII),20220715,中证全球中国互联网指数,中证全球中国互联网指数(人民币)收益率,招商基金管理有限公司,中国建设银行股份有限公司,跨境型ETF,,930796.CSI,,,,,,
2021-08-27,513220.SH,招商中证全球中国互联网ETF(QDII),20220715,中证全球中国互联网指数,中证全球中国互联网指数(人民币)收益率,招商基金管理有限公司,中国建设银行股份有限公司,跨境型ETF,,930796.CSI,,,,,,
2021-08-30,513220.SH,招商中证全球中国互联网ETF(QDII),20220715,中证全球中国互联网指数,中证全球中国互联网指数(人民币)收益率,招商基金管理有限公司,中国建设银行股份有限公司,跨境型ETF,,930796.CSI,,,,,,
2021-08-31,513220.SH,招商中证全球中国互联网ETF(QDII),20220715,中证全球中国互联网指数,中证全球中国互联网指数(人民币)收益率,招商基金管理有限公司,中国建设银行股份有限公司,跨境型ETF,,930796.CSI,,,,,,
2021-09-01,513220.SH,招商中证全球中国互联网ETF(QDII),20220715,中证全球中国互联网指数,中证全球中国互联网指数(人民币)收益率,招商基金管理有限公司,中国建设银行股份有限公司,跨境型ETF,,930796.CSI,,,,,,
2021-09-02,513220.SH,招商中证全球中国互联网ETF(QDII),20220715,中证全球中国互联网指数,中证全球中国互联网指数(人民币)收益率,招商基金管理有限公司,中国建设银行股份有限公司,跨境型ETF,,930796.CSI,,,,,,
2021-09-03,513220.SH,招商中证全球中国互联网ETF(QDII),20220715,中证全球中国互联网指数,中证全球中国互联网指数(人民币)收益率,招商基金管理有限公司,中国建设银行股份有限公司,跨境型ETF,,930796.CSI,,,,,,
2021-09-06,513220.SH,招商中证全球中国互联网ETF(QDII),20220715,中证全球中国互联网指数,中证全球中国互联网指数(人民币)收益率,招商基金管理有限公司,中国建设银行股份有限公司,跨境型ETF,,930796.CSI,,,,,,
2021-09-07,513220.SH,招商中证全球中国互联网ETF(QDII),20220715,中证全球中国互联网指数,中证全球中国互联网指数(人民币)收益率,招商基金管理有限公司,中国建设银行股份有限公司,跨境型ETF,,930796.CSI,,,,,,
2021-09-08,513220.SH,招商中证全球中国互联网ETF(QDII),20220715,中证全球中国互联网指数,中证全球中国互联网指数(人民币)收益率,招商基金管理有限公司,中国建设银行股份有限公司,跨境型ETF,,930796.CSI,,,,,,
2021-09-09,513220.SH,招商中证全球中国互联网ETF(QDII),20220715,中证全球中国互联网指数,中证全球中国互联网指数(人民币)收益率,招商基金管理有限公司,中国建设银行股份有限公司,跨境型ETF,,930796.CSI,,,,,,
2021-09-10,513220.SH,招商中证全球中国互联网ETF(QDII),20220715,中证全球中国互联网指数,中证全球中国互联网指数(人民币)收益率,招商基金管理有限公司,中国建设银行股份有限公司,跨境型ETF,,930796.CSI,,,,,,
2021-09-13,513220.SH,招商中证全球中国互联网ETF(QDII),20220715,中证全球中国互联网指数,中证全球中国互联网指数(人民币)收益率,招商基金管理有限公司,中国建设银行股份有限公司,跨境型ETF,,930796.CSI,,,,,,
2021-09-14,513220.SH,招商中证全球中国互联网ETF(QDII),20220715,中证全球中国互联网指数,中证全球中国互联网指数(人民币)收益率,招商基金管理有限公司,中国建设银行股份有限公司,跨境型ETF,,930796.CSI,,,,,,
2021-09-15,513220.SH,招商中证全球中国互联网ETF(QDII),20220715,中证全球中国互联网指数,中证全球中国互联网指数(人民币)收益率,招商基金管理有限公司,中国建设银行股份有限公司,跨境型ETF,,930796.CSI,,,,,,
2021-09-16,513220.SH,招商中证全球中国互联网ETF(QDII),20220715,中证全球中国互联网指数,中证全球中国互联网指数(人民币)收益率,招商基金管理有限公司,中国建设银行股份有限公司,跨境型ETF,,930796.CSI,,,,,,
2021-09-17,513220.SH,招商中证全球中国互联网ETF(QDII),20220715,中证全球中国互联网指数,中证全球中国互联网指数(人民币)收益率,招商基金管理有限公司,中国建设银行股份有限公司,跨境型ETF,,930796.CSI,,,,,,
2021-09-22,513220.SH,招商中证全球中国互联网ETF(QDII),20220715,中证全球中国互联网指数,中证全球中国互联网指数(人民币)收益率,招商基金管理有限公司,中国建设银行股份有限公司,跨境型ETF,,930796.CSI,,,,,,
2021-09-23,513220.SH,招商中证全球中国互联网ETF(QDII),20220715,中证全球中国互联网指数,中证全球中国互联网指数(人民币)收益率,招商基金管理有限公司,中国建设银行股份有限公司,跨境型ETF,,930796.CSI,,,,,,
2021-09-24,513220.SH,招商中证全球中国互联网ETF(QDII),20220715,中证全球中国互联网指数,中证全球中国互联网指数(人民币)收益率,招商基金管理有限公司,中国建设银行股份有限公司,跨境型ETF,,930796.CSI,,,,,,
2021-09-27,513220.SH,招商中证全球中国互联网ETF(QDII),20220715,中证全球中国互联网指数,中证全球中国互联网指数(人民币)收益率,招商基金管理有限公司,中国建设银行股份有限公司,跨境型ETF,,930796.CSI,,,,,,
2021-09-28,513220.SH,招商中证全球中国互联网ETF(QDII),20220715,中证全球中国互联网指数,中证全球中国互联网指数(人民币)收益率,招商基金管理有限公司,中国建设银行股份有限公司,跨境型ETF,,930796.CSI,,,,,,
2021-09-29,513220.SH,招商中证全球中国互联网ETF(QDII),20220715,中证全球中国互联网指数,中证全球中国互联网指数(人民币)收益率,招商基金管理有限公司,中国建设银行股份有限公司,跨境型ETF,,930796.CSI,,,,,,
2021-09-30,513220.SH,招商中证全球中国互联网ETF(QDII),20220715,中证全球中国互联网指数,中证全球中国互联网指数(人民币)收益率,招商基金管理有限公司,中国建设银行股份有限公司,跨境型ETF,,930796.CSI,,,,,,
2021-10-08,513220.SH,招商中证全球中国互联网ETF(QDII),20220715,中证全球中国互联网指数,中证全球中国互联网指数(人民币)收益率,招商基金管理有限公司,中国建设银行股份有限公司,跨境型ETF,,930796.CSI,,,,,,
2021-10-11,513220.SH,招商中证全球中国互联网ETF(QDII),20220715,中证全球中国互联网指数,中证全球中国互联网指数(人民币)收益率,招商基金管理有限公司,中国建设银行股份有限公司,跨境型ETF,,930796.CSI,,,,,,
2021-10-12,513220.SH,招商中证全球中国互联网ETF(QDII),20220715,中证全球中国互联网指数,中证全球中国互联网指数(人民币)收益率,招商基金管理有限公司,中国建设银行股份有限公司,跨境型ETF,,930796.CSI,,,,,,
2021-10-13,513220.SH,招商中证全球中国互联网ETF(QDII),20220715,中证全球中国互联网指数,中证全球中国互联网指数(人民币)收益率,招商基金管理有限公司,中国建设银行股份有限公司,跨境型ETF,,930796.CSI,,,,,,
2021-10-14,513220.SH,招商中证全球中国互联网ETF(QDII),20220715,中证全球中国互联网指数,中证全球中国互联网指数(人民币)收益率,招商基金管理有限公司,中国建设银行股份有限公司,跨境型ETF,,930796.CSI,,,,,,
2021-10-15,513220.SH,招商中证全球中国互联网ETF(QDII),20220715,中证全球中国互联网指数,中证全球中国互联网指数(人民币)收益率,招商基金管理有限公司,中国建设银行股份有限公司,跨境型ETF,,930796.CSI,,,,,,
2021-10-18,513220.SH,招商中证全球中国互联网ETF(QDII),20220715,中证全球中国互联网指数,中证全球中国互联网指数(人民币)收益率,招商基金管理有限公司,中国建设银行股份有限公司,跨境型ETF,,930796.CSI,,,,,,
2021-10-19,513220.SH,招商中证全球中国互联网ETF(QDII),20220715,中证全球中国互联网指数,中证全球中国互联网指数(人民币)收益率,招商基金管理有限公司,中国建设银行股份有限公司,跨境型ETF,,930796.CSI,,,,,,
2021-10-20,513220.SH,招商中证全球中国互联网ETF(QDII),20220715,中证全球中国互联网指数,中证全球中国互联网指数(人民币)收益率,招商基金管理有限公司,中国建设银行股份有限公司,跨境型ETF,,930796.CSI,,,,,,
2021-10-21,513220.SH,招商中证全球中国互联网ETF(QDII),20220715,中证全球中国互联网指数,中证全球中国互联网指数(人民币)收益率,招商基金管理有限公司,中国建设银行股份有限公司,跨境型ETF,,930796.CSI,,,,,,
2021-10-22,513220.SH,招商中证全球中国互联网ETF(QDII),20220715,中证全球中国互联网指数,中证全球中国互联网指数(人民币)收益率,招商基金管理有限公司,中国建设银行股份有限公司,跨境型ETF,,930796.CSI,,,,,,
2021-10-25,513220.SH,招商中证全球中国互联网ETF(QDII),20220715,中证全球中国互联网指数,中证全球中国互联网指数(人民币)收益率,招商基金管理有限公司,中国建设银行股份有限公司,跨境型ETF,,930796.CSI,,,,,,
2021-10-26,513220.SH,招商中证全球中国互联网ETF(QDII),20220715,中证全球中国互联网指数,中证全球中国互联网指数(人民币)收益率,招商基金管理有限公司,中国建设银行股份有限公司,跨境型ETF,,930796.CSI,,,,,,
2021-10-27,513220.SH,招商中证全球中国互联网ETF(QDII),20220715,中证全球中国互联网指数,中证全球中国互联网指数(人民币)收益率,招商基金管理有限公司,中国建设银行股份有限公司,跨境型ETF,,930796.CSI,,,,,,
2021-10-28,513220.SH,招商中证全球中国互联网ETF(QDII),20220715,中证全球中国互联网指数,中证全球中国互联网指数(人民币)收益率,招商基金管理有限公司,中国建设银行股份有限公司,跨境型ETF,,930796.CSI,,,,,,
2021-10-29,513220.SH,招商中证全球中国互联网ETF(QDII),20220715,中证全球中国互联网指数,中证全球中国互联网指数(人民币)收益率,招商基金管理有限公司,中国建设银行股份有限公司,跨境型ETF,,930796.CSI,,,,,,
2021-11-01,513220.SH,招商中证全球中国互联网ETF(QDII),20220715,中证全球中国互联网指数,中证全球中国互联网指数(人民币)收益率,招商基金管理有限公司,中国建设银行股份有限公司,跨境型ETF,,930796.CSI,,,,,,
2021-11-02,513220.SH,招商中证全球中国互联网ETF(QDII),20220715,中证全球中国互联网指数,中证全球中国互联网指数(人民币)收益率,招商基金管理有限公司,中国建设银行股份有限公司,跨境型ETF,,930796.CSI,,,,,,
2021-11-03,513220.SH,招商中证全球中国互联网ETF(QDII),20220715,中证全球中国互联网指数,中证全球中国互联网指数(人民币)收益率,招商基金管理有限公司,中国建设银行股份有限公司,跨境型ETF,,930796.CSI,,,,,,
2021-11-04,513220.SH,招商中证全球中国互联网ETF(QDII),20220715,中证全球中国互联网指数,中证全球中国互联网指数(人民币)收益率,招商基金管理有限公司,中国建设银行股份有限公司,跨境型ETF,,930796.CSI,,,,,,
2021-11-05,513220.SH,招商中证全球中国互联网ETF(QDII),20220715,中证全球中国互联网指数,中证全球中国互联网指数(人民币)收益率,招商基金管理有限公司,中国建设银行股份有限公司,跨境型ETF,,930796.CSI,,,,,,
2021-11-08,513220.SH,招商中证全球中国互联网ETF(QDII),20220715,中证全球中国互联网指数,中证全球中国互联网指数(人民币)收益率,招商基金管理有限公司,中国建设银行股份有限公司,跨境型ETF,,930796.CSI,,,,,,
2021-11-09,513220.SH,招商中证全球中国互联网ETF(QDII),20220715,中证全球中国互联网指数,中证全球中国互联网指数(人民币)收益率,招商基金管理有限公司,中国建设银行股份有限公司,跨境型ETF,,930796.CSI,,,,,,
2021-11-10,513220.SH,招商中证全球中国互联网ETF(QDII),20220715,中证全球中国互联网指数,中证全球中国互联网指数(人民币)收益率,招商基金管理有限公司,中国建设银行股份有限公司,跨境型ETF,,930796.CSI,,,,,,
2021-11-11,513220.SH,招商中证全球中国互联网ETF(QDII),20220715,中证全球中国互联网指数,中证全球中国互联网指数(人民币)收益率,招商基金管理有限公司,中国建设银行股份有限公司,跨境型ETF,,930796.CSI,,,,,,
2021-11-12,513220.SH,招商中证全球中国互联网ETF(QDII),20220715,中证全球中国互联网指数,中证全球中国互联网指数(人民币)收益率,招商基金管理有限公司,中国建设银行股份有限公司,跨境型ETF,,930796.CSI,,,,,,
2021-11-15,513220.SH,招商中证全球中国互联网ETF(QDII),20220715,中证全球中国互联网指数,中证全球中国互联网指数(人民币)收益率,招商基金管理有限公司,中国建设银行股份有限公司,跨境型ETF,,930796.CSI,,,,,,
2021-11-16,513220.SH,招商中证全球中国互联网ETF(QDII),20220715,中证全球中国互联网指数,中证全球中国互联网指数(人民币)收益率,招商基金管理有限公司,中国建设银行股份有限公司,跨境型ETF,,930796.CSI,,,,,,
2021-11-17,513220.SH,招商中证全球中国互联网ETF(QDII),20220715,中证全球中国互联网指数,中证全球中国互联网指数(人民币)收益率,招商基金管理有限公司,中国建设银行股份有限公司,跨境型ETF,,930796.CSI,,,,,,
2021-11-18,513220.SH,招商中证全球中国互联网ETF(QDII),20220715,中证全球中国互联网指数,中证全球中国互联网指数(人民币)收益率,招商基金管理有限公司,中国建设银行股份有限公司,跨境型ETF,,930796.CSI,,,,,,
2021-11-19,513220.SH,招商中证全球中国互联网ETF(QDII),20220715,中证全球中国互联网指数,中证全球中国互联网指数(人民币)收益率,招商基金管理有限公司,中国建设银行股份有限公司,跨境型ETF,,930796.CSI,,,,,,
2021-11-22,513220.SH,招商中证全球中国互联网ETF(QDII),20220715,中证全球中国互联网指数,中证全球中国互联网指数(人民币)收益率,招商基金管理有限公司,中国建设银行股份有限公司,跨境型ETF,,930796.CSI,,,,,,
2021-11-23,513220.SH,招商中证全球中国互联网ETF(QDII),20220715,中证全球中国互联网指数,中证全球中国互联网指数(人民币)收益率,招商基金管理有限公司,中国建设银行股份有限公司,跨境型ETF,,930796.CSI,,,,,,
2021-11-24,513220.SH,招商中证全球中国互联网ETF(QDII),20220715,中证全球中国互联网指数,中证全球中国互联网指数(人民币)收益率,招商基金管理有限公司,中国建设银行股份有限公司,跨境型ETF,,930796.CSI,,,,,,
2021-11-25,513220.SH,招商中证全球中国互联网ETF(QDII),20220715,中证全球中国互联网指数,中证全球中国互联网指数(人民币)收益率,招商基金管理有限公司,中国建设银行股份有限公司,跨境型ETF,,930796.CSI,,,,,,
2021-11-26,513220.SH,招商中证全球中国互联网ETF(QDII),20220715,中证全球中国互联网指数,中证全球中国互联网指数(人民币)收益率,招商基金管理有限公司,中国建设银行股份有限公司,跨境型ETF,,930796.CSI,,,,,,
2021-11-29,513220.SH,招商中证全球中国互联网ETF(QDII),20220715,中证全球中国互联网指数,中证全球中国互联网指数(人民币)收益率,招商基金管理有限公司,中国建设银行股份有限公司,跨境型ETF,,930796.CSI,,,,,,
2021-11-30,513220.SH,招商中证全球中国互联网ETF(QDII),20220715,中证全球中国互联网指数,中证全球中国互联网指数(人民币)收益率,招商基金管理有限公司,中国建设银行股份有限公司,跨境型ETF,,930796.CSI,,,,,,
2021-12-01,513220.SH,招商中证全球中国互联网ETF(QDII),20220715,中证全球中国互联网指数,中证全球中国互联网指数(人民币)收益率,招商基金管理有限公司,中国建设银行股份有限公司,跨境型ETF,,930796.CSI,,,,,,
2021-12-02,513220.SH,招商中证全球中国互联网ETF(QDII),20220715,中证全球中国互联网指数,中证全球中国互联网指数(人民币)收益率,招商基金管理有限公司,中国建设银行股份有限公司,跨境型ETF,,930796.CSI,,,,,,
2021-12-03,513220.SH,招商中证全球中国互联网ETF(QDII),20220715,中证全球中国互联网指数,中证全球中国互联网指数(人民币)收益率,招商基金管理有限公司,中国建设银行股份有限公司,跨境型ETF,,930796.CSI,,,,,,
2021-12-06,513220.SH,招商中证全球中国互联网ETF(QDII),20220715,中证全球中国互联网指数,中证全球中国互联网指数(人民币)收益率,招商基金管理有限公司,中国建设银行股份有限公司,跨境型ETF,,930796.CSI,,,,,,
2021-12-07,513220.SH,招商中证全球中国互联网ETF(QDII),20220715,中证全球中国互联网指数,中证全球中国互联网指数(人民币)收益率,招商基金管理有限公司,中国建设银行股份有限公司,跨境型ETF,,930796.CSI,,,,,,
2021-12-08,513220.SH,招商中证全球中国互联网ETF(QDII),20220715,中证全球中国互联网指数,中证全球中国互联网指数(人民币)收益率,招商基金管理有限公司,中国建设银行股份有限公司,跨境型ETF,,930796.CSI,,,,,,
2021-12-09,513220.SH,招商中证全球中国互联网ETF(QDII),20220715,中证全球中国互联网指数,中证全球中国互联网指数(人民币)收益率,招商基金管理有限公司,中国建设银行股份有限公司,跨境型ETF,,930796.CSI,,,,,,
2021-12-10,513220.SH,招商中证全球中国互联网ETF(QDII),20220715,中证全球中国互联网指数,中证全球中国互联网指数(人民币)收益率,招商基金管理有限公司,中国建设银行股份有限公司,跨境型ETF,,930796.CSI,,,,,,
2021-12-13,513220.SH,招商中证全球中国互联网ETF(QDII),20220715,中证全球中国互联网指数,中证全球中国互联网指数(人民币)收益率,招商基金管理有限公司,中国建设银行股份有限公司,跨境型ETF,,930796.CSI,,,,,,
2021-12-14,513220.SH,招商中证全球中国互联网ETF(QDII),20220715,中证全球中国互联网指数,中证全球中国互联网指数(人民币)收益率,招商基金管理有限公司,中国建设银行股份有限公司,跨境型ETF,,930796.CSI,,,,,,
2021-12-15,513220.SH,招商中证全球中国互联网ETF(QDII),20220715,中证全球中国互联网指数,中证全球中国互联网指数(人民币)收益率,招商基金管理有限公司,中国建设银行股份有限公司,跨境型ETF,,930796.CSI,,,,,,
2021-12-16,513220.SH,招商中证全球中国互联网ETF(QDII),20220715,中证全球中国互联网指数,中证全球中国互联网指数(人民币)收益率,招商基金管理有限公司,中国建设银行股份有限公司,跨境型ETF,,930796.CSI,,,,,,
2021-12-17,513220.SH,招商中证全球中国互联网ETF(QDII),20220715,中证全球中国互联网指数,中证全球中国互联网指数(人民币)收益率,招商基金管理有限公司,中国建设银行股份有限公司,跨境型ETF,,930796.CSI,,,,,,
2021-12-20,513220.SH,招商中证全球中国互联网ETF(QDII),20220715,中证全球中国互联网指数,中证全球中国互联网指数(人民币)收益率,招商基金管理有限公司,中国建设银行股份有限公司,跨境型ETF,,930796.CSI,,,,,,
2021-12-21,513220.SH,招商中证全球中国互联网ETF(QDII),20220715,中证全球中国互联网指数,中证全球中国互联网指数(人民币)收益率,招商基金管理有限公司,中国建设银行股份有限公司,跨境型ETF,,930796.CSI,,,,,,
2021-12-22,513220.SH,招商中证全球中国互联网ETF(QDII),20220715,中证全球中国互联网指数,中证全球中国互联网指数(人民币)收益率,招商基金管理有限公司,中国建设银行股份有限公司,跨境型ETF,,930796.CSI,,,,,,
2021-12-23,513220.SH,招商中证全球中国互联网ETF(QDII),20220715,中证全球中国互联网指数,中证全球中国互联网指数(人民币)收益率,招商基金管理有限公司,中国建设银行股份有限公司,跨境型ETF,,930796.CSI,,,,,,
2021-12-24,513220.SH,招商中证全球中国互联网ETF(QDII),20220715,中证全球中国互联网指数,中证全球中国互联网指数(人民币)收益率,招商基金管理有限公司,中国建设银行股份有限公司,跨境型ETF,,930796.CSI,,,,,,
2021-12-27,513220.SH,招商中证全球中国互联网ETF(QDII),20220715,中证全球中国互联网指数,中证全球中国互联网指数(人民币)收益率,招商基金管理有限公司,中国建设银行股份有限公司,跨境型ETF,,930796.CSI,,,,,,
2021-12-28,513220.SH,招商中证全球中国互联网ETF(QDII),20220715,中证全球中国互联网指数,中证全球中国互联网指数(人民币)收益率,招商基金管理有限公司,中国建设银行股份有限公司,跨境型ETF,,930796.CSI,,,,,,
2021-12-29,513220.SH,招商中证全球中国互联网ETF(QDII),20220715,中证全球中国互联网指数,中证全球中国互联网指数(人民币)收益率,招商基金管理有限公司,中国建设银行股份有限公司,跨境型ETF,,930796.CSI,,,,,,
2021-12-30,513220.SH,招商中证全球中国互联网ETF(QDII),20220715,中证全球中国互联网指数,中证全球中国互联网指数(人民币)收益率,招商基金管理有限公司,中国建设银行股份有限公司,跨境型ETF,,930796.CSI,,,,,,
2021-12-31,513220.SH,招商中证全球中国互联网ETF(QDII),20220715,中证全球中国互联网指数,中证全球中国互联网指数(人民币)收益率,招商基金管理有限公司,中国建设银行股份有限公司,跨境型ETF,,930796.CSI,,,,,,
2022-01-04,513220.SH,招商中证全球中国互联网ETF(QDII),20220715,中证全球中国互联网指数,中证全球中国互联网指数(人民币)收益率,招商基金管理有限公司,中国建设银行股份有限公司,跨境型ETF,,930796.CSI,,,,,,
2022-01-05,513220.SH,招商中证全球中国互联网ETF(QDII),20220715,中证全球中国互联网指数,中证全球中国互联网指数(人民币)收益率,招商基金管理有限公司,中国建设银行股份有限公司,跨境型ETF,,930796.CSI,,,,,,
2022-01-06,513220.SH,招商中证全球中国互联网ETF(QDII),20220715,中证全球中国互联网指数,中证全球中国互联网指数(人民币)收益率,招商基金管理有限公司,中国建设银行股份有限公司,跨境型ETF,,930796.CSI,,,,,,
2022-01-07,513220.SH,招商中证全球中国互联网ETF(QDII),20220715,中证全球中国互联网指数,中证全球中国互联网指数(人民币)收益率,招商基金管理有限公司,中国建设银行股份有限公司,跨境型ETF,,930796.CSI,,,,,,
2022-01-10,513220.SH,招商中证全球中国互联网ETF(QDII),20220715,中证全球中国互联网指数,中证全球中国互联网指数(人民币)收益率,招商基金管理有限公司,中国建设银行股份有限公司,跨境型ETF,,930796.CSI,,,,,,
2022-01-11,513220.SH,招商中证全球中国互联网ETF(QDII),20220715,中证全球中国互联网指数,中证全球中国互联网指数(人民币)收益率,招商基金管理有限公司,中国建设银行股份有限公司,跨境型ETF,,930796.CSI,,,,,,
2022-01-12,513220.SH,招商中证全球中国互联网ETF(QDII),20220715,中证全球中国互联网指数,中证全球中国互联网指数(人民币)收益率,招商基金管理有限公司,中国建设银行股份有限公司,跨境型ETF,,930796.CSI,,,,,,
2022-01-13,513220.SH,招商中证全球中国互联网ETF(QDII),20220715,中证全球中国互联网指数,中证全球中国互联网指数(人民币)收益率,招商基金管理有限公司,中国建设银行股份有限公司,跨境型ETF,,930796.CSI,,,,,,
2022-01-14,513220.SH,招商中证全球中国互联网ETF(QDII),20220715,中证全球中国互联网指数,中证全球中国互联网指数(人民币)收益率,招商基金管理有限公司,中国建设银行股份有限公司,跨境型ETF,,930796.CSI,,,,,,
2022-01-17,513220.SH,招商中证全球中国互联网ETF(QDII),20220715,中证全球中国互联网指数,中证全球中国互联网指数(人民币)收益率,招商基金管理有限公司,中国建设银行股份有限公司,跨境型ETF,,930796.CSI,,,,,,
2022-01-18,513220.SH,招商中证全球中国互联网ETF(QDII),20220715,中证全球中国互联网指数,中证全球中国互联网指数(人民币)收益率,招商基金管理有限公司,中国建设银行股份有限公司,跨境型ETF,,930796.CSI,,,,,,
2022-01-19,513220.SH,招商中证全球中国互联网ETF(QDII),20220715,中证全球中国互联网指数,中证全球中国互联网指数(人民币)收益率,招商基金管理有限公司,中国建设银行股份有限公司,跨境型ETF,,930796.CSI,,,,,,
2022-01-20,513220.SH,招商中证全球中国互联网ETF(QDII),20220715,中证全球中国互联网指数,中证全球中国互联网指数(人民币)收益率,招商基金管理有限公司,中国建设银行股份有限公司,跨境型ETF,,930796.CSI,,,,,,
2022-01-21,513220.SH,招商中证全球中国互联网ETF(QDII),20220715,中证全球中国互联网指数,中证全球中国互联网指数(人民币)收益率,招商基金管理有限公司,中国建设银行股份有限公司,跨境型ETF,,930796.CSI,,,,,,
2022-01-24,513220.SH,招商中证全球中国互联网ETF(QDII),20220715,中证全球中国互联网指数,中证全球中国互联网指数(人民币)收益率,招商基金管理有限公司,中国建设银行股份有限公司,跨境型ETF,,930796.CSI,,,,,,
2022-01-25,513220.SH,招商中证全球中国互联网ETF(QDII),20220715,中证全球中国互联网指数,中证全球中国互联网指数(人民币)收益率,招商基金管理有限公司,中国建设银行股份有限公司,跨境型ETF,,930796.CSI,,,,,,
2022-01-26,513220.SH,招商中证全球中国互联网ETF(QDII),20220715,中证全球中国互联网指数,中证全球中国互联网指数(人民币)收益率,招商基金管理有限公司,中国建设银行股份有限公司,跨境型ETF,,930796.CSI,,,,,,
2022-01-27,513220.SH,招商中证全球中国互联网ETF(QDII),20220715,中证全球中国互联网指数,中证全球中国互联网指数(人民币)收益率,招商基金管理有限公司,中国建设银行股份有限公司,跨境型ETF,,930796.CSI,,,,,,
2022-01-28,513220.SH,招商中证全球中国互联网ETF(QDII),20220715,中证全球中国互联网指数,中证全球中国互联网指数(人民币)收益率,招商基金管理有限公司,中国建设银行股份有限公司,跨境型ETF,,930796.CSI,,,,,,
2022-02-07,513220.SH,招商中证全球中国互联网ETF(QDII),20220715,中证全球中国互联网指数,中证全球中国互联网指数(人民币)收益率,招商基金管理有限公司,中国建设银行股份有限公司,跨境型ETF,,930796.CSI,,,,,,
2022-02-08,513220.SH,招商中证全球中国互联网ETF(QDII),20220715,中证全球中国互联网指数,中证全球中国互联网指数(人民币)收益率,招商基金管理有限公司,中国建设银行股份有限公司,跨境型ETF,,930796.CSI,,,,,,
2022-02-09,513220.SH,招商中证全球中国互联网ETF(QDII),20220715,中证全球中国互联网指数,中证全球中国互联网指数(人民币)收益率,招商基金管理有限公司,中国建设银行股份有限公司,跨境型ETF,,930796.CSI,,,,,,
2022-02-10,513220.SH,招商中证全球中国互联网ETF(QDII),20220715,中证全球中国互联网指数,中证全球中国互联网指数(人民币)收益率,招商基金管理有限公司,中国建设银行股份有限公司,跨境型ETF,,930796.CSI,,,,,,
2022-02-11,513220.SH,招商中证全球中国互联网ETF(QDII),20220715,中证全球中国互联网指数,中证全球中国互联网指数(人民币)收益率,招商基金管理有限公司,中国建设银行股份有限公司,跨境型ETF,,930796.CSI,,,,,,
2022-02-14,513220.SH,招商中证全球中国互联网ETF(QDII),20220715,中证全球中国互联网指数,中证全球中国互联网指数(人民币)收益率,招商基金管理有限公司,中国建设银行股份有限公司,跨境型ETF,,930796.CSI,,,,,,
2022-02-15,513220.SH,招商中证全球中国互联网ETF(QDII),20220715,中证全球中国互联网指数,中证全球中国互联网指数(人民币)收益率,招商基金管理有限公司,中国建设银行股份有限公司,跨境型ETF,,930796.CSI,,,,,,
2022-02-16,513220.SH,招商中证全球中国互联网ETF(QDII),20220715,中证全球中国互联网指数,中证全球中国互联网指数(人民币)收益率,招商基金管理有限公司,中国建设银行股份有限公司,跨境型ETF,,930796.CSI,,,,,,
2022-02-17,513220.SH,招商中证全球中国互联网ETF(QDII),20220715,中证全球中国互联网指数,中证全球中国互联网指数(人民币)收益率,招商基金管理有限公司,中国建设银行股份有限公司,跨境型ETF,,930796.CSI,,,,,,
2022-02-18,513220.SH,招商中证全球中国互联网ETF(QDII),20220715,中证全球中国互联网指数,中证全球中国互联网指数(人民币)收益率,招商基金管理有限公司,中国建设银行股份有限公司,跨境型ETF,,930796.CSI,,,,,,
2022-02-21,513220.SH,招商中证全球中国互联网ETF(QDII),20220715,中证全球中国互联网指数,中证全球中国互联网指数(人民币)收益率,招商基金管理有限公司,中国建设银行股份有限公司,跨境型ETF,,930796.CSI,,,,,,
2022-02-22,513220.SH,招商中证全球中国互联网ETF(QDII),20220715,中证全球中国互联网指数,中证全球中国互联网指数(人民币)收益率,招商基金管理有限公司,中国建设银行股份有限公司,跨境型ETF,,930796.CSI,,,,,,
2022-02-23,513220.SH,招商中证全球中国互联网ETF(QDII),20220715,中证全球中国互联网指数,中证全球中国互联网指数(人民币)收益率,招商基金管理有限公司,中国建设银行股份有限公司,跨境型ETF,,930796.CSI,,,,,,
2022-02-24,513220.SH,招商中证全球中国互联网ETF(QDII),20220715,中证全球中国互联网指数,中证全球中国互联网指数(人民币)收益率,招商基金管理有限公司,中国建设银行股份有限公司,跨境型ETF,,930796.CSI,,,,,,
2022-02-25,513220.SH,招商中证全球中国互联网ETF(QDII),20220715,中证全球中国互联网指数,中证全球中国互联网指数(人民币)收益率,招商基金管理有限公司,中国建设银行股份有限公司,跨境型ETF,,930796.CSI,,,,,,
2022-02-28,513220.SH,招商中证全球中国互联网ETF(QDII),20220715,中证全球中国互联网指数,中证全球中国互联网指数(人民币)收益率,招商基金管理有限公司,中国建设银行股份有限公司,跨境型ETF,,930796.CSI,,,,,,
2022-03-01,513220.SH,招商中证全球中国互联网ETF(QDII),20220715,中证全球中国互联网指数,中证全球中国互联网指数(人民币)收益率,招商基金管理有限公司,中国建设银行股份有限公司,跨境型ETF,,930796.CSI,,,,,,
2022-03-02,513220.SH,招商中证全球中国互联网ETF(QDII),20220715,中证全球中国互联网指数,中证全球中国互联网指数(人民币)收益率,招商基金管理有限公司,中国建设银行股份有限公司,跨境型ETF,,930796.CSI,,,,,,
2022-03-03,513220.SH,招商中证全球中国互联网ETF(QDII),20220715,中证全球中国互联网指数,中证全球中国互联网指数(人民币)收益率,招商基金管理有限公司,中国建设银行股份有限公司,跨境型ETF,,930796.CSI,,,,,,
2022-03-04,513220.SH,招商中证全球中国互联网ETF(QDII),20220715,中证全球中国互联网指数,中证全球中国互联网指数(人民币)收益率,招商基金管理有限公司,中国建设银行股份有限公司,跨境型ETF,,930796.CSI,,,,,,
2022-03-07,513220.SH,招商中证全球中国互联网ETF(QDII),20220715,中证全球中国互联网指数,中证全球中国互联网指数(人民币)收益率,招商基金管理有限公司,中国建设银行股份有限公司,跨境型ETF,,930796.CSI,,,,,,
2022-03-08,513220.SH,招商中证全球中国互联网ETF(QDII),20220715,中证全球中国互联网指数,中证全球中国互联网指数(人民币)收益率,招商基金管理有限公司,中国建设银行股份有限公司,跨境型ETF,,930796.CSI,,,,,,
2022-03-09,513220.SH,招商中证全球中国互联网ETF(QDII),20220715,中证全球中国互联网指数,中证全球中国互联网指数(人民币)收益率,招商基金管理有限公司,中国建设银行股份有限公司,跨境型ETF,,930796.CSI,,,,,,
2022-03-10,513220.SH,招商中证全球中国互联网ETF(QDII),20220715,中证全球中国互联网指数,中证全球中国互联网指数(人民币)收益率,招商基金管理有限公司,中国建设银行股份有限公司,跨境型ETF,,930796.CSI,,,,,,
2022-03-11,513220.SH,招商中证全球中国互联网ETF(QDII),20220715,中证全球中国互联网指数,中证全球中国互联网指数(人民币)收益率,招商基金管理有限公司,中国建设银行股份有限公司,跨境型ETF,,930796.CSI,,,,,,
2022-03-14,513220.SH,招商中证全球中国互联网ETF(QDII),20220715,中证全球中国互联网指数,中证全球中国互联网指数(人民币)收益率,招商基金管理有限公司,中国建设银行股份有限公司,跨境型ETF,,930796.CSI,,,,,,
2022-03-15,513220.SH,招商中证全球中国互联网ETF(QDII),20220715,中证全球中国互联网指数,中证全球中国互联网指数(人民币)收益率,招商基金管理有限公司,中国建设银行股份有限公司,跨境型ETF,,930796.CSI,,,,,,
2022-03-16,513220.SH,招商中证全球中国互联网ETF(QDII),20220715,中证全球中国互联网指数,中证全球中国互联网指数(人民币)收益率,招商基金管理有限公司,中国建设银行股份有限公司,跨境型ETF,,930796.CSI,,,,,,
2022-03-17,513220.SH,招商中证全球中国互联网ETF(QDII),20220715,中证全球中国互联网指数,中证全球中国互联网指数(人民币)收益率,招商基金管理有限公司,中国建设银行股份有限公司,跨境型ETF,,930796.CSI,,,,,,
2022-03-18,513220.SH,招商中证全球中国互联网ETF(QDII),20220715,中证全球中国互联网指数,中证全球中国互联网指数(人民币)收益率,招商基金管理有限公司,中国建设银行股份有限公司,跨境型ETF,,930796.CSI,,,,,,
2022-03-21,513220.SH,招商中证全球中国互联网ETF(QDII),20220715,中证全球中国互联网指数,中证全球中国互联网指数(人民币)收益率,招商基金管理有限公司,中国建设银行股份有限公司,跨境型ETF,,930796.CSI,,,,,,
2022-03-22,513220.SH,招商中证全球中国互联网ETF(QDII),20220715,中证全球中国互联网指数,中证全球中国互联网指数(人民币)收益率,招商基金管理有限公司,中国建设银行股份有限公司,跨境型ETF,,930796.CSI,,,,,,
2022-03-23,513220.SH,招商中证全球中国互联网ETF(QDII),20220715,中证全球中国互联网指数,中证全球中国互联网指数(人民币)收益率,招商基金管理有限公司,中国建设银行股份有限公司,跨境型ETF,,930796.CSI,,,,,,
2022-03-24,513220.SH,招商中证全球中国互联网ETF(QDII),20220715,中证全球中国互联网指数,中证全球中国互联网指数(人民币)收益率,招商基金管理有限公司,中国建设银行股份有限公司,跨境型ETF,,930796.CSI,,,,,,
2022-03-25,513220.SH,招商中证全球中国互联网ETF(QDII),20220715,中证全球中国互联网指数,中证全球中国互联网指数(人民币)收益率,招商基金管理有限公司,中国建设银行股份有限公司,跨境型ETF,,930796.CSI,,,,,,
2022-03-28,513220.SH,招商中证全球中国互联网ETF(QDII),20220715,中证全球中国互联网指数,中证全球中国互联网指数(人民币)收益率,招商基金管理有限公司,中国建设银行股份有限公司,跨境型ETF,,930796.CSI,,,,,,
2022-03-29,513220.SH,招商中证全球中国互联网ETF(QDII),20220715,中证全球中国互联网指数,中证全球中国互联网指数(人民币)收益率,招商基金管理有限公司,中国建设银行股份有限公司,跨境型ETF,,930796.CSI,,,,,,
2022-03-30,513220.SH,招商中证全球中国互联网ETF(QDII),20220715,中证全球中国互联网指数,中证全球中国互联网指数(人民币)收益率,招商基金管理有限公司,中国建设银行股份有限公司,跨境型ETF,,930796.CSI,,,,,,
2022-03-31,513220.SH,招商中证全球中国互联网ETF(QDII),20220715,中证全球中国互联网指数,中证全球中国互联网指数(人民币)收益率,招商基金管理有限公司,中国建设银行股份有限公司,跨境型ETF,,930796.CSI,,,,,,
2022-04-01,513220.SH,招商中证全球中国互联网ETF(QDII),20220715,中证全球中国互联网指数,中证全球中国互联网指数(人民币)收益率,招商基金管理有限公司,中国建设银行股份有限公司,跨境型ETF,,930796.CSI,,,,,,
2022-04-06,513220.SH,招商中证全球中国互联网ETF(QDII),20220715,中证全球中国互联网指数,中证全球中国互联网指数(人民币)收益率,招商基金管理有限公司,中国建设银行股份有限公司,跨境型ETF,,930796.CSI,,,,,,
2022-04-07,513220.SH,招商中证全球中国互联网ETF(QDII),20220715,中证全球中国互联网指数,中证全球中国互联网指数(人民币)收益率,招商基金管理有限公司,中国建设银行股份有限公司,跨境型ETF,,930796.CSI,,,,,,
2022-04-08,513220.SH,招商中证全球中国互联网ETF(QDII),20220715,中证全球中国互联网指数,中证全球中国互联网指数(人民币)收益率,招商基金管理有限公司,中国建设银行股份有限公司,跨境型ETF,,930796.CSI,,,,,,
2022-04-11,513220.SH,招商中证全球中国互联网ETF(QDII),20220715,中证全球中国互联网指数,中证全球中国互联网指数(人民币)收益率,招商基金管理有限公司,中国建设银行股份有限公司,跨境型ETF,,930796.CSI,,,,,,
2022-04-12,513220.SH,招商中证全球中国互联网ETF(QDII),20220715,中证全球中国互联网指数,中证全球中国互联网指数(人民币)收益率,招商基金管理有限公司,中国建设银行股份有限公司,跨境型ETF,,930796.CSI,,,,,,
2022-04-13,513220.SH,招商中证全球中国互联网ETF(QDII),20220715,中证全球中国互联网指数,中证全球中国互联网指数(人民币)收益率,招商基金管理有限公司,中国建设银行股份有限公司,跨境型ETF,,930796.CSI,,,,,,
2022-04-14,513220.SH,招商中证全球中国互联网ETF(QDII),20220715,中证全球中国互联网指数,中证全球中国互联网指数(人民币)收益率,招商基金管理有限公司,中国建设银行股份有限公司,跨境型ETF,,930796.CSI,,,,,,
2022-04-15,513220.SH,招商中证全球中国互联网ETF(QDII),20220715,中证全球中国互联网指数,中证全球中国互联网指数(人民币)收益率,招商基金管理有限公司,中国建设银行股份有限公司,跨境型ETF,,930796.CSI,,,,,,
2022-04-18,513220.SH,招商中证全球中国互联网ETF(QDII),20220715,中证全球中国互联网指数,中证全球中国互联网指数(人民币)收益率,招商基金管理有限公司,中国建设银行股份有限公司,跨境型ETF,,930796.CSI,,,,,,
2022-04-19,513220.SH,招商中证全球中国互联网ETF(QDII),20220715,中证全球中国互联网指数,中证全球中国互联网指数(人民币)收益率,招商基金管理有限公司,中国建设银行股份有限公司,跨境型ETF,,930796.CSI,,,,,,
2022-04-20,513220.SH,招商中证全球中国互联网ETF(QDII),20220715,中证全球中国互联网指数,中证全球中国互联网指数(人民币)收益率,招商基金管理有限公司,中国建设银行股份有限公司,跨境型ETF,,930796.CSI,,,,,,
2022-04-21,513220.SH,招商中证全球中国互联网ETF(QDII),20220715,中证全球中国互联网指数,中证全球中国互联网指数(人民币)收益率,招商基金管理有限公司,中国建设银行股份有限公司,跨境型ETF,,930796.CSI,,,,,,
2022-04-22,513220.SH,招商中证全球中国互联网ETF(QDII),20220715,中证全球中国互联网指数,中证全球中国互联网指数(人民币)收益率,招商基金管理有限公司,中国建设银行股份有限公司,跨境型ETF,,930796.CSI,,,,,,
2022-04-25,513220.SH,招商中证全球中国互联网ETF(QDII),20220715,中证全球中国互联网指数,中证全球中国互联网指数(人民币)收益率,招商基金管理有限公司,中国建设银行股份有限公司,跨境型ETF,,930796.CSI,,,,,,
2022-04-26,513220.SH,招商中证全球中国互联网ETF(QDII),20220715,中证全球中国互联网指数,中证全球中国互联网指数(人民币)收益率,招商基金管理有限公司,中国建设银行股份有限公司,跨境型ETF,,930796.CSI,,,,,,
2022-04-27,513220.SH,招商中证全球中国互联网ETF(QDII),20220715,中证全球中国互联网指数,中证全球中国互联网指数(人民币)收益率,招商基金管理有限公司,中国建设银行股份有限公司,跨境型ETF,,930796.CSI,,,,,,
2022-04-28,513220.SH,招商中证全球中国互联网ETF(QDII),20220715,中证全球中国互联网指数,中证全球中国互联网指数(人民币)收益率,招商基金管理有限公司,中国建设银行股份有限公司,跨境型ETF,,930796.CSI,,,,,,
2022-04-29,513220.SH,招商中证全球中国互联网ETF(QDII),20220715,中证全球中国互联网指数,中证全球中国互联网指数(人民币)收益率,招商基金管理有限公司,中国建设银行股份有限公司,跨境型ETF,,930796.CSI,,,,,,
2022-05-05,513220.SH,招商中证全球中国互联网ETF(QDII),20220715,中证全球中国互联网指数,中证全球中国互联网指数(人民币)收益率,招商基金管理有限公司,中国建设银行股份有限公司,跨境型ETF,,930796.CSI,,,,,,
2022-05-06,513220.SH,招商中证全球中国互联网ETF(QDII),20220715,中证全球中国互联网指数,中证全球中国互联网指数(人民币)收益率,招商基金管理有限公司,中国建设银行股份有限公司,跨境型ETF,,930796.CSI,,,,,,
2022-05-09,513220.SH,招商中证全球中国互联网ETF(QDII),20220715,中证全球中国互联网指数,中证全球中国互联网指数(人民币)收益率,招商基金管理有限公司,中国建设银行股份有限公司,跨境型ETF,,930796.CSI,,,,,,
2022-05-10,513220.SH,招商中证全球中国互联网ETF(QDII),20220715,中证全球中国互联网指数,中证全球中国互联网指数(人民币)收益率,招商基金管理有限公司,中国建设银行股份有限公司,跨境型ETF,,930796.CSI,,,,,,
2022-05-11,513220.SH,招商中证全球中国互联网ETF(QDII),20220715,中证全球中国互联网指数,中证全球中国互联网指数(人民币)收益率,招商基金管理有限公司,中国建设银行股份有限公司,跨境型ETF,,930796.CSI,,,,,,
2022-05-12,513220.SH,招商中证全球中国互联网ETF(QDII),20220715,中证全球中国互联网指数,中证全球中国互联网指数(人民币)收益率,招商基金管理有限公司,中国建设银行股份有限公司,跨境型ETF,,930796.CSI,,,,,,
2022-05-13,513220.SH,招商中证全球中国互联网ETF(QDII),20220715,中证全球中国互联网指数,中证全球中国互联网指数(人民币)收益率,招商基金管理有限公司,中国建设银行股份有限公司,跨境型ETF,,930796.CSI,,,,,,
2022-05-16,513220.SH,招商中证全球中国互联网ETF(QDII),20220715,中证全球中国互联网指数,中证全球中国互联网指数(人民币)收益率,招商基金管理有限公司,中国建设银行股份有限公司,跨境型ETF,,930796.CSI,,,,,,
2022-05-17,513220.SH,招商中证全球中国互联网ETF(QDII),20220715,中证全球中国互联网指数,中证全球中国互联网指数(人民币)收益率,招商基金管理有限公司,中国建设银行股份有限公司,跨境型ETF,,930796.CSI,,,,,,
2022-05-18,513220.SH,招商中证全球中国互联网ETF(QDII),20220715,中证全球中国互联网指数,中证全球中国互联网指数(人民币)收益率,招商基金管理有限公司,中国建设银行股份有限公司,跨境型ETF,,930796.CSI,,,,,,
2022-05-19,513220.SH,招商中证全球中国互联网ETF(QDII),20220715,中证全球中国互联网指数,中证全球中国互联网指数(人民币)收益率,招商基金管理有限公司,中国建设银行股份有限公司,跨境型ETF,,930796.CSI,,,,,,
2022-05-20,513220.SH,招商中证全球中国互联网ETF(QDII),20220715,中证全球中国互联网指数,中证全球中国互联网指数(人民币)收益率,招商基金管理有限公司,中国建设银行股份有限公司,跨境型ETF,,930796.CSI,,,,,,
2022-05-23,513220.SH,招商中证全球中国互联网ETF(QDII),20220715,中证全球中国互联网指数,中证全球中国互联网指数(人民币)收益率,招商基金管理有限公司,中国建设银行股份有限公司,跨境型ETF,,930796.CSI,,,,,,
2022-05-24,513220.SH,招商中证全球中国互联网ETF(QDII),20220715,中证全球中国互联网指数,中证全球中国互联网指数(人民币)收益率,招商基金管理有限公司,中国建设银行股份有限公司,跨境型ETF,,930796.CSI,,,,,,
2022-05-25,513220.SH,招商中证全球中国互联网ETF(QDII),20220715,中证全球中国互联网指数,中证全球中国互联网指数(人民币)收益率,招商基金管理有限公司,中国建设银行股份有限公司,跨境型ETF,,930796.CSI,,,,,,
2022-05-26,513220.SH,招商中证全球中国互联网ETF(QDII),20220715,中证全球中国互联网指数,中证全球中国互联网指数(人民币)收益率,招商基金管理有限公司,中国建设银行股份有限公司,跨境型ETF,,930796.CSI,,,,,,
2022-05-27,513220.SH,招商中证全球中国互联网ETF(QDII),20220715,中证全球中国互联网指数,中证全球中国互联网指数(人民币)收益率,招商基金管理有限公司,中国建设银行股份有限公司,跨境型ETF,,930796.CSI,,,,,,
2022-05-30,513220.SH,招商中证全球中国互联网ETF(QDII),20220715,中证全球中国互联网指数,中证全球中国互联网指数(人民币)收益率,招商基金管理有限公司,中国建设银行股份有限公司,跨境型ETF,,930796.CSI,,,,,,
2022-05-31,513220.SH,招商中证全球中国互联网ETF(QDII),20220715,中证全球中国互联网指数,中证全球中国互联网指数(人民币)收益率,招商基金管理有限公司,中国建设银行股份有限公司,跨境型ETF,,930796.CSI,,,,,,
2022-06-01,513220.SH,招商中证全球中国互联网ETF(QDII),20220715,中证全球中国互联网指数,中证全球中国互联网指数(人民币)收益率,招商基金管理有限公司,中国建设银行股份有限公司,跨境型ETF,,930796.CSI,,,,,,
2022-06-02,513220.SH,招商中证全球中国互联网ETF(QDII),20220715,中证全球中国互联网指数,中证全球中国互联网指数(人民币)收益率,招商基金管理有限公司,中国建设银行股份有限公司,跨境型ETF,,930796.CSI,,,,,,
2022-06-06,513220.SH,招商中证全球中国互联网ETF(QDII),20220715,中证全球中国互联网指数,中证全球中国互联网指数(人民币)收益率,招商基金管理有限公司,中国建设银行股份有限公司,跨境型ETF,,930796.CSI,,,,,,
2022-06-07,513220.SH,招商中证全球中国互联网ETF(QDII),20220715,中证全球中国互联网指数,中证全球中国互联网指数(人民币)收益率,招商基金管理有限公司,中国建设银行股份有限公司,跨境型ETF,,930796.CSI,,,,,,
2022-06-08,513220.SH,招商中证全球中国互联网ETF(QDII),20220715,中证全球中国互联网指数,中证全球中国互联网指数(人民币)收益率,招商基金管理有限公司,中国建设银行股份有限公司,跨境型ETF,,930796.CSI,,,,,,
2022-06-09,513220.SH,招商中证全球中国互联网ETF(QDII),20220715,中证全球中国互联网指数,中证全球中国互联网指数(人民币)收益率,招商基金管理有限公司,中国建设银行股份有限公司,跨境型ETF,,930796.CSI,,,,,,
2022-06-10,513220.SH,招商中证全球中国互联网ETF(QDII),20220715,中证全球中国互联网指数,中证全球中国互联网指数(人民币)收益率,招商基金管理有限公司,中国建设银行股份有限公司,跨境型ETF,,930796.CSI,,,,,,
2022-06-13,513220.SH,招商中证全球中国互联网ETF(QDII),20220715,中证全球中国互联网指数,中证全球中国互联网指数(人民币)收益率,招商基金管理有限公司,中国建设银行股份有限公司,跨境型ETF,,930796.CSI,,,,,,
2022-06-14,513220.SH,招商中证全球中国互联网ETF(QDII),20220715,中证全球中国互联网指数,中证全球中国互联网指数(人民币)收益率,招商基金管理有限公司,中国建设银行股份有限公司,跨境型ETF,,930796.CSI,,,,,,
2022-06-15,513220.SH,招商中证全球中国互联网ETF(QDII),20220715,中证全球中国互联网指数,中证全球中国互联网指数(人民币)收益率,招商基金管理有限公司,中国建设银行股份有限公司,跨境型ETF,,930796.CSI,,,,,,
2022-06-16,513220.SH,招商中证全球中国互联网ETF(QDII),20220715,中证全球中国互联网指数,中证全球中国互联网指数(人民币)收益率,招商基金管理有限公司,中国建设银行股份有限公司,跨境型ETF,,930796.CSI,,,,,,
2022-06-17,513220.SH,招商中证全球中国互联网ETF(QDII),20220715,中证全球中国互联网指数,中证全球中国互联网指数(人民币)收益率,招商基金管理有限公司,中国建设银行股份有限公司,跨境型ETF,,930796.CSI,,,,,,
2022-06-20,513220.SH,招商中证全球中国互联网ETF(QDII),20220715,中证全球中国互联网指数,中证全球中国互联网指数(人民币)收益率,招商基金管理有限公司,中国建设银行股份有限公司,跨境型ETF,,930796.CSI,,,,,,
2022-06-21,513220.SH,招商中证全球中国互联网ETF(QDII),20220715,中证全球中国互联网指数,中证全球中国互联网指数(人民币)收益率,招商基金管理有限公司,中国建设银行股份有限公司,跨境型ETF,,930796.CSI,,,,,,
2022-06-22,513220.SH,招商中证全球中国互联网ETF(QDII),20220715,中证全球中国互联网指数,中证全球中国互联网指数(人民币)收益率,招商基金管理有限公司,中国建设银行股份有限公司,跨境型ETF,,930796.CSI,,,,,,
2022-06-23,513220.SH,招商中证全球中国互联网ETF(QDII),20220715,中证全球中国互联网指数,中证全球中国互联网指数(人民币)收益率,招商基金管理有限公司,中国建设银行股份有限公司,跨境型ETF,,930796.CSI,,,,,,
2022-06-24,513220.SH,招商中证全球中国互联网ETF(QDII),20220715,中证全球中国互联网指数,中证全球中国互联网指数(人民币)收益率,招商基金管理有限公司,中国建设银行股份有限公司,跨境型ETF,,930796.CSI,,,,,,
2022-06-27,513220.SH,招商中证全球中国互联网ETF(QDII),20220715,中证全球中国互联网指数,中证全球中国互联网指数(人民币)收益率,招商基金管理有限公司,中国建设银行股份有限公司,跨境型ETF,,930796.CSI,,,,,,
2022-06-28,513220.SH,招商中证全球中国互联网ETF(QDII),20220715,中证全球中国互联网指数,中证全球中国互联网指数(人民币)收益率,招商基金管理有限公司,中国建设银行股份有限公司,跨境型ETF,,930796.CSI,,,,,,
2022-06-29,513220.SH,招商中证全球中国互联网ETF(QDII),20220715,中证全球中国互联网指数,中证全球中国互联网指数(人民币)收益率,招商基金管理有限公司,中国建设银行股份有限公司,跨境型ETF,,930796.CSI,,,,,,
2022-06-30,513220.SH,招商中证全球中国互联网ETF(QDII),20220715,中证全球中国互联网指数,中证全球中国互联网指数(人民币)收益率,招商基金管理有限公司,中国建设银行股份有限公司,跨境型ETF,,930796.CSI,,,,,,
2022-07-01,513220.SH,招商中证全球中国互联网ETF(QDII),20220715,中证全球中国互联网指数,中证全球中国互联网指数(人民币)收益率,招商基金管理有限公司,中国建设银行股份有限公司,跨境型ETF,,930796.CSI,,,,,,
2022-07-04,513220.SH,招商中证全球中国互联网ETF(QDII),20220715,中证全球中国互联网指数,中证全球中国互联网指数(人民币)收益率,招商基金管理有限公司,中国建设银行股份有限公司,跨境型ETF,,930796.CSI,250109416.0,,,,,
2022-07-05,513220.SH,招商中证全球中国互联网ETF(QDII),20220715,中证全球中国互联网指数,中证全球中国互联网指数(人民币)收益率,招商基金管理有限公司,中国建设银行股份有限公司,跨境型ETF,,930796.CSI,250109416.0,,,,,
2022-07-06,513220.SH,招商中证全球中国互联网ETF(QDII),20220715,中证全球中国互联网指数,中证全球中国互联网指数(人民币)收益率,招商基金管理有限公司,中国建设银行股份有限公司,跨境型ETF,,930796.CSI,250109416.0,,,,,
2022-07-07,513220.SH,招商中证全球中国互联网ETF(QDII),20220715,中证全球中国互联网指数,中证全球中国互联网指数(人民币)收益率,招商基金管理有限公司,中国建设银行股份有限公司,跨境型ETF,,930796.CSI,250109416.0,,,,,
2022-07-08,513220.SH,招商中证全球中国互联网ETF(QDII),20220715,中证全球中国互联网指数,中证全球中国互联网指数(人民币)收益率,招商基金管理有限公司,中国建设银行股份有限公司,跨境型ETF,,930796.CSI,250109416.0,,,,,
2022-07-11,513220.SH,招商中证全球中国互联网ETF(QDII),20220715,中证全球中国互联网指数,中证全球中国互联网指数(人民币)收益率,招商基金管理有限公司,中国建设银行股份有限公司,跨境型ETF,,930796.CSI,250109416.0,,,,,
2022-07-12,513220.SH,招商中证全球中国互联网ETF(QDII),20220715,中证全球中国互联网指数,中证全球中国互联网指数(人民币)收益率,招商基金管理有限公司,中国建设银行股份有限公司,跨境型ETF,,930796.CSI,250109416.0,,,,,
2022-07-13,513220.SH,招商中证全球中国互联网ETF(QDII),20220715,中证全球中国互联网指数,中证全球中国互联网指数(人民币)收益率,招商基金管理有限公司,中国建设银行股份有限公司,跨境型ETF,,930796.CSI,250109416.0,,,,,
2022-07-14,513220.SH,招商中证全球中国互联网ETF(QDII),20220715,中证全球中国互联网指数,中证全球中国互联网指数(人民币)收益率,招商基金管理有限公司,中国建设银行股份有限公司,跨境型ETF,,930796.CSI,241905827.1552,,,,,
2022-07-15,513220.SH,招商中证全球中国互联网ETF(QDII),20220715,中证全球中国互联网指数,中证全球中国互联网指数(人民币)收益率,招商基金管理有限公司,中国建设银行股份有限公司,跨境型ETF,,930796.CSI,235352960.456,29496116,27957751,0.945,0.94784516713997,0.425079702
2022-07-18,513220.SH,招商中证全球中国互联网ETF(QDII),20220715,中证全球中国互联网指数,中证全球中国互联网指数(人民币)收益率,招商基金管理有限公司,中国建设银行股份有限公司,跨境型ETF,,930796.CSI,210596118.0,29409600,27799631,0.959,0.94525702491703,-1.134020619
2022-07-19,513220.SH,招商中证全球中国互联网ETF(QDII),20220715,中证全球中国互联网指数,中证全球中国互联网指数(人民币)收益率,招商基金管理有限公司,中国建设银行股份有限公司,跨境型ETF,,930796.CSI,209228328.78,5029700,4821125,0.953,0.95853132393582,-1.110304037
2022-07-20,513220.SH,招商中证全球中国互联网ETF(QDII),20220715,中证全球中国互联网指数,中证全球中国互联网指数(人民币)收益率,招商基金管理有限公司,中国建设银行股份有限公司,跨境型ETF,,930796.CSI,165575013.54,56812600,55539774,0.98,0.97759606143708,0.091921152
2022-07-21,513220.SH,招商中证全球中国互联网ETF(QDII),20220715,中证全球中国互联网指数,中证全球中国互联网指数(人民币)收益率,招商基金管理有限公司,中国建设银行股份有限公司,跨境型ETF,,930796.CSI,161922788.58,24700416,24122202,0.971,0.97659092057397,-0.989089426
2022-07-22,513220.SH,招商中证全球中国互联网ETF(QDII),20220715,中证全球中国互联网指数,中证全球中国互联网指数(人民币)收益率,招商基金管理有限公司,中国建设银行股份有限公司,跨境型ETF,,930796.CSI,156378850.98,9614600,9397443,0.976,0.97741382896844,-0.071669909
2022-07-25,513220.SH,招商中证全球中国互联网ETF(QDII),20220715,中证全球中国互联网指数,中证全球中国互联网指数(人民币)收益率,招商基金管理有限公司,中国建设银行股份有限公司,跨境型ETF,,930796.CSI,154889833.56,4684700,4501358,0.96,0.9608636625611,-0.764936944
2022-07-26,513220.SH,招商中证全球中国互联网ETF(QDII),20220715,中证全球中国互联网指数,中证全球中国互联网指数(人民币)收益率,招商基金管理有限公司,中国建设银行股份有限公司,跨境型ETF,,930796.CSI,152007212.0,11685700,11381598,0.971,0.97397656965351,-0.918367347
2022-07-27,513220.SH,招商中证全球中国互联网ETF(QDII),20220715,中证全球中国互联网指数,中证全球中国互联网指数(人民币)收益率,招商基金管理有限公司,中国建设银行股份有限公司,跨境型ETF,,930796.CSI,153508416.46,6833100,6607473,0.962,0.96698028713176,-0.91667525
2022-07-28,513220.SH,招商中证全球中国互联网ETF(QDII),20220715,中证全球中国互联网指数,中证全球中国互联网指数(人民币)收益率,招商基金管理有限公司,中国建设银行股份有限公司,跨境型ETF,,930796.CSI,151705969.3,4703300,4576001,0.968,0.97293411009291,0.885878061
2022-07-29,513220.SH,招商中证全球中国互联网ETF(QDII),20220715,中证全球中国互联网指数,中证全球中国互联网指数(人民币)收益率,招商基金管理有限公司,中国建设银行股份有限公司,跨境型ETF,,930796.CSI,150761393.14,17273316,15992434,0.907,0.9258462011579,-0.668053882
2022-08-01,513220.SH,招商中证全球中国互联网ETF(QDII),20220715,中证全球中国互联网指数,中证全球中国互联网指数(人民币)收益率,招商基金管理有限公司,中国建设银行股份有限公司,跨境型ETF,,930796.CSI,149225875.72,6680700,6069061,0.907,0.90844686934004,0.354060633
2022-08-02,513220.SH,招商中证全球中国互联网ETF(QDII),20220715,中证全球中国互联网指数,中证全球中国互联网指数(人民币)收益率,招商基金管理有限公司,中国建设银行股份有限公司,跨境型ETF,,930796.CSI,145907176.78,6791000,5959474,0.876,0.8775547047563,-0.871336426
2022-08-03,513220.SH,招商中证全球中国互联网ETF(QDII),20220715,中证全球中国互联网指数,中证全球中国互联网指数(人民币)收益率,招商基金管理有限公司,中国建设银行股份有限公司,跨境型ETF,,930796.CSI,143723521.02,17868200,15961394,0.892,0.89328494196394,-1.25096867
2022-08-04,513220.SH,招商中证全球中国互联网ETF(QDII),20220715,中证全球中国互联网指数,中证全球中国互联网指数(人民币)收益率,招商基金管理有限公司,中国建设银行股份有限公司,跨境型ETF,,930796.CSI,143475851.4,8293700,7623967,0.924,0.91924798340909,-0.751879699
2022-08-05,513220.SH,招商中证全球中国互联网ETF(QDII),20220715,中证全球中国互联网指数,中证全球中国互联网指数(人民币)收益率,招商基金管理有限公司,中国建设银行股份有限公司,跨境型ETF,,930796.CSI,142212154.32,9411800,8684423,0.922,0.92271648356319,-0.086692674
2022-08-08,513220.SH,招商中证全球中国互联网ETF(QDII),20220715,中证全球中国互联网指数,中证全球中国互联网指数(人民币)收益率,招商基金管理有限公司,中国建设银行股份有限公司,跨境型ETF,,930796.CSI,140311963.24,6978200,6345189,0.907,0.90928735203921,0.265310635
2022-08-09,513220.SH,招商中证全球中国互联网ETF(QDII),20220715,中证全球中国互联网指数,中证全球中国互联网指数(人民币)收益率,招商基金管理有限公司,中国建设银行股份有限公司,跨境型ETF,,930796.CSI,138590248.9,3449500,3098974,0.898,0.89838353384548,0.503637381
2022-08-10,513220.SH,招商中证全球中国互联网ETF(QDII),20220715,中证全球中国互联网指数,中证全球中国互联网指数(人民币)收益率,招商基金管理有限公司,中国建设银行股份有限公司,跨境型ETF,,930796.CSI,135953389.1,6141000,5379401,0.869,0.87598127340824,-0.855675984
2022-08-11,513220.SH,招商中证全球中国互联网ETF(QDII),20220715,中证全球中国互联网指数,中证全球中国互联网指数(人民币)收益率,招商基金管理有限公司,中国建设银行股份有限公司,跨境型ETF,,930796.CSI,139561472.64,7732300,6878427,0.894,0.88957063228276,-1.280918728
2022-08-12,513220.SH,招商中证全球中国互联网ETF(QDII),20220715,中证全球中国互联网指数,中证全球中国互联网指数(人民币)收益率,招商基金管理有限公司,中国建设银行股份有限公司,跨境型ETF,,930796.CSI,137721107.16,8917200,8060384,0.908,0.90391423316736,-0.373052447
2022-08-15,513220.SH,招商中证全球中国互联网ETF(QDII),20220715,中证全球中国互联网指数,中证全球中国互联网指数(人民币)收益率,招商基金管理有限公司,中国建设银行股份有限公司,跨境型ETF,,930796.CSI,137645552.46,8709700,7941444,0.91,0.91179305831429,-0.098803381
2022-08-16,513220.SH,招商中证全球中国互联网ETF(QDII),20220715,中证全球中国互联网指数,中证全球中国互联网指数(人民币)收益率,招商基金管理有限公司,中国建设银行股份有限公司,跨境型ETF,,930796.CSI,135076692.66,9678600,8824649,0.891,0.91176916082905,-0.324421076
2022-08-17,513220.SH,招商中证全球中国互联网ETF(QDII),20220715,中证全球中国互联网指数,中证全球中国互联网指数(人民币)收益率,招商基金管理有限公司,中国建设银行股份有限公司,跨境型ETF,,930796.CSI,134183549.06,12672500,11387817,0.901,0.89862434405208,0.122235804
2022-08-18,513220.SH,招商中证全球中国互联网ETF(QDII),20220715,中证全球中国互联网指数,中证全球中国互联网指数(人民币)收益率,招商基金管理有限公司,中国建设银行股份有限公司,跨境型ETF,,930796.CSI,132826653.52,6794900,6086626,0.89,0.89576388173483,-0.089806915
2022-08-19,513220.SH,招商中证全球中国互联网ETF(QDII),20220715,中证全球中国互联网指数,中证全球中国互联网指数(人民币)收益率,招商基金管理有限公司,中国建设银行股份有限公司,跨境型ETF,,930796.CSI,133065228.56,6106400,5450478,0.888,0.89258450150662,-0.493052443
2022-08-22,513220.SH,招商中证全球中国互联网ETF(QDII),20220715,中证全球中国互联网指数,中证全球中国互联网指数(人民币)收益率,招商基金管理有限公司,中国建设银行股份有限公司,跨境型ETF,,930796.CSI,128934680.18,6740000,6018511,0.893,0.89295415430267,-0.190007824
2022-08-23,513220.SH,招商中证全球中国互联网ETF(QDII),20220715,中证全球中国互联网指数,中证全球中国互联网指数(人民币)收益率,招商基金管理有限公司,中国建设银行股份有限公司,跨境型ETF,,930796.CSI,130289308.54,7559700,6771285,0.895,0.89570816302234,-1.006525827
2022-08-24,513220.SH,招商中证全球中国互联网ETF(QDII),20220715,中证全球中国互联网指数,中证全球中国互联网指数(人民币)收益率,招商基金管理有限公司,中国建设银行股份有限公司,跨境型ETF,,930796.CSI,128646461.38,4239000,3771244,0.886,0.88965416371786,-0.750532094
2022-08-25,513220.SH,招商中证全球中国互联网ETF(QDII),20220715,中证全球中国互联网指数,中证全球中国互联网指数(人民币)收益率,招商基金管理有限公司,中国建设银行股份有限公司,跨境型ETF,,930796.CSI,138085627.08,15636900,14219348,0.93,0.90934571430399,-2.943018159
2022-08-26,513220.SH,招商中证全球中国互联网ETF(QDII),20220715,中证全球中国互联网指数,中证全球中国互联网指数(人民币)收益率,招商基金管理有限公司,中国建设银行股份有限公司,跨境型ETF,,930796.CSI,127379883.48,17068500,16327155,0.954,0.95656648211618,-1.057871811
2022-08-29,513220.SH,招商中证全球中国互联网ETF(QDII),20220715,中证全球中国互联网指数,中证全球中国互联网指数(人民币)收益率,招商基金管理有限公司,中国建设银行股份有限公司,跨境型ETF,,930796.CSI,127084341.42,5293300,5096821,0.966,0.96288156726428,-0.340451872
2022-08-30,513220.SH,招商中证全球中国互联网ETF(QDII),20220715,中证全球中国互联网指数,中证全球中国互联网指数(人民币)收益率,招商基金管理有限公司,中国建设银行股份有限公司,跨境型ETF,,930796.CSI,126704124.16,4383800,4184509,0.964,0.95453921255532,-0.248344371
2022-08-31,513220.SH,招商中证全球中国互联网ETF(QDII),20220715,中证全球中国互联网指数,中证全球中国互联网指数(人民币)收益率,招商基金管理有限公司,中国建设银行股份有限公司,跨境型ETF,,930796.CSI,126294815.08,7364600,7145092,0.971,0.97019417212069,-0.736045798
2022-09-01,513220.SH,招商中证全球中国互联网ETF(QDII),20220715,中证全球中国互联网指数,中证全球中国互联网指数(人民币)收益率,招商基金管理有限公司,中国建设银行股份有限公司,跨境型ETF,,930796.CSI,123609339.56,8430100,8162085,0.956,0.96820737595046,-0.146229371
2022-09-02,513220.SH,招商中证全球中国互联网ETF(QDII),20220715,中证全球中国互联网指数,中证全球中国互联网指数(人民币)收益率,招商基金管理有限公司,中国建设银行股份有限公司,跨境型ETF,,930796.CSI,123015436.32,8812200,8401190,0.948,0.95335897959647,-0.503778338
2022-09-05,513220.SH,招商中证全球中国互联网ETF(QDII),20220715,中证全球中国互联网指数,中证全球中国互联网指数(人民币)收益率,招商基金管理有限公司,中国建设银行股份有限公司,跨境型ETF,,930796.CSI,120975507.8,2887300,2696116,0.936,0.93378450455443,-0.106723586
2022-09-06,513220.SH,招商中证全球中国互联网ETF(QDII),20220715,中证全球中国互联网指数,中证全球中国互联网指数(人民币)收益率,招商基金管理有限公司,中国建设银行股份有限公司,跨境型ETF,,930796.CSI,120045920.12,2260800,2114876,0.941,0.93545470629866,1.20456012
2022-09-07,513220.SH,招商中证全球中国互联网ETF(QDII),20220715,中证全球中国互联网指数,中证全球中国互联网指数(人民币)收益率,招商基金管理有限公司,中国建设银行股份有限公司,跨境型ETF,,930796.CSI,121197529.36,8806700,8114473,0.923,0.92139768585282,-0.151449589
2022-09-08,513220.SH,招商中证全球中国互联网ETF(QDII),20220715,中证全球中国互联网指数,中证全球中国互联网指数(人民币)收益率,招商基金管理有限公司,中国建设银行股份有限公司,跨境型ETF,,930796.CSI,120004433.82,3365200,3111833,0.921,0.9247096755022,0.62274664
2022-09-09,513220.SH,招商中证全球中国互联网ETF(QDII),20220715,中证全球中国互联网指数,中证全球中国互联网指数(人民币)收益率,招商基金管理有限公司,中国建设银行股份有限公司,跨境型ETF,,930796.CSI,120615000.1,9656300,9012364,0.936,0.93331441649493,-0.58417419
2022-09-13,513220.SH,招商中证全球中国互联网ETF(QDII),20220715,中证全球中国互联网指数,中证全球中国互联网指数(人民币)收益率,招商基金管理有限公司,中国建设银行股份有限公司,跨境型ETF,,930796.CSI,119397960.8,1205200,1132673,0.938,0.93982160637239,0.643776824
2022-09-14,513220.SH,招商中证全球中国互联网ETF(QDII),20220715,中证全球中国互联网指数,中证全球中国互联网指数(人民币)收益率,招商基金管理有限公司,中国建设银行股份有限公司,跨境型ETF,,930796.CSI,116912638.44,8036900,7355763,0.917,0.91524878995633,0.482138944
2022-09-15,513220.SH,招商中证全球中国互联网ETF(QDII),20220715,中证全球中国互联网指数,中证全球中国互联网指数(人民币)收益率,招商基金管理有限公司,中国建设银行股份有限公司,跨境型ETF,,930796.CSI,117207290.06,2422000,2218024,0.916,0.91578199834847,0.120231719
2022-09-16,513220.SH,招商中证全球中国互联网ETF(QDII),20220715,中证全球中国互联网指数,中证全球中国互联网指数(人民币)收益率,招商基金管理有限公司,中国建设银行股份有限公司,跨境型ETF,,930796.CSI,113966122.24,3976300,3628684,0.907,0.91257802479692,1.955935252
2022-09-19,513220.SH,招商中证全球中国互联网ETF(QDII),20220715,中证全球中国互联网指数,中证全球中国互联网指数(人民币)收益率,招商基金管理有限公司,中国建设银行股份有限公司,跨境型ETF,,930796.CSI,113767659.36,6668100,5883591,0.879,0.88234894497683,0.526075023
2022-09-20,513220.SH,招商中证全球中国互联网ETF(QDII),20220715,中证全球中国互联网指数,中证全球中国互联网指数(人民币)收益率,招商基金管理有限公司,中国建设银行股份有限公司,跨境型ETF,,930796.CSI,114376072.32,8612000,7690224,0.895,0.89296609382257,0.246415771
2022-09-21,513220.SH,招商中证全球中国互联网ETF(QDII),20220715,中证全球中国互联网指数,中证全球中国互联网指数(人民币)收益率,招商基金管理有限公司,中国建设银行股份有限公司,跨境型ETF,,930796.CSI,111692541.94,9019900,7985081,0.881,0.8852737835231,1.837937811
2022-09-22,513220.SH,招商中证全球中国互联网ETF(QDII),20220715,中证全球中国互联网指数,中证全球中国互联网指数(人民币)收益率,招商基金管理有限公司,中国建设银行股份有限公司,跨境型ETF,,930796.CSI,110220694.78,6110400,5233362,0.853,0.85646798900236,-0.081996017
2022-09-23,513220.SH,招商中证全球中国互联网ETF(QDII),20220715,中证全球中国互联网指数,中证全球中国互联网指数(人民币)收益率,招商基金管理有限公司,中国建设银行股份有限公司,跨境型ETF,,930796.CSI,107612684.9,2541200,2158735,0.847,0.8494943333858,1.619676065
2022-09-26,513220.SH,招商中证全球中国互联网ETF(QDII),20220715,中证全球中国互联网指数,中证全球中国互联网指数(人民币)收益率,招商基金管理有限公司,中国建设银行股份有限公司,跨境型ETF,,930796.CSI,107558707.26,23628500,20126425,0.849,0.85178597879679,-0.457263454
2022-09-27,513220.SH,招商中证全球中国互联网ETF(QDII),20220715,中证全球中国互联网指数,中证全球中国互联网指数(人民币)收益率,招商基金管理有限公司,中国建设银行股份有限公司,跨境型ETF,,930796.CSI,109046798.18,6413900,5444944,0.855,0.84892873290822,-1.121776339
2022-09-28,513220.SH,招商中证全球中国互联网ETF(QDII),20220715,中证全球中国互联网指数,中证全球中国互联网指数(人民币)收益率,招商基金管理有限公司,中国建设银行股份有限公司,跨境型ETF,,930796.CSI,106537221.12,6843400,5837870,0.848,0.85306572756232,0.378787879
2022-09-29,513220.SH,招商中证全球中国互联网ETF(QDII),20220715,中证全球中国互联网指数,中证全球中国互联网指数(人民币)收益率,招商基金管理有限公司,中国建设银行股份有限公司,跨境型ETF,,930796.CSI,105818397.54,5134700,4395755,0.836,0.85608798956122,-0.369443451
2022-09-30,513220.SH,招商中证全球中国互联网ETF(QDII),20220715,中证全球中国互联网指数,中证全球中国互联网指数(人民币)收益率,招商基金管理有限公司,中国建设银行股份有限公司,跨境型ETF,,930796.CSI,105263529.5352,9847000,8141226,0.821,0.82677221488778,-1.641308254
2022-10-10,513220.SH,招商中证全球中国互联网ETF(QDII),20220715,中证全球中国互联网指数,中证全球中国互联网指数(人民币)收益率,招商基金管理有限公司,中国建设银行股份有限公司,跨境型ETF,,930796.CSI,103107045.44,3819900,3146015,0.82,0.82358569596063,0.293542074
2022-10-11,513220.SH,招商中证全球中国互联网ETF(QDII),20220715,中证全球中国互联网指数,中证全球中国互联网指数(人民币)收益率,招商基金管理有限公司,中国建设银行股份有限公司,跨境型ETF,,930796.CSI,103956886.86,32800900,26512076,0.798,0.80827282178233,1.410598551
2022-10-12,513220.SH,招商中证全球中国互联网ETF(QDII),20220715,中证全球中国互联网指数,中证全球中国互联网指数(人民币)收益率,招商基金管理有限公司,中国建设银行股份有限公司,跨境型ETF,,930796.CSI,105790660.2,27543700,21602387,0.796,0.78429502935335,1.660280971
2022-10-13,513220.SH,招商中证全球中国互联网ETF(QDII),20220715,中证全球中国互联网指数,中证全球中国互联网指数(人民币)收益率,招商基金管理有限公司,中国建设银行股份有限公司,跨境型ETF,,930796.CSI,102777720.58,19544300,15241121,0.772,0.7798243477638,1.485473906
2022-10-14,513220.SH,招商中证全球中国互联网ETF(QDII),20220715,中证全球中国互联网指数,中证全球中国互联网指数(人民币)收益率,招商基金管理有限公司,中国建设银行股份有限公司,跨境型ETF,,930796.CSI,100233136.3,19434800,15269373,0.776,0.78567173317966,1.504251145
2022-10-17,513220.SH,招商中证全球中国互联网ETF(QDII),20220715,中证全球中国互联网指数,中证全球中国互联网指数(人民币)收益率,招商基金管理有限公司,中国建设银行股份有限公司,跨境型ETF,,930796.CSI,100298691.0,20514700,15525112,0.769,0.75677987004441,0.522875817
2022-10-18,513220.SH,招商中证全球中国互联网ETF(QDII),20220715,中证全球中国互联网指数,中证全球中国互联网指数(人民币)收益率,招商基金管理有限公司,中国建设银行股份有限公司,跨境型ETF,,930796.CSI,103248652.5,19741600,15480456,0.786,0.78415407059205,-0.19047619
2022-10-19,513220.SH,招商中证全球中国互联网ETF(QDII),20220715,中证全球中国互联网指数,中证全球中国互联网指数(人民币)收益率,招商基金管理有限公司,中国建设银行股份有限公司,跨境型ETF,,930796.CSI,99187737.52,20421100,15899583,0.77,0.77858602132108,2.557272243
2022-10-20,513220.SH,招商中证全球中国互联网ETF(QDII),20220715,中证全球中国互联网指数,中证全球中国互联网指数(人民币)收益率,招商基金管理有限公司,中国建设银行股份有限公司,跨境型ETF,,930796.CSI,105755730.72,23220600,17125095,0.737,0.73749580114209,1.125137212
2022-10-21,513220.SH,招商中证全球中国互联网ETF(QDII),20220715,中证全球中国互联网指数,中证全球中国互联网指数(人民币)收益率,招商基金管理有限公司,中国建设银行股份有限公司,跨境型ETF,,930796.CSI,105828285.42,20734100,15264268,0.735,0.73619149131141,0.78157137
2022-10-24,513220.SH,招商中证全球中国互联网ETF(QDII),20220715,中证全球中国互联网指数,中证全球中国互联网指数(人民币)收益率,招商基金管理有限公司,中国建设银行股份有限公司,跨境型ETF,,930796.CSI,108580830.02,48413700,33317216,0.667,0.68817743737826,4.496318346
2022-10-25,513220.SH,招商中证全球中国互联网ETF(QDII),20220715,中证全球中国互联网指数,中证全球中国互联网指数(人民币)收益率,招商基金管理有限公司,中国建设银行股份有限公司,跨境型ETF,,930796.CSI,109000988.28,81531300,54051250,0.663,0.66295091578326,1.03626943
2022-10-26,513220.SH,招商中证全球中国互联网ETF(QDII),20220715,中证全球中国互联网指数,中证全球中国互联网指数(人民币)收益率,招商基金管理有限公司,中国建设银行股份有限公司,跨境型ETF,,930796.CSI,111151648.08,45169000,30574079,0.663,0.67688191015962,-1.515151515
2022-10-27,513220.SH,招商中证全球中国互联网ETF(QDII),20220715,中证全球中国互联网指数,中证全球中国互联网指数(人民币)收益率,招商基金管理有限公司,中国建设银行股份有限公司,跨境型ETF,,930796.CSI,102494698.32,68332000,47337822,0.681,0.69276213194404,-0.263620387
2022-10-28,513220.SH,招商中证全球中国互联网ETF(QDII),20220715,中证全球中国互联网指数,中证全球中国互联网指数(人民币)收益率,招商基金管理有限公司,中国建设银行股份有限公司,跨境型ETF,,930796.CSI,102328403.68,60076300,39550409,0.642,0.65833629900643,-0.803461063
2022-10-31,513220.SH,招商中证全球中国互联网ETF(QDII),20220715,中证全球中国互联网指数,中证全球中国互联网指数(人民币)收益率,招商基金管理有限公司,中国建设银行股份有限公司,跨境型ETF,,930796.CSI,107981547.6,101133900,67131992,0.664,0.66379316925383,1.529051988
2022-11-01,513220.SH,招商中证全球中国互联网ETF(QDII),20220715,中证全球中国互联网指数,中证全球中国互联网指数(人民币)收益率,招商基金管理有限公司,中国建设银行股份有限公司,跨境型ETF,,930796.CSI,110353734.86,60263700,41804169,0.716,0.69368739390379,1.287310794
2022-11-02,513220.SH,招商中证全球中国互联网ETF(QDII),20220715,中证全球中国互联网指数,中证全球中国互联网指数(人民币)收益率,招商基金管理有限公司,中国建设银行股份有限公司,跨境型ETF,,930796.CSI,112392271.24,45622700,32393404,0.717,0.71002820964125,-1.04885454
2022-11-03,513220.SH,招商中证全球中国互联网ETF(QDII),20220715,中证全球中国互联网指数,中证全球中国互联网指数(人民币)收益率,招商基金管理有限公司,中国建设银行股份有限公司,跨境型ETF,,930796.CSI,109228039.48,53266900,37544337,0.703,0.70483427794747,-0.170406135
2022-11-04,513220.SH,招商中证全球中国互联网ETF(QDII),20220715,中证全球中国互联网指数,中证全球中国互联网指数(人民币)收益率,招商基金管理有限公司,中国建设银行股份有限公司,跨境型ETF,,930796.CSI,107295778.52,112140500,83825302,0.769,0.74750248126234,0.417863672
2022-11-07,513220.SH,招商中证全球中国互联网ETF(QDII),20220715,中证全球中国互联网指数,中证全球中国互联网指数(人民币)收益率,招商基金管理有限公司,中国建设银行股份有限公司,跨境型ETF,,930796.CSI,108710883.46,69154000,53372308,0.774,0.77178916620875,-0.244876917
2022-11-08,513220.SH,招商中证全球中国互联网ETF(QDII),20220715,中证全球中国互联网指数,中证全球中国互联网指数(人民币)收益率,招商基金管理有限公司,中国建设银行股份有限公司,跨境型ETF,,930796.CSI,107225723.82,32244900,24856743,0.763,0.77087362652699,-0.300535738
2022-11-09,513220.SH,招商中证全球中国互联网ETF(QDII),20220715,中证全球中国互联网指数,中证全球中国互联网指数(人民币)收益率,招商基金管理有限公司,中国建设银行股份有限公司,跨境型ETF,,930796.CSI,106813887.28,43210700,32502835,0.74,0.75219413247182,-0.161899622
2022-11-10,513220.SH,招商中证全球中国互联网ETF(QDII),20220715,中证全球中国互联网指数,中证全球中国互联网指数(人民币)收益率,招商基金管理有限公司,中国建设银行股份有限公司,跨境型ETF,,930796.CSI,105617779.26,21104700,15327122,0.722,0.72624211668491,-1.487242461
2022-11-11,513220.SH,招商中证全球中国互联网ETF(QDII),20220715,中证全球中国互联网指数,中证全球中国互联网指数(人民币)收益率,招商基金管理有限公司,中国建设银行股份有限公司,跨境型ETF,,930796.CSI,112191731.1,52868100,40996478,0.79,0.77544829490752,-2.045877247
2022-11-14,513220.SH,招商中证全球中国互联网ETF(QDII),20220715,中证全球中国互联网指数,中证全球中国互联网指数(人民币)收益率,招商基金管理有限公司,中国建设银行股份有限公司,跨境型ETF,,930796.CSI,113649510.76,66964800,54105912,0.798,0.80797541394882,-0.918798113
2022-11-15,513220.SH,招商中证全球中国互联网ETF(QDII),20220715,中证全球中国互联网指数,中证全球中国互联网指数(人民币)收益率,招商基金管理有限公司,中国建设银行股份有限公司,跨境型ETF,,930796.CSI,119630362.28,91889100,77094817,0.857,0.83899849927793,-1.062110367
2022-11-16,513220.SH,招商中证全球中国互联网ETF(QDII),20220715,中证全球中国互联网指数,中证全球中国互联网指数(人民币)收益率,招商基金管理有限公司,中国建设银行股份有限公司,跨境型ETF,,930796.CSI,122888041.78,73108500,63532429,0.857,0.86901562745782,-0.197973681
2022-11-17,513220.SH,招商中证全球中国互联网ETF(QDII),20220715,中证全球中国互联网指数,中证全球中国互联网指数(人民币)收益率,招商基金管理有限公司,中国建设银行股份有限公司,跨境型ETF,,930796.CSI,121857654.1,52638400,44128659,0.849,0.8383358726709,-0.29359953
2022-11-18,513220.SH,招商中证全球中国互联网ETF(QDII),20220715,中证全球中国互联网指数,中证全球中国互联网指数(人民币)收益率,招商基金管理有限公司,中国建设银行股份有限公司,跨境型ETF,,930796.CSI,123617899.72,76346400,66972342,0.863,0.87721676464116,-0.092614031
2022-11-21,513220.SH,招商中证全球中国互联网ETF(QDII),20220715,中证全球中国互联网指数,中证全球中国互联网指数(人民币)收益率,招商基金管理有限公司,中国建设银行股份有限公司,跨境型ETF,,930796.CSI,126206570.88,59516800,49889785,0.838,0.83824709997849,0.335249042
2022-11-22,513220.SH,招商中证全球中国互联网ETF(QDII),20220715,中证全球中国互联网指数,中证全球中国互联网指数(人民币)收益率,招商基金管理有限公司,中国建设银行股份有限公司,跨境型ETF,,930796.CSI,122897275.02,45357600,37123941,0.801,0.81847233980634,-1.512357064
2022-11-23,513220.SH,招商中证全球中国互联网ETF(QDII),20220715,中证全球中国互联网指数,中证全球中国互联网指数(人民币)收益率,招商基金管理有限公司,中国建设银行股份有限公司,跨境型ETF,,930796.CSI,124242148.68,66653500,54107344,0.822,0.81177048467072,-0.024324982
2022-11-24,513220.SH,招商中证全球中国互联网ETF(QDII),20220715,中证全球中国互联网指数,中证全球中国互联网指数(人民币)收益率,招商基金管理有限公司,中国建设银行股份有限公司,跨境型ETF,,930796.CSI,124075928.34,48285400,39645516,0.815,0.82106632646721,-0.742905858
2022-11-25,513220.SH,招商中证全球中国互联网ETF(QDII),20220715,中证全球中国互联网指数,中证全球中国互联网指数(人民币)收益率,招商基金管理有限公司,中国建设银行股份有限公司,跨境型ETF,,930796.CSI,121930174.86,39145800,31626287,0.807,0.80791009508044,0.012393109
2022-11-28,513220.SH,招商中证全球中国互联网ETF(QDII),20220715,中证全球中国互联网指数,中证全球中国互联网指数(人民币)收益率,招商基金管理有限公司,中国建设银行股份有限公司,跨境型ETF,,930796.CSI,121273384.26,51990500,41017019,0.792,0.78893295890595,-1.968065355
2022-11-29,513220.SH,招商中证全球中国互联网ETF(QDII),20220715,中证全球中国互联网指数,中证全球中国互联网指数(人民币)收益率,招商基金管理有限公司,中国建设银行股份有限公司,跨境型ETF,,930796.CSI,118653075.08,73304800,61870355,0.856,0.84401505767699,-2.527897973
2022-11-30,513220.SH,招商中证全球中国互联网ETF(QDII),20220715,中证全球中国互联网指数,中证全球中国互联网指数(人民币)收益率,招商基金管理有限公司,中国建设银行股份有限公司,跨境型ETF,,930796.CSI,124084007.0,61887600,53938690,0.869,0.87155892295064,-3.977900552
2022-12-01,513220.SH,招商中证全球中国互联网ETF(QDII),20220715,中证全球中国互联网指数,中证全球中国互联网指数(人民币)收益率,招商基金管理有限公司,中国建设银行股份有限公司,跨境型ETF,,930796.CSI,120417718.1,65651800,59836875,0.906,0.91142779025099,-0.603400987
2022-12-02,513220.SH,招商中证全球中国互联网ETF(QDII),20220715,中证全球中国互联网指数,中证全球中国互联网指数(人民币)收益率,招商基金管理有限公司,中国建设银行股份有限公司,跨境型ETF,,930796.CSI,121791655.86,38298500,34922427,0.907,0.91184842748411,-1.616227357
2022-12-05,513220.SH,招商中证全球中国互联网ETF(QDII),20220715,中证全球中国互联网指数,中证全球中国互联网指数(人民币)收益率,招商基金管理有限公司,中国建设银行股份有限公司,跨境型ETF,,930796.CSI,123410658.84,63976600,60887191,0.972,0.95171032846384,-0.674432863
2022-12-06,513220.SH,招商中证全球中国互联网ETF(QDII),20220715,中证全球中国互联网指数,中证全球中国互联网指数(人民币)收益率,招商基金管理有限公司,中国建设银行股份有限公司,跨境型ETF,,930796.CSI,121859781.78,45088600,43637469,0.955,0.96781601114251,-0.385939293
2022-12-07,513220.SH,招商中证全球中国互联网ETF(QDII),20220715,中证全球中国互联网指数,中证全球中国互联网指数(人民币)收益率,招商基金管理有限公司,中国建设银行股份有限公司,跨境型ETF,,930796.CSI,118449951.24,54703700,53082746,0.949,0.97036847598974,2.638979018
2022-12-08,513220.SH,招商中证全球中国互联网ETF(QDII),20220715,中证全球中国互联网指数,中证全球中国互联网指数(人民币)收益率,招商基金管理有限公司,中国建设银行股份有限公司,跨境型ETF,,930796.CSI,125403960.22,60586900,57969029,0.967,0.95679146812265,-0.442705652
2022-12-09,513220.SH,招商中证全球中国互联网ETF(QDII),20220715,中证全球中国互联网指数,中证全球中国互联网指数(人民币)收益率,招商基金管理有限公司,中国建设银行股份有限公司,跨境型ETF,,930796.CSI,128089435.74,57449400,56342498,0.987,0.98073257510087,-0.514061083
2022-12-12,513220.SH,招商中证全球中国互联网ETF(QDII),20220715,中证全球中国互联网指数,中证全球中国互联网指数(人民币)收益率,招商基金管理有限公司,中国建设银行股份有限公司,跨境型ETF,,930796.CSI,124960369.14,79878200,77343721,0.954,0.96827070464783,0.094428706
2022-12-13,513220.SH,招商中证全球中国互联网ETF(QDII),20220715,中证全球中国互联网指数,中证全球中国互联网指数(人民币)收益率,招商基金管理有限公司,中国建设银行股份有限公司,跨境型ETF,,930796.CSI,123394974.08,60189100,57988060,0.959,0.96343125250253,-0.436046512
2022-12-14,513220.SH,招商中证全球中国互联网ETF(QDII),20220715,中证全球中国互联网指数,中证全球中国互联网指数(人民币)收益率,招商基金管理有限公司,中国建设银行股份有限公司,跨境型ETF,,930796.CSI,123257985.18,45201600,43640029,0.966,0.96545319192241,-0.381561308
2022-12-15,513220.SH,招商中证全球中国互联网ETF(QDII),20220715,中证全球中国互联网指数,中证全球中国互联网指数(人民币)收益率,招商基金管理有限公司,中国建设银行股份有限公司,跨境型ETF,,930796.CSI,117915609.5,57197700,54147002,0.941,0.94666397425071,-0.159151194
2022-12-16,513220.SH,招商中证全球中国互联网ETF(QDII),20220715,中证全球中国互联网指数,中证全球中国互联网指数(人民币)收益率,招商基金管理有限公司,中国建设银行股份有限公司,跨境型ETF,,930796.CSI,114188006.58,62480500,59120158,0.951,0.94621774793736,0.031555696
2022-12-19,513220.SH,招商中证全球中国互联网ETF(QDII),20220715,中证全球中国互联网指数,中证全球中国互联网指数(人民币)收益率,招商基金管理有限公司,中国建设银行股份有限公司,跨境型ETF,,930796.CSI,112156686.24,42282300,40583199,0.949,0.95981531279046,-0.063184499
2022-12-20,513220.SH,招商中证全球中国互联网ETF(QDII),20220715,中证全球中国互联网指数,中证全球中国互联网指数(人民币)收益率,招商基金管理有限公司,中国建设银行股份有限公司,跨境型ETF,,930796.CSI,114171657.56,54983800,51169945,0.915,0.93063675118853,-1.337071382
2022-12-21,513220.SH,招商中证全球中国互联网ETF(QDII),20220715,中证全球中国互联网指数,中证全球中国互联网指数(人民币)收益率,招商基金管理有限公司,中国建设银行股份有限公司,跨境型ETF,,930796.CSI,114417876.36,19939800,18389715,0.92,0.92226175789125,-1.011405208
2022-12-22,513220.SH,招商中证全球中国互联网ETF(QDII),20220715,中证全球中国互联网指数,中证全球中国互联网指数(人民币)收益率,招商基金管理有限公司,中国建设银行股份有限公司,跨境型ETF,,930796.CSI,113256500.74,55381400,53323024,0.965,0.96283272001069,-0.217144039
2022-12-23,513220.SH,招商中证全球中国互联网ETF(QDII),20220715,中证全球中国互联网指数,中证全球中国互联网指数(人民币)收益率,招商基金管理有限公司,中国建设银行股份有限公司,跨境型ETF,,930796.CSI,111546703.5,28317000,27206187,0.956,0.96077222163365,0.367454068
2022-12-26,513220.SH,招商中证全球中国互联网ETF(QDII),20220715,中证全球中国互联网指数,中证全球中国互联网指数(人民币)收益率,招商基金管理有限公司,中国建设银行股份有限公司,跨境型ETF,,930796.CSI,111441305.04,11127200,10576507,0.944,0.9505092925444,-0.798654897
2022-12-27,513220.SH,招商中证全球中国互联网ETF(QDII),20220715,中证全球中国互联网指数,中证全球中国互联网指数(人民币)收益率,招商基金管理有限公司,中国建设银行股份有限公司,跨境型ETF,,930796.CSI,111558414.44,4447700,4245985,0.963,0.95464734581919,1.091748898
2022-12-28,513220.SH,招商中证全球中国互联网ETF(QDII),20220715,中证全球中国互联网指数,中证全球中国互联网指数(人民币)收益率,招商基金管理有限公司,中国建设银行股份有限公司,跨境型ETF,,930796.CSI,112448445.88,24798500,23913593,0.959,0.9643161078291,-0.124973964
2022-12-29,513220.SH,招商中证全球中国互联网ETF(QDII),20220715,中证全球中国互联网指数,中证全球中国互联网指数(人民币)收益率,招商基金管理有限公司,中国建设银行股份有限公司,跨境型ETF,,930796.CSI,111616969.14,40835300,38538000,0.943,0.9437423013912,-1.059699927
2022-12-30,513220.SH,招商中证全球中国互联网ETF(QDII),20220715,中证全球中国互联网指数,中证全球中国互联网指数(人民币)收益率,招商基金管理有限公司,中国建设银行股份有限公司,跨境型ETF,,930796.CSI,109885936.16,59177200,56278618,0.941,0.95101860175879,-0.570583263
2023-01-03,513220.SH,招商中证全球中国互联网ETF(QDII),20220715,中证全球中国互联网指数,中证全球中国互联网指数(人民币)收益率,招商基金管理有限公司,中国建设银行股份有限公司,跨境型ETF,,930796.CSI,102639622.62,71236400,66679508,0.955,0.93603141090791,-1.271580689
2023-01-04,513220.SH,招商中证全球中国互联网ETF(QDII),20220715,中证全球中国互联网指数,中证全球中国互联网指数(人民币)收益率,招商基金管理有限公司,中国建设银行股份有限公司,跨境型ETF,,930796.CSI,101821270.74,53227000,52400699,1.003,0.98447590508576,-1.386294366
2023-01-05,513220.SH,招商中证全球中国互联网ETF(QDII),20220715,中证全球中国互联网指数,中证全球中国互联网指数(人民币)收益率,招商基金管理有限公司,中国建设银行股份有限公司,跨境型ETF,,930796.CSI,98942308.82,71903100,73690403,1.019,1.0248571063,-2.047486302
2023-01-06,513220.SH,招商中证全球中国互联网ETF(QDII),20220715,中证全球中国互联网指数,中证全球中国互联网指数(人民币)收益率,招商基金管理有限公司,中国建设银行股份有限公司,跨境型ETF,,930796.CSI,96340296.18,48210400,49486704,1.016,1.0264736239484,-1.807287136
2023-01-09,513220.SH,招商中证全球中国互联网ETF(QDII),20220715,中证全球中国互联网指数,中证全球中国互联网指数(人民币)收益率,招商基金管理有限公司,中国建设银行股份有限公司,跨境型ETF,,930796.CSI,88626074.78,55321200,57408876,1.045,1.0377373592764,-0.825661953
2023-01-10,513220.SH,招商中证全球中国互联网ETF(QDII),20220715,中证全球中国互联网指数,中证全球中国互联网指数(人民币)收益率,招商基金管理有限公司,中国建设银行股份有限公司,跨境型ETF,,930796.CSI,90297604.04,42408000,43918263,1.037,1.0356126910017,0.038587691
2023-01-11,513220.SH,招商中证全球中国互联网ETF(QDII),20220715,中证全球中国互联网指数,中证全球中国互联网指数(人民币)收益率,招商基金管理有限公司,中国建设银行股份有限公司,跨境型ETF,,930796.CSI,90628619.76,38473200,40293661,1.035,1.0473176392918,-0.519031142
2023-01-12,513220.SH,招商中证全球中国互联网ETF(QDII),20220715,中证全球中国互联网指数,中证全球中国互联网指数(人民币)收益率,招商基金管理有限公司,中国建设银行股份有限公司,跨境型ETF,,930796.CSI,89705260.12,25421500,26047219,1.011,1.0246137718073,-1.825597203
2023-01-13,513220.SH,招商中证全球中国互联网ETF(QDII),20220715,中证全球中国互联网指数,中证全球中国互联网指数(人民币)收益率,招商基金管理有限公司,中国建设银行股份有限公司,跨境型ETF,,930796.CSI,89786271.38,38137900,38881848,1.026,1.0195067898337,-1.601611202
2023-01-16,513220.SH,招商中证全球中国互联网ETF(QDII),20220715,中证全球中国互联网指数,中证全球中国互联网指数(人民币)收益率,招商基金管理有限公司,中国建设银行股份有限公司,跨境型ETF,,930796.CSI,88968232.08,71070500,73275155,1.023,1.0310206766521,-0.987224158
2023-01-17,513220.SH,招商中证全球中国互联网ETF(QDII),20220715,中证全球中国互联网指数,中证全球中国互联网指数(人民币)收益率,招商基金管理有限公司,中国建设银行股份有限公司,跨境型ETF,,930796.CSI,89679127.3,51376400,52727940,1.024,1.0263066310602,-0.534239922
2023-01-18,513220.SH,招商中证全球中国互联网ETF(QDII),20220715,中证全球中国互联网指数,中证全球中国互联网指数(人民币)收益率,招商基金管理有限公司,中国建设银行股份有限公司,跨境型ETF,,930796.CSI,87441397.56,27933800,28763494,1.028,1.0297021529473,0.058399844
2023-01-19,513220.SH,招商中证全球中国互联网ETF(QDII),20220715,中证全球中国互联网指数,中证全球中国互联网指数(人民币)收益率,招商基金管理有限公司,中国建设银行股份有限公司,跨境型ETF,,930796.CSI,86837120.82,38177700,38921830,1.02,1.0194912213151,-0.029403117
2023-01-20,513220.SH,招商中证全球中国互联网ETF(QDII),20220715,中证全球中国互联网指数,中证全球中国互联网指数(人民币)收益率,招商基金管理有限公司,中国建设银行股份有限公司,跨境型ETF,,930796.CSI,89356359.06,49364500,51006667,1.042,1.0332661528021,-0.752452615
2023-01-30,513220.SH,招商中证全球中国互联网ETF(QDII),20220715,中证全球中国互联网指数,中证全球中国互联网指数(人民币)收益率,招商基金管理有限公司,中国建设银行股份有限公司,跨境型ETF,,930796.CSI,84605215.14,33545900,35701880,1.045,1.0642695530601,0.182149362
2023-01-31,513220.SH,招商中证全球中国互联网ETF(QDII),20220715,中证全球中国互联网指数,中证全球中国互联网指数(人民币)收益率,招商基金管理有限公司,中国建设银行股份有限公司,跨境型ETF,,930796.CSI,83794121.14,38311400,39287791,1.014,1.0254856517903,-1.848804569
2023-02-01,513220.SH,招商中证全球中国互联网ETF(QDII),20220715,中证全球中国互联网指数,中证全球中国互联网指数(人民币)收益率,招商基金管理有限公司,中国建设银行股份有限公司,跨境型ETF,,930796.CSI,81990425.02,31303200,32201297,1.051,1.0286902616985,-1.156776074
2023-02-02,513220.SH,招商中证全球中国互联网ETF(QDII),20220715,中证全球中国互联网指数,中证全球中国互联网指数(人民币)收益率,招商基金管理有限公司,中国建设银行股份有限公司,跨境型ETF,,930796.CSI,79952924.7,40155300,42602530,1.057,1.0609441343982,0.618752975
2023-02-03,513220.SH,招商中证全球中国互联网ETF(QDII),20220715,中证全球中国互联网指数,中证全球中国互联网指数(人民币)收益率,招商基金管理有限公司,中国建设银行股份有限公司,跨境型ETF,,930796.CSI,79684853.96,23415200,24266414,1.038,1.0363530527179,0.445132572
2023-02-06,513220.SH,招商中证全球中国互联网ETF(QDII),20220715,中证全球中国互联网指数,中证全球中国互联网指数(人民币)收益率,招商基金管理有限公司,中国建设银行股份有限公司,跨境型ETF,,930796.CSI,80646132.98,19184900,19393587,1.007,1.0108776694171,0.029800338
2023-02-07,513220.SH,招商中证全球中国互联网ETF(QDII),20220715,中证全球中国互联网指数,中证全球中国互联网指数(人民币)收益率,招商基金管理有限公司,中国建设银行股份有限公司,跨境型ETF,,930796.CSI,82416550.72,19787100,20286757,1.021,1.0252516538553,-0.758164852
2023-02-08,513220.SH,招商中证全球中国互联网ETF(QDII),20220715,中证全球中国互联网指数,中证全球中国互联网指数(人民币)收益率,招商基金管理有限公司,中国建设银行股份有限公司,跨境型ETF,,930796.CSI,80614089.22,17538700,17763345,1.007,1.0128085319893,0.069561761
2023-02-09,513220.SH,招商中证全球中国互联网ETF(QDII),20220715,中证全球中国互联网指数,中证全球中国互联网指数(人民币)收益率,招商基金管理有限公司,中国建设银行股份有限公司,跨境型ETF,,930796.CSI,81577613.28,24247200,24694963,1.03,1.0184665858326,-0.116369279
2023-02-10,513220.SH,招商中证全球中国互联网ETF(QDII),20220715,中证全球中国互联网指数,中证全球中国互联网指数(人民币)收益率,招商基金管理有限公司,中国建设银行股份有限公司,跨境型ETF,,930796.CSI,78492346.68,44609400,44865398,0.998,1.0057386559783,0.584559565
2023-02-13,513220.SH,招商中证全球中国互联网ETF(QDII),20220715,中证全球中国互联网指数,中证全球中国互联网指数(人民币)收益率,招商基金管理有限公司,中国建设银行股份有限公司,跨境型ETF,,930796.CSI,81547390.76,26018600,25915421,1,0.99603441384241,-0.537099662
2023-02-14,513220.SH,招商中证全球中国互联网ETF(QDII),20220715,中证全球中国互联网指数,中证全球中国互联网指数(人民币)收益率,招商基金管理有限公司,中国建设银行股份有限公司,跨境型ETF,,930796.CSI,80647076.42,19210700,19207182,0.998,0.99981687288855,0.37212109
2023-02-15,513220.SH,招商中证全球中国互联网ETF(QDII),20220715,中证全球中国互联网指数,中证全球中国互联网指数(人民币)收益率,招商基金管理有限公司,中国建设银行股份有限公司,跨境型ETF,,930796.CSI,80209085.66,23291600,23012203,0.989,0.98800438784798,0.010112246
2023-02-16,513220.SH,招商中证全球中国互联网ETF(QDII),20220715,中证全球中国互联网指数,中证全球中国互联网指数(人民币)收益率,招商基金管理有限公司,中国建设银行股份有限公司,跨境型ETF,,930796.CSI,73745451.78,53795100,54366880,1.007,1.0106288490959,-0.168533756
2023-02-17,513220.SH,招商中证全球中国互联网ETF(QDII),20220715,中证全球中国互联网指数,中证全球中国互联网指数(人民币)收益率,招商基金管理有限公司,中国建设银行股份有限公司,跨境型ETF,,930796.CSI,71910405.84,39156300,39265518,0.989,1.0027892829506,0.54900366
2023-02-20,513220.SH,招商中证全球中国互联网ETF(QDII),20220715,中证全球中国互联网指数,中证全球中国互联网指数(人民币)收益率,招商基金管理有限公司,中国建设银行股份有限公司,跨境型ETF,,930796.CSI,72590323.26,30100100,29910626,1,0.9937052036372,0.715077047
2023-02-21,513220.SH,招商中证全球中国互联网ETF(QDII),20220715,中证全球中国互联网指数,中证全球中国互联网指数(人民币)收益率,招商基金管理有限公司,中国建设银行股份有限公司,跨境型ETF,,930796.CSI,80794353.42,39840100,39146421,0.968,0.98258842221782,1.969872538
2023-02-22,513220.SH,招商中证全球中国互联网ETF(QDII),20220715,中证全球中国互联网指数,中证全球中国互联网指数(人民币)收益率,招商基金管理有限公司,中国建设银行股份有限公司,跨境型ETF,,930796.CSI,83843034.46,40137600,37973474,0.943,0.94608232679582,0.223190562
2023-02-23,513220.SH,招商中证全球中国互联网ETF(QDII),20220715,中证全球中国互联网指数,中证全球中国互联网指数(人民币)收益率,招商基金管理有限公司,中国建设银行股份有限公司,跨境型ETF,,930796.CSI,84841059.74,37280800,35468365,0.951,0.95138422458746,-0.115534083
2023-02-24,513220.SH,招商中证全球中国互联网ETF(QDII),20220715,中证全球中国互联网指数,中证全球中国互联网指数(人民币)收益率,招商基金管理有限公司,中国建设银行股份有限公司,跨境型ETF,,930796.CSI,83255769.72,33428900,31167410,0.927,0.93234925468681,1.4445174
2023-02-27,513220.SH,招商中证全球中国互联网ETF(QDII),20220715,中证全球中国互联网指数,中证全球中国互联网指数(人民币)收益率,招商基金管理有限公司,中国建设银行股份有限公司,跨境型ETF,,930796.CSI,84185085.6,44546000,41355419,0.923,0.9283755892785,-0.108225108
2023-02-28,513220.SH,招商中证全球中国互联网ETF(QDII),20220715,中证全球中国互联网指数,中证全球中国互联网指数(人民币)收益率,招商基金管理有限公司,中国建设银行股份有限公司,跨境型ETF,,930796.CSI,83328657.24,31981200,29623294,0.92,0.92627212237189,0.590422042
2023-03-01,513220.SH,招商中证全球中国互联网ETF(QDII),20220715,中证全球中国互联网指数,中证全球中国互联网指数(人民币)收益率,招商基金管理有限公司,中国建设银行股份有限公司,跨境型ETF,,930796.CSI,79293047.58,46232900,43723552,0.963,0.94572375948729,-0.279589935
2023-03-02,513220.SH,招商中证全球中国互联网ETF(QDII),20220715,中证全球中国互联网指数,中证全球中国互联网指数(人民币)收益率,招商基金管理有限公司,中国建设银行股份有限公司,跨境型ETF,,930796.CSI,82675531.54,31891500,30260137,0.946,0.94884646379129,-0.326625224
2023-03-03,513220.SH,招商中证全球中国互联网ETF(QDII),20220715,中证全球中国互联网指数,中证全球中国互联网指数(人民币)收益率,招商基金管理有限公司,中国建设银行股份有限公司,跨境型ETF,,930796.CSI,82343344.5,22958700,22135843,0.967,0.96415925117711,-0.051679587
2023-03-06,513220.SH,招商中证全球中国互联网ETF(QDII),20220715,中证全球中国互联网指数,中证全球中国互联网指数(人民币)收益率,招商基金管理有限公司,中国建设银行股份有限公司,跨境型ETF,,930796.CSI,81534805.2,22843200,21978971,0.964,0.96216690306087,0.626304802
2023-03-07,513220.SH,招商中证全球中国互联网ETF(QDII),20220715,中证全球中国互联网指数,中证全球中国互联网指数(人民币)收益率,招商基金管理有限公司,中国建设银行股份有限公司,跨境型ETF,,930796.CSI,80760309.66,35301700,33998846,0.947,0.9630937320299,-0.200231847
2023-03-08,513220.SH,招商中证全球中国互联网ETF(QDII),20220715,中证全球中国互联网指数,中证全球中国互联网指数(人民币)收益率,招商基金管理有限公司,中国建设银行股份有限公司,跨境型ETF,,930796.CSI,81747901.32,30158100,28009930,0.928,0.92876971692514,0.02155637
2023-03-09,513220.SH,招商中证全球中国互联网ETF(QDII),20220715,中证全球中国互联网指数,中证全球中国互联网指数(人民币)收益率,招商基金管理有限公司,中国建设银行股份有限公司,跨境型ETF,,930796.CSI,79941658.62,31437400,29150591,0.924,0.92725832925115,1.840626033
2023-03-10,513220.SH,招商中证全球中国互联网ETF(QDII),20220715,中证全球中国互联网指数,中证全球中国互联网指数(人民币)收益率,招商基金管理有限公司,中国建设银行股份有限公司,跨境型ETF,,930796.CSI,80945740.72,36654300,32386665,0.875,0.88357068611323,-0.432407829
2023-03-13,513220.SH,招商中证全球中国互联网ETF(QDII),20220715,中证全球中国互联网指数,中证全球中国互联网指数(人民币)收益率,招商基金管理有限公司,中国建设银行股份有限公司,跨境型ETF,,930796.CSI,74873258.46,37369000,33409747,0.895,0.89404980063689,-0.654900655
2023-03-14,513220.SH,招商中证全球中国互联网ETF(QDII),20220715,中证全球中国互联网指数,中证全球中国互联网指数(人民币)收益率,招商基金管理有限公司,中国建设银行股份有限公司,跨境型ETF,,930796.CSI,74058326.7,26402800,23351500,0.879,0.88443271168209,-0.170357751
2023-03-15,513220.SH,招商中证全球中国互联网ETF(QDII),20220715,中证全球中国互联网指数,中证全球中国互联网指数(人民币)收益率,招商基金管理有限公司,中国建设银行股份有限公司,跨境型ETF,,930796.CSI,74470462.76,34003300,30387851,0.891,0.89367358462267,0.632482494
2023-03-16,513220.SH,招商中证全球中国互联网ETF(QDII),20220715,中证全球中国互联网指数,中证全球中国互联网指数(人民币)收益率,招商基金管理有限公司,中国建设银行股份有限公司,跨境型ETF,,930796.CSI,74142436.1,32201200,28534607,0.877,0.88613489559395,-0.510493477
2023-03-17,513220.SH,招商中证全球中国互联网ETF(QDII),20220715,中证全球中国互联网指数,中证全球中国互联网指数(人民币)收益率,招商基金管理有限公司,中国建设银行股份有限公司,跨境型ETF,,930796.CSI,75022855.38,37364100,33623744,0.901,0.89989439060489,-0.188323917
2023-03-20,513220.SH,招商中证全球中国互联网ETF(QDII),20220715,中证全球中国互联网指数,中证全球中国互联网指数(人民币)收益率,招商基金管理有限公司,中国建设银行股份有限公司,跨境型ETF,,930796.CSI,76133615.6,44806500,39726518,0.884,0.88662399428654,1.14416476
2023-03-21,513220.SH,招商中证全球中国互联网ETF(QDII),20220715,中证全球中国互联网指数,中证全球中国互联网指数(人民币)收益率,招商基金管理有限公司,中国建设银行股份有限公司,跨境型ETF,,930796.CSI,80923369.08,45806500,40373446,0.886,0.88139119993887,-0.247691961
2023-03-22,513220.SH,招商中证全球中国互联网ETF(QDII),20220715,中证全球中国互联网指数,中证全球中国互联网指数(人民币)收益率,招商基金管理有限公司,中国建设银行股份有限公司,跨境型ETF,,930796.CSI,81087366.0,48432900,43528159,0.896,0.89873121369978,0.674157303
2023-03-23,513220.SH,招商中证全球中国互联网ETF(QDII),20220715,中证全球中国互联网指数,中证全球中国互联网指数(人民币)收益率,招商基金管理有限公司,中国建设银行股份有限公司,跨境型ETF,,930796.CSI,77698978.06,42108000,37973358,0.921,0.90180863493873,-1.486790031
2023-03-24,513220.SH,招商中证全球中国互联网ETF(QDII),20220715,中证全球中国互联网指数,中证全球中国互联网指数(人民币)收益率,招商基金管理有限公司,中国建设银行股份有限公司,跨境型ETF,,930796.CSI,77499515.5,28545600,26650902,0.93,0.93362556751303,-0.268096515
2023-03-27,513220.SH,招商中证全球中国互联网ETF(QDII),20220715,中证全球中国互联网指数,中证全球中国互联网指数(人民币)收益率,招商基金管理有限公司,中国建设银行股份有限公司,跨境型ETF,,930796.CSI,76817115.02,50805300,46937109,0.926,0.92386245135842,1.390561699
2023-03-28,513220.SH,招商中证全球中国互联网ETF(QDII),20220715,中证全球中国互联网指数,中证全球中国互联网指数(人民币)收益率,招商基金管理有限公司,中国建设银行股份有限公司,跨境型ETF,,930796.CSI,75959405.94,56366600,51759532,0.92,0.91826599440094,-0.551291752
2023-03-29,513220.SH,招商中证全球中国互联网ETF(QDII),20220715,中证全球中国互联网指数,中证全球中国互联网指数(人民币)收益率,招商基金管理有限公司,中国建设银行股份有限公司,跨境型ETF,,930796.CSI,78168148.8,37435600,35701939,0.946,0.9536895094509,-0.630252101
2023-03-30,513220.SH,招商中证全球中国互联网ETF(QDII),20220715,中证全球中国互联网指数,中证全球中国互联网指数(人民币)收益率,招商基金管理有限公司,中国建设银行股份有限公司,跨境型ETF,,930796.CSI,78997453.74,51450600,48870908,0.95,0.94986079851353,-1.257665523
2023-03-31,513220.SH,招商中证全球中国互联网ETF(QDII),20220715,中证全球中国互联网指数,中证全球中国互联网指数(人民币)收益率,招商基金管理有限公司,中国建设银行股份有限公司,跨境型ETF,,930796.CSI,76000461.768,30313600,29397655,0.97,0.96978435421725,-0.308324769
2023-04-03,513220.SH,招商中证全球中国互联网ETF(QDII),20220715,中证全球中国互联网指数,中证全球中国互联网指数(人民币)收益率,招商基金管理有限公司,中国建设银行股份有限公司,跨境型ETF,,930796.CSI,77163308.76,36796600,35660032,0.97,0.9691121462309,-0.553619028
2023-04-04,513220.SH,招商中证全球中国互联网ETF(QDII),20220715,中证全球中国互联网指数,中证全球中国互联网指数(人民币)收益率,招商基金管理有限公司,中国建设银行股份有限公司,跨境型ETF,,930796.CSI,75794716.14,33158600,31849066,0.965,0.96050695747106,0.720175347
2023-04-06,513220.SH,招商中证全球中国互联网ETF(QDII),20220715,中证全球中国互联网指数,中证全球中国互联网指数(人民币)收益率,招商基金管理有限公司,中国建设银行股份有限公司,跨境型ETF,,930796.CSI,80973083.16,38508900,36505904,0.945,0.94798615385015,-0.672692874
2023-04-07,513220.SH,招商中证全球中国互联网ETF(QDII),20220715,中证全球中国互联网指数,中证全球中国互联网指数(人民币)收益率,招商基金管理有限公司,中国建设银行股份有限公司,跨境型ETF,,930796.CSI,81202878.54,22992600,21987567,0.959,0.95628884945591,0.513573001
2023-04-10,513220.SH,招商中证全球中国互联网ETF(QDII),20220715,中证全球中国互联网指数,中证全球中国互联网指数(人民币)收益率,招商基金管理有限公司,中国建设银行股份有限公司,跨境型ETF,,930796.CSI,80658178.38,2892300,2764176,0.956,0.95570169069599,0.87580458
2023-04-11,513220.SH,招商中证全球中国互联网ETF(QDII),20220715,中证全球中国互联网指数,中证全球中国互联网指数(人民币)收益率,招商基金管理有限公司,中国建设银行股份有限公司,跨境型ETF,,930796.CSI,80504981.46,31812700,30156891,0.945,0.94795132132765,-0.095147479
2023-04-12,513220.SH,招商中证全球中国互联网ETF(QDII),20220715,中证全球中国互联网指数,中证全球中国互联网指数(人民币)收益率,招商基金管理有限公司,中国建设银行股份有限公司,跨境型ETF,,930796.CSI,81007782.36,31368400,29268279,0.928,0.93304978895959,0.935392647
2023-04-13,513220.SH,招商中证全球中国互联网ETF(QDII),20220715,中证全球中国互联网指数,中证全球中国互联网指数(人民币)收益率,招商基金管理有限公司,中国建设银行股份有限公司,跨境型ETF,,930796.CSI,81642032.28,36985700,33576882,0.907,0.90783416293324,-1.004147566
2023-04-14,513220.SH,招商中证全球中国互联网ETF(QDII),20220715,中证全球中国互联网指数,中证全球中国互联网指数(人民币)收益率,招商基金管理有限公司,中国建设银行股份有限公司,跨境型ETF,,930796.CSI,81285594.68,20218000,18445840,0.912,0.91234741319616,-0.021925016
2023-04-17,513220.SH,招商中证全球中国互联网ETF(QDII),20220715,中证全球中国互联网指数,中证全球中国互联网指数(人民币)收益率,招商基金管理有限公司,中国建设银行股份有限公司,跨境型ETF,,930796.CSI,82773721.66,26718800,24479092,0.927,0.91617482821085,-0.204543008
2023-04-18,513220.SH,招商中证全球中国互联网ETF(QDII),20220715,中证全球中国互联网指数,中证全球中国互联网指数(人民币)收益率,招商基金管理有限公司,中国建设银行股份有限公司,跨境型ETF,,930796.CSI,86228615.34,22947300,21080689,0.915,0.91865661755413,-1.198574668
2023-04-19,513220.SH,招商中证全球中国互联网ETF(QDII),20220715,中证全球中国互联网指数,中证全球中国互联网指数(人民币)收益率,招商基金管理有限公司,中国建设银行股份有限公司,跨境型ETF,,930796.CSI,84589889.9,18321300,16724004,0.912,0.91281754024005,0.385250413
2023-04-20,513220.SH,招商中证全球中国互联网ETF(QDII),20220715,中证全球中国互联网指数,中证全球中国互联网指数(人民币)收益率,招商基金管理有限公司,中国建设银行股份有限公司,跨境型ETF,,930796.CSI,85157857.24,28666500,26175546,0.914,0.91310575061483,-0.065602449
2023-04-21,513220.SH,招商中证全球中国互联网ETF(QDII),20220715,中证全球中国互联网指数,中证全球中国互联网指数(人民币)收益率,招商基金管理有限公司,中国建设银行股份有限公司,跨境型ETF,,930796.CSI,82569415.92,28158000,25333707,0.893,0.8996983805668,0.699142986
2023-04-24,513220.SH,招商中证全球中国互联网ETF(QDII),20220715,中证全球中国互联网指数,中证全球中国互联网指数(人民币)收益率,招商基金管理有限公司,中国建设银行股份有限公司,跨境型ETF,,930796.CSI,82590409.44,31531100,27895709,0.876,0.88470459324286,-0.182315406
2023-04-25,513220.SH,招商中证全球中国互联网ETF(QDII),20220715,中证全球中国互联网指数,中证全球中国互联网指数(人民币)收益率,招商基金管理有限公司,中国建设银行股份有限公司,跨境型ETF,,930796.CSI,81971707.26,29182800,24896215,0.855,0.853112621133,0.246218783
2023-04-26,513220.SH,招商中证全球中国互联网ETF(QDII),20220715,中证全球中国互联网指数,中证全球中国互联网指数(人民币)收益率,招商基金管理有限公司,中国建设银行股份有限公司,跨境型ETF,,930796.CSI,80483765.36,45876300,39594710,0.865,0.86307548777909,0.069412309
2023-04-27,513220.SH,招商中证全球中国互联网ETF(QDII),20220715,中证全球中国互联网指数,中证全球中国互联网指数(人民币)收益率,招商基金管理有限公司,中国建设银行股份有限公司,跨境型ETF,,930796.CSI,80896440.24,26266200,22462151,0.856,0.85517322642788,-0.418799442
2023-04-28,513220.SH,招商中证全球中国互联网ETF(QDII),20220715,中证全球中国互联网指数,中证全球中国互联网指数(人民币)收益率,招商基金管理有限公司,中国建设银行股份有限公司,跨境型ETF,,930796.CSI,79775951.34,39218100,33847853,0.863,0.86306712971817,-0.357926336
2023-05-04,513220.SH,招商中证全球中国互联网ETF(QDII),20220715,中证全球中国互联网指数,中证全球中国互联网指数(人民币)收益率,招商基金管理有限公司,中国建设银行股份有限公司,跨境型ETF,,930796.CSI,78348255.64,27798000,23569311,0.845,0.84787794085905,-0.658358806
2023-05-05,513220.SH,招商中证全球中国互联网ETF(QDII),20220715,中证全球中国互联网指数,中证全球中国互联网指数(人民币)收益率,招商基金管理有限公司,中国建设银行股份有限公司,跨境型ETF,,930796.CSI,75131857.5,35408300,30448152,0.861,0.85991566948992,-0.173913043
2023-05-08,513220.SH,招商中证全球中国互联网ETF(QDII),20220715,中证全球中国互联网指数,中证全球中国互联网指数(人民币)收益率,招商基金管理有限公司,中国建设银行股份有限公司,跨境型ETF,,930796.CSI,75009904.34,22611400,19456569,0.862,0.86047608728341,0.104517478
2023-05-09,513220.SH,招商中证全球中国互联网ETF(QDII),20220715,中证全球中国互联网指数,中证全球中国互联网指数(人民币)收益率,招商基金管理有限公司,中国建设银行股份有限公司,跨境型ETF,,930796.CSI,73137052.24,31357500,26747381,0.839,0.85298193414654,-0.071462601
2023-05-10,513220.SH,招商中证全球中国互联网ETF(QDII),20220715,中证全球中国互联网指数,中证全球中国互联网指数(人民币)收益率,招商基金管理有限公司,中国建设银行股份有限公司,跨境型ETF,,930796.CSI,73032520.96,22794300,19070271,0.84,0.83662455087456,0.190839695
2023-05-11,513220.SH,招商中证全球中国互联网ETF(QDII),20220715,中证全球中国互联网指数,中证全球中国互联网指数(人民币)收益率,招商基金管理有限公司,中国建设银行股份有限公司,跨境型ETF,,930796.CSI,73607443.0,28623900,24049793,0.831,0.84019972819916,-1.656804734
2023-05-12,513220.SH,招商中证全球中国互联网ETF(QDII),20220715,中证全球中国互联网指数,中证全球中国互联网指数(人民币)收益率,招商基金管理有限公司,中国建设银行股份有限公司,跨境型ETF,,930796.CSI,72751515.12,27524000,23562666,0.857,0.85607709635227,0.257370145
2023-05-15,513220.SH,招商中证全球中国互联网ETF(QDII),20220715,中证全球中国互联网指数,中证全球中国互联网指数(人民币)收益率,招商基金管理有限公司,中国建设银行股份有限公司,跨境型ETF,,930796.CSI,71011279.7,29903900,25885456,0.875,0.8656214072412,-0.057110223
2023-05-16,513220.SH,招商中证全球中国互联网ETF(QDII),20220715,中证全球中国互联网指数,中证全球中国互联网指数(人民币)收益率,招商基金管理有限公司,中国建设银行股份有限公司,跨境型ETF,,930796.CSI,71368161.06,19367300,17065931,0.878,0.88117244014395,-0.215933629
2023-05-17,513220.SH,招商中证全球中国互联网ETF(QDII),20220715,中证全球中国互联网指数,中证全球中国互联网指数(人民币)收益率,招商基金管理有限公司,中国建设银行股份有限公司,跨境型ETF,,930796.CSI,70816617.14,13300600,11744152,0.879,0.88297911372419,0.675753064
2023-05-18,513220.SH,招商中证全球中国互联网ETF(QDII),20220715,中证全球中国互联网指数,中证全球中国互联网指数(人民币)收益率,招商基金管理有限公司,中国建设银行股份有限公司,跨境型ETF,,930796.CSI,71132943.8,21627700,19072196,0.881,0.88184115740462,0.456100342
2023-05-19,513220.SH,招商中证全球中国互联网ETF(QDII),20220715,中证全球中国互联网指数,中证全球中国互联网指数(人民币)收益率,招商基金管理有限公司,中国建设银行股份有限公司,跨境型ETF,,930796.CSI,70334912.04,25466300,21991149,0.86,0.86353922635012,0.396918048
2023-05-22,513220.SH,招商中证全球中国互联网ETF(QDII),20220715,中证全球中国互联网指数,中证全球中国互联网指数(人民币)收益率,招商基金管理有限公司,中国建设银行股份有限公司,跨境型ETF,,930796.CSI,71468021.76,29769100,25785169,0.876,0.86617227259138,0.643382353
2023-05-23,513220.SH,招商中证全球中国互联网ETF(QDII),20220715,中证全球中国互联网指数,中证全球中国互联网指数(人民币)收益率,招商基金管理有限公司,中国建设银行股份有限公司,跨境型ETF,,930796.CSI,70729037.16,17922300,15599037,0.859,0.87037026497715,-0.278616206
2023-05-24,513220.SH,招商中证全球中国互联网ETF(QDII),20220715,中证全球中国互联网指数,中证全球中国互联网指数(人民币)收益率,招商基金管理有限公司,中国建设银行股份有限公司,跨境型ETF,,930796.CSI,69612349.32,17214900,14670313,0.847,0.85218694270661,-0.094361878
2023-05-25,513220.SH,招商中证全球中国互联网ETF(QDII),20220715,中证全球中国互联网指数,中证全球中国互联网指数(人民币)收益率,招商基金管理有限公司,中国建设银行股份有限公司,跨境型ETF,,930796.CSI,67904473.8,24593600,20450970,0.831,0.83155658382669,0.483675937
2023-05-26,513220.SH,招商中证全球中国互联网ETF(QDII),20220715,中证全球中国互联网指数,中证全球中国互联网指数(人民币)收益率,招商基金管理有限公司,中国建设银行股份有限公司,跨境型ETF,,930796.CSI,68971896.0,4321800,3567657,0.829,0.82550256837429,-1.30952381
2023-05-29,513220.SH,招商中证全球中国互联网ETF(QDII),20220715,中证全球中国互联网指数,中证全球中国互联网指数(人民币)收益率,招商基金管理有限公司,中国建设银行股份有限公司,跨境型ETF,,930796.CSI,67773098.76,21523200,17860715,0.826,0.8298354798543,0.072692028
2023-05-30,513220.SH,招商中证全球中国互联网ETF(QDII),20220715,中证全球中国互联网指数,中证全球中国互联网指数(人民币)收益率,招商基金管理有限公司,中国建设银行股份有限公司,跨境型ETF,,930796.CSI,67507353.62,31581800,26189424,0.835,0.82925685046451,0.324402259
2023-05-31,513220.SH,招商中证全球中国互联网ETF(QDII),20220715,中证全球中国互联网指数,中证全球中国互联网指数(人民币)收益率,招商基金管理有限公司,中国建设银行股份有限公司,跨境型ETF,,930796.CSI,67468210.92,24050300,19567333,0.809,0.81360037088934,-0.34491254
2023-06-01,513220.SH,招商中证全球中国互联网ETF(QDII),20220715,中证全球中国互联网指数,中证全球中国互联网指数(人民币)收益率,招商基金管理有限公司,中国建设银行股份有限公司,跨境型ETF,,930796.CSI,67085584.74,30759700,25492989,0.821,0.82877885675088,-0.737516624
2023-06-02,513220.SH,招商中证全球中国互联网ETF(QDII),20220715,中证全球中国互联网指数,中证全球中国互联网指数(人民币)收益率,招商基金管理有限公司,中国建设银行股份有限公司,跨境型ETF,,930796.CSI,68777712.36,27422000,23539475,0.869,0.85841568813362,-0.046008742
2023-06-05,513220.SH,招商中证全球中国互联网ETF(QDII),20220715,中证全球中国互联网指数,中证全球中国互联网指数(人民币)收益率,招商基金管理有限公司,中国建设银行股份有限公司,跨境型ETF,,930796.CSI,68809356.12,24937000,21656897,0.871,0.86846441031399,0.13796275
2023-06-06,513220.SH,招商中证全球中国互联网ETF(QDII),20220715,中证全球中国互联网指数,中证全球中国互联网指数(人民币)收益率,招商基金管理有限公司,中国建设银行股份有限公司,跨境型ETF,,930796.CSI,69204903.12,24975000,21861853,0.863,0.87534946946947,-1.348879744
2023-06-07,513220.SH,招商中证全球中国互联网ETF(QDII),20220715,中证全球中国互联网指数,中证全球中国互联网指数(人民币)收益率,招商基金管理有限公司,中国建设银行股份有限公司,跨境型ETF,,930796.CSI,66727190.96,26031700,23021374,0.884,0.88435922356204,-0.4952724
2023-06-08,513220.SH,招商中证全球中国互联网ETF(QDII),20220715,中证全球中国互联网指数,中证全球中国互联网指数(人民币)收益率,招商基金管理有限公司,中国建设银行股份有限公司,跨境型ETF,,930796.CSI,66990073.86,20504700,18072459,0.882,0.88138129306939,-1.109989909
2023-06-09,513220.SH,招商中证全球中国互联网ETF(QDII),20220715,中证全球中国互联网指数,中证全球中国互联网指数(人民币)收益率,招商基金管理有限公司,中国建设银行股份有限公司,跨境型ETF,,930796.CSI,65791149.06,26091200,23272741,0.9,0.891976643466,0.011112346
2023-06-12,513220.SH,招商中证全球中国互联网ETF(QDII),20220715,中证全球中国互联网指数,中证全球中国互联网指数(人民币)收益率,招商基金管理有限公司,中国建设银行股份有限公司,跨境型ETF,,930796.CSI,65864258.46,18761800,16851600,0.9,0.89818674114424,-0.0999001
2023-06-13,513220.SH,招商中证全球中国互联网ETF(QDII),20220715,中证全球中国互联网指数,中证全球中国互联网指数(人民币)收益率,招商基金管理有限公司,中国建设银行股份有限公司,跨境型ETF,,930796.CSI,67479976.2,27456200,25215862,0.923,0.91840320219113,0
2023-06-14,513220.SH,招商中证全球中国互联网ETF(QDII),20220715,中证全球中国互联网指数,中证全球中国互联网指数(人民币)收益率,招商基金管理有限公司,中国建设银行股份有限公司,跨境型ETF,,930796.CSI,68610482.52,21146200,19556763,0.913,0.92483580974359,-1.382588032
2023-06-15,513220.SH,招商中证全球中国互联网ETF(QDII),20220715,中证全球中国互联网指数,中证全球中国互联网指数(人民币)收益率,招商基金管理有限公司,中国建设银行股份有限公司,跨境型ETF,,930796.CSI,71033859.9,35601200,33527275,0.951,0.94174564340528,-0.782472613
2023-06-16,513220.SH,招商中证全球中国互联网ETF(QDII),20220715,中证全球中国互联网指数,中证全球中国互联网指数(人民币)收益率,招商基金管理有限公司,中国建设银行股份有限公司,跨境型ETF,,930796.CSI,71552625.7,27162700,26171552,0.963,0.96351069665387,-0.258933195
2023-06-19,513220.SH,招商中证全球中国互联网ETF(QDII),20220715,中证全球中国互联网指数,中证全球中国互联网指数(人民币)收益率,招商基金管理有限公司,中国建设银行股份有限公司,跨境型ETF,,930796.CSI,70648491.02,18714600,17662312,0.943,0.94377181451915,-1.080457359
2023-06-20,513220.SH,招商中证全球中国互联网ETF(QDII),20220715,中证全球中国互联网指数,中证全球中国互联网指数(人民币)收益率,招商基金管理有限公司,中国建设银行股份有限公司,跨境型ETF,,930796.CSI,68401154.64,16649000,15662834,0.94,0.94076725328849,0.470286447
2023-06-21,513220.SH,招商中证全球中国互联网ETF(QDII),20220715,中证全球中国互联网指数,中证全球中国互联网指数(人民币)收益率,招商基金管理有限公司,中国建设银行股份有限公司,跨境型ETF,,930796.CSI,64524669.56,14971000,13637992,0.902,0.91096065727072,-0.595106899
2023-06-26,513220.SH,招商中证全球中国互联网ETF(QDII),20220715,中证全球中国互联网指数,中证全球中国互联网指数(人民币)收益率,招商基金管理有限公司,中国建设银行股份有限公司,跨境型ETF,,930796.CSI,63002928.4,19094500,16996282,0.889,0.89011401188824,0.338600451
2023-06-27,513220.SH,招商中证全球中国互联网ETF(QDII),20220715,中证全球中国互联网指数,中证全球中国互联网指数(人民币)收益率,招商基金管理有限公司,中国建设银行股份有限公司,跨境型ETF,,930796.CSI,64524669.56,18566800,16845551,0.908,0.90729425641468,0.066122989
2023-06-28,513220.SH,招商中证全球中国互联网ETF(QDII),20220715,中证全球中国互联网指数,中证全球中国互联网指数(人民币)收益率,招商基金管理有限公司,中国建设银行股份有限公司,跨境型ETF,,930796.CSI,64190455.38,20052900,18159946,0.908,0.90560198275561,0.587127506
2023-06-29,513220.SH,招商中证全球中国互联网ETF(QDII),20220715,中证全球中国互联网指数,中证全球中国互联网指数(人民币)收益率,招商基金管理有限公司,中国建设银行股份有限公司,跨境型ETF,,930796.CSI,65816558.14,20706900,18550690,0.893,0.89586997570858,0.551739669
2023-06-30,513220.SH,招商中证全球中国互联网ETF(QDII),20220715,中证全球中国互联网指数,中证全球中国互联网指数(人民币)收益率,招商基金管理有限公司,中国建设银行股份有限公司,跨境型ETF,,930796.CSI,67098061.1456,16673300,14788487,0.883,0.88695621142785,0.158802178
2023-07-03,513220.SH,招商中证全球中国互联网ETF(QDII),20220715,中证全球中国互联网指数,中证全球中国互联网指数(人民币)收益率,招商基金管理有限公司,中国建设银行股份有限公司,跨境型ETF,,930796.CSI,68673511.62,23988900,21583954,0.905,0.8997475499085,0.299235288
2023-07-04,513220.SH,招商中证全球中国互联网ETF(QDII),20220715,中证全球中国互联网指数,中证全球中国互联网指数(人民币)收益率,招商基金管理有限公司,中国建设银行股份有限公司,跨境型ETF,,930796.CSI,69206277.42,23256200,21112792,0.91,0.90783498593923,0.076982294
2023-07-05,513220.SH,招商中证全球中国互联网ETF(QDII),20220715,中证全球中国互联网指数,中证全球中国互联网指数(人民币)收益率,招商基金管理有限公司,中国建设银行股份有限公司,跨境型ETF,,930796.CSI,68163578.64,17820600,16032369,0.897,0.89965371536312,0.156319786
2023-07-06,513220.SH,招商中证全球中国互联网ETF(QDII),20220715,中证全球中国互联网指数,中证全球中国互联网指数(人民币)收益率,招商基金管理有限公司,中国建设银行股份有限公司,跨境型ETF,,930796.CSI,66785998.5,9561800,8513324,0.88,0.89034742412516,0.284900285
2023-07-07,513220.SH,招商中证全球中国互联网ETF(QDII),20220715,中证全球中国互联网指数,中证全球中国互联网指数(人民币)收益率,招商基金管理有限公司,中国建设银行股份有限公司,跨境型ETF,,930796.CSI,66778387.56,9804200,8577147,0.875,0.87484414842618,-0.273535446
2023-07-10,513220.SH,招商中证全球中国互联网ETF(QDII),20220715,中证全球中国互联网指数,中证全球中国互联网指数(人民币)收益率,招商基金管理有限公司,中国建设银行股份有限公司,跨境型ETF,,930796.CSI,67448150.28,23306700,20692952,0.883,0.88785422217646,-0.361092304
2023-07-11,513220.SH,招商中证全球中国互联网ETF(QDII),20220715,中证全球中国互联网指数,中证全球中国互联网指数(人民币)收益率,招商基金管理有限公司,中国建设银行股份有限公司,跨境型ETF,,930796.CSI,68391906.84,6458200,5785495,0.897,0.89583707534607,-0.178054752
2023-07-12,513220.SH,招商中证全球中国互联网ETF(QDII),20220715,中证全球中国互联网指数,中证全球中国互联网指数(人民币)收益率,招商基金管理有限公司,中国建设银行股份有限公司,跨境型ETF,,930796.CSI,69853207.32,21434800,19497293,0.909,0.90960928023588,-0.958814557
2023-07-13,513220.SH,招商中证全球中国互联网ETF(QDII),20220715,中证全球中国互联网指数,中证全球中国互联网指数(人民币)收益率,招商基金管理有限公司,中国建设银行股份有限公司,跨境型ETF,,930796.CSI,69943762.98,30590900,28775302,0.942,0.94064908191652,-1.536531828
2023-07-14,513220.SH,招商中证全球中国互联网ETF(QDII),20220715,中证全球中国互联网指数,中证全球中国互联网指数(人民币)收益率,招商基金管理有限公司,中国建设银行股份有限公司,跨境型ETF,,930796.CSI,68532773.76,22423600,21264852,0.947,0.94832462227296,-0.357744108
2023-07-17,513220.SH,招商中证全球中国互联网ETF(QDII),20220715,中证全球中国互联网指数,中证全球中国互联网指数(人民币)收益率,招商基金管理有限公司,中国建设银行股份有限公司,跨境型ETF,,930796.CSI,68439031.54,3211700,3007941,0.931,0.93655727496342,-1.907069856
2023-07-18,513220.SH,招商中证全球中国互联网ETF(QDII),20220715,中证全球中国互联网指数,中证全球中国互联网指数(人民币)收益率,招商基金管理有限公司,中国建设银行股份有限公司,跨境型ETF,,930796.CSI,70963780.82,24660200,22980458,0.925,0.93188449404303,0.510703032
2023-07-19,513220.SH,招商中证全球中国互联网ETF(QDII),20220715,中证全球中国互联网指数,中证全球中国互联网指数(人民币)收益率,招商基金管理有限公司,中国建设银行股份有限公司,跨境型ETF,,930796.CSI,72614518.26,27788900,25434780,0.926,0.9152855996459,0.882449069
2023-07-20,513220.SH,招商中证全球中国互联网ETF(QDII),20220715,中证全球中国互联网指数,中证全球中国互联网指数(人民币)收益率,招商基金管理有限公司,中国建设银行股份有限公司,跨境型ETF,,930796.CSI,72029108.7,27863400,25673153,0.912,0.92139340496853,0.164744646
2023-07-21,513220.SH,招商中证全球中国互联网ETF(QDII),20220715,中证全球中国互联网指数,中证全球中国互联网指数(人民币)收益率,招商基金管理有限公司,中国建设银行股份有限公司,跨境型ETF,,930796.CSI,72661983.9,27771300,25376541,0.916,0.91376856682978,-0.272182907
2023-07-24,513220.SH,招商中证全球中国互联网ETF(QDII),20220715,中证全球中国互联网指数,中证全球中国互联网指数(人民币)收益率,招商基金管理有限公司,中国建设银行股份有限公司,跨境型ETF,,930796.CSI,71823424.26,23395400,21224004,0.903,0.90718705386529,-0.539707016
2023-07-25,513220.SH,招商中证全球中国互联网ETF(QDII),20220715,中证全球中国互联网指数,中证全球中国互联网指数(人民币)收益率,招商基金管理有限公司,中国建设银行股份有限公司,跨境型ETF,,930796.CSI,73125911.52,33303500,31359634,0.951,0.9416317804435,-1.019983347
2023-07-26,513220.SH,招商中证全球中国互联网ETF(QDII),20220715,中证全球中国互联网指数,中证全球中国互联网指数(人民币)收益率,招商基金管理有限公司,中国建设银行股份有限公司,跨境型ETF,,930796.CSI,72760586.4,14823900,14032295,0.949,0.94659941041157,-0.732217573
2023-07-27,513220.SH,招商中证全球中国互联网ETF(QDII),20220715,中证全球中国互联网指数,中证全球中国互联网指数(人民币)收益率,招商基金管理有限公司,中国建设银行股份有限公司,跨境型ETF,,930796.CSI,73536902.28,18536700,17798560,0.958,0.96017953573182,-0.848685572
2023-07-28,513220.SH,招商中证全球中国互联网ETF(QDII),20220715,中证全球中国互联网指数,中证全球中国互联网指数(人民币)收益率,招商基金管理有限公司,中国建设银行股份有限公司,跨境型ETF,,930796.CSI,74651232.66,19197600,18798216,0.987,0.97919614951869,-0.694234832
2023-07-31,513220.SH,招商中证全球中国互联网ETF(QDII),20220715,中证全球中国互联网指数,中证全球中国互联网指数(人民币)收益率,招商基金管理有限公司,中国建设银行股份有限公司,跨境型ETF,,930796.CSI,75770362.72,29395800,29745672,1.01,1.0119021084645,0.118953212
2023-08-01,513220.SH,招商中证全球中国互联网ETF(QDII),20220715,中证全球中国互联网指数,中证全球中国互联网指数(人民币)收益率,招商基金管理有限公司,中国建设银行股份有限公司,跨境型ETF,,930796.CSI,75627654.86,28286600,28573757,0.996,1.0101516972701,-1.082530539
2023-08-02,513220.SH,招商中证全球中国互联网ETF(QDII),20220715,中证全球中国互联网指数,中证全球中国互联网指数(人民币)收益率,招商基金管理有限公司,中国建设银行股份有限公司,跨境型ETF,,930796.CSI,72338185.34,25250100,24892751,0.975,0.98584762040546,-0.112693372
2023-08-03,513220.SH,招商中证全球中国互联网ETF(QDII),20220715,中证全球中国互联网指数,中证全球中国互联网指数(人民币)收益率,招商基金管理有限公司,中国建设银行股份有限公司,跨境型ETF,,930796.CSI,71749565.16,31309800,30541627,0.98,0.97546541338495,-0.142653352
2023-08-04,513220.SH,招商中证全球中国互联网ETF(QDII),20220715,中证全球中国互联网指数,中证全球中国互联网指数(人民币)收益率,招商基金管理有限公司,中国建设银行股份有限公司,跨境型ETF,,930796.CSI,72678054.54,27475100,27390654,0.991,0.9969264534069,-0.311839855
2023-08-07,513220.SH,招商中证全球中国互联网ETF(QDII),20220715,中证全球中国互联网指数,中证全球中国互联网指数(人民币)收益率,招商基金管理有限公司,中国建设银行股份有限公司,跨境型ETF,,930796.CSI,72349062.24,23425600,23175754,0.992,0.98933448876443,0.242522231
2023-08-08,513220.SH,招商中证全球中国互联网ETF(QDII),20220715,中证全球中国互联网指数,中证全球中国互联网指数(人民币)收益率,招商基金管理有限公司,中国建设银行股份有限公司,跨境型ETF,,930796.CSI,70762588.26,27939900,27189369,0.971,0.97313766334167,0.320281021
2023-08-09,513220.SH,招商中证全球中国互联网ETF(QDII),20220715,中证全球中国互联网指数,中证全球中国互联网指数(人民币)收益率,招商基金管理有限公司,中国建设银行股份有限公司,跨境型ETF,,930796.CSI,71098891.5,18728700,18145595,0.969,0.96886569809971,-0.359897172
2023-08-10,513220.SH,招商中证全球中国互联网ETF(QDII),20220715,中证全球中国互联网指数,中证全球中国互联网指数(人民币)收益率,招商基金管理有限公司,中国建设银行股份有限公司,跨境型ETF,,930796.CSI,71435194.74,20436200,19731963,0.975,0.96553972852096,-0.214921707
2023-08-11,513220.SH,招商中证全球中国互联网ETF(QDII),20220715,中证全球中国互联网指数,中证全球中国互联网指数(人民币)收益率,招商基金管理有限公司,中国建设银行股份有限公司,跨境型ETF,,930796.CSI,68987062.98,21335300,20727223,0.963,0.97149901805927,0.658513641
2023-08-14,513220.SH,招商中证全球中国互联网ETF(QDII),20220715,中证全球中国互联网指数,中证全球中国互联网指数(人民币)收益率,招商基金管理有限公司,中国建设银行股份有限公司,跨境型ETF,,930796.CSI,68265968.98,36333000,34189986,0.946,0.94101742217819,-0.073941058
2023-08-15,513220.SH,招商中证全球中国互联网ETF(QDII),20220715,中证全球中国互联网指数,中证全球中国互联网指数(人民币)收益率,招商基金管理有限公司,中国建设银行股份有限公司,跨境型ETF,,930796.CSI,67631406.26,34800600,33003633,0.952,0.94836390751884,1.503358567
2023-08-16,513220.SH,招商中证全球中国互联网ETF(QDII),20220715,中证全球中国互联网指数,中证全球中国互联网指数(人民币)收益率,招商基金管理有限公司,中国建设银行股份有限公司,跨境型ETF,,930796.CSI,66953577.9,15664300,14709183,0.934,0.93902587412141,0.592353258
2023-08-17,513220.SH,招商中证全球中国互联网ETF(QDII),20220715,中证全球中国互联网指数,中证全球中国互联网指数(人民币)收益率,招商基金管理有限公司,中国建设银行股份有限公司,跨境型ETF,,930796.CSI,67234804.56,34290900,32015077,0.943,0.93363186734673,1.136851137
2023-08-18,513220.SH,招商中证全球中国互联网ETF(QDII),20220715,中证全球中国互联网指数,中证全球中国互联网指数(人民币)收益率,招商基金管理有限公司,中国建设银行股份有限公司,跨境型ETF,,930796.CSI,65100366.32,23809500,21863019,0.909,0.91824771624772,0.686752326
2023-08-21,513220.SH,招商中证全球中国互联网ETF(QDII),20220715,中证全球中国互联网指数,中证全球中国互联网指数(人民币)收益率,招商基金管理有限公司,中国建设银行股份有限公司,跨境型ETF,,930796.CSI,63953826.86,22368200,20071292,0.888,0.89731368639408,0.124027512
2023-08-22,513220.SH,招商中证全球中国互联网ETF(QDII),20220715,中证全球中国互联网指数,中证全球中国互联网指数(人民币)收益率,招商基金管理有限公司,中国建设银行股份有限公司,跨境型ETF,,930796.CSI,64667709.92,29502600,26429321,0.905,0.89583023191176,0.914362177
2023-08-23,513220.SH,招商中证全球中国互联网ETF(QDII),20220715,中证全球中国互联网指数,中证全球中国互联网指数(人民币)收益率,招商基金管理有限公司,中国建设银行股份有限公司,跨境型ETF,,930796.CSI,65013835.04,23375400,21107322,0.898,0.90297158551298,-0.399290151
2023-08-24,513220.SH,招商中证全球中国互联网ETF(QDII),20220715,中证全球中国互联网指数,中证全球中国互联网指数(人民币)收益率,招商基金管理有限公司,中国建设银行股份有限公司,跨境型ETF,,930796.CSI,67025687.3,27763900,25795202,0.932,0.92909144608646,0.268961807
2023-08-25,513220.SH,招商中证全球中国互联网ETF(QDII),20220715,中证全球中国互联网指数,中证全球中国互联网指数(人民币)收益率,招商基金管理有限公司,中国建设银行股份有限公司,跨境型ETF,,930796.CSI,65439280.5,23329500,21345321,0.91,0.91494978460747,0.275482094
2023-08-28,513220.SH,招商中证全球中国互联网ETF(QDII),20220715,中证全球中国互联网指数,中证全球中国互联网指数(人民币)收益率,招商基金管理有限公司,中国建设银行股份有限公司,跨境型ETF,,930796.CSI,66456023.04,32486200,30254845,0.925,0.93131375784179,0.368923611
2023-08-29,513220.SH,招商中证全球中国互联网ETF(QDII),20220715,中证全球中国互联网指数,中证全球中国互联网指数(人民币)收益率,招商基金管理有限公司,中国建设银行股份有限公司,跨境型ETF,,930796.CSI,68655359.74,8961600,8416182,0.941,0.93913832351366,-1.165843924
2023-08-30,513220.SH,招商中证全球中国互联网ETF(QDII),20220715,中证全球中国互联网指数,中证全球中国互联网指数(人民币)收益率,招商基金管理有限公司,中国建设银行股份有限公司,跨境型ETF,,930796.CSI,68265968.98,23840000,22649988,0.943,0.95008338926174,-0.390831309
2023-08-31,513220.SH,招商中证全球中国互联网ETF(QDII),20220715,中证全球中国互联网指数,中证全球中国互联网指数(人民币)收益率,招商基金管理有限公司,中国建设银行股份有限公司,跨境型ETF,,930796.CSI,67797257.88,25015000,23647108,0.939,0.94531712972217,-0.127632419
2023-09-01,513220.SH,招商中证全球中国互联网ETF(QDII),20220715,中证全球中国互联网指数,中证全球中国互联网指数(人民币)收益率,招商基金管理有限公司,中国建设银行股份有限公司,跨境型ETF,,930796.CSI,68338078.38,3729700,3528831,0.947,0.94614338954876,-0.073863037
2023-09-04,513220.SH,招商中证全球中国互联网ETF(QDII),20220715,中证全球中国互联网指数,中证全球中国互联网指数(人民币)收益率,招商基金管理有限公司,中国建设银行股份有限公司,跨境型ETF,,930796.CSI,69866797.66,22100600,21365667,0.971,0.96674601594527,0.216740634
2023-09-05,513220.SH,招商中证全球中国互联网ETF(QDII),20220715,中证全球中国互联网指数,中证全球中国互联网指数(人民币)收益率,招商基金管理有限公司,中国建设银行股份有限公司,跨境型ETF,,930796.CSI,68338078.38,19282000,18498835,0.954,0.95938362203091,0.664767331
2023-09-06,513220.SH,招商中证全球中国互联网ETF(QDII),20220715,中证全球中国互联网指数,中证全球中国互联网指数(人民币)收益率,招商基金管理有限公司,中国建设银行股份有限公司,跨境型ETF,,930796.CSI,68258758.04,29176700,27584751,0.944,0.94543766087323,-0.27466723
2023-09-07,513220.SH,招商中证全球中国互联网ETF(QDII),20220715,中证全球中国互联网指数,中证全球中国互联网指数(人民币)收益率,招商基金管理有限公司,中国建设银行股份有限公司,跨境型ETF,,930796.CSI,66701195.0,19279900,17979475,0.93,0.93255022069617,0.540540541
2023-09-08,513220.SH,招商中证全球中国互联网ETF(QDII),20220715,中证全球中国互联网指数,中证全球中国互联网指数(人民币)收益率,招商基金管理有限公司,中国建设银行股份有限公司,跨境型ETF,,930796.CSI,66701195.0,5325200,4868989,0.916,0.91432979043041,-0.972972973
2023-09-11,513220.SH,招商中证全球中国互联网ETF(QDII),20220715,中证全球中国互联网指数,中证全球中国互联网指数(人民币)收益率,招商基金管理有限公司,中国建设银行股份有限公司,跨境型ETF,,930796.CSI,66744460.64,24026500,22077563,0.917,0.91888385740745,-0.929127053
2023-09-12,513220.SH,招商中证全球中国互联网ETF(QDII),20220715,中证全球中国互联网指数,中证全球中国互联网指数(人民币)收益率,招商基金管理有限公司,中国建设银行股份有限公司,跨境型ETF,,930796.CSI,66182007.32,18654500,17123541,0.918,0.91793084778472,0.02179124
2023-09-13,513220.SH,招商中证全球中国互联网ETF(QDII),20220715,中证全球中国互联网指数,中证全球中国互联网指数(人民币)收益率,招商基金管理有限公司,中国建设银行股份有限公司,跨境型ETF,,930796.CSI,65626764.94,18184100,16563862,0.908,0.91089809228942,-0.230743874
2023-09-14,513220.SH,招商中证全球中国互联网ETF(QDII),20220715,中证全球中国互联网指数,中证全球中国互联网指数(人民币)收益率,招商基金管理有限公司,中国建设银行股份有限公司,跨境型ETF,,930796.CSI,65770983.74,20578300,18746899,0.91,0.91100328987331,-0.230237913
2023-09-15,513220.SH,招商中证全球中国互联网ETF(QDII),20220715,中证全球中国互联网指数,中证全球中国互联网指数(人民币)收益率,招商基金管理有限公司,中国建设银行股份有限公司,跨境型ETF,,930796.CSI,65785405.62,23235500,21285761,0.914,0.91608792580319,0.186342212
2023-09-18,513220.SH,招商中证全球中国互联网ETF(QDII),20220715,中证全球中国互联网指数,中证全球中国互联网指数(人民币)收益率,招商基金管理有限公司,中国建设银行股份有限公司,跨境型ETF,,930796.CSI,65747283.42,17621100,15960190,0.904,0.90574311478852,0.522628711
2023-09-19,513220.SH,招商中证全球中国互联网ETF(QDII),20220715,中证全球中国互联网指数,中证全球中国互联网指数(人民币)收益率,招商基金管理有限公司,中国建设银行股份有限公司,跨境型ETF,,930796.CSI,65688795.9,17094400,15346477,0.896,0.89774879492699,-0.278241514
2023-09-20,513220.SH,招商中证全球中国互联网ETF(QDII),20220715,中证全球中国互联网指数,中证全球中国互联网指数(人民币)收益率,招商基金管理有限公司,中国建设银行股份有限公司,跨境型ETF,,930796.CSI,64606776.78,16957600,15145532,0.888,0.89314124640279,0.486590472
2023-09-21,513220.SH,招商中证全球中国互联网ETF(QDII),20220715,中证全球中国互联网指数,中证全球中国互联网指数(人民币)收益率,招商基金管理有限公司,中国建设银行股份有限公司,跨境型ETF,,930796.CSI,63378538.86,15159400,13230756,0.871,0.87277570352389,0.47294959
2023-09-22,513220.SH,招商中证全球中国互联网ETF(QDII),20220715,中证全球中国互联网指数,中证全球中国互联网指数(人民币)收益率,招商基金管理有限公司,中国建设银行股份有限公司,跨境型ETF,,930796.CSI,65820392.82,23342500,20711453,0.895,0.8872851237014,-0.588692658
2023-09-25,513220.SH,招商中证全球中国互联网ETF(QDII),20220715,中证全球中国互联网指数,中证全球中国互联网指数(人民币)收益率,招商基金管理有限公司,中国建设银行股份有限公司,跨境型ETF,,930796.CSI,66141337.64,25130100,22353004,0.88,0.88949124754776,-0.068135362
2023-09-26,513220.SH,招商中证全球中国互联网ETF(QDII),20220715,中证全球中国互联网指数,中证全球中国互联网指数(人民币)收益率,招商基金管理有限公司,中国建设银行股份有限公司,跨境型ETF,,930796.CSI,66314120.22,20031800,17684732,0.881,0.88283289569584,1.113279008
2023-09-27,513220.SH,招商中证全球中国互联网ETF(QDII),20220715,中证全球中国互联网指数,中证全球中国互联网指数(人民币)收益率,招商基金管理有限公司,中国建设银行股份有限公司,跨境型ETF,,930796.CSI,66534837.48,9760000,8606485,0.88,0.88181198770492,0.663463738
2023-09-28,513220.SH,招商中证全球中国互联网ETF(QDII),20220715,中证全球中国互联网指数,中证全球中国互联网指数(人民币)收益率,招商基金管理有限公司,中国建设银行股份有限公司,跨境型ETF,,930796.CSI,65690023.14,10587200,9213629,0.865,0.87026116442497,0.220136716
2023-10-09,513220.SH,招商中证全球中国互联网ETF(QDII),20220715,中证全球中国互联网指数,中证全球中国互联网指数(人民币)收益率,招商基金管理有限公司,中国建设银行股份有限公司,跨境型ETF,,930796.CSI,66862107.9,11208400,9810967,0.881,0.87532270440027,0.284575982
2023-10-10,513220.SH,招商中证全球中国互联网ETF(QDII),20220715,中证全球中国互联网指数,中证全球中国互联网指数(人民币)收益率,招商基金管理有限公司,中国建设银行股份有限公司,跨境型ETF,,930796.CSI,68117913.0,22047100,19740341,0.89,0.89537131867683,-0.558659218
2023-10-11,513220.SH,招商中证全球中国互联网ETF(QDII),20220715,中证全球中国互联网指数,中证全球中国互联网指数(人民币)收益率,招商基金管理有限公司,中国建设银行股份有限公司,跨境型ETF,,930796.CSI,68146758.62,23503200,21316203,0.906,0.90694896865108,-0.143282266
2023-10-12,513220.SH,招商中证全球中国互联网ETF(QDII),20220715,中证全球中国互联网指数,中证全球中国互联网指数(人民币)收益率,招商基金管理有限公司,中国建设银行股份有限公司,跨境型ETF,,930796.CSI,66756193.14,14884100,13655229,0.918,0.91743733245544,0.536633447
2023-10-13,513220.SH,招商中证全球中国互联网ETF(QDII),20220715,中证全球中国互联网指数,中证全球中国互联网指数(人民币)收益率,招商基金管理有限公司,中国建设银行股份有限公司,跨境型ETF,,930796.CSI,64540978.32,25326500,22516077,0.888,0.88903231792786,0.589034889
2023-10-16,513220.SH,招商中证全球中国互联网ETF(QDII),20220715,中证全球中国互联网指数,中证全球中国互联网指数(人民币)收益率,招商基金管理有限公司,中国建设银行股份有限公司,跨境型ETF,,930796.CSI,62944295.26,20282000,17798428,0.876,0.87754797357263,0.355138046
2023-10-17,513220.SH,招商中证全球中国互联网ETF(QDII),20220715,中证全球中国互联网指数,中证全球中国互联网指数(人民币)收益率,招商基金管理有限公司,中国建设银行股份有限公司,跨境型ETF,,930796.CSI,64146187.56,13945600,12286314,0.881,0.88101723841212,0.410303168
2023-10-18,513220.SH,招商中证全球中国互联网ETF(QDII),20220715,中证全球中国互联网指数,中证全球中国互联网指数(人民币)收益率,招商基金管理有限公司,中国建设银行股份有限公司,跨境型ETF,,930796.CSI,66715052.88,15384500,13448285,0.87,0.87414508108811,0.554785021
2023-10-19,513220.SH,招商中证全球中国互联网ETF(QDII),20220715,中证全球中国互联网指数,中证全球中国互联网指数(人民币)收益率,招商基金管理有限公司,中国建设银行股份有限公司,跨境型ETF,,930796.CSI,66863264.88,22371900,19169789,0.852,0.85686906342331,0.804543303
2023-10-20,513220.SH,招商中证全球中国互联网ETF(QDII),20220715,中证全球中国互联网指数,中证全球中国互联网指数(人民币)收益率,招商基金管理有限公司,中国建设银行股份有限公司,跨境型ETF,,930796.CSI,66111725.58,26403600,22308233,0.845,0.84489361299217,1.112839536
2023-10-23,513220.SH,招商中证全球中国互联网ETF(QDII),20220715,中证全球中国互联网指数,中证全球中国互联网指数(人民币)收益率,招商基金管理有限公司,中国建设银行股份有限公司,跨境型ETF,,930796.CSI,66040527.12,3332500,2780433,0.833,0.83433848462116,-0.215620508
2023-10-24,513220.SH,招商中证全球中国互联网ETF(QDII),20220715,中证全球中国互联网指数,中证全球中国互联网指数(人民币)收益率,招商基金管理有限公司,中国建设银行股份有限公司,跨境型ETF,,930796.CSI,67677683.36,29146300,24300657,0.833,0.8337475768794,-0.167785235
2023-10-25,513220.SH,招商中证全球中国互联网ETF(QDII),20220715,中证全球中国互联网指数,中证全球中国互联网指数(人民币)收益率,招商基金管理有限公司,中国建设银行股份有限公司,跨境型ETF,,930796.CSI,68423889.84,29209900,24987140,0.848,0.85543394534045,0.521574206
2023-10-26,513220.SH,招商中证全球中国互联网ETF(QDII),20220715,中证全球中国互联网指数,中证全球中国互联网指数(人民币)收益率,招商基金管理有限公司,中国建设银行股份有限公司,跨境型ETF,,930796.CSI,69439919.58,21767200,18423826,0.848,0.84640312029108,0.271964053
2023-10-27,513220.SH,招商中证全球中国互联网ETF(QDII),20220715,中证全球中国互联网指数,中证全球中国互联网指数(人民币)收益率,招商基金管理有限公司,中国建设银行股份有限公司,跨境型ETF,,930796.CSI,70934310.66,37063800,31982191,0.868,0.86289562861876,0.474591967
2023-10-30,513220.SH,招商中证全球中国互联网ETF(QDII),20220715,中证全球中国互联网指数,中证全球中国互联网指数(人民币)收益率,招商基金管理有限公司,中国建设银行股份有限公司,跨境型ETF,,930796.CSI,70926099.72,34057100,29548233,0.869,0.86760860437324,0.601991202
2023-10-31,513220.SH,招商中证全球中国互联网ETF(QDII),20220715,中证全球中国互联网指数,中证全球中国互联网指数(人民币)收益率,招商基金管理有限公司,中国建设银行股份有限公司,跨境型ETF,,930796.CSI,69382443.0,28159900,24022758,0.849,0.85308392430371,0.473372781
2023-11-01,513220.SH,招商中证全球中国互联网ETF(QDII),20220715,中证全球中国互联网指数,中证全球中国互联网指数(人民币)收益率,招商基金管理有限公司,中国建设银行股份有限公司,跨境型ETF,,930796.CSI,69078638.22,22720400,19168868,0.845,0.84368532244151,0.439795554
2023-11-02,513220.SH,招商中证全球中国互联网ETF(QDII),20220715,中证全球中国互联网指数,中证全球中国互联网指数(人民币)收益率,招商基金管理有限公司,中国建设银行股份有限公司,跨境型ETF,,930796.CSI,69456341.46,25681700,21922728,0.847,0.85363227512197,0.130039012
2023-11-03,513220.SH,招商中证全球中国互联网ETF(QDII),20220715,中证全球中国互联网指数,中证全球中国互联网指数(人民币)收益率,招商基金管理有限公司,中国建设银行股份有限公司,跨境型ETF,,930796.CSI,71706139.02,26476100,22821768,0.869,0.86197619740067,-0.492385206
2023-11-06,513220.SH,招商中证全球中国互联网ETF(QDII),20220715,中证全球中国互联网指数,中证全球中国互联网指数(人民币)收益率,招商基金管理有限公司,中国建设银行股份有限公司,跨境型ETF,,930796.CSI,71970284.96,29539000,26366161,0.899,0.89258813771624,0.066785396
2023-11-07,513220.SH,招商中证全球中国互联网ETF(QDII),20220715,中证全球中国互联网指数,中证全球中国互联网指数(人民币)收益率,招商基金管理有限公司,中国建设银行股份有限公司,跨境型ETF,,930796.CSI,71409519.16,24285900,21574486,0.886,0.88835439493698,-0.605788647
2023-11-08,513220.SH,招商中证全球中国互联网ETF(QDII),20220715,中证全球中国互联网指数,中证全球中国互联网指数(人民币)收益率,招商基金管理有限公司,中国建设银行股份有限公司,跨境型ETF,,930796.CSI,70399455.06,22157600,19652998,0.886,0.88696420189912,-0.438251489
2023-11-09,513220.SH,招商中证全球中国互联网ETF(QDII),20220715,中证全球中国互联网指数,中证全球中国互联网指数(人民币)收益率,招商基金管理有限公司,中国建设银行股份有限公司,跨境型ETF,,930796.CSI,70193770.62,18851300,16701663,0.885,0.88596876607979,-0.259213344
2023-11-10,513220.SH,招商中证全球中国互联网ETF(QDII),20220715,中证全球中国互联网指数,中证全球中国互联网指数(人民币)收益率,招商基金管理有限公司,中国建设银行股份有限公司,跨境型ETF,,930796.CSI,68943842.1,17931100,15556607,0.867,0.86757683577695,-0.516351119
2023-11-13,513220.SH,招商中证全球中国互联网ETF(QDII),20220715,中证全球中国互联网指数,中证全球中国互联网指数(人民币)收益率,招商基金管理有限公司,中国建设银行股份有限公司,跨境型ETF,,930796.CSI,69924798.66,10583500,9226487,0.873,0.87178031842018,-1.233171173
2023-11-14,513220.SH,招商中证全球中国互联网ETF(QDII),20220715,中证全球中国互联网指数,中证全球中国互联网指数(人民币)收益率,招商基金管理有限公司,中国建设银行股份有限公司,跨境型ETF,,930796.CSI,69434320.38,15209900,13272225,0.875,0.87260435637315,-0.307622194
2023-11-15,513220.SH,招商中证全球中国互联网ETF(QDII),20220715,中证全球中国互联网指数,中证全球中国互联网指数(人民币)收益率,招商基金管理有限公司,中国建设银行股份有限公司,跨境型ETF,,930796.CSI,69495493.14,19000500,16898411,0.897,0.8893666482461,-1.763224181
2023-11-16,513220.SH,招商中证全球中国互联网ETF(QDII),20220715,中证全球中国互联网指数,中证全球中国互联网指数(人民币)收益率,招商基金管理有限公司,中国建设银行股份有限公司,跨境型ETF,,930796.CSI,66802213.16,14010600,12566762,0.898,0.89694674032518,-0.377191036
2023-11-17,513220.SH,招商中证全球中国互联网ETF(QDII),20220715,中证全球中国互联网指数,中证全球中国互联网指数(人民币)收益率,招商基金管理有限公司,中国建设银行股份有限公司,跨境型ETF,,930796.CSI,65245915.76,18038100,15836426,0.877,0.87794313148281,-0.386188096
2023-11-20,513220.SH,招商中证全球中国互联网ETF(QDII),20220715,中证全球中国互联网指数,中证全球中国互联网指数(人民币)收益率,招商基金管理有限公司,中国建设银行股份有限公司,跨境型ETF,,930796.CSI,64927303.76,19314100,17069713,0.886,0.8837954137133,-1.599289205
2023-11-21,513220.SH,招商中证全球中国互联网ETF(QDII),20220715,中证全球中国互联网指数,中证全球中国互联网指数(人民币)收益率,招商基金管理有限公司,中国建设银行股份有限公司,跨境型ETF,,930796.CSI,63671356.76,20294000,18272329,0.893,0.9003808514832,-0.268036632
2023-11-22,513220.SH,招商中证全球中国互联网ETF(QDII),20220715,中证全球中国互联网指数,中证全球中国互联网指数(人民币)收益率,招商基金管理有限公司,中国建设银行股份有限公司,跨境型ETF,,930796.CSI,63692689.58,19337300,17322578,0.89,0.89581161796114,-0.636373786
2023-11-23,513220.SH,招商中证全球中国互联网ETF(QDII),20220715,中证全球中国互联网指数,中证全球中国互联网指数(人民币)收益率,招商基金管理有限公司,中国建设银行股份有限公司,跨境型ETF,,930796.CSI,64382450.76,11707100,10506668,0.901,0.89746119875973,-0.485973051
2023-11-24,513220.SH,招商中证全球中国互联网ETF(QDII),20220715,中证全球中国互联网指数,中证全球中国互联网指数(人民币)收益率,招商基金管理有限公司,中国建设银行股份有限公司,跨境型ETF,,930796.CSI,63422473.86,19269400,17239002,0.891,0.89463096930885,-0.100908174
2023-11-27,513220.SH,招商中证全球中国互联网ETF(QDII),20220715,中证全球中国互联网指数,中证全球中国互联网指数(人民币)收益率,招商基金管理有限公司,中国建设银行股份有限公司,跨境型ETF,,930796.CSI,63394030.1,32525900,28970471,0.891,0.89068929683729,-0.05608525
2023-11-28,513220.SH,招商中证全球中国互联网ETF(QDII),20220715,中证全球中国互联网指数,中证全球中国互联网指数(人民币)收益率,招商基金管理有限公司,中国建设银行股份有限公司,跨境型ETF,,930796.CSI,64984991.28,27301300,24143707,0.882,0.88434276023486,-2.130492676
2023-11-29,513220.SH,招商中证全球中国互联网ETF(QDII),20220715,中证全球中国互联网指数,中证全球中国互联网指数(人民币)收益率,招商基金管理有限公司,中国建设银行股份有限公司,跨境型ETF,,930796.CSI,65297792.34,29244700,25666167,0.873,0.87763481930059,-0.919305414
2023-11-30,513220.SH,招商中证全球中国互联网ETF(QDII),20220715,中证全球中国互联网指数,中证全球中国互联网指数(人民币)收益率,招商基金管理有限公司,中国建设银行股份有限公司,跨境型ETF,,930796.CSI,65096609.76,27491400,24093064,0.879,0.87638548782528,-1.28032345
2023-12-01,513220.SH,招商中证全球中国互联网ETF(QDII),20220715,中证全球中国互联网指数,中证全球中国互联网指数(人民币)收益率,招商基金管理有限公司,中国建设银行股份有限公司,跨境型ETF,,930796.CSI,64219296.96,31648400,27774380,0.879,0.87759191617902,0.068306011
2023-12-04,513220.SH,招商中证全球中国互联网ETF(QDII),20220715,中证全球中国互联网指数,中证全球中国互联网指数(人民币)收益率,招商基金管理有限公司,中国建设银行股份有限公司,跨境型ETF,,930796.CSI,63034924.68,22294000,19373417,0.863,0.86899690499686,0.092785897
2023-12-05,513220.SH,招商中证全球中国互联网ETF(QDII),20220715,中证全球中国互联网指数,中证全球中国互联网指数(人民币)收益率,招商基金管理有限公司,中国建设银行股份有限公司,跨境型ETF,,930796.CSI,63827968.12,24133200,20480724,0.843,0.84865347322361,-0.80018828
2023-12-06,513220.SH,招商中证全球中国互联网ETF(QDII),20220715,中证全球中国互联网指数,中证全球中国互联网指数(人民币)收益率,招商基金管理有限公司,中国建设银行股份有限公司,跨境型ETF,,930796.CSI,64361244.86,11494800,9892157,0.86,0.86057669554929,0.361769168
2023-12-07,513220.SH,招商中证全球中国互联网ETF(QDII),20220715,中证全球中国互联网指数,中证全球中国互联网指数(人民币)收益率,招商基金管理有限公司,中国建设银行股份有限公司,跨境型ETF,,930796.CSI,64068318.2,21240000,18094465,0.851,0.85190513182674,-0.234466589
2023-12-08,513220.SH,招商中证全球中国互联网ETF(QDII),20220715,中证全球中国互联网指数,中证全球中国互联网指数(人民币)收益率,招商基金管理有限公司,中国建设银行股份有限公司,跨境型ETF,,930796.CSI,64053296.32,19960600,17012721,0.851,0.85231511076821,-0.211069418
2023-12-11,513220.SH,招商中证全球中国互联网ETF(QDII),20220715,中证全球中国互联网指数,中证全球中国互联网指数(人民币)收益率,招商基金管理有限公司,中国建设银行股份有限公司,跨境型ETF,,930796.CSI,63670238.38,27620500,23248709,0.845,0.84171933889683,-0.318508906
2023-12-12,513220.SH,招商中证全球中国互联网ETF(QDII),20220715,中证全球中国互联网指数,中证全球中国互联网指数(人民币)收益率,招商基金管理有限公司,中国建设银行股份有限公司,跨境型ETF,,930796.CSI,64902032.54,20143500,17262136,0.859,0.8569581254499,-0.590209466
2023-12-13,513220.SH,招商中证全球中国互联网ETF(QDII),20220715,中证全球中国互联网指数,中证全球中国互联网指数(人民币)收益率,招商基金管理有限公司,中国建设银行股份有限公司,跨境型ETF,,930796.CSI,64338712.04,15437100,13218154,0.856,0.85625888282126,-0.070044361
2023-12-14,513220.SH,招商中证全球中国互联网ETF(QDII),20220715,中证全球中国互联网指数,中证全球中国互联网指数(人民币)收益率,招商基金管理有限公司,中国建设银行股份有限公司,跨境型ETF,,930796.CSI,64982205.72,8690600,7460820,0.852,0.85849308448208,-0.210822207
2023-12-15,513220.SH,招商中证全球中国互联网ETF(QDII),20220715,中证全球中国互联网指数,中证全球中国互联网指数(人民币)收益率,招商基金管理有限公司,中国建设银行股份有限公司,跨境型ETF,,930796.CSI,64593753.04,17676500,15342404,0.867,0.86795485531638,-0.52776503
2023-12-18,513220.SH,招商中证全球中国互联网ETF(QDII),20220715,中证全球中国互联网指数,中证全球中国互联网指数(人民币)收益率,招商基金管理有限公司,中国建设银行股份有限公司,跨境型ETF,,930796.CSI,64052754.42,24031600,20755361,0.863,0.86366954343448,-0.150410737
2023-12-19,513220.SH,招商中证全球中国互联网ETF(QDII),20220715,中证全球中国互联网指数,中证全球中国互联网指数(人民币)收益率,招商基金管理有限公司,中国建设银行股份有限公司,跨境型ETF,,930796.CSI,63904535.62,19657500,16899454,0.859,0.85969497647208,-0.382697437
2023-12-20,513220.SH,招商中证全球中国互联网ETF(QDII),20220715,中证全球中国互联网指数,中证全球中国互联网指数(人民币)收益率,招商基金管理有限公司,中国建设银行股份有限公司,跨境型ETF,,930796.CSI,63867480.92,27385400,23709035,0.862,0.86575456265017,0.023207241
2023-12-21,513220.SH,招商中证全球中国互联网ETF(QDII),20220715,中证全球中国互联网指数,中证全球中国互联网指数(人民币)收益率,招商基金管理有限公司,中国建设银行股份有限公司,跨境型ETF,,930796.CSI,64178740.4,28939400,25017784,0.865,0.86448869015944,-0.115473441
2023-12-22,513220.SH,招商中证全球中国互联网ETF(QDII),20220715,中证全球中国互联网指数,中证全球中国互联网指数(人民币)收益率,招商基金管理有限公司,中国建设银行股份有限公司,跨境型ETF,,930796.CSI,64213737.74,27300900,22912278,0.817,0.83924991483797,-0.620362486
2023-12-25,513220.SH,招商中证全球中国互联网ETF(QDII),20220715,中证全球中国互联网指数,中证全球中国互联网指数(人民币)收益率,招商基金管理有限公司,中国建设银行股份有限公司,跨境型ETF,,930796.CSI,64182493.98,3560300,2936604,0.826,0.8248192568042,0.523305343
2023-12-26,513220.SH,招商中证全球中国互联网ETF(QDII),20220715,中证全球中国互联网指数,中证全球中国互联网指数(人民币)收益率,招商基金管理有限公司,中国建设银行股份有限公司,跨境型ETF,,930796.CSI,64159061.16,538600,443820,0.823,0.82402525064983,0.194789384
2023-12-27,513220.SH,招商中证全球中国互联网ETF(QDII),20220715,中证全球中国互联网指数,中证全球中国互联网指数(人民币)收益率,招商基金管理有限公司,中国建设银行股份有限公司,跨境型ETF,,930796.CSI,65479110.02,27858700,23232995,0.836,0.83395833258551,-0.274364786
2023-12-28,513220.SH,招商中证全球中国互联网ETF(QDII),20220715,中证全球中国互联网指数,中证全球中国互联网指数(人民币)收益率,招商基金管理有限公司,中国建设银行股份有限公司,跨境型ETF,,930796.CSI,65545415.28,31637000,26968133,0.859,0.85242383917565,-0.255457501
2023-12-29,513220.SH,招商中证全球中国互联网ETF(QDII),20220715,中证全球中国互联网指数,中证全球中国互联网指数(人民币)收益率,招商基金管理有限公司,中国建设银行股份有限公司,跨境型ETF,,930796.CSI,65431251.18,11223700,9579069,0.853,0.85346801856785,-0.779341631
2024-01-02,513220.SH,招商中证全球中国互联网ETF(QDII),20220715,中证全球中国互联网指数,中证全球中国互联网指数(人民币)收益率,招商基金管理有限公司,中国建设银行股份有限公司,跨境型ETF,,930796.CSI,64829986.92,28676800,24452124,0.85,0.85267965742342,-0.211317211
2024-01-03,513220.SH,招商中证全球中国互联网ETF(QDII),20220715,中证全球中国互联网指数,中证全球中国互联网指数(人民币)收益率,招商基金管理有限公司,中国建设银行股份有限公司,跨境型ETF,,930796.CSI,64776710.34,13709200,11586262,0.845,0.84514501210866,-0.716719539
2024-01-04,513220.SH,招商中证全球中国互联网ETF(QDII),20220715,中证全球中国互联网指数,中证全球中国互联网指数(人民币)收益率,招商基金管理有限公司,中国建设银行股份有限公司,跨境型ETF,,930796.CSI,63933121.28,33928700,28675922,0.85,0.84518186667924,-0.140977444
2024-01-05,513220.SH,招商中证全球中国互联网ETF(QDII),20220715,中证全球中国互联网指数,中证全球中国互联网指数(人民币)收益率,招商基金管理有限公司,中国建设银行股份有限公司,跨境型ETF,,930796.CSI,63909063.18,32760300,27813868,0.842,0.84901139488955,0.273907348
2024-01-08,513220.SH,招商中证全球中国互联网ETF(QDII),20220715,中证全球中国互联网指数,中证全球中国互联网指数(人民币)收益率,招商基金管理有限公司,中国建设银行股份有限公司,跨境型ETF,,930796.CSI,64315279.96,16403400,13490248,0.82,0.82240559883927,-0.412922031
2024-01-09,513220.SH,招商中证全球中国互联网ETF(QDII),20220715,中证全球中国互联网指数,中证全球中国互联网指数(人民币)收益率,招商基金管理有限公司,中国建设银行股份有限公司,跨境型ETF,,930796.CSI,63854434.5,22894800,18827283,0.82,0.82233882803082,0.305810398
2024-01-10,513220.SH,招商中证全球中国互联网ETF(QDII),20220715,中证全球中国互联网指数,中证全球中国互联网指数(人民币)收益率,招商基金管理有限公司,中国建设银行股份有限公司,跨境型ETF,,930796.CSI,63581051.6,28549600,23303566,0.812,0.81624842379578,-0.245700246
2024-01-11,513220.SH,招商中证全球中国互联网ETF(QDII),20220715,中证全球中国互联网指数,中证全球中国互联网指数(人民币)收益率,招商基金管理有限公司,中国建设银行股份有限公司,跨境型ETF,,930796.CSI,64093333.28,38097600,31606532,0.832,0.82962002855823,0.096246391
2024-01-12,513220.SH,招商中证全球中国互联网ETF(QDII),20220715,中证全球中国互联网指数,中证全球中国互联网指数(人民币)收益率,招商基金管理有限公司,中国建设银行股份有限公司,跨境型ETF,,930796.CSI,63584411.24,34706200,28839189,0.823,0.83095207772675,-0.194033471
2024-01-15,513220.SH,招商中证全球中国互联网ETF(QDII),20220715,中证全球中国互联网指数,中证全球中国互联网指数(人民币)收益率,招商基金管理有限公司,中国建设银行股份有限公司,跨境型ETF,,930796.CSI,62936692.28,31127300,25459394,0.817,0.81791205790415,0.098015192
2024-01-16,513220.SH,招商中证全球中国互联网ETF(QDII),20220715,中证全球中国互联网指数,中证全球中国互联网指数(人民币)收益率,招商基金管理有限公司,中国建设银行股份有限公司,跨境型ETF,,930796.CSI,61533301.2,18850700,15244203,0.803,0.80868100388845,0.626566416
2024-01-17,513220.SH,招商中证全球中国互联网ETF(QDII),20220715,中证全球中国互联网指数,中证全球中国互联网指数(人民币)收益率,招商基金管理有限公司,中国建设银行股份有限公司,跨境型ETF,,930796.CSI,60835128.6,36398300,28176922,0.762,0.77412741803875,-0.910273082
2024-01-18,513220.SH,招商中证全球中国互联网ETF(QDII),20220715,中证全球中国互联网指数,中证全球中国互联网指数(人民币)收益率,招商基金管理有限公司,中国建设银行股份有限公司,跨境型ETF,,930796.CSI,60675381.92,40370300,31174911,0.779,0.77222391213342,0.283213182
2024-01-19,513220.SH,招商中证全球中国互联网ETF(QDII),20220715,中证全球中国互联网指数,中证全球中国互联网指数(人民币)收益率,招商基金管理有限公司,中国建设银行股份有限公司,跨境型ETF,,930796.CSI,59320261.42,38893100,29957349,0.761,0.77024842452774,-1.078902899
2024-01-22,513220.SH,招商中证全球中国互联网ETF(QDII),20220715,中证全球中国互联网指数,中证全球中国互联网指数(人民币)收益率,招商基金管理有限公司,中国建设银行股份有限公司,跨境型ETF,,930796.CSI,59395337.52,43927500,32844677,0.744,0.74770194069774,-0.905700586
2024-01-23,513220.SH,招商中证全球中国互联网ETF(QDII),20220715,中证全球中国互联网指数,中证全球中国互联网指数(人民币)收益率,招商基金管理有限公司,中国建设银行股份有限公司,跨境型ETF,,930796.CSI,54110434.92,43804000,33477288,0.77,0.7642518491462,-0.233221042
2024-01-24,513220.SH,招商中证全球中国互联网ETF(QDII),20220715,中证全球中国互联网指数,中证全球中国互联网指数(人民币)收益率,招商基金管理有限公司,中国建设银行股份有限公司,跨境型ETF,,930796.CSI,61367009.22,90028400,71017417,0.794,0.78883349032083,-1.525486792
2024-01-25,513220.SH,招商中证全球中国互联网ETF(QDII),20220715,中证全球中国互联网指数,中证全球中国互联网指数(人民币)收益率,招商基金管理有限公司,中国建设银行股份有限公司,跨境型ETF,,930796.CSI,57132150.06,61044400,49093704,0.81,0.80422944610808,-0.601300773
2024-01-26,513220.SH,招商中证全球中国互联网ETF(QDII),20220715,中证全球中国互联网指数,中证全球中国互联网指数(人民币)收益率,招商基金管理有限公司,中国建设银行股份有限公司,跨境型ETF,,930796.CSI,55722951.12,45953900,36757641,0.793,0.79988077181697,-0.226472068
2024-01-29,513220.SH,招商中证全球中国互联网ETF(QDII),20220715,中证全球中国互联网指数,中证全球中国互联网指数(人民币)收益率,招商基金管理有限公司,中国建设银行股份有限公司,跨境型ETF,,930796.CSI,53792804.12,35724900,28326600,0.791,0.79290914740139,0.151937199
2024-01-30,513220.SH,招商中证全球中国互联网ETF(QDII),20220715,中证全球中国互联网指数,中证全球中国互联网指数(人民币)收益率,招商基金管理有限公司,中国建设银行股份有限公司,跨境型ETF,,930796.CSI,52164989.46,30101600,23264142,0.768,0.77285400111622,0.274187231
2024-01-31,513220.SH,招商中证全球中国互联网ETF(QDII),20220715,中证全球中国互联网指数,中证全球中国互联网指数(人民币)收益率,招商基金管理有限公司,中国建设银行股份有限公司,跨境型ETF,,930796.CSI,51306811.02,27137000,20406667,0.747,0.75198684452961,-0.836320191
2024-02-01,513220.SH,招商中证全球中国互联网ETF(QDII),20220715,中证全球中国互联网指数,中证全球中国互联网指数(人民币)收益率,招商基金管理有限公司,中国建设银行股份有限公司,跨境型ETF,,930796.CSI,67227472.2,604663200,480733015,0.772,0.79504262042076,1.179554391
2024-02-02,513220.SH,招商中证全球中国互联网ETF(QDII),20220715,中证全球中国互联网指数,中证全球中国互联网指数(人民币)收益率,招商基金管理有限公司,中国建设银行股份有限公司,跨境型ETF,,930796.CSI,123506437.68,801138100,627131762,0.76,0.78280107012761,0.369783413
2024-02-05,513220.SH,招商中证全球中国互联网ETF(QDII),20220715,中证全球中国互联网指数,中证全球中国互联网指数(人民币)收益率,招商基金管理有限公司,中国建设银行股份有限公司,跨境型ETF,,930796.CSI,107346360.94,510330700,384552790,0.747,0.75353646174921,-0.41327823
2024-02-06,513220.SH,招商中证全球中国互联网ETF(QDII),20220715,中证全球中国互联网指数,中证全球中国互联网指数(人民币)收益率,招商基金管理有限公司,中国建设银行股份有限公司,跨境型ETF,,930796.CSI,93031707.36,490905600,377237137,0.784,0.7684514843587,-1.309164149
2024-02-07,513220.SH,招商中证全球中国互联网ETF(QDII),20220715,中证全球中国互联网指数,中证全球中国互联网指数(人民币)收益率,招商基金管理有限公司,中国建设银行股份有限公司,跨境型ETF,,930796.CSI,117587672.84,955311200,763467130,0.773,0.79918159653106,-1.978189196
2024-02-08,513220.SH,招商中证全球中国互联网ETF(QDII),20220715,中证全球中国互联网指数,中证全球中国互联网指数(人民币)收益率,招商基金管理有限公司,中国建设银行股份有限公司,跨境型ETF,,930796.CSI,110347949.1,327379300,255593336,0.775,0.78072540322494,-0.193174501
2024-02-19,513220.SH,招商中证全球中国互联网ETF(QDII),20220715,中证全球中国互联网指数,中证全球中国互联网指数(人民币)收益率,招商基金管理有限公司,中国建设银行股份有限公司,跨境型ETF,,930796.CSI,113872262.22,145436900,114885354,0.793,0.78993263745308,-1.035816798
2024-02-20,513220.SH,招商中证全球中国互联网ETF(QDII),20220715,中证全球中国互联网指数,中证全球中国互联网指数(人民币)收益率,招商基金管理有限公司,中国建设银行股份有限公司,跨境型ETF,,930796.CSI,89844473.16,68950900,54630839,0.795,0.79231509668474,-0.798602446
2024-02-21,513220.SH,招商中证全球中国互联网ETF(QDII),20220715,中证全球中国互联网指数,中证全球中国互联网指数(人民币)收益率,招商基金管理有限公司,中国建设银行股份有限公司,跨境型ETF,,930796.CSI,80486743.74,161516600,131083193,0.816,0.81157721868836,0.480236424
2024-02-22,513220.SH,招商中证全球中国互联网ETF(QDII),20220715,中证全球中国互联网指数,中证全球中国互联网指数(人民币)收益率,招商基金管理有限公司,中国建设银行股份有限公司,跨境型ETF,,930796.CSI,80241497.22,89724000,72947955,0.818,0.81302611341447,-1.004477793
2024-02-23,513220.SH,招商中证全球中国互联网ETF(QDII),20220715,中证全球中国互联网指数,中证全球中国互联网指数(人民币)收益率,招商基金管理有限公司,中国建设银行股份有限公司,跨境型ETF,,930796.CSI,77875528.5,67293200,55474917,0.825,0.8243762668442,-0.302114804
2024-02-26,513220.SH,招商中证全球中国互联网ETF(QDII),20220715,中证全球中国互联网指数,中证全球中国互联网指数(人民币)收益率,招商基金管理有限公司,中国建设银行股份有限公司,跨境型ETF,,930796.CSI,75769192.44,51865000,42505303,0.817,0.81953731803721,-0.680768296
2024-02-27,513220.SH,招商中证全球中国互联网ETF(QDII),20220715,中证全球中国互联网指数,中证全球中国互联网指数(人民币)收益率,招商基金管理有限公司,中国建设银行股份有限公司,跨境型ETF,,930796.CSI,78988356.7,74442500,60936825,0.823,0.81857574638144,-0.903070439
2024-02-28,513220.SH,招商中证全球中国互联网ETF(QDII),20220715,中证全球中国互联网指数,中证全球中国互联网指数(人民币)收益率,招商基金管理有限公司,中国建设银行股份有限公司,跨境型ETF,,930796.CSI,77381007.84,71995300,59464446,0.812,0.82594899944858,-0.196656834
2024-02-29,513220.SH,招商中证全球中国互联网ETF(QDII),20220715,中证全球中国互联网指数,中证全球中国互联网指数(人民币)收益率,招商基金管理有限公司,中国建设银行股份有限公司,跨境型ETF,,930796.CSI,77181278.1,68717000,55809145,0.814,0.81215921824294,0.308071473
2024-03-01,513220.SH,招商中证全球中国互联网ETF(QDII),20220715,中证全球中国互联网指数,中证全球中国互联网指数(人民币)收益率,招商基金管理有限公司,中国建设银行股份有限公司,跨境型ETF,,930796.CSI,75119700.3,77028400,62684639,0.819,0.81378607111143,-0.667070952
2024-03-04,513220.SH,招商中证全球中国互联网ETF(QDII),20220715,中证全球中国互联网指数,中证全球中国互联网指数(人民币)收益率,招商基金管理有限公司,中国建设银行股份有限公司,跨境型ETF,,930796.CSI,72980598.6,60641400,49861857,0.82,0.82224119166114,0.122100122
2024-03-05,513220.SH,招商中证全球中国互联网ETF(QDII),20220715,中证全球中国互联网指数,中证全球中国互联网指数(人民币)收益率,招商基金管理有限公司,中国建设银行股份有限公司,跨境型ETF,,930796.CSI,72840113.52,48455200,38877128,0.799,0.80233139064538,1.036924633
2024-03-06,513220.SH,招商中证全球中国互联网ETF(QDII),20220715,中证全球中国互联网指数,中证全球中国互联网指数(人民币)收益率,招商基金管理有限公司,中国建设银行股份有限公司,跨境型ETF,,930796.CSI,74804091.96,87258100,70586676,0.81,0.80894124442315,0.821508588
2024-03-07,513220.SH,招商中证全球中国互联网ETF(QDII),20220715,中证全球中国互联网指数,中证全球中国互联网指数(人民币)收益率,招商基金管理有限公司,中国建设银行股份有限公司,跨境型ETF,,930796.CSI,74666397.96,42855600,34365125,0.79,0.80188178441091,-0.428535417
2024-03-08,513220.SH,招商中证全球中国互联网ETF(QDII),20220715,中证全球中国互联网指数,中证全球中国互联网指数(人民币)收益率,招商基金管理有限公司,中国建设银行股份有限公司,跨境型ETF,,930796.CSI,74421713.52,60471100,48546892,0.802,0.8028114586968,1.416287304
2024-03-11,513220.SH,招商中证全球中国互联网ETF(QDII),20220715,中证全球中国互联网指数,中证全球中国互联网指数(人民币)收益率,招商基金管理有限公司,中国建设银行股份有限公司,跨境型ETF,,930796.CSI,76360367.16,44720600,36095837,0.81,0.80714116089677,-0.172541287
2024-03-12,513220.SH,招商中证全球中国互联网ETF(QDII),20220715,中证全球中国互联网指数,中证全球中国互联网指数(人民币)收益率,招商基金管理有限公司,中国建设银行股份有限公司,跨境型ETF,,930796.CSI,70393661.8,72750300,60000478,0.84,0.82474543747586,-0.826446281
2024-03-13,513220.SH,招商中证全球中国互联网ETF(QDII),20220715,中证全球中国互联网指数,中证全球中国互联网指数(人民币)收益率,招商基金管理有限公司,中国建设银行股份有限公司,跨境型ETF,,930796.CSI,70867385.38,59201400,50439908,0.849,0.85200532419841,-0.433915797
2024-03-14,513220.SH,招商中证全球中国互联网ETF(QDII),20220715,中证全球中国互联网指数,中证全球中国互联网指数(人民币)收益率,招商基金管理有限公司,中国建设银行股份有限公司,跨境型ETF,,930796.CSI,70368728.98,51170100,43504461,0.846,0.85019300333593,-0.08267391
2024-03-15,513220.SH,招商中证全球中国互联网ETF(QDII),20220715,中证全球中国互联网指数,中证全球中国互联网指数(人民币)收益率,招商基金管理有限公司,中国建设银行股份有限公司,跨境型ETF,,930796.CSI,69454525.58,40564600,33690790,0.834,0.83054658495338,-0.203422281
2024-03-18,513220.SH,招商中证全球中国互联网ETF(QDII),20220715,中证全球中国互联网指数,中证全球中国互联网指数(人民币)收益率,招商基金管理有限公司,中国建设银行股份有限公司,跨境型ETF,,930796.CSI,70443527.44,52274200,44013141,0.849,0.8419668019788,0.165172251
2024-03-19,513220.SH,招商中证全球中国互联网ETF(QDII),20220715,中证全球中国互联网指数,中证全球中国互联网指数(人民币)收益率,招商基金管理有限公司,中国建设银行股份有限公司,跨境型ETF,,930796.CSI,69720475.66,55274200,46565003,0.839,0.8424364893567,0.011920372
2024-03-20,513220.SH,招商中证全球中国互联网ETF(QDII),20220715,中证全球中国互联网指数,中证全球中国互联网指数(人民币)收益率,招商基金管理有限公司,中国建设银行股份有限公司,跨境型ETF,,930796.CSI,70418594.62,39725300,33464635,0.846,0.84240106430914,-0.153428538
2024-03-21,513220.SH,招商中证全球中国互联网ETF(QDII),20220715,中证全球中国互联网指数,中证全球中国互联网指数(人民币)收益率,招商基金管理有限公司,中国建设银行股份有限公司,跨境型ETF,,930796.CSI,70510014.96,45894000,39584455,0.863,0.86251917461978,1.720886374
2024-03-22,513220.SH,招商中证全球中国互联网ETF(QDII),20220715,中证全球中国互联网指数,中证全球中国互联网指数(人民币)收益率,招商基金管理有限公司,中国建设银行股份有限公司,跨境型ETF,,930796.CSI,74165753.62,56852000,47508209,0.836,0.83564710124534,0.444551244
2024-03-25,513220.SH,招商中证全球中国互联网ETF(QDII),20220715,中证全球中国互联网指数,中证全球中国互联网指数(人民币)收益率,招商基金管理有限公司,中国建设银行股份有限公司,跨境型ETF,,930796.CSI,74067733.28,45636500,38256947,0.833,0.83829713058626,0.216554379
2024-03-26,513220.SH,招商中证全球中国互联网ETF(QDII),20220715,中证全球中国互联网指数,中证全球中国互联网指数(人民币)收益率,招商基金管理有限公司,中国建设银行股份有限公司,跨境型ETF,,930796.CSI,74611300.62,35415500,29658325,0.842,0.83743911564146,0.561328078
2024-03-27,513220.SH,招商中证全球中国互联网ETF(QDII),20220715,中证全球中国互联网指数,中证全球中国互联网指数(人民币)收益率,招商基金管理有限公司,中国建设银行股份有限公司,跨境型ETF,,930796.CSI,73149906.46,25437800,21106858,0.828,0.82974384577283,0.864904373
2024-03-28,513220.SH,招商中证全球中国互联网ETF(QDII),20220715,中证全球中国互联网指数,中证全球中国互联网指数(人民币)收益率,招商基金管理有限公司,中国建设银行股份有限公司,跨境型ETF,,930796.CSI,74531102.16,40569400,34053482,0.839,0.83938835674178,0.31085605
2024-03-29,513220.SH,招商中证全球中国互联网ETF(QDII),20220715,中证全球中国互联网指数,中证全球中国互联网指数(人民币)收益率,招商基金管理有限公司,中国建设银行股份有限公司,跨境型ETF,,930796.CSI,74477636.52,12225400,10317978,0.844,0.84397876552096,0.981095956
2024-04-01,513220.SH,招商中证全球中国互联网ETF(QDII),20220715,中证全球中国互联网指数,中证全球中国互联网指数(人民币)收益率,招商基金管理有限公司,中国建设银行股份有限公司,跨境型ETF,,930796.CSI,75030114.8,6633400,5648889,0.855,0.85158274791208,1.543942993
2024-04-02,513220.SH,招商中证全球中国互联网ETF(QDII),20220715,中证全球中国互联网指数,中证全球中国互联网指数(人民币)收益率,招商基金管理有限公司,中国建设银行股份有限公司,跨境型ETF,,930796.CSI,76161804.18,21388200,18349308,0.855,0.85791735629927,0.035100035
2024-04-03,513220.SH,招商中证全球中国互联网ETF(QDII),20220715,中证全球中国互联网指数,中证全球中国互联网指数(人民币)收益率,招商基金管理有限公司,中国建设银行股份有限公司,跨境型ETF,,930796.CSI,75422196.16,14910100,12667416,0.845,0.84958625361332,-0.165406427
2024-04-08,513220.SH,招商中证全球中国互联网ETF(QDII),20220715,中证全球中国互联网指数,中证全球中国互联网指数(人民币)收益率,招商基金管理有限公司,中国建设银行股份有限公司,跨境型ETF,,930796.CSI,75047936.68,27295500,23028578,0.842,0.8436767232694,-0.023747328
2024-04-09,513220.SH,招商中证全球中国互联网ETF(QDII),20220715,中证全球中国互联网指数,中证全球中国互联网指数(人民币)收益率,招商基金管理有限公司,中国建设银行股份有限公司,跨境型ETF,,930796.CSI,75671702.48,16826600,14238129,0.846,0.84616791270964,-0.376825247
2024-04-10,513220.SH,招商中证全球中国互联网ETF(QDII),20220715,中证全球中国互联网指数,中证全球中国互联网指数(人民币)收益率,招商基金管理有限公司,中国建设银行股份有限公司,跨境型ETF,,930796.CSI,74493241.94,46476100,40155729,0.867,0.86400814612242,0.219627789
2024-04-11,513220.SH,招商中证全球中国互联网ETF(QDII),20220715,中证全球中国互联网指数,中证全球中国互联网指数(人民币)收益率,招商基金管理有限公司,中国建设银行股份有限公司,跨境型ETF,,930796.CSI,74536296.64,29024300,25037117,0.866,0.86262604093811,0.046210721
2024-04-12,513220.SH,招商中证全球中国互联网ETF(QDII),20220715,中证全球中国互联网指数,中证全球中国互联网指数(人民币)收益率,招商基金管理有限公司,中国建设银行股份有限公司,跨境型ETF,,930796.CSI,72745221.12,26148800,22419136,0.852,0.85736768035244,0.852272727
2024-04-15,513220.SH,招商中证全球中国互联网ETF(QDII),20220715,中证全球中国互联网指数,中证全球中国互联网指数(人民币)收益率,招商基金管理有限公司,中国建设银行股份有限公司,跨境型ETF,,930796.CSI,72056345.92,20484600,17213046,0.841,0.84029202425237,0.501912046
2024-04-16,513220.SH,招商中证全球中国互联网ETF(QDII),20220715,中证全球中国互联网指数,中证全球中国互联网指数(人民币)收益率,招商基金管理有限公司,中国建设银行股份有限公司,跨境型ETF,,930796.CSI,70583875.18,24676600,20367645,0.82,0.82538295389154,0.036598756
2024-04-17,513220.SH,招商中证全球中国互联网ETF(QDII),20220715,中证全球中国互联网指数,中证全球中国互联网指数(人民币)收益率,招商基金管理有限公司,中国建设银行股份有限公司,跨境型ETF,,930796.CSI,70454711.08,29308100,23979869,0.819,0.81819937150481,0.097775605
2024-04-18,513220.SH,招商中证全球中国互联网ETF(QDII),20220715,中证全球中国互联网指数,中证全球中国互联网指数(人民币)收益率,招商基金管理有限公司,中国建设银行股份有限公司,跨境型ETF,,930796.CSI,71455840.82,37523200,30881307,0.822,0.82299236205867,0.207241253
2024-04-19,513220.SH,招商中证全球中国互联网ETF(QDII),20220715,中证全球中国互联网指数,中证全球中国互联网指数(人民币)收益率,招商基金管理有限公司,中国建设银行股份有限公司,跨境型ETF,,930796.CSI,70541192.12,33150500,26840469,0.812,0.80965502782763,0.271672018
2024-04-22,513220.SH,招商中证全球中国互联网ETF(QDII),20220715,中证全球中国互联网指数,中证全球中国互联网指数(人民币)收益率,招商基金管理有限公司,中国建设银行股份有限公司,跨境型ETF,,930796.CSI,74020706.94,28147500,23427843,0.834,0.8323241140421,-0.726104035
2024-04-23,513220.SH,招商中证全球中国互联网ETF(QDII),20220715,中证全球中国互联网指数,中证全球中国互联网指数(人民币)收益率,招商基金管理有限公司,中国建设银行股份有限公司,跨境型ETF,,930796.CSI,76523013.9,51802500,44666609,0.87,0.86224813474253,0.172711572
2024-04-24,513220.SH,招商中证全球中国互联网ETF(QDII),20220715,中证全球中国互联网指数,中证全球中国互联网指数(人民币)收益率,招商基金管理有限公司,中国建设银行股份有限公司,跨境型ETF,,930796.CSI,78628828.56,50521400,44904335,0.897,0.88881810480311,0.515463918
2024-04-25,513220.SH,招商中证全球中国互联网ETF(QDII),20220715,中证全球中国互联网指数,中证全球中国互联网指数(人民币)收益率,招商基金管理有限公司,中国建设银行股份有限公司,跨境型ETF,,930796.CSI,78108983.1,46548100,41700284,0.891,0.89585362238201,0.507614213
2024-04-26,513220.SH,招商中证全球中国互联网ETF(QDII),20220715,中证全球中国互联网指数,中证全球中国互联网指数(人民币)收益率,招商基金管理有限公司,中国建设银行股份有限公司,跨境型ETF,,930796.CSI,80866807.32,28886600,26488327,0.921,0.91697627965908,0.348659839
2024-04-29,513220.SH,招商中证全球中国互联网ETF(QDII),20220715,中证全球中国互联网指数,中证全球中国互联网指数(人民币)收益率,招商基金管理有限公司,中国建设银行股份有限公司,跨境型ETF,,930796.CSI,80276474.34,43903800,40663974,0.919,0.92620625093955,0.867083745
2024-04-30,513220.SH,招商中证全球中国互联网ETF(QDII),20220715,中证全球中国互联网指数,中证全球中国互联网指数(人民币)收益率,招商基金管理有限公司,中国建设银行股份有限公司,跨境型ETF,,930796.CSI,79624464.78,25222000,23044896,0.908,0.91368234081358,0.475821622
2024-05-06,513220.SH,招商中证全球中国互联网ETF(QDII),20220715,中证全球中国互联网指数,中证全球中国互联网指数(人民币)收益率,招商基金管理有限公司,中国建设银行股份有限公司,跨境型ETF,,930796.CSI,85686391.5,28907900,28023390,0.977,0.96940248167456,0.462724936
2024-05-07,513220.SH,招商中证全球中国互联网ETF(QDII),20220715,中证全球中国互联网指数,中证全球中国互联网指数(人民币)收益率,招商基金管理有限公司,中国建设银行股份有限公司,跨境型ETF,,930796.CSI,84003501.96,30277200,29087644,0.954,0.96071116219465,0.062932662
2024-05-08,513220.SH,招商中证全球中国互联网ETF(QDII),20220715,中证全球中国互联网指数,中证全球中国互联网指数(人民币)收益率,招商基金管理有限公司,中国建设银行股份有限公司,跨境型ETF,,930796.CSI,83272193.94,28565100,27239946,0.946,0.95360933446758,0.095228018
2024-05-09,513220.SH,招商中证全球中国互联网ETF(QDII),20220715,中证全球中国互联网指数,中证全球中国互联网指数(人民币)收益率,招商基金管理有限公司,中国建设银行股份有限公司,跨境型ETF,,930796.CSI,84259019.22,29251900,28000847,0.959,0.95723173537445,0.282338178
2024-05-10,513220.SH,招商中证全球中国互联网ETF(QDII),20220715,中证全球中国互联网指数,中证全球中国互联网指数(人民币)收益率,招商基金管理有限公司,中国建设银行股份有限公司,跨境型ETF,,930796.CSI,84673133.4,30298200,29186687,0.966,0.96331422328719,0.520291363
2024-05-13,513220.SH,招商中证全球中国互联网ETF(QDII),20220715,中证全球中国互联网指数,中证全球中国互联网指数(人民币)收益率,招商基金管理有限公司,中国建设银行股份有限公司,跨境型ETF,,930796.CSI,86549863.62,36004200,35093017,0.981,0.97469231367452,-0.132342462
2024-05-14,513220.SH,招商中证全球中国互联网ETF(QDII),20220715,中证全球中国互联网指数,中证全球中国互联网指数(人民币)收益率,招商基金管理有限公司,中国建设银行股份有限公司,跨境型ETF,,930796.CSI,89064130.96,47459200,47534380,1.001,1.0015840974985,1.274787535
2024-05-15,513220.SH,招商中证全球中国互联网ETF(QDII),20220715,中证全球中国互联网指数,中证全球中国互联网指数(人民币)收益率,招商基金管理有限公司,中国建设银行股份有限公司,跨境型ETF,,930796.CSI,89298415.4,13085600,12978027,0.991,0.99177928409855,0
2024-05-16,513220.SH,招商中证全球中国互联网ETF(QDII),20220715,中证全球中国互联网指数,中证全球中国互联网指数(人民币)收益率,招商基金管理有限公司,中国建设银行股份有限公司,跨境型ETF,,930796.CSI,90352695.38,30445700,30586769,1.006,1.0046334621966,0.329111399
2024-05-17,513220.SH,招商中证全球中国互联网ETF(QDII),20220715,中证全球中国互联网指数,中证全球中国互联网指数(人民币)收益率,招商基金管理有限公司,中国建设银行股份有限公司,跨境型ETF,,930796.CSI,97144741.16,36610000,37561440,1.022,1.0259885277247,0.058742902
2024-05-20,513220.SH,招商中证全球中国互联网ETF(QDII),20220715,中证全球中国互联网指数,中证全球中国互联网指数(人民币)收益率,招商基金管理有限公司,中国建设银行股份有限公司,跨境型ETF,,930796.CSI,96992566.12,19028900,19579581,1.028,1.0289391924914,0.804079231
2024-05-21,513220.SH,招商中证全球中国互联网ETF(QDII),20220715,中证全球中国互联网指数,中证全球中国互联网指数(人民币)收益率,招商基金管理有限公司,中国建设银行股份有限公司,跨境型ETF,,930796.CSI,96013290.6,29496200,29798667,1.002,1.0102544395549,0.3003003
2024-05-22,513220.SH,招商中证全球中国互联网ETF(QDII),20220715,中证全球中国互联网指数,中证全球中国互联网指数(人民币)收益率,招商基金管理有限公司,中国建设银行股份有限公司,跨境型ETF,,930796.CSI,95407801.38,21443000,21459600,0.999,1.0007741454088,0.63463282
2024-05-23,513220.SH,招商中证全球中国互联网ETF(QDII),20220715,中证全球中国互联网指数,中证全球中国互联网指数(人民币)收益率,招商基金管理有限公司,中国建设银行股份有限公司,跨境型ETF,,930796.CSI,93639388.42,21355200,20996775,0.981,0.98321603169252,0.687673201
2024-05-24,513220.SH,招商中证全球中国互联网ETF(QDII),20220715,中证全球中国互联网指数,中证全球中国互联网指数(人民币)收益率,招商基金管理有限公司,中国建设银行股份有限公司,跨境型ETF,,930796.CSI,92543741.26,27210600,26399472,0.963,0.97019073449318,0.010385294
2024-05-27,513220.SH,招商中证全球中国互联网ETF(QDII),20220715,中证全球中国互联网指数,中证全球中国互联网指数(人民币)收益率,招商基金管理有限公司,中国建设银行股份有限公司,跨境型ETF,,930796.CSI,93110786.72,26701800,25830266,0.978,0.9673604775708,0.949628406
2024-05-28,513220.SH,招商中证全球中国互联网ETF(QDII),20220715,中证全球中国互联网指数,中证全球中国互联网指数(人民币)收益率,招商基金管理有限公司,中国建设银行股份有限公司,跨境型ETF,,930796.CSI,92543741.26,34650800,34037633,0.978,0.98230439124061,1.568179458
2024-05-29,513220.SH,招商中证全球中国互联网ETF(QDII),20220715,中证全球中国互联网指数,中证全球中国互联网指数(人民币)收益率,招商基金管理有限公司,中国建设银行股份有限公司,跨境型ETF,,930796.CSI,90525443.86,35469900,33936682,0.951,0.95677410987908,0.966132286
2024-05-30,513220.SH,招商中证全球中国互联网ETF(QDII),20220715,中证全球中国互联网指数,中证全球中国互联网指数(人民币)收益率,招商基金管理有限公司,中国建设银行股份有限公司,跨境型ETF,,930796.CSI,90054507.8,30419300,28813308,0.944,0.9472048337733,0.747065101
2024-05-31,513220.SH,招商中证全球中国互联网ETF(QDII),20220715,中证全球中国互联网指数,中证全球中国互联网指数(人民币)收益率,招商基金管理有限公司,中国建设银行股份有限公司,跨境型ETF,,930796.CSI,88497535.52,26921890,25667489,0.942,0.95340590872335,2.302345786
2024-06-03,513220.SH,招商中证全球中国互联网ETF(QDII),20220715,中证全球中国互联网指数,中证全球中国互联网指数(人民币)收益率,招商基金管理有限公司,中国建设银行股份有限公司,跨境型ETF,,930796.CSI,90016064.04,26217800,24965106,0.954,0.95221971332454,1.857783472
2024-06-04,513220.SH,招商中证全球中国互联网ETF(QDII),20220715,中证全球中国互联网指数,中证全球中国互联网指数(人民币)收益率,招商基金管理有限公司,中国建设银行股份有限公司,跨境型ETF,,930796.CSI,90314003.18,12384500,11804146,0.957,0.95313868141629,1.841013089
2024-06-05,513220.SH,招商中证全球中国互联网ETF(QDII),20220715,中证全球中国互联网指数,中证全球中国互联网指数(人民币)收益率,招商基金管理有限公司,中国建设银行股份有限公司,跨境型ETF,,930796.CSI,90333225.06,17896100,17173592,0.953,0.95962762836596,1.393765294
2024-06-06,513220.SH,招商中证全球中国互联网ETF(QDII),20220715,中证全球中国互联网指数,中证全球中国互联网指数(人民币)收益率,招商基金管理有限公司,中国建设银行股份有限公司,跨境型ETF,,930796.CSI,90717662.66,29376000,28009254,0.949,0.95347406045752,0.540311474
2024-06-07,513220.SH,招商中证全球中国互联网ETF(QDII),20220715,中证全球中国互联网指数,中证全球中国互联网指数(人民币)收益率,招商基金管理有限公司,中国建设银行股份有限公司,跨境型ETF,,930796.CSI,89641237.38,22800500,21581355,0.946,0.94652990066007,1.425967621
2024-06-11,513220.SH,招商中证全球中国互联网ETF(QDII),20220715,中证全球中国互联网指数,中证全球中国互联网指数(人民币)收益率,招商基金管理有限公司,中国建设银行股份有限公司,跨境型ETF,,930796.CSI,90016064.04,30270900,28593665,0.95,0.94459249642396,1.430706812
2024-06-12,513220.SH,招商中证全球中国互联网ETF(QDII),20220715,中证全球中国互联网指数,中证全球中国互联网指数(人民币)收益率,招商基金管理有限公司,中国建设银行股份有限公司,跨境型ETF,,930796.CSI,89573960.8,22390400,21098164,0.941,0.94228615835358,0.965665236
2024-06-13,513220.SH,招商中证全球中国互联网ETF(QDII),20220715,中证全球中国互联网指数,中证全球中国互联网指数(人民币)收益率,招商基金管理有限公司,中国建设银行股份有限公司,跨境型ETF,,930796.CSI,90669607.96,14460000,13681734,0.946,0.94617800829876,0.275598898
2024-06-14,513220.SH,招商中证全球中国互联网ETF(QDII),20220715,中证全球中国互联网指数,中证全球中国互联网指数(人民币)收益率,招商基金管理有限公司,中国建设银行股份有限公司,跨境型ETF,,930796.CSI,89804623.36,25256300,23938783,0.949,0.94783412455506,1.5625
2024-06-17,513220.SH,招商中证全球中国互联网ETF(QDII),20220715,中证全球中国互联网指数,中证全球中国互联网指数(人民币)收益率,招商基金管理有限公司,中国建设银行股份有限公司,跨境型ETF,,930796.CSI,89727735.84,21121100,19978608,0.945,0.94590755216348,1.221079692
2024-06-18,513220.SH,招商中证全球中国互联网ETF(QDII),20220715,中证全球中国互联网指数,中证全球中国互联网指数(人民币)收益率,招商基金管理有限公司,中国建设银行股份有限公司,跨境型ETF,,930796.CSI,88718587.14,18624100,17536197,0.938,0.94158627799464,1.614126314
2024-06-19,513220.SH,招商中证全球中国互联网ETF(QDII),20220715,中证全球中国互联网指数,中证全球中国互联网指数(人民币)收益率,招商基金管理有限公司,中国建设银行股份有限公司,跨境型ETF,,930796.CSI,91005990.86,29348200,27840291,0.958,0.94862005165564,1.172246277
2024-06-20,513220.SH,招商中证全球中国互联网ETF(QDII),20220715,中证全球中国互联网指数,中证全球中国互联网指数(人民币)收益率,招商基金管理有限公司,中国建设银行股份有限公司,跨境型ETF,,930796.CSI,90064118.74,13279100,12680713,0.951,0.95493768402979,1.483299541
2024-06-21,513220.SH,招商中证全球中国互联网ETF(QDII),20220715,中证全球中国互联网指数,中证全球中国互联网指数(人民币)收益率,招商基金管理有限公司,中国建设银行股份有限公司,跨境型ETF,,930796.CSI,88651310.56,27120600,25343177,0.933,0.93446225378495,1.149176062
2024-06-24,513220.SH,招商中证全球中国互联网ETF(QDII),20220715,中证全球中国互联网指数,中证全球中国互联网指数(人民币)收益率,招商基金管理有限公司,中国建设银行股份有限公司,跨境型ETF,,930796.CSI,88036210.4,18791600,17298442,0.916,0.92054119925924,0
2024-06-25,513220.SH,招商中证全球中国互联网ETF(QDII),20220715,中证全球中国互联网指数,中证全球中国互联网指数(人民币)收益率,招商基金管理有限公司,中国建设银行股份有限公司,跨境型ETF,,930796.CSI,87978544.76,23512600,21782176,0.921,0.9264043959409,0.611754424
2024-06-26,513220.SH,招商中证全球中国互联网ETF(QDII),20220715,中证全球中国互联网指数,中证全球中国互联网指数(人民币)收益率,招商基金管理有限公司,中国建设银行股份有限公司,跨境型ETF,,930796.CSI,88295705.78,24741900,22950357,0.932,0.92759072666206,1.447697834
2024-06-27,513220.SH,招商中证全球中国互联网ETF(QDII),20220715,中证全球中国互联网指数,中证全球中国互联网指数(人民币)收益率,招商基金管理有限公司,中国建设银行股份有限公司,跨境型ETF,,930796.CSI,85931414.54,33539600,30517079,0.907,0.90988202005987,1.442791634
2024-06-28,513220.SH,招商中证全球中国互联网ETF(QDII),20220715,中证全球中国互联网指数,中证全球中国互联网指数(人民币)收益率,招商基金管理有限公司,中国建设银行股份有限公司,跨境型ETF,,930796.CSI,85037597.12,32393100,29132376,0.895,0.89933893329135,1.152802893
2024-07-01,513220.SH,招商中证全球中国互联网ETF(QDII),20220715,中证全球中国互联网指数,中证全球中国互联网指数(人民币)收益率,招商基金管理有限公司,中国建设银行股份有限公司,跨境型ETF,,930796.CSI,85047208.06,5933300,5279957,0.893,0.88988539261457,0.915357668
2024-07-02,513220.SH,招商中证全球中国互联网ETF(QDII),20220715,中证全球中国互联网指数,中证全球中国互联网指数(人民币)收益率,招商基金管理有限公司,中国建设银行股份有限公司,跨境型ETF,,930796.CSI,84893433.02,27117200,24244901,0.89,0.89407833404629,0.758519189
2024-07-03,513220.SH,招商中证全球中国互联网ETF(QDII),20220715,中证全球中国互联网指数,中证全球中国互联网指数(人民币)收益率,招商基金管理有限公司,中国建设银行股份有限公司,跨境型ETF,,930796.CSI,86988617.94,15469200,13949444,0.908,0.90175600548186,0.320406585
2024-07-04,513220.SH,招商中证全球中国互联网ETF(QDII),20220715,中证全球中国互联网指数,中证全球中国互联网指数(人民币)收益率,招商基金管理有限公司,中国建设银行股份有限公司,跨境型ETF,,930796.CSI,87517219.64,15838700,14587226,0.918,0.92098631832158,0.812650999
2024-07-05,513220.SH,招商中证全球中国互联网ETF(QDII),20220715,中证全球中国互联网指数,中证全球中国互联网指数(人民币)收益率,招商基金管理有限公司,中国建设银行股份有限公司,跨境型ETF,,930796.CSI,86757955.38,14911300,13629351,0.912,0.9140283543353,1.030242606
2024-07-08,513220.SH,招商中证全球中国互联网ETF(QDII),20220715,中证全球中国互联网指数,中证全球中国互联网指数(人民币)收益率,招商基金管理有限公司,中国建设银行股份有限公司,跨境型ETF,,930796.CSI,85892970.78,8355200,7535763,0.898,0.90192490903868,0.481145798
2024-07-09,513220.SH,招商中证全球中国互联网ETF(QDII),20220715,中证全球中国互联网指数,中证全球中国互联网指数(人民币)收益率,招商基金管理有限公司,中国建设银行股份有限公司,跨境型ETF,,930796.CSI,86556125.64,18864600,16958231,0.904,0.89894463704505,0.377526094
2024-07-10,513220.SH,招商中证全球中国互联网ETF(QDII),20220715,中证全球中国互联网指数,中证全球中国互联网指数(人民币)收益率,招商基金管理有限公司,中国建设银行股份有限公司,跨境型ETF,,930796.CSI,86902119.48,42874000,39436403,0.91,0.9198209404301,0.641451006
2024-07-11,513220.SH,招商中证全球中国互联网ETF(QDII),20220715,中证全球中国互联网指数,中证全球中国互联网指数(人民币)收益率,招商基金管理有限公司,中国建设银行股份有限公司,跨境型ETF,,930796.CSI,88487924.58,29096500,26806102,0.927,0.92128269723163,0.684261975
2024-07-12,513220.SH,招商中证全球中国互联网ETF(QDII),20220715,中证全球中国互联网指数,中证全球中国互联网指数(人民币)收益率,招商基金管理有限公司,中国建设银行股份有限公司,跨境型ETF,,930796.CSI,90823383.0,25483700,24048094,0.95,0.94366571573202,0.529100529
2024-07-15,513220.SH,招商中证全球中国互联网ETF(QDII),20220715,中证全球中国互联网指数,中证全球中国互联网指数(人民币)收益率,招商基金管理有限公司,中国建设银行股份有限公司,跨境型ETF,,930796.CSI,88545590.22,18063800,16974811,0.933,0.93971429045937,1.269944643
2024-07-16,513220.SH,招商中证全球中国互联网ETF(QDII),20220715,中证全球中国互联网指数,中证全球中国互联网指数(人民币)收益率,招商基金管理有限公司,中国建设银行股份有限公司,跨境型ETF,,930796.CSI,87075116.4,19543100,17889216,0.918,0.91537248440626,1.324503311
2024-07-17,513220.SH,招商中证全球中国互联网ETF(QDII),20220715,中证全球中国互联网指数,中证全球中国互联网指数(人民币)收益率,招商基金管理有限公司,中国建设银行股份有限公司,跨境型ETF,,930796.CSI,86998228.88,22540700,20659172,0.918,0.91652752576451,1.414052143
2024-07-18,513220.SH,招商中证全球中国互联网ETF(QDII),20220715,中证全球中国互联网指数,中证全球中国互联网指数(人民币)收益率,招商基金管理有限公司,中国建设银行股份有限公司,跨境型ETF,,930796.CSI,86479238.12,20702800,18768134,0.912,0.9065505149062,1.355856857
2024-07-19,513220.SH,招商中证全球中国互联网ETF(QDII),20220715,中证全球中国互联网指数,中证全球中国互联网指数(人民币)收益率,招商基金管理有限公司,中国建设银行股份有限公司,跨境型ETF,,930796.CSI,85143317.46,21551900,19314489,0.896,0.89618497673059,1.140083531
2024-07-22,513220.SH,招商中证全球中国互联网ETF(QDII),20220715,中证全球中国互联网指数,中证全球中国互联网指数(人民币)收益率,招商基金管理有限公司,中国建设银行股份有限公司,跨境型ETF,,930796.CSI,86902119.48,29828400,27037287,0.914,0.90642766625096,1.083831011
2024-07-23,513220.SH,招商中证全球中国互联网ETF(QDII),20220715,中证全球中国互联网指数,中证全球中国互联网指数(人民币)收益率,招商基金管理有限公司,中国建设银行股份有限公司,跨境型ETF,,930796.CSI,85575809.76,17374000,15704605,0.896,0.9039141821112,0.628930818
2024-07-24,513220.SH,招商中证全球中国互联网ETF(QDII),20220715,中证全球中国互联网指数,中证全球中国互联网指数(人民币)收益率,招商基金管理有限公司,中国建设银行股份有限公司,跨境型ETF,,930796.CSI,84518606.36,12077300,10773670,0.886,0.89205948349383,0.750511713
2024-07-25,513220.SH,招商中证全球中国互联网ETF(QDII),20220715,中证全球中国互联网指数,中证全球中国互联网指数(人民币)收益率,招商基金管理有限公司,中国建设银行股份有限公司,跨境型ETF,,930796.CSI,82644473.06,14895300,12984220,0.864,0.87169912657013,0.476799628
2024-07-26,513220.SH,招商中证全球中国互联网ETF(QDII),20220715,中证全球中国互联网指数,中证全球中国互联网指数(人民币)收益率,招商基金管理有限公司,中国建设银行股份有限公司,跨境型ETF,,930796.CSI,82923190.32,16442200,14277070,0.867,0.86831871647346,0.486787204
2024-07-29,513220.SH,招商中证全球中国互联网ETF(QDII),20220715,中证全球中国互联网指数,中证全球中国互联网指数(人民币)收益率,招商基金管理有限公司,中国建设银行股份有限公司,跨境型ETF,,930796.CSI,83605567.06,20845500,18357050,0.882,0.88062411551654,1.390964479
2024-07-30,513220.SH,招商中证全球中国互联网ETF(QDII),20220715,中证全球中国互联网指数,中证全球中国互联网指数(人民币)收益率,招商基金管理有限公司,中国建设银行股份有限公司,跨境型ETF,,930796.CSI,82413810.5,17617800,15280974,0.866,0.86735994278514,0.991253644
2024-07-31,513220.SH,招商中证全球中国互联网ETF(QDII),20220715,中证全球中国互联网指数,中证全球中国互联网指数(人民币)收益率,招商基金管理有限公司,中国建设银行股份有限公司,跨境型ETF,,930796.CSI,84624326.7,21202900,18544335,0.884,0.87461314254182,0.39750142
2024-08-01,513220.SH,招商中证全球中国互联网ETF(QDII),20220715,中证全球中国互联网指数,中证全球中国互联网指数(人民币)收益率,招商基金管理有限公司,中国建设银行股份有限公司,跨境型ETF,,930796.CSI,83845840.56,11383300,10027208,0.881,0.88087004647159,0.985786337
2024-08-02,513220.SH,招商中证全球中国互联网ETF(QDII),20220715,中证全球中国互联网指数,中证全球中国互联网指数(人民币)收益率,招商基金管理有限公司,中国建设银行股份有限公司,跨境型ETF,,930796.CSI,81885208.8,19218400,16498911,0.855,0.85849555634184,0.352112676
2024-08-05,513220.SH,招商中证全球中国互联网ETF(QDII),20220715,中证全球中国互联网指数,中证全球中国互联网指数(人民币)收益率,招商基金管理有限公司,中国建设银行股份有限公司,跨境型ETF,,930796.CSI,81692990.0,14201800,12060092,0.841,0.84919460913405,-1.058823529
2024-08-06,513220.SH,招商中证全球中国互联网ETF(QDII),20220715,中证全球中国互联网指数,中证全球中国互联网指数(人民币)收益率,招商基金管理有限公司,中国建设银行股份有限公司,跨境型ETF,,930796.CSI,82279257.34,18650400,15911750,0.853,0.85315864539098,-0.36210723
2024-08-07,513220.SH,招商中证全球中国互联网ETF(QDII),20220715,中证全球中国互联网指数,中证全球中国互联网指数(人民币)收益率,招商基金管理有限公司,中国建设银行股份有限公司,跨境型ETF,,930796.CSI,83182685.7,23237500,20188186,0.868,0.86877615922539,0.288850376
2024-08-08,513220.SH,招商中证全球中国互联网ETF(QDII),20220715,中证全球中国互联网指数,中证全球中国互联网指数(人民币)收益率,招商基金管理有限公司,中国建设银行股份有限公司,跨境型ETF,,930796.CSI,83749731.16,25067600,21832013,0.871,0.87092553734701,-0.045903144
2024-08-09,513220.SH,招商中证全球中国互联网ETF(QDII),20220715,中证全球中国互联网指数,中证全球中国互联网指数(人民币)收益率,招商基金管理有限公司,中国建设银行股份有限公司,跨境型ETF,,930796.CSI,84605104.82,16260400,14386386,0.882,0.8847498216526,0.193115983
2024-08-12,513220.SH,招商中证全球中国互联网ETF(QDII),20220715,中证全球中国互联网指数,中证全球中国互联网指数(人民币)收益率,招商基金管理有限公司,中国建设银行股份有限公司,跨境型ETF,,930796.CSI,85162539.34,20888500,18346462,0.881,0.87830442588027,-0.575555806
2024-08-13,513220.SH,招商中证全球中国互联网ETF(QDII),20220715,中证全球中国互联网指数,中证全球中国互联网指数(人民币)收益率,招商基金管理有限公司,中国建设银行股份有限公司,跨境型ETF,,930796.CSI,85498922.24,20170000,17910888,0.889,0.88799643034209,-0.067446043
2024-08-14,513220.SH,招商中证全球中国互联网ETF(QDII),20220715,中证全球中国互联网指数,中证全球中国互联网指数(人民币)收益率,招商基金管理有限公司,中国建设银行股份有限公司,跨境型ETF,,930796.CSI,84537828.24,17368500,15313320,0.877,0.88167199240003,-0.295588904
2024-08-15,513220.SH,招商中证全球中国互联网ETF(QDII),20220715,中证全球中国互联网指数,中证全球中国互联网指数(人民币)收益率,招商基金管理有限公司,中国建设银行股份有限公司,跨境型ETF,,930796.CSI,84384053.2,33021000,29015338,0.872,0.87869349807698,-0.683371298
2024-08-16,513220.SH,招商中证全球中国互联网ETF(QDII),20220715,中证全球中国互联网指数,中证全球中国互联网指数(人民币)收益率,招商基金管理有限公司,中国建设银行股份有限公司,跨境型ETF,,930796.CSI,86633013.16,36939300,33063670,0.902,0.89508111956642,0.066563124
2024-08-19,513220.SH,招商中证全球中国互联网ETF(QDII),20220715,中证全球中国互联网指数,中证全球中国互联网指数(人民币)收益率,招商基金管理有限公司,中国建设银行股份有限公司,跨境型ETF,,930796.CSI,87670994.68,22325800,20465689,0.914,0.91668334393392,0.197325148
2024-08-20,513220.SH,招商中证全球中国互联网ETF(QDII),20220715,中证全球中国互联网指数,中证全球中国互联网指数(人民币)收益率,招商基金管理有限公司,中国建设银行股份有限公司,跨境型ETF,,930796.CSI,86373517.78,15205700,13829188,0.903,0.90947394726977,0.4784689
2024-08-21,513220.SH,招商中证全球中国互联网ETF(QDII),20220715,中证全球中国互联网指数,中证全球中国互联网指数(人民币)收益率,招商基金管理有限公司,中国建设银行股份有限公司,跨境型ETF,,930796.CSI,85758417.62,19702500,17434372,0.886,0.88488120796853,-0.706040569
2024-08-22,513220.SH,招商中证全球中国互联网ETF(QDII),20220715,中证全球中国互联网指数,中证全球中国互联网指数(人民币)收益率,招商基金管理有限公司,中国建设银行股份有限公司,跨境型ETF,,930796.CSI,87017450.76,31801200,28443887,0.9,0.89442810334201,-0.596421471
2024-08-23,513220.SH,招商中证全球中国互联网ETF(QDII),20220715,中证全球中国互联网指数,中证全球中国互联网指数(人民币)收益率,招商基金管理有限公司,中国建设银行股份有限公司,跨境型ETF,,930796.CSI,85691141.04,14763100,13215841,0.898,0.89519416653684,0.717810677
2024-08-26,513220.SH,招商中证全球中国互联网ETF(QDII),20220715,中证全球中国互联网指数,中证全球中国互联网指数(人民币)收益率,招商基金管理有限公司,中国建设银行股份有限公司,跨境型ETF,,930796.CSI,82663694.94,21707200,19432566,0.895,0.89521292474386,4.057667713
2024-08-27,513220.SH,招商中证全球中国互联网ETF(QDII),20220715,中证全球中国互联网指数,中证全球中国互联网指数(人民币)收益率,招商基金管理有限公司,中国建设银行股份有限公司,跨境型ETF,,930796.CSI,98785877.52,41731200,35647625,0.855,0.85421998408864,0.493653032
2024-08-28,513220.SH,招商中证全球中国互联网ETF(QDII),20220715,中证全球中国互联网指数,中证全球中国互联网指数(人民币)收益率,招商基金管理有限公司,中国建设银行股份有限公司,跨境型ETF,,930796.CSI,96370802.0,19018600,16048305,0.842,0.84382157466901,1.445783133
2024-08-29,513220.SH,招商中证全球中国互联网ETF(QDII),20220715,中证全球中国互联网指数,中证全球中国互联网指数(人民币)收益率,招商基金管理有限公司,中国建设银行股份有限公司,跨境型ETF,,930796.CSI,98061697.86,32112100,26860120,0.844,0.83644856611682,-0.92733889
2024-08-30,513220.SH,招商中证全球中国互联网ETF(QDII),20220715,中证全球中国互联网指数,中证全球中国互联网指数(人民币)收益率,招商基金管理有限公司,中国建设银行股份有限公司,跨境型ETF,,930796.CSI,101744646.72,36788300,31878524,0.869,0.86653974225501,0.023020258
2024-09-02,513220.SH,招商中证全球中国互联网ETF(QDII),20220715,中证全球中国互联网指数,中证全球中国互联网指数(人民币)收益率,招商基金管理有限公司,中国建设银行股份有限公司,跨境型ETF,,930796.CSI,100140247.94,19862000,17045792,0.852,0.85821125767798,-0.362530698
2024-09-03,513220.SH,招商中证全球中国互联网ETF(QDII),20220715,中证全球中国互联网指数,中证全球中国互联网指数(人民币)收益率,招商基金管理有限公司,中国建设银行股份有限公司,跨境型ETF,,930796.CSI,100737505.88,19695000,16869889,0.856,0.85655694338665,-0.488258545
2024-09-04,513220.SH,招商中证全球中国互联网ETF(QDII),20220715,中证全球中国互联网指数,中证全球中国互联网指数(人民币)收益率,招商基金管理有限公司,中国建设银行股份有限公司,跨境型ETF,,930796.CSI,99929451.02,23104300,19717044,0.854,0.8533928316374,0.082034454
2024-09-05,513220.SH,招商中证全球中国互联网ETF(QDII),20220715,中证全球中国互联网指数,中证全球中国互联网指数(人民币)收益率,招商基金管理有限公司,中国建设银行股份有限公司,跨境型ETF,,930796.CSI,99800630.68,26655800,22658217,0.847,0.85002952453125,-0.610185402
2024-09-06,513220.SH,招商中证全球中国互联网ETF(QDII),20220715,中证全球中国互联网指数,中证全球中国互联网指数(人民币)收益率,招商基金管理有限公司,中国建设银行股份有限公司,跨境型ETF,,930796.CSI,99706943.16,8064900,6850796,0.844,0.84945826978636,-0.869156683
2024-09-09,513220.SH,招商中证全球中国互联网ETF(QDII),20220715,中证全球中国互联网指数,中证全球中国互联网指数(人民币)收益率,招商基金管理有限公司,中国建设银行股份有限公司,跨境型ETF,,930796.CSI,98770067.96,20733600,17444096,0.839,0.84134429139175,-0.521697889
2024-09-10,513220.SH,招商中证全球中国互联网ETF(QDII),20220715,中证全球中国互联网指数,中证全球中国互联网指数(人民币)收益率,招商基金管理有限公司,中国建设银行股份有限公司,跨境型ETF,,930796.CSI,99624966.58,37210400,31647283,0.854,0.85049564100359,0.387915834
2024-09-11,513220.SH,招商中证全球中国互联网ETF(QDII),20220715,中证全球中国互联网指数,中证全球中国互联网指数(人民币)收益率,招商基金管理有限公司,中国建设银行股份有限公司,跨境型ETF,,930796.CSI,98395515.12,38947602,33136647,0.852,0.85080069884662,-0.327562003
2024-09-12,513220.SH,招商中证全球中国互联网ETF(QDII),20220715,中证全球中国互联网指数,中证全球中国互联网指数(人民币)收益率,招商基金管理有限公司,中国建设银行股份有限公司,跨境型ETF,,930796.CSI,99592652.88,30698600,26605084,0.868,0.86665463571629,0.323624595
2024-09-13,513220.SH,招商中证全球中国互联网ETF(QDII),20220715,中证全球中国互联网指数,中证全球中国互联网指数(人民币)收益率,招商基金管理有限公司,中国建设银行股份有限公司,跨境型ETF,,930796.CSI,99143726.22,34697000,30201789,0.864,0.87044381358619,0.313479624
2024-09-18,513220.SH,招商中证全球中国互联网ETF(QDII),20220715,中证全球中国互联网指数,中证全球中国互联网指数(人民币)收益率,招商基金管理有限公司,中国建设银行股份有限公司,跨境型ETF,,930796.CSI,100502017.14,12684400,11055780,0.874,0.87160449055533,0.103080976
2024-09-19,513220.SH,招商中证全球中国互联网ETF(QDII),20220715,中证全球中国互联网指数,中证全球中国互联网指数(人民币)收益率,招商基金管理有限公司,中国建设银行股份有限公司,跨境型ETF,,930796.CSI,92123100.68,47115800,41877631,0.9,0.88882351567839,-0.243848371
2024-09-20,513220.SH,招商中证全球中国互联网ETF(QDII),20220715,中证全球中国互联网指数,中证全球中国互联网指数(人民币)收益率,招商基金管理有限公司,中国建设银行股份有限公司,跨境型ETF,,930796.CSI,92266053.84,34128300,30986454,0.903,0.90794015523774,-0.066401062
2024-09-23,513220.SH,招商中证全球中国互联网ETF(QDII),20220715,中证全球中国互联网指数,中证全球中国互联网指数(人民币)收益率,招商基金管理有限公司,中国建设银行股份有限公司,跨境型ETF,,930796.CSI,93097477.26,29909300,27134045,0.901,0.90721096782606,-0.210433049
2024-09-24,513220.SH,招商中证全球中国互联网ETF(QDII),20220715,中证全球中国互联网指数,中证全球中国互联网指数(人民币)收益率,招商基金管理有限公司,中国建设银行股份有限公司,跨境型ETF,,930796.CSI,97145911.52,39217000,36515302,0.948,0.9311090088482,-1.332223147
2024-09-25,513220.SH,招商中证全球中国互联网ETF(QDII),20220715,中证全球中国互联网指数,中证全球中国互联网指数(人民币)收益率,招商基金管理有限公司,中国建设银行股份有限公司,跨境型ETF,,930796.CSI,107434438.02,84748000,82693096,0.954,0.97575277292679,-0.44871126
2024-09-26,513220.SH,招商中证全球中国互联网ETF(QDII),20220715,中证全球中国互联网指数,中证全球中国互联网指数(人民币)收益率,招商基金管理有限公司,中国建设银行股份有限公司,跨境型ETF,,930796.CSI,118616721.3,117957500,117642846,1.021,0.99733247991861,-1.77970178
2024-09-27,513220.SH,招商中证全球中国互联网ETF(QDII),20220715,中证全球中国互联网指数,中证全球中国互联网指数(人民币)收益率,招商基金管理有限公司,中国建设银行股份有限公司,跨境型ETF,,930796.CSI,179847491.46,47432300,51967097,1.123,1.0956056737708,2.472853363
2024-09-30,513220.SH,招商中证全球中国互联网ETF(QDII),20220715,中证全球中国互联网指数,中证全球中国互联网指数(人民币)收益率,招商基金管理有限公司,中国建设银行股份有限公司,跨境型ETF,,930796.CSI,246204417.4584,689692295,824018334,1.235,1.1947622729351,7.400643534
2024-10-08,513220.SH,招商中证全球中国互联网ETF(QDII),20220715,中证全球中国互联网指数,中证全球中国互联网指数(人民币)收益率,招商基金管理有限公司,中国建设银行股份有限公司,跨境型ETF,,930796.CSI,398234096.46,581148099,708446901,1.191,1.2190470935361,1.716628235
2024-10-09,513220.SH,招商中证全球中国互联网ETF(QDII),20220715,中证全球中国互联网指数,中证全球中国互联网指数(人民币)收益率,招商基金管理有限公司,中国建设银行股份有限公司,跨境型ETF,,930796.CSI,388172746.06,343364800,404160521,1.134,1.1770586880193,-1.809680492
2024-10-10,513220.SH,招商中证全球中国互联网ETF(QDII),20220715,中证全球中国互联网指数,中证全球中国互联网指数(人民币)收益率,招商基金管理有限公司,中国建设银行股份有限公司,跨境型ETF,,930796.CSI,393752162.1,247760100,290871743,1.166,1.1740055925066,-0.469483568
2024-10-11,513220.SH,招商中证全球中国互联网ETF(QDII),20220715,中证全球中国互联网指数,中证全球中国互联网指数(人民币)收益率,招商基金管理有限公司,中国建设银行股份有限公司,跨境型ETF,,930796.CSI,394827712.18,65418300,75071175,1.132,1.147556188406,-3.634970631
2024-10-14,513220.SH,招商中证全球中国互联网ETF(QDII),20220715,中证全球中国互联网指数,中证全球中国互联网指数(人民币)收益率,招商基金管理有限公司,中国建设银行股份有限公司,跨境型ETF,,930796.CSI,382942566.24,191281600,219855140,1.155,1.1493794489381,0.469728601
2024-10-15,513220.SH,招商中证全球中国互联网ETF(QDII),20220715,中证全球中国互联网指数,中证全球中国互联网指数(人民币)收益率,招商基金管理有限公司,中国建设银行股份有限公司,跨境型ETF,,930796.CSI,364055263.26,208406200,234380247,1.093,1.1246318343696,0.009149968
2024-10-16,513220.SH,招商中证全球中国互联网ETF(QDII),20220715,中证全球中国互联网指数,中证全球中国互联网指数(人民币)收益率,招商基金管理有限公司,中国建设银行股份有限公司,跨境型ETF,,930796.CSI,364454994.54,157640500,172885879,1.094,1.0967097858736,-0.009139932
2024-10-17,513220.SH,招商中证全球中国互联网ETF(QDII),20220715,中证全球中国互联网指数,中证全球中国互联网指数(人民币)收益率,招商基金管理有限公司,中国建设银行股份有限公司,跨境型ETF,,930796.CSI,359391731.66,160539400,177916349,1.088,1.1082410236989,0.843451664
2024-10-18,513220.SH,招商中证全球中国互联网ETF(QDII),20220715,中证全球中国互联网指数,中证全球中国互联网指数(人民币)收益率,招商基金管理有限公司,中国建设银行股份有限公司,跨境型ETF,,930796.CSI,317223895.5,278473700,310102207,1.131,1.1135780757752,-0.132450331
2024-10-21,513220.SH,招商中证全球中国互联网ETF(QDII),20220715,中证全球中国互联网指数,中证全球中国互联网指数(人民币)收益率,招商基金管理有限公司,中国建设银行股份有限公司,跨境型ETF,,930796.CSI,309716963.58,181349800,202588258,1.103,1.1171132143515,-0.244189201
2024-10-22,513220.SH,招商中证全球中国互联网ETF(QDII),20220715,中证全球中国互联网指数,中证全球中国互联网指数(人民币)收益率,招商基金管理有限公司,中国建设银行股份有限公司,跨境型ETF,,930796.CSI,312938221.68,127329200,141547164,1.108,1.1116630278051,-0.82348729
2024-10-23,513220.SH,招商中证全球中国互联网ETF(QDII),20220715,中证全球中国互联网指数,中证全球中国互联网指数(人民币)收益率,招商基金管理有限公司,中国建设银行股份有限公司,跨境型ETF,,930796.CSI,316383567.3,200543900,227967276,1.136,1.1367450019672,0.575475874
2024-10-24,513220.SH,招商中证全球中国互联网ETF(QDII),20220715,中证全球中国互联网指数,中证全球中国互联网指数(人民币)收益率,招商基金管理有限公司,中国建设银行股份有限公司,跨境型ETF,,930796.CSI,254431963.58,106312200,118210863,1.107,1.1119218960759,0.117572578
2024-10-25,513220.SH,招商中证全球中国互联网ETF(QDII),20220715,中证全球中国互联网指数,中证全球中国互联网指数(人民币)收益率,招商基金管理有限公司,中国建设银行股份有限公司,跨境型ETF,,930796.CSI,255605521.52,125581700,140046244,1.112,1.1151803487292,0.108030248
2024-10-28,513220.SH,招商中证全球中国互联网ETF(QDII),20220715,中证全球中国互联网指数,中证全球中国互联网指数(人民币)收益率,招商基金管理有限公司,中国建设银行股份有限公司,跨境型ETF,,930796.CSI,258366834.32,90671200,101522262,1.122,1.11967484714,-0.071250445
2024-10-29,513220.SH,招商中证全球中国互联网ETF(QDII),20220715,中证全球中国互联网指数,中证全球中国互联网指数(人民币)收益率,招商基金管理有限公司,中国建设银行股份有限公司,跨境型ETF,,930796.CSI,260782983.02,137052000,156358463,1.133,1.1408696188308,-0.026471367
2024-10-30,513220.SH,招商中证全球中国互联网ETF(QDII),20220715,中证全球中国互联网指数,中证全球中国互联网指数(人民币)收益率,招商基金管理有限公司,中国建设银行股份有限公司,跨境型ETF,,930796.CSI,256065740.32,83343200,93257995,1.115,1.118963454727,0.197699497
2024-10-31,513220.SH,招商中证全球中国互联网ETF(QDII),20220715,中证全球中国互联网指数,中证全球中国互联网指数(人民币)收益率,招商基金管理有限公司,中国建设银行股份有限公司,跨境型ETF,,930796.CSI,241839702.72,126129400,141264083,1.114,1.119993300531,0.468975469
2024-11-01,513220.SH,招商中证全球中国互联网ETF(QDII),20220715,中证全球中国互联网指数,中证全球中国互联网指数(人民币)收益率,招商基金管理有限公司,中国建设银行股份有限公司,跨境型ETF,,930796.CSI,244064418.6,122986400,137844813,1.116,1.1208134639277,-0.268096515
2024-11-04,513220.SH,招商中证全球中国互联网ETF(QDII),20220715,中证全球中国互联网指数,中证全球中国互联网指数(人民币)收益率,招商基金管理有限公司,中国建设银行股份有限公司,跨境型ETF,,930796.CSI,235725517.38,67712400,76260898,1.127,1.1262471570938,-0.503222389
2024-11-05,513220.SH,招商中证全球中国互联网ETF(QDII),20220715,中证全球中国互联网指数,中证全球中国互联网指数(人民币)收益率,招商基金管理有限公司,中国建设银行股份有限公司,跨境型ETF,,930796.CSI,242093665.02,140950300,161592599,1.155,1.1464509050353,-0.713487492
2024-11-06,513220.SH,招商中证全球中国互联网ETF(QDII),20220715,中证全球中国互联网指数,中证全球中国互联网指数(人民币)收益率,招商基金管理有限公司,中国建设银行股份有限公司,跨境型ETF,,930796.CSI,316071333.1,135225900,155208766,1.134,1.1477739545457,-0.219973603
2024-11-07,513220.SH,招商中证全球中国互联网ETF(QDII),20220715,中证全球中国互联网指数,中证全球中国互联网指数(人民币)收益率,招商基金管理有限公司,中国建设银行股份有限公司,跨境型ETF,,930796.CSI,329364962.42,126338700,146278167,1.175,1.1578254881521,-0.785274002
2024-11-08,513220.SH,招商中证全球中国互联网ETF(QDII),20220715,中证全球中国互联网指数,中证全球中国互联网指数(人民币)收益率,招商基金管理有限公司,中国建设银行股份有限公司,跨境型ETF,,930796.CSI,285300999.06,146729700,173349894,1.162,1.1814233519185,1.052265414
2024-11-11,513220.SH,招商中证全球中国互联网ETF(QDII),20220715,中证全球中国互联网指数,中证全球中国互联网指数(人民币)收益率,招商基金管理有限公司,中国建设银行股份有限公司,跨境型ETF,,930796.CSI,284382994.28,119620000,136029091,1.148,1.1371768182578,0.157040656
2024-11-12,513220.SH,招商中证全球中国互联网ETF(QDII),20220715,中证全球中国互联网指数,中证全球中国互联网指数(人民币)收益率,招商基金管理有限公司,中国建设银行股份有限公司,跨境型ETF,,930796.CSI,277721477.76,126876700,143394841,1.115,1.1301904999105,0.41426513
2024-11-13,513220.SH,招商中证全球中国互联网ETF(QDII),20220715,中证全球中国互联网指数,中证全球中国互联网指数(人民币)收益率,招商基金管理有限公司,中国建设银行股份有限公司,跨境型ETF,,930796.CSI,277396335.54,116134200,127982269,1.107,1.1020204986989,-0.18934271
2024-11-14,513220.SH,招商中证全球中国互联网ETF(QDII),20220715,中证全球中国互联网指数,中证全球中国互联网指数(人民币)收益率,招商基金管理有限公司,中国建设银行股份有限公司,跨境型ETF,,930796.CSI,270668392.68,92912000,102462347,1.082,1.1027891660926,-0.018480872
2024-11-15,513220.SH,招商中证全球中国互联网ETF(QDII),20220715,中证全球中国互联网指数,中证全球中国互联网指数(人民币)收益率,招商基金管理有限公司,中国建设银行股份有限公司,跨境型ETF,,930796.CSI,270468305.16,150225800,163840250,1.084,1.0906265767931,0.240429073
2024-11-18,513220.SH,招商中证全球中国互联网ETF(QDII),20220715,中证全球中国互联网指数,中证全球中国互联网指数(人民币)收益率,招商基金管理有限公司,中国建设银行股份有限公司,跨境型ETF,,930796.CSI,272069005.32,129208300,140825187,1.086,1.0899082102311,-0.165471594
2024-11-19,513220.SH,招商中证全球中国互联网ETF(QDII),20220715,中证全球中国互联网指数,中证全球中国互联网指数(人民币)收益率,招商基金管理有限公司,中国建设银行股份有限公司,跨境型ETF,,930796.CSI,274119902.4,106946300,116789044,1.096,1.0920344509347,0
2024-11-20,513220.SH,招商中证全球中国互联网ETF(QDII),20220715,中证全球中国互联网指数,中证全球中国互联网指数(人民币)收益率,招商基金管理有限公司,中国建设银行股份有限公司,跨境型ETF,,930796.CSI,275370449.4,89799500,98573112,1.101,1.0977022366494,0
2024-11-21,513220.SH,招商中证全球中国互联网ETF(QDII),20220715,中证全球中国互联网指数,中证全球中国互联网指数(人民币)收益率,招商基金管理有限公司,中国建设银行股份有限公司,跨境型ETF,,930796.CSI,271368699.0,70103500,77322712,1.103,1.1029793376936,1.658986175
2024-11-22,513220.SH,招商中证全球中国互联网ETF(QDII),20220715,中证全球中国互联网指数,中证全球中国互联网指数(人民币)收益率,招商基金管理有限公司,中国建设银行股份有限公司,跨境型ETF,,930796.CSI,274831592.04,100961300,109134057,1.059,1.0809494033853,0.227143668
2024-11-25,513220.SH,招商中证全球中国互联网ETF(QDII),20220715,中证全球中国互联网指数,中证全球中国互联网指数(人民币)收益率,招商基金管理有限公司,中国建设银行股份有限公司,跨境型ETF,,930796.CSI,273036837.18,83335600,87878274,1.05,1.0545106053115,0.028579594
2024-11-26,513220.SH,招商中证全球中国互联网ETF(QDII),20220715,中证全球中国互联网指数,中证全球中国互联网指数(人民币)收益率,招商基金管理有限公司,中国建设银行股份有限公司,跨境型ETF,,930796.CSI,273140880.94,64376800,68217514,1.056,1.0596599085385,0.561851252
2024-11-27,513220.SH,招商中证全球中国互联网ETF(QDII),20220715,中证全球中国互联网指数,中证全球中国互联网指数(人民币)收益率,招商基金管理有限公司,中国建设银行股份有限公司,跨境型ETF,,930796.CSI,280074509.94,87457300,93169146,1.082,1.0653101113343,-0.285687955
2024-11-28,513220.SH,招商中证全球中国互联网ETF(QDII),20220715,中证全球中国互联网指数,中证全球中国互联网指数(人民币)收益率,招商基金管理有限公司,中国建设银行股份有限公司,跨境型ETF,,930796.CSI,275815704.84,63598800,68392790,1.067,1.075378623496,-0.149728617
2024-11-29,513220.SH,招商中证全球中国互联网ETF(QDII),20220715,中证全球中国互联网指数,中证全球中国互联网指数(人民币)收益率,招商基金管理有限公司,中国建设银行股份有限公司,跨境型ETF,,930796.CSI,276383545.52,106419600,114686573,1.071,1.0776828046713,0.018677624
2024-12-02,513220.SH,招商中证全球中国互联网ETF(QDII),20220715,中证全球中国互联网指数,中证全球中国互联网指数(人民币)收益率,招商基金管理有限公司,中国建设银行股份有限公司,跨境型ETF,,930796.CSI,279145316.1,95888200,103378750,1.078,1.0781175368815,-0.323624595
2024-12-03,513220.SH,招商中证全球中国互联网ETF(QDII),20220715,中证全球中国互联网指数,中证全球中国互联网指数(人民币)收益率,招商基金管理有限公司,中国建设银行股份有限公司,跨境型ETF,,930796.CSI,278186030.28,101101600,109711396,1.088,1.0851598392112,0.165715338
2024-12-04,513220.SH,招商中证全球中国互联网ETF(QDII),20220715,中证全球中国互联网指数,中证全球中国互联网指数(人民币)收益率,招商基金管理有限公司,中国建设银行股份有限公司,跨境型ETF,,930796.CSI,232382684.82,62891690,68584283,1.086,1.0905142316894,0.527631214
2024-12-05,513220.SH,招商中证全球中国互联网ETF(QDII),20220715,中证全球中国互联网指数,中证全球中国互联网指数(人民币)收益率,招商基金管理有限公司,中国建设银行股份有限公司,跨境型ETF,,930796.CSI,230812386.2,38704100,41732712,1.075,1.0782504179144,0.18639329
2024-12-06,513220.SH,招商中证全球中国互联网ETF(QDII),20220715,中证全球中国互联网指数,中证全球中国互联网指数(人民币)收益率,招商基金管理有限公司,中国建设银行股份有限公司,跨境型ETF,,930796.CSI,235136085.14,82159180,89464082,1.098,1.0889115738497,0.448266398
2024-12-09,513220.SH,招商中证全球中国互联网ETF(QDII),20220715,中证全球中国互联网指数,中证全球中国互联网指数(人民币)收益率,招商基金管理有限公司,中国建设银行股份有限公司,跨境型ETF,,930796.CSI,245740978.56,52719100,57793056,1.095,1.0962451179933,-4.149159664
2024-12-10,513220.SH,招商中证全球中国互联网ETF(QDII),20220715,中证全球中国互联网指数,中证全球中国互联网指数(人民币)收益率,招商基金管理有限公司,中国建设银行股份有限公司,跨境型ETF,,930796.CSI,197908643.88,160262500,185749725,1.141,1.1590342406989,0.955583083
2024-12-11,513220.SH,招商中证全球中国互联网ETF(QDII),20220715,中证全球中国互联网指数,中证全球中国互联网指数(人民币)收益率,招商基金管理有限公司,中国建设银行股份有限公司,跨境型ETF,,930796.CSI,192930426.3,102971000,116676970,1.122,1.1331051461091,0.67294751
2024-12-12,513220.SH,招商中证全球中国互联网ETF(QDII),20220715,中证全球中国互联网指数,中证全球中国互联网指数(人民币)收益率,招商基金管理有限公司,中国建设银行股份有限公司,跨境型ETF,,930796.CSI,196011773.62,103435300,117400273,1.147,1.1350116739643,1.298242515
2024-12-13,513220.SH,招商中证全球中国互联网ETF(QDII),20220715,中证全球中国互联网指数,中证全球中国互联网指数(人民币)收益率,招商基金管理有限公司,中国建设银行股份有限公司,跨境型ETF,,930796.CSI,191355130.76,77427000,87078979,1.115,1.124659085332,0.868463904
2024-12-16,513220.SH,招商中证全球中国互联网ETF(QDII),20220715,中证全球中国互联网指数,中证全球中国互联网指数(人民币)收益率,招商基金管理有限公司,中国建设银行股份有限公司,跨境型ETF,,930796.CSI,187858320.88,46080200,50804813,1.096,1.1025302190529,0.995208257
2024-12-17,513220.SH,招商中证全球中国互联网ETF(QDII),20220715,中证全球中国互联网指数,中证全球中国互联网指数(人民币)收益率,招商基金管理有限公司,中国建设银行股份有限公司,跨境型ETF,,930796.CSI,187425547.38,70219200,76653059,1.089,1.0916253531798,0.581878637
2024-12-18,513220.SH,招商中证全球中国互联网ETF(QDII),20220715,中证全球中国互联网指数,中证全球中国互联网指数(人民币)收益率,招商基金管理有限公司,中国建设银行股份有限公司,跨境型ETF,,930796.CSI,188845044.46,59652700,65804866,1.103,1.1031330685786,1.10917591
2024-12-19,513220.SH,招商中证全球中国互联网ETF(QDII),20220715,中证全球中国互联网指数,中证全球中国互联网指数(人民币)收益率,招商基金管理有限公司,中国建设银行股份有限公司,跨境型ETF,,930796.CSI,190063742.76,66307400,72503835,1.102,1.0934501277384,1.529390087
2024-12-20,513220.SH,招商中证全球中国互联网ETF(QDII),20220715,中证全球中国互联网指数,中证全球中国互联网指数(人民币)收益率,招商基金管理有限公司,中国建设银行股份有限公司,跨境型ETF,,930796.CSI,189608458.32,52343800,57399640,1.095,1.0965890898253,1.126708533
2024-12-23,513220.SH,招商中证全球中国互联网ETF(QDII),20220715,中证全球中国互联网指数,中证全球中国互联网指数(人民币)收益率,招商基金管理有限公司,中国建设银行股份有限公司,跨境型ETF,,930796.CSI,189275750.46,32313300,35300999,1.09,1.0924603491442,0.841891017
2024-12-24,513220.SH,招商中证全球中国互联网ETF(QDII),20220715,中证全球中国互联网指数,中证全球中国互联网指数(人民币)收益率,招商基金管理有限公司,中国建设银行股份有限公司,跨境型ETF,,930796.CSI,190711647.54,41779700,45899547,1.103,1.0986088219877,1.27628317
2024-12-25,513220.SH,招商中证全球中国互联网ETF(QDII),20220715,中证全球中国互联网指数,中证全球中国互联网指数(人民币)收益率,招商基金管理有限公司,中国建设银行股份有限公司,跨境型ETF,,930796.CSI,190641603.78,11326800,12475423,1.099,1.1014075467034,0.946082484
2024-12-26,513220.SH,招商中证全球中国互联网ETF(QDII),20220715,中证全球中国互联网指数,中证全球中国互联网指数(人民币)收益率,招商基金管理有限公司,中国建设银行股份有限公司,跨境型ETF,,930796.CSI,190501516.26,9177700,10078808,1.099,1.0981845124595,1.020314367
2024-12-27,513220.SH,招商中证全球中国互联网ETF(QDII),20220715,中证全球中国互联网指数,中证全球中国互联网指数(人民币)收益率,招商基金管理有限公司,中国建设银行股份有限公司,跨境型ETF,,930796.CSI,189853611.48,51643700,56554910,1.095,1.095097949992,0.996126176
2024-12-30,513220.SH,招商中证全球中国互联网ETF(QDII),20220715,中证全球中国互联网指数,中证全球中国互联网指数(人民币)收益率,招商基金管理有限公司,中国建设银行股份有限公司,跨境型ETF,,930796.CSI,188365181.58,37258800,40640050,1.091,1.0907503730662,1.422329646
2024-12-31,513220.SH,招商中证全球中国互联网ETF(QDII),20220715,中证全球中国互联网指数,中证全球中国互联网指数(人民币)收益率,招商基金管理有限公司,中国建设银行股份有限公司,跨境型ETF,,930796.CSI,187822359.6016,22232400,24177220,1.076,1.0874768356093,0.316986761
2025-01-02,513220.SH,招商中证全球中国互联网ETF(QDII),20220715,中证全球中国互联网指数,中证全球中国互联网指数(人民币)收益率,招商基金管理有限公司,中国建设银行股份有限公司,跨境型ETF,,930796.CSI,182422685.72,43696900,46752305,1.063,1.0699226947449,0.873030936
2025-01-03,513220.SH,招商中证全球中国互联网ETF(QDII),20220715,中证全球中国互联网指数,中证全球中国互联网指数(人民币)收益率,招商基金管理有限公司,中国建设银行股份有限公司,跨境型ETF,,930796.CSI,183634451.52,43421400,46559254,1.067,1.0722651503636,0.584464555
2025-01-06,513220.SH,招商中证全球中国互联网ETF(QDII),20220715,中证全球中国互联网指数,中证全球中国互联网指数(人民币)收益率,招商基金管理有限公司,中国建设银行股份有限公司,跨境型ETF,,930796.CSI,182924702.98,29474700,31572343,1.068,1.0711675776174,1.069366897
2025-01-07,513220.SH,招商中证全球中国互联网ETF(QDII),20220715,中证全球中国互联网指数,中证全球中国互联网指数(人民币)收益率,招商基金管理有限公司,中国建设银行股份有限公司,跨境型ETF,,930796.CSI,179358649.34,57167600,60055030,1.043,1.0505081549689,0.665958884
2025-01-08,513220.SH,招商中证全球中国互联网ETF(QDII),20220715,中证全球中国互联网指数,中证全球中国互联网指数(人民币)收益率,招商基金管理有限公司,中国建设银行股份有限公司,跨境型ETF,,930796.CSI,177402513.12,45684600,47503472,1.035,1.0398136790078,0.995316159
2025-01-09,513220.SH,招商中证全球中国互联网ETF(QDII),20220715,中证全球中国互联网指数,中证全球中国互联网指数(人民币)收益率,招商基金管理有限公司,中国建设银行股份有限公司,跨境型ETF,,930796.CSI,177454445.94,33356900,34768020,1.04,1.0423036912903,1.45351673
2025-01-10,513220.SH,招商中证全球中国互联网ETF(QDII),20220715,中证全球中国互联网指数,中证全球中国互联网指数(人民币)收益率,招商基金管理有限公司,中国建设银行股份有限公司,跨境型ETF,,930796.CSI,174026879.82,26511900,27474029,1.022,1.0362904582471,1.661195663
2025-01-13,513220.SH,招商中证全球中国互联网ETF(QDII),20220715,中证全球中国互联网指数,中证全球中国互联网指数(人民币)收益率,招商基金管理有限公司,中国建设银行股份有限公司,跨境型ETF,,930796.CSI,172468895.22,34571200,34806130,1.007,1.006795540797,1.073973703
2025-01-14,513220.SH,招商中证全球中国互联网ETF(QDII),20220715,中证全球中国互联网指数,中证全球中国互联网指数(人民币)收益率,招商基金管理有限公司,中国建设银行股份有限公司,跨境型ETF,,930796.CSI,178164194.48,109883300,113909072,1.044,1.0366367955822,1.438010105
2025-01-15,513220.SH,招商中证全球中国互联网ETF(QDII),20220715,中证全球中国互联网指数,中证全球中国互联网指数(人民币)收益率,招商基金管理有限公司,中国建设银行股份有限公司,跨境型ETF,,930796.CSI,180098763.36,32642900,34086984,1.043,1.0442388390737,0.831399845
2025-01-16,513220.SH,招商中证全球中国互联网ETF(QDII),20220715,中证全球中国互联网指数,中证全球中国互联网指数(人民币)收益率,招商基金管理有限公司,中国建设银行股份有限公司,跨境型ETF,,930796.CSI,181892090.18,44263100,46882392,1.057,1.0591755209192,1.177371494
2025-01-17,513220.SH,招商中证全球中国互联网ETF(QDII),20220715,中证全球中国互联网指数,中证全球中国互联网指数(人民币)收益率,招商基金管理有限公司,中国建设银行股份有限公司,跨境型ETF,,930796.CSI,183650595.12,20672400,21819687,1.058,1.0554984907413,0.303375047
2025-01-20,513220.SH,招商中证全球中国互联网ETF(QDII),20220715,中证全球中国互联网指数,中证全球中国互联网指数(人民币)收益率,招商基金管理有限公司,中国建设银行股份有限公司,跨境型ETF,,930796.CSI,188351548.92,240532300,264443971,1.096,1.0994114761302,1.312627103
2025-01-21,513220.SH,招商中证全球中国互联网ETF(QDII),20220715,中证全球中国互联网指数,中证全球中国互联网指数(人民币)收益率,招商基金管理有限公司,中国建设银行股份有限公司,跨境型ETF,,930796.CSI,191483750.62,126474800,139387300,1.101,1.1020954371938,1.260001839
2025-01-22,513220.SH,招商中证全球中国互联网ETF(QDII),20220715,中证全球中国互联网指数,中证全球中国互联网指数(人民币)收益率,招商基金管理有限公司,中国建设银行股份有限公司,跨境型ETF,,930796.CSI,187274735.96,51359600,55412321,1.071,1.0789087337129,0.714688734
2025-01-23,513220.SH,招商中证全球中国互联网ETF(QDII),20220715,中证全球中国互联网指数,中证全球中国互联网指数(人民币)收益率,招商基金管理有限公司,中国建设银行股份有限公司,跨境型ETF,,930796.CSI,202900849.98,105274400,113557864,1.065,1.0786845044949,0.310822266
2025-01-24,513220.SH,招商中证全球中国互联网ETF(QDII),20220715,中证全球中国互联网指数,中证全球中国互联网指数(人民币)收益率,招商基金管理有限公司,中国建设银行股份有限公司,跨境型ETF,,930796.CSI,199955464.8,128567800,140057687,1.095,1.0893683099501,0.274725275
2025-01-27,513220.SH,招商中证全球中国互联网ETF(QDII),20220715,中证全球中国互联网指数,中证全球中国互联网指数(人民币)收益率,招商基金管理有限公司,中国建设银行股份有限公司,跨境型ETF,,930796.CSI,224601983.76,124623500,138711895,1.106,1.1130476595506,0.508905852
2025-02-05,513220.SH,招商中证全球中国互联网ETF(QDII),20220715,中证全球中国互联网指数,中证全球中国互联网指数(人民币)收益率,招商基金管理有限公司,中国建设银行股份有限公司,跨境型ETF,,930796.CSI,232888825.4,120449400,138433778,1.15,1.1493106482888,0.78878177
2025-02-06,513220.SH,招商中证全球中国互联网ETF(QDII),20220715,中证全球中国互联网指数,中证全球中国互联网指数(人民币)收益率,招商基金管理有限公司,中国建设银行股份有限公司,跨境型ETF,,930796.CSI,235868822.64,94931100,109246223,1.159,1.1507948712277,0.294219453
2025-02-07,513220.SH,招商中证全球中国互联网ETF(QDII),20220715,中证全球中国互联网指数,中证全球中国互联网指数(人民币)收益率,招商基金管理有限公司,中国建设银行股份有限公司,跨境型ETF,,930796.CSI,239828545.0,116054000,136773494,1.183,1.1785332172954,0.680851064
2025-02-10,513220.SH,招商中证全球中国互联网ETF(QDII),20220715,中证全球中国互联网指数,中证全球中国互联网指数(人民币)收益率,招商基金管理有限公司,中国建设银行股份有限公司,跨境型ETF,,930796.CSI,246432635.02,160912200,195936804,1.224,1.21766282482,0.88189236
2025-02-11,513220.SH,招商中证全球中国互联网ETF(QDII),20220715,中证全球中国互联网指数,中证全球中国互联网指数(人民币)收益率,招商基金管理有限公司,中国建设银行股份有限公司,跨境型ETF,,930796.CSI,240365954.88,87755400,106930692,1.208,1.2185083994831,1.070950469
2025-02-12,513220.SH,招商中证全球中国互联网ETF(QDII),20220715,中证全球中国互联网指数,中证全球中国互联网指数(人民币)收益率,招商基金管理有限公司,中国建设银行股份有限公司,跨境型ETF,,930796.CSI,246318793.12,116491600,142358121,1.23,1.2220462333765,0.424559112
2025-02-13,513220.SH,招商中证全球中国互联网ETF(QDII),20220715,中证全球中国互联网指数,中证全球中国互联网指数(人民币)收益率,招商基金管理有限公司,中国建设银行股份有限公司,跨境型ETF,,930796.CSI,210789669.86,244995100,311389571,1.26,1.2710032608815,2.281029304
2025-02-14,513220.SH,招商中证全球中国互联网ETF(QDII),20220715,中证全球中国互联网指数,中证全球中国互联网指数(人民币)收益率,招商基金管理有限公司,中国建设银行股份有限公司,跨境型ETF,,930796.CSI,221774893.34,210350900,268537057,1.294,1.2766147280568,-0.162024535
2025-02-17,513220.SH,招商中证全球中国互联网ETF(QDII),20220715,中证全球中国互联网指数,中证全球中国互联网指数(人民币)收益率,招商基金管理有限公司,中国建设银行股份有限公司,跨境型ETF,,930796.CSI,220868013.52,234214900,307475193,1.302,1.3127909155225,0.867678959
2025-02-18,513220.SH,招商中证全球中国互联网ETF(QDII),20220715,中证全球中国互联网指数,中证全球中国互联网指数(人民币)收益率,招商基金管理有限公司,中国建设银行股份有限公司,跨境型ETF,,930796.CSI,225727520.48,156044900,206423166,1.319,1.3228446812424,-0.015160703
2025-02-19,513220.SH,招商中证全球中国互联网ETF(QDII),20220715,中证全球中国互联网指数,中证全球中国互联网指数(人民币)收益率,招商基金管理有限公司,中国建设银行股份有限公司,跨境型ETF,,930796.CSI,223349099.82,162471600,214019737,1.319,1.3172747544802,1.049567149
2025-02-20,513220.SH,招商中证全球中国互联网ETF(QDII),20220715,中证全球中国互联网指数,中证全球中国互联网指数(人民币)收益率,招商基金管理有限公司,中国建设银行股份有限公司,跨境型ETF,,930796.CSI,218113152.18,131152000,168548521,1.283,1.2851387779066,0.6511336
2025-02-21,513220.SH,招商中证全球中国互联网ETF(QDII),20220715,中证全球中国互联网指数,中证全球中国互联网指数(人民币)收益率,招商基金管理有限公司,中国建设银行股份有限公司,跨境型ETF,,930796.CSI,233294291.7,168321700,223272102,1.347,1.3264605930192,-0.62707488
2025-02-24,513220.SH,招商中证全球中国互联网ETF(QDII),20220715,中证全球中国互联网指数,中证全球中国互联网指数(人民币)收益率,招商基金管理有限公司,中国建设银行股份有限公司,跨境型ETF,,930796.CSI,230010459.78,265296800,361499121,1.361,1.3626214903459,2.430947543
2025-02-25,513220.SH,招商中证全球中国互联网ETF(QDII),20220715,中证全球中国互联网指数,中证全球中国互联网指数(人民币)收益率,招商基金管理有限公司,中国建设银行股份有限公司,跨境型ETF,,930796.CSI,224020874.54,207366200,271658584,1.303,1.3100427359907,0.687736651
2025-02-26,513220.SH,招商中证全球中国互联网ETF(QDII),20220715,中证全球中国互联网指数,中证全球中国互联网指数(人民币)收益率,招商基金管理有限公司,中国建设银行股份有限公司,跨境型ETF,,930796.CSI,235535196.32,230468600,310819610,1.372,1.3486418974212,1.419278533
2025-02-27,513220.SH,招商中证全球中国互联网ETF(QDII),20220715,中证全球中国互联网指数,中证全球中国互联网指数(人民币)收益率,招商基金管理有限公司,中国建设银行股份有限公司,跨境型ETF,,930796.CSI,260747058.24,268610300,363800793,1.351,1.3543813956501,1.609506619
2025-02-28,513220.SH,招商中证全球中国互联网ETF(QDII),20220715,中证全球中国互联网指数,中证全球中国互联网指数(人民币)收益率,招商基金管理有限公司,中国建设银行股份有限公司,跨境型ETF,,930796.CSI,253267156.8,151538800,198302053,1.281,1.3085893051812,0.70754717
2025-03-03,513220.SH,招商中证全球中国互联网ETF(QDII),20220715,中证全球中国互联网指数,中证全球中国互联网指数(人民币)收益率,招商基金管理有限公司,中国建设银行股份有限公司,跨境型ETF,,930796.CSI,253924217.82,217895200,283510881,1.283,1.3011341277825,0.603779503
2025-03-04,513220.SH,招商中证全球中国互联网ETF(QDII),20220715,中证全球中国互联网指数,中证全球中国互联网指数(人民币)收益率,招商基金管理有限公司,中国建设银行股份有限公司,跨境型ETF,,930796.CSI,254282614.74,172770800,221074141,1.292,1.2795804673012,1.166705818
2025-03-05,513220.SH,招商中证全球中国互联网ETF(QDII),20220715,中证全球中国互联网指数,中证全球中国互联网指数(人民币)收益率,招商基金管理有限公司,中国建设银行股份有限公司,跨境型ETF,,930796.CSI,264616392.6,185067500,242529656,1.324,1.3104929606765,-0.376222724
2025-03-06,513220.SH,招商中证全球中国互联网ETF(QDII),20220715,中证全球中国互联网指数,中证全球中国互联网指数(人民币)收益率,招商基金管理有限公司,中国建设银行股份有限公司,跨境型ETF,,930796.CSI,296231988.04,156642200,217454884,1.402,1.3882266975311,0.386653301
2025-03-07,513220.SH,招商中证全球中国互联网ETF(QDII),20220715,中证全球中国互联网指数,中证全球中国互联网指数(人民币)收益率,招商基金管理有限公司,中国建设银行股份有限公司,跨境型ETF,,930796.CSI,297205258.14,189074000,265292251,1.396,1.4031133365772,0.569123262
2025-03-10,513220.SH,招商中证全球中国互联网ETF(QDII),20220715,中证全球中国互联网指数,中证全球中国互联网指数(人民币)收益率,招商基金管理有限公司,中国建设银行股份有限公司,跨境型ETF,,930796.CSI,287763033.6,141859500,194510626,1.364,1.3711498066749,1.488095238
2025-03-11,513220.SH,招商中证全球中国互联网ETF(QDII),20220715,中证全球中国互联网指数,中证全球中国互联网指数(人民币)收益率,招商基金管理有限公司,中国建设银行股份有限公司,跨境型ETF,,930796.CSI,288726525.9,206196700,275930161,1.342,1.3381890253336,-0.482017056
2025-03-12,513220.SH,招商中证全球中国互联网ETF(QDII),20220715,中证全球中国互联网指数,中证全球中国互联网指数(人民币)收益率,招商基金管理有限公司,中国建设银行股份有限公司,跨境型ETF,,930796.CSI,285322186.44,176098600,237857127,1.332,1.3507042475068,-0.045024764
2025-03-13,513220.SH,招商中证全球中国互联网ETF(QDII),20220715,中证全球中国互联网指数,中证全球中国互联网指数(人民币)收益率,招商基金管理有限公司,中国建设银行股份有限公司,跨境型ETF,,930796.CSI,282645818.94,153954900,203567325,1.317,1.3222529779825,-0.234830695
2025-03-14,513220.SH,招商中证全球中国互联网ETF(QDII),20220715,中证全球中国互联网指数,中证全球中国互联网指数(人民币)收益率,招商基金管理有限公司,中国建设银行股份有限公司,跨境型ETF,,930796.CSI,291895345.02,207125000,281207699,1.373,1.3576714496077,0.711508839
2025-03-17,513220.SH,招商中证全球中国互联网ETF(QDII),20220715,中证全球中国互联网指数,中证全球中国互联网指数(人民币)收益率,招商基金管理有限公司,中国建设银行股份有限公司,跨境型ETF,,930796.CSI,296764928.24,127666900,176241060,1.378,1.3804757536997,-0.115975645
2025-03-18,513220.SH,招商中证全球中国互联网ETF(QDII),20220715,中证全球中国互联网指数,中证全球中国互联网指数(人民币)收益率,招商基金管理有限公司,中国建设银行股份有限公司,跨境型ETF,,930796.CSI,305799523.04,136071800,193137742,1.426,1.4193811061513,0.309510411
2025-03-19,513220.SH,招商中证全球中国互联网ETF(QDII),20220715,中证全球中国互联网指数,中证全球中国互联网指数(人民币)收益率,招商基金管理有限公司,中国建设银行股份有限公司,跨境型ETF,,930796.CSI,303562385.28,122785700,174146525,1.419,1.418296471006,0.552721088
2025-03-20,513220.SH,招商中证全球中国互联网ETF(QDII),20220715,中证全球中国互联网指数,中证全球中国互联网指数(人民币)收益率,招商基金管理有限公司,中国建设银行股份有限公司,跨境型ETF,,930796.CSI,294979520.22,124571800,173020408,1.374,1.3889211522993,0.196893459
2025-03-21,513220.SH,招商中证全球中国互联网ETF(QDII),20220715,中证全球中国互联网指数,中证全球中国互联网指数(人民币)收益率,招商基金管理有限公司,中国建设银行股份有限公司,跨境型ETF,,930796.CSI,287644289.68,144143500,196313474,1.352,1.3619308120033,1.106790308
2025-03-24,513220.SH,招商中证全球中国互联网ETF(QDII),20220715,中证全球中国互联网指数,中证全球中国互联网指数(人民币)收益率,招商基金管理有限公司,中国建设银行股份有限公司,跨境型ETF,,930796.CSI,291258127.6,79551400,106937770,1.354,1.344260063305,0
2025-03-25,513220.SH,招商中证全球中国互联网ETF(QDII),20220715,中证全球中国互联网指数,中证全球中国互联网指数(人民币)收益率,招商基金管理有限公司,中国建设银行股份有限公司,跨境型ETF,,930796.CSI,281814824.94,90261100,120197950,1.321,1.3316694567206,0.831997557
2025-03-26,513220.SH,招商中证全球中国互联网ETF(QDII),20220715,中证全球中国互联网指数,中证全球中国互联网指数(人民币)收益率,招商基金管理有限公司,中国建设银行股份有限公司,跨境型ETF,,930796.CSI,283514189.2,89134300,118436131,1.326,1.3287379942402,0.606980273
2025-03-27,513220.SH,招商中证全球中国互联网ETF(QDII),20220715,中证全球中国互联网指数,中证全球中国互联网指数(人民币)收益率,招商基金管理有限公司,中国建设银行股份有限公司,跨境型ETF,,930796.CSI,284611247.14,114542200,152932164,1.335,1.3351600021651,0.899402917
2025-03-28,513220.SH,招商中证全球中国互联网ETF(QDII),20220715,中证全球中国互联网指数,中证全球中国互联网指数(人民币)收益率,招商基金管理有限公司,中国建设银行股份有限公司,跨境型ETF,,930796.CSI,282632240.66,98133300,130727941,1.325,1.3321465904031,0.844813152
2025-03-31,513220.SH,招商中证全球中国互联网ETF(QDII),20220715,中证全球中国互联网指数,中证全球中国互联网指数(人民币)收益率,招商基金管理有限公司,中国建设银行股份有限公司,跨境型ETF,,930796.CSI,276178979.2024,86592300,112342707,1.293,1.2973752516101,0.708777942
2025-04-01,513220.SH,招商中证全球中国互联网ETF(QDII),20220715,中证全球中国互联网指数,中证全球中国互联网指数(人民币)收益率,招商基金管理有限公司,中国建设银行股份有限公司,跨境型ETF,,930796.CSI,277491126.0,117329300,152969511,1.301,1.3037622401225,0.852713178
2025-04-02,513220.SH,招商中证全球中国互联网ETF(QDII),20220715,中证全球中国互联网指数,中证全球中国互联网指数(人民币)收益率,招商基金管理有限公司,中国建设银行股份有限公司,跨境型ETF,,930796.CSI,276415579.0,88665900,115352944,1.297,1.300984301744,0.93385214
2025-04-03,513220.SH,招商中证全球中国互联网ETF(QDII),20220715,中证全球中国互联网指数,中证全球中国互联网指数(人民币)收益率,招商基金管理有限公司,中国建设银行股份有限公司,跨境型ETF,,930796.CSI,296755084.68,127318500,161978205,1.268,1.2722283485903,0.459515132
2025-04-07,513220.SH,招商中证全球中国互联网ETF(QDII),20220715,中证全球中国互联网指数,中证全球中国互联网指数(人民币)收益率,招商基金管理有限公司,中国建设银行股份有限公司,跨境型ETF,,930796.CSI,251708123.64,55963800,64439759,1.141,1.1514543151108,6.575751915
2025-04-08,513220.SH,招商中证全球中国互联网ETF(QDII),20220715,中证全球中国互联网指数,中证全球中国互联网指数(人民币)收益率,招商基金管理有限公司,中国建设银行股份有限公司,跨境型ETF,,930796.CSI,258162017.96,147324500,163689735,1.106,1.1110829156047,1.152368758
2025-04-09,513220.SH,招商中证全球中国互联网ETF(QDII),20220715,中证全球中国互联网指数,中证全球中国互联网指数(人民币)收益率,招商基金管理有限公司,中国建设银行股份有限公司,跨境型ETF,,930796.CSI,263828643.56,184715000,203157973,1.113,1.0998455620821,-0.393771255
2025-04-10,513220.SH,招商中证全球中国互联网ETF(QDII),20220715,中证全球中国互联网指数,中证全球中国互联网指数(人民币)收益率,招商基金管理有限公司,中国建设银行股份有限公司,跨境型ETF,,930796.CSI,266558387.48,213008400,247615098,1.146,1.1624663534396,1.939156734
2025-04-11,513220.SH,招商中证全球中国互联网ETF(QDII),20220715,中证全球中国互联网指数,中证全球中国互联网指数(人民币)收益率,招商基金管理有限公司,中国建设银行股份有限公司,跨境型ETF,,930796.CSI,266368699.96,210022800,238149687,1.139,1.1339230169296,1.388641624
2025-04-14,513220.SH,招商中证全球中国互联网ETF(QDII),20220715,中证全球中国互联网指数,中证全球中国互联网指数(人民币)收益率,招商基金管理有限公司,中国建设银行股份有限公司,跨境型ETF,,930796.CSI,272818075.64,134683400,155869233,1.15,1.1573009962623,-0.052146706
2025-04-15,513220.SH,招商中证全球中国互联网ETF(QDII),20220715,中证全球中国互联网指数,中证全球中国互联网指数(人民币)收益率,招商基金管理有限公司,中国建设银行股份有限公司,跨境型ETF,,930796.CSI,273742802.3,100941700,117068074,1.158,1.1597592867962,0.303161542
2025-04-16,513220.SH,招商中证全球中国互联网ETF(QDII),20220715,中证全球中国互联网指数,中证全球中国互联网指数(人民币)收益率,招商基金管理有限公司,中国建设银行股份有限公司,跨境型ETF,,930796.CSI,298147512.28,93332200,105295194,1.126,1.1281764921431,0.877978857
2025-04-17,513220.SH,招商中证全球中国互联网ETF(QDII),20220715,中证全球中国互联网指数,中证全球中国互联网指数(人民币)收益率,招商基金管理有限公司,中国建设银行股份有限公司,跨境型ETF,,930796.CSI,303276012.76,103845000,117918827,1.138,1.1355272473398,0.228994187
2025-04-18,513220.SH,招商中证全球中国互联网ETF(QDII),20220715,中证全球中国互联网指数,中证全球中国互联网指数(人民币)收益率,招商基金管理有限公司,中国建设银行股份有限公司,跨境型ETF,,930796.CSI,303329434.64,24470100,27709097,1.131,1.1323654991193,-0.405072209
2025-04-21,513220.SH,招商中证全球中国互联网ETF(QDII),20220715,中证全球中国互联网指数,中证全球中国互联网指数(人民币)收益率,招商基金管理有限公司,中国建设银行股份有限公司,跨境型ETF,,930796.CSI,303917075.32,28689600,32582362,1.139,1.1356854748759,0.10546669
2025-04-22,513220.SH,招商中证全球中国互联网ETF(QDII),20220715,中证全球中国互联网指数,中证全球中国互联网指数(人民币)收益率,招商基金管理有限公司,中国建设银行股份有限公司,跨境型ETF,,930796.CSI,305519731.72,77427400,88342471,1.146,1.1409716844425,0.192341318
2025-04-23,513220.SH,招商中证全球中国互联网ETF(QDII),20220715,中证全球中国互联网指数,中证全球中国互联网指数(人民币)收益率,招商基金管理有限公司,中国建设银行股份有限公司,跨境型ETF,,930796.CSI,316284240.54,86314500,102117154,1.188,1.1830822631192,0.329364074
2025-04-24,513220.SH,招商中证全球中国互联网ETF(QDII),20220715,中证全球中国互联网指数,中证全球中国互联网指数(人民币)收益率,招商基金管理有限公司,中国建设银行股份有限公司,跨境型ETF,,930796.CSI,312838529.28,68274500,80403081,1.167,1.1776443767439,-0.358606557
2025-04-25,513220.SH,招商中证全球中国互联网ETF(QDII),20220715,中证全球中国互联网指数,中证全球中国互联网指数(人民币)收益率,招商基金管理有限公司,中国建设银行股份有限公司,跨境型ETF,,930796.CSI,315108959.18,90118400,107393159,1.19,1.1916895883638,0.873103331
2025-04-28,513220.SH,招商中证全球中国互联网ETF(QDII),20220715,中证全球中国互联网指数,中证全球中国互联网指数(人民币)收益率,招商基金管理有限公司,中国建设银行股份有限公司,跨境型ETF,,930796.CSI,314681584.14,69417400,82279320,1.188,1.185283804925,0.840336134
2025-04-29,513220.SH,招商中证全球中国互联网ETF(QDII),20220715,中证全球中国互联网指数,中证全球中国互联网指数(人民币)收益率,招商基金管理有限公司,中国建设银行股份有限公司,跨境型ETF,,930796.CSI,315856865.5,54808200,65174546,1.183,1.1891385960495,0.042283298
2025-04-30,513220.SH,招商中证全球中国互联网ETF(QDII),20220715,中证全球中国互联网指数,中证全球中国互联网指数(人民币)收益率,招商基金管理有限公司,中国建设银行股份有限公司,跨境型ETF,,930796.CSI,319649818.98,73472300,87493095,1.195,1.1908310342809,-0.142057324
2025-05-06,513220.SH,招商中证全球中国互联网ETF(QDII),20220715,中证全球中国互联网指数,中证全球中国互联网指数(人民币)收益率,招商基金管理有限公司,中国建设银行股份有限公司,跨境型ETF,,930796.CSI,332604624.88,103876400,128304825,1.248,1.2351681902723,0.224863476
2025-05-07,513220.SH,招商中证全球中国互联网ETF(QDII),20220715,中证全球中国互联网指数,中证全球中国互联网指数(人民币)收益率,招商基金管理有限公司,中国建设银行股份有限公司,跨境型ETF,,930796.CSI,328678116.7,102457800,129231862,1.241,1.2613179474867,0.853311662
2025-05-08,513220.SH,招商中证全球中国互联网ETF(QDII),20220715,中证全球中国互联网指数,中证全球中国互联网指数(人民币)收益率,招商基金管理有限公司,中国建设银行股份有限公司,跨境型ETF,,930796.CSI,330761570.02,90245000,112289457,1.242,1.2442734445122,0.298796737
2025-05-09,513220.SH,招商中证全球中国互联网ETF(QDII),20220715,中证全球中国互联网指数,中证全球中国互联网指数(人民币)收益率,招商基金管理有限公司,中国建设银行股份有限公司,跨境型ETF,,930796.CSI,330093796.52,63922800,79144617,1.233,1.2381281326851,-0.226573879
2025-05-12,513220.SH,招商中证全球中国互联网ETF(QDII),20220715,中证全球中国互联网指数,中证全球中国互联网指数(人民币)收益率,招商基金管理有限公司,中国建设银行股份有限公司,跨境型ETF,,930796.CSI,279224399.34,88619100,111087917,1.258,1.2535437281579,-2.184900086
2025-05-13,513220.SH,招商中证全球中国互联网ETF(QDII),20220715,中证全球中国互联网指数,中证全球中国互联网指数(人民币)收益率,招商基金管理有限公司,中国建设银行股份有限公司,跨境型ETF,,930796.CSI,273400132.9,67850400,85641122,1.252,1.262205115961,-0.119664938
2025-05-14,513220.SH,招商中证全球中国互联网ETF(QDII),20220715,中证全球中国互联网指数,中证全球中国互联网指数(人民币)收益率,招商基金管理有限公司,中国建设银行股份有限公司,跨境型ETF,,930796.CSI,280139713.36,87032700,110802483,1.286,1.2731132436429,0.124571784
2025-05-15,513220.SH,招商中证全球中国互联网ETF(QDII),20220715,中证全球中国互联网指数,中证全球中国互联网指数(人民币)收益率,招商基金管理有限公司,中国建设银行股份有限公司,跨境型ETF,,930796.CSI,276322798.86,73606100,94082653,1.271,1.2781909787368,0.323624595
2025-05-16,513220.SH,招商中证全球中国互联网ETF(QDII),20220715,中证全球中国互联网指数,中证全球中国互联网指数(人民币)收益率,招商基金管理有限公司,中国建设银行股份有限公司,跨境型ETF,,930796.CSI,273552809.48,72978500,91537867,1.256,1.2543128044561,0.14351778
2025-05-19,513220.SH,招商中证全球中国互联网ETF(QDII),20220715,中证全球中国互联网指数,中证全球中国互联网指数(人民币)收益率,招商基金管理有限公司,中国建设银行股份有限公司,跨境型ETF,,930796.CSI,272876670.34,73953500,91843475,1.252,1.2419084289452,0.071936696
2025-05-20,513220.SH,招商中证全球中国互联网ETF(QDII),20220715,中证全球中国互联网指数,中证全球中国互联网指数(人民币)收益率,招商基金管理有限公司,中国建设银行股份有限公司,跨境型ETF,,930796.CSI,275908391.0,80797900,102217902,1.269,1.2651059247827,0.316205534
2025-05-21,513220.SH,招商中证全球中国互联网ETF(QDII),20220715,中证全球中国互联网指数,中证全球中国互联网指数(人民币)收益率,招商基金管理有限公司,中国建设银行股份有限公司,跨境型ETF,,930796.CSI,276104689.46,73694600,93546341,1.265,1.2693785026311,-0.071095663
2025-05-22,513220.SH,招商中证全球中国互联网ETF(QDII),20220715,中证全球中国互联网指数,中证全球中国互联网指数(人民币)收益率,招商基金管理有限公司,中国建设银行股份有限公司,跨境型ETF,,930796.CSI,272156909.32,54841400,68776907,1.245,1.2541056027016,-0.224394935
2025-05-23,513220.SH,招商中证全球中国互联网ETF(QDII),20220715,中证全球中国互联网指数,中证全球中国互联网指数(人民币)收益率,招商基金管理有限公司,中国建设银行股份有限公司,跨境型ETF,,930796.CSI,272200531.2,65581800,81994047,1.242,1.2502561228878,-0.480769231
2025-05-26,513220.SH,招商中证全球中国互联网ETF(QDII),20220715,中证全球中国互联网指数,中证全球中国互联网指数(人民币)收益率,招商基金管理有限公司,中国建设银行股份有限公司,跨境型ETF,,930796.CSI,267380313.46,51053800,62894173,1.226,1.2319195241099,0.008157272
2025-05-27,513220.SH,招商中证全球中国互联网ETF(QDII),20220715,中证全球中国互联网指数,中证全球中国互联网指数(人民币)收益率,招商基金管理有限公司,中国建设银行股份有限公司,跨境型ETF,,930796.CSI,265460950.74,64125700,78594317,1.231,1.2256289911845,1.142058993
2025-05-28,513220.SH,招商中证全球中国互联网ETF(QDII),20220715,中证全球中国互联网指数,中证全球中国互联网指数(人民币)收益率,招商基金管理有限公司,中国建设银行股份有限公司,跨境型ETF,,930796.CSI,263367100.5,71040900,86476274,1.211,1.2172744714664,0.289855072
2025-05-29,513220.SH,招商中证全球中国互联网ETF(QDII),20220715,中证全球中国互联网指数,中证全球中国互联网指数(人民币)收益率,招商基金管理有限公司,中国建设银行股份有限公司,跨境型ETF,,930796.CSI,268754402.68,103552200,126642346,1.232,1.2229807382171,-0.016231131
2025-05-30,513220.SH,招商中证全球中国互联网ETF(QDII),20220715,中证全球中国互联网指数,中证全球中国互联网指数(人民币)收益率,招商基金管理有限公司,中国建设银行股份有限公司,跨境型ETF,,930796.CSI,275993214.36,57199500,69010769,1.204,1.2064925217878,0.383525096
2025-06-03,513220.SH,招商中证全球中国互联网ETF(QDII),20220715,中证全球中国互联网指数,中证全球中国互联网指数(人民币)收益率,招商基金管理有限公司,中国建设银行股份有限公司,跨境型ETF,,930796.CSI,278892592.8,54866000,66326986,1.208,1.2088904968469,-0.330033003
2025-06-04,513220.SH,招商中证全球中国互联网ETF(QDII),20220715,中证全球中国互联网指数,中证全球中国互联网指数(人民币)收益率,招商基金管理有限公司,中国建设银行股份有限公司,跨境型ETF,,930796.CSI,281630894.66,55074900,67169156,1.22,1.2195965131121,-0.318653485
2025-06-05,513220.SH,招商中证全球中国互联网ETF(QDII),20220715,中证全球中国互联网指数,中证全球中国互联网指数(人民币)收益率,招商基金管理有限公司,中国建设银行股份有限公司,跨境型ETF,,930796.CSI,285749852.92,59369500,73351928,1.237,1.2355153403684,-0.386535674
2025-06-06,513220.SH,招商中证全球中国互联网ETF(QDII),20220715,中证全球中国互联网指数,中证全球中国互联网指数(人民币)收益率,招商基金管理有限公司,中国建设银行股份有限公司,跨境型ETF,,930796.CSI,283402737.04,41240500,50804262,1.23,1.2319021835332,-0.129912309
2025-06-09,513220.SH,招商中证全球中国互联网ETF(QDII),20220715,中证全球中国互联网指数,中证全球中国互联网指数(人民币)收益率,招商基金管理有限公司,中国建设银行股份有限公司,跨境型ETF,,930796.CSI,290236986.22,64277100,80636760,1.257,1.2545177053725,-0.3409181
2025-06-10,513220.SH,招商中证全球中国互联网ETF(QDII),20220715,中证全球中国互联网指数,中证全球中国互联网指数(人民币)收益率,招商基金管理有限公司,中国建设银行股份有限公司,跨境型ETF,,930796.CSI,287636750.0,59127710,74125323,1.248,1.2536477905199,-0.16
2025-06-11,513220.SH,招商中证全球中国互联网ETF(QDII),20220715,中证全球中国互联网指数,中证全球中国互联网指数(人民币)收益率,招商基金管理有限公司,中国建设银行股份有限公司,跨境型ETF,,930796.CSI,290029887.76,46678500,58831320,1.261,1.2603515537132,0.047603935
2025-06-12,513220.SH,招商中证全球中国互联网ETF(QDII),20220715,中证全球中国互联网指数,中证全球中国互联网指数(人民币)收益率,招商基金管理有限公司,中国建设银行股份有限公司,跨境型ETF,,930796.CSI,285243612.24,33808800,42242682,1.245,1.2494581884007,0.435624395
2025-06-13,513220.SH,招商中证全球中国互联网ETF(QDII),20220715,中证全球中国互联网指数,中证全球中国互联网指数(人民币)收益率,招商基金管理有限公司,中国建设银行股份有限公司,跨境型ETF,,930796.CSI,281009599.28,41498300,50820813,1.218,1.2246480699209,-0.26203734
2025-06-16,513220.SH,招商中证全球中国互联网ETF(QDII),20220715,中证全球中国互联网指数,中证全球中国互联网指数(人民币)收益率,招商基金管理有限公司,中国建设银行股份有限公司,跨境型ETF,,930796.CSI,284760382.5,39325200,48148145,1.231,1.2243585538027,-0.525252525
2025-06-17,513220.SH,招商中证全球中国互联网ETF(QDII),20220715,中证全球中国互联网指数,中证全球中国互联网指数(人民币)收益率,招商基金管理有限公司,中国建设银行股份有限公司,跨境型ETF,,930796.CSI,284944470.02,41783700,51761091,1.237,1.2387866799733,-0.104982637
2025-06-18,513220.SH,招商中证全球中国互联网ETF(QDII),20220715,中证全球中国互联网指数,中证全球中国互联网指数(人民币)收益率,招商基金管理有限公司,中国建设银行股份有限公司,跨境型ETF,,930796.CSI,280802500.82,28385700,34670386,1.22,1.2214032417731,-0.024584119
2025-06-19,513220.SH,招商中证全球中国互联网ETF(QDII),20220715,中证全球中国互联网指数,中证全球中国互联网指数(人民币)收益率,招商基金管理有限公司,中国建设银行股份有限公司,跨境型ETF,,930796.CSI,275072776.76,37112100,44626496,1.195,1.2024783291703,-0.033461603
2025-06-20,513220.SH,招商中证全球中国互联网ETF(QDII),20220715,中证全球中国互联网指数,中证全球中国互联网指数(人民币)收益率,招商基金管理有限公司,中国建设银行股份有限公司,跨境型ETF,,930796.CSI,276775586.32,31330500,37535226,1.196,1.1980410781826,-0.565347522
2025-06-23,513220.SH,招商中证全球中国互联网ETF(QDII),20220715,中证全球中国互联网指数,中证全球中国互联网指数(人民币)收益率,招商基金管理有限公司,中国建设银行股份有限公司,跨境型ETF,,930796.CSI,278064198.96,41688600,49996211,1.209,1.1992777641849,0.049652433
2025-06-24,513220.SH,招商中证全球中国互联网ETF(QDII),20220715,中证全球中国互联网指数,中证全球中国互联网指数(人民币)收益率,招商基金管理有限公司,中国建设银行股份有限公司,跨境型ETF,,930796.CSI,283908977.72,55578500,68201574,1.23,1.2271215308078,-0.307991571
2025-06-25,513220.SH,招商中证全球中国互联网ETF(QDII),20220715,中证全球中国互联网指数,中证全球中国互联网指数(人民币)收益率,招商基金管理有限公司,中国建设银行股份有限公司,跨境型ETF,,930796.CSI,283932171.88,68093200,84768353,1.253,1.2448871987218,0.223964166
2025-06-26,513220.SH,招商中证全球中国互联网ETF(QDII),20220715,中证全球中国互联网指数,中证全球中国互联网指数(人民币)收益率,招商基金管理有限公司,中国建设银行股份有限公司,跨境型ETF,,930796.CSI,281706499.76,43011700,53332447,1.24,1.2399520828054,-0.032247662
2025-06-27,513220.SH,招商中证全球中国互联网ETF(QDII),20220715,中证全球中国互联网指数,中证全球中国互联网指数(人民币)收益率,招商基金管理有限公司,中国建设银行股份有限公司,跨境型ETF,,930796.CSI,282592226.42,38607300,48151805,1.243,1.2472202148298,-0.104476412
2025-06-30,513220.SH,招商中证全球中国互联网ETF(QDII),20220715,中证全球中国互联网指数,中证全球中国互联网指数(人民币)收益率,招商基金管理有限公司,中国建设银行股份有限公司,跨境型ETF,,930796.CSI,280207597.4608,27877600,34540621,1.241,1.2390098502023,0.583562976
2025-07-01,513220.SH,招商中证全球中国互联网ETF(QDII),20220715,中证全球中国互联网指数,中证全球中国互联网指数(人民币)收益率,招商基金管理有限公司,中国建设银行股份有限公司,跨境型ETF,,930796.CSI,280003179.26,8625207,10700989,1.241,1.2406646008612,0.65698759
2025-07-02,513220.SH,招商中证全球中国互联网ETF(QDII),20220715,中证全球中国互联网指数,中证全球中国互联网指数(人民币)收益率,招商基金管理有限公司,中国建设银行股份有限公司,跨境型ETF,,930796.CSI,279049319.78,42492500,52404779,1.232,1.2332712596341,0.268576544
2025-07-03,513220.SH,招商中证全球中国互联网ETF(QDII),20220715,中证全球中国互联网指数,中证全球中国互联网指数(人民币)收益率,招商基金管理有限公司,中国建设银行股份有限公司,跨境型ETF,,930796.CSI,275302014.68,45336700,55026376,1.213,1.2137269805698,0.06599571
2025-07-04,513220.SH,招商中证全球中国互联网ETF(QDII),20220715,中证全球中国互联网指数,中证全球中国互联网指数(人民币)收益率,招商基金管理有限公司,中国建设银行股份有限公司,跨境型ETF,,930796.CSI,274211889.56,58809500,71003768,1.204,1.2073520094543,-0.28159682
2025-07-07,513220.SH,招商中证全球中国互联网ETF(QDII),20220715,中证全球中国互联网指数,中证全球中国互联网指数(人民币)收益率,招商基金管理有限公司,中国建设银行股份有限公司,跨境型ETF,,930796.CSI,274961350.58,46853500,56426497,1.207,1.2043176496953,-0.305608326
2025-07-08,513220.SH,招商中证全球中国互联网ETF(QDII),20220715,中证全球中国互联网指数,中证全球中国互联网指数(人民币)收益率,招商基金管理有限公司,中国建设银行股份有限公司,跨境型ETF,,930796.CSI,279912335.5,52682900,64489034,1.229,1.2240980280129,-0.283975659
2025-07-09,513220.SH,招商中证全球中国互联网ETF(QDII),20220715,中证全球中国互联网指数,中证全球中国互联网指数(人民币)收益率,招商基金管理有限公司,中国建设银行股份有限公司,跨境型ETF,,930796.CSI,274847795.88,65847000,80423006,1.214,1.2213617325011,0.313997686
2025-07-10,513220.SH,招商中证全球中国互联网ETF(QDII),20220715,中证全球中国互联网指数,中证全球中国互联网指数(人民币)收益率,招商基金管理有限公司,中国建设银行股份有限公司,跨境型ETF,,930796.CSI,274166467.68,42665900,51560943,1.212,1.2084813164612,0.397614314
2025-07-11,513220.SH,招商中证全球中国互联网ETF(QDII),20220715,中证全球中国互联网指数,中证全球中国互联网指数(人民币)收益率,招商基金管理有限公司,中国建设银行股份有限公司,跨境型ETF,,930796.CSI,275529124.08,58615000,71825949,1.224,1.225385123262,0.890207715
2025-07-14,513220.SH,招商中证全球中国互联网ETF(QDII),20220715,中证全球中国互联网指数,中证全球中国互联网指数(人民币)收益率,招商基金管理有限公司,中国建设银行股份有限公司,跨境型ETF,,930796.CSI,275551835.02,29118300,35349356,1.216,1.2139910640388,0.222533586
2025-07-15,513220.SH,招商中证全球中国互联网ETF(QDII),20220715,中证全球中国互联网指数,中证全球中国互联网指数(人民币)收益率,招商基金管理有限公司,中国建设银行股份有限公司,跨境型ETF,,930796.CSI,284045726.58,68481600,84129926,1.238,1.2285040945305,-1.015431358
2025-07-16,513220.SH,招商中证全球中国互联网ETF(QDII),20220715,中证全球中国互联网指数,中证全球中国互联网指数(人民币)收益率,招商基金管理有限公司,中国建设银行股份有限公司,跨境型ETF,,930796.CSI,283341687.44,92941900,117592053,1.255,1.265221100494,0.593138827
2025-07-17,513220.SH,招商中证全球中国互联网ETF(QDII),20220715,中证全球中国互联网指数,中证全球中国互联网指数(人民币)收益率,招商基金管理有限公司,中国建设银行股份有限公司,跨境型ETF,,930796.CSI,282955601.46,48550400,60601262,1.25,1.2482134441735,0.32907938
2025-07-18,513220.SH,招商中证全球中国互联网ETF(QDII),20220715,中证全球中国互联网指数,中证全球中国互联网指数(人民币)收益率,招商基金管理有限公司,中国建设银行股份有限公司,跨境型ETF,,930796.CSI,287020859.72,52300100,66097334,1.262,1.2638089410919,-0.142427599
2025-07-21,513220.SH,招商中证全球中国互联网ETF(QDII),20220715,中证全球中国互联网指数,中证全球中国互联网指数(人民币)收益率,招商基金管理有限公司,中国建设银行股份有限公司,跨境型ETF,,930796.CSI,290336656.96,44101500,56305019,1.278,1.2767143747945,-0.031289111
2025-07-22,513220.SH,招商中证全球中国互联网ETF(QDII),20220715,中证全球中国互联网指数,中证全球中国互联网指数(人民币)收益率,招商基金管理有限公司,中国建设银行股份有限公司,跨境型ETF,,930796.CSI,291358649.26,45320400,57873098,1.276,1.2769767698432,-0.537843947
2025-07-23,513220.SH,招商中证全球中国互联网ETF(QDII),20220715,中证全球中国互联网指数,中证全球中国互联网指数(人民币)收益率,招商基金管理有限公司,中国建设银行股份有限公司,跨境型ETF,,930796.CSI,280665079.8,84219200,110006918,1.314,1.3061976128959,-0.227790433
2025-07-24,513220.SH,招商中证全球中国互联网ETF(QDII),20220715,中证全球中国互联网指数,中证全球中国互联网指数(人民币)收益率,招商基金管理有限公司,中国建设银行股份有限公司,跨境型ETF,,930796.CSI,280132306.3,55421100,73052863,1.319,1.3181417005437,0.342335489
2025-07-25,513220.SH,招商中证全球中国互联网ETF(QDII),20220715,中证全球中国互联网指数,中证全球中国互联网指数(人民币)收益率,招商基金管理有限公司,中国建设银行股份有限公司,跨境型ETF,,930796.CSI,275934051.12,47364800,61540757,1.295,1.2992930826268,0.015446401
2025-07-28,513220.SH,招商中证全球中国互联网ETF(QDII),20220715,中证全球中国互联网指数,中证全球中国互联网指数(人民币)收益率,招商基金管理有限公司,中国建设银行股份有限公司,跨境型ETF,,930796.CSI,276317648.04,47007600,61204027,1.302,1.3020028038019,0.416473855
2025-07-29,513220.SH,招商中证全球中国互联网ETF(QDII),20220715,中证全球中国互联网指数,中证全球中国互联网指数(人民币)收益率,招商基金管理有限公司,中国建设银行股份有限公司,跨境型ETF,,930796.CSI,274399663.44,44994500,57714893,1.289,1.2827099534388,0.108729419
2025-07-30,513220.SH,招商中证全球中国互联网ETF(QDII),20220715,中证全球中国互联网指数,中证全球中国互联网指数(人民币)收益率,招商基金管理有限公司,中国建设银行股份有限公司,跨境型ETF,,930796.CSI,270073542.62,49348700,63362954,1.276,1.2839842589572,0.686498856
2025-07-31,513220.SH,招商中证全球中国互联网ETF(QDII),20220715,中证全球中国互联网指数,中证全球中国互联网指数(人民币)收益率,招商基金管理有限公司,中国建设银行股份有限公司,跨境型ETF,,930796.CSI,272255187.6,52990400,66981063,1.261,1.2640225965458,0.558213716
2025-08-01,513220.SH,招商中证全球中国互联网ETF(QDII),20220715,中证全球中国互联网指数,中证全球中国互联网指数(人民币)收益率,招商基金管理有限公司,中国建设银行股份有限公司,跨境型ETF,,930796.CSI,269736718.56,52545700,66480248,1.266,1.2651891210889,1.899549259
2025-08-04,513220.SH,招商中证全球中国互联网ETF(QDII),20220715,中证全球中国互联网指数,中证全球中国互联网指数(人民币)收益率,招商基金管理有限公司,中国建设银行股份有限公司,跨境型ETF,,930796.CSI,272949937.68,66127400,82877572,1.262,1.2533015361257,0.381800827
2025-08-05,513220.SH,招商中证全球中国互联网ETF(QDII),20220715,中证全球中国互联网指数,中证全球中国互联网指数(人民币)收益率,招商基金管理有限公司,中国建设银行股份有限公司,跨境型ETF,,930796.CSI,274317726.9,36125800,45664484,1.268,1.2640407686473,0.356153542
2025-08-06,513220.SH,招商中证全球中国互联网ETF(QDII),20220715,中证全球中国互联网指数,中证全球中国互联网指数(人民币)收益率,招商基金管理有限公司,中国建设银行股份有限公司,跨境型ETF,,930796.CSI,275229586.38,27128400,34496675,1.273,1.2716074298521,0.418079987
2025-08-07,513220.SH,招商中证全球中国互联网ETF(QDII),20220715,中证全球中国互联网指数,中证全球中国互联网指数(人民币)收益率,招商基金管理有限公司,中国建设银行股份有限公司,跨境型ETF,,930796.CSI,275251297.32,31674600,40258727,1.272,1.2710097996502,0.331282537
2025-08-08,513220.SH,招商中证全球中国互联网ETF(QDII),20220715,中证全球中国互联网指数,中证全球中国互联网指数(人民币)收益率,招商基金管理有限公司,中国建设银行股份有限公司,跨境型ETF,,930796.CSI,272016367.26,27175800,34297536,1.258,1.2620616872364,0.407055631
2025-08-11,513220.SH,招商中证全球中国互联网ETF(QDII),20220715,中证全球中国互联网指数,中证全球中国互联网指数(人民币)收益率,招商基金管理有限公司,中国建设银行股份有限公司,跨境型ETF,,930796.CSI,272038078.2,30693600,38671960,1.261,1.2599356217583,0.638467678
2025-08-12,513220.SH,招商中证全球中国互联网ETF(QDII),20220715,中证全球中国互联网指数,中证全球中国互联网指数(人民币)收益率,招商基金管理有限公司,中国建设银行股份有限公司,跨境型ETF,,930796.CSI,277956626.74,30959100,38825123,1.256,1.2540778963213,-0.087502983
2025-08-13,513220.SH,招商中证全球中国互联网ETF(QDII),20220715,中证全球中国互联网指数,中证全球中国互联网指数(人民币)收益率,招商基金管理有限公司,中国建设银行股份有限公司,跨境型ETF,,930796.CSI,287884438.8,78345300,100820723,1.301,1.2868764686586,-0.076804916
2025-08-14,513220.SH,招商中证全球中国互联网ETF(QDII),20220715,中证全球中国互联网指数,中证全球中国互联网指数(人民币)收益率,招商基金管理有限公司,中国建设银行股份有限公司,跨境型ETF,,930796.CSI,281819155.74,60558800,79069348,1.295,1.3056623975376,0.224440833
2025-08-15,513220.SH,招商中证全球中国互联网ETF(QDII),20220715,中证全球中国互联网指数,中证全球中国互联网指数(人民币)收益率,招商基金管理有限公司,中国建设银行股份有限公司,跨境型ETF,,930796.CSI,282298996.42,45280100,58422349,1.297,1.2902433740208,0.208606969
2025-08-18,513220.SH,招商中证全球中国互联网ETF(QDII),20220715,中证全球中国互联网指数,中证全球中国互联网指数(人民币)收益率,招商基金管理有限公司,中国建设银行股份有限公司,跨境型ETF,,930796.CSI,284261981.02,62627900,82548429,1.314,1.3180775501015,0.820992864
2025-08-19,513220.SH,招商中证全球中国互联网ETF(QDII),20220715,中证全球中国互联网指数,中证全球中国互联网指数(人民币)收益率,招商基金管理有限公司,中国建设银行股份有限公司,跨境型ETF,,930796.CSI,283651274.7,42001600,55002293,1.307,1.3095285179612,0.499807766
2025-08-20,513220.SH,招商中证全球中国互联网ETF(QDII),20220715,中证全球中国互联网指数,中证全球中国互联网指数(人民币)收益率,招商基金管理有限公司,中国建设银行股份有限公司,跨境型ETF,,930796.CSI,283367732.48,40233500,52174805,1.304,1.2968000546808,0.369458128
2025-08-21,513220.SH,招商中证全球中国互联网ETF(QDII),20220715,中证全球中国互联网指数,中证全球中国互联网指数(人民币)收益率,招商基金管理有限公司,中国建设银行股份有限公司,跨境型ETF,,930796.CSI,281797344.8,33234200,42993667,1.289,1.2936573469498,-0.232198142
2025-08-22,513220.SH,招商中证全球中国互联网ETF(QDII),20220715,中证全球中国互联网指数,中证全球中国互联网指数(人民币)收益率,招商基金管理有限公司,中国建设银行股份有限公司,跨境型ETF,,930796.CSI,287184646.98,47574400,62204740,1.309,1.3075254758862,-0.584795322
2025-08-25,513220.SH,招商中证全球中国互联网ETF(QDII),20220715,中证全球中国互联网指数,中证全球中国互联网指数(人民币)收益率,招商基金管理有限公司,中国建设银行股份有限公司,跨境型ETF,,930796.CSI,294971152.56,115723000,156996905,1.364,1.35666120823,0.857734398
2025-08-26,513220.SH,招商中证全球中国互联网ETF(QDII),20220715,中证全球中国互联网指数,中证全球中国互联网指数(人民币)收益率,招商基金管理有限公司,中国建设银行股份有限公司,跨境型ETF,,930796.CSI,291612267.8,53788600,72820745,1.349,1.3538323176286,0.897531788
2025-08-27,513220.SH,招商中证全球中国互联网ETF(QDII),20220715,中证全球中国互联网指数,中证全球中国互联网指数(人民币)收益率,招商基金管理有限公司,中国建设银行股份有限公司,跨境型ETF,,930796.CSI,287446378.26,73183100,98080516,1.322,1.3402071789798,0.311100994
2025-08-28,513220.SH,招商中证全球中国互联网ETF(QDII),20220715,中证全球中国互联网指数,中证全球中国互联网指数(人民币)收益率,招商基金管理有限公司,中国建设银行股份有限公司,跨境型ETF,,930796.CSI,282146319.84,71395400,92858176,1.303,1.300618471218,0.726654298
2025-08-29,513220.SH,招商中证全球中国互联网ETF(QDII),20220715,中证全球中国互联网指数,中证全球中国互联网指数(人民币)收益率,招商基金管理有限公司,中国建设银行股份有限公司,跨境型ETF,,930796.CSI,283367732.48,55445400,72413949,1.308,1.306040699499,0.677339901
2025-09-01,513220.SH,招商中证全球中国互联网ETF(QDII),20220715,中证全球中国互联网指数,中证全球中国互联网指数(人民币)收益率,招商基金管理有限公司,中国建设银行股份有限公司,跨境型ETF,,930796.CSI,293139033.6,98597200,132824907,1.35,1.3471468459551,0.446428571
2025-09-02,513220.SH,招商中证全球中国互联网ETF(QDII),20220715,中证全球中国互联网指数,中证全球中国互联网指数(人民币)收益率,招商基金管理有限公司,中国建设银行股份有限公司,跨境型ETF,,930796.CSI,291699511.56,59858600,80446552,1.34,1.3439430925548,0.194407058
2025-09-03,513220.SH,招商中证全球中国互联网ETF(QDII),20220715,中证全球中国互联网指数,中证全球中国互联网指数(人民币)收益率,招商基金管理有限公司,中国建设银行股份有限公司,跨境型ETF,,930796.CSI,290216367.64,46745600,62660377,1.326,1.3404550802642,-0.345708703
2025-09-04,513220.SH,招商中证全球中国互联网ETF(QDII),20220715,中证全球中国互联网指数,中证全球中国互联网指数(人民币)收益率,招商基金管理有限公司,中国建设银行股份有限公司,跨境型ETF,,930796.CSI,285650837.58,57334400,76013484,1.317,1.3257919154992,0.098806719
2025-09-05,513220.SH,招商中证全球中国互联网ETF(QDII),20220715,中证全球中国互联网指数,中证全球中国互联网指数(人民币)收益率,招商基金管理有限公司,中国建设银行股份有限公司,跨境型ETF,,930796.CSI,289385119.26,31218900,41431765,1.339,1.3271372469882,0.457648736
2025-09-08,513220.SH,招商中证全球中国互联网ETF(QDII),20220715,中证全球中国互联网指数,中证全球中国互联网指数(人民币)收益率,招商基金管理有限公司,中国建设银行股份有限公司,跨境型ETF,,930796.CSI,294204947.94,51438300,69532981,1.361,1.3517744754395,0.435392222
2025-09-09,513220.SH,招商中证全球中国互联网ETF(QDII),20220715,中证全球中国互联网指数,中证全球中国互联网指数(人民币)收益率,招商基金管理有限公司,中国建设银行股份有限公司,跨境型ETF,,930796.CSI,300053101.58,69114000,94578215,1.369,1.3684378707642,-0.487024787
2025-09-10,513220.SH,招商中证全球中国互联网ETF(QDII),20220715,中证全球中国互联网指数,中证全球中国互联网指数(人民币)收益率,招商基金管理有限公司,中国建设银行股份有限公司,跨境型ETF,,930796.CSI,302648603.44,80338800,112347243,1.391,1.3984182362694,0.245027385
2025-09-11,513220.SH,招商中证全球中国互联网ETF(QDII),20220715,中证全球中国互联网指数,中证全球中国互联网指数(人民币)收益率,招商基金管理有限公司,中国建设银行股份有限公司,跨境型ETF,,930796.CSI,301819787.72,63837400,88158434,1.392,1.3809840939637,0.592571181
2025-09-12,513220.SH,招商中证全球中国互联网ETF(QDII),20220715,中证全球中国互联网指数,中证全球中国互联网指数(人民币)收益率,招商基金管理有限公司,中国建设银行股份有限公司,跨境型ETF,,930796.CSI,307403388.36,74198100,105193153,1.409,1.4177337829405,-0.028380871
2025-09-15,513220.SH,招商中证全球中国互联网ETF(QDII),20220715,中证全球中国互联网指数,中证全球中国互联网指数(人民币)收益率,招商基金管理有限公司,中国建设银行股份有限公司,跨境型ETF,,930796.CSI,310696840.3,69737500,99369344,1.419,1.4249054525901,-0.386100386
2025-09-16,513220.SH,招商中证全球中国互联网ETF(QDII),20220715,中证全球中国互联网指数,中证全球中国互联网指数(人民币)收益率,招商基金管理有限公司,中国建设银行股份有限公司,跨境型ETF,,930796.CSI,312245417.04,72878800,104362329,1.438,1.4319984549691,0.447052249
2025-09-17,513220.SH,招商中证全球中国互联网ETF(QDII),20220715,中证全球中国互联网指数,中证全球中国互联网指数(人民币)收益率,招商基金管理有限公司,中国建设银行股份有限公司,跨境型ETF,,930796.CSI,325618479.34,100543698,147965549,1.488,1.4716541358962,0.127851423
2025-09-18,513220.SH,招商中证全球中国互联网ETF(QDII),20220715,中证全球中国互联网指数,中证全球中国互联网指数(人民币)收益率,招商基金管理有限公司,中国建设银行股份有限公司,跨境型ETF,,930796.CSI,350727800.58,183631100,272707766,1.459,1.4850848576303,-0.116382556
2025-09-19,513220.SH,招商中证全球中国互联网ETF(QDII),20220715,中证全球中国互联网指数,中证全球中国互联网指数(人民币)收益率,招商基金管理有限公司,中国建设银行股份有限公司,跨境型ETF,,930796.CSI,350319614.6,86831600,127231666,1.46,1.465269164682,0.068540096
2025-09-22,513220.SH,招商中证全球中国互联网ETF(QDII),20220715,中证全球中国互联网指数,中证全球中国互联网指数(人民币)收益率,招商基金管理有限公司,中国建设银行股份有限公司,跨境型ETF,,930796.CSI,348038575.3,108769000,157879854,1.451,1.4515151743603,0.10348396
2025-09-23,513220.SH,招商中证全球中国互联网ETF(QDII),20220715,中证全球中国互联网指数,中证全球中国互联网指数(人民币)收益率,招商基金管理有限公司,中国建设银行股份有限公司,跨境型ETF,,930796.CSI,343620562.34,96525000,138437504,1.429,1.434213975654,-0.14674027
2025-09-24,513220.SH,招商中证全球中国互联网ETF(QDII),20220715,中证全球中国互联网指数,中证全球中国互联网指数(人民币)收益率,招商基金管理有限公司,中国建设银行股份有限公司,跨境型ETF,,930796.CSI,354209386.88,105391800,153027273,1.474,1.4519846230921,-0.081344902
2025-09-25,513220.SH,招商中证全球中国互联网ETF(QDII),20220715,中证全球中国互联网指数,中证全球中国互联网指数(人民币)收益率,招商基金管理有限公司,中国建设银行股份有限公司,跨境型ETF,,930796.CSI,356490426.18,157902400,235610411,1.492,1.4921268517768,0.491681821
2025-09-26,513220.SH,招商中证全球中国互联网ETF(QDII),20220715,中证全球中国互联网指数,中证全球中国互联网指数(人民币)收益率,招商基金管理有限公司,中国建设银行股份有限公司,跨境型ETF,,930796.CSI,346693962.66,79612500,117095668,1.461,1.470820135029,1.184292541
2025-09-29,513220.SH,招商中证全球中国互联网ETF(QDII),20220715,中证全球中国互联网指数,中证全球中国互联网指数(人民币)收益率,招商基金管理有限公司,中国建设银行股份有限公司,跨境型ETF,,930796.CSI,355202368.08,122281200,180370894,1.48,1.475050081288,0.461580234
2025-09-30,513220.SH,招商中证全球中国互联网ETF(QDII),20220715,中证全球中国互联网指数,中证全球中国互联网指数(人民币)收益率,招商基金管理有限公司,中国建设银行股份有限公司,跨境型ETF,,930796.CSI,378470564.1904,121490800,180575883,1.495,1.4863338046996,0.375990332
2025-10-09,513220.SH,招商中证全球中国互联网ETF(QDII),20220715,中证全球中国互联网指数,中证全球中国互联网指数(人民币)收益率,招商基金管理有限公司,中国建设银行股份有限公司,跨境型ETF,,930796.CSI,376107322.94,155131300,231208097,1.486,1.4904026266782,0.398621715
2025-10-10,513220.SH,招商中证全球中国互联网ETF(QDII),20220715,中证全球中国互联网指数,中证全球中国互联网指数(人民币)收益率,招商基金管理有限公司,中国建设银行股份有限公司,跨境型ETF,,930796.CSI,362842812.26,94679700,137983696,1.445,1.4573736080702,1.197562855
2025-10-13,513220.SH,招商中证全球中国互联网ETF(QDII),20220715,中证全球中国互联网指数,中证全球中国互联网指数(人民币)收益率,招商基金管理有限公司,中国建设银行股份有限公司,跨境型ETF,,930796.CSI,380556264.78,84799200,118792768,1.398,1.4008713289748,-0.406069673
2025-10-14,513220.SH,招商中证全球中国互联网ETF(QDII),20220715,中证全球中国互联网指数,中证全球中国互联网指数(人民币)收益率,招商基金管理有限公司,中国建设银行股份有限公司,跨境型ETF,,930796.CSI,370742104.5,135650680,189777008,1.372,1.3990125814334,0.329067642
2025-10-15,513220.SH,招商中证全球中国互联网ETF(QDII),20220715,中证全球中国互联网指数,中证全球中国互联网指数(人民币)收益率,招商基金管理有限公司,中国建设银行股份有限公司,跨境型ETF,,930796.CSI,377953614.54,63647880,88457669,1.398,1.3897975706339,0.279750377
2025-10-16,513220.SH,招商中证全球中国互联网ETF(QDII),20220715,中证全球中国互联网指数,中证全球中国互联网指数(人民币)收益率,招商基金管理有限公司,中国建设银行股份有限公司,跨境型ETF,,930796.CSI,374347859.52,75303500,104625985,1.382,1.3893907321705,0.086906141
2025-10-17,513220.SH,招商中证全球中国互联网ETF(QDII),20220715,中证全球中国互联网指数,中证全球中国互联网指数(人民币)收益率,招商基金管理有限公司,中国建设银行股份有限公司,跨境型ETF,,930796.CSI,366703991.38,82536000,112310419,1.344,1.3607446326451,0.096819841
2025-10-20,513220.SH,招商中证全球中国互联网ETF(QDII),20220715,中证全球中国互联网指数,中证全球中国互联网指数(人民币)收益率,招商基金管理有限公司,中国建设银行股份有限公司,跨境型ETF,,930796.CSI,378174586.18,93151100,128750652,1.383,1.3821699582721,-0.122770275
2025-10-21,513220.SH,招商中证全球中国互联网ETF(QDII),20220715,中证全球中国互联网指数,中证全球中国互联网指数(人民币)收益率,招商基金管理有限公司,中国建设银行股份有限公司,跨境型ETF,,930796.CSI,380496016.08,89347600,125872053,1.403,1.408790532706,0.703416595
2025-10-22,513220.SH,招商中证全球中国互联网ETF(QDII),20220715,中证全球中国互联网指数,中证全球中国互联网指数(人民币)收益率,招商基金管理有限公司,中国建设银行股份有限公司,跨境型ETF,,930796.CSI,375525425.0,35008600,48363789,1.382,1.3814830927258,0.509090909
2025-10-23,513220.SH,招商中证全球中国互联网ETF(QDII),20220715,中证全球中国互联网指数,中证全球中国互联网指数(人民币)收益率,招商基金管理有限公司,中国建设银行股份有限公司,跨境型ETF,,930796.CSI,380577948.9,67892900,93813898,1.4,1.3817924701994,0.466451381
2025-10-24,513220.SH,招商中证全球中国互联网ETF(QDII),20220715,中证全球中国互联网指数,中证全球中国互联网指数(人民币)收益率,招商基金管理有限公司,中国建设银行股份有限公司,跨境型ETF,,930796.CSI,383937194.52,80904120,114017302,1.408,1.4092891931832,0.156494523
2025-10-27,513220.SH,招商中证全球中国互联网ETF(QDII),20220715,中证全球中国互联网指数,中证全球中国互联网指数(人民币)收益率,招商基金管理有限公司,中国建设银行股份有限公司,跨境型ETF,,930796.CSI,391283837.38,78890000,112623404,1.433,1.4276005070351,0.020939485
2025-10-28,513220.SH,招商中证全球中国互联网ETF(QDII),20220715,中证全球中国互联网指数,中证全球中国互联网指数(人民币)收益率,招商基金管理有限公司,中国建设银行股份有限公司,跨境型ETF,,930796.CSI,386668288.52,70368200,100208305,1.418,1.4240566761691,0.155389179
2025-10-29,513220.SH,招商中证全球中国互联网ETF(QDII),20220715,中证全球中国互联网指数,中证全球中国互联网指数(人民币)收益率,招商基金管理有限公司,中国建设银行股份有限公司,跨境型ETF,,930796.CSI,387050641.68,20906700,29782802,1.43,1.4245577733454,0.903189388
2025-10-30,513220.SH,招商中证全球中国互联网ETF(QDII),20220715,中证全球中国互联网指数,中证全球中国互联网指数(人民币)收益率,招商基金管理有限公司,中国建设银行股份有限公司,跨境型ETF,,930796.CSI,384865766.48,79830500,113140514,1.406,1.4172592430212,-0.227079194
2025-10-31,513220.SH,招商中证全球中国互联网ETF(QDII),20220715,中证全球中国互联网指数,中证全球中国互联网指数(人民币)收益率,招商基金管理有限公司,中国建设银行股份有限公司,跨境型ETF,,930796.CSI,377164081.4,57025500,79953096,1.391,1.4020586579688,0.724112962
2025-11-03,513220.SH,招商中证全球中国互联网ETF(QDII),20220715,中证全球中国互联网指数,中证全球中国互联网指数(人民币)收益率,招商基金管理有限公司,中国建设银行股份有限公司,跨境型ETF,,930796.CSI,378666183.1,34687700,48239946,1.396,1.3906931275351,0.685178507
2025-11-04,513220.SH,招商中证全球中国互联网ETF(QDII),20220715,中证全球中国互联网指数,中证全球中国互联网指数(人民币)收益率,招商基金管理有限公司,中国建设银行股份有限公司,跨境型ETF,,930796.CSI,375936995.1,30860100,42777986,1.378,1.3861907770876,0.841566045
2025-11-05,513220.SH,招商中证全球中国互联网ETF(QDII),20220715,中证全球中国互联网指数,中证全球中国互联网指数(人民币)收益率,招商基金管理有限公司,中国建设银行股份有限公司,跨境型ETF,,930796.CSI,381375084.16,53896400,73334488,1.368,1.3606565188027,0.117096019
2025-11-06,513220.SH,招商中证全球中国互联网ETF(QDII),20220715,中证全球中国互联网指数,中证全球中国互联网指数(人民币)收益率,招商基金管理有限公司,中国建设银行股份有限公司,跨境型ETF,,930796.CSI,388464462.92,29863100,41391416,1.393,1.3860388238328,0.086219284
2025-11-07,513220.SH,招商中证全球中国互联网ETF(QDII),20220715,中证全球中国互联网指数,中证全球中国互联网指数(人民币)收益率,招商基金管理有限公司,中国建设银行股份有限公司,跨境型ETF,,930796.CSI,380900598.18,31205800,42967665,1.372,1.3769127854437,0.534916099
2025-11-10,513220.SH,招商中证全球中国互联网ETF(QDII),20220715,中证全球中国互联网指数,中证全球中国互联网指数(人民币)收益率,招商基金管理有限公司,中国建设银行股份有限公司,跨境型ETF,,930796.CSI,387208470.62,37666400,52017933,1.389,1.3810168479069,0.122540186
2025-11-11,513220.SH,招商中证全球中国互联网ETF(QDII),20220715,中证全球中国互联网指数,中证全球中国互联网指数(人民币)收益率,招商基金管理有限公司,中国建设银行股份有限公司,跨境型ETF,,930796.CSI,385729190.8,24953800,34597746,1.384,1.3864720403305,0.1447178
2025-11-12,513220.SH,招商中证全球中国互联网ETF(QDII),20220715,中证全球中国互联网指数,中证全球中国互联网指数(人民币)收益率,招商基金管理有限公司,中国建设银行股份有限公司,跨境型ETF,,930796.CSI,384612753.2,34802600,48290108,1.387,1.3875431145949,0.653120464
2025-11-13,513220.SH,招商中证全球中国互联网ETF(QDII),20220715,中证全球中国互联网指数,中证全球中国互联网指数(人民币)收益率,招商基金管理有限公司,中国建设银行股份有限公司,跨境型ETF,,930796.CSI,388371683.1,46083900,63906956,1.403,1.3867523364993,1.190046881
2025-11-14,513220.SH,招商中证全球中国互联网ETF(QDII),20220715,中证全球中国互联网指数,中证全球中国互联网指数(人民币)收益率,招商基金管理有限公司,中国建设银行股份有限公司,跨境型ETF,,930796.CSI,400028096.16,63417100,86861939,1.361,1.36969270118,1.084373143
2025-11-17,513220.SH,招商中证全球中国互联网ETF(QDII),20220715,中证全球中国互联网指数,中证全球中国互联网指数(人民币)收益率,招商基金管理有限公司,中国建设银行股份有限公司,跨境型ETF,,930796.CSI,417844494.3,44743600,60194033,1.34,1.3453104578085,0.412139378
2025-11-18,513220.SH,招商中证全球中国互联网ETF(QDII),20220715,中证全球中国互联网指数,中证全球中国互联网指数(人民币)收益率,招商基金管理有限公司,中国建设银行股份有限公司,跨境型ETF,,930796.CSI,410580356.22,33991300,45302858,1.323,1.3327780343794,0.892244338
2025-11-19,513220.SH,招商中证全球中国互联网ETF(QDII),20220715,中证全球中国互联网指数,中证全球中国互联网指数(人民币)收益率,招商基金管理有限公司,中国建设银行股份有限公司,跨境型ETF,,930796.CSI,408012859.14,36897600,48545674,1.311,1.3156864945145,0.606246643
2025-11-20,513220.SH,招商中证全球中国互联网ETF(QDII),20220715,中证全球中国互联网指数,中证全球中国互联网指数(人民币)收益率,招商基金管理有限公司,中国建设银行股份有限公司,跨境型ETF,,930796.CSI,411916775.92,42697100,55643182,1.295,1.3032075246328,0.637239664
2025-11-21,513220.SH,招商中证全球中国互联网ETF(QDII),20220715,中证全球中国互联网指数,中证全球中国互联网指数(人民币)收益率,招商基金管理有限公司,中国建设银行股份有限公司,跨境型ETF,,930796.CSI,409756461.1,65544200,83193021,1.27,1.2692659457282,1.074413052
2025-11-24,513220.SH,招商中证全球中国互联网ETF(QDII),20220715,中证全球中国互联网指数,中证全球中国互联网指数(人民币)收益率,招商基金管理有限公司,中国建设银行股份有限公司,跨境型ETF,,930796.CSI,421007235.4,66166500,85246802,1.296,1.2883680110025,0.387296669
2025-11-25,513220.SH,招商中证全球中国互联网ETF(QDII),20220715,中证全球中国互联网指数,中证全球中国互联网指数(人民币)收益率,招商基金管理有限公司,中国建设银行股份有限公司,跨境型ETF,,930796.CSI,426779371.78,61799200,81205229,1.303,1.3140174791907,-0.435546726
2025-11-26,513220.SH,招商中证全球中国互联网ETF(QDII),20220715,中证全球中国互联网指数,中证全球中国互联网指数(人民币)收益率,招商基金管理有限公司,中国建设银行股份有限公司,跨境型ETF,,930796.CSI,425898876.4,49007400,64295242,1.309,1.3119496647445,0.229709035
2025-11-27,513220.SH,招商中证全球中国互联网ETF(QDII),20220715,中证全球中国互联网指数,中证全球中国互联网指数(人民币)收益率,招商基金管理有限公司,中国建设银行股份有限公司,跨境型ETF,,930796.CSI,422931280.86,60265900,78451455,1.292,1.3017553044093,-0.377824042
2025-11-28,513220.SH,招商中证全球中国互联网ETF(QDII),20220715,中证全球中国互联网指数,中证全球中国互联网指数(人民币)收益率,招商基金管理有限公司,中国建设银行股份有限公司,跨境型ETF,,930796.CSI,423192168.38,39842700,51705428,1.298,1.2977390588489,0.023117824
2025-12-01,513220.SH,招商中证全球中国互联网ETF(QDII),20220715,中证全球中国互联网指数,中证全球中国互联网指数(人民币)收益率,招商基金管理有限公司,中国建设银行股份有限公司,跨境型ETF,,930796.CSI,426290207.68,41753500,54453853,1.305,1.3041745721916,-0.168298654
2025-12-02,513220.SH,招商中证全球中国互联网ETF(QDII),20220715,中证全球中国互联网指数,中证全球中国互联网指数(人民币)收益率,招商基金管理有限公司,中国建设银行股份有限公司,跨境型ETF,,930796.CSI,425670599.82,24772600,32439510,1.302,1.3094915350024,-0.252815445
2025-12-03,513220.SH,招商中证全球中国互联网ETF(QDII),20220715,中证全球中国互联网指数,中证全球中国互联网指数(人民币)收益率,招商基金管理有限公司,中国建设银行股份有限公司,跨境型ETF,,930796.CSI,419409299.34,22656000,29262028,1.289,1.2915796257062,0.225487909
2025-12-04,513220.SH,招商中证全球中国互联网ETF(QDII),20220715,中证全球中国互联网指数,中证全球中国互联网指数(人民币)收益率,招商基金管理有限公司,中国建设银行股份有限公司,跨境型ETF,,930796.CSI,423420444.96,38152700,49258823,1.296,1.2910966458468,-0.184842884
2025-12-05,513220.SH,招商中证全球中国互联网ETF(QDII),20220715,中证全球中国互联网指数,中证全球中国互联网指数(人民币)收益率,招商基金管理有限公司,中国建设银行股份有限公司,跨境型ETF,,930796.CSI,427659867.16,49340000,64193932,1.312,1.3010525334414,0.045752631
2025-12-08,513220.SH,招商中证全球中国互联网ETF(QDII),20220715,中证全球中国互联网指数,中证全球中国互联网指数(人民币)收益率,招商基金管理有限公司,中国建设银行股份有限公司,跨境型ETF,,930796.CSI,426388040.5,26784100,35133963,1.31,1.3117470066196,0.191204589
2025-12-09,513220.SH,招商中证全球中国互联网ETF(QDII),20220715,中证全球中国互联网指数,中证全球中国互联网指数(人民币)收益率,招商基金管理有限公司,中国建设银行股份有限公司,跨境型ETF,,930796.CSI,422637718.14,31266800,40504256,1.289,1.2954397635831,0.069870352
2025-12-10,513220.SH,招商中证全球中国互联网ETF(QDII),20220715,中证全球中国互联网指数,中证全球中国互联网指数(人民币)收益率,招商基金管理有限公司,中国建设银行股份有限公司,跨境型ETF,,930796.CSI,424934483.94,30290400,39015492,1.296,1.2880480944458,0.069492703
2025-12-11,513220.SH,招商中证全球中国互联网ETF(QDII),20220715,中证全球中国互联网指数,中证全球中国互联网指数(人民币)收益率,招商基金管理有限公司,中国建设银行股份有限公司,跨境型ETF,,930796.CSI,424157568.06,31821800,41145115,1.288,1.292985154831,0.241263912
2025-12-12,513220.SH,招商中证全球中国互联网ETF(QDII),20220715,中证全球中国互联网指数,中证全球中国互联网指数(人民币)收益率,招商基金管理有限公司,中国建设银行股份有限公司,跨境型ETF,,930796.CSI,430528679.48,38333900,49715021,1.3,1.2968944198216,-0.322036497
2025-12-15,513220.SH,招商中证全球中国互联网ETF(QDII),20220715,中证全球中国互联网指数,中证全球中国互联网指数(人民币)收益率,招商基金管理有限公司,中国建设银行股份有限公司,跨境型ETF,,930796.CSI,421252605.34,23787200,30545755,1.281,1.2841257062622,0.383982447
2025-12-16,513220.SH,招商中证全球中国互联网ETF(QDII),20220715,中证全球中国互联网指数,中证全球中国互联网指数(人民币)收益率,招商基金管理有限公司,中国建设银行股份有限公司,跨境型ETF,,930796.CSI,413990198.54,67942700,84982624,1.248,1.2507984522252,-0.486404593
2025-12-17,513220.SH,招商中证全球中国互联网ETF(QDII),20220715,中证全球中国互联网指数,中证全球中国互联网指数(人民币)收益率,招商基金管理有限公司,中国建设银行股份有限公司,跨境型ETF,,930796.CSI,417093226.9,54474700,68411628,1.265,1.255842216662,0.118717847
2025-12-18,513220.SH,招商中证全球中国互联网ETF(QDII),20220715,中证全球中国互联网指数,中证全球中国互联网指数(人民币)收益率,招商基金管理有限公司,中国建设银行股份有限公司,跨境型ETF,,930796.CSI,415475690.84,26513000,33162815,1.25,1.250813374571,-0.683298904
2025-12-19,513220.SH,招商中证全球中国互联网ETF(QDII),20220715,中证全球中国互联网指数,中证全球中国互联网指数(人民币)收益率,招商基金管理有限公司,中国建设银行股份有限公司,跨境型ETF,,930796.CSI,419503025.52,49318900,62420896,1.267,1.2656587231264,-0.299024237
2025-12-22,513220.SH,招商中证全球中国互联网ETF(QDII),20220715,中证全球中国互联网指数,中证全球中国互联网指数(人民币)收益率,招商基金管理有限公司,中国建设银行股份有限公司,跨境型ETF,,930796.CSI,421846802.26,20077800,25556313,1.269,1.27286420823,-0.696455122
2025-12-23,513220.SH,招商中证全球中国互联网ETF(QDII),20220715,中证全球中国互联网指数,中证全球中国互联网指数(人民币)收益率,招商基金管理有限公司,中国建设银行股份有限公司,跨境型ETF,,930796.CSI,419437003.64,18096600,22974786,1.267,1.2695636749445,-0.28333071
2025-12-24,513220.SH,招商中证全球中国互联网ETF(QDII),20220715,中证全球中国互联网指数,中证全球中国互联网指数(人民币)收益率,招商基金管理有限公司,中国建设银行股份有限公司,跨境型ETF,,930796.CSI,419139905.18,14125900,17883229,1.266,1.2659886449713,-0.291407419
2025-12-25,513220.SH,招商中证全球中国互联网ETF(QDII),20220715,中证全球中国互联网指数,中证全球中国互联网指数(人民币)收益率,招商基金管理有限公司,中国建设银行股份有限公司,跨境型ETF,,930796.CSI,418941839.54,8960800,11331759,1.267,1.2645923355058,-0.165471594
2025-12-26,513220.SH,招商中证全球中国互联网ETF(QDII),20220715,中证全球中国互联网指数,中证全球中国互联网指数(人民币)收益率,招商基金管理有限公司,中国建设银行股份有限公司,跨境型ETF,,930796.CSI,419701091.16,16544500,21017368,1.272,1.2703537731572,0.047192072
2025-12-29,513220.SH,招商中证全球中国互联网ETF(QDII),20220715,中证全球中国互联网指数,中证全球中国互联网指数(人民币)收益率,招商基金管理有限公司,中国建设银行股份有限公司,跨境型ETF,,930796.CSI,416333975.28,33503700,42658344,1.26,1.273242776171,-0.095147479
2025-12-30,513220.SH,招商中证全球中国互联网ETF(QDII),20220715,中证全球中国互联网指数,中证全球中国互联网指数(人民币)收益率,招商基金管理有限公司,中国建设银行股份有限公司,跨境型ETF,,930796.CSI,408139485.0,31015000,39304629,1.271,1.2672780590037,-0.31372549
2025-12-31,513220.SH,招商中证全球中国互联网ETF(QDII),20220715,中证全球中国互联网指数,中证全球中国互联网指数(人民币)收益率,招商基金管理有限公司,中国建设银行股份有限公司,跨境型ETF,,930796.CSI,404298192.408,21557300,27127383,1.255,1.2583850018323,-0.63341251
2026-01-05,513220.SH,招商中证全球中国互联网ETF(QDII),20220715,中证全球中国互联网指数,中证全球中国互联网指数(人民币)收益率,招商基金管理有限公司,中国建设银行股份有限公司,跨境型ETF,,930796.CSI,421648101.68,70497400,91726736,1.307,1.3011364390743,-0.774369875
2026-01-06,513220.SH,招商中证全球中国互联网ETF(QDII),20220715,中证全球中国互联网指数,中证全球中国互联网指数(人民币)收益率,招商基金管理有限公司,中国建设银行股份有限公司,跨境型ETF,,930796.CSI,427153983.36,59568200,79052833,1.328,1.3270978978717,-0.479616307
2026-01-07,513220.SH,招商中证全球中国互联网ETF(QDII),20220715,中证全球中国互联网指数,中证全球中国互联网指数(人民币)收益率,招商基金管理有限公司,中国建设银行股份有限公司,跨境型ETF,,930796.CSI,419631412.46,37193400,48642150,1.306,1.3078167094162,-0.373789
2026-01-08,513220.SH,招商中证全球中国互联网ETF(QDII),20220715,中证全球中国互联网指数,中证全球中国互联网指数(人民币)收益率,招商基金管理有限公司,中国建设银行股份有限公司,跨境型ETF,,930796.CSI,414413629.24,37338600,48181444,1.288,1.2903923553642,-0.50980998
2026-01-09,513220.SH,招商中证全球中国互联网ETF(QDII),20220715,中证全球中国互联网指数,中证全球中国互联网指数(人民币)收益率,招商基金管理有限公司,中国建设银行股份有限公司,跨境型ETF,,930796.CSI,414573683.94,56061500,72585210,1.294,1.2947425595105,-0.084935526
2026-01-12,513220.SH,招商中证全球中国互联网ETF(QDII),20220715,中证全球中国互联网指数,中证全球中国互联网指数(人民币)收益率,招商基金管理有限公司,中国建设银行股份有限公司,跨境型ETF,,930796.CSI,428850563.18,90913500,120147861,1.334,1.3215623752248,-0.425468388
2026-01-13,513220.SH,招商中证全球中国互联网ETF(QDII),20220715,中证全球中国互联网指数,中证全球中国互联网指数(人民币)收益率,招商基金管理有限公司,中国建设银行股份有限公司,跨境型ETF,,930796.CSI,426961917.72,66248500,89066535,1.328,1.3444309682483,-0.434847803
2026-01-14,513220.SH,招商中证全球中国互联网ETF(QDII),20220715,中证全球中国互联网指数,中证全球中国互联网指数(人民币)收益率,招商基金管理有限公司,中国建设银行股份有限公司,跨境型ETF,,930796.CSI,427826213.1,83036600,111045562,1.337,1.3373086325789,0.037411149
2026-01-15,513220.SH,招商中证全球中国互联网ETF(QDII),20220715,中证全球中国互联网指数,中证全球中国互联网指数(人民币)收益率,招商基金管理有限公司,中国建设银行股份有限公司,跨境型ETF,,930796.CSI,428117145.12,86484100,113495266,1.306,1.3123252250992,0.091968118
2026-01-16,513220.SH,招商中证全球中国互联网ETF(QDII),20220715,中证全球中国互联网指数,中证全球中国互联网指数(人民币)收益率,招商基金管理有限公司,中国建设银行股份有限公司,跨境型ETF,,930796.CSI,437028626.16,62694200,81500756,1.289,1.2999728204523,-0.570811478
2026-01-19,513220.SH,招商中证全球中国互联网ETF(QDII),20220715,中证全球中国互联网指数,中证全球中国互联网指数(人民币)收益率,招商基金管理有限公司,中国建设银行股份有限公司,跨境型ETF,,930796.CSI,431769719.52,31547200,40436811,1.28,1.2817876388396,-0.062460962
2026-01-20,513220.SH,招商中证全球中国互联网ETF(QDII),20220715,中证全球中国互联网指数,中证全球中国互联网指数(人民币)收益率,招商基金管理有限公司,中国建设银行股份有限公司,跨境型ETF,,930796.CSI,431972948.94,38910000,49560780,1.272,1.2737286044719,0.14959452
2026-01-21,513220.SH,招商中证全球中国互联网ETF(QDII),20220715,中证全球中国互联网指数,中证全球中国互联网指数(人民币)收益率,招商基金管理有限公司,中国建设银行股份有限公司,跨境型ETF,,930796.CSI,442397035.08,52101400,66256101,1.275,1.2716760202221,-0.250352058
2026-01-22,513220.SH,招商中证全球中国互联网ETF(QDII),20220715,中证全球中国互联网指数,中证全球中国互联网指数(人民币)收益率,招商基金管理有限公司,中国建设银行股份有限公司,跨境型ETF,,930796.CSI,443885305.5,33358800,42580973,1.273,1.2764539791599,-0.740740741
2026-01-23,513220.SH,招商中证全球中国互联网ETF(QDII),20220715,中证全球中国互联网指数,中证全球中国互联网指数(人民币)收益率,招商基金管理有限公司,中国建设银行股份有限公司,跨境型ETF,,930796.CSI,447069511.98,42448800,54620536,1.285,1.286739224666,-0.518696292
2026-01-26,513220.SH,招商中证全球中国互联网ETF(QDII),20220715,中证全球中国互联网指数,中证全球中国互联网指数(人民币)收益率,招商基金管理有限公司,中国建设银行股份有限公司,跨境型ETF,,930796.CSI,443193086.7,33110900,42156635,1.274,1.273195080774,-0.507614213
2026-01-27,513220.SH,招商中证全球中国互联网ETF(QDII),20220715,中证全球中国互联网指数,中证全球中国互联网指数(人民币)收益率,招商基金管理有限公司,中国建设银行股份有限公司,跨境型ETF,,930796.CSI,445788907.2,29975100,38289801,1.282,1.2773869311529,-0.465838509
2026-01-28,513220.SH,招商中证全球中国互联网ETF(QDII),20220715,中证全球中国互联网指数,中证全球中国互联网指数(人民币)收益率,招商基金管理有限公司,中国建设银行股份有限公司,跨境型ETF,,930796.CSI,449734554.36,53245100,68871217,1.299,1.2934752118035,-0.030783439
2026-01-29,513220.SH,招商中证全球中国互联网ETF(QDII),20220715,中证全球中国互联网指数,中证全球中国互联网指数(人民币)收益率,招商基金管理有限公司,中国建设银行股份有限公司,跨境型ETF,,930796.CSI,450011441.88,41482600,53622880,1.291,1.2926595729294,-0.707583449
2026-01-30,513220.SH,招商中证全球中国互联网ETF(QDII),20220715,中证全球中国互联网指数,中证全球中国互联网指数(人民币)收益率,招商基金管理有限公司,中国建设银行股份有限公司,跨境型ETF,,930796.CSI,440320378.68,29735700,37971899,1.274,1.2769801618929,0.141487188
2026-02-02,513220.SH,招商中证全球中国互联网ETF(QDII),20220715,中证全球中国互联网指数,中证全球中国互联网指数(人民币)收益率,招商基金管理有限公司,中国建设银行股份有限公司,跨境型ETF,,930796.CSI,437216618.72,48842800,61115708,1.241,1.251273637056,-0.624599616
2026-02-03,513220.SH,招商中证全球中国互联网ETF(QDII),20220715,中证全球中国互联网指数,中证全球中国互联网指数(人民币)收益率,招商基金管理有限公司,中国建设银行股份有限公司,跨境型ETF,,930796.CSI,449997335.5,99756300,122503178,1.238,1.2280244756472,0.446247465
2026-02-04,513220.SH,招商中证全球中国互联网ETF(QDII),20220715,中证全球中国互联网指数,中证全球中国互联网指数(人民币)收益率,招商基金管理有限公司,中国建设银行股份有限公司,跨境型ETF,,930796.CSI,463389580.16,71368500,86681455,1.217,1.2145618164877,0.878647215
2026-02-05,513220.SH,招商中证全球中国互联网ETF(QDII),20220715,中证全球中国互联网指数,中证全球中国互联网指数(人民币)收益率,招商基金管理有限公司,中国建设银行股份有限公司,跨境型ETF,,930796.CSI,474572145.96,71335700,85509553,1.212,1.1986922817047,-0.115378276
2026-02-06,513220.SH,招商中证全球中国互联网ETF(QDII),20220715,中证全球中国互联网指数,中证全球中国互联网指数(人民币)收益率,招商基金管理有限公司,中国建设银行股份有限公司,跨境型ETF,,930796.CSI,475450112.82,59923500,71799426,1.194,1.1981847856016,-0.524868783
2026-02-09,513220.SH,招商中证全球中国互联网ETF(QDII),20220715,中证全球中国互联网指数,中证全球中国互联网指数(人民币)收益率,招商基金管理有限公司,中国建设银行股份有限公司,跨境型ETF,,930796.CSI,481154088.18,47726900,57831558,1.214,1.2117182972286,-0.057627398
2026-02-10,513220.SH,招商中证全球中国互联网ETF(QDII),20220715,中证全球中国互联网指数,中证全球中国互联网指数(人民币)收益率,招商基金管理有限公司,中国建设银行股份有限公司,跨境型ETF,,930796.CSI,490100408.52,54272900,66252521,1.219,1.2207293326872,0.263201184
2026-02-11,513220.SH,招商中证全球中国互联网ETF(QDII),20220715,中证全球中国互联网指数,中证全球中国互联网指数(人民币)收益率,招商基金管理有限公司,中国建设银行股份有限公司,跨境型ETF,,930796.CSI,506488361.68,50731500,61894595,1.22,1.2200426756552,0.230036149
2026-02-12,513220.SH,招商中证全球中国互联网ETF(QDII),20220715,中证全球中国互联网指数,中证全球中国互联网指数(人民币)收益率,招商基金管理有限公司,中国建设银行股份有限公司,跨境型ETF,,930796.CSI,554576964.12,69388200,83190557,1.198,1.1989150460741,0.689191461
2026-02-13,513220.SH,招商中证全球中国互联网ETF(QDII),20220715,中证全球中国互联网指数,中证全球中国互联网指数(人民币)收益率,招商基金管理有限公司,中国建设银行股份有限公司,跨境型ETF,,930796.CSI,602646990.3,114001000,133882733,1.176,1.1743996368453,0.127713921
2026-02-24,513220.SH,招商中证全球中国互联网ETF(QDII),20220715,中证全球中国互联网指数,中证全球中国互联网指数(人民币)收益率,招商基金管理有限公司,中国建设银行股份有限公司,跨境型ETF,,930796.CSI,625607717.86,76235800,87552353,1.144,1.148441454015,-0.685823422
2026-02-25,513220.SH,招商中证全球中国互联网ETF(QDII),20220715,中证全球中国互联网指数,中证全球中国互联网指数(人民币)收益率,招商基金管理有限公司,中国建设银行股份有限公司,跨境型ETF,,930796.CSI,626096516.32,57221100,65823018,1.148,1.1503277287574,-0.416377516
2026-02-26,513220.SH,招商中证全球中国互联网ETF(QDII),20220715,中证全球中国互联网指数,中证全球中国互联网指数(人民币)收益率,招商基金管理有限公司,中国建设银行股份有限公司,跨境型ETF,,930796.CSI,618708042.18,69758300,78937380,1.124,1.1315840552307,-0.062238819
2026-02-27,513220.SH,招商中证全球中国互联网ETF(QDII),20220715,中证全球中国互联网指数,中证全球中国互联网指数(人民币)收益率,招商基金管理有限公司,中国建设银行股份有限公司,跨境型ETF,,930796.CSI,624204239.1,87336700,98551944,1.133,1.1284138741216,0.577008433
2026-03-02,513220.SH,招商中证全球中国互联网ETF(QDII),20220715,中证全球中国互联网指数,中证全球中国互联网指数(人民币)收益率,招商基金管理有限公司,中国建设银行股份有限公司,跨境型ETF,,930796.CSI,614470903.94,80244900,88393534,1.096,1.1015470640502,0.082184275
2026-03-03,513220.SH,招商中证全球中国互联网ETF(QDII),20220715,中证全球中国互联网指数,中证全球中国互联网指数(人民币)收益率,招商基金管理有限公司,中国建设银行股份有限公司,跨境型ETF,,930796.CSI,610882029.96,91156700,99390652,1.078,1.0903274471322,0.428544811
2026-03-04,513220.SH,招商中证全球中国互联网ETF(QDII),20220715,中证全球中国互联网指数,中证全球中国互联网指数(人民币)收益率,招商基金管理有限公司,中国建设银行股份有限公司,跨境型ETF,,930796.CSI,615083198.52,83736200,89181165,1.056,1.0650252220664,-0.919497091
2026-03-05,513220.SH,招商中证全球中国互联网ETF(QDII),20220715,中证全球中国互联网指数,中证全球中国互联网指数(人民币)收益率,招商基金管理有限公司,中国建设银行股份有限公司,跨境型ETF,,930796.CSI,615359252.9,84709400,90169007,1.056,1.0644510172425,0.237304224
2026-03-06,513220.SH,招商中证全球中国互联网ETF(QDII),20220715,中证全球中国互联网指数,中证全球中国互联网指数(人民币)收益率,招商基金管理有限公司,中国建设银行股份有限公司,跨境型ETF,,930796.CSI,635803081.9,119846800,129679883,1.093,1.0820471051376,0.413412954
2026-03-09,513220.SH,招商中证全球中国互联网ETF(QDII),20220715,中证全球中国互联网指数,中证全球中国互联网指数(人民币)收益率,招商基金管理有限公司,中国建设银行股份有限公司,跨境型ETF,,930796.CSI,687810052.16,120968500,129659618,1.08,1.0718461252309,-0.58910162
2026-03-10,513220.SH,招商中证全球中国互联网ETF(QDII),20220715,中证全球中国互联网指数,中证全球中国互联网指数(人民币)收益率,招商基金管理有限公司,中国建设银行股份有限公司,跨境型ETF,,930796.CSI,704524140.32,111530200,122733627,1.106,1.1004519583037,-0.611071172
2026-03-11,513220.SH,招商中证全球中国互联网ETF(QDII),20220715,中证全球中国互联网指数,中证全球中国互联网指数(人民币)收益率,招商基金管理有限公司,中国建设银行股份有限公司,跨境型ETF,,930796.CSI,698636222.9,80675900,89448220,1.102,1.1087353224445,-0.135931128
2026-03-12,513220.SH,招商中证全球中国互联网ETF(QDII),20220715,中证全球中国互联网指数,中证全球中国互联网指数(人民币)收益率,招商基金管理有限公司,中国建设银行股份有限公司,跨境型ETF,,930796.CSI,692874927.36,58947810,64375898,1.089,1.0920829459144,-0.493421053
2026-03-13,513220.SH,招商中证全球中国互联网ETF(QDII),20220715,中证全球中国互联网指数,中证全球中国互联网指数(人民币)收益率,招商基金管理有限公司,中国建设银行股份有限公司,跨境型ETF,,930796.CSI,693001549.24,66772300,73233871,1.094,1.0967702325665,-0.054814544
2026-03-16,513220.SH,招商中证全球中国互联网ETF(QDII),20220715,中证全球中国互联网指数,中证全球中国互联网指数(人民币)收益率,招商基金管理有限公司,中国建设银行股份有限公司,跨境型ETF,,930796.CSI,706002988.86,90024900,99561141,1.116,1.1059289263304,-0.080580177
2026-03-17,513220.SH,招商中证全球中国互联网ETF(QDII),20220715,中证全球中国互联网指数,中证全球中国互联网指数(人民币)收益率,招商基金管理有限公司,中国建设银行股份有限公司,跨境型ETF,,930796.CSI,676460896.56,93375000,105102252,1.114,1.125593060241,0.143833154
2026-03-18,513220.SH,招商中证全球中国互联网ETF(QDII),20220715,中证全球中国互联网指数,中证全球中国互联网指数(人民币)收益率,招商基金管理有限公司,中国建设银行股份有限公司,跨境型ETF,,930796.CSI,676172344.94,71259600,79297263,1.12,1.1127941077413,0.891811549
2026-03-19,513220.SH,招商中证全球中国互联网ETF(QDII),20220715,中证全球中国互联网指数,中证全球中国互联网指数(人民币)收益率,招商基金管理有限公司,中国建设银行股份有限公司,跨境型ETF,,930796.CSI,683175925.5,89146900,97475247,1.088,1.0934227325908,0.508083141
2026-03-20,513220.SH,招商中证全球中国互联网ETF(QDII),20220715,中证全球中国互联网指数,中证全球中国互联网指数(人民币)收益率,招商基金管理有限公司,中国建设银行股份有限公司,跨境型ETF,,930796.CSI,682094782.48,100831900,107309565,1.049,1.0642422189803,-0.019062143
2026-03-23,513220.SH,招商中证全球中国互联网ETF(QDII),20220715,中证全球中国互联网指数,中证全球中国互联网指数(人民币)收益率,招商基金管理有限公司,中国建设银行股份有限公司,跨境型ETF,,930796.CSI,696638330.22,86463500,88613622,1.011,1.0248673949123,-1.008518555
2026-03-24,513220.SH,招商中证全球中国互联网ETF(QDII),20220715,中证全球中国互联网指数,中证全球中国互联网指数(人民币)收益率,招商基金管理有限公司,中国建设银行股份有限公司,跨境型ETF,,930796.CSI,699800307.28,87521800,89668194,1.034,1.0245241071367,-0.691509796
2026-03-25,513220.SH,招商中证全球中国互联网ETF(QDII),20220715,中证全球中国互联网指数,中证全球中国互联网指数(人民币)收益率,招商基金管理有限公司,中国建设银行股份有限公司,跨境型ETF,,930796.CSI,717611206.38,119589100,125966010,1.058,1.0533235052358,-0.908494896
2026-03-26,513220.SH,招商中证全球中国互联网ETF(QDII),20220715,中证全球中国互联网指数,中证全球中国互联网指数(人民币)收益率,招商基金管理有限公司,中国建设银行股份有限公司,跨境型ETF,,930796.CSI,703463994.8,59846600,62884494,1.042,1.0507613465092,0
2026-03-27,513220.SH,招商中证全球中国互联网ETF(QDII),20220715,中证全球中国互联网指数,中证全球中国互联网指数(人民币)收益率,招商基金管理有限公司,中国建设银行股份有限公司,跨境型ETF,,930796.CSI,703328972.92,65939300,68842261,1.047,1.0440247470022,0.499136111
2026-03-30,513220.SH,招商中证全球中国互联网ETF(QDII),20220715,中证全球中国互联网指数,中证全球中国互联网指数(人民币)收益率,招商基金管理有限公司,中国建设银行股份有限公司,跨境型ETF,,930796.CSI,695197756.88,72057800,73822154,1.028,1.0244852604437,0.27311744
2026-03-31,513220.SH,招商中证全球中国互联网ETF(QDII),20220715,中证全球中国互联网指数,中证全球中国互联网指数(人民币)收益率,招商基金管理有限公司,中国建设银行股份有限公司,跨境型ETF,,930796.CSI,693299066.9184,57282000,58503097,1.017,1.0213172898991,-0.528169014
2026-04-01,513220.SH,招商中证全球中国互联网ETF(QDII),20220715,中证全球中国互联网指数,中证全球中国互联网指数(人民币)收益率,招商基金管理有限公司,中国建设银行股份有限公司,跨境型ETF,,930796.CSI,675460891.56,72187900,74912069,1.04,1.0377371969541,0.250626566
2026-04-02,513220.SH,招商中证全球中国互联网ETF(QDII),20220715,中证全球中国互联网指数,中证全球中国互联网指数(人民币)收益率,招商基金管理有限公司,中国建设银行股份有限公司,跨境型ETF,,930796.CSI,663689772.28,67269500,68353364,1.009,1.0161122648451,-0.708521944
2026-04-03,513220.SH,招商中证全球中国互联网ETF(QDII),20220715,中证全球中国互联网指数,中证全球中国互联网指数(人民币)收益率,招商基金管理有限公司,中国建设银行股份有限公司,跨境型ETF,,930796.CSI,663036662.88,23522400,23800687,1.007,1.0118307230555,-0.807722616
2026-04-07,513220.SH,招商中证全球中国互联网ETF(QDII),20220715,中证全球中国互联网指数,中证全球中国互联网指数(人民币)收益率,招商基金管理有限公司,中国建设银行股份有限公司,跨境型ETF,,930796.CSI,661142645.62,20538400,20822670,1.012,1.0138409028941,-0.029635484
2026-04-08,513220.SH,招商中证全球中国互联网ETF(QDII),20220715,中证全球中国互联网指数,中证全球中国互联网指数(人民币)收益率,招商基金管理有限公司,中国建设银行股份有限公司,跨境型ETF,,930796.CSI,671553026.56,95966400,100267164,1.054,1.0448153103586,-0.790662651
2026-04-09,513220.SH,招商中证全球中国互联网ETF(QDII),20220715,中证全球中国互联网指数,中证全球中国互联网指数(人民币)收益率,招商基金管理有限公司,中国建设银行股份有限公司,跨境型ETF,,930796.CSI,658531572.92,40829900,42579439,1.042,1.0428494559134,0.019197543
2026-04-10,513220.SH,招商中证全球中国互联网ETF(QDII),20220715,中证全球中国互联网指数,中证全球中国互联网指数(人民币)收益率,招商基金管理有限公司,中国建设银行股份有限公司,跨境型ETF,,930796.CSI,660301479.24,61710600,64688213,1.04,1.0482512404676,-0.440359946
2026-04-13,513220.SH,招商中证全球中国互联网ETF(QDII),20220715,中证全球中国互联网指数,中证全球中国互联网指数(人民币)收益率,招商基金管理有限公司,中国建设银行股份有限公司,跨境型ETF,,930796.CSI,653095432.08,35481000,36486703,1.027,1.0283448324455,-0.600077429
2026-04-14,513220.SH,招商中证全球中国互联网ETF(QDII),20220715,中证全球中国互联网指数,中证全球中国互联网指数(人民币)收益率,招商基金管理有限公司,中国建设银行股份有限公司,跨境型ETF,,930796.CSI,658657994.8,35481800,36753638,1.035,1.0358447993056,-0.671785029
2026-04-15,513220.SH,招商中证全球中国互联网ETF(QDII),20220715,中证全球中国互联网指数,中证全球中国互联网指数(人民币)收益率,招商基金管理有限公司,中国建设银行股份有限公司,跨境型ETF,,930796.CSI,666277679.56,75741300,79902679,1.05,1.0549420065407,-0.699829771
2026-04-16,513220.SH,招商中证全球中国互联网ETF(QDII),20220715,中证全球中国互联网指数,中证全球中国互联网指数(人民币)收益率,招商基金管理有限公司,中国建设银行股份有限公司,跨境型ETF,,930796.CSI,682391800.86,69069100,74209101,1.085,1.0744182420214,-1.084875558
2026-04-17,513220.SH,招商中证全球中国互联网ETF(QDII),20220715,中证全球中国互联网指数,中证全球中国互联网指数(人民币)收益率,招商基金管理有限公司,中国建设银行股份有限公司,跨境型ETF,,930796.CSI,678410300.7,39913202,43046062,1.079,1.078491823332,-1.054562127
2026-04-20,513220.SH,招商中证全球中国互联网ETF(QDII),20220715,中证全球中国互联网指数,中证全球中国互联网指数(人民币)收益率,招商基金管理有限公司,中国建设银行股份有限公司,跨境型ETF,,930796.CSI,652680182.06,46725800,50838184,1.088,1.0880109917861,-0.630194538
2026-04-21,513220.SH,招商中证全球中国互联网ETF(QDII),20220715,中证全球中国互联网指数,中证全球中国互联网指数(人民币)收益率,招商基金管理有限公司,中国建设银行股份有限公司,跨境型ETF,,930796.CSI,647970917.8,33248100,36127954,1.086,1.0866170999245,-0.09199632
2026-04-22,513220.SH,招商中证全球中国互联网ETF(QDII),20220715,中证全球中国互联网指数,中证全球中国互联网指数(人民币)收益率,招商基金管理有限公司,中国建设银行股份有限公司,跨境型ETF,,930796.CSI,638182729.8,50488900,53754642,1.066,1.0646823757301,-0.093720712
2026-04-23,513220.SH,招商中证全球中国互联网ETF(QDII),20220715,中证全球中国互联网指数,中证全球中国互联网指数(人民币)收益率,招商基金管理有限公司,中国建设银行股份有限公司,跨境型ETF,,930796.CSI,631492338.72,46361400,48750371,1.05,1.0515293110217,0.114416476
2026-04-24,513220.SH,招商中证全球中国互联网ETF(QDII),20220715,中证全球中国互联网指数,中证全球中国互联网指数(人民币)收益率,招商基金管理有限公司,中国建设银行股份有限公司,跨境型ETF,,930796.CSI,632360205.9,48189300,50157108,1.044,1.0408349571378,-0.429184549
2026-04-27,513220.SH,招商中证全球中国互联网ETF(QDII),20220715,中证全球中国互联网指数,中证全球中国互联网指数(人民币)收益率,招商基金管理有限公司,中国建设银行股份有限公司,跨境型ETF,,930796.CSI,628138440.1,39462100,41157965,1.04,1.0429745249239,-0.144023044
2026-04-28,513220.SH,招商中证全球中国互联网ETF(QDII),20220715,中证全球中国互联网指数,中证全球中国互联网指数(人民币)收益率,招商基金管理有限公司,中国建设银行股份有限公司,跨境型ETF,,930796.CSI,627718189.7,36633000,37825283,1.025,1.0325466928725,-0.048756704
2026-04-29,513220.SH,招商中证全球中国互联网ETF(QDII),20220715,中证全球中国互联网指数,中证全球中国互联网指数(人民币)收益率,招商基金管理有限公司,中国建设银行股份有限公司,跨境型ETF,,930796.CSI,636410143.18,41603800,43068910,1.034,1.0352157735591,-0.548235068
2026-04-30,513220.SH,招商中证全球中国互联网ETF(QDII),20220715,中证全球中国互联网指数,中证全球中国互联网指数(人民币)收益率,招商基金管理有限公司,中国建设银行股份有限公司,跨境型ETF,,930796.CSI,631380060.12,38608600,39662822,1.028,1.027305367198,-0.174791222
2026-05-06,513220.SH,招商中证全球中国互联网ETF(QDII),20220715,中证全球中国互联网指数,中证全球中国互联网指数(人民币)收益率,招商基金管理有限公司,中国建设银行股份有限公司,跨境型ETF,,930796.CSI,646981521.78,68498600,71734754,1.048,1.0472440896602,-1.010673467
2026-05-07,513220.SH,招商中证全球中国互联网ETF(QDII),20220715,中证全球中国互联网指数,中证全球中国互联网指数(人民币)收益率,招商基金管理有限公司,中国建设银行股份有限公司,跨境型ETF,,930796.CSI,658095992.68,67230100,72303459,1.077,1.0754626127285,-0.48050268
2026-05-08,513220.SH,招商中证全球中国互联网ETF(QDII),20220715,中证全球中国互联网指数,中证全球中国互联网指数(人民币)收益率,招商基金管理有限公司,中国建设银行股份有限公司,跨境型ETF,,930796.CSI,656103128.58,48808900,52267760,1.079,1.0708653544743,-0.15730545
2026-05-11,513220.SH,招商中证全球中国互联网ETF(QDII),20220715,中证全球中国互联网指数,中证全球中国互联网指数(人民币)收益率,招商基金管理有限公司,中国建设银行股份有限公司,跨境型ETF,,930796.CSI,649607058.0,62308900,66112932,1.064,1.0610511820944,-0.560747664
2026-05-12,513220.SH,招商中证全球中国互联网ETF(QDII),20220715,中证全球中国互联网指数,中证全球中国互联网指数(人民币)收益率,招商基金管理有限公司,中国建设银行股份有限公司,跨境型ETF,,930796.CSI,644143073.4,56228300,59915905,1.06,1.0655827225792,-0.094250707
2026-05-13,513220.SH,招商中证全球中国互联网ETF(QDII),20220715,中证全球中国互联网指数,中证全球中国互联网指数(人民币)收益率,招商基金管理有限公司,中国建设银行股份有限公司,跨境型ETF,,930796.CSI,653735401.92,59740900,63264617,1.062,1.0589833263309,-1.374442793
2026-05-14,513220.SH,招商中证全球中国互联网ETF(QDII),20220715,中证全球中国互联网指数,中证全球中国互联网指数(人民币)收益率,招商基金管理有限公司,中国建设银行股份有限公司,跨境型ETF,,930796.CSI,634389814.24,95795700,103727196,1.067,1.0827959501314,-0.243081526
2026-05-15,513220.SH,招商中证全球中国互联网ETF(QDII),20220715,中证全球中国互联网指数,中证全球中国互联网指数(人民币)收益率,招商基金管理有限公司,中国建设银行股份有限公司,跨境型ETF,,930796.CSI,621532257.36,65402112,68473691,1.039,1.0469645231029,-0.517043278
2026-05-18,513220.SH,招商中证全球中国互联网ETF(QDII),20220715,中证全球中国互联网指数,中证全球中国互联网指数(人民币)收益率,招商基金管理有限公司,中国建设银行股份有限公司,跨境型ETF,,930796.CSI,616854007.12,59804600,61746398,1.031,1.032469040843,-0.367220719
2026-05-19,513220.SH,招商中证全球中国互联网ETF(QDII),20220715,中证全球中国互联网指数,中证全球中国互联网指数(人民币)收益率,招商基金管理有限公司,中国建设银行股份有限公司,跨境型ETF,,930796.CSI,622993933.94,54055453,56177843,1.042,1.0392631988488,-0.296622333
2026-05-20,513220.SH,招商中证全球中国互联网ETF(QDII),20220715,中证全球中国互联网指数,中证全球中国互联网指数(人民币)收益率,招商基金管理有限公司,中国建设银行股份有限公司,跨境型ETF,,930796.CSI,618761557.2,42436000,43811835,1.033,1.0324214110661,-0.481695568
2026-05-21,513220.SH,招商中证全球中国互联网ETF(QDII),20220715,中证全球中国互联网指数,中证全球中国互联网指数(人民币)收益率,招商基金管理有限公司,中国建设银行股份有限公司,跨境型ETF,,930796.CSI,602785825.28,57643322,59013384,1.009,1.0237679223276,-0.217563291
2026-05-22,513220.SH,招商中证全球中国互联网ETF(QDII),20220715,中证全球中国互联网指数,中证全球中国互联网指数(人民币)收益率,招商基金管理有限公司,中国建设银行股份有限公司,跨境型ETF,,930796.CSI,602065408.02,29379974,29750037,1.011,1.0125957565517,0.267777447
2026-05-25,513220.SH,招商中证全球中国互联网ETF(QDII),20220715,中证全球中国互联网指数,中证全球中国互联网指数(人民币)收益率,招商基金管理有限公司,中国建设银行股份有限公司,跨境型ETF,,930796.CSI,602483384.6,34703500,34705272,1.001,1.0000510611322,-0.792864222
2026-05-26,513220.SH,招商中证全球中国互联网ETF(QDII),20220715,中证全球中国互联网指数,中证全球中国互联网指数(人民币)收益率,招商基金管理有限公司,中国建设银行股份有限公司,跨境型ETF,,930796.CSI,600524895.54,49360700,49410854,1.005,1.0010160714901,-0.406302646
2026-05-27,513220.SH,招商中证全球中国互联网ETF(QDII),20220715,中证全球中国互联网指数,中证全球中国互联网指数(人民币)收益率,招商基金管理有限公司,中国建设银行股份有限公司,跨境型ETF,,930796.CSI,587313466.86,45853000,45915048,0.994,1.0013531939023,0.71942446
2026-05-28,513220.SH,招商中证全球中国互联网ETF(QDII),20220715,中证全球中国互联网指数,中证全球中国互联网指数(人民币)收益率,招商基金管理有限公司,中国建设银行股份有限公司,跨境型ETF,,930796.CSI,577046524.16,83105900,79963013,0.963,0.96218214350606,-0.351821192
2026-05-29,513220.SH,招商中证全球中国互联网ETF(QDII),20220715,中证全球中国互联网指数,中证全球中国互联网指数(人民币)收益率,招商基金管理有限公司,中国建设银行股份有限公司,跨境型ETF,,930796.CSI,577822766.38,51057500,49199540,0.963,0.96361043921069,-0.485687713
2026-06-01,513220.SH,招商中证全球中国互联网ETF(QDII),20220715,中证全球中国互联网指数,中证全球中国互联网指数(人民币)收益率,招商基金管理有限公司,中国建设银行股份有限公司,跨境型ETF,,930796.CSI,589048423.1,55860500,54552740,0.98,0.97658882394536,-0.658895084
2026-06-02,513220.SH,招商中证全球中国互联网ETF(QDII),20220715,中证全球中国互联网指数,中证全球中国互联网指数(人民币)收益率,招商基金管理有限公司,中国建设银行股份有限公司,跨境型ETF,,930796.CSI,606366588.32,104733437,105617391,1.019,1.0084400362035,-1.336173509
2026-06-03,513220.SH,招商中证全球中国互联网ETF(QDII),20220715,中证全球中国互联网指数,中证全球中国互联网指数(人民币)收益率,招商基金管理有限公司,中国建设银行股份有限公司,跨境型ETF,,930796.CSI,584459865.64,58326100,58489728,0.997,1.0028053992981,-0.35978413
2026-06-04,513220.SH,招商中证全球中国互联网ETF(QDII),20220715,中证全球中国互联网指数,中证全球中国互联网指数(人民币)收益率,招商基金管理有限公司,中国建设银行股份有限公司,跨境型ETF,,930796.CSI,577450552.84,26047400,25587681,0.98,0.98235067607516,-0.869917054
2026-06-05,513220.SH,招商中证全球中国互联网ETF(QDII),20220715,中证全球中国互联网指数,中证全球中国互联网指数(人民币)收益率,招商基金管理有限公司,中国建设银行股份有限公司,跨境型ETF,,930796.CSI,571317404.14,33594000,32876543,0.975,0.9786432993987,-0.316941008
2026-06-08,513220.SH,招商中证全球中国互联网ETF(QDII),20220715,中证全球中国互联网指数,中证全球中国互联网指数(人民币)收益率,招商基金管理有限公司,中国建设银行股份有限公司,跨境型ETF,,930796.CSI,556130559.74,36952700,35230754,0.948,0.95340134821001,-0.430627035
2026-06-09,513220.SH,招商中证全球中国互联网ETF(QDII),20220715,中证全球中国互联网指数,中证全球中国互联网指数(人民币)收益率,招商基金管理有限公司,中国建设银行股份有限公司,跨境型ETF,,930796.CSI,556013737.86,41736400,39777784,0.953,0.95307175511065,0.115558357
2026-06-10,513220.SH,招商中证全球中国互联网ETF(QDII),20220715,中证全球中国互联网指数,中证全球中国互联网指数(人民币)收益率,招商基金管理有限公司,中国建设银行股份有限公司,跨境型ETF,,930796.CSI,557006723.84,36155800,34154746,0.947,0.94465468887426,-0.692114094
2026-06-11,513220.SH,招商中证全球中国互联网ETF(QDII),20220715,中证全球中国互联网指数,中证全球中国互联网指数(人民币)收益率,招商基金管理有限公司,中国建设银行股份有限公司,跨境型ETF,,930796.CSI,546609576.52,42364000,39500344,0.929,0.93240355018412,-0.726650994
2026-06-12,513220.SH,招商中证全球中国互联网ETF(QDII),20220715,中证全球中国互联网指数,中证全球中国互联网指数(人民币)收益率,招商基金管理有限公司,中国建设银行股份有限公司,跨境型ETF,,930796.CSI,545663798.72,34496300,32448309,0.939,0.94063157498051,-1.032883642
2026-06-15,513220.SH,招商中证全球中国互联网ETF(QDII),20220715,中证全球中国互联网指数,中证全球中国互联网指数(人民币)收益率,招商基金管理有限公司,中国建设银行股份有限公司,跨境型ETF,,930796.CSI,547504148.8,36249400,34327041,0.944,0.94696852913428,-0.840336134
2026-06-16,513220.SH,招商中证全球中国互联网ETF(QDII),20220715,中证全球中国互联网指数,中证全球中国互联网指数(人民币)收益率,招商基金管理有限公司,中国建设银行股份有限公司,跨境型ETF,,930796.CSI,535254318.58,27955100,26032242,0.926,0.93121620026399,-0.504996239
2026-06-17,513220.SH,招商中证全球中国互联网ETF(QDII),20220715,中证全球中国互联网指数,中证全球中国互联网指数(人民币)收益率,招商基金管理有限公司,中国建设银行股份有限公司,跨境型ETF,,930796.CSI,533068902.86,30857800,28497501,0.922,0.92351045764766,-0.528643867
2026-06-18,513220.SH,招商中证全球中国互联网ETF(QDII),20220715,中证全球中国互联网指数,中证全球中国互联网指数(人民币)收益率,招商基金管理有限公司,中国建设银行股份有限公司,跨境型ETF,,930796.CSI,524327239.98,36888800,33475633,0.902,0.9074741656004,-1.063946474
2026-06-22,513220.SH,招商中证全球中国互联网ETF(QDII),20220715,中证全球中国互联网指数,中证全球中国互联网指数(人民币)收益率,招商基金管理有限公司,中国建设银行股份有限公司,跨境型ETF,,930796.CSI,522371868.02,42968100,38502044,0.908,0.89606112441555,-0.033028735
2026-06-23,513220.SH,招商中证全球中国互联网ETF(QDII),20220715,中证全球中国互联网指数,中证全球中国互联网指数(人民币)收益率,招商基金管理有限公司,中国建设银行股份有限公司,跨境型ETF,,930796.CSI,506153782.94,35926700,31926613,0.877,0.88865977114514,-0.352232701
2026-06-24,513220.SH,招商中证全球中国互联网ETF(QDII),20220715,中证全球中国互联网指数,中证全球中国互联网指数(人民币)收益率,招商基金管理有限公司,中国建设银行股份有限公司,跨境型ETF,,930796.CSI,507246490.8,61169199,53650146,0.879,0.87707779204367,-0.340136054
2026-06-25,513220.SH,招商中证全球中国互联网ETF(QDII),20220715,中证全球中国互联网指数,中证全球中国互联网指数(人民币)收益率,招商基金管理有限公司,中国建设银行股份有限公司,跨境型ETF,,930796.CSI,496491945.02,29842000,25737599,0.858,0.86246226794451,-0.613923318
2026-06-26,513220.SH,招商中证全球中国互联网ETF(QDII),20220715,中证全球中国互联网指数,中证全球中国互联网指数(人民币)收益率,招商基金管理有限公司,中国建设银行股份有限公司,跨境型ETF,,930796.CSI,485564866.42,45831000,38513168,0.836,0.84033008225873,-0.983062892
2026-06-29,513220.SH,招商中证全球中国互联网ETF(QDII),20220715,中证全球中国互联网指数,中证全球中国互联网指数(人民币)收益率,招商基金管理有限公司,中国建设银行股份有限公司,跨境型ETF,,930796.CSI,487211292.02,60828800,52634955,0.868,0.86529661936451,-0.034550271
2026-06-30,513220.SH,招商中证全球中国互联网ETF(QDII),20220715,中证全球中国互联网指数,中证全球中国互联网指数(人民币)收益率,招商基金管理有限公司,中国建设银行股份有限公司,跨境型ETF,,930796.CSI,490129074.876,34270100,29648865,0.868,0.8651525673984,-0.62965083
2026-07-01,513220.SH,招商中证全球中国互联网ETF(QDII),20220715,中证全球中国互联网指数,中证全球中国互联网指数(人民币)收益率,招商基金管理有限公司,中国建设银行股份有限公司,跨境型ETF,,930796.CSI,496581819.0,18520500,16154024,0.872,0.87222396803542,-1.468926554
2026-07-02,513220.SH,招商中证全球中国互联网ETF(QDII),20220715,中证全球中国互联网指数,中证全球中国互联网指数(人民币)收益率,招商基金管理有限公司,中国建设银行股份有限公司,跨境型ETF,,930796.CSI,501407359.84,72671678,65483944,0.888,0.90109305030771,-0.626678603
2026-07-03,513220.SH,招商中证全球中国互联网ETF(QDII),20220715,中证全球中国互联网指数,中证全球中国互联网指数(人民币)收益率,招商基金管理有限公司,中国建设银行股份有限公司,跨境型ETF,,930796.CSI,504605683.42,33713400,30411912,0.901,0.90207193578814,0.189035917
2026-07-06,513220.SH,招商中证全球中国互联网ETF(QDII),20220715,中证全球中国互联网指数,中证全球中国互联网指数(人民币)收益率,招商基金管理有限公司,中国建设银行股份有限公司,跨境型ETF,,930796.CSI,516445091.76,51705200,46900959,0.913,0.90708398768402,-0.803998262
2026-07-07,513220.SH,招商中证全球中国互联网ETF(QDII),20220715,中证全球中国互联网指数,中证全球中国互联网指数(人民币)收益率,招商基金管理有限公司,中国建设银行股份有限公司,跨境型ETF,,930796.CSI,514368986.98,58986422,54718902,0.917,0.92765250280819,0.032726083
2026-07-08,513220.SH,招商中证全球中国互联网ETF(QDII),20220715,中证全球中国互联网指数,中证全球中国互联网指数(人民币)收益率,招商基金管理有限公司,中国建设银行股份有限公司,跨境型ETF,,930796.CSI,538777245.88,87655988,82547361,0.953,0.94171958908272,-0.749843783
2026-07-09,513220.SH,招商中证全球中国互联网ETF(QDII),20220715,中证全球中国互联网指数,中证全球中国互联网指数(人民币)收益率,招商基金管理有限公司,中国建设银行股份有限公司,跨境型ETF,,930796.CSI,534625036.32,80152900,76820947,0.949,0.9584300380897,-0.398824517
2026-07-10,513220.SH,招商中证全球中国互联网ETF(QDII),20220715,中证全球中国互联网指数,中证全球中国互联网指数(人民币)收益率,招商基金管理有限公司,中国建设银行股份有限公司,跨境型ETF,,930796.CSI,520524966.06,43453300,41631985,0.956,0.95808569199577,0.115195308
2026-07-13,513220.SH,招商中证全球中国互联网ETF(QDII),20220715,中证全球中国互联网指数,中证全球中国互联网指数(人民币)收益率,招商基金管理有限公司,中国建设银行股份有限公司,跨境型ETF,,930796.CSI,518780615.98,57376800,54814365,0.948,0.9553402246204,-0.388777976
2026-07-14,513220.SH,招商中证全球中国互联网ETF(QDII),20220715,中证全球中国互联网指数,中证全球中国互联网指数(人民币)收益率,招商基金管理有限公司,中国建设银行股份有限公司,跨境型ETF,,930796.CSI,516164090.86,53866200,50614603,0.944,0.93963567134864,-0.306262541
2026-07-15,513220.SH,招商中证全球中国互联网ETF(QDII),20220715,中证全球中国互联网指数,中证全球中国互联网指数(人民币)收益率,招商基金管理有限公司,中国建设银行股份有限公司,跨境型ETF,,930796.CSI,521428008.6,63282000,60464293,0.967,0.95547379981669,-0.206398349
2026-07-16,513220.SH,招商中证全球中国互联网ETF(QDII),20220715,中证全球中国互联网指数,中证全球中国互联网指数(人民币)收益率,招商基金管理有限公司,中国建设银行股份有限公司,跨境型ETF,,930796.CSI,531820524.8,78022732,77217452,0.989,0.98967890537337,-0.302419355
2026-07-17,513220.SH,招商中证全球中国互联网ETF(QDII),20220715,中证全球中国互联网指数,中证全球中国互联网指数(人民币)收益率,招商基金管理有限公司,中国建设银行股份有限公司,跨境型ETF,,930796.CSI,515254744.34,71600500,69376184,0.955,0.9689343510171,-0.634689418
2026-07-20,513220.SH,招商中证全球中国互联网ETF(QDII),20220715,中证全球中国互联网指数,中证全球中国互联网指数(人民币)收益率,招商基金管理有限公司,中国建设银行股份有限公司,跨境型ETF,,930796.CSI,531284415.4,66193500,65043823,0.984,0.98263157258643,-0.706357215
2026-07-21,513220.SH,招商中证全球中国互联网ETF(QDII),20220715,中证全球中国互联网指数,中证全球中国互联网指数(人民币)收益率,招商基金管理有限公司,中国建设银行股份有限公司,跨境型ETF,,930796.CSI,528550257.46,55874900,55018927,0.985,0.98468054528957,-0.091287149
2026-07-22,513220.SH,招商中证全球中国互联网ETF(QDII),20220715,中证全球中国互联网指数,中证全球中国互联网指数(人民币)收益率,招商基金管理有限公司,中国建设银行股份有限公司,跨境型ETF,,930796.CSI,510322537.86,50898100,48635286,0.946,0.95554226975074,-0.619813006
2026-07-23,513220.SH,招商中证全球中国互联网ETF(QDII),20220715,中证全球中国互联网指数,中证全球中国互联网指数(人民币)收益率,招商基金管理有限公司,中国建设银行股份有限公司,跨境型ETF,,930796.CSI,514450580.24,37696000,35920665,0.956,0.95290388900679,-0.375156315
2026-07-24,513220.SH,招商中证全球中国互联网ETF(QDII),20220715,中证全球中国互联网指数,中证全球中国互联网指数(人民币)收益率,招商基金管理有限公司,中国建设银行股份有限公司,跨境型ETF,,930796.CSI,503674781.3,21437400,20081352,0.933,0.93674382154552,-0.691857371
2026-07-27,513220.SH,招商中证全球中国互联网ETF(QDII),20220715,中证全球中国互联网指数,中证全球中国互联网指数(人民币)收益率,招商基金管理有限公司,中国建设银行股份有限公司,跨境型ETF,,930796.CSI,515415577.16,28063700,26687456,0.958,0.95095999458375,-0.353650926
2026-07-28,513220.SH,招商中证全球中国互联网ETF(QDII),20220715,中证全球中国互联网指数,中证全球中国互联网指数(人民币)收益率,招商基金管理有限公司,中国建设银行股份有限公司,跨境型ETF,,930796.CSI,520133339.88,29455900,28430819,0.961,0.9651994676788,-0.948258091
2026-07-29,513220.SH,招商中证全球中国互联网ETF(QDII),20220715,中证全球中国互联网指数,中证全球中国互联网指数(人民币)收益率,招商基金管理有限公司,中国建设银行股份有限公司,跨境型ETF,,930796.CSI,540672817.26,69174500,68566392,0.996,0.99120907270743,-0.688004786
2026-07-30,513220.SH,招商中证全球中国互联网ETF(QDII),20220715,中证全球中国互联网指数,中证全球中国互联网指数(人民币)收益率,招商基金管理有限公司,中国建设银行股份有限公司,跨境型ETF,,930796.CSI,507971485.98,47093100,46998991,0.999,0.99800163930597,-0.269541779
2026-07-31,513220.SH,招商中证全球中国互联网ETF(QDII),20220715,中证全球中国互联网指数,中证全球中国互联网指数(人民币)收益率,招商基金管理有限公司,中国建设银行股份有限公司,跨境型ETF,,930796.CSI,506477751.78,59819500,59766948,1.001,0.99912149048387,-0.763358779
2026-08-03,513220.SH,招商中证全球中国互联网ETF(QDII),20220715,中证全球中国互联网指数,中证全球中国互联网指数(人民币)收益率,招商基金管理有限公司,中国建设银行股份有限公司,跨境型ETF,,930796.CSI,515917408.5,55600000,56654891,1.019,1.0189728597122,-0.827250608
2026-08-04,513220.SH,招商中证全球中国互联网ETF(QDII),20220715,中证全球中国互联网指数,中证全球中国互联网指数(人民币)收益率,招商基金管理有限公司,中国建设银行股份有限公司,跨境型ETF,,930796.CSI,516670572.6,45438500,46367944,1.021,1.020454988611,-0.777453839
2026-08-05,513220.SH,招商中证全球中国互联网ETF(QDII),20220715,中证全球中国互联网指数,中证全球中国互联网指数(人民币)收益率,招商基金管理有限公司,中国建设银行股份有限公司,跨境型ETF,,930796.CSI,508644275.84,50507100,51879516,1.027,1.0271727341304,-0.638544892
2026-08-06,513220.SH,招商中证全球中国互联网ETF(QDII),20220715,中证全球中国互联网指数,中证全球中国互联网指数(人民币)收益率,招商基金管理有限公司,中国建设银行股份有限公司,跨境型ETF,,930796.CSI,499294197.24,24471500,24768219,1.006,1.0121250842817,-0.84762468
2026-08-07,513220.SH,招商中证全球中国互联网ETF(QDII),20220715,中证全球中国互联网指数,中证全球中国互联网指数(人民币)收益率,招商基金管理有限公司,中国建设银行股份有限公司,跨境型ETF,,930796.CSI,500081572.28,23886200,24005552,1.007,1.004996692651,-0.905333596
2026-08-10,513220.SH,招商中证全球中国互联网ETF(QDII),20220715,中证全球中国互联网指数,中证全球中国互联网指数(人民币)收益率,招商基金管理有限公司,中国建设银行股份有限公司,跨境型ETF,,930796.CSI,506186458.58,40499200,41311318,1.018,1.0200526923989,-1.23217231
2026-08-11,513220.SH,招商中证全球中国互联网ETF(QDII),20220715,中证全球中国互联网指数,中证全球中国互联网指数(人民币)收益率,招商基金管理有限公司,中国建设银行股份有限公司,跨境型ETF,,930796.CSI,497051823.74,38054099,38948015,1.012,1.0234906625959,-0.009880447
2026-08-12,513220.SH,招商中证全球中国互联网ETF(QDII),20220715,中证全球中国互联网指数,中证全球中国互联网指数(人民币)收益率,招商基金管理有限公司,中国建设银行股份有限公司,跨境型ETF,,930796.CSI,492140524.8,35990800,35753414,0.992,0.99340425886615,0
2026-08-13,513220.SH,招商中证全球中国互联网ETF(QDII),20220715,中证全球中国互联网指数,中证全球中国互联网指数(人民币)收益率,招商基金管理有限公司,中国建设银行股份有限公司,跨境型ETF,,930796.CSI,489575757.14,29933200,29532562,0.979,0.98661559739687,0.606309732
2026-08-14,513220.SH,招商中证全球中国互联网ETF(QDII),20220715,中证全球中国互联网指数,中证全球中国互联网指数(人民币)收益率,招商基金管理有限公司,中国建设银行股份有限公司,跨境型ETF,,930796.CSI,498345024.0,38047800,36595002,0.958,0.96181650450223,-0.208333333
2026-08-17,513220.SH,招商中证全球中国互联网ETF(QDII),20220715,中证全球中国互联网指数,中证全球中国互联网指数(人民币)收益率,招商基金管理有限公司,中国建设银行股份有限公司,跨境型ETF,,930796.CSI,503484207.06,28407300,27489649,0.97,0.96769664839671,0.010310341
2026-08-18,513220.SH,招商中证全球中国互联网ETF(QDII),20220715,中证全球中国互联网指数,中证全球中国互联网指数(人民币)收益率,招商基金管理有限公司,中国建设银行股份有限公司,跨境型ETF,,930796.CSI,503847583.64,27339100,26299107,0.968,0.96195950122718,-0.267875541
2026-08-19,513220.SH,招商中证全球中国互联网ETF(QDII),20220715,中证全球中国互联网指数,中证全球中国互联网指数(人民币)收益率,招商基金管理有限公司,中国建设银行股份有限公司,跨境型ETF,,930796.CSI,503951405.52,28536755,27533915,0.964,0.96485795248969,-0.700453234
2026-08-20,513220.SH,招商中证全球中国互联网ETF(QDII),20220715,中证全球中国互联网指数,中证全球中国互联网指数(人民币)收益率,招商基金管理有限公司,中国建设银行股份有限公司,跨境型ETF,,930796.CSI,504574336.8,34949800,34180001,0.98,0.97797415149729,0.823045267
2026-08-21,513220.SH,招商中证全球中国互联网ETF(QDII),20220715,中证全球中国互联网指数,中证全球中国互联网指数(人民币)收益率,招商基金管理有限公司,中国建设银行股份有限公司,跨境型ETF,,930796.CSI,506962240.04,22954900,22218790,0.971,0.96793233688668,-0.573417981
2026-08-24,513220.SH,招商中证全球中国互联网ETF(QDII),20220715,中证全球中国互联网指数,中证全球中国互联网指数(人民币)收益率,招商基金管理有限公司,中国建设银行股份有限公司,跨境型ETF,,930796.CSI,491927273.6,31480500,29636173,0.94,0.94141366877909,-0.423728814
2026-08-25,513220.SH,招商中证全球中国互联网ETF(QDII),20220715,中证全球中国互联网指数,中证全球中国互联网指数(人民币)收益率,招商基金管理有限公司,中国建设银行股份有限公司,跨境型ETF,,930796.CSI,491770940.78,15526700,14553771,0.939,0.93733832688208,-0.498039631
