日期,代码,名称,上市日期,对标指数,benchmark,管理人,托管人,类别大类,类别细类,对标指数代码,规模,成交量,成交额,收盘价,VWAP,溢价率
2021-01-04,516630.SH,华夏中证云计算与大数据主题ETF,20210903,中证云计算与大数据主题指数,中证云计算与大数据主题指数收益率,华夏基金管理有限公司,中国银行股份有限公司,股票型ETF,主题指数ETF,930851.CSI,,,,,,
2021-01-05,516630.SH,华夏中证云计算与大数据主题ETF,20210903,中证云计算与大数据主题指数,中证云计算与大数据主题指数收益率,华夏基金管理有限公司,中国银行股份有限公司,股票型ETF,主题指数ETF,930851.CSI,,,,,,
2021-01-06,516630.SH,华夏中证云计算与大数据主题ETF,20210903,中证云计算与大数据主题指数,中证云计算与大数据主题指数收益率,华夏基金管理有限公司,中国银行股份有限公司,股票型ETF,主题指数ETF,930851.CSI,,,,,,
2021-01-07,516630.SH,华夏中证云计算与大数据主题ETF,20210903,中证云计算与大数据主题指数,中证云计算与大数据主题指数收益率,华夏基金管理有限公司,中国银行股份有限公司,股票型ETF,主题指数ETF,930851.CSI,,,,,,
2021-01-08,516630.SH,华夏中证云计算与大数据主题ETF,20210903,中证云计算与大数据主题指数,中证云计算与大数据主题指数收益率,华夏基金管理有限公司,中国银行股份有限公司,股票型ETF,主题指数ETF,930851.CSI,,,,,,
2021-01-11,516630.SH,华夏中证云计算与大数据主题ETF,20210903,中证云计算与大数据主题指数,中证云计算与大数据主题指数收益率,华夏基金管理有限公司,中国银行股份有限公司,股票型ETF,主题指数ETF,930851.CSI,,,,,,
2021-01-12,516630.SH,华夏中证云计算与大数据主题ETF,20210903,中证云计算与大数据主题指数,中证云计算与大数据主题指数收益率,华夏基金管理有限公司,中国银行股份有限公司,股票型ETF,主题指数ETF,930851.CSI,,,,,,
2021-01-13,516630.SH,华夏中证云计算与大数据主题ETF,20210903,中证云计算与大数据主题指数,中证云计算与大数据主题指数收益率,华夏基金管理有限公司,中国银行股份有限公司,股票型ETF,主题指数ETF,930851.CSI,,,,,,
2021-01-14,516630.SH,华夏中证云计算与大数据主题ETF,20210903,中证云计算与大数据主题指数,中证云计算与大数据主题指数收益率,华夏基金管理有限公司,中国银行股份有限公司,股票型ETF,主题指数ETF,930851.CSI,,,,,,
2021-01-15,516630.SH,华夏中证云计算与大数据主题ETF,20210903,中证云计算与大数据主题指数,中证云计算与大数据主题指数收益率,华夏基金管理有限公司,中国银行股份有限公司,股票型ETF,主题指数ETF,930851.CSI,,,,,,
2021-01-18,516630.SH,华夏中证云计算与大数据主题ETF,20210903,中证云计算与大数据主题指数,中证云计算与大数据主题指数收益率,华夏基金管理有限公司,中国银行股份有限公司,股票型ETF,主题指数ETF,930851.CSI,,,,,,
2021-01-19,516630.SH,华夏中证云计算与大数据主题ETF,20210903,中证云计算与大数据主题指数,中证云计算与大数据主题指数收益率,华夏基金管理有限公司,中国银行股份有限公司,股票型ETF,主题指数ETF,930851.CSI,,,,,,
2021-01-20,516630.SH,华夏中证云计算与大数据主题ETF,20210903,中证云计算与大数据主题指数,中证云计算与大数据主题指数收益率,华夏基金管理有限公司,中国银行股份有限公司,股票型ETF,主题指数ETF,930851.CSI,,,,,,
2021-01-21,516630.SH,华夏中证云计算与大数据主题ETF,20210903,中证云计算与大数据主题指数,中证云计算与大数据主题指数收益率,华夏基金管理有限公司,中国银行股份有限公司,股票型ETF,主题指数ETF,930851.CSI,,,,,,
2021-01-22,516630.SH,华夏中证云计算与大数据主题ETF,20210903,中证云计算与大数据主题指数,中证云计算与大数据主题指数收益率,华夏基金管理有限公司,中国银行股份有限公司,股票型ETF,主题指数ETF,930851.CSI,,,,,,
2021-01-25,516630.SH,华夏中证云计算与大数据主题ETF,20210903,中证云计算与大数据主题指数,中证云计算与大数据主题指数收益率,华夏基金管理有限公司,中国银行股份有限公司,股票型ETF,主题指数ETF,930851.CSI,,,,,,
2021-01-26,516630.SH,华夏中证云计算与大数据主题ETF,20210903,中证云计算与大数据主题指数,中证云计算与大数据主题指数收益率,华夏基金管理有限公司,中国银行股份有限公司,股票型ETF,主题指数ETF,930851.CSI,,,,,,
2021-01-27,516630.SH,华夏中证云计算与大数据主题ETF,20210903,中证云计算与大数据主题指数,中证云计算与大数据主题指数收益率,华夏基金管理有限公司,中国银行股份有限公司,股票型ETF,主题指数ETF,930851.CSI,,,,,,
2021-01-28,516630.SH,华夏中证云计算与大数据主题ETF,20210903,中证云计算与大数据主题指数,中证云计算与大数据主题指数收益率,华夏基金管理有限公司,中国银行股份有限公司,股票型ETF,主题指数ETF,930851.CSI,,,,,,
2021-01-29,516630.SH,华夏中证云计算与大数据主题ETF,20210903,中证云计算与大数据主题指数,中证云计算与大数据主题指数收益率,华夏基金管理有限公司,中国银行股份有限公司,股票型ETF,主题指数ETF,930851.CSI,,,,,,
2021-02-01,516630.SH,华夏中证云计算与大数据主题ETF,20210903,中证云计算与大数据主题指数,中证云计算与大数据主题指数收益率,华夏基金管理有限公司,中国银行股份有限公司,股票型ETF,主题指数ETF,930851.CSI,,,,,,
2021-02-02,516630.SH,华夏中证云计算与大数据主题ETF,20210903,中证云计算与大数据主题指数,中证云计算与大数据主题指数收益率,华夏基金管理有限公司,中国银行股份有限公司,股票型ETF,主题指数ETF,930851.CSI,,,,,,
2021-02-03,516630.SH,华夏中证云计算与大数据主题ETF,20210903,中证云计算与大数据主题指数,中证云计算与大数据主题指数收益率,华夏基金管理有限公司,中国银行股份有限公司,股票型ETF,主题指数ETF,930851.CSI,,,,,,
2021-02-04,516630.SH,华夏中证云计算与大数据主题ETF,20210903,中证云计算与大数据主题指数,中证云计算与大数据主题指数收益率,华夏基金管理有限公司,中国银行股份有限公司,股票型ETF,主题指数ETF,930851.CSI,,,,,,
2021-02-05,516630.SH,华夏中证云计算与大数据主题ETF,20210903,中证云计算与大数据主题指数,中证云计算与大数据主题指数收益率,华夏基金管理有限公司,中国银行股份有限公司,股票型ETF,主题指数ETF,930851.CSI,,,,,,
2021-02-08,516630.SH,华夏中证云计算与大数据主题ETF,20210903,中证云计算与大数据主题指数,中证云计算与大数据主题指数收益率,华夏基金管理有限公司,中国银行股份有限公司,股票型ETF,主题指数ETF,930851.CSI,,,,,,
2021-02-09,516630.SH,华夏中证云计算与大数据主题ETF,20210903,中证云计算与大数据主题指数,中证云计算与大数据主题指数收益率,华夏基金管理有限公司,中国银行股份有限公司,股票型ETF,主题指数ETF,930851.CSI,,,,,,
2021-02-10,516630.SH,华夏中证云计算与大数据主题ETF,20210903,中证云计算与大数据主题指数,中证云计算与大数据主题指数收益率,华夏基金管理有限公司,中国银行股份有限公司,股票型ETF,主题指数ETF,930851.CSI,,,,,,
2021-02-18,516630.SH,华夏中证云计算与大数据主题ETF,20210903,中证云计算与大数据主题指数,中证云计算与大数据主题指数收益率,华夏基金管理有限公司,中国银行股份有限公司,股票型ETF,主题指数ETF,930851.CSI,,,,,,
2021-02-19,516630.SH,华夏中证云计算与大数据主题ETF,20210903,中证云计算与大数据主题指数,中证云计算与大数据主题指数收益率,华夏基金管理有限公司,中国银行股份有限公司,股票型ETF,主题指数ETF,930851.CSI,,,,,,
2021-02-22,516630.SH,华夏中证云计算与大数据主题ETF,20210903,中证云计算与大数据主题指数,中证云计算与大数据主题指数收益率,华夏基金管理有限公司,中国银行股份有限公司,股票型ETF,主题指数ETF,930851.CSI,,,,,,
2021-02-23,516630.SH,华夏中证云计算与大数据主题ETF,20210903,中证云计算与大数据主题指数,中证云计算与大数据主题指数收益率,华夏基金管理有限公司,中国银行股份有限公司,股票型ETF,主题指数ETF,930851.CSI,,,,,,
2021-02-24,516630.SH,华夏中证云计算与大数据主题ETF,20210903,中证云计算与大数据主题指数,中证云计算与大数据主题指数收益率,华夏基金管理有限公司,中国银行股份有限公司,股票型ETF,主题指数ETF,930851.CSI,,,,,,
2021-02-25,516630.SH,华夏中证云计算与大数据主题ETF,20210903,中证云计算与大数据主题指数,中证云计算与大数据主题指数收益率,华夏基金管理有限公司,中国银行股份有限公司,股票型ETF,主题指数ETF,930851.CSI,,,,,,
2021-02-26,516630.SH,华夏中证云计算与大数据主题ETF,20210903,中证云计算与大数据主题指数,中证云计算与大数据主题指数收益率,华夏基金管理有限公司,中国银行股份有限公司,股票型ETF,主题指数ETF,930851.CSI,,,,,,
2021-03-01,516630.SH,华夏中证云计算与大数据主题ETF,20210903,中证云计算与大数据主题指数,中证云计算与大数据主题指数收益率,华夏基金管理有限公司,中国银行股份有限公司,股票型ETF,主题指数ETF,930851.CSI,,,,,,
2021-03-02,516630.SH,华夏中证云计算与大数据主题ETF,20210903,中证云计算与大数据主题指数,中证云计算与大数据主题指数收益率,华夏基金管理有限公司,中国银行股份有限公司,股票型ETF,主题指数ETF,930851.CSI,,,,,,
2021-03-03,516630.SH,华夏中证云计算与大数据主题ETF,20210903,中证云计算与大数据主题指数,中证云计算与大数据主题指数收益率,华夏基金管理有限公司,中国银行股份有限公司,股票型ETF,主题指数ETF,930851.CSI,,,,,,
2021-03-04,516630.SH,华夏中证云计算与大数据主题ETF,20210903,中证云计算与大数据主题指数,中证云计算与大数据主题指数收益率,华夏基金管理有限公司,中国银行股份有限公司,股票型ETF,主题指数ETF,930851.CSI,,,,,,
2021-03-05,516630.SH,华夏中证云计算与大数据主题ETF,20210903,中证云计算与大数据主题指数,中证云计算与大数据主题指数收益率,华夏基金管理有限公司,中国银行股份有限公司,股票型ETF,主题指数ETF,930851.CSI,,,,,,
2021-03-08,516630.SH,华夏中证云计算与大数据主题ETF,20210903,中证云计算与大数据主题指数,中证云计算与大数据主题指数收益率,华夏基金管理有限公司,中国银行股份有限公司,股票型ETF,主题指数ETF,930851.CSI,,,,,,
2021-03-09,516630.SH,华夏中证云计算与大数据主题ETF,20210903,中证云计算与大数据主题指数,中证云计算与大数据主题指数收益率,华夏基金管理有限公司,中国银行股份有限公司,股票型ETF,主题指数ETF,930851.CSI,,,,,,
2021-03-10,516630.SH,华夏中证云计算与大数据主题ETF,20210903,中证云计算与大数据主题指数,中证云计算与大数据主题指数收益率,华夏基金管理有限公司,中国银行股份有限公司,股票型ETF,主题指数ETF,930851.CSI,,,,,,
2021-03-11,516630.SH,华夏中证云计算与大数据主题ETF,20210903,中证云计算与大数据主题指数,中证云计算与大数据主题指数收益率,华夏基金管理有限公司,中国银行股份有限公司,股票型ETF,主题指数ETF,930851.CSI,,,,,,
2021-03-12,516630.SH,华夏中证云计算与大数据主题ETF,20210903,中证云计算与大数据主题指数,中证云计算与大数据主题指数收益率,华夏基金管理有限公司,中国银行股份有限公司,股票型ETF,主题指数ETF,930851.CSI,,,,,,
2021-03-15,516630.SH,华夏中证云计算与大数据主题ETF,20210903,中证云计算与大数据主题指数,中证云计算与大数据主题指数收益率,华夏基金管理有限公司,中国银行股份有限公司,股票型ETF,主题指数ETF,930851.CSI,,,,,,
2021-03-16,516630.SH,华夏中证云计算与大数据主题ETF,20210903,中证云计算与大数据主题指数,中证云计算与大数据主题指数收益率,华夏基金管理有限公司,中国银行股份有限公司,股票型ETF,主题指数ETF,930851.CSI,,,,,,
2021-03-17,516630.SH,华夏中证云计算与大数据主题ETF,20210903,中证云计算与大数据主题指数,中证云计算与大数据主题指数收益率,华夏基金管理有限公司,中国银行股份有限公司,股票型ETF,主题指数ETF,930851.CSI,,,,,,
2021-03-18,516630.SH,华夏中证云计算与大数据主题ETF,20210903,中证云计算与大数据主题指数,中证云计算与大数据主题指数收益率,华夏基金管理有限公司,中国银行股份有限公司,股票型ETF,主题指数ETF,930851.CSI,,,,,,
2021-03-19,516630.SH,华夏中证云计算与大数据主题ETF,20210903,中证云计算与大数据主题指数,中证云计算与大数据主题指数收益率,华夏基金管理有限公司,中国银行股份有限公司,股票型ETF,主题指数ETF,930851.CSI,,,,,,
2021-03-22,516630.SH,华夏中证云计算与大数据主题ETF,20210903,中证云计算与大数据主题指数,中证云计算与大数据主题指数收益率,华夏基金管理有限公司,中国银行股份有限公司,股票型ETF,主题指数ETF,930851.CSI,,,,,,
2021-03-23,516630.SH,华夏中证云计算与大数据主题ETF,20210903,中证云计算与大数据主题指数,中证云计算与大数据主题指数收益率,华夏基金管理有限公司,中国银行股份有限公司,股票型ETF,主题指数ETF,930851.CSI,,,,,,
2021-03-24,516630.SH,华夏中证云计算与大数据主题ETF,20210903,中证云计算与大数据主题指数,中证云计算与大数据主题指数收益率,华夏基金管理有限公司,中国银行股份有限公司,股票型ETF,主题指数ETF,930851.CSI,,,,,,
2021-03-25,516630.SH,华夏中证云计算与大数据主题ETF,20210903,中证云计算与大数据主题指数,中证云计算与大数据主题指数收益率,华夏基金管理有限公司,中国银行股份有限公司,股票型ETF,主题指数ETF,930851.CSI,,,,,,
2021-03-26,516630.SH,华夏中证云计算与大数据主题ETF,20210903,中证云计算与大数据主题指数,中证云计算与大数据主题指数收益率,华夏基金管理有限公司,中国银行股份有限公司,股票型ETF,主题指数ETF,930851.CSI,,,,,,
2021-03-29,516630.SH,华夏中证云计算与大数据主题ETF,20210903,中证云计算与大数据主题指数,中证云计算与大数据主题指数收益率,华夏基金管理有限公司,中国银行股份有限公司,股票型ETF,主题指数ETF,930851.CSI,,,,,,
2021-03-30,516630.SH,华夏中证云计算与大数据主题ETF,20210903,中证云计算与大数据主题指数,中证云计算与大数据主题指数收益率,华夏基金管理有限公司,中国银行股份有限公司,股票型ETF,主题指数ETF,930851.CSI,,,,,,
2021-03-31,516630.SH,华夏中证云计算与大数据主题ETF,20210903,中证云计算与大数据主题指数,中证云计算与大数据主题指数收益率,华夏基金管理有限公司,中国银行股份有限公司,股票型ETF,主题指数ETF,930851.CSI,,,,,,
2021-04-01,516630.SH,华夏中证云计算与大数据主题ETF,20210903,中证云计算与大数据主题指数,中证云计算与大数据主题指数收益率,华夏基金管理有限公司,中国银行股份有限公司,股票型ETF,主题指数ETF,930851.CSI,,,,,,
2021-04-02,516630.SH,华夏中证云计算与大数据主题ETF,20210903,中证云计算与大数据主题指数,中证云计算与大数据主题指数收益率,华夏基金管理有限公司,中国银行股份有限公司,股票型ETF,主题指数ETF,930851.CSI,,,,,,
2021-04-06,516630.SH,华夏中证云计算与大数据主题ETF,20210903,中证云计算与大数据主题指数,中证云计算与大数据主题指数收益率,华夏基金管理有限公司,中国银行股份有限公司,股票型ETF,主题指数ETF,930851.CSI,,,,,,
2021-04-07,516630.SH,华夏中证云计算与大数据主题ETF,20210903,中证云计算与大数据主题指数,中证云计算与大数据主题指数收益率,华夏基金管理有限公司,中国银行股份有限公司,股票型ETF,主题指数ETF,930851.CSI,,,,,,
2021-04-08,516630.SH,华夏中证云计算与大数据主题ETF,20210903,中证云计算与大数据主题指数,中证云计算与大数据主题指数收益率,华夏基金管理有限公司,中国银行股份有限公司,股票型ETF,主题指数ETF,930851.CSI,,,,,,
2021-04-09,516630.SH,华夏中证云计算与大数据主题ETF,20210903,中证云计算与大数据主题指数,中证云计算与大数据主题指数收益率,华夏基金管理有限公司,中国银行股份有限公司,股票型ETF,主题指数ETF,930851.CSI,,,,,,
2021-04-12,516630.SH,华夏中证云计算与大数据主题ETF,20210903,中证云计算与大数据主题指数,中证云计算与大数据主题指数收益率,华夏基金管理有限公司,中国银行股份有限公司,股票型ETF,主题指数ETF,930851.CSI,,,,,,
2021-04-13,516630.SH,华夏中证云计算与大数据主题ETF,20210903,中证云计算与大数据主题指数,中证云计算与大数据主题指数收益率,华夏基金管理有限公司,中国银行股份有限公司,股票型ETF,主题指数ETF,930851.CSI,,,,,,
2021-04-14,516630.SH,华夏中证云计算与大数据主题ETF,20210903,中证云计算与大数据主题指数,中证云计算与大数据主题指数收益率,华夏基金管理有限公司,中国银行股份有限公司,股票型ETF,主题指数ETF,930851.CSI,,,,,,
2021-04-15,516630.SH,华夏中证云计算与大数据主题ETF,20210903,中证云计算与大数据主题指数,中证云计算与大数据主题指数收益率,华夏基金管理有限公司,中国银行股份有限公司,股票型ETF,主题指数ETF,930851.CSI,,,,,,
2021-04-16,516630.SH,华夏中证云计算与大数据主题ETF,20210903,中证云计算与大数据主题指数,中证云计算与大数据主题指数收益率,华夏基金管理有限公司,中国银行股份有限公司,股票型ETF,主题指数ETF,930851.CSI,,,,,,
2021-04-19,516630.SH,华夏中证云计算与大数据主题ETF,20210903,中证云计算与大数据主题指数,中证云计算与大数据主题指数收益率,华夏基金管理有限公司,中国银行股份有限公司,股票型ETF,主题指数ETF,930851.CSI,,,,,,
2021-04-20,516630.SH,华夏中证云计算与大数据主题ETF,20210903,中证云计算与大数据主题指数,中证云计算与大数据主题指数收益率,华夏基金管理有限公司,中国银行股份有限公司,股票型ETF,主题指数ETF,930851.CSI,,,,,,
2021-04-21,516630.SH,华夏中证云计算与大数据主题ETF,20210903,中证云计算与大数据主题指数,中证云计算与大数据主题指数收益率,华夏基金管理有限公司,中国银行股份有限公司,股票型ETF,主题指数ETF,930851.CSI,,,,,,
2021-04-22,516630.SH,华夏中证云计算与大数据主题ETF,20210903,中证云计算与大数据主题指数,中证云计算与大数据主题指数收益率,华夏基金管理有限公司,中国银行股份有限公司,股票型ETF,主题指数ETF,930851.CSI,,,,,,
2021-04-23,516630.SH,华夏中证云计算与大数据主题ETF,20210903,中证云计算与大数据主题指数,中证云计算与大数据主题指数收益率,华夏基金管理有限公司,中国银行股份有限公司,股票型ETF,主题指数ETF,930851.CSI,,,,,,
2021-04-26,516630.SH,华夏中证云计算与大数据主题ETF,20210903,中证云计算与大数据主题指数,中证云计算与大数据主题指数收益率,华夏基金管理有限公司,中国银行股份有限公司,股票型ETF,主题指数ETF,930851.CSI,,,,,,
2021-04-27,516630.SH,华夏中证云计算与大数据主题ETF,20210903,中证云计算与大数据主题指数,中证云计算与大数据主题指数收益率,华夏基金管理有限公司,中国银行股份有限公司,股票型ETF,主题指数ETF,930851.CSI,,,,,,
2021-04-28,516630.SH,华夏中证云计算与大数据主题ETF,20210903,中证云计算与大数据主题指数,中证云计算与大数据主题指数收益率,华夏基金管理有限公司,中国银行股份有限公司,股票型ETF,主题指数ETF,930851.CSI,,,,,,
2021-04-29,516630.SH,华夏中证云计算与大数据主题ETF,20210903,中证云计算与大数据主题指数,中证云计算与大数据主题指数收益率,华夏基金管理有限公司,中国银行股份有限公司,股票型ETF,主题指数ETF,930851.CSI,,,,,,
2021-04-30,516630.SH,华夏中证云计算与大数据主题ETF,20210903,中证云计算与大数据主题指数,中证云计算与大数据主题指数收益率,华夏基金管理有限公司,中国银行股份有限公司,股票型ETF,主题指数ETF,930851.CSI,,,,,,
2021-05-06,516630.SH,华夏中证云计算与大数据主题ETF,20210903,中证云计算与大数据主题指数,中证云计算与大数据主题指数收益率,华夏基金管理有限公司,中国银行股份有限公司,股票型ETF,主题指数ETF,930851.CSI,,,,,,
2021-05-07,516630.SH,华夏中证云计算与大数据主题ETF,20210903,中证云计算与大数据主题指数,中证云计算与大数据主题指数收益率,华夏基金管理有限公司,中国银行股份有限公司,股票型ETF,主题指数ETF,930851.CSI,,,,,,
2021-05-10,516630.SH,华夏中证云计算与大数据主题ETF,20210903,中证云计算与大数据主题指数,中证云计算与大数据主题指数收益率,华夏基金管理有限公司,中国银行股份有限公司,股票型ETF,主题指数ETF,930851.CSI,,,,,,
2021-05-11,516630.SH,华夏中证云计算与大数据主题ETF,20210903,中证云计算与大数据主题指数,中证云计算与大数据主题指数收益率,华夏基金管理有限公司,中国银行股份有限公司,股票型ETF,主题指数ETF,930851.CSI,,,,,,
2021-05-12,516630.SH,华夏中证云计算与大数据主题ETF,20210903,中证云计算与大数据主题指数,中证云计算与大数据主题指数收益率,华夏基金管理有限公司,中国银行股份有限公司,股票型ETF,主题指数ETF,930851.CSI,,,,,,
2021-05-13,516630.SH,华夏中证云计算与大数据主题ETF,20210903,中证云计算与大数据主题指数,中证云计算与大数据主题指数收益率,华夏基金管理有限公司,中国银行股份有限公司,股票型ETF,主题指数ETF,930851.CSI,,,,,,
2021-05-14,516630.SH,华夏中证云计算与大数据主题ETF,20210903,中证云计算与大数据主题指数,中证云计算与大数据主题指数收益率,华夏基金管理有限公司,中国银行股份有限公司,股票型ETF,主题指数ETF,930851.CSI,,,,,,
2021-05-17,516630.SH,华夏中证云计算与大数据主题ETF,20210903,中证云计算与大数据主题指数,中证云计算与大数据主题指数收益率,华夏基金管理有限公司,中国银行股份有限公司,股票型ETF,主题指数ETF,930851.CSI,,,,,,
2021-05-18,516630.SH,华夏中证云计算与大数据主题ETF,20210903,中证云计算与大数据主题指数,中证云计算与大数据主题指数收益率,华夏基金管理有限公司,中国银行股份有限公司,股票型ETF,主题指数ETF,930851.CSI,,,,,,
2021-05-19,516630.SH,华夏中证云计算与大数据主题ETF,20210903,中证云计算与大数据主题指数,中证云计算与大数据主题指数收益率,华夏基金管理有限公司,中国银行股份有限公司,股票型ETF,主题指数ETF,930851.CSI,,,,,,
2021-05-20,516630.SH,华夏中证云计算与大数据主题ETF,20210903,中证云计算与大数据主题指数,中证云计算与大数据主题指数收益率,华夏基金管理有限公司,中国银行股份有限公司,股票型ETF,主题指数ETF,930851.CSI,,,,,,
2021-05-21,516630.SH,华夏中证云计算与大数据主题ETF,20210903,中证云计算与大数据主题指数,中证云计算与大数据主题指数收益率,华夏基金管理有限公司,中国银行股份有限公司,股票型ETF,主题指数ETF,930851.CSI,,,,,,
2021-05-24,516630.SH,华夏中证云计算与大数据主题ETF,20210903,中证云计算与大数据主题指数,中证云计算与大数据主题指数收益率,华夏基金管理有限公司,中国银行股份有限公司,股票型ETF,主题指数ETF,930851.CSI,,,,,,
2021-05-25,516630.SH,华夏中证云计算与大数据主题ETF,20210903,中证云计算与大数据主题指数,中证云计算与大数据主题指数收益率,华夏基金管理有限公司,中国银行股份有限公司,股票型ETF,主题指数ETF,930851.CSI,,,,,,
2021-05-26,516630.SH,华夏中证云计算与大数据主题ETF,20210903,中证云计算与大数据主题指数,中证云计算与大数据主题指数收益率,华夏基金管理有限公司,中国银行股份有限公司,股票型ETF,主题指数ETF,930851.CSI,,,,,,
2021-05-27,516630.SH,华夏中证云计算与大数据主题ETF,20210903,中证云计算与大数据主题指数,中证云计算与大数据主题指数收益率,华夏基金管理有限公司,中国银行股份有限公司,股票型ETF,主题指数ETF,930851.CSI,,,,,,
2021-05-28,516630.SH,华夏中证云计算与大数据主题ETF,20210903,中证云计算与大数据主题指数,中证云计算与大数据主题指数收益率,华夏基金管理有限公司,中国银行股份有限公司,股票型ETF,主题指数ETF,930851.CSI,,,,,,
2021-05-31,516630.SH,华夏中证云计算与大数据主题ETF,20210903,中证云计算与大数据主题指数,中证云计算与大数据主题指数收益率,华夏基金管理有限公司,中国银行股份有限公司,股票型ETF,主题指数ETF,930851.CSI,,,,,,
2021-06-01,516630.SH,华夏中证云计算与大数据主题ETF,20210903,中证云计算与大数据主题指数,中证云计算与大数据主题指数收益率,华夏基金管理有限公司,中国银行股份有限公司,股票型ETF,主题指数ETF,930851.CSI,,,,,,
2021-06-02,516630.SH,华夏中证云计算与大数据主题ETF,20210903,中证云计算与大数据主题指数,中证云计算与大数据主题指数收益率,华夏基金管理有限公司,中国银行股份有限公司,股票型ETF,主题指数ETF,930851.CSI,,,,,,
2021-06-03,516630.SH,华夏中证云计算与大数据主题ETF,20210903,中证云计算与大数据主题指数,中证云计算与大数据主题指数收益率,华夏基金管理有限公司,中国银行股份有限公司,股票型ETF,主题指数ETF,930851.CSI,,,,,,
2021-06-04,516630.SH,华夏中证云计算与大数据主题ETF,20210903,中证云计算与大数据主题指数,中证云计算与大数据主题指数收益率,华夏基金管理有限公司,中国银行股份有限公司,股票型ETF,主题指数ETF,930851.CSI,,,,,,
2021-06-07,516630.SH,华夏中证云计算与大数据主题ETF,20210903,中证云计算与大数据主题指数,中证云计算与大数据主题指数收益率,华夏基金管理有限公司,中国银行股份有限公司,股票型ETF,主题指数ETF,930851.CSI,,,,,,
2021-06-08,516630.SH,华夏中证云计算与大数据主题ETF,20210903,中证云计算与大数据主题指数,中证云计算与大数据主题指数收益率,华夏基金管理有限公司,中国银行股份有限公司,股票型ETF,主题指数ETF,930851.CSI,,,,,,
2021-06-09,516630.SH,华夏中证云计算与大数据主题ETF,20210903,中证云计算与大数据主题指数,中证云计算与大数据主题指数收益率,华夏基金管理有限公司,中国银行股份有限公司,股票型ETF,主题指数ETF,930851.CSI,,,,,,
2021-06-10,516630.SH,华夏中证云计算与大数据主题ETF,20210903,中证云计算与大数据主题指数,中证云计算与大数据主题指数收益率,华夏基金管理有限公司,中国银行股份有限公司,股票型ETF,主题指数ETF,930851.CSI,,,,,,
2021-06-11,516630.SH,华夏中证云计算与大数据主题ETF,20210903,中证云计算与大数据主题指数,中证云计算与大数据主题指数收益率,华夏基金管理有限公司,中国银行股份有限公司,股票型ETF,主题指数ETF,930851.CSI,,,,,,
2021-06-15,516630.SH,华夏中证云计算与大数据主题ETF,20210903,中证云计算与大数据主题指数,中证云计算与大数据主题指数收益率,华夏基金管理有限公司,中国银行股份有限公司,股票型ETF,主题指数ETF,930851.CSI,,,,,,
2021-06-16,516630.SH,华夏中证云计算与大数据主题ETF,20210903,中证云计算与大数据主题指数,中证云计算与大数据主题指数收益率,华夏基金管理有限公司,中国银行股份有限公司,股票型ETF,主题指数ETF,930851.CSI,,,,,,
2021-06-17,516630.SH,华夏中证云计算与大数据主题ETF,20210903,中证云计算与大数据主题指数,中证云计算与大数据主题指数收益率,华夏基金管理有限公司,中国银行股份有限公司,股票型ETF,主题指数ETF,930851.CSI,,,,,,
2021-06-18,516630.SH,华夏中证云计算与大数据主题ETF,20210903,中证云计算与大数据主题指数,中证云计算与大数据主题指数收益率,华夏基金管理有限公司,中国银行股份有限公司,股票型ETF,主题指数ETF,930851.CSI,,,,,,
2021-06-21,516630.SH,华夏中证云计算与大数据主题ETF,20210903,中证云计算与大数据主题指数,中证云计算与大数据主题指数收益率,华夏基金管理有限公司,中国银行股份有限公司,股票型ETF,主题指数ETF,930851.CSI,,,,,,
2021-06-22,516630.SH,华夏中证云计算与大数据主题ETF,20210903,中证云计算与大数据主题指数,中证云计算与大数据主题指数收益率,华夏基金管理有限公司,中国银行股份有限公司,股票型ETF,主题指数ETF,930851.CSI,,,,,,
2021-06-23,516630.SH,华夏中证云计算与大数据主题ETF,20210903,中证云计算与大数据主题指数,中证云计算与大数据主题指数收益率,华夏基金管理有限公司,中国银行股份有限公司,股票型ETF,主题指数ETF,930851.CSI,,,,,,
2021-06-24,516630.SH,华夏中证云计算与大数据主题ETF,20210903,中证云计算与大数据主题指数,中证云计算与大数据主题指数收益率,华夏基金管理有限公司,中国银行股份有限公司,股票型ETF,主题指数ETF,930851.CSI,,,,,,
2021-06-25,516630.SH,华夏中证云计算与大数据主题ETF,20210903,中证云计算与大数据主题指数,中证云计算与大数据主题指数收益率,华夏基金管理有限公司,中国银行股份有限公司,股票型ETF,主题指数ETF,930851.CSI,,,,,,
2021-06-28,516630.SH,华夏中证云计算与大数据主题ETF,20210903,中证云计算与大数据主题指数,中证云计算与大数据主题指数收益率,华夏基金管理有限公司,中国银行股份有限公司,股票型ETF,主题指数ETF,930851.CSI,,,,,,
2021-06-29,516630.SH,华夏中证云计算与大数据主题ETF,20210903,中证云计算与大数据主题指数,中证云计算与大数据主题指数收益率,华夏基金管理有限公司,中国银行股份有限公司,股票型ETF,主题指数ETF,930851.CSI,,,,,,
2021-06-30,516630.SH,华夏中证云计算与大数据主题ETF,20210903,中证云计算与大数据主题指数,中证云计算与大数据主题指数收益率,华夏基金管理有限公司,中国银行股份有限公司,股票型ETF,主题指数ETF,930851.CSI,,,,,,
2021-07-01,516630.SH,华夏中证云计算与大数据主题ETF,20210903,中证云计算与大数据主题指数,中证云计算与大数据主题指数收益率,华夏基金管理有限公司,中国银行股份有限公司,股票型ETF,主题指数ETF,930851.CSI,,,,,,
2021-07-02,516630.SH,华夏中证云计算与大数据主题ETF,20210903,中证云计算与大数据主题指数,中证云计算与大数据主题指数收益率,华夏基金管理有限公司,中国银行股份有限公司,股票型ETF,主题指数ETF,930851.CSI,,,,,,
2021-07-05,516630.SH,华夏中证云计算与大数据主题ETF,20210903,中证云计算与大数据主题指数,中证云计算与大数据主题指数收益率,华夏基金管理有限公司,中国银行股份有限公司,股票型ETF,主题指数ETF,930851.CSI,,,,,,
2021-07-06,516630.SH,华夏中证云计算与大数据主题ETF,20210903,中证云计算与大数据主题指数,中证云计算与大数据主题指数收益率,华夏基金管理有限公司,中国银行股份有限公司,股票型ETF,主题指数ETF,930851.CSI,,,,,,
2021-07-07,516630.SH,华夏中证云计算与大数据主题ETF,20210903,中证云计算与大数据主题指数,中证云计算与大数据主题指数收益率,华夏基金管理有限公司,中国银行股份有限公司,股票型ETF,主题指数ETF,930851.CSI,,,,,,
2021-07-08,516630.SH,华夏中证云计算与大数据主题ETF,20210903,中证云计算与大数据主题指数,中证云计算与大数据主题指数收益率,华夏基金管理有限公司,中国银行股份有限公司,股票型ETF,主题指数ETF,930851.CSI,,,,,,
2021-07-09,516630.SH,华夏中证云计算与大数据主题ETF,20210903,中证云计算与大数据主题指数,中证云计算与大数据主题指数收益率,华夏基金管理有限公司,中国银行股份有限公司,股票型ETF,主题指数ETF,930851.CSI,,,,,,
2021-07-12,516630.SH,华夏中证云计算与大数据主题ETF,20210903,中证云计算与大数据主题指数,中证云计算与大数据主题指数收益率,华夏基金管理有限公司,中国银行股份有限公司,股票型ETF,主题指数ETF,930851.CSI,,,,,,
2021-07-13,516630.SH,华夏中证云计算与大数据主题ETF,20210903,中证云计算与大数据主题指数,中证云计算与大数据主题指数收益率,华夏基金管理有限公司,中国银行股份有限公司,股票型ETF,主题指数ETF,930851.CSI,,,,,,
2021-07-14,516630.SH,华夏中证云计算与大数据主题ETF,20210903,中证云计算与大数据主题指数,中证云计算与大数据主题指数收益率,华夏基金管理有限公司,中国银行股份有限公司,股票型ETF,主题指数ETF,930851.CSI,,,,,,
2021-07-15,516630.SH,华夏中证云计算与大数据主题ETF,20210903,中证云计算与大数据主题指数,中证云计算与大数据主题指数收益率,华夏基金管理有限公司,中国银行股份有限公司,股票型ETF,主题指数ETF,930851.CSI,,,,,,
2021-07-16,516630.SH,华夏中证云计算与大数据主题ETF,20210903,中证云计算与大数据主题指数,中证云计算与大数据主题指数收益率,华夏基金管理有限公司,中国银行股份有限公司,股票型ETF,主题指数ETF,930851.CSI,,,,,,
2021-07-19,516630.SH,华夏中证云计算与大数据主题ETF,20210903,中证云计算与大数据主题指数,中证云计算与大数据主题指数收益率,华夏基金管理有限公司,中国银行股份有限公司,股票型ETF,主题指数ETF,930851.CSI,,,,,,
2021-07-20,516630.SH,华夏中证云计算与大数据主题ETF,20210903,中证云计算与大数据主题指数,中证云计算与大数据主题指数收益率,华夏基金管理有限公司,中国银行股份有限公司,股票型ETF,主题指数ETF,930851.CSI,,,,,,
2021-07-21,516630.SH,华夏中证云计算与大数据主题ETF,20210903,中证云计算与大数据主题指数,中证云计算与大数据主题指数收益率,华夏基金管理有限公司,中国银行股份有限公司,股票型ETF,主题指数ETF,930851.CSI,,,,,,
2021-07-22,516630.SH,华夏中证云计算与大数据主题ETF,20210903,中证云计算与大数据主题指数,中证云计算与大数据主题指数收益率,华夏基金管理有限公司,中国银行股份有限公司,股票型ETF,主题指数ETF,930851.CSI,,,,,,
2021-07-23,516630.SH,华夏中证云计算与大数据主题ETF,20210903,中证云计算与大数据主题指数,中证云计算与大数据主题指数收益率,华夏基金管理有限公司,中国银行股份有限公司,股票型ETF,主题指数ETF,930851.CSI,,,,,,
2021-07-26,516630.SH,华夏中证云计算与大数据主题ETF,20210903,中证云计算与大数据主题指数,中证云计算与大数据主题指数收益率,华夏基金管理有限公司,中国银行股份有限公司,股票型ETF,主题指数ETF,930851.CSI,,,,,,
2021-07-27,516630.SH,华夏中证云计算与大数据主题ETF,20210903,中证云计算与大数据主题指数,中证云计算与大数据主题指数收益率,华夏基金管理有限公司,中国银行股份有限公司,股票型ETF,主题指数ETF,930851.CSI,,,,,,
2021-07-28,516630.SH,华夏中证云计算与大数据主题ETF,20210903,中证云计算与大数据主题指数,中证云计算与大数据主题指数收益率,华夏基金管理有限公司,中国银行股份有限公司,股票型ETF,主题指数ETF,930851.CSI,,,,,,
2021-07-29,516630.SH,华夏中证云计算与大数据主题ETF,20210903,中证云计算与大数据主题指数,中证云计算与大数据主题指数收益率,华夏基金管理有限公司,中国银行股份有限公司,股票型ETF,主题指数ETF,930851.CSI,,,,,,
2021-07-30,516630.SH,华夏中证云计算与大数据主题ETF,20210903,中证云计算与大数据主题指数,中证云计算与大数据主题指数收益率,华夏基金管理有限公司,中国银行股份有限公司,股票型ETF,主题指数ETF,930851.CSI,,,,,,
2021-08-02,516630.SH,华夏中证云计算与大数据主题ETF,20210903,中证云计算与大数据主题指数,中证云计算与大数据主题指数收益率,华夏基金管理有限公司,中国银行股份有限公司,股票型ETF,主题指数ETF,930851.CSI,,,,,,
2021-08-03,516630.SH,华夏中证云计算与大数据主题ETF,20210903,中证云计算与大数据主题指数,中证云计算与大数据主题指数收益率,华夏基金管理有限公司,中国银行股份有限公司,股票型ETF,主题指数ETF,930851.CSI,,,,,,
2021-08-04,516630.SH,华夏中证云计算与大数据主题ETF,20210903,中证云计算与大数据主题指数,中证云计算与大数据主题指数收益率,华夏基金管理有限公司,中国银行股份有限公司,股票型ETF,主题指数ETF,930851.CSI,,,,,,
2021-08-05,516630.SH,华夏中证云计算与大数据主题ETF,20210903,中证云计算与大数据主题指数,中证云计算与大数据主题指数收益率,华夏基金管理有限公司,中国银行股份有限公司,股票型ETF,主题指数ETF,930851.CSI,,,,,,
2021-08-06,516630.SH,华夏中证云计算与大数据主题ETF,20210903,中证云计算与大数据主题指数,中证云计算与大数据主题指数收益率,华夏基金管理有限公司,中国银行股份有限公司,股票型ETF,主题指数ETF,930851.CSI,,,,,,
2021-08-09,516630.SH,华夏中证云计算与大数据主题ETF,20210903,中证云计算与大数据主题指数,中证云计算与大数据主题指数收益率,华夏基金管理有限公司,中国银行股份有限公司,股票型ETF,主题指数ETF,930851.CSI,,,,,,
2021-08-10,516630.SH,华夏中证云计算与大数据主题ETF,20210903,中证云计算与大数据主题指数,中证云计算与大数据主题指数收益率,华夏基金管理有限公司,中国银行股份有限公司,股票型ETF,主题指数ETF,930851.CSI,,,,,,
2021-08-11,516630.SH,华夏中证云计算与大数据主题ETF,20210903,中证云计算与大数据主题指数,中证云计算与大数据主题指数收益率,华夏基金管理有限公司,中国银行股份有限公司,股票型ETF,主题指数ETF,930851.CSI,,,,,,
2021-08-12,516630.SH,华夏中证云计算与大数据主题ETF,20210903,中证云计算与大数据主题指数,中证云计算与大数据主题指数收益率,华夏基金管理有限公司,中国银行股份有限公司,股票型ETF,主题指数ETF,930851.CSI,,,,,,
2021-08-13,516630.SH,华夏中证云计算与大数据主题ETF,20210903,中证云计算与大数据主题指数,中证云计算与大数据主题指数收益率,华夏基金管理有限公司,中国银行股份有限公司,股票型ETF,主题指数ETF,930851.CSI,,,,,,
2021-08-16,516630.SH,华夏中证云计算与大数据主题ETF,20210903,中证云计算与大数据主题指数,中证云计算与大数据主题指数收益率,华夏基金管理有限公司,中国银行股份有限公司,股票型ETF,主题指数ETF,930851.CSI,,,,,,
2021-08-17,516630.SH,华夏中证云计算与大数据主题ETF,20210903,中证云计算与大数据主题指数,中证云计算与大数据主题指数收益率,华夏基金管理有限公司,中国银行股份有限公司,股票型ETF,主题指数ETF,930851.CSI,,,,,,
2021-08-18,516630.SH,华夏中证云计算与大数据主题ETF,20210903,中证云计算与大数据主题指数,中证云计算与大数据主题指数收益率,华夏基金管理有限公司,中国银行股份有限公司,股票型ETF,主题指数ETF,930851.CSI,,,,,,
2021-08-19,516630.SH,华夏中证云计算与大数据主题ETF,20210903,中证云计算与大数据主题指数,中证云计算与大数据主题指数收益率,华夏基金管理有限公司,中国银行股份有限公司,股票型ETF,主题指数ETF,930851.CSI,,,,,,
2021-08-20,516630.SH,华夏中证云计算与大数据主题ETF,20210903,中证云计算与大数据主题指数,中证云计算与大数据主题指数收益率,华夏基金管理有限公司,中国银行股份有限公司,股票型ETF,主题指数ETF,930851.CSI,,,,,,
2021-08-23,516630.SH,华夏中证云计算与大数据主题ETF,20210903,中证云计算与大数据主题指数,中证云计算与大数据主题指数收益率,华夏基金管理有限公司,中国银行股份有限公司,股票型ETF,主题指数ETF,930851.CSI,,,,,,
2021-08-24,516630.SH,华夏中证云计算与大数据主题ETF,20210903,中证云计算与大数据主题指数,中证云计算与大数据主题指数收益率,华夏基金管理有限公司,中国银行股份有限公司,股票型ETF,主题指数ETF,930851.CSI,269156000.0,,,,,
2021-08-25,516630.SH,华夏中证云计算与大数据主题ETF,20210903,中证云计算与大数据主题指数,中证云计算与大数据主题指数收益率,华夏基金管理有限公司,中国银行股份有限公司,股票型ETF,主题指数ETF,930851.CSI,269156000.0,,,,,
2021-08-26,516630.SH,华夏中证云计算与大数据主题ETF,20210903,中证云计算与大数据主题指数,中证云计算与大数据主题指数收益率,华夏基金管理有限公司,中国银行股份有限公司,股票型ETF,主题指数ETF,930851.CSI,269156000.0,,,,,
2021-08-27,516630.SH,华夏中证云计算与大数据主题ETF,20210903,中证云计算与大数据主题指数,中证云计算与大数据主题指数收益率,华夏基金管理有限公司,中国银行股份有限公司,股票型ETF,主题指数ETF,930851.CSI,269156000.0,,,,,
2021-08-30,516630.SH,华夏中证云计算与大数据主题ETF,20210903,中证云计算与大数据主题指数,中证云计算与大数据主题指数收益率,华夏基金管理有限公司,中国银行股份有限公司,股票型ETF,主题指数ETF,930851.CSI,269156000.0,,,,,
2021-08-31,516630.SH,华夏中证云计算与大数据主题ETF,20210903,中证云计算与大数据主题指数,中证云计算与大数据主题指数收益率,华夏基金管理有限公司,中国银行股份有限公司,股票型ETF,主题指数ETF,930851.CSI,269156000.0,,,,,
2021-09-01,516630.SH,华夏中证云计算与大数据主题ETF,20210903,中证云计算与大数据主题指数,中证云计算与大数据主题指数收益率,华夏基金管理有限公司,中国银行股份有限公司,股票型ETF,主题指数ETF,930851.CSI,269156000.0,,,,,
2021-09-02,516630.SH,华夏中证云计算与大数据主题ETF,20210903,中证云计算与大数据主题指数,中证云计算与大数据主题指数收益率,华夏基金管理有限公司,中国银行股份有限公司,股票型ETF,主题指数ETF,930851.CSI,266087621.6,,,,,
2021-09-03,516630.SH,华夏中证云计算与大数据主题ETF,20210903,中证云计算与大数据主题指数,中证云计算与大数据主题指数收益率,华夏基金管理有限公司,中国银行股份有限公司,股票型ETF,主题指数ETF,930851.CSI,269048337.6,36132400,36153094,0.998,1.0005727269708,-0.160064026
2021-09-06,516630.SH,华夏中证云计算与大数据主题ETF,20210903,中证云计算与大数据主题指数,中证云计算与大数据主题指数收益率,华夏基金管理有限公司,中国银行股份有限公司,股票型ETF,主题指数ETF,930851.CSI,210967670.4,35972000,36354668,1.013,1.0106379406205,-0.530243519
2021-09-07,516630.SH,华夏中证云计算与大数据主题ETF,20210903,中证云计算与大数据主题指数,中证云计算与大数据主题指数收益率,华夏基金管理有限公司,中国银行股份有限公司,股票型ETF,主题指数ETF,930851.CSI,187185432.0,26263300,26736555,1.02,1.0180196319579,-0.195694716
2021-09-08,516630.SH,华夏中证云计算与大数据主题ETF,20210903,中证云计算与大数据主题指数,中证云计算与大数据主题指数收益率,华夏基金管理有限公司,中国银行股份有限公司,股票型ETF,主题指数ETF,930851.CSI,166453134.0,23810500,24324756,1.024,1.0215978664875,-0.24354603
2021-09-09,516630.SH,华夏中证云计算与大数据主题ETF,20210903,中证云计算与大数据主题指数,中证云计算与大数据主题指数收益率,华夏基金管理有限公司,中国银行股份有限公司,股票型ETF,主题指数ETF,930851.CSI,165130187.6,3147200,3188414,1.008,1.0130954499237,-0.40509831
2021-09-10,516630.SH,华夏中证云计算与大数据主题ETF,20210903,中证云计算与大数据主题指数,中证云计算与大数据主题指数收益率,华夏基金管理有限公司,中国银行股份有限公司,股票型ETF,主题指数ETF,930851.CSI,163557224.4,4410900,4462594,1.012,1.011719603709,-0.285742438
2021-09-13,516630.SH,华夏中证云计算与大数据主题ETF,20210903,中证云计算与大数据主题指数,中证云计算与大数据主题指数收益率,华夏基金管理有限公司,中国银行股份有限公司,股票型ETF,主题指数ETF,930851.CSI,159633468.0,4755200,4766559,1.004,1.0023887533647,0.099700897
2021-09-14,516630.SH,华夏中证云计算与大数据主题ETF,20210903,中证云计算与大数据主题指数,中证云计算与大数据主题指数收益率,华夏基金管理有限公司,中国银行股份有限公司,股票型ETF,主题指数ETF,930851.CSI,155636983.6,5203400,5268494,1.007,1.0125098973748,0.388794736
2021-09-15,516630.SH,华夏中证云计算与大数据主题ETF,20210903,中证云计算与大数据主题指数,中证云计算与大数据主题指数收益率,华夏基金管理有限公司,中国银行股份有限公司,股票型ETF,主题指数ETF,930851.CSI,156731678.8,3650600,3640638,0.999,0.9972711335123,0.170460243
2021-09-16,516630.SH,华夏中证云计算与大数据主题ETF,20210903,中证云计算与大数据主题指数,中证云计算与大数据主题指数收益率,华夏基金管理有限公司,中国银行股份有限公司,股票型ETF,主题指数ETF,930851.CSI,155720397.6,3285700,3250690,0.982,0.98934473628146,-0.264066626
2021-09-17,516630.SH,华夏中证云计算与大数据主题ETF,20210903,中证云计算与大数据主题指数,中证云计算与大数据主题指数收益率,华夏基金管理有限公司,中国银行股份有限公司,股票型ETF,主题指数ETF,930851.CSI,156482179.2,2660100,2600750,0.98,0.9776888086914,-0.32546786
2021-09-22,516630.SH,华夏中证云计算与大数据主题ETF,20210903,中证云计算与大数据主题指数,中证云计算与大数据主题指数收益率,华夏基金管理有限公司,中国银行股份有限公司,股票型ETF,主题指数ETF,930851.CSI,156068373.6,1088200,1063173,0.979,0.97700147031796,-0.163165409
2021-09-23,516630.SH,华夏中证云计算与大数据主题ETF,20210903,中证云计算与大数据主题指数,中证云计算与大数据主题指数收益率,华夏基金管理有限公司,中国银行股份有限公司,股票型ETF,主题指数ETF,930851.CSI,157517458.8,4285400,4281470,1,0.9990829327484,-0.229472214
2021-09-24,516630.SH,华夏中证云计算与大数据主题ETF,20210903,中证云计算与大数据主题指数,中证云计算与大数据主题指数收益率,华夏基金管理有限公司,中国银行股份有限公司,股票型ETF,主题指数ETF,930851.CSI,154942195.6,4500000,4536287,1.001,1.0080637777778,-0.40791961
2021-09-27,516630.SH,华夏中证云计算与大数据主题ETF,20210903,中证云计算与大数据主题指数,中证云计算与大数据主题指数收益率,华夏基金管理有限公司,中国银行股份有限公司,股票型ETF,主题指数ETF,930851.CSI,151462357.2,5775900,5864355,1.007,1.0153144964421,-0.168533756
2021-09-28,516630.SH,华夏中证云计算与大数据主题ETF,20210903,中证云计算与大数据主题指数,中证云计算与大数据主题指数收益率,华夏基金管理有限公司,中国银行股份有限公司,股票型ETF,主题指数ETF,930851.CSI,145533405.6,2669500,2674045,1,1.0017025660236,-0.259325753
2021-09-29,516630.SH,华夏中证云计算与大数据主题ETF,20210903,中证云计算与大数据主题指数,中证云计算与大数据主题指数收益率,华夏基金管理有限公司,中国银行股份有限公司,股票型ETF,主题指数ETF,930851.CSI,142180302.0,1292600,1272402,0.982,0.98437412966115,0.255232261
2021-09-30,516630.SH,华夏中证云计算与大数据主题ETF,20210903,中证云计算与大数据主题指数,中证云计算与大数据主题指数收益率,华夏基金管理有限公司,中国银行股份有限公司,股票型ETF,主题指数ETF,930851.CSI,145678561.6,1097200,1094658,1,0.99768319358367,-0.358708649
2021-10-08,516630.SH,华夏中证云计算与大数据主题ETF,20210903,中证云计算与大数据主题指数,中证云计算与大数据主题指数收益率,华夏基金管理有限公司,中国银行股份有限公司,股票型ETF,主题指数ETF,930851.CSI,139844257.6,9009700,9154356,1.016,1.0160555845367,-0.353079639
2021-10-11,516630.SH,华夏中证云计算与大数据主题ETF,20210903,中证云计算与大数据主题指数,中证云计算与大数据主题指数收益率,华夏基金管理有限公司,中国银行股份有限公司,股票型ETF,主题指数ETF,930851.CSI,134006184.0,6093100,6177238,1.012,1.0138087344701,-0.197238659
2021-10-12,516630.SH,华夏中证云计算与大数据主题ETF,20210903,中证云计算与大数据主题指数,中证云计算与大数据主题指数收益率,华夏基金管理有限公司,中国银行股份有限公司,股票型ETF,主题指数ETF,930851.CSI,130972381.6,885400,885863,0.998,1.0005229274904,-0.060084118
2021-10-13,516630.SH,华夏中证云计算与大数据主题ETF,20210903,中证云计算与大数据主题指数,中证云计算与大数据主题指数收益率,华夏基金管理有限公司,中国银行股份有限公司,股票型ETF,主题指数ETF,930851.CSI,132179016.8,946100,948686,1.003,1.0027333262869,-0.476284977
2021-10-14,516630.SH,华夏中证云计算与大数据主题ETF,20210903,中证云计算与大数据主题指数,中证云计算与大数据主题指数收益率,华夏基金管理有限公司,中国银行股份有限公司,股票型ETF,主题指数ETF,930851.CSI,130331319.6,1526500,1534438,1.005,1.0052001310187,-0.406302646
2021-10-15,516630.SH,华夏中证云计算与大数据主题ETF,20210903,中证云计算与大数据主题指数,中证云计算与大数据主题指数收益率,华夏基金管理有限公司,中国银行股份有限公司,股票型ETF,主题指数ETF,930851.CSI,117654885.2,16142400,16489335,1.019,1.0214921573,-0.26426544
2021-10-18,516630.SH,华夏中证云计算与大数据主题ETF,20210903,中证云计算与大数据主题指数,中证云计算与大数据主题指数收益率,华夏基金管理有限公司,中国银行股份有限公司,股票型ETF,主题指数ETF,930851.CSI,115092079.2,1675500,1687649,1.004,1.0072509698597,-0.416584011
2021-10-19,516630.SH,华夏中证云计算与大数据主题ETF,20210903,中证云计算与大数据主题指数,中证云计算与大数据主题指数收益率,华夏基金管理有限公司,中国银行股份有限公司,股票型ETF,主题指数ETF,930851.CSI,115057020.8,1128600,1141791,1.012,1.0116879319511,-0.472069237
2021-10-20,516630.SH,华夏中证云计算与大数据主题ETF,20210903,中证云计算与大数据主题指数,中证云计算与大数据主题指数收益率,华夏基金管理有限公司,中国银行股份有限公司,股票型ETF,主题指数ETF,930851.CSI,111665137.2,4699900,4798125,1.012,1.0208993808379,-0.167702476
2021-10-21,516630.SH,华夏中证云计算与大数据主题ETF,20210903,中证云计算与大数据主题指数,中证云计算与大数据主题指数收益率,华夏基金管理有限公司,中国银行股份有限公司,股票型ETF,主题指数ETF,930851.CSI,110872014.0,762900,767903,1.004,1.0065578712806,-0.248385494
2021-10-22,516630.SH,华夏中证云计算与大数据主题ETF,20210903,中证云计算与大数据主题指数,中证云计算与大数据主题指数收益率,华夏基金管理有限公司,中国银行股份有限公司,股票型ETF,主题指数ETF,930851.CSI,110453421.2,1265000,1270457,1.003,1.0043138339921,0.029919218
2021-10-25,516630.SH,华夏中证云计算与大数据主题ETF,20210903,中证云计算与大数据主题指数,中证云计算与大数据主题指数收益率,华夏基金管理有限公司,中国银行股份有限公司,股票型ETF,主题指数ETF,930851.CSI,109407058.8,2139200,2128621,1.003,0.99505469334331,0.069839369
2021-10-26,516630.SH,华夏中证云计算与大数据主题ETF,20210903,中证云计算与大数据主题指数,中证云计算与大数据主题指数收益率,华夏基金管理有限公司,中国银行股份有限公司,股票型ETF,主题指数ETF,930851.CSI,108091106.4,2119200,2118954,1,0.9998839184598,0.060036022
2021-10-27,516630.SH,华夏中证云计算与大数据主题ETF,20210903,中证云计算与大数据主题指数,中证云计算与大数据主题指数收益率,华夏基金管理有限公司,中国银行股份有限公司,股票型ETF,主题指数ETF,930851.CSI,107769718.8,1855600,1835762,0.986,0.98930911834447,-0.131672237
2021-10-28,516630.SH,华夏中证云计算与大数据主题ETF,20210903,中证云计算与大数据主题指数,中证云计算与大数据主题指数收益率,华夏基金管理有限公司,中国银行股份有限公司,股票型ETF,主题指数ETF,930851.CSI,107996942.4,1802100,1772692,0.991,0.98368126075135,1.08119135
2021-10-29,516630.SH,华夏中证云计算与大数据主题ETF,20210903,中证云计算与大数据主题指数,中证云计算与大数据主题指数收益率,华夏基金管理有限公司,中国银行股份有限公司,股票型ETF,主题指数ETF,930851.CSI,110387327.6,608100,606023,0.996,0.99658444334813,-0.608721684
2021-11-01,516630.SH,华夏中证云计算与大数据主题ETF,20210903,中证云计算与大数据主题指数,中证云计算与大数据主题指数收益率,华夏基金管理有限公司,中国银行股份有限公司,股票型ETF,主题指数ETF,930851.CSI,110761858.0,1047300,1050370,0.997,1.0029313472739,-0.845350572
2021-11-02,516630.SH,华夏中证云计算与大数据主题ETF,20210903,中证云计算与大数据主题指数,中证云计算与大数据主题指数收益率,华夏基金管理有限公司,中国银行股份有限公司,股票型ETF,主题指数ETF,930851.CSI,109166915.6,1615600,1625814,0.996,1.006322109433,-0.409959004
2021-11-03,516630.SH,华夏中证云计算与大数据主题ETF,20210903,中证云计算与大数据主题指数,中证云计算与大数据主题指数收益率,华夏基金管理有限公司,中国银行股份有限公司,股票型ETF,主题指数ETF,930851.CSI,108621070.8,1377600,1380864,1.002,1.0023693379791,-0.229015234
2021-11-04,516630.SH,华夏中证云计算与大数据主题ETF,20210903,中证云计算与大数据主题指数,中证云计算与大数据主题指数收益率,华夏基金管理有限公司,中国银行股份有限公司,股票型ETF,主题指数ETF,930851.CSI,107981101.2,1344900,1351295,1.008,1.0047550003718,0.029770765
2021-11-05,516630.SH,华夏中证云计算与大数据主题ETF,20210903,中证云计算与大数据主题指数,中证云计算与大数据主题指数收益率,华夏基金管理有限公司,中国银行股份有限公司,股票型ETF,主题指数ETF,930851.CSI,103545321.6,4001300,4054341,1.011,1.0132559418189,-0.256511444
2021-11-08,516630.SH,华夏中证云计算与大数据主题ETF,20210903,中证云计算与大数据主题指数,中证云计算与大数据主题指数收益率,华夏基金管理有限公司,中国银行股份有限公司,股票型ETF,主题指数ETF,930851.CSI,102697426.8,532300,534701,1.003,1.0045106143152,-0.228787427
2021-11-09,516630.SH,华夏中证云计算与大数据主题ETF,20210903,中证云计算与大数据主题指数,中证云计算与大数据主题指数收益率,华夏基金管理有限公司,中国银行股份有限公司,股票型ETF,主题指数ETF,930851.CSI,102632877.6,1962900,1984196,1.012,1.0108492536553,-0.256258624
2021-11-10,516630.SH,华夏中证云计算与大数据主题ETF,20210903,中证云计算与大数据主题指数,中证云计算与大数据主题指数收益率,华夏基金管理有限公司,中国银行股份有限公司,股票型ETF,主题指数ETF,930851.CSI,102258600.4,793700,800899,1.01,1.009070177649,-0.089029578
2021-11-11,516630.SH,华夏中证云计算与大数据主题ETF,20210903,中证云计算与大数据主题指数,中证云计算与大数据主题指数收益率,华夏基金管理有限公司,中国银行股份有限公司,股票型ETF,主题指数ETF,930851.CSI,102885767.6,2055100,2082703,1.013,1.0134314631891,-0.403106872
2021-11-12,516630.SH,华夏中证云计算与大数据主题ETF,20210903,中证云计算与大数据主题指数,中证云计算与大数据主题指数收益率,华夏基金管理有限公司,中国银行股份有限公司,股票型ETF,主题指数ETF,930851.CSI,98492590.8,5861000,5981767,1.023,1.0206051868282,-0.126915943
2021-11-15,516630.SH,华夏中证云计算与大数据主题ETF,20210903,中证云计算与大数据主题指数,中证云计算与大数据主题指数收益率,华夏基金管理有限公司,中国银行股份有限公司,股票型ETF,主题指数ETF,930851.CSI,97382650.4,2606400,2680473,1.02,1.0284196593002,-0.332225914
2021-11-16,516630.SH,华夏中证云计算与大数据主题ETF,20210903,中证云计算与大数据主题指数,中证云计算与大数据主题指数收益率,华夏基金管理有限公司,中国银行股份有限公司,股票型ETF,主题指数ETF,930851.CSI,96764136.4,1606300,1644853,1.016,1.0240011205877,-0.088504278
2021-11-17,516630.SH,华夏中证云计算与大数据主题ETF,20210903,中证云计算与大数据主题指数,中证云计算与大数据主题指数收益率,华夏基金管理有限公司,中国银行股份有限公司,股票型ETF,主题指数ETF,930851.CSI,93425784.4,907300,926574,1.026,1.0212432492009,0.107327544
2021-11-18,516630.SH,华夏中证云计算与大数据主题ETF,20210903,中证云计算与大数据主题指数,中证云计算与大数据主题指数收益率,华夏基金管理有限公司,中国银行股份有限公司,股票型ETF,主题指数ETF,930851.CSI,91493277.2,1054900,1068942,1.008,1.0133112143331,0.428414865
2021-11-19,516630.SH,华夏中证云计算与大数据主题ETF,20210903,中证云计算与大数据主题指数,中证云计算与大数据主题指数收益率,华夏基金管理有限公司,中国银行股份有限公司,股票型ETF,主题指数ETF,930851.CSI,92085791.2,1011000,1018474,1.012,1.0073926805143,0.178182538
2021-11-22,516630.SH,华夏中证云计算与大数据主题ETF,20210903,中证云计算与大数据主题指数,中证云计算与大数据主题指数收益率,华夏基金管理有限公司,中国银行股份有限公司,股票型ETF,主题指数ETF,930851.CSI,92960888.8,1470900,1494921,1.017,1.0163308178666,-0.27456364
2021-11-23,516630.SH,华夏中证云计算与大数据主题ETF,20210903,中证云计算与大数据主题指数,中证云计算与大数据主题指数收益率,华夏基金管理有限公司,中国银行股份有限公司,股票型ETF,主题指数ETF,930851.CSI,92942657.6,380400,386316,1.018,1.0155520504732,-0.156924284
2021-11-24,516630.SH,华夏中证云计算与大数据主题ETF,20210903,中证云计算与大数据主题指数,中证云计算与大数据主题指数收益率,华夏基金管理有限公司,中国银行股份有限公司,股票型ETF,主题指数ETF,930851.CSI,93179663.2,853500,869731,1.019,1.0190169888694,-0.313050284
2021-11-25,516630.SH,华夏中证云计算与大数据主题ETF,20210903,中证云计算与大数据主题指数,中证云计算与大数据主题指数收益率,华夏基金管理有限公司,中国银行股份有限公司,股票型ETF,主题指数ETF,930851.CSI,92660074.0,435500,442411,1.013,1.0158691159587,-0.344318741
2021-11-26,516630.SH,华夏中证云计算与大数据主题ETF,20210903,中证云计算与大数据主题指数,中证云计算与大数据主题指数收益率,华夏基金管理有限公司,中国银行股份有限公司,股票型ETF,主题指数ETF,930851.CSI,91939941.6,750600,756218,1.01,1.0074846789235,0.138806266
2021-11-29,516630.SH,华夏中证云计算与大数据主题ETF,20210903,中证云计算与大数据主题指数,中证云计算与大数据主题指数收益率,华夏基金管理有限公司,中国银行股份有限公司,股票型ETF,主题指数ETF,930851.CSI,91256271.6,1869400,1872372,1,1.0015898149139,-0.109879133
2021-11-30,516630.SH,华夏中证云计算与大数据主题ETF,20210903,中证云计算与大数据主题指数,中证云计算与大数据主题指数收益率,华夏基金管理有限公司,中国银行股份有限公司,股票型ETF,主题指数ETF,930851.CSI,92669189.6,2001900,2027437,1.015,1.0127563814376,-0.15738737
2021-12-01,516630.SH,华夏中证云计算与大数据主题ETF,20210903,中证云计算与大数据主题指数,中证云计算与大数据主题指数收益率,华夏基金管理有限公司,中国银行股份有限公司,股票型ETF,主题指数ETF,930851.CSI,83704298.4,5736300,5894692,1.03,1.0276122239074,-0.135737832
2021-12-02,516630.SH,华夏中证云计算与大数据主题ETF,20210903,中证云计算与大数据主题指数,中证云计算与大数据主题指数收益率,华夏基金管理有限公司,中国银行股份有限公司,股票型ETF,主题指数ETF,930851.CSI,82000022.4,810500,825033,1.011,1.0179309068476,0.059382423
2021-12-03,516630.SH,华夏中证云计算与大数据主题ETF,20210903,中证云计算与大数据主题指数,中证云计算与大数据主题指数收益率,华夏基金管理有限公司,中国银行股份有限公司,股票型ETF,主题指数ETF,930851.CSI,82024369.2,609200,616664,1.013,1.0122521339462,0.227565054
2021-12-06,516630.SH,华夏中证云计算与大数据主题ETF,20210903,中证云计算与大数据主题指数,中证云计算与大数据主题指数收益率,华夏基金管理有限公司,中国银行股份有限公司,股票型ETF,主题指数ETF,930851.CSI,82640432.8,2835400,2842650,0.998,1.0025569584538,0.422620246
2021-12-07,516630.SH,华夏中证云计算与大数据主题ETF,20210903,中证云计算与大数据主题指数,中证云计算与大数据主题指数收益率,华夏基金管理有限公司,中国银行股份有限公司,股票型ETF,主题指数ETF,930851.CSI,83465920.8,1732700,1723464,0.992,0.99466959081203,0.020165356
2021-12-08,516630.SH,华夏中证云计算与大数据主题ETF,20210903,中证云计算与大数据主题指数,中证云计算与大数据主题指数收益率,华夏基金管理有限公司,中国银行股份有限公司,股票型ETF,主题指数ETF,930851.CSI,84644492.4,2664700,2694481,1.013,1.0111761173866,-0.48138324
2021-12-09,516630.SH,华夏中证云计算与大数据主题ETF,20210903,中证云计算与大数据主题指数,中证云计算与大数据主题指数收益率,华夏基金管理有限公司,中国银行股份有限公司,股票型ETF,主题指数ETF,930851.CSI,79709863.6,7258100,7459780,1.025,1.0277868863752,-0.784048011
2021-12-10,516630.SH,华夏中证云计算与大数据主题ETF,20210903,中证云计算与大数据主题指数,中证云计算与大数据主题指数收益率,华夏基金管理有限公司,中国银行股份有限公司,股票型ETF,主题指数ETF,930851.CSI,77831432.0,916900,935981,1.018,1.0208103391864,-0.391389432
2021-12-13,516630.SH,华夏中证云计算与大数据主题ETF,20210903,中证云计算与大数据主题指数,中证云计算与大数据主题指数收益率,华夏基金管理有限公司,中国银行股份有限公司,股票型ETF,主题指数ETF,930851.CSI,74356758.0,5136000,5278999,1.024,1.0278424844237,-0.630761766
2021-12-14,516630.SH,华夏中证云计算与大数据主题ETF,20210903,中证云计算与大数据主题指数,中证云计算与大数据主题指数收益率,华夏基金管理有限公司,中国银行股份有限公司,股票型ETF,主题指数ETF,930851.CSI,71942986.8,2831500,2930732,1.038,1.0350457354759,-0.22109007
2021-12-15,516630.SH,华夏中证云计算与大数据主题ETF,20210903,中证云计算与大数据主题指数,中证云计算与大数据主题指数收益率,华夏基金管理有限公司,中国银行股份有限公司,股票型ETF,主题指数ETF,930851.CSI,71569544.4,1751000,1820181,1.035,1.0395094231868,0.009662769
2021-12-16,516630.SH,华夏中证云计算与大数据主题ETF,20210903,中证云计算与大数据主题指数,中证云计算与大数据主题指数收益率,华夏基金管理有限公司,中国银行股份有限公司,股票型ETF,主题指数ETF,930851.CSI,70684587.6,716700,739496,1.034,1.0318068927027,-0.298910423
2021-12-17,516630.SH,华夏中证云计算与大数据主题ETF,20210903,中证云计算与大数据主题指数,中证云计算与大数据主题指数收益率,华夏基金管理有限公司,中国银行股份有限公司,股票型ETF,主题指数ETF,930851.CSI,69478226.4,467500,479538,1.024,1.0257497326203,0.451245831
2021-12-20,516630.SH,华夏中证云计算与大数据主题ETF,20210903,中证云计算与大数据主题指数,中证云计算与大数据主题指数收益率,华夏基金管理有限公司,中国银行股份有限公司,股票型ETF,主题指数ETF,930851.CSI,68476333.2,858900,869677,1.008,1.0125474444056,0.328456256
2021-12-21,516630.SH,华夏中证云计算与大数据主题ETF,20210903,中证云计算与大数据主题指数,中证云计算与大数据主题指数收益率,华夏基金管理有限公司,中国银行股份有限公司,股票型ETF,主题指数ETF,930851.CSI,70705094.4,403900,409384,1.019,1.0135776182223,-0.332550861
2021-12-22,516630.SH,华夏中证云计算与大数据主题ETF,20210903,中证云计算与大数据主题指数,中证云计算与大数据主题指数收益率,华夏基金管理有限公司,中国银行股份有限公司,股票型ETF,主题指数ETF,930851.CSI,68114217.6,2400300,2461213,1.025,1.0253772445111,-0.446775447
2021-12-23,516630.SH,华夏中证云计算与大数据主题ETF,20210903,中证云计算与大数据主题指数,中证云计算与大数据主题指数收益率,华夏基金管理有限公司,中国银行股份有限公司,股票型ETF,主题指数ETF,930851.CSI,68147295.6,797200,820694,1.026,1.0294706472654,-0.39801961
2021-12-24,516630.SH,华夏中证云计算与大数据主题ETF,20210903,中证云计算与大数据主题指数,中证云计算与大数据主题指数收益率,华夏基金管理有限公司,中国银行股份有限公司,股票型ETF,主题指数ETF,930851.CSI,66726259.6,694800,709409,1.021,1.0210261945884,-0.302704814
2021-12-27,516630.SH,华夏中证云计算与大数据主题ETF,20210903,中证云计算与大数据主题指数,中证云计算与大数据主题指数收益率,华夏基金管理有限公司,中国银行股份有限公司,股票型ETF,主题指数ETF,930851.CSI,65638003.6,344900,352056,1.02,1.020748042911,-0.303000684
2021-12-28,516630.SH,华夏中证云计算与大数据主题ETF,20210903,中证云计算与大数据主题指数,中证云计算与大数据主题指数收益率,华夏基金管理有限公司,中国银行股份有限公司,股票型ETF,主题指数ETF,930851.CSI,65926705.6,304600,312003,1.026,1.0243040052528,-0.155702608
2021-12-29,516630.SH,华夏中证云计算与大数据主题ETF,20210903,中证云计算与大数据主题指数,中证云计算与大数据主题指数收益率,华夏基金管理有限公司,中国银行股份有限公司,股票型ETF,主题指数ETF,930851.CSI,65317223.6,62300,63496,1.018,1.0191974317817,-0.009822218
2021-12-30,516630.SH,华夏中证云计算与大数据主题ETF,20210903,中证云计算与大数据主题指数,中证云计算与大数据主题指数收益率,华夏基金管理有限公司,中国银行股份有限公司,股票型ETF,主题指数ETF,930851.CSI,66016524.0,174800,179553,1.026,1.0271910755149,-0.29154519
2021-12-31,516630.SH,华夏中证云计算与大数据主题ETF,20210903,中证云计算与大数据主题指数,中证云计算与大数据主题指数收益率,华夏基金管理有限公司,中国银行股份有限公司,股票型ETF,主题指数ETF,930851.CSI,66189745.2,323000,332609,1.028,1.0297492260062,-0.358631385
2022-01-04,516630.SH,华夏中证云计算与大数据主题ETF,20210903,中证云计算与大数据主题指数,中证云计算与大数据主题指数收益率,华夏基金管理有限公司,中国银行股份有限公司,股票型ETF,主题指数ETF,930851.CSI,66446369.2,622200,642556,1.031,1.0327161684346,-0.453799363
2022-01-05,516630.SH,华夏中证云计算与大数据主题ETF,20210903,中证云计算与大数据主题指数,中证云计算与大数据主题指数收益率,华夏基金管理有限公司,中国银行股份有限公司,股票型ETF,主题指数ETF,930851.CSI,65798393.6,572100,589277,1.024,1.0300244712463,-0.15600624
2022-01-06,516630.SH,华夏中证云计算与大数据主题ETF,20210903,中证云计算与大数据主题指数,中证云计算与大数据主题指数收益率,华夏基金管理有限公司,中国银行股份有限公司,股票型ETF,主题指数ETF,930851.CSI,64733404.0,579500,586628,1.01,1.0123002588438,0.099108028
2022-01-07,516630.SH,华夏中证云计算与大数据主题ETF,20210903,中证云计算与大数据主题指数,中证云计算与大数据主题指数收益率,华夏基金管理有限公司,中国银行股份有限公司,股票型ETF,主题指数ETF,930851.CSI,67726617.2,2611400,2620173,1,1.003359500651,0.633994163
2022-01-10,516630.SH,华夏中证云计算与大数据主题ETF,20210903,中证云计算与大数据主题指数,中证云计算与大数据主题指数收益率,华夏基金管理有限公司,中国银行股份有限公司,股票型ETF,主题指数ETF,930851.CSI,69854475.6,1433600,1428042,1.01,0.996123046875,-0.00990001
2022-01-11,516630.SH,华夏中证云计算与大数据主题ETF,20210903,中证云计算与大数据主题指数,中证云计算与大数据主题指数收益率,华夏基金管理有限公司,中国银行股份有限公司,股票型ETF,主题指数ETF,930851.CSI,67672092.4,1147800,1146590,0.996,0.99894580937446,0.312216739
2022-01-12,516630.SH,华夏中证云计算与大数据主题ETF,20210903,中证云计算与大数据主题指数,中证云计算与大数据主题指数收益率,华夏基金管理有限公司,中国银行股份有限公司,股票型ETF,主题指数ETF,930851.CSI,68886291.6,1002600,996336,0.999,0.99375224416517,0.291135428
2022-01-13,516630.SH,华夏中证云计算与大数据主题ETF,20210903,中证云计算与大数据主题指数,中证云计算与大数据主题指数收益率,华夏基金管理有限公司,中国银行股份有限公司,股票型ETF,主题指数ETF,930851.CSI,69103660.0,1477200,1467835,0.991,0.99366030327647,0.609137056
2022-01-14,516630.SH,华夏中证云计算与大数据主题ETF,20210903,中证云计算与大数据主题指数,中证云计算与大数据主题指数收益率,华夏基金管理有限公司,中国银行股份有限公司,股票型ETF,主题指数ETF,930851.CSI,70720095.6,3239200,3205600,0.986,0.98962706841195,0.60197939
2022-01-17,516630.SH,华夏中证云计算与大数据主题ETF,20210903,中证云计算与大数据主题指数,中证云计算与大数据主题指数收益率,华夏基金管理有限公司,中国银行股份有限公司,股票型ETF,主题指数ETF,930851.CSI,66722240.0,10582200,10871047,1.035,1.0272955529096,-0.480769231
2022-01-18,516630.SH,华夏中证云计算与大数据主题ETF,20210903,中证云计算与大数据主题指数,中证云计算与大数据主题指数收益率,华夏基金管理有限公司,中国银行股份有限公司,股票型ETF,主题指数ETF,930851.CSI,65332171.6,12478900,13247594,1.048,1.0615994999559,-0.294929122
2022-01-19,516630.SH,华夏中证云计算与大数据主题ETF,20210903,中证云计算与大数据主题指数,中证云计算与大数据主题指数收益率,华夏基金管理有限公司,中国银行股份有限公司,股票型ETF,主题指数ETF,930851.CSI,63242002.8,2302500,2415548,1.05,1.049097937025,-0.123656425
2022-01-20,516630.SH,华夏中证云计算与大数据主题ETF,20210903,中证云计算与大数据主题指数,中证云计算与大数据主题指数收益率,华夏基金管理有限公司,中国银行股份有限公司,股票型ETF,主题指数ETF,930851.CSI,62730676.8,1232300,1286618,1.042,1.0440785523006,-0.076716532
2022-01-21,516630.SH,华夏中证云计算与大数据主题ETF,20210903,中证云计算与大数据主题指数,中证云计算与大数据主题指数收益率,华夏基金管理有限公司,中国银行股份有限公司,股票型ETF,主题指数ETF,930851.CSI,62303569.2,1758700,1834998,1.037,1.0433831807585,0.125518973
2022-01-24,516630.SH,华夏中证云计算与大数据主题ETF,20210903,中证云计算与大数据主题指数,中证云计算与大数据主题指数收益率,华夏基金管理有限公司,中国银行股份有限公司,股票型ETF,主题指数ETF,930851.CSI,61516324.4,1227100,1275626,1.041,1.0395452693342,0.105779402
2022-01-25,516630.SH,华夏中证云计算与大数据主题ETF,20210903,中证云计算与大数据主题指数,中证云计算与大数据主题指数收益率,华夏基金管理有限公司,中国银行股份有限公司,股票型ETF,主题指数ETF,930851.CSI,61863866.8,4700700,4741372,0.997,1.0086523283766,0.170802773
2022-01-26,516630.SH,华夏中证云计算与大数据主题ETF,20210903,中证云计算与大数据主题指数,中证云计算与大数据主题指数收益率,华夏基金管理有限公司,中国银行股份有限公司,股票型ETF,主题指数ETF,930851.CSI,62404443.6,2780200,2745050,0.993,0.98735702467448,0.495901225
2022-01-27,516630.SH,华夏中证云计算与大数据主题ETF,20210903,中证云计算与大数据主题指数,中证云计算与大数据主题指数收益率,华夏基金管理有限公司,中国银行股份有限公司,股票型ETF,主题指数ETF,930851.CSI,62378492.4,3705300,3556401,0.954,0.95981458991175,1.177219217
2022-01-28,516630.SH,华夏中证云计算与大数据主题ETF,20210903,中证云计算与大数据主题指数,中证云计算与大数据主题指数收益率,华夏基金管理有限公司,中国银行股份有限公司,股票型ETF,主题指数ETF,930851.CSI,62965465.6,2000500,1899683,0.935,0.94960409897526,-0.277303754
2022-02-07,516630.SH,华夏中证云计算与大数据主题ETF,20210903,中证云计算与大数据主题指数,中证云计算与大数据主题指数收益率,华夏基金管理有限公司,中国银行股份有限公司,股票型ETF,主题指数ETF,930851.CSI,64197514.8,2152500,2011189,0.931,0.93435029036005,0.29085425
2022-02-08,516630.SH,华夏中证云计算与大数据主题ETF,20210903,中证云计算与大数据主题指数,中证云计算与大数据主题指数收益率,华夏基金管理有限公司,中国银行股份有限公司,股票型ETF,主题指数ETF,930851.CSI,65413454.4,1391200,1287421,0.932,0.92540324899367,-0.042900043
2022-02-09,516630.SH,华夏中证云计算与大数据主题ETF,20210903,中证云计算与大数据主题指数,中证云计算与大数据主题指数收益率,华夏基金管理有限公司,中国银行股份有限公司,股票型ETF,主题指数ETF,930851.CSI,66147714.0,1842400,1746982,0.956,0.94820994355189,-0.052273915
2022-02-10,516630.SH,华夏中证云计算与大数据主题ETF,20210903,中证云计算与大数据主题指数,中证云计算与大数据主题指数收益率,华夏基金管理有限公司,中国银行股份有限公司,股票型ETF,主题指数ETF,930851.CSI,65117289.6,1256000,1186011,0.944,0.94427627388535,0.254885302
2022-02-11,516630.SH,华夏中证云计算与大数据主题ETF,20210903,中证云计算与大数据主题指数,中证云计算与大数据主题指数收益率,华夏基金管理有限公司,中国银行股份有限公司,股票型ETF,主题指数ETF,930851.CSI,64494410.8,1854500,1722567,0.926,0.92885791318415,0.728815403
2022-02-14,516630.SH,华夏中证云计算与大数据主题ETF,20210903,中证云计算与大数据主题指数,中证云计算与大数据主题指数收益率,华夏基金管理有限公司,中国银行股份有限公司,股票型ETF,主题指数ETF,930851.CSI,65178514.8,1347500,1217397,0.906,0.90344860853432,0.298904019
2022-02-15,516630.SH,华夏中证云计算与大数据主题ETF,20210903,中证云计算与大数据主题指数,中证云计算与大数据主题指数收益率,华夏基金管理有限公司,中国银行股份有限公司,股票型ETF,主题指数ETF,930851.CSI,65242936.4,1072500,973358,0.915,0.90755990675991,-0.20721998
2022-02-16,516630.SH,华夏中证云计算与大数据主题ETF,20210903,中证云计算与大数据主题指数,中证云计算与大数据主题指数收益率,华夏基金管理有限公司,中国银行股份有限公司,股票型ETF,主题指数ETF,930851.CSI,66130974.0,1174600,1078047,0.916,0.91779925080879,-0.054555374
2022-02-17,516630.SH,华夏中证云计算与大数据主题ETF,20210903,中证云计算与大数据主题指数,中证云计算与大数据主题指数收益率,华夏基金管理有限公司,中国银行股份有限公司,股票型ETF,主题指数ETF,930851.CSI,65712469.2,1174700,1073351,0.915,0.91372350387333,0.472164269
2022-02-18,516630.SH,华夏中证云计算与大数据主题ETF,20210903,中证云计算与大数据主题指数,中证云计算与大数据主题指数收益率,华夏基金管理有限公司,中国银行股份有限公司,股票型ETF,主题指数ETF,930851.CSI,69276535.2,2149600,1998566,0.933,0.92973855601042,-0.128452152
2022-02-21,516630.SH,华夏中证云计算与大数据主题ETF,20210903,中证云计算与大数据主题指数,中证云计算与大数据主题指数收益率,华夏基金管理有限公司,中国银行股份有限公司,股票型ETF,主题指数ETF,930851.CSI,84489026.4,18468800,17928930,0.974,0.97076853937451,0.474520322
2022-02-22,516630.SH,华夏中证云计算与大数据主题ETF,20210903,中证云计算与大数据主题指数,中证云计算与大数据主题指数收益率,华夏基金管理有限公司,中国银行股份有限公司,股票型ETF,主题指数ETF,930851.CSI,85855558.8,10042100,9614851,0.951,0.9574542177433,-0.136511603
2022-02-23,516630.SH,华夏中证云计算与大数据主题ETF,20210903,中证云计算与大数据主题指数,中证云计算与大数据主题指数收益率,华夏基金管理有限公司,中国银行股份有限公司,股票型ETF,主题指数ETF,930851.CSI,86213852.0,6402600,6166044,0.967,0.96305313466404,0
2022-02-24,516630.SH,华夏中证云计算与大数据主题ETF,20210903,中证云计算与大数据主题指数,中证云计算与大数据主题指数收益率,华夏基金管理有限公司,中国银行股份有限公司,股票型ETF,主题指数ETF,930851.CSI,82754599.2,8555500,8011030,0.929,0.93636023610543,0.086188321
2022-02-25,516630.SH,华夏中证云计算与大数据主题ETF,20210903,中证云计算与大数据主题指数,中证云计算与大数据主题指数收益率,华夏基金管理有限公司,中国银行股份有限公司,股票型ETF,主题指数ETF,930851.CSI,80555860.0,5296000,4967656,0.935,0.93800151057402,0
2022-02-28,516630.SH,华夏中证云计算与大数据主题ETF,20210903,中证云计算与大数据主题指数,中证云计算与大数据主题指数收益率,华夏基金管理有限公司,中国银行股份有限公司,股票型ETF,主题指数ETF,930851.CSI,82610987.6,3689000,3431537,0.938,0.93020791542423,0.096040977
2022-03-01,516630.SH,华夏中证云计算与大数据主题ETF,20210903,中证云计算与大数据主题指数,中证云计算与大数据主题指数收益率,华夏基金管理有限公司,中国银行股份有限公司,股票型ETF,主题指数ETF,930851.CSI,83637243.6,4366000,4090406,0.939,0.93687723316537,0.095938599
2022-03-02,516630.SH,华夏中证云计算与大数据主题ETF,20210903,中证云计算与大数据主题指数,中证云计算与大数据主题指数收益率,华夏基金管理有限公司,中国银行股份有限公司,股票型ETF,主题指数ETF,930851.CSI,83173632.4,3169100,2951307,0.934,0.93127607207093,0.117911888
2022-03-03,516630.SH,华夏中证云计算与大数据主题ETF,20210903,中证云计算与大数据主题指数,中证云计算与大数据主题指数收益率,华夏基金管理有限公司,中国银行股份有限公司,股票型ETF,主题指数ETF,930851.CSI,81880870.4,3907100,3603798,0.922,0.9223715799442,0.391986063
2022-03-04,516630.SH,华夏中证云计算与大数据主题ETF,20210903,中证云计算与大数据主题指数,中证云计算与大数据主题指数收益率,华夏基金管理有限公司,中国银行股份有限公司,股票型ETF,主题指数ETF,930851.CSI,82204480.8,4402400,3999281,0.905,0.90843199164092,0.354845864
2022-03-07,516630.SH,华夏中证云计算与大数据主题ETF,20210903,中证云计算与大数据主题指数,中证云计算与大数据主题指数收益率,华夏基金管理有限公司,中国银行股份有限公司,股票型ETF,主题指数ETF,930851.CSI,81652083.2,5462300,4770622,0.867,0.87337238892042,-0.023062731
2022-03-08,516630.SH,华夏中证云计算与大数据主题ETF,20210903,中证云计算与大数据主题指数,中证云计算与大数据主题指数收益率,华夏基金管理有限公司,中国银行股份有限公司,股票型ETF,主题指数ETF,930851.CSI,82069146.0,6063900,5239737,0.861,0.86408697372978,0.878734622
2022-03-09,516630.SH,华夏中证云计算与大数据主题ETF,20210903,中证云计算与大数据主题指数,中证云计算与大数据主题指数收益率,华夏基金管理有限公司,中国银行股份有限公司,股票型ETF,主题指数ETF,930851.CSI,81694137.6,3866600,3242519,0.847,0.83859695856825,-0.306026365
2022-03-10,516630.SH,华夏中证云计算与大数据主题ETF,20210903,中证云计算与大数据主题指数,中证云计算与大数据主题指数收益率,华夏基金管理有限公司,中国银行股份有限公司,股票型ETF,主题指数ETF,930851.CSI,81876834.0,1829000,1571666,0.853,0.85930344450519,0.176159718
2022-03-11,516630.SH,华夏中证云计算与大数据主题ETF,20210903,中证云计算与大数据主题指数,中证云计算与大数据主题指数收益率,华夏基金管理有限公司,中国银行股份有限公司,股票型ETF,主题指数ETF,930851.CSI,82540310.4,3341300,2824106,0.856,0.845211743932,-0.279589935
2022-03-14,516630.SH,华夏中证云计算与大数据主题ETF,20210903,中证云计算与大数据主题指数,中证云计算与大数据主题指数收益率,华夏基金管理有限公司,中国银行股份有限公司,股票型ETF,主题指数ETF,930851.CSI,79713324.0,3833600,3225910,0.832,0.84148320116861,0.361881785
2022-03-15,516630.SH,华夏中证云计算与大数据主题ETF,20210903,中证云计算与大数据主题指数,中证云计算与大数据主题指数收益率,华夏基金管理有限公司,中国银行股份有限公司,股票型ETF,主题指数ETF,930851.CSI,76232476.8,2212000,1798375,0.789,0.81300858951175,-0.479313824
2022-03-16,516630.SH,华夏中证云计算与大数据主题ETF,20210903,中证云计算与大数据主题指数,中证云计算与大数据主题指数收益率,华夏基金管理有限公司,中国银行股份有限公司,股票型ETF,主题指数ETF,930851.CSI,79319084.4,3581200,2885648,0.825,0.80577683458059,0.012122682
2022-03-17,516630.SH,华夏中证云计算与大数据主题ETF,20210903,中证云计算与大数据主题指数,中证云计算与大数据主题指数收益率,华夏基金管理有限公司,中国银行股份有限公司,股票型ETF,主题指数ETF,930851.CSI,79109871.2,4933900,4156355,0.84,0.84240762885344,-0.023803856
2022-03-18,516630.SH,华夏中证云计算与大数据主题ETF,20210903,中证云计算与大数据主题指数,中证云计算与大数据主题指数收益率,华夏基金管理有限公司,中国银行股份有限公司,股票型ETF,主题指数ETF,930851.CSI,78752078.4,3057600,2550318,0.836,0.83409144427002,-0.047824008
2022-03-21,516630.SH,华夏中证云计算与大数据主题ETF,20210903,中证云计算与大数据主题指数,中证云计算与大数据主题指数收益率,华夏基金管理有限公司,中国银行股份有限公司,股票型ETF,主题指数ETF,930851.CSI,78375454.4,1291200,1075740,0.832,0.83313197026022,-0.04805382
2022-03-22,516630.SH,华夏中证云计算与大数据主题ETF,20210903,中证云计算与大数据主题指数,中证云计算与大数据主题指数收益率,华夏基金管理有限公司,中国银行股份有限公司,股票型ETF,主题指数ETF,930851.CSI,78017661.6,2076800,1716502,0.828,0.82651290446841,-0.072411296
2022-03-23,516630.SH,华夏中证云计算与大数据主题ETF,20210903,中证云计算与大数据主题指数,中证云计算与大数据主题指数收益率,华夏基金管理有限公司,中国银行股份有限公司,股票型ETF,主题指数ETF,930851.CSI,78846234.4,3980100,3302655,0.838,0.829791965026,0.071650346
2022-03-24,516630.SH,华夏中证云计算与大数据主题ETF,20210903,中证云计算与大数据主题指数,中证云计算与大数据主题指数收益率,华夏基金管理有限公司,中国银行股份有限公司,股票型ETF,主题指数ETF,930851.CSI,78132591.6,3471200,2855740,0.822,0.82269532150265,0.109609061
2022-03-25,516630.SH,华夏中证云计算与大数据主题ETF,20210903,中证云计算与大数据主题指数,中证云计算与大数据主题指数收益率,华夏基金管理有限公司,中国银行股份有限公司,股票型ETF,主题指数ETF,930851.CSI,76676704.8,2380000,1933483,0.807,0.81238781512605,0.148920328
2022-03-28,516630.SH,华夏中证云计算与大数据主题ETF,20210903,中证云计算与大数据主题指数,中证云计算与大数据主题指数收益率,华夏基金管理有限公司,中国银行股份有限公司,股票型ETF,主题指数ETF,930851.CSI,76353174.4,1813900,1445427,0.803,0.79686145873532,0.074775673
2022-03-29,516630.SH,华夏中证云计算与大数据主题ETF,20210903,中证云计算与大数据主题指数,中证云计算与大数据主题指数收益率,华夏基金管理有限公司,中国银行股份有限公司,股票型ETF,主题指数ETF,930851.CSI,75030506.0,3043600,2409517,0.788,0.7916667761861,-0.063411541
2022-03-30,516630.SH,华夏中证云计算与大数据主题ETF,20210903,中证云计算与大数据主题指数,中证云计算与大数据主题指数收益率,华夏基金管理有限公司,中国银行股份有限公司,股票型ETF,主题指数ETF,930851.CSI,76514939.6,1575400,1260272,0.803,0.79996953154754,-0.136798906
2022-03-31,516630.SH,华夏中证云计算与大数据主题ETF,20210903,中证云计算与大数据主题指数,中证云计算与大数据主题指数收益率,华夏基金管理有限公司,中国银行股份有限公司,股票型ETF,主题指数ETF,930851.CSI,76029644.0,1395400,1112154,0.797,0.79701447613588,-0.250312891
2022-04-01,516630.SH,华夏中证云计算与大数据主题ETF,20210903,中证云计算与大数据主题指数,中证云计算与大数据主题指数收益率,华夏基金管理有限公司,中国银行股份有限公司,股票型ETF,主题指数ETF,930851.CSI,75829816.4,2581600,2049872,0.796,0.79403160830493,-0.112937633
2022-04-06,516630.SH,华夏中证云计算与大数据主题ETF,20210903,中证云计算与大数据主题指数,中证云计算与大数据主题指数收益率,华夏基金管理有限公司,中国银行股份有限公司,股票型ETF,主题指数ETF,930851.CSI,75430161.2,1537500,1220338,0.791,0.79371577235772,-0.214456919
2022-04-07,516630.SH,华夏中证云计算与大数据主题ETF,20210903,中证云计算与大数据主题指数,中证云计算与大数据主题指数收益率,华夏基金管理有限公司,中国银行股份有限公司,股票型ETF,主题指数ETF,930851.CSI,75550673.2,5394400,4194683,0.773,0.77759954767907,0.42873847
2022-04-08,516630.SH,华夏中证云计算与大数据主题ETF,20210903,中证云计算与大数据主题指数,中证云计算与大数据主题指数收益率,华夏基金管理有限公司,中国银行股份有限公司,股票型ETF,主题指数ETF,930851.CSI,74529850.8,2583700,1963277,0.759,0.75987034098386,-0.039510075
2022-04-11,516630.SH,华夏中证云计算与大数据主题ETF,20210903,中证云计算与大数据主题指数,中证云计算与大数据主题指数收益率,华夏基金管理有限公司,中国银行股份有限公司,股票型ETF,主题指数ETF,930851.CSI,71329965.2,2809100,2055137,0.728,0.73159980064789,0.178890877
2022-04-12,516630.SH,华夏中证云计算与大数据主题ETF,20210903,中证云计算与大数据主题指数,中证云计算与大数据主题指数收益率,华夏基金管理有限公司,中国银行股份有限公司,股票型ETF,主题指数ETF,930851.CSI,73037879.6,4226300,3074111,0.741,0.72737642855453,-0.416610671
2022-04-13,516630.SH,华夏中证云计算与大数据主题ETF,20210903,中证云计算与大数据主题指数,中证云计算与大数据主题指数收益率,华夏基金管理有限公司,中国银行股份有限公司,股票型ETF,主题指数ETF,930851.CSI,71359412.0,2152400,1575010,0.724,0.73174595800037,-0.412654746
2022-04-14,516630.SH,华夏中证云计算与大数据主题ETF,20210903,中证云计算与大数据主题指数,中证云计算与大数据主题指数收益率,华夏基金管理有限公司,中国银行股份有限公司,股票型ETF,主题指数ETF,930851.CSI,71967979.2,1918400,1404482,0.732,0.73211113427857,-0.163666121
2022-04-15,516630.SH,华夏中证云计算与大数据主题ETF,20210903,中证云计算与大数据主题指数,中证云计算与大数据主题指数收益率,华夏基金管理有限公司,中国银行股份有限公司,股票型ETF,主题指数ETF,930851.CSI,71379043.2,1816300,1312549,0.726,0.72264989263888,-0.165016502
2022-04-18,516630.SH,华夏中证云计算与大数据主题ETF,20210903,中证云计算与大数据主题指数,中证云计算与大数据主题指数收益率,华夏基金管理有限公司,中国银行股份有限公司,股票型ETF,主题指数ETF,930851.CSI,72134844.4,2893300,2093508,0.733,0.72357100888259,-0.258538577
2022-04-19,516630.SH,华夏中证云计算与大数据主题ETF,20210903,中证云计算与大数据主题指数,中证云计算与大数据主题指数收益率,华夏基金管理有限公司,中国银行股份有限公司,股票型ETF,主题指数ETF,930851.CSI,72235146.0,1396400,1020114,0.73,0.73053136637067,0.205902539
2022-04-20,516630.SH,华夏中证云计算与大数据主题ETF,20210903,中证云计算与大数据主题指数,中证云计算与大数据主题指数收益率,华夏基金管理有限公司,中国银行股份有限公司,股票型ETF,主题指数ETF,930851.CSI,71818690.8,2556200,1875333,0.726,0.73364095141225,0.234709375
2022-04-21,516630.SH,华夏中证云计算与大数据主题ETF,20210903,中证云计算与大数据主题指数,中证云计算与大数据主题指数收益率,华夏基金管理有限公司,中国银行股份有限公司,股票型ETF,主题指数ETF,930851.CSI,68787724.8,4670200,3328409,0.701,0.71269089118239,0.028538813
2022-04-22,516630.SH,华夏中证云计算与大数据主题ETF,20210903,中证云计算与大数据主题指数,中证云计算与大数据主题指数收益率,华夏基金管理有限公司,中国银行股份有限公司,股票型ETF,主题指数ETF,930851.CSI,66969630.8,4376100,3021505,0.692,0.69045611389136,0.391701726
2022-04-25,516630.SH,华夏中证云计算与大数据主题ETF,20210903,中证云计算与大数据主题指数,中证云计算与大数据主题指数收益率,华夏基金管理有限公司,中国银行股份有限公司,股票型ETF,主题指数ETF,930851.CSI,62636473.2,4341800,2861438,0.644,0.65904417522686,-0.108577633
2022-04-26,516630.SH,华夏中证云计算与大数据主题ETF,20210903,中证云计算与大数据主题指数,中证云计算与大数据主题指数收益率,华夏基金管理有限公司,中国银行股份有限公司,股票型ETF,主题指数ETF,930851.CSI,59984114.4,2495300,1584832,0.62,0.6351268384563,0.421120829
2022-04-27,516630.SH,华夏中证云计算与大数据主题ETF,20210903,中证云计算与大数据主题指数,中证云计算与大数据主题指数收益率,华夏基金管理有限公司,中国银行股份有限公司,股票型ETF,主题指数ETF,930851.CSI,62947372.4,2417100,1518452,0.645,0.62821232054942,-0.447599938
2022-04-28,516630.SH,华夏中证云计算与大数据主题ETF,20210903,中证云计算与大数据主题指数,中证云计算与大数据主题指数收益率,华夏基金管理有限公司,中国银行股份有限公司,股票型ETF,主题指数ETF,930851.CSI,61830078.4,1680100,1074092,0.636,0.63930242247485,-0.062853551
2022-04-29,516630.SH,华夏中证云计算与大数据主题ETF,20210903,中证云计算与大数据主题指数,中证云计算与大数据主题指数收益率,华夏基金管理有限公司,中国银行股份有限公司,股票型ETF,主题指数ETF,930851.CSI,65930061.6,4744600,3148496,0.677,0.66359566665262,-0.235779546
2022-05-05,516630.SH,华夏中证云计算与大数据主题ETF,20210903,中证云计算与大数据主题指数,中证云计算与大数据主题指数收益率,华夏基金管理有限公司,中国银行股份有限公司,股票型ETF,主题指数ETF,930851.CSI,66376979.2,3172400,2163762,0.682,0.68205837851469,-0.175644028
2022-05-06,516630.SH,华夏中证云计算与大数据主题ETF,20210903,中证云计算与大数据主题指数,中证云计算与大数据主题指数收益率,华夏基金管理有限公司,中国银行股份有限公司,股票型ETF,主题指数ETF,930851.CSI,66299254.4,11062300,7605987,0.682,0.68755927790785,-0.058616647
2022-05-09,516630.SH,华夏中证云计算与大数据主题ETF,20210903,中证云计算与大数据主题指数,中证云计算与大数据主题指数收益率,华夏基金管理有限公司,中国银行股份有限公司,股票型ETF,主题指数ETF,930851.CSI,65803758.8,4088600,2778062,0.675,0.67946534266008,-0.339583641
2022-05-10,516630.SH,华夏中证云计算与大数据主题ETF,20210903,中证云计算与大数据主题指数,中证云计算与大数据主题指数收益率,华夏基金管理有限公司,中国银行股份有限公司,股票型ETF,主题指数ETF,930851.CSI,67163942.8,6205600,4250524,0.693,0.68494972283099,0.245913496
2022-05-11,516630.SH,华夏中证云计算与大数据主题ETF,20210903,中证云计算与大数据主题指数,中证云计算与大数据主题指数收益率,华夏基金管理有限公司,中国银行股份有限公司,股票型ETF,主题指数ETF,930851.CSI,67571998.0,6107100,4317800,0.694,0.70701314863028,-0.215672178
2022-05-12,516630.SH,华夏中证云计算与大数据主题ETF,20210903,中证云计算与大数据主题指数,中证云计算与大数据主题指数收益率,华夏基金管理有限公司,中国银行股份有限公司,股票型ETF,主题指数ETF,930851.CSI,67805172.4,4411600,3074133,0.696,0.69682949496781,-0.272245307
2022-05-13,516630.SH,华夏中证云计算与大数据主题ETF,20210903,中证云计算与大数据主题指数,中证云计算与大数据主题指数收益率,华夏基金管理有限公司,中国银行股份有限公司,股票型ETF,主题指数ETF,930851.CSI,67610860.4,3685300,2560649,0.694,0.69482782948471,-0.273027734
2022-05-16,516630.SH,华夏中证云计算与大数据主题ETF,20210903,中证云计算与大数据主题指数,中证云计算与大数据主题指数收益率,华夏基金管理有限公司,中国银行股份有限公司,股票型ETF,主题指数ETF,930851.CSI,67047355.6,1277900,882476,0.69,0.69056733703733,-0.014490654
2022-05-17,516630.SH,华夏中证云计算与大数据主题ETF,20210903,中证云计算与大数据主题指数,中证云计算与大数据主题指数收益率,华夏基金管理有限公司,中国银行股份有限公司,股票型ETF,主题指数ETF,930851.CSI,67484557.6,1725800,1187449,0.694,0.68805713292386,-0.086380651
2022-05-18,516630.SH,华夏中证云计算与大数据主题ETF,20210903,中证云计算与大数据主题指数,中证云计算与大数据主题指数收益率,华夏基金管理有限公司,中国银行股份有限公司,股票型ETF,主题指数ETF,930851.CSI,67776025.6,5800000,4063924,0.695,0.70067655172414,-0.372706422
2022-05-19,516630.SH,华夏中证云计算与大数据主题ETF,20210903,中证云计算与大数据主题指数,中证云计算与大数据主题指数收益率,华夏基金管理有限公司,中国银行股份有限公司,股票型ETF,主题指数ETF,930851.CSI,67338823.6,4295900,2958226,0.692,0.68861612234922,-0.158707257
2022-05-20,516630.SH,华夏中证云计算与大数据主题ETF,20210903,中证云计算与大数据主题指数,中证云计算与大数据主题指数收益率,华夏基金管理有限公司,中国银行股份有限公司,股票型ETF,主题指数ETF,930851.CSI,68456117.6,2624200,1830845,0.702,0.69767738739425,-0.36900369
2022-05-23,516630.SH,华夏中证云计算与大数据主题ETF,20210903,中证云计算与大数据主题指数,中证云计算与大数据主题指数收益率,华夏基金管理有限公司,中国银行股份有限公司,股票型ETF,主题指数ETF,930851.CSI,68388108.4,6624000,4636535,0.704,0.69995999396135,0.014206563
2022-05-24,516630.SH,华夏中证云计算与大数据主题ETF,20210903,中证云计算与大数据主题指数,中证云计算与大数据主题指数收益率,华夏基金管理有限公司,中国银行股份有限公司,股票型ETF,主题指数ETF,930851.CSI,64822483.2,3408100,2322470,0.67,0.68145594319416,0.419664269
2022-05-25,516630.SH,华夏中证云计算与大数据主题ETF,20210903,中证云计算与大数据主题指数,中证云计算与大数据主题指数收益率,华夏基金管理有限公司,中国银行股份有限公司,股票型ETF,主题指数ETF,930851.CSI,66046648.8,1065800,721531,0.678,0.67698536310752,-0.26478376
2022-05-26,516630.SH,华夏中证云计算与大数据主题ETF,20210903,中证云计算与大数据主题指数,中证云计算与大数据主题指数收益率,华夏基金管理有限公司,中国银行股份有限公司,股票型ETF,主题指数ETF,930851.CSI,67173658.4,6454900,4406163,0.692,0.68260747649073,0.086780445
2022-05-27,516630.SH,华夏中证云计算与大数据主题ETF,20210903,中证云计算与大数据主题指数,中证云计算与大数据主题指数收益率,华夏基金管理有限公司,中国银行股份有限公司,股票型ETF,主题指数ETF,930851.CSI,66299562.0,6432800,4435432,0.686,0.68950254943415,-0.507614213
2022-05-30,516630.SH,华夏中证云计算与大数据主题ETF,20210903,中证云计算与大数据主题指数,中证云计算与大数据主题指数收益率,华夏基金管理有限公司,中国银行股份有限公司,股票型ETF,主题指数ETF,930851.CSI,67789980.0,5125800,3585146,0.703,0.69943150337508,-0.283687943
2022-05-31,516630.SH,华夏中证云计算与大数据主题ETF,20210903,中证云计算与大数据主题指数,中证云计算与大数据主题指数收益率,华夏基金管理有限公司,中国银行股份有限公司,股票型ETF,主题指数ETF,930851.CSI,69491941.2,8226100,5866621,0.722,0.71317161230717,-0.096859001
2022-06-01,516630.SH,华夏中证云计算与大数据主题ETF,20210903,中证云计算与大数据主题指数,中证云计算与大数据主题指数收益率,华夏基金管理有限公司,中国银行股份有限公司,股票型ETF,主题指数ETF,930851.CSI,69232320.0,4954200,3568561,0.718,0.72031024181503,-0.277777778
2022-06-02,516630.SH,华夏中证云计算与大数据主题ETF,20210903,中证云计算与大数据主题指数,中证云计算与大数据主题指数收益率,华夏基金管理有限公司,中国银行股份有限公司,股票型ETF,主题指数ETF,930851.CSI,70366960.8,2473600,1787664,0.731,0.72269728331177,-0.109319486
2022-06-06,516630.SH,华夏中证云计算与大数据主题ETF,20210903,中证云计算与大数据主题指数,中证云计算与大数据主题指数收益率,华夏基金管理有限公司,中国银行股份有限公司,股票型ETF,主题指数ETF,930851.CSI,72405468.0,3950200,2928513,0.753,0.74135815908055,0
2022-06-07,516630.SH,华夏中证云计算与大数据主题ETF,20210903,中证云计算与大数据主题指数,中证云计算与大数据主题指数收益率,华夏基金管理有限公司,中国银行股份有限公司,股票型ETF,主题指数ETF,930851.CSI,72203540.4,4230700,3165206,0.75,0.7481518424847,-0.119856173
2022-06-08,516630.SH,华夏中证云计算与大数据主题ETF,20210903,中证云计算与大数据主题指数,中证云计算与大数据主题指数收益率,华夏基金管理有限公司,中国银行股份有限公司,股票型ETF,主题指数ETF,930851.CSI,72751629.6,5364800,4070166,0.757,0.75867991351029,0.052868094
2022-06-09,516630.SH,华夏中证云计算与大数据主题ETF,20210903,中证云计算与大数据主题指数,中证云计算与大数据主题指数收益率,华夏基金管理有限公司,中国银行股份有限公司,股票型ETF,主题指数ETF,930851.CSI,70549657.2,4614100,3430159,0.734,0.74340803190221,0.040888647
2022-06-10,516630.SH,华夏中证云计算与大数据主题ETF,20210903,中证云计算与大数据主题指数,中证云计算与大数据主题指数收益率,华夏基金管理有限公司,中国银行股份有限公司,股票型ETF,主题指数ETF,930851.CSI,71376598.8,2740900,2016770,0.744,0.73580575723303,0.229017917
2022-06-13,516630.SH,华夏中证云计算与大数据主题ETF,20210903,中证云计算与大数据主题指数,中证云计算与大数据主题指数收益率,华夏基金管理有限公司,中国银行股份有限公司,股票型ETF,主题指数ETF,930851.CSI,71395830.0,6321900,4669343,0.742,0.73859804805517,-0.067340067
2022-06-14,516630.SH,华夏中证云计算与大数据主题ETF,20210903,中证云计算与大数据主题指数,中证云计算与大数据主题指数收益率,华夏基金管理有限公司,中国银行股份有限公司,股票型ETF,主题指数ETF,930851.CSI,70780431.6,5644200,4079074,0.736,0.72270188866447,-0.013585111
2022-06-15,516630.SH,华夏中证云计算与大数据主题ETF,20210903,中证云计算与大数据主题指数,中证云计算与大数据主题指数收益率,华夏基金管理有限公司,中国银行股份有限公司,股票型ETF,主题指数ETF,930851.CSI,71972766.0,8051200,6063816,0.752,0.75315679650238,0.46760187
2022-06-16,516630.SH,华夏中证云计算与大数据主题ETF,20210903,中证云计算与大数据主题指数,中证云计算与大数据主题指数收益率,华夏基金管理有限公司,中国银行股份有限公司,股票型ETF,主题指数ETF,930851.CSI,70824143.2,7806700,5895340,0.753,0.75516415386783,0.106354693
2022-06-17,516630.SH,华夏中证云计算与大数据主题ETF,20210903,中证云计算与大数据主题指数,中证云计算与大数据主题指数收益率,华夏基金管理有限公司,中国银行股份有限公司,股票型ETF,主题指数ETF,930851.CSI,70767649.6,3127500,2333757,0.752,0.74620527577938,0.053219798
2022-06-20,516630.SH,华夏中证云计算与大数据主题ETF,20210903,中证云计算与大数据主题指数,中证云计算与大数据主题指数收益率,华夏基金管理有限公司,中国银行股份有限公司,股票型ETF,主题指数ETF,930851.CSI,71464404.0,4332400,3279567,0.758,0.75698619702705,-0.131752306
2022-06-21,516630.SH,华夏中证云计算与大数据主题ETF,20210903,中证云计算与大数据主题指数,中证云计算与大数据主题指数收益率,华夏基金管理有限公司,中国银行股份有限公司,股票型ETF,主题指数ETF,930851.CSI,71662131.6,6197100,4686588,0.758,0.75625502251053,-0.407305216
2022-06-22,516630.SH,华夏中证云计算与大数据主题ETF,20210903,中证云计算与大数据主题指数,中证云计算与大数据主题指数收益率,华夏基金管理有限公司,中国银行股份有限公司,股票型ETF,主题指数ETF,930851.CSI,69449465.6,3079800,2300658,0.738,0.74701539060978,0.054229935
2022-06-23,516630.SH,华夏中证云计算与大数据主题ETF,20210903,中证云计算与大数据主题指数,中证云计算与大数据主题指数收益率,华夏基金管理有限公司,中国银行股份有限公司,股票型ETF,主题指数ETF,930851.CSI,72194857.2,5026300,3761647,0.756,0.74839285359012,-0.355871886
2022-06-24,516630.SH,华夏中证云计算与大数据主题ETF,20210903,中证云计算与大数据主题指数,中证云计算与大数据主题指数收益率,华夏基金管理有限公司,中国银行股份有限公司,股票型ETF,主题指数ETF,930851.CSI,72841918.0,3680000,2818207,0.767,0.76581711956522,0.195950359
2022-06-27,516630.SH,华夏中证云计算与大数据主题ETF,20210903,中证云计算与大数据主题指数,中证云计算与大数据主题指数收益率,华夏基金管理有限公司,中国银行股份有限公司,股票型ETF,主题指数ETF,930851.CSI,73155932.8,5695300,4387351,0.768,0.77034589925026,-0.104058273
2022-06-28,516630.SH,华夏中证云计算与大数据主题ETF,20210903,中证云计算与大数据主题指数,中证云计算与大数据主题指数收益率,华夏基金管理有限公司,中国银行股份有限公司,股票型ETF,主题指数ETF,930851.CSI,73841056.0,4789300,3691602,0.775,0.77080199611634,-0.128865979
2022-06-29,516630.SH,华夏中证云计算与大数据主题ETF,20210903,中证云计算与大数据主题指数,中证云计算与大数据主题指数收益率,华夏基金管理有限公司,中国银行股份有限公司,股票型ETF,主题指数ETF,930851.CSI,73688806.4,5697400,4447318,0.774,0.78058728542844,-0.051652893
2022-06-30,516630.SH,华夏中证云计算与大数据主题ETF,20210903,中证云计算与大数据主题指数,中证云计算与大数据主题指数收益率,华夏基金管理有限公司,中国银行股份有限公司,股票型ETF,主题指数ETF,930851.CSI,73260604.4,6305900,4855729,0.771,0.77002949618611,0.142875698
2022-07-01,516630.SH,华夏中证云计算与大数据主题ETF,20210903,中证云计算与大数据主题指数,中证云计算与大数据主题指数收益率,华夏基金管理有限公司,中国银行股份有限公司,股票型ETF,主题指数ETF,930851.CSI,72632574.8,4236800,3239684,0.764,0.76465351208459,0.091707061
2022-07-04,516630.SH,华夏中证云计算与大数据主题ETF,20210903,中证云计算与大数据主题指数,中证云计算与大数据主题指数收益率,华夏基金管理有限公司,中国银行股份有限公司,股票型ETF,主题指数ETF,930851.CSI,73193995.2,1614700,1238368,0.768,0.76693379575153,-0.15600624
2022-07-05,516630.SH,华夏中证云计算与大数据主题ETF,20210903,中证云计算与大数据主题指数,中证云计算与大数据主题指数收益率,华夏基金管理有限公司,中国银行股份有限公司,股票型ETF,主题指数ETF,930851.CSI,72376621.2,5005600,3777593,0.753,0.75467336583027,0.039856517
2022-07-06,516630.SH,华夏中证云计算与大数据主题ETF,20210903,中证云计算与大数据主题指数,中证云计算与大数据主题指数收益率,华夏基金管理有限公司,中国银行股份有限公司,股票型ETF,主题指数ETF,930851.CSI,71828532.0,5605200,4194837,0.745,0.74838310854207,-0.267737617
2022-07-07,516630.SH,华夏中证云计算与大数据主题ETF,20210903,中证云计算与大数据主题指数,中证云计算与大数据主题指数收益率,华夏基金管理有限公司,中国银行股份有限公司,股票型ETF,主题指数ETF,930851.CSI,71665066.8,3248400,2420571,0.746,0.745157923901,0.093921911
2022-07-08,516630.SH,华夏中证云计算与大数据主题ETF,20210903,中证云计算与大数据主题指数,中证云计算与大数据主题指数收益率,华夏基金管理有限公司,中国银行股份有限公司,股票型ETF,主题指数ETF,930851.CSI,71838147.6,1571300,1180347,0.745,0.75119137020302,-0.281086869
2022-07-11,516630.SH,华夏中证云计算与大数据主题ETF,20210903,中证云计算与大数据主题指数,中证云计算与大数据主题指数收益率,华夏基金管理有限公司,中国银行股份有限公司,股票型ETF,主题指数ETF,930851.CSI,70068877.2,4833600,3511523,0.729,0.72648191823899,0.041169205
2022-07-12,516630.SH,华夏中证云计算与大数据主题ETF,20210903,中证云计算与大数据主题指数,中证云计算与大数据主题指数收益率,华夏基金管理有限公司,中国银行股份有限公司,股票型ETF,主题指数ETF,930851.CSI,69699714.4,5202000,3752455,0.718,0.72134851980008,0.08363535
2022-07-13,516630.SH,华夏中证云计算与大数据主题ETF,20210903,中证云计算与大数据主题指数,中证云计算与大数据主题指数收益率,华夏基金管理有限公司,中国银行股份有限公司,股票型ETF,主题指数ETF,930851.CSI,70010613.6,4423600,3191137,0.72,0.72138914006691,-0.083263947
2022-07-14,516630.SH,华夏中证云计算与大数据主题ETF,20210903,中证云计算与大数据主题指数,中证云计算与大数据主题指数收益率,华夏基金管理有限公司,中国银行股份有限公司,股票型ETF,主题指数ETF,930851.CSI,70243788.0,2265700,1641085,0.723,0.72431698812729,0
2022-07-15,516630.SH,华夏中证云计算与大数据主题ETF,20210903,中证云计算与大数据主题指数,中证云计算与大数据主题指数收益率,华夏基金管理有限公司,中国银行股份有限公司,股票型ETF,主题指数ETF,930851.CSI,69213934.4,1345700,972813,0.712,0.72290480790667,-0.056148231
2022-07-18,516630.SH,华夏中证云计算与大数据主题ETF,20210903,中证云计算与大数据主题指数,中证云计算与大数据主题指数收益率,华夏基金管理有限公司,中国银行股份有限公司,股票型ETF,主题指数ETF,930851.CSI,69730316.8,6372000,4636675,0.732,0.72766399874451,-0.109170306
2022-07-19,516630.SH,华夏中证云计算与大数据主题ETF,20210903,中证云计算与大数据主题指数,中证云计算与大数据主题指数收益率,华夏基金管理有限公司,中国银行股份有限公司,股票型ETF,主题指数ETF,930851.CSI,71719077.2,3013400,2248995,0.752,0.74633138647375,-0.225553934
2022-07-20,516630.SH,华夏中证云计算与大数据主题ETF,20210903,中证云计算与大数据主题指数,中证云计算与大数据主题指数收益率,华夏基金管理有限公司,中国银行股份有限公司,股票型ETF,主题指数ETF,930851.CSI,72451778.4,2821700,2144972,0.757,0.76017011021724,-0.577882847
2022-07-21,516630.SH,华夏中证云计算与大数据主题ETF,20210903,中证云计算与大数据主题指数,中证云计算与大数据主题指数收益率,华夏基金管理有限公司,中国银行股份有限公司,股票型ETF,主题指数ETF,930851.CSI,72175826.0,1680900,1281866,0.757,0.76260693676007,-0.197758734
2022-07-22,516630.SH,华夏中证云计算与大数据主题ETF,20210903,中证云计算与大数据主题指数,中证云计算与大数据主题指数收益率,华夏基金管理有限公司,中国银行股份有限公司,股票型ETF,主题指数ETF,930851.CSI,71205234.8,3024400,2263715,0.748,0.74848399682582,-0.040090873
2022-07-25,516630.SH,华夏中证云计算与大数据主题ETF,20210903,中证云计算与大数据主题指数,中证云计算与大数据主题指数收益率,华夏基金管理有限公司,中国银行股份有限公司,股票型ETF,主题指数ETF,930851.CSI,71328520.8,7049100,5236190,0.741,0.74281681349392,-0.107845781
2022-07-26,516630.SH,华夏中证云计算与大数据主题ETF,20210903,中证云计算与大数据主题指数,中证云计算与大数据主题指数收益率,华夏基金管理有限公司,中国银行股份有限公司,股票型ETF,主题指数ETF,930851.CSI,72482392.8,6192100,4633391,0.754,0.748274575669,0.026532237
2022-07-27,516630.SH,华夏中证云计算与大数据主题ETF,20210903,中证云计算与大数据主题指数,中证云计算与大数据主题指数收益率,华夏基金管理有限公司,中国银行股份有限公司,股票型ETF,主题指数ETF,930851.CSI,73411073.6,8234000,6214833,0.753,0.75477690065582,-0.344097406
2022-07-28,516630.SH,华夏中证云计算与大数据主题ETF,20210903,中证云计算与大数据主题指数,中证云计算与大数据主题指数收益率,华夏基金管理有限公司,中国银行股份有限公司,股票型ETF,主题指数ETF,930851.CSI,74091165.6,7822500,5977798,0.761,0.76417999360818,-0.20980855
2022-07-29,516630.SH,华夏中证云计算与大数据主题ETF,20210903,中证云计算与大数据主题指数,中证云计算与大数据主题指数收益率,华夏基金管理有限公司,中国银行股份有限公司,股票型ETF,主题指数ETF,930851.CSI,73636631.2,9347300,7060595,0.747,0.75536197618564,-0.426552919
2022-08-01,516630.SH,华夏中证云计算与大数据主题ETF,20210903,中证云计算与大数据主题指数,中证云计算与大数据主题指数收益率,华夏基金管理有限公司,中国银行股份有限公司,股票型ETF,主题指数ETF,930851.CSI,74078333.2,6511700,4893264,0.753,0.75145722315217,-0.225255068
2022-08-02,516630.SH,华夏中证云计算与大数据主题ETF,20210903,中证云计算与大数据主题指数,中证云计算与大数据主题指数收益率,华夏基金管理有限公司,中国银行股份有限公司,股票型ETF,主题指数ETF,930851.CSI,71379043.2,8375500,6121441,0.728,0.73087469404812,0.110011001
2022-08-03,516630.SH,华夏中证云计算与大数据主题ETF,20210903,中证云计算与大数据主题指数,中证云计算与大数据主题指数收益率,华夏基金管理有限公司,中国银行股份有限公司,股票型ETF,主题指数ETF,930851.CSI,73008562.8,11836200,8777945,0.736,0.74161850931887,-0.040744262
2022-08-04,516630.SH,华夏中证云计算与大数据主题ETF,20210903,中证云计算与大数据主题指数,中证云计算与大数据主题指数收益率,华夏基金管理有限公司,中国银行股份有限公司,股票型ETF,主题指数ETF,930851.CSI,73067326.4,9269700,6883761,0.743,0.74260882229198,-0.18807093
2022-08-05,516630.SH,华夏中证云计算与大数据主题ETF,20210903,中证云计算与大数据主题指数,中证云计算与大数据主题指数收益率,华夏基金管理有限公司,中国银行股份有限公司,股票型ETF,主题指数ETF,930851.CSI,77817628.8,14600200,11178415,0.786,0.76563437487158,0.152905199
2022-08-08,516630.SH,华夏中证云计算与大数据主题ETF,20210903,中证云计算与大数据主题指数,中证云计算与大数据主题指数收益率,华夏基金管理有限公司,中国银行股份有限公司,股票型ETF,主题指数ETF,930851.CSI,76626937.2,11455700,8972885,0.789,0.78326815471774,0.038037277
2022-08-09,516630.SH,华夏中证云计算与大数据主题ETF,20210903,中证云计算与大数据主题指数,中证云计算与大数据主题指数收益率,华夏基金管理有限公司,中国银行股份有限公司,股票型ETF,主题指数ETF,930851.CSI,75733102.0,5325100,4136006,0.779,0.77670015586562,-0.064143682
2022-08-10,516630.SH,华夏中证云计算与大数据主题ETF,20210903,中证云计算与大数据主题指数,中证云计算与大数据主题指数收益率,华夏基金管理有限公司,中国银行股份有限公司,股票型ETF,主题指数ETF,930851.CSI,76002190.8,4754800,3697804,0.773,0.7776991671574,-0.167893581
2022-08-11,516630.SH,华夏中证云计算与大数据主题ETF,20210903,中证云计算与大数据主题指数,中证云计算与大数据主题指数收益率,华夏基金管理有限公司,中国银行股份有限公司,股票型ETF,主题指数ETF,930851.CSI,78214252.8,11018700,8652519,0.789,0.78525769827657,0.02535497
2022-08-12,516630.SH,华夏中证云计算与大数据主题ETF,20210903,中证云计算与大数据主题指数,中证云计算与大数据主题指数收益率,华夏基金管理有限公司,中国银行股份有限公司,股票型ETF,主题指数ETF,930851.CSI,76394814.8,9610600,7509813,0.78,0.78140938130814,0.218424772
2022-08-15,516630.SH,华夏中证云计算与大数据主题ETF,20210903,中证云计算与大数据主题指数,中证云计算与大数据主题指数收益率,华夏基金管理有限公司,中国银行股份有限公司,股票型ETF,主题指数ETF,930851.CSI,76627756.8,7290500,5634301,0.771,0.77282778958919,-0.232919255
2022-08-16,516630.SH,华夏中证云计算与大数据主题ETF,20210903,中证云计算与大数据主题指数,中证云计算与大数据主题指数收益率,华夏基金管理有限公司,中国银行股份有限公司,股票型ETF,主题指数ETF,930851.CSI,75616365.6,6168200,4737276,0.764,0.76801595279012,0.183582481
2022-08-17,516630.SH,华夏中证云计算与大数据主题ETF,20210903,中证云计算与大数据主题指数,中证云计算与大数据主题指数收益率,华夏基金管理有限公司,中国银行股份有限公司,股票型ETF,主题指数ETF,930851.CSI,76241048.4,5875900,4495334,0.77,0.76504603550094,0.143061516
2022-08-18,516630.SH,华夏中证云计算与大数据主题ETF,20210903,中证云计算与大数据主题指数,中证云计算与大数据主题指数收益率,华夏基金管理有限公司,中国银行股份有限公司,股票型ETF,主题指数ETF,930851.CSI,75187496.0,8424900,6421493,0.765,0.76220406176928,-0.130548303
2022-08-19,516630.SH,华夏中证云计算与大数据主题ETF,20210903,中证云计算与大数据主题指数,中证云计算与大数据主题指数收益率,华夏基金管理有限公司,中国银行股份有限公司,股票型ETF,主题指数ETF,930851.CSI,73999808.4,10763400,8235484,0.755,0.76513778174183,0.145907945
2022-08-22,516630.SH,华夏中证云计算与大数据主题ETF,20210903,中证云计算与大数据主题指数,中证云计算与大数据主题指数收益率,华夏基金管理有限公司,中国银行股份有限公司,股票型ETF,主题指数ETF,930851.CSI,74510219.6,5786400,4391383,0.758,0.75891452371077,-0.144908444
2022-08-23,516630.SH,华夏中证云计算与大数据主题ETF,20210903,中证云计算与大数据主题指数,中证云计算与大数据主题指数收益率,华夏基金管理有限公司,中国银行股份有限公司,股票型ETF,主题指数ETF,930851.CSI,74716347.2,8384000,6366235,0.761,0.75933146469466,-0.026274304
2022-08-24,516630.SH,华夏中证云计算与大数据主题ETF,20210903,中证云计算与大数据主题指数,中证云计算与大数据主题指数收益率,华夏基金管理有限公司,中国银行股份有限公司,股票型ETF,主题指数ETF,930851.CSI,71594986.4,9619600,7159297,0.73,0.7442406129153,0.082259391
2022-08-25,516630.SH,华夏中证云计算与大数据主题ETF,20210903,中证云计算与大数据主题指数,中证云计算与大数据主题指数收益率,华夏基金管理有限公司,中国银行股份有限公司,股票型ETF,主题指数ETF,930851.CSI,71447752.4,9295700,6733686,0.727,0.72438718977592,-0.123643358
2022-08-26,516630.SH,华夏中证云计算与大数据主题ETF,20210903,中证云计算与大数据主题指数,中证云计算与大数据主题指数收益率,华夏基金管理有限公司,中国银行股份有限公司,股票型ETF,主题指数ETF,930851.CSI,71212178.0,5890600,4310795,0.726,0.7318091535667,0.068917988
2022-08-29,516630.SH,华夏中证云计算与大数据主题ETF,20210903,中证云计算与大数据主题指数,中证云计算与大数据主题指数收益率,华夏基金管理有限公司,中国银行股份有限公司,股票型ETF,主题指数ETF,930851.CSI,70750844.8,9772600,7025512,0.719,0.71889896240509,-0.249722531
2022-08-30,516630.SH,华夏中证云计算与大数据主题ETF,20210903,中证云计算与大数据主题指数,中证云计算与大数据主题指数收益率,华夏基金管理有限公司,中国银行股份有限公司,股票型ETF,主题指数ETF,930851.CSI,71349596.4,7693700,5565370,0.727,0.72336717054213,0.01375705
2022-08-31,516630.SH,华夏中证云计算与大数据主题ETF,20210903,中证云计算与大数据主题指数,中证云计算与大数据主题指数收益率,华夏基金管理有限公司,中国银行股份有限公司,股票型ETF,主题指数ETF,930851.CSI,70711582.4,8787600,6324844,0.72,0.71974646092221,-0.055524708
2022-09-01,516630.SH,华夏中证云计算与大数据主题ETF,20210903,中证云计算与大数据主题指数,中证云计算与大数据主题指数收益率,华夏基金管理有限公司,中国银行股份有限公司,股票型ETF,主题指数ETF,930851.CSI,71320149.6,8270000,6042699,0.726,0.73067702539299,-0.082576383
2022-09-02,516630.SH,华夏中证云计算与大数据主题ETF,20210903,中证云计算与大数据主题指数,中证云计算与大数据主题指数收益率,华夏基金管理有限公司,中国银行股份有限公司,股票型ETF,主题指数ETF,930851.CSI,71118192.0,8044800,5873367,0.73,0.73008241348449,-0.273224044
2022-09-05,516630.SH,华夏中证云计算与大数据主题ETF,20210903,中证云计算与大数据主题指数,中证云计算与大数据主题指数收益率,华夏基金管理有限公司,中国银行股份有限公司,股票型ETF,主题指数ETF,930851.CSI,70700421.2,8586600,6225635,0.726,0.72504076118603,-0.233612753
2022-09-06,516630.SH,华夏中证云计算与大数据主题ETF,20210903,中证云计算与大数据主题指数,中证云计算与大数据主题指数收益率,华夏基金管理有限公司,中国银行股份有限公司,股票型ETF,主题指数ETF,930851.CSI,70778146.0,5353600,3881386,0.728,0.72500485654513,-0.06863418
2022-09-07,516630.SH,华夏中证云计算与大数据主题ETF,20210903,中证云计算与大数据主题指数,中证云计算与大数据主题指数收益率,华夏基金管理有限公司,中国银行股份有限公司,股票型ETF,主题指数ETF,930851.CSI,71030751.6,4602700,3358136,0.731,0.72960132096378,-0.013678019
2022-09-08,516630.SH,华夏中证云计算与大数据主题ETF,20210903,中证云计算与大数据主题指数,中证云计算与大数据主题指数收益率,华夏基金管理有限公司,中国银行股份有限公司,股票型ETF,主题指数ETF,930851.CSI,70166063.2,5645600,4082134,0.721,0.72306468754428,-0.166158959
2022-09-09,516630.SH,华夏中证云计算与大数据主题ETF,20210903,中证云计算与大数据主题指数,中证云计算与大数据主题指数收益率,华夏基金管理有限公司,中国银行股份有限公司,股票型ETF,主题指数ETF,930851.CSI,70817008.4,7071500,5140027,0.727,0.72686516297815,-0.260666758
2022-09-13,516630.SH,华夏中证云计算与大数据主题ETF,20210903,中证云计算与大数据主题指数,中证云计算与大数据主题指数收益率,华夏基金管理有限公司,中国银行股份有限公司,股票型ETF,主题指数ETF,930851.CSI,71089045.2,3520600,2578287,0.73,0.73234306652275,-0.232335657
2022-09-14,516630.SH,华夏中证云计算与大数据主题ETF,20210903,中证云计算与大数据主题指数,中证云计算与大数据主题指数收益率,华夏基金管理有限公司,中国银行股份有限公司,股票型ETF,主题指数ETF,930851.CSI,70434270.0,8938700,6510602,0.733,0.72836117108752,0.068259386
2022-09-15,516630.SH,华夏中证云计算与大数据主题ETF,20210903,中证云计算与大数据主题指数,中证云计算与大数据主题指数收益率,华夏基金管理有限公司,中国银行股份有限公司,股票型ETF,主题指数ETF,930851.CSI,69395785.2,7533000,5445325,0.721,0.72286273728926,-0.09699321
2022-09-16,516630.SH,华夏中证云计算与大数据主题ETF,20210903,中证云计算与大数据主题指数,中证云计算与大数据主题指数收益率,华夏基金管理有限公司,中国银行股份有限公司,股票型ETF,主题指数ETF,930851.CSI,68512320.0,10571900,7724949,0.72,0.73070583338851,0
2022-09-19,516630.SH,华夏中证云计算与大数据主题ETF,20210903,中证云计算与大数据主题指数,中证云计算与大数据主题指数收益率,华夏基金管理有限公司,中国银行股份有限公司,股票型ETF,主题指数ETF,930851.CSI,66875636.8,7323100,5159416,0.701,0.70453988065164,-0.256118384
2022-09-20,516630.SH,华夏中证云计算与大数据主题ETF,20210903,中证云计算与大数据主题指数,中证云计算与大数据主题指数收益率,华夏基金管理有限公司,中国银行股份有限公司,股票型ETF,主题指数ETF,930851.CSI,66514044.0,4327200,3025363,0.698,0.69915025882788,-0.143061516
2022-09-21,516630.SH,华夏中证云计算与大数据主题ETF,20210903,中证云计算与大数据主题指数,中证云计算与大数据主题指数收益率,华夏基金管理有限公司,中国银行股份有限公司,股票型ETF,主题指数ETF,930851.CSI,66599684.4,2219200,1533931,0.699,0.69120899423216,-0.128589799
2022-09-22,516630.SH,华夏中证云计算与大数据主题ETF,20210903,中证云计算与大数据主题指数,中证云计算与大数据主题指数收益率,华夏基金管理有限公司,中国银行股份有限公司,股票型ETF,主题指数ETF,930851.CSI,67472665.2,2326200,1634885,0.701,0.70281360158198,-0.099757731
2022-09-23,516630.SH,华夏中证云计算与大数据主题ETF,20210903,中证云计算与大数据主题指数,中证云计算与大数据主题指数收益率,华夏基金管理有限公司,中国银行股份有限公司,股票型ETF,主题指数ETF,930851.CSI,66309177.6,3974000,2762718,0.69,0.69519828887771,0.05800464
2022-09-26,516630.SH,华夏中证云计算与大数据主题ETF,20210903,中证云计算与大数据主题指数,中证云计算与大数据主题指数收益率,华夏基金管理有限公司,中国银行股份有限公司,股票型ETF,主题指数ETF,930851.CSI,64770681.6,5181300,3520508,0.674,0.67946422712447,0.059382423
2022-09-27,516630.SH,华夏中证云计算与大数据主题ETF,20210903,中证云计算与大数据主题指数,中证云计算与大数据主题指数收益率,华夏基金管理有限公司,中国银行股份有限公司,股票型ETF,主题指数ETF,930851.CSI,66318793.2,1502200,1023618,0.689,0.68141259486087,-0.101493403
2022-09-28,516630.SH,华夏中证云计算与大数据主题ETF,20210903,中证云计算与大数据主题指数,中证云计算与大数据主题指数收益率,华夏基金管理有限公司,中国银行股份有限公司,股票型ETF,主题指数ETF,930851.CSI,64712988.0,1669800,1137249,0.674,0.68106899029824,0.14858841
2022-09-29,516630.SH,华夏中证云计算与大数据主题ETF,20210903,中证云计算与大数据主题指数,中证云计算与大数据主题指数收益率,华夏基金管理有限公司,中国银行股份有限公司,股票型ETF,主题指数ETF,930851.CSI,64924531.2,1527500,1035904,0.677,0.67816955810147,0.266587678
2022-09-30,516630.SH,华夏中证云计算与大数据主题ETF,20210903,中证云计算与大数据主题指数,中证云计算与大数据主题指数收益率,华夏基金管理有限公司,中国银行股份有限公司,股票型ETF,主题指数ETF,930851.CSI,64232208.0,2465700,1659175,0.67,0.67290221843695,0.299401198
2022-10-10,516630.SH,华夏中证云计算与大数据主题ETF,20210903,中证云计算与大数据主题指数,中证云计算与大数据主题指数收益率,华夏基金管理有限公司,中国银行股份有限公司,股票型ETF,主题指数ETF,930851.CSI,62299472.4,4774100,3134514,0.649,0.65656647326198,0.169779287
2022-10-11,516630.SH,华夏中证云计算与大数据主题ETF,20210903,中证云计算与大数据主题指数,中证云计算与大数据主题指数收益率,华夏基金管理有限公司,中国银行股份有限公司,股票型ETF,主题指数ETF,930851.CSI,61972542.0,3213300,2070278,0.645,0.64428406933682,0.077579519
2022-10-12,516630.SH,华夏中证云计算与大数据主题ETF,20210903,中证云计算与大数据主题指数,中证云计算与大数据主题指数收益率,华夏基金管理有限公司,中国银行股份有限公司,股票型ETF,主题指数ETF,930851.CSI,65097612.0,4554700,2999477,0.674,0.65854545853734,-0.443131462
2022-10-13,516630.SH,华夏中证云计算与大数据主题ETF,20210903,中证云计算与大数据主题指数,中证云计算与大数据主题指数收益率,华夏基金管理有限公司,中国银行股份有限公司,股票型ETF,主题指数ETF,930851.CSI,67261098.8,6858500,4770350,0.693,0.69553838302836,0.101112235
2022-10-14,516630.SH,华夏中证云计算与大数据主题ETF,20210903,中证云计算与大数据主题指数,中证云计算与大数据主题指数收益率,华夏基金管理有限公司,中国银行股份有限公司,股票型ETF,主题指数ETF,930851.CSI,68417255.2,5609500,3933431,0.705,0.70120884214279,0.11360409
2022-10-17,516630.SH,华夏中证云计算与大数据主题ETF,20210903,中证云计算与大数据主题指数,中证云计算与大数据主题指数收益率,华夏基金管理有限公司,中国银行股份有限公司,股票型ETF,主题指数ETF,930851.CSI,70020329.2,6839600,4918163,0.721,0.7190717293409,0.041626197
2022-10-18,516630.SH,华夏中证云计算与大数据主题ETF,20210903,中证云计算与大数据主题指数,中证云计算与大数据主题指数收益率,华夏基金管理有限公司,中国银行股份有限公司,股票型ETF,主题指数ETF,930851.CSI,69417962.0,5339100,3811394,0.714,0.71386450899964,-0.069979006
2022-10-19,516630.SH,华夏中证云计算与大数据主题ETF,20210903,中证云计算与大数据主题指数,中证云计算与大数据主题指数收益率,华夏基金管理有限公司,中国银行股份有限公司,股票型ETF,主题指数ETF,930851.CSI,69175072.0,5240600,3732921,0.712,0.71230794183872,0
2022-10-20,516630.SH,华夏中证云计算与大数据主题ETF,20210903,中证云计算与大数据主题指数,中证云计算与大数据主题指数收益率,华夏基金管理有限公司,中国银行股份有限公司,股票型ETF,主题指数ETF,930851.CSI,69913457.6,2901400,2077874,0.718,0.716162542221,-0.222345748
2022-10-21,516630.SH,华夏中证云计算与大数据主题ETF,20210903,中证云计算与大数据主题指数,中证云计算与大数据主题指数收益率,华夏基金管理有限公司,中国银行股份有限公司,股票型ETF,主题指数ETF,930851.CSI,70642127.6,4576900,3316171,0.727,0.72454521619437,-0.013753266
2022-10-24,516630.SH,华夏中证云计算与大数据主题ETF,20210903,中证云计算与大数据主题指数,中证云计算与大数据主题指数收益率,华夏基金管理有限公司,中国银行股份有限公司,股票型ETF,主题指数ETF,930851.CSI,70486678.0,5553600,4059594,0.726,0.73098422644771,0.068917988
2022-10-25,516630.SH,华夏中证云计算与大数据主题ETF,20210903,中证云计算与大数据主题指数,中证云计算与大数据主题指数收益率,华夏基金管理有限公司,中国银行股份有限公司,股票型ETF,主题指数ETF,930851.CSI,69945965.6,7075500,5056729,0.711,0.71468150660731,-0.224529891
2022-10-26,516630.SH,华夏中证云计算与大数据主题ETF,20210903,中证云计算与大数据主题指数,中证云计算与大数据主题指数收益率,华夏基金管理有限公司,中国银行股份有限公司,股票型ETF,主题指数ETF,930851.CSI,72973871.6,8647100,6432632,0.75,0.74390628071839,-0.146451871
2022-10-27,516630.SH,华夏中证云计算与大数据主题ETF,20210903,中证云计算与大数据主题指数,中证云计算与大数据主题指数收益率,华夏基金管理有限公司,中国银行股份有限公司,股票型ETF,主题指数ETF,930851.CSI,75218175.2,8958100,6943126,0.775,0.77506681104252,0.103332472
2022-10-28,516630.SH,华夏中证云计算与大数据主题ETF,20210903,中证云计算与大数据主题指数,中证云计算与大数据主题指数收益率,华夏基金管理有限公司,中国银行股份有限公司,股票型ETF,主题指数ETF,930851.CSI,73867706.8,8790100,6783688,0.759,0.77174184594032,-0.170985137
2022-10-31,516630.SH,华夏中证云计算与大数据主题ETF,20210903,中证云计算与大数据主题指数,中证云计算与大数据主题指数收益率,华夏基金管理有限公司,中国银行股份有限公司,股票型ETF,主题指数ETF,930851.CSI,77965310.8,13467700,10630223,0.794,0.78931242899678,-0.037769105
2022-11-01,516630.SH,华夏中证云计算与大数据主题ETF,20210903,中证云计算与大数据主题指数,中证云计算与大数据主题指数收益率,华夏基金管理有限公司,中国银行股份有限公司,股票型ETF,主题指数ETF,930851.CSI,77386348.8,9426700,7519835,0.803,0.7977165922327,-0.223658052
2022-11-02,516630.SH,华夏中证云计算与大数据主题ETF,20210903,中证云计算与大数据主题指数,中证云计算与大数据主题指数收益率,华夏基金管理有限公司,中国银行股份有限公司,股票型ETF,主题指数ETF,930851.CSI,77492120.4,8279200,6612632,0.805,0.79870422263021,-0.111676387
2022-11-03,516630.SH,华夏中证云计算与大数据主题ETF,20210903,中证云计算与大数据主题指数,中证云计算与大数据主题指数收益率,华夏基金管理有限公司,中国银行股份有限公司,股票型ETF,主题指数ETF,930851.CSI,75443997.6,7087500,5571868,0.784,0.78615421516755,-0.076472088
2022-11-04,516630.SH,华夏中证云计算与大数据主题ETF,20210903,中证云计算与大数据主题指数,中证云计算与大数据主题指数收益率,华夏基金管理有限公司,中国银行股份有限公司,股票型ETF,主题指数ETF,930851.CSI,76828644.0,5039500,4000830,0.796,0.79389423553924,-0.375469337
2022-11-07,516630.SH,华夏中证云计算与大数据主题ETF,20210903,中证云计算与大数据主题指数,中证云计算与大数据主题指数收益率,华夏基金管理有限公司,中国银行股份有限公司,股票型ETF,主题指数ETF,930851.CSI,76472866.8,8331100,6629738,0.796,0.79578182953031,0.0880171
2022-11-08,516630.SH,华夏中证云计算与大数据主题ETF,20210903,中证云计算与大数据主题指数,中证云计算与大数据主题指数收益率,华夏基金管理有限公司,中国银行股份有限公司,股票型ETF,主题指数ETF,930851.CSI,75456618.4,9916400,7863924,0.8,0.79302206445888,-0.174694285
2022-11-09,516630.SH,华夏中证云计算与大数据主题ETF,20210903,中证云计算与大数据主题指数,中证云计算与大数据主题指数收益率,华夏基金管理有限公司,中国银行股份有限公司,股票型ETF,主题指数ETF,930851.CSI,74741032.8,5140400,4088565,0.793,0.7953787642985,-0.100781053
2022-11-10,516630.SH,华夏中证云计算与大数据主题ETF,20210903,中证云计算与大数据主题指数,中证云计算与大数据主题指数收益率,华夏基金管理有限公司,中国银行股份有限公司,股票型ETF,主题指数ETF,930851.CSI,71430598.8,3862700,3066302,0.791,0.79382349134025,-0.164079263
2022-11-11,516630.SH,华夏中证云计算与大数据主题ETF,20210903,中证云计算与大数据主题指数,中证云计算与大数据主题指数收益率,华夏基金管理有限公司,中国银行股份有限公司,股票型ETF,主题指数ETF,930851.CSI,71818269.6,7657300,6122876,0.796,0.7996129183916,-0.07532011
2022-11-14,516630.SH,华夏中证云计算与大数据主题ETF,20210903,中证云计算与大数据主题指数,中证云计算与大数据主题指数收益率,华夏基金管理有限公司,中国银行股份有限公司,股票型ETF,主题指数ETF,930851.CSI,71734917.6,6438900,5133633,0.804,0.79728416344407,-0.074571216
2022-11-15,516630.SH,华夏中证云计算与大数据主题ETF,20210903,中证云计算与大数据主题指数,中证云计算与大数据主题指数收益率,华夏基金管理有限公司,中国银行股份有限公司,股票型ETF,主题指数ETF,930851.CSI,72983101.6,7360100,6033075,0.82,0.81970013994375,0.171023699
2022-11-16,516630.SH,华夏中证云计算与大数据主题ETF,20210903,中证云计算与大数据主题指数,中证云计算与大数据主题指数收益率,华夏基金管理有限公司,中国银行股份有限公司,股票型ETF,主题指数ETF,930851.CSI,72938523.6,7292400,5974914,0.819,0.81933437551423,0.110011001
2022-11-17,516630.SH,华夏中证云计算与大数据主题ETF,20210903,中证云计算与大数据主题指数,中证云计算与大数据主题指数收益率,华夏基金管理有限公司,中国银行股份有限公司,股票型ETF,主题指数ETF,930851.CSI,74103933.6,6309000,5188622,0.84,0.82241591377397,-0.071377587
2022-11-18,516630.SH,华夏中证云计算与大数据主题ETF,20210903,中证云计算与大数据主题指数,中证云计算与大数据主题指数收益率,华夏基金管理有限公司,中国银行股份有限公司,股票型ETF,主题指数ETF,930851.CSI,72295902.0,7719600,6551387,0.831,0.8486692315664,0.180831826
2022-11-21,516630.SH,华夏中证云计算与大数据主题ETF,20210903,中证云计算与大数据主题指数,中证云计算与大数据主题指数收益率,华夏基金管理有限公司,中国银行股份有限公司,股票型ETF,主题指数ETF,930851.CSI,71790397.2,5554700,4546031,0.825,0.81841161538877,0.157824451
2022-11-22,516630.SH,华夏中证云计算与大数据主题ETF,20210903,中证云计算与大数据主题指数,中证云计算与大数据主题指数收益率,华夏基金管理有限公司,中国银行股份有限公司,股票型ETF,主题指数ETF,930851.CSI,70796818.8,6018000,4909316,0.811,0.81577201728149,-0.160039394
2022-11-23,516630.SH,华夏中证云计算与大数据主题ETF,20210903,中证云计算与大数据主题指数,中证云计算与大数据主题指数收益率,华夏基金管理有限公司,中国银行股份有限公司,股票型ETF,主题指数ETF,930851.CSI,70204158.0,5774700,4629225,0.804,0.80163904618422,-0.186219739
2022-11-24,516630.SH,华夏中证云计算与大数据主题ETF,20210903,中证云计算与大数据主题指数,中证云计算与大数据主题指数收益率,华夏基金管理有限公司,中国银行股份有限公司,股票型ETF,主题指数ETF,930851.CSI,69062414.4,5564900,4422475,0.792,0.79470879979874,-0.050479556
2022-11-25,516630.SH,华夏中证云计算与大数据主题ETF,20210903,中证云计算与大数据主题指数,中证云计算与大数据主题指数收益率,华夏基金管理有限公司,中国银行股份有限公司,股票型ETF,主题指数ETF,930851.CSI,68269294.8,5677800,4465475,0.782,0.78647979851351,-0.165964509
2022-11-28,516630.SH,华夏中证云计算与大数据主题ETF,20210903,中证云计算与大数据主题指数,中证云计算与大数据主题指数收益率,华夏基金管理有限公司,中国银行股份有限公司,股票型ETF,主题指数ETF,930851.CSI,67737643.2,2223100,1725534,0.777,0.77618370743556,-0.025733402
2022-11-29,516630.SH,华夏中证云计算与大数据主题ETF,20210903,中证云计算与大数据主题指数,中证云计算与大数据主题指数收益率,华夏基金管理有限公司,中国银行股份有限公司,股票型ETF,主题指数ETF,930851.CSI,68696359.2,5547300,4349609,0.788,0.78409478485029,-0.02537427
2022-11-30,516630.SH,华夏中证云计算与大数据主题ETF,20210903,中证云计算与大数据主题指数,中证云计算与大数据主题指数收益率,华夏基金管理有限公司,中国银行股份有限公司,股票型ETF,主题指数ETF,930851.CSI,68530762.8,4331500,3395733,0.784,0.78396236869445,-0.29250922
2022-12-01,516630.SH,华夏中证云计算与大数据主题ETF,20210903,中证云计算与大数据主题指数,中证云计算与大数据主题指数收益率,华夏基金管理有限公司,中国银行股份有限公司,股票型ETF,主题指数ETF,930851.CSI,70387185.6,6272500,5022337,0.805,0.80069143084894,-0.321941555
2022-12-02,516630.SH,华夏中证云计算与大数据主题ETF,20210903,中证云计算与大数据主题指数,中证云计算与大数据主题指数收益率,华夏基金管理有限公司,中国银行股份有限公司,股票型ETF,主题指数ETF,930851.CSI,70483057.2,6770100,5537167,0.808,0.81788555560479,-0.086558674
2022-12-05,516630.SH,华夏中证云计算与大数据主题ETF,20210903,中证云计算与大数据主题指数,中证云计算与大数据主题指数收益率,华夏基金管理有限公司,中国银行股份有限公司,股票型ETF,主题指数ETF,930851.CSI,71711956.8,5433700,4464476,0.822,0.82162725214863,-0.097228974
2022-12-06,516630.SH,华夏中证云计算与大数据主题ETF,20210903,中证云计算与大数据主题指数,中证云计算与大数据主题指数收益率,华夏基金管理有限公司,中国银行股份有限公司,股票型ETF,主题指数ETF,930851.CSI,71337186.0,5505700,4516601,0.817,0.82035000090815,-0.183262065
2022-12-07,516630.SH,华夏中证云计算与大数据主题ETF,20210903,中证云计算与大数据主题指数,中证云计算与大数据主题指数收益率,华夏基金管理有限公司,中国银行股份有限公司,股票型ETF,主题指数ETF,930851.CSI,70735809.6,6429900,5216081,0.812,0.81122272508126,0.049285362
2022-12-08,516630.SH,华夏中证云计算与大数据主题ETF,20210903,中证云计算与大数据主题指数,中证云计算与大数据主题指数收益率,华夏基金管理有限公司,中国银行股份有限公司,股票型ETF,主题指数ETF,930851.CSI,69785809.2,3940100,3157905,0.799,0.80147838887338,-0.212314225
2022-12-09,516630.SH,华夏中证云计算与大数据主题ETF,20210903,中证云计算与大数据主题指数,中证云计算与大数据主题指数收益率,华夏基金管理有限公司,中国银行股份有限公司,股票型ETF,主题指数ETF,930851.CSI,69637644.0,4147200,3306472,0.798,0.79727816358025,-0.125156446
2022-12-12,516630.SH,华夏中证云计算与大数据主题ETF,20210903,中证云计算与大数据主题指数,中证云计算与大数据主题指数收益率,华夏基金管理有限公司,中国银行股份有限公司,股票型ETF,主题指数ETF,930851.CSI,71032140.0,7206500,5822133,0.813,0.80790022895997,-0.245398773
2022-12-13,516630.SH,华夏中证云计算与大数据主题ETF,20210903,中证云计算与大数据主题指数,中证云计算与大数据主题指数收益率,华夏基金管理有限公司,中国银行股份有限公司,股票型ETF,主题指数ETF,930851.CSI,69158286.0,4547700,3648908,0.793,0.80236339248411,-0.063011972
2022-12-14,516630.SH,华夏中证云计算与大数据主题ETF,20210903,中证云计算与大数据主题指数,中证云计算与大数据主题指数收益率,华夏基金管理有限公司,中国银行股份有限公司,股票型ETF,主题指数ETF,930851.CSI,69480763.2,6396100,5128891,0.798,0.80187786307281,0.100351229
2022-12-15,516630.SH,华夏中证云计算与大数据主题ETF,20210903,中证云计算与大数据主题指数,中证云计算与大数据主题指数收益率,华夏基金管理有限公司,中国银行股份有限公司,股票型ETF,主题指数ETF,930851.CSI,69269424.0,6714900,5413220,0.804,0.80615050112437,0
2022-12-16,516630.SH,华夏中证云计算与大数据主题ETF,20210903,中证云计算与大数据主题指数,中证云计算与大数据主题指数收益率,华夏基金管理有限公司,中国银行股份有限公司,股票型ETF,主题指数ETF,930851.CSI,68123549.2,6296800,4971652,0.79,0.78955215347478,-0.088529151
2022-12-19,516630.SH,华夏中证云计算与大数据主题ETF,20210903,中证云计算与大数据主题指数,中证云计算与大数据主题指数收益率,华夏基金管理有限公司,中国银行股份有限公司,股票型ETF,主题指数ETF,930851.CSI,67003521.2,7482500,5848558,0.775,0.78163154026061,-0.347177575
2022-12-20,516630.SH,华夏中证云计算与大数据主题ETF,20210903,中证云计算与大数据主题指数,中证云计算与大数据主题指数收益率,华夏基金管理有限公司,中国银行股份有限公司,股票型ETF,主题指数ETF,930851.CSI,65872504.8,8350300,6417478,0.756,0.76853262757027,0.026462027
2022-12-21,516630.SH,华夏中证云计算与大数据主题ETF,20210903,中证云计算与大数据主题指数,中证云计算与大数据主题指数收益率,华夏基金管理有限公司,中国银行股份有限公司,股票型ETF,主题指数ETF,930851.CSI,65532596.4,2232300,1685173,0.751,0.75490435873315,-0.119696768
2022-12-22,516630.SH,华夏中证云计算与大数据主题ETF,20210903,中证云计算与大数据主题指数,中证云计算与大数据主题指数收益率,华夏基金管理有限公司,中国银行股份有限公司,股票型ETF,主题指数ETF,930851.CSI,65889936.0,6229900,4725866,0.755,0.75857814732179,-0.132275132
2022-12-23,516630.SH,华夏中证云计算与大数据主题ETF,20210903,中证云计算与大数据主题指数,中证云计算与大数据主题指数收益率,华夏基金管理有限公司,中国银行股份有限公司,股票型ETF,主题指数ETF,930851.CSI,67197276.0,6337800,4883129,0.772,0.77047697939348,0.129701686
2022-12-26,516630.SH,华夏中证云计算与大数据主题ETF,20210903,中证云计算与大数据主题指数,中证云计算与大数据主题指数收益率,华夏基金管理有限公司,中国银行股份有限公司,股票型ETF,主题指数ETF,930851.CSI,67807368.0,3291200,2555239,0.778,0.77638520904229,0
2022-12-27,516630.SH,华夏中证云计算与大数据主题ETF,20210903,中证云计算与大数据主题指数,中证云计算与大数据主题指数收益率,华夏基金管理有限公司,中国银行股份有限公司,股票型ETF,主题指数ETF,930851.CSI,68155992.0,6021000,4680467,0.779,0.77735708354094,-0.383631714
2022-12-28,516630.SH,华夏中证云计算与大数据主题ETF,20210903,中证云计算与大数据主题指数,中证云计算与大数据主题指数收益率,华夏基金管理有限公司,中国银行股份有限公司,股票型ETF,主题指数ETF,930851.CSI,66917365.2,4355400,3398597,0.777,0.78031799605088,0.038624952
2022-12-29,516630.SH,华夏中证云计算与大数据主题ETF,20210903,中证云计算与大数据主题指数,中证云计算与大数据主题指数收益率,华夏基金管理有限公司,中国银行股份有限公司,股票型ETF,主题指数ETF,930851.CSI,67804772.0,5415100,4254088,0.786,0.78559731122232,-0.127064803
2022-12-30,516630.SH,华夏中证云计算与大数据主题ETF,20210903,中证云计算与大数据主题指数,中证云计算与大数据主题指数收益率,华夏基金管理有限公司,中国银行股份有限公司,股票型ETF,主题指数ETF,930851.CSI,68338939.2,8086300,6425273,0.792,0.79458751221201,-0.15128593
2023-01-03,516630.SH,华夏中证云计算与大数据主题ETF,20210903,中证云计算与大数据主题指数,中证云计算与大数据主题指数收益率,华夏基金管理有限公司,中国银行股份有限公司,股票型ETF,主题指数ETF,930851.CSI,72026416.0,6841600,5574960,0.834,0.81486202057998,-0.23923445
2023-01-04,516630.SH,华夏中证云计算与大数据主题ETF,20210903,中证云计算与大数据主题指数,中证云计算与大数据主题指数收益率,华夏基金管理有限公司,中国银行股份有限公司,股票型ETF,主题指数ETF,930851.CSI,73620673.2,6886500,5790939,0.845,0.84091178392507,0.035515568
2023-01-05,516630.SH,华夏中证云计算与大数据主题ETF,20210903,中证云计算与大数据主题指数,中证云计算与大数据主题指数收益率,华夏基金管理有限公司,中国银行股份有限公司,股票型ETF,主题指数ETF,930851.CSI,73899572.4,7617900,6436888,0.847,0.84496882342903,-0.106144593
2023-01-06,516630.SH,华夏中证云计算与大数据主题ETF,20210903,中证云计算与大数据主题指数,中证云计算与大数据主题指数收益率,华夏基金管理有限公司,中国银行股份有限公司,股票型ETF,主题指数ETF,930851.CSI,73359205.2,6739000,5677332,0.84,0.84245911856359,-0.201972199
2023-01-09,516630.SH,华夏中证云计算与大数据主题ETF,20210903,中证云计算与大数据主题指数,中证云计算与大数据主题指数收益率,华夏基金管理有限公司,中国银行股份有限公司,股票型ETF,主题指数ETF,930851.CSI,73367920.8,4676300,3931501,0.84,0.84072899514573,-0.213827512
2023-01-10,516630.SH,华夏中证云计算与大数据主题ETF,20210903,中证云计算与大数据主题指数,中证云计算与大数据主题指数收益率,华夏基金管理有限公司,中国银行股份有限公司,股票型ETF,主题指数ETF,930851.CSI,71445884.0,6749800,5648537,0.84,0.83684509170642,0.119189511
2023-01-11,516630.SH,华夏中证云计算与大数据主题ETF,20210903,中证云计算与大数据主题指数,中证云计算与大数据主题指数收益率,华夏基金管理有限公司,中国银行股份有限公司,股票型ETF,主题指数ETF,930851.CSI,70006747.6,7474300,6204990,0.823,0.83017673895883,0.109475733
2023-01-12,516630.SH,华夏中证云计算与大数据主题ETF,20210903,中证云计算与大数据主题指数,中证云计算与大数据主题指数收益率,华夏基金管理有限公司,中国银行股份有限公司,股票型ETF,主题指数ETF,930851.CSI,69756908.4,8166900,6738624,0.829,0.82511405796569,0.012064181
2023-01-13,516630.SH,华夏中证云计算与大数据主题ETF,20210903,中证云计算与大数据主题指数,中证云计算与大数据主题指数收益率,华夏基金管理有限公司,中国银行股份有限公司,股票型ETF,主题指数ETF,930851.CSI,69655921.2,6303100,5197398,0.827,0.82457806476178,-0.084571705
2023-01-16,516630.SH,华夏中证云计算与大数据主题ETF,20210903,中证云计算与大数据主题指数,中证云计算与大数据主题指数收益率,华夏基金管理有限公司,中国银行股份有限公司,股票型ETF,主题指数ETF,930851.CSI,70582812.8,7655000,6497646,0.846,0.84881071195297,-0.329877474
2023-01-17,516630.SH,华夏中证云计算与大数据主题ETF,20210903,中证云计算与大数据主题指数,中证云计算与大数据主题指数收益率,华夏基金管理有限公司,中国银行股份有限公司,股票型ETF,主题指数ETF,930851.CSI,70383238.4,5371800,4556080,0.846,0.84814773446517,-0.047258979
2023-01-18,516630.SH,华夏中证云计算与大数据主题ETF,20210903,中证云计算与大数据主题指数,中证云计算与大数据主题指数收益率,华夏基金管理有限公司,中国银行股份有限公司,股票型ETF,主题指数ETF,930851.CSI,72062989.6,5951300,5120318,0.864,0.86036966713155,-0.300023079
2023-01-19,516630.SH,华夏中证云计算与大数据主题ETF,20210903,中证云计算与大数据主题指数,中证云计算与大数据主题指数收益率,华夏基金管理有限公司,中国银行股份有限公司,股票型ETF,主题指数ETF,930851.CSI,74025471.2,3622400,3192334,0.89,0.88127594964664,-0.022466861
2023-01-20,516630.SH,华夏中证云计算与大数据主题ETF,20210903,中证云计算与大数据主题指数,中证云计算与大数据主题指数收益率,华夏基金管理有限公司,中国银行股份有限公司,股票型ETF,主题指数ETF,930851.CSI,75513178.8,4295900,3859545,0.896,0.89842524267325,-0.144879082
2023-01-30,516630.SH,华夏中证云计算与大数据主题ETF,20210903,中证云计算与大数据主题指数,中证云计算与大数据主题指数收益率,华夏基金管理有限公司,中国银行股份有限公司,股票型ETF,主题指数ETF,930851.CSI,76926999.6,6192800,5643185,0.913,0.91124935408862,-0.120336943
2023-01-31,516630.SH,华夏中证云计算与大数据主题ETF,20210903,中证云计算与大数据主题指数,中证云计算与大数据主题指数收益率,华夏基金管理有限公司,中国银行股份有限公司,股票型ETF,主题指数ETF,930851.CSI,74374726.4,9091400,8175070,0.895,0.89920914270629,0.067084079
2023-02-01,516630.SH,华夏中证云计算与大数据主题ETF,20210903,中证云计算与大数据主题指数,中证云计算与大数据主题指数收益率,华夏基金管理有限公司,中国银行股份有限公司,股票型ETF,主题指数ETF,930851.CSI,76204158.4,8073200,7303598,0.916,0.90467200118912,-0.043649062
2023-02-02,516630.SH,华夏中证云计算与大数据主题ETF,20210903,中证云计算与大数据主题指数,中证云计算与大数据主题指数收益率,华夏基金管理有限公司,中国银行股份有限公司,股票型ETF,主题指数ETF,930851.CSI,76137633.6,6921000,6395407,0.915,0.92405822857969,-0.065530799
2023-02-03,516630.SH,华夏中证云计算与大数据主题ETF,20210903,中证云计算与大数据主题指数,中证云计算与大数据主题指数收益率,华夏基金管理有限公司,中国银行股份有限公司,股票型ETF,主题指数ETF,930851.CSI,77809069.2,5600200,5161009,0.935,0.92157583657727,-0.074810302
2023-02-06,516630.SH,华夏中证云计算与大数据主题ETF,20210903,中证云计算与大数据主题指数,中证云计算与大数据主题指数收益率,华夏基金管理有限公司,中国银行股份有限公司,股票型ETF,主题指数ETF,930851.CSI,78765363.2,7146900,6764154,0.947,0.94644587163665,-0.021114865
2023-02-07,516630.SH,华夏中证云计算与大数据主题ETF,20210903,中证云计算与大数据主题指数,中证云计算与大数据主题指数收益率,华夏基金管理有限公司,中国银行股份有限公司,股票型ETF,主题指数ETF,930851.CSI,78382845.6,7467600,7027394,0.945,0.94105120788473,0.254614895
2023-02-08,516630.SH,华夏中证云计算与大数据主题ETF,20210903,中证云计算与大数据主题指数,中证云计算与大数据主题指数收益率,华夏基金管理有限公司,中国银行股份有限公司,股票型ETF,主题指数ETF,930851.CSI,76709057.2,5919700,5546758,0.932,0.93699984796527,-0.182071329
2023-02-09,516630.SH,华夏中证云计算与大数据主题ETF,20210903,中证云计算与大数据主题指数,中证云计算与大数据主题指数收益率,华夏基金管理有限公司,中国银行股份有限公司,股票型ETF,主题指数ETF,930851.CSI,78680801.2,5865600,5499938,0.956,0.93765991543917,-0.177508614
2023-02-10,516630.SH,华夏中证云计算与大数据主题ETF,20210903,中证云计算与大数据主题指数,中证云计算与大数据主题指数收益率,华夏基金管理有限公司,中国银行股份有限公司,股票型ETF,主题指数ETF,930851.CSI,77505970.4,4595100,4392018,0.945,0.95580466148724,0.169599322
2023-02-13,516630.SH,华夏中证云计算与大数据主题ETF,20210903,中证云计算与大数据主题指数,中证云计算与大数据主题指数收益率,华夏基金管理有限公司,中国银行股份有限公司,股票型ETF,主题指数ETF,930851.CSI,79083365.6,5567800,5296891,0.961,0.95134361866446,-0.166216497
2023-02-14,516630.SH,华夏中证云计算与大数据主题ETF,20210903,中证云计算与大数据主题指数,中证云计算与大数据主题指数收益率,华夏基金管理有限公司,中国银行股份有限公司,股票型ETF,主题指数ETF,930851.CSI,78573998.4,4510400,4320077,0.955,0.95780352075204,-0.146382267
2023-02-15,516630.SH,华夏中证云计算与大数据主题ETF,20210903,中证云计算与大数据主题指数,中证云计算与大数据主题指数收益率,华夏基金管理有限公司,中国银行股份有限公司,股票型ETF,主题指数ETF,930851.CSI,79242221.6,12399300,12129953,0.99,0.97827724145718,0.141614404
2023-02-16,516630.SH,华夏中证云计算与大数据主题ETF,20210903,中证云计算与大数据主题指数,中证云计算与大数据主题指数收益率,华夏基金管理有限公司,中国银行股份有限公司,股票型ETF,主题指数ETF,930851.CSI,75967632.0,13501300,13328977,0.974,0.9872365624051,0.205761317
2023-02-17,516630.SH,华夏中证云计算与大数据主题ETF,20210903,中证云计算与大数据主题指数,中证云计算与大数据主题指数收益率,华夏基金管理有限公司,中国银行股份有限公司,股票型ETF,主题指数ETF,930851.CSI,72520952.4,8814500,8289991,0.927,0.94049475296387,-0.09699321
2023-02-20,516630.SH,华夏中证云计算与大数据主题ETF,20210903,中证云计算与大数据主题指数,中证云计算与大数据主题指数收益率,华夏基金管理有限公司,中国银行股份有限公司,股票型ETF,主题指数ETF,930851.CSI,75248596.8,6590700,6257191,0.964,0.94939702914713,0.124636477
2023-02-21,516630.SH,华夏中证云计算与大数据主题ETF,20210903,中证云计算与大数据主题指数,中证云计算与大数据主题指数收益率,华夏基金管理有限公司,中国银行股份有限公司,股票型ETF,主题指数ETF,930851.CSI,76709292.0,10138800,9813058,0.956,0.96787174024539,-0.104493208
2023-02-22,516630.SH,华夏中证云计算与大数据主题ETF,20210903,中证云计算与大数据主题指数,中证云计算与大数据主题指数收益率,华夏基金管理有限公司,中国银行股份有限公司,股票型ETF,主题指数ETF,930851.CSI,77134118.8,7585000,7236559,0.96,0.95406183256427,-0.239010704
2023-02-23,516630.SH,华夏中证云计算与大数据主题ETF,20210903,中证云计算与大数据主题指数,中证云计算与大数据主题指数收益率,华夏基金管理有限公司,中国银行股份有限公司,股票型ETF,主题指数ETF,930851.CSI,75050062.8,6146800,5803353,0.937,0.9441258866402,0.074762362
2023-02-24,516630.SH,华夏中证云计算与大数据主题ETF,20210903,中证云计算与大数据主题指数,中证云计算与大数据主题指数收益率,华夏基金管理有限公司,中国银行股份有限公司,股票型ETF,主题指数ETF,930851.CSI,75253609.2,8391100,7956037,0.952,0.94815185136633,0.136741348
2023-02-27,516630.SH,华夏中证云计算与大数据主题ETF,20210903,中证云计算与大数据主题指数,中证云计算与大数据主题指数收益率,华夏基金管理有限公司,中国银行股份有限公司,股票型ETF,主题指数ETF,930851.CSI,74572867.6,5531100,5252892,0.942,0.94970114443782,-0.010614584
2023-02-28,516630.SH,华夏中证云计算与大数据主题ETF,20210903,中证云计算与大数据主题指数,中证云计算与大数据主题指数收益率,华夏基金管理有限公司,中国银行股份有限公司,股票型ETF,主题指数ETF,930851.CSI,76338046.4,7700400,7425330,0.966,0.96427847904005,0.165906263
2023-03-01,516630.SH,华夏中证云计算与大数据主题ETF,20210903,中证云计算与大数据主题指数,中证云计算与大数据主题指数收益率,华夏基金管理有限公司,中国银行股份有限公司,股票型ETF,主题指数ETF,930851.CSI,80564795.6,11760500,11642236,1.003,0.98994396496748,-0.208934434
2023-03-02,516630.SH,华夏中证云计算与大数据主题ETF,20210903,中证云计算与大数据主题指数,中证云计算与大数据主题指数收益率,华夏基金管理有限公司,中国银行股份有限公司,股票型ETF,主题指数ETF,930851.CSI,86084200.4,14018400,14165075,1.009,1.0104630342978,-0.18795133
2023-03-03,516630.SH,华夏中证云计算与大数据主题ETF,20210903,中证云计算与大数据主题指数,中证云计算与大数据主题指数收益率,华夏基金管理有限公司,中国银行股份有限公司,股票型ETF,主题指数ETF,930851.CSI,85535676.8,11033200,10931990,0.993,0.99082677736287,0.020145044
2023-03-06,516630.SH,华夏中证云计算与大数据主题ETF,20210903,中证云计算与大数据主题指数,中证云计算与大数据主题指数收益率,华夏基金管理有限公司,中国银行股份有限公司,股票型ETF,主题指数ETF,930851.CSI,85311671.2,8292800,8200996,0.99,0.98892967393402,-0.02019794
2023-03-07,516630.SH,华夏中证云计算与大数据主题ETF,20210903,中证云计算与大数据主题指数,中证云计算与大数据主题指数收益率,华夏基金管理有限公司,中国银行股份有限公司,股票型ETF,主题指数ETF,930851.CSI,83957374.8,9465200,9260511,0.962,0.97837457211681,-0.134952767
2023-03-08,516630.SH,华夏中证云计算与大数据主题ETF,20210903,中证云计算与大数据主题指数,中证云计算与大数据主题指数收益率,华夏基金管理有限公司,中国银行股份有限公司,股票型ETF,主题指数ETF,930851.CSI,93300458.0,17865400,17423412,0.98,0.97526011172434,-0.050994391
2023-03-09,516630.SH,华夏中证云计算与大数据主题ETF,20210903,中证云计算与大数据主题指数,中证云计算与大数据主题指数收益率,华夏基金管理有限公司,中国银行股份有限公司,股票型ETF,主题指数ETF,930851.CSI,92028812.4,10392500,10156737,0.986,0.97731412076016,-0.192327159
2023-03-10,516630.SH,华夏中证云计算与大数据主题ETF,20210903,中证云计算与大数据主题指数,中证云计算与大数据主题指数收益率,华夏基金管理有限公司,中国银行股份有限公司,股票型ETF,主题指数ETF,930851.CSI,91209039.6,6739800,6634918,0.979,0.98443841063533,-0.010213461
2023-03-13,516630.SH,华夏中证云计算与大数据主题ETF,20210903,中证云计算与大数据主题指数,中证云计算与大数据主题指数收益率,华夏基金管理有限公司,中国银行股份有限公司,股票型ETF,主题指数ETF,930851.CSI,89143156.8,15030900,15099837,1.022,1.0045863521146,-0.07821666
2023-03-14,516630.SH,华夏中证云计算与大数据主题ETF,20210903,中证云计算与大数据主题指数,中证云计算与大数据主题指数收益率,华夏基金管理有限公司,中国银行股份有限公司,股票型ETF,主题指数ETF,930851.CSI,88931772.8,7826400,7911484,1.01,1.0108714095881,0.118953212
2023-03-15,516630.SH,华夏中证云计算与大数据主题ETF,20210903,中证云计算与大数据主题指数,中证云计算与大数据主题指数收益率,华夏基金管理有限公司,中国银行股份有限公司,股票型ETF,主题指数ETF,930851.CSI,91004050.0,9804900,9805586,0.991,1.0000699650175,0.35443038
2023-03-16,516630.SH,华夏中证云计算与大数据主题ETF,20210903,中证云计算与大数据主题指数,中证云计算与大数据主题指数收益率,华夏基金管理有限公司,中国银行股份有限公司,股票型ETF,主题指数ETF,930851.CSI,91236986.4,7612600,7473981,0.981,0.98179084675407,0.163365326
2023-03-17,516630.SH,华夏中证云计算与大数据主题ETF,20210903,中证云计算与大数据主题指数,中证云计算与大数据主题指数收益率,华夏基金管理有限公司,中国银行股份有限公司,股票型ETF,主题指数ETF,930851.CSI,89657377.2,17545100,17862949,1.027,1.0181161121909,-0.165257121
2023-03-20,516630.SH,华夏中证云计算与大数据主题ETF,20210903,中证云计算与大数据主题指数,中证云计算与大数据主题指数收益率,华夏基金管理有限公司,中国银行股份有限公司,股票型ETF,主题指数ETF,930851.CSI,88843616.8,11158600,11467568,1.009,1.0276887781621,0.119071244
2023-03-21,516630.SH,华夏中证云计算与大数据主题ETF,20210903,中证云计算与大数据主题指数,中证云计算与大数据主题指数收益率,华夏基金管理有限公司,中国银行股份有限公司,股票型ETF,主题指数ETF,930851.CSI,88733523.6,7213800,7328637,1.019,1.0159190717791,0.088399961
2023-03-22,516630.SH,华夏中证云计算与大数据主题ETF,20210903,中证云计算与大数据主题指数,中证云计算与大数据主题指数收益率,华夏基金管理有限公司,中国银行股份有限公司,股票型ETF,主题指数ETF,930851.CSI,89877939.2,7738900,7945946,1.04,1.0267539314373,-0.306748466
2023-03-23,516630.SH,华夏中证云计算与大数据主题ETF,20210903,中证云计算与大数据主题指数,中证云计算与大数据主题指数收益率,华夏基金管理有限公司,中国银行股份有限公司,股票型ETF,主题指数ETF,930851.CSI,91317675.6,11377300,12051275,1.087,1.0592385715416,0.175099069
2023-03-24,516630.SH,华夏中证云计算与大数据主题ETF,20210903,中证云计算与大数据主题指数,中证云计算与大数据主题指数收益率,华夏基金管理有限公司,中国银行股份有限公司,股票型ETF,主题指数ETF,930851.CSI,95238470.4,13459200,14778569,1.119,1.0980272973134,0.053648069
2023-03-27,516630.SH,华夏中证云计算与大数据主题ETF,20210903,中证云计算与大数据主题指数,中证云计算与大数据主题指数收益率,华夏基金管理有限公司,中国银行股份有限公司,股票型ETF,主题指数ETF,930851.CSI,97111902.4,16699800,18888118,1.142,1.1310385753123,0.140301649
2023-03-28,516630.SH,华夏中证云计算与大数据主题ETF,20210903,中证云计算与大数据主题指数,中证云计算与大数据主题指数收益率,华夏基金管理有限公司,中国银行股份有限公司,股票型ETF,主题指数ETF,930851.CSI,95087864.4,15789100,17951349,1.13,1.1369456777144,0.008850341
2023-03-29,516630.SH,华夏中证云计算与大数据主题ETF,20210903,中证云计算与大数据主题指数,中证云计算与大数据主题指数收益率,华夏基金管理有限公司,中国银行股份有限公司,股票型ETF,主题指数ETF,930851.CSI,92866810.8,17454300,19759777,1.146,1.1320864772578,0.14856244
2023-03-30,516630.SH,华夏中证云计算与大数据主题ETF,20210903,中证云计算与大数据主题指数,中证云计算与大数据主题指数收益率,华夏基金管理有限公司,中国银行股份有限公司,股票型ETF,主题指数ETF,930851.CSI,90894720.0,21275000,23835800,1.121,1.1203666274971,0.089285714
2023-03-31,516630.SH,华夏中证云计算与大数据主题ETF,20210903,中证云计算与大数据主题指数,中证云计算与大数据主题指数收益率,华夏基金管理有限公司,中国银行股份有限公司,股票型ETF,主题指数ETF,930851.CSI,88631470.8,22189000,25372526,1.18,1.1434731623778,0.059357246
2023-04-03,516630.SH,华夏中证云计算与大数据主题ETF,20210903,中证云计算与大数据主题指数,中证云计算与大数据主题指数收益率,华夏基金管理有限公司,中国银行股份有限公司,股票型ETF,主题指数ETF,930851.CSI,91986354.4,17510200,21418893,1.256,1.2232237781407,-0.111340862
2023-04-04,516630.SH,华夏中证云计算与大数据主题ETF,20210903,中证云计算与大数据主题指数,中证云计算与大数据主题指数收益率,华夏基金管理有限公司,中国银行股份有限公司,股票型ETF,主题指数ETF,930851.CSI,95507239.6,23274100,29244557,1.254,1.2565279430784,-0.007973846
2023-04-06,516630.SH,华夏中证云计算与大数据主题ETF,20210903,中证云计算与大数据主题指数,中证云计算与大数据主题指数收益率,华夏基金管理有限公司,中国银行股份有限公司,股票型ETF,主题指数ETF,930851.CSI,92704926.0,15404400,19022507,1.235,1.234874905871,0.121605188
2023-04-07,516630.SH,华夏中证云计算与大数据主题ETF,20210903,中证云计算与大数据主题指数,中证云计算与大数据主题指数收益率,华夏基金管理有限公司,中国银行股份有限公司,股票型ETF,主题指数ETF,930851.CSI,91642521.2,12023700,14884001,1.252,1.2378885867079,-0.055879301
2023-04-10,516630.SH,华夏中证云计算与大数据主题ETF,20210903,中证云计算与大数据主题指数,中证云计算与大数据主题指数收益率,华夏基金管理有限公司,中国银行股份有限公司,股票型ETF,主题指数ETF,930851.CSI,85760778.8,15365100,18563060,1.172,1.2081314146995,-0.025590719
2023-04-11,516630.SH,华夏中证云计算与大数据主题ETF,20210903,中证云计算与大数据主题指数,中证云计算与大数据主题指数收益率,华夏基金管理有限公司,中国银行股份有限公司,股票型ETF,主题指数ETF,930851.CSI,86002736.4,9226900,10896936,1.189,1.1809964343387,-0.243309002
2023-04-12,516630.SH,华夏中证云计算与大数据主题ETF,20210903,中证云计算与大数据主题指数,中证云计算与大数据主题指数收益率,华夏基金管理有限公司,中国银行股份有限公司,股票型ETF,主题指数ETF,930851.CSI,84557041.2,13569700,16393630,1.225,1.208105558708,0.188108285
2023-04-13,516630.SH,华夏中证云计算与大数据主题ETF,20210903,中证云计算与大数据主题指数,中证云计算与大数据主题指数收益率,华夏基金管理有限公司,中国银行股份有限公司,股票型ETF,主题指数ETF,930851.CSI,82524502.8,13151500,15717821,1.19,1.1951352317226,1.164668877
2023-04-14,516630.SH,华夏中证云计算与大数据主题ETF,20210903,中证云计算与大数据主题指数,中证云计算与大数据主题指数收益率,华夏基金管理有限公司,中国银行股份有限公司,股票型ETF,主题指数ETF,930851.CSI,81908366.4,9302200,10953365,1.184,1.1775026337856,-0.033772374
2023-04-17,516630.SH,华夏中证云计算与大数据主题ETF,20210903,中证云计算与大数据主题指数,中证云计算与大数据主题指数收益率,华夏基金管理有限公司,中国银行股份有限公司,股票型ETF,主题指数ETF,930851.CSI,80995507.2,5886600,6902517,1.174,1.1725812863113,0.239071038
2023-04-18,516630.SH,华夏中证云计算与大数据主题ETF,20210903,中证云计算与大数据主题指数,中证云计算与大数据主题指数收益率,华夏基金管理有限公司,中国银行股份有限公司,股票型ETF,主题指数ETF,930851.CSI,84264371.6,11121200,13147635,1.205,1.1822136999604,0.324702356
2023-04-19,516630.SH,华夏中证云计算与大数据主题ETF,20210903,中证云计算与大数据主题指数,中证云计算与大数据主题指数收益率,华夏基金管理有限公司,中国银行股份有限公司,股票型ETF,主题指数ETF,930851.CSI,92872677.2,20136700,24536190,1.204,1.218481181127,0.024923154
2023-04-20,516630.SH,华夏中证云计算与大数据主题ETF,20210903,中证云计算与大数据主题指数,中证云计算与大数据主题指数收益率,华夏基金管理有限公司,中国银行股份有限公司,股票型ETF,主题指数ETF,930851.CSI,95316849.6,12330100,15205805,1.251,1.2332264134111,-0.047938639
2023-04-21,516630.SH,华夏中证云计算与大数据主题ETF,20210903,中证云计算与大数据主题指数,中证云计算与大数据主题指数收益率,华夏基金管理有限公司,中国银行股份有限公司,股票型ETF,主题指数ETF,930851.CSI,96976942.4,17040100,20513546,1.185,1.2038395314581,0.389698407
2023-04-24,516630.SH,华夏中证云计算与大数据主题ETF,20210903,中证云计算与大数据主题指数,中证云计算与大数据主题指数收益率,华夏基金管理有限公司,中国银行股份有限公司,股票型ETF,主题指数ETF,930851.CSI,97174116.8,11067000,13120244,1.185,1.1855285081775,0.185999324
2023-04-25,516630.SH,华夏中证云计算与大数据主题ETF,20210903,中证云计算与大数据主题指数,中证云计算与大数据主题指数收益率,华夏基金管理有限公司,中国银行股份有限公司,股票型ETF,主题指数ETF,930851.CSI,95780311.2,11390900,13452022,1.183,1.1809446136829,0.237247924
2023-04-26,516630.SH,华夏中证云计算与大数据主题ETF,20210903,中证云计算与大数据主题指数,中证云计算与大数据主题指数收益率,华夏基金管理有限公司,中国银行股份有限公司,股票型ETF,主题指数ETF,930851.CSI,87956762.4,26797200,30471728,1.125,1.1371235800755,-0.035542918
2023-04-27,516630.SH,华夏中证云计算与大数据主题ETF,20210903,中证云计算与大数据主题指数,中证云计算与大数据主题指数收益率,华夏基金管理有限公司,中国银行股份有限公司,股票型ETF,主题指数ETF,930851.CSI,85002465.6,11848300,13105619,1.089,1.106118092891,0.128723796
2023-04-28,516630.SH,华夏中证云计算与大数据主题ETF,20210903,中证云计算与大数据主题指数,中证云计算与大数据主题指数收益率,华夏基金管理有限公司,中国银行股份有限公司,股票型ETF,主题指数ETF,930851.CSI,87137695.2,12305900,13804966,1.146,1.1218168520791,0.157315155
2023-05-04,516630.SH,华夏中证云计算与大数据主题ETF,20210903,中证云计算与大数据主题指数,中证云计算与大数据主题指数收益率,华夏基金管理有限公司,中国银行股份有限公司,股票型ETF,主题指数ETF,930851.CSI,86352995.2,9857900,11016465,1.125,1.1175265523083,0.518227305
2023-05-05,516630.SH,华夏中证云计算与大数据主题ETF,20210903,中证云计算与大数据主题指数,中证云计算与大数据主题指数收益率,华夏基金管理有限公司,中国银行股份有限公司,股票型ETF,主题指数ETF,930851.CSI,86229514.8,11083800,12302806,1.102,1.1099808729858,-0.117828333
2023-05-08,516630.SH,华夏中证云计算与大数据主题ETF,20210903,中证云计算与大数据主题指数,中证云计算与大数据主题指数收益率,华夏基金管理有限公司,中国银行股份有限公司,股票型ETF,主题指数ETF,930851.CSI,87626069.2,13265200,14914419,1.137,1.1243267346139,0.114466849
2023-05-09,516630.SH,华夏中证云计算与大数据主题ETF,20210903,中证云计算与大数据主题指数,中证云计算与大数据主题指数收益率,华夏基金管理有限公司,中国银行股份有限公司,股票型ETF,主题指数ETF,930851.CSI,89335461.6,13697100,15721804,1.129,1.1478199034832,0.035442141
2023-05-10,516630.SH,华夏中证云计算与大数据主题ETF,20210903,中证云计算与大数据主题指数,中证云计算与大数据主题指数收益率,华夏基金管理有限公司,中国银行股份有限公司,股票型ETF,主题指数ETF,930851.CSI,89037284.8,12682500,14218602,1.112,1.1211198107629,0.108030248
2023-05-11,516630.SH,华夏中证云计算与大数据主题ETF,20210903,中证云计算与大数据主题指数,中证云计算与大数据主题指数收益率,华夏基金管理有限公司,中国银行股份有限公司,股票型ETF,主题指数ETF,930851.CSI,86953228.8,11351800,12422562,1.092,1.0943253052379,0.663716814
2023-05-12,516630.SH,华夏中证云计算与大数据主题ETF,20210903,中证云计算与大数据主题指数,中证云计算与大数据主题指数收益率,华夏基金管理有限公司,中国银行股份有限公司,股票型ETF,主题指数ETF,930851.CSI,85472648.8,9222000,10023912,1.082,1.0869564085882,0.203741434
2023-05-15,516630.SH,华夏中证云计算与大数据主题ETF,20210903,中证云计算与大数据主题指数,中证云计算与大数据主题指数收益率,华夏基金管理有限公司,中国银行股份有限公司,股票型ETF,主题指数ETF,930851.CSI,90215944.4,12803600,13649480,1.086,1.0660657939954,0.101391833
2023-05-16,516630.SH,华夏中证云计算与大数据主题ETF,20210903,中证云计算与大数据主题指数,中证云计算与大数据主题指数收益率,华夏基金管理有限公司,中国银行股份有限公司,股票型ETF,主题指数ETF,930851.CSI,86997807.2,7186600,7628612,1.047,1.0615050232377,0.076467215
2023-05-17,516630.SH,华夏中证云计算与大数据主题ETF,20210903,中证云计算与大数据主题指数,中证云计算与大数据主题指数收益率,华夏基金管理有限公司,中国银行股份有限公司,股票型ETF,主题指数ETF,930851.CSI,86658148.8,7780600,8215834,1.055,1.0559383595095,0.01896094
2023-05-18,516630.SH,华夏中证云计算与大数据主题ETF,20210903,中证云计算与大数据主题指数,中证云计算与大数据主题指数收益率,华夏基金管理有限公司,中国银行股份有限公司,股票型ETF,主题指数ETF,930851.CSI,85249664.4,14312100,15636251,1.109,1.0925196861397,0.371074305
2023-05-19,516630.SH,华夏中证云计算与大数据主题ETF,20210903,中证云计算与大数据主题指数,中证云计算与大数据主题指数收益率,华夏基金管理有限公司,中国银行股份有限公司,股票型ETF,主题指数ETF,930851.CSI,84269783.2,5463500,6021533,1.094,1.1021383728379,0.164804981
2023-05-22,516630.SH,华夏中证云计算与大数据主题ETF,20210903,中证云计算与大数据主题指数,中证云计算与大数据主题指数收益率,华夏基金管理有限公司,中国银行股份有限公司,股票型ETF,主题指数ETF,930851.CSI,84213090.0,6793500,7353042,1.079,1.0823643188342,0.139211137
2023-05-23,516630.SH,华夏中证云计算与大数据主题ETF,20210903,中证云计算与大数据主题指数,中证云计算与大数据主题指数收益率,华夏基金管理有限公司,中国银行股份有限公司,股票型ETF,主题指数ETF,930851.CSI,82704679.2,4662500,4968088,1.06,1.0655416621984,0.17010017
2023-05-24,516630.SH,华夏中证云计算与大数据主题ETF,20210903,中证云计算与大数据主题指数,中证云计算与大数据主题指数收益率,华夏基金管理有限公司,中国银行股份有限公司,股票型ETF,主题指数ETF,930851.CSI,82274821.2,8200200,8655724,1.052,1.0555503524304,-0.066495678
2023-05-25,516630.SH,华夏中证云计算与大数据主题ETF,20210903,中证云计算与大数据主题指数,中证云计算与大数据主题指数收益率,华夏基金管理有限公司,中国银行股份有限公司,股票型ETF,主题指数ETF,930851.CSI,84901235.2,6459300,6836359,1.06,1.058374591674,0.075528701
2023-05-26,516630.SH,华夏中证云计算与大数据主题ETF,20210903,中证云计算与大数据主题指数,中证云计算与大数据主题指数收益率,华夏基金管理有限公司,中国银行股份有限公司,股票型ETF,主题指数ETF,930851.CSI,85741779.2,8573500,9214102,1.084,1.0747188429463,0.073855244
2023-05-29,516630.SH,华夏中证云计算与大数据主题ETF,20210903,中证云计算与大数据主题指数,中证云计算与大数据主题指数收益率,华夏基金管理有限公司,中国银行股份有限公司,股票型ETF,主题指数ETF,930851.CSI,86153390.4,6332000,6931288,1.089,1.0946443461781,0.055126792
2023-05-30,516630.SH,华夏中证云计算与大数据主题ETF,20210903,中证云计算与大数据主题指数,中证云计算与大数据主题指数收益率,华夏基金管理有限公司,中国银行股份有限公司,股票型ETF,主题指数ETF,930851.CSI,85332122.4,14244500,15789664,1.135,1.1084744287269,-0.035229875
2023-05-31,516630.SH,华夏中证云计算与大数据主题ETF,20210903,中证云计算与大数据主题指数,中证云计算与大数据主题指数收益率,华夏基金管理有限公司,中国银行股份有限公司,股票型ETF,主题指数ETF,930851.CSI,86421884.4,8333700,9500339,1.151,1.1399905204171,0.095660492
2023-06-01,516630.SH,华夏中证云计算与大数据主题ETF,20210903,中证云计算与大数据主题指数,中证云计算与大数据主题指数收益率,华夏基金管理有限公司,中国银行股份有限公司,股票型ETF,主题指数ETF,930851.CSI,86170452.4,11713400,13729285,1.18,1.1721007563987,0.178283386
2023-06-02,516630.SH,华夏中证云计算与大数据主题ETF,20210903,中证云计算与大数据主题指数,中证云计算与大数据主题指数收益率,华夏基金管理有限公司,中国银行股份有限公司,股票型ETF,主题指数ETF,930851.CSI,86068034.0,7934400,9346047,1.174,1.1779147761645,-0.212494688
2023-06-05,516630.SH,华夏中证云计算与大数据主题ETF,20210903,中证云计算与大数据主题指数,中证云计算与大数据主题指数收益率,华夏基金管理有限公司,中国银行股份有限公司,股票型ETF,主题指数ETF,930851.CSI,86653282.0,7638100,9068616,1.184,1.1872868907189,-0.042211904
2023-06-06,516630.SH,华夏中证云计算与大数据主题ETF,20210903,中证云计算与大数据主题指数,中证云计算与大数据主题指数收益率,华夏基金管理有限公司,中国银行股份有限公司,股票型ETF,主题指数ETF,930851.CSI,84048928.4,10270900,12019144,1.151,1.1702133211306,0.182783532
2023-06-07,516630.SH,华夏中证云计算与大数据主题ETF,20210903,中证云计算与大数据主题指数,中证云计算与大数据主题指数收益率,华夏基金管理有限公司,中国银行股份有限公司,股票型ETF,主题指数ETF,930851.CSI,84817066.4,7317200,8473947,1.159,1.158086016509,-0.034500604
2023-06-08,516630.SH,华夏中证云计算与大数据主题ETF,20210903,中证云计算与大数据主题指数,中证云计算与大数据主题指数收益率,华夏基金管理有限公司,中国银行股份有限公司,股票型ETF,主题指数ETF,930851.CSI,84034297.2,7134500,8145441,1.148,1.1416975261055,-0.060938452
2023-06-09,516630.SH,华夏中证云计算与大数据主题ETF,20210903,中证云计算与大数据主题指数,中证云计算与大数据主题指数收益率,华夏基金管理有限公司,中国银行股份有限公司,股票型ETF,主题指数ETF,930851.CSI,83752232.8,17331400,20236111,1.189,1.1675981744118,-0.4020774
2023-06-12,516630.SH,华夏中证云计算与大数据主题ETF,20210903,中证云计算与大数据主题指数,中证云计算与大数据主题指数收益率,华夏基金管理有限公司,中国银行股份有限公司,股票型ETF,主题指数ETF,930851.CSI,84053903.6,7811100,9365148,1.196,1.1989537965203,-0.175277523
2023-06-13,516630.SH,华夏中证云计算与大数据主题ETF,20210903,中证云计算与大数据主题指数,中证云计算与大数据主题指数收益率,华夏基金管理有限公司,中国银行股份有限公司,股票型ETF,主题指数ETF,930851.CSI,81623272.8,12955800,15839970,1.233,1.2226161255963,-0.064840331
2023-06-14,516630.SH,华夏中证云计算与大数据主题ETF,20210903,中证云计算与大数据主题指数,中证云计算与大数据主题指数收益率,华夏基金管理有限公司,中国银行股份有限公司,股票型ETF,主题指数ETF,930851.CSI,81523187.2,11330700,14078000,1.251,1.2424651610227,-0.015984655
2023-06-15,516630.SH,华夏中证云计算与大数据主题ETF,20210903,中证云计算与大数据主题指数,中证云计算与大数据主题指数收益率,华夏基金管理有限公司,中国银行股份有限公司,股票型ETF,主题指数ETF,930851.CSI,80395988.4,11208400,13908937,1.234,1.2409386709968,0.008104384
2023-06-16,516630.SH,华夏中证云计算与大数据主题ETF,20210903,中证云计算与大数据主题指数,中证云计算与大数据主题指数收益率,华夏基金管理有限公司,中国银行股份有限公司,股票型ETF,主题指数ETF,930851.CSI,78701656.4,15703900,19779951,1.285,1.2595566069575,-0.147641619
2023-06-19,516630.SH,华夏中证云计算与大数据主题ETF,20210903,中证云计算与大数据主题指数,中证云计算与大数据主题指数收益率,华夏基金管理有限公司,中国银行股份有限公司,股票型ETF,主题指数ETF,930851.CSI,78742551.6,14811700,19418303,1.335,1.3110110925822,0.29299076
2023-06-20,516630.SH,华夏中证云计算与大数据主题ETF,20210903,中证云计算与大数据主题指数,中证云计算与大数据主题指数收益率,华夏基金管理有限公司,中国银行股份有限公司,股票型ETF,主题指数ETF,930851.CSI,79952868.8,11721000,15776687,1.375,1.3460188550465,0.014547571
2023-06-21,516630.SH,华夏中证云计算与大数据主题ETF,20210903,中证云计算与大数据主题指数,中证云计算与大数据主题指数收益率,华夏基金管理有限公司,中国银行股份有限公司,股票型ETF,主题指数ETF,930851.CSI,74960094.0,14559600,19414319,1.307,1.3334376631226,-0.343118567
2023-06-26,516630.SH,华夏中证云计算与大数据主题ETF,20210903,中证云计算与大数据主题指数,中证云计算与大数据主题指数收益率,华夏基金管理有限公司,中国银行股份有限公司,股票型ETF,主题指数ETF,930851.CSI,68948336.8,10449100,13162226,1.229,1.2596516446393,0.097735788
2023-06-27,516630.SH,华夏中证云计算与大数据主题ETF,20210903,中证云计算与大数据主题指数,中证云计算与大数据主题指数收益率,华夏基金管理有限公司,中国银行股份有限公司,股票型ETF,主题指数ETF,930851.CSI,69071880.0,11473600,14066949,1.234,1.2260274891926,0.325203252
2023-06-28,516630.SH,华夏中证云计算与大数据主题ETF,20210903,中证云计算与大数据主题指数,中证云计算与大数据主题指数收益率,华夏基金管理有限公司,中国银行股份有限公司,股票型ETF,主题指数ETF,930851.CSI,68722945.2,12784300,15046019,1.182,1.1769137926989,0.025387154
2023-06-29,516630.SH,华夏中证云计算与大数据主题ETF,20210903,中证云计算与大数据主题指数,中证云计算与大数据主题指数收益率,华夏基金管理有限公司,中国银行股份有限公司,股票型ETF,主题指数ETF,930851.CSI,69060250.0,9852600,11595975,1.188,1.1769456793131,0.042105263
2023-06-30,516630.SH,华夏中证云计算与大数据主题ETF,20210903,中证云计算与大数据主题指数,中证云计算与大数据主题指数收益率,华夏基金管理有限公司,中国银行股份有限公司,股票型ETF,主题指数ETF,930851.CSI,70496205.2,10278900,12163645,1.194,1.1833605736022,0.193001594
2023-07-03,516630.SH,华夏中证云计算与大数据主题ETF,20210903,中证云计算与大数据主题指数,中证云计算与大数据主题指数收益率,华夏基金管理有限公司,中国银行股份有限公司,股票型ETF,主题指数ETF,930851.CSI,70978064.4,9988400,11624536,1.177,1.1638036121901,-0.245783541
2023-07-04,516630.SH,华夏中证云计算与大数据主题ETF,20210903,中证云计算与大数据主题指数,中证云计算与大数据主题指数收益率,华夏基金管理有限公司,中国银行股份有限公司,股票型ETF,主题指数ETF,930851.CSI,70147184.8,8869900,10474833,1.186,1.1809414987768,0.016866251
2023-07-05,516630.SH,华夏中证云计算与大数据主题ETF,20210903,中证云计算与大数据主题指数,中证云计算与大数据主题指数收益率,华夏基金管理有限公司,中国银行股份有限公司,股票型ETF,主题指数ETF,930851.CSI,67385357.2,7617100,8940755,1.162,1.1737741397645,0.284801933
2023-07-06,516630.SH,华夏中证云计算与大数据主题ETF,20210903,中证云计算与大数据主题指数,中证云计算与大数据主题指数收益率,华夏基金管理有限公司,中国银行股份有限公司,股票型ETF,主题指数ETF,930851.CSI,68922655.6,9884500,11631391,1.168,1.1767303353736,0.248905673
2023-07-07,516630.SH,华夏中证云计算与大数据主题ETF,20210903,中证云计算与大数据主题指数,中证云计算与大数据主题指数收益率,华夏基金管理有限公司,中国银行股份有限公司,股票型ETF,主题指数ETF,930851.CSI,72642031.2,12258100,13991350,1.146,1.1413963012212,-0.365153886
2023-07-10,516630.SH,华夏中证云计算与大数据主题ETF,20210903,中证云计算与大数据主题指数,中证云计算与大数据主题指数收益率,华夏基金管理有限公司,中国银行股份有限公司,股票型ETF,主题指数ETF,930851.CSI,71922052.8,5685100,6472669,1.14,1.138532127843,0.105374078
2023-07-11,516630.SH,华夏中证云计算与大数据主题ETF,20210903,中证云计算与大数据主题指数,中证云计算与大数据主题指数收益率,华夏基金管理有限公司,中国银行股份有限公司,股票型ETF,主题指数ETF,930851.CSI,72496772.4,7595700,8708025,1.148,1.1464414076385,0.00871156
2023-07-12,516630.SH,华夏中证云计算与大数据主题ETF,20210903,中证云计算与大数据主题指数,中证云计算与大数据主题指数收益率,华夏基金管理有限公司,中国银行股份有限公司,股票型ETF,主题指数ETF,930851.CSI,70783314.8,9175600,10303802,1.106,1.1229567548716,0.244720384
2023-07-13,516630.SH,华夏中证云计算与大数据主题ETF,20210903,中证云计算与大数据主题指数,中证云计算与大数据主题指数收益率,华夏基金管理有限公司,中国银行股份有限公司,股票型ETF,主题指数ETF,930851.CSI,74339497.2,11579100,12832079,1.121,1.1082103963175,-0.240277654
2023-07-14,516630.SH,华夏中证云计算与大数据主题ETF,20210903,中证云计算与大数据主题指数,中证云计算与大数据主题指数收益率,华夏基金管理有限公司,中国银行股份有限公司,股票型ETF,主题指数ETF,930851.CSI,80889868.0,18967500,21763373,1.155,1.1474033478318,0.173460538
2023-07-17,516630.SH,华夏中证云计算与大数据主题ETF,20210903,中证云计算与大数据主题指数,中证云计算与大数据主题指数收益率,华夏基金管理有限公司,中国银行股份有限公司,股票型ETF,主题指数ETF,930851.CSI,83578294.8,11032300,12792720,1.157,1.1595696273669,-0.112233446
2023-07-18,516630.SH,华夏中证云计算与大数据主题ETF,20210903,中证云计算与大数据主题指数,中证云计算与大数据主题指数收益率,华夏基金管理有限公司,中国银行股份有限公司,股票型ETF,主题指数ETF,930851.CSI,84085488.4,9835500,11281875,1.134,1.1470565807534,0.00881912
2023-07-19,516630.SH,华夏中证云计算与大数据主题ETF,20210903,中证云计算与大数据主题指数,中证云计算与大数据主题指数收益率,华夏基金管理有限公司,中国银行股份有限公司,股票型ETF,主题指数ETF,930851.CSI,83900098.4,7790200,8856708,1.13,1.136903802213,-0.123740498
2023-07-20,516630.SH,华夏中证云计算与大数据主题ETF,20210903,中证云计算与大数据主题指数,中证云计算与大数据主题指数收益率,华夏基金管理有限公司,中国银行股份有限公司,股票型ETF,主题指数ETF,930851.CSI,80377688.4,15528400,17149797,1.086,1.1044149429433,0.19374481
2023-07-21,516630.SH,华夏中证云计算与大数据主题ETF,20210903,中证云计算与大数据主题指数,中证云计算与大数据主题指数收益率,华夏基金管理有限公司,中国银行股份有限公司,股票型ETF,主题指数ETF,930851.CSI,79828934.0,7721500,8350653,1.08,1.0814806708541,0.325127729
2023-07-24,516630.SH,华夏中证云计算与大数据主题ETF,20210903,中证云计算与大数据主题指数,中证云计算与大数据主题指数收益率,华夏基金管理有限公司,中国银行股份有限公司,股票型ETF,主题指数ETF,930851.CSI,80451844.4,9941700,10788282,1.087,1.0851546516189,0.193566227
2023-07-25,516630.SH,华夏中证云计算与大数据主题ETF,20210903,中证云计算与大数据主题指数,中证云计算与大数据主题指数收益率,华夏基金管理有限公司,中国银行股份有限公司,股票型ETF,主题指数ETF,930851.CSI,83084958.0,14122600,15567092,1.107,1.1022822992933,0.13568521
2023-07-26,516630.SH,华夏中证云计算与大数据主题ETF,20210903,中证云计算与大数据主题指数,中证云计算与大数据主题指数收益率,华夏基金管理有限公司,中国银行股份有限公司,股票型ETF,主题指数ETF,930851.CSI,82225633.2,8144600,8832709,1.082,1.084486530953,0.213022136
2023-07-27,516630.SH,华夏中证云计算与大数据主题ETF,20210903,中证云计算与大数据主题指数,中证云计算与大数据主题指数收益率,华夏基金管理有限公司,中国银行股份有限公司,股票型ETF,主题指数ETF,930851.CSI,81357454.8,7755600,8323168,1.07,1.0731817009645,0.15913133
2023-07-28,516630.SH,华夏中证云计算与大数据主题ETF,20210903,中证云计算与大数据主题指数,中证云计算与大数据主题指数收益率,华夏基金管理有限公司,中国银行股份有限公司,股票型ETF,主题指数ETF,930851.CSI,82598797.6,11473800,12338073,1.084,1.0753257857031,-0.055319934
2023-07-31,516630.SH,华夏中证云计算与大数据主题ETF,20210903,中证云计算与大数据主题指数,中证云计算与大数据主题指数收益率,华夏基金管理有限公司,中国银行股份有限公司,股票型ETF,主题指数ETF,930851.CSI,83086196.0,10703000,11687773,1.094,1.0920090628796,0.274977085
2023-08-01,516630.SH,华夏中证云计算与大数据主题ETF,20210903,中证云计算与大数据主题指数,中证云计算与大数据主题指数收益率,华夏基金管理有限公司,中国银行股份有限公司,股票型ETF,主题指数ETF,930851.CSI,83870602.8,10984300,11976791,1.103,1.090355416367,0.154363026
2023-08-02,516630.SH,华夏中证云计算与大数据主题ETF,20210903,中证云计算与大数据主题指数,中证云计算与大数据主题指数收益率,华夏基金管理有限公司,中国银行股份有限公司,股票型ETF,主题指数ETF,930851.CSI,82836943.2,9396900,10330251,1.102,1.0993254158286,-0.018145527
2023-08-03,516630.SH,华夏中证云计算与大数据主题ETF,20210903,中证云计算与大数据主题指数,中证云计算与大数据主题指数收益率,华夏基金管理有限公司,中国银行股份有限公司,股票型ETF,主题指数ETF,930851.CSI,82671600.0,8257300,9079444,1.1,1.0995657176075,0
2023-08-04,516630.SH,华夏中证云计算与大数据主题ETF,20210903,中证云计算与大数据主题指数,中证云计算与大数据主题指数收益率,华夏基金管理有限公司,中国银行股份有限公司,股票型ETF,主题指数ETF,930851.CSI,83833358.0,13091700,14661250,1.131,1.1198889372656,0.044228218
2023-08-07,516630.SH,华夏中证云计算与大数据主题ETF,20210903,中证云计算与大数据主题指数,中证云计算与大数据主题指数收益率,华夏基金管理有限公司,中国银行股份有限公司,股票型ETF,主题指数ETF,930851.CSI,85091623.2,9955900,11336679,1.132,1.1386895207867,-0.017664724
2023-08-08,516630.SH,华夏中证云计算与大数据主题ETF,20210903,中证云计算与大数据主题指数,中证云计算与大数据主题指数收益率,华夏基金管理有限公司,中国银行股份有限公司,股票型ETF,主题指数ETF,930851.CSI,84054470.4,6724100,7607880,1.12,1.1314346901444,0.143061516
2023-08-09,516630.SH,华夏中证云计算与大数据主题ETF,20210903,中证云计算与大数据主题指数,中证云计算与大数据主题指数收益率,华夏基金管理有限公司,中国银行股份有限公司,股票型ETF,主题指数ETF,930851.CSI,82438616.4,8259300,9179175,1.096,1.1113744506193,-0.082049412
2023-08-10,516630.SH,华夏中证云计算与大数据主题ETF,20210903,中证云计算与大数据主题指数,中证云计算与大数据主题指数收益率,华夏基金管理有限公司,中国银行股份有限公司,股票型ETF,主题指数ETF,930851.CSI,81920040.0,7006300,7633724,1.091,1.0895514037366,0.091743119
2023-08-11,516630.SH,华夏中证云计算与大数据主题ETF,20210903,中证云计算与大数据主题指数,中证云计算与大数据主题指数收益率,华夏基金管理有限公司,中国银行股份有限公司,股票型ETF,主题指数ETF,930851.CSI,80033624.4,9547100,10381389,1.068,1.0873866409695,0.291107146
2023-08-14,516630.SH,华夏中证云计算与大数据主题ETF,20210903,中证云计算与大数据主题指数,中证云计算与大数据主题指数收益率,华夏基金管理有限公司,中国银行股份有限公司,股票型ETF,主题指数ETF,930851.CSI,81672025.2,8834900,9455220,1.087,1.0702124528857,0.027606515
2023-08-15,516630.SH,华夏中证云计算与大数据主题ETF,20210903,中证云计算与大数据主题指数,中证云计算与大数据主题指数收益率,华夏基金管理有限公司,中国银行股份有限公司,股票型ETF,主题指数ETF,930851.CSI,81456457.6,9042800,9731552,1.072,1.0761657893573,0.224382947
2023-08-16,516630.SH,华夏中证云计算与大数据主题ETF,20210903,中证云计算与大数据主题指数,中证云计算与大数据主题指数收益率,华夏基金管理有限公司,中国银行股份有限公司,股票型ETF,主题指数ETF,930851.CSI,81594004.8,12733100,13289429,1.032,1.043691559793,0.116414435
2023-08-17,516630.SH,华夏中证云计算与大数据主题ETF,20210903,中证云计算与大数据主题指数,中证云计算与大数据主题指数收益率,华夏基金管理有限公司,中国银行股份有限公司,股票型ETF,主题指数ETF,930851.CSI,83298115.2,6396300,6606805,1.038,1.0329104325938,-0.115473441
2023-08-18,516630.SH,华夏中证云计算与大数据主题ETF,20210903,中证云计算与大数据主题指数,中证云计算与大数据主题指数收益率,华夏基金管理有限公司,中国银行股份有限公司,股票型ETF,主题指数ETF,930851.CSI,80556780.0,7237600,7391779,1.008,1.0213025035924,0.298507463
2023-08-21,516630.SH,华夏中证云计算与大数据主题ETF,20210903,中证云计算与大数据主题指数,中证云计算与大数据主题指数收益率,华夏基金管理有限公司,中国银行股份有限公司,股票型ETF,主题指数ETF,930851.CSI,80476624.0,6514000,6600643,1.006,1.0133010439054,0.199203187
2023-08-22,516630.SH,华夏中证云计算与大数据主题ETF,20210903,中证云计算与大数据主题指数,中证云计算与大数据主题指数收益率,华夏基金管理有限公司,中国银行股份有限公司,股票型ETF,主题指数ETF,930851.CSI,82753054.4,5973100,6061197,1.031,1.0147489578276,-0.135606354
2023-08-23,516630.SH,华夏中证云计算与大数据主题ETF,20210903,中证云计算与大数据主题指数,中证云计算与大数据主题指数收益率,华夏基金管理有限公司,中国银行股份有限公司,股票型ETF,主题指数ETF,930851.CSI,82673695.2,8491200,8538418,0.996,1.0055608159035,0.181050091
2023-08-24,516630.SH,华夏中证云计算与大数据主题ETF,20210903,中证云计算与大数据主题指数,中证云计算与大数据主题指数收益率,华夏基金管理有限公司,中国银行股份有限公司,股票型ETF,主题指数ETF,930851.CSI,82249599.6,8000600,7984868,0.991,0.99803364747644,0.192093823
2023-08-25,516630.SH,华夏中证云计算与大数据主题ETF,20210903,中证云计算与大数据主题指数,中证云计算与大数据主题指数收益率,华夏基金管理有限公司,中国银行股份有限公司,股票型ETF,主题指数ETF,930851.CSI,79867812.4,8611000,8204632,0.938,0.95280826849379,0.010662117
2023-08-28,516630.SH,华夏中证云计算与大数据主题ETF,20210903,中证云计算与大数据主题指数,中证云计算与大数据主题指数收益率,华夏基金管理有限公司,中国银行股份有限公司,股票型ETF,主题指数ETF,930851.CSI,80676794.4,7257500,7040282,0.947,0.97006985876679,-0.042220815
2023-08-29,516630.SH,华夏中证云计算与大数据主题ETF,20210903,中证云计算与大数据主题指数,中证云计算与大数据主题指数收益率,华夏基金管理有限公司,中国银行股份有限公司,股票型ETF,主题指数ETF,930851.CSI,82683270.0,7428800,7188196,0.981,0.96761199655395,-0.152671756
2023-08-30,516630.SH,华夏中证云计算与大数据主题ETF,20210903,中证云计算与大数据主题指数,中证云计算与大数据主题指数收益率,华夏基金管理有限公司,中国银行股份有限公司,股票型ETF,主题指数ETF,930851.CSI,84846079.2,8489300,8522576,1.009,1.0039197578128,0.079349335
2023-08-31,516630.SH,华夏中证云计算与大数据主题ETF,20210903,中证云计算与大数据主题指数,中证云计算与大数据主题指数收益率,华夏基金管理有限公司,中国银行股份有限公司,股票型ETF,主题指数ETF,930851.CSI,84719845.2,5959700,6008991,1.005,1.0082707183247,-0.168868581
2023-09-01,516630.SH,华夏中证云计算与大数据主题ETF,20210903,中证云计算与大数据主题指数,中证云计算与大数据主题指数收益率,华夏基金管理有限公司,中国银行股份有限公司,股票型ETF,主题指数ETF,930851.CSI,83869869.6,5754300,5737372,0.997,0.99705819995482,0.040136464
2023-09-04,516630.SH,华夏中证云计算与大数据主题ETF,20210903,中证云计算与大数据主题指数,中证云计算与大数据主题指数收益率,华夏基金管理有限公司,中国银行股份有限公司,股票型ETF,主题指数ETF,930851.CSI,85106962.8,6994800,6976632,1.011,0.9974026419626,-0.029664788
2023-09-05,516630.SH,华夏中证云计算与大数据主题ETF,20210903,中证云计算与大数据主题指数,中证云计算与大数据主题指数收益率,华夏基金管理有限公司,中国银行股份有限公司,股票型ETF,主题指数ETF,930851.CSI,83583739.2,5577700,5582894,0.995,1.0009312082041,0.18123238
2023-09-06,516630.SH,华夏中证云计算与大数据主题ETF,20210903,中证云计算与大数据主题指数,中证云计算与大数据主题指数收益率,华夏基金管理有限公司,中国银行股份有限公司,股票型ETF,主题指数ETF,930851.CSI,83642648.4,5143000,5087183,0.995,0.98914699591678,0.110675118
2023-09-07,516630.SH,华夏中证云计算与大数据主题ETF,20210903,中证云计算与大数据主题指数,中证云计算与大数据主题指数收益率,华夏基金管理有限公司,中国银行股份有限公司,股票型ETF,主题指数ETF,930851.CSI,82010022.0,4816800,4736894,0.974,0.98341097824282,-0.051308363
2023-09-08,516630.SH,华夏中证云计算与大数据主题ETF,20210903,中证云计算与大数据主题指数,中证云计算与大数据主题指数收益率,华夏基金管理有限公司,中国银行股份有限公司,股票型ETF,主题指数ETF,930851.CSI,81429345.6,8175200,7917444,0.968,0.96847098541932,0.041339396
2023-09-11,516630.SH,华夏中证云计算与大数据主题ETF,20210903,中证云计算与大数据主题指数,中证云计算与大数据主题指数收益率,华夏基金管理有限公司,中国银行股份有限公司,股票型ETF,主题指数ETF,930851.CSI,83213452.8,7253600,7138199,0.989,0.9840905205691,0.020226537
2023-09-12,516630.SH,华夏中证云计算与大数据主题ETF,20210903,中证云计算与大数据主题指数,中证云计算与大数据主题指数收益率,华夏基金管理有限公司,中国银行股份有限公司,股票型ETF,主题指数ETF,930851.CSI,83120881.2,6585700,6519587,0.988,0.98996112789833,0.030373595
2023-09-13,516630.SH,华夏中证云计算与大数据主题ETF,20210903,中证云计算与大数据主题指数,中证云计算与大数据主题指数收益率,华夏基金管理有限公司,中国银行股份有限公司,股票型ETF,主题指数ETF,930851.CSI,81732728.8,6974000,6709555,0.96,0.96208130197878,0.020837675
2023-09-14,516630.SH,华夏中证云计算与大数据主题ETF,20210903,中证云计算与大数据主题指数,中证云计算与大数据主题指数收益率,华夏基金管理有限公司,中国银行股份有限公司,股票型ETF,主题指数ETF,930851.CSI,81059996.4,4985800,4768946,0.954,0.95650567612018,0.220611409
2023-09-15,516630.SH,华夏中证云计算与大数据主题ETF,20210903,中证云计算与大数据主题指数,中证云计算与大数据主题指数收益率,华夏基金管理有限公司,中国银行股份有限公司,股票型ETF,主题指数ETF,930851.CSI,79637891.2,5298700,5007809,0.935,0.94510143997584,-0.0213858
2023-09-18,516630.SH,华夏中证云计算与大数据主题ETF,20210903,中证云计算与大数据主题指数,中证云计算与大数据主题指数收益率,华夏基金管理有限公司,中国银行股份有限公司,股票型ETF,主题指数ETF,930851.CSI,79382423.2,3143500,2947205,0.933,0.93755527278511,0.085818494
2023-09-19,516630.SH,华夏中证云计算与大数据主题ETF,20210903,中证云计算与大数据主题指数,中证云计算与大数据主题指数收益率,华夏基金管理有限公司,中国银行股份有限公司,股票型ETF,主题指数ETF,930851.CSI,78036958.4,3200100,2949985,0.917,0.92184150495297,0.065473592
2023-09-20,516630.SH,华夏中证云计算与大数据主题ETF,20210903,中证云计算与大数据主题指数,中证云计算与大数据主题指数收益率,华夏基金管理有限公司,中国银行股份有限公司,股票型ETF,主题指数ETF,930851.CSI,77917740.0,3106500,2870542,0.915,0.9240437791727,0
2023-09-21,516630.SH,华夏中证云计算与大数据主题ETF,20210903,中证云计算与大数据主题指数,中证云计算与大数据主题指数收益率,华夏基金管理有限公司,中国银行股份有限公司,股票型ETF,主题指数ETF,930851.CSI,77892193.2,3181000,2926018,0.915,0.9198421879912,0.032797639
2023-09-22,516630.SH,华夏中证云计算与大数据主题ETF,20210903,中证云计算与大数据主题指数,中证云计算与大数据主题指数收益率,华夏基金管理有限公司,中国银行股份有限公司,股票型ETF,主题指数ETF,930851.CSI,81639057.2,6422100,6049902,0.959,0.94204419115243,0.031292375
2023-09-25,516630.SH,华夏中证云计算与大数据主题ETF,20210903,中证云计算与大数据主题指数,中证云计算与大数据主题指数收益率,华夏基金管理有限公司,中国银行股份有限公司,股票型ETF,主题指数ETF,930851.CSI,81046949.2,5625300,5329466,0.943,0.94741009368389,0.244498778
2023-09-26,516630.SH,华夏中证云计算与大数据主题ETF,20210903,中证云计算与大数据主题指数,中证云计算与大数据主题指数收益率,华夏基金管理有限公司,中国银行股份有限公司,股票型ETF,主题指数ETF,930851.CSI,83033521.2,7481400,7141429,0.955,0.95455783676852,0.241419125
2023-09-27,516630.SH,华夏中证云计算与大数据主题ETF,20210903,中证云计算与大数据主题指数,中证云计算与大数据主题指数收益率,华夏基金管理有限公司,中国银行股份有限公司,股票型ETF,主题指数ETF,930851.CSI,82867924.8,8459900,8056272,0.952,0.95228927055875,0.126209508
2023-09-28,516630.SH,华夏中证云计算与大数据主题ETF,20210903,中证云计算与大数据主题指数,中证云计算与大数据主题指数收益率,华夏基金管理有限公司,中国银行股份有限公司,股票型ETF,主题指数ETF,930851.CSI,83199117.6,7224300,6889127,0.954,0.95360477831762,-0.062853551
2023-10-09,516630.SH,华夏中证云计算与大数据主题ETF,20210903,中证云计算与大数据主题指数,中证云计算与大数据主题指数收益率,华夏基金管理有限公司,中国银行股份有限公司,股票型ETF,主题指数ETF,930851.CSI,83268842.4,5383400,5140057,0.957,0.95479752572724,0.167469123
2023-10-10,516630.SH,华夏中证云计算与大数据主题ETF,20210903,中证云计算与大数据主题指数,中证云计算与大数据主题指数收益率,华夏基金管理有限公司,中国银行股份有限公司,股票型ETF,主题指数ETF,930851.CSI,82701144.4,8056800,7739035,0.959,0.96055940323702,-0.093759767
2023-10-11,516630.SH,华夏中证云计算与大数据主题ETF,20210903,中证云计算与大数据主题指数,中证云计算与大数据主题指数收益率,华夏基金管理有限公司,中国银行股份有限公司,股票型ETF,主题指数ETF,930851.CSI,83137802.8,5295100,5163703,0.976,0.97518517119601,-0.03072826
2023-10-12,516630.SH,华夏中证云计算与大数据主题ETF,20210903,中证云计算与大数据主题指数,中证云计算与大数据主题指数收益率,华夏基金管理有限公司,中国银行股份有限公司,股票型ETF,主题指数ETF,930851.CSI,82269211.6,6470100,6262405,0.967,0.96789925967141,0.093158058
2023-10-13,516630.SH,华夏中证云计算与大数据主题ETF,20210903,中证云计算与大数据主题指数,中证云计算与大数据主题指数收益率,华夏基金管理有限公司,中国银行股份有限公司,股票型ETF,主题指数ETF,930851.CSI,80744919.2,6399200,6092703,0.949,0.95210385673209,0.084370386
2023-10-16,516630.SH,华夏中证云计算与大数据主题ETF,20210903,中证云计算与大数据主题指数,中证云计算与大数据主题指数收益率,华夏基金管理有限公司,中国银行股份有限公司,股票型ETF,主题指数ETF,930851.CSI,79680469.2,7768200,7308350,0.937,0.94080353234984,0.138933419
2023-10-17,516630.SH,华夏中证云计算与大数据主题ETF,20210903,中证云计算与大数据主题指数,中证云计算与大数据主题指数收益率,华夏基金管理有限公司,中国银行股份有限公司,股票型ETF,主题指数ETF,930851.CSI,80245698.4,8361800,7791230,0.933,0.93176469181277,0.171784411
2023-10-18,516630.SH,华夏中证云计算与大数据主题ETF,20210903,中证云计算与大数据主题指数,中证云计算与大数据主题指数收益率,华夏基金管理有限公司,中国银行股份有限公司,股票型ETF,主题指数ETF,930851.CSI,78677659.2,4971800,4511674,0.915,0.90745283398367,0.197109067
2023-10-19,516630.SH,华夏中证云计算与大数据主题ETF,20210903,中证云计算与大数据主题指数,中证云计算与大数据主题指数收益率,华夏基金管理有限公司,中国银行股份有限公司,股票型ETF,主题指数ETF,930851.CSI,77523168.8,4834800,4428534,0.901,0.91597046413502,0.13336297
2023-10-20,516630.SH,华夏中证云计算与大数据主题ETF,20210903,中证云计算与大数据主题指数,中证云计算与大数据主题指数收益率,华夏基金管理有限公司,中国银行股份有限公司,股票型ETF,主题指数ETF,930851.CSI,74998798.0,9685100,8492353,0.873,0.87684721892391,0.287191269
2023-10-23,516630.SH,华夏中证云计算与大数据主题ETF,20210903,中证云计算与大数据主题指数,中证云计算与大数据主题指数收益率,华夏基金管理有限公司,中国银行股份有限公司,股票型ETF,主题指数ETF,930851.CSI,73111981.6,7899600,6722918,0.849,0.85104536938579,0.04713646
2023-10-24,516630.SH,华夏中证云计算与大数据主题ETF,20210903,中证云计算与大数据主题指数,中证云计算与大数据主题指数收益率,华夏基金管理有限公司,中国银行股份有限公司,股票型ETF,主题指数ETF,930851.CSI,73550948.4,8127200,6886174,0.846,0.84729968500837,0.24884465
2023-10-25,516630.SH,华夏中证云计算与大数据主题ETF,20210903,中证云计算与大数据主题指数,中证云计算与大数据主题指数收益率,华夏基金管理有限公司,中国银行股份有限公司,股票型ETF,主题指数ETF,930851.CSI,74239480.8,7821900,6735603,0.854,0.8611210831128,0.258276591
2023-10-26,516630.SH,华夏中证云计算与大数据主题ETF,20210903,中证云计算与大数据主题指数,中证云计算与大数据主题指数收益率,华夏基金管理有限公司,中国银行股份有限公司,股票型ETF,主题指数ETF,930851.CSI,74823426.0,8920900,7593885,0.859,0.85124651100225,0.058241118
2023-10-27,516630.SH,华夏中证云计算与大数据主题ETF,20210903,中证云计算与大数据主题指数,中证云计算与大数据主题指数收益率,华夏基金管理有限公司,中国银行股份有限公司,股票型ETF,主题指数ETF,930851.CSI,74544526.8,12175800,10376451,0.857,0.85221923816094,0.198760669
2023-10-30,516630.SH,华夏中证云计算与大数据主题ETF,20210903,中证云计算与大数据主题指数,中证云计算与大数据主题指数收益率,华夏基金管理有限公司,中国银行股份有限公司,股票型ETF,主题指数ETF,930851.CSI,78354579.6,10185500,8778344,0.87,0.86184713563399,0.103555402
2023-10-31,516630.SH,华夏中证云计算与大数据主题ETF,20210903,中证云计算与大数据主题指数,中证云计算与大数据主题指数收益率,华夏基金管理有限公司,中国银行股份有限公司,股票型ETF,主题指数ETF,930851.CSI,77480066.4,5906000,5060870,0.859,0.85690314933965,-0.046544101
2023-11-01,516630.SH,华夏中证云计算与大数据主题ETF,20210903,中证云计算与大数据主题指数,中证云计算与大数据主题指数收益率,华夏基金管理有限公司,中国银行股份有限公司,股票型ETF,主题指数ETF,930851.CSI,76740787.2,6356600,5453337,0.852,0.85790155114369,0.093984962
2023-11-02,516630.SH,华夏中证云计算与大数据主题ETF,20210903,中证云计算与大数据主题指数,中证云计算与大数据主题指数收益率,华夏基金管理有限公司,中国银行股份有限公司,股票型ETF,主题指数ETF,930851.CSI,75947414.4,2334700,1989339,0.843,0.85207478476892,0.071225071
2023-11-03,516630.SH,华夏中证云计算与大数据主题ETF,20210903,中证云计算与大数据主题指数,中证云计算与大数据主题指数收益率,华夏基金管理有限公司,中国银行股份有限公司,股票型ETF,主题指数ETF,930851.CSI,77930846.4,6191100,5320120,0.863,0.85931740724589,-0.161962055
2023-11-06,516630.SH,华夏中证云计算与大数据主题ETF,20210903,中证云计算与大数据主题指数,中证云计算与大数据主题指数收益率,华夏基金管理有限公司,中国银行股份有限公司,股票型ETF,主题指数ETF,930851.CSI,78740939.2,7194900,6381406,0.892,0.88693463425482,-0.13434841
2023-11-07,516630.SH,华夏中证云计算与大数据主题ETF,20210903,中证云计算与大数据主题指数,中证云计算与大数据主题指数收益率,华夏基金管理有限公司,中国银行股份有限公司,股票型ETF,主题指数ETF,930851.CSI,82375537.2,10258500,9284958,0.915,0.90509899108057,0.142278647
2023-11-08,516630.SH,华夏中证云计算与大数据主题ETF,20210903,中证云计算与大数据主题指数,中证云计算与大数据主题指数收益率,华夏基金管理有限公司,中国银行股份有限公司,股票型ETF,主题指数ETF,930851.CSI,83250050.4,9805700,9042689,0.925,0.92218699327942,0.173272688
2023-11-09,516630.SH,华夏中证云计算与大数据主题ETF,20210903,中证云计算与大数据主题指数,中证云计算与大数据主题指数收益率,华夏基金管理有限公司,中国银行股份有限公司,股票型ETF,主题指数ETF,930851.CSI,83781970.8,8009600,7421581,0.929,0.92658572213344,-0.032282363
2023-11-10,516630.SH,华夏中证云计算与大数据主题ETF,20210903,中证云计算与大数据主题指数,中证云计算与大数据主题指数收益率,华夏基金管理有限公司,中国银行股份有限公司,股票型ETF,主题指数ETF,930851.CSI,81782798.8,11901200,10931730,0.916,0.91854014721205,-0.141720266
2023-11-13,516630.SH,华夏中证云计算与大数据主题ETF,20210903,中证云计算与大数据主题指数,中证云计算与大数据主题指数收益率,华夏基金管理有限公司,中国银行股份有限公司,股票型ETF,主题指数ETF,930851.CSI,82990058.4,12244600,11540265,0.942,0.94247790862911,0.063734863
2023-11-14,516630.SH,华夏中证云计算与大数据主题ETF,20210903,中证云计算与大数据主题指数,中证云计算与大数据主题指数收益率,华夏基金管理有限公司,中国银行股份有限公司,股票型ETF,主题指数ETF,930851.CSI,83792278.0,9962000,9442305,0.95,0.94783226259787,-0.052603893
2023-11-15,516630.SH,华夏中证云计算与大数据主题ETF,20210903,中证云计算与大数据主题指数,中证云计算与大数据主题指数收益率,华夏基金管理有限公司,中国银行股份有限公司,股票型ETF,主题指数ETF,930851.CSI,84430732.0,11369800,10797028,0.947,0.9496233882742,0
2023-11-16,516630.SH,华夏中证云计算与大数据主题ETF,20210903,中证云计算与大数据主题指数,中证云计算与大数据主题指数收益率,华夏基金管理有限公司,中国银行股份有限公司,股票型ETF,主题指数ETF,930851.CSI,83610496.8,8836100,8328587,0.939,0.94256368759973,0.127959053
2023-11-17,516630.SH,华夏中证云计算与大数据主题ETF,20210903,中证云计算与大数据主题指数,中证云计算与大数据主题指数收益率,华夏基金管理有限公司,中国银行股份有限公司,股票型ETF,主题指数ETF,930851.CSI,84350491.6,8066100,7579763,0.946,0.93970605373105,-0.010569707
2023-11-20,516630.SH,华夏中证云计算与大数据主题ETF,20210903,中证云计算与大数据主题指数,中证云计算与大数据主题指数收益率,华夏基金管理有限公司,中国银行股份有限公司,股票型ETF,主题指数ETF,930851.CSI,85250967.2,6034600,5753738,0.957,0.95345805852915,0.083664505
2023-11-21,516630.SH,华夏中证云计算与大数据主题ETF,20210903,中证云计算与大数据主题指数,中证云计算与大数据主题指数收益率,华夏基金管理有限公司,中国银行股份有限公司,股票型ETF,主题指数ETF,930851.CSI,83958205.2,7173900,6800527,0.943,0.94795397203752,0.138048211
2023-11-22,516630.SH,华夏中证云计算与大数据主题ETF,20210903,中证云计算与大数据主题指数,中证云计算与大数据主题指数收益率,华夏基金管理有限公司,中国银行股份有限公司,股票型ETF,主题指数ETF,930851.CSI,82522793.6,3790000,3551042,0.927,0.93695039577836,0.151253241
2023-11-23,516630.SH,华夏中证云计算与大数据主题ETF,20210903,中证云计算与大数据主题指数,中证云计算与大数据主题指数收益率,华夏基金管理有限公司,中国银行股份有限公司,股票型ETF,主题指数ETF,930851.CSI,84957392.0,5713200,5257874,0.932,0.92030280753343,0
2023-11-24,516630.SH,华夏中证云计算与大数据主题ETF,20210903,中证云计算与大数据主题指数,中证云计算与大数据主题指数收益率,华夏基金管理有限公司,中国银行股份有限公司,股票型ETF,主题指数ETF,930851.CSI,84194392.8,5383300,4907908,0.906,0.91169134174205,0.243416685
2023-11-27,516630.SH,华夏中证云计算与大数据主题ETF,20210903,中证云计算与大数据主题指数,中证云计算与大数据主题指数收益率,华夏基金管理有限公司,中国银行股份有限公司,股票型ETF,主题指数ETF,930851.CSI,85324167.2,6905900,6260809,0.906,0.90658842439074,-0.022070183
2023-11-28,516630.SH,华夏中证云计算与大数据主题ETF,20210903,中证云计算与大数据主题指数,中证云计算与大数据主题指数收益率,华夏基金管理有限公司,中国银行股份有限公司,股票型ETF,主题指数ETF,930851.CSI,85126439.6,4211200,3801302,0.905,0.90266479863222,0.09954651
2023-11-29,516630.SH,华夏中证云计算与大数据主题ETF,20210903,中证云计算与大数据主题指数,中证云计算与大数据主题指数收益率,华夏基金管理有限公司,中国银行股份有限公司,股票型ETF,主题指数ETF,930851.CSI,86050004.4,3199500,2878640,0.897,0.89971558055946,0.234663091
2023-11-30,516630.SH,华夏中证云计算与大数据主题ETF,20210903,中证云计算与大数据主题指数,中证云计算与大数据主题指数收益率,华夏基金管理有限公司,中国银行股份有限公司,股票型ETF,主题指数ETF,930851.CSI,85646149.2,5419200,4819669,0.891,0.88936909506938,0.033681374
2023-12-01,516630.SH,华夏中证云计算与大数据主题ETF,20210903,中证云计算与大数据主题指数,中证云计算与大数据主题指数收益率,华夏基金管理有限公司,中国银行股份有限公司,股票型ETF,主题指数ETF,930851.CSI,88607754.0,7147600,6516806,0.922,0.91174743970004,0.05425936
2023-12-04,516630.SH,华夏中证云计算与大数据主题ETF,20210903,中证云计算与大数据主题指数,中证云计算与大数据主题指数收益率,华夏基金管理有限公司,中国银行股份有限公司,股票型ETF,主题指数ETF,930851.CSI,92016768.0,10603900,9907364,0.928,0.93431322437971,0
2023-12-05,516630.SH,华夏中证云计算与大数据主题ETF,20210903,中证云计算与大数据主题指数,中证云计算与大数据主题指数收益率,华夏基金管理有限公司,中国银行股份有限公司,股票型ETF,主题指数ETF,930851.CSI,88635548.4,10642700,9660896,0.895,0.9077485976303,0.12305627
2023-12-06,516630.SH,华夏中证云计算与大数据主题ETF,20210903,中证云计算与大数据主题指数,中证云计算与大数据主题指数收益率,华夏基金管理有限公司,中国银行股份有限公司,股票型ETF,主题指数ETF,930851.CSI,88942932.0,10564100,9453507,0.897,0.89487102545413,0
2023-12-07,516630.SH,华夏中证云计算与大数据主题ETF,20210903,中证云计算与大数据主题指数,中证云计算与大数据主题指数收益率,华夏基金管理有限公司,中国银行股份有限公司,股票型ETF,主题指数ETF,930851.CSI,90678162.0,6921400,6290255,0.915,0.90881252347791,0.054674686
2023-12-08,516630.SH,华夏中证云计算与大数据主题ETF,20210903,中证云计算与大数据主题指数,中证云计算与大数据主题指数收益率,华夏基金管理有限公司,中国银行股份有限公司,股票型ETF,主题指数ETF,930851.CSI,93831322.8,11691200,10977980,0.948,0.938995141645,0.179647046
2023-12-11,516630.SH,华夏中证云计算与大数据主题ETF,20210903,中证云计算与大数据主题指数,中证云计算与大数据主题指数收益率,华夏基金管理有限公司,中国银行股份有限公司,股票型ETF,主题指数ETF,930851.CSI,95397987.6,9941000,9437945,0.962,0.94939593602253,-0.01039393
2023-12-12,516630.SH,华夏中证云计算与大数据主题ETF,20210903,中证云计算与大数据主题指数,中证云计算与大数据主题指数收益率,华夏基金管理有限公司,中国银行股份有限公司,股票型ETF,主题指数ETF,930851.CSI,95829260.8,7588100,7279719,0.955,0.95935991882026,-0.18812709
2023-12-13,516630.SH,华夏中证云计算与大数据主题ETF,20210903,中证云计算与大数据主题指数,中证云计算与大数据主题指数收益率,华夏基金管理有限公司,中国银行股份有限公司,股票型ETF,主题指数ETF,930851.CSI,94517217.2,7857000,7503491,0.944,0.95500712740232,0.031789764
2023-12-14,516630.SH,华夏中证云计算与大数据主题ETF,20210903,中证云计算与大数据主题指数,中证云计算与大数据主题指数收益率,华夏基金管理有限公司,中国银行股份有限公司,股票型ETF,主题指数ETF,930851.CSI,94894443.6,7450500,7069076,0.941,0.94880558351788,0.309135487
2023-12-15,516630.SH,华夏中证云计算与大数据主题ETF,20210903,中证云计算与大数据主题指数,中证云计算与大数据主题指数收益率,华夏基金管理有限公司,中国银行股份有限公司,股票型ETF,主题指数ETF,930851.CSI,94422790.8,7710600,7168788,0.93,0.92973153840168,0.616682895
2023-12-18,516630.SH,华夏中证云计算与大数据主题ETF,20210903,中证云计算与大数据主题指数,中证云计算与大数据主题指数收益率,华夏基金管理有限公司,中国银行股份有限公司,股票型ETF,主题指数ETF,930851.CSI,94140165.6,7622400,7018550,0.913,0.92077954450042,0.043830813
2023-12-19,516630.SH,华夏中证云计算与大数据主题ETF,20210903,中证云计算与大数据主题指数,中证云计算与大数据主题指数收益率,华夏基金管理有限公司,中国银行股份有限公司,股票型ETF,主题指数ETF,930851.CSI,94707523.6,9626600,8803934,0.918,0.91454241372863,-0.01089206
2023-12-20,516630.SH,华夏中证云计算与大数据主题ETF,20210903,中证云计算与大数据主题指数,中证云计算与大数据主题指数收益率,华夏基金管理有限公司,中国银行股份有限公司,股票型ETF,主题指数ETF,930851.CSI,91324006.8,10229400,9205477,0.886,0.89990390443232,0.079069242
2023-12-21,516630.SH,华夏中证云计算与大数据主题ETF,20210903,中证云计算与大数据主题指数,中证云计算与大数据主题指数收益率,华夏基金管理有限公司,中国银行股份有限公司,股票型ETF,主题指数ETF,930851.CSI,92675350.4,7924100,7043989,0.899,0.88893237086862,0.066785396
2023-12-22,516630.SH,华夏中证云计算与大数据主题ETF,20210903,中证云计算与大数据主题指数,中证云计算与大数据主题指数收益率,华夏基金管理有限公司,中国银行股份有限公司,股票型ETF,主题指数ETF,930851.CSI,91927375.2,11382100,10068917,0.875,0.88462735347607,0.09151224
2023-12-25,516630.SH,华夏中证云计算与大数据主题ETF,20210903,中证云计算与大数据主题指数,中证云计算与大数据主题指数收益率,华夏基金管理有限公司,中国银行股份有限公司,股票型ETF,主题指数ETF,930851.CSI,91916859.6,5005900,4374728,0.875,0.87391438103038,0.102963048
2023-12-26,516630.SH,华夏中证云计算与大数据主题ETF,20210903,中证云计算与大数据主题指数,中证云计算与大数据主题指数收益率,华夏基金管理有限公司,中国银行股份有限公司,股票型ETF,主题指数ETF,930851.CSI,89677036.8,8058000,6871060,0.854,0.85270042194093,0.140712946
2023-12-27,516630.SH,华夏中证云计算与大数据主题ETF,20210903,中证云计算与大数据主题指数,中证云计算与大数据主题指数收益率,华夏基金管理有限公司,中国银行股份有限公司,股票型ETF,主题指数ETF,930851.CSI,89261692.0,9257300,7945398,0.857,0.85828459702073,0
2023-12-28,516630.SH,华夏中证云计算与大数据主题ETF,20210903,中证云计算与大数据主题指数,中证云计算与大数据主题指数收益率,华夏基金管理有限公司,中国银行股份有限公司,股票型ETF,主题指数ETF,930851.CSI,91688526.8,8448900,7328179,0.88,0.86735302820486,-0.034079291
2023-12-29,516630.SH,华夏中证云计算与大数据主题ETF,20210903,中证云计算与大数据主题指数,中证云计算与大数据主题指数收益率,华夏基金管理有限公司,中国银行股份有限公司,股票型ETF,主题指数ETF,930851.CSI,93000892.4,6124600,5450333,0.893,0.88990840218137,0.011199462
2024-01-02,516630.SH,华夏中证云计算与大数据主题ETF,20210903,中证云计算与大数据主题指数,中证云计算与大数据主题指数收益率,华夏基金管理有限公司,中国银行股份有限公司,股票型ETF,主题指数ETF,930851.CSI,90969850.4,5175900,4566314,0.875,0.88222608628451,0.183192123
2024-01-03,516630.SH,华夏中证云计算与大数据主题ETF,20210903,中证云计算与大数据主题指数,中证云计算与大数据主题指数收益率,华夏基金管理有限公司,中国银行股份有限公司,股票型ETF,主题指数ETF,930851.CSI,88595093.6,6750900,5768600,0.852,0.85449347494408,0.164589701
2024-01-04,516630.SH,华夏中证云计算与大数据主题ETF,20210903,中证云计算与大数据主题指数,中证云计算与大数据主题指数收益率,华夏基金管理有限公司,中国银行股份有限公司,股票型ETF,主题指数ETF,930851.CSI,87751430.0,5249800,4431052,0.843,0.8440420587451,0.059347181
2024-01-05,516630.SH,华夏中证云计算与大数据主题ETF,20210903,中证云计算与大数据主题指数,中证云计算与大数据主题指数收益率,华夏基金管理有限公司,中国银行股份有限公司,股票型ETF,主题指数ETF,930851.CSI,85699556.8,7338100,6097968,0.823,0.8310009402979,0.024307244
2024-01-08,516630.SH,华夏中证云计算与大数据主题ETF,20210903,中证云计算与大数据主题指数,中证云计算与大数据主题指数收益率,华夏基金管理有限公司,中国银行股份有限公司,股票型ETF,主题指数ETF,930851.CSI,83262306.4,6759600,5464854,0.799,0.80845819279247,-0.050037528
2024-01-09,516630.SH,华夏中证云计算与大数据主题ETF,20210903,中证云计算与大数据主题指数,中证云计算与大数据主题指数收益率,华夏基金管理有限公司,中国银行股份有限公司,股票型ETF,主题指数ETF,930851.CSI,82741526.4,6983300,5589959,0.796,0.80047527673163,0.201409869
2024-01-10,516630.SH,华夏中证云计算与大数据主题ETF,20210903,中证云计算与大数据主题指数,中证云计算与大数据主题指数收益率,华夏基金管理有限公司,中国银行股份有限公司,股票型ETF,主题指数ETF,930851.CSI,81325004.8,5725100,4500383,0.782,0.78607936979267,0.153688525
2024-01-11,516630.SH,华夏中证云计算与大数据主题ETF,20210903,中证云计算与大数据主题指数,中证云计算与大数据主题指数收益率,华夏基金管理有限公司,中国银行股份有限公司,股票型ETF,主题指数ETF,930851.CSI,84524392.8,8002100,6397371,0.804,0.79946151635196,0.024881811
2024-01-12,516630.SH,华夏中证云计算与大数据主题ETF,20210903,中证云计算与大数据主题指数,中证云计算与大数据主题指数收益率,华夏基金管理有限公司,中国银行股份有限公司,股票型ETF,主题指数ETF,930851.CSI,83640312.4,6409500,5079261,0.788,0.79245822607068,0.012691966
2024-01-15,516630.SH,华夏中证云计算与大数据主题ETF,20210903,中证云计算与大数据主题指数,中证云计算与大数据主题指数收益率,华夏基金管理有限公司,中国银行股份有限公司,股票型ETF,主题指数ETF,930851.CSI,82844142.4,7351000,5758653,0.779,0.78338362127602,-0.179395182
2024-01-16,516630.SH,华夏中证云计算与大数据主题ETF,20210903,中证云计算与大数据主题指数,中证云计算与大数据主题指数收益率,华夏基金管理有限公司,中国银行股份有限公司,股票型ETF,主题指数ETF,930851.CSI,82515058.8,7809000,6004928,0.777,0.76897528492765,-0.038595137
2024-01-17,516630.SH,华夏中证云计算与大数据主题ETF,20210903,中证云计算与大数据主题指数,中证云计算与大数据主题指数收益率,华夏基金管理有限公司,中国银行股份有限公司,股票型ETF,主题指数ETF,930851.CSI,80933334.4,4765700,3698920,0.763,0.77615460477999,0.078698846
2024-01-18,516630.SH,华夏中证云计算与大数据主题ETF,20210903,中证云计算与大数据主题指数,中证云计算与大数据主题指数收益率,华夏基金管理有限公司,中国银行股份有限公司,股票型ETF,主题指数ETF,930851.CSI,82897220.4,8879500,6775847,0.781,0.76308880004505,0.012805737
2024-01-19,516630.SH,华夏中证云计算与大数据主题ETF,20210903,中证云计算与大数据主题指数,中证云计算与大数据主题指数收益率,华夏基金管理有限公司,中国银行股份有限公司,股票型ETF,主题指数ETF,930851.CSI,82456542.0,6661700,5197077,0.768,0.78014275635348,-0.194931774
2024-01-22,516630.SH,华夏中证云计算与大数据主题ETF,20210903,中证云计算与大数据主题指数,中证云计算与大数据主题指数收益率,华夏基金管理有限公司,中国银行股份有限公司,股票型ETF,主题指数ETF,930851.CSI,79851574.8,10860400,8210019,0.738,0.75595917277448,-0.040633889
2024-01-23,516630.SH,华夏中证云计算与大数据主题ETF,20210903,中证云计算与大数据主题指数,中证云计算与大数据主题指数收益率,华夏基金管理有限公司,中国银行股份有限公司,股票型ETF,主题指数ETF,930851.CSI,83438846.4,10325400,7761023,0.763,0.75164381040928,-0.183150183
2024-01-24,516630.SH,华夏中证云计算与大数据主题ETF,20210903,中证云计算与大数据主题指数,中证云计算与大数据主题指数收益率,华夏基金管理有限公司,中国银行股份有限公司,股票型ETF,主题指数ETF,930851.CSI,83431538.4,10874200,8247736,0.772,0.7584683011164,0.077780659
2024-01-25,516630.SH,华夏中证云计算与大数据主题ETF,20210903,中证云计算与大数据主题指数,中证云计算与大数据主题指数收益率,华夏基金管理有限公司,中国银行股份有限公司,股票型ETF,主题指数ETF,930851.CSI,85951573.2,12559100,9802086,0.794,0.78047678575694,-0.088083554
2024-01-26,516630.SH,华夏中证云计算与大数据主题ETF,20210903,中证云计算与大数据主题指数,中证云计算与大数据主题指数收益率,华夏基金管理有限公司,中国银行股份有限公司,股票型ETF,主题指数ETF,930851.CSI,85392738.8,11321500,8943013,0.785,0.78991414565208,0.345136137
2024-01-29,516630.SH,华夏中证云计算与大数据主题ETF,20210903,中证云计算与大数据主题指数,中证云计算与大数据主题指数收益率,华夏基金管理有限公司,中国银行股份有限公司,股票型ETF,主题指数ETF,930851.CSI,81768759.6,8882000,6745558,0.749,0.75946385949111,-0.013349353
2024-01-30,516630.SH,华夏中证云计算与大数据主题ETF,20210903,中证云计算与大数据主题指数,中证云计算与大数据主题指数收益率,华夏基金管理有限公司,中国银行股份有限公司,股票型ETF,主题指数ETF,930851.CSI,80065926.0,7416600,5558278,0.733,0.74943747808969,-0.068166326
2024-01-31,516630.SH,华夏中证云计算与大数据主题ETF,20210903,中证云计算与大数据主题指数,中证云计算与大数据主题指数收益率,华夏基金管理有限公司,中国银行股份有限公司,股票型ETF,主题指数ETF,930851.CSI,76234550.4,7628600,5450576,0.699,0.71449230527226,0.085910653
2024-02-01,516630.SH,华夏中证云计算与大数据主题ETF,20210903,中证云计算与大数据主题指数,中证云计算与大数据主题指数收益率,华夏基金管理有限公司,中国银行股份有限公司,股票型ETF,主题指数ETF,930851.CSI,78420056.4,9395400,6655779,0.713,0.70840826361837,0.154516084
2024-02-02,516630.SH,华夏中证云计算与大数据主题ETF,20210903,中证云计算与大数据主题指数,中证云计算与大数据主题指数收益率,华夏基金管理有限公司,中国银行股份有限公司,股票型ETF,主题指数ETF,930851.CSI,75121159.2,9983000,6944161,0.688,0.69559861765,-0.029061319
2024-02-05,516630.SH,华夏中证云计算与大数据主题ETF,20210903,中证云计算与大数据主题指数,中证云计算与大数据主题指数收益率,华夏基金管理有限公司,中国银行股份有限公司,股票型ETF,主题指数ETF,930851.CSI,73176630.8,11329800,7554164,0.664,0.66675175201681,-0.045160319
2024-02-06,516630.SH,华夏中证云计算与大数据主题ETF,20210903,中证云计算与大数据主题指数,中证云计算与大数据主题指数收益率,华夏基金管理有限公司,中国银行股份有限公司,股票型ETF,主题指数ETF,930851.CSI,80169108.8,13630800,9301100,0.716,0.68235906916689,0.167879127
2024-02-07,516630.SH,华夏中证云计算与大数据主题ETF,20210903,中证云计算与大数据主题指数,中证云计算与大数据主题指数收益率,华夏基金管理有限公司,中国银行股份有限公司,股票型ETF,主题指数ETF,930851.CSI,81510694.8,7360500,5385286,0.732,0.7316467631275,-0.177280785
2024-02-08,516630.SH,华夏中证云计算与大数据主题ETF,20210903,中证云计算与大数据主题指数,中证云计算与大数据主题指数收益率,华夏基金管理有限公司,中国银行股份有限公司,股票型ETF,主题指数ETF,930851.CSI,84467444.4,9755800,7416733,0.76,0.76023831976875,0.013159626
2024-02-19,516630.SH,华夏中证云计算与大数据主题ETF,20210903,中证云计算与大数据主题指数,中证云计算与大数据主题指数收益率,华夏基金管理有限公司,中国银行股份有限公司,股票型ETF,主题指数ETF,930851.CSI,95505494.8,21888700,17401777,0.815,0.79501190111793,0.828900161
2024-02-20,516630.SH,华夏中证云计算与大数据主题ETF,20210903,中证云计算与大数据主题指数,中证云计算与大数据主题指数收益率,华夏基金管理有限公司,中国银行股份有限公司,股票型ETF,主题指数ETF,930851.CSI,95103764.4,12222000,9780117,0.803,0.800205940108,-0.236054168
2024-02-21,516630.SH,华夏中证云计算与大数据主题ETF,20210903,中证云计算与大数据主题指数,中证云计算与大数据主题指数收益率,华夏基金管理有限公司,中国银行股份有限公司,股票型ETF,主题指数ETF,930851.CSI,92553100.8,14242600,11385445,0.795,0.79939372024771,-0.225903614
2024-02-22,516630.SH,华夏中证云计算与大数据主题ETF,20210903,中证云计算与大数据主题指数,中证云计算与大数据主题指数收益率,华夏基金管理有限公司,中国银行股份有限公司,股票型ETF,主题指数ETF,930851.CSI,95956471.6,20152700,16621639,0.828,0.82478471867293,0.229996368
2024-02-23,516630.SH,华夏中证云计算与大数据主题ETF,20210903,中证云计算与大数据主题指数,中证云计算与大数据主题指数收益率,华夏基金管理有限公司,中国银行股份有限公司,股票型ETF,主题指数ETF,930851.CSI,101523851.6,19392500,16065990,0.83,0.8284640969447,-0.132354711
2024-02-26,516630.SH,华夏中证云计算与大数据主题ETF,20210903,中证云计算与大数据主题指数,中证云计算与大数据主题指数收益率,华夏基金管理有限公司,中国银行股份有限公司,股票型ETF,主题指数ETF,930851.CSI,103806831.6,16650200,13953788,0.835,0.83805527861527,-0.13156321
2024-02-27,516630.SH,华夏中证云计算与大数据主题ETF,20210903,中证云计算与大数据主题指数,中证云计算与大数据主题指数收益率,华夏基金管理有限公司,中国银行股份有限公司,股票型ETF,主题指数ETF,930851.CSI,113853790.4,24321300,20913839,0.894,0.85989807288262,0.630346691
2024-02-28,516630.SH,华夏中证云计算与大数据主题ETF,20210903,中证云计算与大数据主题指数,中证云计算与大数据主题指数收益率,华夏基金管理有限公司,中国银行股份有限公司,股票型ETF,主题指数ETF,930851.CSI,122555210.8,47276700,42001163,0.849,0.88841147965065,0.556674168
2024-02-29,516630.SH,华夏中证云计算与大数据主题ETF,20210903,中证云计算与大数据主题指数,中证云计算与大数据主题指数收益率,华夏基金管理有限公司,中国银行股份有限公司,股票型ETF,主题指数ETF,930851.CSI,130614329.6,28012800,24380315,0.882,0.87032767163582,0.045372051
2024-03-01,516630.SH,华夏中证云计算与大数据主题ETF,20210903,中证云计算与大数据主题指数,中证云计算与大数据主题指数收益率,华夏基金管理有限公司,中国银行股份有限公司,股票型ETF,主题指数ETF,930851.CSI,149686203.6,41607200,37936257,0.926,0.91177144821089,0.314158813
2024-03-04,516630.SH,华夏中证云计算与大数据主题ETF,20210903,中证云计算与大数据主题指数,中证云计算与大数据主题指数收益率,华夏基金管理有限公司,中国银行股份有限公司,股票型ETF,主题指数ETF,930851.CSI,164741091.2,47218400,44086743,0.935,0.93367718940074,-0.0213858
2024-03-05,516630.SH,华夏中证云计算与大数据主题ETF,20210903,中证云计算与大数据主题指数,中证云计算与大数据主题指数收益率,华夏基金管理有限公司,中国银行股份有限公司,股票型ETF,主题指数ETF,930851.CSI,163032378.0,35847900,33288459,0.925,0.92860276334179,-0.054024851
2024-03-06,516630.SH,华夏中证云计算与大数据主题ETF,20210903,中证云计算与大数据主题指数,中证云计算与大数据主题指数收益率,华夏基金管理有限公司,中国银行股份有限公司,股票型ETF,主题指数ETF,930851.CSI,162717786.0,24448900,22389962,0.918,0.91578606808486,-0.054436581
2024-03-07,516630.SH,华夏中证云计算与大数据主题ETF,20210903,中证云计算与大数据主题指数,中证云计算与大数据主题指数收益率,华夏基金管理有限公司,中国银行股份有限公司,股票型ETF,主题指数ETF,930851.CSI,160022139.2,23793800,21658775,0.895,0.91026969210467,0.201522615
2024-03-08,516630.SH,华夏中证云计算与大数据主题ETF,20210903,中证云计算与大数据主题指数,中证云计算与大数据主题指数收益率,华夏基金管理有限公司,中国银行股份有限公司,股票型ETF,主题指数ETF,930851.CSI,163959975.6,24516900,22059878,0.912,0.89978251736557,0.208768267
2024-03-11,516630.SH,华夏中证云计算与大数据主题ETF,20210903,中证云计算与大数据主题指数,中证云计算与大数据主题指数收益率,华夏基金管理有限公司,中国银行股份有限公司,股票型ETF,主题指数ETF,930851.CSI,165671457.6,25206900,22748803,0.917,0.90248316929095,-0.282731622
2024-03-12,516630.SH,华夏中证云计算与大数据主题ETF,20210903,中证云计算与大数据主题指数,中证云计算与大数据主题指数收益率,华夏基金管理有限公司,中国银行股份有限公司,股票型ETF,主题指数ETF,930851.CSI,164626552.8,18442000,16878592,0.913,0.91522568051188,-0.087546509
2024-03-13,516630.SH,华夏中证云计算与大数据主题ETF,20210903,中证云计算与大数据主题指数,中证云计算与大数据主题指数收益率,华夏基金管理有限公司,中国银行股份有限公司,股票型ETF,主题指数ETF,930851.CSI,163178391.6,25586500,23679033,0.92,0.92545025697145,-0.11942243
2024-03-14,516630.SH,华夏中证云计算与大数据主题ETF,20210903,中证云计算与大数据主题指数,中证云计算与大数据主题指数收益率,华夏基金管理有限公司,中国银行股份有限公司,股票型ETF,主题指数ETF,930851.CSI,160724734.4,18319100,16671096,0.911,0.91003903030171,-0.153441473
2024-03-15,516630.SH,华夏中证云计算与大数据主题ETF,20210903,中证云计算与大数据主题指数,中证云计算与大数据主题指数收益率,华夏基金管理有限公司,中国银行股份有限公司,股票型ETF,主题指数ETF,930851.CSI,163102840.4,18536300,16855146,0.924,0.90930476956027,-0.205205746
2024-03-18,516630.SH,华夏中证云计算与大数据主题ETF,20210903,中证云计算与大数据主题指数,中证云计算与大数据主题指数收益率,华夏基金管理有限公司,中国银行股份有限公司,股票型ETF,主题指数ETF,930851.CSI,165855216.4,24144500,22685804,0.947,0.93958475015014,0.010560777
2024-03-19,516630.SH,华夏中证云计算与大数据主题ETF,20210903,中证云计算与大数据主题指数,中证云计算与大数据主题指数收益率,华夏基金管理有限公司,中国银行股份有限公司,股票型ETF,主题指数ETF,930851.CSI,163858438.0,17491100,16452578,0.935,0.94062568963644,-0.053447354
2024-03-20,516630.SH,华夏中证云计算与大数据主题ETF,20210903,中证云计算与大数据主题指数,中证云计算与大数据主题指数收益率,华夏基金管理有限公司,中国银行股份有限公司,股票型ETF,主题指数ETF,930851.CSI,165121561.6,22153100,20965327,0.953,0.94638344069227,-0.062919463
2024-03-21,516630.SH,华夏中证云计算与大数据主题ETF,20210903,中证云计算与大数据主题指数,中证云计算与大数据主题指数收益率,华夏基金管理有限公司,中国银行股份有限公司,股票型ETF,主题指数ETF,930851.CSI,163582631.2,21474300,20595478,0.951,0.9590756392525,0.084192802
2024-03-22,516630.SH,华夏中证云计算与大数据主题ETF,20210903,中证云计算与大数据主题指数,中证云计算与大数据主题指数收益率,华夏基金管理有限公司,中国银行股份有限公司,股票型ETF,主题指数ETF,930851.CSI,161801340.4,23735100,22452979,0.952,0.9459820687505,0.115679882
2024-03-25,516630.SH,华夏中证云计算与大数据主题ETF,20210903,中证云计算与大数据主题指数,中证云计算与大数据主题指数收益率,华夏基金管理有限公司,中国银行股份有限公司,股票型ETF,主题指数ETF,930851.CSI,156373364.0,20343500,19118013,0.922,0.93976026740728,0.326441785
2024-03-26,516630.SH,华夏中证云计算与大数据主题ETF,20210903,中证云计算与大数据主题指数,中证云计算与大数据主题指数收益率,华夏基金管理有限公司,中国银行股份有限公司,股票型ETF,主题指数ETF,930851.CSI,154022262.0,23334700,21193159,0.891,0.90822504681869,0.168634064
2024-03-27,516630.SH,华夏中证云计算与大数据主题ETF,20210903,中证云计算与大数据主题指数,中证云计算与大数据主题指数收益率,华夏基金管理有限公司,中国银行股份有限公司,股票型ETF,主题指数ETF,930851.CSI,146767025.6,18776900,16218726,0.848,0.86375951301866,0.047192072
2024-03-28,516630.SH,华夏中证云计算与大数据主题ETF,20210903,中证云计算与大数据主题指数,中证云计算与大数据主题指数收益率,华夏基金管理有限公司,中国银行股份有限公司,股票型ETF,主题指数ETF,930851.CSI,154575170.0,25807800,22567972,0.888,0.87446322429653,0.623229462
2024-03-29,516630.SH,华夏中证云计算与大数据主题ETF,20210903,中证云计算与大数据主题指数,中证云计算与大数据主题指数收益率,华夏基金管理有限公司,中国银行股份有限公司,股票型ETF,主题指数ETF,930851.CSI,155761790.8,19434000,16925512,0.877,0.87092271277143,0.308818483
2024-04-01,516630.SH,华夏中证云计算与大数据主题ETF,20210903,中证云计算与大数据主题指数,中证云计算与大数据主题指数收益率,华夏基金管理有限公司,中国银行股份有限公司,股票型ETF,主题指数ETF,930851.CSI,160126612.8,17331600,15397407,0.899,0.88840078238593,0.022251891
2024-04-02,516630.SH,华夏中证云计算与大数据主题ETF,20210903,中证云计算与大数据主题指数,中证云计算与大数据主题指数收益率,华夏基金管理有限公司,中国银行股份有限公司,股票型ETF,主题指数ETF,930851.CSI,156474414.8,15569500,13737202,0.88,0.88231491056232,0.193555733
2024-04-03,516630.SH,华夏中证云计算与大数据主题ETF,20210903,中证云计算与大数据主题指数,中证云计算与大数据主题指数收益率,华夏基金管理有限公司,中国银行股份有限公司,股票型ETF,主题指数ETF,930851.CSI,152264684.4,17054600,14616959,0.853,0.85706841555944,0.364748794
2024-04-08,516630.SH,华夏中证云计算与大数据主题ETF,20210903,中证云计算与大数据主题指数,中证云计算与大数据主题指数收益率,华夏基金管理有限公司,中国银行股份有限公司,股票型ETF,主题指数ETF,930851.CSI,153921820.0,14104200,11977516,0.845,0.84921626182272,0
2024-04-09,516630.SH,华夏中证云计算与大数据主题ETF,20210903,中证云计算与大数据主题指数,中证云计算与大数据主题指数收益率,华夏基金管理有限公司,中国银行股份有限公司,股票型ETF,主题指数ETF,930851.CSI,154322563.2,14243100,11974548,0.847,0.84072624639299,-0.023607177
2024-04-10,516630.SH,华夏中证云计算与大数据主题ETF,20210903,中证云计算与大数据主题指数,中证云计算与大数据主题指数收益率,华夏基金管理有限公司,中国银行股份有限公司,股票型ETF,主题指数ETF,930851.CSI,150497287.2,13316000,11037866,0.826,0.82891754280565,-0.024207214
2024-04-11,516630.SH,华夏中证云计算与大数据主题ETF,20210903,中证云计算与大数据主题指数,中证云计算与大数据主题指数收益率,华夏基金管理有限公司,中国银行股份有限公司,股票型ETF,主题指数ETF,930851.CSI,151572007.6,16314300,13639852,0.832,0.83606725388156,-0.012017786
2024-04-12,516630.SH,华夏中证云计算与大数据主题ETF,20210903,中证云计算与大数据主题指数,中证云计算与大数据主题指数收益率,华夏基金管理有限公司,中国银行股份有限公司,股票型ETF,主题指数ETF,930851.CSI,150232088.4,15919000,13394351,0.834,0.84140655820089,0.011991846
2024-04-15,516630.SH,华夏中证云计算与大数据主题ETF,20210903,中证云计算与大数据主题指数,中证云计算与大数据主题指数收益率,华夏基金管理有限公司,中国银行股份有限公司,股票型ETF,主题指数ETF,930851.CSI,150376213.2,16127000,13477132,0.834,0.83568748062256,-0.083862466
2024-04-16,516630.SH,华夏中证云计算与大数据主题ETF,20210903,中证云计算与大数据主题指数,中证云计算与大数据主题指数收益率,华夏基金管理有限公司,中国银行股份有限公司,股票型ETF,主题指数ETF,930851.CSI,145908344.4,14446900,11886653,0.809,0.82278225778541,-0.11112483
2024-04-17,516630.SH,华夏中证云计算与大数据主题ETF,20210903,中证云计算与大数据主题指数,中证云计算与大数据主题指数收益率,华夏基金管理有限公司,中国银行股份有限公司,股票型ETF,主题指数ETF,930851.CSI,148728510.8,17791100,14842571,0.844,0.83426943808983,-0.035532394
2024-04-18,516630.SH,华夏中证云计算与大数据主题ETF,20210903,中证云计算与大数据主题指数,中证云计算与大数据主题指数收益率,华夏基金管理有限公司,中国银行股份有限公司,股票型ETF,主题指数ETF,930851.CSI,147495418.8,15176400,12735640,0.836,0.83917398065417,-0.155260958
2024-04-19,516630.SH,华夏中证云计算与大数据主题ETF,20210903,中证云计算与大数据主题指数,中证云计算与大数据主题指数收益率,华夏基金管理有限公司,中国银行股份有限公司,股票型ETF,主题指数ETF,930851.CSI,143813758.4,10519300,8595516,0.816,0.81711862956661,-0.04899559
2024-04-22,516630.SH,华夏中证云计算与大数据主题ETF,20210903,中证云计算与大数据主题指数,中证云计算与大数据主题指数收益率,华夏基金管理有限公司,中国银行股份有限公司,股票型ETF,主题指数ETF,930851.CSI,140772877.2,10207400,8144673,0.804,0.79791847091326,0.037327361
2024-04-23,516630.SH,华夏中证云计算与大数据主题ETF,20210903,中证云计算与大数据主题指数,中证云计算与大数据主题指数收益率,华夏基金管理有限公司,中国银行股份有限公司,股票型ETF,主题指数ETF,930851.CSI,140527658.8,9247400,7427154,0.801,0.80316132101996,-0.162034152
2024-04-24,516630.SH,华夏中证云计算与大数据主题ETF,20210903,中证云计算与大数据主题指数,中证云计算与大数据主题指数收益率,华夏基金管理有限公司,中国银行股份有限公司,股票型ETF,主题指数ETF,930851.CSI,144765980.4,19011000,15704611,0.842,0.82608021671664,0.130812225
2024-04-25,516630.SH,华夏中证云计算与大数据主题ETF,20210903,中证云计算与大数据主题指数,中证云计算与大数据主题指数收益率,华夏基金管理有限公司,中国银行股份有限公司,股票型ETF,主题指数ETF,930851.CSI,142975558.0,12057100,10037913,0.83,0.83253128861832,-0.060204696
2024-04-26,516630.SH,华夏中证云计算与大数据主题ETF,20210903,中证云计算与大数据主题指数,中证云计算与大数据主题指数收益率,华夏基金管理有限公司,中国银行股份有限公司,股票型ETF,主题指数ETF,930851.CSI,148340905.2,21318700,18295125,0.866,0.85817263716831,-0.080766124
2024-04-29,516630.SH,华夏中证云计算与大数据主题ETF,20210903,中证云计算与大数据主题指数,中证云计算与大数据主题指数收益率,华夏基金管理有限公司,中国银行股份有限公司,股票型ETF,主题指数ETF,930851.CSI,155521012.4,23591300,20899458,0.889,0.88589683485014,0.123887825
2024-04-30,516630.SH,华夏中证云计算与大数据主题ETF,20210903,中证云计算与大数据主题指数,中证云计算与大数据主题指数收益率,华夏基金管理有限公司,中国银行股份有限公司,股票型ETF,主题指数ETF,930851.CSI,155052511.2,13245300,11726353,0.882,0.88532181226548,0.204498978
2024-05-06,516630.SH,华夏中证云计算与大数据主题ETF,20210903,中证云计算与大数据主题指数,中证云计算与大数据主题指数收益率,华夏基金管理有限公司,中国银行股份有限公司,股票型ETF,主题指数ETF,930851.CSI,159203857.2,15780800,14093051,0.885,0.89305047906317,0.147108747
2024-05-07,516630.SH,华夏中证云计算与大数据主题ETF,20210903,中证云计算与大数据主题指数,中证云计算与大数据主题指数收益率,华夏基金管理有限公司,中国银行股份有限公司,股票型ETF,主题指数ETF,930851.CSI,158985756.8,15526600,13698913,0.873,0.88228672085325,0.022914757
2024-05-08,516630.SH,华夏中证云计算与大数据主题ETF,20210903,中证云计算与大数据主题指数,中证云计算与大数据主题指数收益率,华夏基金管理有限公司,中国银行股份有限公司,股票型ETF,主题指数ETF,930851.CSI,155287990.0,10773400,9248783,0.853,0.85848320864351,0.058651026
2024-05-09,516630.SH,华夏中证云计算与大数据主题ETF,20210903,中证云计算与大数据主题指数,中证云计算与大数据主题指数收益率,华夏基金管理有限公司,中国银行股份有限公司,股票型ETF,主题指数ETF,930851.CSI,156872747.2,11988900,10277056,0.861,0.85721425652061,-0.023223409
2024-05-10,516630.SH,华夏中证云计算与大数据主题ETF,20210903,中证云计算与大数据主题指数,中证云计算与大数据主题指数收益率,华夏基金管理有限公司,中国银行股份有限公司,股票型ETF,主题指数ETF,930851.CSI,154176838.4,12728300,10786244,0.846,0.84742220092235,-0.047258979
2024-05-13,516630.SH,华夏中证云计算与大数据主题ETF,20210903,中证云计算与大数据主题指数,中证云计算与大数据主题指数收益率,华夏基金管理有限公司,中国银行股份有限公司,股票型ETF,主题指数ETF,930851.CSI,152428140.8,11783800,9891494,0.838,0.83941462007162,0.143403442
2024-05-14,516630.SH,华夏中证云计算与大数据主题ETF,20210903,中证云计算与大数据主题指数,中证云计算与大数据主题指数收益率,华夏基金管理有限公司,中国银行股份有限公司,股票型ETF,主题指数ETF,930851.CSI,153173362.8,11071000,9255885,0.837,0.83604778249481,0.083702021
2024-05-15,516630.SH,华夏中证云计算与大数据主题ETF,20210903,中证云计算与大数据主题指数,中证云计算与大数据主题指数收益率,华夏基金管理有限公司,中国银行股份有限公司,股票型ETF,主题指数ETF,930851.CSI,151763061.6,9883900,8239591,0.828,0.83363763291818,-0.072411296
2024-05-16,516630.SH,华夏中证云计算与大数据主题ETF,20210903,中证云计算与大数据主题指数,中证云计算与大数据主题指数收益率,华夏基金管理有限公司,中国银行股份有限公司,股票型ETF,主题指数ETF,930851.CSI,153667884.0,15814000,13309297,0.839,0.84161483495637,0
2024-05-17,516630.SH,华夏中证云计算与大数据主题ETF,20210903,中证云计算与大数据主题指数,中证云计算与大数据主题指数收益率,华夏基金管理有限公司,中国银行股份有限公司,股票型ETF,主题指数ETF,930851.CSI,155407866.0,11199600,9405961,0.848,0.83984794099789,-0.058927519
2024-05-20,516630.SH,华夏中证云计算与大数据主题ETF,20210903,中证云计算与大数据主题指数,中证云计算与大数据主题指数收益率,华夏基金管理有限公司,中国银行股份有限公司,股票型ETF,主题指数ETF,930851.CSI,158484886.8,14056900,12073224,0.866,0.85888239939105,0.080896799
2024-05-21,516630.SH,华夏中证云计算与大数据主题ETF,20210903,中证云计算与大数据主题指数,中证云计算与大数据主题指数收益率,华夏基金管理有限公司,中国银行股份有限公司,股票型ETF,主题指数ETF,930851.CSI,157550791.2,9633100,8311528,0.859,0.8628092721969,-0.139502441
2024-05-22,516630.SH,华夏中证云计算与大数据主题ETF,20210903,中证云计算与大数据主题指数,中证云计算与大数据主题指数收益率,华夏基金管理有限公司,中国银行股份有限公司,股票型ETF,主题指数ETF,930851.CSI,156763453.6,11586300,9913833,0.861,0.85565132958753,0.046479201
2024-05-23,516630.SH,华夏中证云计算与大数据主题ETF,20210903,中证云计算与大数据主题指数,中证云计算与大数据主题指数收益率,华夏基金管理有限公司,中国银行股份有限公司,股票型ETF,主题指数ETF,930851.CSI,153429998.8,14626200,12422660,0.843,0.84934295989389,0.083105782
2024-05-24,516630.SH,华夏中证云计算与大数据主题ETF,20210903,中证云计算与大数据主题指数,中证云计算与大数据主题指数收益率,华夏基金管理有限公司,中国银行股份有限公司,股票型ETF,主题指数ETF,930851.CSI,149167548.4,13457800,11276793,0.819,0.83793733002422,0.012211503
2024-05-27,516630.SH,华夏中证云计算与大数据主题ETF,20210903,中证云计算与大数据主题指数,中证云计算与大数据主题指数收益率,华夏基金管理有限公司,中国银行股份有限公司,股票型ETF,主题指数ETF,930851.CSI,150734090.0,11191100,9156955,0.827,0.81823547283109,-0.060422961
2024-05-28,516630.SH,华夏中证云计算与大数据主题ETF,20210903,中证云计算与大数据主题指数,中证云计算与大数据主题指数收益率,华夏基金管理有限公司,中国银行股份有限公司,股票型ETF,主题指数ETF,930851.CSI,147491713.2,10112000,8261222,0.81,0.81697211234177,0.03705076
2024-05-29,516630.SH,华夏中证云计算与大数据主题ETF,20210903,中证云计算与大数据主题指数,中证云计算与大数据主题指数收益率,华夏基金管理有限公司,中国银行股份有限公司,股票型ETF,主题指数ETF,930851.CSI,146854167.2,8398300,6813482,0.807,0.81129299977376,0.09923096
2024-05-30,516630.SH,华夏中证云计算与大数据主题ETF,20210903,中证云计算与大数据主题指数,中证云计算与大数据主题指数收益率,华夏基金管理有限公司,中国银行股份有限公司,股票型ETF,主题指数ETF,930851.CSI,145975504.8,13326000,10714623,0.804,0.80403894642053,-0.223380491
2024-05-31,516630.SH,华夏中证云计算与大数据主题ETF,20210903,中证云计算与大数据主题指数,中证云计算与大数据主题指数收益率,华夏基金管理有限公司,中国银行股份有限公司,股票型ETF,主题指数ETF,930851.CSI,146899400.4,10434400,8485017,0.811,0.81317727900023,0.012331977
2024-06-03,516630.SH,华夏中证云计算与大数据主题ETF,20210903,中证云计算与大数据主题指数,中证云计算与大数据主题指数收益率,华夏基金管理有限公司,中国银行股份有限公司,股票型ETF,主题指数ETF,930851.CSI,148475457.6,8928000,7295967,0.818,0.81720060483871,-0.195217179
2024-06-04,516630.SH,华夏中证云计算与大数据主题ETF,20210903,中证云计算与大数据主题指数,中证云计算与大数据主题指数收益率,华夏基金管理有限公司,中国银行股份有限公司,股票型ETF,主题指数ETF,930851.CSI,149508046.8,11138200,9122149,0.825,0.81899669605502,-0.036350418
2024-06-05,516630.SH,华夏中证云计算与大数据主题ETF,20210903,中证云计算与大数据主题指数,中证云计算与大数据主题指数收益率,华夏基金管理有限公司,中国银行股份有限公司,股票型ETF,主题指数ETF,930851.CSI,148330532.8,9728700,8044484,0.82,0.82688170053553,0.146555936
2024-06-06,516630.SH,华夏中证云计算与大数据主题ETF,20210903,中证云计算与大数据主题指数,中证云计算与大数据主题指数收益率,华夏基金管理有限公司,中国银行股份有限公司,股票型ETF,主题指数ETF,930851.CSI,147062440.8,13285100,10902120,0.81,0.82062762041686,-0.22172949
2024-06-07,516630.SH,华夏中证云计算与大数据主题ETF,20210903,中证云计算与大数据主题指数,中证云计算与大数据主题指数收益率,华夏基金管理有限公司,中国银行股份有限公司,股票型ETF,主题指数ETF,930851.CSI,144340987.2,14337200,11540026,0.8,0.80490095695115,-0.149775337
2024-06-11,516630.SH,华夏中证云计算与大数据主题ETF,20210903,中证云计算与大数据主题指数,中证云计算与大数据主题指数收益率,华夏基金管理有限公司,中国银行股份有限公司,股票型ETF,主题指数ETF,930851.CSI,145850899.6,10299600,8290271,0.813,0.8049119383277,-0.135118536
2024-06-12,516630.SH,华夏中证云计算与大数据主题ETF,20210903,中证云计算与大数据主题指数,中证云计算与大数据主题指数收益率,华夏基金管理有限公司,中国银行股份有限公司,股票型ETF,主题指数ETF,930851.CSI,146585439.2,10806500,8849236,0.818,0.81888085874242,-0.024443901
2024-06-13,516630.SH,华夏中证云计算与大数据主题ETF,20210903,中证云计算与大数据主题指数,中证云计算与大数据主题指数收益率,华夏基金管理有限公司,中国银行股份有限公司,股票型ETF,主题指数ETF,930851.CSI,146596590.0,13491400,11097553,0.826,0.82256496731251,-0.181268882
2024-06-14,516630.SH,华夏中证云计算与大数据主题ETF,20210903,中证云计算与大数据主题指数,中证云计算与大数据主题指数收益率,华夏基金管理有限公司,中国银行股份有限公司,股票型ETF,主题指数ETF,930851.CSI,147736534.8,14696800,12345536,0.849,0.8400152414131,0.082517977
2024-06-17,516630.SH,华夏中证云计算与大数据主题ETF,20210903,中证云计算与大数据主题指数,中证云计算与大数据主题指数收益率,华夏基金管理有限公司,中国银行股份有限公司,股票型ETF,主题指数ETF,930851.CSI,146796092.4,8695100,7344737,0.842,0.84469839334798,-0.106774232
2024-06-18,516630.SH,华夏中证云计算与大数据主题ETF,20210903,中证云计算与大数据主题指数,中证云计算与大数据主题指数收益率,华夏基金管理有限公司,中国银行股份有限公司,股票型ETF,主题指数ETF,930851.CSI,149617419.6,18128600,15584740,0.859,0.85967697450437,-0.011640088
2024-06-19,516630.SH,华夏中证云计算与大数据主题ETF,20210903,中证云计算与大数据主题指数,中证云计算与大数据主题指数收益率,华夏基金管理有限公司,中国银行股份有限公司,股票型ETF,主题指数ETF,930851.CSI,148224171.6,9855300,8442543,0.85,0.8566500258744,-0.129244507
2024-06-20,516630.SH,华夏中证云计算与大数据主题ETF,20210903,中证云计算与大数据主题指数,中证云计算与大数据主题指数收益率,华夏基金管理有限公司,中国银行股份有限公司,股票型ETF,主题指数ETF,930851.CSI,144479817.6,12174300,10214071,0.829,0.83898630722095,-0.072324012
2024-06-21,516630.SH,华夏中证云计算与大数据主题ETF,20210903,中证云计算与大数据主题指数,中证云计算与大数据主题指数收益率,华夏基金管理有限公司,中国银行股份有限公司,股票型ETF,主题指数ETF,930851.CSI,144880376.4,10881100,9001296,0.833,0.82724136346509,0.132227431
2024-06-24,516630.SH,华夏中证云计算与大数据主题ETF,20210903,中证云计算与大数据主题指数,中证云计算与大数据主题指数收益率,华夏基金管理有限公司,中国银行股份有限公司,股票型ETF,主题指数ETF,930851.CSI,140352320.4,10014700,8223040,0.805,0.82109698742848,-0.111676387
2024-06-25,516630.SH,华夏中证云计算与大数据主题ETF,20210903,中证云计算与大数据主题指数,中证云计算与大数据主题指数收益率,华夏基金管理有限公司,中国银行股份有限公司,股票型ETF,主题指数ETF,930851.CSI,136816953.6,13913500,11044717,0.786,0.79381298738635,0.050916497
2024-06-26,516630.SH,华夏中证云计算与大数据主题ETF,20210903,中证云计算与大数据主题指数,中证云计算与大数据主题指数收益率,华夏基金管理有限公司,中国银行股份有限公司,股票型ETF,主题指数ETF,930851.CSI,142905646.8,13951900,11196031,0.826,0.80247356990804,0.084817642
2024-06-27,516630.SH,华夏中证云计算与大数据主题ETF,20210903,中证云计算与大数据主题指数,中证云计算与大数据主题指数收益率,华夏基金管理有限公司,中国银行股份有限公司,股票型ETF,主题指数ETF,930851.CSI,139858101.2,11348800,9254634,0.808,0.81547247286057,0.037142503
2024-06-28,516630.SH,华夏中证云计算与大数据主题ETF,20210903,中证云计算与大数据主题指数,中证云计算与大数据主题指数收益率,华夏基金管理有限公司,中国银行股份有限公司,股票型ETF,主题指数ETF,930851.CSI,138801849.6,12229190,9937259,0.803,0.81258521619175,0.174650699
2024-07-01,516630.SH,华夏中证云计算与大数据主题ETF,20210903,中证云计算与大数据主题指数,中证云计算与大数据主题指数收益率,华夏基金管理有限公司,中国银行股份有限公司,股票型ETF,主题指数ETF,930851.CSI,139009636.8,10790100,8596084,0.803,0.7966639790178,0.024912805
2024-07-02,516630.SH,华夏中证云计算与大数据主题ETF,20210903,中证云计算与大数据主题指数,中证云计算与大数据主题指数收益率,华夏基金管理有限公司,中国银行股份有限公司,股票型ETF,主题指数ETF,930851.CSI,139286686.4,9984800,8071350,0.805,0.80836371284352,0.074589756
2024-07-03,516630.SH,华夏中证云计算与大数据主题ETF,20210903,中证云计算与大数据主题指数,中证云计算与大数据主题指数收益率,华夏基金管理有限公司,中国银行股份有限公司,股票型ETF,主题指数ETF,930851.CSI,138863774.8,11663500,9240183,0.79,0.79223071976679,0.215653939
2024-07-04,516630.SH,华夏中证云计算与大数据主题ETF,20210903,中证云计算与大数据主题指数,中证云计算与大数据主题指数收益率,华夏基金管理有限公司,中国银行股份有限公司,股票型ETF,主题指数ETF,930851.CSI,137732403.6,11299800,8882426,0.774,0.78606931096126,0.116414435
2024-07-05,516630.SH,华夏中证云计算与大数据主题ETF,20210903,中证云计算与大数据主题指数,中证云计算与大数据主题指数收益率,华夏基金管理有限公司,中国银行股份有限公司,股票型ETF,主题指数ETF,930851.CSI,139795426.8,11220700,8681023,0.78,0.77366144714679,-0.038446751
2024-07-08,516630.SH,华夏中证云计算与大数据主题ETF,20210903,中证云计算与大数据主题指数,中证云计算与大数据主题指数收益率,华夏基金管理有限公司,中国银行股份有限公司,股票型ETF,主题指数ETF,930851.CSI,135818163.6,10005300,7654513,0.757,0.76504582571237,-0.145099591
2024-07-09,516630.SH,华夏中证云计算与大数据主题ETF,20210903,中证云计算与大数据主题指数,中证云计算与大数据主题指数收益率,华夏基金管理有限公司,中国银行股份有限公司,股票型ETF,主题指数ETF,930851.CSI,139347536.8,12867000,9834291,0.776,0.76430333411052,-0.231421959
2024-07-10,516630.SH,华夏中证云计算与大数据主题ETF,20210903,中证云计算与大数据主题指数,中证云计算与大数据主题指数收益率,华夏基金管理有限公司,中国银行股份有限公司,股票型ETF,主题指数ETF,930851.CSI,138213424.8,10944200,8525764,0.776,0.77902121671753,0.02577984
2024-07-11,516630.SH,华夏中证云计算与大数据主题ETF,20210903,中证云计算与大数据主题指数,中证云计算与大数据主题指数收益率,华夏基金管理有限公司,中国银行股份有限公司,股票型ETF,主题指数ETF,930851.CSI,139510350.0,9406300,7364068,0.787,0.78288678864166,-0.063492063
2024-07-12,516630.SH,华夏中证云计算与大数据主题ETF,20210903,中证云计算与大数据主题指数,中证云计算与大数据主题指数收益率,华夏基金管理有限公司,中国银行股份有限公司,股票型ETF,主题指数ETF,930851.CSI,137313615.6,8545900,6634301,0.774,0.77631390491347,-0.141917172
2024-07-15,516630.SH,华夏中证云计算与大数据主题ETF,20210903,中证云计算与大数据主题指数,中证云计算与大数据主题指数收益率,华夏基金管理有限公司,中国银行股份有限公司,股票型ETF,主题指数ETF,930851.CSI,135258606.0,8331300,6379201,0.762,0.76569094859146,-0.196463654
2024-07-16,516630.SH,华夏中证云计算与大数据主题ETF,20210903,中证云计算与大数据主题指数,中证云计算与大数据主题指数收益率,华夏基金管理有限公司,中国银行股份有限公司,股票型ETF,主题指数ETF,930851.CSI,138341120.4,9643900,7424438,0.781,0.76985845975176,0.012805737
2024-07-17,516630.SH,华夏中证云计算与大数据主题ETF,20210903,中证云计算与大数据主题指数,中证云计算与大数据主题指数收益率,华夏基金管理有限公司,中国银行股份有限公司,股票型ETF,主题指数ETF,930851.CSI,137083312.8,10210300,7980302,0.775,0.78159329304722,0.155078832
2024-07-18,516630.SH,华夏中证云计算与大数据主题ETF,20210903,中证云计算与大数据主题指数,中证云计算与大数据主题指数收益率,华夏基金管理有限公司,中国银行股份有限公司,股票型ETF,主题指数ETF,930851.CSI,137108857.6,10650900,8069561,0.77,0.75764123219634,0.051975052
2024-07-19,516630.SH,华夏中证云计算与大数据主题ETF,20210903,中证云计算与大数据主题指数,中证云计算与大数据主题指数收益率,华夏基金管理有限公司,中国银行股份有限公司,股票型ETF,主题指数ETF,930851.CSI,137295986.4,13653400,10618544,0.779,0.77772159315628,-0.051321529
2024-07-22,516630.SH,华夏中证云计算与大数据主题ETF,20210903,中证云计算与大数据主题指数,中证云计算与大数据主题指数收益率,华夏基金管理有限公司,中国银行股份有限公司,股票型ETF,主题指数ETF,930851.CSI,138828543.6,9818300,7731806,0.788,0.78748928022163,-0.012688745
2024-07-23,516630.SH,华夏中证云计算与大数据主题ETF,20210903,中证云计算与大数据主题指数,中证云计算与大数据主题指数收益率,华夏基金管理有限公司,中国银行股份有限公司,股票型ETF,主题指数ETF,930851.CSI,135305423.6,7436200,5806215,0.769,0.7808040396977,0.117172243
2024-07-24,516630.SH,华夏中证云计算与大数据主题ETF,20210903,中证云计算与大数据主题指数,中证云计算与大数据主题指数收益率,华夏基金管理有限公司,中国银行股份有限公司,股票型ETF,主题指数ETF,930851.CSI,132925888.4,8659600,6635104,0.759,0.76621368192526,0.013176967
2024-07-25,516630.SH,华夏中证云计算与大数据主题ETF,20210903,中证云计算与大数据主题指数,中证云计算与大数据主题指数收益率,华夏基金管理有限公司,中国银行股份有限公司,股票型ETF,主题指数ETF,930851.CSI,131629734.0,7619300,5743072,0.751,0.75375323192419,-0.066533599
2024-07-26,516630.SH,华夏中证云计算与大数据主题ETF,20210903,中证云计算与大数据主题指数,中证云计算与大数据主题指数收益率,华夏基金管理有限公司,中国银行股份有限公司,股票型ETF,主题指数ETF,930851.CSI,131783845.2,5001000,3766204,0.756,0.75309018196361,-0.092506938
2024-07-29,516630.SH,华夏中证云计算与大数据主题ETF,20210903,中证云计算与大数据主题指数,中证云计算与大数据主题指数收益率,华夏基金管理有限公司,中国银行股份有限公司,股票型ETF,主题指数ETF,930851.CSI,131923170.0,4985000,3775208,0.758,0.75731354062187,0.066006601
2024-07-30,516630.SH,华夏中证云计算与大数据主题ETF,20210903,中证云计算与大数据主题指数,中证云计算与大数据主题指数收益率,华夏基金管理有限公司,中国银行股份有限公司,股票型ETF,主题指数ETF,930851.CSI,131661936.0,5725500,4319418,0.756,0.75441760544931,0
2024-07-31,516630.SH,华夏中证云计算与大数据主题ETF,20210903,中证云计算与大数据主题指数,中证云计算与大数据主题指数收益率,华夏基金管理有限公司,中国银行股份有限公司,股票型ETF,主题指数ETF,930851.CSI,135349047.2,8349800,6471617,0.785,0.77506251646746,-0.152632918
2024-08-01,516630.SH,华夏中证云计算与大数据主题ETF,20210903,中证云计算与大数据主题指数,中证云计算与大数据主题指数收益率,华夏基金管理有限公司,中国银行股份有限公司,股票型ETF,主题指数ETF,930851.CSI,132043173.6,6024200,4731138,0.78,0.78535539988712,-0.076863951
2024-08-02,516630.SH,华夏中证云计算与大数据主题ETF,20210903,中证云计算与大数据主题指数,中证云计算与大数据主题指数收益率,华夏基金管理有限公司,中国银行股份有限公司,股票型ETF,主题指数ETF,930851.CSI,128558560.0,6024700,4633084,0.761,0.76901488870815,0.131578947
2024-08-05,516630.SH,华夏中证云计算与大数据主题ETF,20210903,中证云计算与大数据主题指数,中证云计算与大数据主题指数收益率,华夏基金管理有限公司,中国银行股份有限公司,股票型ETF,主题指数ETF,930851.CSI,123275163.6,9844400,7387961,0.734,0.75047346714884,0.122766335
2024-08-06,516630.SH,华夏中证云计算与大数据主题ETF,20210903,中证云计算与大数据主题指数,中证云计算与大数据主题指数收益率,华夏基金管理有限公司,中国银行股份有限公司,股票型ETF,主题指数ETF,930851.CSI,124956723.6,4773800,3540345,0.743,0.74161988353094,-0.013457139
2024-08-07,516630.SH,华夏中证云计算与大数据主题ETF,20210903,中证云计算与大数据主题指数,中证云计算与大数据主题指数收益率,华夏基金管理有限公司,中国银行股份有限公司,股票型ETF,主题指数ETF,930851.CSI,123897340.8,5642600,4189874,0.736,0.74254315386524,-0.108577633
2024-08-08,516630.SH,华夏中证云计算与大数据主题ETF,20210903,中证云计算与大数据主题指数,中证云计算与大数据主题指数收益率,华夏基金管理有限公司,中国银行股份有限公司,股票型ETF,主题指数ETF,930851.CSI,122871589.2,5147800,3772942,0.732,0.73292319048914,0.177911592
2024-08-09,516630.SH,华夏中证云计算与大数据主题ETF,20210903,中证云计算与大数据主题指数,中证云计算与大数据主题指数收益率,华夏基金管理有限公司,中国银行股份有限公司,股票型ETF,主题指数ETF,930851.CSI,122047624.8,3565000,2610422,0.726,0.73223618513324,0.0275558
2024-08-12,516630.SH,华夏中证云计算与大数据主题ETF,20210903,中证云计算与大数据主题指数,中证云计算与大数据主题指数收益率,华夏基金管理有限公司,中国银行股份有限公司,股票型ETF,主题指数ETF,930851.CSI,120685561.2,4519900,3252670,0.717,0.71963317772517,-0.097533788
2024-08-13,516630.SH,华夏中证云计算与大数据主题ETF,20210903,中证云计算与大数据主题指数,中证云计算与大数据主题指数收益率,华夏基金管理有限公司,中国银行股份有限公司,股票型ETF,主题指数ETF,930851.CSI,121576788.0,2480800,1781714,0.723,0.71820138664947,0
2024-08-14,516630.SH,华夏中证云计算与大数据主题ETF,20210903,中证云计算与大数据主题指数,中证云计算与大数据主题指数收益率,华夏基金管理有限公司,中国银行股份有限公司,股票型ETF,主题指数ETF,930851.CSI,120483774.0,2366400,1706455,0.717,0.72111857674104,0.069783671
2024-08-15,516630.SH,华夏中证云计算与大数据主题ETF,20210903,中证云计算与大数据主题指数,中证云计算与大数据主题指数收益率,华夏基金管理有限公司,中国银行股份有限公司,股票型ETF,主题指数ETF,930851.CSI,121627234.8,5027100,3628675,0.724,0.72182272085298,0.096778653
2024-08-16,516630.SH,华夏中证云计算与大数据主题ETF,20210903,中证云计算与大数据主题指数,中证云计算与大数据主题指数收益率,华夏基金管理有限公司,中国银行股份有限公司,股票型ETF,主题指数ETF,930851.CSI,121576788.0,4692500,3407976,0.723,0.72626020245072,0
2024-08-19,516630.SH,华夏中证云计算与大数据主题ETF,20210903,中证云计算与大数据主题指数,中证云计算与大数据主题指数收益率,华夏基金管理有限公司,中国银行股份有限公司,股票型ETF,主题指数ETF,930851.CSI,122837958.0,5114200,3739782,0.73,0.73125454616558,-0.06844627
2024-08-20,516630.SH,华夏中证云计算与大数据主题ETF,20210903,中证云计算与大数据主题指数,中证云计算与大数据主题指数收益率,华夏基金管理有限公司,中国银行股份有限公司,股票型ETF,主题指数ETF,930851.CSI,120248355.6,6634200,4776881,0.717,0.72003873865726,0.265697105
2024-08-21,516630.SH,华夏中证云计算与大数据主题ETF,20210903,中证云计算与大数据主题指数,中证云计算与大数据主题指数收益率,华夏基金管理有限公司,中国银行股份有限公司,股票型ETF,主题指数ETF,930851.CSI,119491653.6,2488100,1777490,0.711,0.71439652747076,0.056290459
2024-08-22,516630.SH,华夏中证云计算与大数据主题ETF,20210903,中证云计算与大数据主题指数,中证云计算与大数据主题指数收益率,华夏基金管理有限公司,中国银行股份有限公司,股票型ETF,主题指数ETF,930851.CSI,117356072.4,7634400,5395653,0.698,0.70675534423137,0.0143287
2024-08-23,516630.SH,华夏中证云计算与大数据主题ETF,20210903,中证云计算与大数据主题指数,中证云计算与大数据主题指数收益率,华夏基金管理有限公司,中国银行股份有限公司,股票型ETF,主题指数ETF,930851.CSI,118734951.6,5804700,4080980,0.705,0.70304753044946,-0.1557853
2024-08-26,516630.SH,华夏中证云计算与大数据主题ETF,20210903,中证云计算与大数据主题指数,中证云计算与大数据主题指数收益率,华夏基金管理有限公司,中国银行股份有限公司,股票型ETF,主题指数ETF,930851.CSI,118011880.8,4028200,2830598,0.703,0.70269549674793,0.170988886
2024-08-27,516630.SH,华夏中证云计算与大数据主题ETF,20210903,中证云计算与大数据主题指数,中证云计算与大数据主题指数收益率,华夏基金管理有限公司,中国银行股份有限公司,股票型ETF,主题指数ETF,930851.CSI,116279874.0,4161400,2891324,0.692,0.6947959821214,0.07230658
2024-08-28,516630.SH,华夏中证云计算与大数据主题ETF,20210903,中证云计算与大数据主题指数,中证云计算与大数据主题指数收益率,华夏基金管理有限公司,中国银行股份有限公司,股票型ETF,主题指数ETF,930851.CSI,116616186.0,5473200,3784258,0.694,0.69141599064533,0.072098053
2024-08-29,516630.SH,华夏中证云计算与大数据主题ETF,20210903,中证云计算与大数据主题指数,中证云计算与大数据主题指数收益率,华夏基金管理有限公司,中国银行股份有限公司,股票型ETF,主题指数ETF,930851.CSI,117221547.6,7411600,5137371,0.698,0.69315276053754,0.129106298
2024-08-30,516630.SH,华夏中证云计算与大数据主题ETF,20210903,中证云计算与大数据主题指数,中证云计算与大数据主题指数收益率,华夏基金管理有限公司,中国银行股份有限公司,股票型ETF,主题指数ETF,930851.CSI,119633549.2,11018400,7881425,0.716,0.71529668554418,0.041917004
2024-09-02,516630.SH,华夏中证云计算与大数据主题ETF,20210903,中证云计算与大数据主题指数,中证云计算与大数据主题指数收益率,华夏基金管理有限公司,中国银行股份有限公司,股票型ETF,主题指数ETF,930851.CSI,115876299.6,5952000,4177009,0.691,0.70178242607527,0.275721956
2024-09-03,516630.SH,华夏中证云计算与大数据主题ETF,20210903,中证云计算与大数据主题指数,中证云计算与大数据主题指数收益率,华夏基金管理有限公司,中国银行股份有限公司,股票型ETF,主题指数ETF,930851.CSI,118679849.6,6378100,4436289,0.702,0.69555024223515,0.057012543
2024-09-04,516630.SH,华夏中证云计算与大数据主题ETF,20210903,中证云计算与大数据主题指数,中证云计算与大数据主题指数收益率,华夏基金管理有限公司,中国银行股份有限公司,股票型ETF,主题指数ETF,930851.CSI,117935563.2,2597700,1810874,0.698,0.69710667128614,0.114744693
2024-09-05,516630.SH,华夏中证云计算与大数据主题ETF,20210903,中证云计算与大数据主题指数,中证云计算与大数据主题指数收益率,华夏基金管理有限公司,中国银行股份有限公司,股票型ETF,主题指数ETF,930851.CSI,117778117.6,4241500,2985860,0.705,0.70396322055876,0.056769798
2024-09-06,516630.SH,华夏中证云计算与大数据主题ETF,20210903,中证云计算与大数据主题指数,中证云计算与大数据主题指数收益率,华夏基金管理有限公司,中国银行股份有限公司,股票型ETF,主题指数ETF,930851.CSI,115354355.6,5085800,3540098,0.691,0.69607495379291,0.130415882
2024-09-09,516630.SH,华夏中证云计算与大数据主题ETF,20210903,中证云计算与大数据主题指数,中证云计算与大数据主题指数收益率,华夏基金管理有限公司,中国银行股份有限公司,股票型ETF,主题指数ETF,930851.CSI,115086906.0,3198300,2198825,0.689,0.68749804583685,0.072621641
2024-09-10,516630.SH,华夏中证云计算与大数据主题ETF,20210903,中证云计算与大数据主题指数,中证云计算与大数据主题指数收益率,华夏基金管理有限公司,中国银行股份有限公司,股票型ETF,主题指数ETF,930851.CSI,119339558.0,9543200,6611604,0.704,0.69280786319054,-0.212615167
2024-09-11,516630.SH,华夏中证云计算与大数据主题ETF,20210903,中证云计算与大数据主题指数,中证云计算与大数据主题指数收益率,华夏基金管理有限公司,中国银行股份有限公司,股票型ETF,主题指数ETF,930851.CSI,124859372.8,19313900,13629279,0.708,0.70567202895324,-0.112866817
2024-09-12,516630.SH,华夏中证云计算与大数据主题ETF,20210903,中证云计算与大数据主题指数,中证云计算与大数据主题指数收益率,华夏基金管理有限公司,中国银行股份有限公司,股票型ETF,主题指数ETF,930851.CSI,123424357.2,8434800,6031874,0.708,0.71511760800493,-0.0987724
2024-09-13,516630.SH,华夏中证云计算与大数据主题ETF,20210903,中证云计算与大数据主题指数,中证云计算与大数据主题指数收益率,华夏基金管理有限公司,中国银行股份有限公司,股票型ETF,主题指数ETF,930851.CSI,122161558.0,5350100,3798076,0.705,0.70990747836489,-0.070871722
2024-09-18,516630.SH,华夏中证云计算与大数据主题ETF,20210903,中证云计算与大数据主题指数,中证云计算与大数据主题指数收益率,华夏基金管理有限公司,中国银行股份有限公司,股票型ETF,主题指数ETF,930851.CSI,122005717.6,5580100,3921381,0.704,0.70274385763696,-0.085154698
2024-09-19,516630.SH,华夏中证云计算与大数据主题ETF,20210903,中证云计算与大数据主题指数,中证云计算与大数据主题指数收益率,华夏基金管理有限公司,中国银行股份有限公司,股票型ETF,主题指数ETF,930851.CSI,121933789.6,10753600,7636913,0.716,0.7101726863562,-0.083728719
2024-09-20,516630.SH,华夏中证云计算与大数据主题ETF,20210903,中证云计算与大数据主题指数,中证云计算与大数据主题指数收益率,华夏基金管理有限公司,中国银行股份有限公司,股票型ETF,主题指数ETF,930851.CSI,120669916.4,11459600,8263160,0.721,0.72106879821285,-0.124671007
2024-09-23,516630.SH,华夏中证云计算与大数据主题ETF,20210903,中证云计算与大数据主题指数,中证云计算与大数据主题指数收益率,华夏基金管理有限公司,中国银行股份有限公司,股票型ETF,主题指数ETF,930851.CSI,120653200.8,6162900,4474668,0.721,0.72606532638855,-0.110834026
2024-09-24,516630.SH,华夏中证云计算与大数据主题ETF,20210903,中证云计算与大数据主题指数,中证云计算与大数据主题指数收益率,华夏基金管理有限公司,中国银行股份有限公司,股票型ETF,主题指数ETF,930851.CSI,122350684.4,10710300,7880826,0.75,0.73581748410409,0.013335111
2024-09-25,516630.SH,华夏中证云计算与大数据主题ETF,20210903,中证云计算与大数据主题指数,中证云计算与大数据主题指数收益率,华夏基金管理有限公司,中国银行股份有限公司,股票型ETF,主题指数ETF,930851.CSI,123362251.6,9149700,7001242,0.756,0.7651881482453,-0.013225764
2024-09-26,516630.SH,华夏中证云计算与大数据主题ETF,20210903,中证云计算与大数据主题指数,中证云计算与大数据主题指数收益率,华夏基金管理有限公司,中国银行股份有限公司,股票型ETF,主题指数ETF,930851.CSI,128387456.4,10179400,7833062,0.786,0.76950134585535,-0.114372856
2024-09-27,516630.SH,华夏中证云计算与大数据主题ETF,20210903,中证云计算与大数据主题指数,中证云计算与大数据主题指数收益率,华夏基金管理有限公司,中国银行股份有限公司,股票型ETF,主题指数ETF,930851.CSI,135940412.8,11526500,9445926,0.844,0.81949646466837,-0.565504241
2024-09-30,516630.SH,华夏中证云计算与大数据主题ETF,20210903,中证云计算与大数据主题指数,中证云计算与大数据主题指数收益率,华夏基金管理有限公司,中国银行股份有限公司,股票型ETF,主题指数ETF,930851.CSI,150995484.8,15622400,14243332,0.928,0.91172495903318,-3.413821815
2024-10-08,516630.SH,华夏中证云计算与大数据主题ETF,20210903,中证云计算与大数据主题指数,中证云计算与大数据主题指数收益率,华夏基金管理有限公司,中国银行股份有限公司,股票型ETF,主题指数ETF,930851.CSI,173941592.4,7154000,7304234,1.021,1.021,-6.578826974
2024-10-09,516630.SH,华夏中证云计算与大数据主题ETF,20210903,中证云计算与大数据主题指数,中证云计算与大数据主题指数收益率,华夏基金管理有限公司,中国银行股份有限公司,股票型ETF,主题指数ETF,930851.CSI,158577722.4,32610900,34768262,1.031,1.0661546292804,-0.424956539
2024-10-10,516630.SH,华夏中证云计算与大数据主题ETF,20210903,中证云计算与大数据主题指数,中证云计算与大数据主题指数收益率,华夏基金管理有限公司,中国银行股份有限公司,股票型ETF,主题指数ETF,930851.CSI,151045261.2,19248400,19574862,0.992,1.0169604746369,-0.070514758
2024-10-11,516630.SH,华夏中证云计算与大数据主题ETF,20210903,中证云计算与大数据主题指数,中证云计算与大数据主题指数收益率,华夏基金管理有限公司,中国银行股份有限公司,股票型ETF,主题指数ETF,930851.CSI,136141356.0,18795500,17954295,0.949,0.95524434040063,-0.210304942
2024-10-14,516630.SH,华夏中证云计算与大数据主题ETF,20210903,中证云计算与大数据主题指数,中证云计算与大数据主题指数收益率,华夏基金管理有限公司,中国银行股份有限公司,股票型ETF,主题指数ETF,930851.CSI,141331495.2,9659400,9281265,0.995,0.96085315858128,0.080466707
2024-10-15,516630.SH,华夏中证云计算与大数据主题ETF,20210903,中证云计算与大数据主题指数,中证云计算与大数据主题指数收益率,华夏基金管理有限公司,中国银行股份有限公司,股票型ETF,主题指数ETF,930851.CSI,144109870.8,19351700,19546484,0.981,1.0100654722841,0.173593383
2024-10-16,516630.SH,华夏中证云计算与大数据主题ETF,20210903,中证云计算与大数据主题指数,中证云计算与大数据主题指数收益率,华夏基金管理有限公司,中国银行股份有限公司,股票型ETF,主题指数ETF,930851.CSI,142638310.8,11170000,10851623,0.969,0.97149713518353,-0.03095017
2024-10-17,516630.SH,华夏中证云计算与大数据主题ETF,20210903,中证云计算与大数据主题指数,中证云计算与大数据主题指数收益率,华夏基金管理有限公司,中国银行股份有限公司,股票型ETF,主题指数ETF,930851.CSI,145287118.8,12434600,12382293,0.987,0.99579343123221,-0.030385901
2024-10-18,516630.SH,华夏中证云计算与大数据主题ETF,20210903,中证云计算与大数据主题指数,中证云计算与大数据主题指数收益率,华夏基金管理有限公司,中国银行股份有限公司,股票型ETF,主题指数ETF,930851.CSI,151885315.2,24768000,25281131,1.042,1.020717498385,0.269438029
2024-10-21,516630.SH,华夏中证云计算与大数据主题ETF,20210903,中证云计算与大数据主题指数,中证云计算与大数据主题指数收益率,华夏基金管理有限公司,中国银行股份有限公司,股票型ETF,主题指数ETF,930851.CSI,153894391.2,18196700,19184994,1.058,1.0543117158606,-0.207508017
2024-10-22,516630.SH,华夏中证云计算与大数据主题ETF,20210903,中证云计算与大数据主题指数,中证云计算与大数据主题指数收益率,华夏基金管理有限公司,中国银行股份有限公司,股票型ETF,主题指数ETF,930851.CSI,149383286.0,13108200,13663608,1.041,1.0423710349247,-0.239578342
2024-10-23,516630.SH,华夏中证云计算与大数据主题ETF,20210903,中证云计算与大数据主题指数,中证云计算与大数据主题指数收益率,华夏基金管理有限公司,中国银行股份有限公司,股票型ETF,主题指数ETF,930851.CSI,146096460.0,9873400,10300903,1.034,1.0432984584844,-0.096618357
2024-10-24,516630.SH,华夏中证云计算与大数据主题ETF,20210903,中证云计算与大数据主题指数,中证云计算与大数据主题指数收益率,华夏基金管理有限公司,中国银行股份有限公司,股票型ETF,主题指数ETF,930851.CSI,143954227.6,8306500,8500797,1.027,1.0233909588876,-0.00973615
2024-10-25,516630.SH,华夏中证云计算与大数据主题ETF,20210903,中证云计算与大数据主题指数,中证云计算与大数据主题指数收益率,华夏基金管理有限公司,中国银行股份有限公司,股票型ETF,主题指数ETF,930851.CSI,144739101.2,13326500,13762267,1.034,1.0326992833827,0.125883606
2024-10-28,516630.SH,华夏中证云计算与大数据主题ETF,20210903,中证云计算与大数据主题指数,中证云计算与大数据主题指数收益率,华夏基金管理有限公司,中国银行股份有限公司,股票型ETF,主题指数ETF,930851.CSI,145678146.4,6441500,6649732,1.039,1.0323266319957,-0.038483741
2024-10-29,516630.SH,华夏中证云计算与大数据主题ETF,20210903,中证云计算与大数据主题指数,中证云计算与大数据主题指数收益率,华夏基金管理有限公司,中国银行股份有限公司,股票型ETF,主题指数ETF,930851.CSI,143875658.4,13153800,13783526,1.04,1.047874074412,-0.134434415
2024-10-30,516630.SH,华夏中证云计算与大数据主题ETF,20210903,中证云计算与大数据主题指数,中证云计算与大数据主题指数收益率,华夏基金管理有限公司,中国银行股份有限公司,股票型ETF,主题指数ETF,930851.CSI,140692629.6,17544000,18406724,1.056,1.049174874601,-0.056785917
2024-10-31,516630.SH,华夏中证云计算与大数据主题ETF,20210903,中证云计算与大数据主题指数,中证云计算与大数据主题指数收益率,华夏基金管理有限公司,中国银行股份有限公司,股票型ETF,主题指数ETF,930851.CSI,142104083.2,11466700,12266491,1.068,1.0697490123575,0.074962519
2024-11-01,516630.SH,华夏中证云计算与大数据主题ETF,20210903,中证云计算与大数据主题指数,中证云计算与大数据主题指数收益率,华夏基金管理有限公司,中国银行股份有限公司,股票型ETF,主题指数ETF,930851.CSI,135739226.4,12900800,13365033,1.02,1.0359848226467,0.058858152
2024-11-04,516630.SH,华夏中证云计算与大数据主题ETF,20210903,中证云计算与大数据主题指数,中证云计算与大数据主题指数收益率,华夏基金管理有限公司,中国银行股份有限公司,股票型ETF,主题指数ETF,930851.CSI,138628711.6,8235900,8477668,1.04,1.0293553831397,-0.105657478
2024-11-05,516630.SH,华夏中证云计算与大数据主题ETF,20210903,中证云计算与大数据主题指数,中证云计算与大数据主题指数收益率,华夏基金管理有限公司,中国银行股份有限公司,股票型ETF,主题指数ETF,930851.CSI,142846210.0,16768700,18125476,1.1,1.080911221502,0.227790433
2024-11-06,516630.SH,华夏中证云计算与大数据主题ETF,20210903,中证云计算与大数据主题指数,中证云计算与大数据主题指数收益率,华夏基金管理有限公司,中国银行股份有限公司,股票型ETF,主题指数ETF,930851.CSI,144717530.4,13088300,14499642,1.104,1.1078323388064,0.054377379
2024-11-07,516630.SH,华夏中证云计算与大数据主题ETF,20210903,中证云计算与大数据主题指数,中证云计算与大数据主题指数收益率,华夏基金管理有限公司,中国银行股份有限公司,股票型ETF,主题指数ETF,930851.CSI,154850218.8,21204700,23391399,1.136,1.1031233170005,-0.114305812
2024-11-08,516630.SH,华夏中证云计算与大数据主题ETF,20210903,中证云计算与大数据主题指数,中证云计算与大数据主题指数收益率,华夏基金管理有限公司,中国银行股份有限公司,股票型ETF,主题指数ETF,930851.CSI,153578487.6,22754100,26699989,1.163,1.1734144176214,0.077446003
2024-11-11,516630.SH,华夏中证云计算与大数据主题ETF,20210903,中证云计算与大数据主题指数,中证云计算与大数据主题指数收益率,华夏基金管理有限公司,中国银行股份有限公司,股票型ETF,主题指数ETF,930851.CSI,157260227.6,17310600,20826391,1.227,1.2031004702321,-0.008149295
2024-11-12,516630.SH,华夏中证云计算与大数据主题ETF,20210903,中证云计算与大数据主题指数,中证云计算与大数据主题指数收益率,华夏基金管理有限公司,中国银行股份有限公司,股票型ETF,主题指数ETF,930851.CSI,154030696.4,13590100,16481246,1.202,1.2127391262757,0.00832016
2024-11-13,516630.SH,华夏中证云计算与大数据主题ETF,20210903,中证云计算与大数据主题指数,中证云计算与大数据主题指数收益率,华夏基金管理有限公司,中国银行股份有限公司,股票型ETF,主题指数ETF,930851.CSI,157529355.2,13124700,15979118,1.232,1.2174844377395,0.227790433
2024-11-14,516630.SH,华夏中证云计算与大数据主题ETF,20210903,中证云计算与大数据主题指数,中证云计算与大数据主题指数收益率,华夏基金管理有限公司,中国银行股份有限公司,股票型ETF,主题指数ETF,930851.CSI,152725050.4,13339100,15995619,1.175,1.1991527914177,0.136355889
2024-11-15,516630.SH,华夏中证云计算与大数据主题ETF,20210903,中证云计算与大数据主题指数,中证云计算与大数据主题指数收益率,华夏基金管理有限公司,中国银行股份有限公司,股票型ETF,主题指数ETF,930851.CSI,148691557.2,11508400,13461906,1.136,1.169746098502,0.20287554
2024-11-18,516630.SH,华夏中证云计算与大数据主题ETF,20210903,中证云计算与大数据主题指数,中证云计算与大数据主题指数收益率,华夏基金管理有限公司,中国银行股份有限公司,股票型ETF,主题指数ETF,930851.CSI,145509917.2,15757300,17172506,1.071,1.0898127217226,0.215214747
2024-11-19,516630.SH,华夏中证云计算与大数据主题ETF,20210903,中证云计算与大数据主题指数,中证云计算与大数据主题指数收益率,华夏基金管理有限公司,中国银行股份有限公司,股票型ETF,主题指数ETF,930851.CSI,155059866.0,15564100,16737889,1.101,1.0754164391131,0.227583068
2024-11-20,516630.SH,华夏中证云计算与大数据主题ETF,20210903,中证云计算与大数据主题指数,中证云计算与大数据主题指数收益率,华夏基金管理有限公司,中国银行股份有限公司,股票型ETF,主题指数ETF,930851.CSI,161757447.6,15115800,16784097,1.124,1.110367760886,0.169325372
2024-11-21,516630.SH,华夏中证云计算与大数据主题ETF,20210903,中证云计算与大数据主题指数,中证云计算与大数据主题指数收益率,华夏基金管理有限公司,中国银行股份有限公司,股票型ETF,主题指数ETF,930851.CSI,168710351.6,17177200,19268027,1.128,1.1217210604755,-0.27406949
2024-11-22,516630.SH,华夏中证云计算与大数据主题ETF,20210903,中证云计算与大数据主题指数,中证云计算与大数据主题指数收益率,华夏基金管理有限公司,中国银行股份有限公司,股票型ETF,主题指数ETF,930851.CSI,163534899.6,20410000,23013368,1.089,1.1275535521803,-0.009181893
2024-11-25,516630.SH,华夏中证云计算与大数据主题ETF,20210903,中证云计算与大数据主题指数,中证云计算与大数据主题指数收益率,华夏基金管理有限公司,中国银行股份有限公司,股票型ETF,主题指数ETF,930851.CSI,160834914.8,15834600,16937673,1.078,1.0696621954454,-0.027821571
2024-11-26,516630.SH,华夏中证云计算与大数据主题ETF,20210903,中证云计算与大数据主题指数,中证云计算与大数据主题指数收益率,华夏基金管理有限公司,中国银行股份有限公司,股票型ETF,主题指数ETF,930851.CSI,157747385.6,7134500,7652807,1.057,1.0726479781344,-0.056732224
2024-11-27,516630.SH,华夏中证云计算与大数据主题ETF,20210903,中证云计算与大数据主题指数,中证云计算与大数据主题指数收益率,华夏基金管理有限公司,中国银行股份有限公司,股票型ETF,主题指数ETF,930851.CSI,162415968.4,9392200,9905131,1.087,1.0546124443687,-0.174488015
2024-11-28,516630.SH,华夏中证云计算与大数据主题ETF,20210903,中证云计算与大数据主题指数,中证云计算与大数据主题指数收益率,华夏基金管理有限公司,中国银行股份有限公司,股票型ETF,主题指数ETF,930851.CSI,161148142.4,9461600,10350133,1.081,1.0939093810772,0.055534987
2024-11-29,516630.SH,华夏中证云计算与大数据主题ETF,20210903,中证云计算与大数据主题指数,中证云计算与大数据主题指数收益率,华夏基金管理有限公司,中国银行股份有限公司,股票型ETF,主题指数ETF,930851.CSI,164601316.0,10016900,11051630,1.112,1.1032984256606,0.090009001
2024-12-02,516630.SH,华夏中证云计算与大数据主题ETF,20210903,中证云计算与大数据主题指数,中证云计算与大数据主题指数收益率,华夏基金管理有限公司,中国银行股份有限公司,股票型ETF,主题指数ETF,930851.CSI,166779209.2,7059700,7913611,1.126,1.1209557063331,0.026650084
2024-12-03,516630.SH,华夏中证云计算与大数据主题ETF,20210903,中证云计算与大数据主题指数,中证云计算与大数据主题指数收益率,华夏基金管理有限公司,中国银行股份有限公司,股票型ETF,主题指数ETF,930851.CSI,164082770.0,7970000,8893517,1.108,1.115874153074,0.045146727
2024-12-04,516630.SH,华夏中证云计算与大数据主题ETF,20210903,中证云计算与大数据主题指数,中证云计算与大数据主题指数收益率,华夏基金管理有限公司,中国银行股份有限公司,股票型ETF,主题指数ETF,930851.CSI,161934508.0,9830000,10786057,1.094,1.0972591047813,0.091491308
2024-12-05,516630.SH,华夏中证云计算与大数据主题ETF,20210903,中证云计算与大数据主题指数,中证云计算与大数据主题指数收益率,华夏基金管理有限公司,中国银行股份有限公司,股票型ETF,主题指数ETF,930851.CSI,163460884.8,8253500,9133239,1.11,1.1065898103835,-0.072020166
2024-12-06,516630.SH,华夏中证云计算与大数据主题ETF,20210903,中证云计算与大数据主题指数,中证云计算与大数据主题指数收益率,华夏基金管理有限公司,中国银行股份有限公司,股票型ETF,主题指数ETF,930851.CSI,164741142.0,10620600,11899189,1.121,1.1203876428827,0.133988388
2024-12-09,516630.SH,华夏中证云计算与大数据主题ETF,20210903,中证云计算与大数据主题指数,中证云计算与大数据主题指数收益率,华夏基金管理有限公司,中国银行股份有限公司,股票型ETF,主题指数ETF,930851.CSI,163416738.0,9025200,10085426,1.111,1.1174739617959,0.045024764
2024-12-10,516630.SH,华夏中证云计算与大数据主题ETF,20210903,中证云计算与大数据主题指数,中证云计算与大数据主题指数收益率,华夏基金管理有限公司,中国银行股份有限公司,股票型ETF,主题指数ETF,930851.CSI,167711006.4,14136200,16094406,1.125,1.1385242144282,0.053361793
2024-12-11,516630.SH,华夏中证云计算与大数据主题ETF,20210903,中证云计算与大数据主题指数,中证云计算与大数据主题指数收益率,华夏基金管理有限公司,中国银行股份有限公司,股票型ETF,主题指数ETF,930851.CSI,168844592.0,7708000,8645976,1.13,1.1216886351842,-0.176678445
2024-12-12,516630.SH,华夏中证云计算与大数据主题ETF,20210903,中证云计算与大数据主题指数,中证云计算与大数据主题指数收益率,华夏基金管理有限公司,中国银行股份有限公司,股票型ETF,主题指数ETF,930851.CSI,168645974.8,10435700,11815744,1.137,1.1322425903389,-0.114205394
2024-12-13,516630.SH,华夏中证云计算与大数据主题ETF,20210903,中证云计算与大数据主题指数,中证云计算与大数据主题指数收益率,华夏基金管理有限公司,中国银行股份有限公司,股票型ETF,主题指数ETF,930851.CSI,164284958.4,8394700,9459750,1.116,1.1268717166784,-0.035829452
2024-12-16,516630.SH,华夏中证云计算与大数据主题ETF,20210903,中证云计算与大数据主题指数,中证云计算与大数据主题指数收益率,华夏基金管理有限公司,中国银行股份有限公司,股票型ETF,主题指数ETF,930851.CSI,159787724.8,10770700,11906909,1.1,1.105490729479,-0.072674419
2024-12-17,516630.SH,华夏中证云计算与大数据主题ETF,20210903,中证云计算与大数据主题指数,中证云计算与大数据主题指数收益率,华夏基金管理有限公司,中国银行股份有限公司,股票型ETF,主题指数ETF,930851.CSI,157436197.6,6961900,7628709,1.085,1.0957797440354,0.036879956
2024-12-18,516630.SH,华夏中证云计算与大数据主题ETF,20210903,中证云计算与大数据主题指数,中证云计算与大数据主题指数收益率,华夏基金管理有限公司,中国银行股份有限公司,股票型ETF,主题指数ETF,930851.CSI,159192585.2,6801400,7404971,1.095,1.0887421707296,-0.155010486
2024-12-19,516630.SH,华夏中证云计算与大数据主题ETF,20210903,中证云计算与大数据主题指数,中证云计算与大数据主题指数收益率,华夏基金管理有限公司,中国银行股份有限公司,股票型ETF,主题指数ETF,930851.CSI,164331107.6,9678400,10781170,1.131,1.1139413539428,-0.097164561
2024-12-20,516630.SH,华夏中证云计算与大数据主题ETF,20210903,中证云计算与大数据主题指数,中证云计算与大数据主题指数收益率,华夏基金管理有限公司,中国银行股份有限公司,股票型ETF,主题指数ETF,930851.CSI,164795606.8,8066300,9137881,1.136,1.1328466583192,0.061657712
2024-12-23,516630.SH,华夏中证云计算与大数据主题ETF,20210903,中证云计算与大数据主题指数,中证云计算与大数据主题指数收益率,华夏基金管理有限公司,中国银行股份有限公司,股票型ETF,主题指数ETF,930851.CSI,160760270.0,7393600,8335012,1.106,1.1273279593162,-0.135440181
2024-12-24,516630.SH,华夏中证云计算与大数据主题ETF,20210903,中证云计算与大数据主题指数,中证云计算与大数据主题指数收益率,华夏基金管理有限公司,中国银行股份有限公司,股票型ETF,主题指数ETF,930851.CSI,160905426.0,6872300,7576425,1.11,1.102458420034,0.135317997
2024-12-25,516630.SH,华夏中证云计算与大数据主题ETF,20210903,中证云计算与大数据主题指数,中证云计算与大数据主题指数收益率,华夏基金管理有限公司,中国银行股份有限公司,股票型ETF,主题指数ETF,930851.CSI,159352256.8,5936000,6557620,1.097,1.1047203504043,-0.072873019
2024-12-26,516630.SH,华夏中证云计算与大数据主题ETF,20210903,中证云计算与大数据主题指数,中证云计算与大数据主题指数收益率,华夏基金管理有限公司,中国银行股份有限公司,股票型ETF,主题指数ETF,930851.CSI,163503718.4,7955000,8884990,1.125,1.1169063482087,-0.124289773
2024-12-27,516630.SH,华夏中证云计算与大数据主题ETF,20210903,中证云计算与大数据主题指数,中证云计算与大数据主题指数收益率,华夏基金管理有限公司,中国银行股份有限公司,股票型ETF,主题指数ETF,930851.CSI,161602174.8,8709400,9863487,1.113,1.1325105058902,-0.026946915
2024-12-30,516630.SH,华夏中证云计算与大数据主题ETF,20210903,中证云计算与大数据主题指数,中证云计算与大数据主题指数收益率,华夏基金管理有限公司,中国银行股份有限公司,股票型ETF,主题指数ETF,930851.CSI,160818332.4,6169600,6844395,1.109,1.1093741895747,0.099286939
2024-12-31,516630.SH,华夏中证云计算与大数据主题ETF,20210903,中证云计算与大数据主题指数,中证云计算与大数据主题指数收益率,华夏基金管理有限公司,中国银行股份有限公司,股票型ETF,主题指数ETF,930851.CSI,154968545.6,9013500,9819841,1.071,1.0894592555611,0.318471338
2025-01-02,516630.SH,华夏中证云计算与大数据主题ETF,20210903,中证云计算与大数据主题指数,中证云计算与大数据主题指数收益率,华夏基金管理有限公司,中国银行股份有限公司,股票型ETF,主题指数ETF,930851.CSI,147913964.0,9257800,9637057,1.02,1.0409662122751,0.098135427
2025-01-03,516630.SH,华夏中证云计算与大数据主题ETF,20210903,中证云计算与大数据主题指数,中证云计算与大数据主题指数收益率,华夏基金管理有限公司,中国银行股份有限公司,股票型ETF,主题指数ETF,930851.CSI,141773865.2,7339200,7343917,0.979,1.0006427131022,0.235486843
2025-01-06,516630.SH,华夏中证云计算与大数据主题ETF,20210903,中证云计算与大数据主题指数,中证云计算与大数据主题指数收益率,华夏基金管理有限公司,中国银行股份有限公司,股票型ETF,主题指数ETF,930851.CSI,145696366.8,10032200,9794907,0.969,0.97634686310082,-0.133979182
2025-01-07,516630.SH,华夏中证云计算与大数据主题ETF,20210903,中证云计算与大数据主题指数,中证云计算与大数据主题指数收益率,华夏基金管理有限公司,中国银行股份有限公司,股票型ETF,主题指数ETF,930851.CSI,149585407.2,7491800,7353982,0.995,0.9816041538749,-0.120457739
2025-01-08,516630.SH,华夏中证云计算与大数据主题ETF,20210903,中证云计算与大数据主题指数,中证云计算与大数据主题指数收益率,华夏基金管理有限公司,中国银行股份有限公司,股票型ETF,主题指数ETF,930851.CSI,147888644.4,8866300,8651686,0.984,0.97579441255089,-0.091379836
2025-01-09,516630.SH,华夏中证云计算与大数据主题ETF,20210903,中证云计算与大数据主题指数,中证云计算与大数据主题指数收益率,华夏基金管理有限公司,中国银行股份有限公司,股票型ETF,主题指数ETF,930851.CSI,149149954.8,8420700,8364344,0.993,0.99330744474925,-0.030202356
2025-01-10,516630.SH,华夏中证云计算与大数据主题ETF,20210903,中证云计算与大数据主题指数,中证云计算与大数据主题指数收益率,华夏基金管理有限公司,中国银行股份有限公司,股票型ETF,主题指数ETF,930851.CSI,143954557.2,6410500,6283617,0.96,0.98020700413384,0.135600292
2025-01-13,516630.SH,华夏中证云计算与大数据主题ETF,20210903,中证云计算与大数据主题指数,中证云计算与大数据主题指数收益率,华夏基金管理有限公司,中国银行股份有限公司,股票型ETF,主题指数ETF,930851.CSI,144765399.6,6717700,6423419,0.964,0.95619319112196,-0.010372368
2025-01-14,516630.SH,华夏中证云计算与大数据主题ETF,20210903,中证云计算与大数据主题指数,中证云计算与大数据主题指数收益率,华夏基金管理有限公司,中国银行股份有限公司,股票型ETF,主题指数ETF,930851.CSI,153114073.2,8349600,8339221,1.019,0.99875694644055,-0.068647641
2025-01-15,516630.SH,华夏中证云计算与大数据主题ETF,20210903,中证云计算与大数据主题指数,中证云计算与大数据主题指数收益率,华夏基金管理有限公司,中国银行股份有限公司,股票型ETF,主题指数ETF,930851.CSI,152652444.4,7141300,7244820,1.011,1.0144959601193,0.108921675
2025-01-16,516630.SH,华夏中证云计算与大数据主题ETF,20210903,中证云计算与大数据主题指数,中证云计算与大数据主题指数收益率,华夏基金管理有限公司,中国银行股份有限公司,股票型ETF,主题指数ETF,930851.CSI,154269813.6,7286300,7483741,1.02,1.0270975666662,-0.058788948
2025-01-17,516630.SH,华夏中证云计算与大数据主题ETF,20210903,中证云计算与大数据主题指数,中证云计算与大数据主题指数收益率,华夏基金管理有限公司,中国银行股份有限公司,股票型ETF,主题指数ETF,930851.CSI,154209351.2,6399700,6521527,1.021,1.0190363610794,0.078415997
2025-01-20,516630.SH,华夏中证云计算与大数据主题ETF,20210903,中证云计算与大数据主题指数,中证云计算与大数据主题指数收益率,华夏基金管理有限公司,中国银行股份有限公司,股票型ETF,主题指数ETF,930851.CSI,155569755.2,4598400,4735607,1.028,1.029837987126,-0.116595414
2025-01-21,516630.SH,华夏中证云计算与大数据主题ETF,20210903,中证云计算与大数据主题指数,中证云计算与大数据主题指数收益率,华夏基金管理有限公司,中国银行股份有限公司,股票型ETF,主题指数ETF,930851.CSI,157277818.0,4616100,4768545,1.039,1.0330246311822,-0.144161461
2025-01-22,516630.SH,华夏中证云计算与大数据主题ETF,20210903,中证云计算与大数据主题指数,中证云计算与大数据主题指数收益率,华夏基金管理有限公司,中国银行股份有限公司,股票型ETF,主题指数ETF,930851.CSI,157573706.4,6202900,6486884,1.047,1.0457824565929,-0.228702115
2025-01-23,516630.SH,华夏中证云计算与大数据主题ETF,20210903,中证云计算与大数据主题指数,中证云计算与大数据主题指数收益率,华夏基金管理有限公司,中国银行股份有限公司,股票型ETF,主题指数ETF,930851.CSI,156057130.8,6853000,7290904,1.041,1.063899606012,0.163571635
2025-01-24,516630.SH,华夏中证云计算与大数据主题ETF,20210903,中证云计算与大数据主题指数,中证云计算与大数据主题指数收益率,华夏基金管理有限公司,中国银行股份有限公司,股票型ETF,主题指数ETF,930851.CSI,160760336.8,8993700,9551681,1.076,1.0620413178114,-0.167006866
2025-01-27,516630.SH,华夏中证云计算与大数据主题ETF,20210903,中证云计算与大数据主题指数,中证云计算与大数据主题指数收益率,华夏基金管理有限公司,中国银行股份有限公司,股票型ETF,主题指数ETF,930851.CSI,156971774.4,5180700,5526995,1.054,1.0668432837261,0.152033447
2025-02-05,516630.SH,华夏中证云计算与大数据主题ETF,20210903,中证云计算与大数据主题指数,中证云计算与大数据主题指数收益率,华夏基金管理有限公司,中国银行股份有限公司,股票型ETF,主题指数ETF,930851.CSI,164956890.4,10591200,11721490,1.116,1.1067197295868,0.233518951
2025-02-06,516630.SH,华夏中证云计算与大数据主题ETF,20210903,中证云计算与大数据主题指数,中证云计算与大数据主题指数收益率,华夏基金管理有限公司,中国银行股份有限公司,股票型ETF,主题指数ETF,930851.CSI,169727513.6,10758400,12130280,1.144,1.1275171029149,-0.139664804
2025-02-07,516630.SH,华夏中证云计算与大数据主题ETF,20210903,中证云计算与大数据主题指数,中证云计算与大数据主题指数收益率,华夏基金管理有限公司,中国银行股份有限公司,股票型ETF,主题指数ETF,930851.CSI,180791759.2,25862000,30711258,1.193,1.1875051426804,0.403972395
2025-02-10,516630.SH,华夏中证云计算与大数据主题ETF,20210903,中证云计算与大数据主题指数,中证云计算与大数据主题指数收益率,华夏基金管理有限公司,中国银行股份有限公司,股票型ETF,主题指数ETF,930851.CSI,204598944.0,35362500,43117222,1.23,1.2192922446094,0.490196078
2025-02-11,516630.SH,华夏中证云计算与大数据主题ETF,20210903,中证云计算与大数据主题指数,中证云计算与大数据主题指数收益率,华夏基金管理有限公司,中国银行股份有限公司,股票型ETF,主题指数ETF,930851.CSI,214642209.6,30854400,37527445,1.213,1.2162753124352,0.115549686
2025-02-12,516630.SH,华夏中证云计算与大数据主题ETF,20210903,中证云计算与大数据主题指数,中证云计算与大数据主题指数收益率,华夏基金管理有限公司,中国银行股份有限公司,股票型ETF,主题指数ETF,930851.CSI,220700944.8,24182800,29879820,1.25,1.2355814876689,0.337132766
2025-02-13,516630.SH,华夏中证云计算与大数据主题ETF,20210903,中证云计算与大数据主题指数,中证云计算与大数据主题指数收益率,华夏基金管理有限公司,中国银行股份有限公司,股票型ETF,主题指数ETF,930851.CSI,233074209.2,34814600,42986397,1.227,1.234723277016,0.106061842
2025-02-14,516630.SH,华夏中证云计算与大数据主题ETF,20210903,中证云计算与大数据主题指数,中证云计算与大数据主题指数收益率,华夏基金管理有限公司,中国银行股份有限公司,股票型ETF,主题指数ETF,930851.CSI,244641448.8,34150700,42853042,1.287,1.2548217752491,0.562587904
2025-02-17,516630.SH,华夏中证云计算与大数据主题ETF,20210903,中证云计算与大数据主题指数,中证云计算与大数据主题指数收益率,华夏基金管理有限公司,中国银行股份有限公司,股票型ETF,主题指数ETF,930851.CSI,272091040.4,43657500,57445203,1.306,1.3158152207524,0.392036283
2025-02-18,516630.SH,华夏中证云计算与大数据主题ETF,20210903,中证云计算与大数据主题指数,中证云计算与大数据主题指数收益率,华夏基金管理有限公司,中国银行股份有限公司,股票型ETF,主题指数ETF,930851.CSI,307327561.6,62644100,80842448,1.257,1.2905037824791,0.27121889
2025-02-19,516630.SH,华夏中证云计算与大数据主题ETF,20210903,中证云计算与大数据主题指数,中证云计算与大数据主题指数收益率,华夏基金管理有限公司,中国银行股份有限公司,股票型ETF,主题指数ETF,930851.CSI,322182916.8,29340800,37190667,1.285,1.267541000927,0.171499844
2025-02-20,516630.SH,华夏中证云计算与大数据主题ETF,20210903,中证云计算与大数据主题指数,中证云计算与大数据主题指数收益率,华夏基金管理有限公司,中国银行股份有限公司,股票型ETF,主题指数ETF,930851.CSI,498547751.6,153721800,197130774,1.284,1.2823865840759,0.226367965
2025-02-21,516630.SH,华夏中证云计算与大数据主题ETF,20210903,中证云计算与大数据主题指数,中证云计算与大数据主题指数收益率,华夏基金管理有限公司,中国银行股份有限公司,股票型ETF,主题指数ETF,930851.CSI,772293399.6,148286300,196678215,1.375,1.326341105011,0.799061652
2025-02-24,516630.SH,华夏中证云计算与大数据主题ETF,20210903,中证云计算与大数据主题指数,中证云计算与大数据主题指数收益率,华夏基金管理有限公司,中国银行股份有限公司,股票型ETF,主题指数ETF,930851.CSI,856302259.2,92239800,126076292,1.366,1.3668318014566,0.205399061
2025-02-25,516630.SH,华夏中证云计算与大数据主题ETF,20210903,中证云计算与大数据主题指数,中证云计算与大数据主题指数收益率,华夏基金管理有限公司,中国银行股份有限公司,股票型ETF,主题指数ETF,930851.CSI,894527252.8,64172100,85452819,1.339,1.3316194888433,0.014938751
2025-02-26,516630.SH,华夏中证云计算与大数据主题ETF,20210903,中证云计算与大数据主题指数,中证云计算与大数据主题指数收益率,华夏基金管理有限公司,中国银行股份有限公司,股票型ETF,主题指数ETF,930851.CSI,915155777.6,42108100,56084915,1.342,1.3319269926689,0.179157958
2025-02-27,516630.SH,华夏中证云计算与大数据主题ETF,20210903,中证云计算与大数据主题指数,中证云计算与大数据主题指数收益率,华夏基金管理有限公司,中国银行股份有限公司,股票型ETF,主题指数ETF,930851.CSI,941766058.8,68342500,89902830,1.301,1.3154747046128,-0.099823389
2025-02-28,516630.SH,华夏中证云计算与大数据主题ETF,20210903,中证云计算与大数据主题指数,中证云计算与大数据主题指数收益率,华夏基金管理有限公司,中国银行股份有限公司,股票型ETF,主题指数ETF,930851.CSI,886865788.0,50447900,63462417,1.223,1.2579793608852,0
2025-03-03,516630.SH,华夏中证云计算与大数据主题ETF,20210903,中证云计算与大数据主题指数,中证云计算与大数据主题指数收益率,华夏基金管理有限公司,中国银行股份有限公司,股票型ETF,主题指数ETF,930851.CSI,786705315.6,129496100,158605354,1.227,1.2247886538668,0.15508938
2025-03-04,516630.SH,华夏中证云计算与大数据主题ETF,20210903,中证云计算与大数据主题指数,中证云计算与大数据主题指数收益率,华夏基金管理有限公司,中国银行股份有限公司,股票型ETF,主题指数ETF,930851.CSI,769984977.6,47937700,58967251,1.239,1.2300809383846,-0.048402711
2025-03-05,516630.SH,华夏中证云计算与大数据主题ETF,20210903,中证云计算与大数据主题指数,中证云计算与大数据主题指数收益率,华夏基金管理有限公司,中国银行股份有限公司,股票型ETF,主题指数ETF,930851.CSI,780322306.8,42156300,52718386,1.258,1.250545849612,-0.182496231
2025-03-06,516630.SH,华夏中证云计算与大数据主题ETF,20210903,中证云计算与大数据主题指数,中证云计算与大数据主题指数收益率,华夏基金管理有限公司,中国银行股份有限公司,股票型ETF,主题指数ETF,930851.CSI,766444091.6,93356000,121633767,1.325,1.3029025129611,0.295208538
2025-03-07,516630.SH,华夏中证云计算与大数据主题ETF,20210903,中证云计算与大数据主题指数,中证云计算与大数据主题指数收益率,华夏基金管理有限公司,中国银行股份有限公司,股票型ETF,主题指数ETF,930851.CSI,742502800.0,66398900,87141751,1.302,1.3123975095973,0.153846154
2025-03-10,516630.SH,华夏中证云计算与大数据主题ETF,20210903,中证云计算与大数据主题指数,中证云计算与大数据主题指数收益率,华夏基金管理有限公司,中国银行股份有限公司,股票型ETF,主题指数ETF,930851.CSI,720798560.4,37698500,47926373,1.271,1.2713071607624,0.00786844
2025-03-11,516630.SH,华夏中证云计算与大数据主题ETF,20210903,中证云计算与大数据主题指数,中证云计算与大数据主题指数收益率,华夏基金管理有限公司,中国银行股份有限公司,股票型ETF,主题指数ETF,930851.CSI,737844744.0,36250800,45801858,1.273,1.2634716475223,-0.078492936
2025-03-12,516630.SH,华夏中证云计算与大数据主题ETF,20210903,中证云计算与大数据主题指数,中证云计算与大数据主题指数收益率,华夏基金管理有限公司,中国银行股份有限公司,股票型ETF,主题指数ETF,930851.CSI,754691492.8,34800200,44831902,1.281,1.2882656421515,0.172036284
2025-03-13,516630.SH,华夏中证云计算与大数据主题ETF,20210903,中证云计算与大数据主题指数,中证云计算与大数据主题指数收益率,华夏基金管理有限公司,中国银行股份有限公司,股票型ETF,主题指数ETF,930851.CSI,734077503.6,46954500,58708267,1.248,1.2503224824032,-0.008012179
2025-03-14,516630.SH,华夏中证云计算与大数据主题ETF,20210903,中证云计算与大数据主题指数,中证云计算与大数据主题指数收益率,华夏基金管理有限公司,中国银行股份有限公司,股票型ETF,主题指数ETF,930851.CSI,738639532.8,36730300,46054894,1.269,1.2538665352584,0.015762926
2025-03-17,516630.SH,华夏中证云计算与大数据主题ETF,20210903,中证云计算与大数据主题指数,中证云计算与大数据主题指数收益率,华夏基金管理有限公司,中国银行股份有限公司,股票型ETF,主题指数ETF,930851.CSI,731474028.0,20064700,25397551,1.261,1.265782742827,-0.158353127
2025-03-18,516630.SH,华夏中证云计算与大数据主题ETF,20210903,中证云计算与大数据主题指数,中证云计算与大数据主题指数收益率,华夏基金管理有限公司,中国银行股份有限公司,股票型ETF,主题指数ETF,930851.CSI,728825169.6,36780100,46787988,1.272,1.2721006196285,0.031456433
2025-03-19,516630.SH,华夏中证云计算与大数据主题ETF,20210903,中证云计算与大数据主题指数,中证云计算与大数据主题指数收益率,华夏基金管理有限公司,中国银行股份有限公司,股票型ETF,主题指数ETF,930851.CSI,718386073.2,29948900,37444189,1.245,1.2502692586372,0.024102193
2025-03-20,516630.SH,华夏中证云计算与大数据主题ETF,20210903,中证云计算与大数据主题指数,中证云计算与大数据主题指数收益率,华夏基金管理有限公司,中国银行股份有限公司,股票型ETF,主题指数ETF,930851.CSI,709744305.6,20786000,25688585,1.229,1.2358599538151,0.114043662
2025-03-21,516630.SH,华夏中证云计算与大数据主题ETF,20210903,中证云计算与大数据主题指数,中证云计算与大数据主题指数收益率,华夏基金管理有限公司,中国银行股份有限公司,股票型ETF,主题指数ETF,930851.CSI,696367016.0,43702300,52362294,1.188,1.1981587696757,0.168634064
2025-03-24,516630.SH,华夏中证云计算与大数据主题ETF,20210903,中证云计算与大数据主题指数,中证云计算与大数据主题指数收益率,华夏基金管理有限公司,中国银行股份有限公司,股票型ETF,主题指数ETF,930851.CSI,692670709.2,27842500,32700104,1.177,1.1744672353417,0.110572425
2025-03-25,516630.SH,华夏中证云计算与大数据主题ETF,20210903,中证云计算与大数据主题指数,中证云计算与大数据主题指数收益率,华夏基金管理有限公司,中国银行股份有限公司,股票型ETF,主题指数ETF,930851.CSI,682307346.8,26437300,30759433,1.151,1.163486172945,0.06085369
2025-03-26,516630.SH,华夏中证云计算与大数据主题ETF,20210903,中证云计算与大数据主题指数,中证云计算与大数据主题指数收益率,华夏基金管理有限公司,中国银行股份有限公司,股票型ETF,主题指数ETF,930851.CSI,681476928.4,26646800,30700768,1.15,1.1521371421709,0.095743755
2025-03-27,516630.SH,华夏中证云计算与大数据主题ETF,20210903,中证云计算与大数据主题指数,中证云计算与大数据主题指数收益率,华夏基金管理有限公司,中国银行股份有限公司,股票型ETF,主题指数ETF,930851.CSI,676637157.6,23979500,27504559,1.146,1.1470030234158,0.122313472
2025-03-28,516630.SH,华夏中证云计算与大数据主题ETF,20210903,中证云计算与大数据主题指数,中证云计算与大数据主题指数收益率,华夏基金管理有限公司,中国银行股份有限公司,股票型ETF,主题指数ETF,930851.CSI,678180262.0,21978600,25200963,1.14,1.1466136605607,0.043878894
2025-03-31,516630.SH,华夏中证云计算与大数据主题ETF,20210903,中证云计算与大数据主题指数,中证云计算与大数据主题指数收益率,华夏基金管理有限公司,中国银行股份有限公司,股票型ETF,主题指数ETF,930851.CSI,684475814.4,27736400,31246330,1.144,1.1265459828961,0.140056022
2025-04-01,516630.SH,华夏中证云计算与大数据主题ETF,20210903,中证云计算与大数据主题指数,中证云计算与大数据主题指数收益率,华夏基金管理有限公司,中国银行股份有限公司,股票型ETF,主题指数ETF,930851.CSI,685036592.0,21184000,24173162,1.133,1.1411047016616,0.088339223
2025-04-02,516630.SH,华夏中证云计算与大数据主题ETF,20210903,中证云计算与大数据主题指数,中证云计算与大数据主题指数收益率,华夏基金管理有限公司,中国银行股份有限公司,股票型ETF,主题指数ETF,930851.CSI,686874052.8,13745300,15658952,1.139,1.1392222796156,0.017562346
2025-04-03,516630.SH,华夏中证云计算与大数据主题ETF,20210903,中证云计算与大数据主题指数,中证云计算与大数据主题指数收益率,华夏基金管理有限公司,中国银行股份有限公司,股票型ETF,主题指数ETF,930851.CSI,679394918.4,12998600,14698868,1.126,1.1308039327312,-0.035511364
2025-04-07,516630.SH,华夏中证云计算与大数据主题ETF,20210903,中证云计算与大数据主题指数,中证云计算与大数据主题指数收益率,华夏基金管理有限公司,中国银行股份有限公司,股票型ETF,主题指数ETF,930851.CSI,607075105.2,28462200,29255924,1.013,1.0278869518168,2.147826964
2025-04-08,516630.SH,华夏中证云计算与大数据主题ETF,20210903,中证云计算与大数据主题指数,中证云计算与大数据主题指数收益率,华夏基金管理有限公司,中国银行股份有限公司,股票型ETF,主题指数ETF,930851.CSI,560714648.4,81927300,80956566,0.996,0.98815127558213,0.211288862
2025-04-09,516630.SH,华夏中证云计算与大数据主题ETF,20210903,中证云计算与大数据主题指数,中证云计算与大数据主题指数收益率,华夏基金管理有限公司,中国银行股份有限公司,股票型ETF,主题指数ETF,930851.CSI,570614433.2,39698100,39773896,1.029,1.0019093105212,-0.067980965
2025-04-10,516630.SH,华夏中证云计算与大数据主题ETF,20210903,中证云计算与大数据主题指数,中证云计算与大数据主题指数收益率,华夏基金管理有限公司,中国银行股份有限公司,股票型ETF,主题指数ETF,930851.CSI,595457084.4,38442700,40977880,1.051,1.0659469808312,0.104771883
2025-04-11,516630.SH,华夏中证云计算与大数据主题ETF,20210903,中证云计算与大数据主题指数,中证云计算与大数据主题指数收益率,华夏基金管理有限公司,中国银行股份有限公司,股票型ETF,主题指数ETF,930851.CSI,605939400.4,26237700,27701754,1.062,1.0557996318275,0.10368555
2025-04-14,516630.SH,华夏中证云计算与大数据主题ETF,20210903,中证云计算与大数据主题指数,中证云计算与大数据主题指数收益率,华夏基金管理有限公司,中国银行股份有限公司,股票型ETF,主题指数ETF,930851.CSI,604258298.8,19496100,20857770,1.065,1.0698431994091,-0.215497049
2025-04-15,516630.SH,华夏中证云计算与大数据主题ETF,20210903,中证云计算与大数据主题指数,中证云计算与大数据主题指数收益率,华夏基金管理有限公司,中国银行股份有限公司,股票型ETF,主题指数ETF,930851.CSI,592202119.6,17181700,18204028,1.058,1.0595009806946,-0.103861769
2025-04-16,516630.SH,华夏中证云计算与大数据主题ETF,20210903,中证云计算与大数据主题指数,中证云计算与大数据主题指数收益率,华夏基金管理有限公司,中国银行股份有限公司,股票型ETF,主题指数ETF,930851.CSI,585026926.4,16901500,17581890,1.044,1.040256190279,-0.038299502
2025-04-17,516630.SH,华夏中证云计算与大数据主题ETF,20210903,中证云计算与大数据主题指数,中证云计算与大数据主题指数收益率,华夏基金管理有限公司,中国银行股份有限公司,股票型ETF,主题指数ETF,930851.CSI,585840537.6,17315600,18222687,1.05,1.0523855367414,0.038109756
2025-04-18,516630.SH,华夏中证云计算与大数据主题ETF,20210903,中证云计算与大数据主题指数,中证云计算与大数据主题指数收益率,华夏基金管理有限公司,中国银行股份有限公司,股票型ETF,主题指数ETF,930851.CSI,583685722.0,9461600,9913346,1.05,1.0477452016572,0.047641734
2025-04-21,516630.SH,华夏中证云计算与大数据主题ETF,20210903,中证云计算与大数据主题指数,中证云计算与大数据主题指数收益率,华夏基金管理有限公司,中国银行股份有限公司,股票型ETF,主题指数ETF,930851.CSI,593043856.0,15300100,16287897,1.075,1.0645614734544,-0.092936803
2025-04-22,516630.SH,华夏中证云计算与大数据主题ETF,20210903,中证云计算与大数据主题指数,中证云计算与大数据主题指数收益率,华夏基金管理有限公司,中国银行股份有限公司,股票型ETF,主题指数ETF,930851.CSI,582450157.2,15204500,16157048,1.06,1.0626490841527,0.122792104
2025-04-23,516630.SH,华夏中证云计算与大数据主题ETF,20210903,中证云计算与大数据主题指数,中证云计算与大数据主题指数收益率,华夏基金管理有限公司,中国银行股份有限公司,股票型ETF,主题指数ETF,930851.CSI,588640316.4,15192200,16306723,1.071,1.073361527626,-0.083963056
2025-04-24,516630.SH,华夏中证云计算与大数据主题ETF,20210903,中证云计算与大数据主题指数,中证云计算与大数据主题指数收益率,华夏基金管理有限公司,中国银行股份有限公司,股票型ETF,主题指数ETF,930851.CSI,578528067.6,22205800,23282642,1.044,1.0484937268642,0.182324153
2025-04-25,516630.SH,华夏中证云计算与大数据主题ETF,20210903,中证云计算与大数据主题指数,中证云计算与大数据主题指数收益率,华夏基金管理有限公司,中国银行股份有限公司,股票型ETF,主题指数ETF,930851.CSI,582120063.6,18236500,19305494,1.058,1.0586183752365,-0.009450903
2025-04-28,516630.SH,华夏中证云计算与大数据主题ETF,20210903,中证云计算与大数据主题指数,中证云计算与大数据主题指数收益率,华夏基金管理有限公司,中国银行股份有限公司,股票型ETF,主题指数ETF,930851.CSI,573885721.2,18315800,19373685,1.053,1.0577580558862,0.028498148
2025-04-29,516630.SH,华夏中证云计算与大数据主题ETF,20210903,中证云计算与大数据主题指数,中证云计算与大数据主题指数收益率,华夏基金管理有限公司,中国银行股份有限公司,股票型ETF,主题指数ETF,930851.CSI,575202204.0,10473100,11065673,1.058,1.0565804776045,-0.094428706
2025-04-30,516630.SH,华夏中证云计算与大数据主题ETF,20210903,中证云计算与大数据主题指数,中证云计算与大数据主题指数收益率,华夏基金管理有限公司,中国银行股份有限公司,股票型ETF,主题指数ETF,930851.CSI,581607540.8,24167700,26120938,1.088,1.0808201856196,0.1104159
2025-05-06,516630.SH,华夏中证云计算与大数据主题ETF,20210903,中证云计算与大数据主题指数,中证云计算与大数据主题指数收益率,华夏基金管理有限公司,中国银行股份有限公司,股票型ETF,主题指数ETF,930851.CSI,604300500.0,20389000,22770683,1.126,1.1168121536122,0.088888889
2025-05-07,516630.SH,华夏中证云计算与大数据主题ETF,20210903,中证云计算与大数据主题指数,中证云计算与大数据主题指数收益率,华夏基金管理有限公司,中国银行股份有限公司,股票型ETF,主题指数ETF,930851.CSI,623123446.4,35666400,40058520,1.116,1.1231444721082,0.143575018
2025-05-08,516630.SH,华夏中证云计算与大数据主题ETF,20210903,中证云计算与大数据主题指数,中证云计算与大数据主题指数收益率,华夏基金管理有限公司,中国银行股份有限公司,股票型ETF,主题指数ETF,930851.CSI,631553514.0,16125400,18175893,1.131,1.1271592022523,-0.044189129
2025-05-09,516630.SH,华夏中证云计算与大数据主题ETF,20210903,中证云计算与大数据主题指数,中证云计算与大数据主题指数收益率,华夏基金管理有限公司,中国银行股份有限公司,股票型ETF,主题指数ETF,930851.CSI,623051506.8,15552600,17383125,1.112,1.1176989699471,0.153111772
2025-05-12,516630.SH,华夏中证云计算与大数据主题ETF,20210903,中证云计算与大数据主题指数,中证云计算与大数据主题指数收益率,华夏基金管理有限公司,中国银行股份有限公司,股票型ETF,主题指数ETF,930851.CSI,636083078.0,15410100,17274939,1.126,1.1210140751845,0.0444247
2025-05-13,516630.SH,华夏中证云计算与大数据主题ETF,20210903,中证云计算与大数据主题指数,中证云计算与大数据主题指数收益率,华夏基金管理有限公司,中国银行股份有限公司,股票型ETF,主题指数ETF,930851.CSI,629783366.8,14837400,16764280,1.12,1.1298664186448,-0.026778541
2025-05-14,516630.SH,华夏中证云计算与大数据主题ETF,20210903,中证云计算与大数据主题指数,中证云计算与大数据主题指数收益率,华夏基金管理有限公司,中国银行股份有限公司,股票型ETF,主题指数ETF,930851.CSI,628372024.8,19069300,21439298,1.126,1.1242834293865,0.017765145
2025-05-15,516630.SH,华夏中证云计算与大数据主题ETF,20210903,中证云计算与大数据主题指数,中证云计算与大数据主题指数收益率,华夏基金管理有限公司,中国银行股份有限公司,股票型ETF,主题指数ETF,930851.CSI,608976799.6,23258800,25534336,1.09,1.0978354859236,0.08263704
2025-05-16,516630.SH,华夏中证云计算与大数据主题ETF,20210903,中证云计算与大数据主题指数,中证云计算与大数据主题指数收益率,华夏基金管理有限公司,中国银行股份有限公司,股票型ETF,主题指数ETF,930851.CSI,616826962.0,14590300,15884871,1.089,1.0887281961303,-0.045892611
2025-05-19,516630.SH,华夏中证云计算与大数据主题ETF,20210903,中证云计算与大数据主题指数,中证云计算与大数据主题指数收益率,华夏基金管理有限公司,中国银行股份有限公司,股票型ETF,主题指数ETF,930851.CSI,610742682.0,13523200,14592633,1.083,1.0790813564837,-0.138312586
2025-05-20,516630.SH,华夏中证云计算与大数据主题ETF,20210903,中证云计算与大数据主题指数,中证云计算与大数据主题指数收益率,华夏基金管理有限公司,中国银行股份有限公司,股票型ETF,主题指数ETF,930851.CSI,612094256.4,10487700,11388383,1.086,1.0858799355435,-0.082804306
2025-05-21,516630.SH,华夏中证云计算与大数据主题ETF,20210903,中证云计算与大数据主题指数,中证云计算与大数据主题指数收益率,华夏基金管理有限公司,中国银行股份有限公司,股票型ETF,主题指数ETF,930851.CSI,608208480.0,8223000,8882357,1.08,1.0801844825489,0
2025-05-22,516630.SH,华夏中证云计算与大数据主题ETF,20210903,中证云计算与大数据主题指数,中证云计算与大数据主题指数收益率,华夏基金管理有限公司,中国银行股份有限公司,股票型ETF,主题指数ETF,930851.CSI,603759751.2,8504600,9154661,1.069,1.0764363991252,-0.112128574
2025-05-23,516630.SH,华夏中证云计算与大数据主题ETF,20210903,中证云计算与大数据主题指数,中证云计算与大数据主题指数收益率,华夏基金管理有限公司,中国银行股份有限公司,股票型ETF,主题指数ETF,930851.CSI,591163249.6,13390800,14249943,1.052,1.0641591988529,0.038037277
2025-05-26,516630.SH,华夏中证云计算与大数据主题ETF,20210903,中证云计算与大数据主题指数,中证云计算与大数据主题指数收益率,华夏基金管理有限公司,中国银行股份有限公司,股票型ETF,主题指数ETF,930851.CSI,590564049.2,19169500,20359710,1.069,1.0620887347088,0.309655625
2025-05-27,516630.SH,华夏中证云计算与大数据主题ETF,20210903,中证云计算与大数据主题指数,中证云计算与大数据主题指数收益率,华夏基金管理有限公司,中国银行股份有限公司,股票型ETF,主题指数ETF,930851.CSI,588128977.2,11623100,12290485,1.055,1.0574188469513,0.123374775
2025-05-28,516630.SH,华夏中证云计算与大数据主题ETF,20210903,中证云计算与大数据主题指数,中证云计算与大数据主题指数收益率,华夏基金管理有限公司,中国银行股份有限公司,股票型ETF,主题指数ETF,930851.CSI,586931456.8,9928800,10433471,1.047,1.0508290024978,-0.076350449
2025-05-29,516630.SH,华夏中证云计算与大数据主题ETF,20210903,中证云计算与大数据主题指数,中证云计算与大数据主题指数收益率,华夏基金管理有限公司,中国银行股份有限公司,股票型ETF,主题指数ETF,930851.CSI,605843224.8,21154800,22585431,1.077,1.0676267797379,0.111544897
2025-05-30,516630.SH,华夏中证云计算与大数据主题ETF,20210903,中证云计算与大数据主题指数,中证云计算与大数据主题指数收益率,华夏基金管理有限公司,中国银行股份有限公司,股票型ETF,主题指数ETF,930851.CSI,598330657.2,12472200,13227919,1.06,1.0605922772245,0.122792104
2025-06-03,516630.SH,华夏中证云计算与大数据主题ETF,20210903,中证云计算与大数据主题指数,中证云计算与大数据主题指数收益率,华夏基金管理有限公司,中国银行股份有限公司,股票型ETF,主题指数ETF,930851.CSI,599291422.4,8554700,9102140,1.06,1.0639928927958,-0.037721614
2025-06-04,516630.SH,华夏中证云计算与大数据主题ETF,20210903,中证云计算与大数据主题指数,中证云计算与大数据主题指数收益率,华夏基金管理有限公司,中国银行股份有限公司,股票型ETF,主题指数ETF,930851.CSI,608333918.4,10828100,11621931,1.077,1.0733121230872,0.05574136
2025-06-05,516630.SH,华夏中证云计算与大数据主题ETF,20210903,中证云计算与大数据主题指数,中证云计算与大数据主题指数收益率,华夏基金管理有限公司,中国银行股份有限公司,股票型ETF,主题指数ETF,930851.CSI,621294811.2,20184200,22103656,1.106,1.0950969570258,0.072385089
2025-06-06,516630.SH,华夏中证云计算与大数据主题ETF,20210903,中证云计算与大数据主题指数,中证云计算与大数据主题指数收益率,华夏基金管理有限公司,中国银行股份有限公司,股票型ETF,主题指数ETF,930851.CSI,623357376.4,15795100,17461889,1.108,1.1055257010085,0.099376637
2025-06-09,516630.SH,华夏中证云计算与大数据主题ETF,20210903,中证云计算与大数据主题指数,中证云计算与大数据主题指数收益率,华夏基金管理有限公司,中国银行股份有限公司,股票型ETF,主题指数ETF,930851.CSI,631911135.6,15295200,17082627,1.12,1.1168619566923,-0.008927774
2025-06-10,516630.SH,华夏中证云计算与大数据主题ETF,20210903,中证云计算与大数据主题指数,中证云计算与大数据主题指数收益率,华夏基金管理有限公司,中国银行股份有限公司,股票型ETF,主题指数ETF,930851.CSI,609268898.0,24639200,27192571,1.098,1.1036304344297,0.228206298
2025-06-11,516630.SH,华夏中证云计算与大数据主题ETF,20210903,中证云计算与大数据主题指数,中证云计算与大数据主题指数收益率,华夏基金管理有限公司,中国银行股份有限公司,股票型ETF,主题指数ETF,930851.CSI,609102051.2,12748100,14023295,1.096,1.1000302005789,0.073046019
2025-06-12,516630.SH,华夏中证云计算与大数据主题ETF,20210903,中证云计算与大数据主题指数,中证云计算与大数据主题指数收益率,华夏基金管理有限公司,中国银行股份有限公司,股票型ETF,主题指数ETF,930851.CSI,608673038.4,10208700,11207687,1.097,1.097856436177,0.054724553
2025-06-13,516630.SH,华夏中证云计算与大数据主题ETF,20210903,中证云计算与大数据主题指数,中证云计算与大数据主题指数收益率,华夏基金管理有限公司,中国银行股份有限公司,股票型ETF,主题指数ETF,930851.CSI,598543895.6,10591700,11471238,1.079,1.0830403051446,-0.101842422
2025-06-16,516630.SH,华夏中证云计算与大数据主题ETF,20210903,中证云计算与大数据主题指数,中证云计算与大数据主题指数收益率,华夏基金管理有限公司,中国银行股份有限公司,股票型ETF,主题指数ETF,930851.CSI,604401381.6,13052500,14274623,1.097,1.0936313349933,-0.145639905
2025-06-17,516630.SH,华夏中证云计算与大数据主题ETF,20210903,中证云计算与大数据主题指数,中证云计算与大数据主题指数收益率,华夏基金管理有限公司,中国银行股份有限公司,股票型ETF,主题指数ETF,930851.CSI,599293942.8,8905300,9732881,1.092,1.0929312881093,0.064143682
2025-06-18,516630.SH,华夏中证云计算与大数据主题ETF,20210903,中证云计算与大数据主题指数,中证云计算与大数据主题指数收益率,华夏基金管理有限公司,中国银行股份有限公司,股票型ETF,主题指数ETF,930851.CSI,599187747.6,10826600,11827383,1.098,1.0924374226442,0.082034454
2025-06-19,516630.SH,华夏中证云计算与大数据主题ETF,20210903,中证云计算与大数据主题指数,中证云计算与大数据主题指数收益率,华夏基金管理有限公司,中国银行股份有限公司,股票型ETF,主题指数ETF,930851.CSI,592688491.2,11232500,12272616,1.086,1.0925987981304,0.07371913
2025-06-20,516630.SH,华夏中证云计算与大数据主题ETF,20210903,中证云计算与大数据主题指数,中证云计算与大数据主题指数收益率,华夏基金管理有限公司,中国银行股份有限公司,股票型ETF,主题指数ETF,930851.CSI,585674874.0,9573100,10271803,1.065,1.0729860755659,-0.140646976
2025-06-23,516630.SH,华夏中证云计算与大数据主题ETF,20210903,中证云计算与大数据主题指数,中证云计算与大数据主题指数收益率,华夏基金管理有限公司,中国银行股份有限公司,股票型ETF,主题指数ETF,930851.CSI,589013434.0,13252700,14149272,1.077,1.067652025625,0.046446818
2025-06-24,516630.SH,华夏中证云计算与大数据主题ETF,20210903,中证云计算与大数据主题指数,中证云计算与大数据主题指数收益率,华夏基金管理有限公司,中国银行股份有限公司,股票型ETF,主题指数ETF,930851.CSI,599570056.8,11705400,12788473,1.097,1.0925276368172,-0.072873019
2025-06-25,516630.SH,华夏中证云计算与大数据主题ETF,20210903,中证云计算与大数据主题指数,中证云计算与大数据主题指数收益率,华夏基金管理有限公司,中国银行股份有限公司,股票型ETF,主题指数ETF,930851.CSI,603336346.8,21412500,23860959,1.124,1.1143471803853,-0.115524749
2025-06-26,516630.SH,华夏中证云计算与大数据主题ETF,20210903,中证云计算与大数据主题指数,中证云计算与大数据主题指数收益率,华夏基金管理有限公司,中国银行股份有限公司,股票型ETF,主题指数ETF,930851.CSI,599692494.8,28627900,32534730,1.13,1.1364693183922,-0.291185035
2025-06-27,516630.SH,华夏中证云计算与大数据主题ETF,20210903,中证云计算与大数据主题指数,中证云计算与大数据主题指数收益率,华夏基金管理有限公司,中国银行股份有限公司,股票型ETF,主题指数ETF,930851.CSI,591578705.2,26320800,29945725,1.14,1.1377209279353,-0.148900762
2025-06-30,516630.SH,华夏中证云计算与大数据主题ETF,20210903,中证云计算与大数据主题指数,中证云计算与大数据主题指数收益率,华夏基金管理有限公司,中国银行股份有限公司,股票型ETF,主题指数ETF,930851.CSI,588800357.2,20902500,24062468,1.158,1.151176557828,-0.060412531
2025-07-01,516630.SH,华夏中证云计算与大数据主题ETF,20210903,中证云计算与大数据主题指数,中证云计算与大数据主题指数收益率,华夏基金管理有限公司,中国银行股份有限公司,股票型ETF,主题指数ETF,930851.CSI,582346776.0,9708700,11117123,1.146,1.1450681347657,0
2025-07-02,516630.SH,华夏中证云计算与大数据主题ETF,20210903,中证云计算与大数据主题指数,中证云计算与大数据主题指数收益率,华夏基金管理有限公司,中国银行股份有限公司,股票型ETF,主题指数ETF,930851.CSI,569789766.0,10541900,11871703,1.124,1.1261445280263,0.044503783
2025-07-03,516630.SH,华夏中证云计算与大数据主题ETF,20210903,中证云计算与大数据主题指数,中证云计算与大数据主题指数收益率,华夏基金管理有限公司,中国银行股份有限公司,股票型ETF,主题指数ETF,930851.CSI,574810610.4,13701500,15492824,1.131,1.1307392621246,-0.21175225
2025-07-04,516630.SH,华夏中证云计算与大数据主题ETF,20210903,中证云计算与大数据主题指数,中证云计算与大数据主题指数收益率,华夏基金管理有限公司,中国银行股份有限公司,股票型ETF,主题指数ETF,930851.CSI,572190201.2,12907500,14691318,1.133,1.1382001162115,0.026485389
2025-07-07,516630.SH,华夏中证云计算与大数据主题ETF,20210903,中证云计算与大数据主题指数,中证云计算与大数据主题指数收益率,华夏基金管理有限公司,中国银行股份有限公司,股票型ETF,主题指数ETF,930851.CSI,566987094.4,7271500,8165667,1.122,1.1229687134704,-0.035637919
2025-07-08,516630.SH,华夏中证云计算与大数据主题ETF,20210903,中证云计算与大数据主题指数,中证云计算与大数据主题指数收益率,华夏基金管理有限公司,中国银行股份有限公司,股票型ETF,主题指数ETF,930851.CSI,571174787.2,18796300,21396362,1.15,1.1383283944181,-0.104239055
2025-07-09,516630.SH,华夏中证云计算与大数据主题ETF,20210903,中证云计算与大数据主题指数,中证云计算与大数据主题指数收益率,华夏基金管理有限公司,中国银行股份有限公司,股票型ETF,主题指数ETF,930851.CSI,567844900.8,7586200,8722676,1.145,1.1498083361894,-0.156958493
2025-07-10,516630.SH,华夏中证云计算与大数据主题ETF,20210903,中证云计算与大数据主题指数,中证云计算与大数据主题指数收益率,华夏基金管理有限公司,中国银行股份有限公司,股票型ETF,主题指数ETF,930851.CSI,565913792.4,10007200,11429104,1.142,1.1420880965705,-0.078747047
2025-07-11,516630.SH,华夏中证云计算与大数据主题ETF,20210903,中证云计算与大数据主题指数,中证云计算与大数据主题指数收益率,华夏基金管理有限公司,中国银行股份有限公司,股票型ETF,主题指数ETF,930851.CSI,573953260.8,17424900,19965498,1.156,1.1458027305752,-0.069156293
2025-07-14,516630.SH,华夏中证云计算与大数据主题ETF,20210903,中证云计算与大数据主题指数,中证云计算与大数据主题指数收益率,华夏基金管理有限公司,中国银行股份有限公司,股票型ETF,主题指数ETF,930851.CSI,571707117.6,10049600,11600382,1.155,1.15431280847,0.034644033
2025-07-15,516630.SH,华夏中证云计算与大数据主题ETF,20210903,中证云计算与大数据主题指数,中证云计算与大数据主题指数收益率,华夏基金管理有限公司,中国银行股份有限公司,股票型ETF,主题指数ETF,930851.CSI,589121020.8,36904000,44093150,1.216,1.1948067960113,-0.06574622
2025-07-16,516630.SH,华夏中证云计算与大数据主题ETF,20210903,中证云计算与大数据主题指数,中证云计算与大数据主题指数收益率,华夏基金管理有限公司,中国银行股份有限公司,股票型ETF,主题指数ETF,930851.CSI,582346192.4,35416600,43530139,1.217,1.2290885912256,-0.073897693
2025-07-17,516630.SH,华夏中证云计算与大数据主题ETF,20210903,中证云计算与大数据主题指数,中证云计算与大数据主题指数收益率,华夏基金管理有限公司,中国银行股份有限公司,股票型ETF,主题指数ETF,930851.CSI,583604642.8,27334900,33575168,1.24,1.2282894029245,-0.104728913
2025-07-18,516630.SH,华夏中证云计算与大数据主题ETF,20210903,中证云计算与大数据主题指数,中证云计算与大数据主题指数收益率,华夏基金管理有限公司,中国银行股份有限公司,股票型ETF,主题指数ETF,930851.CSI,559433134.8,52196800,65503089,1.248,1.2549253785673,-0.024032684
2025-07-21,516630.SH,华夏中证云计算与大数据主题ETF,20210903,中证云计算与大数据主题指数,中证云计算与大数据主题指数收益率,华夏基金管理有限公司,中国银行股份有限公司,股票型ETF,主题指数ETF,930851.CSI,554527292.4,16282000,20197161,1.243,1.2404594644393,0.0080457
2025-07-22,516630.SH,华夏中证云计算与大数据主题ETF,20210903,中证云计算与大数据主题指数,中证云计算与大数据主题指数收益率,华夏基金管理有限公司,中国银行股份有限公司,股票型ETF,主题指数ETF,930851.CSI,545778892.8,16900100,20848073,1.229,1.2336064875356,0.016276042
2025-07-23,516630.SH,华夏中证云计算与大数据主题ETF,20210903,中证云计算与大数据主题指数,中证云计算与大数据主题指数收益率,华夏基金管理有限公司,中国银行股份有限公司,股票型ETF,主题指数ETF,930851.CSI,544603545.2,11857800,14574646,1.231,1.229118892206,-0.056832021
2025-07-24,516630.SH,华夏中证云计算与大数据主题ETF,20210903,中证云计算与大数据主题指数,中证云计算与大数据主题指数收益率,华夏基金管理有限公司,中国银行股份有限公司,股票型ETF,主题指数ETF,930851.CSI,547871636.4,13531700,16728801,1.242,1.2362675051915,0.008052178
2025-07-25,516630.SH,华夏中证云计算与大数据主题ETF,20210903,中证云计算与大数据主题指数,中证云计算与大数据主题指数收益率,华夏基金管理有限公司,中国银行股份有限公司,股票型ETF,主题指数ETF,930851.CSI,557312374.8,27301700,34244332,1.262,1.2542930293718,-0.10290509
2025-07-28,516630.SH,华夏中证云计算与大数据主题ETF,20210903,中证云计算与大数据主题指数,中证云计算与大数据主题指数收益率,华夏基金管理有限公司,中国银行股份有限公司,股票型ETF,主题指数ETF,930851.CSI,553731800.4,17883200,22438309,1.261,1.2547144247115,0.007930843
2025-07-29,516630.SH,华夏中证云计算与大数据主题ETF,20210903,中证云计算与大数据主题指数,中证云计算与大数据主题指数收益率,华夏基金管理有限公司,中国银行股份有限公司,股票型ETF,主题指数ETF,930851.CSI,570115946.4,25565000,32560421,1.288,1.2736327400743,-0.108577633
2025-07-30,516630.SH,华夏中证云计算与大数据主题ETF,20210903,中证云计算与大数据主题指数,中证云计算与大数据主题指数收益率,华夏基金管理有限公司,中国银行股份有限公司,股票型ETF,主题指数ETF,930851.CSI,550393881.6,24468700,31131514,1.272,1.2722994683003,-0.125628141
2025-07-31,516630.SH,华夏中证云计算与大数据主题ETF,20210903,中证云计算与大数据主题指数,中证云计算与大数据主题指数收益率,华夏基金管理有限公司,中国银行股份有限公司,股票型ETF,主题指数ETF,930851.CSI,542617390.4,38685700,50213318,1.287,1.2979813729621,-0.108661906
2025-08-01,516630.SH,华夏中证云计算与大数据主题ETF,20210903,中证云计算与大数据主题指数,中证云计算与大数据主题指数收益率,华夏基金管理有限公司,中国银行股份有限公司,股票型ETF,主题指数ETF,930851.CSI,517966329.6,38009700,48752954,1.283,1.2826450616553,0.109238452
2025-08-04,516630.SH,华夏中证云计算与大数据主题ETF,20210903,中证云计算与大数据主题指数,中证云计算与大数据主题指数收益率,华夏基金管理有限公司,中国银行股份有限公司,股票型ETF,主题指数ETF,930851.CSI,517250546.4,12155200,15521975,1.289,1.2769822791892,-0.031022181
2025-08-05,516630.SH,华夏中证云计算与大数据主题ETF,20210903,中证云计算与大数据主题指数,中证云计算与大数据主题指数收益率,华夏基金管理有限公司,中国银行股份有限公司,股票型ETF,主题指数ETF,930851.CSI,507042278.4,19686600,25249352,1.286,1.2825653998151,-0.031094527
2025-08-06,516630.SH,华夏中证云计算与大数据主题ETF,20210903,中证云计算与大数据主题指数,中证云计算与大数据主题指数收益率,华夏基金管理有限公司,中国银行股份有限公司,股票型ETF,主题指数ETF,930851.CSI,509567506.4,19723100,25413778,1.298,1.2885285781647,-0.107742035
2025-08-07,516630.SH,华夏中证云计算与大数据主题ETF,20210903,中证云计算与大数据主题指数,中证云计算与大数据主题指数收益率,华夏基金管理有限公司,中国银行股份有限公司,股票型ETF,主题指数ETF,930851.CSI,504943280.4,12966900,16768388,1.291,1.2931686062205,0.007746533
2025-08-08,516630.SH,华夏中证云计算与大数据主题ETF,20210903,中证云计算与大数据主题指数,中证云计算与大数据主题指数收益率,华夏基金管理有限公司,中国银行股份有限公司,股票型ETF,主题指数ETF,930851.CSI,517124684.8,28474900,36184829,1.262,1.2707622853812,0.095177665
2025-08-11,516630.SH,华夏中证云计算与大数据主题ETF,20210903,中证云计算与大数据主题指数,中证云计算与大数据主题指数收益率,华夏基金管理有限公司,中国银行股份有限公司,股票型ETF,主题指数ETF,930851.CSI,528116865.6,12488000,16012275,1.285,1.2822129244074,-0.201926064
2025-08-12,516630.SH,华夏中证云计算与大数据主题ETF,20210903,中证云计算与大数据主题指数,中证云计算与大数据主题指数收益率,华夏基金管理有限公司,中国银行股份有限公司,股票型ETF,主题指数ETF,930851.CSI,529012189.2,16910500,21908967,1.304,1.2955836314716,-0.130198361
2025-08-13,516630.SH,华夏中证云计算与大数据主题ETF,20210903,中证云计算与大数据主题指数,中证云计算与大数据主题指数收益率,华夏基金管理有限公司,中国银行股份有限公司,股票型ETF,主题指数ETF,930851.CSI,536756334.0,32636200,43495598,1.352,1.3327408828234,0.03699593
2025-08-14,516630.SH,华夏中证云计算与大数据主题ETF,20210903,中证云计算与大数据主题指数,中证云计算与大数据主题指数收益率,华夏基金管理有限公司,中国银行股份有限公司,股票型ETF,主题指数ETF,930851.CSI,511706884.0,40870800,55208853,1.34,1.3508141019995,0.074682599
2025-08-15,516630.SH,华夏中证云计算与大数据主题ETF,20210903,中证云计算与大数据主题指数,中证云计算与大数据主题指数收益率,华夏基金管理有限公司,中国银行股份有限公司,股票型ETF,主题指数ETF,930851.CSI,509465686.4,22823500,30668396,1.355,1.3437201130414,0.044300059
2025-08-18,516630.SH,华夏中证云计算与大数据主题ETF,20210903,中证云计算与大数据主题指数,中证云计算与大数据主题指数收益率,华夏基金管理有限公司,中国银行股份有限公司,股票型ETF,主题指数ETF,930851.CSI,521068601.2,42557500,59542608,1.416,1.3991096281501,0.589614264
2025-08-19,516630.SH,华夏中证云计算与大数据主题ETF,20210903,中证云计算与大数据主题指数,中证云计算与大数据主题指数收益率,华夏基金管理有限公司,中国银行股份有限公司,股票型ETF,主题指数ETF,930851.CSI,535033501.6,42370600,60165106,1.419,1.4199729529438,0.028196814
2025-08-20,516630.SH,华夏中证云计算与大数据主题ETF,20210903,中证云计算与大数据主题指数,中证云计算与大数据主题指数收益率,华夏基金管理有限公司,中国银行股份有限公司,股票型ETF,主题指数ETF,930851.CSI,551273782.8,41785600,58573683,1.434,1.4017671877393,0.188639698
2025-08-21,516630.SH,华夏中证云计算与大数据主题ETF,20210903,中证云计算与大数据主题指数,中证云计算与大数据主题指数收益率,华夏基金管理有限公司,中国银行股份有限公司,股票型ETF,主题指数ETF,930851.CSI,551739692.8,26497600,38023191,1.43,1.4349673555341,0.083986562
2025-08-22,516630.SH,华夏中证云计算与大数据主题ETF,20210903,中证云计算与大数据主题指数,中证云计算与大数据主题指数收益率,华夏基金管理有限公司,中国银行股份有限公司,股票型ETF,主题指数ETF,930851.CSI,565092834.8,39247700,57882679,1.503,1.4748043579624,0.313688847
2025-08-25,516630.SH,华夏中证云计算与大数据主题ETF,20210903,中证云计算与大数据主题指数,中证云计算与大数据主题指数收益率,华夏基金管理有限公司,中国银行股份有限公司,股票型ETF,主题指数ETF,930851.CSI,615552084.4,50331300,77702881,1.563,1.5438282142524,0.84521582
2025-08-26,516630.SH,华夏中证云计算与大数据主题ETF,20210903,中证云计算与大数据主题指数,中证云计算与大数据主题指数收益率,华夏基金管理有限公司,中国银行股份有限公司,股票型ETF,主题指数ETF,930851.CSI,623451045.6,39156500,60755148,1.547,1.5515980233167,0.285232724
2025-08-27,516630.SH,华夏中证云计算与大数据主题ETF,20210903,中证云计算与大数据主题指数,中证云计算与大数据主题指数收益率,华夏基金管理有限公司,中国银行股份有限公司,股票型ETF,主题指数ETF,930851.CSI,631580387.2,45257600,71641702,1.548,1.5829761631196,-0.206291903
2025-08-28,516630.SH,华夏中证云计算与大数据主题ETF,20210903,中证云计算与大数据主题指数,中证云计算与大数据主题指数收益率,华夏基金管理有限公司,中国银行股份有限公司,股票型ETF,主题指数ETF,930851.CSI,657082000.8,54129100,85069416,1.628,1.5716022619996,0.382291281
2025-08-29,516630.SH,华夏中证云计算与大数据主题ETF,20210903,中证云计算与大数据主题指数,中证云计算与大数据主题指数收益率,华夏基金管理有限公司,中国银行股份有限公司,股票型ETF,主题指数ETF,930851.CSI,664850825.6,46053600,73730632,1.602,1.6009743429395,0.27541312
2025-09-01,516630.SH,华夏中证云计算与大数据主题ETF,20210903,中证云计算与大数据主题指数,中证云计算与大数据主题指数收益率,华夏基金管理有限公司,中国银行股份有限公司,股票型ETF,主题指数ETF,930851.CSI,715011516.4,50672500,82704864,1.647,1.6321449306823,0.006072014
2025-09-02,516630.SH,华夏中证云计算与大数据主题ETF,20210903,中证云计算与大数据主题指数,中证云计算与大数据主题指数收益率,华夏基金管理有限公司,中国银行股份有限公司,股票型ETF,主题指数ETF,930851.CSI,674097467.6,52177000,83690776,1.568,1.603978304617,0.057430923
2025-09-03,516630.SH,华夏中证云计算与大数据主题ETF,20210903,中证云计算与大数据主题指数,中证云计算与大数据主题指数收益率,华夏基金管理有限公司,中国银行股份有限公司,股票型ETF,主题指数ETF,930851.CSI,662828581.2,41803200,65307278,1.56,1.5622554732652,-0.172777884
2025-09-04,516630.SH,华夏中证云计算与大数据主题ETF,20210903,中证云计算与大数据主题指数,中证云计算与大数据主题指数收益率,华夏基金管理有限公司,中国银行股份有限公司,股票型ETF,主题指数ETF,930851.CSI,588289473.6,40047800,59816796,1.451,1.4936350061676,-0.316020885
2025-09-05,516630.SH,华夏中证云计算与大数据主题ETF,20210903,中证云计算与大数据主题指数,中证云计算与大数据主题指数收益率,华夏基金管理有限公司,中国银行股份有限公司,股票型ETF,主题指数ETF,930851.CSI,591205795.2,50143900,73722890,1.518,1.4702264881671,-0.078988942
2025-09-08,516630.SH,华夏中证云计算与大数据主题ETF,20210903,中证云计算与大数据主题指数,中证云计算与大数据主题指数收益率,华夏基金管理有限公司,中国银行股份有限公司,股票型ETF,主题指数ETF,930851.CSI,575384548.4,24059400,35711519,1.493,1.4843063002402,-0.060244996
2025-09-09,516630.SH,华夏中证云计算与大数据主题ETF,20210903,中证云计算与大数据主题指数,中证云计算与大数据主题指数收益率,华夏基金管理有限公司,中国银行股份有限公司,股票型ETF,主题指数ETF,930851.CSI,561634479.2,19682400,28833680,1.456,1.4649473641426,-0.150870937
2025-09-10,516630.SH,华夏中证云计算与大数据主题ETF,20210903,中证云计算与大数据主题指数,中证云计算与大数据主题指数收益率,华夏基金管理有限公司,中国银行股份有限公司,股票型ETF,主题指数ETF,930851.CSI,564208752.0,31064800,46337307,1.491,1.491633842806,-0.067024129
2025-09-11,516630.SH,华夏中证云计算与大数据主题ETF,20210903,中证云计算与大数据主题指数,中证云计算与大数据主题指数收益率,华夏基金管理有限公司,中国银行股份有限公司,股票型ETF,主题指数ETF,930851.CSI,598523882.4,49752000,77410744,1.598,1.555932304229,0.162968535
2025-09-12,516630.SH,华夏中证云计算与大数据主题ETF,20210903,中证云计算与大数据主题指数,中证云计算与大数据主题指数收益率,华夏基金管理有限公司,中国银行股份有限公司,股票型ETF,主题指数ETF,930851.CSI,585038428.8,34819900,55539603,1.586,1.5950534895275,0.075719334
2025-09-15,516630.SH,华夏中证云计算与大数据主题ETF,20210903,中证云计算与大数据主题指数,中证云计算与大数据主题指数收益率,华夏基金管理有限公司,中国银行股份有限公司,股票型ETF,主题指数ETF,930851.CSI,574098263.2,27770600,43609527,1.574,1.570348750117,0.114489251
2025-09-16,516630.SH,华夏中证云计算与大数据主题ETF,20210903,中证云计算与大数据主题指数,中证云计算与大数据主题指数收益率,华夏基金管理有限公司,中国银行股份有限公司,股票型ETF,主题指数ETF,930851.CSI,574124679.6,29676300,46938792,1.594,1.5816928660244,-0.006273132
2025-09-17,516630.SH,华夏中证云计算与大数据主题ETF,20210903,中证云计算与大数据主题指数,中证云计算与大数据主题指数收益率,华夏基金管理有限公司,中国银行股份有限公司,股票型ETF,主题指数ETF,930851.CSI,575755608.8,24655400,38978790,1.591,1.5809433227609,0.075481193
2025-09-18,516630.SH,华夏中证云计算与大数据主题ETF,20210903,中证云计算与大数据主题指数,中证云计算与大数据主题指数收益率,华夏基金管理有限公司,中国银行股份有限公司,股票型ETF,主题指数ETF,930851.CSI,576038047.2,40828500,65370204,1.585,1.6010924721702,-0.075652503
2025-09-19,516630.SH,华夏中证云计算与大数据主题ETF,20210903,中证云计算与大数据主题指数,中证云计算与大数据主题指数收益率,华夏基金管理有限公司,中国银行股份有限公司,股票型ETF,主题指数ETF,930851.CSI,571782179.2,21242800,33635943,1.58,1.5834044005498,-0.202122284
2025-09-22,516630.SH,华夏中证云计算与大数据主题ETF,20210903,中证云计算与大数据主题指数,中证云计算与大数据主题指数收益率,华夏基金管理有限公司,中国银行股份有限公司,股票型ETF,主题指数ETF,930851.CSI,572842508.4,21225600,33766689,1.603,1.5908473258706,-0.056113224
2025-09-23,516630.SH,华夏中证云计算与大数据主题ETF,20210903,中证云计算与大数据主题指数,中证云计算与大数据主题指数收益率,华夏基金管理有限公司,中国银行股份有限公司,股票型ETF,主题指数ETF,930851.CSI,578289614.4,24299000,38662031,1.593,1.591095559488,0.037678975
2025-09-24,516630.SH,华夏中证云计算与大数据主题ETF,20210903,中证云计算与大数据主题指数,中证云计算与大数据主题指数收益率,华夏基金管理有限公司,中国银行股份有限公司,股票型ETF,主题指数ETF,930851.CSI,594014878.8,28787900,46012534,1.622,1.598328950705,-0.018492264
2025-09-25,516630.SH,华夏中证云计算与大数据主题ETF,20210903,中证云计算与大数据主题指数,中证云计算与大数据主题指数收益率,华夏基金管理有限公司,中国银行股份有限公司,股票型ETF,主题指数ETF,930851.CSI,633751640.4,51260700,85839093,1.68,1.6745595163546,0.244644669
2025-09-26,516630.SH,华夏中证云计算与大数据主题ETF,20210903,中证云计算与大数据主题指数,中证云计算与大数据主题指数收益率,华夏基金管理有限公司,中国银行股份有限公司,股票型ETF,主题指数ETF,930851.CSI,638603472.0,57014100,93571110,1.616,1.6411924418696,0.248138958
2025-09-29,516630.SH,华夏中证云计算与大数据主题ETF,20210903,中证云计算与大数据主题指数,中证云计算与大数据主题指数收益率,华夏基金管理有限公司,中国银行股份有限公司,股票型ETF,主题指数ETF,930851.CSI,656499230.4,41721800,67617391,1.63,1.620672909606,0.098255957
2025-09-30,516630.SH,华夏中证云计算与大数据主题ETF,20210903,中证云计算与大数据主题指数,中证云计算与大数据主题指数收益率,华夏基金管理有限公司,中国银行股份有限公司,股票型ETF,主题指数ETF,930851.CSI,652279656.0,27619200,45203818,1.626,1.6366809321052,0
2025-10-09,516630.SH,华夏中证云计算与大数据主题ETF,20210903,中证云计算与大数据主题指数,中证云计算与大数据主题指数收益率,华夏基金管理有限公司,中国银行股份有限公司,股票型ETF,主题指数ETF,930851.CSI,638516620.0,42670000,70430397,1.649,1.6505834778533,0.243161094
2025-10-10,516630.SH,华夏中证云计算与大数据主题ETF,20210903,中证云计算与大数据主题指数,中证云计算与大数据主题指数收益率,华夏基金管理有限公司,中国银行股份有限公司,股票型ETF,主题指数ETF,930851.CSI,615483966.0,31615300,50246688,1.577,1.5893155529127,0.222434064
2025-10-13,516630.SH,华夏中证云计算与大数据主题ETF,20210903,中证云计算与大数据主题指数,中证云计算与大数据主题指数收益率,华夏基金管理有限公司,中国银行股份有限公司,股票型ETF,主题指数ETF,930851.CSI,609817555.2,22927900,35779925,1.58,1.5605408694211,0.050658561
2025-10-14,516630.SH,华夏中证云计算与大数据主题ETF,20210903,中证云计算与大数据主题指数,中证云计算与大数据主题指数收益率,华夏基金管理有限公司,中国银行股份有限公司,股票型ETF,主题指数ETF,930851.CSI,577926578.0,30829800,47275398,1.498,1.5334318743553,-0.16661113
2025-10-15,516630.SH,华夏中证云计算与大数据主题ETF,20210903,中证云计算与大数据主题指数,中证云计算与大数据主题指数收益率,华夏基金管理有限公司,中国银行股份有限公司,股票型ETF,主题指数ETF,930851.CSI,583361134.0,15130100,22786934,1.525,1.5060663181341,-0.098264003
2025-10-16,516630.SH,华夏中证云计算与大数据主题ETF,20210903,中证云计算与大数据主题指数,中证云计算与大数据主题指数收益率,华夏基金管理有限公司,中国银行股份有限公司,股票型ETF,主题指数ETF,930851.CSI,573851730.0,12889700,19602109,1.516,1.5207575816349,-0.098846787
2025-10-17,516630.SH,华夏中证云计算与大数据主题ETF,20210903,中证云计算与大数据主题指数,中证云计算与大数据主题指数收益率,华夏基金管理有限公司,中国银行股份有限公司,股票型ETF,主题指数ETF,930851.CSI,556418246.8,11122300,16552130,1.475,1.4881930895588,-0.020334847
2025-10-20,516630.SH,华夏中证云计算与大数据主题ETF,20210903,中证云计算与大数据主题指数,中证云计算与大数据主题指数收益率,华夏基金管理有限公司,中国银行股份有限公司,股票型ETF,主题指数ETF,930851.CSI,561002730.4,20988000,31773356,1.502,1.5138820278254,-0.093122256
2025-10-21,516630.SH,华夏中证云计算与大数据主题ETF,20210903,中证云计算与大数据主题指数,中证云计算与大数据主题指数收益率,华夏基金管理有限公司,中国银行股份有限公司,股票型ETF,主题指数ETF,930851.CSI,571459669.2,29834000,45947597,1.562,1.5401085003687,0.083295957
2025-10-22,516630.SH,华夏中证云计算与大数据主题ETF,20210903,中证云计算与大数据主题指数,中证云计算与大数据主题指数收益率,华夏基金管理有限公司,中国银行股份有限公司,股票型ETF,主题指数ETF,930851.CSI,556260812.8,16932800,26314439,1.55,1.5540512496457,0.077479339
2025-10-23,516630.SH,华夏中证云计算与大数据主题ETF,20210903,中证云计算与大数据主题指数,中证云计算与大数据主题指数收益率,华夏基金管理有限公司,中国银行股份有限公司,股票型ETF,主题指数ETF,930851.CSI,554788273.2,13513200,20659154,1.548,1.5288128644585,0.213633715
2025-10-24,516630.SH,华夏中证云计算与大数据主题ETF,20210903,中证云计算与大数据主题指数,中证云计算与大数据主题指数收益率,华夏基金管理有限公司,中国银行股份有限公司,股票型ETF,主题指数ETF,930851.CSI,567239167.2,24232800,38359079,1.603,1.5829404361031,-0.199227992
2025-10-27,516630.SH,华夏中证云计算与大数据主题ETF,20210903,中证云计算与大数据主题指数,中证云计算与大数据主题指数收益率,华夏基金管理有限公司,中国银行股份有限公司,股票型ETF,主题指数ETF,930851.CSI,564656749.2,24312000,39704431,1.639,1.6331207222771,-0.103614311
2025-10-28,516630.SH,华夏中证云计算与大数据主题ETF,20210903,中证云计算与大数据主题指数,中证云计算与大数据主题指数收益率,华夏基金管理有限公司,中国银行股份有限公司,股票型ETF,主题指数ETF,930851.CSI,553242009.2,29594100,48902451,1.648,1.6524392024086,-0.163566972
2025-10-29,516630.SH,华夏中证云计算与大数据主题ETF,20210903,中证云计算与大数据主题指数,中证云计算与大数据主题指数收益率,华夏基金管理有限公司,中国银行股份有限公司,股票型ETF,主题指数ETF,930851.CSI,543569694.0,22736800,37714371,1.659,1.6587369814574,-0.150466446
2025-10-30,516630.SH,华夏中证云计算与大数据主题ETF,20210903,中证云计算与大数据主题指数,中证云计算与大数据主题指数收益率,华夏基金管理有限公司,中国银行股份有限公司,股票型ETF,主题指数ETF,930851.CSI,525887454.4,21936700,36124790,1.633,1.6467741273756,0.036755697
2025-10-31,516630.SH,华夏中证云计算与大数据主题ETF,20210903,中证云计算与大数据主题指数,中证云计算与大数据主题指数收益率,华夏基金管理有限公司,中国银行股份有限公司,股票型ETF,主题指数ETF,930851.CSI,512692198.4,13042500,21026522,1.607,1.6121542649032,0.037350598
2025-11-03,516630.SH,华夏中证云计算与大数据主题ETF,20210903,中证云计算与大数据主题指数,中证云计算与大数据主题指数收益率,华夏基金管理有限公司,中国银行股份有限公司,股票型ETF,主题指数ETF,930851.CSI,511413945.6,13229200,21200142,1.619,1.6025263810359,0.086547972
2025-11-04,516630.SH,华夏中证云计算与大数据主题ETF,20210903,中证云计算与大数据主题指数,中证云计算与大数据主题指数收益率,华夏基金管理有限公司,中国银行股份有限公司,股票型ETF,主题指数ETF,930851.CSI,505754753.2,11148300,17891063,1.602,1.6048243229909,0.143776958
2025-11-05,516630.SH,华夏中证云计算与大数据主题ETF,20210903,中证云计算与大数据主题指数,中证云计算与大数据主题指数收益率,华夏基金管理有限公司,中国银行股份有限公司,股票型ETF,主题指数ETF,930851.CSI,500253638.8,11068600,17434669,1.581,1.5751467213559,-0.082158883
2025-11-06,516630.SH,华夏中证云计算与大数据主题ETF,20210903,中证云计算与大数据主题指数,中证云计算与大数据主题指数收益率,华夏基金管理有限公司,中国银行股份有限公司,股票型ETF,主题指数ETF,930851.CSI,502539944.4,15753500,25197636,1.609,1.5994944615482,-0.055904093
2025-11-07,516630.SH,华夏中证云计算与大数据主题ETF,20210903,中证云计算与大数据主题指数,中证云计算与大数据主题指数收益率,华夏基金管理有限公司,中国银行股份有限公司,股票型ETF,主题指数ETF,930851.CSI,491159746.0,11119300,17602589,1.58,1.5830662901442,0.095026924
2025-11-10,516630.SH,华夏中证云计算与大数据主题ETF,20210903,中证云计算与大数据主题指数,中证云计算与大数据主题指数收益率,华夏基金管理有限公司,中国银行股份有限公司,股票型ETF,主题指数ETF,930851.CSI,482388498.0,18872400,29439785,1.569,1.559938587567,-0.095510984
2025-11-11,516630.SH,华夏中证云计算与大数据主题ETF,20210903,中证云计算与大数据主题指数,中证云计算与大数据主题指数收益率,华夏基金管理有限公司,中国银行股份有限公司,股票型ETF,主题指数ETF,930851.CSI,471023726.0,12677800,19640694,1.534,1.5492194229283,0.032605152
2025-11-12,516630.SH,华夏中证云计算与大数据主题ETF,20210903,中证云计算与大数据主题指数,中证云计算与大数据主题指数收益率,华夏基金管理有限公司,中国银行股份有限公司,股票型ETF,主题指数ETF,930851.CSI,469857613.2,12961300,19678192,1.535,1.5182267210851,0.019547794
2025-11-13,516630.SH,华夏中证云计算与大数据主题ETF,20210903,中证云计算与大数据主题指数,中证云计算与大数据主题指数收益率,华夏基金管理有限公司,中国银行股份有限公司,股票型ETF,主题指数ETF,930851.CSI,472674248.4,12871600,19727250,1.544,1.5326183225085,0.006477103
2025-11-14,516630.SH,华夏中证云计算与大数据主题ETF,20210903,中证云计算与大数据主题指数,中证云计算与大数据主题指数收益率,华夏基金管理有限公司,中国银行股份有限公司,股票型ETF,主题指数ETF,930851.CSI,459050306.4,9576700,14495195,1.502,1.5135897542995,0.173402694
2025-11-17,516630.SH,华夏中证云计算与大数据主题ETF,20210903,中证云计算与大数据主题指数,中证云计算与大数据主题指数收益率,华夏基金管理有限公司,中国银行股份有限公司,股票型ETF,主题指数ETF,930851.CSI,468051292.8,8262400,12573043,1.527,1.5217180238187,-0.117739403
2025-11-18,516630.SH,华夏中证云计算与大数据主题ETF,20210903,中证云计算与大数据主题指数,中证云计算与大数据主题指数收益率,华夏基金管理有限公司,中国银行股份有限公司,股票型ETF,主题指数ETF,930851.CSI,459518027.2,17455300,26867289,1.541,1.5392052270657,-0.012976901
2025-11-19,516630.SH,华夏中证云计算与大数据主题ETF,20210903,中证云计算与大数据主题指数,中证云计算与大数据主题指数收益率,华夏基金管理有限公司,中国银行股份有限公司,股票型ETF,主题指数ETF,930851.CSI,458265772.0,10321100,15894934,1.538,1.5400426311149,0.065061809
2025-11-20,516630.SH,华夏中证云计算与大数据主题ETF,20210903,中证云计算与大数据主题指数,中证云计算与大数据主题指数收益率,华夏基金管理有限公司,中国银行股份有限公司,股票型ETF,主题指数ETF,930851.CSI,457858258.0,13477500,20821552,1.531,1.5449120385828,0.032669062
2025-11-21,516630.SH,华夏中证云计算与大数据主题ETF,20210903,中证云计算与大数据主题指数,中证云计算与大数据主题指数收益率,华夏基金管理有限公司,中国银行股份有限公司,股票型ETF,主题指数ETF,930851.CSI,443572672.4,16726700,24892758,1.471,1.4882049657135,-0.128997216
2025-11-24,516630.SH,华夏中证云计算与大数据主题ETF,20210903,中证云计算与大数据主题指数,中证云计算与大数据主题指数收益率,华夏基金管理有限公司,中国银行股份有限公司,股票型ETF,主题指数ETF,930851.CSI,449776486.0,12866200,19014825,1.493,1.477889742115,-0.033478406
2025-11-25,516630.SH,华夏中证云计算与大数据主题ETF,20210903,中证云计算与大数据主题指数,中证云计算与大数据主题指数收益率,华夏基金管理有限公司,中国银行股份有限公司,股票型ETF,主题指数ETF,930851.CSI,459337551.2,14361600,21948611,1.52,1.5282845226159,-0.013156164
2025-11-26,516630.SH,华夏中证云计算与大数据主题ETF,20210903,中证云计算与大数据主题指数,中证云计算与大数据主题指数收益率,华夏基金管理有限公司,中国银行股份有限公司,股票型ETF,主题指数ETF,930851.CSI,456765532.8,29510300,46020278,1.569,1.5594649325829,0.012748598
2025-11-27,516630.SH,华夏中证云计算与大数据主题ETF,20210903,中证云计算与大数据主题指数,中证云计算与大数据主题指数收益率,华夏基金管理有限公司,中国银行股份有限公司,股票型ETF,主题指数ETF,930851.CSI,448480956.0,18381500,28900421,1.551,1.5722558550717,0
2025-11-28,516630.SH,华夏中证云计算与大数据主题ETF,20210903,中证云计算与大数据主题指数,中证云计算与大数据主题指数收益率,华夏基金管理有限公司,中国银行股份有限公司,股票型ETF,主题指数ETF,930851.CSI,447535083.6,14531500,22497191,1.553,1.5481671541135,-0.006438735
2025-12-01,516630.SH,华夏中证云计算与大数据主题ETF,20210903,中证云计算与大数据主题指数,中证云计算与大数据主题指数收益率,华夏基金管理有限公司,中国银行股份有限公司,股票型ETF,主题指数ETF,930851.CSI,455372926.8,11103400,17447536,1.58,1.5713687699263,-0.018983737
2025-12-02,516630.SH,华夏中证云计算与大数据主题ETF,20210903,中证云计算与大数据主题指数,中证云计算与大数据主题指数收益率,华夏基金管理有限公司,中国银行股份有限公司,股票型ETF,主题指数ETF,930851.CSI,452260842.0,11259100,17672115,1.568,1.5695850467622,-0.095571838
2025-12-03,516630.SH,华夏中证云计算与大数据主题ETF,20210903,中证云计算与大数据主题指数,中证云计算与大数据主题指数收益率,华夏基金管理有限公司,中国银行股份有限公司,股票型ETF,主题指数ETF,930851.CSI,441080858.4,17696900,27561972,1.541,1.5574463324085,-0.025950435
2025-12-04,516630.SH,华夏中证云计算与大数据主题ETF,20210903,中证云计算与大数据主题指数,中证云计算与大数据主题指数收益率,华夏基金管理有限公司,中国银行股份有限公司,股票型ETF,主题指数ETF,930851.CSI,443971034.0,9654800,14885224,1.55,1.5417433815304,-0.096680632
2025-12-05,516630.SH,华夏中证云计算与大数据主题ETF,20210903,中证云计算与大数据主题指数,中证云计算与大数据主题指数收益率,华夏基金管理有限公司,中国银行股份有限公司,股票型ETF,主题指数ETF,930851.CSI,448164369.2,9457100,14682272,1.561,1.5525131382771,0.019222144
2025-12-08,516630.SH,华夏中证云计算与大数据主题ETF,20210903,中证云计算与大数据主题指数,中证云计算与大数据主题指数收益率,华夏基金管理有限公司,中国银行股份有限公司,股票型ETF,主题指数ETF,930851.CSI,456382951.6,21683600,34737011,1.606,1.6019946411113,-0.006226262
2025-12-09,516630.SH,华夏中证云计算与大数据主题ETF,20210903,中证云计算与大数据主题指数,中证云计算与大数据主题指数收益率,华夏基金管理有限公司,中国银行股份有限公司,股票型ETF,主题指数ETF,930851.CSI,450766518.4,27125300,44144116,1.624,1.627414848868,-0.147565175
2025-12-10,516630.SH,华夏中证云计算与大数据主题ETF,20210903,中证云计算与大数据主题指数,中证云计算与大数据主题指数收益率,华夏基金管理有限公司,中国银行股份有限公司,股票型ETF,主题指数ETF,930851.CSI,448806951.6,26140400,41971057,1.63,1.6056011767226,-0.067439151
2025-12-11,516630.SH,华夏中证云计算与大数据主题ETF,20210903,中证云计算与大数据主题指数,中证云计算与大数据主题指数收益率,华夏基金管理有限公司,中国银行股份有限公司,股票型ETF,主题指数ETF,930851.CSI,431993218.8,22034300,35578997,1.589,1.6147096572162,0.107100107
2025-12-12,516630.SH,华夏中证云计算与大数据主题ETF,20210903,中证云计算与大数据主题指数,中证云计算与大数据主题指数收益率,华夏基金管理有限公司,中国银行股份有限公司,股票型ETF,主题指数ETF,930851.CSI,425548864.4,24482600,38955673,1.606,1.5911575159501,0.068540096
2025-12-15,516630.SH,华夏中证云计算与大数据主题ETF,20210903,中证云计算与大数据主题指数,中证云计算与大数据主题指数收益率,华夏基金管理有限公司,中国银行股份有限公司,股票型ETF,主题指数ETF,930851.CSI,422373636.0,19953500,31697196,1.583,1.5885531861578,0.126502214
2025-12-16,516630.SH,华夏中证云计算与大数据主题ETF,20210903,中证云计算与大数据主题指数,中证云计算与大数据主题指数收益率,华夏基金管理有限公司,中国银行股份有限公司,股票型ETF,主题指数ETF,930851.CSI,413130038.4,19829700,30773655,1.545,1.5518971542686,-0.09053285
2025-12-17,516630.SH,华夏中证云计算与大数据主题ETF,20210903,中证云计算与大数据主题指数,中证云计算与大数据主题指数收益率,华夏基金管理有限公司,中国银行股份有限公司,股票型ETF,主题指数ETF,930851.CSI,424083434.4,19152500,29994635,1.587,1.5660950267589,-0.025198438
2025-12-18,516630.SH,华夏中证云计算与大数据主题ETF,20210903,中证云计算与大数据主题指数,中证云计算与大数据主题指数收益率,华夏基金管理有限公司,中国银行股份有限公司,股票型ETF,主题指数ETF,930851.CSI,420602686.0,16382800,25831237,1.57,1.5767290695119,0.09563277
2025-12-19,516630.SH,华夏中证云计算与大数据主题ETF,20210903,中证云计算与大数据主题指数,中证云计算与大数据主题指数收益率,华夏基金管理有限公司,中国银行股份有限公司,股票型ETF,主题指数ETF,930851.CSI,419142468.8,13572100,21455575,1.574,1.5808588943494,-0.050800102
2025-12-22,516630.SH,华夏中证云计算与大数据主题ETF,20210903,中证云计算与大数据主题指数,中证云计算与大数据主题指数收益率,华夏基金管理有限公司,中国银行股份有限公司,股票型ETF,主题指数ETF,930851.CSI,418872856.8,15361300,24509017,1.597,1.5955040914506,-0.050068845
2025-12-23,516630.SH,华夏中证云计算与大数据主题ETF,20210903,中证云计算与大数据主题指数,中证云计算与大数据主题指数收益率,华夏基金管理有限公司,中国银行股份有限公司,股票型ETF,主题指数ETF,930851.CSI,413778118.0,12714000,20254152,1.589,1.5930589900897,-0.094309965
2025-12-24,516630.SH,华夏中证云计算与大数据主题ETF,20210903,中证云计算与大数据主题指数,中证云计算与大数据主题指数收益率,华夏基金管理有限公司,中国银行股份有限公司,股票型ETF,主题指数ETF,930851.CSI,415193827.6,9408900,15004850,1.601,1.5947507147488,-0.068659884
2025-12-25,516630.SH,华夏中证云计算与大数据主题ETF,20210903,中证云计算与大数据主题指数,中证云计算与大数据主题指数收益率,华夏基金管理有限公司,中国银行股份有限公司,股票型ETF,主题指数ETF,930851.CSI,412718547.2,14918800,23954911,1.61,1.6056861811942,-0.074478649
2025-12-26,516630.SH,华夏中证云计算与大数据主题ETF,20210903,中证云计算与大数据主题指数,中证云计算与大数据主题指数收益率,华夏基金管理有限公司,中国银行股份有限公司,股票型ETF,主题指数ETF,930851.CSI,413563862.0,12074500,19488532,1.613,1.6140239347385,-0.092908021
2025-12-29,516630.SH,华夏中证云计算与大数据主题ETF,20210903,中证云计算与大数据主题指数,中证云计算与大数据主题指数收益率,华夏基金管理有限公司,中国银行股份有限公司,股票型ETF,主题指数ETF,930851.CSI,413531329.2,16601200,26918277,1.619,1.6214657374166,-0.104892947
2025-12-30,516630.SH,华夏中证云计算与大数据主题ETF,20210903,中证云计算与大数据主题指数,中证云计算与大数据主题指数收益率,华夏基金管理有限公司,中国银行股份有限公司,股票型ETF,主题指数ETF,930851.CSI,407529139.6,11278800,18370293,1.626,1.6287453452495,-0.190289117
2025-12-31,516630.SH,华夏中证云计算与大数据主题ETF,20210903,中证云计算与大数据主题指数,中证云计算与大数据主题指数收益率,华夏基金管理有限公司,中国银行股份有限公司,股票型ETF,主题指数ETF,930851.CSI,409805559.2,17352700,28411449,1.639,1.6372926979663,0.048834086
2026-01-05,516630.SH,华夏中证云计算与大数据主题ETF,20210903,中证云计算与大数据主题指数,中证云计算与大数据主题指数收益率,华夏基金管理有限公司,中国银行股份有限公司,股票型ETF,主题指数ETF,930851.CSI,416077486.8,23958300,40055290,1.691,1.6718753000004,0.041412767
2026-01-06,516630.SH,华夏中证云计算与大数据主题ETF,20210903,中证云计算与大数据主题指数,中证云计算与大数据主题指数收益率,华夏基金管理有限公司,中国银行股份有限公司,股票型ETF,主题指数ETF,930851.CSI,419006743.2,19905300,33634306,1.703,1.6897161057608,0.046998003
2026-01-07,516630.SH,华夏中证云计算与大数据主题ETF,20210903,中证云计算与大数据主题指数,中证云计算与大数据主题指数收益率,华夏基金管理有限公司,中国银行股份有限公司,股票型ETF,主题指数ETF,930851.CSI,412441207.2,18320100,31082105,1.695,1.6966121909815,-0.070746374
2026-01-08,516630.SH,华夏中证云计算与大数据主题ETF,20210903,中证云计算与大数据主题指数,中证云计算与大数据主题指数收益率,华夏基金管理有限公司,中国银行股份有限公司,股票型ETF,主题指数ETF,930851.CSI,448457083.2,44792400,77194384,1.717,1.7233812878971,-0.011646867
2026-01-09,516630.SH,华夏中证云计算与大数据主题ETF,20210903,中证云计算与大数据主题指数,中证云计算与大数据主题指数收益率,华夏基金管理有限公司,中国银行股份有限公司,股票型ETF,主题指数ETF,930851.CSI,506962719.6,53585000,94199607,1.792,1.7579473173463,0.442800291
2026-01-12,516630.SH,华夏中证云计算与大数据主题ETF,20210903,中证云计算与大数据主题指数,中证云计算与大数据主题指数收益率,华夏基金管理有限公司,中国银行股份有限公司,股票型ETF,主题指数ETF,930851.CSI,611718541.2,50363700,95064263,1.947,1.8875551835945,1.263847714
2026-01-13,516630.SH,华夏中证云计算与大数据主题ETF,20210903,中证云计算与大数据主题指数,中证云计算与大数据主题指数收益率,华夏基金管理有限公司,中国银行股份有限公司,股票型ETF,主题指数ETF,930851.CSI,591192248.4,69805700,134426671,1.893,1.9257262802321,-0.047520988
2026-01-14,516630.SH,华夏中证云计算与大数据主题ETF,20210903,中证云计算与大数据主题指数,中证云计算与大数据主题指数收益率,华夏基金管理有限公司,中国银行股份有限公司,股票型ETF,主题指数ETF,930851.CSI,663206692.8,71241500,140106342,1.995,1.9666394166322,0.818677987
2026-01-15,516630.SH,华夏中证云计算与大数据主题ETF,20210903,中证云计算与大数据主题指数,中证云计算与大数据主题指数收益率,华夏基金管理有限公司,中国银行股份有限公司,股票型ETF,主题指数ETF,930851.CSI,669982311.6,74544900,145213845,1.948,1.9480050949159,0.355468549
2026-01-16,516630.SH,华夏中证云计算与大数据主题ETF,20210903,中证云计算与大数据主题指数,中证云计算与大数据主题指数收益率,华夏基金管理有限公司,中国银行股份有限公司,股票型ETF,主题指数ETF,930851.CSI,664245932.0,40963700,78737525,1.901,1.9221292266079,0.210859251
2026-01-19,516630.SH,华夏中证云计算与大数据主题ETF,20210903,中证云计算与大数据主题指数,中证云计算与大数据主题指数收益率,华夏基金管理有限公司,中国银行股份有限公司,股票型ETF,主题指数ETF,930851.CSI,649988809.6,36948800,69146960,1.863,1.8714264062703,0.075204125
2026-01-20,516630.SH,华夏中证云计算与大数据主题ETF,20210903,中证云计算与大数据主题指数,中证云计算与大数据主题指数收益率,华夏基金管理有限公司,中国银行股份有限公司,股票型ETF,主题指数ETF,930851.CSI,635100741.6,28746900,52561711,1.812,1.8284305786015,0.187990711
2026-01-21,516630.SH,华夏中证云计算与大数据主题ETF,20210903,中证云计算与大数据主题指数,中证云计算与大数据主题指数收益率,华夏基金管理有限公司,中国银行股份有限公司,股票型ETF,主题指数ETF,930851.CSI,635848280.4,29541200,53765149,1.819,1.8200055854197,0.170714246
2026-01-22,516630.SH,华夏中证云计算与大数据主题ETF,20210903,中证云计算与大数据主题指数,中证云计算与大数据主题指数收益率,华夏基金管理有限公司,中国银行股份有限公司,股票型ETF,主题指数ETF,930851.CSI,636039646.0,32065800,58939374,1.852,1.8380758939431,-0.080927974
2026-01-23,516630.SH,华夏中证云计算与大数据主题ETF,20210903,中证云计算与大数据主题指数,中证云计算与大数据主题指数收益率,华夏基金管理有限公司,中国银行股份有限公司,股票型ETF,主题指数ETF,930851.CSI,637744568.4,24193600,44953358,1.865,1.8580681667879,0.059016042
2026-01-26,516630.SH,华夏中证云计算与大数据主题ETF,20210903,中证云计算与大数据主题指数,中证云计算与大数据主题指数收益率,华夏基金管理有限公司,中国银行股份有限公司,股票型ETF,主题指数ETF,930851.CSI,642327073.6,26428600,49269258,1.856,1.8642401791998,0.02155637
2026-01-27,516630.SH,华夏中证云计算与大数据主题ETF,20210903,中证云计算与大数据主题指数,中证云计算与大数据主题指数收益率,华夏基金管理有限公司,中国银行股份有限公司,股票型ETF,主题指数ETF,930851.CSI,637265550.0,12872000,23744741,1.862,1.8446815568676,-0.026845638
2026-01-28,516630.SH,华夏中证云计算与大数据主题ETF,20210903,中证云计算与大数据主题指数,中证云计算与大数据主题指数收益率,华夏基金管理有限公司,中国银行股份有限公司,股票型ETF,主题指数ETF,930851.CSI,633185536.0,28235100,52913897,1.857,1.8740467361546,0.05387931
2026-01-29,516630.SH,华夏中证云计算与大数据主题ETF,20210903,中证云计算与大数据主题指数,中证云计算与大数据主题指数收益率,华夏基金管理有限公司,中国银行股份有限公司,股票型ETF,主题指数ETF,930851.CSI,643405299.6,34695700,65708289,1.864,1.8938453180077,-0.005364519
2026-01-30,516630.SH,华夏中证云计算与大数据主题ETF,20210903,中证云计算与大数据主题指数,中证云计算与大数据主题指数收益率,华夏基金管理有限公司,中国银行股份有限公司,股票型ETF,主题指数ETF,930851.CSI,613206933.6,32336200,59171079,1.839,1.8298711351365,-0.086928176
2026-02-02,516630.SH,华夏中证云计算与大数据主题ETF,20210903,中证云计算与大数据主题指数,中证云计算与大数据主题指数收益率,华夏基金管理有限公司,中国银行股份有限公司,股票型ETF,主题指数ETF,930851.CSI,601349468.4,24434100,44502972,1.788,1.8213468881604,-0.050310247
2026-02-03,516630.SH,华夏中证云计算与大数据主题ETF,20210903,中证云计算与大数据主题指数,中证云计算与大数据主题指数收益率,华夏基金管理有限公司,中国银行股份有限公司,股票型ETF,主题指数ETF,930851.CSI,617148800.4,20815100,37747849,1.836,1.8134839131208,0.00544692
2026-02-04,516630.SH,华夏中证云计算与大数据主题ETF,20210903,中证云计算与大数据主题指数,中证云计算与大数据主题指数收益率,华夏基金管理有限公司,中国银行股份有限公司,股票型ETF,主题指数ETF,930851.CSI,604460200.8,26787400,47447168,1.774,1.7712494680335,0.124167513
2026-02-05,516630.SH,华夏中证云计算与大数据主题ETF,20210903,中证云计算与大数据主题指数,中证云计算与大数据主题指数收益率,华夏基金管理有限公司,中国银行股份有限公司,股票型ETF,主题指数ETF,930851.CSI,594498445.6,18378900,32164276,1.743,1.7500653466747,0.022954206
2026-02-06,516630.SH,华夏中证云计算与大数据主题ETF,20210903,中证云计算与大数据主题指数,中证云计算与大数据主题指数收益率,华夏基金管理有限公司,中国银行股份有限公司,股票型ETF,主题指数ETF,930851.CSI,579835484.4,24310600,42205617,1.726,1.7360993558365,0.063771813
2026-02-09,516630.SH,华夏中证云计算与大数据主题ETF,20210903,中证云计算与大数据主题指数,中证云计算与大数据主题指数收益率,华夏基金管理有限公司,中国银行股份有限公司,股票型ETF,主题指数ETF,930851.CSI,596167719.6,22226000,39385298,1.786,1.7720371636822,0.106496273
2026-02-10,516630.SH,华夏中证云计算与大数据主题ETF,20210903,中证云计算与大数据主题指数,中证云计算与大数据主题指数收益率,华夏基金管理有限公司,中国银行股份有限公司,股票型ETF,主题指数ETF,930851.CSI,596261736.0,20667000,37291879,1.804,1.8044166545701,-0.110741971
2026-02-11,516630.SH,华夏中证云计算与大数据主题ETF,20210903,中证云计算与大数据主题指数,中证云计算与大数据主题指数收益率,华夏基金管理有限公司,中国银行股份有限公司,股票型ETF,主题指数ETF,930851.CSI,592019981.6,10687300,19341540,1.801,1.8097686038569,0.133437118
2026-02-12,516630.SH,华夏中证云计算与大数据主题ETF,20210903,中证云计算与大数据主题指数,中证云计算与大数据主题指数收益率,华夏基金管理有限公司,中国银行股份有限公司,股票型ETF,主题指数ETF,930851.CSI,610137356.4,24025100,43984016,1.84,1.8307526711647,0.168762589
2026-02-13,516630.SH,华夏中证云计算与大数据主题ETF,20210903,中证云计算与大数据主题指数,中证云计算与大数据主题指数收益率,华夏基金管理有限公司,中国银行股份有限公司,股票型ETF,主题指数ETF,930851.CSI,617297835.6,24083800,44263591,1.828,1.8378989611274,0.434042086
2026-02-24,516630.SH,华夏中证云计算与大数据主题ETF,20210903,中证云计算与大数据主题指数,中证云计算与大数据主题指数收益率,华夏基金管理有限公司,中国银行股份有限公司,股票型ETF,主题指数ETF,930851.CSI,625795107.6,26068300,46738966,1.786,1.7929426161276,0.218842938
2026-02-25,516630.SH,华夏中证云计算与大数据主题ETF,20210903,中证云计算与大数据主题指数,中证云计算与大数据主题指数收益率,华夏基金管理有限公司,中国银行股份有限公司,股票型ETF,主题指数ETF,930851.CSI,632212515.6,24963000,44316941,1.772,1.7753050915355,-0.174638049
2026-02-26,516630.SH,华夏中证云计算与大数据主题ETF,20210903,中证云计算与大数据主题指数,中证云计算与大数据主题指数收益率,华夏基金管理有限公司,中国银行股份有限公司,股票型ETF,主题指数ETF,930851.CSI,634538892.0,25953900,46628479,1.806,1.796588528121,-0.055340343
2026-02-27,516630.SH,华夏中证云计算与大数据主题ETF,20210903,中证云计算与大数据主题指数,中证云计算与大数据主题指数收益率,华夏基金管理有限公司,中国银行股份有限公司,股票型ETF,主题指数ETF,930851.CSI,643352907.6,28062400,51240524,1.831,1.8259494554992,-0.060040391
2026-03-02,516630.SH,华夏中证云计算与大数据主题ETF,20210903,中证云计算与大数据主题指数,中证云计算与大数据主题指数收益率,华夏基金管理有限公司,中国银行股份有限公司,股票型ETF,主题指数ETF,930851.CSI,626394068.4,23110100,41451269,1.789,1.7936429959195,0.005590027
2026-03-03,516630.SH,华夏中证云计算与大数据主题ETF,20210903,中证云计算与大数据主题指数,中证云计算与大数据主题指数收益率,华夏基金管理有限公司,中国银行股份有限公司,股票型ETF,主题指数ETF,930851.CSI,603313659.2,29542600,51602830,1.716,1.7467260836893,0.163436843
2026-03-04,516630.SH,华夏中证云计算与大数据主题ETF,20210903,中证云计算与大数据主题指数,中证云计算与大数据主题指数收益率,华夏基金管理有限公司,中国银行股份有限公司,股票型ETF,主题指数ETF,930851.CSI,594615406.0,15234300,25955423,1.69,1.7037489743539,0.088836245
2026-03-05,516630.SH,华夏中证云计算与大数据主题ETF,20210903,中证云计算与大数据主题指数,中证云计算与大数据主题指数收益率,华夏基金管理有限公司,中国银行股份有限公司,股票型ETF,主题指数ETF,930851.CSI,597440831.6,19153900,32844539,1.712,1.7147703078746,0.052597744
2026-03-06,516630.SH,华夏中证云计算与大数据主题ETF,20210903,中证云计算与大数据主题指数,中证云计算与大数据主题指数收益率,华夏基金管理有限公司,中国银行股份有限公司,股票型ETF,主题指数ETF,930851.CSI,609229880.0,22313700,38387827,1.729,1.7203703106163,-0.057803468
2026-03-09,516630.SH,华夏中证云计算与大数据主题ETF,20210903,中证云计算与大数据主题指数,中证云计算与大数据主题指数收益率,华夏基金管理有限公司,中国银行股份有限公司,股票型ETF,主题指数ETF,930851.CSI,620931634.8,29223600,50718867,1.779,1.7355447994087,0.321434613
2026-03-10,516630.SH,华夏中证云计算与大数据主题ETF,20210903,中证云计算与大数据主题指数,中证云计算与大数据主题指数收益率,华夏基金管理有限公司,中国银行股份有限公司,股票型ETF,主题指数ETF,930851.CSI,652895292.4,41914300,75367531,1.797,1.7981340735739,0.228679793
2026-03-11,516630.SH,华夏中证云计算与大数据主题ETF,20210903,中证云计算与大数据主题指数,中证云计算与大数据主题指数收益率,华夏基金管理有限公司,中国银行股份有限公司,股票型ETF,主题指数ETF,930851.CSI,654513588.0,25948500,46345009,1.774,1.7860380754186,0.056401579
2026-03-12,516630.SH,华夏中证云计算与大数据主题ETF,20210903,中证云计算与大数据主题指数,中证云计算与大数据主题指数收益率,华夏基金管理有限公司,中国银行股份有限公司,股票型ETF,主题指数ETF,930851.CSI,663832275.6,30745600,54557408,1.76,1.7744785595337,-0.005681495
2026-03-13,516630.SH,华夏中证云计算与大数据主题ETF,20210903,中证云计算与大数据主题指数,中证云计算与大数据主题指数收益率,华夏基金管理有限公司,中国银行股份有限公司,股票型ETF,主题指数ETF,930851.CSI,651690626.8,26625400,45764043,1.706,1.7188114732549,0.041048496
2026-03-16,516630.SH,华夏中证云计算与大数据主题ETF,20210903,中证云计算与大数据主题指数,中证云计算与大数据主题指数收益率,华夏基金管理有限公司,中国银行股份有限公司,股票型ETF,主题指数ETF,930851.CSI,659245523.2,22713200,38428729,1.706,1.6919117077294,-0.070290534
2026-03-17,516630.SH,华夏中证云计算与大数据主题ETF,20210903,中证云计算与大数据主题指数,中证云计算与大数据主题指数收益率,华夏基金管理有限公司,中国银行股份有限公司,股票型ETF,主题指数ETF,930851.CSI,644653455.6,21128700,35658529,1.666,1.6876821101156,0.054050808
2026-03-18,516630.SH,华夏中证云计算与大数据主题ETF,20210903,中证云计算与大数据主题指数,中证云计算与大数据主题指数收益率,华夏基金管理有限公司,中国银行股份有限公司,股票型ETF,主题指数ETF,930851.CSI,665082184.8,33457600,57090246,1.734,1.7063461216585,-0.103698583
2026-03-19,516630.SH,华夏中证云计算与大数据主题ETF,20210903,中证云计算与大数据主题指数,中证云计算与大数据主题指数收益率,华夏基金管理有限公司,中国银行股份有限公司,股票型ETF,主题指数ETF,930851.CSI,659104951.2,25250900,43565800,1.723,1.7253167213842,0.162771771
2026-03-20,516630.SH,华夏中证云计算与大数据主题ETF,20210903,中证云计算与大数据主题指数,中证云计算与大数据主题指数收益率,华夏基金管理有限公司,中国银行股份有限公司,股票型ETF,主题指数ETF,930851.CSI,645730063.2,25591400,43600055,1.673,1.7036994849832,0.047841167
2026-03-23,516630.SH,华夏中证云计算与大数据主题ETF,20210903,中证云计算与大数据主题指数,中证云计算与大数据主题指数收益率,华夏基金管理有限公司,中国银行股份有限公司,股票型ETF,主题指数ETF,930851.CSI,615500608.8,20379000,33015631,1.591,1.6200810147701,0.075481193
2026-03-24,516630.SH,华夏中证云计算与大数据主题ETF,20210903,中证云计算与大数据主题指数,中证云计算与大数据主题指数收益率,华夏基金管理有限公司,中国银行股份有限公司,股票型ETF,主题指数ETF,930851.CSI,623178552.8,23557700,37501586,1.613,1.5919035389703,-0.049572438
2026-03-25,516630.SH,华夏中证云计算与大数据主题ETF,20210903,中证云计算与大数据主题指数,中证云计算与大数据主题指数收益率,华夏基金管理有限公司,中国银行股份有限公司,股票型ETF,主题指数ETF,930851.CSI,630336663.6,27123400,45002290,1.658,1.6591684670801,-0.006030999
2026-03-26,516630.SH,华夏中证云计算与大数据主题ETF,20210903,中证云计算与大数据主题指数,中证云计算与大数据主题指数收益率,华夏基金管理有限公司,中国银行股份有限公司,股票型ETF,主题指数ETF,930851.CSI,614004200.4,17757200,28959665,1.613,1.6308688869867,0.130361909
2026-03-27,516630.SH,华夏中证云计算与大数据主题ETF,20210903,中证云计算与大数据主题指数,中证云计算与大数据主题指数收益率,华夏基金管理有限公司,中国银行股份有限公司,股票型ETF,主题指数ETF,930851.CSI,619105809.6,20097400,32272851,1.613,1.6058221959059,0.086870191
2026-03-30,516630.SH,华夏中证云计算与大数据主题ETF,20210903,中证云计算与大数据主题指数,中证云计算与大数据主题指数收益率,华夏基金管理有限公司,中国银行股份有限公司,股票型ETF,主题指数ETF,930851.CSI,618567991.2,18632900,29725738,1.612,1.5953360990506,0.111787356
2026-03-31,516630.SH,华夏中证云计算与大数据主题ETF,20210903,中证云计算与大数据主题指数,中证云计算与大数据主题指数收益率,华夏基金管理有限公司,中国银行股份有限公司,股票型ETF,主题指数ETF,930851.CSI,611165540.8,15637100,25066276,1.587,1.6030003005672,0.012603983
2026-04-01,516630.SH,华夏中证云计算与大数据主题ETF,20210903,中证云计算与大数据主题指数,中证云计算与大数据主题指数收益率,华夏基金管理有限公司,中国银行股份有限公司,股票型ETF,主题指数ETF,930851.CSI,623931230.4,20659100,33520145,1.627,1.6225365577397,-0.085973962
2026-04-02,516630.SH,华夏中证云计算与大数据主题ETF,20210903,中证云计算与大数据主题指数,中证云计算与大数据主题指数收益率,华夏基金管理有限公司,中国银行股份有限公司,股票型ETF,主题指数ETF,930851.CSI,605724301.6,20098800,31767370,1.569,1.580560530977,0.025500446
2026-04-03,516630.SH,华夏中证云计算与大数据主题ETF,20210903,中证云计算与大数据主题指数,中证云计算与大数据主题指数收益率,华夏基金管理有限公司,中国银行股份有限公司,股票型ETF,主题指数ETF,930851.CSI,609112534.8,15851700,25007556,1.573,1.5775945797612,-0.019068201
2026-04-07,516630.SH,华夏中证云计算与大数据主题ETF,20210903,中证云计算与大数据主题指数,中证云计算与大数据主题指数收益率,华夏基金管理有限公司,中国银行股份有限公司,股票型ETF,主题指数ETF,930851.CSI,608028498.0,16180400,25442697,1.569,1.5724393092878,-0.095510984
2026-04-08,516630.SH,华夏中证云计算与大数据主题ETF,20210903,中证云计算与大数据主题指数,中证云计算与大数据主题指数收益率,华夏基金管理有限公司,中国银行股份有限公司,股票型ETF,主题指数ETF,930851.CSI,642615702.4,32240000,53405204,1.694,1.6564889578164,0.212967345
2026-04-09,516630.SH,华夏中证云计算与大数据主题ETF,20210903,中证云计算与大数据主题指数,中证云计算与大数据主题指数收益率,华夏基金管理有限公司,中国银行股份有限公司,股票型ETF,主题指数ETF,930851.CSI,637283345.6,23466500,39109321,1.669,1.6666022201862,0.083952986
2026-04-10,516630.SH,华夏中证云计算与大数据主题ETF,20210903,中证云计算与大数据主题指数,中证云计算与大数据主题指数收益率,华夏基金管理有限公司,中国银行股份有限公司,股票型ETF,主题指数ETF,930851.CSI,648913001.6,25307700,42943509,1.694,1.6968554629619,0.023618328
2026-04-13,516630.SH,华夏中证云计算与大数据主题ETF,20210903,中证云计算与大数据主题指数,中证云计算与大数据主题指数收益率,华夏基金管理有限公司,中国银行股份有限公司,股票型ETF,主题指数ETF,930851.CSI,652913526.0,19575700,33316892,1.71,1.7019515010957,0.087796313
2026-04-14,516630.SH,华夏中证云计算与大数据主题ETF,20210903,中证云计算与大数据主题指数,中证云计算与大数据主题指数收益率,华夏基金管理有限公司,中国银行股份有限公司,股票型ETF,主题指数ETF,930851.CSI,666921333.6,22532200,39153815,1.743,1.7376827384809,0.137883488
2026-04-15,516630.SH,华夏中证云计算与大数据主题ETF,20210903,中证云计算与大数据主题指数,中证云计算与大数据主题指数收益率,华夏基金管理有限公司,中国银行股份有限公司,股票型ETF,主题指数ETF,930851.CSI,670951273.2,25486200,44232342,1.721,1.7355408809473,0.07559458
2026-04-16,516630.SH,华夏中证云计算与大数据主题ETF,20210903,中证云计算与大数据主题指数,中证云计算与大数据主题指数收益率,华夏基金管理有限公司,中国银行股份有限公司,股票型ETF,主题指数ETF,930851.CSI,697774366.8,32740700,57608711,1.772,1.7595442675325,0.096028922
2026-04-17,516630.SH,华夏中证云计算与大数据主题ETF,20210903,中证云计算与大数据主题指数,中证云计算与大数据主题指数收益率,华夏基金管理有限公司,中国银行股份有限公司,股票型ETF,主题指数ETF,930851.CSI,703772836.0,33112200,58882613,1.782,1.7782754694644,0.056148231
2026-04-20,516630.SH,华夏中证云计算与大数据主题ETF,20210903,中证云计算与大数据主题指数,中证云计算与大数据主题指数收益率,华夏基金管理有限公司,中国银行股份有限公司,股票型ETF,主题指数ETF,930851.CSI,712288488.0,34511500,62197743,1.799,1.802232386306,0.055617353
2026-04-21,516630.SH,华夏中证云计算与大数据主题ETF,20210903,中证云计算与大数据主题指数,中证云计算与大数据主题指数收益率,华夏基金管理有限公司,中国银行股份有限公司,股票型ETF,主题指数ETF,930851.CSI,704989327.2,26958400,47394352,1.768,1.7580550774527,0.101913713
2026-04-22,516630.SH,华夏中证云计算与大数据主题ETF,20210903,中证云计算与大数据主题指数,中证云计算与大数据主题指数收益率,华夏基金管理有限公司,中国银行股份有限公司,股票型ETF,主题指数ETF,930851.CSI,761211182.4,58067600,104640706,1.823,1.802049783356,0.142825753
2026-04-23,516630.SH,华夏中证云计算与大数据主题ETF,20210903,中证云计算与大数据主题指数,中证云计算与大数据主题指数收益率,华夏基金管理有限公司,中国银行股份有限公司,股票型ETF,主题指数ETF,930851.CSI,739741934.4,43444900,78917557,1.812,1.8164976096159,-0.022070183
2026-04-24,516630.SH,华夏中证云计算与大数据主题ETF,20210903,中证云计算与大数据主题指数,中证云计算与大数据主题指数收益率,华夏基金管理有限公司,中国银行股份有限公司,股票型ETF,主题指数ETF,930851.CSI,692030167.6,50158700,88869418,1.79,1.7717647785927,-0.117180961
2026-04-27,516630.SH,华夏中证云计算与大数据主题ETF,20210903,中证云计算与大数据主题指数,中证云计算与大数据主题指数收益率,华夏基金管理有限公司,中国银行股份有限公司,股票型ETF,主题指数ETF,930851.CSI,690413077.2,27060900,48088955,1.782,1.7770641405127,0.185528757
2026-04-28,516630.SH,华夏中证云计算与大数据主题ETF,20210903,中证云计算与大数据主题指数,中证云计算与大数据主题指数收益率,华夏基金管理有限公司,中国银行股份有限公司,股票型ETF,主题指数ETF,930851.CSI,684449707.6,29623400,51685723,1.732,1.7447599870373,-0.005773339
2026-04-29,516630.SH,华夏中证云计算与大数据主题ETF,20210903,中证云计算与大数据主题指数,中证云计算与大数据主题指数收益率,华夏基金管理有限公司,中国银行股份有限公司,股票型ETF,主题指数ETF,930851.CSI,691523000.0,23990100,41862611,1.75,1.7449952688817,0
2026-04-30,516630.SH,华夏中证云计算与大数据主题ETF,20210903,中证云计算与大数据主题指数,中证云计算与大数据主题指数收益率,华夏基金管理有限公司,中国银行股份有限公司,股票型ETF,主题指数ETF,930851.CSI,696651339.6,28427700,49673835,1.756,1.7473743918783,0.108317656
2026-05-06,516630.SH,华夏中证云计算与大数据主题ETF,20210903,中证云计算与大数据主题指数,中证云计算与大数据主题指数收益率,华夏基金管理有限公司,中国银行股份有限公司,股票型ETF,主题指数ETF,930851.CSI,736203171.6,51278700,93753741,1.829,1.8283174300441,0.158808389
2026-05-07,516630.SH,华夏中证云计算与大数据主题ETF,20210903,中证云计算与大数据主题指数,中证云计算与大数据主题指数收益率,华夏基金管理有限公司,中国银行股份有限公司,股票型ETF,主题指数ETF,930851.CSI,755514344.0,32117600,59093952,1.876,1.8399242782773,0.106723586
2026-05-08,516630.SH,华夏中证云计算与大数据主题ETF,20210903,中证云计算与大数据主题指数,中证云计算与大数据主题指数收益率,华夏基金管理有限公司,中国银行股份有限公司,股票型ETF,主题指数ETF,930851.CSI,754574436.0,33704600,63383086,1.882,1.8805470469906,0.053163211
2026-05-11,516630.SH,华夏中证云计算与大数据主题ETF,20210903,中证云计算与大数据主题指数,中证云计算与大数据主题指数收益率,华夏基金管理有限公司,中国银行股份有限公司,股票型ETF,主题指数ETF,930851.CSI,760150504.4,37476900,70694318,1.897,1.8863438011148,0.11082379
2026-05-12,516630.SH,华夏中证云计算与大数据主题ETF,20210903,中证云计算与大数据主题指数,中证云计算与大数据主题指数收益率,华夏基金管理有限公司,中国银行股份有限公司,股票型ETF,主题指数ETF,930851.CSI,751428486.0,34859700,65468135,1.867,1.8780464261023,-0.080278298
2026-05-13,516630.SH,华夏中证云计算与大数据主题ETF,20210903,中证云计算与大数据主题指数,中证云计算与大数据主题指数收益率,华夏基金管理有限公司,中国银行股份有限公司,股票型ETF,主题指数ETF,930851.CSI,793610844.4,51647300,98103427,1.939,1.8994880080856,0.211897256
2026-05-14,516630.SH,华夏中证云计算与大数据主题ETF,20210903,中证云计算与大数据主题指数,中证云计算与大数据主题指数收益率,华夏基金管理有限公司,中国银行股份有限公司,股票型ETF,主题指数ETF,930851.CSI,787743096.0,72806100,138346815,1.862,1.9002091170932,-0.214362272
2026-05-15,516630.SH,华夏中证云计算与大数据主题ETF,20210903,中证云计算与大数据主题指数,中证云计算与大数据主题指数收益率,华夏基金管理有限公司,中国银行股份有限公司,股票型ETF,主题指数ETF,930851.CSI,775355882.4,48749700,91333977,1.847,1.8735290063323,0.08670207
2026-05-18,516630.SH,华夏中证云计算与大数据主题ETF,20210903,中证云计算与大数据主题指数,中证云计算与大数据主题指数收益率,华夏基金管理有限公司,中国银行股份有限公司,股票型ETF,主题指数ETF,930851.CSI,776473876.4,34200700,63610499,1.861,1.8599180426132,0.220798104
2026-05-19,516630.SH,华夏中证云计算与大数据主题ETF,20210903,中证云计算与大数据主题指数,中证云计算与大数据主题指数收益率,华夏基金管理有限公司,中国银行股份有限公司,股票型ETF,主题指数ETF,930851.CSI,798315421.2,37789705,70137070,1.879,1.8559835277889,0.069233637
2026-05-20,516630.SH,华夏中证云计算与大数据主题ETF,20210903,中证云计算与大数据主题指数,中证云计算与大数据主题指数收益率,华夏基金管理有限公司,中国银行股份有限公司,股票型ETF,主题指数ETF,930851.CSI,797068526.4,40692005,75482949,1.847,1.8549822993485,0.140967252
2026-05-21,516630.SH,华夏中证云计算与大数据主题ETF,20210903,中证云计算与大数据主题指数,中证云计算与大数据主题指数收益率,华夏基金管理有限公司,中国银行股份有限公司,股票型ETF,主题指数ETF,930851.CSI,783563591.2,52304200,95559773,1.764,1.8269999923524,0.215884559
2026-05-22,516630.SH,华夏中证云计算与大数据主题ETF,20210903,中证云计算与大数据主题指数,中证云计算与大数据主题指数收益率,华夏基金管理有限公司,中国银行股份有限公司,股票型ETF,主题指数ETF,930851.CSI,844170205.2,73788900,130767609,1.791,1.7721853693442,-0.039069041
2026-05-25,516630.SH,华夏中证云计算与大数据主题ETF,20210903,中证云计算与大数据主题指数,中证云计算与大数据主题指数收益率,华夏基金管理有限公司,中国银行股份有限公司,股票型ETF,主题指数ETF,930851.CSI,848816668.8,44142000,79642714,1.824,1.8042389107879,-0.043840421
2026-05-26,516630.SH,华夏中证云计算与大数据主题ETF,20210903,中证云计算与大数据主题指数,中证云计算与大数据主题指数收益率,华夏基金管理有限公司,中国银行股份有限公司,股票型ETF,主题指数ETF,930851.CSI,842228851.2,40763000,73021028,1.795,1.7913555920811,-0.01114082
2026-05-27,516630.SH,华夏中证云计算与大数据主题ETF,20210903,中证云计算与大数据主题指数,中证云计算与大数据主题指数收益率,华夏基金管理有限公司,中国银行股份有限公司,股票型ETF,主题指数ETF,930851.CSI,963983343.2,138147000,244800322,1.749,1.7720277820003,-0.182627554
2026-05-28,516630.SH,华夏中证云计算与大数据主题ETF,20210903,中证云计算与大数据主题指数,中证云计算与大数据主题指数收益率,华夏基金管理有限公司,中国银行股份有限公司,股票型ETF,主题指数ETF,930851.CSI,970792290.0,51539000,89938612,1.777,1.7450593143057,-0.028129395
2026-05-29,516630.SH,华夏中证云计算与大数据主题ETF,20210903,中证云计算与大数据主题指数,中证云计算与大数据主题指数收益率,华夏基金管理有限公司,中国银行股份有限公司,股票型ETF,主题指数ETF,930851.CSI,938790830.4,43262400,76100160,1.728,1.7590369466326,-0.023142791
2026-06-01,516630.SH,华夏中证云计算与大数据主题ETF,20210903,中证云计算与大数据主题指数,中证云计算与大数据主题指数收益率,华夏基金管理有限公司,中国银行股份有限公司,股票型ETF,主题指数ETF,930851.CSI,944516781.6,40438600,71121743,1.75,1.7587587849233,0.080064051
2026-06-02,516630.SH,华夏中证云计算与大数据主题ETF,20210903,中证云计算与大数据主题指数,中证云计算与大数据主题指数收益率,华夏基金管理有限公司,中国银行股份有限公司,股票型ETF,主题指数ETF,930851.CSI,944175730.8,37467100,65525807,1.764,1.7488892121354,-0.017003911
2026-06-03,516630.SH,华夏中证云计算与大数据主题ETF,20210903,中证云计算与大数据主题指数,中证云计算与大数据主题指数收益率,华夏基金管理有限公司,中国银行股份有限公司,股票型ETF,主题指数ETF,930851.CSI,934330749.2,36865700,65639894,1.765,1.7805139736937,-0.039644334
2026-06-04,516630.SH,华夏中证云计算与大数据主题ETF,20210903,中证云计算与大数据主题指数,中证云计算与大数据主题指数收益率,华夏基金管理有限公司,中国银行股份有限公司,股票型ETF,主题指数ETF,930851.CSI,909675223.2,28999100,50234824,1.733,1.7322890710401,0.046184043
2026-06-05,516630.SH,华夏中证云计算与大数据主题ETF,20210903,中证云计算与大数据主题指数,中证云计算与大数据主题指数收益率,华夏基金管理有限公司,中国银行股份有限公司,股票型ETF,主题指数ETF,930851.CSI,898084264.0,31915600,54637083,1.696,1.7119240434145,0.118063754
2026-06-08,516630.SH,华夏中证云计算与大数据主题ETF,20210903,中证云计算与大数据主题指数,中证云计算与大数据主题指数收益率,华夏基金管理有限公司,中国银行股份有限公司,股票型ETF,主题指数ETF,930851.CSI,860672234.0,31337900,51557529,1.626,1.6452132721082,-0.030740855
2026-06-09,516630.SH,华夏中证云计算与大数据主题ETF,20210903,中证云计算与大数据主题指数,中证云计算与大数据主题指数收益率,华夏基金管理有限公司,中国银行股份有限公司,股票型ETF,主题指数ETF,930851.CSI,889285891.6,41148500,68101523,1.672,1.6550183603291,0.053856741
2026-06-10,516630.SH,华夏中证云计算与大数据主题ETF,20210903,中证云计算与大数据主题指数,中证云计算与大数据主题指数收益率,华夏基金管理有限公司,中国银行股份有限公司,股票型ETF,主题指数ETF,930851.CSI,869456223.6,33699200,55802404,1.641,1.6558969945874,-0.127807194
2026-06-11,516630.SH,华夏中证云计算与大数据主题ETF,20210903,中证云计算与大数据主题指数,中证云计算与大数据主题指数收益率,华夏基金管理有限公司,中国银行股份有限公司,股票型ETF,主题指数ETF,930851.CSI,837866678.4,34571800,55234889,1.587,1.5976862356024,0.037821483
2026-06-12,516630.SH,华夏中证云计算与大数据主题ETF,20210903,中证云计算与大数据主题指数,中证云计算与大数据主题指数收益率,华夏基金管理有限公司,中国银行股份有限公司,股票型ETF,主题指数ETF,930851.CSI,835956652.8,31183500,49897520,1.589,1.6001257075056,0.012588117
2026-06-15,516630.SH,华夏中证云计算与大数据主题ETF,20210903,中证云计算与大数据主题指数,中证云计算与大数据主题指数收益率,华夏基金管理有限公司,中国银行股份有限公司,股票型ETF,主题指数ETF,930851.CSI,868211998.4,26120200,42764663,1.658,1.6372257103698,0.096595025
2026-06-16,516630.SH,华夏中证云计算与大数据主题ETF,20210903,中证云计算与大数据主题指数,中证云计算与大数据主题指数收益率,华夏基金管理有限公司,中国银行股份有限公司,股票型ETF,主题指数ETF,930851.CSI,869553304.8,30078800,49635585,1.655,1.6501850140298,-0.048315014
2026-06-17,516630.SH,华夏中证云计算与大数据主题ETF,20210903,中证云计算与大数据主题指数,中证云计算与大数据主题指数收益率,华夏基金管理有限公司,中国银行股份有限公司,股票型ETF,主题指数ETF,930851.CSI,877535676.0,27783300,46020646,1.672,1.6564139609046,0.059844405
2026-06-18,516630.SH,华夏中证云计算与大数据主题ETF,20210903,中证云计算与大数据主题指数,中证云计算与大数据主题指数收益率,华夏基金管理有限公司,中国银行股份有限公司,股票型ETF,主题指数ETF,930851.CSI,898226822.4,34369500,58608012,1.717,1.7052331864007,0.385874649
2026-06-22,516630.SH,华夏中证云计算与大数据主题ETF,20210903,中证云计算与大数据主题指数,中证云计算与大数据主题指数收益率,华夏基金管理有限公司,中国银行股份有限公司,股票型ETF,主题指数ETF,930851.CSI,929729747.6,44861600,76944382,1.751,1.7151501952672,0.223227062
2026-06-23,516630.SH,华夏中证云计算与大数据主题ETF,20210903,中证云计算与大数据主题指数,中证云计算与大数据主题指数收益率,华夏基金管理有限公司,中国银行股份有限公司,股票型ETF,主题指数ETF,930851.CSI,926572735.2,46765200,80021706,1.686,1.7111378974109,0.106875668
2026-06-24,516630.SH,华夏中证云计算与大数据主题ETF,20210903,中证云计算与大数据主题指数,中证云计算与大数据主题指数收益率,华夏基金管理有限公司,中国银行股份有限公司,股票型ETF,主题指数ETF,930851.CSI,938728899.2,39056900,65760641,1.703,1.6837137868085,-0.011742602
2026-06-25,516630.SH,华夏中证云计算与大数据主题ETF,20210903,中证云计算与大数据主题指数,中证云计算与大数据主题指数收益率,华夏基金管理有限公司,中国银行股份有限公司,股票型ETF,主题指数ETF,930851.CSI,932248059.2,33599500,57104762,1.713,1.699571779342,-0.01167406
2026-06-26,516630.SH,华夏中证云计算与大数据主题ETF,20210903,中证云计算与大数据主题指数,中证云计算与大数据主题指数收益率,华夏基金管理有限公司,中国银行股份有限公司,股票型ETF,主题指数ETF,930851.CSI,875752754.8,38409100,63163891,1.617,1.6445032817744,-0.080331212
2026-06-29,516630.SH,华夏中证云计算与大数据主题ETF,20210903,中证云计算与大数据主题指数,中证云计算与大数据主题指数收益率,华夏基金管理有限公司,中国银行股份有限公司,股票型ETF,主题指数ETF,930851.CSI,870998454.0,35504600,57732688,1.62,1.6260622003909,-0.092506938
2026-06-30,516630.SH,华夏中证云计算与大数据主题ETF,20210903,中证云计算与大数据主题指数,中证云计算与大数据主题指数收益率,华夏基金管理有限公司,中国银行股份有限公司,股票型ETF,主题指数ETF,930851.CSI,890097618.4,43762100,73312234,1.702,1.6752448808444,0.035265076
2026-07-01,516630.SH,华夏中证云计算与大数据主题ETF,20210903,中证云计算与大数据主题指数,中证云计算与大数据主题指数收益率,华夏基金管理有限公司,中国银行股份有限公司,股票型ETF,主题指数ETF,930851.CSI,894512158.4,35093300,60393327,1.716,1.7209361046126,-0.023304591
2026-07-02,516630.SH,华夏中证云计算与大数据主题ETF,20210903,中证云计算与大数据主题指数,中证云计算与大数据主题指数收益率,华夏基金管理有限公司,中国银行股份有限公司,股票型ETF,主题指数ETF,930851.CSI,862730741.6,25999600,43876676,1.661,1.6875904244681,0.14470035
2026-07-03,516630.SH,华夏中证云计算与大数据主题ETF,20210903,中证云计算与大数据主题指数,中证云计算与大数据主题指数收益率,华夏基金管理有限公司,中国银行股份有限公司,股票型ETF,主题指数ETF,930851.CSI,867497279.2,38500800,64337459,1.66,1.6710681076757,0.108551441
2026-07-06,516630.SH,华夏中证云计算与大数据主题ETF,20210903,中证云计算与大数据主题指数,中证云计算与大数据主题指数收益率,华夏基金管理有限公司,中国银行股份有限公司,股票型ETF,主题指数ETF,930851.CSI,905448412.8,59999900,99160606,1.65,1.6526795211325,0.072780204
2026-07-07,516630.SH,华夏中证云计算与大数据主题ETF,20210903,中证云计算与大数据主题指数,中证云计算与大数据主题指数收益率,华夏基金管理有限公司,中国银行股份有限公司,股票型ETF,主题指数ETF,930851.CSI,939031864.8,53068100,86245677,1.613,1.6251887103552,-0.173288773
2026-07-08,516630.SH,华夏中证云计算与大数据主题ETF,20210903,中证云计算与大数据主题指数,中证云计算与大数据主题指数收益率,华夏基金管理有限公司,中国银行股份有限公司,股票型ETF,主题指数ETF,930851.CSI,988041458.4,49916300,84117673,1.704,1.6851744420159,0.744945016
2026-07-09,516630.SH,华夏中证云计算与大数据主题ETF,20210903,中证云计算与大数据主题指数,中证云计算与大数据主题指数收益率,华夏基金管理有限公司,中国银行股份有限公司,股票型ETF,主题指数ETF,930851.CSI,1020509936.0,62006900,106602033,1.762,1.7191962991215,0.341685649
2026-07-10,516630.SH,华夏中证云计算与大数据主题ETF,20210903,中证云计算与大数据主题指数,中证云计算与大数据主题指数收益率,华夏基金管理有限公司,中国银行股份有限公司,股票型ETF,主题指数ETF,930851.CSI,1044212162.4,71457600,128794385,1.776,1.8023888991514,0.033795201
2026-07-13,516630.SH,华夏中证云计算与大数据主题ETF,20210903,中证云计算与大数据主题指数,中证云计算与大数据主题指数收益率,华夏基金管理有限公司,中国银行股份有限公司,股票型ETF,主题指数ETF,930851.CSI,1034271539.6,52009400,91423620,1.734,1.7578287771057,0.28338442
2026-07-14,516630.SH,华夏中证云计算与大数据主题ETF,20210903,中证云计算与大数据主题指数,中证云计算与大数据主题指数收益率,华夏基金管理有限公司,中国银行股份有限公司,股票型ETF,主题指数ETF,930851.CSI,986396078.8,66948000,112069069,1.695,1.673971873693,-0.135509338
2026-07-15,516630.SH,华夏中证云计算与大数据主题ETF,20210903,中证云计算与大数据主题指数,中证云计算与大数据主题指数收益率,华夏基金管理有限公司,中国银行股份有限公司,股票型ETF,主题指数ETF,930851.CSI,945883685.6,60208600,101599482,1.683,1.6874579711204,0.023772733
2026-07-16,516630.SH,华夏中证云计算与大数据主题ETF,20210903,中证云计算与大数据主题指数,中证云计算与大数据主题指数收益率,华夏基金管理有限公司,中国银行股份有限公司,股票型ETF,主题指数ETF,930851.CSI,946050888.0,44942700,76433532,1.699,1.7006884766603,0.058892815
2026-07-17,516630.SH,华夏中证云计算与大数据主题ETF,20210903,中证云计算与大数据主题指数,中证云计算与大数据主题指数收益率,华夏基金管理有限公司,中国银行股份有限公司,股票型ETF,主题指数ETF,930851.CSI,866143852.8,56489100,92306846,1.582,1.634064731072,-0.427995972
2026-07-20,516630.SH,华夏中证云计算与大数据主题ETF,20210903,中证云计算与大数据主题指数,中证云计算与大数据主题指数收益率,华夏基金管理有限公司,中国银行股份有限公司,股票型ETF,主题指数ETF,930851.CSI,904502111.6,44869900,73549884,1.642,1.63918092084,0.054841265
2026-07-21,516630.SH,华夏中证云计算与大数据主题ETF,20210903,中证云计算与大数据主题指数,中证云计算与大数据主题指数收益率,华夏基金管理有限公司,中国银行股份有限公司,股票型ETF,主题指数ETF,930851.CSI,977183936.4,69304500,115270347,1.721,1.6632447676558,0.238802493
2026-07-22,516630.SH,华夏中证云计算与大数据主题ETF,20210903,中证云计算与大数据主题指数,中证云计算与大数据主题指数收益率,华夏基金管理有限公司,中国银行股份有限公司,股票型ETF,主题指数ETF,930851.CSI,988235575.2,97562300,169538140,1.721,1.7377423451477,-0.185593319
2026-07-23,516630.SH,华夏中证云计算与大数据主题ETF,20210903,中证云计算与大数据主题指数,中证云计算与大数据主题指数收益率,华夏基金管理有限公司,中国银行股份有限公司,股票型ETF,主题指数ETF,930851.CSI,957058782.0,60950600,103780952,1.681,1.7027059946908,-0.207776788
2026-07-24,516630.SH,华夏中证云计算与大数据主题ETF,20210903,中证云计算与大数据主题指数,中证云计算与大数据主题指数收益率,华夏基金管理有限公司,中国银行股份有限公司,股票型ETF,主题指数ETF,930851.CSI,940630628.0,44438000,73051580,1.611,1.6438989153427,-0.12399256
2026-07-27,516630.SH,华夏中证云计算与大数据主题ETF,20210903,中证云计算与大数据主题指数,中证云计算与大数据主题指数收益率,华夏基金管理有限公司,中国银行股份有限公司,股票型ETF,主题指数ETF,930851.CSI,944463561.6,46476900,75672442,1.654,1.6281731785037,0.024189647
2026-07-28,516630.SH,华夏中证云计算与大数据主题ETF,20210903,中证云计算与大数据主题指数,中证云计算与大数据主题指数收益率,华夏基金管理有限公司,中国银行股份有限公司,股票型ETF,主题指数ETF,930851.CSI,905379912.0,39768300,64198745,1.605,1.6143195711157,0.187265918
2026-07-29,516630.SH,华夏中证云计算与大数据主题ETF,20210903,中证云计算与大数据主题指数,中证云计算与大数据主题指数收益率,华夏基金管理有限公司,中国银行股份有限公司,股票型ETF,主题指数ETF,930851.CSI,901372357.2,36405036,57042082,1.583,1.5668733853195,-0.04420029
2026-07-30,516630.SH,华夏中证云计算与大数据主题ETF,20210903,中证云计算与大数据主题指数,中证云计算与大数据主题指数收益率,华夏基金管理有限公司,中国银行股份有限公司,股票型ETF,主题指数ETF,930851.CSI,861580322.0,36228050,56047683,1.521,1.5470797627805,-0.22958347
2026-07-31,516630.SH,华夏中证云计算与大数据主题ETF,20210903,中证云计算与大数据主题指数,中证云计算与大数据主题指数收益率,华夏基金管理有限公司,中国银行股份有限公司,股票型ETF,主题指数ETF,930851.CSI,889237931.2,115836500,188041063,1.628,1.6233317046009,0.172286488
2026-08-03,516630.SH,华夏中证云计算与大数据主题ETF,20210903,中证云计算与大数据主题指数,中证云计算与大数据主题指数收益率,华夏基金管理有限公司,中国银行股份有限公司,股票型ETF,主题指数ETF,930851.CSI,852853344.0,72999500,119608501,1.626,1.6384838389304,0.123152709
2026-08-04,516630.SH,华夏中证云计算与大数据主题ETF,20210903,中证云计算与大数据主题指数,中证云计算与大数据主题指数收益率,华夏基金管理有限公司,中国银行股份有限公司,股票型ETF,主题指数ETF,930851.CSI,906569563.2,55259900,92736272,1.698,1.6781838548387,0.04713646
2026-08-05,516630.SH,华夏中证云计算与大数据主题ETF,20210903,中证云计算与大数据主题指数,中证云计算与大数据主题指数收益率,华夏基金管理有限公司,中国银行股份有限公司,股票型ETF,主题指数ETF,930851.CSI,955539157.2,77733200,134930292,1.736,1.73581290877,0.132664244
2026-08-06,516630.SH,华夏中证云计算与大数据主题ETF,20210903,中证云计算与大数据主题指数,中证云计算与大数据主题指数收益率,华夏基金管理有限公司,中国银行股份有限公司,股票型ETF,主题指数ETF,930851.CSI,947822973.2,53314500,92003743,1.721,1.7256795618453,0.07559458
2026-08-07,516630.SH,华夏中证云计算与大数据主题ETF,20210903,中证云计算与大数据主题指数,中证云计算与大数据主题指数收益率,华夏基金管理有限公司,中国银行股份有限公司,股票型ETF,主题指数ETF,930851.CSI,924329046.4,50800800,86669725,1.712,1.7060700815735,-0.139990667
2026-08-10,516630.SH,华夏中证云计算与大数据主题ETF,20210903,中证云计算与大数据主题指数,中证云计算与大数据主题指数收益率,华夏基金管理有限公司,中国银行股份有限公司,股票型ETF,主题指数ETF,930851.CSI,907926570.4,27157900,45755561,1.691,1.6847974622486,-0.141726704
2026-08-11,516630.SH,华夏中证云计算与大数据主题ETF,20210903,中证云计算与大数据主题指数,中证云计算与大数据主题指数收益率,华夏基金管理有限公司,中国银行股份有限公司,股票型ETF,主题指数ETF,930851.CSI,896758874.0,30636100,51905345,1.69,1.6942543274111,-0.088678688
2026-08-12,516630.SH,华夏中证云计算与大数据主题ETF,20210903,中证云计算与大数据主题指数,中证云计算与大数据主题指数收益率,华夏基金管理有限公司,中国银行股份有限公司,股票型ETF,主题指数ETF,930851.CSI,898614420.0,28590200,48482784,1.695,1.6957833103651,0
2026-08-13,516630.SH,华夏中证云计算与大数据主题ETF,20210903,中证云计算与大数据主题指数,中证云计算与大数据主题指数收益率,华夏基金管理有限公司,中国银行股份有限公司,股票型ETF,主题指数ETF,930851.CSI,888344002.8,56637200,97884827,1.702,1.7282780045624,0.041145007
2026-08-14,516630.SH,华夏中证云计算与大数据主题ETF,20210903,中证云计算与大数据主题指数,中证云计算与大数据主题指数收益率,华夏基金管理有限公司,中国银行股份有限公司,股票型ETF,主题指数ETF,930851.CSI,897672639.6,36339300,62111213,1.732,1.7092022410999,0.16771731
2026-08-17,516630.SH,华夏中证云计算与大数据主题ETF,20210903,中证云计算与大数据主题指数,中证云计算与大数据主题指数收益率,华夏基金管理有限公司,中国银行股份有限公司,股票型ETF,主题指数ETF,930851.CSI,911729436.8,33330697,57580128,1.751,1.7275404711759,-0.102692834
2026-08-18,516630.SH,华夏中证云计算与大数据主题ETF,20210903,中证云计算与大数据主题指数,中证云计算与大数据主题指数收益率,华夏基金管理有限公司,中国银行股份有限公司,股票型ETF,主题指数ETF,930851.CSI,904118199.2,37643600,64576827,1.727,1.7154795768736,-0.069436408
2026-08-19,516630.SH,华夏中证云计算与大数据主题ETF,20210903,中证云计算与大数据主题指数,中证云计算与大数据主题指数收益率,华夏基金管理有限公司,中国银行股份有限公司,股票型ETF,主题指数ETF,930851.CSI,852434902.8,38670400,63882713,1.626,1.651979627829,-0.018446781
2026-08-20,516630.SH,华夏中证云计算与大数据主题ETF,20210903,中证云计算与大数据主题指数,中证云计算与大数据主题指数收益率,华夏基金管理有限公司,中国银行股份有限公司,股票型ETF,主题指数ETF,930851.CSI,857257138.0,26793800,43847941,1.637,1.636495793803,0.091715072
2026-08-21,516630.SH,华夏中证云计算与大数据主题ETF,20210903,中证云计算与大数据主题指数,中证云计算与大数据主题指数收益率,华夏基金管理有限公司,中国银行股份有限公司,股票型ETF,主题指数ETF,930851.CSI,812405834.4,59068600,96129738,1.637,1.6274253664383,-0.024428973
2026-08-24,516630.SH,华夏中证云计算与大数据主题ETF,20210903,中证云计算与大数据主题指数,中证云计算与大数据主题指数收益率,华夏基金管理有限公司,中国银行股份有限公司,股票型ETF,主题指数ETF,930851.CSI,783879662.8,31677700,50471860,1.586,1.5932930736764,-0.018911933
2026-08-25,516630.SH,华夏中证云计算与大数据主题ETF,20210903,中证云计算与大数据主题指数,中证云计算与大数据主题指数收益率,华夏基金管理有限公司,中国银行股份有限公司,股票型ETF,主题指数ETF,930851.CSI,786449274.0,19696800,31175953,1.59,1.5827927886763,-0.094250707
