日期,代码,名称,上市日期,对标指数,benchmark,管理人,托管人,类别大类,类别细类,对标指数代码,规模,成交量,成交额,收盘价,VWAP,溢价率
2021-01-04,517120.SH,华泰柏瑞中证沪港深创新药产业ETF,20210719,中证沪港深创新药产业指数,中证沪港深创新药产业指数收益率,华泰柏瑞基金管理有限公司,上海浦东发展银行股份有限公司,股票型ETF,主题指数ETF,931409.CSI,,,,,,
2021-01-05,517120.SH,华泰柏瑞中证沪港深创新药产业ETF,20210719,中证沪港深创新药产业指数,中证沪港深创新药产业指数收益率,华泰柏瑞基金管理有限公司,上海浦东发展银行股份有限公司,股票型ETF,主题指数ETF,931409.CSI,,,,,,
2021-01-06,517120.SH,华泰柏瑞中证沪港深创新药产业ETF,20210719,中证沪港深创新药产业指数,中证沪港深创新药产业指数收益率,华泰柏瑞基金管理有限公司,上海浦东发展银行股份有限公司,股票型ETF,主题指数ETF,931409.CSI,,,,,,
2021-01-07,517120.SH,华泰柏瑞中证沪港深创新药产业ETF,20210719,中证沪港深创新药产业指数,中证沪港深创新药产业指数收益率,华泰柏瑞基金管理有限公司,上海浦东发展银行股份有限公司,股票型ETF,主题指数ETF,931409.CSI,,,,,,
2021-01-08,517120.SH,华泰柏瑞中证沪港深创新药产业ETF,20210719,中证沪港深创新药产业指数,中证沪港深创新药产业指数收益率,华泰柏瑞基金管理有限公司,上海浦东发展银行股份有限公司,股票型ETF,主题指数ETF,931409.CSI,,,,,,
2021-01-11,517120.SH,华泰柏瑞中证沪港深创新药产业ETF,20210719,中证沪港深创新药产业指数,中证沪港深创新药产业指数收益率,华泰柏瑞基金管理有限公司,上海浦东发展银行股份有限公司,股票型ETF,主题指数ETF,931409.CSI,,,,,,
2021-01-12,517120.SH,华泰柏瑞中证沪港深创新药产业ETF,20210719,中证沪港深创新药产业指数,中证沪港深创新药产业指数收益率,华泰柏瑞基金管理有限公司,上海浦东发展银行股份有限公司,股票型ETF,主题指数ETF,931409.CSI,,,,,,
2021-01-13,517120.SH,华泰柏瑞中证沪港深创新药产业ETF,20210719,中证沪港深创新药产业指数,中证沪港深创新药产业指数收益率,华泰柏瑞基金管理有限公司,上海浦东发展银行股份有限公司,股票型ETF,主题指数ETF,931409.CSI,,,,,,
2021-01-14,517120.SH,华泰柏瑞中证沪港深创新药产业ETF,20210719,中证沪港深创新药产业指数,中证沪港深创新药产业指数收益率,华泰柏瑞基金管理有限公司,上海浦东发展银行股份有限公司,股票型ETF,主题指数ETF,931409.CSI,,,,,,
2021-01-15,517120.SH,华泰柏瑞中证沪港深创新药产业ETF,20210719,中证沪港深创新药产业指数,中证沪港深创新药产业指数收益率,华泰柏瑞基金管理有限公司,上海浦东发展银行股份有限公司,股票型ETF,主题指数ETF,931409.CSI,,,,,,
2021-01-18,517120.SH,华泰柏瑞中证沪港深创新药产业ETF,20210719,中证沪港深创新药产业指数,中证沪港深创新药产业指数收益率,华泰柏瑞基金管理有限公司,上海浦东发展银行股份有限公司,股票型ETF,主题指数ETF,931409.CSI,,,,,,
2021-01-19,517120.SH,华泰柏瑞中证沪港深创新药产业ETF,20210719,中证沪港深创新药产业指数,中证沪港深创新药产业指数收益率,华泰柏瑞基金管理有限公司,上海浦东发展银行股份有限公司,股票型ETF,主题指数ETF,931409.CSI,,,,,,
2021-01-20,517120.SH,华泰柏瑞中证沪港深创新药产业ETF,20210719,中证沪港深创新药产业指数,中证沪港深创新药产业指数收益率,华泰柏瑞基金管理有限公司,上海浦东发展银行股份有限公司,股票型ETF,主题指数ETF,931409.CSI,,,,,,
2021-01-21,517120.SH,华泰柏瑞中证沪港深创新药产业ETF,20210719,中证沪港深创新药产业指数,中证沪港深创新药产业指数收益率,华泰柏瑞基金管理有限公司,上海浦东发展银行股份有限公司,股票型ETF,主题指数ETF,931409.CSI,,,,,,
2021-01-22,517120.SH,华泰柏瑞中证沪港深创新药产业ETF,20210719,中证沪港深创新药产业指数,中证沪港深创新药产业指数收益率,华泰柏瑞基金管理有限公司,上海浦东发展银行股份有限公司,股票型ETF,主题指数ETF,931409.CSI,,,,,,
2021-01-25,517120.SH,华泰柏瑞中证沪港深创新药产业ETF,20210719,中证沪港深创新药产业指数,中证沪港深创新药产业指数收益率,华泰柏瑞基金管理有限公司,上海浦东发展银行股份有限公司,股票型ETF,主题指数ETF,931409.CSI,,,,,,
2021-01-26,517120.SH,华泰柏瑞中证沪港深创新药产业ETF,20210719,中证沪港深创新药产业指数,中证沪港深创新药产业指数收益率,华泰柏瑞基金管理有限公司,上海浦东发展银行股份有限公司,股票型ETF,主题指数ETF,931409.CSI,,,,,,
2021-01-27,517120.SH,华泰柏瑞中证沪港深创新药产业ETF,20210719,中证沪港深创新药产业指数,中证沪港深创新药产业指数收益率,华泰柏瑞基金管理有限公司,上海浦东发展银行股份有限公司,股票型ETF,主题指数ETF,931409.CSI,,,,,,
2021-01-28,517120.SH,华泰柏瑞中证沪港深创新药产业ETF,20210719,中证沪港深创新药产业指数,中证沪港深创新药产业指数收益率,华泰柏瑞基金管理有限公司,上海浦东发展银行股份有限公司,股票型ETF,主题指数ETF,931409.CSI,,,,,,
2021-01-29,517120.SH,华泰柏瑞中证沪港深创新药产业ETF,20210719,中证沪港深创新药产业指数,中证沪港深创新药产业指数收益率,华泰柏瑞基金管理有限公司,上海浦东发展银行股份有限公司,股票型ETF,主题指数ETF,931409.CSI,,,,,,
2021-02-01,517120.SH,华泰柏瑞中证沪港深创新药产业ETF,20210719,中证沪港深创新药产业指数,中证沪港深创新药产业指数收益率,华泰柏瑞基金管理有限公司,上海浦东发展银行股份有限公司,股票型ETF,主题指数ETF,931409.CSI,,,,,,
2021-02-02,517120.SH,华泰柏瑞中证沪港深创新药产业ETF,20210719,中证沪港深创新药产业指数,中证沪港深创新药产业指数收益率,华泰柏瑞基金管理有限公司,上海浦东发展银行股份有限公司,股票型ETF,主题指数ETF,931409.CSI,,,,,,
2021-02-03,517120.SH,华泰柏瑞中证沪港深创新药产业ETF,20210719,中证沪港深创新药产业指数,中证沪港深创新药产业指数收益率,华泰柏瑞基金管理有限公司,上海浦东发展银行股份有限公司,股票型ETF,主题指数ETF,931409.CSI,,,,,,
2021-02-04,517120.SH,华泰柏瑞中证沪港深创新药产业ETF,20210719,中证沪港深创新药产业指数,中证沪港深创新药产业指数收益率,华泰柏瑞基金管理有限公司,上海浦东发展银行股份有限公司,股票型ETF,主题指数ETF,931409.CSI,,,,,,
2021-02-05,517120.SH,华泰柏瑞中证沪港深创新药产业ETF,20210719,中证沪港深创新药产业指数,中证沪港深创新药产业指数收益率,华泰柏瑞基金管理有限公司,上海浦东发展银行股份有限公司,股票型ETF,主题指数ETF,931409.CSI,,,,,,
2021-02-08,517120.SH,华泰柏瑞中证沪港深创新药产业ETF,20210719,中证沪港深创新药产业指数,中证沪港深创新药产业指数收益率,华泰柏瑞基金管理有限公司,上海浦东发展银行股份有限公司,股票型ETF,主题指数ETF,931409.CSI,,,,,,
2021-02-09,517120.SH,华泰柏瑞中证沪港深创新药产业ETF,20210719,中证沪港深创新药产业指数,中证沪港深创新药产业指数收益率,华泰柏瑞基金管理有限公司,上海浦东发展银行股份有限公司,股票型ETF,主题指数ETF,931409.CSI,,,,,,
2021-02-10,517120.SH,华泰柏瑞中证沪港深创新药产业ETF,20210719,中证沪港深创新药产业指数,中证沪港深创新药产业指数收益率,华泰柏瑞基金管理有限公司,上海浦东发展银行股份有限公司,股票型ETF,主题指数ETF,931409.CSI,,,,,,
2021-02-18,517120.SH,华泰柏瑞中证沪港深创新药产业ETF,20210719,中证沪港深创新药产业指数,中证沪港深创新药产业指数收益率,华泰柏瑞基金管理有限公司,上海浦东发展银行股份有限公司,股票型ETF,主题指数ETF,931409.CSI,,,,,,
2021-02-19,517120.SH,华泰柏瑞中证沪港深创新药产业ETF,20210719,中证沪港深创新药产业指数,中证沪港深创新药产业指数收益率,华泰柏瑞基金管理有限公司,上海浦东发展银行股份有限公司,股票型ETF,主题指数ETF,931409.CSI,,,,,,
2021-02-22,517120.SH,华泰柏瑞中证沪港深创新药产业ETF,20210719,中证沪港深创新药产业指数,中证沪港深创新药产业指数收益率,华泰柏瑞基金管理有限公司,上海浦东发展银行股份有限公司,股票型ETF,主题指数ETF,931409.CSI,,,,,,
2021-02-23,517120.SH,华泰柏瑞中证沪港深创新药产业ETF,20210719,中证沪港深创新药产业指数,中证沪港深创新药产业指数收益率,华泰柏瑞基金管理有限公司,上海浦东发展银行股份有限公司,股票型ETF,主题指数ETF,931409.CSI,,,,,,
2021-02-24,517120.SH,华泰柏瑞中证沪港深创新药产业ETF,20210719,中证沪港深创新药产业指数,中证沪港深创新药产业指数收益率,华泰柏瑞基金管理有限公司,上海浦东发展银行股份有限公司,股票型ETF,主题指数ETF,931409.CSI,,,,,,
2021-02-25,517120.SH,华泰柏瑞中证沪港深创新药产业ETF,20210719,中证沪港深创新药产业指数,中证沪港深创新药产业指数收益率,华泰柏瑞基金管理有限公司,上海浦东发展银行股份有限公司,股票型ETF,主题指数ETF,931409.CSI,,,,,,
2021-02-26,517120.SH,华泰柏瑞中证沪港深创新药产业ETF,20210719,中证沪港深创新药产业指数,中证沪港深创新药产业指数收益率,华泰柏瑞基金管理有限公司,上海浦东发展银行股份有限公司,股票型ETF,主题指数ETF,931409.CSI,,,,,,
2021-03-01,517120.SH,华泰柏瑞中证沪港深创新药产业ETF,20210719,中证沪港深创新药产业指数,中证沪港深创新药产业指数收益率,华泰柏瑞基金管理有限公司,上海浦东发展银行股份有限公司,股票型ETF,主题指数ETF,931409.CSI,,,,,,
2021-03-02,517120.SH,华泰柏瑞中证沪港深创新药产业ETF,20210719,中证沪港深创新药产业指数,中证沪港深创新药产业指数收益率,华泰柏瑞基金管理有限公司,上海浦东发展银行股份有限公司,股票型ETF,主题指数ETF,931409.CSI,,,,,,
2021-03-03,517120.SH,华泰柏瑞中证沪港深创新药产业ETF,20210719,中证沪港深创新药产业指数,中证沪港深创新药产业指数收益率,华泰柏瑞基金管理有限公司,上海浦东发展银行股份有限公司,股票型ETF,主题指数ETF,931409.CSI,,,,,,
2021-03-04,517120.SH,华泰柏瑞中证沪港深创新药产业ETF,20210719,中证沪港深创新药产业指数,中证沪港深创新药产业指数收益率,华泰柏瑞基金管理有限公司,上海浦东发展银行股份有限公司,股票型ETF,主题指数ETF,931409.CSI,,,,,,
2021-03-05,517120.SH,华泰柏瑞中证沪港深创新药产业ETF,20210719,中证沪港深创新药产业指数,中证沪港深创新药产业指数收益率,华泰柏瑞基金管理有限公司,上海浦东发展银行股份有限公司,股票型ETF,主题指数ETF,931409.CSI,,,,,,
2021-03-08,517120.SH,华泰柏瑞中证沪港深创新药产业ETF,20210719,中证沪港深创新药产业指数,中证沪港深创新药产业指数收益率,华泰柏瑞基金管理有限公司,上海浦东发展银行股份有限公司,股票型ETF,主题指数ETF,931409.CSI,,,,,,
2021-03-09,517120.SH,华泰柏瑞中证沪港深创新药产业ETF,20210719,中证沪港深创新药产业指数,中证沪港深创新药产业指数收益率,华泰柏瑞基金管理有限公司,上海浦东发展银行股份有限公司,股票型ETF,主题指数ETF,931409.CSI,,,,,,
2021-03-10,517120.SH,华泰柏瑞中证沪港深创新药产业ETF,20210719,中证沪港深创新药产业指数,中证沪港深创新药产业指数收益率,华泰柏瑞基金管理有限公司,上海浦东发展银行股份有限公司,股票型ETF,主题指数ETF,931409.CSI,,,,,,
2021-03-11,517120.SH,华泰柏瑞中证沪港深创新药产业ETF,20210719,中证沪港深创新药产业指数,中证沪港深创新药产业指数收益率,华泰柏瑞基金管理有限公司,上海浦东发展银行股份有限公司,股票型ETF,主题指数ETF,931409.CSI,,,,,,
2021-03-12,517120.SH,华泰柏瑞中证沪港深创新药产业ETF,20210719,中证沪港深创新药产业指数,中证沪港深创新药产业指数收益率,华泰柏瑞基金管理有限公司,上海浦东发展银行股份有限公司,股票型ETF,主题指数ETF,931409.CSI,,,,,,
2021-03-15,517120.SH,华泰柏瑞中证沪港深创新药产业ETF,20210719,中证沪港深创新药产业指数,中证沪港深创新药产业指数收益率,华泰柏瑞基金管理有限公司,上海浦东发展银行股份有限公司,股票型ETF,主题指数ETF,931409.CSI,,,,,,
2021-03-16,517120.SH,华泰柏瑞中证沪港深创新药产业ETF,20210719,中证沪港深创新药产业指数,中证沪港深创新药产业指数收益率,华泰柏瑞基金管理有限公司,上海浦东发展银行股份有限公司,股票型ETF,主题指数ETF,931409.CSI,,,,,,
2021-03-17,517120.SH,华泰柏瑞中证沪港深创新药产业ETF,20210719,中证沪港深创新药产业指数,中证沪港深创新药产业指数收益率,华泰柏瑞基金管理有限公司,上海浦东发展银行股份有限公司,股票型ETF,主题指数ETF,931409.CSI,,,,,,
2021-03-18,517120.SH,华泰柏瑞中证沪港深创新药产业ETF,20210719,中证沪港深创新药产业指数,中证沪港深创新药产业指数收益率,华泰柏瑞基金管理有限公司,上海浦东发展银行股份有限公司,股票型ETF,主题指数ETF,931409.CSI,,,,,,
2021-03-19,517120.SH,华泰柏瑞中证沪港深创新药产业ETF,20210719,中证沪港深创新药产业指数,中证沪港深创新药产业指数收益率,华泰柏瑞基金管理有限公司,上海浦东发展银行股份有限公司,股票型ETF,主题指数ETF,931409.CSI,,,,,,
2021-03-22,517120.SH,华泰柏瑞中证沪港深创新药产业ETF,20210719,中证沪港深创新药产业指数,中证沪港深创新药产业指数收益率,华泰柏瑞基金管理有限公司,上海浦东发展银行股份有限公司,股票型ETF,主题指数ETF,931409.CSI,,,,,,
2021-03-23,517120.SH,华泰柏瑞中证沪港深创新药产业ETF,20210719,中证沪港深创新药产业指数,中证沪港深创新药产业指数收益率,华泰柏瑞基金管理有限公司,上海浦东发展银行股份有限公司,股票型ETF,主题指数ETF,931409.CSI,,,,,,
2021-03-24,517120.SH,华泰柏瑞中证沪港深创新药产业ETF,20210719,中证沪港深创新药产业指数,中证沪港深创新药产业指数收益率,华泰柏瑞基金管理有限公司,上海浦东发展银行股份有限公司,股票型ETF,主题指数ETF,931409.CSI,,,,,,
2021-03-25,517120.SH,华泰柏瑞中证沪港深创新药产业ETF,20210719,中证沪港深创新药产业指数,中证沪港深创新药产业指数收益率,华泰柏瑞基金管理有限公司,上海浦东发展银行股份有限公司,股票型ETF,主题指数ETF,931409.CSI,,,,,,
2021-03-26,517120.SH,华泰柏瑞中证沪港深创新药产业ETF,20210719,中证沪港深创新药产业指数,中证沪港深创新药产业指数收益率,华泰柏瑞基金管理有限公司,上海浦东发展银行股份有限公司,股票型ETF,主题指数ETF,931409.CSI,,,,,,
2021-03-29,517120.SH,华泰柏瑞中证沪港深创新药产业ETF,20210719,中证沪港深创新药产业指数,中证沪港深创新药产业指数收益率,华泰柏瑞基金管理有限公司,上海浦东发展银行股份有限公司,股票型ETF,主题指数ETF,931409.CSI,,,,,,
2021-03-30,517120.SH,华泰柏瑞中证沪港深创新药产业ETF,20210719,中证沪港深创新药产业指数,中证沪港深创新药产业指数收益率,华泰柏瑞基金管理有限公司,上海浦东发展银行股份有限公司,股票型ETF,主题指数ETF,931409.CSI,,,,,,
2021-03-31,517120.SH,华泰柏瑞中证沪港深创新药产业ETF,20210719,中证沪港深创新药产业指数,中证沪港深创新药产业指数收益率,华泰柏瑞基金管理有限公司,上海浦东发展银行股份有限公司,股票型ETF,主题指数ETF,931409.CSI,,,,,,
2021-04-01,517120.SH,华泰柏瑞中证沪港深创新药产业ETF,20210719,中证沪港深创新药产业指数,中证沪港深创新药产业指数收益率,华泰柏瑞基金管理有限公司,上海浦东发展银行股份有限公司,股票型ETF,主题指数ETF,931409.CSI,,,,,,
2021-04-02,517120.SH,华泰柏瑞中证沪港深创新药产业ETF,20210719,中证沪港深创新药产业指数,中证沪港深创新药产业指数收益率,华泰柏瑞基金管理有限公司,上海浦东发展银行股份有限公司,股票型ETF,主题指数ETF,931409.CSI,,,,,,
2021-04-06,517120.SH,华泰柏瑞中证沪港深创新药产业ETF,20210719,中证沪港深创新药产业指数,中证沪港深创新药产业指数收益率,华泰柏瑞基金管理有限公司,上海浦东发展银行股份有限公司,股票型ETF,主题指数ETF,931409.CSI,,,,,,
2021-04-07,517120.SH,华泰柏瑞中证沪港深创新药产业ETF,20210719,中证沪港深创新药产业指数,中证沪港深创新药产业指数收益率,华泰柏瑞基金管理有限公司,上海浦东发展银行股份有限公司,股票型ETF,主题指数ETF,931409.CSI,,,,,,
2021-04-08,517120.SH,华泰柏瑞中证沪港深创新药产业ETF,20210719,中证沪港深创新药产业指数,中证沪港深创新药产业指数收益率,华泰柏瑞基金管理有限公司,上海浦东发展银行股份有限公司,股票型ETF,主题指数ETF,931409.CSI,,,,,,
2021-04-09,517120.SH,华泰柏瑞中证沪港深创新药产业ETF,20210719,中证沪港深创新药产业指数,中证沪港深创新药产业指数收益率,华泰柏瑞基金管理有限公司,上海浦东发展银行股份有限公司,股票型ETF,主题指数ETF,931409.CSI,,,,,,
2021-04-12,517120.SH,华泰柏瑞中证沪港深创新药产业ETF,20210719,中证沪港深创新药产业指数,中证沪港深创新药产业指数收益率,华泰柏瑞基金管理有限公司,上海浦东发展银行股份有限公司,股票型ETF,主题指数ETF,931409.CSI,,,,,,
2021-04-13,517120.SH,华泰柏瑞中证沪港深创新药产业ETF,20210719,中证沪港深创新药产业指数,中证沪港深创新药产业指数收益率,华泰柏瑞基金管理有限公司,上海浦东发展银行股份有限公司,股票型ETF,主题指数ETF,931409.CSI,,,,,,
2021-04-14,517120.SH,华泰柏瑞中证沪港深创新药产业ETF,20210719,中证沪港深创新药产业指数,中证沪港深创新药产业指数收益率,华泰柏瑞基金管理有限公司,上海浦东发展银行股份有限公司,股票型ETF,主题指数ETF,931409.CSI,,,,,,
2021-04-15,517120.SH,华泰柏瑞中证沪港深创新药产业ETF,20210719,中证沪港深创新药产业指数,中证沪港深创新药产业指数收益率,华泰柏瑞基金管理有限公司,上海浦东发展银行股份有限公司,股票型ETF,主题指数ETF,931409.CSI,,,,,,
2021-04-16,517120.SH,华泰柏瑞中证沪港深创新药产业ETF,20210719,中证沪港深创新药产业指数,中证沪港深创新药产业指数收益率,华泰柏瑞基金管理有限公司,上海浦东发展银行股份有限公司,股票型ETF,主题指数ETF,931409.CSI,,,,,,
2021-04-19,517120.SH,华泰柏瑞中证沪港深创新药产业ETF,20210719,中证沪港深创新药产业指数,中证沪港深创新药产业指数收益率,华泰柏瑞基金管理有限公司,上海浦东发展银行股份有限公司,股票型ETF,主题指数ETF,931409.CSI,,,,,,
2021-04-20,517120.SH,华泰柏瑞中证沪港深创新药产业ETF,20210719,中证沪港深创新药产业指数,中证沪港深创新药产业指数收益率,华泰柏瑞基金管理有限公司,上海浦东发展银行股份有限公司,股票型ETF,主题指数ETF,931409.CSI,,,,,,
2021-04-21,517120.SH,华泰柏瑞中证沪港深创新药产业ETF,20210719,中证沪港深创新药产业指数,中证沪港深创新药产业指数收益率,华泰柏瑞基金管理有限公司,上海浦东发展银行股份有限公司,股票型ETF,主题指数ETF,931409.CSI,,,,,,
2021-04-22,517120.SH,华泰柏瑞中证沪港深创新药产业ETF,20210719,中证沪港深创新药产业指数,中证沪港深创新药产业指数收益率,华泰柏瑞基金管理有限公司,上海浦东发展银行股份有限公司,股票型ETF,主题指数ETF,931409.CSI,,,,,,
2021-04-23,517120.SH,华泰柏瑞中证沪港深创新药产业ETF,20210719,中证沪港深创新药产业指数,中证沪港深创新药产业指数收益率,华泰柏瑞基金管理有限公司,上海浦东发展银行股份有限公司,股票型ETF,主题指数ETF,931409.CSI,,,,,,
2021-04-26,517120.SH,华泰柏瑞中证沪港深创新药产业ETF,20210719,中证沪港深创新药产业指数,中证沪港深创新药产业指数收益率,华泰柏瑞基金管理有限公司,上海浦东发展银行股份有限公司,股票型ETF,主题指数ETF,931409.CSI,,,,,,
2021-04-27,517120.SH,华泰柏瑞中证沪港深创新药产业ETF,20210719,中证沪港深创新药产业指数,中证沪港深创新药产业指数收益率,华泰柏瑞基金管理有限公司,上海浦东发展银行股份有限公司,股票型ETF,主题指数ETF,931409.CSI,,,,,,
2021-04-28,517120.SH,华泰柏瑞中证沪港深创新药产业ETF,20210719,中证沪港深创新药产业指数,中证沪港深创新药产业指数收益率,华泰柏瑞基金管理有限公司,上海浦东发展银行股份有限公司,股票型ETF,主题指数ETF,931409.CSI,,,,,,
2021-04-29,517120.SH,华泰柏瑞中证沪港深创新药产业ETF,20210719,中证沪港深创新药产业指数,中证沪港深创新药产业指数收益率,华泰柏瑞基金管理有限公司,上海浦东发展银行股份有限公司,股票型ETF,主题指数ETF,931409.CSI,,,,,,
2021-04-30,517120.SH,华泰柏瑞中证沪港深创新药产业ETF,20210719,中证沪港深创新药产业指数,中证沪港深创新药产业指数收益率,华泰柏瑞基金管理有限公司,上海浦东发展银行股份有限公司,股票型ETF,主题指数ETF,931409.CSI,,,,,,
2021-05-06,517120.SH,华泰柏瑞中证沪港深创新药产业ETF,20210719,中证沪港深创新药产业指数,中证沪港深创新药产业指数收益率,华泰柏瑞基金管理有限公司,上海浦东发展银行股份有限公司,股票型ETF,主题指数ETF,931409.CSI,,,,,,
2021-05-07,517120.SH,华泰柏瑞中证沪港深创新药产业ETF,20210719,中证沪港深创新药产业指数,中证沪港深创新药产业指数收益率,华泰柏瑞基金管理有限公司,上海浦东发展银行股份有限公司,股票型ETF,主题指数ETF,931409.CSI,,,,,,
2021-05-10,517120.SH,华泰柏瑞中证沪港深创新药产业ETF,20210719,中证沪港深创新药产业指数,中证沪港深创新药产业指数收益率,华泰柏瑞基金管理有限公司,上海浦东发展银行股份有限公司,股票型ETF,主题指数ETF,931409.CSI,,,,,,
2021-05-11,517120.SH,华泰柏瑞中证沪港深创新药产业ETF,20210719,中证沪港深创新药产业指数,中证沪港深创新药产业指数收益率,华泰柏瑞基金管理有限公司,上海浦东发展银行股份有限公司,股票型ETF,主题指数ETF,931409.CSI,,,,,,
2021-05-12,517120.SH,华泰柏瑞中证沪港深创新药产业ETF,20210719,中证沪港深创新药产业指数,中证沪港深创新药产业指数收益率,华泰柏瑞基金管理有限公司,上海浦东发展银行股份有限公司,股票型ETF,主题指数ETF,931409.CSI,,,,,,
2021-05-13,517120.SH,华泰柏瑞中证沪港深创新药产业ETF,20210719,中证沪港深创新药产业指数,中证沪港深创新药产业指数收益率,华泰柏瑞基金管理有限公司,上海浦东发展银行股份有限公司,股票型ETF,主题指数ETF,931409.CSI,,,,,,
2021-05-14,517120.SH,华泰柏瑞中证沪港深创新药产业ETF,20210719,中证沪港深创新药产业指数,中证沪港深创新药产业指数收益率,华泰柏瑞基金管理有限公司,上海浦东发展银行股份有限公司,股票型ETF,主题指数ETF,931409.CSI,,,,,,
2021-05-17,517120.SH,华泰柏瑞中证沪港深创新药产业ETF,20210719,中证沪港深创新药产业指数,中证沪港深创新药产业指数收益率,华泰柏瑞基金管理有限公司,上海浦东发展银行股份有限公司,股票型ETF,主题指数ETF,931409.CSI,,,,,,
2021-05-18,517120.SH,华泰柏瑞中证沪港深创新药产业ETF,20210719,中证沪港深创新药产业指数,中证沪港深创新药产业指数收益率,华泰柏瑞基金管理有限公司,上海浦东发展银行股份有限公司,股票型ETF,主题指数ETF,931409.CSI,,,,,,
2021-05-19,517120.SH,华泰柏瑞中证沪港深创新药产业ETF,20210719,中证沪港深创新药产业指数,中证沪港深创新药产业指数收益率,华泰柏瑞基金管理有限公司,上海浦东发展银行股份有限公司,股票型ETF,主题指数ETF,931409.CSI,,,,,,
2021-05-20,517120.SH,华泰柏瑞中证沪港深创新药产业ETF,20210719,中证沪港深创新药产业指数,中证沪港深创新药产业指数收益率,华泰柏瑞基金管理有限公司,上海浦东发展银行股份有限公司,股票型ETF,主题指数ETF,931409.CSI,,,,,,
2021-05-21,517120.SH,华泰柏瑞中证沪港深创新药产业ETF,20210719,中证沪港深创新药产业指数,中证沪港深创新药产业指数收益率,华泰柏瑞基金管理有限公司,上海浦东发展银行股份有限公司,股票型ETF,主题指数ETF,931409.CSI,,,,,,
2021-05-24,517120.SH,华泰柏瑞中证沪港深创新药产业ETF,20210719,中证沪港深创新药产业指数,中证沪港深创新药产业指数收益率,华泰柏瑞基金管理有限公司,上海浦东发展银行股份有限公司,股票型ETF,主题指数ETF,931409.CSI,,,,,,
2021-05-25,517120.SH,华泰柏瑞中证沪港深创新药产业ETF,20210719,中证沪港深创新药产业指数,中证沪港深创新药产业指数收益率,华泰柏瑞基金管理有限公司,上海浦东发展银行股份有限公司,股票型ETF,主题指数ETF,931409.CSI,,,,,,
2021-05-26,517120.SH,华泰柏瑞中证沪港深创新药产业ETF,20210719,中证沪港深创新药产业指数,中证沪港深创新药产业指数收益率,华泰柏瑞基金管理有限公司,上海浦东发展银行股份有限公司,股票型ETF,主题指数ETF,931409.CSI,,,,,,
2021-05-27,517120.SH,华泰柏瑞中证沪港深创新药产业ETF,20210719,中证沪港深创新药产业指数,中证沪港深创新药产业指数收益率,华泰柏瑞基金管理有限公司,上海浦东发展银行股份有限公司,股票型ETF,主题指数ETF,931409.CSI,,,,,,
2021-05-28,517120.SH,华泰柏瑞中证沪港深创新药产业ETF,20210719,中证沪港深创新药产业指数,中证沪港深创新药产业指数收益率,华泰柏瑞基金管理有限公司,上海浦东发展银行股份有限公司,股票型ETF,主题指数ETF,931409.CSI,,,,,,
2021-05-31,517120.SH,华泰柏瑞中证沪港深创新药产业ETF,20210719,中证沪港深创新药产业指数,中证沪港深创新药产业指数收益率,华泰柏瑞基金管理有限公司,上海浦东发展银行股份有限公司,股票型ETF,主题指数ETF,931409.CSI,,,,,,
2021-06-01,517120.SH,华泰柏瑞中证沪港深创新药产业ETF,20210719,中证沪港深创新药产业指数,中证沪港深创新药产业指数收益率,华泰柏瑞基金管理有限公司,上海浦东发展银行股份有限公司,股票型ETF,主题指数ETF,931409.CSI,,,,,,
2021-06-02,517120.SH,华泰柏瑞中证沪港深创新药产业ETF,20210719,中证沪港深创新药产业指数,中证沪港深创新药产业指数收益率,华泰柏瑞基金管理有限公司,上海浦东发展银行股份有限公司,股票型ETF,主题指数ETF,931409.CSI,,,,,,
2021-06-03,517120.SH,华泰柏瑞中证沪港深创新药产业ETF,20210719,中证沪港深创新药产业指数,中证沪港深创新药产业指数收益率,华泰柏瑞基金管理有限公司,上海浦东发展银行股份有限公司,股票型ETF,主题指数ETF,931409.CSI,,,,,,
2021-06-04,517120.SH,华泰柏瑞中证沪港深创新药产业ETF,20210719,中证沪港深创新药产业指数,中证沪港深创新药产业指数收益率,华泰柏瑞基金管理有限公司,上海浦东发展银行股份有限公司,股票型ETF,主题指数ETF,931409.CSI,,,,,,
2021-06-07,517120.SH,华泰柏瑞中证沪港深创新药产业ETF,20210719,中证沪港深创新药产业指数,中证沪港深创新药产业指数收益率,华泰柏瑞基金管理有限公司,上海浦东发展银行股份有限公司,股票型ETF,主题指数ETF,931409.CSI,,,,,,
2021-06-08,517120.SH,华泰柏瑞中证沪港深创新药产业ETF,20210719,中证沪港深创新药产业指数,中证沪港深创新药产业指数收益率,华泰柏瑞基金管理有限公司,上海浦东发展银行股份有限公司,股票型ETF,主题指数ETF,931409.CSI,,,,,,
2021-06-09,517120.SH,华泰柏瑞中证沪港深创新药产业ETF,20210719,中证沪港深创新药产业指数,中证沪港深创新药产业指数收益率,华泰柏瑞基金管理有限公司,上海浦东发展银行股份有限公司,股票型ETF,主题指数ETF,931409.CSI,,,,,,
2021-06-10,517120.SH,华泰柏瑞中证沪港深创新药产业ETF,20210719,中证沪港深创新药产业指数,中证沪港深创新药产业指数收益率,华泰柏瑞基金管理有限公司,上海浦东发展银行股份有限公司,股票型ETF,主题指数ETF,931409.CSI,,,,,,
2021-06-11,517120.SH,华泰柏瑞中证沪港深创新药产业ETF,20210719,中证沪港深创新药产业指数,中证沪港深创新药产业指数收益率,华泰柏瑞基金管理有限公司,上海浦东发展银行股份有限公司,股票型ETF,主题指数ETF,931409.CSI,,,,,,
2021-06-15,517120.SH,华泰柏瑞中证沪港深创新药产业ETF,20210719,中证沪港深创新药产业指数,中证沪港深创新药产业指数收益率,华泰柏瑞基金管理有限公司,上海浦东发展银行股份有限公司,股票型ETF,主题指数ETF,931409.CSI,,,,,,
2021-06-16,517120.SH,华泰柏瑞中证沪港深创新药产业ETF,20210719,中证沪港深创新药产业指数,中证沪港深创新药产业指数收益率,华泰柏瑞基金管理有限公司,上海浦东发展银行股份有限公司,股票型ETF,主题指数ETF,931409.CSI,,,,,,
2021-06-17,517120.SH,华泰柏瑞中证沪港深创新药产业ETF,20210719,中证沪港深创新药产业指数,中证沪港深创新药产业指数收益率,华泰柏瑞基金管理有限公司,上海浦东发展银行股份有限公司,股票型ETF,主题指数ETF,931409.CSI,,,,,,
2021-06-18,517120.SH,华泰柏瑞中证沪港深创新药产业ETF,20210719,中证沪港深创新药产业指数,中证沪港深创新药产业指数收益率,华泰柏瑞基金管理有限公司,上海浦东发展银行股份有限公司,股票型ETF,主题指数ETF,931409.CSI,,,,,,
2021-06-21,517120.SH,华泰柏瑞中证沪港深创新药产业ETF,20210719,中证沪港深创新药产业指数,中证沪港深创新药产业指数收益率,华泰柏瑞基金管理有限公司,上海浦东发展银行股份有限公司,股票型ETF,主题指数ETF,931409.CSI,,,,,,
2021-06-22,517120.SH,华泰柏瑞中证沪港深创新药产业ETF,20210719,中证沪港深创新药产业指数,中证沪港深创新药产业指数收益率,华泰柏瑞基金管理有限公司,上海浦东发展银行股份有限公司,股票型ETF,主题指数ETF,931409.CSI,,,,,,
2021-06-23,517120.SH,华泰柏瑞中证沪港深创新药产业ETF,20210719,中证沪港深创新药产业指数,中证沪港深创新药产业指数收益率,华泰柏瑞基金管理有限公司,上海浦东发展银行股份有限公司,股票型ETF,主题指数ETF,931409.CSI,,,,,,
2021-06-24,517120.SH,华泰柏瑞中证沪港深创新药产业ETF,20210719,中证沪港深创新药产业指数,中证沪港深创新药产业指数收益率,华泰柏瑞基金管理有限公司,上海浦东发展银行股份有限公司,股票型ETF,主题指数ETF,931409.CSI,,,,,,
2021-06-25,517120.SH,华泰柏瑞中证沪港深创新药产业ETF,20210719,中证沪港深创新药产业指数,中证沪港深创新药产业指数收益率,华泰柏瑞基金管理有限公司,上海浦东发展银行股份有限公司,股票型ETF,主题指数ETF,931409.CSI,,,,,,
2021-06-28,517120.SH,华泰柏瑞中证沪港深创新药产业ETF,20210719,中证沪港深创新药产业指数,中证沪港深创新药产业指数收益率,华泰柏瑞基金管理有限公司,上海浦东发展银行股份有限公司,股票型ETF,主题指数ETF,931409.CSI,,,,,,
2021-06-29,517120.SH,华泰柏瑞中证沪港深创新药产业ETF,20210719,中证沪港深创新药产业指数,中证沪港深创新药产业指数收益率,华泰柏瑞基金管理有限公司,上海浦东发展银行股份有限公司,股票型ETF,主题指数ETF,931409.CSI,,,,,,
2021-06-30,517120.SH,华泰柏瑞中证沪港深创新药产业ETF,20210719,中证沪港深创新药产业指数,中证沪港深创新药产业指数收益率,华泰柏瑞基金管理有限公司,上海浦东发展银行股份有限公司,股票型ETF,主题指数ETF,931409.CSI,,,,,,
2021-07-01,517120.SH,华泰柏瑞中证沪港深创新药产业ETF,20210719,中证沪港深创新药产业指数,中证沪港深创新药产业指数收益率,华泰柏瑞基金管理有限公司,上海浦东发展银行股份有限公司,股票型ETF,主题指数ETF,931409.CSI,,,,,,
2021-07-02,517120.SH,华泰柏瑞中证沪港深创新药产业ETF,20210719,中证沪港深创新药产业指数,中证沪港深创新药产业指数收益率,华泰柏瑞基金管理有限公司,上海浦东发展银行股份有限公司,股票型ETF,主题指数ETF,931409.CSI,,,,,,
2021-07-05,517120.SH,华泰柏瑞中证沪港深创新药产业ETF,20210719,中证沪港深创新药产业指数,中证沪港深创新药产业指数收益率,华泰柏瑞基金管理有限公司,上海浦东发展银行股份有限公司,股票型ETF,主题指数ETF,931409.CSI,,,,,,
2021-07-06,517120.SH,华泰柏瑞中证沪港深创新药产业ETF,20210719,中证沪港深创新药产业指数,中证沪港深创新药产业指数收益率,华泰柏瑞基金管理有限公司,上海浦东发展银行股份有限公司,股票型ETF,主题指数ETF,931409.CSI,,,,,,
2021-07-07,517120.SH,华泰柏瑞中证沪港深创新药产业ETF,20210719,中证沪港深创新药产业指数,中证沪港深创新药产业指数收益率,华泰柏瑞基金管理有限公司,上海浦东发展银行股份有限公司,股票型ETF,主题指数ETF,931409.CSI,,,,,,
2021-07-08,517120.SH,华泰柏瑞中证沪港深创新药产业ETF,20210719,中证沪港深创新药产业指数,中证沪港深创新药产业指数收益率,华泰柏瑞基金管理有限公司,上海浦东发展银行股份有限公司,股票型ETF,主题指数ETF,931409.CSI,544966352.0,,,,,
2021-07-09,517120.SH,华泰柏瑞中证沪港深创新药产业ETF,20210719,中证沪港深创新药产业指数,中证沪港深创新药产业指数收益率,华泰柏瑞基金管理有限公司,上海浦东发展银行股份有限公司,股票型ETF,主题指数ETF,931409.CSI,544966352.0,,,,,
2021-07-12,517120.SH,华泰柏瑞中证沪港深创新药产业ETF,20210719,中证沪港深创新药产业指数,中证沪港深创新药产业指数收益率,华泰柏瑞基金管理有限公司,上海浦东发展银行股份有限公司,股票型ETF,主题指数ETF,931409.CSI,544966352.0,,,,,
2021-07-13,517120.SH,华泰柏瑞中证沪港深创新药产业ETF,20210719,中证沪港深创新药产业指数,中证沪港深创新药产业指数收益率,华泰柏瑞基金管理有限公司,上海浦东发展银行股份有限公司,股票型ETF,主题指数ETF,931409.CSI,544966352.0,,,,,
2021-07-14,517120.SH,华泰柏瑞中证沪港深创新药产业ETF,20210719,中证沪港深创新药产业指数,中证沪港深创新药产业指数收益率,华泰柏瑞基金管理有限公司,上海浦东发展银行股份有限公司,股票型ETF,主题指数ETF,931409.CSI,544966352.0,,,,,
2021-07-15,517120.SH,华泰柏瑞中证沪港深创新药产业ETF,20210719,中证沪港深创新药产业指数,中证沪港深创新药产业指数收益率,华泰柏瑞基金管理有限公司,上海浦东发展银行股份有限公司,股票型ETF,主题指数ETF,931409.CSI,544966352.0,,,,,
2021-07-16,517120.SH,华泰柏瑞中证沪港深创新药产业ETF,20210719,中证沪港深创新药产业指数,中证沪港深创新药产业指数收益率,华泰柏瑞基金管理有限公司,上海浦东发展银行股份有限公司,股票型ETF,主题指数ETF,931409.CSI,546546754.4208,,,,,
2021-07-19,517120.SH,华泰柏瑞中证沪港深创新药产业ETF,20210719,中证沪港深创新药产业指数,中证沪港深创新药产业指数收益率,华泰柏瑞基金管理有限公司,上海浦东发展银行股份有限公司,股票型ETF,主题指数ETF,931409.CSI,551178968.4128,78853874,79226054,1.005,1.0047198695653,-0.632786237
2021-07-20,517120.SH,华泰柏瑞中证沪港深创新药产业ETF,20210719,中证沪港深创新药产业指数,中证沪港深创新药产业指数收益率,华泰柏瑞基金管理有限公司,上海浦东发展银行股份有限公司,股票型ETF,主题指数ETF,931409.CSI,449104587.52,42725968,43183167,1.006,1.0107007288869,-0.326959279
2021-07-21,517120.SH,华泰柏瑞中证沪港深创新药产业ETF,20210719,中证沪港深创新药产业指数,中证沪港深创新药产业指数收益率,华泰柏瑞基金管理有限公司,上海浦东发展银行股份有限公司,股票型ETF,主题指数ETF,931409.CSI,439229070.72,23535274,23678118,1.007,1.0060693578498,-0.27728263
2021-07-22,517120.SH,华泰柏瑞中证沪港深创新药产业ETF,20210719,中证沪港深创新药产业指数,中证沪港深创新药产业指数收益率,华泰柏瑞基金管理有限公司,上海浦东发展银行股份有限公司,股票型ETF,主题指数ETF,931409.CSI,449097333.44,32826600,32668055,0.993,0.99517022780306,0.597710465
2021-07-23,517120.SH,华泰柏瑞中证沪港深创新药产业ETF,20210719,中证沪港深创新药产业指数,中证沪港深创新药产业指数收益率,华泰柏瑞基金管理有限公司,上海浦东发展银行股份有限公司,股票型ETF,主题指数ETF,931409.CSI,444786479.36,21366700,20752335,0.968,0.97124661271979,0.321276816
2021-07-26,517120.SH,华泰柏瑞中证沪港深创新药产业ETF,20210719,中证沪港深创新药产业指数,中证沪港深创新药产业指数收益率,华泰柏瑞基金管理有限公司,上海浦东发展银行股份有限公司,股票型ETF,主题指数ETF,931409.CSI,428682186.24,19622300,18232089,0.919,0.92915147561703,0.536046384
2021-07-27,517120.SH,华泰柏瑞中证沪港深创新药产业ETF,20210719,中证沪港深创新药产业指数,中证沪港深创新药产业指数收益率,华泰柏瑞基金管理有限公司,上海浦东发展银行股份有限公司,股票型ETF,主题指数ETF,931409.CSI,412710480.64,16881500,15174467,0.879,0.89888143826082,0.733440293
2021-07-28,517120.SH,华泰柏瑞中证沪港深创新药产业ETF,20210719,中证沪港深创新药产业指数,中证沪港深创新药产业指数收益率,华泰柏瑞基金管理有限公司,上海浦东发展银行股份有限公司,股票型ETF,主题指数ETF,931409.CSI,429879160.96,11770857,10519686,0.907,0.89370604026538,-0.209043899
2021-07-29,517120.SH,华泰柏瑞中证沪港深创新药产业ETF,20210719,中证沪港深创新药产业指数,中证沪港深创新药产业指数收益率,华泰柏瑞基金管理有限公司,上海浦东发展银行股份有限公司,股票型ETF,主题指数ETF,931409.CSI,440406346.24,11516900,10731654,0.932,0.9318179371185,-0.75604302
2021-07-30,517120.SH,华泰柏瑞中证沪港深创新药产业ETF,20210719,中证沪港深创新药产业指数,中证沪港深创新药产业指数收益率,华泰柏瑞基金管理有限公司,上海浦东发展银行股份有限公司,股票型ETF,主题指数ETF,931409.CSI,434122196.48,7450900,6839861,0.925,0.91799124937927,-0.075618451
2021-08-02,517120.SH,华泰柏瑞中证沪港深创新药产业ETF,20210719,中证沪港深创新药产业指数,中证沪港深创新药产业指数收益率,华泰柏瑞基金管理有限公司,上海浦东发展银行股份有限公司,股票型ETF,主题指数ETF,931409.CSI,441109795.84,11197700,10304382,0.936,0.92022308152567,-0.489049543
2021-08-03,517120.SH,华泰柏瑞中证沪港深创新药产业ETF,20210719,中证沪港深创新药产业指数,中证沪港深创新药产业指数收益率,华泰柏瑞基金管理有限公司,上海浦东发展银行股份有限公司,股票型ETF,主题指数ETF,931409.CSI,450686849.28,17065200,16450739,0.974,0.96399333145817,-0.378439194
2021-08-04,517120.SH,华泰柏瑞中证沪港深创新药产业ETF,20210719,中证沪港深创新药产业指数,中证沪港深创新药产业指数收益率,华泰柏瑞基金管理有限公司,上海浦东发展银行股份有限公司,股票型ETF,主题指数ETF,931409.CSI,452540870.4,14554400,14246265,0.981,0.97882873907547,-0.507099391
2021-08-05,517120.SH,华泰柏瑞中证沪港深创新药产业ETF,20210719,中证沪港深创新药产业指数,中证沪港深创新药产业指数收益率,华泰柏瑞基金管理有限公司,上海浦东发展银行股份有限公司,股票型ETF,主题指数ETF,931409.CSI,450111904.0,12787600,12647614,0.981,0.98905298883293,-0.406091371
2021-08-06,517120.SH,华泰柏瑞中证沪港深创新药产业ETF,20210719,中证沪港深创新药产业指数,中证沪港深创新药产业指数收益率,华泰柏瑞基金管理有限公司,上海浦东发展银行股份有限公司,股票型ETF,主题指数ETF,931409.CSI,433158450.56,9696200,9228874,0.948,0.95180318062746,0.010549636
2021-08-09,517120.SH,华泰柏瑞中证沪港深创新药产业ETF,20210719,中证沪港深创新药产业指数,中证沪港深创新药产业指数收益率,华泰柏瑞基金管理有限公司,上海浦东发展银行股份有限公司,股票型ETF,主题指数ETF,931409.CSI,435742700.16,7393800,6986755,0.95,0.94494779409776,0.063197809
2021-08-10,517120.SH,华泰柏瑞中证沪港深创新药产业ETF,20210719,中证沪港深创新药产业指数,中证沪港深创新药产业指数收益率,华泰柏瑞基金管理有限公司,上海浦东发展银行股份有限公司,股票型ETF,主题指数ETF,931409.CSI,439643914.56,7116700,6766223,0.953,0.9507528770357,-0.511535651
2021-08-11,517120.SH,华泰柏瑞中证沪港深创新药产业ETF,20210719,中证沪港深创新药产业指数,中证沪港深创新药产业指数收益率,华泰柏瑞基金管理有限公司,上海浦东发展银行股份有限公司,股票型ETF,主题指数ETF,931409.CSI,429225377.28,8478200,7977654,0.938,0.94096081715458,0.299401198
2021-08-12,517120.SH,华泰柏瑞中证沪港深创新药产业ETF,20210719,中证沪港深创新药产业指数,中证沪港深创新药产业指数收益率,华泰柏瑞基金管理有限公司,上海浦东发展银行股份有限公司,股票型ETF,主题指数ETF,931409.CSI,420229635.84,11159800,10215962,0.919,0.91542518683131,0.371341197
2021-08-13,517120.SH,华泰柏瑞中证沪港深创新药产业ETF,20210719,中证沪港深创新药产业指数,中证沪港深创新药产业指数收益率,华泰柏瑞基金管理有限公司,上海浦东发展银行股份有限公司,股票型ETF,主题指数ETF,931409.CSI,421193465.28,5156900,4717641,0.915,0.91482111345964,-0.294213795
2021-08-16,517120.SH,华泰柏瑞中证沪港深创新药产业ETF,20210719,中证沪港深创新药产业指数,中证沪港深创新药产业指数收益率,华泰柏瑞基金管理有限公司,上海浦东发展银行股份有限公司,股票型ETF,主题指数ETF,931409.CSI,417659424.0,5827100,5303909,0.908,0.91021417171492,-0.21978022
2021-08-17,517120.SH,华泰柏瑞中证沪港深创新药产业ETF,20210719,中证沪港深创新药产业指数,中证沪港深创新药产业指数收益率,华泰柏瑞基金管理有限公司,上海浦东发展银行股份有限公司,股票型ETF,主题指数ETF,931409.CSI,414649642.88,15846300,14033496,0.878,0.88560080271104,0.148283335
2021-08-18,517120.SH,华泰柏瑞中证沪港深创新药产业ETF,20210719,中证沪港深创新药产业指数,中证沪港深创新药产业指数收益率,华泰柏瑞基金管理有限公司,上海浦东发展银行股份有限公司,股票型ETF,主题指数ETF,931409.CSI,415217202.56,5732000,5043304,0.879,0.87985066294487,0.125299009
2021-08-19,517120.SH,华泰柏瑞中证沪港深创新药产业ETF,20210719,中证沪港深创新药产业指数,中证沪港深创新药产业指数收益率,华泰柏瑞基金管理有限公司,上海浦东发展银行股份有限公司,股票型ETF,主题指数ETF,931409.CSI,419000933.76,7074700,6297730,0.887,0.89017626189096,0.124167513
2021-08-20,517120.SH,华泰柏瑞中证沪港深创新药产业ETF,20210719,中证沪港深创新药产业指数,中证沪港深创新药产业指数收益率,华泰柏瑞基金管理有限公司,上海浦东发展银行股份有限公司,股票型ETF,主题指数ETF,931409.CSI,408321326.4,16209600,13760050,0.842,0.84888276083309,0.417412045
2021-08-23,517120.SH,华泰柏瑞中证沪港深创新药产业ETF,20210719,中证沪港深创新药产业指数,中证沪港深创新药产业指数收益率,华泰柏瑞基金管理有限公司,上海浦东发展银行股份有限公司,股票型ETF,主题指数ETF,931409.CSI,418596317.44,7846600,6682459,0.858,0.85163752453292,-0.186133085
2021-08-24,517120.SH,华泰柏瑞中证沪港深创新药产业ETF,20210719,中证沪港深创新药产业指数,中证沪港深创新药产业指数收益率,华泰柏瑞基金管理有限公司,上海浦东发展银行股份有限公司,股票型ETF,主题指数ETF,931409.CSI,431500927.04,7022400,6170633,0.881,0.87870713716108,-0.575555806
2021-08-25,517120.SH,华泰柏瑞中证沪港深创新药产业ETF,20210719,中证沪港深创新药产业指数,中证沪港深创新药产业指数收益率,华泰柏瑞基金管理有限公司,上海浦东发展银行股份有限公司,股票型ETF,主题指数ETF,931409.CSI,432085286.72,5410900,4797909,0.882,0.8867118224325,-0.597317705
2021-08-26,517120.SH,华泰柏瑞中证沪港深创新药产业ETF,20210719,中证沪港深创新药产业指数,中证沪港深创新药产业指数收益率,华泰柏瑞基金管理有限公司,上海浦东发展银行股份有限公司,股票型ETF,主题指数ETF,931409.CSI,418109351.04,9265300,7997136,0.854,0.86312758356448,-0.535755882
2021-08-27,517120.SH,华泰柏瑞中证沪港深创新药产业ETF,20210719,中证沪港深创新药产业指数,中证沪港深创新药产业指数收益率,华泰柏瑞基金管理有限公司,上海浦东发展银行股份有限公司,股票型ETF,主题指数ETF,931409.CSI,417184114.88,5710200,4913411,0.853,0.86046215544114,-0.43188981
2021-08-30,517120.SH,华泰柏瑞中证沪港深创新药产业ETF,20210719,中证沪港深创新药产业指数,中证沪港深创新药产业指数收益率,华泰柏瑞基金管理有限公司,上海浦东发展银行股份有限公司,股票型ETF,主题指数ETF,931409.CSI,420659855.36,7156400,6194784,0.862,0.86562852831032,-0.62255015
2021-08-31,517120.SH,华泰柏瑞中证沪港深创新药产业ETF,20210719,中证沪港深创新药产业指数,中证沪港深创新药产业指数收益率,华泰柏瑞基金管理有限公司,上海浦东发展银行股份有限公司,股票型ETF,主题指数ETF,931409.CSI,419544432.64,8273100,7101278,0.861,0.85835756850516,-0.473933649
2021-09-01,517120.SH,华泰柏瑞中证沪港深创新药产业ETF,20210719,中证沪港深创新药产业指数,中证沪港深创新药产业指数收益率,华泰柏瑞基金管理有限公司,上海浦东发展银行股份有限公司,股票型ETF,主题指数ETF,931409.CSI,423036190.72,6299476,5440468,0.87,0.86363818196942,-0.263670755
2021-09-02,517120.SH,华泰柏瑞中证沪港深创新药产业ETF,20210719,中证沪港深创新药产业指数,中证沪港深创新药产业指数收益率,华泰柏瑞基金管理有限公司,上海浦东发展银行股份有限公司,股票型ETF,主题指数ETF,931409.CSI,413530849.28,7438200,6366442,0.85,0.85591164529053,-0.316641257
2021-09-03,517120.SH,华泰柏瑞中证沪港深创新药产业ETF,20210719,中证沪港深创新药产业指数,中证沪港深创新药产业指数收益率,华泰柏瑞基金管理有限公司,上海浦东发展银行股份有限公司,股票型ETF,主题指数ETF,931409.CSI,418041036.8,6531600,5601308,0.859,0.85757057994978,-0.348027842
2021-09-06,517120.SH,华泰柏瑞中证沪港深创新药产业ETF,20210719,中证沪港深创新药产业指数,中证沪港深创新药产业指数收益率,华泰柏瑞基金管理有限公司,上海浦东发展银行股份有限公司,股票型ETF,主题指数ETF,931409.CSI,433414047.36,14531700,12889101,0.893,0.88696442948864,-0.490305326
2021-09-07,517120.SH,华泰柏瑞中证沪港深创新药产业ETF,20210719,中证沪港深创新药产业指数,中证沪港深创新药产业指数收益率,华泰柏瑞基金管理有限公司,上海浦东发展银行股份有限公司,股票型ETF,主题指数ETF,931409.CSI,432593004.48,5016500,4462428,0.893,0.88955008472042,-0.301440214
2021-09-08,517120.SH,华泰柏瑞中证沪港深创新药产业ETF,20210719,中证沪港深创新药产业指数,中证沪港深创新药产业指数收益率,华泰柏瑞基金管理有限公司,上海浦东发展银行股份有限公司,股票型ETF,主题指数ETF,931409.CSI,430902622.08,4852600,4324492,0.891,0.89117009438239,-0.134498991
2021-09-09,517120.SH,华泰柏瑞中证沪港深创新药产业ETF,20210719,中证沪港深创新药产业指数,中证沪港深创新药产业指数收益率,华泰柏瑞基金管理有限公司,上海浦东发展银行股份有限公司,股票型ETF,主题指数ETF,931409.CSI,428777569.92,5191800,4612940,0.887,0.88850495011364,-0.090110385
2021-09-10,517120.SH,华泰柏瑞中证沪港深创新药产业ETF,20210719,中证沪港深创新药产业指数,中证沪港深创新药产业指数收益率,华泰柏瑞基金管理有限公司,上海浦东发展银行股份有限公司,股票型ETF,主题指数ETF,931409.CSI,428825866.56,4103700,3621367,0.883,0.88246387406487,-0.551863949
2021-09-13,517120.SH,华泰柏瑞中证沪港深创新药产业ETF,20210719,中证沪港深创新药产业指数,中证沪港深创新药产业指数收益率,华泰柏瑞基金管理有限公司,上海浦东发展银行股份有限公司,股票型ETF,主题指数ETF,931409.CSI,423706422.72,6315847,5542824,0.875,0.87760580647378,-0.262168016
2021-09-14,517120.SH,华泰柏瑞中证沪港深创新药产业ETF,20210719,中证沪港深创新药产业指数,中证沪港深创新药产业指数收益率,华泰柏瑞基金管理有限公司,上海浦东发展银行股份有限公司,股票型ETF,主题指数ETF,931409.CSI,430323062.4,7559300,6713464,0.886,0.88810657071422,-0.561167228
2021-09-15,517120.SH,华泰柏瑞中证沪港深创新药产业ETF,20210719,中证沪港深创新药产业指数,中证沪港深创新药产业指数收益率,华泰柏瑞基金管理有限公司,上海浦东发展银行股份有限公司,股票型ETF,主题指数ETF,931409.CSI,426652517.76,3882600,3425945,0.881,0.88238422706434,-0.271677609
2021-09-16,517120.SH,华泰柏瑞中证沪港深创新药产业ETF,20210719,中证沪港深创新药产业指数,中证沪港深创新药产业指数收益率,华泰柏瑞基金管理有限公司,上海浦东发展银行股份有限公司,股票型ETF,主题指数ETF,931409.CSI,424285982.4,5375200,4692928,0.873,0.87307039738056,-0.62606716
2021-09-17,517120.SH,华泰柏瑞中证沪港深创新药产业ETF,20210719,中证沪港深创新药产业指数,中证沪港深创新药产业指数收益率,华泰柏瑞基金管理有限公司,上海浦东发展银行股份有限公司,股票型ETF,主题指数ETF,931409.CSI,447420072.96,20606500,18656815,0.916,0.9053849513503,-1.122625216
2021-09-22,517120.SH,华泰柏瑞中证沪港深创新药产业ETF,20210719,中证沪港深创新药产业指数,中证沪港深创新药产业指数收益率,华泰柏瑞基金管理有限公司,上海浦东发展银行股份有限公司,股票型ETF,主题指数ETF,931409.CSI,440078983.68,4677300,4247815,0.908,0.90817672588887,-0.35118525
2021-09-23,517120.SH,华泰柏瑞中证沪港深创新药产业ETF,20210719,中证沪港深创新药产业指数,中证沪港深创新药产业指数收益率,华泰柏瑞基金管理有限公司,上海浦东发展银行股份有限公司,股票型ETF,主题指数ETF,931409.CSI,436987998.72,5665600,5113743,0.901,0.90259513555493,-0.419982317
2021-09-24,517120.SH,华泰柏瑞中证沪港深创新药产业ETF,20210719,中证沪港深创新药产业指数,中证沪港深创新药产业指数收益率,华泰柏瑞基金管理有限公司,上海浦东发展银行股份有限公司,股票型ETF,主题指数ETF,931409.CSI,437132888.64,3874700,3517862,0.905,0.90790564430795,-0.011048503
2021-09-27,517120.SH,华泰柏瑞中证沪港深创新药产业ETF,20210719,中证沪港深创新药产业指数,中证沪港深创新药产业指数收益率,华泰柏瑞基金管理有限公司,上海浦东发展银行股份有限公司,股票型ETF,主题指数ETF,931409.CSI,441721069.44,6492700,5942899,0.911,0.91532012875999,-0.393614695
2021-09-28,517120.SH,华泰柏瑞中证沪港深创新药产业ETF,20210719,中证沪港深创新药产业指数,中证沪港深创新药产业指数收益率,华泰柏瑞基金管理有限公司,上海浦东发展银行股份有限公司,股票型ETF,主题指数ETF,931409.CSI,439074226.56,4722900,4284203,0.911,0.90711279087002,-0.208127944
2021-09-29,517120.SH,华泰柏瑞中证沪港深创新药产业ETF,20210719,中证沪港深创新药产业指数,中证沪港深创新药产业指数收益率,华泰柏瑞基金管理有限公司,上海浦东发展银行股份有限公司,股票型ETF,主题指数ETF,931409.CSI,431282570.88,6504600,5816348,0.893,0.89418995787596,-0.412624066
2021-09-30,517120.SH,华泰柏瑞中证沪港深创新药产业ETF,20210719,中证沪港深创新药产业指数,中证沪港深创新药产业指数收益率,华泰柏瑞基金管理有限公司,上海浦东发展银行股份有限公司,股票型ETF,主题指数ETF,931409.CSI,437342703.8736,4776500,4309563,0.904,0.90224285564744,-0.582865941
2021-10-08,517120.SH,华泰柏瑞中证沪港深创新药产业ETF,20210719,中证沪港深创新药产业指数,中证沪港深创新药产业指数收益率,华泰柏瑞基金管理有限公司,上海浦东发展银行股份有限公司,股票型ETF,主题指数ETF,931409.CSI,421295196.8,11585300,10310899,0.882,0.88999844630696,-0.563697858
2021-10-11,517120.SH,华泰柏瑞中证沪港深创新药产业ETF,20210719,中证沪港深创新药产业指数,中证沪港深创新药产业指数收益率,华泰柏瑞基金管理有限公司,上海浦东发展银行股份有限公司,股票型ETF,主题指数ETF,931409.CSI,416688022.72,7849700,6927283,0.875,0.88249015885957,-0.262168016
2021-10-12,517120.SH,华泰柏瑞中证沪港深创新药产业ETF,20210719,中证沪港深创新药产业指数,中证沪港深创新药产业指数收益率,华泰柏瑞基金管理有限公司,上海浦东发展银行股份有限公司,股票型ETF,主题指数ETF,931409.CSI,414028210.88,5687900,4985835,0.869,0.87656868088398,-0.309739589
2021-10-13,517120.SH,华泰柏瑞中证沪港深创新药产业ETF,20210719,中证沪港深创新药产业指数,中证沪港深创新药产业指数收益率,华泰柏瑞基金管理有限公司,上海浦东发展银行股份有限公司,股票型ETF,主题指数ETF,931409.CSI,419157848.0,2750500,2408512,0.881,0.87566333393928,-0.169971671
2021-10-14,517120.SH,华泰柏瑞中证沪港深创新药产业ETF,20210719,中证沪港深创新药产业指数,中证沪港深创新药产业指数收益率,华泰柏瑞基金管理有限公司,上海浦东发展银行股份有限公司,股票型ETF,主题指数ETF,931409.CSI,414788157.12,1992400,1743857,0.873,0.8752544669745,-0.034352456
2021-10-15,517120.SH,华泰柏瑞中证沪港深创新药产业ETF,20210719,中证沪港深创新药产业指数,中证沪港深创新药产业指数收益率,华泰柏瑞基金管理有限公司,上海浦东发展银行股份有限公司,股票型ETF,主题指数ETF,931409.CSI,413695734.4,3677300,3188020,0.87,0.86694585701466,-0.114810563
2021-10-18,517120.SH,华泰柏瑞中证沪港深创新药产业ETF,20210719,中证沪港深创新药产业指数,中证沪港深创新药产业指数收益率,华泰柏瑞基金管理有限公司,上海浦东发展银行股份有限公司,股票型ETF,主题指数ETF,931409.CSI,411748372.16,4955500,4270801,0.861,0.86183049137322,-0.680585996
2021-10-19,517120.SH,华泰柏瑞中证沪港深创新药产业ETF,20210719,中证沪港深创新药产业指数,中证沪港深创新药产业指数收益率,华泰柏瑞基金管理有限公司,上海浦东发展银行股份有限公司,股票型ETF,主题指数ETF,931409.CSI,420060284.16,4367100,3817490,0.879,0.87414760367292,-0.610583446
2021-10-20,517120.SH,华泰柏瑞中证沪港深创新药产业ETF,20210719,中证沪港深创新药产业指数,中证沪港深创新药产业指数收益率,华泰柏瑞基金管理有限公司,上海浦东发展银行股份有限公司,股票型ETF,主题指数ETF,931409.CSI,418445398.4,3830800,3347800,0.875,0.87391667536807,-0.681044268
2021-10-21,517120.SH,华泰柏瑞中证沪港深创新药产业ETF,20210719,中证沪港深创新药产业指数,中证沪港深创新药产业指数收益率,华泰柏瑞基金管理有限公司,上海浦东发展银行股份有限公司,股票型ETF,主题指数ETF,931409.CSI,413838224.32,4372800,3800697,0.867,0.86916781009879,-0.493515437
2021-10-22,517120.SH,华泰柏瑞中证沪港深创新药产业ETF,20210719,中证沪港深创新药产业指数,中证沪港深创新药产业指数收益率,华泰柏瑞基金管理有限公司,上海浦东发展银行股份有限公司,股票型ETF,主题指数ETF,931409.CSI,416165559.68,3971800,3454933,0.873,0.86986580391762,-0.365213422
2021-10-25,517120.SH,华泰柏瑞中证沪港深创新药产业ETF,20210719,中证沪港深创新药产业指数,中证沪港深创新药产业指数收益率,华泰柏瑞基金管理有限公司,上海浦东发展银行股份有限公司,股票型ETF,主题指数ETF,931409.CSI,418635384.96,4388700,3855747,0.878,0.87856244445963,-0.385749943
2021-10-26,517120.SH,华泰柏瑞中证沪港深创新药产业ETF,20210719,中证沪港深创新药产业指数,中证沪港深创新药产业指数收益率,华泰柏瑞基金管理有限公司,上海浦东发展银行股份有限公司,股票型ETF,主题指数ETF,931409.CSI,415453110.08,5857600,5115394,0.871,0.87329179186015,-0.423002172
2021-10-27,517120.SH,华泰柏瑞中证沪港深创新药产业ETF,20210719,中证沪港深创新药产业指数,中证沪港深创新药产业指数收益率,华泰柏瑞基金管理有限公司,上海浦东发展银行股份有限公司,股票型ETF,主题指数ETF,931409.CSI,407711157.76,4435100,3803716,0.854,0.85763928660008,-0.512581547
2021-10-28,517120.SH,华泰柏瑞中证沪港深创新药产业ETF,20210719,中证沪港深创新药产业指数,中证沪港深创新药产业指数收益率,华泰柏瑞基金管理有限公司,上海浦东发展银行股份有限公司,股票型ETF,主题指数ETF,931409.CSI,403673943.36,5626100,4795555,0.848,0.85237642416594,-0.223555712
2021-10-29,517120.SH,华泰柏瑞中证沪港深创新药产业ETF,20210719,中证沪港深创新药产业指数,中证沪港深创新药产业指数收益率,华泰柏瑞基金管理有限公司,上海浦东发展银行股份有限公司,股票型ETF,主题指数ETF,931409.CSI,409326043.52,3630752,3083856,0.858,0.849371149558,-0.440937573
2021-11-01,517120.SH,华泰柏瑞中证沪港深创新药产业ETF,20210719,中证沪港深创新药产业指数,中证沪港深创新药产业指数收益率,华泰柏瑞基金管理有限公司,上海浦东发展银行股份有限公司,股票型ETF,主题指数ETF,931409.CSI,396929420.48,11251000,9422365,0.837,0.83746911385655,0.155558215
2021-11-02,517120.SH,华泰柏瑞中证沪港深创新药产业ETF,20210719,中证沪港深创新药产业指数,中证沪港深创新药产业指数收益率,华泰柏瑞基金管理有限公司,上海浦东发展银行股份有限公司,股票型ETF,主题指数ETF,931409.CSI,390897347.2,9485800,7883015,0.827,0.8310332286154,0.486026731
2021-11-03,517120.SH,华泰柏瑞中证沪港深创新药产业ETF,20210719,中证沪港深创新药产业指数,中证沪港深创新药产业指数收益率,华泰柏瑞基金管理有限公司,上海浦东发展银行股份有限公司,股票型ETF,主题指数ETF,931409.CSI,393319675.84,5856100,4873786,0.828,0.83225798739776,-0.012075836
2021-11-04,517120.SH,华泰柏瑞中证沪港深创新药产业ETF,20210719,中证沪港深创新药产业指数,中证沪港深创新药产业指数收益率,华泰柏瑞基金管理有限公司,上海浦东发展银行股份有限公司,股票型ETF,主题指数ETF,931409.CSI,392400257.28,8381400,6889035,0.819,0.82194323144105,-0.449738665
2021-11-05,517120.SH,华泰柏瑞中证沪港深创新药产业ETF,20210719,中证沪港深创新药产业指数,中证沪港深创新药产业指数收益率,华泰柏瑞基金管理有限公司,上海浦东发展银行股份有限公司,股票型ETF,主题指数ETF,931409.CSI,390063121.92,4106600,3376203,0.818,0.82214070033604,0.024455857
2021-11-08,517120.SH,华泰柏瑞中证沪港深创新药产业ETF,20210719,中证沪港深创新药产业指数,中证沪港深创新药产业指数收益率,华泰柏瑞基金管理有限公司,上海浦东发展银行股份有限公司,股票型ETF,主题指数ETF,931409.CSI,383282135.04,8204300,6542401,0.795,0.79743561303219,0.17641129
2021-11-09,517120.SH,华泰柏瑞中证沪港深创新药产业ETF,20210719,中证沪港深创新药产业指数,中证沪港深创新药产业指数收益率,华泰柏瑞基金管理有限公司,上海浦东发展银行股份有限公司,股票型ETF,主题指数ETF,931409.CSI,391202784.0,3470500,2787903,0.808,0.80331450799597,-0.24691358
2021-11-10,517120.SH,华泰柏瑞中证沪港深创新药产业ETF,20210719,中证沪港深创新药产业指数,中证沪港深创新药产业指数收益率,华泰柏瑞基金管理有限公司,上海浦东发展银行股份有限公司,股票型ETF,主题指数ETF,931409.CSI,406935306.24,10922000,8990160,0.837,0.82312396996887,-0.250268144
2021-11-11,517120.SH,华泰柏瑞中证沪港深创新药产业ETF,20210719,中证沪港深创新药产业指数,中证沪港深创新药产业指数收益率,华泰柏瑞基金管理有限公司,上海浦东发展银行股份有限公司,股票型ETF,主题指数ETF,931409.CSI,404413480.96,4823200,4037650,0.835,0.83713095040637,0.131910301
2021-11-12,517120.SH,华泰柏瑞中证沪港深创新药产业ETF,20210719,中证沪港深创新药产业指数,中证沪港深创新药产业指数收益率,华泰柏瑞基金管理有限公司,上海浦东发展银行股份有限公司,股票型ETF,主题指数ETF,931409.CSI,404122501.12,2754900,2303455,0.834,0.83613016806418,0.08400336
2021-11-15,517120.SH,华泰柏瑞中证沪港深创新药产业ETF,20210719,中证沪港深创新药产业指数,中证沪港深创新药产业指数收益率,华泰柏瑞基金管理有限公司,上海浦东发展银行股份有限公司,股票型ETF,主题指数ETF,931409.CSI,410815037.44,5688000,4788099,0.847,0.84178955696203,-0.011804982
2021-11-16,517120.SH,华泰柏瑞中证沪港深创新药产业ETF,20210719,中证沪港深创新药产业指数,中证沪港深创新药产业指数收益率,华泰柏瑞基金管理有限公司,上海浦东发展银行股份有限公司,股票型ETF,主题指数ETF,931409.CSI,422163251.2,10798700,9337673,0.867,0.86470343652477,-0.402067777
2021-11-17,517120.SH,华泰柏瑞中证沪港深创新药产业ETF,20210719,中证沪港深创新药产业指数,中证沪港深创新药产业指数收益率,华泰柏瑞基金管理有限公司,上海浦东发展银行股份有限公司,股票型ETF,主题指数ETF,931409.CSI,425315532.8,5566800,4855125,0.871,0.87215725371847,-0.684150513
2021-11-18,517120.SH,华泰柏瑞中证沪港深创新药产业ETF,20210719,中证沪港深创新药产业指数,中证沪港深创新药产业指数收益率,华泰柏瑞基金管理有限公司,上海浦东发展银行股份有限公司,股票型ETF,主题指数ETF,931409.CSI,416586137.6,3169100,2722005,0.856,0.85892051371052,-0.349243306
2021-11-19,517120.SH,华泰柏瑞中证沪港深创新药产业ETF,20210719,中证沪港深创新药产业指数,中证沪港深创新药产业指数收益率,华泰柏瑞基金管理有限公司,上海浦东发展银行股份有限公司,股票型ETF,主题指数ETF,931409.CSI,415373721.6,3232000,2758791,0.855,0.85358632425743,-0.175131349
2021-11-22,517120.SH,华泰柏瑞中证沪港深创新药产业ETF,20210719,中证沪港深创新药产业指数,中证沪港深创新药产业指数收益率,华泰柏瑞基金管理有限公司,上海浦东发展银行股份有限公司,股票型ETF,主题指数ETF,931409.CSI,411348500.48,4390500,3717292,0.846,0.84666712219565,-0.259372789
2021-11-23,517120.SH,华泰柏瑞中证沪港深创新药产业ETF,20210719,中证沪港深创新药产业指数,中证沪港深创新药产业指数收益率,华泰柏瑞基金管理有限公司,上海浦东发展银行股份有限公司,股票型ETF,主题指数ETF,931409.CSI,408875171.84,3528500,2964550,0.841,0.84017287799348,-0.249080773
2021-11-24,517120.SH,华泰柏瑞中证沪港深创新药产业ETF,20210719,中证沪港深创新药产业指数,中证沪港深创新药产业指数收益率,华泰柏瑞基金管理有限公司,上海浦东发展银行股份有限公司,股票型ETF,主题指数ETF,931409.CSI,413870325.76,3474800,2945568,0.85,0.84769425578451,-0.398406375
2021-11-25,517120.SH,华泰柏瑞中证沪港深创新药产业ETF,20210719,中证沪港深创新药产业指数,中证沪港深创新药产业指数收益率,华泰柏瑞基金管理有限公司,上海浦东发展银行股份有限公司,股票型ETF,主题指数ETF,931409.CSI,419204956.16,2423900,2079320,0.86,0.85784066999464,-0.5090236
2021-11-26,517120.SH,华泰柏瑞中证沪港深创新药产业ETF,20210719,中证沪港深创新药产业指数,中证沪港深创新药产业指数收益率,华泰柏瑞基金管理有限公司,上海浦东发展银行股份有限公司,股票型ETF,主题指数ETF,931409.CSI,419544432.64,3644700,3158739,0.863,0.86666639229566,-0.242746503
2021-11-29,517120.SH,华泰柏瑞中证沪港深创新药产业ETF,20210719,中证沪港深创新药产业指数,中证沪港深创新药产业指数收益率,华泰柏瑞基金管理有限公司,上海浦东发展银行股份有限公司,股票型ETF,主题指数ETF,931409.CSI,422987694.08,5525100,4828638,0.869,0.87394581093555,-0.366888328
2021-11-30,517120.SH,华泰柏瑞中证沪港深创新药产业ETF,20210719,中证沪港深创新药产业指数,中证沪港深创新药产业指数收益率,华泰柏瑞基金管理有限公司,上海浦东发展银行股份有限公司,股票型ETF,主题指数ETF,931409.CSI,420368875.52,3589200,3098941,0.863,0.86340716594227,-0.438394093
2021-12-01,517120.SH,华泰柏瑞中证沪港深创新药产业ETF,20210719,中证沪港深创新药产业指数,中证沪港深创新药产业指数收益率,华泰柏瑞基金管理有限公司,上海浦东发展银行股份有限公司,股票型ETF,主题指数ETF,931409.CSI,417798553.6,6134700,5291259,0.861,0.86251308132427,-0.058038305
2021-12-02,517120.SH,华泰柏瑞中证沪港深创新药产业ETF,20210719,中证沪港深创新药产业指数,中证沪港深创新药产业指数收益率,华泰柏瑞基金管理有限公司,上海浦东发展银行股份有限公司,股票型ETF,主题指数ETF,931409.CSI,410815037.44,11005500,9339681,0.849,0.84863759029576,0.224294652
2021-12-03,517120.SH,华泰柏瑞中证沪港深创新药产业ETF,20210719,中证沪港深创新药产业指数,中证沪港深创新药产业指数收益率,华泰柏瑞基金管理有限公司,上海浦东发展银行股份有限公司,股票型ETF,主题指数ETF,931409.CSI,412997386.24,12250400,10360123,0.847,0.8456967119441,-0.540159699
2021-12-06,517120.SH,华泰柏瑞中证沪港深创新药产业ETF,20210719,中证沪港深创新药产业指数,中证沪港深创新药产业指数收益率,华泰柏瑞基金管理有限公司,上海浦东发展银行股份有限公司,股票型ETF,主题指数ETF,931409.CSI,396848005.12,17699900,14634632,0.819,0.82682003853129,0.085543199
2021-12-07,517120.SH,华泰柏瑞中证沪港深创新药产业ETF,20210719,中证沪港深创新药产业指数,中证沪港深创新药产业指数收益率,华泰柏瑞基金管理有限公司,上海浦东发展银行股份有限公司,股票型ETF,主题指数ETF,931409.CSI,399612313.6,9813400,8053308,0.82,0.82064401736401,-0.485436893
2021-12-08,517120.SH,华泰柏瑞中证沪港深创新药产业ETF,20210719,中证沪港深创新药产业指数,中证沪港深创新药产业指数收益率,华泰柏瑞基金管理有限公司,上海浦东发展银行股份有限公司,股票型ETF,主题指数ETF,931409.CSI,407177789.44,12917300,10783781,0.838,0.83483243402259,-0.190566937
2021-12-09,517120.SH,华泰柏瑞中证沪港深创新药产业ETF,20210719,中证沪港深创新药产业指数,中证沪港深创新药产业指数收益率,华泰柏瑞基金管理有限公司,上海浦东发展银行股份有限公司,股票型ETF,主题指数ETF,931409.CSI,416925614.08,12988300,11029399,0.855,0.84917956930468,-0.546702338
2021-12-10,517120.SH,华泰柏瑞中证沪港深创新药产业ETF,20210719,中证沪港深创新药产业指数,中证沪港深创新药产业指数收益率,华泰柏瑞基金管理有限公司,上海浦东发展银行股份有限公司,股票型ETF,主题指数ETF,931409.CSI,409796608.0,16244300,13776824,0.846,0.84810204194702,0.118343195
2021-12-13,517120.SH,华泰柏瑞中证沪港深创新药产业ETF,20210719,中证沪港深创新药产业指数,中证沪港深创新药产业指数收益率,华泰柏瑞基金管理有限公司,上海浦东发展银行股份有限公司,股票型ETF,主题指数ETF,931409.CSI,404074004.48,15469400,13038896,0.838,0.84288311117432,0.576092175
2021-12-14,517120.SH,华泰柏瑞中证沪港深创新药产业ETF,20210719,中证沪港深创新药产业指数,中证沪港深创新药产业指数收益率,华泰柏瑞基金管理有限公司,上海浦东发展银行股份有限公司,股票型ETF,主题指数ETF,931409.CSI,405916876.8,13824400,11618684,0.837,0.84044761436301,0
2021-12-15,517120.SH,华泰柏瑞中证沪港深创新药产业ETF,20210719,中证沪港深创新药产业指数,中证沪港深创新药产业指数收益率,华泰柏瑞基金管理有限公司,上海浦东发展银行股份有限公司,股票型ETF,主题指数ETF,931409.CSI,389098379.52,28686500,23455942,0.807,0.81766482491764,2.242493349
2021-12-16,517120.SH,华泰柏瑞中证沪港深创新药产业ETF,20210719,中证沪港深创新药产业指数,中证沪港深创新药产业指数收益率,华泰柏瑞基金管理有限公司,上海浦东发展银行股份有限公司,股票型ETF,主题指数ETF,931409.CSI,405488019.2,23986000,19124272,0.803,0.79730976402902,0
2021-12-17,517120.SH,华泰柏瑞中证沪港深创新药产业ETF,20210719,中证沪港深创新药产业指数,中证沪港深创新药产业指数收益率,华泰柏瑞基金管理有限公司,上海浦东发展银行股份有限公司,股票型ETF,主题指数ETF,931409.CSI,406882544.32,24129000,19447578,0.799,0.80598358821335,0.33906819
2021-12-20,517120.SH,华泰柏瑞中证沪港深创新药产业ETF,20210719,中证沪港深创新药产业指数,中证沪港深创新药产业指数收益率,华泰柏瑞基金管理有限公司,上海浦东发展银行股份有限公司,股票型ETF,主题指数ETF,931409.CSI,402148162.56,24100200,19065287,0.781,0.79108418187401,0.398508806
2021-12-21,517120.SH,华泰柏瑞中证沪港深创新药产业ETF,20210719,中证沪港深创新药产业指数,中证沪港深创新药产业指数收益率,华泰柏瑞基金管理有限公司,上海浦东发展银行股份有限公司,股票型ETF,主题指数ETF,931409.CSI,407731399.68,14387800,11283021,0.787,0.78420752304035,-0.215544567
2021-12-22,517120.SH,华泰柏瑞中证沪港深创新药产业ETF,20210719,中证沪港深创新药产业指数,中证沪港深创新药产业指数收益率,华泰柏瑞基金管理有限公司,上海浦东发展银行股份有限公司,股票型ETF,主题指数ETF,931409.CSI,407025347.52,11431000,8966020,0.783,0.78436007348438,-0.165752901
2021-12-23,517120.SH,华泰柏瑞中证沪港深创新药产业ETF,20210719,中证沪港深创新药产业指数,中证沪港深创新药产业指数收益率,华泰柏瑞基金管理有限公司,上海浦东发展银行股份有限公司,股票型ETF,主题指数ETF,931409.CSI,404171032.32,9713100,7590110,0.78,0.78143023339614,0.154083205
2021-12-24,517120.SH,华泰柏瑞中证沪港深创新药产业ETF,20210719,中证沪港深创新药产业指数,中证沪港深创新药产业指数收益率,华泰柏瑞基金管理有限公司,上海浦东发展银行股份有限公司,股票型ETF,主题指数ETF,931409.CSI,404378618.88,11229900,8767408,0.783,0.78072004203065,0.487679671
2021-12-27,517120.SH,华泰柏瑞中证沪港深创新药产业ETF,20210719,中证沪港深创新药产业指数,中证沪港深创新药产业指数收益率,华泰柏瑞基金管理有限公司,上海浦东发展银行股份有限公司,股票型ETF,主题指数ETF,931409.CSI,406350691.2,5832600,4545181,0.785,0.77927185131845,0.255427842
2021-12-28,517120.SH,华泰柏瑞中证沪港深创新药产业ETF,20210719,中证沪港深创新药产业指数,中证沪港深创新药产业指数收益率,华泰柏瑞基金管理有限公司,上海浦东发展银行股份有限公司,股票型ETF,主题指数ETF,931409.CSI,412986566.08,15648200,12219129,0.791,0.78086482790353,0.164619476
2021-12-29,517120.SH,华泰柏瑞中证沪港深创新药产业ETF,20210719,中证沪港深创新药产业指数,中证沪港深创新药产业指数收益率,华泰柏瑞基金管理有限公司,上海浦东发展银行股份有限公司,股票型ETF,主题指数ETF,931409.CSI,409378097.92,9162500,7200608,0.787,0.78587809004093,0.536535514
2021-12-30,517120.SH,华泰柏瑞中证沪港深创新药产业ETF,20210719,中证沪港深创新药产业指数,中证沪港深创新药产业指数收益率,华泰柏瑞基金管理有限公司,上海浦东发展银行股份有限公司,股票型ETF,主题指数ETF,931409.CSI,411156183.68,9900200,7761171,0.786,0.78394082947819,-0.02543882
2021-12-31,517120.SH,华泰柏瑞中证沪港深创新药产业ETF,20210719,中证沪港深创新药产业指数,中证沪港深创新药产业指数收益率,华泰柏瑞基金管理有限公司,上海浦东发展银行股份有限公司,股票型ETF,主题指数ETF,931409.CSI,415026096.9472,12435800,9883970,0.797,0.79479969121408,0.428427419
2022-01-04,517120.SH,华泰柏瑞中证沪港深创新药产业ETF,20210719,中证沪港深创新药产业指数,中证沪港深创新药产业指数收益率,华泰柏瑞基金管理有限公司,上海浦东发展银行股份有限公司,股票型ETF,主题指数ETF,931409.CSI,406440176.64,29041900,22322650,0.761,0.76863600522004,-0.20980855
2022-01-05,517120.SH,华泰柏瑞中证沪港深创新药产业ETF,20210719,中证沪港深创新药产业指数,中证沪港深创新药产业指数收益率,华泰柏瑞基金管理有限公司,上海浦东发展银行股份有限公司,股票型ETF,主题指数ETF,931409.CSI,401650867.2,16926500,12735069,0.752,0.7523746196792,0.534759358
2022-01-06,517120.SH,华泰柏瑞中证沪港深创新药产业ETF,20210719,中证沪港深创新药产业指数,中证沪港深创新药产业指数收益率,华泰柏瑞基金管理有限公司,上海浦东发展银行股份有限公司,股票型ETF,主题指数ETF,931409.CSI,407552655.36,16210400,11974673,0.739,0.73870311651779,-0.457974138
2022-01-07,517120.SH,华泰柏瑞中证沪港深创新药产业ETF,20210719,中证沪港深创新药产业指数,中证沪港深创新药产业指数收益率,华泰柏瑞基金管理有限公司,上海浦东发展银行股份有限公司,股票型ETF,主题指数ETF,931409.CSI,410132797.44,16295500,12161282,0.748,0.74629695314657,0.120465801
2022-01-10,517120.SH,华泰柏瑞中证沪港深创新药产业ETF,20210719,中证沪港深创新药产业指数,中证沪港深创新药产业指数收益率,华泰柏瑞基金管理有限公司,上海浦东发展银行股份有限公司,股票型ETF,主题指数ETF,931409.CSI,419410329.6,14107800,10726449,0.765,0.76032046102156,0.130890052
2022-01-11,517120.SH,华泰柏瑞中证沪港深创新药产业ETF,20210719,中证沪港深创新药产业指数,中证沪港深创新药产业指数收益率,华泰柏瑞基金管理有限公司,上海浦东发展银行股份有限公司,股票型ETF,主题指数ETF,931409.CSI,422759024.64,15838400,12141596,0.764,0.76659233255884,-0.792104921
2022-01-12,517120.SH,华泰柏瑞中证沪港深创新药产业ETF,20210719,中证沪港深创新药产业指数,中证沪港深创新药产业指数收益率,华泰柏瑞基金管理有限公司,上海浦东发展银行股份有限公司,股票型ETF,主题指数ETF,931409.CSI,428468275.2,15747900,12194295,0.777,0.77434419827406,-0.448430493
2022-01-13,517120.SH,华泰柏瑞中证沪港深创新药产业ETF,20210719,中证沪港深创新药产业指数,中证沪港深创新药产业指数收益率,华泰柏瑞基金管理有限公司,上海浦东发展银行股份有限公司,股票型ETF,主题指数ETF,931409.CSI,421825781.76,10594400,8182874,0.768,0.77237729366458,-0.052056221
2022-01-14,517120.SH,华泰柏瑞中证沪港深创新药产业ETF,20210719,中证沪港深创新药产业指数,中证沪港深创新药产业指数收益率,华泰柏瑞基金管理有限公司,上海浦东发展银行股份有限公司,股票型ETF,主题指数ETF,931409.CSI,422923714.56,8704200,6663270,0.767,0.76552354035983,-0.44132918
2022-01-17,517120.SH,华泰柏瑞中证沪港深创新药产业ETF,20210719,中证沪港深创新药产业指数,中证沪港深创新药产业指数收益率,华泰柏瑞基金管理有限公司,上海浦东发展银行股份有限公司,股票型ETF,主题指数ETF,931409.CSI,422045368.32,8866700,6793661,0.768,0.76619948797185,-0.104058273
2022-01-18,517120.SH,华泰柏瑞中证沪港深创新药产业ETF,20210719,中证沪港深创新药产业指数,中证沪港深创新药产业指数收益率,华泰柏瑞基金管理有限公司,上海浦东发展银行股份有限公司,股票型ETF,主题指数ETF,931409.CSI,420508262.4,8147800,6252082,0.763,0.76733375880606,-0.391644909
2022-01-19,517120.SH,华泰柏瑞中证沪港深创新药产业ETF,20210719,中证沪港深创新药产业指数,中证沪港深创新药产业指数收益率,华泰柏瑞基金管理有限公司,上海浦东发展银行股份有限公司,股票型ETF,主题指数ETF,931409.CSI,408815278.08,12767700,9544126,0.743,0.74752116669408,-0.228279844
2022-01-20,517120.SH,华泰柏瑞中证沪港深创新药产业ETF,20210719,中证沪港深创新药产业指数,中证沪港深创新药产业指数收益率,华泰柏瑞基金管理有限公司,上海浦东发展银行股份有限公司,股票型ETF,主题指数ETF,931409.CSI,408266311.68,11179100,8284983,0.741,0.74111359590665,-0.363049617
2022-01-21,517120.SH,华泰柏瑞中证沪港深创新药产业ETF,20210719,中证沪港深创新药产业指数,中证沪港深创新药产业指数收益率,华泰柏瑞基金管理有限公司,上海浦东发展银行股份有限公司,股票型ETF,主题指数ETF,931409.CSI,401678714.88,12352800,9062504,0.73,0.73363966064374,-0.232335657
2022-01-24,517120.SH,华泰柏瑞中证沪港深创新药产业ETF,20210719,中证沪港深创新药产业指数,中证沪港深创新药产业指数收益率,华泰柏瑞基金管理有限公司,上海浦东发展银行股份有限公司,股票型ETF,主题指数ETF,931409.CSI,397616363.52,5586500,4062946,0.725,0.72727933410901,0.096645037
2022-01-25,517120.SH,华泰柏瑞中证沪港深创新药产业ETF,20210719,中证沪港深创新药产业指数,中证沪港深创新药产业指数收益率,华泰柏瑞基金管理有限公司,上海浦东发展银行股份有限公司,股票型ETF,主题指数ETF,931409.CSI,387899658.24,16101500,11494743,0.702,0.71389268080614,-0.651004812
2022-01-26,517120.SH,华泰柏瑞中证沪港深创新药产业ETF,20210719,中证沪港深创新药产业指数,中证沪港深创新药产业指数收益率,华泰柏瑞基金管理有限公司,上海浦东发展银行股份有限公司,股票型ETF,主题指数ETF,931409.CSI,375657707.52,9004500,6231444,0.684,0.6920366483425,-0.043840421
2022-01-27,517120.SH,华泰柏瑞中证沪港深创新药产业ETF,20210719,中证沪港深创新药产业指数,中证沪港深创新药产业指数收益率,华泰柏瑞基金管理有限公司,上海浦东发展银行股份有限公司,股票型ETF,主题指数ETF,931409.CSI,369015214.08,9651000,6515630,0.67,0.67512485752772,-0.327283547
2022-01-28,517120.SH,华泰柏瑞中证沪港深创新药产业ETF,20210719,中证沪港深创新药产业指数,中证沪港深创新药产业指数收益率,华泰柏瑞基金管理有限公司,上海浦东发展银行股份有限公司,股票型ETF,主题指数ETF,931409.CSI,364788172.8,14089600,9387840,0.669,0.66629570747218,0.677200903
2022-02-07,517120.SH,华泰柏瑞中证沪港深创新药产业ETF,20210719,中证沪港深创新药产业指数,中证沪港深创新药产业指数收益率,华泰柏瑞基金管理有限公司,上海浦东发展银行股份有限公司,股票型ETF,主题指数ETF,931409.CSI,374559774.72,8728400,5981522,0.68,0.68529421199762,-0.337095119
2022-02-08,517120.SH,华泰柏瑞中证沪港深创新药产业ETF,20210719,中证沪港深创新药产业指数,中证沪港深创新药产业指数收益率,华泰柏瑞基金管理有限公司,上海浦东发展银行股份有限公司,股票型ETF,主题指数ETF,931409.CSI,361709441.6,23461400,15175281,0.661,0.64681907303059,0.685453161
2022-02-09,517120.SH,华泰柏瑞中证沪港深创新药产业ETF,20210719,中证沪港深创新药产业指数,中证沪港深创新药产业指数收益率,华泰柏瑞基金管理有限公司,上海浦东发展银行股份有限公司,股票型ETF,主题指数ETF,931409.CSI,363031760.96,16028000,10550896,0.662,0.65827901172947,0.470481105
2022-02-10,517120.SH,华泰柏瑞中证沪港深创新药产业ETF,20210719,中证沪港深创新药产业指数,中证沪港深创新药产业指数收益率,华泰柏瑞基金管理有限公司,上海浦东发展银行股份有限公司,股票型ETF,主题指数ETF,931409.CSI,358128160.0,13555700,8872422,0.65,0.65451596007584,0
2022-02-11,517120.SH,华泰柏瑞中证沪港深创新药产业ETF,20210719,中证沪港深创新药产业指数,中证沪港深创新药产业指数收益率,华泰柏瑞基金管理有限公司,上海浦东发展银行股份有限公司,股票型ETF,主题指数ETF,931409.CSI,347494508.48,17440300,11108024,0.63,0.63691702550988,-0.110987791
2022-02-14,517120.SH,华泰柏瑞中证沪港深创新药产业ETF,20210719,中证沪港深创新药产业指数,中证沪港深创新药产业指数收益率,华泰柏瑞基金管理有限公司,上海浦东发展银行股份有限公司,股票型ETF,主题指数ETF,931409.CSI,348265861.44,8886900,5653268,0.634,0.63613498520294,0.30058535
2022-02-15,517120.SH,华泰柏瑞中证沪港深创新药产业ETF,20210719,中证沪港深创新药产业指数,中证沪港深创新药产业指数收益率,华泰柏瑞基金管理有限公司,上海浦东发展银行股份有限公司,股票型ETF,主题指数ETF,931409.CSI,364188790.4,18164400,11832129,0.659,0.65139112770034,-0.302571861
2022-02-16,517120.SH,华泰柏瑞中证沪港深创新药产业ETF,20210719,中证沪港深创新药产业指数,中证沪港深创新药产业指数收益率,华泰柏瑞基金管理有限公司,上海浦东发展银行股份有限公司,股票型ETF,主题指数ETF,931409.CSI,365731496.32,10521800,6975431,0.663,0.66295035070045,-0.120518228
2022-02-17,517120.SH,华泰柏瑞中证沪港深创新药产业ETF,20210719,中证沪港深创新药产业指数,中证沪港深创新药产业指数收益率,华泰柏瑞基金管理有限公司,上海浦东发展银行股份有限公司,股票型ETF,主题指数ETF,931409.CSI,367990458.56,13937800,9273608,0.665,0.66535665600023,-0.434196736
2022-02-18,517120.SH,华泰柏瑞中证沪港深创新药产业ETF,20210719,中证沪港深创新药产业指数,中证沪港深创新药产业指数收益率,华泰柏瑞基金管理有限公司,上海浦东发展银行股份有限公司,股票型ETF,主题指数ETF,931409.CSI,367053815.68,11752900,7791690,0.667,0.66295892928554,0.120084059
2022-02-21,517120.SH,华泰柏瑞中证沪港深创新药产业ETF,20210719,中证沪港深创新药产业指数,中证沪港深创新药产业指数收益率,华泰柏瑞基金管理有限公司,上海浦东发展银行股份有限公司,股票型ETF,主题指数ETF,931409.CSI,368761811.52,9422600,6301612,0.67,0.6687763462314,0.104586882
2022-02-22,517120.SH,华泰柏瑞中证沪港深创新药产业ETF,20210719,中证沪港深创新药产业指数,中证沪港深创新药产业指数收益率,华泰柏瑞基金管理有限公司,上海浦东发展银行股份有限公司,股票型ETF,主题指数ETF,931409.CSI,359891252.48,11103600,7263744,0.652,0.65417918512915,-0.183710961
2022-02-23,517120.SH,华泰柏瑞中证沪港深创新药产业ETF,20210719,中证沪港深创新药产业指数,中证沪港深创新药产业指数收益率,华泰柏瑞基金管理有限公司,上海浦东发展银行股份有限公司,股票型ETF,主题指数ETF,931409.CSI,368100651.84,9979300,6599064,0.667,0.66127523974627,-0.164646011
2022-02-24,517120.SH,华泰柏瑞中证沪港深创新药产业ETF,20210719,中证沪港深创新药产业指数,中证沪港深创新药产业指数收益率,华泰柏瑞基金管理有限公司,上海浦东发展银行股份有限公司,股票型ETF,主题指数ETF,931409.CSI,359725962.56,14998400,9896040,0.651,0.65980637934713,-0.291009343
2022-02-25,517120.SH,华泰柏瑞中证沪港深创新药产业ETF,20210719,中证沪港深创新药产业指数,中证沪港深创新药产业指数收益率,华泰柏瑞基金管理有限公司,上海浦东发展银行股份有限公司,股票型ETF,主题指数ETF,931409.CSI,371046389.76,14500600,9782718,0.674,0.67464229066383,-0.281106673
2022-02-28,517120.SH,华泰柏瑞中证沪港深创新药产业ETF,20210719,中证沪港深创新药产业指数,中证沪港深创新药产业指数收益率,华泰柏瑞基金管理有限公司,上海浦东发展银行股份有限公司,股票型ETF,主题指数ETF,931409.CSI,369125007.36,8336800,5547872,0.669,0.66546780539296,-0.505651398
2022-03-01,517120.SH,华泰柏瑞中证沪港深创新药产业ETF,20210719,中证沪港深创新药产业指数,中证沪港深创新药产业指数收益率,华泰柏瑞基金管理有限公司,上海浦东发展银行股份有限公司,股票型ETF,主题指数ETF,931409.CSI,372638392.32,9693700,6558800,0.678,0.67660439254361,-0.117855038
2022-03-02,517120.SH,华泰柏瑞中证沪港深创新药产业ETF,20210719,中证沪港深创新药产业指数,中证沪港深创新药产业指数收益率,华泰柏瑞基金管理有限公司,上海浦东发展银行股份有限公司,股票型ETF,主题指数ETF,931409.CSI,366412791.36,8550900,5725897,0.67,0.66962506870622,0.014927601
2022-03-03,517120.SH,华泰柏瑞中证沪港深创新药产业ETF,20210719,中证沪港深创新药产业指数,中证沪港深创新药产业指数收益率,华泰柏瑞基金管理有限公司,上海浦东发展银行股份有限公司,股票型ETF,主题指数ETF,931409.CSI,363021599.68,5501100,3654280,0.664,0.66428168911672,0.045201145
2022-03-04,517120.SH,华泰柏瑞中证沪港深创新药产业ETF,20210719,中证沪港深创新药产业指数,中证沪港深创新药产业指数收益率,华泰柏瑞基金管理有限公司,上海浦东发展银行股份有限公司,股票型ETF,主题指数ETF,931409.CSI,359903891.2,10933200,7189059,0.657,0.65754390297443,-0.151975684
2022-03-07,517120.SH,华泰柏瑞中证沪港深创新药产业ETF,20210719,中证沪港深创新药产业指数,中证沪港深创新药产业指数收益率,华泰柏瑞基金管理有限公司,上海浦东发展银行股份有限公司,股票型ETF,主题指数ETF,931409.CSI,345573371.52,11760400,7452463,0.632,0.63369128601068,0.031655587
2022-03-08,517120.SH,华泰柏瑞中证沪港深创新药产业ETF,20210719,中证沪港深创新药产业指数,中证沪港深创新药产业指数收益率,华泰柏瑞基金管理有限公司,上海浦东发展银行股份有限公司,股票型ETF,主题指数ETF,931409.CSI,337478268.8,12814800,8027037,0.615,0.6263880044948,-0.324149109
2022-03-09,517120.SH,华泰柏瑞中证沪港深创新药产业ETF,20210719,中证沪港深创新药产业指数,中证沪港深创新药产业指数收益率,华泰柏瑞基金管理有限公司,上海浦东发展银行股份有限公司,股票型ETF,主题指数ETF,931409.CSI,327470309.76,16893000,10158311,0.599,0.60133256378382,-0.316192378
2022-03-10,517120.SH,华泰柏瑞中证沪港深创新药产业ETF,20210719,中证沪港深创新药产业指数,中证沪港深创新药产业指数收益率,华泰柏瑞基金管理有限公司,上海浦东发展银行股份有限公司,股票型ETF,主题指数ETF,931409.CSI,340604000.0,11435200,7086250,0.622,0.61968745627536,-0.48
2022-03-11,517120.SH,华泰柏瑞中证沪港深创新药产业ETF,20210719,中证沪港深创新药产业指数,中证沪港深创新药产业指数收益率,华泰柏瑞基金管理有限公司,上海浦东发展银行股份有限公司,股票型ETF,主题指数ETF,931409.CSI,342340315.2,12045100,7415705,0.629,0.61566155532125,-0.237906423
2022-03-14,517120.SH,华泰柏瑞中证沪港深创新药产业ETF,20210719,中证沪港深创新药产业指数,中证沪港深创新药产业指数收益率,华泰柏瑞基金管理有限公司,上海浦东发展银行股份有限公司,股票型ETF,主题指数ETF,931409.CSI,330938020.8,10135900,6324337,0.614,0.62395416292584,0.73831009
2022-03-15,517120.SH,华泰柏瑞中证沪港深创新药产业ETF,20210719,中证沪港深创新药产业指数,中证沪港深创新药产业指数收益率,华泰柏瑞基金管理有限公司,上海浦东发展银行股份有限公司,股票型ETF,主题指数ETF,931409.CSI,317255267.52,12945600,7733981,0.583,0.59742159498208,-0.222488448
2022-03-16,517120.SH,华泰柏瑞中证沪港深创新药产业ETF,20210719,中证沪港深创新药产业指数,中证沪港深创新药产业指数收益率,华泰柏瑞基金管理有限公司,上海浦东发展银行股份有限公司,股票型ETF,主题指数ETF,931409.CSI,336789235.2,13476800,8008142,0.615,0.59421687640983,-0.485436893
2022-03-17,517120.SH,华泰柏瑞中证沪港深创新药产业ETF,20210719,中证沪港深创新药产业指数,中证沪港深创新药产业指数收益率,华泰柏瑞基金管理有限公司,上海浦东发展银行股份有限公司,股票型ETF,主题指数ETF,931409.CSI,353413349.12,15183800,9828001,0.645,0.64726886550139,-1.270472983
2022-03-18,517120.SH,华泰柏瑞中证沪港深创新药产业ETF,20210719,中证沪港深创新药产业指数,中证沪港深创新药产业指数收益率,华泰柏瑞基金管理有限公司,上海浦东发展银行股份有限公司,股票型ETF,主题指数ETF,931409.CSI,356674628.16,12402700,8024027,0.656,0.64695808170802,-0.137007155
2022-03-21,517120.SH,华泰柏瑞中证沪港深创新药产业ETF,20210719,中证沪港深创新药产业指数,中证沪港深创新药产业指数收益率,华泰柏瑞基金管理有限公司,上海浦东发展银行股份有限公司,股票型ETF,主题指数ETF,931409.CSI,360784108.16,14068800,9273733,0.665,0.65917014955078,-0.657305049
2022-03-22,517120.SH,华泰柏瑞中证沪港深创新药产业ETF,20210719,中证沪港深创新药产业指数,中证沪港深创新药产业指数收益率,华泰柏瑞基金管理有限公司,上海浦东发展银行股份有限公司,股票型ETF,主题指数ETF,931409.CSI,354290430.72,13203400,8657522,0.652,0.65570398533711,-1.182176417
2022-03-23,517120.SH,华泰柏瑞中证沪港深创新药产业ETF,20210719,中证沪港深创新药产业指数,中证沪港深创新药产业指数收益率,华泰柏瑞基金管理有限公司,上海浦东发展银行股份有限公司,股票型ETF,主题指数ETF,931409.CSI,366157388.16,15110600,10148088,0.679,0.67158736251373,-0.425282299
2022-03-24,517120.SH,华泰柏瑞中证沪港深创新药产业ETF,20210719,中证沪港深创新药产业指数,中证沪港深创新药产业指数收益率,华泰柏瑞基金管理有限公司,上海浦东发展银行股份有限公司,股票型ETF,主题指数ETF,931409.CSI,378615008.64,22540500,15538401,0.702,0.68935476142943,-0.43965395
2022-03-25,517120.SH,华泰柏瑞中证沪港深创新药产业ETF,20210719,中证沪港深创新药产业指数,中证沪港深创新药产业指数收益率,华泰柏瑞基金管理有限公司,上海浦东发展银行股份有限公司,股票型ETF,主题指数ETF,931409.CSI,361958266.24,14600600,10083787,0.676,0.69064195991946,-0.088678688
2022-03-28,517120.SH,华泰柏瑞中证沪港深创新药产业ETF,20210719,中证沪港深创新药产业指数,中证沪港深创新药产业指数收益率,华泰柏瑞基金管理有限公司,上海浦东发展银行股份有限公司,股票型ETF,主题指数ETF,931409.CSI,360246373.76,12141900,8204333,0.67,0.67570421433219,-0.504900505
2022-03-29,517120.SH,华泰柏瑞中证沪港深创新药产业ETF,20210719,中证沪港深创新药产业指数,中证沪港深创新药产业指数收益率,华泰柏瑞基金管理有限公司,上海浦东发展银行股份有限公司,股票型ETF,主题指数ETF,931409.CSI,365703031.04,11721900,7981286,0.678,0.68088671631732,-0.81919251
2022-03-30,517120.SH,华泰柏瑞中证沪港深创新药产业ETF,20210719,中证沪港深创新药产业指数,中证沪港深创新药产业指数收益率,华泰柏瑞基金管理有限公司,上海浦东发展银行股份有限公司,股票型ETF,主题指数ETF,931409.CSI,357438178.24,15139400,10355358,0.692,0.68400055484365,-0.302550065
2022-03-31,517120.SH,华泰柏瑞中证沪港深创新药产业ETF,20210719,中证沪港深创新药产业指数,中证沪港深创新药产业指数收益率,华泰柏瑞基金管理有限公司,上海浦东发展银行股份有限公司,股票型ETF,主题指数ETF,931409.CSI,351722018.416,12223500,8438865,0.682,0.69038041477482,-0.146412884
2022-04-01,517120.SH,华泰柏瑞中证沪港深创新药产业ETF,20210719,中证沪港深创新药产业指数,中证沪港深创新药产业指数收益率,华泰柏瑞基金管理有限公司,上海浦东发展银行股份有限公司,股票型ETF,主题指数ETF,931409.CSI,346469393.92,14074600,9409796,0.672,0.66856578517329,-0.118906064
2022-04-06,517120.SH,华泰柏瑞中证沪港深创新药产业ETF,20210719,中证沪港深创新药产业指数,中证沪港深创新药产业指数收益率,华泰柏瑞基金管理有限公司,上海浦东发展银行股份有限公司,股票型ETF,主题指数ETF,931409.CSI,347945109.12,12275100,8361842,0.678,0.6812035747163,-0.044228218
2022-04-07,517120.SH,华泰柏瑞中证沪港深创新药产业ETF,20210719,中证沪港深创新药产业指数,中证沪港深创新药产业指数收益率,华泰柏瑞基金管理有限公司,上海浦东发展银行股份有限公司,股票型ETF,主题指数ETF,931409.CSI,339429866.88,14541200,9682036,0.661,0.66583473165901,-0.105788122
2022-04-08,517120.SH,华泰柏瑞中证沪港深创新药产业ETF,20210719,中证沪港深创新药产业指数,中证沪港深创新药产业指数收益率,华泰柏瑞基金管理有限公司,上海浦东发展银行股份有限公司,股票型ETF,主题指数ETF,931409.CSI,335172245.76,14321900,9362982,0.652,0.65375278419763,-0.214263851
2022-04-11,517120.SH,华泰柏瑞中证沪港深创新药产业ETF,20210719,中证沪港深创新药产业指数,中证沪港深创新药产业指数收益率,华泰柏瑞基金管理有限公司,上海浦东发展银行股份有限公司,股票型ETF,主题指数ETF,931409.CSI,324605137.92,14916600,9523447,0.631,0.63844622769264,-0.284450063
2022-04-12,517120.SH,华泰柏瑞中证沪港深创新药产业ETF,20210719,中证沪港深创新药产业指数,中证沪港深创新药产业指数收益率,华泰柏瑞基金管理有限公司,上海浦东发展银行股份有限公司,股票型ETF,主题指数ETF,931409.CSI,330299064.96,14193700,8992922,0.643,0.63358546397345,-0.139773257
2022-04-13,517120.SH,华泰柏瑞中证沪港深创新药产业ETF,20210719,中证沪港深创新药产业指数,中证沪港深创新药产业指数收益率,华泰柏瑞基金管理有限公司,上海浦东发展银行股份有限公司,股票型ETF,主题指数ETF,931409.CSI,319629363.84,15358800,9579289,0.621,0.62370035419434,-0.337024555
2022-04-14,517120.SH,华泰柏瑞中证沪港深创新药产业ETF,20210719,中证沪港深创新药产业指数,中证沪港深创新药产业指数收益率,华泰柏瑞基金管理有限公司,上海浦东发展银行股份有限公司,股票型ETF,主题指数ETF,931409.CSI,321476042.88,14314200,8976005,0.625,0.62706997247489,-0.271262167
2022-04-15,517120.SH,华泰柏瑞中证沪港深创新药产业ETF,20210719,中证沪港深创新药产业指数,中证沪港深创新药产业指数收益率,华泰柏瑞基金管理有限公司,上海浦东发展银行股份有限公司,股票型ETF,主题指数ETF,931409.CSI,326810893.44,6688700,4236279,0.635,0.6333486327687,-0.329618584
2022-04-18,517120.SH,华泰柏瑞中证沪港深创新药产业ETF,20210719,中证沪港深创新药产业指数,中证沪港深创新药产业指数收益率,华泰柏瑞基金管理有限公司,上海浦东发展银行股份有限公司,股票型ETF,主题指数ETF,931409.CSI,326503113.6,9933800,6248457,0.632,0.62900974450865,-0.706991359
2022-04-19,517120.SH,华泰柏瑞中证沪港深创新药产业ETF,20210719,中证沪港深创新药产业指数,中证沪港深创新药产业指数收益率,华泰柏瑞基金管理有限公司,上海浦东发展银行股份有限公司,股票型ETF,主题指数ETF,931409.CSI,317579778.88,17658400,10964646,0.618,0.62093088841571,0.210799416
2022-04-20,517120.SH,华泰柏瑞中证沪港深创新药产业ETF,20210719,中证沪港深创新药产业指数,中证沪港深创新药产业指数收益率,华泰柏瑞基金管理有限公司,上海浦东发展银行股份有限公司,股票型ETF,主题指数ETF,931409.CSI,316034879.68,13833900,8486418,0.612,0.61345087068722,-0.27700831
2022-04-21,517120.SH,华泰柏瑞中证沪港深创新药产业ETF,20210719,中证沪港深创新药产业指数,中证沪港深创新药产业指数收益率,华泰柏瑞基金管理有限公司,上海浦东发展银行股份有限公司,股票型ETF,主题指数ETF,931409.CSI,307125960.96,14227300,8607760,0.597,0.60501711498317,0.100603622
2022-04-22,517120.SH,华泰柏瑞中证沪港深创新药产业ETF,20210719,中证沪港深创新药产业指数,中证沪港深创新药产业指数收益率,华泰柏瑞基金管理有限公司,上海浦东发展银行股份有限公司,股票型ETF,主题指数ETF,931409.CSI,305881864.32,19341800,11445113,0.593,0.59172946675077,-0.553412712
2022-04-25,517120.SH,华泰柏瑞中证沪港深创新药产业ETF,20210719,中证沪港深创新药产业指数,中证沪港深创新药产业指数收益率,华泰柏瑞基金管理有限公司,上海浦东发展银行股份有限公司,股票型ETF,主题指数ETF,931409.CSI,290082499.2,21038000,12245816,0.567,0.58208080616028,0.265251989
2022-04-26,517120.SH,华泰柏瑞中证沪港深创新药产业ETF,20210719,中证沪港深创新药产业指数,中证沪港深创新药产业指数收益率,华泰柏瑞基金管理有限公司,上海浦东发展银行股份有限公司,股票型ETF,主题指数ETF,931409.CSI,292681553.92,16148400,9271551,0.575,0.57414672661069,0.384078212
2022-04-27,517120.SH,华泰柏瑞中证沪港深创新药产业ETF,20210719,中证沪港深创新药产业指数,中证沪港深创新药产业指数收益率,华泰柏瑞基金管理有限公司,上海浦东发展银行股份有限公司,股票型ETF,主题指数ETF,931409.CSI,295725129.6,14832400,8320096,0.578,0.56094064345622,0.260190807
2022-04-28,517120.SH,华泰柏瑞中证沪港深创新药产业ETF,20210719,中证沪港深创新药产业指数,中证沪港深创新药产业指数收益率,华泰柏瑞基金管理有限公司,上海浦东发展银行股份有限公司,股票型ETF,主题指数ETF,931409.CSI,297571808.64,14877600,8567492,0.579,0.57586519331075,-0.189622479
2022-04-29,517120.SH,华泰柏瑞中证沪港深创新药产业ETF,20210719,中证沪港深创新药产业指数,中证沪港深创新药产业指数收益率,华泰柏瑞基金管理有限公司,上海浦东发展银行股份有限公司,股票型ETF,主题指数ETF,931409.CSI,308036323.2,16540400,9744498,0.598,0.58913315276535,-0.416319734
2022-05-05,517120.SH,华泰柏瑞中证沪港深创新药产业ETF,20210719,中证沪港深创新药产业指数,中证沪港深创新药产业指数收益率,华泰柏瑞基金管理有限公司,上海浦东发展银行股份有限公司,股票型ETF,主题指数ETF,931409.CSI,301049357.44,17227100,10144302,0.591,0.58885720753928,1.094765652
2022-05-06,517120.SH,华泰柏瑞中证沪港深创新药产业ETF,20210719,中证沪港深创新药产业指数,中证沪港深创新药产业指数收益率,华泰柏瑞基金管理有限公司,上海浦东发展银行股份有限公司,股票型ETF,主题指数ETF,931409.CSI,293788331.2,13988900,8031239,0.571,0.57411511984502,0.087642419
2022-05-09,517120.SH,华泰柏瑞中证沪港深创新药产业ETF,20210719,中证沪港深创新药产业指数,中证沪港深创新药产业指数收益率,华泰柏瑞基金管理有限公司,上海浦东发展银行股份有限公司,股票型ETF,主题指数ETF,931409.CSI,295848196.8,13749100,7867960,0.572,0.57225272926955,-0.43516101
2022-05-10,517120.SH,华泰柏瑞中证沪港深创新药产业ETF,20210719,中证沪港深创新药产业指数,中证沪港深创新药产业指数收益率,华泰柏瑞基金管理有限公司,上海浦东发展银行股份有限公司,股票型ETF,主题指数ETF,931409.CSI,297679127.04,18011900,10338102,0.575,0.57395954896485,0.244072524
2022-05-11,517120.SH,华泰柏瑞中证沪港深创新药产业ETF,20210719,中证沪港深创新药产业指数,中证沪港深创新药产业指数收益率,华泰柏瑞基金管理有限公司,上海浦东发展银行股份有限公司,股票型ETF,主题指数ETF,931409.CSI,304860108.8,18784800,11290103,0.596,0.60102332737107,0.675675676
2022-05-12,517120.SH,华泰柏瑞中证沪港深创新药产业ETF,20210719,中证沪港深创新药产业指数,中证沪港深创新药产业指数收益率,华泰柏瑞基金管理有限公司,上海浦东发展银行股份有限公司,股票型ETF,主题指数ETF,931409.CSI,306657245.76,12738400,7534536,0.596,0.59148213276393,0.863090201
2022-05-13,517120.SH,华泰柏瑞中证沪港深创新药产业ETF,20210719,中证沪港深创新药产业指数,中证沪港深创新药产业指数收益率,华泰柏瑞基金管理有限公司,上海浦东发展银行股份有限公司,股票型ETF,主题指数ETF,931409.CSI,308992594.56,13073600,7781021,0.597,0.59517049626729,0.268726906
2022-05-16,517120.SH,华泰柏瑞中证沪港深创新药产业ETF,20210719,中证沪港深创新药产业指数,中证沪港深创新药产业指数收益率,华泰柏瑞基金管理有限公司,上海浦东发展银行股份有限公司,股票型ETF,主题指数ETF,931409.CSI,307661133.12,15729800,9302225,0.589,0.59137592340653,0.118986911
2022-05-17,517120.SH,华泰柏瑞中证沪港深创新药产业ETF,20210719,中证沪港深创新药产业指数,中证沪港深创新药产业指数收益率,华泰柏瑞基金管理有限公司,上海浦东发展银行股份有限公司,股票型ETF,主题指数ETF,931409.CSI,306615200.32,14749000,8581654,0.586,0.58184649806767,-0.051168344
2022-05-18,517120.SH,华泰柏瑞中证沪港深创新药产业ETF,20210719,中证沪港深创新药产业指数,中证沪港深创新药产业指数收益率,华泰柏瑞基金管理有限公司,上海浦东发展银行股份有限公司,股票型ETF,主题指数ETF,931409.CSI,303686588.48,13972900,8096221,0.582,0.57942309756743,0.223867746
2022-05-19,517120.SH,华泰柏瑞中证沪港深创新药产业ETF,20210719,中证沪港深创新药产业指数,中证沪港深创新药产业指数收益率,华泰柏瑞基金管理有限公司,上海浦东发展银行股份有限公司,股票型ETF,主题指数ETF,931409.CSI,301280943.04,15484100,8876868,0.577,0.57328924509658,0.156222878
2022-05-20,517120.SH,华泰柏瑞中证沪港深创新药产业ETF,20210719,中证沪港深创新药产业指数,中证沪港深创新药产业指数收益率,华泰柏瑞基金管理有限公司,上海浦东发展银行股份有限公司,股票型ETF,主题指数ETF,931409.CSI,315659524.8,23367700,13769420,0.593,0.58925011875366,-0.252312868
2022-05-23,517120.SH,华泰柏瑞中证沪港深创新药产业ETF,20210719,中证沪港深创新药产业指数,中证沪港深创新药产业指数收益率,华泰柏瑞基金管理有限公司,上海浦东发展银行股份有限公司,股票型ETF,主题指数ETF,931409.CSI,314279012.16,12986700,7693701,0.592,0.59242925454503,0.016894746
2022-05-24,517120.SH,华泰柏瑞中证沪港深创新药产业ETF,20210719,中证沪港深创新药产业指数,中证沪港深创新药产业指数收益率,华泰柏瑞基金管理有限公司,上海浦东发展银行股份有限公司,股票型ETF,主题指数ETF,931409.CSI,300420789.12,18525900,10659058,0.567,0.57535979358628,0.212089077
2022-05-25,517120.SH,华泰柏瑞中证沪港深创新药产业ETF,20210719,中证沪港深创新药产业指数,中证沪港深创新药产业指数收益率,华泰柏瑞基金管理有限公司,上海浦东发展银行股份有限公司,股票型ETF,主题指数ETF,931409.CSI,300951755.52,15392800,8695276,0.566,0.56489241723403,-0.14114326
2022-05-26,517120.SH,华泰柏瑞中证沪港深创新药产业ETF,20210719,中证沪港深创新药产业指数,中证沪港深创新药产业指数收益率,华泰柏瑞基金管理有限公司,上海浦东发展银行股份有限公司,股票型ETF,主题指数ETF,931409.CSI,297874920.96,14577700,8135209,0.56,0.55805847287295,0.196815173
2022-05-27,517120.SH,华泰柏瑞中证沪港深创新药产业ETF,20210719,中证沪港深创新药产业指数,中证沪港深创新药产业指数收益率,华泰柏瑞基金管理有限公司,上海浦东发展银行股份有限公司,股票型ETF,主题指数ETF,931409.CSI,306107774.08,15177900,8732814,0.57,0.57536378550392,-0.384480951
2022-05-30,517120.SH,华泰柏瑞中证沪港深创新药产业ETF,20210719,中证沪港深创新药产业指数,中证沪港深创新药产业指数收益率,华泰柏瑞基金管理有限公司,上海浦东发展银行股份有限公司,股票型ETF,主题指数ETF,931409.CSI,310013028.8,15280100,8777802,0.577,0.57445972212224,-0.431406385
2022-05-31,517120.SH,华泰柏瑞中证沪港深创新药产业ETF,20210719,中证沪港深创新药产业指数,中证沪港深创新药产业指数收益率,华泰柏瑞基金管理有限公司,上海浦东发展银行股份有限公司,股票型ETF,主题指数ETF,931409.CSI,316967592.0,17632900,10218004,0.59,0.57948516693227,-0.421940928
2022-06-01,517120.SH,华泰柏瑞中证沪港深创新药产业ETF,20210719,中证沪港深创新药产业指数,中证沪港深创新药产业指数收益率,华泰柏瑞基金管理有限公司,上海浦东发展银行股份有限公司,股票型ETF,主题指数ETF,931409.CSI,312634364.16,14518200,8510083,0.584,0.58616653579645,-0.06844627
2022-06-02,517120.SH,华泰柏瑞中证沪港深创新药产业ETF,20210719,中证沪港深创新药产业指数,中证沪港深创新药产业指数收益率,华泰柏瑞基金管理有限公司,上海浦东发展银行股份有限公司,股票型ETF,主题指数ETF,931409.CSI,308675612.8,16298800,9331792,0.576,0.57254472721918,-0.173310225
2022-06-06,517120.SH,华泰柏瑞中证沪港深创新药产业ETF,20210719,中证沪港深创新药产业指数,中证沪港深创新药产业指数收益率,华泰柏瑞基金管理有限公司,上海浦东发展银行股份有限公司,股票型ETF,主题指数ETF,931409.CSI,320498370.24,21613600,12740657,0.594,0.5894740811341,-0.851276915
2022-06-07,517120.SH,华泰柏瑞中证沪港深创新药产业ETF,20210719,中证沪港深创新药产业指数,中证沪港深创新药产业指数收益率,华泰柏瑞基金管理有限公司,上海浦东发展银行股份有限公司,股票型ETF,主题指数ETF,931409.CSI,325313067.84,19481000,11768906,0.608,0.60412227298393,-0.016444664
2022-06-08,517120.SH,华泰柏瑞中证沪港深创新药产业ETF,20210719,中证沪港深创新药产业指数,中证沪港深创新药产业指数收益率,华泰柏瑞基金管理有限公司,上海浦东发展银行股份有限公司,股票型ETF,主题指数ETF,931409.CSI,337510301.76,22295300,13959058,0.627,0.6260986844761,-0.618164527
2022-06-09,517120.SH,华泰柏瑞中证沪港深创新药产业ETF,20210719,中证沪港深创新药产业指数,中证沪港深创新药产业指数收益率,华泰柏瑞基金管理有限公司,上海浦东发展银行股份有限公司,股票型ETF,主题指数ETF,931409.CSI,332481617.6,18855600,11747649,0.617,0.62303236173869,-0.724054706
2022-06-10,517120.SH,华泰柏瑞中证沪港深创新药产业ETF,20210719,中证沪港深创新药产业指数,中证沪港深创新药产业指数收益率,华泰柏瑞基金管理有限公司,上海浦东发展银行股份有限公司,股票型ETF,主题指数ETF,931409.CSI,332909590.72,16967000,10449115,0.622,0.61584929569164,-0.04820826
2022-06-13,517120.SH,华泰柏瑞中证沪港深创新药产业ETF,20210719,中证沪港深创新药产业指数,中证沪港深创新药产业指数收益率,华泰柏瑞基金管理有限公司,上海浦东发展银行股份有限公司,股票型ETF,主题指数ETF,931409.CSI,323119705.6,22492600,13552726,0.603,0.60254154699768,-0.165562914
2022-06-14,517120.SH,华泰柏瑞中证沪港深创新药产业ETF,20210719,中证沪港深创新药产业指数,中证沪港深创新药产业指数收益率,华泰柏瑞基金管理有限公司,上海浦东发展银行股份有限公司,股票型ETF,主题指数ETF,931409.CSI,322852222.4,15514200,9228608,0.603,0.59484910598033,-0.082850041
2022-06-15,517120.SH,华泰柏瑞中证沪港深创新药产业ETF,20210719,中证沪港深创新药产业指数,中证沪港深创新药产业指数收益率,华泰柏瑞基金管理有限公司,上海浦东发展银行股份有限公司,股票型ETF,主题指数ETF,931409.CSI,327559926.72,18359700,11235086,0.609,0.61194278773618,-0.538951494
2022-06-16,517120.SH,华泰柏瑞中证沪港深创新药产业ETF,20210719,中证沪港深创新药产业指数,中证沪港深创新药产业指数收益率,华泰柏瑞基金管理有限公司,上海浦东发展银行股份有限公司,股票型ETF,主题指数ETF,931409.CSI,325749063.68,19006900,11721683,0.612,0.61670672229559,0.130890052
2022-06-17,517120.SH,华泰柏瑞中证沪港深创新药产业ETF,20210719,中证沪港深创新药产业指数,中证沪港深创新药产业指数收益率,华泰柏瑞基金管理有限公司,上海浦东发展银行股份有限公司,股票型ETF,主题指数ETF,931409.CSI,332331869.76,18713500,11481479,0.624,0.61353990434713,-0.303562869
2022-06-20,517120.SH,华泰柏瑞中证沪港深创新药产业ETF,20210719,中证沪港深创新药产业指数,中证沪港深创新药产业指数收益率,华泰柏瑞基金管理有限公司,上海浦东发展银行股份有限公司,股票型ETF,主题指数ETF,931409.CSI,335097933.76,19279400,12122731,0.633,0.62879192298516,-0.456046548
2022-06-21,517120.SH,华泰柏瑞中证沪港深创新药产业ETF,20210719,中证沪港深创新药产业指数,中证沪港深创新药产业指数收益率,华泰柏瑞基金管理有限公司,上海浦东发展银行股份有限公司,股票型ETF,主题指数ETF,931409.CSI,338048945.6,16507100,10484650,0.637,0.63516002205112,-0.701480904
2022-06-22,517120.SH,华泰柏瑞中证沪港深创新药产业ETF,20210719,中证沪港深创新药产业指数,中证沪港深创新药产业指数收益率,华泰柏瑞基金管理有限公司,上海浦东发展银行股份有限公司,股票型ETF,主题指数ETF,931409.CSI,330361355.52,17418300,11111582,0.63,0.63792574476269,0.111234705
2022-06-23,517120.SH,华泰柏瑞中证沪港深创新药产业ETF,20210719,中证沪港深创新药产业指数,中证沪港深创新药产业指数收益率,华泰柏瑞基金管理有限公司,上海浦东发展银行股份有限公司,股票型ETF,主题指数ETF,931409.CSI,332356227.84,15558100,9727082,0.632,0.62521014776869,-0.173748223
2022-06-24,517120.SH,华泰柏瑞中证沪港深创新药产业ETF,20210719,中证沪港深创新药产业指数,中证沪港深创新药产业指数收益率,华泰柏瑞基金管理有限公司,上海浦东发展银行股份有限公司,股票型ETF,主题指数ETF,931409.CSI,347842736.64,25929900,16880249,0.658,0.65099553025658,-0.694234832
2022-06-27,517120.SH,华泰柏瑞中证沪港深创新药产业ETF,20210719,中证沪港深创新药产业指数,中证沪港深创新药产业指数收益率,华泰柏瑞基金管理有限公司,上海浦东发展银行股份有限公司,股票型ETF,主题指数ETF,931409.CSI,353879850.24,20567700,13856591,0.675,0.67370639400614,0.133511348
2022-06-28,517120.SH,华泰柏瑞中证沪港深创新药产业ETF,20210719,中证沪港深创新药产业指数,中证沪港深创新药产业指数收益率,华泰柏瑞基金管理有限公司,上海浦东发展银行股份有限公司,股票型ETF,主题指数ETF,931409.CSI,350648971.2,17081800,11341318,0.669,0.6639416220773,-0.223713647
2022-06-29,517120.SH,华泰柏瑞中证沪港深创新药产业ETF,20210719,中证沪港深创新药产业指数,中证沪港深创新药产业指数收益率,华泰柏瑞基金管理有限公司,上海浦东发展银行股份有限公司,股票型ETF,主题指数ETF,931409.CSI,346831316.48,14607800,9799897,0.659,0.67086741329974,-0.633293124
2022-06-30,517120.SH,华泰柏瑞中证沪港深创新药产业ETF,20210719,中证沪港深创新药产业指数,中证沪港深创新药产业指数收益率,华泰柏瑞基金管理有限公司,上海浦东发展银行股份有限公司,股票型ETF,主题指数ETF,931409.CSI,351808577.5056,18401300,12381811,0.671,0.67287697064881,-0.636754035
2022-07-01,517120.SH,华泰柏瑞中证沪港深创新药产业ETF,20210719,中证沪港深创新药产业指数,中证沪港深创新药产业指数收益率,华泰柏瑞基金管理有限公司,上海浦东发展银行股份有限公司,股票型ETF,主题指数ETF,931409.CSI,352433769.6,10567900,7121434,0.673,0.67387409040585,-0.51736881
2022-07-04,517120.SH,华泰柏瑞中证沪港深创新药产业ETF,20210719,中证沪港深创新药产业指数,中证沪港深创新药产业指数收益率,华泰柏瑞基金管理有限公司,上海浦东发展银行股份有限公司,股票型ETF,主题指数ETF,931409.CSI,372803555.84,27862500,19457271,0.71,0.69833184387618,-0.782560089
2022-07-05,517120.SH,华泰柏瑞中证沪港深创新药产业ETF,20210719,中证沪港深创新药产业指数,中证沪港深创新药产业指数收益率,华泰柏瑞基金管理有限公司,上海浦东发展银行股份有限公司,股票型ETF,主题指数ETF,931409.CSI,375316500.48,27688300,19786987,0.724,0.71463350946067,0.110619469
2022-07-06,517120.SH,华泰柏瑞中证沪港深创新药产业ETF,20210719,中证沪港深创新药产业指数,中证沪港深创新药产业指数收益率,华泰柏瑞基金管理有限公司,上海浦东发展银行股份有限公司,股票型ETF,主题指数ETF,931409.CSI,374589947.52,22061200,16046059,0.717,0.72734298224938,-0.665004156
2022-07-07,517120.SH,华泰柏瑞中证沪港深创新药产业ETF,20210719,中证沪港深创新药产业指数,中证沪港深创新药产业指数收益率,华泰柏瑞基金管理有限公司,上海浦东发展银行股份有限公司,股票型ETF,主题指数ETF,931409.CSI,365650334.72,23296600,16374169,0.703,0.70285659710001,-0.607945709
2022-07-08,517120.SH,华泰柏瑞中证沪港深创新药产业ETF,20210719,中证沪港深创新药产业指数,中证沪港深创新药产业指数收益率,华泰柏瑞基金管理有限公司,上海浦东发展银行股份有限公司,股票型ETF,主题指数ETF,931409.CSI,366891054.08,18946300,13473408,0.708,0.71113663353795,-0.239537833
2022-07-11,517120.SH,华泰柏瑞中证沪港深创新药产业ETF,20210719,中证沪港深创新药产业指数,中证沪港深创新药产业指数收益率,华泰柏瑞基金管理有限公司,上海浦东发展银行股份有限公司,股票型ETF,主题指数ETF,931409.CSI,359961513.6,20108700,14046649,0.698,0.69853590734359,-0.143061516
2022-07-12,517120.SH,华泰柏瑞中证沪港深创新药产业ETF,20210719,中证沪港深创新药产业指数,中证沪港深创新药产业指数收益率,华泰柏瑞基金管理有限公司,上海浦东发展银行股份有限公司,股票型ETF,主题指数ETF,931409.CSI,348323272.96,17342100,11800571,0.675,0.68045801834841,-0.206978119
2022-07-13,517120.SH,华泰柏瑞中证沪港深创新药产业ETF,20210719,中证沪港深创新药产业指数,中证沪港深创新药产业指数收益率,华泰柏瑞基金管理有限公司,上海浦东发展银行股份有限公司,股票型ETF,主题指数ETF,931409.CSI,347911299.84,15502100,10453743,0.675,0.67434366956735,-0.088809947
2022-07-14,517120.SH,华泰柏瑞中证沪港深创新药产业ETF,20210719,中证沪港深创新药产业指数,中证沪港深创新药产业指数收益率,华泰柏瑞基金管理有限公司,上海浦东发展银行股份有限公司,股票型ETF,主题指数ETF,931409.CSI,356717225.28,18133300,12489443,0.693,0.68875731389212,0.043308792
2022-07-15,517120.SH,华泰柏瑞中证沪港深创新药产业ETF,20210719,中证沪港深创新药产业指数,中证沪港深创新药产业指数收益率,华泰柏瑞基金管理有限公司,上海浦东发展银行股份有限公司,股票型ETF,主题指数ETF,931409.CSI,347756809.92,17103600,11732181,0.676,0.6859480460254,0.103657634
2022-07-18,517120.SH,华泰柏瑞中证沪港深创新药产业ETF,20210719,中证沪港深创新药产业指数,中证沪港深创新药产业指数收益率,华泰柏瑞基金管理有限公司,上海浦东发展银行股份有限公司,股票型ETF,主题指数ETF,931409.CSI,346765286.4,16024800,10642916,0.673,0.66415281313963,-0.443786982
2022-07-19,517120.SH,华泰柏瑞中证沪港深创新药产业ETF,20210719,中证沪港深创新药产业指数,中证沪港深创新药产业指数收益率,华泰柏瑞基金管理有限公司,上海浦东发展银行股份有限公司,股票型ETF,主题指数ETF,931409.CSI,342712851.84,13455800,8961357,0.667,0.66598470548016,-0.164646011
2022-07-20,517120.SH,华泰柏瑞中证沪港深创新药产业ETF,20210719,中证沪港深创新药产业指数,中证沪港深创新药产业指数收益率,华泰柏瑞基金管理有限公司,上海浦东发展银行股份有限公司,股票型ETF,主题指数ETF,931409.CSI,349301709.12,16247800,11025576,0.678,0.67858885510654,-0.044228218
2022-07-21,517120.SH,华泰柏瑞中证沪港深创新药产业ETF,20210719,中证沪港深创新药产业指数,中证沪港深创新药产业指数收益率,华泰柏瑞基金管理有限公司,上海浦东发展银行股份有限公司,股票型ETF,主题指数ETF,931409.CSI,349971165.44,14298100,9717563,0.68,0.67964016197956,0.058858152
2022-07-22,517120.SH,华泰柏瑞中证沪港深创新药产业ETF,20210719,中证沪港深创新药产业指数,中证沪港深创新药产业指数收益率,华泰柏瑞基金管理有限公司,上海浦东发展银行股份有限公司,股票型ETF,主题指数ETF,931409.CSI,347241843.52,17644800,11949096,0.675,0.6772021218716,0.10381136
2022-07-25,517120.SH,华泰柏瑞中证沪港深创新药产业ETF,20210719,中证沪港深创新药产业指数,中证沪港深创新药产业指数收益率,华泰柏瑞基金管理有限公司,上海浦东发展银行股份有限公司,股票型ETF,主题指数ETF,931409.CSI,343738784.64,16295100,10873755,0.667,0.66730213377027,-0.46261752
2022-07-26,517120.SH,华泰柏瑞中证沪港深创新药产业ETF,20210719,中证沪港深创新药产业指数,中证沪港深创新药产业指数收益率,华泰柏瑞基金管理有限公司,上海浦东发展银行股份有限公司,股票型ETF,主题指数ETF,931409.CSI,340712395.52,14003700,9314263,0.666,0.6651287159822,-0.119976005
2022-07-27,517120.SH,华泰柏瑞中证沪港深创新药产业ETF,20210719,中证沪港深创新药产业指数,中证沪港深创新药产业指数收益率,华泰柏瑞基金管理有限公司,上海浦东发展银行股份有限公司,股票型ETF,主题指数ETF,931409.CSI,335091765.12,15620700,10270518,0.653,0.65749409437477,-0.426959439
2022-07-28,517120.SH,华泰柏瑞中证沪港深创新药产业ETF,20210719,中证沪港深创新药产业指数,中证沪港深创新药产业指数收益率,华泰柏瑞基金管理有限公司,上海浦东发展银行股份有限公司,股票型ETF,主题指数ETF,931409.CSI,332049679.36,16515800,10775891,0.653,0.6524595236077,0.091968118
2022-07-29,517120.SH,华泰柏瑞中证沪港深创新药产业ETF,20210719,中证沪港深创新药产业指数,中证沪港深创新药产业指数收益率,华泰柏瑞基金管理有限公司,上海浦东发展银行股份有限公司,股票型ETF,主题指数ETF,931409.CSI,323244560.64,16915000,10794931,0.633,0.63818687555424,-0.33065659
2022-08-01,517120.SH,华泰柏瑞中证沪港深创新药产业ETF,20210719,中证沪港深创新药产业指数,中证沪港深创新药产业指数收益率,华泰柏瑞基金管理有限公司,上海浦东发展银行股份有限公司,股票型ETF,主题指数ETF,931409.CSI,322430214.4,14096200,8894882,0.633,0.63101275521062,-0.078926598
2022-08-02,517120.SH,华泰柏瑞中证沪港深创新药产业ETF,20210719,中证沪港深创新药产业指数,中证沪港深创新药产业指数收益率,华泰柏瑞基金管理有限公司,上海浦东发展银行股份有限公司,股票型ETF,主题指数ETF,931409.CSI,313930475.52,16070700,9927967,0.616,0.61776817437946,-0.129701686
2022-08-03,517120.SH,华泰柏瑞中证沪港深创新药产业ETF,20210719,中证沪港深创新药产业指数,中证沪港深创新药产业指数收益率,华泰柏瑞基金管理有限公司,上海浦东发展银行股份有限公司,股票型ETF,主题指数ETF,931409.CSI,314420561.28,16744900,10415785,0.619,0.62202730383579,-0.193485972
2022-08-04,517120.SH,华泰柏瑞中证沪港深创新药产业ETF,20210719,中证沪港深创新药产业指数,中证沪港深创新药产业指数收益率,华泰柏瑞基金管理有限公司,上海浦东发展银行股份有限公司,股票型ETF,主题指数ETF,931409.CSI,324407799.36,14370100,9118061,0.639,0.63451618290757,-0.140646976
2022-08-05,517120.SH,华泰柏瑞中证沪港深创新药产业ETF,20210719,中证沪港深创新药产业指数,中证沪港深创新药产业指数收益率,华泰柏瑞基金管理有限公司,上海浦东发展银行股份有限公司,股票型ETF,主题指数ETF,931409.CSI,333583891.2,18283200,11933828,0.656,0.65272096788308,-0.303951368
2022-08-08,517120.SH,华泰柏瑞中证沪港深创新药产业ETF,20210719,中证沪港深创新药产业指数,中证沪港深创新药产业指数收益率,华泰柏瑞基金管理有限公司,上海浦东发展银行股份有限公司,股票型ETF,主题指数ETF,931409.CSI,331809508.8,10413900,6823240,0.655,0.65520506246459,0.076394194
2022-08-09,517120.SH,华泰柏瑞中证沪港深创新药产业ETF,20210719,中证沪港深创新药产业指数,中证沪港深创新药产业指数收益率,华泰柏瑞基金管理有限公司,上海浦东发展银行股份有限公司,股票型ETF,主题指数ETF,931409.CSI,330795576.0,12054100,7823269,0.652,0.64901311586929,-0.076628352
2022-08-10,517120.SH,华泰柏瑞中证沪港深创新药产业ETF,20210719,中证沪港深创新药产业指数,中证沪港深创新药产业指数收益率,华泰柏瑞基金管理有限公司,上海浦东发展银行股份有限公司,股票型ETF,主题指数ETF,931409.CSI,324157084.16,22429500,14318585,0.633,0.63838181858713,-0.220680958
2022-08-11,517120.SH,华泰柏瑞中证沪港深创新药产业ETF,20210719,中证沪港深创新药产业指数,中证沪港深创新药产业指数收益率,华泰柏瑞基金管理有限公司,上海浦东发展银行股份有限公司,股票型ETF,主题指数ETF,931409.CSI,334580798.72,13686400,8856664,0.653,0.64711421557166,-0.274893097
2022-08-12,517120.SH,华泰柏瑞中证沪港深创新药产业ETF,20210719,中证沪港深创新药产业指数,中证沪港深创新药产业指数收益率,华泰柏瑞基金管理有限公司,上海浦东发展银行股份有限公司,股票型ETF,主题指数ETF,931409.CSI,334529702.08,13237900,8656259,0.653,0.65389971219,-0.259660913
2022-08-15,517120.SH,华泰柏瑞中证沪港深创新药产业ETF,20210719,中证沪港深创新药产业指数,中证沪港深创新药产业指数收益率,华泰柏瑞基金管理有限公司,上海浦东发展银行股份有限公司,股票型ETF,主题指数ETF,931409.CSI,329879907.84,11534600,7461180,0.648,0.64685207982938,0.371747212
2022-08-16,517120.SH,华泰柏瑞中证沪港深创新药产业ETF,20210719,中证沪港深创新药产业指数,中证沪港深创新药产业指数收益率,华泰柏瑞基金管理有限公司,上海浦东发展银行股份有限公司,股票型ETF,主题指数ETF,931409.CSI,327325075.84,10274200,6605297,0.639,0.64290134511689,-0.249765845
2022-08-17,517120.SH,华泰柏瑞中证沪港深创新药产业ETF,20210719,中证沪港深创新药产业指数,中证沪港深创新药产业指数收益率,华泰柏瑞基金管理有限公司,上海浦东发展银行股份有限公司,股票型ETF,主题指数ETF,931409.CSI,328091525.44,12286400,7872521,0.643,0.64075083018622,0.140165083
2022-08-18,517120.SH,华泰柏瑞中证沪港深创新药产业ETF,20210719,中证沪港深创新药产业指数,中证沪港深创新药产业指数收益率,华泰柏瑞基金管理有限公司,上海浦东发展银行股份有限公司,股票型ETF,主题指数ETF,931409.CSI,324553841.28,14546100,9215547,0.633,0.63354074287953,0.047415837
2022-08-19,517120.SH,华泰柏瑞中证沪港深创新药产业ETF,20210719,中证沪港深创新药产业指数,中证沪港深创新药产业指数收益率,华泰柏瑞基金管理有限公司,上海浦东发展银行股份有限公司,股票型ETF,主题指数ETF,931409.CSI,321065669.76,12735900,7984565,0.627,0.62693370707999,0.175746924
2022-08-22,517120.SH,华泰柏瑞中证沪港深创新药产业ETF,20210719,中证沪港深创新药产业指数,中证沪港深创新药产业指数收益率,华泰柏瑞基金管理有限公司,上海浦东发展银行股份有限公司,股票型ETF,主题指数ETF,931409.CSI,320809186.56,8461500,5285546,0.628,0.62465827571944,0.41573393
2022-08-23,517120.SH,华泰柏瑞中证沪港深创新药产业ETF,20210719,中证沪港深创新药产业指数,中证沪港深创新药产业指数收益率,华泰柏瑞基金管理有限公司,上海浦东发展银行股份有限公司,股票型ETF,主题指数ETF,931409.CSI,314858776.32,10695700,6573270,0.614,0.6145712763073,0.032583904
2022-08-24,517120.SH,华泰柏瑞中证沪港深创新药产业ETF,20210719,中证沪港深创新药产业指数,中证沪港深创新药产业指数收益率,华泰柏瑞基金管理有限公司,上海浦东发展银行股份有限公司,股票型ETF,主题指数ETF,931409.CSI,310601155.2,9680300,5921423,0.611,0.61169829447434,0.908340215
2022-08-25,517120.SH,华泰柏瑞中证沪港深创新药产业ETF,20210719,中证沪港深创新药产业指数,中证沪港深创新药产业指数收益率,华泰柏瑞基金管理有限公司,上海浦东发展银行股份有限公司,股票型ETF,主题指数ETF,931409.CSI,317372311.68,10663700,6506444,0.619,0.6101488226413,0.048488767
2022-08-26,517120.SH,华泰柏瑞中证沪港深创新药产业ETF,20210719,中证沪港深创新药产业指数,中证沪港深创新药产业指数收益率,华泰柏瑞基金管理有限公司,上海浦东发展银行股份有限公司,股票型ETF,主题指数ETF,931409.CSI,321493523.52,6843700,4294268,0.624,0.62747753408244,-0.04805382
2022-08-29,517120.SH,华泰柏瑞中证沪港深创新药产业ETF,20210719,中证沪港深创新药产业指数,中证沪港深创新药产业指数收益率,华泰柏瑞基金管理有限公司,上海浦东发展银行股份有限公司,股票型ETF,主题指数ETF,931409.CSI,318089425.92,12211200,7510092,0.616,0.61501670597484,0.113765643
2022-08-30,517120.SH,华泰柏瑞中证沪港深创新药产业ETF,20210719,中证沪港深创新药产业指数,中证沪港深创新药产业指数收益率,华泰柏瑞基金管理有限公司,上海浦东发展银行股份有限公司,股票型ETF,主题指数ETF,931409.CSI,316777090.56,11037500,6710478,0.611,0.60797082672707,0.098296199
2022-08-31,517120.SH,华泰柏瑞中证沪港深创新药产业ETF,20210719,中证沪港深创新药产业指数,中证沪港深创新药产业指数收益率,华泰柏瑞基金管理有限公司,上海浦东发展银行股份有限公司,股票型ETF,主题指数ETF,931409.CSI,323051264.64,15543200,9568346,0.62,0.61559691697977,-0.016126431
2022-09-01,517120.SH,华泰柏瑞中证沪港深创新药产业ETF,20210719,中证沪港深创新药产业指数,中证沪港深创新药产业指数收益率,华泰柏瑞基金管理有限公司,上海浦东发展银行股份有限公司,股票型ETF,主题指数ETF,931409.CSI,321938115.84,9670700,6016414,0.616,0.62212807759521,0.064977258
2022-09-02,517120.SH,华泰柏瑞中证沪港深创新药产业ETF,20210719,中证沪港深创新药产业指数,中证沪港深创新药产业指数收益率,华泰柏瑞基金管理有限公司,上海浦东发展银行股份有限公司,股票型ETF,主题指数ETF,931409.CSI,319547047.68,12659500,7756515,0.612,0.61270310833761,0.542138985
2022-09-05,517120.SH,华泰柏瑞中证沪港深创新药产业ETF,20210719,中证沪港深创新药产业指数,中证沪港深创新药产业指数收益率,华泰柏瑞基金管理有限公司,上海浦东发展银行股份有限公司,股票型ETF,主题指数ETF,931409.CSI,311531084.48,24297000,14455875,0.592,0.5949654278306,-0.621118012
2022-09-06,517120.SH,华泰柏瑞中证沪港深创新药产业ETF,20210719,中证沪港深创新药产业指数,中证沪港深创新药产业指数收益率,华泰柏瑞基金管理有限公司,上海浦东发展银行股份有限公司,股票型ETF,主题指数ETF,931409.CSI,311321897.92,13682100,8148347,0.597,0.59554797874595,0.285570301
2022-09-07,517120.SH,华泰柏瑞中证沪港深创新药产业ETF,20210719,中证沪港深创新药产业指数,中证沪港深创新药产业指数收益率,华泰柏瑞基金管理有限公司,上海浦东发展银行股份有限公司,股票型ETF,主题指数ETF,931409.CSI,311095088.64,16516600,9799167,0.594,0.59329202136033,0.236247047
2022-09-08,517120.SH,华泰柏瑞中证沪港深创新药产业ETF,20210719,中证沪港深创新药产业指数,中证沪港深创新药产业指数收益率,华泰柏瑞基金管理有限公司,上海浦东发展银行股份有限公司,股票型ETF,主题指数ETF,931409.CSI,307735303.68,11333400,6715619,0.59,0.59255113205216,0.648242921
2022-09-09,517120.SH,华泰柏瑞中证沪港深创新药产业ETF,20210719,中证沪港深创新药产业指数,中证沪港深创新药产业指数收益率,华泰柏瑞基金管理有限公司,上海浦东发展银行股份有限公司,股票型ETF,主题指数ETF,931409.CSI,315453332.48,13712900,8252111,0.603,0.60177723165778,-0.033156499
2022-09-13,517120.SH,华泰柏瑞中证沪港深创新药产业ETF,20210719,中证沪港深创新药产业指数,中证沪港深创新药产业指数收益率,华泰柏瑞基金管理有限公司,上海浦东发展银行股份有限公司,股票型ETF,主题指数ETF,931409.CSI,306615569.92,21905900,12719099,0.579,0.58062435234343,0.643142708
2022-09-14,517120.SH,华泰柏瑞中证沪港深创新药产业ETF,20210719,中证沪港深创新药产业指数,中证沪港深创新药产业指数收益率,华泰柏瑞基金管理有限公司,上海浦东发展银行股份有限公司,股票型ETF,主题指数ETF,931409.CSI,302405135.36,15282200,8661502,0.569,0.56677062203086,0.281988016
2022-09-15,517120.SH,华泰柏瑞中证沪港深创新药产业ETF,20210719,中证沪港深创新药产业指数,中证沪港深创新药产业指数收益率,华泰柏瑞基金管理有限公司,上海浦东发展银行股份有限公司,股票型ETF,主题指数ETF,931409.CSI,303684254.72,15686200,9017372,0.574,0.57486019558593,0.737100737
2022-09-16,517120.SH,华泰柏瑞中证沪港深创新药产业ETF,20210719,中证沪港深创新药产业指数,中证沪港深创新药产业指数收益率,华泰柏瑞基金管理有限公司,上海浦东发展银行股份有限公司,股票型ETF,主题指数ETF,931409.CSI,304346972.16,17802400,10010659,0.555,0.56232075450501,0.108225108
2022-09-19,517120.SH,华泰柏瑞中证沪港深创新药产业ETF,20210719,中证沪港深创新药产业指数,中证沪港深创新药产业指数收益率,华泰柏瑞基金管理有限公司,上海浦东发展银行股份有限公司,股票型ETF,主题指数ETF,931409.CSI,295097171.2,16970800,9278613,0.545,0.54673987083697,-0.091659028
2022-09-20,517120.SH,华泰柏瑞中证沪港深创新药产业ETF,20210719,中证沪港深创新药产业指数,中证沪港深创新药产业指数收益率,华泰柏瑞基金管理有限公司,上海浦东发展银行股份有限公司,股票型ETF,主题指数ETF,931409.CSI,296179104.0,11292500,6194386,0.549,0.54853982731902,0.273972603
2022-09-21,517120.SH,华泰柏瑞中证沪港深创新药产业ETF,20210719,中证沪港深创新药产业指数,中证沪港深创新药产业指数收益率,华泰柏瑞基金管理有限公司,上海浦东发展银行股份有限公司,股票型ETF,主题指数ETF,931409.CSI,291557024.0,16467100,8860239,0.536,0.53805703493633,0.186915888
2022-09-22,517120.SH,华泰柏瑞中证沪港深创新药产业ETF,20210719,中证沪港深创新药产业指数,中证沪港深创新药产业指数收益率,华泰柏瑞基金管理有限公司,上海浦东发展银行股份有限公司,股票型ETF,主题指数ETF,931409.CSI,287415279.36,16767400,8892341,0.529,0.53033511456755,0.303375047
2022-09-23,517120.SH,华泰柏瑞中证沪港深创新药产业ETF,20210719,中证沪港深创新药产业指数,中证沪港深创新药产业指数收益率,华泰柏瑞基金管理有限公司,上海浦东发展银行股份有限公司,股票型ETF,主题指数ETF,931409.CSI,287769750.72,21098000,11098434,0.525,0.52604199450185,0.516944285
2022-09-26,517120.SH,华泰柏瑞中证沪港深创新药产业ETF,20210719,中证沪港深创新药产业指数,中证沪港深创新药产业指数收益率,华泰柏瑞基金管理有限公司,上海浦东发展银行股份有限公司,股票型ETF,主题指数ETF,931409.CSI,288537867.52,19998500,10550386,0.521,0.52755886691502,-0.153315447
2022-09-27,517120.SH,华泰柏瑞中证沪港深创新药产业ETF,20210719,中证沪港深创新药产业指数,中证沪港深创新药产业指数收益率,华泰柏瑞基金管理有限公司,上海浦东发展银行股份有限公司,股票型ETF,主题指数ETF,931409.CSI,296401092.16,23794800,12591091,0.543,0.52915305024627,0.202989481
2022-09-28,517120.SH,华泰柏瑞中证沪港深创新药产业ETF,20210719,中证沪港深创新药产业指数,中证沪港深创新药产业指数收益率,华泰柏瑞基金管理有限公司,上海浦东发展银行股份有限公司,股票型ETF,主题指数ETF,931409.CSI,293257850.88,18475400,9945080,0.533,0.53828766900852,-0.224634968
2022-09-29,517120.SH,华泰柏瑞中证沪港深创新药产业ETF,20210719,中证沪港深创新药产业指数,中证沪港深创新药产业指数收益率,华泰柏瑞基金管理有限公司,上海浦东发展银行股份有限公司,股票型ETF,主题指数ETF,931409.CSI,297759375.36,19154300,10466426,0.539,0.54642696418037,-0.626843658
2022-09-30,517120.SH,华泰柏瑞中证沪港深创新药产业ETF,20210719,中证沪港深创新药产业指数,中证沪港深创新药产业指数收益率,华泰柏瑞基金管理有限公司,上海浦东发展银行股份有限公司,股票型ETF,主题指数ETF,931409.CSI,296441830.08,15455600,8306032,0.537,0.53741245891457,-0.555555556
2022-10-10,517120.SH,华泰柏瑞中证沪港深创新药产业ETF,20210719,中证沪港深创新药产业指数,中证沪港深创新药产业指数收益率,华泰柏瑞基金管理有限公司,上海浦东发展银行股份有限公司,股票型ETF,主题指数ETF,931409.CSI,288152463.36,20029500,10672792,0.526,0.5328536408797,0.209563726
2022-10-11,517120.SH,华泰柏瑞中证沪港深创新药产业ETF,20210719,中证沪港深创新药产业指数,中证沪港深创新药产业指数收益率,华泰柏瑞基金管理有限公司,上海浦东发展银行股份有限公司,股票型ETF,主题指数ETF,931409.CSI,284803768.32,12711300,6596483,0.521,0.51894637055219,0.424055513
2022-10-12,517120.SH,华泰柏瑞中证沪港深创新药产业ETF,20210719,中证沪港深创新药产业指数,中证沪港深创新药产业指数收益率,华泰柏瑞基金管理有限公司,上海浦东发展银行股份有限公司,股票型ETF,主题指数ETF,931409.CSI,286560460.8,18980600,9663836,0.527,0.50914280897337,0.957854406
2022-10-13,517120.SH,华泰柏瑞中证沪港深创新药产业ETF,20210719,中证沪港深创新药产业指数,中证沪港深创新药产业指数收益率,华泰柏瑞基金管理有限公司,上海浦东发展银行股份有限公司,股票型ETF,主题指数ETF,931409.CSI,296441856.0,18794700,10190266,0.541,0.5421882764822,0.185185185
2022-10-14,517120.SH,华泰柏瑞中证沪港深创新药产业ETF,20210719,中证沪港深创新药产业指数,中证沪港深创新药产业指数收益率,华泰柏瑞基金管理有限公司,上海浦东发展银行股份有限公司,股票型ETF,主题指数ETF,931409.CSI,314626058.24,20485900,11771536,0.583,0.57461649231911,0.240715268
2022-10-17,517120.SH,华泰柏瑞中证沪港深创新药产业ETF,20210719,中证沪港深创新药产业指数,中证沪港深创新药产业指数收益率,华泰柏瑞基金管理有限公司,上海浦东发展银行股份有限公司,股票型ETF,主题指数ETF,931409.CSI,316912243.2,18065400,10581899,0.587,0.58575503448581,-0.170068027
2022-10-18,517120.SH,华泰柏瑞中证沪港深创新药产业ETF,20210719,中证沪港深创新药产业指数,中证沪港深创新药产业指数收益率,华泰柏瑞基金管理有限公司,上海浦东发展银行股份有限公司,股票型ETF,主题指数ETF,931409.CSI,322985289.6,18226000,10727703,0.597,0.58859338307912,-0.748129676
2022-10-19,517120.SH,华泰柏瑞中证沪港深创新药产业ETF,20210719,中证沪港深创新药产业指数,中证沪港深创新药产业指数收益率,华泰柏瑞基金管理有限公司,上海浦东发展银行股份有限公司,股票型ETF,主题指数ETF,931409.CSI,314877096.96,12507500,7331870,0.584,0.58619788127124,-0.409276944
2022-10-20,517120.SH,华泰柏瑞中证沪港深创新药产业ETF,20210719,中证沪港深创新药产业指数,中证沪港深创新药产业指数收益率,华泰柏瑞基金管理有限公司,上海浦东发展银行股份有限公司,股票型ETF,主题指数ETF,931409.CSI,311172028.8,16552100,9620762,0.58,0.58124117181506,0.086281277
2022-10-21,517120.SH,华泰柏瑞中证沪港深创新药产业ETF,20210719,中证沪港深创新药产业指数,中证沪港深创新药产业指数收益率,华泰柏瑞基金管理有限公司,上海浦东发展银行股份有限公司,股票型ETF,主题指数ETF,931409.CSI,312836624.64,14259600,8278025,0.585,0.58052294594519,0.411946447
2022-10-24,517120.SH,华泰柏瑞中证沪港深创新药产业ETF,20210719,中证沪港深创新药产业指数,中证沪港深创新药产业指数收益率,华泰柏瑞基金管理有限公司,上海浦东发展银行股份有限公司,股票型ETF,主题指数ETF,931409.CSI,300701184.0,15826400,8997160,0.563,0.5684906232624,0.535714286
2022-10-25,517120.SH,华泰柏瑞中证沪港深创新药产业ETF,20210719,中证沪港深创新药产业指数,中证沪港深创新药产业指数收益率,华泰柏瑞基金管理有限公司,上海浦东发展银行股份有限公司,股票型ETF,主题指数ETF,931409.CSI,300042594.88,16178400,8969510,0.56,0.55441267368837,0.592778876
2022-10-26,517120.SH,华泰柏瑞中证沪港深创新药产业ETF,20210719,中证沪港深创新药产业指数,中证沪港深创新药产业指数收益率,华泰柏瑞基金管理有限公司,上海浦东发展银行股份有限公司,股票型ETF,主题指数ETF,931409.CSI,313971780.16,19387757,11382213,0.585,0.58708250779087,-0.323734878
2022-10-27,517120.SH,华泰柏瑞中证沪港深创新药产业ETF,20210719,中证沪港深创新药产业指数,中证沪港深创新药产业指数收益率,华泰柏瑞基金管理有限公司,上海浦东发展银行股份有限公司,股票型ETF,主题指数ETF,931409.CSI,311029464.96,16021200,9324665,0.58,0.58202038548923,-0.240798074
2022-10-28,517120.SH,华泰柏瑞中证沪港深创新药产业ETF,20210719,中证沪港深创新药产业指数,中证沪港深创新药产业指数收益率,华泰柏瑞基金管理有限公司,上海浦东发展银行股份有限公司,股票型ETF,主题指数ETF,931409.CSI,305465814.4,15297900,8952094,0.574,0.58518450244805,0.525394046
2022-10-31,517120.SH,华泰柏瑞中证沪港深创新药产业ETF,20210719,中证沪港深创新药产业指数,中证沪港深创新药产业指数收益率,华泰柏瑞基金管理有限公司,上海浦东发展银行股份有限公司,股票型ETF,主题指数ETF,931409.CSI,303224926.08,15090000,8595110,0.567,0.56958979456594,0.407295909
2022-11-01,517120.SH,华泰柏瑞中证沪港深创新药产业ETF,20210719,中证沪港深创新药产业指数,中证沪港深创新药产业指数收益率,华泰柏瑞基金管理有限公司,上海浦东发展银行股份有限公司,股票型ETF,主题指数ETF,931409.CSI,320031974.4,20066900,11638049,0.6,0.57996247551939,0.67114094
2022-11-02,517120.SH,华泰柏瑞中证沪港深创新药产业ETF,20210719,中证沪港深创新药产业指数,中证沪港深创新药产业指数收益率,华泰柏瑞基金管理有限公司,上海浦东发展银行股份有限公司,股票型ETF,主题指数ETF,931409.CSI,328094893.12,22001800,13478333,0.615,0.61260137806907,0.277188978
2022-11-03,517120.SH,华泰柏瑞中证沪港深创新药产业ETF,20210719,中证沪港深创新药产业指数,中证沪港深创新药产业指数收益率,华泰柏瑞基金管理有限公司,上海浦东发展银行股份有限公司,股票型ETF,主题指数ETF,931409.CSI,325025761.92,16294000,9808950,0.605,0.6019976678532,-0.049562201
2022-11-04,517120.SH,华泰柏瑞中证沪港深创新药产业ETF,20210719,中证沪港深创新药产业指数,中证沪港深创新药产业指数收益率,华泰柏瑞基金管理有限公司,上海浦东发展银行股份有限公司,股票型ETF,主题指数ETF,931409.CSI,326174143.68,16335000,10167710,0.623,0.62244934190389,-0.112233446
2022-11-07,517120.SH,华泰柏瑞中证沪港深创新药产业ETF,20210719,中证沪港深创新药产业指数,中证沪港深创新药产业指数收益率,华泰柏瑞基金管理有限公司,上海浦东发展银行股份有限公司,股票型ETF,主题指数ETF,931409.CSI,328677701.76,15565800,9695836,0.627,0.62289352297987,-0.618164527
2022-11-08,517120.SH,华泰柏瑞中证沪港深创新药产业ETF,20210719,中证沪港深创新药产业指数,中证沪港深创新药产业指数收益率,华泰柏瑞基金管理有限公司,上海浦东发展银行股份有限公司,股票型ETF,主题指数ETF,931409.CSI,324197390.72,15332500,9501104,0.62,0.61967089515735,-0.369596658
2022-11-09,517120.SH,华泰柏瑞中证沪港深创新药产业ETF,20210719,中证沪港深创新药产业指数,中证沪港深创新药产业指数收益率,华泰柏瑞基金管理有限公司,上海浦东发展银行股份有限公司,股票型ETF,主题指数ETF,931409.CSI,321905138.56,15659200,9657444,0.616,0.61672652498212,-0.307493122
2022-11-10,517120.SH,华泰柏瑞中证沪港深创新药产业ETF,20210719,中证沪港深创新药产业指数,中证沪港深创新药产业指数收益率,华泰柏瑞基金管理有限公司,上海浦东发展银行股份有限公司,股票型ETF,主题指数ETF,931409.CSI,318414663.68,14456500,8888779,0.609,0.61486383287794,-0.359947644
2022-11-11,517120.SH,华泰柏瑞中证沪港深创新药产业ETF,20210719,中证沪港深创新药产业指数,中证沪港深创新药产业指数收益率,华泰柏瑞基金管理有限公司,上海浦东发展银行股份有限公司,股票型ETF,主题指数ETF,931409.CSI,363278289.92,91484100,58862315,0.622,0.6434157957503,-0.527746682
2022-11-14,517120.SH,华泰柏瑞中证沪港深创新药产业ETF,20210719,中证沪港深创新药产业指数,中证沪港深创新药产业指数收益率,华泰柏瑞基金管理有限公司,上海浦东发展银行股份有限公司,股票型ETF,主题指数ETF,931409.CSI,375313768.32,23245600,14799500,0.642,0.63665812024641,-0.279589935
2022-11-15,517120.SH,华泰柏瑞中证沪港深创新药产业ETF,20210719,中证沪港深创新药产业指数,中证沪港深创新药产业指数收益率,华泰柏瑞基金管理有限公司,上海浦东发展银行股份有限公司,股票型ETF,主题指数ETF,931409.CSI,377529040.64,16940700,10806786,0.643,0.63791850395792,-0.710315009
2022-11-16,517120.SH,华泰柏瑞中证沪港深创新药产业ETF,20210719,中证沪港深创新药产业指数,中证沪港深创新药产业指数收益率,华泰柏瑞基金管理有限公司,上海浦东发展银行股份有限公司,股票型ETF,主题指数ETF,931409.CSI,378286896.96,18413500,12069760,0.649,0.65548429141662,0.015410695
2022-11-17,517120.SH,华泰柏瑞中证沪港深创新药产业ETF,20210719,中证沪港深创新药产业指数,中证沪港深创新药产业指数收益率,华泰柏瑞基金管理有限公司,上海浦东发展银行股份有限公司,股票型ETF,主题指数ETF,931409.CSI,375955031.36,17530200,11249844,0.646,0.64174076736147,0.17056908
2022-11-18,517120.SH,华泰柏瑞中证沪港深创新药产业ETF,20210719,中证沪港深创新药产业指数,中证沪港深创新药产业指数收益率,华泰柏瑞基金管理有限公司,上海浦东发展银行股份有限公司,股票型ETF,主题指数ETF,931409.CSI,379044753.28,17113000,11156094,0.648,0.65190755565944,-0.338357428
2022-11-21,517120.SH,华泰柏瑞中证沪港深创新药产业ETF,20210719,中证沪港深创新药产业指数,中证沪港深创新药产业指数收益率,华泰柏瑞基金管理有限公司,上海浦东发展银行股份有限公司,股票型ETF,主题指数ETF,931409.CSI,377412447.36,11809100,7598100,0.645,0.64341059013811,-0.370713624
2022-11-22,517120.SH,华泰柏瑞中证沪港深创新药产业ETF,20210719,中证沪港深创新药产业指数,中证沪港深创新药产业指数收益率,华泰柏瑞基金管理有限公司,上海浦东发展银行股份有限公司,股票型ETF,主题指数ETF,931409.CSI,365345042.88,18922800,12025083,0.623,0.63548116557803,-0.590394128
2022-11-23,517120.SH,华泰柏瑞中证沪港深创新药产业ETF,20210719,中证沪港深创新药产业指数,中证沪港深创新药产业指数收益率,华泰柏瑞基金管理有限公司,上海浦东发展银行股份有限公司,股票型ETF,主题指数ETF,931409.CSI,356192470.4,17663300,10725748,0.608,0.60723352940843,-0.490998363
2022-11-24,517120.SH,华泰柏瑞中证沪港深创新药产业ETF,20210719,中证沪港深创新药产业指数,中证沪港深创新药产业指数收益率,华泰柏瑞基金管理有限公司,上海浦东发展银行股份有限公司,股票型ETF,主题指数ETF,931409.CSI,358990709.12,9628200,5927752,0.615,0.61566564882325,-0.129912309
2022-11-25,517120.SH,华泰柏瑞中证沪港深创新药产业ETF,20210719,中证沪港深创新药产业指数,中证沪港深创新药产业指数收益率,华泰柏瑞基金管理有限公司,上海浦东发展银行股份有限公司,股票型ETF,主题指数ETF,931409.CSI,354215214.08,30002400,18085484,0.609,0.60280124256726,-0.114810563
2022-11-28,517120.SH,华泰柏瑞中证沪港深创新药产业ETF,20210719,中证沪港深创新药产业指数,中证沪港深创新药产业指数收益率,华泰柏瑞基金管理有限公司,上海浦东发展银行股份有限公司,股票型ETF,主题指数ETF,931409.CSI,351368478.72,14498300,8624839,0.603,0.59488622804053,-0.297619048
2022-11-29,517120.SH,华泰柏瑞中证沪港深创新药产业ETF,20210719,中证沪港深创新药产业指数,中证沪港深创新药产业指数收益率,华泰柏瑞基金管理有限公司,上海浦东发展银行股份有限公司,股票型ETF,主题指数ETF,931409.CSI,362406840.32,16474100,10124533,0.621,0.61457275359504,-0.448861815
2022-11-30,517120.SH,华泰柏瑞中证沪港深创新药产业ETF,20210719,中证沪港深创新药产业指数,中证沪港深创新药产业指数收益率,华泰柏瑞基金管理有限公司,上海浦东发展银行股份有限公司,股票型ETF,主题指数ETF,931409.CSI,361767777.28,10161000,6266502,0.615,0.61672099202834,-1.236550506
2022-12-01,517120.SH,华泰柏瑞中证沪港深创新药产业ETF,20210719,中证沪港深创新药产业指数,中证沪港深创新药产业指数收益率,华泰柏瑞基金管理有限公司,上海浦东发展银行股份有限公司,股票型ETF,主题指数ETF,931409.CSI,360954424.32,12818300,7951201,0.621,0.62030074190805,-0.048285852
2022-12-02,517120.SH,华泰柏瑞中证沪港深创新药产业ETF,20210719,中证沪港深创新药产业指数,中证沪港深创新药产业指数收益率,华泰柏瑞基金管理有限公司,上海浦东发展银行股份有限公司,股票型ETF,主题指数ETF,931409.CSI,359502008.32,11782200,7300487,0.619,0.61962002003022,0.032320621
2022-12-05,517120.SH,华泰柏瑞中证沪港深创新药产业ETF,20210719,中证沪港深创新药产业指数,中证沪港深创新药产业指数收益率,华泰柏瑞基金管理有限公司,上海浦东发展银行股份有限公司,股票型ETF,主题指数ETF,931409.CSI,363104000.0,16510100,10223753,0.62,0.61924234256607,-0.8
2022-12-06,517120.SH,华泰柏瑞中证沪港深创新药产业ETF,20210719,中证沪港深创新药产业指数,中证沪港深创新药产业指数收益率,华泰柏瑞基金管理有限公司,上海浦东发展银行股份有限公司,股票型ETF,主题指数ETF,931409.CSI,355958113.28,17250300,10588259,0.608,0.61380144113436,-0.767096458
2022-12-07,517120.SH,华泰柏瑞中证沪港深创新药产业ETF,20210719,中证沪港深创新药产业指数,中证沪港深创新药产业指数收益率,华泰柏瑞基金管理有限公司,上海浦东发展银行股份有限公司,股票型ETF,主题指数ETF,931409.CSI,364022072.96,43244500,26821978,0.623,0.62024021551874,1.482326112
2022-12-08,517120.SH,华泰柏瑞中证沪港深创新药产业ETF,20210719,中证沪港深创新药产业指数,中证沪港深创新药产业指数收益率,华泰柏瑞基金管理有限公司,上海浦东发展银行股份有限公司,股票型ETF,主题指数ETF,931409.CSI,367994777.28,17172400,10615470,0.619,0.61817043628147,-0.594186607
2022-12-09,517120.SH,华泰柏瑞中证沪港深创新药产业ETF,20210719,中证沪港深创新药产业指数,中证沪港深创新药产业指数收益率,华泰柏瑞基金管理有限公司,上海浦东发展银行股份有限公司,股票型ETF,主题指数ETF,931409.CSI,368822130.24,15909700,9857616,0.623,0.61959785539639,-0.176253805
2022-12-12,517120.SH,华泰柏瑞中证沪港深创新药产业ETF,20210719,中证沪港深创新药产业指数,中证沪港深创新药产业指数收益率,华泰柏瑞基金管理有限公司,上海浦东发展银行股份有限公司,股票型ETF,主题指数ETF,931409.CSI,367758390.72,16322800,10217212,0.621,0.62594726394981,-0.208902459
2022-12-13,517120.SH,华泰柏瑞中证沪港深创新药产业ETF,20210719,中证沪港深创新药产业指数,中证沪港深创新药产业指数收益率,华泰柏瑞基金管理有限公司,上海浦东发展银行股份有限公司,股票型ETF,主题指数ETF,931409.CSI,365807031.04,16200600,10008718,0.619,0.61779921731294,-0.338109805
2022-12-14,517120.SH,华泰柏瑞中证沪港深创新药产业ETF,20210719,中证沪港深创新药产业指数,中证沪港深创新药产业指数收益率,华泰柏瑞基金管理有限公司,上海浦东发展银行股份有限公司,股票型ETF,主题指数ETF,931409.CSI,366454894.08,18164600,11267335,0.62,0.62029084042588,-0.353584057
2022-12-15,517120.SH,华泰柏瑞中证沪港深创新药产业ETF,20210719,中证沪港深创新药产业指数,中证沪港深创新药产业指数收益率,华泰柏瑞基金管理有限公司,上海浦东发展银行股份有限公司,股票型ETF,主题指数ETF,931409.CSI,359976263.68,9752600,5996294,0.614,0.61484055533909,0.458115183
2022-12-16,517120.SH,华泰柏瑞中证沪港深创新药产业ETF,20210719,中证沪港深创新药产业指数,中证沪港深创新药产业指数收益率,华泰柏瑞基金管理有限公司,上海浦东发展银行股份有限公司,股票型ETF,主题指数ETF,931409.CSI,365748134.4,15940500,9850067,0.617,0.61792710391769,-0.644122383
2022-12-19,517120.SH,华泰柏瑞中证沪港深创新药产业ETF,20210719,中证沪港深创新药产业指数,中证沪港深创新药产业指数收益率,华泰柏瑞基金管理有限公司,上海浦东发展银行股份有限公司,股票型ETF,主题指数ETF,931409.CSI,352201907.2,18852600,11373094,0.597,0.60326395298261,-0.16722408
2022-12-20,517120.SH,华泰柏瑞中证沪港深创新药产业ETF,20210719,中证沪港深创新药产业指数,中证沪港深创新药产业指数收益率,华泰柏瑞基金管理有限公司,上海浦东发展银行股份有限公司,股票型ETF,主题指数ETF,931409.CSI,349257075.2,17463200,10332291,0.591,0.591660806725,-0.337268128
2022-12-21,517120.SH,华泰柏瑞中证沪港深创新药产业ETF,20210719,中证沪港深创新药产业指数,中证沪港深创新药产业指数收益率,华泰柏瑞基金管理有限公司,上海浦东发展银行股份有限公司,股票型ETF,主题指数ETF,931409.CSI,350788387.84,14612100,8711697,0.594,0.59619746648326,-0.268636669
2022-12-22,517120.SH,华泰柏瑞中证沪港深创新药产业ETF,20210719,中证沪港深创新药产业指数,中证沪港深创新药产业指数收益率,华泰柏瑞基金管理有限公司,上海浦东发展银行股份有限公司,股票型ETF,主题指数ETF,931409.CSI,354852256.0,16891700,10206670,0.602,0.60424172818603,-0.082987552
2022-12-23,517120.SH,华泰柏瑞中证沪港深创新药产业ETF,20210719,中证沪港深创新药产业指数,中证沪港深创新药产业指数收益率,华泰柏瑞基金管理有限公司,上海浦东发展银行股份有限公司,股票型ETF,主题指数ETF,931409.CSI,360624126.72,15273600,9245585,0.609,0.60533109417557,-0.538951494
2022-12-26,517120.SH,华泰柏瑞中证沪港深创新药产业ETF,20210719,中证沪港深创新药产业指数,中证沪港深创新药产业指数收益率,华泰柏瑞基金管理有限公司,上海浦东发展银行股份有限公司,股票型ETF,主题指数ETF,931409.CSI,361271989.76,15245500,9346774,0.613,0.61308412318389,-0.065210303
2022-12-27,517120.SH,华泰柏瑞中证沪港深创新药产业ETF,20210719,中证沪港深创新药产业指数,中证沪港深创新药产业指数收益率,华泰柏瑞基金管理有限公司,上海浦东发展银行股份有限公司,股票型ETF,主题指数ETF,931409.CSI,362685509.12,14070000,8598208,0.614,0.61110220326937,-0.292302696
2022-12-28,517120.SH,华泰柏瑞中证沪港深创新药产业ETF,20210719,中证沪港深创新药产业指数,中证沪港深创新药产业指数收益率,华泰柏瑞基金管理有限公司,上海浦东发展银行股份有限公司,股票型ETF,主题指数ETF,931409.CSI,367397240.32,19851100,12308509,0.623,0.62004166015989,-0.128246233
2022-12-29,517120.SH,华泰柏瑞中证沪港深创新药产业ETF,20210719,中证沪港深创新药产业指数,中证沪港深创新药产业指数收益率,华泰柏瑞基金管理有限公司,上海浦东发展银行股份有限公司,股票型ETF,主题指数ETF,931409.CSI,375760563.2,19335500,12181437,0.637,0.63000372372062,-0.156739812
2022-12-30,517120.SH,华泰柏瑞中证沪港深创新药产业ETF,20210719,中证沪港深创新药产业指数,中证沪港深创新药产业指数收益率,华泰柏瑞基金管理有限公司,上海浦东发展银行股份有限公司,股票型ETF,主题指数ETF,931409.CSI,373934767.36,14343100,9120314,0.633,0.6358676994513,-0.299259726
2023-01-03,517120.SH,华泰柏瑞中证沪港深创新药产业ETF,20210719,中证沪港深创新药产业指数,中证沪港深创新药产业指数收益率,华泰柏瑞基金管理有限公司,上海浦东发展银行股份有限公司,股票型ETF,主题指数ETF,931409.CSI,379117671.68,14767900,9380324,0.639,0.63518333683191,-0.730153798
2023-01-04,517120.SH,华泰柏瑞中证沪港深创新药产业ETF,20210719,中证沪港深创新药产业指数,中证沪港深创新药产业指数收益率,华泰柏瑞基金管理有限公司,上海浦东发展银行股份有限公司,股票型ETF,主题指数ETF,931409.CSI,383035998.72,19621700,12713524,0.65,0.64793183057533,-0.733048259
2023-01-05,517120.SH,华泰柏瑞中证沪港深创新药产业ETF,20210719,中证沪港深创新药产业指数,中证沪港深创新药产业指数收益率,华泰柏瑞基金管理有限公司,上海浦东发展银行股份有限公司,股票型ETF,主题指数ETF,931409.CSI,393097420.8,19276000,12888256,0.671,0.66861672546171,-0.148809524
2023-01-06,517120.SH,华泰柏瑞中证沪港深创新药产业ETF,20210719,中证沪港深创新药产业指数,中证沪港深创新药产业指数收益率,华泰柏瑞基金管理有限公司,上海浦东发展银行股份有限公司,股票型ETF,主题指数ETF,931409.CSI,390860925.76,22098300,14720953,0.662,0.66615771348927,-0.585673525
2023-01-09,517120.SH,华泰柏瑞中证沪港深创新药产业ETF,20210719,中证沪港深创新药产业指数,中证沪港深创新药产业指数收益率,华泰柏瑞基金管理有限公司,上海浦东发展银行股份有限公司,股票型ETF,主题指数ETF,931409.CSI,385630706.56,17230600,11543445,0.673,0.66993865564751,-0.355344981
2023-01-10,517120.SH,华泰柏瑞中证沪港深创新药产业ETF,20210719,中证沪港深创新药产业指数,中证沪港深创新药产业指数收益率,华泰柏瑞基金管理有限公司,上海浦东发展银行股份有限公司,股票型ETF,主题指数ETF,931409.CSI,385002643.52,15099300,10134689,0.673,0.67120257230468,-0.192792526
2023-01-11,517120.SH,华泰柏瑞中证沪港深创新药产业ETF,20210719,中证沪港深创新药产业指数,中证沪港深创新药产业指数收益率,华泰柏瑞基金管理有限公司,上海浦东发展银行股份有限公司,股票型ETF,主题指数ETF,931409.CSI,377488145.28,36441400,24848002,0.68,0.68186189334109,-0.029403117
2023-01-12,517120.SH,华泰柏瑞中证沪港深创新药产业ETF,20210719,中证沪港深创新药产业指数,中证沪港深创新药产业指数收益率,华泰柏瑞基金管理有限公司,上海浦东发展银行股份有限公司,股票型ETF,主题指数ETF,931409.CSI,355192266.24,85751500,58231754,0.675,0.67907563133006,-0.2364765
2023-01-13,517120.SH,华泰柏瑞中证沪港深创新药产业ETF,20210719,中证沪港深创新药产业指数,中证沪港深创新药产业指数收益率,华泰柏瑞基金管理有限公司,上海浦东发展银行股份有限公司,股票型ETF,主题指数ETF,931409.CSI,365534104.32,46643100,32117224,0.697,0.68857395842043,0.10053138
2023-01-16,517120.SH,华泰柏瑞中证沪港深创新药产业ETF,20210719,中证沪港深创新药产业指数,中证沪港深创新药产业指数收益率,华泰柏瑞基金管理有限公司,上海浦东发展银行股份有限公司,股票型ETF,主题指数ETF,931409.CSI,376400908.8,21686300,15521536,0.715,0.71573002310214,-0.278940028
2023-01-17,517120.SH,华泰柏瑞中证沪港深创新药产业ETF,20210719,中证沪港深创新药产业指数,中证沪港深创新药产业指数收益率,华泰柏瑞基金管理有限公司,上海浦东发展银行股份有限公司,股票型ETF,主题指数ETF,931409.CSI,368788896.0,17256400,12193084,0.701,0.70658329663197,-0.213523132
2023-01-18,517120.SH,华泰柏瑞中证沪港深创新药产业ETF,20210719,中证沪港深创新药产业指数,中证沪港深创新药产业指数收益率,华泰柏瑞基金管理有限公司,上海浦东发展银行股份有限公司,股票型ETF,主题指数ETF,931409.CSI,367633969.92,16536800,11520796,0.698,0.69667626142906,-0.328430673
2023-01-19,517120.SH,华泰柏瑞中证沪港深创新药产业ETF,20210719,中证沪港深创新药产业指数,中证沪港深创新药产业指数收益率,华泰柏瑞基金管理有限公司,上海浦东发展银行股份有限公司,股票型ETF,主题指数ETF,931409.CSI,375560962.56,20741100,14670473,0.716,0.70731412509462,0.083869164
2023-01-20,517120.SH,华泰柏瑞中证沪港深创新药产业ETF,20210719,中证沪港深创新药产业指数,中证沪港深创新药产业指数收益率,华泰柏瑞基金管理有限公司,上海浦东发展银行股份有限公司,股票型ETF,主题指数ETF,931409.CSI,376295915.52,19922900,14305489,0.716,0.71804250385235,-0.111607143
2023-01-30,517120.SH,华泰柏瑞中证沪港深创新药产业ETF,20210719,中证沪港深创新药产业指数,中证沪港深创新药产业指数收益率,华泰柏瑞基金管理有限公司,上海浦东发展银行股份有限公司,股票型ETF,主题指数ETF,931409.CSI,368368922.88,25172300,17869073,0.703,0.70987049256524,0.185264358
2023-01-31,517120.SH,华泰柏瑞中证沪港深创新药产业ETF,20210719,中证沪港深创新药产业指数,中证沪港深创新药产业指数收益率,华泰柏瑞基金管理有限公司,上海浦东发展银行股份有限公司,股票型ETF,主题指数ETF,931409.CSI,358394561.28,17654800,12193268,0.68,0.6906488886875,-0.395488502
2023-02-01,517120.SH,华泰柏瑞中证沪港深创新药产业ETF,20210719,中证沪港深创新药产业指数,中证沪港深创新药产业指数收益率,华泰柏瑞基金管理有限公司,上海浦东发展银行股份有限公司,股票型ETF,主题指数ETF,931409.CSI,371312265.6,36373300,24999260,0.693,0.68729700082203,0.21691974
2023-02-02,517120.SH,华泰柏瑞中证沪港深创新药产业ETF,20210719,中证沪港深创新药产业指数,中证沪港深创新药产业指数收益率,华泰柏瑞基金管理有限公司,上海浦东发展银行股份有限公司,股票型ETF,主题指数ETF,931409.CSI,377486353.92,20768300,14633129,0.702,0.70458963901716,0.60189166
2023-02-03,517120.SH,华泰柏瑞中证沪港深创新药产业ETF,20210719,中证沪港深创新药产业指数,中证沪港深创新药产业指数收益率,华泰柏瑞基金管理有限公司,上海浦东发展银行股份有限公司,股票型ETF,主题指数ETF,931409.CSI,383981252.16,30588400,21298836,0.696,0.69630435066888,0.592571181
2023-02-06,517120.SH,华泰柏瑞中证沪港深创新药产业ETF,20210719,中证沪港深创新药产业指数,中证沪港深创新药产业指数收益率,华泰柏瑞基金管理有限公司,上海浦东发展银行股份有限公司,股票型ETF,主题指数ETF,931409.CSI,368506279.68,42183400,28575668,0.678,0.67741500210983,0.266193434
2023-02-07,517120.SH,华泰柏瑞中证沪港深创新药产业ETF,20210719,中证沪港深创新药产业指数,中证沪港深创新药产业指数收益率,华泰柏瑞基金管理有限公司,上海浦东发展银行股份有限公司,股票型ETF,主题指数ETF,931409.CSI,366126059.52,20534800,13927450,0.675,0.67823645713618,-0.265957447
2023-02-08,517120.SH,华泰柏瑞中证沪港深创新药产业ETF,20210719,中证沪港深创新药产业指数,中证沪港深创新药产业指数收益率,华泰柏瑞基金管理有限公司,上海浦东发展银行股份有限公司,股票型ETF,主题指数ETF,931409.CSI,367965345.28,15407600,10505728,0.679,0.68185363067577,-0.1764187
2023-02-09,517120.SH,华泰柏瑞中证沪港深创新药产业ETF,20210719,中证沪港深创新药产业指数,中证沪港深创新药产业指数收益率,华泰柏瑞基金管理有限公司,上海浦东发展银行股份有限公司,股票型ETF,主题指数ETF,931409.CSI,371102950.4,14681300,10013064,0.685,0.6820284307248,-0.145772595
2023-02-10,517120.SH,华泰柏瑞中证沪港深创新药产业ETF,20210719,中证沪港深创新药产业指数,中证沪港深创新药产业指数收益率,华泰柏瑞基金管理有限公司,上海浦东发展银行股份有限公司,股票型ETF,主题指数ETF,931409.CSI,367478475.52,10217800,6944168,0.679,0.67961478987649,-0.044163109
2023-02-13,517120.SH,华泰柏瑞中证沪港深创新药产业ETF,20210719,中证沪港深创新药产业指数,中证沪港深创新药产业指数收益率,华泰柏瑞基金管理有限公司,上海浦东发展银行股份有限公司,股票型ETF,主题指数ETF,931409.CSI,368599120.96,15633700,10686262,0.682,0.68354017283177,-0.277818395
2023-02-14,517120.SH,华泰柏瑞中证沪港深创新药产业ETF,20210719,中证沪港深创新药产业指数,中证沪港深创新药产业指数收益率,华泰柏瑞基金管理有限公司,上海浦东发展银行股份有限公司,股票型ETF,主题指数ETF,931409.CSI,365742599.04,10335000,6995792,0.678,0.67690295113691,-0.08841733
2023-02-15,517120.SH,华泰柏瑞中证沪港深创新药产业ETF,20210719,中证沪港深创新药产业指数,中证沪港深创新药产业指数收益率,华泰柏瑞基金管理有限公司,上海浦东发展银行股份有限公司,股票型ETF,主题指数ETF,931409.CSI,358574345.92,12023800,8026038,0.666,0.66751260000998,0.105215692
2023-02-16,517120.SH,华泰柏瑞中证沪港深创新药产业ETF,20210719,中证沪港深创新药产业指数,中证沪港深创新药产业指数收益率,华泰柏瑞基金管理有限公司,上海浦东发展银行股份有限公司,股票型ETF,主题指数ETF,931409.CSI,352625834.88,22009900,14642484,0.659,0.6652680839077,0.350236029
2023-02-17,517120.SH,华泰柏瑞中证沪港深创新药产业ETF,20210719,中证沪港深创新药产业指数,中证沪港深创新药产业指数收益率,华泰柏瑞基金管理有限公司,上海浦东发展银行股份有限公司,股票型ETF,主题指数ETF,931409.CSI,351712992.0,15902200,10473499,0.658,0.65861949918879,0.458015267
2023-02-20,517120.SH,华泰柏瑞中证沪港深创新药产业ETF,20210719,中证沪港深创新药产业指数,中证沪港深创新药产业指数收益率,华泰柏瑞基金管理有限公司,上海浦东发展银行股份有限公司,股票型ETF,主题指数ETF,931409.CSI,357673319.04,17321300,11404037,0.665,0.65838228077569,-0.165140369
2023-02-21,517120.SH,华泰柏瑞中证沪港深创新药产业ETF,20210719,中证沪港深创新药产业指数,中证沪港深创新药产业指数收益率,华泰柏瑞基金管理有限公司,上海浦东发展银行股份有限公司,股票型ETF,主题指数ETF,931409.CSI,353860857.6,12522300,8276407,0.661,0.66093345471679,0.303490137
2023-02-22,517120.SH,华泰柏瑞中证沪港深创新药产业ETF,20210719,中证沪港深创新药产业指数,中证沪港深创新药产业指数收益率,华泰柏瑞基金管理有限公司,上海浦东发展银行股份有限公司,股票型ETF,主题指数ETF,931409.CSI,352980576.0,17984300,11854381,0.654,0.65915164893824,0.229885057
2023-02-23,517120.SH,华泰柏瑞中证沪港深创新药产业ETF,20210719,中证沪港深创新药产业指数,中证沪港深创新药产业指数收益率,华泰柏瑞基金管理有限公司,上海浦东发展银行股份有限公司,股票型ETF,主题指数ETF,931409.CSI,353742609.6,9268300,6066990,0.652,0.65459577268755,0.076745971
2023-02-24,517120.SH,华泰柏瑞中证沪港深创新药产业ETF,20210719,中证沪港深创新药产业指数,中证沪港深创新药产业指数收益率,华泰柏瑞基金管理有限公司,上海浦东发展银行股份有限公司,股票型ETF,主题指数ETF,931409.CSI,350958361.6,10988800,7093505,0.646,0.6455213490099,0.310559006
2023-02-27,517120.SH,华泰柏瑞中证沪港深创新药产业ETF,20210719,中证沪港深创新药产业指数,中证沪港深创新药产业指数收益率,华泰柏瑞基金管理有限公司,上海浦东发展银行股份有限公司,股票型ETF,主题指数ETF,931409.CSI,348070039.68,11394900,7297292,0.64,0.64039982799323,0.203538437
2023-02-28,517120.SH,华泰柏瑞中证沪港深创新药产业ETF,20210719,中证沪港深创新药产业指数,中证沪港深创新药产业指数收益率,华泰柏瑞基金管理有限公司,上海浦东发展银行股份有限公司,股票型ETF,主题指数ETF,931409.CSI,351775811.2,9517800,6128435,0.648,0.6438919708336,0.387296669
2023-03-01,517120.SH,华泰柏瑞中证沪港深创新药产业ETF,20210719,中证沪港深创新药产业指数,中证沪港深创新药产业指数收益率,华泰柏瑞基金管理有限公司,上海浦东发展银行股份有限公司,股票型ETF,主题指数ETF,931409.CSI,357933931.52,13788300,8965070,0.655,0.65019400506226,-0.274056029
2023-03-02,517120.SH,华泰柏瑞中证沪港深创新药产业ETF,20210719,中证沪港深创新药产业指数,中证沪港深创新药产业指数收益率,华泰柏瑞基金管理有限公司,上海浦东发展银行股份有限公司,股票型ETF,主题指数ETF,931409.CSI,354555139.84,9761300,6347434,0.649,0.65026523106553,-0.245926837
2023-03-03,517120.SH,华泰柏瑞中证沪港深创新药产业ETF,20210719,中证沪港深创新药产业指数,中证沪港深创新药产业指数收益率,华泰柏瑞基金管理有限公司,上海浦东发展银行股份有限公司,股票型ETF,主题指数ETF,931409.CSI,358639749.12,16772300,10974016,0.655,0.65429404434693,0.260217358
2023-03-06,517120.SH,华泰柏瑞中证沪港深创新药产业ETF,20210719,中证沪港深创新药产业指数,中证沪港深创新药产业指数收益率,华泰柏瑞基金管理有限公司,上海浦东发展银行股份有限公司,股票型ETF,主题指数ETF,931409.CSI,359981126.4,11150600,7266108,0.653,0.65163381342708,0.307219662
2023-03-07,517120.SH,华泰柏瑞中证沪港深创新药产业ETF,20210719,中证沪港深创新药产业指数,中证沪港深创新药产业指数收益率,华泰柏瑞基金管理有限公司,上海浦东发展银行股份有限公司,股票型ETF,主题指数ETF,931409.CSI,354119682.56,15531700,10106701,0.642,0.6507144098843,0.249843848
2023-03-08,517120.SH,华泰柏瑞中证沪港深创新药产业ETF,20210719,中证沪港深创新药产业指数,中证沪港深创新药产业指数收益率,华泰柏瑞基金管理有限公司,上海浦东发展银行股份有限公司,股票型ETF,主题指数ETF,931409.CSI,348700611.84,21101400,13385272,0.631,0.63433099225644,0.063431652
2023-03-09,517120.SH,华泰柏瑞中证沪港深创新药产业ETF,20210719,中证沪港深创新药产业指数,中证沪港深创新药产业指数收益率,华泰柏瑞基金管理有限公司,上海浦东发展银行股份有限公司,股票型ETF,主题指数ETF,931409.CSI,349032391.68,13493100,8538538,0.632,0.63280773135899,0.126742712
2023-03-10,517120.SH,华泰柏瑞中证沪港深创新药产业ETF,20210719,中证沪港深创新药产业指数,中证沪港深创新药产业指数收益率,华泰柏瑞基金管理有限公司,上海浦东发展银行股份有限公司,股票型ETF,主题指数ETF,931409.CSI,347926458.88,15069800,9433038,0.631,0.62595641614355,0.286077559
2023-03-13,517120.SH,华泰柏瑞中证沪港深创新药产业ETF,20210719,中证沪港深创新药产业指数,中证沪港深创新药产业指数收益率,华泰柏瑞基金管理有限公司,上海浦东发展银行股份有限公司,股票型ETF,主题指数ETF,931409.CSI,344498067.2,16728000,10394446,0.622,0.62138008130081,-0.160513644
2023-03-14,517120.SH,华泰柏瑞中证沪港深创新药产业ETF,20210719,中证沪港深创新药产业指数,中证沪港深创新药产业指数收益率,华泰柏瑞基金管理有限公司,上海浦东发展银行股份有限公司,股票型ETF,主题指数ETF,931409.CSI,345604000.0,10290100,6480034,0.625,0.6297347936366,0
2023-03-15,517120.SH,华泰柏瑞中证沪港深创新药产业ETF,20210719,中证沪港深创新药产业指数,中证沪港深创新药产业指数收益率,华泰柏瑞基金管理有限公司,上海浦东发展银行股份有限公司,股票型ETF,主题指数ETF,931409.CSI,350331865.6,23052100,14710137,0.63,0.63812568052368,0.158982512
2023-03-16,517120.SH,华泰柏瑞中证沪港深创新药产业ETF,20210719,中证沪港深创新药产业指数,中证沪港深创新药产业指数收益率,华泰柏瑞基金管理有限公司,上海浦东发展银行股份有限公司,股票型ETF,主题指数ETF,931409.CSI,348135747.84,18938000,11815937,0.619,0.62392739465625,-0.257815018
2023-03-17,517120.SH,华泰柏瑞中证沪港深创新药产业ETF,20210719,中证沪港深创新药产业指数,中证沪港深创新药产业指数收益率,华泰柏瑞基金管理有限公司,上海浦东发展银行股份有限公司,股票型ETF,主题指数ETF,931409.CSI,344366546.88,19698200,12097436,0.611,0.61413915992324,-0.114435181
2023-03-20,517120.SH,华泰柏瑞中证沪港深创新药产业ETF,20210719,中证沪港深创新药产业指数,中证沪港深创新药产业指数收益率,华泰柏瑞基金管理有限公司,上海浦东发展银行股份有限公司,股票型ETF,主题指数ETF,931409.CSI,339329390.4,20317100,12199176,0.6,0.60043884215759,0.250626566
2023-03-21,517120.SH,华泰柏瑞中证沪港深创新药产业ETF,20210719,中证沪港深创新药产业指数,中证沪港深创新药产业指数收益率,华泰柏瑞基金管理有限公司,上海浦东发展银行股份有限公司,股票型ETF,主题指数ETF,931409.CSI,353503550.4,23790700,14641433,0.62,0.61542674238253,-0.561347233
2023-03-22,517120.SH,华泰柏瑞中证沪港深创新药产业ETF,20210719,中证沪港深创新药产业指数,中证沪港深创新药产业指数收益率,华泰柏瑞基金管理有限公司,上海浦东发展银行股份有限公司,股票型ETF,主题指数ETF,931409.CSI,354183910.08,17245300,10762042,0.624,0.62405652554609,-0.112053786
2023-03-23,517120.SH,华泰柏瑞中证沪港深创新药产业ETF,20210719,中证沪港深创新药产业指数,中证沪港深创新药产业指数收益率,华泰柏瑞基金管理有限公司,上海浦东发展银行股份有限公司,股票型ETF,主题指数ETF,931409.CSI,352199527.68,12044100,7433943,0.621,0.61722694099185,-0.03219575
2023-03-24,517120.SH,华泰柏瑞中证沪港深创新药产业ETF,20210719,中证沪港深创新药产业指数,中证沪港深创新药产业指数收益率,华泰柏瑞基金管理有限公司,上海浦东发展银行股份有限公司,股票型ETF,主题指数ETF,931409.CSI,347607099.84,14689500,9061368,0.613,0.61686020626978,-0.016310553
2023-03-27,517120.SH,华泰柏瑞中证沪港深创新药产业ETF,20210719,中证沪港深创新药产业指数,中证沪港深创新药产业指数收益率,华泰柏瑞基金管理有限公司,上海浦东发展银行股份有限公司,股票型ETF,主题指数ETF,931409.CSI,352142831.04,15909900,9868191,0.623,0.62025474704429,0.305908871
2023-03-28,517120.SH,华泰柏瑞中证沪港深创新药产业ETF,20210719,中证沪港深创新药产业指数,中证沪港深创新药产业指数收益率,华泰柏瑞基金管理有限公司,上海浦东发展银行股份有限公司,股票型ETF,主题指数ETF,931409.CSI,350710888.96,15769400,9765876,0.618,0.61929280758938,0.259571707
2023-03-29,517120.SH,华泰柏瑞中证沪港深创新药产业ETF,20210719,中证沪港深创新药产业指数,中证沪港深创新药产业指数收益率,华泰柏瑞基金管理有限公司,上海浦东发展银行股份有限公司,股票型ETF,主题指数ETF,931409.CSI,349659823.36,11312400,6925750,0.612,0.61222640642127,-0.065316786
2023-03-30,517120.SH,华泰柏瑞中证沪港深创新药产业ETF,20210719,中证沪港深创新药产业指数,中证沪港深创新药产业指数收益率,华泰柏瑞基金管理有限公司,上海浦东发展银行股份有限公司,股票型ETF,主题指数ETF,931409.CSI,350002403.2,14774100,9038401,0.613,0.6117733736742,0
2023-03-31,517120.SH,华泰柏瑞中证沪港深创新药产业ETF,20210719,中证沪港深创新药产业指数,中证沪港深创新药产业指数收益率,华泰柏瑞基金管理有限公司,上海浦东发展银行股份有限公司,股票型ETF,主题指数ETF,931409.CSI,346348189.1232,13060000,7952148,0.61,0.60889341500766,0.560501154
2023-04-03,517120.SH,华泰柏瑞中证沪港深创新药产业ETF,20210719,中证沪港深创新药产业指数,中证沪港深创新药产业指数收益率,华泰柏瑞基金管理有限公司,上海浦东发展银行股份有限公司,股票型ETF,主题指数ETF,931409.CSI,343036613.12,34095200,20476940,0.6,0.60058131349867,-0.133155792
2023-04-04,517120.SH,华泰柏瑞中证沪港深创新药产业ETF,20210719,中证沪港深创新药产业指数,中证沪港深创新药产业指数收益率,华泰柏瑞基金管理有限公司,上海浦东发展银行股份有限公司,股票型ETF,主题指数ETF,931409.CSI,345613332.48,25392900,15130448,0.604,0.59585348660452,0.132625995
2023-04-06,517120.SH,华泰柏瑞中证沪港深创新药产业ETF,20210719,中证沪港深创新药产业指数,中证沪港深创新药产业指数收益率,华泰柏瑞基金管理有限公司,上海浦东发展银行股份有限公司,股票型ETF,主题指数ETF,931409.CSI,351706946.88,20449300,12482110,0.613,0.610393020788,0.212522478
2023-04-07,517120.SH,华泰柏瑞中证沪港深创新药产业ETF,20210719,中证沪港深创新药产业指数,中证沪港深创新药产业指数收益率,华泰柏瑞基金管理有限公司,上海浦东发展银行股份有限公司,股票型ETF,主题指数ETF,931409.CSI,361308885.76,29548500,18553637,0.637,0.62790452984077,1.36855506
2023-04-10,517120.SH,华泰柏瑞中证沪港深创新药产业ETF,20210719,中证沪港深创新药产业指数,中证沪港深创新药产业指数收益率,华泰柏瑞基金管理有限公司,上海浦东发展银行股份有限公司,股票型ETF,主题指数ETF,931409.CSI,363436261.44,18484900,11897605,0.643,0.64363913248111,1.724410695
2023-04-11,517120.SH,华泰柏瑞中证沪港深创新药产业ETF,20210719,中证沪港深创新药产业指数,中证沪港深创新药产业指数收益率,华泰柏瑞基金管理有限公司,上海浦东发展银行股份有限公司,股票型ETF,主题指数ETF,931409.CSI,373739759.04,17629800,11346474,0.641,0.64359629717864,-0.015598191
2023-04-12,517120.SH,华泰柏瑞中证沪港深创新药产业ETF,20210719,中证沪港深创新药产业指数,中证沪港深创新药产业指数收益率,华泰柏瑞基金管理有限公司,上海浦东发展银行股份有限公司,股票型ETF,主题指数ETF,931409.CSI,374963462.4,16566000,10635853,0.642,0.64202903537366,0.15600624
2023-04-13,517120.SH,华泰柏瑞中证沪港深创新药产业ETF,20210719,中证沪港深创新药产业指数,中证沪港深创新药产业指数收益率,华泰柏瑞基金管理有限公司,上海浦东发展银行股份有限公司,股票型ETF,主题指数ETF,931409.CSI,389483480.32,30620700,19988697,0.661,0.65278380311358,-0.04536519
2023-04-14,517120.SH,华泰柏瑞中证沪港深创新药产业ETF,20210719,中证沪港深创新药产业指数,中证沪港深创新药产业指数收益率,华泰柏瑞基金管理有限公司,上海浦东发展银行股份有限公司,股票型ETF,主题指数ETF,931409.CSI,394760206.4,38685200,25755071,0.662,0.66576031660687,-0.226073851
2023-04-17,517120.SH,华泰柏瑞中证沪港深创新药产业ETF,20210719,中证沪港深创新药产业指数,中证沪港深创新药产业指数收益率,华泰柏瑞基金管理有限公司,上海浦东发展银行股份有限公司,股票型ETF,主题指数ETF,931409.CSI,397953276.16,20372100,13531024,0.667,0.66419387299297,0.391330524
2023-04-18,517120.SH,华泰柏瑞中证沪港深创新药产业ETF,20210719,中证沪港深创新药产业指数,中证沪港深创新药产业指数收益率,华泰柏瑞基金管理有限公司,上海浦东发展银行股份有限公司,股票型ETF,主题指数ETF,931409.CSI,393700614.72,18410700,12129941,0.658,0.65885278669469,0.106496273
2023-04-19,517120.SH,华泰柏瑞中证沪港深创新药产业ETF,20210719,中证沪港深创新药产业指数,中证沪港深创新药产业指数收益率,华泰柏瑞基金管理有限公司,上海浦东发展银行股份有限公司,股票型ETF,主题指数ETF,931409.CSI,389366130.56,24358700,15825017,0.645,0.6496659099213,-0.447599938
2023-04-20,517120.SH,华泰柏瑞中证沪港深创新药产业ETF,20210719,中证沪港深创新药产业指数,中证沪港深创新药产业指数收益率,华泰柏瑞基金管理有限公司,上海浦东发展银行股份有限公司,股票型ETF,主题指数ETF,931409.CSI,383656949.76,19145500,12350457,0.639,0.64508406675198,0.093984962
2023-04-21,517120.SH,华泰柏瑞中证沪港深创新药产业ETF,20210719,中证沪港深创新药产业指数,中证沪港深创新药产业指数收益率,华泰柏瑞基金管理有限公司,上海浦东发展银行股份有限公司,股票型ETF,主题指数ETF,931409.CSI,379989425.28,9346900,5951996,0.63,0.63678823995121,-0.031735957
2023-04-24,517120.SH,华泰柏瑞中证沪港深创新药产业ETF,20210719,中证沪港深创新药产业指数,中证沪港深创新药产业指数收益率,华泰柏瑞基金管理有限公司,上海浦东发展银行股份有限公司,股票型ETF,主题指数ETF,931409.CSI,381068335.36,13892600,8812319,0.627,0.63431747836978,-0.460390538
2023-04-25,517120.SH,华泰柏瑞中证沪港深创新药产业ETF,20210719,中证沪港深创新药产业指数,中证沪港深创新药产业指数收益率,华泰柏瑞基金管理有限公司,上海浦东发展银行股份有限公司,股票型ETF,主题指数ETF,931409.CSI,367275368.64,21695300,13315316,0.607,0.61374196254488,0.313997686
2023-04-26,517120.SH,华泰柏瑞中证沪港深创新药产业ETF,20210719,中证沪港深创新药产业指数,中证沪港深创新药产业指数收益率,华泰柏瑞基金管理有限公司,上海浦东发展银行股份有限公司,股票型ETF,主题指数ETF,931409.CSI,371342043.52,7188100,4382947,0.613,0.60975042083443,0.19614253
2023-04-27,517120.SH,华泰柏瑞中证沪港深创新药产业ETF,20210719,中证沪港深创新药产业指数,中证沪港深创新药产业指数收益率,华泰柏瑞基金管理有限公司,上海浦东发展银行股份有限公司,股票型ETF,主题指数ETF,931409.CSI,374575232.64,12045200,7379107,0.616,0.61261805532494,0.146317672
2023-04-28,517120.SH,华泰柏瑞中证沪港深创新药产业ETF,20210719,中证沪港深创新药产业指数,中证沪港深创新药产业指数收益率,华泰柏瑞基金管理有限公司,上海浦东发展银行股份有限公司,股票型ETF,主题指数ETF,931409.CSI,375001509.12,13202800,8160383,0.62,0.61807972551277,0.682039623
2023-05-04,517120.SH,华泰柏瑞中证沪港深创新药产业ETF,20210719,中证沪港深创新药产业指数,中证沪港深创新药产业指数收益率,华泰柏瑞基金管理有限公司,上海浦东发展银行股份有限公司,股票型ETF,主题指数ETF,931409.CSI,378472617.6,7356100,4573590,0.623,0.62174114000625,0.241351569
2023-05-05,517120.SH,华泰柏瑞中证沪港深创新药产业ETF,20210719,中证沪港深创新药产业指数,中证沪港深创新药产业指数收益率,华泰柏瑞基金管理有限公司,上海浦东发展银行股份有限公司,股票型ETF,主题指数ETF,931409.CSI,371025893.12,17477000,10712662,0.616,0.61295771585512,0.440241317
2023-05-08,517120.SH,华泰柏瑞中证沪港深创新药产业ETF,20210719,中证沪港深创新药产业指数,中证沪港深创新药产业指数收益率,华泰柏瑞基金管理有限公司,上海浦东发展银行股份有限公司,股票型ETF,主题指数ETF,931409.CSI,370602416.64,6329500,3864995,0.614,0.61063196145035,0.228534117
2023-05-09,517120.SH,华泰柏瑞中证沪港深创新药产业ETF,20210719,中证沪港深创新药产业指数,中证沪港深创新药产业指数收益率,华泰柏瑞基金管理有限公司,上海浦东发展银行股份有限公司,股票型ETF,主题指数ETF,931409.CSI,361648913.92,14156600,8549097,0.599,0.60389479112216,0.200736032
2023-05-10,517120.SH,华泰柏瑞中证沪港深创新药产业ETF,20210719,中证沪港深创新药产业指数,中证沪港深创新药产业指数收益率,华泰柏瑞基金管理有限公司,上海浦东发展银行股份有限公司,股票型ETF,主题指数ETF,931409.CSI,364361929.92,11545500,6921780,0.601,0.5995218916461,0.116608362
2023-05-11,517120.SH,华泰柏瑞中证沪港深创新药产业ETF,20210719,中证沪港深创新药产业指数,中证沪港深创新药产业指数收益率,华泰柏瑞基金管理有限公司,上海浦东发展银行股份有限公司,股票型ETF,主题指数ETF,931409.CSI,365272379.52,10064800,6073691,0.602,0.60345868770368,0.033233632
2023-05-12,517120.SH,华泰柏瑞中证沪港深创新药产业ETF,20210719,中证沪港深创新药产业指数,中证沪港深创新药产业指数收益率,华泰柏瑞基金管理有限公司,上海浦东发展银行股份有限公司,股票型ETF,主题指数ETF,931409.CSI,362639491.2,10258800,6152175,0.598,0.59969733302141,0.419815281
2023-05-15,517120.SH,华泰柏瑞中证沪港深创新药产业ETF,20210719,中证沪港深创新药产业指数,中证沪港深创新药产业指数收益率,华泰柏瑞基金管理有限公司,上海浦东发展银行股份有限公司,股票型ETF,主题指数ETF,931409.CSI,369459914.88,11910600,7133594,0.606,0.59892818161973,-0.115378276
2023-05-16,517120.SH,华泰柏瑞中证沪港深创新药产业ETF,20210719,中证沪港深创新药产业指数,中证沪港深创新药产业指数收益率,华泰柏瑞基金管理有限公司,上海浦东发展银行股份有限公司,股票型ETF,主题指数ETF,931409.CSI,373661783.04,10428400,6386046,0.614,0.61237064170918,0.065189048
2023-05-17,517120.SH,华泰柏瑞中证沪港深创新药产业ETF,20210719,中证沪港深创新药产业指数,中证沪港深创新药产业指数收益率,华泰柏瑞基金管理有限公司,上海浦东发展银行股份有限公司,股票型ETF,主题指数ETF,931409.CSI,367862869.44,15484000,9376636,0.605,0.60556936192198,0.481647567
2023-05-18,517120.SH,华泰柏瑞中证沪港深创新药产业ETF,20210719,中证沪港深创新药产业指数,中证沪港深创新药产业指数收益率,华泰柏瑞基金管理有限公司,上海浦东发展银行股份有限公司,股票型ETF,主题指数ETF,931409.CSI,365144084.48,16445900,9855133,0.596,0.59924558704601,0.05036092
2023-05-19,517120.SH,华泰柏瑞中证沪港深创新药产业ETF,20210719,中证沪港深创新药产业指数,中证沪港深创新药产业指数收益率,华泰柏瑞基金管理有限公司,上海浦东发展银行股份有限公司,股票型ETF,主题指数ETF,931409.CSI,367228170.24,12651300,7585984,0.6,0.59962090852323,0.150225338
2023-05-22,517120.SH,华泰柏瑞中证沪港深创新药产业ETF,20210719,中证沪港深创新药产业指数,中证沪港深创新药产业指数收益率,华泰柏瑞基金管理有限公司,上海浦东发展银行股份有限公司,股票型ETF,主题指数ETF,931409.CSI,371518935.04,13810000,8358291,0.606,0.60523468501086,-0.016498928
2023-05-23,517120.SH,华泰柏瑞中证沪港深创新药产业ETF,20210719,中证沪港深创新药产业指数,中证沪港深创新药产业指数收益率,华泰柏瑞基金管理有限公司,上海浦东发展银行股份有限公司,股票型ETF,主题指数ETF,931409.CSI,374951546.88,14990600,9209297,0.611,0.61433811855429,-0.114435181
2023-05-24,517120.SH,华泰柏瑞中证沪港深创新药产业ETF,20210719,中证沪港深创新药产业指数,中证沪港深创新药产业指数收益率,华泰柏瑞基金管理有限公司,上海浦东发展银行股份有限公司,股票型ETF,主题指数ETF,931409.CSI,369925222.4,12128600,7336208,0.604,0.60486849265373,0.082850041
2023-05-25,517120.SH,华泰柏瑞中证沪港深创新药产业ETF,20210719,中证沪港深创新药产业指数,中证沪港深创新药产业指数收益率,华泰柏瑞基金管理有限公司,上海浦东发展银行股份有限公司,股票型ETF,主题指数ETF,931409.CSI,364715008.0,11774700,7018632,0.596,0.59607735228923,0.168067227
2023-05-26,517120.SH,华泰柏瑞中证沪港深创新药产业ETF,20210719,中证沪港深创新药产业指数,中证沪港深创新药产业指数收益率,华泰柏瑞基金管理有限公司,上海浦东发展银行股份有限公司,股票型ETF,主题指数ETF,931409.CSI,366002237.44,11197300,6684725,0.598,0.59699436471292,0.150728521
2023-05-29,517120.SH,华泰柏瑞中证沪港深创新药产业ETF,20210719,中证沪港深创新药产业指数,中证沪港深创新药产业指数收益率,华泰柏瑞基金管理有限公司,上海浦东发展银行股份有限公司,股票型ETF,主题指数ETF,931409.CSI,361895362.56,17699600,10495400,0.591,0.59297385251644,0.101626016
2023-05-30,517120.SH,华泰柏瑞中证沪港深创新药产业ETF,20210719,中证沪港深创新药产业指数,中证沪港深创新药产业指数收益率,华泰柏瑞基金管理有限公司,上海浦东发展银行股份有限公司,股票型ETF,主题指数ETF,931409.CSI,360730726.4,12863700,7512063,0.586,0.58397374005924,-0.424808836
2023-05-31,517120.SH,华泰柏瑞中证沪港深创新药产业ETF,20210719,中证沪港深创新药产业指数,中证沪港深创新药产业指数收益率,华泰柏瑞基金管理有限公司,上海浦东发展银行股份有限公司,股票型ETF,主题指数ETF,931409.CSI,352946053.12,9718600,5607178,0.575,0.57695326487354,-0.138937131
2023-06-01,517120.SH,华泰柏瑞中证沪港深创新药产业ETF,20210719,中证沪港深创新药产业指数,中证沪港深创新药产业指数收益率,华泰柏瑞基金管理有限公司,上海浦东发展银行股份有限公司,股票型ETF,主题指数ETF,931409.CSI,355520512.0,10369600,6027022,0.581,0.58122029779355,0.172413793
2023-06-02,517120.SH,华泰柏瑞中证沪港深创新药产业ETF,20210719,中证沪港深创新药产业指数,中证沪港深创新药产业指数收益率,华泰柏瑞基金管理有限公司,上海浦东发展银行股份有限公司,股票型ETF,主题指数ETF,931409.CSI,358576180.16,9710600,5685952,0.587,0.58554074928429,0.017038678
2023-06-05,517120.SH,华泰柏瑞中证沪港深创新药产业ETF,20210719,中证沪港深创新药产业指数,中证沪港深创新药产业指数收益率,华泰柏瑞基金管理有限公司,上海浦东发展银行股份有限公司,股票型ETF,主题指数ETF,931409.CSI,356254507.84,7701600,4487878,0.582,0.58272021398151,-0.188646887
2023-06-06,517120.SH,华泰柏瑞中证沪港深创新药产业ETF,20210719,中证沪港深创新药产业指数,中证沪港深创新药产业指数收益率,华泰柏瑞基金管理有限公司,上海浦东发展银行股份有限公司,股票型ETF,主题指数ETF,931409.CSI,349717167.36,8789400,5065206,0.57,0.57628575329374,-0.419287212
2023-06-07,517120.SH,华泰柏瑞中证沪港深创新药产业ETF,20210719,中证沪港深创新药产业指数,中证沪港深创新药产业指数收益率,华泰柏瑞基金管理有限公司,上海浦东发展银行股份有限公司,股票型ETF,主题指数ETF,931409.CSI,347823171.52,13423500,7694589,0.57,0.57321778969717,0.122958019
2023-06-08,517120.SH,华泰柏瑞中证沪港深创新药产业ETF,20210719,中证沪港深创新药产业指数,中证沪港深创新药产业指数收益率,华泰柏瑞基金管理有限公司,上海浦东发展银行股份有限公司,股票型ETF,主题指数ETF,931409.CSI,346234658.88,14129200,7990358,0.566,0.56552090705772,-0.123522146
2023-06-09,517120.SH,华泰柏瑞中证沪港深创新药产业ETF,20210719,中证沪港深创新药产业指数,中证沪港深创新药产业指数收益率,华泰柏瑞基金管理有限公司,上海浦东发展银行股份有限公司,股票型ETF,主题指数ETF,931409.CSI,351474933.76,13436900,7695423,0.575,0.57270821394816,0.279037321
2023-06-12,517120.SH,华泰柏瑞中证沪港深创新药产业ETF,20210719,中证沪港深创新药产业指数,中证沪港深创新药产业指数收益率,华泰柏瑞基金管理有限公司,上海浦东发展银行股份有限公司,股票型ETF,主题指数ETF,931409.CSI,348593991.68,8315700,4724222,0.57,0.56810875813221,0.228591525
2023-06-13,517120.SH,华泰柏瑞中证沪港深创新药产业ETF,20210719,中证沪港深创新药产业指数,中证沪港深创新药产业指数收益率,华泰柏瑞基金管理有限公司,上海浦东发展银行股份有限公司,股票型ETF,主题指数ETF,931409.CSI,348655288.32,11768400,6679783,0.568,0.56760332755515,-0.140646976
2023-06-14,517120.SH,华泰柏瑞中证沪港深创新药产业ETF,20210719,中证沪港深创新药产业指数,中证沪港深创新药产业指数收益率,华泰柏瑞基金管理有限公司,上海浦东发展银行股份有限公司,股票型ETF,主题指数ETF,931409.CSI,351015845.44,33438300,19059777,0.567,0.56999838508537,-0.017633574
2023-06-15,517120.SH,华泰柏瑞中证沪港深创新药产业ETF,20210719,中证沪港深创新药产业指数,中证沪港深创新药产业指数收益率,华泰柏瑞基金管理有限公司,上海浦东发展银行股份有限公司,股票型ETF,主题指数ETF,931409.CSI,359451612.8,12219500,6977273,0.576,0.57099496706085,-0.173310225
2023-06-16,517120.SH,华泰柏瑞中证沪港深创新药产业ETF,20210719,中证沪港深创新药产业指数,中证沪港深创新药产业指数收益率,华泰柏瑞基金管理有限公司,上海浦东发展银行股份有限公司,股票型ETF,主题指数ETF,931409.CSI,367756654.08,15919700,9336548,0.587,0.58647763462879,0.393364118
2023-06-19,517120.SH,华泰柏瑞中证沪港深创新药产业ETF,20210719,中证沪港深创新药产业指数,中证沪港深创新药产业指数收益率,华泰柏瑞基金管理有限公司,上海浦东发展银行股份有限公司,股票型ETF,主题指数ETF,931409.CSI,365601392.64,9385200,5434423,0.577,0.57904178920002,-0.103878116
2023-06-20,517120.SH,华泰柏瑞中证沪港深创新药产业ETF,20210719,中证沪港深创新药产业指数,中证沪港深创新药产业指数收益率,华泰柏瑞基金管理有限公司,上海浦东发展银行股份有限公司,股票型ETF,主题指数ETF,931409.CSI,357041606.72,23678600,13460801,0.562,0.56847959761135,-0.053352303
2023-06-21,517120.SH,华泰柏瑞中证沪港深创新药产业ETF,20210719,中证沪港深创新药产业指数,中证沪港深创新药产业指数收益率,华泰柏瑞基金管理有限公司,上海浦东发展银行股份有限公司,股票型ETF,主题指数ETF,931409.CSI,351313198.08,39701600,21750247,0.546,0.5478430844097,0.238663484
2023-06-26,517120.SH,华泰柏瑞中证沪港深创新药产业ETF,20210719,中证沪港深创新药产业指数,中证沪港深创新药产业指数收益率,华泰柏瑞基金管理有限公司,上海浦东发展银行股份有限公司,股票型ETF,主题指数ETF,931409.CSI,350732728.32,6391600,3469105,0.544,0.54276002878778,0.036778227
2023-06-27,517120.SH,华泰柏瑞中证沪港深创新药产业ETF,20210719,中证沪港深创新药产业指数,中证沪港深创新药产业指数收益率,华泰柏瑞基金管理有限公司,上海浦东发展银行股份有限公司,股票型ETF,主题指数ETF,931409.CSI,350159501.44,21745100,11828306,0.545,0.54395270658677,0.073448402
2023-06-28,517120.SH,华泰柏瑞中证沪港深创新药产业ETF,20210719,中证沪港深创新药产业指数,中证沪港深创新药产业指数收益率,华泰柏瑞基金管理有限公司,上海浦东发展银行股份有限公司,股票型ETF,主题指数ETF,931409.CSI,347973415.68,9054900,4882868,0.541,0.53925145501331,-0.036954915
2023-06-29,517120.SH,华泰柏瑞中证沪港深创新药产业ETF,20210719,中证沪港深创新药产业指数,中证沪港深创新药产业指数收益率,华泰柏瑞基金管理有限公司,上海浦东发展银行股份有限公司,股票型ETF,主题指数ETF,931409.CSI,345787329.92,12680200,6829528,0.539,0.53859781391461,0.223131276
2023-06-30,517120.SH,华泰柏瑞中证沪港深创新药产业ETF,20210719,中证沪港深创新药产业指数,中证沪港深创新药产业指数收益率,华泰柏瑞基金管理有限公司,上海浦东发展银行股份有限公司,股票型ETF,主题指数ETF,931409.CSI,350480958.4752,8108800,4417718,0.546,0.54480539660616,0.16510732
2023-07-03,517120.SH,华泰柏瑞中证沪港深创新药产业ETF,20210719,中证沪港深创新药产业指数,中证沪港深创新药产业指数收益率,华泰柏瑞基金管理有限公司,上海浦东发展银行股份有限公司,股票型ETF,主题指数ETF,931409.CSI,352924256.96,6428100,3517369,0.55,0.54718641589272,0.200400802
2023-07-04,517120.SH,华泰柏瑞中证沪港深创新药产业ETF,20210719,中证沪港深创新药产业指数,中证沪港深创新药产业指数收益率,华泰柏瑞基金管理有限公司,上海浦东发展银行股份有限公司,股票型ETF,主题指数ETF,931409.CSI,367014856.32,31692900,17715397,0.562,0.55897052652171,-0.31926215
2023-07-05,517120.SH,华泰柏瑞中证沪港深创新药产业ETF,20210719,中证沪港深创新药产业指数,中证沪港深创新药产业指数收益率,华泰柏瑞基金管理有限公司,上海浦东发展银行股份有限公司,股票型ETF,主题指数ETF,931409.CSI,363434541.12,12831300,7183305,0.559,0.55982675177106,0.12538062
2023-07-06,517120.SH,华泰柏瑞中证沪港深创新药产业ETF,20210719,中证沪港深创新药产业指数,中证沪港深创新药产业指数收益率,华泰柏瑞基金管理有限公司,上海浦东发展银行股份有限公司,股票型ETF,主题指数ETF,931409.CSI,357185263.68,9753000,5383812,0.551,0.55201599507844,0.41917259
2023-07-07,517120.SH,华泰柏瑞中证沪港深创新药产业ETF,20210719,中证沪港深创新药产业指数,中证沪港深创新药产业指数收益率,华泰柏瑞基金管理有限公司,上海浦东发展银行股份有限公司,股票型ETF,主题指数ETF,931409.CSI,355948427.52,7706900,4229976,0.548,0.5488557007357,0.219458669
2023-07-10,517120.SH,华泰柏瑞中证沪港深创新药产业ETF,20210719,中证沪港深创新药产业指数,中证沪港深创新药产业指数收益率,华泰柏瑞基金管理有限公司,上海浦东发展银行股份有限公司,股票型ETF,主题指数ETF,931409.CSI,357499104.0,26349500,14467001,0.547,0.549042714283,-0.091324201
2023-07-11,517120.SH,华泰柏瑞中证沪港深创新药产业ETF,20210719,中证沪港深创新药产业指数,中证沪港深创新药产业指数收益率,华泰柏瑞基金管理有限公司,上海浦东发展银行股份有限公司,股票型ETF,主题指数ETF,931409.CSI,360502749.44,13834100,7600502,0.55,0.54940343065324,-0.380365876
2023-07-12,517120.SH,华泰柏瑞中证沪港深创新药产业ETF,20210719,中证沪港深创新药产业指数,中证沪港深创新药产业指数收益率,华泰柏瑞基金管理有限公司,上海浦东发展银行股份有限公司,股票型ETF,主题指数ETF,931409.CSI,356323764.48,12860800,7031161,0.544,0.54671256842498,-0.31152648
2023-07-13,517120.SH,华泰柏瑞中证沪港深创新药产业ETF,20210719,中证沪港深创新药产业指数,中证沪港深创新药产业指数收益率,华泰柏瑞基金管理有限公司,上海浦东发展银行股份有限公司,股票型ETF,主题指数ETF,931409.CSI,365647826.88,19339600,10793507,0.56,0.55810394217047,-0.302652662
2023-07-14,517120.SH,华泰柏瑞中证沪港深创新药产业ETF,20210719,中证沪港深创新药产业指数,中证沪港深创新药产业指数收益率,华泰柏瑞基金管理有限公司,上海浦东发展银行股份有限公司,股票型ETF,主题指数ETF,931409.CSI,366718644.48,22551000,12633189,0.559,0.56020526805907,0.143317807
2023-07-17,517120.SH,华泰柏瑞中证沪港深创新药产业ETF,20210719,中证沪港深创新药产业指数,中证沪港深创新药产业指数收益率,华泰柏瑞基金管理有限公司,上海浦东发展银行股份有限公司,股票型ETF,主题指数ETF,931409.CSI,363893688.96,9380200,5178662,0.552,0.55208439052472,-0.343022206
2023-07-18,517120.SH,华泰柏瑞中证沪港深创新药产业ETF,20210719,中证沪港深创新药产业指数,中证沪港深创新药产业指数收益率,华泰柏瑞基金管理有限公司,上海浦东发展银行股份有限公司,股票型ETF,主题指数ETF,931409.CSI,364550655.36,12662100,7000922,0.554,0.55290370475671,-0.162191386
2023-07-19,517120.SH,华泰柏瑞中证沪港深创新药产业ETF,20210719,中证沪港深创新药产业指数,中证沪港深创新药产业指数收益率,华泰柏瑞基金管理有限公司,上海浦东发展银行股份有限公司,股票型ETF,主题指数ETF,931409.CSI,362826899.84,15706400,8640136,0.55,0.5501028879947,-0.108972031
2023-07-20,517120.SH,华泰柏瑞中证沪港深创新药产业ETF,20210719,中证沪港深创新药产业指数,中证沪港深创新药产业指数收益率,华泰柏瑞基金管理有限公司,上海浦东发展银行股份有限公司,股票型ETF,主题指数ETF,931409.CSI,356664490.56,6086900,3363285,0.549,0.55254480934466,0.200766563
2023-07-21,517120.SH,华泰柏瑞中证沪港深创新药产业ETF,20210719,中证沪港深创新药产业指数,中证沪港深创新药产业指数收益率,华泰柏瑞基金管理有限公司,上海浦东发展银行股份有限公司,股票型ETF,主题指数ETF,931409.CSI,361937318.4,8829900,4909980,0.555,0.5560629225699,-0.179856115
2023-07-24,517120.SH,华泰柏瑞中证沪港深创新药产业ETF,20210719,中证沪港深创新药产业指数,中证沪港深创新药产业指数收益率,华泰柏瑞基金管理有限公司,上海浦东发展银行股份有限公司,股票型ETF,主题指数ETF,931409.CSI,365922370.56,14832900,8374577,0.56,0.56459471849739,-0.071377587
2023-07-25,517120.SH,华泰柏瑞中证沪港深创新药产业ETF,20210719,中证沪港深创新药产业指数,中证沪港深创新药产业指数收益率,华泰柏瑞基金管理有限公司,上海浦东发展银行股份有限公司,股票型ETF,主题指数ETF,931409.CSI,370101355.52,11112700,6260278,0.567,0.56334446174197,0.035285815
2023-07-26,517120.SH,华泰柏瑞中证沪港深创新药产业ETF,20210719,中证沪港深创新药产业指数,中证沪港深创新药产业指数收益率,华泰柏瑞基金管理有限公司,上海浦东发展银行股份有限公司,股票型ETF,主题指数ETF,931409.CSI,376376050.56,17475700,10018751,0.573,0.57329611975486,0.017455053
2023-07-27,517120.SH,华泰柏瑞中证沪港深创新药产业ETF,20210719,中证沪港深创新药产业指数,中证沪港深创新药产业指数收益率,华泰柏瑞基金管理有限公司,上海浦东发展银行股份有限公司,股票型ETF,主题指数ETF,931409.CSI,378478343.04,10433600,5983774,0.575,0.57351000613403,-0.190939073
2023-07-28,517120.SH,华泰柏瑞中证沪港深创新药产业ETF,20210719,中证沪港深创新药产业指数,中证沪港深创新药产业指数收益率,华泰柏瑞基金管理有限公司,上海浦东发展银行股份有限公司,股票型ETF,主题指数ETF,931409.CSI,386296243.2,17749500,10298629,0.588,0.58022079495197,0
2023-07-31,517120.SH,华泰柏瑞中证沪港深创新药产业ETF,20210719,中证沪港深创新药产业指数,中证沪港深创新药产业指数收益率,华泰柏瑞基金管理有限公司,上海浦东发展银行股份有限公司,股票型ETF,主题指数ETF,931409.CSI,379660882.56,21168100,12399357,0.582,0.58575672828454,0.709465305
2023-08-01,517120.SH,华泰柏瑞中证沪港深创新药产业ETF,20210719,中证沪港深创新药产业指数,中证沪港深创新药产业指数收益率,华泰柏瑞基金管理有限公司,上海浦东发展银行股份有限公司,股票型ETF,主题指数ETF,931409.CSI,379529489.28,14244200,8324351,0.578,0.5844028446666,0.051930068
2023-08-02,517120.SH,华泰柏瑞中证沪港深创新药产业ETF,20210719,中证沪港深创新药产业指数,中证沪港深创新药产业指数收益率,华泰柏瑞基金管理有限公司,上海浦东发展银行股份有限公司,股票型ETF,主题指数ETF,931409.CSI,370932186.56,18857300,10734955,0.564,0.56927317272356,0.195416593
2023-08-03,517120.SH,华泰柏瑞中证沪港深创新药产业ETF,20210719,中证沪港深创新药产业指数,中证沪港深创新药产业指数收益率,华泰柏瑞基金管理有限公司,上海浦东发展银行股份有限公司,股票型ETF,主题指数ETF,931409.CSI,376731090.88,17220600,9792801,0.573,0.56866781645239,0.227391989
2023-08-04,517120.SH,华泰柏瑞中证沪港深创新药产业ETF,20210719,中证沪港深创新药产业指数,中证沪港深创新药产业指数收益率,华泰柏瑞基金管理有限公司,上海浦东发展银行股份有限公司,股票型ETF,主题指数ETF,931409.CSI,375627205.12,12199000,6962478,0.57,0.57074170013936,0.299137779
2023-08-07,517120.SH,华泰柏瑞中证沪港深创新药产业ETF,20210719,中证沪港深创新药产业指数,中证沪港深创新药产业指数收益率,华泰柏瑞基金管理有限公司,上海浦东发展银行股份有限公司,股票型ETF,主题指数ETF,931409.CSI,366911735.04,37465300,20519257,0.545,0.5476869796852,0.257542311
2023-08-08,517120.SH,华泰柏瑞中证沪港深创新药产业ETF,20210719,中证沪港深创新药产业指数,中证沪港深创新药产业指数收益率,华泰柏瑞基金管理有限公司,上海浦东发展银行股份有限公司,股票型ETF,主题指数ETF,931409.CSI,368882445.12,19751600,10685049,0.547,0.54097131371636,0.681023376
2023-08-09,517120.SH,华泰柏瑞中证沪港深创新药产业ETF,20210719,中证沪港深创新药产业指数,中证沪港深创新药产业指数收益率,华泰柏瑞基金管理有限公司,上海浦东发展银行股份有限公司,股票型ETF,主题指数ETF,931409.CSI,378320078.08,17869300,9909966,0.557,0.55458053757002,-0.035893754
2023-08-10,517120.SH,华泰柏瑞中证沪港深创新药产业ETF,20210719,中证沪港深创新药产业指数,中证沪港深创新药产业指数收益率,华泰柏瑞基金管理有限公司,上海浦东发展银行股份有限公司,股票型ETF,主题指数ETF,931409.CSI,379881700.8,12434000,6931899,0.56,0.55749549622004,0.089365505
2023-08-11,517120.SH,华泰柏瑞中证沪港深创新药产业ETF,20210719,中证沪港深创新药产业指数,中证沪港深创新药产业指数收益率,华泰柏瑞基金管理有限公司,上海浦东发展银行股份有限公司,股票型ETF,主题指数ETF,931409.CSI,380929522.56,23262500,12970335,0.555,0.55756410531972,0.379815518
2023-08-14,517120.SH,华泰柏瑞中证沪港深创新药产业ETF,20210719,中证沪港深创新药产业指数,中证沪港深创新药产业指数收益率,华泰柏瑞基金管理有限公司,上海浦东发展银行股份有限公司,股票型ETF,主题指数ETF,931409.CSI,386123331.84,22700800,12473077,0.554,0.54945539364251,-0.287976962
2023-08-15,517120.SH,华泰柏瑞中证沪港深创新药产业ETF,20210719,中证沪港深创新药产业指数,中证沪港深创新药产业指数收益率,华泰柏瑞基金管理有限公司,上海浦东发展银行股份有限公司,股票型ETF,主题指数ETF,931409.CSI,384941888.96,13435000,7393098,0.554,0.55028641607741,0.0180538
2023-08-16,517120.SH,华泰柏瑞中证沪港深创新药产业ETF,20210719,中证沪港深创新药产业指数,中证沪港深创新药产业指数收益率,华泰柏瑞基金管理有限公司,上海浦东发展银行股份有限公司,股票型ETF,主题指数ETF,931409.CSI,387213839.36,19937800,11076944,0.55,0.55557503836933,-0.434467777
2023-08-17,517120.SH,华泰柏瑞中证沪港深创新药产业ETF,20210719,中证沪港深创新药产业指数,中证沪港深创新药产业指数收益率,华泰柏瑞基金管理有限公司,上海浦东发展银行股份有限公司,股票型ETF,主题指数ETF,931409.CSI,389467789.76,17426000,9537210,0.552,0.54729771605647,0.199673262
2023-08-18,517120.SH,华泰柏瑞中证沪港深创新药产业ETF,20210719,中证沪港深创新药产业指数,中证沪港深创新药产业指数收益率,华泰柏瑞基金管理有限公司,上海浦东发展银行股份有限公司,股票型ETF,主题指数ETF,931409.CSI,372016309.76,15845100,8650562,0.543,0.54594556045718,0.854383358
2023-08-21,517120.SH,华泰柏瑞中证沪港深创新药产业ETF,20210719,中证沪港深创新药产业指数,中证沪港深创新药产业指数收益率,华泰柏瑞基金管理有限公司,上海浦东发展银行股份有限公司,股票型ETF,主题指数ETF,931409.CSI,369805217.28,13501500,7284565,0.539,0.53953745880087,0.710014948
2023-08-22,517120.SH,华泰柏瑞中证沪港深创新药产业ETF,20210719,中证沪港深创新药产业指数,中证沪港深创新药产业指数收益率,华泰柏瑞基金管理有限公司,上海浦东发展银行股份有限公司,股票型ETF,主题指数ETF,931409.CSI,370044057.6,16243600,8626908,0.536,0.53109581619838,0.374531835
2023-08-23,517120.SH,华泰柏瑞中证沪港深创新药产业ETF,20210719,中证沪港深创新药产业指数,中证沪港深创新药产业指数收益率,华泰柏瑞基金管理有限公司,上海浦东发展银行股份有限公司,股票型ETF,主题指数ETF,931409.CSI,366440632.32,14110900,7516663,0.532,0.53268487481309,0.605143722
2023-08-24,517120.SH,华泰柏瑞中证沪港深创新药产业ETF,20210719,中证沪港深创新药产业指数,中证沪港深创新药产业指数收益率,华泰柏瑞基金管理有限公司,上海浦东发展银行股份有限公司,股票型ETF,主题指数ETF,931409.CSI,380299960.32,17164600,9341573,0.549,0.54423482050266,0.036443149
2023-08-25,517120.SH,华泰柏瑞中证沪港深创新药产业ETF,20210719,中证沪港深创新药产业指数,中证沪港深创新药产业指数收益率,华泰柏瑞基金管理有限公司,上海浦东发展银行股份有限公司,股票型ETF,主题指数ETF,931409.CSI,376696535.04,11340900,6233961,0.547,0.54968838451975,0.625459897
2023-08-28,517120.SH,华泰柏瑞中证沪港深创新药产业ETF,20210719,中证沪港深创新药产业指数,中证沪港深创新药产业指数收益率,华泰柏瑞基金管理有限公司,上海浦东发展银行股份有限公司,股票型ETF,主题指数ETF,931409.CSI,380446099.84,20416900,11457216,0.552,0.56116334996988,0.254268071
2023-08-29,517120.SH,华泰柏瑞中证沪港深创新药产业ETF,20210719,中证沪港深创新药产业指数,中证沪港深创新药产业指数收益率,华泰柏瑞基金管理有限公司,上海浦东发展银行股份有限公司,股票型ETF,主题指数ETF,931409.CSI,390603305.92,12089300,6782201,0.567,0.56100857783329,0.300725279
2023-08-30,517120.SH,华泰柏瑞中证沪港深创新药产业ETF,20210719,中证沪港深创新药产业指数,中证沪港深创新药产业指数收益率,华泰柏瑞基金管理有限公司,上海浦东发展银行股份有限公司,股票型ETF,主题指数ETF,931409.CSI,390257822.72,15019400,8543005,0.569,0.56879802122588,0.743626062
2023-08-31,517120.SH,华泰柏瑞中证沪港深创新药产业ETF,20210719,中证沪港深创新药产业指数,中证沪港深创新药产业指数收益率,华泰柏瑞基金管理有限公司,上海浦东发展银行股份有限公司,股票型ETF,主题指数ETF,931409.CSI,385144671.36,13339800,7492410,0.561,0.56165834570233,0.645855759
2023-09-01,517120.SH,华泰柏瑞中证沪港深创新药产业ETF,20210719,中证沪港深创新药产业指数,中证沪港深创新药产业指数收益率,华泰柏瑞基金管理有限公司,上海浦东发展银行股份有限公司,股票型ETF,主题指数ETF,931409.CSI,383348158.72,13255400,7381877,0.556,0.55689583113297,0.21629416
2023-09-04,517120.SH,华泰柏瑞中证沪港深创新药产业ETF,20210719,中证沪港深创新药产业指数,中证沪港深创新药产业指数收益率,华泰柏瑞基金管理有限公司,上海浦东发展银行股份有限公司,股票型ETF,主题指数ETF,931409.CSI,385559251.2,12407200,6923846,0.561,0.55805064801083,0.537634409
2023-09-05,517120.SH,华泰柏瑞中证沪港深创新药产业ETF,20210719,中证沪港深创新药产业指数,中证沪港深创新药产业指数收益率,华泰柏瑞基金管理有限公司,上海浦东发展银行股份有限公司,股票型ETF,主题指数ETF,931409.CSI,383693641.92,2049300,1143891,0.557,0.55818620992534,0.306140825
2023-09-06,517120.SH,华泰柏瑞中证沪港深创新药产业ETF,20210719,中证沪港深创新药产业指数,中证沪港深创新药产业指数收益率,华泰柏瑞基金管理有限公司,上海浦东发展银行股份有限公司,股票型ETF,主题指数ETF,931409.CSI,377129461.12,15895700,8712228,0.548,0.54808709273577,0.403078051
2023-09-07,517120.SH,华泰柏瑞中证沪港深创新药产业ETF,20210719,中证沪港深创新药产业指数,中证沪港深创新药产业指数收益率,华泰柏瑞基金管理有限公司,上海浦东发展银行股份有限公司,股票型ETF,主题指数ETF,931409.CSI,371878116.48,7388800,4012360,0.541,0.54303269813772,0.520252694
2023-09-08,517120.SH,华泰柏瑞中证沪港深创新药产业ETF,20210719,中证沪港深创新药产业指数,中证沪港深创新药产业指数收益率,华泰柏瑞基金管理有限公司,上海浦东发展银行股份有限公司,股票型ETF,主题指数ETF,931409.CSI,373260049.28,3609100,1953314,0.541,0.54121914050594,0.148093299
2023-09-11,517120.SH,华泰柏瑞中证沪港深创新药产业ETF,20210719,中证沪港深创新药产业指数,中证沪港深创新药产业指数收益率,华泰柏瑞基金管理有限公司,上海浦东发展银行股份有限公司,股票型ETF,主题指数ETF,931409.CSI,375888788.16,12320100,6850776,0.558,0.55606496700514,0.197521997
2023-09-12,517120.SH,华泰柏瑞中证沪港深创新药产业ETF,20210719,中证沪港深创新药产业指数,中证沪港深创新药产业指数收益率,华泰柏瑞基金管理有限公司,上海浦东发展银行股份有限公司,股票型ETF,主题指数ETF,931409.CSI,374808841.92,8999000,5025208,0.558,0.55841849094344,0.486223663
2023-09-13,517120.SH,华泰柏瑞中证沪港深创新药产业ETF,20210719,中证沪港深创新药产业指数,中证沪港深创新药产业指数收益率,华泰柏瑞基金管理有限公司,上海浦东发展银行股份有限公司,股票型ETF,主题指数ETF,931409.CSI,370826540.16,5024900,2784556,0.554,0.55415152540349,0.837277029
2023-09-14,517120.SH,华泰柏瑞中证沪港深创新药产业ETF,20210719,中证沪港深创新药产业指数,中证沪港深创新药产业指数收益率,华泰柏瑞基金管理有限公司,上海浦东发展银行股份有限公司,股票型ETF,主题指数ETF,931409.CSI,371299016.64,7357200,4056886,0.554,0.55141711520687,0.708962007
2023-09-15,517120.SH,华泰柏瑞中证沪港深创新药产业ETF,20210719,中证沪港深创新药产业指数,中证沪港深创新药产业指数收益率,华泰柏瑞基金管理有限公司,上海浦东发展银行股份有限公司,股票型ETF,主题指数ETF,931409.CSI,380343566.4,15530300,8756644,0.566,0.56384255294489,0.443655723
2023-09-18,517120.SH,华泰柏瑞中证沪港深创新药产业ETF,20210719,中证沪港深创新药产业指数,中证沪港深创新药产业指数收益率,华泰柏瑞基金管理有限公司,上海浦东发展银行股份有限公司,股票型ETF,主题指数ETF,931409.CSI,385135827.84,15052400,8607779,0.57,0.57185425579974,-0.105152471
2023-09-19,517120.SH,华泰柏瑞中证沪港深创新药产业ETF,20210719,中证沪港深创新药产业指数,中证沪港深创新药产业指数收益率,华泰柏瑞基金管理有限公司,上海浦东发展银行股份有限公司,股票型ETF,主题指数ETF,931409.CSI,384663351.36,8746000,4995237,0.57,0.57114532357649,0.017546938
2023-09-20,517120.SH,华泰柏瑞中证沪港深创新药产业ETF,20210719,中证沪港深创新药产业指数,中证沪港深创新药产业指数收益率,华泰柏瑞基金管理有限公司,上海浦东发展银行股份有限公司,股票型ETF,主题指数ETF,931409.CSI,379668600.0,6070100,3435760,0.566,0.56601373947711,0.622222222
2023-09-21,517120.SH,华泰柏瑞中证沪港深创新药产业ETF,20210719,中证沪港深创新药产业指数,中证沪港深创新药产业指数收益率,华泰柏瑞基金管理有限公司,上海浦东发展银行股份有限公司,股票型ETF,主题指数ETF,931409.CSI,371703996.48,10060700,5593772,0.557,0.5560022662439,1.143998547
2023-09-22,517120.SH,华泰柏瑞中证沪港深创新药产业ETF,20210719,中证沪港深创新药产业指数,中证沪港深创新药产业指数收益率,华泰柏瑞基金管理有限公司,上海浦东发展银行股份有限公司,股票型ETF,主题指数ETF,931409.CSI,377846190.72,9751900,5389761,0.56,0.55268829663963,0.035727045
2023-09-25,517120.SH,华泰柏瑞中证沪港深创新药产业ETF,20210719,中证沪港深创新药产业指数,中证沪港深创新药产业指数收益率,华泰柏瑞基金管理有限公司,上海浦东发展银行股份有限公司,股票型ETF,主题指数ETF,931409.CSI,382244915.2,9397500,5348024,0.571,0.56909007714818,0.528169014
2023-09-26,517120.SH,华泰柏瑞中证沪港深创新药产业ETF,20210719,中证沪港深创新药产业指数,中证沪港深创新药产业指数收益率,华泰柏瑞基金管理有限公司,上海浦东发展银行股份有限公司,股票型ETF,主题指数ETF,931409.CSI,378812786.56,4393100,2490810,0.566,0.56698231317293,0.550719488
2023-09-27,517120.SH,华泰柏瑞中证沪港深创新药产业ETF,20210719,中证沪港深创新药产业指数,中证沪港深创新药产业指数收益率,华泰柏瑞基金管理有限公司,上海浦东发展银行股份有限公司,股票型ETF,主题指数ETF,931409.CSI,390993478.4,18034700,10466297,0.583,0.58034217369848,0.344234079
2023-09-28,517120.SH,华泰柏瑞中证沪港深创新药产业ETF,20210719,中证沪港深创新药产业指数,中证沪港深创新药产业指数收益率,华泰柏瑞基金管理有限公司,上海浦东发展银行股份有限公司,股票型ETF,主题指数ETF,931409.CSI,387561349.76,11164900,6502617,0.579,0.58241605388315,0.538287897
2023-10-09,517120.SH,华泰柏瑞中证沪港深创新药产业ETF,20210719,中证沪港深创新药产业指数,中证沪港深创新药产业指数收益率,华泰柏瑞基金管理有限公司,上海浦东发展银行股份有限公司,股票型ETF,主题指数ETF,931409.CSI,389041875.84,6688300,3846115,0.584,0.57505120882736,1.020584674
2023-10-10,517120.SH,华泰柏瑞中证沪港深创新药产业ETF,20210719,中证沪港深创新药产业指数,中证沪港深创新药产业指数收益率,华泰柏瑞基金管理有限公司,上海浦东发展银行股份有限公司,股票型ETF,主题指数ETF,931409.CSI,383321661.44,7011700,4031085,0.572,0.57490836744299,0.421348315
2023-10-11,517120.SH,华泰柏瑞中证沪港深创新药产业ETF,20210719,中证沪港深创新药产业指数,中证沪港深创新药产业指数收益率,华泰柏瑞基金管理有限公司,上海浦东发展银行股份有限公司,股票型ETF,主题指数ETF,931409.CSI,398297672.64,37816000,22513614,0.595,0.5953462555532,0.830367734
2023-10-12,517120.SH,华泰柏瑞中证沪港深创新药产业ETF,20210719,中证沪港深创新药产业指数,中证沪港深创新药产业指数收益率,华泰柏瑞基金管理有限公司,上海浦东发展银行股份有限公司,股票型ETF,主题指数ETF,931409.CSI,404642356.8,15971100,9569486,0.602,0.59917513508775,0.417014178
2023-10-13,517120.SH,华泰柏瑞中证沪港深创新药产业ETF,20210719,中证沪港深创新药产业指数,中证沪港深创新药产业指数收益率,华泰柏瑞基金管理有限公司,上海浦东发展银行股份有限公司,股票型ETF,主题指数ETF,931409.CSI,402887444.16,10647800,6395896,0.601,0.60067769867954,0.686882225
2023-10-16,517120.SH,华泰柏瑞中证沪港深创新药产业ETF,20210719,中证沪港深创新药产业指数,中证沪港深创新药产业指数收益率,华泰柏瑞基金管理有限公司,上海浦东发展银行股份有限公司,股票型ETF,主题指数ETF,931409.CSI,397690202.88,10159000,6068262,0.593,0.59732867408209,0.644942295
2023-10-17,517120.SH,华泰柏瑞中证沪港深创新药产业ETF,20210719,中证沪港深创新药产业指数,中证沪港深创新药产业指数收益率,华泰柏瑞基金管理有限公司,上海浦东发展银行股份有限公司,股票型ETF,主题指数ETF,931409.CSI,398905142.4,10777900,6363593,0.594,0.59042976832221,0.507614213
2023-10-18,517120.SH,华泰柏瑞中证沪港深创新药产业ETF,20210719,中证沪港深创新药产业指数,中证沪港深创新药产业指数收益率,华泰柏瑞基金管理有限公司,上海浦东发展银行股份有限公司,股票型ETF,主题指数ETF,931409.CSI,389523109.44,11065400,6448436,0.579,0.58275670106819,0.329232369
2023-10-19,517120.SH,华泰柏瑞中证沪港深创新药产业ETF,20210719,中证沪港深创新药产业指数,中证沪港深创新药产业指数收益率,华泰柏瑞基金管理有限公司,上海浦东发展银行股份有限公司,股票型ETF,主题指数ETF,931409.CSI,383245921.92,8768600,5030305,0.57,0.5736725360947,0.387460373
2023-10-20,517120.SH,华泰柏瑞中证沪港深创新药产业ETF,20210719,中证沪港深创新药产业指数,中证沪港深创新药产业指数收益率,华泰柏瑞基金管理有限公司,上海浦东发展银行股份有限公司,股票型ETF,主题指数ETF,931409.CSI,378048680.64,11583300,6535302,0.564,0.5642003574111,0.696304231
2023-10-23,517120.SH,华泰柏瑞中证沪港深创新药产业ETF,20210719,中证沪港深创新药产业指数,中证沪港深创新药产业指数收益率,华泰柏瑞基金管理有限公司,上海浦东发展银行股份有限公司,股票型ETF,主题指数ETF,931409.CSI,377103727.68,15714600,8826325,0.565,0.56166399399285,1.127617684
2023-10-24,517120.SH,华泰柏瑞中证沪港深创新药产业ETF,20210719,中证沪港深创新药产业指数,中证沪港深创新药产业指数收益率,华泰柏瑞基金管理有限公司,上海浦东发展银行股份有限公司,股票型ETF,主题指数ETF,931409.CSI,382300968.96,8915100,5040380,0.569,0.56537559870332,0.459039548
2023-10-25,517120.SH,华泰柏瑞中证沪港深创新药产业ETF,20210719,中证沪港深创新药产业指数,中证沪港深创新药产业指数收益率,华泰柏瑞基金管理有限公司,上海浦东发展银行股份有限公司,股票型ETF,主题指数ETF,931409.CSI,380411063.04,5552200,3183352,0.568,0.57334966319657,0.780695529
2023-10-26,517120.SH,华泰柏瑞中证沪港深创新药产业ETF,20210719,中证沪港深创新药产业指数,中证沪港深创新药产业指数收益率,华泰柏瑞基金管理有限公司,上海浦东发展银行股份有限公司,股票型ETF,主题指数ETF,931409.CSI,379710453.76,12113700,6841609,0.568,0.56478276661961,1.265822785
2023-10-27,517120.SH,华泰柏瑞中证沪港深创新药产业ETF,20210719,中证沪港深创新药产业指数,中证沪港深创新药产业指数收益率,华泰柏瑞基金管理有限公司,上海浦东发展银行股份有限公司,股票型ETF,主题指数ETF,931409.CSI,400493322.24,16405700,9589268,0.593,0.58450831113576,0.236646383
2023-10-30,517120.SH,华泰柏瑞中证沪港深创新药产业ETF,20210719,中证沪港深创新药产业指数,中证沪港深创新药产业指数收益率,华泰柏瑞基金管理有限公司,上海浦东发展银行股份有限公司,股票型ETF,主题指数ETF,931409.CSI,410611576.32,48174700,29554579,0.614,0.61348755674659,0.032583904
2023-10-31,517120.SH,华泰柏瑞中证沪港深创新药产业ETF,20210719,中证沪港深创新药产业指数,中证沪港深创新药产业指数收益率,华泰柏瑞基金管理有限公司,上海浦东发展银行股份有限公司,股票型ETF,主题指数ETF,931409.CSI,405915751.04,28517100,17406627,0.607,0.61039260654134,-0.262898455
2023-11-01,517120.SH,华泰柏瑞中证沪港深创新药产业ETF,20210719,中证沪港深创新药产业指数,中证沪港深创新药产业指数收益率,华泰柏瑞基金管理有限公司,上海浦东发展银行股份有限公司,股票型ETF,主题指数ETF,931409.CSI,403247885.44,16227200,9787667,0.609,0.60316425507789,0.727753887
2023-11-02,517120.SH,华泰柏瑞中证沪港深创新药产业ETF,20210719,中证沪港深创新药产业指数,中证沪港深创新药产业指数收益率,华泰柏瑞基金管理有限公司,上海浦东发展银行股份有限公司,股票型ETF,主题指数ETF,931409.CSI,402047345.92,16211300,9852004,0.607,0.60772448847409,0.696748507
2023-11-03,517120.SH,华泰柏瑞中证沪港深创新药产业ETF,20210719,中证沪港深创新药产业指数,中证沪港深创新药产业指数收益率,华泰柏瑞基金管理有限公司,上海浦东发展银行股份有限公司,股票型ETF,主题指数ETF,931409.CSI,404981998.08,15143500,9221093,0.61,0.60891425364018,0.46113307
2023-11-06,517120.SH,华泰柏瑞中证沪港深创新药产业ETF,20210719,中证沪港深创新药产业指数,中证沪港深创新药产业指数收益率,华泰柏瑞基金管理有限公司,上海浦东发展银行股份有限公司,股票型ETF,主题指数ETF,931409.CSI,406033281.6,20434300,12900794,0.631,0.6313303612064,-0.079176564
2023-11-07,517120.SH,华泰柏瑞中证沪港深创新药产业ETF,20210719,中证沪港深创新药产业指数,中证沪港深创新药产业指数收益率,华泰柏瑞基金管理有限公司,上海浦东发展银行股份有限公司,股票型ETF,主题指数ETF,931409.CSI,404289303.36,15561000,9843514,0.63,0.63257592699698,0.816130581
2023-11-08,517120.SH,华泰柏瑞中证沪港深创新药产业ETF,20210719,中证沪港深创新药产业指数,中证沪港深创新药产业指数收益率,华泰柏瑞基金管理有限公司,上海浦东发展银行股份有限公司,股票型ETF,主题指数ETF,931409.CSI,407812254.72,16323000,10429231,0.635,0.63892856705263,0.427012494
2023-11-09,517120.SH,华泰柏瑞中证沪港深创新药产业ETF,20210719,中证沪港深创新药产业指数,中证沪港深创新药产业指数收益率,华泰柏瑞基金管理有限公司,上海浦东发展银行股份有限公司,股票型ETF,主题指数ETF,931409.CSI,402136550.4,14831600,9355152,0.627,0.63075811106017,0.561347233
2023-11-10,517120.SH,华泰柏瑞中证沪港深创新药产业ETF,20210719,中证沪港深创新药产业指数,中证沪港深创新药产业指数收益率,华泰柏瑞基金管理有限公司,上海浦东发展银行股份有限公司,股票型ETF,主题指数ETF,931409.CSI,399685678.08,20270800,12621135,0.624,0.62262638869704,0.693884137
2023-11-13,517120.SH,华泰柏瑞中证沪港深创新药产业ETF,20210719,中证沪港深创新药产业指数,中证沪港深创新药产业指数收益率,华泰柏瑞基金管理有限公司,上海浦东发展银行股份有限公司,股票型ETF,主题指数ETF,931409.CSI,400409432.64,26538700,16384992,0.616,0.61739994800047,0.146317672
2023-11-14,517120.SH,华泰柏瑞中证沪港深创新药产业ETF,20210719,中证沪港深创新药产业指数,中证沪港深创新药产业指数收益率,华泰柏瑞基金管理有限公司,上海浦东发展银行股份有限公司,股票型ETF,主题指数ETF,931409.CSI,399550140.16,11117100,6837831,0.617,0.61507326550989,0.833469521
2023-11-15,517120.SH,华泰柏瑞中证沪港深创新药产业ETF,20210719,中证沪港深创新药产业指数,中证沪港深创新药产业指数收益率,华泰柏瑞基金管理有限公司,上海浦东发展银行股份有限公司,股票型ETF,主题指数ETF,931409.CSI,414673047.04,32978600,20578870,0.627,0.6240067801544,0.545221296
2023-11-16,517120.SH,华泰柏瑞中证沪港深创新药产业ETF,20210719,中证沪港深创新药产业指数,中证沪港深创新药产业指数收益率,华泰柏瑞基金管理有限公司,上海浦东发展银行股份有限公司,股票型ETF,主题指数ETF,931409.CSI,406263294.72,16785000,10380014,0.613,0.61841012809056,0.938580603
2023-11-17,517120.SH,华泰柏瑞中证沪港深创新药产业ETF,20210719,中证沪港深创新药产业指数,中证沪港深创新药产业指数收益率,华泰柏瑞基金管理有限公司,上海浦东发展银行股份有限公司,股票型ETF,主题指数ETF,931409.CSI,410161760.32,17692800,10789938,0.615,0.60984909115572,0.605267463
2023-11-20,517120.SH,华泰柏瑞中证沪港深创新药产业ETF,20210719,中证沪港深创新药产业指数,中证沪港深创新药产业指数收益率,华泰柏瑞基金管理有限公司,上海浦东发展银行股份有限公司,股票型ETF,主题指数ETF,931409.CSI,416875909.12,21351800,13151203,0.618,0.61592947667176,0.35725885
2023-11-21,517120.SH,华泰柏瑞中证沪港深创新药产业ETF,20210719,中证沪港深创新药产业指数,中证沪港深创新药产业指数收益率,华泰柏瑞基金管理有限公司,上海浦东发展银行股份有限公司,股票型ETF,主题指数ETF,931409.CSI,418317659.52,19544700,12132266,0.618,0.62074454967331,0.602311574
2023-11-22,517120.SH,华泰柏瑞中证沪港深创新药产业ETF,20210719,中证沪港深创新药产业指数,中证沪港深创新药产业指数收益率,华泰柏瑞基金管理有限公司,上海浦东发展银行股份有限公司,股票型ETF,主题指数ETF,931409.CSI,412784892.16,17240590,10494238,0.606,0.60869366999621,0.264725347
2023-11-23,517120.SH,华泰柏瑞中证沪港深创新药产业ETF,20210719,中证沪港深创新药产业指数,中证沪港深创新药产业指数收益率,华泰柏瑞基金管理有限公司,上海浦东发展银行股份有限公司,股票型ETF,主题指数ETF,931409.CSI,423721014.08,24434600,14836437,0.609,0.6071896818446,-0.114810563
2023-11-24,517120.SH,华泰柏瑞中证沪港深创新药产业ETF,20210719,中证沪港深创新药产业指数,中证沪港深创新药产业指数收益率,华泰柏瑞基金管理有限公司,上海浦东发展银行股份有限公司,股票型ETF,主题指数ETF,931409.CSI,425235732.48,24398500,14819927,0.605,0.6074113982417,0.298408488
2023-11-27,517120.SH,华泰柏瑞中证沪港深创新药产业ETF,20210719,中证沪港深创新药产业指数,中证沪港深创新药产业指数收益率,华泰柏瑞基金管理有限公司,上海浦东发展银行股份有限公司,股票型ETF,主题指数ETF,931409.CSI,425799705.6,17710600,10638358,0.605,0.60067744740438,0.165562914
2023-11-28,517120.SH,华泰柏瑞中证沪港深创新药产业ETF,20210719,中证沪港深创新药产业指数,中证沪港深创新药产业指数收益率,华泰柏瑞基金管理有限公司,上海浦东发展银行股份有限公司,股票型ETF,主题指数ETF,931409.CSI,432073906.56,14499200,8841574,0.613,0.60979736813066,0.016315875
2023-11-29,517120.SH,华泰柏瑞中证沪港深创新药产业ETF,20210719,中证沪港深创新药产业指数,中证沪港深创新药产业指数收益率,华泰柏瑞基金管理有限公司,上海浦东发展银行股份有限公司,股票型ETF,主题指数ETF,931409.CSI,426011195.52,11911200,7247804,0.607,0.60848646651891,0.446797948
2023-11-30,517120.SH,华泰柏瑞中证沪港深创新药产业ETF,20210719,中证沪港深创新药产业指数,中证沪港深创新药产业指数收益率,华泰柏瑞基金管理有限公司,上海浦东发展银行股份有限公司,股票型ETF,主题指数ETF,931409.CSI,429128604.8,9703200,5868263,0.608,0.60477605326078,0.164744646
2023-12-01,517120.SH,华泰柏瑞中证沪港深创新药产业ETF,20210719,中证沪港深创新药产业指数,中证沪港深创新药产业指数收益率,华泰柏瑞基金管理有限公司,上海浦东发展银行股份有限公司,股票型ETF,主题指数ETF,931409.CSI,427219795.52,11793700,7132045,0.608,0.60473345938933,0.61227867
2023-12-04,517120.SH,华泰柏瑞中证沪港深创新药产业ETF,20210719,中证沪港深创新药产业指数,中证沪港深创新药产业指数收益率,华泰柏瑞基金管理有限公司,上海浦东发展银行股份有限公司,股票型ETF,主题指数ETF,931409.CSI,401675000.96,48298100,27820699,0.569,0.57602056809688,-0.420021001
2023-12-05,517120.SH,华泰柏瑞中证沪港深创新药产业ETF,20210719,中证沪港深创新药产业指数,中证沪港深创新药产业指数收益率,华泰柏瑞基金管理有限公司,上海浦东发展银行股份有限公司,股票型ETF,主题指数ETF,931409.CSI,393873020.16,20048000,11370331,0.56,0.56715537709497,-0.338138459
2023-12-06,517120.SH,华泰柏瑞中证沪港深创新药产业ETF,20210719,中证沪港深创新药产业指数,中证沪港深创新药产业指数收益率,华泰柏瑞基金管理有限公司,上海浦东发展银行股份有限公司,股票型ETF,主题指数ETF,931409.CSI,390257822.72,20209200,11458195,0.566,0.56697914811076,0.212464589
2023-12-07,517120.SH,华泰柏瑞中证沪港深创新药产业ETF,20210719,中证沪港深创新药产业指数,中证沪港深创新药产业指数收益率,华泰柏瑞基金管理有限公司,上海浦东发展银行股份有限公司,股票型ETF,主题指数ETF,931409.CSI,384591898.24,17756500,9905396,0.556,0.55784619716723,-0.107797341
2023-12-08,517120.SH,华泰柏瑞中证沪港深创新药产业ETF,20210719,中证沪港深创新药产业指数,中证沪港深创新药产业指数收益率,华泰柏瑞基金管理有限公司,上海浦东发展银行股份有限公司,股票型ETF,主题指数ETF,931409.CSI,384384608.32,14609100,8109571,0.558,0.55510407896448,0.305590509
2023-12-11,517120.SH,华泰柏瑞中证沪港深创新药产业ETF,20210719,中证沪港深创新药产业指数,中证沪港深创新药产业指数收益率,华泰柏瑞基金管理有限公司,上海浦东发展银行股份有限公司,股票型ETF,主题指数ETF,931409.CSI,385628347.84,13710300,7571002,0.56,0.55221271598725,0.340440781
2023-12-12,517120.SH,华泰柏瑞中证沪港深创新药产业ETF,20210719,中证沪港深创新药产业指数,中证沪港深创新药产业指数收益率,华泰柏瑞基金管理有限公司,上海浦东发展银行股份有限公司,股票型ETF,主题指数ETF,931409.CSI,384522801.6,14245300,7915312,0.557,0.55564375618625,0.08984726
2023-12-13,517120.SH,华泰柏瑞中证沪港深创新药产业ETF,20210719,中证沪港深创新药产业指数,中证沪港深创新药产业指数收益率,华泰柏瑞基金管理有限公司,上海浦东发展银行股份有限公司,股票型ETF,主题指数ETF,931409.CSI,383486352.0,12272500,6854009,0.556,0.55848514972499,0.18018018
2023-12-14,517120.SH,华泰柏瑞中证沪港深创新药产业ETF,20210719,中证沪港深创新药产业指数,中证沪港深创新药产业指数收益率,华泰柏瑞基金管理有限公司,上海浦东发展银行股份有限公司,股票型ETF,主题指数ETF,931409.CSI,386441253.76,18302800,10315528,0.56,0.56360382018052,-0.160456409
2023-12-15,517120.SH,华泰柏瑞中证沪港深创新药产业ETF,20210719,中证沪港深创新药产业指数,中证沪港深创新药产业指数收益率,华泰柏瑞基金管理有限公司,上海浦东发展银行股份有限公司,股票型ETF,主题指数ETF,931409.CSI,382307455.36,12347700,6937831,0.555,0.56187233249917,0.018021265
2023-12-18,517120.SH,华泰柏瑞中证沪港深创新药产业ETF,20210719,中证沪港深创新药产业指数,中证沪港深创新药产业指数收益率,华泰柏瑞基金管理有限公司,上海浦东发展银行股份有限公司,股票型ETF,主题指数ETF,931409.CSI,379758279.68,7923600,4377926,0.551,0.55251729012065,-0.03628447
2023-12-19,517120.SH,华泰柏瑞中证沪港深创新药产业ETF,20210719,中证沪港深创新药产业指数,中证沪港深创新药产业指数收益率,华泰柏瑞基金管理有限公司,上海浦东发展银行股份有限公司,股票型ETF,主题指数ETF,931409.CSI,376175654.4,17279000,9422269,0.549,0.5453017535737,0.549450549
2023-12-20,517120.SH,华泰柏瑞中证沪港深创新药产业ETF,20210719,中证沪港深创新药产业指数,中证沪港深创新药产业指数收益率,华泰柏瑞基金管理有限公司,上海浦东发展银行股份有限公司,股票型ETF,主题指数ETF,931409.CSI,374453238.4,11367200,6230052,0.545,0.54807270040115,0.27598896
2023-12-21,517120.SH,华泰柏瑞中证沪港深创新药产业ETF,20210719,中证沪港深创新药产业指数,中证沪港深创新药产业指数收益率,华泰柏瑞基金管理有限公司,上海浦东发展银行股份有限公司,股票型ETF,主题指数ETF,931409.CSI,372179649.28,10379500,5599484,0.543,0.53947531191291,0.518326546
2023-12-22,517120.SH,华泰柏瑞中证沪港深创新药产业ETF,20210719,中证沪港深创新药产业指数,中证沪港深创新药产业指数收益率,华泰柏瑞基金管理有限公司,上海浦东发展银行股份有限公司,股票型ETF,主题指数ETF,931409.CSI,367494677.76,13779300,7384204,0.536,0.53589108300131,0.48743907
2023-12-25,517120.SH,华泰柏瑞中证沪港深创新药产业ETF,20210719,中证沪港深创新药产业指数,中证沪港深创新药产业指数收益率,华泰柏瑞基金管理有限公司,上海浦东发展银行股份有限公司,股票型ETF,主题指数ETF,931409.CSI,369561576.96,8848200,4743779,0.537,0.5361292692299,0.111856823
2023-12-26,517120.SH,华泰柏瑞中证沪港深创新药产业ETF,20210719,中证沪港深创新药产业指数,中证沪港深创新药产业指数收益率,华泰柏瑞基金管理有限公司,上海浦东发展银行股份有限公司,股票型ETF,主题指数ETF,931409.CSI,367839160.96,13003500,6929944,0.533,0.5329291344638,-0.168570893
2023-12-27,517120.SH,华泰柏瑞中证沪港深创新药产业ETF,20210719,中证沪港深创新药产业指数,中证沪港深创新药产业指数收益率,华泰柏瑞基金管理有限公司,上海浦东发展银行股份有限公司,股票型ETF,主题指数ETF,931409.CSI,372248545.92,12654500,6779913,0.541,0.53577091153345,0.129557653
2023-12-28,517120.SH,华泰柏瑞中证沪港深创新药产业ETF,20210719,中证沪港深创新药产业指数,中证沪港深创新药产业指数收益率,华泰柏瑞基金管理有限公司,上海浦东发展银行股份有限公司,股票型ETF,主题指数ETF,931409.CSI,379551589.76,12148400,6675074,0.552,0.54946116361002,0.199673262
2023-12-29,517120.SH,华泰柏瑞中证沪港深创新药产业ETF,20210719,中证沪港深创新药产业指数,中证沪港深创新药产业指数收益率,华泰柏瑞基金管理有限公司,上海浦东发展银行股份有限公司,股票型ETF,主题指数ETF,931409.CSI,383960974.72,11616600,6455729,0.556,0.5557330888556,-0.23326754
2024-01-02,517120.SH,华泰柏瑞中证沪港深创新药产业ETF,20210719,中证沪港深创新药产业指数,中证沪港深创新药产业指数收益率,华泰柏瑞基金管理有限公司,上海浦东发展银行股份有限公司,股票型ETF,主题指数ETF,931409.CSI,376589034.24,7571200,4164131,0.55,0.54999616969569,0.622027076
2024-01-03,517120.SH,华泰柏瑞中证沪港深创新药产业ETF,20210719,中证沪港深创新药产业指数,中证沪港深创新药产业指数收益率,华泰柏瑞基金管理有限公司,上海浦东发展银行股份有限公司,股票型ETF,主题指数ETF,931409.CSI,374728824.96,7751800,4237800,0.545,0.54668593100957,0.202243059
2024-01-04,517120.SH,华泰柏瑞中证沪港深创新药产业ETF,20210719,中证沪港深创新药产业指数,中证沪港深创新药产业指数收益率,华泰柏瑞基金管理有限公司,上海浦东发展银行股份有限公司,股票型ETF,主题指数ETF,931409.CSI,372129698.88,18700700,10110772,0.543,0.54066275593962,0.239985232
2024-01-05,517120.SH,华泰柏瑞中证沪港深创新药产业ETF,20210719,中证沪港深创新药产业指数,中证沪港深创新药产业指数收益率,华泰柏瑞基金管理有限公司,上海浦东发展银行股份有限公司,股票型ETF,主题指数ETF,931409.CSI,362757360.0,18457200,9824959,0.526,0.53231037210411,0.19047619
2024-01-08,517120.SH,华泰柏瑞中证沪港深创新药产业ETF,20210719,中证沪港深创新药产业指数,中证沪港深创新药产业指数收益率,华泰柏瑞基金管理有限公司,上海浦东发展银行股份有限公司,股票型ETF,主题指数ETF,931409.CSI,353990635.52,22813200,11840549,0.517,0.519021838234,0.03869969
2024-01-09,517120.SH,华泰柏瑞中证沪港深创新药产业ETF,20210719,中证沪港深创新药产业指数,中证沪港深创新药产业指数收益率,华泰柏瑞基金管理有限公司,上海浦东发展银行股份有限公司,股票型ETF,主题指数ETF,931409.CSI,355908541.44,12293900,6422242,0.523,0.52239256867227,0.6543495
2024-01-10,517120.SH,华泰柏瑞中证沪港深创新药产业ETF,20210719,中证沪港深创新药产业指数,中证沪港深创新药产业指数收益率,华泰柏瑞基金管理有限公司,上海浦东发展银行股份有限公司,股票型ETF,主题指数ETF,931409.CSI,359401870.08,13157400,6875209,0.525,0.52253553133598,0.057175529
2024-01-11,517120.SH,华泰柏瑞中证沪港深创新药产业ETF,20210719,中证沪港深创新药产业指数,中证沪港深创新药产业指数收益率,华泰柏瑞基金管理有限公司,上海浦东发展银行股份有限公司,股票型ETF,主题指数ETF,931409.CSI,362278728.96,14326700,7611855,0.534,0.53130553442174,0.964265457
2024-01-12,517120.SH,华泰柏瑞中证沪港深创新药产业ETF,20210719,中证沪港深创新药产业指数,中证沪港深创新药产业指数收益率,华泰柏瑞基金管理有限公司,上海浦东发展银行股份有限公司,股票型ETF,主题指数ETF,931409.CSI,356525011.2,12807700,6757327,0.525,0.52759878822896,0.864553314
2024-01-15,517120.SH,华泰柏瑞中证沪港深创新药产业ETF,20210719,中证沪港深创新药产业指数,中证沪港深创新药产业指数收益率,华泰柏瑞基金管理有限公司,上海浦东发展银行股份有限公司,股票型ETF,主题指数ETF,931409.CSI,357826447.36,11543900,6074589,0.522,0.52621635669055,-0.076569678
2024-01-16,517120.SH,华泰柏瑞中证沪港深创新药产业ETF,20210719,中证沪港深创新药产业指数,中证沪港深创新药产业指数收益率,华泰柏瑞基金管理有限公司,上海浦东发展银行股份有限公司,股票型ETF,主题指数ETF,931409.CSI,356114031.36,11731600,6127541,0.521,0.52231076749974,0.21157915
2024-01-17,517120.SH,华泰柏瑞中证沪港深创新药产业ETF,20210719,中证沪港深创新药产业指数,中证沪港深创新药产业指数收益率,华泰柏瑞基金管理有限公司,上海浦东发展银行股份有限公司,股票型ETF,主题指数ETF,931409.CSI,344857132.8,15718600,8073452,0.504,0.51362411410685,0.398406375
2024-01-18,517120.SH,华泰柏瑞中证沪港深创新药产业ETF,20210719,中证沪港深创新药产业指数,中证沪港深创新药产业指数收益率,华泰柏瑞基金管理有限公司,上海浦东发展银行股份有限公司,股票型ETF,主题指数ETF,931409.CSI,349803290.88,18620500,9349817,0.51,0.50212491608711,0.157109191
2024-01-19,517120.SH,华泰柏瑞中证沪港深创新药产业ETF,20210719,中证沪港深创新药产业指数,中证沪港深创新药产业指数收益率,华泰柏瑞基金管理有限公司,上海浦东发展银行股份有限公司,股票型ETF,主题指数ETF,931409.CSI,343757986.56,19291000,9791132,0.502,0.50754921984345,0.319744205
2024-01-22,517120.SH,华泰柏瑞中证沪港深创新药产业ETF,20210719,中证沪港深创新药产业指数,中证沪港深创新药产业指数收益率,华泰柏瑞基金管理有限公司,上海浦东发展银行股份有限公司,股票型ETF,主题指数ETF,931409.CSI,331736074.56,20429900,10065536,0.485,0.49268650360501,0.434872644
2024-01-23,517120.SH,华泰柏瑞中证沪港深创新药产业ETF,20210719,中证沪港深创新药产业指数,中证沪港深创新药产业指数收益率,华泰柏瑞基金管理有限公司,上海浦东发展银行股份有限公司,股票型ETF,主题指数ETF,931409.CSI,337386846.08,22174000,10810259,0.49,0.48751957247226,0.061261997
2024-01-24,517120.SH,华泰柏瑞中证沪港深创新药产业ETF,20210719,中证沪港深创新药产业指数,中证沪港深创新药产业指数收益率,华泰柏瑞基金管理有限公司,上海浦东发展银行股份有限公司,股票型ETF,主题指数ETF,931409.CSI,340142711.68,20649000,10129820,0.491,0.49057194052981,-0.546890824
2024-01-25,517120.SH,华泰柏瑞中证沪港深创新药产业ETF,20210719,中证沪港深创新药产业指数,中证沪港深创新药产业指数收益率,华泰柏瑞基金管理有限公司,上海浦东发展银行股份有限公司,股票型ETF,主题指数ETF,931409.CSI,344000923.52,18338000,9011068,0.499,0.49138771948958,-0.060084118
2024-01-26,517120.SH,华泰柏瑞中证沪港深创新药产业ETF,20210719,中证沪港深创新药产业指数,中证沪港深创新药产业指数收益率,华泰柏瑞基金管理有限公司,上海浦东发展银行股份有限公司,股票型ETF,主题指数ETF,931409.CSI,325674417.28,25312100,12461259,0.47,0.49230443147744,-0.571186799
2024-01-29,517120.SH,华泰柏瑞中证沪港深创新药产业ETF,20210719,中证沪港深创新药产业指数,中证沪港深创新药产业指数收益率,华泰柏瑞基金管理有限公司,上海浦东发展银行股份有限公司,股票型ETF,主题指数ETF,931409.CSI,317682407.04,18411100,8618091,0.463,0.46809212920466,0.412058122
2024-01-30,517120.SH,华泰柏瑞中证沪港深创新药产业ETF,20210719,中证沪港深创新药产业指数,中证沪港深创新药产业指数收益率,华泰柏瑞基金管理有限公司,上海浦东发展银行股份有限公司,股票型ETF,主题指数ETF,931409.CSI,307266583.36,19971400,9114600,0.452,0.45638262715683,0.466770393
2024-01-31,517120.SH,华泰柏瑞中证沪港深创新药产业ETF,20210719,中证沪港深创新药产业指数,中证沪港深创新药产业指数收益率,华泰柏瑞基金管理有限公司,上海浦东发展银行股份有限公司,股票型ETF,主题指数ETF,931409.CSI,296475714.24,17899700,7895986,0.437,0.44112392945133,0.668048837
2024-02-01,517120.SH,华泰柏瑞中证沪港深创新药产业ETF,20210719,中证沪港深创新药产业指数,中证沪港深创新药产业指数收益率,华泰柏瑞基金管理有限公司,上海浦东发展银行股份有限公司,股票型ETF,主题指数ETF,931409.CSI,300505216.0,21141800,9240740,0.441,0.43708388122109,0.227272727
2024-02-02,517120.SH,华泰柏瑞中证沪港深创新药产业ETF,20210719,中证沪港深创新药产业指数,中证沪港深创新药产业指数收益率,华泰柏瑞基金管理有限公司,上海浦东发展银行股份有限公司,股票型ETF,主题指数ETF,931409.CSI,284672035.84,24305100,10481268,0.42,0.43123739462088,1.058710298
2024-02-05,517120.SH,华泰柏瑞中证沪港深创新药产业ETF,20210719,中证沪港深创新药产业指数,中证沪港深创新药产业指数收益率,华泰柏瑞基金管理有限公司,上海浦东发展银行股份有限公司,股票型ETF,主题指数ETF,931409.CSI,285297145.92,34456900,14358644,0.421,0.41671316920559,1.372501806
2024-02-06,517120.SH,华泰柏瑞中证沪港深创新药产业ETF,20210719,中证沪港深创新药产业指数,中证沪港深创新药产业指数收益率,华泰柏瑞基金管理有限公司,上海浦东发展银行股份有限公司,股票型ETF,主题指数ETF,931409.CSI,307073980.8,24222100,10483261,0.449,0.43279736273899,0.447427293
2024-02-07,517120.SH,华泰柏瑞中证沪港深创新药产业ETF,20210719,中证沪港深创新药产业指数,中证沪港深创新药产业指数收益率,华泰柏瑞基金管理有限公司,上海浦东发展银行股份有限公司,股票型ETF,主题指数ETF,931409.CSI,315495523.84,21229700,9787680,0.461,0.46103713194251,0.086843248
2024-02-08,517120.SH,华泰柏瑞中证沪港深创新药产业ETF,20210719,中证沪港深创新药产业指数,中证沪港深创新药产业指数收益率,华泰柏瑞基金管理有限公司,上海浦东发展银行股份有限公司,股票型ETF,主题指数ETF,931409.CSI,311364381.76,20055000,9191283,0.458,0.4583038145101,0.460627331
2024-02-19,517120.SH,华泰柏瑞中证沪港深创新药产业ETF,20210719,中证沪港深创新药产业指数,中证沪港深创新药产业指数收益率,华泰柏瑞基金管理有限公司,上海浦东发展银行股份有限公司,股票型ETF,主题指数ETF,931409.CSI,311500975.04,21744300,9906651,0.458,0.45559760488956,0.416575312
2024-02-20,517120.SH,华泰柏瑞中证沪港深创新药产业ETF,20210719,中证沪港深创新药产业指数,中证沪港深创新药产业指数收益率,华泰柏瑞基金管理有限公司,上海浦东发展银行股份有限公司,股票型ETF,主题指数ETF,931409.CSI,315462180.16,17400900,8049328,0.463,0.46258113086105,0.238146785
2024-02-21,517120.SH,华泰柏瑞中证沪港深创新药产业ETF,20210719,中证沪港深创新药产业指数,中证沪港深创新药产业指数收益率,华泰柏瑞基金管理有限公司,上海浦东发展银行股份有限公司,股票型ETF,主题指数ETF,931409.CSI,318603825.6,19212900,8955968,0.468,0.46614347651838,0.321543408
2024-02-22,517120.SH,华泰柏瑞中证沪港深创新药产业ETF,20210719,中证沪港深创新药产业指数,中证沪港深创新药产业指数收益率,华泰柏瑞基金管理有限公司,上海浦东发展银行股份有限公司,股票型ETF,主题指数ETF,931409.CSI,321267394.56,17515900,8193257,0.471,0.46776111989678,0.12755102
2024-02-23,517120.SH,华泰柏瑞中证沪港深创新药产业ETF,20210719,中证沪港深创新药产业指数,中证沪港深创新药产业指数收益率,华泰柏瑞基金管理有限公司,上海浦东发展银行股份有限公司,股票型ETF,主题指数ETF,931409.CSI,321403987.84,14519300,6814968,0.472,0.46937304140007,0.297492563
2024-02-26,517120.SH,华泰柏瑞中证沪港深创新药产业ETF,20210719,中证沪港深创新药产业指数,中证沪港深创新药产业指数收益率,华泰柏瑞基金管理有限公司,上海浦东发展银行股份有限公司,股票型ETF,主题指数ETF,931409.CSI,322906513.92,13596500,6437975,0.474,0.47350237193395,0.253807107
2024-02-27,517120.SH,华泰柏瑞中证沪港深创新药产业ETF,20210719,中证沪港深创新药产业指数,中证沪港深创新药产业指数收益率,华泰柏瑞基金管理有限公司,上海浦东发展银行股份有限公司,股票型ETF,主题指数ETF,931409.CSI,328361998.08,14152300,6746686,0.48,0.47672010909887,-0.456242223
2024-02-28,517120.SH,华泰柏瑞中证沪港深创新药产业ETF,20210719,中证沪港深创新药产业指数,中证沪港深创新药产业指数收益率,华泰柏瑞基金管理有限公司,上海浦东发展银行股份有限公司,股票型ETF,主题指数ETF,931409.CSI,323048366.08,23589300,11620418,0.48,0.49261393937082,0.586756077
2024-02-29,517120.SH,华泰柏瑞中证沪港深创新药产业ETF,20210719,中证沪港深创新药产业指数,中证沪港深创新药产业指数收益率,华泰柏瑞基金管理有限公司,上海浦东发展银行股份有限公司,股票型ETF,主题指数ETF,931409.CSI,327696187.2,7249700,3507437,0.488,0.48380443328689,0.514933059
2024-03-01,517120.SH,华泰柏瑞中证沪港深创新药产业ETF,20210719,中证沪港深创新药产业指数,中证沪港深创新药产业指数收益率,华泰柏瑞基金管理有限公司,上海浦东发展银行股份有限公司,股票型ETF,主题指数ETF,931409.CSI,324051368.64,12560700,6031192,0.483,0.48016368514494,0.604040825
2024-03-04,517120.SH,华泰柏瑞中证沪港深创新药产业ETF,20210719,中证沪港深创新药产业指数,中证沪港深创新药产业指数收益率,华泰柏瑞基金管理有限公司,上海浦东发展银行股份有限公司,股票型ETF,主题指数ETF,931409.CSI,334783334.4,18570500,9190529,0.498,0.49489938343071,0.403225806
2024-03-05,517120.SH,华泰柏瑞中证沪港深创新药产业ETF,20210719,中证沪港深创新药产业指数,中证沪港深创新药产业指数收益率,华泰柏瑞基金管理有限公司,上海浦东发展银行股份有限公司,股票型ETF,主题指数ETF,931409.CSI,327088717.44,15885700,7776585,0.488,0.48953366864539,0.701609575
2024-03-06,517120.SH,华泰柏瑞中证沪港深创新药产业ETF,20210719,中证沪港深创新药产业指数,中证沪港深创新药产业指数收益率,华泰柏瑞基金管理有限公司,上海浦东发展银行股份有限公司,股票型ETF,主题指数ETF,931409.CSI,327358704.0,9577400,4636775,0.484,0.48413713533944,-0.206185567
2024-03-07,517120.SH,华泰柏瑞中证沪港深创新药产业ETF,20210719,中证沪港深创新药产业指数,中证沪港深创新药产业指数收益率,华泰柏瑞基金管理有限公司,上海浦东发展银行股份有限公司,股票型ETF,主题指数ETF,931409.CSI,308980027.2,31274400,14625857,0.466,0.46766227329701,1.194353963
2024-03-08,517120.SH,华泰柏瑞中证沪港深创新药产业ETF,20210719,中证沪港深创新药产业指数,中证沪港深创新药产业指数收益率,华泰柏瑞基金管理有限公司,上海浦东发展银行股份有限公司,股票型ETF,主题指数ETF,931409.CSI,311328409.6,11611700,5385296,0.465,0.46378187517762,0.215517241
2024-03-11,517120.SH,华泰柏瑞中证沪港深创新药产业ETF,20210719,中证沪港深创新药产业指数,中证沪港深创新药产业指数收益率,华泰柏瑞基金管理有限公司,上海浦东发展银行股份有限公司,股票型ETF,主题指数ETF,931409.CSI,317959729.92,13684800,6440404,0.476,0.47062463463112,0.147275405
2024-03-12,517120.SH,华泰柏瑞中证沪港深创新药产业ETF,20210719,中证沪港深创新药产业指数,中证沪港深创新药产业指数收益率,华泰柏瑞基金管理有限公司,上海浦东发展银行股份有限公司,股票型ETF,主题指数ETF,931409.CSI,325501052.8,14289900,6957790,0.489,0.4869026375272,-0.102145046
2024-03-13,517120.SH,华泰柏瑞中证沪港深创新药产业ETF,20210719,中证沪港深创新药产业指数,中证沪港深创新药产业指数收益率,华泰柏瑞基金管理有限公司,上海浦东发展银行股份有限公司,股票型ETF,主题指数ETF,931409.CSI,327880682.24,13269500,6446399,0.488,0.48580571988394,-0.732302685
2024-03-14,517120.SH,华泰柏瑞中证沪港深创新药产业ETF,20210719,中证沪港深创新药产业指数,中证沪港深创新药产业指数收益率,华泰柏瑞基金管理有限公司,上海浦东发展银行股份有限公司,股票型ETF,主题指数ETF,931409.CSI,336113012.48,45990000,23239262,0.493,0.50531119808654,0.468718158
2024-03-15,517120.SH,华泰柏瑞中证沪港深创新药产业ETF,20210719,中证沪港深创新药产业指数,中证沪港深创新药产业指数收益率,华泰柏瑞基金管理有限公司,上海浦东发展银行股份有限公司,股票型ETF,主题指数ETF,931409.CSI,334975463.68,30732800,15000609,0.489,0.48809770017701,0.575894694
2024-03-18,517120.SH,华泰柏瑞中证沪港深创新药产业ETF,20210719,中证沪港深创新药产业指数,中证沪港深创新药产业指数收益率,华泰柏瑞基金管理有限公司,上海浦东发展银行股份有限公司,股票型ETF,主题指数ETF,931409.CSI,339553536.0,15971500,7756861,0.493,0.48566891024638,0.612244898
2024-03-19,517120.SH,华泰柏瑞中证沪港深创新药产业ETF,20210719,中证沪港深创新药产业指数,中证沪港深创新药产业指数收益率,华泰柏瑞基金管理有限公司,上海浦东发展银行股份有限公司,股票型ETF,主题指数ETF,931409.CSI,334036042.56,17080400,8278762,0.485,0.48469368398867,1.485666457
2024-03-20,517120.SH,华泰柏瑞中证沪港深创新药产业ETF,20210719,中证沪港深创新药产业指数,中证沪港深创新药产业指数收益率,华泰柏瑞基金管理有限公司,上海浦东发展银行股份有限公司,股票型ETF,主题指数ETF,931409.CSI,336268972.8,14859100,7115554,0.479,0.47886843752313,0.419287212
2024-03-21,517120.SH,华泰柏瑞中证沪港深创新药产业ETF,20210719,中证沪港深创新药产业指数,中证沪港深创新药产业指数收益率,华泰柏瑞基金管理有限公司,上海浦东发展银行股份有限公司,股票型ETF,主题指数ETF,931409.CSI,334013080.32,5905100,2821042,0.477,0.47772975902186,0.67539046
2024-03-22,517120.SH,华泰柏瑞中证沪港深创新药产业ETF,20210719,中证沪港深创新药产业指数,中证沪港深创新药产业指数收益率,华泰柏瑞基金管理有限公司,上海浦东发展银行股份有限公司,股票型ETF,主题指数ETF,931409.CSI,320046970.88,38594800,17854094,0.462,0.46260361499477,0.609756098
2024-03-25,517120.SH,华泰柏瑞中证沪港深创新药产业ETF,20210719,中证沪港深创新药产业指数,中证沪港深创新药产业指数收益率,华泰柏瑞基金管理有限公司,上海浦东发展银行股份有限公司,股票型ETF,主题指数ETF,931409.CSI,317499060.8,16097000,7471294,0.462,0.46414201403988,0.544069641
2024-03-26,517120.SH,华泰柏瑞中证沪港深创新药产业ETF,20210719,中证沪港深创新药产业指数,中证沪港深创新药产业指数收益率,华泰柏瑞基金管理有限公司,上海浦东发展银行股份有限公司,股票型ETF,主题指数ETF,931409.CSI,315891094.4,15463100,7098271,0.46,0.45904579288758,0.327153762
2024-03-27,517120.SH,华泰柏瑞中证沪港深创新药产业ETF,20210719,中证沪港深创新药产业指数,中证沪港深创新药产业指数收益率,华泰柏瑞基金管理有限公司,上海浦东发展银行股份有限公司,股票型ETF,主题指数ETF,931409.CSI,311401869.12,12943000,5917682,0.456,0.45721100208607,0.595632032
2024-03-28,517120.SH,华泰柏瑞中证沪港深创新药产业ETF,20210719,中证沪港深创新药产业指数,中证沪港深创新药产业指数收益率,华泰柏瑞基金管理有限公司,上海浦东发展银行股份有限公司,股票型ETF,主题指数ETF,931409.CSI,308861815.36,18669600,8543309,0.457,0.45760535844367,0.461639921
2024-03-29,517120.SH,华泰柏瑞中证沪港深创新药产业ETF,20210719,中证沪港深创新药产业指数,中证沪港深创新药产业指数收益率,华泰柏瑞基金管理有限公司,上海浦东发展银行股份有限公司,股票型ETF,主题指数ETF,931409.CSI,307911262.4,15844300,7185777,0.454,0.4535244220319,0.110253583
2024-04-01,517120.SH,华泰柏瑞中证沪港深创新药产业ETF,20210719,中证沪港深创新药产业指数,中证沪港深创新药产业指数收益率,华泰柏瑞基金管理有限公司,上海浦东发展银行股份有限公司,股票型ETF,主题指数ETF,931409.CSI,311713474.24,6118000,2809229,0.463,0.4591744033998,0.849488129
2024-04-02,517120.SH,华泰柏瑞中证沪港深创新药产业ETF,20210719,中证沪港深创新药产业指数,中证沪港深创新药产业指数收益率,华泰柏瑞基金管理有限公司,上海浦东发展银行股份有限公司,股票型ETF,主题指数ETF,931409.CSI,308454435.52,5060300,2310096,0.456,0.45651364543604,0.374202069
2024-04-03,517120.SH,华泰柏瑞中证沪港深创新药产业ETF,20210719,中证沪港深创新药产业指数,中证沪港深创新药产业指数收益率,华泰柏瑞基金管理有限公司,上海浦东发展银行股份有限公司,股票型ETF,主题指数ETF,931409.CSI,305534880.0,14113600,6412602,0.452,0.45435622378415,0.444444444
2024-04-08,517120.SH,华泰柏瑞中证沪港深创新药产业ETF,20210719,中证沪港深创新药产业指数,中证沪港深创新药产业指数收益率,华泰柏瑞基金管理有限公司,上海浦东发展银行股份有限公司,股票型ETF,主题指数ETF,931409.CSI,301393184.96,5874100,2627740,0.446,0.44734342282222,0.473079522
2024-04-09,517120.SH,华泰柏瑞中证沪港深创新药产业ETF,20210719,中证沪港深创新药产业指数,中证沪港深创新药产业指数收益率,华泰柏瑞基金管理有限公司,上海浦东发展银行股份有限公司,股票型ETF,主题指数ETF,931409.CSI,307164399.36,8072400,3602218,0.455,0.44623878895991,0.574712644
2024-04-10,517120.SH,华泰柏瑞中证沪港深创新药产业ETF,20210719,中证沪港深创新药产业指数,中证沪港深创新药产业指数收益率,华泰柏瑞基金管理有限公司,上海浦东发展银行股份有限公司,股票型ETF,主题指数ETF,931409.CSI,303145553.92,8933800,4043188,0.45,0.45257202981934,0.491290755
2024-04-11,517120.SH,华泰柏瑞中证沪港深创新药产业ETF,20210719,中证沪港深创新药产业指数,中证沪港深创新药产业指数收益率,华泰柏瑞基金管理有限公司,上海浦东发展银行股份有限公司,股票型ETF,主题指数ETF,931409.CSI,299016058.88,11134100,4951371,0.445,0.44470329887463,0.747113425
2024-04-12,517120.SH,华泰柏瑞中证沪港深创新药产业ETF,20210719,中证沪港深创新药产业指数,中证沪港深创新药产业指数收益率,华泰柏瑞基金管理有限公司,上海浦东发展银行股份有限公司,股票型ETF,主题指数ETF,931409.CSI,295428136.96,13519500,5955378,0.439,0.44050282924664,0.595783685
2024-04-15,517120.SH,华泰柏瑞中证沪港深创新药产业ETF,20210719,中证沪港深创新药产业指数,中证沪港深创新药产业指数收益率,华泰柏瑞基金管理有限公司,上海浦东发展银行股份有限公司,股票型ETF,主题指数ETF,931409.CSI,294141900.8,12538600,5475994,0.435,0.43673089499625,0.115074799
2024-04-16,517120.SH,华泰柏瑞中证沪港深创新药产业ETF,20210719,中证沪港深创新药产业指数,中证沪港深创新药产业指数收益率,华泰柏瑞基金管理有限公司,上海浦东发展银行股份有限公司,股票型ETF,主题指数ETF,931409.CSI,288319989.76,12004000,5188182,0.428,0.43220443185605,0.493073491
2024-04-17,517120.SH,华泰柏瑞中证沪港深创新药产业ETF,20210719,中证沪港深创新药产业指数,中证沪港深创新药产业指数收益率,华泰柏瑞基金管理有限公司,上海浦东发展银行股份有限公司,股票型ETF,主题指数ETF,931409.CSI,291027855.36,8514700,3661046,0.432,0.42996770291378,0.488485694
2024-04-18,517120.SH,华泰柏瑞中证沪港深创新药产业ETF,20210719,中证沪港深创新药产业指数,中证沪港深创新药产业指数收益率,华泰柏瑞基金管理有限公司,上海浦东发展银行股份有限公司,股票型ETF,主题指数ETF,931409.CSI,287913809.92,12620300,5407133,0.427,0.42844726353573,0.399717846
2024-04-19,517120.SH,华泰柏瑞中证沪港深创新药产业ETF,20210719,中证沪港深创新药产业指数,中证沪港深创新药产业指数收益率,华泰柏瑞基金管理有限公司,上海浦东发展银行股份有限公司,股票型ETF,主题指数ETF,931409.CSI,282701168.64,10592800,4447862,0.42,0.41989483422702,0.574712644
2024-04-22,517120.SH,华泰柏瑞中证沪港深创新药产业ETF,20210719,中证沪港深创新药产业指数,中证沪港深创新药产业指数收益率,华泰柏瑞基金管理有限公司,上海浦东发展银行股份有限公司,股票型ETF,主题指数ETF,931409.CSI,285375793.92,7905900,3348490,0.424,0.42354317661493,0.283822138
2024-04-23,517120.SH,华泰柏瑞中证沪港深创新药产业ETF,20210719,中证沪港深创新药产业指数,中证沪港深创新药产业指数收益率,华泰柏瑞基金管理有限公司,上海浦东发展银行股份有限公司,股票型ETF,主题指数ETF,931409.CSI,290689372.16,21587000,9267204,0.432,0.42929559457081,0.605496041
2024-04-24,517120.SH,华泰柏瑞中证沪港深创新药产业ETF,20210719,中证沪港深创新药产业指数,中证沪港深创新药产业指数收益率,华泰柏瑞基金管理有限公司,上海浦东发展银行股份有限公司,股票型ETF,主题指数ETF,931409.CSI,291975608.32,6965300,3010058,0.435,0.43215051756565,0.857871551
2024-04-25,517120.SH,华泰柏瑞中证沪港深创新药产业ETF,20210719,中证沪港深创新药产业指数,中证沪港深创新药产业指数收益率,华泰柏瑞基金管理有限公司,上海浦东发展银行股份有限公司,股票型ETF,主题指数ETF,931409.CSI,297173736.96,8979700,3934537,0.44,0.43815906990211,0.824931256
2024-04-26,517120.SH,华泰柏瑞中证沪港深创新药产业ETF,20210719,中证沪港深创新药产业指数,中证沪港深创新药产业指数收益率,华泰柏瑞基金管理有限公司,上海浦东发展银行股份有限公司,股票型ETF,主题指数ETF,931409.CSI,304460077.44,9379800,4186855,0.45,0.44636932557197,0.648624469
2024-04-29,517120.SH,华泰柏瑞中证沪港深创新药产业ETF,20210719,中证沪港深创新药产业指数,中证沪港深创新药产业指数收益率,华泰柏瑞基金管理有限公司,上海浦东发展银行股份有限公司,股票型ETF,主题指数ETF,931409.CSI,309839712.0,13122200,5998300,0.459,0.45711085031473,0.879120879
2024-04-30,517120.SH,华泰柏瑞中证沪港深创新药产业ETF,20210719,中证沪港深创新药产业指数,中证沪港深创新药产业指数收益率,华泰柏瑞基金管理有限公司,上海浦东发展银行股份有限公司,股票型ETF,主题指数ETF,931409.CSI,307660619.52,10692800,4874421,0.454,0.45586011147688,0.486941124
2024-05-06,517120.SH,华泰柏瑞中证沪港深创新药产业ETF,20210719,中证沪港深创新药产业指数,中证沪港深创新药产业指数收益率,华泰柏瑞基金管理有限公司,上海浦东发展银行股份有限公司,股票型ETF,主题指数ETF,931409.CSI,318487985.28,13083900,6111696,0.47,0.46711576823424,0.491768227
2024-05-07,517120.SH,华泰柏瑞中证沪港深创新药产业ETF,20210719,中证沪港深创新药产业指数,中证沪港深创新药产业指数收益率,华泰柏瑞基金管理有限公司,上海浦东发展银行股份有限公司,股票型ETF,主题指数ETF,931409.CSI,316649376.0,7644500,3573604,0.469,0.46747387010269,0.860215054
2024-05-08,517120.SH,华泰柏瑞中证沪港深创新药产业ETF,20210719,中证沪港深创新药产业指数,中证沪港深创新药产业指数收益率,华泰柏瑞基金管理有限公司,上海浦东发展银行股份有限公司,股票型ETF,主题指数ETF,931409.CSI,320953027.2,32724900,15176388,0.465,0.46375658901937,0.977198697
2024-05-09,517120.SH,华泰柏瑞中证沪港深创新药产业ETF,20210719,中证沪港深创新药产业指数,中证沪港深创新药产业指数收益率,华泰柏瑞基金管理有限公司,上海浦东发展银行股份有限公司,股票型ETF,主题指数ETF,931409.CSI,327783297.92,7940300,3738952,0.472,0.47088296411974,0.361471401
2024-05-10,517120.SH,华泰柏瑞中证沪港深创新药产业ETF,20210719,中证沪港深创新药产业指数,中证沪港深创新药产业指数收益率,华泰柏瑞基金管理有限公司,上海浦东发展银行股份有限公司,股票型ETF,主题指数ETF,931409.CSI,325522261.76,4716400,2211004,0.472,0.46879060300229,0.768573868
2024-05-13,517120.SH,华泰柏瑞中证沪港深创新药产业ETF,20210719,中证沪港深创新药产业指数,中证沪港深创新药产业指数收益率,华泰柏瑞基金管理有限公司,上海浦东发展银行股份有限公司,股票型ETF,主题指数ETF,931409.CSI,321838939.84,9719800,4567176,0.466,0.46988374246384,0.62621464
2024-05-14,517120.SH,华泰柏瑞中证沪港深创新药产业ETF,20210719,中证沪港深创新药产业指数,中证沪港深创新药产业指数收益率,华泰柏瑞基金管理有限公司,上海浦东发展银行股份有限公司,股票型ETF,主题指数ETF,931409.CSI,323993335.68,8737500,4109612,0.469,0.47034185979971,0.600600601
2024-05-15,517120.SH,华泰柏瑞中证沪港深创新药产业ETF,20210719,中证沪港深创新药产业指数,中证沪港深创新药产业指数收益率,华泰柏瑞基金管理有限公司,上海浦东发展银行股份有限公司,股票型ETF,主题指数ETF,931409.CSI,319893033.92,8259400,3819568,0.462,0.46245102549822,0.369324354
2024-05-16,517120.SH,华泰柏瑞中证沪港深创新药产业ETF,20210719,中证沪港深创新药产业指数,中证沪港深创新药产业指数收益率,华泰柏瑞基金管理有限公司,上海浦东发展银行股份有限公司,股票型ETF,主题指数ETF,931409.CSI,319318917.12,7505300,3468683,0.463,0.46216447044089,0.477430556
2024-05-17,517120.SH,华泰柏瑞中证沪港深创新药产业ETF,20210719,中证沪港深创新药产业指数,中证沪港深创新药产业指数收益率,华泰柏瑞基金管理有限公司,上海浦东发展银行股份有限公司,股票型ETF,主题指数ETF,931409.CSI,317913640.64,21321500,9836231,0.465,0.46132922167765,1.064985873
2024-05-20,517120.SH,华泰柏瑞中证沪港深创新药产业ETF,20210719,中证沪港深创新药产业指数,中证沪港深创新药产业指数收益率,华泰柏瑞基金管理有限公司,上海浦东发展银行股份有限公司,股票型ETF,主题指数ETF,931409.CSI,318742800.32,8609700,3990625,0.464,0.4635033741013,0.585302406
2024-05-21,517120.SH,华泰柏瑞中证沪港深创新药产业ETF,20210719,中证沪港深创新药产业指数,中证沪港深创新药产业指数收益率,华泰柏瑞基金管理有限公司,上海浦东发展银行股份有限公司,股票型ETF,主题指数ETF,931409.CSI,307388232.96,31106300,14172493,0.455,0.45561487544324,0.79751883
2024-05-22,517120.SH,华泰柏瑞中证沪港深创新药产业ETF,20210719,中证沪港深创新药产业指数,中证沪港深创新药产业指数收益率,华泰柏瑞基金管理有限公司,上海浦东发展银行股份有限公司,股票型ETF,主题指数ETF,931409.CSI,307047749.76,8247500,3732055,0.453,0.45250742649288,0.465735196
2024-05-23,517120.SH,华泰柏瑞中证沪港深创新药产业ETF,20210719,中证沪港深创新药产业指数,中证沪港深创新药产业指数收益率,华泰柏瑞基金管理有限公司,上海浦东发展银行股份有限公司,股票型ETF,主题指数ETF,931409.CSI,301123342.08,8742300,3906887,0.444,0.44689463871064,0.407055631
2024-05-24,517120.SH,华泰柏瑞中证沪港深创新药产业ETF,20210719,中证沪港深创新药产业指数,中证沪港深创新药产业指数收益率,华泰柏瑞基金管理有限公司,上海浦东发展银行股份有限公司,股票型ETF,主题指数ETF,931409.CSI,294041291.52,7372100,3235021,0.436,0.43881946799419,0.972672534
2024-05-27,517120.SH,华泰柏瑞中证沪港深创新药产业ETF,20210719,中证沪港深创新药产业指数,中证沪港深创新药产业指数收益率,华泰柏瑞基金管理有限公司,上海浦东发展银行股份有限公司,股票型ETF,主题指数ETF,931409.CSI,294535624.32,13498700,5800160,0.438,0.42968285834932,0.968188105
2024-05-28,517120.SH,华泰柏瑞中证沪港深创新药产业ETF,20210719,中证沪港深创新药产业指数,中证沪港深创新药产业指数收益率,华泰柏瑞基金管理有限公司,上海浦东发展银行股份有限公司,股票型ETF,主题指数ETF,931409.CSI,292125457.92,8888100,3870251,0.435,0.43544188296711,0.50831793
2024-05-29,517120.SH,华泰柏瑞中证沪港深创新药产业ETF,20210719,中证沪港深创新药产业指数,中证沪港深创新药产业指数收益率,华泰柏瑞基金管理有限公司,上海浦东发展银行股份有限公司,股票型ETF,主题指数ETF,931409.CSI,287962322.56,8299700,3591699,0.431,0.43275046086003,0.724468334
2024-05-30,517120.SH,华泰柏瑞中证沪港深创新药产业ETF,20210719,中证沪港深创新药产业指数,中证沪港深创新药产业指数收益率,华泰柏瑞基金管理有限公司,上海浦东发展银行股份有限公司,股票型ETF,主题指数ETF,931409.CSI,285180376.32,7652600,3293446,0.431,0.43036954760474,1.10250997
2024-05-31,517120.SH,华泰柏瑞中证沪港深创新药产业ETF,20210719,中证沪港深创新药产业指数,中证沪港深创新药产业指数收益率,华泰柏瑞基金管理有限公司,上海浦东发展银行股份有限公司,股票型ETF,主题指数ETF,931409.CSI,285715549.44,12821500,5545451,0.43,0.43251187458566,0.678997893
2024-06-03,517120.SH,华泰柏瑞中证沪港深创新药产业ETF,20210719,中证沪港深创新药产业指数,中证沪港深创新药产业指数收益率,华泰柏瑞基金管理有限公司,上海浦东发展银行股份有限公司,股票型ETF,主题指数ETF,931409.CSI,284355560.32,10509300,4497915,0.429,0.42799377694042,1.226993865
2024-06-04,517120.SH,华泰柏瑞中证沪港深创新药产业ETF,20210719,中证沪港深创新药产业指数,中证沪港深创新药产业指数收益率,华泰柏瑞基金管理有限公司,上海浦东发展银行股份有限公司,股票型ETF,主题指数ETF,931409.CSI,291134177.28,12142100,5268901,0.437,0.43393655133791,0.413602941
2024-06-05,517120.SH,华泰柏瑞中证沪港深创新药产业ETF,20210719,中证沪港深创新药产业指数,中证沪港深创新药产业指数收益率,华泰柏瑞基金管理有限公司,上海浦东发展银行股份有限公司,股票型ETF,主题指数ETF,931409.CSI,292070730.24,12423800,5478655,0.438,0.44098061784639,0.320659643
2024-06-06,517120.SH,华泰柏瑞中证沪港深创新药产业ETF,20210719,中证沪港深创新药产业指数,中证沪港深创新药产业指数收益率,华泰柏瑞基金管理有限公司,上海浦东发展银行股份有限公司,股票型ETF,主题指数ETF,931409.CSI,288659001.6,12526100,5464733,0.434,0.43626771301522,0.579374276
2024-06-07,517120.SH,华泰柏瑞中证沪港深创新药产业ETF,20210719,中证沪港深创新药产业指数,中证沪港深创新药产业指数收益率,华泰柏瑞基金管理有限公司,上海浦东发展银行股份有限公司,股票型ETF,主题指数ETF,931409.CSI,287254172.16,8904700,3855778,0.433,0.43300481768055,0.838379134
2024-06-11,517120.SH,华泰柏瑞中证沪港深创新药产业ETF,20210719,中证沪港深创新药产业指数,中证沪港深创新药产业指数收益率,华泰柏瑞基金管理有限公司,上海浦东发展银行股份有限公司,股票型ETF,主题指数ETF,931409.CSI,287053482.24,12483600,5357270,0.432,0.42914463776475,0.675833139
2024-06-12,517120.SH,华泰柏瑞中证沪港深创新药产业ETF,20210719,中证沪港深创新药产业指数,中证沪港深创新药产业指数收益率,华泰柏瑞基金管理有限公司,上海浦东发展银行股份有限公司,股票型ETF,主题指数ETF,931409.CSI,290063831.04,9791700,4247938,0.437,0.4338304890877,0.784132841
2024-06-13,517120.SH,华泰柏瑞中证沪港深创新药产业ETF,20210719,中证沪港深创新药产业指数,中证沪港深创新药产业指数收益率,华泰柏瑞基金管理有限公司,上海浦东发展银行股份有限公司,股票型ETF,主题指数ETF,931409.CSI,291870040.32,8789400,3857100,0.438,0.43883541538672,0.389640156
2024-06-14,517120.SH,华泰柏瑞中证沪港深创新药产业ETF,20210719,中证沪港深创新药产业指数,中证沪港深创新药产业指数收益率,华泰柏瑞基金管理有限公司,上海浦东发展银行股份有限公司,股票型ETF,主题指数ETF,931409.CSI,288525208.32,9275200,4032438,0.435,0.43475483008453,0.857871551
2024-06-17,517120.SH,华泰柏瑞中证沪港深创新药产业ETF,20210719,中证沪港深创新药产业指数,中证沪港深创新药产业指数收益率,华泰柏瑞基金管理有限公司,上海浦东发展银行股份有限公司,股票型ETF,主题指数ETF,931409.CSI,288391415.04,5700800,2468539,0.432,0.43301624333427,0.208768267
2024-06-18,517120.SH,华泰柏瑞中证沪港深创新药产业ETF,20210719,中证沪港深创新药产业指数,中证沪港深创新药产业指数收益率,华泰柏瑞基金管理有限公司,上海浦东发展银行股份有限公司,股票型ETF,主题指数ETF,931409.CSI,284959430.08,13467200,5763504,0.426,0.42796602114768,0.306098422
2024-06-19,517120.SH,华泰柏瑞中证沪港深创新药产业ETF,20210719,中证沪港深创新药产业指数,中证沪港深创新药产业指数收益率,华泰柏瑞基金管理有限公司,上海浦东发展银行股份有限公司,股票型ETF,主题指数ETF,931409.CSI,283483304.0,7237600,3085434,0.424,0.42630623411075,0.355029586
2024-06-20,517120.SH,华泰柏瑞中证沪港深创新药产业ETF,20210719,中证沪港深创新药产业指数,中证沪港深创新药产业指数收益率,华泰柏瑞基金管理有限公司,上海浦东发展银行股份有限公司,股票型ETF,主题指数ETF,931409.CSI,278944572.8,10396700,4386166,0.417,0.42188059672781,0.603136309
2024-06-21,517120.SH,华泰柏瑞中证沪港深创新药产业ETF,20210719,中证沪港深创新药产业指数,中证沪港深创新药产业指数收益率,华泰柏瑞基金管理有限公司,上海浦东发展银行股份有限公司,股票型ETF,主题指数ETF,931409.CSI,277800529.92,6209400,2586910,0.415,0.41661191097369,0.532945736
2024-06-24,517120.SH,华泰柏瑞中证沪港深创新药产业ETF,20210719,中证沪港深创新药产业指数,中证沪港深创新药产业指数收益率,华泰柏瑞基金管理有限公司,上海浦东发展银行股份有限公司,股票型ETF,主题指数ETF,931409.CSI,277127563.52,10235100,4255985,0.414,0.41582251272582,0.534239922
2024-06-25,517120.SH,华泰柏瑞中证沪港深创新药产业ETF,20210719,中证沪港深创新药产业指数,中证沪港深创新药产业指数收益率,华泰柏瑞基金管理有限公司,上海浦东发展银行股份有限公司,股票型ETF,主题指数ETF,931409.CSI,276050817.28,6972200,2884636,0.413,0.41373397206047,0.682593857
2024-06-26,517120.SH,华泰柏瑞中证沪港深创新药产业ETF,20210719,中证沪港深创新药产业指数,中证沪港深创新药产业指数收益率,华泰柏瑞基金管理有限公司,上海浦东发展银行股份有限公司,股票型ETF,主题指数ETF,931409.CSI,279860085.44,15118700,6264661,0.42,0.41436505784227,0.695276912
2024-06-27,517120.SH,华泰柏瑞中证沪港深创新药产业ETF,20210719,中证沪港深创新药产业指数,中证沪港深创新药产业指数收益率,华泰柏瑞基金管理有限公司,上海浦东发展银行股份有限公司,股票型ETF,主题指数ETF,931409.CSI,272747841.6,7473800,3082672,0.41,0.41246380689877,0.86100861
2024-06-28,517120.SH,华泰柏瑞中证沪港深创新药产业ETF,20210719,中证沪港深创新药产业指数,中证沪港深创新药产业指数收益率,华泰柏瑞基金管理有限公司,上海浦东发展银行股份有限公司,股票型ETF,主题指数ETF,931409.CSI,269728492.8,8663200,3540259,0.406,0.40865488503094,0.995024876
2024-07-01,517120.SH,华泰柏瑞中证沪港深创新药产业ETF,20210719,中证沪港深创新药产业指数,中证沪港深创新药产业指数收益率,华泰柏瑞基金管理有限公司,上海浦东发展银行股份有限公司,股票型ETF,主题指数ETF,931409.CSI,270131072.64,4871900,1963794,0.406,0.40308585972618,0.844510681
2024-07-02,517120.SH,华泰柏瑞中证沪港深创新药产业ETF,20210719,中证沪港深创新药产业指数,中证沪港深创新药产业指数收益率,华泰柏瑞基金管理有限公司,上海浦东发展银行股份有限公司,股票型ETF,主题指数ETF,931409.CSI,267648496.96,11656600,4715576,0.402,0.40454128991301,0.777137127
2024-07-03,517120.SH,华泰柏瑞中证沪港深创新药产业ETF,20210719,中证沪港深创新药产业指数,中证沪港深创新药产业指数收益率,华泰柏瑞基金管理有限公司,上海浦东发展银行股份有限公司,股票型ETF,主题指数ETF,931409.CSI,268856236.48,13503500,5446561,0.405,0.40334439219462,1.073122036
2024-07-04,517120.SH,华泰柏瑞中证沪港深创新药产业ETF,20210719,中证沪港深创新药产业指数,中证沪港深创新药产业指数收益率,华泰柏瑞基金管理有限公司,上海浦东发展银行股份有限公司,股票型ETF,主题指数ETF,931409.CSI,263891085.12,11296500,4492318,0.396,0.3976734386757,0.686498856
2024-07-05,517120.SH,华泰柏瑞中证沪港深创新药产业ETF,20210719,中证沪港深创新药产业指数,中证沪港深创新药产业指数收益率,华泰柏瑞基金管理有限公司,上海浦东发展银行股份有限公司,股票型ETF,主题指数ETF,931409.CSI,272135531.52,5970600,2409723,0.409,0.40359813084112,0.540806293
2024-07-08,517120.SH,华泰柏瑞中证沪港深创新药产业ETF,20210719,中证沪港深创新药产业指数,中证沪港深创新药产业指数收益率,华泰柏瑞基金管理有限公司,上海浦东发展银行股份有限公司,股票型ETF,主题指数ETF,931409.CSI,264174831.36,7083300,2831700,0.397,0.39977129304138,0.531780198
2024-07-09,517120.SH,华泰柏瑞中证沪港深创新药产业ETF,20210719,中证沪港深创新药产业指数,中证沪港深创新药产业指数收益率,华泰柏瑞基金管理有限公司,上海浦东发展银行股份有限公司,股票型ETF,主题指数ETF,931409.CSI,264910694.4,5552200,2201320,0.399,0.39647707215158,0.757575758
2024-07-10,517120.SH,华泰柏瑞中证沪港深创新药产业ETF,20210719,中证沪港深创新药产业指数,中证沪港深创新药产业指数收益率,华泰柏瑞基金管理有限公司,上海浦东发展银行股份有限公司,股票型ETF,主题指数ETF,931409.CSI,264107934.72,5898900,2359201,0.398,0.39993914119582,0.810536981
2024-07-11,517120.SH,华泰柏瑞中证沪港深创新药产业ETF,20210719,中证沪港深创新药产业指数,中证沪港深创新药产业指数收益率,华泰柏瑞基金管理有限公司,上海浦东发展银行股份有限公司,股票型ETF,主题指数ETF,931409.CSI,271801048.32,11363900,4643345,0.409,0.40860488036678,0.664533596
2024-07-12,517120.SH,华泰柏瑞中证沪港深创新药产业ETF,20210719,中证沪港深创新药产业指数,中证沪港深创新药产业指数收益率,华泰柏瑞基金管理有限公司,上海浦东发展银行股份有限公司,股票型ETF,主题指数ETF,931409.CSI,277152779.52,4906200,2038547,0.416,0.41550425991602,0.410330678
2024-07-15,517120.SH,华泰柏瑞中证沪港深创新药产业ETF,20210719,中证沪港深创新药产业指数,中证沪港深创新药产业指数收益率,华泰柏瑞基金管理有限公司,上海浦东发展银行股份有限公司,股票型ETF,主题指数ETF,931409.CSI,273072084.48,5338500,2200354,0.411,0.41216708813337,0.685938266
2024-07-16,517120.SH,华泰柏瑞中证沪港深创新药产业ETF,20210719,中证沪港深创新药产业指数,中证沪港深创新药产业指数收益率,华泰柏瑞基金管理有限公司,上海浦东发展银行股份有限公司,股票型ETF,主题指数ETF,931409.CSI,274276224.0,4542100,1865336,0.411,0.41067699962572,0.243902439
2024-07-17,517120.SH,华泰柏瑞中证沪港深创新药产业ETF,20210719,中证沪港深创新药产业指数,中证沪港深创新药产业指数收益率,华泰柏瑞基金管理有限公司,上海浦东发展银行股份有限公司,股票型ETF,主题指数ETF,931409.CSI,280296921.6,12089000,5072933,0.421,0.41963214492514,0.477326969
2024-07-18,517120.SH,华泰柏瑞中证沪港深创新药产业ETF,20210719,中证沪港深创新药产业指数,中证沪港深创新药产业指数收益率,华泰柏瑞基金管理有限公司,上海浦东发展银行股份有限公司,股票型ETF,主题指数ETF,931409.CSI,281768647.68,8463000,3566699,0.423,0.42144617747844,0.427350427
2024-07-19,517120.SH,华泰柏瑞中证沪港深创新药产业ETF,20210719,中证沪港深创新药产业指数,中证沪港深创新药产业指数收益率,华泰柏瑞基金管理有限公司,上海浦东发展银行股份有限公司,股票型ETF,主题指数ETF,931409.CSI,280898991.36,14060000,5918803,0.422,0.42096749644381,0.500119076
2024-07-22,517120.SH,华泰柏瑞中证沪港深创新药产业ETF,20210719,中证沪港深创新药产业指数,中证沪港深创新药产业指数收益率,华泰柏瑞基金管理有限公司,上海浦东发展银行股份有限公司,股票型ETF,主题指数ETF,931409.CSI,285046583.04,12072600,5158057,0.427,0.42725320146447,0.211218024
2024-07-23,517120.SH,华泰柏瑞中证沪港深创新药产业ETF,20210719,中证沪港深创新药产业指数,中证沪港深创新药产业指数收益率,华泰柏瑞基金管理有限公司,上海浦东发展银行股份有限公司,股票型ETF,主题指数ETF,931409.CSI,276550709.76,12756300,5378927,0.417,0.42166827371573,0.870827286
2024-07-24,517120.SH,华泰柏瑞中证沪港深创新药产业ETF,20210719,中证沪港深创新药产业指数,中证沪港深创新药产业指数收益率,华泰柏瑞基金管理有限公司,上海浦东发展银行股份有限公司,股票型ETF,主题指数ETF,931409.CSI,273674154.24,5619300,2325469,0.411,0.4138360649903,0.464434124
2024-07-25,517120.SH,华泰柏瑞中证沪港深创新药产业ETF,20210719,中证沪港深创新药产业指数,中证沪港深创新药产业指数收益率,华泰柏瑞基金管理有限公司,上海浦东发展银行股份有限公司,股票型ETF,主题指数ETF,931409.CSI,267520334.08,12237100,5038653,0.411,0.41175221253402,0.317305345
2024-07-26,517120.SH,华泰柏瑞中证沪港深创新药产业ETF,20210719,中证沪港深创新药产业指数,中证沪港深创新药产业指数收益率,华泰柏瑞基金管理有限公司,上海浦东发展银行股份有限公司,股票型ETF,主题指数ETF,931409.CSI,268173300.48,11825000,4878726,0.412,0.41257725158562,0.316532749
2024-07-29,517120.SH,华泰柏瑞中证沪港深创新药产业ETF,20210719,中证沪港深创新药产业指数,中证沪港深创新药产业指数收益率,华泰柏瑞基金管理有限公司,上海浦东发展银行股份有限公司,股票型ETF,主题指数ETF,931409.CSI,265430841.6,6988600,2867463,0.409,0.41030578370489,0.61500615
2024-07-30,517120.SH,华泰柏瑞中证沪港深创新药产业ETF,20210719,中证沪港深创新药产业指数,中证沪港深创新药产业指数收益率,华泰柏瑞基金管理有限公司,上海浦东发展银行股份有限公司,股票型ETF,主题指数ETF,931409.CSI,264647281.92,7748600,3163327,0.408,0.4082449732855,0.666173205
2024-07-31,517120.SH,华泰柏瑞中证沪港深创新药产业ETF,20210719,中证沪港深创新药产业指数,中证沪港深创新药产业指数收益率,华泰柏瑞基金管理有限公司,上海浦东发展银行股份有限公司,股票型ETF,主题指数ETF,931409.CSI,277380126.72,12233400,5154621,0.426,0.42135636863014,0.282485876
2024-08-01,517120.SH,华泰柏瑞中证沪港深创新药产业ETF,20210719,中证沪港深创新药产业指数,中证沪港深创新药产业指数收益率,华泰柏瑞基金管理有限公司,上海浦东发展银行股份有限公司,股票型ETF,主题指数ETF,931409.CSI,275617117.44,3530500,1503629,0.424,0.42589689845631,0.450130301
2024-08-02,517120.SH,华泰柏瑞中证沪港深创新药产业ETF,20210719,中证沪港深创新药产业指数,中证沪港深创新药产业指数收益率,华泰柏瑞基金管理有限公司,上海浦东发展银行股份有限公司,股票型ETF,主题指数ETF,931409.CSI,276270083.84,7376600,3167196,0.426,0.42935715641352,0.685417159
2024-08-05,517120.SH,华泰柏瑞中证沪港深创新药产业ETF,20210719,中证沪港深创新药产业指数,中证沪港深创新药产业指数收益率,华泰柏瑞基金管理有限公司,上海浦东发展银行股份有限公司,股票型ETF,主题指数ETF,931409.CSI,276792456.96,24354700,10480175,0.423,0.43031427198857,-0.212314225
2024-08-06,517120.SH,华泰柏瑞中证沪港深创新药产业ETF,20210719,中证沪港深创新药产业指数,中证沪港深创新药产业指数收益率,华泰柏瑞基金管理有限公司,上海浦东发展银行股份有限公司,股票型ETF,主题指数ETF,931409.CSI,283060934.4,15578000,6725067,0.433,0.43170285017332,-0.115340254
2024-08-07,517120.SH,华泰柏瑞中证沪港深创新药产业ETF,20210719,中证沪港深创新药产业指数,中证沪港深创新药产业指数收益率,华泰柏瑞基金管理有限公司,上海浦东发展银行股份有限公司,股票型ETF,主题指数ETF,931409.CSI,281624408.32,8268800,3570187,0.431,0.43176603618421,-0.069557153
2024-08-08,517120.SH,华泰柏瑞中证沪港深创新药产业ETF,20210719,中证沪港深创新药产业指数,中证沪港深创新药产业指数收益率,华泰柏瑞基金管理有限公司,上海浦东发展银行股份有限公司,股票型ETF,主题指数ETF,931409.CSI,282995637.76,13211000,5726232,0.433,0.43344425100295,-0.092293493
2024-08-09,517120.SH,华泰柏瑞中证沪港深创新药产业ETF,20210719,中证沪港深创新药产业指数,中证沪港深创新药产业指数收益率,华泰柏瑞基金管理有限公司,上海浦东发展银行股份有限公司,股票型ETF,主题指数ETF,931409.CSI,280514365.44,7040800,3048637,0.43,0.43299582433814,0.09310987
2024-08-12,517120.SH,华泰柏瑞中证沪港深创新药产业ETF,20210719,中证沪港深创新药产业指数,中证沪港深创新药产业指数收益率,华泰柏瑞基金管理有限公司,上海浦东发展银行股份有限公司,股票型ETF,主题指数ETF,931409.CSI,283844494.08,10070800,4377557,0.434,0.43467817849625,-0.161030596
2024-08-13,517120.SH,华泰柏瑞中证沪港深创新药产业ETF,20210719,中证沪港深创新药产业指数,中证沪港深创新药产业指数收益率,华泰柏瑞基金管理有限公司,上海浦东发展银行股份有限公司,股票型ETF,主题指数ETF,931409.CSI,282930341.12,4378900,1892916,0.434,0.432281166503,0.161550889
2024-08-14,517120.SH,华泰柏瑞中证沪港深创新药产业ETF,20210719,中证沪港深创新药产业指数,中证沪港深创新药产业指数收益率,华泰柏瑞基金管理有限公司,上海浦东发展银行股份有限公司,股票型ETF,主题指数ETF,931409.CSI,277510720.0,9043800,3856629,0.426,0.42643899688184,0.235294118
2024-08-15,517120.SH,华泰柏瑞中证沪港深创新药产业ETF,20210719,中证沪港深创新药产业指数,中证沪港深创新药产业指数收益率,华泰柏瑞基金管理有限公司,上海浦东发展银行股份有限公司,股票型ETF,主题指数ETF,931409.CSI,280644958.72,8322500,3552084,0.43,0.42680492640433,0.046533271
2024-08-16,517120.SH,华泰柏瑞中证沪港深创新药产业ETF,20210719,中证沪港深创新药产业指数,中证沪港深创新药产业指数收益率,华泰柏瑞基金管理有限公司,上海浦东发展银行股份有限公司,股票型ETF,主题指数ETF,931409.CSI,283583307.52,2774600,1203011,0.433,0.43357997549196,-0.299332259
2024-08-19,517120.SH,华泰柏瑞中证沪港深创新药产业ETF,20210719,中证沪港深创新药产业指数,中证沪港深创新药产业指数收益率,华泰柏瑞基金管理有限公司,上海浦东发展银行股份有限公司,股票型ETF,主题指数ETF,931409.CSI,281428518.4,5810900,2516907,0.431,0.43313548675765,0
2024-08-20,517120.SH,华泰柏瑞中证沪港深创新药产业ETF,20210719,中证沪港深创新药产业指数,中证沪港深创新药产业指数收益率,华泰柏瑞基金管理有限公司,上海浦东发展银行股份有限公司,股票型ETF,主题指数ETF,931409.CSI,279012542.72,7765200,3313199,0.426,0.4266727193118,-0.3042359
2024-08-21,517120.SH,华泰柏瑞中证沪港深创新药产业ETF,20210719,中证沪港深创新药产业指数,中证沪港深创新药产业指数收益率,华泰柏瑞基金管理有限公司,上海浦东发展银行股份有限公司,股票型ETF,主题指数ETF,931409.CSI,277249533.44,5154100,2183663,0.423,0.42367493839856,-0.376825247
2024-08-22,517120.SH,华泰柏瑞中证沪港深创新药产业ETF,20210719,中证沪港深创新药产业指数,中证沪港深创新药产业指数收益率,华泰柏瑞基金管理有限公司,上海浦东发展银行股份有限公司,股票型ETF,主题指数ETF,931409.CSI,274964151.04,2958600,1241864,0.42,0.41974717771919,-0.261220613
2024-08-23,517120.SH,华泰柏瑞中证沪港深创新药产业ETF,20210719,中证沪港深创新药产业指数,中证沪港深创新药产业指数收益率,华泰柏瑞基金管理有限公司,上海浦东发展银行股份有限公司,股票型ETF,主题指数ETF,931409.CSI,271568725.76,5194900,2159854,0.415,0.41576430730139,-0.216398173
2024-08-26,517120.SH,华泰柏瑞中证沪港深创新药产业ETF,20210719,中证沪港深创新药产业指数,中证沪港深创新药产业指数收益率,华泰柏瑞基金管理有限公司,上海浦东发展银行股份有限公司,股票型ETF,主题指数ETF,931409.CSI,274702964.48,6463300,2706799,0.421,0.41879519749973,0.071309722
2024-08-27,517120.SH,华泰柏瑞中证沪港深创新药产业ETF,20210719,中证沪港深创新药产业指数,中证沪港深创新药产业指数收益率,华泰柏瑞基金管理有限公司,上海浦东发展银行股份有限公司,股票型ETF,主题指数ETF,931409.CSI,275813007.36,8309300,3496481,0.422,0.42079128205745,-0.09469697
2024-08-28,517120.SH,华泰柏瑞中证沪港深创新药产业ETF,20210719,中证沪港深创新药产业指数,中证沪港深创新药产业指数收益率,华泰柏瑞基金管理有限公司,上海浦东发展银行股份有限公司,股票型ETF,主题指数ETF,931409.CSI,275551820.8,5818300,2444687,0.421,0.42017204338037,-0.236966825
2024-08-29,517120.SH,华泰柏瑞中证沪港深创新药产业ETF,20210719,中证沪港深创新药产业指数,中证沪港深创新药产业指数收益率,华泰柏瑞基金管理有限公司,上海浦东发展银行股份有限公司,股票型ETF,主题指数ETF,931409.CSI,278620762.88,4720400,1998493,0.425,0.42337365477502,-0.398406375
2024-08-30,517120.SH,华泰柏瑞中证沪港深创新药产业ETF,20210719,中证沪港深创新药产业指数,中证沪港深创新药产业指数收益率,华泰柏瑞基金管理有限公司,上海浦东发展银行股份有限公司,股票型ETF,主题指数ETF,931409.CSI,278033093.12,10086500,4318564,0.429,0.42815287760868,0.751526538
2024-09-02,517120.SH,华泰柏瑞中证沪港深创新药产业ETF,20210719,中证沪港深创新药产业指数,中证沪港深创新药产业指数收益率,华泰柏瑞基金管理有限公司,上海浦东发展银行股份有限公司,股票型ETF,主题指数ETF,931409.CSI,273135845.12,7281900,3058267,0.418,0.41998201018965,-0.071718862
2024-09-03,517120.SH,华泰柏瑞中证沪港深创新药产业ETF,20210719,中证沪港深创新药产业指数,中证沪港深创新药产业指数收益率,华泰柏瑞基金管理有限公司,上海浦东发展银行股份有限公司,股票型ETF,主题指数ETF,931409.CSI,275551820.8,6264900,2645928,0.422,0.42234161758368,0
2024-09-04,517120.SH,华泰柏瑞中证沪港深创新药产业ETF,20210719,中证沪港深创新药产业指数,中证沪港深创新药产业指数收益率,华泰柏瑞基金管理有限公司,上海浦东发展银行股份有限公司,股票型ETF,主题指数ETF,931409.CSI,275747710.72,4334400,1822644,0.421,0.42050664451827,-0.30783803
2024-09-05,517120.SH,华泰柏瑞中证沪港深创新药产业ETF,20210719,中证沪港深创新药产业指数,中证沪港深创新药产业指数收益率,华泰柏瑞基金管理有限公司,上海浦东发展银行股份有限公司,股票型ETF,主题指数ETF,931409.CSI,277967796.48,4905500,2086309,0.425,0.42529996942208,-0.164435048
2024-09-06,517120.SH,华泰柏瑞中证沪港深创新药产业ETF,20210719,中证沪港深创新药产业指数,中证沪港深创新药产业指数收益率,华泰柏瑞基金管理有限公司,上海浦东发展银行股份有限公司,股票型ETF,主题指数ETF,931409.CSI,274833557.76,3352100,1412009,0.419,0.42123116852123,-0.451413637
2024-09-09,517120.SH,华泰柏瑞中证沪港深创新药产业ETF,20210719,中证沪港深创新药产业指数,中证沪港深创新药产业指数收益率,华泰柏瑞基金管理有限公司,上海浦东发展银行股份有限公司,股票型ETF,主题指数ETF,931409.CSI,274964151.04,7611100,3204487,0.42,0.42102810369066,-0.261220613
2024-09-10,517120.SH,华泰柏瑞中证沪港深创新药产业ETF,20210719,中证沪港深创新药产业指数,中证沪港深创新药产业指数收益率,华泰柏瑞基金管理有限公司,上海浦东发展银行股份有限公司,股票型ETF,主题指数ETF,931409.CSI,272156395.52,5978200,2480851,0.415,0.4149829380081,-0.431861804
2024-09-11,517120.SH,华泰柏瑞中证沪港深创新药产业ETF,20210719,中证沪港深创新药产业指数,中证沪港深创新药产业指数收益率,华泰柏瑞基金管理有限公司,上海浦东发展银行股份有限公司,股票型ETF,主题指数ETF,931409.CSI,278092846.08,11015300,4672387,0.425,0.42417246920193,-0.514981273
2024-09-12,517120.SH,华泰柏瑞中证沪港深创新药产业ETF,20210719,中证沪港深创新药产业指数,中证沪港深创新药产业指数收益率,华泰柏瑞基金管理有限公司,上海浦东发展银行股份有限公司,股票型ETF,主题指数ETF,931409.CSI,274249056.96,15520300,6620049,0.422,0.42654130396964,-0.44821892
2024-09-13,517120.SH,华泰柏瑞中证沪港深创新药产业ETF,20210719,中证沪港深创新药产业指数,中证沪港深创新药产业指数收益率,华泰柏瑞基金管理有限公司,上海浦东发展银行股份有限公司,股票型ETF,主题指数ETF,931409.CSI,279407809.92,31204600,13383725,0.427,0.42890230927491,0.399717846
2024-09-18,517120.SH,华泰柏瑞中证沪港深创新药产业ETF,20210719,中证沪港深创新药产业指数,中证沪港深创新药产业指数收益率,华泰柏瑞基金管理有限公司,上海浦东发展银行股份有限公司,股票型ETF,主题指数ETF,931409.CSI,281247315.84,11655700,5015433,0.431,0.43029873795654,0.67741182
2024-09-19,517120.SH,华泰柏瑞中证沪港深创新药产业ETF,20210719,中证沪港深创新药产业指数,中证沪港深创新药产业指数收益率,华泰柏瑞基金管理有限公司,上海浦东发展银行股份有限公司,股票型ETF,主题指数ETF,931409.CSI,285071095.68,17817700,7645193,0.428,0.42907855671607,-0.163284348
2024-09-20,517120.SH,华泰柏瑞中证沪港深创新药产业ETF,20210719,中证沪港深创新药产业指数,中证沪港深创新药产业指数收益率,华泰柏瑞基金管理有限公司,上海浦东发展银行股份有限公司,股票型ETF,主题指数ETF,931409.CSI,285470075.52,4305500,1831085,0.424,0.42528974567414,-1.234567901
2024-09-23,517120.SH,华泰柏瑞中证沪港深创新药产业ETF,20210719,中证沪港深创新药产业指数,中证沪港深创新药产业指数收益率,华泰柏瑞基金管理有限公司,上海浦东发展银行股份有限公司,股票型ETF,主题指数ETF,931409.CSI,282544223.36,8767900,3768295,0.424,0.42978307234343,-0.211814545
2024-09-24,517120.SH,华泰柏瑞中证沪港深创新药产业ETF,20210719,中证沪港深创新药产业指数,中证沪港深创新药产业指数收益率,华泰柏瑞基金管理有限公司,上海浦东发展银行股份有限公司,股票型ETF,主题指数ETF,931409.CSI,288262934.4,12979600,5540829,0.435,0.42688750038522,0.346020761
2024-09-25,517120.SH,华泰柏瑞中证沪港深创新药产业ETF,20210719,中证沪港深创新药产业指数,中证沪港深创新药产业指数收益率,华泰柏瑞基金管理有限公司,上海浦东发展银行股份有限公司,股票型ETF,主题指数ETF,931409.CSI,290922800.0,9336600,4112516,0.439,0.4404725488936,0.342857143
2024-09-26,517120.SH,华泰柏瑞中证沪港深创新药产业ETF,20210719,中证沪港深创新药产业指数,中证沪港深创新药产业指数收益率,华泰柏瑞基金管理有限公司,上海浦东发展银行股份有限公司,股票型ETF,主题指数ETF,931409.CSI,302160732.16,11413300,5075571,0.453,0.44470670183032,-0.308098592
2024-09-27,517120.SH,华泰柏瑞中证沪港深创新药产业ETF,20210719,中证沪港深创新药产业指数,中证沪港深创新药产业指数收益率,华泰柏瑞基金管理有限公司,上海浦东发展银行股份有限公司,股票型ETF,主题指数ETF,931409.CSI,321976730.88,12970800,6101817,0.476,0.47042719030438,-1.693515076
2024-09-30,517120.SH,华泰柏瑞中证沪港深创新药产业ETF,20210719,中证沪港深创新药产业指数,中证沪港深创新药产业指数收益率,华泰柏瑞基金管理有限公司,上海浦东发展银行股份有限公司,股票型ETF,主题指数ETF,931409.CSI,348123631.4352,55048000,28255636,0.524,0.51329087341956,-0.209483908
2024-10-08,517120.SH,华泰柏瑞中证沪港深创新药产业ETF,20210719,中证沪港深创新药产业指数,中证沪港深创新药产业指数收益率,华泰柏瑞基金管理有限公司,上海浦东发展银行股份有限公司,股票型ETF,主题指数ETF,931409.CSI,373245640.32,46134200,26084974,0.573,0.56541511503397,2.08444682
2024-10-09,517120.SH,华泰柏瑞中证沪港深创新药产业ETF,20210719,中证沪港深创新药产业指数,中证沪港深创新药产业指数收益率,华泰柏瑞基金管理有限公司,上海浦东发展银行股份有限公司,股票型ETF,主题指数ETF,931409.CSI,353891464.32,30440900,16428106,0.52,0.53967215161181,-2.585237917
2024-10-10,517120.SH,华泰柏瑞中证沪港深创新药产业ETF,20210719,中证沪港深创新药产业指数,中证沪港深创新药产业指数收益率,华泰柏瑞基金管理有限公司,上海浦东发展银行股份有限公司,股票型ETF,主题指数ETF,931409.CSI,352283437.44,31923000,17128880,0.532,0.53656861823763,-0.486344931
2024-10-11,517120.SH,华泰柏瑞中证沪港深创新药产业ETF,20210719,中证沪港深创新药产业指数,中证沪港深创新药产业指数收益率,华泰柏瑞基金管理有限公司,上海浦东发展银行股份有限公司,股票型ETF,主题指数ETF,931409.CSI,340883318.72,9289200,4776894,0.507,0.51424170003875,-1.991107674
2024-10-14,517120.SH,华泰柏瑞中证沪港深创新药产业ETF,20210719,中证沪港深创新药产业指数,中证沪港深创新药产业指数收益率,华泰柏瑞基金管理有限公司,上海浦东发展银行股份有限公司,股票型ETF,主题指数ETF,931409.CSI,336194253.12,15706900,7941455,0.514,0.50560295156906,0.136372492
2024-10-15,517120.SH,华泰柏瑞中证沪港深创新药产业ETF,20210719,中证沪港深创新药产业指数,中证沪港深创新药产业指数收益率,华泰柏瑞基金管理有限公司,上海浦东发展银行股份有限公司,股票型ETF,主题指数ETF,931409.CSI,327024723.52,9906800,5022396,0.498,0.50696450922599,-0.26036451
2024-10-16,517120.SH,华泰柏瑞中证沪港深创新药产业ETF,20210719,中证沪港深创新药产业指数,中证沪港深创新药产业指数收益率,华泰柏瑞基金管理有限公司,上海浦东发展银行股份有限公司,股票型ETF,主题指数ETF,931409.CSI,323946381.44,8374500,4139296,0.492,0.49427380739149,-0.525677315
2024-10-17,517120.SH,华泰柏瑞中证沪港深创新药产业ETF,20210719,中证沪港深创新药产业指数,中证沪港深创新药产业指数收益率,华泰柏瑞基金管理有限公司,上海浦东发展银行股份有限公司,股票型ETF,主题指数ETF,931409.CSI,322439958.72,3693400,1842240,0.493,0.49879244056966,0.142189722
2024-10-18,517120.SH,华泰柏瑞中证沪港深创新药产业ETF,20210719,中证沪港深创新药产业指数,中证沪港深创新药产业指数收益率,华泰柏瑞基金管理有限公司,上海浦东发展银行股份有限公司,股票型ETF,主题指数ETF,931409.CSI,335342796.8,12642800,6412750,0.511,0.50722545638624,-0.1953125
2024-10-21,517120.SH,华泰柏瑞中证沪港深创新药产业ETF,20210719,中证沪港深创新药产业指数,中证沪港深创新药产业指数收益率,华泰柏瑞基金管理有限公司,上海浦东发展银行股份有限公司,股票型ETF,主题指数ETF,931409.CSI,334229353.92,11551100,5895950,0.511,0.51042324973379,0.137174211
2024-10-22,517120.SH,华泰柏瑞中证沪港深创新药产业ETF,20210719,中证沪港深创新药产业指数,中证沪港深创新药产业指数收益率,华泰柏瑞基金管理有限公司,上海浦东发展银行股份有限公司,股票型ETF,主题指数ETF,931409.CSI,335670280.0,7209300,3691928,0.513,0.51210630713107,0.097560976
2024-10-23,517120.SH,华泰柏瑞中证沪港深创新药产业ETF,20210719,中证沪港深创新药产业指数,中证沪港深创新药产业指数收益率,华泰柏瑞基金管理有限公司,上海浦东发展银行股份有限公司,股票型ETF,主题指数ETF,931409.CSI,337766172.48,14467700,7439943,0.515,0.51424504240481,-0.135737832
2024-10-24,517120.SH,华泰柏瑞中证沪港深创新药产业ETF,20210719,中证沪港深创新药产业指数,中证沪港深创新药产业指数收益率,华泰柏瑞基金管理有限公司,上海浦东发展银行股份有限公司,股票型ETF,主题指数ETF,931409.CSI,331674984.96,8069300,4111348,0.506,0.5095049136852,-0.078988942
2024-10-25,517120.SH,华泰柏瑞中证沪港深创新药产业ETF,20210719,中证沪港深创新药产业指数,中证沪港深创新药产业指数收益率,华泰柏瑞基金管理有限公司,上海浦东发展银行股份有限公司,股票型ETF,主题指数ETF,931409.CSI,336473585.92,16328000,8358392,0.514,0.51190543851053,-0.252280225
2024-10-28,517120.SH,华泰柏瑞中证沪港深创新药产业ETF,20210719,中证沪港深创新药产业指数,中证沪港深创新药产业指数收益率,华泰柏瑞基金管理有限公司,上海浦东发展银行股份有限公司,股票型ETF,主题指数ETF,931409.CSI,336093952.32,11339800,5855665,0.517,0.51638168221662,0.135580089
2024-10-29,517120.SH,华泰柏瑞中证沪港深创新药产业ETF,20210719,中证沪港深创新药产业指数,中证沪港深创新药产业指数收益率,华泰柏瑞基金管理有限公司,上海浦东发展银行股份有限公司,股票型ETF,主题指数ETF,931409.CSI,333967367.36,10717800,5523071,0.511,0.51531760249305,0.215728574
2024-10-30,517120.SH,华泰柏瑞中证沪港深创新药产业ETF,20210719,中证沪港深创新药产业指数,中证沪港深创新药产业指数收益率,华泰柏瑞基金管理有限公司,上海浦东发展银行股份有限公司,股票型ETF,主题指数ETF,931409.CSI,326238763.84,7546500,3790467,0.499,0.50228145497913,0.180686609
2024-10-31,517120.SH,华泰柏瑞中证沪港深创新药产业ETF,20210719,中证沪港深创新药产业指数,中证沪港深创新药产业指数收益率,华泰柏瑞基金管理有限公司,上海浦东发展银行股份有限公司,股票型ETF,主题指数ETF,931409.CSI,322570502.4,7435100,3681525,0.495,0.49515473900822,0.814663951
2024-11-01,517120.SH,华泰柏瑞中证沪港深创新药产业ETF,20210719,中证沪港深创新药产业指数,中证沪港深创新药产业指数收益率,华泰柏瑞基金管理有限公司,上海浦东发展银行股份有限公司,股票型ETF,主题指数ETF,931409.CSI,325063275.52,11020700,5443512,0.494,0.49393523097444,0.447336316
2024-11-04,517120.SH,华泰柏瑞中证沪港深创新药产业ETF,20210719,中证沪港深创新药产业指数,中证沪港深创新药产业指数收益率,华泰柏瑞基金管理有限公司,上海浦东发展银行股份有限公司,股票型ETF,主题指数ETF,931409.CSI,330218813.44,8357300,4174719,0.5,0.49952963277614,0.080064051
2024-11-05,517120.SH,华泰柏瑞中证沪港深创新药产业ETF,20210719,中证沪港深创新药产业指数,中证沪港深创新药产业指数收益率,华泰柏瑞基金管理有限公司,上海浦东发展银行股份有限公司,股票型ETF,主题指数ETF,931409.CSI,336431897.6,11873900,5988561,0.507,0.50434659210537,-0.392927308
2024-11-06,517120.SH,华泰柏瑞中证沪港深创新药产业ETF,20210719,中证沪港深创新药产业指数,中证沪港深创新药产业指数收益率,华泰柏瑞基金管理有限公司,上海浦东发展银行股份有限公司,股票型ETF,主题指数ETF,931409.CSI,333436998.4,11791200,6000463,0.504,0.50889332722708,-0.395256917
2024-11-07,517120.SH,华泰柏瑞中证沪港深创新药产业ETF,20210719,中证沪港深创新药产业指数,中证沪港深创新药产业指数收益率,华泰柏瑞基金管理有限公司,上海浦东发展银行股份有限公司,股票型ETF,主题指数ETF,931409.CSI,339894869.12,11603400,5914855,0.515,0.50975188306876,-0.155098876
2024-11-08,517120.SH,华泰柏瑞中证沪港深创新药产业ETF,20210719,中证沪港深创新药产业指数,中证沪港深创新药产业指数收益率,华泰柏瑞基金管理有限公司,上海浦东发展银行股份有限公司,股票型ETF,主题指数ETF,931409.CSI,337522590.08,13551000,6976032,0.512,0.51479831746735,-0.039047247
2024-11-11,517120.SH,华泰柏瑞中证沪港深创新药产业ETF,20210719,中证沪港深创新药产业指数,中证沪港深创新药产业指数收益率,华泰柏瑞基金管理有限公司,上海浦东发展银行股份有限公司,股票型ETF,主题指数ETF,931409.CSI,340751525.44,11580400,5932006,0.517,0.51224534558392,-0.019338619
2024-11-12,517120.SH,华泰柏瑞中证沪港深创新药产业ETF,20210719,中证沪港深创新药产业指数,中证沪港深创新药产业指数收益率,华泰柏瑞基金管理有限公司,上海浦东发展银行股份有限公司,股票型ETF,主题指数ETF,931409.CSI,342201251.52,20722100,10856071,0.519,0.52388855376627,-0.057770075
2024-11-13,517120.SH,华泰柏瑞中证沪港深创新药产业ETF,20210719,中证沪港深创新药产业指数,中证沪港深创新药产业指数收益率,华泰柏瑞基金管理有限公司,上海浦东发展银行股份有限公司,股票型ETF,主题指数ETF,931409.CSI,339930823.68,15716000,8042308,0.51,0.5117274115551,-0.234741784
2024-11-14,517120.SH,华泰柏瑞中证沪港深创新药产业ETF,20210719,中证沪港深创新药产业指数,中证沪港深创新药产业指数收益率,华泰柏瑞基金管理有限公司,上海浦东发展银行股份有限公司,股票型ETF,主题指数ETF,931409.CSI,330953777.28,13538900,6835300,0.5,0.50486376293495,0.462125779
2024-11-15,517120.SH,华泰柏瑞中证沪港深创新药产业ETF,20210719,中证沪港深创新药产业指数,中证沪港深创新药产业指数收益率,华泰柏瑞基金管理有限公司,上海浦东发展银行股份有限公司,股票型ETF,主题指数ETF,931409.CSI,326365509.12,12586900,6234688,0.495,0.49533149544368,0.855745721
2024-11-18,517120.SH,华泰柏瑞中证沪港深创新药产业ETF,20210719,中证沪港深创新药产业指数,中证沪港深创新药产业指数收益率,华泰柏瑞基金管理有限公司,上海浦东发展银行股份有限公司,股票型ETF,主题指数ETF,931409.CSI,320912784.64,26014400,12584649,0.48,0.48375703456547,-0.538748446
2024-11-19,517120.SH,华泰柏瑞中证沪港深创新药产业ETF,20210719,中证沪港深创新药产业指数,中证沪港深创新药产业指数收益率,华泰柏瑞基金管理有限公司,上海浦东发展银行股份有限公司,股票型ETF,主题指数ETF,931409.CSI,320455360.32,5078900,2453319,0.487,0.48304140660379,0.143944067
2024-11-20,517120.SH,华泰柏瑞中证沪港深创新药产业ETF,20210719,中证沪港深创新药产业指数,中证沪港深创新药产业指数收益率,华泰柏瑞基金管理有限公司,上海浦东发展银行股份有限公司,股票型ETF,主题指数ETF,931409.CSI,328899175.68,30517000,15257577,0.503,0.49996975456303,-0.13897161
2024-11-21,517120.SH,华泰柏瑞中证沪港深创新药产业ETF,20210719,中证沪港深创新药产业指数,中证沪港深创新药产业指数收益率,华泰柏瑞基金管理有限公司,上海浦东发展银行股份有限公司,股票型ETF,主题指数ETF,931409.CSI,329928526.08,17333700,8753668,0.504,0.50500862481755,0.358422939
2024-11-22,517120.SH,华泰柏瑞中证沪港深创新药产业ETF,20210719,中证沪港深创新药产业指数,中证沪港深创新药产业指数收益率,华泰柏瑞基金管理有限公司,上海浦东发展银行股份有限公司,股票型ETF,主题指数ETF,931409.CSI,317971737.6,15333600,7569704,0.486,0.49366776229979,0.41322314
2024-11-25,517120.SH,华泰柏瑞中证沪港深创新药产业ETF,20210719,中证沪港深创新药产业指数,中证沪港深创新药产业指数收益率,华泰柏瑞基金管理有限公司,上海浦东发展银行股份有限公司,股票型ETF,主题指数ETF,931409.CSI,319088580.48,5518800,2695499,0.489,0.48842121475683,0.679431748
2024-11-26,517120.SH,华泰柏瑞中证沪港深创新药产业ETF,20210719,中证沪港深创新药产业指数,中证沪港深创新药产业指数收益率,华泰柏瑞基金管理有限公司,上海浦东发展银行股份有限公司,股票型ETF,主题指数ETF,931409.CSI,319876940.16,7329800,3592353,0.487,0.49010245845726,0.020538098
2024-11-27,517120.SH,华泰柏瑞中证沪港深创新药产业ETF,20210719,中证沪港深创新药产业指数,中证沪港深创新药产业指数收益率,华泰柏瑞基金管理有限公司,上海浦东发展银行股份有限公司,股票型ETF,主题指数ETF,931409.CSI,328877379.84,6929500,3431854,0.499,0.49525275993939,-0.31961646
2024-11-28,517120.SH,华泰柏瑞中证沪港深创新药产业ETF,20210719,中证沪港深创新药产业指数,中证沪港深创新药产业指数收益率,华泰柏瑞基金管理有限公司,上海浦东发展银行股份有限公司,股票型ETF,主题指数ETF,931409.CSI,325723941.12,7195200,3591502,0.496,0.49915249054926,0.040338846
2024-11-29,517120.SH,华泰柏瑞中证沪港深创新药产业ETF,20210719,中证沪港深创新药产业指数,中证沪港深创新药产业指数收益率,华泰柏瑞基金管理有限公司,上海浦东发展银行股份有限公司,股票型ETF,主题指数ETF,931409.CSI,330139811.84,10106500,5085853,0.503,0.5032259436996,-0.514240506
2024-12-02,517120.SH,华泰柏瑞中证沪港深创新药产业ETF,20210719,中证沪港深创新药产业指数,中证沪港深创新药产业指数收益率,华泰柏瑞基金管理有限公司,上海浦东发展银行股份有限公司,股票型ETF,主题指数ETF,931409.CSI,331968117.76,10896600,5546466,0.509,0.5090088651506,0.118017309
2024-12-03,517120.SH,华泰柏瑞中证沪港深创新药产业ETF,20210719,中证沪港深创新药产业指数,中证沪港深创新药产业指数收益率,华泰柏瑞基金管理有限公司,上海浦东发展银行股份有限公司,股票型ETF,主题指数ETF,931409.CSI,332816974.08,16025500,8155389,0.509,0.50890075192662,-0.137335688
2024-12-04,517120.SH,华泰柏瑞中证沪港深创新药产业ETF,20210719,中证沪港深创新药产业指数,中证沪港深创新药产业指数收益率,华泰柏瑞基金管理有限公司,上海浦东发展银行股份有限公司,股票型ETF,主题指数ETF,931409.CSI,328703285.76,15248000,7687402,0.503,0.50415805351522,-0.079459674
2024-12-05,517120.SH,华泰柏瑞中证沪港深创新药产业ETF,20210719,中证沪港深创新药产业指数,中证沪港深创新药产业指数收益率,华泰柏瑞基金管理有限公司,上海浦东发展银行股份有限公司,股票型ETF,主题指数ETF,931409.CSI,326222013.44,10574700,5283373,0.5,0.49962391368077,0.080064051
2024-12-06,517120.SH,华泰柏瑞中证沪港深创新药产业ETF,20210719,中证沪港深创新药产业指数,中证沪港深创新药产业指数收益率,华泰柏瑞基金管理有限公司,上海浦东发展银行股份有限公司,股票型ETF,主题指数ETF,931409.CSI,333927016.96,19445300,9918280,0.511,0.51006052876531,-0.07821666
2024-12-09,517120.SH,华泰柏瑞中证沪港深创新药产业ETF,20210719,中证沪港深创新药产业指数,中证沪港深创新药产业指数收益率,华泰柏瑞基金管理有限公司,上海浦东发展银行股份有限公司,股票型ETF,主题指数ETF,931409.CSI,339281341.44,20213100,10503903,0.52,0.51965819196462,0.076982294
2024-12-10,517120.SH,华泰柏瑞中证沪港深创新药产业ETF,20210719,中证沪港深创新药产业指数,中证沪港深创新药产业指数收益率,华泰柏瑞基金管理有限公司,上海浦东发展银行股份有限公司,股票型ETF,主题指数ETF,931409.CSI,333535237.12,20469400,10623337,0.515,0.51898624287962,0.822239624
2024-12-11,517120.SH,华泰柏瑞中证沪港深创新药产业ETF,20210719,中证沪港深创新药产业指数,中证沪港深创新药产业指数收益率,华泰柏瑞基金管理有限公司,上海浦东发展银行股份有限公司,股票型ETF,主题指数ETF,931409.CSI,332033414.4,15655900,7978788,0.51,0.50963457865725,0.294985251
2024-12-12,517120.SH,华泰柏瑞中证沪港深创新药产业ETF,20210719,中证沪港深创新药产业指数,中证沪港深创新药产业指数收益率,华泰柏瑞基金管理有限公司,上海浦东发展银行股份有限公司,股票型ETF,主题指数ETF,931409.CSI,331576337.92,12933400,6572538,0.51,0.50818330833346,0.433241434
2024-12-13,517120.SH,华泰柏瑞中证沪港深创新药产业ETF,20210719,中证沪港深创新药产业指数,中证沪港深创新药产业指数收益率,华泰柏瑞基金管理有限公司,上海浦东发展银行股份有限公司,股票型ETF,主题指数ETF,931409.CSI,325111970.56,12291200,6169375,0.501,0.50193431072637,0.622614983
2024-12-16,517120.SH,华泰柏瑞中证沪港深创新药产业ETF,20210719,中证沪港深创新药产业指数,中证沪港深创新药产业指数收益率,华泰柏瑞基金管理有限公司,上海浦东发展银行股份有限公司,股票型ETF,主题指数ETF,931409.CSI,319953536.0,16671400,8206032,0.491,0.49222212891539,0.204081633
2024-12-17,517120.SH,华泰柏瑞中证沪港深创新药产业ETF,20210719,中证沪港深创新药产业指数,中证沪港深创新药产业指数收益率,华泰柏瑞基金管理有限公司,上海浦东发展银行股份有限公司,股票型ETF,主题指数ETF,931409.CSI,318712899.84,8277100,4065358,0.49,0.4911572893888,0.389264495
2024-12-18,517120.SH,华泰柏瑞中证沪港深创新药产业ETF,20210719,中证沪港深创新药产业指数,中证沪港深创新药产业指数收益率,华泰柏瑞基金管理有限公司,上海浦东发展银行股份有限公司,股票型ETF,主题指数ETF,931409.CSI,321390062.08,11638110,5726627,0.493,0.49205816064636,0.162535555
2024-12-19,517120.SH,华泰柏瑞中证沪港深创新药产业ETF,20210719,中证沪港深创新药产业指数,中证沪港深创新药产业指数收益率,华泰柏瑞基金管理有限公司,上海浦东发展银行股份有限公司,股票型ETF,主题指数ETF,931409.CSI,319692349.44,8634800,4228224,0.491,0.48967248807152,0.285947712
2024-12-20,517120.SH,华泰柏瑞中证沪港深创新药产业ETF,20210719,中证沪港深创新药产业指数,中证沪港深创新药产业指数收益率,华泰柏瑞基金管理有限公司,上海浦东发展银行股份有限公司,股票型ETF,主题指数ETF,931409.CSI,318517009.92,6385100,3127931,0.49,0.48987971997306,0.45100451
2024-12-23,517120.SH,华泰柏瑞中证沪港深创新药产业ETF,20210719,中证沪港深创新药产业指数,中证沪港深创新药产业指数收益率,华泰柏瑞基金管理有限公司,上海浦东发展银行股份有限公司,股票型ETF,主题指数ETF,931409.CSI,316427517.44,8643300,4204088,0.486,0.48639848206125,0.28889806
2024-12-24,517120.SH,华泰柏瑞中证沪港深创新药产业ETF,20210719,中证沪港深创新药产业指数,中证沪港深创新药产业指数收益率,华泰柏瑞基金管理有限公司,上海浦东发展银行股份有限公司,股票型ETF,主题指数ETF,931409.CSI,319300569.6,7596600,3712091,0.49,0.48865163362557,0.204498978
2024-12-25,517120.SH,华泰柏瑞中证沪港深创新药产业ETF,20210719,中证沪港深创新药产业指数,中证沪港深创新药产业指数收益率,华泰柏瑞基金管理有限公司,上海浦东发展银行股份有限公司,股票型ETF,主题指数ETF,931409.CSI,318125230.08,3791000,1860805,0.489,0.49084806119757,0.369458128
2024-12-26,517120.SH,华泰柏瑞中证沪港深创新药产业ETF,20210719,中证沪港深创新药产业指数,中证沪港深创新药产业指数收益率,华泰柏瑞基金管理有限公司,上海浦东发展银行股份有限公司,股票型ETF,主题指数ETF,931409.CSI,316949890.56,3978400,1941620,0.489,0.4880404182586,0.741656366
2024-12-27,517120.SH,华泰柏瑞中证沪港深创新药产业ETF,20210719,中证沪港深创新药产业指数,中证沪港深创新药产业指数收益率,华泰柏瑞基金管理有限公司,上海浦东发展银行股份有限公司,股票型ETF,主题指数ETF,931409.CSI,316035737.6,7485100,3639482,0.485,0.48623024408492,0.20661157
2024-12-30,517120.SH,华泰柏瑞中证沪港深创新药产业ETF,20210719,中证沪港深创新药产业指数,中证沪港深创新药产业指数收益率,华泰柏瑞基金管理有限公司,上海浦东发展银行股份有限公司,股票型ETF,主题指数ETF,931409.CSI,318321120.0,8975200,4383452,0.489,0.48839602460112,0.307692308
2024-12-31,517120.SH,华泰柏瑞中证沪港深创新药产业ETF,20210719,中证沪港深创新药产业指数,中证沪港深创新药产业指数收益率,华泰柏瑞基金管理有限公司,上海浦东发展银行股份有限公司,股票型ETF,主题指数ETF,931409.CSI,314599188.3936,5787600,2806958,0.482,0.48499516207063,0.041511
2025-01-02,517120.SH,华泰柏瑞中证沪港深创新药产业ETF,20210719,中证沪港深创新药产业指数,中证沪港深创新药产业指数收益率,华泰柏瑞基金管理有限公司,上海浦东发展银行股份有限公司,股票型ETF,主题指数ETF,931409.CSI,301872724.8,11261900,5358395,0.472,0.47579848870972,0.532481363
2025-01-03,517120.SH,华泰柏瑞中证沪港深创新药产业ETF,20210719,中证沪港深创新药产业指数,中证沪港深创新药产业指数收益率,华泰柏瑞基金管理有限公司,上海浦东发展银行股份有限公司,股票型ETF,主题指数ETF,931409.CSI,299879528.96,9700400,4575598,0.468,0.4716916828172,0.343053173
2025-01-06,517120.SH,华泰柏瑞中证沪港深创新药产业ETF,20210719,中证沪港深创新药产业指数,中证沪港深创新药产业指数收益率,华泰柏瑞基金管理有限公司,上海浦东发展银行股份有限公司,股票型ETF,主题指数ETF,931409.CSI,300201012.16,5459900,2567905,0.471,0.47032088499789,0.878132362
2025-01-07,517120.SH,华泰柏瑞中证沪港深创新药产业ETF,20210719,中证沪港深创新药产业指数,中证沪港深创新药产业指数收益率,华泰柏瑞基金管理有限公司,上海浦东发展银行股份有限公司,股票型ETF,主题指数ETF,931409.CSI,296086027.2,6542100,3025259,0.463,0.46242934226013,0.542888165
2025-01-08,517120.SH,华泰柏瑞中证沪港深创新药产业ETF,20210719,中证沪港深创新药产业指数,中证沪港深创新药产业指数收益率,华泰柏瑞基金管理有限公司,上海浦东发展银行股份有限公司,股票型ETF,主题指数ETF,931409.CSI,293321271.68,3189100,1463094,0.457,0.45877959298862,0.175361683
2025-01-09,517120.SH,华泰柏瑞中证沪港深创新药产业ETF,20210719,中证沪港深创新药产业指数,中证沪港深创新药产业指数收益率,华泰柏瑞基金管理有限公司,上海浦东发展银行股份有限公司,股票型ETF,主题指数ETF,931409.CSI,294735797.76,15105700,6976509,0.461,0.46184612431069,0.567190227
2025-01-10,517120.SH,华泰柏瑞中证沪港深创新药产业ETF,20210719,中证沪港深创新药产业指数,中证沪港深创新药产业指数收益率,华泰柏瑞基金管理有限公司,上海浦东发展银行股份有限公司,股票型ETF,主题指数ETF,931409.CSI,292806898.56,7518300,3455973,0.457,0.45967479350385,0.351339482
2025-01-13,517120.SH,华泰柏瑞中证沪港深创新药产业ETF,20210719,中证沪港深创新药产业指数,中证沪港深创新药产业指数收益率,华泰柏瑞基金管理有限公司,上海浦东发展银行股份有限公司,股票型ETF,主题指数ETF,931409.CSI,292163932.16,4130300,1877496,0.457,0.45456649638041,0.572183099
2025-01-14,517120.SH,华泰柏瑞中证沪港深创新药产业ETF,20210719,中证沪港深创新药产业指数,中证沪港深创新药产业指数收益率,华泰柏瑞基金管理有限公司,上海浦东发展银行股份有限公司,股票型ETF,主题指数ETF,931409.CSI,301551241.6,7498200,3516990,0.472,0.46904457069697,0.639658849
2025-01-15,517120.SH,华泰柏瑞中证沪港深创新药产业ETF,20210719,中证沪港深创新药产业指数,中证沪港深创新药产业指数收益率,华泰柏瑞基金管理有限公司,上海浦东发展银行股份有限公司,股票型ETF,主题指数ETF,931409.CSI,299236562.56,4145500,1939169,0.467,0.46777686648173,0.343790288
2025-01-16,517120.SH,华泰柏瑞中证沪港深创新药产业ETF,20210719,中证沪港深创新药产业指数,中证沪港深创新药产业指数收益率,华泰柏瑞基金管理有限公司,上海浦东发展银行股份有限公司,股票型ETF,主题指数ETF,931409.CSI,298722189.44,2940500,1388613,0.469,0.47223703451794,0.947051227
2025-01-17,517120.SH,华泰柏瑞中证沪港深创新药产业ETF,20210719,中证沪港深创新药产业指数,中证沪港深创新药产业指数收益率,华泰柏瑞基金管理有限公司,上海浦东发展银行股份有限公司,股票型ETF,主题指数ETF,931409.CSI,301294055.04,7855300,3705725,0.473,0.47174837370947,0.938967136
2025-01-20,517120.SH,华泰柏瑞中证沪港深创新药产业ETF,20210719,中证沪港深创新药产业指数,中证沪港深创新药产业指数收益率,华泰柏瑞基金管理有限公司,上海浦东发展银行股份有限公司,股票型ETF,主题指数ETF,931409.CSI,308109498.88,9087100,4386479,0.482,0.48271494756303,0.584307179
2025-01-21,517120.SH,华泰柏瑞中证沪港深创新药产业ETF,20210719,中证沪港深创新药产业指数,中证沪港深创新药产业指数收益率,华泰柏瑞基金管理有限公司,上海浦东发展银行股份有限公司,股票型ETF,主题指数ETF,931409.CSI,307337939.2,6039700,2894389,0.48,0.47922727950064,0.418410042
2025-01-22,517120.SH,华泰柏瑞中证沪港深创新药产业ETF,20210719,中证沪港深创新药产业指数,中证沪港深创新药产业指数收益率,华泰柏瑞基金管理有限公司,上海浦东发展银行股份有限公司,股票型ETF,主题指数ETF,931409.CSI,306759269.44,3765300,1797945,0.477,0.477503784559,-0.020959966
2025-01-23,517120.SH,华泰柏瑞中证沪港深创新药产业ETF,20210719,中证沪港深创新药产业指数,中证沪港深创新药产业指数收益率,华泰柏瑞基金管理有限公司,上海浦东发展银行股份有限公司,股票型ETF,主题指数ETF,931409.CSI,305344743.36,3581100,1716370,0.476,0.47928569433973,0.231627711
2025-01-24,517120.SH,华泰柏瑞中证沪港深创新药产业ETF,20210719,中证沪港深创新药产业指数,中证沪港深创新药产业指数收益率,华泰柏瑞基金管理有限公司,上海浦东发展银行股份有限公司,股票型ETF,主题指数ETF,931409.CSI,308302388.8,2760700,1330306,0.48,0.48187271344224,0.104275287
2025-01-27,517120.SH,华泰柏瑞中证沪港深创新药产业ETF,20210719,中证沪港深创新药产业指数,中证沪港深创新药产业指数收益率,华泰柏瑞基金管理有限公司,上海浦东发展银行股份有限公司,股票型ETF,主题指数ETF,931409.CSI,308497128.32,12494400,6040477,0.482,0.48345474772698,0.145439435
2025-02-05,517120.SH,华泰柏瑞中证沪港深创新药产业ETF,20210719,中证沪港深创新药产业指数,中证沪港深创新药产业指数收益率,华泰柏瑞基金管理有限公司,上海浦东发展银行股份有限公司,股票型ETF,主题指数ETF,931409.CSI,311381477.12,6254300,3044174,0.487,0.48673296771821,0.247015233
2025-02-06,517120.SH,华泰柏瑞中证沪港深创新药产业ETF,20210719,中证沪港深创新药产业指数,中证沪港深创新药产业指数收益率,华泰柏瑞基金管理有限公司,上海浦东发展银行股份有限公司,股票型ETF,主题指数ETF,931409.CSI,318880784.0,25797800,12725119,0.498,0.49326372791478,0.100502513
2025-02-07,517120.SH,华泰柏瑞中证沪港深创新药产业ETF,20210719,中证沪港深创新药产业指数,中证沪港深创新药产业指数收益率,华泰柏瑞基金管理有限公司,上海浦东发展银行股份有限公司,股票型ETF,主题指数ETF,931409.CSI,320162716.8,13734500,6876787,0.501,0.50069438275875,0.3003003
2025-02-10,517120.SH,华泰柏瑞中证沪港深创新药产业ETF,20210719,中证沪港深创新药产业指数,中证沪港深创新药产业指数收益率,华泰柏瑞基金管理有限公司,上海浦东发展银行股份有限公司,股票型ETF,主题指数ETF,931409.CSI,322277905.92,9007900,4523346,0.503,0.50215322106151,0.039777247
2025-02-11,517120.SH,华泰柏瑞中证沪港深创新药产业ETF,20210719,中证沪港深创新药产业指数,中证沪港深创新药产业指数收益率,华泰柏瑞基金管理有限公司,上海浦东发展银行股份有限公司,股票型ETF,主题指数ETF,931409.CSI,317086078.08,9880300,4925933,0.499,0.49856107608069,0.869213665
2025-02-12,517120.SH,华泰柏瑞中证沪港深创新药产业ETF,20210719,中证沪港深创新药产业指数,中证沪港深创新药产业指数收益率,华泰柏瑞基金管理有限公司,上海浦东发展银行股份有限公司,股票型ETF,主题指数ETF,931409.CSI,317278368.0,6740400,3328995,0.497,0.49388686131387,0.404040404
2025-02-13,517120.SH,华泰柏瑞中证沪港深创新药产业ETF,20210719,中证沪港深创新药产业指数,中证沪港深创新药产业指数收益率,华泰柏瑞基金管理有限公司,上海浦东发展银行股份有限公司,股票型ETF,主题指数ETF,931409.CSI,314073536.0,10629000,5291966,0.495,0.49787995107724,1.020408163
2025-02-14,517120.SH,华泰柏瑞中证沪港深创新药产业ETF,20210719,中证沪港深创新药产业指数,中证沪港深创新药产业指数收益率,华泰柏瑞基金管理有限公司,上海浦东发展银行股份有限公司,股票型ETF,主题指数ETF,931409.CSI,326700574.08,22178400,11217077,0.509,0.50576583522707,-0.137335688
2025-02-17,517120.SH,华泰柏瑞中证沪港深创新药产业ETF,20210719,中证沪港深创新药产业指数,中证沪港深创新药产业指数收益率,华泰柏瑞基金管理有限公司,上海浦东发展银行股份有限公司,股票型ETF,主题指数ETF,931409.CSI,329456729.6,9801300,5054555,0.517,0.51570250885087,0.583657588
2025-02-18,517120.SH,华泰柏瑞中证沪港深创新药产业ETF,20210719,中证沪港深创新药产业指数,中证沪港深创新药产业指数收益率,华泰柏瑞基金管理有限公司,上海浦东发展银行股份有限公司,股票型ETF,主题指数ETF,931409.CSI,328559376.64,6238700,3205234,0.511,0.51376632952378,-0.312134218
2025-02-19,517120.SH,华泰柏瑞中证沪港深创新药产业ETF,20210719,中证沪港深创新药产业指数,中证沪港深创新药产业指数收益率,华泰柏瑞基金管理有限公司,上海浦东发展银行股份有限公司,股票型ETF,主题指数ETF,931409.CSI,330289985.92,9579100,4958923,0.516,0.51768151496487,0.135843198
2025-02-20,517120.SH,华泰柏瑞中证沪港深创新药产业ETF,20210719,中证沪港深创新药产业指数,中证沪港深创新药产业指数收益率,华泰柏瑞基金管理有限公司,上海浦东发展银行股份有限公司,股票型ETF,主题指数ETF,931409.CSI,330437103.68,12981100,6818519,0.525,0.52526511620741,0.248233722
2025-02-21,517120.SH,华泰柏瑞中证沪港深创新药产业ETF,20210719,中证沪港深创新药产业指数,中证沪港深创新药产业指数收益率,华泰柏瑞基金管理有限公司,上海浦东发展银行股份有限公司,股票型ETF,主题指数ETF,931409.CSI,341011807.36,21024300,11347327,0.546,0.53972436656631,-0.255754476
2025-02-24,517120.SH,华泰柏瑞中证沪港深创新药产业ETF,20210719,中证沪港深创新药产业指数,中证沪港深创新药产业指数收益率,华泰柏瑞基金管理有限公司,上海浦东发展银行股份有限公司,股票型ETF,主题指数ETF,931409.CSI,333162430.72,21220200,11438868,0.535,0.53905561681794,0.037397158
2025-02-25,517120.SH,华泰柏瑞中证沪港深创新药产业ETF,20210719,中证沪港深创新药产业指数,中证沪港深创新药产业指数收益率,华泰柏瑞基金管理有限公司,上海浦东发展银行股份有限公司,股票型ETF,主题指数ETF,931409.CSI,327547461.76,16824300,8942975,0.531,0.53155108979274,0.018835939
2025-02-26,517120.SH,华泰柏瑞中证沪港深创新药产业ETF,20210719,中证沪港深创新药产业指数,中证沪港深创新药产业指数收益率,华泰柏瑞基金管理有限公司,上海浦东发展银行股份有限公司,股票型ETF,主题指数ETF,931409.CSI,328733002.24,27174100,14674539,0.548,0.54001931986708,1.1816839
2025-02-27,517120.SH,华泰柏瑞中证沪港深创新药产业ETF,20210719,中证沪港深创新药产业指数,中证沪港深创新药产业指数收益率,华泰柏瑞基金管理有限公司,上海浦东发展银行股份有限公司,股票型ETF,主题指数ETF,931409.CSI,328854395.52,10658800,5759864,0.542,0.54038578451608,0.03691399
2025-02-28,517120.SH,华泰柏瑞中证沪港深创新药产业ETF,20210719,中证沪港深创新药产业指数,中证沪港深创新药产业指数收益率,华泰柏瑞基金管理有限公司,上海浦东发展银行股份有限公司,股票型ETF,主题指数ETF,931409.CSI,320599652.48,10385300,5534026,0.528,0.53287107738823,-0.037864445
2025-03-03,517120.SH,华泰柏瑞中证沪港深创新药产业ETF,20210719,中证沪港深创新药产业指数,中证沪港深创新药产业指数收益率,华泰柏瑞基金管理有限公司,上海浦东发展银行股份有限公司,股票型ETF,主题指数ETF,931409.CSI,318778753.28,5700500,3013572,0.525,0.52865046925708,-0.038080731
2025-03-04,517120.SH,华泰柏瑞中证沪港深创新药产业ETF,20210719,中证沪港深创新药产业指数,中证沪港深创新药产业指数收益率,华泰柏瑞基金管理有限公司,上海浦东发展银行股份有限公司,股票型ETF,主题指数ETF,931409.CSI,317261337.28,15211300,7944287,0.524,0.52226219981198,0.248708628
2025-03-05,517120.SH,华泰柏瑞中证沪港深创新药产业ETF,20210719,中证沪港深创新药产业指数,中证沪港深创新药产业指数收益率,华泰柏瑞基金管理有限公司,上海浦东发展银行股份有限公司,股票型ETF,主题指数ETF,931409.CSI,318718056.64,7964100,4171907,0.525,0.5238391029746,-0.019043992
2025-03-06,517120.SH,华泰柏瑞中证沪港深创新药产业ETF,20210719,中证沪港深创新药产业指数,中证沪港深创新药产业指数收益率,华泰柏瑞基金管理有限公司,上海浦东发展银行股份有限公司,股票型ETF,主题指数ETF,931409.CSI,323027518.08,28142900,15005623,0.534,0.5331939139179,0.338218715
2025-03-07,517120.SH,华泰柏瑞中证沪港深创新药产业ETF,20210719,中证沪港深创新药产业指数,中证沪港深创新药产业指数收益率,华泰柏瑞基金管理有限公司,上海浦东发展银行股份有限公司,股票型ETF,主题指数ETF,931409.CSI,320721045.76,8542700,4548425,0.53,0.53243412504243,0.302800908
2025-03-10,517120.SH,华泰柏瑞中证沪港深创新药产业ETF,20210719,中证沪港深创新药产业指数,中证沪港深创新药产业指数收益率,华泰柏瑞基金管理有限公司,上海浦东发展银行股份有限公司,股票型ETF,主题指数ETF,931409.CSI,316957854.08,5893500,3094696,0.524,0.5251032493425,0.344695519
2025-03-11,517120.SH,华泰柏瑞中证沪港深创新药产业ETF,20210719,中证沪港深创新药产业指数,中证沪港深创新药产业指数收益率,华泰柏瑞基金管理有限公司,上海浦东发展银行股份有限公司,股票型ETF,主题指数ETF,931409.CSI,317883886.08,23879600,12489832,0.526,0.52303355165078,-0.227617602
2025-03-12,517120.SH,华泰柏瑞中证沪港深创新药产业ETF,20210719,中证沪港深创新药产业指数,中证沪港深创新药产业指数收益率,华泰柏瑞基金管理有限公司,上海浦东发展银行股份有限公司,股票型ETF,主题指数ETF,931409.CSI,311855247.36,18853800,9892558,0.523,0.52469836319469,0.114854518
2025-03-13,517120.SH,华泰柏瑞中证沪港深创新药产业ETF,20210719,中证沪港深创新药产业指数,中证沪港深创新药产业指数收益率,华泰柏瑞基金管理有限公司,上海浦东发展银行股份有限公司,股票型ETF,主题指数ETF,931409.CSI,311079191.04,9735400,5062773,0.521,0.52003749203936,-0.019190175
2025-03-14,517120.SH,华泰柏瑞中证沪港深创新药产业ETF,20210719,中证沪港深创新药产业指数,中证沪港深创新药产业指数收益率,华泰柏瑞基金管理有限公司,上海浦东发展银行股份有限公司,股票型ETF,主题指数ETF,931409.CSI,315435743.36,76849200,40920422,0.536,0.53247687679247,-0.260513584
2025-03-17,517120.SH,华泰柏瑞中证沪港深创新药产业ETF,20210719,中证沪港深创新药产业指数,中证沪港深创新药产业指数收益率,华泰柏瑞基金管理有限公司,上海浦东发展银行股份有限公司,股票型ETF,主题指数ETF,931409.CSI,310234833.28,19072300,10260026,0.537,0.53795431070191,-0.130184118
2025-03-18,517120.SH,华泰柏瑞中证沪港深创新药产业ETF,20210719,中证沪港深创新药产业指数,中证沪港深创新药产业指数收益率,华泰柏瑞基金管理有限公司,上海浦东发展银行股份有限公司,股票型ETF,主题指数ETF,931409.CSI,314069452.8,23539100,13019059,0.551,0.55308227587291,-0.18115942
2025-03-19,517120.SH,华泰柏瑞中证沪港深创新药产业ETF,20210719,中证沪港深创新药产业指数,中证沪港深创新药产业指数收益率,华泰柏瑞基金管理有限公司,上海浦东发展银行股份有限公司,股票型ETF,主题指数ETF,931409.CSI,315491868.8,10670600,5921169,0.555,0.55490497254138,0.090171326
2025-03-20,517120.SH,华泰柏瑞中证沪港深创新药产业ETF,20210719,中证沪港深创新药产业指数,中证沪港深创新药产业指数收益率,华泰柏瑞基金管理有限公司,上海浦东发展银行股份有限公司,股票型ETF,主题指数ETF,931409.CSI,311883385.6,20451900,11362169,0.555,0.55555566964439,0.180505415
2025-03-21,517120.SH,华泰柏瑞中证沪港深创新药产业ETF,20210719,中证沪港深创新药产业指数,中证沪港深创新药产业指数收益率,华泰柏瑞基金管理有限公司,上海浦东发展银行股份有限公司,股票型ETF,主题指数ETF,931409.CSI,301059303.04,16247300,8790744,0.537,0.54105876053252,-0.297066469
2025-03-24,517120.SH,华泰柏瑞中证沪港深创新药产业ETF,20210719,中证沪港深创新药产业指数,中证沪港深创新药产业指数收益率,华泰柏瑞基金管理有限公司,上海浦东发展银行股份有限公司,股票型ETF,主题指数ETF,931409.CSI,299158817.28,10360100,5558517,0.537,0.5365312110887,0.33632287
2025-03-25,517120.SH,华泰柏瑞中证沪港深创新药产业ETF,20210719,中证沪港深创新药产业指数,中证沪港深创新药产业指数收益率,华泰柏瑞基金管理有限公司,上海浦东发展银行股份有限公司,股票型ETF,主题指数ETF,931409.CSI,298264471.04,3270200,1747781,0.534,0.53445691395022,0.074962519
2025-03-26,517120.SH,华泰柏瑞中证沪港深创新药产业ETF,20210719,中证沪港深创新药产业指数,中证沪港深创新药产业指数收益率,华泰柏瑞基金管理有限公司,上海浦东发展银行股份有限公司,股票型ETF,主题指数ETF,931409.CSI,295173464.32,13689200,7301553,0.534,0.53338054816936,0.037467216
2025-03-27,517120.SH,华泰柏瑞中证沪港深创新药产业ETF,20210719,中证沪港深创新药产业指数,中证沪港深创新药产业指数收益率,华泰柏瑞基金管理有限公司,上海浦东发展银行股份有限公司,股票型ETF,主题指数ETF,931409.CSI,302866657.92,16763700,9260947,0.556,0.55244051134296,-0.322696307
2025-03-28,517120.SH,华泰柏瑞中证沪港深创新药产业ETF,20210719,中证沪港深创新药产业指数,中证沪港深创新药产业指数收益率,华泰柏瑞基金管理有限公司,上海浦东发展银行股份有限公司,股票型ETF,主题指数ETF,931409.CSI,300647487.36,25011900,14172478,0.559,0.5666294044035,-0.16074299
2025-03-31,517120.SH,华泰柏瑞中证沪港深创新药产业ETF,20210719,中证沪港深创新药产业指数,中证沪港深创新药产业指数收益率,华泰柏瑞基金管理有限公司,上海浦东发展银行股份有限公司,股票型ETF,主题指数ETF,931409.CSI,300271584.0384,14171300,7907499,0.558,0.55799390317049,-0.214592275
2025-04-01,517120.SH,华泰柏瑞中证沪港深创新药产业ETF,20210719,中证沪港深创新药产业指数,中证沪港深创新药产业指数收益率,华泰柏瑞基金管理有限公司,上海浦东发展银行股份有限公司,股票型ETF,主题指数ETF,931409.CSI,310708485.12,42774600,25131263,0.585,0.58752771504585,0.723140496
2025-04-02,517120.SH,华泰柏瑞中证沪港深创新药产业ETF,20210719,中证沪港深创新药产业指数,中证沪港深创新药产业指数收益率,华泰柏瑞基金管理有限公司,上海浦东发展银行股份有限公司,股票型ETF,主题指数ETF,931409.CSI,307231203.52,12247100,7063830,0.575,0.57677572649852,0.121887515
2025-04-03,517120.SH,华泰柏瑞中证沪港深创新药产业ETF,20210719,中证沪港深创新药产业指数,中证沪港深创新药产业指数收益率,华泰柏瑞基金管理有限公司,上海浦东发展银行股份有限公司,股票型ETF,主题指数ETF,931409.CSI,303967908.48,14615000,8362355,0.568,0.57217618884707,-0.035198874
2025-04-07,517120.SH,华泰柏瑞中证沪港深创新药产业ETF,20210719,中证沪港深创新药产业指数,中证沪港深创新药产业指数收益率,华泰柏瑞基金管理有限公司,上海浦东发展银行股份有限公司,股票型ETF,主题指数ETF,931409.CSI,265315098.24,19807400,10249688,0.511,0.51746761311429,3.420360251
2025-04-08,517120.SH,华泰柏瑞中证沪港深创新药产业ETF,20210719,中证沪港深创新药产业指数,中证沪港深创新药产业指数收益率,华泰柏瑞基金管理有限公司,上海浦东发展银行股份有限公司,股票型ETF,主题指数ETF,931409.CSI,262949197.44,37767500,18630277,0.496,0.4932885946912,-0.221283444
2025-04-09,517120.SH,华泰柏瑞中证沪港深创新药产业ETF,20210719,中证沪港深创新药产业指数,中证沪港深创新药产业指数收益率,华泰柏瑞基金管理有限公司,上海浦东发展银行股份有限公司,股票型ETF,主题指数ETF,931409.CSI,262526024.32,16648664,8045094,0.494,0.48322760312779,-0.463429377
2025-04-10,517120.SH,华泰柏瑞中证沪港深创新药产业ETF,20210719,中证沪港深创新药产业指数,中证沪港深创新药产业指数收益率,华泰柏瑞基金管理有限公司,上海浦东发展银行股份有限公司,股票型ETF,主题指数ETF,931409.CSI,266367951.36,14784800,7566453,0.508,0.51177242844002,0.118249901
2025-04-11,517120.SH,华泰柏瑞中证沪港深创新药产业ETF,20210719,中证沪港深创新药产业指数,中证沪港深创新药产业指数收益率,华泰柏瑞基金管理有限公司,上海浦东发展银行股份有限公司,股票型ETF,主题指数ETF,931409.CSI,269032181.76,14433736,7439426,0.519,0.5154192926904,0.115740741
2025-04-14,517120.SH,华泰柏瑞中证沪港深创新药产业ETF,20210719,中证沪港深创新药产业指数,中证沪港深创新药产业指数收益率,华泰柏瑞基金管理有限公司,上海浦东发展银行股份有限公司,股票型ETF,主题指数ETF,931409.CSI,276505297.92,12697600,6781186,0.535,0.53405257686492,0.412912913
2025-04-15,517120.SH,华泰柏瑞中证沪港深创新药产业ETF,20210719,中证沪港深创新药产业指数,中证沪港深创新药产业指数收益率,华泰柏瑞基金管理有限公司,上海浦东发展银行股份有限公司,股票型ETF,主题指数ETF,931409.CSI,274481328.96,8669000,4598522,0.532,0.53045587726381,0.58612214
2025-04-16,517120.SH,华泰柏瑞中证沪港深创新药产业ETF,20210719,中证沪港深创新药产业指数,中证沪港深创新药产业指数收益率,华泰柏瑞基金管理有限公司,上海浦东发展银行股份有限公司,股票型ETF,主题指数ETF,931409.CSI,269966321.28,13784800,7152962,0.521,0.5189021240787,0.153787005
2025-04-17,517120.SH,华泰柏瑞中证沪港深创新药产业ETF,20210719,中证沪港深创新药产业指数,中证沪港深创新药产业指数收益率,华泰柏瑞基金管理有限公司,上海浦东发展银行股份有限公司,股票型ETF,主题指数ETF,931409.CSI,270122011.2,8977000,4671871,0.521,0.52042675726858,0.096061479
2025-04-18,517120.SH,华泰柏瑞中证沪港深创新药产业ETF,20210719,中证沪港深创新药产业指数,中证沪港深创新药产业指数收益率,华泰柏瑞基金管理有限公司,上海浦东发展银行股份有限公司,股票型ETF,主题指数ETF,931409.CSI,269654941.44,4537700,2359600,0.521,0.51999911849615,0.269438029
2025-04-21,517120.SH,华泰柏瑞中证沪港深创新药产业ETF,20210719,中证沪港深创新药产业指数,中证沪港深创新药产业指数收益率,华泰柏瑞基金管理有限公司,上海浦东发展银行股份有限公司,股票型ETF,主题指数ETF,931409.CSI,272353566.72,5399600,2825699,0.526,0.52331635676717,0.228658537
2025-04-22,517120.SH,华泰柏瑞中证沪港深创新药产业ETF,20210719,中证沪港深创新药产业指数,中证沪港深创新药产业指数收益率,华泰柏瑞基金管理有限公司,上海浦东发展银行股份有限公司,股票型ETF,主题指数ETF,931409.CSI,280609361.92,15379700,8323459,0.543,0.54119774768038,0.036845984
2025-04-23,517120.SH,华泰柏瑞中证沪港深创新药产业ETF,20210719,中证沪港深创新药产业指数,中证沪港深创新药产业指数收益率,华泰柏瑞基金管理有限公司,上海浦东发展银行股份有限公司,股票型ETF,主题指数ETF,931409.CSI,282160261.12,11296500,6208978,0.548,0.54963732129421,0.403078051
2025-04-24,517120.SH,华泰柏瑞中证沪港深创新药产业ETF,20210719,中证沪港深创新药产业指数,中证沪港深创新药产业指数收益率,华泰柏瑞基金管理有限公司,上海浦东发展银行股份有限公司,股票型ETF,主题指数ETF,931409.CSI,285417149.44,6570500,3644318,0.551,0.55464850468001,-0.199239268
2025-04-25,517120.SH,华泰柏瑞中证沪港深创新药产业ETF,20210719,中证沪港深创新药产业指数,中证沪港深创新药产业指数收益率,华泰柏瑞基金管理有限公司,上海浦东发展银行股份有限公司,股票型ETF,主题指数ETF,931409.CSI,282047097.28,10467400,5754137,0.548,0.54971979670214,0.054774512
2025-04-28,517120.SH,华泰柏瑞中证沪港深创新药产业ETF,20210719,中证沪港深创新药产业指数,中证沪港深创新药产业指数收益率,华泰柏瑞基金管理有限公司,上海浦东发展银行股份有限公司,股票型ETF,主题指数ETF,931409.CSI,276928618.24,11689800,6320318,0.544,0.54066947253161,-0.018378974
2025-04-29,517120.SH,华泰柏瑞中证沪港深创新药产业ETF,20210719,中证沪港深创新药产业指数,中证沪港深创新药产业指数收益率,华泰柏瑞基金管理有限公司,上海浦东发展银行股份有限公司,股票型ETF,主题指数ETF,931409.CSI,278964483.84,5246400,2898511,0.552,0.55247617413846,0.711548987
2025-04-30,517120.SH,华泰柏瑞中证沪港深创新药产业ETF,20210719,中证沪港深创新药产业指数,中证沪港深创新药产业指数收益率,华泰柏瑞基金管理有限公司,上海浦东发展银行股份有限公司,股票型ETF,主题指数ETF,931409.CSI,282069178.88,5652600,3128754,0.556,0.55350705869865,0.324792494
2025-05-06,517120.SH,华泰柏瑞中证沪港深创新药产业ETF,20210719,中证沪港深创新药产业指数,中证沪港深创新药产业指数收益率,华泰柏瑞基金管理有限公司,上海浦东发展银行股份有限公司,股票型ETF,主题指数ETF,931409.CSI,284148415.04,4016200,2238223,0.558,0.55729869030427,0.341665168
2025-05-07,517120.SH,华泰柏瑞中证沪港深创新药产业ETF,20210719,中证沪港深创新药产业指数,中证沪港深创新药产业指数收益率,华泰柏瑞基金管理有限公司,上海浦东发展银行股份有限公司,股票型ETF,主题指数ETF,931409.CSI,274573002.24,15848900,8651200,0.544,0.54585491737597,0.443131462
2025-05-08,517120.SH,华泰柏瑞中证沪港深创新药产业ETF,20210719,中证沪港深创新药产业指数,中证沪港深创新药产业指数收益率,华泰柏瑞基金管理有限公司,上海浦东发展银行股份有限公司,股票型ETF,主题指数ETF,931409.CSI,276368755.2,7229000,3924953,0.543,0.54294549730253,0
2025-05-09,517120.SH,华泰柏瑞中证沪港深创新药产业ETF,20210719,中证沪港深创新药产业指数,中证沪港深创新药产业指数收益率,华泰柏瑞基金管理有限公司,上海浦东发展银行股份有限公司,股票型ETF,主题指数ETF,931409.CSI,277386688.0,8737400,4772518,0.547,0.54621718131252,0.366972477
2025-05-12,517120.SH,华泰柏瑞中证沪港深创新药产业ETF,20210719,中证沪港深创新药产业指数,中证沪港深创新药产业指数收益率,华泰柏瑞基金管理有限公司,上海浦东发展银行股份有限公司,股票型ETF,主题指数ETF,931409.CSI,273344165.12,16823100,8944399,0.532,0.53167365111068,0.226073851
2025-05-13,517120.SH,华泰柏瑞中证沪港深创新药产业ETF,20210719,中证沪港深创新药产业指数,中证沪港深创新药产业指数收益率,华泰柏瑞基金管理有限公司,上海浦东发展银行股份有限公司,股票型ETF,主题指数ETF,931409.CSI,276433963.52,8739600,4695149,0.537,0.53722698979358,0.037257824
2025-05-14,517120.SH,华泰柏瑞中证沪港深创新药产业ETF,20210719,中证沪港深创新药产业指数,中证沪港深创新药产业指数收益率,华泰柏瑞基金管理有限公司,上海浦东发展银行股份有限公司,股票型ETF,主题指数ETF,931409.CSI,279214782.08,10084100,5431053,0.541,0.53857587687548,-0.221320546
2025-05-15,517120.SH,华泰柏瑞中证沪港深创新药产业ETF,20210719,中证沪港深创新药产业指数,中证沪港深创新药产业指数收益率,华泰柏瑞基金管理有限公司,上海浦东发展银行股份有限公司,股票型ETF,主题指数ETF,931409.CSI,276943788.8,25664900,13888003,0.541,0.54112827246551,-0.184501845
2025-05-16,517120.SH,华泰柏瑞中证沪港深创新药产业ETF,20210719,中证沪港深创新药产业指数,中证沪港深创新药产业指数收益率,华泰柏瑞基金管理有限公司,上海浦东发展银行股份有限公司,股票型ETF,主题指数ETF,931409.CSI,277868283.84,7488100,4083046,0.548,0.54527129712477,-0.018244846
2025-05-19,517120.SH,华泰柏瑞中证沪港深创新药产业ETF,20210719,中证沪港深创新药产业指数,中证沪港深创新药产业指数收益率,华泰柏瑞基金管理有限公司,上海浦东发展银行股份有限公司,股票型ETF,主题指数ETF,931409.CSI,276380036.8,18279900,9982382,0.548,0.5460851536387,-0.272975432
2025-05-20,517120.SH,华泰柏瑞中证沪港深创新药产业ETF,20210719,中证沪港深创新药产业指数,中证沪港深创新药产业指数收益率,华泰柏瑞基金管理有限公司,上海浦东发展银行股份有限公司,股票型ETF,主题指数ETF,931409.CSI,278319606.72,16734600,9367958,0.562,0.55979575251276,-0.053352303
2025-05-21,517120.SH,华泰柏瑞中证沪港深创新药产业ETF,20210719,中证沪港深创新药产业指数,中证沪港深创新药产业指数收益率,华泰柏瑞基金管理有限公司,上海浦东发展银行股份有限公司,股票型ETF,主题指数ETF,931409.CSI,279542090.88,17702900,10127776,0.573,0.57209700105632,0.227391989
2025-05-22,517120.SH,华泰柏瑞中证沪港深创新药产业ETF,20210719,中证沪港深创新药产业指数,中证沪港深创新药产业指数收益率,华泰柏瑞基金管理有限公司,上海浦东发展银行股份有限公司,股票型ETF,主题指数ETF,931409.CSI,278515261.44,7423500,4216484,0.568,0.56799137872971,-0.280898876
2025-05-23,517120.SH,华泰柏瑞中证沪港深创新药产业ETF,20210719,中证沪港深创新药产业指数,中证沪港深创新药产业指数收益率,华泰柏瑞基金管理有限公司,上海浦东发展银行股份有限公司,股票型ETF,主题指数ETF,931409.CSI,275064684.16,16015800,9245072,0.57,0.57724696861849,-0.332225914
2025-05-26,517120.SH,华泰柏瑞中证沪港深创新药产业ETF,20210719,中证沪港深创新药产业指数,中证沪港深创新药产业指数收益率,华泰柏瑞基金管理有限公司,上海浦东发展银行股份有限公司,股票型ETF,主题指数ETF,931409.CSI,269918343.68,6516700,3675424,0.56,0.56400079794988,-0.213827512
2025-05-27,517120.SH,华泰柏瑞中证沪港深创新药产业ETF,20210719,中证沪港深创新药产业指数,中证沪港深创新药产业指数收益率,华泰柏瑞基金管理有限公司,上海浦东发展银行股份有限公司,股票型ETF,主题指数ETF,931409.CSI,275112780.8,7352100,4192422,0.571,0.57023462684131,-0.174825175
2025-05-28,517120.SH,华泰柏瑞中证沪港深创新药产业ETF,20210719,中证沪港深创新药产业指数,中证沪港深创新药产业指数收益率,华泰柏瑞基金管理有限公司,上海浦东发展银行股份有限公司,股票型ETF,主题指数ETF,931409.CSI,273621784.96,5686400,3234404,0.568,0.56879642656162,-0.158200035
2025-05-29,517120.SH,华泰柏瑞中证沪港深创新药产业ETF,20210719,中证沪港深创新药产业指数,中证沪港深创新药产业指数收益率,华泰柏瑞基金管理有限公司,上海浦东发展银行股份有限公司,股票型ETF,主题指数ETF,931409.CSI,280420162.56,18411300,10730420,0.587,0.58281707429676,-0.575880759
2025-05-30,517120.SH,华泰柏瑞中证沪港深创新药产业ETF,20210719,中证沪港深创新药产业指数,中证沪港深创新药产业指数收益率,华泰柏瑞基金管理有限公司,上海浦东发展银行股份有限公司,股票型ETF,主题指数ETF,931409.CSI,277815695.36,14148400,8366044,0.59,0.59130672019451,-0.405131668
2025-06-03,517120.SH,华泰柏瑞中证沪港深创新药产业ETF,20210719,中证沪港深创新药产业指数,中证沪港深创新药产业指数收益率,华泰柏瑞基金管理有限公司,上海浦东发展银行股份有限公司,股票型ETF,主题指数ETF,931409.CSI,279738457.6,10989100,6506335,0.593,0.59207168921932,-0.586756077
2025-06-04,517120.SH,华泰柏瑞中证沪港深创新药产业ETF,20210719,中证沪港深创新药产业指数,中证沪港深创新药产业指数收益率,华泰柏瑞基金管理有限公司,上海浦东发展银行股份有限公司,股票型ETF,主题指数ETF,931409.CSI,285783436.8,17976400,10938685,0.61,0.60850253665918,-0.326797386
2025-06-05,517120.SH,华泰柏瑞中证沪港深创新药产业ETF,20210719,中证沪港深创新药产业指数,中证沪港深创新药产业指数收益率,华泰柏瑞基金管理有限公司,上海浦东发展银行股份有限公司,股票型ETF,主题指数ETF,931409.CSI,280607222.4,31114400,18890193,0.602,0.6071205936801,-0.248550124
2025-06-06,517120.SH,华泰柏瑞中证沪港深创新药产业ETF,20210719,中证沪港深创新药产业指数,中证沪港深创新药产业指数收益率,华泰柏瑞基金管理有限公司,上海浦东发展银行股份有限公司,股票型ETF,主题指数ETF,931409.CSI,282467975.36,18745200,11241618,0.607,0.59970648486012,0.347164821
2025-06-09,517120.SH,华泰柏瑞中证沪港深创新药产业ETF,20210719,中证沪港深创新药产业指数,中证沪港深创新药产业指数收益率,华泰柏瑞基金管理有限公司,上海浦东发展银行股份有限公司,股票型ETF,主题指数ETF,931409.CSI,289168813.44,27140300,16897000,0.621,0.62257970619337,-0.576368876
2025-06-10,517120.SH,华泰柏瑞中证沪港深创新药产业ETF,20210719,中证沪港深创新药产业指数,中证沪港深创新药产业指数收益率,华泰柏瑞基金管理有限公司,上海浦东发展银行股份有限公司,股票型ETF,主题指数ETF,931409.CSI,292178095.04,20678300,13021687,0.631,0.62972715358613,-0.015845349
2025-06-11,517120.SH,华泰柏瑞中证沪港深创新药产业ETF,20210719,中证沪港深创新药产业指数,中证沪港深创新药产业指数收益率,华泰柏瑞基金管理有限公司,上海浦东发展银行股份有限公司,股票型ETF,主题指数ETF,931409.CSI,287726036.16,15144500,9483222,0.626,0.62618257453201,-0.143563567
2025-06-12,517120.SH,华泰柏瑞中证沪港深创新药产业ETF,20210719,中证沪港深创新药产业指数,中证沪港深创新药产业指数收益率,华泰柏瑞基金管理有限公司,上海浦东发展银行股份有限公司,股票型ETF,主题指数ETF,931409.CSI,292722290.24,21447200,13777808,0.649,0.64240590846358,-0.015405947
2025-06-13,517120.SH,华泰柏瑞中证沪港深创新药产业ETF,20210719,中证沪港深创新药产业指数,中证沪港深创新药产业指数收益率,华泰柏瑞基金管理有限公司,上海浦东发展银行股份有限公司,股票型ETF,主题指数ETF,931409.CSI,286799736.32,19904300,12729953,0.637,0.63955793471762,-0.281778334
2025-06-16,517120.SH,华泰柏瑞中证沪港深创新药产业ETF,20210719,中证沪港深创新药产业指数,中证沪港深创新药产业指数收益率,华泰柏瑞基金管理有限公司,上海浦东发展银行股份有限公司,股票型ETF,主题指数ETF,931409.CSI,283612074.88,8249700,5214931,0.632,0.63213583524249,0.047490898
2025-06-17,517120.SH,华泰柏瑞中证沪港深创新药产业ETF,20210719,中证沪港深创新药产业指数,中证沪港深创新药产业指数收益率,华泰柏瑞基金管理有限公司,上海浦东发展银行股份有限公司,股票型ETF,主题指数ETF,931409.CSI,272649504.0,21154300,13118814,0.609,0.62014881135277,-0.163934426
2025-06-18,517120.SH,华泰柏瑞中证沪港深创新药产业ETF,20210719,中证沪港深创新药产业指数,中证沪港深创新药产业指数收益率,华泰柏瑞基金管理有限公司,上海浦东发展银行股份有限公司,股票型ETF,主题指数ETF,931409.CSI,270951031.68,8702000,5270208,0.607,0.60563180877959,0.131969647
2025-06-19,517120.SH,华泰柏瑞中证沪港深创新药产业ETF,20210719,中证沪港深创新药产业指数,中证沪港深创新药产业指数收益率,华泰柏瑞基金管理有限公司,上海浦东发展银行股份有限公司,股票型ETF,主题指数ETF,931409.CSI,266641144.96,13351000,7994745,0.593,0.59881244850573,-0.151540663
2025-06-20,517120.SH,华泰柏瑞中证沪港深创新药产业ETF,20210719,中证沪港深创新药产业指数,中证沪港深创新药产业指数收益率,华泰柏瑞基金管理有限公司,上海浦东发展银行股份有限公司,股票型ETF,主题指数ETF,931409.CSI,262286814.72,5211800,3093191,0.593,0.59349763997084,-0.30262273
2025-06-23,517120.SH,华泰柏瑞中证沪港深创新药产业ETF,20210719,中证沪港深创新药产业指数,中证沪港深创新药产业指数收益率,华泰柏瑞基金管理有限公司,上海浦东发展银行股份有限公司,股票型ETF,主题指数ETF,931409.CSI,266696478.72,10298900,6145589,0.606,0.59672285389702,0.198412698
2025-06-24,517120.SH,华泰柏瑞中证沪港深创新药产业ETF,20210719,中证沪港深创新药产业指数,中证沪港深创新药产业指数收益率,华泰柏瑞基金管理有限公司,上海浦东发展银行股份有限公司,股票型ETF,主题指数ETF,931409.CSI,271635302.4,8723700,5330932,0.615,0.61108612171441,-0.162337662
2025-06-25,517120.SH,华泰柏瑞中证沪港深创新药产业ETF,20210719,中证沪港深创新药产业指数,中证沪港深创新药产业指数收益率,华泰柏瑞基金管理有限公司,上海浦东发展银行股份有限公司,股票型ETF,主题指数ETF,931409.CSI,273090491.52,6624100,4086108,0.618,0.61685481801301,-0.20991442
2025-06-26,517120.SH,华泰柏瑞中证沪港深创新药产业ETF,20210719,中证沪港深创新药产业指数,中证沪港深创新药产业指数收益率,华泰柏瑞基金管理有限公司,上海浦东发展银行股份有限公司,股票型ETF,主题指数ETF,931409.CSI,269279274.56,7984300,4850054,0.608,0.60744886840424,0.016450074
2025-06-27,517120.SH,华泰柏瑞中证沪港深创新药产业ETF,20210719,中证沪港深创新药产业指数,中证沪港深创新药产业指数收益率,华泰柏瑞基金管理有限公司,上海浦东发展银行股份有限公司,股票型ETF,主题指数ETF,931409.CSI,266399992.96,6511500,3925161,0.602,0.60280442294402,0.09976721
2025-06-30,517120.SH,华泰柏瑞中证沪港深创新药产业ETF,20210719,中证沪港深创新药产业指数,中证沪港深创新药产业指数收益率,华泰柏瑞基金管理有限公司,上海浦东发展银行股份有限公司,股票型ETF,主题指数ETF,931409.CSI,269323542.016,6514000,3939594,0.61,0.60478876266503,0.328947368
2025-07-01,517120.SH,华泰柏瑞中证沪港深创新药产业ETF,20210719,中证沪港深创新药产业指数,中证沪港深创新药产业指数收益率,华泰柏瑞基金管理有限公司,上海浦东发展银行股份有限公司,股票型ETF,主题指数ETF,931409.CSI,272202852.8,11675900,7169624,0.619,0.61405322073673,0.732302685
2025-07-02,517120.SH,华泰柏瑞中证沪港深创新药产业ETF,20210719,中证沪港深创新药产业指数,中证沪港深创新药产业指数收益率,华泰柏瑞基金管理有限公司,上海浦东发展银行股份有限公司,股票型ETF,主题指数ETF,931409.CSI,271006843.52,10340900,6363223,0.611,0.61534518272104,-0.130761687
2025-07-03,517120.SH,华泰柏瑞中证沪港深创新药产业ETF,20210719,中证沪港深创新药产业指数,中证沪港深创新药产业指数收益率,华泰柏瑞基金管理有限公司,上海浦东发展银行股份有限公司,股票型ETF,主题指数ETF,931409.CSI,277828526.08,17801200,11141934,0.633,0.62590915219199,0.924744898
2025-07-04,517120.SH,华泰柏瑞中证沪港深创新药产业ETF,20210719,中证沪港深创新药产业指数,中证沪港深创新药产业指数收益率,华泰柏瑞基金管理有限公司,上海浦东发展银行股份有限公司,股票型ETF,主题指数ETF,931409.CSI,280619214.4,17448300,11063852,0.634,0.63409340738066,0.078926598
2025-07-07,517120.SH,华泰柏瑞中证沪港深创新药产业ETF,20210719,中证沪港深创新药产业指数,中证沪港深创新药产业指数收益率,华泰柏瑞基金管理有限公司,上海浦东发展银行股份有限公司,股票型ETF,主题指数ETF,931409.CSI,274461981.44,11658800,7252882,0.62,0.62209506981851,0.064557779
2025-07-08,517120.SH,华泰柏瑞中证沪港深创新药产业ETF,20210719,中证沪港深创新药产业指数,中证沪港深创新药产业指数收益率,华泰柏瑞基金管理有限公司,上海浦东发展银行股份有限公司,股票型ETF,主题指数ETF,931409.CSI,275082134.4,7474800,4642684,0.62,0.62111146786536,-0.161030596
2025-07-09,517120.SH,华泰柏瑞中证沪港深创新药产业ETF,20210719,中证沪港深创新药产业指数,中证沪港深创新药产业指数收益率,华泰柏瑞基金管理有限公司,上海浦东发展银行股份有限公司,股票型ETF,主题指数ETF,931409.CSI,279201721.92,13699300,8586448,0.629,0.62678005445534,-0.206250992
2025-07-10,517120.SH,华泰柏瑞中证沪港深创新药产业ETF,20210719,中证沪港深创新药产业指数,中证沪港深创新药产业指数收益率,华泰柏瑞基金管理有限公司,上海浦东发展银行股份有限公司,股票型ETF,主题指数ETF,931409.CSI,279600391.68,11323800,7180374,0.632,0.63409579823028,0.126742712
2025-07-11,517120.SH,华泰柏瑞中证沪港深创新药产业ETF,20210719,中证沪港深创新药产业指数,中证沪港深创新药产业指数收益率,华泰柏瑞基金管理有限公司,上海浦东发展银行股份有限公司,股票型ETF,主题指数ETF,931409.CSI,279378918.72,15481400,9983544,0.646,0.64487346105649,0.576054803
2025-07-14,517120.SH,华泰柏瑞中证沪港深创新药产业ETF,20210719,中证沪港深创新药产业指数,中证沪港深创新药产业指数收益率,华泰柏瑞基金管理有限公司,上海浦东发展银行股份有限公司,股票型ETF,主题指数ETF,931409.CSI,281771233.92,6162400,3974595,0.652,0.6449751720109,0.648348256
2025-07-15,517120.SH,华泰柏瑞中证沪港深创新药产业ETF,20210719,中证沪港深创新药产业指数,中证沪港深创新药产业指数收益率,华泰柏瑞基金管理有限公司,上海浦东发展银行股份有限公司,股票型ETF,主题指数ETF,931409.CSI,288382723.2,12570400,8237320,0.661,0.65529497868007,-0.301659125
2025-07-16,517120.SH,华泰柏瑞中证沪港深创新药产业ETF,20210719,中证沪港深创新药产业指数,中证沪港深创新药产业指数收益率,华泰柏瑞基金管理有限公司,上海浦东发展银行股份有限公司,股票型ETF,主题指数ETF,931409.CSI,290035595.52,11966200,8000078,0.669,0.6685562668182,0.329934013
2025-07-17,517120.SH,华泰柏瑞中证沪港深创新药产业ETF,20210719,中证沪港深创新药产业指数,中证沪港深创新药产业指数收益率,华泰柏瑞基金管理有限公司,上海浦东发展银行股份有限公司,股票型ETF,主题指数ETF,931409.CSI,301344721.92,18538100,12742189,0.695,0.68735140062897,0.317551963
2025-07-18,517120.SH,华泰柏瑞中证沪港深创新药产业ETF,20210719,中证沪港深创新药产业指数,中证沪港深创新药产业指数收益率,华泰柏瑞基金管理有限公司,上海浦东发展银行股份有限公司,股票型ETF,主题指数ETF,931409.CSI,303954520.32,18477200,12823432,0.697,0.69401381161648,-0.25758443
2025-07-21,517120.SH,华泰柏瑞中证沪港深创新药产业ETF,20210719,中证沪港深创新药产业指数,中证沪港深创新药产业指数收益率,华泰柏瑞基金管理有限公司,上海浦东发展银行股份有限公司,股票型ETF,主题指数ETF,931409.CSI,300257305.92,15759100,10821020,0.691,0.68665215653178,0.101405186
2025-07-22,517120.SH,华泰柏瑞中证沪港深创新药产业ETF,20210719,中证沪港深创新药产业指数,中证沪港深创新药产业指数收益率,华泰柏瑞基金管理有限公司,上海浦东发展银行股份有限公司,股票型ETF,主题指数ETF,931409.CSI,295588838.72,17195900,12048269,0.694,0.70064777068952,0.245558284
2025-07-23,517120.SH,华泰柏瑞中证沪港深创新药产业ETF,20210719,中证沪港深创新药产业指数,中证沪港深创新药产业指数收益率,华泰柏瑞基金管理有限公司,上海浦东发展银行股份有限公司,股票型ETF,主题指数ETF,931409.CSI,292988825.28,21350300,14863415,0.693,0.69616890629171,0.043308792
2025-07-24,517120.SH,华泰柏瑞中证沪港深创新药产业ETF,20210719,中证沪港深创新药产业指数,中证沪港深创新药产业指数收益率,华泰柏瑞基金管理有限公司,上海浦东发展银行股份有限公司,股票型ETF,主题指数ETF,931409.CSI,297244375.04,13181500,9193885,0.705,0.69748397375109,-0.1557853
2025-07-25,517120.SH,华泰柏瑞中证沪港深创新药产业ETF,20210719,中证沪港深创新药产业指数,中证沪港深创新药产业指数收益率,华泰柏瑞基金管理有限公司,上海浦东发展银行股份有限公司,股票型ETF,主题指数ETF,931409.CSI,297033891.84,9491900,6719627,0.702,0.70793276372486,-0.510204082
2025-07-28,517120.SH,华泰柏瑞中证沪港深创新药产业ETF,20210719,中证沪港深创新药产业指数,中证沪港深创新药产业指数收益率,华泰柏瑞基金管理有限公司,上海浦东发展银行股份有限公司,股票型ETF,主题指数ETF,931409.CSI,306926602.24,20118700,14438921,0.727,0.71768658014683,-0.288026334
2025-07-29,517120.SH,华泰柏瑞中证沪港深创新药产业ETF,20210719,中证沪港深创新药产业指数,中证沪港深创新药产业指数收益率,华泰柏瑞基金管理有限公司,上海浦东发展银行股份有限公司,股票型ETF,主题指数ETF,931409.CSI,322209524.48,45849000,34444421,0.763,0.75125784640886,0.633078343
2025-07-30,517120.SH,华泰柏瑞中证沪港深创新药产业ETF,20210719,中证沪港深创新药产业指数,中证沪港深创新药产业指数收益率,华泰柏瑞基金管理有限公司,上海浦东发展银行股份有限公司,股票型ETF,主题指数ETF,931409.CSI,318197622.72,47553600,35979896,0.746,0.75661771138252,-0.837431876
2025-07-31,517120.SH,华泰柏瑞中证沪港深创新药产业ETF,20210719,中证沪港深创新药产业指数,中证沪港深创新药产业指数收益率,华泰柏瑞基金管理有限公司,上海浦东发展银行股份有限公司,股票型ETF,主题指数ETF,931409.CSI,314094848.64,25303600,18914242,0.742,0.74749213550641,-0.080797199
2025-08-01,517120.SH,华泰柏瑞中证沪港深创新药产业ETF,20210719,中证沪港深创新药产业指数,中证沪港深创新药产业指数收益率,华泰柏瑞基金管理有限公司,上海浦东发展银行股份有限公司,股票型ETF,主题指数ETF,931409.CSI,308342505.6,23814600,17650777,0.734,0.74117461557196,0.685871056
2025-08-04,517120.SH,华泰柏瑞中证沪港深创新药产业ETF,20210719,中证沪港深创新药产业指数,中证沪港深创新药产业指数收益率,华泰柏瑞基金管理有限公司,上海浦东发展银行股份有限公司,股票型ETF,主题指数ETF,931409.CSI,303801719.04,24761700,17789887,0.734,0.7184436852074,0.741147406
2025-08-05,517120.SH,华泰柏瑞中证沪港深创新药产业ETF,20210719,中证沪港深创新药产业指数,中证沪港深创新药产业指数收益率,华泰柏瑞基金管理有限公司,上海浦东发展银行股份有限公司,股票型ETF,主题指数ETF,931409.CSI,310431484.8,13126800,9708479,0.744,0.73959220830667,-0.067159167
2025-08-06,517120.SH,华泰柏瑞中证沪港深创新药产业ETF,20210719,中证沪港深创新药产业指数,中证沪港深创新药产业指数收益率,华泰柏瑞基金管理有限公司,上海浦东发展银行股份有限公司,股票型ETF,主题指数ETF,931409.CSI,309889428.48,12874300,9577171,0.745,0.7438983867084,0.24219591
2025-08-07,517120.SH,华泰柏瑞中证沪港深创新药产业ETF,20210719,中证沪港深创新药产业指数,中证沪港深创新药产业指数收益率,华泰柏瑞基金管理有限公司,上海浦东发展银行股份有限公司,股票型ETF,主题指数ETF,931409.CSI,302870810.56,19000200,13795630,0.722,0.72607814654583,-0.124498548
2025-08-08,517120.SH,华泰柏瑞中证沪港深创新药产业ETF,20210719,中证沪港深创新药产业指数,中证沪港深创新药产业指数收益率,华泰柏瑞基金管理有限公司,上海浦东发展银行股份有限公司,股票型ETF,主题指数ETF,931409.CSI,300189425.6,12089400,8650273,0.717,0.71552541896207,0.069783671
2025-08-11,517120.SH,华泰柏瑞中证沪港深创新药产业ETF,20210719,中证沪港深创新药产业指数,中证沪港深创新药产业指数收益率,华泰柏瑞基金管理有限公司,上海浦东发展银行股份有限公司,股票型ETF,主题指数ETF,931409.CSI,308269740.8,27606700,19876460,0.723,0.71998681479496,0.138504155
2025-08-12,517120.SH,华泰柏瑞中证沪港深创新药产业ETF,20210719,中证沪港深创新药产业指数,中证沪港深创新药产业指数收益率,华泰柏瑞基金管理有限公司,上海浦东发展银行股份有限公司,股票型ETF,主题指数ETF,931409.CSI,315864232.32,14553000,10449142,0.719,0.71800604686319,0.376937038
2025-08-13,517120.SH,华泰柏瑞中证沪港深创新药产业ETF,20210719,中证沪港深创新药产业指数,中证沪港深创新药产业指数收益率,华泰柏瑞基金管理有限公司,上海浦东发展银行股份有限公司,股票型ETF,主题指数ETF,931409.CSI,322516671.36,21309100,15691440,0.746,0.73637272339048,0.147670828
2025-08-14,517120.SH,华泰柏瑞中证沪港深创新药产业ETF,20210719,中证沪港深创新药产业指数,中证沪港深创新药产业指数收益率,华泰柏瑞基金管理有限公司,上海浦东发展银行股份有限公司,股票型ETF,主题指数ETF,931409.CSI,342434831.04,47346100,35725493,0.75,0.75456041785913,0.522718134
2025-08-15,517120.SH,华泰柏瑞中证沪港深创新药产业ETF,20210719,中证沪港深创新药产业指数,中证沪港深创新药产业指数收益率,华泰柏瑞基金管理有限公司,上海浦东发展银行股份有限公司,股票型ETF,主题指数ETF,931409.CSI,351235618.56,23411900,17684145,0.756,0.75534856205605,0.079428118
2025-08-18,517120.SH,华泰柏瑞中证沪港深创新药产业ETF,20210719,中证沪港深创新药产业指数,中证沪港深创新药产业指数收益率,华泰柏瑞基金管理有限公司,上海浦东发展银行股份有限公司,股票型ETF,主题指数ETF,931409.CSI,346684396.8,24550100,18698216,0.769,0.76163502388992,0.918635171
2025-08-19,517120.SH,华泰柏瑞中证沪港深创新药产业ETF,20210719,中证沪港深创新药产业指数,中证沪港深创新药产业指数收益率,华泰柏瑞基金管理有限公司,上海浦东发展银行股份有限公司,股票型ETF,主题指数ETF,931409.CSI,341079720.96,30091700,22778302,0.745,0.75696294991642,-0.187566988
2025-08-20,517120.SH,华泰柏瑞中证沪港深创新药产业ETF,20210719,中证沪港深创新药产业指数,中证沪港深创新药产业指数收益率,华泰柏瑞基金管理有限公司,上海浦东发展银行股份有限公司,股票型ETF,主题指数ETF,931409.CSI,337357585.6,21646700,16003206,0.742,0.73929079259194,0.067430883
2025-08-21,517120.SH,华泰柏瑞中证沪港深创新药产业ETF,20210719,中证沪港深创新药产业指数,中证沪港深创新药产业指数收益率,华泰柏瑞基金管理有限公司,上海浦东发展银行股份有限公司,股票型ETF,主题指数ETF,931409.CSI,342271222.72,11151800,8358103,0.749,0.74948465718539,-0.438654792
2025-08-22,517120.SH,华泰柏瑞中证沪港深创新药产业ETF,20210719,中证沪港深创新药产业指数,中证沪港深创新药产业指数收益率,华泰柏瑞基金管理有限公司,上海浦东发展银行股份有限公司,股票型ETF,主题指数ETF,931409.CSI,342740949.76,29747000,22470550,0.764,0.75538877870037,0.078595756
2025-08-25,517120.SH,华泰柏瑞中证沪港深创新药产业ETF,20210719,中证沪港深创新药产业指数,中证沪港深创新药产业指数收益率,华泰柏瑞基金管理有限公司,上海浦东发展银行股份有限公司,股票型ETF,主题指数ETF,931409.CSI,341384169.28,24413100,18740839,0.774,0.76765502947188,-0.475761862
2025-08-26,517120.SH,华泰柏瑞中证沪港深创新药产业ETF,20210719,中证沪港深创新药产业指数,中证沪港深创新药产业指数收益率,华泰柏瑞基金管理有限公司,上海浦东发展银行股份有限公司,股票型ETF,主题指数ETF,931409.CSI,327773226.24,38951800,29813840,0.761,0.76540339599197,-0.405706059
2025-08-27,517120.SH,华泰柏瑞中证沪港深创新药产业ETF,20210719,中证沪港深创新药产业指数,中证沪港深创新药产业指数收益率,华泰柏瑞基金管理有限公司,上海浦东发展银行股份有限公司,股票型ETF,主题指数ETF,931409.CSI,315997832.64,34205300,25784900,0.738,0.75382762320459,-0.28374544
2025-08-28,517120.SH,华泰柏瑞中证沪港深创新药产业ETF,20210719,中证沪港深创新药产业指数,中证沪港深创新药产业指数收益率,华泰柏瑞基金管理有限公司,上海浦东发展银行股份有限公司,股票型ETF,主题指数ETF,931409.CSI,307940304.0,35886000,26137279,0.735,0.72834194393357,0
2025-08-29,517120.SH,华泰柏瑞中证沪港深创新药产业ETF,20210719,中证沪港深创新药产业指数,中证沪港深创新药产业指数收益率,华泰柏瑞基金管理有限公司,上海浦东发展银行股份有限公司,股票型ETF,主题指数ETF,931409.CSI,319797053.12,37168600,27945657,0.769,0.75186197489279,0.7467575
2025-09-01,517120.SH,华泰柏瑞中证沪港深创新药产业ETF,20210719,中证沪港深创新药产业指数,中证沪港深创新药产业指数收益率,华泰柏瑞基金管理有限公司,上海浦东发展银行股份有限公司,股票型ETF,主题指数ETF,931409.CSI,336974675.52,36991700,29192545,0.804,0.78916473154789,-0.037299515
2025-09-02,517120.SH,华泰柏瑞中证沪港深创新药产业ETF,20210719,中证沪港深创新药产业指数,中证沪港深创新药产业指数收益率,华泰柏瑞基金管理有限公司,上海浦东发展银行股份有限公司,股票型ETF,主题指数ETF,931409.CSI,346733541.12,53977400,43758466,0.809,0.8106812480779,0.086601509
2025-09-03,517120.SH,华泰柏瑞中证沪港深创新药产业ETF,20210719,中证沪港深创新药产业指数,中证沪港深创新药产业指数收益率,华泰柏瑞基金管理有限公司,上海浦东发展银行股份有限公司,股票型ETF,主题指数ETF,931409.CSI,358942825.28,35808600,29279754,0.814,0.81767379903152,-0.452488688
2025-09-04,517120.SH,华泰柏瑞中证沪港深创新药产业ETF,20210719,中证沪港深创新药产业指数,中证沪港深创新药产业指数收益率,华泰柏瑞基金管理有限公司,上海浦东发展银行股份有限公司,股票型ETF,主题指数ETF,931409.CSI,337930275.2,36800900,29077906,0.78,0.79014116502586,-0.064061499
2025-09-05,517120.SH,华泰柏瑞中证沪港深创新药产业ETF,20210719,中证沪港深创新药产业指数,中证沪港深创新药产业指数收益率,华泰柏瑞基金管理有限公司,上海浦东发展银行股份有限公司,股票型ETF,主题指数ETF,931409.CSI,352174869.76,34157900,27224011,0.82,0.79700482172499,0.811408901
2025-09-08,517120.SH,华泰柏瑞中证沪港深创新药产业ETF,20210719,中证沪港深创新药产业指数,中证沪港深创新药产业指数收益率,华泰柏瑞基金管理有限公司,上海浦东发展银行股份有限公司,股票型ETF,主题指数ETF,931409.CSI,358880504.32,33783500,27600071,0.819,0.8169689641393,-0.280043833
2025-09-09,517120.SH,华泰柏瑞中证沪港深创新药产业ETF,20210719,中证沪港深创新药产业指数,中证沪港深创新药产业指数收益率,华泰柏瑞基金管理有限公司,上海浦东发展银行股份有限公司,股票型ETF,主题指数ETF,931409.CSI,353068851.2,17370000,14150243,0.807,0.81463690270581,-0.123762376
2025-09-10,517120.SH,华泰柏瑞中证沪港深创新药产业ETF,20210719,中证沪港深创新药产业指数,中证沪港深创新药产业指数收益率,华泰柏瑞基金管理有限公司,上海浦东发展银行股份有限公司,股票型ETF,主题指数ETF,931409.CSI,350184872.96,14970700,12045954,0.8,0.80463532099367,-0.174694285
2025-09-11,517120.SH,华泰柏瑞中证沪港深创新药产业ETF,20210719,中证沪港深创新药产业指数,中证沪港深创新药产业指数收益率,华泰柏瑞基金管理有限公司,上海浦东发展银行股份有限公司,股票型ETF,主题指数ETF,931409.CSI,340877488.64,28317200,21728828,0.789,0.76733674233328,1.140879374
2025-09-12,517120.SH,华泰柏瑞中证沪港深创新药产业ETF,20210719,中证沪港深创新药产业指数,中证沪港深创新药产业指数收益率,华泰柏瑞基金管理有限公司,上海浦东发展银行股份有限公司,股票型ETF,主题指数ETF,931409.CSI,345989995.52,26559800,21086960,0.796,0.79394272547233,0.530436979
2025-09-15,517120.SH,华泰柏瑞中证沪港深创新药产业ETF,20210719,中证沪港深创新药产业指数,中证沪港深创新药产业指数收益率,华泰柏瑞基金管理有限公司,上海浦东发展银行股份有限公司,股票型ETF,主题指数ETF,931409.CSI,347737861.12,12623900,10051189,0.794,0.79620315433424,-0.226187484
2025-09-16,517120.SH,华泰柏瑞中证沪港深创新药产业ETF,20210719,中证沪港深创新药产业指数,中证沪港深创新药产业指数收益率,华泰柏瑞基金管理有限公司,上海浦东发展银行股份有限公司,股票型ETF,主题指数ETF,931409.CSI,345596725.76,13551600,10674161,0.788,0.78766795064789,-0.366670881
2025-09-17,517120.SH,华泰柏瑞中证沪港深创新药产业ETF,20210719,中证沪港深创新药产业指数,中证沪港深创新药产业指数收益率,华泰柏瑞基金管理有限公司,上海浦东发展银行股份有限公司,股票型ETF,主题指数ETF,931409.CSI,346645445.12,18314300,14351276,0.789,0.7836104028,-0.542039581
2025-09-18,517120.SH,华泰柏瑞中证沪港深创新药产业ETF,20210719,中证沪港深创新药产业指数,中证沪港深创新药产业指数收益率,华泰柏瑞基金管理有限公司,上海浦东发展银行股份有限公司,股票型ETF,主题指数ETF,931409.CSI,351626607.36,34587000,27621375,0.794,0.79860568999913,-0.426385754
2025-09-19,517120.SH,华泰柏瑞中证沪港深创新药产业ETF,20210719,中证沪港深创新药产业指数,中证沪港深创新药产业指数收益率,华泰柏瑞基金管理有限公司,上海浦东发展银行股份有限公司,股票型ETF,主题指数ETF,931409.CSI,346202720.64,31970900,25032963,0.78,0.78299212721569,-0.649598777
2025-09-22,517120.SH,华泰柏瑞中证沪港深创新药产业ETF,20210719,中证沪港深创新药产业指数,中证沪港深创新药产业指数收益率,华泰柏瑞基金管理有限公司,上海浦东发展银行股份有限公司,股票型ETF,主题指数ETF,931409.CSI,350039128.32,10631100,8410261,0.792,0.79109979211935,-0.22675737
2025-09-23,517120.SH,华泰柏瑞中证沪港深创新药产业ETF,20210719,中证沪港深创新药产业指数,中证沪港深创新药产业指数收益率,华泰柏瑞基金管理有限公司,上海浦东发展银行股份有限公司,股票型ETF,主题指数ETF,931409.CSI,341691445.76,18076500,14046606,0.78,0.7770644759771,0.205549846
2025-09-24,517120.SH,华泰柏瑞中证沪港深创新药产业ETF,20210719,中证沪港深创新药产业指数,中证沪港深创新药产业指数收益率,华泰柏瑞基金管理有限公司,上海浦东发展银行股份有限公司,股票型ETF,主题指数ETF,931409.CSI,342931230.72,13507500,10571377,0.785,0.78263016842495,0.0254842
2025-09-25,517120.SH,华泰柏瑞中证沪港深创新药产业ETF,20210719,中证沪港深创新药产业指数,中证沪港深创新药产业指数收益率,华泰柏瑞基金管理有限公司,上海浦东发展银行股份有限公司,股票型ETF,主题指数ETF,931409.CSI,351405245.12,28965400,23061388,0.794,0.79617018926029,0.088239002
2025-09-26,517120.SH,华泰柏瑞中证沪港深创新药产业ETF,20210719,中证沪港深创新药产业指数,中证沪港深创新药产业指数收益率,华泰柏瑞基金管理有限公司,上海浦东发展银行股份有限公司,股票型ETF,主题指数ETF,931409.CSI,341837153.28,25611000,19893628,0.776,0.77676107922377,0.103199174
2025-09-29,517120.SH,华泰柏瑞中证沪港深创新药产业ETF,20210719,中证沪港深创新药产业指数,中证沪港深创新药产业指数收益率,华泰柏瑞基金管理有限公司,上海浦东发展银行股份有限公司,股票型ETF,主题指数ETF,931409.CSI,340615308.8,17018100,13122727,0.779,0.77110411855613,-0.064143682
2025-09-30,517120.SH,华泰柏瑞中证沪港深创新药产业ETF,20210719,中证沪港深创新药产业指数,中证沪港深创新药产业指数收益率,华泰柏瑞基金管理有限公司,上海浦东发展银行股份有限公司,股票型ETF,主题指数ETF,931409.CSI,349321477.2912,20251700,16087467,0.801,0.79437612644864,-0.261486739
2025-10-09,517120.SH,华泰柏瑞中证沪港深创新药产业ETF,20210719,中证沪港深创新药产业指数,中证沪港深创新药产业指数收益率,华泰柏瑞基金管理有限公司,上海浦东发展银行股份有限公司,股票型ETF,主题指数ETF,931409.CSI,338400744.32,17585600,14036494,0.798,0.79818112546629,0.213487379
2025-10-10,517120.SH,华泰柏瑞中证沪港深创新药产业ETF,20210719,中证沪港深创新药产业指数,中证沪港深创新药产业指数收益率,华泰柏瑞基金管理有限公司,上海浦东发展银行股份有限公司,股票型ETF,主题指数ETF,931409.CSI,323232577.6,29792100,23385404,0.776,0.78495319228923,0.583279326
2025-10-13,517120.SH,华泰柏瑞中证沪港深创新药产业ETF,20210719,中证沪港深创新药产业指数,中证沪港深创新药产业指数收益率,华泰柏瑞基金管理有限公司,上海浦东发展银行股份有限公司,股票型ETF,主题指数ETF,931409.CSI,315314112.64,15035800,11323342,0.752,0.75309208688597,-0.079723625
2025-10-14,517120.SH,华泰柏瑞中证沪港深创新药产业ETF,20210719,中证沪港深创新药产业指数,中证沪港深创新药产业指数收益率,华泰柏瑞基金管理有限公司,上海浦东发展银行股份有限公司,股票型ETF,主题指数ETF,931409.CSI,303038397.12,18385700,13578389,0.725,0.73852989007761,0.235033873
2025-10-15,517120.SH,华泰柏瑞中证沪港深创新药产业ETF,20210719,中证沪港深创新药产业指数,中证沪港深创新药产业指数收益率,华泰柏瑞基金管理有限公司,上海浦东发展银行股份有限公司,股票型ETF,主题指数ETF,931409.CSI,310579792.32,10489300,7673003,0.744,0.73150763158647,0.36422501
2025-10-16,517120.SH,华泰柏瑞中证沪港深创新药产业ETF,20210719,中证沪港深创新药产业指数,中证沪港深创新药产业指数收益率,华泰柏瑞基金管理有限公司,上海浦东发展银行股份有限公司,股票型ETF,主题指数ETF,931409.CSI,314224800.0,12330100,9305322,0.751,0.75468341700392,0.133333333
2025-10-17,517120.SH,华泰柏瑞中证沪港深创新药产业ETF,20210719,中证沪港深创新药产业指数,中证沪港深创新药产业指数收益率,华泰柏瑞基金管理有限公司,上海浦东发展银行股份有限公司,股票型ETF,主题指数ETF,931409.CSI,305552195.52,9875200,7292554,0.731,0.73847152462735,0.233100233
2025-10-20,517120.SH,华泰柏瑞中证沪港深创新药产业ETF,20210719,中证沪港深创新药产业指数,中证沪港深创新药产业指数收益率,华泰柏瑞基金管理有限公司,上海浦东发展银行股份有限公司,股票型ETF,主题指数ETF,931409.CSI,308862030.08,4486000,3310213,0.736,0.73789857333928,-0.162778079
2025-10-21,517120.SH,华泰柏瑞中证沪港深创新药产业ETF,20210719,中证沪港深创新药产业指数,中证沪港深创新药产业指数收益率,华泰柏瑞基金管理有限公司,上海浦东发展银行股份有限公司,股票型ETF,主题指数ETF,931409.CSI,311585311.68,9435400,7020144,0.748,0.74402187506624,0.57819013
2025-10-22,517120.SH,华泰柏瑞中证沪港深创新药产业ETF,20210719,中证沪港深创新药产业指数,中证沪港深创新药产业指数收益率,华泰柏瑞基金管理有限公司,上海浦东发展银行股份有限公司,股票型ETF,主题指数ETF,931409.CSI,307521337.6,8707600,6448718,0.736,0.74058500620148,0.272479564
2025-10-23,517120.SH,华泰柏瑞中证沪港深创新药产业ETF,20210719,中证沪港深创新药产业指数,中证沪港深创新药产业指数收益率,华泰柏瑞基金管理有限公司,上海浦东发展银行股份有限公司,股票型ETF,主题指数ETF,931409.CSI,304839952.64,7492200,5434431,0.73,0.72534515896532,0.329851567
2025-10-24,517120.SH,华泰柏瑞中证沪港深创新药产业ETF,20210719,中证沪港深创新药产业指数,中证沪港深创新药产业指数收益率,华泰柏瑞基金管理有限公司,上海浦东发展银行股份有限公司,股票型ETF,主题指数ETF,931409.CSI,306599611.52,9708900,7125986,0.734,0.73396430079618,0.300628587
2025-10-27,517120.SH,华泰柏瑞中证沪港深创新药产业ETF,20210719,中证沪港深创新药产业指数,中证沪港深创新药产业指数收益率,华泰柏瑞基金管理有限公司,上海浦东发展银行股份有限公司,股票型ETF,主题指数ETF,931409.CSI,309472462.08,14109400,10543699,0.742,0.74728188299999,-0.026946915
2025-10-28,517120.SH,华泰柏瑞中证沪港深创新药产业ETF,20210719,中证沪港深创新药产业指数,中证沪港深创新药产业指数收益率,华泰柏瑞基金管理有限公司,上海浦东发展银行股份有限公司,股票型ETF,主题指数ETF,931409.CSI,306850991.36,10912200,8033511,0.733,0.73619535932259,0.081922447
2025-10-29,517120.SH,华泰柏瑞中证沪港深创新药产业ETF,20210719,中证沪港深创新药产业指数,中证沪港深创新药产业指数收益率,华泰柏瑞基金管理有限公司,上海浦东发展银行股份有限公司,股票型ETF,主题指数ETF,931409.CSI,308736340.16,9255800,6800131,0.738,0.7346886276713,0.149273986
2025-10-30,517120.SH,华泰柏瑞中证沪港深创新药产业ETF,20210719,中证沪港深创新药产业指数,中证沪港深创新药产业指数收益率,华泰柏瑞基金管理有限公司,上海浦东发展银行股份有限公司,股票型ETF,主题指数ETF,931409.CSI,306689965.12,19005200,13694211,0.717,0.7205507440069,-0.180982876
2025-10-31,517120.SH,华泰柏瑞中证沪港深创新药产业ETF,20210719,中证沪港深创新药产业指数,中证沪港深创新药产业指数收益率,华泰柏瑞基金管理有限公司,上海浦东发展银行股份有限公司,股票型ETF,主题指数ETF,931409.CSI,313820304.0,16199600,11888251,0.738,0.73386077434011,0.408163265
2025-11-03,517120.SH,华泰柏瑞中证沪港深创新药产业ETF,20210719,中证沪港深创新药产业指数,中证沪港深创新药产业指数收益率,华泰柏瑞基金管理有限公司,上海浦东发展银行股份有限公司,股票型ETF,主题指数ETF,931409.CSI,313051764.48,9959300,7320668,0.736,0.73505848804635,0.381887616
2025-11-04,517120.SH,华泰柏瑞中证沪港深创新药产业ETF,20210719,中证沪港深创新药产业指数,中证沪港深创新药产业指数收益率,华泰柏瑞基金管理有限公司,上海浦东发展银行股份有限公司,股票型ETF,主题指数ETF,931409.CSI,305323672.64,6631200,4793893,0.72,0.72292993726626,0.685218851
2025-11-05,517120.SH,华泰柏瑞中证沪港深创新药产业ETF,20210719,中证沪港深创新药产业指数,中证沪港深创新药产业指数收益率,华泰柏瑞基金管理有限公司,上海浦东发展银行股份有限公司,股票型ETF,主题指数ETF,931409.CSI,306092212.16,6790500,4882202,0.721,0.71897533318607,0.571906821
2025-11-06,517120.SH,华泰柏瑞中证沪港深创新药产业ETF,20210719,中证沪港深创新药产业指数,中证沪港深创新药产业指数收益率,华泰柏瑞基金管理有限公司,上海浦东发展银行股份有限公司,股票型ETF,主题指数ETF,931409.CSI,308098954.24,10496000,7533446,0.722,0.71774447408537,0.055432373
2025-11-07,517120.SH,华泰柏瑞中证沪港深创新药产业ETF,20210719,中证沪港深创新药产业指数,中证沪港深创新药产业指数收益率,华泰柏瑞基金管理有限公司,上海浦东发展银行股份有限公司,股票型ETF,主题指数ETF,931409.CSI,304085470.08,5963300,4266639,0.712,0.71548287022286,-0.028081999
2025-11-10,517120.SH,华泰柏瑞中证沪港深创新药产业ETF,20210719,中证沪港深创新药产业指数,中证沪港深创新药产业指数收益率,华泰柏瑞基金管理有限公司,上海浦东发展银行股份有限公司,股票型ETF,主题指数ETF,931409.CSI,306946144.96,9539200,6821465,0.721,0.71509822626635,0.29211295
2025-11-11,517120.SH,华泰柏瑞中证沪港深创新药产业ETF,20210719,中证沪港深创新药产业指数,中证沪港深创新药产业指数收益率,华泰柏瑞基金管理有限公司,上海浦东发展银行股份有限公司,股票型ETF,主题指数ETF,931409.CSI,305280976.0,4606200,3295110,0.716,0.71536407450827,0.13986014
2025-11-12,517120.SH,华泰柏瑞中证沪港深创新药产业ETF,20210719,中证沪港深创新药产业指数,中证沪港深创新药产业指数收益率,华泰柏瑞基金管理有限公司,上海浦东发展银行股份有限公司,股票型ETF,主题指数ETF,931409.CSI,310319179.52,12633600,9190607,0.727,0.72747332510132,0.027517887
2025-11-13,517120.SH,华泰柏瑞中证沪港深创新药产业ETF,20210719,中证沪港深创新药产业指数,中证沪港深创新药产业指数收益率,华泰柏瑞基金管理有限公司,上海浦东发展银行股份有限公司,股票型ETF,主题指数ETF,931409.CSI,316650926.08,19999300,14894866,0.752,0.74476936692784,-0.026588673
2025-11-14,517120.SH,华泰柏瑞中证沪港深创新药产业ETF,20210719,中证沪港深创新药产业指数,中证沪港深创新药产业指数收益率,华泰柏瑞基金管理有限公司,上海浦东发展银行股份有限公司,股票型ETF,主题指数ETF,931409.CSI,313072711.68,9790200,7307539,0.741,0.74641365855652,-0.363049617
2025-11-17,517120.SH,华泰柏瑞中证沪港深创新药产业ETF,20210719,中证沪港深创新药产业指数,中证沪港深创新药产业指数收益率,华泰柏瑞基金管理有限公司,上海浦东发展银行股份有限公司,股票型ETF,主题指数ETF,931409.CSI,306884505.6,8928100,6503094,0.727,0.7283849867273,-0.274348422
2025-11-18,517120.SH,华泰柏瑞中证沪港深创新药产业ETF,20210719,中证沪港深创新药产业指数,中证沪港深创新药产业指数收益率,华泰柏瑞基金管理有限公司,上海浦东发展银行股份有限公司,股票型ETF,主题指数ETF,931409.CSI,304905963.52,5569900,4041709,0.724,0.72563403292698,-0.041419301
2025-11-19,517120.SH,华泰柏瑞中证沪港深创新药产业ETF,20210719,中证沪港深创新药产业指数,中证沪港深创新药产业指数收益率,华泰柏瑞基金管理有限公司,上海浦东发展银行股份有限公司,股票型ETF,主题指数ETF,931409.CSI,297005434.88,3555600,2554414,0.719,0.71841995725053,-0.027808676
2025-11-20,517120.SH,华泰柏瑞中证沪港深创新药产业ETF,20210719,中证沪港深创新药产业指数,中证沪港深创新药产业指数收益率,华泰柏瑞基金管理有限公司,上海浦东发展银行股份有限公司,股票型ETF,主题指数ETF,931409.CSI,298037850.88,5327200,3835998,0.718,0.72007771437153,-0.512678398
2025-11-21,517120.SH,华泰柏瑞中证沪港深创新药产业ETF,20210719,中证沪港深创新药产业指数,中证沪港深创新药产业指数收益率,华泰柏瑞基金管理有限公司,上海浦东发展银行股份有限公司,股票型ETF,主题指数ETF,931409.CSI,288787403.52,7427200,5220345,0.701,0.70286851034037,0.243100243
2025-11-24,517120.SH,华泰柏瑞中证沪港深创新药产业ETF,20210719,中证沪港深创新药产业指数,中证沪港深创新药产业指数收益率,华泰柏瑞基金管理有限公司,上海浦东发展银行股份有限公司,股票型ETF,主题指数ETF,931409.CSI,295683942.4,4642800,3296734,0.714,0.71007452399414,-0.279329609
2025-11-25,517120.SH,华泰柏瑞中证沪港深创新药产业ETF,20210719,中证沪港深创新药产业指数,中证沪港深创新药产业指数收益率,华泰柏瑞基金管理有限公司,上海浦东发展银行股份有限公司,股票型ETF,主题指数ETF,931409.CSI,296427281.92,4511700,3259803,0.718,0.72252210918279,0.027862914
2025-11-26,517120.SH,华泰柏瑞中证沪港深创新药产业ETF,20210719,中证沪港深创新药产业指数,中证沪港深创新药产业指数收益率,华泰柏瑞基金管理有限公司,上海浦东发展银行股份有限公司,股票型ETF,主题指数ETF,931409.CSI,295376213.12,6696600,4881488,0.726,0.7289502135412,0.0275558
2025-11-27,517120.SH,华泰柏瑞中证沪港深创新药产业ETF,20210719,中证沪港深创新药产业指数,中证沪港深创新药产业指数收益率,华泰柏瑞基金管理有限公司,上海浦东发展银行股份有限公司,股票型ETF,主题指数ETF,931409.CSI,293789044.16,5987300,4317787,0.722,0.72115761695589,0.013852334
2025-11-28,517120.SH,华泰柏瑞中证沪港深创新药产业ETF,20210719,中证沪港深创新药产业指数,中证沪港深创新药产业指数收益率,华泰柏瑞基金管理有限公司,上海浦东发展银行股份有限公司,股票型ETF,主题指数ETF,931409.CSI,292486751.68,3100500,2222126,0.717,0.71669924205773,-0.236538194
2025-12-01,517120.SH,华泰柏瑞中证沪港深创新药产业ETF,20210719,中证沪港深创新药产业指数,中证沪港深创新药产业指数收益率,华泰柏瑞基金管理有限公司,上海浦东发展银行股份有限公司,股票型ETF,主题指数ETF,931409.CSI,293015808.0,3120200,2233474,0.717,0.7158111659509,-0.416666667
2025-12-02,517120.SH,华泰柏瑞中证沪港深创新药产业ETF,20210719,中证沪港深创新药产业指数,中证沪港深创新药产业指数收益率,华泰柏瑞基金管理有限公司,上海浦东发展银行股份有限公司,股票型ETF,主题指数ETF,931409.CSI,288539177.6,3067600,2176331,0.708,0.70945723040814,-0.141043724
2025-12-03,517120.SH,华泰柏瑞中证沪港深创新药产业ETF,20210719,中证沪港深创新药产业指数,中证沪港深创新药产业指数收益率,华泰柏瑞基金管理有限公司,上海浦东发展银行股份有限公司,股票型ETF,主题指数ETF,931409.CSI,285079963.2,5573700,3906325,0.701,0.70084952544988,0.071377587
2025-12-04,517120.SH,华泰柏瑞中证沪港深创新药产业ETF,20210719,中证沪港深创新药产业指数,中证沪港深创新药产业指数收益率,华泰柏瑞基金管理有限公司,上海浦东发展银行股份有限公司,股票型ETF,主题指数ETF,931409.CSI,289800773.44,5998900,4244689,0.71,0.7075778892797,-0.294902401
2025-12-05,517120.SH,华泰柏瑞中证沪港深创新药产业ETF,20210719,中证沪港深创新药产业指数,中证沪港深创新药产业指数收益率,华泰柏瑞基金管理有限公司,上海浦东发展银行股份有限公司,股票型ETF,主题指数ETF,931409.CSI,290451919.68,6690900,4738309,0.711,0.70817214425563,-0.378310214
2025-12-08,517120.SH,华泰柏瑞中证沪港深创新药产业ETF,20210719,中证沪港深创新药产业指数,中证沪港深创新药产业指数收益率,华泰柏瑞基金管理有限公司,上海浦东发展银行股份有限公司,股票型ETF,主题指数ETF,931409.CSI,288986840.64,6157300,4377106,0.71,0.71088074318289,-0.014082524
2025-12-09,517120.SH,华泰柏瑞中证沪港深创新药产业ETF,20210719,中证沪港深创新药产业指数,中证沪港深创新药产业指数收益率,华泰柏瑞基金管理有限公司,上海浦东发展银行股份有限公司,股票型ETF,主题指数ETF,931409.CSI,288335694.4,6277400,4447265,0.706,0.70845652658744,-0.352858151
2025-12-10,517120.SH,华泰柏瑞中证沪港深创新药产业ETF,20210719,中证沪港深创新药产业指数,中证沪港深创新药产业指数收益率,华泰柏瑞基金管理有限公司,上海浦东发展银行股份有限公司,股票型ETF,主题指数ETF,931409.CSI,287928728.0,2166200,1521262,0.706,0.70227218170067,-0.212014134
2025-12-11,517120.SH,华泰柏瑞中证沪港深创新药产业ETF,20210719,中证沪港深创新药产业指数,中证沪港深创新药产业指数收益率,华泰柏瑞基金管理有限公司,上海浦东发展银行股份有限公司,股票型ETF,主题指数ETF,931409.CSI,287440368.32,4894300,3470704,0.708,0.70913184725088,0.240690925
2025-12-12,517120.SH,华泰柏瑞中证沪港深创新药产业ETF,20210719,中证沪港深创新药产业指数,中证沪港深创新药产业指数收益率,华泰柏瑞基金管理有限公司,上海浦东发展银行股份有限公司,股票型ETF,主题指数ETF,931409.CSI,289353110.4,6909800,4896006,0.711,0.70855972676488,0
2025-12-15,517120.SH,华泰柏瑞中证沪港深创新药产业ETF,20210719,中证沪港深创新药产业指数,中证沪港深创新药产业指数收益率,华泰柏瑞基金管理有限公司,上海浦东发展银行股份有限公司,股票型ETF,主题指数ETF,931409.CSI,279545220.16,12031000,8302510,0.687,0.69009309284349,0.01455816
2025-12-16,517120.SH,华泰柏瑞中证沪港深创新药产业ETF,20210719,中证沪港深创新药产业指数,中证沪港深创新药产业指数收益率,华泰柏瑞基金管理有限公司,上海浦东发展银行股份有限公司,股票型ETF,主题指数ETF,931409.CSI,277442805.76,6126800,4138859,0.676,0.67553355748515,-0.353773585
2025-12-17,517120.SH,华泰柏瑞中证沪港深创新药产业ETF,20210719,中证沪港深创新药产业指数,中证沪港深创新药产业指数收益率,华泰柏瑞基金管理有限公司,上海浦东发展银行股份有限公司,股票型ETF,主题指数ETF,931409.CSI,280428260.48,4562400,3093947,0.683,0.67814023321059,-0.393758203
2025-12-18,517120.SH,华泰柏瑞中证沪港深创新药产业ETF,20210719,中证沪港深创新药产业指数,中证沪港深创新药产业指数收益率,华泰柏瑞基金管理有限公司,上海浦东发展银行股份有限公司,股票型ETF,主题指数ETF,931409.CSI,280919020.16,4635100,3169721,0.683,0.68385169683502,-0.567768234
2025-12-19,517120.SH,华泰柏瑞中证沪港深创新药产业ETF,20210719,中证沪港深创新药产业指数,中证沪港深创新药产业指数收益率,华泰柏瑞基金管理有限公司,上海浦东发展银行股份有限公司,股票型ETF,主题指数ETF,931409.CSI,284428816.96,6745400,4699311,0.697,0.69666898923711,-0.271855773
2025-12-22,517120.SH,华泰柏瑞中证沪港深创新药产业ETF,20210719,中证沪港深创新药产业指数,中证沪港深创新药产业指数收益率,华泰柏瑞基金管理有限公司,上海浦东发展银行股份有限公司,股票型ETF,主题指数ETF,931409.CSI,282597468.16,9248100,6408944,0.693,0.69300115699441,-0.201612903
2025-12-23,517120.SH,华泰柏瑞中证沪港深创新药产业ETF,20210719,中证沪港深创新药产业指数,中证沪港深创新药产业指数收益率,华泰柏瑞基金管理有限公司,上海浦东发展银行股份有限公司,股票型ETF,主题指数ETF,931409.CSI,281702142.08,5447400,3784061,0.692,0.69465451408011,-0.028893383
2025-12-24,517120.SH,华泰柏瑞中证沪港深创新药产业ETF,20210719,中证沪港深创新药产业指数,中证沪港深创新药产业指数收益率,华泰柏瑞基金管理有限公司,上海浦东发展银行股份有限公司,股票型ETF,主题指数ETF,931409.CSI,280806816.0,2992900,2062738,0.689,0.68921046476661,-0.144927536
2025-12-25,517120.SH,华泰柏瑞中证沪港深创新药产业ETF,20210719,中证沪港深创新药产业指数,中证沪港深创新药产业指数收益率,华泰柏瑞基金管理有限公司,上海浦东发展银行股份有限公司,股票型ETF,主题指数ETF,931409.CSI,281254479.04,5672000,3902362,0.692,0.68800458392102,0.130227174
2025-12-26,517120.SH,华泰柏瑞中证沪港深创新药产业ETF,20210719,中证沪港深创新药产业指数,中证沪港深创新药产业指数收益率,华泰柏瑞基金管理有限公司,上海浦东发展银行股份有限公司,股票型ETF,主题指数ETF,931409.CSI,281254479.04,2459100,1695096,0.689,0.68931560326949,-0.303863406
2025-12-29,517120.SH,华泰柏瑞中证沪港深创新药产业ETF,20210719,中证沪港深创新药产业指数,中证沪港深创新药产业指数收益率,华泰柏瑞基金管理有限公司,上海浦东发展银行股份有限公司,股票型ETF,主题指数ETF,931409.CSI,277632478.08,3899100,2665000,0.681,0.68349106203996,-0.175901495
2025-12-30,517120.SH,华泰柏瑞中证沪港深创新药产业ETF,20210719,中证沪港深创新药产业指数,中证沪港深创新药产业指数收益率,华泰柏瑞基金管理有限公司,上海浦东发展银行股份有限公司,股票型ETF,主题指数ETF,931409.CSI,276411578.88,5394400,3633472,0.676,0.67356369568441,-0.471142521
2025-12-31,517120.SH,华泰柏瑞中证沪港深创新药产业ETF,20210719,中证沪港深创新药产业指数,中证沪港深创新药产业指数收益率,华泰柏瑞基金管理有限公司,上海浦东发展银行股份有限公司,股票型ETF,主题指数ETF,931409.CSI,273237208.7328,5776300,3876245,0.669,0.67106019424199,-0.35746202
2026-01-05,517120.SH,华泰柏瑞中证沪港深创新药产业ETF,20210719,中证沪港深创新药产业指数,中证沪港深创新药产业指数收益率,华泰柏瑞基金管理有限公司,上海浦东发展银行股份有限公司,股票型ETF,主题指数ETF,931409.CSI,285865781.76,13711200,9540838,0.705,0.69584266876714,-0.127496813
2026-01-06,517120.SH,华泰柏瑞中证沪港深创新药产业ETF,20210719,中证沪港深创新药产业指数,中证沪港深创新药产业指数收益率,华泰柏瑞基金管理有限公司,上海浦东发展银行股份有限公司,股票型ETF,主题指数ETF,931409.CSI,288093096.96,15693100,11093527,0.709,0.70690475431878,-0.337362946
2026-01-07,517120.SH,华泰柏瑞中证沪港深创新药产业ETF,20210719,中证沪港深创新药产业指数,中证沪港深创新药产业指数收益率,华泰柏瑞基金管理有限公司,上海浦东发展银行股份有限公司,股票型ETF,主题指数ETF,931409.CSI,296516398.08,15552600,11249330,0.725,0.72330864292787,-0.983337886
2026-01-08,517120.SH,华泰柏瑞中证沪港深创新药产业ETF,20210719,中证沪港深创新药产业指数,中证沪港深创新药产业指数收益率,华泰柏瑞基金管理有限公司,上海浦东发展银行股份有限公司,股票型ETF,主题指数ETF,931409.CSI,296718881.28,12380100,9052297,0.728,0.73119740551369,-0.641463082
2026-01-09,517120.SH,华泰柏瑞中证沪港深创新药产业ETF,20210719,中证沪港深创新药产业指数,中证沪港深创新药产业指数收益率,华泰柏瑞基金管理有限公司,上海浦东发展银行股份有限公司,股票型ETF,主题指数ETF,931409.CSI,299351162.88,13337800,9762718,0.737,0.73195864385431,-0.297619048
2026-01-12,517120.SH,华泰柏瑞中证沪港深创新药产业ETF,20210719,中证沪港深创新药产业指数,中证沪港深创新药产业指数收益率,华泰柏瑞基金管理有限公司,上海浦东发展银行股份有限公司,股票型ETF,主题指数ETF,931409.CSI,300080102.4,10442600,7679732,0.738,0.73542336199797,-0.4048583
2026-01-13,517120.SH,华泰柏瑞中证沪港深创新药产业ETF,20210719,中证沪港深创新药产业指数,中证沪港深创新药产业指数收益率,华泰柏瑞基金管理有限公司,上海浦东发展银行股份有限公司,股票型ETF,主题指数ETF,931409.CSI,305425658.88,14839100,11194943,0.747,0.75442196629176,-0.954653938
2026-01-14,517120.SH,华泰柏瑞中证沪港深创新药产业ETF,20210719,中证沪港深创新药产业指数,中证沪港深创新药产业指数收益率,华泰柏瑞基金管理有限公司,上海浦东发展银行股份有限公司,股票型ETF,主题指数ETF,931409.CSI,305794552.96,13347800,10055028,0.75,0.75330975891158,-0.186318871
2026-01-15,517120.SH,华泰柏瑞中证沪港深创新药产业ETF,20210719,中证沪港深创新药产业指数,中证沪港深创新药产业指数收益率,华泰柏瑞基金管理有限公司,上海浦东发展银行股份有限公司,股票型ETF,主题指数ETF,931409.CSI,303881810.88,5799400,4326285,0.742,0.74598837810808,-0.629436186
2026-01-16,517120.SH,华泰柏瑞中证沪港深创新药产业ETF,20210719,中证沪港深创新药产业指数,中证沪港深创新药产业指数收益率,华泰柏瑞基金管理有限公司,上海浦东发展银行股份有限公司,股票型ETF,主题指数ETF,931409.CSI,302050462.08,10503200,7750128,0.736,0.73788255007998,-0.835354352
2026-01-19,517120.SH,华泰柏瑞中证沪港深创新药产业ETF,20210719,中证沪港深创新药产业指数,中证沪港深创新药产业指数收益率,华泰柏瑞基金管理有限公司,上海浦东发展银行股份有限公司,股票型ETF,主题指数ETF,931409.CSI,295620392.96,11902200,8634904,0.724,0.72548806103073,-0.330396476
2026-01-20,517120.SH,华泰柏瑞中证沪港深创新药产业ETF,20210719,中证沪港深创新药产业指数,中证沪港深创新药产业指数收益率,华泰柏瑞基金管理有限公司,上海浦东发展银行股份有限公司,股票型ETF,主题指数ETF,931409.CSI,291672818.88,9418900,6746890,0.715,0.71631400694349,-0.23719827
2026-01-21,517120.SH,华泰柏瑞中证沪港深创新药产业ETF,20210719,中证沪港深创新药产业指数,中证沪港深创新药产业指数收益率,华泰柏瑞基金管理有限公司,上海浦东发展银行股份有限公司,股票型ETF,主题指数ETF,931409.CSI,292079785.28,8533100,6100730,0.715,0.71494884625751,-0.376201756
2026-01-22,517120.SH,华泰柏瑞中证沪港深创新药产业ETF,20210719,中证沪港深创新药产业指数,中证沪港深创新药产业指数收益率,华泰柏瑞基金管理有限公司,上海浦东发展银行股份有限公司,股票型ETF,主题指数ETF,931409.CSI,289393807.04,10021300,7126926,0.71,0.71117779130452,-0.154689917
2026-01-23,517120.SH,华泰柏瑞中证沪港深创新药产业ETF,20210719,中证沪港深创新药产业指数,中证沪港深创新药产业指数收益率,华泰柏瑞基金管理有限公司,上海浦东发展银行股份有限公司,股票型ETF,主题指数ETF,931409.CSI,292323965.12,9912100,7102145,0.717,0.71651264615974,-0.180982876
2026-01-26,517120.SH,华泰柏瑞中证沪港深创新药产业ETF,20210719,中证沪港深创新药产业指数,中证沪港深创新药产业指数收益率,华泰柏瑞基金管理有限公司,上海浦东发展银行股份有限公司,股票型ETF,主题指数ETF,931409.CSI,289068233.92,7075100,5018764,0.711,0.70935591016381,0.098549908
2026-01-27,517120.SH,华泰柏瑞中证沪港深创新药产业ETF,20210719,中证沪港深创新药产业指数,中证沪港深创新药产业指数收益率,华泰柏瑞基金管理有限公司,上海浦东发展银行股份有限公司,股票型ETF,主题指数ETF,931409.CSI,287847334.72,6501900,4559000,0.706,0.70117965517772,-0.18379754
2026-01-28,517120.SH,华泰柏瑞中证沪港深创新药产业ETF,20210719,中证沪港深创新药产业指数,中证沪港深创新药产业指数收益率,华泰柏瑞基金管理有限公司,上海浦东发展银行股份有限公司,股票型ETF,主题指数ETF,931409.CSI,289108930.56,11122700,7829183,0.707,0.70389231032034,-0.478603604
2026-01-29,517120.SH,华泰柏瑞中证沪港深创新药产业ETF,20210719,中证沪港深创新药产业指数,中证沪港深创新药产业指数收益率,华泰柏瑞基金管理有限公司,上海浦东发展银行股份有限公司,股票型ETF,主题指数ETF,931409.CSI,289231020.48,8264500,5824581,0.706,0.70477112952992,-0.661319826
2026-01-30,517120.SH,华泰柏瑞中证沪港深创新药产业ETF,20210719,中证沪港深创新药产业指数,中证沪港深创新药产业指数收益率,华泰柏瑞基金管理有限公司,上海浦东发展银行股份有限公司,股票型ETF,主题指数ETF,931409.CSI,283899760.64,9916100,6947214,0.697,0.70059942921108,-0.086009174
2026-02-02,517120.SH,华泰柏瑞中证沪港深创新药产业ETF,20210719,中证沪港深创新药产业指数,中证沪港深创新药产业指数收益率,华泰柏瑞基金管理有限公司,上海浦东发展银行股份有限公司,股票型ETF,主题指数ETF,931409.CSI,276543079.68,16082300,10921765,0.673,0.67911710389683,-0.473232771
2026-02-03,517120.SH,华泰柏瑞中证沪港深创新药产业ETF,20210719,中证沪港深创新药产业指数,中证沪港深创新药产业指数收益率,华泰柏瑞基金管理有限公司,上海浦东发展银行股份有限公司,股票型ETF,主题指数ETF,931409.CSI,280837226.88,6473200,4420782,0.687,0.68293610579003,0.0436872
2026-02-04,517120.SH,华泰柏瑞中证沪港深创新药产业ETF,20210719,中证沪港深创新药产业指数,中证沪港深创新药产业指数收益率,华泰柏瑞基金管理有限公司,上海浦东发展银行股份有限公司,股票型ETF,主题指数ETF,931409.CSI,283291025.28,6149900,4206344,0.693,0.68396949543895,0.043308792
2026-02-05,517120.SH,华泰柏瑞中证沪港深创新药产业ETF,20210719,中证沪港深创新药产业指数,中证沪港深创新药产业指数收益率,华泰柏瑞基金管理有限公司,上海浦东发展银行股份有限公司,股票型ETF,主题指数ETF,931409.CSI,284477027.84,7048200,4872893,0.693,0.69136701569195,-0.373778033
2026-02-06,517120.SH,华泰柏瑞中证沪港深创新药产业ETF,20210719,中证沪港深创新药产业指数,中证沪港深创新药产业指数收益率,华泰柏瑞基金管理有限公司,上海浦东发展银行股份有限公司,股票型ETF,主题指数ETF,931409.CSI,283781784.96,3126300,2167546,0.693,0.69332629626076,-0.129701686
2026-02-09,517120.SH,华泰柏瑞中证沪港深创新药产业ETF,20210719,中证沪港深创新药产业指数,中证沪港深创新药产业指数收益率,华泰柏瑞基金管理有限公司,上海浦东发展银行股份有限公司,股票型ETF,主题指数ETF,931409.CSI,287421585.92,8493000,5946361,0.702,0.70014847521488,-0.113830393
2026-02-10,517120.SH,华泰柏瑞中证沪港深创新药产业ETF,20210719,中证沪港深创新药产业指数,中证沪港深创新药产业指数收益率,华泰柏瑞基金管理有限公司,上海浦东发展银行股份有限公司,股票型ETF,主题指数ETF,931409.CSI,294210428.16,10731600,7665083,0.718,0.71425351298968,-0.194606617
2026-02-11,517120.SH,华泰柏瑞中证沪港深创新药产业ETF,20210719,中证沪港深创新药产业指数,中证沪港深创新药产业指数收益率,华泰柏瑞基金管理有限公司,上海浦东发展银行股份有限公司,股票型ETF,主题指数ETF,931409.CSI,294196010.56,4990800,3595211,0.72,0.72036767652481,-0.401161986
2026-02-12,517120.SH,华泰柏瑞中证沪港深创新药产业ETF,20210719,中证沪港深创新药产业指数,中证沪港深创新药产业指数收益率,华泰柏瑞基金管理有限公司,上海浦东发展银行股份有限公司,股票型ETF,主题指数ETF,931409.CSI,288134455.04,13855800,9967551,0.718,0.71937751699649,-0.083495686
2026-02-13,517120.SH,华泰柏瑞中证沪港深创新药产业ETF,20210719,中证沪港深创新药产业指数,中证沪港深创新药产业指数收益率,华泰柏瑞基金管理有限公司,上海浦东发展银行股份有限公司,股票型ETF,主题指数ETF,931409.CSI,284605950.72,7961500,5662891,0.707,0.71128443132576,-0.394477318
2026-02-24,517120.SH,华泰柏瑞中证沪港深创新药产业ETF,20210719,中证沪港深创新药产业指数,中证沪港深创新药产业指数收益率,华泰柏瑞基金管理有限公司,上海浦东发展银行股份有限公司,股票型ETF,主题指数ETF,931409.CSI,283884211.2,8976600,6380467,0.704,0.71078882873248,-0.564971751
2026-02-25,517120.SH,华泰柏瑞中证沪港深创新药产业ETF,20210719,中证沪港深创新药产业指数,中证沪港深创新药产业指数收益率,华泰柏瑞基金管理有限公司,上海浦东发展银行股份有限公司,股票型ETF,主题指数ETF,931409.CSI,283964404.48,7197000,5074137,0.705,0.70503501458941,-0.45184976
2026-02-26,517120.SH,华泰柏瑞中证沪港深创新药产业ETF,20210719,中证沪港深创新药产业指数,中证沪港深创新药产业指数收益率,华泰柏瑞基金管理有限公司,上海浦东发展银行股份有限公司,股票型ETF,主题指数ETF,931409.CSI,273819954.56,9783100,6782870,0.686,0.69332522411097,0.453946405
2026-02-27,517120.SH,华泰柏瑞中证沪港深创新药产业ETF,20210719,中证沪港深创新药产业指数,中证沪港深创新药产业指数收益率,华泰柏瑞基金管理有限公司,上海浦东发展银行股份有限公司,股票型ETF,主题指数ETF,931409.CSI,278657379.84,9578800,6568554,0.686,0.68573871466154,-0.305188199
2026-03-02,517120.SH,华泰柏瑞中证沪港深创新药产业ETF,20210719,中证沪港深创新药产业指数,中证沪港深创新药产业指数收益率,华泰柏瑞基金管理有限公司,上海浦东发展银行股份有限公司,股票型ETF,主题指数ETF,931409.CSI,278533555.2,19720900,13229435,0.666,0.67083322769245,-0.299401198
2026-03-03,517120.SH,华泰柏瑞中证沪港深创新药产业ETF,20210719,中证沪港深创新药产业指数,中证沪港深创新药产业指数收益率,华泰柏瑞基金管理有限公司,上海浦东发展银行股份有限公司,股票型ETF,主题指数ETF,931409.CSI,270069137.28,10146200,6642295,0.648,0.65465839427569,0.04631774
2026-03-04,517120.SH,华泰柏瑞中证沪港深创新药产业ETF,20210719,中证沪港深创新药产业指数,中证沪港深创新药产业指数收益率,华泰柏瑞基金管理有限公司,上海浦东发展银行股份有限公司,股票型ETF,主题指数ETF,931409.CSI,265482506.88,9762400,6239594,0.632,0.63914549700893,-0.738181247
2026-03-05,517120.SH,华泰柏瑞中证沪港深创新药产业ETF,20210719,中证沪港深创新药产业指数,中证沪港深创新药产业指数收益率,华泰柏瑞基金管理有限公司,上海浦东发展银行股份有限公司,股票型ETF,主题指数ETF,931409.CSI,267155368.32,9040100,5829732,0.644,0.64487472483711,0.031065548
2026-03-06,517120.SH,华泰柏瑞中证沪港深创新药产业ETF,20210719,中证沪港深创新药产业指数,中证沪港深创新药产业指数收益率,华泰柏瑞基金管理有限公司,上海浦东发展银行股份有限公司,股票型ETF,主题指数ETF,931409.CSI,275496192.96,12040200,7947300,0.663,0.66006378631584,-0.135562585
2026-03-09,517120.SH,华泰柏瑞中证沪港深创新药产业ETF,20210719,中证沪港深创新药产业指数,中证沪港深创新药产业指数收益率,华泰柏瑞基金管理有限公司,上海浦东发展银行股份有限公司,股票型ETF,主题指数ETF,931409.CSI,270973059.2,4458800,2868464,0.65,0.64332645554858,-0.45941807
2026-03-10,517120.SH,华泰柏瑞中证沪港深创新药产业ETF,20210719,中证沪港深创新药产业指数,中证沪港深创新药产业指数收益率,华泰柏瑞基金管理有限公司,上海浦东发展银行股份有限公司,股票型ETF,主题指数ETF,931409.CSI,275316180.48,15431000,10363016,0.675,0.67157125267319,0.267379679
2026-03-11,517120.SH,华泰柏瑞中证沪港深创新药产业ETF,20210719,中证沪港深创新药产业指数,中证沪港深创新药产业指数收益率,华泰柏瑞基金管理有限公司,上海浦东发展银行股份有限公司,股票型ETF,主题指数ETF,931409.CSI,271390103.04,9878600,6582672,0.665,0.6663567712024,0.210970464
2026-03-12,517120.SH,华泰柏瑞中证沪港深创新药产业ETF,20210719,中证沪港深创新药产业指数,中证沪港深创新药产业指数收益率,华泰柏瑞基金管理有限公司,上海浦东发展银行股份有限公司,股票型ETF,主题指数ETF,931409.CSI,273962128.96,13995000,9180824,0.654,0.65600743122544,0.015292858
2026-03-13,517120.SH,华泰柏瑞中证沪港深创新药产业ETF,20210719,中证沪港深创新药产业指数,中证沪港深创新药产业指数收益率,华泰柏瑞基金管理有限公司,上海浦东发展银行股份有限公司,股票型ETF,主题指数ETF,931409.CSI,271944294.4,7001200,4531265,0.647,0.6472126206936,0.154798762
2026-03-16,517120.SH,华泰柏瑞中证沪港深创新药产业ETF,20210719,中证沪港深创新药产业指数,中证沪港深创新药产业指数收益率,华泰柏瑞基金管理有限公司,上海浦东发展银行股份有限公司,股票型ETF,主题指数ETF,931409.CSI,276953794.56,4593400,2985486,0.658,0.64995123437976,0.015199878
2026-03-17,517120.SH,华泰柏瑞中证沪港深创新药产业ETF,20210719,中证沪港深创新药产业指数,中证沪港深创新药产业指数收益率,华泰柏瑞基金管理有限公司,上海浦东发展银行股份有限公司,股票型ETF,主题指数ETF,931409.CSI,278721853.44,9479700,6323593,0.662,0.66706678481387,-0.015103459
2026-03-18,517120.SH,华泰柏瑞中证沪港深创新药产业ETF,20210719,中证沪港深创新药产业指数,中证沪港深创新药产业指数收益率,华泰柏瑞基金管理有限公司,上海浦东发展银行股份有限公司,股票型ETF,主题指数ETF,931409.CSI,280246624.96,8683900,5781222,0.669,0.6657402779857,0.014949918
2026-03-19,517120.SH,华泰柏瑞中证沪港深创新药产业ETF,20210719,中证沪港深创新药产业指数,中证沪港深创新药产业指数收益率,华泰柏瑞基金管理有限公司,上海浦东发展银行股份有限公司,股票型ETF,主题指数ETF,931409.CSI,274129715.52,6411600,4196540,0.654,0.65452305196831,-0.045850527
2026-03-20,517120.SH,华泰柏瑞中证沪港深创新药产业ETF,20210719,中证沪港深创新药产业指数,中证沪港深创新药产业指数收益率,华泰柏瑞基金管理有限公司,上海浦东发展银行股份有限公司,股票型ETF,主题指数ETF,931409.CSI,272323164.16,4912900,3188753,0.645,0.64905717600602,-0.293708456
2026-03-23,517120.SH,华泰柏瑞中证沪港深创新药产业ETF,20210719,中证沪港深创新药产业指数,中证沪港深创新药产业指数收益率,华泰柏瑞基金管理有限公司,上海浦东发展银行股份有限公司,股票型ETF,主题指数ETF,931409.CSI,261462231.04,9232200,5771263,0.619,0.62512326422738,-0.338109805
2026-03-24,517120.SH,华泰柏瑞中证沪港深创新药产业ETF,20210719,中证沪港深创新药产业指数,中证沪港深创新药产业指数收益率,华泰柏瑞基金管理有限公司,上海浦东发展银行股份有限公司,股票型ETF,主题指数ETF,931409.CSI,269521085.12,9818500,6253855,0.644,0.63694607119214,0.108813928
2026-03-25,517120.SH,华泰柏瑞中证沪港深创新药产业ETF,20210719,中证沪港深创新药产业指数,中证沪港深创新药产业指数收益率,华泰柏瑞基金管理有限公司,上海浦东发展银行股份有限公司,股票型ETF,主题指数ETF,931409.CSI,271071260.8,8481500,5479841,0.647,0.64609337970878,0
2026-03-26,517120.SH,华泰柏瑞中证沪港深创新药产业ETF,20210719,中证沪港深创新药产业指数,中证沪港深创新药产业指数收益率,华泰柏瑞基金管理有限公司,上海浦东发展银行股份有限公司,股票型ETF,主题指数ETF,931409.CSI,267049183.36,9393000,6097526,0.639,0.64915639305866,0.251019768
2026-03-27,517120.SH,华泰柏瑞中证沪港深创新药产业ETF,20210719,中证沪港深创新药产业指数,中证沪港深创新药产业指数收益率,华泰柏瑞基金管理有限公司,上海浦东发展银行股份有限公司,股票型ETF,主题指数ETF,931409.CSI,280204728.32,14688700,9681176,0.668,0.65909004881303,-0.119617225
2026-03-30,517120.SH,华泰柏瑞中证沪港深创新药产业ETF,20210719,中证沪港深创新药产业指数,中证沪港深创新药产业指数收益率,华泰柏瑞基金管理有限公司,上海浦东发展银行股份有限公司,股票型ETF,主题指数ETF,931409.CSI,280539901.44,13970700,9340884,0.671,0.66860529536816,0.209080048
2026-03-31,517120.SH,华泰柏瑞中证沪港深创新药产业ETF,20210719,中证沪港深创新药产业指数,中证沪港深创新药产业指数收益率,华泰柏瑞基金管理有限公司,上海浦东发展银行股份有限公司,股票型ETF,主题指数ETF,931409.CSI,281335905.368,12416700,8414540,0.671,0.67767925455234,-0.074460164
2026-04-01,517120.SH,华泰柏瑞中证沪港深创新药产业ETF,20210719,中证沪港深创新药产业指数,中证沪港深创新药产业指数收益率,华泰柏瑞基金管理有限公司,上海浦东发展银行股份有限公司,股票型ETF,主题指数ETF,931409.CSI,290202557.44,34274000,23922268,0.712,0.69797129019082,0.338218715
2026-04-02,517120.SH,华泰柏瑞中证沪港深创新药产业ETF,20210719,中证沪港深创新药产业指数,中证沪港深创新药产业指数收益率,华泰柏瑞基金管理有限公司,上海浦东发展银行股份有限公司,股票型ETF,主题指数ETF,931409.CSI,292895753.28,16143700,11487562,0.71,0.71158173157331,-0.378841027
2026-04-03,517120.SH,华泰柏瑞中证沪港深创新药产业ETF,20210719,中证沪港深创新药产业指数,中证沪港深创新药产业指数收益率,华泰柏瑞基金管理有限公司,上海浦东发展银行股份有限公司,股票型ETF,主题指数ETF,931409.CSI,289608022.08,13208200,9237578,0.699,0.69938205054436,-0.808854832
2026-04-07,517120.SH,华泰柏瑞中证沪港深创新药产业ETF,20210719,中证沪港深创新药产业指数,中证沪港深创新药产业指数收益率,华泰柏瑞基金管理有限公司,上海浦东发展银行股份有限公司,股票型ETF,主题指数ETF,931409.CSI,289032669.12,8747000,6124129,0.7,0.70014050531611,-0.469216551
2026-04-08,517120.SH,华泰柏瑞中证沪港深创新药产业ETF,20210719,中证沪港深创新药产业指数,中证沪港深创新药产业指数收益率,华泰柏瑞基金管理有限公司,上海浦东发展银行股份有限公司,股票型ETF,主题指数ETF,931409.CSI,290934828.8,15881400,11212656,0.708,0.7060244059088,0.496806246
2026-04-09,517120.SH,华泰柏瑞中证沪港深创新药产业ETF,20210719,中证沪港深创新药产业指数,中证沪港深创新药产业指数收益率,华泰柏瑞基金管理有限公司,上海浦东发展银行股份有限公司,股票型ETF,主题指数ETF,931409.CSI,290725459.84,10353500,7327642,0.7,0.70774540010624,-0.085640879
2026-04-10,517120.SH,华泰柏瑞中证沪港深创新药产业ETF,20210719,中证沪港深创新药产业指数,中证沪港深创新药产业指数收益率,华泰柏瑞基金管理有限公司,上海浦东发展银行股份有限公司,股票型ETF,主题指数ETF,931409.CSI,292634305.28,11039500,7770214,0.702,0.7038556094026,-0.45377198
2026-04-13,517120.SH,华泰柏瑞中证沪港深创新药产业ETF,20210719,中证沪港深创新药产业指数,中证沪港深创新药产业指数收益率,华泰柏瑞基金管理有限公司,上海浦东发展银行股份有限公司,股票型ETF,主题指数ETF,931409.CSI,289439064.0,9775700,6817796,0.696,0.69742279325266,-0.215053763
2026-04-14,517120.SH,华泰柏瑞中证沪港深创新药产业ETF,20210719,中证沪港深创新药产业指数,中证沪港深创新药产业指数收益率,华泰柏瑞基金管理有限公司,上海浦东发展银行股份有限公司,股票型ETF,主题指数ETF,931409.CSI,291679882.56,9197800,6409647,0.704,0.69686740307465,0.156494523
2026-04-15,517120.SH,华泰柏瑞中证沪港深创新药产业ETF,20210719,中证沪港深创新药产业指数,中证沪港深创新药产业指数收益率,华泰柏瑞基金管理有限公司,上海浦东发展银行股份有限公司,股票型ETF,主题指数ETF,931409.CSI,300924650.88,21041700,15026463,0.72,0.7141278033619,-0.23555494
2026-04-16,517120.SH,华泰柏瑞中证沪港深创新药产业ETF,20210719,中证沪港深创新药产业指数,中证沪港深创新药产业指数收益率,华泰柏瑞基金管理有限公司,上海浦东发展银行股份有限公司,股票型ETF,主题指数ETF,931409.CSI,301550100.48,10854800,7797771,0.721,0.71837076684969,-0.30420354
2026-04-17,517120.SH,华泰柏瑞中证沪港深创新药产业ETF,20210719,中证沪港深创新药产业指数,中证沪港深创新药产业指数收益率,华泰柏瑞基金管理有限公司,上海浦东发展银行股份有限公司,股票型ETF,主题指数ETF,931409.CSI,294962031.36,13610900,9628051,0.705,0.70737798382179,-0.339270568
2026-04-20,517120.SH,华泰柏瑞中证沪港深创新药产业ETF,20210719,中证沪港深创新药产业指数,中证沪港深创新药产业指数收益率,华泰柏瑞基金管理有限公司,上海浦东发展银行股份有限公司,股票型ETF,主题指数ETF,931409.CSI,293169075.84,15545400,10909980,0.703,0.70181404145278,-0.014222728
2026-04-21,517120.SH,华泰柏瑞中证沪港深创新药产业ETF,20210719,中证沪港深创新药产业指数,中证沪港深创新药产业指数收益率,华泰柏瑞基金管理有限公司,上海浦东发展银行股份有限公司,股票型ETF,主题指数ETF,931409.CSI,290583884.16,12180200,8472111,0.695,0.6955641943482,-0.272635959
2026-04-22,517120.SH,华泰柏瑞中证沪港深创新药产业ETF,20210719,中证沪港深创新药产业指数,中证沪港深创新药产业指数收益率,华泰柏瑞基金管理有限公司,上海浦东发展银行股份有限公司,股票型ETF,主题指数ETF,931409.CSI,290250311.04,16577300,11485295,0.696,0.69283266876994,-0.014365752
2026-04-23,517120.SH,华泰柏瑞中证沪港深创新药产业ETF,20210719,中证沪港深创新药产业指数,中证沪港深创新药产业指数收益率,华泰柏瑞基金管理有限公司,上海浦东发展银行股份有限公司,股票型ETF,主题指数ETF,931409.CSI,288293898.24,23380900,15963988,0.679,0.68277902048253,-0.381455399
2026-04-24,517120.SH,华泰柏瑞中证沪港深创新药产业ETF,20210719,中证沪港深创新药产业指数,中证沪港深创新药产业指数收益率,华泰柏瑞基金管理有限公司,上海浦东发展银行股份有限公司,股票型ETF,主题指数ETF,931409.CSI,287814727.68,15355300,10393272,0.679,0.67685242229067,-0.68743601
2026-04-27,517120.SH,华泰柏瑞中证沪港深创新药产业ETF,20210719,中证沪港深创新药产业指数,中证沪港深创新药产业指数收益率,华泰柏瑞基金管理有限公司,上海浦东发展银行股份有限公司,股票型ETF,主题指数ETF,931409.CSI,282467628.48,14334400,9705366,0.681,0.67706817167095,0.044072279
2026-04-28,517120.SH,华泰柏瑞中证沪港深创新药产业ETF,20210719,中证沪港深创新药产业指数,中证沪港深创新药产业指数收益率,华泰柏瑞基金管理有限公司,上海浦东发展银行股份有限公司,股票型ETF,主题指数ETF,931409.CSI,289751173.12,21637300,15124955,0.688,0.69902229021181,-0.043585646
2026-04-29,517120.SH,华泰柏瑞中证沪港深创新药产业ETF,20210719,中证沪港深创新药产业指数,中证沪港深创新药产业指数收益率,华泰柏瑞基金管理有限公司,上海浦东发展银行股份有限公司,股票型ETF,主题指数ETF,931409.CSI,288584056.32,17935200,12308308,0.686,0.68626544448905,-0.406504065
2026-04-30,517120.SH,华泰柏瑞中证沪港深创新药产业ETF,20210719,中证沪港深创新药产业指数,中证沪港深创新药产业指数收益率,华泰柏瑞基金管理有限公司,上海浦东发展银行股份有限公司,股票型ETF,主题指数ETF,931409.CSI,287871813.44,13812900,9472782,0.687,0.68579241144148,-0.014553922
2026-05-06,517120.SH,华泰柏瑞中证沪港深创新药产业ETF,20210719,中证沪港深创新药产业指数,中证沪港深创新药产业指数收益率,华泰柏瑞基金管理有限公司,上海浦东发展银行股份有限公司,股票型ETF,主题指数ETF,931409.CSI,288123193.28,14918400,10202981,0.687,0.6839192540755,-0.101788571
2026-05-07,517120.SH,华泰柏瑞中证沪港深创新药产业ETF,20210719,中证沪港深创新药产业指数,中证沪港深创新药产业指数收益率,华泰柏瑞基金管理有限公司,上海浦东发展银行股份有限公司,股票型ETF,主题指数ETF,931409.CSI,291851994.24,13784500,9576766,0.695,0.69474888461678,-0.229687051
2026-05-08,517120.SH,华泰柏瑞中证沪港深创新药产业ETF,20210719,中证沪港深创新药产业指数,中证沪港深创新药产业指数收益率,华泰柏瑞基金管理有限公司,上海浦东发展银行股份有限公司,股票型ETF,主题指数ETF,931409.CSI,289393610.88,16337800,11176724,0.682,0.68410214349545,-0.321543408
2026-05-11,517120.SH,华泰柏瑞中证沪港深创新药产业ETF,20210719,中证沪港深创新药产业指数,中证沪港深创新药产业指数收益率,华泰柏瑞基金管理有限公司,上海浦东发展银行股份有限公司,股票型ETF,主题指数ETF,931409.CSI,292227485.76,18914400,12859079,0.689,0.67985656431079,-0.275003618
2026-05-12,517120.SH,华泰柏瑞中证沪港深创新药产业ETF,20210719,中证沪港深创新药产业指数,中证沪港深创新药产业指数收益率,华泰柏瑞基金管理有限公司,上海浦东发展银行股份有限公司,股票型ETF,主题指数ETF,931409.CSI,292904232.0,19108200,13210796,0.691,0.69136789441182,-0.216606498
2026-05-13,517120.SH,华泰柏瑞中证沪港深创新药产业ETF,20210719,中证沪港深创新药产业指数,中证沪港深创新药产业指数收益率,华泰柏瑞基金管理有限公司,上海浦东发展银行股份有限公司,股票型ETF,主题指数ETF,931409.CSI,290889500.8,16149700,11005198,0.682,0.68144906716533,-0.365230095
2026-05-14,517120.SH,华泰柏瑞中证沪港深创新药产业ETF,20210719,中证沪港深创新药产业指数,中证沪港深创新药产业指数收益率,华泰柏瑞基金管理有限公司,上海浦东发展银行股份有限公司,股票型ETF,主题指数ETF,931409.CSI,283070119.04,15312800,10295319,0.662,0.6723341910036,-0.615523195
2026-05-15,517120.SH,华泰柏瑞中证沪港深创新药产业ETF,20210719,中证沪港深创新药产业指数,中证沪港深创新药产业指数收益率,华泰柏瑞基金管理有限公司,上海浦东发展银行股份有限公司,股票型ETF,主题指数ETF,931409.CSI,283403504.64,14975200,9866584,0.656,0.65886158448635,-0.243309002
2026-05-18,517120.SH,华泰柏瑞中证沪港深创新药产业ETF,20210719,中证沪港深创新药产业指数,中证沪港深创新药产业指数收益率,华泰柏瑞基金管理有限公司,上海浦东发展银行股份有限公司,股票型ETF,主题指数ETF,931409.CSI,277499264.96,11698000,7527834,0.643,0.6435146178834,-0.139773257
2026-05-19,517120.SH,华泰柏瑞中证沪港深创新药产业ETF,20210719,中证沪港深创新药产业指数,中证沪港深创新药产业指数收益率,华泰柏瑞基金管理有限公司,上海浦东发展银行股份有限公司,股票型ETF,主题指数ETF,931409.CSI,276982105.28,8062300,5204929,0.645,0.64558860374831,0.357865256
2026-05-20,517120.SH,华泰柏瑞中证沪港深创新药产业ETF,20210719,中证沪港深创新药产业指数,中证沪港深创新药产业指数收益率,华泰柏瑞基金管理有限公司,上海浦东发展银行股份有限公司,股票型ETF,主题指数ETF,931409.CSI,280509831.36,12538200,8041146,0.644,0.64133177011054,-0.13955652
2026-05-21,517120.SH,华泰柏瑞中证沪港深创新药产业ETF,20210719,中证沪港深创新药产业指数,中证沪港深创新药产业指数收益率,华泰柏瑞基金管理有限公司,上海浦东发展银行股份有限公司,股票型ETF,主题指数ETF,931409.CSI,283119629.76,14792400,9692974,0.65,0.65526716421946,-0.138270088
2026-05-22,517120.SH,华泰柏瑞中证沪港深创新药产业ETF,20210719,中证沪港深创新药产业指数,中证沪港深创新药产业指数收益率,华泰柏瑞基金管理有限公司,上海浦东发展银行股份有限公司,股票型ETF,主题指数ETF,931409.CSI,281336267.52,5923100,3837891,0.646,0.64795309888403,-0.123685838
2026-05-25,517120.SH,华泰柏瑞中证沪港深创新药产业ETF,20210719,中证沪港深创新药产业指数,中证沪港深创新药产业指数收益率,华泰柏瑞基金管理有限公司,上海浦东发展银行股份有限公司,股票型ETF,主题指数ETF,931409.CSI,279335422.08,9326800,5976572,0.642,0.64079555688982,-0.031142946
2026-05-26,517120.SH,华泰柏瑞中证沪港深创新药产业ETF,20210719,中证沪港深创新药产业指数,中证沪港深创新药产业指数收益率,华泰柏瑞基金管理有限公司,上海浦东发展银行股份有限公司,股票型ETF,主题指数ETF,931409.CSI,280401338.88,16546400,10578244,0.643,0.63930788570323,0.202586879
2026-05-27,517120.SH,华泰柏瑞中证沪港深创新药产业ETF,20210719,中证沪港深创新药产业指数,中证沪港深创新药产业指数收益率,华泰柏瑞基金管理有限公司,上海浦东发展银行股份有限公司,股票型ETF,主题指数ETF,931409.CSI,282306689.28,15133400,9632439,0.639,0.63650197576222,-0.187441425
2026-05-28,517120.SH,华泰柏瑞中证沪港深创新药产业ETF,20210719,中证沪港深创新药产业指数,中证沪港深创新药产业指数收益率,华泰柏瑞基金管理有限公司,上海浦东发展银行股份有限公司,股票型ETF,主题指数ETF,931409.CSI,274772057.92,17719500,11047656,0.62,0.6234744772708,-0.048363695
2026-05-29,517120.SH,华泰柏瑞中证沪港深创新药产业ETF,20210719,中证沪港深创新药产业指数,中证沪港深创新药产业指数收益率,华泰柏瑞基金管理有限公司,上海浦东发展银行股份有限公司,股票型ETF,主题指数ETF,931409.CSI,283232716.16,23858400,15015307,0.639,0.6293509623445,-0.062558649
2026-06-01,517120.SH,华泰柏瑞中证沪港深创新药产业ETF,20210719,中证沪港深创新药产业指数,中证沪港深创新药产业指数收益率,华泰柏瑞基金管理有限公司,上海浦东发展银行股份有限公司,股票型ETF,主题指数ETF,931409.CSI,286992805.12,31871100,20378567,0.628,0.6394058253402,-0.443880786
2026-06-02,517120.SH,华泰柏瑞中证沪港深创新药产业ETF,20210719,中证沪港深创新药产业指数,中证沪港深创新药产业指数收益率,华泰柏瑞基金管理有限公司,上海浦东发展银行股份有限公司,股票型ETF,主题指数ETF,931409.CSI,284141707.52,20506300,12661399,0.62,0.61743946982147,-0.289482149
2026-06-03,517120.SH,华泰柏瑞中证沪港深创新药产业ETF,20210719,中证沪港深创新药产业指数,中证沪港深创新药产业指数收益率,华泰柏瑞基金管理有限公司,上海浦东发展银行股份有限公司,股票型ETF,主题指数ETF,931409.CSI,278867984.64,24874400,15101631,0.605,0.60711538770784,-0.427913101
2026-06-04,517120.SH,华泰柏瑞中证沪港深创新药产业ETF,20210719,中证沪港深创新药产业指数,中证沪港深创新药产业指数收益率,华泰柏瑞基金管理有限公司,上海浦东发展银行股份有限公司,股票型ETF,主题指数ETF,931409.CSI,276160082.88,16682600,10049985,0.601,0.60242318343663,-0.116337045
2026-06-05,517120.SH,华泰柏瑞中证沪港深创新药产业ETF,20210719,中证沪港深创新药产业指数,中证沪港深创新药产业指数收益率,华泰柏瑞基金管理有限公司,上海浦东发展银行股份有限公司,股票型ETF,主题指数ETF,931409.CSI,276072776.96,22351800,13538235,0.598,0.60568880358629,-0.150275505
2026-06-08,517120.SH,华泰柏瑞中证沪港深创新药产业ETF,20210719,中证沪港深创新药产业指数,中证沪港深创新药产业指数收益率,华泰柏瑞基金管理有限公司,上海浦东发展银行股份有限公司,股票型ETF,主题指数ETF,931409.CSI,272801770.88,31851800,18608317,0.582,0.58421555453695,-0.376583362
2026-06-09,517120.SH,华泰柏瑞中证沪港深创新药产业ETF,20210719,中证沪港深创新药产业指数,中证沪港深创新药产业指数收益率,华泰柏瑞基金管理有限公司,上海浦东发展银行股份有限公司,股票型ETF,主题指数ETF,931409.CSI,270747118.72,17635600,10115513,0.579,0.57358485109665,-0.137978613
2026-06-10,517120.SH,华泰柏瑞中证沪港深创新药产业ETF,20210719,中证沪港深创新药产业指数,中证沪港深创新药产业指数收益率,华泰柏瑞基金管理有限公司,上海浦东发展银行股份有限公司,股票型ETF,主题指数ETF,931409.CSI,275463479.36,24850500,14406546,0.588,0.57972861713044,-0.32208849
2026-06-11,517120.SH,华泰柏瑞中证沪港深创新药产业ETF,20210719,中证沪港深创新药产业指数,中证沪港深创新药产业指数收益率,华泰柏瑞基金管理有限公司,上海浦东发展银行股份有限公司,股票型ETF,主题指数ETF,931409.CSI,271344607.04,18465200,10718877,0.581,0.58049070684314,-0.870158676
2026-06-12,517120.SH,华泰柏瑞中证沪港深创新药产业ETF,20210719,中证沪港深创新药产业指数,中证沪港深创新药产业指数收益率,华泰柏瑞基金管理有限公司,上海浦东发展银行股份有限公司,股票型ETF,主题指数ETF,931409.CSI,277317386.24,18370300,10830911,0.598,0.58958813955134,-0.598404255
2026-06-15,517120.SH,华泰柏瑞中证沪港深创新药产业ETF,20210719,中证沪港深创新药产业指数,中证沪港深创新药产业指数收益率,华泰柏瑞基金管理有限公司,上海浦东发展银行股份有限公司,股票型ETF,主题指数ETF,931409.CSI,276303260.16,11889600,7121979,0.598,0.5990091340331,-0.2335669
2026-06-16,517120.SH,华泰柏瑞中证沪港深创新药产业ETF,20210719,中证沪港深创新药产业指数,中证沪港深创新药产业指数收益率,华泰柏瑞基金管理有限公司,上海浦东发展银行股份有限公司,股票型ETF,主题指数ETF,931409.CSI,271785789.44,12675800,7449520,0.586,0.58769624007952,-0.610583446
2026-06-17,517120.SH,华泰柏瑞中证沪港深创新药产业ETF,20210719,中证沪港深创新药产业指数,中证沪港深创新药产业指数收益率,华泰柏瑞基金管理有限公司,上海浦东发展银行股份有限公司,股票型ETF,主题指数ETF,931409.CSI,269250474.24,6153600,3590901,0.581,0.58354475429017,-0.530731039
2026-06-18,517120.SH,华泰柏瑞中证沪港深创新药产业ETF,20210719,中证沪港深创新药产业指数,中证沪港深创新药产业指数收益率,华泰柏瑞基金管理有限公司,上海浦东发展银行股份有限公司,股票型ETF,主题指数ETF,931409.CSI,276211066.88,16035900,9538092,0.597,0.59479617607992,-0.367156208
2026-06-22,517120.SH,华泰柏瑞中证沪港深创新药产业ETF,20210719,中证沪港深创新药产业指数,中证沪港深创新药产业指数收益率,华泰柏瑞基金管理有限公司,上海浦东发展银行股份有限公司,股票型ETF,主题指数ETF,931409.CSI,276810323.2,17225300,10111297,0.602,0.58700266468509,0.24979184
2026-06-23,517120.SH,华泰柏瑞中证沪港深创新药产业ETF,20210719,中证沪港深创新药产业指数,中证沪港深创新药产业指数收益率,华泰柏瑞基金管理有限公司,上海浦东发展银行股份有限公司,股票型ETF,主题指数ETF,931409.CSI,278930768.64,21065600,12857157,0.604,0.61033898868297,-0.181788134
2026-06-24,517120.SH,华泰柏瑞中证沪港深创新药产业ETF,20210719,中证沪港深创新药产业指数,中证沪港深创新药产业指数收益率,华泰柏瑞基金管理有限公司,上海浦东发展银行股份有限公司,股票型ETF,主题指数ETF,931409.CSI,296901496.64,48679300,30678723,0.629,0.63022112068169,0.623900176
2026-06-25,517120.SH,华泰柏瑞中证沪港深创新药产业ETF,20210719,中证沪港深创新药产业指数,中证沪港深创新药产业指数收益率,华泰柏瑞基金管理有限公司,上海浦东发展银行股份有限公司,股票型ETF,主题指数ETF,931409.CSI,298421389.12,32451900,20095681,0.629,0.61924512894468,0.111411746
2026-06-26,517120.SH,华泰柏瑞中证沪港深创新药产业ETF,20210719,中证沪港深创新药产业指数,中证沪港深创新药产业指数收益率,华泰柏瑞基金管理有限公司,上海浦东发展银行股份有限公司,股票型ETF,主题指数ETF,931409.CSI,292198641.92,18743200,11694946,0.615,0.62395674164497,-0.453221107
2026-06-29,517120.SH,华泰柏瑞中证沪港深创新药产业ETF,20210719,中证沪港深创新药产业指数,中证沪港深创新药产业指数收益率,华泰柏瑞基金管理有限公司,上海浦东发展银行股份有限公司,股票型ETF,主题指数ETF,931409.CSI,325068853.44,80258000,52776187,0.673,0.65758163672157,1.646276997
2026-06-30,517120.SH,华泰柏瑞中证沪港深创新药产业ETF,20210719,中证沪港深创新药产业指数,中证沪港深创新药产业指数收益率,华泰柏瑞基金管理有限公司,上海浦东发展银行股份有限公司,股票型ETF,主题指数ETF,931409.CSI,343582061.504,87624100,57465479,0.651,0.65581819385306,-0.153374233
2026-07-01,517120.SH,华泰柏瑞中证沪港深创新药产业ETF,20210719,中证沪港深创新药产业指数,中证沪港深创新药产业指数收益率,华泰柏瑞基金管理有限公司,上海浦东发展银行股份有限公司,股票型ETF,主题指数ETF,931409.CSI,350327262.72,84081800,56019877,0.709,0.66625449264883,6.648616125
2026-07-02,517120.SH,华泰柏瑞中证沪港深创新药产业ETF,20210719,中证沪港深创新药产业指数,中证沪港深创新药产业指数收益率,华泰柏瑞基金管理有限公司,上海浦东发展银行股份有限公司,股票型ETF,主题指数ETF,931409.CSI,397728432.64,159051500,112648215,0.767,0.70824993791319,13.193624557
2026-07-03,517120.SH,华泰柏瑞中证沪港深创新药产业ETF,20210719,中证沪港深创新药产业指数,中证沪港深创新药产业指数收益率,华泰柏瑞基金管理有限公司,上海浦东发展银行股份有限公司,股票型ETF,主题指数ETF,931409.CSI,558145909.44,273418300,190254843,0.704,0.69583799987053,0.270616721
2026-07-06,517120.SH,华泰柏瑞中证沪港深创新药产业ETF,20210719,中证沪港深创新药产业指数,中证沪港深创新药产业指数收益率,华泰柏瑞基金管理有限公司,上海浦东发展银行股份有限公司,股票型ETF,主题指数ETF,931409.CSI,555870423.04,196736900,141489978,0.712,0.71918373218242,-0.224215247
2026-07-07,517120.SH,华泰柏瑞中证沪港深创新药产业ETF,20210719,中证沪港深创新药产业指数,中证沪港深创新药产业指数收益率,华泰柏瑞基金管理有限公司,上海浦东发展银行股份有限公司,股票型ETF,主题指数ETF,931409.CSI,504627930.24,120419400,83404747,0.682,0.69261885543359,-0.669967958
2026-07-08,517120.SH,华泰柏瑞中证沪港深创新药产业ETF,20210719,中证沪港深创新药产业指数,中证沪港深创新药产业指数收益率,华泰柏瑞基金管理有限公司,上海浦东发展银行股份有限公司,股票型ETF,主题指数ETF,931409.CSI,472100870.4,83537100,56801536,0.669,0.67995580406789,-0.668151448
2026-07-09,517120.SH,华泰柏瑞中证沪港深创新药产业ETF,20210719,中证沪港深创新药产业指数,中证沪港深创新药产业指数收益率,华泰柏瑞基金管理有限公司,上海浦东发展银行股份有限公司,股票型ETF,主题指数ETF,931409.CSI,458068761.28,68907300,46837159,0.684,0.67971258487853,0.19042039
2026-07-10,517120.SH,华泰柏瑞中证沪港深创新药产业ETF,20210719,中证沪港深创新药产业指数,中证沪港深创新药产业指数收益率,华泰柏瑞基金管理有限公司,上海浦东发展银行股份有限公司,股票型ETF,主题指数ETF,931409.CSI,452876480.0,85030000,59341357,0.705,0.69788729860049,0.714285714
2026-07-13,517120.SH,华泰柏瑞中证沪港深创新药产业ETF,20210719,中证沪港深创新药产业指数,中证沪港深创新药产业指数收益率,华泰柏瑞基金管理有限公司,上海浦东发展银行股份有限公司,股票型ETF,主题指数ETF,931409.CSI,457915751.36,58008900,40421603,0.696,0.69681726424738,0.158296158
2026-07-14,517120.SH,华泰柏瑞中证沪港深创新药产业ETF,20210719,中证沪港深创新药产业指数,中证沪港深创新药产业指数收益率,华泰柏瑞基金管理有限公司,上海浦东发展银行股份有限公司,股票型ETF,主题指数ETF,931409.CSI,468096404.48,60729800,42528383,0.708,0.70028854038709,-0.02824061
2026-07-15,517120.SH,华泰柏瑞中证沪港深创新药产业ETF,20210719,中证沪港深创新药产业指数,中证沪港深创新药产业指数收益率,华泰柏瑞基金管理有限公司,上海浦东发展银行股份有限公司,股票型ETF,主题指数ETF,931409.CSI,475520304.0,109705400,80916826,0.735,0.73758289017678,0
2026-07-16,517120.SH,华泰柏瑞中证沪港深创新药产业ETF,20210719,中证沪港深创新药产业指数,中证沪港深创新药产业指数收益率,华泰柏瑞基金管理有限公司,上海浦东发展银行股份有限公司,股票型ETF,主题指数ETF,931409.CSI,479848258.56,75664600,55164138,0.725,0.72906138405542,-0.73932092
2026-07-17,517120.SH,华泰柏瑞中证沪港深创新药产业ETF,20210719,中证沪港深创新药产业指数,中证沪港深创新药产业指数收益率,华泰柏瑞基金管理有限公司,上海浦东发展银行股份有限公司,股票型ETF,主题指数ETF,931409.CSI,444477087.36,87553900,60535337,0.678,0.69140651644301,-1.007446343
2026-07-20,517120.SH,华泰柏瑞中证沪港深创新药产业ETF,20210719,中证沪港深创新药产业指数,中证沪港深创新药产业指数收益率,华泰柏瑞基金管理有限公司,上海浦东发展银行股份有限公司,股票型ETF,主题指数ETF,931409.CSI,465026144.0,77112300,54331094,0.713,0.70457104767981,0.422535211
2026-07-21,517120.SH,华泰柏瑞中证沪港深创新药产业ETF,20210719,中证沪港深创新药产业指数,中证沪港深创新药产业指数收益率,华泰柏瑞基金管理有限公司,上海浦东发展银行股份有限公司,股票型ETF,主题指数ETF,931409.CSI,477842699.52,78560500,55407110,0.715,0.70527949796654,0.09799804
2026-07-22,517120.SH,华泰柏瑞中证沪港深创新药产业ETF,20210719,中证沪港深创新药产业指数,中证沪港深创新药产业指数收益率,华泰柏瑞基金管理有限公司,上海浦东发展银行股份有限公司,股票型ETF,主题指数ETF,931409.CSI,495229048.32,75470800,54582241,0.72,0.72322329960727,0.166944908
2026-07-23,517120.SH,华泰柏瑞中证沪港深创新药产业ETF,20210719,中证沪港深创新药产业指数,中证沪港深创新药产业指数收益率,华泰柏瑞基金管理有限公司,上海浦东发展银行股份有限公司,股票型ETF,主题指数ETF,931409.CSI,495837488.64,54150200,38733757,0.719,0.71530219648312,0.19509476
2026-07-24,517120.SH,华泰柏瑞中证沪港深创新药产业ETF,20210719,中证沪港深创新药产业指数,中证沪港深创新药产业指数收益率,华泰柏瑞基金管理有限公司,上海浦东发展银行股份有限公司,股票型ETF,主题指数ETF,931409.CSI,485239035.52,47398200,33597639,0.698,0.70883786726078,-0.894505182
2026-07-27,517120.SH,华泰柏瑞中证沪港深创新药产业ETF,20210719,中证沪港深创新药产业指数,中证沪港深创新药产业指数收益率,华泰柏瑞基金管理有限公司,上海浦东发展银行股份有限公司,股票型ETF,主题指数ETF,931409.CSI,478142627.2,53277600,37719840,0.711,0.70798684625434,0.070372977
2026-07-28,517120.SH,华泰柏瑞中证沪港深创新药产业ETF,20210719,中证沪港深创新药产业指数,中证沪港深创新药产业指数收益率,华泰柏瑞基金管理有限公司,上海浦东发展银行股份有限公司,股票型ETF,主题指数ETF,931409.CSI,468010322.88,40721500,28512895,0.699,0.70019265007429,-0.38477982
2026-07-29,517120.SH,华泰柏瑞中证沪港深创新药产业ETF,20210719,中证沪港深创新药产业指数,中证沪港深创新药产业指数收益率,华泰柏瑞基金管理有限公司,上海浦东发展银行股份有限公司,股票型ETF,主题指数ETF,931409.CSI,470706144.0,30745700,21725752,0.708,0.70662733325311,-0.281690141
2026-07-30,517120.SH,华泰柏瑞中证沪港深创新药产业ETF,20210719,中证沪港深创新药产业指数,中证沪港深创新药产业指数收益率,华泰柏瑞基金管理有限公司,上海浦东发展银行股份有限公司,股票型ETF,主题指数ETF,931409.CSI,461354547.2,38917000,27083341,0.694,0.69592571369838,-0.573065903
2026-07-31,517120.SH,华泰柏瑞中证沪港深创新药产业ETF,20210719,中证沪港深创新药产业指数,中证沪港深创新药产业指数收益率,华泰柏瑞基金管理有限公司,上海浦东发展银行股份有限公司,股票型ETF,主题指数ETF,931409.CSI,455704206.08,33498100,23456437,0.7,0.70023186389676,-0.313301054
2026-08-03,517120.SH,华泰柏瑞中证沪港深创新药产业ETF,20210719,中证沪港深创新药产业指数,中证沪港深创新药产业指数收益率,华泰柏瑞基金管理有限公司,上海浦东发展银行股份有限公司,股票型ETF,主题指数ETF,931409.CSI,454949232.0,34751900,24043502,0.689,0.6918615097304,-0.505415162
2026-08-04,517120.SH,华泰柏瑞中证沪港深创新药产业ETF,20210719,中证沪港深创新药产业指数,中证沪港深创新药产业指数收益率,华泰柏瑞基金管理有限公司,上海浦东发展银行股份有限公司,股票型ETF,主题指数ETF,931409.CSI,463686492.8,58174900,41502950,0.711,0.71341678283933,-0.489853044
2026-08-05,517120.SH,华泰柏瑞中证沪港深创新药产业ETF,20210719,中证沪港深创新药产业指数,中证沪港深创新药产业指数收益率,华泰柏瑞基金管理有限公司,上海浦东发展银行股份有限公司,股票型ETF,主题指数ETF,931409.CSI,466086343.36,43957200,31704958,0.726,0.7212688251299,0.151745068
2026-08-06,517120.SH,华泰柏瑞中证沪港深创新药产业ETF,20210719,中证沪港深创新药产业指数,中证沪港深创新药产业指数收益率,华泰柏瑞基金管理有限公司,上海浦东发展银行股份有限公司,股票型ETF,主题指数ETF,931409.CSI,465085271.04,33043500,23839254,0.72,0.72145063325616,-0.152544723
2026-08-07,517120.SH,华泰柏瑞中证沪港深创新药产业ETF,20210719,中证沪港深创新药产业指数,中证沪港深创新药产业指数收益率,华泰柏瑞基金管理有限公司,上海浦东发展银行股份有限公司,股票型ETF,主题指数ETF,931409.CSI,487979959.04,74174000,55306065,0.765,0.74562602798824,-0.143584388
2026-08-10,517120.SH,华泰柏瑞中证沪港深创新药产业ETF,20210719,中证沪港深创新药产业指数,中证沪港深创新药产业指数收益率,华泰柏瑞基金管理有限公司,上海浦东发展银行股份有限公司,股票型ETF,主题指数ETF,931409.CSI,493178402.88,81650900,63692111,0.776,0.78005399818006,-0.090124887
2026-08-11,517120.SH,华泰柏瑞中证沪港深创新药产业ETF,20210719,中证沪港深创新药产业指数,中证沪港深创新药产业指数收益率,华泰柏瑞基金管理有限公司,上海浦东发展银行股份有限公司,股票型ETF,主题指数ETF,931409.CSI,488098758.4,55806500,43832746,0.776,0.78544158834544,-0.640204866
2026-08-12,517120.SH,华泰柏瑞中证沪港深创新药产业ETF,20210719,中证沪港深创新药产业指数,中证沪港深创新药产业指数收益率,华泰柏瑞基金管理有限公司,上海浦东发展银行股份有限公司,股票型ETF,主题指数ETF,931409.CSI,480503616.32,33661000,26059457,0.771,0.7741735836725,-0.68272575
2026-08-13,517120.SH,华泰柏瑞中证沪港深创新药产业ETF,20210719,中证沪港深创新药产业指数,中证沪港深创新药产业指数收益率,华泰柏瑞基金管理有限公司,上海浦东发展银行股份有限公司,股票型ETF,主题指数ETF,931409.CSI,474769118.08,43302800,33848463,0.779,0.78166915303398,-0.409102531
2026-08-14,517120.SH,华泰柏瑞中证沪港深创新药产业ETF,20210719,中证沪港深创新药产业指数,中证沪港深创新药产业指数收益率,华泰柏瑞基金管理有限公司,上海浦东发展银行股份有限公司,股票型ETF,主题指数ETF,931409.CSI,465786015.36,35339200,27104407,0.764,0.76697851111514,-0.44305447
2026-08-17,517120.SH,华泰柏瑞中证沪港深创新药产业ETF,20210719,中证沪港深创新药产业指数,中证沪港深创新药产业指数收益率,华泰柏瑞基金管理有限公司,上海浦东发展银行股份有限公司,股票型ETF,主题指数ETF,931409.CSI,468866672.64,35002400,27011939,0.777,0.77171676799305,-0.077160494
2026-08-18,517120.SH,华泰柏瑞中证沪港深创新药产业ETF,20210719,中证沪港深创新药产业指数,中证沪港深创新药产业指数收益率,华泰柏瑞基金管理有限公司,上海浦东发展银行股份有限公司,股票型ETF,主题指数ETF,931409.CSI,469230277.76,24325000,18905444,0.781,0.77720221993834,-0.306356906
2026-08-19,517120.SH,华泰柏瑞中证沪港深创新药产业ETF,20210719,中证沪港深创新药产业指数,中证沪港深创新药产业指数收益率,华泰柏瑞基金管理有限公司,上海浦东发展银行股份有限公司,股票型ETF,主题指数ETF,931409.CSI,464618236.48,33802900,26310462,0.774,0.77834925405808,-0.219156891
2026-08-20,517120.SH,华泰柏瑞中证沪港深创新药产业ETF,20210719,中证沪港深创新药产业指数,中证沪港深创新药产业指数收益率,华泰柏瑞基金管理有限公司,上海浦东发展银行股份有限公司,股票型ETF,主题指数ETF,931409.CSI,472773120.0,56600500,45522766,0.802,0.80428204697838,0.25
2026-08-21,517120.SH,华泰柏瑞中证沪港深创新药产业ETF,20210719,中证沪港深创新药产业指数,中证沪港深创新药产业指数收益率,华泰柏瑞基金管理有限公司,上海浦东发展银行股份有限公司,股票型ETF,主题指数ETF,931409.CSI,459257120.64,41402200,32314100,0.784,0.78049234098671,-0.14010954
2026-08-24,517120.SH,华泰柏瑞中证沪港深创新药产业ETF,20210719,中证沪港深创新药产业指数,中证沪港深创新药产业指数收益率,华泰柏瑞基金管理有限公司,上海浦东发展银行股份有限公司,股票型ETF,主题指数ETF,931409.CSI,441655344.64,41687000,31661702,0.753,0.75951020701897,-0.60718057
2026-08-25,517120.SH,华泰柏瑞中证沪港深创新药产业ETF,20210719,中证沪港深创新药产业指数,中证沪港深创新药产业指数收益率,华泰柏瑞基金管理有限公司,上海浦东发展银行股份有限公司,股票型ETF,主题指数ETF,931409.CSI,450888023.04,29050900,22176910,0.773,0.76338116891387,-0.399433063
