日期,代码,名称,上市日期,对标指数,benchmark,管理人,托管人,类别大类,类别细类,对标指数代码,规模,成交量,成交额,收盘价,VWAP,溢价率
2021-01-04,518890.SH,中银黄金,20200928,,上海黄金交易所上海金集中定价合约(合约代码:SHAU)午盘基准价格收益率,中银基金管理有限公司,招商银行股份有限公司,商品型ETF,,,135124663.24,891329,3547733,3.982,3.9802732773196,-0.23300679
2021-01-05,518890.SH,中银黄金,20200928,,上海黄金交易所上海金集中定价合约(合约代码:SHAU)午盘基准价格收益率,中银基金管理有限公司,招商银行股份有限公司,商品型ETF,,,133461488.84,456768,1829927,4.01,4.006250437859,-0.082226597
2021-01-06,518890.SH,中银黄金,20200928,,上海黄金交易所上海金集中定价合约(合约代码:SHAU)午盘基准价格收益率,中银基金管理有限公司,招商银行股份有限公司,商品型ETF,,,133700923.4,427499,1718348,4.01,4.0195368878056,-0.261161547
2021-01-07,518890.SH,中银黄金,20200928,,上海黄金交易所上海金集中定价合约(合约代码:SHAU)午盘基准价格收益率,中银基金管理有限公司,招商银行股份有限公司,商品型ETF,,,131581925.44,182537,724280,3.979,3.9678530927976,-0.34562212
2021-01-08,518890.SH,中银黄金,20200928,,上海黄金交易所上海金集中定价合约(合约代码:SHAU)午盘基准价格收益率,中银基金管理有限公司,招商银行股份有限公司,商品型ETF,,,130639418.16,844039,3339998,3.953,3.9571607473114,-0.282528631
2021-01-11,518890.SH,中银黄金,20200928,,上海黄金交易所上海金集中定价合约(合约代码:SHAU)午盘基准价格收益率,中银基金管理有限公司,招商银行股份有限公司,商品型ETF,,,127011094.68,1148686,4396687,3.853,3.8275795125909,-0.028541034
2021-01-12,518890.SH,中银黄金,20200928,,上海黄金交易所上海金集中定价合约(合约代码:SHAU)午盘基准价格收益率,中银基金管理有限公司,招商银行股份有限公司,商品型ETF,,,124616240.48,86514,333884,3.882,3.8593060082761,-0.144047742
2021-01-13,518890.SH,中银黄金,20200928,,上海黄金交易所上海金集中定价合约(合约代码:SHAU)午盘基准价格收益率,中银基金管理有限公司,招商银行股份有限公司,商品型ETF,,,124375829.48,761155,2958107,3.879,3.8863398387976,-0.028349785
2021-01-14,518890.SH,中银黄金,20200928,,上海黄金交易所上海金集中定价合约(合约代码:SHAU)午盘基准价格收益率,中银基金管理有限公司,招商银行股份有限公司,商品型ETF,,,122332191.52,847529,3268360,3.852,3.8563400190436,-0.010383138
2021-01-15,518890.SH,中银黄金,20200928,,上海黄金交易所上海金集中定价合约(合约代码:SHAU)午盘基准价格收益率,中银基金管理有限公司,招商银行股份有限公司,商品型ETF,,,122779934.2,375605,1454336,3.852,3.8719825348438,-0.375016164
2021-01-18,518890.SH,中银黄金,20200928,,上海黄金交易所上海金集中定价合约(合约代码:SHAU)午盘基准价格收益率,中银基金管理有限公司,招商银行股份有限公司,商品型ETF,,,120188987.44,244232,938239,3.857,3.8415891447476,-0.020737208
2021-01-19,518890.SH,中银黄金,20200928,,上海黄金交易所上海金集中定价合约(合约代码:SHAU)午盘基准价格收益率,中银基金管理有限公司,招商银行股份有限公司,商品型ETF,,,120229488.68,647578,2498790,3.858,3.8586703068974,-0.028504055
2021-01-20,518890.SH,中银黄金,20200928,,上海黄金交易所上海金集中定价合约(合约代码:SHAU)午盘基准价格收益率,中银基金管理有限公司,招商银行股份有限公司,商品型ETF,,,119565435.48,43082,166522,3.871,3.8652337403092,-0.105803721
2021-01-21,518890.SH,中银黄金,20200928,,上海黄金交易所上海金集中定价合约(合约代码:SHAU)午盘基准价格收益率,中银基金管理有限公司,招商银行股份有限公司,商品型ETF,,,120580558.4,602354,2348941,3.897,3.8996022272617,-0.2814739
2021-01-22,518890.SH,中银黄金,20200928,,上海黄金交易所上海金集中定价合约(合约代码:SHAU)午盘基准价格收益率,中银基金管理有限公司,招商银行股份有限公司,商品型ETF,,,120031342.96,176148,684873,3.885,3.8880543633763,-0.13366922
2021-01-25,518890.SH,中银黄金,20200928,,上海黄金交易所上海金集中定价合约(合约代码:SHAU)午盘基准价格收益率,中银基金管理有限公司,招商银行股份有限公司,商品型ETF,,,119491383.96,267910,1040121,3.871,3.8823522824829,-0.043897023
2021-01-26,518890.SH,中银黄金,20200928,,上海黄金交易所上海金集中定价合约(合约代码:SHAU)午盘基准价格收益率,中银基金管理有限公司,招商银行股份有限公司,商品型ETF,,,119728965.92,593838,2305153,3.876,3.8817876255814,-0.113390372
2021-01-27,518890.SH,中银黄金,20200928,,上海黄金交易所上海金集中定价合约(合约代码:SHAU)午盘基准价格收益率,中银基金管理有限公司,招商银行股份有限公司,商品型ETF,,,115598568.68,683909,2633414,3.855,3.8505327463157,-0.106242388
2021-01-28,518890.SH,中银黄金,20200928,,上海黄金交易所上海金集中定价合约(合约代码:SHAU)午盘基准价格收益率,中银基金管理有限公司,招商银行股份有限公司,商品型ETF,,,115140260.24,327937,1261340,3.842,3.8462875491329,-0.046828659
2021-01-29,518890.SH,中银黄金,20200928,,上海黄金交易所上海金集中定价合约(合约代码:SHAU)午盘基准价格收益率,中银基金管理有限公司,招商银行股份有限公司,商品型ETF,,,114458631.56,125115,481233,3.851,3.8463253806498,-0.22540612
2021-02-01,518890.SH,中银黄金,20200928,,上海黄金交易所上海金集中定价合约(合约代码:SHAU)午盘基准价格收益率,中银基金管理有限公司,招商银行股份有限公司,商品型ETF,,,115641858.08,1115769,4328824,3.897,3.8796776035183,-0.066673505
2021-02-02,518890.SH,中银黄金,20200928,,上海黄金交易所上海金集中定价合约(合约代码:SHAU)午盘基准价格收益率,中银基金管理有限公司,招商银行股份有限公司,商品型ETF,,,114802627.24,447537,1740873,3.869,3.889897371614,-0.059411567
2021-02-03,518890.SH,中银黄金,20200928,,上海黄金交易所上海金集中定价合约(合约代码:SHAU)午盘基准价格收益率,中银基金管理有限公司,招商银行股份有限公司,商品型ETF,,,111358331.96,331132,1270911,3.831,3.8380796781948,-0.044355154
2021-02-04,518890.SH,中银黄金,20200928,,上海黄金交易所上海金集中定价合约(合约代码:SHAU)午盘基准价格收益率,中银基金管理有限公司,招商银行股份有限公司,商品型ETF,,,110527364.68,163130,617638,3.794,3.7861705388341,-0.26550301
2021-02-05,518890.SH,中银黄金,20200928,,上海黄金交易所上海金集中定价合约(合约代码:SHAU)午盘基准价格收益率,中银基金管理有限公司,招商银行股份有限公司,商品型ETF,,,109318685.0,110358,414830,3.759,3.7589481505645,-0.093023256
2021-02-08,518890.SH,中银黄金,20200928,,上海黄金交易所上海金集中定价合约(合约代码:SHAU)午盘基准价格收益率,中银基金管理有限公司,招商银行股份有限公司,商品型ETF,,,110289115.32,201434,762581,3.788,3.7857610929635,-0.208119287
2021-02-09,518890.SH,中银黄金,20200928,,上海黄金交易所上海金集中定价合约(合约代码:SHAU)午盘基准价格收益率,中银基金管理有限公司,招商银行股份有限公司,商品型ETF,,,111541377.2,1369786,5252349,3.836,3.8344303416738,-0.07814535
2021-02-10,518890.SH,中银黄金,20200928,,上海黄金交易所上海金集中定价合约(合约代码:SHAU)午盘基准价格收益率,中银基金管理有限公司,招商银行股份有限公司,商品型ETF,,,109249359.12,414448,1599832,3.836,3.8601513338223,-0.088555503
2021-02-18,518890.SH,中银黄金,20200928,,上海黄金交易所上海金集中定价合约(合约代码:SHAU)午盘基准价格收益率,中银基金管理有限公司,招商银行股份有限公司,商品型ETF,,,106045348.64,218608,814381,3.733,3.7253028251482,0.166362563
2021-02-19,518890.SH,中银黄金,20200928,,上海黄金交易所上海金集中定价合约(合约代码:SHAU)午盘基准价格收益率,中银基金管理有限公司,招商银行股份有限公司,商品型ETF,,,105601453.76,288345,1068408,3.716,3.7053113457837,0.129338219
2021-02-22,518890.SH,中银黄金,20200928,,上海黄金交易所上海金集中定价合约(合约代码:SHAU)午盘基准价格收益率,中银基金管理有限公司,招商银行股份有限公司,商品型ETF,,,106765255.08,210803,790965,3.76,3.7521524835984,0.210548759
2021-02-23,518890.SH,中银黄金,20200928,,上海黄金交易所上海金集中定价合约(合约代码:SHAU)午盘基准价格收益率,中银基金管理有限公司,招商银行股份有限公司,商品型ETF,,,107812391.72,38866,147623,3.797,3.798255544692,0.213782364
2021-02-24,518890.SH,中银黄金,20200928,,上海黄金交易所上海金集中定价合约(合约代码:SHAU)午盘基准价格收益率,中银基金管理有限公司,招商银行股份有限公司,商品型ETF,,,107618899.08,131667,498242,3.782,3.7841068756788,-0.002644034
2021-02-25,518890.SH,中银黄金,20200928,,上海黄金交易所上海金集中定价合约(合约代码:SHAU)午盘基准价格收益率,中银基金管理有限公司,招商银行股份有限公司,商品型ETF,,,106585989.84,190019,714101,3.756,3.7580505107384,0.272304982
2021-02-26,518890.SH,中银黄金,20200928,,上海黄金交易所上海金集中定价合约(合约代码:SHAU)午盘基准价格收益率,中银基金管理有限公司,招商银行股份有限公司,商品型ETF,,,100578388.44,149564,552561,3.701,3.6944786178492,0.289949327
2021-03-01,518890.SH,中银黄金,20200928,,上海黄金交易所上海金集中定价合约(合约代码:SHAU)午盘基准价格收益率,中银基金管理有限公司,招商银行股份有限公司,商品型ETF,,,100095978.48,436489,1595685,3.672,3.6557278648488,-0.0163372
2021-03-02,518890.SH,中银黄金,20200928,,上海黄金交易所上海金集中定价合约(合约代码:SHAU)午盘基准价格收益率,中银基金管理有限公司,招商银行股份有限公司,商品型ETF,,,99417718.4,446534,1606984,3.611,3.5987942687455,0.083148559
2021-03-03,518890.SH,中银黄金,20200928,,上海黄金交易所上海金集中定价合约(合约代码:SHAU)午盘基准价格收益率,中银基金管理有限公司,招商银行股份有限公司,商品型ETF,,,99864106.16,51300,186199,3.628,3.6296101364522,0.104850726
2021-03-04,518890.SH,中银黄金,20200928,,上海黄金交易所上海金集中定价合约(合约代码:SHAU)午盘基准价格收益率,中银基金管理有限公司,招商银行股份有限公司,商品型ETF,,,98998885.44,853216,3062154,3.596,3.58895520009,0.089067023
2021-03-05,518890.SH,中银黄金,20200928,,上海黄金交易所上海金集中定价合约(合约代码:SHAU)午盘基准价格收益率,中银基金管理有限公司,招商银行股份有限公司,商品型ETF,,,98062022.24,267828,950418,3.558,3.5486132891259,-0.022479487
2021-03-08,518890.SH,中银黄金,20200928,,上海黄金交易所上海金集中定价合约(合约代码:SHAU)午盘基准价格收益率,中银基金管理有限公司,招商银行股份有限公司,商品型ETF,,,99147681.36,182713,658347,3.6,3.603175471915,0.050025013
2021-03-09,518890.SH,中银黄金,20200928,,上海黄金交易所上海金集中定价合约(合约代码:SHAU)午盘基准价格收益率,中银基金管理有限公司,招商银行股份有限公司,商品型ETF,,,98745381.28,13844,49423,3.585,3.5699942213233,0.03906686
2021-03-10,518890.SH,中银黄金,20200928,,上海黄金交易所上海金集中定价合约(合约代码:SHAU)午盘基准价格收益率,中银基金管理有限公司,招商银行股份有限公司,商品型ETF,,,99745620.52,21813,78935,3.617,3.6187136111493,-0.08011271
2021-03-11,518890.SH,中银黄金,20200928,,上海黄金交易所上海金集中定价合约(合约代码:SHAU)午盘基准价格收益率,中银基金管理有限公司,招商银行股份有限公司,商品型ETF,,,100610841.24,230102,840868,3.656,3.6543272114106,0.128721277
2021-03-12,518890.SH,中银黄金,20200928,,上海黄金交易所上海金集中定价合约(合约代码:SHAU)午盘基准价格收益率,中银基金管理有限公司,招商银行股份有限公司,商品型ETF,,,99290966.32,224419,812340,3.609,3.6197469911193,0.155408781
2021-03-15,518890.SH,中银黄金,20200928,,上海黄金交易所上海金集中定价合约(合约代码:SHAU)午盘基准价格收益率,中银基金管理有限公司,招商银行股份有限公司,商品型ETF,,,100158942.52,209063,759833,3.636,3.6344690356495,0.030262181
2021-03-16,518890.SH,中银黄金,20200928,,上海黄金交易所上海金集中定价合约(合约代码:SHAU)午盘基准价格收益率,中银基金管理有限公司,招商银行股份有限公司,商品型ETF,,,100340804.2,75432,274691,3.641,3.6415712164599,-0.013730606
2021-03-17,518890.SH,中银黄金,20200928,,上海黄金交易所上海金集中定价合约(合约代码:SHAU)午盘基准价格收益率,中银基金管理有限公司,招商银行股份有限公司,商品型ETF,,,100654928.92,144900,528641,3.65,3.6483160800552,-0.079388979
2021-03-18,518890.SH,中银黄金,20200928,,上海黄金交易所上海金集中定价合约(合约代码:SHAU)午盘基准价格收益率,中银基金管理有限公司,招商银行股份有限公司,商品型ETF,,,101509127.72,4600,16925,3.68,3.679347826087,-0.105866066
2021-03-19,518890.SH,中银黄金,20200928,,上海黄金交易所上海金集中定价合约(合约代码:SHAU)午盘基准价格收益率,中银基金管理有限公司,招商银行股份有限公司,商品型ETF,,,101018652.28,293400,1070153,3.668,3.6474199045671,0.051826191
2021-03-22,518890.SH,中银黄金,20200928,,上海黄金交易所上海金集中定价合约(合约代码:SHAU)午盘基准价格收益率,中银基金管理有限公司,招商银行股份有限公司,商品型ETF,,,100547465.2,205962,751781,3.646,3.6500956487119,-0.082214305
2021-03-23,518890.SH,中银黄金,20200928,,上海黄金交易所上海金集中定价合约(合约代码:SHAU)午盘基准价格收益率,中银基金管理有限公司,招商银行股份有限公司,商品型ETF,,,100911188.56,41184,150826,3.663,3.6622474747475,0.021844793
2021-03-24,518890.SH,中银黄金,20200928,,上海黄金交易所上海金集中定价合约(合约代码:SHAU)午盘基准价格收益率,中银基金管理有限公司,招商银行股份有限公司,商品型ETF,,,100737593.32,38414,140265,3.655,3.651403134274,-0.024617741
2021-03-25,518890.SH,中银黄金,20200928,,上海黄金交易所上海金集中定价合约(合约代码:SHAU)午盘基准价格收益率,中银基金管理有限公司,招商银行股份有限公司,商品型ETF,,,100952520.76,65290,239541,3.669,3.6688773165875,0.1446625
2021-03-26,518890.SH,中银黄金,20200928,,上海黄金交易所上海金集中定价合约(合约代码:SHAU)午盘基准价格收益率,中银基金管理有限公司,招商银行股份有限公司,商品型ETF,,,100687994.68,136006,497057,3.661,3.6546696469273,0.188828987
2021-03-29,518890.SH,中银黄金,20200928,,上海黄金交易所上海金集中定价合约(合约代码:SHAU)午盘基准价格收益率,中银基金管理有限公司,招商银行股份有限公司,商品型ETF,,,100756881.68,195363,710743,3.657,3.6380635023008,0.010939124
2021-03-30,518890.SH,中银黄金,20200928,,上海黄金交易所上海金集中定价合约(合约代码:SHAU)午盘基准价格收益率,中银基金管理有限公司,招商银行股份有限公司,商品型ETF,,,99525182.12,114429,414699,3.619,3.6240725690166,0.196572441
2021-03-31,518890.SH,中银黄金,20200928,,上海黄金交易所上海金集中定价合约(合约代码:SHAU)午盘基准价格收益率,中银基金管理有限公司,招商银行股份有限公司,商品型ETF,,,98376146.96,100626,358566,3.573,3.563353407668,0.078426979
2021-04-01,518890.SH,中银黄金,20200928,,上海黄金交易所上海金集中定价合约(合约代码:SHAU)午盘基准价格收益率,中银基金管理有限公司,招商银行股份有限公司,商品型ETF,,,100406935.72,350757,1272570,3.641,3.6280672944517,-0.07958506
2021-04-02,518890.SH,中银黄金,20200928,,上海黄金交易所上海金集中定价合约(合约代码:SHAU)午盘基准价格收益率,中银基金管理有限公司,招商银行股份有限公司,商品型ETF,,,101611080.48,102276,376795,3.685,3.6840998865814,-0.070506563
2021-04-06,518890.SH,中银黄金,20200928,,上海黄金交易所上海金集中定价合约(合约代码:SHAU)午盘基准价格收益率,中银基金管理有限公司,招商银行股份有限公司,商品型ETF,,,101073761.88,194704,715762,3.673,3.6761545730956,0.133584144
2021-04-07,518890.SH,中银黄金,20200928,,上海黄金交易所上海金集中定价合约(合约代码:SHAU)午盘基准价格收益率,中银基金管理有限公司,招商银行股份有限公司,商品型ETF,,,101434729.76,300376,1104362,3.678,3.676598663009,-0.086928176
2021-04-08,518890.SH,中银黄金,20200928,,上海黄金交易所上海金集中定价合约(合约代码:SHAU)午盘基准价格收益率,中银基金管理有限公司,招商银行股份有限公司,商品型ETF,,,101710277.76,140250,515670,3.688,3.6767914438503,-0.086692674
2021-04-09,518890.SH,中银黄金,20200928,,上海黄金交易所上海金集中定价合约(合约代码:SHAU)午盘基准价格收益率,中银基金管理有限公司,招商银行股份有限公司,商品型ETF,,,102195242.24,101241,375704,3.709,3.710986655604,0.00539258
2021-04-12,518890.SH,中银黄金,20200928,,上海黄金交易所上海金集中定价合约(合约代码:SHAU)午盘基准价格收益率,中银基金管理有限公司,招商银行股份有限公司,商品型ETF,,,101622102.4,135828,499744,3.678,3.6792413935271,-0.271149675
2021-04-13,518890.SH,中银黄金,20200928,,上海黄金交易所上海金集中定价合约(合约代码:SHAU)午盘基准价格收益率,中银基金管理有限公司,招商银行股份有限公司,商品型ETF,,,100676972.76,455516,1670319,3.654,3.6668722942773,0.008210855
2021-04-14,518890.SH,中银黄金,20200928,,上海黄金交易所上海金集中定价合约(合约代码:SHAU)午盘基准价格收益率,中银基金管理有限公司,招商银行股份有限公司,商品型ETF,,,101685478.44,62168,228781,3.685,3.6800443958307,-0.14361976
2021-04-15,518890.SH,中银黄金,20200928,,上海黄金交易所上海金集中定价合约(合约代码:SHAU)午盘基准价格收益率,中银基金管理有限公司,招商银行股份有限公司,商品型ETF,,,101624857.88,126900,464920,3.684,3.6636721828211,-0.111168352
2021-04-16,518890.SH,中银黄金,20200928,,上海黄金交易所上海金集中定价合约(合约代码:SHAU)午盘基准价格收益率,中银基金管理有限公司,招商银行股份有限公司,商品型ETF,,,102512122.44,242838,903140,3.719,3.7191049176817,-0.034943419
2021-04-19,518890.SH,中银黄金,20200928,,上海黄金交易所上海金集中定价合约(合约代码:SHAU)午盘基准价格收益率,中银基金管理有限公司,招商银行股份有限公司,商品型ETF,,,103330500.0,330182,1235963,3.744,3.7432779497368,-0.16
2021-04-20,518890.SH,中银黄金,20200928,,上海黄金交易所上海金集中定价合约(合约代码:SHAU)午盘基准价格收益率,中银基金管理有限公司,招商银行股份有限公司,商品型ETF,,,102363326.52,454846,1689595,3.713,3.7146528715214,-0.051145387
2021-04-21,518890.SH,中银黄金,20200928,,上海黄金交易所上海金集中定价合约(合约代码:SHAU)午盘基准价格收益率,中银基金管理有限公司,招商银行股份有限公司,商品型ETF,,,103391120.56,195520,731443,3.747,3.7410137070376,-0.138585363
2021-04-22,518890.SH,中银黄金,20200928,,上海黄金交易所上海金集中定价合约(合约代码:SHAU)午盘基准价格收益率,中银基金管理有限公司,招商银行股份有限公司,商品型ETF,,,103446230.16,426374,1598932,3.751,3.7500691880837,-0.085237867
2021-04-23,518890.SH,中银黄金,20200928,,上海黄金交易所上海金集中定价合约(合约代码:SHAU)午盘基准价格收益率,中银基金管理有限公司,招商银行股份有限公司,商品型ETF,,,103209258.88,187746,702447,3.739,3.7414751845579,-0.176206749
2021-04-26,518890.SH,中银黄金,20200928,,上海黄金交易所上海金集中定价合约(合约代码:SHAU)午盘基准价格收益率,中银基金管理有限公司,招商银行股份有限公司,商品型ETF,,,102718783.44,13131,48977,3.73,3.7298758662707,0.059016042
2021-04-27,518890.SH,中银黄金,20200928,,上海黄金交易所上海金集中定价合约(合约代码:SHAU)午盘基准价格收益率,中银基金管理有限公司,招商银行股份有限公司,商品型ETF,,,102804203.32,454300,1693357,3.727,3.7273981950253,-0.104532418
2021-04-28,518890.SH,中银黄金,20200928,,上海黄金交易所上海金集中定价合约(合约代码:SHAU)午盘基准价格收益率,中银基金管理有限公司,招商银行股份有限公司,商品型ETF,,,101049896.48,340958,1265041,3.708,3.7102546354683,0.01078865
2021-04-29,518890.SH,中银黄金,20200928,,上海黄金交易所上海金集中定价合约(合约代码:SHAU)午盘基准价格收益率,中银基金管理有限公司,招商银行股份有限公司,商品型ETF,,,101366052.16,86491,323026,3.727,3.7347932154791,0.209722521
2021-04-30,518890.SH,中银黄金,20200928,,上海黄金交易所上海金集中定价合约(合约代码:SHAU)午盘基准价格收益率,中银基金管理有限公司,招商银行股份有限公司,商品型ETF,,,101014465.24,136762,504477,3.701,3.6887220134248,-0.142999757
2021-05-06,518890.SH,中银黄金,20200928,,上海黄金交易所上海金集中定价合约(合约代码:SHAU)午盘基准价格收益率,中银基金管理有限公司,招商银行股份有限公司,商品型ETF,,,102390832.64,178837,669773,3.751,3.7451589995359,-0.154386712
2021-05-07,518890.SH,中银黄金,20200928,,上海黄金交易所上海金集中定价合约(合约代码:SHAU)午盘基准价格收益率,中银基金管理有限公司,招商银行股份有限公司,商品型ETF,,,103407436.68,123340,466910,3.789,3.7855521323172,-0.13441923
2021-05-10,518890.SH,中银黄金,20200928,,上海黄金交易所上海金集中定价合约(合约代码:SHAU)午盘基准价格收益率,中银基金管理有限公司,招商银行股份有限公司,商品型ETF,,,103750847.16,612641,2336764,3.815,3.8142468427676,0.21803662
2021-05-11,518890.SH,中银黄金,20200928,,上海黄金交易所上海金集中定价合约(合约代码:SHAU)午盘基准价格收益率,中银基金管理有限公司,招商银行股份有限公司,商品型ETF,,,103767200.04,921047,3501666,3.802,3.8018320454874,-0.139206262
2021-05-12,518890.SH,中银黄金,20200928,,上海黄金交易所上海金集中定价合约(合约代码:SHAU)午盘基准价格收益率,中银基金管理有限公司,招商银行股份有限公司,商品型ETF,,,103908925.0,314700,1195644,3.808,3.7993136320305,-0.118032787
2021-05-13,518890.SH,中银黄金,20200928,,上海黄金交易所上海金集中定价合约(合约代码:SHAU)午盘基准价格收益率,中银基金管理有限公司,招商银行股份有限公司,商品型ETF,,,103421064.08,253331,961146,3.793,3.7940323134555,-0.042165182
2021-05-14,518890.SH,中银黄金,20200928,,上海黄金交易所上海金集中定价合约(合约代码:SHAU)午盘基准价格收益率,中银基金管理有限公司,招商银行股份有限公司,商品型ETF,,,106257705.56,202194,769334,3.819,3.8049299187909,0.112721839
2021-05-17,518890.SH,中银黄金,20200928,,上海黄金交易所上海金集中定价合约(合约代码:SHAU)午盘基准价格收益率,中银基金管理有限公司,招商银行股份有限公司,商品型ETF,,,107413679.76,373406,1438475,3.856,3.8523082114374,-0.005186453
2021-05-18,518890.SH,中银黄金,20200928,,上海黄金交易所上海金集中定价合约(合约代码:SHAU)午盘基准价格收益率,中银基金管理有限公司,招商银行股份有限公司,商品型ETF,,,108143475.52,44648,173383,3.879,3.883331840172,-0.087574696
2021-05-19,518890.SH,中银黄金,20200928,,上海黄金交易所上海金集中定价合约(合约代码:SHAU)午盘基准价格收益率,中银基金管理有限公司,招商银行股份有限公司,商品型ETF,,,107083463.76,227252,880751,3.891,3.8756578599968,0.123513973
2021-05-20,518890.SH,中银黄金,20200928,,上海黄金交易所上海金集中定价合约(合约代码:SHAU)午盘基准价格收益率,中银基金管理有限公司,招商银行股份有限公司,商品型ETF,,,107235015.16,364655,1420184,3.894,3.8945962622205,0.059100136
2021-05-21,518890.SH,中银黄金,20200928,,上海黄金交易所上海金集中定价合约(合约代码:SHAU)午盘基准价格收益率,中银基金管理有限公司,招商银行股份有限公司,商品型ETF,,,107240526.12,557232,2163904,3.896,3.8833089269819,0.105347003
2021-05-24,518890.SH,中银黄金,20200928,,上海黄金交易所上海金集中定价合约(合约代码:SHAU)午盘基准价格收益率,中银基金管理有限公司,招商银行股份有限公司,商品型ETF,,,106479052.64,812100,3177954,3.909,3.9132545253048,0.056312071
2021-05-25,518890.SH,中银黄金,20200928,,上海黄金交易所上海金集中定价合约(合约代码:SHAU)午盘基准价格收益率,中银基金管理有限公司,招商银行股份有限公司,商品型ETF,,,106146544.08,1888516,7329475,3.894,3.8810764642714,-0.015405947
2021-05-26,518890.SH,中银黄金,20200928,,上海黄金交易所上海金集中定价合约(合约代码:SHAU)午盘基准价格收益率,中银基金管理有限公司,招商银行股份有限公司,商品型ETF,,,107130442.36,1023483,4025360,3.93,3.9330013297729,-0.017808533
2021-05-27,518890.SH,中银黄金,20200928,,上海黄金交易所上海金集中定价合约(合约代码:SHAU)午盘基准价格收益率,中银基金管理有限公司,招商银行股份有限公司,商品型ETF,,,104230929.92,311363,1216909,3.91,3.9083288637378,-0.010229133
2021-05-28,518890.SH,中银黄金,20200928,,上海黄金交易所上海金集中定价合约(合约代码:SHAU)午盘基准价格收益率,中银基金管理有限公司,招商银行股份有限公司,商品型ETF,,,103476599.08,445100,1734708,3.883,3.8973444169849,0.023183329
2021-05-31,518890.SH,中银黄金,20200928,,上海黄金交易所上海金集中定价合约(合约代码:SHAU)午盘基准价格收益率,中银基金管理有限公司,招商银行股份有限公司,商品型ETF,,,104206940.6,587151,2298226,3.908,3.9141992434655,-0.038368078
2021-06-01,518890.SH,中银黄金,20200928,,上海黄金交易所上海金集中定价合约(合约代码:SHAU)午盘基准价格收益率,中银基金管理有限公司,招商银行股份有限公司,商品型ETF,,,104825331.96,878495,3448991,3.934,3.9260223450333,0.03305617
2021-06-02,518890.SH,中银黄金,20200928,,上海黄金交易所上海金集中定价合约(合约代码:SHAU)午盘基准价格收益率,中银基金管理有限公司,招商银行股份有限公司,商品型ETF,,,103234040.4,1256606,4877711,3.868,3.8816550295001,-0.12909889
2021-06-03,518890.SH,中银黄金,20200928,,上海黄金交易所上海金集中定价合约(合约代码:SHAU)午盘基准价格收益率,中银基金管理有限公司,招商银行股份有限公司,商品型ETF,,,102570335.88,3182428,12334308,3.852,3.875753984065,0.101348718
2021-06-04,518890.SH,中银黄金,20200928,,上海黄金交易所上海金集中定价合约(合约代码:SHAU)午盘基准价格收益率,中银基金管理有限公司,招商银行股份有限公司,商品型ETF,,,100411788.0,2188126,8278652,3.81,3.7834439150213,0
2021-06-07,518890.SH,中银黄金,20200928,,上海黄金交易所上海金集中定价合约(合约代码:SHAU)午盘基准价格收益率,中银基金管理有限公司,招商银行股份有限公司,商品型ETF,,,101078564.44,921332,3539591,3.838,3.8418192356284,0.070398665
2021-06-08,518890.SH,中银黄金,20200928,,上海黄金交易所上海金集中定价合约(合约代码:SHAU)午盘基准价格收益率,中银基金管理有限公司,招商银行股份有限公司,商品型ETF,,,102682286.04,799360,3089370,3.859,3.8648043434748,0.173922073
2021-06-09,518890.SH,中银黄金,20200928,,上海黄金交易所上海金集中定价合约(合约代码:SHAU)午盘基准价格收益率,中银基金管理有限公司,招商银行股份有限公司,商品型ETF,,,102722268.24,366000,1409730,3.857,3.8517213114754,0.083034927
2021-06-10,518890.SH,中银黄金,20200928,,上海黄金交易所上海金集中定价合约(合约代码:SHAU)午盘基准价格收益率,中银基金管理有限公司,招商银行股份有限公司,商品型ETF,,,103603469.28,973547,3746757,3.844,3.8485630380454,0.01040691
2021-06-11,518890.SH,中银黄金,20200928,,上海黄金交易所上海金集中定价合约(合约代码:SHAU)午盘基准价格收益率,中银基金管理有限公司,招商银行股份有限公司,商品型ETF,,,105625977.4,781495,3028435,3.874,3.8751815430681,-0.038704683
2021-06-15,518890.SH,中银黄金,20200928,,上海黄金交易所上海金集中定价合约(合约代码:SHAU)午盘基准价格收益率,中银基金管理有限公司,招商银行股份有限公司,商品型ETF,,,103835337.04,922300,3503097,3.81,3.7982185839748,0.005249619
2021-06-16,518890.SH,中银黄金,20200928,,上海黄金交易所上海金集中定价合约(合约代码:SHAU)午盘基准价格收益率,中银基金管理有限公司,招商银行股份有限公司,商品型ETF,,,103718141.4,1005000,3811621,3.805,3.7926577114428,-0.013138878
2021-06-17,518890.SH,中银黄金,20200928,,上海黄金交易所上海金集中定价合约(合约代码:SHAU)午盘基准价格收益率,中银基金管理有限公司,招商银行股份有限公司,商品型ETF,,,101998363.52,1196400,4491162,3.739,3.7538966900702,-0.090850791
2021-06-18,518890.SH,中银黄金,20200928,,上海黄金交易所上海金集中定价合约(合约代码:SHAU)午盘基准价格收益率,中银基金管理有限公司,招商银行股份有限公司,商品型ETF,,,100834583.56,1125455,4168561,3.698,3.7038895380091,-0.045949672
2021-06-21,518890.SH,中银黄金,20200928,,上海黄金交易所上海金集中定价合约(合约代码:SHAU)午盘基准价格收益率,中银基金管理有限公司,招商银行股份有限公司,商品型ETF,,,100889093.16,999964,3689755,3.702,3.6898878359621,0.008104384
2021-06-22,518890.SH,中银黄金,20200928,,上海黄金交易所上海金集中定价合约(合约代码:SHAU)午盘基准价格收益率,中银基金管理有限公司,招商银行股份有限公司,商品型ETF,,,101126209.92,951657,3537242,3.718,3.7169295239777,0.204829668
2021-06-23,518890.SH,中银黄金,20200928,,上海黄金交易所上海金集中定价合约(合约代码:SHAU)午盘基准价格收益率,中银基金管理有限公司,招商银行股份有限公司,商品型ETF,,,101368777.64,470875,1751841,3.722,3.7203950092912,0.072594305
2021-06-24,518890.SH,中银黄金,20200928,,上海黄金交易所上海金集中定价合约(合约代码:SHAU)午盘基准价格收益率,中银基金管理有限公司,招商银行股份有限公司,商品型ETF,,,101974803.84,725100,2685777,3.704,3.7040091021928,0.086467791
2021-06-25,518890.SH,中银黄金,20200928,,上海黄金交易所上海金集中定价合约(合约代码:SHAU)午盘基准价格收益率,中银基金管理有限公司,招商银行股份有限公司,商品型ETF,,,101864584.64,966926,3578120,3.699,3.7005106905803,0.059510928
2021-06-28,518890.SH,中银黄金,20200928,,上海黄金交易所上海金集中定价合约(合约代码:SHAU)午盘基准价格收益率,中银基金管理有限公司,招商银行股份有限公司,商品型ETF,,,102085023.04,820400,3028273,3.706,3.6912152608484,0.032390412
2021-06-29,518890.SH,中银黄金,20200928,,上海黄金交易所上海金集中定价合约(合约代码:SHAU)午盘基准价格收益率,中银基金管理有限公司,招商银行股份有限公司,商品型ETF,,,101715788.72,812722,3001034,3.692,3.6925713835727,0.016253996
2021-06-30,518890.SH,中银黄金,20200928,,上海黄金交易所上海金集中定价合约(合约代码:SHAU)午盘基准价格收益率,中银基金管理有限公司,招商银行股份有限公司,商品型ETF,,,100768068.165,553800,2028330,3.661,3.6625677139762,0.109379273
2021-07-01,518890.SH,中银黄金,20200928,,上海黄金交易所上海金集中定价合约(合约代码:SHAU)午盘基准价格收益率,中银基金管理有限公司,招商银行股份有限公司,商品型ETF,,,101941738.08,331541,1225384,3.698,3.6960255292709,-0.043247919
2021-07-02,518890.SH,中银黄金,20200928,,上海黄金交易所上海金集中定价合约(合约代码:SHAU)午盘基准价格收益率,中银基金管理有限公司,招商银行股份有限公司,商品型ETF,,,102140132.64,505495,1873020,3.705,3.7053185491449,-0.048559404
2021-07-05,518890.SH,中银黄金,20200928,,上海黄金交易所上海金集中定价合约(合约代码:SHAU)午盘基准价格收益率,中银基金管理有限公司,招商银行股份有限公司,商品型ETF,,,102363326.52,366500,1363092,3.72,3.7192141882674,0.137284987
2021-07-06,518890.SH,中银黄金,20200928,,上海黄金交易所上海金集中定价合约(合约代码:SHAU)午盘基准价格收益率,中银基金管理有限公司,招商银行股份有限公司,商品型ETF,,,103347032.88,497847,1859385,3.75,3.7348522738914,-0.01599744
2021-07-07,518890.SH,中银黄金,20200928,,上海黄金交易所上海金集中定价合约(合约代码:SHAU)午盘基准价格收益率,中银基金管理有限公司,招商银行股份有限公司,商品型ETF,,,103355299.32,445300,1668399,3.748,3.7466853806423,-0.077314778
2021-07-08,518890.SH,中银黄金,20200928,,上海黄金交易所上海金集中定价合约(合约代码:SHAU)午盘基准价格收益率,中银基金管理有限公司,招商银行股份有限公司,商品型ETF,,,103192726.0,216722,811203,3.742,3.7430579267449,-0.080106809
2021-07-09,518890.SH,中银黄金,20200928,,上海黄金交易所上海金集中定价合约(合约代码:SHAU)午盘基准价格收益率,中银基金管理有限公司,招商银行股份有限公司,商品型ETF,,,103418675.36,502853,1891061,3.752,3.7606636531949,-0.031972717
2021-07-12,518890.SH,中银黄金,20200928,,上海黄金交易所上海金集中定价合约(合约代码:SHAU)午盘基准价格收益率,中银基金管理有限公司,招商银行股份有限公司,商品型ETF,,,103272634.92,289584,1086774,3.745,3.7528799933698,-0.077376664
2021-07-13,518890.SH,中银黄金,20200928,,上海黄金交易所上海金集中定价合约(合约代码:SHAU)午盘基准价格收益率,中银基金管理有限公司,招商银行股份有限公司,商品型ETF,,,103708000.76,327558,1232628,3.761,3.7630831791622,-0.071737917
2021-07-14,518890.SH,中银黄金,20200928,,上海黄金交易所上海金集中定价合约(合约代码:SHAU)午盘基准价格收益率,中银基金管理有限公司,招商银行股份有限公司,商品型ETF,,,105068305.6,1019600,3845440,3.768,3.771518242448,-0.106044539
2021-07-15,518890.SH,中银黄金,20200928,,上海黄金交易所上海金集中定价合约(合约代码:SHAU)午盘基准价格收益率,中银基金管理有限公司,招商银行股份有限公司,商品型ETF,,,105862167.4,224406,850980,3.793,3.7921445950643,-0.197342455
2021-07-16,518890.SH,中银黄金,20200928,,上海黄金交易所上海金集中定价合约(合约代码:SHAU)午盘基准价格收益率,中银基金管理有限公司,招商银行股份有限公司,商品型ETF,,,105589190.36,639800,2426540,3.789,3.7926539543607,-0.044846598
2021-07-19,518890.SH,中银黄金,20200928,,上海黄金交易所上海金集中定价合约(合约代码:SHAU)午盘基准价格收益率,中银基金管理有限公司,招商银行股份有限公司,商品型ETF,,,104681123.88,483441,1824450,3.756,3.773883472854,-0.055879301
2021-07-20,518890.SH,中银黄金,20200928,,上海黄金交易所上海金集中定价合约(合约代码:SHAU)午盘基准价格收益率,中银基金管理有限公司,招商银行股份有限公司,商品型ETF,,,105402563.2,665200,2516267,3.781,3.7827224894768,-0.079281184
2021-07-21,518890.SH,中银黄金,20200928,,上海黄金交易所上海金集中定价合约(合约代码:SHAU)午盘基准价格收益率,中银基金管理有限公司,招商银行股份有限公司,商品型ETF,,,104915104.2,707610,2657636,3.767,3.7557920323342,0.013274924
2021-07-22,518890.SH,中银黄金,20200928,,上海黄金交易所上海金集中定价合约(合约代码:SHAU)午盘基准价格收益率,中银基金管理有限公司,招商银行股份有限公司,商品型ETF,,,104241018.04,265711,992291,3.735,3.7344746736116,-0.195067205
2021-07-23,518890.SH,中银黄金,20200928,,上海黄金交易所上海金集中定价合约(合约代码:SHAU)午盘基准价格收益率,中银基金管理有限公司,招商银行股份有限公司,商品型ETF,,,104661625.52,276058,1035089,3.754,3.7495345181085,-0.090488103
2021-07-26,518890.SH,中银黄金,20200928,,上海黄金交易所上海金集中定价合约(合约代码:SHAU)午盘基准价格收益率,中银基金管理有限公司,招商银行股份有限公司,商品型ETF,,,104884463.92,375383,1411840,3.761,3.7610653652403,-0.116853455
2021-07-27,518890.SH,中银黄金,20200928,,上海黄金交易所上海金集中定价合约(合约代码:SHAU)午盘基准价格收益率,中银基金管理有限公司,招商银行股份有限公司,商品型ETF,,,104087816.64,173188,647028,3.733,3.7359863269973,-0.101691287
2021-07-28,518890.SH,中银黄金,20200928,,上海黄金交易所上海金集中定价合约(合约代码:SHAU)午盘基准价格收益率,中银基金管理有限公司,招商银行股份有限公司,商品型ETF,,,105098945.88,1039589,3919084,3.774,3.7698398116948,0.023853065
2021-07-29,518890.SH,中银黄金,20200928,,上海黄金交易所上海金集中定价合约(合约代码:SHAU)午盘基准价格收益率,中银基金管理有限公司,招商银行股份有限公司,商品型ETF,,,105419276.08,320119,1210523,3.783,3.7814781378175,-0.042276595
2021-07-30,518890.SH,中银黄金,20200928,,上海黄金交易所上海金集中定价合约(合约代码:SHAU)午盘基准价格收益率,中银基金管理有限公司,招商银行股份有限公司,商品型ETF,,,104617309.16,251533,953923,3.79,3.7924367776793,-0.176469039
2021-08-02,518890.SH,中银黄金,20200928,,上海黄金交易所上海金集中定价合约(合约代码:SHAU)午盘基准价格收益率,中银基金管理有限公司,招商银行股份有限公司,商品型ETF,,,103495828.8,568600,2135606,3.753,3.755902215969,-0.079872204
2021-08-03,518890.SH,中银黄金,20200928,,上海黄金交易所上海金集中定价合约(合约代码:SHAU)午盘基准价格收益率,中银基金管理有限公司,招商银行股份有限公司,商品型ETF,,,103550938.4,392238,1473402,3.751,3.7563979012742,-0.186269292
2021-08-04,518890.SH,中银黄金,20200928,,上海黄金交易所上海金集中定价合约(合约代码:SHAU)午盘基准价格收益率,中银基金管理有限公司,招商银行股份有限公司,商品型ETF,,,103757599.4,659341,2477244,3.76,3.7571514588051,-0.14606294
2021-08-05,518890.SH,中银黄金,20200928,,上海黄金交易所上海金集中定价合约(合约代码:SHAU)午盘基准价格收益率,中银基金管理有限公司,招商银行股份有限公司,商品型ETF,,,102464420.6,546563,2054126,3.758,3.7582602554509,-0.039898923
2021-08-06,518890.SH,中银黄金,20200928,,上海黄金交易所上海金集中定价合约(合约代码:SHAU)午盘基准价格收益率,中银基金管理有限公司,招商银行股份有限公司,商品型ETF,,,100808256.52,482031,1801134,3.738,3.7365522134469,-0.050803497
2021-08-09,518890.SH,中银黄金,20200928,,上海黄金交易所上海金集中定价合约(合约代码:SHAU)午盘基准价格收益率,中银基金管理有限公司,招商银行股份有限公司,商品型ETF,,,98134340.36,1246200,4518148,3.635,3.6255400417268,-0.156563298
2021-08-10,518890.SH,中银黄金,20200928,,上海黄金交易所上海金集中定价合约(合约代码:SHAU)午盘基准价格收益率,中银基金管理有限公司,招商银行股份有限公司,商品型ETF,,,97646458.48,3688922,13332212,3.616,3.6141214154162,-0.182189588
2021-08-11,518890.SH,中银黄金,20200928,,上海黄金交易所上海金集中定价合约(合约代码:SHAU)午盘基准价格收益率,中银基金管理有限公司,招商银行股份有限公司,商品型ETF,,,89927151.88,396915,1434908,3.616,3.6151518587103,-0.058041514
2021-08-12,518890.SH,中银黄金,20200928,,上海黄金交易所上海金集中定价合约(合约代码:SHAU)午盘基准价格收益率,中银基金管理有限公司,招商银行股份有限公司,商品型ETF,,,89718328.24,188663,688088,3.654,3.6471804222344,0.005473753
2021-08-13,518890.SH,中银黄金,20200928,,上海黄金交易所上海金集中定价合约(合约代码:SHAU)午盘基准价格收益率,中银基金管理有限公司,招商银行股份有限公司,商品型ETF,,,89949143.36,1274150,4669816,3.659,3.6650441470784,-0.114653855
2021-08-16,518890.SH,中银黄金,20200928,,上海黄金交易所上海金集中定价合约(合约代码:SHAU)午盘基准价格收益率,中银基金管理有限公司,招商银行股份有限公司,商品型ETF,,,89638464.36,332600,1231547,3.698,3.7027871316897,0.062234489
2021-08-17,518890.SH,中银黄金,20200928,,上海黄金交易所上海金集中定价合约(合约代码:SHAU)午盘基准价格收益率,中银基金管理有限公司,招商银行股份有限公司,商品型ETF,,,90603805.4,417116,1552435,3.73,3.7218303781202,-0.147235979
2021-08-18,518890.SH,中银黄金,20200928,,上海黄金交易所上海金集中定价合约(合约代码:SHAU)午盘基准价格收益率,中银基金管理有限公司,招商银行股份有限公司,商品型ETF,,,90618358.28,306326,1143124,3.735,3.731723719175,-0.029442467
2021-08-19,518890.SH,中银黄金,20200928,,上海黄金交易所上海金集中定价合约(合约代码:SHAU)午盘基准价格收益率,中银基金管理有限公司,招商银行股份有限公司,商品型ETF,,,90266663.68,375976,1395263,3.716,3.7110427261315,-0.150472915
2021-08-20,518890.SH,中银黄金,20200928,,上海黄金交易所上海金集中定价合约(合约代码:SHAU)午盘基准价格收益率,中银基金管理有限公司,招商银行股份有限公司,商品型ETF,,,90598954.44,278600,1038889,3.736,3.7289626704953,0.018740128
2021-08-23,518890.SH,中银黄金,20200928,,上海黄金交易所上海金集中定价合约(合约代码:SHAU)午盘基准价格收益率,中银基金管理有限公司,招商银行股份有限公司,商品型ETF,,,90434021.8,877276,3266696,3.726,3.7236810308272,-0.067051093
2021-08-24,518890.SH,中银黄金,20200928,,上海黄金交易所上海金集中定价合约(合约代码:SHAU)午盘基准价格收益率,中银基金管理有限公司,招商银行股份有限公司,商品型ETF,,,93332259.48,857319,3218874,3.752,3.7545814335154,-0.082554393
2021-08-25,518890.SH,中银黄金,20200928,,上海黄金交易所上海金集中定价合约(合约代码:SHAU)午盘基准价格收益率,中银基金管理有限公司,招商银行股份有限公司,商品型ETF,,,92857532.8,185064,691377,3.732,3.7358805602386,-0.107066381
2021-08-26,518890.SH,中银黄金,20200928,,上海黄金交易所上海金集中定价合约(合约代码:SHAU)午盘基准价格收益率,中银基金管理有限公司,招商银行股份有限公司,商品型ETF,,,92469797.92,488869,1820158,3.72,3.7232019211691,-0.010751532
2021-08-27,518890.SH,中银黄金,20200928,,上海黄金交易所上海金集中定价合约(合约代码:SHAU)午盘基准价格收益率,中银基金管理有限公司,招商银行股份有限公司,商品型ETF,,,93319832.08,2089513,7829766,3.756,3.7471726665496,0.037287594
2021-08-30,518890.SH,中银黄金,20200928,,上海黄金交易所上海金集中定价合约(合约代码:SHAU)午盘基准价格收益率,中银基金管理有限公司,招商银行股份有限公司,商品型ETF,,,93598205.84,1183376,4466273,3.769,3.7741791281892,0.084975304
2021-08-31,518890.SH,中银黄金,20200928,,上海黄金交易所上海金集中定价合约(合约代码:SHAU)午盘基准价格收益率,中银基金管理有限公司,招商银行股份有限公司,商品型ETF,,,93610633.24,498598,1878136,3.763,3.7668342031055,-0.087619149
2021-09-01,518890.SH,中银黄金,20200928,,上海黄金交易所上海金集中定价合约(合约代码:SHAU)午盘基准价格收益率,中银基金管理有限公司,招商银行股份有限公司,商品型ETF,,,97041510.92,1307697,4922517,3.767,3.7642641988167,-0.023885984
2021-09-02,518890.SH,中银黄金,20200928,,上海黄金交易所上海金集中定价合约(合约代码:SHAU)午盘基准价格收益率,中银基金管理有限公司,招商银行股份有限公司,商品型ETF,,,98052028.84,614232,2309626,3.76,3.7601850766486,-0.087688996
2021-09-03,518890.SH,中银黄金,20200928,,上海黄金交易所上海金集中定价合约(合约代码:SHAU)午盘基准价格收益率,中银基金管理有限公司,招商银行股份有限公司,商品型ETF,,,97984286.36,729532,2739117,3.756,3.754622141318,-0.124976733
2021-09-06,518890.SH,中银黄金,20200928,,上海黄金交易所上海金集中定价合约(合约代码:SHAU)午盘基准价格收益率,中银基金管理有限公司,招商银行股份有限公司,商品型ETF,,,98653894.72,516489,1954179,3.779,3.7835829998316,-0.195436298
2021-09-07,518890.SH,中银黄金,20200928,,上海黄金交易所上海金集中定价合约(合约代码:SHAU)午盘基准价格收益率,中银基金管理有限公司,招商银行股份有限公司,商品型ETF,,,98208357.64,535206,2018839,3.765,3.7720784146665,-0.114079537
2021-09-08,518890.SH,中银黄金,20200928,,上海黄金交易所上海金集中定价合约(合约代码:SHAU)午盘基准价格收益率,中银基金管理有限公司,招商银行股份有限公司,商品型ETF,,,97108845.08,753631,2810610,3.725,3.7294246123103,-0.056344074
2021-09-09,518890.SH,中银黄金,20200928,,上海黄金交易所上海金集中定价合约(合约代码:SHAU)午盘基准价格收益率,中银基金管理有限公司,招商银行股份有限公司,商品型ETF,,,96710206.64,1066832,3954571,3.706,3.7068357529583,-0.156258419
2021-09-10,518890.SH,中银黄金,20200928,,上海黄金交易所上海金集中定价合约(合约代码:SHAU)午盘基准价格收益率,中银基金管理有限公司,招商银行股份有限公司,商品型ETF,,,95053314.16,721400,2683745,3.729,3.7201899085112,-0.139253388
2021-09-13,518890.SH,中银黄金,20200928,,上海黄金交易所上海金集中定价合约(合约代码:SHAU)午盘基准价格收益率,中银基金管理有限公司,招商银行股份有限公司,商品型ETF,,,93407318.84,326132,1209493,3.708,3.7085995854439,-0.142730186
2021-09-14,518890.SH,中银黄金,20200928,,上海黄金交易所上海金集中定价合约(合约代码:SHAU)午盘基准价格收益率,中银基金管理有限公司,招商银行股份有限公司,商品型ETF,,,93495360.64,261411,970766,3.714,3.7135621683862,-0.07533362
2021-09-15,518890.SH,中银黄金,20200928,,上海黄金交易所上海金集中定价合约(合约代码:SHAU)午盘基准价格收益率,中银基金管理有限公司,招商银行股份有限公司,商品型ETF,,,93799733.72,557732,2082970,3.73,3.7347148809823,0.029499316
2021-09-16,518890.SH,中银黄金,20200928,,上海黄金交易所上海金集中定价合约(合约代码:SHAU)午盘基准价格收益率,中银基金管理有限公司,招商银行股份有限公司,商品型ETF,,,91922992.32,377339,1399254,3.692,3.7082146292856,-0.173047804
2021-09-17,518890.SH,中银黄金,20200928,,上海黄金交易所上海金集中定价合约(合约代码:SHAU)午盘基准价格收益率,中银基金管理有限公司,招商银行股份有限公司,商品型ETF,,,90990937.32,415800,1516125,3.66,3.6462842712843,-0.024584119
2021-09-22,518890.SH,中银黄金,20200928,,上海黄金交易所上海金集中定价合约(合约代码:SHAU)午盘基准价格收益率,中银基金管理有限公司,招商银行股份有限公司,商品型ETF,,,92087034.0,844700,3128751,3.704,3.7039789274299,-0.026990553
2021-09-23,518890.SH,中银黄金,20200928,,上海黄金交易所上海金集中定价合约(合约代码:SHAU)午盘基准价格收益率,中银基金管理有限公司,招商银行股份有限公司,商品型ETF,,,90246256.44,571400,2097436,3.671,3.6706965348267,-0.116997252
2021-09-24,518890.SH,中银黄金,20200928,,上海黄金交易所上海金集中定价合约(合约代码:SHAU)午盘基准价格收益率,中银基金管理有限公司,招商银行股份有限公司,商品型ETF,,,88585806.04,525034,1914147,3.651,3.6457581794703,-0.035594009
2021-09-27,518890.SH,中银黄金,20200928,,上海黄金交易所上海金集中定价合约(合约代码:SHAU)午盘基准价格收益率,中银基金管理有限公司,招商银行股份有限公司,商品型ETF,,,88804099.24,927200,3394489,3.659,3.6610105694564,-0.062819217
2021-09-28,518890.SH,中银黄金,20200928,,上海黄金交易所上海金集中定价合约(合约代码:SHAU)午盘基准价格收益率,中银基金管理有限公司,招商银行股份有限公司,商品型ETF,,,86948737.56,851925,3100902,3.629,3.6398767497139,-0.01928534
2021-09-29,518890.SH,中银黄金,20200928,,上海黄金交易所上海金集中定价合约(合约代码:SHAU)午盘基准价格收益率,中银基金管理有限公司,招商银行股份有限公司,商品型ETF,,,86788240.4,468706,1698981,3.624,3.6248330509957,0.027601435
2021-09-30,518890.SH,中银黄金,20200928,,上海黄金交易所上海金集中定价合约(合约代码:SHAU)午盘基准价格收益率,中银基金管理有限公司,招商银行股份有限公司,商品型ETF,,,85214213.628,753900,2725531,3.61,3.6152420745457,0.210970464
2021-10-08,518890.SH,中银黄金,20200928,,上海黄金交易所上海金集中定价合约(合约代码:SHAU)午盘基准价格收益率,中银基金管理有限公司,招商银行股份有限公司,商品型ETF,,,86441735.64,342800,1253116,3.66,3.6555309218203,0.155980626
2021-10-11,518890.SH,中银黄金,20200928,,上海黄金交易所上海金集中定价合约(合约代码:SHAU)午盘基准价格收益率,中银基金管理有限公司,招商银行股份有限公司,商品型ETF,,,86075086.24,133331,486117,3.646,3.6459413039728,0.197867429
2021-10-12,518890.SH,中银黄金,20200928,,上海黄金交易所上海金集中定价合约(合约代码:SHAU)午盘基准价格收益率,中银基金管理有限公司,招商银行股份有限公司,商品型ETF,,,86545816.76,184600,674682,3.661,3.6548320693391,0.062863859
2021-10-13,518890.SH,中银黄金,20200928,,上海黄金交易所上海金集中定价合约(合约代码:SHAU)午盘基准价格收益率,中银基金管理有限公司,招商银行股份有限公司,商品型ETF,,,87595517.16,527213,1929113,3.659,3.6590770713165,0.062898242
2021-10-14,518890.SH,中银黄金,20200928,,上海黄金交易所上海金集中定价合约(合约代码:SHAU)午盘基准价格收益率,中银基金管理有限公司,招商银行股份有限公司,商品型ETF,,,88762115.92,412734,1529532,3.707,3.7058541336551,0.043180223
2021-10-15,518890.SH,中银黄金,20200928,,上海黄金交易所上海金集中定价合约(合约代码:SHAU)午盘基准价格收益率,中银基金管理有限公司,招商银行股份有限公司,商品型ETF,,,93080306.44,1656116,6138279,3.698,3.7064305881955,-0.062157122
2021-10-18,518890.SH,中银黄金,20200928,,上海黄金交易所上海金集中定价合约(合约代码:SHAU)午盘基准价格收益率,中银基金管理有限公司,招商银行股份有限公司,商品型ETF,,,91862814.12,637800,2333704,3.652,3.6589902790844,0.002738301
2021-10-19,518890.SH,中银黄金,20200928,,上海黄金交易所上海金集中定价合约(合约代码:SHAU)午盘基准价格收益率,中银基金管理有限公司,招商银行股份有限公司,商品型ETF,,,92124424.04,412341,1507522,3.664,3.6560080127855,0.046418917
2021-10-20,518890.SH,中银黄金,20200928,,上海黄金交易所上海金集中定价合约(合约代码:SHAU)午盘基准价格收益率,中银基金管理有限公司,招商银行股份有限公司,商品型ETF,,,91870360.56,243003,884672,3.647,3.6405805689642,-0.142379935
2021-10-21,518890.SH,中银黄金,20200928,,上海黄金交易所上海金集中定价合约(合约代码:SHAU)午盘基准价格收益率,中银基金管理有限公司,招商银行股份有限公司,商品型ETF,,,92290445.72,640941,2352657,3.672,3.6706295899311,0.08449399
2021-10-22,518890.SH,中银黄金,20200928,,上海黄金交易所上海金集中定价合约(合约代码:SHAU)午盘基准价格收益率,中银基金管理有限公司,招商银行股份有限公司,商品型ETF,,,92645128.4,503213,1849667,3.686,3.6757138627182,0.081455335
2021-10-25,518890.SH,中银黄金,20200928,,上海黄金交易所上海金集中定价合约(合约代码:SHAU)午盘基准价格收益率,中银基金管理有限公司,招商银行股份有限公司,商品型ETF,,,92464013.84,1374803,5057800,3.673,3.6789270899176,-0.076173894
2021-10-26,518890.SH,中银黄金,20200928,,上海黄金交易所上海金集中定价合约(合约代码:SHAU)午盘基准价格收益率,中银基金管理有限公司,招商银行股份有限公司,商品型ETF,,,92856428.72,737409,2721506,3.692,3.6906330137007,0.016253996
2021-10-27,518890.SH,中银黄金,20200928,,上海黄金交易所上海金集中定价合约(合约代码:SHAU)午盘基准价格收益率,中银基金管理有限公司,招商银行股份有限公司,商品型ETF,,,92147063.36,229800,839541,3.66,3.6533550913838,-0.087355318
2021-10-28,518890.SH,中银黄金,20200928,,上海黄金交易所上海金集中定价合约(合约代码:SHAU)午盘基准价格收益率,中银基金管理有限公司,招商银行股份有限公司,商品型ETF,,,93050120.68,713015,2633042,3.699,3.6928283416197,-0.00270336
2021-10-29,518890.SH,中银黄金,20200928,,上海黄金交易所上海金集中定价合约(合约代码:SHAU)午盘基准价格收益率,中银基金管理有限公司,招商银行股份有限公司,商品型ETF,,,92589787.84,598506,2203515,3.676,3.6816924141111,-0.130406433
2021-11-01,518890.SH,中银黄金,20200928,,上海黄金交易所上海金集中定价合约(合约代码:SHAU)午盘基准价格收益率,中银基金管理有限公司,招商银行股份有限公司,商品型ETF,,,92147063.36,284700,1043397,3.662,3.6648998946259,-0.032758244
2021-11-02,518890.SH,中银黄金,20200928,,上海黄金交易所上海金集中定价合约(合约代码:SHAU)午盘基准价格收益率,中银基金管理有限公司,招商银行股份有限公司,商品型ETF,,,92692922.52,1559300,5738356,3.685,3.6800846533701,0.002713778
2021-11-03,518890.SH,中银黄金,20200928,,上海黄金交易所上海金集中定价合约(合约代码:SHAU)午盘基准价格收益率,中银基金管理有限公司,招商银行股份有限公司,商品型ETF,,,92011227.44,968953,3541799,3.654,3.6552846216483,-0.103887583
2021-11-04,518890.SH,中银黄金,20200928,,上海黄金交易所上海金集中定价合约(合约代码:SHAU)午盘基准价格收益率,中银基金管理有限公司,招商银行股份有限公司,商品型ETF,,,91598688.72,1971072,7181679,3.638,3.6435396576076,-0.093370682
2021-11-05,518890.SH,中银黄金,20200928,,上海黄金交易所上海金集中定价合约(合约代码:SHAU)午盘基准价格收益率,中银基金管理有限公司,招商银行股份有限公司,商品型ETF,,,92841335.84,618363,2273961,3.691,3.6773885242164,0.005418879
2021-11-08,518890.SH,中银黄金,20200928,,上海黄金交易所上海金集中定价合约(合约代码:SHAU)午盘基准价格收益率,中银基金管理有限公司,招商银行股份有限公司,商品型ETF,,,93829919.48,1986669,7419843,3.729,3.7348159154847,-0.029489826
2021-11-09,518890.SH,中银黄金,20200928,,上海黄金交易所上海金集中定价合约(合约代码:SHAU)午盘基准价格收益率,中银基金管理有限公司,招商银行股份有限公司,商品型ETF,,,94146869.96,266258,996375,3.742,3.7421410812069,-0.018703075
2021-11-10,518890.SH,中银黄金,20200928,,上海黄金交易所上海金集中定价合约(合约代码:SHAU)午盘基准价格收益率,中银基金管理有限公司,招商银行股份有限公司,商品型ETF,,,94184602.16,510303,1911942,3.741,3.7466799136983,-0.08546552
2021-11-11,518890.SH,中银黄金,20200928,,上海黄金交易所上海金集中定价合约(合约代码:SHAU)午盘基准价格收益率,中银基金管理有限公司,招商银行股份有限公司,商品型ETF,,,97878541.92,1469352,5579927,3.797,3.7975427263175,-0.089464267
2021-11-12,518890.SH,中银黄金,20200928,,上海黄金交易所上海金集中定价合约(合约代码:SHAU)午盘基准价格收益率,中银基金管理有限公司,招商银行股份有限公司,商品型ETF,,,96860604.96,393698,1496655,3.796,3.8015306148368,-0.241774414
2021-11-15,518890.SH,中银黄金,20200928,,上海黄金交易所上海金集中定价合约(合约代码:SHAU)午盘基准价格收益率,中银基金管理有限公司,招商银行股份有限公司,商品型ETF,,,96491510.36,835269,3163915,3.784,3.7878994671178,-0.176748358
2021-11-16,518890.SH,中银黄金,20200928,,上海黄金交易所上海金集中定价合约(合约代码:SHAU)午盘基准价格收益率,中银基金管理有限公司,招商银行股份有限公司,商品型ETF,,,96929332.92,807200,3065435,3.802,3.7976152130823,-0.154941044
2021-11-17,518890.SH,中银黄金,20200928,,上海黄金交易所上海金集中定价合约(合约代码:SHAU)午盘基准价格收益率,中银基金管理有限公司,招商银行股份有限公司,商品型ETF,,,96557692.84,1270500,4805964,3.789,3.7827343565525,-0.113357762
2021-11-18,518890.SH,中银黄金,20200928,,上海黄金交易所上海金集中定价合约(合约代码:SHAU)午盘基准价格收益率,中银基金管理有限公司,招商银行股份有限公司,商品型ETF,,,96914060.04,575138,2190744,3.804,3.8090753871245,-0.086675597
2021-11-19,518890.SH,中银黄金,20200928,,上海黄金交易所上海金集中定价合约(合约代码:SHAU)午盘基准价格收益率,中银基金管理有限公司,招商银行股份有限公司,商品型ETF,,,96710421.64,962800,3659371,3.8,3.800759243872,0.018424447
2021-11-22,518890.SH,中银黄金,20200928,,上海黄金交易所上海金集中定价合约(合约代码:SHAU)午盘基准价格收益率,中银基金管理有限公司,招商银行股份有限公司,商品型ETF,,,95888231.6,2173958,8199934,3.759,3.7718916372809,-0.212370587
2021-11-23,518890.SH,中银黄金,20200928,,上海黄金交易所上海金集中定价合约(合约代码:SHAU)午盘基准价格收益率,中银基金管理有限公司,招商银行股份有限公司,商品型ETF,,,94060576.96,1200000,4441375,3.693,3.7011458333333,-0.059536696
2021-11-24,518890.SH,中银黄金,20200928,,上海黄金交易所上海金集中定价合约(合约代码:SHAU)午盘基准价格收益率,中银基金管理有限公司,招商银行股份有限公司,商品型ETF,,,93627845.36,2419781,8886309,3.674,3.6723608458782,-0.114186287
2021-11-25,518890.SH,中银黄金,20200928,,上海黄金交易所上海金集中定价合约(合约代码:SHAU)午盘基准价格收益率,中银基金管理有限公司,招商银行股份有限公司,商品型ETF,,,89141240.96,1356063,4983590,3.676,3.6750431211529,0.021767523
2021-11-26,518890.SH,中银黄金,20200928,,上海黄金交易所上海金集中定价合约(合约代码:SHAU)午盘基准价格收益率,中银基金管理有限公司,招商银行股份有限公司,商品型ETF,,,88479449.28,1001400,3687142,3.692,3.6819872178949,-0.043318172
2021-11-29,518890.SH,中银黄金,20200928,,上海黄金交易所上海金集中定价合约(合约代码:SHAU)午盘基准价格收益率,中银基金管理有限公司,招商银行股份有限公司,商品型ETF,,,88108149.88,581000,2137376,3.68,3.6787882960413,0.051657106
2021-11-30,518890.SH,中银黄金,20200928,,上海黄金交易所上海金集中定价合约(合约代码:SHAU)午盘基准价格收益率,中银基金管理有限公司,招商银行股份有限公司,商品型ETF,,,86761075.44,1743613,6386608,3.669,3.6628586733409,0.03271716
2021-12-01,518890.SH,中银黄金,20200928,,上海黄金交易所上海金集中定价合约(合约代码:SHAU)午盘基准价格收益率,中银基金管理有限公司,招商银行股份有限公司,商品型ETF,,,86493776.2,2014600,7339892,3.657,3.6433495482974,0.013674279
2021-12-02,518890.SH,中银黄金,20200928,,上海黄金交易所上海金集中定价合约(合约代码:SHAU)午盘基准价格收益率,中银基金管理有限公司,招商银行股份有限公司,商品型ETF,,,84985781.72,1774595,6458939,3.643,3.6396693330027,0.112671412
2021-12-03,518890.SH,中银黄金,20200928,,上海黄金交易所上海金集中定价合约(合约代码:SHAU)午盘基准价格收益率,中银基金管理有限公司,招商银行股份有限公司,商品型ETF,,,81510924.0,600838,2180852,3.635,3.6296838748548,0.137741047
2021-12-06,518890.SH,中银黄金,20200928,,上海黄金交易所上海金集中定价合约(合约代码:SHAU)午盘基准价格收益率,中银基金管理有限公司,招商银行股份有限公司,商品型ETF,,,82114958.12,1407403,5144803,3.657,3.6555293686314,0.002734557
2021-12-07,518890.SH,中银黄金,20200928,,上海黄金交易所上海金集中定价合约(合约代码:SHAU)午盘基准价格收益率,中银基金管理有限公司,招商银行股份有限公司,商品型ETF,,,80853942.6,699963,2554494,3.65,3.6494700434166,0.013700507
2021-12-08,518890.SH,中银黄金,20200928,,上海黄金交易所上海金集中定价合约(合约代码:SHAU)午盘基准价格收益率,中银基金管理有限公司,招商银行股份有限公司,商品型ETF,,,82063312.08,1154700,4223676,3.655,3.6578124188101,0.01094511
2021-12-09,518890.SH,中银黄金,20200928,,上海黄金交易所上海金集中定价合约(合约代码:SHAU)午盘基准价格收益率,中银基金管理有限公司,招商银行股份有限公司,商品型ETF,,,81715262.68,557169,2030630,3.639,3.644549499344,-0.002747932
2021-12-10,518890.SH,中银黄金,20200928,,上海黄金交易所上海金集中定价合约(合约代码:SHAU)午盘基准价格收益率,中银基金管理有限公司,招商银行股份有限公司,商品型ETF,,,81497451.12,310050,1126989,3.63,3.6348621190131,0.016531658
2021-12-13,518890.SH,中银黄金,20200928,,上海黄金交易所上海金集中定价合约(合约代码:SHAU)午盘基准价格收益率,中银基金管理有限公司,招商银行股份有限公司,商品型ETF,,,81980229.32,211895,774898,3.652,3.6569904905732,0.030129557
2021-12-14,518890.SH,中银黄金,20200928,,上海黄金交易所上海金集中定价合约(合约代码:SHAU)午盘基准价格收益率,中银基金管理有限公司,招商银行股份有限公司,商品型ETF,,,83196099.76,815800,2982565,3.654,3.6560002451581,-0.060171763
2021-12-15,518890.SH,中银黄金,20200928,,上海黄金交易所上海金集中定价合约(合约代码:SHAU)午盘基准价格收益率,中银基金管理有限公司,招商银行股份有限公司,商品型ETF,,,82317764.48,381879,1384281,3.622,3.6249204590983,0.121627598
2021-12-16,518890.SH,中银黄金,20200928,,上海黄金交易所上海金集中定价合约(合约代码:SHAU)午盘基准价格收益率,中银基金管理有限公司,招商银行股份有限公司,商品型ETF,,,83080050.28,756400,2759730,3.652,3.6485060814384,0.024650105
2021-12-17,518890.SH,中银黄金,20200928,,上海黄金交易所上海金集中定价合约(合约代码:SHAU)午盘基准价格收益率,中银基金管理有限公司,招商银行股份有限公司,商品型ETF,,,84126771.08,724238,2671395,3.697,3.688559561912,-0.002704823
2021-12-20,518890.SH,中银黄金,20200928,,上海黄金交易所上海金集中定价合约(合约代码:SHAU)午盘基准价格收益率,中银基金管理有限公司,招商银行股份有限公司,商品型ETF,,,85095266.8,983200,3630433,3.693,3.6924664361269,0.054185857
2021-12-21,518890.SH,中银黄金,20200928,,上海黄金交易所上海金集中定价合约(合约代码:SHAU)午盘基准价格收益率,中银基金管理有限公司,招商银行股份有限公司,商品型ETF,,,139619255.72,378219,1387810,3.666,3.6693291452836,-0.079042765
2021-12-22,518890.SH,中银黄金,20200928,,上海黄金交易所上海金集中定价合约(合约代码:SHAU)午盘基准价格收益率,中银基金管理有限公司,招商银行股份有限公司,商品型ETF,,,84378262.52,226500,829846,3.663,3.6637792494481,0.084701768
2021-12-23,518890.SH,中银黄金,20200928,,上海黄金交易所上海金集中定价合约(合约代码:SHAU)午盘基准价格收益率,中银基金管理有限公司,招商银行股份有限公司,商品型ETF,,,91858369.84,694313,2566607,3.697,3.6966137750553,0.032469289
2021-12-24,518890.SH,中银黄金,20200928,,上海黄金交易所上海金集中定价合约(合约代码:SHAU)午盘基准价格收益率,中银基金管理有限公司,招商银行股份有限公司,商品型ETF,,,92044780.84,331400,1227050,3.702,3.7026252263126,-0.035103826
2021-12-27,518890.SH,中银黄金,20200928,,上海黄金交易所上海金集中定价合约(合约代码:SHAU)午盘基准价格收益率,中银基金管理有限公司,招商银行股份有限公司,商品型ETF,,,92000042.2,491900,1820895,3.699,3.7017584874975,-0.067540186
2021-12-28,518890.SH,中银黄金,20200928,,上海黄金交易所上海金集中定价合约(合约代码:SHAU)午盘基准价格收益率,中银基金管理有限公司,招商银行股份有限公司,商品型ETF,,,93359524.72,1080300,3997441,3.705,3.7003063963714,-0.172441666
2021-12-29,518890.SH,中银黄金,20200928,,上海黄金交易所上海金集中定价合约(合约代码:SHAU)午盘基准价格收益率,中银基金管理有限公司,招商银行股份有限公司,商品型ETF,,,137246115.72,401181,1481369,3.691,3.6925203337147,-0.07850781
2021-12-30,518890.SH,中银黄金,20200928,,上海黄金交易所上海金集中定价合约(合约代码:SHAU)午盘基准价格收益率,中银基金管理有限公司,招商银行股份有限公司,商品型ETF,,,134411999.6,562863,2072705,3.678,3.6824324924538,0.027196084
2021-12-31,518890.SH,中银黄金,20200928,,上海黄金交易所上海金集中定价合约(合约代码:SHAU)午盘基准价格收益率,中银基金管理有限公司,招商银行股份有限公司,商品型ETF,,,135929191.1325,5370400,19912073,3.71,3.707744860718,-0.228586796
2022-01-04,518890.SH,中银黄金,20200928,,上海黄金交易所上海金集中定价合约(合约代码:SHAU)午盘基准价格收益率,中银基金管理有限公司,招商银行股份有限公司,商品型ETF,,,124907284.6,491200,1809591,3.684,3.6840207654723,-0.14907169
2022-01-05,518890.SH,中银黄金,20200928,,上海黄金交易所上海金集中定价合约(合约代码:SHAU)午盘基准价格收益率,中银基金管理有限公司,招商银行股份有限公司,商品型ETF,,,113156646.32,1644400,6087236,3.695,3.7017976161518,-0.226818599
2022-01-06,518890.SH,中银黄金,20200928,,上海黄金交易所上海金集中定价合约(合约代码:SHAU)午盘基准价格收益率,中银基金管理有限公司,招商银行股份有限公司,商品型ETF,,,110203709.2,1378057,5086577,3.673,3.6911223556065,-0.163087796
2022-01-07,518890.SH,中银黄金,20200928,,上海黄金交易所上海金集中定价合约(合约代码:SHAU)午盘基准价格收益率,中银基金管理有限公司,招商银行股份有限公司,商品型ETF,,,109664522.8,108003,395371,3.657,3.6607409053452,-0.109259765
2022-01-10,518890.SH,中银黄金,20200928,,上海黄金交易所上海金集中定价合约(合约代码:SHAU)午盘基准价格收益率,中银基金管理有限公司,招商银行股份有限公司,商品型ETF,,,109760378.16,482600,1767902,3.663,3.6632863655201,-0.032749304
2022-01-11,518890.SH,中银黄金,20200928,,上海黄金交易所上海金集中定价合约(合约代码:SHAU)午盘基准价格收益率,中银基金管理有限公司,招商银行股份有限公司,商品型ETF,,,110668008.6,884831,3264632,3.693,3.6895542764664,-0.040600893
2022-01-12,518890.SH,中银黄金,20200928,,上海黄金交易所上海金集中定价合约(合约代码:SHAU)午盘基准价格收益率,中银基金管理有限公司,招商银行股份有限公司,商品型ETF,,,110126065.28,282431,1048461,3.712,3.7122730861697,-0.043084877
2022-01-13,518890.SH,中银黄金,20200928,,上海黄金交易所上海金集中定价合约(合约代码:SHAU)午盘基准价格收益率,中银基金管理有限公司,招商银行股份有限公司,商品型ETF,,,110336614.36,746532,2776018,3.719,3.7185519173994,-0.045690327
2022-01-14,518890.SH,中银黄金,20200928,,上海黄金交易所上海金集中定价合约(合约代码:SHAU)午盘基准价格收益率,中银基金管理有限公司,招商银行股份有限公司,商品型ETF,,,110330683.4,309000,1148138,3.717,3.7156569579288,-0.094073377
2022-01-17,518890.SH,中银黄金,20200928,,上海黄金交易所上海金集中定价合约(合约代码:SHAU)午盘基准价格收益率,中银基金管理有限公司,招商银行股份有限公司,商品型ETF,,,90887136.72,100900,373394,3.7,3.7006342913776,-0.037823526
2022-01-18,518890.SH,中银黄金,20200928,,上海黄金交易所上海金集中定价合约(合约代码:SHAU)午盘基准价格收益率,中银基金管理有限公司,招商银行股份有限公司,商品型ETF,,,90744718.88,407176,1504168,3.691,3.6941470027703,-0.124472345
2022-01-19,518890.SH,中银黄金,20200928,,上海黄金交易所上海金集中定价合约(合约代码:SHAU)午盘基准价格收益率,中银基金管理有限公司,招商银行股份有限公司,商品型ETF,,,90690698.32,271100,1000163,3.692,3.68927701955,-0.037905453
2022-01-20,518890.SH,中银黄金,20200928,,上海黄金交易所上海金集中定价合约(合约代码:SHAU)午盘基准价格收益率,中银基金管理有限公司,招商银行股份有限公司,商品型ETF,,,91830041.04,419860,1571635,3.737,3.7432358405183,-0.074870314
2022-01-21,518890.SH,中银黄金,20200928,,上海黄金交易所上海金集中定价合约(合约代码:SHAU)午盘基准价格收益率,中银基金管理有限公司,招商银行股份有限公司,商品型ETF,,,91849684.88,643263,2404294,3.739,3.7376531838455,-0.042773887
2022-01-24,518890.SH,中银黄金,20200928,,上海黄金交易所上海金集中定价合约(合约代码:SHAU)午盘基准价格收益率,中银基金管理有限公司,招商银行股份有限公司,商品型ETF,,,91599225.92,628500,2341752,3.726,3.725937947494,-0.117949818
2022-01-25,518890.SH,中银黄金,20200928,,上海黄金交易所上海金集中定价合约(合约代码:SHAU)午盘基准价格收益率,中银基金管理有限公司,招商银行股份有限公司,商品型ETF,,,91758832.12,280232,1046186,3.732,3.7332852779126,-0.131124729
2022-01-26,518890.SH,中银黄金,20200928,,上海黄金交易所上海金集中定价合约(合约代码:SHAU)午盘基准价格收益率,中银基金管理有限公司,招商银行股份有限公司,商品型ETF,,,91911071.88,342200,1280485,3.741,3.7419199298656,-0.05610323
2022-01-27,518890.SH,中银黄金,20200928,,上海黄金交易所上海金集中定价合约(合约代码:SHAU)午盘基准价格收益率,中银基金管理有限公司,招商银行股份有限公司,商品型ETF,,,90469705.12,563913,2073573,3.673,3.6771150869017,-0.309412659
2022-01-28,518890.SH,中银黄金,20200928,,上海黄金交易所上海金集中定价合约(合约代码:SHAU)午盘基准价格收益率,中银基金管理有限公司,招商银行股份有限公司,商品型ETF,,,89954054.32,250163,914401,3.66,3.655220796041,-0.092809958
2022-02-07,518890.SH,中银黄金,20200928,,上海黄金交易所上海金集中定价合约(合约代码:SHAU)午盘基准价格收益率,中银基金管理有限公司,招商银行股份有限公司,商品型ETF,,,90523725.68,396132,1459759,3.683,3.6850317570911,-0.097650952
2022-02-08,518890.SH,中银黄金,20200928,,上海黄金交易所上海金集中定价合约(合约代码:SHAU)午盘基准价格收益率,中银基金管理有限公司,招商银行股份有限公司,商品型ETF,,,91029554.56,896632,3320795,3.703,3.7036320363315,-0.113293051
2022-02-09,518890.SH,中银黄金,20200928,,上海黄金交易所上海金集中定价合约(合约代码:SHAU)午盘基准价格收益率,中银基金管理有限公司,招商银行股份有限公司,商品型ETF,,,91449441.64,1023363,3807248,3.719,3.7203299318033,-0.142308622
2022-02-10,518890.SH,中银黄金,20200928,,上海黄金交易所上海金集中定价合约(合约代码:SHAU)午盘基准价格收益率,中银基金管理有限公司,招商银行股份有限公司,商品型ETF,,,91672890.32,1195100,4457088,3.727,3.7294686637101,-0.17142551
2022-02-11,518890.SH,中银黄金,20200928,,上海黄金交易所上海金集中定价合约(合约代码:SHAU)午盘基准价格收益率,中银基金管理有限公司,招商银行股份有限公司,商品型ETF,,,91208804.6,2252900,8363844,3.709,3.7124790270318,-0.148068381
2022-02-14,518890.SH,中银黄金,20200928,,上海黄金交易所上海金集中定价合约(合约代码:SHAU)午盘基准价格收益率,中银基金管理有限公司,招商银行股份有限公司,商品型ETF,,,92645260.4,1362532,5142829,3.77,3.774464746516,-0.079512324
2022-02-15,518890.SH,中银黄金,20200928,,上海黄金交易所上海金集中定价合约(合约代码:SHAU)午盘基准价格收益率,中银基金管理有限公司,招商银行股份有限公司,商品型ETF,,,93683928.44,2004122,7632597,3.811,3.8084492860215,-0.112704112
2022-02-16,518890.SH,中银黄金,20200928,,上海黄金交易所上海金集中定价合约(合约代码:SHAU)午盘基准价格收益率,中银基金管理有限公司,招商银行股份有限公司,商品型ETF,,,77703357.6,2459400,9227655,3.755,3.7519943888753,-0.186071239
2022-02-17,518890.SH,中银黄金,20200928,,上海黄金交易所上海金集中定价合约(合约代码:SHAU)午盘基准价格收益率,中银基金管理有限公司,招商银行股份有限公司,商品型ETF,,,78484109.04,2299000,8703347,3.787,3.7857098738582,-0.336859835
2022-02-18,518890.SH,中银黄金,20200928,,上海黄金交易所上海金集中定价合约(合约代码:SHAU)午盘基准价格收益率,中银基金管理有限公司,招商银行股份有限公司,商品型ETF,,,79050050.56,2668484,10201729,3.821,3.8230429712151,-0.161998328
2022-02-21,518890.SH,中银黄金,20200928,,上海黄金交易所上海金集中定价合约(合约代码:SHAU)午盘基准价格收益率,中银基金管理有限公司,招商银行股份有限公司,商品型ETF,,,79023199.32,2129200,8135713,3.815,3.8210186924667,-0.284900285
2022-02-22,518890.SH,中银黄金,20200928,,上海黄金交易所上海金集中定价合约(合约代码:SHAU)午盘基准价格收益率,中银基金管理有限公司,招商银行股份有限公司,商品型ETF,,,79921683.12,4282863,16532795,3.861,3.8602203712797,-0.217087921
2022-02-23,518890.SH,中银黄金,20200928,,上海黄金交易所上海金集中定价合约(合约代码:SHAU)午盘基准价格收益率,中银基金管理有限公司,招商银行股份有限公司,商品型ETF,,,73588910.64,1720106,6596773,3.834,3.8350967905466,-0.20302983
2022-02-24,518890.SH,中银黄金,20200928,,上海黄金交易所上海金集中定价合约(合约代码:SHAU)午盘基准价格收益率,中银基金管理有限公司,招商银行股份有限公司,商品型ETF,,,90388648.88,4140100,16090869,3.914,3.886589454361,-0.16834158
2022-02-25,518890.SH,中银黄金,20200928,,上海黄金交易所上海金集中定价合约(合约代码:SHAU)午盘基准价格收益率,中银基金管理有限公司,招商银行股份有限公司,商品型ETF,,,88106585.6,608154,2345122,3.87,3.8561318350286,-0.051652893
2022-02-28,518890.SH,中银黄金,20200928,,上海黄金交易所上海金集中定价合约(合约代码:SHAU)午盘基准价格收益率,中银基金管理有限公司,招商银行股份有限公司,商品型ETF,,,87608255.48,871731,3360917,3.847,3.8554519685545,-0.080517389
2022-03-01,518890.SH,中银黄金,20200928,,上海黄金交易所上海金集中定价合约(合约代码:SHAU)午盘基准价格收益率,中银基金管理有限公司,招商银行股份有限公司,商品型ETF,,,86457716.44,759907,2921084,3.85,3.8440019633982,-0.007791601
2022-03-02,518890.SH,中银黄金,20200928,,上海黄金交易所上海金集中定价合约(合约代码:SHAU)午盘基准价格收益率,中银基金管理有限公司,招商银行股份有限公司,商品型ETF,,,87701712.36,2197295,8572342,3.901,3.9013159361852,-0.120336943
2022-03-03,518890.SH,中银黄金,20200928,,上海黄金交易所上海金集中定价合约(合约代码:SHAU)午盘基准价格收益率,中银基金管理有限公司,招商银行股份有限公司,商品型ETF,,,87436745.72,1166700,4538027,3.892,3.8896262963915,-0.048794268
2022-03-04,518890.SH,中银黄金,20200928,,上海黄金交易所上海金集中定价合约(合约代码:SHAU)午盘基准价格收益率,中银基金管理有限公司,招商银行股份有限公司,商品型ETF,,,87751112.92,918700,3589319,3.905,3.9069543920758,-0.074208654
2022-03-07,518890.SH,中银黄金,20200928,,上海黄金交易所上海金集中定价合约(合约代码:SHAU)午盘基准价格收益率,中银基金管理有限公司,招商银行股份有限公司,商品型ETF,,,89641807.08,4047087,16191470,3.992,4.0007714190478,-0.002504947
2022-03-08,518890.SH,中银黄金,20200928,,上海黄金交易所上海金集中定价合约(合约代码:SHAU)午盘基准价格收益率,中银基金管理有限公司,招商银行股份有限公司,商品型ETF,,,91263043.64,2457128,9884401,4.07,4.0227456607877,0.140245553
2022-03-09,518890.SH,中银黄金,20200928,,上海黄金交易所上海金集中定价合约(合约代码:SHAU)午盘基准价格收益率,中银基金管理有限公司,招商银行股份有限公司,商品型ETF,,,93804387.52,3659106,15110072,4.131,4.1294436400585,0.20861634
2022-03-10,518890.SH,中银黄金,20200928,,上海黄金交易所上海金集中定价合约(合约代码:SHAU)午盘基准价格收益率,中银基金管理有限公司,招商银行股份有限公司,商品型ETF,,,86124358.88,3742328,14917047,3.998,3.9860340942857,0.060066073
2022-03-11,518890.SH,中银黄金,20200928,,上海黄金交易所上海金集中定价合约(合约代码:SHAU)午盘基准价格收益率,中银基金管理有限公司,招商银行股份有限公司,商品型ETF,,,81525044.96,2038215,8174866,4.004,4.0107967020162,-0.029961051
2022-03-14,518890.SH,中银黄金,20200928,,上海黄金交易所上海金集中定价合约(合约代码:SHAU)午盘基准价格收益率,中银基金管理有限公司,招商银行股份有限公司,商品型ETF,,,78732755.4,1419319,5663444,3.983,3.9902544811984,-0.062727387
2022-03-15,518890.SH,中银黄金,20200928,,上海黄金交易所上海金集中定价合约(合约代码:SHAU)午盘基准价格收益率,中银基金管理有限公司,招商银行股份有限公司,商品型ETF,,,73682672.92,1868566,7346944,3.902,3.9318621873672,-0.150976228
2022-03-16,518890.SH,中银黄金,20200928,,上海黄金交易所上海金集中定价合约(合约代码:SHAU)午盘基准价格收益率,中银基金管理有限公司,招商银行股份有限公司,商品型ETF,,,73117028.92,621613,2412412,3.87,3.8808905219164,-0.203718507
2022-03-17,518890.SH,中银黄金,20200928,,上海黄金交易所上海金集中定价合约(合约代码:SHAU)午盘基准价格收益率,中银基金管理有限公司,招商银行股份有限公司,商品型ETF,,,80859411.04,392300,1533959,3.915,3.9101682385929,0.005108818
2022-03-18,518890.SH,中银黄金,20200928,,上海黄金交易所上海金集中定价合约(合约代码:SHAU)午盘基准价格收益率,中银基金管理有限公司,招商银行股份有限公司,商品型ETF,,,80964750.52,249000,974518,3.913,3.9137269076305,-0.176024899
2022-03-21,518890.SH,中银黄金,20200928,,上海黄金交易所上海金集中定价合约(合约代码:SHAU)午盘基准价格收益率,中银基金管理有限公司,招商银行股份有限公司,商品型ETF,,,80718958.4,424112,1657182,3.904,3.907415965594,-0.102354145
2022-03-22,518890.SH,中银黄金,20200928,,上海黄金交易所上海金集中定价合约(合约代码:SHAU)午盘基准价格收益率,中银基金管理有限公司,招商银行股份有限公司,商品型ETF,,,81237393.88,987600,3879690,3.931,3.9284021871203,-0.053392998
2022-03-23,518890.SH,中银黄金,20200928,,上海黄金交易所上海金集中定价合约(合约代码:SHAU)午盘基准价格收益率,中银基金管理有限公司,招商银行股份有限公司,商品型ETF,,,79536381.0,932331,3645307,3.902,3.9098850086504,-0.140754958
2022-03-24,518890.SH,中银黄金,20200928,,上海黄金交易所上海金集中定价合约(合约代码:SHAU)午盘基准价格收益率,中银基金管理有限公司,招商银行股份有限公司,商品型ETF,,,80421814.8,244338,965221,3.946,3.9503515621803,-0.12655024
2022-03-25,518890.SH,中银黄金,20200928,,上海黄金交易所上海金集中定价合约(合约代码:SHAU)午盘基准价格收益率,中银基金管理有限公司,招商银行股份有限公司,商品型ETF,,,80928649.32,580625,2310729,3.972,3.9797270182992,-0.098090998
2022-03-28,518890.SH,中银黄金,20200928,,上海黄金交易所上海金集中定价合约(合约代码:SHAU)午盘基准价格收益率,中银基金管理有限公司,招商银行股份有限公司,商品型ETF,,,73052103.08,291400,1153181,3.935,3.9573816060398,-0.053338752
2022-03-29,518890.SH,中银黄金,20200928,,上海黄金交易所上海金集中定价合约(合约代码:SHAU)午盘基准价格收益率,中银基金管理有限公司,招商银行股份有限公司,商品型ETF,,,72623487.2,740000,2895329,3.913,3.9126067567568,-0.02554931
2022-03-30,518890.SH,中银黄金,20200928,,上海黄金交易所上海金集中定价合约(合约代码:SHAU)午盘基准价格收益率,中银基金管理有限公司,招商银行股份有限公司,商品型ETF,,,72506591.96,1336663,5218493,3.902,3.9041201858658,-0.145865855
2022-03-31,518890.SH,中银黄金,20200928,,上海黄金交易所上海金集中定价合约(合约代码:SHAU)午盘基准价格收益率,中银基金管理有限公司,招商银行股份有限公司,商品型ETF,,,71259612.942,197200,769435,3.901,3.9018002028398,-0.066605185
2022-04-01,518890.SH,中银黄金,20200928,,上海黄金交易所上海金集中定价合约(合约代码:SHAU)午盘基准价格收益率,中银基金管理有限公司,招商银行股份有限公司,商品型ETF,,,71573419.84,1059232,4155157,3.921,3.9228016147548,0.005101
2022-04-06,518890.SH,中银黄金,20200928,,上海黄金交易所上海金集中定价合约(合约代码:SHAU)午盘基准价格收益率,中银基金管理有限公司,招商银行股份有限公司,商品型ETF,,,70090152.76,459172,1793886,3.901,3.9067843858075,-0.069165151
2022-04-07,518890.SH,中银黄金,20200928,,上海黄金交易所上海金集中定价合约(合约代码:SHAU)午盘基准价格收益率,中银基金管理有限公司,招商银行股份有限公司,商品型ETF,,,70188904.16,595184,2324219,3.905,3.9050428102906,-0.107438862
2022-04-08,518890.SH,中银黄金,20200928,,上海黄金交易所上海金集中定价合约(合约代码:SHAU)午盘基准价格收益率,中银基金管理有限公司,招商银行股份有限公司,商品型ETF,,,70341519.96,556038,2179552,3.916,3.9197896546639,-0.043392807
2022-04-11,518890.SH,中银黄金,20200928,,上海黄金交易所上海金集中定价合约(合约代码:SHAU)午盘基准价格收益率,中银基金管理有限公司,招商银行股份有限公司,商品型ETF,,,70896323.28,749900,2962070,3.947,3.9499533271103,-0.040520691
2022-04-12,518890.SH,中银黄金,20200928,,上海黄金交易所上海金集中定价合约(合约代码:SHAU)午盘基准价格收益率,中银基金管理有限公司,招商银行股份有限公司,商品型ETF,,,71354170.68,1404300,5576457,3.974,3.9709869685965,-0.002516293
2022-04-13,518890.SH,中银黄金,20200928,,上海黄金交易所上海金集中定价合约(合约代码:SHAU)午盘基准价格收益率,中银基金管理有限公司,招商银行股份有限公司,商品型ETF,,,70442652.0,394231,1573632,3.99,3.9916495658637,0
2022-04-14,518890.SH,中银黄金,20200928,,上海黄金交易所上海金集中定价合约(合约代码:SHAU)午盘基准价格收益率,中银基金管理有限公司,招商银行股份有限公司,商品型ETF,,,70529160.52,347000,1390249,3.999,4.0064812680115,0.102630854
2022-04-15,518890.SH,中银黄金,20200928,,上海黄金交易所上海金集中定价合约(合约代码:SHAU)午盘基准价格收益率,中银基金管理有限公司,招商银行股份有限公司,商品型ETF,,,70790451.56,411229,1649472,4.011,4.0110789851883,0.032421378
2022-04-18,518890.SH,中银黄金,20200928,,上海黄金交易所上海金集中定价合约(合约代码:SHAU)午盘基准价格收益率,中银基金管理有限公司,招商银行股份有限公司,商品型ETF,,,71184153.6,809631,3261613,4.034,4.0285179297729,0.049603175
2022-04-19,518890.SH,中银黄金,20200928,,上海黄金交易所上海金集中定价合约(合约代码:SHAU)午盘基准价格收益率,中银基金管理有限公司,招商银行股份有限公司,商品型ETF,,,70763969.36,1131854,4534823,4.005,4.00654413025,-0.079836336
2022-04-20,518890.SH,中银黄金,20200928,,上海黄金交易所上海金集中定价合约(合约代码:SHAU)午盘基准价格收益率,中银基金管理有限公司,招商银行股份有限公司,商品型ETF,,,69886525.8,567667,2247273,3.95,3.9587874581401,-0.214727801
2022-04-21,518890.SH,中银黄金,20200928,,上海黄金交易所上海金集中定价合约(合约代码:SHAU)午盘基准价格收益率,中银基金管理有限公司,招商银行股份有限公司,商品型ETF,,,70703943.04,217732,869894,4.001,3.9952510425661,-0.094886137
2022-04-22,518890.SH,中银黄金,20200928,,上海黄金交易所上海金集中定价合约(合约代码:SHAU)午盘基准价格收益率,中银基金管理有限公司,招商银行股份有限公司,商品型ETF,,,71030556.84,627787,2518762,4.021,4.012128317407,-0.057167002
2022-04-25,518890.SH,中银黄金,20200928,,上海黄金交易所上海金集中定价合约(合约代码:SHAU)午盘基准价格收益率,中银基金管理有限公司,招商银行股份有限公司,商品型ETF,,,71844336.72,2034800,8134664,3.996,3.9977707882839,-0.134952767
2022-04-26,518890.SH,中银黄金,20200928,,上海黄金交易所上海金集中定价合约(合约代码:SHAU)午盘基准价格收益率,中银基金管理有限公司,招商银行股份有限公司,商品型ETF,,,71276965.04,922463,3655608,3.964,3.962877643873,-0.146103078
2022-04-27,518890.SH,中银黄金,20200928,,上海黄金交易所上海金集中定价合约(合约代码:SHAU)午盘基准价格收益率,中银基金管理有限公司,招商银行股份有限公司,商品型ETF,,,71233873.52,1051200,4169511,3.962,3.9664297945205,-0.136109291
2022-04-28,518890.SH,中银黄金,20200928,,上海黄金交易所上海金集中定价合约(合约代码:SHAU)午盘基准价格收益率,中银基金管理有限公司,招商银行股份有限公司,商品型ETF,,,71129735.68,1736303,6842426,3.956,3.9408018070579,-0.141357027
2022-04-29,518890.SH,中银黄金,20200928,,上海黄金交易所上海金集中定价合约(合约代码:SHAU)午盘基准价格收益率,中银基金管理有限公司,招商银行股份有限公司,商品型ETF,,,72050816.92,1113219,4464600,4.007,4.0105316204628,-0.147025842
2022-05-05,518890.SH,中银黄金,20200928,,上海黄金交易所上海金集中定价合约(合约代码:SHAU)午盘基准价格收益率,中银基金管理有限公司,招商银行股份有限公司,商品型ETF,,,71831768.36,191300,764185,3.993,3.9946941975954,-0.192466318
2022-05-06,518890.SH,中银黄金,20200928,,上海黄金交易所上海金集中定价合约(合约代码:SHAU)午盘基准价格收益率,中银基金管理有限公司,招商银行股份有限公司,商品型ETF,,,71659402.28,630600,2511505,3.987,3.982722803679,-0.102728571
2022-05-09,518890.SH,中银黄金,20200928,,上海黄金交易所上海金集中定价合约(合约代码:SHAU)午盘基准价格收益率,中银基金管理有限公司,招商银行股份有限公司,商品型ETF,,,71959247.44,241200,965966,4.004,4.0048341625207,-0.094815111
2022-05-10,518890.SH,中银黄金,20200928,,上海黄金交易所上海金集中定价合约(合约代码:SHAU)午盘基准价格收益率,中银基金管理有限公司,招商银行股份有限公司,商品型ETF,,,71442149.2,372100,1479328,3.978,3.9756194571352,-0.025131943
2022-05-11,518890.SH,中银黄金,20200928,,上海黄金交易所上海金集中定价合约(合约代码:SHAU)午盘基准价格收益率,中银基金管理有限公司,招商银行股份有限公司,商品型ETF,,,71045348.12,703500,2771715,3.953,3.9398933901919,-0.098562006
2022-05-12,518890.SH,中银黄金,20200928,,上海黄金交易所上海金集中定价合约(合约代码:SHAU)午盘基准价格收益率,中银基金管理有限公司,招商银行股份有限公司,商品型ETF,,,71738403.4,338103,1347969,3.991,3.9868590340813,-0.112626705
2022-05-13,518890.SH,中银黄金,20200928,,上海黄金交易所上海金集中定价合约(合约代码:SHAU)午盘基准价格收益率,中银基金管理有限公司,招商银行股份有限公司,商品型ETF,,,71036370.72,892600,3529189,3.953,3.9538303831503,-0.08593671
2022-05-16,518890.SH,中银黄金,20200928,,上海黄金交易所上海金集中定价合约(合约代码:SHAU)午盘基准价格收益率,中银基金管理有限公司,招商银行股份有限公司,商品型ETF,,,70363065.72,1009209,3956094,3.91,3.9199947681798,-0.227104545
2022-05-17,518890.SH,中银黄金,20200928,,上海黄金交易所上海金集中定价合约(合约代码:SHAU)午盘基准价格收益率,中银基金管理有限公司,招商银行股份有限公司,商品型ETF,,,70740116.52,2197600,8657198,3.938,3.9393875136513,-0.048224574
2022-05-18,518890.SH,中银黄金,20200928,,上海黄金交易所上海金集中定价合约(合约代码:SHAU)午盘基准价格收益率,中银基金管理有限公司,招商银行股份有限公司,商品型ETF,,,69950105.32,2883900,11246521,3.898,3.8997610874163,0.053902821
2022-05-19,518890.SH,中银黄金,20200928,,上海黄金交易所上海金集中定价合约(合约代码:SHAU)午盘基准价格收益率,中银基金管理有限公司,招商银行股份有限公司,商品型ETF,,,70231995.68,458400,1793395,3.912,3.9122927574171,0.010225994
2022-05-20,518890.SH,中银黄金,20200928,,上海黄金交易所上海金集中定价合约(合约代码:SHAU)午盘基准价格收益率,中银基金管理有限公司,招商银行股份有限公司,商品型ETF,,,70686252.12,1834600,7240419,3.935,3.9465927177586,-0.048261322
2022-05-23,518890.SH,中银黄金,20200928,,上海黄金交易所上海金集中定价合约(合约代码:SHAU)午盘基准价格收益率,中银基金管理有限公司,招商银行股份有限公司,商品型ETF,,,70675479.24,1086163,4287308,3.936,3.9472049775218,-0.00762137
2022-05-24,518890.SH,中银黄金,20200928,,上海黄金交易所上海金集中定价合约(合约代码:SHAU)午盘基准价格收益率,中银基金管理有限公司,招商银行股份有限公司,商品型ETF,,,70853231.76,503819,1986890,3.944,3.9436583376173,-0.055749835
2022-05-25,518890.SH,中银黄金,20200928,,上海黄金交易所上海金集中定价合约(合约代码:SHAU)午盘基准价格收益率,中银基金管理有限公司,招商银行股份有限公司,商品型ETF,,,70941210.28,397400,1571830,3.949,3.9552843482637,-0.053149756
2022-05-26,518890.SH,中银黄金,20200928,,上海黄金交易所上海金集中定价合约(合约代码:SHAU)午盘基准价格收益率,中银基金管理有限公司,招商银行股份有限公司,商品型ETF,,,71241055.44,999400,3960422,3.97,3.9627996798079,0.055446343
2022-05-27,518890.SH,中银黄金,20200928,,上海黄金交易所上海金集中定价合约(合约代码:SHAU)午盘基准价格收益率,中银基金管理有限公司,招商银行股份有限公司,商品型ETF,,,72732599.64,1121413,4465693,3.982,3.9822019184725,-0.057726577
2022-05-30,518890.SH,中银黄金,20200928,,上海黄金交易所上海金集中定价合约(合约代码:SHAU)午盘基准价格收益率,中银基金管理有限公司,招商银行股份有限公司,商品型ETF,,,72115587.4,779100,3077982,3.949,3.9506892568348,-0.037969877
2022-05-31,518890.SH,中银黄金,20200928,,上海黄金交易所上海金集中定价合约(合约代码:SHAU)午盘基准价格收益率,中银基金管理有限公司,招商银行股份有限公司,商品型ETF,,,71914784.6,1352600,5326567,3.937,3.9380208487358,-0.06345983
2022-06-01,518890.SH,中银黄金,20200928,,上海黄金交易所上海金集中定价合约(合约代码:SHAU)午盘基准价格收益率,中银基金管理有限公司,招商银行股份有限公司,商品型ETF,,,71483971.32,1001800,3919363,3.914,3.9123208225195,-0.048520136
2022-06-02,518890.SH,中银黄金,20200928,,上海黄金交易所上海金集中定价合约(合约代码:SHAU)午盘基准价格收益率,中银基金管理有限公司,招商银行股份有限公司,商品型ETF,,,72020662.44,522800,2060048,3.942,3.9404131599082,-0.083643829
2022-06-06,518890.SH,中银黄金,20200928,,上海黄金交易所上海金集中定价合约(合约代码:SHAU)午盘基准价格收益率,中银基金管理有限公司,招商银行股份有限公司,商品型ETF,,,71814383.2,741600,2915088,3.931,3.9308090614887,-0.076258261
2022-06-07,518890.SH,中银黄金,20200928,,上海黄金交易所上海金集中定价合约(合约代码:SHAU)午盘基准价格收益率,中银基金管理有限公司,招商银行股份有限公司,商品型ETF,,,71491273.24,1413400,5529812,3.917,3.9124182821565,0.017874014
2022-06-08,518890.SH,中银黄金,20200928,,上海黄金交易所上海金集中定价合约(合约代码:SHAU)午盘基准价格收益率,中银基金管理有限公司,招商银行股份有限公司,商品型ETF,,,71816208.68,875300,3442729,3.933,3.9331989032332,-0.027960652
2022-06-09,518890.SH,中银黄金,20200928,,上海黄金交易所上海金集中定价合约(合约代码:SHAU)午盘基准价格收益率,中银基金管理有限公司,招商银行股份有限公司,商品型ETF,,,71945817.76,156600,618176,3.94,3.9474840357599,-0.030447579
2022-06-10,518890.SH,中银黄金,20200928,,上海黄金交易所上海金集中定价合约(合约代码:SHAU)午盘基准价格收益率,中银基金管理有限公司,招商银行股份有限公司,商品型ETF,,,71739538.52,656063,2579669,3.926,3.9320446359572,-0.099239166
2022-06-13,518890.SH,中银黄金,20200928,,上海黄金交易所上海金集中定价合约(合约代码:SHAU)午盘基准价格收益率,中银基金管理有限公司,招商银行股份有限公司,商品型ETF,,,72927926.0,1774939,7088065,3.988,3.9934132947667,-0.175219024
2022-06-14,518890.SH,中银黄金,20200928,,上海黄金交易所上海金集中定价合约(合约代码:SHAU)午盘基准价格收益率,中银基金管理有限公司,招商银行股份有限公司,商品型ETF,,,71542386.68,1015413,3977476,3.914,3.9171017113234,-0.130131918
2022-06-15,518890.SH,中银黄金,20200928,,上海黄金交易所上海金集中定价合约(合约代码:SHAU)午盘基准价格收益率,中银基金管理有限公司,招商银行股份有限公司,商品型ETF,,,71179116.16,1259200,4900597,3.896,3.891833703939,-0.082068117
2022-06-16,518890.SH,中银黄金,20200928,,上海黄金交易所上海金集中定价合约(合约代码:SHAU)午盘基准价格收益率,中银基金管理有限公司,招商银行股份有限公司,商品型ETF,,,71407301.16,1068000,4174611,3.908,3.9088117977528,-0.094588031
2022-06-17,518890.SH,中银黄金,20200928,,上海黄金交易所上海金集中定价合约(合约代码:SHAU)午盘基准价格收益率,中银基金管理有限公司,招商银行股份有限公司,商品型ETF,,,71881925.96,357863,1406604,3.927,3.930565607509,-0.271732229
2022-06-20,518890.SH,中银黄金,20200928,,上海黄金交易所上海金集中定价合约(合约代码:SHAU)午盘基准价格收益率,中银基金管理有限公司,招商银行股份有限公司,商品型ETF,,,71611754.92,852100,3340641,3.919,3.9204799906114,-0.099416248
2022-06-21,518890.SH,中银黄金,20200928,,上海黄金交易所上海金集中定价合约(合约代码:SHAU)午盘基准价格收益率,中银基金管理有限公司,招商银行股份有限公司,商品型ETF,,,71465716.52,168442,659172,3.911,3.9133470274635,-0.099619403
2022-06-22,518890.SH,中银黄金,20200928,,上海黄金交易所上海金集中定价合约(合约代码:SHAU)午盘基准价格收益率,中银基金管理有限公司,招商银行股份有限公司,商品型ETF,,,71456589.12,1278500,4999565,3.911,3.9104927649589,-0.086858778
2022-06-23,518890.SH,中银黄金,20200928,,上海黄金交易所上海金集中定价合约(合约代码:SHAU)午盘基准价格收益率,中银基金管理有限公司,招商银行股份有限公司,商品型ETF,,,71547863.12,873000,3418994,3.916,3.9163734249714,-0.086747972
2022-06-24,518890.SH,中银黄金,20200928,,上海黄金交易所上海金集中定价合约(合约代码:SHAU)午盘基准价格收益率,中银基金管理有限公司,招商银行股份有限公司,商品型ETF,,,71031252.28,1770000,6880614,3.887,3.8873525423729,-0.105368662
2022-06-27,518890.SH,中银黄金,20200928,,上海黄金交易所上海金集中定价合约(合约代码:SHAU)午盘基准价格收益率,中银基金管理有限公司,招商银行股份有限公司,商品型ETF,,,69139727.76,446400,1744300,3.909,3.907482078853,-0.183851693
2022-06-28,518890.SH,中银黄金,20200928,,上海黄金交易所上海金集中定价合约(合约代码:SHAU)午盘基准价格收益率,中银基金管理有限公司,招商银行股份有限公司,商品型ETF,,,68744260.24,313000,1218703,3.891,3.8936198083067,-0.071909189
2022-06-29,518890.SH,中银黄金,20200928,,上海黄金交易所上海金集中定价合约(合约代码:SHAU)午盘基准价格收益率,中银基金管理有限公司,招商银行股份有限公司,商品型ETF,,,68627738.56,274548,1067906,3.884,3.8896877777292,-0.082321465
2022-06-30,518890.SH,中银黄金,20200928,,上海黄金交易所上海金集中定价合约(合约代码:SHAU)午盘基准价格收益率,中银基金管理有限公司,招商银行股份有限公司,商品型ETF,,,68486674.724,1268100,4921967,3.876,3.881371342954,-0.082491235
2022-07-01,518890.SH,中银黄金,20200928,,上海黄金交易所上海金集中定价合约(合约代码:SHAU)午盘基准价格收益率,中银基金管理有限公司,招商银行股份有限公司,商品型ETF,,,67895064.36,1861400,7160329,3.84,3.846743848716,-0.14821749
2022-07-04,518890.SH,中银黄金,20200928,,上海黄金交易所上海金集中定价合约(合约代码:SHAU)午盘基准价格收益率,中银基金管理有限公司,招商银行股份有限公司,商品型ETF,,,67064153.64,939006,3628310,3.864,3.8639902194448,-0.007763372
2022-07-05,518890.SH,中银黄金,20200928,,上海黄金交易所上海金集中定价合约(合约代码:SHAU)午盘基准价格收益率,中银基金管理有限公司,招商银行股份有限公司,商品型ETF,,,66998205.4,588300,2271574,3.857,3.8612510623831,-0.090661831
2022-07-06,518890.SH,中银黄金,20200928,,上海黄金交易所上海金集中定价合约(合约代码:SHAU)午盘基准价格收益率,中银基金管理有限公司,招商银行股份有限公司,商品型ETF,,,65648001.96,1243700,4693935,3.778,3.774169815872,-0.124249874
2022-07-07,518890.SH,中银黄金,20200928,,上海黄金交易所上海金集中定价合约(合约代码:SHAU)午盘基准价格收益率,中银基金管理有限公司,招商银行股份有限公司,商品型ETF,,,64773320.04,1968600,7338964,3.731,3.7280117850249,-0.034831069
2022-07-08,518890.SH,中银黄金,20200928,,上海黄金交易所上海金集中定价合约(合约代码:SHAU)午盘基准价格收益率,中银基金管理有限公司,招商银行股份有限公司,商品型ETF,,,64691752.48,528000,1966181,3.728,3.7238276515152,0.010730765
2022-07-11,518890.SH,中银黄金,20200928,,上海黄金交易所上海金集中定价合约(合约代码:SHAU)午盘基准价格收益率,中银基金管理有限公司,招商银行股份有限公司,商品型ETF,,,64676133.16,550100,2049457,3.849,3.7256080712598,3.281723777
2022-07-12,518890.SH,中银黄金,20200928,,上海黄金交易所上海金集中定价合约(合约代码:SHAU)午盘基准价格收益率,中银基金管理有限公司,招商银行股份有限公司,商品型ETF,,,64683075.08,672700,2504972,3.947,3.7237579901888,5.900029514
2022-07-13,518890.SH,中银黄金,20200928,,上海黄金交易所上海金集中定价合约(合约代码:SHAU)午盘基准价格收益率,中银基金管理有限公司,招商银行股份有限公司,商品型ETF,,,64249205.08,1392200,5163182,3.704,3.7086496193076,0.051322223
2022-07-14,518890.SH,中银黄金,20200928,,上海黄金交易所上海金集中定价合约(合约代码:SHAU)午盘基准价格收益率,中银基金管理有限公司,招商银行股份有限公司,商品型ETF,,,64138134.36,1613400,5989822,3.709,3.7125461757779,0.359877696
2022-07-15,518890.SH,中银黄金,20200928,,上海黄金交易所上海金集中定价合约(合约代码:SHAU)午盘基准价格收益率,中银基金管理有限公司,招商银行股份有限公司,商品型ETF,,,63936818.68,3269900,12069426,3.679,3.6910688400257,-0.138432724
2022-07-18,518890.SH,中银黄金,20200928,,上海黄金交易所上海金集中定价合约(合约代码:SHAU)午盘基准价格收益率,中银基金管理有限公司,招商银行股份有限公司,商品型ETF,,,64113837.64,4235300,15654617,3.695,3.6962238802446,0.018948109
2022-07-19,518890.SH,中银黄金,20200928,,上海黄金交易所上海金集中定价合约(合约代码:SHAU)午盘基准价格收益率,中银基金管理有限公司,招商银行股份有限公司,商品型ETF,,,63947231.56,1244400,4585048,3.687,3.6845451623272,0.062420278
2022-07-20,518890.SH,中银黄金,20200928,,上海黄金交易所上海金集中定价合约(合约代码:SHAU)午盘基准价格收益率,中银基金管理有限公司,招商银行股份有限公司,商品型ETF,,,63935083.2,1715900,6328322,3.685,3.6880482545603,0.027144408
2022-07-21,518890.SH,中银黄金,20200928,,上海黄金交易所上海金集中定价合约(合约代码:SHAU)午盘基准价格收益率,中银基金管理有限公司,招商银行股份有限公司,商品型ETF,,,63410968.24,2822944,10328824,3.653,3.6588837752361,-0.021895013
2022-07-22,518890.SH,中银黄金,20200928,,上海黄金交易所上海金集中定价合约(合约代码:SHAU)午盘基准价格收益率,中银基金管理有限公司,招商银行股份有限公司,商品型ETF,,,64396720.88,1936633,7175214,3.706,3.7049941832035,-0.123969169
2022-07-25,518890.SH,中银黄金,20200928,,上海黄金交易所上海金集中定价合约(合约代码:SHAU)午盘基准价格收益率,中银基金管理有限公司,招商银行股份有限公司,商品型ETF,,,64608449.44,789600,2939359,3.721,3.7225924518744,-0.048350704
2022-07-26,518890.SH,中银黄金,20200928,,上海黄金交易所上海金集中定价合约(合约代码:SHAU)午盘基准价格收益率,中银基金管理有限公司,招商银行股份有限公司,商品型ETF,,,64646630.0,596800,2219802,3.722,3.7195073726542,-0.080536913
2022-07-27,518890.SH,中银黄金,20200928,,上海黄金交易所上海金集中定价合约(合约代码:SHAU)午盘基准价格收益率,中银基金管理有限公司,招商银行股份有限公司,商品型ETF,,,64497378.72,1378500,5116559,3.715,3.7116858904606,-0.037670864
2022-07-28,518890.SH,中银黄金,20200928,,上海黄金交易所上海金集中定价合约(合约代码:SHAU)午盘基准价格收益率,中银基金管理有限公司,招商银行股份有限公司,商品型ETF,,,65099590.28,2149800,8046433,3.75,3.7428751511769,-0.029324731
2022-07-29,518890.SH,中银黄金,20200928,,上海黄金交易所上海金集中定价合约(合约代码:SHAU)午盘基准价格收益率,中银基金管理有限公司,招商银行股份有限公司,商品型ETF,,,66014188.24,1789700,6790191,3.808,3.7940386656982,0.1104159
2022-08-01,518890.SH,中银黄金,20200928,,上海黄金交易所上海金集中定价合约(合约代码:SHAU)午盘基准价格收益率,中银基金管理有限公司,招商银行股份有限公司,商品型ETF,,,66002039.88,1329838,5057754,3.806,3.8032858137608,0.076253583
2022-08-02,518890.SH,中银黄金,20200928,,上海黄金交易所上海金集中定价合约(合约代码:SHAU)午盘基准价格收益率,中银基金管理有限公司,招商银行股份有限公司,商品型ETF,,,66444587.28,1587231,6088380,3.836,3.8358499802486,0.19328214
2022-08-03,518890.SH,中银黄金,20200928,,上海黄金交易所上海金集中定价合约(合约代码:SHAU)午盘基准价格收益率,中银基金管理有限公司,招商银行股份有限公司,商品型ETF,,,67307159.52,1686038,6421507,3.814,3.8086371718787,0.041968314
2022-08-04,518890.SH,中银黄金,20200928,,上海黄金交易所上海金集中定价合约(合约代码:SHAU)午盘基准价格收益率,中银基金管理有限公司,招商银行股份有限公司,商品型ETF,,,67481942.04,1043200,3981058,3.818,3.8161982361963,-0.112497711
2022-08-05,518890.SH,中银黄金,20200928,,上海黄金交易所上海金集中定价合约(合约代码:SHAU)午盘基准价格收益率,中银基金管理有限公司,招商银行股份有限公司,商品型ETF,,,68034537.28,1512744,5827840,3.85,3.8524958618246,-0.093419141
2022-08-08,518890.SH,中银黄金,20200928,,上海黄金交易所上海金集中定价合约(合约代码:SHAU)午盘基准价格收益率,中银基金管理有限公司,招商银行股份有限公司,商品型ETF,,,67695565.12,951900,3648086,3.833,3.8324256749659,-0.036511579
2022-08-09,518890.SH,中银黄金,20200928,,上海黄金交易所上海金集中定价合约(合约代码:SHAU)午盘基准价格收益率,中银基金管理有限公司,招商银行股份有限公司,商品型ETF,,,67951559.72,1341600,5160992,3.846,3.846893261777,-0.075346203
2022-08-10,518890.SH,中银黄金,20200928,,上海黄金交易所上海金集中定价合约(合约代码:SHAU)午盘基准价格收益率,中银基金管理有限公司,招商银行股份有限公司,商品型ETF,,,68136935.12,495900,1914367,3.856,3.8603891913692,-0.088096595
2022-08-11,518890.SH,中银黄金,20200928,,上海黄金交易所上海金集中定价合约(合约代码:SHAU)午盘基准价格收益率,中银基金管理有限公司,招商银行股份有限公司,商品型ETF,,,67819148.72,1207863,4633821,3.835,3.8363796225234,-0.166605925
2022-08-12,518890.SH,中银黄金,20200928,,上海黄金交易所上海金集中定价合约(合约代码:SHAU)午盘基准价格收益率,中银基金管理有限公司,招商银行股份有限公司,商品型ETF,,,68080439.76,793800,3053896,3.852,3.8471856890905,-0.108915513
2022-08-15,518890.SH,中银黄金,20200928,,上海黄金交易所上海金集中定价合约(合约代码:SHAU)午盘基准价格收益率,中银基金管理有限公司,招商银行股份有限公司,商品型ETF,,,68251691.32,1139450,4408714,3.865,3.8691596823029,-0.023280478
2022-08-16,518890.SH,中银黄金,20200928,,上海黄金交易所上海金集中定价合约(合约代码:SHAU)午盘基准价格收益率,中银基金管理有限公司,招商银行股份有限公司,商品型ETF,,,68163417.32,436300,1683617,3.859,3.8588517075407,-0.049211324
2022-08-17,518890.SH,中银黄金,20200928,,上海黄金交易所上海金集中定价合约(合约代码:SHAU)午盘基准价格收益率,中银基金管理有限公司,招商银行股份有限公司,商品型ETF,,,67875644.08,693700,2667533,3.844,3.8453697563788,-0.015606305
2022-08-18,518890.SH,中银黄金,20200928,,上海黄金交易所上海金集中定价合约(合约代码:SHAU)午盘基准价格收益率,中银基金管理有限公司,招商银行股份有限公司,商品型ETF,,,67503127.8,483000,1847013,3.822,3.8240434782609,-0.039231071
2022-08-19,518890.SH,中银黄金,20200928,,上海黄金交易所上海金集中定价合约(合约代码:SHAU)午盘基准价格收益率,中银基金管理有限公司,招商银行股份有限公司,商品型ETF,,,67436039.56,844400,3223969,3.819,3.8180589767883,-0.018326047
2022-08-22,518890.SH,中银黄金,20200928,,上海黄金交易所上海金集中定价合约(合约代码:SHAU)午盘基准价格收益率,中银基金管理有限公司,招商银行股份有限公司,商品型ETF,,,67266553.48,245500,935937,3.804,3.8123706720978,-0.160100785
2022-08-23,518890.SH,中银黄金,20200928,,上海黄金交易所上海金集中定价合约(合约代码:SHAU)午盘基准价格收益率,中银基金管理有限公司,招商银行股份有限公司,商品型ETF,,,67483707.52,429800,1640248,3.819,3.8163052582597,-0.088949351
2022-08-24,518890.SH,中银黄金,20200928,,上海黄金交易所上海金集中定价合约(合约代码:SHAU)午盘基准价格收益率,中银基金管理有限公司,招商银行股份有限公司,商品型ETF,,,67794432.0,1521600,5842534,3.836,3.8397305467928,-0.104166667
2022-08-25,518890.SH,中银黄金,20200928,,上海黄金交易所上海金集中定价合约(合约代码:SHAU)午盘基准价格收益率,中银基金管理有限公司,招商银行股份有限公司,商品型ETF,,,68008055.08,834700,3215495,3.851,3.8522762669222,-0.028555853
2022-08-26,518890.SH,中银黄金,20200928,,上海黄金交易所上海金集中定价合约(合约代码:SHAU)午盘基准价格收益率,中银基金管理有限公司,招商银行股份有限公司,商品型ETF,,,68140466.08,1285000,4951627,3.858,3.8534062256809,-0.041455073
2022-08-29,518890.SH,中银黄金,20200928,,上海黄金交易所上海金集中定价合约(合约代码:SHAU)午盘基准价格收益率,中银基金管理有限公司,招商银行股份有限公司,商品型ETF,,,67561388.64,844300,3228306,3.823,3.8236479924198,-0.099299676
2022-08-30,518890.SH,中银黄金,20200928,,上海黄金交易所上海金集中定价合约(合约代码:SHAU)午盘基准价格收益率,中银基金管理有限公司,招商银行股份有限公司,商品型ETF,,,67831507.08,801319,3081027,3.841,3.8449443979239,-0.028630176
2022-08-31,518890.SH,中银黄金,20200928,,上海黄金交易所上海金集中定价合约(合约代码:SHAU)午盘基准价格收益率,中银基金管理有限公司,招商银行股份有限公司,商品型ETF,,,67409557.36,121400,463563,3.813,3.8184761120264,-0.136189828
2022-09-01,518890.SH,中银黄金,20200928,,上海黄金交易所上海金集中定价合约(合约代码:SHAU)午盘基准价格收益率,中银基金管理有限公司,招商银行股份有限公司,商品型ETF,,,66925815.84,1607800,6085210,3.786,3.7848053240453,-0.126622349
2022-09-02,518890.SH,中银黄金,20200928,,上海黄金交易所上海金集中定价合约(合约代码:SHAU)午盘基准价格收益率,中银基金管理有限公司,招商银行股份有限公司,商品型ETF,,,66834010.88,2199300,8303392,3.783,3.7754703769381,-0.068681319
2022-09-05,518890.SH,中银黄金,20200928,,上海黄金交易所上海金集中定价合约(合约代码:SHAU)午盘基准价格收益率,中银基金管理有限公司,招商银行股份有限公司,商品型ETF,,,64031819.16,755400,2882124,3.826,3.8153613979349,0.112515373
2022-09-06,518890.SH,中银黄金,20200928,,上海黄金交易所上海金集中定价合约(合约代码:SHAU)午盘基准价格收益率,中银基金管理有限公司,招商银行股份有限公司,商品型ETF,,,64350160.36,753200,2888405,3.842,3.8348446627722,0.033847996
2022-09-07,518890.SH,中银黄金,20200928,,上海黄金交易所上海金集中定价合约(合约代码:SHAU)午盘基准价格收益率,中银基金管理有限公司,招商银行股份有限公司,商品型ETF,,,63939667.76,466682,1780502,3.816,3.8152360708148,-0.005240815
2022-09-08,518890.SH,中银黄金,20200928,,上海黄金交易所上海金集中定价合约(合约代码:SHAU)午盘基准价格收益率,中银基金管理有限公司,招商银行股份有限公司,商品型ETF,,,64455715.6,655800,2521809,3.849,3.8453934126258,0.051988563
2022-09-09,518890.SH,中银黄金,20200928,,上海黄金交易所上海金集中定价合约(合约代码:SHAU)午盘基准价格收益率,中银基金管理有限公司,招商银行股份有限公司,商品型ETF,,,65662685.48,816500,3138572,3.842,3.8439338640539,-0.210384146
2022-09-13,518890.SH,中银黄金,20200928,,上海黄金交易所上海金集中定价合约(合约代码:SHAU)午盘基准价格收益率,中银基金管理有限公司,招商银行股份有限公司,商品型ETF,,,66772593.0,1131400,4353189,3.847,3.8476126922397,-0.012995452
2022-09-14,518890.SH,中银黄金,20200928,,上海黄金交易所上海金集中定价合约(合约代码:SHAU)午盘基准价格收益率,中银基金管理有限公司,招商银行股份有限公司,商品型ETF,,,68612472.72,1652200,6314648,3.824,3.8219634426825,0.068037892
2022-09-15,518890.SH,中银黄金,20200928,,上海黄金交易所上海金集中定价合约(合约代码:SHAU)午盘基准价格收益率,中银基金管理有限公司,招商银行股份有限公司,商品型ETF,,,70537927.68,1109900,4228425,3.802,3.8097351112713,0.010521886
2022-09-16,518890.SH,中银黄金,20200928,,上海黄金交易所上海金集中定价合约(合约代码:SHAU)午盘基准价格收益率,中银基金管理有限公司,招商银行股份有限公司,商品型ETF,,,70296715.28,1445100,5481781,3.786,3.7933575531105,-0.068626933
2022-09-19,518890.SH,中银黄金,20200928,,上海黄金交易所上海金集中定价合约(合约代码:SHAU)午盘基准价格收益率,中银基金管理有限公司,招商银行股份有限公司,商品型ETF,,,70497107.12,455532,1730913,3.796,3.7997615974289,-0.089487814
2022-09-20,518890.SH,中银黄金,20200928,,上海黄金交易所上海金集中定价合约(合约代码:SHAU)午盘基准价格收益率,中银基金管理有限公司,招商银行股份有限公司,商品型ETF,,,70664100.32,597700,2279239,3.81,3.8133495064414,0.042012394
2022-09-21,518890.SH,中银黄金,20200928,,上海黄金交易所上海金集中定价合约(合约代码:SHAU)午盘基准价格收益率,中银基金管理有限公司,招商银行股份有限公司,商品型ETF,,,70760585.28,927700,3532321,3.812,3.8076112967554,-0.041955108
2022-09-22,518890.SH,中银黄金,20200928,,上海黄金交易所上海金集中定价合约(合约代码:SHAU)午盘基准价格收益率,中银基金管理有限公司,招商银行股份有限公司,商品型ETF,,,70673377.72,183100,697572,3.809,3.8097870016384,0.00262543
2022-09-23,518890.SH,中银黄金,20200928,,上海黄金交易所上海金集中定价合约(合约代码:SHAU)午盘基准价格收益率,中银基金管理有限公司,招商银行股份有限公司,商品型ETF,,,71014786.04,213000,815274,3.83,3.8275774647887,0.070545816
2022-09-26,518890.SH,中银黄金,20200928,,上海黄金交易所上海金集中定价合约(合约代码:SHAU)午盘基准价格收益率,中银基金管理有限公司,招商银行股份有限公司,商品型ETF,,,70439587.24,1049400,3979732,3.793,3.792388031256,-0.086926744
2022-09-27,518890.SH,中银黄金,20200928,,上海黄金交易所上海金集中定价合约(合约代码:SHAU)午盘基准价格收益率,中银基金管理有限公司,招商银行股份有限公司,商品型ETF,,,70599158.52,802946,3047386,3.803,3.7952564680564,-0.049935609
2022-09-28,518890.SH,中银黄金,20200928,,上海黄金交易所上海金集中定价合约(合约代码:SHAU)午盘基准价格收益率,中银基金管理有限公司,招商银行股份有限公司,商品型ETF,,,70909023.68,3439300,13101650,3.81,3.8093943535022,-0.303537785
2022-09-29,518890.SH,中银黄金,20200928,,上海黄金交易所上海金集中定价合约(合约代码:SHAU)午盘基准价格收益率,中银基金管理有限公司,招商银行股份有限公司,商品型ETF,,,70182404.08,1151800,4426204,3.844,3.8428581350929,-0.015606305
2022-09-30,518890.SH,中银黄金,20200928,,上海黄金交易所上海金集中定价合约(合约代码:SHAU)午盘基准价格收益率,中银基金管理有限公司,招商银行股份有限公司,商品型ETF,,,76006766.1375,1590300,6110549,3.848,3.8423875998239,0.012995452
2022-10-10,518890.SH,中银黄金,20200928,,上海黄金交易所上海金集中定价合约(合约代码:SHAU)午盘基准价格收益率,中银基金管理有限公司,招商银行股份有限公司,商品型ETF,,,76593310.56,755300,2935877,3.876,3.8870342910102,-0.03095017
2022-10-11,518890.SH,中银黄金,20200928,,上海黄金交易所上海金集中定价合约(合约代码:SHAU)午盘基准价格收益率,中银基金管理有限公司,招商银行股份有限公司,商品型ETF,,,78813785.6,1507700,5831772,3.868,3.8679923061617,-0.103305785
2022-10-12,518890.SH,中银黄金,20200928,,上海黄金交易所上海金集中定价合约(合约代码:SHAU)午盘基准价格收益率,中银基金管理有限公司,招商银行股份有限公司,商品型ETF,,,78856530.68,694700,2686955,3.87,3.8677918525982,-0.105831032
2022-10-13,518890.SH,中银黄金,20200928,,上海黄金交易所上海金集中定价合约(合约代码:SHAU)午盘基准价格收益率,中银基金管理有限公司,招商银行股份有限公司,商品型ETF,,,78901311.24,446300,1728728,3.872,3.8734662782881,-0.110930527
2022-10-14,518890.SH,中银黄金,20200928,,上海黄金交易所上海金集中定价合约(合约代码:SHAU)午盘基准价格收益率,中银基金管理有限公司,招商银行股份有限公司,商品型ETF,,,78805643.68,296700,1146495,3.866,3.8641557128413,-0.144643042
2022-10-17,518890.SH,中银黄金,20200928,,上海黄金交易所上海金集中定价合约(合约代码:SHAU)午盘基准价格收益率,中银基金管理有限公司,招商银行股份有限公司,商品型ETF,,,78453505.64,867400,3339150,3.848,3.8496080239797,-0.163453805
2022-10-18,518890.SH,中银黄金,20200928,,上海黄金交易所上海金集中定价合约(合约代码:SHAU)午盘基准价格收益率,中银基金管理有限公司,招商银行股份有限公司,商品型ETF,,,78579705.4,878600,3386087,3.852,3.8539574322786,-0.220178733
2022-10-19,518890.SH,中银黄金,20200928,,上海黄金交易所上海金集中定价合约(合约代码:SHAU)午盘基准价格收益率,中银基金管理有限公司,招商银行股份有限公司,商品型ETF,,,78402618.64,1316100,5075258,3.847,3.8562859965048,-0.124617062
2022-10-20,518890.SH,中银黄金,20200928,,上海黄金交易所上海金集中定价合约(合约代码:SHAU)午盘基准价格收益率,中银基金管理有限公司,招商银行股份有限公司,商品型ETF,,,78040303.2,1191200,4563864,3.831,3.8313163196776,-0.078247261
2022-10-21,518890.SH,中银黄金,20200928,,上海黄金交易所上海金集中定价合约(合约代码:SHAU)午盘基准价格收益率,中银基金管理有限公司,招商银行股份有限公司,商品型ETF,,,79105818.52,1200900,4597632,3.826,3.8284886335249,-0.101830335
2022-10-24,518890.SH,中银黄金,20200928,,上海黄金交易所上海金集中定价合约(合约代码:SHAU)午盘基准价格收益率,中银基金管理有限公司,招商银行股份有限公司,商品型ETF,,,80093117.96,278400,1078152,3.872,3.8726724137931,-0.146994352
2022-10-25,518890.SH,中银黄金,20200928,,上海黄金交易所上海金集中定价合约(合约代码:SHAU)午盘基准价格收益率,中银基金管理有限公司,招商银行股份有限公司,商品型ETF,,,80254225.4,1287400,4999360,3.882,3.8832996737611,-0.090078497
2022-10-26,518890.SH,中银黄金,20200928,,上海黄金交易所上海金集中定价合约(合约代码:SHAU)午盘基准价格收益率,中银基金管理有限公司,招商银行股份有限公司,商品型ETF,,,80283142.12,381600,1482149,3.881,3.8840382599581,-0.151791916
2022-10-27,518890.SH,中银黄金,20200928,,上海黄金交易所上海金集中定价合约(合约代码:SHAU)午盘基准价格收益率,中银基金管理有限公司,招商银行股份有限公司,商品型ETF,,,80109641.8,1976757,7654304,3.874,3.8721522169897,-0.116024236
2022-10-28,518890.SH,中银黄金,20200928,,上海黄金交易所上海金集中定价合约(合约代码:SHAU)午盘基准价格收益率,中银基金管理有限公司,招商银行股份有限公司,商品型ETF,,,80049742.88,744600,2889996,3.874,3.881273166801,-0.04128393
2022-10-31,518890.SH,中银黄金,20200928,,上海黄金交易所上海金集中定价合约(合约代码:SHAU)午盘基准价格收益率,中银基金管理有限公司,招商银行股份有限公司,商品型ETF,,,79801885.28,274100,1057701,3.862,3.8588143013499,-0.041412154
2022-11-01,518890.SH,中银黄金,20200928,,上海黄金交易所上海金集中定价合约(合约代码:SHAU)午盘基准价格收益率,中银基金管理有限公司,招商银行股份有限公司,商品型ETF,,,79847325.84,756000,2920611,3.862,3.8632420634921,-0.098297894
2022-11-02,518890.SH,中银黄金,20200928,,上海黄金交易所上海金集中定价合约(合约代码:SHAU)午盘基准价格收益率,中银基金管理有限公司,招商银行股份有限公司,商品型ETF,,,79989843.96,391700,1517100,3.871,3.8731171815165,-0.043897023
2022-11-03,518890.SH,中银黄金,20200928,,上海黄金交易所上海金集中定价合约(合约代码:SHAU)午盘基准价格收益率,中银基金管理有限公司,招商银行股份有限公司,商品型ETF,,,79789492.4,1400500,5405013,3.858,3.8593452338451,-0.129433083
2022-11-04,518890.SH,中银黄金,20200928,,上海黄金交易所上海金集中定价合约(合约代码:SHAU)午盘基准价格收益率,中银基金管理有限公司,招商银行股份有限公司,商品型ETF,,,77481719.8,1405700,5421289,3.859,3.8566472220246,-0.116474699
2022-11-07,518890.SH,中银黄金,20200928,,上海黄金交易所上海金集中定价合约(合约代码:SHAU)午盘基准价格收益率,中银基金管理有限公司,招商银行股份有限公司,商品型ETF,,,76836294.6,369700,1436055,3.886,3.8843792263998,-0.089985859
2022-11-08,518890.SH,中银黄金,20200928,,上海黄金交易所上海金集中定价合约(合约代码:SHAU)午盘基准价格收益率,中银基金管理有限公司,招商银行股份有限公司,商品型ETF,,,77049646.44,1826613,7114491,3.896,3.8949087737797,-0.11024793
2022-11-09,518890.SH,中银黄金,20200928,,上海黄金交易所上海金集中定价合约(合约代码:SHAU)午盘基准价格收益率,中银基金管理有限公司,招商银行股份有限公司,商品型ETF,,,75038333.04,912319,3619376,3.976,3.967226375862,-0.095482185
2022-11-10,518890.SH,中银黄金,20200928,,上海黄金交易所上海金集中定价合约(合约代码:SHAU)午盘基准价格收益率,中银基金管理有限公司,招商银行股份有限公司,商品型ETF,,,75076042.64,304600,1212194,3.981,3.9796257386737,-0.020091416
2022-11-11,518890.SH,中银黄金,20200928,,上海黄金交易所上海金集中定价合约(合约代码:SHAU)午盘基准价格收益率,中银基金管理有限公司,招商银行股份有限公司,商品型ETF,,,75688823.64,485372,1953984,4.012,4.0257452016186,-0.05729517
2022-11-14,518890.SH,中银黄金,20200928,,上海黄金交易所上海金集中定价合约(合约代码:SHAU)午盘基准价格收益率,中银基金管理有限公司,招商银行股份有限公司,商品型ETF,,,77387303.44,894500,3566657,3.976,3.9873191727222,-0.045251144
2022-11-15,518890.SH,中银黄金,20200928,,上海黄金交易所上海金集中定价合约(合约代码:SHAU)午盘基准价格收益率,中银基金管理有限公司,招商银行股份有限公司,商品型ETF,,,77647997.76,360313,1439102,3.99,3.9940329657825,-0.030066146
2022-11-16,518890.SH,中银黄金,20200928,,上海黄金交易所上海金集中定价合约(合约代码:SHAU)午盘基准价格收益率,中银基金管理有限公司,招商银行股份有限公司,商品型ETF,,,78017638.96,293800,1176568,4.018,4.004656228727,0.194504015
2022-11-17,518890.SH,中银黄金,20200928,,上海黄金交易所上海金集中定价合约(合约代码:SHAU)午盘基准价格收益率,中银基金管理有限公司,招商银行股份有限公司,商品型ETF,,,78157713.52,682900,2740343,4.012,4.0128027529653,-0.134415293
2022-11-18,518890.SH,中银黄金,20200928,,上海黄金交易所上海金集中定价合约(合约代码:SHAU)午盘基准价格收益率,中银基金管理有限公司,招商银行股份有限公司,商品型ETF,,,78074057.88,1431263,5740244,4.01,4.0106144014063,-0.077247016
2022-11-21,518890.SH,中银黄金,20200928,,上海黄金交易所上海金集中定价合约(合约代码:SHAU)午盘基准价格收益率,中银基金管理有限公司,招商银行股份有限公司,商品型ETF,,,77636324.88,178363,710728,3.985,3.9847277742581,-0.140329775
2022-11-22,518890.SH,中银黄金,20200928,,上海黄金交易所上海金集中定价合约(合约代码:SHAU)午盘基准价格收益率,中银基金管理有限公司,招商银行股份有限公司,商品型ETF,,,77622706.52,1012700,4034613,3.983,3.9840159968401,-0.172936665
2022-11-23,518890.SH,中银黄金,20200928,,上海黄金交易所上海金集中定价合约(合约代码:SHAU)午盘基准价格收益率,中银基金管理有限公司,招商银行股份有限公司,商品型ETF,,,77523487.04,1734125,6907470,3.986,3.9832595689469,0.030114435
2022-11-24,518890.SH,中银黄金,20200928,,上海黄金交易所上海金集中定价合约(合约代码:SHAU)午盘基准价格收益率,中银基金管理有限公司,招商银行股份有限公司,商品型ETF,,,73024676.44,366200,1466178,4.001,4.0037629710541,0.017498688
2022-11-25,518890.SH,中银黄金,20200928,,上海黄金交易所上海金集中定价合约(合约代码:SHAU)午盘基准价格收益率,中银基金管理有限公司,招商银行股份有限公司,商品型ETF,,,72002338.96,763732,3064999,4.011,4.0131865628257,0.01994913
2022-11-28,518890.SH,中银黄金,20200928,,上海黄金交易所上海金集中定价合约(合约代码:SHAU)午盘基准价格收益率,中银基金管理有限公司,招商银行股份有限公司,商品型ETF,,,68505720.64,891427,3583231,4.016,4.0196572461907,-0.019916351
2022-11-29,518890.SH,中银黄金,20200928,,上海黄金交易所上海金集中定价合约(合约代码:SHAU)午盘基准价格收益率,中银基金管理有限公司,招商银行股份有限公司,商品型ETF,,,67114702.36,648400,2597026,4.003,4.0052837754473,-0.067403949
2022-11-30,518890.SH,中银黄金,20200928,,上海黄金交易所上海金集中定价合约(合约代码:SHAU)午盘基准价格收益率,中银基金管理有限公司,招商银行股份有限公司,商品型ETF,,,63403345.2,576669,2303344,3.999,3.9942219886972,0
2022-12-01,518890.SH,中银黄金,20200928,,上海黄金交易所上海金集中定价合约(合约代码:SHAU)午盘基准价格收益率,中银基金管理有限公司,招商银行股份有限公司,商品型ETF,,,58767213.48,476182,1906022,4.008,4.0027174483706,-0.052367771
2022-12-02,518890.SH,中银黄金,20200928,,上海黄金交易所上海金集中定价合约(合约代码:SHAU)午盘基准价格收益率,中银基金管理有限公司,招商银行股份有限公司,商品型ETF,,,55496491.56,1078387,4347555,4.035,4.0315350611608,0.007435497
2022-12-05,518890.SH,中银黄金,20200928,,上海黄金交易所上海金集中定价合约(合约代码:SHAU)午盘基准价格收益率,中银基金管理有限公司,招商银行股份有限公司,商品型ETF,,,54951801.48,802509,3217017,3.997,4.008698967862,0.047558259
2022-12-06,518890.SH,中银黄金,20200928,,上海黄金交易所上海金集中定价合约(合约代码:SHAU)午盘基准价格收益率,中银基金管理有限公司,招商银行股份有限公司,商品型ETF,,,54390605.64,1010500,4000668,3.959,3.9590974764968,0.118857952
2022-12-07,518890.SH,中银黄金,20200928,,上海黄金交易所上海金集中定价合约(合约代码:SHAU)午盘基准价格收益率,中银基金管理有限公司,招商银行股份有限公司,商品型ETF,,,55593761.4,1667900,6595803,3.95,3.9545554289826,-0.139046897
2022-12-08,518890.SH,中银黄金,20200928,,上海黄金交易所上海金集中定价合约(合约代码:SHAU)午盘基准价格收益率,中银基金管理有限公司,招商银行股份有限公司,商品型ETF,,,55783501.2,2889800,11454487,3.964,3.963764620389,-0.125976316
2022-12-09,518890.SH,中银黄金,20200928,,上海黄金交易所上海金集中定价合约(合约代码:SHAU)午盘基准价格收益率,中银基金管理有限公司,招商银行股份有限公司,商品型ETF,,,55949347.84,1306762,5198846,3.979,3.9784184113098,-0.045217042
2022-12-12,518890.SH,中银黄金,20200928,,上海黄金交易所上海金集中定价合约(合约代码:SHAU)午盘基准价格收益率,中银基金管理有限公司,招商银行股份有限公司,商品型ETF,,,55919832.76,1354800,5386064,3.974,3.9755417773841,-0.118129037
2022-12-13,518890.SH,中银黄金,20200928,,上海黄金交易所上海金集中定价合约(合约代码:SHAU)午盘基准价格收益率,中银基金管理有限公司,招商银行股份有限公司,商品型ETF,,,55894534.12,405241,1610205,3.975,3.973450366572,-0.047775906
2022-12-14,518890.SH,中银黄金,20200928,,上海黄金交易所上海金集中定价合约(合约代码:SHAU)午盘基准价格收益率,中银基金管理有限公司,招商银行股份有限公司,商品型ETF,,,56511539.84,1466506,5891382,4.021,4.0172914396532,0.004974135
2022-12-15,518890.SH,中银黄金,20200928,,上海黄金交易所上海金集中定价合约(合约代码:SHAU)午盘基准价格收益率,中银基金管理有限公司,招商银行股份有限公司,商品型ETF,,,56047731.44,1071500,4271609,3.987,3.9865692953803,-0.020061187
2022-12-16,518890.SH,中银黄金,20200928,,上海黄金交易所上海金集中定价合约(合约代码:SHAU)午盘基准价格收益率,中银基金管理有限公司,招商银行股份有限公司,商品型ETF,,,55787717.64,1519761,6022624,3.967,3.9628757416462,-0.057944726
2022-12-19,518890.SH,中银黄金,20200928,,上海黄金交易所上海金集中定价合约(合约代码:SHAU)午盘基准价格收益率,中银基金管理有限公司,招商银行股份有限公司,商品型ETF,,,56167197.24,1336682,5341816,3.996,3.9963252291869,-0.007506944
2022-12-20,518890.SH,中银黄金,20200928,,上海黄金交易所上海金集中定价合约(合约代码:SHAU)午盘基准价格收益率,中银基金管理有限公司,招商银行股份有限公司,商品型ETF,,,56185468.48,634000,2530245,3.995,3.9909227129338,-0.065039023
2022-12-21,518890.SH,中银黄金,20200928,,上海黄金交易所上海金集中定价合约(合约代码:SHAU)午盘基准价格收益率,中银基金管理有限公司,招商银行股份有限公司,商品型ETF,,,56646465.92,899200,3626604,4.031,4.0331450177936,0.01488686
2022-12-22,518890.SH,中银黄金,20200928,,上海黄金交易所上海金集中定价合约(合约代码:SHAU)午盘基准价格收益率,中银基金管理有限公司,招商银行股份有限公司,商品型ETF,,,56720956.36,1283625,5187343,4.037,4.0411670074983,0.032212503
2022-12-23,518890.SH,中银黄金,20200928,,上海黄金交易所上海金集中定价合约(合约代码:SHAU)午盘基准价格收益率,中银基金管理有限公司,招商银行股份有限公司,商品型ETF,,,57465135.36,1148700,4599321,4.004,4.0039357534604,0.019984013
2022-12-26,518890.SH,中银黄金,20200928,,上海黄金交易所上海金集中定价合约(合约代码:SHAU)午盘基准价格收益率,中银基金管理有限公司,招商银行股份有限公司,商品型ETF,,,58734972.92,3622000,14507254,4.008,4.005315847598,0.002495072
2022-12-27,518890.SH,中银黄金,20200928,,上海黄金交易所上海金集中定价合约(合约代码:SHAU)午盘基准价格收益率,中银基金管理有限公司,招商银行股份有限公司,商品型ETF,,,58808246.92,1338700,5368857,4.012,4.0105004855457,-0.022427671
2022-12-28,518890.SH,中银黄金,20200928,,上海黄金交易所上海金集中定价合约(合约代码:SHAU)午盘基准价格收益率,中银基金管理有限公司,招商银行股份有限公司,商品型ETF,,,58922554.36,2600300,10472100,4.021,4.0272660846825,0.007461387
2022-12-29,518890.SH,中银黄金,20200928,,上海黄金交易所上海金集中定价合约(合约代码:SHAU)午盘基准价格收益率,中银基金管理有限公司,招商银行股份有限公司,商品型ETF,,,58861004.2,496300,1997693,4.018,4.0251722748338,0.037345948
2022-12-30,518890.SH,中银黄金,20200928,,上海黄金交易所上海金集中定价合约(合约代码:SHAU)午盘基准价格收益率,中银基金管理有限公司,招商银行股份有限公司,商品型ETF,,,59217115.84,1313663,5299659,4.038,4.0342606893853,-0.069293209
2023-01-03,518890.SH,中银黄金,20200928,,上海黄金交易所上海金集中定价合约(合约代码:SHAU)午盘基准价格收益率,中银基金管理有限公司,招商银行股份有限公司,商品型ETF,,,60453283.52,2322800,9374610,4.038,4.03590924746,-0.10884623
2023-01-04,518890.SH,中银黄金,20200928,,上海黄金交易所上海金集中定价合约(合约代码:SHAU)午盘基准价格收益率,中银基金管理有限公司,招商银行股份有限公司,商品型ETF,,,60717983.48,2473519,10031557,4.053,4.0555811376424,-0.17487254
2023-01-05,518890.SH,中银黄金,20200928,,上海黄金交易所上海金集中定价合约(合约代码:SHAU)午盘基准价格收益率,中银基金管理有限公司,招商银行股份有限公司,商品型ETF,,,60698542.24,1780200,7242433,4.057,4.0683254690484,-0.044348083
2023-01-06,518890.SH,中银黄金,20200928,,上海黄金交易所上海金集中定价合约(合约代码:SHAU)午盘基准价格收益率,中银基金管理有限公司,招商银行股份有限公司,商品型ETF,,,60261862.08,1269184,5106874,4.021,4.023745965912,-0.213420687
2023-01-09,518890.SH,中银黄金,20200928,,上海黄金交易所上海金集中定价合约(合约代码:SHAU)午盘基准价格收益率,中银基金管理有限公司,招商银行股份有限公司,商品型ETF,,,58458487.52,1314000,5348173,4.067,4.0701468797565,-0.132599941
2023-01-10,518890.SH,中银黄金,20200928,,上海黄金交易所上海金集中定价合约(合约代码:SHAU)午盘基准价格收益率,中银基金管理有限公司,招商银行股份有限公司,商品型ETF,,,58403939.28,466619,1896096,4.065,4.0634779123868,-0.088482525
2023-01-11,518890.SH,中银黄金,20200928,,上海黄金交易所上海金集中定价合约(合约代码:SHAU)午盘基准价格收益率,中银基金管理有限公司,招商银行股份有限公司,商品型ETF,,,58579067.84,2532609,10316210,4.073,4.0733528152194,-0.191138992
2023-01-12,518890.SH,中银黄金,20200928,,上海黄金交易所上海金集中定价合约(合约代码:SHAU)午盘基准价格收益率,中银基金管理有限公司,招商银行股份有限公司,商品型ETF,,,58505858.36,649644,2645880,4.08,4.0728152649759,0.105503349
2023-01-13,518890.SH,中银黄金,20200928,,上海黄金交易所上海金集中定价合约(合约代码:SHAU)午盘基准价格收益率,中银基金管理有限公司,招商银行股份有限公司,商品型ETF,,,56098951.8,460600,1879245,4.08,4.0799934867564,0.036778227
2023-01-16,518890.SH,中银黄金,20200928,,上海黄金交易所上海金集中定价合约(合约代码:SHAU)午盘基准价格收益率,中银基金管理有限公司,招商银行股份有限公司,商品型ETF,,,56401557.4,1482409,6092080,4.097,4.1095810940166,-0.085355444
2023-01-17,518890.SH,中银黄金,20200928,,上海黄金交易所上海金集中定价合约(合约代码:SHAU)午盘基准价格收益率,中银基金管理有限公司,招商银行股份有限公司,商品型ETF,,,55410902.84,1744563,7185428,4.116,4.1187552412839,-0.055848287
2023-01-18,518890.SH,中银黄金,20200928,,上海黄金交易所上海金集中定价合约(合约代码:SHAU)午盘基准价格收益率,中银基金管理有限公司,招商银行股份有限公司,商品型ETF,,,55276354.84,1462000,6018258,4.106,4.1164555403557,-0.055984227
2023-01-19,518890.SH,中银黄金,20200928,,上海黄金交易所上海金集中定价合约(合约代码:SHAU)午盘基准价格收益率,中银基金管理有限公司,招商银行股份有限公司,商品型ETF,,,55519886.72,686031,2820942,4.12,4.1119745317631,-0.155098876
2023-01-20,518890.SH,中银黄金,20200928,,上海黄金交易所上海金集中定价合约(合约代码:SHAU)午盘基准价格收益率,中银基金管理有限公司,招商银行股份有限公司,商品型ETF,,,55902003.04,1878981,7802021,4.149,4.1522617844459,-0.139597574
2023-01-30,518890.SH,中银黄金,20200928,,上海黄金交易所上海金集中定价合约(合约代码:SHAU)午盘基准价格收益率,中银基金管理有限公司,招商银行股份有限公司,商品型ETF,,,55872402.48,1139222,4722568,4.148,4.1454325846938,-0.110773973
2023-01-31,518890.SH,中银黄金,20200928,,上海黄金交易所上海金集中定价合约(合约代码:SHAU)午盘基准价格收益率,中银基金管理有限公司,招商银行股份有限公司,商品型ETF,,,55490286.16,962363,3982671,4.118,4.1384290543173,-0.150332186
2023-02-01,518890.SH,中银黄金,20200928,,上海黄金交易所上海金集中定价合约(合约代码:SHAU)午盘基准价格收益率,中银基金管理有限公司,招商银行股份有限公司,商品型ETF,,,54504282.84,476226,1970297,4.138,4.1373150562968,-0.127917361
2023-02-02,518890.SH,中银黄金,20200928,,上海黄金交易所上海金集中定价合约(合约代码:SHAU)午盘基准价格收益率,中银基金管理有限公司,招商银行股份有限公司,商品型ETF,,,54923920.96,2220489,9268225,4.171,4.1739567275497,-0.100593984
2023-02-03,518890.SH,中银黄金,20200928,,上海黄金交易所上海金集中定价合约(合约代码:SHAU)午盘基准价格收益率,中银基金管理有限公司,招商银行股份有限公司,商品型ETF,,,50532667.8,479772,1976663,4.129,4.1200049190032,0.133381836
2023-02-06,518890.SH,中银黄金,20200928,,上海黄金交易所上海金集中定价合约(合约代码:SHAU)午盘基准价格收益率,中银基金管理有限公司,招商银行股份有限公司,商品型ETF,,,49863555.72,365800,1487969,4.069,4.0677118644068,0.002457667
2023-02-07,518890.SH,中银黄金,20200928,,上海黄金交易所上海金集中定价合约(合约代码:SHAU)午盘基准价格收益率,中银基金管理有限公司,招商银行股份有限公司,商品型ETF,,,49756938.96,421200,1709358,4.058,4.0583048433048,-0.054184523
2023-02-08,518890.SH,中银黄金,20200928,,上海黄金交易所上海金集中定价合约(合约代码:SHAU)午盘基准价格收益率,中银基金管理有限公司,招商银行股份有限公司,商品型ETF,,,49749586.08,382900,1553460,4.058,4.0570906241839,-0.03941275
2023-02-09,518890.SH,中银黄金,20200928,,上海黄金交易所上海金集中定价合约(合约代码:SHAU)午盘基准价格收益率,中银基金管理有限公司,招商银行股份有限公司,商品型ETF,,,49854977.36,457600,1859882,4.065,4.0644274475524,-0.078658866
2023-02-10,518890.SH,中银黄金,20200928,,上海黄金交易所上海金集中定价合约(合约代码:SHAU)午盘基准价格收益率,中银基金管理有限公司,招商银行股份有限公司,商品型ETF,,,49635616.44,281500,1135873,4.038,4.0350728241563,-0.303681209
2023-02-13,518890.SH,中银黄金,20200928,,上海黄金交易所上海金集中定价合约(合约代码:SHAU)午盘基准价格收益率,中银基金管理有限公司,招商银行股份有限公司,商品型ETF,,,49851300.92,521300,2117237,4.064,4.061455975446,-0.095872563
2023-02-14,518890.SH,中银黄金,20200928,,上海黄金交易所上海金集中定价合约(合约代码:SHAU)午盘基准价格收益率,中银基金管理有限公司,招商银行股份有限公司,商品型ETF,,,49829242.28,1442300,5845728,4.064,4.0530596963184,-0.051646541
2023-02-15,518890.SH,中银黄金,20200928,,上海黄金交易所上海金集中定价合约(合约代码:SHAU)午盘基准价格收益率,中银基金管理有限公司,招商银行股份有限公司,商品型ETF,,,49689537.56,2102478,8544521,4.05,4.0640239755184,-0.115914864
2023-02-16,518890.SH,中银黄金,20200928,,上海黄金交易所上海金集中定价合约(合约代码:SHAU)午盘基准价格收益率,中银基金管理有限公司,招商银行股份有限公司,商品型ETF,,,49642969.32,1885000,7632622,4.053,4.0491363395225,0.051840332
2023-02-17,518890.SH,中银黄金,20200928,,上海黄金交易所上海金集中定价合约(合约代码:SHAU)午盘基准价格收益率,中银基金管理有限公司,招商银行股份有限公司,商品型ETF,,,49564538.6,1203841,4866320,4.039,4.0423278489435,-0.135987143
2023-02-20,518890.SH,中银黄金,20200928,,上海黄金交易所上海金集中定价合约(合约代码:SHAU)午盘基准价格收益率,中银基金管理有限公司,招商银行股份有限公司,商品型ETF,,,49767968.28,823713,3346076,4.061,4.0621867082345,-0.002462387
2023-02-21,518890.SH,中银黄金,20200928,,上海黄金交易所上海金集中定价合约(合约代码:SHAU)午盘基准价格收益率,中银基金管理有限公司,招商银行股份有限公司,商品型ETF,,,50912224.96,701800,2848911,4.058,4.0594343117697,0.069047149
2023-02-22,518890.SH,中银黄金,20200928,,上海黄金交易所上海金集中定价合约(合约代码:SHAU)午盘基准价格收益率,中银基金管理有限公司,招商银行股份有限公司,商品型ETF,,,52276615.16,1116100,4538056,4.065,4.0659940865514,-0.041802936
2023-02-23,518890.SH,中银黄金,20200928,,上海黄金交易所上海金集中定价合约(合约代码:SHAU)午盘基准价格收益率,中银基金管理有限公司,招商银行股份有限公司,商品型ETF,,,52160921.96,813100,3295478,4.056,4.0529799532653,-0.041895655
2023-02-24,518890.SH,中银黄金,20200928,,上海黄金交易所上海金集中定价合约(合约代码:SHAU)午盘基准价格收益率,中银基金管理有限公司,招商银行股份有限公司,商品型ETF,,,52268902.28,526200,2140456,4.068,4.0677613074876,0.046727823
2023-02-27,518890.SH,中银黄金,20200928,,上海黄金交易所上海金集中定价合约(合约代码:SHAU)午盘基准价格收益率,中银基金管理有限公司,招商银行股份有限公司,商品型ETF,,,50967466.08,127000,515810,4.059,4.0614960629921,-0.014779781
2023-02-28,518890.SH,中银黄金,20200928,,上海黄金交易所上海金集中定价合约(合约代码:SHAU)午盘基准价格收益率,中银基金管理有限公司,招商银行股份有限公司,商品型ETF,,,50990064.72,695841,2829470,4.065,4.0662593897169,0.088639385
2023-03-01,518890.SH,中银黄金,20200928,,上海黄金交易所上海金集中定价合约(合约代码:SHAU)午盘基准价格收益率,中银基金管理有限公司,招商银行股份有限公司,商品型ETF,,,51174620.28,250078,1019046,4.078,4.0749126272603,0.046613184
2023-03-02,518890.SH,中银黄金,20200928,,上海黄金交易所上海金集中定价合约(合约代码:SHAU)午盘基准价格收益率,中银基金管理有限公司,招商银行股份有限公司,商品型ETF,,,51116868.2,38500,156579,4.072,4.066987012987,0.012280486
2023-03-03,518890.SH,中银黄金,20200928,,上海黄金交易所上海金集中定价合约(合约代码:SHAU)午盘基准价格收益率,中银基金管理有限公司,招商银行股份有限公司,商品型ETF,,,51342854.6,373000,1523220,4.09,4.0836997319035,0.012226434
2023-03-06,518890.SH,中银黄金,20200928,,上海黄金交易所上海金集中定价合约(合约代码:SHAU)午盘基准价格收益率,中银基金管理有限公司,招商银行股份有限公司,商品型ETF,,,51720754.08,477800,1966436,4.119,4.1156048555881,-0.014564521
2023-03-07,518890.SH,中银黄金,20200928,,上海黄金交易所上海金集中定价合约(合约代码:SHAU)午盘基准价格收益率,中银基金管理有限公司,招商银行股份有限公司,商品型ETF,,,51762184.92,276200,1139165,4.124,4.1244207096307,0.026680249
2023-03-08,518890.SH,中银黄金,20200928,,上海黄金交易所上海金集中定价合约(合约代码:SHAU)午盘基准价格收益率,中银基金管理有限公司,招商银行股份有限公司,商品型ETF,,,51202240.84,292100,1192176,4.077,4.081396781924,-0.031876027
2023-03-09,518890.SH,中银黄金,20200928,,上海黄金交易所上海金集中定价合约(合约代码:SHAU)午盘基准价格收益率,中银基金管理有限公司,招商银行股份有限公司,商品型ETF,,,51231116.88,324900,1325203,4.08,4.0788027085257,-0.01470372
2023-03-10,518890.SH,中银黄金,20200928,,上海黄金交易所上海金集中定价合约(合约代码:SHAU)午盘基准价格收益率,中银基金管理有限公司,招商银行股份有限公司,商品型ETF,,,51516110.84,436900,1791833,4.103,4.1012428473335,-0.007311189
2023-03-13,518890.SH,中银黄金,20200928,,上海黄金交易所上海金集中定价合约(合约代码:SHAU)午盘基准价格收益率,中银基金管理有限公司,招商银行股份有限公司,商品型ETF,,,51953017.88,837138,3472935,4.14,4.1485812375021,0.045914792
2023-03-14,518890.SH,中银黄金,20200928,,上海黄金交易所上海金集中定价合约(合约代码:SHAU)午盘基准价格收益率,中银基金管理有限公司,招商银行股份有限公司,商品型ETF,,,52588290.76,1487297,6216333,4.189,4.1796177898564,0.007162127
2023-03-15,518890.SH,中银黄金,20200928,,上海黄金交易所上海金集中定价合约(合约代码:SHAU)午盘基准价格收益率,中银基金管理有限公司,招商银行股份有限公司,商品型ETF,,,52612144.88,575408,2409221,4.191,4.186978630815,0.009545173
2023-03-16,518890.SH,中银黄金,20200928,,上海黄金交易所上海金集中定价合约(合约代码:SHAU)午盘基准价格收益率,中银基金管理有限公司,招商银行股份有限公司,商品型ETF,,,53072906.04,1728332,7299149,4.228,4.2232331519639,0.016559033
2023-03-17,518890.SH,中银黄金,20200928,,上海黄金交易所上海金集中定价合约(合约代码:SHAU)午盘基准价格收益率,中银基金管理有限公司,招商银行股份有限公司,商品型ETF,,,53337812.32,1057743,4482554,4.244,4.2378479460512,-0.103568402
2023-03-20,518890.SH,中银黄金,20200928,,上海黄金交易所上海金集中定价合约(合约代码:SHAU)午盘基准价格收益率,中银基金管理有限公司,招商银行股份有限公司,商品型ETF,,,55054053.48,2535966,11036392,4.364,4.3519479362105,-0.481174888
2023-03-21,518890.SH,中银黄金,20200928,,上海黄金交易所上海金集中定价合约(合约代码:SHAU)午盘基准价格收益率,中银基金管理有限公司,招商银行股份有限公司,商品型ETF,,,54440123.76,1018167,4429661,4.335,4.3506232278202,-0.027674
2023-03-22,518890.SH,中银黄金,20200928,,上海黄金交易所上海金集中定价合约(合约代码:SHAU)午盘基准价格收益率,中银基金管理有限公司,招商银行股份有限公司,商品型ETF,,,53655448.76,1059989,4525219,4.274,4.2691188304784,0.007019678
2023-03-23,518890.SH,中银黄金,20200928,,上海黄金交易所上海金集中定价合约(合约代码:SHAU)午盘基准价格收益率,中银基金管理有限公司,招商银行股份有限公司,商品型ETF,,,54022048.92,3088869,13298119,4.305,4.3051741592149,0.048804295
2023-03-24,518890.SH,中银黄金,20200928,,上海黄金交易所上海金集中定价合约(合约代码:SHAU)午盘基准价格收益率,中银基金管理有限公司,招商银行股份有限公司,商品型ETF,,,54205349.0,1209400,5230113,4.321,4.3245518438895,0.081065431
2023-03-27,518890.SH,中银黄金,20200928,,上海黄金交易所上海金集中定价合约(合约代码:SHAU)午盘基准价格收益率,中银基金管理有限公司,招商银行股份有限公司,商品型ETF,,,53958019.44,701500,3017558,4.297,4.3015794725588,-0.018614175
2023-03-28,518890.SH,中银黄金,20200928,,上海黄金交易所上海金集中定价合约(合约代码:SHAU)午盘基准价格收益率,中银基金管理有限公司,招商银行股份有限公司,商品型ETF,,,53645404.92,497413,2129141,4.271,4.2804289393321,-0.044466288
2023-03-29,518890.SH,中银黄金,20200928,,上海黄金交易所上海金集中定价合约(合约代码:SHAU)午盘基准价格收益率,中银基金管理有限公司,招商银行股份有限公司,商品型ETF,,,53873902.28,661951,2844687,4.287,4.2974283595009,-0.095546596
2023-03-30,518890.SH,中银黄金,20200928,,上海黄金交易所上海金集中定价合约(合约代码:SHAU)午盘基准价格收益率,中银基金管理有限公司,招商银行股份有限公司,商品型ETF,,,53955508.48,1265563,5429691,4.3,4.2903363957385,0.055845123
2023-03-31,518890.SH,中银黄金,20200928,,上海黄金交易所上海金集中定价合约(合约代码:SHAU)午盘基准价格收益率,中银基金管理有限公司,招商银行股份有限公司,商品型ETF,,,54243207.8225,587623,2529804,4.318,4.305148028583,-0.057863673
2023-04-03,518890.SH,中银黄金,20200928,,上海黄金交易所上海金集中定价合约(合约代码:SHAU)午盘基准价格收益率,中银基金管理有限公司,招商银行股份有限公司,商品型ETF,,,53606485.04,1014019,4331343,4.27,4.2714613828735,0.00468406
2023-04-04,518890.SH,中银黄金,20200928,,上海黄金交易所上海金集中定价合约(合约代码:SHAU)午盘基准价格收益率,中银基金管理有限公司,招商银行股份有限公司,商品型ETF,,,52926030.24,1014331,4376592,4.316,4.314757214361,-0.064832824
2023-04-06,518890.SH,中银黄金,20200928,,上海黄金交易所上海金集中定价合约(合约代码:SHAU)午盘基准价格收益率,中银基金管理有限公司,招商银行股份有限公司,商品型ETF,,,53716464.84,1107026,4847593,4.381,4.3789332861197,-0.052471882
2023-04-07,518890.SH,中银黄金,20200928,,上海黄金交易所上海金集中定价合约(合约代码:SHAU)午盘基准价格收益率,中银基金管理有限公司,招商银行股份有限公司,商品型ETF,,,53694406.2,226900,993570,4.381,4.3788893785809,-0.011411617
2023-04-10,518890.SH,中银黄金,20200928,,上海黄金交易所上海金集中定价合约(合约代码:SHAU)午盘基准价格收益率,中银基金管理有限公司,招商银行股份有限公司,商品型ETF,,,53174802.68,328589,1421663,4.334,4.3265690573939,-0.117535895
2023-04-11,518890.SH,中银黄金,20200928,,上海黄金交易所上海金集中定价合约(合约代码:SHAU)午盘基准价格收益率,中银基金管理有限公司,招商银行股份有限公司,商品型ETF,,,53374555.92,329563,1431638,4.354,4.3440495443967,-0.032144005
2023-04-12,518890.SH,中银黄金,20200928,,上海黄金交易所上海金集中定价合约(合约代码:SHAU)午盘基准价格收益率,中银基金管理有限公司,招商银行股份有限公司,商品型ETF,,,53823081.6,1848150,8116570,4.392,4.3917268619971,0
2023-04-13,518890.SH,中银黄金,20200928,,上海黄金交易所上海金集中定价合约(合约代码:SHAU)午盘基准价格收益率,中银基金管理有限公司,招商银行股份有限公司,商品型ETF,,,53868424.36,957000,4199746,4.393,4.3884493207941,-0.061423664
2023-04-14,518890.SH,中银黄金,20200928,,上海黄金交易所上海金集中定价合约(合约代码:SHAU)午盘基准价格收益率,中银基金管理有限公司,招商银行股份有限公司,商品型ETF,,,51447783.64,624400,2755237,4.413,4.4126153106983,-0.029449743
2023-04-17,518890.SH,中银黄金,20200928,,上海黄金交易所上海金集中定价合约(合约代码:SHAU)午盘基准价格收益率,中银基金管理有限公司,招商银行股份有限公司,商品型ETF,,,50934972.44,1137813,4961905,4.368,4.3609143154455,-0.052627966
2023-04-18,518890.SH,中银黄金,20200928,,上海黄金交易所上海金集中定价合约(合约代码:SHAU)午盘基准价格收益率,中银基金管理有限公司,招商银行股份有限公司,商品型ETF,,,50726351.52,1772900,7707292,4.351,4.3472795983981,-0.032166161
2023-04-19,518890.SH,中银黄金,20200928,,上海黄金交易所上海金集中定价合约(合约代码:SHAU)午盘基准价格收益率,中银基金管理有限公司,招商银行股份有限公司,商品型ETF,,,46784455.48,795232,3461669,4.35,4.3530303106515,-0.002298798
2023-04-20,518890.SH,中银黄金,20200928,,上海黄金交易所上海金集中定价合约(合约代码:SHAU)午盘基准价格收益率,中银基金管理有限公司,招商银行股份有限公司,商品型ETF,,,46869418.4,95600,415618,4.354,4.3474686192469,-0.091785223
2023-04-21,518890.SH,中银黄金,20200928,,上海黄金交易所上海金集中定价合约(合约代码:SHAU)午盘基准价格收益率,中银基金管理有限公司,招商银行股份有限公司,商品型ETF,,,46657548.84,3382500,14714682,4.334,4.3502385809313,-0.099117166
2023-04-24,518890.SH,中银黄金,20200928,,上海黄金交易所上海金集中定价合约(合约代码:SHAU)午盘基准价格收益率,中银基金管理有限公司,招商银行股份有限公司,商品型ETF,,,46522038.36,3172063,13725775,4.323,4.3270814608663,-0.062417643
2023-04-25,518890.SH,中银黄金,20200928,,上海黄金交易所上海金集中定价合约(合约代码:SHAU)午盘基准价格收益率,中银基金管理有限公司,招商银行股份有限公司,商品型ETF,,,45605928.56,391900,1706172,4.356,4.353590201582,-0.142130118
2023-04-26,518890.SH,中银黄金,20200928,,上海黄金交易所上海金集中定价合约(合约代码:SHAU)午盘基准价格收益率,中银基金管理有限公司,招商银行股份有限公司,商品型ETF,,,45730340.68,673400,2942434,4.369,4.3695188595189,-0.116595414
2023-04-27,518890.SH,中银黄金,20200928,,上海黄金交易所上海金集中定价合约(合约代码:SHAU)午盘基准价格收益率,中银基金管理有限公司,招商银行股份有限公司,商品型ETF,,,45794114.96,1205800,5276830,4.38,4.3762066677724,-0.004566002
2023-04-28,518890.SH,中银黄金,20200928,,上海黄金交易所上海金集中定价合约(合约代码:SHAU)午盘基准价格收益率,中银基金管理有限公司,招商银行股份有限公司,商品型ETF,,,45464788.76,622906,2709954,4.345,4.3505023229829,-0.085082898
2023-05-04,518890.SH,中银黄金,20200928,,上海黄金交易所上海金集中定价合约(合约代码:SHAU)午盘基准价格收益率,中银基金管理有限公司,招商银行股份有限公司,商品型ETF,,,47811538.88,1816704,8072544,4.443,4.4435108856479,-0.058484794
2023-05-05,518890.SH,中银黄金,20200928,,上海黄金交易所上海金集中定价合约(合约代码:SHAU)午盘基准价格收益率,中银基金管理有限公司,招商银行股份有限公司,商品型ETF,,,48055672.84,1612306,7199862,4.464,4.4655679505007,-0.096233467
2023-05-08,518890.SH,中银黄金,20200928,,上海黄金交易所上海金集中定价合约(合约代码:SHAU)午盘基准价格收益率,中银基金管理有限公司,招商银行股份有限公司,商品型ETF,,,47499649.68,1605800,7076815,4.409,4.4070338771952,-0.172078069
2023-05-09,518890.SH,中银黄金,20200928,,上海黄金交易所上海金集中定价合约(合约代码:SHAU)午盘基准价格收益率,中银基金管理有限公司,招商银行股份有限公司,商品型ETF,,,47571706.84,1410394,6237581,4.419,4.4225804987826,-0.097212488
2023-05-10,518890.SH,中银黄金,20200928,,上海黄金交易所上海金集中定价合约(合约代码:SHAU)午盘基准价格收益率,中银基金管理有限公司,招商银行股份有限公司,商品型ETF,,,47780349.96,1877116,8327691,4.44,4.4364285425088,-0.060773854
2023-05-11,518890.SH,中银黄金,20200928,,上海黄金交易所上海金集中定价合约(合约代码:SHAU)午盘基准价格收益率,中银基金管理有限公司,招商银行股份有限公司,商品型ETF,,,45103559.68,1341200,5961871,4.443,4.4451767074262,0.031520173
2023-05-12,518890.SH,中银黄金,20200928,,上海黄金交易所上海金集中定价合约(合约代码:SHAU)午盘基准价格收益率,中银基金管理有限公司,招商银行股份有限公司,商品型ETF,,,44808055.0,617600,2725650,4.412,4.4132933937824,-0.011331445
2023-05-15,518890.SH,中银黄金,20200928,,上海黄金交易所上海金集中定价合约(合约代码:SHAU)午盘基准价格收益率,中银基金管理有限公司,招商银行股份有限公司,商品型ETF,,,44999980.72,1168200,5174842,4.427,4.4297568909433,-0.09929142
2023-05-16,518890.SH,中银黄金,20200928,,上海黄金交易所上海金集中定价合约(合约代码:SHAU)午盘基准价格收益率,中银基金管理有限公司,招商银行股份有限公司,商品型ETF,,,44873045.72,1326503,5869834,4.417,4.425043893606,-0.042997126
2023-05-17,518890.SH,中银黄金,20200928,,上海黄金交易所上海金集中定价合约(合约代码:SHAU)午盘基准价格收益率,中银基金管理有限公司,招商银行股份有限公司,商品型ETF,,,46008438.36,1409982,6204612,4.399,4.4004902190241,-0.038630218
2023-05-18,518890.SH,中银黄金,20200928,,上海黄金交易所上海金集中定价合约(合约代码:SHAU)午盘基准价格收益率,中银基金管理有限公司,招商银行股份有限公司,商品型ETF,,,45923754.48,712600,3128602,4.391,4.390404153803,-0.036424896
2023-05-19,518890.SH,中银黄金,20200928,,上海黄金交易所上海金集中定价合约(合约代码:SHAU)午盘基准价格收益率,中银基金管理有限公司,招商银行股份有限公司,商品型ETF,,,45753341.24,1081400,4731146,4.374,4.3750194192713,-0.052555812
2023-05-22,518890.SH,中银黄金,20200928,,上海黄金交易所上海金集中定价合约(合约代码:SHAU)午盘基准价格收益率,中银基金管理有限公司,招商银行股份有限公司,商品型ETF,,,47261968.6,1228300,5399413,4.394,4.3958422209558,-0.011377859
2023-05-23,518890.SH,中银黄金,20200928,,上海黄金交易所上海金集中定价合约(合约代码:SHAU)午盘基准价格收益率,中银基金管理有限公司,招商银行股份有限公司,商品型ETF,,,47079137.0,1763200,7713116,4.372,4.3744986388385,-0.12564249
2023-05-24,518890.SH,中银黄金,20200928,,上海黄金交易所上海金集中定价合约(合约代码:SHAU)午盘基准价格收益率,中银基金管理有限公司,招商银行股份有限公司,商品型ETF,,,45994847.12,850247,3744879,4.399,4.4044601157076,-0.009092149
2023-05-25,518890.SH,中银黄金,20200928,,上海黄金交易所上海金集中定价合约(合约代码:SHAU)午盘基准价格收益率,中银基金管理有限公司,招商银行股份有限公司,商品型ETF,,,47123231.68,854200,3737149,4.374,4.3750280964645,-0.17345262
2023-05-26,518890.SH,中银黄金,20200928,,上海黄金交易所上海金集中定价合约(合约代码:SHAU)午盘基准价格收益率,中银基金管理有限公司,招商银行股份有限公司,商品型ETF,,,48173501.96,529800,2306958,4.354,4.3543941109853,-0.084907176
2023-05-29,518890.SH,中银黄金,20200928,,上海黄金交易所上海金集中定价合约(合约代码:SHAU)午盘基准价格收益率,中银基金管理有限公司,招商银行股份有限公司,商品型ETF,,,48176818.4,895800,3898331,4.353,4.3517872292923,-0.114731528
2023-05-30,518890.SH,中银黄金,20200928,,上海黄金交易所上海金集中定价合约(合约代码:SHAU)午盘基准价格收益率,中银基金管理有限公司,招商银行股份有限公司,商品型ETF,,,46769398.76,2189400,9523435,4.344,4.3497921805061,-0.108078276
2023-05-31,518890.SH,中银黄金,20200928,,上海黄金交易所上海金集中定价合约(合约代码:SHAU)午盘基准价格收益率,中银基金管理有限公司,招商银行股份有限公司,商品型ETF,,,47386724.28,1510018,6640783,4.404,4.3978171121139,-0.047661197
2023-06-01,518890.SH,中银黄金,20200928,,上海黄金交易所上海金集中定价合约(合约代码:SHAU)午盘基准价格收益率,中银基金管理有限公司,招商银行股份有限公司,商品型ETF,,,47414686.76,563800,2482426,4.403,4.4030258957077,-0.129289813
2023-06-02,518890.SH,中银黄金,20200928,,上海黄金交易所上海金集中定价合约(合约代码:SHAU)午盘基准价格收益率,中银基金管理有限公司,招商银行股份有限公司,商品型ETF,,,47553423.68,1792400,7923311,4.416,4.420503793796,-0.126650986
2023-06-05,518890.SH,中银黄金,20200928,,上海黄金交易所上海金集中定价合约(合约代码:SHAU)午盘基准价格收益率,中银基金管理有限公司,招商银行股份有限公司,商品型ETF,,,47017834.64,654419,2855275,4.363,4.3630686150616,-0.201290086
2023-06-06,518890.SH,中银黄金,20200928,,上海黄金交易所上海金集中定价合约(合约代码:SHAU)午盘基准价格收益率,中银基金管理有限公司,招商银行股份有限公司,商品型ETF,,,47325421.92,301325,1324936,4.395,4.3970331037916,-0.122716117
2023-06-07,518890.SH,中银黄金,20200928,,上海黄金交易所上海金集中定价合约(合约代码:SHAU)午盘基准价格收益率,中银基金管理有限公司,招商银行股份有限公司,商品型ETF,,,48717398.12,817100,3600907,4.399,4.4069355036103,-0.179264335
2023-06-08,518890.SH,中银黄金,20200928,,上海黄金交易所上海金集中定价合约(合约代码:SHAU)午盘基准价格收益率,中银基金管理有限公司,招商银行股份有限公司,商品型ETF,,,47172703.76,519900,2276535,4.376,4.3787939988459,-0.232547535
2023-06-09,518890.SH,中银黄金,20200928,,上海黄金交易所上海金集中定价合约(合约代码:SHAU)午盘基准价格收益率,中银基金管理有限公司,招商银行股份有限公司,商品型ETF,,,51524705.32,688900,3034453,4.403,4.4047800841922,-0.404894931
2023-06-12,518890.SH,中银黄金,20200928,,上海黄金交易所上海金集中定价合约(合约代码:SHAU)午盘基准价格收益率,中银基金管理有限公司,招商银行股份有限公司,商品型ETF,,,51564331.64,2292300,10100718,4.414,4.4063682764036,-0.23280519
2023-06-13,518890.SH,中银黄金,20200928,,上海黄金交易所上海金集中定价合约(合约代码:SHAU)午盘基准价格收益率,中银基金管理有限公司,招商银行股份有限公司,商品型ETF,,,51696030.88,1291900,5714633,4.427,4.4234329282452,-0.193885833
2023-06-14,518890.SH,中银黄金,20200928,,上海黄金交易所上海金集中定价合约(合约代码:SHAU)午盘基准价格收益率,中银基金管理有限公司,招商银行股份有限公司,商品型ETF,,,51383682.24,339000,1491994,4.4,4.4011622418879,-0.199600798
2023-06-15,518890.SH,中银黄金,20200928,,上海黄金交易所上海金集中定价合约(合约代码:SHAU)午盘基准价格收益率,中银基金管理有限公司,招商银行股份有限公司,商品型ETF,,,50940799.84,519400,2273038,4.376,4.3762764728533,0.118971355
2023-06-16,518890.SH,中银黄金,20200928,,上海黄金交易所上海金集中定价合约(合约代码:SHAU)午盘基准价格收益率,中银基金管理有限公司,招商银行股份有限公司,商品型ETF,,,51383682.24,209309,922314,4.403,4.4064708158751,-0.131555072
2023-06-19,518890.SH,中银黄金,20200928,,上海黄金交易所上海金集中定价合约(合约代码:SHAU)午盘基准价格收益率,中银基金管理有限公司,招商银行股份有限公司,商品型ETF,,,51430301.44,105500,464892,4.408,4.4065592417062,-0.108774474
2023-06-20,518890.SH,中银黄金,20200928,,上海黄金交易所上海金集中定价合约(合约代码:SHAU)午盘基准价格收益率,中银基金管理有限公司,招商银行股份有限公司,商品型ETF,,,51506057.64,880000,3877455,4.412,4.4061988636364,-0.165184531
2023-06-21,518890.SH,中银黄金,20200928,,上海黄金交易所上海金集中定价合约(合约代码:SHAU)午盘基准价格收益率,中银基金管理有限公司,招商银行股份有限公司,商品型ETF,,,49975881.24,573806,2520087,4.393,4.3918798339508,-0.188580647
2023-06-26,518890.SH,中银黄金,20200928,,上海黄金交易所上海金集中定价合约(合约代码:SHAU)午盘基准价格收益率,中银基金管理有限公司,招商银行股份有限公司,商品型ETF,,,49894126.68,435600,1910094,4.389,4.3849724517906,-0.116064723
2023-06-27,518890.SH,中银黄金,20200928,,上海黄金交易所上海金集中定价合约(合约代码:SHAU)午盘基准价格收益率,中银基金管理有限公司,招商银行股份有限公司,商品型ETF,,,49874823.52,535200,2348209,4.386,4.3875355007474,-0.14570622
2023-06-28,518890.SH,中银黄金,20200928,,上海黄金交易所上海金集中定价合约(合约代码:SHAU)午盘基准价格收益率,中银基金管理有限公司,招商银行股份有限公司,商品型ETF,,,49673843.56,868100,3794154,4.367,4.3706416311485,-0.176012069
2023-06-29,518890.SH,中银黄金,20200928,,上海黄金交易所上海金集中定价合约(合约代码:SHAU)午盘基准价格收益率,中银基金管理有限公司,招商银行股份有限公司,商品型ETF,,,49763546.48,1070300,4683434,4.379,4.3758142576848,-0.08214302
2023-06-30,518890.SH,中银黄金,20200928,,上海黄金交易所上海金集中定价合约(合约代码:SHAU)午盘基准价格收益率,中银基金管理有限公司,招商银行股份有限公司,商品型ETF,,,48566145.054,2240100,9826336,4.419,4.386561314227,0.587271237
2023-07-03,518890.SH,中银黄金,20200928,,上海黄金交易所上海金集中定价合约(合约代码:SHAU)午盘基准价格收益率,中银基金管理有限公司,招商银行股份有限公司,商品型ETF,,,44693305.76,1119300,4924999,4.399,4.4000705798267,-0.049986367
2023-07-04,518890.SH,中银黄金,20200928,,上海黄金交易所上海金集中定价合约(合约代码:SHAU)午盘基准价格收益率,中银基金管理有限公司,招商银行股份有限公司,商品型ETF,,,44753219.08,502409,2212230,4.401,4.403245164796,-0.138413015
2023-07-05,518890.SH,中银黄金,20200928,,上海黄金交易所上海金集中定价合约(合约代码:SHAU)午盘基准价格收益率,中银基金管理有限公司,招商银行股份有限公司,商品型ETF,,,44787745.4,261500,1151735,4.404,4.4043403441683,-0.147375581
2023-07-06,518890.SH,中银黄金,20200928,,上海黄金交易所上海金集中定价合约(合约代码:SHAU)午盘基准价格收益率,中银基金管理有限公司,招商银行股份有限公司,商品型ETF,,,44787745.4,90600,398987,4.404,4.4038300220751,-0.147375581
2023-07-07,518890.SH,中银黄金,20200928,,上海黄金交易所上海金集中定价合约(合约代码:SHAU)午盘基准价格收益率,中银基金管理有限公司,招商银行股份有限公司,商品型ETF,,,44698383.16,214600,942133,4.399,4.3901817334576,-0.061339937
2023-07-10,518890.SH,中银黄金,20200928,,上海黄金交易所上海金集中定价合约(合约代码:SHAU)午盘基准价格收益率,中银基金管理有限公司,招商银行股份有限公司,商品型ETF,,,44837503.92,122830,540738,4.404,4.4023284213954,-0.258187254
2023-07-11,518890.SH,中银黄金,20200928,,上海黄金交易所上海金集中定价合约(合约代码:SHAU)午盘基准价格收益率,中银基金管理有限公司,招商银行股份有限公司,商品型ETF,,,44835472.96,723281,3187871,4.408,4.4075138155157,-0.16307302
2023-07-12,518890.SH,中银黄金,20200928,,上海黄金交易所上海金集中定价合约(合约代码:SHAU)午盘基准价格收益率,中银基金管理有限公司,招商银行股份有限公司,商品型ETF,,,43502043.64,266968,1177373,4.411,4.4101652632525,-0.07475704
2023-07-13,518890.SH,中银黄金,20200928,,上海黄金交易所上海金集中定价合约(合约代码:SHAU)午盘基准价格收益率,中银基金管理有限公司,招商银行股份有限公司,商品型ETF,,,43892293.72,298100,1324362,4.445,4.4426769540423,-0.199824873
2023-07-14,518890.SH,中银黄金,20200928,,上海黄金交易所上海金集中定价合约(合约代码:SHAU)午盘基准价格收益率,中银基金管理有限公司,招商银行股份有限公司,商品型ETF,,,43674502.64,285800,1267736,4.43,4.4357452764171,-0.040615551
2023-07-17,518890.SH,中银黄金,20200928,,上海黄金交易所上海金集中定价合约(合约代码:SHAU)午盘基准价格收益率,中银基金管理有限公司,招商银行股份有限公司,商品型ETF,,,43826266.56,1033800,4588809,4.441,4.4387782936738,-0.139413564
2023-07-18,518890.SH,中银黄金,20200928,,上海黄金交易所上海金集中定价合约(合约代码:SHAU)午盘基准价格收益率,中银基金管理有限公司,招商银行股份有限公司,商品型ETF,,,42622051.84,392200,1747275,4.459,4.4550611932687,-0.040351506
2023-07-19,518890.SH,中银黄金,20200928,,上海黄金交易所上海金集中定价合约(合约代码:SHAU)午盘基准价格收益率,中银基金管理有限公司,招商银行股份有限公司,商品型ETF,,,43132278.16,165300,745112,4.512,4.5076346037508,-0.048735103
2023-07-20,518890.SH,中银黄金,20200928,,上海黄金交易所上海金集中定价合约(合约代码:SHAU)午盘基准价格收益率,中银基金管理有限公司,招商银行股份有限公司,商品型ETF,,,43099791.84,154700,697905,4.507,4.5113445378151,-0.084242263
2023-07-21,518890.SH,中银黄金,20200928,,上海黄金交易所上海金集中定价合约(合约代码:SHAU)午盘基准价格收益率,中银基金管理有限公司,招商银行股份有限公司,商品型ETF,,,42848500.6,467000,2093428,4.483,4.4827152034261,-0.033448545
2023-07-24,518890.SH,中银黄金,20200928,,上海黄金交易所上海金集中定价合约(合约代码:SHAU)午盘基准价格收益率,中银基金管理有限公司,招商银行股份有限公司,商品型ETF,,,42820791.68,118400,530359,4.478,4.4793834459459,-0.080328454
2023-07-25,518890.SH,中银黄金,20200928,,上海黄金交易所上海金集中定价合约(合约代码:SHAU)午盘基准价格收益率,中银基金管理有限公司,招商银行股份有限公司,商品型ETF,,,42617274.44,844200,3764830,4.459,4.4596422648661,-0.029146022
2023-07-26,518890.SH,中银黄金,20200928,,上海黄金交易所上海金集中定价合约(合约代码:SHAU)午盘基准价格收益率,中银基金管理有限公司,招商银行股份有限公司,商品型ETF,,,41434665.08,326800,1461855,4.475,4.4732405140759,-0.046905363
2023-07-27,518890.SH,中银黄金,20200928,,上海黄金交易所上海金集中定价合约(合约代码:SHAU)午盘基准价格收益率,中银基金管理有限公司,招商银行股份有限公司,商品型ETF,,,41533691.44,491100,2202389,4.485,4.4846039503156,-0.062391372
2023-07-28,518890.SH,中银黄金,20200928,,上海黄金交易所上海金集中定价合约(合约代码:SHAU)午盘基准价格收益率,中银基金管理有限公司,招商银行股份有限公司,商品型ETF,,,41219953.72,299900,1333968,4.448,4.4480426808936,-0.132468174
2023-07-31,518890.SH,中银黄金,20200928,,上海黄金交易所上海金集中定价合约(合约代码:SHAU)午盘基准价格收益率,中银基金管理有限公司,招商银行股份有限公司,商品型ETF,,,41221804.68,69000,306854,4.448,4.4471594202899,-0.136952471
2023-08-01,518890.SH,中银黄金,20200928,,上海黄金交易所上海金集中定价合约(合约代码:SHAU)午盘基准价格收益率,中银基金管理有限公司,招商银行股份有限公司,商品型ETF,,,41347669.96,260813,1164343,4.463,4.4642828386622,-0.105199543
2023-08-02,518890.SH,中银黄金,20200928,,上海黄金交易所上海金集中定价合约(合约代码:SHAU)午盘基准价格收益率,中银基金管理有限公司,招商银行股份有限公司,商品型ETF,,,41318054.6,759500,3383875,4.459,4.4553982883476,-0.123194087
2023-08-03,518890.SH,中银黄金,20200928,,上海黄金交易所上海金集中定价合约(合约代码:SHAU)午盘基准价格收益率,中银基金管理有限公司,招商银行股份有限公司,商品型ETF,,,41146840.8,680519,3021627,4.439,4.4401802153944,-0.157444894
2023-08-04,518890.SH,中银黄金,20200928,,上海黄金交易所上海金集中定价合约(合约代码:SHAU)午盘基准价格收益率,中银基金管理有限公司,招商银行股份有限公司,商品型ETF,,,41091312.0,358903,1590837,4.432,4.4324984745182,-0.18018018
2023-08-07,518890.SH,中银黄金,20200928,,上海黄金交易所上海金集中定价合约(合约代码:SHAU)午盘基准价格收益率,中银基金管理有限公司,招商银行股份有限公司,商品型ETF,,,41194040.28,727500,3233782,4.444,4.4450611683849,-0.159511132
2023-08-08,518890.SH,中银黄金,20200928,,上海黄金交易所上海金集中定价合约(合约代码:SHAU)午盘基准价格收益率,中银基金管理有限公司,招商银行股份有限公司,商品型ETF,,,41206071.52,477900,2124477,4.444,4.4454425612053,-0.188662294
2023-08-09,518890.SH,中银黄金,20200928,,上海黄金交易所上海金集中定价合约(合约代码:SHAU)午盘基准价格收益率,中银基金管理有限公司,招商银行股份有限公司,商品型ETF,,,41168126.84,539500,2396142,4.439,4.4414124189064,-0.209068633
2023-08-10,518890.SH,中银黄金,20200928,,上海黄金交易所上海金集中定价合约(合约代码:SHAU)午盘基准价格收益率,中银基金管理有限公司,招商银行股份有限公司,商品型ETF,,,41043187.04,814400,3602772,4.426,4.4238359528487,-0.198430594
2023-08-11,518890.SH,中银黄金,20200928,,上海黄金交易所上海金集中定价合约(合约代码:SHAU)午盘基准价格收益率,中银基金管理有限公司,招商银行股份有限公司,商品型ETF,,,41201444.12,1211700,5376163,4.439,4.4368762895106,-0.289763921
2023-08-14,518890.SH,中银黄金,20200928,,上海黄金交易所上海金集中定价合约(合约代码:SHAU)午盘基准价格收益率,中银基金管理有限公司,招商银行股份有限公司,商品型ETF,,,41260674.84,927100,4123365,4.452,4.4475946499838,-0.141309468
2023-08-15,518890.SH,中银黄金,20200928,,上海黄金交易所上海金集中定价合约(合约代码:SHAU)午盘基准价格收益率,中银基金管理有限公司,招商银行股份有限公司,商品型ETF,,,39924080.32,559500,2488895,4.451,4.4484271671135,-0.165978826
2023-08-16,518890.SH,中银黄金,20200928,,上海黄金交易所上海金集中定价合约(合约代码:SHAU)午盘基准价格收益率,中银基金管理有限公司,招商银行股份有限公司,商品型ETF,,,40022583.12,403200,1800161,4.467,4.4646850198413,-0.053698483
2023-08-17,518890.SH,中银黄金,20200928,,上海黄金交易所上海金集中定价合约(合约代码:SHAU)午盘基准价格收益率,中银基金管理有限公司,招商银行股份有限公司,商品型ETF,,,38687821.48,961200,4290329,4.466,4.4635133166875,-0.091720543
2023-08-18,518890.SH,中银黄金,20200928,,上海黄金交易所上海金集中定价合约(合约代码:SHAU)午盘基准价格收益率,中银基金管理有限公司,招商银行股份有限公司,商品型ETF,,,37239014.56,308000,1371142,4.451,4.4517597402597,-0.139100781
2023-08-21,518890.SH,中银黄金,20200928,,上海黄金交易所上海金集中定价合约(合约代码:SHAU)午盘基准价格收益率,中银基金管理有限公司,招商银行股份有限公司,商品型ETF,,,37385223.56,639100,2855731,4.469,4.4683633234236,-0.127382841
2023-08-22,518890.SH,中银黄金,20200928,,上海黄金交易所上海金集中定价合约(合约代码:SHAU)午盘基准价格收益率,中银基金管理有限公司,招商银行股份有限公司,商品型ETF,,,37355981.76,379700,1696816,4.47,4.468833289439,-0.026838433
2023-08-23,518890.SH,中银黄金,20200928,,上海黄金交易所上海金集中定价合约(合约代码:SHAU)午盘基准价格收益率,中银基金管理有限公司,招商银行股份有限公司,商品型ETF,,,50906974.84,831100,3721113,4.479,4.4773348574179,-0.095911494
2023-08-24,518890.SH,中银黄金,20200928,,上海黄金交易所上海金集中定价合约(合约代码:SHAU)午盘基准价格收益率,中银基金管理有限公司,招商银行股份有限公司,商品型ETF,,,51067077.52,735100,3306239,4.498,4.4976724255203,0.013341041
2023-08-25,518890.SH,中银黄金,20200928,,上海黄金交易所上海金集中定价合约(合约代码:SHAU)午盘基准价格收益率,中银基金管理有限公司,招商银行股份有限公司,商品型ETF,,,50929684.44,266600,1196229,4.485,4.4869804951238,-0.006688516
2023-08-28,518890.SH,中银黄金,20200928,,上海黄金交易所上海金集中定价合约(合约代码:SHAU)午盘基准价格收益率,中银基金管理有限公司,招商银行股份有限公司,商品型ETF,,,50950123.08,586200,2631465,4.512,4.489022517912,0.554924116
2023-08-29,518890.SH,中银黄金,20200928,,上海黄金交易所上海金集中定价合约(合约代码:SHAU)午盘基准价格收益率,中银基金管理有限公司,招商银行股份有限公司,商品型ETF,,,52468744.12,648200,2920602,4.504,4.5057112002468,0.046646971
2023-08-30,518890.SH,中银黄金,20200928,,上海黄金交易所上海金集中定价合约(合约代码:SHAU)午盘基准价格收益率,中银基金管理有限公司,招商银行股份有限公司,商品型ETF,,,40435399.4,604819,2729717,4.513,4.5132791793909,-0.055364854
2023-08-31,518890.SH,中银黄金,20200928,,上海黄金交易所上海金集中定价合约(合约代码:SHAU)午盘基准价格收益率,中银基金管理有限公司,招商银行股份有限公司,商品型ETF,,,40566139.48,66200,299487,4.524,4.5239728096677,-0.134654864
2023-09-01,518890.SH,中银黄金,20200928,,上海黄金交易所上海金集中定价合约(合约代码:SHAU)午盘基准价格收益率,中银基金管理有限公司,招商银行股份有限公司,商品型ETF,,,40521365.48,1233600,5569605,4.518,4.5149197470817,-0.15690261
2023-09-04,518890.SH,中银黄金,20200928,,上海黄金交易所上海金集中定价合约(合约代码:SHAU)午盘基准价格收益率,中银基金管理有限公司,招商银行股份有限公司,商品型ETF,,,40714789.16,1632300,7415003,4.542,4.542671690253,-0.103371676
2023-09-05,518890.SH,中银黄金,20200928,,上海黄金交易所上海金集中定价合约(合约代码:SHAU)午盘基准价格收益率,中银基金管理有限公司,招商银行股份有限公司,商品型ETF,,,39382801.92,1062400,4830702,4.555,4.5469710090361,0.101090014
2023-09-06,518890.SH,中银黄金,20200928,,上海黄金交易所上海金集中定价合约(合约代码:SHAU)午盘基准价格收益率,中银基金管理有限公司,招商银行股份有限公司,商品型ETF,,,39298850.36,1172500,5333119,4.545,4.5485023454158,0.094699055
2023-09-07,518890.SH,中银黄金,20200928,,上海黄金交易所上海金集中定价合约(合约代码:SHAU)午盘基准价格收益率,中银基金管理有限公司,招商银行股份有限公司,商品型ETF,,,39281540.76,20300,92174,4.539,4.5405911330049,0.006609822
2023-09-08,518890.SH,中银黄金,20200928,,上海黄金交易所上海金集中定价合约(合约代码:SHAU)午盘基准价格收益率,中银基金管理有限公司,招商银行股份有限公司,商品型ETF,,,39526471.6,194000,885677,4.56,4.5653453608247,-0.153273484
2023-09-11,518890.SH,中银黄金,20200928,,上海黄金交易所上海金集中定价合约(合约代码:SHAU)午盘基准价格收益率,中银基金管理有限公司,招商银行股份有限公司,商品型ETF,,,39565418.2,900606,4122312,4.574,4.5772646418078,0.054686646
2023-09-12,518890.SH,中银黄金,20200928,,上海黄金交易所上海金集中定价合约(合约代码:SHAU)午盘基准价格收益率,中银基金管理有限公司,招商银行股份有限公司,商品型ETF,,,39623405.36,67100,307056,4.574,4.5760953800298,-0.091739111
2023-09-13,518890.SH,中银黄金,20200928,,上海黄金交易所上海金集中定价合约(合约代码:SHAU)午盘基准价格收益率,中银基金管理有限公司,招商银行股份有限公司,商品型ETF,,,39738514.2,248600,1140577,4.586,4.5880008045052,-0.119786562
2023-09-14,518890.SH,中银黄金,20200928,,上海黄金交易所上海金集中定价合约(合约代码:SHAU)午盘基准价格收益率,中银基金管理有限公司,招商银行股份有限公司,商品型ETF,,,40122787.32,525356,2425753,4.627,4.6173509011033,-0.191979982
2023-09-15,518890.SH,中银黄金,20200928,,上海黄金交易所上海金集中定价合约(合约代码:SHAU)午盘基准价格收益率,中银基金管理有限公司,招商银行股份有限公司,商品型ETF,,,41150887.92,736700,3418867,4.576,4.6407859372879,-0.422161292
2023-09-18,518890.SH,中银黄金,20200928,,上海黄金交易所上海金集中定价合约(合约代码:SHAU)午盘基准价格收益率,中银基金管理有限公司,招商银行股份有限公司,商品型ETF,,,40921645.04,703200,3216999,4.574,4.5747994880546,0.091907742
2023-09-19,518890.SH,中银黄金,20200928,,上海黄金交易所上海金集中定价合约(合约代码:SHAU)午盘基准价格收益率,中银基金管理有限公司,招商银行股份有限公司,商品型ETF,,,42582260.28,3451700,15838777,4.6,4.5886887620593,-0.023907327
2023-09-20,518890.SH,中银黄金,20200928,,上海黄金交易所上海金集中定价合约(合约代码:SHAU)午盘基准价格收益率,中银基金管理有限公司,招商银行股份有限公司,商品型ETF,,,41448187.28,209206,966499,4.619,4.619843599132,-0.207406127
2023-09-21,518890.SH,中银黄金,20200928,,上海黄金交易所上海金集中定价合约(合约代码:SHAU)午盘基准价格收益率,中银基金管理有限公司,招商银行股份有限公司,商品型ETF,,,41356848.32,576500,2669826,4.627,4.6310945359931,0.186211675
2023-09-22,518890.SH,中银黄金,20200928,,上海黄金交易所上海金集中定价合约(合约代码:SHAU)午盘基准价格收益率,中银基金管理有限公司,招商银行股份有限公司,商品型ETF,,,42636863.6,704700,3246035,4.596,4.6062650773379,-0.238767094
2023-09-25,518890.SH,中银黄金,20200928,,上海黄金交易所上海金集中定价合约(合约代码:SHAU)午盘基准价格收益率,中银基金管理有限公司,招商银行股份有限公司,商品型ETF,,,42858978.8,841963,3881467,4.61,4.6100208679004,-0.453465774
2023-09-26,518890.SH,中银黄金,20200928,,上海黄金交易所上海金集中定价合约(合约代码:SHAU)午盘基准价格收益率,中银基金管理有限公司,招商银行股份有限公司,商品型ETF,,,41476842.64,637000,2938808,4.612,4.6135133437991,-0.427479598
2023-09-27,518890.SH,中银黄金,20200928,,上海黄金交易所上海金集中定价合约(合约代码:SHAU)午盘基准价格收益率,中银基金管理有限公司,招商银行股份有限公司,商品型ETF,,,40791800.44,704900,3245503,4.571,4.6042034331111,0.344653481
2023-09-28,518890.SH,中银黄金,20200928,,上海黄金交易所上海金集中定价合约(合约代码:SHAU)午盘基准价格收益率,中银基金管理有限公司,招商银行股份有限公司,商品型ETF,,,39385896.84,1231132,5539298,4.49,4.4993534405734,2.084896437
2023-10-09,518890.SH,中银黄金,20200928,,上海黄金交易所上海金集中定价合约(合约代码:SHAU)午盘基准价格收益率,中银基金管理有限公司,招商银行股份有限公司,商品型ETF,,,42424267.48,3870506,17155177,4.434,4.4322827557947,-0.137384293
2023-10-10,518890.SH,中银黄金,20200928,,上海黄金交易所上海金集中定价合约(合约代码:SHAU)午盘基准价格收益率,中银基金管理有限公司,招商银行股份有限公司,商品型ETF,,,43184719.08,2416600,10627547,4.384,4.3977269717785,0.043358207
2023-10-11,518890.SH,中银黄金,20200928,,上海黄金交易所上海金集中定价合约(合约代码:SHAU)午盘基准价格收益率,中银基金管理有限公司,招商银行股份有限公司,商品型ETF,,,43382800.56,1379400,6043400,4.385,4.3811802232855,-0.390713734
2023-10-12,518890.SH,中银黄金,20200928,,上海黄金交易所上海金集中定价合约(合约代码:SHAU)午盘基准价格收益率,中银基金管理有限公司,招商银行股份有限公司,商品型ETF,,,43628185.08,1425250,6288385,4.418,4.4121276968953,-0.205552167
2023-10-13,518890.SH,中银黄金,20200928,,上海黄金交易所上海金集中定价合约(合约代码:SHAU)午盘基准价格收益率,中银基金管理有限公司,招商银行股份有限公司,商品型ETF,,,43787832.84,819800,3625667,4.433,4.4226238106855,-0.231809691
2023-10-16,518890.SH,中银黄金,20200928,,上海黄金交易所上海金集中定价合约(合约代码:SHAU)午盘基准价格收益率,中银基金管理有限公司,招商银行股份有限公司,商品型ETF,,,43136100.08,1694623,7627106,4.492,4.500768607531,-0.50059806
2023-10-17,518890.SH,中银黄金,20200928,,上海黄金交易所上海金集中定价合约(合约代码:SHAU)午盘基准价格收益率,中银基金管理有限公司,招商银行股份有限公司,商品型ETF,,,43226870.68,704741,3176360,4.511,4.5071309885476,-0.289560355
2023-10-18,518890.SH,中银黄金,20200928,,上海黄金交易所上海金集中定价合约(合约代码:SHAU)午盘基准价格收益率,中银基金管理有限公司,招商银行股份有限公司,商品型ETF,,,43521158.52,2236800,10184457,4.556,4.5531370708155,0.024149817
2023-10-19,518890.SH,中银黄金,20200928,,上海黄金交易所上海金集中定价合约(合约代码:SHAU)午盘基准价格收益率,中银基金管理有限公司,招商银行股份有限公司,商品型ETF,,,43806847.04,1074451,4925080,4.585,4.5838107089109,0.00436224
2023-10-20,518890.SH,中银黄金,20200928,,上海黄金交易所上海金集中定价合约(合约代码:SHAU)午盘基准价格收益率,中银基金管理有限公司,招商银行股份有限公司,商品型ETF,,,45677983.48,2271341,10542641,4.637,4.6415932262043,0.040991564
2023-10-23,518890.SH,中银黄金,20200928,,上海黄金交易所上海金集中定价合约(合约代码:SHAU)午盘基准价格收益率,中银基金管理有限公司,招商银行股份有限公司,商品型ETF,,,48355540.96,2094800,9691083,4.62,4.6262569219019,-0.112427571
2023-10-24,518890.SH,中银黄金,20200928,,上海黄金交易所上海金集中定价合约(合约代码:SHAU)午盘基准价格收益率,中银基金管理有限公司,招商银行股份有限公司,商品型ETF,,,48266675.16,1164481,5365345,4.611,4.6074989630574,-0.123464813
2023-10-25,518890.SH,中银黄金,20200928,,上海黄金交易所上海金集中定价合约(合约代码:SHAU)午盘基准价格收益率,中银基金管理有限公司,招商银行股份有限公司,商品型ETF,,,48200809.92,465300,2141721,4.598,4.6028820116054,-0.26895714
2023-10-26,518890.SH,中银黄金,20200928,,上海黄金交易所上海金集中定价合约(合约代码:SHAU)午盘基准价格收益率,中银基金管理有限公司,招商银行股份有限公司,商品型ETF,,,49862479.24,944900,4366450,4.621,4.6210710128056,-0.330004529
2023-10-27,518890.SH,中银黄金,20200928,,上海黄金交易所上海金集中定价合约(合约代码:SHAU)午盘基准价格收益率,中银基金管理有限公司,招商银行股份有限公司,商品型ETF,,,49885064.32,848900,3925221,4.633,4.6238909176581,-0.116419455
2023-10-30,518890.SH,中银黄金,20200928,,上海黄金交易所上海金集中定价合约(合约代码:SHAU)午盘基准价格收益率,中银基金管理有限公司,招商银行股份有限公司,商品型ETF,,,48740277.6,1331600,6209546,4.636,4.6632216881947,-0.557700558
2023-10-31,518890.SH,中银黄金,20200928,,上海黄金交易所上海金集中定价合约(合约代码:SHAU)午盘基准价格收益率,中银基金管理有限公司,招商银行股份有限公司,商品型ETF,,,48776869.4,413600,1923282,4.655,4.6501015473888,-0.225056264
2023-11-01,518890.SH,中银黄金,20200928,,上海黄金交易所上海金集中定价合约(合约代码:SHAU)午盘基准价格收益率,中银基金管理有限公司,招商银行股份有限公司,商品型ETF,,,48552091.2,1331300,6170201,4.636,4.6347186960114,-0.172265289
2023-11-02,518890.SH,中银黄金,20200928,,上海黄金交易所上海金集中定价合约(合约代码:SHAU)午盘基准价格收益率,中银基金管理有限公司,招商银行股份有限公司,商品型ETF,,,48629456.72,1884295,8751653,4.647,4.6445238139463,-0.094595176
2023-11-03,518890.SH,中银黄金,20200928,,上海黄金交易所上海金集中定价合约(合约代码:SHAU)午盘基准价格收益率,中银基金管理有限公司,招商银行股份有限公司,商品型ETF,,,47233021.24,1289313,5985169,4.641,4.6421380999028,-0.221443467
2023-11-06,518890.SH,中银黄金,20200928,,上海黄金交易所上海金集中定价合约(合约代码:SHAU)午盘基准价格收益率,中银基金管理有限公司,招商银行股份有限公司,商品型ETF,,,47024847.84,1468400,6804671,4.62,4.6340717788069,-0.233221042
2023-11-07,518890.SH,中银黄金,20200928,,上海黄金交易所上海金集中定价合约(合约代码:SHAU)午盘基准价格收益率,中银基金管理有限公司,招商银行股份有限公司,商品型ETF,,,48216492.12,1376100,6344309,4.607,4.6103546253906,-0.106246883
2023-11-08,518890.SH,中银黄金,20200928,,上海黄金交易所上海金集中定价合约(合约代码:SHAU)午盘基准价格收益率,中银基金管理有限公司,招商银行股份有限公司,商品型ETF,,,49376362.28,917900,4214040,4.59,4.5909576206558,-0.0239594
2023-11-09,518890.SH,中银黄金,20200928,,上海黄金交易所上海金集中定价合约(合约代码:SHAU)午盘基准价格收益率,中银基金管理有限公司,招商银行股份有限公司,商品型ETF,,,50455212.68,948100,4322605,4.559,4.5592289842844,-0.111741636
2023-11-10,518890.SH,中银黄金,20200928,,上海黄金交易所上海金集中定价合约(合约代码:SHAU)午盘基准价格收益率,中银基金管理有限公司,招商银行股份有限公司,商品型ETF,,,49358079.12,971500,4452302,4.579,4.5829150797735,-0.226609143
2023-11-13,518890.SH,中银黄金,20200928,,上海黄金交易所上海金集中定价合约(合约代码:SHAU)午盘基准价格收益率,中银基金管理有限公司,招商银行股份有限公司,商品型ETF,,,49175247.52,1976500,9021204,4.569,4.5642317227422,-0.074359199
2023-11-14,518890.SH,中银黄金,20200928,,上海黄金交易所上海金集中定价合约(合约代码:SHAU)午盘基准价格收益率,中银基金管理有限公司,招商银行股份有限公司,商品型ETF,,,47987532.0,1357700,6221101,4.595,4.5820880901525,0.108932462
2023-11-15,518890.SH,中银黄金,20200928,,上海黄金交易所上海金集中定价合约(合约代码:SHAU)午盘基准价格收益率,中银基金管理有限公司,招商银行股份有限公司,商品型ETF,,,46763869.48,802319,3692398,4.603,4.6021569974038,-0.045601616
2023-11-16,518890.SH,中银黄金,20200928,,上海黄金交易所上海金集中定价合约(合约代码:SHAU)午盘基准价格收益率,中银基金管理有限公司,招商银行股份有限公司,商品型ETF,,,46623733.24,926800,4253523,4.592,4.5894723780751,0.015246227
2023-11-17,518890.SH,中银黄金,20200928,,上海黄金交易所上海金集中定价合约(合约代码:SHAU)午盘基准价格收益率,中银基金管理有限公司,招商银行股份有限公司,商品型ETF,,,45351789.6,770100,3549348,4.606,4.608944292949,0.086918731
2023-11-20,518890.SH,中银黄金,20200928,,上海黄金交易所上海金集中定价合约(合约代码:SHAU)午盘基准价格收益率,中银基金管理有限公司,招商银行股份有限公司,商品型ETF,,,44928033.2,581400,2659313,4.563,4.5739817681459,0.087738539
2023-11-21,518890.SH,中银黄金,20200928,,上海黄金交易所上海金集中定价合约(合约代码:SHAU)午盘基准价格收益率,中银基金管理有限公司,招商银行股份有限公司,商品型ETF,,,44823572.32,397300,1804447,4.549,4.5417744777246,0.013191452
2023-11-22,518890.SH,中银黄金,20200928,,上海黄金交易所上海金集中定价合约(合约代码:SHAU)午盘基准价格收益率,中银基金管理有限公司,招商银行股份有限公司,商品型ETF,,,44663924.56,402300,1827797,4.525,4.5433681332339,-0.158863245
2023-11-23,518890.SH,中银黄金,20200928,,上海黄金交易所上海金集中定价合约(合约代码:SHAU)午盘基准价格收益率,中银基金管理有限公司,招商银行股份有限公司,商品型ETF,,,44614650.56,576100,2608333,4.527,4.5275698663426,-0.004417742
2023-11-24,518890.SH,中银黄金,20200928,,上海黄金交易所上海金集中定价合约(合约代码:SHAU)午盘基准价格收益率,中银基金管理有限公司,招商银行股份有限公司,商品型ETF,,,44659982.64,315800,1430300,4.533,4.5291323622546,0.026479545
2023-11-27,518890.SH,中银黄金,20200928,,上海黄金交易所上海金集中定价合约(合约代码:SHAU)午盘基准价格收益率,中银基金管理有限公司,招商银行股份有限公司,商品型ETF,,,45077826.16,1753900,8016114,4.577,4.5704509949256,0.06121289
2023-11-28,518890.SH,中银黄金,20200928,,上海黄金交易所上海金集中定价合约(合约代码:SHAU)午盘基准价格收益率,中银基金管理有限公司,招商银行股份有限公司,商品型ETF,,,43944436.16,569200,2608108,4.597,4.5820590302178,-0.047834406
2023-11-29,518890.SH,中银黄金,20200928,,上海黄金交易所上海金集中定价合约(合约代码:SHAU)午盘基准价格收益率,中银基金管理有限公司,招商银行股份有限公司,商品型ETF,,,44180439.72,840800,3889933,4.625,4.6264664605138,0.023789442
2023-11-30,518890.SH,中银黄金,20200928,,上海黄金交易所上海金集中定价合约(合约代码:SHAU)午盘基准价格收益率,中银基金管理有限公司,招商银行股份有限公司,商品型ETF,,,44193816.44,270600,1250878,4.634,4.6226090169993,0.188095907
2023-12-01,518890.SH,中银黄金,20200928,,上海黄金交易所上海金集中定价合约(合约代码:SHAU)午盘基准价格收益率,中银基金管理有限公司,招商银行股份有限公司,商品型ETF,,,44211015.08,471800,2181238,4.621,4.6232259431963,-0.131832033
2023-12-04,518890.SH,中银黄金,20200928,,上海黄金交易所上海金集中定价合约(合约代码:SHAU)午盘基准价格收益率,中银基金管理有限公司,招商银行股份有限公司,商品型ETF,,,46183534.72,2527100,11870660,4.675,4.6973447825571,-0.243257084
2023-12-05,518890.SH,中银黄金,20200928,,上海黄金交易所上海金集中定价合约(合约代码:SHAU)午盘基准价格收益率,中银基金管理有限公司,招商银行股份有限公司,商品型ETF,,,45489756.8,739919,3413017,4.61,4.6126900376933,-0.129982669
2023-12-06,518890.SH,中银黄金,20200928,,上海黄金交易所上海金集中定价合约(合约代码:SHAU)午盘基准价格收益率,中银基金管理有限公司,招商银行股份有限公司,商品型ETF,,,45414860.32,421200,1936521,4.6,4.5976282051282,-0.182275844
2023-12-07,518890.SH,中银黄金,20200928,,上海黄金交易所上海金集中定价合约(合约代码:SHAU)午盘基准价格收益率,中银基金管理有限公司,招商银行股份有限公司,商品型ETF,,,45479902.0,603171,2780918,4.61,4.6104968574418,-0.108342362
2023-12-08,518890.SH,中银黄金,20200928,,上海黄金交易所上海金集中定价合约(合约代码:SHAU)午盘基准价格收益率,中银基金管理有限公司,招商银行股份有限公司,商品型ETF,,,45548885.6,236600,1092463,4.617,4.6173415046492,-0.108178278
2023-12-11,518890.SH,中银黄金,20200928,,上海黄金交易所上海金集中定价合约(合约代码:SHAU)午盘基准价格收益率,中银基金管理有限公司,招商银行股份有限公司,商品型ETF,,,45251270.64,386200,1768532,4.58,4.5793164163646,-0.256979834
2023-12-12,518890.SH,中银黄金,20200928,,上海黄金交易所上海金集中定价合约(合约代码:SHAU)午盘基准价格收益率,中银基金管理有限公司,招商银行股份有限公司,商品型ETF,,,45023624.76,866900,3946001,4.562,4.551852578152,-0.146650032
2023-12-13,518890.SH,中银黄金,20200928,,上海黄金交易所上海金集中定价合约(合约代码:SHAU)午盘基准价格收益率,中银基金管理有限公司,招商银行股份有限公司,商品型ETF,,,45025595.72,519400,2366364,4.554,4.5559568733154,-0.326117884
2023-12-14,518890.SH,中银黄金,20200928,,上海黄金交易所上海金集中定价合约(合约代码:SHAU)午盘基准价格收益率,中银基金管理有限公司,招商银行股份有限公司,商品型ETF,,,45643491.68,548100,2532781,4.629,4.621019886882,-0.056136108
2023-12-15,518890.SH,中银黄金,20200928,,上海黄金交易所上海金集中定价合约(合约代码:SHAU)午盘基准价格收益率,中银基金管理有限公司,招商银行股份有限公司,商品型ETF,,,45589290.28,684700,3160591,4.624,4.6160230757996,-0.045394609
2023-12-18,518890.SH,中银黄金,20200928,,上海黄金交易所上海金集中定价合约(合约代码:SHAU)午盘基准价格收益率,中银基金管理有限公司,招商银行股份有限公司,商品型ETF,,,45541987.24,528400,2435651,4.616,4.60948334595,-0.114686344
2023-12-19,518890.SH,中银黄金,20200928,,上海黄金交易所上海金集中定价合约(合约代码:SHAU)午盘基准价格收益率,中银基金管理有限公司,招商银行股份有限公司,商品型ETF,,,45580420.96,510100,2356469,4.619,4.6196216428151,-0.134048257
2023-12-20,518890.SH,中银黄金,20200928,,上海黄金交易所上海金集中定价合约(合约代码:SHAU)午盘基准价格收益率,中银基金管理有限公司,招商银行股份有限公司,商品型ETF,,,45783429.84,212400,982947,4.639,4.6278107344633,-0.146368763
2023-12-21,518890.SH,中银黄金,20200928,,上海黄金交易所上海金集中定价合约(合约代码:SHAU)午盘基准价格收益率,中银基金管理有限公司,招商银行股份有限公司,商品型ETF,,,45730213.92,407100,1885054,4.632,4.6304446082044,-0.181018878
2023-12-22,518890.SH,中银黄金,20200928,,上海黄金交易所上海金集中定价合约(合约代码:SHAU)午盘基准价格收益率,中银基金管理有限公司,招商银行股份有限公司,商品型ETF,,,45991366.12,362900,1692895,4.66,4.6649076880683,-0.14784975
2023-12-25,518890.SH,中银黄金,20200928,,上海黄金交易所上海金集中定价合约(合约代码:SHAU)午盘基准价格收益率,中银基金管理有限公司,招商银行股份有限公司,商品型ETF,,,45999249.96,379400,1769365,4.675,4.6635872430153,0.156393941
2023-12-26,518890.SH,中银黄金,20200928,,上海黄金交易所上海金集中定价合约(合约代码:SHAU)午盘基准价格收益率,中银基金管理有限公司,招商银行股份有限公司,商品型ETF,,,46209157.2,359100,1677755,4.686,4.6721108326371,-0.063979527
2023-12-27,518890.SH,中银黄金,20200928,,上海黄金交易所上海金集中定价合约(合约代码:SHAU)午盘基准价格收益率,中银基金管理有限公司,招商银行股份有限公司,商品型ETF,,,46262373.12,759300,3555944,4.688,4.6831871460556,-0.136332652
2023-12-28,518890.SH,中银黄金,20200928,,上海黄金交易所上海金集中定价合约(合约代码:SHAU)午盘基准价格收益率,中银基金管理有限公司,招商银行股份有限公司,商品型ETF,,,46320516.44,308400,1450719,4.695,4.7040175097276,-0.11275876
2023-12-29,518890.SH,中银黄金,20200928,,上海黄金交易所上海金集中定价合约(合约代码:SHAU)午盘基准价格收益率,中银基金管理有限公司,招商银行股份有限公司,商品型ETF,,,46154955.8,667400,3115369,4.678,4.6679187893317,-0.117433543
2024-01-02,518890.SH,中银黄金,20200928,,上海黄金交易所上海金集中定价合约(合约代码:SHAU)午盘基准价格收益率,中银基金管理有限公司,招商银行股份有限公司,商品型ETF,,,46287995.6,405700,1901583,4.704,4.6871653931476,0.149031297
2024-01-03,518890.SH,中银黄金,20200928,,上海黄金交易所上海金集中定价合约(合约代码:SHAU)午盘基准价格收益率,中银基金管理有限公司,招商银行股份有限公司,商品型ETF,,,46288981.08,862800,4047003,4.692,4.6905458970793,-0.108577633
2024-01-04,518890.SH,中银黄金,20200928,,上海黄金交易所上海金集中定价合约(合约代码:SHAU)午盘基准价格收益率,中银基金管理有限公司,招商银行股份有限公司,商品型ETF,,,46148057.44,390600,1823784,4.674,4.6691858678955,-0.187921756
2024-01-05,518890.SH,中银黄金,20200928,,上海黄金交易所上海金集中定价合约(合约代码:SHAU)午盘基准价格收益率,中银基金管理有限公司,招商银行股份有限公司,商品型ETF,,,46184520.2,1024600,4796100,4.681,4.6809486628928,-0.11735837
2024-01-08,518890.SH,中银黄金,20200928,,上海黄金交易所上海金集中定价合约(合约代码:SHAU)午盘基准价格收益率,中银基金管理有限公司,招商银行股份有限公司,商品型ETF,,,46250547.36,347400,1625335,4.682,4.6785693724813,-0.238643143
2024-01-09,518890.SH,中银黄金,20200928,,上海黄金交易所上海金集中定价合约(合约代码:SHAU)午盘基准价格收益率,中银基金管理有限公司,招商银行股份有限公司,商品型ETF,,,46016003.12,796006,3720148,4.671,4.6735175363,0.034265644
2024-01-10,518890.SH,中银黄金,20200928,,上海黄金交易所上海金集中定价合约(合约代码:SHAU)午盘基准价格收益率,中银基金管理有限公司,招商银行股份有限公司,商品型ETF,,,45947019.52,356400,1662694,4.664,4.6652469135802,0.03431709
2024-01-11,518890.SH,中银黄金,20200928,,上海黄金交易所上海金集中定价合约(合约代码:SHAU)午盘基准价格收益率,中银基金管理有限公司,招商银行股份有限公司,商品型ETF,,,47359956.24,738700,3442234,4.657,4.6598537972113,-0.145803851
2024-01-12,518890.SH,中银黄金,20200928,,上海黄金交易所上海金集中定价合约(合约代码:SHAU)午盘基准价格收益率,中银基金管理有限公司,招商银行股份有限公司,商品型ETF,,,47451349.44,901800,4206967,4.673,4.6650776225327,0.004280089
2024-01-15,518890.SH,中银黄金,20200928,,上海黄金交易所上海金集中定价合约(合约代码:SHAU)午盘基准价格收益率,中银基金管理有限公司,招商银行股份有限公司,商品型ETF,,,47711312.32,1196200,5613442,4.701,4.6927286406955,0.055337987
2024-01-16,518890.SH,中银黄金,20200928,,上海黄金交易所上海金集中定价合约(合约代码:SHAU)午盘基准价格收益率,中银基金管理有限公司,招商银行股份有限公司,商品型ETF,,,46358950.16,239300,1123287,4.697,4.6940534893439,-0.153054717
2024-01-17,518890.SH,中银黄金,20200928,,上海黄金交易所上海金集中定价合约(合约代码:SHAU)午盘基准价格收益率,中银基金管理有限公司,招商银行股份有限公司,商品型ETF,,,61457910.12,549006,2566211,4.656,4.6742858912289,-0.340332627
2024-01-18,518890.SH,中银黄金,20200928,,上海黄金交易所上海金集中定价合约(合约代码:SHAU)午盘基准价格收益率,中银基金管理有限公司,招商银行股份有限公司,商品型ETF,,,61221123.72,412552,1916146,4.644,4.6446169210184,-0.212724811
2024-01-19,518890.SH,中银黄金,20200928,,上海黄金交易所上海金集中定价合约(合约代码:SHAU)午盘基准价格收益率,中银基金管理有限公司,招商银行股份有限公司,商品型ETF,,,61464487.52,612900,2859942,4.667,4.6662457170827,-0.115572297
2024-01-22,518890.SH,中银黄金,20200928,,上海黄金交易所上海金集中定价合约(合约代码:SHAU)午盘基准价格收益率,中银基金管理有限公司,招商银行股份有限公司,商品型ETF,,,61303998.96,738500,3448421,4.653,4.6694935680433,-0.154499807
2024-01-23,518890.SH,中银黄金,20200928,,上海黄金交易所上海金集中定价合约(合约代码:SHAU)午盘基准价格收益率,中银基金管理有限公司,招商银行股份有限公司,商品型ETF,,,61303998.96,720900,3349035,4.652,4.6456304619226,-0.175958113
2024-01-24,518890.SH,中银黄金,20200928,,上海黄金交易所上海金集中定价合约(合约代码:SHAU)午盘基准价格收益率,中银基金管理有限公司,招商银行股份有限公司,商品型ETF,,,61303998.96,615400,2861725,4.652,4.6501868703282,-0.175958113
2024-01-25,518890.SH,中银黄金,20200928,,上海黄金交易所上海金集中定价合约(合约代码:SHAU)午盘基准价格收益率,中银基金管理有限公司,招商银行股份有限公司,商品型ETF,,,60988283.76,418100,1936174,4.629,4.6308873475245,-0.155299599
2024-01-26,518890.SH,中银黄金,20200928,,上海黄金交易所上海金集中定价合约(合约代码:SHAU)午盘基准价格收益率,中银基金管理有限公司,招商银行股份有限公司,商品型ETF,,,61267165.52,369831,1719008,4.65,4.6480906143617,-0.158886933
2024-01-29,518890.SH,中银黄金,20200928,,上海黄金交易所上海金集中定价合约(合约代码:SHAU)午盘基准价格收益率,中银基金管理有限公司,招商银行股份有限公司,商品型ETF,,,61411868.32,351800,1638577,4.658,4.6576947129051,-0.222774398
2024-01-30,518890.SH,中银黄金,20200928,,上海黄金交易所上海金集中定价合约(合约代码:SHAU)午盘基准价格收益率,中银基金管理有限公司,招商银行股份有限公司,商品型ETF,,,61555255.64,333100,1554093,4.667,4.665544881417,-0.262859829
2024-01-31,518890.SH,中银黄金,20200928,,上海黄金交易所上海金集中定价合约(合约代码:SHAU)午盘基准价格收益率,中银基金管理有限公司,招商银行股份有限公司,商品型ETF,,,46138202.64,442500,2068123,4.674,4.6737242937853,-0.166602589
2024-02-01,518890.SH,中银黄金,20200928,,上海黄金交易所上海金集中定价合约(合约代码:SHAU)午盘基准价格收益率,中银基金管理有限公司,招商银行股份有限公司,商品型ETF,,,46201273.36,228700,1071103,4.692,4.683441189331,0.081054563
2024-02-02,518890.SH,中银黄金,20200928,,上海黄金交易所上海金集中定价合约(合约代码:SHAU)午盘基准价格收益率,中银基金管理有限公司,招商银行股份有限公司,商品型ETF,,,46368804.96,451563,2121114,4.701,4.6972714770696,-0.089262943
2024-02-05,518890.SH,中银黄金,20200928,,上海黄金交易所上海金集中定价合约(合约代码:SHAU)午盘基准价格收益率,中银基金管理有限公司,招商银行股份有限公司,商品型ETF,,,46088928.64,300863,1407186,4.66,4.6771653543307,-0.359219979
2024-02-06,518890.SH,中银黄金,20200928,,上海黄金交易所上海金集中定价合约(合约代码:SHAU)午盘基准价格收益率,中银基金管理有限公司,招商银行股份有限公司,商品型ETF,,,45974612.96,280500,1308391,4.663,4.664495543672,-0.047157678
2024-02-07,518890.SH,中银黄金,20200928,,上海黄金交易所上海金集中定价合约(合约代码:SHAU)午盘基准价格收益率,中银基金管理有限公司,招商银行股份有限公司,商品型ETF,,,46091885.08,113500,530584,4.674,4.6747488986784,-0.066280387
2024-02-08,518890.SH,中银黄金,20200928,,上海黄金交易所上海金集中定价合约(合约代码:SHAU)午盘基准价格收益率,中银基金管理有限公司,招商银行股份有限公司,商品型ETF,,,46208171.72,113126,530309,4.689,4.6877729257642,0.002132696
2024-02-19,518890.SH,中银黄金,20200928,,上海黄金交易所上海金集中定价合约(合约代码:SHAU)午盘基准价格收益率,中银基金管理有限公司,招商银行股份有限公司,商品型ETF,,,46009104.76,344200,1603052,4.66,4.6573271353864,-0.186347377
2024-02-20,518890.SH,中银黄金,20200928,,上海黄金交易所上海金集中定价合约(合约代码:SHAU)午盘基准价格收益率,中银基金管理有限公司,招商银行股份有限公司,商品型ETF,,,45992351.6,332512,1549137,4.66,4.6588905062073,-0.149989286
2024-02-21,518890.SH,中银黄金,20200928,,上海黄金交易所上海金集中定价合约(合约代码:SHAU)午盘基准价格收益率,中银基金管理有限公司,招商银行股份有限公司,商品型ETF,,,45979540.36,481600,2246559,4.663,4.6647819767442,-0.05786913
2024-02-22,518890.SH,中银黄金,20200928,,上海黄金交易所上海金集中定价合约(合约代码:SHAU)午盘基准价格收益率,中银基金管理有限公司,招商银行股份有限公司,商品型ETF,,,45957859.8,443400,2063705,4.656,4.6542737934145,-0.160823416
2024-02-23,518890.SH,中银黄金,20200928,,上海黄金交易所上海金集中定价合约(合约代码:SHAU)午盘基准价格收益率,中银基金管理有限公司,招商银行股份有限公司,商品型ETF,,,45833689.32,289400,1346331,4.647,4.6521458189357,-0.083854738
2024-02-26,518890.SH,中银黄金,20200928,,上海黄金交易所上海金集中定价合约(合约代码:SHAU)午盘基准价格收益率,中银基金管理有限公司,招商银行股份有限公司,商品型ETF,,,46078088.36,305200,1425018,4.669,4.669128440367,-0.143294052
2024-02-27,518890.SH,中银黄金,20200928,,上海黄金交易所上海金集中定价合约(合约代码:SHAU)午盘基准价格收益率,中银基金管理有限公司,招商银行股份有限公司,商品型ETF,,,46044582.04,43031,200849,4.671,4.6675420046013,-0.027823556
2024-02-28,518890.SH,中银黄金,20200928,,上海黄金交易所上海金集中定价合约(合约代码:SHAU)午盘基准价格收益率,中银基金管理有限公司,招商银行股份有限公司,商品型ETF,,,46028814.36,128900,601355,4.661,4.6652831652444,-0.20767765
2024-02-29,518890.SH,中银黄金,20200928,,上海黄金交易所上海金集中定价合约(合约代码:SHAU)午盘基准价格收益率,中银基金管理有限公司,招商银行股份有限公司,商品型ETF,,,46082030.28,106000,494817,4.669,4.6680849056604,-0.151835932
2024-03-01,518890.SH,中银黄金,20200928,,上海黄金交易所上海金集中定价合约(合约代码:SHAU)午盘基准价格收益率,中银基金管理有限公司,招商银行股份有限公司,商品型ETF,,,46272227.92,124800,584955,4.687,4.6871394230769,-0.178898496
2024-03-04,518890.SH,中银黄金,20200928,,上海黄金交易所上海金集中定价合约(合约代码:SHAU)午盘基准价格收益率,中银基金管理有限公司,招商银行股份有限公司,商品型ETF,,,46853661.12,214962,1021129,4.749,4.7502767931076,-0.113579001
2024-03-05,518890.SH,中银黄金,20200928,,上海黄金交易所上海金集中定价合约(合约代码:SHAU)午盘基准价格收益率,中银基金管理有限公司,招商银行股份有限公司,商品型ETF,,,47537584.24,890300,4280935,4.815,4.8084185106144,-0.182428791
2024-03-06,518890.SH,中银黄金,20200928,,上海黄金交易所上海金集中定价合约(合约代码:SHAU)午盘基准价格收益率,中银基金管理有限公司,招商银行股份有限公司,商品型ETF,,,47826329.88,682800,3300890,4.847,4.8343438781488,-0.125692856
2024-03-07,518890.SH,中银黄金,20200928,,上海黄金交易所上海金集中定价合约(合约代码:SHAU)午盘基准价格收益率,中银基金管理有限公司,招商银行股份有限公司,商品型ETF,,,48375242.24,998112,4883265,4.896,4.8925020438588,-0.260756193
2024-03-08,518890.SH,中银黄金,20200928,,上海黄金交易所上海金集中定价合约(合约代码:SHAU)午盘基准价格收益率,中银基金管理有限公司,招商银行股份有限公司,商品型ETF,,,48377213.2,813200,3981112,4.901,4.8956123954747,-0.162965981
2024-03-11,518890.SH,中银黄金,20200928,,上海黄金交易所上海金集中定价合约(合约代码:SHAU)午盘基准价格收益率,中银基金管理有限公司,招商银行股份有限公司,商品型ETF,,,48604859.08,762900,3759261,4.921,4.9275933936296,-0.225056264
2024-03-12,518890.SH,中银黄金,20200928,,上海黄金交易所上海金集中定价合约(合约代码:SHAU)午盘基准价格收益率,中银基金管理有限公司,招商银行股份有限公司,商品型ETF,,,48400864.72,659600,3245202,4.904,4.9199545178896,-0.15066987
2024-03-13,518890.SH,中银黄金,20200928,,上海黄金交易所上海金集中定价合约(合约代码:SHAU)午盘基准价格收益率,中银基金管理有限公司,招商银行股份有限公司,商品型ETF,,,48322026.32,309001,1510928,4.891,4.889718803499,-0.252885753
2024-03-14,518890.SH,中银黄金,20200928,,上海黄金交易所上海金集中定价合约(合约代码:SHAU)午盘基准价格收益率,中银基金管理有限公司,招商银行股份有限公司,商品型ETF,,,48397908.28,270263,1327852,4.901,4.9131845646648,-0.205656574
2024-03-15,518890.SH,中银黄金,20200928,,上海黄金交易所上海金集中定价合约(合约代码:SHAU)午盘基准价格收益率,中银基金管理有限公司,招商银行股份有限公司,商品型ETF,,,48525035.2,564700,2772195,4.918,4.9091464494422,-0.121852153
2024-03-18,518890.SH,中银黄金,20200928,,上海黄金交易所上海金集中定价合约(合约代码:SHAU)午盘基准价格收益率,中银基金管理有限公司,招商银行股份有限公司,商品型ETF,,,48173218.84,193300,944099,4.879,4.8841127780652,-0.190250189
2024-03-19,518890.SH,中银黄金,20200928,,上海黄金交易所上海金集中定价合约(合约代码:SHAU)午盘基准价格收益率,中银基金管理有限公司,招商银行股份有限公司,商品型ETF,,,48255013.68,584700,2860783,4.891,4.8927364460407,-0.11436507
2024-03-20,518890.SH,中银黄金,20200928,,上海黄金交易所上海金集中定价合约(合约代码:SHAU)午盘基准价格收益率,中银基金管理有限公司,招商银行股份有限公司,商品型ETF,,,46847184.4,366100,1793208,4.898,4.8981371210052,-0.101978381
2024-03-21,518890.SH,中银黄金,20200928,,上海黄金交易所上海金集中定价合约(合约代码:SHAU)午盘基准价格收益率,中银基金管理有限公司,招商银行股份有限公司,商品型ETF,,,47738647.24,550313,2745464,4.994,4.988913581907,-0.046034065
2024-03-22,518890.SH,中银黄金,20200928,,上海黄金交易所上海金集中定价合约(合约代码:SHAU)午盘基准价格收益率,中银基金管理有限公司,招商银行股份有限公司,商品型ETF,,,47470157.36,1012800,5024425,4.969,4.9609251579779,0.016102411
2024-03-25,518890.SH,中银黄金,20200928,,上海黄金交易所上海金集中定价合约(合约代码:SHAU)午盘基准价格收益率,中银基金管理有限公司,招商银行股份有限公司,商品型ETF,,,44527743.0,173100,863254,4.981,4.9870248411323,0.170940171
2024-03-26,518890.SH,中银黄金,20200928,,上海黄金交易所上海金集中定价合约(合约代码:SHAU)午盘基准价格收益率,中银基金管理有限公司,招商银行股份有限公司,商品型ETF,,,44611918.12,325800,1623938,4.985,4.9844628606507,0.062225255
2024-03-27,518890.SH,中银黄金,20200928,,上海黄金交易所上海金集中定价合约(合约代码:SHAU)午盘基准价格收益率,中银基金管理有限公司,招商银行股份有限公司,商品型ETF,,,44817878.52,481100,2408211,5.003,5.0056350031179,-0.037962796
2024-03-28,518890.SH,中银黄金,20200928,,上海黄金交易所上海金集中定价合约(合约代码:SHAU)午盘基准价格收益率,中银基金管理有限公司,招商银行股份有限公司,商品型ETF,,,45099954.72,150000,754566,5.038,5.03044,0.031768724
2024-03-29,518890.SH,中银黄金,20200928,,上海黄金交易所上海金集中定价合约(合约代码:SHAU)午盘基准价格收益率,中银基金管理有限公司,招商银行股份有限公司,商品型ETF,,,46069759.56,523500,2684896,5.156,5.128741165234,0.219643517
2024-04-01,518890.SH,中银黄金,20200928,,上海黄金交易所上海金集中定价合约(合约代码:SHAU)午盘基准价格收益率,中银基金管理有限公司,招商银行股份有限公司,商品型ETF,,,46340194.52,450600,2335063,5.183,5.1821193963604,0.156524764
2024-04-02,518890.SH,中银黄金,20200928,,上海黄金交易所上海金集中定价合约(合约代码:SHAU)午盘基准价格收益率,中银基金管理有限公司,招商银行股份有限公司,商品型ETF,,,46374222.76,409900,2118778,5.18,5.1690119541352,0.025102825
2024-04-03,518890.SH,中银黄金,20200928,,上海黄金交易所上海金集中定价合约(合约代码:SHAU)午盘基准价格收益率,中银基金管理有限公司,招商银行股份有限公司,商品型ETF,,,46959866.68,1001600,5256017,5.248,5.2476208067093,0.074369291
2024-04-08,518890.SH,中银黄金,20200928,,上海黄金交易所上海金集中定价合约(合约代码:SHAU)午盘基准价格收益率,中银基金管理有限公司,招商银行股份有限公司,商品型ETF,,,48124886.16,4965200,26681957,5.372,5.373792999275,-0.040936325
2024-04-09,518890.SH,中银黄金,20200928,,上海黄金交易所上海金集中定价合约(合约代码:SHAU)午盘基准价格收益率,中银基金管理有限公司,招商银行股份有限公司,商品型ETF,,,49901881.6,1082600,5849091,5.396,5.4028182154074,0.074183976
2024-04-10,518890.SH,中银黄金,20200928,,上海黄金交易所上海金集中定价合约(合约代码:SHAU)午盘基准价格收益率,中银基金管理有限公司,招商银行股份有限公司,商品型ETF,,,51715355.0,1453100,7876842,5.418,5.420715711238,0.101616628
2024-04-11,518890.SH,中银黄金,20200928,,上海黄金交易所上海金集中定价合约(合约代码:SHAU)午盘基准价格收益率,中银基金管理有限公司,招商银行股份有限公司,商品型ETF,,,52987288.64,737744,3975877,5.376,5.3892366457741,-0.014878738
2024-04-12,518890.SH,中银黄金,20200928,,上海黄金交易所上海金集中定价合约(合约代码:SHAU)午盘基准价格收益率,中银基金管理有限公司,招商银行股份有限公司,商品型ETF,,,55984427.88,1862600,10260431,5.526,5.5086604746054,0.233988137
2024-04-15,518890.SH,中银黄金,20200928,,上海黄金交易所上海金集中定价合约(合约代码:SHAU)午盘基准价格收益率,中银基金管理有限公司,招商银行股份有限公司,商品型ETF,,,63424256.12,3486500,19010351,5.444,5.4525601606195,0.038589463
2024-04-16,518890.SH,中银黄金,20200928,,上海黄金交易所上海金集中定价合约(合约代码:SHAU)午盘基准价格收益率,中银基金管理有限公司,招商银行股份有限公司,商品型ETF,,,63861311.12,1496400,8228393,5.47,5.4987924351778,-0.17155163
2024-04-17,518890.SH,中银黄金,20200928,,上海黄金交易所上海金集中定价合约(合约代码:SHAU)午盘基准价格收益率,中银基金管理有限公司,招商银行股份有限公司,商品型ETF,,,63968535.28,1075131,5897011,5.481,5.4849232326107,-0.138468826
2024-04-18,518890.SH,中银黄金,20200928,,上海黄金交易所上海金集中定价合约(合约代码:SHAU)午盘基准价格收益率,中银基金管理有限公司,招商银行股份有限公司,商品型ETF,,,63712129.68,449700,2448176,5.46,5.4440204580832,-0.12073318
2024-04-19,518890.SH,中银黄金,20200928,,上海黄金交易所上海金集中定价合约(合约代码:SHAU)午盘基准价格收益率,中银基金管理有限公司,招商银行股份有限公司,商品型ETF,,,63988348.44,941800,5176151,5.488,5.4960193246974,-0.041892064
2024-04-22,518890.SH,中银黄金,20200928,,上海黄金交易所上海金集中定价合约(合约代码:SHAU)午盘基准价格收益率,中银基金管理有限公司,招商银行股份有限公司,商品型ETF,,,62888135.32,862700,4681192,5.396,5.4262107337429,0.001853259
2024-04-23,518890.SH,中银黄金,20200928,,上海黄金交易所上海金集中定价合约(合约代码:SHAU)午盘基准价格收益率,中银基金管理有限公司,招商银行股份有限公司,商品型ETF,,,61402148.32,1193519,6293971,5.258,5.2734568951144,-0.197403386
2024-04-24,518890.SH,中银黄金,20200928,,上海黄金交易所上海金集中定价合约(合约代码:SHAU)午盘基准价格收益率,中银基金管理有限公司,招商银行股份有限公司,商品型ETF,,,60392774.76,535109,2838491,5.31,5.3045099222775,-0.163573806
2024-04-25,518890.SH,中银黄金,20200928,,上海黄金交易所上海金集中定价合约(合约代码:SHAU)午盘基准价格收益率,中银基金管理有限公司,招商银行股份有限公司,商品型ETF,,,58742996.24,829500,4393909,5.303,5.2970572634117,-0.203244383
2024-04-26,518890.SH,中银黄金,20200928,,上海黄金交易所上海金集中定价合约(合约代码:SHAU)午盘基准价格收益率,中银基金管理有限公司,招商银行股份有限公司,商品型ETF,,,59165289.6,771900,4112168,5.339,5.3273325560306,-0.242899851
2024-04-29,518890.SH,中银黄金,20200928,,上海黄金交易所上海金集中定价合约(合约代码:SHAU)午盘基准价格收益率,中银基金管理有限公司,招商银行股份有限公司,商品型ETF,,,58827012.72,241400,1283113,5.317,5.3152982601491,-0.082685008
2024-04-30,518890.SH,中银黄金,20200928,,上海黄金交易所上海金集中定价合约(合约代码:SHAU)午盘基准价格收益率,中银基金管理有限公司,招商银行股份有限公司,商品型ETF,,,58662296.2,501800,2659419,5.301,5.2997588680749,-0.103646471
2024-05-06,518890.SH,中银黄金,20200928,,上海黄金交易所上海金集中定价合约(合约代码:SHAU)午盘基准价格收益率,中银基金管理有限公司,招商银行股份有限公司,商品型ETF,,,58343917.96,413200,2173271,5.271,5.2596103581801,-0.126949239
2024-05-07,518890.SH,中银黄金,20200928,,上海黄金交易所上海金集中定价合约(合约代码:SHAU)午盘基准价格收益率,中银基金管理有限公司,招商银行股份有限公司,商品型ETF,,,56884288.16,156300,827107,5.289,5.2917914267434,-0.00378129
2024-05-08,518890.SH,中银黄金,20200928,,上海黄金交易所上海金集中定价合约(合约代码:SHAU)午盘基准价格收益率,中银基金管理有限公司,招商银行股份有限公司,商品型ETF,,,56805778.12,216300,1141706,5.279,5.2783448913546,-0.054904485
2024-05-09,518890.SH,中银黄金,20200928,,上海黄金交易所上海金集中定价合约(合约代码:SHAU)午盘基准价格收益率,中银基金管理有限公司,招商银行股份有限公司,商品型ETF,,,56707909.44,167032,880759,5.271,5.2729955936587,-0.03413746
2024-05-10,518890.SH,中银黄金,20200928,,上海黄金交易所上海金集中定价合约(合约代码:SHAU)午盘基准价格收益率,中银基金管理有限公司,招商银行股份有限公司,商品型ETF,,,58037202.72,716500,3840370,5.398,5.3599023028611,0.029649396
2024-05-13,518890.SH,中银黄金,20200928,,上海黄金交易所上海金集中定价合约(合约代码:SHAU)午盘基准价格收益率,中银基金管理有限公司,招商银行股份有限公司,商品型ETF,,,57714558.72,786900,4226649,5.358,5.3712657262676,-0.156529517
2024-05-14,518890.SH,中银黄金,20200928,,上海黄金交易所上海金集中定价合约(合约代码:SHAU)午盘基准价格收益率,中银基金管理有限公司,招商银行股份有限公司,商品型ETF,,,57552161.24,1036300,5540773,5.337,5.3466882176976,-0.267224787
2024-05-15,518890.SH,中银黄金,20200928,,上海黄金交易所上海金集中定价合约(合约代码:SHAU)午盘基准价格收益率,中银基金管理有限公司,招商银行股份有限公司,商品型ETF,,,56313734.72,800500,4305845,5.378,5.3789444097439,-0.155948314
2024-05-16,518890.SH,中银黄金,20200928,,上海黄金交易所上海金集中定价合约(合约代码:SHAU)午盘基准价格收益率,中银基金管理有限公司,招商银行股份有限公司,商品型ETF,,,55206570.2,363700,1976793,5.434,5.4352295848227,-0.045985469
2024-05-17,518890.SH,中银黄金,20200928,,上海黄金交易所上海金集中定价合约(合约代码:SHAU)午盘基准价格收益率,中银基金管理有限公司,招商银行股份有限公司,商品型ETF,,,55251251.32,730715,3960964,5.432,5.4206687970002,-0.163575879
2024-05-20,518890.SH,中银黄金,20200928,,上海黄金交易所上海金集中定价合约(合约代码:SHAU)午盘基准价格收益率,中银基金管理有限公司,招商银行股份有限公司,商品型ETF,,,56587623.0,1463300,8158941,5.567,5.5757131141939,-0.098698968
2024-05-21,518890.SH,中银黄金,20200928,,上海黄金交易所上海金集中定价合约(合约代码:SHAU)午盘基准价格收益率,中银基金管理有限公司,招商银行股份有限公司,商品型ETF,,,55937715.8,543300,2994852,5.511,5.5123357261182,0.045384406
2024-05-22,518890.SH,中银黄金,20200928,,上海黄金交易所上海金集中定价合约(合约代码:SHAU)午盘基准价格收益率,中银基金管理有限公司,招商银行股份有限公司,商品型ETF,,,56004737.48,286500,1582341,5.514,5.5230052356021,-0.019945241
2024-05-23,518890.SH,中银黄金,20200928,,上海黄金交易所上海金集中定价合约(合约代码:SHAU)午盘基准价格收益率,中银基金管理有限公司,招商银行股份有限公司,商品型ETF,,,54768898.32,474800,2559089,5.378,5.3898251895535,-0.285534171
2024-05-24,518890.SH,中银黄金,20200928,,上海黄金交易所上海金集中定价合约(合约代码:SHAU)午盘基准价格收益率,中银基金管理有限公司,招商银行股份有限公司,商品型ETF,,,54204291.44,414915,2203615,5.325,5.3110034585397,-0.239799168
2024-05-27,518890.SH,中银黄金,20200928,,上海黄金交易所上海金集中定价合约(合约代码:SHAU)午盘基准价格收益率,中银基金管理有限公司,招商银行股份有限公司,商品型ETF,,,54390124.28,411764,2203091,5.353,5.3503730292109,-0.057877934
2024-05-28,518890.SH,中银黄金,20200928,,上海黄金交易所上海金集中定价合约(合约代码:SHAU)午盘基准价格收益率,中银基金管理有限公司,招商银行股份有限公司,商品型ETF,,,56016818.4,320100,1723521,5.356,5.384320524836,-0.037327361
2024-05-29,518890.SH,中银黄金,20200928,,上海黄金交易所上海金集中定价合约(合约代码:SHAU)午盘基准价格收益率,中银基金管理有限公司,招商银行股份有限公司,商品型ETF,,,56343008.16,226000,1217462,5.389,5.387,-0.003711126
2024-05-30,518890.SH,中银黄金,20200928,,上海黄金交易所上海金集中定价合约(合约代码:SHAU)午盘基准价格收益率,中银基金管理有限公司,招商银行股份有限公司,商品型ETF,,,55910179.44,113700,606180,5.329,5.3313984168865,-0.35154643
2024-05-31,518890.SH,中银黄金,20200928,,上海黄金交易所上海金集中定价合约(合约代码:SHAU)午盘基准价格收益率,中银基金管理有限公司,招商银行股份有限公司,商品型ETF,,,56086865.56,293800,1573204,5.365,5.3546766507828,0.005592111
2024-06-03,518890.SH,中银黄金,20200928,,上海黄金交易所上海金集中定价合约(合约代码:SHAU)午盘基准价格收益率,中银基金管理有限公司,招商银行股份有限公司,商品型ETF,,,55658218.76,94200,503545,5.315,5.3454883227176,-0.163420178
2024-06-04,518890.SH,中银黄金,20200928,,上海黄金交易所上海金集中定价合约(合约代码:SHAU)午盘基准价格收益率,中银基金管理有限公司,招商银行股份有限公司,商品型ETF,,,56092092.96,130300,700294,5.37,5.3744742900998,0.089465444
2024-06-05,518890.SH,中银黄金,20200928,,上海黄金交易所上海金集中定价合约(合约代码:SHAU)午盘基准价格收益率,中银基金管理有限公司,招商银行股份有限公司,商品型ETF,,,57424179.12,50000,267425,5.365,5.3485,0.47945462
2024-06-06,518890.SH,中银黄金,20200928,,上海黄金交易所上海金集中定价合约(合约代码:SHAU)午盘基准价格收益率,中银基金管理有限公司,招商银行股份有限公司,商品型ETF,,,58261978.04,118200,641667,5.437,5.428654822335,0.363649789
2024-06-07,518890.SH,中银黄金,20200928,,上海黄金交易所上海金集中定价合约(合约代码:SHAU)午盘基准价格收益率,中银基金管理有限公司,招商银行股份有限公司,商品型ETF,,,58325431.36,192280,1048481,5.44,5.4528864156439,0.309780204
2024-06-11,518890.SH,中银黄金,20200928,,上海黄金交易所上海金集中定价合约(合约代码:SHAU)午盘基准价格收益率,中银基金管理有限公司,招商银行股份有限公司,商品型ETF,,,56573474.44,52300,276179,5.271,5.2806692160612,0.203410452
2024-06-12,518890.SH,中银黄金,20200928,,上海黄金交易所上海金集中定价合约(合约代码:SHAU)午盘基准价格收益率,中银基金管理有限公司,招商银行股份有限公司,商品型ETF,,,56892892.0,112600,595265,5.295,5.2865452930728,0.094517958
2024-06-13,518890.SH,中银黄金,20200928,,上海黄金交易所上海金集中定价合约(合约代码:SHAU)午盘基准价格收益率,中银基金管理有限公司,招商银行股份有限公司,商品型ETF,,,56895042.96,95400,503357,5.285,5.2762788259958,-0.09829496
2024-06-14,518890.SH,中银黄金,20200928,,上海黄金交易所上海金集中定价合约(合约代码:SHAU)午盘基准价格收益率,中银基金管理有限公司,招商银行股份有限公司,商品型ETF,,,56941288.6,74100,391565,5.29,5.2842780026991,-0.084993862
2024-06-17,518890.SH,中银黄金,20200928,,上海黄金交易所上海金集中定价合约(合约代码:SHAU)午盘基准价格收益率,中银基金管理有限公司,招商银行股份有限公司,商品型ETF,,,57012270.28,137132,729380,5.298,5.3188169063384,-0.058478429
2024-06-18,518890.SH,中银黄金,20200928,,上海黄金交易所上海金集中定价合约(合约代码:SHAU)午盘基准价格收益率,中银基金管理有限公司,招商银行股份有限公司,商品型ETF,,,57071421.68,68900,365963,5.31,5.3115094339623,0.064071157
2024-06-19,518890.SH,中银黄金,20200928,,上海黄金交易所上海金集中定价合约(合约代码:SHAU)午盘基准价格收益率,中银基金管理有限公司,招商银行股份有限公司,商品型ETF,,,57265008.08,44200,235442,5.331,5.326742081448,0.120196822
2024-06-20,518890.SH,中银黄金,20200928,,上海黄金交易所上海金集中定价合约(合约代码:SHAU)午盘基准价格收益率,中银基金管理有限公司,招商银行股份有限公司,商品型ETF,,,57723162.56,134400,720274,5.366,5.359181547619,-0.022358027
2024-06-21,518890.SH,中银黄金,20200928,,上海黄金交易所上海金集中定价合约(合约代码:SHAU)午盘基准价格收益率,中银基金管理有限公司,招商银行股份有限公司,商品型ETF,,,58029674.36,196100,1060337,5.391,5.4071239163692,-0.0871064
2024-06-24,518890.SH,中银黄金,20200928,,上海黄金交易所上海金集中定价合约(合约代码:SHAU)午盘基准价格收益率,中银基金管理有限公司,招商银行股份有限公司,商品型ETF,,,57160686.52,17500,93152,5.325,5.3229714285714,0.190031797
2024-06-25,518890.SH,中银黄金,20200928,,上海黄金交易所上海金集中定价合约(合约代码:SHAU)午盘基准价格收益率,中银基金管理有限公司,招商银行股份有限公司,商品型ETF,,,57249951.36,182700,973529,5.33,5.3285659551177,0.127742711
2024-06-26,518890.SH,中银黄金,20200928,,上海黄金交易所上海金集中定价合约(合约代码:SHAU)午盘基准价格收益率,中银基金管理有限公司,招商银行股份有限公司,商品型ETF,,,56907948.72,125200,662959,5.295,5.2951996805112,0.068034925
2024-06-27,518890.SH,中银黄金,20200928,,上海黄金交易所上海金集中定价合约(合约代码:SHAU)午盘基准价格收益率,中银基金管理有限公司,招商银行股份有限公司,商品型ETF,,,56579927.32,50600,266025,5.257,5.2574110671937,-0.074131803
2024-06-28,518890.SH,中银黄金,20200928,,上海黄金交易所上海金集中定价合约(合约代码:SHAU)午盘基准价格收益率,中银基金管理有限公司,招商银行股份有限公司,商品型ETF,,,58841383.96,241100,1281207,5.319,5.3140066362505,-0.069513593
2024-07-01,518890.SH,中银黄金,20200928,,上海黄金交易所上海金集中定价合约(合约代码:SHAU)午盘基准价格收益率,中银基金管理有限公司,招商银行股份有限公司,商品型ETF,,,58838067.52,68700,365907,5.324,5.3261572052402,0.030061626
2024-07-02,518890.SH,中银黄金,20200928,,上海黄金交易所上海金集中定价合约(合约代码:SHAU)午盘基准价格收益率,中银基金管理有限公司,招商银行股份有限公司,商品型ETF,,,58936455.24,51200,273334,5.34,5.3385546875,0.163187215
2024-07-03,518890.SH,中银黄金,20200928,,上海黄金交易所上海金集中定价合约(合约代码:SHAU)午盘基准价格收益率,中银基金管理有限公司,招商银行股份有限公司,商品型ETF,,,59266993.76,210800,1126286,5.358,5.3429127134725,-0.05968813
2024-07-04,518890.SH,中银黄金,20200928,,上海黄金交易所上海金集中定价合约(合约代码:SHAU)午盘基准价格收益率,中银基金管理有限公司,招商银行股份有限公司,商品型ETF,,,59573211.72,152600,822882,5.382,5.3924115334207,-0.128040973
2024-07-05,518890.SH,中银黄金,20200928,,上海黄金交易所上海金集中定价合约(合约代码:SHAU)午盘基准价格收益率,中银基金管理有限公司,招商银行股份有限公司,商品型ETF,,,59722451.52,234800,1266140,5.396,5.3924190800681,-0.118465867
2024-07-08,518890.SH,中银黄金,20200928,,上海黄金交易所上海金集中定价合约(合约代码:SHAU)午盘基准价格收益率,中银基金管理有限公司,招商银行股份有限公司,商品型ETF,,,58266279.96,185800,1008140,5.421,5.4259418729817,0.060911457
2024-07-09,518890.SH,中银黄金,20200928,,上海黄金交易所上海金集中定价合约(合约代码:SHAU)午盘基准价格收益率,中银基金管理有限公司,招商银行股份有限公司,商品型ETF,,,57994183.52,39900,215255,5.395,5.3948621553885,0.048216008
2024-07-10,518890.SH,中银黄金,20200928,,上海黄金交易所上海金集中定价合约(合约代码:SHAU)午盘基准价格收益率,中银基金管理有限公司,招商银行股份有限公司,商品型ETF,,,58267355.44,164900,892437,5.417,5.4119890842935,-0.014766141
2024-07-11,518890.SH,中银黄金,20200928,,上海黄金交易所上海金集中定价合约(合约代码:SHAU)午盘基准价格收益率,中银基金管理有限公司,招商银行股份有限公司,商品型ETF,,,58477074.04,157700,856473,5.432,5.4310272669626,-0.09747485
2024-07-12,518890.SH,中银黄金,20200928,,上海黄金交易所上海金集中定价合约(合约代码:SHAU)午盘基准价格收益率,中银基金管理有限公司,招商银行股份有限公司,商品型ETF,,,58783585.84,452600,2480025,5.478,5.4795072912064,0.223206118
2024-07-15,518890.SH,中银黄金,20200928,,上海黄金交易所上海金集中定价合约(合约代码:SHAU)午盘基准价格收益率,中银基金管理有限公司,招商银行股份有限公司,商品型ETF,,,58763151.72,95700,524362,5.471,5.4792267502612,0.129943813
2024-07-16,518890.SH,中银黄金,20200928,,上海黄金交易所上海金集中定价合约(合约代码:SHAU)午盘基准价格收益率,中银基金管理有限公司,招商银行股份有限公司,商品型ETF,,,61030234.36,96800,534445,5.525,5.5211260330579,0.077888674
2024-07-17,518890.SH,中银黄金,20200928,,上海黄金交易所上海金集中定价合约(合约代码:SHAU)午盘基准价格收益率,中银基金管理有限公司,招商银行股份有限公司,商品型ETF,,,63467654.6,291441,1638487,5.6,5.622019551127,0.187852223
2024-07-18,518890.SH,中银黄金,20200928,,上海黄金交易所上海金集中定价合约(合约代码:SHAU)午盘基准价格收益率,中银基金管理有限公司,招商银行股份有限公司,商品型ETF,,,63442674.04,315613,1762365,5.582,5.5839429934762,-0.094857981
2024-07-19,518890.SH,中银黄金,20200928,,上海黄金交易所上海金集中定价合约(合约代码:SHAU)午盘基准价格收益率,中银基金管理有限公司,招商银行股份有限公司,商品型ETF,,,61816666.68,286900,1569452,5.446,5.4703799233182,0.034900167
2024-07-22,518890.SH,中银黄金,20200928,,上海黄金交易所上海金集中定价合约(合约代码:SHAU)午盘基准价格收益率,中银基金管理有限公司,招商银行股份有限公司,商品型ETF,,,63479033.68,80200,437207,5.453,5.4514588528678,0.117504498
2024-07-23,518890.SH,中银黄金,20200928,,上海黄金交易所上海金集中定价合约(合约代码:SHAU)午盘基准价格收益率,中银基金管理有限公司,招商银行股份有限公司,商品型ETF,,,64772301.88,121300,661907,5.426,5.4567765869744,0.145807571
2024-07-24,518890.SH,中银黄金,20200928,,上海黄金交易所上海金集中定价合约(合约代码:SHAU)午盘基准价格收益率,中银基金管理有限公司,招商银行股份有限公司,商品型ETF,,,80315631.4,6094702,34305786,5.474,5.628788085127,-0.118602317
2024-07-25,518890.SH,中银黄金,20200928,,上海黄金交易所上海金集中定价合约(合约代码:SHAU)午盘基准价格收益率,中银基金管理有限公司,招商银行股份有限公司,商品型ETF,,,78385594.24,2551851,13649323,5.334,5.3487930917597,-0.276697577
2024-07-26,518890.SH,中银黄金,20200928,,上海黄金交易所上海金集中定价合约(合约代码:SHAU)午盘基准价格收益率,中银基金管理有限公司,招商银行股份有限公司,商品型ETF,,,78703603.4,1161600,6220875,5.358,5.3554364669421,-0.232753003
2024-07-29,518890.SH,中银黄金,20200928,,上海黄金交易所上海金集中定价合约(合约代码:SHAU)午盘基准价格收益率,中银基金管理有限公司,招商银行股份有限公司,商品型ETF,,,80868081.0,1167700,6307920,5.403,5.402003939368,-0.083217753
2024-07-30,518890.SH,中银黄金,20200928,,上海黄金交易所上海金集中定价合约(合约代码:SHAU)午盘基准价格收益率,中银基金管理有限公司,招商银行股份有限公司,商品型ETF,,,80900981.56,476500,2568766,5.404,5.3909045120672,-0.105366286
2024-07-31,518890.SH,中银黄金,20200928,,上海黄金交易所上海金集中定价合约(合约代码:SHAU)午盘基准价格收益率,中银基金管理有限公司,招商银行股份有限公司,商品型ETF,,,81633766.76,1297662,7069496,5.445,5.4478716337536,-0.250975507
2024-08-01,518890.SH,中银黄金,20200928,,上海黄金交易所上海金集中定价合约(合约代码:SHAU)午盘基准价格收益率,中银基金管理有限公司,招商银行股份有限公司,商品型ETF,,,83930384.12,1354700,7454937,5.501,5.5030169041116,-0.016357985
2024-08-02,518890.SH,中银黄金,20200928,,上海黄金交易所上海金集中定价合约(合约代码:SHAU)午盘基准价格收益率,中银基金管理有限公司,招商银行股份有限公司,商品型ETF,,,84311754.12,1298100,7163592,5.522,5.5185209151837,-0.088657294
2024-08-05,518890.SH,中银黄金,20200928,,上海黄金交易所上海金集中定价合约(合约代码:SHAU)午盘基准价格收益率,中银基金管理有限公司,招商银行股份有限公司,商品型ETF,,,82386598.36,2226400,12061313,5.4,5.4174061264822,-0.012961283
2024-08-06,518890.SH,中银黄金,20200928,,上海黄金交易所上海金集中定价合约(合约代码:SHAU)午盘基准价格收益率,中银基金管理有限公司,招商银行股份有限公司,商品型ETF,,,83281954.68,2015300,10787591,5.339,5.3528462263683,-0.282026858
2024-08-07,518890.SH,中银黄金,20200928,,上海黄金交易所上海金集中定价合约(合约代码:SHAU)午盘基准价格收益率,中银基金管理有限公司,招商银行股份有限公司,商品型ETF,,,83510610.24,1534900,8225651,5.365,5.3590794188546,-0.070779318
2024-08-08,518890.SH,中银黄金,20200928,,上海黄金交易所上海金集中定价合约(合约代码:SHAU)午盘基准价格收益率,中银基金管理有限公司,招商银行股份有限公司,商品型ETF,,,85126006.68,979400,5244894,5.368,5.3552113538901,-0.020487605
2024-08-09,518890.SH,中银黄金,20200928,,上海黄金交易所上海金集中定价合约(合约代码:SHAU)午盘基准价格收益率,中银基金管理有限公司,招商银行股份有限公司,商品型ETF,,,85842643.64,1480138,8021501,5.41,5.4194277830851,-0.079419316
2024-08-12,518890.SH,中银黄金,20200928,,上海黄金交易所上海金集中定价合约(合约代码:SHAU)午盘基准价格收益率,中银基金管理有限公司,招商银行股份有限公司,商品型ETF,,,86486348.52,1069500,5812162,5.448,5.434466573165,-0.126491778
2024-08-13,518890.SH,中银黄金,20200928,,上海黄金交易所上海金集中定价合约(合约代码:SHAU)午盘基准价格收益率,中银基金管理有限公司,招商银行股份有限公司,商品型ETF,,,88799704.64,1177800,6477731,5.496,5.4998565121413,-0.014553922
2024-08-14,518890.SH,中银黄金,20200928,,上海黄金交易所上海金集中定价合约(合约代码:SHAU)午盘基准价格收益率,中银基金管理有限公司,招商银行股份有限公司,商品型ETF,,,88563844.56,811800,4442910,5.472,5.4729120473023,-0.186056693
2024-08-15,518890.SH,中银黄金,20200928,,上海黄金交易所上海金集中定价合约(合约代码:SHAU)午盘基准价格收益率,中银基金管理有限公司,招商银行股份有限公司,商品型ETF,,,88421682.32,683900,3733486,5.46,5.4591109811376,-0.244820404
2024-08-16,518890.SH,中银黄金,20200928,,上海黄金交易所上海金集中定价合约(合约代码:SHAU)午盘基准价格收益率,中银基金管理有限公司,招商银行股份有限公司,商品型ETF,,,88531534.96,493300,2700369,5.472,5.4740908169471,-0.149629576
2024-08-19,518890.SH,中银黄金,20200928,,上海黄金交易所上海金集中定价合约(合约代码:SHAU)午盘基准价格收益率,中银基金管理有限公司,招商银行股份有限公司,商品型ETF,,,89420048.96,1403000,7756356,5.526,5.5284076977904,-0.16620899
2024-08-20,518890.SH,中银黄金,20200928,,上海黄金交易所上海金集中定价合约(合约代码:SHAU)午盘基准价格收益率,中银基金管理有限公司,招商银行股份有限公司,商品型ETF,,,87843519.4,963900,5324633,5.526,5.5240512501297,-0.261709232
2024-08-21,518890.SH,中银黄金,20200928,,上海黄金交易所上海金集中定价合约(合约代码:SHAU)午盘基准价格收益率,中银基金管理有限公司,招商银行股份有限公司,商品型ETF,,,88136833.2,1369800,7602186,5.543,5.5498510731494,-0.287821551
2024-08-22,518890.SH,中银黄金,20200928,,上海黄金交易所上海金集中定价合约(合约代码:SHAU)午盘基准价格收益率,中银基金管理有限公司,招商银行股份有限公司,商品型ETF,,,87887912.84,673500,3730912,5.538,5.5395872308834,-0.095610918
2024-08-23,518890.SH,中银黄金,20200928,,上海黄金交易所上海金集中定价合约(合约代码:SHAU)午盘基准价格收益率,中银基金管理有限公司,招商银行股份有限公司,商品型ETF,,,87618381.24,882900,4874337,5.521,5.5208256880734,-0.095905036
2024-08-26,518890.SH,中银黄金,20200928,,上海黄金交易所上海金集中定价合约(合约代码:SHAU)午盘基准价格收益率,中银基金管理有限公司,招商银行股份有限公司,商品型ETF,,,88095610.72,660700,3663847,5.556,5.5454018465264,-0.007198906
2024-08-27,518890.SH,中银黄金,20200928,,上海黄金交易所上海金集中定价合约(合约代码:SHAU)午盘基准价格收益率,中银基金管理有限公司,招商银行股份有限公司,商品型ETF,,,88117807.44,1623400,9016432,5.558,5.5540421337933,0.003598546
2024-08-28,518890.SH,中银黄金,20200928,,上海黄金交易所上海金集中定价合约(合约代码:SHAU)午盘基准价格收益率,中银基金管理有限公司,招商银行股份有限公司,商品型ETF,,,89654293.56,871300,4845937,5.545,5.5617318948697,-0.084689262
2024-08-29,518890.SH,中银黄金,20200928,,上海黄金交易所上海金集中定价合约(合约代码:SHAU)午盘基准价格收益率,中银基金管理有限公司,招商银行股份有限公司,商品型ETF,,,89712450.84,315500,1754299,5.551,5.5603771790808,-0.041416815
2024-08-30,518890.SH,中银黄金,20200928,,上海黄金交易所上海金集中定价合约(合约代码:SHAU)午盘基准价格收益率,中银基金管理有限公司,招商银行股份有限公司,商品型ETF,,,89628445.88,1292300,7164911,5.542,5.5443093708891,-0.10994755
2024-09-02,518890.SH,中银黄金,20200928,,上海黄金交易所上海金集中定价合约(合约代码:SHAU)午盘基准价格收益率,中银基金管理有限公司,招商银行股份有限公司,商品型ETF,,,89043642.12,703800,3875794,5.508,5.5069536800227,-0.070756001
2024-09-03,518890.SH,中银黄金,20200928,,上海黄金交易所上海金集中定价合约(合约代码:SHAU)午盘基准价格收益率,中银基金管理有限公司,招商银行股份有限公司,商品型ETF,,,89205190.12,642000,3540922,5.518,5.5154548286604,-0.070627864
2024-09-04,518890.SH,中银黄金,20200928,,上海黄金交易所上海金集中定价合约(合约代码:SHAU)午盘基准价格收益率,中银基金管理有限公司,招商银行股份有限公司,商品型ETF,,,90295715.0,418900,2309155,5.49,5.5124253998568,0.045558087
2024-09-05,518890.SH,中银黄金,20200928,,上海黄金交易所上海金集中定价合约(合约代码:SHAU)午盘基准价格收益率,中银基金管理有限公司,招商银行股份有限公司,商品型ETF,,,104086037.92,1275100,7019595,5.516,5.5051329307505,-0.079704369
2024-09-06,518890.SH,中银黄金,20200928,,上海黄金交易所上海金集中定价合约(合约代码:SHAU)午盘基准价格收益率,中银基金管理有限公司,招商银行股份有限公司,商品型ETF,,,104387714.72,1513300,8371232,5.531,5.5317729465407,-0.097536305
2024-09-09,518890.SH,中银黄金,20200928,,上海黄金交易所上海金集中定价合约(合约代码:SHAU)午盘基准价格收益率,中银基金管理有限公司,招商银行股份有限公司,商品型ETF,,,103676888.76,947000,5210697,5.494,5.5023199577614,-0.085474749
2024-09-10,518890.SH,中银黄金,20200928,,上海黄金交易所上海金集中定价合约(合约代码:SHAU)午盘基准价格收益率,中银基金管理有限公司,招商银行股份有限公司,商品型ETF,,,106029479.92,458100,2533521,5.534,5.530497707924,-0.025291758
2024-09-11,518890.SH,中银黄金,20200928,,上海黄金交易所上海金集中定价合约(合约代码:SHAU)午盘基准价格收益率,中银基金管理有限公司,招商银行股份有限公司,商品型ETF,,,106546659.52,618200,3435045,5.568,5.5565270139114,0.100675967
2024-09-12,518890.SH,中银黄金,20200928,,上海黄金交易所上海金集中定价合约(合约代码:SHAU)午盘基准价格收益率,中银基金管理有限公司,招商银行股份有限公司,商品型ETF,,,106393421.12,489400,2716371,5.554,5.5504107069881,-0.007201498
2024-09-13,518890.SH,中银黄金,20200928,,上海黄金交易所上海金集中定价合约(合约代码:SHAU)午盘基准价格收益率,中银基金管理有限公司,招商银行股份有限公司,商品型ETF,,,108012001.72,1007300,5679082,5.639,5.6379251464311,0.001773396
2024-09-18,518890.SH,中银黄金,20200928,,上海黄金交易所上海金集中定价合约(合约代码:SHAU)午盘基准价格收益率,中银基金管理有限公司,招商银行股份有限公司,商品型ETF,,,107897072.92,1108000,6244579,5.629,5.6359016245487,-0.069236095
2024-09-19,518890.SH,中银黄金,20200928,,上海黄金交易所上海金集中定价合约(合约代码:SHAU)午盘基准价格收益率,中银基金管理有限公司,招商银行股份有限公司,商品型ETF,,,107709355.88,1129200,6344356,5.629,5.6184520014169,0.10492433
2024-09-20,518890.SH,中银黄金,20200928,,上海黄金交易所上海金集中定价合约(合约代码:SHAU)午盘基准价格收益率,中银基金管理有限公司,招商银行股份有限公司,商品型ETF,,,112161827.96,1936900,10957645,5.672,5.6573106510403,-0.100392765
2024-09-23,518890.SH,中银黄金,20200928,,上海黄金交易所上海金集中定价合约(合约代码:SHAU)午盘基准价格收益率,中银基金管理有限公司,招商银行股份有限公司,商品型ETF,,,116596365.36,530241,3035481,5.735,5.724719514334,0.118710939
2024-09-24,518890.SH,中银黄金,20200928,,上海黄金交易所上海金集中定价合约(合约代码:SHAU)午盘基准价格收益率,中银基金管理有限公司,招商银行股份有限公司,商品型ETF,,,118226009.72,663181,3802721,5.723,5.7340620433939,-0.015723545
2024-09-25,518890.SH,中银黄金,20200928,,上海黄金交易所上海金集中定价合约(合约代码:SHAU)午盘基准价格收益率,中银基金管理有限公司,招商银行股份有限公司,商品型ETF,,,122499914.32,1245300,7186678,5.766,5.7710415161005,0.04511226
2024-09-26,518890.SH,中银黄金,20200928,,上海黄金交易所上海金集中定价合约(合约代码:SHAU)午盘基准价格收益率,中银基金管理有限公司,招商银行股份有限公司,商品型ETF,,,134871634.52,1256600,7257771,5.773,5.7757209931561,-0.032901003
2024-09-27,518890.SH,中银黄金,20200928,,上海黄金交易所上海金集中定价合约(合约代码:SHAU)午盘基准价格收益率,中银基金管理有限公司,招商银行股份有限公司,商品型ETF,,,140083597.4,53200,307783,5.774,5.7853947368421,-0.025971777
2024-09-30,518890.SH,中银黄金,20200928,,上海黄金交易所上海金集中定价合约(合约代码:SHAU)午盘基准价格收益率,中银基金管理有限公司,招商银行股份有限公司,商品型ETF,,,144552316.7925,1764219,10118051,5.74,5.7351445597174,-0.113112329
2024-10-08,518890.SH,中银黄金,20200928,,上海黄金交易所上海金集中定价合约(合约代码:SHAU)午盘基准价格收益率,中银基金管理有限公司,招商银行股份有限公司,商品型ETF,,,144363397.2,751426,4323881,5.737,5.75423394985,-0.034849277
2024-10-09,518890.SH,中银黄金,20200928,,上海黄金交易所上海金集中定价合约(合约代码:SHAU)午盘基准价格收益率,中银基金管理有限公司,招商银行股份有限公司,商品型ETF,,,142635262.44,453900,2576599,5.67,5.676578541529,-0.005290725
2024-10-10,518890.SH,中银黄金,20200928,,上海黄金交易所上海金集中定价合约(合约代码:SHAU)午盘基准价格收益率,中银基金管理有限公司,招商银行股份有限公司,商品型ETF,,,143158482.28,692966,3934505,5.685,5.6777749557698,-0.107184903
2024-10-11,518890.SH,中银黄金,20200928,,上海黄金交易所上海金集中定价合约(合约代码:SHAU)午盘基准价格收益率,中银基金管理有限公司,招商银行股份有限公司,商品型ETF,,,144745750.16,720500,4151761,5.764,5.7623331020125,0.170310382
2024-10-14,518890.SH,中银黄金,20200928,,上海黄金交易所上海金集中定价合约(合约代码:SHAU)午盘基准价格收益率,中银基金管理有限公司,招商银行股份有限公司,商品型ETF,,,146172027.32,1009300,5843345,5.816,5.7895026255821,0.087766095
2024-10-15,518890.SH,中银黄金,20200928,,上海黄金交易所上海金集中定价合约(合约代码:SHAU)午盘基准价格收益率,中银基金管理有限公司,招商银行股份有限公司,商品型ETF,,,147981479.8,737600,4284034,5.817,5.8080721258134,0.060204696
2024-10-16,518890.SH,中银黄金,20200928,,上海黄金交易所上海金集中定价合约(合约代码:SHAU)午盘基准价格收益率,中银基金管理有限公司,招商银行股份有限公司,商品型ETF,,,150040773.12,1380666,8107783,5.904,5.8723710151478,0.16286645
2024-10-17,518890.SH,中银黄金,20200928,,上海黄金交易所上海金集中定价合约(合约代码:SHAU)午盘基准价格收益率,中银基金管理有限公司,招商银行股份有限公司,商品型ETF,,,159575111.48,1091032,6454439,5.921,5.9159025583118,0.015202446
2024-10-18,518890.SH,中银黄金,20200928,,上海黄金交易所上海金集中定价合约(合约代码:SHAU)午盘基准价格收益率,中银基金管理有限公司,招商银行股份有限公司,商品型ETF,,,171459121.44,1887900,11295778,5.957,5.9832501721489,-0.097269739
2024-10-21,518890.SH,中银黄金,20200928,,上海黄金交易所上海金集中定价合约(合约代码:SHAU)午盘基准价格收益率,中银基金管理有限公司,招商银行股份有限公司,商品型ETF,,,182445520.44,1734111,10433606,6.042,6.0166886664118,0.194020198
2024-10-22,518890.SH,中银黄金,20200928,,上海黄金交易所上海金集中定价合约(合约代码:SHAU)午盘基准价格收益率,中银基金管理有限公司,招商银行股份有限公司,商品型ETF,,,204340801.84,5981400,36095030,6.036,6.0345454241482,0.003313562
2024-10-23,518890.SH,中银黄金,20200928,,上海黄金交易所上海金集中定价合约(合约代码:SHAU)午盘基准价格收益率,中银基金管理有限公司,招商银行股份有限公司,商品型ETF,,,238221679.28,4491750,27176567,6.073,6.0503293816441,0.072504367
2024-10-24,518890.SH,中银黄金,20200928,,上海黄金交易所上海金集中定价合约(合约代码:SHAU)午盘基准价格收益率,中银基金管理有限公司,招商银行股份有限公司,商品型ETF,,,256086275.44,4039700,24233393,6.014,5.998810060153,-0.063146
2024-10-25,518890.SH,中银黄金,20200928,,上海黄金交易所上海金集中定价合约(合约代码:SHAU)午盘基准价格收益率,中银基金管理有限公司,招商银行股份有限公司,商品型ETF,,,288476894.88,2070300,12450002,6.021,6.0136221803603,0.089766607
2024-10-28,518890.SH,中银黄金,20200928,,上海黄金交易所上海金集中定价合约(合约代码:SHAU)午盘基准价格收益率,中银基金管理有限公司,招商银行股份有限公司,商品型ETF,,,293246714.6,659300,3972802,6.04,6.025787956924,0.008278831
2024-10-29,518890.SH,中银黄金,20200928,,上海黄金交易所上海金集中定价合约(合约代码:SHAU)午盘基准价格收益率,中银基金管理有限公司,招商银行股份有限公司,商品型ETF,,,317335880.6,1732306,10533795,6.089,6.0807934625869,0.073958419
2024-10-30,518890.SH,中银黄金,20200928,,上海黄金交易所上海金集中定价合约(合约代码:SHAU)午盘基准价格收益率,中银基金管理有限公司,招商银行股份有限公司,商品型ETF,,,335550208.36,1345906,8275869,6.155,6.1489205041065,0.069910742
2024-10-31,518890.SH,中银黄金,20200928,,上海黄金交易所上海金集中定价合约(合约代码:SHAU)午盘基准价格收益率,中银基金管理有限公司,招商银行股份有限公司,商品型ETF,,,345223869.32,1286595,7907974,6.126,6.1464361356915,0.001632413
2024-11-01,518890.SH,中银黄金,20200928,,上海黄金交易所上海金集中定价合约(合约代码:SHAU)午盘基准价格收益率,中银基金管理有限公司,招商银行股份有限公司,商品型ETF,,,360111507.08,800400,4860326,6.069,6.0723713143428,0.031316444
2024-11-04,518890.SH,中银黄金,20200928,,上海黄金交易所上海金集中定价合约(合约代码:SHAU)午盘基准价格收益率,中银基金管理有限公司,招商银行股份有限公司,商品型ETF,,,384610231.36,930100,5600803,6.025,6.0217213202881,0.029884447
2024-11-05,518890.SH,中银黄金,20200928,,上海黄金交易所上海金集中定价合约(合约代码:SHAU)午盘基准价格收益率,中银基金管理有限公司,招商银行股份有限公司,商品型ETF,,,384469750.8,1817845,10919448,6.022,6.0068091613971,0.016608537
2024-11-06,518890.SH,中银黄金,20200928,,上海黄金交易所上海金集中定价合约(合约代码:SHAU)午盘基准价格收益率,中银基金管理有限公司,招商银行股份有限公司,商品型ETF,,,398767764.76,1842663,11150628,6.006,6.0513658764516,-0.211009022
2024-11-07,518890.SH,中银黄金,20200928,,上海黄金交易所上海金集中定价合约(合约代码:SHAU)午盘基准价格收益率,中银基金管理有限公司,招商银行股份有限公司,商品型ETF,,,383055673.36,1970644,11603411,5.882,5.88813149407,-0.105295336
2024-11-08,518890.SH,中银黄金,20200928,,上海黄金交易所上海金集中定价合约(合约代码:SHAU)午盘基准价格收益率,中银基金管理有限公司,招商银行股份有限公司,商品型ETF,,,342888043.16,2173300,12903834,5.927,5.9374379975153,0.005061839
2024-11-11,518890.SH,中银黄金,20200928,,上海黄金交易所上海金集中定价合约(合约代码:SHAU)午盘基准价格收益率,中银基金管理有限公司,招商银行股份有限公司,商品型ETF,,,330603662.08,1442800,8548768,5.929,5.9251233712226,-0.010118726
2024-11-12,518890.SH,中银黄金,20200928,,上海黄金交易所上海金集中定价合约(合约代码:SHAU)午盘基准价格收益率,中银基金管理有限公司,招商银行股份有限公司,商品型ETF,,,325240050.32,371900,2175465,5.83,5.8495966657704,-0.058285048
2024-11-13,518890.SH,中银黄金,20200928,,上海黄金交易所上海金集中定价合约(合约代码:SHAU)午盘基准价格收益率,中银基金管理有限公司,招商银行股份有限公司,商品型ETF,,,324610021.08,561800,3272384,5.816,5.8248202207191,-0.104773192
2024-11-14,518890.SH,中银黄金,20200928,,上海黄金交易所上海金集中定价合约(合约代码:SHAU)午盘基准价格收益率,中银基金管理有限公司,招商银行股份有限公司,商品型ETF,,,318471417.6,1105600,6328253,5.71,5.7238178364689,-0.035014006
2024-11-15,518890.SH,中银黄金,20200928,,上海黄金交易所上海金集中定价合约(合约代码:SHAU)午盘基准价格收益率,中银基金管理有限公司,招商银行股份有限公司,商品型ETF,,,306733760.64,1375600,7868461,5.716,5.7200210817098,-0.013993843
2024-11-18,518890.SH,中银黄金,20200928,,上海黄金交易所上海金集中定价合约(合约代码:SHAU)午盘基准价格收益率,中银基金管理有限公司,招商银行股份有限公司,商品型ETF,,,301579915.52,1049500,6069149,5.786,5.7828956646022,0.062257886
2024-11-19,518890.SH,中银黄金,20200928,,上海黄金交易所上海金集中定价合约(合约代码:SHAU)午盘基准价格收益率,中银基金管理有限公司,招商银行股份有限公司,商品型ETF,,,311527174.64,479600,2812309,5.881,5.8638636363636,0.156681086
2024-11-20,518890.SH,中银黄金,20200928,,上海黄金交易所上海金集中定价合约(合约代码:SHAU)午盘基准价格收益率,中银基金管理有限公司,招商银行股份有限公司,商品型ETF,,,313912965.8,2497300,14749422,5.888,5.9061474392344,0.076485085
2024-11-21,518890.SH,中银黄金,20200928,,上海黄金交易所上海金集中定价合约(合约代码:SHAU)午盘基准价格收益率,中银基金管理有限公司,招商银行股份有限公司,商品型ETF,,,328110389.72,1275800,7579639,5.952,5.941087160997,0.052110474
2024-11-22,518890.SH,中银黄金,20200928,,上海黄金交易所上海金集中定价合约(合约代码:SHAU)午盘基准价格收益率,中银基金管理有限公司,招商银行股份有限公司,商品型ETF,,,366467605.6,1495200,8990786,6.025,6.0130992509363,0.049817336
2024-11-25,518890.SH,中银黄金,20200928,,上海黄金交易所上海金集中定价合约(合约代码:SHAU)午盘基准价格收益率,中银基金管理有限公司,招商银行股份有限公司,商品型ETF,,,369170210.68,3486700,20895239,5.941,5.9928410818252,-0.136155049
2024-11-26,518890.SH,中银黄金,20200928,,上海黄金交易所上海金集中定价合约(合约代码:SHAU)午盘基准价格收益率,中银基金管理有限公司,招商银行股份有限公司,商品型ETF,,,364342347.24,658400,3859280,5.86,5.8616038882139,-0.192461635
2024-11-27,518890.SH,中银黄金,20200928,,上海黄金交易所上海金集中定价合约(合约代码:SHAU)午盘基准价格收益率,中银基金管理有限公司,招商银行股份有限公司,商品型ETF,,,371542964.0,1362048,8038751,5.919,5.9019586681233,-0.18549747
2024-11-28,518890.SH,中银黄金,20200928,,上海黄金交易所上海金集中定价合约(合约代码:SHAU)午盘基准价格收益率,中银基金管理有限公司,招商银行股份有限公司,商品型ETF,,,376424046.0,1972619,11576479,5.894,5.8685833402193,-0.016963528
2024-11-29,518890.SH,中银黄金,20200928,,上海黄金交易所上海金集中定价合约(合约代码:SHAU)午盘基准价格收益率,中银基金管理有限公司,招商银行股份有限公司,商品型ETF,,,379495461.88,1422101,8434247,5.941,5.9308354329264,-0.035335094
2024-12-02,518890.SH,中银黄金,20200928,,上海黄金交易所上海金集中定价合约(合约代码:SHAU)午盘基准价格收益率,中银基金管理有限公司,招商银行股份有限公司,商品型ETF,,,382254059.88,2169900,12785537,5.886,5.8922240656251,-0.289678305
2024-12-03,518890.SH,中银黄金,20200928,,上海黄金交易所上海金集中定价合约(合约代码:SHAU)午盘基准价格收益率,中银基金管理有限公司,招商银行股份有限公司,商品型ETF,,,391020292.36,705800,4195662,5.96,5.9445480306036,0.072199741
2024-12-04,518890.SH,中银黄金,20200928,,上海黄金交易所上海金集中定价合约(合约代码:SHAU)午盘基准价格收益率,中银基金管理有限公司,招商银行股份有限公司,商品型ETF,,,390449095.6,1544900,9185145,5.946,5.9454624894815,-0.016815201
2024-12-05,518890.SH,中银黄金,20200928,,上海黄金交易所上海金集中定价合约(合约代码:SHAU)午盘基准价格收益率,中银基金管理有限公司,招商银行股份有限公司,商品型ETF,,,390573839.72,1357800,8086715,5.949,5.9557482692591,0.001680983
2024-12-06,518890.SH,中银黄金,20200928,,上海黄金交易所上海金集中定价合约(合约代码:SHAU)午盘基准价格收益率,中银基金管理有限公司,招商银行股份有限公司,商品型ETF,,,378416315.76,1449400,8557219,5.924,5.9039733682903,-0.037123283
2024-12-09,518890.SH,中银黄金,20200928,,上海黄金交易所上海金集中定价合约(合约代码:SHAU)午盘基准价格收益率,中银基金管理有限公司,招商银行股份有限公司,商品型ETF,,,387472894.28,1219100,7259649,5.954,5.9549249446313,-0.035257971
2024-12-10,518890.SH,中银黄金,20200928,,上海黄金交易所上海金集中定价合约(合约代码:SHAU)午盘基准价格收益率,中银基金管理有限公司,招商银行股份有限公司,商品型ETF,,,394264603.44,1307100,7813739,5.98,5.9779198225078,0.036802837
2024-12-11,518890.SH,中银黄金,20200928,,上海黄金交易所上海金集中定价合约(合约代码:SHAU)午盘基准价格收益率,中银基金管理有限公司,招商银行股份有限公司,商品型ETF,,,403101016.6,2765153,16650826,6.029,6.0216653472701,-0.008292562
2024-12-12,518890.SH,中银黄金,20200928,,上海黄金交易所上海金集中定价合约(合约代码:SHAU)午盘基准价格收益率,中银基金管理有限公司,招商银行股份有限公司,商品型ETF,,,405835377.92,1016100,6154949,6.068,6.0574244660959,-0.03953611
2024-12-13,518890.SH,中银黄金,20200928,,上海黄金交易所上海金集中定价合约(合约代码:SHAU)午盘基准价格收益率,中银基金管理有限公司,招商银行股份有限公司,商品型ETF,,,397014918.6,1064119,6407840,6.019,6.0217325317939,-0.008306338
2024-12-16,518890.SH,中银黄金,20200928,,上海黄金交易所上海金集中定价合约(合约代码:SHAU)午盘基准价格收益率,中银基金管理有限公司,招商银行股份有限公司,商品型ETF,,,393116989.92,1147300,6832146,5.959,5.9549777739039,-0.023488356
2024-12-17,518890.SH,中银黄金,20200928,,上海黄金交易所上海金集中定价合约(合约代码:SHAU)午盘基准价格收益率,中银基金管理有限公司,招商银行股份有限公司,商品型ETF,,,392879552.64,934399,5577814,5.952,5.9694134946634,-0.080580177
2024-12-18,518890.SH,中银黄金,20200928,,上海黄金交易所上海金集中定价合约(合约代码:SHAU)午盘基准价格收益率,中银基金管理有限公司,招商银行股份有限公司,商品型ETF,,,396060959.32,874500,5205687,5.949,5.9527581475129,-0.031927944
2024-12-19,518890.SH,中银黄金,20200928,,上海黄金交易所上海金集中定价合约(合约代码:SHAU)午盘基准价格收益率,中银基金管理有限公司,招商银行股份有限公司,商品型ETF,,,394710739.2,1552400,9157426,5.925,5.8988830198402,0.355691057
2024-12-20,518890.SH,中银黄金,20200928,,上海黄金交易所上海金集中定价合约(合约代码:SHAU)午盘基准价格收益率,中银基金管理有限公司,招商银行股份有限公司,商品型ETF,,,409191985.8,1767700,10415081,5.906,5.8918826723992,-0.042311924
2024-12-23,518890.SH,中银黄金,20200928,,上海黄金交易所上海金集中定价合约(合约代码:SHAU)午盘基准价格收益率,中银基金管理有限公司,招商银行股份有限公司,商品型ETF,,,422087759.4,1369700,8159121,5.965,5.9568671971965,-0.008381527
2024-12-24,518890.SH,中银黄金,20200928,,上海黄金交易所上海金集中定价合约(合约代码:SHAU)午盘基准价格收益率,中银基金管理有限公司,招商银行股份有限公司,商品型ETF,,,431316519.56,906300,5387542,5.942,5.9445459560852,-0.045418608
2024-12-25,518890.SH,中银黄金,20200928,,上海黄金交易所上海金集中定价合约(合约代码:SHAU)午盘基准价格收益率,中银基金管理有限公司,招商银行股份有限公司,商品型ETF,,,446250897.28,364500,2170967,5.962,5.9560137174211,0.141091105
2024-12-26,518890.SH,中银黄金,20200928,,上海黄金交易所上海金集中定价合约(合约代码:SHAU)午盘基准价格收益率,中银基金管理有限公司,招商银行股份有限公司,商品型ETF,,,452246317.6,495100,2952750,5.965,5.9639466774389,0.050318685
2024-12-27,518890.SH,中银黄金,20200928,,上海黄金交易所上海金集中定价合约(合约代码:SHAU)午盘基准价格收益率,中银基金管理有限公司,招商银行股份有限公司,商品型ETF,,,452580078.72,1180110,7042681,5.962,5.9678174068519,-0.073746313
2024-12-30,518890.SH,中银黄金,20200928,,上海黄金交易所上海金集中定价合约(合约代码:SHAU)午盘基准价格收益率,中银基金管理有限公司,招商银行股份有限公司,商品型ETF,,,451009884.36,1058100,6294183,5.948,5.9485710235327,0.038683418
2024-12-31,518890.SH,中银黄金,20200928,,上海黄金交易所上海金集中定价合约(合约代码:SHAU)午盘基准价格收益率,中银基金管理有限公司,招商银行股份有限公司,商品型ETF,,,475926053.525,615210,3647898,5.943,5.9295167503779,-0.033641716
2025-01-02,518890.SH,中银黄金,20200928,,上海黄金交易所上海金集中定价合约(合约代码:SHAU)午盘基准价格收益率,中银基金管理有限公司,招商银行股份有限公司,商品型ETF,,,487293161.08,5792213,34665311,5.99,5.9848128858521,-0.118390555
2025-01-03,518890.SH,中银黄金,20200928,,上海黄金交易所上海金集中定价合约(合约代码:SHAU)午盘基准价格收益率,中银基金管理有限公司,招商银行股份有限公司,商品型ETF,,,476756120.8,2847800,17202680,6.047,6.0406910597654,0.016539861
2025-01-06,518890.SH,中银黄金,20200928,,上海黄金交易所上海金集中定价合约(合约代码:SHAU)午盘基准价格收益率,中银基金管理有限公司,招商银行股份有限公司,商品型ETF,,,447615896.0,3823900,23024490,6.013,6.0212060984858,-0.11627907
2025-01-07,518890.SH,中银黄金,20200928,,上海黄金交易所上海金集中定价合约(合约代码:SHAU)午盘基准价格收益率,中银基金管理有限公司,招商银行股份有限公司,商品型ETF,,,440845455.76,2161300,12998158,6.018,6.0140461759126,-0.136072483
2025-01-08,518890.SH,中银黄金,20200928,,上海黄金交易所上海金集中定价合约(合约代码:SHAU)午盘基准价格收益率,中银基金管理有限公司,招商银行股份有限公司,商品型ETF,,,440684114.24,2257500,13626706,6.05,6.0361931339978,0.019838646
2025-01-09,518890.SH,中银黄金,20200928,,上海黄金交易所上海金集中定价合约(合约代码:SHAU)午盘基准价格收益率,中银基金管理有限公司,招商银行股份有限公司,商品型ETF,,,439287507.56,1373500,8324186,6.087,6.0605649799782,0.120071714
2025-01-10,518890.SH,中银黄金,20200928,,上海黄金交易所上海金集中定价合约(合约代码:SHAU)午盘基准价格收益率,中银基金管理有限公司,招商银行股份有限公司,商品型ETF,,,440471308.2,2917300,17809262,6.12,6.1047070921743,-0.024503798
2025-01-13,518890.SH,中银黄金,20200928,,上海黄金交易所上海金集中定价合约(合约代码:SHAU)午盘基准价格收益率,中银基金管理有限公司,招商银行股份有限公司,商品型ETF,,,445471961.04,3523500,21621821,6.139,6.1364611891585,-0.01302974
2025-01-14,518890.SH,中银黄金,20200928,,上海黄金交易所上海金集中定价合约(合约代码:SHAU)午盘基准价格收益率,中银基金管理有限公司,招商银行股份有限公司,商品型ETF,,,444239428.48,3422100,20834273,6.09,6.0881543496683,-0.124639202
2025-01-15,518890.SH,中银黄金,20200928,,上海黄金交易所上海金集中定价合约(合约代码:SHAU)午盘基准价格收益率,中银基金管理有限公司,招商银行股份有限公司,商品型ETF,,,451460506.28,1574500,9606917,6.119,6.101566846618,-0.034307559
2025-01-16,518890.SH,中银黄金,20200928,,上海黄金交易所上海金集中定价合约(合约代码:SHAU)午盘基准价格收益率,中银基金管理有限公司,招商银行股份有限公司,商品型ETF,,,453024108.04,2976500,18287218,6.14,6.1438662859063,-0.037445257
2025-01-17,518890.SH,中银黄金,20200928,,上海黄金交易所上海金集中定价合约(合约代码:SHAU)午盘基准价格收益率,中银基金管理有限公司,招商银行股份有限公司,商品型ETF,,,459813844.16,2420900,14931266,6.155,6.167650873642,-0.068190674
2025-01-20,518890.SH,中银黄金,20200928,,上海黄金交易所上海金集中定价合约(合约代码:SHAU)午盘基准价格收益率,中银基金管理有限公司,招商银行股份有限公司,商品型ETF,,,462899800.28,1909100,11675196,6.146,6.1155497354775,-0.082911999
2025-01-21,518890.SH,中银黄金,20200928,,上海黄金交易所上海金集中定价合约(合约代码:SHAU)午盘基准价格收益率,中银基金管理有限公司,招商银行股份有限公司,商品型ETF,,,462847121.92,3237900,19890740,6.146,6.1430989221409,-0.071540062
2025-01-22,518890.SH,中银黄金,20200928,,上海黄金交易所上海金集中定价合约(合约代码:SHAU)午盘基准价格收益率,中银基金管理有限公司,招商银行股份有限公司,商品型ETF,,,470519738.92,5136700,31873025,6.205,6.2049613565129,0.033855132
2025-01-23,518890.SH,中银黄金,20200928,,上海黄金交易所上海金集中定价合约(合约代码:SHAU)午盘基准价格收益率,中银基金管理有限公司,招商银行股份有限公司,商品型ETF,,,487699620.32,3424300,21257084,6.208,6.2077166136145,-0.006442884
2025-01-24,518890.SH,中银黄金,20200928,,上海黄金交易所上海金集中定价合约(合约代码:SHAU)午盘基准价格收益率,中银基金管理有限公司,招商银行股份有限公司,商品型ETF,,,497183447.72,4343100,27081414,6.232,6.2355032119914,-0.030478513
2025-01-27,518890.SH,中银黄金,20200928,,上海黄金交易所上海金集中定价合约(合约代码:SHAU)午盘基准价格收益率,中银基金管理有限公司,招商银行股份有限公司,商品型ETF,,,495388964.72,4151300,25794062,6.217,6.2134902319755,0.090156808
2025-02-05,518890.SH,中银黄金,20200928,,上海黄金交易所上海金集中定价合约(合约代码:SHAU)午盘基准价格收益率,中银基金管理有限公司,招商银行股份有限公司,商品型ETF,,,532849881.72,2688106,17321797,6.454,6.4438667969195,0.234512106
2025-02-06,518890.SH,中银黄金,20200928,,上海黄金交易所上海金集中定价合约(合约代码:SHAU)午盘基准价格收益率,中银基金管理有限公司,招商银行股份有限公司,商品型ETF,,,553685188.68,3895200,25163023,6.424,6.460007958513,-0.156976112
2025-02-07,518890.SH,中银黄金,20200928,,上海黄金交易所上海金集中定价合约(合约代码:SHAU)午盘基准价格收益率,中银基金管理有限公司,招商银行股份有限公司,商品型ETF,,,585004971.72,4415600,28477349,6.438,6.4492592173204,-0.013977543
2025-02-10,518890.SH,中银黄金,20200928,,上海黄金交易所上海金集中定价合约(合约代码:SHAU)午盘基准价格收益率,中银基金管理有限公司,招商银行股份有限公司,商品型ETF,,,605137764.28,3343400,21727102,6.539,6.498505114554,0.120959716
2025-02-11,518890.SH,中银黄金,20200928,,上海黄金交易所上海金集中定价合约(合约代码:SHAU)午盘基准价格收益率,中银基金管理有限公司,招商银行股份有限公司,商品型ETF,,,631168632.32,4692200,31007705,6.603,6.6083510933038,0.06971387
2025-02-12,518890.SH,中银黄金,20200928,,上海黄金交易所上海金集中定价合约(合约代码:SHAU)午盘基准价格收益率,中银基金管理有限公司,招商银行股份有限公司,商品型ETF,,,648925787.44,1830700,12004385,6.543,6.5572649806085,-0.225685443
2025-02-13,518890.SH,中银黄金,20200928,,上海黄金交易所上海金集中定价合约(合约代码:SHAU)午盘基准价格收益率,中银基金管理有限公司,招商银行股份有限公司,商品型ETF,,,714898490.88,2054000,13544904,6.595,6.5944031158715,0.142735666
2025-02-14,518890.SH,中银黄金,20200928,,上海黄金交易所上海金集中定价合约(合约代码:SHAU)午盘基准价格收益率,中银基金管理有限公司,招商银行股份有限公司,商品型ETF,,,792198534.36,2521600,16691807,6.627,6.6195300602792,0.095156101
2025-02-17,518890.SH,中银黄金,20200928,,上海黄金交易所上海金集中定价合约(合约代码:SHAU)午盘基准价格收益率,中银基金管理有限公司,招商银行股份有限公司,商品型ETF,,,783423945.56,3533200,23015733,6.524,6.5141325144345,0.142754079
2025-02-18,518890.SH,中银黄金,20200928,,上海黄金交易所上海金集中定价合约(合约代码:SHAU)午盘基准价格收益率,中银基金管理有限公司,招商银行股份有限公司,商品型ETF,,,818190746.16,3407000,22310577,6.576,6.5484523040798,0.027379757
2025-02-19,518890.SH,中银黄金,20200928,,上海黄金交易所上海金集中定价合约(合约代码:SHAU)午盘基准价格收益率,中银基金管理有限公司,招商银行股份有限公司,商品型ETF,,,890943484.2,1900900,12584491,6.623,6.6202803934978,0.09823925
2025-02-20,518890.SH,中银黄金,20200928,,上海黄金交易所上海金集中定价合约(合约代码:SHAU)午盘基准价格收益率,中银基金管理有限公司,招商银行股份有限公司,商品型ETF,,,893717373.08,1695900,11243250,6.643,6.6296656642491,0.088894246
2025-02-21,518890.SH,中银黄金,20200928,,上海黄金交易所上海金集中定价合约(合约代码:SHAU)午盘基准价格收益率,中银基金管理有限公司,招商银行股份有限公司,商品型ETF,,,904865951.44,3271700,21567913,6.592,6.5922648775866,0.063754212
2025-02-24,518890.SH,中银黄金,20200928,,上海黄金交易所上海金集中定价合约(合约代码:SHAU)午盘基准价格收益率,中银基金管理有限公司,招商银行股份有限公司,商品型ETF,,,938904023.04,2385400,15713869,6.603,6.587519493586,-0.027252907
2025-02-25,518890.SH,中银黄金,20200928,,上海黄金交易所上海金集中定价合约(合约代码:SHAU)午盘基准价格收益率,中银基金管理有限公司,招商银行股份有限公司,商品型ETF,,,959987134.52,4594800,30404267,6.604,6.6171034647863,0.062122153
2025-02-26,518890.SH,中银黄金,20200928,,上海黄金交易所上海金集中定价合约(合约代码:SHAU)午盘基准价格收益率,中银基金管理有限公司,招商银行股份有限公司,商品型ETF,,,973481162.16,3549400,23306006,6.537,6.5661818898969,-0.110021087
2025-02-27,518890.SH,中银黄金,20200928,,上海黄金交易所上海金集中定价合约(合约代码:SHAU)午盘基准价格收益率,中银基金管理有限公司,招商银行股份有限公司,商品型ETF,,,973539392.84,6318800,41275386,6.516,6.5321557890739,-0.035285274
2025-02-28,518890.SH,中银黄金,20200928,,上海黄金交易所上海金集中定价合约(合约代码:SHAU)午盘基准价格收益率,中银基金管理有限公司,招商银行股份有限公司,商品型ETF,,,947281443.0,4951600,32113011,6.466,6.4853806850311,-0.100424874
2025-03-03,518890.SH,中银黄金,20200928,,上海黄金交易所上海金集中定价合约(合约代码:SHAU)午盘基准价格收益率,中银基金管理有限公司,招商银行股份有限公司,商品型ETF,,,908979791.24,5391700,34888055,6.475,6.470696626296,-0.02007319
2025-03-04,518890.SH,中银黄金,20200928,,上海黄金交易所上海金集中定价合约(合约代码:SHAU)午盘基准价格收益率,中银基金管理有限公司,招商银行股份有限公司,商品型ETF,,,918376903.92,5619200,36651259,6.515,6.5225048049544,-0.006139301
2025-03-05,518890.SH,中银黄金,20200928,,上海黄金交易所上海金集中定价合约(合约代码:SHAU)午盘基准价格收益率,中银基金管理有限公司,招商银行股份有限公司,商品型ETF,,,927479016.8,4850000,31788153,6.567,6.5542583505155,0.015229973
2025-03-06,518890.SH,中银黄金,20200928,,上海黄金交易所上海金集中定价合约(合约代码:SHAU)午盘基准价格收益率,中银基金管理有限公司,招商银行股份有限公司,商品型ETF,,,927863403.04,4327500,28368980,6.553,6.5555124205661,-0.027460792
2025-03-07,518890.SH,中银黄金,20200928,,上海黄金交易所上海金集中定价合约(合约代码:SHAU)午盘基准价格收益率,中银基金管理有限公司,招商银行股份有限公司,商品型ETF,,,926391233.12,3899900,25481680,6.546,6.5339316392728,0.024448383
2025-03-10,518890.SH,中银黄金,20200928,,上海黄金交易所上海金集中定价合约(合约代码:SHAU)午盘基准价格收益率,中银基金管理有限公司,招商银行股份有限公司,商品型ETF,,,928712731.84,3049800,19991285,6.567,6.5549495048856,0.094500671
2025-03-11,518890.SH,中银黄金,20200928,,上海黄金交易所上海金集中定价合约(合约代码:SHAU)午盘基准价格收益率,中银基金管理有限公司,招商银行股份有限公司,商品型ETF,,,921574566.16,4070900,26521783,6.534,6.5149679432067,0.150209987
2025-03-12,518890.SH,中银黄金,20200928,,上海黄金交易所上海金集中定价合约(合约代码:SHAU)午盘基准价格收益率,中银基金管理有限公司,招商银行股份有限公司,商品型ETF,,,926462010.52,3088800,20210364,6.546,6.5431118881119,0.016806979
2025-03-13,518890.SH,中银黄金,20200928,,上海黄金交易所上海金集中定价合约(合约代码:SHAU)午盘基准价格收益率,中银基金管理有限公司,招商银行股份有限公司,商品型ETF,,,933284951.88,3469500,22890462,6.599,6.5976255944661,0.089487495
2025-03-14,518890.SH,中银黄金,20200928,,上海黄金交易所上海金集中定价合约(合约代码:SHAU)午盘基准价格收益率,中银基金管理有限公司,招商银行股份有限公司,商品型ETF,,,940924350.08,3505900,23472723,6.69,6.6952060811774,0.005979431
2025-03-17,518890.SH,中银黄金,20200928,,上海黄金交易所上海金集中定价合约(合约代码:SHAU)午盘基准价格收益率,中银基金管理有限公司,招商银行股份有限公司,商品型ETF,,,904156673.56,2998441,20069750,6.697,6.6933950009355,-0.040300312
2025-03-18,518890.SH,中银黄金,20200928,,上海黄金交易所上海金集中定价合约(合约代码:SHAU)午盘基准价格收益率,中银基金管理有限公司,招商银行股份有限公司,商品型ETF,,,912077218.32,5907100,39792204,6.744,6.7363349189958,0.008897589
2025-03-19,518890.SH,中银黄金,20200928,,上海黄金交易所上海金集中定价合约(合约代码:SHAU)午盘基准价格收益率,中银基金管理有限公司,招商银行股份有限公司,商品型ETF,,,921720885.56,2035104,13828623,6.812,6.7950448723996,-0.039620233
2025-03-20,518890.SH,中银黄金,20200928,,上海黄金交易所上海金集中定价合约(合约代码:SHAU)午盘基准价格收益率,中银基金管理有限公司,招商银行股份有限公司,商品型ETF,,,937927251.8,5031528,34357631,6.828,6.8284686083432,-0.007322252
2025-03-21,518890.SH,中银黄金,20200928,,上海黄金交易所上海金集中定价合约(合约代码:SHAU)午盘基准价格收益率,中银基金管理有限公司,招商银行股份有限公司,商品型ETF,,,933559369.16,5778028,39308659,6.794,6.8031271222639,-0.039725161
2025-03-24,518890.SH,中银黄金,20200928,,上海黄金交易所上海金集中定价合约(合约代码:SHAU)午盘基准价格收益率,中银基金管理有限公司,招商银行股份有限公司,商品型ETF,,,958224825.88,5294500,35952084,6.815,6.7904587779771,0.248598873
2025-03-25,518890.SH,中银黄金,20200928,,上海黄金交易所上海金集中定价合约(合约代码:SHAU)午盘基准价格收益率,中银基金管理有限公司,招商银行股份有限公司,商品型ETF,,,956956232.68,3082000,20894926,6.794,6.7796645035691,0.072174515
2025-03-26,518890.SH,中银黄金,20200928,,上海黄金交易所上海金集中定价合约(合约代码:SHAU)午盘基准价格收益率,中银基金管理有限公司,招商银行股份有限公司,商品型ETF,,,962015815.4,4233900,28809444,6.815,6.8044696379225,0.066074444
2025-03-27,518890.SH,中银黄金,20200928,,上海黄金交易所上海金集中定价合约(合约代码:SHAU)午盘基准价格收益率,中银基金管理有限公司,招商银行股份有限公司,商品型ETF,,,974201581.64,4612700,31457624,6.824,6.8197853751599,-0.004396055
2025-03-28,518890.SH,中银黄金,20200928,,上海黄金交易所上海金集中定价合约(合约代码:SHAU)午盘基准价格收益率,中银基金管理有限公司,招商银行股份有限公司,商品型ETF,,,989077921.88,5318300,36867692,6.957,6.9322324803039,0.200198758
2025-03-31,518890.SH,中银黄金,20200928,,上海黄金交易所上海金集中定价合约(合约代码:SHAU)午盘基准价格收益率,中银基金管理有限公司,招商银行股份有限公司,商品型ETF,,,1007279042.171,4895700,34252069,7.021,6.9963578242131,0.131207393
2025-04-01,518890.SH,中银黄金,20200928,,上海黄金交易所上海金集中定价合约(合约代码:SHAU)午盘基准价格收益率,中银基金管理有限公司,招商银行股份有限公司,商品型ETF,,,1051163902.36,3867725,27421335,7.073,7.089784046177,-0.10874631
2025-04-02,518890.SH,中银黄金,20200928,,上海黄金交易所上海金集中定价合约(合约代码:SHAU)午盘基准价格收益率,中银基金管理有限公司,招商银行股份有限公司,商品型ETF,,,1121139995.36,4525700,32033963,7.054,7.0782338643746,0.011342369
2025-04-03,518890.SH,中银黄金,20200928,,上海黄金交易所上海金集中定价合约(合约代码:SHAU)午盘基准价格收益率,中银基金管理有限公司,招商银行股份有限公司,商品型ETF,,,1218725299.2,11627700,83550839,7.109,7.185500055901,0.070382883
2025-04-07,518890.SH,中银黄金,20200928,,上海黄金交易所上海金集中定价合约(合约代码:SHAU)午盘基准价格收益率,中银基金管理有限公司,招商银行股份有限公司,商品型ETF,,,1257153991.2,9441600,65386047,6.898,6.9253142475852,0.058021468
2025-04-08,518890.SH,中银黄金,20200928,,上海黄金交易所上海金集中定价合约(合约代码:SHAU)午盘基准价格收益率,中银基金管理有限公司,招商银行股份有限公司,商品型ETF,,,1281654300.08,5476600,37742833,6.92,6.8916541284739,0.078095624
2025-04-09,518890.SH,中银黄金,20200928,,上海黄金交易所上海金集中定价合约(合约代码:SHAU)午盘基准价格收益率,中银基金管理有限公司,招商银行股份有限公司,商品型ETF,,,1337684864.88,4312000,29879094,7.007,6.929288961039,0.23460075
2025-04-10,518890.SH,中银黄金,20200928,,上海黄金交易所上海金集中定价合约(合约代码:SHAU)午盘基准价格收益率,中银基金管理有限公司,招商银行股份有限公司,商品型ETF,,,1419885230.28,3510400,25064470,7.159,7.1400609617138,0.110472515
2025-04-11,518890.SH,中银黄金,20200928,,上海黄金交易所上海金集中定价合约(合约代码:SHAU)午盘基准价格收益率,中银基金管理有限公司,招商银行股份有限公司,商品型ETF,,,1472819010.88,6868900,50257955,7.274,7.3167399438047,-0.159218184
2025-04-14,518890.SH,中银黄金,20200928,,上海黄金交易所上海金集中定价合约(合约代码:SHAU)午盘基准价格收益率,中银基金管理有限公司,招商银行股份有限公司,商品型ETF,,,1520960075.28,3185200,23433803,7.349,7.3570899786513,0.141716404
2025-04-15,518890.SH,中银黄金,20200928,,上海黄金交易所上海金集中定价合约(合约代码:SHAU)午盘基准价格收益率,中银基金管理有限公司,招商银行股份有限公司,商品型ETF,,,1569908086.8,3555700,26121222,7.349,7.3462952442557,0.108976979
2025-04-16,518890.SH,中银黄金,20200928,,上海黄金交易所上海金集中定价合约(合约代码:SHAU)午盘基准价格收益率,中银基金管理有限公司,招商银行股份有限公司,商品型ETF,,,1654645546.88,7970600,59676282,7.513,7.4870501593356,0.098593051
2025-04-17,518890.SH,中银黄金,20200928,,上海黄金交易所上海金集中定价合约(合约代码:SHAU)午盘基准价格收益率,中银基金管理有限公司,招商银行股份有限公司,商品型ETF,,,1704411036.64,5825300,44276299,7.591,7.6006899215491,0.055359308
2025-04-18,518890.SH,中银黄金,20200928,,上海黄金交易所上海金集中定价合约(合约代码:SHAU)午盘基准价格收益率,中银基金管理有限公司,招商银行股份有限公司,商品型ETF,,,1711298650.04,6908300,52427010,7.611,7.5889886079064,0.048637493
2025-04-21,518890.SH,中银黄金,20200928,,上海黄金交易所上海金集中定价合约(合约代码:SHAU)午盘基准价格收益率,中银基金管理有限公司,招商银行股份有限公司,商品型ETF,,,1881697505.4,6172463,47619303,7.754,7.7147976423674,0.239157133
2025-04-22,518890.SH,中银黄金,20200928,,上海黄金交易所上海金集中定价合约(合约代码:SHAU)午盘基准价格收益率,中银基金管理有限公司,招商银行股份有限公司,商品型ETF,,,2079557929.52,13029706,103580599,8.011,7.9495729988075,0.295465358
2025-04-23,518890.SH,中银黄金,20200928,,上海黄金交易所上海金集中定价合约(合约代码:SHAU)午盘基准价格收益率,中银基金管理有限公司,招商银行股份有限公司,商品型ETF,,,2135257562.0,18511900,141706839,7.541,7.6549051691074,-0.317250496
2025-04-24,518890.SH,中银黄金,20200928,,上海黄金交易所上海金集中定价合约(合约代码:SHAU)午盘基准价格收益率,中银基金管理有限公司,招商银行股份有限公司,商品型ETF,,,2353332998.12,11893200,91243348,7.604,7.6718921736791,-0.365570828
2025-04-25,518890.SH,中银黄金,20200928,,上海黄金交易所上海金集中定价合约(合约代码:SHAU)午盘基准价格收益率,中银基金管理有限公司,招商银行股份有限公司,商品型ETF,,,2424791597.6,8314500,63265533,7.564,7.6090604365867,0.02644803
2025-04-28,518890.SH,中银黄金,20200928,,上海黄金交易所上海金集中定价合约(合约代码:SHAU)午盘基准价格收益率,中银基金管理有限公司,招商银行股份有限公司,商品型ETF,,,2402474023.52,2567400,19233824,7.489,7.4915572174184,-0.045379318
2025-04-29,518890.SH,中银黄金,20200928,,上海黄金交易所上海金集中定价合约(合约代码:SHAU)午盘基准价格收益率,中银基金管理有限公司,招商银行股份有限公司,商品型ETF,,,2417142694.28,4883100,36850682,7.535,7.5465753312445,0.051785264
2025-04-30,518890.SH,中银黄金,20200928,,上海黄金交易所上海金集中定价合约(合约代码:SHAU)午盘基准价格收益率,中银基金管理有限公司,招商银行股份有限公司,商品型ETF,,,2340006245.72,2736700,20560041,7.487,7.5127127562393,-0.092074888
2025-05-06,518890.SH,中银黄金,20200928,,上海黄金交易所上海金集中定价合约(合约代码:SHAU)午盘基准价格收益率,中银基金管理有限公司,招商银行股份有限公司,商品型ETF,,,2386268701.52,7933200,60568940,7.63,7.6348686532547,0.034087631
2025-05-07,518890.SH,中银黄金,20200928,,上海黄金交易所上海金集中定价合约(合约代码:SHAU)午盘基准价格收益率,中银基金管理有限公司,招商银行股份有限公司,商品型ETF,,,2405008704.04,7001600,53705092,7.693,7.6704027650823,0.074148271
2025-05-08,518890.SH,中银黄金,20200928,,上海黄金交易所上海金集中定价合约(合约代码:SHAU)午盘基准价格收益率,中银基金管理有限公司,招商银行股份有限公司,商品型ETF,,,2391241934.36,12573500,96201764,7.575,7.651152344216,0.056797918
2025-05-09,518890.SH,中银黄金,20200928,,上海黄金交易所上海金集中定价合约(合约代码:SHAU)午盘基准价格收益率,中银基金管理有限公司,招商银行股份有限公司,商品型ETF,,,2393620997.16,9751200,73136425,7.554,7.500248687341,-0.035729882
2025-05-12,518890.SH,中银黄金,20200928,,上海黄金交易所上海金集中定价合约(合约代码:SHAU)午盘基准价格收益率,中银基金管理有限公司,招商银行股份有限公司,商品型ETF,,,2334799630.8,6938400,51350985,7.394,7.4009836561743,0.312033645
2025-05-13,518890.SH,中银黄金,20200928,,上海黄金交易所上海金集中定价合约(合约代码:SHAU)午盘基准价格收益率,中银基金管理有限公司,招商银行股份有限公司,商品型ETF,,,2323042239.44,13741200,100272453,7.349,7.297212252205,0.016331419
2025-05-14,518890.SH,中银黄金,20200928,,上海黄金交易所上海金集中定价合约(合约代码:SHAU)午盘基准价格收益率,中银基金管理有限公司,招商银行股份有限公司,商品型ETF,,,2221454448.2,4885700,35692089,7.297,7.3054196942096,0.006852601
2025-05-15,518890.SH,中银黄金,20200928,,上海黄金交易所上海金集中定价合约(合约代码:SHAU)午盘基准价格收益率,中银基金管理有限公司,招商银行股份有限公司,商品型ETF,,,2071047911.68,25576995,181369590,7.077,7.0911219242135,-0.064957072
2025-05-16,518890.SH,中银黄金,20200928,,上海黄金交易所上海金集中定价合约(合约代码:SHAU)午盘基准价格收益率,中银基金管理有限公司,招商银行股份有限公司,商品型ETF,,,1980477076.44,8748200,63027047,7.205,7.2045731693377,0.065275058
2025-05-19,518890.SH,中银黄金,20200928,,上海黄金交易所上海金集中定价合约(合约代码:SHAU)午盘基准价格收益率,中银基金管理有限公司,招商银行股份有限公司,商品型ETF,,,1990956664.32,15478368,111949176,7.241,7.232621423654,0.03591954
2025-05-20,518890.SH,中银黄金,20200928,,上海黄金交易所上海金集中定价合约(合约代码:SHAU)午盘基准价格收益率,中银基金管理有限公司,招商银行股份有限公司,商品型ETF,,,1988013577.96,5892500,42582189,7.227,7.2265064064489,-0.009684962
2025-05-21,518890.SH,中银黄金,20200928,,上海黄金交易所上海金集中定价合约(合约代码:SHAU)午盘基准价格收益率,中银基金管理有限公司,招商银行股份有限公司,商品型ETF,,,2058788897.0,13855400,103036168,7.464,7.4365350693592,0.154310634
2025-05-22,518890.SH,中银黄金,20200928,,上海黄金交易所上海金集中定价合约(合约代码:SHAU)午盘基准价格收益率,中银基金管理有限公司,招商银行股份有限公司,商品型ETF,,,2063181348.32,5534900,41511821,7.467,7.5000128276934,-0.018745648
2025-05-23,518890.SH,中银黄金,20200928,,上海黄金交易所上海金集中定价合约(合约代码:SHAU)午盘基准价格收益率,中银基金管理有限公司,招商银行股份有限公司,商品型ETF,,,2062518336.8,5573000,41390812,7.468,7.4270253005563,0.026788106
2025-05-26,518890.SH,中银黄金,20200928,,上海黄金交易所上海金集中定价合约(合约代码:SHAU)午盘基准价格收益率,中银基金管理有限公司,招商银行股份有限公司,商品型ETF,,,2029478738.32,2806300,20954001,7.453,7.4667715497274,0.128973319
2025-05-27,518890.SH,中银黄金,20200928,,上海黄金交易所上海金集中定价合约(合约代码:SHAU)午盘基准价格收益率,中银基金管理有限公司,招商银行股份有限公司,商品型ETF,,,2006447214.84,9175127,68115567,7.381,7.423937238144,-0.031151382
2025-05-28,518890.SH,中银黄金,20200928,,上海黄金交易所上海金集中定价合约(合约代码:SHAU)午盘基准价格收益率,中银基金管理有限公司,招商银行股份有限公司,商品型ETF,,,1972342148.84,6601700,48772467,7.391,7.387864792402,0.036544266
2025-05-29,518890.SH,中银黄金,20200928,,上海黄金交易所上海金集中定价合约(合约代码:SHAU)午盘基准价格收益率,中银基金管理有限公司,招商银行股份有限公司,商品型ETF,,,1931594830.92,4995800,36486758,7.313,7.3034865286841,-0.0669591
2025-05-30,518890.SH,中银黄金,20200928,,上海黄金交易所上海金集中定价合约(合约代码:SHAU)午盘基准价格收益率,中银基金管理有限公司,招商银行股份有限公司,商品型ETF,,,1948619915.52,3346900,24697409,7.387,7.3791893991455,0.06231036
2025-06-03,518890.SH,中银黄金,20200928,,上海黄金交易所上海金集中定价合约(合约代码:SHAU)午盘基准价格收益率,中银基金管理有限公司,招商银行股份有限公司,商品型ETF,,,1977496570.64,7053532,53018460,7.496,7.5165831813055,0.056061294
2025-06-04,518890.SH,中银黄金,20200928,,上海黄金交易所上海金集中定价合约(合约代码:SHAU)午盘基准价格收益率,中银基金管理有限公司,招商银行股份有限公司,商品型ETF,,,1988946634.48,4201700,31500538,7.485,7.4970935573696,-0.101433414
2025-06-05,518890.SH,中银黄金,20200928,,上海黄金交易所上海金集中定价合约(合约代码:SHAU)午盘基准价格收益率,中银基金管理有限公司,招商银行股份有限公司,商品型ETF,,,1990857909.04,2134000,16018605,7.497,7.5063753514527,-0.037334329
2025-06-06,518890.SH,中银黄金,20200928,,上海黄金交易所上海金集中定价合约(合约代码:SHAU)午盘基准价格收益率,中银基金管理有限公司,招商银行股份有限公司,商品型ETF,,,1989663362.44,2478700,18575634,7.492,7.4941033606326,-0.044027591
2025-06-09,518890.SH,中银黄金,20200928,,上海黄金交易所上海金集中定价合约(合约代码:SHAU)午盘基准价格收益率,中银基金管理有限公司,招商银行股份有限公司,商品型ETF,,,1965353893.08,7489000,55200192,7.42,7.3708361597009,0.10658248
2025-06-10,518890.SH,中银黄金,20200928,,上海黄金交易所上海金集中定价合约(合约代码:SHAU)午盘基准价格收益率,中银基金管理有限公司,招商银行股份有限公司,商品型ETF,,,1955541067.4,3648900,26967611,7.432,7.3906138836362,0.087536193
2025-06-11,518890.SH,中银黄金,20200928,,上海黄金交易所上海金集中定价合约(合约代码:SHAU)午盘基准价格收益率,中银基金管理有限公司,招商银行股份有限公司,商品型ETF,,,1974077486.0,3174800,23626318,7.445,7.4418287766158,0
2025-06-12,518890.SH,中银黄金,20200928,,上海黄金交易所上海金集中定价合约(合约代码:SHAU)午盘基准价格收益率,中银基金管理有限公司,招商银行股份有限公司,商品型ETF,,,1991710280.2,2528300,18994695,7.515,7.5128327334573,0.046595221
2025-06-13,518890.SH,中银黄金,20200928,,上海黄金交易所上海金集中定价合约(合约代码:SHAU)午盘基准价格收益率,中银基金管理有限公司,招商银行股份有限公司,商品型ETF,,,2014778747.8,12413600,94716911,7.606,7.6300920764323,0.098703692
2025-06-16,518890.SH,中银黄金,20200928,,上海黄金交易所上海金集中定价合约(合约代码:SHAU)午盘基准价格收益率,中银基金管理有限公司,招商银行股份有限公司,商品型ETF,,,2005351839.48,6304300,47971313,7.58,7.6093004774519,-0.001319244
2025-06-17,518890.SH,中银黄金,20200928,,上海黄金交易所上海金集中定价合约(合约代码:SHAU)午盘基准价格收益率,中银基金管理有限公司,招商银行股份有限公司,商品型ETF,,,1930815719.24,4427000,33275988,7.513,7.5165999548227,0.022632567
2025-06-18,518890.SH,中银黄金,20200928,,上海黄金交易所上海金集中定价合约(合约代码:SHAU)午盘基准价格收益率,中银基金管理有限公司,招商银行股份有限公司,商品型ETF,,,1932383753.52,7339500,55144566,7.518,7.5133954629062,0.007981483
2025-06-19,518890.SH,中银黄金,20200928,,上海黄金交易所上海金集中定价合约(合约代码:SHAU)午盘基准价格收益率,中银基金管理有限公司,招商银行股份有限公司,商品型ETF,,,1920885360.72,14440200,108312678,7.479,7.5007740890015,-0.032079557
2025-06-20,518890.SH,中银黄金,20200928,,上海黄金交易所上海金集中定价合约(合约代码:SHAU)午盘基准价格收益率,中银基金管理有限公司,招商银行股份有限公司,商品型ETF,,,1915289609.32,6797700,50696994,7.441,7.4579628403725,-0.132869855
2025-06-23,518890.SH,中银黄金,20200928,,上海黄金交易所上海金集中定价合约(合约代码:SHAU)午盘基准价格收益率,中银基金管理有限公司,招商银行股份有限公司,商品型ETF,,,1924061691.24,5153700,38554874,7.478,7.4810085957661,0.02273852
2025-06-24,518890.SH,中银黄金,20200928,,上海黄金交易所上海金集中定价合约(合约代码:SHAU)午盘基准价格收益率,中银基金管理有限公司,招商银行股份有限公司,商品型ETF,,,1904249330.36,5612600,41584846,7.389,7.4091946691373,-0.023001881
2025-06-25,518890.SH,中银黄金,20200928,,上海黄金交易所上海金集中定价合约(合约代码:SHAU)午盘基准价格收益率,中银基金管理有限公司,招商银行股份有限公司,商品型ETF,,,1918010526.08,2045400,15146665,7.412,7.4052336951208,0.032390412
2025-06-26,518890.SH,中银黄金,20200928,,上海黄金交易所上海金集中定价合约(合约代码:SHAU)午盘基准价格收益率,中银基金管理有限公司,招商银行股份有限公司,商品型ETF,,,1964507508.04,1527800,11323209,7.418,7.4114471789501,0.009437396
2025-06-27,518890.SH,中银黄金,20200928,,上海黄金交易所上海金集中定价合约(合约代码:SHAU)午盘基准价格收益率,中银基金管理有限公司,招商银行股份有限公司,商品型ETF,,,1956339605.68,3936100,28925545,7.339,7.3487830593735,0.032712701
2025-06-30,518890.SH,中银黄金,20200928,,上海黄金交易所上海金集中定价合约(合约代码:SHAU)午盘基准价格收益率,中银基金管理有限公司,招商银行股份有限公司,商品型ETF,,,1978553049.974,2626100,19213944,7.328,7.3165317390808,-0.016372865
2025-07-01,518890.SH,中银黄金,20200928,,上海黄金交易所上海金集中定价合约(合约代码:SHAU)午盘基准价格收益率,中银基金管理有限公司,招商银行股份有限公司,商品型ETF,,,2015517985.8,2971100,21941875,7.41,7.3851014775672,0.020247014
2025-07-02,518890.SH,中银黄金,20200928,,上海黄金交易所上海金集中定价合约(合约代码:SHAU)午盘基准价格收益率,中银基金管理有限公司,招商银行股份有限公司,商品型ETF,,,2015898862.52,1984300,14706979,7.413,7.4116711182785,0.041835922
2025-07-03,518890.SH,中银黄金,20200928,,上海黄金交易所上海金集中定价合约(合约代码:SHAU)午盘基准价格收益率,中银基金管理有限公司,招商银行股份有限公司,商品型ETF,,,2030399383.36,2432100,18117387,7.459,7.4492771678796,-0.056276128
2025-07-04,518890.SH,中银黄金,20200928,,上海黄金交易所上海金集中定价合约(合约代码:SHAU)午盘基准价格收益率,中银基金管理有限公司,招商银行股份有限公司,商品型ETF,,,2019517191.36,996900,7389691,7.42,7.4126702778614,-0.043108094
2025-07-07,518890.SH,中银黄金,20200928,,上海黄金交易所上海金集中定价合约(合约代码:SHAU)午盘基准价格收益率,中银基金管理有限公司,招商银行股份有限公司,商品型ETF,,,2013641946.68,1569600,11568110,7.366,7.3701006625892,-0.042067552
2025-07-08,518890.SH,中银黄金,20200928,,上海黄金交易所上海金集中定价合约(合约代码:SHAU)午盘基准价格收益率,中银基金管理有限公司,招商银行股份有限公司,商品型ETF,,,2037966253.52,3062100,22706812,7.417,7.415437771464,-0.005392725
2025-07-09,518890.SH,中银黄金,20200928,,上海黄金交易所上海金集中定价合约(合约代码:SHAU)午盘基准价格收益率,中银基金管理有限公司,招商银行股份有限公司,商品型ETF,,,2011671347.56,4775800,35038679,7.329,7.3367140583777,-0.009550186
2025-07-10,518890.SH,中银黄金,20200928,,上海黄金交易所上海金集中定价合约(合约代码:SHAU)午盘基准价格收益率,中银基金管理有限公司,招商银行股份有限公司,商品型ETF,,,2032297400.76,3017900,22299140,7.381,7.3889592100467,-0.10421319
2025-07-11,518890.SH,中银黄金,20200928,,上海黄金交易所上海金集中定价合约(合约代码:SHAU)午盘基准价格收益率,中银基金管理有限公司,招商银行股份有限公司,商品型ETF,,,2038549942.44,2477000,18323175,7.392,7.3973253936213,-0.044622936
2025-07-14,518890.SH,中银黄金,20200928,,上海黄金交易所上海金集中定价合约(合约代码:SHAU)午盘基准价格收益率,中银基金管理有限公司,招商银行股份有限公司,商品型ETF,,,2067685669.92,2050700,15255898,7.463,7.4393611937387,0.034850678
2025-07-15,518890.SH,中银黄金,20200928,,上海黄金交易所上海金集中定价合约(合约代码:SHAU)午盘基准价格收益率,中银基金管理有限公司,招商银行股份有限公司,商品型ETF,,,2065523862.48,1577100,11737761,7.447,7.4426231691079,-0.075141561
2025-07-16,518890.SH,中银黄金,20200928,,上海黄金交易所上海金集中定价合约(合约代码:SHAU)午盘基准价格收益率,中银基金管理有限公司,招商银行股份有限公司,商品型ETF,,,2045000264.76,2685100,19890540,7.412,7.4077464526461,-0.090312319
2025-07-17,518890.SH,中银黄金,20200928,,上海黄金交易所上海金集中定价合约(合约代码:SHAU)午盘基准价格收益率,中银基金管理有限公司,招商银行股份有限公司,商品型ETF,,,2032611102.68,1055000,7826321,7.414,7.4183137440758,-0.001348781
2025-07-18,518890.SH,中银黄金,20200928,,上海黄金交易所上海金集中定价合约(合约代码:SHAU)午盘基准价格收益率,中银基金管理有限公司,招商银行股份有限公司,商品型ETF,,,2034475355.32,1468100,10885528,7.419,7.4147047203869,-0.025603363
2025-07-21,518890.SH,中银黄金,20200928,,上海黄金交易所上海金集中定价合约(合约代码:SHAU)午盘基准价格收益率,中银基金管理有限公司,招商银行股份有限公司,商品型ETF,,,2035995188.04,1423000,10607160,7.459,7.4540829234013,-0.111151286
2025-07-22,518890.SH,中银黄金,20200928,,上海黄金交易所上海金集中定价合约(合约代码:SHAU)午盘基准价格收益率,中银基金管理有限公司,招商银行股份有限公司,商品型ETF,,,2026316439.44,1201600,9010503,7.489,7.4987541611185,-0.117367761
2025-07-23,518890.SH,中银黄金,20200928,,上海黄金交易所上海金集中定价合约(合约代码:SHAU)午盘基准价格收益率,中银基金管理有限公司,招商银行股份有限公司,商品型ETF,,,1993832855.32,2209400,16703061,7.562,7.5599986421653,-0.117555377
2025-07-24,518890.SH,中银黄金,20200928,,上海黄金交易所上海金集中定价合约(合约代码:SHAU)午盘基准价格收益率,中银基金管理有限公司,招商银行股份有限公司,商品型ETF,,,1917029008.44,1926100,14357718,7.438,7.4542952079331,-0.030912732
2025-07-25,518890.SH,中银黄金,20200928,,上海黄金交易所上海金集中定价合约(合约代码:SHAU)午盘基准价格收益率,中银基金管理有限公司,招商银行股份有限公司,商品型ETF,,,1910859390.0,1690000,12549356,7.424,7.4256544378698,-0.013468013
2025-07-28,518890.SH,中银黄金,20200928,,上海黄金交易所上海金集中定价合约(合约代码:SHAU)午盘基准价格收益率,中银基金管理有限公司,招商银行股份有限公司,商品型ETF,,,1903567910.44,1795000,13266496,7.408,7.3908055710306,0.036460373
2025-07-29,518890.SH,中银黄金,20200928,,上海黄金交易所上海金集中定价合约(合约代码:SHAU)午盘基准价格收益率,中银基金管理有限公司,招商银行股份有限公司,商品型ETF,,,1890789949.44,2406300,17738770,7.38,7.3718031833105,0.09765625
2025-07-30,518890.SH,中银黄金,20200928,,上海黄金交易所上海金集中定价合约(合约代码:SHAU)午盘基准价格收益率,中银基金管理有限公司,招商银行股份有限公司,商品型ETF,,,1895406135.84,1482700,10962248,7.394,7.3934362986444,0.043297072
2025-07-31,518890.SH,中银黄金,20200928,,上海黄金交易所上海金集中定价合约(合约代码:SHAU)午盘基准价格收益率,中银基金管理有限公司,招商银行股份有限公司,商品型ETF,,,1938633689.24,1770000,13015154,7.364,7.3531943502825,0.036678304
2025-08-01,518890.SH,中银黄金,20200928,,上海黄金交易所上海金集中定价合约(合约代码:SHAU)午盘基准价格收益率,中银基金管理有限公司,招商银行股份有限公司,商品型ETF,,,1939608102.0,795700,5858344,7.366,7.3625034560764,0.013577733
2025-08-04,518890.SH,中银黄金,20200928,,上海黄金交易所上海金集中定价合约(合约代码:SHAU)午盘基准价格收益率,中银基金管理有限公司,招商银行股份有限公司,商品型ETF,,,2023492695.0,6279200,46828656,7.46,7.4577423875653,-0.033500838
2025-08-05,518890.SH,中银黄金,20200928,,上海黄金交易所上海金集中定价合约(合约代码:SHAU)午盘基准价格收益率,中银基金管理有限公司,招商银行股份有限公司,商品型ETF,,,2041074107.96,2891500,21668100,7.47,7.4937229811517,-0.102972839
2025-08-06,518890.SH,中银黄金,20200928,,上海黄金交易所上海金集中定价合约(合约代码:SHAU)午盘基准价格收益率,中银基金管理有限公司,招商银行股份有限公司,商品型ETF,,,1999171106.24,1231500,9223158,7.482,7.4893690621194,-0.090802265
2025-08-07,518890.SH,中银黄金,20200928,,上海黄金交易所上海金集中定价合约(合约代码:SHAU)午盘基准价格收益率,中银基金管理有限公司,招商银行股份有限公司,商品型ETF,,,1975608703.16,1093200,8189555,7.495,7.4913602268569,-0.089313089
2025-08-08,518890.SH,中银黄金,20200928,,上海黄金交易所上海金集中定价合约(合约代码:SHAU)午盘基准价格收益率,中银基金管理有限公司,招商银行股份有限公司,商品型ETF,,,1946090268.64,1836900,13808807,7.52,7.5174516849039,-0.090343838
2025-08-11,518890.SH,中银黄金,20200928,,上海黄金交易所上海金集中定价合约(合约代码:SHAU)午盘基准价格收益率,中银基金管理有限公司,招商银行股份有限公司,商品型ETF,,,1901980091.24,2496500,18624732,7.447,7.4603372721811,-0.057708051
2025-08-12,518890.SH,中银黄金,20200928,,上海黄金交易所上海金集中定价合约(合约代码:SHAU)午盘基准价格收益率,中银基金管理有限公司,招商银行股份有限公司,商品型ETF,,,1871276557.36,1794900,13319209,7.413,7.4205855479414,-0.070097867
2025-08-13,518890.SH,中银黄金,20200928,,上海黄金交易所上海金集中定价合约(合约代码:SHAU)午盘基准价格收益率,中银基金管理有限公司,招商银行股份有限公司,商品型ETF,,,1874732448.12,1366500,10141761,7.429,7.4217058177827,-0.039020977
2025-08-14,518890.SH,中银黄金,20200928,,上海黄金交易所上海金集中定价合约(合约代码:SHAU)午盘基准价格收益率,中银基金管理有限公司,招商银行股份有限公司,商品型ETF,,,1880093697.64,1357800,10103223,7.44,7.4408771542201,-0.057762315
2025-08-15,518890.SH,中银黄金,20200928,,上海黄金交易所上海金集中定价合约(合约代码:SHAU)午盘基准价格收益率,中银基金管理有限公司,招商银行股份有限公司,商品型ETF,,,1888749186.12,1663000,12322517,7.413,7.409811785929,-0.052582615
2025-08-18,518890.SH,中银黄金,20200928,,上海黄金交易所上海金集中定价合约(合约代码:SHAU)午盘基准价格收益率,中银基金管理有限公司,招商银行股份有限公司,商品型ETF,,,1894926055.52,1766000,13113687,7.433,7.4256438278596,0.008072762
2025-08-19,518890.SH,中银黄金,20200928,,上海黄金交易所上海金集中定价合约(合约代码:SHAU)午盘基准价格收益率,中银基金管理有限公司,招商银行股份有限公司,商品型ETF,,,1888985608.68,1183100,8766423,7.406,7.409705857493,-0.041840439
2025-08-20,518890.SH,中银黄金,20200928,,上海黄金交易所上海金集中定价合约(合约代码:SHAU)午盘基准价格收益率,中银基金管理有限公司,招商银行股份有限公司,商品型ETF,,,1883198134.72,1379700,10175933,7.388,7.3754678553309,0.021661432
2025-08-21,518890.SH,中银黄金,20200928,,上海黄金交易所上海金集中定价合约(合约代码:SHAU)午盘基准价格收益率,中银基金管理有限公司,招商银行股份有限公司,商品型ETF,,,1888756149.36,1460600,10833665,7.408,7.4172702998768,-0.002699711
2025-08-22,518890.SH,中银黄金,20200928,,上海黄金交易所上海金集中定价合约(合约代码:SHAU)午盘基准价格收益率,中银基金管理有限公司,招商银行股份有限公司,商品型ETF,,,1894495285.32,1267600,9382906,7.394,7.4021031871253,-0.025689909
2025-08-25,518890.SH,中银黄金,20200928,,上海黄金交易所上海金集中定价合约(合约代码:SHAU)午盘基准价格收益率,中银基金管理有限公司,招商银行股份有限公司,商品型ETF,,,1936472062.72,3119400,23212628,7.443,7.4413759056229,-0.045659648
2025-08-26,518890.SH,中银黄金,20200928,,上海黄金交易所上海金集中定价合约(合约代码:SHAU)午盘基准价格收益率,中银基金管理有限公司,招商银行股份有限公司,商品型ETF,,,1948131963.92,2394000,17858445,7.466,7.4596679197995,0.008037078
2025-08-27,518890.SH,中银黄金,20200928,,上海黄金交易所上海金集中定价合约(合约代码:SHAU)午盘基准价格收益率,中银基金管理有限公司,招商银行股份有限公司,商品型ETF,,,1949149687.64,1192300,8909950,7.466,7.472909502642,-0.044180847
2025-08-28,518890.SH,中银黄金,20200928,,上海黄金交易所上海金集中定价合约(合约代码:SHAU)午盘基准价格收益率,中银基金管理有限公司,招商银行股份有限公司,商品型ETF,,,1949823132.68,1271700,9513011,7.483,7.4805465125423,-0.08145171
2025-08-29,518890.SH,中银黄金,20200928,,上海黄金交易所上海金集中定价合约(合约代码:SHAU)午盘基准价格收益率,中银基金管理有限公司,招商银行股份有限公司,商品型ETF,,,1927227204.28,1882300,14116656,7.501,7.4996844286246,-0.067944738
2025-09-01,518890.SH,中银黄金,20200928,,上海黄金交易所上海金集中定价合约(合约代码:SHAU)午盘基准价格收益率,中银基金管理有限公司,招商银行股份有限公司,商品型ETF,,,1924401418.24,11757500,89582465,7.65,7.6191762704657,0.277894295
2025-09-02,518890.SH,中银黄金,20200928,,上海黄金交易所上海金集中定价合约(合约代码:SHAU)午盘基准价格收益率,中银基金管理有限公司,招商银行股份有限公司,商品型ETF,,,1871829444.8,3688400,28433084,7.688,7.7087853811951,0.156331423
2025-09-03,518890.SH,中银黄金,20200928,,上海黄金交易所上海金集中定价合约(合约代码:SHAU)午盘基准价格收益率,中银基金管理有限公司,招商银行股份有限公司,商品型ETF,,,1861701634.4,3625700,28217221,7.781,7.7825581267066,0.038570327
2025-09-04,518890.SH,中银黄金,20200928,,上海黄金交易所上海金集中定价合约(合约代码:SHAU)午盘基准价格收益率,中银基金管理有限公司,招商银行股份有限公司,商品型ETF,,,1841310777.32,8131600,63155967,7.761,7.7667331152541,0.00128851
2025-09-05,518890.SH,中银黄金,20200928,,上海黄金交易所上海金集中定价合约(合约代码:SHAU)午盘基准价格收益率,中银基金管理有限公司,招商银行股份有限公司,商品型ETF,,,1782595808.16,2622600,20420891,7.786,7.7865061389461,-0.041082525
2025-09-08,518890.SH,中银黄金,20200928,,上海黄金交易所上海金集中定价合约(合约代码:SHAU)午盘基准价格收益率,中银基金管理有限公司,招商银行股份有限公司,商品型ETF,,,1782428780.88,4080000,32003015,7.858,7.8438762254902,-0.033076355
2025-09-09,518890.SH,中银黄金,20200928,,上海黄金交易所上海金集中定价合约(合约代码:SHAU)午盘基准价格收益率,中银基金管理有限公司,招商银行股份有限公司,商品型ETF,,,1814750238.2,9459800,75401463,7.981,7.9707248567623,0.119174559
2025-09-10,518890.SH,中银黄金,20200928,,上海黄金交易所上海金集中定价合约(合约代码:SHAU)午盘基准价格收益率,中银基金管理有限公司,招商银行股份有限公司,商品型ETF,,,1816885382.52,3377400,26821131,7.963,7.9413545922899,0.038945213
2025-09-11,518890.SH,中银黄金,20200928,,上海黄金交易所上海金集中定价合约(合约代码:SHAU)午盘基准价格收益率,中银基金管理有限公司,招商银行股份有限公司,商品型ETF,,,1817038455.56,4710300,37419438,7.934,7.9441729826126,-0.071791126
2025-09-12,518890.SH,中银黄金,20200928,,上海黄金交易所上海金集中定价合约(合约代码:SHAU)午盘基准价格收益率,中银基金管理有限公司,招商银行股份有限公司,商品型ETF,,,1826409586.96,2796900,22278101,7.967,7.9652833494226,-0.040149557
2025-09-15,518890.SH,中银黄金,20200928,,上海黄金交易所上海金集中定价合约(合约代码:SHAU)午盘基准价格收益率,中银基金管理有限公司,招商银行股份有限公司,商品型ETF,,,1804245557.24,2433300,19343444,7.942,7.9494694447869,-0.054113235
2025-09-16,518890.SH,中银黄金,20200928,,上海黄金交易所上海金集中定价合约(合约代码:SHAU)午盘基准价格收益率,中银基金管理有限公司,招商银行股份有限公司,商品型ETF,,,1823335346.8,5966900,47840783,8.043,8.0176947828856,0.024872528
2025-09-17,518890.SH,中银黄金,20200928,,上海黄金交易所上海金集中定价合约(合约代码:SHAU)午盘基准价格收益率,中银基金管理有限公司,招商银行股份有限公司,商品型ETF,,,1812896345.12,7144600,57118420,7.983,7.994628110741,-0.017534192
2025-09-18,518890.SH,中银黄金,20200928,,上海黄金交易所上海金集中定价合约(合约代码:SHAU)午盘基准价格收益率,中银基金管理有限公司,招商银行股份有限公司,商品型ETF,,,1791030967.88,9278600,73508772,7.898,7.922399068825,0.125505508
2025-09-19,518890.SH,中银黄金,20200928,,上海黄金交易所上海金集中定价合约(合约代码:SHAU)午盘基准价格收益率,中银基金管理有限公司,招商银行股份有限公司,商品型ETF,,,1800218041.88,5469800,43248037,7.915,7.9066943946762,-0.039150806
2025-09-22,518890.SH,中银黄金,20200928,,上海黄金交易所上海金集中定价合约(合约代码:SHAU)午盘基准价格收益率,中银基金管理有限公司,招商银行股份有限公司,商品型ETF,,,1833093545.96,3159600,25352949,8.065,8.0241008355488,0.028526424
2025-09-23,518890.SH,中银黄金,20200928,,上海黄金交易所上海金集中定价合约(合约代码:SHAU)午盘基准价格收益率,中银基金管理有限公司,招商银行股份有限公司,商品型ETF,,,1853373594.12,7392700,60166443,8.154,8.1386290529847,0.025760866
2025-09-24,518890.SH,中银黄金,20200928,,上海黄金交易所上海金集中定价合约(合约代码:SHAU)午盘基准价格收益率,中银基金管理有限公司,招商银行股份有限公司,商品型ETF,,,1852641753.44,9613800,78512894,8.191,8.1666868459922,-0.143853318
2025-09-25,518890.SH,中银黄金,20200928,,上海黄金交易所上海金集中定价合约(合约代码:SHAU)午盘基准价格收益率,中银基金管理有限公司,招商银行股份有限公司,商品型ETF,,,1798249803.6,3316800,27017809,8.153,8.1457455981669,-0.049037636
2025-09-26,518890.SH,中银黄金,20200928,,上海黄金交易所上海金集中定价合约(合约代码:SHAU)午盘基准价格收益率,中银基金管理有限公司,招商银行股份有限公司,商品型ETF,,,1804295206.84,2565200,20971857,8.174,8.175525105255,0.008564472
2025-09-29,518890.SH,中银黄金,20200928,,上海黄金交易所上海金集中定价合约(合约代码:SHAU)午盘基准价格收益率,中银基金管理有限公司,招商银行股份有限公司,商品型ETF,,,1832664051.88,2847800,23435900,8.27,8.2294753845073,0.022979887
2025-09-30,518890.SH,中银黄金,20200928,,上海黄金交易所上海金集中定价合约(合约代码:SHAU)午盘基准价格收益率,中银基金管理有限公司,招商银行股份有限公司,商品型ETF,,,1863980209.0645,1059800,8883417,8.361,8.3821636157766,-0.037063163
2025-10-09,518890.SH,中银黄金,20200928,,上海黄金交易所上海金集中定价合约(合约代码:SHAU)午盘基准价格收益率,中银基金管理有限公司,招商银行股份有限公司,商品型ETF,,,1970469288.28,7529200,65864830,8.743,8.7479187695904,0.078982612
2025-10-10,518890.SH,中银黄金,20200928,,上海黄金交易所上海金集中定价合约(合约代码:SHAU)午盘基准价格收益率,中银基金管理有限公司,招商银行股份有限公司,商品型ETF,,,1942906491.72,4477700,38662588,8.615,8.6344748419948,0.012770058
2025-10-13,518890.SH,中银黄金,20200928,,上海黄金交易所上海金集中定价合约(合约代码:SHAU)午盘基准价格收益率,中银基金管理有限公司,招商银行股份有限公司,商品型ETF,,,2041473344.04,5106200,45119762,8.885,8.8362700246759,0.256141182
2025-10-14,518890.SH,中银黄金,20200928,,上海黄金交易所上海金集中定价合约(合约代码:SHAU)午盘基准价格收益率,中银基金管理有限公司,招商银行股份有限公司,商品型ETF,,,2185417220.4,11988600,108855247,8.985,9.0798964849941,0.133734537
2025-10-15,518890.SH,中银黄金,20200928,,上海黄金交易所上海金集中定价合约(合约代码:SHAU)午盘基准价格收益率,中银基金管理有限公司,招商银行股份有限公司,商品型ETF,,,2301778611.12,12925500,118224235,9.19,9.1465889133883,0.115475957
2025-10-16,518890.SH,中银黄金,20200928,,上海黄金交易所上海金集中定价合约(合约代码:SHAU)午盘基准价格收益率,中银基金管理有限公司,招商银行股份有限公司,商品型ETF,,,2394719283.96,10103600,93475890,9.263,9.2517409636169,-0.104608151
2025-10-17,518890.SH,中银黄金,20200928,,上海黄金交易所上海金集中定价合约(合约代码:SHAU)午盘基准价格收益率,中银基金管理有限公司,招商银行股份有限公司,商品型ETF,,,2498068109.44,19425500,184697281,9.59,9.507980798435,0.179675748
2025-10-20,518890.SH,中银黄金,20200928,,上海黄金交易所上海金集中定价合约(合约代码:SHAU)午盘基准价格收益率,中银基金管理有限公司,招商银行股份有限公司,商品型ETF,,,2540951877.64,9076113,84783329,9.289,9.3413699234463,-0.325131716
2025-10-21,518890.SH,中银黄金,20200928,,上海黄金交易所上海金集中定价合约(合约代码:SHAU)午盘基准价格收益率,中银基金管理有限公司,招商银行股份有限公司,商品型ETF,,,2771199218.52,19399900,184197342,9.51,9.4947572925634,0.053656535
2025-10-22,518890.SH,中银黄金,20200928,,上海黄金交易所上海金集中定价合约(合约代码:SHAU)午盘基准价格收益率,中银基金管理有限公司,招商银行股份有限公司,商品型ETF,,,2748785448.32,11533900,103900289,9.112,9.0082529760098,-0.070187752
2025-10-23,518890.SH,中银黄金,20200928,,上海黄金交易所上海金集中定价合约(合约代码:SHAU)午盘基准价格收益率,中银基金管理有限公司,招商银行股份有限公司,商品型ETF,,,2733742933.28,4176700,37528219,9.018,8.9851363516652,-0.062059488
2025-10-24,518890.SH,中银黄金,20200928,,上海黄金交易所上海金集中定价合约(合约代码:SHAU)午盘基准价格收益率,中银基金管理有限公司,招商银行股份有限公司,商品型ETF,,,2736484775.64,6099000,54923605,8.967,9.0053459583538,-0.136981725
2025-10-27,518890.SH,中银黄金,20200928,,上海黄金交易所上海金集中定价合约(合约代码:SHAU)午盘基准价格收益率,中银基金管理有限公司,招商银行股份有限公司,商品型ETF,,,2723624123.08,6951700,62122649,8.927,8.9363247838658,-0.113012051
2025-10-28,518890.SH,中银黄金,20200928,,上海黄金交易所上海金集中定价合约(合约代码:SHAU)午盘基准价格收益率,中银基金管理有限公司,招商银行股份有限公司,商品型ETF,,,2625919734.2,7682800,66904055,8.607,8.7082905971781,-0.110253583
2025-10-29,518890.SH,中银黄金,20200928,,上海黄金交易所上海金集中定价合约(合约代码:SHAU)午盘基准价格收益率,中银基金管理有限公司,招商银行股份有限公司,商品型ETF,,,2517005787.56,6988100,60652957,8.705,8.6794632303487,0.003446414
2025-10-30,518890.SH,中银黄金,20200928,,上海黄金交易所上海金集中定价合约(合约代码:SHAU)午盘基准价格收益率,中银基金管理有限公司,招商银行股份有限公司,商品型ETF,,,2500390835.4,6842700,59174262,8.716,8.6477942917269,0.063142185
2025-10-31,518890.SH,中银黄金,20200928,,上海黄金交易所上海金集中定价合约(合约代码:SHAU)午盘基准价格收益率,中银基金管理有限公司,招商银行股份有限公司,商品型ETF,,,2529206011.48,4171300,36704183,8.807,8.7992191882627,-0.148524393
2025-11-03,518890.SH,中银黄金,20200928,,上海黄金交易所上海金集中定价合约(合约代码:SHAU)午盘基准价格收益率,中银基金管理有限公司,招商银行股份有限公司,商品型ETF,,,2534267553.48,2083313,18303399,8.81,8.7857172686005,-0.001135061
2025-11-04,518890.SH,中银黄金,20200928,,上海黄金交易所上海金集中定价合约(合约代码:SHAU)午盘基准价格收益率,中银基金管理有限公司,招商银行股份有限公司,商品型ETF,,,2523238391.8,4226000,36954762,8.761,8.7446194983436,0.085680014
2025-11-05,518890.SH,中银黄金,20200928,,上海黄金交易所上海金集中定价合约(合约代码:SHAU)午盘基准价格收益率,中银基金管理有限公司,招商银行股份有限公司,商品型ETF,,,2509241585.88,3881600,33801307,8.715,8.7080860985161,-0.092856897
2025-11-06,518890.SH,中银黄金,20200928,,上海黄金交易所上海金集中定价合约(合约代码:SHAU)午盘基准价格收益率,中银基金管理有限公司,招商银行股份有限公司,商品型ETF,,,2523262498.8,1785700,15621691,8.766,8.7482169457356,-0.170823369
2025-11-07,518890.SH,中银黄金,20200928,,上海黄金交易所上海金集中定价合约(合约代码:SHAU)午盘基准价格收益率,中银基金管理有限公司,招商银行股份有限公司,商品型ETF,,,2560145609.36,1783800,15670406,8.812,8.7848447135329,0.043141618
2025-11-10,518890.SH,中银黄金,20200928,,上海黄金交易所上海金集中定价合约(合约代码:SHAU)午盘基准价格收益率,中银基金管理有限公司,招商银行股份有限公司,商品型ETF,,,2592494146.56,4910600,43751164,8.955,8.9095352910031,0.087178112
2025-11-11,518890.SH,中银黄金,20200928,,上海黄金交易所上海金集中定价合约(合约代码:SHAU)午盘基准价格收益率,中银基金管理有限公司,招商银行股份有限公司,商品型ETF,,,2636384363.4,3408300,30986795,9.077,9.0915691107004,0.071660879
2025-11-12,518890.SH,中银黄金,20200928,,上海黄金交易所上海金集中定价合约(合约代码:SHAU)午盘基准价格收益率,中银基金管理有限公司,招商银行股份有限公司,商品型ETF,,,2681551733.64,4898500,44354363,9.044,9.0546826579565,0.051995177
2025-11-13,518890.SH,中银黄金,20200928,,上海黄金交易所上海金集中定价合约(合约代码:SHAU)午盘基准价格收益率,中银基金管理有限公司,招商银行股份有限公司,商品型ETF,,,2746758527.04,6647700,61031372,9.191,9.1808252478301,0.067502831
2025-11-14,518890.SH,中银黄金,20200928,,上海黄金交易所上海金集中定价合约(合约代码:SHAU)午盘基准价格收益率,中银基金管理有限公司,招商银行股份有限公司,商品型ETF,,,2760312069.24,13079300,119779565,9.113,9.1579492021744,0.01865815
2025-11-17,518890.SH,中银黄金,20200928,,上海黄金交易所上海金集中定价合约(合约代码:SHAU)午盘基准价格收益率,中银基金管理有限公司,招商银行股份有限公司,商品型ETF,,,2694510286.68,2923000,26125809,8.896,8.9380119739993,0.021362476
2025-11-18,518890.SH,中银黄金,20200928,,上海黄金交易所上海金集中定价合约(合约代码:SHAU)午盘基准价格收益率,中银基金管理有限公司,招商银行股份有限公司,商品型ETF,,,2676035910.08,2544800,22407362,8.798,8.8051563973593,0.095567489
2025-11-19,518890.SH,中银黄金,20200928,,上海黄金交易所上海金集中定价合约(合约代码:SHAU)午盘基准价格收益率,中银基金管理有限公司,招商银行股份有限公司,商品型ETF,,,2729954855.16,3526800,31522060,8.97,8.9378643529545,0.036802837
2025-11-20,518890.SH,中银黄金,20200928,,上海黄金交易所上海金集中定价合约(合约代码:SHAU)午盘基准价格收益率,中银基金管理有限公司,招商银行股份有限公司,商品型ETF,,,2736162880.64,3983300,35576933,8.916,8.9315223558356,-0.008971828
2025-11-21,518890.SH,中银黄金,20200928,,上海黄金交易所上海金集中定价合约(合约代码:SHAU)午盘基准价格收益率,中银基金管理有限公司,招商银行股份有限公司,商品型ETF,,,2730727895.28,5116200,45489968,8.851,8.8913584300848,0.140293712
2025-11-24,518890.SH,中银黄金,20200928,,上海黄金交易所上海金集中定价合约(合约代码:SHAU)午盘基准价格收益率,中银基金管理有限公司,招商银行股份有限公司,商品型ETF,,,2767974940.4,4291600,38044290,8.871,8.8648266380837,-0.022540291
2025-11-25,518890.SH,中银黄金,20200928,,上海黄金交易所上海金集中定价合约(合约代码:SHAU)午盘基准价格收益率,中银基金管理有限公司,招商银行股份有限公司,商品型ETF,,,2829399752.2,3660400,33061393,9.028,9.0321803628019,0.016617737
2025-11-26,518890.SH,中银黄金,20200928,,上海黄金交易所上海金集中定价合约(合约代码:SHAU)午盘基准价格收益率,中银基金管理有限公司,招商银行股份有限公司,商品型ETF,,,2828710151.64,2785500,25196249,9.022,9.0455031412673,-0.025486741
2025-11-27,518890.SH,中银黄金,20200928,,上海黄金交易所上海金集中定价合约(合约代码:SHAU)午盘基准价格收益率,中银基金管理有限公司,招商银行股份有限公司,商品型ETF,,,2829431097.68,2146200,19352995,9.024,9.0173306308825,-0.028803758
2025-11-28,518890.SH,中银黄金,20200928,,上海黄金交易所上海金集中定价合约(合约代码:SHAU)午盘基准价格收益率,中银基金管理有限公司,招商银行股份有限公司,商品型ETF,,,2841628862.92,2558600,23245937,9.082,9.0854127257094,-0.00990873
2025-12-01,518890.SH,中银黄金,20200928,,上海黄金交易所上海金集中定价合约(合约代码:SHAU)午盘基准价格收益率,中银基金管理有限公司,招商银行股份有限公司,商品型ETF,,,2867690290.0,4066300,37360253,9.182,9.187775865037,0.076294278
2025-12-02,518890.SH,中银黄金,20200928,,上海黄金交易所上海金集中定价合约(合约代码:SHAU)午盘基准价格收益率,中银基金管理有限公司,招商银行股份有限公司,商品型ETF,,,2857615743.2,3693400,33758578,9.133,9.1402442194184,-0.010948106
2025-12-03,518890.SH,中银黄金,20200928,,上海黄金交易所上海金集中定价合约(合约代码:SHAU)午盘基准价格收益率,中银基金管理有限公司,招商银行股份有限公司,商品型ETF,,,2826285615.0,3181803,29037918,9.111,9.1262463452326,-0.016460905
2025-12-04,518890.SH,中银黄金,20200928,,上海黄金交易所上海金集中定价合约(合约代码:SHAU)午盘基准价格收益率,中银基金管理有限公司,招商银行股份有限公司,商品型ETF,,,2823145207.04,3855800,35062513,9.084,9.0934470148867,-0.008805918
2025-12-05,518890.SH,中银黄金,20200928,,上海黄金交易所上海金集中定价合约(合约代码:SHAU)午盘基准价格收益率,中银基金管理有限公司,招商银行股份有限公司,商品型ETF,,,2850235245.64,2532700,23136649,9.156,9.1351715560469,0.018570508
2025-12-08,518890.SH,中银黄金,20200928,,上海黄金交易所上海金集中定价合约(合约代码:SHAU)午盘基准价格收益率,中银基金管理有限公司,招商银行股份有限公司,商品型ETF,,,2842420240.16,2601600,23716265,9.131,9.1160305196802,0.019716952
2025-12-09,518890.SH,中银黄金,20200928,,上海黄金交易所上海金集中定价合约(合约代码:SHAU)午盘基准价格收益率,中银基金管理有限公司,招商银行股份有限公司,商品型ETF,,,2823396461.88,2457100,22302993,9.06,9.0769577957755,-0.089324114
2025-12-10,518890.SH,中银黄金,20200928,,上海黄金交易所上海金集中定价合约(合约代码:SHAU)午盘基准价格收益率,中银基金管理有限公司,招商银行股份有限公司,商品型ETF,,,2839144062.52,2118200,19317099,9.107,9.1195821924275,-0.0318335
2025-12-11,518890.SH,中银黄金,20200928,,上海黄金交易所上海金集中定价合约(合约代码:SHAU)午盘基准价格收益率,中银基金管理有限公司,招商银行股份有限公司,商品型ETF,,,2843476064.24,2354600,21522786,9.126,9.140739828421,0.02411276
2025-12-12,518890.SH,中银黄金,20200928,,上海黄金交易所上海金集中定价合约(合约代码:SHAU)午盘基准价格收益率,中银基金管理有限公司,招商银行股份有限公司,商品型ETF,,,2880625316.4,3448900,31815595,9.245,9.2248528516339,0.021637996
2025-12-15,518890.SH,中银黄金,20200928,,上海黄金交易所上海金集中定价合约(合约代码:SHAU)午盘基准价格收益率,中银基金管理有限公司,招商银行股份有限公司,商品型ETF,,,2918491374.6,2629300,24558596,9.37,9.3403552276271,0.058732447
2025-12-16,518890.SH,中银黄金,20200928,,上海黄金交易所上海金集中定价合约(合约代码:SHAU)午盘基准价格收益率,中银基金管理有限公司,招商银行股份有限公司,商品型ETF,,,2881993435.24,5313900,49229393,9.255,9.2642678635277,-0.014044489
2025-12-17,518890.SH,中银黄金,20200928,,上海黄金交易所上海金集中定价合约(合约代码:SHAU)午盘基准价格收益率,中银基金管理有限公司,招商银行股份有限公司,商品型ETF,,,2903881677.68,2919600,27236125,9.326,9.3287179750651,-0.006433213
2025-12-18,518890.SH,中银黄金,20200928,,上海黄金交易所上海金集中定价合约(合约代码:SHAU)午盘基准价格收益率,中银基金管理有限公司,招商银行股份有限公司,商品型ETF,,,2889725013.48,1451200,13549023,9.331,9.3364270948181,-0.043920258
2025-12-19,518890.SH,中银黄金,20200928,,上海黄金交易所上海金集中定价合约(合约代码:SHAU)午盘基准价格收益率,中银基金管理有限公司,招商银行股份有限公司,商品型ETF,,,2877782841.96,2099400,19554185,9.328,9.314177860341,-0.05036056
2025-12-22,518890.SH,中银黄金,20200928,,上海黄金交易所上海金集中定价合约(合约代码:SHAU)午盘基准价格收益率,中银基金管理有限公司,招商银行股份有限公司,商品型ETF,,,2931049005.56,4217100,39909256,9.521,9.4636731403097,0.066213333
2025-12-23,518890.SH,中银黄金,20200928,,上海黄金交易所上海金集中定价合约(合约代码:SHAU)午盘基准价格收益率,中银基金管理有限公司,招商银行股份有限公司,商品型ETF,,,2971527406.28,4764100,46058436,9.651,9.6678146974245,0.050797732
2025-12-24,518890.SH,中银黄金,20200928,,上海黄金交易所上海金集中定价合约(合约代码:SHAU)午盘基准价格收益率,中银基金管理有限公司,招商银行股份有限公司,商品型ETF,,,2975501313.2,2584000,25005061,9.662,9.6768811919505,0.031059116
2025-12-25,518890.SH,中银黄金,20200928,,上海黄金交易所上海金集中定价合约(合约代码:SHAU)午盘基准价格收益率,中银基金管理有限公司,招商银行股份有限公司,商品型ETF,,,2960236915.48,2314600,22167593,9.585,9.5772889484144,-0.157290028
2025-12-26,518890.SH,中银黄金,20200928,,上海黄金交易所上海金集中定价合约(合约代码:SHAU)午盘基准价格收益率,中银基金管理有限公司,招商银行股份有限公司,商品型ETF,,,2987036797.36,3182100,30756019,9.669,9.6653213286823,0.00827455
2025-12-29,518890.SH,中银黄金,20200928,,上海黄金交易所上海金集中定价合约(合约代码:SHAU)午盘基准价格收益率,中银基金管理有限公司,招商银行股份有限公司,商品型ETF,,,2953629422.4,3367800,32506428,9.577,9.6521254231249,-0.114726742
2025-12-30,518890.SH,中银黄金,20200928,,上海黄金交易所上海金集中定价合约(合约代码:SHAU)午盘基准价格收益率,中银基金管理有限公司,招商银行股份有限公司,商品型ETF,,,2889232837.88,4512000,42249867,9.379,9.363888962766,-0.096931221
2025-12-31,518890.SH,中银黄金,20200928,,上海黄金交易所上海金集中定价合约(合约代码:SHAU)午盘基准价格收益率,中银基金管理有限公司,招商银行股份有限公司,商品型ETF,,,2881358316.3495,5956103,55586520,9.318,9.3326995856183,0.009659658
2026-01-05,518890.SH,中银黄金,20200928,,上海黄金交易所上海金集中定价合约(合约代码:SHAU)午盘基准价格收益率,中银基金管理有限公司,招商银行股份有限公司,商品型ETF,,,3001599749.88,6490900,61547195,9.511,9.4820741345576,0.083130768
2026-01-06,518890.SH,中银黄金,20200928,,上海黄金交易所上海金集中定价合约(合约代码:SHAU)午盘基准价格收益率,中银基金管理有限公司,招商银行股份有限公司,商品型ETF,,,3072045997.8,3513600,33697123,9.597,9.5904835496357,-0.015627442
2026-01-07,518890.SH,中银黄金,20200928,,上海黄金交易所上海金集中定价合约(合约代码:SHAU)午盘基准价格收益率,中银基金管理有限公司,招商银行股份有限公司,商品型ETF,,,3100154327.36,4310700,41328210,9.539,9.5873547219709,-0.044010395
2026-01-08,518890.SH,中银黄金,20200928,,上海黄金交易所上海金集中定价合约(合约代码:SHAU)午盘基准价格收益率,中银基金管理有限公司,招商银行股份有限公司,商品型ETF,,,3102104971.68,2945300,28105008,9.527,9.5423243812175,-0.048260523
2026-01-09,518890.SH,中银黄金,20200928,,上海黄金交易所上海金集中定价合约(合约代码:SHAU)午盘基准价格收益率,中银基金管理有限公司,招商银行股份有限公司,商品型ETF,,,3126416445.24,2568006,24617794,9.606,9.5863459820577,-0.003122951
2026-01-12,518890.SH,中银黄金,20200928,,上海黄金交易所上海金集中定价合约(合约代码:SHAU)午盘基准价格收益率,中银基金管理有限公司,招商银行股份有限公司,商品型ETF,,,3187178856.4,1239100,12128935,9.794,9.7885037527238,0.010211375
2026-01-13,518890.SH,中银黄金,20200928,,上海黄金交易所上海金集中定价合约(合约代码:SHAU)午盘基准价格收益率,中银基金管理有限公司,招商银行股份有限公司,商品型ETF,,,3192158314.84,1790300,17561556,9.804,9.8092811260683,-0.043840421
2026-01-14,518890.SH,中银黄金,20200928,,上海黄金交易所上海金集中定价合约(合约代码:SHAU)午盘基准价格收益率,中银基金管理有限公司,招商银行股份有限公司,商品型ETF,,,3228592071.12,1928900,19097030,9.941,9.9004769557779,0.116824783
2026-01-15,518890.SH,中银黄金,20200928,,上海黄金交易所上海金集中定价合约(合约代码:SHAU)午盘基准价格收益率,中银基金管理有限公司,招商银行股份有限公司,商品型ETF,,,3207607543.88,2272400,22418682,9.891,9.8656407322654,0.079934434
2026-01-16,518890.SH,中银黄金,20200928,,上海黄金交易所上海金集中定价合约(合约代码:SHAU)午盘基准价格收益率,中银基金管理有限公司,招商银行股份有限公司,商品型ETF,,,3206633879.48,1231500,12144629,9.87,9.8616557044255,-0.102225686
2026-01-19,518890.SH,中银黄金,20200928,,上海黄金交易所上海金集中定价合约(合约代码:SHAU)午盘基准价格收益率,中银基金管理有限公司,招商银行股份有限公司,商品型ETF,,,3263020680.64,6636813,66348327,10.018,9.9970161883422,0.011979874
2026-01-20,518890.SH,中银黄金,20200928,,上海黄金交易所上海金集中定价合约(合约代码:SHAU)午盘基准价格收益率,中银基金管理有限公司,招商银行股份有限公司,商品型ETF,,,3288625007.92,7949400,80064450,10.101,10.07176013284,0.055470808
2026-01-21,518890.SH,中银黄金,20200928,,上海黄金交易所上海金集中定价合约(合约代码:SHAU)午盘基准价格收益率,中银基金管理有限公司,招商银行股份有限公司,商品型ETF,,,3399278961.32,12591900,131074960,10.399,10.409466403005,-0.162251942
2026-01-22,518890.SH,中银黄金,20200928,,上海黄金交易所上海金集中定价合约(合约代码:SHAU)午盘基准价格收益率,中银基金管理有限公司,招商银行股份有限公司,商品型ETF,,,3456528325.96,11088513,114013440,10.357,10.282121687552,-0.05500497
2026-01-23,518890.SH,中银黄金,20200928,,上海黄金交易所上海金集中定价合约(合约代码:SHAU)午盘基准价格收益率,中银基金管理有限公司,招商银行股份有限公司,商品型ETF,,,3544486726.72,6400400,68051194,10.643,10.632334541591,0.156214711
2026-01-26,518890.SH,中银黄金,20200928,,上海黄金交易所上海金集中定价合约(合约代码:SHAU)午盘基准价格收益率,中银基金管理有限公司,招商银行股份有限公司,商品型ETF,,,3730086306.04,7814800,85272126,10.92,10.911619747146,-0.066805158
2026-01-27,518890.SH,中银黄金,20200928,,上海黄金交易所上海金集中定价合约(合约代码:SHAU)午盘基准价格收益率,中银基金管理有限公司,招商银行股份有限公司,商品型ETF,,,3817971587.64,6357900,69341127,10.948,10.906294059359,0.033807553
2026-01-28,518890.SH,中银黄金,20200928,,上海黄金交易所上海金集中定价合约(合约代码:SHAU)午盘基准价格收益率,中银基金管理有限公司,招商银行股份有限公司,商品型ETF,,,4102260331.52,12466600,139972181,11.314,11.227775095054,0.102633069
2026-01-29,518890.SH,中银黄金,20200928,,上海黄金交易所上海金集中定价合约(合约代码:SHAU)午盘基准价格收益率,中银基金管理有限公司,招商银行股份有限公司,商品型ETF,,,4424156449.0,29318600,349329544,11.943,11.914946279836,0.004186728
2026-01-30,518890.SH,中银黄金,20200928,,上海黄金交易所上海金集中定价合约(合约代码:SHAU)午盘基准价格收益率,中银基金管理有限公司,招商银行股份有限公司,商品型ETF,,,4273389213.72,22805800,256827986,11.07,11.261520578099,-0.305298138
2026-02-02,518890.SH,中银黄金,20200928,,上海黄金交易所上海金集中定价合约(合约代码:SHAU)午盘基准价格收益率,中银基金管理有限公司,招商银行股份有限公司,商品型ETF,,,3725794957.8,11183700,113233386,9.963,10.124859035918,2.992712048
2026-02-03,518890.SH,中银黄金,20200928,,上海黄金交易所上海金集中定价合约(合约代码:SHAU)午盘基准价格收益率,中银基金管理有限公司,招商银行股份有限公司,商品型ETF,,,4012765543.16,12732263,130900495,10.437,10.281007783141,0.09878485
2026-02-04,518890.SH,中银黄金,20200928,,上海黄金交易所上海金集中定价合约(合约代码:SHAU)午盘基准价格收益率,中银基金管理有限公司,招商银行股份有限公司,商品型ETF,,,4323268290.88,15087400,163728374,10.879,10.851993981733,-0.060630558
2026-02-05,518890.SH,中银黄金,20200928,,上海黄金交易所上海金集中定价合约(合约代码:SHAU)午盘基准价格收益率,中银基金管理有限公司,招商银行股份有限公司,商品型ETF,,,4272601356.4,27633200,290805033,10.546,10.523755229217,0.028454899
2026-02-06,518890.SH,中银黄金,20200928,,上海黄金交易所上海金集中定价合约(合约代码:SHAU)午盘基准价格收益率,中银基金管理有限公司,招商银行股份有限公司,商品型ETF,,,4212011041.84,16125600,166876094,10.382,10.348519993055,-0.036588419
2026-02-09,518890.SH,中银黄金,20200928,,上海黄金交易所上海金集中定价合约(合约代码:SHAU)午盘基准价格收益率,中银基金管理有限公司,招商银行股份有限公司,商品型ETF,,,4495916778.64,8419616,90226284,10.738,10.716199408619,-0.128350602
2026-02-10,518890.SH,中银黄金,20200928,,上海黄金交易所上海金集中定价合约(合约代码:SHAU)午盘基准价格收益率,中银基金管理有限公司,招商银行股份有限公司,商品型ETF,,,4472040139.56,7413000,79406773,10.692,10.711826925671,-0.02524615
2026-02-11,518890.SH,中银黄金,20200928,,上海黄金交易所上海金集中定价合约(合约代码:SHAU)午盘基准价格收益率,中银基金管理有限公司,招商银行股份有限公司,商品型ETF,,,4512046842.56,6286600,67597356,10.771,10.752609677727,0.035292369
2026-02-12,518890.SH,中银黄金,20200928,,上海黄金交易所上海金集中定价合约(合约代码:SHAU)午盘基准价格收益率,中银基金管理有限公司,招商银行股份有限公司,商品型ETF,,,4499017820.24,8359000,89889010,10.745,10.753560234478,0.011169232
2026-02-13,518890.SH,中银黄金,20200928,,上海黄金交易所上海金集中定价合约(合约代码:SHAU)午盘基准价格收益率,中银基金管理有限公司,招商银行股份有限公司,商品型ETF,,,4421309725.84,15327900,162317520,10.592,10.589677646644,0.247969865
2026-02-24,518890.SH,中银黄金,20200928,,上海黄金交易所上海金集中定价合约(合约代码:SHAU)午盘基准价格收益率,中银基金管理有限公司,招商银行股份有限公司,商品型ETF,,,4585569167.76,9626800,105689675,10.971,10.978692296506,0.04377086
2026-02-25,518890.SH,中银黄金,20200928,,上海黄金交易所上海金集中定价合约(合约代码:SHAU)午盘基准价格收益率,中银基金管理有限公司,招商银行股份有限公司,商品型ETF,,,4529075869.44,9907900,108720154,10.973,10.973077443252,0.001822689
2026-02-26,518890.SH,中银黄金,20200928,,上海黄金交易所上海金集中定价合约(合约代码:SHAU)午盘基准价格收益率,中银基金管理有限公司,招商银行股份有限公司,商品型ETF,,,4512772054.84,3382800,37008013,10.929,10.940053505971,-0.039329388
2026-02-27,518890.SH,中银黄金,20200928,,上海黄金交易所上海金集中定价合约(合约代码:SHAU)午盘基准价格收益率,中银基金管理有限公司,招商银行股份有限公司,商品型ETF,,,4519293580.68,10305000,112906175,10.945,10.956445900049,-0.037446
2026-03-02,518890.SH,中银黄金,20200928,,上海黄金交易所上海金集中定价合约(合约代码:SHAU)午盘基准价格收益率,中银基金管理有限公司,招商银行股份有限公司,商品型ETF,,,4698844618.04,9623400,108817467,11.43,11.307590560509,0.111234705
2026-03-03,518890.SH,中银黄金,20200928,,上海黄金交易所上海金集中定价合约(合约代码:SHAU)午盘基准价格收益率,中银基金管理有限公司,招商银行股份有限公司,商品型ETF,,,4646906402.28,15417800,174533267,11.274,11.320244587425,-0.151446715
2026-03-04,518890.SH,中银黄金,20200928,,上海黄金交易所上海金集中定价合约(合约代码:SHAU)午盘基准价格收益率,中银基金管理有限公司,招商银行股份有限公司,商品型ETF,,,4583150367.44,7738500,85296460,10.998,11.022350584739,-0.08902778
2026-03-05,518890.SH,中银黄金,20200928,,上海黄金交易所上海金集中定价合约(合约代码:SHAU)午盘基准价格收益率,中银基金管理有限公司,招商银行股份有限公司,商品型ETF,,,4573116216.76,6025100,66083770,10.981,10.968078538116,-0.02458188
2026-03-06,518890.SH,中银黄金,20200928,,上海黄金交易所上海金集中定价合约(合约代码:SHAU)午盘基准价格收益率,中银基金管理有限公司,招商银行股份有限公司,商品型ETF,,,4593562301.64,5817400,63569292,10.896,10.927440437309,-0.030277174
2026-03-09,518890.SH,中银黄金,20200928,,上海黄金交易所上海金集中定价合约(合约代码:SHAU)午盘基准价格收益率,中银基金管理有限公司,招商银行股份有限公司,商品型ETF,,,4585386078.52,11151400,121546494,10.885,10.899662284556,0.046875431
2026-03-10,518890.SH,中银黄金,20200928,,上海黄金交易所上海金集中定价合约(合约代码:SHAU)午盘基准价格收益率,中银基金管理有限公司,招商银行股份有限公司,商品型ETF,,,4678146430.0,5376600,59049168,10.975,10.98262247517,0
2026-03-11,518890.SH,中银黄金,20200928,,上海黄金交易所上海金集中定价合约(合约代码:SHAU)午盘基准价格收益率,中银基金管理有限公司,招商银行股份有限公司,商品型ETF,,,4686160020.24,3772800,41573595,10.994,11.019294688295,0.001819207
2026-03-12,518890.SH,中银黄金,20200928,,上海黄金交易所上海金集中定价合约(合约代码:SHAU)午盘基准价格收益率,中银基金管理有限公司,招商银行股份有限公司,商品型ETF,,,4671368978.68,2183900,23894837,10.955,10.941360410275,-0.037411831
2026-03-13,518890.SH,中银黄金,20200928,,上海黄金交易所上海金集中定价合约(合约代码:SHAU)午盘基准价格收益率,中银基金管理有限公司,招商银行股份有限公司,商品型ETF,,,4615109658.6,15905500,172737808,10.816,10.860256389299,-0.032348999
2026-03-16,518890.SH,中银黄金,20200928,,上海黄金交易所上海金集中定价合约(合约代码:SHAU)午盘基准价格收益率,中银基金管理有限公司,招商银行股份有限公司,商品型ETF,,,4555519953.04,18321600,195490965,10.677,10.669972327744,-0.026217719
2026-03-17,518890.SH,中银黄金,20200928,,上海黄金交易所上海金集中定价合约(合约代码:SHAU)午盘基准价格收益率,中银基金管理有限公司,招商银行股份有限公司,商品型ETF,,,4546050436.48,4203000,44857300,10.662,10.672686176541,0.041285092
2026-03-18,518890.SH,中银黄金,20200928,,上海黄金交易所上海金集中定价合约(合约代码:SHAU)午盘基准价格收益率,中银基金管理有限公司,招商银行股份有限公司,商品型ETF,,,4529603343.2,3008600,31942847,10.632,10.617179751379,-0.018807598
2026-03-19,518890.SH,中银黄金,20200928,,上海黄金交易所上海金集中定价合约(合约代码:SHAU)午盘基准价格收益率,中银基金管理有限公司,招商银行股份有限公司,商品型ETF,,,4303347354.36,15321400,157069400,10.151,10.251634968084,0.05223888
2026-03-20,518890.SH,中银黄金,20200928,,上海黄金交易所上海金集中定价合约(合约代码:SHAU)午盘基准价格收益率,中银基金管理有限公司,招商银行股份有限公司,商品型ETF,,,4189906821.52,24769000,247482478,9.912,9.99162170455,-0.155126216
2026-03-23,518890.SH,中银黄金,20200928,,上海黄金交易所上海金集中定价合约(合约代码:SHAU)午盘基准价格收益率,中银基金管理有限公司,招商银行股份有限公司,商品型ETF,,,3730152065.6,32396400,300983994,8.952,9.2906617401934,-0.222915738
2026-03-24,518890.SH,中银黄金,20200928,,上海黄金交易所上海金集中定价合约(合约代码:SHAU)午盘基准价格收益率,中银基金管理有限公司,招商银行股份有限公司,商品型ETF,,,3801444071.72,16864400,155336583,9.314,9.2109166646901,-0.266626691
2026-03-25,518890.SH,中银黄金,20200928,,上海黄金交易所上海金集中定价合约(合约代码:SHAU)午盘基准价格收益率,中银基金管理有限公司,招商银行股份有限公司,商品型ETF,,,3951153383.52,17911600,173706302,9.657,9.697977958418,-0.365234617
2026-03-26,518890.SH,中银黄金,20200928,,上海黄金交易所上海金集中定价合约(合约代码:SHAU)午盘基准价格收益率,中银基金管理有限公司,招商银行股份有限公司,商品型ETF,,,3865219751.68,19305800,183383335,9.471,9.4988726185913,-0.111795478
2026-03-27,518890.SH,中银黄金,20200928,,上海黄金交易所上海金集中定价合约(合约代码:SHAU)午盘基准价格收益率,中银基金管理有限公司,招商银行股份有限公司,商品型ETF,,,3920622535.0,8495000,80407777,9.514,9.4653062978222,0.015768725
2026-03-30,518890.SH,中银黄金,20200928,,上海黄金交易所上海金集中定价合约(合约代码:SHAU)午盘基准价格收益率,中银基金管理有限公司,招商银行股份有限公司,商品型ETF,,,3986705605.84,16095900,154512394,9.669,9.5994876956244,0.033106416
2026-03-31,518890.SH,中银黄金,20200928,,上海黄金交易所上海金集中定价合约(合约代码:SHAU)午盘基准价格收益率,中银基金管理有限公司,招商银行股份有限公司,商品型ETF,,,4022937370.1635,29088400,284432391,9.717,9.7782068109624,-0.013376825
2026-04-01,518890.SH,中银黄金,20200928,,上海黄金交易所上海金集中定价合约(合约代码:SHAU)午盘基准价格收益率,中银基金管理有限公司,招商银行股份有限公司,商品型ETF,,,4178262355.32,15566500,155121444,10.029,9.9650816818167,0.080831063
2026-04-02,518890.SH,中银黄金,20200928,,上海黄金交易所上海金集中定价合约(合约代码:SHAU)午盘基准价格收益率,中银基金管理有限公司,招商银行股份有限公司,商品型ETF,,,4081065401.56,33004400,325739006,9.751,9.8695630279599,-0.089142084
2026-04-03,518890.SH,中银黄金,20200928,,上海黄金交易所上海金集中定价合约(合约代码:SHAU)午盘基准价格收益率,中银基金管理有限公司,招商银行股份有限公司,商品型ETF,,,4123926268.56,2683400,26443666,9.848,9.854537527018,-0.143984101
2026-04-07,518890.SH,中银黄金,20200928,,上海黄金交易所上海金集中定价合约(合约代码:SHAU)午盘基准价格收益率,中银基金管理有限公司,招商银行股份有限公司,商品型ETF,,,4120079244.4,18171500,178780513,9.854,9.8385115703162,0.010149193
2026-04-08,518890.SH,中银黄金,20200928,,上海黄金交易所上海金集中定价合约(合约代码:SHAU)午盘基准价格收益率,中银基金管理有限公司,招商银行股份有限公司,商品型ETF,,,4264068939.0,23765000,240740252,10.13,10.130033747107,0.123548307
2026-04-09,518890.SH,中银黄金,20200928,,上海黄金交易所上海金集中定价合约(合约代码:SHAU)午盘基准价格收益率,中银基金管理有限公司,招商银行股份有限公司,商品型ETF,,,4199999705.88,14802300,147167881,9.926,9.9422306668558,0.029224738
2026-04-10,518890.SH,中银黄金,20200928,,上海黄金交易所上海金集中定价合约(合约代码:SHAU)午盘基准价格收益率,中银基金管理有限公司,招商银行股份有限公司,商品型ETF,,,4225910588.72,11190500,112057219,9.996,10.013602519995,0.046039594
2026-04-13,518890.SH,中银黄金,20200928,,上海黄金交易所上海金集中定价合约(合约代码:SHAU)午盘基准价格收益率,中银基金管理有限公司,招商银行股份有限公司,商品型ETF,,,4212104793.16,10553900,104914284,9.938,9.9408070950075,-0.137664922
2026-04-14,518890.SH,中银黄金,20200928,,上海黄金交易所上海金集中定价合约(合约代码:SHAU)午盘基准价格收益率,中银基金管理有限公司,招商银行股份有限公司,商品型ETF,,,4248081451.16,6878700,68856326,10.024,10.010078357829,-0.126535614
2026-04-15,518890.SH,中银黄金,20200928,,上海黄金交易所上海金集中定价合约(合约代码:SHAU)午盘基准价格收益率,中银基金管理有限公司,招商银行股份有限公司,商品型ETF,,,4261797410.32,8839300,89453819,10.082,10.120011652506,-0.013884206
2026-04-16,518890.SH,中银黄金,20200928,,上海黄金交易所上海金集中定价合约(合约代码:SHAU)午盘基准价格收益率,中银基金管理有限公司,招商银行股份有限公司,商品型ETF,,,4274772912.68,8656600,87494427,10.114,10.1072507682,-0.000988719
2026-04-17,518890.SH,中银黄金,20200928,,上海黄金交易所上海金集中定价合约(合约代码:SHAU)午盘基准价格收益率,中银基金管理有限公司,招商银行股份有限公司,商品型ETF,,,4244806687.36,7081600,71195121,10.046,10.053536065296,0.02787956
2026-04-20,518890.SH,中银黄金,20200928,,上海黄金交易所上海金集中定价合约(合约代码:SHAU)午盘基准价格收益率,中银基金管理有限公司,招商银行股份有限公司,商品型ETF,,,4246186217.28,12310900,123788950,10.052,10.055231542779,-0.015914697
2026-04-21,518890.SH,中银黄金,20200928,,上海黄金交易所上海金集中定价合约(合约代码:SHAU)午盘基准价格收益率,中银基金管理有限公司,招商银行股份有限公司,商品型ETF,,,4227712290.68,12750300,128101870,10.026,10.046969090923,0.01895432
2026-04-22,518890.SH,中银黄金,20200928,,上海黄金交易所上海金集中定价合约(合约代码:SHAU)午盘基准价格收益率,中银基金管理有限公司,招商银行股份有限公司,商品型ETF,,,4226193973.4,6597600,66024183,10.018,10.007303110222,-0.024948855
2026-04-23,518890.SH,中银黄金,20200928,,上海黄金交易所上海金集中定价合约(合约代码:SHAU)午盘基准价格收益率,中银基金管理有限公司,招商银行股份有限公司,商品型ETF,,,4184440248.2,15460200,153276872,9.918,9.9142877841166,-0.035276924
2026-04-24,518890.SH,中银黄金,20200928,,上海黄金交易所上海金集中定价合约(合约代码:SHAU)午盘基准价格收益率,中银基金管理有限公司,招商银行股份有限公司,商品型ETF,,,4152133830.52,5938800,58595234,9.845,9.866510742911,0.001015754
2026-04-27,518890.SH,中银黄金,20200928,,上海黄金交易所上海金集中定价合约(合约代码:SHAU)午盘基准价格收益率,中银基金管理有限公司,招商银行股份有限公司,商品型ETF,,,4180433577.6,5314600,52653571,9.909,9.9073441086817,-0.030266344
2026-04-28,518890.SH,中银黄金,20200928,,上海黄金交易所上海金集中定价合约(合约代码:SHAU)午盘基准价格收益率,中银基金管理有限公司,招商银行股份有限公司,商品型ETF,,,4118368532.92,11881200,116248775,9.747,9.7842621115712,-0.111704363
2026-04-29,518890.SH,中银黄金,20200928,,上海黄金交易所上海金集中定价合约(合约代码:SHAU)午盘基准价格收益率,中银基金管理有限公司,招商银行股份有限公司,商品型ETF,,,4067881729.6,7439638,71989066,9.65,9.6764205462685,-0.020721094
2026-04-30,518890.SH,中银黄金,20200928,,上海黄金交易所上海金集中定价合约(合约代码:SHAU)午盘基准价格收益率,中银基金管理有限公司,招商银行股份有限公司,商品型ETF,,,4090918074.68,4762900,45927755,9.691,9.6428132020408,0.122945315
2026-05-06,518890.SH,中银黄金,20200928,,上海黄金交易所上海金集中定价合约(合约代码:SHAU)午盘基准价格收益率,中银基金管理有限公司,招商银行股份有限公司,商品型ETF,,,4143327269.88,5927600,57847781,9.807,9.7590561103988,0.039783334
2026-05-07,518890.SH,中银黄金,20200928,,上海黄金交易所上海金集中定价合约(合约代码:SHAU)午盘基准价格收益率,中银基金管理有限公司,招商银行股份有限公司,商品型ETF,,,4208463925.6,7526900,74447469,9.92,9.8908540036403,-0.020157226
2026-05-08,518890.SH,中银黄金,20200928,,上海黄金交易所上海金集中定价合约(合约代码:SHAU)午盘基准价格收益率,中银基金管理有限公司,招商银行股份有限公司,商品型ETF,,,4200022691.48,6554300,64857341,9.902,9.8953879132783,0.069731483
2026-05-11,518890.SH,中银黄金,20200928,,上海黄金交易所上海金集中定价合约(合约代码:SHAU)午盘基准价格收益率,中银基金管理有限公司,招商银行股份有限公司,商品型ETF,,,4151191525.72,10514900,102991970,9.789,9.7948596753179,-0.050031142
2026-05-12,518890.SH,中银黄金,20200928,,上海黄金交易所上海金集中定价合约(合约代码:SHAU)午盘基准价格收益率,中银基金管理有限公司,招商银行股份有限公司,商品型ETF,,,4161764753.84,9171500,90490788,9.824,9.866519980374,-0.018319119
2026-05-13,518890.SH,中银黄金,20200928,,上海黄金交易所上海金集中定价合约(合约代码:SHAU)午盘基准价格收益率,中银基金管理有限公司,招商银行股份有限公司,商品型ETF,,,4154358560.16,8128800,79804832,9.82,9.8175415805531,-0.093598665
2026-05-14,518890.SH,中银黄金,20200928,,上海黄金交易所上海金集中定价合约(合约代码:SHAU)午盘基准价格收益率,中银基金管理有限公司,招商银行股份有限公司,商品型ETF,,,4144145297.6,5560700,54475401,9.811,9.7965006204255,-0.010191602
2026-05-15,518890.SH,中银黄金,20200928,,上海黄金交易所上海金集中定价合约(合约代码:SHAU)午盘基准价格收益率,中银基金管理有限公司,招商银行股份有限公司,商品型ETF,,,4036862656.32,14994900,144113433,9.571,9.6108298821599,-0.077257162
2026-05-18,518890.SH,中银黄金,20200928,,上海黄金交易所上海金集中定价合约(合约代码:SHAU)午盘基准价格收益率,中银基金管理有限公司,招商银行股份有限公司,商品型ETF,,,4007087492.52,10830100,103066835,9.534,9.5167020618462,-0.009439008
2026-05-19,518890.SH,中银黄金,20200928,,上海黄金交易所上海金集中定价合约(合约代码:SHAU)午盘基准价格收益率,中银基金管理有限公司,招商银行股份有限公司,商品型ETF,,,4013689474.96,8390600,79969900,9.533,9.5308917121541,0.029380286
2026-05-20,518890.SH,中银黄金,20200928,,上海黄金交易所上海金集中定价合约(合约代码:SHAU)午盘基准价格收益率,中银基金管理有限公司,招商银行股份有限公司,商品型ETF,,,3950187125.44,9201000,86333667,9.382,9.3830743397457,-0.114981688
2026-05-21,518890.SH,中银黄金,20200928,,上海黄金交易所上海金集中定价合约(合约代码:SHAU)午盘基准价格收益率,中银基金管理有限公司,招商银行股份有限公司,商品型ETF,,,3991157693.16,4944100,47004399,9.468,9.5071699601545,-0.091804109
2026-05-22,518890.SH,中银黄金,20200928,,上海黄金交易所上海金集中定价合约(合约代码:SHAU)午盘基准价格收益率,中银基金管理有限公司,招商银行股份有限公司,商品型ETF,,,3990357499.04,3724600,35267108,9.477,9.4686967728078,0.023219487
2026-05-25,518890.SH,中银黄金,20200928,,上海黄金交易所上海金集中定价合约(合约代码:SHAU)午盘基准价格收益率,中银基金管理有限公司,招商银行股份有限公司,商品型ETF,,,4017973628.64,5319800,50665586,9.528,9.5239644347532,0.012596045
2026-05-26,518890.SH,中银黄金,20200928,,上海黄金交易所上海金集中定价合约(合约代码:SHAU)午盘基准价格收益率,中银基金管理有限公司,招商银行股份有限公司,商品型ETF,,,3988378071.48,2089600,19798501,9.473,9.4747803407351,0.030622697
2026-05-27,518890.SH,中银黄金,20200928,,上海黄金交易所上海金集中定价合约(合约代码:SHAU)午盘基准价格收益率,中银基金管理有限公司,招商银行股份有限公司,商品型ETF,,,3939547089.0,3726700,34958118,9.364,9.3804486543054,-0.037363224
2026-05-28,518890.SH,中银黄金,20200928,,上海黄金交易所上海金集中定价合约(合约代码:SHAU)午盘基准价格收益率,中银基金管理有限公司,招商银行股份有限公司,商品型ETF,,,3844140252.76,7328100,67256200,9.144,9.1778496472483,-0.105968078
2026-05-29,518890.SH,中银黄金,20200928,,上海黄金交易所上海金集中定价合约(合约代码:SHAU)午盘基准价格收益率,中银基金管理有限公司,招商银行股份有限公司,商品型ETF,,,3950168666.92,4658200,43720636,9.413,9.3857361212486,0.001062372
2026-06-01,518890.SH,中银黄金,20200928,,上海黄金交易所上海金集中定价合约(合约代码:SHAU)午盘基准价格收益率,中银基金管理有限公司,招商银行股份有限公司,商品型ETF,,,3916939642.56,3936200,37018581,9.366,9.4046494080585,-0.012810658
2026-06-02,518890.SH,中银黄金,20200928,,上海黄金交易所上海金集中定价合约(合约代码:SHAU)午盘基准价格收益率,中银基金管理有限公司,招商银行股份有限公司,商品型ETF,,,3924227260.96,5520700,51629996,9.432,9.35207419349,0.07214701
2026-06-03,518890.SH,中银黄金,20200928,,上海黄金交易所上海金集中定价合约(合约代码:SHAU)午盘基准价格收益率,中银基金管理有限公司,招商银行股份有限公司,商品型ETF,,,3869554650.04,5781538,53812367,9.296,9.307621432221,-0.121410076
2026-06-04,518890.SH,中银黄金,20200928,,上海黄金交易所上海金集中定价合约(合约代码:SHAU)午盘基准价格收益率,中银基金管理有限公司,招商银行股份有限公司,商品型ETF,,,3838263123.32,4798900,44678611,9.307,9.3101775406864,0.011820458
2026-06-05,518890.SH,中银黄金,20200928,,上海黄金交易所上海金集中定价合约(合约代码:SHAU)午盘基准价格收益率,中银基金管理有限公司,招商银行股份有限公司,商品型ETF,,,3820633780.52,5676706,52549245,9.268,9.256996046651,-0.020496445
2026-06-08,518890.SH,中银黄金,20200928,,上海黄金交易所上海金集中定价合约(合约代码:SHAU)午盘基准价格收益率,中银基金管理有限公司,招商银行股份有限公司,商品型ETF,,,3700090765.32,6429900,57781656,8.966,8.9864004105818,-0.054621053
2026-06-09,518890.SH,中银黄金,20200928,,上海黄金交易所上海金集中定价合约(合约代码:SHAU)午盘基准价格收益率,中银基金管理有限公司,招商银行股份有限公司,商品型ETF,,,3723064497.68,5773600,52190114,9.026,9.0394405570182,-0.006647021
2026-06-10,518890.SH,中银黄金,20200928,,上海黄金交易所上海金集中定价合约(合约代码:SHAU)午盘基准价格收益率,中银基金管理有限公司,招商银行股份有限公司,商品型ETF,,,3609280799.08,12630500,110260916,8.749,8.7297348481849,-0.092496374
2026-06-11,518890.SH,中银黄金,20200928,,上海黄金交易所上海金集中定价合约(合约代码:SHAU)午盘基准价格收益率,中银基金管理有限公司,招商银行股份有限公司,商品型ETF,,,3497987421.64,7945400,67504373,8.516,8.4960320436982,-0.097368699
2026-06-12,518890.SH,中银黄金,20200928,,上海黄金交易所上海金集中定价合约(合约代码:SHAU)午盘基准价格收益率,中银基金管理有限公司,招商银行股份有限公司,商品型ETF,,,3548517749.44,7575400,65762938,8.676,8.6811175647491,0.036896965
2026-06-15,518890.SH,中银黄金,20200928,,上海黄金交易所上海金集中定价合约(合约代码:SHAU)午盘基准价格收益率,中银基金管理有限公司,招商银行股份有限公司,商品型ETF,,,3651295103.08,4322100,38739289,8.944,8.9630709608755,0.077206253
2026-06-16,518890.SH,中银黄金,20200928,,上海黄金交易所上海金集中定价合约(合约代码:SHAU)午盘基准价格收益率,中银基金管理有限公司,招商银行股份有限公司,商品型ETF,,,3663964353.56,5291100,47416562,8.964,8.9615698059005,-0.119224041
2026-06-17,518890.SH,中银黄金,20200928,,上海黄金交易所上海金集中定价合约(合约代码:SHAU)午盘基准价格收益率,中银基金管理有限公司,招商银行股份有限公司,商品型ETF,,,3663841877.12,3995300,35865726,8.971,8.9769794508548,-0.037885541
2026-06-18,518890.SH,中银黄金,20200928,,上海黄金交易所上海金集中定价合约(合约代码:SHAU)午盘基准价格收益率,中银基金管理有限公司,招商银行股份有限公司,商品型ETF,,,3631913609.2,6535100,58465932,8.922,8.9464479502992,-0.078396237
2026-06-22,518890.SH,中银黄金,20200928,,上海黄金交易所上海金集中定价合约(合约代码:SHAU)午盘基准价格收益率,中银基金管理有限公司,招商银行股份有限公司,商品型ETF,,,3536075969.8,10517100,91650248,8.732,8.7144030198439,-0.074383475
2026-06-23,518890.SH,中银黄金,20200928,,上海黄金交易所上海金集中定价合约(合约代码:SHAU)午盘基准价格收益率,中银基金管理有限公司,招商银行股份有限公司,商品型ETF,,,3460042468.84,2387300,20530315,8.549,8.5998052192854,-0.166991697
2026-06-24,518890.SH,中银黄金,20200928,,上海黄金交易所上海金集中定价合约(合约代码:SHAU)午盘基准价格收益率,中银基金管理有限公司,招商银行股份有限公司,商品型ETF,,,3445221573.64,5103100,43333724,8.535,8.4916470380749,-0.050355416
2026-06-25,518890.SH,中银黄金,20200928,,上海黄金交易所上海金集中定价合约(合约代码:SHAU)午盘基准价格收益率,中银基金管理有限公司,招商银行股份有限公司,商品型ETF,,,3348442506.88,8317000,69137952,8.3,8.3128474209451,-0.067424388
2026-06-26,518890.SH,中银黄金,20200928,,上海黄金交易所上海金集中定价合约(合约代码:SHAU)午盘基准价格收益率,中银基金管理有限公司,招商银行股份有限公司,商品型ETF,,,3380589564.68,4566700,38166426,8.4,8.3575505288283,-0.048785712
2026-06-29,518890.SH,中银黄金,20200928,,上海黄金交易所上海金集中定价合约(合约代码:SHAU)午盘基准价格收益率,中银基金管理有限公司,招商银行股份有限公司,商品型ETF,,,3391347419.52,2357800,19960940,8.466,8.465917380609,0.042541123
2026-06-30,518890.SH,中银黄金,20200928,,上海黄金交易所上海金集中定价合约(合约代码:SHAU)午盘基准价格收益率,中银基金管理有限公司,招商银行股份有限公司,商品型ETF,,,3356418808.891,7982600,66188263,8.389,8.2915670332974,0.014306493
2026-07-01,518890.SH,中银黄金,20200928,,上海黄金交易所上海金集中定价合约(合约代码:SHAU)午盘基准价格收益率,中银基金管理有限公司,招商银行股份有限公司,商品型ETF,,,3308758484.52,3449600,28597109,8.287,8.2899782583488,0.146225332
2026-07-02,518890.SH,中银黄金,20200928,,上海黄金交易所上海金集中定价合约(合约代码:SHAU)午盘基准价格收益率,中银基金管理有限公司,招商银行股份有限公司,商品型ETF,,,3387665327.28,4065800,34347000,8.492,8.4477839539574,0.15804496
2026-07-03,518890.SH,中银黄金,20200928,,上海黄金交易所上海金集中定价合约(合约代码:SHAU)午盘基准价格收益率,中银基金管理有限公司,招商银行股份有限公司,商品型ETF,,,3468774951.68,4224600,36739630,8.68,8.696593760356,-0.018429783
2026-07-06,518890.SH,中银黄金,20200928,,上海黄金交易所上海金集中定价合约(合约代码:SHAU)午盘基准价格收益率,中银基金管理有限公司,招商银行股份有限公司,商品型ETF,,,3451038810.96,3609400,31343412,8.648,8.6838288912285,-0.025432938
2026-07-07,518890.SH,中银黄金,20200928,,上海黄金交易所上海金集中定价合约(合约代码:SHAU)午盘基准价格收益率,中银基金管理有限公司,招商银行股份有限公司,商品型ETF,,,3422920483.08,3668800,31587429,8.611,8.6097440580026,-0.012772727
2026-07-08,518890.SH,中银黄金,20200928,,上海黄金交易所上海金集中定价合约(合约代码:SHAU)午盘基准价格收益率,中银基金管理有限公司,招商银行股份有限公司,商品型ETF,,,3403627460.8,2778800,23866551,8.603,8.5887976824529,0.081433225
2026-07-09,518890.SH,中银黄金,20200928,,上海黄金交易所上海金集中定价合约(合约代码:SHAU)午盘基准价格收益率,中银基金管理有限公司,招商银行股份有限公司,商品型ETF,,,3393129852.4,3575900,30435579,8.559,8.5113059649319,-0.046712601
2026-07-10,518890.SH,中银黄金,20200928,,上海黄金交易所上海金集中定价合约(合约代码:SHAU)午盘基准价格收益率,中银基金管理有限公司,招商银行股份有限公司,商品型ETF,,,3389254301.56,2701700,23165521,8.558,8.5744238812599,-0.019860509
2026-07-13,518890.SH,中银黄金,20200928,,上海黄金交易所上海金集中定价合约(合约代码:SHAU)午盘基准价格收益率,中银基金管理有限公司,招商银行股份有限公司,商品型ETF,,,3339682601.32,4966800,42042478,8.435,8.4647012160747,-0.06989776
2026-07-14,518890.SH,中银黄金,20200928,,上海黄金交易所上海金集中定价合约(合约代码:SHAU)午盘基准价格收益率,中银基金管理有限公司,招商银行股份有限公司,商品型ETF,,,3317209408.68,2735700,22893358,8.39,8.3683729941149,0.070371298
2026-07-15,518890.SH,中银黄金,20200928,,上海黄金交易所上海金集中定价合约(合约代码:SHAU)午盘基准价格收益率,中银基金管理有限公司,招商银行股份有限公司,商品型ETF,,,3314338359.36,1348200,11313532,8.384,8.391582851209,0.009542895
2026-07-16,518890.SH,中银黄金,20200928,,上海黄金交易所上海金集中定价合约(合约代码:SHAU)午盘基准价格收益率,中银基金管理有限公司,招商银行股份有限公司,商品型ETF,,,3311452269.32,2133200,17877657,8.376,8.3806755109694,0.001193902
2026-07-17,518890.SH,中银黄金,20200928,,上海黄金交易所上海金集中定价合约(合约代码:SHAU)午盘基准价格收益率,中银基金管理有限公司,招商银行股份有限公司,商品型ETF,,,3289905432.72,5803200,48172000,8.32,8.3009374138406,-0.016824092
2026-07-20,518890.SH,中银黄金,20200928,,上海黄金交易所上海金集中定价合约(合约代码:SHAU)午盘基准价格收益率,中银基金管理有限公司,招商银行股份有限公司,商品型ETF,,,3293858980.72,3947200,32936434,8.334,8.3442526347791,0.03120724
2026-07-21,518890.SH,中银黄金,20200928,,上海黄金交易所上海金集中定价合约(合约代码:SHAU)午盘基准价格收益率,中银基金管理有限公司,招商银行股份有限公司,商品型ETF,,,3352173813.72,2236600,18835725,8.48,8.4215885719396,0.012973381
2026-07-22,518890.SH,中银黄金,20200928,,上海黄金交易所上海金集中定价合约(合约代码:SHAU)午盘基准价格收益率,中银基金管理有限公司,招商银行股份有限公司,商品型ETF,,,3382814746.92,6077338,52208292,8.568,8.5906513674244,0.059559261
2026-07-23,518890.SH,中银黄金,20200928,,上海黄金交易所上海金集中定价合约(合约代码:SHAU)午盘基准价格收益率,中银基金管理有限公司,招商银行股份有限公司,商品型ETF,,,3370811849.6,3430700,29422667,8.578,8.5762867636342,0.304022451
2026-07-24,518890.SH,中银黄金,20200928,,上海黄金交易所上海金集中定价合约(合约代码:SHAU)午盘基准价格收益率,中银基金管理有限公司,招商银行股份有限公司,商品型ETF,,,3307159050.84,4739400,39798929,8.395,8.397461493016,-0.098770721
2026-07-27,518890.SH,中银黄金,20200928,,上海黄金交易所上海金集中定价合约(合约代码:SHAU)午盘基准价格收益率,中银基金管理有限公司,招商银行股份有限公司,商品型ETF,,,3352378497.36,1491800,12703466,8.514,8.5155288912723,-0.049306191
2026-07-28,518890.SH,中银黄金,20200928,,上海黄金交易所上海金集中定价合约(合约代码:SHAU)午盘基准价格收益率,中银基金管理有限公司,招商银行股份有限公司,商品型ETF,,,3312393329.68,2096600,17629635,8.405,8.4086783363541,-0.137822874
2026-07-29,518890.SH,中银黄金,20200928,,上海黄金交易所上海金集中定价合约(合约代码:SHAU)午盘基准价格收益率,中银基金管理有限公司,招商银行股份有限公司,商品型ETF,,,3305306594.0,2008900,16852266,8.409,8.388802827418,0.04759072
2026-07-30,518890.SH,中银黄金,20200928,,上海黄金交易所上海金集中定价合约(合约代码:SHAU)午盘基准价格收益率,中银基金管理有限公司,招商银行股份有限公司,商品型ETF,,,3293904315.52,5486300,46219931,8.375,8.4246087527113,-0.088280206
2026-07-31,518890.SH,中银黄金,20200928,,上海黄金交易所上海金集中定价合约(合约代码:SHAU)午盘基准价格收益率,中银基金管理有限公司,招商银行股份有限公司,商品型ETF,,,3315066679.96,3472700,29370236,8.457,8.4574642209232,0.169377095
2026-08-03,518890.SH,中银黄金,20200928,,上海黄金交易所上海金集中定价合约(合约代码:SHAU)午盘基准价格收益率,中银基金管理有限公司,招商银行股份有限公司,商品型ETF,,,3310786742.64,3051800,25703460,8.432,8.4223933416344,0.002371973
2026-08-04,518890.SH,中银黄金,20200928,,上海黄金交易所上海金集中定价合约(合约代码:SHAU)午盘基准价格收益率,中银基金管理有限公司,招商银行股份有限公司,商品型ETF,,,3311940940.84,2952700,24878827,8.424,8.4257889389372,-0.051018592
2026-08-05,518890.SH,中银黄金,20200928,,上海黄金交易所上海金集中定价合约(合约代码:SHAU)午盘基准价格收益率,中银基金管理有限公司,招商银行股份有限公司,商品型ETF,,,3398705360.68,7358300,63082854,8.656,8.5730201269315,0.079777087
2026-08-06,518890.SH,中银黄金,20200928,,上海黄金交易所上海金集中定价合约(合约代码:SHAU)午盘基准价格收益率,中银基金管理有限公司,招商银行股份有限公司,商品型ETF,,,3462647839.48,7425200,65800572,8.803,8.8617911975435,-0.023849814
2026-08-07,518890.SH,中银黄金,20200928,,上海黄金交易所上海金集中定价合约(合约代码:SHAU)午盘基准价格收益率,中银基金管理有限公司,招商银行股份有限公司,商品型ETF,,,3492507384.08,5575800,49274388,8.902,8.8371871300979,0.083196546
2026-08-10,518890.SH,中银黄金,20200928,,上海黄金交易所上海金集中定价合约(合约代码:SHAU)午盘基准价格收益率,中银基金管理有限公司,招商银行股份有限公司,商品型ETF,,,3517093334.04,3556400,31873988,9.021,8.9624305477449,0.096534736
2026-08-11,518890.SH,中银黄金,20200928,,上海黄金交易所上海金集中定价合约(合约代码:SHAU)午盘基准价格收益率,中银基金管理有限公司,招商银行股份有限公司,商品型ETF,,,3518037327.28,10570900,96308438,9.032,9.1107131843079,0.037658109
2026-08-12,518890.SH,中银黄金,20200928,,上海黄金交易所上海金集中定价合约(合约代码:SHAU)午盘基准价格收益率,中银基金管理有限公司,招商银行股份有限公司,商品型ETF,,,3540105128.84,7365800,66999541,9.119,9.0960304379701,0.062545949
2026-08-13,518890.SH,中银黄金,20200928,,上海黄金交易所上海金集中定价合约(合约代码:SHAU)午盘基准价格收益率,中银基金管理有限公司,招商银行股份有限公司,商品型ETF,,,3508179958.68,7345800,66760333,9.06,9.0882317787035,0.009934762
2026-08-14,518890.SH,中银黄金,20200928,,上海黄金交易所上海金集中定价合约(合约代码:SHAU)午盘基准价格收益率,中银基金管理有限公司,招商银行股份有限公司,商品型ETF,,,3457211668.56,6199500,55366344,8.957,8.9307757077184,-0.058021468
2026-08-17,518890.SH,中银黄金,20200928,,上海黄金交易所上海金集中定价合约(合约代码:SHAU)午盘基准价格收益率,中银基金管理有限公司,招商银行股份有限公司,商品型ETF,,,3488306148.96,6777900,61522982,9.084,9.0769975951253,-0.013208295
2026-08-18,518890.SH,中银黄金,20200928,,上海黄金交易所上海金集中定价合约(合约代码:SHAU)午盘基准价格收益率,中银基金管理有限公司,招商银行股份有限公司,商品型ETF,,,3483347129.28,5081800,46204282,9.09,9.0921094887638,-0.039588282
2026-08-19,518890.SH,中银黄金,20200928,,上海黄金交易所上海金集中定价合约(合约代码:SHAU)午盘基准价格收益率,中银基金管理有限公司,招商银行股份有限公司,商品型ETF,,,3436641685.44,6834500,61412062,8.993,8.9855968980906,0.002224001
2026-08-20,518890.SH,中银黄金,20200928,,上海黄金交易所上海金集中定价合约(合约代码:SHAU)午盘基准价格收益率,中银基金管理有限公司,招商银行股份有限公司,商品型ETF,,,3530858593.68,6709581,62044919,9.252,9.2472121582555,0.058399844
2026-08-21,518890.SH,中银黄金,20200928,,上海黄金交易所上海金集中定价合约(合约代码:SHAU)午盘基准价格收益率,中银基金管理有限公司,招商银行股份有限公司,商品型ETF,,,3590676889.8,10772500,100728903,9.398,9.3505595729868,0.101187623
2026-08-24,518890.SH,中银黄金,20200928,,上海黄金交易所上海金集中定价合约(合约代码:SHAU)午盘基准价格收益率,中银基金管理有限公司,招商银行股份有限公司,商品型ETF,,,3664647557.12,10323300,98639888,9.573,9.5550732808307,-0.014622326
2026-08-25,518890.SH,中银黄金,20200928,,上海黄金交易所上海金集中定价合约(合约代码:SHAU)午盘基准价格收益率,中银基金管理有限公司,招商银行股份有限公司,商品型ETF,,,3642432108.24,12265300,117384430,9.551,9.5704491533024,-0.02930771
