日期,代码,名称,上市日期,对标指数,benchmark,管理人,托管人,类别大类,类别细类,对标指数代码,规模,成交量,成交额,收盘价,VWAP,溢价率
2021-01-04,520990.SH,景顺长城中证国新港股通央企红利ETF,20240710,中证国新港股通央企红利指数,中证国新港股通央企红利指数收益率(使用估值汇率折算),景顺长城基金管理有限公司,招商银行股份有限公司,跨境型ETF,,931722.CSI,,,,,,
2021-01-05,520990.SH,景顺长城中证国新港股通央企红利ETF,20240710,中证国新港股通央企红利指数,中证国新港股通央企红利指数收益率(使用估值汇率折算),景顺长城基金管理有限公司,招商银行股份有限公司,跨境型ETF,,931722.CSI,,,,,,
2021-01-06,520990.SH,景顺长城中证国新港股通央企红利ETF,20240710,中证国新港股通央企红利指数,中证国新港股通央企红利指数收益率(使用估值汇率折算),景顺长城基金管理有限公司,招商银行股份有限公司,跨境型ETF,,931722.CSI,,,,,,
2021-01-07,520990.SH,景顺长城中证国新港股通央企红利ETF,20240710,中证国新港股通央企红利指数,中证国新港股通央企红利指数收益率(使用估值汇率折算),景顺长城基金管理有限公司,招商银行股份有限公司,跨境型ETF,,931722.CSI,,,,,,
2021-01-08,520990.SH,景顺长城中证国新港股通央企红利ETF,20240710,中证国新港股通央企红利指数,中证国新港股通央企红利指数收益率(使用估值汇率折算),景顺长城基金管理有限公司,招商银行股份有限公司,跨境型ETF,,931722.CSI,,,,,,
2021-01-11,520990.SH,景顺长城中证国新港股通央企红利ETF,20240710,中证国新港股通央企红利指数,中证国新港股通央企红利指数收益率(使用估值汇率折算),景顺长城基金管理有限公司,招商银行股份有限公司,跨境型ETF,,931722.CSI,,,,,,
2021-01-12,520990.SH,景顺长城中证国新港股通央企红利ETF,20240710,中证国新港股通央企红利指数,中证国新港股通央企红利指数收益率(使用估值汇率折算),景顺长城基金管理有限公司,招商银行股份有限公司,跨境型ETF,,931722.CSI,,,,,,
2021-01-13,520990.SH,景顺长城中证国新港股通央企红利ETF,20240710,中证国新港股通央企红利指数,中证国新港股通央企红利指数收益率(使用估值汇率折算),景顺长城基金管理有限公司,招商银行股份有限公司,跨境型ETF,,931722.CSI,,,,,,
2021-01-14,520990.SH,景顺长城中证国新港股通央企红利ETF,20240710,中证国新港股通央企红利指数,中证国新港股通央企红利指数收益率(使用估值汇率折算),景顺长城基金管理有限公司,招商银行股份有限公司,跨境型ETF,,931722.CSI,,,,,,
2021-01-15,520990.SH,景顺长城中证国新港股通央企红利ETF,20240710,中证国新港股通央企红利指数,中证国新港股通央企红利指数收益率(使用估值汇率折算),景顺长城基金管理有限公司,招商银行股份有限公司,跨境型ETF,,931722.CSI,,,,,,
2021-01-18,520990.SH,景顺长城中证国新港股通央企红利ETF,20240710,中证国新港股通央企红利指数,中证国新港股通央企红利指数收益率(使用估值汇率折算),景顺长城基金管理有限公司,招商银行股份有限公司,跨境型ETF,,931722.CSI,,,,,,
2021-01-19,520990.SH,景顺长城中证国新港股通央企红利ETF,20240710,中证国新港股通央企红利指数,中证国新港股通央企红利指数收益率(使用估值汇率折算),景顺长城基金管理有限公司,招商银行股份有限公司,跨境型ETF,,931722.CSI,,,,,,
2021-01-20,520990.SH,景顺长城中证国新港股通央企红利ETF,20240710,中证国新港股通央企红利指数,中证国新港股通央企红利指数收益率(使用估值汇率折算),景顺长城基金管理有限公司,招商银行股份有限公司,跨境型ETF,,931722.CSI,,,,,,
2021-01-21,520990.SH,景顺长城中证国新港股通央企红利ETF,20240710,中证国新港股通央企红利指数,中证国新港股通央企红利指数收益率(使用估值汇率折算),景顺长城基金管理有限公司,招商银行股份有限公司,跨境型ETF,,931722.CSI,,,,,,
2021-01-22,520990.SH,景顺长城中证国新港股通央企红利ETF,20240710,中证国新港股通央企红利指数,中证国新港股通央企红利指数收益率(使用估值汇率折算),景顺长城基金管理有限公司,招商银行股份有限公司,跨境型ETF,,931722.CSI,,,,,,
2021-01-25,520990.SH,景顺长城中证国新港股通央企红利ETF,20240710,中证国新港股通央企红利指数,中证国新港股通央企红利指数收益率(使用估值汇率折算),景顺长城基金管理有限公司,招商银行股份有限公司,跨境型ETF,,931722.CSI,,,,,,
2021-01-26,520990.SH,景顺长城中证国新港股通央企红利ETF,20240710,中证国新港股通央企红利指数,中证国新港股通央企红利指数收益率(使用估值汇率折算),景顺长城基金管理有限公司,招商银行股份有限公司,跨境型ETF,,931722.CSI,,,,,,
2021-01-27,520990.SH,景顺长城中证国新港股通央企红利ETF,20240710,中证国新港股通央企红利指数,中证国新港股通央企红利指数收益率(使用估值汇率折算),景顺长城基金管理有限公司,招商银行股份有限公司,跨境型ETF,,931722.CSI,,,,,,
2021-01-28,520990.SH,景顺长城中证国新港股通央企红利ETF,20240710,中证国新港股通央企红利指数,中证国新港股通央企红利指数收益率(使用估值汇率折算),景顺长城基金管理有限公司,招商银行股份有限公司,跨境型ETF,,931722.CSI,,,,,,
2021-01-29,520990.SH,景顺长城中证国新港股通央企红利ETF,20240710,中证国新港股通央企红利指数,中证国新港股通央企红利指数收益率(使用估值汇率折算),景顺长城基金管理有限公司,招商银行股份有限公司,跨境型ETF,,931722.CSI,,,,,,
2021-02-01,520990.SH,景顺长城中证国新港股通央企红利ETF,20240710,中证国新港股通央企红利指数,中证国新港股通央企红利指数收益率(使用估值汇率折算),景顺长城基金管理有限公司,招商银行股份有限公司,跨境型ETF,,931722.CSI,,,,,,
2021-02-02,520990.SH,景顺长城中证国新港股通央企红利ETF,20240710,中证国新港股通央企红利指数,中证国新港股通央企红利指数收益率(使用估值汇率折算),景顺长城基金管理有限公司,招商银行股份有限公司,跨境型ETF,,931722.CSI,,,,,,
2021-02-03,520990.SH,景顺长城中证国新港股通央企红利ETF,20240710,中证国新港股通央企红利指数,中证国新港股通央企红利指数收益率(使用估值汇率折算),景顺长城基金管理有限公司,招商银行股份有限公司,跨境型ETF,,931722.CSI,,,,,,
2021-02-04,520990.SH,景顺长城中证国新港股通央企红利ETF,20240710,中证国新港股通央企红利指数,中证国新港股通央企红利指数收益率(使用估值汇率折算),景顺长城基金管理有限公司,招商银行股份有限公司,跨境型ETF,,931722.CSI,,,,,,
2021-02-05,520990.SH,景顺长城中证国新港股通央企红利ETF,20240710,中证国新港股通央企红利指数,中证国新港股通央企红利指数收益率(使用估值汇率折算),景顺长城基金管理有限公司,招商银行股份有限公司,跨境型ETF,,931722.CSI,,,,,,
2021-02-08,520990.SH,景顺长城中证国新港股通央企红利ETF,20240710,中证国新港股通央企红利指数,中证国新港股通央企红利指数收益率(使用估值汇率折算),景顺长城基金管理有限公司,招商银行股份有限公司,跨境型ETF,,931722.CSI,,,,,,
2021-02-09,520990.SH,景顺长城中证国新港股通央企红利ETF,20240710,中证国新港股通央企红利指数,中证国新港股通央企红利指数收益率(使用估值汇率折算),景顺长城基金管理有限公司,招商银行股份有限公司,跨境型ETF,,931722.CSI,,,,,,
2021-02-10,520990.SH,景顺长城中证国新港股通央企红利ETF,20240710,中证国新港股通央企红利指数,中证国新港股通央企红利指数收益率(使用估值汇率折算),景顺长城基金管理有限公司,招商银行股份有限公司,跨境型ETF,,931722.CSI,,,,,,
2021-02-18,520990.SH,景顺长城中证国新港股通央企红利ETF,20240710,中证国新港股通央企红利指数,中证国新港股通央企红利指数收益率(使用估值汇率折算),景顺长城基金管理有限公司,招商银行股份有限公司,跨境型ETF,,931722.CSI,,,,,,
2021-02-19,520990.SH,景顺长城中证国新港股通央企红利ETF,20240710,中证国新港股通央企红利指数,中证国新港股通央企红利指数收益率(使用估值汇率折算),景顺长城基金管理有限公司,招商银行股份有限公司,跨境型ETF,,931722.CSI,,,,,,
2021-02-22,520990.SH,景顺长城中证国新港股通央企红利ETF,20240710,中证国新港股通央企红利指数,中证国新港股通央企红利指数收益率(使用估值汇率折算),景顺长城基金管理有限公司,招商银行股份有限公司,跨境型ETF,,931722.CSI,,,,,,
2021-02-23,520990.SH,景顺长城中证国新港股通央企红利ETF,20240710,中证国新港股通央企红利指数,中证国新港股通央企红利指数收益率(使用估值汇率折算),景顺长城基金管理有限公司,招商银行股份有限公司,跨境型ETF,,931722.CSI,,,,,,
2021-02-24,520990.SH,景顺长城中证国新港股通央企红利ETF,20240710,中证国新港股通央企红利指数,中证国新港股通央企红利指数收益率(使用估值汇率折算),景顺长城基金管理有限公司,招商银行股份有限公司,跨境型ETF,,931722.CSI,,,,,,
2021-02-25,520990.SH,景顺长城中证国新港股通央企红利ETF,20240710,中证国新港股通央企红利指数,中证国新港股通央企红利指数收益率(使用估值汇率折算),景顺长城基金管理有限公司,招商银行股份有限公司,跨境型ETF,,931722.CSI,,,,,,
2021-02-26,520990.SH,景顺长城中证国新港股通央企红利ETF,20240710,中证国新港股通央企红利指数,中证国新港股通央企红利指数收益率(使用估值汇率折算),景顺长城基金管理有限公司,招商银行股份有限公司,跨境型ETF,,931722.CSI,,,,,,
2021-03-01,520990.SH,景顺长城中证国新港股通央企红利ETF,20240710,中证国新港股通央企红利指数,中证国新港股通央企红利指数收益率(使用估值汇率折算),景顺长城基金管理有限公司,招商银行股份有限公司,跨境型ETF,,931722.CSI,,,,,,
2021-03-02,520990.SH,景顺长城中证国新港股通央企红利ETF,20240710,中证国新港股通央企红利指数,中证国新港股通央企红利指数收益率(使用估值汇率折算),景顺长城基金管理有限公司,招商银行股份有限公司,跨境型ETF,,931722.CSI,,,,,,
2021-03-03,520990.SH,景顺长城中证国新港股通央企红利ETF,20240710,中证国新港股通央企红利指数,中证国新港股通央企红利指数收益率(使用估值汇率折算),景顺长城基金管理有限公司,招商银行股份有限公司,跨境型ETF,,931722.CSI,,,,,,
2021-03-04,520990.SH,景顺长城中证国新港股通央企红利ETF,20240710,中证国新港股通央企红利指数,中证国新港股通央企红利指数收益率(使用估值汇率折算),景顺长城基金管理有限公司,招商银行股份有限公司,跨境型ETF,,931722.CSI,,,,,,
2021-03-05,520990.SH,景顺长城中证国新港股通央企红利ETF,20240710,中证国新港股通央企红利指数,中证国新港股通央企红利指数收益率(使用估值汇率折算),景顺长城基金管理有限公司,招商银行股份有限公司,跨境型ETF,,931722.CSI,,,,,,
2021-03-08,520990.SH,景顺长城中证国新港股通央企红利ETF,20240710,中证国新港股通央企红利指数,中证国新港股通央企红利指数收益率(使用估值汇率折算),景顺长城基金管理有限公司,招商银行股份有限公司,跨境型ETF,,931722.CSI,,,,,,
2021-03-09,520990.SH,景顺长城中证国新港股通央企红利ETF,20240710,中证国新港股通央企红利指数,中证国新港股通央企红利指数收益率(使用估值汇率折算),景顺长城基金管理有限公司,招商银行股份有限公司,跨境型ETF,,931722.CSI,,,,,,
2021-03-10,520990.SH,景顺长城中证国新港股通央企红利ETF,20240710,中证国新港股通央企红利指数,中证国新港股通央企红利指数收益率(使用估值汇率折算),景顺长城基金管理有限公司,招商银行股份有限公司,跨境型ETF,,931722.CSI,,,,,,
2021-03-11,520990.SH,景顺长城中证国新港股通央企红利ETF,20240710,中证国新港股通央企红利指数,中证国新港股通央企红利指数收益率(使用估值汇率折算),景顺长城基金管理有限公司,招商银行股份有限公司,跨境型ETF,,931722.CSI,,,,,,
2021-03-12,520990.SH,景顺长城中证国新港股通央企红利ETF,20240710,中证国新港股通央企红利指数,中证国新港股通央企红利指数收益率(使用估值汇率折算),景顺长城基金管理有限公司,招商银行股份有限公司,跨境型ETF,,931722.CSI,,,,,,
2021-03-15,520990.SH,景顺长城中证国新港股通央企红利ETF,20240710,中证国新港股通央企红利指数,中证国新港股通央企红利指数收益率(使用估值汇率折算),景顺长城基金管理有限公司,招商银行股份有限公司,跨境型ETF,,931722.CSI,,,,,,
2021-03-16,520990.SH,景顺长城中证国新港股通央企红利ETF,20240710,中证国新港股通央企红利指数,中证国新港股通央企红利指数收益率(使用估值汇率折算),景顺长城基金管理有限公司,招商银行股份有限公司,跨境型ETF,,931722.CSI,,,,,,
2021-03-17,520990.SH,景顺长城中证国新港股通央企红利ETF,20240710,中证国新港股通央企红利指数,中证国新港股通央企红利指数收益率(使用估值汇率折算),景顺长城基金管理有限公司,招商银行股份有限公司,跨境型ETF,,931722.CSI,,,,,,
2021-03-18,520990.SH,景顺长城中证国新港股通央企红利ETF,20240710,中证国新港股通央企红利指数,中证国新港股通央企红利指数收益率(使用估值汇率折算),景顺长城基金管理有限公司,招商银行股份有限公司,跨境型ETF,,931722.CSI,,,,,,
2021-03-19,520990.SH,景顺长城中证国新港股通央企红利ETF,20240710,中证国新港股通央企红利指数,中证国新港股通央企红利指数收益率(使用估值汇率折算),景顺长城基金管理有限公司,招商银行股份有限公司,跨境型ETF,,931722.CSI,,,,,,
2021-03-22,520990.SH,景顺长城中证国新港股通央企红利ETF,20240710,中证国新港股通央企红利指数,中证国新港股通央企红利指数收益率(使用估值汇率折算),景顺长城基金管理有限公司,招商银行股份有限公司,跨境型ETF,,931722.CSI,,,,,,
2021-03-23,520990.SH,景顺长城中证国新港股通央企红利ETF,20240710,中证国新港股通央企红利指数,中证国新港股通央企红利指数收益率(使用估值汇率折算),景顺长城基金管理有限公司,招商银行股份有限公司,跨境型ETF,,931722.CSI,,,,,,
2021-03-24,520990.SH,景顺长城中证国新港股通央企红利ETF,20240710,中证国新港股通央企红利指数,中证国新港股通央企红利指数收益率(使用估值汇率折算),景顺长城基金管理有限公司,招商银行股份有限公司,跨境型ETF,,931722.CSI,,,,,,
2021-03-25,520990.SH,景顺长城中证国新港股通央企红利ETF,20240710,中证国新港股通央企红利指数,中证国新港股通央企红利指数收益率(使用估值汇率折算),景顺长城基金管理有限公司,招商银行股份有限公司,跨境型ETF,,931722.CSI,,,,,,
2021-03-26,520990.SH,景顺长城中证国新港股通央企红利ETF,20240710,中证国新港股通央企红利指数,中证国新港股通央企红利指数收益率(使用估值汇率折算),景顺长城基金管理有限公司,招商银行股份有限公司,跨境型ETF,,931722.CSI,,,,,,
2021-03-29,520990.SH,景顺长城中证国新港股通央企红利ETF,20240710,中证国新港股通央企红利指数,中证国新港股通央企红利指数收益率(使用估值汇率折算),景顺长城基金管理有限公司,招商银行股份有限公司,跨境型ETF,,931722.CSI,,,,,,
2021-03-30,520990.SH,景顺长城中证国新港股通央企红利ETF,20240710,中证国新港股通央企红利指数,中证国新港股通央企红利指数收益率(使用估值汇率折算),景顺长城基金管理有限公司,招商银行股份有限公司,跨境型ETF,,931722.CSI,,,,,,
2021-03-31,520990.SH,景顺长城中证国新港股通央企红利ETF,20240710,中证国新港股通央企红利指数,中证国新港股通央企红利指数收益率(使用估值汇率折算),景顺长城基金管理有限公司,招商银行股份有限公司,跨境型ETF,,931722.CSI,,,,,,
2021-04-01,520990.SH,景顺长城中证国新港股通央企红利ETF,20240710,中证国新港股通央企红利指数,中证国新港股通央企红利指数收益率(使用估值汇率折算),景顺长城基金管理有限公司,招商银行股份有限公司,跨境型ETF,,931722.CSI,,,,,,
2021-04-02,520990.SH,景顺长城中证国新港股通央企红利ETF,20240710,中证国新港股通央企红利指数,中证国新港股通央企红利指数收益率(使用估值汇率折算),景顺长城基金管理有限公司,招商银行股份有限公司,跨境型ETF,,931722.CSI,,,,,,
2021-04-06,520990.SH,景顺长城中证国新港股通央企红利ETF,20240710,中证国新港股通央企红利指数,中证国新港股通央企红利指数收益率(使用估值汇率折算),景顺长城基金管理有限公司,招商银行股份有限公司,跨境型ETF,,931722.CSI,,,,,,
2021-04-07,520990.SH,景顺长城中证国新港股通央企红利ETF,20240710,中证国新港股通央企红利指数,中证国新港股通央企红利指数收益率(使用估值汇率折算),景顺长城基金管理有限公司,招商银行股份有限公司,跨境型ETF,,931722.CSI,,,,,,
2021-04-08,520990.SH,景顺长城中证国新港股通央企红利ETF,20240710,中证国新港股通央企红利指数,中证国新港股通央企红利指数收益率(使用估值汇率折算),景顺长城基金管理有限公司,招商银行股份有限公司,跨境型ETF,,931722.CSI,,,,,,
2021-04-09,520990.SH,景顺长城中证国新港股通央企红利ETF,20240710,中证国新港股通央企红利指数,中证国新港股通央企红利指数收益率(使用估值汇率折算),景顺长城基金管理有限公司,招商银行股份有限公司,跨境型ETF,,931722.CSI,,,,,,
2021-04-12,520990.SH,景顺长城中证国新港股通央企红利ETF,20240710,中证国新港股通央企红利指数,中证国新港股通央企红利指数收益率(使用估值汇率折算),景顺长城基金管理有限公司,招商银行股份有限公司,跨境型ETF,,931722.CSI,,,,,,
2021-04-13,520990.SH,景顺长城中证国新港股通央企红利ETF,20240710,中证国新港股通央企红利指数,中证国新港股通央企红利指数收益率(使用估值汇率折算),景顺长城基金管理有限公司,招商银行股份有限公司,跨境型ETF,,931722.CSI,,,,,,
2021-04-14,520990.SH,景顺长城中证国新港股通央企红利ETF,20240710,中证国新港股通央企红利指数,中证国新港股通央企红利指数收益率(使用估值汇率折算),景顺长城基金管理有限公司,招商银行股份有限公司,跨境型ETF,,931722.CSI,,,,,,
2021-04-15,520990.SH,景顺长城中证国新港股通央企红利ETF,20240710,中证国新港股通央企红利指数,中证国新港股通央企红利指数收益率(使用估值汇率折算),景顺长城基金管理有限公司,招商银行股份有限公司,跨境型ETF,,931722.CSI,,,,,,
2021-04-16,520990.SH,景顺长城中证国新港股通央企红利ETF,20240710,中证国新港股通央企红利指数,中证国新港股通央企红利指数收益率(使用估值汇率折算),景顺长城基金管理有限公司,招商银行股份有限公司,跨境型ETF,,931722.CSI,,,,,,
2021-04-19,520990.SH,景顺长城中证国新港股通央企红利ETF,20240710,中证国新港股通央企红利指数,中证国新港股通央企红利指数收益率(使用估值汇率折算),景顺长城基金管理有限公司,招商银行股份有限公司,跨境型ETF,,931722.CSI,,,,,,
2021-04-20,520990.SH,景顺长城中证国新港股通央企红利ETF,20240710,中证国新港股通央企红利指数,中证国新港股通央企红利指数收益率(使用估值汇率折算),景顺长城基金管理有限公司,招商银行股份有限公司,跨境型ETF,,931722.CSI,,,,,,
2021-04-21,520990.SH,景顺长城中证国新港股通央企红利ETF,20240710,中证国新港股通央企红利指数,中证国新港股通央企红利指数收益率(使用估值汇率折算),景顺长城基金管理有限公司,招商银行股份有限公司,跨境型ETF,,931722.CSI,,,,,,
2021-04-22,520990.SH,景顺长城中证国新港股通央企红利ETF,20240710,中证国新港股通央企红利指数,中证国新港股通央企红利指数收益率(使用估值汇率折算),景顺长城基金管理有限公司,招商银行股份有限公司,跨境型ETF,,931722.CSI,,,,,,
2021-04-23,520990.SH,景顺长城中证国新港股通央企红利ETF,20240710,中证国新港股通央企红利指数,中证国新港股通央企红利指数收益率(使用估值汇率折算),景顺长城基金管理有限公司,招商银行股份有限公司,跨境型ETF,,931722.CSI,,,,,,
2021-04-26,520990.SH,景顺长城中证国新港股通央企红利ETF,20240710,中证国新港股通央企红利指数,中证国新港股通央企红利指数收益率(使用估值汇率折算),景顺长城基金管理有限公司,招商银行股份有限公司,跨境型ETF,,931722.CSI,,,,,,
2021-04-27,520990.SH,景顺长城中证国新港股通央企红利ETF,20240710,中证国新港股通央企红利指数,中证国新港股通央企红利指数收益率(使用估值汇率折算),景顺长城基金管理有限公司,招商银行股份有限公司,跨境型ETF,,931722.CSI,,,,,,
2021-04-28,520990.SH,景顺长城中证国新港股通央企红利ETF,20240710,中证国新港股通央企红利指数,中证国新港股通央企红利指数收益率(使用估值汇率折算),景顺长城基金管理有限公司,招商银行股份有限公司,跨境型ETF,,931722.CSI,,,,,,
2021-04-29,520990.SH,景顺长城中证国新港股通央企红利ETF,20240710,中证国新港股通央企红利指数,中证国新港股通央企红利指数收益率(使用估值汇率折算),景顺长城基金管理有限公司,招商银行股份有限公司,跨境型ETF,,931722.CSI,,,,,,
2021-04-30,520990.SH,景顺长城中证国新港股通央企红利ETF,20240710,中证国新港股通央企红利指数,中证国新港股通央企红利指数收益率(使用估值汇率折算),景顺长城基金管理有限公司,招商银行股份有限公司,跨境型ETF,,931722.CSI,,,,,,
2021-05-06,520990.SH,景顺长城中证国新港股通央企红利ETF,20240710,中证国新港股通央企红利指数,中证国新港股通央企红利指数收益率(使用估值汇率折算),景顺长城基金管理有限公司,招商银行股份有限公司,跨境型ETF,,931722.CSI,,,,,,
2021-05-07,520990.SH,景顺长城中证国新港股通央企红利ETF,20240710,中证国新港股通央企红利指数,中证国新港股通央企红利指数收益率(使用估值汇率折算),景顺长城基金管理有限公司,招商银行股份有限公司,跨境型ETF,,931722.CSI,,,,,,
2021-05-10,520990.SH,景顺长城中证国新港股通央企红利ETF,20240710,中证国新港股通央企红利指数,中证国新港股通央企红利指数收益率(使用估值汇率折算),景顺长城基金管理有限公司,招商银行股份有限公司,跨境型ETF,,931722.CSI,,,,,,
2021-05-11,520990.SH,景顺长城中证国新港股通央企红利ETF,20240710,中证国新港股通央企红利指数,中证国新港股通央企红利指数收益率(使用估值汇率折算),景顺长城基金管理有限公司,招商银行股份有限公司,跨境型ETF,,931722.CSI,,,,,,
2021-05-12,520990.SH,景顺长城中证国新港股通央企红利ETF,20240710,中证国新港股通央企红利指数,中证国新港股通央企红利指数收益率(使用估值汇率折算),景顺长城基金管理有限公司,招商银行股份有限公司,跨境型ETF,,931722.CSI,,,,,,
2021-05-13,520990.SH,景顺长城中证国新港股通央企红利ETF,20240710,中证国新港股通央企红利指数,中证国新港股通央企红利指数收益率(使用估值汇率折算),景顺长城基金管理有限公司,招商银行股份有限公司,跨境型ETF,,931722.CSI,,,,,,
2021-05-14,520990.SH,景顺长城中证国新港股通央企红利ETF,20240710,中证国新港股通央企红利指数,中证国新港股通央企红利指数收益率(使用估值汇率折算),景顺长城基金管理有限公司,招商银行股份有限公司,跨境型ETF,,931722.CSI,,,,,,
2021-05-17,520990.SH,景顺长城中证国新港股通央企红利ETF,20240710,中证国新港股通央企红利指数,中证国新港股通央企红利指数收益率(使用估值汇率折算),景顺长城基金管理有限公司,招商银行股份有限公司,跨境型ETF,,931722.CSI,,,,,,
2021-05-18,520990.SH,景顺长城中证国新港股通央企红利ETF,20240710,中证国新港股通央企红利指数,中证国新港股通央企红利指数收益率(使用估值汇率折算),景顺长城基金管理有限公司,招商银行股份有限公司,跨境型ETF,,931722.CSI,,,,,,
2021-05-19,520990.SH,景顺长城中证国新港股通央企红利ETF,20240710,中证国新港股通央企红利指数,中证国新港股通央企红利指数收益率(使用估值汇率折算),景顺长城基金管理有限公司,招商银行股份有限公司,跨境型ETF,,931722.CSI,,,,,,
2021-05-20,520990.SH,景顺长城中证国新港股通央企红利ETF,20240710,中证国新港股通央企红利指数,中证国新港股通央企红利指数收益率(使用估值汇率折算),景顺长城基金管理有限公司,招商银行股份有限公司,跨境型ETF,,931722.CSI,,,,,,
2021-05-21,520990.SH,景顺长城中证国新港股通央企红利ETF,20240710,中证国新港股通央企红利指数,中证国新港股通央企红利指数收益率(使用估值汇率折算),景顺长城基金管理有限公司,招商银行股份有限公司,跨境型ETF,,931722.CSI,,,,,,
2021-05-24,520990.SH,景顺长城中证国新港股通央企红利ETF,20240710,中证国新港股通央企红利指数,中证国新港股通央企红利指数收益率(使用估值汇率折算),景顺长城基金管理有限公司,招商银行股份有限公司,跨境型ETF,,931722.CSI,,,,,,
2021-05-25,520990.SH,景顺长城中证国新港股通央企红利ETF,20240710,中证国新港股通央企红利指数,中证国新港股通央企红利指数收益率(使用估值汇率折算),景顺长城基金管理有限公司,招商银行股份有限公司,跨境型ETF,,931722.CSI,,,,,,
2021-05-26,520990.SH,景顺长城中证国新港股通央企红利ETF,20240710,中证国新港股通央企红利指数,中证国新港股通央企红利指数收益率(使用估值汇率折算),景顺长城基金管理有限公司,招商银行股份有限公司,跨境型ETF,,931722.CSI,,,,,,
2021-05-27,520990.SH,景顺长城中证国新港股通央企红利ETF,20240710,中证国新港股通央企红利指数,中证国新港股通央企红利指数收益率(使用估值汇率折算),景顺长城基金管理有限公司,招商银行股份有限公司,跨境型ETF,,931722.CSI,,,,,,
2021-05-28,520990.SH,景顺长城中证国新港股通央企红利ETF,20240710,中证国新港股通央企红利指数,中证国新港股通央企红利指数收益率(使用估值汇率折算),景顺长城基金管理有限公司,招商银行股份有限公司,跨境型ETF,,931722.CSI,,,,,,
2021-05-31,520990.SH,景顺长城中证国新港股通央企红利ETF,20240710,中证国新港股通央企红利指数,中证国新港股通央企红利指数收益率(使用估值汇率折算),景顺长城基金管理有限公司,招商银行股份有限公司,跨境型ETF,,931722.CSI,,,,,,
2021-06-01,520990.SH,景顺长城中证国新港股通央企红利ETF,20240710,中证国新港股通央企红利指数,中证国新港股通央企红利指数收益率(使用估值汇率折算),景顺长城基金管理有限公司,招商银行股份有限公司,跨境型ETF,,931722.CSI,,,,,,
2021-06-02,520990.SH,景顺长城中证国新港股通央企红利ETF,20240710,中证国新港股通央企红利指数,中证国新港股通央企红利指数收益率(使用估值汇率折算),景顺长城基金管理有限公司,招商银行股份有限公司,跨境型ETF,,931722.CSI,,,,,,
2021-06-03,520990.SH,景顺长城中证国新港股通央企红利ETF,20240710,中证国新港股通央企红利指数,中证国新港股通央企红利指数收益率(使用估值汇率折算),景顺长城基金管理有限公司,招商银行股份有限公司,跨境型ETF,,931722.CSI,,,,,,
2021-06-04,520990.SH,景顺长城中证国新港股通央企红利ETF,20240710,中证国新港股通央企红利指数,中证国新港股通央企红利指数收益率(使用估值汇率折算),景顺长城基金管理有限公司,招商银行股份有限公司,跨境型ETF,,931722.CSI,,,,,,
2021-06-07,520990.SH,景顺长城中证国新港股通央企红利ETF,20240710,中证国新港股通央企红利指数,中证国新港股通央企红利指数收益率(使用估值汇率折算),景顺长城基金管理有限公司,招商银行股份有限公司,跨境型ETF,,931722.CSI,,,,,,
2021-06-08,520990.SH,景顺长城中证国新港股通央企红利ETF,20240710,中证国新港股通央企红利指数,中证国新港股通央企红利指数收益率(使用估值汇率折算),景顺长城基金管理有限公司,招商银行股份有限公司,跨境型ETF,,931722.CSI,,,,,,
2021-06-09,520990.SH,景顺长城中证国新港股通央企红利ETF,20240710,中证国新港股通央企红利指数,中证国新港股通央企红利指数收益率(使用估值汇率折算),景顺长城基金管理有限公司,招商银行股份有限公司,跨境型ETF,,931722.CSI,,,,,,
2021-06-10,520990.SH,景顺长城中证国新港股通央企红利ETF,20240710,中证国新港股通央企红利指数,中证国新港股通央企红利指数收益率(使用估值汇率折算),景顺长城基金管理有限公司,招商银行股份有限公司,跨境型ETF,,931722.CSI,,,,,,
2021-06-11,520990.SH,景顺长城中证国新港股通央企红利ETF,20240710,中证国新港股通央企红利指数,中证国新港股通央企红利指数收益率(使用估值汇率折算),景顺长城基金管理有限公司,招商银行股份有限公司,跨境型ETF,,931722.CSI,,,,,,
2021-06-15,520990.SH,景顺长城中证国新港股通央企红利ETF,20240710,中证国新港股通央企红利指数,中证国新港股通央企红利指数收益率(使用估值汇率折算),景顺长城基金管理有限公司,招商银行股份有限公司,跨境型ETF,,931722.CSI,,,,,,
2021-06-16,520990.SH,景顺长城中证国新港股通央企红利ETF,20240710,中证国新港股通央企红利指数,中证国新港股通央企红利指数收益率(使用估值汇率折算),景顺长城基金管理有限公司,招商银行股份有限公司,跨境型ETF,,931722.CSI,,,,,,
2021-06-17,520990.SH,景顺长城中证国新港股通央企红利ETF,20240710,中证国新港股通央企红利指数,中证国新港股通央企红利指数收益率(使用估值汇率折算),景顺长城基金管理有限公司,招商银行股份有限公司,跨境型ETF,,931722.CSI,,,,,,
2021-06-18,520990.SH,景顺长城中证国新港股通央企红利ETF,20240710,中证国新港股通央企红利指数,中证国新港股通央企红利指数收益率(使用估值汇率折算),景顺长城基金管理有限公司,招商银行股份有限公司,跨境型ETF,,931722.CSI,,,,,,
2021-06-21,520990.SH,景顺长城中证国新港股通央企红利ETF,20240710,中证国新港股通央企红利指数,中证国新港股通央企红利指数收益率(使用估值汇率折算),景顺长城基金管理有限公司,招商银行股份有限公司,跨境型ETF,,931722.CSI,,,,,,
2021-06-22,520990.SH,景顺长城中证国新港股通央企红利ETF,20240710,中证国新港股通央企红利指数,中证国新港股通央企红利指数收益率(使用估值汇率折算),景顺长城基金管理有限公司,招商银行股份有限公司,跨境型ETF,,931722.CSI,,,,,,
2021-06-23,520990.SH,景顺长城中证国新港股通央企红利ETF,20240710,中证国新港股通央企红利指数,中证国新港股通央企红利指数收益率(使用估值汇率折算),景顺长城基金管理有限公司,招商银行股份有限公司,跨境型ETF,,931722.CSI,,,,,,
2021-06-24,520990.SH,景顺长城中证国新港股通央企红利ETF,20240710,中证国新港股通央企红利指数,中证国新港股通央企红利指数收益率(使用估值汇率折算),景顺长城基金管理有限公司,招商银行股份有限公司,跨境型ETF,,931722.CSI,,,,,,
2021-06-25,520990.SH,景顺长城中证国新港股通央企红利ETF,20240710,中证国新港股通央企红利指数,中证国新港股通央企红利指数收益率(使用估值汇率折算),景顺长城基金管理有限公司,招商银行股份有限公司,跨境型ETF,,931722.CSI,,,,,,
2021-06-28,520990.SH,景顺长城中证国新港股通央企红利ETF,20240710,中证国新港股通央企红利指数,中证国新港股通央企红利指数收益率(使用估值汇率折算),景顺长城基金管理有限公司,招商银行股份有限公司,跨境型ETF,,931722.CSI,,,,,,
2021-06-29,520990.SH,景顺长城中证国新港股通央企红利ETF,20240710,中证国新港股通央企红利指数,中证国新港股通央企红利指数收益率(使用估值汇率折算),景顺长城基金管理有限公司,招商银行股份有限公司,跨境型ETF,,931722.CSI,,,,,,
2021-06-30,520990.SH,景顺长城中证国新港股通央企红利ETF,20240710,中证国新港股通央企红利指数,中证国新港股通央企红利指数收益率(使用估值汇率折算),景顺长城基金管理有限公司,招商银行股份有限公司,跨境型ETF,,931722.CSI,,,,,,
2021-07-01,520990.SH,景顺长城中证国新港股通央企红利ETF,20240710,中证国新港股通央企红利指数,中证国新港股通央企红利指数收益率(使用估值汇率折算),景顺长城基金管理有限公司,招商银行股份有限公司,跨境型ETF,,931722.CSI,,,,,,
2021-07-02,520990.SH,景顺长城中证国新港股通央企红利ETF,20240710,中证国新港股通央企红利指数,中证国新港股通央企红利指数收益率(使用估值汇率折算),景顺长城基金管理有限公司,招商银行股份有限公司,跨境型ETF,,931722.CSI,,,,,,
2021-07-05,520990.SH,景顺长城中证国新港股通央企红利ETF,20240710,中证国新港股通央企红利指数,中证国新港股通央企红利指数收益率(使用估值汇率折算),景顺长城基金管理有限公司,招商银行股份有限公司,跨境型ETF,,931722.CSI,,,,,,
2021-07-06,520990.SH,景顺长城中证国新港股通央企红利ETF,20240710,中证国新港股通央企红利指数,中证国新港股通央企红利指数收益率(使用估值汇率折算),景顺长城基金管理有限公司,招商银行股份有限公司,跨境型ETF,,931722.CSI,,,,,,
2021-07-07,520990.SH,景顺长城中证国新港股通央企红利ETF,20240710,中证国新港股通央企红利指数,中证国新港股通央企红利指数收益率(使用估值汇率折算),景顺长城基金管理有限公司,招商银行股份有限公司,跨境型ETF,,931722.CSI,,,,,,
2021-07-08,520990.SH,景顺长城中证国新港股通央企红利ETF,20240710,中证国新港股通央企红利指数,中证国新港股通央企红利指数收益率(使用估值汇率折算),景顺长城基金管理有限公司,招商银行股份有限公司,跨境型ETF,,931722.CSI,,,,,,
2021-07-09,520990.SH,景顺长城中证国新港股通央企红利ETF,20240710,中证国新港股通央企红利指数,中证国新港股通央企红利指数收益率(使用估值汇率折算),景顺长城基金管理有限公司,招商银行股份有限公司,跨境型ETF,,931722.CSI,,,,,,
2021-07-12,520990.SH,景顺长城中证国新港股通央企红利ETF,20240710,中证国新港股通央企红利指数,中证国新港股通央企红利指数收益率(使用估值汇率折算),景顺长城基金管理有限公司,招商银行股份有限公司,跨境型ETF,,931722.CSI,,,,,,
2021-07-13,520990.SH,景顺长城中证国新港股通央企红利ETF,20240710,中证国新港股通央企红利指数,中证国新港股通央企红利指数收益率(使用估值汇率折算),景顺长城基金管理有限公司,招商银行股份有限公司,跨境型ETF,,931722.CSI,,,,,,
2021-07-14,520990.SH,景顺长城中证国新港股通央企红利ETF,20240710,中证国新港股通央企红利指数,中证国新港股通央企红利指数收益率(使用估值汇率折算),景顺长城基金管理有限公司,招商银行股份有限公司,跨境型ETF,,931722.CSI,,,,,,
2021-07-15,520990.SH,景顺长城中证国新港股通央企红利ETF,20240710,中证国新港股通央企红利指数,中证国新港股通央企红利指数收益率(使用估值汇率折算),景顺长城基金管理有限公司,招商银行股份有限公司,跨境型ETF,,931722.CSI,,,,,,
2021-07-16,520990.SH,景顺长城中证国新港股通央企红利ETF,20240710,中证国新港股通央企红利指数,中证国新港股通央企红利指数收益率(使用估值汇率折算),景顺长城基金管理有限公司,招商银行股份有限公司,跨境型ETF,,931722.CSI,,,,,,
2021-07-19,520990.SH,景顺长城中证国新港股通央企红利ETF,20240710,中证国新港股通央企红利指数,中证国新港股通央企红利指数收益率(使用估值汇率折算),景顺长城基金管理有限公司,招商银行股份有限公司,跨境型ETF,,931722.CSI,,,,,,
2021-07-20,520990.SH,景顺长城中证国新港股通央企红利ETF,20240710,中证国新港股通央企红利指数,中证国新港股通央企红利指数收益率(使用估值汇率折算),景顺长城基金管理有限公司,招商银行股份有限公司,跨境型ETF,,931722.CSI,,,,,,
2021-07-21,520990.SH,景顺长城中证国新港股通央企红利ETF,20240710,中证国新港股通央企红利指数,中证国新港股通央企红利指数收益率(使用估值汇率折算),景顺长城基金管理有限公司,招商银行股份有限公司,跨境型ETF,,931722.CSI,,,,,,
2021-07-22,520990.SH,景顺长城中证国新港股通央企红利ETF,20240710,中证国新港股通央企红利指数,中证国新港股通央企红利指数收益率(使用估值汇率折算),景顺长城基金管理有限公司,招商银行股份有限公司,跨境型ETF,,931722.CSI,,,,,,
2021-07-23,520990.SH,景顺长城中证国新港股通央企红利ETF,20240710,中证国新港股通央企红利指数,中证国新港股通央企红利指数收益率(使用估值汇率折算),景顺长城基金管理有限公司,招商银行股份有限公司,跨境型ETF,,931722.CSI,,,,,,
2021-07-26,520990.SH,景顺长城中证国新港股通央企红利ETF,20240710,中证国新港股通央企红利指数,中证国新港股通央企红利指数收益率(使用估值汇率折算),景顺长城基金管理有限公司,招商银行股份有限公司,跨境型ETF,,931722.CSI,,,,,,
2021-07-27,520990.SH,景顺长城中证国新港股通央企红利ETF,20240710,中证国新港股通央企红利指数,中证国新港股通央企红利指数收益率(使用估值汇率折算),景顺长城基金管理有限公司,招商银行股份有限公司,跨境型ETF,,931722.CSI,,,,,,
2021-07-28,520990.SH,景顺长城中证国新港股通央企红利ETF,20240710,中证国新港股通央企红利指数,中证国新港股通央企红利指数收益率(使用估值汇率折算),景顺长城基金管理有限公司,招商银行股份有限公司,跨境型ETF,,931722.CSI,,,,,,
2021-07-29,520990.SH,景顺长城中证国新港股通央企红利ETF,20240710,中证国新港股通央企红利指数,中证国新港股通央企红利指数收益率(使用估值汇率折算),景顺长城基金管理有限公司,招商银行股份有限公司,跨境型ETF,,931722.CSI,,,,,,
2021-07-30,520990.SH,景顺长城中证国新港股通央企红利ETF,20240710,中证国新港股通央企红利指数,中证国新港股通央企红利指数收益率(使用估值汇率折算),景顺长城基金管理有限公司,招商银行股份有限公司,跨境型ETF,,931722.CSI,,,,,,
2021-08-02,520990.SH,景顺长城中证国新港股通央企红利ETF,20240710,中证国新港股通央企红利指数,中证国新港股通央企红利指数收益率(使用估值汇率折算),景顺长城基金管理有限公司,招商银行股份有限公司,跨境型ETF,,931722.CSI,,,,,,
2021-08-03,520990.SH,景顺长城中证国新港股通央企红利ETF,20240710,中证国新港股通央企红利指数,中证国新港股通央企红利指数收益率(使用估值汇率折算),景顺长城基金管理有限公司,招商银行股份有限公司,跨境型ETF,,931722.CSI,,,,,,
2021-08-04,520990.SH,景顺长城中证国新港股通央企红利ETF,20240710,中证国新港股通央企红利指数,中证国新港股通央企红利指数收益率(使用估值汇率折算),景顺长城基金管理有限公司,招商银行股份有限公司,跨境型ETF,,931722.CSI,,,,,,
2021-08-05,520990.SH,景顺长城中证国新港股通央企红利ETF,20240710,中证国新港股通央企红利指数,中证国新港股通央企红利指数收益率(使用估值汇率折算),景顺长城基金管理有限公司,招商银行股份有限公司,跨境型ETF,,931722.CSI,,,,,,
2021-08-06,520990.SH,景顺长城中证国新港股通央企红利ETF,20240710,中证国新港股通央企红利指数,中证国新港股通央企红利指数收益率(使用估值汇率折算),景顺长城基金管理有限公司,招商银行股份有限公司,跨境型ETF,,931722.CSI,,,,,,
2021-08-09,520990.SH,景顺长城中证国新港股通央企红利ETF,20240710,中证国新港股通央企红利指数,中证国新港股通央企红利指数收益率(使用估值汇率折算),景顺长城基金管理有限公司,招商银行股份有限公司,跨境型ETF,,931722.CSI,,,,,,
2021-08-10,520990.SH,景顺长城中证国新港股通央企红利ETF,20240710,中证国新港股通央企红利指数,中证国新港股通央企红利指数收益率(使用估值汇率折算),景顺长城基金管理有限公司,招商银行股份有限公司,跨境型ETF,,931722.CSI,,,,,,
2021-08-11,520990.SH,景顺长城中证国新港股通央企红利ETF,20240710,中证国新港股通央企红利指数,中证国新港股通央企红利指数收益率(使用估值汇率折算),景顺长城基金管理有限公司,招商银行股份有限公司,跨境型ETF,,931722.CSI,,,,,,
2021-08-12,520990.SH,景顺长城中证国新港股通央企红利ETF,20240710,中证国新港股通央企红利指数,中证国新港股通央企红利指数收益率(使用估值汇率折算),景顺长城基金管理有限公司,招商银行股份有限公司,跨境型ETF,,931722.CSI,,,,,,
2021-08-13,520990.SH,景顺长城中证国新港股通央企红利ETF,20240710,中证国新港股通央企红利指数,中证国新港股通央企红利指数收益率(使用估值汇率折算),景顺长城基金管理有限公司,招商银行股份有限公司,跨境型ETF,,931722.CSI,,,,,,
2021-08-16,520990.SH,景顺长城中证国新港股通央企红利ETF,20240710,中证国新港股通央企红利指数,中证国新港股通央企红利指数收益率(使用估值汇率折算),景顺长城基金管理有限公司,招商银行股份有限公司,跨境型ETF,,931722.CSI,,,,,,
2021-08-17,520990.SH,景顺长城中证国新港股通央企红利ETF,20240710,中证国新港股通央企红利指数,中证国新港股通央企红利指数收益率(使用估值汇率折算),景顺长城基金管理有限公司,招商银行股份有限公司,跨境型ETF,,931722.CSI,,,,,,
2021-08-18,520990.SH,景顺长城中证国新港股通央企红利ETF,20240710,中证国新港股通央企红利指数,中证国新港股通央企红利指数收益率(使用估值汇率折算),景顺长城基金管理有限公司,招商银行股份有限公司,跨境型ETF,,931722.CSI,,,,,,
2021-08-19,520990.SH,景顺长城中证国新港股通央企红利ETF,20240710,中证国新港股通央企红利指数,中证国新港股通央企红利指数收益率(使用估值汇率折算),景顺长城基金管理有限公司,招商银行股份有限公司,跨境型ETF,,931722.CSI,,,,,,
2021-08-20,520990.SH,景顺长城中证国新港股通央企红利ETF,20240710,中证国新港股通央企红利指数,中证国新港股通央企红利指数收益率(使用估值汇率折算),景顺长城基金管理有限公司,招商银行股份有限公司,跨境型ETF,,931722.CSI,,,,,,
2021-08-23,520990.SH,景顺长城中证国新港股通央企红利ETF,20240710,中证国新港股通央企红利指数,中证国新港股通央企红利指数收益率(使用估值汇率折算),景顺长城基金管理有限公司,招商银行股份有限公司,跨境型ETF,,931722.CSI,,,,,,
2021-08-24,520990.SH,景顺长城中证国新港股通央企红利ETF,20240710,中证国新港股通央企红利指数,中证国新港股通央企红利指数收益率(使用估值汇率折算),景顺长城基金管理有限公司,招商银行股份有限公司,跨境型ETF,,931722.CSI,,,,,,
2021-08-25,520990.SH,景顺长城中证国新港股通央企红利ETF,20240710,中证国新港股通央企红利指数,中证国新港股通央企红利指数收益率(使用估值汇率折算),景顺长城基金管理有限公司,招商银行股份有限公司,跨境型ETF,,931722.CSI,,,,,,
2021-08-26,520990.SH,景顺长城中证国新港股通央企红利ETF,20240710,中证国新港股通央企红利指数,中证国新港股通央企红利指数收益率(使用估值汇率折算),景顺长城基金管理有限公司,招商银行股份有限公司,跨境型ETF,,931722.CSI,,,,,,
2021-08-27,520990.SH,景顺长城中证国新港股通央企红利ETF,20240710,中证国新港股通央企红利指数,中证国新港股通央企红利指数收益率(使用估值汇率折算),景顺长城基金管理有限公司,招商银行股份有限公司,跨境型ETF,,931722.CSI,,,,,,
2021-08-30,520990.SH,景顺长城中证国新港股通央企红利ETF,20240710,中证国新港股通央企红利指数,中证国新港股通央企红利指数收益率(使用估值汇率折算),景顺长城基金管理有限公司,招商银行股份有限公司,跨境型ETF,,931722.CSI,,,,,,
2021-08-31,520990.SH,景顺长城中证国新港股通央企红利ETF,20240710,中证国新港股通央企红利指数,中证国新港股通央企红利指数收益率(使用估值汇率折算),景顺长城基金管理有限公司,招商银行股份有限公司,跨境型ETF,,931722.CSI,,,,,,
2021-09-01,520990.SH,景顺长城中证国新港股通央企红利ETF,20240710,中证国新港股通央企红利指数,中证国新港股通央企红利指数收益率(使用估值汇率折算),景顺长城基金管理有限公司,招商银行股份有限公司,跨境型ETF,,931722.CSI,,,,,,
2021-09-02,520990.SH,景顺长城中证国新港股通央企红利ETF,20240710,中证国新港股通央企红利指数,中证国新港股通央企红利指数收益率(使用估值汇率折算),景顺长城基金管理有限公司,招商银行股份有限公司,跨境型ETF,,931722.CSI,,,,,,
2021-09-03,520990.SH,景顺长城中证国新港股通央企红利ETF,20240710,中证国新港股通央企红利指数,中证国新港股通央企红利指数收益率(使用估值汇率折算),景顺长城基金管理有限公司,招商银行股份有限公司,跨境型ETF,,931722.CSI,,,,,,
2021-09-06,520990.SH,景顺长城中证国新港股通央企红利ETF,20240710,中证国新港股通央企红利指数,中证国新港股通央企红利指数收益率(使用估值汇率折算),景顺长城基金管理有限公司,招商银行股份有限公司,跨境型ETF,,931722.CSI,,,,,,
2021-09-07,520990.SH,景顺长城中证国新港股通央企红利ETF,20240710,中证国新港股通央企红利指数,中证国新港股通央企红利指数收益率(使用估值汇率折算),景顺长城基金管理有限公司,招商银行股份有限公司,跨境型ETF,,931722.CSI,,,,,,
2021-09-08,520990.SH,景顺长城中证国新港股通央企红利ETF,20240710,中证国新港股通央企红利指数,中证国新港股通央企红利指数收益率(使用估值汇率折算),景顺长城基金管理有限公司,招商银行股份有限公司,跨境型ETF,,931722.CSI,,,,,,
2021-09-09,520990.SH,景顺长城中证国新港股通央企红利ETF,20240710,中证国新港股通央企红利指数,中证国新港股通央企红利指数收益率(使用估值汇率折算),景顺长城基金管理有限公司,招商银行股份有限公司,跨境型ETF,,931722.CSI,,,,,,
2021-09-10,520990.SH,景顺长城中证国新港股通央企红利ETF,20240710,中证国新港股通央企红利指数,中证国新港股通央企红利指数收益率(使用估值汇率折算),景顺长城基金管理有限公司,招商银行股份有限公司,跨境型ETF,,931722.CSI,,,,,,
2021-09-13,520990.SH,景顺长城中证国新港股通央企红利ETF,20240710,中证国新港股通央企红利指数,中证国新港股通央企红利指数收益率(使用估值汇率折算),景顺长城基金管理有限公司,招商银行股份有限公司,跨境型ETF,,931722.CSI,,,,,,
2021-09-14,520990.SH,景顺长城中证国新港股通央企红利ETF,20240710,中证国新港股通央企红利指数,中证国新港股通央企红利指数收益率(使用估值汇率折算),景顺长城基金管理有限公司,招商银行股份有限公司,跨境型ETF,,931722.CSI,,,,,,
2021-09-15,520990.SH,景顺长城中证国新港股通央企红利ETF,20240710,中证国新港股通央企红利指数,中证国新港股通央企红利指数收益率(使用估值汇率折算),景顺长城基金管理有限公司,招商银行股份有限公司,跨境型ETF,,931722.CSI,,,,,,
2021-09-16,520990.SH,景顺长城中证国新港股通央企红利ETF,20240710,中证国新港股通央企红利指数,中证国新港股通央企红利指数收益率(使用估值汇率折算),景顺长城基金管理有限公司,招商银行股份有限公司,跨境型ETF,,931722.CSI,,,,,,
2021-09-17,520990.SH,景顺长城中证国新港股通央企红利ETF,20240710,中证国新港股通央企红利指数,中证国新港股通央企红利指数收益率(使用估值汇率折算),景顺长城基金管理有限公司,招商银行股份有限公司,跨境型ETF,,931722.CSI,,,,,,
2021-09-22,520990.SH,景顺长城中证国新港股通央企红利ETF,20240710,中证国新港股通央企红利指数,中证国新港股通央企红利指数收益率(使用估值汇率折算),景顺长城基金管理有限公司,招商银行股份有限公司,跨境型ETF,,931722.CSI,,,,,,
2021-09-23,520990.SH,景顺长城中证国新港股通央企红利ETF,20240710,中证国新港股通央企红利指数,中证国新港股通央企红利指数收益率(使用估值汇率折算),景顺长城基金管理有限公司,招商银行股份有限公司,跨境型ETF,,931722.CSI,,,,,,
2021-09-24,520990.SH,景顺长城中证国新港股通央企红利ETF,20240710,中证国新港股通央企红利指数,中证国新港股通央企红利指数收益率(使用估值汇率折算),景顺长城基金管理有限公司,招商银行股份有限公司,跨境型ETF,,931722.CSI,,,,,,
2021-09-27,520990.SH,景顺长城中证国新港股通央企红利ETF,20240710,中证国新港股通央企红利指数,中证国新港股通央企红利指数收益率(使用估值汇率折算),景顺长城基金管理有限公司,招商银行股份有限公司,跨境型ETF,,931722.CSI,,,,,,
2021-09-28,520990.SH,景顺长城中证国新港股通央企红利ETF,20240710,中证国新港股通央企红利指数,中证国新港股通央企红利指数收益率(使用估值汇率折算),景顺长城基金管理有限公司,招商银行股份有限公司,跨境型ETF,,931722.CSI,,,,,,
2021-09-29,520990.SH,景顺长城中证国新港股通央企红利ETF,20240710,中证国新港股通央企红利指数,中证国新港股通央企红利指数收益率(使用估值汇率折算),景顺长城基金管理有限公司,招商银行股份有限公司,跨境型ETF,,931722.CSI,,,,,,
2021-09-30,520990.SH,景顺长城中证国新港股通央企红利ETF,20240710,中证国新港股通央企红利指数,中证国新港股通央企红利指数收益率(使用估值汇率折算),景顺长城基金管理有限公司,招商银行股份有限公司,跨境型ETF,,931722.CSI,,,,,,
2021-10-08,520990.SH,景顺长城中证国新港股通央企红利ETF,20240710,中证国新港股通央企红利指数,中证国新港股通央企红利指数收益率(使用估值汇率折算),景顺长城基金管理有限公司,招商银行股份有限公司,跨境型ETF,,931722.CSI,,,,,,
2021-10-11,520990.SH,景顺长城中证国新港股通央企红利ETF,20240710,中证国新港股通央企红利指数,中证国新港股通央企红利指数收益率(使用估值汇率折算),景顺长城基金管理有限公司,招商银行股份有限公司,跨境型ETF,,931722.CSI,,,,,,
2021-10-12,520990.SH,景顺长城中证国新港股通央企红利ETF,20240710,中证国新港股通央企红利指数,中证国新港股通央企红利指数收益率(使用估值汇率折算),景顺长城基金管理有限公司,招商银行股份有限公司,跨境型ETF,,931722.CSI,,,,,,
2021-10-13,520990.SH,景顺长城中证国新港股通央企红利ETF,20240710,中证国新港股通央企红利指数,中证国新港股通央企红利指数收益率(使用估值汇率折算),景顺长城基金管理有限公司,招商银行股份有限公司,跨境型ETF,,931722.CSI,,,,,,
2021-10-14,520990.SH,景顺长城中证国新港股通央企红利ETF,20240710,中证国新港股通央企红利指数,中证国新港股通央企红利指数收益率(使用估值汇率折算),景顺长城基金管理有限公司,招商银行股份有限公司,跨境型ETF,,931722.CSI,,,,,,
2021-10-15,520990.SH,景顺长城中证国新港股通央企红利ETF,20240710,中证国新港股通央企红利指数,中证国新港股通央企红利指数收益率(使用估值汇率折算),景顺长城基金管理有限公司,招商银行股份有限公司,跨境型ETF,,931722.CSI,,,,,,
2021-10-18,520990.SH,景顺长城中证国新港股通央企红利ETF,20240710,中证国新港股通央企红利指数,中证国新港股通央企红利指数收益率(使用估值汇率折算),景顺长城基金管理有限公司,招商银行股份有限公司,跨境型ETF,,931722.CSI,,,,,,
2021-10-19,520990.SH,景顺长城中证国新港股通央企红利ETF,20240710,中证国新港股通央企红利指数,中证国新港股通央企红利指数收益率(使用估值汇率折算),景顺长城基金管理有限公司,招商银行股份有限公司,跨境型ETF,,931722.CSI,,,,,,
2021-10-20,520990.SH,景顺长城中证国新港股通央企红利ETF,20240710,中证国新港股通央企红利指数,中证国新港股通央企红利指数收益率(使用估值汇率折算),景顺长城基金管理有限公司,招商银行股份有限公司,跨境型ETF,,931722.CSI,,,,,,
2021-10-21,520990.SH,景顺长城中证国新港股通央企红利ETF,20240710,中证国新港股通央企红利指数,中证国新港股通央企红利指数收益率(使用估值汇率折算),景顺长城基金管理有限公司,招商银行股份有限公司,跨境型ETF,,931722.CSI,,,,,,
2021-10-22,520990.SH,景顺长城中证国新港股通央企红利ETF,20240710,中证国新港股通央企红利指数,中证国新港股通央企红利指数收益率(使用估值汇率折算),景顺长城基金管理有限公司,招商银行股份有限公司,跨境型ETF,,931722.CSI,,,,,,
2021-10-25,520990.SH,景顺长城中证国新港股通央企红利ETF,20240710,中证国新港股通央企红利指数,中证国新港股通央企红利指数收益率(使用估值汇率折算),景顺长城基金管理有限公司,招商银行股份有限公司,跨境型ETF,,931722.CSI,,,,,,
2021-10-26,520990.SH,景顺长城中证国新港股通央企红利ETF,20240710,中证国新港股通央企红利指数,中证国新港股通央企红利指数收益率(使用估值汇率折算),景顺长城基金管理有限公司,招商银行股份有限公司,跨境型ETF,,931722.CSI,,,,,,
2021-10-27,520990.SH,景顺长城中证国新港股通央企红利ETF,20240710,中证国新港股通央企红利指数,中证国新港股通央企红利指数收益率(使用估值汇率折算),景顺长城基金管理有限公司,招商银行股份有限公司,跨境型ETF,,931722.CSI,,,,,,
2021-10-28,520990.SH,景顺长城中证国新港股通央企红利ETF,20240710,中证国新港股通央企红利指数,中证国新港股通央企红利指数收益率(使用估值汇率折算),景顺长城基金管理有限公司,招商银行股份有限公司,跨境型ETF,,931722.CSI,,,,,,
2021-10-29,520990.SH,景顺长城中证国新港股通央企红利ETF,20240710,中证国新港股通央企红利指数,中证国新港股通央企红利指数收益率(使用估值汇率折算),景顺长城基金管理有限公司,招商银行股份有限公司,跨境型ETF,,931722.CSI,,,,,,
2021-11-01,520990.SH,景顺长城中证国新港股通央企红利ETF,20240710,中证国新港股通央企红利指数,中证国新港股通央企红利指数收益率(使用估值汇率折算),景顺长城基金管理有限公司,招商银行股份有限公司,跨境型ETF,,931722.CSI,,,,,,
2021-11-02,520990.SH,景顺长城中证国新港股通央企红利ETF,20240710,中证国新港股通央企红利指数,中证国新港股通央企红利指数收益率(使用估值汇率折算),景顺长城基金管理有限公司,招商银行股份有限公司,跨境型ETF,,931722.CSI,,,,,,
2021-11-03,520990.SH,景顺长城中证国新港股通央企红利ETF,20240710,中证国新港股通央企红利指数,中证国新港股通央企红利指数收益率(使用估值汇率折算),景顺长城基金管理有限公司,招商银行股份有限公司,跨境型ETF,,931722.CSI,,,,,,
2021-11-04,520990.SH,景顺长城中证国新港股通央企红利ETF,20240710,中证国新港股通央企红利指数,中证国新港股通央企红利指数收益率(使用估值汇率折算),景顺长城基金管理有限公司,招商银行股份有限公司,跨境型ETF,,931722.CSI,,,,,,
2021-11-05,520990.SH,景顺长城中证国新港股通央企红利ETF,20240710,中证国新港股通央企红利指数,中证国新港股通央企红利指数收益率(使用估值汇率折算),景顺长城基金管理有限公司,招商银行股份有限公司,跨境型ETF,,931722.CSI,,,,,,
2021-11-08,520990.SH,景顺长城中证国新港股通央企红利ETF,20240710,中证国新港股通央企红利指数,中证国新港股通央企红利指数收益率(使用估值汇率折算),景顺长城基金管理有限公司,招商银行股份有限公司,跨境型ETF,,931722.CSI,,,,,,
2021-11-09,520990.SH,景顺长城中证国新港股通央企红利ETF,20240710,中证国新港股通央企红利指数,中证国新港股通央企红利指数收益率(使用估值汇率折算),景顺长城基金管理有限公司,招商银行股份有限公司,跨境型ETF,,931722.CSI,,,,,,
2021-11-10,520990.SH,景顺长城中证国新港股通央企红利ETF,20240710,中证国新港股通央企红利指数,中证国新港股通央企红利指数收益率(使用估值汇率折算),景顺长城基金管理有限公司,招商银行股份有限公司,跨境型ETF,,931722.CSI,,,,,,
2021-11-11,520990.SH,景顺长城中证国新港股通央企红利ETF,20240710,中证国新港股通央企红利指数,中证国新港股通央企红利指数收益率(使用估值汇率折算),景顺长城基金管理有限公司,招商银行股份有限公司,跨境型ETF,,931722.CSI,,,,,,
2021-11-12,520990.SH,景顺长城中证国新港股通央企红利ETF,20240710,中证国新港股通央企红利指数,中证国新港股通央企红利指数收益率(使用估值汇率折算),景顺长城基金管理有限公司,招商银行股份有限公司,跨境型ETF,,931722.CSI,,,,,,
2021-11-15,520990.SH,景顺长城中证国新港股通央企红利ETF,20240710,中证国新港股通央企红利指数,中证国新港股通央企红利指数收益率(使用估值汇率折算),景顺长城基金管理有限公司,招商银行股份有限公司,跨境型ETF,,931722.CSI,,,,,,
2021-11-16,520990.SH,景顺长城中证国新港股通央企红利ETF,20240710,中证国新港股通央企红利指数,中证国新港股通央企红利指数收益率(使用估值汇率折算),景顺长城基金管理有限公司,招商银行股份有限公司,跨境型ETF,,931722.CSI,,,,,,
2021-11-17,520990.SH,景顺长城中证国新港股通央企红利ETF,20240710,中证国新港股通央企红利指数,中证国新港股通央企红利指数收益率(使用估值汇率折算),景顺长城基金管理有限公司,招商银行股份有限公司,跨境型ETF,,931722.CSI,,,,,,
2021-11-18,520990.SH,景顺长城中证国新港股通央企红利ETF,20240710,中证国新港股通央企红利指数,中证国新港股通央企红利指数收益率(使用估值汇率折算),景顺长城基金管理有限公司,招商银行股份有限公司,跨境型ETF,,931722.CSI,,,,,,
2021-11-19,520990.SH,景顺长城中证国新港股通央企红利ETF,20240710,中证国新港股通央企红利指数,中证国新港股通央企红利指数收益率(使用估值汇率折算),景顺长城基金管理有限公司,招商银行股份有限公司,跨境型ETF,,931722.CSI,,,,,,
2021-11-22,520990.SH,景顺长城中证国新港股通央企红利ETF,20240710,中证国新港股通央企红利指数,中证国新港股通央企红利指数收益率(使用估值汇率折算),景顺长城基金管理有限公司,招商银行股份有限公司,跨境型ETF,,931722.CSI,,,,,,
2021-11-23,520990.SH,景顺长城中证国新港股通央企红利ETF,20240710,中证国新港股通央企红利指数,中证国新港股通央企红利指数收益率(使用估值汇率折算),景顺长城基金管理有限公司,招商银行股份有限公司,跨境型ETF,,931722.CSI,,,,,,
2021-11-24,520990.SH,景顺长城中证国新港股通央企红利ETF,20240710,中证国新港股通央企红利指数,中证国新港股通央企红利指数收益率(使用估值汇率折算),景顺长城基金管理有限公司,招商银行股份有限公司,跨境型ETF,,931722.CSI,,,,,,
2021-11-25,520990.SH,景顺长城中证国新港股通央企红利ETF,20240710,中证国新港股通央企红利指数,中证国新港股通央企红利指数收益率(使用估值汇率折算),景顺长城基金管理有限公司,招商银行股份有限公司,跨境型ETF,,931722.CSI,,,,,,
2021-11-26,520990.SH,景顺长城中证国新港股通央企红利ETF,20240710,中证国新港股通央企红利指数,中证国新港股通央企红利指数收益率(使用估值汇率折算),景顺长城基金管理有限公司,招商银行股份有限公司,跨境型ETF,,931722.CSI,,,,,,
2021-11-29,520990.SH,景顺长城中证国新港股通央企红利ETF,20240710,中证国新港股通央企红利指数,中证国新港股通央企红利指数收益率(使用估值汇率折算),景顺长城基金管理有限公司,招商银行股份有限公司,跨境型ETF,,931722.CSI,,,,,,
2021-11-30,520990.SH,景顺长城中证国新港股通央企红利ETF,20240710,中证国新港股通央企红利指数,中证国新港股通央企红利指数收益率(使用估值汇率折算),景顺长城基金管理有限公司,招商银行股份有限公司,跨境型ETF,,931722.CSI,,,,,,
2021-12-01,520990.SH,景顺长城中证国新港股通央企红利ETF,20240710,中证国新港股通央企红利指数,中证国新港股通央企红利指数收益率(使用估值汇率折算),景顺长城基金管理有限公司,招商银行股份有限公司,跨境型ETF,,931722.CSI,,,,,,
2021-12-02,520990.SH,景顺长城中证国新港股通央企红利ETF,20240710,中证国新港股通央企红利指数,中证国新港股通央企红利指数收益率(使用估值汇率折算),景顺长城基金管理有限公司,招商银行股份有限公司,跨境型ETF,,931722.CSI,,,,,,
2021-12-03,520990.SH,景顺长城中证国新港股通央企红利ETF,20240710,中证国新港股通央企红利指数,中证国新港股通央企红利指数收益率(使用估值汇率折算),景顺长城基金管理有限公司,招商银行股份有限公司,跨境型ETF,,931722.CSI,,,,,,
2021-12-06,520990.SH,景顺长城中证国新港股通央企红利ETF,20240710,中证国新港股通央企红利指数,中证国新港股通央企红利指数收益率(使用估值汇率折算),景顺长城基金管理有限公司,招商银行股份有限公司,跨境型ETF,,931722.CSI,,,,,,
2021-12-07,520990.SH,景顺长城中证国新港股通央企红利ETF,20240710,中证国新港股通央企红利指数,中证国新港股通央企红利指数收益率(使用估值汇率折算),景顺长城基金管理有限公司,招商银行股份有限公司,跨境型ETF,,931722.CSI,,,,,,
2021-12-08,520990.SH,景顺长城中证国新港股通央企红利ETF,20240710,中证国新港股通央企红利指数,中证国新港股通央企红利指数收益率(使用估值汇率折算),景顺长城基金管理有限公司,招商银行股份有限公司,跨境型ETF,,931722.CSI,,,,,,
2021-12-09,520990.SH,景顺长城中证国新港股通央企红利ETF,20240710,中证国新港股通央企红利指数,中证国新港股通央企红利指数收益率(使用估值汇率折算),景顺长城基金管理有限公司,招商银行股份有限公司,跨境型ETF,,931722.CSI,,,,,,
2021-12-10,520990.SH,景顺长城中证国新港股通央企红利ETF,20240710,中证国新港股通央企红利指数,中证国新港股通央企红利指数收益率(使用估值汇率折算),景顺长城基金管理有限公司,招商银行股份有限公司,跨境型ETF,,931722.CSI,,,,,,
2021-12-13,520990.SH,景顺长城中证国新港股通央企红利ETF,20240710,中证国新港股通央企红利指数,中证国新港股通央企红利指数收益率(使用估值汇率折算),景顺长城基金管理有限公司,招商银行股份有限公司,跨境型ETF,,931722.CSI,,,,,,
2021-12-14,520990.SH,景顺长城中证国新港股通央企红利ETF,20240710,中证国新港股通央企红利指数,中证国新港股通央企红利指数收益率(使用估值汇率折算),景顺长城基金管理有限公司,招商银行股份有限公司,跨境型ETF,,931722.CSI,,,,,,
2021-12-15,520990.SH,景顺长城中证国新港股通央企红利ETF,20240710,中证国新港股通央企红利指数,中证国新港股通央企红利指数收益率(使用估值汇率折算),景顺长城基金管理有限公司,招商银行股份有限公司,跨境型ETF,,931722.CSI,,,,,,
2021-12-16,520990.SH,景顺长城中证国新港股通央企红利ETF,20240710,中证国新港股通央企红利指数,中证国新港股通央企红利指数收益率(使用估值汇率折算),景顺长城基金管理有限公司,招商银行股份有限公司,跨境型ETF,,931722.CSI,,,,,,
2021-12-17,520990.SH,景顺长城中证国新港股通央企红利ETF,20240710,中证国新港股通央企红利指数,中证国新港股通央企红利指数收益率(使用估值汇率折算),景顺长城基金管理有限公司,招商银行股份有限公司,跨境型ETF,,931722.CSI,,,,,,
2021-12-20,520990.SH,景顺长城中证国新港股通央企红利ETF,20240710,中证国新港股通央企红利指数,中证国新港股通央企红利指数收益率(使用估值汇率折算),景顺长城基金管理有限公司,招商银行股份有限公司,跨境型ETF,,931722.CSI,,,,,,
2021-12-21,520990.SH,景顺长城中证国新港股通央企红利ETF,20240710,中证国新港股通央企红利指数,中证国新港股通央企红利指数收益率(使用估值汇率折算),景顺长城基金管理有限公司,招商银行股份有限公司,跨境型ETF,,931722.CSI,,,,,,
2021-12-22,520990.SH,景顺长城中证国新港股通央企红利ETF,20240710,中证国新港股通央企红利指数,中证国新港股通央企红利指数收益率(使用估值汇率折算),景顺长城基金管理有限公司,招商银行股份有限公司,跨境型ETF,,931722.CSI,,,,,,
2021-12-23,520990.SH,景顺长城中证国新港股通央企红利ETF,20240710,中证国新港股通央企红利指数,中证国新港股通央企红利指数收益率(使用估值汇率折算),景顺长城基金管理有限公司,招商银行股份有限公司,跨境型ETF,,931722.CSI,,,,,,
2021-12-24,520990.SH,景顺长城中证国新港股通央企红利ETF,20240710,中证国新港股通央企红利指数,中证国新港股通央企红利指数收益率(使用估值汇率折算),景顺长城基金管理有限公司,招商银行股份有限公司,跨境型ETF,,931722.CSI,,,,,,
2021-12-27,520990.SH,景顺长城中证国新港股通央企红利ETF,20240710,中证国新港股通央企红利指数,中证国新港股通央企红利指数收益率(使用估值汇率折算),景顺长城基金管理有限公司,招商银行股份有限公司,跨境型ETF,,931722.CSI,,,,,,
2021-12-28,520990.SH,景顺长城中证国新港股通央企红利ETF,20240710,中证国新港股通央企红利指数,中证国新港股通央企红利指数收益率(使用估值汇率折算),景顺长城基金管理有限公司,招商银行股份有限公司,跨境型ETF,,931722.CSI,,,,,,
2021-12-29,520990.SH,景顺长城中证国新港股通央企红利ETF,20240710,中证国新港股通央企红利指数,中证国新港股通央企红利指数收益率(使用估值汇率折算),景顺长城基金管理有限公司,招商银行股份有限公司,跨境型ETF,,931722.CSI,,,,,,
2021-12-30,520990.SH,景顺长城中证国新港股通央企红利ETF,20240710,中证国新港股通央企红利指数,中证国新港股通央企红利指数收益率(使用估值汇率折算),景顺长城基金管理有限公司,招商银行股份有限公司,跨境型ETF,,931722.CSI,,,,,,
2021-12-31,520990.SH,景顺长城中证国新港股通央企红利ETF,20240710,中证国新港股通央企红利指数,中证国新港股通央企红利指数收益率(使用估值汇率折算),景顺长城基金管理有限公司,招商银行股份有限公司,跨境型ETF,,931722.CSI,,,,,,
2022-01-04,520990.SH,景顺长城中证国新港股通央企红利ETF,20240710,中证国新港股通央企红利指数,中证国新港股通央企红利指数收益率(使用估值汇率折算),景顺长城基金管理有限公司,招商银行股份有限公司,跨境型ETF,,931722.CSI,,,,,,
2022-01-05,520990.SH,景顺长城中证国新港股通央企红利ETF,20240710,中证国新港股通央企红利指数,中证国新港股通央企红利指数收益率(使用估值汇率折算),景顺长城基金管理有限公司,招商银行股份有限公司,跨境型ETF,,931722.CSI,,,,,,
2022-01-06,520990.SH,景顺长城中证国新港股通央企红利ETF,20240710,中证国新港股通央企红利指数,中证国新港股通央企红利指数收益率(使用估值汇率折算),景顺长城基金管理有限公司,招商银行股份有限公司,跨境型ETF,,931722.CSI,,,,,,
2022-01-07,520990.SH,景顺长城中证国新港股通央企红利ETF,20240710,中证国新港股通央企红利指数,中证国新港股通央企红利指数收益率(使用估值汇率折算),景顺长城基金管理有限公司,招商银行股份有限公司,跨境型ETF,,931722.CSI,,,,,,
2022-01-10,520990.SH,景顺长城中证国新港股通央企红利ETF,20240710,中证国新港股通央企红利指数,中证国新港股通央企红利指数收益率(使用估值汇率折算),景顺长城基金管理有限公司,招商银行股份有限公司,跨境型ETF,,931722.CSI,,,,,,
2022-01-11,520990.SH,景顺长城中证国新港股通央企红利ETF,20240710,中证国新港股通央企红利指数,中证国新港股通央企红利指数收益率(使用估值汇率折算),景顺长城基金管理有限公司,招商银行股份有限公司,跨境型ETF,,931722.CSI,,,,,,
2022-01-12,520990.SH,景顺长城中证国新港股通央企红利ETF,20240710,中证国新港股通央企红利指数,中证国新港股通央企红利指数收益率(使用估值汇率折算),景顺长城基金管理有限公司,招商银行股份有限公司,跨境型ETF,,931722.CSI,,,,,,
2022-01-13,520990.SH,景顺长城中证国新港股通央企红利ETF,20240710,中证国新港股通央企红利指数,中证国新港股通央企红利指数收益率(使用估值汇率折算),景顺长城基金管理有限公司,招商银行股份有限公司,跨境型ETF,,931722.CSI,,,,,,
2022-01-14,520990.SH,景顺长城中证国新港股通央企红利ETF,20240710,中证国新港股通央企红利指数,中证国新港股通央企红利指数收益率(使用估值汇率折算),景顺长城基金管理有限公司,招商银行股份有限公司,跨境型ETF,,931722.CSI,,,,,,
2022-01-17,520990.SH,景顺长城中证国新港股通央企红利ETF,20240710,中证国新港股通央企红利指数,中证国新港股通央企红利指数收益率(使用估值汇率折算),景顺长城基金管理有限公司,招商银行股份有限公司,跨境型ETF,,931722.CSI,,,,,,
2022-01-18,520990.SH,景顺长城中证国新港股通央企红利ETF,20240710,中证国新港股通央企红利指数,中证国新港股通央企红利指数收益率(使用估值汇率折算),景顺长城基金管理有限公司,招商银行股份有限公司,跨境型ETF,,931722.CSI,,,,,,
2022-01-19,520990.SH,景顺长城中证国新港股通央企红利ETF,20240710,中证国新港股通央企红利指数,中证国新港股通央企红利指数收益率(使用估值汇率折算),景顺长城基金管理有限公司,招商银行股份有限公司,跨境型ETF,,931722.CSI,,,,,,
2022-01-20,520990.SH,景顺长城中证国新港股通央企红利ETF,20240710,中证国新港股通央企红利指数,中证国新港股通央企红利指数收益率(使用估值汇率折算),景顺长城基金管理有限公司,招商银行股份有限公司,跨境型ETF,,931722.CSI,,,,,,
2022-01-21,520990.SH,景顺长城中证国新港股通央企红利ETF,20240710,中证国新港股通央企红利指数,中证国新港股通央企红利指数收益率(使用估值汇率折算),景顺长城基金管理有限公司,招商银行股份有限公司,跨境型ETF,,931722.CSI,,,,,,
2022-01-24,520990.SH,景顺长城中证国新港股通央企红利ETF,20240710,中证国新港股通央企红利指数,中证国新港股通央企红利指数收益率(使用估值汇率折算),景顺长城基金管理有限公司,招商银行股份有限公司,跨境型ETF,,931722.CSI,,,,,,
2022-01-25,520990.SH,景顺长城中证国新港股通央企红利ETF,20240710,中证国新港股通央企红利指数,中证国新港股通央企红利指数收益率(使用估值汇率折算),景顺长城基金管理有限公司,招商银行股份有限公司,跨境型ETF,,931722.CSI,,,,,,
2022-01-26,520990.SH,景顺长城中证国新港股通央企红利ETF,20240710,中证国新港股通央企红利指数,中证国新港股通央企红利指数收益率(使用估值汇率折算),景顺长城基金管理有限公司,招商银行股份有限公司,跨境型ETF,,931722.CSI,,,,,,
2022-01-27,520990.SH,景顺长城中证国新港股通央企红利ETF,20240710,中证国新港股通央企红利指数,中证国新港股通央企红利指数收益率(使用估值汇率折算),景顺长城基金管理有限公司,招商银行股份有限公司,跨境型ETF,,931722.CSI,,,,,,
2022-01-28,520990.SH,景顺长城中证国新港股通央企红利ETF,20240710,中证国新港股通央企红利指数,中证国新港股通央企红利指数收益率(使用估值汇率折算),景顺长城基金管理有限公司,招商银行股份有限公司,跨境型ETF,,931722.CSI,,,,,,
2022-02-07,520990.SH,景顺长城中证国新港股通央企红利ETF,20240710,中证国新港股通央企红利指数,中证国新港股通央企红利指数收益率(使用估值汇率折算),景顺长城基金管理有限公司,招商银行股份有限公司,跨境型ETF,,931722.CSI,,,,,,
2022-02-08,520990.SH,景顺长城中证国新港股通央企红利ETF,20240710,中证国新港股通央企红利指数,中证国新港股通央企红利指数收益率(使用估值汇率折算),景顺长城基金管理有限公司,招商银行股份有限公司,跨境型ETF,,931722.CSI,,,,,,
2022-02-09,520990.SH,景顺长城中证国新港股通央企红利ETF,20240710,中证国新港股通央企红利指数,中证国新港股通央企红利指数收益率(使用估值汇率折算),景顺长城基金管理有限公司,招商银行股份有限公司,跨境型ETF,,931722.CSI,,,,,,
2022-02-10,520990.SH,景顺长城中证国新港股通央企红利ETF,20240710,中证国新港股通央企红利指数,中证国新港股通央企红利指数收益率(使用估值汇率折算),景顺长城基金管理有限公司,招商银行股份有限公司,跨境型ETF,,931722.CSI,,,,,,
2022-02-11,520990.SH,景顺长城中证国新港股通央企红利ETF,20240710,中证国新港股通央企红利指数,中证国新港股通央企红利指数收益率(使用估值汇率折算),景顺长城基金管理有限公司,招商银行股份有限公司,跨境型ETF,,931722.CSI,,,,,,
2022-02-14,520990.SH,景顺长城中证国新港股通央企红利ETF,20240710,中证国新港股通央企红利指数,中证国新港股通央企红利指数收益率(使用估值汇率折算),景顺长城基金管理有限公司,招商银行股份有限公司,跨境型ETF,,931722.CSI,,,,,,
2022-02-15,520990.SH,景顺长城中证国新港股通央企红利ETF,20240710,中证国新港股通央企红利指数,中证国新港股通央企红利指数收益率(使用估值汇率折算),景顺长城基金管理有限公司,招商银行股份有限公司,跨境型ETF,,931722.CSI,,,,,,
2022-02-16,520990.SH,景顺长城中证国新港股通央企红利ETF,20240710,中证国新港股通央企红利指数,中证国新港股通央企红利指数收益率(使用估值汇率折算),景顺长城基金管理有限公司,招商银行股份有限公司,跨境型ETF,,931722.CSI,,,,,,
2022-02-17,520990.SH,景顺长城中证国新港股通央企红利ETF,20240710,中证国新港股通央企红利指数,中证国新港股通央企红利指数收益率(使用估值汇率折算),景顺长城基金管理有限公司,招商银行股份有限公司,跨境型ETF,,931722.CSI,,,,,,
2022-02-18,520990.SH,景顺长城中证国新港股通央企红利ETF,20240710,中证国新港股通央企红利指数,中证国新港股通央企红利指数收益率(使用估值汇率折算),景顺长城基金管理有限公司,招商银行股份有限公司,跨境型ETF,,931722.CSI,,,,,,
2022-02-21,520990.SH,景顺长城中证国新港股通央企红利ETF,20240710,中证国新港股通央企红利指数,中证国新港股通央企红利指数收益率(使用估值汇率折算),景顺长城基金管理有限公司,招商银行股份有限公司,跨境型ETF,,931722.CSI,,,,,,
2022-02-22,520990.SH,景顺长城中证国新港股通央企红利ETF,20240710,中证国新港股通央企红利指数,中证国新港股通央企红利指数收益率(使用估值汇率折算),景顺长城基金管理有限公司,招商银行股份有限公司,跨境型ETF,,931722.CSI,,,,,,
2022-02-23,520990.SH,景顺长城中证国新港股通央企红利ETF,20240710,中证国新港股通央企红利指数,中证国新港股通央企红利指数收益率(使用估值汇率折算),景顺长城基金管理有限公司,招商银行股份有限公司,跨境型ETF,,931722.CSI,,,,,,
2022-02-24,520990.SH,景顺长城中证国新港股通央企红利ETF,20240710,中证国新港股通央企红利指数,中证国新港股通央企红利指数收益率(使用估值汇率折算),景顺长城基金管理有限公司,招商银行股份有限公司,跨境型ETF,,931722.CSI,,,,,,
2022-02-25,520990.SH,景顺长城中证国新港股通央企红利ETF,20240710,中证国新港股通央企红利指数,中证国新港股通央企红利指数收益率(使用估值汇率折算),景顺长城基金管理有限公司,招商银行股份有限公司,跨境型ETF,,931722.CSI,,,,,,
2022-02-28,520990.SH,景顺长城中证国新港股通央企红利ETF,20240710,中证国新港股通央企红利指数,中证国新港股通央企红利指数收益率(使用估值汇率折算),景顺长城基金管理有限公司,招商银行股份有限公司,跨境型ETF,,931722.CSI,,,,,,
2022-03-01,520990.SH,景顺长城中证国新港股通央企红利ETF,20240710,中证国新港股通央企红利指数,中证国新港股通央企红利指数收益率(使用估值汇率折算),景顺长城基金管理有限公司,招商银行股份有限公司,跨境型ETF,,931722.CSI,,,,,,
2022-03-02,520990.SH,景顺长城中证国新港股通央企红利ETF,20240710,中证国新港股通央企红利指数,中证国新港股通央企红利指数收益率(使用估值汇率折算),景顺长城基金管理有限公司,招商银行股份有限公司,跨境型ETF,,931722.CSI,,,,,,
2022-03-03,520990.SH,景顺长城中证国新港股通央企红利ETF,20240710,中证国新港股通央企红利指数,中证国新港股通央企红利指数收益率(使用估值汇率折算),景顺长城基金管理有限公司,招商银行股份有限公司,跨境型ETF,,931722.CSI,,,,,,
2022-03-04,520990.SH,景顺长城中证国新港股通央企红利ETF,20240710,中证国新港股通央企红利指数,中证国新港股通央企红利指数收益率(使用估值汇率折算),景顺长城基金管理有限公司,招商银行股份有限公司,跨境型ETF,,931722.CSI,,,,,,
2022-03-07,520990.SH,景顺长城中证国新港股通央企红利ETF,20240710,中证国新港股通央企红利指数,中证国新港股通央企红利指数收益率(使用估值汇率折算),景顺长城基金管理有限公司,招商银行股份有限公司,跨境型ETF,,931722.CSI,,,,,,
2022-03-08,520990.SH,景顺长城中证国新港股通央企红利ETF,20240710,中证国新港股通央企红利指数,中证国新港股通央企红利指数收益率(使用估值汇率折算),景顺长城基金管理有限公司,招商银行股份有限公司,跨境型ETF,,931722.CSI,,,,,,
2022-03-09,520990.SH,景顺长城中证国新港股通央企红利ETF,20240710,中证国新港股通央企红利指数,中证国新港股通央企红利指数收益率(使用估值汇率折算),景顺长城基金管理有限公司,招商银行股份有限公司,跨境型ETF,,931722.CSI,,,,,,
2022-03-10,520990.SH,景顺长城中证国新港股通央企红利ETF,20240710,中证国新港股通央企红利指数,中证国新港股通央企红利指数收益率(使用估值汇率折算),景顺长城基金管理有限公司,招商银行股份有限公司,跨境型ETF,,931722.CSI,,,,,,
2022-03-11,520990.SH,景顺长城中证国新港股通央企红利ETF,20240710,中证国新港股通央企红利指数,中证国新港股通央企红利指数收益率(使用估值汇率折算),景顺长城基金管理有限公司,招商银行股份有限公司,跨境型ETF,,931722.CSI,,,,,,
2022-03-14,520990.SH,景顺长城中证国新港股通央企红利ETF,20240710,中证国新港股通央企红利指数,中证国新港股通央企红利指数收益率(使用估值汇率折算),景顺长城基金管理有限公司,招商银行股份有限公司,跨境型ETF,,931722.CSI,,,,,,
2022-03-15,520990.SH,景顺长城中证国新港股通央企红利ETF,20240710,中证国新港股通央企红利指数,中证国新港股通央企红利指数收益率(使用估值汇率折算),景顺长城基金管理有限公司,招商银行股份有限公司,跨境型ETF,,931722.CSI,,,,,,
2022-03-16,520990.SH,景顺长城中证国新港股通央企红利ETF,20240710,中证国新港股通央企红利指数,中证国新港股通央企红利指数收益率(使用估值汇率折算),景顺长城基金管理有限公司,招商银行股份有限公司,跨境型ETF,,931722.CSI,,,,,,
2022-03-17,520990.SH,景顺长城中证国新港股通央企红利ETF,20240710,中证国新港股通央企红利指数,中证国新港股通央企红利指数收益率(使用估值汇率折算),景顺长城基金管理有限公司,招商银行股份有限公司,跨境型ETF,,931722.CSI,,,,,,
2022-03-18,520990.SH,景顺长城中证国新港股通央企红利ETF,20240710,中证国新港股通央企红利指数,中证国新港股通央企红利指数收益率(使用估值汇率折算),景顺长城基金管理有限公司,招商银行股份有限公司,跨境型ETF,,931722.CSI,,,,,,
2022-03-21,520990.SH,景顺长城中证国新港股通央企红利ETF,20240710,中证国新港股通央企红利指数,中证国新港股通央企红利指数收益率(使用估值汇率折算),景顺长城基金管理有限公司,招商银行股份有限公司,跨境型ETF,,931722.CSI,,,,,,
2022-03-22,520990.SH,景顺长城中证国新港股通央企红利ETF,20240710,中证国新港股通央企红利指数,中证国新港股通央企红利指数收益率(使用估值汇率折算),景顺长城基金管理有限公司,招商银行股份有限公司,跨境型ETF,,931722.CSI,,,,,,
2022-03-23,520990.SH,景顺长城中证国新港股通央企红利ETF,20240710,中证国新港股通央企红利指数,中证国新港股通央企红利指数收益率(使用估值汇率折算),景顺长城基金管理有限公司,招商银行股份有限公司,跨境型ETF,,931722.CSI,,,,,,
2022-03-24,520990.SH,景顺长城中证国新港股通央企红利ETF,20240710,中证国新港股通央企红利指数,中证国新港股通央企红利指数收益率(使用估值汇率折算),景顺长城基金管理有限公司,招商银行股份有限公司,跨境型ETF,,931722.CSI,,,,,,
2022-03-25,520990.SH,景顺长城中证国新港股通央企红利ETF,20240710,中证国新港股通央企红利指数,中证国新港股通央企红利指数收益率(使用估值汇率折算),景顺长城基金管理有限公司,招商银行股份有限公司,跨境型ETF,,931722.CSI,,,,,,
2022-03-28,520990.SH,景顺长城中证国新港股通央企红利ETF,20240710,中证国新港股通央企红利指数,中证国新港股通央企红利指数收益率(使用估值汇率折算),景顺长城基金管理有限公司,招商银行股份有限公司,跨境型ETF,,931722.CSI,,,,,,
2022-03-29,520990.SH,景顺长城中证国新港股通央企红利ETF,20240710,中证国新港股通央企红利指数,中证国新港股通央企红利指数收益率(使用估值汇率折算),景顺长城基金管理有限公司,招商银行股份有限公司,跨境型ETF,,931722.CSI,,,,,,
2022-03-30,520990.SH,景顺长城中证国新港股通央企红利ETF,20240710,中证国新港股通央企红利指数,中证国新港股通央企红利指数收益率(使用估值汇率折算),景顺长城基金管理有限公司,招商银行股份有限公司,跨境型ETF,,931722.CSI,,,,,,
2022-03-31,520990.SH,景顺长城中证国新港股通央企红利ETF,20240710,中证国新港股通央企红利指数,中证国新港股通央企红利指数收益率(使用估值汇率折算),景顺长城基金管理有限公司,招商银行股份有限公司,跨境型ETF,,931722.CSI,,,,,,
2022-04-01,520990.SH,景顺长城中证国新港股通央企红利ETF,20240710,中证国新港股通央企红利指数,中证国新港股通央企红利指数收益率(使用估值汇率折算),景顺长城基金管理有限公司,招商银行股份有限公司,跨境型ETF,,931722.CSI,,,,,,
2022-04-06,520990.SH,景顺长城中证国新港股通央企红利ETF,20240710,中证国新港股通央企红利指数,中证国新港股通央企红利指数收益率(使用估值汇率折算),景顺长城基金管理有限公司,招商银行股份有限公司,跨境型ETF,,931722.CSI,,,,,,
2022-04-07,520990.SH,景顺长城中证国新港股通央企红利ETF,20240710,中证国新港股通央企红利指数,中证国新港股通央企红利指数收益率(使用估值汇率折算),景顺长城基金管理有限公司,招商银行股份有限公司,跨境型ETF,,931722.CSI,,,,,,
2022-04-08,520990.SH,景顺长城中证国新港股通央企红利ETF,20240710,中证国新港股通央企红利指数,中证国新港股通央企红利指数收益率(使用估值汇率折算),景顺长城基金管理有限公司,招商银行股份有限公司,跨境型ETF,,931722.CSI,,,,,,
2022-04-11,520990.SH,景顺长城中证国新港股通央企红利ETF,20240710,中证国新港股通央企红利指数,中证国新港股通央企红利指数收益率(使用估值汇率折算),景顺长城基金管理有限公司,招商银行股份有限公司,跨境型ETF,,931722.CSI,,,,,,
2022-04-12,520990.SH,景顺长城中证国新港股通央企红利ETF,20240710,中证国新港股通央企红利指数,中证国新港股通央企红利指数收益率(使用估值汇率折算),景顺长城基金管理有限公司,招商银行股份有限公司,跨境型ETF,,931722.CSI,,,,,,
2022-04-13,520990.SH,景顺长城中证国新港股通央企红利ETF,20240710,中证国新港股通央企红利指数,中证国新港股通央企红利指数收益率(使用估值汇率折算),景顺长城基金管理有限公司,招商银行股份有限公司,跨境型ETF,,931722.CSI,,,,,,
2022-04-14,520990.SH,景顺长城中证国新港股通央企红利ETF,20240710,中证国新港股通央企红利指数,中证国新港股通央企红利指数收益率(使用估值汇率折算),景顺长城基金管理有限公司,招商银行股份有限公司,跨境型ETF,,931722.CSI,,,,,,
2022-04-15,520990.SH,景顺长城中证国新港股通央企红利ETF,20240710,中证国新港股通央企红利指数,中证国新港股通央企红利指数收益率(使用估值汇率折算),景顺长城基金管理有限公司,招商银行股份有限公司,跨境型ETF,,931722.CSI,,,,,,
2022-04-18,520990.SH,景顺长城中证国新港股通央企红利ETF,20240710,中证国新港股通央企红利指数,中证国新港股通央企红利指数收益率(使用估值汇率折算),景顺长城基金管理有限公司,招商银行股份有限公司,跨境型ETF,,931722.CSI,,,,,,
2022-04-19,520990.SH,景顺长城中证国新港股通央企红利ETF,20240710,中证国新港股通央企红利指数,中证国新港股通央企红利指数收益率(使用估值汇率折算),景顺长城基金管理有限公司,招商银行股份有限公司,跨境型ETF,,931722.CSI,,,,,,
2022-04-20,520990.SH,景顺长城中证国新港股通央企红利ETF,20240710,中证国新港股通央企红利指数,中证国新港股通央企红利指数收益率(使用估值汇率折算),景顺长城基金管理有限公司,招商银行股份有限公司,跨境型ETF,,931722.CSI,,,,,,
2022-04-21,520990.SH,景顺长城中证国新港股通央企红利ETF,20240710,中证国新港股通央企红利指数,中证国新港股通央企红利指数收益率(使用估值汇率折算),景顺长城基金管理有限公司,招商银行股份有限公司,跨境型ETF,,931722.CSI,,,,,,
2022-04-22,520990.SH,景顺长城中证国新港股通央企红利ETF,20240710,中证国新港股通央企红利指数,中证国新港股通央企红利指数收益率(使用估值汇率折算),景顺长城基金管理有限公司,招商银行股份有限公司,跨境型ETF,,931722.CSI,,,,,,
2022-04-25,520990.SH,景顺长城中证国新港股通央企红利ETF,20240710,中证国新港股通央企红利指数,中证国新港股通央企红利指数收益率(使用估值汇率折算),景顺长城基金管理有限公司,招商银行股份有限公司,跨境型ETF,,931722.CSI,,,,,,
2022-04-26,520990.SH,景顺长城中证国新港股通央企红利ETF,20240710,中证国新港股通央企红利指数,中证国新港股通央企红利指数收益率(使用估值汇率折算),景顺长城基金管理有限公司,招商银行股份有限公司,跨境型ETF,,931722.CSI,,,,,,
2022-04-27,520990.SH,景顺长城中证国新港股通央企红利ETF,20240710,中证国新港股通央企红利指数,中证国新港股通央企红利指数收益率(使用估值汇率折算),景顺长城基金管理有限公司,招商银行股份有限公司,跨境型ETF,,931722.CSI,,,,,,
2022-04-28,520990.SH,景顺长城中证国新港股通央企红利ETF,20240710,中证国新港股通央企红利指数,中证国新港股通央企红利指数收益率(使用估值汇率折算),景顺长城基金管理有限公司,招商银行股份有限公司,跨境型ETF,,931722.CSI,,,,,,
2022-04-29,520990.SH,景顺长城中证国新港股通央企红利ETF,20240710,中证国新港股通央企红利指数,中证国新港股通央企红利指数收益率(使用估值汇率折算),景顺长城基金管理有限公司,招商银行股份有限公司,跨境型ETF,,931722.CSI,,,,,,
2022-05-05,520990.SH,景顺长城中证国新港股通央企红利ETF,20240710,中证国新港股通央企红利指数,中证国新港股通央企红利指数收益率(使用估值汇率折算),景顺长城基金管理有限公司,招商银行股份有限公司,跨境型ETF,,931722.CSI,,,,,,
2022-05-06,520990.SH,景顺长城中证国新港股通央企红利ETF,20240710,中证国新港股通央企红利指数,中证国新港股通央企红利指数收益率(使用估值汇率折算),景顺长城基金管理有限公司,招商银行股份有限公司,跨境型ETF,,931722.CSI,,,,,,
2022-05-09,520990.SH,景顺长城中证国新港股通央企红利ETF,20240710,中证国新港股通央企红利指数,中证国新港股通央企红利指数收益率(使用估值汇率折算),景顺长城基金管理有限公司,招商银行股份有限公司,跨境型ETF,,931722.CSI,,,,,,
2022-05-10,520990.SH,景顺长城中证国新港股通央企红利ETF,20240710,中证国新港股通央企红利指数,中证国新港股通央企红利指数收益率(使用估值汇率折算),景顺长城基金管理有限公司,招商银行股份有限公司,跨境型ETF,,931722.CSI,,,,,,
2022-05-11,520990.SH,景顺长城中证国新港股通央企红利ETF,20240710,中证国新港股通央企红利指数,中证国新港股通央企红利指数收益率(使用估值汇率折算),景顺长城基金管理有限公司,招商银行股份有限公司,跨境型ETF,,931722.CSI,,,,,,
2022-05-12,520990.SH,景顺长城中证国新港股通央企红利ETF,20240710,中证国新港股通央企红利指数,中证国新港股通央企红利指数收益率(使用估值汇率折算),景顺长城基金管理有限公司,招商银行股份有限公司,跨境型ETF,,931722.CSI,,,,,,
2022-05-13,520990.SH,景顺长城中证国新港股通央企红利ETF,20240710,中证国新港股通央企红利指数,中证国新港股通央企红利指数收益率(使用估值汇率折算),景顺长城基金管理有限公司,招商银行股份有限公司,跨境型ETF,,931722.CSI,,,,,,
2022-05-16,520990.SH,景顺长城中证国新港股通央企红利ETF,20240710,中证国新港股通央企红利指数,中证国新港股通央企红利指数收益率(使用估值汇率折算),景顺长城基金管理有限公司,招商银行股份有限公司,跨境型ETF,,931722.CSI,,,,,,
2022-05-17,520990.SH,景顺长城中证国新港股通央企红利ETF,20240710,中证国新港股通央企红利指数,中证国新港股通央企红利指数收益率(使用估值汇率折算),景顺长城基金管理有限公司,招商银行股份有限公司,跨境型ETF,,931722.CSI,,,,,,
2022-05-18,520990.SH,景顺长城中证国新港股通央企红利ETF,20240710,中证国新港股通央企红利指数,中证国新港股通央企红利指数收益率(使用估值汇率折算),景顺长城基金管理有限公司,招商银行股份有限公司,跨境型ETF,,931722.CSI,,,,,,
2022-05-19,520990.SH,景顺长城中证国新港股通央企红利ETF,20240710,中证国新港股通央企红利指数,中证国新港股通央企红利指数收益率(使用估值汇率折算),景顺长城基金管理有限公司,招商银行股份有限公司,跨境型ETF,,931722.CSI,,,,,,
2022-05-20,520990.SH,景顺长城中证国新港股通央企红利ETF,20240710,中证国新港股通央企红利指数,中证国新港股通央企红利指数收益率(使用估值汇率折算),景顺长城基金管理有限公司,招商银行股份有限公司,跨境型ETF,,931722.CSI,,,,,,
2022-05-23,520990.SH,景顺长城中证国新港股通央企红利ETF,20240710,中证国新港股通央企红利指数,中证国新港股通央企红利指数收益率(使用估值汇率折算),景顺长城基金管理有限公司,招商银行股份有限公司,跨境型ETF,,931722.CSI,,,,,,
2022-05-24,520990.SH,景顺长城中证国新港股通央企红利ETF,20240710,中证国新港股通央企红利指数,中证国新港股通央企红利指数收益率(使用估值汇率折算),景顺长城基金管理有限公司,招商银行股份有限公司,跨境型ETF,,931722.CSI,,,,,,
2022-05-25,520990.SH,景顺长城中证国新港股通央企红利ETF,20240710,中证国新港股通央企红利指数,中证国新港股通央企红利指数收益率(使用估值汇率折算),景顺长城基金管理有限公司,招商银行股份有限公司,跨境型ETF,,931722.CSI,,,,,,
2022-05-26,520990.SH,景顺长城中证国新港股通央企红利ETF,20240710,中证国新港股通央企红利指数,中证国新港股通央企红利指数收益率(使用估值汇率折算),景顺长城基金管理有限公司,招商银行股份有限公司,跨境型ETF,,931722.CSI,,,,,,
2022-05-27,520990.SH,景顺长城中证国新港股通央企红利ETF,20240710,中证国新港股通央企红利指数,中证国新港股通央企红利指数收益率(使用估值汇率折算),景顺长城基金管理有限公司,招商银行股份有限公司,跨境型ETF,,931722.CSI,,,,,,
2022-05-30,520990.SH,景顺长城中证国新港股通央企红利ETF,20240710,中证国新港股通央企红利指数,中证国新港股通央企红利指数收益率(使用估值汇率折算),景顺长城基金管理有限公司,招商银行股份有限公司,跨境型ETF,,931722.CSI,,,,,,
2022-05-31,520990.SH,景顺长城中证国新港股通央企红利ETF,20240710,中证国新港股通央企红利指数,中证国新港股通央企红利指数收益率(使用估值汇率折算),景顺长城基金管理有限公司,招商银行股份有限公司,跨境型ETF,,931722.CSI,,,,,,
2022-06-01,520990.SH,景顺长城中证国新港股通央企红利ETF,20240710,中证国新港股通央企红利指数,中证国新港股通央企红利指数收益率(使用估值汇率折算),景顺长城基金管理有限公司,招商银行股份有限公司,跨境型ETF,,931722.CSI,,,,,,
2022-06-02,520990.SH,景顺长城中证国新港股通央企红利ETF,20240710,中证国新港股通央企红利指数,中证国新港股通央企红利指数收益率(使用估值汇率折算),景顺长城基金管理有限公司,招商银行股份有限公司,跨境型ETF,,931722.CSI,,,,,,
2022-06-06,520990.SH,景顺长城中证国新港股通央企红利ETF,20240710,中证国新港股通央企红利指数,中证国新港股通央企红利指数收益率(使用估值汇率折算),景顺长城基金管理有限公司,招商银行股份有限公司,跨境型ETF,,931722.CSI,,,,,,
2022-06-07,520990.SH,景顺长城中证国新港股通央企红利ETF,20240710,中证国新港股通央企红利指数,中证国新港股通央企红利指数收益率(使用估值汇率折算),景顺长城基金管理有限公司,招商银行股份有限公司,跨境型ETF,,931722.CSI,,,,,,
2022-06-08,520990.SH,景顺长城中证国新港股通央企红利ETF,20240710,中证国新港股通央企红利指数,中证国新港股通央企红利指数收益率(使用估值汇率折算),景顺长城基金管理有限公司,招商银行股份有限公司,跨境型ETF,,931722.CSI,,,,,,
2022-06-09,520990.SH,景顺长城中证国新港股通央企红利ETF,20240710,中证国新港股通央企红利指数,中证国新港股通央企红利指数收益率(使用估值汇率折算),景顺长城基金管理有限公司,招商银行股份有限公司,跨境型ETF,,931722.CSI,,,,,,
2022-06-10,520990.SH,景顺长城中证国新港股通央企红利ETF,20240710,中证国新港股通央企红利指数,中证国新港股通央企红利指数收益率(使用估值汇率折算),景顺长城基金管理有限公司,招商银行股份有限公司,跨境型ETF,,931722.CSI,,,,,,
2022-06-13,520990.SH,景顺长城中证国新港股通央企红利ETF,20240710,中证国新港股通央企红利指数,中证国新港股通央企红利指数收益率(使用估值汇率折算),景顺长城基金管理有限公司,招商银行股份有限公司,跨境型ETF,,931722.CSI,,,,,,
2022-06-14,520990.SH,景顺长城中证国新港股通央企红利ETF,20240710,中证国新港股通央企红利指数,中证国新港股通央企红利指数收益率(使用估值汇率折算),景顺长城基金管理有限公司,招商银行股份有限公司,跨境型ETF,,931722.CSI,,,,,,
2022-06-15,520990.SH,景顺长城中证国新港股通央企红利ETF,20240710,中证国新港股通央企红利指数,中证国新港股通央企红利指数收益率(使用估值汇率折算),景顺长城基金管理有限公司,招商银行股份有限公司,跨境型ETF,,931722.CSI,,,,,,
2022-06-16,520990.SH,景顺长城中证国新港股通央企红利ETF,20240710,中证国新港股通央企红利指数,中证国新港股通央企红利指数收益率(使用估值汇率折算),景顺长城基金管理有限公司,招商银行股份有限公司,跨境型ETF,,931722.CSI,,,,,,
2022-06-17,520990.SH,景顺长城中证国新港股通央企红利ETF,20240710,中证国新港股通央企红利指数,中证国新港股通央企红利指数收益率(使用估值汇率折算),景顺长城基金管理有限公司,招商银行股份有限公司,跨境型ETF,,931722.CSI,,,,,,
2022-06-20,520990.SH,景顺长城中证国新港股通央企红利ETF,20240710,中证国新港股通央企红利指数,中证国新港股通央企红利指数收益率(使用估值汇率折算),景顺长城基金管理有限公司,招商银行股份有限公司,跨境型ETF,,931722.CSI,,,,,,
2022-06-21,520990.SH,景顺长城中证国新港股通央企红利ETF,20240710,中证国新港股通央企红利指数,中证国新港股通央企红利指数收益率(使用估值汇率折算),景顺长城基金管理有限公司,招商银行股份有限公司,跨境型ETF,,931722.CSI,,,,,,
2022-06-22,520990.SH,景顺长城中证国新港股通央企红利ETF,20240710,中证国新港股通央企红利指数,中证国新港股通央企红利指数收益率(使用估值汇率折算),景顺长城基金管理有限公司,招商银行股份有限公司,跨境型ETF,,931722.CSI,,,,,,
2022-06-23,520990.SH,景顺长城中证国新港股通央企红利ETF,20240710,中证国新港股通央企红利指数,中证国新港股通央企红利指数收益率(使用估值汇率折算),景顺长城基金管理有限公司,招商银行股份有限公司,跨境型ETF,,931722.CSI,,,,,,
2022-06-24,520990.SH,景顺长城中证国新港股通央企红利ETF,20240710,中证国新港股通央企红利指数,中证国新港股通央企红利指数收益率(使用估值汇率折算),景顺长城基金管理有限公司,招商银行股份有限公司,跨境型ETF,,931722.CSI,,,,,,
2022-06-27,520990.SH,景顺长城中证国新港股通央企红利ETF,20240710,中证国新港股通央企红利指数,中证国新港股通央企红利指数收益率(使用估值汇率折算),景顺长城基金管理有限公司,招商银行股份有限公司,跨境型ETF,,931722.CSI,,,,,,
2022-06-28,520990.SH,景顺长城中证国新港股通央企红利ETF,20240710,中证国新港股通央企红利指数,中证国新港股通央企红利指数收益率(使用估值汇率折算),景顺长城基金管理有限公司,招商银行股份有限公司,跨境型ETF,,931722.CSI,,,,,,
2022-06-29,520990.SH,景顺长城中证国新港股通央企红利ETF,20240710,中证国新港股通央企红利指数,中证国新港股通央企红利指数收益率(使用估值汇率折算),景顺长城基金管理有限公司,招商银行股份有限公司,跨境型ETF,,931722.CSI,,,,,,
2022-06-30,520990.SH,景顺长城中证国新港股通央企红利ETF,20240710,中证国新港股通央企红利指数,中证国新港股通央企红利指数收益率(使用估值汇率折算),景顺长城基金管理有限公司,招商银行股份有限公司,跨境型ETF,,931722.CSI,,,,,,
2022-07-01,520990.SH,景顺长城中证国新港股通央企红利ETF,20240710,中证国新港股通央企红利指数,中证国新港股通央企红利指数收益率(使用估值汇率折算),景顺长城基金管理有限公司,招商银行股份有限公司,跨境型ETF,,931722.CSI,,,,,,
2022-07-04,520990.SH,景顺长城中证国新港股通央企红利ETF,20240710,中证国新港股通央企红利指数,中证国新港股通央企红利指数收益率(使用估值汇率折算),景顺长城基金管理有限公司,招商银行股份有限公司,跨境型ETF,,931722.CSI,,,,,,
2022-07-05,520990.SH,景顺长城中证国新港股通央企红利ETF,20240710,中证国新港股通央企红利指数,中证国新港股通央企红利指数收益率(使用估值汇率折算),景顺长城基金管理有限公司,招商银行股份有限公司,跨境型ETF,,931722.CSI,,,,,,
2022-07-06,520990.SH,景顺长城中证国新港股通央企红利ETF,20240710,中证国新港股通央企红利指数,中证国新港股通央企红利指数收益率(使用估值汇率折算),景顺长城基金管理有限公司,招商银行股份有限公司,跨境型ETF,,931722.CSI,,,,,,
2022-07-07,520990.SH,景顺长城中证国新港股通央企红利ETF,20240710,中证国新港股通央企红利指数,中证国新港股通央企红利指数收益率(使用估值汇率折算),景顺长城基金管理有限公司,招商银行股份有限公司,跨境型ETF,,931722.CSI,,,,,,
2022-07-08,520990.SH,景顺长城中证国新港股通央企红利ETF,20240710,中证国新港股通央企红利指数,中证国新港股通央企红利指数收益率(使用估值汇率折算),景顺长城基金管理有限公司,招商银行股份有限公司,跨境型ETF,,931722.CSI,,,,,,
2022-07-11,520990.SH,景顺长城中证国新港股通央企红利ETF,20240710,中证国新港股通央企红利指数,中证国新港股通央企红利指数收益率(使用估值汇率折算),景顺长城基金管理有限公司,招商银行股份有限公司,跨境型ETF,,931722.CSI,,,,,,
2022-07-12,520990.SH,景顺长城中证国新港股通央企红利ETF,20240710,中证国新港股通央企红利指数,中证国新港股通央企红利指数收益率(使用估值汇率折算),景顺长城基金管理有限公司,招商银行股份有限公司,跨境型ETF,,931722.CSI,,,,,,
2022-07-13,520990.SH,景顺长城中证国新港股通央企红利ETF,20240710,中证国新港股通央企红利指数,中证国新港股通央企红利指数收益率(使用估值汇率折算),景顺长城基金管理有限公司,招商银行股份有限公司,跨境型ETF,,931722.CSI,,,,,,
2022-07-14,520990.SH,景顺长城中证国新港股通央企红利ETF,20240710,中证国新港股通央企红利指数,中证国新港股通央企红利指数收益率(使用估值汇率折算),景顺长城基金管理有限公司,招商银行股份有限公司,跨境型ETF,,931722.CSI,,,,,,
2022-07-15,520990.SH,景顺长城中证国新港股通央企红利ETF,20240710,中证国新港股通央企红利指数,中证国新港股通央企红利指数收益率(使用估值汇率折算),景顺长城基金管理有限公司,招商银行股份有限公司,跨境型ETF,,931722.CSI,,,,,,
2022-07-18,520990.SH,景顺长城中证国新港股通央企红利ETF,20240710,中证国新港股通央企红利指数,中证国新港股通央企红利指数收益率(使用估值汇率折算),景顺长城基金管理有限公司,招商银行股份有限公司,跨境型ETF,,931722.CSI,,,,,,
2022-07-19,520990.SH,景顺长城中证国新港股通央企红利ETF,20240710,中证国新港股通央企红利指数,中证国新港股通央企红利指数收益率(使用估值汇率折算),景顺长城基金管理有限公司,招商银行股份有限公司,跨境型ETF,,931722.CSI,,,,,,
2022-07-20,520990.SH,景顺长城中证国新港股通央企红利ETF,20240710,中证国新港股通央企红利指数,中证国新港股通央企红利指数收益率(使用估值汇率折算),景顺长城基金管理有限公司,招商银行股份有限公司,跨境型ETF,,931722.CSI,,,,,,
2022-07-21,520990.SH,景顺长城中证国新港股通央企红利ETF,20240710,中证国新港股通央企红利指数,中证国新港股通央企红利指数收益率(使用估值汇率折算),景顺长城基金管理有限公司,招商银行股份有限公司,跨境型ETF,,931722.CSI,,,,,,
2022-07-22,520990.SH,景顺长城中证国新港股通央企红利ETF,20240710,中证国新港股通央企红利指数,中证国新港股通央企红利指数收益率(使用估值汇率折算),景顺长城基金管理有限公司,招商银行股份有限公司,跨境型ETF,,931722.CSI,,,,,,
2022-07-25,520990.SH,景顺长城中证国新港股通央企红利ETF,20240710,中证国新港股通央企红利指数,中证国新港股通央企红利指数收益率(使用估值汇率折算),景顺长城基金管理有限公司,招商银行股份有限公司,跨境型ETF,,931722.CSI,,,,,,
2022-07-26,520990.SH,景顺长城中证国新港股通央企红利ETF,20240710,中证国新港股通央企红利指数,中证国新港股通央企红利指数收益率(使用估值汇率折算),景顺长城基金管理有限公司,招商银行股份有限公司,跨境型ETF,,931722.CSI,,,,,,
2022-07-27,520990.SH,景顺长城中证国新港股通央企红利ETF,20240710,中证国新港股通央企红利指数,中证国新港股通央企红利指数收益率(使用估值汇率折算),景顺长城基金管理有限公司,招商银行股份有限公司,跨境型ETF,,931722.CSI,,,,,,
2022-07-28,520990.SH,景顺长城中证国新港股通央企红利ETF,20240710,中证国新港股通央企红利指数,中证国新港股通央企红利指数收益率(使用估值汇率折算),景顺长城基金管理有限公司,招商银行股份有限公司,跨境型ETF,,931722.CSI,,,,,,
2022-07-29,520990.SH,景顺长城中证国新港股通央企红利ETF,20240710,中证国新港股通央企红利指数,中证国新港股通央企红利指数收益率(使用估值汇率折算),景顺长城基金管理有限公司,招商银行股份有限公司,跨境型ETF,,931722.CSI,,,,,,
2022-08-01,520990.SH,景顺长城中证国新港股通央企红利ETF,20240710,中证国新港股通央企红利指数,中证国新港股通央企红利指数收益率(使用估值汇率折算),景顺长城基金管理有限公司,招商银行股份有限公司,跨境型ETF,,931722.CSI,,,,,,
2022-08-02,520990.SH,景顺长城中证国新港股通央企红利ETF,20240710,中证国新港股通央企红利指数,中证国新港股通央企红利指数收益率(使用估值汇率折算),景顺长城基金管理有限公司,招商银行股份有限公司,跨境型ETF,,931722.CSI,,,,,,
2022-08-03,520990.SH,景顺长城中证国新港股通央企红利ETF,20240710,中证国新港股通央企红利指数,中证国新港股通央企红利指数收益率(使用估值汇率折算),景顺长城基金管理有限公司,招商银行股份有限公司,跨境型ETF,,931722.CSI,,,,,,
2022-08-04,520990.SH,景顺长城中证国新港股通央企红利ETF,20240710,中证国新港股通央企红利指数,中证国新港股通央企红利指数收益率(使用估值汇率折算),景顺长城基金管理有限公司,招商银行股份有限公司,跨境型ETF,,931722.CSI,,,,,,
2022-08-05,520990.SH,景顺长城中证国新港股通央企红利ETF,20240710,中证国新港股通央企红利指数,中证国新港股通央企红利指数收益率(使用估值汇率折算),景顺长城基金管理有限公司,招商银行股份有限公司,跨境型ETF,,931722.CSI,,,,,,
2022-08-08,520990.SH,景顺长城中证国新港股通央企红利ETF,20240710,中证国新港股通央企红利指数,中证国新港股通央企红利指数收益率(使用估值汇率折算),景顺长城基金管理有限公司,招商银行股份有限公司,跨境型ETF,,931722.CSI,,,,,,
2022-08-09,520990.SH,景顺长城中证国新港股通央企红利ETF,20240710,中证国新港股通央企红利指数,中证国新港股通央企红利指数收益率(使用估值汇率折算),景顺长城基金管理有限公司,招商银行股份有限公司,跨境型ETF,,931722.CSI,,,,,,
2022-08-10,520990.SH,景顺长城中证国新港股通央企红利ETF,20240710,中证国新港股通央企红利指数,中证国新港股通央企红利指数收益率(使用估值汇率折算),景顺长城基金管理有限公司,招商银行股份有限公司,跨境型ETF,,931722.CSI,,,,,,
2022-08-11,520990.SH,景顺长城中证国新港股通央企红利ETF,20240710,中证国新港股通央企红利指数,中证国新港股通央企红利指数收益率(使用估值汇率折算),景顺长城基金管理有限公司,招商银行股份有限公司,跨境型ETF,,931722.CSI,,,,,,
2022-08-12,520990.SH,景顺长城中证国新港股通央企红利ETF,20240710,中证国新港股通央企红利指数,中证国新港股通央企红利指数收益率(使用估值汇率折算),景顺长城基金管理有限公司,招商银行股份有限公司,跨境型ETF,,931722.CSI,,,,,,
2022-08-15,520990.SH,景顺长城中证国新港股通央企红利ETF,20240710,中证国新港股通央企红利指数,中证国新港股通央企红利指数收益率(使用估值汇率折算),景顺长城基金管理有限公司,招商银行股份有限公司,跨境型ETF,,931722.CSI,,,,,,
2022-08-16,520990.SH,景顺长城中证国新港股通央企红利ETF,20240710,中证国新港股通央企红利指数,中证国新港股通央企红利指数收益率(使用估值汇率折算),景顺长城基金管理有限公司,招商银行股份有限公司,跨境型ETF,,931722.CSI,,,,,,
2022-08-17,520990.SH,景顺长城中证国新港股通央企红利ETF,20240710,中证国新港股通央企红利指数,中证国新港股通央企红利指数收益率(使用估值汇率折算),景顺长城基金管理有限公司,招商银行股份有限公司,跨境型ETF,,931722.CSI,,,,,,
2022-08-18,520990.SH,景顺长城中证国新港股通央企红利ETF,20240710,中证国新港股通央企红利指数,中证国新港股通央企红利指数收益率(使用估值汇率折算),景顺长城基金管理有限公司,招商银行股份有限公司,跨境型ETF,,931722.CSI,,,,,,
2022-08-19,520990.SH,景顺长城中证国新港股通央企红利ETF,20240710,中证国新港股通央企红利指数,中证国新港股通央企红利指数收益率(使用估值汇率折算),景顺长城基金管理有限公司,招商银行股份有限公司,跨境型ETF,,931722.CSI,,,,,,
2022-08-22,520990.SH,景顺长城中证国新港股通央企红利ETF,20240710,中证国新港股通央企红利指数,中证国新港股通央企红利指数收益率(使用估值汇率折算),景顺长城基金管理有限公司,招商银行股份有限公司,跨境型ETF,,931722.CSI,,,,,,
2022-08-23,520990.SH,景顺长城中证国新港股通央企红利ETF,20240710,中证国新港股通央企红利指数,中证国新港股通央企红利指数收益率(使用估值汇率折算),景顺长城基金管理有限公司,招商银行股份有限公司,跨境型ETF,,931722.CSI,,,,,,
2022-08-24,520990.SH,景顺长城中证国新港股通央企红利ETF,20240710,中证国新港股通央企红利指数,中证国新港股通央企红利指数收益率(使用估值汇率折算),景顺长城基金管理有限公司,招商银行股份有限公司,跨境型ETF,,931722.CSI,,,,,,
2022-08-25,520990.SH,景顺长城中证国新港股通央企红利ETF,20240710,中证国新港股通央企红利指数,中证国新港股通央企红利指数收益率(使用估值汇率折算),景顺长城基金管理有限公司,招商银行股份有限公司,跨境型ETF,,931722.CSI,,,,,,
2022-08-26,520990.SH,景顺长城中证国新港股通央企红利ETF,20240710,中证国新港股通央企红利指数,中证国新港股通央企红利指数收益率(使用估值汇率折算),景顺长城基金管理有限公司,招商银行股份有限公司,跨境型ETF,,931722.CSI,,,,,,
2022-08-29,520990.SH,景顺长城中证国新港股通央企红利ETF,20240710,中证国新港股通央企红利指数,中证国新港股通央企红利指数收益率(使用估值汇率折算),景顺长城基金管理有限公司,招商银行股份有限公司,跨境型ETF,,931722.CSI,,,,,,
2022-08-30,520990.SH,景顺长城中证国新港股通央企红利ETF,20240710,中证国新港股通央企红利指数,中证国新港股通央企红利指数收益率(使用估值汇率折算),景顺长城基金管理有限公司,招商银行股份有限公司,跨境型ETF,,931722.CSI,,,,,,
2022-08-31,520990.SH,景顺长城中证国新港股通央企红利ETF,20240710,中证国新港股通央企红利指数,中证国新港股通央企红利指数收益率(使用估值汇率折算),景顺长城基金管理有限公司,招商银行股份有限公司,跨境型ETF,,931722.CSI,,,,,,
2022-09-01,520990.SH,景顺长城中证国新港股通央企红利ETF,20240710,中证国新港股通央企红利指数,中证国新港股通央企红利指数收益率(使用估值汇率折算),景顺长城基金管理有限公司,招商银行股份有限公司,跨境型ETF,,931722.CSI,,,,,,
2022-09-02,520990.SH,景顺长城中证国新港股通央企红利ETF,20240710,中证国新港股通央企红利指数,中证国新港股通央企红利指数收益率(使用估值汇率折算),景顺长城基金管理有限公司,招商银行股份有限公司,跨境型ETF,,931722.CSI,,,,,,
2022-09-05,520990.SH,景顺长城中证国新港股通央企红利ETF,20240710,中证国新港股通央企红利指数,中证国新港股通央企红利指数收益率(使用估值汇率折算),景顺长城基金管理有限公司,招商银行股份有限公司,跨境型ETF,,931722.CSI,,,,,,
2022-09-06,520990.SH,景顺长城中证国新港股通央企红利ETF,20240710,中证国新港股通央企红利指数,中证国新港股通央企红利指数收益率(使用估值汇率折算),景顺长城基金管理有限公司,招商银行股份有限公司,跨境型ETF,,931722.CSI,,,,,,
2022-09-07,520990.SH,景顺长城中证国新港股通央企红利ETF,20240710,中证国新港股通央企红利指数,中证国新港股通央企红利指数收益率(使用估值汇率折算),景顺长城基金管理有限公司,招商银行股份有限公司,跨境型ETF,,931722.CSI,,,,,,
2022-09-08,520990.SH,景顺长城中证国新港股通央企红利ETF,20240710,中证国新港股通央企红利指数,中证国新港股通央企红利指数收益率(使用估值汇率折算),景顺长城基金管理有限公司,招商银行股份有限公司,跨境型ETF,,931722.CSI,,,,,,
2022-09-09,520990.SH,景顺长城中证国新港股通央企红利ETF,20240710,中证国新港股通央企红利指数,中证国新港股通央企红利指数收益率(使用估值汇率折算),景顺长城基金管理有限公司,招商银行股份有限公司,跨境型ETF,,931722.CSI,,,,,,
2022-09-13,520990.SH,景顺长城中证国新港股通央企红利ETF,20240710,中证国新港股通央企红利指数,中证国新港股通央企红利指数收益率(使用估值汇率折算),景顺长城基金管理有限公司,招商银行股份有限公司,跨境型ETF,,931722.CSI,,,,,,
2022-09-14,520990.SH,景顺长城中证国新港股通央企红利ETF,20240710,中证国新港股通央企红利指数,中证国新港股通央企红利指数收益率(使用估值汇率折算),景顺长城基金管理有限公司,招商银行股份有限公司,跨境型ETF,,931722.CSI,,,,,,
2022-09-15,520990.SH,景顺长城中证国新港股通央企红利ETF,20240710,中证国新港股通央企红利指数,中证国新港股通央企红利指数收益率(使用估值汇率折算),景顺长城基金管理有限公司,招商银行股份有限公司,跨境型ETF,,931722.CSI,,,,,,
2022-09-16,520990.SH,景顺长城中证国新港股通央企红利ETF,20240710,中证国新港股通央企红利指数,中证国新港股通央企红利指数收益率(使用估值汇率折算),景顺长城基金管理有限公司,招商银行股份有限公司,跨境型ETF,,931722.CSI,,,,,,
2022-09-19,520990.SH,景顺长城中证国新港股通央企红利ETF,20240710,中证国新港股通央企红利指数,中证国新港股通央企红利指数收益率(使用估值汇率折算),景顺长城基金管理有限公司,招商银行股份有限公司,跨境型ETF,,931722.CSI,,,,,,
2022-09-20,520990.SH,景顺长城中证国新港股通央企红利ETF,20240710,中证国新港股通央企红利指数,中证国新港股通央企红利指数收益率(使用估值汇率折算),景顺长城基金管理有限公司,招商银行股份有限公司,跨境型ETF,,931722.CSI,,,,,,
2022-09-21,520990.SH,景顺长城中证国新港股通央企红利ETF,20240710,中证国新港股通央企红利指数,中证国新港股通央企红利指数收益率(使用估值汇率折算),景顺长城基金管理有限公司,招商银行股份有限公司,跨境型ETF,,931722.CSI,,,,,,
2022-09-22,520990.SH,景顺长城中证国新港股通央企红利ETF,20240710,中证国新港股通央企红利指数,中证国新港股通央企红利指数收益率(使用估值汇率折算),景顺长城基金管理有限公司,招商银行股份有限公司,跨境型ETF,,931722.CSI,,,,,,
2022-09-23,520990.SH,景顺长城中证国新港股通央企红利ETF,20240710,中证国新港股通央企红利指数,中证国新港股通央企红利指数收益率(使用估值汇率折算),景顺长城基金管理有限公司,招商银行股份有限公司,跨境型ETF,,931722.CSI,,,,,,
2022-09-26,520990.SH,景顺长城中证国新港股通央企红利ETF,20240710,中证国新港股通央企红利指数,中证国新港股通央企红利指数收益率(使用估值汇率折算),景顺长城基金管理有限公司,招商银行股份有限公司,跨境型ETF,,931722.CSI,,,,,,
2022-09-27,520990.SH,景顺长城中证国新港股通央企红利ETF,20240710,中证国新港股通央企红利指数,中证国新港股通央企红利指数收益率(使用估值汇率折算),景顺长城基金管理有限公司,招商银行股份有限公司,跨境型ETF,,931722.CSI,,,,,,
2022-09-28,520990.SH,景顺长城中证国新港股通央企红利ETF,20240710,中证国新港股通央企红利指数,中证国新港股通央企红利指数收益率(使用估值汇率折算),景顺长城基金管理有限公司,招商银行股份有限公司,跨境型ETF,,931722.CSI,,,,,,
2022-09-29,520990.SH,景顺长城中证国新港股通央企红利ETF,20240710,中证国新港股通央企红利指数,中证国新港股通央企红利指数收益率(使用估值汇率折算),景顺长城基金管理有限公司,招商银行股份有限公司,跨境型ETF,,931722.CSI,,,,,,
2022-09-30,520990.SH,景顺长城中证国新港股通央企红利ETF,20240710,中证国新港股通央企红利指数,中证国新港股通央企红利指数收益率(使用估值汇率折算),景顺长城基金管理有限公司,招商银行股份有限公司,跨境型ETF,,931722.CSI,,,,,,
2022-10-10,520990.SH,景顺长城中证国新港股通央企红利ETF,20240710,中证国新港股通央企红利指数,中证国新港股通央企红利指数收益率(使用估值汇率折算),景顺长城基金管理有限公司,招商银行股份有限公司,跨境型ETF,,931722.CSI,,,,,,
2022-10-11,520990.SH,景顺长城中证国新港股通央企红利ETF,20240710,中证国新港股通央企红利指数,中证国新港股通央企红利指数收益率(使用估值汇率折算),景顺长城基金管理有限公司,招商银行股份有限公司,跨境型ETF,,931722.CSI,,,,,,
2022-10-12,520990.SH,景顺长城中证国新港股通央企红利ETF,20240710,中证国新港股通央企红利指数,中证国新港股通央企红利指数收益率(使用估值汇率折算),景顺长城基金管理有限公司,招商银行股份有限公司,跨境型ETF,,931722.CSI,,,,,,
2022-10-13,520990.SH,景顺长城中证国新港股通央企红利ETF,20240710,中证国新港股通央企红利指数,中证国新港股通央企红利指数收益率(使用估值汇率折算),景顺长城基金管理有限公司,招商银行股份有限公司,跨境型ETF,,931722.CSI,,,,,,
2022-10-14,520990.SH,景顺长城中证国新港股通央企红利ETF,20240710,中证国新港股通央企红利指数,中证国新港股通央企红利指数收益率(使用估值汇率折算),景顺长城基金管理有限公司,招商银行股份有限公司,跨境型ETF,,931722.CSI,,,,,,
2022-10-17,520990.SH,景顺长城中证国新港股通央企红利ETF,20240710,中证国新港股通央企红利指数,中证国新港股通央企红利指数收益率(使用估值汇率折算),景顺长城基金管理有限公司,招商银行股份有限公司,跨境型ETF,,931722.CSI,,,,,,
2022-10-18,520990.SH,景顺长城中证国新港股通央企红利ETF,20240710,中证国新港股通央企红利指数,中证国新港股通央企红利指数收益率(使用估值汇率折算),景顺长城基金管理有限公司,招商银行股份有限公司,跨境型ETF,,931722.CSI,,,,,,
2022-10-19,520990.SH,景顺长城中证国新港股通央企红利ETF,20240710,中证国新港股通央企红利指数,中证国新港股通央企红利指数收益率(使用估值汇率折算),景顺长城基金管理有限公司,招商银行股份有限公司,跨境型ETF,,931722.CSI,,,,,,
2022-10-20,520990.SH,景顺长城中证国新港股通央企红利ETF,20240710,中证国新港股通央企红利指数,中证国新港股通央企红利指数收益率(使用估值汇率折算),景顺长城基金管理有限公司,招商银行股份有限公司,跨境型ETF,,931722.CSI,,,,,,
2022-10-21,520990.SH,景顺长城中证国新港股通央企红利ETF,20240710,中证国新港股通央企红利指数,中证国新港股通央企红利指数收益率(使用估值汇率折算),景顺长城基金管理有限公司,招商银行股份有限公司,跨境型ETF,,931722.CSI,,,,,,
2022-10-24,520990.SH,景顺长城中证国新港股通央企红利ETF,20240710,中证国新港股通央企红利指数,中证国新港股通央企红利指数收益率(使用估值汇率折算),景顺长城基金管理有限公司,招商银行股份有限公司,跨境型ETF,,931722.CSI,,,,,,
2022-10-25,520990.SH,景顺长城中证国新港股通央企红利ETF,20240710,中证国新港股通央企红利指数,中证国新港股通央企红利指数收益率(使用估值汇率折算),景顺长城基金管理有限公司,招商银行股份有限公司,跨境型ETF,,931722.CSI,,,,,,
2022-10-26,520990.SH,景顺长城中证国新港股通央企红利ETF,20240710,中证国新港股通央企红利指数,中证国新港股通央企红利指数收益率(使用估值汇率折算),景顺长城基金管理有限公司,招商银行股份有限公司,跨境型ETF,,931722.CSI,,,,,,
2022-10-27,520990.SH,景顺长城中证国新港股通央企红利ETF,20240710,中证国新港股通央企红利指数,中证国新港股通央企红利指数收益率(使用估值汇率折算),景顺长城基金管理有限公司,招商银行股份有限公司,跨境型ETF,,931722.CSI,,,,,,
2022-10-28,520990.SH,景顺长城中证国新港股通央企红利ETF,20240710,中证国新港股通央企红利指数,中证国新港股通央企红利指数收益率(使用估值汇率折算),景顺长城基金管理有限公司,招商银行股份有限公司,跨境型ETF,,931722.CSI,,,,,,
2022-10-31,520990.SH,景顺长城中证国新港股通央企红利ETF,20240710,中证国新港股通央企红利指数,中证国新港股通央企红利指数收益率(使用估值汇率折算),景顺长城基金管理有限公司,招商银行股份有限公司,跨境型ETF,,931722.CSI,,,,,,
2022-11-01,520990.SH,景顺长城中证国新港股通央企红利ETF,20240710,中证国新港股通央企红利指数,中证国新港股通央企红利指数收益率(使用估值汇率折算),景顺长城基金管理有限公司,招商银行股份有限公司,跨境型ETF,,931722.CSI,,,,,,
2022-11-02,520990.SH,景顺长城中证国新港股通央企红利ETF,20240710,中证国新港股通央企红利指数,中证国新港股通央企红利指数收益率(使用估值汇率折算),景顺长城基金管理有限公司,招商银行股份有限公司,跨境型ETF,,931722.CSI,,,,,,
2022-11-03,520990.SH,景顺长城中证国新港股通央企红利ETF,20240710,中证国新港股通央企红利指数,中证国新港股通央企红利指数收益率(使用估值汇率折算),景顺长城基金管理有限公司,招商银行股份有限公司,跨境型ETF,,931722.CSI,,,,,,
2022-11-04,520990.SH,景顺长城中证国新港股通央企红利ETF,20240710,中证国新港股通央企红利指数,中证国新港股通央企红利指数收益率(使用估值汇率折算),景顺长城基金管理有限公司,招商银行股份有限公司,跨境型ETF,,931722.CSI,,,,,,
2022-11-07,520990.SH,景顺长城中证国新港股通央企红利ETF,20240710,中证国新港股通央企红利指数,中证国新港股通央企红利指数收益率(使用估值汇率折算),景顺长城基金管理有限公司,招商银行股份有限公司,跨境型ETF,,931722.CSI,,,,,,
2022-11-08,520990.SH,景顺长城中证国新港股通央企红利ETF,20240710,中证国新港股通央企红利指数,中证国新港股通央企红利指数收益率(使用估值汇率折算),景顺长城基金管理有限公司,招商银行股份有限公司,跨境型ETF,,931722.CSI,,,,,,
2022-11-09,520990.SH,景顺长城中证国新港股通央企红利ETF,20240710,中证国新港股通央企红利指数,中证国新港股通央企红利指数收益率(使用估值汇率折算),景顺长城基金管理有限公司,招商银行股份有限公司,跨境型ETF,,931722.CSI,,,,,,
2022-11-10,520990.SH,景顺长城中证国新港股通央企红利ETF,20240710,中证国新港股通央企红利指数,中证国新港股通央企红利指数收益率(使用估值汇率折算),景顺长城基金管理有限公司,招商银行股份有限公司,跨境型ETF,,931722.CSI,,,,,,
2022-11-11,520990.SH,景顺长城中证国新港股通央企红利ETF,20240710,中证国新港股通央企红利指数,中证国新港股通央企红利指数收益率(使用估值汇率折算),景顺长城基金管理有限公司,招商银行股份有限公司,跨境型ETF,,931722.CSI,,,,,,
2022-11-14,520990.SH,景顺长城中证国新港股通央企红利ETF,20240710,中证国新港股通央企红利指数,中证国新港股通央企红利指数收益率(使用估值汇率折算),景顺长城基金管理有限公司,招商银行股份有限公司,跨境型ETF,,931722.CSI,,,,,,
2022-11-15,520990.SH,景顺长城中证国新港股通央企红利ETF,20240710,中证国新港股通央企红利指数,中证国新港股通央企红利指数收益率(使用估值汇率折算),景顺长城基金管理有限公司,招商银行股份有限公司,跨境型ETF,,931722.CSI,,,,,,
2022-11-16,520990.SH,景顺长城中证国新港股通央企红利ETF,20240710,中证国新港股通央企红利指数,中证国新港股通央企红利指数收益率(使用估值汇率折算),景顺长城基金管理有限公司,招商银行股份有限公司,跨境型ETF,,931722.CSI,,,,,,
2022-11-17,520990.SH,景顺长城中证国新港股通央企红利ETF,20240710,中证国新港股通央企红利指数,中证国新港股通央企红利指数收益率(使用估值汇率折算),景顺长城基金管理有限公司,招商银行股份有限公司,跨境型ETF,,931722.CSI,,,,,,
2022-11-18,520990.SH,景顺长城中证国新港股通央企红利ETF,20240710,中证国新港股通央企红利指数,中证国新港股通央企红利指数收益率(使用估值汇率折算),景顺长城基金管理有限公司,招商银行股份有限公司,跨境型ETF,,931722.CSI,,,,,,
2022-11-21,520990.SH,景顺长城中证国新港股通央企红利ETF,20240710,中证国新港股通央企红利指数,中证国新港股通央企红利指数收益率(使用估值汇率折算),景顺长城基金管理有限公司,招商银行股份有限公司,跨境型ETF,,931722.CSI,,,,,,
2022-11-22,520990.SH,景顺长城中证国新港股通央企红利ETF,20240710,中证国新港股通央企红利指数,中证国新港股通央企红利指数收益率(使用估值汇率折算),景顺长城基金管理有限公司,招商银行股份有限公司,跨境型ETF,,931722.CSI,,,,,,
2022-11-23,520990.SH,景顺长城中证国新港股通央企红利ETF,20240710,中证国新港股通央企红利指数,中证国新港股通央企红利指数收益率(使用估值汇率折算),景顺长城基金管理有限公司,招商银行股份有限公司,跨境型ETF,,931722.CSI,,,,,,
2022-11-24,520990.SH,景顺长城中证国新港股通央企红利ETF,20240710,中证国新港股通央企红利指数,中证国新港股通央企红利指数收益率(使用估值汇率折算),景顺长城基金管理有限公司,招商银行股份有限公司,跨境型ETF,,931722.CSI,,,,,,
2022-11-25,520990.SH,景顺长城中证国新港股通央企红利ETF,20240710,中证国新港股通央企红利指数,中证国新港股通央企红利指数收益率(使用估值汇率折算),景顺长城基金管理有限公司,招商银行股份有限公司,跨境型ETF,,931722.CSI,,,,,,
2022-11-28,520990.SH,景顺长城中证国新港股通央企红利ETF,20240710,中证国新港股通央企红利指数,中证国新港股通央企红利指数收益率(使用估值汇率折算),景顺长城基金管理有限公司,招商银行股份有限公司,跨境型ETF,,931722.CSI,,,,,,
2022-11-29,520990.SH,景顺长城中证国新港股通央企红利ETF,20240710,中证国新港股通央企红利指数,中证国新港股通央企红利指数收益率(使用估值汇率折算),景顺长城基金管理有限公司,招商银行股份有限公司,跨境型ETF,,931722.CSI,,,,,,
2022-11-30,520990.SH,景顺长城中证国新港股通央企红利ETF,20240710,中证国新港股通央企红利指数,中证国新港股通央企红利指数收益率(使用估值汇率折算),景顺长城基金管理有限公司,招商银行股份有限公司,跨境型ETF,,931722.CSI,,,,,,
2022-12-01,520990.SH,景顺长城中证国新港股通央企红利ETF,20240710,中证国新港股通央企红利指数,中证国新港股通央企红利指数收益率(使用估值汇率折算),景顺长城基金管理有限公司,招商银行股份有限公司,跨境型ETF,,931722.CSI,,,,,,
2022-12-02,520990.SH,景顺长城中证国新港股通央企红利ETF,20240710,中证国新港股通央企红利指数,中证国新港股通央企红利指数收益率(使用估值汇率折算),景顺长城基金管理有限公司,招商银行股份有限公司,跨境型ETF,,931722.CSI,,,,,,
2022-12-05,520990.SH,景顺长城中证国新港股通央企红利ETF,20240710,中证国新港股通央企红利指数,中证国新港股通央企红利指数收益率(使用估值汇率折算),景顺长城基金管理有限公司,招商银行股份有限公司,跨境型ETF,,931722.CSI,,,,,,
2022-12-06,520990.SH,景顺长城中证国新港股通央企红利ETF,20240710,中证国新港股通央企红利指数,中证国新港股通央企红利指数收益率(使用估值汇率折算),景顺长城基金管理有限公司,招商银行股份有限公司,跨境型ETF,,931722.CSI,,,,,,
2022-12-07,520990.SH,景顺长城中证国新港股通央企红利ETF,20240710,中证国新港股通央企红利指数,中证国新港股通央企红利指数收益率(使用估值汇率折算),景顺长城基金管理有限公司,招商银行股份有限公司,跨境型ETF,,931722.CSI,,,,,,
2022-12-08,520990.SH,景顺长城中证国新港股通央企红利ETF,20240710,中证国新港股通央企红利指数,中证国新港股通央企红利指数收益率(使用估值汇率折算),景顺长城基金管理有限公司,招商银行股份有限公司,跨境型ETF,,931722.CSI,,,,,,
2022-12-09,520990.SH,景顺长城中证国新港股通央企红利ETF,20240710,中证国新港股通央企红利指数,中证国新港股通央企红利指数收益率(使用估值汇率折算),景顺长城基金管理有限公司,招商银行股份有限公司,跨境型ETF,,931722.CSI,,,,,,
2022-12-12,520990.SH,景顺长城中证国新港股通央企红利ETF,20240710,中证国新港股通央企红利指数,中证国新港股通央企红利指数收益率(使用估值汇率折算),景顺长城基金管理有限公司,招商银行股份有限公司,跨境型ETF,,931722.CSI,,,,,,
2022-12-13,520990.SH,景顺长城中证国新港股通央企红利ETF,20240710,中证国新港股通央企红利指数,中证国新港股通央企红利指数收益率(使用估值汇率折算),景顺长城基金管理有限公司,招商银行股份有限公司,跨境型ETF,,931722.CSI,,,,,,
2022-12-14,520990.SH,景顺长城中证国新港股通央企红利ETF,20240710,中证国新港股通央企红利指数,中证国新港股通央企红利指数收益率(使用估值汇率折算),景顺长城基金管理有限公司,招商银行股份有限公司,跨境型ETF,,931722.CSI,,,,,,
2022-12-15,520990.SH,景顺长城中证国新港股通央企红利ETF,20240710,中证国新港股通央企红利指数,中证国新港股通央企红利指数收益率(使用估值汇率折算),景顺长城基金管理有限公司,招商银行股份有限公司,跨境型ETF,,931722.CSI,,,,,,
2022-12-16,520990.SH,景顺长城中证国新港股通央企红利ETF,20240710,中证国新港股通央企红利指数,中证国新港股通央企红利指数收益率(使用估值汇率折算),景顺长城基金管理有限公司,招商银行股份有限公司,跨境型ETF,,931722.CSI,,,,,,
2022-12-19,520990.SH,景顺长城中证国新港股通央企红利ETF,20240710,中证国新港股通央企红利指数,中证国新港股通央企红利指数收益率(使用估值汇率折算),景顺长城基金管理有限公司,招商银行股份有限公司,跨境型ETF,,931722.CSI,,,,,,
2022-12-20,520990.SH,景顺长城中证国新港股通央企红利ETF,20240710,中证国新港股通央企红利指数,中证国新港股通央企红利指数收益率(使用估值汇率折算),景顺长城基金管理有限公司,招商银行股份有限公司,跨境型ETF,,931722.CSI,,,,,,
2022-12-21,520990.SH,景顺长城中证国新港股通央企红利ETF,20240710,中证国新港股通央企红利指数,中证国新港股通央企红利指数收益率(使用估值汇率折算),景顺长城基金管理有限公司,招商银行股份有限公司,跨境型ETF,,931722.CSI,,,,,,
2022-12-22,520990.SH,景顺长城中证国新港股通央企红利ETF,20240710,中证国新港股通央企红利指数,中证国新港股通央企红利指数收益率(使用估值汇率折算),景顺长城基金管理有限公司,招商银行股份有限公司,跨境型ETF,,931722.CSI,,,,,,
2022-12-23,520990.SH,景顺长城中证国新港股通央企红利ETF,20240710,中证国新港股通央企红利指数,中证国新港股通央企红利指数收益率(使用估值汇率折算),景顺长城基金管理有限公司,招商银行股份有限公司,跨境型ETF,,931722.CSI,,,,,,
2022-12-26,520990.SH,景顺长城中证国新港股通央企红利ETF,20240710,中证国新港股通央企红利指数,中证国新港股通央企红利指数收益率(使用估值汇率折算),景顺长城基金管理有限公司,招商银行股份有限公司,跨境型ETF,,931722.CSI,,,,,,
2022-12-27,520990.SH,景顺长城中证国新港股通央企红利ETF,20240710,中证国新港股通央企红利指数,中证国新港股通央企红利指数收益率(使用估值汇率折算),景顺长城基金管理有限公司,招商银行股份有限公司,跨境型ETF,,931722.CSI,,,,,,
2022-12-28,520990.SH,景顺长城中证国新港股通央企红利ETF,20240710,中证国新港股通央企红利指数,中证国新港股通央企红利指数收益率(使用估值汇率折算),景顺长城基金管理有限公司,招商银行股份有限公司,跨境型ETF,,931722.CSI,,,,,,
2022-12-29,520990.SH,景顺长城中证国新港股通央企红利ETF,20240710,中证国新港股通央企红利指数,中证国新港股通央企红利指数收益率(使用估值汇率折算),景顺长城基金管理有限公司,招商银行股份有限公司,跨境型ETF,,931722.CSI,,,,,,
2022-12-30,520990.SH,景顺长城中证国新港股通央企红利ETF,20240710,中证国新港股通央企红利指数,中证国新港股通央企红利指数收益率(使用估值汇率折算),景顺长城基金管理有限公司,招商银行股份有限公司,跨境型ETF,,931722.CSI,,,,,,
2023-01-03,520990.SH,景顺长城中证国新港股通央企红利ETF,20240710,中证国新港股通央企红利指数,中证国新港股通央企红利指数收益率(使用估值汇率折算),景顺长城基金管理有限公司,招商银行股份有限公司,跨境型ETF,,931722.CSI,,,,,,
2023-01-04,520990.SH,景顺长城中证国新港股通央企红利ETF,20240710,中证国新港股通央企红利指数,中证国新港股通央企红利指数收益率(使用估值汇率折算),景顺长城基金管理有限公司,招商银行股份有限公司,跨境型ETF,,931722.CSI,,,,,,
2023-01-05,520990.SH,景顺长城中证国新港股通央企红利ETF,20240710,中证国新港股通央企红利指数,中证国新港股通央企红利指数收益率(使用估值汇率折算),景顺长城基金管理有限公司,招商银行股份有限公司,跨境型ETF,,931722.CSI,,,,,,
2023-01-06,520990.SH,景顺长城中证国新港股通央企红利ETF,20240710,中证国新港股通央企红利指数,中证国新港股通央企红利指数收益率(使用估值汇率折算),景顺长城基金管理有限公司,招商银行股份有限公司,跨境型ETF,,931722.CSI,,,,,,
2023-01-09,520990.SH,景顺长城中证国新港股通央企红利ETF,20240710,中证国新港股通央企红利指数,中证国新港股通央企红利指数收益率(使用估值汇率折算),景顺长城基金管理有限公司,招商银行股份有限公司,跨境型ETF,,931722.CSI,,,,,,
2023-01-10,520990.SH,景顺长城中证国新港股通央企红利ETF,20240710,中证国新港股通央企红利指数,中证国新港股通央企红利指数收益率(使用估值汇率折算),景顺长城基金管理有限公司,招商银行股份有限公司,跨境型ETF,,931722.CSI,,,,,,
2023-01-11,520990.SH,景顺长城中证国新港股通央企红利ETF,20240710,中证国新港股通央企红利指数,中证国新港股通央企红利指数收益率(使用估值汇率折算),景顺长城基金管理有限公司,招商银行股份有限公司,跨境型ETF,,931722.CSI,,,,,,
2023-01-12,520990.SH,景顺长城中证国新港股通央企红利ETF,20240710,中证国新港股通央企红利指数,中证国新港股通央企红利指数收益率(使用估值汇率折算),景顺长城基金管理有限公司,招商银行股份有限公司,跨境型ETF,,931722.CSI,,,,,,
2023-01-13,520990.SH,景顺长城中证国新港股通央企红利ETF,20240710,中证国新港股通央企红利指数,中证国新港股通央企红利指数收益率(使用估值汇率折算),景顺长城基金管理有限公司,招商银行股份有限公司,跨境型ETF,,931722.CSI,,,,,,
2023-01-16,520990.SH,景顺长城中证国新港股通央企红利ETF,20240710,中证国新港股通央企红利指数,中证国新港股通央企红利指数收益率(使用估值汇率折算),景顺长城基金管理有限公司,招商银行股份有限公司,跨境型ETF,,931722.CSI,,,,,,
2023-01-17,520990.SH,景顺长城中证国新港股通央企红利ETF,20240710,中证国新港股通央企红利指数,中证国新港股通央企红利指数收益率(使用估值汇率折算),景顺长城基金管理有限公司,招商银行股份有限公司,跨境型ETF,,931722.CSI,,,,,,
2023-01-18,520990.SH,景顺长城中证国新港股通央企红利ETF,20240710,中证国新港股通央企红利指数,中证国新港股通央企红利指数收益率(使用估值汇率折算),景顺长城基金管理有限公司,招商银行股份有限公司,跨境型ETF,,931722.CSI,,,,,,
2023-01-19,520990.SH,景顺长城中证国新港股通央企红利ETF,20240710,中证国新港股通央企红利指数,中证国新港股通央企红利指数收益率(使用估值汇率折算),景顺长城基金管理有限公司,招商银行股份有限公司,跨境型ETF,,931722.CSI,,,,,,
2023-01-20,520990.SH,景顺长城中证国新港股通央企红利ETF,20240710,中证国新港股通央企红利指数,中证国新港股通央企红利指数收益率(使用估值汇率折算),景顺长城基金管理有限公司,招商银行股份有限公司,跨境型ETF,,931722.CSI,,,,,,
2023-01-30,520990.SH,景顺长城中证国新港股通央企红利ETF,20240710,中证国新港股通央企红利指数,中证国新港股通央企红利指数收益率(使用估值汇率折算),景顺长城基金管理有限公司,招商银行股份有限公司,跨境型ETF,,931722.CSI,,,,,,
2023-01-31,520990.SH,景顺长城中证国新港股通央企红利ETF,20240710,中证国新港股通央企红利指数,中证国新港股通央企红利指数收益率(使用估值汇率折算),景顺长城基金管理有限公司,招商银行股份有限公司,跨境型ETF,,931722.CSI,,,,,,
2023-02-01,520990.SH,景顺长城中证国新港股通央企红利ETF,20240710,中证国新港股通央企红利指数,中证国新港股通央企红利指数收益率(使用估值汇率折算),景顺长城基金管理有限公司,招商银行股份有限公司,跨境型ETF,,931722.CSI,,,,,,
2023-02-02,520990.SH,景顺长城中证国新港股通央企红利ETF,20240710,中证国新港股通央企红利指数,中证国新港股通央企红利指数收益率(使用估值汇率折算),景顺长城基金管理有限公司,招商银行股份有限公司,跨境型ETF,,931722.CSI,,,,,,
2023-02-03,520990.SH,景顺长城中证国新港股通央企红利ETF,20240710,中证国新港股通央企红利指数,中证国新港股通央企红利指数收益率(使用估值汇率折算),景顺长城基金管理有限公司,招商银行股份有限公司,跨境型ETF,,931722.CSI,,,,,,
2023-02-06,520990.SH,景顺长城中证国新港股通央企红利ETF,20240710,中证国新港股通央企红利指数,中证国新港股通央企红利指数收益率(使用估值汇率折算),景顺长城基金管理有限公司,招商银行股份有限公司,跨境型ETF,,931722.CSI,,,,,,
2023-02-07,520990.SH,景顺长城中证国新港股通央企红利ETF,20240710,中证国新港股通央企红利指数,中证国新港股通央企红利指数收益率(使用估值汇率折算),景顺长城基金管理有限公司,招商银行股份有限公司,跨境型ETF,,931722.CSI,,,,,,
2023-02-08,520990.SH,景顺长城中证国新港股通央企红利ETF,20240710,中证国新港股通央企红利指数,中证国新港股通央企红利指数收益率(使用估值汇率折算),景顺长城基金管理有限公司,招商银行股份有限公司,跨境型ETF,,931722.CSI,,,,,,
2023-02-09,520990.SH,景顺长城中证国新港股通央企红利ETF,20240710,中证国新港股通央企红利指数,中证国新港股通央企红利指数收益率(使用估值汇率折算),景顺长城基金管理有限公司,招商银行股份有限公司,跨境型ETF,,931722.CSI,,,,,,
2023-02-10,520990.SH,景顺长城中证国新港股通央企红利ETF,20240710,中证国新港股通央企红利指数,中证国新港股通央企红利指数收益率(使用估值汇率折算),景顺长城基金管理有限公司,招商银行股份有限公司,跨境型ETF,,931722.CSI,,,,,,
2023-02-13,520990.SH,景顺长城中证国新港股通央企红利ETF,20240710,中证国新港股通央企红利指数,中证国新港股通央企红利指数收益率(使用估值汇率折算),景顺长城基金管理有限公司,招商银行股份有限公司,跨境型ETF,,931722.CSI,,,,,,
2023-02-14,520990.SH,景顺长城中证国新港股通央企红利ETF,20240710,中证国新港股通央企红利指数,中证国新港股通央企红利指数收益率(使用估值汇率折算),景顺长城基金管理有限公司,招商银行股份有限公司,跨境型ETF,,931722.CSI,,,,,,
2023-02-15,520990.SH,景顺长城中证国新港股通央企红利ETF,20240710,中证国新港股通央企红利指数,中证国新港股通央企红利指数收益率(使用估值汇率折算),景顺长城基金管理有限公司,招商银行股份有限公司,跨境型ETF,,931722.CSI,,,,,,
2023-02-16,520990.SH,景顺长城中证国新港股通央企红利ETF,20240710,中证国新港股通央企红利指数,中证国新港股通央企红利指数收益率(使用估值汇率折算),景顺长城基金管理有限公司,招商银行股份有限公司,跨境型ETF,,931722.CSI,,,,,,
2023-02-17,520990.SH,景顺长城中证国新港股通央企红利ETF,20240710,中证国新港股通央企红利指数,中证国新港股通央企红利指数收益率(使用估值汇率折算),景顺长城基金管理有限公司,招商银行股份有限公司,跨境型ETF,,931722.CSI,,,,,,
2023-02-20,520990.SH,景顺长城中证国新港股通央企红利ETF,20240710,中证国新港股通央企红利指数,中证国新港股通央企红利指数收益率(使用估值汇率折算),景顺长城基金管理有限公司,招商银行股份有限公司,跨境型ETF,,931722.CSI,,,,,,
2023-02-21,520990.SH,景顺长城中证国新港股通央企红利ETF,20240710,中证国新港股通央企红利指数,中证国新港股通央企红利指数收益率(使用估值汇率折算),景顺长城基金管理有限公司,招商银行股份有限公司,跨境型ETF,,931722.CSI,,,,,,
2023-02-22,520990.SH,景顺长城中证国新港股通央企红利ETF,20240710,中证国新港股通央企红利指数,中证国新港股通央企红利指数收益率(使用估值汇率折算),景顺长城基金管理有限公司,招商银行股份有限公司,跨境型ETF,,931722.CSI,,,,,,
2023-02-23,520990.SH,景顺长城中证国新港股通央企红利ETF,20240710,中证国新港股通央企红利指数,中证国新港股通央企红利指数收益率(使用估值汇率折算),景顺长城基金管理有限公司,招商银行股份有限公司,跨境型ETF,,931722.CSI,,,,,,
2023-02-24,520990.SH,景顺长城中证国新港股通央企红利ETF,20240710,中证国新港股通央企红利指数,中证国新港股通央企红利指数收益率(使用估值汇率折算),景顺长城基金管理有限公司,招商银行股份有限公司,跨境型ETF,,931722.CSI,,,,,,
2023-02-27,520990.SH,景顺长城中证国新港股通央企红利ETF,20240710,中证国新港股通央企红利指数,中证国新港股通央企红利指数收益率(使用估值汇率折算),景顺长城基金管理有限公司,招商银行股份有限公司,跨境型ETF,,931722.CSI,,,,,,
2023-02-28,520990.SH,景顺长城中证国新港股通央企红利ETF,20240710,中证国新港股通央企红利指数,中证国新港股通央企红利指数收益率(使用估值汇率折算),景顺长城基金管理有限公司,招商银行股份有限公司,跨境型ETF,,931722.CSI,,,,,,
2023-03-01,520990.SH,景顺长城中证国新港股通央企红利ETF,20240710,中证国新港股通央企红利指数,中证国新港股通央企红利指数收益率(使用估值汇率折算),景顺长城基金管理有限公司,招商银行股份有限公司,跨境型ETF,,931722.CSI,,,,,,
2023-03-02,520990.SH,景顺长城中证国新港股通央企红利ETF,20240710,中证国新港股通央企红利指数,中证国新港股通央企红利指数收益率(使用估值汇率折算),景顺长城基金管理有限公司,招商银行股份有限公司,跨境型ETF,,931722.CSI,,,,,,
2023-03-03,520990.SH,景顺长城中证国新港股通央企红利ETF,20240710,中证国新港股通央企红利指数,中证国新港股通央企红利指数收益率(使用估值汇率折算),景顺长城基金管理有限公司,招商银行股份有限公司,跨境型ETF,,931722.CSI,,,,,,
2023-03-06,520990.SH,景顺长城中证国新港股通央企红利ETF,20240710,中证国新港股通央企红利指数,中证国新港股通央企红利指数收益率(使用估值汇率折算),景顺长城基金管理有限公司,招商银行股份有限公司,跨境型ETF,,931722.CSI,,,,,,
2023-03-07,520990.SH,景顺长城中证国新港股通央企红利ETF,20240710,中证国新港股通央企红利指数,中证国新港股通央企红利指数收益率(使用估值汇率折算),景顺长城基金管理有限公司,招商银行股份有限公司,跨境型ETF,,931722.CSI,,,,,,
2023-03-08,520990.SH,景顺长城中证国新港股通央企红利ETF,20240710,中证国新港股通央企红利指数,中证国新港股通央企红利指数收益率(使用估值汇率折算),景顺长城基金管理有限公司,招商银行股份有限公司,跨境型ETF,,931722.CSI,,,,,,
2023-03-09,520990.SH,景顺长城中证国新港股通央企红利ETF,20240710,中证国新港股通央企红利指数,中证国新港股通央企红利指数收益率(使用估值汇率折算),景顺长城基金管理有限公司,招商银行股份有限公司,跨境型ETF,,931722.CSI,,,,,,
2023-03-10,520990.SH,景顺长城中证国新港股通央企红利ETF,20240710,中证国新港股通央企红利指数,中证国新港股通央企红利指数收益率(使用估值汇率折算),景顺长城基金管理有限公司,招商银行股份有限公司,跨境型ETF,,931722.CSI,,,,,,
2023-03-13,520990.SH,景顺长城中证国新港股通央企红利ETF,20240710,中证国新港股通央企红利指数,中证国新港股通央企红利指数收益率(使用估值汇率折算),景顺长城基金管理有限公司,招商银行股份有限公司,跨境型ETF,,931722.CSI,,,,,,
2023-03-14,520990.SH,景顺长城中证国新港股通央企红利ETF,20240710,中证国新港股通央企红利指数,中证国新港股通央企红利指数收益率(使用估值汇率折算),景顺长城基金管理有限公司,招商银行股份有限公司,跨境型ETF,,931722.CSI,,,,,,
2023-03-15,520990.SH,景顺长城中证国新港股通央企红利ETF,20240710,中证国新港股通央企红利指数,中证国新港股通央企红利指数收益率(使用估值汇率折算),景顺长城基金管理有限公司,招商银行股份有限公司,跨境型ETF,,931722.CSI,,,,,,
2023-03-16,520990.SH,景顺长城中证国新港股通央企红利ETF,20240710,中证国新港股通央企红利指数,中证国新港股通央企红利指数收益率(使用估值汇率折算),景顺长城基金管理有限公司,招商银行股份有限公司,跨境型ETF,,931722.CSI,,,,,,
2023-03-17,520990.SH,景顺长城中证国新港股通央企红利ETF,20240710,中证国新港股通央企红利指数,中证国新港股通央企红利指数收益率(使用估值汇率折算),景顺长城基金管理有限公司,招商银行股份有限公司,跨境型ETF,,931722.CSI,,,,,,
2023-03-20,520990.SH,景顺长城中证国新港股通央企红利ETF,20240710,中证国新港股通央企红利指数,中证国新港股通央企红利指数收益率(使用估值汇率折算),景顺长城基金管理有限公司,招商银行股份有限公司,跨境型ETF,,931722.CSI,,,,,,
2023-03-21,520990.SH,景顺长城中证国新港股通央企红利ETF,20240710,中证国新港股通央企红利指数,中证国新港股通央企红利指数收益率(使用估值汇率折算),景顺长城基金管理有限公司,招商银行股份有限公司,跨境型ETF,,931722.CSI,,,,,,
2023-03-22,520990.SH,景顺长城中证国新港股通央企红利ETF,20240710,中证国新港股通央企红利指数,中证国新港股通央企红利指数收益率(使用估值汇率折算),景顺长城基金管理有限公司,招商银行股份有限公司,跨境型ETF,,931722.CSI,,,,,,
2023-03-23,520990.SH,景顺长城中证国新港股通央企红利ETF,20240710,中证国新港股通央企红利指数,中证国新港股通央企红利指数收益率(使用估值汇率折算),景顺长城基金管理有限公司,招商银行股份有限公司,跨境型ETF,,931722.CSI,,,,,,
2023-03-24,520990.SH,景顺长城中证国新港股通央企红利ETF,20240710,中证国新港股通央企红利指数,中证国新港股通央企红利指数收益率(使用估值汇率折算),景顺长城基金管理有限公司,招商银行股份有限公司,跨境型ETF,,931722.CSI,,,,,,
2023-03-27,520990.SH,景顺长城中证国新港股通央企红利ETF,20240710,中证国新港股通央企红利指数,中证国新港股通央企红利指数收益率(使用估值汇率折算),景顺长城基金管理有限公司,招商银行股份有限公司,跨境型ETF,,931722.CSI,,,,,,
2023-03-28,520990.SH,景顺长城中证国新港股通央企红利ETF,20240710,中证国新港股通央企红利指数,中证国新港股通央企红利指数收益率(使用估值汇率折算),景顺长城基金管理有限公司,招商银行股份有限公司,跨境型ETF,,931722.CSI,,,,,,
2023-03-29,520990.SH,景顺长城中证国新港股通央企红利ETF,20240710,中证国新港股通央企红利指数,中证国新港股通央企红利指数收益率(使用估值汇率折算),景顺长城基金管理有限公司,招商银行股份有限公司,跨境型ETF,,931722.CSI,,,,,,
2023-03-30,520990.SH,景顺长城中证国新港股通央企红利ETF,20240710,中证国新港股通央企红利指数,中证国新港股通央企红利指数收益率(使用估值汇率折算),景顺长城基金管理有限公司,招商银行股份有限公司,跨境型ETF,,931722.CSI,,,,,,
2023-03-31,520990.SH,景顺长城中证国新港股通央企红利ETF,20240710,中证国新港股通央企红利指数,中证国新港股通央企红利指数收益率(使用估值汇率折算),景顺长城基金管理有限公司,招商银行股份有限公司,跨境型ETF,,931722.CSI,,,,,,
2023-04-03,520990.SH,景顺长城中证国新港股通央企红利ETF,20240710,中证国新港股通央企红利指数,中证国新港股通央企红利指数收益率(使用估值汇率折算),景顺长城基金管理有限公司,招商银行股份有限公司,跨境型ETF,,931722.CSI,,,,,,
2023-04-04,520990.SH,景顺长城中证国新港股通央企红利ETF,20240710,中证国新港股通央企红利指数,中证国新港股通央企红利指数收益率(使用估值汇率折算),景顺长城基金管理有限公司,招商银行股份有限公司,跨境型ETF,,931722.CSI,,,,,,
2023-04-06,520990.SH,景顺长城中证国新港股通央企红利ETF,20240710,中证国新港股通央企红利指数,中证国新港股通央企红利指数收益率(使用估值汇率折算),景顺长城基金管理有限公司,招商银行股份有限公司,跨境型ETF,,931722.CSI,,,,,,
2023-04-07,520990.SH,景顺长城中证国新港股通央企红利ETF,20240710,中证国新港股通央企红利指数,中证国新港股通央企红利指数收益率(使用估值汇率折算),景顺长城基金管理有限公司,招商银行股份有限公司,跨境型ETF,,931722.CSI,,,,,,
2023-04-10,520990.SH,景顺长城中证国新港股通央企红利ETF,20240710,中证国新港股通央企红利指数,中证国新港股通央企红利指数收益率(使用估值汇率折算),景顺长城基金管理有限公司,招商银行股份有限公司,跨境型ETF,,931722.CSI,,,,,,
2023-04-11,520990.SH,景顺长城中证国新港股通央企红利ETF,20240710,中证国新港股通央企红利指数,中证国新港股通央企红利指数收益率(使用估值汇率折算),景顺长城基金管理有限公司,招商银行股份有限公司,跨境型ETF,,931722.CSI,,,,,,
2023-04-12,520990.SH,景顺长城中证国新港股通央企红利ETF,20240710,中证国新港股通央企红利指数,中证国新港股通央企红利指数收益率(使用估值汇率折算),景顺长城基金管理有限公司,招商银行股份有限公司,跨境型ETF,,931722.CSI,,,,,,
2023-04-13,520990.SH,景顺长城中证国新港股通央企红利ETF,20240710,中证国新港股通央企红利指数,中证国新港股通央企红利指数收益率(使用估值汇率折算),景顺长城基金管理有限公司,招商银行股份有限公司,跨境型ETF,,931722.CSI,,,,,,
2023-04-14,520990.SH,景顺长城中证国新港股通央企红利ETF,20240710,中证国新港股通央企红利指数,中证国新港股通央企红利指数收益率(使用估值汇率折算),景顺长城基金管理有限公司,招商银行股份有限公司,跨境型ETF,,931722.CSI,,,,,,
2023-04-17,520990.SH,景顺长城中证国新港股通央企红利ETF,20240710,中证国新港股通央企红利指数,中证国新港股通央企红利指数收益率(使用估值汇率折算),景顺长城基金管理有限公司,招商银行股份有限公司,跨境型ETF,,931722.CSI,,,,,,
2023-04-18,520990.SH,景顺长城中证国新港股通央企红利ETF,20240710,中证国新港股通央企红利指数,中证国新港股通央企红利指数收益率(使用估值汇率折算),景顺长城基金管理有限公司,招商银行股份有限公司,跨境型ETF,,931722.CSI,,,,,,
2023-04-19,520990.SH,景顺长城中证国新港股通央企红利ETF,20240710,中证国新港股通央企红利指数,中证国新港股通央企红利指数收益率(使用估值汇率折算),景顺长城基金管理有限公司,招商银行股份有限公司,跨境型ETF,,931722.CSI,,,,,,
2023-04-20,520990.SH,景顺长城中证国新港股通央企红利ETF,20240710,中证国新港股通央企红利指数,中证国新港股通央企红利指数收益率(使用估值汇率折算),景顺长城基金管理有限公司,招商银行股份有限公司,跨境型ETF,,931722.CSI,,,,,,
2023-04-21,520990.SH,景顺长城中证国新港股通央企红利ETF,20240710,中证国新港股通央企红利指数,中证国新港股通央企红利指数收益率(使用估值汇率折算),景顺长城基金管理有限公司,招商银行股份有限公司,跨境型ETF,,931722.CSI,,,,,,
2023-04-24,520990.SH,景顺长城中证国新港股通央企红利ETF,20240710,中证国新港股通央企红利指数,中证国新港股通央企红利指数收益率(使用估值汇率折算),景顺长城基金管理有限公司,招商银行股份有限公司,跨境型ETF,,931722.CSI,,,,,,
2023-04-25,520990.SH,景顺长城中证国新港股通央企红利ETF,20240710,中证国新港股通央企红利指数,中证国新港股通央企红利指数收益率(使用估值汇率折算),景顺长城基金管理有限公司,招商银行股份有限公司,跨境型ETF,,931722.CSI,,,,,,
2023-04-26,520990.SH,景顺长城中证国新港股通央企红利ETF,20240710,中证国新港股通央企红利指数,中证国新港股通央企红利指数收益率(使用估值汇率折算),景顺长城基金管理有限公司,招商银行股份有限公司,跨境型ETF,,931722.CSI,,,,,,
2023-04-27,520990.SH,景顺长城中证国新港股通央企红利ETF,20240710,中证国新港股通央企红利指数,中证国新港股通央企红利指数收益率(使用估值汇率折算),景顺长城基金管理有限公司,招商银行股份有限公司,跨境型ETF,,931722.CSI,,,,,,
2023-04-28,520990.SH,景顺长城中证国新港股通央企红利ETF,20240710,中证国新港股通央企红利指数,中证国新港股通央企红利指数收益率(使用估值汇率折算),景顺长城基金管理有限公司,招商银行股份有限公司,跨境型ETF,,931722.CSI,,,,,,
2023-05-04,520990.SH,景顺长城中证国新港股通央企红利ETF,20240710,中证国新港股通央企红利指数,中证国新港股通央企红利指数收益率(使用估值汇率折算),景顺长城基金管理有限公司,招商银行股份有限公司,跨境型ETF,,931722.CSI,,,,,,
2023-05-05,520990.SH,景顺长城中证国新港股通央企红利ETF,20240710,中证国新港股通央企红利指数,中证国新港股通央企红利指数收益率(使用估值汇率折算),景顺长城基金管理有限公司,招商银行股份有限公司,跨境型ETF,,931722.CSI,,,,,,
2023-05-08,520990.SH,景顺长城中证国新港股通央企红利ETF,20240710,中证国新港股通央企红利指数,中证国新港股通央企红利指数收益率(使用估值汇率折算),景顺长城基金管理有限公司,招商银行股份有限公司,跨境型ETF,,931722.CSI,,,,,,
2023-05-09,520990.SH,景顺长城中证国新港股通央企红利ETF,20240710,中证国新港股通央企红利指数,中证国新港股通央企红利指数收益率(使用估值汇率折算),景顺长城基金管理有限公司,招商银行股份有限公司,跨境型ETF,,931722.CSI,,,,,,
2023-05-10,520990.SH,景顺长城中证国新港股通央企红利ETF,20240710,中证国新港股通央企红利指数,中证国新港股通央企红利指数收益率(使用估值汇率折算),景顺长城基金管理有限公司,招商银行股份有限公司,跨境型ETF,,931722.CSI,,,,,,
2023-05-11,520990.SH,景顺长城中证国新港股通央企红利ETF,20240710,中证国新港股通央企红利指数,中证国新港股通央企红利指数收益率(使用估值汇率折算),景顺长城基金管理有限公司,招商银行股份有限公司,跨境型ETF,,931722.CSI,,,,,,
2023-05-12,520990.SH,景顺长城中证国新港股通央企红利ETF,20240710,中证国新港股通央企红利指数,中证国新港股通央企红利指数收益率(使用估值汇率折算),景顺长城基金管理有限公司,招商银行股份有限公司,跨境型ETF,,931722.CSI,,,,,,
2023-05-15,520990.SH,景顺长城中证国新港股通央企红利ETF,20240710,中证国新港股通央企红利指数,中证国新港股通央企红利指数收益率(使用估值汇率折算),景顺长城基金管理有限公司,招商银行股份有限公司,跨境型ETF,,931722.CSI,,,,,,
2023-05-16,520990.SH,景顺长城中证国新港股通央企红利ETF,20240710,中证国新港股通央企红利指数,中证国新港股通央企红利指数收益率(使用估值汇率折算),景顺长城基金管理有限公司,招商银行股份有限公司,跨境型ETF,,931722.CSI,,,,,,
2023-05-17,520990.SH,景顺长城中证国新港股通央企红利ETF,20240710,中证国新港股通央企红利指数,中证国新港股通央企红利指数收益率(使用估值汇率折算),景顺长城基金管理有限公司,招商银行股份有限公司,跨境型ETF,,931722.CSI,,,,,,
2023-05-18,520990.SH,景顺长城中证国新港股通央企红利ETF,20240710,中证国新港股通央企红利指数,中证国新港股通央企红利指数收益率(使用估值汇率折算),景顺长城基金管理有限公司,招商银行股份有限公司,跨境型ETF,,931722.CSI,,,,,,
2023-05-19,520990.SH,景顺长城中证国新港股通央企红利ETF,20240710,中证国新港股通央企红利指数,中证国新港股通央企红利指数收益率(使用估值汇率折算),景顺长城基金管理有限公司,招商银行股份有限公司,跨境型ETF,,931722.CSI,,,,,,
2023-05-22,520990.SH,景顺长城中证国新港股通央企红利ETF,20240710,中证国新港股通央企红利指数,中证国新港股通央企红利指数收益率(使用估值汇率折算),景顺长城基金管理有限公司,招商银行股份有限公司,跨境型ETF,,931722.CSI,,,,,,
2023-05-23,520990.SH,景顺长城中证国新港股通央企红利ETF,20240710,中证国新港股通央企红利指数,中证国新港股通央企红利指数收益率(使用估值汇率折算),景顺长城基金管理有限公司,招商银行股份有限公司,跨境型ETF,,931722.CSI,,,,,,
2023-05-24,520990.SH,景顺长城中证国新港股通央企红利ETF,20240710,中证国新港股通央企红利指数,中证国新港股通央企红利指数收益率(使用估值汇率折算),景顺长城基金管理有限公司,招商银行股份有限公司,跨境型ETF,,931722.CSI,,,,,,
2023-05-25,520990.SH,景顺长城中证国新港股通央企红利ETF,20240710,中证国新港股通央企红利指数,中证国新港股通央企红利指数收益率(使用估值汇率折算),景顺长城基金管理有限公司,招商银行股份有限公司,跨境型ETF,,931722.CSI,,,,,,
2023-05-26,520990.SH,景顺长城中证国新港股通央企红利ETF,20240710,中证国新港股通央企红利指数,中证国新港股通央企红利指数收益率(使用估值汇率折算),景顺长城基金管理有限公司,招商银行股份有限公司,跨境型ETF,,931722.CSI,,,,,,
2023-05-29,520990.SH,景顺长城中证国新港股通央企红利ETF,20240710,中证国新港股通央企红利指数,中证国新港股通央企红利指数收益率(使用估值汇率折算),景顺长城基金管理有限公司,招商银行股份有限公司,跨境型ETF,,931722.CSI,,,,,,
2023-05-30,520990.SH,景顺长城中证国新港股通央企红利ETF,20240710,中证国新港股通央企红利指数,中证国新港股通央企红利指数收益率(使用估值汇率折算),景顺长城基金管理有限公司,招商银行股份有限公司,跨境型ETF,,931722.CSI,,,,,,
2023-05-31,520990.SH,景顺长城中证国新港股通央企红利ETF,20240710,中证国新港股通央企红利指数,中证国新港股通央企红利指数收益率(使用估值汇率折算),景顺长城基金管理有限公司,招商银行股份有限公司,跨境型ETF,,931722.CSI,,,,,,
2023-06-01,520990.SH,景顺长城中证国新港股通央企红利ETF,20240710,中证国新港股通央企红利指数,中证国新港股通央企红利指数收益率(使用估值汇率折算),景顺长城基金管理有限公司,招商银行股份有限公司,跨境型ETF,,931722.CSI,,,,,,
2023-06-02,520990.SH,景顺长城中证国新港股通央企红利ETF,20240710,中证国新港股通央企红利指数,中证国新港股通央企红利指数收益率(使用估值汇率折算),景顺长城基金管理有限公司,招商银行股份有限公司,跨境型ETF,,931722.CSI,,,,,,
2023-06-05,520990.SH,景顺长城中证国新港股通央企红利ETF,20240710,中证国新港股通央企红利指数,中证国新港股通央企红利指数收益率(使用估值汇率折算),景顺长城基金管理有限公司,招商银行股份有限公司,跨境型ETF,,931722.CSI,,,,,,
2023-06-06,520990.SH,景顺长城中证国新港股通央企红利ETF,20240710,中证国新港股通央企红利指数,中证国新港股通央企红利指数收益率(使用估值汇率折算),景顺长城基金管理有限公司,招商银行股份有限公司,跨境型ETF,,931722.CSI,,,,,,
2023-06-07,520990.SH,景顺长城中证国新港股通央企红利ETF,20240710,中证国新港股通央企红利指数,中证国新港股通央企红利指数收益率(使用估值汇率折算),景顺长城基金管理有限公司,招商银行股份有限公司,跨境型ETF,,931722.CSI,,,,,,
2023-06-08,520990.SH,景顺长城中证国新港股通央企红利ETF,20240710,中证国新港股通央企红利指数,中证国新港股通央企红利指数收益率(使用估值汇率折算),景顺长城基金管理有限公司,招商银行股份有限公司,跨境型ETF,,931722.CSI,,,,,,
2023-06-09,520990.SH,景顺长城中证国新港股通央企红利ETF,20240710,中证国新港股通央企红利指数,中证国新港股通央企红利指数收益率(使用估值汇率折算),景顺长城基金管理有限公司,招商银行股份有限公司,跨境型ETF,,931722.CSI,,,,,,
2023-06-12,520990.SH,景顺长城中证国新港股通央企红利ETF,20240710,中证国新港股通央企红利指数,中证国新港股通央企红利指数收益率(使用估值汇率折算),景顺长城基金管理有限公司,招商银行股份有限公司,跨境型ETF,,931722.CSI,,,,,,
2023-06-13,520990.SH,景顺长城中证国新港股通央企红利ETF,20240710,中证国新港股通央企红利指数,中证国新港股通央企红利指数收益率(使用估值汇率折算),景顺长城基金管理有限公司,招商银行股份有限公司,跨境型ETF,,931722.CSI,,,,,,
2023-06-14,520990.SH,景顺长城中证国新港股通央企红利ETF,20240710,中证国新港股通央企红利指数,中证国新港股通央企红利指数收益率(使用估值汇率折算),景顺长城基金管理有限公司,招商银行股份有限公司,跨境型ETF,,931722.CSI,,,,,,
2023-06-15,520990.SH,景顺长城中证国新港股通央企红利ETF,20240710,中证国新港股通央企红利指数,中证国新港股通央企红利指数收益率(使用估值汇率折算),景顺长城基金管理有限公司,招商银行股份有限公司,跨境型ETF,,931722.CSI,,,,,,
2023-06-16,520990.SH,景顺长城中证国新港股通央企红利ETF,20240710,中证国新港股通央企红利指数,中证国新港股通央企红利指数收益率(使用估值汇率折算),景顺长城基金管理有限公司,招商银行股份有限公司,跨境型ETF,,931722.CSI,,,,,,
2023-06-19,520990.SH,景顺长城中证国新港股通央企红利ETF,20240710,中证国新港股通央企红利指数,中证国新港股通央企红利指数收益率(使用估值汇率折算),景顺长城基金管理有限公司,招商银行股份有限公司,跨境型ETF,,931722.CSI,,,,,,
2023-06-20,520990.SH,景顺长城中证国新港股通央企红利ETF,20240710,中证国新港股通央企红利指数,中证国新港股通央企红利指数收益率(使用估值汇率折算),景顺长城基金管理有限公司,招商银行股份有限公司,跨境型ETF,,931722.CSI,,,,,,
2023-06-21,520990.SH,景顺长城中证国新港股通央企红利ETF,20240710,中证国新港股通央企红利指数,中证国新港股通央企红利指数收益率(使用估值汇率折算),景顺长城基金管理有限公司,招商银行股份有限公司,跨境型ETF,,931722.CSI,,,,,,
2023-06-26,520990.SH,景顺长城中证国新港股通央企红利ETF,20240710,中证国新港股通央企红利指数,中证国新港股通央企红利指数收益率(使用估值汇率折算),景顺长城基金管理有限公司,招商银行股份有限公司,跨境型ETF,,931722.CSI,,,,,,
2023-06-27,520990.SH,景顺长城中证国新港股通央企红利ETF,20240710,中证国新港股通央企红利指数,中证国新港股通央企红利指数收益率(使用估值汇率折算),景顺长城基金管理有限公司,招商银行股份有限公司,跨境型ETF,,931722.CSI,,,,,,
2023-06-28,520990.SH,景顺长城中证国新港股通央企红利ETF,20240710,中证国新港股通央企红利指数,中证国新港股通央企红利指数收益率(使用估值汇率折算),景顺长城基金管理有限公司,招商银行股份有限公司,跨境型ETF,,931722.CSI,,,,,,
2023-06-29,520990.SH,景顺长城中证国新港股通央企红利ETF,20240710,中证国新港股通央企红利指数,中证国新港股通央企红利指数收益率(使用估值汇率折算),景顺长城基金管理有限公司,招商银行股份有限公司,跨境型ETF,,931722.CSI,,,,,,
2023-06-30,520990.SH,景顺长城中证国新港股通央企红利ETF,20240710,中证国新港股通央企红利指数,中证国新港股通央企红利指数收益率(使用估值汇率折算),景顺长城基金管理有限公司,招商银行股份有限公司,跨境型ETF,,931722.CSI,,,,,,
2023-07-03,520990.SH,景顺长城中证国新港股通央企红利ETF,20240710,中证国新港股通央企红利指数,中证国新港股通央企红利指数收益率(使用估值汇率折算),景顺长城基金管理有限公司,招商银行股份有限公司,跨境型ETF,,931722.CSI,,,,,,
2023-07-04,520990.SH,景顺长城中证国新港股通央企红利ETF,20240710,中证国新港股通央企红利指数,中证国新港股通央企红利指数收益率(使用估值汇率折算),景顺长城基金管理有限公司,招商银行股份有限公司,跨境型ETF,,931722.CSI,,,,,,
2023-07-05,520990.SH,景顺长城中证国新港股通央企红利ETF,20240710,中证国新港股通央企红利指数,中证国新港股通央企红利指数收益率(使用估值汇率折算),景顺长城基金管理有限公司,招商银行股份有限公司,跨境型ETF,,931722.CSI,,,,,,
2023-07-06,520990.SH,景顺长城中证国新港股通央企红利ETF,20240710,中证国新港股通央企红利指数,中证国新港股通央企红利指数收益率(使用估值汇率折算),景顺长城基金管理有限公司,招商银行股份有限公司,跨境型ETF,,931722.CSI,,,,,,
2023-07-07,520990.SH,景顺长城中证国新港股通央企红利ETF,20240710,中证国新港股通央企红利指数,中证国新港股通央企红利指数收益率(使用估值汇率折算),景顺长城基金管理有限公司,招商银行股份有限公司,跨境型ETF,,931722.CSI,,,,,,
2023-07-10,520990.SH,景顺长城中证国新港股通央企红利ETF,20240710,中证国新港股通央企红利指数,中证国新港股通央企红利指数收益率(使用估值汇率折算),景顺长城基金管理有限公司,招商银行股份有限公司,跨境型ETF,,931722.CSI,,,,,,
2023-07-11,520990.SH,景顺长城中证国新港股通央企红利ETF,20240710,中证国新港股通央企红利指数,中证国新港股通央企红利指数收益率(使用估值汇率折算),景顺长城基金管理有限公司,招商银行股份有限公司,跨境型ETF,,931722.CSI,,,,,,
2023-07-12,520990.SH,景顺长城中证国新港股通央企红利ETF,20240710,中证国新港股通央企红利指数,中证国新港股通央企红利指数收益率(使用估值汇率折算),景顺长城基金管理有限公司,招商银行股份有限公司,跨境型ETF,,931722.CSI,,,,,,
2023-07-13,520990.SH,景顺长城中证国新港股通央企红利ETF,20240710,中证国新港股通央企红利指数,中证国新港股通央企红利指数收益率(使用估值汇率折算),景顺长城基金管理有限公司,招商银行股份有限公司,跨境型ETF,,931722.CSI,,,,,,
2023-07-14,520990.SH,景顺长城中证国新港股通央企红利ETF,20240710,中证国新港股通央企红利指数,中证国新港股通央企红利指数收益率(使用估值汇率折算),景顺长城基金管理有限公司,招商银行股份有限公司,跨境型ETF,,931722.CSI,,,,,,
2023-07-17,520990.SH,景顺长城中证国新港股通央企红利ETF,20240710,中证国新港股通央企红利指数,中证国新港股通央企红利指数收益率(使用估值汇率折算),景顺长城基金管理有限公司,招商银行股份有限公司,跨境型ETF,,931722.CSI,,,,,,
2023-07-18,520990.SH,景顺长城中证国新港股通央企红利ETF,20240710,中证国新港股通央企红利指数,中证国新港股通央企红利指数收益率(使用估值汇率折算),景顺长城基金管理有限公司,招商银行股份有限公司,跨境型ETF,,931722.CSI,,,,,,
2023-07-19,520990.SH,景顺长城中证国新港股通央企红利ETF,20240710,中证国新港股通央企红利指数,中证国新港股通央企红利指数收益率(使用估值汇率折算),景顺长城基金管理有限公司,招商银行股份有限公司,跨境型ETF,,931722.CSI,,,,,,
2023-07-20,520990.SH,景顺长城中证国新港股通央企红利ETF,20240710,中证国新港股通央企红利指数,中证国新港股通央企红利指数收益率(使用估值汇率折算),景顺长城基金管理有限公司,招商银行股份有限公司,跨境型ETF,,931722.CSI,,,,,,
2023-07-21,520990.SH,景顺长城中证国新港股通央企红利ETF,20240710,中证国新港股通央企红利指数,中证国新港股通央企红利指数收益率(使用估值汇率折算),景顺长城基金管理有限公司,招商银行股份有限公司,跨境型ETF,,931722.CSI,,,,,,
2023-07-24,520990.SH,景顺长城中证国新港股通央企红利ETF,20240710,中证国新港股通央企红利指数,中证国新港股通央企红利指数收益率(使用估值汇率折算),景顺长城基金管理有限公司,招商银行股份有限公司,跨境型ETF,,931722.CSI,,,,,,
2023-07-25,520990.SH,景顺长城中证国新港股通央企红利ETF,20240710,中证国新港股通央企红利指数,中证国新港股通央企红利指数收益率(使用估值汇率折算),景顺长城基金管理有限公司,招商银行股份有限公司,跨境型ETF,,931722.CSI,,,,,,
2023-07-26,520990.SH,景顺长城中证国新港股通央企红利ETF,20240710,中证国新港股通央企红利指数,中证国新港股通央企红利指数收益率(使用估值汇率折算),景顺长城基金管理有限公司,招商银行股份有限公司,跨境型ETF,,931722.CSI,,,,,,
2023-07-27,520990.SH,景顺长城中证国新港股通央企红利ETF,20240710,中证国新港股通央企红利指数,中证国新港股通央企红利指数收益率(使用估值汇率折算),景顺长城基金管理有限公司,招商银行股份有限公司,跨境型ETF,,931722.CSI,,,,,,
2023-07-28,520990.SH,景顺长城中证国新港股通央企红利ETF,20240710,中证国新港股通央企红利指数,中证国新港股通央企红利指数收益率(使用估值汇率折算),景顺长城基金管理有限公司,招商银行股份有限公司,跨境型ETF,,931722.CSI,,,,,,
2023-07-31,520990.SH,景顺长城中证国新港股通央企红利ETF,20240710,中证国新港股通央企红利指数,中证国新港股通央企红利指数收益率(使用估值汇率折算),景顺长城基金管理有限公司,招商银行股份有限公司,跨境型ETF,,931722.CSI,,,,,,
2023-08-01,520990.SH,景顺长城中证国新港股通央企红利ETF,20240710,中证国新港股通央企红利指数,中证国新港股通央企红利指数收益率(使用估值汇率折算),景顺长城基金管理有限公司,招商银行股份有限公司,跨境型ETF,,931722.CSI,,,,,,
2023-08-02,520990.SH,景顺长城中证国新港股通央企红利ETF,20240710,中证国新港股通央企红利指数,中证国新港股通央企红利指数收益率(使用估值汇率折算),景顺长城基金管理有限公司,招商银行股份有限公司,跨境型ETF,,931722.CSI,,,,,,
2023-08-03,520990.SH,景顺长城中证国新港股通央企红利ETF,20240710,中证国新港股通央企红利指数,中证国新港股通央企红利指数收益率(使用估值汇率折算),景顺长城基金管理有限公司,招商银行股份有限公司,跨境型ETF,,931722.CSI,,,,,,
2023-08-04,520990.SH,景顺长城中证国新港股通央企红利ETF,20240710,中证国新港股通央企红利指数,中证国新港股通央企红利指数收益率(使用估值汇率折算),景顺长城基金管理有限公司,招商银行股份有限公司,跨境型ETF,,931722.CSI,,,,,,
2023-08-07,520990.SH,景顺长城中证国新港股通央企红利ETF,20240710,中证国新港股通央企红利指数,中证国新港股通央企红利指数收益率(使用估值汇率折算),景顺长城基金管理有限公司,招商银行股份有限公司,跨境型ETF,,931722.CSI,,,,,,
2023-08-08,520990.SH,景顺长城中证国新港股通央企红利ETF,20240710,中证国新港股通央企红利指数,中证国新港股通央企红利指数收益率(使用估值汇率折算),景顺长城基金管理有限公司,招商银行股份有限公司,跨境型ETF,,931722.CSI,,,,,,
2023-08-09,520990.SH,景顺长城中证国新港股通央企红利ETF,20240710,中证国新港股通央企红利指数,中证国新港股通央企红利指数收益率(使用估值汇率折算),景顺长城基金管理有限公司,招商银行股份有限公司,跨境型ETF,,931722.CSI,,,,,,
2023-08-10,520990.SH,景顺长城中证国新港股通央企红利ETF,20240710,中证国新港股通央企红利指数,中证国新港股通央企红利指数收益率(使用估值汇率折算),景顺长城基金管理有限公司,招商银行股份有限公司,跨境型ETF,,931722.CSI,,,,,,
2023-08-11,520990.SH,景顺长城中证国新港股通央企红利ETF,20240710,中证国新港股通央企红利指数,中证国新港股通央企红利指数收益率(使用估值汇率折算),景顺长城基金管理有限公司,招商银行股份有限公司,跨境型ETF,,931722.CSI,,,,,,
2023-08-14,520990.SH,景顺长城中证国新港股通央企红利ETF,20240710,中证国新港股通央企红利指数,中证国新港股通央企红利指数收益率(使用估值汇率折算),景顺长城基金管理有限公司,招商银行股份有限公司,跨境型ETF,,931722.CSI,,,,,,
2023-08-15,520990.SH,景顺长城中证国新港股通央企红利ETF,20240710,中证国新港股通央企红利指数,中证国新港股通央企红利指数收益率(使用估值汇率折算),景顺长城基金管理有限公司,招商银行股份有限公司,跨境型ETF,,931722.CSI,,,,,,
2023-08-16,520990.SH,景顺长城中证国新港股通央企红利ETF,20240710,中证国新港股通央企红利指数,中证国新港股通央企红利指数收益率(使用估值汇率折算),景顺长城基金管理有限公司,招商银行股份有限公司,跨境型ETF,,931722.CSI,,,,,,
2023-08-17,520990.SH,景顺长城中证国新港股通央企红利ETF,20240710,中证国新港股通央企红利指数,中证国新港股通央企红利指数收益率(使用估值汇率折算),景顺长城基金管理有限公司,招商银行股份有限公司,跨境型ETF,,931722.CSI,,,,,,
2023-08-18,520990.SH,景顺长城中证国新港股通央企红利ETF,20240710,中证国新港股通央企红利指数,中证国新港股通央企红利指数收益率(使用估值汇率折算),景顺长城基金管理有限公司,招商银行股份有限公司,跨境型ETF,,931722.CSI,,,,,,
2023-08-21,520990.SH,景顺长城中证国新港股通央企红利ETF,20240710,中证国新港股通央企红利指数,中证国新港股通央企红利指数收益率(使用估值汇率折算),景顺长城基金管理有限公司,招商银行股份有限公司,跨境型ETF,,931722.CSI,,,,,,
2023-08-22,520990.SH,景顺长城中证国新港股通央企红利ETF,20240710,中证国新港股通央企红利指数,中证国新港股通央企红利指数收益率(使用估值汇率折算),景顺长城基金管理有限公司,招商银行股份有限公司,跨境型ETF,,931722.CSI,,,,,,
2023-08-23,520990.SH,景顺长城中证国新港股通央企红利ETF,20240710,中证国新港股通央企红利指数,中证国新港股通央企红利指数收益率(使用估值汇率折算),景顺长城基金管理有限公司,招商银行股份有限公司,跨境型ETF,,931722.CSI,,,,,,
2023-08-24,520990.SH,景顺长城中证国新港股通央企红利ETF,20240710,中证国新港股通央企红利指数,中证国新港股通央企红利指数收益率(使用估值汇率折算),景顺长城基金管理有限公司,招商银行股份有限公司,跨境型ETF,,931722.CSI,,,,,,
2023-08-25,520990.SH,景顺长城中证国新港股通央企红利ETF,20240710,中证国新港股通央企红利指数,中证国新港股通央企红利指数收益率(使用估值汇率折算),景顺长城基金管理有限公司,招商银行股份有限公司,跨境型ETF,,931722.CSI,,,,,,
2023-08-28,520990.SH,景顺长城中证国新港股通央企红利ETF,20240710,中证国新港股通央企红利指数,中证国新港股通央企红利指数收益率(使用估值汇率折算),景顺长城基金管理有限公司,招商银行股份有限公司,跨境型ETF,,931722.CSI,,,,,,
2023-08-29,520990.SH,景顺长城中证国新港股通央企红利ETF,20240710,中证国新港股通央企红利指数,中证国新港股通央企红利指数收益率(使用估值汇率折算),景顺长城基金管理有限公司,招商银行股份有限公司,跨境型ETF,,931722.CSI,,,,,,
2023-08-30,520990.SH,景顺长城中证国新港股通央企红利ETF,20240710,中证国新港股通央企红利指数,中证国新港股通央企红利指数收益率(使用估值汇率折算),景顺长城基金管理有限公司,招商银行股份有限公司,跨境型ETF,,931722.CSI,,,,,,
2023-08-31,520990.SH,景顺长城中证国新港股通央企红利ETF,20240710,中证国新港股通央企红利指数,中证国新港股通央企红利指数收益率(使用估值汇率折算),景顺长城基金管理有限公司,招商银行股份有限公司,跨境型ETF,,931722.CSI,,,,,,
2023-09-01,520990.SH,景顺长城中证国新港股通央企红利ETF,20240710,中证国新港股通央企红利指数,中证国新港股通央企红利指数收益率(使用估值汇率折算),景顺长城基金管理有限公司,招商银行股份有限公司,跨境型ETF,,931722.CSI,,,,,,
2023-09-04,520990.SH,景顺长城中证国新港股通央企红利ETF,20240710,中证国新港股通央企红利指数,中证国新港股通央企红利指数收益率(使用估值汇率折算),景顺长城基金管理有限公司,招商银行股份有限公司,跨境型ETF,,931722.CSI,,,,,,
2023-09-05,520990.SH,景顺长城中证国新港股通央企红利ETF,20240710,中证国新港股通央企红利指数,中证国新港股通央企红利指数收益率(使用估值汇率折算),景顺长城基金管理有限公司,招商银行股份有限公司,跨境型ETF,,931722.CSI,,,,,,
2023-09-06,520990.SH,景顺长城中证国新港股通央企红利ETF,20240710,中证国新港股通央企红利指数,中证国新港股通央企红利指数收益率(使用估值汇率折算),景顺长城基金管理有限公司,招商银行股份有限公司,跨境型ETF,,931722.CSI,,,,,,
2023-09-07,520990.SH,景顺长城中证国新港股通央企红利ETF,20240710,中证国新港股通央企红利指数,中证国新港股通央企红利指数收益率(使用估值汇率折算),景顺长城基金管理有限公司,招商银行股份有限公司,跨境型ETF,,931722.CSI,,,,,,
2023-09-08,520990.SH,景顺长城中证国新港股通央企红利ETF,20240710,中证国新港股通央企红利指数,中证国新港股通央企红利指数收益率(使用估值汇率折算),景顺长城基金管理有限公司,招商银行股份有限公司,跨境型ETF,,931722.CSI,,,,,,
2023-09-11,520990.SH,景顺长城中证国新港股通央企红利ETF,20240710,中证国新港股通央企红利指数,中证国新港股通央企红利指数收益率(使用估值汇率折算),景顺长城基金管理有限公司,招商银行股份有限公司,跨境型ETF,,931722.CSI,,,,,,
2023-09-12,520990.SH,景顺长城中证国新港股通央企红利ETF,20240710,中证国新港股通央企红利指数,中证国新港股通央企红利指数收益率(使用估值汇率折算),景顺长城基金管理有限公司,招商银行股份有限公司,跨境型ETF,,931722.CSI,,,,,,
2023-09-13,520990.SH,景顺长城中证国新港股通央企红利ETF,20240710,中证国新港股通央企红利指数,中证国新港股通央企红利指数收益率(使用估值汇率折算),景顺长城基金管理有限公司,招商银行股份有限公司,跨境型ETF,,931722.CSI,,,,,,
2023-09-14,520990.SH,景顺长城中证国新港股通央企红利ETF,20240710,中证国新港股通央企红利指数,中证国新港股通央企红利指数收益率(使用估值汇率折算),景顺长城基金管理有限公司,招商银行股份有限公司,跨境型ETF,,931722.CSI,,,,,,
2023-09-15,520990.SH,景顺长城中证国新港股通央企红利ETF,20240710,中证国新港股通央企红利指数,中证国新港股通央企红利指数收益率(使用估值汇率折算),景顺长城基金管理有限公司,招商银行股份有限公司,跨境型ETF,,931722.CSI,,,,,,
2023-09-18,520990.SH,景顺长城中证国新港股通央企红利ETF,20240710,中证国新港股通央企红利指数,中证国新港股通央企红利指数收益率(使用估值汇率折算),景顺长城基金管理有限公司,招商银行股份有限公司,跨境型ETF,,931722.CSI,,,,,,
2023-09-19,520990.SH,景顺长城中证国新港股通央企红利ETF,20240710,中证国新港股通央企红利指数,中证国新港股通央企红利指数收益率(使用估值汇率折算),景顺长城基金管理有限公司,招商银行股份有限公司,跨境型ETF,,931722.CSI,,,,,,
2023-09-20,520990.SH,景顺长城中证国新港股通央企红利ETF,20240710,中证国新港股通央企红利指数,中证国新港股通央企红利指数收益率(使用估值汇率折算),景顺长城基金管理有限公司,招商银行股份有限公司,跨境型ETF,,931722.CSI,,,,,,
2023-09-21,520990.SH,景顺长城中证国新港股通央企红利ETF,20240710,中证国新港股通央企红利指数,中证国新港股通央企红利指数收益率(使用估值汇率折算),景顺长城基金管理有限公司,招商银行股份有限公司,跨境型ETF,,931722.CSI,,,,,,
2023-09-22,520990.SH,景顺长城中证国新港股通央企红利ETF,20240710,中证国新港股通央企红利指数,中证国新港股通央企红利指数收益率(使用估值汇率折算),景顺长城基金管理有限公司,招商银行股份有限公司,跨境型ETF,,931722.CSI,,,,,,
2023-09-25,520990.SH,景顺长城中证国新港股通央企红利ETF,20240710,中证国新港股通央企红利指数,中证国新港股通央企红利指数收益率(使用估值汇率折算),景顺长城基金管理有限公司,招商银行股份有限公司,跨境型ETF,,931722.CSI,,,,,,
2023-09-26,520990.SH,景顺长城中证国新港股通央企红利ETF,20240710,中证国新港股通央企红利指数,中证国新港股通央企红利指数收益率(使用估值汇率折算),景顺长城基金管理有限公司,招商银行股份有限公司,跨境型ETF,,931722.CSI,,,,,,
2023-09-27,520990.SH,景顺长城中证国新港股通央企红利ETF,20240710,中证国新港股通央企红利指数,中证国新港股通央企红利指数收益率(使用估值汇率折算),景顺长城基金管理有限公司,招商银行股份有限公司,跨境型ETF,,931722.CSI,,,,,,
2023-09-28,520990.SH,景顺长城中证国新港股通央企红利ETF,20240710,中证国新港股通央企红利指数,中证国新港股通央企红利指数收益率(使用估值汇率折算),景顺长城基金管理有限公司,招商银行股份有限公司,跨境型ETF,,931722.CSI,,,,,,
2023-10-09,520990.SH,景顺长城中证国新港股通央企红利ETF,20240710,中证国新港股通央企红利指数,中证国新港股通央企红利指数收益率(使用估值汇率折算),景顺长城基金管理有限公司,招商银行股份有限公司,跨境型ETF,,931722.CSI,,,,,,
2023-10-10,520990.SH,景顺长城中证国新港股通央企红利ETF,20240710,中证国新港股通央企红利指数,中证国新港股通央企红利指数收益率(使用估值汇率折算),景顺长城基金管理有限公司,招商银行股份有限公司,跨境型ETF,,931722.CSI,,,,,,
2023-10-11,520990.SH,景顺长城中证国新港股通央企红利ETF,20240710,中证国新港股通央企红利指数,中证国新港股通央企红利指数收益率(使用估值汇率折算),景顺长城基金管理有限公司,招商银行股份有限公司,跨境型ETF,,931722.CSI,,,,,,
2023-10-12,520990.SH,景顺长城中证国新港股通央企红利ETF,20240710,中证国新港股通央企红利指数,中证国新港股通央企红利指数收益率(使用估值汇率折算),景顺长城基金管理有限公司,招商银行股份有限公司,跨境型ETF,,931722.CSI,,,,,,
2023-10-13,520990.SH,景顺长城中证国新港股通央企红利ETF,20240710,中证国新港股通央企红利指数,中证国新港股通央企红利指数收益率(使用估值汇率折算),景顺长城基金管理有限公司,招商银行股份有限公司,跨境型ETF,,931722.CSI,,,,,,
2023-10-16,520990.SH,景顺长城中证国新港股通央企红利ETF,20240710,中证国新港股通央企红利指数,中证国新港股通央企红利指数收益率(使用估值汇率折算),景顺长城基金管理有限公司,招商银行股份有限公司,跨境型ETF,,931722.CSI,,,,,,
2023-10-17,520990.SH,景顺长城中证国新港股通央企红利ETF,20240710,中证国新港股通央企红利指数,中证国新港股通央企红利指数收益率(使用估值汇率折算),景顺长城基金管理有限公司,招商银行股份有限公司,跨境型ETF,,931722.CSI,,,,,,
2023-10-18,520990.SH,景顺长城中证国新港股通央企红利ETF,20240710,中证国新港股通央企红利指数,中证国新港股通央企红利指数收益率(使用估值汇率折算),景顺长城基金管理有限公司,招商银行股份有限公司,跨境型ETF,,931722.CSI,,,,,,
2023-10-19,520990.SH,景顺长城中证国新港股通央企红利ETF,20240710,中证国新港股通央企红利指数,中证国新港股通央企红利指数收益率(使用估值汇率折算),景顺长城基金管理有限公司,招商银行股份有限公司,跨境型ETF,,931722.CSI,,,,,,
2023-10-20,520990.SH,景顺长城中证国新港股通央企红利ETF,20240710,中证国新港股通央企红利指数,中证国新港股通央企红利指数收益率(使用估值汇率折算),景顺长城基金管理有限公司,招商银行股份有限公司,跨境型ETF,,931722.CSI,,,,,,
2023-10-23,520990.SH,景顺长城中证国新港股通央企红利ETF,20240710,中证国新港股通央企红利指数,中证国新港股通央企红利指数收益率(使用估值汇率折算),景顺长城基金管理有限公司,招商银行股份有限公司,跨境型ETF,,931722.CSI,,,,,,
2023-10-24,520990.SH,景顺长城中证国新港股通央企红利ETF,20240710,中证国新港股通央企红利指数,中证国新港股通央企红利指数收益率(使用估值汇率折算),景顺长城基金管理有限公司,招商银行股份有限公司,跨境型ETF,,931722.CSI,,,,,,
2023-10-25,520990.SH,景顺长城中证国新港股通央企红利ETF,20240710,中证国新港股通央企红利指数,中证国新港股通央企红利指数收益率(使用估值汇率折算),景顺长城基金管理有限公司,招商银行股份有限公司,跨境型ETF,,931722.CSI,,,,,,
2023-10-26,520990.SH,景顺长城中证国新港股通央企红利ETF,20240710,中证国新港股通央企红利指数,中证国新港股通央企红利指数收益率(使用估值汇率折算),景顺长城基金管理有限公司,招商银行股份有限公司,跨境型ETF,,931722.CSI,,,,,,
2023-10-27,520990.SH,景顺长城中证国新港股通央企红利ETF,20240710,中证国新港股通央企红利指数,中证国新港股通央企红利指数收益率(使用估值汇率折算),景顺长城基金管理有限公司,招商银行股份有限公司,跨境型ETF,,931722.CSI,,,,,,
2023-10-30,520990.SH,景顺长城中证国新港股通央企红利ETF,20240710,中证国新港股通央企红利指数,中证国新港股通央企红利指数收益率(使用估值汇率折算),景顺长城基金管理有限公司,招商银行股份有限公司,跨境型ETF,,931722.CSI,,,,,,
2023-10-31,520990.SH,景顺长城中证国新港股通央企红利ETF,20240710,中证国新港股通央企红利指数,中证国新港股通央企红利指数收益率(使用估值汇率折算),景顺长城基金管理有限公司,招商银行股份有限公司,跨境型ETF,,931722.CSI,,,,,,
2023-11-01,520990.SH,景顺长城中证国新港股通央企红利ETF,20240710,中证国新港股通央企红利指数,中证国新港股通央企红利指数收益率(使用估值汇率折算),景顺长城基金管理有限公司,招商银行股份有限公司,跨境型ETF,,931722.CSI,,,,,,
2023-11-02,520990.SH,景顺长城中证国新港股通央企红利ETF,20240710,中证国新港股通央企红利指数,中证国新港股通央企红利指数收益率(使用估值汇率折算),景顺长城基金管理有限公司,招商银行股份有限公司,跨境型ETF,,931722.CSI,,,,,,
2023-11-03,520990.SH,景顺长城中证国新港股通央企红利ETF,20240710,中证国新港股通央企红利指数,中证国新港股通央企红利指数收益率(使用估值汇率折算),景顺长城基金管理有限公司,招商银行股份有限公司,跨境型ETF,,931722.CSI,,,,,,
2023-11-06,520990.SH,景顺长城中证国新港股通央企红利ETF,20240710,中证国新港股通央企红利指数,中证国新港股通央企红利指数收益率(使用估值汇率折算),景顺长城基金管理有限公司,招商银行股份有限公司,跨境型ETF,,931722.CSI,,,,,,
2023-11-07,520990.SH,景顺长城中证国新港股通央企红利ETF,20240710,中证国新港股通央企红利指数,中证国新港股通央企红利指数收益率(使用估值汇率折算),景顺长城基金管理有限公司,招商银行股份有限公司,跨境型ETF,,931722.CSI,,,,,,
2023-11-08,520990.SH,景顺长城中证国新港股通央企红利ETF,20240710,中证国新港股通央企红利指数,中证国新港股通央企红利指数收益率(使用估值汇率折算),景顺长城基金管理有限公司,招商银行股份有限公司,跨境型ETF,,931722.CSI,,,,,,
2023-11-09,520990.SH,景顺长城中证国新港股通央企红利ETF,20240710,中证国新港股通央企红利指数,中证国新港股通央企红利指数收益率(使用估值汇率折算),景顺长城基金管理有限公司,招商银行股份有限公司,跨境型ETF,,931722.CSI,,,,,,
2023-11-10,520990.SH,景顺长城中证国新港股通央企红利ETF,20240710,中证国新港股通央企红利指数,中证国新港股通央企红利指数收益率(使用估值汇率折算),景顺长城基金管理有限公司,招商银行股份有限公司,跨境型ETF,,931722.CSI,,,,,,
2023-11-13,520990.SH,景顺长城中证国新港股通央企红利ETF,20240710,中证国新港股通央企红利指数,中证国新港股通央企红利指数收益率(使用估值汇率折算),景顺长城基金管理有限公司,招商银行股份有限公司,跨境型ETF,,931722.CSI,,,,,,
2023-11-14,520990.SH,景顺长城中证国新港股通央企红利ETF,20240710,中证国新港股通央企红利指数,中证国新港股通央企红利指数收益率(使用估值汇率折算),景顺长城基金管理有限公司,招商银行股份有限公司,跨境型ETF,,931722.CSI,,,,,,
2023-11-15,520990.SH,景顺长城中证国新港股通央企红利ETF,20240710,中证国新港股通央企红利指数,中证国新港股通央企红利指数收益率(使用估值汇率折算),景顺长城基金管理有限公司,招商银行股份有限公司,跨境型ETF,,931722.CSI,,,,,,
2023-11-16,520990.SH,景顺长城中证国新港股通央企红利ETF,20240710,中证国新港股通央企红利指数,中证国新港股通央企红利指数收益率(使用估值汇率折算),景顺长城基金管理有限公司,招商银行股份有限公司,跨境型ETF,,931722.CSI,,,,,,
2023-11-17,520990.SH,景顺长城中证国新港股通央企红利ETF,20240710,中证国新港股通央企红利指数,中证国新港股通央企红利指数收益率(使用估值汇率折算),景顺长城基金管理有限公司,招商银行股份有限公司,跨境型ETF,,931722.CSI,,,,,,
2023-11-20,520990.SH,景顺长城中证国新港股通央企红利ETF,20240710,中证国新港股通央企红利指数,中证国新港股通央企红利指数收益率(使用估值汇率折算),景顺长城基金管理有限公司,招商银行股份有限公司,跨境型ETF,,931722.CSI,,,,,,
2023-11-21,520990.SH,景顺长城中证国新港股通央企红利ETF,20240710,中证国新港股通央企红利指数,中证国新港股通央企红利指数收益率(使用估值汇率折算),景顺长城基金管理有限公司,招商银行股份有限公司,跨境型ETF,,931722.CSI,,,,,,
2023-11-22,520990.SH,景顺长城中证国新港股通央企红利ETF,20240710,中证国新港股通央企红利指数,中证国新港股通央企红利指数收益率(使用估值汇率折算),景顺长城基金管理有限公司,招商银行股份有限公司,跨境型ETF,,931722.CSI,,,,,,
2023-11-23,520990.SH,景顺长城中证国新港股通央企红利ETF,20240710,中证国新港股通央企红利指数,中证国新港股通央企红利指数收益率(使用估值汇率折算),景顺长城基金管理有限公司,招商银行股份有限公司,跨境型ETF,,931722.CSI,,,,,,
2023-11-24,520990.SH,景顺长城中证国新港股通央企红利ETF,20240710,中证国新港股通央企红利指数,中证国新港股通央企红利指数收益率(使用估值汇率折算),景顺长城基金管理有限公司,招商银行股份有限公司,跨境型ETF,,931722.CSI,,,,,,
2023-11-27,520990.SH,景顺长城中证国新港股通央企红利ETF,20240710,中证国新港股通央企红利指数,中证国新港股通央企红利指数收益率(使用估值汇率折算),景顺长城基金管理有限公司,招商银行股份有限公司,跨境型ETF,,931722.CSI,,,,,,
2023-11-28,520990.SH,景顺长城中证国新港股通央企红利ETF,20240710,中证国新港股通央企红利指数,中证国新港股通央企红利指数收益率(使用估值汇率折算),景顺长城基金管理有限公司,招商银行股份有限公司,跨境型ETF,,931722.CSI,,,,,,
2023-11-29,520990.SH,景顺长城中证国新港股通央企红利ETF,20240710,中证国新港股通央企红利指数,中证国新港股通央企红利指数收益率(使用估值汇率折算),景顺长城基金管理有限公司,招商银行股份有限公司,跨境型ETF,,931722.CSI,,,,,,
2023-11-30,520990.SH,景顺长城中证国新港股通央企红利ETF,20240710,中证国新港股通央企红利指数,中证国新港股通央企红利指数收益率(使用估值汇率折算),景顺长城基金管理有限公司,招商银行股份有限公司,跨境型ETF,,931722.CSI,,,,,,
2023-12-01,520990.SH,景顺长城中证国新港股通央企红利ETF,20240710,中证国新港股通央企红利指数,中证国新港股通央企红利指数收益率(使用估值汇率折算),景顺长城基金管理有限公司,招商银行股份有限公司,跨境型ETF,,931722.CSI,,,,,,
2023-12-04,520990.SH,景顺长城中证国新港股通央企红利ETF,20240710,中证国新港股通央企红利指数,中证国新港股通央企红利指数收益率(使用估值汇率折算),景顺长城基金管理有限公司,招商银行股份有限公司,跨境型ETF,,931722.CSI,,,,,,
2023-12-05,520990.SH,景顺长城中证国新港股通央企红利ETF,20240710,中证国新港股通央企红利指数,中证国新港股通央企红利指数收益率(使用估值汇率折算),景顺长城基金管理有限公司,招商银行股份有限公司,跨境型ETF,,931722.CSI,,,,,,
2023-12-06,520990.SH,景顺长城中证国新港股通央企红利ETF,20240710,中证国新港股通央企红利指数,中证国新港股通央企红利指数收益率(使用估值汇率折算),景顺长城基金管理有限公司,招商银行股份有限公司,跨境型ETF,,931722.CSI,,,,,,
2023-12-07,520990.SH,景顺长城中证国新港股通央企红利ETF,20240710,中证国新港股通央企红利指数,中证国新港股通央企红利指数收益率(使用估值汇率折算),景顺长城基金管理有限公司,招商银行股份有限公司,跨境型ETF,,931722.CSI,,,,,,
2023-12-08,520990.SH,景顺长城中证国新港股通央企红利ETF,20240710,中证国新港股通央企红利指数,中证国新港股通央企红利指数收益率(使用估值汇率折算),景顺长城基金管理有限公司,招商银行股份有限公司,跨境型ETF,,931722.CSI,,,,,,
2023-12-11,520990.SH,景顺长城中证国新港股通央企红利ETF,20240710,中证国新港股通央企红利指数,中证国新港股通央企红利指数收益率(使用估值汇率折算),景顺长城基金管理有限公司,招商银行股份有限公司,跨境型ETF,,931722.CSI,,,,,,
2023-12-12,520990.SH,景顺长城中证国新港股通央企红利ETF,20240710,中证国新港股通央企红利指数,中证国新港股通央企红利指数收益率(使用估值汇率折算),景顺长城基金管理有限公司,招商银行股份有限公司,跨境型ETF,,931722.CSI,,,,,,
2023-12-13,520990.SH,景顺长城中证国新港股通央企红利ETF,20240710,中证国新港股通央企红利指数,中证国新港股通央企红利指数收益率(使用估值汇率折算),景顺长城基金管理有限公司,招商银行股份有限公司,跨境型ETF,,931722.CSI,,,,,,
2023-12-14,520990.SH,景顺长城中证国新港股通央企红利ETF,20240710,中证国新港股通央企红利指数,中证国新港股通央企红利指数收益率(使用估值汇率折算),景顺长城基金管理有限公司,招商银行股份有限公司,跨境型ETF,,931722.CSI,,,,,,
2023-12-15,520990.SH,景顺长城中证国新港股通央企红利ETF,20240710,中证国新港股通央企红利指数,中证国新港股通央企红利指数收益率(使用估值汇率折算),景顺长城基金管理有限公司,招商银行股份有限公司,跨境型ETF,,931722.CSI,,,,,,
2023-12-18,520990.SH,景顺长城中证国新港股通央企红利ETF,20240710,中证国新港股通央企红利指数,中证国新港股通央企红利指数收益率(使用估值汇率折算),景顺长城基金管理有限公司,招商银行股份有限公司,跨境型ETF,,931722.CSI,,,,,,
2023-12-19,520990.SH,景顺长城中证国新港股通央企红利ETF,20240710,中证国新港股通央企红利指数,中证国新港股通央企红利指数收益率(使用估值汇率折算),景顺长城基金管理有限公司,招商银行股份有限公司,跨境型ETF,,931722.CSI,,,,,,
2023-12-20,520990.SH,景顺长城中证国新港股通央企红利ETF,20240710,中证国新港股通央企红利指数,中证国新港股通央企红利指数收益率(使用估值汇率折算),景顺长城基金管理有限公司,招商银行股份有限公司,跨境型ETF,,931722.CSI,,,,,,
2023-12-21,520990.SH,景顺长城中证国新港股通央企红利ETF,20240710,中证国新港股通央企红利指数,中证国新港股通央企红利指数收益率(使用估值汇率折算),景顺长城基金管理有限公司,招商银行股份有限公司,跨境型ETF,,931722.CSI,,,,,,
2023-12-22,520990.SH,景顺长城中证国新港股通央企红利ETF,20240710,中证国新港股通央企红利指数,中证国新港股通央企红利指数收益率(使用估值汇率折算),景顺长城基金管理有限公司,招商银行股份有限公司,跨境型ETF,,931722.CSI,,,,,,
2023-12-25,520990.SH,景顺长城中证国新港股通央企红利ETF,20240710,中证国新港股通央企红利指数,中证国新港股通央企红利指数收益率(使用估值汇率折算),景顺长城基金管理有限公司,招商银行股份有限公司,跨境型ETF,,931722.CSI,,,,,,
2023-12-26,520990.SH,景顺长城中证国新港股通央企红利ETF,20240710,中证国新港股通央企红利指数,中证国新港股通央企红利指数收益率(使用估值汇率折算),景顺长城基金管理有限公司,招商银行股份有限公司,跨境型ETF,,931722.CSI,,,,,,
2023-12-27,520990.SH,景顺长城中证国新港股通央企红利ETF,20240710,中证国新港股通央企红利指数,中证国新港股通央企红利指数收益率(使用估值汇率折算),景顺长城基金管理有限公司,招商银行股份有限公司,跨境型ETF,,931722.CSI,,,,,,
2023-12-28,520990.SH,景顺长城中证国新港股通央企红利ETF,20240710,中证国新港股通央企红利指数,中证国新港股通央企红利指数收益率(使用估值汇率折算),景顺长城基金管理有限公司,招商银行股份有限公司,跨境型ETF,,931722.CSI,,,,,,
2023-12-29,520990.SH,景顺长城中证国新港股通央企红利ETF,20240710,中证国新港股通央企红利指数,中证国新港股通央企红利指数收益率(使用估值汇率折算),景顺长城基金管理有限公司,招商银行股份有限公司,跨境型ETF,,931722.CSI,,,,,,
2024-01-02,520990.SH,景顺长城中证国新港股通央企红利ETF,20240710,中证国新港股通央企红利指数,中证国新港股通央企红利指数收益率(使用估值汇率折算),景顺长城基金管理有限公司,招商银行股份有限公司,跨境型ETF,,931722.CSI,,,,,,
2024-01-03,520990.SH,景顺长城中证国新港股通央企红利ETF,20240710,中证国新港股通央企红利指数,中证国新港股通央企红利指数收益率(使用估值汇率折算),景顺长城基金管理有限公司,招商银行股份有限公司,跨境型ETF,,931722.CSI,,,,,,
2024-01-04,520990.SH,景顺长城中证国新港股通央企红利ETF,20240710,中证国新港股通央企红利指数,中证国新港股通央企红利指数收益率(使用估值汇率折算),景顺长城基金管理有限公司,招商银行股份有限公司,跨境型ETF,,931722.CSI,,,,,,
2024-01-05,520990.SH,景顺长城中证国新港股通央企红利ETF,20240710,中证国新港股通央企红利指数,中证国新港股通央企红利指数收益率(使用估值汇率折算),景顺长城基金管理有限公司,招商银行股份有限公司,跨境型ETF,,931722.CSI,,,,,,
2024-01-08,520990.SH,景顺长城中证国新港股通央企红利ETF,20240710,中证国新港股通央企红利指数,中证国新港股通央企红利指数收益率(使用估值汇率折算),景顺长城基金管理有限公司,招商银行股份有限公司,跨境型ETF,,931722.CSI,,,,,,
2024-01-09,520990.SH,景顺长城中证国新港股通央企红利ETF,20240710,中证国新港股通央企红利指数,中证国新港股通央企红利指数收益率(使用估值汇率折算),景顺长城基金管理有限公司,招商银行股份有限公司,跨境型ETF,,931722.CSI,,,,,,
2024-01-10,520990.SH,景顺长城中证国新港股通央企红利ETF,20240710,中证国新港股通央企红利指数,中证国新港股通央企红利指数收益率(使用估值汇率折算),景顺长城基金管理有限公司,招商银行股份有限公司,跨境型ETF,,931722.CSI,,,,,,
2024-01-11,520990.SH,景顺长城中证国新港股通央企红利ETF,20240710,中证国新港股通央企红利指数,中证国新港股通央企红利指数收益率(使用估值汇率折算),景顺长城基金管理有限公司,招商银行股份有限公司,跨境型ETF,,931722.CSI,,,,,,
2024-01-12,520990.SH,景顺长城中证国新港股通央企红利ETF,20240710,中证国新港股通央企红利指数,中证国新港股通央企红利指数收益率(使用估值汇率折算),景顺长城基金管理有限公司,招商银行股份有限公司,跨境型ETF,,931722.CSI,,,,,,
2024-01-15,520990.SH,景顺长城中证国新港股通央企红利ETF,20240710,中证国新港股通央企红利指数,中证国新港股通央企红利指数收益率(使用估值汇率折算),景顺长城基金管理有限公司,招商银行股份有限公司,跨境型ETF,,931722.CSI,,,,,,
2024-01-16,520990.SH,景顺长城中证国新港股通央企红利ETF,20240710,中证国新港股通央企红利指数,中证国新港股通央企红利指数收益率(使用估值汇率折算),景顺长城基金管理有限公司,招商银行股份有限公司,跨境型ETF,,931722.CSI,,,,,,
2024-01-17,520990.SH,景顺长城中证国新港股通央企红利ETF,20240710,中证国新港股通央企红利指数,中证国新港股通央企红利指数收益率(使用估值汇率折算),景顺长城基金管理有限公司,招商银行股份有限公司,跨境型ETF,,931722.CSI,,,,,,
2024-01-18,520990.SH,景顺长城中证国新港股通央企红利ETF,20240710,中证国新港股通央企红利指数,中证国新港股通央企红利指数收益率(使用估值汇率折算),景顺长城基金管理有限公司,招商银行股份有限公司,跨境型ETF,,931722.CSI,,,,,,
2024-01-19,520990.SH,景顺长城中证国新港股通央企红利ETF,20240710,中证国新港股通央企红利指数,中证国新港股通央企红利指数收益率(使用估值汇率折算),景顺长城基金管理有限公司,招商银行股份有限公司,跨境型ETF,,931722.CSI,,,,,,
2024-01-22,520990.SH,景顺长城中证国新港股通央企红利ETF,20240710,中证国新港股通央企红利指数,中证国新港股通央企红利指数收益率(使用估值汇率折算),景顺长城基金管理有限公司,招商银行股份有限公司,跨境型ETF,,931722.CSI,,,,,,
2024-01-23,520990.SH,景顺长城中证国新港股通央企红利ETF,20240710,中证国新港股通央企红利指数,中证国新港股通央企红利指数收益率(使用估值汇率折算),景顺长城基金管理有限公司,招商银行股份有限公司,跨境型ETF,,931722.CSI,,,,,,
2024-01-24,520990.SH,景顺长城中证国新港股通央企红利ETF,20240710,中证国新港股通央企红利指数,中证国新港股通央企红利指数收益率(使用估值汇率折算),景顺长城基金管理有限公司,招商银行股份有限公司,跨境型ETF,,931722.CSI,,,,,,
2024-01-25,520990.SH,景顺长城中证国新港股通央企红利ETF,20240710,中证国新港股通央企红利指数,中证国新港股通央企红利指数收益率(使用估值汇率折算),景顺长城基金管理有限公司,招商银行股份有限公司,跨境型ETF,,931722.CSI,,,,,,
2024-01-26,520990.SH,景顺长城中证国新港股通央企红利ETF,20240710,中证国新港股通央企红利指数,中证国新港股通央企红利指数收益率(使用估值汇率折算),景顺长城基金管理有限公司,招商银行股份有限公司,跨境型ETF,,931722.CSI,,,,,,
2024-01-29,520990.SH,景顺长城中证国新港股通央企红利ETF,20240710,中证国新港股通央企红利指数,中证国新港股通央企红利指数收益率(使用估值汇率折算),景顺长城基金管理有限公司,招商银行股份有限公司,跨境型ETF,,931722.CSI,,,,,,
2024-01-30,520990.SH,景顺长城中证国新港股通央企红利ETF,20240710,中证国新港股通央企红利指数,中证国新港股通央企红利指数收益率(使用估值汇率折算),景顺长城基金管理有限公司,招商银行股份有限公司,跨境型ETF,,931722.CSI,,,,,,
2024-01-31,520990.SH,景顺长城中证国新港股通央企红利ETF,20240710,中证国新港股通央企红利指数,中证国新港股通央企红利指数收益率(使用估值汇率折算),景顺长城基金管理有限公司,招商银行股份有限公司,跨境型ETF,,931722.CSI,,,,,,
2024-02-01,520990.SH,景顺长城中证国新港股通央企红利ETF,20240710,中证国新港股通央企红利指数,中证国新港股通央企红利指数收益率(使用估值汇率折算),景顺长城基金管理有限公司,招商银行股份有限公司,跨境型ETF,,931722.CSI,,,,,,
2024-02-02,520990.SH,景顺长城中证国新港股通央企红利ETF,20240710,中证国新港股通央企红利指数,中证国新港股通央企红利指数收益率(使用估值汇率折算),景顺长城基金管理有限公司,招商银行股份有限公司,跨境型ETF,,931722.CSI,,,,,,
2024-02-05,520990.SH,景顺长城中证国新港股通央企红利ETF,20240710,中证国新港股通央企红利指数,中证国新港股通央企红利指数收益率(使用估值汇率折算),景顺长城基金管理有限公司,招商银行股份有限公司,跨境型ETF,,931722.CSI,,,,,,
2024-02-06,520990.SH,景顺长城中证国新港股通央企红利ETF,20240710,中证国新港股通央企红利指数,中证国新港股通央企红利指数收益率(使用估值汇率折算),景顺长城基金管理有限公司,招商银行股份有限公司,跨境型ETF,,931722.CSI,,,,,,
2024-02-07,520990.SH,景顺长城中证国新港股通央企红利ETF,20240710,中证国新港股通央企红利指数,中证国新港股通央企红利指数收益率(使用估值汇率折算),景顺长城基金管理有限公司,招商银行股份有限公司,跨境型ETF,,931722.CSI,,,,,,
2024-02-08,520990.SH,景顺长城中证国新港股通央企红利ETF,20240710,中证国新港股通央企红利指数,中证国新港股通央企红利指数收益率(使用估值汇率折算),景顺长城基金管理有限公司,招商银行股份有限公司,跨境型ETF,,931722.CSI,,,,,,
2024-02-19,520990.SH,景顺长城中证国新港股通央企红利ETF,20240710,中证国新港股通央企红利指数,中证国新港股通央企红利指数收益率(使用估值汇率折算),景顺长城基金管理有限公司,招商银行股份有限公司,跨境型ETF,,931722.CSI,,,,,,
2024-02-20,520990.SH,景顺长城中证国新港股通央企红利ETF,20240710,中证国新港股通央企红利指数,中证国新港股通央企红利指数收益率(使用估值汇率折算),景顺长城基金管理有限公司,招商银行股份有限公司,跨境型ETF,,931722.CSI,,,,,,
2024-02-21,520990.SH,景顺长城中证国新港股通央企红利ETF,20240710,中证国新港股通央企红利指数,中证国新港股通央企红利指数收益率(使用估值汇率折算),景顺长城基金管理有限公司,招商银行股份有限公司,跨境型ETF,,931722.CSI,,,,,,
2024-02-22,520990.SH,景顺长城中证国新港股通央企红利ETF,20240710,中证国新港股通央企红利指数,中证国新港股通央企红利指数收益率(使用估值汇率折算),景顺长城基金管理有限公司,招商银行股份有限公司,跨境型ETF,,931722.CSI,,,,,,
2024-02-23,520990.SH,景顺长城中证国新港股通央企红利ETF,20240710,中证国新港股通央企红利指数,中证国新港股通央企红利指数收益率(使用估值汇率折算),景顺长城基金管理有限公司,招商银行股份有限公司,跨境型ETF,,931722.CSI,,,,,,
2024-02-26,520990.SH,景顺长城中证国新港股通央企红利ETF,20240710,中证国新港股通央企红利指数,中证国新港股通央企红利指数收益率(使用估值汇率折算),景顺长城基金管理有限公司,招商银行股份有限公司,跨境型ETF,,931722.CSI,,,,,,
2024-02-27,520990.SH,景顺长城中证国新港股通央企红利ETF,20240710,中证国新港股通央企红利指数,中证国新港股通央企红利指数收益率(使用估值汇率折算),景顺长城基金管理有限公司,招商银行股份有限公司,跨境型ETF,,931722.CSI,,,,,,
2024-02-28,520990.SH,景顺长城中证国新港股通央企红利ETF,20240710,中证国新港股通央企红利指数,中证国新港股通央企红利指数收益率(使用估值汇率折算),景顺长城基金管理有限公司,招商银行股份有限公司,跨境型ETF,,931722.CSI,,,,,,
2024-02-29,520990.SH,景顺长城中证国新港股通央企红利ETF,20240710,中证国新港股通央企红利指数,中证国新港股通央企红利指数收益率(使用估值汇率折算),景顺长城基金管理有限公司,招商银行股份有限公司,跨境型ETF,,931722.CSI,,,,,,
2024-03-01,520990.SH,景顺长城中证国新港股通央企红利ETF,20240710,中证国新港股通央企红利指数,中证国新港股通央企红利指数收益率(使用估值汇率折算),景顺长城基金管理有限公司,招商银行股份有限公司,跨境型ETF,,931722.CSI,,,,,,
2024-03-04,520990.SH,景顺长城中证国新港股通央企红利ETF,20240710,中证国新港股通央企红利指数,中证国新港股通央企红利指数收益率(使用估值汇率折算),景顺长城基金管理有限公司,招商银行股份有限公司,跨境型ETF,,931722.CSI,,,,,,
2024-03-05,520990.SH,景顺长城中证国新港股通央企红利ETF,20240710,中证国新港股通央企红利指数,中证国新港股通央企红利指数收益率(使用估值汇率折算),景顺长城基金管理有限公司,招商银行股份有限公司,跨境型ETF,,931722.CSI,,,,,,
2024-03-06,520990.SH,景顺长城中证国新港股通央企红利ETF,20240710,中证国新港股通央企红利指数,中证国新港股通央企红利指数收益率(使用估值汇率折算),景顺长城基金管理有限公司,招商银行股份有限公司,跨境型ETF,,931722.CSI,,,,,,
2024-03-07,520990.SH,景顺长城中证国新港股通央企红利ETF,20240710,中证国新港股通央企红利指数,中证国新港股通央企红利指数收益率(使用估值汇率折算),景顺长城基金管理有限公司,招商银行股份有限公司,跨境型ETF,,931722.CSI,,,,,,
2024-03-08,520990.SH,景顺长城中证国新港股通央企红利ETF,20240710,中证国新港股通央企红利指数,中证国新港股通央企红利指数收益率(使用估值汇率折算),景顺长城基金管理有限公司,招商银行股份有限公司,跨境型ETF,,931722.CSI,,,,,,
2024-03-11,520990.SH,景顺长城中证国新港股通央企红利ETF,20240710,中证国新港股通央企红利指数,中证国新港股通央企红利指数收益率(使用估值汇率折算),景顺长城基金管理有限公司,招商银行股份有限公司,跨境型ETF,,931722.CSI,,,,,,
2024-03-12,520990.SH,景顺长城中证国新港股通央企红利ETF,20240710,中证国新港股通央企红利指数,中证国新港股通央企红利指数收益率(使用估值汇率折算),景顺长城基金管理有限公司,招商银行股份有限公司,跨境型ETF,,931722.CSI,,,,,,
2024-03-13,520990.SH,景顺长城中证国新港股通央企红利ETF,20240710,中证国新港股通央企红利指数,中证国新港股通央企红利指数收益率(使用估值汇率折算),景顺长城基金管理有限公司,招商银行股份有限公司,跨境型ETF,,931722.CSI,,,,,,
2024-03-14,520990.SH,景顺长城中证国新港股通央企红利ETF,20240710,中证国新港股通央企红利指数,中证国新港股通央企红利指数收益率(使用估值汇率折算),景顺长城基金管理有限公司,招商银行股份有限公司,跨境型ETF,,931722.CSI,,,,,,
2024-03-15,520990.SH,景顺长城中证国新港股通央企红利ETF,20240710,中证国新港股通央企红利指数,中证国新港股通央企红利指数收益率(使用估值汇率折算),景顺长城基金管理有限公司,招商银行股份有限公司,跨境型ETF,,931722.CSI,,,,,,
2024-03-18,520990.SH,景顺长城中证国新港股通央企红利ETF,20240710,中证国新港股通央企红利指数,中证国新港股通央企红利指数收益率(使用估值汇率折算),景顺长城基金管理有限公司,招商银行股份有限公司,跨境型ETF,,931722.CSI,,,,,,
2024-03-19,520990.SH,景顺长城中证国新港股通央企红利ETF,20240710,中证国新港股通央企红利指数,中证国新港股通央企红利指数收益率(使用估值汇率折算),景顺长城基金管理有限公司,招商银行股份有限公司,跨境型ETF,,931722.CSI,,,,,,
2024-03-20,520990.SH,景顺长城中证国新港股通央企红利ETF,20240710,中证国新港股通央企红利指数,中证国新港股通央企红利指数收益率(使用估值汇率折算),景顺长城基金管理有限公司,招商银行股份有限公司,跨境型ETF,,931722.CSI,,,,,,
2024-03-21,520990.SH,景顺长城中证国新港股通央企红利ETF,20240710,中证国新港股通央企红利指数,中证国新港股通央企红利指数收益率(使用估值汇率折算),景顺长城基金管理有限公司,招商银行股份有限公司,跨境型ETF,,931722.CSI,,,,,,
2024-03-22,520990.SH,景顺长城中证国新港股通央企红利ETF,20240710,中证国新港股通央企红利指数,中证国新港股通央企红利指数收益率(使用估值汇率折算),景顺长城基金管理有限公司,招商银行股份有限公司,跨境型ETF,,931722.CSI,,,,,,
2024-03-25,520990.SH,景顺长城中证国新港股通央企红利ETF,20240710,中证国新港股通央企红利指数,中证国新港股通央企红利指数收益率(使用估值汇率折算),景顺长城基金管理有限公司,招商银行股份有限公司,跨境型ETF,,931722.CSI,,,,,,
2024-03-26,520990.SH,景顺长城中证国新港股通央企红利ETF,20240710,中证国新港股通央企红利指数,中证国新港股通央企红利指数收益率(使用估值汇率折算),景顺长城基金管理有限公司,招商银行股份有限公司,跨境型ETF,,931722.CSI,,,,,,
2024-03-27,520990.SH,景顺长城中证国新港股通央企红利ETF,20240710,中证国新港股通央企红利指数,中证国新港股通央企红利指数收益率(使用估值汇率折算),景顺长城基金管理有限公司,招商银行股份有限公司,跨境型ETF,,931722.CSI,,,,,,
2024-03-28,520990.SH,景顺长城中证国新港股通央企红利ETF,20240710,中证国新港股通央企红利指数,中证国新港股通央企红利指数收益率(使用估值汇率折算),景顺长城基金管理有限公司,招商银行股份有限公司,跨境型ETF,,931722.CSI,,,,,,
2024-03-29,520990.SH,景顺长城中证国新港股通央企红利ETF,20240710,中证国新港股通央企红利指数,中证国新港股通央企红利指数收益率(使用估值汇率折算),景顺长城基金管理有限公司,招商银行股份有限公司,跨境型ETF,,931722.CSI,,,,,,
2024-04-01,520990.SH,景顺长城中证国新港股通央企红利ETF,20240710,中证国新港股通央企红利指数,中证国新港股通央企红利指数收益率(使用估值汇率折算),景顺长城基金管理有限公司,招商银行股份有限公司,跨境型ETF,,931722.CSI,,,,,,
2024-04-02,520990.SH,景顺长城中证国新港股通央企红利ETF,20240710,中证国新港股通央企红利指数,中证国新港股通央企红利指数收益率(使用估值汇率折算),景顺长城基金管理有限公司,招商银行股份有限公司,跨境型ETF,,931722.CSI,,,,,,
2024-04-03,520990.SH,景顺长城中证国新港股通央企红利ETF,20240710,中证国新港股通央企红利指数,中证国新港股通央企红利指数收益率(使用估值汇率折算),景顺长城基金管理有限公司,招商银行股份有限公司,跨境型ETF,,931722.CSI,,,,,,
2024-04-08,520990.SH,景顺长城中证国新港股通央企红利ETF,20240710,中证国新港股通央企红利指数,中证国新港股通央企红利指数收益率(使用估值汇率折算),景顺长城基金管理有限公司,招商银行股份有限公司,跨境型ETF,,931722.CSI,,,,,,
2024-04-09,520990.SH,景顺长城中证国新港股通央企红利ETF,20240710,中证国新港股通央企红利指数,中证国新港股通央企红利指数收益率(使用估值汇率折算),景顺长城基金管理有限公司,招商银行股份有限公司,跨境型ETF,,931722.CSI,,,,,,
2024-04-10,520990.SH,景顺长城中证国新港股通央企红利ETF,20240710,中证国新港股通央企红利指数,中证国新港股通央企红利指数收益率(使用估值汇率折算),景顺长城基金管理有限公司,招商银行股份有限公司,跨境型ETF,,931722.CSI,,,,,,
2024-04-11,520990.SH,景顺长城中证国新港股通央企红利ETF,20240710,中证国新港股通央企红利指数,中证国新港股通央企红利指数收益率(使用估值汇率折算),景顺长城基金管理有限公司,招商银行股份有限公司,跨境型ETF,,931722.CSI,,,,,,
2024-04-12,520990.SH,景顺长城中证国新港股通央企红利ETF,20240710,中证国新港股通央企红利指数,中证国新港股通央企红利指数收益率(使用估值汇率折算),景顺长城基金管理有限公司,招商银行股份有限公司,跨境型ETF,,931722.CSI,,,,,,
2024-04-15,520990.SH,景顺长城中证国新港股通央企红利ETF,20240710,中证国新港股通央企红利指数,中证国新港股通央企红利指数收益率(使用估值汇率折算),景顺长城基金管理有限公司,招商银行股份有限公司,跨境型ETF,,931722.CSI,,,,,,
2024-04-16,520990.SH,景顺长城中证国新港股通央企红利ETF,20240710,中证国新港股通央企红利指数,中证国新港股通央企红利指数收益率(使用估值汇率折算),景顺长城基金管理有限公司,招商银行股份有限公司,跨境型ETF,,931722.CSI,,,,,,
2024-04-17,520990.SH,景顺长城中证国新港股通央企红利ETF,20240710,中证国新港股通央企红利指数,中证国新港股通央企红利指数收益率(使用估值汇率折算),景顺长城基金管理有限公司,招商银行股份有限公司,跨境型ETF,,931722.CSI,,,,,,
2024-04-18,520990.SH,景顺长城中证国新港股通央企红利ETF,20240710,中证国新港股通央企红利指数,中证国新港股通央企红利指数收益率(使用估值汇率折算),景顺长城基金管理有限公司,招商银行股份有限公司,跨境型ETF,,931722.CSI,,,,,,
2024-04-19,520990.SH,景顺长城中证国新港股通央企红利ETF,20240710,中证国新港股通央企红利指数,中证国新港股通央企红利指数收益率(使用估值汇率折算),景顺长城基金管理有限公司,招商银行股份有限公司,跨境型ETF,,931722.CSI,,,,,,
2024-04-22,520990.SH,景顺长城中证国新港股通央企红利ETF,20240710,中证国新港股通央企红利指数,中证国新港股通央企红利指数收益率(使用估值汇率折算),景顺长城基金管理有限公司,招商银行股份有限公司,跨境型ETF,,931722.CSI,,,,,,
2024-04-23,520990.SH,景顺长城中证国新港股通央企红利ETF,20240710,中证国新港股通央企红利指数,中证国新港股通央企红利指数收益率(使用估值汇率折算),景顺长城基金管理有限公司,招商银行股份有限公司,跨境型ETF,,931722.CSI,,,,,,
2024-04-24,520990.SH,景顺长城中证国新港股通央企红利ETF,20240710,中证国新港股通央企红利指数,中证国新港股通央企红利指数收益率(使用估值汇率折算),景顺长城基金管理有限公司,招商银行股份有限公司,跨境型ETF,,931722.CSI,,,,,,
2024-04-25,520990.SH,景顺长城中证国新港股通央企红利ETF,20240710,中证国新港股通央企红利指数,中证国新港股通央企红利指数收益率(使用估值汇率折算),景顺长城基金管理有限公司,招商银行股份有限公司,跨境型ETF,,931722.CSI,,,,,,
2024-04-26,520990.SH,景顺长城中证国新港股通央企红利ETF,20240710,中证国新港股通央企红利指数,中证国新港股通央企红利指数收益率(使用估值汇率折算),景顺长城基金管理有限公司,招商银行股份有限公司,跨境型ETF,,931722.CSI,,,,,,
2024-04-29,520990.SH,景顺长城中证国新港股通央企红利ETF,20240710,中证国新港股通央企红利指数,中证国新港股通央企红利指数收益率(使用估值汇率折算),景顺长城基金管理有限公司,招商银行股份有限公司,跨境型ETF,,931722.CSI,,,,,,
2024-04-30,520990.SH,景顺长城中证国新港股通央企红利ETF,20240710,中证国新港股通央企红利指数,中证国新港股通央企红利指数收益率(使用估值汇率折算),景顺长城基金管理有限公司,招商银行股份有限公司,跨境型ETF,,931722.CSI,,,,,,
2024-05-06,520990.SH,景顺长城中证国新港股通央企红利ETF,20240710,中证国新港股通央企红利指数,中证国新港股通央企红利指数收益率(使用估值汇率折算),景顺长城基金管理有限公司,招商银行股份有限公司,跨境型ETF,,931722.CSI,,,,,,
2024-05-07,520990.SH,景顺长城中证国新港股通央企红利ETF,20240710,中证国新港股通央企红利指数,中证国新港股通央企红利指数收益率(使用估值汇率折算),景顺长城基金管理有限公司,招商银行股份有限公司,跨境型ETF,,931722.CSI,,,,,,
2024-05-08,520990.SH,景顺长城中证国新港股通央企红利ETF,20240710,中证国新港股通央企红利指数,中证国新港股通央企红利指数收益率(使用估值汇率折算),景顺长城基金管理有限公司,招商银行股份有限公司,跨境型ETF,,931722.CSI,,,,,,
2024-05-09,520990.SH,景顺长城中证国新港股通央企红利ETF,20240710,中证国新港股通央企红利指数,中证国新港股通央企红利指数收益率(使用估值汇率折算),景顺长城基金管理有限公司,招商银行股份有限公司,跨境型ETF,,931722.CSI,,,,,,
2024-05-10,520990.SH,景顺长城中证国新港股通央企红利ETF,20240710,中证国新港股通央企红利指数,中证国新港股通央企红利指数收益率(使用估值汇率折算),景顺长城基金管理有限公司,招商银行股份有限公司,跨境型ETF,,931722.CSI,,,,,,
2024-05-13,520990.SH,景顺长城中证国新港股通央企红利ETF,20240710,中证国新港股通央企红利指数,中证国新港股通央企红利指数收益率(使用估值汇率折算),景顺长城基金管理有限公司,招商银行股份有限公司,跨境型ETF,,931722.CSI,,,,,,
2024-05-14,520990.SH,景顺长城中证国新港股通央企红利ETF,20240710,中证国新港股通央企红利指数,中证国新港股通央企红利指数收益率(使用估值汇率折算),景顺长城基金管理有限公司,招商银行股份有限公司,跨境型ETF,,931722.CSI,,,,,,
2024-05-15,520990.SH,景顺长城中证国新港股通央企红利ETF,20240710,中证国新港股通央企红利指数,中证国新港股通央企红利指数收益率(使用估值汇率折算),景顺长城基金管理有限公司,招商银行股份有限公司,跨境型ETF,,931722.CSI,,,,,,
2024-05-16,520990.SH,景顺长城中证国新港股通央企红利ETF,20240710,中证国新港股通央企红利指数,中证国新港股通央企红利指数收益率(使用估值汇率折算),景顺长城基金管理有限公司,招商银行股份有限公司,跨境型ETF,,931722.CSI,,,,,,
2024-05-17,520990.SH,景顺长城中证国新港股通央企红利ETF,20240710,中证国新港股通央企红利指数,中证国新港股通央企红利指数收益率(使用估值汇率折算),景顺长城基金管理有限公司,招商银行股份有限公司,跨境型ETF,,931722.CSI,,,,,,
2024-05-20,520990.SH,景顺长城中证国新港股通央企红利ETF,20240710,中证国新港股通央企红利指数,中证国新港股通央企红利指数收益率(使用估值汇率折算),景顺长城基金管理有限公司,招商银行股份有限公司,跨境型ETF,,931722.CSI,,,,,,
2024-05-21,520990.SH,景顺长城中证国新港股通央企红利ETF,20240710,中证国新港股通央企红利指数,中证国新港股通央企红利指数收益率(使用估值汇率折算),景顺长城基金管理有限公司,招商银行股份有限公司,跨境型ETF,,931722.CSI,,,,,,
2024-05-22,520990.SH,景顺长城中证国新港股通央企红利ETF,20240710,中证国新港股通央企红利指数,中证国新港股通央企红利指数收益率(使用估值汇率折算),景顺长城基金管理有限公司,招商银行股份有限公司,跨境型ETF,,931722.CSI,,,,,,
2024-05-23,520990.SH,景顺长城中证国新港股通央企红利ETF,20240710,中证国新港股通央企红利指数,中证国新港股通央企红利指数收益率(使用估值汇率折算),景顺长城基金管理有限公司,招商银行股份有限公司,跨境型ETF,,931722.CSI,,,,,,
2024-05-24,520990.SH,景顺长城中证国新港股通央企红利ETF,20240710,中证国新港股通央企红利指数,中证国新港股通央企红利指数收益率(使用估值汇率折算),景顺长城基金管理有限公司,招商银行股份有限公司,跨境型ETF,,931722.CSI,,,,,,
2024-05-27,520990.SH,景顺长城中证国新港股通央企红利ETF,20240710,中证国新港股通央企红利指数,中证国新港股通央企红利指数收益率(使用估值汇率折算),景顺长城基金管理有限公司,招商银行股份有限公司,跨境型ETF,,931722.CSI,,,,,,
2024-05-28,520990.SH,景顺长城中证国新港股通央企红利ETF,20240710,中证国新港股通央企红利指数,中证国新港股通央企红利指数收益率(使用估值汇率折算),景顺长城基金管理有限公司,招商银行股份有限公司,跨境型ETF,,931722.CSI,,,,,,
2024-05-29,520990.SH,景顺长城中证国新港股通央企红利ETF,20240710,中证国新港股通央企红利指数,中证国新港股通央企红利指数收益率(使用估值汇率折算),景顺长城基金管理有限公司,招商银行股份有限公司,跨境型ETF,,931722.CSI,,,,,,
2024-05-30,520990.SH,景顺长城中证国新港股通央企红利ETF,20240710,中证国新港股通央企红利指数,中证国新港股通央企红利指数收益率(使用估值汇率折算),景顺长城基金管理有限公司,招商银行股份有限公司,跨境型ETF,,931722.CSI,,,,,,
2024-05-31,520990.SH,景顺长城中证国新港股通央企红利ETF,20240710,中证国新港股通央企红利指数,中证国新港股通央企红利指数收益率(使用估值汇率折算),景顺长城基金管理有限公司,招商银行股份有限公司,跨境型ETF,,931722.CSI,,,,,,
2024-06-03,520990.SH,景顺长城中证国新港股通央企红利ETF,20240710,中证国新港股通央企红利指数,中证国新港股通央企红利指数收益率(使用估值汇率折算),景顺长城基金管理有限公司,招商银行股份有限公司,跨境型ETF,,931722.CSI,,,,,,
2024-06-04,520990.SH,景顺长城中证国新港股通央企红利ETF,20240710,中证国新港股通央企红利指数,中证国新港股通央企红利指数收益率(使用估值汇率折算),景顺长城基金管理有限公司,招商银行股份有限公司,跨境型ETF,,931722.CSI,,,,,,
2024-06-05,520990.SH,景顺长城中证国新港股通央企红利ETF,20240710,中证国新港股通央企红利指数,中证国新港股通央企红利指数收益率(使用估值汇率折算),景顺长城基金管理有限公司,招商银行股份有限公司,跨境型ETF,,931722.CSI,,,,,,
2024-06-06,520990.SH,景顺长城中证国新港股通央企红利ETF,20240710,中证国新港股通央企红利指数,中证国新港股通央企红利指数收益率(使用估值汇率折算),景顺长城基金管理有限公司,招商银行股份有限公司,跨境型ETF,,931722.CSI,,,,,,
2024-06-07,520990.SH,景顺长城中证国新港股通央企红利ETF,20240710,中证国新港股通央企红利指数,中证国新港股通央企红利指数收益率(使用估值汇率折算),景顺长城基金管理有限公司,招商银行股份有限公司,跨境型ETF,,931722.CSI,,,,,,
2024-06-11,520990.SH,景顺长城中证国新港股通央企红利ETF,20240710,中证国新港股通央企红利指数,中证国新港股通央企红利指数收益率(使用估值汇率折算),景顺长城基金管理有限公司,招商银行股份有限公司,跨境型ETF,,931722.CSI,,,,,,
2024-06-12,520990.SH,景顺长城中证国新港股通央企红利ETF,20240710,中证国新港股通央企红利指数,中证国新港股通央企红利指数收益率(使用估值汇率折算),景顺长城基金管理有限公司,招商银行股份有限公司,跨境型ETF,,931722.CSI,,,,,,
2024-06-13,520990.SH,景顺长城中证国新港股通央企红利ETF,20240710,中证国新港股通央企红利指数,中证国新港股通央企红利指数收益率(使用估值汇率折算),景顺长城基金管理有限公司,招商银行股份有限公司,跨境型ETF,,931722.CSI,,,,,,
2024-06-14,520990.SH,景顺长城中证国新港股通央企红利ETF,20240710,中证国新港股通央企红利指数,中证国新港股通央企红利指数收益率(使用估值汇率折算),景顺长城基金管理有限公司,招商银行股份有限公司,跨境型ETF,,931722.CSI,,,,,,
2024-06-17,520990.SH,景顺长城中证国新港股通央企红利ETF,20240710,中证国新港股通央企红利指数,中证国新港股通央企红利指数收益率(使用估值汇率折算),景顺长城基金管理有限公司,招商银行股份有限公司,跨境型ETF,,931722.CSI,,,,,,
2024-06-18,520990.SH,景顺长城中证国新港股通央企红利ETF,20240710,中证国新港股通央企红利指数,中证国新港股通央企红利指数收益率(使用估值汇率折算),景顺长城基金管理有限公司,招商银行股份有限公司,跨境型ETF,,931722.CSI,,,,,,
2024-06-19,520990.SH,景顺长城中证国新港股通央企红利ETF,20240710,中证国新港股通央企红利指数,中证国新港股通央企红利指数收益率(使用估值汇率折算),景顺长城基金管理有限公司,招商银行股份有限公司,跨境型ETF,,931722.CSI,,,,,,
2024-06-20,520990.SH,景顺长城中证国新港股通央企红利ETF,20240710,中证国新港股通央企红利指数,中证国新港股通央企红利指数收益率(使用估值汇率折算),景顺长城基金管理有限公司,招商银行股份有限公司,跨境型ETF,,931722.CSI,,,,,,
2024-06-21,520990.SH,景顺长城中证国新港股通央企红利ETF,20240710,中证国新港股通央企红利指数,中证国新港股通央企红利指数收益率(使用估值汇率折算),景顺长城基金管理有限公司,招商银行股份有限公司,跨境型ETF,,931722.CSI,,,,,,
2024-06-24,520990.SH,景顺长城中证国新港股通央企红利ETF,20240710,中证国新港股通央企红利指数,中证国新港股通央企红利指数收益率(使用估值汇率折算),景顺长城基金管理有限公司,招商银行股份有限公司,跨境型ETF,,931722.CSI,,,,,,
2024-06-25,520990.SH,景顺长城中证国新港股通央企红利ETF,20240710,中证国新港股通央企红利指数,中证国新港股通央企红利指数收益率(使用估值汇率折算),景顺长城基金管理有限公司,招商银行股份有限公司,跨境型ETF,,931722.CSI,,,,,,
2024-06-26,520990.SH,景顺长城中证国新港股通央企红利ETF,20240710,中证国新港股通央企红利指数,中证国新港股通央企红利指数收益率(使用估值汇率折算),景顺长城基金管理有限公司,招商银行股份有限公司,跨境型ETF,,931722.CSI,1125470522.0,,,,,
2024-06-27,520990.SH,景顺长城中证国新港股通央企红利ETF,20240710,中证国新港股通央企红利指数,中证国新港股通央企红利指数收益率(使用估值汇率折算),景顺长城基金管理有限公司,招商银行股份有限公司,跨境型ETF,,931722.CSI,1125470522.0,,,,,
2024-06-28,520990.SH,景顺长城中证国新港股通央企红利ETF,20240710,中证国新港股通央企红利指数,中证国新港股通央企红利指数收益率(使用估值汇率折算),景顺长城基金管理有限公司,招商银行股份有限公司,跨境型ETF,,931722.CSI,1125470522.0,,,,,
2024-07-01,520990.SH,景顺长城中证国新港股通央企红利ETF,20240710,中证国新港股通央企红利指数,中证国新港股通央企红利指数收益率(使用估值汇率折算),景顺长城基金管理有限公司,招商银行股份有限公司,跨境型ETF,,931722.CSI,1118942792.9724,,,,,
2024-07-02,520990.SH,景顺长城中证国新港股通央企红利ETF,20240710,中证国新港股通央企红利指数,中证国新港股通央企红利指数收益率(使用估值汇率折算),景顺长城基金管理有限公司,招商银行股份有限公司,跨境型ETF,,931722.CSI,1118942792.9724,,,,,
2024-07-03,520990.SH,景顺长城中证国新港股通央企红利ETF,20240710,中证国新港股通央企红利指数,中证国新港股通央企红利指数收益率(使用估值汇率折算),景顺长城基金管理有限公司,招商银行股份有限公司,跨境型ETF,,931722.CSI,1118942792.9724,,,,,
2024-07-04,520990.SH,景顺长城中证国新港股通央企红利ETF,20240710,中证国新港股通央企红利指数,中证国新港股通央企红利指数收益率(使用估值汇率折算),景顺长城基金管理有限公司,招商银行股份有限公司,跨境型ETF,,931722.CSI,1118942792.9724,,,,,
2024-07-05,520990.SH,景顺长城中证国新港股通央企红利ETF,20240710,中证国新港股通央企红利指数,中证国新港股通央企红利指数收益率(使用估值汇率折算),景顺长城基金管理有限公司,招商银行股份有限公司,跨境型ETF,,931722.CSI,1118942792.9724,,,,,
2024-07-08,520990.SH,景顺长城中证国新港股通央企红利ETF,20240710,中证国新港股通央企红利指数,中证国新港股通央企红利指数收益率(使用估值汇率折算),景顺长城基金管理有限公司,招商银行股份有限公司,跨境型ETF,,931722.CSI,1118942792.9724,,,,,
2024-07-09,520990.SH,景顺长城中证国新港股通央企红利ETF,20240710,中证国新港股通央企红利指数,中证国新港股通央企红利指数收益率(使用估值汇率折算),景顺长城基金管理有限公司,招商银行股份有限公司,跨境型ETF,,931722.CSI,1090018200.557,,,,,
2024-07-10,520990.SH,景顺长城中证国新港股通央企红利ETF,20240710,中证国新港股通央企红利指数,中证国新港股通央企红利指数收益率(使用估值汇率折算),景顺长城基金管理有限公司,招商银行股份有限公司,跨境型ETF,,931722.CSI,1020042975.6,203466222,194228619,0.8912167809283,0.89364968809972,0.932994063
2024-07-11,520990.SH,景顺长城中证国新港股通央企红利ETF,20240710,中证国新港股通央企红利指数,中证国新港股通央企红利指数收益率(使用估值汇率折算),景顺长城基金管理有限公司,招商银行股份有限公司,跨境型ETF,,931722.CSI,1017504457.15,56244300,53870380,0.89683369341315,0.896639629809,0.598550877
2024-07-12,520990.SH,景顺长城中证国新港股通央企红利ETF,20240710,中证国新港股通央企红利指数,中证国新港股通央企红利指数收益率(使用估值汇率折算),景顺长城基金管理有限公司,招商银行股份有限公司,跨境型ETF,,931722.CSI,1016458857.0,99232300,95104858,0.89964214965557,0.89721401914053,0.733752621
2024-07-15,520990.SH,景顺长城中证国新港股通央企红利ETF,20240710,中证国新港股通央企红利指数,中证国新港股通央企红利指数收益率(使用估值汇率折算),景顺长城基金管理有限公司,招商银行股份有限公司,跨境型ETF,,931722.CSI,1013703104.05,27220400,26228002,0.90057830173638,0.90202196322285,0.82800545
2024-07-16,520990.SH,景顺长城中证国新港股通央企红利ETF,20240710,中证国新港股通央企红利指数,中证国新港股通央企红利指数收益率(使用估值汇率折算),景顺长城基金管理有限公司,招商银行股份有限公司,跨境型ETF,,931722.CSI,1010907386.95,24713200,23732942,0.89776984549395,0.89901927055067,1.1710096
2024-07-17,520990.SH,景顺长城中证国新港股通央企红利ETF,20240710,中证国新港股通央企红利指数,中证国新港股通央企红利指数收益率(使用估值汇率折算),景顺长城基金管理有限公司,招商银行股份有限公司,跨境型ETF,,931722.CSI,975521489.65,94438300,87997315,0.86874913098894,0.87230360502765,1.166466805
2024-07-18,520990.SH,景顺长城中证国新港股通央企红利ETF,20240710,中证国新港股通央企红利指数,中证国新港股通央企红利指数收益率(使用估值汇率折算),景顺长城基金管理有限公司,招商银行股份有限公司,跨境型ETF,,931722.CSI,987615729.9,37153700,34828494,0.88185526012023,0.87756447216497,1.530502263
2024-07-19,520990.SH,景顺长城中证国新港股通央企红利ETF,20240710,中证国新港股通央企红利指数,中证国新港股通央企红利指数收益率(使用估值汇率折算),景顺长城基金管理有限公司,招商银行股份有限公司,跨境型ETF,,931722.CSI,978474084.8,63953700,58840148,0.85845145810006,0.86130008092095,1.258833922
2024-07-22,520990.SH,景顺长城中证国新港股通央企红利ETF,20240710,中证国新港股通央企红利指数,中证国新港股通央企红利指数收益率(使用估值汇率折算),景顺长城基金管理有限公司,招商银行股份有限公司,跨境型ETF,,931722.CSI,988016748.95,66701000,61263893,0.86687682682732,0.85984199502691,1.546222173
2024-07-23,520990.SH,景顺长城中证国新港股通央企红利ETF,20240710,中证国新港股通央企红利指数,中证国新港股通央企红利指数收益率(使用估值汇率折算),景顺长城基金管理有限公司,招商银行股份有限公司,跨境型ETF,,931722.CSI,986515214.0,22989900,21371722,0.8640683705849,0.87025963665478,1.651982379
2024-07-24,520990.SH,景顺长城中证国新港股通央企红利ETF,20240710,中证国新港股通央企红利指数,中证国新港股通央企红利指数收益率(使用估值汇率折算),景顺长城基金管理有限公司,招商银行股份有限公司,跨境型ETF,,931722.CSI,997101701.45,33478828,31173674,0.87249373931216,0.87169418778639,1.646853528
2024-07-25,520990.SH,景顺长城中证国新港股通央企红利ETF,20240710,中证国新港股通央企红利指数,中证国新港股通央企红利指数收益率(使用估值汇率折算),景顺长城基金管理有限公司,招商银行股份有限公司,跨境型ETF,,931722.CSI,966130644.85,149019700,134869899,0.84440917688795,0.84726205050128,1.155097006
2024-07-26,520990.SH,景顺长城中证国新港股通央企红利ETF,20240710,中证国新港股通央企红利指数,中证国新港股通央企红利指数收益率(使用估值汇率折算),景顺长城基金管理有限公司,招商银行股份有限公司,跨境型ETF,,931722.CSI,960967033.65,73406800,65836707,0.8378561123223,0.83961118386217,1.095673783
2024-07-29,520990.SH,景顺长城中证国新港股通央企红利ETF,20240710,中证国新港股通央企红利指数,中证国新港股通央企红利指数收益率(使用估值汇率折算),景顺长城基金管理有限公司,招商银行股份有限公司,跨境型ETF,,931722.CSI,971496097.5,18872100,17092471,0.8509622414536,0.84787343712592,1.56424581
2024-07-30,520990.SH,景顺长城中证国新港股通央企红利ETF,20240710,中证国新港股通央企红利指数,中证国新港股通央企红利指数收益率(使用估值汇率折算),景顺长城基金管理有限公司,招商银行股份有限公司,跨境型ETF,,931722.CSI,953160569.65,23406900,20857827,0.83223919983746,0.83420265593322,1.333637296
2024-07-31,520990.SH,景顺长城中证国新港股通央企红利ETF,20240710,中证国新港股通央企红利指数,中证国新港股通央企红利指数收益率(使用估值汇率折算),景顺长城基金管理有限公司,招商银行股份有限公司,跨境型ETF,,931722.CSI,970391374.35,96117700,86394010,0.84628148104957,0.84144681188547,1.49320759
2024-08-01,520990.SH,景顺长城中证国新港股通央企红利ETF,20240710,中证国新港股通央企红利指数,中证国新港股通央企红利指数收益率(使用估值汇率折算),景顺长城基金管理有限公司,招商银行股份有限公司,跨境型ETF,,931722.CSI,977084391.6,17166800,15585545,0.84534532896876,0.84992196462135,0.871313673
2024-08-02,520990.SH,景顺长城中证国新港股通央企红利ETF,20240710,中证国新港股通央企红利指数,中证国新港股通央企红利指数收益率(使用估值汇率折算),景顺长城基金管理有限公司,招商银行股份有限公司,跨境型ETF,,931722.CSI,975406933.2,37731400,33847903,0.83972841648392,0.83979881012644,0.741239892
2024-08-05,520990.SH,景顺长城中证国新港股通央企红利ETF,20240710,中证国新港股通央企红利指数,中证国新港股通央企红利指数收益率(使用估值汇率折算),景顺长城基金管理有限公司,招商银行股份有限公司,跨境型ETF,,931722.CSI,955437276.75,52084500,45361230,0.80321848533244,0.81530992622502,-0.636942675
2024-08-06,520990.SH,景顺长城中证国新港股通央企红利ETF,20240710,中证国新港股通央企红利指数,中证国新港股通央企红利指数收益率(使用估值汇率折算),景顺长城基金管理有限公司,招商银行股份有限公司,跨境型ETF,,931722.CSI,948493689.0,8754200,7552726,0.80509078949406,0.80766947986857,0.233100233
2024-08-07,520990.SH,景顺长城中证国新港股通央企红利ETF,20240710,中证国新港股通央企红利指数,中证国新港股通央企红利指数收益率(使用估值汇率折算),景顺长城基金管理有限公司,招商银行股份有限公司,跨境型ETF,,931722.CSI,968281610.95,28186900,24708678,0.82006922278697,0.82063229101786,0.011416828
2024-08-08,520990.SH,景顺长城中证国新港股通央企红利ETF,20240710,中证国新港股通央企红利指数,中证国新港股通央企红利指数收益率(使用估值汇率折算),景顺长城基金管理有限公司,招商银行股份有限公司,跨境型ETF,,931722.CSI,970042687.35,13547700,11884808,0.82100537486778,0.8212455058196,0.034219231
2024-08-09,520990.SH,景顺长城中证国新港股通央企红利ETF,20240710,中证国新港股通央企红利指数,中证国新港股通央企红利指数收益率(使用估值汇率折算),景顺长城基金管理有限公司,招商银行股份有限公司,跨境型ETF,,931722.CSI,989829628.35,59362900,52638272,0.8238138311102,0.83010479378344,0.147945829
2024-08-12,520990.SH,景顺长城中证国新港股通央企红利ETF,20240710,中证国新港股通央企红利指数,中证国新港股通央企红利指数收益率(使用估值汇率折算),景顺长城基金管理有限公司,招商银行股份有限公司,跨境型ETF,,931722.CSI,991874816.7,15217000,13426238,0.82568613527181,0.82598413886512,0.524276271
2024-08-13,520990.SH,景顺长城中证国新港股通央企红利ETF,20240710,中证国新港股通央企红利指数,中证国新港股通央企红利指数收益率(使用估值汇率折算),景顺长城基金管理有限公司,招商银行股份有限公司,跨境型ETF,,931722.CSI,1003595357.1,21661500,19281356,0.83317535191827,0.83328862452653,0.428797111
2024-08-14,520990.SH,景顺长城中证国新港股通央企红利ETF,20240710,中证国新港股通央企红利指数,中证国新港股通央企红利指数收益率(使用估值汇率折算),景顺长城基金管理有限公司,招商银行股份有限公司,跨境型ETF,,931722.CSI,1004368210.05,4626500,4108661,0.82943074359504,0.8313696194706,-0.011285408
2024-08-15,520990.SH,景顺长城中证国新港股通央企红利ETF,20240710,中证国新港股通央企红利指数,中证国新港股通央企红利指数收益率(使用估值汇率折算),景顺长城基金管理有限公司,招商银行股份有限公司,跨境型ETF,,931722.CSI,1040454391.75,52472000,47227806,0.83972841648392,0.84259050272243,0.391717963
2024-08-16,520990.SH,景顺长城中证国新港股通央企红利ETF,20240710,中证国新港股通央企红利指数,中证国新港股通央企红利指数收益率(使用估值汇率折算),景顺长城基金管理有限公司,招商银行股份有限公司,跨境型ETF,,931722.CSI,1068362096.75,41690000,37995689,0.8509622414536,0.85319604986921,0.608743774
2024-08-19,520990.SH,景顺长城中证国新港股通央企红利ETF,20240710,中证国新港股通央企红利指数,中证国新港股通央企红利指数收益率(使用估值汇率折算),景顺长城基金管理有限公司,招商银行股份有限公司,跨境型ETF,,931722.CSI,1076999949.25,15811100,14421733,0.8509622414536,0.85388969501133,0.055035773
2024-08-20,520990.SH,景顺长城中证国新港股通央企红利ETF,20240710,中证国新港股通央企红利指数,中证国新港股通央企红利指数收益率(使用估值汇率折算),景顺长城基金管理有限公司,招商银行股份有限公司,跨境型ETF,,931722.CSI,1065737979.5,22999600,20614510,0.83972841648392,0.83907182869779,-0.22246941
2024-08-21,520990.SH,景顺长城中证国新港股通央企红利ETF,20240710,中证国新港股通央企红利指数,中证国新港股通央企红利指数收益率(使用估值汇率折算),景顺长城基金管理有限公司,招商银行股份有限公司,跨境型ETF,,931722.CSI,1065263791.3,15968500,14271120,0.84066456856472,0.83664330923049,-0.066770532
2024-08-22,520990.SH,景顺长城中证国新港股通央企红利ETF,20240710,中证国新港股通央企红利指数,中证国新港股通央企红利指数收益率(使用估值汇率折算),景顺长城基金管理有限公司,招商银行股份有限公司,跨境型ETF,,931722.CSI,1069768579.2,18865500,16929408,0.84440917688795,0.84007847796408,-0.044326241
2024-08-23,520990.SH,景顺长城中证国新港股通央企红利ETF,20240710,中证国新港股通央企红利指数,中证国新港股通央企红利指数收益率(使用估值汇率折算),景顺长城基金管理有限公司,招商银行股份有限公司,跨境型ETF,,931722.CSI,1072139520.2,31263800,28249459,0.84721763313037,0.8458917285974,0.066342326
2024-08-26,520990.SH,景顺长城中证国新港股通央企红利ETF,20240710,中证国新港股通央企红利指数,中证国新港股通央企红利指数收益率(使用估值汇率折算),景顺长城基金管理有限公司,招商银行股份有限公司,跨境型ETF,,931722.CSI,1074747555.3,34678200,31538884,0.85189839353441,0.85140497150752,0.375027576
2024-08-27,520990.SH,景顺长城中证国新港股通央企红利ETF,20240710,中证国新港股通央企红利指数,中证国新港股通央企红利指数收益率(使用估值汇率折算),景顺长城基金管理有限公司,招商银行股份有限公司,跨境型ETF,,931722.CSI,1101949847.6,65027300,60093103,0.86968528306974,0.86511793378476,0.194132873
2024-08-28,520990.SH,景顺长城中证国新港股通央企红利ETF,20240710,中证国新港股通央企红利指数,中证国新港股通央企红利指数收益率(使用估值汇率折算),景顺长城基金管理有限公司,招商银行股份有限公司,跨境型ETF,,931722.CSI,1104331525.05,99790600,91898905,0.86032376226167,0.86211878813875,0.316559328
2024-08-29,520990.SH,景顺长城中证国新港股通央企红利ETF,20240710,中证国新港股通央企红利指数,中证国新港股通央企红利指数收益率(使用估值汇率折算),景顺长城基金管理有限公司,招商银行股份有限公司,跨境型ETF,,931722.CSI,1099991831.25,42750800,38892429,0.84908993729199,0.85166191827966,-0.602739726
2024-08-30,520990.SH,景顺长城中证国新港股通央企红利ETF,20240710,中证国新港股通央企红利指数,中证国新港股通央企红利指数收益率(使用估值汇率折算),景顺长城基金管理有限公司,招商银行股份有限公司,跨境型ETF,,931722.CSI,1102420566.5,43191500,39444145,0.85751530601925,0.85493021583887,0.328587076
2024-09-02,520990.SH,景顺长城中证国新港股通央企红利ETF,20240710,中证国新港股通央企红利指数,中证国新港股通央企红利指数收益率(使用估值汇率折算),景顺长城基金管理有限公司,招商银行股份有限公司,跨境型ETF,,931722.CSI,1105919390.7,33656900,30470112,0.84628148104957,0.84751295428942,-0.154627789
2024-09-03,520990.SH,景顺长城中证国新港股通央企红利ETF,20240710,中证国新港股通央企红利指数,中证国新港股通央企红利指数收益率(使用估值汇率折算),景顺长城基金管理有限公司,招商银行股份有限公司,跨境型ETF,,931722.CSI,1095048303.25,50581900,45443548,0.84066456856472,0.84105326251989,0.167317345
2024-09-04,520990.SH,景顺长城中证国新港股通央企红利ETF,20240710,中证国新港股通央企红利指数,中证国新港股通央企红利指数收益率(使用估值汇率折算),景顺长城基金管理有限公司,招商银行股份有限公司,跨境型ETF,,931722.CSI,1067338993.55,68711600,60097362,0.82006922278697,0.81878853770417,0.332149811
2024-09-05,520990.SH,景顺长城中证国新港股通央企红利ETF,20240710,中证国新港股通央企红利指数,中证国新港股通央企红利指数收益率(使用估值汇率折算),景顺长城基金管理有限公司,招商银行股份有限公司,跨境型ETF,,931722.CSI,1061894753.45,88371600,75845788,0.79947387700921,0.80346165800608,-0.801486816
2024-09-06,520990.SH,景顺长城中证国新港股通央企红利ETF,20240710,中证国新港股通央企红利指数,中证国新港股通央企红利指数收益率(使用估值汇率折算),景顺长城基金管理有限公司,招商银行股份有限公司,跨境型ETF,,931722.CSI,1060784630.0,12438600,10672380,0.79947387700921,0.80322309135783,-0.697674419
2024-09-09,520990.SH,景顺长城中证国新港股通央企红利ETF,20240710,中证国新港股通央企红利指数,中证国新港股通央企红利指数收益率(使用估值汇率折算),景顺长城基金管理有限公司,招商银行股份有限公司,跨境型ETF,,931722.CSI,1019690903.35,44713500,36858438,0.76951701042339,0.77169318950647,-0.808495233
2024-09-10,520990.SH,景顺长城中证国新港股通央企红利ETF,20240710,中证国新港股通央企红利指数,中证国新港股通央企红利指数收益率(使用估值汇率折算),景顺长城基金管理有限公司,招商银行股份有限公司,跨境型ETF,,931722.CSI,1018370415.15,74869600,61588381,0.77419777082742,0.77008680461345,-0.156947966
2024-09-11,520990.SH,景顺长城中证国新港股通央企红利ETF,20240710,中证国新港股通央企红利指数,中证国新港股通央企红利指数收益率(使用估值汇率折算),景顺长城基金管理有限公司,招商银行股份有限公司,跨境型ETF,,931722.CSI,963803645.85,53459300,42963101,0.7582831854537,0.75234798059595,-0.454713039
2024-09-12,520990.SH,景顺长城中证国新港股通央企红利ETF,20240710,中证国新港股通央企红利指数,中证国新港股通央企红利指数收益率(使用估值汇率折算),景顺长城基金管理有限公司,招商银行股份有限公司,跨境型ETF,,931722.CSI,966869739.8,37746800,30735986,0.76483625001935,0.76227805402196,0.171652771
2024-09-13,520990.SH,景顺长城中证国新港股通央企红利ETF,20240710,中证国新港股通央企红利指数,中证国新港股通央企红利指数收益率(使用估值汇率折算),景顺长城基金管理有限公司,招商银行股份有限公司,跨境型ETF,,931722.CSI,976116409.7,21885800,18102464,0.77232546666581,0.77432213313357,0.19431625
2024-09-18,520990.SH,景顺长城中证国新港股通央企红利ETF,20240710,中证国新港股通央企红利指数,中证国新港股通央企红利指数收益率(使用估值汇率折算),景顺长城基金管理有限公司,招商银行股份有限公司,跨境型ETF,,931722.CSI,985007438.45,5093700,4226825,0.77700622706985,0.77683236526635,-0.108316284
2024-09-19,520990.SH,景顺长城中证国新港股通央企红利ETF,20240710,中证国新港股通央企红利指数,中证国新港股通央企红利指数收益率(使用估值汇率折算),景顺长城基金管理有限公司,招商银行股份有限公司,跨境型ETF,,931722.CSI,996862143.45,16341700,13614122,0.78543159579711,0.77989980471193,-0.225948389
2024-09-20,520990.SH,景顺长城中证国新港股通央企红利ETF,20240710,中证国新港股通央企红利指数,中证国新港股通央企红利指数收益率(使用估值汇率折算),景顺长城基金管理有限公司,招商银行股份有限公司,跨境型ETF,,931722.CSI,1001366931.35,14632300,12343911,0.79011235620114,0.78974446723666,-0.082869658
2024-09-23,520990.SH,景顺长城中证国新港股通央企红利ETF,20240710,中证国新港股通央企红利指数,中证国新港股通央企红利指数收益率(使用估值汇率折算),景顺长城基金管理有限公司,招商银行股份有限公司,跨境型ETF,,931722.CSI,1014142548.3,40085600,34377885,0.80509078949406,0.80285510448877,0.86793338
2024-09-24,520990.SH,景顺长城中证国新港股通央企红利ETF,20240710,中证国新港股通央企红利指数,中证国新港股通央企红利指数收益率(使用估值汇率折算),景顺长城基金管理有限公司,招商银行股份有限公司,跨境型ETF,,931722.CSI,1117911286.45,125768700,111301748,0.83223919983746,0.82846815612836,0.236779795
2024-09-25,520990.SH,景顺长城中证国新港股通央企红利ETF,20240710,中证国新港股通央企红利指数,中证国新港股通央企红利指数收益率(使用估值汇率折算),景顺长城基金管理有限公司,招商银行股份有限公司,跨境型ETF,,931722.CSI,1133505238.8,37733200,34286272,0.83879226440311,0.85063458375956,0.268576544
2024-09-26,520990.SH,景顺长城中证国新港股通央企红利ETF,20240710,中证国新港股通央企红利指数,中证国新港股通央企红利指数收益率(使用估值汇率折算),景顺长城基金管理有限公司,招商银行股份有限公司,跨境型ETF,,931722.CSI,1170512250.6,90538000,80951282,0.83972841648392,0.83702656440718,0.425436632
2024-09-27,520990.SH,景顺长城中证国新港股通央企红利ETF,20240710,中证国新港股通央企红利指数,中证国新港股通央企红利指数收益率(使用估值汇率折算),景顺长城基金管理有限公司,招商银行股份有限公司,跨境型ETF,,931722.CSI,1197827690.85,39542300,35861274,0.85938761018087,0.84900489540294,1.582383534
2024-09-30,520990.SH,景顺长城中证国新港股通央企红利ETF,20240710,中证国新港股通央企红利指数,中证国新港股通央企红利指数收益率(使用估值汇率折算),景顺长城基金管理有限公司,招商银行股份有限公司,跨境型ETF,,931722.CSI,1388877644.979,335270400,313058539,0.87998295595862,0.87413145538426,2.229472539
2024-10-08,520990.SH,景顺长城中证国新港股通央企红利ETF,20240710,中证国新港股通央企红利指数,中证国新港股通央企红利指数收益率(使用估值汇率折算),景顺长城基金管理有限公司,招商银行股份有限公司,跨境型ETF,,931722.CSI,1543185617.35,188258000,183375300,0.8902806288475,0.91187183898488,1.526636063
2024-10-09,520990.SH,景顺长城中证国新港股通央企红利ETF,20240710,中证国新港股通央企红利指数,中证国新港股通央企红利指数收益率(使用估值汇率折算),景顺长城基金管理有限公司,招商银行股份有限公司,跨境型ETF,,931722.CSI,1524382537.75,193540000,177795691,0.84347302480715,0.8599969313226,-0.496963004
2024-10-10,520990.SH,景顺长城中证国新港股通央企红利ETF,20240710,中证国新港股通央企红利指数,中证国新港股通央企红利指数收益率(使用估值汇率折算),景顺长城基金管理有限公司,招商银行股份有限公司,跨境型ETF,,931722.CSI,1592938169.55,104782400,98881378,0.88559986844346,0.88343087930576,0.095228018
2024-10-11,520990.SH,景顺长城中证国新港股通央企红利ETF,20240710,中证国新港股通央企红利指数,中证国新港股通央企红利指数收益率(使用估值汇率折算),景顺长城基金管理有限公司,招商银行股份有限公司,跨境型ETF,,931722.CSI,1593275263.65,182007400,171670359,0.87436604347378,0.88298367973358,-1.195387708
2024-10-14,520990.SH,景顺长城中证国新港股通央企红利ETF,20240710,中证国新港股通央企红利指数,中证国新港股通央企红利指数收益率(使用估值汇率折算),景顺长城基金管理有限公司,招商银行股份有限公司,跨境型ETF,,931722.CSI,1850038504.8,249496900,237704030,0.89308908508992,0.89190335551552,0.888324873
2024-10-15,520990.SH,景顺长城中证国新港股通央企红利ETF,20240710,中证国新港股通央企红利指数,中证国新港股通央企红利指数收益率(使用估值汇率折算),景顺长城基金管理有限公司,招商银行股份有限公司,跨境型ETF,,931722.CSI,1808141942.15,49609400,46599027,0.86500452266571,0.87934496465657,0.184321804
2024-10-16,520990.SH,景顺长城中证国新港股通央企红利ETF,20240710,中证国新港股通央企红利指数,中证国新港股通央企红利指数收益率(使用估值汇率折算),景顺长城基金管理有限公司,招商银行股份有限公司,跨境型ETF,,931722.CSI,1791747112.35,133925000,123818938,0.86500452266571,0.86550947509441,-0.291356426
2024-10-17,520990.SH,景顺长城中证国新港股通央企红利ETF,20240710,中证国新港股通央企红利指数,中证国新港股通央企红利指数收益率(使用估值汇率折算),景顺长城基金管理有限公司,招商银行股份有限公司,跨境型ETF,,931722.CSI,1763518443.05,59532800,55439286,0.85845145810006,0.87178165561433,0.537221796
2024-10-18,520990.SH,景顺长城中证国新港股通央企红利ETF,20240710,中证国新港股通央企红利指数,中证国新港股通央企红利指数收益率(使用估值汇率折算),景顺长城基金管理有限公司,招商银行股份有限公司,跨境型ETF,,931722.CSI,1802660388.45,83888500,77670945,0.86781297890813,0.86676739696144,-0.418949404
2024-10-21,520990.SH,景顺长城中证国新港股通央企红利ETF,20240710,中证国新港股通央企红利指数,中证国新港股通央企红利指数收益率(使用估值汇率折算),景顺长城基金管理有限公司,招商银行股份有限公司,跨境型ETF,,931722.CSI,1777679919.0,79291800,73397339,0.86125991434248,0.86655961436807,0.217864924
2024-10-22,520990.SH,景顺长城中证国新港股通央企红利ETF,20240710,中证国新港股通央企红利指数,中证国新港股通央企红利指数收益率(使用估值汇率折算),景顺长城基金管理有限公司,招商银行股份有限公司,跨境型ETF,,931722.CSI,1788866512.65,50369400,46647187,0.86500452266571,0.86697203408905,0.075815011
2024-10-23,520990.SH,景顺长城中证国新港股通央企红利ETF,20240710,中证国新港股通央企红利指数,中证国新港股通央企红利指数收益率(使用估值汇率折算),景顺长城基金管理有限公司,招商银行股份有限公司,跨境型ETF,,931722.CSI,1788091524.45,53896800,50054916,0.8640683705849,0.86942107449833,0.01083541
2024-10-24,520990.SH,景顺长城中证国新港股通央企红利ETF,20240710,中证国新港股通央企红利指数,中证国新港股通央企红利指数收益率(使用估值汇率折算),景顺长城基金管理有限公司,招商银行股份有限公司,跨境型ETF,,931722.CSI,1809742801.15,86986000,80170904,0.86313221850409,0.86280733221187,0.184722373
2024-10-25,520990.SH,景顺长城中证国新港股通央企红利ETF,20240710,中证国新港股通央企红利指数,中证国新港股通央企红利指数收益率(使用估值汇率折算),景顺长城基金管理有限公司,招商银行股份有限公司,跨境型ETF,,931722.CSI,1830921707.8,108204300,99322582,0.85470684977683,0.85931004415192,0.15357613
2024-10-28,520990.SH,景顺长城中证国新港股通央企红利ETF,20240710,中证国新港股通央企红利指数,中证国新港股通央企红利指数收益率(使用估值汇率折算),景顺长城基金管理有限公司,招商银行股份有限公司,跨境型ETF,,931722.CSI,1855534907.8,102334300,93357622,0.85470684977683,0.85403361428668,0.15357613
2024-10-29,520990.SH,景顺长城中证国新港股通央企红利ETF,20240710,中证国新港股通央企红利指数,中证国新港股通央企红利指数收益率(使用估值汇率折算),景顺长城基金管理有限公司,招商银行股份有限公司,跨境型ETF,,931722.CSI,1861209755.9,106450600,96441900,0.84253687272634,0.84813317503128,0.022227162
2024-10-30,520990.SH,景顺长城中证国新港股通央企红利ETF,20240710,中证国新港股通央企红利指数,中证国新港股通央企红利指数收益率(使用估值汇率折算),景顺长城基金管理有限公司,招商银行股份有限公司,跨境型ETF,,931722.CSI,1862763551.05,76449100,68306020,0.83223919983746,0.83643656700533,0.101339939
2024-10-31,520990.SH,景顺长城中证国新港股通央企红利ETF,20240710,中证国新港股通央企红利指数,中证国新港股通央企红利指数收益率(使用估值汇率折算),景顺长城基金管理有限公司,招商银行股份有限公司,跨境型ETF,,931722.CSI,1908578745.0,112276900,100642041,0.83879226440311,0.83914194370185,0.674157303
2024-11-01,520990.SH,景顺长城中证国新港股通央企红利ETF,20240710,中证国新港股通央企红利指数,中证国新港股通央企红利指数收益率(使用估值汇率折算),景顺长城基金管理有限公司,招商银行股份有限公司,跨境型ETF,,931722.CSI,2007682279.65,165596083,149793831,0.84066456856472,0.8468183790477,0.078011813
2024-11-04,520990.SH,景顺长城中证国新港股通央企红利ETF,20240710,中证国新港股通央企红利指数,中证国新港股通央企红利指数收益率(使用估值汇率折算),景顺长城基金管理有限公司,招商银行股份有限公司,跨境型ETF,,931722.CSI,2064983038.65,110266100,98865873,0.83972841648392,0.83936488848118,0.189880487
2024-11-05,520990.SH,景顺长城中证国新港股通央企红利ETF,20240710,中证国新港股通央企红利指数,中证国新港股通央企红利指数收益率(使用估值汇率折算),景顺长城基金管理有限公司,招商银行股份有限公司,跨境型ETF,,931722.CSI,2145834273.0,100120700,90514544,0.84721763313037,0.8463322640463,-0.110375276
2024-11-06,520990.SH,景顺长城中证国新港股通央企红利ETF,20240710,中证国新港股通央企红利指数,中证国新港股通央企红利指数收益率(使用估值汇率折算),景顺长城基金管理有限公司,招商银行股份有限公司,跨境型ETF,,931722.CSI,2179489897.8,146975800,132940423,0.84066456856472,0.84675472843025,0.717810677
2024-11-07,520990.SH,景顺长城中证国新港股通央企红利ETF,20240710,中证国新港股通央企红利指数,中证国新港股通央企红利指数收益率(使用估值汇率折算),景顺长城基金管理有限公司,招商银行股份有限公司,跨境型ETF,,931722.CSI,2245303984.35,134859700,122919406,0.85657915393844,0.85326645171586,0.472164269
2024-11-08,520990.SH,景顺长城中证国新港股通央企红利ETF,20240710,中证国新港股通央企红利指数,中证国新港股通央企红利指数收益率(使用估值汇率折算),景顺长城基金管理有限公司,招商银行股份有限公司,跨境型ETF,,931722.CSI,2287384727.15,258418600,233774350,0.8378561123223,0.8468753572375,0.302588815
2024-11-11,520990.SH,景顺长城中证国新港股通央企红利ETF,20240710,中证国新港股通央企红利指数,中证国新港股通央企红利指数收益率(使用估值汇率折算),景顺长城基金管理有限公司,招商银行股份有限公司,跨境型ETF,,931722.CSI,2274029792.65,95906600,84765736,0.82755843943343,0.82740520608113,0.079248274
2024-11-12,520990.SH,景顺长城中证国新港股通央企红利ETF,20240710,中证国新港股通央企红利指数,中证国新港股通央企红利指数收益率(使用估值汇率折算),景顺长城基金管理有限公司,招商银行股份有限公司,跨境型ETF,,931722.CSI,2254867970.55,84123000,73971909,0.81445231030213,0.82318695875824,0.334448161
2024-11-13,520990.SH,景顺长城中证国新港股通央企红利ETF,20240710,中证国新港股通央企红利指数,中证国新港股通央企红利指数收益率(使用估值汇率折算),景顺长城基金管理有限公司,招商银行股份有限公司,跨境型ETF,,931722.CSI,2329731252.55,183551600,161504536,0.82287767902939,0.82370737948444,0.906899323
2024-11-14,520990.SH,景顺长城中证国新港股通央企红利ETF,20240710,中证国新港股通央企红利指数,中证国新港股通央企红利指数收益率(使用估值汇率折算),景顺长城基金管理有限公司,招商银行股份有限公司,跨境型ETF,,931722.CSI,2334121530.15,81625200,71232866,0.8107077019789,0.81696333641754,0.897122218
2024-11-15,520990.SH,景顺长城中证国新港股通央企红利ETF,20240710,中证国新港股通央企红利指数,中证国新港股通央企红利指数收益率(使用估值汇率折算),景顺长城基金管理有限公司,招商银行股份有限公司,跨境型ETF,,931722.CSI,2361743158.75,85902000,75159593,0.82194152694858,0.81908231914927,1.21037464
2024-11-18,520990.SH,景顺长城中证国新港股通央企红利ETF,20240710,中证国新港股通央企红利指数,中证国新港股通央企红利指数收益率(使用估值汇率折算),景顺长城基金管理有限公司,招商银行股份有限公司,跨境型ETF,,931722.CSI,2434875310.8,171211000,152389438,0.83223919983746,0.83323904116392,1.298997265
2024-11-19,520990.SH,景顺长城中证国新港股通央企红利ETF,20240710,中证国新港股通央企红利指数,中证国新港股通央企红利指数收益率(使用估值汇率折算),景顺长城基金管理有限公司,招商银行股份有限公司,跨境型ETF,,931722.CSI,2458010216.7,93869700,83269366,0.82943074359504,0.83043612846726,0.98016868
2024-11-20,520990.SH,景顺长城中证国新港股通央企红利ETF,20240710,中证国新港股通央企红利指数,中证国新港股通央企红利指数收益率(使用估值汇率折算),景顺长城基金管理有限公司,招商银行股份有限公司,跨境型ETF,,931722.CSI,2469655681.15,65452700,58008867,0.83130304775665,0.82968497170184,0.874701806
2024-11-21,520990.SH,景顺长城中证国新港股通央企红利ETF,20240710,中证国新港股通央企红利指数,中证国新港股通央企红利指数收益率(使用估值汇率折算),景顺长城基金管理有限公司,招商银行股份有限公司,跨境型ETF,,931722.CSI,2461590134.4,25263300,22424984,0.82849459151423,0.83097597834268,0.935218978
2024-11-22,520990.SH,景顺长城中证国新港股通央企红利ETF,20240710,中证国新港股通央企红利指数,中证国新港股通央企红利指数收益率(使用估值汇率折算),景顺长城基金管理有限公司,招商银行股份有限公司,跨境型ETF,,931722.CSI,2438631470.85,63904000,56107134,0.81632461446374,0.82193305962412,0.960981822
2024-11-25,520990.SH,景顺长城中证国新港股通央企红利ETF,20240710,中证国新港股通央企红利指数,中证国新港股通央企红利指数收益率(使用估值汇率折算),景顺长城基金管理有限公司,招商银行股份有限公司,跨境型ETF,,931722.CSI,2443262135.6,37176100,32571919,0.81913307070616,0.82021163456437,1.367006487
2024-11-26,520990.SH,景顺长城中证国新港股通央企红利ETF,20240710,中证国新港股通央企红利指数,中证国新港股通央企红利指数收益率(使用估值汇率折算),景顺长城基金管理有限公司,招商银行股份有限公司,跨境型ETF,,931722.CSI,2437095453.6,25573500,22266811,0.81258000614051,0.81510631906415,1.024208566
2024-11-27,520990.SH,景顺长城中证国新港股通央企红利ETF,20240710,中证国新港股通央企红利指数,中证国新港股通央企红利指数收益率(使用估值汇率折算),景顺长城基金管理有限公司,招商银行股份有限公司,跨境型ETF,,931722.CSI,2467464346.8,31597300,27495834,0.81913307070616,0.81463549773636,0.620975161
2024-11-28,520990.SH,景顺长城中证国新港股通央企红利ETF,20240710,中证国新港股通央企红利指数,中证国新港股通央企红利指数收益率(使用估值汇率折算),景顺长城基金管理有限公司,招商银行股份有限公司,跨境型ETF,,931722.CSI,2437711218.5,27937900,24282979,0.8107077019789,0.81368182000235,1.050175029
2024-11-29,520990.SH,景顺长城中证国新港股通央企红利ETF,20240710,中证国新港股通央企红利指数,中证国新港股通央企红利指数收益率(使用估值汇率折算),景顺长城基金管理有限公司,招商银行股份有限公司,跨境型ETF,,931722.CSI,2447673724.1,43544300,37762256,0.81258000614051,0.81184482309667,0.906765868
2024-12-02,520990.SH,景顺长城中证国新港股通央企红利ETF,20240710,中证国新港股通央企红利指数,中证国新港股通央企红利指数收益率(使用估值汇率折算),景顺长城基金管理有限公司,招商银行股份有限公司,跨境型ETF,,931722.CSI,2496467923.95,90959000,79175855,0.81351615822132,0.81487968653928,0.823761457
2024-12-03,520990.SH,景顺长城中证国新港股通央企红利ETF,20240710,中证国新港股通央企红利指数,中证国新港股通央企红利指数收益率(使用估值汇率折算),景顺长城基金管理有限公司,招商银行股份有限公司,跨境型ETF,,931722.CSI,2549568999.15,103097200,91006168,0.83504765607988,0.82636204998269,1.791623873
2024-12-04,520990.SH,景顺长城中证国新港股通央企红利ETF,20240710,中证国新港股通央企红利指数,中证国新港股通央企红利指数收益率(使用估值汇率折算),景顺长城基金管理有限公司,招商银行股份有限公司,跨境型ETF,,931722.CSI,2643415274.5,194937417,175689394,0.84440917688795,0.84371689283658,1.46231721
2024-12-05,520990.SH,景顺长城中证国新港股通央企红利ETF,20240710,中证国新港股通央企红利指数,中证国新港股通央企红利指数收益率(使用估值汇率折算),景顺长城基金管理有限公司,招商银行股份有限公司,跨境型ETF,,931722.CSI,2702430292.65,155008000,138998455,0.83879226440311,0.8394643687888,1.437790105
2024-12-06,520990.SH,景顺长城中证国新港股通央企红利ETF,20240710,中证国新港股通央企红利指数,中证国新港股通央企红利指数收益率(使用估值汇率折算),景顺长城基金管理有限公司,招商银行股份有限公司,跨境型ETF,,931722.CSI,2750764033.05,112094596,101435823,0.84908993729199,0.84713590269619,1.670216343
2024-12-09,520990.SH,景顺长城中证国新港股通央企红利ETF,20240710,中证国新港股通央企红利指数,中证国新港股通央企红利指数收益率(使用估值汇率折算),景顺长城基金管理有限公司,招商银行股份有限公司,跨境型ETF,,931722.CSI,2836394366.65,107899000,98296465,0.85283454561522,0.85283867548102,-0.032920004
2024-12-10,520990.SH,景顺长城中证国新港股通央企红利ETF,20240710,中证国新港股通央企红利指数,中证国新港股通央企红利指数收益率(使用估值汇率折算),景顺长城基金管理有限公司,招商银行股份有限公司,跨境型ETF,,931722.CSI,2827681120.35,131627100,121580521,0.85564300185764,0.86469927332407,1.251800155
2024-12-11,520990.SH,景顺长城中证国新港股通央企红利ETF,20240710,中证国新港股通央企红利指数,中证国新港股通央企红利指数收益率(使用估值汇率折算),景顺长城基金管理有限公司,招商银行股份有限公司,跨境型ETF,,931722.CSI,2872174167.1,150154500,138611995,0.86125991434248,0.86418926868036,1.52284264
2024-12-12,520990.SH,景顺长城中证国新港股通央企红利ETF,20240710,中证国新港股通央企红利指数,中证国新港股通央企红利指数收益率(使用估值汇率折算),景顺长城基金管理有限公司,招商银行股份有限公司,跨境型ETF,,931722.CSI,2899096702.05,136823900,126340690,0.86874913098894,0.86442573142629,1.966816833
2024-12-13,520990.SH,景顺长城中证国新港股通央企红利ETF,20240710,中证国新港股通央企红利指数,中证国新港股通央企红利指数收益率(使用估值汇率折算),景顺长城基金管理有限公司,招商银行股份有限公司,跨境型ETF,,931722.CSI,2912858932.45,132343400,121201325,0.85564300185764,0.8573368418472,1.679830904
2024-12-16,520990.SH,景顺长城中证国新港股通央企红利ETF,20240710,中证国新港股通央企红利指数,中证国新港股通央企红利指数收益率(使用估值汇率折算),景顺长城基金管理有限公司,招商银行股份有限公司,跨境型ETF,,931722.CSI,2983635449.55,139447700,128516879,0.86032376226167,0.86277036978507,1.535741907
2024-12-17,520990.SH,景顺长城中证国新港股通央企红利ETF,20240710,中证国新港股通央企红利指数,中证国新港股通央企红利指数收益率(使用估值汇率折算),景顺长城基金管理有限公司,招商银行股份有限公司,跨境型ETF,,931722.CSI,3069846555.45,192684400,177970803,0.85938761018087,0.86466645743688,1.447673776
2024-12-18,520990.SH,景顺长城中证国新港股通央企红利ETF,20240710,中证国新港股通央企红利指数,中证国新港股通央企红利指数收益率(使用估值汇率折算),景顺长城基金管理有限公司,招商银行股份有限公司,跨境型ETF,,931722.CSI,3143439154.7,163440600,152124669,0.87062143515055,0.87133689809284,1.817385592
2024-12-19,520990.SH,景顺长城中证国新港股通央企红利ETF,20240710,中证国新港股通央企红利指数,中证国新港股通央企红利指数收益率(使用估值汇率折算),景顺长城基金管理有限公司,招商银行股份有限公司,跨境型ETF,,931722.CSI,3164308537.45,85791800,79383800,0.86687682682732,0.86622858539359,1.881395093
2024-12-20,520990.SH,景顺长城中证国新港股通央企红利ETF,20240710,中证国新港股通央企红利指数,中证国新港股通央企红利指数收益率(使用估值汇率折算),景顺长城基金管理有限公司,招商银行股份有限公司,跨境型ETF,,931722.CSI,3146902532.6,128918200,118086863,0.85377069769602,0.85749927095962,1.64957646
2024-12-23,520990.SH,景顺长城中证国新港股通央企红利ETF,20240710,中证国新港股通央企红利指数,中证国新港股通央企红利指数收益率(使用估值汇率折算),景顺长城基金管理有限公司,招商银行股份有限公司,跨境型ETF,,931722.CSI,3195065096.3,94586600,87208320,0.86687682682732,0.86312702044144,1.915034118
2024-12-24,520990.SH,景顺长城中证国新港股通央企红利ETF,20240710,中证国新港股通央企红利指数,中证国新港股通央企红利指数收益率(使用估值汇率折算),景顺长城基金管理有限公司,招商银行股份有限公司,跨境型ETF,,931722.CSI,3241482506.9,200178100,188268270,0.88559986844346,0.88045461871425,2.625298329
2024-12-25,520990.SH,景顺长城中证国新港股通央企红利ETF,20240710,中证国新港股通央企红利指数,中证国新港股通央企红利指数收益率(使用估值汇率折算),景顺长城基金管理有限公司,招商银行股份有限公司,跨境型ETF,,931722.CSI,3242185801.0,145079947,138466209,0.88747217260508,0.89347585491476,2.819956616
2024-12-26,520990.SH,景顺长城中证国新港股通央企红利ETF,20240710,中证国新港股通央企红利指数,中证国新港股通央企红利指数收益率(使用估值汇率折算),景顺长城基金管理有限公司,招商银行股份有限公司,跨境型ETF,,931722.CSI,3243592389.2,141861600,135420559,0.89683369341315,0.89364731605948,3.859496964
2024-12-27,520990.SH,景顺长城中证国新港股通央企红利ETF,20240710,中证国新港股通央企红利指数,中证国新港股通央企红利指数收益率(使用估值汇率折算),景顺长城基金管理有限公司,招商银行股份有限公司,跨境型ETF,,931722.CSI,3406464653.65,263550600,247958247,0.88185526012023,0.88076683901428,1.804820058
2024-12-30,520990.SH,景顺长城中证国新港股通央企红利ETF,20240710,中证国新港股通央企红利指数,中证国新港股通央企红利指数收益率(使用估值汇率折算),景顺长城基金管理有限公司,招商银行股份有限公司,跨境型ETF,,931722.CSI,3472228859.4,142923800,135546917,0.88653602052427,0.88783343569461,2.179542512
2024-12-31,520990.SH,景顺长城中证国新港股通央企红利ETF,20240710,中证国新港股通央企红利指数,中证国新港股通央企红利指数收益率(使用估值汇率折算),景顺长城基金管理有限公司,招商银行股份有限公司,跨境型ETF,,931722.CSI,3501451349.8612,187631200,179557018,0.89215293300911,0.89586740384439,1.968756687
2025-01-02,520990.SH,景顺长城中证国新港股通央企红利ETF,20240710,中证国新港股通央企红利指数,中证国新港股通央企红利指数收益率(使用估值汇率折算),景顺长城基金管理有限公司,招商银行股份有限公司,跨境型ETF,,931722.CSI,3496039483.9,199609000,187666476,0.87155758723136,0.88014248859082,1.659751037
2025-01-03,520990.SH,景顺长城中证国新港股通央企红利ETF,20240710,中证国新港股通央企红利指数,中证国新港股通央企红利指数收益率(使用估值汇率折算),景顺长城基金管理有限公司,招商银行股份有限公司,跨境型ETF,,931722.CSI,3577569636.55,182250000,171395850,0.87904680387781,0.88039825305455,2.165161571
2025-01-06,520990.SH,景顺长城中证国新港股通央企红利ETF,20240710,中证国新港股通央企红利指数,中证国新港股通央企红利指数收益率(使用估值汇率折算),景顺长城基金管理有限公司,招商银行股份有限公司,跨境型ETF,,931722.CSI,3589517936.55,140091200,131935706,0.88279141220104,0.88165342080478,2.600369927
2025-01-07,520990.SH,景顺长城中证国新港股通央企红利ETF,20240710,中证国新港股通央企红利指数,中证国新港股通央企红利指数收益率(使用估值汇率折算),景顺长城基金管理有限公司,招商银行股份有限公司,跨境型ETF,,931722.CSI,3582402537.45,156441600,145404714,0.86874913098894,0.87010696368647,2.101441303
2025-01-08,520990.SH,景顺长城中证国新港股通央企红利ETF,20240710,中证国新港股通央企红利指数,中证国新港股通央企红利指数收益率(使用估值汇率折算),景顺长城基金管理有限公司,招商银行股份有限公司,跨境型ETF,,931722.CSI,3620908778.9,152954300,141641653,0.86781297890813,0.86691337337296,2.34047251
2025-01-09,520990.SH,景顺长城中证国新港股通央企红利ETF,20240710,中证国新港股通央企红利指数,中证国新港股通央企红利指数收益率(使用估值汇率折算),景顺长城基金管理有限公司,招商银行股份有限公司,跨境型ETF,,931722.CSI,3632902956.35,140812300,129567648,0.86032376226167,0.86139508608605,2.715994188
2025-01-10,520990.SH,景顺长城中证国新港股通央企红利ETF,20240710,中证国新港股通央企红利指数,中证国新港股通央企红利指数收益率(使用估值汇率折算),景顺长城基金管理有限公司,招商银行股份有限公司,跨境型ETF,,931722.CSI,3646116345.3,105824400,96507859,0.84815378521118,0.85373536743022,2.188134446
2025-01-13,520990.SH,景顺长城中证国新港股通央企红利ETF,20240710,中证国新港股通央企红利指数,中证国新港股通央企红利指数收益率(使用估值汇率折算),景顺长城基金管理有限公司,招商银行股份有限公司,跨境型ETF,,931722.CSI,3763555274.5,139938300,127362870,0.8509622414536,0.8520256124882,2.249718785
2025-01-14,520990.SH,景顺长城中证国新港股通央企红利ETF,20240710,中证国新港股通央企红利指数,中证国新港股通央企红利指数收益率(使用估值汇率折算),景顺长城基金管理有限公司,招商银行股份有限公司,跨境型ETF,,931722.CSI,3857409520.8,179733300,165235625,0.8640683705849,0.86064003814097,2.829768271
2025-01-15,520990.SH,景顺长城中证国新港股通央企红利ETF,20240710,中证国新港股通央企红利指数,中证国新港股通央企红利指数收益率(使用估值汇率折算),景顺长城基金管理有限公司,招商银行股份有限公司,跨境型ETF,,931722.CSI,3903621967.85,82864900,76141334,0.85845145810006,0.86019374016651,2.149938732
2025-01-16,520990.SH,景顺长城中证国新港股通央企红利ETF,20240710,中证国新港股通央企红利指数,中证国新港股通央企红利指数收益率(使用估值汇率折算),景顺长城基金管理有限公司,招商银行股份有限公司,跨境型ETF,,931722.CSI,3955016390.85,111423400,103143009,0.86687682682732,0.86658226634665,2.467633064
2025-01-17,520990.SH,景顺长城中证国新港股通央企红利ETF,20240710,中证国新港股通央企红利指数,中证国新港股通央企红利指数收益率(使用估值汇率折算),景顺长城基金管理有限公司,招商银行股份有限公司,跨境型ETF,,931722.CSI,3991364655.75,105286000,97346538,0.86500452266571,0.86555823289005,2.495840266
2025-01-20,520990.SH,景顺长城中证国新港股通央企红利ETF,20240710,中证国新港股通央企红利指数,中证国新港股通央企红利指数收益率(使用估值汇率折算),景顺长城基金管理有限公司,招商银行股份有限公司,跨境型ETF,,931722.CSI,4063292638.65,230716800,212593110,0.85845145810006,0.86261374243982,2.423768569
2025-01-21,520990.SH,景顺长城中证国新港股通央企红利ETF,20240710,中证国新港股通央企红利指数,中证国新港股通央企红利指数收益率(使用估值汇率折算),景顺长城基金管理有限公司,招商银行股份有限公司,跨境型ETF,,931722.CSI,4087354933.2,127409100,115931964,0.85189839353441,0.85182258826604,2.201257862
2025-01-22,520990.SH,景顺长城中证国新港股通央企红利ETF,20240710,中证国新港股通央企红利指数,中证国新港股通央企红利指数收益率(使用估值汇率折算),景顺长城基金管理有限公司,招商银行股份有限公司,跨境型ETF,,931722.CSI,4095018133.8,99961800,90012131,0.84160072064553,0.84297245281224,1.742870077
2025-01-23,520990.SH,景顺长城中证国新港股通央企红利ETF,20240710,中证国新港股通央企红利指数,中证国新港股通央企红利指数收益率(使用估值汇率折算),景顺长城基金管理有限公司,招商银行股份有限公司,跨境型ETF,,931722.CSI,4130293039.55,218839500,197868984,0.84160072064553,0.84644436264374,1.570444018
2025-01-24,520990.SH,景顺长城中证国新港股通央企红利ETF,20240710,中证国新港股通央企红利指数,中证国新港股通央企红利指数收益率(使用估值汇率折算),景顺长城基金管理有限公司,招商银行股份有限公司,跨境型ETF,,931722.CSI,4166645827.3,113696700,102762941,0.84908993729199,0.84612606211967,1.841455199
2025-01-27,520990.SH,景顺长城中证国新港股通央企红利ETF,20240710,中证国新港股通央企红利指数,中证国新港股通央企红利指数收益率(使用估值汇率折算),景顺长城基金管理有限公司,招商银行股份有限公司,跨境型ETF,,931722.CSI,4244843156.05,90725800,82604098,0.85189839353441,0.85234848550125,1.325019486
2025-02-05,520990.SH,景顺长城中证国新港股通央企红利ETF,20240710,中证国新港股通央企红利指数,中证国新港股通央企红利指数收益率(使用估值汇率折算),景顺长城基金管理有限公司,招商银行股份有限公司,跨境型ETF,,931722.CSI,4208449333.2,116904299,105691589,0.84440917688795,0.84636238198693,1.302785265
2025-02-06,520990.SH,景顺长城中证国新港股通央企红利ETF,20240710,中证国新港股通央企红利指数,中证国新港股通央企红利指数收益率(使用估值汇率折算),景顺长城基金管理有限公司,招商银行股份有限公司,跨境型ETF,,931722.CSI,4254250702.95,151817700,137976916,0.85283454561522,0.85080578230825,1.233470386
2025-02-07,520990.SH,景顺长城中证国新港股通央企红利ETF,20240710,中证国新港股通央企红利指数,中证国新港股通央企红利指数收益率(使用估值汇率折算),景顺长城基金管理有限公司,招商银行股份有限公司,跨境型ETF,,931722.CSI,4282025214.6,194812100,177901424,0.85657915393844,0.85488934340391,1.531291611
2025-02-10,520990.SH,景顺长城中证国新港股通央企红利ETF,20240710,中证国新港股通央企红利指数,中证国新港股通央企红利指数收益率(使用估值汇率折算),景顺长城基金管理有限公司,招商银行股份有限公司,跨境型ETF,,931722.CSI,4343834567.25,175551900,161807598,0.85938761018087,0.86285890131687,1.492537313
2025-02-11,520990.SH,景顺长城中证国新港股通央企红利ETF,20240710,中证国新港股通央企红利指数,中证国新港股通央企红利指数收益率(使用估值汇率折算),景顺长城基金管理有限公司,招商银行股份有限公司,跨境型ETF,,931722.CSI,4374945237.6,144685900,133942327,0.87062143515055,0.86663861598945,2.513227513
2025-02-12,520990.SH,景顺长城中证国新港股通央企红利ETF,20240710,中证国新港股通央企红利指数,中证国新港股通央企红利指数收益率(使用估值汇率折算),景顺长城基金管理有限公司,招商银行股份有限公司,跨境型ETF,,931722.CSI,4501510507.2,202394800,189437037,0.87904680387781,0.8762175528693,2.243031359
2025-02-13,520990.SH,景顺长城中证国新港股通央企红利ETF,20240710,中证国新港股通央企红利指数,中证国新港股通央企红利指数收益率(使用估值汇率折算),景顺长城基金管理有限公司,招商银行股份有限公司,跨境型ETF,,931722.CSI,4527745731.55,214249300,201494639,0.87998295595862,0.88042119890853,3.39896601
2025-02-14,520990.SH,景顺长城中证国新港股通央企红利ETF,20240710,中证国新港股通央企红利指数,中证国新港股通央企红利指数收益率(使用估值汇率折算),景顺长城基金管理有限公司,招商银行股份有限公司,跨境型ETF,,931722.CSI,4744044153.8,331702519,309735156,0.86968528306974,0.87415438285681,0.584668688
2025-02-17,520990.SH,景顺长城中证国新港股通央企红利ETF,20240710,中证国新港股通央企红利指数,中证国新港股通央企红利指数收益率(使用估值汇率折算),景顺长城基金管理有限公司,招商银行股份有限公司,跨境型ETF,,931722.CSI,4755858035.95,168797800,157734718,0.88091910803943,0.87479626198453,1.630845664
2025-02-18,520990.SH,景顺长城中证国新港股通央企红利ETF,20240710,中证国新港股通央企红利指数,中证国新港股通央企红利指数收益率(使用估值汇率折算),景顺长城基金管理有限公司,招商银行股份有限公司,跨境型ETF,,931722.CSI,4847666035.65,280007400,264231193,0.87998295595862,0.8834072997395,1.151404283
2025-02-19,520990.SH,景顺长城中证国新港股通央企红利ETF,20240710,中证国新港股通央企红利指数,中证国新港股通央企红利指数收益率(使用估值汇率折算),景顺长城基金管理有限公司,招商银行股份有限公司,跨境型ETF,,931722.CSI,4823551477.25,118513000,111311808,0.87904680387781,0.87926877791967,1.56841536
2025-02-20,520990.SH,景顺长城中证国新港股通央企红利ETF,20240710,中证国新港股通央企红利指数,中证国新港股通央企红利指数收益率(使用估值汇率折算),景顺长城基金管理有限公司,招商银行股份有限公司,跨境型ETF,,931722.CSI,4800868965.9,170858400,159085137,0.86968528306974,0.87164506999962,1.000217439
2025-02-21,520990.SH,景顺长城中证国新港股通央企红利ETF,20240710,中证国新港股通央企红利指数,中证国新港股通央企红利指数收益率(使用估值汇率折算),景顺长城基金管理有限公司,招商银行股份有限公司,跨境型ETF,,931722.CSI,4868200135.35,128635900,120281433,0.87530219555458,0.87535216673886,0.246595904
2025-02-24,520990.SH,景顺长城中证国新港股通央企红利ETF,20240710,中证国新港股通央企红利指数,中证国新港股通央企红利指数收益率(使用估值汇率折算),景顺长城基金管理有限公司,招商银行股份有限公司,跨境型ETF,,931722.CSI,4825400477.25,144784400,135054625,0.87342989139297,0.87324095839306,0.9194159
2025-02-25,520990.SH,景顺长城中证国新港股通央企红利ETF,20240710,中证国新港股通央企红利指数,中证国新港股通央企红利指数收益率(使用估值汇率折算),景顺长城基金管理有限公司,招商银行股份有限公司,跨境型ETF,,931722.CSI,4762244884.2,119465000,110042917,0.85938761018087,0.86231871868436,0.613765892
2025-02-26,520990.SH,景顺长城中证国新港股通央企红利ETF,20240710,中证国新港股通央企红利指数,中证国新港股通央企红利指数收益率(使用估值汇率折算),景顺长城基金管理有限公司,招商银行股份有限公司,跨境型ETF,,931722.CSI,4774249666.35,154154000,141421298,0.86032376226167,0.85882845980729,0.470099486
2025-02-27,520990.SH,景顺长城中证国新港股通央企红利ETF,20240710,中证国新港股通央企红利指数,中证国新港股通央企红利指数收益率(使用估值汇率折算),景顺长城基金管理有限公司,招商银行股份有限公司,跨境型ETF,,931722.CSI,4765376566.5,143809200,132096550,0.86500452266571,0.8599064604346,1.204819277
2025-02-28,520990.SH,景顺长城中证国新港股通央企红利ETF,20240710,中证国新港股通央企红利指数,中证国新港股通央企红利指数收益率(使用估值汇率折算),景顺长城基金管理有限公司,招商银行股份有限公司,跨境型ETF,,931722.CSI,4703786814.6,139690870,128450693,0.85377069769602,0.86082493102847,1.19840213
2025-03-03,520990.SH,景顺长城中证国新港股通央企红利ETF,20240710,中证国新港股通央企红利指数,中证国新港股通央企红利指数收益率(使用估值汇率折算),景顺长城基金管理有限公司,招商银行股份有限公司,跨境型ETF,,931722.CSI,4714747702.65,145420900,134116400,0.86125991434248,0.86337897049427,1.848776708
2025-03-04,520990.SH,景顺长城中证国新港股通央企红利ETF,20240710,中证国新港股通央企红利指数,中证国新港股通央企红利指数收益率(使用估值汇率折算),景顺长城基金管理有限公司,招商银行股份有限公司,跨境型ETF,,931722.CSI,4685975385.55,120788700,109673356,0.85189839353441,0.85000451555892,1.437966782
2025-03-05,520990.SH,景顺长城中证国新港股通央企红利ETF,20240710,中证国新港股通央企红利指数,中证国新港股通央企红利指数收益率(使用估值汇率折算),景顺长城基金管理有限公司,招商银行股份有限公司,跨境型ETF,,931722.CSI,4757025413.7,156193400,143203257,0.86125991434248,0.85829508173134,0.943603248
2025-03-06,520990.SH,景顺长城中证国新港股通央企红利ETF,20240710,中证国新港股通央企红利指数,中证国新港股通央企红利指数收益率(使用估值汇率折算),景顺长城基金管理有限公司,招商银行股份有限公司,跨境型ETF,,931722.CSI,4783122766.2,120970900,111330995,0.86594067474651,0.86155218013232,0.938454823
2025-03-07,520990.SH,景顺长城中证国新港股通央企红利ETF,20240710,中证国新港股通央企红利指数,中证国新港股通央企红利指数收益率(使用估值汇率折算),景顺长城基金管理有限公司,招商银行股份有限公司,跨境型ETF,,931722.CSI,4816005430.35,157594300,146617882,0.86687682682732,0.87094923685578,0.357646039
2025-03-10,520990.SH,景顺长城中证国新港股通央企红利ETF,20240710,中证国新港股通央企红利指数,中证国新港股通央企红利指数收益率(使用估值汇率折算),景顺长城基金管理有限公司,招商银行股份有限公司,跨境型ETF,,931722.CSI,4811829853.95,134970400,124871093,0.86874913098894,0.86610348301998,0.661676971
2025-03-11,520990.SH,景顺长城中证国新港股通央企红利ETF,20240710,中证国新港股通央企红利指数,中证国新港股通央企红利指数收益率(使用估值汇率折算),景顺长城基金管理有限公司,招商银行股份有限公司,跨境型ETF,,931722.CSI,4811869506.75,98614800,90906655,0.86687682682732,0.86297852084533,0.270709258
2025-03-12,520990.SH,景顺长城中证国新港股通央企红利ETF,20240710,中证国新港股通央企红利指数,中证国新港股通央企红利指数收益率(使用估值汇率折算),景顺长城基金管理有限公司,招商银行股份有限公司,跨境型ETF,,931722.CSI,4807180083.3,72132700,66814458,0.86874913098894,0.86713091128843,0.585302406
2025-03-13,520990.SH,景顺长城中证国新港股通央企红利ETF,20240710,中证国新港股通央企红利指数,中证国新港股通央企红利指数收益率(使用估值汇率折算),景顺长城基金管理有限公司,招商银行股份有限公司,跨境型ETF,,931722.CSI,4832190341.7,114042500,106077734,0.87155758723136,0.87077090919084,0.388182014
2025-03-14,520990.SH,景顺长城中证国新港股通央企红利ETF,20240710,中证国新港股通央企红利指数,中证国新港股通央企红利指数收益率(使用估值汇率折算),景顺长城基金管理有限公司,招商银行股份有限公司,跨境型ETF,,931722.CSI,4858242694.2,154909400,145619323,0.88372756428185,0.88001007190114,1.244101244
2025-03-17,520990.SH,景顺长城中证国新港股通央企红利ETF,20240710,中证国新港股通央企红利指数,中证国新港股通央企红利指数收益率(使用估值汇率折算),景顺长城基金管理有限公司,招商银行股份有限公司,跨境型ETF,,931722.CSI,4890547611.3,111174100,105075305,0.88372756428185,0.8847965975635,0.575324952
2025-03-18,520990.SH,景顺长城中证国新港股通央企红利ETF,20240710,中证国新港股通央企红利指数,中证国新港股通央企红利指数收益率(使用估值汇率折算),景顺长城基金管理有限公司,招商银行股份有限公司,跨境型ETF,,931722.CSI,4935607680.9,158686000,150379642,0.88934447676669,0.88714955805375,0.021057065
2025-03-19,520990.SH,景顺长城中证国新港股通央企红利ETF,20240710,中证国新港股通央企红利指数,中证国新港股通央企红利指数收益率(使用估值汇率折算),景顺长城基金管理有限公司,招商银行股份有限公司,跨境型ETF,,931722.CSI,4911278263.65,281033100,267570965,0.8912167809283,0.89130823254733,0.708769703
2025-03-20,520990.SH,景顺长城中证国新港股通央企红利ETF,20240710,中证国新港股通央企红利指数,中证国新港股通央企红利指数收益率(使用估值汇率折算),景顺长城基金管理有限公司,招商银行股份有限公司,跨境型ETF,,931722.CSI,4885173740.5,79887400,75781485,0.88372756428185,0.88803734843539,0.318809777
2025-03-21,520990.SH,景顺长城中证国新港股通央企红利ETF,20240710,中证国新港股通央企红利指数,中证国新港股通央企红利指数收益率(使用估值汇率折算),景顺长城基金管理有限公司,招商银行股份有限公司,跨境型ETF,,931722.CSI,4837931358.95,131215177,123950211,0.88091910803943,0.88432032480604,0.976499624
2025-03-24,520990.SH,景顺长城中证国新港股通央企红利ETF,20240710,中证国新港股通央企红利指数,中证国新港股通央企红利指数收益率(使用估值汇率折算),景顺长城基金管理有限公司,招商银行股份有限公司,跨境型ETF,,931722.CSI,4861812123.25,54666100,51337947,0.87811065179701,0.87915775788673,0.160170849
2025-03-25,520990.SH,景顺长城中证国新港股通央企红利ETF,20240710,中证国新港股通央企红利指数,中证国新港股通央企红利指数收益率(使用估值汇率折算),景顺长城基金管理有限公司,招商银行股份有限公司,跨境型ETF,,931722.CSI,4816646329.9,46977700,44050051,0.87530219555458,0.87781110831961,0.776029317
2025-03-26,520990.SH,景顺长城中证国新港股通央企红利ETF,20240710,中证国新港股通央企红利指数,中证国新港股通央企红利指数收益率(使用估值汇率折算),景顺长城基金管理有限公司,招商银行股份有限公司,跨境型ETF,,931722.CSI,4793284712.65,37891500,35373548,0.87155758723136,0.87394324758133,0.833965125
2025-03-27,520990.SH,景顺长城中证国新港股通央企红利ETF,20240710,中证国新港股通央企红利指数,中证国新港股通央企红利指数收益率(使用估值汇率折算),景顺长城基金管理有限公司,招商银行股份有限公司,跨境型ETF,,931722.CSI,4828586712.05,82634200,77383842,0.87811065179701,0.87667145938538,0.849371035
2025-03-28,520990.SH,景顺长城中证国新港股通央企红利ETF,20240710,中证国新港股通央企红利指数,中证国新港股通央企红利指数收益率(使用估值汇率折算),景顺长城基金管理有限公司,招商银行股份有限公司,跨境型ETF,,931722.CSI,4801074365.6,278893100,258930591,0.86968528306974,0.86914452723731,0.628249567
2025-03-31,520990.SH,景顺长城中证国新港股通央企红利ETF,20240710,中证国新港股通央企红利指数,中证国新港股通央企红利指数收益率(使用估值汇率折算),景顺长城基金管理有限公司,招商银行股份有限公司,跨境型ETF,,931722.CSI,4788073209.6054,109197900,101396664,0.86874913098894,0.86927219287635,0.792874986
2025-04-01,520990.SH,景顺长城中证国新港股通央企红利ETF,20240710,中证国新港股通央企红利指数,中证国新港股通央企红利指数收益率(使用估值汇率折算),景顺长城基金管理有限公司,招商银行股份有限公司,跨境型ETF,,931722.CSI,4848918694.2,114988100,107852263,0.88185526012023,0.87805712440851,1.02960103
2025-04-02,520990.SH,景顺长城中证国新港股通央企红利ETF,20240710,中证国新港股通央企红利指数,中证国新港股通央企红利指数收益率(使用估值汇率折算),景顺长城基金管理有限公司,招商银行股份有限公司,跨境型ETF,,931722.CSI,4865040152.75,94382700,88981390,0.88372756428185,0.88257819919967,0.908605024
2025-04-03,520990.SH,景顺长城中证国新港股通央企红利ETF,20240710,中证国新港股通央企红利指数,中证国新港股通央企红利指数收益率(使用估值汇率折算),景顺长城基金管理有限公司,招商银行股份有限公司,跨境型ETF,,931722.CSI,4822396294.65,168940600,158938546,0.87998295595862,0.88072760815545,1.369567562
2025-04-07,520990.SH,景顺长城中证国新港股通央企红利ETF,20240710,中证国新港股通央企红利指数,中证国新港股通央企红利指数收益率(使用估值汇率折算),景顺长城基金管理有限公司,招商银行股份有限公司,跨境型ETF,,931722.CSI,4317740662.05,314316100,271318333,0.79666542076679,0.80808848798725,2.517768944
2025-04-08,520990.SH,景顺长城中证国新港股通央企红利ETF,20240710,中证国新港股通央企红利指数,中证国新港股通央企红利指数收益率(使用估值汇率折算),景顺长城基金管理有限公司,招商银行股份有限公司,跨境型ETF,,931722.CSI,4456496113.2,242990600,210526276,0.8107077019789,0.81107915837879,1.834430856
2025-04-09,520990.SH,景顺长城中证国新港股通央企红利ETF,20240710,中证国新港股通央企红利指数,中证国新港股通央企红利指数收益率(使用估值汇率折算),景顺长城基金管理有限公司,招商银行股份有限公司,跨境型ETF,,931722.CSI,4487358118.95,221107800,190161000,0.81258000614051,0.8051258971341,1.88989318
2025-04-10,520990.SH,景顺长城中证国新港股通央企红利ETF,20240710,中证国新港股通央企红利指数,中证国新港股通央企红利指数收益率(使用估值汇率折算),景顺长城基金管理有限公司,招商银行股份有限公司,跨境型ETF,,931722.CSI,4558807523.65,144875600,128929634,0.82849459151423,0.83311299588606,2.276667052
2025-04-11,520990.SH,景顺长城中证国新港股通央企红利ETF,20240710,中证国新港股通央企红利指数,中证国新港股通央企红利指数收益率(使用估值汇率折算),景顺长城基金管理有限公司,招商银行股份有限公司,跨境型ETF,,931722.CSI,4604430652.4,88910500,78482327,0.82849459151423,0.82635227253956,1.397800183
2025-04-14,520990.SH,景顺长城中证国新港股通央企红利ETF,20240710,中证国新港股通央企红利指数,中证国新港股通央企红利指数收益率(使用估值汇率折算),景顺长城基金管理有限公司,招商银行股份有限公司,跨境型ETF,,931722.CSI,4689893274.5,61794700,55430193,0.84440917688795,0.83973367483758,1.46231721
2025-04-15,520990.SH,景顺长城中证国新港股通央企红利ETF,20240710,中证国新港股通央企红利指数,中证国新港股通央企红利指数收益率(使用估值汇率折算),景顺长城基金管理有限公司,招商银行股份有限公司,跨境型ETF,,931722.CSI,4710995156.5,82845400,74646308,0.84253687272634,0.84350243415764,0.78387458
2025-04-16,520990.SH,景顺长城中证国新港股通央企红利ETF,20240710,中证国新港股通央企红利指数,中证国新港股通央企红利指数收益率(使用估值汇率折算),景顺长城基金管理有限公司,招商银行股份有限公司,跨境型ETF,,931722.CSI,4686200445.15,166467900,149115516,0.83879226440311,0.83856888075128,0.866824271
2025-04-17,520990.SH,景顺长城中证国新港股通央企红利ETF,20240710,中证国新港股通央企红利指数,中证国新港股通央企红利指数收益率(使用估值汇率折算),景顺长城基金管理有限公司,招商银行股份有限公司,跨境型ETF,,931722.CSI,4702026856.65,46654100,42022390,0.84347302480715,0.84321309036044,1.088297992
2025-04-18,520990.SH,景顺长城中证国新港股通央企红利ETF,20240710,中证国新港股通央企红利指数,中证国新港股通央企红利指数收益率(使用估值汇率折算),景顺长城基金管理有限公司,招商银行股份有限公司,跨境型ETF,,931722.CSI,4698861574.35,23969500,21531177,0.84160072064553,0.84092101006591,0.931851353
2025-04-21,520990.SH,景顺长城中证国新港股通央企红利ETF,20240710,中证国新港股通央企红利指数,中证国新港股通央企红利指数收益率(使用估值汇率折算),景顺长城基金管理有限公司,招商银行股份有限公司,跨境型ETF,,931722.CSI,4699916668.45,19927300,17936610,0.84440917688795,0.84263270860199,1.245931081
2025-04-22,520990.SH,景顺长城中证国新港股通央企红利ETF,20240710,中证国新港股通央企红利指数,中证国新港股通央企红利指数收益率(使用估值汇率折算),景顺长城基金管理有限公司,招商银行股份有限公司,跨境型ETF,,931722.CSI,4712050250.6,49093400,44156765,0.84347302480715,0.84201638991102,0.873264666
2025-04-23,520990.SH,景顺长城中证国新港股通央企红利ETF,20240710,中证国新港股通央企红利指数,中证国新港股通央企红利指数收益率(使用估值汇率折算),景顺长城基金管理有限公司,招商银行股份有限公司,跨境型ETF,,931722.CSI,4714687985.85,76663000,69365143,0.84534532896876,0.8470360272221,1.040617657
2025-04-24,520990.SH,景顺长城中证国新港股通央企红利ETF,20240710,中证国新港股通央企红利指数,中证国新港股通央企红利指数收益率(使用估值汇率折算),景顺长城基金管理有限公司,招商银行股份有限公司,跨境型ETF,,931722.CSI,4693058556.8,36353100,32668366,0.83972841648392,0.8412641234851,0.831834532
2025-04-25,520990.SH,景顺长城中证国新港股通央企红利ETF,20240710,中证国新港股通央企红利指数,中证国新港股通央企红利指数收益率(使用估值汇率折算),景顺长城基金管理有限公司,招商银行股份有限公司,跨境型ETF,,931722.CSI,4689365727.45,48035450,43223658,0.84066456856472,0.84237614879827,1.023737203
2025-04-28,520990.SH,景顺长城中证国新港股通央企红利ETF,20240710,中证国新港股通央企红利指数,中证国新港股通央企红利指数收益率(使用估值汇率折算),景顺长城基金管理有限公司,招商银行股份有限公司,跨境型ETF,,931722.CSI,4700971762.55,43999900,39455229,0.84253687272634,0.83945860620293,0.998765571
2025-04-29,520990.SH,景顺长城中证国新港股通央企红利ETF,20240710,中证国新港股通央企红利指数,中证国新港股通央企红利指数收益率(使用估值汇率折算),景顺长城基金管理有限公司,招商银行股份有限公司,跨境型ETF,,931722.CSI,4679869880.55,82729200,74085451,0.83598380816069,0.8383406235184,0.665088491
2025-04-30,520990.SH,景顺长城中证国新港股通央企红利ETF,20240710,中证国新港股通央企红利指数,中证国新港股通央企红利指数收益率(使用估值汇率折算),景顺长城基金管理有限公司,招商银行股份有限公司,跨境型ETF,,931722.CSI,4687783086.3,43754900,39056424,0.83504765607988,0.83562646918361,0.382624353
2025-05-06,520990.SH,景顺长城中证国新港股通央企红利ETF,20240710,中证国新港股通央企红利指数,中证国新港股通央企红利指数收益率(使用估值汇率折算),景顺长城基金管理有限公司,招商银行股份有限公司,跨境型ETF,,931722.CSI,4749682085.4,55917400,49956402,0.83972841648392,0.83635486775017,-0.200267023
2025-05-07,520990.SH,景顺长城中证国新港股通央企红利ETF,20240710,中证国新港股通央企红利指数,中证国新港股通央企红利指数收益率(使用估值汇率折算),景顺长城基金管理有限公司,招商银行股份有限公司,跨境型ETF,,931722.CSI,4790372508.25,84093650,76232898,0.8509622414536,0.84864417335496,0.27578599
2025-05-08,520990.SH,景顺长城中证国新港股通央企红利ETF,20240710,中证国新港股通央企红利指数,中证国新港股通央企红利指数收益率(使用估值汇率折算),景顺长城基金管理有限公司,招商银行股份有限公司,跨境型ETF,,931722.CSI,4789315614.15,38304900,34772348,0.85002608937279,0.84981832441141,0.187575858
2025-05-09,520990.SH,景顺长城中证国新港股通央企红利ETF,20240710,中证国新港股通央企红利指数,中证国新港股通央企红利指数收益率(使用估值汇率折算),景顺长城基金管理有限公司,招商银行股份有限公司,跨境型ETF,,931722.CSI,4811181466.65,59512900,54170509,0.85189839353441,0.85211499891161,-0.142653352
2025-05-12,520990.SH,景顺长城中证国新港股通央企红利ETF,20240710,中证国新港股通央企红利指数,中证国新港股通央企红利指数收益率(使用估值汇率折算),景顺长城基金管理有限公司,招商银行股份有限公司,跨境型ETF,,931722.CSI,4871552205.85,73851321,67925011,0.86313221850409,0.86102915324279,-1.253079147
2025-05-13,520990.SH,景顺长城中证国新港股通央企红利ETF,20240710,中证国新港股通央企红利指数,中证国新港股通央企红利指数收益率(使用估值汇率折算),景顺长城基金管理有限公司,招商银行股份有限公司,跨境型ETF,,931722.CSI,4810231000.55,109834300,102136389,0.87062143515055,0.87054037844706,0.312803365
2025-05-14,520990.SH,景顺长城中证国新港股通央企红利ETF,20240710,中证国新港股通央企红利指数,中证国新港股通央企红利指数收益率(使用估值汇率折算),景顺长城基金管理有限公司,招商银行股份有限公司,跨境型ETF,,931722.CSI,4881836934.45,165451600,154933845,0.87904680387781,0.87664091120416,-0.413617563
2025-05-15,520990.SH,景顺长城中证国新港股通央企红利ETF,20240710,中证国新港股通央企红利指数,中证国新港股通央企红利指数收益率(使用估值汇率折算),景顺长城基金管理有限公司,招商银行股份有限公司,跨境型ETF,,931722.CSI,4864751281.8,73273200,68898275,0.87811065179701,0.88025722235778,-0.170285228
2025-05-16,520990.SH,景顺长城中证国新港股通央企红利ETF,20240710,中证国新港股通央企红利指数,中证国新港股通央企红利指数收益率(使用估值汇率折算),景顺长城基金管理有限公司,招商银行股份有限公司,跨境型ETF,,931722.CSI,4796257123.25,46316800,43219548,0.87436604347378,0.87355062939883,-0.266951415
2025-05-19,520990.SH,景顺长城中证国新港股通央企红利ETF,20240710,中证国新港股通央企红利指数,中证国新港股通央企红利指数收益率(使用估值汇率折算),景顺长城基金管理有限公司,招商银行股份有限公司,跨境型ETF,,931722.CSI,4827981057.9,69597000,65392463,0.88279141220104,0.87959668242234,-0.084763721
2025-05-20,520990.SH,景顺长城中证国新港股通央企红利ETF,20240710,中证国新港股通央企红利指数,中证国新港股通央企红利指数收益率(使用估值汇率折算),景顺长城基金管理有限公司,招商银行股份有限公司,跨境型ETF,,931722.CSI,4877386756.85,141447200,134485678,0.89402523717073,0.89007804536566,-0.073244742
2025-05-21,520990.SH,景顺长城中证国新港股通央企红利ETF,20240710,中证国新港股通央企红利指数,中证国新港股通央企红利指数收益率(使用估值汇率折算),景顺长城基金管理有限公司,招商银行股份有限公司,跨境型ETF,,931722.CSI,4871269185.45,143780400,138227743,0.90245060589799,0.89999881231872,-0.093273914
2025-05-22,520990.SH,景顺长城中证国新港股通央企红利ETF,20240710,中证国新港股通央企红利指数,中证国新港股通央企红利指数收益率(使用估值汇率折算),景顺长城基金管理有限公司,招商银行股份有限公司,跨境型ETF,,931722.CSI,4824889244.9,77115400,74010338,0.89683369341315,0.89845779079059,0.020881186
2025-05-23,520990.SH,景顺长城中证国新港股通央企红利ETF,20240710,中证国新港股通央企红利指数,中证国新港股通央企红利指数收益率(使用估值汇率折算),景顺长城基金管理有限公司,招商银行股份有限公司,跨境型ETF,,931722.CSI,4808176750.35,71418666,68550932,0.89496138925153,0.89856197584343,-0.695959281
2025-05-26,520990.SH,景顺长城中证国新港股通央企红利ETF,20240710,中证国新港股通央企红利指数,中证国新港股通央企红利指数收益率(使用估值汇率折算),景顺长城基金管理有限公司,招商银行股份有限公司,跨境型ETF,,931722.CSI,4742427444.3,141609800,136655620,0.9033867579788,0.90340105710888,0.041467966
2025-05-27,520990.SH,景顺长城中证国新港股通央企红利ETF,20240710,中证国新港股通央企红利指数,中证国新港股通央企红利指数收益率(使用估值汇率折算),景顺长城基金管理有限公司,招商银行股份有限公司,跨境型ETF,,931722.CSI,4754718620.55,36180753,34854650,0.90151445381718,0.90184007843345,-0.423947885
2025-05-28,520990.SH,景顺长城中证国新港股通央企红利ETF,20240710,中证国新港股通央企红利指数,中证国新港股通央企红利指数收益率(使用估值汇率折算),景顺长城基金管理有限公司,招商银行股份有限公司,跨境型ETF,,931722.CSI,4776865326.0,55124300,53406523,0.90713136630202,0.90697981897492,-0.308641975
2025-05-29,520990.SH,景顺长城中证国新港股通央企红利ETF,20240710,中证国新港股通央企红利指数,中证国新港股通央企红利指数收益率(使用估值汇率折算),景顺长城基金管理有限公司,招商银行股份有限公司,跨境型ETF,,931722.CSI,4785219925.85,58263823,56584917,0.90806751838283,0.90917631326464,-0.379993838
2025-05-30,520990.SH,景顺长城中证国新港股通央企红利ETF,20240710,中证国新港股通央企红利指数,中证国新港股通央企红利指数收益率(使用估值汇率折算),景顺长城基金管理有限公司,招商银行股份有限公司,跨境型ETF,,931722.CSI,4739988203.15,40444700,39069838,0.9033867579788,0.90432887721986,0.072591517
2025-06-03,520990.SH,景顺长城中证国新港股通央企红利ETF,20240710,中证国新港股通央企红利指数,中证国新港股通央企红利指数收益率(使用估值汇率折算),景顺长城基金管理有限公司,招商银行股份有限公司,跨境型ETF,,931722.CSI,4749819144.15,42763800,41214995,0.9033867579788,0.90224683797281,-0.134533789
2025-06-04,520990.SH,景顺长城中证国新港股通央企红利ETF,20240710,中证国新港股通央企红利指数,中证国新港股通央企红利指数收益率(使用估值汇率折算),景顺长城基金管理有限公司,招商银行股份有限公司,跨境型ETF,,931722.CSI,4762599367.45,51236200,49479768,0.9043229100596,0.90405978138601,-0.299308494
2025-06-05,520990.SH,景顺长城中证国新港股通央企红利ETF,20240710,中证国新港股通央企红利指数,中证国新港股通央企红利指数收益率(使用估值汇率折算),景顺长城基金管理有限公司,招商银行股份有限公司,跨境型ETF,,931722.CSI,4749991873.35,139847600,134654347,0.90245060589799,0.90138799045363,-0.485186332
2025-06-06,520990.SH,景顺长城中证国新港股通央企红利ETF,20240710,中证国新港股通央企红利指数,中证国新港股通央企红利指数收益率(使用估值汇率折算),景顺长城基金管理有限公司,招商银行股份有限公司,跨境型ETF,,931722.CSI,4761803173.05,85314000,82828313,0.91181212670606,0.90887659193904,0.195453143
2025-06-09,520990.SH,景顺长城中证国新港股通央企红利ETF,20240710,中证国新港股通央企红利指数,中证国新港股通央企红利指数收益率(使用估值汇率折算),景顺长城基金管理有限公司,招商银行股份有限公司,跨境型ETF,,931722.CSI,4784825984.4,52670400,51248825,0.91274827878687,0.91088532007856,-0.184275184
2025-06-10,520990.SH,景顺长城中证国新港股通央企红利ETF,20240710,中证国新港股通央企红利指数,中证国新港股通央企红利指数收益率(使用估值汇率折算),景顺长城基金管理有限公司,招商银行股份有限公司,跨境型ETF,,931722.CSI,4821559707.25,58235957,57189327,0.92210979959494,0.9193273405124,0.050787202
2025-06-11,520990.SH,景顺长城中证国新港股通央企红利ETF,20240710,中证国新港股通央企红利指数,中证国新港股通央企红利指数收益率(使用估值汇率折算),景顺长城基金管理有限公司,招商银行股份有限公司,跨境型ETF,,931722.CSI,4880329353.25,37611800,37339974,0.93240747248381,0.92938637229223,-0.050175615
2025-06-12,520990.SH,景顺长城中证国新港股通央企红利ETF,20240710,中证国新港股通央企红利指数,中证国新港股通央企红利指数收益率(使用估值汇率折算),景顺长城基金管理有限公司,招商银行股份有限公司,跨境型ETF,,931722.CSI,4845557312.7,68174000,67839544,0.93147132040301,0.93155939620091,0.565999596
2025-06-13,520990.SH,景顺长城中证国新港股通央企红利ETF,20240710,中证国新港股通央企红利指数,中证国新港股通央企红利指数收益率(使用估值汇率折算),景顺长城基金管理有限公司,招商银行股份有限公司,跨境型ETF,,931722.CSI,4916570634.95,167667200,168023393,0.93896053704946,0.93814084675601,-0.089650364
2025-06-16,520990.SH,景顺长城中证国新港股通央企红利ETF,20240710,中证国新港股通央企红利指数,中证国新港股通央企红利指数收益率(使用估值汇率折算),景顺长城基金管理有限公司,招商银行股份有限公司,跨境型ETF,,931722.CSI,4919973558.4,53657800,53839427,0.93896053704946,0.93932087442103,-0.179140127
2025-06-17,520990.SH,景顺长城中证国新港股通央企红利ETF,20240710,中证国新港股通央企红利指数,中证国新港股通央企红利指数收益率(使用估值汇率折算),景顺长城基金管理有限公司,招商银行股份有限公司,跨境型ETF,,931722.CSI,4894894529.35,57003600,57045588,0.93427977664543,0.93684163644158,-0.269811132
2025-06-18,520990.SH,景顺长城中证国新港股通央企红利ETF,20240710,中证国新港股通央企红利指数,中证国新港股通央企红利指数收益率(使用估值汇率折算),景顺长城基金管理有限公司,招商银行股份有限公司,跨境型ETF,,931722.CSI,4854295324.2,52809900,52566561,0.92866286416059,0.9318384519005,-0.040306328
2025-06-19,520990.SH,景顺长城中证国新港股通央企红利ETF,20240710,中证国新港股通央企红利指数,中证国新港股通央企红利指数收益率(使用估值汇率折算),景顺长城基金管理有限公司,招商银行股份有限公司,跨境型ETF,,931722.CSI,4758432690.6,106888700,104131940,0.90806751838283,0.91200783908378,-0.328812166
2025-06-20,520990.SH,景顺长城中证国新港股通央企红利ETF,20240710,中证国新港股通央企红利指数,中证国新港股通央企红利指数收益率(使用估值汇率折算),景顺长城基金管理有限公司,招商银行股份有限公司,跨境型ETF,,931722.CSI,4727211796.2,107014100,104443799,0.91274827878687,0.91366726217613,-0.143383859
2025-06-23,520990.SH,景顺长城中证国新港股通央企红利ETF,20240710,中证国新港股通央企红利指数,中证国新港股通央企红利指数收益率(使用估值汇率折算),景顺长城基金管理有限公司,招商银行股份有限公司,跨境型ETF,,931722.CSI,4745571866.4,103375000,100950002,0.9174290391909,0.91419157852261,-0.081566069
2025-06-24,520990.SH,景顺长城中证国新港股通央企红利ETF,20240710,中证国新港股通央企红利指数,中证国新港股通央企红利指数收益率(使用估值汇率折算),景顺长城基金管理有限公司,招商银行股份有限公司,跨境型ETF,,931722.CSI,4746497842.8,147933300,145274326,0.92210979959494,0.91932555126358,0.346373268
2025-06-25,520990.SH,景顺长城中证国新港股通央企红利ETF,20240710,中证国新港股通央企红利指数,中证国新港股通央企红利指数收益率(使用估值汇率折算),景顺长城基金管理有限公司,招商银行股份有限公司,跨境型ETF,,931722.CSI,4591224657.45,158340066,150269569,0.91620194348404,0.91913708970171,-0.30561703
2025-06-26,520990.SH,景顺长城中证国新港股通央企红利ETF,20240710,中证国新港股通央企红利指数,中证国新港股通央企红利指数收益率(使用估值汇率折算),景顺长城基金管理有限公司,招商银行股份有限公司,跨境型ETF,,931722.CSI,4567032304.95,168571522,159638889,0.9152334424867,0.917179968339,0.116537769
2025-06-27,520990.SH,景顺长城中证国新港股通央企红利ETF,20240710,中证国新港股通央企红利指数,中证国新港股通央企红利指数收益率(使用估值汇率折算),景顺长城基金管理有限公司,招商银行股份有限公司,跨境型ETF,,931722.CSI,4568740946.25,129845500,122663328,0.91329644049202,0.91493009388154,0.053050398
2025-06-30,520990.SH,景顺长城中证国新港股通央企红利ETF,20240710,中证国新港股通央企红利指数,中证国新港股通央企红利指数收益率(使用估值汇率折算),景顺长城基金管理有限公司,招商银行股份有限公司,跨境型ETF,,931722.CSI,4558957243.6278,142570300,134287217,0.91232793949468,0.91223279739588,0.223428024
2025-07-01,520990.SH,景顺长城中证国新港股通央企红利ETF,20240710,中证国新港股通央企红利指数,中证国新港股通央企红利指数收益率(使用估值汇率折算),景顺长城基金管理有限公司,招商银行股份有限公司,跨境型ETF,,931722.CSI,4555561893.6,68066800,64436475,0.91813894547872,0.91684624960482,0.936967632
2025-07-02,520990.SH,景顺长城中证国新港股通央企红利ETF,20240710,中证国新港股通央企红利指数,中证国新港股通央企红利指数收益率(使用估值汇率折算),景顺长城基金管理有限公司,招商银行股份有限公司,跨境型ETF,,931722.CSI,4606491833.85,86910300,82764610,0.92394995146277,0.92230273430757,0.45277456
2025-07-03,520990.SH,景顺长城中证国新港股通央企红利ETF,20240710,中证国新港股通央企红利指数,中证国新港股通央企红利指数收益率(使用估值汇率折算),景顺长城基金管理有限公司,招商银行股份有限公司,跨境型ETF,,931722.CSI,4610031916.0,204630400,194698156,0.92201294946808,0.92149239930304,0
2025-07-04,520990.SH,景顺长城中证国新港股通央企红利ETF,20240710,中证国新港股通央企红利指数,中证国新港股通央企红利指数收益率(使用估值汇率折算),景顺长城基金管理有限公司,招商银行股份有限公司,跨境型ETF,,931722.CSI,4601315469.1,79047400,75244934,0.92104444847074,0.92191259451689,0.084192802
2025-07-07,520990.SH,景顺长城中证国新港股通央企红利ETF,20240710,中证国新港股通央企红利指数,中证国新港股通央企红利指数收益率(使用估值汇率折算),景顺长城基金管理有限公司,招商银行股份有限公司,跨境型ETF,,931722.CSI,4597738592.85,91822400,87312565,0.9200759474734,0.92093330475843,0.242692835
2025-07-08,520990.SH,景顺长城中证国新港股通央企红利ETF,20240710,中证国新港股通央企红利指数,中证国新港股通央企红利指数收益率(使用估值汇率折算),景顺长城基金管理有限公司,招商银行股份有限公司,跨境型ETF,,931722.CSI,4630755122.35,171051800,162900309,0.92201294946808,0.92234698339078,0.559839442
2025-07-09,520990.SH,景顺长城中证国新港股通央企红利ETF,20240710,中证国新港股通央企红利指数,中证国新港股通央企红利指数收益率(使用估值汇率折算),景顺长城基金管理有限公司,招商银行股份有限公司,跨境型ETF,,931722.CSI,4698777128.1,156702000,149717837,0.92298145046543,0.92533518687797,0.506222316
2025-07-10,520990.SH,景顺长城中证国新港股通央企红利ETF,20240710,中证国新港股通央企红利指数,中证国新港股通央企红利指数收益率(使用估值汇率折算),景顺长城基金管理有限公司,招商银行股份有限公司,跨境型ETF,,931722.CSI,4833590139.15,169609700,163004482,0.93266646043883,0.93078404942618,0.700616961
2025-07-11,520990.SH,景顺长城中证国新港股通央企红利ETF,20240710,中证国新港股通央企红利指数,中证国新港股通央企红利指数收益率(使用估值汇率折算),景顺长城基金管理有限公司,招商银行股份有限公司,跨境型ETF,,931722.CSI,4887302532.95,144331200,140268917,0.93944596742021,0.94124199071553,1.052192937
2025-07-14,520990.SH,景顺长城中证国新港股通央企红利ETF,20240710,中证国新港股通央企红利指数,中证国新港股通央企红利指数收益率(使用估值汇率折算),景顺长城基金管理有限公司,招商银行股份有限公司,跨境型ETF,,931722.CSI,4950899820.1,88900700,86794205,0.9462254744016,0.94555244341011,0.493725571
2025-07-15,520990.SH,景顺长城中证国新港股通央企红利ETF,20240710,中证国新港股通央企红利指数,中证国新港股通央企红利指数收益率(使用估值汇率折算),景顺长城基金管理有限公司,招商银行股份有限公司,跨境型ETF,,931722.CSI,5048244514.05,219695200,214118282,0.94525697340426,0.94391579636614,0.195051843
2025-07-16,520990.SH,景顺长城中证国新港股通央企红利ETF,20240710,中证国新港股通央企红利指数,中证国新港股通央企红利指数收益率(使用估值汇率折算),景顺长城基金管理有限公司,招商银行股份有限公司,跨境型ETF,,931722.CSI,5048244514.05,99216400,97152768,0.95009947839096,0.9483568513107,0.708346166
2025-07-17,520990.SH,景顺长城中证国新港股通央企红利ETF,20240710,中证国新港股通央企红利指数,中证国新港股通央企红利指数收益率(使用估值汇率折算),景顺长城基金管理有限公司,招商银行股份有限公司,跨境型ETF,,931722.CSI,5011990608.9,99153000,96619694,0.94331997140957,0.9437563160139,0.849037068
2025-07-18,520990.SH,景顺长城中证国新港股通央企红利ETF,20240710,中证国新港股通央企红利指数,中证国新港股通央企红利指数收益率(使用估值汇率折算),景顺长城基金管理有限公司,招商银行股份有限公司,跨境型ETF,,931722.CSI,5098281584.55,184263800,180397786,0.94816247639628,0.94818100820131,0.399958979
2025-07-21,520990.SH,景顺长城中证国新港股通央企红利ETF,20240710,中证国新港股通央企红利指数,中证国新港股通央企红利指数收益率(使用估值汇率折算),景顺长城基金管理有限公司,招商银行股份有限公司,跨境型ETF,,931722.CSI,5243355523.9,258174200,257599532,0.96946949833777,0.96634521829225,0.522193211
2025-07-22,520990.SH,景顺长城中证国新港股通央企红利ETF,20240710,中证国新港股通央企红利指数,中证国新港股通央企红利指数收益率(使用估值汇率折算),景顺长城基金管理有限公司,招商银行股份有限公司,跨境型ETF,,931722.CSI,5354392404.85,309746300,314024046,0.98883951828457,0.98187646386696,0.919244835
2025-07-23,520990.SH,景顺长城中证国新港股通央企红利ETF,20240710,中证国新港股通央企红利指数,中证国新港股通央企红利指数收益率(使用估值汇率折算),景顺长城基金管理有限公司,招商银行股份有限公司,跨境型ETF,,931722.CSI,5379988469.45,175192000,178682400,0.98496551429521,0.98779671792765,0.404778359
2025-07-24,520990.SH,景顺长城中证国新港股通央企红利ETF,20240710,中证国新港股通央企红利指数,中证国新港股通央企红利指数收益率(使用估值汇率折算),景顺长城基金管理有限公司,招商银行股份有限公司,跨境型ETF,,931722.CSI,5403578910.15,376669700,382714980,0.98690251628989,0.98404474749926,0.068742021
2025-07-25,520990.SH,景顺长城中证国新港股通央企红利ETF,20240710,中证国新港股通央企红利指数,中证国新港股通央企红利指数收益率(使用估值汇率折算),景顺长城基金管理有限公司,招商银行股份有限公司,跨境型ETF,,931722.CSI,5427622957.35,258545100,263922299,0.98787101728723,0.98864379871008,0.324579522
2025-07-28,520990.SH,景顺长城中证国新港股通央企红利ETF,20240710,中证国新港股通央企红利指数,中证国新港股通央企红利指数收益率(使用估值汇率折算),景顺长城基金管理有限公司,招商银行股份有限公司,跨境型ETF,,931722.CSI,5383313652.2,173645816,175482240,0.97624900531915,0.97874356186925,-0.039666799
2025-07-29,520990.SH,景顺长城中证国新港股通央企红利ETF,20240710,中证国新港股通央企红利指数,中证国新港股通央企红利指数收益率(使用估值汇率折算),景顺长城基金管理有限公司,招商银行股份有限公司,跨境型ETF,,931722.CSI,5405201381.25,170987239,172522719,0.98109151030585,0.97719821895821,0.049382716
2025-07-30,520990.SH,景顺长城中证国新港股通央企红利ETF,20240710,中证国新港股通央企红利指数,中证国新港股通央企红利指数收益率(使用估值汇率折算),景顺长城基金管理有限公司,招商银行股份有限公司,跨境型ETF,,931722.CSI,5447027827.55,158314100,162013580,0.99271352227394,0.99113290485619,0.381941044
2025-07-31,520990.SH,景顺长城中证国新港股通央企红利ETF,20240710,中证国新港股通央企红利指数,中证国新港股通央企红利指数收益率(使用估值汇率折算),景顺长城基金管理有限公司,招商银行股份有限公司,跨境型ETF,,931722.CSI,5330109441.0,216962300,218180011,0.96946949833777,0.97393675423447,-0.099800399
2025-08-01,520990.SH,景顺长城中证国新港股通央企红利ETF,20240710,中证国新港股通央企红利指数,中证国新港股通央企红利指数收益率(使用估值汇率折算),景顺长城基金管理有限公司,招商银行股份有限公司,跨境型ETF,,931722.CSI,5235129124.65,265141500,264035136,0.96172149035904,0.96445970377672,0.577332118
2025-08-04,520990.SH,景顺长城中证国新港股通央企红利ETF,20240710,中证国新港股通央企红利指数,中证国新港股通央企红利指数收益率(使用估值汇率折算),景顺长城基金管理有限公司,招商银行股份有限公司,跨境型ETF,,931722.CSI,5049621706.95,296401400,292041862,0.95978448836436,0.95425606833218,0.313796943
2025-08-05,520990.SH,景顺长城中证国新港股通央企红利ETF,20240710,中证国新港股通央企红利指数,中证国新港股通央企红利指数收益率(使用估值汇率折算),景顺长城基金管理有限公司,招商银行股份有限公司,跨境型ETF,,931722.CSI,5072228953.55,114176800,113459403,0.96365849235372,0.96241570059022,0.191320109
2025-08-06,520990.SH,景顺长城中证国新港股通央企红利ETF,20240710,中证国新港股通央企红利指数,中证国新港股通央企红利指数收益率(使用估值汇率折算),景顺长城基金管理有限公司,招商银行股份有限公司,跨境型ETF,,931722.CSI,4997959411.65,312870200,314062927,0.97334350232713,0.97219312682113,0.369519624
2025-08-07,520990.SH,景顺长城中证国新港股通央企红利ETF,20240710,中证国新港股通央企红利指数,中证国新港股通央企红利指数收益率(使用估值汇率折算),景顺长城基金管理有限公司,招商银行股份有限公司,跨境型ETF,,931722.CSI,4943733169.9,161911900,162736801,0.98109151030585,0.9734352698751,0.515975392
2025-08-08,520990.SH,景顺长城中证国新港股通央企红利ETF,20240710,中证国新港股通央企红利指数,中证国新港股通央企红利指数收益率(使用估值汇率折算),景顺长城基金管理有限公司,招商银行股份有限公司,跨境型ETF,,931722.CSI,4947166251.9,144917900,147152632,0.98109151030585,0.98343593754304,0.118600514
2025-08-11,520990.SH,景顺长城中证国新港股通央企红利ETF,20240710,中证国新港股通央企红利指数,中证国新港股通央企红利指数收益率(使用估值汇率折算),景顺长城基金管理有限公司,招商银行股份有限公司,跨境型ETF,,931722.CSI,4948004522.4,73567300,74533138,0.98302851230053,0.98121609040853,0.217219589
2025-08-12,520990.SH,景顺长城中证国新港股通央企红利ETF,20240710,中证国新港股通央企红利指数,中证国新港股通央企红利指数收益率(使用估值汇率折算),景顺长城基金管理有限公司,招商银行股份有限公司,跨境型ETF,,931722.CSI,5001308144.8,92665600,94829295,0.99271352227394,0.99111500691292,-0.05850234
2025-08-13,520990.SH,景顺长城中证国新港股通央企红利ETF,20240710,中证国新港股通央企红利指数,中证国新港股通央企红利指数收益率(使用估值汇率折算),景顺长城基金管理有限公司,招商银行股份有限公司,跨境型ETF,,931722.CSI,4980408003.2,172782800,178283937,1.0004615302527,0.99933657050515,0.252329193
2025-08-14,520990.SH,景顺长城中证国新港股通央企红利ETF,20240710,中证国新港股通央企红利指数,中证国新港股通央企红利指数收益率(使用估值汇率折算),景顺长城基金管理有限公司,招商银行股份有限公司,跨境型ETF,,931722.CSI,4955570685.8,202664900,209005620,0.99465052426862,0.9988022169589,-0.058388478
2025-08-15,520990.SH,景顺长城中证国新港股通央企红利ETF,20240710,中证国新港股通央企红利指数,中证国新港股通央企红利指数收益率(使用估值汇率折算),景顺长城基金管理有限公司,招商银行股份有限公司,跨境型ETF,,931722.CSI,4942971556.6,161590200,166521805,0.99561902526596,0.99805888117861,0.27311744
2025-08-18,520990.SH,景顺长城中证国新港股通央企红利ETF,20240710,中证国新港股通央企红利指数,中证国新港股通央企红利指数收益率(使用估值汇率折算),景顺长城基金管理有限公司,招商银行股份有限公司,跨境型ETF,,931722.CSI,4836722839.65,240167100,246292844,0.99368202327128,0.99320375293623,0.855204954
2025-08-19,520990.SH,景顺长城中证国新港股通央企红利ETF,20240710,中证国新港股通央企红利指数,中证国新港股通央企红利指数收益率(使用估值汇率折算),景顺长城基金管理有限公司,招商银行股份有限公司,跨境型ETF,,931722.CSI,4832312004.4,136590400,139323777,0.98787101728723,0.98788214235946,0.314712825
2025-08-20,520990.SH,景顺长城中证国新港股通央企红利ETF,20240710,中证国新港股通央企红利指数,中证国新港股通央企红利指数收益率(使用估值汇率折算),景顺长城基金管理有限公司,招商银行股份有限公司,跨境型ETF,,931722.CSI,4831961580.65,67800100,68966989,0.98883951828457,0.98516960343814,0.166781124
2025-08-21,520990.SH,景顺长城中证国新港股通央企红利ETF,20240710,中证国新港股通央企红利指数,中证国新港股通央企红利指数收益率(使用估值汇率折算),景顺长城基金管理有限公司,招商银行股份有限公司,跨境型ETF,,931722.CSI,4804831474.3,165203000,169554936,0.99465052426862,0.99401418025092,0.234237751
2025-08-22,520990.SH,景顺长城中证国新港股通央企红利ETF,20240710,中证国新港股通央企红利指数,中证国新港股通央企红利指数收益率(使用估值汇率折算),景顺长城基金管理有限公司,招商银行股份有限公司,跨境型ETF,,931722.CSI,4774494439.5,101261100,103212040,0.98690251628989,0.98716055501609,0
2025-08-25,520990.SH,景顺长城中证国新港股通央企红利ETF,20240710,中证国新港股通央企红利指数,中证国新港股通央企红利指数收益率(使用估值汇率折算),景顺长城基金管理有限公司,招商银行股份有限公司,跨境型ETF,,931722.CSI,4679594739.05,184799400,189853976,0.99561902526596,0.99499113690329,0.380822185
2025-08-26,520990.SH,景顺长城中证国新港股通央企红利ETF,20240710,中证国新港股通央企红利指数,中证国新港股通央企红利指数收益率(使用估值汇率折算),景顺长城基金管理有限公司,招商银行股份有限公司,跨境型ETF,,931722.CSI,4655024204.25,105260900,107979454,0.98980801928191,0.99351429534874,0.343642612
2025-08-27,520990.SH,景顺长城中证国新港股通央企红利ETF,20240710,中证国新港股通央企红利指数,中证国新港股通央企红利指数收益率(使用估值汇率折算),景顺长城基金管理有限公司,招商银行股份有限公司,跨境型ETF,,931722.CSI,4591494664.3,88936100,90382811,0.97528050432181,0.98425546651957,0.238901055
2025-08-28,520990.SH,景顺长城中证国新港股通央企红利ETF,20240710,中证国新港股通央企红利指数,中证国新港股通央企红利指数收益率(使用估值汇率折算),景顺长城基金管理有限公司,招商银行股份有限公司,跨境型ETF,,931722.CSI,4586734075.65,110815500,111873776,0.97915450831117,0.9777500767694,0.168433568
2025-08-29,520990.SH,景顺长城中证国新港股通央企红利ETF,20240710,中证国新港股通央企红利指数,中证国新港股通央企红利指数收益率(使用估值汇率折算),景顺长城基金管理有限公司,招商银行股份有限公司,跨境型ETF,,931722.CSI,4553278323.3,194226800,196148998,0.97624900531915,0.97808592938938,0.538599641
2025-09-01,520990.SH,景顺长城中证国新港股通央企红利ETF,20240710,中证国新港股通央企红利指数,中证国新港股通央企红利指数收益率(使用估值汇率折算),景顺长城基金管理有限公司,招商银行股份有限公司,跨境型ETF,,931722.CSI,4566351181.85,65564600,65992284,0.97334350232713,0.97481861966324,-0.069603261
2025-09-02,520990.SH,景顺长城中证国新港股通央企红利ETF,20240710,中证国新港股通央企红利指数,中证国新港股通央企红利指数收益率(使用估值汇率折算),景顺长城基金管理有限公司,招商银行股份有限公司,跨境型ETF,,931722.CSI,4553183817.4,80218000,80777826,0.97431200332447,0.97525997960547,0.319106502
2025-09-03,520990.SH,景顺长城中证国新港股通央企红利ETF,20240710,中证国新港股通央企红利指数,中证国新港股通央企红利指数收益率(使用估值汇率折算),景顺长城基金管理有限公司,招商银行股份有限公司,跨境型ETF,,931722.CSI,4537200764.75,128207600,128633671,0.96946949833777,0.97171960675545,0.150075038
2025-09-04,520990.SH,景顺长城中证国新港股通央企红利ETF,20240710,中证国新港股通央企红利指数,中证国新港股通央企红利指数收益率(使用估值汇率折算),景顺长城基金管理有限公司,招商银行股份有限公司,跨境型ETF,,931722.CSI,4499101630.1,96181300,95549658,0.96172149035904,0.9621406559127,0.080628905
2025-09-05,520990.SH,景顺长城中证国新港股通央企红利ETF,20240710,中证国新港股通央企红利指数,中证国新港股通央企红利指数收益率(使用估值汇率折算),景顺长城基金管理有限公司,招商银行股份有限公司,跨境型ETF,,931722.CSI,4536881382.15,55557000,55544142,0.97334350232713,0.96827684942344,0.269380425
2025-09-08,520990.SH,景顺长城中证国新港股通央企红利ETF,20240710,中证国新港股通央企红利指数,中证国新港股通央企红利指数收益率(使用估值汇率折算),景顺长城基金管理有限公司,招商银行股份有限公司,跨境型ETF,,931722.CSI,4576180293.05,124317473,125619021,0.98302851230053,0.97864076696144,0.286532951
2025-09-09,520990.SH,景顺长城中证国新港股通央企红利ETF,20240710,中证国新港股通央企红利指数,中证国新港股通央企红利指数收益率(使用估值汇率折算),景顺长城基金管理有限公司,招商银行股份有限公司,跨境型ETF,,931722.CSI,4580249616.5,95870800,97376750,0.98302851230053,0.98371432691465,0.197433366
2025-09-10,520990.SH,景顺长城中证国新港股通央企红利ETF,20240710,中证国新港股通央企红利指数,中证国新港股通央企红利指数收益率(使用估值汇率折算),景顺长城基金管理有限公司,招商银行股份有限公司,跨境型ETF,,931722.CSI,4615499609.85,69456000,70928381,0.98980801928191,0.98903201650313,0.029362827
2025-09-11,520990.SH,景顺长城中证国新港股通央企红利ETF,20240710,中证国新港股通央企红利指数,中证国新港股通央企红利指数收益率(使用估值汇率折算),景顺长城基金管理有限公司,招商银行股份有限公司,跨境型ETF,,931722.CSI,4626099527.25,92371800,94618928,0.99561902526596,0.99206171293925,0.341630063
2025-09-12,520990.SH,景顺长城中证国新港股通央企红利ETF,20240710,中证国新港股通央企红利指数,中证国新港股通央企红利指数收益率(使用估值汇率折算),景顺长城基金管理有限公司,招商银行股份有限公司,跨境型ETF,,931722.CSI,4610510115.75,80882900,82630741,0.98496551429521,0.98942984326079,-0.440528634
2025-09-15,520990.SH,景顺长城中证国新港股通央企红利ETF,20240710,中证国新港股通央企红利指数,中证国新港股通央企红利指数收益率(使用估值汇率折算),景顺长城基金管理有限公司,招商银行股份有限公司,跨境型ETF,,931722.CSI,4606843586.25,81784100,83389102,0.98690251628989,0.98750769959347,-0.342298289
2025-09-16,520990.SH,景顺长城中证国新港股通央企红利ETF,20240710,中证国新港股通央企红利指数,中证国新港股通央企红利指数收益率(使用估值汇率折算),景顺长城基金管理有限公司,招商银行股份有限公司,跨境型ETF,,931722.CSI,4391350439.5,98001100,99674558,0.98496551429521,0.98503903356662,-0.196270854
2025-09-17,520990.SH,景顺长城中证国新港股通央企红利ETF,20240710,中证国新港股通央企红利指数,中证国新港股通央企红利指数收益率(使用估值汇率折算),景顺长城基金管理有限公司,招商银行股份有限公司,跨境型ETF,,931722.CSI,4338870851.0,171142400,174271316,0.98787101728723,0.98620764552693,-0.195694716
2025-09-18,520990.SH,景顺长城中证国新港股通央企红利ETF,20240710,中证国新港股通央企红利指数,中证国新港股通央企红利指数收益率(使用估值汇率折算),景顺长城基金管理有限公司,招商银行股份有限公司,跨境型ETF,,931722.CSI,4289623393.2,75051500,75826467,0.97431200332447,0.97850154779453,-0.435471101
2025-09-19,520990.SH,景顺长城中证国新港股通央企红利ETF,20240710,中证国新港股通央企红利指数,中证国新港股通央企红利指数收益率(使用估值汇率折算),景顺长城基金管理有限公司,招商银行股份有限公司,跨境型ETF,,931722.CSI,4372666710.45,327383516,332832897,0.98206001130319,0.9846219401352,-0.088678688
2025-09-22,520990.SH,景顺长城中证国新港股通央企红利ETF,20240710,中证国新港股通央企红利指数,中证国新港股通央企红利指数收益率(使用估值汇率折算),景顺长城基金管理有限公司,招商银行股份有限公司,跨境型ETF,,931722.CSI,4299853559.0,153871800,153828073,0.96656399534574,0.96822577054051,0
2025-09-23,520990.SH,景顺长城中证国新港股通央企红利ETF,20240710,中证国新港股通央企红利指数,中证国新港股通央企红利指数收益率(使用估值汇率折算),景顺长城基金管理有限公司,招商银行股份有限公司,跨境型ETF,,931722.CSI,4266247489.1,56765100,56357046,0.95978448836436,0.96153896070227,0.080791759
2025-09-24,520990.SH,景顺长城中证国新港股通央企红利ETF,20240710,中证国新港股通央企红利指数,中证国新港股通央企红利指数收益率(使用估值汇率折算),景顺长城基金管理有限公司,招商银行股份有限公司,跨境型ETF,,931722.CSI,4285185795.0,174007300,173081804,0.9655954943484,0.96334981230948,0.707070707
2025-09-25,520990.SH,景顺长城中证国新港股通央企红利ETF,20240710,中证国新港股通央企红利指数,中证国新港股通央企红利指数收益率(使用估值汇率折算),景顺长城基金管理有限公司,招商银行股份有限公司,跨境型ETF,,931722.CSI,4266852760.2,105056100,103926041,0.955910484375,0.95808310377162,0.264120276
2025-09-26,520990.SH,景顺长城中证国新港股通央企红利ETF,20240710,中证国新港股通央企红利指数,中证国新港股通央企红利指数收益率(使用估值汇率折算),景顺长城基金管理有限公司,招商银行股份有限公司,跨境型ETF,,931722.CSI,4284136713.15,93154100,92480544,0.95881598736702,0.96149819598477,0.57909174
2025-09-29,520990.SH,景顺长城中证国新港股通央企红利ETF,20240710,中证国新港股通央企红利指数,中证国新港股通央企红利指数收益率(使用估值汇率折算),景顺长城基金管理有限公司,招商银行股份有限公司,跨境型ETF,,931722.CSI,4308510547.95,97985500,97035223,0.96365849235372,0.95910834003654,0.515203556
2025-09-30,520990.SH,景顺长城中证国新港股通央企红利ETF,20240710,中证国新港股通央企红利指数,中证国新港股通央企红利指数收益率(使用估值汇率折算),景顺长城基金管理有限公司,招商银行股份有限公司,跨境型ETF,,931722.CSI,4310707081.7442,89997400,88919332,0.955910484375,0.95689944070434,0.091268634
2025-10-09,520990.SH,景顺长城中证国新港股通央企红利ETF,20240710,中证国新港股通央企红利指数,中证国新港股通央企红利指数收益率(使用估值汇率折算),景顺长城基金管理有限公司,招商银行股份有限公司,跨境型ETF,,931722.CSI,4374470500.0,101782600,101717521,0.97334350232713,0.96788174536213,0.5
2025-10-10,520990.SH,景顺长城中证国新港股通央企红利ETF,20240710,中证国新港股通央企红利指数,中证国新港股通央企红利指数收益率(使用估值汇率折算),景顺长城基金管理有限公司,招商银行股份有限公司,跨境型ETF,,931722.CSI,4422177935.1,105148300,106033342,0.97624900531915,0.9766529509116,0.578726801
2025-10-13,520990.SH,景顺长城中证国新港股通央企红利ETF,20240710,中证国新港股通央企红利指数,中证国新港股通央企红利指数收益率(使用估值汇率折算),景顺长城基金管理有限公司,招商银行股份有限公司,跨境型ETF,,931722.CSI,4555384811.65,267582800,267454651,0.97140650033245,0.96803716919337,0.169779287
2025-10-14,520990.SH,景顺长城中证国新港股通央企红利ETF,20240710,中证国新港股通央企红利指数,中证国新港股通央企红利指数收益率(使用估值汇率折算),景顺长城基金管理有限公司,招商银行股份有限公司,跨境型ETF,,931722.CSI,4590929547.05,213746300,216412217,0.97624900531915,0.98058047321124,0.789921008
2025-10-15,520990.SH,景顺长城中证国新港股通央企红利ETF,20240710,中证国新港股通央企红利指数,中证国新港股通央企红利指数收益率(使用估值汇率折算),景顺长城基金管理有限公司,招商银行股份有限公司,跨境型ETF,,931722.CSI,4665712093.35,142438500,144414323,0.98399701329787,0.98193547289351,0.723703777
2025-10-16,520990.SH,景顺长城中证国新港股通央企红利ETF,20240710,中证国新港股通央企红利指数,中证国新港股通央企红利指数收益率(使用估值汇率折算),景顺长城基金管理有限公司,招商银行股份有限公司,跨境型ETF,,931722.CSI,4752186050.7,109775300,112656705,0.99755602726064,0.99392241378148,0.448605422
2025-10-17,520990.SH,景顺长城中证国新港股通央企红利ETF,20240710,中证国新港股通央企红利指数,中证国新港股通央企红利指数收益率(使用估值汇率折算),景顺长城基金管理有限公司,招商银行股份有限公司,跨境型ETF,,931722.CSI,4732720546.15,167694300,171484824,0.98496551429521,0.99039277466645,0.663169356
2025-10-20,520990.SH,景顺长城中证国新港股通央企红利ETF,20240710,中证国新港股通央企红利指数,中证国新港股通央企红利指数收益率(使用估值汇率折算),景顺长城基金管理有限公司,招商银行股份有限公司,跨境型ETF,,931722.CSI,4864748733.0,155714000,160208891,0.99949302925532,0.99645806232133,0.584795322
2025-10-21,520990.SH,景顺长城中证国新港股通央企红利ETF,20240710,中证国新港股通央企红利指数,中证国新港股通央企红利指数收益率(使用估值汇率折算),景顺长城基金管理有限公司,招商银行股份有限公司,跨境型ETF,,931722.CSI,4918331673.85,113565400,118165113,1.007241037234,1.0077279681254,1.000291347
2025-10-22,520990.SH,景顺长城中证国新港股通央企红利ETF,20240710,中证国新港股通央企红利指数,中证国新港股通央企红利指数收益率(使用估值汇率折算),景顺长城基金管理有限公司,招商银行股份有限公司,跨境型ETF,,931722.CSI,4933369132.7,162166100,167173922,1.0033670332447,0.9984091014479,0.641150185
2025-10-23,520990.SH,景顺长城中证国新港股通央企红利ETF,20240710,中证国新港股通央企红利指数,中证国新港股通央企红利指数收益率(使用估值汇率折算),景顺长城基金管理有限公司,招商银行股份有限公司,跨境型ETF,,931722.CSI,5016298002.45,133505500,139359115,1.0130520432181,1.0109654049157,0.683415151
2025-10-24,520990.SH,景顺长城中证国新港股通央企红利ETF,20240710,中证国新港股通央企红利指数,中证国新港股通央企红利指数收益率(使用估值汇率折算),景顺长城基金管理有限公司,招商银行股份有限公司,跨境型ETF,,931722.CSI,5024023555.25,81700700,85397520,1.0140205442154,1.0123240472897,0.624699664
2025-10-27,520990.SH,景顺长城中证国新港股通央企红利ETF,20240710,中证国新港股通央企红利指数,中证国新港股通央企红利指数收益率(使用估值汇率折算),景顺长城基金管理有限公司,招商银行股份有限公司,跨境型ETF,,931722.CSI,5066362460.55,106582800,112156068,1.0198315501995,1.0191443996196,0.563460987
2025-10-28,520990.SH,景顺长城中证国新港股通央企红利ETF,20240710,中证国新港股通央企红利指数,中证国新港股通央企红利指数收益率(使用估值汇率折算),景顺长城基金管理有限公司,招商银行股份有限公司,跨境型ETF,,931722.CSI,5040308525.75,72705200,76192400,1.0140205442154,1.0149537500724,0.528084494
2025-10-29,520990.SH,景顺长城中证国新港股通央企红利ETF,20240710,中证国新港股通央企红利指数,中证国新港股通央企红利指数收益率(使用估值汇率折算),景顺长城基金管理有限公司,招商银行股份有限公司,跨境型ETF,,931722.CSI,5038856684.6,62313300,65414715,1.0217685521941,1.0167045673755,1.325393776
2025-10-30,520990.SH,景顺长城中证国新港股通央企红利ETF,20240710,中证国新港股通央企红利指数,中证国新港股通央企红利指数收益率(使用估值汇率折算),景顺长城基金管理有限公司,招商银行股份有限公司,跨境型ETF,,931722.CSI,5078922243.15,90173000,94717227,1.0120835422207,1.0173081611438,0.067030547
2025-10-31,520990.SH,景顺长城中证国新港股通央企红利ETF,20240710,中证国新港股通央企红利指数,中证国新港股通央企红利指数收益率(使用估值汇率折算),景顺长城基金管理有限公司,招商银行股份有限公司,跨境型ETF,,931722.CSI,5022992332.4,107882000,112644659,1.007241037234,1.0112573421569,0.697134005
2025-11-03,520990.SH,景顺长城中证国新港股通央企红利ETF,20240710,中证国新港股通央企红利指数,中证国新港股通央企红利指数收益率(使用估值汇率折算),景顺长城基金管理有限公司,招商银行股份有限公司,跨境型ETF,,931722.CSI,5146919377.65,166417900,175956317,1.0295165601729,1.0240116508071,0.920915219
2025-11-04,520990.SH,景顺长城中证国新港股通央企红利ETF,20240710,中证国新港股通央企红利指数,中证国新港股通央企红利指数收益率(使用估值汇率折算),景顺长城基金管理有限公司,招商银行股份有限公司,跨境型ETF,,931722.CSI,5235514189.45,255451500,272728326,1.0304850611702,1.0340031502418,1.054231171
2025-11-05,520990.SH,景顺长城中证国新港股通央企红利ETF,20240710,中证国新港股通央企红利指数,中证国新港股通央企红利指数收益率(使用估值汇率折算),景顺长城基金管理有限公司,招商银行股份有限公司,跨境型ETF,,931722.CSI,5260990600.95,99284400,104849967,1.0295165601729,1.0227920762034,0.67241216
2025-11-06,520990.SH,景顺长城中证国新港股通央企红利ETF,20240710,中证国新港股通央企红利指数,中证国新港股通央企红利指数收益率(使用估值汇率折算),景顺长城基金管理有限公司,招商银行股份有限公司,跨境型ETF,,931722.CSI,5400043864.35,130039400,139836486,1.0459810771277,1.0414672488152,0.868590642
2025-11-07,520990.SH,景顺长城中证国新港股通央企红利ETF,20240710,中证国新港股通央企红利指数,中证国新港股通央企红利指数收益率(使用估值汇率折算),景顺长城基金管理有限公司,招商银行股份有限公司,跨境型ETF,,931722.CSI,5476747199.0,121550395,131991638,1.052760584109,1.0516957435111,0.834879406
2025-11-10,520990.SH,景顺长城中证国新港股通央企红利ETF,20240710,中证国新港股通央企红利指数,中证国新港股通央企红利指数收益率(使用估值汇率折算),景顺长城基金管理有限公司,招商银行股份有限公司,跨境型ETF,,931722.CSI,5645496520.95,171658888,188490906,1.0682566000665,1.0634673950037,0.647869331
2025-11-11,520990.SH,景顺长城中证国新港股通央企红利ETF,20240710,中证国新港股通央企红利指数,中证国新港股通央企红利指数收益率(使用估值汇率折算),景顺长城基金管理有限公司,招商银行股份有限公司,跨境型ETF,,931722.CSI,5722305220.8,224174517,246738300,1.0701936020612,1.0659832920799,0.674198251
2025-11-12,520990.SH,景顺长城中证国新港股通央企红利ETF,20240710,中证国新港股通央企红利指数,中证国新港股通央企红利指数收益率(使用估值汇率折算),景顺长城基金管理有限公司,招商银行股份有限公司,跨境型ETF,,931722.CSI,6061446037.15,404101199,452219617,1.0847211170213,1.0838254159236,0.692259283
2025-11-13,520990.SH,景顺长城中证国新港股通央企红利ETF,20240710,中证国新港股通央企红利指数,中证国新港股通央企红利指数收益率(使用估值汇率折算),景顺长城基金管理有限公司,招商银行股份有限公司,跨境型ETF,,931722.CSI,6013490696.75,241023000,266586913,1.0711621030585,1.0712242861403,0.22655188
2025-11-14,520990.SH,景顺长城中证国新港股通央企红利ETF,20240710,中证国新港股通央企红利指数,中证国新港股通央企红利指数收益率(使用估值汇率折算),景顺长城基金管理有限公司,招商银行股份有限公司,跨境型ETF,,931722.CSI,5969905486.15,153918000,169236734,1.0624455940824,1.0648913425697,0.614509768
2025-11-17,520990.SH,景顺长城中证国新港股通央企红利ETF,20240710,中证国新港股通央企红利指数,中证国新港股通央企红利指数收益率(使用估值汇率折算),景顺长城基金管理有限公司,招商银行股份有限公司,跨境型ETF,,931722.CSI,5905636668.75,506512500,550096134,1.049855081117,1.0518371302033,-0.32183908
2025-11-18,520990.SH,景顺长城中证国新港股通央企红利ETF,20240710,中证国新港股通央企红利指数,中证国新港股通央企红利指数收益率(使用估值汇率折算),景顺长城基金管理有限公司,招商银行股份有限公司,跨境型ETF,,931722.CSI,5818206093.7,238471400,256594555,1.0392015701463,1.0421043463896,0.149337316
2025-11-19,520990.SH,景顺长城中证国新港股通央企红利ETF,20240710,中证国新港股通央企红利指数,中证国新港股通央企红利指数收益率(使用估值汇率折算),景顺长城基金管理有限公司,招商银行股份有限公司,跨境型ETF,,931722.CSI,5864895151.8,247449554,268531523,1.052760584109,1.0510144133977,0.685439052
2025-11-20,520990.SH,景顺长城中证国新港股通央企红利ETF,20240710,中证国新港股通央企红利指数,中证国新港股通央企红利指数收益率(使用估值汇率折算),景顺长城基金管理有限公司,招商银行股份有限公司,跨境型ETF,,931722.CSI,5851313975.55,145648600,158037064,1.0459810771277,1.0508789930061,0.269241482
2025-11-21,520990.SH,景顺长城中证国新港股通央企红利ETF,20240710,中证国新港股通央企红利指数,中证国新港股通央企红利指数收益率(使用估值汇率折算),景顺长城基金管理有限公司,招商银行股份有限公司,跨境型ETF,,931722.CSI,5740369200.95,225631300,240306885,1.0304850611702,1.0314945567848,0.767118098
2025-11-24,520990.SH,景顺长城中证国新港股通央企红利ETF,20240710,中证国新港股通央企红利指数,中证国新港股通央企红利指数收益率(使用估值汇率折算),景顺长城基金管理有限公司,招商银行股份有限公司,跨境型ETF,,931722.CSI,5766464259.35,134149200,142101770,1.0285480591755,1.0259152195379,0.122560573
2025-11-25,520990.SH,景顺长城中证国新港股通央企红利ETF,20240710,中证国新港股通央企红利指数,中证国新港股通央企红利指数收益率(使用估值汇率折算),景顺长城基金管理有限公司,招商银行股份有限公司,跨境型ETF,,931722.CSI,5775162612.15,97771200,104422588,1.0353275661569,1.0343882515799,0.630706957
2025-11-26,520990.SH,景顺长城中证国新港股通央企红利ETF,20240710,中证国新港股通央企红利指数,中证国新港股通央企红利指数收益率(使用估值汇率折算),景顺长城基金管理有限公司,招商银行股份有限公司,跨境型ETF,,931722.CSI,5775162612.15,79791100,85140785,1.0314535621676,1.0334352476259,0.25416549
2025-11-27,520990.SH,景顺长城中证国新港股通央企红利ETF,20240710,中证国新港股通央企红利指数,中证国新港股通央企红利指数收益率(使用估值汇率折算),景顺长城基金管理有限公司,招商银行股份有限公司,跨境型ETF,,931722.CSI,5804824564.8,240716100,257266538,1.0324220631649,1.0350902936501,0.037537538
2025-11-28,520990.SH,景顺长城中证国新港股通央企红利ETF,20240710,中证国新港股通央企红利指数,中证国新港股通央企红利指数收益率(使用估值汇率折算),景顺长城基金管理有限公司,招商银行股份有限公司,跨境型ETF,,931722.CSI,5776378141.8,84021300,89238553,1.0275795581782,1.0286394947676,0.13212533
2025-12-01,520990.SH,景顺长城中证国新港股通央企红利ETF,20240710,中证国新港股通央企红利指数,中证国新港股通央企红利指数收益率(使用估值汇率折算),景顺长城基金管理有限公司,招商银行股份有限公司,跨境型ETF,,931722.CSI,5871177658.45,178141155,190552897,1.0382330691489,1.0359799833486,0.102717341
2025-12-02,520990.SH,景顺长城中证国新港股通央企红利ETF,20240710,中证国新港股通央企红利指数,中证国新港股通央企红利指数收益率(使用估值汇率折算),景顺长城基金管理有限公司,招商银行股份有限公司,跨境型ETF,,931722.CSI,6052657633.95,241704028,261505077,1.046949578125,1.0478432237136,-0.083186986
2025-12-03,520990.SH,景顺长城中证国新港股通央企红利ETF,20240710,中证国新港股通央企红利指数,中证国新港股通央企红利指数收益率(使用估值汇率折算),景顺长城基金管理有限公司,招商银行股份有限公司,跨境型ETF,,931722.CSI,6047721646.2,144338500,155646279,1.044044075133,1.0443753845566,0.148643627
2025-12-04,520990.SH,景顺长城中证国新港股通央企红利ETF,20240710,中证国新港股通央企红利指数,中证国新港股通央企红利指数收益率(使用估值汇率折算),景顺长城基金管理有限公司,招商银行股份有限公司,跨境型ETF,,931722.CSI,6062101199.0,92936300,100169945,1.0401700711436,1.0438837315025,-0.371057514
2025-12-05,520990.SH,景顺长城中证国新港股通央企红利ETF,20240710,中证国新港股通央企红利指数,中证国新港股通央企红利指数收益率(使用估值汇率折算),景顺长城基金管理有限公司,招商银行股份有限公司,跨境型ETF,,931722.CSI,6069974057.7,133212132,142792770,1.041138572141,1.0381557451389,-0.407633871
2025-12-08,520990.SH,景顺长城中证国新港股通央企红利ETF,20240710,中证国新港股通央企红利指数,中证国新港股通央企红利指数收益率(使用估值汇率折算),景顺长城基金管理有限公司,招商银行股份有限公司,跨境型ETF,,931722.CSI,5975684235.6,181131100,192991410,1.0295165601729,1.0319176169257,-0.018811136
2025-12-09,520990.SH,景顺长城中证国新港股通央企红利ETF,20240710,中证国新港股通央企红利指数,中证国新港股通央企红利指数收益率(使用估值汇率折算),景顺长城基金管理有限公司,招商银行股份有限公司,跨境型ETF,,931722.CSI,5886880801.7,112249700,118084406,1.0120835422207,1.0188433909521,-0.22913882
2025-12-10,520990.SH,景顺长城中证国新港股通央企红利ETF,20240710,中证国新港股通央企红利指数,中证国新港股通央企红利指数收益率(使用估值汇率折算),景顺长城基金管理有限公司,招商银行股份有限公司,跨境型ETF,,931722.CSI,5834048379.0,173256500,179329361,1.0033670332447,1.0024481908668,-0.192678227
2025-12-11,520990.SH,景顺长城中证国新港股通央企红利ETF,20240710,中证国新港股通央企红利指数,中证国新港股通央企红利指数收益率(使用估值汇率折算),景顺长城基金管理有限公司,招商银行股份有限公司,跨境型ETF,,931722.CSI,5820021085.2,100189200,104268811,1.0023985322473,1.0079374567818,0.05800464
2025-12-12,520990.SH,景顺长城中证国新港股通央企红利ETF,20240710,中证国新港股通央企红利指数,中证国新港股通央企红利指数收益率(使用估值汇率折算),景顺长城基金管理有限公司,招商银行股份有限公司,跨境型ETF,,931722.CSI,5853217261.15,108390500,112356430,1.004335534242,1.0039377483507,-0.317216188
2025-12-15,520990.SH,景顺长城中证国新港股通央企红利ETF,20240710,中证国新港股通央企红利指数,中证国新港股通央企红利指数收益率(使用估值汇率折算),景顺长城基金管理有限公司,招商银行股份有限公司,跨境型ETF,,931722.CSI,5808768144.2,202832600,208900843,0.9965875262633,0.99747611967088,-0.329329717
2025-12-16,520990.SH,景顺长城中证国新港股通央企红利ETF,20240710,中证国新港股通央企红利指数,中证国新港股通央企红利指数收益率(使用估值汇率折算),景顺长城基金管理有限公司,招商银行股份有限公司,跨境型ETF,,931722.CSI,5715586922.1,189199766,191878181,0.98012300930851,0.98221162528481,-0.413304468
2025-12-17,520990.SH,景顺长城中证国新港股通央企红利ETF,20240710,中证国新港股通央企红利指数,中证国新港股通央企红利指数收益率(使用估值汇率折算),景顺长城基金管理有限公司,招商银行股份有限公司,跨境型ETF,,931722.CSI,5718294227.7,185575304,187545776,0.98109151030585,0.9787847153573,-0.627820286
2025-12-18,520990.SH,景顺长城中证国新港股通央企红利ETF,20240710,中证国新港股通央企红利指数,中证国新港股通央企红利指数收益率(使用估值汇率折算),景顺长城基金管理有限公司,招商银行股份有限公司,跨境型ETF,,931722.CSI,5758682415.3,143956700,146659857,0.99271352227394,0.98668709253758,-0.155854276
2025-12-19,520990.SH,景顺长城中证国新港股通央企红利ETF,20240710,中证国新港股通央企红利指数,中证国新港股通央企红利指数收益率(使用估值汇率折算),景顺长城基金管理有限公司,招商银行股份有限公司,跨境型ETF,,931722.CSI,5764291885.8,163302800,167194435,0.99465052426862,0.99158114280508,-0.058388478
2025-12-22,520990.SH,景顺长城中证国新港股通央企红利ETF,20240710,中证国新港股通央企红利指数,中证国新港股通央企红利指数收益率(使用估值汇率折算),景顺长城基金管理有限公司,招商银行股份有限公司,跨境型ETF,,931722.CSI,5783364085.5,189557400,193943376,0.9917450212766,0.99091015746982,-0.678952473
2025-12-23,520990.SH,景顺长城中证国新港股通央企红利ETF,20240710,中证国新港股通央企红利指数,中证国新港股通央企红利指数收益率(使用估值汇率折算),景顺长城基金管理有限公司,招商银行股份有限公司,跨境型ETF,,931722.CSI,5642894734.8,143877600,144627950,0.99630978723404,0.99751567614979,-0.15910899
2025-12-24,520990.SH,景顺长城中证国新港股通央企红利ETF,20240710,中证国新港股通央企红利指数,中证国新港股通央企红利指数收益率(使用估值汇率折算),景顺长城基金管理有限公司,招商银行股份有限公司,跨境型ETF,,931722.CSI,5630549499.7,59252900,59313483,0.99531744680851,0.99335504186293,-0.039864461
2025-12-25,520990.SH,景顺长城中证国新港股通央企红利ETF,20240710,中证国新港股通央企红利指数,中证国新港股通央企红利指数收益率(使用估值汇率折算),景顺长城基金管理有限公司,招商银行股份有限公司,跨境型ETF,,931722.CSI,5624938029.2,73778000,73730531,0.99234042553191,0.99170195054398,-0.239425379
2025-12-26,520990.SH,景顺长城中证国新港股通央企红利ETF,20240710,中证国新港股通央企红利指数,中证国新港股通央企红利指数收益率(使用估值汇率折算),景顺长城基金管理有限公司,招商银行股份有限公司,跨境型ETF,,931722.CSI,5622132293.95,138433723,138976985,0.99630978723404,0.99623471395075,0.209601757
2025-12-29,520990.SH,景顺长城中证国新港股通央企红利ETF,20240710,中证国新港股通央企红利指数,中证国新港股通央企红利指数收益率(使用估值汇率折算),景顺长城基金管理有限公司,招商银行股份有限公司,跨境型ETF,,931722.CSI,5671243853.1,369752300,370008391,0.98837106382979,0.99302772200557,-0.220396714
2025-12-30,520990.SH,景顺长城中证国新港股通央企红利ETF,20240710,中证国新港股通央企红利指数,中证国新港股通央企红利指数收益率(使用估值汇率折算),景顺长城基金管理有限公司,招商银行股份有限公司,跨境型ETF,,931722.CSI,5718968205.3,140555900,140541719,0.99531744680851,0.99224030608069,-0.357639579
2025-12-31,520990.SH,景顺长城中证国新港股通央企红利ETF,20240710,中证国新港股通央企红利指数,中证国新港股通央企红利指数收益率(使用估值汇率折算),景顺长城基金管理有限公司,招商银行股份有限公司,跨境型ETF,,931722.CSI,5681470522.0,125455885,124884190,0.98737872340426,0.98781838928328,-0.5
2026-01-05,520990.SH,景顺长城中证国新港股通央企红利ETF,20240710,中证国新港股通央企红利指数,中证国新港股通央企红利指数收益率(使用估值汇率折算),景顺长城基金管理有限公司,招商银行股份有限公司,跨境型ETF,,931722.CSI,5683743088.2,144369800,143483061,0.98539404255319,0.98624533530809,-0.739704118
2026-01-06,520990.SH,景顺长城中证国新港股通央企红利ETF,20240710,中证国新港股通央企红利指数,中证国新港股通央企红利指数收益率(使用估值汇率折算),景顺长城基金管理有限公司,招商银行股份有限公司,跨境型ETF,,931722.CSI,5739421499.1,181416200,181837214,1.0002791489362,0.99464335775029,-0.217778658
2026-01-07,520990.SH,景顺长城中证国新港股通央企红利ETF,20240710,中证国新港股通央企红利指数,中证国新港股通央企红利指数收益率(使用估值汇率折算),景顺长城基金管理有限公司,招商银行股份有限公司,跨境型ETF,,931722.CSI,5696242323.3,170885800,170722313,0.99234042553191,0.99139105022309,-0.259325753
2026-01-08,520990.SH,景顺长城中证国新港股通央企红利ETF,20240710,中证国新港股通央企红利指数,中证国新港股通央企红利指数收益率(使用估值汇率折算),景顺长城基金管理有限公司,招商银行股份有限公司,跨境型ETF,,931722.CSI,5703444158.7,138342600,137947734,0.98837106382979,0.98950802615191,-0.539245057
2026-01-09,520990.SH,景顺长城中证国新港股通央企红利ETF,20240710,中证国新港股通央企红利指数,中证国新港股通央企红利指数收益率(使用估值汇率折算),景顺长城基金管理有限公司,招商银行股份有限公司,跨境型ETF,,931722.CSI,5726226040.7,152996300,153092921,0.99234042553191,0.99296711339466,-0.537099662
2026-01-12,520990.SH,景顺长城中证国新港股通央企红利ETF,20240710,中证国新港股通央企红利指数,中证国新港股通央企红利指数收益率(使用估值汇率折算),景顺长城基金管理有限公司,招商银行股份有限公司,跨境型ETF,,931722.CSI,5729136117.25,183422700,182858518,0.99234042553191,0.98928812826469,-0.447984072
2026-01-13,520990.SH,景顺长城中证国新港股通央企红利ETF,20240710,中证国新港股通央企红利指数,中证国新港股通央企红利指数收益率(使用估值汇率折算),景顺长城基金管理有限公司,招商银行股份有限公司,跨境型ETF,,931722.CSI,5767349369.6,213357992,214694009,0.99730212765957,0.99855431827561,-0.613132911
2026-01-14,520990.SH,景顺长城中证国新港股通央企红利ETF,20240710,中证国新港股通央企红利指数,中证国新港股通央企红利指数收益率(使用估值汇率折算),景顺长城基金管理有限公司,招商银行股份有限公司,跨境型ETF,,931722.CSI,5770771451.9,153545100,154405536,0.99531744680851,0.99790130260571,-0.869737102
2026-01-15,520990.SH,景顺长城中证国新港股通央企红利ETF,20240710,中证国新港股通央企红利指数,中证国新港股通央企红利指数收益率(使用估值汇率折算),景顺长城基金管理有限公司,招商银行股份有限公司,跨境型ETF,,931722.CSI,5776474922.4,174899700,176215926,0.99730212765957,0.99980838727762,-0.77014218
2026-01-16,520990.SH,景顺长城中证国新港股通央企红利ETF,20240710,中证国新港股通央企红利指数,中证国新港股通央企红利指数收益率(使用估值汇率折算),景顺长城基金管理有限公司,招商银行股份有限公司,跨境型ETF,,931722.CSI,5722291952.65,198377000,198165087,0.98737872340426,0.99128037403101,-0.827270009
2026-01-19,520990.SH,景顺长城中证国新港股通央企红利ETF,20240710,中证国新港股通央企红利指数,中证国新港股通央企红利指数收益率(使用估值汇率折算),景顺长城基金管理有限公司,招商银行股份有限公司,跨境型ETF,,931722.CSI,5709918023.15,216400300,215302261,0.98638638297872,0.98730518071705,-1.025589963
2026-01-20,520990.SH,景顺长城中证国新港股通央企红利ETF,20240710,中证国新港股通央企红利指数,中证国新港股通央企红利指数收益率(使用估值汇率折算),景顺长城基金管理有限公司,招商银行股份有限公司,跨境型ETF,,931722.CSI,5713547323.0,166774700,166063129,0.99035574468085,0.98810644598384,-0.795228628
2026-01-21,520990.SH,景顺长城中证国新港股通央企红利ETF,20240710,中证国新港股通央企红利指数,中证国新港股通央企红利指数收益率(使用估值汇率折算),景顺长城基金管理有限公司,招商银行股份有限公司,跨境型ETF,,931722.CSI,5727050910.9,175702700,175277215,0.99035574468085,0.98993735508418,-1.168548227
2026-01-22,520990.SH,景顺长城中证国新港股通央企红利ETF,20240710,中证国新港股通央企红利指数,中证国新港股通央企红利指数收益率(使用估值汇率折算),景顺长城基金管理有限公司,招商银行股份有限公司,跨境型ETF,,931722.CSI,5758637839.2,408096560,412894069,1.0072255319149,1.0040061992462,-0.723787167
2026-01-23,520990.SH,景顺长城中证国新港股通央企红利ETF,20240710,中证国新港股通央企红利指数,中证国新港股通央企红利指数收益率(使用估值汇率折算),景顺长城基金管理有限公司,招商银行股份有限公司,跨境型ETF,,931722.CSI,5670660392.9,267379500,269042512,0.99531744680851,0.99851245456086,-1.065298876
2026-01-26,520990.SH,景顺长城中证国新港股通央企红利ETF,20240710,中证国新港股通央企红利指数,中证国新港股通央企红利指数收益率(使用估值汇率折算),景顺长城基金管理有限公司,招商银行股份有限公司,跨境型ETF,,931722.CSI,5674205679.45,294524140,299963035,1.0171489361702,1.0106656988991,-0.764836867
2026-01-27,520990.SH,景顺长城中证国新港股通央企红利ETF,20240710,中证国新港股通央企红利指数,中证国新港股通央企红利指数收益率(使用估值汇率折算),景顺长城基金管理有限公司,招商银行股份有限公司,跨境型ETF,,931722.CSI,5677501761.75,174316600,178947095,1.0171489361702,1.0187006653411,-0.822447992
2026-01-28,520990.SH,景顺长城中证国新港股通央企红利ETF,20240710,中证国新港股通央企红利指数,中证国新港股通央企红利指数收益率(使用估值汇率折算),景顺长城基金管理有限公司,招商银行股份有限公司,跨境型ETF,,931722.CSI,5830828964.5,343222200,362374016,1.0568425531915,1.0477130711217,-0.374181478
2026-01-29,520990.SH,景顺长城中证国新港股通央企红利ETF,20240710,中证国新港股通央企红利指数,中证国新港股通央企红利指数收益率(使用估值汇率折算),景顺长城基金管理有限公司,招商银行股份有限公司,跨境型ETF,,931722.CSI,5994458493.25,442197207,473901184,1.0647812765957,1.0634877270734,-0.325127729
2026-01-30,520990.SH,景顺长城中证国新港股通央企红利ETF,20240710,中证国新港股通央企红利指数,中证国新港股通央企红利指数收益率(使用估值汇率折算),景顺长城基金管理有限公司,招商银行股份有限公司,跨境型ETF,,931722.CSI,6060278318.5,526295432,557346505,1.0479114893617,1.0508878365876,-0.094607379
2026-02-02,520990.SH,景顺长城中证国新港股通央企红利ETF,20240710,中证国新港股通央企红利指数,中证国新港股通央企红利指数收益率(使用估值汇率折算),景顺长城基金管理有限公司,招商银行股份有限公司,跨境型ETF,,931722.CSI,5882028880.35,277860130,283718588,1.0072255319149,1.0132631275571,-0.752908966
2026-02-03,520990.SH,景顺长城中证国新港股通央企红利ETF,20240710,中证国新港股通央企红利指数,中证国新港股通央企红利指数收益率(使用估值汇率折算),景顺长城基金管理有限公司,招商银行股份有限公司,跨境型ETF,,931722.CSI,5912922203.5,197715400,202458048,1.0191336170213,1.0161439397471,0
2026-02-04,520990.SH,景顺长城中证国新港股通央企红利ETF,20240710,中证国新港股通央企红利指数,中证国新港股通央企红利指数收益率(使用估值汇率折算),景顺长城基金管理有限公司,招商银行股份有限公司,跨境型ETF,,931722.CSI,6032304790.05,240857500,250706829,1.0369957446809,1.0329199687517,-0.105152471
2026-02-05,520990.SH,景顺长城中证国新港股通央企红利ETF,20240710,中证国新港股通央企红利指数,中证国新港股通央企红利指数收益率(使用估值汇率折算),景顺长城基金管理有限公司,招商银行股份有限公司,跨境型ETF,,931722.CSI,6012122143.3,147598200,152450534,1.0280646808511,1.0249639072978,-0.633032803
2026-02-06,520990.SH,景顺长城中证国新港股通央企红利ETF,20240710,中证国新港股通央企红利指数,中证国新港股通央企红利指数收益率(使用估值汇率折算),景顺长城基金管理有限公司,招商银行股份有限公司,跨境型ETF,,931722.CSI,6032304790.05,182454400,188982229,1.0330263829787,1.0278442478988,-0.487525093
2026-02-09,520990.SH,景顺长城中证国新港股通央企红利ETF,20240710,中证国新港股通央企红利指数,中证国新港股通央企红利指数收益率(使用估值汇率折算),景顺长城基金管理有限公司,招商银行股份有限公司,跨境型ETF,,931722.CSI,6035764672.35,177205557,185072598,1.0350110638298,1.0363953803865,-0.353491927
2026-02-10,520990.SH,景顺长城中证国新港股通央企红利ETF,20240710,中证国新港股通央企红利指数,中证国新港股通央企红利指数收益率(使用估值汇率折算),景顺长城基金管理有限公司,招商银行股份有限公司,跨境型ETF,,931722.CSI,6088239553.9,114293000,119754936,1.040965106383,1.0397632764018,-0.644061375
2026-02-11,520990.SH,景顺长城中证国新港股通央企红利ETF,20240710,中证国新港股通央企红利指数,中证国新港股通央企红利指数收益率(使用估值汇率折算),景顺长城基金管理有限公司,招商银行股份有限公司,跨境型ETF,,931722.CSI,6133794670.85,110530700,116402691,1.0498961702128,1.0450589376526,-0.535865376
2026-02-12,520990.SH,景顺长城中证国新港股通央企红利ETF,20240710,中证国新港股通央企红利指数,中证国新港股通央企红利指数收益率(使用估值汇率折算),景顺长城基金管理有限公司,招商银行股份有限公司,跨境型ETF,,931722.CSI,6178773140.75,179746100,191290036,1.055850212766,1.0560720690143,-0.699953336
2026-02-13,520990.SH,景顺长城中证国新港股通央企红利ETF,20240710,中证国新港股通央企红利指数,中证国新港股通央企红利指数收益率(使用估值汇率折算),景顺长城基金管理有限公司,招商银行股份有限公司,跨境型ETF,,931722.CSI,6032478937.25,212051000,222251505,1.0330263829787,1.040075986658,-0.335088559
2026-02-24,520990.SH,景顺长城中证国新港股通央企红利ETF,20240710,中证国新港股通央企红利指数,中证国新港股通央企红利指数收益率(使用估值汇率折算),景顺长城基金管理有限公司,招商银行股份有限公司,跨境型ETF,,931722.CSI,6257722286.75,231055300,247928210,1.0657736170213,1.0648065004904,-0.876788186
2026-02-25,520990.SH,景顺长城中证国新港股通央企红利ETF,20240710,中证国新港股通央企红利指数,中证国新港股通央企红利指数收益率(使用估值汇率折算),景顺长城基金管理有限公司,招商银行股份有限公司,跨境型ETF,,931722.CSI,6284035468.9,299184620,323958189,1.0647812765957,1.0745098031002,-1.178854301
2026-02-26,520990.SH,景顺长城中证国新港股通央企红利ETF,20240710,中证国新港股通央企红利指数,中证国新港股通央企红利指数收益率(使用估值汇率折算),景顺长城基金管理有限公司,招商银行股份有限公司,跨境型ETF,,931722.CSI,6216900811.1,200804650,214248686,1.057834893617,1.0587784308525,-0.763358779
2026-02-27,520990.SH,景顺长城中证国新港股通央企红利ETF,20240710,中证国新港股通央企红利指数,中证国新港股通央企红利指数收益率(使用估值汇率折算),景顺长城基金管理有限公司,招商银行股份有限公司,跨境型ETF,,931722.CSI,6296189156.95,211546200,224867757,1.0667659574468,1.0548304137337,-1.185770751
2026-03-02,520990.SH,景顺长城中证国新港股通央企红利ETF,20240710,中证国新港股通央企红利指数,中证国新港股通央企红利指数收益率(使用估值汇率折算),景顺长城基金管理有限公司,招商银行股份有限公司,跨境型ETF,,931722.CSI,6399784878.9,540467800,588480905,1.0856204255319,1.080496176988,-1.067100742
2026-03-03,520990.SH,景顺长城中证国新港股通央企红利ETF,20240710,中证国新港股通央企红利指数,中证国新港股通央企红利指数收益率(使用估值汇率折算),景顺长城基金管理有限公司,招商银行股份有限公司,跨境型ETF,,931722.CSI,6398627384.8,662470000,731069521,1.0905821276596,1.0950984037957,-0.596960926
2026-03-04,520990.SH,景顺长城中证国新港股通央企红利ETF,20240710,中证国新港股通央企红利指数,中证国新港股通央企红利指数收益率(使用估值汇率折算),景顺长城基金管理有限公司,招商银行股份有限公司,跨境型ETF,,931722.CSI,6274389150.6,915236410,987048898,1.0717276595745,1.0702027506337,-1.207464325
2026-03-05,520990.SH,景顺长城中证国新港股通央企红利ETF,20240710,中证国新港股通央企红利指数,中证国新港股通央企红利指数收益率(使用估值汇率折算),景顺长城基金管理有限公司,招商银行股份有限公司,跨境型ETF,,931722.CSI,6156609944.85,848024500,924584045,1.0786740425532,1.0819287941036,-0.430521205
2026-03-06,520990.SH,景顺长城中证国新港股通央企红利ETF,20240710,中证国新港股通央企红利指数,中证国新港股通央企红利指数收益率(使用估值汇率折算),景顺长城基金管理有限公司,招商银行股份有限公司,跨境型ETF,,931722.CSI,6076295161.95,333596319,362562549,1.0846280851064,1.0785055279839,-0.446306585
2026-03-09,520990.SH,景顺长城中证国新港股通央企红利ETF,20240710,中证国新港股通央企红利指数,中证国新港股通央企红利指数收益率(使用估值汇率折算),景顺长城基金管理有限公司,招商银行股份有限公司,跨境型ETF,,931722.CSI,6083415620.8,409236500,449546908,1.0776817021277,1.0900874432786,-1.056851312
2026-03-10,520990.SH,景顺长城中证国新港股通央企红利ETF,20240710,中证国新港股通央企红利指数,中证国新港股通央企红利指数收益率(使用估值汇率折算),景顺长城基金管理有限公司,招商银行股份有限公司,跨境型ETF,,931722.CSI,5699163962.7,722087800,783612238,1.0786740425532,1.0768913443891,-0.220304755
2026-03-11,520990.SH,景顺长城中证国新港股通央企红利ETF,20240710,中证国新港股通央企红利指数,中证国新港股通央企红利指数收益率(使用估值汇率折算),景顺长城基金管理有限公司,招商银行股份有限公司,跨境型ETF,,931722.CSI,5701809878.6,473856900,518488007,1.0925668085106,1.0858058825345,-0.739271547
2026-03-12,520990.SH,景顺长城中证国新港股通央企红利ETF,20240710,中证国新港股通央企红利指数,中证国新港股通央企红利指数收益率(使用估值汇率折算),景顺长城基金管理有限公司,招商银行股份有限公司,跨境型ETF,,931722.CSI,5748920795.4,388072800,432069962,1.1084442553191,1.1048455082413,-0.160886664
2026-03-13,520990.SH,景顺长城中证国新港股通央企红利ETF,20240710,中证国新港股通央企红利指数,中证国新港股通央企红利指数收益率(使用估值汇率折算),景顺长城基金管理有限公司,招商银行股份有限公司,跨境型ETF,,931722.CSI,5727164607.5,275975900,306500279,1.0975285106383,1.1020984705132,-0.807174888
2026-03-16,520990.SH,景顺长城中证国新港股通央企红利ETF,20240710,中证国新港股通央企红利指数,中证国新港股通央企红利指数收益率(使用估值汇率折算),景顺长城基金管理有限公司,招商银行股份有限公司,跨境型ETF,,931722.CSI,5694309207.95,239176600,264213682,1.0955438297872,1.0962189345748,-0.531579422
2026-03-17,520990.SH,景顺长城中证国新港股通央企红利ETF,20240710,中证国新港股通央企红利指数,中证国新港股通央企红利指数收益率(使用估值汇率折算),景顺长城基金管理有限公司,招商银行股份有限公司,跨境型ETF,,931722.CSI,5606470367.85,306587900,337392297,1.087605106383,1.092045757762,-0.154869272
2026-03-18,520990.SH,景顺长城中证国新港股通央企红利ETF,20240710,中证国新港股通央企红利指数,中证国新港股通央企红利指数收益率(使用估值汇率折算),景顺长城基金管理有限公司,招商银行股份有限公司,跨境型ETF,,931722.CSI,5456403668.0,265094419,289690023,1.087605106383,1.0844103085255,0
2026-03-19,520990.SH,景顺长城中证国新港股通央企红利ETF,20240710,中证国新港股通央企红利指数,中证国新港股通央企红利指数收益率(使用估值汇率折算),景顺长城基金管理有限公司,招商银行股份有限公司,跨境型ETF,,931722.CSI,5465862761.95,311037456,341513253,1.0846280851064,1.0895710476966,-0.446306585
2026-03-20,520990.SH,景顺长城中证国新港股通央企红利ETF,20240710,中证国新港股通央企红利指数,中证国新港股通央企红利指数收益率(使用估值汇率折算),景顺长城基金管理有限公司,招商银行股份有限公司,跨境型ETF,,931722.CSI,5416457261.95,299174800,326831645,1.0836357446809,1.0840761109445,-0.537389562
2026-03-23,520990.SH,景顺长城中证国新港股通央企红利ETF,20240710,中证国新港股通央企红利指数,中证国新港股通央企红利指数收益率(使用估值汇率折算),景顺长城基金管理有限公司,招商银行股份有限公司,跨境型ETF,,931722.CSI,5329134834.1,390770200,420593963,1.0588272340426,1.0680763073018,-1.221995927
2026-03-24,520990.SH,景顺长城中证国新港股通央企红利ETF,20240710,中证国新港股通央企红利指数,中证国新港股通央企红利指数收益率(使用估值汇率折算),景顺长城基金管理有限公司,招商银行股份有限公司,跨境型ETF,,931722.CSI,5015067387.2,468518800,504082940,1.0697429787234,1.0676666105671,-0.037091988
2026-03-25,520990.SH,景顺长城中证国新港股通央企红利ETF,20240710,中证国新港股通央企红利指数,中证国新港股通央企红利指数收益率(使用估值汇率折算),景顺长城基金管理有限公司,招商银行股份有限公司,跨境型ETF,,931722.CSI,5023903281.15,311930856,334813131,1.0647812765957,1.065135425045,-0.675738221
2026-03-26,520990.SH,景顺长城中证国新港股通央企红利ETF,20240710,中证国新港股通央企红利指数,中证国新港股通央企红利指数收益率(使用估值汇率折算),景顺长城基金管理有限公司,招商银行股份有限公司,跨境型ETF,,931722.CSI,5013207199.0,492791240,529807323,1.0717276595745,1.0668802155569,0.185528757
2026-03-27,520990.SH,景顺长城中证国新港股通央企红利ETF,20240710,中证国新港股通央企红利指数,中证国新港股通央企红利指数收益率(使用估值汇率折算),景顺长城基金管理有限公司,招商银行股份有限公司,跨境型ETF,,931722.CSI,5027442592.95,259901500,279494191,1.07272,1.067148071214,0.101861283
2026-03-30,520990.SH,景顺长城中证国新港股通央企红利ETF,20240710,中证国新港股通央企红利指数,中证国新港股通央企红利指数收益率(使用估值汇率折算),景顺长城基金管理有限公司,招商银行股份有限公司,跨境型ETF,,931722.CSI,5032098063.45,258997298,278317293,1.0687506382979,1.0663644103674,-0.360810436
2026-03-31,520990.SH,景顺长城中证国新港股通央企红利ETF,20240710,中证国新港股通央企红利指数,中证国新港股通央企红利指数收益率(使用估值汇率折算),景顺长城基金管理有限公司,招商银行股份有限公司,跨境型ETF,,931722.CSI,4928874047.537,336457500,356996777,1.0489038297872,1.0529185219581,-0.141709967
2026-04-01,520990.SH,景顺长城中证国新港股通央企红利ETF,20240710,中证国新港股通央企红利指数,中证国新港股通央企红利指数收益率(使用估值汇率折算),景顺长城基金管理有限公司,招商银行股份有限公司,跨境型ETF,,931722.CSI,4922354965.55,321061400,342100567,1.0528731914894,1.0573685352132,0.368933876
2026-04-02,520990.SH,景顺长城中证国新港股通央企红利ETF,20240710,中证国新港股通央企红利指数,中证国新港股通央企红利指数收益率(使用估值汇率折算),景顺长城基金管理有限公司,招商银行股份有限公司,跨境型ETF,,931722.CSI,5062100176.9,261130300,277299847,1.0518808510638,1.0537875082743,-0.169523451
2026-04-03,520990.SH,景顺长城中证国新港股通央企红利ETF,20240710,中证国新港股通央企红利指数,中证国新港股通央企红利指数收益率(使用估值汇率折算),景顺长城基金管理有限公司,招商银行股份有限公司,跨境型ETF,,931722.CSI,5066390900.35,72594400,76945616,1.0508885106383,1.051820048437,-0.348169756
2026-04-07,520990.SH,景顺长城中证国新港股通央企红利ETF,20240710,中证国新港股通央企红利指数,中证国新港股通央企红利指数收益率(使用估值汇率折算),景顺长城基金管理有限公司,招商银行股份有限公司,跨境型ETF,,931722.CSI,5060669935.75,63475700,67509560,1.057834893617,1.0554033354161,0.423928403
2026-04-08,520990.SH,景顺长城中证国新港股通央企红利ETF,20240710,中证国新港股通央企红利指数,中证国新港股通央企红利指数收益率(使用估值汇率折算),景顺长城基金管理有限公司,招商银行股份有限公司,跨境型ETF,,931722.CSI,5094437605.95,192687800,204698008,1.055850212766,1.0541928879994,-0.178253119
2026-04-09,520990.SH,景顺长城中证国新港股通央企红利ETF,20240710,中证国新港股通央企红利指数,中证国新港股通央企红利指数收益率(使用估值汇率折算),景顺长城基金管理有限公司,招商银行股份有限公司,跨境型ETF,,931722.CSI,5117971717.3,139974800,148968770,1.0588272340426,1.0561024742508,-0.336260041
2026-04-10,520990.SH,景顺长城中证国新港股通央企红利ETF,20240710,中证国新港股通央企红利指数,中证国新港股通央企红利指数收益率(使用估值汇率折算),景顺长城基金管理有限公司,招商银行股份有限公司,跨境型ETF,,931722.CSI,5103630305.8,112984100,120561000,1.0568425531915,1.0588884103387,-0.243536905
2026-04-13,520990.SH,景顺长城中证国新港股通央企红利ETF,20240710,中证国新港股通央企红利指数,中证国新港股通央企红利指数收益率(使用估值汇率折算),景顺长城基金管理有限公司,招商银行股份有限公司,跨境型ETF,,931722.CSI,5130562882.05,107237900,114067223,1.055850212766,1.0555364904671,-0.570040183
2026-04-14,520990.SH,景顺长城中证国新港股通央企红利ETF,20240710,中证国新港股通央企红利指数,中证国新港股通央企红利指数收益率(使用估值汇率折算),景顺长城基金管理有限公司,招商银行股份有限公司,跨境型ETF,,931722.CSI,5133439564.35,100217858,106720040,1.055850212766,1.0567239414195,-0.625758849
2026-04-15,520990.SH,景顺长城中证国新港股通央企红利ETF,20240710,中证国新港股通央企红利指数,中证国新港股通央企红利指数收益率(使用估值汇率折算),景顺长城基金管理有限公司,招商银行股份有限公司,跨境型ETF,,931722.CSI,5083577071.15,112049600,118378493,1.0508885106383,1.048390749431,-0.122606809
2026-04-16,520990.SH,景顺长城中证国新港股通央企红利ETF,20240710,中证国新港股通央企红利指数,中证国新港股通央企红利指数收益率(使用估值汇率折算),景顺长城基金管理有限公司,招商银行股份有限公司,跨境型ETF,,931722.CSI,5124069435.15,98466900,104459522,1.0538655319149,1.0527335227609,-0.589721988
2026-04-17,520990.SH,景顺长城中证国新港股通央企红利ETF,20240710,中证国新港股通央企红利指数,中证国新港股通央企红利指数收益率(使用估值汇率折算),景顺长城基金管理有限公司,招商银行股份有限公司,跨境型ETF,,931722.CSI,5113250164.8,61966739,65585268,1.0518808510638,1.0502878448347,-0.525525526
2026-04-20,520990.SH,景顺长城中证国新港股通央企红利ETF,20240710,中证国新港股通央企红利指数,中证国新港股通央企红利指数收益率(使用估值汇率折算),景顺长城基金管理有限公司,招商银行股份有限公司,跨境型ETF,,931722.CSI,5097351318.5,138056396,145468088,1.0469191489362,1.0456151871966,-0.189214759
2026-04-21,520990.SH,景顺长城中证国新港股通央企红利ETF,20240710,中证国新港股通央企红利指数,中证国新港股通央企红利指数收益率(使用估值汇率折算),景顺长城基金管理有限公司,招商银行股份有限公司,跨境型ETF,,931722.CSI,5161490176.15,95341400,101224745,1.0568425531915,1.0535759547024,-0.495188265
2026-04-22,520990.SH,景顺长城中证国新港股通央企红利ETF,20240710,中证国新港股通央企红利指数,中证国新港股通央企红利指数收益率(使用估值汇率折算),景顺长城基金管理有限公司,招商银行股份有限公司,跨境型ETF,,931722.CSI,5171135117.15,91425800,97358622,1.057834893617,1.0567355865049,-0.587522149
2026-04-23,520990.SH,景顺长城中证国新港股通央企红利ETF,20240710,中证国新港股通央企红利指数,中证国新港股通央企红利指数收益率(使用估值汇率折算),景顺长城基金管理有限公司,招商银行股份有限公司,跨境型ETF,,931722.CSI,5235273974.8,118185000,126741673,1.0677582978723,1.064186535664,-0.884303611
2026-04-24,520990.SH,景顺长城中证国新港股通央企红利ETF,20240710,中证国新港股通央企红利指数,中证国新港股通央企红利指数收益率(使用估值汇率折算),景顺长城基金管理有限公司,招商银行股份有限公司,跨境型ETF,,931722.CSI,5248776892.2,80530400,86879884,1.0717276595745,1.070582302568,-0.771775083
2026-04-27,520990.SH,景顺长城中证国新港股通央企红利ETF,20240710,中证国新港股通央企红利指数,中证国新港股通央企红利指数收益率(使用估值汇率折算),景顺长城基金管理有限公司,招商银行股份有限公司,跨境型ETF,,931722.CSI,5251188127.45,124742200,135247417,1.0766893617021,1.0759107931227,-0.358159611
2026-04-28,520990.SH,景顺长城中证国新港股通央企红利ETF,20240710,中证国新港股通央企红利指数,中证国新港股通央企红利指数收益率(使用估值汇率折算),景顺长城基金管理有限公司,招商银行股份有限公司,跨境型ETF,,931722.CSI,5280735503.4,112883920,122323196,1.0796663829787,1.075319251591,-0.621118012
2026-04-29,520990.SH,景顺长城中证国新港股通央企红利ETF,20240710,中证国新港股通央企红利指数,中证国新港股通央企红利指数收益率(使用估值汇率折算),景顺长城基金管理有限公司,招商银行股份有限公司,跨境型ETF,,931722.CSI,5372381442.9,131472200,144791734,1.0955438297872,1.09287507877,-0.879870713
2026-04-30,520990.SH,景顺长城中证国新港股通央企红利ETF,20240710,中证国新港股通央企红利指数,中证国新港股通央企红利指数收益率(使用估值汇率折算),景顺长城基金管理有限公司,招商银行股份有限公司,跨境型ETF,,931722.CSI,5303405814.75,98256100,107695392,1.087605106383,1.0876728378707,-0.318326512
2026-05-06,520990.SH,景顺长城中证国新港股通央企红利ETF,20240710,中证国新港股通央企红利指数,中证国新港股通央企红利指数收益率(使用估值汇率折算),景顺长城基金管理有限公司,招商银行股份有限公司,跨境型ETF,,931722.CSI,5290382444.4,123947400,134308301,1.0826434042553,1.0752912652206,-0.528811087
2026-05-07,520990.SH,景顺长城中证国新港股通央企红利ETF,20240710,中证国新港股通央企红利指数,中证国新港股通央企红利指数收益率(使用估值汇率折算),景顺长城基金管理有限公司,招商银行股份有限公司,跨境型ETF,,931722.CSI,5198736504.9,157263175,169645918,1.0667659574468,1.0704763048175,-0.259788458
2026-05-08,520990.SH,景顺长城中证国新港股通央企红利ETF,20240710,中证国新港股通央企红利指数,中证国新港股通央企红利指数收益率(使用估值汇率折算),景顺长城基金管理有限公司,招商银行股份有限公司,跨境型ETF,,931722.CSI,5195360075.55,101888900,108922176,1.0627965957447,1.0608405673405,-0.566335531
2026-05-11,520990.SH,景顺长城中证国新港股通央企红利ETF,20240710,中证国新港股通央企红利指数,中证国新港股通央企红利指数收益率(使用估值汇率折算),景顺长城基金管理有限公司,招商银行股份有限公司,跨境型ETF,,931722.CSI,5215618651.65,137218800,147216944,1.0657736170213,1.0646451131657,-0.67511329
2026-05-12,520990.SH,景顺长城中证国新港股通央企红利ETF,20240710,中证国新港股通央企红利指数,中证国新港股通央企红利指数收益率(使用估值汇率折算),景顺长城基金管理有限公司,招商银行股份有限公司,跨境型ETF,,931722.CSI,5263371009.6,103210200,111617712,1.0737123404255,1.0731765641669,-0.843108504
2026-05-13,520990.SH,景顺长城中证国新港股通央企红利ETF,20240710,中证国新港股通央企红利指数,中证国新港股通央企红利指数收益率(使用估值汇率折算),景顺长城基金管理有限公司,招商银行股份有限公司,跨境型ETF,,931722.CSI,5249741386.3,98367800,106108869,1.0677582978723,1.0704328064282,-1.157449936
2026-05-14,520990.SH,景顺长城中证国新港股通央企红利ETF,20240710,中证国新港股通央企红利指数,中证国新港股通央企红利指数收益率(使用估值汇率折算),景顺长城基金管理有限公司,招商银行股份有限公司,跨境型ETF,,931722.CSI,5218395328.05,86086197,92283133,1.0627965957447,1.0637742943928,-1.025783199
2026-05-15,520990.SH,景顺长城中证国新港股通央企红利ETF,20240710,中证国新港股通央企红利指数,中证国新港股通央企红利指数收益率(使用估值汇率折算),景顺长城基金管理有限公司,招商银行股份有限公司,跨境型ETF,,931722.CSI,5148469505.8,105411820,111955560,1.0498961702128,1.0539427936171,-0.899213188
2026-05-18,520990.SH,景顺长城中证国新港股通央企红利ETF,20240710,中证国新港股通央企红利指数,中证国新港股通央企红利指数收益率(使用估值汇率折算),景顺长城基金管理有限公司,招商银行股份有限公司,跨境型ETF,,931722.CSI,5159599952.4,152254800,161204226,1.0568425531915,1.0506694713492,-0.727069351
2026-05-19,520990.SH,景顺长城中证国新港股通央企红利ETF,20240710,中证国新港股通央企红利指数,中证国新港股通央企红利指数收益率(使用估值汇率折算),景顺长城基金管理有限公司,招商银行股份有限公司,跨境型ETF,,931722.CSI,5152869151.95,171671700,182687376,1.0598195744681,1.0560160378161,-0.918452547
2026-05-20,520990.SH,景顺长城中证国新港股通央企红利ETF,20240710,中证国新港股通央企红利指数,中证国新港股通央企红利指数收益率(使用估值汇率折算),景顺长城基金管理有限公司,招商银行股份有限公司,跨境型ETF,,931722.CSI,5142226634.4,124949900,133558050,1.0588272340426,1.0607055481454,-0.910104012
2026-05-21,520990.SH,景顺长城中证国新港股通央企红利ETF,20240710,中证国新港股通央企红利指数,中证国新港股通央企红利指数收益率(使用估值汇率折算),景顺长城基金管理有限公司,招商银行股份有限公司,跨境型ETF,,931722.CSI,4945777647.7,214012600,226515112,1.0489038297872,1.0503124705344,-0.226543326
2026-05-22,520990.SH,景顺长城中证国新港股通央企红利ETF,20240710,中证国新港股通央企红利指数,中证国新港股通央企红利指数收益率(使用估值汇率折算),景顺长城基金管理有限公司,招商银行股份有限公司,跨境型ETF,,931722.CSI,4894153641.65,160553624,169050746,1.0459268085106,1.0448589389806,-0.687835673
2026-05-25,520990.SH,景顺长城中证国新港股通央企红利ETF,20240710,中证国新港股通央企红利指数,中证国新港股通央企红利指数收益率(使用估值汇率折算),景顺长城基金管理有限公司,招商银行股份有限公司,跨境型ETF,,931722.CSI,4890925612.3,104626600,109868674,1.0389804255319,1.0420593492457,-1.282293042
2026-05-26,520990.SH,景顺长城中证国新港股通央企红利ETF,20240710,中证国新港股通央企红利指数,中证国新港股通央企红利指数收益率(使用估值汇率折算),景顺长城基金管理有限公司,招商银行股份有限公司,跨境型ETF,,931722.CSI,4895537082.8,105686204,110643178,1.042949787234,1.0388839241376,-0.998492841
2026-05-27,520990.SH,景顺长城中证国新港股通央企红利ETF,20240710,中证国新港股通央企红利指数,中证国新港股通央企红利指数收益率(使用估值汇率折算),景顺长城基金管理有限公司,招商银行股份有限公司,跨境型ETF,,931722.CSI,4639945690.05,231130294,239263865,1.0280646808511,1.0272612970782,-0.965490871
2026-05-28,520990.SH,景顺长城中证国新港股通央企红利ETF,20240710,中证国新港股通央企红利指数,中证国新港股通央企红利指数收益率(使用估值汇率折算),景顺长城基金管理有限公司,招商银行股份有限公司,跨境型ETF,,931722.CSI,4573084426.2,258726800,264899848,1.0141719148936,1.0160170028295,-1.389424932
2026-05-29,520990.SH,景顺长城中证国新港股通央企红利ETF,20240710,中证国新港股通央企红利指数,中证国新港股通央企红利指数收益率(使用估值汇率折算),景顺长城基金管理有限公司,招商银行股份有限公司,跨境型ETF,,931722.CSI,4497302878.25,172494204,178241672,1.0290570212766,1.0254049848539,-0.907787864
2026-06-01,520990.SH,景顺长城中证国新港股通央企红利ETF,20240710,中证国新港股通央企红利指数,中证国新港股通央企红利指数收益率(使用估值汇率折算),景顺长城基金管理有限公司,招商银行股份有限公司,跨境型ETF,,931722.CSI,4553926823.95,99890700,104971911,1.0469191489362,1.0428185089367,-0.649778699
2026-06-02,520990.SH,景顺长城中证国新港股通央企红利ETF,20240710,中证国新港股通央企红利指数,中证国新港股通央企红利指数收益率(使用估值汇率折算),景顺长城基金管理有限公司,招商银行股份有限公司,跨境型ETF,,931722.CSI,4567013576.6,115300700,121384880,1.0439421276596,1.044704181955,-1.239203905
2026-06-03,520990.SH,景顺长城中证国新港股通央企红利ETF,20240710,中证国新港股通央企红利指数,中证国新港股通央企红利指数收益率(使用估值汇率折算),景顺长城基金管理有限公司,招商银行股份有限公司,跨境型ETF,,931722.CSI,4563583600.2,66661300,69927265,1.0459268085106,1.0409585757611,-0.977076287
2026-06-04,520990.SH,景顺长城中证国新港股通央企红利ETF,20240710,中证国新港股通央企红利指数,中证国新港股通央企红利指数收益率(使用估值汇率折算),景顺长城基金管理有限公司,招商银行股份有限公司,跨境型ETF,,931722.CSI,4518136412.9,106292000,111298297,1.0330263829787,1.0390791348922,-1.214651737
2026-06-05,520990.SH,景顺长城中证国新港股通央企红利ETF,20240710,中证国新港股通央企红利指数,中证国新港股通央企红利指数收益率(使用估值汇率折算),景顺长城基金管理有限公司,招商银行股份有限公司,跨境型ETF,,931722.CSI,4479274437.1,99588200,103894967,1.0310417021277,1.0352549374665,-0.688204932
2026-06-08,520990.SH,景顺长城中证国新港股通央企红利ETF,20240710,中证国新港股通央企红利指数,中证国新港股通央企红利指数收益率(使用估值汇率折算),景顺长城基金管理有限公司,招商银行股份有限公司,跨境型ETF,,931722.CSI,4456186731.5,162267400,167132730,1.0231029787234,1.0220941754691,-1.150527325
2026-06-09,520990.SH,景顺长城中证国新港股通央企红利ETF,20240710,中证国新港股通央企红利指数,中证国新港股通央企红利指数收益率(使用估值汇率折算),景顺长城基金管理有限公司,招商银行股份有限公司,跨境型ETF,,931722.CSI,4340731779.45,132388800,135382821,1.0171489361702,1.0147825662054,-0.764836867
2026-06-10,520990.SH,景顺长城中证国新港股通央企红利ETF,20240710,中证国新港股通央企红利指数,中证国新港股通央企红利指数收益率(使用估值汇率折算),景顺长城基金管理有限公司,招商银行股份有限公司,跨境型ETF,,931722.CSI,4277882027.7,137594000,139151426,1.0002791489362,1.0035727233034,-1.118304885
2026-06-11,520990.SH,景顺长城中证国新港股通央企红利ETF,20240710,中证国新港股通央企红利指数,中证国新港股通央企红利指数收益率(使用估值汇率折算),景顺长城基金管理有限公司,招商银行股份有限公司,跨境型ETF,,931722.CSI,4255640734.05,132234500,133148337,0.99630978723404,0.99919822283479,-0.995957006
2026-06-12,520990.SH,景顺长城中证国新港股通央企红利ETF,20240710,中证国新港股通央企红利指数,中证国新港股通央企红利指数收益率(使用估值汇率折算),景顺长城基金管理有限公司,招商银行股份有限公司,跨境型ETF,,931722.CSI,4285457309.7,203351500,205812746,1.0052408510638,1.0043511257381,-1.016220442
2026-06-15,520990.SH,景顺长城中证国新港股通央企红利ETF,20240710,中证国新港股通央企红利指数,中证国新港股通央企红利指数收益率(使用估值汇率折算),景顺长城基金管理有限公司,招商银行股份有限公司,跨境型ETF,,931722.CSI,4255064380.8,151772600,153197336,0.99928680851064,1.0016558298177,-1.041666667
2026-06-16,520990.SH,景顺长城中证国新港股通央企红利ETF,20240710,中证国新港股通央企红利指数,中证国新港股通央企红利指数收益率(使用估值汇率折算),景顺长城基金管理有限公司,招商银行股份有限公司,跨境型ETF,,931722.CSI,4182568799.85,124657100,124038520,0.97944,0.98741618182317,-1.467505241
2026-06-17,520990.SH,景顺长城中证国新港股通央企红利ETF,20240710,中证国新港股通央企红利指数,中证国新港股通央企红利指数收益率(使用估值汇率折算),景顺长城基金管理有限公司,招商银行股份有限公司,跨境型ETF,,931722.CSI,4128555618.45,150241900,147127930,0.96951659574468,0.97177280548123,-1.402765163
2026-06-18,520990.SH,景顺长城中证国新港股通央企红利ETF,20240710,中证国新港股通央企红利指数,中证国新港股通央企红利指数收益率(使用估值汇率折算),景顺长城基金管理有限公司,招商银行股份有限公司,跨境型ETF,,931722.CSI,3991004373.65,180482700,172752990,0.94470808510638,0.94984048669768,-1.377810007
2026-06-22,520990.SH,景顺长城中证国新港股通央企红利ETF,20240710,中证国新港股通央企红利指数,中证国新港股通央企红利指数收益率(使用估值汇率折算),景顺长城基金管理有限公司,招商银行股份有限公司,跨境型ETF,,931722.CSI,3895031384.7,236322200,227030823,0.96058553191489,0.95332500926566,-0.554756524
2026-06-23,520990.SH,景顺长城中证国新港股通央企红利ETF,20240710,中证国新港股通央企红利指数,中证国新港股通央企红利指数收益率(使用估值汇率折算),景顺长城基金管理有限公司,招商银行股份有限公司,跨境型ETF,,931722.CSI,3743314868.65,393242000,372948017,0.9328,0.94112885676266,-1.601591123
2026-06-24,520990.SH,景顺长城中证国新港股通央企红利ETF,20240710,中证国新港股通央企红利指数,中证国新港股通央企红利指数收益率(使用估值汇率折算),景顺长城基金管理有限公司,招商银行股份有限公司,跨境型ETF,,931722.CSI,3694349151.85,122508100,114795702,0.938,0.9370458116647,-0.814211695
2026-06-25,520990.SH,景顺长城中证国新港股通央企红利ETF,20240710,中证国新港股通央企红利指数,中证国新港股通央企红利指数收益率(使用估值汇率折算),景顺长城基金管理有限公司,招商银行股份有限公司,跨境型ETF,,931722.CSI,3640238411.6,117822500,109299118,0.925,0.92765913132042,-1.090675791
2026-06-26,520990.SH,景顺长城中证国新港股通央企红利ETF,20240710,中证国新港股通央企红利指数,中证国新港股通央企红利指数收益率(使用估值汇率折算),景顺长城基金管理有限公司,招商银行股份有限公司,跨境型ETF,,931722.CSI,3567999883.45,149615500,136750801,0.915,0.91401493160802,-0.640677598
2026-06-29,520990.SH,景顺长城中证国新港股通央企红利ETF,20240710,中证国新港股通央企红利指数,中证国新港股通央企红利指数收益率(使用估值汇率折算),景顺长城基金管理有限公司,招商银行股份有限公司,跨境型ETF,,931722.CSI,3421615589.2,153053900,140171749,0.917,0.91583258577534,-0.585429315
2026-06-30,520990.SH,景顺长城中证国新港股通央企红利ETF,20240710,中证国新港股通央企红利指数,中证国新港股通央企红利指数收益率(使用估值汇率折算),景顺长城基金管理有限公司,招商银行股份有限公司,跨境型ETF,,931722.CSI,3337495034.2012,104543500,94159954,0.896,0.90067726831415,-0.95069644
2026-07-01,520990.SH,景顺长城中证国新港股通央企红利ETF,20240710,中证国新港股通央企红利指数,中证国新港股通央企红利指数收益率(使用估值汇率折算),景顺长城基金管理有限公司,招商银行股份有限公司,跨境型ETF,,931722.CSI,3334912384.95,67496000,60688890,0.901,0.89914794950812,-0.32083195
2026-07-02,520990.SH,景顺长城中证国新港股通央企红利ETF,20240710,中证国新港股通央企红利指数,中证国新港股通央企红利指数收益率(使用估值汇率折算),景顺长城基金管理有限公司,招商银行股份有限公司,跨境型ETF,,931722.CSI,3303404020.35,194979996,175141068,0.898,0.89825146985848,-0.520660241
2026-07-03,520990.SH,景顺长城中证国新港股通央企红利ETF,20240710,中证国新港股通央企红利指数,中证国新港股通央企红利指数收益率(使用估值汇率折算),景顺长城基金管理有限公司,招商银行股份有限公司,跨境型ETF,,931722.CSI,3319363466.05,204380514,186065093,0.91,0.91038567894002,-0.882256835
2026-07-06,520990.SH,景顺长城中证国新港股通央企红利ETF,20240710,中证国新港股通央企红利指数,中证国新港股通央企红利指数收益率(使用估值汇率折算),景顺长城基金管理有限公司,招商银行股份有限公司,跨境型ETF,,931722.CSI,3331294518.7,106955200,97933425,0.917,0.91564902875223,-0.477534187
2026-07-07,520990.SH,景顺长城中证国新港股通央企红利ETF,20240710,中证国新港股通央企红利指数,中证国新港股通央企红利指数收益率(使用估值汇率折算),景顺长城基金管理有限公司,招商银行股份有限公司,跨境型ETF,,931722.CSI,3296035648.95,164201800,148798558,0.904,0.90619322078077,-0.866323062
2026-07-08,520990.SH,景顺长城中证国新港股通央企红利ETF,20240710,中证国新港股通央企红利指数,中证国新港股通央企红利指数收益率(使用估值汇率折算),景顺长城基金管理有限公司,招商银行股份有限公司,跨境型ETF,,931722.CSI,3348194300.55,205152300,189445709,0.927,0.92343936187896,-0.010786323
2026-07-09,520990.SH,景顺长城中证国新港股通央企红利ETF,20240710,中证国新港股通央企红利指数,中证国新港股通央企红利指数收益率(使用估值汇率折算),景顺长城基金管理有限公司,招商银行股份有限公司,跨境型ETF,,931722.CSI,3331942683.3,165479100,152882787,0.92,0.92387973466136,-0.28181227
2026-07-10,520990.SH,景顺长城中证国新港股通央企红利ETF,20240710,中证国新港股通央企红利指数,中证国新港股通央企红利指数收益率(使用估值汇率折算),景顺长城基金管理有限公司,招商银行股份有限公司,跨境型ETF,,931722.CSI,3334831859.7,90855400,83737650,0.924,0.92165848149917,0.064977258
2026-07-13,520990.SH,景顺长城中证国新港股通央企红利ETF,20240710,中证国新港股通央企红利指数,中证国新港股通央企红利指数收益率(使用估值汇率折算),景顺长城基金管理有限公司,招商银行股份有限公司,跨境型ETF,,931722.CSI,3361696388.75,164873000,152452591,0.924,0.9246668102115,-0.377358491
2026-07-14,520990.SH,景顺长城中证国新港股通央企红利ETF,20240710,中证国新港股通央企红利指数,中证国新港股通央企红利指数收益率(使用估值汇率折算),景顺长城基金管理有限公司,招商银行股份有限公司,跨境型ETF,,931722.CSI,3463774504.65,233433300,219237302,0.946,0.93918606299958,-0.137232133
2026-07-15,520990.SH,景顺长城中证国新港股通央企红利ETF,20240710,中证国新港股通央企红利指数,中证国新港股通央企红利指数收益率(使用估值汇率折算),景顺长城基金管理有限公司,招商银行股份有限公司,跨境型ETF,,931722.CSI,3500033669.1,164773196,156386934,0.951,0.94910420988618,0.084192802
2026-07-16,520990.SH,景顺长城中证国新港股通央企红利ETF,20240710,中证国新港股通央企红利指数,中证国新港股通央企红利指数收益率(使用估值汇率折算),景顺长城基金管理有限公司,招商银行股份有限公司,跨境型ETF,,931722.CSI,3508529757.45,113594900,108032491,0.949,0.95103293369685,0.010538518
2026-07-17,520990.SH,景顺长城中证国新港股通央企红利ETF,20240710,中证国新港股通央企红利指数,中证国新港股通央企红利指数收益率(使用估值汇率折算),景顺长城基金管理有限公司,招商银行股份有限公司,跨境型ETF,,931722.CSI,3501040686.95,222366552,208690201,0.937,0.93849636612614,-1.149910328
2026-07-20,520990.SH,景顺长城中证国新港股通央企红利ETF,20240710,中证国新港股通央企红利指数,中证国新港股通央企红利指数收益率(使用估值汇率折算),景顺长城基金管理有限公司,招商银行股份有限公司,跨境型ETF,,931722.CSI,3578108560.95,294716878,284691454,0.971,0.9659828644086,-0.502100625
2026-07-21,520990.SH,景顺长城中证国新港股通央企红利ETF,20240710,中证国新港股通央企红利指数,中证国新港股通央企红利指数收益率(使用估值汇率折算),景顺长城基金管理有限公司,招商银行股份有限公司,跨境型ETF,,931722.CSI,3555160114.35,203920000,196171373,0.963,0.96200163299333,-0.79324199
2026-07-22,520990.SH,景顺长城中证国新港股通央企红利ETF,20240710,中证国新港股通央企红利指数,中证国新港股通央企红利指数收益率(使用估值汇率折算),景顺长城基金管理有限公司,招商银行股份有限公司,跨境型ETF,,931722.CSI,3582262396.05,198798200,193325979,0.977,0.97247348819054,-0.112462938
2026-07-23,520990.SH,景顺长城中证国新港股通央企红利ETF,20240710,中证国新港股通央企红利指数,中证国新港股通央企红利指数收益率(使用估值汇率折算),景顺长城基金管理有限公司,招商银行股份有限公司,跨境型ETF,,931722.CSI,3635316854.0,160746500,158256057,0.986,0.98450701570485,-0.20242915
2026-07-24,520990.SH,景顺长城中证国新港股通央企红利ETF,20240710,中证国新港股通央企红利指数,中证国新港股通央企红利指数收益率(使用估值汇率折算),景顺长城基金管理有限公司,招商银行股份有限公司,跨境型ETF,,931722.CSI,3596314466.7,138532000,135316249,0.971,0.97678694453267,-0.654798445
2026-07-27,520990.SH,景顺长城中证国新港股通央企红利ETF,20240710,中证国新港股通央企红利指数,中证国新港股通央企红利指数收益率(使用估值汇率折算),景顺长城基金管理有限公司,招商银行股份有限公司,跨境型ETF,,931722.CSI,3581964531.75,57912700,56024369,0.97,0.96739349054698,-0.359527478
2026-07-28,520990.SH,景顺长城中证国新港股通央企红利ETF,20240710,中证国新港股通央企红利指数,中证国新港股通央企红利指数收益率(使用估值汇率折算),景顺长城基金管理有限公司,招商银行股份有限公司,跨境型ETF,,931722.CSI,3583436319.95,76430600,73549236,0.966,0.96230091089171,-0.811171578
2026-07-29,520990.SH,景顺长城中证国新港股通央企红利ETF,20240710,中证国新港股通央企红利指数,中证国新港股通央企红利指数收益率(使用估值汇率折算),景顺长城基金管理有限公司,招商银行股份有限公司,跨境型ETF,,931722.CSI,3627707607.1,169456200,165832290,0.981,0.97861447382864,-0.527276415
2026-07-30,520990.SH,景顺长城中证国新港股通央企红利ETF,20240710,中证国新港股通央企红利指数,中证国新港股通央企红利指数收益率(使用估值汇率折算),景顺长城基金管理有限公司,招商银行股份有限公司,跨境型ETF,,931722.CSI,3658606759.3,108800900,107434562,0.987,0.98744185020528,-0.764126282
2026-07-31,520990.SH,景顺长城中证国新港股通央企红利ETF,20240710,中证国新港股通央企红利指数,中证国新港股通央企红利指数收益率(使用估值汇率折算),景顺长城基金管理有限公司,招商银行股份有限公司,跨境型ETF,,931722.CSI,3623529324.8,99652600,97372873,0.98,0.97712325619201,-0.568181818
2026-08-03,520990.SH,景顺长城中证国新港股通央企红利ETF,20240710,中证国新港股通央企红利指数,中证国新港股通央企红利指数收益率(使用估值汇率折算),景顺长城基金管理有限公司,招商银行股份有限公司,跨境型ETF,,931722.CSI,3599020713.6,75984500,74049896,0.973,0.97453949160684,-0.633169935
2026-08-04,520990.SH,景顺长城中证国新港股通央企红利ETF,20240710,中证国新港股通央企红利指数,中证国新港股通央企红利指数收益率(使用估值汇率折算),景顺长城基金管理有限公司,招商银行股份有限公司,跨境型ETF,,931722.CSI,3559646867.3,137426987,132118073,0.959,0.9613692032701,-1.195137029
2026-08-05,520990.SH,景顺长城中证国新港股通央企红利ETF,20240710,中证国新港股通央企红利指数,中证国新港股通央企红利指数收益率(使用估值汇率折算),景顺长城基金管理有限公司,招商银行股份有限公司,跨境型ETF,,931722.CSI,3478838791.05,126144500,120612904,0.959,0.95614873418976,-0.939985539
2026-08-06,520990.SH,景顺长城中证国新港股通央企红利ETF,20240710,中证国新港股通央企红利指数,中证国新港股通央企红利指数收益率(使用估值汇率折算),景顺长城基金管理有限公司,招商银行股份有限公司,跨境型ETF,,931722.CSI,3401177844.6,200500033,190531925,0.952,0.95028375880616,-0.957136912
2026-08-07,520990.SH,景顺长城中证国新港股通央企红利ETF,20240710,中证国新港股通央企红利指数,中证国新港股通央企红利指数收益率(使用估值汇率折算),景顺长城基金管理有限公司,招商银行股份有限公司,跨境型ETF,,931722.CSI,3358573467.6,139381500,133296707,0.958,0.95634432833626,-0.951199338
2026-08-10,520990.SH,景顺长城中证国新港股通央企红利ETF,20240710,中证国新港股通央企红利指数,中证国新港股通央企红利指数收益率(使用估值汇率折算),景顺长城基金管理有限公司,招商银行股份有限公司,跨境型ETF,,931722.CSI,3337670772.9,127231900,122649344,0.965,0.96398264900548,-0.90367632
2026-08-11,520990.SH,景顺长城中证国新港股通央企红利ETF,20240710,中证国新港股通央企红利指数,中证国新港股通央企红利指数收益率(使用估值汇率折算),景顺长城基金管理有限公司,招商银行股份有限公司,跨境型ETF,,931722.CSI,3339780796.35,86759600,84188322,0.968,0.97036318747435,-0.687390992
2026-08-12,520990.SH,景顺长城中证国新港股通央企红利ETF,20240710,中证国新港股通央企红利指数,中证国新港股通央企红利指数收益率(使用估值汇率折算),景顺长城基金管理有限公司,招商银行股份有限公司,跨境型ETF,,931722.CSI,3296154896.95,126775500,121320453,0.958,0.95697081060615,-1.022832937
2026-08-13,520990.SH,景顺长城中证国新港股通央企红利ETF,20240710,中证国新港股通央企红利指数,中证国新港股通央企红利指数收益率(使用估值汇率折算),景顺长城基金管理有限公司,招商银行股份有限公司,跨境型ETF,,931722.CSI,3251180103.6,58822400,56051535,0.953,0.9528943905723,-0.646371977
2026-08-14,520990.SH,景顺长城中证国新港股通央企红利ETF,20240710,中证国新港股通央企红利指数,中证国新港股通央企红利指数收益率(使用估值汇率折算),景顺长城基金管理有限公司,招商银行股份有限公司,跨境型ETF,,931722.CSI,3264710685.45,53694900,51314805,0.958,0.95567372320276,-0.71510001
2026-08-17,520990.SH,景顺长城中证国新港股通央企红利ETF,20240710,中证国新港股通央企红利指数,中证国新港股通央企红利指数收益率(使用估值汇率折算),景顺长城基金管理有限公司,招商银行股份有限公司,跨境型ETF,,931722.CSI,3298711619.5,81009500,78591571,0.971,0.9701525253211,-0.817160368
2026-08-18,520990.SH,景顺长城中证国新港股通央企红利ETF,20240710,中证国新港股通央企红利指数,中证国新港股通央企红利指数收益率(使用估值汇率折算),景顺长城基金管理有限公司,招商银行股份有限公司,跨境型ETF,,931722.CSI,3320013207.1,50993800,49718798,0.978,0.97499692119434,-0.831474346
2026-08-19,520990.SH,景顺长城中证国新港股通央企红利ETF,20240710,中证国新港股通央企红利指数,中证国新港股通央企红利指数收益率(使用估值汇率折算),景顺长城基金管理有限公司,招商银行股份有限公司,跨境型ETF,,931722.CSI,3289744671.85,75006800,73161541,0.975,0.97539877717754,-1.085522979
2026-08-20,520990.SH,景顺长城中证国新港股通央企红利ETF,20240710,中证国新港股通央企红利指数,中证国新港股通央企红利指数收益率(使用估值汇率折算),景顺长城基金管理有限公司,招商银行股份有限公司,跨境型ETF,,931722.CSI,3285954530.25,86127100,84543907,0.984,0.98161794603557,-0.656234225
2026-08-21,520990.SH,景顺长城中证国新港股通央企红利ETF,20240710,中证国新港股通央企红利指数,中证国新港股通央企红利指数收益率(使用估值汇率折算),景顺长城基金管理有限公司,招商银行股份有限公司,跨境型ETF,,931722.CSI,3351076622.85,162968800,162327203,1,0.99606306851373,-0.764116304
2026-08-24,520990.SH,景顺长城中证国新港股通央企红利ETF,20240710,中证国新港股通央企红利指数,中证国新港股通央企红利指数收益率(使用估值汇率折算),景顺长城基金管理有限公司,招商银行股份有限公司,跨境型ETF,,931722.CSI,3439961045.85,160774413,162049892,1.011,1.0079333457122,-0.266350991
2026-08-25,520990.SH,景顺长城中证国新港股通央企红利ETF,20240710,中证国新港股通央企红利指数,中证国新港股通央企红利指数收益率(使用估值汇率折算),景顺长城基金管理有限公司,招商银行股份有限公司,跨境型ETF,,931722.CSI,3415638881.25,107765900,108655094,1.008,1.0082511629374,-0.444444444
