日期,代码,名称,上市日期,对标指数,benchmark,管理人,托管人,类别大类,类别细类,对标指数代码,规模,成交量,成交额,收盘价,VWAP,溢价率
2021-01-04,560050.SH,汇添富MSCI中国A50互联互通ETF,20211108,MSCI中国A50互联互通人民币指数,MSCI中国A50互联互通人民币指数收益率,汇添富基金管理股份有限公司,交通银行股份有限公司,股票型ETF,规模指数ETF,746059.MSI,,,,,,
2021-01-05,560050.SH,汇添富MSCI中国A50互联互通ETF,20211108,MSCI中国A50互联互通人民币指数,MSCI中国A50互联互通人民币指数收益率,汇添富基金管理股份有限公司,交通银行股份有限公司,股票型ETF,规模指数ETF,746059.MSI,,,,,,
2021-01-06,560050.SH,汇添富MSCI中国A50互联互通ETF,20211108,MSCI中国A50互联互通人民币指数,MSCI中国A50互联互通人民币指数收益率,汇添富基金管理股份有限公司,交通银行股份有限公司,股票型ETF,规模指数ETF,746059.MSI,,,,,,
2021-01-07,560050.SH,汇添富MSCI中国A50互联互通ETF,20211108,MSCI中国A50互联互通人民币指数,MSCI中国A50互联互通人民币指数收益率,汇添富基金管理股份有限公司,交通银行股份有限公司,股票型ETF,规模指数ETF,746059.MSI,,,,,,
2021-01-08,560050.SH,汇添富MSCI中国A50互联互通ETF,20211108,MSCI中国A50互联互通人民币指数,MSCI中国A50互联互通人民币指数收益率,汇添富基金管理股份有限公司,交通银行股份有限公司,股票型ETF,规模指数ETF,746059.MSI,,,,,,
2021-01-11,560050.SH,汇添富MSCI中国A50互联互通ETF,20211108,MSCI中国A50互联互通人民币指数,MSCI中国A50互联互通人民币指数收益率,汇添富基金管理股份有限公司,交通银行股份有限公司,股票型ETF,规模指数ETF,746059.MSI,,,,,,
2021-01-12,560050.SH,汇添富MSCI中国A50互联互通ETF,20211108,MSCI中国A50互联互通人民币指数,MSCI中国A50互联互通人民币指数收益率,汇添富基金管理股份有限公司,交通银行股份有限公司,股票型ETF,规模指数ETF,746059.MSI,,,,,,
2021-01-13,560050.SH,汇添富MSCI中国A50互联互通ETF,20211108,MSCI中国A50互联互通人民币指数,MSCI中国A50互联互通人民币指数收益率,汇添富基金管理股份有限公司,交通银行股份有限公司,股票型ETF,规模指数ETF,746059.MSI,,,,,,
2021-01-14,560050.SH,汇添富MSCI中国A50互联互通ETF,20211108,MSCI中国A50互联互通人民币指数,MSCI中国A50互联互通人民币指数收益率,汇添富基金管理股份有限公司,交通银行股份有限公司,股票型ETF,规模指数ETF,746059.MSI,,,,,,
2021-01-15,560050.SH,汇添富MSCI中国A50互联互通ETF,20211108,MSCI中国A50互联互通人民币指数,MSCI中国A50互联互通人民币指数收益率,汇添富基金管理股份有限公司,交通银行股份有限公司,股票型ETF,规模指数ETF,746059.MSI,,,,,,
2021-01-18,560050.SH,汇添富MSCI中国A50互联互通ETF,20211108,MSCI中国A50互联互通人民币指数,MSCI中国A50互联互通人民币指数收益率,汇添富基金管理股份有限公司,交通银行股份有限公司,股票型ETF,规模指数ETF,746059.MSI,,,,,,
2021-01-19,560050.SH,汇添富MSCI中国A50互联互通ETF,20211108,MSCI中国A50互联互通人民币指数,MSCI中国A50互联互通人民币指数收益率,汇添富基金管理股份有限公司,交通银行股份有限公司,股票型ETF,规模指数ETF,746059.MSI,,,,,,
2021-01-20,560050.SH,汇添富MSCI中国A50互联互通ETF,20211108,MSCI中国A50互联互通人民币指数,MSCI中国A50互联互通人民币指数收益率,汇添富基金管理股份有限公司,交通银行股份有限公司,股票型ETF,规模指数ETF,746059.MSI,,,,,,
2021-01-21,560050.SH,汇添富MSCI中国A50互联互通ETF,20211108,MSCI中国A50互联互通人民币指数,MSCI中国A50互联互通人民币指数收益率,汇添富基金管理股份有限公司,交通银行股份有限公司,股票型ETF,规模指数ETF,746059.MSI,,,,,,
2021-01-22,560050.SH,汇添富MSCI中国A50互联互通ETF,20211108,MSCI中国A50互联互通人民币指数,MSCI中国A50互联互通人民币指数收益率,汇添富基金管理股份有限公司,交通银行股份有限公司,股票型ETF,规模指数ETF,746059.MSI,,,,,,
2021-01-25,560050.SH,汇添富MSCI中国A50互联互通ETF,20211108,MSCI中国A50互联互通人民币指数,MSCI中国A50互联互通人民币指数收益率,汇添富基金管理股份有限公司,交通银行股份有限公司,股票型ETF,规模指数ETF,746059.MSI,,,,,,
2021-01-26,560050.SH,汇添富MSCI中国A50互联互通ETF,20211108,MSCI中国A50互联互通人民币指数,MSCI中国A50互联互通人民币指数收益率,汇添富基金管理股份有限公司,交通银行股份有限公司,股票型ETF,规模指数ETF,746059.MSI,,,,,,
2021-01-27,560050.SH,汇添富MSCI中国A50互联互通ETF,20211108,MSCI中国A50互联互通人民币指数,MSCI中国A50互联互通人民币指数收益率,汇添富基金管理股份有限公司,交通银行股份有限公司,股票型ETF,规模指数ETF,746059.MSI,,,,,,
2021-01-28,560050.SH,汇添富MSCI中国A50互联互通ETF,20211108,MSCI中国A50互联互通人民币指数,MSCI中国A50互联互通人民币指数收益率,汇添富基金管理股份有限公司,交通银行股份有限公司,股票型ETF,规模指数ETF,746059.MSI,,,,,,
2021-01-29,560050.SH,汇添富MSCI中国A50互联互通ETF,20211108,MSCI中国A50互联互通人民币指数,MSCI中国A50互联互通人民币指数收益率,汇添富基金管理股份有限公司,交通银行股份有限公司,股票型ETF,规模指数ETF,746059.MSI,,,,,,
2021-02-01,560050.SH,汇添富MSCI中国A50互联互通ETF,20211108,MSCI中国A50互联互通人民币指数,MSCI中国A50互联互通人民币指数收益率,汇添富基金管理股份有限公司,交通银行股份有限公司,股票型ETF,规模指数ETF,746059.MSI,,,,,,
2021-02-02,560050.SH,汇添富MSCI中国A50互联互通ETF,20211108,MSCI中国A50互联互通人民币指数,MSCI中国A50互联互通人民币指数收益率,汇添富基金管理股份有限公司,交通银行股份有限公司,股票型ETF,规模指数ETF,746059.MSI,,,,,,
2021-02-03,560050.SH,汇添富MSCI中国A50互联互通ETF,20211108,MSCI中国A50互联互通人民币指数,MSCI中国A50互联互通人民币指数收益率,汇添富基金管理股份有限公司,交通银行股份有限公司,股票型ETF,规模指数ETF,746059.MSI,,,,,,
2021-02-04,560050.SH,汇添富MSCI中国A50互联互通ETF,20211108,MSCI中国A50互联互通人民币指数,MSCI中国A50互联互通人民币指数收益率,汇添富基金管理股份有限公司,交通银行股份有限公司,股票型ETF,规模指数ETF,746059.MSI,,,,,,
2021-02-05,560050.SH,汇添富MSCI中国A50互联互通ETF,20211108,MSCI中国A50互联互通人民币指数,MSCI中国A50互联互通人民币指数收益率,汇添富基金管理股份有限公司,交通银行股份有限公司,股票型ETF,规模指数ETF,746059.MSI,,,,,,
2021-02-08,560050.SH,汇添富MSCI中国A50互联互通ETF,20211108,MSCI中国A50互联互通人民币指数,MSCI中国A50互联互通人民币指数收益率,汇添富基金管理股份有限公司,交通银行股份有限公司,股票型ETF,规模指数ETF,746059.MSI,,,,,,
2021-02-09,560050.SH,汇添富MSCI中国A50互联互通ETF,20211108,MSCI中国A50互联互通人民币指数,MSCI中国A50互联互通人民币指数收益率,汇添富基金管理股份有限公司,交通银行股份有限公司,股票型ETF,规模指数ETF,746059.MSI,,,,,,
2021-02-10,560050.SH,汇添富MSCI中国A50互联互通ETF,20211108,MSCI中国A50互联互通人民币指数,MSCI中国A50互联互通人民币指数收益率,汇添富基金管理股份有限公司,交通银行股份有限公司,股票型ETF,规模指数ETF,746059.MSI,,,,,,
2021-02-18,560050.SH,汇添富MSCI中国A50互联互通ETF,20211108,MSCI中国A50互联互通人民币指数,MSCI中国A50互联互通人民币指数收益率,汇添富基金管理股份有限公司,交通银行股份有限公司,股票型ETF,规模指数ETF,746059.MSI,,,,,,
2021-02-19,560050.SH,汇添富MSCI中国A50互联互通ETF,20211108,MSCI中国A50互联互通人民币指数,MSCI中国A50互联互通人民币指数收益率,汇添富基金管理股份有限公司,交通银行股份有限公司,股票型ETF,规模指数ETF,746059.MSI,,,,,,
2021-02-22,560050.SH,汇添富MSCI中国A50互联互通ETF,20211108,MSCI中国A50互联互通人民币指数,MSCI中国A50互联互通人民币指数收益率,汇添富基金管理股份有限公司,交通银行股份有限公司,股票型ETF,规模指数ETF,746059.MSI,,,,,,
2021-02-23,560050.SH,汇添富MSCI中国A50互联互通ETF,20211108,MSCI中国A50互联互通人民币指数,MSCI中国A50互联互通人民币指数收益率,汇添富基金管理股份有限公司,交通银行股份有限公司,股票型ETF,规模指数ETF,746059.MSI,,,,,,
2021-02-24,560050.SH,汇添富MSCI中国A50互联互通ETF,20211108,MSCI中国A50互联互通人民币指数,MSCI中国A50互联互通人民币指数收益率,汇添富基金管理股份有限公司,交通银行股份有限公司,股票型ETF,规模指数ETF,746059.MSI,,,,,,
2021-02-25,560050.SH,汇添富MSCI中国A50互联互通ETF,20211108,MSCI中国A50互联互通人民币指数,MSCI中国A50互联互通人民币指数收益率,汇添富基金管理股份有限公司,交通银行股份有限公司,股票型ETF,规模指数ETF,746059.MSI,,,,,,
2021-02-26,560050.SH,汇添富MSCI中国A50互联互通ETF,20211108,MSCI中国A50互联互通人民币指数,MSCI中国A50互联互通人民币指数收益率,汇添富基金管理股份有限公司,交通银行股份有限公司,股票型ETF,规模指数ETF,746059.MSI,,,,,,
2021-03-01,560050.SH,汇添富MSCI中国A50互联互通ETF,20211108,MSCI中国A50互联互通人民币指数,MSCI中国A50互联互通人民币指数收益率,汇添富基金管理股份有限公司,交通银行股份有限公司,股票型ETF,规模指数ETF,746059.MSI,,,,,,
2021-03-02,560050.SH,汇添富MSCI中国A50互联互通ETF,20211108,MSCI中国A50互联互通人民币指数,MSCI中国A50互联互通人民币指数收益率,汇添富基金管理股份有限公司,交通银行股份有限公司,股票型ETF,规模指数ETF,746059.MSI,,,,,,
2021-03-03,560050.SH,汇添富MSCI中国A50互联互通ETF,20211108,MSCI中国A50互联互通人民币指数,MSCI中国A50互联互通人民币指数收益率,汇添富基金管理股份有限公司,交通银行股份有限公司,股票型ETF,规模指数ETF,746059.MSI,,,,,,
2021-03-04,560050.SH,汇添富MSCI中国A50互联互通ETF,20211108,MSCI中国A50互联互通人民币指数,MSCI中国A50互联互通人民币指数收益率,汇添富基金管理股份有限公司,交通银行股份有限公司,股票型ETF,规模指数ETF,746059.MSI,,,,,,
2021-03-05,560050.SH,汇添富MSCI中国A50互联互通ETF,20211108,MSCI中国A50互联互通人民币指数,MSCI中国A50互联互通人民币指数收益率,汇添富基金管理股份有限公司,交通银行股份有限公司,股票型ETF,规模指数ETF,746059.MSI,,,,,,
2021-03-08,560050.SH,汇添富MSCI中国A50互联互通ETF,20211108,MSCI中国A50互联互通人民币指数,MSCI中国A50互联互通人民币指数收益率,汇添富基金管理股份有限公司,交通银行股份有限公司,股票型ETF,规模指数ETF,746059.MSI,,,,,,
2021-03-09,560050.SH,汇添富MSCI中国A50互联互通ETF,20211108,MSCI中国A50互联互通人民币指数,MSCI中国A50互联互通人民币指数收益率,汇添富基金管理股份有限公司,交通银行股份有限公司,股票型ETF,规模指数ETF,746059.MSI,,,,,,
2021-03-10,560050.SH,汇添富MSCI中国A50互联互通ETF,20211108,MSCI中国A50互联互通人民币指数,MSCI中国A50互联互通人民币指数收益率,汇添富基金管理股份有限公司,交通银行股份有限公司,股票型ETF,规模指数ETF,746059.MSI,,,,,,
2021-03-11,560050.SH,汇添富MSCI中国A50互联互通ETF,20211108,MSCI中国A50互联互通人民币指数,MSCI中国A50互联互通人民币指数收益率,汇添富基金管理股份有限公司,交通银行股份有限公司,股票型ETF,规模指数ETF,746059.MSI,,,,,,
2021-03-12,560050.SH,汇添富MSCI中国A50互联互通ETF,20211108,MSCI中国A50互联互通人民币指数,MSCI中国A50互联互通人民币指数收益率,汇添富基金管理股份有限公司,交通银行股份有限公司,股票型ETF,规模指数ETF,746059.MSI,,,,,,
2021-03-15,560050.SH,汇添富MSCI中国A50互联互通ETF,20211108,MSCI中国A50互联互通人民币指数,MSCI中国A50互联互通人民币指数收益率,汇添富基金管理股份有限公司,交通银行股份有限公司,股票型ETF,规模指数ETF,746059.MSI,,,,,,
2021-03-16,560050.SH,汇添富MSCI中国A50互联互通ETF,20211108,MSCI中国A50互联互通人民币指数,MSCI中国A50互联互通人民币指数收益率,汇添富基金管理股份有限公司,交通银行股份有限公司,股票型ETF,规模指数ETF,746059.MSI,,,,,,
2021-03-17,560050.SH,汇添富MSCI中国A50互联互通ETF,20211108,MSCI中国A50互联互通人民币指数,MSCI中国A50互联互通人民币指数收益率,汇添富基金管理股份有限公司,交通银行股份有限公司,股票型ETF,规模指数ETF,746059.MSI,,,,,,
2021-03-18,560050.SH,汇添富MSCI中国A50互联互通ETF,20211108,MSCI中国A50互联互通人民币指数,MSCI中国A50互联互通人民币指数收益率,汇添富基金管理股份有限公司,交通银行股份有限公司,股票型ETF,规模指数ETF,746059.MSI,,,,,,
2021-03-19,560050.SH,汇添富MSCI中国A50互联互通ETF,20211108,MSCI中国A50互联互通人民币指数,MSCI中国A50互联互通人民币指数收益率,汇添富基金管理股份有限公司,交通银行股份有限公司,股票型ETF,规模指数ETF,746059.MSI,,,,,,
2021-03-22,560050.SH,汇添富MSCI中国A50互联互通ETF,20211108,MSCI中国A50互联互通人民币指数,MSCI中国A50互联互通人民币指数收益率,汇添富基金管理股份有限公司,交通银行股份有限公司,股票型ETF,规模指数ETF,746059.MSI,,,,,,
2021-03-23,560050.SH,汇添富MSCI中国A50互联互通ETF,20211108,MSCI中国A50互联互通人民币指数,MSCI中国A50互联互通人民币指数收益率,汇添富基金管理股份有限公司,交通银行股份有限公司,股票型ETF,规模指数ETF,746059.MSI,,,,,,
2021-03-24,560050.SH,汇添富MSCI中国A50互联互通ETF,20211108,MSCI中国A50互联互通人民币指数,MSCI中国A50互联互通人民币指数收益率,汇添富基金管理股份有限公司,交通银行股份有限公司,股票型ETF,规模指数ETF,746059.MSI,,,,,,
2021-03-25,560050.SH,汇添富MSCI中国A50互联互通ETF,20211108,MSCI中国A50互联互通人民币指数,MSCI中国A50互联互通人民币指数收益率,汇添富基金管理股份有限公司,交通银行股份有限公司,股票型ETF,规模指数ETF,746059.MSI,,,,,,
2021-03-26,560050.SH,汇添富MSCI中国A50互联互通ETF,20211108,MSCI中国A50互联互通人民币指数,MSCI中国A50互联互通人民币指数收益率,汇添富基金管理股份有限公司,交通银行股份有限公司,股票型ETF,规模指数ETF,746059.MSI,,,,,,
2021-03-29,560050.SH,汇添富MSCI中国A50互联互通ETF,20211108,MSCI中国A50互联互通人民币指数,MSCI中国A50互联互通人民币指数收益率,汇添富基金管理股份有限公司,交通银行股份有限公司,股票型ETF,规模指数ETF,746059.MSI,,,,,,
2021-03-30,560050.SH,汇添富MSCI中国A50互联互通ETF,20211108,MSCI中国A50互联互通人民币指数,MSCI中国A50互联互通人民币指数收益率,汇添富基金管理股份有限公司,交通银行股份有限公司,股票型ETF,规模指数ETF,746059.MSI,,,,,,
2021-03-31,560050.SH,汇添富MSCI中国A50互联互通ETF,20211108,MSCI中国A50互联互通人民币指数,MSCI中国A50互联互通人民币指数收益率,汇添富基金管理股份有限公司,交通银行股份有限公司,股票型ETF,规模指数ETF,746059.MSI,,,,,,
2021-04-01,560050.SH,汇添富MSCI中国A50互联互通ETF,20211108,MSCI中国A50互联互通人民币指数,MSCI中国A50互联互通人民币指数收益率,汇添富基金管理股份有限公司,交通银行股份有限公司,股票型ETF,规模指数ETF,746059.MSI,,,,,,
2021-04-02,560050.SH,汇添富MSCI中国A50互联互通ETF,20211108,MSCI中国A50互联互通人民币指数,MSCI中国A50互联互通人民币指数收益率,汇添富基金管理股份有限公司,交通银行股份有限公司,股票型ETF,规模指数ETF,746059.MSI,,,,,,
2021-04-06,560050.SH,汇添富MSCI中国A50互联互通ETF,20211108,MSCI中国A50互联互通人民币指数,MSCI中国A50互联互通人民币指数收益率,汇添富基金管理股份有限公司,交通银行股份有限公司,股票型ETF,规模指数ETF,746059.MSI,,,,,,
2021-04-07,560050.SH,汇添富MSCI中国A50互联互通ETF,20211108,MSCI中国A50互联互通人民币指数,MSCI中国A50互联互通人民币指数收益率,汇添富基金管理股份有限公司,交通银行股份有限公司,股票型ETF,规模指数ETF,746059.MSI,,,,,,
2021-04-08,560050.SH,汇添富MSCI中国A50互联互通ETF,20211108,MSCI中国A50互联互通人民币指数,MSCI中国A50互联互通人民币指数收益率,汇添富基金管理股份有限公司,交通银行股份有限公司,股票型ETF,规模指数ETF,746059.MSI,,,,,,
2021-04-09,560050.SH,汇添富MSCI中国A50互联互通ETF,20211108,MSCI中国A50互联互通人民币指数,MSCI中国A50互联互通人民币指数收益率,汇添富基金管理股份有限公司,交通银行股份有限公司,股票型ETF,规模指数ETF,746059.MSI,,,,,,
2021-04-12,560050.SH,汇添富MSCI中国A50互联互通ETF,20211108,MSCI中国A50互联互通人民币指数,MSCI中国A50互联互通人民币指数收益率,汇添富基金管理股份有限公司,交通银行股份有限公司,股票型ETF,规模指数ETF,746059.MSI,,,,,,
2021-04-13,560050.SH,汇添富MSCI中国A50互联互通ETF,20211108,MSCI中国A50互联互通人民币指数,MSCI中国A50互联互通人民币指数收益率,汇添富基金管理股份有限公司,交通银行股份有限公司,股票型ETF,规模指数ETF,746059.MSI,,,,,,
2021-04-14,560050.SH,汇添富MSCI中国A50互联互通ETF,20211108,MSCI中国A50互联互通人民币指数,MSCI中国A50互联互通人民币指数收益率,汇添富基金管理股份有限公司,交通银行股份有限公司,股票型ETF,规模指数ETF,746059.MSI,,,,,,
2021-04-15,560050.SH,汇添富MSCI中国A50互联互通ETF,20211108,MSCI中国A50互联互通人民币指数,MSCI中国A50互联互通人民币指数收益率,汇添富基金管理股份有限公司,交通银行股份有限公司,股票型ETF,规模指数ETF,746059.MSI,,,,,,
2021-04-16,560050.SH,汇添富MSCI中国A50互联互通ETF,20211108,MSCI中国A50互联互通人民币指数,MSCI中国A50互联互通人民币指数收益率,汇添富基金管理股份有限公司,交通银行股份有限公司,股票型ETF,规模指数ETF,746059.MSI,,,,,,
2021-04-19,560050.SH,汇添富MSCI中国A50互联互通ETF,20211108,MSCI中国A50互联互通人民币指数,MSCI中国A50互联互通人民币指数收益率,汇添富基金管理股份有限公司,交通银行股份有限公司,股票型ETF,规模指数ETF,746059.MSI,,,,,,
2021-04-20,560050.SH,汇添富MSCI中国A50互联互通ETF,20211108,MSCI中国A50互联互通人民币指数,MSCI中国A50互联互通人民币指数收益率,汇添富基金管理股份有限公司,交通银行股份有限公司,股票型ETF,规模指数ETF,746059.MSI,,,,,,
2021-04-21,560050.SH,汇添富MSCI中国A50互联互通ETF,20211108,MSCI中国A50互联互通人民币指数,MSCI中国A50互联互通人民币指数收益率,汇添富基金管理股份有限公司,交通银行股份有限公司,股票型ETF,规模指数ETF,746059.MSI,,,,,,
2021-04-22,560050.SH,汇添富MSCI中国A50互联互通ETF,20211108,MSCI中国A50互联互通人民币指数,MSCI中国A50互联互通人民币指数收益率,汇添富基金管理股份有限公司,交通银行股份有限公司,股票型ETF,规模指数ETF,746059.MSI,,,,,,
2021-04-23,560050.SH,汇添富MSCI中国A50互联互通ETF,20211108,MSCI中国A50互联互通人民币指数,MSCI中国A50互联互通人民币指数收益率,汇添富基金管理股份有限公司,交通银行股份有限公司,股票型ETF,规模指数ETF,746059.MSI,,,,,,
2021-04-26,560050.SH,汇添富MSCI中国A50互联互通ETF,20211108,MSCI中国A50互联互通人民币指数,MSCI中国A50互联互通人民币指数收益率,汇添富基金管理股份有限公司,交通银行股份有限公司,股票型ETF,规模指数ETF,746059.MSI,,,,,,
2021-04-27,560050.SH,汇添富MSCI中国A50互联互通ETF,20211108,MSCI中国A50互联互通人民币指数,MSCI中国A50互联互通人民币指数收益率,汇添富基金管理股份有限公司,交通银行股份有限公司,股票型ETF,规模指数ETF,746059.MSI,,,,,,
2021-04-28,560050.SH,汇添富MSCI中国A50互联互通ETF,20211108,MSCI中国A50互联互通人民币指数,MSCI中国A50互联互通人民币指数收益率,汇添富基金管理股份有限公司,交通银行股份有限公司,股票型ETF,规模指数ETF,746059.MSI,,,,,,
2021-04-29,560050.SH,汇添富MSCI中国A50互联互通ETF,20211108,MSCI中国A50互联互通人民币指数,MSCI中国A50互联互通人民币指数收益率,汇添富基金管理股份有限公司,交通银行股份有限公司,股票型ETF,规模指数ETF,746059.MSI,,,,,,
2021-04-30,560050.SH,汇添富MSCI中国A50互联互通ETF,20211108,MSCI中国A50互联互通人民币指数,MSCI中国A50互联互通人民币指数收益率,汇添富基金管理股份有限公司,交通银行股份有限公司,股票型ETF,规模指数ETF,746059.MSI,,,,,,
2021-05-06,560050.SH,汇添富MSCI中国A50互联互通ETF,20211108,MSCI中国A50互联互通人民币指数,MSCI中国A50互联互通人民币指数收益率,汇添富基金管理股份有限公司,交通银行股份有限公司,股票型ETF,规模指数ETF,746059.MSI,,,,,,
2021-05-07,560050.SH,汇添富MSCI中国A50互联互通ETF,20211108,MSCI中国A50互联互通人民币指数,MSCI中国A50互联互通人民币指数收益率,汇添富基金管理股份有限公司,交通银行股份有限公司,股票型ETF,规模指数ETF,746059.MSI,,,,,,
2021-05-10,560050.SH,汇添富MSCI中国A50互联互通ETF,20211108,MSCI中国A50互联互通人民币指数,MSCI中国A50互联互通人民币指数收益率,汇添富基金管理股份有限公司,交通银行股份有限公司,股票型ETF,规模指数ETF,746059.MSI,,,,,,
2021-05-11,560050.SH,汇添富MSCI中国A50互联互通ETF,20211108,MSCI中国A50互联互通人民币指数,MSCI中国A50互联互通人民币指数收益率,汇添富基金管理股份有限公司,交通银行股份有限公司,股票型ETF,规模指数ETF,746059.MSI,,,,,,
2021-05-12,560050.SH,汇添富MSCI中国A50互联互通ETF,20211108,MSCI中国A50互联互通人民币指数,MSCI中国A50互联互通人民币指数收益率,汇添富基金管理股份有限公司,交通银行股份有限公司,股票型ETF,规模指数ETF,746059.MSI,,,,,,
2021-05-13,560050.SH,汇添富MSCI中国A50互联互通ETF,20211108,MSCI中国A50互联互通人民币指数,MSCI中国A50互联互通人民币指数收益率,汇添富基金管理股份有限公司,交通银行股份有限公司,股票型ETF,规模指数ETF,746059.MSI,,,,,,
2021-05-14,560050.SH,汇添富MSCI中国A50互联互通ETF,20211108,MSCI中国A50互联互通人民币指数,MSCI中国A50互联互通人民币指数收益率,汇添富基金管理股份有限公司,交通银行股份有限公司,股票型ETF,规模指数ETF,746059.MSI,,,,,,
2021-05-17,560050.SH,汇添富MSCI中国A50互联互通ETF,20211108,MSCI中国A50互联互通人民币指数,MSCI中国A50互联互通人民币指数收益率,汇添富基金管理股份有限公司,交通银行股份有限公司,股票型ETF,规模指数ETF,746059.MSI,,,,,,
2021-05-18,560050.SH,汇添富MSCI中国A50互联互通ETF,20211108,MSCI中国A50互联互通人民币指数,MSCI中国A50互联互通人民币指数收益率,汇添富基金管理股份有限公司,交通银行股份有限公司,股票型ETF,规模指数ETF,746059.MSI,,,,,,
2021-05-19,560050.SH,汇添富MSCI中国A50互联互通ETF,20211108,MSCI中国A50互联互通人民币指数,MSCI中国A50互联互通人民币指数收益率,汇添富基金管理股份有限公司,交通银行股份有限公司,股票型ETF,规模指数ETF,746059.MSI,,,,,,
2021-05-20,560050.SH,汇添富MSCI中国A50互联互通ETF,20211108,MSCI中国A50互联互通人民币指数,MSCI中国A50互联互通人民币指数收益率,汇添富基金管理股份有限公司,交通银行股份有限公司,股票型ETF,规模指数ETF,746059.MSI,,,,,,
2021-05-21,560050.SH,汇添富MSCI中国A50互联互通ETF,20211108,MSCI中国A50互联互通人民币指数,MSCI中国A50互联互通人民币指数收益率,汇添富基金管理股份有限公司,交通银行股份有限公司,股票型ETF,规模指数ETF,746059.MSI,,,,,,
2021-05-24,560050.SH,汇添富MSCI中国A50互联互通ETF,20211108,MSCI中国A50互联互通人民币指数,MSCI中国A50互联互通人民币指数收益率,汇添富基金管理股份有限公司,交通银行股份有限公司,股票型ETF,规模指数ETF,746059.MSI,,,,,,
2021-05-25,560050.SH,汇添富MSCI中国A50互联互通ETF,20211108,MSCI中国A50互联互通人民币指数,MSCI中国A50互联互通人民币指数收益率,汇添富基金管理股份有限公司,交通银行股份有限公司,股票型ETF,规模指数ETF,746059.MSI,,,,,,
2021-05-26,560050.SH,汇添富MSCI中国A50互联互通ETF,20211108,MSCI中国A50互联互通人民币指数,MSCI中国A50互联互通人民币指数收益率,汇添富基金管理股份有限公司,交通银行股份有限公司,股票型ETF,规模指数ETF,746059.MSI,,,,,,
2021-05-27,560050.SH,汇添富MSCI中国A50互联互通ETF,20211108,MSCI中国A50互联互通人民币指数,MSCI中国A50互联互通人民币指数收益率,汇添富基金管理股份有限公司,交通银行股份有限公司,股票型ETF,规模指数ETF,746059.MSI,,,,,,
2021-05-28,560050.SH,汇添富MSCI中国A50互联互通ETF,20211108,MSCI中国A50互联互通人民币指数,MSCI中国A50互联互通人民币指数收益率,汇添富基金管理股份有限公司,交通银行股份有限公司,股票型ETF,规模指数ETF,746059.MSI,,,,,,
2021-05-31,560050.SH,汇添富MSCI中国A50互联互通ETF,20211108,MSCI中国A50互联互通人民币指数,MSCI中国A50互联互通人民币指数收益率,汇添富基金管理股份有限公司,交通银行股份有限公司,股票型ETF,规模指数ETF,746059.MSI,,,,,,
2021-06-01,560050.SH,汇添富MSCI中国A50互联互通ETF,20211108,MSCI中国A50互联互通人民币指数,MSCI中国A50互联互通人民币指数收益率,汇添富基金管理股份有限公司,交通银行股份有限公司,股票型ETF,规模指数ETF,746059.MSI,,,,,,
2021-06-02,560050.SH,汇添富MSCI中国A50互联互通ETF,20211108,MSCI中国A50互联互通人民币指数,MSCI中国A50互联互通人民币指数收益率,汇添富基金管理股份有限公司,交通银行股份有限公司,股票型ETF,规模指数ETF,746059.MSI,,,,,,
2021-06-03,560050.SH,汇添富MSCI中国A50互联互通ETF,20211108,MSCI中国A50互联互通人民币指数,MSCI中国A50互联互通人民币指数收益率,汇添富基金管理股份有限公司,交通银行股份有限公司,股票型ETF,规模指数ETF,746059.MSI,,,,,,
2021-06-04,560050.SH,汇添富MSCI中国A50互联互通ETF,20211108,MSCI中国A50互联互通人民币指数,MSCI中国A50互联互通人民币指数收益率,汇添富基金管理股份有限公司,交通银行股份有限公司,股票型ETF,规模指数ETF,746059.MSI,,,,,,
2021-06-07,560050.SH,汇添富MSCI中国A50互联互通ETF,20211108,MSCI中国A50互联互通人民币指数,MSCI中国A50互联互通人民币指数收益率,汇添富基金管理股份有限公司,交通银行股份有限公司,股票型ETF,规模指数ETF,746059.MSI,,,,,,
2021-06-08,560050.SH,汇添富MSCI中国A50互联互通ETF,20211108,MSCI中国A50互联互通人民币指数,MSCI中国A50互联互通人民币指数收益率,汇添富基金管理股份有限公司,交通银行股份有限公司,股票型ETF,规模指数ETF,746059.MSI,,,,,,
2021-06-09,560050.SH,汇添富MSCI中国A50互联互通ETF,20211108,MSCI中国A50互联互通人民币指数,MSCI中国A50互联互通人民币指数收益率,汇添富基金管理股份有限公司,交通银行股份有限公司,股票型ETF,规模指数ETF,746059.MSI,,,,,,
2021-06-10,560050.SH,汇添富MSCI中国A50互联互通ETF,20211108,MSCI中国A50互联互通人民币指数,MSCI中国A50互联互通人民币指数收益率,汇添富基金管理股份有限公司,交通银行股份有限公司,股票型ETF,规模指数ETF,746059.MSI,,,,,,
2021-06-11,560050.SH,汇添富MSCI中国A50互联互通ETF,20211108,MSCI中国A50互联互通人民币指数,MSCI中国A50互联互通人民币指数收益率,汇添富基金管理股份有限公司,交通银行股份有限公司,股票型ETF,规模指数ETF,746059.MSI,,,,,,
2021-06-15,560050.SH,汇添富MSCI中国A50互联互通ETF,20211108,MSCI中国A50互联互通人民币指数,MSCI中国A50互联互通人民币指数收益率,汇添富基金管理股份有限公司,交通银行股份有限公司,股票型ETF,规模指数ETF,746059.MSI,,,,,,
2021-06-16,560050.SH,汇添富MSCI中国A50互联互通ETF,20211108,MSCI中国A50互联互通人民币指数,MSCI中国A50互联互通人民币指数收益率,汇添富基金管理股份有限公司,交通银行股份有限公司,股票型ETF,规模指数ETF,746059.MSI,,,,,,
2021-06-17,560050.SH,汇添富MSCI中国A50互联互通ETF,20211108,MSCI中国A50互联互通人民币指数,MSCI中国A50互联互通人民币指数收益率,汇添富基金管理股份有限公司,交通银行股份有限公司,股票型ETF,规模指数ETF,746059.MSI,,,,,,
2021-06-18,560050.SH,汇添富MSCI中国A50互联互通ETF,20211108,MSCI中国A50互联互通人民币指数,MSCI中国A50互联互通人民币指数收益率,汇添富基金管理股份有限公司,交通银行股份有限公司,股票型ETF,规模指数ETF,746059.MSI,,,,,,
2021-06-21,560050.SH,汇添富MSCI中国A50互联互通ETF,20211108,MSCI中国A50互联互通人民币指数,MSCI中国A50互联互通人民币指数收益率,汇添富基金管理股份有限公司,交通银行股份有限公司,股票型ETF,规模指数ETF,746059.MSI,,,,,,
2021-06-22,560050.SH,汇添富MSCI中国A50互联互通ETF,20211108,MSCI中国A50互联互通人民币指数,MSCI中国A50互联互通人民币指数收益率,汇添富基金管理股份有限公司,交通银行股份有限公司,股票型ETF,规模指数ETF,746059.MSI,,,,,,
2021-06-23,560050.SH,汇添富MSCI中国A50互联互通ETF,20211108,MSCI中国A50互联互通人民币指数,MSCI中国A50互联互通人民币指数收益率,汇添富基金管理股份有限公司,交通银行股份有限公司,股票型ETF,规模指数ETF,746059.MSI,,,,,,
2021-06-24,560050.SH,汇添富MSCI中国A50互联互通ETF,20211108,MSCI中国A50互联互通人民币指数,MSCI中国A50互联互通人民币指数收益率,汇添富基金管理股份有限公司,交通银行股份有限公司,股票型ETF,规模指数ETF,746059.MSI,,,,,,
2021-06-25,560050.SH,汇添富MSCI中国A50互联互通ETF,20211108,MSCI中国A50互联互通人民币指数,MSCI中国A50互联互通人民币指数收益率,汇添富基金管理股份有限公司,交通银行股份有限公司,股票型ETF,规模指数ETF,746059.MSI,,,,,,
2021-06-28,560050.SH,汇添富MSCI中国A50互联互通ETF,20211108,MSCI中国A50互联互通人民币指数,MSCI中国A50互联互通人民币指数收益率,汇添富基金管理股份有限公司,交通银行股份有限公司,股票型ETF,规模指数ETF,746059.MSI,,,,,,
2021-06-29,560050.SH,汇添富MSCI中国A50互联互通ETF,20211108,MSCI中国A50互联互通人民币指数,MSCI中国A50互联互通人民币指数收益率,汇添富基金管理股份有限公司,交通银行股份有限公司,股票型ETF,规模指数ETF,746059.MSI,,,,,,
2021-06-30,560050.SH,汇添富MSCI中国A50互联互通ETF,20211108,MSCI中国A50互联互通人民币指数,MSCI中国A50互联互通人民币指数收益率,汇添富基金管理股份有限公司,交通银行股份有限公司,股票型ETF,规模指数ETF,746059.MSI,,,,,,
2021-07-01,560050.SH,汇添富MSCI中国A50互联互通ETF,20211108,MSCI中国A50互联互通人民币指数,MSCI中国A50互联互通人民币指数收益率,汇添富基金管理股份有限公司,交通银行股份有限公司,股票型ETF,规模指数ETF,746059.MSI,,,,,,
2021-07-02,560050.SH,汇添富MSCI中国A50互联互通ETF,20211108,MSCI中国A50互联互通人民币指数,MSCI中国A50互联互通人民币指数收益率,汇添富基金管理股份有限公司,交通银行股份有限公司,股票型ETF,规模指数ETF,746059.MSI,,,,,,
2021-07-05,560050.SH,汇添富MSCI中国A50互联互通ETF,20211108,MSCI中国A50互联互通人民币指数,MSCI中国A50互联互通人民币指数收益率,汇添富基金管理股份有限公司,交通银行股份有限公司,股票型ETF,规模指数ETF,746059.MSI,,,,,,
2021-07-06,560050.SH,汇添富MSCI中国A50互联互通ETF,20211108,MSCI中国A50互联互通人民币指数,MSCI中国A50互联互通人民币指数收益率,汇添富基金管理股份有限公司,交通银行股份有限公司,股票型ETF,规模指数ETF,746059.MSI,,,,,,
2021-07-07,560050.SH,汇添富MSCI中国A50互联互通ETF,20211108,MSCI中国A50互联互通人民币指数,MSCI中国A50互联互通人民币指数收益率,汇添富基金管理股份有限公司,交通银行股份有限公司,股票型ETF,规模指数ETF,746059.MSI,,,,,,
2021-07-08,560050.SH,汇添富MSCI中国A50互联互通ETF,20211108,MSCI中国A50互联互通人民币指数,MSCI中国A50互联互通人民币指数收益率,汇添富基金管理股份有限公司,交通银行股份有限公司,股票型ETF,规模指数ETF,746059.MSI,,,,,,
2021-07-09,560050.SH,汇添富MSCI中国A50互联互通ETF,20211108,MSCI中国A50互联互通人民币指数,MSCI中国A50互联互通人民币指数收益率,汇添富基金管理股份有限公司,交通银行股份有限公司,股票型ETF,规模指数ETF,746059.MSI,,,,,,
2021-07-12,560050.SH,汇添富MSCI中国A50互联互通ETF,20211108,MSCI中国A50互联互通人民币指数,MSCI中国A50互联互通人民币指数收益率,汇添富基金管理股份有限公司,交通银行股份有限公司,股票型ETF,规模指数ETF,746059.MSI,,,,,,
2021-07-13,560050.SH,汇添富MSCI中国A50互联互通ETF,20211108,MSCI中国A50互联互通人民币指数,MSCI中国A50互联互通人民币指数收益率,汇添富基金管理股份有限公司,交通银行股份有限公司,股票型ETF,规模指数ETF,746059.MSI,,,,,,
2021-07-14,560050.SH,汇添富MSCI中国A50互联互通ETF,20211108,MSCI中国A50互联互通人民币指数,MSCI中国A50互联互通人民币指数收益率,汇添富基金管理股份有限公司,交通银行股份有限公司,股票型ETF,规模指数ETF,746059.MSI,,,,,,
2021-07-15,560050.SH,汇添富MSCI中国A50互联互通ETF,20211108,MSCI中国A50互联互通人民币指数,MSCI中国A50互联互通人民币指数收益率,汇添富基金管理股份有限公司,交通银行股份有限公司,股票型ETF,规模指数ETF,746059.MSI,,,,,,
2021-07-16,560050.SH,汇添富MSCI中国A50互联互通ETF,20211108,MSCI中国A50互联互通人民币指数,MSCI中国A50互联互通人民币指数收益率,汇添富基金管理股份有限公司,交通银行股份有限公司,股票型ETF,规模指数ETF,746059.MSI,,,,,,
2021-07-19,560050.SH,汇添富MSCI中国A50互联互通ETF,20211108,MSCI中国A50互联互通人民币指数,MSCI中国A50互联互通人民币指数收益率,汇添富基金管理股份有限公司,交通银行股份有限公司,股票型ETF,规模指数ETF,746059.MSI,,,,,,
2021-07-20,560050.SH,汇添富MSCI中国A50互联互通ETF,20211108,MSCI中国A50互联互通人民币指数,MSCI中国A50互联互通人民币指数收益率,汇添富基金管理股份有限公司,交通银行股份有限公司,股票型ETF,规模指数ETF,746059.MSI,,,,,,
2021-07-21,560050.SH,汇添富MSCI中国A50互联互通ETF,20211108,MSCI中国A50互联互通人民币指数,MSCI中国A50互联互通人民币指数收益率,汇添富基金管理股份有限公司,交通银行股份有限公司,股票型ETF,规模指数ETF,746059.MSI,,,,,,
2021-07-22,560050.SH,汇添富MSCI中国A50互联互通ETF,20211108,MSCI中国A50互联互通人民币指数,MSCI中国A50互联互通人民币指数收益率,汇添富基金管理股份有限公司,交通银行股份有限公司,股票型ETF,规模指数ETF,746059.MSI,,,,,,
2021-07-23,560050.SH,汇添富MSCI中国A50互联互通ETF,20211108,MSCI中国A50互联互通人民币指数,MSCI中国A50互联互通人民币指数收益率,汇添富基金管理股份有限公司,交通银行股份有限公司,股票型ETF,规模指数ETF,746059.MSI,,,,,,
2021-07-26,560050.SH,汇添富MSCI中国A50互联互通ETF,20211108,MSCI中国A50互联互通人民币指数,MSCI中国A50互联互通人民币指数收益率,汇添富基金管理股份有限公司,交通银行股份有限公司,股票型ETF,规模指数ETF,746059.MSI,,,,,,
2021-07-27,560050.SH,汇添富MSCI中国A50互联互通ETF,20211108,MSCI中国A50互联互通人民币指数,MSCI中国A50互联互通人民币指数收益率,汇添富基金管理股份有限公司,交通银行股份有限公司,股票型ETF,规模指数ETF,746059.MSI,,,,,,
2021-07-28,560050.SH,汇添富MSCI中国A50互联互通ETF,20211108,MSCI中国A50互联互通人民币指数,MSCI中国A50互联互通人民币指数收益率,汇添富基金管理股份有限公司,交通银行股份有限公司,股票型ETF,规模指数ETF,746059.MSI,,,,,,
2021-07-29,560050.SH,汇添富MSCI中国A50互联互通ETF,20211108,MSCI中国A50互联互通人民币指数,MSCI中国A50互联互通人民币指数收益率,汇添富基金管理股份有限公司,交通银行股份有限公司,股票型ETF,规模指数ETF,746059.MSI,,,,,,
2021-07-30,560050.SH,汇添富MSCI中国A50互联互通ETF,20211108,MSCI中国A50互联互通人民币指数,MSCI中国A50互联互通人民币指数收益率,汇添富基金管理股份有限公司,交通银行股份有限公司,股票型ETF,规模指数ETF,746059.MSI,,,,,,
2021-08-02,560050.SH,汇添富MSCI中国A50互联互通ETF,20211108,MSCI中国A50互联互通人民币指数,MSCI中国A50互联互通人民币指数收益率,汇添富基金管理股份有限公司,交通银行股份有限公司,股票型ETF,规模指数ETF,746059.MSI,,,,,,
2021-08-03,560050.SH,汇添富MSCI中国A50互联互通ETF,20211108,MSCI中国A50互联互通人民币指数,MSCI中国A50互联互通人民币指数收益率,汇添富基金管理股份有限公司,交通银行股份有限公司,股票型ETF,规模指数ETF,746059.MSI,,,,,,
2021-08-04,560050.SH,汇添富MSCI中国A50互联互通ETF,20211108,MSCI中国A50互联互通人民币指数,MSCI中国A50互联互通人民币指数收益率,汇添富基金管理股份有限公司,交通银行股份有限公司,股票型ETF,规模指数ETF,746059.MSI,,,,,,
2021-08-05,560050.SH,汇添富MSCI中国A50互联互通ETF,20211108,MSCI中国A50互联互通人民币指数,MSCI中国A50互联互通人民币指数收益率,汇添富基金管理股份有限公司,交通银行股份有限公司,股票型ETF,规模指数ETF,746059.MSI,,,,,,
2021-08-06,560050.SH,汇添富MSCI中国A50互联互通ETF,20211108,MSCI中国A50互联互通人民币指数,MSCI中国A50互联互通人民币指数收益率,汇添富基金管理股份有限公司,交通银行股份有限公司,股票型ETF,规模指数ETF,746059.MSI,,,,,,
2021-08-09,560050.SH,汇添富MSCI中国A50互联互通ETF,20211108,MSCI中国A50互联互通人民币指数,MSCI中国A50互联互通人民币指数收益率,汇添富基金管理股份有限公司,交通银行股份有限公司,股票型ETF,规模指数ETF,746059.MSI,,,,,,
2021-08-10,560050.SH,汇添富MSCI中国A50互联互通ETF,20211108,MSCI中国A50互联互通人民币指数,MSCI中国A50互联互通人民币指数收益率,汇添富基金管理股份有限公司,交通银行股份有限公司,股票型ETF,规模指数ETF,746059.MSI,,,,,,
2021-08-11,560050.SH,汇添富MSCI中国A50互联互通ETF,20211108,MSCI中国A50互联互通人民币指数,MSCI中国A50互联互通人民币指数收益率,汇添富基金管理股份有限公司,交通银行股份有限公司,股票型ETF,规模指数ETF,746059.MSI,,,,,,
2021-08-12,560050.SH,汇添富MSCI中国A50互联互通ETF,20211108,MSCI中国A50互联互通人民币指数,MSCI中国A50互联互通人民币指数收益率,汇添富基金管理股份有限公司,交通银行股份有限公司,股票型ETF,规模指数ETF,746059.MSI,,,,,,
2021-08-13,560050.SH,汇添富MSCI中国A50互联互通ETF,20211108,MSCI中国A50互联互通人民币指数,MSCI中国A50互联互通人民币指数收益率,汇添富基金管理股份有限公司,交通银行股份有限公司,股票型ETF,规模指数ETF,746059.MSI,,,,,,
2021-08-16,560050.SH,汇添富MSCI中国A50互联互通ETF,20211108,MSCI中国A50互联互通人民币指数,MSCI中国A50互联互通人民币指数收益率,汇添富基金管理股份有限公司,交通银行股份有限公司,股票型ETF,规模指数ETF,746059.MSI,,,,,,
2021-08-17,560050.SH,汇添富MSCI中国A50互联互通ETF,20211108,MSCI中国A50互联互通人民币指数,MSCI中国A50互联互通人民币指数收益率,汇添富基金管理股份有限公司,交通银行股份有限公司,股票型ETF,规模指数ETF,746059.MSI,,,,,,
2021-08-18,560050.SH,汇添富MSCI中国A50互联互通ETF,20211108,MSCI中国A50互联互通人民币指数,MSCI中国A50互联互通人民币指数收益率,汇添富基金管理股份有限公司,交通银行股份有限公司,股票型ETF,规模指数ETF,746059.MSI,,,,,,
2021-08-19,560050.SH,汇添富MSCI中国A50互联互通ETF,20211108,MSCI中国A50互联互通人民币指数,MSCI中国A50互联互通人民币指数收益率,汇添富基金管理股份有限公司,交通银行股份有限公司,股票型ETF,规模指数ETF,746059.MSI,,,,,,
2021-08-20,560050.SH,汇添富MSCI中国A50互联互通ETF,20211108,MSCI中国A50互联互通人民币指数,MSCI中国A50互联互通人民币指数收益率,汇添富基金管理股份有限公司,交通银行股份有限公司,股票型ETF,规模指数ETF,746059.MSI,,,,,,
2021-08-23,560050.SH,汇添富MSCI中国A50互联互通ETF,20211108,MSCI中国A50互联互通人民币指数,MSCI中国A50互联互通人民币指数收益率,汇添富基金管理股份有限公司,交通银行股份有限公司,股票型ETF,规模指数ETF,746059.MSI,,,,,,
2021-08-24,560050.SH,汇添富MSCI中国A50互联互通ETF,20211108,MSCI中国A50互联互通人民币指数,MSCI中国A50互联互通人民币指数收益率,汇添富基金管理股份有限公司,交通银行股份有限公司,股票型ETF,规模指数ETF,746059.MSI,,,,,,
2021-08-25,560050.SH,汇添富MSCI中国A50互联互通ETF,20211108,MSCI中国A50互联互通人民币指数,MSCI中国A50互联互通人民币指数收益率,汇添富基金管理股份有限公司,交通银行股份有限公司,股票型ETF,规模指数ETF,746059.MSI,,,,,,
2021-08-26,560050.SH,汇添富MSCI中国A50互联互通ETF,20211108,MSCI中国A50互联互通人民币指数,MSCI中国A50互联互通人民币指数收益率,汇添富基金管理股份有限公司,交通银行股份有限公司,股票型ETF,规模指数ETF,746059.MSI,,,,,,
2021-08-27,560050.SH,汇添富MSCI中国A50互联互通ETF,20211108,MSCI中国A50互联互通人民币指数,MSCI中国A50互联互通人民币指数收益率,汇添富基金管理股份有限公司,交通银行股份有限公司,股票型ETF,规模指数ETF,746059.MSI,,,,,,
2021-08-30,560050.SH,汇添富MSCI中国A50互联互通ETF,20211108,MSCI中国A50互联互通人民币指数,MSCI中国A50互联互通人民币指数收益率,汇添富基金管理股份有限公司,交通银行股份有限公司,股票型ETF,规模指数ETF,746059.MSI,,,,,,
2021-08-31,560050.SH,汇添富MSCI中国A50互联互通ETF,20211108,MSCI中国A50互联互通人民币指数,MSCI中国A50互联互通人民币指数收益率,汇添富基金管理股份有限公司,交通银行股份有限公司,股票型ETF,规模指数ETF,746059.MSI,,,,,,
2021-09-01,560050.SH,汇添富MSCI中国A50互联互通ETF,20211108,MSCI中国A50互联互通人民币指数,MSCI中国A50互联互通人民币指数收益率,汇添富基金管理股份有限公司,交通银行股份有限公司,股票型ETF,规模指数ETF,746059.MSI,,,,,,
2021-09-02,560050.SH,汇添富MSCI中国A50互联互通ETF,20211108,MSCI中国A50互联互通人民币指数,MSCI中国A50互联互通人民币指数收益率,汇添富基金管理股份有限公司,交通银行股份有限公司,股票型ETF,规模指数ETF,746059.MSI,,,,,,
2021-09-03,560050.SH,汇添富MSCI中国A50互联互通ETF,20211108,MSCI中国A50互联互通人民币指数,MSCI中国A50互联互通人民币指数收益率,汇添富基金管理股份有限公司,交通银行股份有限公司,股票型ETF,规模指数ETF,746059.MSI,,,,,,
2021-09-06,560050.SH,汇添富MSCI中国A50互联互通ETF,20211108,MSCI中国A50互联互通人民币指数,MSCI中国A50互联互通人民币指数收益率,汇添富基金管理股份有限公司,交通银行股份有限公司,股票型ETF,规模指数ETF,746059.MSI,,,,,,
2021-09-07,560050.SH,汇添富MSCI中国A50互联互通ETF,20211108,MSCI中国A50互联互通人民币指数,MSCI中国A50互联互通人民币指数收益率,汇添富基金管理股份有限公司,交通银行股份有限公司,股票型ETF,规模指数ETF,746059.MSI,,,,,,
2021-09-08,560050.SH,汇添富MSCI中国A50互联互通ETF,20211108,MSCI中国A50互联互通人民币指数,MSCI中国A50互联互通人民币指数收益率,汇添富基金管理股份有限公司,交通银行股份有限公司,股票型ETF,规模指数ETF,746059.MSI,,,,,,
2021-09-09,560050.SH,汇添富MSCI中国A50互联互通ETF,20211108,MSCI中国A50互联互通人民币指数,MSCI中国A50互联互通人民币指数收益率,汇添富基金管理股份有限公司,交通银行股份有限公司,股票型ETF,规模指数ETF,746059.MSI,,,,,,
2021-09-10,560050.SH,汇添富MSCI中国A50互联互通ETF,20211108,MSCI中国A50互联互通人民币指数,MSCI中国A50互联互通人民币指数收益率,汇添富基金管理股份有限公司,交通银行股份有限公司,股票型ETF,规模指数ETF,746059.MSI,,,,,,
2021-09-13,560050.SH,汇添富MSCI中国A50互联互通ETF,20211108,MSCI中国A50互联互通人民币指数,MSCI中国A50互联互通人民币指数收益率,汇添富基金管理股份有限公司,交通银行股份有限公司,股票型ETF,规模指数ETF,746059.MSI,,,,,,
2021-09-14,560050.SH,汇添富MSCI中国A50互联互通ETF,20211108,MSCI中国A50互联互通人民币指数,MSCI中国A50互联互通人民币指数收益率,汇添富基金管理股份有限公司,交通银行股份有限公司,股票型ETF,规模指数ETF,746059.MSI,,,,,,
2021-09-15,560050.SH,汇添富MSCI中国A50互联互通ETF,20211108,MSCI中国A50互联互通人民币指数,MSCI中国A50互联互通人民币指数收益率,汇添富基金管理股份有限公司,交通银行股份有限公司,股票型ETF,规模指数ETF,746059.MSI,,,,,,
2021-09-16,560050.SH,汇添富MSCI中国A50互联互通ETF,20211108,MSCI中国A50互联互通人民币指数,MSCI中国A50互联互通人民币指数收益率,汇添富基金管理股份有限公司,交通银行股份有限公司,股票型ETF,规模指数ETF,746059.MSI,,,,,,
2021-09-17,560050.SH,汇添富MSCI中国A50互联互通ETF,20211108,MSCI中国A50互联互通人民币指数,MSCI中国A50互联互通人民币指数收益率,汇添富基金管理股份有限公司,交通银行股份有限公司,股票型ETF,规模指数ETF,746059.MSI,,,,,,
2021-09-22,560050.SH,汇添富MSCI中国A50互联互通ETF,20211108,MSCI中国A50互联互通人民币指数,MSCI中国A50互联互通人民币指数收益率,汇添富基金管理股份有限公司,交通银行股份有限公司,股票型ETF,规模指数ETF,746059.MSI,,,,,,
2021-09-23,560050.SH,汇添富MSCI中国A50互联互通ETF,20211108,MSCI中国A50互联互通人民币指数,MSCI中国A50互联互通人民币指数收益率,汇添富基金管理股份有限公司,交通银行股份有限公司,股票型ETF,规模指数ETF,746059.MSI,,,,,,
2021-09-24,560050.SH,汇添富MSCI中国A50互联互通ETF,20211108,MSCI中国A50互联互通人民币指数,MSCI中国A50互联互通人民币指数收益率,汇添富基金管理股份有限公司,交通银行股份有限公司,股票型ETF,规模指数ETF,746059.MSI,,,,,,
2021-09-27,560050.SH,汇添富MSCI中国A50互联互通ETF,20211108,MSCI中国A50互联互通人民币指数,MSCI中国A50互联互通人民币指数收益率,汇添富基金管理股份有限公司,交通银行股份有限公司,股票型ETF,规模指数ETF,746059.MSI,,,,,,
2021-09-28,560050.SH,汇添富MSCI中国A50互联互通ETF,20211108,MSCI中国A50互联互通人民币指数,MSCI中国A50互联互通人民币指数收益率,汇添富基金管理股份有限公司,交通银行股份有限公司,股票型ETF,规模指数ETF,746059.MSI,,,,,,
2021-09-29,560050.SH,汇添富MSCI中国A50互联互通ETF,20211108,MSCI中国A50互联互通人民币指数,MSCI中国A50互联互通人民币指数收益率,汇添富基金管理股份有限公司,交通银行股份有限公司,股票型ETF,规模指数ETF,746059.MSI,,,,,,
2021-09-30,560050.SH,汇添富MSCI中国A50互联互通ETF,20211108,MSCI中国A50互联互通人民币指数,MSCI中国A50互联互通人民币指数收益率,汇添富基金管理股份有限公司,交通银行股份有限公司,股票型ETF,规模指数ETF,746059.MSI,,,,,,
2021-10-08,560050.SH,汇添富MSCI中国A50互联互通ETF,20211108,MSCI中国A50互联互通人民币指数,MSCI中国A50互联互通人民币指数收益率,汇添富基金管理股份有限公司,交通银行股份有限公司,股票型ETF,规模指数ETF,746059.MSI,,,,,,
2021-10-11,560050.SH,汇添富MSCI中国A50互联互通ETF,20211108,MSCI中国A50互联互通人民币指数,MSCI中国A50互联互通人民币指数收益率,汇添富基金管理股份有限公司,交通银行股份有限公司,股票型ETF,规模指数ETF,746059.MSI,,,,,,
2021-10-12,560050.SH,汇添富MSCI中国A50互联互通ETF,20211108,MSCI中国A50互联互通人民币指数,MSCI中国A50互联互通人民币指数收益率,汇添富基金管理股份有限公司,交通银行股份有限公司,股票型ETF,规模指数ETF,746059.MSI,,,,,,
2021-10-13,560050.SH,汇添富MSCI中国A50互联互通ETF,20211108,MSCI中国A50互联互通人民币指数,MSCI中国A50互联互通人民币指数收益率,汇添富基金管理股份有限公司,交通银行股份有限公司,股票型ETF,规模指数ETF,746059.MSI,,,,,,
2021-10-14,560050.SH,汇添富MSCI中国A50互联互通ETF,20211108,MSCI中国A50互联互通人民币指数,MSCI中国A50互联互通人民币指数收益率,汇添富基金管理股份有限公司,交通银行股份有限公司,股票型ETF,规模指数ETF,746059.MSI,,,,,,
2021-10-15,560050.SH,汇添富MSCI中国A50互联互通ETF,20211108,MSCI中国A50互联互通人民币指数,MSCI中国A50互联互通人民币指数收益率,汇添富基金管理股份有限公司,交通银行股份有限公司,股票型ETF,规模指数ETF,746059.MSI,,,,,,
2021-10-18,560050.SH,汇添富MSCI中国A50互联互通ETF,20211108,MSCI中国A50互联互通人民币指数,MSCI中国A50互联互通人民币指数收益率,汇添富基金管理股份有限公司,交通银行股份有限公司,股票型ETF,规模指数ETF,746059.MSI,,,,,,
2021-10-19,560050.SH,汇添富MSCI中国A50互联互通ETF,20211108,MSCI中国A50互联互通人民币指数,MSCI中国A50互联互通人民币指数收益率,汇添富基金管理股份有限公司,交通银行股份有限公司,股票型ETF,规模指数ETF,746059.MSI,,,,,,
2021-10-20,560050.SH,汇添富MSCI中国A50互联互通ETF,20211108,MSCI中国A50互联互通人民币指数,MSCI中国A50互联互通人民币指数收益率,汇添富基金管理股份有限公司,交通银行股份有限公司,股票型ETF,规模指数ETF,746059.MSI,,,,,,
2021-10-21,560050.SH,汇添富MSCI中国A50互联互通ETF,20211108,MSCI中国A50互联互通人民币指数,MSCI中国A50互联互通人民币指数收益率,汇添富基金管理股份有限公司,交通银行股份有限公司,股票型ETF,规模指数ETF,746059.MSI,,,,,,
2021-10-22,560050.SH,汇添富MSCI中国A50互联互通ETF,20211108,MSCI中国A50互联互通人民币指数,MSCI中国A50互联互通人民币指数收益率,汇添富基金管理股份有限公司,交通银行股份有限公司,股票型ETF,规模指数ETF,746059.MSI,,,,,,
2021-10-25,560050.SH,汇添富MSCI中国A50互联互通ETF,20211108,MSCI中国A50互联互通人民币指数,MSCI中国A50互联互通人民币指数收益率,汇添富基金管理股份有限公司,交通银行股份有限公司,股票型ETF,规模指数ETF,746059.MSI,,,,,,
2021-10-26,560050.SH,汇添富MSCI中国A50互联互通ETF,20211108,MSCI中国A50互联互通人民币指数,MSCI中国A50互联互通人民币指数收益率,汇添富基金管理股份有限公司,交通银行股份有限公司,股票型ETF,规模指数ETF,746059.MSI,,,,,,
2021-10-27,560050.SH,汇添富MSCI中国A50互联互通ETF,20211108,MSCI中国A50互联互通人民币指数,MSCI中国A50互联互通人民币指数收益率,汇添富基金管理股份有限公司,交通银行股份有限公司,股票型ETF,规模指数ETF,746059.MSI,,,,,,
2021-10-28,560050.SH,汇添富MSCI中国A50互联互通ETF,20211108,MSCI中国A50互联互通人民币指数,MSCI中国A50互联互通人民币指数收益率,汇添富基金管理股份有限公司,交通银行股份有限公司,股票型ETF,规模指数ETF,746059.MSI,,,,,,
2021-10-29,560050.SH,汇添富MSCI中国A50互联互通ETF,20211108,MSCI中国A50互联互通人民币指数,MSCI中国A50互联互通人民币指数收益率,汇添富基金管理股份有限公司,交通银行股份有限公司,股票型ETF,规模指数ETF,746059.MSI,8000734408.4415,,,,,
2021-11-01,560050.SH,汇添富MSCI中国A50互联互通ETF,20211108,MSCI中国A50互联互通人民币指数,MSCI中国A50互联互通人民币指数收益率,汇添富基金管理股份有限公司,交通银行股份有限公司,股票型ETF,规模指数ETF,746059.MSI,8000734408.4415,,,,,
2021-11-02,560050.SH,汇添富MSCI中国A50互联互通ETF,20211108,MSCI中国A50互联互通人民币指数,MSCI中国A50互联互通人民币指数收益率,汇添富基金管理股份有限公司,交通银行股份有限公司,股票型ETF,规模指数ETF,746059.MSI,8000734408.4415,,,,,
2021-11-03,560050.SH,汇添富MSCI中国A50互联互通ETF,20211108,MSCI中国A50互联互通人民币指数,MSCI中国A50互联互通人民币指数收益率,汇添富基金管理股份有限公司,交通银行股份有限公司,股票型ETF,规模指数ETF,746059.MSI,8000734408.4415,,,,,
2021-11-04,560050.SH,汇添富MSCI中国A50互联互通ETF,20211108,MSCI中国A50互联互通人民币指数,MSCI中国A50互联互通人民币指数收益率,汇添富基金管理股份有限公司,交通银行股份有限公司,股票型ETF,规模指数ETF,746059.MSI,8000734408.4415,,,,,
2021-11-05,560050.SH,汇添富MSCI中国A50互联互通ETF,20211108,MSCI中国A50互联互通人民币指数,MSCI中国A50互联互通人民币指数收益率,汇添富基金管理股份有限公司,交通银行股份有限公司,股票型ETF,规模指数ETF,746059.MSI,7935134946.2385,,,,,
2021-11-08,560050.SH,汇添富MSCI中国A50互联互通ETF,20211108,MSCI中国A50互联互通人民币指数,MSCI中国A50互联互通人民币指数收益率,汇添富基金管理股份有限公司,交通银行股份有限公司,股票型ETF,规模指数ETF,746059.MSI,7939934906.8875,2068754988,2050333618,0.992,0.99109543174187,-0.050377834
2021-11-09,560050.SH,汇添富MSCI中国A50互联互通ETF,20211108,MSCI中国A50互联互通人民币指数,MSCI中国A50互联互通人民币指数收益率,汇添富基金管理股份有限公司,交通银行股份有限公司,股票型ETF,规模指数ETF,746059.MSI,8154731262.56,1735826930,1720089774,0.99,0.99093391413164,0.010102031
2021-11-10,560050.SH,汇添富MSCI中国A50互联互通ETF,20211108,MSCI中国A50互联互通人民币指数,MSCI中国A50互联互通人民币指数收益率,汇添富基金管理股份有限公司,交通银行股份有限公司,股票型ETF,规模指数ETF,746059.MSI,8162241734.88,1645457367,1607250582,0.981,0.97678044672184,-0.172992775
2021-11-11,560050.SH,汇添富MSCI中国A50互联互通ETF,20211108,MSCI中国A50互联互通人民币指数,MSCI中国A50互联互通人民币指数收益率,汇添富基金管理股份有限公司,交通银行股份有限公司,股票型ETF,规模指数ETF,746059.MSI,8252846272.16,1848683777,1834188526,0.997,0.99215915064526,-0.19020923
2021-11-12,560050.SH,汇添富MSCI中国A50互联互通ETF,20211108,MSCI中国A50互联互通人民币指数,MSCI中国A50互联互通人民币指数收益率,汇添富基金管理股份有限公司,交通银行股份有限公司,股票型ETF,规模指数ETF,746059.MSI,8582106744.48,2006063045,1993162993,0.992,0.99356946830153,0.030251084
2021-11-15,560050.SH,汇添富MSCI中国A50互联互通ETF,20211108,MSCI中国A50互联互通人民币指数,MSCI中国A50互联互通人民币指数收益率,汇添富基金管理股份有限公司,交通银行股份有限公司,股票型ETF,规模指数ETF,746059.MSI,8765471187.2,1881481993,1856698879,0.987,0.98682787606142,-0.101214575
2021-11-16,560050.SH,汇添富MSCI中国A50互联互通ETF,20211108,MSCI中国A50互联互通人民币指数,MSCI中国A50互联互通人民币指数收益率,汇添富基金管理股份有限公司,交通银行股份有限公司,股票型ETF,规模指数ETF,746059.MSI,8777150924.8,1728917888,1716897277,0.992,0.99304732105357,0
2021-11-17,560050.SH,汇添富MSCI中国A50互联互通ETF,20211108,MSCI中国A50互联互通人民币指数,MSCI中国A50互联互通人民币指数收益率,汇添富基金管理股份有限公司,交通银行股份有限公司,股票型ETF,规模指数ETF,746059.MSI,9111819957.6,2115725031,2098918119,0.991,0.9920561926745,-0.050428643
2021-11-18,560050.SH,汇添富MSCI中国A50互联互通ETF,20211108,MSCI中国A50互联互通人民币指数,MSCI中国A50互联互通人民币指数收益率,汇添富基金管理股份有限公司,交通银行股份有限公司,股票型ETF,规模指数ETF,746059.MSI,9120033613.6,1779948963,1748958138,0.98,0.98258892493874,-0.152827305
2021-11-19,560050.SH,汇添富MSCI中国A50互联互通ETF,20211108,MSCI中国A50互联互通人民币指数,MSCI中国A50互联互通人民币指数收益率,汇添富基金管理股份有限公司,交通银行股份有限公司,股票型ETF,规模指数ETF,746059.MSI,9192381695.2,1739484531,1717299138,0.993,0.98724599580817,-0.251130085
2021-11-22,560050.SH,汇添富MSCI中国A50互联互通ETF,20211108,MSCI中国A50互联互通人民币指数,MSCI中国A50互联互通人民币指数收益率,汇添富基金管理股份有限公司,交通银行股份有限公司,股票型ETF,规模指数ETF,746059.MSI,8836364203.2,1752116674,1751090897,1,0.99941454983266,-0.299102692
2021-11-23,560050.SH,汇添富MSCI中国A50互联互通ETF,20211108,MSCI中国A50互联互通人民币指数,MSCI中国A50互联互通人民币指数收益率,汇添富基金管理股份有限公司,交通银行股份有限公司,股票型ETF,规模指数ETF,746059.MSI,8641429527.84,1579049838,1579084232,0.999,1.0000217814531,-0.209769254
2021-11-24,560050.SH,汇添富MSCI中国A50互联互通ETF,20211108,MSCI中国A50互联互通人民币指数,MSCI中国A50互联互通人民币指数收益率,汇添富基金管理股份有限公司,交通银行股份有限公司,股票型ETF,规模指数ETF,746059.MSI,8569647986.88,1591424039,1589103066,0.999,0.99854157475122,-0.119976005
2021-11-25,560050.SH,汇添富MSCI中国A50互联互通ETF,20211108,MSCI中国A50互联互通人民币指数,MSCI中国A50互联互通人民币指数收益率,汇添富基金管理股份有限公司,交通银行股份有限公司,股票型ETF,规模指数ETF,746059.MSI,8502333180.48,1619171858,1609827544,0.994,0.99422895478708,-0.020116677
2021-11-26,560050.SH,汇添富MSCI中国A50互联互通ETF,20211108,MSCI中国A50互联互通人民币指数,MSCI中国A50互联互通人民币指数收益率,汇添富基金管理股份有限公司,交通银行股份有限公司,股票型ETF,规模指数ETF,746059.MSI,8441614446.24,1482042069,1463932587,0.985,0.98778072338242,-0.212744403
2021-11-29,560050.SH,汇添富MSCI中国A50互联互通ETF,20211108,MSCI中国A50互联互通人民币指数,MSCI中国A50互联互通人民币指数收益率,汇添富基金管理股份有限公司,交通银行股份有限公司,股票型ETF,规模指数ETF,746059.MSI,8388047803.52,1449002052,1431780257,0.989,0.98811472007494,-0.181671377
2021-11-30,560050.SH,汇添富MSCI中国A50互联互通ETF,20211108,MSCI中国A50互联互通人民币指数,MSCI中国A50互联互通人民币指数收益率,汇添富基金管理股份有限公司,交通银行股份有限公司,股票型ETF,规模指数ETF,746059.MSI,8430393928.32,1591580603,1566729062,0.982,0.98438562209595,-0.081400081
2021-12-01,560050.SH,汇添富MSCI中国A50互联互通ETF,20211108,MSCI中国A50互联互通人民币指数,MSCI中国A50互联互通人民币指数收益率,汇添富基金管理股份有限公司,交通银行股份有限公司,股票型ETF,规模指数ETF,746059.MSI,8480395685.76,1538154403,1506052061,0.981,0.97912931111637,0.06119951
2021-12-02,560050.SH,汇添富MSCI中国A50互联互通ETF,20211108,MSCI中国A50互联互通人民币指数,MSCI中国A50互联互通人民币指数收益率,汇添富基金管理股份有限公司,交通银行股份有限公司,股票型ETF,规模指数ETF,746059.MSI,8462042531.52,1421619805,1398565780,0.985,0.98378326967666,-0.081152364
2021-12-03,560050.SH,汇添富MSCI中国A50互联互通ETF,20211108,MSCI中国A50互联互通人民币指数,MSCI中国A50互联互通人民币指数收益率,汇添富基金管理股份有限公司,交通银行股份有限公司,股票型ETF,规模指数ETF,746059.MSI,8400377600.16,1589702741,1569626503,0.993,0.98737107417493,-0.090552369
2021-12-06,560050.SH,汇添富MSCI中国A50互联互通ETF,20211108,MSCI中国A50互联互通人民币指数,MSCI中国A50互联互通人民币指数收益率,汇添富基金管理股份有限公司,交通银行股份有限公司,股票型ETF,规模指数ETF,746059.MSI,8431051469.12,1477624997,1469865618,0.989,0.99474874950292,-0.080824409
2021-12-07,560050.SH,汇添富MSCI中国A50互联互通ETF,20211108,MSCI中国A50互联互通人民币指数,MSCI中国A50互联互通人民币指数收益率,汇添富基金管理股份有限公司,交通银行股份有限公司,股票型ETF,规模指数ETF,746059.MSI,8562180839.52,1471334503,1458837418,0.993,0.99150629243417,-0.030202356
2021-12-08,560050.SH,汇添富MSCI中国A50互联互通ETF,20211108,MSCI中国A50互联互通人民币指数,MSCI中国A50互联互通人民币指数收益率,汇添富基金管理股份有限公司,交通银行股份有限公司,股票型ETF,规模指数ETF,746059.MSI,8319408583.36,1786833919,1790638392,1.008,1.0021291699019,-0.138696255
2021-12-09,560050.SH,汇添富MSCI中国A50互联互通ETF,20211108,MSCI中国A50互联互通人民币指数,MSCI中国A50互联互通人民币指数收益率,汇添富基金管理股份有限公司,交通银行股份有限公司,股票型ETF,规模指数ETF,746059.MSI,8284521222.24,2195411276,2244611829,1.024,1.0224106314556,-0.30182066
2021-12-10,560050.SH,汇添富MSCI中国A50互联互通ETF,20211108,MSCI中国A50互联互通人民币指数,MSCI中国A50互联互通人民币指数收益率,汇添富基金管理股份有限公司,交通银行股份有限公司,股票型ETF,规模指数ETF,746059.MSI,8257985487.84,1400758070,1433456574,1.024,1.0233434343162,-0.204658415
2021-12-13,560050.SH,汇添富MSCI中国A50互联互通ETF,20211108,MSCI中国A50互联互通人民币指数,MSCI中国A50互联互通人民币指数收益率,汇添富基金管理股份有限公司,交通银行股份有限公司,股票型ETF,规模指数ETF,746059.MSI,8173154982.72,1693314934,1758933108,1.033,1.0387513112195,-0.077384407
2021-12-14,560050.SH,汇添富MSCI中国A50互联互通ETF,20211108,MSCI中国A50互联互通人民币指数,MSCI中国A50互联互通人民币指数收益率,汇添富基金管理股份有限公司,交通银行股份有限公司,股票型ETF,规模指数ETF,746059.MSI,8190029140.32,1560123349,1601992659,1.024,1.0268371792697,-0.126792158
2021-12-15,560050.SH,汇添富MSCI中国A50互联互通ETF,20211108,MSCI中国A50互联互通人民币指数,MSCI中国A50互联互通人民币指数收益率,汇添富基金管理股份有限公司,交通银行股份有限公司,股票型ETF,规模指数ETF,746059.MSI,8180415002.88,1504381447,1535193147,1.015,1.0204813081559,-0.019700552
2021-12-16,560050.SH,汇添富MSCI中国A50互联互通ETF,20211108,MSCI中国A50互联互通人民币指数,MSCI中国A50互联互通人民币指数收益率,汇添富基金管理股份有限公司,交通银行股份有限公司,股票型ETF,规模指数ETF,746059.MSI,8204813088.0,1428762924,1450212048,1.019,1.0150123744392,-0.098039216
2021-12-17,560050.SH,汇添富MSCI中国A50互联互通ETF,20211108,MSCI中国A50互联互通人民币指数,MSCI中国A50互联互通人民币指数收益率,汇添富基金管理股份有限公司,交通银行股份有限公司,股票型ETF,规模指数ETF,746059.MSI,8190804616.32,1380526440,1390545868,1.003,1.0072576864229,0.019944156
2021-12-20,560050.SH,汇添富MSCI中国A50互联互通ETF,20211108,MSCI中国A50互联互通人民币指数,MSCI中国A50互联互通人民币指数收益率,汇添富基金管理股份有限公司,交通银行股份有限公司,股票型ETF,规模指数ETF,746059.MSI,8272235934.72,1587608989,1581965412,0.988,0.99644523491672,-0.080906149
2021-12-21,560050.SH,汇添富MSCI中国A50互联互通ETF,20211108,MSCI中国A50互联互通人民币指数,MSCI中国A50互联互通人民币指数收益率,汇添富基金管理股份有限公司,交通银行股份有限公司,股票型ETF,规模指数ETF,746059.MSI,8351295826.4,1393617611,1379788348,0.993,0.99007671624494,-0.050327126
2021-12-22,560050.SH,汇添富MSCI中国A50互联互通ETF,20211108,MSCI中国A50互联互通人民币指数,MSCI中国A50互联互通人民币指数收益率,汇添富基金管理股份有限公司,交通银行股份有限公司,股票型ETF,规模指数ETF,746059.MSI,8368541629.6,1302553179,1297676031,0.995,0.99625570143421,-0.150526844
2021-12-23,560050.SH,汇添富MSCI中国A50互联互通ETF,20211108,MSCI中国A50互联互通人民币指数,MSCI中国A50互联互通人民币指数收益率,汇添富基金管理股份有限公司,交通银行股份有限公司,股票型ETF,规模指数ETF,746059.MSI,8405590104.8,1426258570,1424848076,1.004,0.99901105309397,-0.049776008
2021-12-24,560050.SH,汇添富MSCI中国A50互联互通ETF,20211108,MSCI中国A50互联互通人民币指数,MSCI中国A50互联互通人民币指数收益率,汇添富基金管理股份有限公司,交通银行股份有限公司,股票型ETF,规模指数ETF,746059.MSI,8364850518.08,1542992091,1539557561,0.997,0.99777411043126,-0.12021639
2021-12-27,560050.SH,汇添富MSCI中国A50互联互通ETF,20211108,MSCI中国A50互联互通人民币指数,MSCI中国A50互联互通人民币指数收益率,汇添富基金管理股份有限公司,交通银行股份有限公司,股票型ETF,规模指数ETF,746059.MSI,8179322596.8,1468304659,1462651432,0.997,0.99614982696857,0
2021-12-28,560050.SH,汇添富MSCI中国A50互联互通ETF,20211108,MSCI中国A50互联互通人民币指数,MSCI中国A50互联互通人民币指数收益率,汇添富基金管理股份有限公司,交通银行股份有限公司,股票型ETF,规模指数ETF,746059.MSI,8210342491.68,1414559711,1412990819,1.003,0.99889089729631,-0.169204738
2021-12-29,560050.SH,汇添富MSCI中国A50互联互通ETF,20211108,MSCI中国A50互联互通人民币指数,MSCI中国A50互联互通人民币指数收益率,汇添富基金管理股份有限公司,交通银行股份有限公司,股票型ETF,规模指数ETF,746059.MSI,8240775626.56,1841676566,1825073542,0.987,0.99098483180678,-0.040510431
2021-12-30,560050.SH,汇添富MSCI中国A50互联互通ETF,20211108,MSCI中国A50互联互通人民币指数,MSCI中国A50互联互通人民币指数收益率,汇添富基金管理股份有限公司,交通银行股份有限公司,股票型ETF,规模指数ETF,746059.MSI,8291241967.36,1354952106,1346604738,0.992,0.99383936305716,-0.241351569
2021-12-31,560050.SH,汇添富MSCI中国A50互联互通ETF,20211108,MSCI中国A50互联互通人民币指数,MSCI中国A50互联互通人民币指数收益率,汇添富基金管理股份有限公司,交通银行股份有限公司,股票型ETF,规模指数ETF,746059.MSI,8301459792.0795,1344999927,1339619507,0.997,0.99599968751522,-0.030081219
2022-01-04,560050.SH,汇添富MSCI中国A50互联互通ETF,20211108,MSCI中国A50互联互通人民币指数,MSCI中国A50互联互通人民币指数收益率,汇添富基金管理股份有限公司,交通银行股份有限公司,股票型ETF,规模指数ETF,746059.MSI,8214192826.4,1353575936,1335814335,0.993,0.98687801657254,-0.050327126
2022-01-05,560050.SH,汇添富MSCI中国A50互联互通ETF,20211108,MSCI中国A50互联互通人民币指数,MSCI中国A50互联互通人民币指数收益率,汇添富基金管理股份有限公司,交通银行股份有限公司,股票型ETF,规模指数ETF,746059.MSI,8090196485.76,1630785249,1602692891,0.978,0.98277372326171,-0.244798042
2022-01-06,560050.SH,汇添富MSCI中国A50互联互通ETF,20211108,MSCI中国A50互联互通人民币指数,MSCI中国A50互联互通人民币指数收益率,汇添富基金管理股份有限公司,交通银行股份有限公司,股票型ETF,规模指数ETF,746059.MSI,7947361836.96,1436947861,1388945829,0.966,0.96659445112602,0.010353039
2022-01-07,560050.SH,汇添富MSCI中国A50互联互通ETF,20211108,MSCI中国A50互联互通人民币指数,MSCI中国A50互联互通人民币指数收益率,汇添富基金管理股份有限公司,交通银行股份有限公司,股票型ETF,规模指数ETF,746059.MSI,8027396630.4,1411387789,1366172730,0.966,0.96796411351126,0
2022-01-10,560050.SH,汇添富MSCI中国A50互联互通ETF,20211108,MSCI中国A50互联互通人民币指数,MSCI中国A50互联互通人民币指数收益率,汇添富基金管理股份有限公司,交通银行股份有限公司,股票型ETF,规模指数ETF,746059.MSI,8092987879.52,1399606561,1350478223,0.967,0.96489846549097,-0.134255912
2022-01-11,560050.SH,汇添富MSCI中国A50互联互通ETF,20211108,MSCI中国A50互联互通人民币指数,MSCI中国A50互联互通人民币指数收益率,汇添富基金管理股份有限公司,交通银行股份有限公司,股票型ETF,规模指数ETF,746059.MSI,8084684056.8,1388581475,1337612961,0.958,0.96329454560814,-0.156331423
2022-01-12,560050.SH,汇添富MSCI中国A50互联互通ETF,20211108,MSCI中国A50互联互通人民币指数,MSCI中国A50互联互通人民币指数收益率,汇添富基金管理股份有限公司,交通银行股份有限公司,股票型ETF,规模指数ETF,746059.MSI,8226340105.6,1346320706,1304710167,0.972,0.96909314488401,-0.205338809
2022-01-13,560050.SH,汇添富MSCI中国A50互联互通ETF,20211108,MSCI中国A50互联互通人民币指数,MSCI中国A50互联互通人民币指数收益率,汇添富基金管理股份有限公司,交通银行股份有限公司,股票型ETF,规模指数ETF,746059.MSI,8201924328.96,1450709480,1401439959,0.959,0.96603763766678,0.062604341
2022-01-14,560050.SH,汇添富MSCI中国A50互联互通ETF,20211108,MSCI中国A50互联互通人民币指数,MSCI中国A50互联互通人民币指数收益率,汇添富基金管理股份有限公司,交通银行股份有限公司,股票型ETF,规模指数ETF,746059.MSI,8344405483.2,1263083557,1206382777,0.953,0.95510924064701,0
2022-01-17,560050.SH,汇添富MSCI中国A50互联互通ETF,20211108,MSCI中国A50互联互通人民币指数,MSCI中国A50互联互通人民币指数收益率,汇添富基金管理股份有限公司,交通银行股份有限公司,股票型ETF,规模指数ETF,746059.MSI,8535386860.0,1357767866,1303936609,0.961,0.96035312195259,-0.155844156
2022-01-18,560050.SH,汇添富MSCI中国A50互联互通ETF,20211108,MSCI中国A50互联互通人民币指数,MSCI中国A50互联互通人民币指数收益率,汇添富基金管理股份有限公司,交通银行股份有限公司,股票型ETF,规模指数ETF,746059.MSI,8784639508.96,1169364846,1132254471,0.971,0.96826450262556,0.010299722
2022-01-19,560050.SH,汇添富MSCI中国A50互联互通ETF,20211108,MSCI中国A50互联互通人民币指数,MSCI中国A50互联互通人民币指数收益率,汇添富基金管理股份有限公司,交通银行股份有限公司,股票型ETF,规模指数ETF,746059.MSI,8919388453.44,1084401720,1045227512,0.962,0.96387481937967,-0.062331186
2022-01-20,560050.SH,汇添富MSCI中国A50互联互通ETF,20211108,MSCI中国A50互联互通人民币指数,MSCI中国A50互联互通人民币指数收益率,汇添富基金管理股份有限公司,交通银行股份有限公司,股票型ETF,规模指数ETF,746059.MSI,9158287072.8,1116502236,1085359419,0.975,0.9721068028385,0.051308363
2022-01-21,560050.SH,汇添富MSCI中国A50互联互通ETF,20211108,MSCI中国A50互联互通人民币指数,MSCI中国A50互联互通人民币指数收益率,汇添富基金管理股份有限公司,交通银行股份有限公司,股票型ETF,规模指数ETF,746059.MSI,9460108758.24,1248815674,1209956866,0.969,0.9688834719094,0.196463654
2022-01-24,560050.SH,汇添富MSCI中国A50互联互通ETF,20211108,MSCI中国A50互联互通人民币指数,MSCI中国A50互联互通人民币指数收益率,汇添富基金管理股份有限公司,交通银行股份有限公司,股票型ETF,规模指数ETF,746059.MSI,9636615840.16,1232649890,1191749827,0.97,0.96681939995143,0.113530808
2022-01-25,560050.SH,汇添富MSCI中国A50互联互通ETF,20211108,MSCI中国A50互联互通人民币指数,MSCI中国A50互联互通人民币指数收益率,汇添富基金管理股份有限公司,交通银行股份有限公司,股票型ETF,规模指数ETF,746059.MSI,9662236984.96,1264809749,1213975852,0.95,0.95980905662674,0.168705188
2022-01-26,560050.SH,汇添富MSCI中国A50互联互通ETF,20211108,MSCI中国A50互联互通人民币指数,MSCI中国A50互联互通人民币指数收益率,汇添富基金管理股份有限公司,交通银行股份有限公司,股票型ETF,规模指数ETF,746059.MSI,9771800027.36,1232729842,1174541171,0.956,0.95279689919278,-0.094053715
2022-01-27,560050.SH,汇添富MSCI中国A50互联互通ETF,20211108,MSCI中国A50互联互通人民币指数,MSCI中国A50互联互通人民币指数收益率,汇添富基金管理股份有限公司,交通银行股份有限公司,股票型ETF,规模指数ETF,746059.MSI,9675802303.2,1155021662,1096136222,0.942,0.94901789123328,0.159489633
2022-01-28,560050.SH,汇添富MSCI中国A50互联互通ETF,20211108,MSCI中国A50互联互通人民币指数,MSCI中国A50互联互通人民币指数收益率,汇添富基金管理股份有限公司,交通银行股份有限公司,股票型ETF,规模指数ETF,746059.MSI,9668893221.6,1127174324,1055382770,0.932,0.93630838418566,0.593631948
2022-02-07,560050.SH,汇添富MSCI中国A50互联互通ETF,20211108,MSCI中国A50互联互通人民币指数,MSCI中国A50互联互通人民币指数收益率,汇添富基金管理股份有限公司,交通银行股份有限公司,股票型ETF,规模指数ETF,746059.MSI,9921912811.36,1211194408,1140976179,0.945,0.94202563309721,0.329121987
2022-02-08,560050.SH,汇添富MSCI中国A50互联互通ETF,20211108,MSCI中国A50互联互通人民币指数,MSCI中国A50互联互通人民币指数收益率,汇添富基金管理股份有限公司,交通银行股份有限公司,股票型ETF,规模指数ETF,746059.MSI,9900718992.0,1045846501,965114651,0.928,0.92280717110703,-0.215053763
2022-02-09,560050.SH,汇添富MSCI中国A50互联互通ETF,20211108,MSCI中国A50互联互通人民币指数,MSCI中国A50互联互通人民币指数收益率,汇添富基金管理股份有限公司,交通银行股份有限公司,股票型ETF,规模指数ETF,746059.MSI,9914598467.2,949069241,885341043,0.939,0.93285189821045,0.106609808
2022-02-10,560050.SH,汇添富MSCI中国A50互联互通ETF,20211108,MSCI中国A50互联互通人民币指数,MSCI中国A50互联互通人民币指数收益率,汇添富基金管理股份有限公司,交通银行股份有限公司,股票型ETF,规模指数ETF,746059.MSI,9911800716.48,834240594,776403661,0.933,0.93067115959596,-0.128452152
2022-02-11,560050.SH,汇添富MSCI中国A50互联互通ETF,20211108,MSCI中国A50互联互通人民币指数,MSCI中国A50互联互通人民币指数收益率,汇添富基金管理股份有限公司,交通银行股份有限公司,股票型ETF,规模指数ETF,746059.MSI,10000865365.92,1163074151,1082869213,0.924,0.93104056355217,-0.032456994
2022-02-14,560050.SH,汇添富MSCI中国A50互联互通ETF,20211108,MSCI中国A50互联互通人民币指数,MSCI中国A50互联互通人民币指数收益率,汇添富基金管理股份有限公司,交通银行股份有限公司,股票型ETF,规模指数ETF,746059.MSI,10006611854.56,804804413,743059982,0.919,0.92328020323616,-0.097836721
2022-02-15,560050.SH,汇添富MSCI中国A50互联互通ETF,20211108,MSCI中国A50互联互通人民币指数,MSCI中国A50互联互通人民币指数收益率,汇添富基金管理股份有限公司,交通银行股份有限公司,股票型ETF,规模指数ETF,746059.MSI,10066914241.12,760260505,705182809,0.93,0.92755417960321,-0.246701705
2022-02-16,560050.SH,汇添富MSCI中国A50互联互通ETF,20211108,MSCI中国A50互联互通人民币指数,MSCI中国A50互联互通人民币指数收益率,汇添富基金管理股份有限公司,交通银行股份有限公司,股票型ETF,规模指数ETF,746059.MSI,10083835424.64,725573671,679719674,0.935,0.93680311340845,-0.06412997
2022-02-17,560050.SH,汇添富MSCI中国A50互联互通ETF,20211108,MSCI中国A50互联互通人民币指数,MSCI中国A50互联互通人民币指数收益率,汇添富基金管理股份有限公司,交通银行股份有限公司,股票型ETF,规模指数ETF,746059.MSI,10143298388.48,801179930,751992418,0.94,0.93860616054124,0.085178876
2022-02-18,560050.SH,汇添富MSCI中国A50互联互通ETF,20211108,MSCI中国A50互联互通人民币指数,MSCI中国A50互联互通人民币指数收益率,汇添富基金管理股份有限公司,交通银行股份有限公司,股票型ETF,规模指数ETF,746059.MSI,10160622991.68,746641625,699330601,0.941,0.93663489629312,-0.127361494
2022-02-21,560050.SH,汇添富MSCI中国A50互联互通ETF,20211108,MSCI中国A50互联互通人民币指数,MSCI中国A50互联互通人民币指数收益率,汇添富基金管理股份有限公司,交通银行股份有限公司,股票型ETF,规模指数ETF,746059.MSI,10061557903.36,749356366,699093752,0.935,0.93292561953093,0.064212329
2022-02-22,560050.SH,汇添富MSCI中国A50互联互通ETF,20211108,MSCI中国A50互联互通人民币指数,MSCI中国A50互联互通人民币指数收益率,汇添富基金管理股份有限公司,交通银行股份有限公司,股票型ETF,规模指数ETF,746059.MSI,9916046356.16,772921448,709081272,0.921,0.91740405682208,-0.043412199
2022-02-23,560050.SH,汇添富MSCI中国A50互联互通ETF,20211108,MSCI中国A50互联互通人民币指数,MSCI中国A50互联互通人民币指数收益率,汇添富基金管理股份有限公司,交通银行股份有限公司,股票型ETF,规模指数ETF,746059.MSI,9986852565.76,629059348,582070773,0.929,0.92530343098884,-0.150472915
2022-02-24,560050.SH,汇添富MSCI中国A50互联互通ETF,20211108,MSCI中国A50互联互通人民币指数,MSCI中国A50互联互通人民币指数收益率,汇添富基金管理股份有限公司,交通银行股份有限公司,股票型ETF,规模指数ETF,746059.MSI,9907075100.64,903499024,830840616,0.913,0.91958108855688,-0.010951703
2022-02-25,560050.SH,汇添富MSCI中国A50互联互通ETF,20211108,MSCI中国A50互联互通人民币指数,MSCI中国A50互联互通人民币指数收益率,汇添富基金管理股份有限公司,交通银行股份有限公司,股票型ETF,规模指数ETF,746059.MSI,9981610559.36,722391441,669290926,0.924,0.92649343280356,-0.043271311
2022-02-28,560050.SH,汇添富MSCI中国A50互联互通ETF,20211108,MSCI中国A50互联互通人民币指数,MSCI中国A50互联互通人民币指数收益率,汇添富基金管理股份有限公司,交通银行股份有限公司,股票型ETF,规模指数ETF,746059.MSI,9992456090.4,753776666,694628353,0.928,0.92153071902069,-0.053850296
2022-03-01,560050.SH,汇添富MSCI中国A50互联互通ETF,20211108,MSCI中国A50互联互通人民币指数,MSCI中国A50互联互通人民币指数收益率,汇添富基金管理股份有限公司,交通银行股份有限公司,股票型ETF,规模指数ETF,746059.MSI,10099437952.48,629792907,587969918,0.936,0.93359247375582,-0.074730437
2022-03-02,560050.SH,汇添富MSCI中国A50互联互通ETF,20211108,MSCI中国A50互联互通人民币指数,MSCI中国A50互联互通人民币指数收益率,汇添富基金管理股份有限公司,交通银行股份有限公司,股票型ETF,规模指数ETF,746059.MSI,9960966972.48,639821544,591488677,0.924,0.92445883160196,-0.021640338
2022-03-03,560050.SH,汇添富MSCI中国A50互联互通ETF,20211108,MSCI中国A50互联互通人民币指数,MSCI中国A50互联互通人民币指数收益率,汇添富基金管理股份有限公司,交通银行股份有限公司,股票型ETF,规模指数ETF,746059.MSI,9968074487.36,731267540,674097543,0.92,0.92182068275586,0.065259952
2022-03-04,560050.SH,汇添富MSCI中国A50互联互通ETF,20211108,MSCI中国A50互联互通人民币指数,MSCI中国A50互联互通人民币指数收益率,汇添富基金管理股份有限公司,交通银行股份有限公司,股票型ETF,规模指数ETF,746059.MSI,9811950730.4,784386930,710855628,0.902,0.90625633958485,-0.166021029
2022-03-07,560050.SH,汇添富MSCI中国A50互联互通ETF,20211108,MSCI中国A50互联互通人民币指数,MSCI中国A50互联互通人民币指数收益率,汇添富基金管理股份有限公司,交通银行股份有限公司,股票型ETF,规模指数ETF,746059.MSI,9499292829.6,681615385,600268379,0.87,0.88065556061356,-0.17211704
2022-03-08,560050.SH,汇添富MSCI中国A50互联互通ETF,20211108,MSCI中国A50互联互通人民币指数,MSCI中国A50互联互通人民币指数收益率,汇添富基金管理股份有限公司,交通银行股份有限公司,股票型ETF,规模指数ETF,746059.MSI,8986573197.12,1049290034,914389680,0.858,0.87143654315886,-0.209351012
2022-03-09,560050.SH,汇添富MSCI中国A50互联互通ETF,20211108,MSCI中国A50互联互通人民币指数,MSCI中国A50互联互通人民币指数收益率,汇添富基金管理股份有限公司,交通银行股份有限公司,股票型ETF,规模指数ETF,746059.MSI,9048283748.0,807157560,689017385,0.856,0.85363430778001,-0.174927114
2022-03-10,560050.SH,汇添富MSCI中国A50互联互通ETF,20211108,MSCI中国A50互联互通人民币指数,MSCI中国A50互联互通人民币指数收益率,汇添富基金管理股份有限公司,交通银行股份有限公司,股票型ETF,规模指数ETF,746059.MSI,9191102849.28,867804457,759093898,0.871,0.87472919950675,-0.022956841
2022-03-11,560050.SH,汇添富MSCI中国A50互联互通ETF,20211108,MSCI中国A50互联互通人民币指数,MSCI中国A50互联互通人民币指数收益率,汇添富基金管理股份有限公司,交通银行股份有限公司,股票型ETF,规模指数ETF,746059.MSI,9191306334.56,627373293,536128934,0.871,0.85456129545508,0.126451316
2022-03-14,560050.SH,汇添富MSCI中国A50互联互通ETF,20211108,MSCI中国A50互联互通人民币指数,MSCI中国A50互联互通人民币指数收益率,汇添富基金管理股份有限公司,交通银行股份有限公司,股票型ETF,规模指数ETF,746059.MSI,8938489941.92,715549900,609275515,0.84,0.85147872286755,0.083402836
2022-03-15,560050.SH,汇添富MSCI中国A50互联互通ETF,20211108,MSCI中国A50互联互通人民币指数,MSCI中国A50互联互通人民币指数收益率,汇添富基金管理股份有限公司,交通银行股份有限公司,股票型ETF,规模指数ETF,746059.MSI,8614976847.84,863133730,709046402,0.808,0.82147919535018,0.861315691
2022-03-16,560050.SH,汇添富MSCI中国A50互联互通ETF,20211108,MSCI中国A50互联互通人民币指数,MSCI中国A50互联互通人民币指数收益率,汇添富基金管理股份有限公司,交通银行股份有限公司,股票型ETF,规模指数ETF,746059.MSI,9080584843.52,622757353,506514692,0.839,0.81334196948454,-0.214081827
2022-03-17,560050.SH,汇添富MSCI中国A50互联互通ETF,20211108,MSCI中国A50互联互通人民币指数,MSCI中国A50互联互通人民币指数收益率,汇添富基金管理股份有限公司,交通银行股份有限公司,股票型ETF,规模指数ETF,746059.MSI,9570363439.68,1118400921,967764708,0.862,0.86531107926368,-0.023196474
2022-03-18,560050.SH,汇添富MSCI中国A50互联互通ETF,20211108,MSCI中国A50互联互通人民币指数,MSCI中国A50互联互通人民币指数收益率,汇添富基金管理股份有限公司,交通银行股份有限公司,股票型ETF,规模指数ETF,746059.MSI,9691602183.84,736604849,632535151,0.868,0.85871706092991,0.219374206
2022-03-21,560050.SH,汇添富MSCI中国A50互联互通ETF,20211108,MSCI中国A50互联互通人民币指数,MSCI中国A50互联互通人民币指数收益率,汇添富基金管理股份有限公司,交通银行股份有限公司,股票型ETF,规模指数ETF,746059.MSI,9715799295.36,745500422,644625290,0.864,0.86468802830537,-0.046274873
2022-03-22,560050.SH,汇添富MSCI中国A50互联互通ETF,20211108,MSCI中国A50互联互通人民币指数,MSCI中国A50互联互通人民币指数收益率,汇添富基金管理股份有限公司,交通银行股份有限公司,股票型ETF,规模指数ETF,746059.MSI,9726023206.88,734796457,634063401,0.864,0.86291025896985,0.150689695
2022-03-23,560050.SH,汇添富MSCI中国A50互联互通ETF,20211108,MSCI中国A50互联互通人民币指数,MSCI中国A50互联互通人民币指数收益率,汇添富基金管理股份有限公司,交通银行股份有限公司,股票型ETF,规模指数ETF,746059.MSI,9716447678.88,887175028,767520401,0.868,0.86512849976206,0.034574162
2022-03-24,560050.SH,汇添富MSCI中国A50互联互通ETF,20211108,MSCI中国A50互联互通人民币指数,MSCI中国A50互联互通人民币指数收益率,汇添富基金管理股份有限公司,交通银行股份有限公司,股票型ETF,规模指数ETF,746059.MSI,9704303701.92,750423970,646210864,0.864,0.86112769558787,-0.03471017
2022-03-25,560050.SH,汇添富MSCI中国A50互联互通ETF,20211108,MSCI中国A50互联互通人民币指数,MSCI中国A50互联互通人民币指数收益率,汇添富基金管理股份有限公司,交通银行股份有限公司,股票型ETF,规模指数ETF,746059.MSI,9566476561.44,824962327,705100232,0.845,0.85470597737974,-0.011832919
2022-03-28,560050.SH,汇添富MSCI中国A50互联互通ETF,20211108,MSCI中国A50互联互通人民币指数,MSCI中国A50互联互通人民币指数收益率,汇添富基金管理股份有限公司,交通银行股份有限公司,股票型ETF,规模指数ETF,746059.MSI,9474373027.2,769584513,642786904,0.837,0.83523887648711,-0.119331742
2022-03-29,560050.SH,汇添富MSCI中国A50互联互通ETF,20211108,MSCI中国A50互联互通人民币指数,MSCI中国A50互联互通人民币指数收益率,汇添富基金管理股份有限公司,交通银行股份有限公司,股票型ETF,规模指数ETF,746059.MSI,9485330483.04,701065677,586945594,0.833,0.83721912690357,-0.131878672
2022-03-30,560050.SH,汇添富MSCI中国A50互联互通ETF,20211108,MSCI中国A50互联互通人民币指数,MSCI中国A50互联互通人民币指数收益率,汇添富基金管理股份有限公司,交通银行股份有限公司,股票型ETF,规模指数ETF,746059.MSI,9792811039.68,785936518,668543911,0.86,0.85063347444558,-0.255161215
2022-03-31,560050.SH,汇添富MSCI中国A50互联互通ETF,20211108,MSCI中国A50互联互通人民币指数,MSCI中国A50互联互通人民币指数收益率,汇添富基金管理股份有限公司,交通银行股份有限公司,股票型ETF,规模指数ETF,746059.MSI,9707581485.474,583937358,499012918,0.856,0.8545658385501,0.046750818
2022-04-01,560050.SH,汇添富MSCI中国A50互联互通ETF,20211108,MSCI中国A50互联互通人民币指数,MSCI中国A50互联互通人民币指数收益率,汇添富基金管理股份有限公司,交通银行股份有限公司,股票型ETF,规模指数ETF,746059.MSI,9799520908.32,858696557,743617629,0.869,0.86598417443055,-0.149373779
2022-04-06,560050.SH,汇添富MSCI中国A50互联互通ETF,20211108,MSCI中国A50互联互通人民币指数,MSCI中国A50互联互通人民币指数收益率,汇添富基金管理股份有限公司,交通银行股份有限公司,股票型ETF,规模指数ETF,746059.MSI,9736987462.56,524986497,453297007,0.864,0.8634450782836,-0.104058273
2022-04-07,560050.SH,汇添富MSCI中国A50互联互通ETF,20211108,MSCI中国A50互联互通人民币指数,MSCI中国A50互联互通人民币指数收益率,汇添富基金管理股份有限公司,交通银行股份有限公司,股票型ETF,规模指数ETF,746059.MSI,9658423020.16,668057679,574576254,0.855,0.86006982938969,-0.163475012
2022-04-08,560050.SH,汇添富MSCI中国A50互联互通ETF,20211108,MSCI中国A50互联互通人民币指数,MSCI中国A50互联互通人民币指数收益率,汇添富基金管理股份有限公司,交通银行股份有限公司,股票型ETF,规模指数ETF,746059.MSI,9817013879.04,635974198,546053142,0.862,0.85860895570484,0.046425255
2022-04-11,560050.SH,汇添富MSCI中国A50互联互通ETF,20211108,MSCI中国A50互联互通人民币指数,MSCI中国A50互联互通人民币指数收益率,汇添富基金管理股份有限公司,交通银行股份有限公司,股票型ETF,规模指数ETF,746059.MSI,9572407299.36,772170335,646886125,0.836,0.8377505527974,-0.10753973
2022-04-12,560050.SH,汇添富MSCI中国A50互联互通ETF,20211108,MSCI中国A50互联互通人民币指数,MSCI中国A50互联互通人民币指数收益率,汇添富基金管理股份有限公司,交通银行股份有限公司,股票型ETF,规模指数ETF,746059.MSI,9745742456.32,767226765,645791977,0.852,0.84172243000412,-0.09380863
2022-04-13,560050.SH,汇添富MSCI中国A50互联互通ETF,20211108,MSCI中国A50互联互通人民币指数,MSCI中国A50互联互通人民币指数收益率,汇添富基金管理股份有限公司,交通银行股份有限公司,股票型ETF,规模指数ETF,746059.MSI,10177650859.68,686787238,585925907,0.85,0.85314035349038,0.035306579
2022-04-14,560050.SH,汇添富MSCI中国A50互联互通ETF,20211108,MSCI中国A50互联互通人民币指数,MSCI中国A50互联互通人民币指数收益率,汇添富基金管理股份有限公司,交通银行股份有限公司,股票型ETF,规模指数ETF,746059.MSI,10464061869.28,773711813,662867899,0.859,0.85673746718405,0.034936532
2022-04-15,560050.SH,汇添富MSCI中国A50互联互通ETF,20211108,MSCI中国A50互联互通人民币指数,MSCI中国A50互联互通人民币指数收益率,汇添富基金管理股份有限公司,交通银行股份有限公司,股票型ETF,规模指数ETF,746059.MSI,10493247898.88,670317498,572920922,0.855,0.85470083014303,-0.023386342
2022-04-18,560050.SH,汇添富MSCI中国A50互联互通ETF,20211108,MSCI中国A50互联互通人民币指数,MSCI中国A50互联互通人民币指数收益率,汇添富基金管理股份有限公司,交通银行股份有限公司,股票型ETF,规模指数ETF,746059.MSI,10483703485.92,721916132,611121755,0.848,0.84652735672625,-0.153067232
2022-04-19,560050.SH,汇添富MSCI中国A50互联互通ETF,20211108,MSCI中国A50互联互通人民币指数,MSCI中国A50互联互通人民币指数收益率,汇添富基金管理股份有限公司,交通银行股份有限公司,股票型ETF,规模指数ETF,746059.MSI,10385952650.08,785099436,661464100,0.841,0.84252270434697,0.035684549
2022-04-20,560050.SH,汇添富MSCI中国A50互联互通ETF,20211108,MSCI中国A50互联互通人民币指数,MSCI中国A50互联互通人民币指数收益率,汇添富基金管理股份有限公司,交通银行股份有限公司,股票型ETF,规模指数ETF,746059.MSI,10211374325.92,1098713342,910579564,0.823,0.82876900570122,-0.157709572
2022-04-21,560050.SH,汇添富MSCI中国A50互联互通ETF,20211108,MSCI中国A50互联互通人民币指数,MSCI中国A50互联互通人民币指数收益率,汇添富基金管理股份有限公司,交通银行股份有限公司,股票型ETF,规模指数ETF,746059.MSI,10088514765.6,1022982234,837510814,0.811,0.81869536553457,-0.061614295
2022-04-22,560050.SH,汇添富MSCI中国A50互联互通ETF,20211108,MSCI中国A50互联互通人民币指数,MSCI中国A50互联互通人民币指数收益率,汇添富基金管理股份有限公司,交通银行股份有限公司,股票型ETF,规模指数ETF,746059.MSI,10156566372.0,990601349,805859776,0.816,0.81350563151716,-0.183486239
2022-04-25,560050.SH,汇添富MSCI中国A50互联互通ETF,20211108,MSCI中国A50互联互通人民币指数,MSCI中国A50互联互通人民币指数收益率,汇添富基金管理股份有限公司,交通银行股份有限公司,股票型ETF,规模指数ETF,746059.MSI,9656193455.04,1055516783,839210832,0.777,0.79507104530805,0.051506567
2022-04-26,560050.SH,汇添富MSCI中国A50互联互通ETF,20211108,MSCI中国A50互联互通人民币指数,MSCI中国A50互联互通人民币指数收益率,汇添富基金管理股份有限公司,交通银行股份有限公司,股票型ETF,规模指数ETF,746059.MSI,9660538382.88,1077497862,842082729,0.776,0.78151684443899,-0.218593288
2022-04-27,560050.SH,汇添富MSCI中国A50互联互通ETF,20211108,MSCI中国A50互联互通人民币指数,MSCI中国A50互联互通人民币指数收益率,汇添富基金管理股份有限公司,交通银行股份有限公司,股票型ETF,规模指数ETF,746059.MSI,10183140808.48,1211723562,956074893,0.802,0.78902063389933,0.037420481
2022-04-28,560050.SH,汇添富MSCI中国A50互联互通ETF,20211108,MSCI中国A50互联互通人民币指数,MSCI中国A50互联互通人民币指数收益率,汇添富基金管理股份有限公司,交通银行股份有限公司,股票型ETF,规模指数ETF,746059.MSI,10616497444.32,820975031,662771752,0.809,0.80729830625019,-0.160434407
2022-04-29,560050.SH,汇添富MSCI中国A50互联互通ETF,20211108,MSCI中国A50互联互通人民币指数,MSCI中国A50互联互通人民币指数收益率,汇添富基金管理股份有限公司,交通银行股份有限公司,股票型ETF,规模指数ETF,746059.MSI,10842361020.96,902643409,733296161,0.824,0.81238743194545,-0.230052064
2022-05-05,560050.SH,汇添富MSCI中国A50互联互通ETF,20211108,MSCI中国A50互联互通人民币指数,MSCI中国A50互联互通人民币指数收益率,汇添富基金管理股份有限公司,交通银行股份有限公司,股票型ETF,规模指数ETF,746059.MSI,10771470175.2,754363041,620006420,0.819,0.82189395066082,-0.182815356
2022-05-06,560050.SH,汇添富MSCI中国A50互联互通ETF,20211108,MSCI中国A50互联互通人民币指数,MSCI中国A50互联互通人民币指数收益率,汇添富基金管理股份有限公司,交通银行股份有限公司,股票型ETF,规模指数ETF,746059.MSI,10181786103.68,935257400,749465281,0.795,0.80134653946603,-0.275965881
2022-05-09,560050.SH,汇添富MSCI中国A50互联互通ETF,20211108,MSCI中国A50互联互通人民币指数,MSCI中国A50互联互通人民币指数收益率,汇添富基金管理股份有限公司,交通银行股份有限公司,股票型ETF,规模指数ETF,746059.MSI,9834574346.56,737215900,581451908,0.788,0.78871319514405,0.076200152
2022-05-10,560050.SH,汇添富MSCI中国A50互联互通ETF,20211108,MSCI中国A50互联互通人民币指数,MSCI中国A50互联互通人民币指数收益率,汇添富基金管理股份有限公司,交通银行股份有限公司,股票型ETF,规模指数ETF,746059.MSI,9961537421.76,828303295,651628611,0.793,0.78670290814188,-0.301734976
2022-05-11,560050.SH,汇添富MSCI中国A50互联互通ETF,20211108,MSCI中国A50互联互通人民币指数,MSCI中国A50互联互通人民币指数收益率,汇添富基金管理股份有限公司,交通银行股份有限公司,股票型ETF,规模指数ETF,746059.MSI,10087034601.6,1012183708,820815972,0.811,0.8109357674032,-0.368550369
2022-05-12,560050.SH,汇添富MSCI中国A50互联互通ETF,20211108,MSCI中国A50互联互通人民币指数,MSCI中国A50互联互通人民币指数收益率,汇添富基金管理股份有限公司,交通银行股份有限公司,股票型ETF,规模指数ETF,746059.MSI,10016177028.0,868696381,702173278,0.806,0.80830689911669,-0.185758514
2022-05-13,560050.SH,汇添富MSCI中国A50互联互通ETF,20211108,MSCI中国A50互联互通人民币指数,MSCI中国A50互联互通人民币指数收益率,汇添富基金管理股份有限公司,交通银行股份有限公司,股票型ETF,规模指数ETF,746059.MSI,10110638250.72,1039278337,844309897,0.814,0.81240016936868,-0.281759157
2022-05-16,560050.SH,汇添富MSCI中国A50互联互通ETF,20211108,MSCI中国A50互联互通人民币指数,MSCI中国A50互联互通人民币指数收益率,汇添富基金管理股份有限公司,交通银行股份有限公司,股票型ETF,规模指数ETF,746059.MSI,9938803775.52,902472309,731267759,0.808,0.81029384692179,-0.037114933
2022-05-17,560050.SH,汇添富MSCI中国A50互联互通ETF,20211108,MSCI中国A50互联互通人民币指数,MSCI中国A50互联互通人民币指数收益率,汇添富基金管理股份有限公司,交通银行股份有限公司,股票型ETF,规模指数ETF,746059.MSI,10068148630.88,937895904,766515442,0.82,0.81727133974135,-0.328187675
2022-05-18,560050.SH,汇添富MSCI中国A50互联互通ETF,20211108,MSCI中国A50互联互通人民币指数,MSCI中国A50互联互通人民币指数收益率,汇添富基金管理股份有限公司,交通银行股份有限公司,股票型ETF,规模指数ETF,746059.MSI,9760142985.12,1136070369,926149357,0.816,0.81522182276017,-0.159060321
2022-05-19,560050.SH,汇添富MSCI中国A50互联互通ETF,20211108,MSCI中国A50互联互通人民币指数,MSCI中国A50互联互通人民币指数收益率,汇添富基金管理股份有限公司,交通银行股份有限公司,股票型ETF,规模指数ETF,746059.MSI,9612827558.88,1134697166,921772094,0.816,0.81235075015601,-0.207900208
2022-05-20,560050.SH,汇添富MSCI中国A50互联互通ETF,20211108,MSCI中国A50互联互通人民币指数,MSCI中国A50互联互通人民币指数收益率,汇添富基金管理股份有限公司,交通银行股份有限公司,股票型ETF,规模指数ETF,746059.MSI,9614875686.24,1201141283,998090798,0.837,0.83095203880358,-0.011946004
2022-05-23,560050.SH,汇添富MSCI中国A50互联互通ETF,20211108,MSCI中国A50互联互通人民币指数,MSCI中国A50互联互通人民币指数收益率,汇添富基金管理股份有限公司,交通银行股份有限公司,股票型ETF,规模指数ETF,746059.MSI,9447425683.2,895043806,740370486,0.827,0.82718910631733,-0.120772947
2022-05-24,560050.SH,汇添富MSCI中国A50互联互通ETF,20211108,MSCI中国A50互联互通人民币指数,MSCI中国A50互联互通人民币指数收益率,汇添富基金管理股份有限公司,交通银行股份有限公司,股票型ETF,规模指数ETF,746059.MSI,9169470955.84,1034455901,846780863,0.808,0.81857608640583,-0.074202325
2022-05-25,560050.SH,汇添富MSCI中国A50互联互通ETF,20211108,MSCI中国A50互联互通人民币指数,MSCI中国A50互联互通人民币指数收益率,汇添富基金管理股份有限公司,交通银行股份有限公司,股票型ETF,规模指数ETF,746059.MSI,9173286745.92,862185970,697493834,0.811,0.80898304805401,-0.09854644
2022-05-26,560050.SH,汇添富MSCI中国A50互联互通ETF,20211108,MSCI中国A50互联互通人民币指数,MSCI中国A50互联互通人民币指数收益率,汇添富基金管理股份有限公司,交通银行股份有限公司,股票型ETF,规模指数ETF,746059.MSI,9145945906.56,897151507,725601024,0.813,0.80878315238677,0.073855244
2022-05-27,560050.SH,汇添富MSCI中国A50互联互通ETF,20211108,MSCI中国A50互联互通人民币指数,MSCI中国A50互联互通人民币指数收益率,汇添富基金管理股份有限公司,交通银行股份有限公司,股票型ETF,规模指数ETF,746059.MSI,9194061578.56,896016843,735196199,0.817,0.82051604804487,-0.04893565
2022-05-30,560050.SH,汇添富MSCI中国A50互联互通ETF,20211108,MSCI中国A50互联互通人民币指数,MSCI中国A50互联互通人民币指数收益率,汇添富基金管理股份有限公司,交通银行股份有限公司,股票型ETF,规模指数ETF,746059.MSI,9238608961.92,810947858,669216722,0.826,0.82522780644671,-0.096758587
2022-05-31,560050.SH,汇添富MSCI中国A50互联互通ETF,20211108,MSCI中国A50互联互通人民币指数,MSCI中国A50互联互通人民币指数收益率,汇添富基金管理股份有限公司,交通银行股份有限公司,股票型ETF,规模指数ETF,746059.MSI,9395061282.88,894047360,743834609,0.841,0.8319856892145,0.095215425
2022-06-01,560050.SH,汇添富MSCI中国A50互联互通ETF,20211108,MSCI中国A50互联互通人民币指数,MSCI中国A50互联互通人民币指数收益率,汇添富基金管理股份有限公司,交通银行股份有限公司,股票型ETF,规模指数ETF,746059.MSI,9404577656.64,735351551,616656470,0.84,0.83858729768287,-0.071377587
2022-06-02,560050.SH,汇添富MSCI中国A50互联互通ETF,20211108,MSCI中国A50互联互通人民币指数,MSCI中国A50互联互通人民币指数收益率,汇添富基金管理股份有限公司,交通银行股份有限公司,股票型ETF,规模指数ETF,746059.MSI,9392829115.68,804005286,674144098,0.841,0.83848217137219,0.154817197
2022-06-06,560050.SH,汇添富MSCI中国A50互联互通ETF,20211108,MSCI中国A50互联互通人民币指数,MSCI中国A50互联互通人民币指数收益率,汇添富基金管理股份有限公司,交通银行股份有限公司,股票型ETF,规模指数ETF,746059.MSI,9599075944.64,841724217,715559999,0.859,0.8501121680333,-0.185916802
2022-06-07,560050.SH,汇添富MSCI中国A50互联互通ETF,20211108,MSCI中国A50互联互通人民币指数,MSCI中国A50互联互通人民币指数收益率,汇添富基金管理股份有限公司,交通银行股份有限公司,股票型ETF,规模指数ETF,746059.MSI,9555161115.04,897793106,774345631,0.862,0.86249897200703,-0.243027427
2022-06-08,560050.SH,汇添富MSCI中国A50互联互通ETF,20211108,MSCI中国A50互联互通人民币指数,MSCI中国A50互联互通人民币指数收益率,汇添富基金管理股份有限公司,交通银行股份有限公司,股票型ETF,规模指数ETF,746059.MSI,9576790678.72,1089068684,942132108,0.871,0.86508052415912,-0.32043946
2022-06-09,560050.SH,汇添富MSCI中国A50互联互通ETF,20211108,MSCI中国A50互联互通人民币指数,MSCI中国A50互联互通人民币指数收益率,汇添富基金管理股份有限公司,交通银行股份有限公司,股票型ETF,规模指数ETF,746059.MSI,9342341800.32,1074552410,929849329,0.862,0.86533641388418,-0.092721372
2022-06-10,560050.SH,汇添富MSCI中国A50互联互通ETF,20211108,MSCI中国A50互联互通人民币指数,MSCI中国A50互联互通人民币指数收益率,汇添富基金管理股份有限公司,交通银行股份有限公司,股票型ETF,规模指数ETF,746059.MSI,9441445049.12,996276890,862305391,0.875,0.86552784638014,-0.262168016
2022-06-13,560050.SH,汇添富MSCI中国A50互联互通ETF,20211108,MSCI中国A50互联互通人民币指数,MSCI中国A50互联互通人民币指数收益率,汇添富基金管理股份有限公司,交通银行股份有限公司,股票型ETF,规模指数ETF,746059.MSI,9128385970.88,1127678243,968899838,0.859,0.85919883975273,-0.139502441
2022-06-14,560050.SH,汇添富MSCI中国A50互联互通ETF,20211108,MSCI中国A50互联互通人民币指数,MSCI中国A50互联互通人民币指数收益率,汇添富基金管理股份有限公司,交通银行股份有限公司,股票型ETF,规模指数ETF,746059.MSI,8770744869.12,1656978023,1410613992,0.864,0.85131726095319,-0.092506938
2022-06-15,560050.SH,汇添富MSCI中国A50互联互通ETF,20211108,MSCI中国A50互联互通人民币指数,MSCI中国A50互联互通人民币指数收益率,汇添富基金管理股份有限公司,交通银行股份有限公司,股票型ETF,规模指数ETF,746059.MSI,8793700724.48,1178070551,1034461935,0.878,0.87809845863807,-0.136487716
2022-06-16,560050.SH,汇添富MSCI中国A50互联互通ETF,20211108,MSCI中国A50互联互通人民币指数,MSCI中国A50互联互通人民币指数收益率,汇添富基金管理股份有限公司,交通银行股份有限公司,股票型ETF,规模指数ETF,746059.MSI,8699495478.72,915925917,805063139,0.873,0.87896097714636,-0.091554131
2022-06-17,560050.SH,汇添富MSCI中国A50互联互通ETF,20211108,MSCI中国A50互联互通人民币指数,MSCI中国A50互联互通人民币指数收益率,汇添富基金管理股份有限公司,交通银行股份有限公司,股票型ETF,规模指数ETF,746059.MSI,8824796583.2,1083281421,955412677,0.891,0.88196165694233,0.056148231
2022-06-20,560050.SH,汇添富MSCI中国A50互联互通ETF,20211108,MSCI中国A50互联互通人民币指数,MSCI中国A50互联互通人民币指数收益率,汇添富基金管理股份有限公司,交通银行股份有限公司,股票型ETF,规模指数ETF,746059.MSI,8833334642.08,1055579602,944665249,0.895,0.89492563820876,-0.078151167
2022-06-21,560050.SH,汇添富MSCI中国A50互联互通ETF,20211108,MSCI中国A50互联互通人民币指数,MSCI中国A50互联互通人民币指数收益率,汇添富基金管理股份有限公司,交通银行股份有限公司,股票型ETF,规模指数ETF,746059.MSI,8830357130.56,1027746848,921701138,0.896,0.89681728510638,-0.15600624
2022-06-22,560050.SH,汇添富MSCI中国A50互联互通ETF,20211108,MSCI中国A50互联互通人民币指数,MSCI中国A50互联互通人民币指数收益率,汇添富基金管理股份有限公司,交通银行股份有限公司,股票型ETF,规模指数ETF,746059.MSI,8702807439.04,932603481,832750001,0.887,0.89293040178991,0.045116174
2022-06-23,560050.SH,汇添富MSCI中国A50互联互通ETF,20211108,MSCI中国A50互联互通人民币指数,MSCI中国A50互联互通人民币指数收益率,汇添富基金管理股份有限公司,交通银行股份有限公司,股票型ETF,规模指数ETF,746059.MSI,8829173989.44,949428489,846429034,0.9,0.89151425705744,-0.288056725
2022-06-24,560050.SH,汇添富MSCI中国A50互联互通ETF,20211108,MSCI中国A50互联互通人民币指数,MSCI中国A50互联互通人民币指数收益率,汇添富基金管理股份有限公司,交通银行股份有限公司,股票型ETF,规模指数ETF,746059.MSI,8930199690.72,927700543,843671898,0.916,0.90942266269645,-0.032740369
2022-06-27,560050.SH,汇添富MSCI中国A50互联互通ETF,20211108,MSCI中国A50互联互通人民币指数,MSCI中国A50互联互通人民币指数收益率,汇添富基金管理股份有限公司,交通银行股份有限公司,股票型ETF,规模指数ETF,746059.MSI,9037497680.64,920069571,853033180,0.926,0.92713986733944,0.043215212
2022-06-28,560050.SH,汇添富MSCI中国A50互联互通ETF,20211108,MSCI中国A50互联互通人民币指数,MSCI中国A50互联互通人民币指数收益率,汇添富基金管理股份有限公司,交通银行股份有限公司,股票型ETF,规模指数ETF,746059.MSI,9138105542.72,847751555,782406331,0.933,0.92291936993262,-0.08567145
2022-06-29,560050.SH,汇添富MSCI中国A50互联互通ETF,20211108,MSCI中国A50互联互通人民币指数,MSCI中国A50互联互通人民币指数收益率,汇添富基金管理股份有限公司,交通银行股份有限公司,股票型ETF,规模指数ETF,746059.MSI,8982819648.0,960917926,891119251,0.919,0.92736250088439,-0.108695652
2022-06-30,560050.SH,汇添富MSCI中国A50互联互通ETF,20211108,MSCI中国A50互联互通人民币指数,MSCI中国A50互联互通人民币指数收益率,汇添富基金管理股份有限公司,交通银行股份有限公司,股票型ETF,规模指数ETF,746059.MSI,9025979766.5305,1048289406,978589481,0.937,0.9335107990207,0.03202733
2022-07-01,560050.SH,汇添富MSCI中国A50互联互通ETF,20211108,MSCI中国A50互联互通人民币指数,MSCI中国A50互联互通人民币指数收益率,汇添富基金管理股份有限公司,交通银行股份有限公司,股票型ETF,规模指数ETF,746059.MSI,8961869700.16,832238600,775838575,0.932,0.93223094314539,0.064419154
2022-07-04,560050.SH,汇添富MSCI中国A50互联互通ETF,20211108,MSCI中国A50互联互通人民币指数,MSCI中国A50互联互通人民币指数收益率,汇添富基金管理股份有限公司,交通银行股份有限公司,股票型ETF,规模指数ETF,746059.MSI,8979303555.84,824816899,766292536,0.932,0.92904563052605,-0.171379606
2022-07-05,560050.SH,汇添富MSCI中国A50互联互通ETF,20211108,MSCI中国A50互联互通人民币指数,MSCI中国A50互联互通人民币指数收益率,汇添富基金管理股份有限公司,交通银行股份有限公司,股票型ETF,规模指数ETF,746059.MSI,8932431608.32,959260229,891422372,0.931,0.92928106998586,-0.19296741
2022-07-06,560050.SH,汇添富MSCI中国A50互联互通ETF,20211108,MSCI中国A50互联互通人民币指数,MSCI中国A50互联互通人民币指数收益率,汇添富基金管理股份有限公司,交通银行股份有限公司,股票型ETF,规模指数ETF,746059.MSI,8761913238.24,928841283,854391222,0.917,0.91984630489341,-0.010903936
2022-07-07,560050.SH,汇添富MSCI中国A50互联互通ETF,20211108,MSCI中国A50互联互通人民币指数,MSCI中国A50互联互通人民币指数收益率,汇添富基金管理股份有限公司,交通银行股份有限公司,股票型ETF,规模指数ETF,746059.MSI,8761107438.08,855261013,785997284,0.921,0.91901451375991,-0.23830156
2022-07-08,560050.SH,汇添富MSCI中国A50互联互通ETF,20211108,MSCI中国A50互联互通人民币指数,MSCI中国A50互联互通人民币指数收益率,汇添富基金管理股份有限公司,交通银行股份有限公司,股票型ETF,规模指数ETF,746059.MSI,8695168962.72,1074619431,993729557,0.92,0.92472695759398,-0.14110496
2022-07-11,560050.SH,汇添富MSCI中国A50互联互通ETF,20211108,MSCI中国A50互联互通人民币指数,MSCI中国A50互联互通人民币指数收益率,汇添富基金管理股份有限公司,交通银行股份有限公司,股票型ETF,规模指数ETF,746059.MSI,8469417117.28,892042109,805857552,0.903,0.90338510241785,-0.077459334
2022-07-12,560050.SH,汇添富MSCI中国A50互联互通ETF,20211108,MSCI中国A50互联互通人民币指数,MSCI中国A50互联互通人民币指数收益率,汇添富基金管理股份有限公司,交通银行股份有限公司,股票型ETF,规模指数ETF,746059.MSI,8377743733.92,901363068,808807503,0.893,0.89731600030455,-0.14536509
2022-07-13,560050.SH,汇添富MSCI中国A50互联互通ETF,20211108,MSCI中国A50互联互通人民币指数,MSCI中国A50互联互通人民币指数收益率,汇添富基金管理股份有限公司,交通银行股份有限公司,股票型ETF,规模指数ETF,746059.MSI,8355597346.88,983047743,879989883,0.899,0.89516494927754,-0.13330371
2022-07-14,560050.SH,汇添富MSCI中国A50互联互通ETF,20211108,MSCI中国A50互联互通人民币指数,MSCI中国A50互联互通人民币指数收益率,汇添富基金管理股份有限公司,交通银行股份有限公司,股票型ETF,规模指数ETF,746059.MSI,8369775182.88,815698144,734742875,0.902,0.90075339806094,-0.077545142
2022-07-15,560050.SH,汇添富MSCI中国A50互联互通ETF,20211108,MSCI中国A50互联互通人民币指数,MSCI中国A50互联互通人民币指数收益率,汇添富基金管理股份有限公司,交通银行股份有限公司,股票型ETF,规模指数ETF,746059.MSI,8208754743.84,885530549,801616208,0.89,0.90523834429567,-0.123442936
2022-07-18,560050.SH,汇添富MSCI中国A50互联互通ETF,20211108,MSCI中国A50互联互通人民币指数,MSCI中国A50互联互通人民币指数收益率,汇添富基金管理股份有限公司,交通银行股份有限公司,股票型ETF,规模指数ETF,746059.MSI,8302905409.12,778827029,696889674,0.9,0.89479389909566,-0.254904134
2022-07-19,560050.SH,汇添富MSCI中国A50互联互通ETF,20211108,MSCI中国A50互联互通人民币指数,MSCI中国A50互联互通人民币指数收益率,汇添富基金管理股份有限公司,交通银行股份有限公司,股票型ETF,规模指数ETF,746059.MSI,8227869458.56,780006316,695710672,0.891,0.89192953663211,-0.156880323
2022-07-20,560050.SH,汇添富MSCI中国A50互联互通ETF,20211108,MSCI中国A50互联互通人民币指数,MSCI中国A50互联互通人民币指数收益率,汇添富基金管理股份有限公司,交通银行股份有限公司,股票型ETF,规模指数ETF,746059.MSI,8228671878.24,718083788,641669428,0.891,0.89358573292285,-0.123304562
2022-07-21,560050.SH,汇添富MSCI中国A50互联互通ETF,20211108,MSCI中国A50互联互通人民币指数,MSCI中国A50互联互通人民币指数收益率,汇添富基金管理股份有限公司,交通银行股份有限公司,股票型ETF,规模指数ETF,746059.MSI,8124524206.4,716215608,634421844,0.88,0.8857972891314,-0.113507378
2022-07-22,560050.SH,汇添富MSCI中国A50互联互通ETF,20211108,MSCI中国A50互联互通人民币指数,MSCI中国A50互联互通人民币指数收益率,汇添富基金管理股份有限公司,交通银行股份有限公司,股票型ETF,规模指数ETF,746059.MSI,8150572383.36,787277992,697421456,0.883,0.88586428566137,-0.158299412
2022-07-25,560050.SH,汇添富MSCI中国A50互联互通ETF,20211108,MSCI中国A50互联互通人民币指数,MSCI中国A50互联互通人民币指数收益率,汇添富基金管理股份有限公司,交通银行股份有限公司,股票型ETF,规模指数ETF,746059.MSI,8101540619.52,750215392,660061738,0.88,0.87982963964568,-0.090826521
2022-07-26,560050.SH,汇添富MSCI中国A50互联互通ETF,20211108,MSCI中国A50互联互通人民币指数,MSCI中国A50互联互通人民币指数收益率,汇添富基金管理股份有限公司,交通银行股份有限公司,股票型ETF,规模指数ETF,746059.MSI,8145892265.28,749679477,663695511,0.886,0.88530569578337,-0.022568269
2022-07-27,560050.SH,汇添富MSCI中国A50互联互通ETF,20211108,MSCI中国A50互联互通人民币指数,MSCI中国A50互联互通人民币指数收益率,汇添富基金管理股份有限公司,交通银行股份有限公司,股票型ETF,规模指数ETF,746059.MSI,8049523590.08,754788234,663239929,0.877,0.87870994687498,-0.136643134
2022-07-28,560050.SH,汇添富MSCI中国A50互联互通ETF,20211108,MSCI中国A50互联互通人民币指数,MSCI中国A50互联互通人民币指数收益率,汇添富基金管理股份有限公司,交通银行股份有限公司,股票型ETF,规模指数ETF,746059.MSI,8015376370.4,925406706,816237548,0.878,0.88203115744441,-0.056915196
2022-07-29,560050.SH,汇添富MSCI中国A50互联互通ETF,20211108,MSCI中国A50互联互通人民币指数,MSCI中国A50互联互通人民币指数收益率,汇添富基金管理股份有限公司,交通银行股份有限公司,股票型ETF,规模指数ETF,746059.MSI,7924323124.8,891340830,777168708,0.866,0.87190969138034,-0.115340254
2022-08-01,560050.SH,汇添富MSCI中国A50互联互通ETF,20211108,MSCI中国A50互联互通人民币指数,MSCI中国A50互联互通人民币指数收益率,汇添富基金管理股份有限公司,交通银行股份有限公司,股票型ETF,规模指数ETF,746059.MSI,7972016357.44,894664331,777100386,0.872,0.86859435329383,-0.068760028
2022-08-02,560050.SH,汇添富MSCI中国A50互联互通ETF,20211108,MSCI中国A50互联互通人民币指数,MSCI中国A50互联互通人民币指数收益率,汇添富基金管理股份有限公司,交通银行股份有限公司,股票型ETF,规模指数ETF,746059.MSI,7828582187.36,900793317,772097904,0.857,0.85713103042482,0.011669973
2022-08-03,560050.SH,汇添富MSCI中国A50互联互通ETF,20211108,MSCI中国A50互联互通人民币指数,MSCI中国A50互联互通人民币指数收益率,汇添富基金管理股份有限公司,交通银行股份有限公司,股票型ETF,规模指数ETF,746059.MSI,7862583974.56,1022538410,871900777,0.845,0.8526826654854,0.01183572
2022-08-04,560050.SH,汇添富MSCI中国A50互联互通ETF,20211108,MSCI中国A50互联互通人民币指数,MSCI中国A50互联互通人民币指数收益率,汇添富基金管理股份有限公司,交通银行股份有限公司,股票型ETF,规模指数ETF,746059.MSI,7940743695.68,823703040,699473704,0.852,0.84918188962857,-0.023468669
2022-08-05,560050.SH,汇添富MSCI中国A50互联互通ETF,20211108,MSCI中国A50互联互通人民币指数,MSCI中国A50互联互通人民币指数收益率,汇添富基金管理股份有限公司,交通银行股份有限公司,股票型ETF,规模指数ETF,746059.MSI,8063283911.84,907078197,775634301,0.861,0.85509088804612,-0.011613053
2022-08-08,560050.SH,汇添富MSCI中国A50互联互通ETF,20211108,MSCI中国A50互联互通人民币指数,MSCI中国A50互联互通人民币指数收益率,汇添富基金管理股份有限公司,交通银行股份有限公司,股票型ETF,规模指数ETF,746059.MSI,8031586993.92,755809415,647065924,0.856,0.85612313257569,-0.093370682
2022-08-09,560050.SH,汇添富MSCI中国A50互联互通ETF,20211108,MSCI中国A50互联互通人民币指数,MSCI中国A50互联互通人民币指数收益率,汇添富基金管理股份有限公司,交通银行股份有限公司,股票型ETF,规模指数ETF,746059.MSI,8050020616.8,585674984,503001145,0.859,0.85884007127066,-0.058173357
2022-08-10,560050.SH,汇添富MSCI中国A50互联互通ETF,20211108,MSCI中国A50互联互通人民币指数,MSCI中国A50互联互通人民币指数收益率,汇添富基金管理股份有限公司,交通银行股份有限公司,股票型ETF,规模指数ETF,746059.MSI,7953426164.64,786289445,668022406,0.848,0.84958841842268,-0.011791062
2022-08-11,560050.SH,汇添富MSCI中国A50互联互通ETF,20211108,MSCI中国A50互联互通人民币指数,MSCI中国A50互联互通人民币指数收益率,汇添富基金管理股份有限公司,交通银行股份有限公司,股票型ETF,规模指数ETF,746059.MSI,8126022272.32,739689193,635550481,0.867,0.85921287888817,-0.09218714
2022-08-12,560050.SH,汇添富MSCI中国A50互联互通ETF,20211108,MSCI中国A50互联互通人民币指数,MSCI中国A50互联互通人民币指数收益率,汇添富基金管理股份有限公司,交通银行股份有限公司,股票型ETF,规模指数ETF,746059.MSI,8131506960.8,732353299,634364271,0.87,0.86619978617725,0.057504313
2022-08-15,560050.SH,汇添富MSCI中国A50互联互通ETF,20211108,MSCI中国A50互联互通人民币指数,MSCI中国A50互联互通人民币指数收益率,汇添富基金管理股份有限公司,交通银行股份有限公司,股票型ETF,规模指数ETF,746059.MSI,8125485354.24,599296618,522031082,0.87,0.87107296507387,0.04599816
2022-08-16,560050.SH,汇添富MSCI中国A50互联互通ETF,20211108,MSCI中国A50互联互通人民币指数,MSCI中国A50互联互通人民币指数收益率,汇添富基金管理股份有限公司,交通银行股份有限公司,股票型ETF,规模指数ETF,746059.MSI,8049432600.16,662959817,577645925,0.866,0.87131363046095,-0.333755323
2022-08-17,560050.SH,汇添富MSCI中国A50互联互通ETF,20211108,MSCI中国A50互联互通人民币指数,MSCI中国A50互联互通人民币指数收益率,汇添富基金管理股份有限公司,交通银行股份有限公司,股票型ETF,规模指数ETF,746059.MSI,8060813858.88,602349487,525816266,0.879,0.87294216621455,-0.136332652
2022-08-18,560050.SH,汇添富MSCI中国A50互联互通ETF,20211108,MSCI中国A50互联互通人民币指数,MSCI中国A50互联互通人民币指数收益率,汇添富基金管理股份有限公司,交通银行股份有限公司,股票型ETF,规模指数ETF,746059.MSI,7974455714.88,569665340,496675343,0.87,0.87187214689944,-0.022983222
2022-08-19,560050.SH,汇添富MSCI中国A50互联互通ETF,20211108,MSCI中国A50互联互通人民币指数,MSCI中国A50互联互通人民币指数收益率,汇添富基金管理股份有限公司,交通银行股份有限公司,股票型ETF,规模指数ETF,746059.MSI,7912408233.12,535230705,463823786,0.863,0.86658665444091,0.081178244
2022-08-22,560050.SH,汇添富MSCI中国A50互联互通ETF,20211108,MSCI中国A50互联互通人民币指数,MSCI中国A50互联互通人民币指数收益率,汇添富基金管理股份有限公司,交通银行股份有限公司,股票型ETF,规模指数ETF,746059.MSI,7987460921.44,490794787,426025078,0.868,0.86803097605028,-0.241351569
2022-08-23,560050.SH,汇添富MSCI中国A50互联互通ETF,20211108,MSCI中国A50互联互通人民币指数,MSCI中国A50互联互通人民币指数收益率,汇添富基金管理股份有限公司,交通银行股份有限公司,股票型ETF,规模指数ETF,746059.MSI,7935350157.6,575363325,497552562,0.866,0.86476238644512,-0.057703405
2022-08-24,560050.SH,汇添富MSCI中国A50互联互通ETF,20211108,MSCI中国A50互联互通人民币指数,MSCI中国A50互联互通人民币指数收益率,汇添富基金管理股份有限公司,交通银行股份有限公司,股票型ETF,规模指数ETF,746059.MSI,7795092059.68,605185030,519978267,0.851,0.85920543507165,0.152995175
2022-08-25,560050.SH,汇添富MSCI中国A50互联互通ETF,20211108,MSCI中国A50互联互通人民币指数,MSCI中国A50互联互通人民币指数收益率,汇添富基金管理股份有限公司,交通银行股份有限公司,股票型ETF,规模指数ETF,746059.MSI,7923611623.36,501592686,427637796,0.86,0.8525598716565,0.069816151
2022-08-26,560050.SH,汇添富MSCI中国A50互联互通ETF,20211108,MSCI中国A50互联互通人民币指数,MSCI中国A50互联互通人民币指数收益率,汇添富基金管理股份有限公司,交通银行股份有限公司,股票型ETF,规模指数ETF,746059.MSI,7909114902.08,559363733,480938441,0.86,0.85979553665486,0.209741319
2022-08-29,560050.SH,汇添富MSCI中国A50互联互通ETF,20211108,MSCI中国A50互联互通人民币指数,MSCI中国A50互联互通人民币指数收益率,汇添富基金管理股份有限公司,交通银行股份有限公司,股票型ETF,规模指数ETF,746059.MSI,7846164174.4,587939792,499677646,0.851,0.84987893794404,0
2022-08-30,560050.SH,汇添富MSCI中国A50互联互通ETF,20211108,MSCI中国A50互联互通人民币指数,MSCI中国A50互联互通人民币指数收益率,汇添富基金管理股份有限公司,交通银行股份有限公司,股票型ETF,规模指数ETF,746059.MSI,7803903263.04,513061518,432858236,0.846,0.84367706564186,-0.070871722
2022-08-31,560050.SH,汇添富MSCI中国A50互联互通ETF,20211108,MSCI中国A50互联互通人民币指数,MSCI中国A50互联互通人民币指数收益率,汇添富基金管理股份有限公司,交通银行股份有限公司,股票型ETF,规模指数ETF,746059.MSI,7805080758.08,613738292,520523213,0.849,0.84811917357114,0.094317378
2022-09-01,560050.SH,汇添富MSCI中国A50互联互通ETF,20211108,MSCI中国A50互联互通人民币指数,MSCI中国A50互联互通人民币指数收益率,汇添富基金管理股份有限公司,交通银行股份有限公司,股票型ETF,规模指数ETF,746059.MSI,7702724768.16,576325147,486841090,0.838,0.84473338103361,-0.107283347
2022-09-02,560050.SH,汇添富MSCI中国A50互联互通ETF,20211108,MSCI中国A50互联互通人民币指数,MSCI中国A50互联互通人民币指数收益率,汇添富基金管理股份有限公司,交通银行股份有限公司,股票型ETF,规模指数ETF,746059.MSI,7647633161.76,522702540,435741520,0.832,0.83363191615637,-0.108056189
2022-09-05,560050.SH,汇添富MSCI中国A50互联互通ETF,20211108,MSCI中国A50互联互通人民币指数,MSCI中国A50互联互通人民币指数收益率,汇添富基金管理股份有限公司,交通银行股份有限公司,股票型ETF,规模指数ETF,746059.MSI,7504161860.16,709167188,586019753,0.831,0.82634922048875,-0.048111619
2022-09-06,560050.SH,汇添富MSCI中国A50互联互通ETF,20211108,MSCI中国A50互联互通人民币指数,MSCI中国A50互联互通人民币指数收益率,汇添富基金管理股份有限公司,交通银行股份有限公司,股票型ETF,规模指数ETF,746059.MSI,7547238686.24,501644302,417545645,0.835,0.83235400728224,-0.250866085
2022-09-07,560050.SH,汇添富MSCI中国A50互联互通ETF,20211108,MSCI中国A50互联互通人民币指数,MSCI中国A50互联互通人民币指数收益率,汇添富基金管理股份有限公司,交通银行股份有限公司,股票型ETF,规模指数ETF,746059.MSI,7480495060.0,649773108,542779772,0.836,0.83533738980161,-0.179104478
2022-09-08,560050.SH,汇添富MSCI中国A50互联互通ETF,20211108,MSCI中国A50互联互通人民币指数,MSCI中国A50互联互通人民币指数收益率,汇添富基金管理股份有限公司,交通银行股份有限公司,股票型ETF,规模指数ETF,746059.MSI,7415538528.96,529436516,442636492,0.834,0.83605206407788,0.07199424
2022-09-09,560050.SH,汇添富MSCI中国A50互联互通ETF,20211108,MSCI中国A50互联互通人民币指数,MSCI中国A50互联互通人民币指数收益率,汇添富基金管理股份有限公司,交通银行股份有限公司,股票型ETF,规模指数ETF,746059.MSI,7517109830.24,537613880,453474947,0.847,0.84349560878153,-0.011804982
2022-09-13,560050.SH,汇添富MSCI中国A50互联互通ETF,20211108,MSCI中国A50互联互通人民币指数,MSCI中国A50互联互通人民币指数收益率,汇添富基金管理股份有限公司,交通银行股份有限公司,股票型ETF,规模指数ETF,746059.MSI,7539517826.88,496184702,422038809,0.849,0.85056795846156,-0.14114326
2022-09-14,560050.SH,汇添富MSCI中国A50互联互通ETF,20211108,MSCI中国A50互联互通人民币指数,MSCI中国A50互联互通人民币指数收益率,汇添富基金管理股份有限公司,交通银行股份有限公司,股票型ETF,规模指数ETF,746059.MSI,7442338719.04,414845141,347864776,0.837,0.83854128111868,0.047812575
2022-09-15,560050.SH,汇添富MSCI中国A50互联互通ETF,20211108,MSCI中国A50互联互通人民币指数,MSCI中国A50互联互通人民币指数收益率,汇添富基金管理股份有限公司,交通银行股份有限公司,股票型ETF,规模指数ETF,746059.MSI,7363410876.64,516263653,429531599,0.827,0.8320004643054,-0.132834199
2022-09-16,560050.SH,汇添富MSCI中国A50互联互通ETF,20211108,MSCI中国A50互联互通人民币指数,MSCI中国A50互联互通人民币指数收益率,汇添富基金管理股份有限公司,交通银行股份有限公司,股票型ETF,规模指数ETF,746059.MSI,7221015270.56,580050225,474295517,0.812,0.81768008451337,0.259291271
2022-09-19,560050.SH,汇添富MSCI中国A50互联互通ETF,20211108,MSCI中国A50互联互通人民币指数,MSCI中国A50互联互通人民币指数收益率,汇添富基金管理股份有限公司,交通银行股份有限公司,股票型ETF,规模指数ETF,746059.MSI,7231461145.92,621659425,504476891,0.811,0.81150043048089,-0.09854644
2022-09-20,560050.SH,汇添富MSCI中国A50互联互通ETF,20211108,MSCI中国A50互联互通人民币指数,MSCI中国A50互联互通人民币指数收益率,汇添富基金管理股份有限公司,交通银行股份有限公司,股票型ETF,规模指数ETF,746059.MSI,7246021814.72,578079254,470889663,0.814,0.81457630548354,0.024576063
2022-09-21,560050.SH,汇添富MSCI中国A50互联互通ETF,20211108,MSCI中国A50互联互通人民币指数,MSCI中国A50互联互通人民币指数收益率,汇添富基金管理股份有限公司,交通银行股份有限公司,股票型ETF,规模指数ETF,746059.MSI,7164105618.24,555939610,448443446,0.804,0.80664057378462,-0.074571216
2022-09-22,560050.SH,汇添富MSCI中国A50互联互通ETF,20211108,MSCI中国A50互联互通人民币指数,MSCI中国A50互联互通人民币指数收益率,汇添富基金管理股份有限公司,交通银行股份有限公司,股票型ETF,规模指数ETF,746059.MSI,7104633844.64,572291624,456748397,0.798,0.798104284329,-0.012529758
2022-09-23,560050.SH,汇添富MSCI中国A50互联互通ETF,20211108,MSCI中国A50互联互通人民币指数,MSCI中国A50互联互通人民币指数收益率,汇添富基金管理股份有限公司,交通银行股份有限公司,股票型ETF,规模指数ETF,746059.MSI,7095027703.68,544681102,434592925,0.798,0.79788508065404,0.100351229
2022-09-26,560050.SH,汇添富MSCI中国A50互联互通ETF,20211108,MSCI中国A50互联互通人民币指数,MSCI中国A50互联互通人民币指数收益率,汇添富基金管理股份有限公司,交通银行股份有限公司,股票型ETF,规模指数ETF,746059.MSI,7090577736.48,613594489,491928284,0.797,0.8017156164517,0.037655328
2022-09-27,560050.SH,汇添富MSCI中国A50互联互通ETF,20211108,MSCI中国A50互联互通人民币指数,MSCI中国A50互联互通人民币指数收益率,汇添富基金管理股份有限公司,交通银行股份有限公司,股票型ETF,规模指数ETF,746059.MSI,7164974221.44,573218871,457871114,0.806,0.79877187783652,-0.19811788
2022-09-28,560050.SH,汇添富MSCI中国A50互联互通ETF,20211108,MSCI中国A50互联互通人民币指数,MSCI中国A50互联互通人民币指数收益率,汇添富基金管理股份有限公司,交通银行股份有限公司,股票型ETF,规模指数ETF,746059.MSI,7056919808.64,528225485,422566610,0.796,0.79997391644214,0.050276521
2022-09-29,560050.SH,汇添富MSCI中国A50互联互通ETF,20211108,MSCI中国A50互联互通人民币指数,MSCI中国A50互联互通人民币指数收益率,汇添富基金管理股份有限公司,交通银行股份有限公司,股票型ETF,规模指数ETF,746059.MSI,7093286539.68,487454759,390730436,0.798,0.80157271784888,-0.212579717
2022-09-30,560050.SH,汇添富MSCI中国A50互联互通ETF,20211108,MSCI中国A50互联互通人民币指数,MSCI中国A50互联互通人民币指数收益率,汇添富基金管理股份有限公司,交通银行股份有限公司,股票型ETF,规模指数ETF,746059.MSI,7051597859.925,497812266,397109348,0.795,0.79770904640586,0
2022-10-10,560050.SH,汇添富MSCI中国A50互联互通ETF,20211108,MSCI中国A50互联互通人民币指数,MSCI中国A50互联互通人民币指数收益率,汇添富基金管理股份有限公司,交通银行股份有限公司,股票型ETF,规模指数ETF,746059.MSI,6862441074.72,596397968,468071980,0.775,0.78483161431563,-0.167461033
2022-10-11,560050.SH,汇添富MSCI中国A50互联互通ETF,20211108,MSCI中国A50互联互通人民币指数,MSCI中国A50互联互通人民币指数收益率,汇添富基金管理股份有限公司,交通银行股份有限公司,股票型ETF,规模指数ETF,746059.MSI,6863848881.12,538288897,419524215,0.78,0.77936627959094,-0.294004857
2022-10-12,560050.SH,汇添富MSCI中国A50互联互通ETF,20211108,MSCI中国A50互联互通人民币指数,MSCI中国A50互联互通人民币指数收益率,汇添富基金管理股份有限公司,交通银行股份有限公司,股票型ETF,规模指数ETF,746059.MSI,6897919139.84,718617545,557202310,0.794,0.7753808877572,0.050403226
2022-10-13,560050.SH,汇添富MSCI中国A50互联互通ETF,20211108,MSCI中国A50互联互通人民币指数,MSCI中国A50互联互通人民币指数收益率,汇添富基金管理股份有限公司,交通银行股份有限公司,股票型ETF,规模指数ETF,746059.MSI,6795123749.92,555532198,435996407,0.784,0.78482652953268,-0.038250669
2022-10-14,560050.SH,汇添富MSCI中国A50互联互通ETF,20211108,MSCI中国A50互联互通人民币指数,MSCI中国A50互联互通人民币指数收益率,汇添富基金管理股份有限公司,交通银行股份有限公司,股票型ETF,规模指数ETF,746059.MSI,6970117139.52,584987056,469338098,0.808,0.8023050992089,0.273020601
2022-10-17,560050.SH,汇添富MSCI中国A50互联互通ETF,20211108,MSCI中国A50互联互通人民币指数,MSCI中国A50互联互通人民币指数收益率,汇添富基金管理股份有限公司,交通银行股份有限公司,股票型ETF,规模指数ETF,746059.MSI,6940459303.52,478728447,382616100,0.803,0.79923410108111,-0.037345948
2022-10-18,560050.SH,汇添富MSCI中国A50互联互通ETF,20211108,MSCI中国A50互联互通人民币指数,MSCI中国A50互联互通人民币指数收益率,汇添富基金管理股份有限公司,交通银行股份有限公司,股票型ETF,规模指数ETF,746059.MSI,6914049382.24,506533120,406919805,0.8,0.80334293836502,-0.261812742
2022-10-19,560050.SH,汇添富MSCI中国A50互联互通ETF,20211108,MSCI中国A50互联互通人民币指数,MSCI中国A50互联互通人民币指数收益率,汇添富基金管理股份有限公司,交通银行股份有限公司,股票型ETF,规模指数ETF,746059.MSI,6680492320.32,628758277,498708000,0.786,0.79316331608307,-0.228484387
2022-10-20,560050.SH,汇添富MSCI中国A50互联互通ETF,20211108,MSCI中国A50互联互通人民币指数,MSCI中国A50互联互通人民币指数收益率,汇添富基金管理股份有限公司,交通银行股份有限公司,股票型ETF,规模指数ETF,746059.MSI,6623708832.0,498679278,389103738,0.78,0.7802685115783,0
2022-10-21,560050.SH,汇添富MSCI中国A50互联互通ETF,20211108,MSCI中国A50互联互通人民币指数,MSCI中国A50互联互通人民币指数收益率,汇添富基金管理股份有限公司,交通银行股份有限公司,股票型ETF,规模指数ETF,746059.MSI,6564314602.56,521696099,405849681,0.775,0.77794271756669,-0.308721379
2022-10-24,560050.SH,汇添富MSCI中国A50互联互通ETF,20211108,MSCI中国A50互联互通人民币指数,MSCI中国A50互联互通人民币指数收益率,汇添富基金管理股份有限公司,交通银行股份有限公司,股票型ETF,规模指数ETF,746059.MSI,6324321973.76,537736594,407875467,0.75,0.7585042036399,-0.053304904
2022-10-25,560050.SH,汇添富MSCI中国A50互联互通ETF,20211108,MSCI中国A50互联互通人民币指数,MSCI中国A50互联互通人民币指数收益率,汇添富基金管理股份有限公司,交通银行股份有限公司,股票型ETF,规模指数ETF,746059.MSI,6309132786.88,447284092,334944254,0.749,0.74884007723664,-0.159957345
2022-10-26,560050.SH,汇添富MSCI中国A50互联互通ETF,20211108,MSCI中国A50互联互通人民币指数,MSCI中国A50互联互通人民币指数收益率,汇添富基金管理股份有限公司,交通银行股份有限公司,股票型ETF,规模指数ETF,746059.MSI,6331839609.76,397403904,300062607,0.753,0.75505701876547,0.013281976
2022-10-27,560050.SH,汇添富MSCI中国A50互联互通ETF,20211108,MSCI中国A50互联互通人民币指数,MSCI中国A50互联互通人民币指数收益率,汇添富基金管理股份有限公司,交通银行股份有限公司,股票型ETF,规模指数ETF,746059.MSI,6259967193.6,413487133,311466630,0.744,0.7532680103978,0
2022-10-28,560050.SH,汇添富MSCI中国A50互联互通ETF,20211108,MSCI中国A50互联互通人民币指数,MSCI中国A50互联互通人民币指数收益率,汇添富基金管理股份有限公司,交通银行股份有限公司,股票型ETF,规模指数ETF,746059.MSI,6097740167.84,522788607,383581985,0.726,0.7337229233077,-0.013772208
2022-10-31,560050.SH,汇添富MSCI中国A50互联互通ETF,20211108,MSCI中国A50互联互通人民币指数,MSCI中国A50互联互通人民币指数收益率,汇添富基金管理股份有限公司,交通银行股份有限公司,股票型ETF,规模指数ETF,746059.MSI,6022536899.2,430417229,310256340,0.717,0.72082695369985,-0.139275766
2022-11-01,560050.SH,汇添富MSCI中国A50互联互通ETF,20211108,MSCI中国A50互联互通人民币指数,MSCI中国A50互联互通人民币指数收益率,汇添富基金管理股份有限公司,交通银行股份有限公司,股票型ETF,规模指数ETF,746059.MSI,6262505964.0,499620411,366000933,0.747,0.73255800792334,-0.066889632
2022-11-02,560050.SH,汇添富MSCI中国A50互联互通ETF,20211108,MSCI中国A50互联互通人民币指数,MSCI中国A50互联互通人民币指数收益率,汇添富基金管理股份有限公司,交通银行股份有限公司,股票型ETF,规模指数ETF,746059.MSI,6321735334.24,474061997,356297472,0.757,0.75158412666434,-0.013208295
2022-11-03,560050.SH,汇添富MSCI中国A50互联互通ETF,20211108,MSCI中国A50互联互通人民币指数,MSCI中国A50互联互通人民币指数收益率,汇添富基金管理股份有限公司,交通银行股份有限公司,股票型ETF,规模指数ETF,746059.MSI,6215992377.12,437897994,327747804,0.747,0.74845696598464,-0.04014452
2022-11-04,560050.SH,汇添富MSCI中国A50互联互通ETF,20211108,MSCI中国A50互联互通人民币指数,MSCI中国A50互联互通人民币指数收益率,汇添富基金管理股份有限公司,交通银行股份有限公司,股票型ETF,规模指数ETF,746059.MSI,6452249999.36,514662235,395339654,0.776,0.76815361049369,0.20661157
2022-11-07,560050.SH,汇添富MSCI中国A50互联互通ETF,20211108,MSCI中国A50互联互通人民币指数,MSCI中国A50互联互通人民币指数收益率,汇添富基金管理股份有限公司,交通银行股份有限公司,股票型ETF,规模指数ETF,746059.MSI,6501302225.44,431966613,335861000,0.78,0.777516108635,-0.012818869
2022-11-08,560050.SH,汇添富MSCI中国A50互联互通ETF,20211108,MSCI中国A50互联互通人民币指数,MSCI中国A50互联互通人民币指数收益率,汇添富基金管理股份有限公司,交通银行股份有限公司,股票型ETF,规模指数ETF,746059.MSI,6435585845.28,467034003,361340439,0.773,0.77369192966449,-0.090474344
2022-11-09,560050.SH,汇添富MSCI中国A50互联互通ETF,20211108,MSCI中国A50互联互通人民币指数,MSCI中国A50互联互通人民币指数收益率,汇添富基金管理股份有限公司,交通银行股份有限公司,股票型ETF,规模指数ETF,746059.MSI,6360423789.76,410949820,315503135,0.765,0.76774126583143,-0.052260256
2022-11-10,560050.SH,汇添富MSCI中国A50互联互通ETF,20211108,MSCI中国A50互联互通人民币指数,MSCI中国A50互联互通人民币指数收益率,汇添富基金管理股份有限公司,交通银行股份有限公司,股票型ETF,规模指数ETF,746059.MSI,6272452340.8,469951249,354538722,0.756,0.75441595857957,-0.132100396
2022-11-11,560050.SH,汇添富MSCI中国A50互联互通ETF,20211108,MSCI中国A50互联互通人民币指数,MSCI中国A50互联互通人民币指数收益率,汇添富基金管理股份有限公司,交通银行股份有限公司,股票型ETF,规模指数ETF,746059.MSI,6464224661.44,508680801,395036190,0.782,0.77658954146374,-0.076667519
2022-11-14,560050.SH,汇添富MSCI中国A50互联互通ETF,20211108,MSCI中国A50互联互通人民币指数,MSCI中国A50互联互通人民币指数收益率,汇添富基金管理股份有限公司,交通银行股份有限公司,股票型ETF,规模指数ETF,746059.MSI,6469479894.24,407012694,320521336,0.781,0.78749714867615,-0.140646976
2022-11-15,560050.SH,汇添富MSCI中国A50互联互通ETF,20211108,MSCI中国A50互联互通人民币指数,MSCI中国A50互联互通人民币指数收益率,汇添富基金管理股份有限公司,交通银行股份有限公司,股票型ETF,规模指数ETF,746059.MSI,6757226274.24,541559740,426279885,0.795,0.78713363183164,0.050339794
2022-11-16,560050.SH,汇添富MSCI中国A50互联互通ETF,20211108,MSCI中国A50互联互通人民币指数,MSCI中国A50互联互通人民币指数收益率,汇添富基金管理股份有限公司,交通银行股份有限公司,股票型ETF,规模指数ETF,746059.MSI,6720865100.64,507260909,401558865,0.788,0.79162194025876,-0.012688745
2022-11-17,560050.SH,汇添富MSCI中国A50互联互通ETF,20211108,MSCI中国A50互联互通人民币指数,MSCI中国A50互联互通人民币指数收益率,汇添富基金管理股份有限公司,交通银行股份有限公司,股票型ETF,规模指数ETF,746059.MSI,6772952812.32,602634209,468464965,0.779,0.77736205147956,-0.166602589
2022-11-18,560050.SH,汇添富MSCI中国A50互联互通ETF,20211108,MSCI中国A50互联互通人民币指数,MSCI中国A50互联互通人民币指数收益率,汇添富基金管理股份有限公司,交通银行股份有限公司,股票型ETF,规模指数ETF,746059.MSI,6871343258.24,622323622,487050051,0.78,0.78263146983677,0.051308363
2022-11-21,560050.SH,汇添富MSCI中国A50互联互通ETF,20211108,MSCI中国A50互联互通人民币指数,MSCI中国A50互联互通人民币指数收益率,汇添富基金管理股份有限公司,交通银行股份有限公司,股票型ETF,规模指数ETF,746059.MSI,6808317304.32,382139020,293585155,0.772,0.76826793296324,-0.103519669
2022-11-22,560050.SH,汇添富MSCI中国A50互联互通ETF,20211108,MSCI中国A50互联互通人民币指数,MSCI中国A50互联互通人民币指数收益率,汇添富基金管理股份有限公司,交通银行股份有限公司,股票型ETF,规模指数ETF,746059.MSI,6779865343.68,453040802,349221972,0.77,0.77084000041127,-0.284900285
2022-11-23,560050.SH,汇添富MSCI中国A50互联互通ETF,20211108,MSCI中国A50互联互通人民币指数,MSCI中国A50互联互通人民币指数收益率,汇添富基金管理股份有限公司,交通银行股份有限公司,股票型ETF,规模指数ETF,746059.MSI,6732321422.4,350823521,270204739,0.77,0.77020132011046,-0.129701686
2022-11-24,560050.SH,汇添富MSCI中国A50互联互通ETF,20211108,MSCI中国A50互联互通人民币指数,MSCI中国A50互联互通人民币指数收益率,汇添富基金管理股份有限公司,交通银行股份有限公司,股票型ETF,规模指数ETF,746059.MSI,6586674392.96,603151925,463827865,0.767,0.76900668931795,-0.182196773
2022-11-25,560050.SH,汇添富MSCI中国A50互联互通ETF,20211108,MSCI中国A50互联互通人民币指数,MSCI中国A50互联互通人民币指数收益率,汇添富基金管理股份有限公司,交通银行股份有限公司,股票型ETF,规模指数ETF,746059.MSI,6558320937.12,483257007,372229831,0.772,0.77025232041798,-0.038845008
2022-11-28,560050.SH,汇添富MSCI中国A50互联互通ETF,20211108,MSCI中国A50互联互通人民币指数,MSCI中国A50互联互通人民币指数收益率,汇添富基金管理股份有限公司,交通银行股份有限公司,股票型ETF,规模指数ETF,746059.MSI,6348109947.2,651046111,491066507,0.763,0.75427300571034,0
2022-11-29,560050.SH,汇添富MSCI中国A50互联互通ETF,20211108,MSCI中国A50互联互通人民币指数,MSCI中国A50互联互通人民币指数收益率,汇添富基金管理股份有限公司,交通银行股份有限公司,股票型ETF,规模指数ETF,746059.MSI,6544550785.92,483276433,377569475,0.786,0.78127019903741,-0.101677682
2022-11-30,560050.SH,汇添富MSCI中国A50互联互通ETF,20211108,MSCI中国A50互联互通人民币指数,MSCI中国A50互联互通人民币指数收益率,汇添富基金管理股份有限公司,交通银行股份有限公司,股票型ETF,规模指数ETF,746059.MSI,6567497054.72,328549264,258171875,0.787,0.78579349670983,-0.228194726
2022-12-01,560050.SH,汇添富MSCI中国A50互联互通ETF,20211108,MSCI中国A50互联互通人民币指数,MSCI中国A50互联互通人民币指数收益率,汇添富基金管理股份有限公司,交通银行股份有限公司,股票型ETF,规模指数ETF,746059.MSI,6690734647.84,401109892,323332762,0.801,0.80609520844228,-0.012482836
2022-12-02,560050.SH,汇添富MSCI中国A50互联互通ETF,20211108,MSCI中国A50互联互通人民币指数,MSCI中国A50互联互通人民币指数收益率,汇添富基金管理股份有限公司,交通银行股份有限公司,股票型ETF,规模指数ETF,746059.MSI,6677803749.6,263142849,210344577,0.796,0.79935509476832,-0.062774639
2022-12-05,560050.SH,汇添富MSCI中国A50互联互通ETF,20211108,MSCI中国A50互联互通人民币指数,MSCI中国A50互联互通人民币指数收益率,汇添富基金管理股份有限公司,交通银行股份有限公司,股票型ETF,规模指数ETF,746059.MSI,6774872028.0,314978490,253492639,0.807,0.80479349240642,-0.061919505
2022-12-06,560050.SH,汇添富MSCI中国A50互联互通ETF,20211108,MSCI中国A50互联互通人民币指数,MSCI中国A50互联互通人民币指数收益率,汇添富基金管理股份有限公司,交通银行股份有限公司,股票型ETF,规模指数ETF,746059.MSI,6823873755.68,355661624,289138836,0.813,0.81296045591919,-0.208665767
2022-12-07,560050.SH,汇添富MSCI中国A50互联互通ETF,20211108,MSCI中国A50互联互通人民币指数,MSCI中国A50互联互通人民币指数收益率,汇添富基金管理股份有限公司,交通银行股份有限公司,股票型ETF,规模指数ETF,746059.MSI,6818442470.4,379756489,309858794,0.815,0.81594074880969,-0.12254902
2022-12-08,560050.SH,汇添富MSCI中国A50互联互通ETF,20211108,MSCI中国A50互联互通人民币指数,MSCI中国A50互联互通人民币指数收益率,汇添富基金管理股份有限公司,交通银行股份有限公司,股票型ETF,规模指数ETF,746059.MSI,6839987965.44,326283780,266236000,0.818,0.81596455698779,0.048923679
2022-12-09,560050.SH,汇添富MSCI中国A50互联互通ETF,20211108,MSCI中国A50互联互通人民币指数,MSCI中国A50互联互通人民币指数收益率,汇添富基金管理股份有限公司,交通银行股份有限公司,股票型ETF,规模指数ETF,746059.MSI,6895427388.16,339471632,278025146,0.826,0.81899375320999,-0.048402711
2022-12-12,560050.SH,汇添富MSCI中国A50互联互通ETF,20211108,MSCI中国A50互联互通人民币指数,MSCI中国A50互联互通人民币指数收益率,汇添富基金管理股份有限公司,交通银行股份有限公司,股票型ETF,规模指数ETF,746059.MSI,6817399942.56,323562397,265027984,0.815,0.8190938948941,0.012271444
2022-12-13,560050.SH,汇添富MSCI中国A50互联互通ETF,20211108,MSCI中国A50互联互通人民币指数,MSCI中国A50互联互通人民币指数收益率,汇添富基金管理股份有限公司,交通银行股份有限公司,股票型ETF,规模指数ETF,746059.MSI,6780192319.68,335929181,272973121,0.812,0.81259127351607,-0.024624477
2022-12-14,560050.SH,汇添富MSCI中国A50互联互通ETF,20211108,MSCI中国A50互联互通人民币指数,MSCI中国A50互联互通人民币指数收益率,汇添富基金管理股份有限公司,交通银行股份有限公司,股票型ETF,规模指数ETF,746059.MSI,6801179116.32,286062967,232830603,0.815,0.81391382268646,-0.036796271
2022-12-15,560050.SH,汇添富MSCI中国A50互联互通ETF,20211108,MSCI中国A50互联互通人民币指数,MSCI中国A50互联互通人民币指数收益率,汇添富基金管理股份有限公司,交通银行股份有限公司,股票型ETF,规模指数ETF,746059.MSI,6837399411.36,291308062,236932917,0.815,0.81334143440218,-0.232586608
2022-12-16,560050.SH,汇添富MSCI中国A50互联互通ETF,20211108,MSCI中国A50互联互通人民币指数,MSCI中国A50互联互通人民币指数收益率,汇添富基金管理股份有限公司,交通银行股份有限公司,股票型ETF,规模指数ETF,746059.MSI,6839332306.4,318183734,259157435,0.816,0.81448989155429,-0.305436775
2022-12-19,560050.SH,汇添富MSCI中国A50互联互通ETF,20211108,MSCI中国A50互联互通人民币指数,MSCI中国A50互联互通人民币指数收益率,汇添富基金管理股份有限公司,交通银行股份有限公司,股票型ETF,规模指数ETF,746059.MSI,6767871768.96,278424879,226402709,0.807,0.81315545440176,-0.173181593
2022-12-20,560050.SH,汇添富MSCI中国A50互联互通ETF,20211108,MSCI中国A50互联互通人民币指数,MSCI中国A50互联互通人民币指数收益率,汇添富基金管理股份有限公司,交通银行股份有限公司,股票型ETF,规模指数ETF,746059.MSI,6634611913.6,369444090,294268351,0.793,0.79651660147006,-0.125944584
2022-12-21,560050.SH,汇添富MSCI中国A50互联互通ETF,20211108,MSCI中国A50互联互通人民币指数,MSCI中国A50互联互通人民币指数收益率,汇添富基金管理股份有限公司,交通银行股份有限公司,股票型ETF,规模指数ETF,746059.MSI,6573834641.44,321154314,255609414,0.794,0.79590839312219,-0.138347378
2022-12-22,560050.SH,汇添富MSCI中国A50互联互通ETF,20211108,MSCI中国A50互联互通人民币指数,MSCI中国A50互联互通人民币指数收益率,汇添富基金管理股份有限公司,交通银行股份有限公司,股票型ETF,规模指数ETF,746059.MSI,6607141303.68,295779055,236874517,0.798,0.80084952938943,0.100351229
2022-12-23,560050.SH,汇添富MSCI中国A50互联互通ETF,20211108,MSCI中国A50互联互通人民币指数,MSCI中国A50互联互通人民币指数收益率,汇添富基金管理股份有限公司,交通银行股份有限公司,股票型ETF,规模指数ETF,746059.MSI,6616770041.44,299404063,237982235,0.795,0.7948530578224,-0.012577034
2022-12-26,560050.SH,汇添富MSCI中国A50互联互通ETF,20211108,MSCI中国A50互联互通人民币指数,MSCI中国A50互联互通人民币指数收益率,汇添富基金管理股份有限公司,交通银行股份有限公司,股票型ETF,规模指数ETF,746059.MSI,6477353831.52,481997362,384465841,0.797,0.79765133859799,-0.162846048
2022-12-27,560050.SH,汇添富MSCI中国A50互联互通ETF,20211108,MSCI中国A50互联互通人民币指数,MSCI中国A50互联互通人民币指数收益率,汇添富基金管理股份有限公司,交通银行股份有限公司,股票型ETF,规模指数ETF,746059.MSI,6605317614.88,330164586,266214431,0.809,0.80630825439286,0.160950848
2022-12-28,560050.SH,汇添富MSCI中国A50互联互通ETF,20211108,MSCI中国A50互联互通人民币指数,MSCI中国A50互联互通人民币指数收益率,汇添富基金管理股份有限公司,交通银行股份有限公司,股票型ETF,规模指数ETF,746059.MSI,6601852946.08,274383579,220826931,0.807,0.80481103061929,0.161350379
2022-12-29,560050.SH,汇添富MSCI中国A50互联互通ETF,20211108,MSCI中国A50互联互通人民币指数,MSCI中国A50互联互通人民币指数收益率,汇添富基金管理股份有限公司,交通银行股份有限公司,股票型ETF,规模指数ETF,746059.MSI,6649191421.6,403878683,323444313,0.801,0.80084522064266,-0.062383032
2022-12-30,560050.SH,汇添富MSCI中国A50互联互通ETF,20211108,MSCI中国A50互联互通人民币指数,MSCI中国A50互联互通人民币指数收益率,汇添富基金管理股份有限公司,交通银行股份有限公司,股票型ETF,规模指数ETF,746059.MSI,7457851257.6,1264506421,1020963940,0.804,0.80740115118799,0
2023-01-03,560050.SH,汇添富MSCI中国A50互联互通ETF,20211108,MSCI中国A50互联互通人民币指数,MSCI中国A50互联互通人民币指数收益率,汇添富基金管理股份有限公司,交通银行股份有限公司,股票型ETF,规模指数ETF,746059.MSI,7739191159.2,302629601,241845406,0.804,0.79914656464818,-0.186219739
2023-01-04,560050.SH,汇添富MSCI中国A50互联互通ETF,20211108,MSCI中国A50互联互通人民币指数,MSCI中国A50互联互通人民币指数收益率,汇添富基金管理股份有限公司,交通银行股份有限公司,股票型ETF,规模指数ETF,746059.MSI,7688877982.24,292926225,234854371,0.801,0.80175262901094,-0.137140007
2023-01-05,560050.SH,汇添富MSCI中国A50互联互通ETF,20211108,MSCI中国A50互联互通人民币指数,MSCI中国A50互联互通人民币指数收益率,汇添富基金管理股份有限公司,交通银行股份有限公司,股票型ETF,规模指数ETF,746059.MSI,7861554076.8,549885243,449362804,0.822,0.8171937867407,0
2023-01-06,560050.SH,汇添富MSCI中国A50互联互通ETF,20211108,MSCI中国A50互联互通人民币指数,MSCI中国A50互联互通人民币指数收益率,汇添富基金管理股份有限公司,交通银行股份有限公司,股票型ETF,规模指数ETF,746059.MSI,7957609735.68,596324498,492722746,0.827,0.82626614813333,-0.02417795
2023-01-09,560050.SH,汇添富MSCI中国A50互联互通ETF,20211108,MSCI中国A50互联互通人民币指数,MSCI中国A50互联互通人民币指数收益率,汇添富基金管理股份有限公司,交通银行股份有限公司,股票型ETF,规模指数ETF,746059.MSI,8020245617.44,302163105,251999470,0.835,0.83398491023581,-0.011974614
2023-01-10,560050.SH,汇添富MSCI中国A50互联互通ETF,20211108,MSCI中国A50互联互通人民币指数,MSCI中国A50互联互通人民币指数收益率,汇添富基金管理股份有限公司,交通银行股份有限公司,股票型ETF,规模指数ETF,746059.MSI,8067246233.76,283436639,236848910,0.837,0.83563265086558,-0.107411386
2023-01-11,560050.SH,汇添富MSCI中国A50互联互通ETF,20211108,MSCI中国A50互联互通人民币指数,MSCI中国A50互联互通人民币指数收益率,汇添富基金管理股份有限公司,交通银行股份有限公司,股票型ETF,规模指数ETF,746059.MSI,8087610020.64,309590606,260362042,0.837,0.84098818553945,-0.131249254
2023-01-12,560050.SH,汇添富MSCI中国A50互联互通ETF,20211108,MSCI中国A50互联互通人民币指数,MSCI中国A50互联互通人民币指数收益率,汇添富基金管理股份有限公司,交通银行股份有限公司,股票型ETF,规模指数ETF,746059.MSI,8134850391.04,258595452,217410741,0.841,0.84073690901571,-0.071292776
2023-01-13,560050.SH,汇添富MSCI中国A50互联互通ETF,20211108,MSCI中国A50互联互通人民币指数,MSCI中国A50互联互通人民币指数收益率,汇添富基金管理股份有限公司,交通银行股份有限公司,股票型ETF,规模指数ETF,746059.MSI,8224049423.52,334876598,283739581,0.854,0.84729593735302,0.082034454
2023-01-16,560050.SH,汇添富MSCI中国A50互联互通ETF,20211108,MSCI中国A50互联互通人民币指数,MSCI中国A50互联互通人民币指数收益率,汇添富基金管理股份有限公司,交通银行股份有限公司,股票型ETF,规模指数ETF,746059.MSI,8571114416.64,749955767,650145223,0.865,0.86691142545744,-0.069316081
2023-01-17,560050.SH,汇添富MSCI中国A50互联互通ETF,20211108,MSCI中国A50互联互通人民币指数,MSCI中国A50互联互通人民币指数收益率,汇添富基金管理股份有限公司,交通银行股份有限公司,股票型ETF,规模指数ETF,746059.MSI,8702871928.16,368569325,318304387,0.864,0.86362148287842,0.011575414
2023-01-18,560050.SH,汇添富MSCI中国A50互联互通ETF,20211108,MSCI中国A50互联互通人民币指数,MSCI中国A50互联互通人民币指数收益率,汇添富基金管理股份有限公司,交通银行股份有限公司,股票型ETF,规模指数ETF,746059.MSI,8663043452.8,300891905,259764541,0.86,0.86331515299489,-0.232018561
2023-01-19,560050.SH,汇添富MSCI中国A50互联互通ETF,20211108,MSCI中国A50互联互通人民币指数,MSCI中国A50互联互通人民币指数收益率,汇添富基金管理股份有限公司,交通银行股份有限公司,股票型ETF,规模指数ETF,746059.MSI,8737021629.76,300311486,258527734,0.866,0.86086528838261,0.069332101
2023-01-20,560050.SH,汇添富MSCI中国A50互联互通ETF,20211108,MSCI中国A50互联互通人民币指数,MSCI中国A50互联互通人民币指数收益率,汇添富基金管理股份有限公司,交通银行股份有限公司,股票型ETF,规模指数ETF,746059.MSI,8815025236.16,347865871,302736247,0.87,0.87026716972761,-0.160661005
2023-01-30,560050.SH,汇添富MSCI中国A50互联互通ETF,20211108,MSCI中国A50互联互通人民币指数,MSCI中国A50互联互通人民币指数收益率,汇添富基金管理股份有限公司,交通银行股份有限公司,股票型ETF,规模指数ETF,746059.MSI,8997386337.6,468725685,415073453,0.88,0.88553596758838,0.113765643
2023-01-31,560050.SH,汇添富MSCI中国A50互联互通ETF,20211108,MSCI中国A50互联互通人民币指数,MSCI中国A50互联互通人民币指数收益率,汇添富基金管理股份有限公司,交通银行股份有限公司,股票型ETF,规模指数ETF,746059.MSI,8914367947.68,354683347,310313531,0.869,0.87490301877635,-0.080487524
2023-02-01,560050.SH,汇添富MSCI中国A50互联互通ETF,20211108,MSCI中国A50互联互通人民币指数,MSCI中国A50互联互通人民币指数收益率,汇添富基金管理股份有限公司,交通银行股份有限公司,股票型ETF,规模指数ETF,746059.MSI,8984954862.24,343767182,299417934,0.875,0.87099045423132,-0.239425379
2023-02-02,560050.SH,汇添富MSCI中国A50互联互通ETF,20211108,MSCI中国A50互联互通人民币指数,MSCI中国A50互联互通人民币指数收益率,汇添富基金管理股份有限公司,交通银行股份有限公司,股票型ETF,规模指数ETF,746059.MSI,8923482665.6,369992891,323136058,0.874,0.87335747756299,0
2023-02-03,560050.SH,汇添富MSCI中国A50互联互通ETF,20211108,MSCI中国A50互联互通人民币指数,MSCI中国A50互联互通人民币指数收益率,汇添富基金管理股份有限公司,交通银行股份有限公司,股票型ETF,规模指数ETF,746059.MSI,8800577233.12,363145918,312012889,0.861,0.85919426196056,-0.150759596
2023-02-06,560050.SH,汇添富MSCI中国A50互联互通ETF,20211108,MSCI中国A50互联互通人民币指数,MSCI中国A50互联互通人民币指数收益率,汇添富基金管理股份有限公司,交通银行股份有限公司,股票型ETF,规模指数ETF,746059.MSI,8409285144.96,539383431,455667959,0.846,0.84479413495369,-0.282885431
2023-02-07,560050.SH,汇添富MSCI中国A50互联互通ETF,20211108,MSCI中国A50互联互通人民币指数,MSCI中国A50互联互通人民币指数收益率,汇添富基金管理股份有限公司,交通银行股份有限公司,股票型ETF,规模指数ETF,746059.MSI,8295536590.88,390966506,331766135,0.848,0.84857943048451,0.035389878
2023-02-08,560050.SH,汇添富MSCI中国A50互联互通ETF,20211108,MSCI中国A50互联互通人民币指数,MSCI中国A50互联互通人民币指数收益率,汇添富基金管理股份有限公司,交通银行股份有限公司,股票型ETF,规模指数ETF,746059.MSI,8240048827.04,451695751,382057644,0.842,0.84582961684756,-0.248785689
2023-02-09,560050.SH,汇添富MSCI中国A50互联互通ETF,20211108,MSCI中国A50互联互通人民币指数,MSCI中国A50互联互通人民币指数收益率,汇添富基金管理股份有限公司,交通银行股份有限公司,股票型ETF,规模指数ETF,746059.MSI,8340592997.28,382500347,325286342,0.853,0.85042103765725,-0.081996017
2023-02-10,560050.SH,汇添富MSCI中国A50互联互通ETF,20211108,MSCI中国A50互联互通人民币指数,MSCI中国A50互联互通人民币指数收益率,汇添富基金管理股份有限公司,交通银行股份有限公司,股票型ETF,规模指数ETF,746059.MSI,8220449017.12,377229722,319604655,0.846,0.84724144562501,-0.153428538
2023-02-13,560050.SH,汇添富MSCI中国A50互联互通ETF,20211108,MSCI中国A50互联互通人民币指数,MSCI中国A50互联互通人民币指数收益率,汇添富基金管理股份有限公司,交通银行股份有限公司,股票型ETF,规模指数ETF,746059.MSI,8269053538.24,348849731,296803303,0.855,0.85080559514607,0.046805523
2023-02-14,560050.SH,汇添富MSCI中国A50互联互通ETF,20211108,MSCI中国A50互联互通人民币指数,MSCI中国A50互联互通人民币指数收益率,汇添富基金管理股份有限公司,交通银行股份有限公司,股票型ETF,规模指数ETF,746059.MSI,8268760905.44,301428556,256894017,0.855,0.85225507632396,-0.011694539
2023-02-15,560050.SH,汇添富MSCI中国A50互联互通ETF,20211108,MSCI中国A50互联互通人民币指数,MSCI中国A50互联互通人民币指数收益率,汇添富基金管理股份有限公司,交通银行股份有限公司,股票型ETF,规模指数ETF,746059.MSI,8207344899.04,341587697,290694637,0.848,0.85101026633287,-0.129548934
2023-02-16,560050.SH,汇添富MSCI中国A50互联互通ETF,20211108,MSCI中国A50互联互通人民币指数,MSCI中国A50互联互通人民币指数收益率,汇添富基金管理股份有限公司,交通银行股份有限公司,股票型ETF,规模指数ETF,746059.MSI,8160226207.36,341459322,291401362,0.845,0.85339993148584,0.071056371
2023-02-17,560050.SH,汇添富MSCI中国A50互联互通ETF,20211108,MSCI中国A50互联互通人民币指数,MSCI中国A50互联互通人民币指数收益率,汇添富基金管理股份有限公司,交通银行股份有限公司,股票型ETF,规模指数ETF,746059.MSI,7967883627.36,406915115,341869112,0.831,0.8401484717519,-0.10818608
2023-02-20,560050.SH,汇添富MSCI中国A50互联互通ETF,20211108,MSCI中国A50互联互通人民币指数,MSCI中国A50互联互通人民币指数收益率,汇添富基金管理股份有限公司,交通银行股份有限公司,股票型ETF,规模指数ETF,746059.MSI,8124348085.92,385848335,323275334,0.849,0.83783006087094,-0.035323207
2023-02-21,560050.SH,汇添富MSCI中国A50互联互通ETF,20211108,MSCI中国A50互联互通人民币指数,MSCI中国A50互联互通人民币指数收益率,汇添富基金管理股份有限公司,交通银行股份有限公司,股票型ETF,规模指数ETF,746059.MSI,8103017928.48,392898309,333329934,0.852,0.8483872960624,0.03522367
2023-02-22,560050.SH,汇添富MSCI中国A50互联互通ETF,20211108,MSCI中国A50互联互通人民币指数,MSCI中国A50互联互通人民币指数收益率,汇添富基金管理股份有限公司,交通银行股份有限公司,股票型ETF,规模指数ETF,746059.MSI,7940988863.2,375477340,316354292,0.84,0.84253897185913,-0.0594884
2023-02-23,560050.SH,汇添富MSCI中国A50互联互通ETF,20211108,MSCI中国A50互联互通人民币指数,MSCI中国A50互联互通人民币指数收益率,汇添富基金管理股份有限公司,交通银行股份有限公司,股票型ETF,规模指数ETF,746059.MSI,7867026745.12,428850440,360631538,0.842,0.84092612333568,-0.035616764
2023-02-24,560050.SH,汇添富MSCI中国A50互联互通ETF,20211108,MSCI中国A50互联互通人民币指数,MSCI中国A50互联互通人民币指数收益率,汇添富基金管理股份有限公司,交通银行股份有限公司,股票型ETF,规模指数ETF,746059.MSI,7725786738.88,353787785,294293989,0.831,0.8318376198319,0.096362322
2023-02-27,560050.SH,汇添富MSCI中国A50互联互通ETF,20211108,MSCI中国A50互联互通人民币指数,MSCI中国A50互联互通人民币指数收益率,汇添富基金管理股份有限公司,交通银行股份有限公司,股票型ETF,规模指数ETF,746059.MSI,7687118588.16,290763170,240736683,0.827,0.82794764894054,0.072604066
2023-02-28,560050.SH,汇添富MSCI中国A50互联互通ETF,20211108,MSCI中国A50互联互通人民币指数,MSCI中国A50互联互通人民币指数收益率,汇添富基金管理股份有限公司,交通银行股份有限公司,股票型ETF,规模指数ETF,746059.MSI,7751937165.12,333702779,275750352,0.831,0.82633519812552,0.14461316
2023-03-01,560050.SH,汇添富MSCI中国A50互联互通ETF,20211108,MSCI中国A50互联互通人民币指数,MSCI中国A50互联互通人民币指数收益率,汇添富基金管理股份有限公司,交通银行股份有限公司,股票型ETF,规模指数ETF,746059.MSI,7717260076.32,564305612,472575580,0.84,0.83744618155596,-0.035701535
2023-03-02,560050.SH,汇添富MSCI中国A50互联互通ETF,20211108,MSCI中国A50互联互通人民币指数,MSCI中国A50互联互通人民币指数收益率,汇添富基金管理股份有限公司,交通银行股份有限公司,股票型ETF,规模指数ETF,746059.MSI,7590952187.84,463721534,388719058,0.838,0.83825966555178,-0.071547818
2023-03-03,560050.SH,汇添富MSCI中国A50互联互通ETF,20211108,MSCI中国A50互联互通人民币指数,MSCI中国A50互联互通人民币指数收益率,汇添富基金管理股份有限公司,交通银行股份有限公司,股票型ETF,规模指数ETF,746059.MSI,7556101748.48,370947933,310700749,0.838,0.83758587488881,-0.142993327
2023-03-06,560050.SH,汇添富MSCI中国A50互联互通ETF,20211108,MSCI中国A50互联互通人民币指数,MSCI中国A50互联互通人民币指数收益率,汇添富基金管理股份有限公司,交通银行股份有限公司,股票型ETF,规模指数ETF,746059.MSI,7482968850.24,325181609,270310799,0.834,0.83126102927918,-0.071890726
2023-03-07,560050.SH,汇添富MSCI中国A50互联互通ETF,20211108,MSCI中国A50互联互通人民币指数,MSCI中国A50互联互通人民币指数收益率,汇添富基金管理股份有限公司,交通银行股份有限公司,股票型ETF,规模指数ETF,746059.MSI,7364242125.92,309657377,257615314,0.824,0.83193662781688,-0.036394517
2023-03-08,560050.SH,汇添富MSCI中国A50互联互通ETF,20211108,MSCI中国A50互联互通人民币指数,MSCI中国A50互联互通人民币指数收益率,汇添富基金管理股份有限公司,交通银行股份有限公司,股票型ETF,规模指数ETF,746059.MSI,7293077424.48,315623837,257414409,0.816,0.81557340993862,-0.085710787
2023-03-09,560050.SH,汇添富MSCI中国A50互联互通ETF,20211108,MSCI中国A50互联互通人民币指数,MSCI中国A50互联互通人民币指数收益率,汇添富基金管理股份有限公司,交通银行股份有限公司,股票型ETF,规模指数ETF,746059.MSI,7252636404.96,262486961,213248768,0.811,0.81241661371515,0.012331977
2023-03-10,560050.SH,汇添富MSCI中国A50互联互通ETF,20211108,MSCI中国A50互联互通人民币指数,MSCI中国A50互联互通人民币指数收益率,汇添富基金管理股份有限公司,交通银行股份有限公司,股票型ETF,规模指数ETF,746059.MSI,7144867336.32,366562023,294961174,0.801,0.80466921146384,-0.224215247
2023-03-13,560050.SH,汇添富MSCI中国A50互联互通ETF,20211108,MSCI中国A50互联互通人民币指数,MSCI中国A50互联互通人民币指数收益率,汇添富基金管理股份有限公司,交通银行股份有限公司,股票型ETF,规模指数ETF,746059.MSI,7194052490.24,309048876,249797051,0.81,0.80827684679882,0.049407115
2023-03-14,560050.SH,汇添富MSCI中国A50互联互通ETF,20211108,MSCI中国A50互联互通人民币指数,MSCI中国A50互联互通人民币指数收益率,汇添富基金管理股份有限公司,交通银行股份有限公司,股票型ETF,规模指数ETF,746059.MSI,7155201683.84,309376287,248293709,0.805,0.80256218538171,0.174216028
2023-03-15,560050.SH,汇添富MSCI中国A50互联互通ETF,20211108,MSCI中国A50互联互通人民币指数,MSCI中国A50互联互通人民币指数收益率,汇添富基金管理股份有限公司,交通银行股份有限公司,股票型ETF,规模指数ETF,746059.MSI,7151465323.2,318328528,256939604,0.803,0.8071523014739,0
2023-03-16,560050.SH,汇添富MSCI中国A50互联互通ETF,20211108,MSCI中国A50互联互通人民币指数,MSCI中国A50互联互通人民币指数收益率,汇添富基金管理股份有限公司,交通银行股份有限公司,股票型ETF,规模指数ETF,746059.MSI,7081036405.44,360117501,287183938,0.793,0.7974728726111,0.050466818
2023-03-17,560050.SH,汇添富MSCI中国A50互联互通ETF,20211108,MSCI中国A50互联互通人民币指数,MSCI中国A50互联互通人民币指数收益率,汇添富基金管理股份有限公司,交通银行股份有限公司,股票型ETF,规模指数ETF,746059.MSI,7095640484.16,393262971,313311767,0.793,0.79669785894996,0.202173364
2023-03-20,560050.SH,汇添富MSCI中国A50互联互通ETF,20211108,MSCI中国A50互联互通人民币指数,MSCI中国A50互联互通人民币指数收益率,汇添富基金管理股份有限公司,交通银行股份有限公司,股票型ETF,规模指数ETF,746059.MSI,7052447815.36,306848788,242805454,0.789,0.79128699051599,-0.050671396
2023-03-21,560050.SH,汇添富MSCI中国A50互联互通ETF,20211108,MSCI中国A50互联互通人民币指数,MSCI中国A50互联互通人民币指数收益率,汇添富基金管理股份有限公司,交通银行股份有限公司,股票型ETF,规模指数ETF,746059.MSI,7123492552.8,319855056,254406047,0.8,0.79537916386727,0.062539087
2023-03-22,560050.SH,汇添富MSCI中国A50互联互通ETF,20211108,MSCI中国A50互联互通人民币指数,MSCI中国A50互联互通人民币指数收益率,汇添富基金管理股份有限公司,交通银行股份有限公司,股票型ETF,规模指数ETF,746059.MSI,7163421129.76,219326833,176166092,0.802,0.80321267393671,-0.11209366
2023-03-23,560050.SH,汇添富MSCI中国A50互联互通ETF,20211108,MSCI中国A50互联互通人民币指数,MSCI中国A50互联互通人民币指数收益率,汇添富基金管理股份有限公司,交通银行股份有限公司,股票型ETF,规模指数ETF,746059.MSI,7213770995.2,291670021,234760924,0.809,0.80488533993008,0.123762376
2023-03-24,560050.SH,汇添富MSCI中国A50互联互通ETF,20211108,MSCI中国A50互联互通人民币指数,MSCI中国A50互联互通人民币指数收益率,汇添富基金管理股份有限公司,交通银行股份有限公司,股票型ETF,规模指数ETF,746059.MSI,7203799139.52,248501877,200347329,0.806,0.80622058641432,0.024820055
2023-03-27,560050.SH,汇添富MSCI中国A50互联互通ETF,20211108,MSCI中国A50互联互通人民币指数,MSCI中国A50互联互通人民币指数收益率,汇添富基金管理股份有限公司,交通银行股份有限公司,股票型ETF,规模指数ETF,746059.MSI,7176629503.52,258320070,206920559,0.802,0.80102393515146,-0.161832441
2023-03-28,560050.SH,汇添富MSCI中国A50互联互通ETF,20211108,MSCI中国A50互联互通人民币指数,MSCI中国A50互联互通人民币指数收益率,汇添富基金管理股份有限公司,交通银行股份有限公司,股票型ETF,规模指数ETF,746059.MSI,7158599388.8,215698336,173020309,0.801,0.80214021215259,-0.124688279
2023-03-29,560050.SH,汇添富MSCI中国A50互联互通ETF,20211108,MSCI中国A50互联互通人民币指数,MSCI中国A50互联互通人民币指数收益率,汇添富基金管理股份有限公司,交通银行股份有限公司,股票型ETF,规模指数ETF,746059.MSI,7165560290.4,170586029,137260739,0.803,0.80464232507575,-0.062227754
2023-03-30,560050.SH,汇添富MSCI中国A50互联互通ETF,20211108,MSCI中国A50互联互通人民币指数,MSCI中国A50互联互通人民币指数收益率,汇添富基金管理股份有限公司,交通银行股份有限公司,股票型ETF,规模指数ETF,746059.MSI,7214508667.2,259646130,209206156,0.813,0.80573569881438,0
2023-03-31,560050.SH,汇添富MSCI中国A50互联互通ETF,20211108,MSCI中国A50互联互通人民币指数,MSCI中国A50互联互通人民币指数收益率,汇添富基金管理股份有限公司,交通银行股份有限公司,股票型ETF,规模指数ETF,746059.MSI,7200173925.3045,216361810,176170097,0.813,0.81423841388644,0.086175058
2023-04-03,560050.SH,汇添富MSCI中国A50互联互通ETF,20211108,MSCI中国A50互联互通人民币指数,MSCI中国A50互联互通人民币指数收益率,汇添富基金管理股份有限公司,交通银行股份有限公司,股票型ETF,规模指数ETF,746059.MSI,7182899004.96,290394747,235064015,0.811,0.80946372972787,0.012331977
2023-04-04,560050.SH,汇添富MSCI中国A50互联互通ETF,20211108,MSCI中国A50互联互通人民币指数,MSCI中国A50互联互通人民币指数收益率,汇添富基金管理股份有限公司,交通银行股份有限公司,股票型ETF,规模指数ETF,746059.MSI,6917258477.12,617218781,497143261,0.809,0.80545711877811,-0.098789825
2023-04-06,560050.SH,汇添富MSCI中国A50互联互通ETF,20211108,MSCI中国A50互联互通人民币指数,MSCI中国A50互联互通人民币指数收益率,汇添富基金管理股份有限公司,交通银行股份有限公司,股票型ETF,规模指数ETF,746059.MSI,6885046375.52,246996614,198962308,0.807,0.80552645956515,-0.160831374
2023-04-07,560050.SH,汇添富MSCI中国A50互联互通ETF,20211108,MSCI中国A50互联互通人民币指数,MSCI中国A50互联互通人民币指数收益率,汇添富基金管理股份有限公司,交通银行股份有限公司,股票型ETF,规模指数ETF,746059.MSI,6913547493.44,182184065,147833536,0.811,0.81145151745297,-0.196898843
2023-04-10,560050.SH,汇添富MSCI中国A50互联互通ETF,20211108,MSCI中国A50互联互通人民币指数,MSCI中国A50互联互通人民币指数收益率,汇添富基金管理股份有限公司,交通银行股份有限公司,股票型ETF,规模指数ETF,746059.MSI,6881564988.48,301210756,244284056,0.812,0.81100708103531,-0.270203881
2023-04-11,560050.SH,汇添富MSCI中国A50互联互通ETF,20211108,MSCI中国A50互联互通人民币指数,MSCI中国A50互联互通人民币指数收益率,汇添富基金管理股份有限公司,交通银行股份有限公司,股票型ETF,规模指数ETF,746059.MSI,6834460752.48,207046859,168091502,0.81,0.8118524608963,-0.209436984
2023-04-12,560050.SH,汇添富MSCI中国A50互联互通ETF,20211108,MSCI中国A50互联互通人民币指数,MSCI中国A50互联互通人民币指数收益率,汇添富基金管理股份有限公司,交通银行股份有限公司,股票型ETF,规模指数ETF,746059.MSI,6801623008.32,177255959,143136647,0.806,0.80751387884229,-0.222827433
2023-04-13,560050.SH,汇添富MSCI中国A50互联互通ETF,20211108,MSCI中国A50互联互通人民币指数,MSCI中国A50互联互通人民币指数收益率,汇添富基金管理股份有限公司,交通银行股份有限公司,股票型ETF,规模指数ETF,746059.MSI,6792361080.48,237576672,191332446,0.806,0.80535030813126,-0.086773274
2023-04-14,560050.SH,汇添富MSCI中国A50互联互通ETF,20211108,MSCI中国A50互联互通人民币指数,MSCI中国A50互联互通人民币指数收益率,汇添富基金管理股份有限公司,交通银行股份有限公司,股票型ETF,规模指数ETF,746059.MSI,6819431644.32,226753990,183597611,0.81,0.80967753202491,-0.037023325
2023-04-17,560050.SH,汇添富MSCI中国A50互联互通ETF,20211108,MSCI中国A50互联互通人民币指数,MSCI中国A50互联互通人民币指数收益率,汇添富基金管理股份有限公司,交通银行股份有限公司,股票型ETF,规模指数ETF,746059.MSI,6901560037.44,254317281,207663291,0.823,0.81655202581377,0.048626307
2023-04-18,560050.SH,汇添富MSCI中国A50互联互通ETF,20211108,MSCI中国A50互联互通人民币指数,MSCI中国A50互联互通人民币指数收益率,汇添富基金管理股份有限公司,交通银行股份有限公司,股票型ETF,规模指数ETF,746059.MSI,6925917434.08,212454330,175199266,0.825,0.82464436474418,-0.084776553
2023-04-19,560050.SH,汇添富MSCI中国A50互联互通ETF,20211108,MSCI中国A50互联互通人民币指数,MSCI中国A50互联互通人民币指数收益率,汇添富基金管理股份有限公司,交通银行股份有限公司,股票型ETF,规模指数ETF,746059.MSI,6867201893.28,218224820,178796474,0.817,0.81932235755768,-0.207646268
2023-04-20,560050.SH,汇添富MSCI中国A50互联互通ETF,20211108,MSCI中国A50互联互通人民币指数,MSCI中国A50互联互通人民币指数收益率,汇添富基金管理股份有限公司,交通银行股份有限公司,股票型ETF,规模指数ETF,746059.MSI,6778228001.76,224900743,182149707,0.807,0.80991153950968,-0.111399926
2023-04-21,560050.SH,汇添富MSCI中国A50互联互通ETF,20211108,MSCI中国A50互联互通人民币指数,MSCI中国A50互联互通人民币指数收益率,汇添富基金管理股份有限公司,交通银行股份有限公司,股票型ETF,规模指数ETF,746059.MSI,6677803749.6,277500428,223022109,0.797,0.80368203612284,0.062774639
2023-04-24,560050.SH,汇添富MSCI中国A50互联互通ETF,20211108,MSCI中国A50互联互通人民币指数,MSCI中国A50互联互通人民币指数收益率,汇添富基金管理股份有限公司,交通银行股份有限公司,股票型ETF,规模指数ETF,746059.MSI,6591317536.8,251704444,198353656,0.783,0.7880419306383,-0.191204589
2023-04-25,560050.SH,汇添富MSCI中国A50互联互通ETF,20211108,MSCI中国A50互联互通人民币指数,MSCI中国A50互联互通人民币指数收益率,汇添富基金管理股份有限公司,交通银行股份有限公司,股票型ETF,规模指数ETF,746059.MSI,6566624982.72,286160730,223870781,0.784,0.78232530717964,0.025516713
2023-04-26,560050.SH,汇添富MSCI中国A50互联互通ETF,20211108,MSCI中国A50互联互通人民币指数,MSCI中国A50互联互通人民币指数收益率,汇添富基金管理股份有限公司,交通银行股份有限公司,股票型ETF,规模指数ETF,746059.MSI,6590585133.44,279496809,219227921,0.787,0.78436645407283,-0.076180802
2023-04-27,560050.SH,汇添富MSCI中国A50互联互通ETF,20211108,MSCI中国A50互联互通人民币指数,MSCI中国A50互联互通人民币指数收益率,汇添富基金管理股份有限公司,交通银行股份有限公司,股票型ETF,规模指数ETF,746059.MSI,6642050467.68,245495438,193707523,0.795,0.78904734270459,0.037750094
2023-04-28,560050.SH,汇添富MSCI中国A50互联互通ETF,20211108,MSCI中国A50互联互通人民币指数,MSCI中国A50互联互通人民币指数收益率,汇添富基金管理股份有限公司,交通银行股份有限公司,股票型ETF,规模指数ETF,746059.MSI,6667200057.76,206182171,164288428,0.797,0.79681199981156,-0.11279609
2023-05-04,560050.SH,汇添富MSCI中国A50互联互通ETF,20211108,MSCI中国A50互联互通人民币指数,MSCI中国A50互联互通人民币指数收益率,汇添富基金管理股份有限公司,交通银行股份有限公司,股票型ETF,规模指数ETF,746059.MSI,6642072529.92,244294982,194288740,0.797,0.79530385114501,0.025100402
2023-05-05,560050.SH,汇添富MSCI中国A50互联互通ETF,20211108,MSCI中国A50互联互通人民币指数,MSCI中国A50互联互通人民币指数收益率,汇添富基金管理股份有限公司,交通银行股份有限公司,股票型ETF,规模指数ETF,746059.MSI,6622977667.68,241272185,191325528,0.794,0.79298626155352,-0.088083554
2023-05-08,560050.SH,汇添富MSCI中国A50互联互通ETF,20211108,MSCI中国A50互联互通人民币指数,MSCI中国A50互联互通人民币指数收益率,汇添富基金管理股份有限公司,交通银行股份有限公司,股票型ETF,规模指数ETF,746059.MSI,6660353034.72,284196956,226694422,0.8,0.79766660836438,-0.162236366
2023-05-09,560050.SH,汇添富MSCI中国A50互联互通ETF,20211108,MSCI中国A50互联互通人民币指数,MSCI中国A50互联互通人民币指数收益率,汇添富基金管理股份有限公司,交通银行股份有限公司,股票型ETF,规模指数ETF,746059.MSI,6597388943.04,333538781,267618934,0.797,0.80236227163042,0.050213407
2023-05-10,560050.SH,汇添富MSCI中国A50互联互通ETF,20211108,MSCI中国A50互联互通人民币指数,MSCI中国A50互联互通人民币指数收益率,汇添富基金管理股份有限公司,交通银行股份有限公司,股票型ETF,规模指数ETF,746059.MSI,6561298366.08,318376994,252418558,0.792,0.79282913890443,-0.15128593
2023-05-11,560050.SH,汇添富MSCI中国A50互联互通ETF,20211108,MSCI中国A50互联互通人民币指数,MSCI中国A50互联互通人民币指数收益率,汇添富基金管理股份有限公司,交通银行股份有限公司,股票型ETF,规模指数ETF,746059.MSI,6558678012.0,222010802,176113969,0.792,0.79326756812491,-0.063091483
2023-05-12,560050.SH,汇添富MSCI中国A50互联互通ETF,20211108,MSCI中国A50互联互通人民币指数,MSCI中国A50互联互通人民币指数收益率,汇添富基金管理股份有限公司,交通银行股份有限公司,股票型ETF,规模指数ETF,746059.MSI,6438425579.52,258089247,202447384,0.779,0.78440844147219,-0.230532787
2023-05-15,560050.SH,汇添富MSCI中国A50互联互通ETF,20211108,MSCI中国A50互联互通人民币指数,MSCI中国A50互联互通人民币指数收益率,汇添富基金管理股份有限公司,交通银行股份有限公司,股票型ETF,规模指数ETF,746059.MSI,6522922831.68,240857028,188642300,0.791,0.7832127696934,-0.1514769
2023-05-16,560050.SH,汇添富MSCI中国A50互联互通ETF,20211108,MSCI中国A50互联互通人民币指数,MSCI中国A50互联互通人民币指数收益率,汇添富基金管理股份有限公司,交通银行股份有限公司,股票型ETF,规模指数ETF,746059.MSI,6504246330.08,202853646,160483000,0.79,0.79112701775151,-0.088529151
2023-05-17,560050.SH,汇添富MSCI中国A50互联互通ETF,20211108,MSCI中国A50互联互通人民币指数,MSCI中国A50互联互通人民币指数收益率,汇添富基金管理股份有限公司,交通银行股份有限公司,股票型ETF,规模指数ETF,746059.MSI,6443904923.68,195098254,153233889,0.784,0.78541906889643,-0.089206066
2023-05-18,560050.SH,汇添富MSCI中国A50互联互通ETF,20211108,MSCI中国A50互联互通人民币指数,MSCI中国A50互联互通人民币指数收益率,汇添富基金管理股份有限公司,交通银行股份有限公司,股票型ETF,规模指数ETF,746059.MSI,6400205172.96,212368738,166178447,0.78,0.78249957392505,-0.115251633
2023-05-19,560050.SH,汇添富MSCI中国A50互联互通ETF,20211108,MSCI中国A50互联互通人民币指数,MSCI中国A50互联互通人民币指数收益率,汇添富基金管理股份有限公司,交通银行股份有限公司,股票型ETF,规模指数ETF,746059.MSI,6385533077.92,226638299,176426734,0.78,0.77845066248048,0.089824201
2023-05-22,560050.SH,汇添富MSCI中国A50互联互通ETF,20211108,MSCI中国A50互联互通人民币指数,MSCI中国A50互联互通人民币指数收益率,汇添富基金管理股份有限公司,交通银行股份有限公司,股票型ETF,规模指数ETF,746059.MSI,6435972385.92,261392170,205049990,0.786,0.78445345168526,-0.101677682
2023-05-23,560050.SH,汇添富MSCI中国A50互联互通ETF,20211108,MSCI中国A50互联互通人民币指数,MSCI中国A50互联互通人民币指数收益率,汇添富基金管理股份有限公司,交通银行股份有限公司,股票型ETF,规模指数ETF,746059.MSI,6345259300.96,187179651,146182778,0.774,0.78097580169118,-0.244876917
2023-05-24,560050.SH,汇添富MSCI中国A50互联互通ETF,20211108,MSCI中国A50互联互通人民币指数,MSCI中国A50互联互通人民币指数收益率,汇添富基金管理股份有限公司,交通银行股份有限公司,股票型ETF,规模指数ETF,746059.MSI,6265721465.12,292722796,225884671,0.766,0.77166750962573,-0.169425257
2023-05-25,560050.SH,汇添富MSCI中国A50互联互通ETF,20211108,MSCI中国A50互联互通人民币指数,MSCI中国A50互联互通人民币指数收益率,汇添富基金管理股份有限公司,交通银行股份有限公司,股票型ETF,规模指数ETF,746059.MSI,6225923560.32,243770016,185770227,0.762,0.7620716856334,-0.10487677
2023-05-26,560050.SH,汇添富MSCI中国A50互联互通ETF,20211108,MSCI中国A50互联互通人民币指数,MSCI中国A50互联互通人民币指数收益率,汇添富基金管理股份有限公司,交通银行股份有限公司,股票型ETF,规模指数ETF,746059.MSI,6197318904.64,227971668,172813232,0.761,0.75804696924005,0.05259006
2023-05-29,560050.SH,汇添富MSCI中国A50互联互通ETF,20211108,MSCI中国A50互联互通人民币指数,MSCI中国A50互联互通人民币指数收益率,汇添富基金管理股份有限公司,交通银行股份有限公司,股票型ETF,规模指数ETF,746059.MSI,6143089504.8,235945345,178222159,0.755,0.75535357139595,0.066269052
2023-05-30,560050.SH,汇添富MSCI中国A50互联互通ETF,20211108,MSCI中国A50互联互通人民币指数,MSCI中国A50互联互通人民币指数收益率,汇添富基金管理股份有限公司,交通银行股份有限公司,股票型ETF,规模指数ETF,746059.MSI,6120572176.96,310276479,232552942,0.753,0.74950232370015,-0.053092647
2023-05-31,560050.SH,汇添富MSCI中国A50互联互通ETF,20211108,MSCI中国A50互联互通人民币指数,MSCI中国A50互联互通人民币指数收益率,汇添富基金管理股份有限公司,交通银行股份有限公司,股票型ETF,规模指数ETF,746059.MSI,6023248278.88,278524286,207101013,0.741,0.74356536722259,-0.228894574
2023-06-01,560050.SH,汇添富MSCI中国A50互联互通ETF,20211108,MSCI中国A50互联互通人民币指数,MSCI中国A50互联互通人民币指数收益率,汇添富基金管理股份有限公司,交通银行股份有限公司,股票型ETF,规模指数ETF,746059.MSI,6051270931.2,226868815,170079339,0.748,0.7496814359435,0
2023-06-02,560050.SH,汇添富MSCI中国A50互联互通ETF,20211108,MSCI中国A50互联互通人民币指数,MSCI中国A50互联互通人民币指数收益率,汇添富基金管理股份有限公司,交通银行股份有限公司,股票型ETF,规模指数ETF,746059.MSI,6155821858.72,272997941,206831786,0.761,0.75763130389324,-0.039406279
2023-06-05,560050.SH,汇添富MSCI中国A50互联互通ETF,20211108,MSCI中国A50互联互通人民币指数,MSCI中国A50互联互通人民币指数收益率,汇添富基金管理股份有限公司,交通银行股份有限公司,股票型ETF,规模指数ETF,746059.MSI,6102668665.44,193243843,145992506,0.756,0.75548335063902,0.119189511
2023-06-06,560050.SH,汇添富MSCI中国A50互联互通ETF,20211108,MSCI中国A50互联互通人民币指数,MSCI中国A50互联互通人民币指数收益率,汇添富基金管理股份有限公司,交通银行股份有限公司,股票型ETF,规模指数ETF,746059.MSI,6072878980.32,222644863,168223201,0.751,0.75556740332248,0.093296015
2023-06-07,560050.SH,汇添富MSCI中国A50互联互通ETF,20211108,MSCI中国A50互联互通人民币指数,MSCI中国A50互联互通人民币指数收益率,汇添富基金管理股份有限公司,交通银行股份有限公司,股票型ETF,规模指数ETF,746059.MSI,6029981128.0,185858719,139151347,0.746,0.74869421111204,0.134228188
2023-06-08,560050.SH,汇添富MSCI中国A50互联互通ETF,20211108,MSCI中国A50互联互通人民币指数,MSCI中国A50互联互通人民币指数收益率,汇添富基金管理股份有限公司,交通银行股份有限公司,股票型ETF,规模指数ETF,746059.MSI,6085019881.92,198873397,148781470,0.752,0.74812152979918,0.02660282
2023-06-09,560050.SH,汇添富MSCI中国A50互联互通ETF,20211108,MSCI中国A50互联互通人民币指数,MSCI中国A50互联互通人民币指数收益率,汇添富基金管理股份有限公司,交通银行股份有限公司,股票型ETF,规模指数ETF,746059.MSI,6143381894.88,243144731,183313825,0.757,0.7539288400208,-0.092384849
2023-06-12,560050.SH,汇添富MSCI中国A50互联互通ETF,20211108,MSCI中国A50互联互通人民币指数,MSCI中国A50互联互通人民币指数收益率,汇添富基金管理股份有限公司,交通银行股份有限公司,股票型ETF,规模指数ETF,746059.MSI,6123369435.84,243440735,184071263,0.758,0.75612350989657,-0.079093066
2023-06-13,560050.SH,汇添富MSCI中国A50互联互通ETF,20211108,MSCI中国A50互联互通人民币指数,MSCI中国A50互联互通人民币指数收益率,汇添富基金管理股份有限公司,交通银行股份有限公司,股票型ETF,规模指数ETF,746059.MSI,6143015639.04,225838197,171475190,0.762,0.75928338198697,0.052521008
2023-06-14,560050.SH,汇添富MSCI中国A50互联互通ETF,20211108,MSCI中国A50互联互通人民币指数,MSCI中国A50互联互通人民币指数收益率,汇添富基金管理股份有限公司,交通银行股份有限公司,股票型ETF,规模指数ETF,746059.MSI,6153413566.88,144125066,110425497,0.764,0.76617829267811,0.170447096
2023-06-15,560050.SH,汇添富MSCI中国A50互联互通ETF,20211108,MSCI中国A50互联互通人民币指数,MSCI中国A50互联互通人民币指数收益率,汇添富基金管理股份有限公司,交通银行股份有限公司,股票型ETF,规模指数ETF,746059.MSI,6329756963.2,263301805,203592543,0.778,0.77322881626277,0
2023-06-16,560050.SH,汇添富MSCI中国A50互联互通ETF,20211108,MSCI中国A50互联互通人民币指数,MSCI中国A50互联互通人民币指数收益率,汇添富基金管理股份有限公司,交通银行股份有限公司,股票型ETF,规模指数ETF,746059.MSI,6439745418.72,255752246,200291869,0.785,0.78314803538421,-0.165331298
2023-06-19,560050.SH,汇添富MSCI中国A50互联互通ETF,20211108,MSCI中国A50互联互通人民币指数,MSCI中国A50互联互通人民币指数收益率,汇添富基金管理股份有限公司,交通银行股份有限公司,股票型ETF,规模指数ETF,746059.MSI,6372338996.0,179824074,139829538,0.777,0.7775907579538,-0.064308682
2023-06-20,560050.SH,汇添富MSCI中国A50互联互通ETF,20211108,MSCI中国A50互联互通人民币指数,MSCI中国A50互联互通人民币指数收益率,汇添富基金管理股份有限公司,交通银行股份有限公司,股票型ETF,规模指数ETF,746059.MSI,6356208087.84,220134138,170975361,0.774,0.77668717152812,-0.270583688
2023-06-21,560050.SH,汇添富MSCI中国A50互联互通ETF,20211108,MSCI中国A50互联互通人民币指数,MSCI中国A50互联互通人民币指数收益率,汇添富基金管理股份有限公司,交通银行股份有限公司,股票型ETF,规模指数ETF,746059.MSI,6275232924.16,222387976,171831594,0.766,0.77266584772551,-0.052192067
2023-06-26,560050.SH,汇添富MSCI中国A50互联互通ETF,20211108,MSCI中国A50互联互通人民币指数,MSCI中国A50互联互通人民币指数收益率,汇添富基金管理股份有限公司,交通银行股份有限公司,股票型ETF,规模指数ETF,746059.MSI,6174390301.44,254242487,192579488,0.758,0.7574638301898,0.05279831
2023-06-27,560050.SH,汇添富MSCI中国A50互联互通ETF,20211108,MSCI中国A50互联互通人民币指数,MSCI中国A50互联互通人民币指数收益率,汇添富基金管理股份有限公司,交通银行股份有限公司,股票型ETF,规模指数ETF,746059.MSI,6195365661.92,203229716,154338631,0.764,0.75942944780772,-0.039251603
2023-06-28,560050.SH,汇添富MSCI中国A50互联互通ETF,20211108,MSCI中国A50互联互通人民币指数,MSCI中国A50互联互通人民币指数收益率,汇添富基金管理股份有限公司,交通银行股份有限公司,股票型ETF,规模指数ETF,746059.MSI,6157232848.8,215730082,164453672,0.765,0.76231219343809,0.065402224
2023-06-29,560050.SH,汇添富MSCI中国A50互联互通ETF,20211108,MSCI中国A50互联互通人民币指数,MSCI中国A50互联互通人民币指数收益率,汇添富基金管理股份有限公司,交通银行股份有限公司,股票型ETF,规模指数ETF,746059.MSI,6070555308.0,277219736,210341988,0.758,0.75875545888262,0.066006601
2023-06-30,560050.SH,汇添富MSCI中国A50互联互通ETF,20211108,MSCI中国A50互联互通人民币指数,MSCI中国A50互联互通人民币指数收益率,汇添富基金管理股份有限公司,交通银行股份有限公司,股票型ETF,规模指数ETF,746059.MSI,6096673830.7885,176411296,134248781,0.762,0.76099877980603,0.013125082
2023-07-03,560050.SH,汇添富MSCI中国A50互联互通ETF,20211108,MSCI中国A50互联互通人民币指数,MSCI中国A50互联互通人民币指数收益率,汇添富基金管理股份有限公司,交通银行股份有限公司,股票型ETF,规模指数ETF,746059.MSI,6194244832.16,244321758,188481170,0.774,0.77144652012532,0.012921566
2023-07-04,560050.SH,汇添富MSCI中国A50互联互通ETF,20211108,MSCI中国A50互联互通人民币指数,MSCI中国A50互联互通人民币指数收益率,汇添富基金管理股份有限公司,交通银行股份有限公司,股票型ETF,规模指数ETF,746059.MSI,6199689225.6,158448161,122305976,0.774,0.77189899351372,0
2023-07-05,560050.SH,汇添富MSCI中国A50互联互通ETF,20211108,MSCI中国A50互联互通人民币指数,MSCI中国A50互联互通人民币指数收益率,汇添富基金管理股份有限公司,交通银行股份有限公司,股票型ETF,规模指数ETF,746059.MSI,6146890445.44,198262103,152284903,0.768,0.76809889886016,0.052110474
2023-07-06,560050.SH,汇添富MSCI中国A50互联互通ETF,20211108,MSCI中国A50互联互通人民币指数,MSCI中国A50互联互通人民币指数收益率,汇添富基金管理股份有限公司,交通银行股份有限公司,股票型ETF,规模指数ETF,746059.MSI,6100366039.04,181016913,138219368,0.761,0.7635715674811,-0.078781513
2023-07-07,560050.SH,汇添富MSCI中国A50互联互通ETF,20211108,MSCI中国A50互联互通人民币指数,MSCI中国A50互联互通人民币指数收益率,汇添富基金管理股份有限公司,交通银行股份有限公司,股票型ETF,规模指数ETF,746059.MSI,6066897088.32,189709091,143831744,0.758,0.75817001305436,0.026392188
2023-07-10,560050.SH,汇添富MSCI中国A50互联互通ETF,20211108,MSCI中国A50互联互通人民币指数,MSCI中国A50互联互通人民币指数收益率,汇添富基金管理股份有限公司,交通银行股份有限公司,股票型ETF,规模指数ETF,746059.MSI,6141519389.76,161403015,123592039,0.765,0.76573562767709,-0.052260256
2023-07-11,560050.SH,汇添富MSCI中国A50互联互通ETF,20211108,MSCI中国A50互联互通人民币指数,MSCI中国A50互联互通人民币指数收益率,汇添富基金管理股份有限公司,交通银行股份有限公司,股票型ETF,规模指数ETF,746059.MSI,6186062301.12,171618808,131770707,0.77,0.76781040805271,0.025980774
2023-07-12,560050.SH,汇添富MSCI中国A50互联互通ETF,20211108,MSCI中国A50互联互通人民币指数,MSCI中国A50互联互通人民币指数收益率,汇添富基金管理股份有限公司,交通银行股份有限公司,股票型ETF,规模指数ETF,746059.MSI,6194769455.2,187468192,144682224,0.771,0.77176945302806,0.064892927
2023-07-13,560050.SH,汇添富MSCI中国A50互联互通ETF,20211108,MSCI中国A50互联互通人民币指数,MSCI中国A50互联互通人民币指数收益率,汇添富基金管理股份有限公司,交通银行股份有限公司,股票型ETF,规模指数ETF,746059.MSI,6310505923.68,168296005,131545368,0.784,0.78163096028334,-0.089206066
2023-07-14,560050.SH,汇添富MSCI中国A50互联互通ETF,20211108,MSCI中国A50互联互通人民币指数,MSCI中国A50互联互通人民币指数收益率,汇添富基金管理股份有限公司,交通银行股份有限公司,股票型ETF,规模指数ETF,746059.MSI,6301659795.84,116204915,91134040,0.784,0.78425288637748,0.051046452
2023-07-17,560050.SH,汇添富MSCI中国A50互联互通ETF,20211108,MSCI中国A50互联互通人民币指数,MSCI中国A50互联互通人民币指数收益率,汇添富基金管理股份有限公司,交通银行股份有限公司,股票型ETF,规模指数ETF,746059.MSI,6254963389.44,130193180,101046961,0.777,0.77613098474129,-0.077160494
2023-07-18,560050.SH,汇添富MSCI中国A50互联互通ETF,20211108,MSCI中国A50互联互通人民币指数,MSCI中国A50互联互通人民币指数收益率,汇添富基金管理股份有限公司,交通银行股份有限公司,股票型ETF,规模指数ETF,746059.MSI,6242897487.84,133510501,103480185,0.775,0.77507150542413,-0.141734313
2023-07-19,560050.SH,汇添富MSCI中国A50互联互通ETF,20211108,MSCI中国A50互联互通人民币指数,MSCI中国A50互联互通人民币指数收益率,汇添富基金管理股份有限公司,交通银行股份有限公司,股票型ETF,规模指数ETF,746059.MSI,6244275127.2,160006913,123950826,0.776,0.77465919238127,0.064474533
2023-07-20,560050.SH,汇添富MSCI中国A50互联互通ETF,20211108,MSCI中国A50互联互通人民币指数,MSCI中国A50互联互通人民币指数收益率,汇添富基金管理股份有限公司,交通银行股份有限公司,股票型ETF,规模指数ETF,746059.MSI,6230459664.96,185257972,144253552,0.773,0.77866312819186,-0.051719679
2023-07-21,560050.SH,汇添富MSCI中国A50互联互通ETF,20211108,MSCI中国A50互联互通人民币指数,MSCI中国A50互联互通人民币指数收益率,汇添富基金管理股份有限公司,交通银行股份有限公司,股票型ETF,规模指数ETF,746059.MSI,6225755678.08,184262985,142655187,0.774,0.774193400807,0.103466115
2023-07-24,560050.SH,汇添富MSCI中国A50互联互通ETF,20211108,MSCI中国A50互联互通人民币指数,MSCI中国A50互联互通人民币指数收益率,汇添富基金管理股份有限公司,交通银行股份有限公司,股票型ETF,规模指数ETF,746059.MSI,6225272032.32,227148837,174643008,0.769,0.7688483476585,0.156290701
2023-07-25,560050.SH,汇添富MSCI中国A50互联互通ETF,20211108,MSCI中国A50互联互通人民币指数,MSCI中国A50互联互通人民币指数收益率,汇添富基金管理股份有限公司,交通银行股份有限公司,股票型ETF,规模指数ETF,746059.MSI,6510949851.36,258427627,203634565,0.792,0.78797521520406,0.012627857
2023-07-26,560050.SH,汇添富MSCI中国A50互联互通ETF,20211108,MSCI中国A50互联互通人民币指数,MSCI中国A50互联互通人民币指数收益率,汇添富基金管理股份有限公司,交通银行股份有限公司,股票型ETF,规模指数ETF,746059.MSI,6525898471.04,209205402,165207594,0.791,0.78969086085072,-0.075795856
2023-07-27,560050.SH,汇添富MSCI中国A50互联互通ETF,20211108,MSCI中国A50互联互通人民币指数,MSCI中国A50互联互通人民币指数收益率,汇添富基金管理股份有限公司,交通银行股份有限公司,股票型ETF,规模指数ETF,746059.MSI,6554696356.32,281541195,223256523,0.79,0.79297995094466,-0.037960268
2023-07-28,560050.SH,汇添富MSCI中国A50互联互通ETF,20211108,MSCI中国A50互联互通人民币指数,MSCI中国A50互联互通人民币指数收益率,汇添富基金管理股份有限公司,交通银行股份有限公司,股票型ETF,规模指数ETF,746059.MSI,6718347028.0,267508361,213867315,0.807,0.79947899273324,-0.061919505
2023-07-31,560050.SH,汇添富MSCI中国A50互联互通ETF,20211108,MSCI中国A50互联互通人民币指数,MSCI中国A50互联互通人民币指数收益率,汇添富基金管理股份有限公司,交通银行股份有限公司,股票型ETF,规模指数ETF,746059.MSI,6755746345.92,289632591,235980681,0.813,0.81475872651362,0.14781966
2023-08-01,560050.SH,汇添富MSCI中国A50互联互通ETF,20211108,MSCI中国A50互联互通人民币指数,MSCI中国A50互联互通人民币指数收益率,汇添富基金管理股份有限公司,交通银行股份有限公司,股票型ETF,规模指数ETF,746059.MSI,6709751742.72,233206984,188955751,0.808,0.8102491090061,-0.098911968
2023-08-02,560050.SH,汇添富MSCI中国A50互联互通ETF,20211108,MSCI中国A50互联互通人民币指数,MSCI中国A50互联互通人民币指数收益率,汇添富基金管理股份有限公司,交通银行股份有限公司,股票型ETF,规模指数ETF,746059.MSI,6653339388.8,228618892,183765221,0.802,0.80380592956421,0
2023-08-03,560050.SH,汇添富MSCI中国A50互联互通ETF,20211108,MSCI中国A50互联互通人民币指数,MSCI中国A50互联互通人民币指数收益率,汇添富基金管理股份有限公司,交通银行股份有限公司,股票型ETF,规模指数ETF,746059.MSI,6705882283.68,275945127,222313068,0.81,0.80564230438467,0.03705076
2023-08-04,560050.SH,汇添富MSCI中国A50互联互通ETF,20211108,MSCI中国A50互联互通人民币指数,MSCI中国A50互联互通人民币指数收益率,汇添富基金管理股份有限公司,交通银行股份有限公司,股票型ETF,规模指数ETF,746059.MSI,6776239286.88,291491475,237877271,0.812,0.81606939276698,-0.086132644
2023-08-07,560050.SH,汇添富MSCI中国A50互联互通ETF,20211108,MSCI中国A50互联互通人民币指数,MSCI中国A50互联互通人民币指数收益率,汇添富基金管理股份有限公司,交通银行股份有限公司,股票型ETF,规模指数ETF,746059.MSI,6742680401.76,214719493,173295134,0.808,0.80707685910939,0.01237777
2023-08-08,560050.SH,汇添富MSCI中国A50互联互通ETF,20211108,MSCI中国A50互联互通人民币指数,MSCI中国A50互联互通人民币指数收益率,汇添富基金管理股份有限公司,交通银行股份有限公司,股票型ETF,规模指数ETF,746059.MSI,6749251975.52,179232442,144974180,0.807,0.80886126631026,-0.160831374
2023-08-09,560050.SH,汇添富MSCI中国A50互联互通ETF,20211108,MSCI中国A50互联互通人民币指数,MSCI中国A50互联互通人民币指数收益率,汇添富基金管理股份有限公司,交通银行股份有限公司,股票型ETF,规模指数ETF,746059.MSI,6718247454.24,183241873,147751610,0.807,0.80632012531328,-0.012390038
2023-08-10,560050.SH,汇添富MSCI中国A50互联互通ETF,20211108,MSCI中国A50互联互通人民币指数,MSCI中国A50互联互通人民币指数收益率,汇添富基金管理股份有限公司,交通银行股份有限公司,股票型ETF,规模指数ETF,746059.MSI,6700349093.6,183038563,147156478,0.805,0.80396434274891,-0.185988841
2023-08-11,560050.SH,汇添富MSCI中国A50互联互通ETF,20211108,MSCI中国A50互联互通人民币指数,MSCI中国A50互联互通人民币指数收益率,汇添富基金管理股份有限公司,交通银行股份有限公司,股票型ETF,规模指数ETF,746059.MSI,6557369235.04,173305744,138202169,0.789,0.79744713481626,-0.012672665
2023-08-14,560050.SH,汇添富MSCI中国A50互联互通ETF,20211108,MSCI中国A50互联互通人民币指数,MSCI中国A50互联互通人民币指数收益率,汇添富基金管理股份有限公司,交通银行股份有限公司,股票型ETF,规模指数ETF,746059.MSI,6495788832.0,188045050,146294802,0.779,0.77797741551825,-0.128205128
2023-08-15,560050.SH,汇添富MSCI中国A50互联互通ETF,20211108,MSCI中国A50互联互通人民币指数,MSCI中国A50互联互通人民币指数收益率,汇添富基金管理股份有限公司,交通银行股份有限公司,股票型ETF,规模指数ETF,746059.MSI,6490468110.72,203823488,158446240,0.779,0.77736987799954,0.025680534
2023-08-16,560050.SH,汇添富MSCI中国A50互联互通ETF,20211108,MSCI中国A50互联互通人民币指数,MSCI中国A50互联互通人民币指数收益率,汇添富基金管理股份有限公司,交通银行股份有限公司,股票型ETF,规模指数ETF,746059.MSI,6437965238.72,147215267,114094433,0.773,0.77501766851396,-0.103385888
2023-08-17,560050.SH,汇添富MSCI中国A50互联互通ETF,20211108,MSCI中国A50互联互通人民币指数,MSCI中国A50互联互通人民币指数收益率,汇添富基金管理股份有限公司,交通银行股份有限公司,股票型ETF,规模指数ETF,746059.MSI,6471185874.72,181548097,140109265,0.777,0.77174736235324,0.090171326
2023-08-18,560050.SH,汇添富MSCI中国A50互联互通ETF,20211108,MSCI中国A50互联互通人民币指数,MSCI中国A50互联互通人民币指数收益率,汇添富基金管理股份有限公司,交通银行股份有限公司,股票型ETF,规模指数ETF,746059.MSI,6373719684.8,188341806,145617282,0.767,0.77315432559885,0
2023-08-21,560050.SH,汇添富MSCI中国A50互联互通ETF,20211108,MSCI中国A50互联互通人民币指数,MSCI中国A50互联互通人民币指数收益率,汇添富基金管理股份有限公司,交通银行股份有限公司,股票型ETF,规模指数ETF,746059.MSI,6282459993.28,162186330,123548515,0.756,0.76176897892689,-0.02644803
2023-08-22,560050.SH,汇添富MSCI中国A50互联互通ETF,20211108,MSCI中国A50互联互通人民币指数,MSCI中国A50互联互通人民币指数收益率,汇添富基金管理股份有限公司,交通银行股份有限公司,股票型ETF,规模指数ETF,746059.MSI,6341173225.92,235918761,178831123,0.763,0.75801993127626,0.157521659
2023-08-23,560050.SH,汇添富MSCI中国A50互联互通ETF,20211108,MSCI中国A50互联互通人民币指数,MSCI中国A50互联互通人民币指数收益率,汇添富基金管理股份有限公司,交通银行股份有限公司,股票型ETF,规模指数ETF,746059.MSI,6232933160.64,183008079,138579803,0.752,0.75723325307404,0.186517453
2023-08-24,560050.SH,汇添富MSCI中国A50互联互通ETF,20211108,MSCI中国A50互联互通人民币指数,MSCI中国A50互联互通人民币指数收益率,汇添富基金管理股份有限公司,交通银行股份有限公司,股票型ETF,规模指数ETF,746059.MSI,6301998403.04,175321992,132958328,0.759,0.75836651456709,-0.013173495
2023-08-25,560050.SH,汇添富MSCI中国A50互联互通ETF,20211108,MSCI中国A50互联互通人民币指数,MSCI中国A50互联互通人民币指数收益率,汇添富基金管理股份有限公司,交通银行股份有限公司,股票型ETF,规模指数ETF,746059.MSI,6291205888.32,180364085,136636870,0.758,0.75756140697301,0.026392188
2023-08-28,560050.SH,汇添富MSCI中国A50互联互通ETF,20211108,MSCI中国A50互联互通人民币指数,MSCI中国A50互联互通人民币指数收益率,汇添富基金管理股份有限公司,交通银行股份有限公司,股票型ETF,规模指数ETF,746059.MSI,6453089652.0,333424773,259724109,0.767,0.77895864384378,-0.06514658
2023-08-29,560050.SH,汇添富MSCI中国A50互联互通ETF,20211108,MSCI中国A50互联互通人民币指数,MSCI中国A50互联互通人民币指数收益率,汇添富基金管理股份有限公司,交通银行股份有限公司,股票型ETF,规模指数ETF,746059.MSI,6517871219.04,184716600,142820468,0.773,0.77318696857781,-0.142100504
2023-08-30,560050.SH,汇添富MSCI中国A50互联互通ETF,20211108,MSCI中国A50互联互通人民币指数,MSCI中国A50互联互通人民币指数收益率,汇添富基金管理股份有限公司,交通银行股份有限公司,股票型ETF,规模指数ETF,746059.MSI,6511945192.8,210506267,163391350,0.774,0.7761828297492,-0.064557779
2023-08-31,560050.SH,汇添富MSCI中国A50互联互通ETF,20211108,MSCI中国A50互联互通人民币指数,MSCI中国A50互联互通人民币指数收益率,汇添富基金管理股份有限公司,交通银行股份有限公司,股票型ETF,规模指数ETF,746059.MSI,6440048028.96,297643459,229835369,0.773,0.77218350361934,0.272408873
2023-09-01,560050.SH,汇添富MSCI中国A50互联互通ETF,20211108,MSCI中国A50互联互通人民币指数,MSCI中国A50互联互通人民币指数收益率,汇添富基金管理股份有限公司,交通银行股份有限公司,股票型ETF,规模指数ETF,746059.MSI,6394379468.16,256704736,199256532,0.776,0.77620902171435,-0.051519835
2023-09-04,560050.SH,汇添富MSCI中国A50互联互通ETF,20211108,MSCI中国A50互联互通人民币指数,MSCI中国A50互联互通人民币指数收益率,汇添富基金管理股份有限公司,交通银行股份有限公司,股票型ETF,规模指数ETF,746059.MSI,6453668307.2,222156658,174400992,0.787,0.78503608026008,-0.126903553
2023-09-05,560050.SH,汇添富MSCI中国A50互联互通ETF,20211108,MSCI中国A50互联互通人民币指数,MSCI中国A50互联互通人民币指数收益率,汇添富基金管理股份有限公司,交通银行股份有限公司,股票型ETF,规模指数ETF,746059.MSI,6383986740.16,181857296,142175366,0.782,0.78179632671983,0.076785257
2023-09-06,560050.SH,汇添富MSCI中国A50互联互通ETF,20211108,MSCI中国A50互联互通人民币指数,MSCI中国A50互联互通人民币指数收益率,汇添富基金管理股份有限公司,交通银行股份有限公司,股票型ETF,规模指数ETF,746059.MSI,6365042717.28,125778352,97785502,0.779,0.77744302135554,0.038525748
2023-09-07,560050.SH,汇添富MSCI中国A50互联互通ETF,20211108,MSCI中国A50互联互通人民币指数,MSCI中国A50互联互通人民币指数收益率,汇添富基金管理股份有限公司,交通银行股份有限公司,股票型ETF,规模指数ETF,746059.MSI,6278714471.68,147563861,113744285,0.767,0.77081396643586,-0.026068822
2023-09-08,560050.SH,汇添富MSCI中国A50互联互通ETF,20211108,MSCI中国A50互联互通人民币指数,MSCI中国A50互联互通人民币指数收益率,汇添富基金管理股份有限公司,交通银行股份有限公司,股票型ETF,规模指数ETF,746059.MSI,6244716078.4,119420124,90854435,0.761,0.76079668950938,0
2023-09-11,560050.SH,汇添富MSCI中国A50互联互通ETF,20211108,MSCI中国A50互联互通人民币指数,MSCI中国A50互联互通人民币指数收益率,汇添富基金管理股份有限公司,交通银行股份有限公司,股票型ETF,规模指数ETF,746059.MSI,6310487324.16,257132502,196633531,0.768,0.76471674903237,0.208768267
2023-09-12,560050.SH,汇添富MSCI中国A50互联互通ETF,20211108,MSCI中国A50互联互通人民币指数,MSCI中国A50互联互通人民币指数收益率,汇添富基金管理股份有限公司,交通银行股份有限公司,股票型ETF,规模指数ETF,746059.MSI,6280735688.16,173297749,132430873,0.765,0.7641811492889,0.143997905
2023-09-13,560050.SH,汇添富MSCI中国A50互联互通ETF,20211108,MSCI中国A50互联互通人民币指数,MSCI中国A50互联互通人民币指数收益率,汇添富基金管理股份有限公司,交通银行股份有限公司,股票型ETF,规模指数ETF,746059.MSI,6259878163.68,188618998,143665744,0.76,0.76167165303253,0.039489272
2023-09-14,560050.SH,汇添富MSCI中国A50互联互通ETF,20211108,MSCI中国A50互联互通人民币指数,MSCI中国A50互联互通人民币指数收益率,汇添富基金管理股份有限公司,交通银行股份有限公司,股票型ETF,规模指数ETF,746059.MSI,6263218209.6,149775358,113640678,0.759,0.75874082036913,0
2023-09-15,560050.SH,汇添富MSCI中国A50互联互通ETF,20211108,MSCI中国A50互联互通人民币指数,MSCI中国A50互联互通人民币指数收益率,汇添富基金管理股份有限公司,交通银行股份有限公司,股票型ETF,规模指数ETF,746059.MSI,6228381570.4,202832462,153548326,0.754,0.75702047140758,0.066357001
2023-09-18,560050.SH,汇添富MSCI中国A50互联互通ETF,20211108,MSCI中国A50互联互通人民币指数,MSCI中国A50互联互通人民币指数收益率,汇添富基金管理股份有限公司,交通银行股份有限公司,股票型ETF,规模指数ETF,746059.MSI,6273420176.8,161431467,122387107,0.759,0.75813662152993,-0.065832785
2023-09-19,560050.SH,汇添富MSCI中国A50互联互通ETF,20211108,MSCI中国A50互联互通人民币指数,MSCI中国A50互联互通人民币指数收益率,汇添富基金管理股份有限公司,交通银行股份有限公司,股票型ETF,规模指数ETF,746059.MSI,6274535416.16,145930740,110520250,0.759,0.75734728680194,0.013176967
2023-09-20,560050.SH,汇添富MSCI中国A50互联互通ETF,20211108,MSCI中国A50互联互通人民币指数,MSCI中国A50互联互通人民币指数收益率,汇添富基金管理股份有限公司,交通银行股份有限公司,股票型ETF,规模指数ETF,746059.MSI,6247251232.64,151411533,114507232,0.755,0.75626492732228,-0.079407094
2023-09-21,560050.SH,汇添富MSCI中国A50互联互通ETF,20211108,MSCI中国A50互联互通人民币指数,MSCI中国A50互联互通人民币指数收益率,汇添富基金管理股份有限公司,交通银行股份有限公司,股票型ETF,规模指数ETF,746059.MSI,6158063809.92,170233474,127691929,0.747,0.75009882603935,0.026780932
2023-09-22,560050.SH,汇添富MSCI中国A50互联互通ETF,20211108,MSCI中国A50互联互通人民币指数,MSCI中国A50互联互通人民币指数收益率,汇添富基金管理股份有限公司,交通银行股份有限公司,股票型ETF,规模指数ETF,746059.MSI,6281205120.96,207953323,156859667,0.764,0.75430228638376,0.078595756
2023-09-25,560050.SH,汇添富MSCI中国A50互联互通ETF,20211108,MSCI中国A50互联互通人民币指数,MSCI中国A50互联互通人民币指数收益率,汇添富基金管理股份有限公司,交通银行股份有限公司,股票型ETF,规模指数ETF,746059.MSI,6241882894.88,122723036,93158937,0.757,0.75909902522294,-0.092384849
2023-09-26,560050.SH,汇添富MSCI中国A50互联互通ETF,20211108,MSCI中国A50互联互通人民币指数,MSCI中国A50互联互通人民币指数收益率,汇添富基金管理股份有限公司,交通银行股份有限公司,股票型ETF,规模指数ETF,746059.MSI,6186322629.44,155628911,117373481,0.752,0.75418815338238,-0.079723625
2023-09-27,560050.SH,汇添富MSCI中国A50互联互通ETF,20211108,MSCI中国A50互联互通人民币指数,MSCI中国A50互联互通人民币指数收益率,汇添富基金管理股份有限公司,交通银行股份有限公司,股票型ETF,规模指数ETF,746059.MSI,6176876796.64,163136231,123059694,0.755,0.75433699335618,0.252290532
2023-09-28,560050.SH,汇添富MSCI中国A50互联互通ETF,20211108,MSCI中国A50互联互通人民币指数,MSCI中国A50互联互通人民币指数收益率,汇添富基金管理股份有限公司,交通银行股份有限公司,股票型ETF,规模指数ETF,746059.MSI,6142285685.28,139065288,104289430,0.749,0.74993142789162,0.040069454
2023-10-09,560050.SH,汇添富MSCI中国A50互联互通ETF,20211108,MSCI中国A50互联互通人民币指数,MSCI中国A50互联互通人民币指数收益率,汇添富基金管理股份有限公司,交通银行股份有限公司,股票型ETF,规模指数ETF,746059.MSI,6115212701.76,152790260,113515268,0.745,0.74294832667999,-0.053662463
2023-10-10,560050.SH,汇添富MSCI中国A50互联互通ETF,20211108,MSCI中国A50互联互通人民币指数,MSCI中国A50互联互通人民币指数收益率,汇添富基金管理股份有限公司,交通银行股份有限公司,股票型ETF,规模指数ETF,746059.MSI,6076654210.08,121253877,90361453,0.741,0.7452252681372,0.040502228
2023-10-11,560050.SH,汇添富MSCI中国A50互联互通ETF,20211108,MSCI中国A50互联互通人民币指数,MSCI中国A50互联互通人民币指数收益率,汇添富基金管理股份有限公司,交通银行股份有限公司,股票型ETF,规模指数ETF,746059.MSI,6101266013.28,127487066,95014243,0.743,0.74528535310398,-0.094123975
2023-10-12,560050.SH,汇添富MSCI中国A50互联互通ETF,20211108,MSCI中国A50互联互通人民币指数,MSCI中国A50互联互通人民币指数收益率,汇添富基金管理股份有限公司,交通银行股份有限公司,股票型ETF,规模指数ETF,746059.MSI,6153734865.6,136399760,102147661,0.749,0.74888446284656,0
2023-10-13,560050.SH,汇添富MSCI中国A50互联互通ETF,20211108,MSCI中国A50互联互通人民币指数,MSCI中国A50互联互通人民币指数收益率,汇添富基金管理股份有限公司,交通银行股份有限公司,股票型ETF,规模指数ETF,746059.MSI,6072561701.92,121267216,89731353,0.74,0.73994733250906,0.094684161
2023-10-16,560050.SH,汇添富MSCI中国A50互联互通ETF,20211108,MSCI中国A50互联互通人民币指数,MSCI中国A50互联互通人民币指数收益率,汇添富基金管理股份有限公司,交通银行股份有限公司,股票型ETF,规模指数ETF,746059.MSI,6012060020.16,142786705,104828285,0.73,0.73415998359231,-0.191413727
2023-10-17,560050.SH,汇添富MSCI中国A50互联互通ETF,20211108,MSCI中国A50互联互通人民币指数,MSCI中国A50互联互通人民币指数收益率,汇添富基金管理股份有限公司,交通银行股份有限公司,股票型ETF,规模指数ETF,746059.MSI,6020169108.64,130597368,95560355,0.732,0.73171731148517,-0.150047742
2023-10-18,560050.SH,汇添富MSCI中国A50互联互通ETF,20211108,MSCI中国A50互联互通人民币指数,MSCI中国A50互联互通人民币指数收益率,汇添富基金管理股份有限公司,交通银行股份有限公司,股票型ETF,规模指数ETF,746059.MSI,5987505157.92,138932094,101411293,0.728,0.72993424399117,-0.178253119
2023-10-19,560050.SH,汇添富MSCI中国A50互联互通ETF,20211108,MSCI中国A50互联互通人民币指数,MSCI中国A50互联互通人民币指数收益率,汇添富基金管理股份有限公司,交通银行股份有限公司,股票型ETF,规模指数ETF,746059.MSI,5845857112.48,172455904,123689689,0.714,0.71722501886627,0.323169875
2023-10-20,560050.SH,汇添富MSCI中国A50互联互通ETF,20211108,MSCI中国A50互联互通人民币指数,MSCI中国A50互联互通人民币指数收益率,汇添富基金管理股份有限公司,交通银行股份有限公司,股票型ETF,规模指数ETF,746059.MSI,5817972414.24,145343455,103055984,0.707,0.70905142581068,-0.014142271
2023-10-23,560050.SH,汇添富MSCI中国A50互联互通ETF,20211108,MSCI中国A50互联互通人民币指数,MSCI中国A50互联互通人民币指数收益率,汇添富基金管理股份有限公司,交通银行股份有限公司,股票型ETF,规模指数ETF,746059.MSI,5760131086.56,180386810,126289713,0.698,0.70010502985224,-0.271467352
2023-10-24,560050.SH,汇添富MSCI中国A50互联互通ETF,20211108,MSCI中国A50互联互通人民币指数,MSCI中国A50互联互通人民币指数收益率,汇添富基金管理股份有限公司,交通银行股份有限公司,股票型ETF,规模指数ETF,746059.MSI,5761109434.08,168057595,117390046,0.699,0.69851080517962,-0.242614528
2023-10-25,560050.SH,汇添富MSCI中国A50互联互通ETF,20211108,MSCI中国A50互联互通人民币指数,MSCI中国A50互联互通人民币指数收益率,汇添富基金管理股份有限公司,交通银行股份有限公司,股票型ETF,规模指数ETF,746059.MSI,5785895391.36,129374758,91349728,0.703,0.70608617486264,-0.19875071
2023-10-26,560050.SH,汇添富MSCI中国A50互联互通ETF,20211108,MSCI中国A50互联互通人民币指数,MSCI中国A50互联互通人民币指数收益率,汇添富基金管理股份有限公司,交通银行股份有限公司,股票型ETF,规模指数ETF,746059.MSI,5807251620.8,155780974,109411264,0.707,0.7023403512678,0
2023-10-27,560050.SH,汇添富MSCI中国A50互联互通ETF,20211108,MSCI中国A50互联互通人民币指数,MSCI中国A50互联互通人民币指数收益率,汇添富基金管理股份有限公司,交通银行股份有限公司,股票型ETF,规模指数ETF,746059.MSI,5878712850.08,179594165,127779110,0.716,0.71148809316828,0.041917004
2023-10-30,560050.SH,汇添富MSCI中国A50互联互通ETF,20211108,MSCI中国A50互联互通人民币指数,MSCI中国A50互联互通人民币指数收益率,汇添富基金管理股份有限公司,交通银行股份有限公司,股票型ETF,规模指数ETF,746059.MSI,5757827043.36,389412479,280142339,0.722,0.71939743615664,0.013852334
2023-10-31,560050.SH,汇添富MSCI中国A50互联互通ETF,20211108,MSCI中国A50互联互通人民币指数,MSCI中国A50互联互通人民币指数收益率,汇添富基金管理股份有限公司,交通银行股份有限公司,股票型ETF,规模指数ETF,746059.MSI,5634820427.04,288491648,206911951,0.72,0.71721990024474,0.125156446
2023-11-01,560050.SH,汇添富MSCI中国A50互联互通ETF,20211108,MSCI中国A50互联互通人民币指数,MSCI中国A50互联互通人民币指数收益率,汇添富基金管理股份有限公司,交通银行股份有限公司,股票型ETF,规模指数ETF,746059.MSI,5679682932.0,222662221,160343317,0.718,0.72011909465324,0.069686411
2023-11-02,560050.SH,汇添富MSCI中国A50互联互通ETF,20211108,MSCI中国A50互联互通人民币指数,MSCI中国A50互联互通人民币指数收益率,汇添富基金管理股份有限公司,交通银行股份有限公司,股票型ETF,规模指数ETF,746059.MSI,5661476282.88,108199909,77850020,0.715,0.71950171418351,-0.027964206
2023-11-03,560050.SH,汇添富MSCI中国A50互联互通ETF,20211108,MSCI中国A50互联互通人民币指数,MSCI中国A50互联互通人民币指数收益率,汇添富基金管理股份有限公司,交通银行股份有限公司,股票型ETF,规模指数ETF,746059.MSI,5703062702.4,146066017,105202135,0.721,0.72023689808698,0
2023-11-06,560050.SH,汇添富MSCI中国A50互联互通ETF,20211108,MSCI中国A50互联互通人民币指数,MSCI中国A50互联互通人民币指数收益率,汇添富基金管理股份有限公司,交通银行股份有限公司,股票型ETF,规模指数ETF,746059.MSI,5775285079.2,173330006,126179273,0.73,0.72797131848019,-0.06844627
2023-11-07,560050.SH,汇添富MSCI中国A50互联互通ETF,20211108,MSCI中国A50互联互通人民币指数,MSCI中国A50互联互通人民币指数收益率,汇添富基金管理股份有限公司,交通银行股份有限公司,股票型ETF,规模指数ETF,746059.MSI,5743125921.92,149573766,108564611,0.728,0.72582655303337,0.16510732
2023-11-08,560050.SH,汇添富MSCI中国A50互联互通ETF,20211108,MSCI中国A50互联互通人民币指数,MSCI中国A50互联互通人民币指数收益率,汇添富基金管理股份有限公司,交通银行股份有限公司,股票型ETF,规模指数ETF,746059.MSI,5716392531.84,161070800,116651456,0.723,0.7242247260211,-0.08291874
2023-11-09,560050.SH,汇添富MSCI中国A50互联互通ETF,20211108,MSCI中国A50互联互通人民币指数,MSCI中国A50互联互通人民币指数收益率,汇添富基金管理股份有限公司,交通银行股份有限公司,股票型ETF,规模指数ETF,746059.MSI,5718624453.12,149527475,108257396,0.725,0.72399668355264,0.027593819
2023-11-10,560050.SH,汇添富MSCI中国A50互联互通ETF,20211108,MSCI中国A50互联互通人民币指数,MSCI中国A50互联互通人民币指数收益率,汇添富基金管理股份有限公司,交通银行股份有限公司,股票型ETF,规模指数ETF,746059.MSI,5643185253.28,166205554,119336774,0.718,0.71800713711408,-0.09739808
2023-11-13,560050.SH,汇添富MSCI中国A50互联互通ETF,20211108,MSCI中国A50互联互通人民币指数,MSCI中国A50互联互通人民币指数收益率,汇添富基金管理股份有限公司,交通银行股份有限公司,股票型ETF,规模指数ETF,746059.MSI,5634548125.44,102849655,73755262,0.718,0.7171172523622,0.05574136
2023-11-14,560050.SH,汇添富MSCI中国A50互联互通ETF,20211108,MSCI中国A50互联互通人民币指数,MSCI中国A50互联互通人民币指数收益率,汇添富基金管理股份有限公司,交通银行股份有限公司,股票型ETF,规模指数ETF,746059.MSI,5630071010.72,142412023,102114324,0.717,0.71703443184709,0.097724417
2023-11-15,560050.SH,汇添富MSCI中国A50互联互通ETF,20211108,MSCI中国A50互联互通人民币指数,MSCI中国A50互联互通人民币指数收益率,汇添富基金管理股份有限公司,交通银行股份有限公司,股票型ETF,规模指数ETF,746059.MSI,5670792610.56,179319796,129470224,0.722,0.72200742409946,-0.055370986
2023-11-16,560050.SH,汇添富MSCI中国A50互联互通ETF,20211108,MSCI中国A50互联互通人民币指数,MSCI中国A50互联互通人民币指数收益率,汇添富基金管理股份有限公司,交通银行股份有限公司,股票型ETF,规模指数ETF,746059.MSI,5621706656.64,130165104,93361006,0.716,0.71725065421528,0.055897149
2023-11-17,560050.SH,汇添富MSCI中国A50互联互通ETF,20211108,MSCI中国A50互联互通人民币指数,MSCI中国A50互联互通人民币指数收益率,汇添富基金管理股份有限公司,交通银行股份有限公司,股票型ETF,规模指数ETF,746059.MSI,5600285987.84,186066894,132311128,0.714,0.71109440887426,0.056053812
2023-11-20,560050.SH,汇添富MSCI中国A50互联互通ETF,20211108,MSCI中国A50互联互通人民币指数,MSCI中国A50互联互通人民币指数收益率,汇添富基金管理股份有限公司,交通银行股份有限公司,股票型ETF,规模指数ETF,746059.MSI,5604350941.92,132892798,94660615,0.714,0.71230808911104,-0.04199916
2023-11-21,560050.SH,汇添富MSCI中国A50互联互通ETF,20211108,MSCI中国A50互联互通人民币指数,MSCI中国A50互联互通人民币指数收益率,汇添富基金管理股份有限公司,交通银行股份有限公司,股票型ETF,规模指数ETF,746059.MSI,5613411758.24,180200653,129574067,0.718,0.71905436990842,0.125505508
2023-11-22,560050.SH,汇添富MSCI中国A50互联互通ETF,20211108,MSCI中国A50互联互通人民币指数,MSCI中国A50互联互通人民币指数收益率,汇添富基金管理股份有限公司,交通银行股份有限公司,股票型ETF,规模指数ETF,746059.MSI,5554702250.24,136452021,97318041,0.71,0.71320336838397,0.056369786
2023-11-23,560050.SH,汇添富MSCI中国A50互联互通ETF,20211108,MSCI中国A50互联互通人民币指数,MSCI中国A50互联互通人民币指数收益率,汇添富基金管理股份有限公司,交通银行股份有限公司,股票型ETF,规模指数ETF,746059.MSI,5569575325.6,191476836,135577068,0.711,0.70805989294705,-0.070274069
2023-11-24,560050.SH,汇添富MSCI中国A50互联互通ETF,20211108,MSCI中国A50互联互通人民币指数,MSCI中国A50互联互通人民币指数收益率,汇添富基金管理股份有限公司,交通银行股份有限公司,股票型ETF,规模指数ETF,746059.MSI,5478866719.2,227122579,160476540,0.705,0.70656356891756,-0.070871722
2023-11-27,560050.SH,汇添富MSCI中国A50互联互通ETF,20211108,MSCI中国A50互联互通人民币指数,MSCI中国A50互联互通人民币指数收益率,汇添富基金管理股份有限公司,交通银行股份有限公司,股票型ETF,规模指数ETF,746059.MSI,5412554184.96,175908539,122609597,0.699,0.69700764782089,0.085910653
2023-11-28,560050.SH,汇添富MSCI中国A50互联互通ETF,20211108,MSCI中国A50互联互通人民币指数,MSCI中国A50互联互通人民币指数收益率,汇添富基金管理股份有限公司,交通银行股份有限公司,股票型ETF,规模指数ETF,746059.MSI,5423404093.12,151153107,105512775,0.7,0.69805230665884,0.028579594
2023-11-29,560050.SH,汇添富MSCI中国A50互联互通ETF,20211108,MSCI中国A50互联互通人民币指数,MSCI中国A50互联互通人民币指数收益率,汇添富基金管理股份有限公司,交通银行股份有限公司,股票型ETF,规模指数ETF,746059.MSI,5377066473.6,161561032,112302995,0.695,0.69511189430877,0.144092219
2023-11-30,560050.SH,汇添富MSCI中国A50互联互通ETF,20211108,MSCI中国A50互联互通人民币指数,MSCI中国A50互联互通人民币指数收益率,汇添富基金管理股份有限公司,交通银行股份有限公司,股票型ETF,规模指数ETF,746059.MSI,5396121535.84,148368016,103144002,0.696,0.69519027604979,-0.014365752
2023-12-01,560050.SH,汇添富MSCI中国A50互联互通ETF,20211108,MSCI中国A50互联互通人民币指数,MSCI中国A50互联互通人民币指数收益率,汇添富基金管理股份有限公司,交通银行股份有限公司,股票型ETF,规模指数ETF,746059.MSI,5340775463.84,224422759,154814187,0.692,0.68983283018992,0.130227174
2023-12-04,560050.SH,汇添富MSCI中国A50互联互通ETF,20211108,MSCI中国A50互联互通人民币指数,MSCI中国A50互联互通人民币指数收益率,汇添富基金管理股份有限公司,交通银行股份有限公司,股票型ETF,规模指数ETF,746059.MSI,5295785352.48,176976395,121986232,0.687,0.68927967484025,0.0436872
2023-12-05,560050.SH,汇添富MSCI中国A50互联互通ETF,20211108,MSCI中国A50互联互通人民币指数,MSCI中国A50互联互通人民币指数收益率,汇添富基金管理股份有限公司,交通银行股份有限公司,股票型ETF,规模指数ETF,746059.MSI,5207999270.88,210162529,142968266,0.673,0.68027476962841,0.044596403
2023-12-06,560050.SH,汇添富MSCI中国A50互联互通ETF,20211108,MSCI中国A50互联互通人民币指数,MSCI中国A50互联互通人民币指数收益率,汇添富基金管理股份有限公司,交通银行股份有限公司,股票型ETF,规模指数ETF,746059.MSI,5216340565.92,179793998,121204603,0.673,0.67413041785744,-0.192792526
2023-12-07,560050.SH,汇添富MSCI中国A50互联互通ETF,20211108,MSCI中国A50互联互通人民币指数,MSCI中国A50互联互通人民币指数收益率,汇添富基金管理股份有限公司,交通银行股份有限公司,股票型ETF,规模指数ETF,746059.MSI,5195288910.24,172473463,115542117,0.673,0.66991243168811,0.133908645
2023-12-08,560050.SH,汇添富MSCI中国A50互联互通ETF,20211108,MSCI中国A50互联互通人民币指数,MSCI中国A50互联互通人民币指数收益率,汇添富基金管理股份有限公司,交通银行股份有限公司,股票型ETF,规模指数ETF,746059.MSI,5216730001.92,184967391,124827813,0.676,0.6748638899275,-0.11820331
2023-12-11,560050.SH,汇添富MSCI中国A50互联互通ETF,20211108,MSCI中国A50互联互通人民币指数,MSCI中国A50互联互通人民币指数收益率,汇添富基金管理股份有限公司,交通银行股份有限公司,股票型ETF,规模指数ETF,746059.MSI,5242166185.44,192103797,128589375,0.68,0.66937445801761,-0.01470372
2023-12-12,560050.SH,汇添富MSCI中国A50互联互通ETF,20211108,MSCI中国A50互联互通人民币指数,MSCI中国A50互联互通人民币指数收益率,汇添富基金管理股份有限公司,交通银行股份有限公司,股票型ETF,规模指数ETF,746059.MSI,5246379326.4,162028396,109967078,0.681,0.67869015996431,0
2023-12-13,560050.SH,汇添富MSCI中国A50互联互通ETF,20211108,MSCI中国A50互联互通人民币指数,MSCI中国A50互联互通人民币指数收益率,汇添富基金管理股份有限公司,交通银行股份有限公司,股票型ETF,规模指数ETF,746059.MSI,5153679572.64,176410174,118857300,0.668,0.67375535835025,-0.014967819
2023-12-14,560050.SH,汇添富MSCI中国A50互联互通ETF,20211108,MSCI中国A50互联互通人民币指数,MSCI中国A50互联互通人民币指数收益率,汇添富基金管理股份有限公司,交通银行股份有限公司,股票型ETF,规模指数ETF,746059.MSI,5130324782.56,159059438,106612243,0.666,0.6702666898647,0.165438412
2023-12-15,560050.SH,汇添富MSCI中国A50互联互通ETF,20211108,MSCI中国A50互联互通人民币指数,MSCI中国A50互联互通人民币指数收益率,汇添富基金管理股份有限公司,交通银行股份有限公司,股票型ETF,规模指数ETF,746059.MSI,5092836441.6,231265044,154836013,0.665,0.66951758174054,0.15060241
2023-12-18,560050.SH,汇添富MSCI中国A50互联互通ETF,20211108,MSCI中国A50互联互通人民币指数,MSCI中国A50互联互通人民币指数收益率,汇添富基金管理股份有限公司,交通银行股份有限公司,股票型ETF,规模指数ETF,746059.MSI,5076444713.76,153995996,102257866,0.663,0.66402938164704,0.015085232
2023-12-19,560050.SH,汇添富MSCI中国A50互联互通ETF,20211108,MSCI中国A50互联互通人民币指数,MSCI中国A50互联互通人民币指数收益率,汇添富基金管理股份有限公司,交通银行股份有限公司,股票型ETF,规模指数ETF,746059.MSI,5085274015.36,133153592,88245389,0.664,0.6627338224567,-0.060204696
2023-12-20,560050.SH,汇添富MSCI中国A50互联互通ETF,20211108,MSCI中国A50互联互通人民币指数,MSCI中国A50互联互通人民币指数收益率,汇添富基金管理股份有限公司,交通银行股份有限公司,股票型ETF,规模指数ETF,746059.MSI,5049721697.44,141584638,94010099,0.66,0.66398516341865,-0.01514922
2023-12-21,560050.SH,汇添富MSCI中国A50互联互通ETF,20211108,MSCI中国A50互联互通人民币指数,MSCI中国A50互联互通人民币指数收益率,汇添富基金管理股份有限公司,交通银行股份有限公司,股票型ETF,规模指数ETF,746059.MSI,5106331212.0,128131859,85053176,0.667,0.66379413101312,-0.074906367
2023-12-22,560050.SH,汇添富MSCI中国A50互联互通ETF,20211108,MSCI中国A50互联互通人民币指数,MSCI中国A50互联互通人民币指数收益率,汇添富基金管理股份有限公司,交通银行股份有限公司,股票型ETF,规模指数ETF,746059.MSI,5102137133.28,174439307,116332014,0.668,0.66689105798844,-0.104680724
2023-12-25,560050.SH,汇添富MSCI中国A50互联互通ETF,20211108,MSCI中国A50互联互通人民币指数,MSCI中国A50互联互通人民币指数收益率,汇添富基金管理股份有限公司,交通银行股份有限公司,股票型ETF,规模指数ETF,746059.MSI,5116634008.64,119213809,79726025,0.671,0.66876501697886,0.059648076
2023-12-26,560050.SH,汇添富MSCI中国A50互联互通ETF,20211108,MSCI中国A50互联互通人民币指数,MSCI中国A50互联互通人民币指数收益率,汇添富基金管理股份有限公司,交通银行股份有限公司,股票型ETF,规模指数ETF,746059.MSI,5078872310.4,119082386,79228092,0.667,0.66532167066253,0.15015015
2023-12-27,560050.SH,汇添富MSCI中国A50互联互通ETF,20211108,MSCI中国A50互联互通人民币指数,MSCI中国A50互联互通人民币指数收益率,汇添富基金管理股份有限公司,交通银行股份有限公司,股票型ETF,规模指数ETF,746059.MSI,4994288257.92,308571319,205399251,0.668,0.66564595719928,0.179964007
2023-12-28,560050.SH,汇添富MSCI中国A50互联互通ETF,20211108,MSCI中国A50互联互通人民币指数,MSCI中国A50互联互通人民币指数收益率,汇添富基金管理股份有限公司,交通银行股份有限公司,股票型ETF,规模指数ETF,746059.MSI,5162115064.0,213059531,144972504,0.685,0.68043191177399,0
2023-12-29,560050.SH,汇添富MSCI中国A50互联互通ETF,20211108,MSCI中国A50互联互通人民币指数,MSCI中国A50互联互通人民币指数收益率,汇添富基金管理股份有限公司,交通银行股份有限公司,股票型ETF,规模指数ETF,746059.MSI,5185607047.52,161126396,110681524,0.686,0.68692360002889,-0.334156618
2024-01-02,560050.SH,汇添富MSCI中国A50互联互通ETF,20211108,MSCI中国A50互联互通人民币指数,MSCI中国A50互联互通人民币指数收益率,汇添富基金管理股份有限公司,交通银行股份有限公司,股票型ETF,规模指数ETF,746059.MSI,5088419293.76,169697511,115279932,0.674,0.67932600378564,-0.207284572
2024-01-03,560050.SH,汇添富MSCI中国A50互联互通ETF,20211108,MSCI中国A50互联互通人民币指数,MSCI中国A50互联互通人民币指数收益率,汇添富基金管理股份有限公司,交通银行股份有限公司,股票型ETF,规模指数ETF,746059.MSI,5058933103.68,165468200,111274022,0.672,0.672479799744,-0.02975305
2024-01-04,560050.SH,汇添富MSCI中国A50互联互通ETF,20211108,MSCI中国A50互联互通人民币指数,MSCI中国A50互联互通人民币指数收益率,汇添富基金管理股份有限公司,交通银行股份有限公司,股票型ETF,规模指数ETF,746059.MSI,5009435523.52,149914787,99591208,0.666,0.66431877730647,0.030039051
2024-01-05,560050.SH,汇添富MSCI中国A50互联互通ETF,20211108,MSCI中国A50互联互通人民币指数,MSCI中国A50互联互通人民币指数收益率,汇添富基金管理股份有限公司,交通银行股份有限公司,股票型ETF,规模指数ETF,746059.MSI,4985538120.32,142480375,95025899,0.662,0.6669402645803,-0.12070006
2024-01-08,560050.SH,汇添富MSCI中国A50互联互通ETF,20211108,MSCI中国A50互联互通人民币指数,MSCI中国A50互联互通人民币指数收益率,汇添富基金管理股份有限公司,交通银行股份有限公司,股票型ETF,规模指数ETF,746059.MSI,4917697032.0,160240499,105423061,0.654,0.65790522157573,-0.152671756
2024-01-09,560050.SH,汇添富MSCI中国A50互联互通ETF,20211108,MSCI中国A50互联互通人民币指数,MSCI中国A50互联互通人民币指数收益率,汇添富基金管理股份有限公司,交通银行股份有限公司,股票型ETF,规模指数ETF,746059.MSI,4926706553.28,143405557,94119297,0.657,0.65631554989184,0.121914051
2024-01-10,560050.SH,汇添富MSCI中国A50互联互通ETF,20211108,MSCI中国A50互联互通人民币指数,MSCI中国A50互联互通人民币指数收益率,汇添富基金管理股份有限公司,交通银行股份有限公司,股票型ETF,规模指数ETF,746059.MSI,4907185923.84,137471933,90078667,0.653,0.65525133046613,-0.091799266
2024-01-11,560050.SH,汇添富MSCI中国A50互联互通ETF,20211108,MSCI中国A50互联互通人民币指数,MSCI中国A50互联互通人民币指数收益率,汇添富基金管理股份有限公司,交通银行股份有限公司,股票型ETF,规模指数ETF,746059.MSI,4940775933.6,163679912,107244837,0.657,0.65521074449258,0.076161462
2024-01-12,560050.SH,汇添富MSCI中国A50互联互通ETF,20211108,MSCI中国A50互联互通人民币指数,MSCI中国A50互联互通人民币指数收益率,汇添富基金管理股份有限公司,交通银行股份有限公司,股票型ETF,规模指数ETF,746059.MSI,4923269097.6,143707244,94257358,0.655,0.65589844587097,0.152905199
2024-01-15,560050.SH,汇添富MSCI中国A50互联互通ETF,20211108,MSCI中国A50互联互通人民币指数,MSCI中国A50互联互通人民币指数收益率,汇添富基金管理股份有限公司,交通银行股份有限公司,股票型ETF,规模指数ETF,746059.MSI,4904100441.92,149673536,97583113,0.652,0.65197305821652,0.030684259
2024-01-16,560050.SH,汇添富MSCI中国A50互联互通ETF,20211108,MSCI中国A50互联互通人民币指数,MSCI中国A50互联互通人民币指数收益率,汇添富基金管理股份有限公司,交通银行股份有限公司,股票型ETF,规模指数ETF,746059.MSI,4933443786.08,160568272,104852527,0.655,0.65300900167874,-0.106756138
2024-01-17,560050.SH,汇添富MSCI中国A50互联互通ETF,20211108,MSCI中国A50互联互通人民币指数,MSCI中国A50互联互通人民币指数收益率,汇添富基金管理股份有限公司,交通银行股份有限公司,股票型ETF,规模指数ETF,746059.MSI,4808319488.16,163418757,105742738,0.639,0.64706610147573,0.015651902
2024-01-18,560050.SH,汇添富MSCI中国A50互联互通ETF,20211108,MSCI中国A50互联互通人民币指数,MSCI中国A50互联互通人民币指数收益率,汇添富基金管理股份有限公司,交通银行股份有限公司,股票型ETF,规模指数ETF,746059.MSI,4908154074.72,210060536,133945946,0.652,0.63765402369534,0.107477353
2024-01-19,560050.SH,汇添富MSCI中国A50互联互通ETF,20211108,MSCI中国A50互联互通人民币指数,MSCI中国A50互联互通人民币指数收益率,汇添富基金管理股份有限公司,交通银行股份有限公司,股票型ETF,规模指数ETF,746059.MSI,4915741163.2,167587101,109130785,0.654,0.65118845274375,0.153139357
2024-01-22,560050.SH,汇添富MSCI中国A50互联互通ETF,20211108,MSCI中国A50互联互通人民币指数,MSCI中国A50互联互通人民币指数收益率,汇添富基金管理股份有限公司,交通银行股份有限公司,股票型ETF,规模指数ETF,746059.MSI,4921039556.8,244735566,159928844,0.646,0.65347610326486,-0.154559505
2024-01-23,560050.SH,汇添富MSCI中国A50互联互通ETF,20211108,MSCI中国A50互联互通人民币指数,MSCI中国A50互联互通人民币指数收益率,汇添富基金管理股份有限公司,交通银行股份有限公司,股票型ETF,规模指数ETF,746059.MSI,4962925930.56,153846790,99450672,0.648,0.64642669502562,0.092678406
2024-01-24,560050.SH,汇添富MSCI中国A50互联互通ETF,20211108,MSCI中国A50互联互通人民币指数,MSCI中国A50互联互通人民币指数收益率,汇添富基金管理股份有限公司,交通银行股份有限公司,股票型ETF,规模指数ETF,746059.MSI,5019877032.0,172101402,111202919,0.656,0.64614766473547,0.152671756
2024-01-25,560050.SH,汇添富MSCI中国A50互联互通ETF,20211108,MSCI中国A50互联互通人民币指数,MSCI中国A50互联互通人民币指数收益率,汇添富基金管理股份有限公司,交通银行股份有限公司,股票型ETF,规模指数ETF,746059.MSI,5138414166.08,168161828,110952735,0.669,0.65979738873914,0.119724633
2024-01-26,560050.SH,汇添富MSCI中国A50互联互通ETF,20211108,MSCI中国A50互联互通人民币指数,MSCI中国A50互联互通人民币指数收益率,汇添富基金管理股份有限公司,交通银行股份有限公司,股票型ETF,规模指数ETF,746059.MSI,5085676389.12,246278170,163506553,0.666,0.66391005341643,0.180505415
2024-01-29,560050.SH,汇添富MSCI中国A50互联互通ETF,20211108,MSCI中国A50互联互通人民币指数,MSCI中国A50互联互通人民币指数收益率,汇添富基金管理股份有限公司,交通银行股份有限公司,股票型ETF,规模指数ETF,746059.MSI,5018336087.68,167786980,111092291,0.657,0.66210316795737,-0.030432136
2024-01-30,560050.SH,汇添富MSCI中国A50互联互通ETF,20211108,MSCI中国A50互联互通人民币指数,MSCI中国A50互联互通人民币指数收益率,汇添富基金管理股份有限公司,交通银行股份有限公司,股票型ETF,规模指数ETF,746059.MSI,4921249655.2,164060487,106604456,0.644,0.64978751404048,-0.232378002
2024-01-31,560050.SH,汇添富MSCI中国A50互联互通ETF,20211108,MSCI中国A50互联互通人民币指数,MSCI中国A50互联互通人民币指数收益率,汇添富基金管理股份有限公司,交通银行股份有限公司,股票型ETF,规模指数ETF,746059.MSI,4877923917.6,167729923,107904182,0.644,0.64332100122648,0.389711613
2024-02-01,560050.SH,汇添富MSCI中国A50互联互通ETF,20211108,MSCI中国A50互联互通人民币指数,MSCI中国A50互联互通人民币指数收益率,汇添富基金管理股份有限公司,交通银行股份有限公司,股票型ETF,规模指数ETF,746059.MSI,4910386592.96,184982874,119016428,0.644,0.6433916039168,0.093254585
2024-02-02,560050.SH,汇添富MSCI中国A50互联互通ETF,20211108,MSCI中国A50互联互通人民币指数,MSCI中国A50互联互通人民币指数收益率,汇添富基金管理股份有限公司,交通银行股份有限公司,股票型ETF,规模指数ETF,746059.MSI,4850335763.68,174357944,111687673,0.637,0.64056543933553,0.362375926
2024-02-05,560050.SH,汇添富MSCI中国A50互联互通ETF,20211108,MSCI中国A50互联互通人民币指数,MSCI中国A50互联互通人民币指数收益率,汇添富基金管理股份有限公司,交通银行股份有限公司,股票型ETF,规模指数ETF,746059.MSI,4982657183.04,265642267,170756032,0.647,0.64280445250078,0.061862048
2024-02-06,560050.SH,汇添富MSCI中国A50互联互通ETF,20211108,MSCI中国A50互联互通人民币指数,MSCI中国A50互联互通人民币指数收益率,汇添富基金管理股份有限公司,交通银行股份有限公司,股票型ETF,规模指数ETF,746059.MSI,5299074785.76,420480139,277882926,0.67,0.66087051498049,0.314418326
2024-02-07,560050.SH,汇添富MSCI中国A50互联互通ETF,20211108,MSCI中国A50互联互通人民币指数,MSCI中国A50互联互通人民币指数收益率,汇添富基金管理股份有限公司,交通银行股份有限公司,股票型ETF,规模指数ETF,746059.MSI,5319025831.52,257500553,172041715,0.672,0.66812173020848,-0.193078865
2024-02-08,560050.SH,汇添富MSCI中国A50互联互通ETF,20211108,MSCI中国A50互联互通人民币指数,MSCI中国A50互联互通人民币指数收益率,汇添富基金管理股份有限公司,交通银行股份有限公司,股票型ETF,规模指数ETF,746059.MSI,5230444142.88,354485017,238946940,0.678,0.67406781257556,0.044267375
2024-02-19,560050.SH,汇添富MSCI中国A50互联互通ETF,20211108,MSCI中国A50互联互通人民币指数,MSCI中国A50互联互通人民币指数收益率,汇添富基金管理股份有限公司,交通银行股份有限公司,股票型ETF,规模指数ETF,746059.MSI,5226638509.92,246700733,167895353,0.682,0.68056284615903,-0.336109893
2024-02-20,560050.SH,汇添富MSCI中国A50互联互通ETF,20211108,MSCI中国A50互联互通人民币指数,MSCI中国A50互联互通人民币指数收益率,汇添富基金管理股份有限公司,交通银行股份有限公司,股票型ETF,规模指数ETF,746059.MSI,5201206998.4,191491762,130669065,0.684,0.68237434151345,-0.29154519
2024-02-21,560050.SH,汇添富MSCI中国A50互联互通ETF,20211108,MSCI中国A50互联互通人民币指数,MSCI中国A50互联互通人民币指数收益率,汇添富基金管理股份有限公司,交通银行股份有限公司,股票型ETF,规模指数ETF,746059.MSI,5229491883.36,276623465,191102728,0.698,0.6908406269873,0.157841871
2024-02-22,560050.SH,汇添富MSCI中国A50互联互通ETF,20211108,MSCI中国A50互联互通人民币指数,MSCI中国A50互联互通人民币指数收益率,汇添富基金管理股份有限公司,交通银行股份有限公司,股票型ETF,规模指数ETF,746059.MSI,5323921948.8,237464328,165737399,0.701,0.69794651009646,-0.142450142
2024-02-23,560050.SH,汇添富MSCI中国A50互联互通ETF,20211108,MSCI中国A50互联互通人民币指数,MSCI中国A50互联互通人民币指数收益率,汇添富基金管理股份有限公司,交通银行股份有限公司,股票型ETF,规模指数ETF,746059.MSI,5305128129.12,177957758,124854025,0.702,0.70159360515207,-0.042716788
2024-02-26,560050.SH,汇添富MSCI中国A50互联互通ETF,20211108,MSCI中国A50互联互通人民币指数,MSCI中国A50互联互通人民币指数收益率,汇添富基金管理股份有限公司,交通银行股份有限公司,股票型ETF,规模指数ETF,746059.MSI,5261369057.28,262581667,182450859,0.69,0.69483471974454,-0.173611111
2024-02-27,560050.SH,汇添富MSCI中国A50互联互通ETF,20211108,MSCI中国A50互联互通人民币指数,MSCI中国A50互联互通人民币指数收益率,汇添富基金管理股份有限公司,交通银行股份有限公司,股票型ETF,规模指数ETF,746059.MSI,5318706939.04,198660638,137712393,0.698,0.6932042219657,-0.157345158
2024-02-28,560050.SH,汇添富MSCI中国A50互联互通ETF,20211108,MSCI中国A50互联互通人民币指数,MSCI中国A50互联互通人民币指数收益率,汇添富基金管理股份有限公司,交通银行股份有限公司,股票型ETF,规模指数ETF,746059.MSI,5231843637.6,219067937,153008827,0.693,0.69845377235647,0.21691974
2024-02-29,560050.SH,汇添富MSCI中国A50互联互通ETF,20211108,MSCI中国A50互联互通人民币指数,MSCI中国A50互联互通人民币指数收益率,汇添富基金管理股份有限公司,交通银行股份有限公司,股票型ETF,规模指数ETF,746059.MSI,5294443234.08,204668282,142465435,0.7,0.69607969348177,-0.0999001
2024-03-01,560050.SH,汇添富MSCI中国A50互联互通ETF,20211108,MSCI中国A50互联互通人民币指数,MSCI中国A50互联互通人民币指数收益率,汇添富基金管理股份有限公司,交通银行股份有限公司,股票型ETF,规模指数ETF,746059.MSI,5319029371.68,173904213,122059069,0.705,0.70187528464305,0.042571307
2024-03-04,560050.SH,汇添富MSCI中国A50互联互通ETF,20211108,MSCI中国A50互联互通人民币指数,MSCI中国A50互联互通人民币指数收益率,汇添富基金管理股份有限公司,交通银行股份有限公司,股票型ETF,规模指数ETF,746059.MSI,5292302460.16,216578765,152555991,0.706,0.70439034500912,-0.056625142
2024-03-05,560050.SH,汇添富MSCI中国A50互联互通ETF,20211108,MSCI中国A50互联互通人民币指数,MSCI中国A50互联互通人民币指数收益率,汇添富基金管理股份有限公司,交通银行股份有限公司,股票型ETF,规模指数ETF,746059.MSI,5320983096.0,293174766,208058534,0.715,0.70967408566125,0
2024-03-06,560050.SH,汇添富MSCI中国A50互联互通ETF,20211108,MSCI中国A50互联互通人民币指数,MSCI中国A50互联互通人民币指数收益率,汇添富基金管理股份有限公司,交通银行股份有限公司,股票型ETF,规模指数ETF,746059.MSI,5322423771.52,227365248,162121825,0.712,0.7130457553478,0.16882386
2024-03-07,560050.SH,汇添富MSCI中国A50互联互通ETF,20211108,MSCI中国A50互联互通人民币指数,MSCI中国A50互联互通人民币指数收益率,汇添富基金管理股份有限公司,交通银行股份有限公司,股票型ETF,规模指数ETF,746059.MSI,5302680269.92,170998288,121633441,0.708,0.71131379397202,-0.183279289
2024-03-08,560050.SH,汇添富MSCI中国A50互联互通ETF,20211108,MSCI中国A50互联互通人民币指数,MSCI中国A50互联互通人民币指数收益率,汇添富基金管理股份有限公司,交通银行股份有限公司,股票型ETF,规模指数ETF,746059.MSI,5303247227.2,190048039,134880308,0.713,0.70971691531108,0
2024-03-11,560050.SH,汇添富MSCI中国A50互联互通ETF,20211108,MSCI中国A50互联互通人民币指数,MSCI中国A50互联互通人民币指数收益率,汇添富基金管理股份有限公司,交通银行股份有限公司,股票型ETF,规模指数ETF,746059.MSI,5500775030.08,305894709,219905189,0.728,0.71889177069748,-0.027464982
2024-03-12,560050.SH,汇添富MSCI中国A50互联互通ETF,20211108,MSCI中国A50互联互通人民币指数,MSCI中国A50互联互通人民币指数收益率,汇添富基金管理股份有限公司,交通银行股份有限公司,股票型ETF,规模指数ETF,746059.MSI,5537457600.48,209998006,153043266,0.732,0.72878437712404,0.04100041
2024-03-13,560050.SH,汇添富MSCI中国A50互联互通ETF,20211108,MSCI中国A50互联互通人民币指数,MSCI中国A50互联互通人民币指数收益率,汇添富基金管理股份有限公司,交通银行股份有限公司,股票型ETF,规模指数ETF,746059.MSI,5392646387.52,338495657,246458901,0.725,0.72810062966332,-0.110223202
2024-03-14,560050.SH,汇添富MSCI中国A50互联互通ETF,20211108,MSCI中国A50互联互通人民币指数,MSCI中国A50互联互通人民币指数收益率,汇添富基金管理股份有限公司,交通银行股份有限公司,股票型ETF,规模指数ETF,746059.MSI,5325597358.08,220266786,159716449,0.723,0.72510455116914,-0.027654867
2024-03-15,560050.SH,汇添富MSCI中国A50互联互通ETF,20211108,MSCI中国A50互联互通人民币指数,MSCI中国A50互联互通人民币指数收益率,汇添富基金管理股份有限公司,交通银行股份有限公司,股票型ETF,规模指数ETF,746059.MSI,5325027472.8,160867630,115869717,0.726,0.72027987855605,0.207039337
2024-03-18,560050.SH,汇添富MSCI中国A50互联互通ETF,20211108,MSCI中国A50互联互通人民币指数,MSCI中国A50互联互通人民币指数收益率,汇添富基金管理股份有限公司,交通银行股份有限公司,股票型ETF,规模指数ETF,746059.MSI,5839570934.88,390792999,285738904,0.734,0.73117713145112,0.177425959
2024-03-19,560050.SH,汇添富MSCI中国A50互联互通ETF,20211108,MSCI中国A50互联互通人民币指数,MSCI中国A50互联互通人民币指数收益率,汇添富基金管理股份有限公司,交通银行股份有限公司,股票型ETF,规模指数ETF,746059.MSI,5838069751.36,210151255,153721760,0.731,0.73148152267756,0.219358377
2024-03-20,560050.SH,汇添富MSCI中国A50互联互通ETF,20211108,MSCI中国A50互联互通人民币指数,MSCI中国A50互联互通人民币指数收益率,汇添富基金管理股份有限公司,交通银行股份有限公司,股票型ETF,规模指数ETF,746059.MSI,5865352859.52,149908958,109426509,0.731,0.72995310260245,0.027367269
2024-03-21,560050.SH,汇添富MSCI中国A50互联互通ETF,20211108,MSCI中国A50互联互通人民币指数,MSCI中国A50互联互通人民币指数收益率,汇添富基金管理股份有限公司,交通银行股份有限公司,股票型ETF,规模指数ETF,746059.MSI,5867473066.08,140500091,102989102,0.731,0.73301804480682,0.041056521
2024-03-22,560050.SH,汇添富MSCI中国A50互联互通ETF,20211108,MSCI中国A50互联互通人民币指数,MSCI中国A50互联互通人民币指数收益率,汇添富基金管理股份有限公司,交通银行股份有限公司,股票型ETF,规模指数ETF,746059.MSI,5827816013.76,196468966,142217976,0.725,0.72386992661223,-0.055141991
2024-03-25,560050.SH,汇添富MSCI中国A50互联互通ETF,20211108,MSCI中国A50互联互通人民币指数,MSCI中国A50互联互通人民币指数收益率,汇添富基金管理股份有限公司,交通银行股份有限公司,股票型ETF,规模指数ETF,746059.MSI,5806445564.64,133045998,96540198,0.725,0.72561519663297,0.262757572
2024-03-26,560050.SH,汇添富MSCI中国A50互联互通ETF,20211108,MSCI中国A50互联互通人民币指数,MSCI中国A50互联互通人民币指数收益率,汇添富基金管理股份有限公司,交通银行股份有限公司,股票型ETF,规模指数ETF,746059.MSI,5864832571.04,135675332,98520843,0.728,0.72615147903231,-0.150870937
2024-03-27,560050.SH,汇添富MSCI中国A50互联互通ETF,20211108,MSCI中国A50互联互通人民币指数,MSCI中国A50互联互通人民币指数收益率,汇添富基金管理股份有限公司,交通银行股份有限公司,股票型ETF,规模指数ETF,746059.MSI,5800613541.76,168384203,122058615,0.721,0.72488162681151,0.083287063
2024-03-28,560050.SH,汇添富MSCI中国A50互联互通ETF,20211108,MSCI中国A50互联互通人民币指数,MSCI中国A50互联互通人民币指数收益率,汇添富基金管理股份有限公司,交通银行股份有限公司,股票型ETF,规模指数ETF,746059.MSI,5825737525.28,235739908,170633962,0.724,0.72382297697342,0.041453641
2024-03-29,560050.SH,汇添富MSCI中国A50互联互通ETF,20211108,MSCI中国A50互联互通人民币指数,MSCI中国A50互联互通人民币指数收益率,汇添富基金管理股份有限公司,交通银行股份有限公司,股票型ETF,规模指数ETF,746059.MSI,5865388167.84,179311587,129998982,0.727,0.72498930032893,0.123949869
2024-04-01,560050.SH,汇添富MSCI中国A50互联互通ETF,20211108,MSCI中国A50互联互通人民币指数,MSCI中国A50互联互通人民币指数收益率,汇添富基金管理股份有限公司,交通银行股份有限公司,股票型ETF,规模指数ETF,746059.MSI,6001517574.08,260412702,191996995,0.738,0.73727968538186,-0.027092929
2024-04-02,560050.SH,汇添富MSCI中国A50互联互通ETF,20211108,MSCI中国A50互联互通人民币指数,MSCI中国A50互联互通人民币指数收益率,汇添富基金管理股份有限公司,交通银行股份有限公司,股票型ETF,规模指数ETF,746059.MSI,5977940764.32,160824579,118319975,0.735,0.73570828374436,-0.040799674
2024-04-03,560050.SH,汇添富MSCI中国A50互联互通ETF,20211108,MSCI中国A50互联互通人民币指数,MSCI中国A50互联互通人民币指数收益率,汇添富基金管理股份有限公司,交通银行股份有限公司,股票型ETF,规模指数ETF,746059.MSI,5781517554.56,407454252,298250659,0.731,0.73198563405837,-0.191152376
2024-04-08,560050.SH,汇添富MSCI中国A50互联互通ETF,20211108,MSCI中国A50互联互通人民币指数,MSCI中国A50互联互通人民币指数收益率,汇添富基金管理股份有限公司,交通银行股份有限公司,股票型ETF,规模指数ETF,746059.MSI,5708256236.64,182009018,132912301,0.728,0.73025118458691,-0.013734377
2024-04-09,560050.SH,汇添富MSCI中国A50互联互通ETF,20211108,MSCI中国A50互联互通人民币指数,MSCI中国A50互联互通人民币指数收益率,汇添富基金管理股份有限公司,交通银行股份有限公司,股票型ETF,规模指数ETF,746059.MSI,5692022748.16,133495889,96851538,0.726,0.7255020265081,-0.055066079
2024-04-10,560050.SH,汇添富MSCI中国A50互联互通ETF,20211108,MSCI中国A50互联互通人民币指数,MSCI中国A50互联互通人民币指数收益率,汇添富基金管理股份有限公司,交通银行股份有限公司,股票型ETF,规模指数ETF,746059.MSI,5638457990.88,192006515,138778889,0.722,0.72278218788566,-0.096859001
2024-04-11,560050.SH,汇添富MSCI中国A50互联互通ETF,20211108,MSCI中国A50互联互通人民币指数,MSCI中国A50互联互通人民币指数收益率,汇添富基金管理股份有限公司,交通银行股份有限公司,股票型ETF,规模指数ETF,746059.MSI,5639076082.72,256465913,184748028,0.722,0.72036094714856,0.097046998
2024-04-12,560050.SH,汇添富MSCI中国A50互联互通ETF,20211108,MSCI中国A50互联互通人民币指数,MSCI中国A50互联互通人民币指数收益率,汇添富基金管理股份有限公司,交通银行股份有限公司,股票型ETF,规模指数ETF,746059.MSI,5733413738.56,334749387,241185404,0.719,0.72049543140762,0.2230276
2024-04-15,560050.SH,汇添富MSCI中国A50互联互通ETF,20211108,MSCI中国A50互联互通人民币指数,MSCI中国A50互联互通人民币指数收益率,汇添富基金管理股份有限公司,交通银行股份有限公司,股票型ETF,规模指数ETF,746059.MSI,5718433967.68,556288843,403373639,0.731,0.72511545769039,-0.163889648
2024-04-16,560050.SH,汇添富MSCI中国A50互联互通ETF,20211108,MSCI中国A50互联互通人民币指数,MSCI中国A50互联互通人民币指数收益率,汇添富基金管理股份有限公司,交通银行股份有限公司,股票型ETF,规模指数ETF,746059.MSI,5657616980.96,192204772,139885049,0.727,0.72779175846893,0.151536024
2024-04-17,560050.SH,汇添富MSCI中国A50互联互通ETF,20211108,MSCI中国A50互联互通人民币指数,MSCI中国A50互联互通人民币指数收益率,汇添富基金管理股份有限公司,交通银行股份有限公司,股票型ETF,规模指数ETF,746059.MSI,5713825495.52,154153680,112114712,0.732,0.72729182981555,-0.177280785
2024-04-18,560050.SH,汇添富MSCI中国A50互联互通ETF,20211108,MSCI中国A50互联互通人民币指数,MSCI中国A50互联互通人民币指数收益率,汇添富基金管理股份有限公司,交通银行股份有限公司,股票型ETF,规模指数ETF,746059.MSI,5692175718.4,249020619,183018171,0.736,0.73495187561155,0
2024-04-19,560050.SH,汇添富MSCI中国A50互联互通ETF,20211108,MSCI中国A50互联互通人民币指数,MSCI中国A50互联互通人民币指数收益率,汇添富基金管理股份有限公司,交通银行股份有限公司,股票型ETF,规模指数ETF,746059.MSI,5591305790.72,293258054,213755128,0.73,0.72889772364104,0.164654226
2024-04-22,560050.SH,汇添富MSCI中国A50互联互通ETF,20211108,MSCI中国A50互联互通人民币指数,MSCI中国A50互联互通人民币指数收益率,汇添富基金管理股份有限公司,交通银行股份有限公司,股票型ETF,规模指数ETF,746059.MSI,5625384321.92,320502390,233877564,0.729,0.72972174716076,0.302696753
2024-04-23,560050.SH,汇添富MSCI中国A50互联互通ETF,20211108,MSCI中国A50互联互通人民币指数,MSCI中国A50互联互通人民币指数收益率,汇添富基金管理股份有限公司,交通银行股份有限公司,股票型ETF,规模指数ETF,746059.MSI,5598294551.52,172166435,124674695,0.724,0.72415215544191,0.096778653
2024-04-24,560050.SH,汇添富MSCI中国A50互联互通ETF,20211108,MSCI中国A50互联互通人民币指数,MSCI中国A50互联互通人民币指数收益率,汇添富基金管理股份有限公司,交通银行股份有限公司,股票型ETF,规模指数ETF,746059.MSI,5632714210.4,204978172,148883896,0.727,0.72634024660928,-0.205902539
2024-04-25,560050.SH,汇添富MSCI中国A50互联互通ETF,20211108,MSCI中国A50互联互通人民币指数,MSCI中国A50互联互通人民币指数收益率,汇添富基金管理股份有限公司,交通银行股份有限公司,股票型ETF,规模指数ETF,746059.MSI,5594595587.36,248704746,181345872,0.731,0.72916128428044,-0.122967619
2024-04-26,560050.SH,汇添富MSCI中国A50互联互通ETF,20211108,MSCI中国A50互联互通人民币指数,MSCI中国A50互联互通人民币指数收益率,汇添富基金管理股份有限公司,交通银行股份有限公司,股票型ETF,规模指数ETF,746059.MSI,5834595029.6,425930117,317062703,0.748,0.7444007604656,0.200937709
2024-04-29,560050.SH,汇添富MSCI中国A50互联互通ETF,20211108,MSCI中国A50互联互通人民币指数,MSCI中国A50互联互通人民币指数收益率,汇添富基金管理股份有限公司,交通银行股份有限公司,股票型ETF,规模指数ETF,746059.MSI,5928620144.16,225329682,169853998,0.755,0.7538021466697,0.145907945
2024-04-30,560050.SH,汇添富MSCI中国A50互联互通ETF,20211108,MSCI中国A50互联互通人民币指数,MSCI中国A50互联互通人民币指数收益率,汇添富基金管理股份有限公司,交通银行股份有限公司,股票型ETF,规模指数ETF,746059.MSI,5897236993.44,185585973,139912538,0.75,0.75389608243722,-0.013331556
2024-05-06,560050.SH,汇添富MSCI中国A50互联互通ETF,20211108,MSCI中国A50互联互通人民币指数,MSCI中国A50互联互通人民币指数收益率,汇添富基金管理股份有限公司,交通银行股份有限公司,股票型ETF,规模指数ETF,746059.MSI,5996343953.76,194251786,148148641,0.763,0.7626629543576,0.013107878
2024-05-07,560050.SH,汇添富MSCI中国A50互联互通ETF,20211108,MSCI中国A50互联互通人民币指数,MSCI中国A50互联互通人民币指数收益率,汇添富基金管理股份有限公司,交通银行股份有限公司,股票型ETF,规模指数ETF,746059.MSI,6008876461.92,167099902,127626463,0.764,0.76377341621661,-0.039251603
2024-05-08,560050.SH,汇添富MSCI中国A50互联互通ETF,20211108,MSCI中国A50互联互通人民币指数,MSCI中国A50互联互通人民币指数收益率,汇添富基金管理股份有限公司,交通银行股份有限公司,股票型ETF,规模指数ETF,746059.MSI,5859725399.84,252084259,190984234,0.755,0.75762062557028,-0.145483402
2024-05-09,560050.SH,汇添富MSCI中国A50互联互通ETF,20211108,MSCI中国A50互联互通人民币指数,MSCI中国A50互联互通人民币指数收益率,汇添富基金管理股份有限公司,交通银行股份有限公司,股票型ETF,规模指数ETF,746059.MSI,5872507324.32,199972239,151742937,0.761,0.75882001301191,0.09206892
2024-05-10,560050.SH,汇添富MSCI中国A50互联互通ETF,20211108,MSCI中国A50互联互通人民币指数,MSCI中国A50互联互通人民币指数收益率,汇添富基金管理股份有限公司,交通银行股份有限公司,股票型ETF,规模指数ETF,746059.MSI,5867989898.08,196249702,148936790,0.762,0.7589147320081,0.170895228
2024-05-13,560050.SH,汇添富MSCI中国A50互联互通ETF,20211108,MSCI中国A50互联互通人民币指数,MSCI中国A50互联互通人民币指数收益率,汇添富基金管理股份有限公司,交通银行股份有限公司,股票型ETF,规模指数ETF,746059.MSI,5856488557.12,158621736,120287721,0.758,0.75833063004682,-0.236904449
2024-05-14,560050.SH,汇添富MSCI中国A50互联互通ETF,20211108,MSCI中国A50互联互通人民币指数,MSCI中国A50互联互通人民币指数收益率,汇添富基金管理股份有限公司,交通银行股份有限公司,股票型ETF,规模指数ETF,746059.MSI,5842732209.6,143515190,109014136,0.758,0.75959998380659,-0.131752306
2024-05-15,560050.SH,汇添富MSCI中国A50互联互通ETF,20211108,MSCI中国A50互联互通人民币指数,MSCI中国A50互联互通人民币指数收益率,汇添富基金管理股份有限公司,交通银行股份有限公司,股票型ETF,规模指数ETF,746059.MSI,5799860472.0,144807590,109681286,0.755,0.75742774256515,0
2024-05-16,560050.SH,汇添富MSCI中国A50互联互通ETF,20211108,MSCI中国A50互联互通人民币指数,MSCI中国A50互联互通人民币指数收益率,汇添富基金管理股份有限公司,交通银行股份有限公司,股票型ETF,规模指数ETF,746059.MSI,6030298839.04,492955314,375842676,0.762,0.76242747633714,0.052521008
2024-05-17,560050.SH,汇添富MSCI中国A50互联互通ETF,20211108,MSCI中国A50互联互通人民币指数,MSCI中国A50互联互通人民币指数收益率,汇添富基金管理股份有限公司,交通银行股份有限公司,股票型ETF,规模指数ETF,746059.MSI,6288830130.56,445424029,341383780,0.775,0.76642425593075,0.336613154
2024-05-20,560050.SH,汇添富MSCI中国A50互联互通ETF,20211108,MSCI中国A50互联互通人民币指数,MSCI中国A50互联互通人民币指数收益率,汇添富基金管理股份有限公司,交通银行股份有限公司,股票型ETF,规模指数ETF,746059.MSI,6395013087.84,329381034,255762363,0.776,0.77649389794556,-0.012884938
2024-05-21,560050.SH,汇添富MSCI中国A50互联互通ETF,20211108,MSCI中国A50互联互通人民币指数,MSCI中国A50互联互通人民币指数收益率,汇添富基金管理股份有限公司,交通银行股份有限公司,股票型ETF,规模指数ETF,746059.MSI,6285402983.04,305405362,235697259,0.772,0.77175219667558,0.051840332
2024-05-22,560050.SH,汇添富MSCI中国A50互联互通ETF,20211108,MSCI中国A50互联互通人民币指数,MSCI中国A50互联互通人民币指数收益率,汇添富基金管理股份有限公司,交通银行股份有限公司,股票型ETF,规模指数ETF,746059.MSI,6247610438.72,295612196,228522849,0.773,0.77304946173466,-0.103385888
2024-05-23,560050.SH,汇添富MSCI中国A50互联互通ETF,20211108,MSCI中国A50互联互通人民币指数,MSCI中国A50互联互通人民币指数收益率,汇添富基金管理股份有限公司,交通银行股份有限公司,股票型ETF,规模指数ETF,746059.MSI,6184633750.4,168423665,129071237,0.766,0.76634858290253,0
2024-05-24,560050.SH,汇添富MSCI中国A50互联互通ETF,20211108,MSCI中国A50互联互通人民币指数,MSCI中国A50互联互通人民币指数收益率,汇添富基金管理股份有限公司,交通银行股份有限公司,股票型ETF,规模指数ETF,746059.MSI,6018013278.56,286006255,217213146,0.755,0.75946991439051,0.013246788
2024-05-27,560050.SH,汇添富MSCI中国A50互联互通ETF,20211108,MSCI中国A50互联互通人民币指数,MSCI中国A50互联互通人民币指数收益率,汇添富基金管理股份有限公司,交通银行股份有限公司,股票型ETF,规模指数ETF,746059.MSI,6059967045.6,135735959,102992528,0.761,0.75877113742571,-0.065659882
2024-05-28,560050.SH,汇添富MSCI中国A50互联互通ETF,20211108,MSCI中国A50互联互通人民币指数,MSCI中国A50互联互通人民币指数收益率,汇添富基金管理股份有限公司,交通银行股份有限公司,股票型ETF,规模指数ETF,746059.MSI,5972142845.76,168427177,127654999,0.755,0.75792399584065,-0.052952078
2024-05-29,560050.SH,汇添富MSCI中国A50互联互通ETF,20211108,MSCI中国A50互联互通人民币指数,MSCI中国A50互联互通人民币指数收益率,汇添富基金管理股份有限公司,交通银行股份有限公司,股票型ETF,规模指数ETF,746059.MSI,5945123429.28,251183763,190591231,0.758,0.75877209865671,-0.092263082
2024-05-30,560050.SH,汇添富MSCI中国A50互联互通ETF,20211108,MSCI中国A50互联互通人民币指数,MSCI中国A50互联互通人民币指数收益率,汇添富基金管理股份有限公司,交通银行股份有限公司,股票型ETF,规模指数ETF,746059.MSI,5910019449.12,189918539,143372028,0.754,0.75491328416337,0.225973681
2024-05-31,560050.SH,汇添富MSCI中国A50互联互通ETF,20211108,MSCI中国A50互联互通人民币指数,MSCI中国A50互联互通人民币指数收益率,汇添富基金管理股份有限公司,交通银行股份有限公司,股票型ETF,规模指数ETF,746059.MSI,5851497875.52,115243842,86574655,0.748,0.75123020456052,0.294985251
2024-06-03,560050.SH,汇添富MSCI中国A50互联互通ETF,20211108,MSCI中国A50互联互通人民币指数,MSCI中国A50互联互通人民币指数收益率,汇添富基金管理股份有限公司,交通银行股份有限公司,股票型ETF,规模指数ETF,746059.MSI,5855905636.0,151042384,113367715,0.752,0.75056889329819,-0.066445183
2024-06-04,560050.SH,汇添富MSCI中国A50互联互通ETF,20211108,MSCI中国A50互联互通人民币指数,MSCI中国A50互联互通人民币指数收益率,汇添富基金管理股份有限公司,交通银行股份有限公司,股票型ETF,规模指数ETF,746059.MSI,5894235048.96,135951833,102736533,0.758,0.75568332351944,-0.052742616
2024-06-05,560050.SH,汇添富MSCI中国A50互联互通ETF,20211108,MSCI中国A50互联互通人民币指数,MSCI中国A50互联互通人民币指数收益率,汇添富基金管理股份有限公司,交通银行股份有限公司,股票型ETF,规模指数ETF,746059.MSI,5878380472.0,121526931,92118397,0.755,0.75800809122712,0
2024-06-06,560050.SH,汇添富MSCI中国A50互联互通ETF,20211108,MSCI中国A50互联互通人民币指数,MSCI中国A50互联互通人民币指数收益率,汇添富基金管理股份有限公司,交通银行股份有限公司,股票型ETF,规模指数ETF,746059.MSI,5953790144.0,163938857,125037136,0.76,0.76270591541333,0
2024-06-07,560050.SH,汇添富MSCI中国A50互联互通ETF,20211108,MSCI中国A50互联互通人民币指数,MSCI中国A50互联互通人民币指数收益率,汇添富基金管理股份有限公司,交通银行股份有限公司,股票型ETF,规模指数ETF,746059.MSI,5951662603.2,190911018,143545901,0.754,0.7518995105877,0.132802125
2024-06-11,560050.SH,汇添富MSCI中国A50互联互通ETF,20211108,MSCI中国A50互联互通人民币指数,MSCI中国A50互联互通人民币指数收益率,汇添富基金管理股份有限公司,交通银行股份有限公司,股票型ETF,规模指数ETF,746059.MSI,5886591478.88,106008464,78851626,0.744,0.7438238705166,0.175037027
2024-06-12,560050.SH,汇添富MSCI中国A50互联互通ETF,20211108,MSCI中国A50互联互通人民币指数,MSCI中国A50互联互通人民币指数收益率,汇添富基金管理股份有限公司,交通银行股份有限公司,股票型ETF,规模指数ETF,746059.MSI,5890946292.0,94290299,70039490,0.743,0.7428069562066,0.067340067
2024-06-13,560050.SH,汇添富MSCI中国A50互联互通ETF,20211108,MSCI中国A50互联互通人民币指数,MSCI中国A50互联互通人民币指数收益率,汇添富基金管理股份有限公司,交通银行股份有限公司,股票型ETF,规模指数ETF,746059.MSI,6042213777.28,333402120,247895847,0.742,0.74353410530203,0.107933081
2024-06-14,560050.SH,汇添富MSCI中国A50互联互通ETF,20211108,MSCI中国A50互联互通人民币指数,MSCI中国A50互联互通人民币指数收益率,汇添富基金管理股份有限公司,交通银行股份有限公司,股票型ETF,规模指数ETF,746059.MSI,6131378524.64,238018007,176991159,0.748,0.7436040710987,-0.013367197
2024-06-17,560050.SH,汇添富MSCI中国A50互联互通ETF,20211108,MSCI中国A50互联互通人民币指数,MSCI中国A50互联互通人民币指数收益率,汇添富基金管理股份有限公司,交通银行股份有限公司,股票型ETF,规模指数ETF,746059.MSI,6138613278.72,116811778,87292459,0.749,0.74729158732607,0.026709402
2024-06-18,560050.SH,汇添富MSCI中国A50互联互通ETF,20211108,MSCI中国A50互联互通人民币指数,MSCI中国A50互联互通人民币指数收益率,汇添富基金管理股份有限公司,交通银行股份有限公司,股票型ETF,规模指数ETF,746059.MSI,6137939927.84,141682196,106113068,0.751,0.74895132201367,-0.013313806
2024-06-19,560050.SH,汇添富MSCI中国A50互联互通ETF,20211108,MSCI中国A50互联互通人民币指数,MSCI中国A50互联互通人民币指数收益率,汇添富基金管理股份有限公司,交通银行股份有限公司,股票型ETF,规模指数ETF,746059.MSI,6181109095.04,276586822,207889978,0.751,0.75162647481448,-0.079829697
2024-06-20,560050.SH,汇添富MSCI中国A50互联互通ETF,20211108,MSCI中国A50互联互通人民币指数,MSCI中国A50互联互通人民币指数收益率,汇添富基金管理股份有限公司,交通银行股份有限公司,股票型ETF,规模指数ETF,746059.MSI,6171185645.92,183075117,137381279,0.75,0.75040934700044,0.093420526
2024-06-21,560050.SH,汇添富MSCI中国A50互联互通ETF,20211108,MSCI中国A50互联互通人民币指数,MSCI中国A50互联互通人民币指数收益率,汇添富基金管理股份有限公司,交通银行股份有限公司,股票型ETF,规模指数ETF,746059.MSI,6138751128.0,167496917,124783912,0.747,0.74499229141035,0.268456376
2024-06-24,560050.SH,汇添富MSCI中国A50互联互通ETF,20211108,MSCI中国A50互联互通人民币指数,MSCI中国A50互联互通人民币指数收益率,汇添富基金管理股份有限公司,交通银行股份有限公司,股票型ETF,规模指数ETF,746059.MSI,6138708068.96,125561799,93538923,0.745,0.74496322723124,-0.120659606
2024-06-25,560050.SH,汇添富MSCI中国A50互联互通ETF,20211108,MSCI中国A50互联互通人民币指数,MSCI中国A50互联互通人民币指数收益率,汇添富基金管理股份有限公司,交通银行股份有限公司,股票型ETF,规模指数ETF,746059.MSI,6119636292.0,227257611,169021039,0.745,0.74374203907301,0.336700337
2024-06-26,560050.SH,汇添富MSCI中国A50互联互通ETF,20211108,MSCI中国A50互联互通人民币指数,MSCI中国A50互联互通人民币指数收益率,汇添富基金管理股份有限公司,交通银行股份有限公司,股票型ETF,规模指数ETF,746059.MSI,6367136147.68,452272181,335414100,0.746,0.74162001133561,0.17456694
2024-06-27,560050.SH,汇添富MSCI中国A50互联互通ETF,20211108,MSCI中国A50互联互通人民币指数,MSCI中国A50互联互通人民币指数收益率,汇添富基金管理股份有限公司,交通银行股份有限公司,股票型ETF,规模指数ETF,746059.MSI,6325127390.4,226278619,167617139,0.742,0.7407555328946,0.134952767
2024-06-28,560050.SH,汇添富MSCI中国A50互联互通ETF,20211108,MSCI中国A50互联互通人民币指数,MSCI中国A50互联互通人民币指数收益率,汇添富基金管理股份有限公司,交通银行股份有限公司,股票型ETF,规模指数ETF,746059.MSI,6339006472.32,159443759,118696496,0.743,0.74444115432577,0.026925148
2024-07-01,560050.SH,汇添富MSCI中国A50互联互通ETF,20211108,MSCI中国A50互联互通人民币指数,MSCI中国A50互联互通人民币指数收益率,汇添富基金管理股份有限公司,交通银行股份有限公司,股票型ETF,规模指数ETF,746059.MSI,6360551403.36,174630716,129871358,0.746,0.74369137901261,-0.120498059
2024-07-02,560050.SH,汇添富MSCI中国A50互联互通ETF,20211108,MSCI中国A50互联互通人民币指数,MSCI中国A50互联互通人民币指数收益率,汇添富基金管理股份有限公司,交通银行股份有限公司,股票型ETF,规模指数ETF,746059.MSI,6254194170.56,281541779,210336879,0.746,0.74708940089492,-0.187316029
2024-07-03,560050.SH,汇添富MSCI中国A50互联互通ETF,20211108,MSCI中国A50互联互通人民币指数,MSCI中国A50互联互通人民币指数收益率,汇添富基金管理股份有限公司,交通银行股份有限公司,股票型ETF,规模指数ETF,746059.MSI,6164194996.8,216272322,161352842,0.747,0.74606329884413,0
2024-07-04,560050.SH,汇添富MSCI中国A50互联互通ETF,20211108,MSCI中国A50互联互通人民币指数,MSCI中国A50互联互通人民币指数收益率,汇添富基金管理股份有限公司,交通银行股份有限公司,股票型ETF,规模指数ETF,746059.MSI,6128191809.92,150759440,112938794,0.747,0.74913248550141,0.026780932
2024-07-05,560050.SH,汇添富MSCI中国A50互联互通ETF,20211108,MSCI中国A50互联互通人民币指数,MSCI中国A50互联互通人民币指数收益率,汇添富基金管理股份有限公司,交通银行股份有限公司,股票型ETF,规模指数ETF,746059.MSI,6090444511.68,160152060,118466564,0.743,0.73971302023839,0.107787658
2024-07-08,560050.SH,汇添富MSCI中国A50互联互通ETF,20211108,MSCI中国A50互联互通人民币指数,MSCI中国A50互联互通人民币指数收益率,汇添富基金管理股份有限公司,交通银行股份有限公司,股票型ETF,规模指数ETF,746059.MSI,6043675367.52,144970523,107225139,0.739,0.73963407719789,0.094812407
2024-07-09,560050.SH,汇添富MSCI中国A50互联互通ETF,20211108,MSCI中国A50互联互通人民币指数,MSCI中国A50互联互通人民币指数收益率,汇添富基金管理股份有限公司,交通银行股份有限公司,股票型ETF,规模指数ETF,746059.MSI,6111108659.04,199122064,147859003,0.749,0.74255459204159,-0.013349353
2024-07-10,560050.SH,汇添富MSCI中国A50互联互通ETF,20211108,MSCI中国A50互联互通人民币指数,MSCI中国A50互联互通人民币指数收益率,汇添富基金管理股份有限公司,交通银行股份有限公司,股票型ETF,规模指数ETF,746059.MSI,6138708068.96,203204261,151872837,0.745,0.74739002151141,-0.120659606
2024-07-11,560050.SH,汇添富MSCI中国A50互联互通ETF,20211108,MSCI中国A50互联互通人民币指数,MSCI中国A50互联互通人民币指数收益率,汇添富基金管理股份有限公司,交通银行股份有限公司,股票型ETF,规模指数ETF,746059.MSI,6229385278.56,159063782,119813709,0.754,0.7532431801477,-0.119221089
2024-07-12,560050.SH,汇添富MSCI中国A50互联互通ETF,20211108,MSCI中国A50互联互通人民币指数,MSCI中国A50互联互通人民币指数收益率,汇添富基金管理股份有限公司,交通银行股份有限公司,股票型ETF,规模指数ETF,746059.MSI,6230883334.24,94282567,71263045,0.757,0.75584540459107,-0.013208295
2024-07-15,560050.SH,汇添富MSCI中国A50互联互通ETF,20211108,MSCI中国A50互联互通人民币指数,MSCI中国A50互联互通人民币指数收益率,汇添富基金管理股份有限公司,交通银行股份有限公司,股票型ETF,规模指数ETF,746059.MSI,6222096780.16,82119671,62064011,0.756,0.75577520275258,-0.052882073
2024-07-16,560050.SH,汇添富MSCI中国A50互联互通ETF,20211108,MSCI中国A50互联互通人民币指数,MSCI中国A50互联互通人民币指数收益率,汇添富基金管理股份有限公司,交通银行股份有限公司,股票型ETF,规模指数ETF,746059.MSI,6259480045.6,95504900,72455643,0.762,0.75865890650637,0.065659882
2024-07-17,560050.SH,汇添富MSCI中国A50互联互通ETF,20211108,MSCI中国A50互联互通人民币指数,MSCI中国A50互联互通人民币指数收益率,汇添富基金管理股份有限公司,交通银行股份有限公司,股票型ETF,规模指数ETF,746059.MSI,6255370078.4,70178095,53300931,0.762,0.75950951646664,0.131406045
2024-07-18,560050.SH,汇添富MSCI中国A50互联互通ETF,20211108,MSCI中国A50互联互通人民币指数,MSCI中国A50互联互通人民币指数收益率,汇添富基金管理股份有限公司,交通银行股份有限公司,股票型ETF,规模指数ETF,746059.MSI,6267098075.04,131548495,99828474,0.763,0.75887203422586,-0.143960215
2024-07-19,560050.SH,汇添富MSCI中国A50互联互通ETF,20211108,MSCI中国A50互联互通人民币指数,MSCI中国A50互联互通人民币指数收益率,汇添富基金管理股份有限公司,交通银行股份有限公司,股票型ETF,规模指数ETF,746059.MSI,6226037848.8,168995453,128234526,0.764,0.75880459339933,-0.065402224
2024-07-22,560050.SH,汇添富MSCI中国A50互联互通ETF,20211108,MSCI中国A50互联互通人民币指数,MSCI中国A50互联互通人民币指数收益率,汇添富基金管理股份有限公司,交通银行股份有限公司,股票型ETF,规模指数ETF,746059.MSI,6046396294.88,290966175,220010840,0.756,0.75613888796524,-0.224363204
2024-07-23,560050.SH,汇添富MSCI中国A50互联互通ETF,20211108,MSCI中国A50互联互通人民币指数,MSCI中国A50互联互通人民币指数收益率,汇添富基金管理股份有限公司,交通银行股份有限公司,股票型ETF,规模指数ETF,746059.MSI,5938230432.96,128898987,96768129,0.745,0.75072839013079,0.215227334
2024-07-24,560050.SH,汇添富MSCI中国A50互联互通ETF,20211108,MSCI中国A50互联互通人民币指数,MSCI中国A50互联互通人民币指数收益率,汇添富基金管理股份有限公司,交通银行股份有限公司,股票型ETF,规模指数ETF,746059.MSI,5868944449.44,125710624,93010843,0.74,0.73988052911105,-0.013511688
2024-07-25,560050.SH,汇添富MSCI中国A50互联互通ETF,20211108,MSCI中国A50互联互通人民币指数,MSCI中国A50互联互通人民币指数收益率,汇添富基金管理股份有限公司,交通银行股份有限公司,股票型ETF,规模指数ETF,746059.MSI,5931269587.36,334595834,244724316,0.733,0.73140275858904,0.150293756
2024-07-26,560050.SH,汇添富MSCI中国A50互联互通ETF,20211108,MSCI中国A50互联互通人民币指数,MSCI中国A50互联互通人民币指数收益率,汇添富基金管理股份有限公司,交通银行股份有限公司,股票型ETF,规模指数ETF,746059.MSI,5935075849.6,210281218,154099070,0.733,0.73282374653166,-0.136239782
2024-07-29,560050.SH,汇添富MSCI中国A50互联互通ETF,20211108,MSCI中国A50互联互通人民币指数,MSCI中国A50互联互通人民币指数收益率,汇添富基金管理股份有限公司,交通银行股份有限公司,股票型ETF,规模指数ETF,746059.MSI,5942169052.96,118966277,87013803,0.73,0.7314157019472,-0.12313586
2024-07-30,560050.SH,汇添富MSCI中国A50互联互通ETF,20211108,MSCI中国A50互联互通人民币指数,MSCI中国A50互联互通人民币指数收益率,汇添富基金管理股份有限公司,交通银行股份有限公司,股票型ETF,规模指数ETF,746059.MSI,5940769823.68,254242105,183403550,0.722,0.72137362928143,-0.02769316
2024-07-31,560050.SH,汇添富MSCI中国A50互联互通ETF,20211108,MSCI中国A50互联互通人民币指数,MSCI中国A50互联互通人民币指数收益率,汇添富基金管理股份有限公司,交通银行股份有限公司,股票型ETF,规模指数ETF,746059.MSI,5860341279.04,420890521,307265231,0.737,0.73003599670043,0.054303557
2024-08-01,560050.SH,汇添富MSCI中国A50互联互通ETF,20211108,MSCI中国A50互联互通人民币指数,MSCI中国A50互联互通人民币指数收益率,汇添富基金管理股份有限公司,交通银行股份有限公司,股票型ETF,规模指数ETF,746059.MSI,5802755233.28,62759417,46051591,0.731,0.73377977682616,-0.027352298
2024-08-02,560050.SH,汇添富MSCI中国A50互联互通ETF,20211108,MSCI中国A50互联互通人民币指数,MSCI中国A50互联互通人民币指数收益率,汇添富基金管理股份有限公司,交通银行股份有限公司,股票型ETF,规模指数ETF,746059.MSI,5719495849.92,88546372,64080573,0.722,0.72369507132376,0.027708507
2024-08-05,560050.SH,汇添富MSCI中国A50互联互通ETF,20211108,MSCI中国A50互联互通人民币指数,MSCI中国A50互联互通人民币指数收益率,汇添富基金管理股份有限公司,交通银行股份有限公司,股票型ETF,规模指数ETF,746059.MSI,5635670873.12,101297859,72716776,0.714,0.71785106534186,0.238663484
2024-08-06,560050.SH,汇添富MSCI中国A50互联互通ETF,20211108,MSCI中国A50互联互通人民币指数,MSCI中国A50互联互通人民币指数收益率,汇添富基金管理股份有限公司,交通银行股份有限公司,股票型ETF,规模指数ETF,746059.MSI,5611143876.48,95029919,67488966,0.712,0.71018650452601,0.394811055
2024-08-07,560050.SH,汇添富MSCI中国A50互联互通ETF,20211108,MSCI中国A50互联互通人民币指数,MSCI中国A50互联互通人民币指数收益率,汇添富基金管理股份有限公司,交通银行股份有限公司,股票型ETF,规模指数ETF,746059.MSI,5617609469.92,74841946,53147157,0.71,0.71012526852255,0.098688848
2024-08-08,560050.SH,汇添富MSCI中国A50互联互通ETF,20211108,MSCI中国A50互联互通人民币指数,MSCI中国A50互联互通人民币指数收益率,汇添富基金管理股份有限公司,交通银行股份有限公司,股票型ETF,规模指数ETF,746059.MSI,5631395732.16,54316112,38526074,0.711,0.70929366225624,-0.056227158
2024-08-09,560050.SH,汇添富MSCI中国A50互联互通ETF,20211108,MSCI中国A50互联互通人民币指数,MSCI中国A50互联互通人民币指数收益率,汇添富基金管理股份有限公司,交通银行股份有限公司,股票型ETF,规模指数ETF,746059.MSI,5636145292.8,51735071,37011560,0.713,0.71540560947524,0.140449438
2024-08-12,560050.SH,汇添富MSCI中国A50互联互通ETF,20211108,MSCI中国A50互联互通人民币指数,MSCI中国A50互联互通人民币指数收益率,汇添富基金管理股份有限公司,交通银行股份有限公司,股票型ETF,规模指数ETF,746059.MSI,5635664132.16,52319673,37231487,0.712,0.71161543765765,0.084340737
2024-08-13,560050.SH,汇添富MSCI中国A50互联互通ETF,20211108,MSCI中国A50互联互通人民币指数,MSCI中国A50互联互通人民币指数收益率,汇添富基金管理股份有限公司,交通银行股份有限公司,股票型ETF,规模指数ETF,746059.MSI,5649754686.24,65402036,46480973,0.712,0.71069611655515,-0.014042971
2024-08-14,560050.SH,汇添富MSCI中国A50互联互通ETF,20211108,MSCI中国A50互联互通人民币指数,MSCI中国A50互联互通人民币指数收益率,汇添富基金管理股份有限公司,交通银行股份有限公司,股票型ETF,规模指数ETF,746059.MSI,5621192522.4,34044751,24152948,0.709,0.70944704515536,0.07057163
2024-08-15,560050.SH,汇添富MSCI中国A50互联互通ETF,20211108,MSCI中国A50互联互通人民币指数,MSCI中国A50互联互通人民币指数收益率,汇添富基金管理股份有限公司,交通银行股份有限公司,股票型ETF,规模指数ETF,746059.MSI,5675299063.2,82034155,58571250,0.715,0.71398614394212,-0.069881202
2024-08-16,560050.SH,汇添富MSCI中国A50互联互通ETF,20211108,MSCI中国A50互联互通人民币指数,MSCI中国A50互联互通人民币指数收益率,汇添富基金管理股份有限公司,交通银行股份有限公司,股票型ETF,规模指数ETF,746059.MSI,5695514800.8,103441461,74309489,0.72,0.71837238455091,0.069492703
2024-08-19,560050.SH,汇添富MSCI中国A50互联互通ETF,20211108,MSCI中国A50互联互通人民币指数,MSCI中国A50互联互通人民币指数收益率,汇添富基金管理股份有限公司,交通银行股份有限公司,股票型ETF,规模指数ETF,746059.MSI,5697587604.0,81479982,58871839,0.721,0.72253132063775,-0.207612457
2024-08-20,560050.SH,汇添富MSCI中国A50互联互通ETF,20211108,MSCI中国A50互联互通人民币指数,MSCI中国A50互联互通人民币指数收益率,汇添富基金管理股份有限公司,交通银行股份有限公司,股票型ETF,规模指数ETF,746059.MSI,5657695840.16,91676236,65860623,0.719,0.71840452742846,0.01391014
2024-08-21,560050.SH,汇添富MSCI中国A50互联互通ETF,20211108,MSCI中国A50互联互通人民币指数,MSCI中国A50互联互通人民币指数收益率,汇添富基金管理股份有限公司,交通银行股份有限公司,股票型ETF,规模指数ETF,746059.MSI,5658482833.6,56463142,40574367,0.718,0.71859917041103,-0.139082058
2024-08-22,560050.SH,汇添富MSCI中国A50互联互通ETF,20211108,MSCI中国A50互联互通人民币指数,MSCI中国A50互联互通人民币指数收益率,汇添富基金管理股份有限公司,交通银行股份有限公司,股票型ETF,规模指数ETF,746059.MSI,5676583682.72,89301157,64268010,0.72,0.71967723777644,-0.18023014
2024-08-23,560050.SH,汇添富MSCI中国A50互联互通ETF,20211108,MSCI中国A50互联互通人民币指数,MSCI中国A50互联互通人民币指数收益率,汇添富基金管理股份有限公司,交通银行股份有限公司,股票型ETF,规模指数ETF,746059.MSI,5706902066.24,58612773,42386789,0.725,0.72316641630315,0.055202871
2024-08-26,560050.SH,汇添富MSCI中国A50互联互通ETF,20211108,MSCI中国A50互联互通人民币指数,MSCI中国A50互联互通人民币指数收益率,汇添富基金管理股份有限公司,交通银行股份有限公司,股票型ETF,规模指数ETF,746059.MSI,5708221423.68,111110124,80118147,0.723,0.72106972898347,0.110772639
2024-08-27,560050.SH,汇添富MSCI中国A50互联互通ETF,20211108,MSCI中国A50互联互通人民币指数,MSCI中国A50互联互通人民币指数收益率,汇添富基金管理股份有限公司,交通银行股份有限公司,股票型ETF,规模指数ETF,746059.MSI,5699039607.36,86252818,62090861,0.72,0.71987052063621,0.083402836
2024-08-28,560050.SH,汇添富MSCI中国A50互联互通ETF,20211108,MSCI中国A50互联互通人民币指数,MSCI中国A50互联互通人民币指数收益率,汇添富基金管理股份有限公司,交通银行股份有限公司,股票型ETF,规模指数ETF,746059.MSI,5639610581.28,159812917,114001057,0.713,0.7133406932307,-0.098080426
2024-08-29,560050.SH,汇添富MSCI中国A50互联互通ETF,20211108,MSCI中国A50互联互通人民币指数,MSCI中国A50互联互通人民币指数收益率,汇添富基金管理股份有限公司,交通银行股份有限公司,股票型ETF,规模指数ETF,746059.MSI,5606272210.88,114805065,81554400,0.71,0.71037283938649,-0.028161081
2024-08-30,560050.SH,汇添富MSCI中国A50互联互通ETF,20211108,MSCI中国A50互联互通人民币指数,MSCI中国A50互联互通人民币指数收益率,汇添富基金管理股份有限公司,交通银行股份有限公司,股票型ETF,规模指数ETF,746059.MSI,5730727344.96,168147904,121718614,0.724,0.72387827088228,0.082941664
2024-09-02,560050.SH,汇添富MSCI中国A50互联互通ETF,20211108,MSCI中国A50互联互通人民币指数,MSCI中国A50互联互通人民币指数收益率,汇添富基金管理股份有限公司,交通银行股份有限公司,股票型ETF,规模指数ETF,746059.MSI,5628550132.16,101359530,72389282,0.711,0.71418328399905,-0.056227158
2024-09-03,560050.SH,汇添富MSCI中国A50互联互通ETF,20211108,MSCI中国A50互联互通人民币指数,MSCI中国A50互联互通人民币指数收益率,汇添富基金管理股份有限公司,交通银行股份有限公司,股票型ETF,规模指数ETF,746059.MSI,5617010945.28,81526629,57940255,0.711,0.71069116570489,-0.028121485
2024-09-04,560050.SH,汇添富MSCI中国A50互联互通ETF,20211108,MSCI中国A50互联互通人民币指数,MSCI中国A50互联互通人民币指数收益率,汇添富基金管理股份有限公司,交通银行股份有限公司,股票型ETF,规模指数ETF,746059.MSI,5515091358.56,153225449,108036774,0.706,0.70508374884906,0.156050504
2024-09-05,560050.SH,汇添富MSCI中国A50互联互通ETF,20211108,MSCI中国A50互联互通人民币指数,MSCI中国A50互联互通人民币指数收益率,汇添富基金管理股份有限公司,交通银行股份有限公司,股票型ETF,规模指数ETF,746059.MSI,5425880997.92,213277439,150126930,0.705,0.70390441063014,0.099389465
2024-09-06,560050.SH,汇添富MSCI中国A50互联互通ETF,20211108,MSCI中国A50互联互通人民币指数,MSCI中国A50互联互通人民币指数收益率,汇添富基金管理股份有限公司,交通银行股份有限公司,股票型ETF,规模指数ETF,746059.MSI,5385334119.36,79580422,55930727,0.7,0.70282018610055,0.085787818
2024-09-09,560050.SH,汇添富MSCI中国A50互联互通ETF,20211108,MSCI中国A50互联互通人民币指数,MSCI中国A50互联互通人民币指数收益率,汇添富基金管理股份有限公司,交通银行股份有限公司,股票型ETF,规模指数ETF,746059.MSI,5327125791.68,74588962,51657652,0.692,0.69256429657782,-0.028893383
2024-09-10,560050.SH,汇添富MSCI中国A50互联互通ETF,20211108,MSCI中国A50互联互通人民币指数,MSCI中国A50互联互通人民币指数收益率,汇添富基金管理股份有限公司,交通银行股份有限公司,股票型ETF,规模指数ETF,746059.MSI,5333888886.72,87470975,60596653,0.693,0.69276297651878,-0.115307005
2024-09-11,560050.SH,汇添富MSCI中国A50互联互通ETF,20211108,MSCI中国A50互联互通人民币指数,MSCI中国A50互联互通人民币指数收益率,汇添富基金管理股份有限公司,交通银行股份有限公司,股票型ETF,规模指数ETF,746059.MSI,5312057637.6,53624304,37043177,0.692,0.69079082126642,0.07230658
2024-09-12,560050.SH,汇添富MSCI中国A50互联互通ETF,20211108,MSCI中国A50互联互通人民币指数,MSCI中国A50互联互通人民币指数收益率,汇添富基金管理股份有限公司,交通银行股份有限公司,股票型ETF,规模指数ETF,746059.MSI,5339876388.48,166136664,114939892,0.69,0.69183941240087,0.116076611
2024-09-13,560050.SH,汇添富MSCI中国A50互联互通ETF,20211108,MSCI中国A50互联互通人民币指数,MSCI中国A50互联互通人民币指数收益率,汇添富基金管理股份有限公司,交通银行股份有限公司,股票型ETF,规模指数ETF,746059.MSI,5321350781.92,144347992,99827033,0.689,0.69157202408469,-0.043522414
2024-09-18,560050.SH,汇添富MSCI中国A50互联互通ETF,20211108,MSCI中国A50互联互通人民币指数,MSCI中国A50互联互通人民币指数收益率,汇添富基金管理股份有限公司,交通银行股份有限公司,股票型ETF,规模指数ETF,746059.MSI,5326500244.16,81610287,56317780,0.691,0.69008187656539,-0.05785363
2024-09-19,560050.SH,汇添富MSCI中国A50互联互通ETF,20211108,MSCI中国A50互联互通人民币指数,MSCI中国A50互联互通人民币指数收益率,汇添富基金管理股份有限公司,交通银行股份有限公司,股票型ETF,规模指数ETF,746059.MSI,5361757496.48,100064340,69481183,0.697,0.69436507551042,0.043060141
2024-09-20,560050.SH,汇添富MSCI中国A50互联互通ETF,20211108,MSCI中国A50互联互通人民币指数,MSCI中国A50互联互通人民币指数收益率,汇添富基金管理股份有限公司,交通银行股份有限公司,股票型ETF,规模指数ETF,746059.MSI,5326969952.16,131293119,91281113,0.698,0.69524674023473,-0.128773787
2024-09-23,560050.SH,汇添富MSCI中国A50互联互通ETF,20211108,MSCI中国A50互联互通人民币指数,MSCI中国A50互联互通人民币指数收益率,汇添富基金管理股份有限公司,交通银行股份有限公司,股票型ETF,规模指数ETF,746059.MSI,5345902801.28,75112472,52716150,0.702,0.70182951773974,0.114090131
2024-09-24,560050.SH,汇添富MSCI中国A50互联互通ETF,20211108,MSCI中国A50互联互通人民币指数,MSCI中国A50互联互通人民币指数收益率,汇添富基金管理股份有限公司,交通银行股份有限公司,股票型ETF,规模指数ETF,746059.MSI,5639375829.92,231828821,167501411,0.735,0.72252194648395,0.095328885
2024-09-25,560050.SH,汇添富MSCI中国A50互联互通ETF,20211108,MSCI中国A50互联互通人民币指数,MSCI中国A50互联互通人民币指数收益率,汇添富基金管理股份有限公司,交通银行股份有限公司,股票型ETF,规模指数ETF,746059.MSI,5761947888.64,192818474,145157560,0.746,0.75281977389781,0.053648069
2024-09-26,560050.SH,汇添富MSCI中国A50互联互通ETF,20211108,MSCI中国A50互联互通人民币指数,MSCI中国A50互联互通人民币指数收益率,汇添富基金管理股份有限公司,交通银行股份有限公司,股票型ETF,规模指数ETF,746059.MSI,6005413232.16,183072670,139449429,0.777,0.76171625726549,0.400568549
2024-09-27,560050.SH,汇添富MSCI中国A50互联互通ETF,20211108,MSCI中国A50互联互通人民币指数,MSCI中国A50互联互通人民币指数收益率,汇添富基金管理股份有限公司,交通银行股份有限公司,股票型ETF,规模指数ETF,746059.MSI,6244587851.04,97498097,77236122,0.798,0.79218081559069,-0.758612113
2024-09-30,560050.SH,汇添富MSCI中国A50互联互通ETF,20211108,MSCI中国A50互联互通人民币指数,MSCI中国A50互联互通人民币指数收益率,汇添富基金管理股份有限公司,交通银行股份有限公司,股票型ETF,规模指数ETF,746059.MSI,6659862688.6505,405089004,343418172,0.874,0.84775979749872,1.075517521
2024-10-08,560050.SH,汇添富MSCI中国A50互联互通ETF,20211108,MSCI中国A50互联互通人民币指数,MSCI中国A50互联互通人民币指数收益率,汇添富基金管理股份有限公司,交通银行股份有限公司,股票型ETF,规模指数ETF,746059.MSI,7002933415.52,304081290,279862616,0.915,0.92035460649355,0.737641748
2024-10-09,560050.SH,汇添富MSCI中国A50互联互通ETF,20211108,MSCI中国A50互联互通人民币指数,MSCI中国A50互联互通人民币指数收益率,汇添富基金管理股份有限公司,交通银行股份有限公司,股票型ETF,规模指数ETF,746059.MSI,6504146515.52,351871408,304704621,0.846,0.86595447675589,0.023646252
2024-10-10,560050.SH,汇添富MSCI中国A50互联互通ETF,20211108,MSCI中国A50互联互通人民币指数,MSCI中国A50互联互通人民币指数收益率,汇添富基金管理股份有限公司,交通银行股份有限公司,股票型ETF,规模指数ETF,746059.MSI,6599402593.76,211202085,182870962,0.861,0.86585774946303,-0.220187739
2024-10-11,560050.SH,汇添富MSCI中国A50互联互通ETF,20211108,MSCI中国A50互联互通人民币指数,MSCI中国A50互联互通人民币指数收益率,汇添富基金管理股份有限公司,交通银行股份有限公司,股票型ETF,规模指数ETF,746059.MSI,6405939309.12,123790469,104651954,0.84,0.84539589231219,0.023815194
2024-10-14,560050.SH,汇添富MSCI中国A50互联互通ETF,20211108,MSCI中国A50互联互通人民币指数,MSCI中国A50互联互通人民币指数收益率,汇添富基金管理股份有限公司,交通银行股份有限公司,股票型ETF,规模指数ETF,746059.MSI,6507254905.44,161854903,137136467,0.854,0.84728027670561,-0.128639925
2024-10-15,560050.SH,汇添富MSCI中国A50互联互通ETF,20211108,MSCI中国A50互联互通人民币指数,MSCI中国A50互联互通人民币指数收益率,汇添富基金管理股份有限公司,交通银行股份有限公司,股票型ETF,规模指数ETF,746059.MSI,6296820647.04,116920583,98417836,0.831,0.84174944628868,-0.072150072
2024-10-16,560050.SH,汇添富MSCI中国A50互联互通ETF,20211108,MSCI中国A50互联互通人民币指数,MSCI中国A50互联互通人民币指数收益率,汇添富基金管理股份有限公司,交通银行股份有限公司,股票型ETF,规模指数ETF,746059.MSI,6255584847.2,96217382,79439123,0.824,0.82562133108132,-0.181708056
2024-10-17,560050.SH,汇添富MSCI中国A50互联互通ETF,20211108,MSCI中国A50互联互通人民币指数,MSCI中国A50互联互通人民币指数收益率,汇添富基金管理股份有限公司,交通银行股份有限公司,股票型ETF,规模指数ETF,746059.MSI,6165826181.92,101809959,83865125,0.814,0.82374186006695,-0.036841459
2024-10-18,560050.SH,汇添富MSCI中国A50互联互通ETF,20211108,MSCI中国A50互联互通人民币指数,MSCI中国A50互联互通人民币指数收益率,汇添富基金管理股份有限公司,交通银行股份有限公司,股票型ETF,规模指数ETF,746059.MSI,6391877394.24,160020857,133515334,0.846,0.834362073189,0.165758939
2024-10-21,560050.SH,汇添富MSCI中国A50互联互通ETF,20211108,MSCI中国A50互联互通人民币指数,MSCI中国A50互联互通人民币指数收益率,汇添富基金管理股份有限公司,交通银行股份有限公司,股票型ETF,规模指数ETF,746059.MSI,6366559535.2,381616585,323350632,0.845,0.84731807974226,-0.059136606
2024-10-22,560050.SH,汇添富MSCI中国A50互联互通ETF,20211108,MSCI中国A50互联互通人民币指数,MSCI中国A50互联互通人民币指数收益率,汇添富基金管理股份有限公司,交通银行股份有限公司,股票型ETF,规模指数ETF,746059.MSI,6344215285.92,141077338,119657432,0.849,0.84816905178633,-0.035323207
2024-10-23,560050.SH,汇添富MSCI中国A50互联互通ETF,20211108,MSCI中国A50互联互通人民币指数,MSCI中国A50互联互通人民币指数收益率,汇添富基金管理股份有限公司,交通银行股份有限公司,股票型ETF,规模指数ETF,746059.MSI,6320968266.24,346254767,294833174,0.848,0.85149202870036,-0.188323917
2024-10-24,560050.SH,汇添富MSCI中国A50互联互通ETF,20211108,MSCI中国A50互联互通人民币指数,MSCI中国A50互联互通人民币指数收益率,汇添富基金管理股份有限公司,交通银行股份有限公司,股票型ETF,规模指数ETF,746059.MSI,6364437748.48,325218427,273380776,0.839,0.84060666095036,-0.023832221
2024-10-25,560050.SH,汇添富MSCI中国A50互联互通ETF,20211108,MSCI中国A50互联互通人民币指数,MSCI中国A50互联互通人民币指数收益率,汇添富基金管理股份有限公司,交通银行股份有限公司,股票型ETF,规模指数ETF,746059.MSI,6379770830.4,97897728,82228951,0.842,0.83994749091623,0.118906064
2024-10-28,560050.SH,汇添富MSCI中国A50互联互通ETF,20211108,MSCI中国A50互联互通人民币指数,MSCI中国A50互联互通人民币指数收益率,汇添富基金管理股份有限公司,交通银行股份有限公司,股票型ETF,规模指数ETF,746059.MSI,6398710797.6,143533570,120257525,0.842,0.8378355321337,0.059417706
2024-10-29,560050.SH,汇添富MSCI中国A50互联互通ETF,20211108,MSCI中国A50互联互通人民币指数,MSCI中国A50互联互通人民币指数收益率,汇添富基金管理股份有限公司,交通银行股份有限公司,股票型ETF,规模指数ETF,746059.MSI,6247638378.08,249825517,209356642,0.836,0.83801144300244,0.03589805
2024-10-30,560050.SH,汇添富MSCI中国A50互联互通ETF,20211108,MSCI中国A50互联互通人民币指数,MSCI中国A50互联互通人民币指数收益率,汇添富基金管理股份有限公司,交通银行股份有限公司,股票型ETF,规模指数ETF,746059.MSI,6175995617.6,92230054,76626729,0.83,0.83082168638869,0.120627262
2024-10-31,560050.SH,汇添富MSCI中国A50互联互通ETF,20211108,MSCI中国A50互联互通人民币指数,MSCI中国A50互联互通人民币指数收益率,汇添富基金管理股份有限公司,交通银行股份有限公司,股票型ETF,规模指数ETF,746059.MSI,6125882771.84,100377480,82589214,0.824,0.82278628632638,0.048567266
2024-11-01,560050.SH,汇添富MSCI中国A50互联互通ETF,20211108,MSCI中国A50互联互通人民币指数,MSCI中国A50互联互通人民币指数收益率,汇添富基金管理股份有限公司,交通银行股份有限公司,股票型ETF,规模指数ETF,746059.MSI,6132288096.32,140798232,116975212,0.828,0.83080029016273,0.024160425
2024-11-04,560050.SH,汇添富MSCI中国A50互联互通ETF,20211108,MSCI中国A50互联互通人民币指数,MSCI中国A50互联互通人民币指数收益率,汇添富基金管理股份有限公司,交通银行股份有限公司,股票型ETF,规模指数ETF,746059.MSI,6196509853.44,78324689,65132637,0.838,0.83157223899095,0.047755492
2024-11-05,560050.SH,汇添富MSCI中国A50互联互通ETF,20211108,MSCI中国A50互联互通人民币指数,MSCI中国A50互联互通人民币指数收益率,汇添富基金管理股份有限公司,交通银行股份有限公司,股票型ETF,规模指数ETF,746059.MSI,6308048003.84,104920064,88825370,0.854,0.84660041762841,0.046860356
2024-11-06,560050.SH,汇添富MSCI中国A50互联互通ETF,20211108,MSCI中国A50互联互通人民币指数,MSCI中国A50互联互通人民币指数收益率,汇添富基金管理股份有限公司,交通银行股份有限公司,股票型ETF,规模指数ETF,746059.MSI,6191968659.84,155765599,131883048,0.843,0.84667634475569,-0.071123755
2024-11-07,560050.SH,汇添富MSCI中国A50互联互通ETF,20211108,MSCI中国A50互联互通人民币指数,MSCI中国A50互联互通人民币指数收益率,汇添富基金管理股份有限公司,交通银行股份有限公司,股票型ETF,规模指数ETF,746059.MSI,6300897065.76,207763455,177300789,0.869,0.85337813139467,0.126742712
2024-11-08,560050.SH,汇添富MSCI中国A50互联互通ETF,20211108,MSCI中国A50互联互通人民币指数,MSCI中国A50互联互通人民币指数收益率,汇添富基金管理股份有限公司,交通银行股份有限公司,股票型ETF,规模指数ETF,746059.MSI,6199757669.28,131561313,114110531,0.859,0.86735627972944,0.034936532
2024-11-11,560050.SH,汇添富MSCI中国A50互联互通ETF,20211108,MSCI中国A50互联互通人民币指数,MSCI中国A50互联互通人民币指数收益率,汇添富基金管理股份有限公司,交通银行股份有限公司,股票型ETF,规模指数ETF,746059.MSI,6186389052.96,149928104,127184994,0.855,0.8483065589891,-0.105152471
2024-11-12,560050.SH,汇添富MSCI中国A50互联互通ETF,20211108,MSCI中国A50互联互通人民币指数,MSCI中国A50互联互通人民币指数收益率,汇添富基金管理股份有限公司,交通银行股份有限公司,股票型ETF,规模指数ETF,746059.MSI,6099876361.44,113238959,96461530,0.845,0.85184048715955,-0.011832919
2024-11-13,560050.SH,汇添富MSCI中国A50互联互通ETF,20211108,MSCI中国A50互联互通人民币指数,MSCI中国A50互联互通人民币指数收益率,汇添富基金管理股份有限公司,交通银行股份有限公司,股票型ETF,规模指数ETF,746059.MSI,6169148102.24,95047563,80519220,0.852,0.84714660174927,-0.011735712
2024-11-14,560050.SH,汇添富MSCI中国A50互联互通ETF,20211108,MSCI中国A50互联互通人民币指数,MSCI中国A50互联互通人民币指数收益率,汇添富基金管理股份有限公司,交通银行股份有限公司,股票型ETF,规模指数ETF,746059.MSI,6110204200.96,170088325,143817941,0.838,0.8455485760119,-0.047709924
2024-11-15,560050.SH,汇添富MSCI中国A50互联互通ETF,20211108,MSCI中国A50互联互通人民币指数,MSCI中国A50互联互通人民币指数收益率,汇添富基金管理股份有限公司,交通银行股份有限公司,股票型ETF,规模指数ETF,746059.MSI,6020950234.08,113959774,94991943,0.826,0.83355678644993,0.036332809
2024-11-18,560050.SH,汇添富MSCI中国A50互联互通ETF,20211108,MSCI中国A50互联互通人民币指数,MSCI中国A50互联互通人民币指数收益率,汇添富基金管理股份有限公司,交通银行股份有限公司,股票型ETF,规模指数ETF,746059.MSI,6017647434.08,128719430,106844270,0.826,0.83005549356457,0.036332809
2024-11-19,560050.SH,汇添富MSCI中国A50互联互通ETF,20211108,MSCI中国A50互联互通人民币指数,MSCI中国A50互联互通人民币指数收益率,汇添富基金管理股份有限公司,交通银行股份有限公司,股票型ETF,规模指数ETF,746059.MSI,6038053650.4,56249569,46344283,0.828,0.82390467738517,-0.06035003
2024-11-20,560050.SH,汇添富MSCI中国A50互联互通ETF,20211108,MSCI中国A50互联互通人民币指数,MSCI中国A50互联互通人民币指数收益率,汇添富基金管理股份有限公司,交通银行股份有限公司,股票型ETF,规模指数ETF,746059.MSI,6048256758.56,64016199,53033653,0.829,0.82844114190535,-0.108446801
2024-11-21,560050.SH,汇添富MSCI中国A50互联互通ETF,20211108,MSCI中国A50互联互通人民币指数,MSCI中国A50互联互通人民币指数收益率,汇添富基金管理股份有限公司,交通银行股份有限公司,股票型ETF,规模指数ETF,746059.MSI,6048782738.88,51248894,42441818,0.83,0.82815090604687,-0.024090581
2024-11-22,560050.SH,汇添富MSCI中国A50互联互通ETF,20211108,MSCI中国A50互联互通人民币指数,MSCI中国A50互联互通人民币指数收益率,汇添富基金管理股份有限公司,交通银行股份有限公司,股票型ETF,规模指数ETF,746059.MSI,5856910306.72,118804241,96924420,0.807,0.81583299707289,0.086816321
2024-11-25,560050.SH,汇添富MSCI中国A50互联互通ETF,20211108,MSCI中国A50互联互通人民币指数,MSCI中国A50互联互通人民币指数收益率,汇添富基金管理股份有限公司,交通银行股份有限公司,股票型ETF,规模指数ETF,746059.MSI,5792974339.68,89485329,71878305,0.8,0.80324122180967,0.037514068
2024-11-26,560050.SH,汇添富MSCI中国A50互联互通ETF,20211108,MSCI中国A50互联互通人民币指数,MSCI中国A50互联互通人民币指数收益率,汇添富基金管理股份有限公司,交通银行股份有限公司,股票型ETF,规模指数ETF,746059.MSI,5803421074.08,60929380,48847246,0.801,0.8017026597021,0.037467216
2024-11-27,560050.SH,汇添富MSCI中国A50互联互通ETF,20211108,MSCI中国A50互联互通人民币指数,MSCI中国A50互联互通人民币指数收益率,汇添富基金管理股份有限公司,交通银行股份有限公司,股票型ETF,规模指数ETF,746059.MSI,5851386686.88,165046080,133060210,0.813,0.80620036537675,0.03691399
2024-11-28,560050.SH,汇添富MSCI中国A50互联互通ETF,20211108,MSCI中国A50互联互通人民币指数,MSCI中国A50互联互通人民币指数收益率,汇添富基金管理股份有限公司,交通银行股份有限公司,股票型ETF,规模指数ETF,746059.MSI,5756412185.44,100864069,81296227,0.804,0.80599789207394,-0.13662899
2024-11-29,560050.SH,汇添富MSCI中国A50互联互通ETF,20211108,MSCI中国A50互联互通人民币指数,MSCI中国A50互联互通人民币指数收益率,汇添富基金管理股份有限公司,交通银行股份有限公司,股票型ETF,规模指数ETF,746059.MSI,5924221191.84,247516563,200423693,0.811,0.80973851030729,-0.012328936
2024-12-02,560050.SH,汇添富MSCI中国A50互联互通ETF,20211108,MSCI中国A50互联互通人民币指数,MSCI中国A50互联互通人民币指数收益率,汇添富基金管理股份有限公司,交通银行股份有限公司,股票型ETF,规模指数ETF,746059.MSI,5955533719.52,72398786,59090082,0.818,0.81617503917814,-0.036661371
2024-12-03,560050.SH,汇添富MSCI中国A50互联互通ETF,20211108,MSCI中国A50互联互通人民币指数,MSCI中国A50互联互通人民币指数收益率,汇添富基金管理股份有限公司,交通银行股份有限公司,股票型ETF,规模指数ETF,746059.MSI,5930571834.24,100456128,81977631,0.819,0.81605405894203,-0.073206442
2024-12-04,560050.SH,汇添富MSCI中国A50互联互通ETF,20211108,MSCI中国A50互联互通人民币指数,MSCI中国A50互联互通人民币指数收益率,汇添富基金管理股份有限公司,交通银行股份有限公司,股票型ETF,规模指数ETF,746059.MSI,5897919952.32,71335607,58285422,0.816,0.81705931232911,-0.220102715
2024-12-05,560050.SH,汇添富MSCI中国A50互联互通ETF,20211108,MSCI中国A50互联互通人民币指数,MSCI中国A50互联互通人民币指数收益率,汇添富基金管理股份有限公司,交通银行股份有限公司,股票型ETF,规模指数ETF,746059.MSI,5863118654.08,35424693,28801018,0.813,0.81302096252464,-0.024594196
2024-12-06,560050.SH,汇添富MSCI中国A50互联互通ETF,20211108,MSCI中国A50互联互通人民币指数,MSCI中国A50互联互通人民币指数收益率,汇添富基金管理股份有限公司,交通银行股份有限公司,股票型ETF,规模指数ETF,746059.MSI,5805833899.68,256291531,209702607,0.825,0.81821902651945,0.036376864
2024-12-09,560050.SH,汇添富MSCI中国A50互联互通ETF,20211108,MSCI中国A50互联互通人民币指数,MSCI中国A50互联互通人民币指数收益率,汇添富基金管理股份有限公司,交通银行股份有限公司,股票型ETF,规模指数ETF,746059.MSI,5787262165.28,49170483,40485361,0.824,0.82336716114828,0.036421027
2024-12-10,560050.SH,汇添富MSCI中国A50互联互通ETF,20211108,MSCI中国A50互联互通人民币指数,MSCI中国A50互联互通人民币指数收益率,汇添富基金管理股份有限公司,交通银行股份有限公司,股票型ETF,规模指数ETF,746059.MSI,5862273066.72,144435423,121485353,0.832,0.84110497602794,0.084205461
2024-12-11,560050.SH,汇添富MSCI中国A50互联互通ETF,20211108,MSCI中国A50互联互通人民币指数,MSCI中国A50互联互通人民币指数收益率,汇添富基金管理股份有限公司,交通银行股份有限公司,股票型ETF,规模指数ETF,746059.MSI,5841632135.68,46369533,38471307,0.828,0.82966776913626,0.096711799
2024-12-12,560050.SH,汇添富MSCI中国A50互联互通ETF,20211108,MSCI中国A50互联互通人民币指数,MSCI中国A50互联互通人民币指数收益率,汇添富基金管理股份有限公司,交通银行股份有限公司,股票型ETF,规模指数ETF,746059.MSI,5913925879.68,62674203,52174792,0.837,0.83247635394741,-0.023889154
2024-12-13,560050.SH,汇添富MSCI中国A50互联互通ETF,20211108,MSCI中国A50互联互通人民币指数,MSCI中国A50互联互通人民币指数收益率,汇添富基金管理股份有限公司,交通银行股份有限公司,股票型ETF,规模指数ETF,746059.MSI,5736620329.44,117395295,96359609,0.816,0.82081321061462,0.1104159
2024-12-16,560050.SH,汇添富MSCI中国A50互联互通ETF,20211108,MSCI中国A50互联互通人民币指数,MSCI中国A50互联互通人民币指数收益率,汇添富基金管理股份有限公司,交通银行股份有限公司,股票型ETF,规模指数ETF,746059.MSI,5711987559.04,38336154,31131724,0.811,0.81207217604562,-0.073928043
2024-12-17,560050.SH,汇添富MSCI中国A50互联互通ETF,20211108,MSCI中国A50互联互通人民币指数,MSCI中国A50互联互通人民币指数收益率,汇添富基金管理股份有限公司,交通银行股份有限公司,股票型ETF,规模指数ETF,746059.MSI,5759370332.64,78332265,64261088,0.818,0.82036550328271,-0.012223445
2024-12-18,560050.SH,汇添富MSCI中国A50互联互通ETF,20211108,MSCI中国A50互联互通人民币指数,MSCI中国A50互联互通人民币指数收益率,汇添富基金管理股份有限公司,交通银行股份有限公司,股票型ETF,规模指数ETF,746059.MSI,5768998981.76,50509934,41487811,0.821,0.82137923601326,0.073135056
2024-12-19,560050.SH,汇添富MSCI中国A50互联互通ETF,20211108,MSCI中国A50互联互通人民币指数,MSCI中国A50互联互通人民币指数收益率,汇添富基金管理股份有限公司,交通银行股份有限公司,股票型ETF,规模指数ETF,746059.MSI,5771805109.6,40438806,33118254,0.822,0.81897210318227,0.060864273
2024-12-20,560050.SH,汇添富MSCI中国A50互联互通ETF,20211108,MSCI中国A50互联互通人民币指数,MSCI中国A50互联互通人民币指数收益率,汇添富基金管理股份有限公司,交通银行股份有限公司,股票型ETF,规模指数ETF,746059.MSI,5728266470.4,39580945,32386608,0.816,0.81823736143743,0
2024-12-23,560050.SH,汇添富MSCI中国A50互联互通ETF,20211108,MSCI中国A50互联互通人民币指数,MSCI中国A50互联互通人民币指数收益率,汇添富基金管理股份有限公司,交通银行股份有限公司,股票型ETF,规模指数ETF,746059.MSI,5725242037.44,111821132,92097918,0.823,0.8236181869452,0.048626307
2024-12-24,560050.SH,汇添富MSCI中国A50互联互通ETF,20211108,MSCI中国A50互联互通人民币指数,MSCI中国A50互联互通人民币指数收益率,汇添富基金管理股份有限公司,交通银行股份有限公司,股票型ETF,规模指数ETF,746059.MSI,5815438050.24,90650605,75236655,0.834,0.82996307636336,-0.071890726
2024-12-25,560050.SH,汇添富MSCI中国A50互联互通ETF,20211108,MSCI中国A50互联互通人民币指数,MSCI中国A50互联互通人民币指数收益率,汇添富基金管理股份有限公司,交通银行股份有限公司,股票型ETF,规模指数ETF,746059.MSI,5787761053.44,86548022,72482411,0.838,0.8374820050769,0.047755492
2024-12-26,560050.SH,汇添富MSCI中国A50互联互通ETF,20211108,MSCI中国A50互联互通人民币指数,MSCI中国A50互联互通人民币指数收益率,汇添富基金管理股份有限公司,交通银行股份有限公司,股票型ETF,规模指数ETF,746059.MSI,5775033158.4,58447341,48807903,0.836,0.8350748240198,0
2024-12-27,560050.SH,汇添富MSCI中国A50互联互通ETF,20211108,MSCI中国A50互联互通人民币指数,MSCI中国A50互联互通人民币指数收益率,汇添富基金管理股份有限公司,交通银行股份有限公司,股票型ETF,规模指数ETF,746059.MSI,5799998869.92,135802366,113401814,0.834,0.83505035545552,-0.035958288
2024-12-30,560050.SH,汇添富MSCI中国A50互联互通ETF,20211108,MSCI中国A50互联互通人民币指数,MSCI中国A50互联互通人民币指数收益率,汇添富基金管理股份有限公司,交通银行股份有限公司,股票型ETF,规模指数ETF,746059.MSI,5829073027.2,84016201,70389583,0.838,0.83780963864338,0
2024-12-31,560050.SH,汇添富MSCI中国A50互联互通ETF,20211108,MSCI中国A50互联互通人民币指数,MSCI中国A50互联互通人民币指数收益率,汇添富基金管理股份有限公司,交通银行股份有限公司,股票型ETF,规模指数ETF,746059.MSI,5737937774.322,88070488,73312153,0.827,0.83242587460172,0.024189647
2025-01-02,560050.SH,汇添富MSCI中国A50互联互通ETF,20211108,MSCI中国A50互联互通人民币指数,MSCI中国A50互联互通人民币指数收益率,汇添富基金管理股份有限公司,交通银行股份有限公司,股票型ETF,规模指数ETF,746059.MSI,5581275703.52,85775439,69670336,0.803,0.81224108920037,-0.037345948
2025-01-03,560050.SH,汇添富MSCI中国A50互联互通ETF,20211108,MSCI中国A50互联互通人民币指数,MSCI中国A50互联互通人民币指数收益率,汇添富基金管理股份有限公司,交通银行股份有限公司,股票型ETF,规模指数ETF,746059.MSI,5538969457.76,87338174,70221159,0.799,0.80401450802028,0.137861887
2025-01-06,560050.SH,汇添富MSCI中国A50互联互通ETF,20211108,MSCI中国A50互联互通人民币指数,MSCI中国A50互联互通人民币指数收益率,汇添富基金管理股份有限公司,交通银行股份有限公司,股票型ETF,规模指数ETF,746059.MSI,5536027175.84,61319220,48789085,0.797,0.79565729961992,0.113051124
2025-01-07,560050.SH,汇添富MSCI中国A50互联互通ETF,20211108,MSCI中国A50互联互通人民币指数,MSCI中国A50互联互通人民币指数收益率,汇添富基金管理股份有限公司,交通银行股份有限公司,股票型ETF,规模指数ETF,746059.MSI,5580797323.2,54811063,43822514,0.803,0.79951950576109,0
2025-01-08,560050.SH,汇添富MSCI中国A50互联互通ETF,20211108,MSCI中国A50互联互通人民币指数,MSCI中国A50互联互通人民币指数收益率,汇添富基金管理股份有限公司,交通银行股份有限公司,股票型ETF,规模指数ETF,746059.MSI,5534347520.0,98558224,78522761,0.799,0.7967144476954,-0.125
2025-01-09,560050.SH,汇添富MSCI中国A50互联互通ETF,20211108,MSCI中国A50互联互通人民币指数,MSCI中国A50互联互通人民币指数收益率,汇添富基金管理股份有限公司,交通银行股份有限公司,股票型ETF,规模指数ETF,746059.MSI,5510066995.52,69152043,55117355,0.797,0.79704593832463,0.150791656
2025-01-10,560050.SH,汇添富MSCI中国A50互联互通ETF,20211108,MSCI中国A50互联互通人民币指数,MSCI中国A50互联互通人民币指数收益率,汇添富基金管理股份有限公司,交通银行股份有限公司,股票型ETF,规模指数ETF,746059.MSI,5448820405.6,41909762,33186598,0.787,0.79185842191134,0.063572791
2025-01-13,560050.SH,汇添富MSCI中国A50互联互通ETF,20211108,MSCI中国A50互联互通人民币指数,MSCI中国A50互联互通人民币指数收益率,汇添富基金管理股份有限公司,交通银行股份有限公司,股票型ETF,规模指数ETF,746059.MSI,5434271743.36,33954111,26617843,0.784,0.78393579499107,-0.050994391
2025-01-14,560050.SH,汇添富MSCI中国A50互联互通ETF,20211108,MSCI中国A50互联互通人民币指数,MSCI中国A50互联互通人民币指数收益率,汇添富基金管理股份有限公司,交通银行股份有限公司,股票型ETF,规模指数ETF,746059.MSI,5552263441.28,55056302,43845345,0.8,0.79637286572571,-0.149775337
2025-01-15,560050.SH,汇添富MSCI中国A50互联互通ETF,20211108,MSCI中国A50互联互通人民币指数,MSCI中国A50互联互通人民币指数收益率,汇添富基金管理股份有限公司,交通银行股份有限公司,股票型ETF,规模指数ETF,746059.MSI,5512557402.08,50670654,40360776,0.796,0.79653157821882,0.037702652
2025-01-16,560050.SH,汇添富MSCI中国A50互联互通ETF,20211108,MSCI中国A50互联互通人民币指数,MSCI中国A50互联互通人民币指数收益率,汇添富基金管理股份有限公司,交通银行股份有限公司,股票型ETF,规模指数ETF,746059.MSI,5505342300.48,77911223,61928729,0.795,0.79486275038963,0.100730295
2025-01-17,560050.SH,汇添富MSCI中国A50互联互通ETF,20211108,MSCI中国A50互联互通人民币指数,MSCI中国A50互联互通人民币指数收益率,汇添富基金管理股份有限公司,交通银行股份有限公司,股票型ETF,规模指数ETF,746059.MSI,5496784661.12,60227509,47875184,0.795,0.79490559704204,0.025163563
2025-01-20,560050.SH,汇添富MSCI中国A50互联互通ETF,20211108,MSCI中国A50互联互通人民币指数,MSCI中国A50互联互通人民币指数收益率,汇添富基金管理股份有限公司,交通银行股份有限公司,股票型ETF,规模指数ETF,746059.MSI,5504188995.36,117702607,94497864,0.802,0.80285276943781,0.012470383
2025-01-21,560050.SH,汇添富MSCI中国A50互联互通ETF,20211108,MSCI中国A50互联互通人民币指数,MSCI中国A50互联互通人民币指数收益率,汇添富基金管理股份有限公司,交通银行股份有限公司,股票型ETF,规模指数ETF,746059.MSI,5495231542.88,92553941,74284977,0.802,0.80261279203659,-0.087205681
2025-01-22,560050.SH,汇添富MSCI中国A50互联互通ETF,20211108,MSCI中国A50互联互通人民币指数,MSCI中国A50互联互通人民币指数收益率,汇添富基金管理股份有限公司,交通银行股份有限公司,股票型ETF,规模指数ETF,746059.MSI,5425681133.28,72674631,57650539,0.794,0.79326909826346,0.037797657
2025-01-23,560050.SH,汇添富MSCI中国A50互联互通ETF,20211108,MSCI中国A50互联互通人民币指数,MSCI中国A50互联互通人民币指数收益率,汇添富基金管理股份有限公司,交通银行股份有限公司,股票型ETF,规模指数ETF,746059.MSI,5422528995.52,103214903,82460988,0.796,0.7989252094729,0.025131943
2025-01-24,560050.SH,汇添富MSCI中国A50互联互通ETF,20211108,MSCI中国A50互联互通人民币指数,MSCI中国A50互联互通人民币指数收益率,汇添富基金管理股份有限公司,交通银行股份有限公司,股票型ETF,规模指数ETF,746059.MSI,5460958487.2,39033316,31263552,0.801,0.80094532578272,0.062460962
2025-01-27,560050.SH,汇添富MSCI中国A50互联互通ETF,20211108,MSCI中国A50互联互通人民币指数,MSCI中国A50互联互通人民币指数收益率,汇添富基金管理股份有限公司,交通银行股份有限公司,股票型ETF,规模指数ETF,746059.MSI,5442757031.52,58888587,47180221,0.799,0.80117767132025,0.087686333
2025-02-05,560050.SH,汇添富MSCI中国A50互联互通ETF,20211108,MSCI中国A50互联互通人民币指数,MSCI中国A50互联互通人民币指数收益率,汇添富基金管理股份有限公司,交通银行股份有限公司,股票型ETF,规模指数ETF,746059.MSI,5404556044.8,56911285,45187435,0.793,0.79399779850341,0.126262626
2025-02-06,560050.SH,汇添富MSCI中国A50互联互通ETF,20211108,MSCI中国A50互联互通人民币指数,MSCI中国A50互联互通人民币指数收益率,汇添富基金管理股份有限公司,交通银行股份有限公司,股票型ETF,规模指数ETF,746059.MSI,5417411428.16,122081657,97020410,0.8,0.79471734234407,-0.174694285
2025-02-07,560050.SH,汇添富MSCI中国A50互联互通ETF,20211108,MSCI中国A50互联互通人民币指数,MSCI中国A50互联互通人民币指数收益率,汇添富基金管理股份有限公司,交通银行股份有限公司,股票型ETF,规模指数ETF,746059.MSI,5397005447.52,235437699,190366060,0.814,0.80856235347424,0.086069101
2025-02-10,560050.SH,汇添富MSCI中国A50互联互通ETF,20211108,MSCI中国A50互联互通人民币指数,MSCI中国A50互联互通人民币指数收益率,汇添富基金管理股份有限公司,交通银行股份有限公司,股票型ETF,规模指数ETF,746059.MSI,5402480896.64,56779442,46263447,0.816,0.8147922094761,0.049043649
2025-02-11,560050.SH,汇添富MSCI中国A50互联互通ETF,20211108,MSCI中国A50互联互通人民币指数,MSCI中国A50互联互通人民币指数收益率,汇添富基金管理股份有限公司,交通银行股份有限公司,股票型ETF,规模指数ETF,746059.MSI,5310462667.2,148537673,120730386,0.813,0.8127930346667,0
2025-02-12,560050.SH,汇添富MSCI中国A50互联互通ETF,20211108,MSCI中国A50互联互通人民币指数,MSCI中国A50互联互通人民币指数收益率,汇添富基金管理股份有限公司,交通银行股份有限公司,股票型ETF,规模指数ETF,746059.MSI,5361030076.8,91909818,74960504,0.821,0.81558755779497,-0.121654501
2025-02-13,560050.SH,汇添富MSCI中国A50互联互通ETF,20211108,MSCI中国A50互联互通人民币指数,MSCI中国A50互联互通人民币指数收益率,汇添富基金管理股份有限公司,交通银行股份有限公司,股票型ETF,规模指数ETF,746059.MSI,5351131044.0,100606692,82858636,0.822,0.82358970713399,-0.060790274
2025-02-14,560050.SH,汇添富MSCI中国A50互联互通ETF,20211108,MSCI中国A50互联互通人民币指数,MSCI中国A50互联互通人民币指数收益率,汇添富基金管理股份有限公司,交通银行股份有限公司,股票型ETF,规模指数ETF,746059.MSI,5406720666.72,54207201,44836452,0.831,0.8271309193773,-0.036088055
2025-02-17,560050.SH,汇添富MSCI中国A50互联互通ETF,20211108,MSCI中国A50互联互通人民币指数,MSCI中国A50互联互通人民币指数收益率,汇添富基金管理股份有限公司,交通银行股份有限公司,股票型ETF,规模指数ETF,746059.MSI,5404188725.76,49079347,40672250,0.829,0.82870397603293,-0.168593449
2025-02-18,560050.SH,汇添富MSCI中国A50互联互通ETF,20211108,MSCI中国A50互联互通人民币指数,MSCI中国A50互联互通人民币指数收益率,汇添富基金管理股份有限公司,交通银行股份有限公司,股票型ETF,规模指数ETF,746059.MSI,5370420716.0,88174348,73405904,0.828,0.83250861123464,0.060422961
2025-02-19,560050.SH,汇添富MSCI中国A50互联互通ETF,20211108,MSCI中国A50互联互通人民币指数,MSCI中国A50互联互通人民币指数收益率,汇添富基金管理股份有限公司,交通银行股份有限公司,股票型ETF,规模指数ETF,746059.MSI,5233756519.2,271496404,224877599,0.83,0.82828941999541,-0.060204696
2025-02-20,560050.SH,汇添富MSCI中国A50互联互通ETF,20211108,MSCI中国A50互联互通人民币指数,MSCI中国A50互联互通人民币指数收益率,汇添富基金管理股份有限公司,交通银行股份有限公司,股票型ETF,规模指数ETF,746059.MSI,5209721683.2,64888773,53701401,0.827,0.82759156194863,-0.120772947
2025-02-21,560050.SH,汇添富MSCI中国A50互联互通ETF,20211108,MSCI中国A50互联互通人民币指数,MSCI中国A50互联互通人民币指数收益率,汇添富基金管理股份有限公司,交通银行股份有限公司,股票型ETF,规模指数ETF,746059.MSI,5275784741.92,76301205,63784223,0.838,0.83595302328449,-0.154890981
2025-02-24,560050.SH,汇添富MSCI中国A50互联互通ETF,20211108,MSCI中国A50互联互通人民币指数,MSCI中国A50互联互通人民币指数收益率,汇添富基金管理股份有限公司,交通银行股份有限公司,股票型ETF,规模指数ETF,746059.MSI,5251909138.72,50756299,42437556,0.837,0.83610422422644,0.083702021
2025-02-25,560050.SH,汇添富MSCI中国A50互联互通ETF,20211108,MSCI中国A50互联互通人民币指数,MSCI中国A50互联互通人民币指数收益率,汇添富基金管理股份有限公司,交通银行股份有限公司,股票型ETF,规模指数ETF,746059.MSI,5143273502.88,153212747,127187929,0.828,0.83013934212667,0.036245016
2025-02-26,560050.SH,汇添富MSCI中国A50互联互通ETF,20211108,MSCI中国A50互联互通人民币指数,MSCI中国A50互联互通人民币指数收益率,汇添富基金管理股份有限公司,交通银行股份有限公司,股票型ETF,规模指数ETF,746059.MSI,5173298968.32,82348998,68252239,0.833,0.82881687279304,0.02401537
2025-02-27,560050.SH,汇添富MSCI中国A50互联互通ETF,20211108,MSCI中国A50互联互通人民币指数,MSCI中国A50互联互通人民币指数收益率,汇添富基金管理股份有限公司,交通银行股份有限公司,股票型ETF,规模指数ETF,746059.MSI,5168021905.92,90452224,75327389,0.836,0.8327864774226,-0.095602294
2025-02-28,560050.SH,汇添富MSCI中国A50互联互通ETF,20211108,MSCI中国A50互联互通人民币指数,MSCI中国A50互联互通人民币指数收益率,汇添富基金管理股份有限公司,交通银行股份有限公司,股票型ETF,规模指数ETF,746059.MSI,5057303289.92,102794701,85070747,0.821,0.82757910838225,-0.097347286
2025-03-03,560050.SH,汇添富MSCI中国A50互联互通ETF,20211108,MSCI中国A50互联互通人民币指数,MSCI中国A50互联互通人民币指数收益率,汇添富基金管理股份有限公司,交通银行股份有限公司,股票型ETF,规模指数ETF,746059.MSI,5025123945.76,71342732,58557335,0.818,0.82078907491235,0.012226434
2025-03-04,560050.SH,汇添富MSCI中国A50互联互通ETF,20211108,MSCI中国A50互联互通人民币指数,MSCI中国A50互联互通人民币指数收益率,汇添富基金管理股份有限公司,交通银行股份有限公司,股票型ETF,规模指数ETF,746059.MSI,4994533159.04,66119674,53570012,0.812,0.81019776352799,0.049285362
2025-03-05,560050.SH,汇添富MSCI中国A50互联互通ETF,20211108,MSCI中国A50互联互通人民币指数,MSCI中国A50互联互通人民币指数收益率,汇添富基金管理股份有限公司,交通银行股份有限公司,股票型ETF,规模指数ETF,746059.MSI,5019173644.16,57253864,46588166,0.817,0.81371217146148,0.073493386
2025-03-06,560050.SH,汇添富MSCI中国A50互联互通ETF,20211108,MSCI中国A50互联互通人民币指数,MSCI中国A50互联互通人民币指数收益率,汇添富基金管理股份有限公司,交通银行股份有限公司,股票型ETF,规模指数ETF,746059.MSI,5098851158.56,106768087,88252673,0.829,0.82658288145595,-0.108446801
2025-03-07,560050.SH,汇添富MSCI中国A50互联互通ETF,20211108,MSCI中国A50互联互通人民币指数,MSCI中国A50互联互通人民币指数收益率,汇添富基金管理股份有限公司,交通银行股份有限公司,股票型ETF,规模指数ETF,746059.MSI,5080460807.84,69738109,57637317,0.825,0.82648236131553,-0.133155792
2025-03-10,560050.SH,汇添富MSCI中国A50互联互通ETF,20211108,MSCI中国A50互联互通人民币指数,MSCI中国A50互联互通人民币指数收益率,汇添富基金管理股份有限公司,交通银行股份有限公司,股票型ETF,规模指数ETF,746059.MSI,5054588978.4,70853373,58158233,0.823,0.82082518499155,-0.060716454
2025-03-11,560050.SH,汇添富MSCI中国A50互联互通ETF,20211108,MSCI中国A50互联互通人民币指数,MSCI中国A50互联互通人民币指数收益率,汇添富基金管理股份有限公司,交通银行股份有限公司,股票型ETF,规模指数ETF,746059.MSI,5044473945.6,104517099,85406041,0.822,0.81714898152694,-0.242718447
2025-03-12,560050.SH,汇添富MSCI中国A50互联互通ETF,20211108,MSCI中国A50互联互通人民币指数,MSCI中国A50互联互通人民币指数收益率,汇添富基金管理股份有限公司,交通银行股份有限公司,股票型ETF,规模指数ETF,746059.MSI,5010189030.88,66240733,54518770,0.822,0.82303995639662,-0.085085693
2025-03-13,560050.SH,汇添富MSCI中国A50互联互通ETF,20211108,MSCI中国A50互联互通人民币指数,MSCI中国A50互联互通人民币指数收益率,汇添富基金管理股份有限公司,交通银行股份有限公司,股票型ETF,规模指数ETF,746059.MSI,4970280142.4,92749158,76332727,0.821,0.82300183253416,0
2025-03-14,560050.SH,汇添富MSCI中国A50互联互通ETF,20211108,MSCI中国A50互联互通人民币指数,MSCI中国A50互联互通人民币指数收益率,汇添富基金管理股份有限公司,交通银行股份有限公司,股票型ETF,规模指数ETF,746059.MSI,5128696227.04,285605086,240530328,0.844,0.84217802759997,-0.011846938
2025-03-17,560050.SH,汇添富MSCI中国A50互联互通ETF,20211108,MSCI中国A50互联互通人民币指数,MSCI中国A50互联互通人民币指数收益率,汇添富基金管理股份有限公司,交通银行股份有限公司,股票型ETF,规模指数ETF,746059.MSI,5178698377.92,168404220,142232547,0.84,0.84459015932024,-0.213827512
2025-03-18,560050.SH,汇添富MSCI中国A50互联互通ETF,20211108,MSCI中国A50互联互通人民币指数,MSCI中国A50互联互通人民币指数收益率,汇添富基金管理股份有限公司,交通银行股份有限公司,股票型ETF,规模指数ETF,746059.MSI,5165695718.88,57178319,48181425,0.842,0.84265200241371,-0.083066334
2025-03-19,560050.SH,汇添富MSCI中国A50互联互通ETF,20211108,MSCI中国A50互联互通人民币指数,MSCI中国A50互联互通人民币指数收益率,汇添富基金管理股份有限公司,交通银行股份有限公司,股票型ETF,规模指数ETF,746059.MSI,5185747649.92,46375034,39171099,0.846,0.84465919744663,-0.094473311
2025-03-20,560050.SH,汇添富MSCI中国A50互联互通ETF,20211108,MSCI中国A50互联互通人民币指数,MSCI中国A50互联互通人民币指数收益率,汇添富基金管理股份有限公司,交通银行股份有限公司,股票型ETF,规模指数ETF,746059.MSI,5128221722.24,60531753,50953729,0.839,0.84176860035757,-0.071462601
2025-03-21,560050.SH,汇添富MSCI中国A50互联互通ETF,20211108,MSCI中国A50互联互通人民币指数,MSCI中国A50互联互通人民币指数收益率,汇添富基金管理股份有限公司,交通银行股份有限公司,股票型ETF,规模指数ETF,746059.MSI,5028476011.2,77463500,64179641,0.823,0.82851460365204,0
2025-03-24,560050.SH,汇添富MSCI中国A50互联互通ETF,20211108,MSCI中国A50互联互通人民币指数,MSCI中国A50互联互通人民币指数收益率,汇添富基金管理股份有限公司,交通银行股份有限公司,股票型ETF,规模指数ETF,746059.MSI,5066968597.92,65062477,53805647,0.829,0.82698430002903,-0.036175087
2025-03-25,560050.SH,汇添富MSCI中国A50互联互通ETF,20211108,MSCI中国A50互联互通人民币指数,MSCI中国A50互联互通人民币指数收益率,汇添富基金管理股份有限公司,交通银行股份有限公司,股票型ETF,规模指数ETF,746059.MSI,5048043276.64,75954932,62835735,0.828,0.82727656184328,-0.012075836
2025-03-26,560050.SH,汇添富MSCI中国A50互联互通ETF,20211108,MSCI中国A50互联互通人民币指数,MSCI中国A50互联互通人民币指数收益率,汇添富基金管理股份有限公司,交通银行股份有限公司,股票型ETF,规模指数ETF,746059.MSI,5025845880.0,43581582,36002274,0.824,0.82608919520177,-0.121212121
2025-03-27,560050.SH,汇添富MSCI中国A50互联互通ETF,20211108,MSCI中国A50互联互通人民币指数,MSCI中国A50互联互通人民币指数收益率,汇添富基金管理股份有限公司,交通银行股份有限公司,股票型ETF,规模指数ETF,746059.MSI,5049164611.04,70975188,58790753,0.829,0.82832824620345,-0.012061271
2025-03-28,560050.SH,汇添富MSCI中国A50互联互通ETF,20211108,MSCI中国A50互联互通人民币指数,MSCI中国A50互联互通人民币指数收益率,汇添富基金管理股份有限公司,交通银行股份有限公司,股票型ETF,规模指数ETF,746059.MSI,5016922097.2,53659547,44307433,0.824,0.82571388461405,-0.181708056
2025-03-31,560050.SH,汇添富MSCI中国A50互联互通ETF,20211108,MSCI中国A50互联互通人民币指数,MSCI中国A50互联互通人民币指数收益率,汇添富基金管理股份有限公司,交通银行股份有限公司,股票型ETF,规模指数ETF,746059.MSI,4978329937.5075,71695911,58987408,0.821,0.82274438217265,0.060938452
2025-04-01,560050.SH,汇添富MSCI中国A50互联互通ETF,20211108,MSCI中国A50互联互通人民币指数,MSCI中国A50互联互通人民币指数收益率,汇添富基金管理股份有限公司,交通银行股份有限公司,股票型ETF,规模指数ETF,746059.MSI,4953453517.04,75185025,61570601,0.82,0.81892106839095,0.109876694
2025-04-02,560050.SH,汇添富MSCI中国A50互联互通ETF,20211108,MSCI中国A50互联互通人民币指数,MSCI中国A50互联互通人民币指数收益率,汇添富基金管理股份有限公司,交通银行股份有限公司,股票型ETF,规模指数ETF,746059.MSI,4934326496.64,40657607,33241380,0.816,0.8175931259309,0.049043649
2025-04-03,560050.SH,汇添富MSCI中国A50互联互通ETF,20211108,MSCI中国A50互联互通人民币指数,MSCI中国A50互联互通人民币指数收益率,汇添富基金管理股份有限公司,交通银行股份有限公司,股票型ETF,规模指数ETF,746059.MSI,4889891324.64,64256314,52114921,0.811,0.81104747153719,0.049346163
2025-04-07,560050.SH,汇添富MSCI中国A50互联互通ETF,20211108,MSCI中国A50互联互通人民币指数,MSCI中国A50互联互通人民币指数收益率,汇添富基金管理股份有限公司,交通银行股份有限公司,股票型ETF,规模指数ETF,746059.MSI,4559313919.52,88308557,66983953,0.75,0.75852165719342,-0.767398783
2025-04-08,560050.SH,汇添富MSCI中国A50互联互通ETF,20211108,MSCI中国A50互联互通人民币指数,MSCI中国A50互联互通人民币指数收益率,汇添富基金管理股份有限公司,交通银行股份有限公司,股票型ETF,规模指数ETF,746059.MSI,4624627375.76,87351692,66253908,0.764,0.75847309288525,-0.50787863
2025-04-09,560050.SH,汇添富MSCI中国A50互联互通ETF,20211108,MSCI中国A50互联互通人民币指数,MSCI中国A50互联互通人民币指数收益率,汇添富基金管理股份有限公司,交通银行股份有限公司,股票型ETF,规模指数ETF,746059.MSI,4645679291.2,69162183,52982994,0.768,0.76606885008242,-0.64683053
2025-04-10,560050.SH,汇添富MSCI中国A50互联互通ETF,20211108,MSCI中国A50互联互通人民币指数,MSCI中国A50互联互通人民币指数收益率,汇添富基金管理股份有限公司,交通银行股份有限公司,股票型ETF,规模指数ETF,746059.MSI,4689794595.84,93717986,73340183,0.782,0.78256251686843,-0.204185809
2025-04-11,560050.SH,汇添富MSCI中国A50互联互通ETF,20211108,MSCI中国A50互联互通人民币指数,MSCI中国A50互联互通人民币指数收益率,汇添富基金管理股份有限公司,交通银行股份有限公司,股票型ETF,规模指数ETF,746059.MSI,4728696669.44,73090753,57328599,0.789,0.78434817876346,-0.139222883
2025-04-14,560050.SH,汇添富MSCI中国A50互联互通ETF,20211108,MSCI中国A50互联互通人民币指数,MSCI中国A50互联互通人民币指数收益率,汇添富基金管理股份有限公司,交通银行股份有限公司,股票型ETF,规模指数ETF,746059.MSI,4747876143.92,52313351,41525668,0.794,0.79378719210704,-0.037769105
2025-04-15,560050.SH,汇添富MSCI中国A50互联互通ETF,20211108,MSCI中国A50互联互通人民币指数,MSCI中国A50互联互通人民币指数收益率,汇添富基金管理股份有限公司,交通银行股份有限公司,股票型ETF,规模指数ETF,746059.MSI,4751071565.2,46265758,36668298,0.795,0.79255802963392,-0.062853551
2025-04-16,560050.SH,汇添富MSCI中国A50互联互通ETF,20211108,MSCI中国A50互联互通人民币指数,MSCI中国A50互联互通人民币指数收益率,汇添富基金管理股份有限公司,交通银行股份有限公司,股票型ETF,规模指数ETF,746059.MSI,4758411624.96,80674359,63733494,0.796,0.79000930146839,-0.300601202
2025-04-17,560050.SH,汇添富MSCI中国A50互联互通ETF,20211108,MSCI中国A50互联互通人民币指数,MSCI中国A50互联互通人民币指数收益率,汇添富基金管理股份有限公司,交通银行股份有限公司,股票型ETF,规模指数ETF,746059.MSI,4766329493.76,37229561,29722018,0.799,0.79834457355003,-0.174912544
2025-04-18,560050.SH,汇添富MSCI中国A50互联互通ETF,20211108,MSCI中国A50互联互通人民币指数,MSCI中国A50互联互通人民币指数收益率,汇添富基金管理股份有限公司,交通银行股份有限公司,股票型ETF,规模指数ETF,746059.MSI,4749026368.4,60382751,48122484,0.797,0.79695746223951,-0.187852223
2025-04-21,560050.SH,汇添富MSCI中国A50互联互通ETF,20211108,MSCI中国A50互联互通人民币指数,MSCI中国A50互联互通人民币指数收益率,汇添富基金管理股份有限公司,交通银行股份有限公司,股票型ETF,规模指数ETF,746059.MSI,4772816106.0,55989023,44913182,0.802,0.80217834842376,-0.062305296
2025-04-22,560050.SH,汇添富MSCI中国A50互联互通ETF,20211108,MSCI中国A50互联互通人民币指数,MSCI中国A50互联互通人民币指数收益率,汇添富基金管理股份有限公司,交通银行股份有限公司,股票型ETF,规模指数ETF,746059.MSI,4784384639.52,42107366,33900945,0.805,0.80510723468193,-0.099280218
2025-04-23,560050.SH,汇添富MSCI中国A50互联互通ETF,20211108,MSCI中国A50互联互通人民币指数,MSCI中国A50互联互通人民币指数收益率,汇添富基金管理股份有限公司,交通银行股份有限公司,股票型ETF,规模指数ETF,746059.MSI,4778341139.52,49503303,39936777,0.806,0.80674974354742,0.024820055
2025-04-24,560050.SH,汇添富MSCI中国A50互联互通ETF,20211108,MSCI中国A50互联互通人民币指数,MSCI中国A50互联互通人民币指数收益率,汇添富基金管理股份有限公司,交通银行股份有限公司,股票型ETF,规模指数ETF,746059.MSI,4758050073.92,83825258,67681832,0.807,0.80741573142549,0.024789291
2025-04-25,560050.SH,汇添富MSCI中国A50互联互通ETF,20211108,MSCI中国A50互联互通人民币指数,MSCI中国A50互联互通人民币指数收益率,汇添富基金管理股份有限公司,交通银行股份有限公司,股票型ETF,规模指数ETF,746059.MSI,4753426830.48,37209094,30084213,0.806,0.80851775106376,-0.086773274
2025-04-28,560050.SH,汇添富MSCI中国A50互联互通ETF,20211108,MSCI中国A50互联互通人民币指数,MSCI中国A50互联互通人民币指数收益率,汇添富基金管理股份有限公司,交通银行股份有限公司,股票型ETF,规模指数ETF,746059.MSI,4745177422.32,33236343,26717809,0.805,0.80387330820361,-0.037253198
2025-04-29,560050.SH,汇添富MSCI中国A50互联互通ETF,20211108,MSCI中国A50互联互通人民币指数,MSCI中国A50互联互通人民币指数收益率,汇添富基金管理股份有限公司,交通银行股份有限公司,股票型ETF,规模指数ETF,746059.MSI,4712526901.92,67366847,53983721,0.801,0.80133958176787,-0.099775505
2025-04-30,560050.SH,汇添富MSCI中国A50互联互通ETF,20211108,MSCI中国A50互联互通人民币指数,MSCI中国A50互联互通人民币指数收益率,汇添富基金管理股份有限公司,交通银行股份有限公司,股票型ETF,规模指数ETF,746059.MSI,4694894598.72,39027025,31206131,0.798,0.79960312117052,-0.100150225
2025-05-06,560050.SH,汇添富MSCI中国A50互联互通ETF,20211108,MSCI中国A50互联互通人民币指数,MSCI中国A50互联互通人民币指数收益率,汇添富基金管理股份有限公司,交通银行股份有限公司,股票型ETF,规模指数ETF,746059.MSI,4736195205.12,46192042,37111985,0.805,0.80342810997617,0.024850895
2025-05-07,560050.SH,汇添富MSCI中国A50互联互通ETF,20211108,MSCI中国A50互联互通人民币指数,MSCI中国A50互联互通人民币指数收益率,汇添富基金管理股份有限公司,交通银行股份有限公司,股票型ETF,规模指数ETF,746059.MSI,4750146732.8,83036094,67273839,0.811,0.8101758615958,-0.123152709
2025-05-08,560050.SH,汇添富MSCI中国A50互联互通ETF,20211108,MSCI中国A50互联互通人民币指数,MSCI中国A50互联互通人民币指数收益率,汇添富基金管理股份有限公司,交通银行股份有限公司,股票型ETF,规模指数ETF,746059.MSI,4785479496.64,61601995,50411754,0.817,0.81834612661489,0.171652771
2025-05-09,560050.SH,汇添富MSCI中国A50互联互通ETF,20211108,MSCI中国A50互联互通人民币指数,MSCI中国A50互联互通人民币指数收益率,汇添富基金管理股份有限公司,交通银行股份有限公司,股票型ETF,规模指数ETF,746059.MSI,4764515661.36,73868906,60268593,0.817,0.81588582075386,0.0122414
2025-05-12,560050.SH,汇添富MSCI中国A50互联互通ETF,20211108,MSCI中国A50互联互通人民币指数,MSCI中国A50互联互通人民币指数收益率,汇添富基金管理股份有限公司,交通银行股份有限公司,股票型ETF,规模指数ETF,746059.MSI,4812653893.12,37174441,30540959,0.824,0.82155798926472,-0.09699321
2025-05-13,560050.SH,汇添富MSCI中国A50互联互通ETF,20211108,MSCI中国A50互联互通人民币指数,MSCI中国A50互联互通人民币指数收益率,汇添富基金管理股份有限公司,交通银行股份有限公司,股票型ETF,规模指数ETF,746059.MSI,4816374531.6,51889709,42821372,0.826,0.82523823750871,-0.060496068
2025-05-14,560050.SH,汇添富MSCI中国A50互联互通ETF,20211108,MSCI中国A50互联互通人民币指数,MSCI中国A50互联互通人民币指数收益率,汇添富基金管理股份有限公司,交通银行股份有限公司,股票型ETF,规模指数ETF,746059.MSI,4864267935.36,111058139,92544879,0.839,0.83330118650737,-0.047653086
2025-05-15,560050.SH,汇添富MSCI中国A50互联互通ETF,20211108,MSCI中国A50互联互通人民币指数,MSCI中国A50互联互通人民币指数收益率,汇添富基金管理股份有限公司,交通银行股份有限公司,股票型ETF,规模指数ETF,746059.MSI,4812125289.6,78861176,65877076,0.833,0.8353549787287,-0.119904077
2025-05-16,560050.SH,汇添富MSCI中国A50互联互通ETF,20211108,MSCI中国A50互联互通人民币指数,MSCI中国A50互联互通人民币指数收益率,汇添富基金管理股份有限公司,交通银行股份有限公司,股票型ETF,规模指数ETF,746059.MSI,4780049630.72,34897376,28902742,0.829,0.82822106739487,0.024131274
2025-05-19,560050.SH,汇添富MSCI中国A50互联互通ETF,20211108,MSCI中国A50互联互通人民币指数,MSCI中国A50互联互通人民币指数收益率,汇添富基金管理股份有限公司,交通银行股份有限公司,股票型ETF,规模指数ETF,746059.MSI,4766784531.6,31782162,26223349,0.827,0.82509644875638,0.060496068
2025-05-20,560050.SH,汇添富MSCI中国A50互联互通ETF,20211108,MSCI中国A50互联互通人民币指数,MSCI中国A50互联互通人民币指数收益率,汇添富基金管理股份有限公司,交通银行股份有限公司,股票型ETF,规模指数ETF,746059.MSI,4792040447.04,38073242,31641389,0.832,0.83106631686369,0.048100048
2025-05-21,560050.SH,汇添富MSCI中国A50互联互通ETF,20211108,MSCI中国A50互联互通人民币指数,MSCI中国A50互联互通人民币指数收益率,汇添富基金管理股份有限公司,交通银行股份有限公司,股票型ETF,规模指数ETF,746059.MSI,4820947974.72,62481622,52411587,0.838,0.83883204888631,-0.095374344
2025-05-22,560050.SH,汇添富MSCI中国A50互联互通ETF,20211108,MSCI中国A50互联互通人民币指数,MSCI中国A50互联互通人民币指数收益率,汇添富基金管理股份有限公司,交通银行股份有限公司,股票型ETF,规模指数ETF,746059.MSI,4811213014.08,49961973,41848148,0.837,0.8375999882951,-0.143163923
2025-05-23,560050.SH,汇添富MSCI中国A50互联互通ETF,20211108,MSCI中国A50互联互通人民币指数,MSCI中国A50互联互通人民币指数收益率,汇添富基金管理股份有限公司,交通银行股份有限公司,股票型ETF,规模指数ETF,746059.MSI,4776414138.0,41942250,35115970,0.832,0.83724573669748,-0.06006006
2025-05-26,560050.SH,汇添富MSCI中国A50互联互通ETF,20211108,MSCI中国A50互联互通人民币指数,MSCI中国A50互联互通人民币指数收益率,汇添富基金管理股份有限公司,交通银行股份有限公司,股票型ETF,规模指数ETF,746059.MSI,4724203484.96,27516603,22709797,0.823,0.82531252131668,-0.048579062
2025-05-27,560050.SH,汇添富MSCI中国A50互联互通ETF,20211108,MSCI中国A50互联互通人民币指数,MSCI中国A50互联互通人民币指数收益率,汇添富基金管理股份有限公司,交通银行股份有限公司,股票型ETF,规模指数ETF,746059.MSI,4692780187.6,52122443,42650837,0.817,0.81828161815055,0.061236987
2025-05-28,560050.SH,汇添富MSCI中国A50互联互通ETF,20211108,MSCI中国A50互联互通人民币指数,MSCI中国A50互联互通人民币指数收益率,汇添富基金管理股份有限公司,交通银行股份有限公司,股票型ETF,规模指数ETF,746059.MSI,4690481213.84,23933939,19565708,0.817,0.81748800312393,0.110280603
2025-05-29,560050.SH,汇添富MSCI中国A50互联互通ETF,20211108,MSCI中国A50互联互通人民币指数,MSCI中国A50互联互通人民币指数收益率,汇添富基金管理股份有限公司,交通银行股份有限公司,股票型ETF,规模指数ETF,746059.MSI,4673673352.32,87164957,71345283,0.819,0.81850878444189,0.146735143
2025-05-30,560050.SH,汇添富MSCI中国A50互联互通ETF,20211108,MSCI中国A50互联互通人民币指数,MSCI中国A50互联互通人民币指数收益率,汇添富基金管理股份有限公司,交通银行股份有限公司,股票型ETF,规模指数ETF,746059.MSI,4644843706.56,45403385,36890538,0.815,0.81250633625665,0.320039389
2025-06-03,560050.SH,汇添富MSCI中国A50互联互通ETF,20211108,MSCI中国A50互联互通人民币指数,MSCI中国A50互联互通人民币指数收益率,汇添富基金管理股份有限公司,交通银行股份有限公司,股票型ETF,规模指数ETF,746059.MSI,4664282983.52,23114578,18856538,0.815,0.81578551855889,-0.098063251
2025-06-04,560050.SH,汇添富MSCI中国A50互联互通ETF,20211108,MSCI中国A50互联互通人民币指数,MSCI中国A50互联互通人民币指数收益率,汇添富基金管理股份有限公司,交通银行股份有限公司,股票型ETF,规模指数ETF,746059.MSI,4674002622.0,27518797,22509481,0.817,0.81796747873826,-0.06116208
2025-06-05,560050.SH,汇添富MSCI中国A50互联互通ETF,20211108,MSCI中国A50互联互通人民币指数,MSCI中国A50互联互通人民币指数收益率,汇添富基金管理股份有限公司,交通银行股份有限公司,股票型ETF,规模指数ETF,746059.MSI,4685674714.56,42068964,34427811,0.82,0.81836602869517,0.012196609
2025-06-06,560050.SH,汇添富MSCI中国A50互联互通ETF,20211108,MSCI中国A50互联互通人民币指数,MSCI中国A50互联互通人民币指数收益率,汇添富基金管理股份有限公司,交通银行股份有限公司,股票型ETF,规模指数ETF,746059.MSI,4652434267.04,29089887,23853058,0.818,0.81997767815324,-0.134293737
2025-06-09,560050.SH,汇添富MSCI中国A50互联互通ETF,20211108,MSCI中国A50互联互通人民币指数,MSCI中国A50互联互通人民币指数收益率,汇添富基金管理股份有限公司,交通银行股份有限公司,股票型ETF,规模指数ETF,746059.MSI,4645050352.32,24155334,19752730,0.818,0.81773781310579,0.024455857
2025-06-10,560050.SH,汇添富MSCI中国A50互联互通ETF,20211108,MSCI中国A50互联互通人民币指数,MSCI中国A50互联互通人民币指数收益率,汇添富基金管理股份有限公司,交通银行股份有限公司,股票型ETF,规模指数ETF,746059.MSI,4621558161.36,73459666,60093158,0.815,0.81804289717299,-0.232586608
2025-06-11,560050.SH,汇添富MSCI中国A50互联互通ETF,20211108,MSCI中国A50互联互通人民币指数,MSCI中国A50互联互通人民币指数收益率,汇添富基金管理股份有限公司,交通银行股份有限公司,股票型ETF,规模指数ETF,746059.MSI,4618097998.08,174250125,143281965,0.822,0.82227754499459,-0.145772595
2025-06-12,560050.SH,汇添富MSCI中国A50互联互通ETF,20211108,MSCI中国A50互联互通人民币指数,MSCI中国A50互联互通人民币指数收益率,汇添富基金管理股份有限公司,交通银行股份有限公司,股票型ETF,规模指数ETF,746059.MSI,4579717965.28,73708829,60507019,0.822,0.82089241982124,-0.20638582
2025-06-13,560050.SH,汇添富MSCI中国A50互联互通ETF,20211108,MSCI中国A50互联互通人民币指数,MSCI中国A50互联互通人民币指数收益率,汇添富基金管理股份有限公司,交通银行股份有限公司,股票型ETF,规模指数ETF,746059.MSI,4519330517.04,87983964,72011321,0.819,0.81845961157195,-0.012208522
2025-06-16,560050.SH,汇添富MSCI中国A50互联互通ETF,20211108,MSCI中国A50互联互通人民币指数,MSCI中国A50互联互通人民币指数收益率,汇添富基金管理股份有限公司,交通银行股份有限公司,股票型ETF,规模指数ETF,746059.MSI,4525399694.88,36496876,29864799,0.819,0.81828370735073,-0.146305779
2025-06-17,560050.SH,汇添富MSCI中国A50互联互通ETF,20211108,MSCI中国A50互联互通人民币指数,MSCI中国A50互联互通人民币指数收益率,汇添富基金管理股份有限公司,交通银行股份有限公司,股票型ETF,规模指数ETF,746059.MSI,4513973806.4,39055618,31937650,0.819,0.81774791017262,0.061087355
2025-06-18,560050.SH,汇添富MSCI中国A50互联互通ETF,20211108,MSCI中国A50互联互通人民币指数,MSCI中国A50互联互通人民币指数收益率,汇添富基金管理股份有限公司,交通银行股份有限公司,股票型ETF,规模指数ETF,746059.MSI,4508144503.92,42679167,34941011,0.819,0.81869008830468,-0.036616624
2025-06-19,560050.SH,汇添富MSCI中国A50互联互通ETF,20211108,MSCI中国A50互联互通人民币指数,MSCI中国A50互联互通人民币指数收益率,汇添富基金管理股份有限公司,交通银行股份有限公司,股票型ETF,规模指数ETF,746059.MSI,4473860186.88,55591412,45273885,0.813,0.81440430043403,0.03691399
2025-06-20,560050.SH,汇添富MSCI中国A50互联互通ETF,20211108,MSCI中国A50互联互通人民币指数,MSCI中国A50互联互通人民币指数收益率,汇添富基金管理股份有限公司,交通银行股份有限公司,股票型ETF,规模指数ETF,746059.MSI,4477197726.96,53707340,43811745,0.816,0.81574967220495,0.012256404
2025-06-23,560050.SH,汇添富MSCI中国A50互联互通ETF,20211108,MSCI中国A50互联互通人民币指数,MSCI中国A50互联互通人民币指数收益率,汇添富基金管理股份有限公司,交通银行股份有限公司,股票型ETF,规模指数ETF,746059.MSI,4479697148.24,31665302,25810610,0.817,0.81510702155943,-0.012238404
2025-06-24,560050.SH,汇添富MSCI中国A50互联互通ETF,20211108,MSCI中国A50互联互通人民币指数,MSCI中国A50互联互通人民币指数收益率,汇添富基金管理股份有限公司,交通银行股份有限公司,股票型ETF,规模指数ETF,746059.MSI,4429526761.92,203766033,168229680,0.827,0.82560217482371,0.024189647
2025-06-25,560050.SH,汇添富MSCI中国A50互联互通ETF,20211108,MSCI中国A50互联互通人民币指数,MSCI中国A50互联互通人民币指数收益率,汇添富基金管理股份有限公司,交通银行股份有限公司,股票型ETF,规模指数ETF,746059.MSI,4486537935.36,83588210,69461978,0.838,0.83100209945876,-0.166785799
2025-06-26,560050.SH,汇添富MSCI中国A50互联互通ETF,20211108,MSCI中国A50互联互通人民币指数,MSCI中国A50互联互通人民币指数收益率,汇添富基金管理股份有限公司,交通银行股份有限公司,股票型ETF,规模指数ETF,746059.MSI,4456474323.12,65445919,54869999,0.837,0.83840214696962,-0.035829452
2025-06-27,560050.SH,汇添富MSCI中国A50互联互通ETF,20211108,MSCI中国A50互联互通人民币指数,MSCI中国A50互联互通人民币指数收益率,汇添富基金管理股份有限公司,交通银行股份有限公司,股票型ETF,规模指数ETF,746059.MSI,4388646499.52,97955344,81724051,0.83,0.83429905570032,-0.09629273
2025-06-30,560050.SH,汇添富MSCI中国A50互联互通ETF,20211108,MSCI中国A50互联互通人民币指数,MSCI中国A50互联互通人民币指数收益率,汇添富基金管理股份有限公司,交通银行股份有限公司,股票型ETF,规模指数ETF,746059.MSI,4394519637.3705,31363242,26023064,0.832,0.82973131412881,-0.084063889
2025-07-01,560050.SH,汇添富MSCI中国A50互联互通ETF,20211108,MSCI中国A50互联互通人民币指数,MSCI中国A50互联互通人民币指数收益率,汇添富基金管理股份有限公司,交通银行股份有限公司,股票型ETF,规模指数ETF,746059.MSI,4397686085.52,33109193,27510591,0.832,0.83090490909881,-0.15600624
2025-07-02,560050.SH,汇添富MSCI中国A50互联互通ETF,20211108,MSCI中国A50互联互通人民币指数,MSCI中国A50互联互通人民币指数收益率,汇添富基金管理股份有限公司,交通银行股份有限公司,股票型ETF,规模指数ETF,746059.MSI,4390883368.32,29924388,24921808,0.832,0.83282598795337,-0.096061479
2025-07-03,560050.SH,汇添富MSCI中国A50互联互通ETF,20211108,MSCI中国A50互联互通人民币指数,MSCI中国A50互联互通人民币指数收益率,汇添富基金管理股份有限公司,交通银行股份有限公司,股票型ETF,规模指数ETF,746059.MSI,4419396882.88,61123136,51199072,0.84,0.83763817353874,-0.023803856
2025-07-04,560050.SH,汇添富MSCI中国A50互联互通ETF,20211108,MSCI中国A50互联互通人民币指数,MSCI中国A50互联互通人民币指数收益率,汇添富基金管理股份有限公司,交通银行股份有限公司,股票型ETF,规模指数ETF,746059.MSI,4424043061.44,71183088,60121452,0.845,0.8446030326754,-0.011832919
2025-07-07,560050.SH,汇添富MSCI中国A50互联互通ETF,20211108,MSCI中国A50互联互通人民币指数,MSCI中国A50互联互通人民币指数收益率,汇添富基金管理股份有限公司,交通银行股份有限公司,股票型ETF,规模指数ETF,746059.MSI,4399943810.72,57634440,48482274,0.84,0.84120317643409,-0.154522762
2025-07-08,560050.SH,汇添富MSCI中国A50互联互通ETF,20211108,MSCI中国A50互联互通人民币指数,MSCI中国A50互联互通人民币指数收益率,汇添富基金管理股份有限公司,交通银行股份有限公司,股票型ETF,规模指数ETF,746059.MSI,4421284436.8,59966491,50685407,0.847,0.84522882954749,0
2025-07-09,560050.SH,汇添富MSCI中国A50互联互通ETF,20211108,MSCI中国A50互联互通人民币指数,MSCI中国A50互联互通人民币指数收益率,汇添富基金管理股份有限公司,交通银行股份有限公司,股票型ETF,规模指数ETF,746059.MSI,4419166936.8,41969234,35639642,0.847,0.84918495295864,0
2025-07-10,560050.SH,汇添富MSCI中国A50互联互通ETF,20211108,MSCI中国A50互联互通人民币指数,MSCI中国A50互联互通人民币指数收益率,汇添富基金管理股份有限公司,交通银行股份有限公司,股票型ETF,规模指数ETF,746059.MSI,4441038135.04,44526259,37873457,0.851,0.8505869985619,-0.070455613
2025-07-11,560050.SH,汇添富MSCI中国A50互联互通ETF,20211108,MSCI中国A50互联互通人民币指数,MSCI中国A50互联互通人民币指数收益率,汇添富基金管理股份有限公司,交通银行股份有限公司,股票型ETF,规模指数ETF,746059.MSI,4422287826.0,82469234,70567066,0.852,0.85567747603913,-0.058651026
2025-07-14,560050.SH,汇添富MSCI中国A50互联互通ETF,20211108,MSCI中国A50互联互通人民币指数,MSCI中国A50互联互通人民币指数收益率,汇添富基金管理股份有限公司,交通银行股份有限公司,股票型ETF,规模指数ETF,746059.MSI,4387673082.56,67250724,57375400,0.852,0.85315661434366,-0.046926326
2025-07-15,560050.SH,汇添富MSCI中国A50互联互通ETF,20211108,MSCI中国A50互联互通人民币指数,MSCI中国A50互联互通人民币指数收益率,汇添富基金管理股份有限公司,交通银行股份有限公司,股票型ETF,规模指数ETF,746059.MSI,4378853667.84,45360446,38609154,0.851,0.85116345637342,-0.011749501
2025-07-16,560050.SH,汇添富MSCI中国A50互联互通ETF,20211108,MSCI中国A50互联互通人民币指数,MSCI中国A50互联互通人民币指数收益率,汇添富基金管理股份有限公司,交通银行股份有限公司,股票型ETF,规模指数ETF,746059.MSI,4358392266.24,42139398,35790002,0.849,0.84932399841118,-0.070621469
2025-07-17,560050.SH,汇添富MSCI中国A50互联互通ETF,20211108,MSCI中国A50互联互通人民币指数,MSCI中国A50互联互通人民币指数收益率,汇添富基金管理股份有限公司,交通银行股份有限公司,股票型ETF,规模指数ETF,746059.MSI,4376347036.64,34808716,29628170,0.854,0.85117101130648,0.105497597
2025-07-18,560050.SH,汇添富MSCI中国A50互联互通ETF,20211108,MSCI中国A50互联互通人民币指数,MSCI中国A50互联互通人民币指数收益率,汇添富基金管理股份有限公司,交通银行股份有限公司,股票型ETF,规模指数ETF,746059.MSI,4416155972.48,58680227,50434413,0.861,0.85947883262278,-0.081234768
2025-07-21,560050.SH,汇添富MSCI中国A50互联互通ETF,20211108,MSCI中国A50互联互通人民币指数,MSCI中国A50互联互通人民币指数收益率,汇添富基金管理股份有限公司,交通银行股份有限公司,股票型ETF,规模指数ETF,746059.MSI,4426464229.76,54264328,46814647,0.865,0.86271494968112,-0.046221401
2025-07-22,560050.SH,汇添富MSCI中国A50互联互通ETF,20211108,MSCI中国A50互联互通人民币指数,MSCI中国A50互联互通人民币指数收益率,汇添富基金管理股份有限公司,交通银行股份有限公司,股票型ETF,规模指数ETF,746059.MSI,4453262718.08,59422610,51509057,0.873,0.86682589337628,-0.02290426
2025-07-23,560050.SH,汇添富MSCI中国A50互联互通ETF,20211108,MSCI中国A50互联互通人民币指数,MSCI中国A50互联互通人民币指数收益率,汇添富基金管理股份有限公司,交通银行股份有限公司,股票型ETF,规模指数ETF,746059.MSI,4455157665.6,58717796,51421864,0.874,0.87574581307514,0
2025-07-24,560050.SH,汇添富MSCI中国A50互联互通ETF,20211108,MSCI中国A50互联互通人民币指数,MSCI中国A50互联互通人民币指数收益率,汇添富基金管理股份有限公司,交通银行股份有限公司,股票型ETF,规模指数ETF,746059.MSI,4470648159.76,53066222,46449237,0.876,0.87530702675612,-0.216425561
2025-07-25,560050.SH,汇添富MSCI中国A50互联互通ETF,20211108,MSCI中国A50互联互通人民币指数,MSCI中国A50互联互通人民币指数收益率,汇添富基金管理股份有限公司,交通银行股份有限公司,股票型ETF,规模指数ETF,746059.MSI,4422562021.28,108832690,95172734,0.874,0.87448664551065,-0.251084227
2025-07-28,560050.SH,汇添富MSCI中国A50互联互通ETF,20211108,MSCI中国A50互联互通人民币指数,MSCI中国A50互联互通人民币指数收益率,汇添富基金管理股份有限公司,交通银行股份有限公司,股票型ETF,规模指数ETF,746059.MSI,4437524298.24,40711319,35722404,0.879,0.87745631626428,-0.068212824
2025-07-29,560050.SH,汇添富MSCI中国A50互联互通ETF,20211108,MSCI中国A50互联互通人民币指数,MSCI中国A50互联互通人民币指数收益率,汇添富基金管理股份有限公司,交通银行股份有限公司,股票型ETF,规模指数ETF,746059.MSI,4423473358.0,83357029,73251477,0.882,0.87876784811992,-0.056657224
2025-07-30,560050.SH,汇添富MSCI中国A50互联互通ETF,20211108,MSCI中国A50互联互通人民币指数,MSCI中国A50互联互通人民币指数收益率,汇添富基金管理股份有限公司,交通银行股份有限公司,股票型ETF,规模指数ETF,746059.MSI,4429283003.04,58942054,52158153,0.883,0.88490558880082,-0.124420314
2025-07-31,560050.SH,汇添富MSCI中国A50互联互通ETF,20211108,MSCI中国A50互联互通人民币指数,MSCI中国A50互联互通人民币指数收益率,汇添富基金管理股份有限公司,交通银行股份有限公司,股票型ETF,规模指数ETF,746059.MSI,4321171184.56,101534228,88673783,0.868,0.87333882126922,-0.21841591
2025-08-01,560050.SH,汇添富MSCI中国A50互联互通ETF,20211108,MSCI中国A50互联互通人民币指数,MSCI中国A50互联互通人民币指数收益率,汇添富基金管理股份有限公司,交通银行股份有限公司,股票型ETF,规模指数ETF,746059.MSI,4291041360.96,43683113,37861458,0.864,0.8667298505031,0.069492703
2025-08-04,560050.SH,汇添富MSCI中国A50互联互通ETF,20211108,MSCI中国A50互联互通人民币指数,MSCI中国A50互联互通人民币指数收益率,汇添富基金管理股份有限公司,交通银行股份有限公司,股票型ETF,规模指数ETF,746059.MSI,4311052539.52,50711258,43855204,0.868,0.86480213131372,-0.034550271
2025-08-05,560050.SH,汇添富MSCI中国A50互联互通ETF,20211108,MSCI中国A50互联互通人民币指数,MSCI中国A50互联互通人民币指数收益率,汇添富基金管理股份有限公司,交通银行股份有限公司,股票型ETF,规模指数ETF,746059.MSI,4340313508.16,53436903,46569409,0.877,0.87148405662656,0.06846189
2025-08-06,560050.SH,汇添富MSCI中国A50互联互通ETF,20211108,MSCI中国A50互联互通人民币指数,MSCI中国A50互联互通人民币指数收益率,汇添富基金管理股份有限公司,交通银行股份有限公司,股票型ETF,规模指数ETF,746059.MSI,4333380100.0,26703005,23337762,0.876,0.87397512002863,0.114285714
2025-08-07,560050.SH,汇添富MSCI中国A50互联互通ETF,20211108,MSCI中国A50互联互通人民币指数,MSCI中国A50互联互通人民币指数收益率,汇添富基金管理股份有限公司,交通银行股份有限公司,股票型ETF,规模指数ETF,746059.MSI,4333143620.4,57734416,50644452,0.879,0.87719692184987,0.056915196
2025-08-08,560050.SH,汇添富MSCI中国A50互联互通ETF,20211108,MSCI中国A50互联互通人民币指数,MSCI中国A50互联互通人民币指数收益率,汇添富基金管理股份有限公司,交通银行股份有限公司,股票型ETF,规模指数ETF,746059.MSI,4327496416.32,25012104,21979707,0.877,0.87876281819394,-0.091136933
2025-08-11,560050.SH,汇添富MSCI中国A50互联互通ETF,20211108,MSCI中国A50互联互通人民币指数,MSCI中国A50互联互通人民币指数收益率,汇添富基金管理股份有限公司,交通银行股份有限公司,股票型ETF,规模指数ETF,746059.MSI,4328296567.92,41758821,36653944,0.877,0.87775332545907,-0.261571705
2025-08-12,560050.SH,汇添富MSCI中国A50互联互通ETF,20211108,MSCI中国A50互联互通人民币指数,MSCI中国A50互联互通人民币指数收益率,汇添富基金管理股份有限公司,交通银行股份有限公司,股票型ETF,规模指数ETF,746059.MSI,4362583754.48,141933158,126247429,0.89,0.88948509833058,-0.190647079
2025-08-13,560050.SH,汇添富MSCI中国A50互联互通ETF,20211108,MSCI中国A50互联互通人民币指数,MSCI中国A50互联互通人民币指数收益率,汇添富基金管理股份有限公司,交通银行股份有限公司,股票型ETF,规模指数ETF,746059.MSI,4378005624.72,79903247,71658875,0.902,0.89682056349975,0.077665594
2025-08-14,560050.SH,汇添富MSCI中国A50互联互通ETF,20211108,MSCI中国A50互联互通人民币指数,MSCI中国A50互联互通人民币指数收益率,汇添富基金管理股份有限公司,交通银行股份有限公司,股票型ETF,规模指数ETF,746059.MSI,4400614073.68,78718192,71785346,0.91,0.91192828717408,0.032977905
2025-08-15,560050.SH,汇添富MSCI中国A50互联互通ETF,20211108,MSCI中国A50互联互通人民币指数,MSCI中国A50互联互通人民币指数收益率,汇添富基金管理股份有限公司,交通银行股份有限公司,股票型ETF,规模指数ETF,746059.MSI,4417752903.12,72822277,66305598,0.913,0.91051256197331,0.076729146
2025-08-18,560050.SH,汇添富MSCI中国A50互联互通ETF,20211108,MSCI中国A50互联互通人民币指数,MSCI中国A50互联互通人民币指数收益率,汇添富基金管理股份有限公司,交通银行股份有限公司,股票型ETF,规模指数ETF,746059.MSI,4413491962.88,85094725,77886317,0.916,0.91528960226383,0.087412587
2025-08-19,560050.SH,汇添富MSCI中国A50互联互通ETF,20211108,MSCI中国A50互联互通人民币指数,MSCI中国A50互联互通人民币指数收益率,汇添富基金管理股份有限公司,交通银行股份有限公司,股票型ETF,规模指数ETF,746059.MSI,4399281094.08,59282950,54294092,0.912,0.91584666417579,-0.131406045
2025-08-20,560050.SH,汇添富MSCI中国A50互联互通ETF,20211108,MSCI中国A50互联互通人民币指数,MSCI中国A50互联互通人民币指数收益率,汇添富基金管理股份有限公司,交通银行股份有限公司,股票型ETF,规模指数ETF,746059.MSI,4433875839.68,70712416,64670631,0.924,0.91455835705005,-0.075700227
2025-08-21,560050.SH,汇添富MSCI中国A50互联互通ETF,20211108,MSCI中国A50互联互通人民币指数,MSCI中国A50互联互通人民币指数收益率,汇添富基金管理股份有限公司,交通银行股份有限公司,股票型ETF,规模指数ETF,746059.MSI,4453609287.92,70773256,65746674,0.93,0.92897625057691,0.075325514
2025-08-22,560050.SH,汇添富MSCI中国A50互联互通ETF,20211108,MSCI中国A50互联互通人民币指数,MSCI中国A50互联互通人民币指数收益率,汇添富基金管理股份有限公司,交通银行股份有限公司,股票型ETF,规模指数ETF,746059.MSI,4544309371.68,99495656,94018776,0.955,0.9449535766667,0.031423484
2025-08-25,560050.SH,汇添富MSCI中国A50互联互通ETF,20211108,MSCI中国A50互联互通人民币指数,MSCI中国A50互联互通人民币指数收益率,汇添富基金管理股份有限公司,交通银行股份有限公司,股票型ETF,规模指数ETF,746059.MSI,4636578126.72,146677063,142327845,0.979,0.97034834273986,-0.234382961
2025-08-26,560050.SH,汇添富MSCI中国A50互联互通ETF,20211108,MSCI中国A50互联互通人民币指数,MSCI中国A50互联互通人民币指数收益率,汇添富基金管理股份有限公司,交通银行股份有限公司,股票型ETF,规模指数ETF,746059.MSI,4590219283.44,110868148,108063051,0.974,0.97469880167927,-0.112808943
2025-08-27,560050.SH,汇添富MSCI中国A50互联互通ETF,20211108,MSCI中国A50互联互通人民币指数,MSCI中国A50互联互通人民币指数收益率,汇添富基金管理股份有限公司,交通银行股份有限公司,股票型ETF,规模指数ETF,746059.MSI,4474003017.44,129399113,126027272,0.959,0.97394231751805,-0.114571399
2025-08-28,560050.SH,汇添富MSCI中国A50互联互通ETF,20211108,MSCI中国A50互联互通人民币指数,MSCI中国A50互联互通人民币指数收益率,汇添富基金管理股份有限公司,交通银行股份有限公司,股票型ETF,规模指数ETF,746059.MSI,4496602803.84,143220215,137972663,0.977,0.96336025609234,-0.163498876
2025-08-29,560050.SH,汇添富MSCI中国A50互联互通ETF,20211108,MSCI中国A50互联互通人民币指数,MSCI中国A50互联互通人民币指数收益率,汇添富基金管理股份有限公司,交通银行股份有限公司,股票型ETF,规模指数ETF,746059.MSI,4488430108.48,132198621,130098224,0.989,0.98411180854905,-0.020218358
2025-09-01,560050.SH,汇添富MSCI中国A50互联互通ETF,20211108,MSCI中国A50互联互通人民币指数,MSCI中国A50互联互通人民币指数收益率,汇添富基金管理股份有限公司,交通银行股份有限公司,股票型ETF,规模指数ETF,746059.MSI,4457482155.84,113933724,112533982,0.994,0.98771441895465,-0.210822207
2025-09-02,560050.SH,汇添富MSCI中国A50互联互通ETF,20211108,MSCI中国A50互联互通人民币指数,MSCI中国A50互联互通人民币指数收益率,汇添富基金管理股份有限公司,交通银行股份有限公司,股票型ETF,规模指数ETF,746059.MSI,4467276767.36,158904179,158491445,0.993,0.99740262337594,-0.140788415
2025-09-03,560050.SH,汇添富MSCI中国A50互联互通ETF,20211108,MSCI中国A50互联互通人民币指数,MSCI中国A50互联互通人民币指数收益率,汇添富基金管理股份有限公司,交通银行股份有限公司,股票型ETF,规模指数ETF,746059.MSI,4427710056.0,89507957,88514764,0.984,0.98890385801119,-0.606060606
2025-09-04,560050.SH,汇添富MSCI中国A50互联互通ETF,20211108,MSCI中国A50互联互通人民币指数,MSCI中国A50互联互通人民币指数收益率,汇添富基金管理股份有限公司,交通银行股份有限公司,股票型ETF,规模指数ETF,746059.MSI,4274443702.56,121098715,117071654,0.963,0.96674563392353,-0.196911597
2025-09-05,560050.SH,汇添富MSCI中国A50互联互通ETF,20211108,MSCI中国A50互联互通人民币指数,MSCI中国A50互联互通人民币指数收益率,汇添富基金管理股份有限公司,交通银行股份有限公司,股票型ETF,规模指数ETF,746059.MSI,4432895088.8,117090497,114477440,0.989,0.97768344086882,-0.050530571
2025-09-08,560050.SH,汇添富MSCI中国A50互联互通ETF,20211108,MSCI中国A50互联互通人民币指数,MSCI中国A50互联互通人民币指数收益率,汇添富基金管理股份有限公司,交通银行股份有限公司,股票型ETF,规模指数ETF,746059.MSI,4410250528.32,121176845,119182158,0.981,0.98353904163786,-0.183150183
2025-09-09,560050.SH,汇添富MSCI中国A50互联互通ETF,20211108,MSCI中国A50互联互通人民币指数,MSCI中国A50互联互通人民币指数收益率,汇添富基金管理股份有限公司,交通银行股份有限公司,股票型ETF,规模指数ETF,746059.MSI,4319620961.28,99232970,97439461,0.975,0.98192627913888,-0.12292563
2025-09-10,560050.SH,汇添富MSCI中国A50互联互通ETF,20211108,MSCI中国A50互联互通人民币指数,MSCI中国A50互联互通人民币指数收益率,汇添富基金管理股份有限公司,交通银行股份有限公司,股票型ETF,规模指数ETF,746059.MSI,4381371838.08,139936833,137810215,0.985,0.98480301465733,-0.071015522
2025-09-11,560050.SH,汇添富MSCI中国A50互联互通ETF,20211108,MSCI中国A50互联互通人民币指数,MSCI中国A50互联互通人民币指数收益率,汇添富基金管理股份有限公司,交通银行股份有限公司,股票型ETF,规模指数ETF,746059.MSI,4515089502.0,181428888,182747477,1.025,1.0072678007044,0.737100737
2025-09-12,560050.SH,汇添富MSCI中国A50互联互通ETF,20211108,MSCI中国A50互联互通人民币指数,MSCI中国A50互联互通人民币指数收益率,汇添富基金管理股份有限公司,交通银行股份有限公司,股票型ETF,规模指数ETF,746059.MSI,4514081304.48,101308702,103461647,1.016,1.0212513333751,-0.068850202
2025-09-15,560050.SH,汇添富MSCI中国A50互联互通ETF,20211108,MSCI中国A50互联互通人民币指数,MSCI中国A50互联互通人民币指数收益率,汇添富基金管理股份有限公司,交通银行股份有限公司,股票型ETF,规模指数ETF,746059.MSI,4506123120.8,97247764,99290253,1.019,1.0210029404892,-0.049043649
2025-09-16,560050.SH,汇添富MSCI中国A50互联互通ETF,20211108,MSCI中国A50互联互通人民币指数,MSCI中国A50互联互通人民币指数收益率,汇添富基金管理股份有限公司,交通银行股份有限公司,股票型ETF,规模指数ETF,746059.MSI,4481816330.72,76753966,78192444,1.015,1.0187414159159,-0.127914986
2025-09-17,560050.SH,汇添富MSCI中国A50互联互通ETF,20211108,MSCI中国A50互联互通人民币指数,MSCI中国A50互联互通人民币指数收益率,汇添富基金管理股份有限公司,交通银行股份有限公司,股票型ETF,规模指数ETF,746059.MSI,4506601674.0,108157519,110082542,1.022,1.0177983280108,-0.048899756
2025-09-18,560050.SH,汇添富MSCI中国A50互联互通ETF,20211108,MSCI中国A50互联互通人民币指数,MSCI中国A50互联互通人民币指数收益率,汇添富基金管理股份有限公司,交通银行股份有限公司,股票型ETF,规模指数ETF,746059.MSI,4423774303.76,111557166,113938645,1.013,1.0213476111432,0.009872643
2025-09-19,560050.SH,汇添富MSCI中国A50互联互通ETF,20211108,MSCI中国A50互联互通人民币指数,MSCI中国A50互联互通人民币指数收益率,汇添富基金管理股份有限公司,交通银行股份有限公司,股票型ETF,规模指数ETF,746059.MSI,4481252777.52,144136153,146492941,1.013,1.0163511232328,-0.029606237
2025-09-22,560050.SH,汇添富MSCI中国A50互联互通ETF,20211108,MSCI中国A50互联互通人民币指数,MSCI中国A50互联互通人民币指数收益率,汇添富基金管理股份有限公司,交通银行股份有限公司,股票型ETF,规模指数ETF,746059.MSI,4510448464.08,95113019,97068137,1.024,1.0205557348569,-0.16574047
2025-09-23,560050.SH,汇添富MSCI中国A50互联互通ETF,20211108,MSCI中国A50互联互通人民币指数,MSCI中国A50互联互通人民币指数收益率,汇添富基金管理股份有限公司,交通银行股份有限公司,股票型ETF,规模指数ETF,746059.MSI,4464854589.44,143073777,146703126,1.027,1.025366975529,-0.058388478
2025-09-24,560050.SH,汇添富MSCI中国A50互联互通ETF,20211108,MSCI中国A50互联互通人民币指数,MSCI中国A50互联互通人民币指数收益率,汇添富基金管理股份有限公司,交通银行股份有限公司,股票型ETF,规模指数ETF,746059.MSI,4471982169.6,99784860,102406356,1.032,1.0262714804631,-0.193423598
2025-09-25,560050.SH,汇添富MSCI中国A50互联互通ETF,20211108,MSCI中国A50互联互通人民币指数,MSCI中国A50互联互通人民币指数收益率,汇添富基金管理股份有限公司,交通银行股份有限公司,股票型ETF,规模指数ETF,746059.MSI,4541330052.96,140421552,146386148,1.044,1.0424763571905,0.057504313
2025-09-26,560050.SH,汇添富MSCI中国A50互联互通ETF,20211108,MSCI中国A50互联互通人民币指数,MSCI中国A50互联互通人民币指数收益率,汇添富基金管理股份有限公司,交通银行股份有限公司,股票型ETF,规模指数ETF,746059.MSI,4460548615.68,74185068,76687818,1.026,1.033736573511,-0.11682243
2025-09-29,560050.SH,汇添富MSCI中国A50互联互通ETF,20211108,MSCI中国A50互联互通人民币指数,MSCI中国A50互联互通人民币指数收益率,汇添富基金管理股份有限公司,交通银行股份有限公司,股票型ETF,规模指数ETF,746059.MSI,4493602802.24,53701390,55441457,1.039,1.0324026435815,-0.057714506
2025-09-30,560050.SH,汇添富MSCI中国A50互联互通ETF,20211108,MSCI中国A50互联互通人民币指数,MSCI中国A50互联互通人民币指数收益率,汇添富基金管理股份有限公司,交通银行股份有限公司,股票型ETF,规模指数ETF,746059.MSI,4486668804.717,42676698,44434109,1.039,1.0411796385934,-0.076937873
2025-10-09,560050.SH,汇添富MSCI中国A50互联互通ETF,20211108,MSCI中国A50互联互通人民币指数,MSCI中国A50互联互通人民币指数收益率,汇添富基金管理股份有限公司,交通银行股份有限公司,股票型ETF,规模指数ETF,746059.MSI,4549942956.72,63539821,66941982,1.056,1.0535437611636,-0.028401022
2025-10-10,560050.SH,汇添富MSCI中国A50互联互通ETF,20211108,MSCI中国A50互联互通人民币指数,MSCI中国A50互联互通人民币指数收益率,汇添富基金管理股份有限公司,交通银行股份有限公司,股票型ETF,规模指数ETF,746059.MSI,4434082432.0,72205844,75010550,1.03,1.0388431994507,0
2025-10-13,560050.SH,汇添富MSCI中国A50互联互通ETF,20211108,MSCI中国A50互联互通人民币指数,MSCI中国A50互联互通人民币指数收益率,汇添富基金管理股份有限公司,交通银行股份有限公司,股票型ETF,规模指数ETF,746059.MSI,4396564081.44,42932975,43555827,1.02,1.0145075434442,-0.00980296
2025-10-14,560050.SH,汇添富MSCI中国A50互联互通ETF,20211108,MSCI中国A50互联互通人民币指数,MSCI中国A50互联互通人民币指数收益率,汇添富基金管理股份有限公司,交通银行股份有限公司,股票型ETF,规模指数ETF,746059.MSI,4287210288.48,104288510,105408457,1.003,1.0107389299166,0.129779375
2025-10-15,560050.SH,汇添富MSCI中国A50互联互通ETF,20211108,MSCI中国A50互联互通人民币指数,MSCI中国A50互联互通人民币指数收益率,汇添富基金管理股份有限公司,交通银行股份有限公司,股票型ETF,规模指数ETF,746059.MSI,4319918055.92,143249882,145369906,1.022,1.0147994816498,-0.224543591
2025-10-16,560050.SH,汇添富MSCI中国A50互联互通ETF,20211108,MSCI中国A50互联互通人民币指数,MSCI中国A50互联互通人民币指数收益率,汇添富基金管理股份有限公司,交通银行股份有限公司,股票型ETF,规模指数ETF,746059.MSI,4302052023.84,89342730,91840909,1.027,1.0279617490981,-0.155551235
2025-10-17,560050.SH,汇添富MSCI中国A50互联互通ETF,20211108,MSCI中国A50互联互通人民币指数,MSCI中国A50互联互通人民币指数收益率,汇添富基金管理股份有限公司,交通银行股份有限公司,股票型ETF,规模指数ETF,746059.MSI,4169994763.68,100850196,102457420,1.01,1.0159367464194,0.029711796
2025-10-20,560050.SH,汇添富MSCI中国A50互联互通ETF,20211108,MSCI中国A50互联互通人民币指数,MSCI中国A50互联互通人民币指数收益率,汇添富基金管理股份有限公司,交通银行股份有限公司,股票型ETF,规模指数ETF,746059.MSI,4202208252.0,74702873,76060974,1.016,1.018180037065,-0.147420147
2025-10-21,560050.SH,汇添富MSCI中国A50互联互通ETF,20211108,MSCI中国A50互联互通人民币指数,MSCI中国A50互联互通人民币指数收益率,汇添富基金管理股份有限公司,交通银行股份有限公司,股票型ETF,规模指数ETF,746059.MSI,4281589243.2,80660491,83588098,1.04,1.0362954274603,-0.04805382
2025-10-22,560050.SH,汇添富MSCI中国A50互联互通ETF,20211108,MSCI中国A50互联互通人民币指数,MSCI中国A50互联互通人民币指数收益率,汇添富基金管理股份有限公司,交通银行股份有限公司,股票型ETF,规模指数ETF,746059.MSI,4276491907.2,62109658,64300443,1.038,1.0352728556322,0
2025-10-23,560050.SH,汇添富MSCI中国A50互联互通ETF,20211108,MSCI中国A50互联互通人民币指数,MSCI中国A50互联互通人民币指数收益率,汇添富基金管理股份有限公司,交通银行股份有限公司,股票型ETF,规模指数ETF,746059.MSI,4288817085.04,64460558,66502184,1.039,1.0316724841259,-0.009623713
2025-10-24,560050.SH,汇添富MSCI中国A50互联互通ETF,20211108,MSCI中国A50互联互通人民币指数,MSCI中国A50互联互通人民币指数收益率,汇添富基金管理股份有限公司,交通银行股份有限公司,股票型ETF,规模指数ETF,746059.MSI,4339965351.76,82869759,87052007,1.056,1.0504677224897,-0.179601097
2025-10-27,560050.SH,汇添富MSCI中国A50互联互通ETF,20211108,MSCI中国A50互联互通人民币指数,MSCI中国A50互联互通人民币指数收益率,汇添富基金管理股份有限公司,交通银行股份有限公司,股票型ETF,规模指数ETF,746059.MSI,4383718058.72,103908916,111119474,1.072,1.0693930634403,-0.167628981
2025-10-28,560050.SH,汇添富MSCI中国A50互联互通ETF,20211108,MSCI中国A50互联互通人民币指数,MSCI中国A50互联互通人民币指数收益率,汇添富基金管理股份有限公司,交通银行股份有限公司,股票型ETF,规模指数ETF,746059.MSI,4360475017.92,86509043,92681623,1.066,1.0713518469971,-0.074990626
2025-10-29,560050.SH,汇添富MSCI中国A50互联互通ETF,20211108,MSCI中国A50互联互通人民币指数,MSCI中国A50互联互通人民币指数收益率,汇添富基金管理股份有限公司,交通银行股份有限公司,股票型ETF,规模指数ETF,746059.MSI,4409029152.0,72391726,77740309,1.079,1.0738838993838,-0.092592593
2025-10-30,560050.SH,汇添富MSCI中国A50互联互通ETF,20211108,MSCI中国A50互联互通人民币指数,MSCI中国A50互联互通人民币指数收益率,汇添富基金管理股份有限公司,交通银行股份有限公司,股票型ETF,规模指数ETF,746059.MSI,4366386380.16,81674125,87898364,1.069,1.076208211597,0.009355412
2025-10-31,560050.SH,汇添富MSCI中国A50互联互通ETF,20211108,MSCI中国A50互联互通人民币指数,MSCI中国A50互联互通人民币指数收益率,汇添富基金管理股份有限公司,交通银行股份有限公司,股票型ETF,规模指数ETF,746059.MSI,4288215303.68,77114382,81465618,1.049,1.0564257391053,0.171886937
2025-11-03,560050.SH,汇添富MSCI中国A50互联互通ETF,20211108,MSCI中国A50互联互通人民币指数,MSCI中国A50互联互通人民币指数收益率,汇添富基金管理股份有限公司,交通银行股份有限公司,股票型ETF,规模指数ETF,746059.MSI,4298862133.12,40564843,42319325,1.049,1.0432512952164,-0.076204991
2025-11-04,560050.SH,汇添富MSCI中国A50互联互通ETF,20211108,MSCI中国A50互联互通人民币指数,MSCI中国A50互联互通人民币指数收益率,汇添富基金管理股份有限公司,交通银行股份有限公司,股票型ETF,规模指数ETF,746059.MSI,4252825203.84,46162551,48208943,1.041,1.0443301324487,-0.009605225
2025-11-05,560050.SH,汇添富MSCI中国A50互联互通ETF,20211108,MSCI中国A50互联互通人民币指数,MSCI中国A50互联互通人民币指数收益率,汇添富基金管理股份有限公司,交通银行股份有限公司,股票型ETF,规模指数ETF,746059.MSI,4226916533.28,97026336,100868126,1.042,1.0395953321375,-0.162882054
2025-11-06,560050.SH,汇添富MSCI中国A50互联互通ETF,20211108,MSCI中国A50互联互通人民币指数,MSCI中国A50互联互通人民币指数收益率,汇添富基金管理股份有限公司,交通银行股份有限公司,股票型ETF,规模指数ETF,746059.MSI,4292079891.84,60799619,64256179,1.061,1.0568516720475,-0.009424182
2025-11-07,560050.SH,汇添富MSCI中国A50互联互通ETF,20211108,MSCI中国A50互联互通人民币指数,MSCI中国A50互联互通人民币指数收益率,汇添富基金管理股份有限公司,交通银行股份有限公司,股票型ETF,规模指数ETF,746059.MSI,4257878318.24,57640744,60786453,1.055,1.0545743996642,0.037929073
2025-11-10,560050.SH,汇添富MSCI中国A50互联互通ETF,20211108,MSCI中国A50互联互通人民币指数,MSCI中国A50互联互通人民币指数收益率,汇添富基金管理股份有限公司,交通银行股份有限公司,股票型ETF,规模指数ETF,746059.MSI,4234723265.76,89992581,94281403,1.055,1.0476575063449,-0.037900322
2025-11-11,560050.SH,汇添富MSCI中国A50互联互通ETF,20211108,MSCI中国A50互联互通人民币指数,MSCI中国A50互联互通人民币指数收益率,汇添富基金管理股份有限公司,交通银行股份有限公司,股票型ETF,规模指数ETF,746059.MSI,4196605809.52,45863783,48001788,1.042,1.0466164119083,-0.12460462
2025-11-12,560050.SH,汇添富MSCI中国A50互联互通ETF,20211108,MSCI中国A50互联互通人民币指数,MSCI中国A50互联互通人民币指数收益率,汇添富基金管理股份有限公司,交通银行股份有限公司,股票型ETF,规模指数ETF,746059.MSI,4184812402.8,71119391,74331891,1.051,1.0451705217779,0.142925202
2025-11-13,560050.SH,汇添富MSCI中国A50互联互通ETF,20211108,MSCI中国A50互联互通人民币指数,MSCI中国A50互联互通人民币指数收益率,汇添富基金管理股份有限公司,交通银行股份有限公司,股票型ETF,规模指数ETF,746059.MSI,4242220839.36,93514096,98529647,1.06,1.0536341708313,-0.178924569
2025-11-14,560050.SH,汇添富MSCI中国A50互联互通ETF,20211108,MSCI中国A50互联互通人民币指数,MSCI中国A50互联互通人民币指数收益率,汇添富基金管理股份有限公司,交通银行股份有限公司,股票型ETF,规模指数ETF,746059.MSI,4170136401.36,62729286,65922322,1.041,1.0509018387361,-0.086380651
2025-11-17,560050.SH,汇添富MSCI中国A50互联互通ETF,20211108,MSCI中国A50互联互通人民币指数,MSCI中国A50互联互通人民币指数收益率,汇添富基金管理股份有限公司,交通银行股份有限公司,股票型ETF,规模指数ETF,746059.MSI,4116244195.84,102768982,106218143,1.034,1.0335622766021,0.03869969
2025-11-18,560050.SH,汇添富MSCI中国A50互联互通ETF,20211108,MSCI中国A50互联互通人民币指数,MSCI中国A50互联互通人民币指数收益率,汇添富基金管理股份有限公司,交通银行股份有限公司,股票型ETF,规模指数ETF,746059.MSI,4097342464.8,72201095,74436369,1.029,1.0309590041536,-0.048567266
2025-11-19,560050.SH,汇添富MSCI中国A50互联互通ETF,20211108,MSCI中国A50互联互通人民币指数,MSCI中国A50互联互通人民币指数收益率,汇添富基金管理股份有限公司,交通银行股份有限公司,股票型ETF,规模指数ETF,746059.MSI,4070000268.72,110518644,114564248,1.037,1.0366056246582,0.067548007
2025-11-20,560050.SH,汇添富MSCI中国A50互联互通ETF,20211108,MSCI中国A50互联互通人民币指数,MSCI中国A50互联互通人民币指数收益率,汇添富基金管理股份有限公司,交通银行股份有限公司,股票型ETF,规模指数ETF,746059.MSI,4039492399.2,44926979,46616103,1.032,1.0375970972809,0.145560408
2025-11-21,560050.SH,汇添富MSCI中国A50互联互通ETF,20211108,MSCI中国A50互联互通人民币指数,MSCI中国A50互联互通人民币指数收益率,汇添富基金管理股份有限公司,交通银行股份有限公司,股票型ETF,规模指数ETF,746059.MSI,3915752341.68,97738819,98737851,1.003,1.0102214453809,-0.169204738
2025-11-24,560050.SH,汇添富MSCI中国A50互联互通ETF,20211108,MSCI中国A50互联互通人民币指数,MSCI中国A50互联互通人民币指数收益率,汇添富基金管理股份有限公司,交通银行股份有限公司,股票型ETF,规模指数ETF,746059.MSI,3937570439.36,88253994,88375464,0.999,1.0013763683035,-0.040024014
2025-11-25,560050.SH,汇添富MSCI中国A50互联互通ETF,20211108,MSCI中国A50互联互通人民币指数,MSCI中国A50互联互通人民币指数收益率,汇添富基金管理股份有限公司,交通银行股份有限公司,股票型ETF,规模指数ETF,746059.MSI,3960651303.04,88274734,89086848,1.008,1.0091998464702,-0.109008027
2025-11-26,560050.SH,汇添富MSCI中国A50互联互通ETF,20211108,MSCI中国A50互联互通人民币指数,MSCI中国A50互联互通人民币指数收益率,汇添富基金管理股份有限公司,交通银行股份有限公司,股票型ETF,规模指数ETF,746059.MSI,4004805522.4,73479094,74820271,1.02,1.0182524977785,-0.097943193
2025-11-27,560050.SH,汇添富MSCI中国A50互联互通ETF,20211108,MSCI中国A50互联互通人民币指数,MSCI中国A50互联互通人民币指数收益率,汇添富基金管理股份有限公司,交通银行股份有限公司,股票型ETF,规模指数ETF,746059.MSI,4004977891.2,43850952,45099590,1.022,1.0284745927523,-0.097751711
2025-11-28,560050.SH,汇添富MSCI中国A50互联互通ETF,20211108,MSCI中国A50互联互通人民币指数,MSCI中国A50互联互通人民币指数收益率,汇添富基金管理股份有限公司,交通银行股份有限公司,股票型ETF,规模指数ETF,746059.MSI,4010636503.44,64190155,65538755,1.024,1.0210094523062,-0.107306604
2025-12-01,560050.SH,汇添富MSCI中国A50互联互通ETF,20211108,MSCI中国A50互联互通人民币指数,MSCI中国A50互联互通人民币指数收益率,汇添富基金管理股份有限公司,交通银行股份有限公司,股票型ETF,规模指数ETF,746059.MSI,4050837242.48,38457921,39640203,1.036,1.0307422234291,-0.067521945
2025-12-02,560050.SH,汇添富MSCI中国A50互联互通ETF,20211108,MSCI中国A50互联互通人民币指数,MSCI中国A50互联互通人民币指数收益率,汇添富基金管理股份有限公司,交通银行股份有限公司,股票型ETF,规模指数ETF,746059.MSI,4030726656.48,46819039,48439428,1.033,1.034609616827,-0.116031715
2025-12-03,560050.SH,汇添富MSCI中国A50互联互通ETF,20211108,MSCI中国A50互联互通人民币指数,MSCI中国A50互联互通人民币指数收益率,汇添富基金管理股份有限公司,交通银行股份有限公司,股票型ETF,规模指数ETF,746059.MSI,4005854445.12,57782371,59817847,1.03,1.0352265918614,0.019421247
2025-12-04,560050.SH,汇添富MSCI中国A50互联互通ETF,20211108,MSCI中国A50互联互通人民币指数,MSCI中国A50互联互通人民币指数收益率,汇添富基金管理股份有限公司,交通银行股份有限公司,股票型ETF,规模指数ETF,746059.MSI,4027382038.4,56151218,57981916,1.036,1.0326029971425,0
2025-12-05,560050.SH,汇添富MSCI中国A50互联互通ETF,20211108,MSCI中国A50互联互通人民币指数,MSCI中国A50互联互通人民币指数收益率,汇添富基金管理股份有限公司,交通银行股份有限公司,股票型ETF,规模指数ETF,746059.MSI,4078970770.16,58949338,61215042,1.043,1.0384347657984,-0.086215155
2025-12-08,560050.SH,汇添富MSCI中国A50互联互通ETF,20211108,MSCI中国A50互联互通人民币指数,MSCI中国A50互联互通人民币指数收益率,汇添富基金管理股份有限公司,交通银行股份有限公司,股票型ETF,规模指数ETF,746059.MSI,4121658259.2,80078700,84450744,1.055,1.0545968403583,-0.047370914
2025-12-09,560050.SH,汇添富MSCI中国A50互联互通ETF,20211108,MSCI中国A50互联互通人民币指数,MSCI中国A50互联互通人民币指数收益率,汇添富基金管理股份有限公司,交通银行股份有限公司,股票型ETF,规模指数ETF,746059.MSI,4089530061.68,66129802,69738926,1.054,1.0545763618043,-0.066369584
2025-12-10,560050.SH,汇添富MSCI中国A50互联互通ETF,20211108,MSCI中国A50互联互通人民币指数,MSCI中国A50互联互通人民币指数收益率,汇添富基金管理股份有限公司,交通银行股份有限公司,股票型ETF,规模指数ETF,746059.MSI,4069367402.8,59062103,61606849,1.049,1.0430859361713,-0.047641734
2025-12-11,560050.SH,汇添富MSCI中国A50互联互通ETF,20211108,MSCI中国A50互联互通人民币指数,MSCI中国A50互联互通人民币指数收益率,汇添富基金管理股份有限公司,交通银行股份有限公司,股票型ETF,规模指数ETF,746059.MSI,4030536677.6,58358096,61165415,1.041,1.0481050478412,-0.048007681
2025-12-12,560050.SH,汇添富MSCI中国A50互联互通ETF,20211108,MSCI中国A50互联互通人民币指数,MSCI中国A50互联互通人民币指数收益率,汇添富基金管理股份有限公司,交通银行股份有限公司,股票型ETF,规模指数ETF,746059.MSI,4058023388.96,45933858,47837767,1.044,1.0414489242336,-0.181661727
2025-12-15,560050.SH,汇添富MSCI中国A50互联互通ETF,20211108,MSCI中国A50互联互通人民币指数,MSCI中国A50互联互通人民币指数收益率,汇添富基金管理股份有限公司,交通银行股份有限公司,股票型ETF,规模指数ETF,746059.MSI,4029966907.2,39175962,40949691,1.038,1.0452759526365,0
2025-12-16,560050.SH,汇添富MSCI中国A50互联互通ETF,20211108,MSCI中国A50互联互通人民币指数,MSCI中国A50互联互通人民币指数收益率,汇添富基金管理股份有限公司,交通银行股份有限公司,股票型ETF,规模指数ETF,746059.MSI,3961500391.2,94916153,97469381,1.026,1.026899825997,0.293255132
2025-12-17,560050.SH,汇添富MSCI中国A50互联互通ETF,20211108,MSCI中国A50互联互通人民币指数,MSCI中国A50互联互通人民币指数收益率,汇添富基金管理股份有限公司,交通银行股份有限公司,股票型ETF,规模指数ETF,746059.MSI,4041169085.76,70049578,72364063,1.043,1.0330406701379,0.009588647
2025-12-18,560050.SH,汇添富MSCI中国A50互联互通ETF,20211108,MSCI中国A50互联互通人民币指数,MSCI中国A50互联互通人民币指数收益率,汇添富基金管理股份有限公司,交通银行股份有限公司,股票型ETF,规模指数ETF,746059.MSI,4025049577.76,60000954,62180837,1.036,1.0363308056735,0.057948619
2025-12-19,560050.SH,汇添富MSCI中国A50互联互通ETF,20211108,MSCI中国A50互联互通人民币指数,MSCI中国A50互联互通人民币指数收益率,汇添富基金管理股份有限公司,交通银行股份有限公司,股票型ETF,规模指数ETF,746059.MSI,4036584926.88,55361596,57528038,1.038,1.0391325784755,0.02891009
2025-12-22,560050.SH,汇添富MSCI中国A50互联互通ETF,20211108,MSCI中国A50互联互通人民币指数,MSCI中国A50互联互通人民币指数收益率,汇添富基金管理股份有限公司,交通银行股份有限公司,股票型ETF,规模指数ETF,746059.MSI,4074795810.96,64071425,67201523,1.05,1.0488532602482,-0.085640879
2025-12-23,560050.SH,汇添富MSCI中国A50互联互通ETF,20211108,MSCI中国A50互联互通人民币指数,MSCI中国A50互联互通人民币指数收益率,汇添富基金管理股份有限公司,交通银行股份有限公司,股票型ETF,规模指数ETF,746059.MSI,4091358851.76,70061461,74049436,1.059,1.056921093895,0.103979582
2025-12-24,560050.SH,汇添富MSCI中国A50互联互通ETF,20211108,MSCI中国A50互联互通人民币指数,MSCI中国A50互联互通人民币指数收益率,汇添富基金管理股份有限公司,交通银行股份有限公司,股票型ETF,规模指数ETF,746059.MSI,4101295273.04,50468597,53327766,1.058,1.0566524367618,-0.103861769
2025-12-25,560050.SH,汇添富MSCI中国A50互联互通ETF,20211108,MSCI中国A50互联互通人民币指数,MSCI中国A50互联互通人民币指数收益率,汇添富基金管理股份有限公司,交通银行股份有限公司,股票型ETF,规模指数ETF,746059.MSI,4099201628.72,54346433,57567397,1.059,1.0592672567857,-0.216715349
2025-12-26,560050.SH,汇添富MSCI中国A50互联互通ETF,20211108,MSCI中国A50互联互通人民币指数,MSCI中国A50互联互通人民币指数收益率,汇添富基金管理股份有限公司,交通银行股份有限公司,股票型ETF,规模指数ETF,746059.MSI,4106198214.72,37739118,40151170,1.064,1.0639138413357,0.018800526
2025-12-29,560050.SH,汇添富MSCI中国A50互联互通ETF,20211108,MSCI中国A50互联互通人民币指数,MSCI中国A50互联互通人民币指数收益率,汇添富基金管理股份有限公司,交通银行股份有限公司,股票型ETF,规模指数ETF,746059.MSI,4082855431.2,49515374,52657529,1.059,1.0634581695778,-0.141442716
2025-12-30,560050.SH,汇添富MSCI中国A50互联互通ETF,20211108,MSCI中国A50互联互通人民币指数,MSCI中国A50互联互通人民币指数收益率,汇添富基金管理股份有限公司,交通银行股份有限公司,股票型ETF,规模指数ETF,746059.MSI,4096715195.04,45517865,48327530,1.063,1.0617266429346,-0.103373743
2025-12-31,560050.SH,汇添富MSCI中国A50互联互通ETF,20211108,MSCI中国A50互联互通人民币指数,MSCI中国A50互联互通人民币指数收益率,汇添富基金管理股份有限公司,交通银行股份有限公司,股票型ETF,规模指数ETF,746059.MSI,4039513235.6815,60535247,64176806,1.057,1.0601560112574,0.085219203
2026-01-05,560050.SH,汇添富MSCI中国A50互联互通ETF,20211108,MSCI中国A50互联互通人民币指数,MSCI中国A50互联互通人民币指数收益率,汇添富基金管理股份有限公司,交通银行股份有限公司,股票型ETF,规模指数ETF,746059.MSI,4141741519.36,72146494,77118483,1.074,1.0689151852618,-0.037230082
2026-01-06,560050.SH,汇添富MSCI中国A50互联互通ETF,20211108,MSCI中国A50互联互通人民币指数,MSCI中国A50互联互通人民币指数收益率,汇添富基金管理股份有限公司,交通银行股份有限公司,股票型ETF,规模指数ETF,746059.MSI,4192578561.6,87047194,94299727,1.088,1.0833172520185,-0.091827365
2026-01-07,560050.SH,汇添富MSCI中国A50互联互通ETF,20211108,MSCI中国A50互联互通人民币指数,MSCI中国A50互联互通人民币指数收益率,汇添富基金管理股份有限公司,交通银行股份有限公司,股票型ETF,规模指数ETF,746059.MSI,4148967935.52,62577110,67922827,1.084,1.0854260767236,0.064617373
2026-01-08,560050.SH,汇添富MSCI中国A50互联互通ETF,20211108,MSCI中国A50互联互通人民币指数,MSCI中国A50互联互通人民币指数收益率,汇添富基金管理股份有限公司,交通银行股份有限公司,股票型ETF,规模指数ETF,746059.MSI,4105665493.12,55821821,60062467,1.074,1.0759675324816,-0.074432453
2026-01-09,560050.SH,汇添富MSCI中国A50互联互通ETF,20211108,MSCI中国A50互联互通人民币指数,MSCI中国A50互联互通人民币指数收益率,汇添富基金管理股份有限公司,交通银行股份有限公司,股票型ETF,规模指数ETF,746059.MSI,4112472987.28,58536144,62893550,1.079,1.0744395804411,0.027811254
2026-01-12,560050.SH,汇添富MSCI中国A50互联互通ETF,20211108,MSCI中国A50互联互通人民币指数,MSCI中国A50互联互通人民币指数收益率,汇添富基金管理股份有限公司,交通银行股份有限公司,股票型ETF,规模指数ETF,746059.MSI,4107871270.08,23753590,25460093,1.076,1.0718418984246,-0.204043777
2026-01-13,560050.SH,汇添富MSCI中国A50互联互通ETF,20211108,MSCI中国A50互联互通人民币指数,MSCI中国A50互联互通人民币指数收益率,汇添富基金管理股份有限公司,交通银行股份有限公司,股票型ETF,规模指数ETF,746059.MSI,4072009703.04,40260022,43449283,1.071,1.0792165737018,-0.055991041
2026-01-14,560050.SH,汇添富MSCI中国A50互联互通ETF,20211108,MSCI中国A50互联互通人民币指数,MSCI中国A50互联互通人民币指数收益率,汇添富基金管理股份有限公司,交通银行股份有限公司,股票型ETF,规模指数ETF,746059.MSI,4066713886.72,75695077,81398588,1.07,1.0753485064821,0.112275449
2026-01-15,560050.SH,汇添富MSCI中国A50互联互通ETF,20211108,MSCI中国A50互联互通人民币指数,MSCI中国A50互联互通人民币指数收益率,汇添富基金管理股份有限公司,交通银行股份有限公司,股票型ETF,规模指数ETF,746059.MSI,4056282650.56,61443756,65610330,1.073,1.0678111865427,0.055949273
2026-01-16,560050.SH,汇添富MSCI中国A50互联互通ETF,20211108,MSCI中国A50互联互通人民币指数,MSCI中国A50互联互通人民币指数收益率,汇添富基金管理股份有限公司,交通银行股份有限公司,股票型ETF,规模指数ETF,746059.MSI,4021736222.0,64283499,69119145,1.067,1.0752237522105,-0.046838407
2026-01-19,560050.SH,汇添富MSCI中国A50互联互通ETF,20211108,MSCI中国A50互联互通人民币指数,MSCI中国A50互联互通人民币指数收益率,汇添富基金管理股份有限公司,交通银行股份有限公司,股票型ETF,规模指数ETF,746059.MSI,4011587195.04,58119909,62025691,1.064,1.0672021355023,-0.009397613
2026-01-20,560050.SH,汇添富MSCI中国A50互联互通ETF,20211108,MSCI中国A50互联互通人民币指数,MSCI中国A50互联互通人民币指数收益率,汇添富基金管理股份有限公司,交通银行股份有限公司,股票型ETF,规模指数ETF,746059.MSI,3938294549.28,100314342,106084762,1.058,1.0575233798573,-0.066118825
2026-01-21,560050.SH,汇添富MSCI中国A50互联互通ETF,20211108,MSCI中国A50互联互通人民币指数,MSCI中国A50互联互通人民币指数收益率,汇添富基金管理股份有限公司,交通银行股份有限公司,股票型ETF,规模指数ETF,746059.MSI,3942802516.48,67975318,72358373,1.058,1.0644800955547,-0.113293051
2026-01-22,560050.SH,汇添富MSCI中国A50互联互通ETF,20211108,MSCI中国A50互联互通人民币指数,MSCI中国A50互联互通人民币指数收益率,汇添富基金管理股份有限公司,交通银行股份有限公司,股票型ETF,规模指数ETF,746059.MSI,3888448088.64,111964007,118326430,1.058,1.0568256100373,-0.009450903
2026-01-23,560050.SH,汇添富MSCI中国A50互联互通ETF,20211108,MSCI中国A50互联互通人民币指数,MSCI中国A50互联互通人民币指数收益率,汇添富基金管理股份有限公司,交通银行股份有限公司,股票型ETF,规模指数ETF,746059.MSI,3856719434.88,64952888,68170271,1.045,1.0495341023174,-0.019135094
2026-01-26,560050.SH,汇添富MSCI中国A50互联互通ETF,20211108,MSCI中国A50互联互通人民币指数,MSCI中国A50互联互通人民币指数收益率,汇添富基金管理股份有限公司,交通银行股份有限公司,股票型ETF,规模指数ETF,746059.MSI,3875907093.76,69630412,73041166,1.051,1.0489836825897,0.057121097
2026-01-27,560050.SH,汇添富MSCI中国A50互联互通ETF,20211108,MSCI中国A50互联互通人民币指数,MSCI中国A50互联互通人民币指数收益率,汇添富基金管理股份有限公司,交通银行股份有限公司,股票型ETF,规模指数ETF,746059.MSI,3831840988.8,114526712,120775889,1.052,1.0545652354012,0
2026-01-28,560050.SH,汇添富MSCI中国A50互联互通ETF,20211108,MSCI中国A50互联互通人民币指数,MSCI中国A50互联互通人民币指数收益率,汇添富基金管理股份有限公司,交通银行股份有限公司,股票型ETF,规模指数ETF,746059.MSI,3844040673.92,106339402,112156811,1.056,1.0547060533592,-0.075700227
2026-01-29,560050.SH,汇添富MSCI中国A50互联互通ETF,20211108,MSCI中国A50互联互通人民币指数,MSCI中国A50互联互通人民币指数收益率,汇添富基金管理股份有限公司,交通银行股份有限公司,股票型ETF,规模指数ETF,746059.MSI,3863326287.6,110642492,117279197,1.071,1.0599833290089,0.421940928
2026-01-30,560050.SH,汇添富MSCI中国A50互联互通ETF,20211108,MSCI中国A50互联互通人民币指数,MSCI中国A50互联互通人民币指数收益率,汇添富基金管理股份有限公司,交通银行股份有限公司,股票型ETF,规模指数ETF,746059.MSI,3789765700.16,81125780,85391017,1.056,1.0525756054364,-0.037864445
2026-02-02,560050.SH,汇添富MSCI中国A50互联互通ETF,20211108,MSCI中国A50互联互通人民币指数,MSCI中国A50互联互通人民币指数收益率,汇添富基金管理股份有限公司,交通银行股份有限公司,股票型ETF,规模指数ETF,746059.MSI,3612185392.64,214839720,223812580,1.03,1.0417653681545,-0.058218513
2026-02-03,560050.SH,汇添富MSCI中国A50互联互通ETF,20211108,MSCI中国A50互联互通人民币指数,MSCI中国A50互联互通人民币指数收益率,汇添富基金管理股份有限公司,交通银行股份有限公司,股票型ETF,规模指数ETF,746059.MSI,3633565492.48,54741813,56381942,1.036,1.0299611742856,-0.067521945
2026-02-04,560050.SH,汇添富MSCI中国A50互联互通ETF,20211108,MSCI中国A50互联互通人民币指数,MSCI中国A50互联互通人民币指数收益率,汇添富基金管理股份有限公司,交通银行股份有限公司,股票型ETF,规模指数ETF,746059.MSI,3659693704.56,48271832,50040390,1.044,1.0366374742106,-0.086132644
2026-02-05,560050.SH,汇添富MSCI中国A50互联互通ETF,20211108,MSCI中国A50互联互通人民币指数,MSCI中国A50互联互通人民币指数收益率,汇添富基金管理股份有限公司,交通银行股份有限公司,股票型ETF,规模指数ETF,746059.MSI,3618945828.48,75355143,78076349,1.04,1.036111748869,0.076982294
2026-02-06,560050.SH,汇添富MSCI中国A50互联互通ETF,20211108,MSCI中国A50互联互通人民币指数,MSCI中国A50互联互通人民币指数收益率,汇添富基金管理股份有限公司,交通银行股份有限公司,股票型ETF,规模指数ETF,746059.MSI,3593380261.44,65173723,67033970,1.033,1.0285428991067,0.038737168
2026-02-09,560050.SH,汇添富MSCI中国A50互联互通ETF,20211108,MSCI中国A50互联互通人民币指数,MSCI中国A50互联互通人民币指数收益率,汇添富基金管理股份有限公司,交通银行股份有限公司,股票型ETF,规模指数ETF,746059.MSI,3649243007.76,53863955,56268389,1.048,1.0446390169456,0.009542895
2026-02-10,560050.SH,汇添富MSCI中国A50互联互通ETF,20211108,MSCI中国A50互联互通人民币指数,MSCI中国A50互联互通人民币指数收益率,汇添富基金管理股份有限公司,交通银行股份有限公司,股票型ETF,规模指数ETF,746059.MSI,3648524172.48,44320678,46572503,1.049,1.0508075485668,-0.019062143
2026-02-11,560050.SH,汇添富MSCI中国A50互联互通ETF,20211108,MSCI中国A50互联互通人民币指数,MSCI中国A50互联互通人民币指数收益率,汇添富基金管理股份有限公司,交通银行股份有限公司,股票型ETF,规模指数ETF,746059.MSI,3642960277.44,72301227,75716103,1.048,1.0472312316359,0.038182512
2026-02-12,560050.SH,汇添富MSCI中国A50互联互通ETF,20211108,MSCI中国A50互联互通人民币指数,MSCI中国A50互联互通人民币指数收益率,汇添富基金管理股份有限公司,交通银行股份有限公司,股票型ETF,规模指数ETF,746059.MSI,3635476369.28,52539298,54988532,1.046,1.0466171816761,-0.019116804
2026-02-13,560050.SH,汇添富MSCI中国A50互联互通ETF,20211108,MSCI中国A50互联互通人民币指数,MSCI中国A50互联互通人民币指数收益率,汇添富基金管理股份有限公司,交通银行股份有限公司,股票型ETF,规模指数ETF,746059.MSI,3567884353.28,70749249,73376061,1.034,1.0371284789186,0.271528317
2026-02-24,560050.SH,汇添富MSCI中国A50互联互通ETF,20211108,MSCI中国A50互联互通人民币指数,MSCI中国A50互联互通人民币指数收益率,汇添富基金管理股份有限公司,交通银行股份有限公司,股票型ETF,规模指数ETF,746059.MSI,3587082038.4,45964460,47746501,1.037,1.0387699757595,0.096525097
2026-02-25,560050.SH,汇添富MSCI中国A50互联互通ETF,20211108,MSCI中国A50互联互通人民币指数,MSCI中国A50互联互通人民币指数收益率,汇添富基金管理股份有限公司,交通银行股份有限公司,股票型ETF,规模指数ETF,746059.MSI,3631484743.92,45423223,47433869,1.043,1.0442647145492,-0.124485301
2026-02-26,560050.SH,汇添富MSCI中国A50互联互通ETF,20211108,MSCI中国A50互联互通人民币指数,MSCI中国A50互联互通人民币指数收益率,汇添富基金管理股份有限公司,交通银行股份有限公司,股票型ETF,规模指数ETF,746059.MSI,3589335946.56,57043776,59114323,1.037,1.0362975094776,-0.038557933
2026-02-27,560050.SH,汇添富MSCI中国A50互联互通ETF,20211108,MSCI中国A50互联互通人民币指数,MSCI中国A50互联互通人民币指数收益率,汇添富基金管理股份有限公司,交通银行股份有限公司,股票型ETF,规模指数ETF,746059.MSI,3587869768.0,62782503,64814025,1.033,1.0323580918716,0.04842615
2026-03-02,560050.SH,汇添富MSCI中国A50互联互通ETF,20211108,MSCI中国A50互联互通人民币指数,MSCI中国A50互联互通人民币指数收益率,汇添富基金管理股份有限公司,交通银行股份有限公司,股票型ETF,规模指数ETF,746059.MSI,3589915539.84,88238317,91223698,1.044,1.0338331588985,0.038328862
2026-03-03,560050.SH,汇添富MSCI中国A50互联互通ETF,20211108,MSCI中国A50互联互通人民币指数,MSCI中国A50互联互通人民币指数收益率,汇添富基金管理股份有限公司,交通银行股份有限公司,股票型ETF,规模指数ETF,746059.MSI,3524553794.24,76494168,79660699,1.033,1.0413957179062,0.087200853
2026-03-04,560050.SH,汇添富MSCI中国A50互联互通ETF,20211108,MSCI中国A50互联互通人民币指数,MSCI中国A50互联互通人民币指数收益率,汇添富基金管理股份有限公司,交通银行股份有限公司,股票型ETF,规模指数ETF,746059.MSI,3506168330.72,109452216,111372584,1.016,1.0175452637706,-0.029518843
2026-03-05,560050.SH,汇添富MSCI中国A50互联互通ETF,20211108,MSCI中国A50互联互通人民币指数,MSCI中国A50互联互通人民币指数收益率,汇添富基金管理股份有限公司,交通银行股份有限公司,股票型ETF,规模指数ETF,746059.MSI,3521000510.72,70995710,72855703,1.028,1.026198667497,-0.077760498
2026-03-06,560050.SH,汇添富MSCI中国A50互联互通ETF,20211108,MSCI中国A50互联互通人民币指数,MSCI中国A50互联互通人民币指数收益率,汇添富基金管理股份有限公司,交通银行股份有限公司,股票型ETF,规模指数ETF,746059.MSI,3523738458.24,46770345,47904173,1.028,1.0242424553422,-0.155400155
2026-03-09,560050.SH,汇添富MSCI中国A50互联互通ETF,20211108,MSCI中国A50互联互通人民币指数,MSCI中国A50互联互通人民币指数收益率,汇添富基金管理股份有限公司,交通银行股份有限公司,股票型ETF,规模指数ETF,746059.MSI,3469287660.16,75560686,76450744,1.017,1.0117793795572,-0.186475611
2026-03-10,560050.SH,汇添富MSCI中国A50互联互通ETF,20211108,MSCI中国A50互联互通人民币指数,MSCI中国A50互联互通人民币指数收益率,汇添富基金管理股份有限公司,交通银行股份有限公司,股票型ETF,规模指数ETF,746059.MSI,3514374491.76,60615464,62453472,1.032,1.0303224272935,-0.087133314
2026-03-11,560050.SH,汇添富MSCI中国A50互联互通ETF,20211108,MSCI中国A50互联互通人民币指数,MSCI中国A50互联互通人民币指数收益率,汇添富基金管理股份有限公司,交通银行股份有限公司,股票型ETF,规模指数ETF,746059.MSI,3532541940.72,60700226,63098499,1.04,1.0395101164862,-0.124843945
2026-03-12,560050.SH,汇添富MSCI中国A50互联互通ETF,20211108,MSCI中国A50互联互通人民币指数,MSCI中国A50互联互通人民币指数收益率,汇添富基金管理股份有限公司,交通银行股份有限公司,股票型ETF,规模指数ETF,746059.MSI,3485410952.4,55951602,57894717,1.033,1.0347284962457,-0.048379294
2026-03-13,560050.SH,汇添富MSCI中国A50互联互通ETF,20211108,MSCI中国A50互联互通人民币指数,MSCI中国A50互联互通人民币指数收益率,汇添富基金管理股份有限公司,交通银行股份有限公司,股票型ETF,规模指数ETF,746059.MSI,3501592438.56,73277075,75903447,1.029,1.0358416598916,-0.087387125
2026-03-16,560050.SH,汇添富MSCI中国A50互联互通ETF,20211108,MSCI中国A50互联互通人民币指数,MSCI中国A50互联互通人民币指数收益率,汇添富基金管理股份有限公司,交通银行股份有限公司,股票型ETF,规模指数ETF,746059.MSI,3455408682.72,125591880,129023191,1.032,1.0273211213973,-0.174114916
2026-03-17,560050.SH,汇添富MSCI中国A50互联互通ETF,20211108,MSCI中国A50互联互通人民币指数,MSCI中国A50互联互通人民币指数收益率,汇添富基金管理股份有限公司,交通银行股份有限公司,股票型ETF,规模指数ETF,746059.MSI,3453904964.8,95673989,99766515,1.029,1.0427757433632,-0.048567266
2026-03-18,560050.SH,汇添富MSCI中国A50互联互通ETF,20211108,MSCI中国A50互联互通人民币指数,MSCI中国A50互联互通人民币指数收益率,汇添富基金管理股份有限公司,交通银行股份有限公司,股票型ETF,规模指数ETF,746059.MSI,3441898143.36,61704398,63403605,1.034,1.0275378588087,-0.03866976
2026-03-19,560050.SH,汇添富MSCI中国A50互联互通ETF,20211108,MSCI中国A50互联互通人民币指数,MSCI中国A50互联互通人民币指数收益率,汇添富基金管理股份有限公司,交通银行股份有限公司,股票型ETF,规模指数ETF,746059.MSI,3380465653.6,69146554,70731233,1.018,1.0229176858184,-0.098135427
2026-03-20,560050.SH,汇添富MSCI中国A50互联互通ETF,20211108,MSCI中国A50互联互通人民币指数,MSCI中国A50互联互通人民币指数收益率,汇添富基金管理股份有限公司,交通银行股份有限公司,股票型ETF,规模指数ETF,746059.MSI,3383553542.08,85549479,87912328,1.022,1.027619677263,0.127363574
2026-03-23,560050.SH,汇添富MSCI中国A50互联互通ETF,20211108,MSCI中国A50互联互通人民币指数,MSCI中国A50互联互通人民币指数收益率,汇添富基金管理股份有限公司,交通银行股份有限公司,股票型ETF,规模指数ETF,746059.MSI,3249610056.0,84844837,84857864,0.99,1.000153539101,0
2026-03-24,560050.SH,汇添富MSCI中国A50互联互通ETF,20211108,MSCI中国A50互联互通人民币指数,MSCI中国A50互联互通人民币指数收益率,汇添富基金管理股份有限公司,交通银行股份有限公司,股票型ETF,规模指数ETF,746059.MSI,3290847281.92,64139318,63588751,1.001,0.99141607648525,-0.079856259
2026-03-25,560050.SH,汇添富MSCI中国A50互联互通ETF,20211108,MSCI中国A50互联互通人民币指数,MSCI中国A50互联互通人民币指数收益率,汇添富基金管理股份有限公司,交通银行股份有限公司,股票型ETF,规模指数ETF,746059.MSI,3325850278.24,76297470,77317441,1.015,1.0133683462899,-0.206469374
2026-03-26,560050.SH,汇添富MSCI中国A50互联互通ETF,20211108,MSCI中国A50互联互通人民币指数,MSCI中国A50互联互通人民币指数收益率,汇添富基金管理股份有限公司,交通银行股份有限公司,股票型ETF,规模指数ETF,746059.MSI,3258078032.64,61420017,62089893,1.004,1.0109064769552,-0.15910899
2026-03-27,560050.SH,汇添富MSCI中国A50互联互通ETF,20211108,MSCI中国A50互联互通人民币指数,MSCI中国A50互联互通人民币指数收益率,汇添富基金管理股份有限公司,交通银行股份有限公司,股票型ETF,规模指数ETF,746059.MSI,3276283612.8,53909321,54257942,1.012,1.0064668037648,0
2026-03-30,560050.SH,汇添富MSCI中国A50互联互通ETF,20211108,MSCI中国A50互联互通人民币指数,MSCI中国A50互联互通人民币指数收益率,汇添富基金管理股份有限公司,交通银行股份有限公司,股票型ETF,规模指数ETF,746059.MSI,3254603796.48,69412551,69683845,1.009,1.0039084286068,-0.019817677
2026-03-31,560050.SH,汇添富MSCI中国A50互联互通ETF,20211108,MSCI中国A50互联互通人民币指数,MSCI中国A50互联互通人民币指数收益率,汇添富基金管理股份有限公司,交通银行股份有限公司,股票型ETF,规模指数ETF,746059.MSI,3239375922.3355,58658261,59457940,1.006,1.0136328453378,0.229152137
2026-04-01,560050.SH,汇添富MSCI中国A50互联互通ETF,20211108,MSCI中国A50互联互通人民币指数,MSCI中国A50互联互通人民币指数收益率,汇添富基金管理股份有限公司,交通银行股份有限公司,股票型ETF,规模指数ETF,746059.MSI,3300374417.44,49685412,50599381,1.023,1.0183951176655,0.039115979
2026-04-02,560050.SH,汇添富MSCI中国A50互联互通ETF,20211108,MSCI中国A50互联互通人民币指数,MSCI中国A50互联互通人民币指数收益率,汇添富基金管理股份有限公司,交通银行股份有限公司,股票型ETF,规模指数ETF,746059.MSI,3261645204.64,65741238,66620993,1.01,1.013382087511,-0.059370671
2026-04-03,560050.SH,汇添富MSCI中国A50互联互通ETF,20211108,MSCI中国A50互联互通人民币指数,MSCI中国A50互联互通人民币指数收益率,汇添富基金管理股份有限公司,交通银行股份有限公司,股票型ETF,规模指数ETF,746059.MSI,3230168242.56,60164575,60683523,1.004,1.0086254743759,0.159616919
2026-04-07,560050.SH,汇添富MSCI中国A50互联互通ETF,20211108,MSCI中国A50互联互通人民币指数,MSCI中国A50互联互通人民币指数收益率,汇添富基金管理股份有限公司,交通银行股份有限公司,股票型ETF,规模指数ETF,746059.MSI,3238801617.92,56475451,56723589,1.004,1.004393732066,-0.029871552
2026-04-08,560050.SH,汇添富MSCI中国A50互联互通ETF,20211108,MSCI中国A50互联互通人民币指数,MSCI中国A50互联互通人民币指数收益率,汇添富基金管理股份有限公司,交通银行股份有限公司,股票型ETF,规模指数ETF,746059.MSI,3356511723.52,72435591,74647155,1.04,1.0305314551793,-0.076863951
2026-04-09,560050.SH,汇添富MSCI中国A50互联互通ETF,20211108,MSCI中国A50互联互通人民币指数,MSCI中国A50互联互通人民币指数收益率,汇添富基金管理股份有限公司,交通银行股份有限公司,股票型ETF,规模指数ETF,746059.MSI,3310996926.16,52731516,54514356,1.034,1.0338097618889,0.009672115
2026-04-10,560050.SH,汇添富MSCI中国A50互联互通ETF,20211108,MSCI中国A50互联互通人民币指数,MSCI中国A50互联互通人民币指数收益率,汇添富基金管理股份有限公司,交通银行股份有限公司,股票型ETF,规模指数ETF,746059.MSI,3347198949.44,90270847,94633547,1.05,1.048329002607,-0.24700741
2026-04-13,560050.SH,汇添富MSCI中国A50互联互通ETF,20211108,MSCI中国A50互联互通人民币指数,MSCI中国A50互联互通人民币指数收益率,汇添富基金管理股份有限公司,交通银行股份有限公司,股票型ETF,规模指数ETF,746059.MSI,3351042456.72,63701237,67109226,1.055,1.0534995733285,-0.123071097
2026-04-14,560050.SH,汇添富MSCI中国A50互联互通ETF,20211108,MSCI中国A50互联互通人民币指数,MSCI中国A50互联互通人民币指数收益率,汇添富基金管理股份有限公司,交通银行股份有限公司,股票型ETF,规模指数ETF,746059.MSI,3392027137.44,51975225,55377103,1.072,1.0654519148306,-0.05593884
2026-04-15,560050.SH,汇添富MSCI中国A50互联互通ETF,20211108,MSCI中国A50互联互通人民币指数,MSCI中国A50互联互通人民币指数收益率,汇添富基金管理股份有限公司,交通银行股份有限公司,股票型ETF,规模指数ETF,746059.MSI,3382547749.68,105690273,114052874,1.074,1.0791236578602,-0.065134456
2026-04-16,560050.SH,汇添富MSCI中国A50互联互通ETF,20211108,MSCI中国A50互联互通人民币指数,MSCI中国A50互联互通人民币指数收益率,汇添富基金管理股份有限公司,交通银行股份有限公司,股票型ETF,规模指数ETF,746059.MSI,3413506456.64,69528322,75472881,1.09,1.0854983815085,-0.055015588
2026-04-17,560050.SH,汇添富MSCI中国A50互联互通ETF,20211108,MSCI中国A50互联互通人民币指数,MSCI中国A50互联互通人民币指数收益率,汇添富基金管理股份有限公司,交通银行股份有限公司,股票型ETF,规模指数ETF,746059.MSI,3335940482.88,121204444,131964980,1.09,1.0887800450617,-0.018345258
2026-04-20,560050.SH,汇添富MSCI中国A50互联互通ETF,20211108,MSCI中国A50互联互通人民币指数,MSCI中国A50互联互通人民币指数收益率,汇添富基金管理股份有限公司,交通银行股份有限公司,股票型ETF,规模指数ETF,746059.MSI,3330248135.2,88806507,97060026,1.094,1.0929382235471,-0.136923779
2026-04-21,560050.SH,汇添富MSCI中国A50互联互通ETF,20211108,MSCI中国A50互联互通人民币指数,MSCI中国A50互联互通人民币指数收益率,汇添富基金管理股份有限公司,交通银行股份有限公司,股票型ETF,规模指数ETF,746059.MSI,3314981990.88,72370451,78916933,1.097,1.0904579411838,-0.0637697
2026-04-22,560050.SH,汇添富MSCI中国A50互联互通ETF,20211108,MSCI中国A50互联互通人民币指数,MSCI中国A50互联互通人民币指数收益率,汇添富基金管理股份有限公司,交通银行股份有限公司,股票型ETF,规模指数ETF,746059.MSI,3325427282.4,76208148,83893772,1.108,1.1008504235006,-0.045105999
2026-04-23,560050.SH,汇添富MSCI中国A50互联互通ETF,20211108,MSCI中国A50互联互通人民币指数,MSCI中国A50互联互通人民币指数收益率,汇添富基金管理股份有限公司,交通银行股份有限公司,股票型ETF,规模指数ETF,746059.MSI,3323327328.32,79170183,87878607,1.106,1.1099962595767,-0.162484203
2026-04-24,560050.SH,汇添富MSCI中国A50互联互通ETF,20211108,MSCI中国A50互联互通人民币指数,MSCI中国A50互联互通人民币指数收益率,汇添富基金管理股份有限公司,交通银行股份有限公司,股票型ETF,规模指数ETF,746059.MSI,3304246064.48,64402490,70781204,1.105,1.0990445245207,0.072450643
2026-04-27,560050.SH,汇添富MSCI中国A50互联互通ETF,20211108,MSCI中国A50互联互通人民币指数,MSCI中国A50互联互通人民币指数收益率,汇添富基金管理股份有限公司,交通银行股份有限公司,股票型ETF,规模指数ETF,746059.MSI,3299392610.4,49737617,55070003,1.103,1.1072103233253,-0.045310376
2026-04-28,560050.SH,汇添富MSCI中国A50互联互通ETF,20211108,MSCI中国A50互联互通人民币指数,MSCI中国A50互联互通人民币指数收益率,汇添富基金管理股份有限公司,交通银行股份有限公司,股票型ETF,规模指数ETF,746059.MSI,3282695735.04,55956254,61694897,1.099,1.1025558823148,-0.236020334
2026-04-29,560050.SH,汇添富MSCI中国A50互联互通ETF,20211108,MSCI中国A50互联互通人民币指数,MSCI中国A50互联互通人民币指数收益率,汇添富基金管理股份有限公司,交通银行股份有限公司,股票型ETF,规模指数ETF,746059.MSI,3318351572.48,70267295,77413383,1.11,1.1016986351901,-0.152918953
2026-04-30,560050.SH,汇添富MSCI中国A50互联互通ETF,20211108,MSCI中国A50互联互通人民币指数,MSCI中国A50互联互通人民币指数收益率,汇添富基金管理股份有限公司,交通银行股份有限公司,股票型ETF,规模指数ETF,746059.MSI,3315572322.48,86731701,96402099,1.111,1.1114978478284,-0.062966628
2026-05-06,560050.SH,汇添富MSCI中国A50互联互通ETF,20211108,MSCI中国A50互联互通人民币指数,MSCI中国A50互联互通人民币指数收益率,汇添富基金管理股份有限公司,交通银行股份有限公司,股票型ETF,规模指数ETF,746059.MSI,3353352931.04,73172697,82692226,1.128,1.1300967353985,-0.097422726
2026-05-07,560050.SH,汇添富MSCI中国A50互联互通ETF,20211108,MSCI中国A50互联互通人民币指数,MSCI中国A50互联互通人民币指数收益率,汇添富基金管理股份有限公司,交通银行股份有限公司,股票型ETF,规模指数ETF,746059.MSI,3353013688.32,99525685,112222946,1.132,1.1275777303115,-0.070621469
2026-05-08,560050.SH,汇添富MSCI中国A50互联互通ETF,20211108,MSCI中国A50互联互通人民币指数,MSCI中国A50互联互通人民币指数收益率,汇添富基金管理股份有限公司,交通银行股份有限公司,股票型ETF,规模指数ETF,746059.MSI,3314845409.92,60452357,67800228,1.122,1.1215481308694,0.01782849
2026-05-11,560050.SH,汇添富MSCI中国A50互联互通ETF,20211108,MSCI中国A50互联互通人民币指数,MSCI中国A50互联互通人民币指数收益率,汇添富基金管理股份有限公司,交通银行股份有限公司,股票型ETF,规模指数ETF,746059.MSI,3268041354.48,200807941,226857758,1.14,1.129725034131,-0.148900762
2026-05-12,560050.SH,汇添富MSCI中国A50互联互通ETF,20211108,MSCI中国A50互联互通人民币指数,MSCI中国A50互联互通人民币指数收益率,汇添富基金管理股份有限公司,交通银行股份有限公司,股票型ETF,规模指数ETF,746059.MSI,3141479829.68,196526529,225465899,1.149,1.1472542671326,-0.060885448
2026-05-13,560050.SH,汇添富MSCI中国A50互联互通ETF,20211108,MSCI中国A50互联互通人民币指数,MSCI中国A50互联互通人民币指数收益率,汇添富基金管理股份有限公司,交通银行股份有限公司,股票型ETF,规模指数ETF,746059.MSI,3024763680.96,218187002,251327302,1.164,1.1518894329003,0.051572976
2026-05-14,560050.SH,汇添富MSCI中国A50互联互通ETF,20211108,MSCI中国A50互联互通人民币指数,MSCI中国A50互联互通人民币指数收益率,汇添富基金管理股份有限公司,交通银行股份有限公司,股票型ETF,规模指数ETF,746059.MSI,2899272545.44,123561893,142622080,1.143,1.1542561912676,0.035007877
2026-05-15,560050.SH,汇添富MSCI中国A50互联互通ETF,20211108,MSCI中国A50互联互通人民币指数,MSCI中国A50互联互通人民币指数收益率,汇添富基金管理股份有限公司,交通银行股份有限公司,股票型ETF,规模指数ETF,746059.MSI,2815926108.16,136497496,154666506,1.125,1.133108742156,-0.124289773
2026-05-18,560050.SH,汇添富MSCI中国A50互联互通ETF,20211108,MSCI中国A50互联互通人民币指数,MSCI中国A50互联互通人民币指数收益率,汇添富基金管理股份有限公司,交通银行股份有限公司,股票型ETF,规模指数ETF,746059.MSI,2747411659.2,113960908,127783010,1.117,1.1212880999509,-0.089445438
2026-05-19,560050.SH,汇添富MSCI中国A50互联互通ETF,20211108,MSCI中国A50互联互通人民币指数,MSCI中国A50互联互通人民币指数收益率,汇添富基金管理股份有限公司,交通银行股份有限公司,股票型ETF,规模指数ETF,746059.MSI,2667719140.24,167900788,186144654,1.123,1.1086586085588,0.080206755
2026-05-20,560050.SH,汇添富MSCI中国A50互联互通ETF,20211108,MSCI中国A50互联互通人民币指数,MSCI中国A50互联互通人民币指数收益率,汇添富基金管理股份有限公司,交通银行股份有限公司,股票型ETF,规模指数ETF,746059.MSI,2655748488.64,60069041,67297014,1.121,1.1203277575215,0.035695163
2026-05-21,560050.SH,汇添富MSCI中国A50互联互通ETF,20211108,MSCI中国A50互联互通人民币指数,MSCI中国A50互联互通人民币指数收益率,汇添富基金管理股份有限公司,交通银行股份有限公司,股票型ETF,规模指数ETF,746059.MSI,2613800649.76,64479562,72765375,1.103,1.1285029355503,0.009067005
2026-05-22,560050.SH,汇添富MSCI中国A50互联互通ETF,20211108,MSCI中国A50互联互通人民币指数,MSCI中国A50互联互通人民币指数收益率,汇添富基金管理股份有限公司,交通银行股份有限公司,股票型ETF,规模指数ETF,746059.MSI,2648699665.04,67278677,74555860,1.113,1.1081647755945,-0.098734404
2026-05-25,560050.SH,汇添富MSCI中国A50互联互通ETF,20211108,MSCI中国A50互联互通人民币指数,MSCI中国A50互联互通人民币指数收益率,汇添富基金管理股份有限公司,交通银行股份有限公司,股票型ETF,规模指数ETF,746059.MSI,2686796643.12,53397076,60193697,1.137,1.127284516478,-0.026378264
2026-05-26,560050.SH,汇添富MSCI中国A50互联互通ETF,20211108,MSCI中国A50互联互通人民币指数,MSCI中国A50互联互通人民币指数收益率,汇添富基金管理股份有限公司,交通银行股份有限公司,股票型ETF,规模指数ETF,746059.MSI,2705863204.32,68310190,77654784,1.148,1.1367964867321,0.017424638
2026-05-27,560050.SH,汇添富MSCI中国A50互联互通ETF,20211108,MSCI中国A50互联互通人民币指数,MSCI中国A50互联互通人民币指数收益率,汇添富基金管理股份有限公司,交通银行股份有限公司,股票型ETF,规模指数ETF,746059.MSI,2688686590.64,65748413,75480323,1.141,1.148017412983,0.254810649
2026-05-28,560050.SH,汇添富MSCI中国A50互联互通ETF,20211108,MSCI中国A50互联互通人民币指数,MSCI中国A50互联互通人民币指数收益率,汇添富基金管理股份有限公司,交通银行股份有限公司,股票型ETF,规模指数ETF,746059.MSI,2683904756.8,67406549,76318859,1.145,1.1322172716482,-0.174367916
2026-05-29,560050.SH,汇添富MSCI中国A50互联互通ETF,20211108,MSCI中国A50互联互通人民币指数,MSCI中国A50互联互通人民币指数收益率,汇添富基金管理股份有限公司,交通银行股份有限公司,股票型ETF,规模指数ETF,746059.MSI,2737889006.08,122620077,140796080,1.146,1.1482302363911,0.244926522
2026-06-01,560050.SH,汇添富MSCI中国A50互联互通ETF,20211108,MSCI中国A50互联互通人民币指数,MSCI中国A50互联互通人民币指数收益率,汇添富基金管理股份有限公司,交通银行股份有限公司,股票型ETF,规模指数ETF,746059.MSI,2702806121.28,57753786,65793265,1.126,1.1392026316682,-0.017758835
2026-06-02,560050.SH,汇添富MSCI中国A50互联互通ETF,20211108,MSCI中国A50互联互通人民币指数,MSCI中国A50互联互通人民币指数收益率,汇添富基金管理股份有限公司,交通银行股份有限公司,股票型ETF,规模指数ETF,746059.MSI,2768304672.96,52333280,59771392,1.156,1.1421296735079,0.008651267
2026-06-03,560050.SH,汇添富MSCI中国A50互联互通ETF,20211108,MSCI中国A50互联互通人民币指数,MSCI中国A50互联互通人民币指数收益率,汇添富基金管理股份有限公司,交通银行股份有限公司,股票型ETF,规模指数ETF,746059.MSI,2776108720.32,69305741,80731715,1.165,1.164863311973,0.189198486
2026-06-04,560050.SH,汇添富MSCI中国A50互联互通ETF,20211108,MSCI中国A50互联互通人民币指数,MSCI中国A50互联互通人民币指数收益率,汇添富基金管理股份有限公司,交通银行股份有限公司,股票型ETF,规模指数ETF,746059.MSI,2740774691.2,60812283,70065000,1.149,1.1521521071656,0.087108014
2026-06-05,560050.SH,汇添富MSCI中国A50互联互通ETF,20211108,MSCI中国A50互联互通人民币指数,MSCI中国A50互联互通人民币指数收益率,汇添富基金管理股份有限公司,交通银行股份有限公司,股票型ETF,规模指数ETF,746059.MSI,2666768166.48,68419293,78169224,1.122,1.1425026563779,0.026745119
2026-06-08,560050.SH,汇添富MSCI中国A50互联互通ETF,20211108,MSCI中国A50互联互通人民币指数,MSCI中国A50互联互通人民币指数收益率,汇添富基金管理股份有限公司,交通银行股份有限公司,股票型ETF,规模指数ETF,746059.MSI,2632248049.92,118239506,130283168,1.096,1.1018581894278,-0.07293946
2026-06-09,560050.SH,汇添富MSCI中国A50互联互通ETF,20211108,MSCI中国A50互联互通人民币指数,MSCI中国A50互联互通人民币指数收益率,汇添富基金管理股份有限公司,交通银行股份有限公司,股票型ETF,规模指数ETF,746059.MSI,2669239060.08,59326571,65377229,1.116,1.1019890059043,0.026888949
2026-06-10,560050.SH,汇添富MSCI中国A50互联互通ETF,20211108,MSCI中国A50互联互通人民币指数,MSCI中国A50互联互通人民币指数收益率,汇添富基金管理股份有限公司,交通银行股份有限公司,股票型ETF,规模指数ETF,746059.MSI,2646750176.72,69539548,77095097,1.107,1.1086511088625,0.063273976
2026-06-11,560050.SH,汇添富MSCI中国A50互联互通ETF,20211108,MSCI中国A50互联互通人民币指数,MSCI中国A50互联互通人民币指数收益率,汇添富基金管理股份有限公司,交通银行股份有限公司,股票型ETF,规模指数ETF,746059.MSI,2632512741.6,73693392,81222648,1.101,1.1021700290306,-0.045392646
2026-06-12,560050.SH,汇添富MSCI中国A50互联互通ETF,20211108,MSCI中国A50互联互通人民币指数,MSCI中国A50互联互通人民币指数收益率,汇添富基金管理股份有限公司,交通银行股份有限公司,股票型ETF,规模指数ETF,746059.MSI,2659066396.8,90662721,101524021,1.123,1.1197989634571,0.08912656
2026-06-15,560050.SH,汇添富MSCI中国A50互联互通ETF,20211108,MSCI中国A50互联互通人民币指数,MSCI中国A50互联互通人民币指数收益率,汇添富基金管理股份有限公司,交通银行股份有限公司,股票型ETF,规模指数ETF,746059.MSI,2749864099.36,112091742,128117201,1.151,1.1429673472288,0.139203062
2026-06-16,560050.SH,汇添富MSCI中国A50互联互通ETF,20211108,MSCI中国A50互联互通人民币指数,MSCI中国A50互联互通人民币指数收益率,汇添富基金管理股份有限公司,交通银行股份有限公司,股票型ETF,规模指数ETF,746059.MSI,2722613268.48,50810515,58074858,1.138,1.1429692849994,-0.105337079
2026-06-17,560050.SH,汇添富MSCI中国A50互联互通ETF,20211108,MSCI中国A50互联互通人民币指数,MSCI中国A50互联互通人民币指数收益率,汇添富基金管理股份有限公司,交通银行股份有限公司,股票型ETF,规模指数ETF,746059.MSI,2727410979.84,58715119,66664328,1.143,1.1353860664065,-0.052465897
2026-06-18,560050.SH,汇添富MSCI中国A50互联互通ETF,20211108,MSCI中国A50互联互通人民币指数,MSCI中国A50互联互通人民币指数收益率,汇添富基金管理股份有限公司,交通银行股份有限公司,股票型ETF,规模指数ETF,746059.MSI,2785155514.8,122869477,141892945,1.157,1.1548266377011,0.216543958
2026-06-22,560050.SH,汇添富MSCI中国A50互联互通ETF,20211108,MSCI中国A50互联互通人民币指数,MSCI中国A50互联互通人民币指数收益率,汇添富基金管理股份有限公司,交通银行股份有限公司,股票型ETF,规模指数ETF,746059.MSI,2801896769.12,85853588,99722119,1.176,1.1615369994787,-0.110422152
2026-06-23,560050.SH,汇添富MSCI中国A50互联互通ETF,20211108,MSCI中国A50互联互通人民币指数,MSCI中国A50互联互通人民币指数收益率,汇添富基金管理股份有限公司,交通银行股份有限公司,股票型ETF,规模指数ETF,746059.MSI,2697917163.52,81600429,94325000,1.139,1.1559375502793,-0.157784011
2026-06-24,560050.SH,汇添富MSCI中国A50互联互通ETF,20211108,MSCI中国A50互联互通人民币指数,MSCI中国A50互联互通人民币指数收益率,汇添富基金管理股份有限公司,交通银行股份有限公司,股票型ETF,规模指数ETF,746059.MSI,2653925874.88,103926264,118610727,1.145,1.1412969391452,-0.017464198
2026-06-25,560050.SH,汇添富MSCI中国A50互联互通ETF,20211108,MSCI中国A50互联互通人民币指数,MSCI中国A50互联互通人民币指数收益率,汇添富基金管理股份有限公司,交通银行股份有限公司,股票型ETF,规模指数ETF,746059.MSI,2672360271.36,58459331,67030437,1.155,1.1466165598098,0.051975052
2026-06-26,560050.SH,汇添富MSCI中国A50互联互通ETF,20211108,MSCI中国A50互联互通人民币指数,MSCI中国A50互联互通人民币指数收益率,汇添富基金管理股份有限公司,交通银行股份有限公司,股票型ETF,规模指数ETF,746059.MSI,2572476626.4,58115465,65644723,1.12,1.1295568744051,0.134108181
2026-06-29,560050.SH,汇添富MSCI中国A50互联互通ETF,20211108,MSCI中国A50互联互通人民币指数,MSCI中国A50互联互通人民币指数收益率,汇添富基金管理股份有限公司,交通银行股份有限公司,股票型ETF,规模指数ETF,746059.MSI,2624613044.0,53966334,60537095,1.134,1.1217566677774,-0.088105727
2026-06-30,560050.SH,汇添富MSCI中国A50互联互通ETF,20211108,MSCI中国A50互联互通人民币指数,MSCI中国A50互联互通人民币指数收益率,汇添富基金管理股份有限公司,交通银行股份有限公司,股票型ETF,规模指数ETF,746059.MSI,2636765478.0955,51675288,58963716,1.147,1.1410428133463,-0.060991548
2026-07-01,560050.SH,汇添富MSCI中国A50互联互通ETF,20211108,MSCI中国A50互联互通人民币指数,MSCI中国A50互联互通人民币指数收益率,汇添富基金管理股份有限公司,交通银行股份有限公司,股票型ETF,规模指数ETF,746059.MSI,2607205635.84,48447494,55167119,1.134,1.1386991244583,0.035285815
2026-07-02,560050.SH,汇添富MSCI中国A50互联互通ETF,20211108,MSCI中国A50互联互通人民币指数,MSCI中国A50互联互通人民币指数收益率,汇添富基金管理股份有限公司,交通银行股份有限公司,股票型ETF,规模指数ETF,746059.MSI,2547377735.04,68265484,75793803,1.101,1.1102800208668,-0.054466231
2026-07-03,560050.SH,汇添富MSCI中国A50互联互通ETF,20211108,MSCI中国A50互联互通人民币指数,MSCI中国A50互联互通人民币指数收益率,汇添富基金管理股份有限公司,交通银行股份有限公司,股票型ETF,规模指数ETF,746059.MSI,2580456861.84,64537717,71804404,1.112,1.1125959723676,0.08100081
2026-07-06,560050.SH,汇添富MSCI中国A50互联互通ETF,20211108,MSCI中国A50互联互通人民币指数,MSCI中国A50互联互通人民币指数收益率,汇添富基金管理股份有限公司,交通银行股份有限公司,股票型ETF,规模指数ETF,746059.MSI,2619941862.56,122775664,136948579,1.112,1.1154374941927,-0.260113015
2026-07-07,560050.SH,汇添富MSCI中国A50互联互通ETF,20211108,MSCI中国A50互联互通人民币指数,MSCI中国A50互联互通人民币指数收益率,汇添富基金管理股份有限公司,交通银行股份有限公司,股票型ETF,规模指数ETF,746059.MSI,2667047098.72,101655216,112935645,1.111,1.1109675375634,-0.026995411
2026-07-08,560050.SH,汇添富MSCI中国A50互联互通ETF,20211108,MSCI中国A50互联互通人民币指数,MSCI中国A50互联互通人民币指数收益率,汇添富基金管理股份有限公司,交通银行股份有限公司,股票型ETF,规模指数ETF,746059.MSI,2668624131.52,37075237,41374535,1.11,1.1159614434832,-0.072020166
2026-07-09,560050.SH,汇添富MSCI中国A50互联互通ETF,20211108,MSCI中国A50互联互通人民币指数,MSCI中国A50互联互通人民币指数收益率,汇添富基金管理股份有限公司,交通银行股份有限公司,股票型ETF,规模指数ETF,746059.MSI,2735205235.68,51240663,57231012,1.14,1.1169061571276,0.026322717
2026-07-10,560050.SH,汇添富MSCI中国A50互联互通ETF,20211108,MSCI中国A50互联互通人民币指数,MSCI中国A50互联互通人民币指数收益率,汇添富基金管理股份有限公司,交通银行股份有限公司,股票型ETF,规模指数ETF,746059.MSI,2670305835.6,54726679,62158805,1.114,1.1358044400977,0.224921278
2026-07-13,560050.SH,汇添富MSCI中国A50互联互通ETF,20211108,MSCI中国A50互联互通人民币指数,MSCI中国A50互联互通人民币指数收益率,汇添富基金管理股份有限公司,交通银行股份有限公司,股票型ETF,规模指数ETF,746059.MSI,2653845110.4,64193648,71209718,1.103,1.109295393214,-0.045310376
2026-07-14,560050.SH,汇添富MSCI中国A50互联互通ETF,20211108,MSCI中国A50互联互通人民币指数,MSCI中国A50互联互通人民币指数收益率,汇添富基金管理股份有限公司,交通银行股份有限公司,股票型ETF,规模指数ETF,746059.MSI,2720702286.72,64488583,71669355,1.13,1.1113495081757,-0.114912048
2026-07-15,560050.SH,汇添富MSCI中国A50互联互通ETF,20211108,MSCI中国A50互联互通人民币指数,MSCI中国A50互联互通人民币指数收益率,汇添富基金管理股份有限公司,交通银行股份有限公司,股票型ETF,规模指数ETF,746059.MSI,2706561036.72,58400792,66209744,1.133,1.1337131181372,0.150269601
2026-07-16,560050.SH,汇添富MSCI中国A50互联互通ETF,20211108,MSCI中国A50互联互通人民币指数,MSCI中国A50互联互通人民币指数收益率,汇添富基金管理股份有限公司,交通银行股份有限公司,股票型ETF,规模指数ETF,746059.MSI,2687419020.72,69565322,78091918,1.113,1.1225696331859,-0.295619457
2026-07-17,560050.SH,汇添富MSCI中国A50互联互通ETF,20211108,MSCI中国A50互联互通人民币指数,MSCI中国A50互联互通人民币指数收益率,汇添富基金管理股份有限公司,交通银行股份有限公司,股票型ETF,规模指数ETF,746059.MSI,2590188125.76,73903536,80761676,1.082,1.0927985367304,0.148093299
2026-07-20,560050.SH,汇添富MSCI中国A50互联互通ETF,20211108,MSCI中国A50互联互通人民币指数,MSCI中国A50互联互通人民币指数收益率,汇添富基金管理股份有限公司,交通银行股份有限公司,股票型ETF,规模指数ETF,746059.MSI,2669725328.32,65570592,72239736,1.107,1.1017093760569,-0.072215201
2026-07-21,560050.SH,汇添富MSCI中国A50互联互通ETF,20211108,MSCI中国A50互联互通人民币指数,MSCI中国A50互联互通人民币指数收益率,汇添富基金管理股份有限公司,交通银行股份有限公司,股票型ETF,规模指数ETF,746059.MSI,2759209202.88,84054202,94130058,1.138,1.1198733169818,-0.192948606
2026-07-22,560050.SH,汇添富MSCI中国A50互联互通ETF,20211108,MSCI中国A50互联互通人民币指数,MSCI中国A50互联互通人民币指数收益率,汇添富基金管理股份有限公司,交通银行股份有限公司,股票型ETF,规模指数ETF,746059.MSI,2796961063.68,138842473,157854703,1.133,1.1369338185153,-0.149819336
2026-07-23,560050.SH,汇添富MSCI中国A50互联互通ETF,20211108,MSCI中国A50互联互通人民币指数,MSCI中国A50互联互通人民币指数收益率,汇添富基金管理股份有限公司,交通银行股份有限公司,股票型ETF,规模指数ETF,746059.MSI,2827358360.32,77793447,88376415,1.137,1.1360393247519,-0.070311127
2026-07-24,560050.SH,汇添富MSCI中国A50互联互通ETF,20211108,MSCI中国A50互联互通人民币指数,MSCI中国A50互联互通人民币指数收益率,汇添富基金管理股份有限公司,交通银行股份有限公司,股票型ETF,规模指数ETF,746059.MSI,2815644409.92,74108376,83462498,1.117,1.1262221965301,-0.427883758
2026-07-27,560050.SH,汇添富MSCI中国A50互联互通ETF,20211108,MSCI中国A50互联互通人民币指数,MSCI中国A50互联互通人民币指数收益率,汇添富基金管理股份有限公司,交通银行股份有限公司,股票型ETF,规模指数ETF,746059.MSI,2861411538.16,84247375,95176405,1.139,1.1297254662237,0.008780402
2026-07-28,560050.SH,汇添富MSCI中国A50互联互通ETF,20211108,MSCI中国A50互联互通人民币指数,MSCI中国A50互联互通人民币指数收益率,汇添富基金管理股份有限公司,交通银行股份有限公司,股票型ETF,规模指数ETF,746059.MSI,2738267420.16,110281977,122466569,1.103,1.1104857958794,-0.307302965
2026-07-29,560050.SH,汇添富MSCI中国A50互联互通ETF,20211108,MSCI中国A50互联互通人民币指数,MSCI中国A50互联互通人民币指数收益率,汇添富基金管理股份有限公司,交通银行股份有限公司,股票型ETF,规模指数ETF,746059.MSI,2748296006.88,83598834,92346084,1.115,1.1046336363974,0.206704413
2026-07-30,560050.SH,汇添富MSCI中国A50互联互通ETF,20211108,MSCI中国A50互联互通人民币指数,MSCI中国A50互联互通人民币指数收益率,汇添富基金管理股份有限公司,交通银行股份有限公司,股票型ETF,规模指数ETF,746059.MSI,2719891761.28,71578687,78395010,1.1,1.095228388305,-0.108972031
2026-07-31,560050.SH,汇添富MSCI中国A50互联互通ETF,20211108,MSCI中国A50互联互通人民币指数,MSCI中国A50互联互通人民币指数收益率,汇添富基金管理股份有限公司,交通银行股份有限公司,股票型ETF,规模指数ETF,746059.MSI,2713373420.16,84435353,93827740,1.108,1.1112376115725,0.14461316
2026-08-03,560050.SH,汇添富MSCI中国A50互联互通ETF,20211108,MSCI中国A50互联互通人民币指数,MSCI中国A50互联互通人民币指数收益率,汇添富基金管理股份有限公司,交通银行股份有限公司,股票型ETF,规模指数ETF,746059.MSI,2681246529.52,95971818,104966112,1.092,1.0937180746123,-0.118906064
2026-08-04,560050.SH,汇添富MSCI中国A50互联互通ETF,20211108,MSCI中国A50互联互通人民币指数,MSCI中国A50互联互通人民币指数收益率,汇添富基金管理股份有限公司,交通银行股份有限公司,股票型ETF,规模指数ETF,746059.MSI,2679835354.56,79363504,87372093,1.106,1.1009102244276,-0.12642225
2026-08-05,560050.SH,汇添富MSCI中国A50互联互通ETF,20211108,MSCI中国A50互联互通人民币指数,MSCI中国A50互联互通人民币指数收益率,汇添富基金管理股份有限公司,交通银行股份有限公司,股票型ETF,规模指数ETF,746059.MSI,2568102600.88,215313799,240771519,1.121,1.1182354318127,-0.151420682
2026-08-06,560050.SH,汇添富MSCI中国A50互联互通ETF,20211108,MSCI中国A50互联互通人民币指数,MSCI中国A50互联互通人民币指数收益率,汇添富基金管理股份有限公司,交通银行股份有限公司,股票型ETF,规模指数ETF,746059.MSI,2567932436.16,56199708,62960585,1.123,1.1203009275422,0.142678794
2026-08-07,560050.SH,汇添富MSCI中国A50互联互通ETF,20211108,MSCI中国A50互联互通人民币指数,MSCI中国A50互联互通人民币指数收益率,汇添富基金管理股份有限公司,交通银行股份有限公司,股票型ETF,规模指数ETF,746059.MSI,2581061898.24,47355586,53421577,1.13,1.1280945187755,0.035410765
2026-08-10,560050.SH,汇添富MSCI中国A50互联互通ETF,20211108,MSCI中国A50互联互通人民币指数,MSCI中国A50互联互通人民币指数收益率,汇添富基金管理股份有限公司,交通银行股份有限公司,股票型ETF,规模指数ETF,746059.MSI,2546827576.08,103285323,116388680,1.13,1.1268656244605,-0.061908552
2026-08-11,560050.SH,汇添富MSCI中国A50互联互通ETF,20211108,MSCI中国A50互联互通人民币指数,MSCI中国A50互联互通人民币指数收益率,汇添富基金管理股份有限公司,交通银行股份有限公司,股票型ETF,规模指数ETF,746059.MSI,2556894172.32,83123508,93594416,1.12,1.1259680715111,0.196815173
2026-08-12,560050.SH,汇添富MSCI中国A50互联互通ETF,20211108,MSCI中国A50互联互通人民币指数,MSCI中国A50互联互通人民币指数收益率,汇添富基金管理股份有限公司,交通银行股份有限公司,股票型ETF,规模指数ETF,746059.MSI,2560594324.64,61574028,69064641,1.123,1.1216521517806,-0.008903927
2026-08-13,560050.SH,汇添富MSCI中国A50互联互通ETF,20211108,MSCI中国A50互联互通人民币指数,MSCI中国A50互联互通人民币指数收益率,汇添富基金管理股份有限公司,交通银行股份有限公司,股票型ETF,规模指数ETF,746059.MSI,2538763711.68,56993636,64246668,1.117,1.1272603839488,-0.017901898
2026-08-14,560050.SH,汇添富MSCI中国A50互联互通ETF,20211108,MSCI中国A50互联互通人民币指数,MSCI中国A50互联互通人民币指数收益率,汇添富基金管理股份有限公司,交通银行股份有限公司,股票型ETF,规模指数ETF,746059.MSI,2548844323.2,55008752,61303059,1.116,1.1144237375173,0.044822949
2026-08-17,560050.SH,汇添富MSCI中国A50互联互通ETF,20211108,MSCI中国A50互联互通人民币指数,MSCI中国A50互联互通人民币指数收益率,汇添富基金管理股份有限公司,交通银行股份有限公司,股票型ETF,规模指数ETF,746059.MSI,2532027096.48,111591748,125627275,1.133,1.1257756711545,-0.105801446
2026-08-18,560050.SH,汇添富MSCI中国A50互联互通ETF,20211108,MSCI中国A50互联互通人民币指数,MSCI中国A50互联互通人民币指数收益率,汇添富基金管理股份有限公司,交通银行股份有限公司,股票型ETF,规模指数ETF,746059.MSI,2526146352.32,89610266,101044125,1.129,1.1275954141236,-0.115013713
2026-08-19,560050.SH,汇添富MSCI中国A50互联互通ETF,20211108,MSCI中国A50互联互通人民币指数,MSCI中国A50互联互通人民币指数收益率,汇添富基金管理股份有限公司,交通银行股份有限公司,股票型ETF,规模指数ETF,746059.MSI,2442593820.32,90352083,100164803,1.098,1.1086053544554,-0.2090339
2026-08-20,560050.SH,汇添富MSCI中国A50互联互通ETF,20211108,MSCI中国A50互联互通人民币指数,MSCI中国A50互联互通人民币指数收益率,汇添富基金管理股份有限公司,交通银行股份有限公司,股票型ETF,规模指数ETF,746059.MSI,2430164530.96,55958973,61817186,1.101,1.1046876432132,0.009083477
2026-08-21,560050.SH,汇添富MSCI中国A50互联互通ETF,20211108,MSCI中国A50互联互通人民币指数,MSCI中国A50互联互通人民币指数收益率,汇添富基金管理股份有限公司,交通银行股份有限公司,股票型ETF,规模指数ETF,746059.MSI,2407325223.36,83392076,92358174,1.11,1.1075173857046,0.054083288
2026-08-24,560050.SH,汇添富MSCI中国A50互联互通ETF,20211108,MSCI中国A50互联互通人民币指数,MSCI中国A50互联互通人民币指数收益率,汇添富基金管理股份有限公司,交通银行股份有限公司,股票型ETF,规模指数ETF,746059.MSI,2377892280.24,59329840,65157410,1.098,1.0982232549422,0.082034454
2026-08-25,560050.SH,汇添富MSCI中国A50互联互通ETF,20211108,MSCI中国A50互联互通人民币指数,MSCI中国A50互联互通人民币指数收益率,汇添富基金管理股份有限公司,交通银行股份有限公司,股票型ETF,规模指数ETF,746059.MSI,2361726936.96,62304751,67983829,1.09,1.0911499991389,-0.082500688
