日期,代码,名称,上市日期,对标指数,benchmark,管理人,托管人,类别大类,类别细类,对标指数代码,规模,成交量,成交额,收盘价,VWAP,溢价率
2021-01-04,561220.SH,数字经济ETF工银,20250530,中证诚通国企数字经济指数,中证诚通国企数字经济指数收益率,工银瑞信基金管理有限公司,国信证券股份有限公司,股票型ETF,主题指数ETF,931529.CSI,,,,,,
2021-01-05,561220.SH,数字经济ETF工银,20250530,中证诚通国企数字经济指数,中证诚通国企数字经济指数收益率,工银瑞信基金管理有限公司,国信证券股份有限公司,股票型ETF,主题指数ETF,931529.CSI,,,,,,
2021-01-06,561220.SH,数字经济ETF工银,20250530,中证诚通国企数字经济指数,中证诚通国企数字经济指数收益率,工银瑞信基金管理有限公司,国信证券股份有限公司,股票型ETF,主题指数ETF,931529.CSI,,,,,,
2021-01-07,561220.SH,数字经济ETF工银,20250530,中证诚通国企数字经济指数,中证诚通国企数字经济指数收益率,工银瑞信基金管理有限公司,国信证券股份有限公司,股票型ETF,主题指数ETF,931529.CSI,,,,,,
2021-01-08,561220.SH,数字经济ETF工银,20250530,中证诚通国企数字经济指数,中证诚通国企数字经济指数收益率,工银瑞信基金管理有限公司,国信证券股份有限公司,股票型ETF,主题指数ETF,931529.CSI,,,,,,
2021-01-11,561220.SH,数字经济ETF工银,20250530,中证诚通国企数字经济指数,中证诚通国企数字经济指数收益率,工银瑞信基金管理有限公司,国信证券股份有限公司,股票型ETF,主题指数ETF,931529.CSI,,,,,,
2021-01-12,561220.SH,数字经济ETF工银,20250530,中证诚通国企数字经济指数,中证诚通国企数字经济指数收益率,工银瑞信基金管理有限公司,国信证券股份有限公司,股票型ETF,主题指数ETF,931529.CSI,,,,,,
2021-01-13,561220.SH,数字经济ETF工银,20250530,中证诚通国企数字经济指数,中证诚通国企数字经济指数收益率,工银瑞信基金管理有限公司,国信证券股份有限公司,股票型ETF,主题指数ETF,931529.CSI,,,,,,
2021-01-14,561220.SH,数字经济ETF工银,20250530,中证诚通国企数字经济指数,中证诚通国企数字经济指数收益率,工银瑞信基金管理有限公司,国信证券股份有限公司,股票型ETF,主题指数ETF,931529.CSI,,,,,,
2021-01-15,561220.SH,数字经济ETF工银,20250530,中证诚通国企数字经济指数,中证诚通国企数字经济指数收益率,工银瑞信基金管理有限公司,国信证券股份有限公司,股票型ETF,主题指数ETF,931529.CSI,,,,,,
2021-01-18,561220.SH,数字经济ETF工银,20250530,中证诚通国企数字经济指数,中证诚通国企数字经济指数收益率,工银瑞信基金管理有限公司,国信证券股份有限公司,股票型ETF,主题指数ETF,931529.CSI,,,,,,
2021-01-19,561220.SH,数字经济ETF工银,20250530,中证诚通国企数字经济指数,中证诚通国企数字经济指数收益率,工银瑞信基金管理有限公司,国信证券股份有限公司,股票型ETF,主题指数ETF,931529.CSI,,,,,,
2021-01-20,561220.SH,数字经济ETF工银,20250530,中证诚通国企数字经济指数,中证诚通国企数字经济指数收益率,工银瑞信基金管理有限公司,国信证券股份有限公司,股票型ETF,主题指数ETF,931529.CSI,,,,,,
2021-01-21,561220.SH,数字经济ETF工银,20250530,中证诚通国企数字经济指数,中证诚通国企数字经济指数收益率,工银瑞信基金管理有限公司,国信证券股份有限公司,股票型ETF,主题指数ETF,931529.CSI,,,,,,
2021-01-22,561220.SH,数字经济ETF工银,20250530,中证诚通国企数字经济指数,中证诚通国企数字经济指数收益率,工银瑞信基金管理有限公司,国信证券股份有限公司,股票型ETF,主题指数ETF,931529.CSI,,,,,,
2021-01-25,561220.SH,数字经济ETF工银,20250530,中证诚通国企数字经济指数,中证诚通国企数字经济指数收益率,工银瑞信基金管理有限公司,国信证券股份有限公司,股票型ETF,主题指数ETF,931529.CSI,,,,,,
2021-01-26,561220.SH,数字经济ETF工银,20250530,中证诚通国企数字经济指数,中证诚通国企数字经济指数收益率,工银瑞信基金管理有限公司,国信证券股份有限公司,股票型ETF,主题指数ETF,931529.CSI,,,,,,
2021-01-27,561220.SH,数字经济ETF工银,20250530,中证诚通国企数字经济指数,中证诚通国企数字经济指数收益率,工银瑞信基金管理有限公司,国信证券股份有限公司,股票型ETF,主题指数ETF,931529.CSI,,,,,,
2021-01-28,561220.SH,数字经济ETF工银,20250530,中证诚通国企数字经济指数,中证诚通国企数字经济指数收益率,工银瑞信基金管理有限公司,国信证券股份有限公司,股票型ETF,主题指数ETF,931529.CSI,,,,,,
2021-01-29,561220.SH,数字经济ETF工银,20250530,中证诚通国企数字经济指数,中证诚通国企数字经济指数收益率,工银瑞信基金管理有限公司,国信证券股份有限公司,股票型ETF,主题指数ETF,931529.CSI,,,,,,
2021-02-01,561220.SH,数字经济ETF工银,20250530,中证诚通国企数字经济指数,中证诚通国企数字经济指数收益率,工银瑞信基金管理有限公司,国信证券股份有限公司,股票型ETF,主题指数ETF,931529.CSI,,,,,,
2021-02-02,561220.SH,数字经济ETF工银,20250530,中证诚通国企数字经济指数,中证诚通国企数字经济指数收益率,工银瑞信基金管理有限公司,国信证券股份有限公司,股票型ETF,主题指数ETF,931529.CSI,,,,,,
2021-02-03,561220.SH,数字经济ETF工银,20250530,中证诚通国企数字经济指数,中证诚通国企数字经济指数收益率,工银瑞信基金管理有限公司,国信证券股份有限公司,股票型ETF,主题指数ETF,931529.CSI,,,,,,
2021-02-04,561220.SH,数字经济ETF工银,20250530,中证诚通国企数字经济指数,中证诚通国企数字经济指数收益率,工银瑞信基金管理有限公司,国信证券股份有限公司,股票型ETF,主题指数ETF,931529.CSI,,,,,,
2021-02-05,561220.SH,数字经济ETF工银,20250530,中证诚通国企数字经济指数,中证诚通国企数字经济指数收益率,工银瑞信基金管理有限公司,国信证券股份有限公司,股票型ETF,主题指数ETF,931529.CSI,,,,,,
2021-02-08,561220.SH,数字经济ETF工银,20250530,中证诚通国企数字经济指数,中证诚通国企数字经济指数收益率,工银瑞信基金管理有限公司,国信证券股份有限公司,股票型ETF,主题指数ETF,931529.CSI,,,,,,
2021-02-09,561220.SH,数字经济ETF工银,20250530,中证诚通国企数字经济指数,中证诚通国企数字经济指数收益率,工银瑞信基金管理有限公司,国信证券股份有限公司,股票型ETF,主题指数ETF,931529.CSI,,,,,,
2021-02-10,561220.SH,数字经济ETF工银,20250530,中证诚通国企数字经济指数,中证诚通国企数字经济指数收益率,工银瑞信基金管理有限公司,国信证券股份有限公司,股票型ETF,主题指数ETF,931529.CSI,,,,,,
2021-02-18,561220.SH,数字经济ETF工银,20250530,中证诚通国企数字经济指数,中证诚通国企数字经济指数收益率,工银瑞信基金管理有限公司,国信证券股份有限公司,股票型ETF,主题指数ETF,931529.CSI,,,,,,
2021-02-19,561220.SH,数字经济ETF工银,20250530,中证诚通国企数字经济指数,中证诚通国企数字经济指数收益率,工银瑞信基金管理有限公司,国信证券股份有限公司,股票型ETF,主题指数ETF,931529.CSI,,,,,,
2021-02-22,561220.SH,数字经济ETF工银,20250530,中证诚通国企数字经济指数,中证诚通国企数字经济指数收益率,工银瑞信基金管理有限公司,国信证券股份有限公司,股票型ETF,主题指数ETF,931529.CSI,,,,,,
2021-02-23,561220.SH,数字经济ETF工银,20250530,中证诚通国企数字经济指数,中证诚通国企数字经济指数收益率,工银瑞信基金管理有限公司,国信证券股份有限公司,股票型ETF,主题指数ETF,931529.CSI,,,,,,
2021-02-24,561220.SH,数字经济ETF工银,20250530,中证诚通国企数字经济指数,中证诚通国企数字经济指数收益率,工银瑞信基金管理有限公司,国信证券股份有限公司,股票型ETF,主题指数ETF,931529.CSI,,,,,,
2021-02-25,561220.SH,数字经济ETF工银,20250530,中证诚通国企数字经济指数,中证诚通国企数字经济指数收益率,工银瑞信基金管理有限公司,国信证券股份有限公司,股票型ETF,主题指数ETF,931529.CSI,,,,,,
2021-02-26,561220.SH,数字经济ETF工银,20250530,中证诚通国企数字经济指数,中证诚通国企数字经济指数收益率,工银瑞信基金管理有限公司,国信证券股份有限公司,股票型ETF,主题指数ETF,931529.CSI,,,,,,
2021-03-01,561220.SH,数字经济ETF工银,20250530,中证诚通国企数字经济指数,中证诚通国企数字经济指数收益率,工银瑞信基金管理有限公司,国信证券股份有限公司,股票型ETF,主题指数ETF,931529.CSI,,,,,,
2021-03-02,561220.SH,数字经济ETF工银,20250530,中证诚通国企数字经济指数,中证诚通国企数字经济指数收益率,工银瑞信基金管理有限公司,国信证券股份有限公司,股票型ETF,主题指数ETF,931529.CSI,,,,,,
2021-03-03,561220.SH,数字经济ETF工银,20250530,中证诚通国企数字经济指数,中证诚通国企数字经济指数收益率,工银瑞信基金管理有限公司,国信证券股份有限公司,股票型ETF,主题指数ETF,931529.CSI,,,,,,
2021-03-04,561220.SH,数字经济ETF工银,20250530,中证诚通国企数字经济指数,中证诚通国企数字经济指数收益率,工银瑞信基金管理有限公司,国信证券股份有限公司,股票型ETF,主题指数ETF,931529.CSI,,,,,,
2021-03-05,561220.SH,数字经济ETF工银,20250530,中证诚通国企数字经济指数,中证诚通国企数字经济指数收益率,工银瑞信基金管理有限公司,国信证券股份有限公司,股票型ETF,主题指数ETF,931529.CSI,,,,,,
2021-03-08,561220.SH,数字经济ETF工银,20250530,中证诚通国企数字经济指数,中证诚通国企数字经济指数收益率,工银瑞信基金管理有限公司,国信证券股份有限公司,股票型ETF,主题指数ETF,931529.CSI,,,,,,
2021-03-09,561220.SH,数字经济ETF工银,20250530,中证诚通国企数字经济指数,中证诚通国企数字经济指数收益率,工银瑞信基金管理有限公司,国信证券股份有限公司,股票型ETF,主题指数ETF,931529.CSI,,,,,,
2021-03-10,561220.SH,数字经济ETF工银,20250530,中证诚通国企数字经济指数,中证诚通国企数字经济指数收益率,工银瑞信基金管理有限公司,国信证券股份有限公司,股票型ETF,主题指数ETF,931529.CSI,,,,,,
2021-03-11,561220.SH,数字经济ETF工银,20250530,中证诚通国企数字经济指数,中证诚通国企数字经济指数收益率,工银瑞信基金管理有限公司,国信证券股份有限公司,股票型ETF,主题指数ETF,931529.CSI,,,,,,
2021-03-12,561220.SH,数字经济ETF工银,20250530,中证诚通国企数字经济指数,中证诚通国企数字经济指数收益率,工银瑞信基金管理有限公司,国信证券股份有限公司,股票型ETF,主题指数ETF,931529.CSI,,,,,,
2021-03-15,561220.SH,数字经济ETF工银,20250530,中证诚通国企数字经济指数,中证诚通国企数字经济指数收益率,工银瑞信基金管理有限公司,国信证券股份有限公司,股票型ETF,主题指数ETF,931529.CSI,,,,,,
2021-03-16,561220.SH,数字经济ETF工银,20250530,中证诚通国企数字经济指数,中证诚通国企数字经济指数收益率,工银瑞信基金管理有限公司,国信证券股份有限公司,股票型ETF,主题指数ETF,931529.CSI,,,,,,
2021-03-17,561220.SH,数字经济ETF工银,20250530,中证诚通国企数字经济指数,中证诚通国企数字经济指数收益率,工银瑞信基金管理有限公司,国信证券股份有限公司,股票型ETF,主题指数ETF,931529.CSI,,,,,,
2021-03-18,561220.SH,数字经济ETF工银,20250530,中证诚通国企数字经济指数,中证诚通国企数字经济指数收益率,工银瑞信基金管理有限公司,国信证券股份有限公司,股票型ETF,主题指数ETF,931529.CSI,,,,,,
2021-03-19,561220.SH,数字经济ETF工银,20250530,中证诚通国企数字经济指数,中证诚通国企数字经济指数收益率,工银瑞信基金管理有限公司,国信证券股份有限公司,股票型ETF,主题指数ETF,931529.CSI,,,,,,
2021-03-22,561220.SH,数字经济ETF工银,20250530,中证诚通国企数字经济指数,中证诚通国企数字经济指数收益率,工银瑞信基金管理有限公司,国信证券股份有限公司,股票型ETF,主题指数ETF,931529.CSI,,,,,,
2021-03-23,561220.SH,数字经济ETF工银,20250530,中证诚通国企数字经济指数,中证诚通国企数字经济指数收益率,工银瑞信基金管理有限公司,国信证券股份有限公司,股票型ETF,主题指数ETF,931529.CSI,,,,,,
2021-03-24,561220.SH,数字经济ETF工银,20250530,中证诚通国企数字经济指数,中证诚通国企数字经济指数收益率,工银瑞信基金管理有限公司,国信证券股份有限公司,股票型ETF,主题指数ETF,931529.CSI,,,,,,
2021-03-25,561220.SH,数字经济ETF工银,20250530,中证诚通国企数字经济指数,中证诚通国企数字经济指数收益率,工银瑞信基金管理有限公司,国信证券股份有限公司,股票型ETF,主题指数ETF,931529.CSI,,,,,,
2021-03-26,561220.SH,数字经济ETF工银,20250530,中证诚通国企数字经济指数,中证诚通国企数字经济指数收益率,工银瑞信基金管理有限公司,国信证券股份有限公司,股票型ETF,主题指数ETF,931529.CSI,,,,,,
2021-03-29,561220.SH,数字经济ETF工银,20250530,中证诚通国企数字经济指数,中证诚通国企数字经济指数收益率,工银瑞信基金管理有限公司,国信证券股份有限公司,股票型ETF,主题指数ETF,931529.CSI,,,,,,
2021-03-30,561220.SH,数字经济ETF工银,20250530,中证诚通国企数字经济指数,中证诚通国企数字经济指数收益率,工银瑞信基金管理有限公司,国信证券股份有限公司,股票型ETF,主题指数ETF,931529.CSI,,,,,,
2021-03-31,561220.SH,数字经济ETF工银,20250530,中证诚通国企数字经济指数,中证诚通国企数字经济指数收益率,工银瑞信基金管理有限公司,国信证券股份有限公司,股票型ETF,主题指数ETF,931529.CSI,,,,,,
2021-04-01,561220.SH,数字经济ETF工银,20250530,中证诚通国企数字经济指数,中证诚通国企数字经济指数收益率,工银瑞信基金管理有限公司,国信证券股份有限公司,股票型ETF,主题指数ETF,931529.CSI,,,,,,
2021-04-02,561220.SH,数字经济ETF工银,20250530,中证诚通国企数字经济指数,中证诚通国企数字经济指数收益率,工银瑞信基金管理有限公司,国信证券股份有限公司,股票型ETF,主题指数ETF,931529.CSI,,,,,,
2021-04-06,561220.SH,数字经济ETF工银,20250530,中证诚通国企数字经济指数,中证诚通国企数字经济指数收益率,工银瑞信基金管理有限公司,国信证券股份有限公司,股票型ETF,主题指数ETF,931529.CSI,,,,,,
2021-04-07,561220.SH,数字经济ETF工银,20250530,中证诚通国企数字经济指数,中证诚通国企数字经济指数收益率,工银瑞信基金管理有限公司,国信证券股份有限公司,股票型ETF,主题指数ETF,931529.CSI,,,,,,
2021-04-08,561220.SH,数字经济ETF工银,20250530,中证诚通国企数字经济指数,中证诚通国企数字经济指数收益率,工银瑞信基金管理有限公司,国信证券股份有限公司,股票型ETF,主题指数ETF,931529.CSI,,,,,,
2021-04-09,561220.SH,数字经济ETF工银,20250530,中证诚通国企数字经济指数,中证诚通国企数字经济指数收益率,工银瑞信基金管理有限公司,国信证券股份有限公司,股票型ETF,主题指数ETF,931529.CSI,,,,,,
2021-04-12,561220.SH,数字经济ETF工银,20250530,中证诚通国企数字经济指数,中证诚通国企数字经济指数收益率,工银瑞信基金管理有限公司,国信证券股份有限公司,股票型ETF,主题指数ETF,931529.CSI,,,,,,
2021-04-13,561220.SH,数字经济ETF工银,20250530,中证诚通国企数字经济指数,中证诚通国企数字经济指数收益率,工银瑞信基金管理有限公司,国信证券股份有限公司,股票型ETF,主题指数ETF,931529.CSI,,,,,,
2021-04-14,561220.SH,数字经济ETF工银,20250530,中证诚通国企数字经济指数,中证诚通国企数字经济指数收益率,工银瑞信基金管理有限公司,国信证券股份有限公司,股票型ETF,主题指数ETF,931529.CSI,,,,,,
2021-04-15,561220.SH,数字经济ETF工银,20250530,中证诚通国企数字经济指数,中证诚通国企数字经济指数收益率,工银瑞信基金管理有限公司,国信证券股份有限公司,股票型ETF,主题指数ETF,931529.CSI,,,,,,
2021-04-16,561220.SH,数字经济ETF工银,20250530,中证诚通国企数字经济指数,中证诚通国企数字经济指数收益率,工银瑞信基金管理有限公司,国信证券股份有限公司,股票型ETF,主题指数ETF,931529.CSI,,,,,,
2021-04-19,561220.SH,数字经济ETF工银,20250530,中证诚通国企数字经济指数,中证诚通国企数字经济指数收益率,工银瑞信基金管理有限公司,国信证券股份有限公司,股票型ETF,主题指数ETF,931529.CSI,,,,,,
2021-04-20,561220.SH,数字经济ETF工银,20250530,中证诚通国企数字经济指数,中证诚通国企数字经济指数收益率,工银瑞信基金管理有限公司,国信证券股份有限公司,股票型ETF,主题指数ETF,931529.CSI,,,,,,
2021-04-21,561220.SH,数字经济ETF工银,20250530,中证诚通国企数字经济指数,中证诚通国企数字经济指数收益率,工银瑞信基金管理有限公司,国信证券股份有限公司,股票型ETF,主题指数ETF,931529.CSI,,,,,,
2021-04-22,561220.SH,数字经济ETF工银,20250530,中证诚通国企数字经济指数,中证诚通国企数字经济指数收益率,工银瑞信基金管理有限公司,国信证券股份有限公司,股票型ETF,主题指数ETF,931529.CSI,,,,,,
2021-04-23,561220.SH,数字经济ETF工银,20250530,中证诚通国企数字经济指数,中证诚通国企数字经济指数收益率,工银瑞信基金管理有限公司,国信证券股份有限公司,股票型ETF,主题指数ETF,931529.CSI,,,,,,
2021-04-26,561220.SH,数字经济ETF工银,20250530,中证诚通国企数字经济指数,中证诚通国企数字经济指数收益率,工银瑞信基金管理有限公司,国信证券股份有限公司,股票型ETF,主题指数ETF,931529.CSI,,,,,,
2021-04-27,561220.SH,数字经济ETF工银,20250530,中证诚通国企数字经济指数,中证诚通国企数字经济指数收益率,工银瑞信基金管理有限公司,国信证券股份有限公司,股票型ETF,主题指数ETF,931529.CSI,,,,,,
2021-04-28,561220.SH,数字经济ETF工银,20250530,中证诚通国企数字经济指数,中证诚通国企数字经济指数收益率,工银瑞信基金管理有限公司,国信证券股份有限公司,股票型ETF,主题指数ETF,931529.CSI,,,,,,
2021-04-29,561220.SH,数字经济ETF工银,20250530,中证诚通国企数字经济指数,中证诚通国企数字经济指数收益率,工银瑞信基金管理有限公司,国信证券股份有限公司,股票型ETF,主题指数ETF,931529.CSI,,,,,,
2021-04-30,561220.SH,数字经济ETF工银,20250530,中证诚通国企数字经济指数,中证诚通国企数字经济指数收益率,工银瑞信基金管理有限公司,国信证券股份有限公司,股票型ETF,主题指数ETF,931529.CSI,,,,,,
2021-05-06,561220.SH,数字经济ETF工银,20250530,中证诚通国企数字经济指数,中证诚通国企数字经济指数收益率,工银瑞信基金管理有限公司,国信证券股份有限公司,股票型ETF,主题指数ETF,931529.CSI,,,,,,
2021-05-07,561220.SH,数字经济ETF工银,20250530,中证诚通国企数字经济指数,中证诚通国企数字经济指数收益率,工银瑞信基金管理有限公司,国信证券股份有限公司,股票型ETF,主题指数ETF,931529.CSI,,,,,,
2021-05-10,561220.SH,数字经济ETF工银,20250530,中证诚通国企数字经济指数,中证诚通国企数字经济指数收益率,工银瑞信基金管理有限公司,国信证券股份有限公司,股票型ETF,主题指数ETF,931529.CSI,,,,,,
2021-05-11,561220.SH,数字经济ETF工银,20250530,中证诚通国企数字经济指数,中证诚通国企数字经济指数收益率,工银瑞信基金管理有限公司,国信证券股份有限公司,股票型ETF,主题指数ETF,931529.CSI,,,,,,
2021-05-12,561220.SH,数字经济ETF工银,20250530,中证诚通国企数字经济指数,中证诚通国企数字经济指数收益率,工银瑞信基金管理有限公司,国信证券股份有限公司,股票型ETF,主题指数ETF,931529.CSI,,,,,,
2021-05-13,561220.SH,数字经济ETF工银,20250530,中证诚通国企数字经济指数,中证诚通国企数字经济指数收益率,工银瑞信基金管理有限公司,国信证券股份有限公司,股票型ETF,主题指数ETF,931529.CSI,,,,,,
2021-05-14,561220.SH,数字经济ETF工银,20250530,中证诚通国企数字经济指数,中证诚通国企数字经济指数收益率,工银瑞信基金管理有限公司,国信证券股份有限公司,股票型ETF,主题指数ETF,931529.CSI,,,,,,
2021-05-17,561220.SH,数字经济ETF工银,20250530,中证诚通国企数字经济指数,中证诚通国企数字经济指数收益率,工银瑞信基金管理有限公司,国信证券股份有限公司,股票型ETF,主题指数ETF,931529.CSI,,,,,,
2021-05-18,561220.SH,数字经济ETF工银,20250530,中证诚通国企数字经济指数,中证诚通国企数字经济指数收益率,工银瑞信基金管理有限公司,国信证券股份有限公司,股票型ETF,主题指数ETF,931529.CSI,,,,,,
2021-05-19,561220.SH,数字经济ETF工银,20250530,中证诚通国企数字经济指数,中证诚通国企数字经济指数收益率,工银瑞信基金管理有限公司,国信证券股份有限公司,股票型ETF,主题指数ETF,931529.CSI,,,,,,
2021-05-20,561220.SH,数字经济ETF工银,20250530,中证诚通国企数字经济指数,中证诚通国企数字经济指数收益率,工银瑞信基金管理有限公司,国信证券股份有限公司,股票型ETF,主题指数ETF,931529.CSI,,,,,,
2021-05-21,561220.SH,数字经济ETF工银,20250530,中证诚通国企数字经济指数,中证诚通国企数字经济指数收益率,工银瑞信基金管理有限公司,国信证券股份有限公司,股票型ETF,主题指数ETF,931529.CSI,,,,,,
2021-05-24,561220.SH,数字经济ETF工银,20250530,中证诚通国企数字经济指数,中证诚通国企数字经济指数收益率,工银瑞信基金管理有限公司,国信证券股份有限公司,股票型ETF,主题指数ETF,931529.CSI,,,,,,
2021-05-25,561220.SH,数字经济ETF工银,20250530,中证诚通国企数字经济指数,中证诚通国企数字经济指数收益率,工银瑞信基金管理有限公司,国信证券股份有限公司,股票型ETF,主题指数ETF,931529.CSI,,,,,,
2021-05-26,561220.SH,数字经济ETF工银,20250530,中证诚通国企数字经济指数,中证诚通国企数字经济指数收益率,工银瑞信基金管理有限公司,国信证券股份有限公司,股票型ETF,主题指数ETF,931529.CSI,,,,,,
2021-05-27,561220.SH,数字经济ETF工银,20250530,中证诚通国企数字经济指数,中证诚通国企数字经济指数收益率,工银瑞信基金管理有限公司,国信证券股份有限公司,股票型ETF,主题指数ETF,931529.CSI,,,,,,
2021-05-28,561220.SH,数字经济ETF工银,20250530,中证诚通国企数字经济指数,中证诚通国企数字经济指数收益率,工银瑞信基金管理有限公司,国信证券股份有限公司,股票型ETF,主题指数ETF,931529.CSI,,,,,,
2021-05-31,561220.SH,数字经济ETF工银,20250530,中证诚通国企数字经济指数,中证诚通国企数字经济指数收益率,工银瑞信基金管理有限公司,国信证券股份有限公司,股票型ETF,主题指数ETF,931529.CSI,,,,,,
2021-06-01,561220.SH,数字经济ETF工银,20250530,中证诚通国企数字经济指数,中证诚通国企数字经济指数收益率,工银瑞信基金管理有限公司,国信证券股份有限公司,股票型ETF,主题指数ETF,931529.CSI,,,,,,
2021-06-02,561220.SH,数字经济ETF工银,20250530,中证诚通国企数字经济指数,中证诚通国企数字经济指数收益率,工银瑞信基金管理有限公司,国信证券股份有限公司,股票型ETF,主题指数ETF,931529.CSI,,,,,,
2021-06-03,561220.SH,数字经济ETF工银,20250530,中证诚通国企数字经济指数,中证诚通国企数字经济指数收益率,工银瑞信基金管理有限公司,国信证券股份有限公司,股票型ETF,主题指数ETF,931529.CSI,,,,,,
2021-06-04,561220.SH,数字经济ETF工银,20250530,中证诚通国企数字经济指数,中证诚通国企数字经济指数收益率,工银瑞信基金管理有限公司,国信证券股份有限公司,股票型ETF,主题指数ETF,931529.CSI,,,,,,
2021-06-07,561220.SH,数字经济ETF工银,20250530,中证诚通国企数字经济指数,中证诚通国企数字经济指数收益率,工银瑞信基金管理有限公司,国信证券股份有限公司,股票型ETF,主题指数ETF,931529.CSI,,,,,,
2021-06-08,561220.SH,数字经济ETF工银,20250530,中证诚通国企数字经济指数,中证诚通国企数字经济指数收益率,工银瑞信基金管理有限公司,国信证券股份有限公司,股票型ETF,主题指数ETF,931529.CSI,,,,,,
2021-06-09,561220.SH,数字经济ETF工银,20250530,中证诚通国企数字经济指数,中证诚通国企数字经济指数收益率,工银瑞信基金管理有限公司,国信证券股份有限公司,股票型ETF,主题指数ETF,931529.CSI,,,,,,
2021-06-10,561220.SH,数字经济ETF工银,20250530,中证诚通国企数字经济指数,中证诚通国企数字经济指数收益率,工银瑞信基金管理有限公司,国信证券股份有限公司,股票型ETF,主题指数ETF,931529.CSI,,,,,,
2021-06-11,561220.SH,数字经济ETF工银,20250530,中证诚通国企数字经济指数,中证诚通国企数字经济指数收益率,工银瑞信基金管理有限公司,国信证券股份有限公司,股票型ETF,主题指数ETF,931529.CSI,,,,,,
2021-06-15,561220.SH,数字经济ETF工银,20250530,中证诚通国企数字经济指数,中证诚通国企数字经济指数收益率,工银瑞信基金管理有限公司,国信证券股份有限公司,股票型ETF,主题指数ETF,931529.CSI,,,,,,
2021-06-16,561220.SH,数字经济ETF工银,20250530,中证诚通国企数字经济指数,中证诚通国企数字经济指数收益率,工银瑞信基金管理有限公司,国信证券股份有限公司,股票型ETF,主题指数ETF,931529.CSI,,,,,,
2021-06-17,561220.SH,数字经济ETF工银,20250530,中证诚通国企数字经济指数,中证诚通国企数字经济指数收益率,工银瑞信基金管理有限公司,国信证券股份有限公司,股票型ETF,主题指数ETF,931529.CSI,,,,,,
2021-06-18,561220.SH,数字经济ETF工银,20250530,中证诚通国企数字经济指数,中证诚通国企数字经济指数收益率,工银瑞信基金管理有限公司,国信证券股份有限公司,股票型ETF,主题指数ETF,931529.CSI,,,,,,
2021-06-21,561220.SH,数字经济ETF工银,20250530,中证诚通国企数字经济指数,中证诚通国企数字经济指数收益率,工银瑞信基金管理有限公司,国信证券股份有限公司,股票型ETF,主题指数ETF,931529.CSI,,,,,,
2021-06-22,561220.SH,数字经济ETF工银,20250530,中证诚通国企数字经济指数,中证诚通国企数字经济指数收益率,工银瑞信基金管理有限公司,国信证券股份有限公司,股票型ETF,主题指数ETF,931529.CSI,,,,,,
2021-06-23,561220.SH,数字经济ETF工银,20250530,中证诚通国企数字经济指数,中证诚通国企数字经济指数收益率,工银瑞信基金管理有限公司,国信证券股份有限公司,股票型ETF,主题指数ETF,931529.CSI,,,,,,
2021-06-24,561220.SH,数字经济ETF工银,20250530,中证诚通国企数字经济指数,中证诚通国企数字经济指数收益率,工银瑞信基金管理有限公司,国信证券股份有限公司,股票型ETF,主题指数ETF,931529.CSI,,,,,,
2021-06-25,561220.SH,数字经济ETF工银,20250530,中证诚通国企数字经济指数,中证诚通国企数字经济指数收益率,工银瑞信基金管理有限公司,国信证券股份有限公司,股票型ETF,主题指数ETF,931529.CSI,,,,,,
2021-06-28,561220.SH,数字经济ETF工银,20250530,中证诚通国企数字经济指数,中证诚通国企数字经济指数收益率,工银瑞信基金管理有限公司,国信证券股份有限公司,股票型ETF,主题指数ETF,931529.CSI,,,,,,
2021-06-29,561220.SH,数字经济ETF工银,20250530,中证诚通国企数字经济指数,中证诚通国企数字经济指数收益率,工银瑞信基金管理有限公司,国信证券股份有限公司,股票型ETF,主题指数ETF,931529.CSI,,,,,,
2021-06-30,561220.SH,数字经济ETF工银,20250530,中证诚通国企数字经济指数,中证诚通国企数字经济指数收益率,工银瑞信基金管理有限公司,国信证券股份有限公司,股票型ETF,主题指数ETF,931529.CSI,,,,,,
2021-07-01,561220.SH,数字经济ETF工银,20250530,中证诚通国企数字经济指数,中证诚通国企数字经济指数收益率,工银瑞信基金管理有限公司,国信证券股份有限公司,股票型ETF,主题指数ETF,931529.CSI,,,,,,
2021-07-02,561220.SH,数字经济ETF工银,20250530,中证诚通国企数字经济指数,中证诚通国企数字经济指数收益率,工银瑞信基金管理有限公司,国信证券股份有限公司,股票型ETF,主题指数ETF,931529.CSI,,,,,,
2021-07-05,561220.SH,数字经济ETF工银,20250530,中证诚通国企数字经济指数,中证诚通国企数字经济指数收益率,工银瑞信基金管理有限公司,国信证券股份有限公司,股票型ETF,主题指数ETF,931529.CSI,,,,,,
2021-07-06,561220.SH,数字经济ETF工银,20250530,中证诚通国企数字经济指数,中证诚通国企数字经济指数收益率,工银瑞信基金管理有限公司,国信证券股份有限公司,股票型ETF,主题指数ETF,931529.CSI,,,,,,
2021-07-07,561220.SH,数字经济ETF工银,20250530,中证诚通国企数字经济指数,中证诚通国企数字经济指数收益率,工银瑞信基金管理有限公司,国信证券股份有限公司,股票型ETF,主题指数ETF,931529.CSI,,,,,,
2021-07-08,561220.SH,数字经济ETF工银,20250530,中证诚通国企数字经济指数,中证诚通国企数字经济指数收益率,工银瑞信基金管理有限公司,国信证券股份有限公司,股票型ETF,主题指数ETF,931529.CSI,,,,,,
2021-07-09,561220.SH,数字经济ETF工银,20250530,中证诚通国企数字经济指数,中证诚通国企数字经济指数收益率,工银瑞信基金管理有限公司,国信证券股份有限公司,股票型ETF,主题指数ETF,931529.CSI,,,,,,
2021-07-12,561220.SH,数字经济ETF工银,20250530,中证诚通国企数字经济指数,中证诚通国企数字经济指数收益率,工银瑞信基金管理有限公司,国信证券股份有限公司,股票型ETF,主题指数ETF,931529.CSI,,,,,,
2021-07-13,561220.SH,数字经济ETF工银,20250530,中证诚通国企数字经济指数,中证诚通国企数字经济指数收益率,工银瑞信基金管理有限公司,国信证券股份有限公司,股票型ETF,主题指数ETF,931529.CSI,,,,,,
2021-07-14,561220.SH,数字经济ETF工银,20250530,中证诚通国企数字经济指数,中证诚通国企数字经济指数收益率,工银瑞信基金管理有限公司,国信证券股份有限公司,股票型ETF,主题指数ETF,931529.CSI,,,,,,
2021-07-15,561220.SH,数字经济ETF工银,20250530,中证诚通国企数字经济指数,中证诚通国企数字经济指数收益率,工银瑞信基金管理有限公司,国信证券股份有限公司,股票型ETF,主题指数ETF,931529.CSI,,,,,,
2021-07-16,561220.SH,数字经济ETF工银,20250530,中证诚通国企数字经济指数,中证诚通国企数字经济指数收益率,工银瑞信基金管理有限公司,国信证券股份有限公司,股票型ETF,主题指数ETF,931529.CSI,,,,,,
2021-07-19,561220.SH,数字经济ETF工银,20250530,中证诚通国企数字经济指数,中证诚通国企数字经济指数收益率,工银瑞信基金管理有限公司,国信证券股份有限公司,股票型ETF,主题指数ETF,931529.CSI,,,,,,
2021-07-20,561220.SH,数字经济ETF工银,20250530,中证诚通国企数字经济指数,中证诚通国企数字经济指数收益率,工银瑞信基金管理有限公司,国信证券股份有限公司,股票型ETF,主题指数ETF,931529.CSI,,,,,,
2021-07-21,561220.SH,数字经济ETF工银,20250530,中证诚通国企数字经济指数,中证诚通国企数字经济指数收益率,工银瑞信基金管理有限公司,国信证券股份有限公司,股票型ETF,主题指数ETF,931529.CSI,,,,,,
2021-07-22,561220.SH,数字经济ETF工银,20250530,中证诚通国企数字经济指数,中证诚通国企数字经济指数收益率,工银瑞信基金管理有限公司,国信证券股份有限公司,股票型ETF,主题指数ETF,931529.CSI,,,,,,
2021-07-23,561220.SH,数字经济ETF工银,20250530,中证诚通国企数字经济指数,中证诚通国企数字经济指数收益率,工银瑞信基金管理有限公司,国信证券股份有限公司,股票型ETF,主题指数ETF,931529.CSI,,,,,,
2021-07-26,561220.SH,数字经济ETF工银,20250530,中证诚通国企数字经济指数,中证诚通国企数字经济指数收益率,工银瑞信基金管理有限公司,国信证券股份有限公司,股票型ETF,主题指数ETF,931529.CSI,,,,,,
2021-07-27,561220.SH,数字经济ETF工银,20250530,中证诚通国企数字经济指数,中证诚通国企数字经济指数收益率,工银瑞信基金管理有限公司,国信证券股份有限公司,股票型ETF,主题指数ETF,931529.CSI,,,,,,
2021-07-28,561220.SH,数字经济ETF工银,20250530,中证诚通国企数字经济指数,中证诚通国企数字经济指数收益率,工银瑞信基金管理有限公司,国信证券股份有限公司,股票型ETF,主题指数ETF,931529.CSI,,,,,,
2021-07-29,561220.SH,数字经济ETF工银,20250530,中证诚通国企数字经济指数,中证诚通国企数字经济指数收益率,工银瑞信基金管理有限公司,国信证券股份有限公司,股票型ETF,主题指数ETF,931529.CSI,,,,,,
2021-07-30,561220.SH,数字经济ETF工银,20250530,中证诚通国企数字经济指数,中证诚通国企数字经济指数收益率,工银瑞信基金管理有限公司,国信证券股份有限公司,股票型ETF,主题指数ETF,931529.CSI,,,,,,
2021-08-02,561220.SH,数字经济ETF工银,20250530,中证诚通国企数字经济指数,中证诚通国企数字经济指数收益率,工银瑞信基金管理有限公司,国信证券股份有限公司,股票型ETF,主题指数ETF,931529.CSI,,,,,,
2021-08-03,561220.SH,数字经济ETF工银,20250530,中证诚通国企数字经济指数,中证诚通国企数字经济指数收益率,工银瑞信基金管理有限公司,国信证券股份有限公司,股票型ETF,主题指数ETF,931529.CSI,,,,,,
2021-08-04,561220.SH,数字经济ETF工银,20250530,中证诚通国企数字经济指数,中证诚通国企数字经济指数收益率,工银瑞信基金管理有限公司,国信证券股份有限公司,股票型ETF,主题指数ETF,931529.CSI,,,,,,
2021-08-05,561220.SH,数字经济ETF工银,20250530,中证诚通国企数字经济指数,中证诚通国企数字经济指数收益率,工银瑞信基金管理有限公司,国信证券股份有限公司,股票型ETF,主题指数ETF,931529.CSI,,,,,,
2021-08-06,561220.SH,数字经济ETF工银,20250530,中证诚通国企数字经济指数,中证诚通国企数字经济指数收益率,工银瑞信基金管理有限公司,国信证券股份有限公司,股票型ETF,主题指数ETF,931529.CSI,,,,,,
2021-08-09,561220.SH,数字经济ETF工银,20250530,中证诚通国企数字经济指数,中证诚通国企数字经济指数收益率,工银瑞信基金管理有限公司,国信证券股份有限公司,股票型ETF,主题指数ETF,931529.CSI,,,,,,
2021-08-10,561220.SH,数字经济ETF工银,20250530,中证诚通国企数字经济指数,中证诚通国企数字经济指数收益率,工银瑞信基金管理有限公司,国信证券股份有限公司,股票型ETF,主题指数ETF,931529.CSI,,,,,,
2021-08-11,561220.SH,数字经济ETF工银,20250530,中证诚通国企数字经济指数,中证诚通国企数字经济指数收益率,工银瑞信基金管理有限公司,国信证券股份有限公司,股票型ETF,主题指数ETF,931529.CSI,,,,,,
2021-08-12,561220.SH,数字经济ETF工银,20250530,中证诚通国企数字经济指数,中证诚通国企数字经济指数收益率,工银瑞信基金管理有限公司,国信证券股份有限公司,股票型ETF,主题指数ETF,931529.CSI,,,,,,
2021-08-13,561220.SH,数字经济ETF工银,20250530,中证诚通国企数字经济指数,中证诚通国企数字经济指数收益率,工银瑞信基金管理有限公司,国信证券股份有限公司,股票型ETF,主题指数ETF,931529.CSI,,,,,,
2021-08-16,561220.SH,数字经济ETF工银,20250530,中证诚通国企数字经济指数,中证诚通国企数字经济指数收益率,工银瑞信基金管理有限公司,国信证券股份有限公司,股票型ETF,主题指数ETF,931529.CSI,,,,,,
2021-08-17,561220.SH,数字经济ETF工银,20250530,中证诚通国企数字经济指数,中证诚通国企数字经济指数收益率,工银瑞信基金管理有限公司,国信证券股份有限公司,股票型ETF,主题指数ETF,931529.CSI,,,,,,
2021-08-18,561220.SH,数字经济ETF工银,20250530,中证诚通国企数字经济指数,中证诚通国企数字经济指数收益率,工银瑞信基金管理有限公司,国信证券股份有限公司,股票型ETF,主题指数ETF,931529.CSI,,,,,,
2021-08-19,561220.SH,数字经济ETF工银,20250530,中证诚通国企数字经济指数,中证诚通国企数字经济指数收益率,工银瑞信基金管理有限公司,国信证券股份有限公司,股票型ETF,主题指数ETF,931529.CSI,,,,,,
2021-08-20,561220.SH,数字经济ETF工银,20250530,中证诚通国企数字经济指数,中证诚通国企数字经济指数收益率,工银瑞信基金管理有限公司,国信证券股份有限公司,股票型ETF,主题指数ETF,931529.CSI,,,,,,
2021-08-23,561220.SH,数字经济ETF工银,20250530,中证诚通国企数字经济指数,中证诚通国企数字经济指数收益率,工银瑞信基金管理有限公司,国信证券股份有限公司,股票型ETF,主题指数ETF,931529.CSI,,,,,,
2021-08-24,561220.SH,数字经济ETF工银,20250530,中证诚通国企数字经济指数,中证诚通国企数字经济指数收益率,工银瑞信基金管理有限公司,国信证券股份有限公司,股票型ETF,主题指数ETF,931529.CSI,,,,,,
2021-08-25,561220.SH,数字经济ETF工银,20250530,中证诚通国企数字经济指数,中证诚通国企数字经济指数收益率,工银瑞信基金管理有限公司,国信证券股份有限公司,股票型ETF,主题指数ETF,931529.CSI,,,,,,
2021-08-26,561220.SH,数字经济ETF工银,20250530,中证诚通国企数字经济指数,中证诚通国企数字经济指数收益率,工银瑞信基金管理有限公司,国信证券股份有限公司,股票型ETF,主题指数ETF,931529.CSI,,,,,,
2021-08-27,561220.SH,数字经济ETF工银,20250530,中证诚通国企数字经济指数,中证诚通国企数字经济指数收益率,工银瑞信基金管理有限公司,国信证券股份有限公司,股票型ETF,主题指数ETF,931529.CSI,,,,,,
2021-08-30,561220.SH,数字经济ETF工银,20250530,中证诚通国企数字经济指数,中证诚通国企数字经济指数收益率,工银瑞信基金管理有限公司,国信证券股份有限公司,股票型ETF,主题指数ETF,931529.CSI,,,,,,
2021-08-31,561220.SH,数字经济ETF工银,20250530,中证诚通国企数字经济指数,中证诚通国企数字经济指数收益率,工银瑞信基金管理有限公司,国信证券股份有限公司,股票型ETF,主题指数ETF,931529.CSI,,,,,,
2021-09-01,561220.SH,数字经济ETF工银,20250530,中证诚通国企数字经济指数,中证诚通国企数字经济指数收益率,工银瑞信基金管理有限公司,国信证券股份有限公司,股票型ETF,主题指数ETF,931529.CSI,,,,,,
2021-09-02,561220.SH,数字经济ETF工银,20250530,中证诚通国企数字经济指数,中证诚通国企数字经济指数收益率,工银瑞信基金管理有限公司,国信证券股份有限公司,股票型ETF,主题指数ETF,931529.CSI,,,,,,
2021-09-03,561220.SH,数字经济ETF工银,20250530,中证诚通国企数字经济指数,中证诚通国企数字经济指数收益率,工银瑞信基金管理有限公司,国信证券股份有限公司,股票型ETF,主题指数ETF,931529.CSI,,,,,,
2021-09-06,561220.SH,数字经济ETF工银,20250530,中证诚通国企数字经济指数,中证诚通国企数字经济指数收益率,工银瑞信基金管理有限公司,国信证券股份有限公司,股票型ETF,主题指数ETF,931529.CSI,,,,,,
2021-09-07,561220.SH,数字经济ETF工银,20250530,中证诚通国企数字经济指数,中证诚通国企数字经济指数收益率,工银瑞信基金管理有限公司,国信证券股份有限公司,股票型ETF,主题指数ETF,931529.CSI,,,,,,
2021-09-08,561220.SH,数字经济ETF工银,20250530,中证诚通国企数字经济指数,中证诚通国企数字经济指数收益率,工银瑞信基金管理有限公司,国信证券股份有限公司,股票型ETF,主题指数ETF,931529.CSI,,,,,,
2021-09-09,561220.SH,数字经济ETF工银,20250530,中证诚通国企数字经济指数,中证诚通国企数字经济指数收益率,工银瑞信基金管理有限公司,国信证券股份有限公司,股票型ETF,主题指数ETF,931529.CSI,,,,,,
2021-09-10,561220.SH,数字经济ETF工银,20250530,中证诚通国企数字经济指数,中证诚通国企数字经济指数收益率,工银瑞信基金管理有限公司,国信证券股份有限公司,股票型ETF,主题指数ETF,931529.CSI,,,,,,
2021-09-13,561220.SH,数字经济ETF工银,20250530,中证诚通国企数字经济指数,中证诚通国企数字经济指数收益率,工银瑞信基金管理有限公司,国信证券股份有限公司,股票型ETF,主题指数ETF,931529.CSI,,,,,,
2021-09-14,561220.SH,数字经济ETF工银,20250530,中证诚通国企数字经济指数,中证诚通国企数字经济指数收益率,工银瑞信基金管理有限公司,国信证券股份有限公司,股票型ETF,主题指数ETF,931529.CSI,,,,,,
2021-09-15,561220.SH,数字经济ETF工银,20250530,中证诚通国企数字经济指数,中证诚通国企数字经济指数收益率,工银瑞信基金管理有限公司,国信证券股份有限公司,股票型ETF,主题指数ETF,931529.CSI,,,,,,
2021-09-16,561220.SH,数字经济ETF工银,20250530,中证诚通国企数字经济指数,中证诚通国企数字经济指数收益率,工银瑞信基金管理有限公司,国信证券股份有限公司,股票型ETF,主题指数ETF,931529.CSI,,,,,,
2021-09-17,561220.SH,数字经济ETF工银,20250530,中证诚通国企数字经济指数,中证诚通国企数字经济指数收益率,工银瑞信基金管理有限公司,国信证券股份有限公司,股票型ETF,主题指数ETF,931529.CSI,,,,,,
2021-09-22,561220.SH,数字经济ETF工银,20250530,中证诚通国企数字经济指数,中证诚通国企数字经济指数收益率,工银瑞信基金管理有限公司,国信证券股份有限公司,股票型ETF,主题指数ETF,931529.CSI,,,,,,
2021-09-23,561220.SH,数字经济ETF工银,20250530,中证诚通国企数字经济指数,中证诚通国企数字经济指数收益率,工银瑞信基金管理有限公司,国信证券股份有限公司,股票型ETF,主题指数ETF,931529.CSI,,,,,,
2021-09-24,561220.SH,数字经济ETF工银,20250530,中证诚通国企数字经济指数,中证诚通国企数字经济指数收益率,工银瑞信基金管理有限公司,国信证券股份有限公司,股票型ETF,主题指数ETF,931529.CSI,,,,,,
2021-09-27,561220.SH,数字经济ETF工银,20250530,中证诚通国企数字经济指数,中证诚通国企数字经济指数收益率,工银瑞信基金管理有限公司,国信证券股份有限公司,股票型ETF,主题指数ETF,931529.CSI,,,,,,
2021-09-28,561220.SH,数字经济ETF工银,20250530,中证诚通国企数字经济指数,中证诚通国企数字经济指数收益率,工银瑞信基金管理有限公司,国信证券股份有限公司,股票型ETF,主题指数ETF,931529.CSI,,,,,,
2021-09-29,561220.SH,数字经济ETF工银,20250530,中证诚通国企数字经济指数,中证诚通国企数字经济指数收益率,工银瑞信基金管理有限公司,国信证券股份有限公司,股票型ETF,主题指数ETF,931529.CSI,,,,,,
2021-09-30,561220.SH,数字经济ETF工银,20250530,中证诚通国企数字经济指数,中证诚通国企数字经济指数收益率,工银瑞信基金管理有限公司,国信证券股份有限公司,股票型ETF,主题指数ETF,931529.CSI,,,,,,
2021-10-08,561220.SH,数字经济ETF工银,20250530,中证诚通国企数字经济指数,中证诚通国企数字经济指数收益率,工银瑞信基金管理有限公司,国信证券股份有限公司,股票型ETF,主题指数ETF,931529.CSI,,,,,,
2021-10-11,561220.SH,数字经济ETF工银,20250530,中证诚通国企数字经济指数,中证诚通国企数字经济指数收益率,工银瑞信基金管理有限公司,国信证券股份有限公司,股票型ETF,主题指数ETF,931529.CSI,,,,,,
2021-10-12,561220.SH,数字经济ETF工银,20250530,中证诚通国企数字经济指数,中证诚通国企数字经济指数收益率,工银瑞信基金管理有限公司,国信证券股份有限公司,股票型ETF,主题指数ETF,931529.CSI,,,,,,
2021-10-13,561220.SH,数字经济ETF工银,20250530,中证诚通国企数字经济指数,中证诚通国企数字经济指数收益率,工银瑞信基金管理有限公司,国信证券股份有限公司,股票型ETF,主题指数ETF,931529.CSI,,,,,,
2021-10-14,561220.SH,数字经济ETF工银,20250530,中证诚通国企数字经济指数,中证诚通国企数字经济指数收益率,工银瑞信基金管理有限公司,国信证券股份有限公司,股票型ETF,主题指数ETF,931529.CSI,,,,,,
2021-10-15,561220.SH,数字经济ETF工银,20250530,中证诚通国企数字经济指数,中证诚通国企数字经济指数收益率,工银瑞信基金管理有限公司,国信证券股份有限公司,股票型ETF,主题指数ETF,931529.CSI,,,,,,
2021-10-18,561220.SH,数字经济ETF工银,20250530,中证诚通国企数字经济指数,中证诚通国企数字经济指数收益率,工银瑞信基金管理有限公司,国信证券股份有限公司,股票型ETF,主题指数ETF,931529.CSI,,,,,,
2021-10-19,561220.SH,数字经济ETF工银,20250530,中证诚通国企数字经济指数,中证诚通国企数字经济指数收益率,工银瑞信基金管理有限公司,国信证券股份有限公司,股票型ETF,主题指数ETF,931529.CSI,,,,,,
2021-10-20,561220.SH,数字经济ETF工银,20250530,中证诚通国企数字经济指数,中证诚通国企数字经济指数收益率,工银瑞信基金管理有限公司,国信证券股份有限公司,股票型ETF,主题指数ETF,931529.CSI,,,,,,
2021-10-21,561220.SH,数字经济ETF工银,20250530,中证诚通国企数字经济指数,中证诚通国企数字经济指数收益率,工银瑞信基金管理有限公司,国信证券股份有限公司,股票型ETF,主题指数ETF,931529.CSI,,,,,,
2021-10-22,561220.SH,数字经济ETF工银,20250530,中证诚通国企数字经济指数,中证诚通国企数字经济指数收益率,工银瑞信基金管理有限公司,国信证券股份有限公司,股票型ETF,主题指数ETF,931529.CSI,,,,,,
2021-10-25,561220.SH,数字经济ETF工银,20250530,中证诚通国企数字经济指数,中证诚通国企数字经济指数收益率,工银瑞信基金管理有限公司,国信证券股份有限公司,股票型ETF,主题指数ETF,931529.CSI,,,,,,
2021-10-26,561220.SH,数字经济ETF工银,20250530,中证诚通国企数字经济指数,中证诚通国企数字经济指数收益率,工银瑞信基金管理有限公司,国信证券股份有限公司,股票型ETF,主题指数ETF,931529.CSI,,,,,,
2021-10-27,561220.SH,数字经济ETF工银,20250530,中证诚通国企数字经济指数,中证诚通国企数字经济指数收益率,工银瑞信基金管理有限公司,国信证券股份有限公司,股票型ETF,主题指数ETF,931529.CSI,,,,,,
2021-10-28,561220.SH,数字经济ETF工银,20250530,中证诚通国企数字经济指数,中证诚通国企数字经济指数收益率,工银瑞信基金管理有限公司,国信证券股份有限公司,股票型ETF,主题指数ETF,931529.CSI,,,,,,
2021-10-29,561220.SH,数字经济ETF工银,20250530,中证诚通国企数字经济指数,中证诚通国企数字经济指数收益率,工银瑞信基金管理有限公司,国信证券股份有限公司,股票型ETF,主题指数ETF,931529.CSI,,,,,,
2021-11-01,561220.SH,数字经济ETF工银,20250530,中证诚通国企数字经济指数,中证诚通国企数字经济指数收益率,工银瑞信基金管理有限公司,国信证券股份有限公司,股票型ETF,主题指数ETF,931529.CSI,,,,,,
2021-11-02,561220.SH,数字经济ETF工银,20250530,中证诚通国企数字经济指数,中证诚通国企数字经济指数收益率,工银瑞信基金管理有限公司,国信证券股份有限公司,股票型ETF,主题指数ETF,931529.CSI,,,,,,
2021-11-03,561220.SH,数字经济ETF工银,20250530,中证诚通国企数字经济指数,中证诚通国企数字经济指数收益率,工银瑞信基金管理有限公司,国信证券股份有限公司,股票型ETF,主题指数ETF,931529.CSI,,,,,,
2021-11-04,561220.SH,数字经济ETF工银,20250530,中证诚通国企数字经济指数,中证诚通国企数字经济指数收益率,工银瑞信基金管理有限公司,国信证券股份有限公司,股票型ETF,主题指数ETF,931529.CSI,,,,,,
2021-11-05,561220.SH,数字经济ETF工银,20250530,中证诚通国企数字经济指数,中证诚通国企数字经济指数收益率,工银瑞信基金管理有限公司,国信证券股份有限公司,股票型ETF,主题指数ETF,931529.CSI,,,,,,
2021-11-08,561220.SH,数字经济ETF工银,20250530,中证诚通国企数字经济指数,中证诚通国企数字经济指数收益率,工银瑞信基金管理有限公司,国信证券股份有限公司,股票型ETF,主题指数ETF,931529.CSI,,,,,,
2021-11-09,561220.SH,数字经济ETF工银,20250530,中证诚通国企数字经济指数,中证诚通国企数字经济指数收益率,工银瑞信基金管理有限公司,国信证券股份有限公司,股票型ETF,主题指数ETF,931529.CSI,,,,,,
2021-11-10,561220.SH,数字经济ETF工银,20250530,中证诚通国企数字经济指数,中证诚通国企数字经济指数收益率,工银瑞信基金管理有限公司,国信证券股份有限公司,股票型ETF,主题指数ETF,931529.CSI,,,,,,
2021-11-11,561220.SH,数字经济ETF工银,20250530,中证诚通国企数字经济指数,中证诚通国企数字经济指数收益率,工银瑞信基金管理有限公司,国信证券股份有限公司,股票型ETF,主题指数ETF,931529.CSI,,,,,,
2021-11-12,561220.SH,数字经济ETF工银,20250530,中证诚通国企数字经济指数,中证诚通国企数字经济指数收益率,工银瑞信基金管理有限公司,国信证券股份有限公司,股票型ETF,主题指数ETF,931529.CSI,,,,,,
2021-11-15,561220.SH,数字经济ETF工银,20250530,中证诚通国企数字经济指数,中证诚通国企数字经济指数收益率,工银瑞信基金管理有限公司,国信证券股份有限公司,股票型ETF,主题指数ETF,931529.CSI,,,,,,
2021-11-16,561220.SH,数字经济ETF工银,20250530,中证诚通国企数字经济指数,中证诚通国企数字经济指数收益率,工银瑞信基金管理有限公司,国信证券股份有限公司,股票型ETF,主题指数ETF,931529.CSI,,,,,,
2021-11-17,561220.SH,数字经济ETF工银,20250530,中证诚通国企数字经济指数,中证诚通国企数字经济指数收益率,工银瑞信基金管理有限公司,国信证券股份有限公司,股票型ETF,主题指数ETF,931529.CSI,,,,,,
2021-11-18,561220.SH,数字经济ETF工银,20250530,中证诚通国企数字经济指数,中证诚通国企数字经济指数收益率,工银瑞信基金管理有限公司,国信证券股份有限公司,股票型ETF,主题指数ETF,931529.CSI,,,,,,
2021-11-19,561220.SH,数字经济ETF工银,20250530,中证诚通国企数字经济指数,中证诚通国企数字经济指数收益率,工银瑞信基金管理有限公司,国信证券股份有限公司,股票型ETF,主题指数ETF,931529.CSI,,,,,,
2021-11-22,561220.SH,数字经济ETF工银,20250530,中证诚通国企数字经济指数,中证诚通国企数字经济指数收益率,工银瑞信基金管理有限公司,国信证券股份有限公司,股票型ETF,主题指数ETF,931529.CSI,,,,,,
2021-11-23,561220.SH,数字经济ETF工银,20250530,中证诚通国企数字经济指数,中证诚通国企数字经济指数收益率,工银瑞信基金管理有限公司,国信证券股份有限公司,股票型ETF,主题指数ETF,931529.CSI,,,,,,
2021-11-24,561220.SH,数字经济ETF工银,20250530,中证诚通国企数字经济指数,中证诚通国企数字经济指数收益率,工银瑞信基金管理有限公司,国信证券股份有限公司,股票型ETF,主题指数ETF,931529.CSI,,,,,,
2021-11-25,561220.SH,数字经济ETF工银,20250530,中证诚通国企数字经济指数,中证诚通国企数字经济指数收益率,工银瑞信基金管理有限公司,国信证券股份有限公司,股票型ETF,主题指数ETF,931529.CSI,,,,,,
2021-11-26,561220.SH,数字经济ETF工银,20250530,中证诚通国企数字经济指数,中证诚通国企数字经济指数收益率,工银瑞信基金管理有限公司,国信证券股份有限公司,股票型ETF,主题指数ETF,931529.CSI,,,,,,
2021-11-29,561220.SH,数字经济ETF工银,20250530,中证诚通国企数字经济指数,中证诚通国企数字经济指数收益率,工银瑞信基金管理有限公司,国信证券股份有限公司,股票型ETF,主题指数ETF,931529.CSI,,,,,,
2021-11-30,561220.SH,数字经济ETF工银,20250530,中证诚通国企数字经济指数,中证诚通国企数字经济指数收益率,工银瑞信基金管理有限公司,国信证券股份有限公司,股票型ETF,主题指数ETF,931529.CSI,,,,,,
2021-12-01,561220.SH,数字经济ETF工银,20250530,中证诚通国企数字经济指数,中证诚通国企数字经济指数收益率,工银瑞信基金管理有限公司,国信证券股份有限公司,股票型ETF,主题指数ETF,931529.CSI,,,,,,
2021-12-02,561220.SH,数字经济ETF工银,20250530,中证诚通国企数字经济指数,中证诚通国企数字经济指数收益率,工银瑞信基金管理有限公司,国信证券股份有限公司,股票型ETF,主题指数ETF,931529.CSI,,,,,,
2021-12-03,561220.SH,数字经济ETF工银,20250530,中证诚通国企数字经济指数,中证诚通国企数字经济指数收益率,工银瑞信基金管理有限公司,国信证券股份有限公司,股票型ETF,主题指数ETF,931529.CSI,,,,,,
2021-12-06,561220.SH,数字经济ETF工银,20250530,中证诚通国企数字经济指数,中证诚通国企数字经济指数收益率,工银瑞信基金管理有限公司,国信证券股份有限公司,股票型ETF,主题指数ETF,931529.CSI,,,,,,
2021-12-07,561220.SH,数字经济ETF工银,20250530,中证诚通国企数字经济指数,中证诚通国企数字经济指数收益率,工银瑞信基金管理有限公司,国信证券股份有限公司,股票型ETF,主题指数ETF,931529.CSI,,,,,,
2021-12-08,561220.SH,数字经济ETF工银,20250530,中证诚通国企数字经济指数,中证诚通国企数字经济指数收益率,工银瑞信基金管理有限公司,国信证券股份有限公司,股票型ETF,主题指数ETF,931529.CSI,,,,,,
2021-12-09,561220.SH,数字经济ETF工银,20250530,中证诚通国企数字经济指数,中证诚通国企数字经济指数收益率,工银瑞信基金管理有限公司,国信证券股份有限公司,股票型ETF,主题指数ETF,931529.CSI,,,,,,
2021-12-10,561220.SH,数字经济ETF工银,20250530,中证诚通国企数字经济指数,中证诚通国企数字经济指数收益率,工银瑞信基金管理有限公司,国信证券股份有限公司,股票型ETF,主题指数ETF,931529.CSI,,,,,,
2021-12-13,561220.SH,数字经济ETF工银,20250530,中证诚通国企数字经济指数,中证诚通国企数字经济指数收益率,工银瑞信基金管理有限公司,国信证券股份有限公司,股票型ETF,主题指数ETF,931529.CSI,,,,,,
2021-12-14,561220.SH,数字经济ETF工银,20250530,中证诚通国企数字经济指数,中证诚通国企数字经济指数收益率,工银瑞信基金管理有限公司,国信证券股份有限公司,股票型ETF,主题指数ETF,931529.CSI,,,,,,
2021-12-15,561220.SH,数字经济ETF工银,20250530,中证诚通国企数字经济指数,中证诚通国企数字经济指数收益率,工银瑞信基金管理有限公司,国信证券股份有限公司,股票型ETF,主题指数ETF,931529.CSI,,,,,,
2021-12-16,561220.SH,数字经济ETF工银,20250530,中证诚通国企数字经济指数,中证诚通国企数字经济指数收益率,工银瑞信基金管理有限公司,国信证券股份有限公司,股票型ETF,主题指数ETF,931529.CSI,,,,,,
2021-12-17,561220.SH,数字经济ETF工银,20250530,中证诚通国企数字经济指数,中证诚通国企数字经济指数收益率,工银瑞信基金管理有限公司,国信证券股份有限公司,股票型ETF,主题指数ETF,931529.CSI,,,,,,
2021-12-20,561220.SH,数字经济ETF工银,20250530,中证诚通国企数字经济指数,中证诚通国企数字经济指数收益率,工银瑞信基金管理有限公司,国信证券股份有限公司,股票型ETF,主题指数ETF,931529.CSI,,,,,,
2021-12-21,561220.SH,数字经济ETF工银,20250530,中证诚通国企数字经济指数,中证诚通国企数字经济指数收益率,工银瑞信基金管理有限公司,国信证券股份有限公司,股票型ETF,主题指数ETF,931529.CSI,,,,,,
2021-12-22,561220.SH,数字经济ETF工银,20250530,中证诚通国企数字经济指数,中证诚通国企数字经济指数收益率,工银瑞信基金管理有限公司,国信证券股份有限公司,股票型ETF,主题指数ETF,931529.CSI,,,,,,
2021-12-23,561220.SH,数字经济ETF工银,20250530,中证诚通国企数字经济指数,中证诚通国企数字经济指数收益率,工银瑞信基金管理有限公司,国信证券股份有限公司,股票型ETF,主题指数ETF,931529.CSI,,,,,,
2021-12-24,561220.SH,数字经济ETF工银,20250530,中证诚通国企数字经济指数,中证诚通国企数字经济指数收益率,工银瑞信基金管理有限公司,国信证券股份有限公司,股票型ETF,主题指数ETF,931529.CSI,,,,,,
2021-12-27,561220.SH,数字经济ETF工银,20250530,中证诚通国企数字经济指数,中证诚通国企数字经济指数收益率,工银瑞信基金管理有限公司,国信证券股份有限公司,股票型ETF,主题指数ETF,931529.CSI,,,,,,
2021-12-28,561220.SH,数字经济ETF工银,20250530,中证诚通国企数字经济指数,中证诚通国企数字经济指数收益率,工银瑞信基金管理有限公司,国信证券股份有限公司,股票型ETF,主题指数ETF,931529.CSI,,,,,,
2021-12-29,561220.SH,数字经济ETF工银,20250530,中证诚通国企数字经济指数,中证诚通国企数字经济指数收益率,工银瑞信基金管理有限公司,国信证券股份有限公司,股票型ETF,主题指数ETF,931529.CSI,,,,,,
2021-12-30,561220.SH,数字经济ETF工银,20250530,中证诚通国企数字经济指数,中证诚通国企数字经济指数收益率,工银瑞信基金管理有限公司,国信证券股份有限公司,股票型ETF,主题指数ETF,931529.CSI,,,,,,
2021-12-31,561220.SH,数字经济ETF工银,20250530,中证诚通国企数字经济指数,中证诚通国企数字经济指数收益率,工银瑞信基金管理有限公司,国信证券股份有限公司,股票型ETF,主题指数ETF,931529.CSI,,,,,,
2022-01-04,561220.SH,数字经济ETF工银,20250530,中证诚通国企数字经济指数,中证诚通国企数字经济指数收益率,工银瑞信基金管理有限公司,国信证券股份有限公司,股票型ETF,主题指数ETF,931529.CSI,,,,,,
2022-01-05,561220.SH,数字经济ETF工银,20250530,中证诚通国企数字经济指数,中证诚通国企数字经济指数收益率,工银瑞信基金管理有限公司,国信证券股份有限公司,股票型ETF,主题指数ETF,931529.CSI,,,,,,
2022-01-06,561220.SH,数字经济ETF工银,20250530,中证诚通国企数字经济指数,中证诚通国企数字经济指数收益率,工银瑞信基金管理有限公司,国信证券股份有限公司,股票型ETF,主题指数ETF,931529.CSI,,,,,,
2022-01-07,561220.SH,数字经济ETF工银,20250530,中证诚通国企数字经济指数,中证诚通国企数字经济指数收益率,工银瑞信基金管理有限公司,国信证券股份有限公司,股票型ETF,主题指数ETF,931529.CSI,,,,,,
2022-01-10,561220.SH,数字经济ETF工银,20250530,中证诚通国企数字经济指数,中证诚通国企数字经济指数收益率,工银瑞信基金管理有限公司,国信证券股份有限公司,股票型ETF,主题指数ETF,931529.CSI,,,,,,
2022-01-11,561220.SH,数字经济ETF工银,20250530,中证诚通国企数字经济指数,中证诚通国企数字经济指数收益率,工银瑞信基金管理有限公司,国信证券股份有限公司,股票型ETF,主题指数ETF,931529.CSI,,,,,,
2022-01-12,561220.SH,数字经济ETF工银,20250530,中证诚通国企数字经济指数,中证诚通国企数字经济指数收益率,工银瑞信基金管理有限公司,国信证券股份有限公司,股票型ETF,主题指数ETF,931529.CSI,,,,,,
2022-01-13,561220.SH,数字经济ETF工银,20250530,中证诚通国企数字经济指数,中证诚通国企数字经济指数收益率,工银瑞信基金管理有限公司,国信证券股份有限公司,股票型ETF,主题指数ETF,931529.CSI,,,,,,
2022-01-14,561220.SH,数字经济ETF工银,20250530,中证诚通国企数字经济指数,中证诚通国企数字经济指数收益率,工银瑞信基金管理有限公司,国信证券股份有限公司,股票型ETF,主题指数ETF,931529.CSI,,,,,,
2022-01-17,561220.SH,数字经济ETF工银,20250530,中证诚通国企数字经济指数,中证诚通国企数字经济指数收益率,工银瑞信基金管理有限公司,国信证券股份有限公司,股票型ETF,主题指数ETF,931529.CSI,,,,,,
2022-01-18,561220.SH,数字经济ETF工银,20250530,中证诚通国企数字经济指数,中证诚通国企数字经济指数收益率,工银瑞信基金管理有限公司,国信证券股份有限公司,股票型ETF,主题指数ETF,931529.CSI,,,,,,
2022-01-19,561220.SH,数字经济ETF工银,20250530,中证诚通国企数字经济指数,中证诚通国企数字经济指数收益率,工银瑞信基金管理有限公司,国信证券股份有限公司,股票型ETF,主题指数ETF,931529.CSI,,,,,,
2022-01-20,561220.SH,数字经济ETF工银,20250530,中证诚通国企数字经济指数,中证诚通国企数字经济指数收益率,工银瑞信基金管理有限公司,国信证券股份有限公司,股票型ETF,主题指数ETF,931529.CSI,,,,,,
2022-01-21,561220.SH,数字经济ETF工银,20250530,中证诚通国企数字经济指数,中证诚通国企数字经济指数收益率,工银瑞信基金管理有限公司,国信证券股份有限公司,股票型ETF,主题指数ETF,931529.CSI,,,,,,
2022-01-24,561220.SH,数字经济ETF工银,20250530,中证诚通国企数字经济指数,中证诚通国企数字经济指数收益率,工银瑞信基金管理有限公司,国信证券股份有限公司,股票型ETF,主题指数ETF,931529.CSI,,,,,,
2022-01-25,561220.SH,数字经济ETF工银,20250530,中证诚通国企数字经济指数,中证诚通国企数字经济指数收益率,工银瑞信基金管理有限公司,国信证券股份有限公司,股票型ETF,主题指数ETF,931529.CSI,,,,,,
2022-01-26,561220.SH,数字经济ETF工银,20250530,中证诚通国企数字经济指数,中证诚通国企数字经济指数收益率,工银瑞信基金管理有限公司,国信证券股份有限公司,股票型ETF,主题指数ETF,931529.CSI,,,,,,
2022-01-27,561220.SH,数字经济ETF工银,20250530,中证诚通国企数字经济指数,中证诚通国企数字经济指数收益率,工银瑞信基金管理有限公司,国信证券股份有限公司,股票型ETF,主题指数ETF,931529.CSI,,,,,,
2022-01-28,561220.SH,数字经济ETF工银,20250530,中证诚通国企数字经济指数,中证诚通国企数字经济指数收益率,工银瑞信基金管理有限公司,国信证券股份有限公司,股票型ETF,主题指数ETF,931529.CSI,,,,,,
2022-02-07,561220.SH,数字经济ETF工银,20250530,中证诚通国企数字经济指数,中证诚通国企数字经济指数收益率,工银瑞信基金管理有限公司,国信证券股份有限公司,股票型ETF,主题指数ETF,931529.CSI,,,,,,
2022-02-08,561220.SH,数字经济ETF工银,20250530,中证诚通国企数字经济指数,中证诚通国企数字经济指数收益率,工银瑞信基金管理有限公司,国信证券股份有限公司,股票型ETF,主题指数ETF,931529.CSI,,,,,,
2022-02-09,561220.SH,数字经济ETF工银,20250530,中证诚通国企数字经济指数,中证诚通国企数字经济指数收益率,工银瑞信基金管理有限公司,国信证券股份有限公司,股票型ETF,主题指数ETF,931529.CSI,,,,,,
2022-02-10,561220.SH,数字经济ETF工银,20250530,中证诚通国企数字经济指数,中证诚通国企数字经济指数收益率,工银瑞信基金管理有限公司,国信证券股份有限公司,股票型ETF,主题指数ETF,931529.CSI,,,,,,
2022-02-11,561220.SH,数字经济ETF工银,20250530,中证诚通国企数字经济指数,中证诚通国企数字经济指数收益率,工银瑞信基金管理有限公司,国信证券股份有限公司,股票型ETF,主题指数ETF,931529.CSI,,,,,,
2022-02-14,561220.SH,数字经济ETF工银,20250530,中证诚通国企数字经济指数,中证诚通国企数字经济指数收益率,工银瑞信基金管理有限公司,国信证券股份有限公司,股票型ETF,主题指数ETF,931529.CSI,,,,,,
2022-02-15,561220.SH,数字经济ETF工银,20250530,中证诚通国企数字经济指数,中证诚通国企数字经济指数收益率,工银瑞信基金管理有限公司,国信证券股份有限公司,股票型ETF,主题指数ETF,931529.CSI,,,,,,
2022-02-16,561220.SH,数字经济ETF工银,20250530,中证诚通国企数字经济指数,中证诚通国企数字经济指数收益率,工银瑞信基金管理有限公司,国信证券股份有限公司,股票型ETF,主题指数ETF,931529.CSI,,,,,,
2022-02-17,561220.SH,数字经济ETF工银,20250530,中证诚通国企数字经济指数,中证诚通国企数字经济指数收益率,工银瑞信基金管理有限公司,国信证券股份有限公司,股票型ETF,主题指数ETF,931529.CSI,,,,,,
2022-02-18,561220.SH,数字经济ETF工银,20250530,中证诚通国企数字经济指数,中证诚通国企数字经济指数收益率,工银瑞信基金管理有限公司,国信证券股份有限公司,股票型ETF,主题指数ETF,931529.CSI,,,,,,
2022-02-21,561220.SH,数字经济ETF工银,20250530,中证诚通国企数字经济指数,中证诚通国企数字经济指数收益率,工银瑞信基金管理有限公司,国信证券股份有限公司,股票型ETF,主题指数ETF,931529.CSI,,,,,,
2022-02-22,561220.SH,数字经济ETF工银,20250530,中证诚通国企数字经济指数,中证诚通国企数字经济指数收益率,工银瑞信基金管理有限公司,国信证券股份有限公司,股票型ETF,主题指数ETF,931529.CSI,,,,,,
2022-02-23,561220.SH,数字经济ETF工银,20250530,中证诚通国企数字经济指数,中证诚通国企数字经济指数收益率,工银瑞信基金管理有限公司,国信证券股份有限公司,股票型ETF,主题指数ETF,931529.CSI,,,,,,
2022-02-24,561220.SH,数字经济ETF工银,20250530,中证诚通国企数字经济指数,中证诚通国企数字经济指数收益率,工银瑞信基金管理有限公司,国信证券股份有限公司,股票型ETF,主题指数ETF,931529.CSI,,,,,,
2022-02-25,561220.SH,数字经济ETF工银,20250530,中证诚通国企数字经济指数,中证诚通国企数字经济指数收益率,工银瑞信基金管理有限公司,国信证券股份有限公司,股票型ETF,主题指数ETF,931529.CSI,,,,,,
2022-02-28,561220.SH,数字经济ETF工银,20250530,中证诚通国企数字经济指数,中证诚通国企数字经济指数收益率,工银瑞信基金管理有限公司,国信证券股份有限公司,股票型ETF,主题指数ETF,931529.CSI,,,,,,
2022-03-01,561220.SH,数字经济ETF工银,20250530,中证诚通国企数字经济指数,中证诚通国企数字经济指数收益率,工银瑞信基金管理有限公司,国信证券股份有限公司,股票型ETF,主题指数ETF,931529.CSI,,,,,,
2022-03-02,561220.SH,数字经济ETF工银,20250530,中证诚通国企数字经济指数,中证诚通国企数字经济指数收益率,工银瑞信基金管理有限公司,国信证券股份有限公司,股票型ETF,主题指数ETF,931529.CSI,,,,,,
2022-03-03,561220.SH,数字经济ETF工银,20250530,中证诚通国企数字经济指数,中证诚通国企数字经济指数收益率,工银瑞信基金管理有限公司,国信证券股份有限公司,股票型ETF,主题指数ETF,931529.CSI,,,,,,
2022-03-04,561220.SH,数字经济ETF工银,20250530,中证诚通国企数字经济指数,中证诚通国企数字经济指数收益率,工银瑞信基金管理有限公司,国信证券股份有限公司,股票型ETF,主题指数ETF,931529.CSI,,,,,,
2022-03-07,561220.SH,数字经济ETF工银,20250530,中证诚通国企数字经济指数,中证诚通国企数字经济指数收益率,工银瑞信基金管理有限公司,国信证券股份有限公司,股票型ETF,主题指数ETF,931529.CSI,,,,,,
2022-03-08,561220.SH,数字经济ETF工银,20250530,中证诚通国企数字经济指数,中证诚通国企数字经济指数收益率,工银瑞信基金管理有限公司,国信证券股份有限公司,股票型ETF,主题指数ETF,931529.CSI,,,,,,
2022-03-09,561220.SH,数字经济ETF工银,20250530,中证诚通国企数字经济指数,中证诚通国企数字经济指数收益率,工银瑞信基金管理有限公司,国信证券股份有限公司,股票型ETF,主题指数ETF,931529.CSI,,,,,,
2022-03-10,561220.SH,数字经济ETF工银,20250530,中证诚通国企数字经济指数,中证诚通国企数字经济指数收益率,工银瑞信基金管理有限公司,国信证券股份有限公司,股票型ETF,主题指数ETF,931529.CSI,,,,,,
2022-03-11,561220.SH,数字经济ETF工银,20250530,中证诚通国企数字经济指数,中证诚通国企数字经济指数收益率,工银瑞信基金管理有限公司,国信证券股份有限公司,股票型ETF,主题指数ETF,931529.CSI,,,,,,
2022-03-14,561220.SH,数字经济ETF工银,20250530,中证诚通国企数字经济指数,中证诚通国企数字经济指数收益率,工银瑞信基金管理有限公司,国信证券股份有限公司,股票型ETF,主题指数ETF,931529.CSI,,,,,,
2022-03-15,561220.SH,数字经济ETF工银,20250530,中证诚通国企数字经济指数,中证诚通国企数字经济指数收益率,工银瑞信基金管理有限公司,国信证券股份有限公司,股票型ETF,主题指数ETF,931529.CSI,,,,,,
2022-03-16,561220.SH,数字经济ETF工银,20250530,中证诚通国企数字经济指数,中证诚通国企数字经济指数收益率,工银瑞信基金管理有限公司,国信证券股份有限公司,股票型ETF,主题指数ETF,931529.CSI,,,,,,
2022-03-17,561220.SH,数字经济ETF工银,20250530,中证诚通国企数字经济指数,中证诚通国企数字经济指数收益率,工银瑞信基金管理有限公司,国信证券股份有限公司,股票型ETF,主题指数ETF,931529.CSI,,,,,,
2022-03-18,561220.SH,数字经济ETF工银,20250530,中证诚通国企数字经济指数,中证诚通国企数字经济指数收益率,工银瑞信基金管理有限公司,国信证券股份有限公司,股票型ETF,主题指数ETF,931529.CSI,,,,,,
2022-03-21,561220.SH,数字经济ETF工银,20250530,中证诚通国企数字经济指数,中证诚通国企数字经济指数收益率,工银瑞信基金管理有限公司,国信证券股份有限公司,股票型ETF,主题指数ETF,931529.CSI,,,,,,
2022-03-22,561220.SH,数字经济ETF工银,20250530,中证诚通国企数字经济指数,中证诚通国企数字经济指数收益率,工银瑞信基金管理有限公司,国信证券股份有限公司,股票型ETF,主题指数ETF,931529.CSI,,,,,,
2022-03-23,561220.SH,数字经济ETF工银,20250530,中证诚通国企数字经济指数,中证诚通国企数字经济指数收益率,工银瑞信基金管理有限公司,国信证券股份有限公司,股票型ETF,主题指数ETF,931529.CSI,,,,,,
2022-03-24,561220.SH,数字经济ETF工银,20250530,中证诚通国企数字经济指数,中证诚通国企数字经济指数收益率,工银瑞信基金管理有限公司,国信证券股份有限公司,股票型ETF,主题指数ETF,931529.CSI,,,,,,
2022-03-25,561220.SH,数字经济ETF工银,20250530,中证诚通国企数字经济指数,中证诚通国企数字经济指数收益率,工银瑞信基金管理有限公司,国信证券股份有限公司,股票型ETF,主题指数ETF,931529.CSI,,,,,,
2022-03-28,561220.SH,数字经济ETF工银,20250530,中证诚通国企数字经济指数,中证诚通国企数字经济指数收益率,工银瑞信基金管理有限公司,国信证券股份有限公司,股票型ETF,主题指数ETF,931529.CSI,,,,,,
2022-03-29,561220.SH,数字经济ETF工银,20250530,中证诚通国企数字经济指数,中证诚通国企数字经济指数收益率,工银瑞信基金管理有限公司,国信证券股份有限公司,股票型ETF,主题指数ETF,931529.CSI,,,,,,
2022-03-30,561220.SH,数字经济ETF工银,20250530,中证诚通国企数字经济指数,中证诚通国企数字经济指数收益率,工银瑞信基金管理有限公司,国信证券股份有限公司,股票型ETF,主题指数ETF,931529.CSI,,,,,,
2022-03-31,561220.SH,数字经济ETF工银,20250530,中证诚通国企数字经济指数,中证诚通国企数字经济指数收益率,工银瑞信基金管理有限公司,国信证券股份有限公司,股票型ETF,主题指数ETF,931529.CSI,,,,,,
2022-04-01,561220.SH,数字经济ETF工银,20250530,中证诚通国企数字经济指数,中证诚通国企数字经济指数收益率,工银瑞信基金管理有限公司,国信证券股份有限公司,股票型ETF,主题指数ETF,931529.CSI,,,,,,
2022-04-06,561220.SH,数字经济ETF工银,20250530,中证诚通国企数字经济指数,中证诚通国企数字经济指数收益率,工银瑞信基金管理有限公司,国信证券股份有限公司,股票型ETF,主题指数ETF,931529.CSI,,,,,,
2022-04-07,561220.SH,数字经济ETF工银,20250530,中证诚通国企数字经济指数,中证诚通国企数字经济指数收益率,工银瑞信基金管理有限公司,国信证券股份有限公司,股票型ETF,主题指数ETF,931529.CSI,,,,,,
2022-04-08,561220.SH,数字经济ETF工银,20250530,中证诚通国企数字经济指数,中证诚通国企数字经济指数收益率,工银瑞信基金管理有限公司,国信证券股份有限公司,股票型ETF,主题指数ETF,931529.CSI,,,,,,
2022-04-11,561220.SH,数字经济ETF工银,20250530,中证诚通国企数字经济指数,中证诚通国企数字经济指数收益率,工银瑞信基金管理有限公司,国信证券股份有限公司,股票型ETF,主题指数ETF,931529.CSI,,,,,,
2022-04-12,561220.SH,数字经济ETF工银,20250530,中证诚通国企数字经济指数,中证诚通国企数字经济指数收益率,工银瑞信基金管理有限公司,国信证券股份有限公司,股票型ETF,主题指数ETF,931529.CSI,,,,,,
2022-04-13,561220.SH,数字经济ETF工银,20250530,中证诚通国企数字经济指数,中证诚通国企数字经济指数收益率,工银瑞信基金管理有限公司,国信证券股份有限公司,股票型ETF,主题指数ETF,931529.CSI,,,,,,
2022-04-14,561220.SH,数字经济ETF工银,20250530,中证诚通国企数字经济指数,中证诚通国企数字经济指数收益率,工银瑞信基金管理有限公司,国信证券股份有限公司,股票型ETF,主题指数ETF,931529.CSI,,,,,,
2022-04-15,561220.SH,数字经济ETF工银,20250530,中证诚通国企数字经济指数,中证诚通国企数字经济指数收益率,工银瑞信基金管理有限公司,国信证券股份有限公司,股票型ETF,主题指数ETF,931529.CSI,,,,,,
2022-04-18,561220.SH,数字经济ETF工银,20250530,中证诚通国企数字经济指数,中证诚通国企数字经济指数收益率,工银瑞信基金管理有限公司,国信证券股份有限公司,股票型ETF,主题指数ETF,931529.CSI,,,,,,
2022-04-19,561220.SH,数字经济ETF工银,20250530,中证诚通国企数字经济指数,中证诚通国企数字经济指数收益率,工银瑞信基金管理有限公司,国信证券股份有限公司,股票型ETF,主题指数ETF,931529.CSI,,,,,,
2022-04-20,561220.SH,数字经济ETF工银,20250530,中证诚通国企数字经济指数,中证诚通国企数字经济指数收益率,工银瑞信基金管理有限公司,国信证券股份有限公司,股票型ETF,主题指数ETF,931529.CSI,,,,,,
2022-04-21,561220.SH,数字经济ETF工银,20250530,中证诚通国企数字经济指数,中证诚通国企数字经济指数收益率,工银瑞信基金管理有限公司,国信证券股份有限公司,股票型ETF,主题指数ETF,931529.CSI,,,,,,
2022-04-22,561220.SH,数字经济ETF工银,20250530,中证诚通国企数字经济指数,中证诚通国企数字经济指数收益率,工银瑞信基金管理有限公司,国信证券股份有限公司,股票型ETF,主题指数ETF,931529.CSI,,,,,,
2022-04-25,561220.SH,数字经济ETF工银,20250530,中证诚通国企数字经济指数,中证诚通国企数字经济指数收益率,工银瑞信基金管理有限公司,国信证券股份有限公司,股票型ETF,主题指数ETF,931529.CSI,,,,,,
2022-04-26,561220.SH,数字经济ETF工银,20250530,中证诚通国企数字经济指数,中证诚通国企数字经济指数收益率,工银瑞信基金管理有限公司,国信证券股份有限公司,股票型ETF,主题指数ETF,931529.CSI,,,,,,
2022-04-27,561220.SH,数字经济ETF工银,20250530,中证诚通国企数字经济指数,中证诚通国企数字经济指数收益率,工银瑞信基金管理有限公司,国信证券股份有限公司,股票型ETF,主题指数ETF,931529.CSI,,,,,,
2022-04-28,561220.SH,数字经济ETF工银,20250530,中证诚通国企数字经济指数,中证诚通国企数字经济指数收益率,工银瑞信基金管理有限公司,国信证券股份有限公司,股票型ETF,主题指数ETF,931529.CSI,,,,,,
2022-04-29,561220.SH,数字经济ETF工银,20250530,中证诚通国企数字经济指数,中证诚通国企数字经济指数收益率,工银瑞信基金管理有限公司,国信证券股份有限公司,股票型ETF,主题指数ETF,931529.CSI,,,,,,
2022-05-05,561220.SH,数字经济ETF工银,20250530,中证诚通国企数字经济指数,中证诚通国企数字经济指数收益率,工银瑞信基金管理有限公司,国信证券股份有限公司,股票型ETF,主题指数ETF,931529.CSI,,,,,,
2022-05-06,561220.SH,数字经济ETF工银,20250530,中证诚通国企数字经济指数,中证诚通国企数字经济指数收益率,工银瑞信基金管理有限公司,国信证券股份有限公司,股票型ETF,主题指数ETF,931529.CSI,,,,,,
2022-05-09,561220.SH,数字经济ETF工银,20250530,中证诚通国企数字经济指数,中证诚通国企数字经济指数收益率,工银瑞信基金管理有限公司,国信证券股份有限公司,股票型ETF,主题指数ETF,931529.CSI,,,,,,
2022-05-10,561220.SH,数字经济ETF工银,20250530,中证诚通国企数字经济指数,中证诚通国企数字经济指数收益率,工银瑞信基金管理有限公司,国信证券股份有限公司,股票型ETF,主题指数ETF,931529.CSI,,,,,,
2022-05-11,561220.SH,数字经济ETF工银,20250530,中证诚通国企数字经济指数,中证诚通国企数字经济指数收益率,工银瑞信基金管理有限公司,国信证券股份有限公司,股票型ETF,主题指数ETF,931529.CSI,,,,,,
2022-05-12,561220.SH,数字经济ETF工银,20250530,中证诚通国企数字经济指数,中证诚通国企数字经济指数收益率,工银瑞信基金管理有限公司,国信证券股份有限公司,股票型ETF,主题指数ETF,931529.CSI,,,,,,
2022-05-13,561220.SH,数字经济ETF工银,20250530,中证诚通国企数字经济指数,中证诚通国企数字经济指数收益率,工银瑞信基金管理有限公司,国信证券股份有限公司,股票型ETF,主题指数ETF,931529.CSI,,,,,,
2022-05-16,561220.SH,数字经济ETF工银,20250530,中证诚通国企数字经济指数,中证诚通国企数字经济指数收益率,工银瑞信基金管理有限公司,国信证券股份有限公司,股票型ETF,主题指数ETF,931529.CSI,,,,,,
2022-05-17,561220.SH,数字经济ETF工银,20250530,中证诚通国企数字经济指数,中证诚通国企数字经济指数收益率,工银瑞信基金管理有限公司,国信证券股份有限公司,股票型ETF,主题指数ETF,931529.CSI,,,,,,
2022-05-18,561220.SH,数字经济ETF工银,20250530,中证诚通国企数字经济指数,中证诚通国企数字经济指数收益率,工银瑞信基金管理有限公司,国信证券股份有限公司,股票型ETF,主题指数ETF,931529.CSI,,,,,,
2022-05-19,561220.SH,数字经济ETF工银,20250530,中证诚通国企数字经济指数,中证诚通国企数字经济指数收益率,工银瑞信基金管理有限公司,国信证券股份有限公司,股票型ETF,主题指数ETF,931529.CSI,,,,,,
2022-05-20,561220.SH,数字经济ETF工银,20250530,中证诚通国企数字经济指数,中证诚通国企数字经济指数收益率,工银瑞信基金管理有限公司,国信证券股份有限公司,股票型ETF,主题指数ETF,931529.CSI,,,,,,
2022-05-23,561220.SH,数字经济ETF工银,20250530,中证诚通国企数字经济指数,中证诚通国企数字经济指数收益率,工银瑞信基金管理有限公司,国信证券股份有限公司,股票型ETF,主题指数ETF,931529.CSI,,,,,,
2022-05-24,561220.SH,数字经济ETF工银,20250530,中证诚通国企数字经济指数,中证诚通国企数字经济指数收益率,工银瑞信基金管理有限公司,国信证券股份有限公司,股票型ETF,主题指数ETF,931529.CSI,,,,,,
2022-05-25,561220.SH,数字经济ETF工银,20250530,中证诚通国企数字经济指数,中证诚通国企数字经济指数收益率,工银瑞信基金管理有限公司,国信证券股份有限公司,股票型ETF,主题指数ETF,931529.CSI,,,,,,
2022-05-26,561220.SH,数字经济ETF工银,20250530,中证诚通国企数字经济指数,中证诚通国企数字经济指数收益率,工银瑞信基金管理有限公司,国信证券股份有限公司,股票型ETF,主题指数ETF,931529.CSI,,,,,,
2022-05-27,561220.SH,数字经济ETF工银,20250530,中证诚通国企数字经济指数,中证诚通国企数字经济指数收益率,工银瑞信基金管理有限公司,国信证券股份有限公司,股票型ETF,主题指数ETF,931529.CSI,,,,,,
2022-05-30,561220.SH,数字经济ETF工银,20250530,中证诚通国企数字经济指数,中证诚通国企数字经济指数收益率,工银瑞信基金管理有限公司,国信证券股份有限公司,股票型ETF,主题指数ETF,931529.CSI,,,,,,
2022-05-31,561220.SH,数字经济ETF工银,20250530,中证诚通国企数字经济指数,中证诚通国企数字经济指数收益率,工银瑞信基金管理有限公司,国信证券股份有限公司,股票型ETF,主题指数ETF,931529.CSI,,,,,,
2022-06-01,561220.SH,数字经济ETF工银,20250530,中证诚通国企数字经济指数,中证诚通国企数字经济指数收益率,工银瑞信基金管理有限公司,国信证券股份有限公司,股票型ETF,主题指数ETF,931529.CSI,,,,,,
2022-06-02,561220.SH,数字经济ETF工银,20250530,中证诚通国企数字经济指数,中证诚通国企数字经济指数收益率,工银瑞信基金管理有限公司,国信证券股份有限公司,股票型ETF,主题指数ETF,931529.CSI,,,,,,
2022-06-06,561220.SH,数字经济ETF工银,20250530,中证诚通国企数字经济指数,中证诚通国企数字经济指数收益率,工银瑞信基金管理有限公司,国信证券股份有限公司,股票型ETF,主题指数ETF,931529.CSI,,,,,,
2022-06-07,561220.SH,数字经济ETF工银,20250530,中证诚通国企数字经济指数,中证诚通国企数字经济指数收益率,工银瑞信基金管理有限公司,国信证券股份有限公司,股票型ETF,主题指数ETF,931529.CSI,,,,,,
2022-06-08,561220.SH,数字经济ETF工银,20250530,中证诚通国企数字经济指数,中证诚通国企数字经济指数收益率,工银瑞信基金管理有限公司,国信证券股份有限公司,股票型ETF,主题指数ETF,931529.CSI,,,,,,
2022-06-09,561220.SH,数字经济ETF工银,20250530,中证诚通国企数字经济指数,中证诚通国企数字经济指数收益率,工银瑞信基金管理有限公司,国信证券股份有限公司,股票型ETF,主题指数ETF,931529.CSI,,,,,,
2022-06-10,561220.SH,数字经济ETF工银,20250530,中证诚通国企数字经济指数,中证诚通国企数字经济指数收益率,工银瑞信基金管理有限公司,国信证券股份有限公司,股票型ETF,主题指数ETF,931529.CSI,,,,,,
2022-06-13,561220.SH,数字经济ETF工银,20250530,中证诚通国企数字经济指数,中证诚通国企数字经济指数收益率,工银瑞信基金管理有限公司,国信证券股份有限公司,股票型ETF,主题指数ETF,931529.CSI,,,,,,
2022-06-14,561220.SH,数字经济ETF工银,20250530,中证诚通国企数字经济指数,中证诚通国企数字经济指数收益率,工银瑞信基金管理有限公司,国信证券股份有限公司,股票型ETF,主题指数ETF,931529.CSI,,,,,,
2022-06-15,561220.SH,数字经济ETF工银,20250530,中证诚通国企数字经济指数,中证诚通国企数字经济指数收益率,工银瑞信基金管理有限公司,国信证券股份有限公司,股票型ETF,主题指数ETF,931529.CSI,,,,,,
2022-06-16,561220.SH,数字经济ETF工银,20250530,中证诚通国企数字经济指数,中证诚通国企数字经济指数收益率,工银瑞信基金管理有限公司,国信证券股份有限公司,股票型ETF,主题指数ETF,931529.CSI,,,,,,
2022-06-17,561220.SH,数字经济ETF工银,20250530,中证诚通国企数字经济指数,中证诚通国企数字经济指数收益率,工银瑞信基金管理有限公司,国信证券股份有限公司,股票型ETF,主题指数ETF,931529.CSI,,,,,,
2022-06-20,561220.SH,数字经济ETF工银,20250530,中证诚通国企数字经济指数,中证诚通国企数字经济指数收益率,工银瑞信基金管理有限公司,国信证券股份有限公司,股票型ETF,主题指数ETF,931529.CSI,,,,,,
2022-06-21,561220.SH,数字经济ETF工银,20250530,中证诚通国企数字经济指数,中证诚通国企数字经济指数收益率,工银瑞信基金管理有限公司,国信证券股份有限公司,股票型ETF,主题指数ETF,931529.CSI,,,,,,
2022-06-22,561220.SH,数字经济ETF工银,20250530,中证诚通国企数字经济指数,中证诚通国企数字经济指数收益率,工银瑞信基金管理有限公司,国信证券股份有限公司,股票型ETF,主题指数ETF,931529.CSI,,,,,,
2022-06-23,561220.SH,数字经济ETF工银,20250530,中证诚通国企数字经济指数,中证诚通国企数字经济指数收益率,工银瑞信基金管理有限公司,国信证券股份有限公司,股票型ETF,主题指数ETF,931529.CSI,,,,,,
2022-06-24,561220.SH,数字经济ETF工银,20250530,中证诚通国企数字经济指数,中证诚通国企数字经济指数收益率,工银瑞信基金管理有限公司,国信证券股份有限公司,股票型ETF,主题指数ETF,931529.CSI,,,,,,
2022-06-27,561220.SH,数字经济ETF工银,20250530,中证诚通国企数字经济指数,中证诚通国企数字经济指数收益率,工银瑞信基金管理有限公司,国信证券股份有限公司,股票型ETF,主题指数ETF,931529.CSI,,,,,,
2022-06-28,561220.SH,数字经济ETF工银,20250530,中证诚通国企数字经济指数,中证诚通国企数字经济指数收益率,工银瑞信基金管理有限公司,国信证券股份有限公司,股票型ETF,主题指数ETF,931529.CSI,,,,,,
2022-06-29,561220.SH,数字经济ETF工银,20250530,中证诚通国企数字经济指数,中证诚通国企数字经济指数收益率,工银瑞信基金管理有限公司,国信证券股份有限公司,股票型ETF,主题指数ETF,931529.CSI,,,,,,
2022-06-30,561220.SH,数字经济ETF工银,20250530,中证诚通国企数字经济指数,中证诚通国企数字经济指数收益率,工银瑞信基金管理有限公司,国信证券股份有限公司,股票型ETF,主题指数ETF,931529.CSI,,,,,,
2022-07-01,561220.SH,数字经济ETF工银,20250530,中证诚通国企数字经济指数,中证诚通国企数字经济指数收益率,工银瑞信基金管理有限公司,国信证券股份有限公司,股票型ETF,主题指数ETF,931529.CSI,,,,,,
2022-07-04,561220.SH,数字经济ETF工银,20250530,中证诚通国企数字经济指数,中证诚通国企数字经济指数收益率,工银瑞信基金管理有限公司,国信证券股份有限公司,股票型ETF,主题指数ETF,931529.CSI,,,,,,
2022-07-05,561220.SH,数字经济ETF工银,20250530,中证诚通国企数字经济指数,中证诚通国企数字经济指数收益率,工银瑞信基金管理有限公司,国信证券股份有限公司,股票型ETF,主题指数ETF,931529.CSI,,,,,,
2022-07-06,561220.SH,数字经济ETF工银,20250530,中证诚通国企数字经济指数,中证诚通国企数字经济指数收益率,工银瑞信基金管理有限公司,国信证券股份有限公司,股票型ETF,主题指数ETF,931529.CSI,,,,,,
2022-07-07,561220.SH,数字经济ETF工银,20250530,中证诚通国企数字经济指数,中证诚通国企数字经济指数收益率,工银瑞信基金管理有限公司,国信证券股份有限公司,股票型ETF,主题指数ETF,931529.CSI,,,,,,
2022-07-08,561220.SH,数字经济ETF工银,20250530,中证诚通国企数字经济指数,中证诚通国企数字经济指数收益率,工银瑞信基金管理有限公司,国信证券股份有限公司,股票型ETF,主题指数ETF,931529.CSI,,,,,,
2022-07-11,561220.SH,数字经济ETF工银,20250530,中证诚通国企数字经济指数,中证诚通国企数字经济指数收益率,工银瑞信基金管理有限公司,国信证券股份有限公司,股票型ETF,主题指数ETF,931529.CSI,,,,,,
2022-07-12,561220.SH,数字经济ETF工银,20250530,中证诚通国企数字经济指数,中证诚通国企数字经济指数收益率,工银瑞信基金管理有限公司,国信证券股份有限公司,股票型ETF,主题指数ETF,931529.CSI,,,,,,
2022-07-13,561220.SH,数字经济ETF工银,20250530,中证诚通国企数字经济指数,中证诚通国企数字经济指数收益率,工银瑞信基金管理有限公司,国信证券股份有限公司,股票型ETF,主题指数ETF,931529.CSI,,,,,,
2022-07-14,561220.SH,数字经济ETF工银,20250530,中证诚通国企数字经济指数,中证诚通国企数字经济指数收益率,工银瑞信基金管理有限公司,国信证券股份有限公司,股票型ETF,主题指数ETF,931529.CSI,,,,,,
2022-07-15,561220.SH,数字经济ETF工银,20250530,中证诚通国企数字经济指数,中证诚通国企数字经济指数收益率,工银瑞信基金管理有限公司,国信证券股份有限公司,股票型ETF,主题指数ETF,931529.CSI,,,,,,
2022-07-18,561220.SH,数字经济ETF工银,20250530,中证诚通国企数字经济指数,中证诚通国企数字经济指数收益率,工银瑞信基金管理有限公司,国信证券股份有限公司,股票型ETF,主题指数ETF,931529.CSI,,,,,,
2022-07-19,561220.SH,数字经济ETF工银,20250530,中证诚通国企数字经济指数,中证诚通国企数字经济指数收益率,工银瑞信基金管理有限公司,国信证券股份有限公司,股票型ETF,主题指数ETF,931529.CSI,,,,,,
2022-07-20,561220.SH,数字经济ETF工银,20250530,中证诚通国企数字经济指数,中证诚通国企数字经济指数收益率,工银瑞信基金管理有限公司,国信证券股份有限公司,股票型ETF,主题指数ETF,931529.CSI,,,,,,
2022-07-21,561220.SH,数字经济ETF工银,20250530,中证诚通国企数字经济指数,中证诚通国企数字经济指数收益率,工银瑞信基金管理有限公司,国信证券股份有限公司,股票型ETF,主题指数ETF,931529.CSI,,,,,,
2022-07-22,561220.SH,数字经济ETF工银,20250530,中证诚通国企数字经济指数,中证诚通国企数字经济指数收益率,工银瑞信基金管理有限公司,国信证券股份有限公司,股票型ETF,主题指数ETF,931529.CSI,,,,,,
2022-07-25,561220.SH,数字经济ETF工银,20250530,中证诚通国企数字经济指数,中证诚通国企数字经济指数收益率,工银瑞信基金管理有限公司,国信证券股份有限公司,股票型ETF,主题指数ETF,931529.CSI,,,,,,
2022-07-26,561220.SH,数字经济ETF工银,20250530,中证诚通国企数字经济指数,中证诚通国企数字经济指数收益率,工银瑞信基金管理有限公司,国信证券股份有限公司,股票型ETF,主题指数ETF,931529.CSI,,,,,,
2022-07-27,561220.SH,数字经济ETF工银,20250530,中证诚通国企数字经济指数,中证诚通国企数字经济指数收益率,工银瑞信基金管理有限公司,国信证券股份有限公司,股票型ETF,主题指数ETF,931529.CSI,,,,,,
2022-07-28,561220.SH,数字经济ETF工银,20250530,中证诚通国企数字经济指数,中证诚通国企数字经济指数收益率,工银瑞信基金管理有限公司,国信证券股份有限公司,股票型ETF,主题指数ETF,931529.CSI,,,,,,
2022-07-29,561220.SH,数字经济ETF工银,20250530,中证诚通国企数字经济指数,中证诚通国企数字经济指数收益率,工银瑞信基金管理有限公司,国信证券股份有限公司,股票型ETF,主题指数ETF,931529.CSI,,,,,,
2022-08-01,561220.SH,数字经济ETF工银,20250530,中证诚通国企数字经济指数,中证诚通国企数字经济指数收益率,工银瑞信基金管理有限公司,国信证券股份有限公司,股票型ETF,主题指数ETF,931529.CSI,,,,,,
2022-08-02,561220.SH,数字经济ETF工银,20250530,中证诚通国企数字经济指数,中证诚通国企数字经济指数收益率,工银瑞信基金管理有限公司,国信证券股份有限公司,股票型ETF,主题指数ETF,931529.CSI,,,,,,
2022-08-03,561220.SH,数字经济ETF工银,20250530,中证诚通国企数字经济指数,中证诚通国企数字经济指数收益率,工银瑞信基金管理有限公司,国信证券股份有限公司,股票型ETF,主题指数ETF,931529.CSI,,,,,,
2022-08-04,561220.SH,数字经济ETF工银,20250530,中证诚通国企数字经济指数,中证诚通国企数字经济指数收益率,工银瑞信基金管理有限公司,国信证券股份有限公司,股票型ETF,主题指数ETF,931529.CSI,,,,,,
2022-08-05,561220.SH,数字经济ETF工银,20250530,中证诚通国企数字经济指数,中证诚通国企数字经济指数收益率,工银瑞信基金管理有限公司,国信证券股份有限公司,股票型ETF,主题指数ETF,931529.CSI,,,,,,
2022-08-08,561220.SH,数字经济ETF工银,20250530,中证诚通国企数字经济指数,中证诚通国企数字经济指数收益率,工银瑞信基金管理有限公司,国信证券股份有限公司,股票型ETF,主题指数ETF,931529.CSI,,,,,,
2022-08-09,561220.SH,数字经济ETF工银,20250530,中证诚通国企数字经济指数,中证诚通国企数字经济指数收益率,工银瑞信基金管理有限公司,国信证券股份有限公司,股票型ETF,主题指数ETF,931529.CSI,,,,,,
2022-08-10,561220.SH,数字经济ETF工银,20250530,中证诚通国企数字经济指数,中证诚通国企数字经济指数收益率,工银瑞信基金管理有限公司,国信证券股份有限公司,股票型ETF,主题指数ETF,931529.CSI,,,,,,
2022-08-11,561220.SH,数字经济ETF工银,20250530,中证诚通国企数字经济指数,中证诚通国企数字经济指数收益率,工银瑞信基金管理有限公司,国信证券股份有限公司,股票型ETF,主题指数ETF,931529.CSI,,,,,,
2022-08-12,561220.SH,数字经济ETF工银,20250530,中证诚通国企数字经济指数,中证诚通国企数字经济指数收益率,工银瑞信基金管理有限公司,国信证券股份有限公司,股票型ETF,主题指数ETF,931529.CSI,,,,,,
2022-08-15,561220.SH,数字经济ETF工银,20250530,中证诚通国企数字经济指数,中证诚通国企数字经济指数收益率,工银瑞信基金管理有限公司,国信证券股份有限公司,股票型ETF,主题指数ETF,931529.CSI,,,,,,
2022-08-16,561220.SH,数字经济ETF工银,20250530,中证诚通国企数字经济指数,中证诚通国企数字经济指数收益率,工银瑞信基金管理有限公司,国信证券股份有限公司,股票型ETF,主题指数ETF,931529.CSI,,,,,,
2022-08-17,561220.SH,数字经济ETF工银,20250530,中证诚通国企数字经济指数,中证诚通国企数字经济指数收益率,工银瑞信基金管理有限公司,国信证券股份有限公司,股票型ETF,主题指数ETF,931529.CSI,,,,,,
2022-08-18,561220.SH,数字经济ETF工银,20250530,中证诚通国企数字经济指数,中证诚通国企数字经济指数收益率,工银瑞信基金管理有限公司,国信证券股份有限公司,股票型ETF,主题指数ETF,931529.CSI,,,,,,
2022-08-19,561220.SH,数字经济ETF工银,20250530,中证诚通国企数字经济指数,中证诚通国企数字经济指数收益率,工银瑞信基金管理有限公司,国信证券股份有限公司,股票型ETF,主题指数ETF,931529.CSI,,,,,,
2022-08-22,561220.SH,数字经济ETF工银,20250530,中证诚通国企数字经济指数,中证诚通国企数字经济指数收益率,工银瑞信基金管理有限公司,国信证券股份有限公司,股票型ETF,主题指数ETF,931529.CSI,,,,,,
2022-08-23,561220.SH,数字经济ETF工银,20250530,中证诚通国企数字经济指数,中证诚通国企数字经济指数收益率,工银瑞信基金管理有限公司,国信证券股份有限公司,股票型ETF,主题指数ETF,931529.CSI,,,,,,
2022-08-24,561220.SH,数字经济ETF工银,20250530,中证诚通国企数字经济指数,中证诚通国企数字经济指数收益率,工银瑞信基金管理有限公司,国信证券股份有限公司,股票型ETF,主题指数ETF,931529.CSI,,,,,,
2022-08-25,561220.SH,数字经济ETF工银,20250530,中证诚通国企数字经济指数,中证诚通国企数字经济指数收益率,工银瑞信基金管理有限公司,国信证券股份有限公司,股票型ETF,主题指数ETF,931529.CSI,,,,,,
2022-08-26,561220.SH,数字经济ETF工银,20250530,中证诚通国企数字经济指数,中证诚通国企数字经济指数收益率,工银瑞信基金管理有限公司,国信证券股份有限公司,股票型ETF,主题指数ETF,931529.CSI,,,,,,
2022-08-29,561220.SH,数字经济ETF工银,20250530,中证诚通国企数字经济指数,中证诚通国企数字经济指数收益率,工银瑞信基金管理有限公司,国信证券股份有限公司,股票型ETF,主题指数ETF,931529.CSI,,,,,,
2022-08-30,561220.SH,数字经济ETF工银,20250530,中证诚通国企数字经济指数,中证诚通国企数字经济指数收益率,工银瑞信基金管理有限公司,国信证券股份有限公司,股票型ETF,主题指数ETF,931529.CSI,,,,,,
2022-08-31,561220.SH,数字经济ETF工银,20250530,中证诚通国企数字经济指数,中证诚通国企数字经济指数收益率,工银瑞信基金管理有限公司,国信证券股份有限公司,股票型ETF,主题指数ETF,931529.CSI,,,,,,
2022-09-01,561220.SH,数字经济ETF工银,20250530,中证诚通国企数字经济指数,中证诚通国企数字经济指数收益率,工银瑞信基金管理有限公司,国信证券股份有限公司,股票型ETF,主题指数ETF,931529.CSI,,,,,,
2022-09-02,561220.SH,数字经济ETF工银,20250530,中证诚通国企数字经济指数,中证诚通国企数字经济指数收益率,工银瑞信基金管理有限公司,国信证券股份有限公司,股票型ETF,主题指数ETF,931529.CSI,,,,,,
2022-09-05,561220.SH,数字经济ETF工银,20250530,中证诚通国企数字经济指数,中证诚通国企数字经济指数收益率,工银瑞信基金管理有限公司,国信证券股份有限公司,股票型ETF,主题指数ETF,931529.CSI,,,,,,
2022-09-06,561220.SH,数字经济ETF工银,20250530,中证诚通国企数字经济指数,中证诚通国企数字经济指数收益率,工银瑞信基金管理有限公司,国信证券股份有限公司,股票型ETF,主题指数ETF,931529.CSI,,,,,,
2022-09-07,561220.SH,数字经济ETF工银,20250530,中证诚通国企数字经济指数,中证诚通国企数字经济指数收益率,工银瑞信基金管理有限公司,国信证券股份有限公司,股票型ETF,主题指数ETF,931529.CSI,,,,,,
2022-09-08,561220.SH,数字经济ETF工银,20250530,中证诚通国企数字经济指数,中证诚通国企数字经济指数收益率,工银瑞信基金管理有限公司,国信证券股份有限公司,股票型ETF,主题指数ETF,931529.CSI,,,,,,
2022-09-09,561220.SH,数字经济ETF工银,20250530,中证诚通国企数字经济指数,中证诚通国企数字经济指数收益率,工银瑞信基金管理有限公司,国信证券股份有限公司,股票型ETF,主题指数ETF,931529.CSI,,,,,,
2022-09-13,561220.SH,数字经济ETF工银,20250530,中证诚通国企数字经济指数,中证诚通国企数字经济指数收益率,工银瑞信基金管理有限公司,国信证券股份有限公司,股票型ETF,主题指数ETF,931529.CSI,,,,,,
2022-09-14,561220.SH,数字经济ETF工银,20250530,中证诚通国企数字经济指数,中证诚通国企数字经济指数收益率,工银瑞信基金管理有限公司,国信证券股份有限公司,股票型ETF,主题指数ETF,931529.CSI,,,,,,
2022-09-15,561220.SH,数字经济ETF工银,20250530,中证诚通国企数字经济指数,中证诚通国企数字经济指数收益率,工银瑞信基金管理有限公司,国信证券股份有限公司,股票型ETF,主题指数ETF,931529.CSI,,,,,,
2022-09-16,561220.SH,数字经济ETF工银,20250530,中证诚通国企数字经济指数,中证诚通国企数字经济指数收益率,工银瑞信基金管理有限公司,国信证券股份有限公司,股票型ETF,主题指数ETF,931529.CSI,,,,,,
2022-09-19,561220.SH,数字经济ETF工银,20250530,中证诚通国企数字经济指数,中证诚通国企数字经济指数收益率,工银瑞信基金管理有限公司,国信证券股份有限公司,股票型ETF,主题指数ETF,931529.CSI,,,,,,
2022-09-20,561220.SH,数字经济ETF工银,20250530,中证诚通国企数字经济指数,中证诚通国企数字经济指数收益率,工银瑞信基金管理有限公司,国信证券股份有限公司,股票型ETF,主题指数ETF,931529.CSI,,,,,,
2022-09-21,561220.SH,数字经济ETF工银,20250530,中证诚通国企数字经济指数,中证诚通国企数字经济指数收益率,工银瑞信基金管理有限公司,国信证券股份有限公司,股票型ETF,主题指数ETF,931529.CSI,,,,,,
2022-09-22,561220.SH,数字经济ETF工银,20250530,中证诚通国企数字经济指数,中证诚通国企数字经济指数收益率,工银瑞信基金管理有限公司,国信证券股份有限公司,股票型ETF,主题指数ETF,931529.CSI,,,,,,
2022-09-23,561220.SH,数字经济ETF工银,20250530,中证诚通国企数字经济指数,中证诚通国企数字经济指数收益率,工银瑞信基金管理有限公司,国信证券股份有限公司,股票型ETF,主题指数ETF,931529.CSI,,,,,,
2022-09-26,561220.SH,数字经济ETF工银,20250530,中证诚通国企数字经济指数,中证诚通国企数字经济指数收益率,工银瑞信基金管理有限公司,国信证券股份有限公司,股票型ETF,主题指数ETF,931529.CSI,,,,,,
2022-09-27,561220.SH,数字经济ETF工银,20250530,中证诚通国企数字经济指数,中证诚通国企数字经济指数收益率,工银瑞信基金管理有限公司,国信证券股份有限公司,股票型ETF,主题指数ETF,931529.CSI,,,,,,
2022-09-28,561220.SH,数字经济ETF工银,20250530,中证诚通国企数字经济指数,中证诚通国企数字经济指数收益率,工银瑞信基金管理有限公司,国信证券股份有限公司,股票型ETF,主题指数ETF,931529.CSI,,,,,,
2022-09-29,561220.SH,数字经济ETF工银,20250530,中证诚通国企数字经济指数,中证诚通国企数字经济指数收益率,工银瑞信基金管理有限公司,国信证券股份有限公司,股票型ETF,主题指数ETF,931529.CSI,,,,,,
2022-09-30,561220.SH,数字经济ETF工银,20250530,中证诚通国企数字经济指数,中证诚通国企数字经济指数收益率,工银瑞信基金管理有限公司,国信证券股份有限公司,股票型ETF,主题指数ETF,931529.CSI,,,,,,
2022-10-10,561220.SH,数字经济ETF工银,20250530,中证诚通国企数字经济指数,中证诚通国企数字经济指数收益率,工银瑞信基金管理有限公司,国信证券股份有限公司,股票型ETF,主题指数ETF,931529.CSI,,,,,,
2022-10-11,561220.SH,数字经济ETF工银,20250530,中证诚通国企数字经济指数,中证诚通国企数字经济指数收益率,工银瑞信基金管理有限公司,国信证券股份有限公司,股票型ETF,主题指数ETF,931529.CSI,,,,,,
2022-10-12,561220.SH,数字经济ETF工银,20250530,中证诚通国企数字经济指数,中证诚通国企数字经济指数收益率,工银瑞信基金管理有限公司,国信证券股份有限公司,股票型ETF,主题指数ETF,931529.CSI,,,,,,
2022-10-13,561220.SH,数字经济ETF工银,20250530,中证诚通国企数字经济指数,中证诚通国企数字经济指数收益率,工银瑞信基金管理有限公司,国信证券股份有限公司,股票型ETF,主题指数ETF,931529.CSI,,,,,,
2022-10-14,561220.SH,数字经济ETF工银,20250530,中证诚通国企数字经济指数,中证诚通国企数字经济指数收益率,工银瑞信基金管理有限公司,国信证券股份有限公司,股票型ETF,主题指数ETF,931529.CSI,,,,,,
2022-10-17,561220.SH,数字经济ETF工银,20250530,中证诚通国企数字经济指数,中证诚通国企数字经济指数收益率,工银瑞信基金管理有限公司,国信证券股份有限公司,股票型ETF,主题指数ETF,931529.CSI,,,,,,
2022-10-18,561220.SH,数字经济ETF工银,20250530,中证诚通国企数字经济指数,中证诚通国企数字经济指数收益率,工银瑞信基金管理有限公司,国信证券股份有限公司,股票型ETF,主题指数ETF,931529.CSI,,,,,,
2022-10-19,561220.SH,数字经济ETF工银,20250530,中证诚通国企数字经济指数,中证诚通国企数字经济指数收益率,工银瑞信基金管理有限公司,国信证券股份有限公司,股票型ETF,主题指数ETF,931529.CSI,,,,,,
2022-10-20,561220.SH,数字经济ETF工银,20250530,中证诚通国企数字经济指数,中证诚通国企数字经济指数收益率,工银瑞信基金管理有限公司,国信证券股份有限公司,股票型ETF,主题指数ETF,931529.CSI,,,,,,
2022-10-21,561220.SH,数字经济ETF工银,20250530,中证诚通国企数字经济指数,中证诚通国企数字经济指数收益率,工银瑞信基金管理有限公司,国信证券股份有限公司,股票型ETF,主题指数ETF,931529.CSI,,,,,,
2022-10-24,561220.SH,数字经济ETF工银,20250530,中证诚通国企数字经济指数,中证诚通国企数字经济指数收益率,工银瑞信基金管理有限公司,国信证券股份有限公司,股票型ETF,主题指数ETF,931529.CSI,,,,,,
2022-10-25,561220.SH,数字经济ETF工银,20250530,中证诚通国企数字经济指数,中证诚通国企数字经济指数收益率,工银瑞信基金管理有限公司,国信证券股份有限公司,股票型ETF,主题指数ETF,931529.CSI,,,,,,
2022-10-26,561220.SH,数字经济ETF工银,20250530,中证诚通国企数字经济指数,中证诚通国企数字经济指数收益率,工银瑞信基金管理有限公司,国信证券股份有限公司,股票型ETF,主题指数ETF,931529.CSI,,,,,,
2022-10-27,561220.SH,数字经济ETF工银,20250530,中证诚通国企数字经济指数,中证诚通国企数字经济指数收益率,工银瑞信基金管理有限公司,国信证券股份有限公司,股票型ETF,主题指数ETF,931529.CSI,,,,,,
2022-10-28,561220.SH,数字经济ETF工银,20250530,中证诚通国企数字经济指数,中证诚通国企数字经济指数收益率,工银瑞信基金管理有限公司,国信证券股份有限公司,股票型ETF,主题指数ETF,931529.CSI,,,,,,
2022-10-31,561220.SH,数字经济ETF工银,20250530,中证诚通国企数字经济指数,中证诚通国企数字经济指数收益率,工银瑞信基金管理有限公司,国信证券股份有限公司,股票型ETF,主题指数ETF,931529.CSI,,,,,,
2022-11-01,561220.SH,数字经济ETF工银,20250530,中证诚通国企数字经济指数,中证诚通国企数字经济指数收益率,工银瑞信基金管理有限公司,国信证券股份有限公司,股票型ETF,主题指数ETF,931529.CSI,,,,,,
2022-11-02,561220.SH,数字经济ETF工银,20250530,中证诚通国企数字经济指数,中证诚通国企数字经济指数收益率,工银瑞信基金管理有限公司,国信证券股份有限公司,股票型ETF,主题指数ETF,931529.CSI,,,,,,
2022-11-03,561220.SH,数字经济ETF工银,20250530,中证诚通国企数字经济指数,中证诚通国企数字经济指数收益率,工银瑞信基金管理有限公司,国信证券股份有限公司,股票型ETF,主题指数ETF,931529.CSI,,,,,,
2022-11-04,561220.SH,数字经济ETF工银,20250530,中证诚通国企数字经济指数,中证诚通国企数字经济指数收益率,工银瑞信基金管理有限公司,国信证券股份有限公司,股票型ETF,主题指数ETF,931529.CSI,,,,,,
2022-11-07,561220.SH,数字经济ETF工银,20250530,中证诚通国企数字经济指数,中证诚通国企数字经济指数收益率,工银瑞信基金管理有限公司,国信证券股份有限公司,股票型ETF,主题指数ETF,931529.CSI,,,,,,
2022-11-08,561220.SH,数字经济ETF工银,20250530,中证诚通国企数字经济指数,中证诚通国企数字经济指数收益率,工银瑞信基金管理有限公司,国信证券股份有限公司,股票型ETF,主题指数ETF,931529.CSI,,,,,,
2022-11-09,561220.SH,数字经济ETF工银,20250530,中证诚通国企数字经济指数,中证诚通国企数字经济指数收益率,工银瑞信基金管理有限公司,国信证券股份有限公司,股票型ETF,主题指数ETF,931529.CSI,,,,,,
2022-11-10,561220.SH,数字经济ETF工银,20250530,中证诚通国企数字经济指数,中证诚通国企数字经济指数收益率,工银瑞信基金管理有限公司,国信证券股份有限公司,股票型ETF,主题指数ETF,931529.CSI,,,,,,
2022-11-11,561220.SH,数字经济ETF工银,20250530,中证诚通国企数字经济指数,中证诚通国企数字经济指数收益率,工银瑞信基金管理有限公司,国信证券股份有限公司,股票型ETF,主题指数ETF,931529.CSI,,,,,,
2022-11-14,561220.SH,数字经济ETF工银,20250530,中证诚通国企数字经济指数,中证诚通国企数字经济指数收益率,工银瑞信基金管理有限公司,国信证券股份有限公司,股票型ETF,主题指数ETF,931529.CSI,,,,,,
2022-11-15,561220.SH,数字经济ETF工银,20250530,中证诚通国企数字经济指数,中证诚通国企数字经济指数收益率,工银瑞信基金管理有限公司,国信证券股份有限公司,股票型ETF,主题指数ETF,931529.CSI,,,,,,
2022-11-16,561220.SH,数字经济ETF工银,20250530,中证诚通国企数字经济指数,中证诚通国企数字经济指数收益率,工银瑞信基金管理有限公司,国信证券股份有限公司,股票型ETF,主题指数ETF,931529.CSI,,,,,,
2022-11-17,561220.SH,数字经济ETF工银,20250530,中证诚通国企数字经济指数,中证诚通国企数字经济指数收益率,工银瑞信基金管理有限公司,国信证券股份有限公司,股票型ETF,主题指数ETF,931529.CSI,,,,,,
2022-11-18,561220.SH,数字经济ETF工银,20250530,中证诚通国企数字经济指数,中证诚通国企数字经济指数收益率,工银瑞信基金管理有限公司,国信证券股份有限公司,股票型ETF,主题指数ETF,931529.CSI,,,,,,
2022-11-21,561220.SH,数字经济ETF工银,20250530,中证诚通国企数字经济指数,中证诚通国企数字经济指数收益率,工银瑞信基金管理有限公司,国信证券股份有限公司,股票型ETF,主题指数ETF,931529.CSI,,,,,,
2022-11-22,561220.SH,数字经济ETF工银,20250530,中证诚通国企数字经济指数,中证诚通国企数字经济指数收益率,工银瑞信基金管理有限公司,国信证券股份有限公司,股票型ETF,主题指数ETF,931529.CSI,,,,,,
2022-11-23,561220.SH,数字经济ETF工银,20250530,中证诚通国企数字经济指数,中证诚通国企数字经济指数收益率,工银瑞信基金管理有限公司,国信证券股份有限公司,股票型ETF,主题指数ETF,931529.CSI,,,,,,
2022-11-24,561220.SH,数字经济ETF工银,20250530,中证诚通国企数字经济指数,中证诚通国企数字经济指数收益率,工银瑞信基金管理有限公司,国信证券股份有限公司,股票型ETF,主题指数ETF,931529.CSI,,,,,,
2022-11-25,561220.SH,数字经济ETF工银,20250530,中证诚通国企数字经济指数,中证诚通国企数字经济指数收益率,工银瑞信基金管理有限公司,国信证券股份有限公司,股票型ETF,主题指数ETF,931529.CSI,,,,,,
2022-11-28,561220.SH,数字经济ETF工银,20250530,中证诚通国企数字经济指数,中证诚通国企数字经济指数收益率,工银瑞信基金管理有限公司,国信证券股份有限公司,股票型ETF,主题指数ETF,931529.CSI,,,,,,
2022-11-29,561220.SH,数字经济ETF工银,20250530,中证诚通国企数字经济指数,中证诚通国企数字经济指数收益率,工银瑞信基金管理有限公司,国信证券股份有限公司,股票型ETF,主题指数ETF,931529.CSI,,,,,,
2022-11-30,561220.SH,数字经济ETF工银,20250530,中证诚通国企数字经济指数,中证诚通国企数字经济指数收益率,工银瑞信基金管理有限公司,国信证券股份有限公司,股票型ETF,主题指数ETF,931529.CSI,,,,,,
2022-12-01,561220.SH,数字经济ETF工银,20250530,中证诚通国企数字经济指数,中证诚通国企数字经济指数收益率,工银瑞信基金管理有限公司,国信证券股份有限公司,股票型ETF,主题指数ETF,931529.CSI,,,,,,
2022-12-02,561220.SH,数字经济ETF工银,20250530,中证诚通国企数字经济指数,中证诚通国企数字经济指数收益率,工银瑞信基金管理有限公司,国信证券股份有限公司,股票型ETF,主题指数ETF,931529.CSI,,,,,,
2022-12-05,561220.SH,数字经济ETF工银,20250530,中证诚通国企数字经济指数,中证诚通国企数字经济指数收益率,工银瑞信基金管理有限公司,国信证券股份有限公司,股票型ETF,主题指数ETF,931529.CSI,,,,,,
2022-12-06,561220.SH,数字经济ETF工银,20250530,中证诚通国企数字经济指数,中证诚通国企数字经济指数收益率,工银瑞信基金管理有限公司,国信证券股份有限公司,股票型ETF,主题指数ETF,931529.CSI,,,,,,
2022-12-07,561220.SH,数字经济ETF工银,20250530,中证诚通国企数字经济指数,中证诚通国企数字经济指数收益率,工银瑞信基金管理有限公司,国信证券股份有限公司,股票型ETF,主题指数ETF,931529.CSI,,,,,,
2022-12-08,561220.SH,数字经济ETF工银,20250530,中证诚通国企数字经济指数,中证诚通国企数字经济指数收益率,工银瑞信基金管理有限公司,国信证券股份有限公司,股票型ETF,主题指数ETF,931529.CSI,,,,,,
2022-12-09,561220.SH,数字经济ETF工银,20250530,中证诚通国企数字经济指数,中证诚通国企数字经济指数收益率,工银瑞信基金管理有限公司,国信证券股份有限公司,股票型ETF,主题指数ETF,931529.CSI,,,,,,
2022-12-12,561220.SH,数字经济ETF工银,20250530,中证诚通国企数字经济指数,中证诚通国企数字经济指数收益率,工银瑞信基金管理有限公司,国信证券股份有限公司,股票型ETF,主题指数ETF,931529.CSI,,,,,,
2022-12-13,561220.SH,数字经济ETF工银,20250530,中证诚通国企数字经济指数,中证诚通国企数字经济指数收益率,工银瑞信基金管理有限公司,国信证券股份有限公司,股票型ETF,主题指数ETF,931529.CSI,,,,,,
2022-12-14,561220.SH,数字经济ETF工银,20250530,中证诚通国企数字经济指数,中证诚通国企数字经济指数收益率,工银瑞信基金管理有限公司,国信证券股份有限公司,股票型ETF,主题指数ETF,931529.CSI,,,,,,
2022-12-15,561220.SH,数字经济ETF工银,20250530,中证诚通国企数字经济指数,中证诚通国企数字经济指数收益率,工银瑞信基金管理有限公司,国信证券股份有限公司,股票型ETF,主题指数ETF,931529.CSI,,,,,,
2022-12-16,561220.SH,数字经济ETF工银,20250530,中证诚通国企数字经济指数,中证诚通国企数字经济指数收益率,工银瑞信基金管理有限公司,国信证券股份有限公司,股票型ETF,主题指数ETF,931529.CSI,,,,,,
2022-12-19,561220.SH,数字经济ETF工银,20250530,中证诚通国企数字经济指数,中证诚通国企数字经济指数收益率,工银瑞信基金管理有限公司,国信证券股份有限公司,股票型ETF,主题指数ETF,931529.CSI,,,,,,
2022-12-20,561220.SH,数字经济ETF工银,20250530,中证诚通国企数字经济指数,中证诚通国企数字经济指数收益率,工银瑞信基金管理有限公司,国信证券股份有限公司,股票型ETF,主题指数ETF,931529.CSI,,,,,,
2022-12-21,561220.SH,数字经济ETF工银,20250530,中证诚通国企数字经济指数,中证诚通国企数字经济指数收益率,工银瑞信基金管理有限公司,国信证券股份有限公司,股票型ETF,主题指数ETF,931529.CSI,,,,,,
2022-12-22,561220.SH,数字经济ETF工银,20250530,中证诚通国企数字经济指数,中证诚通国企数字经济指数收益率,工银瑞信基金管理有限公司,国信证券股份有限公司,股票型ETF,主题指数ETF,931529.CSI,,,,,,
2022-12-23,561220.SH,数字经济ETF工银,20250530,中证诚通国企数字经济指数,中证诚通国企数字经济指数收益率,工银瑞信基金管理有限公司,国信证券股份有限公司,股票型ETF,主题指数ETF,931529.CSI,,,,,,
2022-12-26,561220.SH,数字经济ETF工银,20250530,中证诚通国企数字经济指数,中证诚通国企数字经济指数收益率,工银瑞信基金管理有限公司,国信证券股份有限公司,股票型ETF,主题指数ETF,931529.CSI,,,,,,
2022-12-27,561220.SH,数字经济ETF工银,20250530,中证诚通国企数字经济指数,中证诚通国企数字经济指数收益率,工银瑞信基金管理有限公司,国信证券股份有限公司,股票型ETF,主题指数ETF,931529.CSI,,,,,,
2022-12-28,561220.SH,数字经济ETF工银,20250530,中证诚通国企数字经济指数,中证诚通国企数字经济指数收益率,工银瑞信基金管理有限公司,国信证券股份有限公司,股票型ETF,主题指数ETF,931529.CSI,,,,,,
2022-12-29,561220.SH,数字经济ETF工银,20250530,中证诚通国企数字经济指数,中证诚通国企数字经济指数收益率,工银瑞信基金管理有限公司,国信证券股份有限公司,股票型ETF,主题指数ETF,931529.CSI,,,,,,
2022-12-30,561220.SH,数字经济ETF工银,20250530,中证诚通国企数字经济指数,中证诚通国企数字经济指数收益率,工银瑞信基金管理有限公司,国信证券股份有限公司,股票型ETF,主题指数ETF,931529.CSI,,,,,,
2023-01-03,561220.SH,数字经济ETF工银,20250530,中证诚通国企数字经济指数,中证诚通国企数字经济指数收益率,工银瑞信基金管理有限公司,国信证券股份有限公司,股票型ETF,主题指数ETF,931529.CSI,,,,,,
2023-01-04,561220.SH,数字经济ETF工银,20250530,中证诚通国企数字经济指数,中证诚通国企数字经济指数收益率,工银瑞信基金管理有限公司,国信证券股份有限公司,股票型ETF,主题指数ETF,931529.CSI,,,,,,
2023-01-05,561220.SH,数字经济ETF工银,20250530,中证诚通国企数字经济指数,中证诚通国企数字经济指数收益率,工银瑞信基金管理有限公司,国信证券股份有限公司,股票型ETF,主题指数ETF,931529.CSI,,,,,,
2023-01-06,561220.SH,数字经济ETF工银,20250530,中证诚通国企数字经济指数,中证诚通国企数字经济指数收益率,工银瑞信基金管理有限公司,国信证券股份有限公司,股票型ETF,主题指数ETF,931529.CSI,,,,,,
2023-01-09,561220.SH,数字经济ETF工银,20250530,中证诚通国企数字经济指数,中证诚通国企数字经济指数收益率,工银瑞信基金管理有限公司,国信证券股份有限公司,股票型ETF,主题指数ETF,931529.CSI,,,,,,
2023-01-10,561220.SH,数字经济ETF工银,20250530,中证诚通国企数字经济指数,中证诚通国企数字经济指数收益率,工银瑞信基金管理有限公司,国信证券股份有限公司,股票型ETF,主题指数ETF,931529.CSI,,,,,,
2023-01-11,561220.SH,数字经济ETF工银,20250530,中证诚通国企数字经济指数,中证诚通国企数字经济指数收益率,工银瑞信基金管理有限公司,国信证券股份有限公司,股票型ETF,主题指数ETF,931529.CSI,,,,,,
2023-01-12,561220.SH,数字经济ETF工银,20250530,中证诚通国企数字经济指数,中证诚通国企数字经济指数收益率,工银瑞信基金管理有限公司,国信证券股份有限公司,股票型ETF,主题指数ETF,931529.CSI,,,,,,
2023-01-13,561220.SH,数字经济ETF工银,20250530,中证诚通国企数字经济指数,中证诚通国企数字经济指数收益率,工银瑞信基金管理有限公司,国信证券股份有限公司,股票型ETF,主题指数ETF,931529.CSI,,,,,,
2023-01-16,561220.SH,数字经济ETF工银,20250530,中证诚通国企数字经济指数,中证诚通国企数字经济指数收益率,工银瑞信基金管理有限公司,国信证券股份有限公司,股票型ETF,主题指数ETF,931529.CSI,,,,,,
2023-01-17,561220.SH,数字经济ETF工银,20250530,中证诚通国企数字经济指数,中证诚通国企数字经济指数收益率,工银瑞信基金管理有限公司,国信证券股份有限公司,股票型ETF,主题指数ETF,931529.CSI,,,,,,
2023-01-18,561220.SH,数字经济ETF工银,20250530,中证诚通国企数字经济指数,中证诚通国企数字经济指数收益率,工银瑞信基金管理有限公司,国信证券股份有限公司,股票型ETF,主题指数ETF,931529.CSI,,,,,,
2023-01-19,561220.SH,数字经济ETF工银,20250530,中证诚通国企数字经济指数,中证诚通国企数字经济指数收益率,工银瑞信基金管理有限公司,国信证券股份有限公司,股票型ETF,主题指数ETF,931529.CSI,,,,,,
2023-01-20,561220.SH,数字经济ETF工银,20250530,中证诚通国企数字经济指数,中证诚通国企数字经济指数收益率,工银瑞信基金管理有限公司,国信证券股份有限公司,股票型ETF,主题指数ETF,931529.CSI,,,,,,
2023-01-30,561220.SH,数字经济ETF工银,20250530,中证诚通国企数字经济指数,中证诚通国企数字经济指数收益率,工银瑞信基金管理有限公司,国信证券股份有限公司,股票型ETF,主题指数ETF,931529.CSI,,,,,,
2023-01-31,561220.SH,数字经济ETF工银,20250530,中证诚通国企数字经济指数,中证诚通国企数字经济指数收益率,工银瑞信基金管理有限公司,国信证券股份有限公司,股票型ETF,主题指数ETF,931529.CSI,,,,,,
2023-02-01,561220.SH,数字经济ETF工银,20250530,中证诚通国企数字经济指数,中证诚通国企数字经济指数收益率,工银瑞信基金管理有限公司,国信证券股份有限公司,股票型ETF,主题指数ETF,931529.CSI,,,,,,
2023-02-02,561220.SH,数字经济ETF工银,20250530,中证诚通国企数字经济指数,中证诚通国企数字经济指数收益率,工银瑞信基金管理有限公司,国信证券股份有限公司,股票型ETF,主题指数ETF,931529.CSI,,,,,,
2023-02-03,561220.SH,数字经济ETF工银,20250530,中证诚通国企数字经济指数,中证诚通国企数字经济指数收益率,工银瑞信基金管理有限公司,国信证券股份有限公司,股票型ETF,主题指数ETF,931529.CSI,,,,,,
2023-02-06,561220.SH,数字经济ETF工银,20250530,中证诚通国企数字经济指数,中证诚通国企数字经济指数收益率,工银瑞信基金管理有限公司,国信证券股份有限公司,股票型ETF,主题指数ETF,931529.CSI,,,,,,
2023-02-07,561220.SH,数字经济ETF工银,20250530,中证诚通国企数字经济指数,中证诚通国企数字经济指数收益率,工银瑞信基金管理有限公司,国信证券股份有限公司,股票型ETF,主题指数ETF,931529.CSI,,,,,,
2023-02-08,561220.SH,数字经济ETF工银,20250530,中证诚通国企数字经济指数,中证诚通国企数字经济指数收益率,工银瑞信基金管理有限公司,国信证券股份有限公司,股票型ETF,主题指数ETF,931529.CSI,,,,,,
2023-02-09,561220.SH,数字经济ETF工银,20250530,中证诚通国企数字经济指数,中证诚通国企数字经济指数收益率,工银瑞信基金管理有限公司,国信证券股份有限公司,股票型ETF,主题指数ETF,931529.CSI,,,,,,
2023-02-10,561220.SH,数字经济ETF工银,20250530,中证诚通国企数字经济指数,中证诚通国企数字经济指数收益率,工银瑞信基金管理有限公司,国信证券股份有限公司,股票型ETF,主题指数ETF,931529.CSI,,,,,,
2023-02-13,561220.SH,数字经济ETF工银,20250530,中证诚通国企数字经济指数,中证诚通国企数字经济指数收益率,工银瑞信基金管理有限公司,国信证券股份有限公司,股票型ETF,主题指数ETF,931529.CSI,,,,,,
2023-02-14,561220.SH,数字经济ETF工银,20250530,中证诚通国企数字经济指数,中证诚通国企数字经济指数收益率,工银瑞信基金管理有限公司,国信证券股份有限公司,股票型ETF,主题指数ETF,931529.CSI,,,,,,
2023-02-15,561220.SH,数字经济ETF工银,20250530,中证诚通国企数字经济指数,中证诚通国企数字经济指数收益率,工银瑞信基金管理有限公司,国信证券股份有限公司,股票型ETF,主题指数ETF,931529.CSI,,,,,,
2023-02-16,561220.SH,数字经济ETF工银,20250530,中证诚通国企数字经济指数,中证诚通国企数字经济指数收益率,工银瑞信基金管理有限公司,国信证券股份有限公司,股票型ETF,主题指数ETF,931529.CSI,,,,,,
2023-02-17,561220.SH,数字经济ETF工银,20250530,中证诚通国企数字经济指数,中证诚通国企数字经济指数收益率,工银瑞信基金管理有限公司,国信证券股份有限公司,股票型ETF,主题指数ETF,931529.CSI,,,,,,
2023-02-20,561220.SH,数字经济ETF工银,20250530,中证诚通国企数字经济指数,中证诚通国企数字经济指数收益率,工银瑞信基金管理有限公司,国信证券股份有限公司,股票型ETF,主题指数ETF,931529.CSI,,,,,,
2023-02-21,561220.SH,数字经济ETF工银,20250530,中证诚通国企数字经济指数,中证诚通国企数字经济指数收益率,工银瑞信基金管理有限公司,国信证券股份有限公司,股票型ETF,主题指数ETF,931529.CSI,,,,,,
2023-02-22,561220.SH,数字经济ETF工银,20250530,中证诚通国企数字经济指数,中证诚通国企数字经济指数收益率,工银瑞信基金管理有限公司,国信证券股份有限公司,股票型ETF,主题指数ETF,931529.CSI,,,,,,
2023-02-23,561220.SH,数字经济ETF工银,20250530,中证诚通国企数字经济指数,中证诚通国企数字经济指数收益率,工银瑞信基金管理有限公司,国信证券股份有限公司,股票型ETF,主题指数ETF,931529.CSI,,,,,,
2023-02-24,561220.SH,数字经济ETF工银,20250530,中证诚通国企数字经济指数,中证诚通国企数字经济指数收益率,工银瑞信基金管理有限公司,国信证券股份有限公司,股票型ETF,主题指数ETF,931529.CSI,,,,,,
2023-02-27,561220.SH,数字经济ETF工银,20250530,中证诚通国企数字经济指数,中证诚通国企数字经济指数收益率,工银瑞信基金管理有限公司,国信证券股份有限公司,股票型ETF,主题指数ETF,931529.CSI,,,,,,
2023-02-28,561220.SH,数字经济ETF工银,20250530,中证诚通国企数字经济指数,中证诚通国企数字经济指数收益率,工银瑞信基金管理有限公司,国信证券股份有限公司,股票型ETF,主题指数ETF,931529.CSI,,,,,,
2023-03-01,561220.SH,数字经济ETF工银,20250530,中证诚通国企数字经济指数,中证诚通国企数字经济指数收益率,工银瑞信基金管理有限公司,国信证券股份有限公司,股票型ETF,主题指数ETF,931529.CSI,,,,,,
2023-03-02,561220.SH,数字经济ETF工银,20250530,中证诚通国企数字经济指数,中证诚通国企数字经济指数收益率,工银瑞信基金管理有限公司,国信证券股份有限公司,股票型ETF,主题指数ETF,931529.CSI,,,,,,
2023-03-03,561220.SH,数字经济ETF工银,20250530,中证诚通国企数字经济指数,中证诚通国企数字经济指数收益率,工银瑞信基金管理有限公司,国信证券股份有限公司,股票型ETF,主题指数ETF,931529.CSI,,,,,,
2023-03-06,561220.SH,数字经济ETF工银,20250530,中证诚通国企数字经济指数,中证诚通国企数字经济指数收益率,工银瑞信基金管理有限公司,国信证券股份有限公司,股票型ETF,主题指数ETF,931529.CSI,,,,,,
2023-03-07,561220.SH,数字经济ETF工银,20250530,中证诚通国企数字经济指数,中证诚通国企数字经济指数收益率,工银瑞信基金管理有限公司,国信证券股份有限公司,股票型ETF,主题指数ETF,931529.CSI,,,,,,
2023-03-08,561220.SH,数字经济ETF工银,20250530,中证诚通国企数字经济指数,中证诚通国企数字经济指数收益率,工银瑞信基金管理有限公司,国信证券股份有限公司,股票型ETF,主题指数ETF,931529.CSI,,,,,,
2023-03-09,561220.SH,数字经济ETF工银,20250530,中证诚通国企数字经济指数,中证诚通国企数字经济指数收益率,工银瑞信基金管理有限公司,国信证券股份有限公司,股票型ETF,主题指数ETF,931529.CSI,,,,,,
2023-03-10,561220.SH,数字经济ETF工银,20250530,中证诚通国企数字经济指数,中证诚通国企数字经济指数收益率,工银瑞信基金管理有限公司,国信证券股份有限公司,股票型ETF,主题指数ETF,931529.CSI,,,,,,
2023-03-13,561220.SH,数字经济ETF工银,20250530,中证诚通国企数字经济指数,中证诚通国企数字经济指数收益率,工银瑞信基金管理有限公司,国信证券股份有限公司,股票型ETF,主题指数ETF,931529.CSI,,,,,,
2023-03-14,561220.SH,数字经济ETF工银,20250530,中证诚通国企数字经济指数,中证诚通国企数字经济指数收益率,工银瑞信基金管理有限公司,国信证券股份有限公司,股票型ETF,主题指数ETF,931529.CSI,,,,,,
2023-03-15,561220.SH,数字经济ETF工银,20250530,中证诚通国企数字经济指数,中证诚通国企数字经济指数收益率,工银瑞信基金管理有限公司,国信证券股份有限公司,股票型ETF,主题指数ETF,931529.CSI,,,,,,
2023-03-16,561220.SH,数字经济ETF工银,20250530,中证诚通国企数字经济指数,中证诚通国企数字经济指数收益率,工银瑞信基金管理有限公司,国信证券股份有限公司,股票型ETF,主题指数ETF,931529.CSI,,,,,,
2023-03-17,561220.SH,数字经济ETF工银,20250530,中证诚通国企数字经济指数,中证诚通国企数字经济指数收益率,工银瑞信基金管理有限公司,国信证券股份有限公司,股票型ETF,主题指数ETF,931529.CSI,,,,,,
2023-03-20,561220.SH,数字经济ETF工银,20250530,中证诚通国企数字经济指数,中证诚通国企数字经济指数收益率,工银瑞信基金管理有限公司,国信证券股份有限公司,股票型ETF,主题指数ETF,931529.CSI,,,,,,
2023-03-21,561220.SH,数字经济ETF工银,20250530,中证诚通国企数字经济指数,中证诚通国企数字经济指数收益率,工银瑞信基金管理有限公司,国信证券股份有限公司,股票型ETF,主题指数ETF,931529.CSI,,,,,,
2023-03-22,561220.SH,数字经济ETF工银,20250530,中证诚通国企数字经济指数,中证诚通国企数字经济指数收益率,工银瑞信基金管理有限公司,国信证券股份有限公司,股票型ETF,主题指数ETF,931529.CSI,,,,,,
2023-03-23,561220.SH,数字经济ETF工银,20250530,中证诚通国企数字经济指数,中证诚通国企数字经济指数收益率,工银瑞信基金管理有限公司,国信证券股份有限公司,股票型ETF,主题指数ETF,931529.CSI,,,,,,
2023-03-24,561220.SH,数字经济ETF工银,20250530,中证诚通国企数字经济指数,中证诚通国企数字经济指数收益率,工银瑞信基金管理有限公司,国信证券股份有限公司,股票型ETF,主题指数ETF,931529.CSI,,,,,,
2023-03-27,561220.SH,数字经济ETF工银,20250530,中证诚通国企数字经济指数,中证诚通国企数字经济指数收益率,工银瑞信基金管理有限公司,国信证券股份有限公司,股票型ETF,主题指数ETF,931529.CSI,,,,,,
2023-03-28,561220.SH,数字经济ETF工银,20250530,中证诚通国企数字经济指数,中证诚通国企数字经济指数收益率,工银瑞信基金管理有限公司,国信证券股份有限公司,股票型ETF,主题指数ETF,931529.CSI,,,,,,
2023-03-29,561220.SH,数字经济ETF工银,20250530,中证诚通国企数字经济指数,中证诚通国企数字经济指数收益率,工银瑞信基金管理有限公司,国信证券股份有限公司,股票型ETF,主题指数ETF,931529.CSI,,,,,,
2023-03-30,561220.SH,数字经济ETF工银,20250530,中证诚通国企数字经济指数,中证诚通国企数字经济指数收益率,工银瑞信基金管理有限公司,国信证券股份有限公司,股票型ETF,主题指数ETF,931529.CSI,,,,,,
2023-03-31,561220.SH,数字经济ETF工银,20250530,中证诚通国企数字经济指数,中证诚通国企数字经济指数收益率,工银瑞信基金管理有限公司,国信证券股份有限公司,股票型ETF,主题指数ETF,931529.CSI,,,,,,
2023-04-03,561220.SH,数字经济ETF工银,20250530,中证诚通国企数字经济指数,中证诚通国企数字经济指数收益率,工银瑞信基金管理有限公司,国信证券股份有限公司,股票型ETF,主题指数ETF,931529.CSI,,,,,,
2023-04-04,561220.SH,数字经济ETF工银,20250530,中证诚通国企数字经济指数,中证诚通国企数字经济指数收益率,工银瑞信基金管理有限公司,国信证券股份有限公司,股票型ETF,主题指数ETF,931529.CSI,,,,,,
2023-04-06,561220.SH,数字经济ETF工银,20250530,中证诚通国企数字经济指数,中证诚通国企数字经济指数收益率,工银瑞信基金管理有限公司,国信证券股份有限公司,股票型ETF,主题指数ETF,931529.CSI,,,,,,
2023-04-07,561220.SH,数字经济ETF工银,20250530,中证诚通国企数字经济指数,中证诚通国企数字经济指数收益率,工银瑞信基金管理有限公司,国信证券股份有限公司,股票型ETF,主题指数ETF,931529.CSI,,,,,,
2023-04-10,561220.SH,数字经济ETF工银,20250530,中证诚通国企数字经济指数,中证诚通国企数字经济指数收益率,工银瑞信基金管理有限公司,国信证券股份有限公司,股票型ETF,主题指数ETF,931529.CSI,,,,,,
2023-04-11,561220.SH,数字经济ETF工银,20250530,中证诚通国企数字经济指数,中证诚通国企数字经济指数收益率,工银瑞信基金管理有限公司,国信证券股份有限公司,股票型ETF,主题指数ETF,931529.CSI,,,,,,
2023-04-12,561220.SH,数字经济ETF工银,20250530,中证诚通国企数字经济指数,中证诚通国企数字经济指数收益率,工银瑞信基金管理有限公司,国信证券股份有限公司,股票型ETF,主题指数ETF,931529.CSI,,,,,,
2023-04-13,561220.SH,数字经济ETF工银,20250530,中证诚通国企数字经济指数,中证诚通国企数字经济指数收益率,工银瑞信基金管理有限公司,国信证券股份有限公司,股票型ETF,主题指数ETF,931529.CSI,,,,,,
2023-04-14,561220.SH,数字经济ETF工银,20250530,中证诚通国企数字经济指数,中证诚通国企数字经济指数收益率,工银瑞信基金管理有限公司,国信证券股份有限公司,股票型ETF,主题指数ETF,931529.CSI,,,,,,
2023-04-17,561220.SH,数字经济ETF工银,20250530,中证诚通国企数字经济指数,中证诚通国企数字经济指数收益率,工银瑞信基金管理有限公司,国信证券股份有限公司,股票型ETF,主题指数ETF,931529.CSI,,,,,,
2023-04-18,561220.SH,数字经济ETF工银,20250530,中证诚通国企数字经济指数,中证诚通国企数字经济指数收益率,工银瑞信基金管理有限公司,国信证券股份有限公司,股票型ETF,主题指数ETF,931529.CSI,,,,,,
2023-04-19,561220.SH,数字经济ETF工银,20250530,中证诚通国企数字经济指数,中证诚通国企数字经济指数收益率,工银瑞信基金管理有限公司,国信证券股份有限公司,股票型ETF,主题指数ETF,931529.CSI,,,,,,
2023-04-20,561220.SH,数字经济ETF工银,20250530,中证诚通国企数字经济指数,中证诚通国企数字经济指数收益率,工银瑞信基金管理有限公司,国信证券股份有限公司,股票型ETF,主题指数ETF,931529.CSI,,,,,,
2023-04-21,561220.SH,数字经济ETF工银,20250530,中证诚通国企数字经济指数,中证诚通国企数字经济指数收益率,工银瑞信基金管理有限公司,国信证券股份有限公司,股票型ETF,主题指数ETF,931529.CSI,,,,,,
2023-04-24,561220.SH,数字经济ETF工银,20250530,中证诚通国企数字经济指数,中证诚通国企数字经济指数收益率,工银瑞信基金管理有限公司,国信证券股份有限公司,股票型ETF,主题指数ETF,931529.CSI,,,,,,
2023-04-25,561220.SH,数字经济ETF工银,20250530,中证诚通国企数字经济指数,中证诚通国企数字经济指数收益率,工银瑞信基金管理有限公司,国信证券股份有限公司,股票型ETF,主题指数ETF,931529.CSI,,,,,,
2023-04-26,561220.SH,数字经济ETF工银,20250530,中证诚通国企数字经济指数,中证诚通国企数字经济指数收益率,工银瑞信基金管理有限公司,国信证券股份有限公司,股票型ETF,主题指数ETF,931529.CSI,,,,,,
2023-04-27,561220.SH,数字经济ETF工银,20250530,中证诚通国企数字经济指数,中证诚通国企数字经济指数收益率,工银瑞信基金管理有限公司,国信证券股份有限公司,股票型ETF,主题指数ETF,931529.CSI,,,,,,
2023-04-28,561220.SH,数字经济ETF工银,20250530,中证诚通国企数字经济指数,中证诚通国企数字经济指数收益率,工银瑞信基金管理有限公司,国信证券股份有限公司,股票型ETF,主题指数ETF,931529.CSI,,,,,,
2023-05-04,561220.SH,数字经济ETF工银,20250530,中证诚通国企数字经济指数,中证诚通国企数字经济指数收益率,工银瑞信基金管理有限公司,国信证券股份有限公司,股票型ETF,主题指数ETF,931529.CSI,,,,,,
2023-05-05,561220.SH,数字经济ETF工银,20250530,中证诚通国企数字经济指数,中证诚通国企数字经济指数收益率,工银瑞信基金管理有限公司,国信证券股份有限公司,股票型ETF,主题指数ETF,931529.CSI,,,,,,
2023-05-08,561220.SH,数字经济ETF工银,20250530,中证诚通国企数字经济指数,中证诚通国企数字经济指数收益率,工银瑞信基金管理有限公司,国信证券股份有限公司,股票型ETF,主题指数ETF,931529.CSI,,,,,,
2023-05-09,561220.SH,数字经济ETF工银,20250530,中证诚通国企数字经济指数,中证诚通国企数字经济指数收益率,工银瑞信基金管理有限公司,国信证券股份有限公司,股票型ETF,主题指数ETF,931529.CSI,,,,,,
2023-05-10,561220.SH,数字经济ETF工银,20250530,中证诚通国企数字经济指数,中证诚通国企数字经济指数收益率,工银瑞信基金管理有限公司,国信证券股份有限公司,股票型ETF,主题指数ETF,931529.CSI,,,,,,
2023-05-11,561220.SH,数字经济ETF工银,20250530,中证诚通国企数字经济指数,中证诚通国企数字经济指数收益率,工银瑞信基金管理有限公司,国信证券股份有限公司,股票型ETF,主题指数ETF,931529.CSI,,,,,,
2023-05-12,561220.SH,数字经济ETF工银,20250530,中证诚通国企数字经济指数,中证诚通国企数字经济指数收益率,工银瑞信基金管理有限公司,国信证券股份有限公司,股票型ETF,主题指数ETF,931529.CSI,,,,,,
2023-05-15,561220.SH,数字经济ETF工银,20250530,中证诚通国企数字经济指数,中证诚通国企数字经济指数收益率,工银瑞信基金管理有限公司,国信证券股份有限公司,股票型ETF,主题指数ETF,931529.CSI,,,,,,
2023-05-16,561220.SH,数字经济ETF工银,20250530,中证诚通国企数字经济指数,中证诚通国企数字经济指数收益率,工银瑞信基金管理有限公司,国信证券股份有限公司,股票型ETF,主题指数ETF,931529.CSI,,,,,,
2023-05-17,561220.SH,数字经济ETF工银,20250530,中证诚通国企数字经济指数,中证诚通国企数字经济指数收益率,工银瑞信基金管理有限公司,国信证券股份有限公司,股票型ETF,主题指数ETF,931529.CSI,,,,,,
2023-05-18,561220.SH,数字经济ETF工银,20250530,中证诚通国企数字经济指数,中证诚通国企数字经济指数收益率,工银瑞信基金管理有限公司,国信证券股份有限公司,股票型ETF,主题指数ETF,931529.CSI,,,,,,
2023-05-19,561220.SH,数字经济ETF工银,20250530,中证诚通国企数字经济指数,中证诚通国企数字经济指数收益率,工银瑞信基金管理有限公司,国信证券股份有限公司,股票型ETF,主题指数ETF,931529.CSI,,,,,,
2023-05-22,561220.SH,数字经济ETF工银,20250530,中证诚通国企数字经济指数,中证诚通国企数字经济指数收益率,工银瑞信基金管理有限公司,国信证券股份有限公司,股票型ETF,主题指数ETF,931529.CSI,,,,,,
2023-05-23,561220.SH,数字经济ETF工银,20250530,中证诚通国企数字经济指数,中证诚通国企数字经济指数收益率,工银瑞信基金管理有限公司,国信证券股份有限公司,股票型ETF,主题指数ETF,931529.CSI,,,,,,
2023-05-24,561220.SH,数字经济ETF工银,20250530,中证诚通国企数字经济指数,中证诚通国企数字经济指数收益率,工银瑞信基金管理有限公司,国信证券股份有限公司,股票型ETF,主题指数ETF,931529.CSI,,,,,,
2023-05-25,561220.SH,数字经济ETF工银,20250530,中证诚通国企数字经济指数,中证诚通国企数字经济指数收益率,工银瑞信基金管理有限公司,国信证券股份有限公司,股票型ETF,主题指数ETF,931529.CSI,,,,,,
2023-05-26,561220.SH,数字经济ETF工银,20250530,中证诚通国企数字经济指数,中证诚通国企数字经济指数收益率,工银瑞信基金管理有限公司,国信证券股份有限公司,股票型ETF,主题指数ETF,931529.CSI,,,,,,
2023-05-29,561220.SH,数字经济ETF工银,20250530,中证诚通国企数字经济指数,中证诚通国企数字经济指数收益率,工银瑞信基金管理有限公司,国信证券股份有限公司,股票型ETF,主题指数ETF,931529.CSI,,,,,,
2023-05-30,561220.SH,数字经济ETF工银,20250530,中证诚通国企数字经济指数,中证诚通国企数字经济指数收益率,工银瑞信基金管理有限公司,国信证券股份有限公司,股票型ETF,主题指数ETF,931529.CSI,,,,,,
2023-05-31,561220.SH,数字经济ETF工银,20250530,中证诚通国企数字经济指数,中证诚通国企数字经济指数收益率,工银瑞信基金管理有限公司,国信证券股份有限公司,股票型ETF,主题指数ETF,931529.CSI,,,,,,
2023-06-01,561220.SH,数字经济ETF工银,20250530,中证诚通国企数字经济指数,中证诚通国企数字经济指数收益率,工银瑞信基金管理有限公司,国信证券股份有限公司,股票型ETF,主题指数ETF,931529.CSI,,,,,,
2023-06-02,561220.SH,数字经济ETF工银,20250530,中证诚通国企数字经济指数,中证诚通国企数字经济指数收益率,工银瑞信基金管理有限公司,国信证券股份有限公司,股票型ETF,主题指数ETF,931529.CSI,,,,,,
2023-06-05,561220.SH,数字经济ETF工银,20250530,中证诚通国企数字经济指数,中证诚通国企数字经济指数收益率,工银瑞信基金管理有限公司,国信证券股份有限公司,股票型ETF,主题指数ETF,931529.CSI,,,,,,
2023-06-06,561220.SH,数字经济ETF工银,20250530,中证诚通国企数字经济指数,中证诚通国企数字经济指数收益率,工银瑞信基金管理有限公司,国信证券股份有限公司,股票型ETF,主题指数ETF,931529.CSI,,,,,,
2023-06-07,561220.SH,数字经济ETF工银,20250530,中证诚通国企数字经济指数,中证诚通国企数字经济指数收益率,工银瑞信基金管理有限公司,国信证券股份有限公司,股票型ETF,主题指数ETF,931529.CSI,,,,,,
2023-06-08,561220.SH,数字经济ETF工银,20250530,中证诚通国企数字经济指数,中证诚通国企数字经济指数收益率,工银瑞信基金管理有限公司,国信证券股份有限公司,股票型ETF,主题指数ETF,931529.CSI,,,,,,
2023-06-09,561220.SH,数字经济ETF工银,20250530,中证诚通国企数字经济指数,中证诚通国企数字经济指数收益率,工银瑞信基金管理有限公司,国信证券股份有限公司,股票型ETF,主题指数ETF,931529.CSI,,,,,,
2023-06-12,561220.SH,数字经济ETF工银,20250530,中证诚通国企数字经济指数,中证诚通国企数字经济指数收益率,工银瑞信基金管理有限公司,国信证券股份有限公司,股票型ETF,主题指数ETF,931529.CSI,,,,,,
2023-06-13,561220.SH,数字经济ETF工银,20250530,中证诚通国企数字经济指数,中证诚通国企数字经济指数收益率,工银瑞信基金管理有限公司,国信证券股份有限公司,股票型ETF,主题指数ETF,931529.CSI,,,,,,
2023-06-14,561220.SH,数字经济ETF工银,20250530,中证诚通国企数字经济指数,中证诚通国企数字经济指数收益率,工银瑞信基金管理有限公司,国信证券股份有限公司,股票型ETF,主题指数ETF,931529.CSI,,,,,,
2023-06-15,561220.SH,数字经济ETF工银,20250530,中证诚通国企数字经济指数,中证诚通国企数字经济指数收益率,工银瑞信基金管理有限公司,国信证券股份有限公司,股票型ETF,主题指数ETF,931529.CSI,,,,,,
2023-06-16,561220.SH,数字经济ETF工银,20250530,中证诚通国企数字经济指数,中证诚通国企数字经济指数收益率,工银瑞信基金管理有限公司,国信证券股份有限公司,股票型ETF,主题指数ETF,931529.CSI,,,,,,
2023-06-19,561220.SH,数字经济ETF工银,20250530,中证诚通国企数字经济指数,中证诚通国企数字经济指数收益率,工银瑞信基金管理有限公司,国信证券股份有限公司,股票型ETF,主题指数ETF,931529.CSI,,,,,,
2023-06-20,561220.SH,数字经济ETF工银,20250530,中证诚通国企数字经济指数,中证诚通国企数字经济指数收益率,工银瑞信基金管理有限公司,国信证券股份有限公司,股票型ETF,主题指数ETF,931529.CSI,,,,,,
2023-06-21,561220.SH,数字经济ETF工银,20250530,中证诚通国企数字经济指数,中证诚通国企数字经济指数收益率,工银瑞信基金管理有限公司,国信证券股份有限公司,股票型ETF,主题指数ETF,931529.CSI,,,,,,
2023-06-26,561220.SH,数字经济ETF工银,20250530,中证诚通国企数字经济指数,中证诚通国企数字经济指数收益率,工银瑞信基金管理有限公司,国信证券股份有限公司,股票型ETF,主题指数ETF,931529.CSI,,,,,,
2023-06-27,561220.SH,数字经济ETF工银,20250530,中证诚通国企数字经济指数,中证诚通国企数字经济指数收益率,工银瑞信基金管理有限公司,国信证券股份有限公司,股票型ETF,主题指数ETF,931529.CSI,,,,,,
2023-06-28,561220.SH,数字经济ETF工银,20250530,中证诚通国企数字经济指数,中证诚通国企数字经济指数收益率,工银瑞信基金管理有限公司,国信证券股份有限公司,股票型ETF,主题指数ETF,931529.CSI,,,,,,
2023-06-29,561220.SH,数字经济ETF工银,20250530,中证诚通国企数字经济指数,中证诚通国企数字经济指数收益率,工银瑞信基金管理有限公司,国信证券股份有限公司,股票型ETF,主题指数ETF,931529.CSI,,,,,,
2023-06-30,561220.SH,数字经济ETF工银,20250530,中证诚通国企数字经济指数,中证诚通国企数字经济指数收益率,工银瑞信基金管理有限公司,国信证券股份有限公司,股票型ETF,主题指数ETF,931529.CSI,,,,,,
2023-07-03,561220.SH,数字经济ETF工银,20250530,中证诚通国企数字经济指数,中证诚通国企数字经济指数收益率,工银瑞信基金管理有限公司,国信证券股份有限公司,股票型ETF,主题指数ETF,931529.CSI,,,,,,
2023-07-04,561220.SH,数字经济ETF工银,20250530,中证诚通国企数字经济指数,中证诚通国企数字经济指数收益率,工银瑞信基金管理有限公司,国信证券股份有限公司,股票型ETF,主题指数ETF,931529.CSI,,,,,,
2023-07-05,561220.SH,数字经济ETF工银,20250530,中证诚通国企数字经济指数,中证诚通国企数字经济指数收益率,工银瑞信基金管理有限公司,国信证券股份有限公司,股票型ETF,主题指数ETF,931529.CSI,,,,,,
2023-07-06,561220.SH,数字经济ETF工银,20250530,中证诚通国企数字经济指数,中证诚通国企数字经济指数收益率,工银瑞信基金管理有限公司,国信证券股份有限公司,股票型ETF,主题指数ETF,931529.CSI,,,,,,
2023-07-07,561220.SH,数字经济ETF工银,20250530,中证诚通国企数字经济指数,中证诚通国企数字经济指数收益率,工银瑞信基金管理有限公司,国信证券股份有限公司,股票型ETF,主题指数ETF,931529.CSI,,,,,,
2023-07-10,561220.SH,数字经济ETF工银,20250530,中证诚通国企数字经济指数,中证诚通国企数字经济指数收益率,工银瑞信基金管理有限公司,国信证券股份有限公司,股票型ETF,主题指数ETF,931529.CSI,,,,,,
2023-07-11,561220.SH,数字经济ETF工银,20250530,中证诚通国企数字经济指数,中证诚通国企数字经济指数收益率,工银瑞信基金管理有限公司,国信证券股份有限公司,股票型ETF,主题指数ETF,931529.CSI,,,,,,
2023-07-12,561220.SH,数字经济ETF工银,20250530,中证诚通国企数字经济指数,中证诚通国企数字经济指数收益率,工银瑞信基金管理有限公司,国信证券股份有限公司,股票型ETF,主题指数ETF,931529.CSI,,,,,,
2023-07-13,561220.SH,数字经济ETF工银,20250530,中证诚通国企数字经济指数,中证诚通国企数字经济指数收益率,工银瑞信基金管理有限公司,国信证券股份有限公司,股票型ETF,主题指数ETF,931529.CSI,,,,,,
2023-07-14,561220.SH,数字经济ETF工银,20250530,中证诚通国企数字经济指数,中证诚通国企数字经济指数收益率,工银瑞信基金管理有限公司,国信证券股份有限公司,股票型ETF,主题指数ETF,931529.CSI,,,,,,
2023-07-17,561220.SH,数字经济ETF工银,20250530,中证诚通国企数字经济指数,中证诚通国企数字经济指数收益率,工银瑞信基金管理有限公司,国信证券股份有限公司,股票型ETF,主题指数ETF,931529.CSI,,,,,,
2023-07-18,561220.SH,数字经济ETF工银,20250530,中证诚通国企数字经济指数,中证诚通国企数字经济指数收益率,工银瑞信基金管理有限公司,国信证券股份有限公司,股票型ETF,主题指数ETF,931529.CSI,,,,,,
2023-07-19,561220.SH,数字经济ETF工银,20250530,中证诚通国企数字经济指数,中证诚通国企数字经济指数收益率,工银瑞信基金管理有限公司,国信证券股份有限公司,股票型ETF,主题指数ETF,931529.CSI,,,,,,
2023-07-20,561220.SH,数字经济ETF工银,20250530,中证诚通国企数字经济指数,中证诚通国企数字经济指数收益率,工银瑞信基金管理有限公司,国信证券股份有限公司,股票型ETF,主题指数ETF,931529.CSI,,,,,,
2023-07-21,561220.SH,数字经济ETF工银,20250530,中证诚通国企数字经济指数,中证诚通国企数字经济指数收益率,工银瑞信基金管理有限公司,国信证券股份有限公司,股票型ETF,主题指数ETF,931529.CSI,,,,,,
2023-07-24,561220.SH,数字经济ETF工银,20250530,中证诚通国企数字经济指数,中证诚通国企数字经济指数收益率,工银瑞信基金管理有限公司,国信证券股份有限公司,股票型ETF,主题指数ETF,931529.CSI,,,,,,
2023-07-25,561220.SH,数字经济ETF工银,20250530,中证诚通国企数字经济指数,中证诚通国企数字经济指数收益率,工银瑞信基金管理有限公司,国信证券股份有限公司,股票型ETF,主题指数ETF,931529.CSI,,,,,,
2023-07-26,561220.SH,数字经济ETF工银,20250530,中证诚通国企数字经济指数,中证诚通国企数字经济指数收益率,工银瑞信基金管理有限公司,国信证券股份有限公司,股票型ETF,主题指数ETF,931529.CSI,,,,,,
2023-07-27,561220.SH,数字经济ETF工银,20250530,中证诚通国企数字经济指数,中证诚通国企数字经济指数收益率,工银瑞信基金管理有限公司,国信证券股份有限公司,股票型ETF,主题指数ETF,931529.CSI,,,,,,
2023-07-28,561220.SH,数字经济ETF工银,20250530,中证诚通国企数字经济指数,中证诚通国企数字经济指数收益率,工银瑞信基金管理有限公司,国信证券股份有限公司,股票型ETF,主题指数ETF,931529.CSI,,,,,,
2023-07-31,561220.SH,数字经济ETF工银,20250530,中证诚通国企数字经济指数,中证诚通国企数字经济指数收益率,工银瑞信基金管理有限公司,国信证券股份有限公司,股票型ETF,主题指数ETF,931529.CSI,,,,,,
2023-08-01,561220.SH,数字经济ETF工银,20250530,中证诚通国企数字经济指数,中证诚通国企数字经济指数收益率,工银瑞信基金管理有限公司,国信证券股份有限公司,股票型ETF,主题指数ETF,931529.CSI,,,,,,
2023-08-02,561220.SH,数字经济ETF工银,20250530,中证诚通国企数字经济指数,中证诚通国企数字经济指数收益率,工银瑞信基金管理有限公司,国信证券股份有限公司,股票型ETF,主题指数ETF,931529.CSI,,,,,,
2023-08-03,561220.SH,数字经济ETF工银,20250530,中证诚通国企数字经济指数,中证诚通国企数字经济指数收益率,工银瑞信基金管理有限公司,国信证券股份有限公司,股票型ETF,主题指数ETF,931529.CSI,,,,,,
2023-08-04,561220.SH,数字经济ETF工银,20250530,中证诚通国企数字经济指数,中证诚通国企数字经济指数收益率,工银瑞信基金管理有限公司,国信证券股份有限公司,股票型ETF,主题指数ETF,931529.CSI,,,,,,
2023-08-07,561220.SH,数字经济ETF工银,20250530,中证诚通国企数字经济指数,中证诚通国企数字经济指数收益率,工银瑞信基金管理有限公司,国信证券股份有限公司,股票型ETF,主题指数ETF,931529.CSI,,,,,,
2023-08-08,561220.SH,数字经济ETF工银,20250530,中证诚通国企数字经济指数,中证诚通国企数字经济指数收益率,工银瑞信基金管理有限公司,国信证券股份有限公司,股票型ETF,主题指数ETF,931529.CSI,,,,,,
2023-08-09,561220.SH,数字经济ETF工银,20250530,中证诚通国企数字经济指数,中证诚通国企数字经济指数收益率,工银瑞信基金管理有限公司,国信证券股份有限公司,股票型ETF,主题指数ETF,931529.CSI,,,,,,
2023-08-10,561220.SH,数字经济ETF工银,20250530,中证诚通国企数字经济指数,中证诚通国企数字经济指数收益率,工银瑞信基金管理有限公司,国信证券股份有限公司,股票型ETF,主题指数ETF,931529.CSI,,,,,,
2023-08-11,561220.SH,数字经济ETF工银,20250530,中证诚通国企数字经济指数,中证诚通国企数字经济指数收益率,工银瑞信基金管理有限公司,国信证券股份有限公司,股票型ETF,主题指数ETF,931529.CSI,,,,,,
2023-08-14,561220.SH,数字经济ETF工银,20250530,中证诚通国企数字经济指数,中证诚通国企数字经济指数收益率,工银瑞信基金管理有限公司,国信证券股份有限公司,股票型ETF,主题指数ETF,931529.CSI,,,,,,
2023-08-15,561220.SH,数字经济ETF工银,20250530,中证诚通国企数字经济指数,中证诚通国企数字经济指数收益率,工银瑞信基金管理有限公司,国信证券股份有限公司,股票型ETF,主题指数ETF,931529.CSI,,,,,,
2023-08-16,561220.SH,数字经济ETF工银,20250530,中证诚通国企数字经济指数,中证诚通国企数字经济指数收益率,工银瑞信基金管理有限公司,国信证券股份有限公司,股票型ETF,主题指数ETF,931529.CSI,,,,,,
2023-08-17,561220.SH,数字经济ETF工银,20250530,中证诚通国企数字经济指数,中证诚通国企数字经济指数收益率,工银瑞信基金管理有限公司,国信证券股份有限公司,股票型ETF,主题指数ETF,931529.CSI,,,,,,
2023-08-18,561220.SH,数字经济ETF工银,20250530,中证诚通国企数字经济指数,中证诚通国企数字经济指数收益率,工银瑞信基金管理有限公司,国信证券股份有限公司,股票型ETF,主题指数ETF,931529.CSI,,,,,,
2023-08-21,561220.SH,数字经济ETF工银,20250530,中证诚通国企数字经济指数,中证诚通国企数字经济指数收益率,工银瑞信基金管理有限公司,国信证券股份有限公司,股票型ETF,主题指数ETF,931529.CSI,,,,,,
2023-08-22,561220.SH,数字经济ETF工银,20250530,中证诚通国企数字经济指数,中证诚通国企数字经济指数收益率,工银瑞信基金管理有限公司,国信证券股份有限公司,股票型ETF,主题指数ETF,931529.CSI,,,,,,
2023-08-23,561220.SH,数字经济ETF工银,20250530,中证诚通国企数字经济指数,中证诚通国企数字经济指数收益率,工银瑞信基金管理有限公司,国信证券股份有限公司,股票型ETF,主题指数ETF,931529.CSI,,,,,,
2023-08-24,561220.SH,数字经济ETF工银,20250530,中证诚通国企数字经济指数,中证诚通国企数字经济指数收益率,工银瑞信基金管理有限公司,国信证券股份有限公司,股票型ETF,主题指数ETF,931529.CSI,,,,,,
2023-08-25,561220.SH,数字经济ETF工银,20250530,中证诚通国企数字经济指数,中证诚通国企数字经济指数收益率,工银瑞信基金管理有限公司,国信证券股份有限公司,股票型ETF,主题指数ETF,931529.CSI,,,,,,
2023-08-28,561220.SH,数字经济ETF工银,20250530,中证诚通国企数字经济指数,中证诚通国企数字经济指数收益率,工银瑞信基金管理有限公司,国信证券股份有限公司,股票型ETF,主题指数ETF,931529.CSI,,,,,,
2023-08-29,561220.SH,数字经济ETF工银,20250530,中证诚通国企数字经济指数,中证诚通国企数字经济指数收益率,工银瑞信基金管理有限公司,国信证券股份有限公司,股票型ETF,主题指数ETF,931529.CSI,,,,,,
2023-08-30,561220.SH,数字经济ETF工银,20250530,中证诚通国企数字经济指数,中证诚通国企数字经济指数收益率,工银瑞信基金管理有限公司,国信证券股份有限公司,股票型ETF,主题指数ETF,931529.CSI,,,,,,
2023-08-31,561220.SH,数字经济ETF工银,20250530,中证诚通国企数字经济指数,中证诚通国企数字经济指数收益率,工银瑞信基金管理有限公司,国信证券股份有限公司,股票型ETF,主题指数ETF,931529.CSI,,,,,,
2023-09-01,561220.SH,数字经济ETF工银,20250530,中证诚通国企数字经济指数,中证诚通国企数字经济指数收益率,工银瑞信基金管理有限公司,国信证券股份有限公司,股票型ETF,主题指数ETF,931529.CSI,,,,,,
2023-09-04,561220.SH,数字经济ETF工银,20250530,中证诚通国企数字经济指数,中证诚通国企数字经济指数收益率,工银瑞信基金管理有限公司,国信证券股份有限公司,股票型ETF,主题指数ETF,931529.CSI,,,,,,
2023-09-05,561220.SH,数字经济ETF工银,20250530,中证诚通国企数字经济指数,中证诚通国企数字经济指数收益率,工银瑞信基金管理有限公司,国信证券股份有限公司,股票型ETF,主题指数ETF,931529.CSI,,,,,,
2023-09-06,561220.SH,数字经济ETF工银,20250530,中证诚通国企数字经济指数,中证诚通国企数字经济指数收益率,工银瑞信基金管理有限公司,国信证券股份有限公司,股票型ETF,主题指数ETF,931529.CSI,,,,,,
2023-09-07,561220.SH,数字经济ETF工银,20250530,中证诚通国企数字经济指数,中证诚通国企数字经济指数收益率,工银瑞信基金管理有限公司,国信证券股份有限公司,股票型ETF,主题指数ETF,931529.CSI,,,,,,
2023-09-08,561220.SH,数字经济ETF工银,20250530,中证诚通国企数字经济指数,中证诚通国企数字经济指数收益率,工银瑞信基金管理有限公司,国信证券股份有限公司,股票型ETF,主题指数ETF,931529.CSI,,,,,,
2023-09-11,561220.SH,数字经济ETF工银,20250530,中证诚通国企数字经济指数,中证诚通国企数字经济指数收益率,工银瑞信基金管理有限公司,国信证券股份有限公司,股票型ETF,主题指数ETF,931529.CSI,,,,,,
2023-09-12,561220.SH,数字经济ETF工银,20250530,中证诚通国企数字经济指数,中证诚通国企数字经济指数收益率,工银瑞信基金管理有限公司,国信证券股份有限公司,股票型ETF,主题指数ETF,931529.CSI,,,,,,
2023-09-13,561220.SH,数字经济ETF工银,20250530,中证诚通国企数字经济指数,中证诚通国企数字经济指数收益率,工银瑞信基金管理有限公司,国信证券股份有限公司,股票型ETF,主题指数ETF,931529.CSI,,,,,,
2023-09-14,561220.SH,数字经济ETF工银,20250530,中证诚通国企数字经济指数,中证诚通国企数字经济指数收益率,工银瑞信基金管理有限公司,国信证券股份有限公司,股票型ETF,主题指数ETF,931529.CSI,,,,,,
2023-09-15,561220.SH,数字经济ETF工银,20250530,中证诚通国企数字经济指数,中证诚通国企数字经济指数收益率,工银瑞信基金管理有限公司,国信证券股份有限公司,股票型ETF,主题指数ETF,931529.CSI,,,,,,
2023-09-18,561220.SH,数字经济ETF工银,20250530,中证诚通国企数字经济指数,中证诚通国企数字经济指数收益率,工银瑞信基金管理有限公司,国信证券股份有限公司,股票型ETF,主题指数ETF,931529.CSI,,,,,,
2023-09-19,561220.SH,数字经济ETF工银,20250530,中证诚通国企数字经济指数,中证诚通国企数字经济指数收益率,工银瑞信基金管理有限公司,国信证券股份有限公司,股票型ETF,主题指数ETF,931529.CSI,,,,,,
2023-09-20,561220.SH,数字经济ETF工银,20250530,中证诚通国企数字经济指数,中证诚通国企数字经济指数收益率,工银瑞信基金管理有限公司,国信证券股份有限公司,股票型ETF,主题指数ETF,931529.CSI,,,,,,
2023-09-21,561220.SH,数字经济ETF工银,20250530,中证诚通国企数字经济指数,中证诚通国企数字经济指数收益率,工银瑞信基金管理有限公司,国信证券股份有限公司,股票型ETF,主题指数ETF,931529.CSI,,,,,,
2023-09-22,561220.SH,数字经济ETF工银,20250530,中证诚通国企数字经济指数,中证诚通国企数字经济指数收益率,工银瑞信基金管理有限公司,国信证券股份有限公司,股票型ETF,主题指数ETF,931529.CSI,,,,,,
2023-09-25,561220.SH,数字经济ETF工银,20250530,中证诚通国企数字经济指数,中证诚通国企数字经济指数收益率,工银瑞信基金管理有限公司,国信证券股份有限公司,股票型ETF,主题指数ETF,931529.CSI,,,,,,
2023-09-26,561220.SH,数字经济ETF工银,20250530,中证诚通国企数字经济指数,中证诚通国企数字经济指数收益率,工银瑞信基金管理有限公司,国信证券股份有限公司,股票型ETF,主题指数ETF,931529.CSI,,,,,,
2023-09-27,561220.SH,数字经济ETF工银,20250530,中证诚通国企数字经济指数,中证诚通国企数字经济指数收益率,工银瑞信基金管理有限公司,国信证券股份有限公司,股票型ETF,主题指数ETF,931529.CSI,,,,,,
2023-09-28,561220.SH,数字经济ETF工银,20250530,中证诚通国企数字经济指数,中证诚通国企数字经济指数收益率,工银瑞信基金管理有限公司,国信证券股份有限公司,股票型ETF,主题指数ETF,931529.CSI,,,,,,
2023-10-09,561220.SH,数字经济ETF工银,20250530,中证诚通国企数字经济指数,中证诚通国企数字经济指数收益率,工银瑞信基金管理有限公司,国信证券股份有限公司,股票型ETF,主题指数ETF,931529.CSI,,,,,,
2023-10-10,561220.SH,数字经济ETF工银,20250530,中证诚通国企数字经济指数,中证诚通国企数字经济指数收益率,工银瑞信基金管理有限公司,国信证券股份有限公司,股票型ETF,主题指数ETF,931529.CSI,,,,,,
2023-10-11,561220.SH,数字经济ETF工银,20250530,中证诚通国企数字经济指数,中证诚通国企数字经济指数收益率,工银瑞信基金管理有限公司,国信证券股份有限公司,股票型ETF,主题指数ETF,931529.CSI,,,,,,
2023-10-12,561220.SH,数字经济ETF工银,20250530,中证诚通国企数字经济指数,中证诚通国企数字经济指数收益率,工银瑞信基金管理有限公司,国信证券股份有限公司,股票型ETF,主题指数ETF,931529.CSI,,,,,,
2023-10-13,561220.SH,数字经济ETF工银,20250530,中证诚通国企数字经济指数,中证诚通国企数字经济指数收益率,工银瑞信基金管理有限公司,国信证券股份有限公司,股票型ETF,主题指数ETF,931529.CSI,,,,,,
2023-10-16,561220.SH,数字经济ETF工银,20250530,中证诚通国企数字经济指数,中证诚通国企数字经济指数收益率,工银瑞信基金管理有限公司,国信证券股份有限公司,股票型ETF,主题指数ETF,931529.CSI,,,,,,
2023-10-17,561220.SH,数字经济ETF工银,20250530,中证诚通国企数字经济指数,中证诚通国企数字经济指数收益率,工银瑞信基金管理有限公司,国信证券股份有限公司,股票型ETF,主题指数ETF,931529.CSI,,,,,,
2023-10-18,561220.SH,数字经济ETF工银,20250530,中证诚通国企数字经济指数,中证诚通国企数字经济指数收益率,工银瑞信基金管理有限公司,国信证券股份有限公司,股票型ETF,主题指数ETF,931529.CSI,,,,,,
2023-10-19,561220.SH,数字经济ETF工银,20250530,中证诚通国企数字经济指数,中证诚通国企数字经济指数收益率,工银瑞信基金管理有限公司,国信证券股份有限公司,股票型ETF,主题指数ETF,931529.CSI,,,,,,
2023-10-20,561220.SH,数字经济ETF工银,20250530,中证诚通国企数字经济指数,中证诚通国企数字经济指数收益率,工银瑞信基金管理有限公司,国信证券股份有限公司,股票型ETF,主题指数ETF,931529.CSI,,,,,,
2023-10-23,561220.SH,数字经济ETF工银,20250530,中证诚通国企数字经济指数,中证诚通国企数字经济指数收益率,工银瑞信基金管理有限公司,国信证券股份有限公司,股票型ETF,主题指数ETF,931529.CSI,,,,,,
2023-10-24,561220.SH,数字经济ETF工银,20250530,中证诚通国企数字经济指数,中证诚通国企数字经济指数收益率,工银瑞信基金管理有限公司,国信证券股份有限公司,股票型ETF,主题指数ETF,931529.CSI,,,,,,
2023-10-25,561220.SH,数字经济ETF工银,20250530,中证诚通国企数字经济指数,中证诚通国企数字经济指数收益率,工银瑞信基金管理有限公司,国信证券股份有限公司,股票型ETF,主题指数ETF,931529.CSI,,,,,,
2023-10-26,561220.SH,数字经济ETF工银,20250530,中证诚通国企数字经济指数,中证诚通国企数字经济指数收益率,工银瑞信基金管理有限公司,国信证券股份有限公司,股票型ETF,主题指数ETF,931529.CSI,,,,,,
2023-10-27,561220.SH,数字经济ETF工银,20250530,中证诚通国企数字经济指数,中证诚通国企数字经济指数收益率,工银瑞信基金管理有限公司,国信证券股份有限公司,股票型ETF,主题指数ETF,931529.CSI,,,,,,
2023-10-30,561220.SH,数字经济ETF工银,20250530,中证诚通国企数字经济指数,中证诚通国企数字经济指数收益率,工银瑞信基金管理有限公司,国信证券股份有限公司,股票型ETF,主题指数ETF,931529.CSI,,,,,,
2023-10-31,561220.SH,数字经济ETF工银,20250530,中证诚通国企数字经济指数,中证诚通国企数字经济指数收益率,工银瑞信基金管理有限公司,国信证券股份有限公司,股票型ETF,主题指数ETF,931529.CSI,,,,,,
2023-11-01,561220.SH,数字经济ETF工银,20250530,中证诚通国企数字经济指数,中证诚通国企数字经济指数收益率,工银瑞信基金管理有限公司,国信证券股份有限公司,股票型ETF,主题指数ETF,931529.CSI,,,,,,
2023-11-02,561220.SH,数字经济ETF工银,20250530,中证诚通国企数字经济指数,中证诚通国企数字经济指数收益率,工银瑞信基金管理有限公司,国信证券股份有限公司,股票型ETF,主题指数ETF,931529.CSI,,,,,,
2023-11-03,561220.SH,数字经济ETF工银,20250530,中证诚通国企数字经济指数,中证诚通国企数字经济指数收益率,工银瑞信基金管理有限公司,国信证券股份有限公司,股票型ETF,主题指数ETF,931529.CSI,,,,,,
2023-11-06,561220.SH,数字经济ETF工银,20250530,中证诚通国企数字经济指数,中证诚通国企数字经济指数收益率,工银瑞信基金管理有限公司,国信证券股份有限公司,股票型ETF,主题指数ETF,931529.CSI,,,,,,
2023-11-07,561220.SH,数字经济ETF工银,20250530,中证诚通国企数字经济指数,中证诚通国企数字经济指数收益率,工银瑞信基金管理有限公司,国信证券股份有限公司,股票型ETF,主题指数ETF,931529.CSI,,,,,,
2023-11-08,561220.SH,数字经济ETF工银,20250530,中证诚通国企数字经济指数,中证诚通国企数字经济指数收益率,工银瑞信基金管理有限公司,国信证券股份有限公司,股票型ETF,主题指数ETF,931529.CSI,,,,,,
2023-11-09,561220.SH,数字经济ETF工银,20250530,中证诚通国企数字经济指数,中证诚通国企数字经济指数收益率,工银瑞信基金管理有限公司,国信证券股份有限公司,股票型ETF,主题指数ETF,931529.CSI,,,,,,
2023-11-10,561220.SH,数字经济ETF工银,20250530,中证诚通国企数字经济指数,中证诚通国企数字经济指数收益率,工银瑞信基金管理有限公司,国信证券股份有限公司,股票型ETF,主题指数ETF,931529.CSI,,,,,,
2023-11-13,561220.SH,数字经济ETF工银,20250530,中证诚通国企数字经济指数,中证诚通国企数字经济指数收益率,工银瑞信基金管理有限公司,国信证券股份有限公司,股票型ETF,主题指数ETF,931529.CSI,,,,,,
2023-11-14,561220.SH,数字经济ETF工银,20250530,中证诚通国企数字经济指数,中证诚通国企数字经济指数收益率,工银瑞信基金管理有限公司,国信证券股份有限公司,股票型ETF,主题指数ETF,931529.CSI,,,,,,
2023-11-15,561220.SH,数字经济ETF工银,20250530,中证诚通国企数字经济指数,中证诚通国企数字经济指数收益率,工银瑞信基金管理有限公司,国信证券股份有限公司,股票型ETF,主题指数ETF,931529.CSI,,,,,,
2023-11-16,561220.SH,数字经济ETF工银,20250530,中证诚通国企数字经济指数,中证诚通国企数字经济指数收益率,工银瑞信基金管理有限公司,国信证券股份有限公司,股票型ETF,主题指数ETF,931529.CSI,,,,,,
2023-11-17,561220.SH,数字经济ETF工银,20250530,中证诚通国企数字经济指数,中证诚通国企数字经济指数收益率,工银瑞信基金管理有限公司,国信证券股份有限公司,股票型ETF,主题指数ETF,931529.CSI,,,,,,
2023-11-20,561220.SH,数字经济ETF工银,20250530,中证诚通国企数字经济指数,中证诚通国企数字经济指数收益率,工银瑞信基金管理有限公司,国信证券股份有限公司,股票型ETF,主题指数ETF,931529.CSI,,,,,,
2023-11-21,561220.SH,数字经济ETF工银,20250530,中证诚通国企数字经济指数,中证诚通国企数字经济指数收益率,工银瑞信基金管理有限公司,国信证券股份有限公司,股票型ETF,主题指数ETF,931529.CSI,,,,,,
2023-11-22,561220.SH,数字经济ETF工银,20250530,中证诚通国企数字经济指数,中证诚通国企数字经济指数收益率,工银瑞信基金管理有限公司,国信证券股份有限公司,股票型ETF,主题指数ETF,931529.CSI,,,,,,
2023-11-23,561220.SH,数字经济ETF工银,20250530,中证诚通国企数字经济指数,中证诚通国企数字经济指数收益率,工银瑞信基金管理有限公司,国信证券股份有限公司,股票型ETF,主题指数ETF,931529.CSI,,,,,,
2023-11-24,561220.SH,数字经济ETF工银,20250530,中证诚通国企数字经济指数,中证诚通国企数字经济指数收益率,工银瑞信基金管理有限公司,国信证券股份有限公司,股票型ETF,主题指数ETF,931529.CSI,,,,,,
2023-11-27,561220.SH,数字经济ETF工银,20250530,中证诚通国企数字经济指数,中证诚通国企数字经济指数收益率,工银瑞信基金管理有限公司,国信证券股份有限公司,股票型ETF,主题指数ETF,931529.CSI,,,,,,
2023-11-28,561220.SH,数字经济ETF工银,20250530,中证诚通国企数字经济指数,中证诚通国企数字经济指数收益率,工银瑞信基金管理有限公司,国信证券股份有限公司,股票型ETF,主题指数ETF,931529.CSI,,,,,,
2023-11-29,561220.SH,数字经济ETF工银,20250530,中证诚通国企数字经济指数,中证诚通国企数字经济指数收益率,工银瑞信基金管理有限公司,国信证券股份有限公司,股票型ETF,主题指数ETF,931529.CSI,,,,,,
2023-11-30,561220.SH,数字经济ETF工银,20250530,中证诚通国企数字经济指数,中证诚通国企数字经济指数收益率,工银瑞信基金管理有限公司,国信证券股份有限公司,股票型ETF,主题指数ETF,931529.CSI,,,,,,
2023-12-01,561220.SH,数字经济ETF工银,20250530,中证诚通国企数字经济指数,中证诚通国企数字经济指数收益率,工银瑞信基金管理有限公司,国信证券股份有限公司,股票型ETF,主题指数ETF,931529.CSI,,,,,,
2023-12-04,561220.SH,数字经济ETF工银,20250530,中证诚通国企数字经济指数,中证诚通国企数字经济指数收益率,工银瑞信基金管理有限公司,国信证券股份有限公司,股票型ETF,主题指数ETF,931529.CSI,,,,,,
2023-12-05,561220.SH,数字经济ETF工银,20250530,中证诚通国企数字经济指数,中证诚通国企数字经济指数收益率,工银瑞信基金管理有限公司,国信证券股份有限公司,股票型ETF,主题指数ETF,931529.CSI,,,,,,
2023-12-06,561220.SH,数字经济ETF工银,20250530,中证诚通国企数字经济指数,中证诚通国企数字经济指数收益率,工银瑞信基金管理有限公司,国信证券股份有限公司,股票型ETF,主题指数ETF,931529.CSI,,,,,,
2023-12-07,561220.SH,数字经济ETF工银,20250530,中证诚通国企数字经济指数,中证诚通国企数字经济指数收益率,工银瑞信基金管理有限公司,国信证券股份有限公司,股票型ETF,主题指数ETF,931529.CSI,,,,,,
2023-12-08,561220.SH,数字经济ETF工银,20250530,中证诚通国企数字经济指数,中证诚通国企数字经济指数收益率,工银瑞信基金管理有限公司,国信证券股份有限公司,股票型ETF,主题指数ETF,931529.CSI,,,,,,
2023-12-11,561220.SH,数字经济ETF工银,20250530,中证诚通国企数字经济指数,中证诚通国企数字经济指数收益率,工银瑞信基金管理有限公司,国信证券股份有限公司,股票型ETF,主题指数ETF,931529.CSI,,,,,,
2023-12-12,561220.SH,数字经济ETF工银,20250530,中证诚通国企数字经济指数,中证诚通国企数字经济指数收益率,工银瑞信基金管理有限公司,国信证券股份有限公司,股票型ETF,主题指数ETF,931529.CSI,,,,,,
2023-12-13,561220.SH,数字经济ETF工银,20250530,中证诚通国企数字经济指数,中证诚通国企数字经济指数收益率,工银瑞信基金管理有限公司,国信证券股份有限公司,股票型ETF,主题指数ETF,931529.CSI,,,,,,
2023-12-14,561220.SH,数字经济ETF工银,20250530,中证诚通国企数字经济指数,中证诚通国企数字经济指数收益率,工银瑞信基金管理有限公司,国信证券股份有限公司,股票型ETF,主题指数ETF,931529.CSI,,,,,,
2023-12-15,561220.SH,数字经济ETF工银,20250530,中证诚通国企数字经济指数,中证诚通国企数字经济指数收益率,工银瑞信基金管理有限公司,国信证券股份有限公司,股票型ETF,主题指数ETF,931529.CSI,,,,,,
2023-12-18,561220.SH,数字经济ETF工银,20250530,中证诚通国企数字经济指数,中证诚通国企数字经济指数收益率,工银瑞信基金管理有限公司,国信证券股份有限公司,股票型ETF,主题指数ETF,931529.CSI,,,,,,
2023-12-19,561220.SH,数字经济ETF工银,20250530,中证诚通国企数字经济指数,中证诚通国企数字经济指数收益率,工银瑞信基金管理有限公司,国信证券股份有限公司,股票型ETF,主题指数ETF,931529.CSI,,,,,,
2023-12-20,561220.SH,数字经济ETF工银,20250530,中证诚通国企数字经济指数,中证诚通国企数字经济指数收益率,工银瑞信基金管理有限公司,国信证券股份有限公司,股票型ETF,主题指数ETF,931529.CSI,,,,,,
2023-12-21,561220.SH,数字经济ETF工银,20250530,中证诚通国企数字经济指数,中证诚通国企数字经济指数收益率,工银瑞信基金管理有限公司,国信证券股份有限公司,股票型ETF,主题指数ETF,931529.CSI,,,,,,
2023-12-22,561220.SH,数字经济ETF工银,20250530,中证诚通国企数字经济指数,中证诚通国企数字经济指数收益率,工银瑞信基金管理有限公司,国信证券股份有限公司,股票型ETF,主题指数ETF,931529.CSI,,,,,,
2023-12-25,561220.SH,数字经济ETF工银,20250530,中证诚通国企数字经济指数,中证诚通国企数字经济指数收益率,工银瑞信基金管理有限公司,国信证券股份有限公司,股票型ETF,主题指数ETF,931529.CSI,,,,,,
2023-12-26,561220.SH,数字经济ETF工银,20250530,中证诚通国企数字经济指数,中证诚通国企数字经济指数收益率,工银瑞信基金管理有限公司,国信证券股份有限公司,股票型ETF,主题指数ETF,931529.CSI,,,,,,
2023-12-27,561220.SH,数字经济ETF工银,20250530,中证诚通国企数字经济指数,中证诚通国企数字经济指数收益率,工银瑞信基金管理有限公司,国信证券股份有限公司,股票型ETF,主题指数ETF,931529.CSI,,,,,,
2023-12-28,561220.SH,数字经济ETF工银,20250530,中证诚通国企数字经济指数,中证诚通国企数字经济指数收益率,工银瑞信基金管理有限公司,国信证券股份有限公司,股票型ETF,主题指数ETF,931529.CSI,,,,,,
2023-12-29,561220.SH,数字经济ETF工银,20250530,中证诚通国企数字经济指数,中证诚通国企数字经济指数收益率,工银瑞信基金管理有限公司,国信证券股份有限公司,股票型ETF,主题指数ETF,931529.CSI,,,,,,
2024-01-02,561220.SH,数字经济ETF工银,20250530,中证诚通国企数字经济指数,中证诚通国企数字经济指数收益率,工银瑞信基金管理有限公司,国信证券股份有限公司,股票型ETF,主题指数ETF,931529.CSI,,,,,,
2024-01-03,561220.SH,数字经济ETF工银,20250530,中证诚通国企数字经济指数,中证诚通国企数字经济指数收益率,工银瑞信基金管理有限公司,国信证券股份有限公司,股票型ETF,主题指数ETF,931529.CSI,,,,,,
2024-01-04,561220.SH,数字经济ETF工银,20250530,中证诚通国企数字经济指数,中证诚通国企数字经济指数收益率,工银瑞信基金管理有限公司,国信证券股份有限公司,股票型ETF,主题指数ETF,931529.CSI,,,,,,
2024-01-05,561220.SH,数字经济ETF工银,20250530,中证诚通国企数字经济指数,中证诚通国企数字经济指数收益率,工银瑞信基金管理有限公司,国信证券股份有限公司,股票型ETF,主题指数ETF,931529.CSI,,,,,,
2024-01-08,561220.SH,数字经济ETF工银,20250530,中证诚通国企数字经济指数,中证诚通国企数字经济指数收益率,工银瑞信基金管理有限公司,国信证券股份有限公司,股票型ETF,主题指数ETF,931529.CSI,,,,,,
2024-01-09,561220.SH,数字经济ETF工银,20250530,中证诚通国企数字经济指数,中证诚通国企数字经济指数收益率,工银瑞信基金管理有限公司,国信证券股份有限公司,股票型ETF,主题指数ETF,931529.CSI,,,,,,
2024-01-10,561220.SH,数字经济ETF工银,20250530,中证诚通国企数字经济指数,中证诚通国企数字经济指数收益率,工银瑞信基金管理有限公司,国信证券股份有限公司,股票型ETF,主题指数ETF,931529.CSI,,,,,,
2024-01-11,561220.SH,数字经济ETF工银,20250530,中证诚通国企数字经济指数,中证诚通国企数字经济指数收益率,工银瑞信基金管理有限公司,国信证券股份有限公司,股票型ETF,主题指数ETF,931529.CSI,,,,,,
2024-01-12,561220.SH,数字经济ETF工银,20250530,中证诚通国企数字经济指数,中证诚通国企数字经济指数收益率,工银瑞信基金管理有限公司,国信证券股份有限公司,股票型ETF,主题指数ETF,931529.CSI,,,,,,
2024-01-15,561220.SH,数字经济ETF工银,20250530,中证诚通国企数字经济指数,中证诚通国企数字经济指数收益率,工银瑞信基金管理有限公司,国信证券股份有限公司,股票型ETF,主题指数ETF,931529.CSI,,,,,,
2024-01-16,561220.SH,数字经济ETF工银,20250530,中证诚通国企数字经济指数,中证诚通国企数字经济指数收益率,工银瑞信基金管理有限公司,国信证券股份有限公司,股票型ETF,主题指数ETF,931529.CSI,,,,,,
2024-01-17,561220.SH,数字经济ETF工银,20250530,中证诚通国企数字经济指数,中证诚通国企数字经济指数收益率,工银瑞信基金管理有限公司,国信证券股份有限公司,股票型ETF,主题指数ETF,931529.CSI,,,,,,
2024-01-18,561220.SH,数字经济ETF工银,20250530,中证诚通国企数字经济指数,中证诚通国企数字经济指数收益率,工银瑞信基金管理有限公司,国信证券股份有限公司,股票型ETF,主题指数ETF,931529.CSI,,,,,,
2024-01-19,561220.SH,数字经济ETF工银,20250530,中证诚通国企数字经济指数,中证诚通国企数字经济指数收益率,工银瑞信基金管理有限公司,国信证券股份有限公司,股票型ETF,主题指数ETF,931529.CSI,,,,,,
2024-01-22,561220.SH,数字经济ETF工银,20250530,中证诚通国企数字经济指数,中证诚通国企数字经济指数收益率,工银瑞信基金管理有限公司,国信证券股份有限公司,股票型ETF,主题指数ETF,931529.CSI,,,,,,
2024-01-23,561220.SH,数字经济ETF工银,20250530,中证诚通国企数字经济指数,中证诚通国企数字经济指数收益率,工银瑞信基金管理有限公司,国信证券股份有限公司,股票型ETF,主题指数ETF,931529.CSI,,,,,,
2024-01-24,561220.SH,数字经济ETF工银,20250530,中证诚通国企数字经济指数,中证诚通国企数字经济指数收益率,工银瑞信基金管理有限公司,国信证券股份有限公司,股票型ETF,主题指数ETF,931529.CSI,,,,,,
2024-01-25,561220.SH,数字经济ETF工银,20250530,中证诚通国企数字经济指数,中证诚通国企数字经济指数收益率,工银瑞信基金管理有限公司,国信证券股份有限公司,股票型ETF,主题指数ETF,931529.CSI,,,,,,
2024-01-26,561220.SH,数字经济ETF工银,20250530,中证诚通国企数字经济指数,中证诚通国企数字经济指数收益率,工银瑞信基金管理有限公司,国信证券股份有限公司,股票型ETF,主题指数ETF,931529.CSI,,,,,,
2024-01-29,561220.SH,数字经济ETF工银,20250530,中证诚通国企数字经济指数,中证诚通国企数字经济指数收益率,工银瑞信基金管理有限公司,国信证券股份有限公司,股票型ETF,主题指数ETF,931529.CSI,,,,,,
2024-01-30,561220.SH,数字经济ETF工银,20250530,中证诚通国企数字经济指数,中证诚通国企数字经济指数收益率,工银瑞信基金管理有限公司,国信证券股份有限公司,股票型ETF,主题指数ETF,931529.CSI,,,,,,
2024-01-31,561220.SH,数字经济ETF工银,20250530,中证诚通国企数字经济指数,中证诚通国企数字经济指数收益率,工银瑞信基金管理有限公司,国信证券股份有限公司,股票型ETF,主题指数ETF,931529.CSI,,,,,,
2024-02-01,561220.SH,数字经济ETF工银,20250530,中证诚通国企数字经济指数,中证诚通国企数字经济指数收益率,工银瑞信基金管理有限公司,国信证券股份有限公司,股票型ETF,主题指数ETF,931529.CSI,,,,,,
2024-02-02,561220.SH,数字经济ETF工银,20250530,中证诚通国企数字经济指数,中证诚通国企数字经济指数收益率,工银瑞信基金管理有限公司,国信证券股份有限公司,股票型ETF,主题指数ETF,931529.CSI,,,,,,
2024-02-05,561220.SH,数字经济ETF工银,20250530,中证诚通国企数字经济指数,中证诚通国企数字经济指数收益率,工银瑞信基金管理有限公司,国信证券股份有限公司,股票型ETF,主题指数ETF,931529.CSI,,,,,,
2024-02-06,561220.SH,数字经济ETF工银,20250530,中证诚通国企数字经济指数,中证诚通国企数字经济指数收益率,工银瑞信基金管理有限公司,国信证券股份有限公司,股票型ETF,主题指数ETF,931529.CSI,,,,,,
2024-02-07,561220.SH,数字经济ETF工银,20250530,中证诚通国企数字经济指数,中证诚通国企数字经济指数收益率,工银瑞信基金管理有限公司,国信证券股份有限公司,股票型ETF,主题指数ETF,931529.CSI,,,,,,
2024-02-08,561220.SH,数字经济ETF工银,20250530,中证诚通国企数字经济指数,中证诚通国企数字经济指数收益率,工银瑞信基金管理有限公司,国信证券股份有限公司,股票型ETF,主题指数ETF,931529.CSI,,,,,,
2024-02-19,561220.SH,数字经济ETF工银,20250530,中证诚通国企数字经济指数,中证诚通国企数字经济指数收益率,工银瑞信基金管理有限公司,国信证券股份有限公司,股票型ETF,主题指数ETF,931529.CSI,,,,,,
2024-02-20,561220.SH,数字经济ETF工银,20250530,中证诚通国企数字经济指数,中证诚通国企数字经济指数收益率,工银瑞信基金管理有限公司,国信证券股份有限公司,股票型ETF,主题指数ETF,931529.CSI,,,,,,
2024-02-21,561220.SH,数字经济ETF工银,20250530,中证诚通国企数字经济指数,中证诚通国企数字经济指数收益率,工银瑞信基金管理有限公司,国信证券股份有限公司,股票型ETF,主题指数ETF,931529.CSI,,,,,,
2024-02-22,561220.SH,数字经济ETF工银,20250530,中证诚通国企数字经济指数,中证诚通国企数字经济指数收益率,工银瑞信基金管理有限公司,国信证券股份有限公司,股票型ETF,主题指数ETF,931529.CSI,,,,,,
2024-02-23,561220.SH,数字经济ETF工银,20250530,中证诚通国企数字经济指数,中证诚通国企数字经济指数收益率,工银瑞信基金管理有限公司,国信证券股份有限公司,股票型ETF,主题指数ETF,931529.CSI,,,,,,
2024-02-26,561220.SH,数字经济ETF工银,20250530,中证诚通国企数字经济指数,中证诚通国企数字经济指数收益率,工银瑞信基金管理有限公司,国信证券股份有限公司,股票型ETF,主题指数ETF,931529.CSI,,,,,,
2024-02-27,561220.SH,数字经济ETF工银,20250530,中证诚通国企数字经济指数,中证诚通国企数字经济指数收益率,工银瑞信基金管理有限公司,国信证券股份有限公司,股票型ETF,主题指数ETF,931529.CSI,,,,,,
2024-02-28,561220.SH,数字经济ETF工银,20250530,中证诚通国企数字经济指数,中证诚通国企数字经济指数收益率,工银瑞信基金管理有限公司,国信证券股份有限公司,股票型ETF,主题指数ETF,931529.CSI,,,,,,
2024-02-29,561220.SH,数字经济ETF工银,20250530,中证诚通国企数字经济指数,中证诚通国企数字经济指数收益率,工银瑞信基金管理有限公司,国信证券股份有限公司,股票型ETF,主题指数ETF,931529.CSI,,,,,,
2024-03-01,561220.SH,数字经济ETF工银,20250530,中证诚通国企数字经济指数,中证诚通国企数字经济指数收益率,工银瑞信基金管理有限公司,国信证券股份有限公司,股票型ETF,主题指数ETF,931529.CSI,,,,,,
2024-03-04,561220.SH,数字经济ETF工银,20250530,中证诚通国企数字经济指数,中证诚通国企数字经济指数收益率,工银瑞信基金管理有限公司,国信证券股份有限公司,股票型ETF,主题指数ETF,931529.CSI,,,,,,
2024-03-05,561220.SH,数字经济ETF工银,20250530,中证诚通国企数字经济指数,中证诚通国企数字经济指数收益率,工银瑞信基金管理有限公司,国信证券股份有限公司,股票型ETF,主题指数ETF,931529.CSI,,,,,,
2024-03-06,561220.SH,数字经济ETF工银,20250530,中证诚通国企数字经济指数,中证诚通国企数字经济指数收益率,工银瑞信基金管理有限公司,国信证券股份有限公司,股票型ETF,主题指数ETF,931529.CSI,,,,,,
2024-03-07,561220.SH,数字经济ETF工银,20250530,中证诚通国企数字经济指数,中证诚通国企数字经济指数收益率,工银瑞信基金管理有限公司,国信证券股份有限公司,股票型ETF,主题指数ETF,931529.CSI,,,,,,
2024-03-08,561220.SH,数字经济ETF工银,20250530,中证诚通国企数字经济指数,中证诚通国企数字经济指数收益率,工银瑞信基金管理有限公司,国信证券股份有限公司,股票型ETF,主题指数ETF,931529.CSI,,,,,,
2024-03-11,561220.SH,数字经济ETF工银,20250530,中证诚通国企数字经济指数,中证诚通国企数字经济指数收益率,工银瑞信基金管理有限公司,国信证券股份有限公司,股票型ETF,主题指数ETF,931529.CSI,,,,,,
2024-03-12,561220.SH,数字经济ETF工银,20250530,中证诚通国企数字经济指数,中证诚通国企数字经济指数收益率,工银瑞信基金管理有限公司,国信证券股份有限公司,股票型ETF,主题指数ETF,931529.CSI,,,,,,
2024-03-13,561220.SH,数字经济ETF工银,20250530,中证诚通国企数字经济指数,中证诚通国企数字经济指数收益率,工银瑞信基金管理有限公司,国信证券股份有限公司,股票型ETF,主题指数ETF,931529.CSI,,,,,,
2024-03-14,561220.SH,数字经济ETF工银,20250530,中证诚通国企数字经济指数,中证诚通国企数字经济指数收益率,工银瑞信基金管理有限公司,国信证券股份有限公司,股票型ETF,主题指数ETF,931529.CSI,,,,,,
2024-03-15,561220.SH,数字经济ETF工银,20250530,中证诚通国企数字经济指数,中证诚通国企数字经济指数收益率,工银瑞信基金管理有限公司,国信证券股份有限公司,股票型ETF,主题指数ETF,931529.CSI,,,,,,
2024-03-18,561220.SH,数字经济ETF工银,20250530,中证诚通国企数字经济指数,中证诚通国企数字经济指数收益率,工银瑞信基金管理有限公司,国信证券股份有限公司,股票型ETF,主题指数ETF,931529.CSI,,,,,,
2024-03-19,561220.SH,数字经济ETF工银,20250530,中证诚通国企数字经济指数,中证诚通国企数字经济指数收益率,工银瑞信基金管理有限公司,国信证券股份有限公司,股票型ETF,主题指数ETF,931529.CSI,,,,,,
2024-03-20,561220.SH,数字经济ETF工银,20250530,中证诚通国企数字经济指数,中证诚通国企数字经济指数收益率,工银瑞信基金管理有限公司,国信证券股份有限公司,股票型ETF,主题指数ETF,931529.CSI,,,,,,
2024-03-21,561220.SH,数字经济ETF工银,20250530,中证诚通国企数字经济指数,中证诚通国企数字经济指数收益率,工银瑞信基金管理有限公司,国信证券股份有限公司,股票型ETF,主题指数ETF,931529.CSI,,,,,,
2024-03-22,561220.SH,数字经济ETF工银,20250530,中证诚通国企数字经济指数,中证诚通国企数字经济指数收益率,工银瑞信基金管理有限公司,国信证券股份有限公司,股票型ETF,主题指数ETF,931529.CSI,,,,,,
2024-03-25,561220.SH,数字经济ETF工银,20250530,中证诚通国企数字经济指数,中证诚通国企数字经济指数收益率,工银瑞信基金管理有限公司,国信证券股份有限公司,股票型ETF,主题指数ETF,931529.CSI,,,,,,
2024-03-26,561220.SH,数字经济ETF工银,20250530,中证诚通国企数字经济指数,中证诚通国企数字经济指数收益率,工银瑞信基金管理有限公司,国信证券股份有限公司,股票型ETF,主题指数ETF,931529.CSI,,,,,,
2024-03-27,561220.SH,数字经济ETF工银,20250530,中证诚通国企数字经济指数,中证诚通国企数字经济指数收益率,工银瑞信基金管理有限公司,国信证券股份有限公司,股票型ETF,主题指数ETF,931529.CSI,,,,,,
2024-03-28,561220.SH,数字经济ETF工银,20250530,中证诚通国企数字经济指数,中证诚通国企数字经济指数收益率,工银瑞信基金管理有限公司,国信证券股份有限公司,股票型ETF,主题指数ETF,931529.CSI,,,,,,
2024-03-29,561220.SH,数字经济ETF工银,20250530,中证诚通国企数字经济指数,中证诚通国企数字经济指数收益率,工银瑞信基金管理有限公司,国信证券股份有限公司,股票型ETF,主题指数ETF,931529.CSI,,,,,,
2024-04-01,561220.SH,数字经济ETF工银,20250530,中证诚通国企数字经济指数,中证诚通国企数字经济指数收益率,工银瑞信基金管理有限公司,国信证券股份有限公司,股票型ETF,主题指数ETF,931529.CSI,,,,,,
2024-04-02,561220.SH,数字经济ETF工银,20250530,中证诚通国企数字经济指数,中证诚通国企数字经济指数收益率,工银瑞信基金管理有限公司,国信证券股份有限公司,股票型ETF,主题指数ETF,931529.CSI,,,,,,
2024-04-03,561220.SH,数字经济ETF工银,20250530,中证诚通国企数字经济指数,中证诚通国企数字经济指数收益率,工银瑞信基金管理有限公司,国信证券股份有限公司,股票型ETF,主题指数ETF,931529.CSI,,,,,,
2024-04-08,561220.SH,数字经济ETF工银,20250530,中证诚通国企数字经济指数,中证诚通国企数字经济指数收益率,工银瑞信基金管理有限公司,国信证券股份有限公司,股票型ETF,主题指数ETF,931529.CSI,,,,,,
2024-04-09,561220.SH,数字经济ETF工银,20250530,中证诚通国企数字经济指数,中证诚通国企数字经济指数收益率,工银瑞信基金管理有限公司,国信证券股份有限公司,股票型ETF,主题指数ETF,931529.CSI,,,,,,
2024-04-10,561220.SH,数字经济ETF工银,20250530,中证诚通国企数字经济指数,中证诚通国企数字经济指数收益率,工银瑞信基金管理有限公司,国信证券股份有限公司,股票型ETF,主题指数ETF,931529.CSI,,,,,,
2024-04-11,561220.SH,数字经济ETF工银,20250530,中证诚通国企数字经济指数,中证诚通国企数字经济指数收益率,工银瑞信基金管理有限公司,国信证券股份有限公司,股票型ETF,主题指数ETF,931529.CSI,,,,,,
2024-04-12,561220.SH,数字经济ETF工银,20250530,中证诚通国企数字经济指数,中证诚通国企数字经济指数收益率,工银瑞信基金管理有限公司,国信证券股份有限公司,股票型ETF,主题指数ETF,931529.CSI,,,,,,
2024-04-15,561220.SH,数字经济ETF工银,20250530,中证诚通国企数字经济指数,中证诚通国企数字经济指数收益率,工银瑞信基金管理有限公司,国信证券股份有限公司,股票型ETF,主题指数ETF,931529.CSI,,,,,,
2024-04-16,561220.SH,数字经济ETF工银,20250530,中证诚通国企数字经济指数,中证诚通国企数字经济指数收益率,工银瑞信基金管理有限公司,国信证券股份有限公司,股票型ETF,主题指数ETF,931529.CSI,,,,,,
2024-04-17,561220.SH,数字经济ETF工银,20250530,中证诚通国企数字经济指数,中证诚通国企数字经济指数收益率,工银瑞信基金管理有限公司,国信证券股份有限公司,股票型ETF,主题指数ETF,931529.CSI,,,,,,
2024-04-18,561220.SH,数字经济ETF工银,20250530,中证诚通国企数字经济指数,中证诚通国企数字经济指数收益率,工银瑞信基金管理有限公司,国信证券股份有限公司,股票型ETF,主题指数ETF,931529.CSI,,,,,,
2024-04-19,561220.SH,数字经济ETF工银,20250530,中证诚通国企数字经济指数,中证诚通国企数字经济指数收益率,工银瑞信基金管理有限公司,国信证券股份有限公司,股票型ETF,主题指数ETF,931529.CSI,,,,,,
2024-04-22,561220.SH,数字经济ETF工银,20250530,中证诚通国企数字经济指数,中证诚通国企数字经济指数收益率,工银瑞信基金管理有限公司,国信证券股份有限公司,股票型ETF,主题指数ETF,931529.CSI,,,,,,
2024-04-23,561220.SH,数字经济ETF工银,20250530,中证诚通国企数字经济指数,中证诚通国企数字经济指数收益率,工银瑞信基金管理有限公司,国信证券股份有限公司,股票型ETF,主题指数ETF,931529.CSI,,,,,,
2024-04-24,561220.SH,数字经济ETF工银,20250530,中证诚通国企数字经济指数,中证诚通国企数字经济指数收益率,工银瑞信基金管理有限公司,国信证券股份有限公司,股票型ETF,主题指数ETF,931529.CSI,,,,,,
2024-04-25,561220.SH,数字经济ETF工银,20250530,中证诚通国企数字经济指数,中证诚通国企数字经济指数收益率,工银瑞信基金管理有限公司,国信证券股份有限公司,股票型ETF,主题指数ETF,931529.CSI,,,,,,
2024-04-26,561220.SH,数字经济ETF工银,20250530,中证诚通国企数字经济指数,中证诚通国企数字经济指数收益率,工银瑞信基金管理有限公司,国信证券股份有限公司,股票型ETF,主题指数ETF,931529.CSI,,,,,,
2024-04-29,561220.SH,数字经济ETF工银,20250530,中证诚通国企数字经济指数,中证诚通国企数字经济指数收益率,工银瑞信基金管理有限公司,国信证券股份有限公司,股票型ETF,主题指数ETF,931529.CSI,,,,,,
2024-04-30,561220.SH,数字经济ETF工银,20250530,中证诚通国企数字经济指数,中证诚通国企数字经济指数收益率,工银瑞信基金管理有限公司,国信证券股份有限公司,股票型ETF,主题指数ETF,931529.CSI,,,,,,
2024-05-06,561220.SH,数字经济ETF工银,20250530,中证诚通国企数字经济指数,中证诚通国企数字经济指数收益率,工银瑞信基金管理有限公司,国信证券股份有限公司,股票型ETF,主题指数ETF,931529.CSI,,,,,,
2024-05-07,561220.SH,数字经济ETF工银,20250530,中证诚通国企数字经济指数,中证诚通国企数字经济指数收益率,工银瑞信基金管理有限公司,国信证券股份有限公司,股票型ETF,主题指数ETF,931529.CSI,,,,,,
2024-05-08,561220.SH,数字经济ETF工银,20250530,中证诚通国企数字经济指数,中证诚通国企数字经济指数收益率,工银瑞信基金管理有限公司,国信证券股份有限公司,股票型ETF,主题指数ETF,931529.CSI,,,,,,
2024-05-09,561220.SH,数字经济ETF工银,20250530,中证诚通国企数字经济指数,中证诚通国企数字经济指数收益率,工银瑞信基金管理有限公司,国信证券股份有限公司,股票型ETF,主题指数ETF,931529.CSI,,,,,,
2024-05-10,561220.SH,数字经济ETF工银,20250530,中证诚通国企数字经济指数,中证诚通国企数字经济指数收益率,工银瑞信基金管理有限公司,国信证券股份有限公司,股票型ETF,主题指数ETF,931529.CSI,,,,,,
2024-05-13,561220.SH,数字经济ETF工银,20250530,中证诚通国企数字经济指数,中证诚通国企数字经济指数收益率,工银瑞信基金管理有限公司,国信证券股份有限公司,股票型ETF,主题指数ETF,931529.CSI,,,,,,
2024-05-14,561220.SH,数字经济ETF工银,20250530,中证诚通国企数字经济指数,中证诚通国企数字经济指数收益率,工银瑞信基金管理有限公司,国信证券股份有限公司,股票型ETF,主题指数ETF,931529.CSI,,,,,,
2024-05-15,561220.SH,数字经济ETF工银,20250530,中证诚通国企数字经济指数,中证诚通国企数字经济指数收益率,工银瑞信基金管理有限公司,国信证券股份有限公司,股票型ETF,主题指数ETF,931529.CSI,,,,,,
2024-05-16,561220.SH,数字经济ETF工银,20250530,中证诚通国企数字经济指数,中证诚通国企数字经济指数收益率,工银瑞信基金管理有限公司,国信证券股份有限公司,股票型ETF,主题指数ETF,931529.CSI,,,,,,
2024-05-17,561220.SH,数字经济ETF工银,20250530,中证诚通国企数字经济指数,中证诚通国企数字经济指数收益率,工银瑞信基金管理有限公司,国信证券股份有限公司,股票型ETF,主题指数ETF,931529.CSI,,,,,,
2024-05-20,561220.SH,数字经济ETF工银,20250530,中证诚通国企数字经济指数,中证诚通国企数字经济指数收益率,工银瑞信基金管理有限公司,国信证券股份有限公司,股票型ETF,主题指数ETF,931529.CSI,,,,,,
2024-05-21,561220.SH,数字经济ETF工银,20250530,中证诚通国企数字经济指数,中证诚通国企数字经济指数收益率,工银瑞信基金管理有限公司,国信证券股份有限公司,股票型ETF,主题指数ETF,931529.CSI,,,,,,
2024-05-22,561220.SH,数字经济ETF工银,20250530,中证诚通国企数字经济指数,中证诚通国企数字经济指数收益率,工银瑞信基金管理有限公司,国信证券股份有限公司,股票型ETF,主题指数ETF,931529.CSI,,,,,,
2024-05-23,561220.SH,数字经济ETF工银,20250530,中证诚通国企数字经济指数,中证诚通国企数字经济指数收益率,工银瑞信基金管理有限公司,国信证券股份有限公司,股票型ETF,主题指数ETF,931529.CSI,,,,,,
2024-05-24,561220.SH,数字经济ETF工银,20250530,中证诚通国企数字经济指数,中证诚通国企数字经济指数收益率,工银瑞信基金管理有限公司,国信证券股份有限公司,股票型ETF,主题指数ETF,931529.CSI,,,,,,
2024-05-27,561220.SH,数字经济ETF工银,20250530,中证诚通国企数字经济指数,中证诚通国企数字经济指数收益率,工银瑞信基金管理有限公司,国信证券股份有限公司,股票型ETF,主题指数ETF,931529.CSI,,,,,,
2024-05-28,561220.SH,数字经济ETF工银,20250530,中证诚通国企数字经济指数,中证诚通国企数字经济指数收益率,工银瑞信基金管理有限公司,国信证券股份有限公司,股票型ETF,主题指数ETF,931529.CSI,,,,,,
2024-05-29,561220.SH,数字经济ETF工银,20250530,中证诚通国企数字经济指数,中证诚通国企数字经济指数收益率,工银瑞信基金管理有限公司,国信证券股份有限公司,股票型ETF,主题指数ETF,931529.CSI,,,,,,
2024-05-30,561220.SH,数字经济ETF工银,20250530,中证诚通国企数字经济指数,中证诚通国企数字经济指数收益率,工银瑞信基金管理有限公司,国信证券股份有限公司,股票型ETF,主题指数ETF,931529.CSI,,,,,,
2024-05-31,561220.SH,数字经济ETF工银,20250530,中证诚通国企数字经济指数,中证诚通国企数字经济指数收益率,工银瑞信基金管理有限公司,国信证券股份有限公司,股票型ETF,主题指数ETF,931529.CSI,,,,,,
2024-06-03,561220.SH,数字经济ETF工银,20250530,中证诚通国企数字经济指数,中证诚通国企数字经济指数收益率,工银瑞信基金管理有限公司,国信证券股份有限公司,股票型ETF,主题指数ETF,931529.CSI,,,,,,
2024-06-04,561220.SH,数字经济ETF工银,20250530,中证诚通国企数字经济指数,中证诚通国企数字经济指数收益率,工银瑞信基金管理有限公司,国信证券股份有限公司,股票型ETF,主题指数ETF,931529.CSI,,,,,,
2024-06-05,561220.SH,数字经济ETF工银,20250530,中证诚通国企数字经济指数,中证诚通国企数字经济指数收益率,工银瑞信基金管理有限公司,国信证券股份有限公司,股票型ETF,主题指数ETF,931529.CSI,,,,,,
2024-06-06,561220.SH,数字经济ETF工银,20250530,中证诚通国企数字经济指数,中证诚通国企数字经济指数收益率,工银瑞信基金管理有限公司,国信证券股份有限公司,股票型ETF,主题指数ETF,931529.CSI,,,,,,
2024-06-07,561220.SH,数字经济ETF工银,20250530,中证诚通国企数字经济指数,中证诚通国企数字经济指数收益率,工银瑞信基金管理有限公司,国信证券股份有限公司,股票型ETF,主题指数ETF,931529.CSI,,,,,,
2024-06-11,561220.SH,数字经济ETF工银,20250530,中证诚通国企数字经济指数,中证诚通国企数字经济指数收益率,工银瑞信基金管理有限公司,国信证券股份有限公司,股票型ETF,主题指数ETF,931529.CSI,,,,,,
2024-06-12,561220.SH,数字经济ETF工银,20250530,中证诚通国企数字经济指数,中证诚通国企数字经济指数收益率,工银瑞信基金管理有限公司,国信证券股份有限公司,股票型ETF,主题指数ETF,931529.CSI,,,,,,
2024-06-13,561220.SH,数字经济ETF工银,20250530,中证诚通国企数字经济指数,中证诚通国企数字经济指数收益率,工银瑞信基金管理有限公司,国信证券股份有限公司,股票型ETF,主题指数ETF,931529.CSI,,,,,,
2024-06-14,561220.SH,数字经济ETF工银,20250530,中证诚通国企数字经济指数,中证诚通国企数字经济指数收益率,工银瑞信基金管理有限公司,国信证券股份有限公司,股票型ETF,主题指数ETF,931529.CSI,,,,,,
2024-06-17,561220.SH,数字经济ETF工银,20250530,中证诚通国企数字经济指数,中证诚通国企数字经济指数收益率,工银瑞信基金管理有限公司,国信证券股份有限公司,股票型ETF,主题指数ETF,931529.CSI,,,,,,
2024-06-18,561220.SH,数字经济ETF工银,20250530,中证诚通国企数字经济指数,中证诚通国企数字经济指数收益率,工银瑞信基金管理有限公司,国信证券股份有限公司,股票型ETF,主题指数ETF,931529.CSI,,,,,,
2024-06-19,561220.SH,数字经济ETF工银,20250530,中证诚通国企数字经济指数,中证诚通国企数字经济指数收益率,工银瑞信基金管理有限公司,国信证券股份有限公司,股票型ETF,主题指数ETF,931529.CSI,,,,,,
2024-06-20,561220.SH,数字经济ETF工银,20250530,中证诚通国企数字经济指数,中证诚通国企数字经济指数收益率,工银瑞信基金管理有限公司,国信证券股份有限公司,股票型ETF,主题指数ETF,931529.CSI,,,,,,
2024-06-21,561220.SH,数字经济ETF工银,20250530,中证诚通国企数字经济指数,中证诚通国企数字经济指数收益率,工银瑞信基金管理有限公司,国信证券股份有限公司,股票型ETF,主题指数ETF,931529.CSI,,,,,,
2024-06-24,561220.SH,数字经济ETF工银,20250530,中证诚通国企数字经济指数,中证诚通国企数字经济指数收益率,工银瑞信基金管理有限公司,国信证券股份有限公司,股票型ETF,主题指数ETF,931529.CSI,,,,,,
2024-06-25,561220.SH,数字经济ETF工银,20250530,中证诚通国企数字经济指数,中证诚通国企数字经济指数收益率,工银瑞信基金管理有限公司,国信证券股份有限公司,股票型ETF,主题指数ETF,931529.CSI,,,,,,
2024-06-26,561220.SH,数字经济ETF工银,20250530,中证诚通国企数字经济指数,中证诚通国企数字经济指数收益率,工银瑞信基金管理有限公司,国信证券股份有限公司,股票型ETF,主题指数ETF,931529.CSI,,,,,,
2024-06-27,561220.SH,数字经济ETF工银,20250530,中证诚通国企数字经济指数,中证诚通国企数字经济指数收益率,工银瑞信基金管理有限公司,国信证券股份有限公司,股票型ETF,主题指数ETF,931529.CSI,,,,,,
2024-06-28,561220.SH,数字经济ETF工银,20250530,中证诚通国企数字经济指数,中证诚通国企数字经济指数收益率,工银瑞信基金管理有限公司,国信证券股份有限公司,股票型ETF,主题指数ETF,931529.CSI,,,,,,
2024-07-01,561220.SH,数字经济ETF工银,20250530,中证诚通国企数字经济指数,中证诚通国企数字经济指数收益率,工银瑞信基金管理有限公司,国信证券股份有限公司,股票型ETF,主题指数ETF,931529.CSI,,,,,,
2024-07-02,561220.SH,数字经济ETF工银,20250530,中证诚通国企数字经济指数,中证诚通国企数字经济指数收益率,工银瑞信基金管理有限公司,国信证券股份有限公司,股票型ETF,主题指数ETF,931529.CSI,,,,,,
2024-07-03,561220.SH,数字经济ETF工银,20250530,中证诚通国企数字经济指数,中证诚通国企数字经济指数收益率,工银瑞信基金管理有限公司,国信证券股份有限公司,股票型ETF,主题指数ETF,931529.CSI,,,,,,
2024-07-04,561220.SH,数字经济ETF工银,20250530,中证诚通国企数字经济指数,中证诚通国企数字经济指数收益率,工银瑞信基金管理有限公司,国信证券股份有限公司,股票型ETF,主题指数ETF,931529.CSI,,,,,,
2024-07-05,561220.SH,数字经济ETF工银,20250530,中证诚通国企数字经济指数,中证诚通国企数字经济指数收益率,工银瑞信基金管理有限公司,国信证券股份有限公司,股票型ETF,主题指数ETF,931529.CSI,,,,,,
2024-07-08,561220.SH,数字经济ETF工银,20250530,中证诚通国企数字经济指数,中证诚通国企数字经济指数收益率,工银瑞信基金管理有限公司,国信证券股份有限公司,股票型ETF,主题指数ETF,931529.CSI,,,,,,
2024-07-09,561220.SH,数字经济ETF工银,20250530,中证诚通国企数字经济指数,中证诚通国企数字经济指数收益率,工银瑞信基金管理有限公司,国信证券股份有限公司,股票型ETF,主题指数ETF,931529.CSI,,,,,,
2024-07-10,561220.SH,数字经济ETF工银,20250530,中证诚通国企数字经济指数,中证诚通国企数字经济指数收益率,工银瑞信基金管理有限公司,国信证券股份有限公司,股票型ETF,主题指数ETF,931529.CSI,,,,,,
2024-07-11,561220.SH,数字经济ETF工银,20250530,中证诚通国企数字经济指数,中证诚通国企数字经济指数收益率,工银瑞信基金管理有限公司,国信证券股份有限公司,股票型ETF,主题指数ETF,931529.CSI,,,,,,
2024-07-12,561220.SH,数字经济ETF工银,20250530,中证诚通国企数字经济指数,中证诚通国企数字经济指数收益率,工银瑞信基金管理有限公司,国信证券股份有限公司,股票型ETF,主题指数ETF,931529.CSI,,,,,,
2024-07-15,561220.SH,数字经济ETF工银,20250530,中证诚通国企数字经济指数,中证诚通国企数字经济指数收益率,工银瑞信基金管理有限公司,国信证券股份有限公司,股票型ETF,主题指数ETF,931529.CSI,,,,,,
2024-07-16,561220.SH,数字经济ETF工银,20250530,中证诚通国企数字经济指数,中证诚通国企数字经济指数收益率,工银瑞信基金管理有限公司,国信证券股份有限公司,股票型ETF,主题指数ETF,931529.CSI,,,,,,
2024-07-17,561220.SH,数字经济ETF工银,20250530,中证诚通国企数字经济指数,中证诚通国企数字经济指数收益率,工银瑞信基金管理有限公司,国信证券股份有限公司,股票型ETF,主题指数ETF,931529.CSI,,,,,,
2024-07-18,561220.SH,数字经济ETF工银,20250530,中证诚通国企数字经济指数,中证诚通国企数字经济指数收益率,工银瑞信基金管理有限公司,国信证券股份有限公司,股票型ETF,主题指数ETF,931529.CSI,,,,,,
2024-07-19,561220.SH,数字经济ETF工银,20250530,中证诚通国企数字经济指数,中证诚通国企数字经济指数收益率,工银瑞信基金管理有限公司,国信证券股份有限公司,股票型ETF,主题指数ETF,931529.CSI,,,,,,
2024-07-22,561220.SH,数字经济ETF工银,20250530,中证诚通国企数字经济指数,中证诚通国企数字经济指数收益率,工银瑞信基金管理有限公司,国信证券股份有限公司,股票型ETF,主题指数ETF,931529.CSI,,,,,,
2024-07-23,561220.SH,数字经济ETF工银,20250530,中证诚通国企数字经济指数,中证诚通国企数字经济指数收益率,工银瑞信基金管理有限公司,国信证券股份有限公司,股票型ETF,主题指数ETF,931529.CSI,,,,,,
2024-07-24,561220.SH,数字经济ETF工银,20250530,中证诚通国企数字经济指数,中证诚通国企数字经济指数收益率,工银瑞信基金管理有限公司,国信证券股份有限公司,股票型ETF,主题指数ETF,931529.CSI,,,,,,
2024-07-25,561220.SH,数字经济ETF工银,20250530,中证诚通国企数字经济指数,中证诚通国企数字经济指数收益率,工银瑞信基金管理有限公司,国信证券股份有限公司,股票型ETF,主题指数ETF,931529.CSI,,,,,,
2024-07-26,561220.SH,数字经济ETF工银,20250530,中证诚通国企数字经济指数,中证诚通国企数字经济指数收益率,工银瑞信基金管理有限公司,国信证券股份有限公司,股票型ETF,主题指数ETF,931529.CSI,,,,,,
2024-07-29,561220.SH,数字经济ETF工银,20250530,中证诚通国企数字经济指数,中证诚通国企数字经济指数收益率,工银瑞信基金管理有限公司,国信证券股份有限公司,股票型ETF,主题指数ETF,931529.CSI,,,,,,
2024-07-30,561220.SH,数字经济ETF工银,20250530,中证诚通国企数字经济指数,中证诚通国企数字经济指数收益率,工银瑞信基金管理有限公司,国信证券股份有限公司,股票型ETF,主题指数ETF,931529.CSI,,,,,,
2024-07-31,561220.SH,数字经济ETF工银,20250530,中证诚通国企数字经济指数,中证诚通国企数字经济指数收益率,工银瑞信基金管理有限公司,国信证券股份有限公司,股票型ETF,主题指数ETF,931529.CSI,,,,,,
2024-08-01,561220.SH,数字经济ETF工银,20250530,中证诚通国企数字经济指数,中证诚通国企数字经济指数收益率,工银瑞信基金管理有限公司,国信证券股份有限公司,股票型ETF,主题指数ETF,931529.CSI,,,,,,
2024-08-02,561220.SH,数字经济ETF工银,20250530,中证诚通国企数字经济指数,中证诚通国企数字经济指数收益率,工银瑞信基金管理有限公司,国信证券股份有限公司,股票型ETF,主题指数ETF,931529.CSI,,,,,,
2024-08-05,561220.SH,数字经济ETF工银,20250530,中证诚通国企数字经济指数,中证诚通国企数字经济指数收益率,工银瑞信基金管理有限公司,国信证券股份有限公司,股票型ETF,主题指数ETF,931529.CSI,,,,,,
2024-08-06,561220.SH,数字经济ETF工银,20250530,中证诚通国企数字经济指数,中证诚通国企数字经济指数收益率,工银瑞信基金管理有限公司,国信证券股份有限公司,股票型ETF,主题指数ETF,931529.CSI,,,,,,
2024-08-07,561220.SH,数字经济ETF工银,20250530,中证诚通国企数字经济指数,中证诚通国企数字经济指数收益率,工银瑞信基金管理有限公司,国信证券股份有限公司,股票型ETF,主题指数ETF,931529.CSI,,,,,,
2024-08-08,561220.SH,数字经济ETF工银,20250530,中证诚通国企数字经济指数,中证诚通国企数字经济指数收益率,工银瑞信基金管理有限公司,国信证券股份有限公司,股票型ETF,主题指数ETF,931529.CSI,,,,,,
2024-08-09,561220.SH,数字经济ETF工银,20250530,中证诚通国企数字经济指数,中证诚通国企数字经济指数收益率,工银瑞信基金管理有限公司,国信证券股份有限公司,股票型ETF,主题指数ETF,931529.CSI,,,,,,
2024-08-12,561220.SH,数字经济ETF工银,20250530,中证诚通国企数字经济指数,中证诚通国企数字经济指数收益率,工银瑞信基金管理有限公司,国信证券股份有限公司,股票型ETF,主题指数ETF,931529.CSI,,,,,,
2024-08-13,561220.SH,数字经济ETF工银,20250530,中证诚通国企数字经济指数,中证诚通国企数字经济指数收益率,工银瑞信基金管理有限公司,国信证券股份有限公司,股票型ETF,主题指数ETF,931529.CSI,,,,,,
2024-08-14,561220.SH,数字经济ETF工银,20250530,中证诚通国企数字经济指数,中证诚通国企数字经济指数收益率,工银瑞信基金管理有限公司,国信证券股份有限公司,股票型ETF,主题指数ETF,931529.CSI,,,,,,
2024-08-15,561220.SH,数字经济ETF工银,20250530,中证诚通国企数字经济指数,中证诚通国企数字经济指数收益率,工银瑞信基金管理有限公司,国信证券股份有限公司,股票型ETF,主题指数ETF,931529.CSI,,,,,,
2024-08-16,561220.SH,数字经济ETF工银,20250530,中证诚通国企数字经济指数,中证诚通国企数字经济指数收益率,工银瑞信基金管理有限公司,国信证券股份有限公司,股票型ETF,主题指数ETF,931529.CSI,,,,,,
2024-08-19,561220.SH,数字经济ETF工银,20250530,中证诚通国企数字经济指数,中证诚通国企数字经济指数收益率,工银瑞信基金管理有限公司,国信证券股份有限公司,股票型ETF,主题指数ETF,931529.CSI,,,,,,
2024-08-20,561220.SH,数字经济ETF工银,20250530,中证诚通国企数字经济指数,中证诚通国企数字经济指数收益率,工银瑞信基金管理有限公司,国信证券股份有限公司,股票型ETF,主题指数ETF,931529.CSI,,,,,,
2024-08-21,561220.SH,数字经济ETF工银,20250530,中证诚通国企数字经济指数,中证诚通国企数字经济指数收益率,工银瑞信基金管理有限公司,国信证券股份有限公司,股票型ETF,主题指数ETF,931529.CSI,,,,,,
2024-08-22,561220.SH,数字经济ETF工银,20250530,中证诚通国企数字经济指数,中证诚通国企数字经济指数收益率,工银瑞信基金管理有限公司,国信证券股份有限公司,股票型ETF,主题指数ETF,931529.CSI,,,,,,
2024-08-23,561220.SH,数字经济ETF工银,20250530,中证诚通国企数字经济指数,中证诚通国企数字经济指数收益率,工银瑞信基金管理有限公司,国信证券股份有限公司,股票型ETF,主题指数ETF,931529.CSI,,,,,,
2024-08-26,561220.SH,数字经济ETF工银,20250530,中证诚通国企数字经济指数,中证诚通国企数字经济指数收益率,工银瑞信基金管理有限公司,国信证券股份有限公司,股票型ETF,主题指数ETF,931529.CSI,,,,,,
2024-08-27,561220.SH,数字经济ETF工银,20250530,中证诚通国企数字经济指数,中证诚通国企数字经济指数收益率,工银瑞信基金管理有限公司,国信证券股份有限公司,股票型ETF,主题指数ETF,931529.CSI,,,,,,
2024-08-28,561220.SH,数字经济ETF工银,20250530,中证诚通国企数字经济指数,中证诚通国企数字经济指数收益率,工银瑞信基金管理有限公司,国信证券股份有限公司,股票型ETF,主题指数ETF,931529.CSI,,,,,,
2024-08-29,561220.SH,数字经济ETF工银,20250530,中证诚通国企数字经济指数,中证诚通国企数字经济指数收益率,工银瑞信基金管理有限公司,国信证券股份有限公司,股票型ETF,主题指数ETF,931529.CSI,,,,,,
2024-08-30,561220.SH,数字经济ETF工银,20250530,中证诚通国企数字经济指数,中证诚通国企数字经济指数收益率,工银瑞信基金管理有限公司,国信证券股份有限公司,股票型ETF,主题指数ETF,931529.CSI,,,,,,
2024-09-02,561220.SH,数字经济ETF工银,20250530,中证诚通国企数字经济指数,中证诚通国企数字经济指数收益率,工银瑞信基金管理有限公司,国信证券股份有限公司,股票型ETF,主题指数ETF,931529.CSI,,,,,,
2024-09-03,561220.SH,数字经济ETF工银,20250530,中证诚通国企数字经济指数,中证诚通国企数字经济指数收益率,工银瑞信基金管理有限公司,国信证券股份有限公司,股票型ETF,主题指数ETF,931529.CSI,,,,,,
2024-09-04,561220.SH,数字经济ETF工银,20250530,中证诚通国企数字经济指数,中证诚通国企数字经济指数收益率,工银瑞信基金管理有限公司,国信证券股份有限公司,股票型ETF,主题指数ETF,931529.CSI,,,,,,
2024-09-05,561220.SH,数字经济ETF工银,20250530,中证诚通国企数字经济指数,中证诚通国企数字经济指数收益率,工银瑞信基金管理有限公司,国信证券股份有限公司,股票型ETF,主题指数ETF,931529.CSI,,,,,,
2024-09-06,561220.SH,数字经济ETF工银,20250530,中证诚通国企数字经济指数,中证诚通国企数字经济指数收益率,工银瑞信基金管理有限公司,国信证券股份有限公司,股票型ETF,主题指数ETF,931529.CSI,,,,,,
2024-09-09,561220.SH,数字经济ETF工银,20250530,中证诚通国企数字经济指数,中证诚通国企数字经济指数收益率,工银瑞信基金管理有限公司,国信证券股份有限公司,股票型ETF,主题指数ETF,931529.CSI,,,,,,
2024-09-10,561220.SH,数字经济ETF工银,20250530,中证诚通国企数字经济指数,中证诚通国企数字经济指数收益率,工银瑞信基金管理有限公司,国信证券股份有限公司,股票型ETF,主题指数ETF,931529.CSI,,,,,,
2024-09-11,561220.SH,数字经济ETF工银,20250530,中证诚通国企数字经济指数,中证诚通国企数字经济指数收益率,工银瑞信基金管理有限公司,国信证券股份有限公司,股票型ETF,主题指数ETF,931529.CSI,,,,,,
2024-09-12,561220.SH,数字经济ETF工银,20250530,中证诚通国企数字经济指数,中证诚通国企数字经济指数收益率,工银瑞信基金管理有限公司,国信证券股份有限公司,股票型ETF,主题指数ETF,931529.CSI,,,,,,
2024-09-13,561220.SH,数字经济ETF工银,20250530,中证诚通国企数字经济指数,中证诚通国企数字经济指数收益率,工银瑞信基金管理有限公司,国信证券股份有限公司,股票型ETF,主题指数ETF,931529.CSI,,,,,,
2024-09-18,561220.SH,数字经济ETF工银,20250530,中证诚通国企数字经济指数,中证诚通国企数字经济指数收益率,工银瑞信基金管理有限公司,国信证券股份有限公司,股票型ETF,主题指数ETF,931529.CSI,,,,,,
2024-09-19,561220.SH,数字经济ETF工银,20250530,中证诚通国企数字经济指数,中证诚通国企数字经济指数收益率,工银瑞信基金管理有限公司,国信证券股份有限公司,股票型ETF,主题指数ETF,931529.CSI,,,,,,
2024-09-20,561220.SH,数字经济ETF工银,20250530,中证诚通国企数字经济指数,中证诚通国企数字经济指数收益率,工银瑞信基金管理有限公司,国信证券股份有限公司,股票型ETF,主题指数ETF,931529.CSI,,,,,,
2024-09-23,561220.SH,数字经济ETF工银,20250530,中证诚通国企数字经济指数,中证诚通国企数字经济指数收益率,工银瑞信基金管理有限公司,国信证券股份有限公司,股票型ETF,主题指数ETF,931529.CSI,,,,,,
2024-09-24,561220.SH,数字经济ETF工银,20250530,中证诚通国企数字经济指数,中证诚通国企数字经济指数收益率,工银瑞信基金管理有限公司,国信证券股份有限公司,股票型ETF,主题指数ETF,931529.CSI,,,,,,
2024-09-25,561220.SH,数字经济ETF工银,20250530,中证诚通国企数字经济指数,中证诚通国企数字经济指数收益率,工银瑞信基金管理有限公司,国信证券股份有限公司,股票型ETF,主题指数ETF,931529.CSI,,,,,,
2024-09-26,561220.SH,数字经济ETF工银,20250530,中证诚通国企数字经济指数,中证诚通国企数字经济指数收益率,工银瑞信基金管理有限公司,国信证券股份有限公司,股票型ETF,主题指数ETF,931529.CSI,,,,,,
2024-09-27,561220.SH,数字经济ETF工银,20250530,中证诚通国企数字经济指数,中证诚通国企数字经济指数收益率,工银瑞信基金管理有限公司,国信证券股份有限公司,股票型ETF,主题指数ETF,931529.CSI,,,,,,
2024-09-30,561220.SH,数字经济ETF工银,20250530,中证诚通国企数字经济指数,中证诚通国企数字经济指数收益率,工银瑞信基金管理有限公司,国信证券股份有限公司,股票型ETF,主题指数ETF,931529.CSI,,,,,,
2024-10-08,561220.SH,数字经济ETF工银,20250530,中证诚通国企数字经济指数,中证诚通国企数字经济指数收益率,工银瑞信基金管理有限公司,国信证券股份有限公司,股票型ETF,主题指数ETF,931529.CSI,,,,,,
2024-10-09,561220.SH,数字经济ETF工银,20250530,中证诚通国企数字经济指数,中证诚通国企数字经济指数收益率,工银瑞信基金管理有限公司,国信证券股份有限公司,股票型ETF,主题指数ETF,931529.CSI,,,,,,
2024-10-10,561220.SH,数字经济ETF工银,20250530,中证诚通国企数字经济指数,中证诚通国企数字经济指数收益率,工银瑞信基金管理有限公司,国信证券股份有限公司,股票型ETF,主题指数ETF,931529.CSI,,,,,,
2024-10-11,561220.SH,数字经济ETF工银,20250530,中证诚通国企数字经济指数,中证诚通国企数字经济指数收益率,工银瑞信基金管理有限公司,国信证券股份有限公司,股票型ETF,主题指数ETF,931529.CSI,,,,,,
2024-10-14,561220.SH,数字经济ETF工银,20250530,中证诚通国企数字经济指数,中证诚通国企数字经济指数收益率,工银瑞信基金管理有限公司,国信证券股份有限公司,股票型ETF,主题指数ETF,931529.CSI,,,,,,
2024-10-15,561220.SH,数字经济ETF工银,20250530,中证诚通国企数字经济指数,中证诚通国企数字经济指数收益率,工银瑞信基金管理有限公司,国信证券股份有限公司,股票型ETF,主题指数ETF,931529.CSI,,,,,,
2024-10-16,561220.SH,数字经济ETF工银,20250530,中证诚通国企数字经济指数,中证诚通国企数字经济指数收益率,工银瑞信基金管理有限公司,国信证券股份有限公司,股票型ETF,主题指数ETF,931529.CSI,,,,,,
2024-10-17,561220.SH,数字经济ETF工银,20250530,中证诚通国企数字经济指数,中证诚通国企数字经济指数收益率,工银瑞信基金管理有限公司,国信证券股份有限公司,股票型ETF,主题指数ETF,931529.CSI,,,,,,
2024-10-18,561220.SH,数字经济ETF工银,20250530,中证诚通国企数字经济指数,中证诚通国企数字经济指数收益率,工银瑞信基金管理有限公司,国信证券股份有限公司,股票型ETF,主题指数ETF,931529.CSI,,,,,,
2024-10-21,561220.SH,数字经济ETF工银,20250530,中证诚通国企数字经济指数,中证诚通国企数字经济指数收益率,工银瑞信基金管理有限公司,国信证券股份有限公司,股票型ETF,主题指数ETF,931529.CSI,,,,,,
2024-10-22,561220.SH,数字经济ETF工银,20250530,中证诚通国企数字经济指数,中证诚通国企数字经济指数收益率,工银瑞信基金管理有限公司,国信证券股份有限公司,股票型ETF,主题指数ETF,931529.CSI,,,,,,
2024-10-23,561220.SH,数字经济ETF工银,20250530,中证诚通国企数字经济指数,中证诚通国企数字经济指数收益率,工银瑞信基金管理有限公司,国信证券股份有限公司,股票型ETF,主题指数ETF,931529.CSI,,,,,,
2024-10-24,561220.SH,数字经济ETF工银,20250530,中证诚通国企数字经济指数,中证诚通国企数字经济指数收益率,工银瑞信基金管理有限公司,国信证券股份有限公司,股票型ETF,主题指数ETF,931529.CSI,,,,,,
2024-10-25,561220.SH,数字经济ETF工银,20250530,中证诚通国企数字经济指数,中证诚通国企数字经济指数收益率,工银瑞信基金管理有限公司,国信证券股份有限公司,股票型ETF,主题指数ETF,931529.CSI,,,,,,
2024-10-28,561220.SH,数字经济ETF工银,20250530,中证诚通国企数字经济指数,中证诚通国企数字经济指数收益率,工银瑞信基金管理有限公司,国信证券股份有限公司,股票型ETF,主题指数ETF,931529.CSI,,,,,,
2024-10-29,561220.SH,数字经济ETF工银,20250530,中证诚通国企数字经济指数,中证诚通国企数字经济指数收益率,工银瑞信基金管理有限公司,国信证券股份有限公司,股票型ETF,主题指数ETF,931529.CSI,,,,,,
2024-10-30,561220.SH,数字经济ETF工银,20250530,中证诚通国企数字经济指数,中证诚通国企数字经济指数收益率,工银瑞信基金管理有限公司,国信证券股份有限公司,股票型ETF,主题指数ETF,931529.CSI,,,,,,
2024-10-31,561220.SH,数字经济ETF工银,20250530,中证诚通国企数字经济指数,中证诚通国企数字经济指数收益率,工银瑞信基金管理有限公司,国信证券股份有限公司,股票型ETF,主题指数ETF,931529.CSI,,,,,,
2024-11-01,561220.SH,数字经济ETF工银,20250530,中证诚通国企数字经济指数,中证诚通国企数字经济指数收益率,工银瑞信基金管理有限公司,国信证券股份有限公司,股票型ETF,主题指数ETF,931529.CSI,,,,,,
2024-11-04,561220.SH,数字经济ETF工银,20250530,中证诚通国企数字经济指数,中证诚通国企数字经济指数收益率,工银瑞信基金管理有限公司,国信证券股份有限公司,股票型ETF,主题指数ETF,931529.CSI,,,,,,
2024-11-05,561220.SH,数字经济ETF工银,20250530,中证诚通国企数字经济指数,中证诚通国企数字经济指数收益率,工银瑞信基金管理有限公司,国信证券股份有限公司,股票型ETF,主题指数ETF,931529.CSI,,,,,,
2024-11-06,561220.SH,数字经济ETF工银,20250530,中证诚通国企数字经济指数,中证诚通国企数字经济指数收益率,工银瑞信基金管理有限公司,国信证券股份有限公司,股票型ETF,主题指数ETF,931529.CSI,,,,,,
2024-11-07,561220.SH,数字经济ETF工银,20250530,中证诚通国企数字经济指数,中证诚通国企数字经济指数收益率,工银瑞信基金管理有限公司,国信证券股份有限公司,股票型ETF,主题指数ETF,931529.CSI,,,,,,
2024-11-08,561220.SH,数字经济ETF工银,20250530,中证诚通国企数字经济指数,中证诚通国企数字经济指数收益率,工银瑞信基金管理有限公司,国信证券股份有限公司,股票型ETF,主题指数ETF,931529.CSI,,,,,,
2024-11-11,561220.SH,数字经济ETF工银,20250530,中证诚通国企数字经济指数,中证诚通国企数字经济指数收益率,工银瑞信基金管理有限公司,国信证券股份有限公司,股票型ETF,主题指数ETF,931529.CSI,,,,,,
2024-11-12,561220.SH,数字经济ETF工银,20250530,中证诚通国企数字经济指数,中证诚通国企数字经济指数收益率,工银瑞信基金管理有限公司,国信证券股份有限公司,股票型ETF,主题指数ETF,931529.CSI,,,,,,
2024-11-13,561220.SH,数字经济ETF工银,20250530,中证诚通国企数字经济指数,中证诚通国企数字经济指数收益率,工银瑞信基金管理有限公司,国信证券股份有限公司,股票型ETF,主题指数ETF,931529.CSI,,,,,,
2024-11-14,561220.SH,数字经济ETF工银,20250530,中证诚通国企数字经济指数,中证诚通国企数字经济指数收益率,工银瑞信基金管理有限公司,国信证券股份有限公司,股票型ETF,主题指数ETF,931529.CSI,,,,,,
2024-11-15,561220.SH,数字经济ETF工银,20250530,中证诚通国企数字经济指数,中证诚通国企数字经济指数收益率,工银瑞信基金管理有限公司,国信证券股份有限公司,股票型ETF,主题指数ETF,931529.CSI,,,,,,
2024-11-18,561220.SH,数字经济ETF工银,20250530,中证诚通国企数字经济指数,中证诚通国企数字经济指数收益率,工银瑞信基金管理有限公司,国信证券股份有限公司,股票型ETF,主题指数ETF,931529.CSI,,,,,,
2024-11-19,561220.SH,数字经济ETF工银,20250530,中证诚通国企数字经济指数,中证诚通国企数字经济指数收益率,工银瑞信基金管理有限公司,国信证券股份有限公司,股票型ETF,主题指数ETF,931529.CSI,,,,,,
2024-11-20,561220.SH,数字经济ETF工银,20250530,中证诚通国企数字经济指数,中证诚通国企数字经济指数收益率,工银瑞信基金管理有限公司,国信证券股份有限公司,股票型ETF,主题指数ETF,931529.CSI,,,,,,
2024-11-21,561220.SH,数字经济ETF工银,20250530,中证诚通国企数字经济指数,中证诚通国企数字经济指数收益率,工银瑞信基金管理有限公司,国信证券股份有限公司,股票型ETF,主题指数ETF,931529.CSI,,,,,,
2024-11-22,561220.SH,数字经济ETF工银,20250530,中证诚通国企数字经济指数,中证诚通国企数字经济指数收益率,工银瑞信基金管理有限公司,国信证券股份有限公司,股票型ETF,主题指数ETF,931529.CSI,,,,,,
2024-11-25,561220.SH,数字经济ETF工银,20250530,中证诚通国企数字经济指数,中证诚通国企数字经济指数收益率,工银瑞信基金管理有限公司,国信证券股份有限公司,股票型ETF,主题指数ETF,931529.CSI,,,,,,
2024-11-26,561220.SH,数字经济ETF工银,20250530,中证诚通国企数字经济指数,中证诚通国企数字经济指数收益率,工银瑞信基金管理有限公司,国信证券股份有限公司,股票型ETF,主题指数ETF,931529.CSI,,,,,,
2024-11-27,561220.SH,数字经济ETF工银,20250530,中证诚通国企数字经济指数,中证诚通国企数字经济指数收益率,工银瑞信基金管理有限公司,国信证券股份有限公司,股票型ETF,主题指数ETF,931529.CSI,,,,,,
2024-11-28,561220.SH,数字经济ETF工银,20250530,中证诚通国企数字经济指数,中证诚通国企数字经济指数收益率,工银瑞信基金管理有限公司,国信证券股份有限公司,股票型ETF,主题指数ETF,931529.CSI,,,,,,
2024-11-29,561220.SH,数字经济ETF工银,20250530,中证诚通国企数字经济指数,中证诚通国企数字经济指数收益率,工银瑞信基金管理有限公司,国信证券股份有限公司,股票型ETF,主题指数ETF,931529.CSI,,,,,,
2024-12-02,561220.SH,数字经济ETF工银,20250530,中证诚通国企数字经济指数,中证诚通国企数字经济指数收益率,工银瑞信基金管理有限公司,国信证券股份有限公司,股票型ETF,主题指数ETF,931529.CSI,,,,,,
2024-12-03,561220.SH,数字经济ETF工银,20250530,中证诚通国企数字经济指数,中证诚通国企数字经济指数收益率,工银瑞信基金管理有限公司,国信证券股份有限公司,股票型ETF,主题指数ETF,931529.CSI,,,,,,
2024-12-04,561220.SH,数字经济ETF工银,20250530,中证诚通国企数字经济指数,中证诚通国企数字经济指数收益率,工银瑞信基金管理有限公司,国信证券股份有限公司,股票型ETF,主题指数ETF,931529.CSI,,,,,,
2024-12-05,561220.SH,数字经济ETF工银,20250530,中证诚通国企数字经济指数,中证诚通国企数字经济指数收益率,工银瑞信基金管理有限公司,国信证券股份有限公司,股票型ETF,主题指数ETF,931529.CSI,,,,,,
2024-12-06,561220.SH,数字经济ETF工银,20250530,中证诚通国企数字经济指数,中证诚通国企数字经济指数收益率,工银瑞信基金管理有限公司,国信证券股份有限公司,股票型ETF,主题指数ETF,931529.CSI,,,,,,
2024-12-09,561220.SH,数字经济ETF工银,20250530,中证诚通国企数字经济指数,中证诚通国企数字经济指数收益率,工银瑞信基金管理有限公司,国信证券股份有限公司,股票型ETF,主题指数ETF,931529.CSI,,,,,,
2024-12-10,561220.SH,数字经济ETF工银,20250530,中证诚通国企数字经济指数,中证诚通国企数字经济指数收益率,工银瑞信基金管理有限公司,国信证券股份有限公司,股票型ETF,主题指数ETF,931529.CSI,,,,,,
2024-12-11,561220.SH,数字经济ETF工银,20250530,中证诚通国企数字经济指数,中证诚通国企数字经济指数收益率,工银瑞信基金管理有限公司,国信证券股份有限公司,股票型ETF,主题指数ETF,931529.CSI,,,,,,
2024-12-12,561220.SH,数字经济ETF工银,20250530,中证诚通国企数字经济指数,中证诚通国企数字经济指数收益率,工银瑞信基金管理有限公司,国信证券股份有限公司,股票型ETF,主题指数ETF,931529.CSI,,,,,,
2024-12-13,561220.SH,数字经济ETF工银,20250530,中证诚通国企数字经济指数,中证诚通国企数字经济指数收益率,工银瑞信基金管理有限公司,国信证券股份有限公司,股票型ETF,主题指数ETF,931529.CSI,,,,,,
2024-12-16,561220.SH,数字经济ETF工银,20250530,中证诚通国企数字经济指数,中证诚通国企数字经济指数收益率,工银瑞信基金管理有限公司,国信证券股份有限公司,股票型ETF,主题指数ETF,931529.CSI,,,,,,
2024-12-17,561220.SH,数字经济ETF工银,20250530,中证诚通国企数字经济指数,中证诚通国企数字经济指数收益率,工银瑞信基金管理有限公司,国信证券股份有限公司,股票型ETF,主题指数ETF,931529.CSI,,,,,,
2024-12-18,561220.SH,数字经济ETF工银,20250530,中证诚通国企数字经济指数,中证诚通国企数字经济指数收益率,工银瑞信基金管理有限公司,国信证券股份有限公司,股票型ETF,主题指数ETF,931529.CSI,,,,,,
2024-12-19,561220.SH,数字经济ETF工银,20250530,中证诚通国企数字经济指数,中证诚通国企数字经济指数收益率,工银瑞信基金管理有限公司,国信证券股份有限公司,股票型ETF,主题指数ETF,931529.CSI,,,,,,
2024-12-20,561220.SH,数字经济ETF工银,20250530,中证诚通国企数字经济指数,中证诚通国企数字经济指数收益率,工银瑞信基金管理有限公司,国信证券股份有限公司,股票型ETF,主题指数ETF,931529.CSI,,,,,,
2024-12-23,561220.SH,数字经济ETF工银,20250530,中证诚通国企数字经济指数,中证诚通国企数字经济指数收益率,工银瑞信基金管理有限公司,国信证券股份有限公司,股票型ETF,主题指数ETF,931529.CSI,,,,,,
2024-12-24,561220.SH,数字经济ETF工银,20250530,中证诚通国企数字经济指数,中证诚通国企数字经济指数收益率,工银瑞信基金管理有限公司,国信证券股份有限公司,股票型ETF,主题指数ETF,931529.CSI,,,,,,
2024-12-25,561220.SH,数字经济ETF工银,20250530,中证诚通国企数字经济指数,中证诚通国企数字经济指数收益率,工银瑞信基金管理有限公司,国信证券股份有限公司,股票型ETF,主题指数ETF,931529.CSI,,,,,,
2024-12-26,561220.SH,数字经济ETF工银,20250530,中证诚通国企数字经济指数,中证诚通国企数字经济指数收益率,工银瑞信基金管理有限公司,国信证券股份有限公司,股票型ETF,主题指数ETF,931529.CSI,,,,,,
2024-12-27,561220.SH,数字经济ETF工银,20250530,中证诚通国企数字经济指数,中证诚通国企数字经济指数收益率,工银瑞信基金管理有限公司,国信证券股份有限公司,股票型ETF,主题指数ETF,931529.CSI,,,,,,
2024-12-30,561220.SH,数字经济ETF工银,20250530,中证诚通国企数字经济指数,中证诚通国企数字经济指数收益率,工银瑞信基金管理有限公司,国信证券股份有限公司,股票型ETF,主题指数ETF,931529.CSI,,,,,,
2024-12-31,561220.SH,数字经济ETF工银,20250530,中证诚通国企数字经济指数,中证诚通国企数字经济指数收益率,工银瑞信基金管理有限公司,国信证券股份有限公司,股票型ETF,主题指数ETF,931529.CSI,,,,,,
2025-01-02,561220.SH,数字经济ETF工银,20250530,中证诚通国企数字经济指数,中证诚通国企数字经济指数收益率,工银瑞信基金管理有限公司,国信证券股份有限公司,股票型ETF,主题指数ETF,931529.CSI,,,,,,
2025-01-03,561220.SH,数字经济ETF工银,20250530,中证诚通国企数字经济指数,中证诚通国企数字经济指数收益率,工银瑞信基金管理有限公司,国信证券股份有限公司,股票型ETF,主题指数ETF,931529.CSI,,,,,,
2025-01-06,561220.SH,数字经济ETF工银,20250530,中证诚通国企数字经济指数,中证诚通国企数字经济指数收益率,工银瑞信基金管理有限公司,国信证券股份有限公司,股票型ETF,主题指数ETF,931529.CSI,,,,,,
2025-01-07,561220.SH,数字经济ETF工银,20250530,中证诚通国企数字经济指数,中证诚通国企数字经济指数收益率,工银瑞信基金管理有限公司,国信证券股份有限公司,股票型ETF,主题指数ETF,931529.CSI,,,,,,
2025-01-08,561220.SH,数字经济ETF工银,20250530,中证诚通国企数字经济指数,中证诚通国企数字经济指数收益率,工银瑞信基金管理有限公司,国信证券股份有限公司,股票型ETF,主题指数ETF,931529.CSI,,,,,,
2025-01-09,561220.SH,数字经济ETF工银,20250530,中证诚通国企数字经济指数,中证诚通国企数字经济指数收益率,工银瑞信基金管理有限公司,国信证券股份有限公司,股票型ETF,主题指数ETF,931529.CSI,,,,,,
2025-01-10,561220.SH,数字经济ETF工银,20250530,中证诚通国企数字经济指数,中证诚通国企数字经济指数收益率,工银瑞信基金管理有限公司,国信证券股份有限公司,股票型ETF,主题指数ETF,931529.CSI,,,,,,
2025-01-13,561220.SH,数字经济ETF工银,20250530,中证诚通国企数字经济指数,中证诚通国企数字经济指数收益率,工银瑞信基金管理有限公司,国信证券股份有限公司,股票型ETF,主题指数ETF,931529.CSI,,,,,,
2025-01-14,561220.SH,数字经济ETF工银,20250530,中证诚通国企数字经济指数,中证诚通国企数字经济指数收益率,工银瑞信基金管理有限公司,国信证券股份有限公司,股票型ETF,主题指数ETF,931529.CSI,,,,,,
2025-01-15,561220.SH,数字经济ETF工银,20250530,中证诚通国企数字经济指数,中证诚通国企数字经济指数收益率,工银瑞信基金管理有限公司,国信证券股份有限公司,股票型ETF,主题指数ETF,931529.CSI,,,,,,
2025-01-16,561220.SH,数字经济ETF工银,20250530,中证诚通国企数字经济指数,中证诚通国企数字经济指数收益率,工银瑞信基金管理有限公司,国信证券股份有限公司,股票型ETF,主题指数ETF,931529.CSI,,,,,,
2025-01-17,561220.SH,数字经济ETF工银,20250530,中证诚通国企数字经济指数,中证诚通国企数字经济指数收益率,工银瑞信基金管理有限公司,国信证券股份有限公司,股票型ETF,主题指数ETF,931529.CSI,,,,,,
2025-01-20,561220.SH,数字经济ETF工银,20250530,中证诚通国企数字经济指数,中证诚通国企数字经济指数收益率,工银瑞信基金管理有限公司,国信证券股份有限公司,股票型ETF,主题指数ETF,931529.CSI,,,,,,
2025-01-21,561220.SH,数字经济ETF工银,20250530,中证诚通国企数字经济指数,中证诚通国企数字经济指数收益率,工银瑞信基金管理有限公司,国信证券股份有限公司,股票型ETF,主题指数ETF,931529.CSI,,,,,,
2025-01-22,561220.SH,数字经济ETF工银,20250530,中证诚通国企数字经济指数,中证诚通国企数字经济指数收益率,工银瑞信基金管理有限公司,国信证券股份有限公司,股票型ETF,主题指数ETF,931529.CSI,,,,,,
2025-01-23,561220.SH,数字经济ETF工银,20250530,中证诚通国企数字经济指数,中证诚通国企数字经济指数收益率,工银瑞信基金管理有限公司,国信证券股份有限公司,股票型ETF,主题指数ETF,931529.CSI,,,,,,
2025-01-24,561220.SH,数字经济ETF工银,20250530,中证诚通国企数字经济指数,中证诚通国企数字经济指数收益率,工银瑞信基金管理有限公司,国信证券股份有限公司,股票型ETF,主题指数ETF,931529.CSI,,,,,,
2025-01-27,561220.SH,数字经济ETF工银,20250530,中证诚通国企数字经济指数,中证诚通国企数字经济指数收益率,工银瑞信基金管理有限公司,国信证券股份有限公司,股票型ETF,主题指数ETF,931529.CSI,,,,,,
2025-02-05,561220.SH,数字经济ETF工银,20250530,中证诚通国企数字经济指数,中证诚通国企数字经济指数收益率,工银瑞信基金管理有限公司,国信证券股份有限公司,股票型ETF,主题指数ETF,931529.CSI,,,,,,
2025-02-06,561220.SH,数字经济ETF工银,20250530,中证诚通国企数字经济指数,中证诚通国企数字经济指数收益率,工银瑞信基金管理有限公司,国信证券股份有限公司,股票型ETF,主题指数ETF,931529.CSI,,,,,,
2025-02-07,561220.SH,数字经济ETF工银,20250530,中证诚通国企数字经济指数,中证诚通国企数字经济指数收益率,工银瑞信基金管理有限公司,国信证券股份有限公司,股票型ETF,主题指数ETF,931529.CSI,,,,,,
2025-02-10,561220.SH,数字经济ETF工银,20250530,中证诚通国企数字经济指数,中证诚通国企数字经济指数收益率,工银瑞信基金管理有限公司,国信证券股份有限公司,股票型ETF,主题指数ETF,931529.CSI,,,,,,
2025-02-11,561220.SH,数字经济ETF工银,20250530,中证诚通国企数字经济指数,中证诚通国企数字经济指数收益率,工银瑞信基金管理有限公司,国信证券股份有限公司,股票型ETF,主题指数ETF,931529.CSI,,,,,,
2025-02-12,561220.SH,数字经济ETF工银,20250530,中证诚通国企数字经济指数,中证诚通国企数字经济指数收益率,工银瑞信基金管理有限公司,国信证券股份有限公司,股票型ETF,主题指数ETF,931529.CSI,,,,,,
2025-02-13,561220.SH,数字经济ETF工银,20250530,中证诚通国企数字经济指数,中证诚通国企数字经济指数收益率,工银瑞信基金管理有限公司,国信证券股份有限公司,股票型ETF,主题指数ETF,931529.CSI,,,,,,
2025-02-14,561220.SH,数字经济ETF工银,20250530,中证诚通国企数字经济指数,中证诚通国企数字经济指数收益率,工银瑞信基金管理有限公司,国信证券股份有限公司,股票型ETF,主题指数ETF,931529.CSI,,,,,,
2025-02-17,561220.SH,数字经济ETF工银,20250530,中证诚通国企数字经济指数,中证诚通国企数字经济指数收益率,工银瑞信基金管理有限公司,国信证券股份有限公司,股票型ETF,主题指数ETF,931529.CSI,,,,,,
2025-02-18,561220.SH,数字经济ETF工银,20250530,中证诚通国企数字经济指数,中证诚通国企数字经济指数收益率,工银瑞信基金管理有限公司,国信证券股份有限公司,股票型ETF,主题指数ETF,931529.CSI,,,,,,
2025-02-19,561220.SH,数字经济ETF工银,20250530,中证诚通国企数字经济指数,中证诚通国企数字经济指数收益率,工银瑞信基金管理有限公司,国信证券股份有限公司,股票型ETF,主题指数ETF,931529.CSI,,,,,,
2025-02-20,561220.SH,数字经济ETF工银,20250530,中证诚通国企数字经济指数,中证诚通国企数字经济指数收益率,工银瑞信基金管理有限公司,国信证券股份有限公司,股票型ETF,主题指数ETF,931529.CSI,,,,,,
2025-02-21,561220.SH,数字经济ETF工银,20250530,中证诚通国企数字经济指数,中证诚通国企数字经济指数收益率,工银瑞信基金管理有限公司,国信证券股份有限公司,股票型ETF,主题指数ETF,931529.CSI,,,,,,
2025-02-24,561220.SH,数字经济ETF工银,20250530,中证诚通国企数字经济指数,中证诚通国企数字经济指数收益率,工银瑞信基金管理有限公司,国信证券股份有限公司,股票型ETF,主题指数ETF,931529.CSI,,,,,,
2025-02-25,561220.SH,数字经济ETF工银,20250530,中证诚通国企数字经济指数,中证诚通国企数字经济指数收益率,工银瑞信基金管理有限公司,国信证券股份有限公司,股票型ETF,主题指数ETF,931529.CSI,,,,,,
2025-02-26,561220.SH,数字经济ETF工银,20250530,中证诚通国企数字经济指数,中证诚通国企数字经济指数收益率,工银瑞信基金管理有限公司,国信证券股份有限公司,股票型ETF,主题指数ETF,931529.CSI,,,,,,
2025-02-27,561220.SH,数字经济ETF工银,20250530,中证诚通国企数字经济指数,中证诚通国企数字经济指数收益率,工银瑞信基金管理有限公司,国信证券股份有限公司,股票型ETF,主题指数ETF,931529.CSI,,,,,,
2025-02-28,561220.SH,数字经济ETF工银,20250530,中证诚通国企数字经济指数,中证诚通国企数字经济指数收益率,工银瑞信基金管理有限公司,国信证券股份有限公司,股票型ETF,主题指数ETF,931529.CSI,,,,,,
2025-03-03,561220.SH,数字经济ETF工银,20250530,中证诚通国企数字经济指数,中证诚通国企数字经济指数收益率,工银瑞信基金管理有限公司,国信证券股份有限公司,股票型ETF,主题指数ETF,931529.CSI,,,,,,
2025-03-04,561220.SH,数字经济ETF工银,20250530,中证诚通国企数字经济指数,中证诚通国企数字经济指数收益率,工银瑞信基金管理有限公司,国信证券股份有限公司,股票型ETF,主题指数ETF,931529.CSI,,,,,,
2025-03-05,561220.SH,数字经济ETF工银,20250530,中证诚通国企数字经济指数,中证诚通国企数字经济指数收益率,工银瑞信基金管理有限公司,国信证券股份有限公司,股票型ETF,主题指数ETF,931529.CSI,,,,,,
2025-03-06,561220.SH,数字经济ETF工银,20250530,中证诚通国企数字经济指数,中证诚通国企数字经济指数收益率,工银瑞信基金管理有限公司,国信证券股份有限公司,股票型ETF,主题指数ETF,931529.CSI,,,,,,
2025-03-07,561220.SH,数字经济ETF工银,20250530,中证诚通国企数字经济指数,中证诚通国企数字经济指数收益率,工银瑞信基金管理有限公司,国信证券股份有限公司,股票型ETF,主题指数ETF,931529.CSI,,,,,,
2025-03-10,561220.SH,数字经济ETF工银,20250530,中证诚通国企数字经济指数,中证诚通国企数字经济指数收益率,工银瑞信基金管理有限公司,国信证券股份有限公司,股票型ETF,主题指数ETF,931529.CSI,,,,,,
2025-03-11,561220.SH,数字经济ETF工银,20250530,中证诚通国企数字经济指数,中证诚通国企数字经济指数收益率,工银瑞信基金管理有限公司,国信证券股份有限公司,股票型ETF,主题指数ETF,931529.CSI,,,,,,
2025-03-12,561220.SH,数字经济ETF工银,20250530,中证诚通国企数字经济指数,中证诚通国企数字经济指数收益率,工银瑞信基金管理有限公司,国信证券股份有限公司,股票型ETF,主题指数ETF,931529.CSI,,,,,,
2025-03-13,561220.SH,数字经济ETF工银,20250530,中证诚通国企数字经济指数,中证诚通国企数字经济指数收益率,工银瑞信基金管理有限公司,国信证券股份有限公司,股票型ETF,主题指数ETF,931529.CSI,,,,,,
2025-03-14,561220.SH,数字经济ETF工银,20250530,中证诚通国企数字经济指数,中证诚通国企数字经济指数收益率,工银瑞信基金管理有限公司,国信证券股份有限公司,股票型ETF,主题指数ETF,931529.CSI,,,,,,
2025-03-17,561220.SH,数字经济ETF工银,20250530,中证诚通国企数字经济指数,中证诚通国企数字经济指数收益率,工银瑞信基金管理有限公司,国信证券股份有限公司,股票型ETF,主题指数ETF,931529.CSI,,,,,,
2025-03-18,561220.SH,数字经济ETF工银,20250530,中证诚通国企数字经济指数,中证诚通国企数字经济指数收益率,工银瑞信基金管理有限公司,国信证券股份有限公司,股票型ETF,主题指数ETF,931529.CSI,,,,,,
2025-03-19,561220.SH,数字经济ETF工银,20250530,中证诚通国企数字经济指数,中证诚通国企数字经济指数收益率,工银瑞信基金管理有限公司,国信证券股份有限公司,股票型ETF,主题指数ETF,931529.CSI,,,,,,
2025-03-20,561220.SH,数字经济ETF工银,20250530,中证诚通国企数字经济指数,中证诚通国企数字经济指数收益率,工银瑞信基金管理有限公司,国信证券股份有限公司,股票型ETF,主题指数ETF,931529.CSI,,,,,,
2025-03-21,561220.SH,数字经济ETF工银,20250530,中证诚通国企数字经济指数,中证诚通国企数字经济指数收益率,工银瑞信基金管理有限公司,国信证券股份有限公司,股票型ETF,主题指数ETF,931529.CSI,,,,,,
2025-03-24,561220.SH,数字经济ETF工银,20250530,中证诚通国企数字经济指数,中证诚通国企数字经济指数收益率,工银瑞信基金管理有限公司,国信证券股份有限公司,股票型ETF,主题指数ETF,931529.CSI,,,,,,
2025-03-25,561220.SH,数字经济ETF工银,20250530,中证诚通国企数字经济指数,中证诚通国企数字经济指数收益率,工银瑞信基金管理有限公司,国信证券股份有限公司,股票型ETF,主题指数ETF,931529.CSI,,,,,,
2025-03-26,561220.SH,数字经济ETF工银,20250530,中证诚通国企数字经济指数,中证诚通国企数字经济指数收益率,工银瑞信基金管理有限公司,国信证券股份有限公司,股票型ETF,主题指数ETF,931529.CSI,,,,,,
2025-03-27,561220.SH,数字经济ETF工银,20250530,中证诚通国企数字经济指数,中证诚通国企数字经济指数收益率,工银瑞信基金管理有限公司,国信证券股份有限公司,股票型ETF,主题指数ETF,931529.CSI,,,,,,
2025-03-28,561220.SH,数字经济ETF工银,20250530,中证诚通国企数字经济指数,中证诚通国企数字经济指数收益率,工银瑞信基金管理有限公司,国信证券股份有限公司,股票型ETF,主题指数ETF,931529.CSI,,,,,,
2025-03-31,561220.SH,数字经济ETF工银,20250530,中证诚通国企数字经济指数,中证诚通国企数字经济指数收益率,工银瑞信基金管理有限公司,国信证券股份有限公司,股票型ETF,主题指数ETF,931529.CSI,,,,,,
2025-04-01,561220.SH,数字经济ETF工银,20250530,中证诚通国企数字经济指数,中证诚通国企数字经济指数收益率,工银瑞信基金管理有限公司,国信证券股份有限公司,股票型ETF,主题指数ETF,931529.CSI,,,,,,
2025-04-02,561220.SH,数字经济ETF工银,20250530,中证诚通国企数字经济指数,中证诚通国企数字经济指数收益率,工银瑞信基金管理有限公司,国信证券股份有限公司,股票型ETF,主题指数ETF,931529.CSI,,,,,,
2025-04-03,561220.SH,数字经济ETF工银,20250530,中证诚通国企数字经济指数,中证诚通国企数字经济指数收益率,工银瑞信基金管理有限公司,国信证券股份有限公司,股票型ETF,主题指数ETF,931529.CSI,,,,,,
2025-04-07,561220.SH,数字经济ETF工银,20250530,中证诚通国企数字经济指数,中证诚通国企数字经济指数收益率,工银瑞信基金管理有限公司,国信证券股份有限公司,股票型ETF,主题指数ETF,931529.CSI,,,,,,
2025-04-08,561220.SH,数字经济ETF工银,20250530,中证诚通国企数字经济指数,中证诚通国企数字经济指数收益率,工银瑞信基金管理有限公司,国信证券股份有限公司,股票型ETF,主题指数ETF,931529.CSI,,,,,,
2025-04-09,561220.SH,数字经济ETF工银,20250530,中证诚通国企数字经济指数,中证诚通国企数字经济指数收益率,工银瑞信基金管理有限公司,国信证券股份有限公司,股票型ETF,主题指数ETF,931529.CSI,,,,,,
2025-04-10,561220.SH,数字经济ETF工银,20250530,中证诚通国企数字经济指数,中证诚通国企数字经济指数收益率,工银瑞信基金管理有限公司,国信证券股份有限公司,股票型ETF,主题指数ETF,931529.CSI,,,,,,
2025-04-11,561220.SH,数字经济ETF工银,20250530,中证诚通国企数字经济指数,中证诚通国企数字经济指数收益率,工银瑞信基金管理有限公司,国信证券股份有限公司,股票型ETF,主题指数ETF,931529.CSI,,,,,,
2025-04-14,561220.SH,数字经济ETF工银,20250530,中证诚通国企数字经济指数,中证诚通国企数字经济指数收益率,工银瑞信基金管理有限公司,国信证券股份有限公司,股票型ETF,主题指数ETF,931529.CSI,,,,,,
2025-04-15,561220.SH,数字经济ETF工银,20250530,中证诚通国企数字经济指数,中证诚通国企数字经济指数收益率,工银瑞信基金管理有限公司,国信证券股份有限公司,股票型ETF,主题指数ETF,931529.CSI,,,,,,
2025-04-16,561220.SH,数字经济ETF工银,20250530,中证诚通国企数字经济指数,中证诚通国企数字经济指数收益率,工银瑞信基金管理有限公司,国信证券股份有限公司,股票型ETF,主题指数ETF,931529.CSI,,,,,,
2025-04-17,561220.SH,数字经济ETF工银,20250530,中证诚通国企数字经济指数,中证诚通国企数字经济指数收益率,工银瑞信基金管理有限公司,国信证券股份有限公司,股票型ETF,主题指数ETF,931529.CSI,,,,,,
2025-04-18,561220.SH,数字经济ETF工银,20250530,中证诚通国企数字经济指数,中证诚通国企数字经济指数收益率,工银瑞信基金管理有限公司,国信证券股份有限公司,股票型ETF,主题指数ETF,931529.CSI,,,,,,
2025-04-21,561220.SH,数字经济ETF工银,20250530,中证诚通国企数字经济指数,中证诚通国企数字经济指数收益率,工银瑞信基金管理有限公司,国信证券股份有限公司,股票型ETF,主题指数ETF,931529.CSI,,,,,,
2025-04-22,561220.SH,数字经济ETF工银,20250530,中证诚通国企数字经济指数,中证诚通国企数字经济指数收益率,工银瑞信基金管理有限公司,国信证券股份有限公司,股票型ETF,主题指数ETF,931529.CSI,,,,,,
2025-04-23,561220.SH,数字经济ETF工银,20250530,中证诚通国企数字经济指数,中证诚通国企数字经济指数收益率,工银瑞信基金管理有限公司,国信证券股份有限公司,股票型ETF,主题指数ETF,931529.CSI,,,,,,
2025-04-24,561220.SH,数字经济ETF工银,20250530,中证诚通国企数字经济指数,中证诚通国企数字经济指数收益率,工银瑞信基金管理有限公司,国信证券股份有限公司,股票型ETF,主题指数ETF,931529.CSI,,,,,,
2025-04-25,561220.SH,数字经济ETF工银,20250530,中证诚通国企数字经济指数,中证诚通国企数字经济指数收益率,工银瑞信基金管理有限公司,国信证券股份有限公司,股票型ETF,主题指数ETF,931529.CSI,,,,,,
2025-04-28,561220.SH,数字经济ETF工银,20250530,中证诚通国企数字经济指数,中证诚通国企数字经济指数收益率,工银瑞信基金管理有限公司,国信证券股份有限公司,股票型ETF,主题指数ETF,931529.CSI,,,,,,
2025-04-29,561220.SH,数字经济ETF工银,20250530,中证诚通国企数字经济指数,中证诚通国企数字经济指数收益率,工银瑞信基金管理有限公司,国信证券股份有限公司,股票型ETF,主题指数ETF,931529.CSI,,,,,,
2025-04-30,561220.SH,数字经济ETF工银,20250530,中证诚通国企数字经济指数,中证诚通国企数字经济指数收益率,工银瑞信基金管理有限公司,国信证券股份有限公司,股票型ETF,主题指数ETF,931529.CSI,,,,,,
2025-05-06,561220.SH,数字经济ETF工银,20250530,中证诚通国企数字经济指数,中证诚通国企数字经济指数收益率,工银瑞信基金管理有限公司,国信证券股份有限公司,股票型ETF,主题指数ETF,931529.CSI,,,,,,
2025-05-07,561220.SH,数字经济ETF工银,20250530,中证诚通国企数字经济指数,中证诚通国企数字经济指数收益率,工银瑞信基金管理有限公司,国信证券股份有限公司,股票型ETF,主题指数ETF,931529.CSI,,,,,,
2025-05-08,561220.SH,数字经济ETF工银,20250530,中证诚通国企数字经济指数,中证诚通国企数字经济指数收益率,工银瑞信基金管理有限公司,国信证券股份有限公司,股票型ETF,主题指数ETF,931529.CSI,,,,,,
2025-05-09,561220.SH,数字经济ETF工银,20250530,中证诚通国企数字经济指数,中证诚通国企数字经济指数收益率,工银瑞信基金管理有限公司,国信证券股份有限公司,股票型ETF,主题指数ETF,931529.CSI,,,,,,
2025-05-12,561220.SH,数字经济ETF工银,20250530,中证诚通国企数字经济指数,中证诚通国企数字经济指数收益率,工银瑞信基金管理有限公司,国信证券股份有限公司,股票型ETF,主题指数ETF,931529.CSI,,,,,,
2025-05-13,561220.SH,数字经济ETF工银,20250530,中证诚通国企数字经济指数,中证诚通国企数字经济指数收益率,工银瑞信基金管理有限公司,国信证券股份有限公司,股票型ETF,主题指数ETF,931529.CSI,,,,,,
2025-05-14,561220.SH,数字经济ETF工银,20250530,中证诚通国企数字经济指数,中证诚通国企数字经济指数收益率,工银瑞信基金管理有限公司,国信证券股份有限公司,股票型ETF,主题指数ETF,931529.CSI,,,,,,
2025-05-15,561220.SH,数字经济ETF工银,20250530,中证诚通国企数字经济指数,中证诚通国企数字经济指数收益率,工银瑞信基金管理有限公司,国信证券股份有限公司,股票型ETF,主题指数ETF,931529.CSI,,,,,,
2025-05-16,561220.SH,数字经济ETF工银,20250530,中证诚通国企数字经济指数,中证诚通国企数字经济指数收益率,工银瑞信基金管理有限公司,国信证券股份有限公司,股票型ETF,主题指数ETF,931529.CSI,,,,,,
2025-05-19,561220.SH,数字经济ETF工银,20250530,中证诚通国企数字经济指数,中证诚通国企数字经济指数收益率,工银瑞信基金管理有限公司,国信证券股份有限公司,股票型ETF,主题指数ETF,931529.CSI,,,,,,
2025-05-20,561220.SH,数字经济ETF工银,20250530,中证诚通国企数字经济指数,中证诚通国企数字经济指数收益率,工银瑞信基金管理有限公司,国信证券股份有限公司,股票型ETF,主题指数ETF,931529.CSI,,,,,,
2025-05-21,561220.SH,数字经济ETF工银,20250530,中证诚通国企数字经济指数,中证诚通国企数字经济指数收益率,工银瑞信基金管理有限公司,国信证券股份有限公司,股票型ETF,主题指数ETF,931529.CSI,982053000.0,,,,,
2025-05-22,561220.SH,数字经济ETF工银,20250530,中证诚通国企数字经济指数,中证诚通国企数字经济指数收益率,工银瑞信基金管理有限公司,国信证券股份有限公司,股票型ETF,主题指数ETF,931529.CSI,982053000.0,,,,,
2025-05-23,561220.SH,数字经济ETF工银,20250530,中证诚通国企数字经济指数,中证诚通国企数字经济指数收益率,工银瑞信基金管理有限公司,国信证券股份有限公司,股票型ETF,主题指数ETF,931529.CSI,982053000.0,,,,,
2025-05-26,561220.SH,数字经济ETF工银,20250530,中证诚通国企数字经济指数,中证诚通国企数字经济指数收益率,工银瑞信基金管理有限公司,国信证券股份有限公司,股票型ETF,主题指数ETF,931529.CSI,982053000.0,,,,,
2025-05-27,561220.SH,数字经济ETF工银,20250530,中证诚通国企数字经济指数,中证诚通国企数字经济指数收益率,工银瑞信基金管理有限公司,国信证券股份有限公司,股票型ETF,主题指数ETF,931529.CSI,982053000.0,,,,,
2025-05-28,561220.SH,数字经济ETF工银,20250530,中证诚通国企数字经济指数,中证诚通国企数字经济指数收益率,工银瑞信基金管理有限公司,国信证券股份有限公司,股票型ETF,主题指数ETF,931529.CSI,982053000.0,,,,,
2025-05-29,561220.SH,数字经济ETF工银,20250530,中证诚通国企数字经济指数,中证诚通国企数字经济指数收益率,工银瑞信基金管理有限公司,国信证券股份有限公司,股票型ETF,主题指数ETF,931529.CSI,992953788.3,,,,,
2025-05-30,561220.SH,数字经济ETF工银,20250530,中证诚通国企数字经济指数,中证诚通国企数字经济指数收益率,工银瑞信基金管理有限公司,国信证券股份有限公司,股票型ETF,主题指数ETF,931529.CSI,907143705.3,92635100,92764078,1.001,1.0013923232123,0.089991001
2025-06-03,561220.SH,数字经济ETF工银,20250530,中证诚通国企数字经济指数,中证诚通国企数字经济指数收益率,工银瑞信基金管理有限公司,国信证券股份有限公司,股票型ETF,主题指数ETF,931529.CSI,868513212.0,51727500,51990354,1.003,1.0050815137016,-0.099601594
2025-06-04,561220.SH,数字经济ETF工银,20250530,中证诚通国企数字经济指数,中证诚通国企数字经济指数收益率,工银瑞信基金管理有限公司,国信证券股份有限公司,股票型ETF,主题指数ETF,931529.CSI,829061286.9,49213800,49608621,1.006,1.008022566841,-0.129057877
2025-06-05,561220.SH,数字经济ETF工银,20250530,中证诚通国企数字经济指数,中证诚通国企数字经济指数收益率,工银瑞信基金管理有限公司,国信证券股份有限公司,股票型ETF,主题指数ETF,931529.CSI,738521421.3,177170900,179839173,1.019,1.0150604472856,-0.303297133
2025-06-06,561220.SH,数字经济ETF工银,20250530,中证诚通国企数字经济指数,中证诚通国企数字经济指数收益率,工银瑞信基金管理有限公司,国信证券股份有限公司,股票型ETF,主题指数ETF,931529.CSI,640838408.4,92072600,93948777,1.022,1.0203771480332,-0.07821666
2025-06-09,561220.SH,数字经济ETF工银,20250530,中证诚通国企数字经济指数,中证诚通国企数字经济指数收益率,工银瑞信基金管理有限公司,国信证券股份有限公司,股票型ETF,主题指数ETF,931529.CSI,573501774.3,47156200,48212128,1.024,1.0223921350745,0.087967941
2025-06-10,561220.SH,数字经济ETF工银,20250530,中证诚通国企数字经济指数,中证诚通国企数字经济指数收益率,工银瑞信基金管理有限公司,国信证券股份有限公司,股票型ETF,主题指数ETF,931529.CSI,558166001.4,30381400,30684629,1.003,1.0099807447978,-0.079697151
2025-06-11,561220.SH,数字经济ETF工银,20250530,中证诚通国企数字经济指数,中证诚通国企数字经济指数收益率,工银瑞信基金管理有限公司,国信证券股份有限公司,股票型ETF,主题指数ETF,931529.CSI,556053000.0,8755100,8780681,1.002,1.0029218398419,0.2
2025-06-12,561220.SH,数字经济ETF工银,20250530,中证诚通国企数字经济指数,中证诚通国企数字经济指数收益率,工银瑞信基金管理有限公司,国信证券股份有限公司,股票型ETF,主题指数ETF,931529.CSI,554692386.6,14413100,14321568,0.992,0.99364938840361,-0.020157226
2025-06-13,561220.SH,数字经济ETF工银,20250530,中证诚通国企数字经济指数,中证诚通国企数字经济指数收益率,工银瑞信基金管理有限公司,国信证券股份有限公司,股票型ETF,主题指数ETF,931529.CSI,669291486.6,121516600,120290106,0.992,0.98990677816858,-0.020157226
2025-06-16,561220.SH,数字经济ETF工银,20250530,中证诚通国企数字经济指数,中证诚通国企数字经济指数收益率,工银瑞信基金管理有限公司,国信证券股份有限公司,股票型ETF,主题指数ETF,931529.CSI,668712894.0,15225900,15166231,0.998,0.99608108551875,0
2025-06-17,561220.SH,数字经济ETF工银,20250530,中证诚通国企数字经济指数,中证诚通国企数字经济指数收益率,工银瑞信基金管理有限公司,国信证券股份有限公司,股票型ETF,主题指数ETF,931529.CSI,665161613.1,4482600,4448312,0.992,0.99235086779994,-0.070514758
2025-06-18,561220.SH,数字经济ETF工银,20250530,中证诚通国企数字经济指数,中证诚通国企数字经济指数收益率,工银瑞信基金管理有限公司,国信证券股份有限公司,股票型ETF,主题指数ETF,931529.CSI,661529598.6,15207400,15149246,0.995,0.99617594066047,-0.120457739
2025-06-19,561220.SH,数字经济ETF工银,20250530,中证诚通国企数字经济指数,中证诚通国企数字经济指数收益率,工银瑞信基金管理有限公司,国信证券股份有限公司,股票型ETF,主题指数ETF,931529.CSI,655434049.5,12822100,12768336,0.991,0.99580692710242,-0.050428643
2025-06-20,561220.SH,数字经济ETF工银,20250530,中证诚通国企数字经济指数,中证诚通国企数字经济指数收益率,工银瑞信基金管理有限公司,国信证券股份有限公司,股票型ETF,主题指数ETF,931529.CSI,651044766.3,9837600,9727971,0.986,0.98885612344474,-0.111437544
2025-06-23,561220.SH,数字经济ETF工银,20250530,中证诚通国企数字经济指数,中证诚通国企数字经济指数收益率,工银瑞信基金管理有限公司,国信证券股份有限公司,股票型ETF,主题指数ETF,931529.CSI,653226223.5,20588300,20502132,0.999,0.99581471029662,-0.050025013
2025-06-24,561220.SH,数字经济ETF工银,20250530,中证诚通国企数字经济指数,中证诚通国企数字经济指数收益率,工银瑞信基金管理有限公司,国信证券股份有限公司,股票型ETF,主题指数ETF,931529.CSI,632282742.0,54776800,55303696,1.012,1.0096189627726,-0.197238659
2025-06-25,561220.SH,数字经济ETF工银,20250530,中证诚通国企数字经济指数,中证诚通国企数字经济指数收益率,工银瑞信基金管理有限公司,国信证券股份有限公司,股票型ETF,主题指数ETF,931529.CSI,611478300.6,80367400,82084736,1.028,1.0213685648659,-0.213550767
2025-06-26,561220.SH,数字经济ETF工银,20250530,中证诚通国企数字经济指数,中证诚通国企数字经济指数收益率,工银瑞信基金管理有限公司,国信证券股份有限公司,股票型ETF,主题指数ETF,931529.CSI,580459590.0,70091800,72355404,1.028,1.0322948476141,-0.194174757
2025-06-27,561220.SH,数字经济ETF工银,20250530,中证诚通国企数字经济指数,中证诚通国企数字经济指数收益率,工银瑞信基金管理有限公司,国信证券股份有限公司,股票型ETF,主题指数ETF,931529.CSI,518508524.1,128515700,132296333,1.027,1.0294176742608,-0.262212295
2025-06-30,561220.SH,数字经济ETF工银,20250530,中证诚通国企数字经济指数,中证诚通国企数字经济指数收益率,工银瑞信基金管理有限公司,国信证券股份有限公司,股票型ETF,主题指数ETF,931529.CSI,462803200.2,44702300,46453419,1.042,1.0391729060921,-0.13417673
2025-07-01,561220.SH,数字经济ETF工银,20250530,中证诚通国企数字经济指数,中证诚通国企数字经济指数收益率,工银瑞信基金管理有限公司,国信证券股份有限公司,股票型ETF,主题指数ETF,931529.CSI,404472879.9,19944500,20698319,1.037,1.0377958334378,-0.125204661
2025-07-02,561220.SH,数字经济ETF工银,20250530,中证诚通国企数字经济指数,中证诚通国企数字经济指数收益率,工银瑞信基金管理有限公司,国信证券股份有限公司,股票型ETF,主题指数ETF,931529.CSI,396085697.1,10383500,10608844,1.019,1.0217021235614,-0.166552366
2025-07-03,561220.SH,数字经济ETF工银,20250530,中证诚通国企数字经济指数,中证诚通国企数字经济指数收益率,工银瑞信基金管理有限公司,国信证券股份有限公司,股票型ETF,主题指数ETF,931529.CSI,393410312.1,12218400,12512246,1.025,1.0240494663786,-0.068246076
2025-07-04,561220.SH,数字经济ETF工银,20250530,中证诚通国企数字经济指数,中证诚通国企数字经济指数收益率,工银瑞信基金管理有限公司,国信证券股份有限公司,股票型ETF,主题指数ETF,931529.CSI,390980152.2,12805700,13205411,1.026,1.0312135221034,-0.136266303
2025-07-07,561220.SH,数字经济ETF工银,20250530,中证诚通国企数字经济指数,中证诚通国企数字经济指数收益率,工银瑞信基金管理有限公司,国信证券股份有限公司,股票型ETF,主题指数ETF,931529.CSI,387164734.2,9007500,9208667,1.02,1.022333277824,-0.137066771
2025-07-08,561220.SH,数字经济ETF工银,20250530,中证诚通国企数字经济指数,中证诚通国企数字经济指数收益率,工银瑞信基金管理有限公司,国信证券股份有限公司,股票型ETF,主题指数ETF,931529.CSI,383818971.6,16013500,16563125,1.036,1.0343226028039,-0.115696105
2025-07-09,561220.SH,数字经济ETF工银,20250530,中证诚通国企数字经济指数,中证诚通国企数字经济指数收益率,工银瑞信基金管理有限公司,国信证券股份有限公司,股票型ETF,主题指数ETF,931529.CSI,380051853.6,10133100,10484836,1.03,1.0347115887537,-0.116369279
2025-07-10,561220.SH,数字经济ETF工银,20250530,中证诚通国企数字经济指数,中证诚通国企数字经济指数收益率,工银瑞信基金管理有限公司,国信证券股份有限公司,股票型ETF,主题指数ETF,931529.CSI,377770947.6,8900400,9156853,1.029,1.0288136488248,-0.019432569
2025-07-11,561220.SH,数字经济ETF工银,20250530,中证诚通国企数字经济指数,中证诚通国企数字经济指数收益率,工银瑞信基金管理有限公司,国信证券股份有限公司,股票型ETF,主题指数ETF,931529.CSI,367094079.9,18394400,19100836,1.038,1.0384049493324,-0.028893383
2025-07-14,561220.SH,数字经济ETF工银,20250530,中证诚通国企数字经济指数,中证诚通国企数字经济指数收益率,工银瑞信基金管理有限公司,国信证券股份有限公司,股票型ETF,主题指数ETF,931529.CSI,363424311.9,7630800,7874554,1.032,1.0319434397442,-0.029061319
2025-07-15,561220.SH,数字经济ETF工银,20250530,中证诚通国企数字经济指数,中证诚通国企数字经济指数收益率,工银瑞信基金管理有限公司,国信证券股份有限公司,股票型ETF,主题指数ETF,931529.CSI,359609966.1,12155500,12647028,1.044,1.0404366747563,0.028743892
2025-07-16,561220.SH,数字经济ETF工银,20250530,中证诚通国企数字经济指数,中证诚通国企数字经济指数收益率,工银瑞信基金管理有限公司,国信证券股份有限公司,股票型ETF,主题指数ETF,931529.CSI,356123319.3,8241900,8566622,1.037,1.0393989250052,-0.105962817
2025-07-17,561220.SH,数字经济ETF工银,20250530,中证诚通国企数字经济指数,中证诚通国企数字经济指数收益率,工银瑞信基金管理有限公司,国信证券股份有限公司,股票型ETF,主题指数ETF,931529.CSI,356851618.2,6743000,7045669,1.049,1.0448864007118,-0.038117019
2025-07-18,561220.SH,数字经济ETF工银,20250530,中证诚通国企数字经济指数,中证诚通国企数字经济指数收益率,工银瑞信基金管理有限公司,国信证券股份有限公司,股票型ETF,主题指数ETF,931529.CSI,309953176.5,52432600,55153416,1.051,1.051891685707,0.047596383
2025-07-21,561220.SH,数字经济ETF工银,20250530,中证诚通国企数字经济指数,中证诚通国企数字经济指数收益率,工银瑞信基金管理有限公司,国信证券股份有限公司,股票型ETF,主题指数ETF,931529.CSI,308847111.3,7789800,8171145,1.051,1.0489544019102,-0.104552799
2025-07-22,561220.SH,数字经济ETF工银,20250530,中证诚通国企数字经济指数,中证诚通国企数字经济指数收益率,工银瑞信基金管理有限公司,国信证券股份有限公司,股票型ETF,主题指数ETF,931529.CSI,305516479.5,7659400,8051502,1.052,1.0511922604904,0.047551117
2025-07-23,561220.SH,数字经济ETF工银,20250530,中证诚通国企数字经济指数,中证诚通国企数字经济指数收益率,工银瑞信基金管理有限公司,国信证券股份有限公司,股票型ETF,主题指数ETF,931529.CSI,304001031.6,9864800,10430496,1.057,1.0573449030898,-0.018917896
2025-07-24,561220.SH,数字经济ETF工银,20250530,中证诚通国企数字经济指数,中证诚通国企数字经济指数收益率,工银瑞信基金管理有限公司,国信证券股份有限公司,股票型ETF,主题指数ETF,931529.CSI,306219736.5,4172500,4450922,1.069,1.0667278609946,-0.140121439
2025-07-25,561220.SH,数字经济ETF工银,20250530,中证诚通国企数字经济指数,中证诚通国企数字经济指数收益率,工银瑞信基金管理有限公司,国信证券股份有限公司,股票型ETF,主题指数ETF,931529.CSI,307630248.3,9459400,10113732,1.08,1.0691726747997,-0.101748219
2025-07-28,561220.SH,数字经济ETF工银,20250530,中证诚通国企数字经济指数,中证诚通国企数字经济指数收益率,工银瑞信基金管理有限公司,国信证券股份有限公司,股票型ETF,主题指数ETF,931529.CSI,305710247.4,9496600,10292827,1.085,1.0838433755239,-0.073678394
2025-07-29,561220.SH,数字经济ETF工银,20250530,中证诚通国企数字经济指数,中证诚通国企数字经济指数收益率,工银瑞信基金管理有限公司,国信证券股份有限公司,股票型ETF,主题指数ETF,931529.CSI,300690951.6,9723400,10551778,1.097,1.085194273608,-0.018228217
2025-07-30,561220.SH,数字经济ETF工银,20250530,中证诚通国企数字经济指数,中证诚通国企数字经济指数收益率,工银瑞信基金管理有限公司,国信证券股份有限公司,股票型ETF,主题指数ETF,931529.CSI,294228031.5,10418500,11325073,1.083,1.087015693238,-0.230308614
2025-07-31,561220.SH,数字经济ETF工银,20250530,中证诚通国企数字经济指数,中证诚通国企数字经济指数收益率,工银瑞信基金管理有限公司,国信证券股份有限公司,股票型ETF,主题指数ETF,931529.CSI,289958162.1,4775800,5179105,1.075,1.0844476318104,-0.065073905
2025-08-01,561220.SH,数字经济ETF工银,20250530,中证诚通国企数字经济指数,中证诚通国企数字经济指数收益率,工银瑞信基金管理有限公司,国信证券股份有限公司,股票型ETF,主题指数ETF,931529.CSI,286265286.0,3218800,3425076,1.062,1.0640847520815,0
2025-08-04,561220.SH,数字经济ETF工银,20250530,中证诚通国企数字经济指数,中证诚通国企数字经济指数收益率,工银瑞信基金管理有限公司,国信证券股份有限公司,股票型ETF,主题指数ETF,931529.CSI,288049753.8,6056500,6457962,1.073,1.0662861388591,-0.148892611
2025-08-05,561220.SH,数字经济ETF工银,20250530,中证诚通国企数字经济指数,中证诚通国企数字经济指数收益率,工银瑞信基金管理有限公司,国信证券股份有限公司,股票型ETF,主题指数ETF,931529.CSI,334237134.0,55740200,59962229,1.075,1.0757447766603,-0.278293135
2025-08-06,561220.SH,数字经济ETF工银,20250530,中证诚通国企数字经济指数,中证诚通国企数字经济指数收益率,工银瑞信基金管理有限公司,国信证券股份有限公司,股票型ETF,主题指数ETF,931529.CSI,334795229.4,6371400,6861202,1.081,1.0768750980946,0.111131691
2025-08-07,561220.SH,数字经济ETF工银,20250530,中证诚通国企数字经济指数,中证诚通国企数字经济指数收益率,工银瑞信基金管理有限公司,国信证券股份有限公司,股票型ETF,主题指数ETF,931529.CSI,333896075.7,5223400,5636342,1.076,1.0790561703105,-0.083573219
2025-08-08,561220.SH,数字经济ETF工银,20250530,中证诚通国企数字经济指数,中证诚通国企数字经济指数收益率,工银瑞信基金管理有限公司,国信证券股份有限公司,股票型ETF,主题指数ETF,931529.CSI,329927397.3,2928700,3126218,1.064,1.0674422098542,-0.009397613
2025-08-11,561220.SH,数字经济ETF工银,20250530,中证诚通国企数字经济指数,中证诚通国企数字经济指数收益率,工银瑞信基金管理有限公司,国信证券股份有限公司,股票型ETF,主题指数ETF,931529.CSI,331074593.4,1868000,1995013,1.068,1.067994111349,0.018730099
2025-08-12,561220.SH,数字经济ETF工银,20250530,中证诚通国企数字经济指数,中证诚通国企数字经济指数收益率,工银瑞信基金管理有限公司,国信证券股份有限公司,股票型ETF,主题指数ETF,931529.CSI,339067704.3,13898300,14910413,1.085,1.0728227912766,0.175422399
2025-08-13,561220.SH,数字经济ETF工银,20250530,中证诚通国企数字经济指数,中证诚通国企数字经济指数收益率,工银瑞信基金管理有限公司,国信证券股份有限公司,股票型ETF,主题指数ETF,931529.CSI,339500865.9,16090700,17618416,1.099,1.0949440359959,-0.118149596
2025-08-14,561220.SH,数字经济ETF工银,20250530,中证诚通国企数字经济指数,中证诚通国企数字经济指数收益率,工银瑞信基金管理有限公司,国信证券股份有限公司,股票型ETF,主题指数ETF,931529.CSI,338888832.3,12767800,14264926,1.108,1.1172579457698,-0.099179515
2025-08-15,561220.SH,数字经济ETF工银,20250530,中证诚通国企数字经济指数,中证诚通国企数字经济指数收益率,工银瑞信基金管理有限公司,国信证券股份有限公司,股票型ETF,主题指数ETF,931529.CSI,341573140.2,7306200,8125439,1.122,1.1121292874545,-0.124621684
2025-08-18,561220.SH,数字经济ETF工银,20250530,中证诚通国企数字经济指数,中证诚通国企数字经济指数收益率,工银瑞信基金管理有限公司,国信证券股份有限公司,股票型ETF,主题指数ETF,931529.CSI,343953052.5,9482900,10814235,1.144,1.1403932341372,0.131291028
2025-08-19,561220.SH,数字经济ETF工银,20250530,中证诚通国企数字经济指数,中证诚通国企数字经济指数收益率,工银瑞信基金管理有限公司,国信证券股份有限公司,股票型ETF,主题指数ETF,931529.CSI,337902686.1,8659600,9845427,1.133,1.1369378493233,-0.06174473
2025-08-20,561220.SH,数字经济ETF工银,20250530,中证诚通国企数字经济指数,中证诚通国企数字经济指数收益率,工银瑞信基金管理有限公司,国信证券股份有限公司,股票型ETF,主题指数ETF,931529.CSI,334796431.2,22697316,25828609,1.172,1.1379587348566,0.1367054
2025-08-21,561220.SH,数字经济ETF工银,20250530,中证诚通国企数字经济指数,中证诚通国企数字经济指数收益率,工银瑞信基金管理有限公司,国信证券股份有限公司,股票型ETF,主题指数ETF,931529.CSI,331200315.3,5243400,6158474,1.17,1.1745192050959,-0.008546278
2025-08-22,561220.SH,数字经济ETF工银,20250530,中证诚通国企数字经济指数,中证诚通国企数字经济指数收益率,工银瑞信基金管理有限公司,国信证券股份有限公司,股票型ETF,主题指数ETF,931529.CSI,349834712.7,26412345,32506102,1.261,1.2307162427266,0.406083287
2025-08-25,561220.SH,数字经济ETF工银,20250530,中证诚通国企数字经济指数,中证诚通国企数字经济指数收益率,工银瑞信基金管理有限公司,国信证券股份有限公司,股票型ETF,主题指数ETF,931529.CSI,360848290.5,15460600,19937181,1.292,1.2895476889642,0.271633683
2025-08-26,561220.SH,数字经济ETF工银,20250530,中证诚通国企数字经济指数,中证诚通国企数字经济指数收益率,工银瑞信基金管理有限公司,国信证券股份有限公司,股票型ETF,主题指数ETF,931529.CSI,356871537.9,9460700,12067357,1.273,1.2755247497542,-0.102016794
2025-08-27,561220.SH,数字经济ETF工银,20250530,中证诚通国企数字经济指数,中证诚通国企数字经济指数收益率,工银瑞信基金管理有限公司,国信证券股份有限公司,股票型ETF,主题指数ETF,931529.CSI,347701515.0,7379600,9432919,1.254,1.2782425876741,-0.079681275
2025-08-28,561220.SH,数字经济ETF工银,20250530,中证诚通国企数字经济指数,中证诚通国企数字经济指数收益率,工银瑞信基金管理有限公司,国信证券股份有限公司,股票型ETF,主题指数ETF,931529.CSI,363231383.1,10940500,14188261,1.335,1.2968567250126,0.172581976
2025-08-29,561220.SH,数字经济ETF工银,20250530,中证诚通国企数字经济指数,中证诚通国企数字经济指数收益率,工银瑞信基金管理有限公司,国信证券股份有限公司,股票型ETF,主题指数ETF,931529.CSI,319366231.8,39511600,51130153,1.302,1.2940542271131,0.107642626
2025-09-01,561220.SH,数字经济ETF工银,20250530,中证诚通国企数字经济指数,中证诚通国企数字经济指数收益率,工银瑞信基金管理有限公司,国信证券股份有限公司,股票型ETF,主题指数ETF,931529.CSI,320962069.5,12994300,17097118,1.337,1.3157398243845,0.413067968
2025-09-02,561220.SH,数字经济ETF工银,20250530,中证诚通国企数字经济指数,中证诚通国企数字经济指数收益率,工银瑞信基金管理有限公司,国信证券股份有限公司,股票型ETF,主题指数ETF,931529.CSI,309415630.8,13208600,17183926,1.283,1.3009649773632,-0.046743534
2025-09-03,561220.SH,数字经济ETF工银,20250530,中证诚通国企数字经济指数,中证诚通国企数字经济指数收益率,工银瑞信基金管理有限公司,国信证券股份有限公司,股票型ETF,主题指数ETF,931529.CSI,318063613.2,18388900,23283868,1.261,1.2661914524523,-0.268902246
2025-09-04,561220.SH,数字经济ETF工银,20250530,中证诚通国企数字经济指数,中证诚通国企数字经济指数收益率,工银瑞信基金管理有限公司,国信证券股份有限公司,股票型ETF,主题指数ETF,931529.CSI,341661703.2,42930200,51514385,1.19,1.1999567903248,-0.3683858
2025-09-05,561220.SH,数字经济ETF工银,20250530,中证诚通国企数字经济指数,中证诚通国企数字经济指数收益率,工银瑞信基金管理有限公司,国信证券股份有限公司,股票型ETF,主题指数ETF,931529.CSI,356917971.3,20391700,24370011,1.216,1.1950946218314,-0.499140823
2025-09-08,561220.SH,数字经济ETF工银,20250530,中证诚通国企数字经济指数,中证诚通国企数字经济指数收益率,工银瑞信基金管理有限公司,国信证券股份有限公司,股票型ETF,主题指数ETF,931529.CSI,360101349.0,15190300,18431493,1.229,1.2133725469543,-0.324412003
2025-09-09,561220.SH,数字经济ETF工银,20250530,中证诚通国企数字经济指数,中证诚通国企数字经济指数收益率,工银瑞信基金管理有限公司,国信证券股份有限公司,股票型ETF,主题指数ETF,931529.CSI,342119388.0,10286300,12374486,1.192,1.2030065232396,-0.334448161
2025-09-10,561220.SH,数字经济ETF工银,20250530,中证诚通国企数字经济指数,中证诚通国企数字经济指数收益率,工银瑞信基金管理有限公司,国信证券股份有限公司,股票型ETF,主题指数ETF,931529.CSI,340712479.8,5275700,6382144,1.214,1.2097245863108,-0.21371034
2025-09-11,561220.SH,数字经济ETF工银,20250530,中证诚通国企数字经济指数,中证诚通国企数字经济指数收益率,工银瑞信基金管理有限公司,国信证券股份有限公司,股票型ETF,主题指数ETF,931529.CSI,348532029.0,31529700,40205523,1.292,1.2751635124977,-0.07733952
2025-09-12,561220.SH,数字经济ETF工银,20250530,中证诚通国企数字经济指数,中证诚通国企数字经济指数收益率,工银瑞信基金管理有限公司,国信证券股份有限公司,股票型ETF,主题指数ETF,931529.CSI,340386439.2,14324900,18782178,1.308,1.3111559592039,0.122473974
2025-09-15,561220.SH,数字经济ETF工银,20250530,中证诚通国企数字经济指数,中证诚通国企数字经济指数收益率,工银瑞信基金管理有限公司,国信证券股份有限公司,股票型ETF,主题指数ETF,931529.CSI,341613191.1,7429800,9822957,1.319,1.3221024792054,0.022749678
2025-09-16,561220.SH,数字经济ETF工银,20250530,中证诚通国企数字经济指数,中证诚通国企数字经济指数收益率,工银瑞信基金管理有限公司,国信证券股份有限公司,股票型ETF,主题指数ETF,931529.CSI,332607453.9,22232900,29867213,1.344,1.3433790913466,-0.170838595
2025-09-17,561220.SH,数字经济ETF工银,20250530,中证诚通国企数字经济指数,中证诚通国企数字经济指数收益率,工银瑞信基金管理有限公司,国信证券股份有限公司,股票型ETF,主题指数ETF,931529.CSI,331692432.3,9259700,12484948,1.359,1.3483102044343,-0.00735781
2025-09-18,561220.SH,数字经济ETF工银,20250530,中证诚通国企数字经济指数,中证诚通国企数字经济指数收益率,工银瑞信基金管理有限公司,国信证券股份有限公司,股票型ETF,主题指数ETF,931529.CSI,346973542.8,30247000,42871057,1.39,1.4173655899759,0.172960507
2025-09-19,561220.SH,数字经济ETF工银,20250530,中证诚通国企数字经济指数,中证诚通国企数字经济指数收益率,工银瑞信基金管理有限公司,国信证券股份有限公司,股票型ETF,主题指数ETF,931529.CSI,330772926.6,9814600,13654160,1.372,1.3912090151407,-0.014575135
2025-09-22,561220.SH,数字经济ETF工银,20250530,中证诚通国企数字经济指数,中证诚通国企数字经济指数收益率,工银瑞信基金管理有限公司,国信证券股份有限公司,股票型ETF,主题指数ETF,931529.CSI,342034550.4,9976000,14100079,1.441,1.4134000601443,0.292316258
2025-09-23,561220.SH,数字经济ETF工银,20250530,中证诚通国企数字经济指数,中证诚通国企数字经济指数收益率,工银瑞信基金管理有限公司,国信证券股份有限公司,股票型ETF,主题指数ETF,931529.CSI,339027759.6,12455900,17711149,1.436,1.4219084128806,0.195367011
2025-09-24,561220.SH,数字经济ETF工银,20250530,中证诚通国企数字经济指数,中证诚通国企数字经济指数收益率,工银瑞信基金管理有限公司,国信证券股份有限公司,股票型ETF,主题指数ETF,931529.CSI,348915675.0,7968800,11612143,1.48,1.4572009587391,0.338983051
2025-09-25,561220.SH,数字经济ETF工银,20250530,中证诚通国企数字经济指数,中证诚通国企数字经济指数收益率,工银瑞信基金管理有限公司,国信证券股份有限公司,股票型ETF,主题指数ETF,931529.CSI,352885068.9,6166100,9238425,1.503,1.4982606509787,0.113235196
2025-09-26,561220.SH,数字经济ETF工银,20250530,中证诚通国企数字经济指数,中证诚通国企数字经济指数收益率,工银瑞信基金管理有限公司,国信证券股份有限公司,股票型ETF,主题指数ETF,931529.CSI,350271184.2,7894600,11733693,1.472,1.4862935424214,0.040777491
2025-09-29,561220.SH,数字经济ETF工银,20250530,中证诚通国企数字经济指数,中证诚通国企数字经济指数收益率,工银瑞信基金管理有限公司,国信证券股份有限公司,股票型ETF,主题指数ETF,931529.CSI,357580763.1,5693800,8371052,1.491,1.4702047841512,-0.113887586
2025-09-30,561220.SH,数字经济ETF工银,20250530,中证诚通国企数字经济指数,中证诚通国企数字经济指数收益率,工银瑞信基金管理有限公司,国信证券股份有限公司,股票型ETF,主题指数ETF,931529.CSI,358706662.2,7463900,11215849,1.498,1.5026794303246,0.040069454
2025-10-09,561220.SH,数字经济ETF工银,20250530,中证诚通国企数字经济指数,中证诚通国企数字经济指数收益率,工银瑞信基金管理有限公司,国信证券股份有限公司,股票型ETF,主题指数ETF,931529.CSI,369577282.5,14002800,21938285,1.558,1.5667070157397,0.354267311
2025-10-10,561220.SH,数字经济ETF工银,20250530,中证诚通国企数字经济指数,中证诚通国企数字经济指数收益率,工银瑞信基金管理有限公司,国信证券股份有限公司,股票型ETF,主题指数ETF,931529.CSI,360349027.5,14249600,21187528,1.469,1.4868858073209,0.102214651
2025-10-13,561220.SH,数字经济ETF工银,20250530,中证诚通国企数字经济指数,中证诚通国企数字经济指数收益率,工银瑞信基金管理有限公司,国信证券股份有限公司,股票型ETF,主题指数ETF,931529.CSI,420191521.2,45924000,68404860,1.501,1.4895231251633,0.039989336
2025-10-14,561220.SH,数字经济ETF工银,20250530,中证诚通国企数字经济指数,中证诚通国企数字经济指数收益率,工银瑞信基金管理有限公司,国信证券股份有限公司,股票型ETF,主题指数ETF,931529.CSI,402727860.9,15081100,21914029,1.412,1.4530789531268,-0.233166113
2025-10-15,561220.SH,数字经济ETF工银,20250530,中证诚通国企数字经济指数,中证诚通国企数字经济指数收益率,工银瑞信基金管理有限公司,国信证券股份有限公司,股票型ETF,主题指数ETF,931529.CSI,410341934.1,7414000,10562302,1.45,1.4246428378743,0.020693937
2025-10-16,561220.SH,数字经济ETF工银,20250530,中证诚通国企数字经济指数,中证诚通国企数字经济指数收益率,工银瑞信基金管理有限公司,国信证券股份有限公司,股票型ETF,主题指数ETF,931529.CSI,403803312.6,6603800,9474862,1.433,1.4347590781065,-0.083670339
2025-10-17,561220.SH,数字经济ETF工银,20250530,中证诚通国企数字经济指数,中证诚通国企数字经济指数收益率,工银瑞信基金管理有限公司,国信证券股份有限公司,股票型ETF,主题指数ETF,931529.CSI,390443308.2,13494000,18739037,1.375,1.3886940121535,-0.318979266
2025-10-20,561220.SH,数字经济ETF工银,20250530,中证诚通国企数字经济指数,中证诚通国企数字经济指数收益率,工银瑞信基金管理有限公司,国信证券股份有限公司,股票型ETF,主题指数ETF,931529.CSI,389387799.0,6703900,9350137,1.381,1.3947309774907,-0.14461316
2025-10-21,561220.SH,数字经济ETF工银,20250530,中证诚通国企数字经济指数,中证诚通国企数字经济指数收益率,工银瑞信基金管理有限公司,国信证券股份有限公司,股票型ETF,主题指数ETF,931529.CSI,395071719.9,7441500,10480768,1.419,1.4084214204126,0.049354861
2025-10-22,561220.SH,数字经济ETF工银,20250530,中证诚通国企数字经济指数,中证诚通国企数字经济指数收益率,工银瑞信基金管理有限公司,国信证券股份有限公司,股票型ETF,主题指数ETF,931529.CSI,380018738.1,30865300,43543336,1.416,1.410753694278,-0.119912534
2025-10-23,561220.SH,数字经济ETF工银,20250530,中证诚通国企数字经济指数,中证诚通国企数字经济指数收益率,工银瑞信基金管理有限公司,国信证券股份有限公司,股票型ETF,主题指数ETF,931529.CSI,370397386.2,7576400,10556069,1.405,1.3932829576052,-0.028461648
2025-10-24,561220.SH,数字经济ETF工银,20250530,中证诚通国企数字经济指数,中证诚通国企数字经济指数收益率,工银瑞信基金管理有限公司,国信证券股份有限公司,股票型ETF,主题指数ETF,931529.CSI,371876477.7,42053500,60570789,1.458,1.4403269406827,-0.198507769
2025-10-27,561220.SH,数字经济ETF工银,20250530,中证诚通国企数字经济指数,中证诚通国企数字经济指数收益率,工银瑞信基金管理有限公司,国信证券股份有限公司,股票型ETF,主题指数ETF,931529.CSI,361695033.6,12477500,18523697,1.488,1.4845679823683,-0.214592275
2025-10-28,561220.SH,数字经济ETF工银,20250530,中证诚通国企数字经济指数,中证诚通国企数字经济指数收益率,工银瑞信基金管理有限公司,国信证券股份有限公司,股票型ETF,主题指数ETF,931529.CSI,341817877.8,8662600,12860031,1.48,1.4845463255835,-0.175367597
2025-10-29,561220.SH,数字经济ETF工银,20250530,中证诚通国企数字经济指数,中证诚通国企数字经济指数收益率,工银瑞信基金管理有限公司,国信证券股份有限公司,股票型ETF,主题指数ETF,931529.CSI,341678360.1,6367400,9472241,1.49,1.4876151961554,-0.113963934
2025-10-30,561220.SH,数字经济ETF工银,20250530,中证诚通国企数字经济指数,中证诚通国企数字经济指数收益率,工银瑞信基金管理有限公司,国信证券股份有限公司,股票型ETF,主题指数ETF,931529.CSI,336593383.5,5091900,7528261,1.471,1.4784777784324,0.102075536
2025-10-31,561220.SH,数字经济ETF工银,20250530,中证诚通国企数字经济指数,中证诚通国企数字经济指数收益率,工银瑞信基金管理有限公司,国信证券股份有限公司,股票型ETF,主题指数ETF,931529.CSI,328563842.7,13260500,18915132,1.416,1.4264267561555,0.007062646
2025-11-03,561220.SH,数字经济ETF工银,20250530,中证诚通国企数字经济指数,中证诚通国企数字经济指数收益率,工银瑞信基金管理有限公司,国信证券股份有限公司,股票型ETF,主题指数ETF,931529.CSI,325523948.4,8534600,11833103,1.403,1.3864859513041,0.0142572
2025-11-04,561220.SH,数字经济ETF工银,20250530,中证诚通国企数字经济指数,中证诚通国企数字经济指数收益率,工银瑞信基金管理有限公司,国信证券股份有限公司,股票型ETF,主题指数ETF,931529.CSI,320765821.2,6481800,9138720,1.402,1.409904656114,0.114253071
2025-11-05,561220.SH,数字经济ETF工银,20250530,中证诚通国企数字经济指数,中证诚通国企数字经济指数收益率,工银瑞信基金管理有限公司,国信证券股份有限公司,股票型ETF,主题指数ETF,931529.CSI,309932143.5,40897000,56300189,1.389,1.3766337139643,-0.035984167
2025-11-06,561220.SH,数字经济ETF工银,20250530,中证诚通国企数字经济指数,中证诚通国企数字经济指数收益率,工银瑞信基金管理有限公司,国信证券股份有限公司,股票型ETF,主题指数ETF,931529.CSI,303515319.3,33791800,48153691,1.438,1.4250111269598,-0.006953619
2025-11-07,561220.SH,数字经济ETF工银,20250530,中证诚通国企数字经济指数,中证诚通国企数字经济指数收益率,工银瑞信基金管理有限公司,国信证券股份有限公司,股票型ETF,主题指数ETF,931529.CSI,282535828.2,15073800,21397768,1.419,1.4195337605647,-0.028180922
2025-11-10,561220.SH,数字经济ETF工银,20250530,中证诚通国企数字经济指数,中证诚通国企数字经济指数收益率,工银瑞信基金管理有限公司,国信证券股份有限公司,股票型ETF,主题指数ETF,931529.CSI,267138496.8,7335700,10325656,1.404,1.4075897324045,-0.113830393
2025-11-11,561220.SH,数字经济ETF工银,20250530,中证诚通国企数字经济指数,中证诚通国企数字经济指数收益率,工银瑞信基金管理有限公司,国信证券股份有限公司,股票型ETF,主题指数ETF,931529.CSI,258488540.7,6705500,9379057,1.381,1.3987110580866,-0.065127723
2025-11-12,561220.SH,数字经济ETF工银,20250530,中证诚通国企数字经济指数,中证诚通国企数字经济指数收益率,工银瑞信基金管理有限公司,国信证券股份有限公司,股票型ETF,主题指数ETF,931529.CSI,254448828.9,9752900,13334379,1.373,1.3672219544956,0.123969956
2025-11-13,561220.SH,数字经济ETF工银,20250530,中证诚通国企数字经济指数,中证诚通国企数字经济指数收益率,工银瑞信基金管理有限公司,国信证券股份有限公司,股票型ETF,主题指数ETF,931529.CSI,254987026.2,4826200,6645681,1.384,1.3770007459285,-0.101053847
2025-11-14,561220.SH,数字经济ETF工银,20250530,中证诚通国企数字经济指数,中证诚通国企数字经济指数收益率,工银瑞信基金管理有限公司,国信证券股份有限公司,股票型ETF,主题指数ETF,931529.CSI,247956201.6,5702800,7762624,1.348,1.3611952023567,0.059382423
2025-11-17,561220.SH,数字经济ETF工银,20250530,中证诚通国企数字经济指数,中证诚通国企数字经济指数收益率,工银瑞信基金管理有限公司,国信证券股份有限公司,股票型ETF,主题指数ETF,931529.CSI,248140254.6,9918200,13459325,1.348,1.3570330301869,-0.014834594
2025-11-18,561220.SH,数字经济ETF工银,20250530,中证诚通国企数字经济指数,中证诚通国企数字经济指数收益率,工银瑞信基金管理有限公司,国信证券股份有限公司,股票型ETF,主题指数ETF,931529.CSI,244820515.5,8990600,12257517,1.363,1.3633702978667,-0.036670334
2025-11-19,561220.SH,数字经济ETF工银,20250530,中证诚通国企数字经济指数,中证诚通国企数字经济指数收益率,工银瑞信基金管理有限公司,国信证券股份有限公司,股票型ETF,主题指数ETF,931529.CSI,242612013.6,2555900,3462476,1.35,1.3546993231347,-0.088809947
2025-11-20,561220.SH,数字经济ETF工银,20250530,中证诚通国企数字经济指数,中证诚通国企数字经济指数收益率,工银瑞信基金管理有限公司,国信证券股份有限公司,股票型ETF,主题指数ETF,931529.CSI,240385556.4,3718800,5003441,1.34,1.3454450360331,0.089632507
2025-11-21,561220.SH,数字经济ETF工银,20250530,中证诚通国企数字经济指数,中证诚通国企数字经济指数收益率,工银瑞信基金管理有限公司,国信证券股份有限公司,股票型ETF,主题指数ETF,931529.CSI,230959023.9,4704700,6125891,1.288,1.3020789848449,0.132162015
2025-11-24,561220.SH,数字经济ETF工银,20250530,中证诚通国企数字经济指数,中证诚通国企数字经济指数收益率,工银瑞信基金管理有限公司,国信证券股份有限公司,股票型ETF,主题指数ETF,931529.CSI,233778006.0,5384600,6990798,1.301,1.2982947665565,-0.076804916
2025-11-25,561220.SH,数字经济ETF工银,20250530,中证诚通国企数字经济指数,中证诚通国企数字经济指数收益率,工银瑞信基金管理有限公司,国信证券股份有限公司,股票型ETF,主题指数ETF,931529.CSI,238139010.9,2816200,3718438,1.315,1.3203742631915,-0.022808485
2025-11-26,561220.SH,数字经济ETF工银,20250530,中证诚通国企数字经济指数,中证诚通国企数字经济指数收益率,工银瑞信基金管理有限公司,国信证券股份有限公司,股票型ETF,主题指数ETF,931529.CSI,241723860.3,4438300,5920355,1.334,1.3339240249645,-0.082390832
2025-11-27,561220.SH,数字经济ETF工银,20250530,中证诚通国企数字经济指数,中证诚通国企数字经济指数收益率,工银瑞信基金管理有限公司,国信证券股份有限公司,股票型ETF,主题指数ETF,931529.CSI,241615228.5,4550700,6187968,1.332,1.35978376953,-0.187336081
2025-11-28,561220.SH,数字经济ETF工银,20250530,中证诚通国企数字经济指数,中证诚通国企数字经济指数收益率,工银瑞信基金管理有限公司,国信证券股份有限公司,股票型ETF,主题指数ETF,931529.CSI,241624472.1,6242500,8330408,1.344,1.334466639968,-0.126328305
2025-12-01,561220.SH,数字经济ETF工银,20250530,中证诚通国企数字经济指数,中证诚通国企数字经济指数收益率,工银瑞信基金管理有限公司,国信证券股份有限公司,股票型ETF,主题指数ETF,931529.CSI,244910292.0,3752900,5077309,1.364,1.3529028218178,0
2025-12-02,561220.SH,数字经济ETF工银,20250530,中证诚通国企数字经济指数,中证诚通国企数字经济指数收益率,工银瑞信基金管理有限公司,国信证券股份有限公司,股票型ETF,主题指数ETF,931529.CSI,239481285.0,4893100,6577592,1.345,1.3442586499356,0
2025-12-03,561220.SH,数字经济ETF工银,20250530,中证诚通国企数字经济指数,中证诚通国企数字经济指数收益率,工银瑞信基金管理有限公司,国信证券股份有限公司,股票型ETF,主题指数ETF,931529.CSI,236970737.7,4619500,6166120,1.33,1.3348024677995,-0.067623413
2025-12-04,561220.SH,数字经济ETF工银,20250530,中证诚通国企数字经济指数,中证诚通国企数字经济指数收益率,工银瑞信基金管理有限公司,国信证券股份有限公司,股票型ETF,主题指数ETF,931529.CSI,241154983.2,4873200,6526370,1.353,1.3392370516293,-0.103366804
2025-12-05,561220.SH,数字经济ETF工银,20250530,中证诚通国企数字经济指数,中证诚通国企数字经济指数收益率,工银瑞信基金管理有限公司,国信证券股份有限公司,股票型ETF,主题指数ETF,931529.CSI,237301846.8,7027400,9461910,1.354,1.3464311125025,-0.118028917
2025-12-08,561220.SH,数字经济ETF工银,20250530,中证诚通国企数字经济指数,中证诚通国企数字经济指数收益率,工银瑞信基金管理有限公司,国信证券股份有限公司,股票型ETF,主题指数ETF,931529.CSI,243096101.1,5662300,7816403,1.39,1.3804289776239,0.093612731
2025-12-09,561220.SH,数字经济ETF工银,20250530,中证诚通国企数字经济指数,中证诚通国企数字经济指数收益率,工银瑞信基金管理有限公司,国信证券股份有限公司,股票型ETF,主题指数ETF,931529.CSI,226480617.0,26610500,37047923,1.386,1.3922294958757,-0.215982721
2025-12-10,561220.SH,数字经济ETF工银,20250530,中证诚通国企数字经济指数,中证诚通国企数字经济指数收益率,工银瑞信基金管理有限公司,国信证券股份有限公司,股票型ETF,主题指数ETF,931529.CSI,216890193.0,8605700,11784047,1.377,1.3693304437756,-0.289645185
2025-12-11,561220.SH,数字经济ETF工银,20250530,中证诚通国企数字经济指数,中证诚通国企数字经济指数收益率,工银瑞信基金管理有限公司,国信证券股份有限公司,股票型ETF,主题指数ETF,931529.CSI,213026689.2,5791700,7901955,1.355,1.3643584785124,-0.103214391
2025-12-12,561220.SH,数字经济ETF工银,20250530,中证诚通国企数字经济指数,中证诚通国企数字经济指数收益率,工银瑞信基金管理有限公司,国信证券股份有限公司,股票型ETF,主题指数ETF,931529.CSI,214832798.7,4780400,6463575,1.367,1.3520991967199,-0.065794283
2025-12-15,561220.SH,数字经济ETF工银,20250530,中证诚通国企数字经济指数,中证诚通国企数字经济指数收益率,工银瑞信基金管理有限公司,国信证券股份有限公司,股票型ETF,主题指数ETF,931529.CSI,205722376.2,7811000,10532035,1.336,1.3483593649981,0.044930358
2025-12-16,561220.SH,数字经济ETF工银,20250530,中证诚通国企数字经济指数,中证诚通国企数字经济指数收益率,工银瑞信基金管理有限公司,国信证券股份有限公司,股票型ETF,主题指数ETF,931529.CSI,204832190.4,5412500,7144749,1.316,1.3200460046189,-0.060753341
2025-12-17,561220.SH,数字经济ETF工银,20250530,中证诚通国企数字经济指数,中证诚通国企数字经济指数收益率,工银瑞信基金管理有限公司,国信证券股份有限公司,股票型ETF,主题指数ETF,931529.CSI,211116531.6,4442800,5938990,1.356,1.336767353921,-0.08841733
2025-12-18,561220.SH,数字经济ETF工银,20250530,中证诚通国企数字经济指数,中证诚通国企数字经济指数收益率,工银瑞信基金管理有限公司,国信证券股份有限公司,股票型ETF,主题指数ETF,931529.CSI,208705460.1,3901600,5259149,1.34,1.3479467397991,-0.126704927
2025-12-19,561220.SH,数字经济ETF工银,20250530,中证诚通国企数字经济指数,中证诚通国企数字经济指数收益率,工银瑞信基金管理有限公司,国信证券股份有限公司,股票型ETF,主题指数ETF,931529.CSI,209638778.1,3601600,4869134,1.346,1.3519363616171,-0.126140833
2025-12-22,561220.SH,数字经济ETF工银,20250530,中证诚通国企数字经济指数,中证诚通国企数字经济指数收益率,工银瑞信基金管理有限公司,国信证券股份有限公司,股票型ETF,主题指数ETF,931529.CSI,215892008.7,5829700,8056610,1.387,1.3819939276464,-0.06484617
2025-12-23,561220.SH,数字经济ETF工银,20250530,中证诚通国企数字经济指数,中证诚通国企数字经济指数收益率,工银瑞信基金管理有限公司,国信证券股份有限公司,股票型ETF,主题指数ETF,931529.CSI,212521584.3,4465500,6209998,1.39,1.3906612921285,-0.222525303
2025-12-24,561220.SH,数字经济ETF工银,20250530,中证诚通国企数字经济指数,中证诚通国企数字经济指数收益率,工银瑞信基金管理有限公司,国信证券股份有限公司,股票型ETF,主题指数ETF,931529.CSI,215603154.9,2739800,3848484,1.413,1.4046587342142,-0.021226916
2025-12-25,561220.SH,数字经济ETF工银,20250530,中证诚通国企数字经济指数,中证诚通国企数字经济指数收益率,工银瑞信基金管理有限公司,国信证券股份有限公司,股票型ETF,主题指数ETF,931529.CSI,213090467.1,2496700,3518083,1.41,1.409093203028,-0.049620756
2025-12-26,561220.SH,数字经济ETF工银,20250530,中证诚通国企数字经济指数,中证诚通国企数字经济指数收益率,工银瑞信基金管理有限公司,国信证券股份有限公司,股票型ETF,主题指数ETF,931529.CSI,212954519.4,4152600,5843049,1.407,1.4070820690652,-0.198609732
2025-12-29,561220.SH,数字经济ETF工银,20250530,中证诚通国企数字经济指数,中证诚通国企数字经济指数收益率,工银瑞信基金管理有限公司,国信证券股份有限公司,股票型ETF,主题指数ETF,931529.CSI,211049193.6,2864500,4054294,1.41,1.415358352243,-0.085034014
2025-12-30,561220.SH,数字经济ETF工银,20250530,中证诚通国企数字经济指数,中证诚通国企数字经济指数收益率,工银瑞信基金管理有限公司,国信证券股份有限公司,股票型ETF,主题指数ETF,931529.CSI,210042791.1,3695500,5246718,1.416,1.4197586253552,-0.190315077
2025-12-31,561220.SH,数字经济ETF工银,20250530,中证诚通国企数字经济指数,中证诚通国企数字经济指数收益率,工银瑞信基金管理有限公司,国信证券股份有限公司,股票型ETF,主题指数ETF,931529.CSI,208222502.4,3914800,5568195,1.422,1.4223446919383,0.084459459
2026-01-05,561220.SH,数字经济ETF工银,20250530,中证诚通国企数字经济指数,中证诚通国企数字经济指数收益率,工银瑞信基金管理有限公司,国信证券股份有限公司,股票型ETF,主题指数ETF,931529.CSI,214025701.5,7296900,10639985,1.474,1.4581514067618,-0.101660454
2026-01-06,561220.SH,数字经济ETF工银,20250530,中证诚通国企数字经济指数,中证诚通国企数字经济指数收益率,工银瑞信基金管理有限公司,国信证券股份有限公司,股票型ETF,主题指数ETF,931529.CSI,219800189.4,4968000,7424927,1.498,1.4945505233494,-0.120016002
2026-01-07,561220.SH,数字经济ETF工银,20250530,中证诚通国企数字经济指数,中证诚通国企数字经济指数收益率,工银瑞信基金管理有限公司,国信证券股份有限公司,股票型ETF,主题指数ETF,931529.CSI,221002750.8,4282400,6503282,1.522,1.5186068559686,-0.105014439
2026-01-08,561220.SH,数字经济ETF工银,20250530,中证诚通国企数字经济指数,中证诚通国企数字经济指数收益率,工银瑞信基金管理有限公司,国信证券股份有限公司,股票型ETF,主题指数ETF,931529.CSI,223497662.4,5816600,8967677,1.538,1.541738644569,-0.18172378
2026-01-09,561220.SH,数字经济ETF工银,20250530,中证诚通国企数字经济指数,中证诚通国企数字经济指数收益率,工银瑞信基金管理有限公司,国信证券股份有限公司,股票型ETF,主题指数ETF,931529.CSI,224919181.8,4337700,6674978,1.55,1.5388288724439,-0.038694699
2026-01-12,561220.SH,数字经济ETF工银,20250530,中证诚通国企数字经济指数,中证诚通国企数字经济指数收益率,工银瑞信基金管理有限公司,国信证券股份有限公司,股票型ETF,主题指数ETF,931529.CSI,230184605.7,2865000,4507648,1.585,1.57335008726,-0.119730292
2026-01-13,561220.SH,数字经济ETF工银,20250530,中证诚通国企数字经济指数,中证诚通国企数字经济指数收益率,工银瑞信基金管理有限公司,国信证券股份有限公司,股票型ETF,主题指数ETF,931529.CSI,223091514.0,4214700,6537110,1.535,1.5510261703087,-0.195058518
2026-01-14,561220.SH,数字经济ETF工银,20250530,中证诚通国企数字经济指数,中证诚通国企数字经济指数收益率,工银瑞信基金管理有限公司,国信证券股份有限公司,股票型ETF,主题指数ETF,931529.CSI,228284411.4,4411600,6924661,1.576,1.5696484268746,0.139789046
2026-01-15,561220.SH,数字经济ETF工银,20250530,中证诚通国企数字经济指数,中证诚通国企数字经济指数收益率,工银瑞信基金管理有限公司,国信证券股份有限公司,股票型ETF,主题指数ETF,931529.CSI,218507884.2,27649100,43007048,1.57,1.5554592373712,-0.089092529
2026-01-16,561220.SH,数字经济ETF工银,20250530,中证诚通国企数字经济指数,中证诚通国企数字经济指数收益率,工银瑞信基金管理有限公司,国信证券股份有限公司,股票型ETF,主题指数ETF,931529.CSI,213481789.8,7050700,11136999,1.584,1.5795593345342,-0.163872432
2026-01-19,561220.SH,数字经济ETF工银,20250530,中证诚通国企数字经济指数,中证诚通国企数字经济指数收益率,工银瑞信基金管理有限公司,国信证券股份有限公司,股票型ETF,主题指数ETF,931529.CSI,213078130.8,4218400,6667324,1.579,1.5805338516973,-0.290477393
2026-01-20,561220.SH,数字经济ETF工银,20250530,中证诚通国企数字经济指数,中证诚通国企数字经济指数收益率,工银瑞信基金管理有限公司,国信证券股份有限公司,股票型ETF,主题指数ETF,931529.CSI,197338719.6,9461700,14808152,1.552,1.5650625151928,-0.077259851
2026-01-21,561220.SH,数字经济ETF工银,20250530,中证诚通国企数字经济指数,中证诚通国企数字经济指数收益率,工银瑞信基金管理有限公司,国信证券股份有限公司,股票型ETF,主题指数ETF,931529.CSI,201010353.0,5582600,8923949,1.6,1.598529179952,-0.062460962
2026-01-22,561220.SH,数字经济ETF工银,20250530,中证诚通国企数字经济指数,中证诚通国企数字经济指数收益率,工银瑞信基金管理有限公司,国信证券股份有限公司,股票型ETF,主题指数ETF,931529.CSI,201412122.6,4275300,6858347,1.601,1.604179121933,-0.199476375
2026-01-23,561220.SH,数字经济ETF工银,20250530,中证诚通国企数字经济指数,中证诚通国企数字经济指数收益率,工银瑞信基金管理有限公司,国信证券股份有限公司,股票型ETF,主题指数ETF,931529.CSI,202102664.1,4385100,7030118,1.608,1.6031830516978,-0.105609741
2026-01-26,561220.SH,数字经济ETF工银,20250530,中证诚通国企数字经济指数,中证诚通国企数字经济指数收益率,工银瑞信基金管理有限公司,国信证券股份有限公司,股票型ETF,主题指数ETF,931529.CSI,195581959.8,2149000,3411052,1.587,1.5872740809679,0.659647342
2026-01-27,561220.SH,数字经济ETF工银,20250530,中证诚通国企数字经济指数,中证诚通国企数字经济指数收益率,工银瑞信基金管理有限公司,国信证券股份有限公司,股票型ETF,主题指数ETF,931529.CSI,195753906.9,2060500,3263134,1.595,1.5836612472701,-0.143992988
2026-01-28,561220.SH,数字经济ETF工银,20250530,中证诚通国企数字经济指数,中证诚通国企数字经济指数收益率,工银瑞信基金管理有限公司,国信证券股份有限公司,股票型ETF,主题指数ETF,931529.CSI,194750066.4,1643900,2634050,1.606,1.602317659225,-0.174042765
2026-01-29,561220.SH,数字经济ETF工银,20250530,中证诚通国企数字经济指数,中证诚通国企数字经济指数收益率,工银瑞信基金管理有限公司,国信证券股份有限公司,股票型ETF,主题指数ETF,931529.CSI,188733732.3,1246900,1964389,1.561,1.5754182372283,0.121865179
2026-01-30,561220.SH,数字经济ETF工银,20250530,中证诚通国企数字经济指数,中证诚通国企数字经济指数收益率,工银瑞信基金管理有限公司,国信证券股份有限公司,股票型ETF,主题指数ETF,931529.CSI,188685311.1,1533000,2360449,1.557,1.5397579908676,-0.109065247
2026-02-02,561220.SH,数字经济ETF工银,20250530,中证诚通国企数字经济指数,中证诚通国企数字经济指数收益率,工银瑞信基金管理有限公司,国信证券股份有限公司,股票型ETF,主题指数ETF,931529.CSI,180913708.5,766900,1163374,1.494,1.5169826574521,-0.033456005
2026-02-03,561220.SH,数字经济ETF工银,20250530,中证诚通国企数字经济指数,中证诚通国企数字经济指数收益率,工银瑞信基金管理有限公司,国信证券股份有限公司,股票型ETF,主题指数ETF,931529.CSI,184508982.6,3707000,5615593,1.521,1.5148618829242,-0.209946201
2026-02-04,561220.SH,数字经济ETF工银,20250530,中证诚通国企数字经济指数,中证诚通国企数字经济指数收益率,工银瑞信基金管理有限公司,国信证券股份有限公司,股票型ETF,主题指数ETF,931529.CSI,182281607.4,1428700,2137417,1.506,1.4960572548471,0.013281976
2026-02-05,561220.SH,数字经济ETF工银,20250530,中证诚通国企数字经济指数,中证诚通国企数字经济指数收益率,工银瑞信基金管理有限公司,国信证券股份有限公司,股票型ETF,主题指数ETF,931529.CSI,180030021.6,1082800,1602869,1.487,1.4803001477651,-0.01344809
2026-02-06,561220.SH,数字经济ETF工银,20250530,中证诚通国企数字经济指数,中证诚通国企数字经济指数收益率,工银瑞信基金管理有限公司,国信证券股份有限公司,股票型ETF,主题指数ETF,931529.CSI,180017916.3,1608300,2402068,1.486,1.4935447366785,-0.073969471
2026-02-09,561220.SH,数字经济ETF工银,20250530,中证诚通国企数字经济指数,中证诚通国企数字经济指数收益率,工银瑞信基金管理有限公司,国信证券股份有限公司,股票型ETF,主题指数ETF,931529.CSI,182784581.7,3720200,5670878,1.529,1.5243476157196,0.00654065
2026-02-10,561220.SH,数字经济ETF工银,20250530,中证诚通国企数字经济指数,中证诚通国企数字经济指数收益率,工银瑞信基金管理有限公司,国信证券股份有限公司,股票型ETF,主题指数ETF,931529.CSI,184171396.5,1128300,1740231,1.539,1.5423477798458,-0.097370983
2026-02-11,561220.SH,数字经济ETF工银,20250530,中证诚通国企数字经济指数,中证诚通国企数字经济指数收益率,工银瑞信基金管理有限公司,国信证券股份有限公司,股票型ETF,主题指数ETF,931529.CSI,182210727.3,1155400,1764065,1.524,1.5268002423403,-0.006561249
2026-02-12,561220.SH,数字经济ETF工银,20250530,中证诚通国企数字经济指数,中证诚通国企数字经济指数收益率,工银瑞信基金管理有限公司,国信证券股份有限公司,股票型ETF,主题指数ETF,931529.CSI,182781459.9,1188600,1824786,1.548,1.53523977789,-0.01937609
2026-02-13,561220.SH,数字经济ETF工银,20250530,中证诚通国企数字经济指数,中证诚通国企数字经济指数收益率,工银瑞信基金管理有限公司,国信证券股份有限公司,股票型ETF,主题指数ETF,931529.CSI,182993955.3,806300,1255965,1.55,1.5576894456158,-0.006451197
2026-02-24,561220.SH,数字经济ETF工银,20250530,中证诚通国企数字经济指数,中证诚通国企数字经济指数收益率,工银瑞信基金管理有限公司,国信证券股份有限公司,股票型ETF,主题指数ETF,931529.CSI,182793265.2,565500,876448,1.548,1.5498638373121,-0.025833118
2026-02-25,561220.SH,数字经济ETF工银,20250530,中证诚通国企数字经济指数,中证诚通国企数字经济指数收益率,工银瑞信基金管理有限公司,国信证券股份有限公司,股票型ETF,主题指数ETF,931529.CSI,184327954.2,1609900,2497756,1.557,1.5514976085471,-0.281798386
2026-02-26,561220.SH,数字经济ETF工银,20250530,中证诚通国企数字经济指数,中证诚通国企数字经济指数收益率,工银瑞信基金管理有限公司,国信证券股份有限公司,股票型ETF,主题指数ETF,931529.CSI,186736235.4,1731800,2727807,1.583,1.5751281903222,0.075862941
2026-02-27,561220.SH,数字经济ETF工银,20250530,中证诚通国企数字经济指数,中证诚通国企数字经济指数收益率,工银瑞信基金管理有限公司,国信证券股份有限公司,股票型ETF,主题指数ETF,931529.CSI,184526709.6,2326300,3669461,1.582,1.5773808193268,-0.075795856
2026-03-02,561220.SH,数字经济ETF工银,20250530,中证诚通国企数字经济指数,中证诚通国企数字经济指数收益率,工银瑞信基金管理有限公司,国信证券股份有限公司,股票型ETF,主题指数ETF,931529.CSI,182929933.5,1271400,2001350,1.567,1.5741308793456,-0.159286397
2026-03-03,561220.SH,数字经济ETF工银,20250530,中证诚通国企数字经济指数,中证诚通国企数字经济指数收益率,工银瑞信基金管理有限公司,国信证券股份有限公司,股票型ETF,主题指数ETF,931529.CSI,173920386.6,3537700,5351717,1.49,1.512767334709,-0.14743332
2026-03-04,561220.SH,数字经济ETF工银,20250530,中证诚通国企数字经济指数,中证诚通国企数字经济指数收益率,工银瑞信基金管理有限公司,国信证券股份有限公司,股票型ETF,主题指数ETF,931529.CSI,173174447.4,1206200,1790694,1.481,1.4845746973968,-0.323058285
2026-03-05,561220.SH,数字经济ETF工银,20250530,中证诚通国企数字经济指数,中证诚通国企数字经济指数收益率,工银瑞信基金管理有限公司,国信证券股份有限公司,股票型ETF,主题指数ETF,931529.CSI,163157901.0,50852700,76637016,1.511,1.507039272251,-0.395517469
2026-03-06,561220.SH,数字经济ETF工银,20250530,中证诚通国企数字经济指数,中证诚通国企数字经济指数收益率,工银瑞信基金管理有限公司,国信证券股份有限公司,股票型ETF,主题指数ETF,931529.CSI,149337360.9,17247300,26025993,1.51,1.5089894070376,-0.349765723
2026-03-09,561220.SH,数字经济ETF工银,20250530,中证诚通国企数字经济指数,中证诚通国企数字经济指数收益率,工银瑞信基金管理有限公司,国信证券股份有限公司,股票型ETF,主题指数ETF,931529.CSI,133944422.1,11702100,17180040,1.493,1.4681159791832,-0.180517483
2026-03-10,561220.SH,数字经济ETF工银,20250530,中证诚通国企数字经济指数,中证诚通国企数字经济指数收益率,工银瑞信基金管理有限公司,国信证券股份有限公司,股票型ETF,主题指数ETF,931529.CSI,123358864.2,4510900,6881732,1.529,1.5255784876632,-0.156719342
2026-03-11,561220.SH,数字经济ETF工银,20250530,中证诚通国企数字经济指数,中证诚通国企数字经济指数收益率,工银瑞信基金管理有限公司,国信证券股份有限公司,股票型ETF,主题指数ETF,931529.CSI,118671600.6,3026900,4650619,1.526,1.5364296805312,-0.274473925
2026-03-12,561220.SH,数字经济ETF工银,20250530,中证诚通国企数字经济指数,中证诚通国企数字经济指数收益率,工银瑞信基金管理有限公司,国信证券股份有限公司,股票型ETF,主题指数ETF,931529.CSI,117678922.2,1083500,1650019,1.515,1.5228601753576,-0.158165283
2026-03-13,561220.SH,数字经济ETF工银,20250530,中证诚通国企数字经济指数,中证诚通国企数字经济指数收益率,工银瑞信基金管理有限公司,国信证券股份有限公司,股票型ETF,主题指数ETF,931529.CSI,113547129.0,2551900,3829093,1.49,1.500487088052,-0.200937709
2026-03-16,561220.SH,数字经济ETF工银,20250530,中证诚通国企数字经济指数,中证诚通国企数字经济指数收益率,工银瑞信基金管理有限公司,国信证券股份有限公司,股票型ETF,主题指数ETF,931529.CSI,111687849.3,2115700,3113597,1.496,1.4716628066361,-0.140177558
2026-03-17,561220.SH,数字经济ETF工银,20250530,中证诚通国企数字经济指数,中证诚通国企数字经济指数收益率,工银瑞信基金管理有限公司,国信证券股份有限公司,股票型ETF,主题指数ETF,931529.CSI,100018827.0,4609400,6819578,1.457,1.4794936434243,-0.137080192
2026-03-18,561220.SH,数字经济ETF工银,20250530,中证诚通国企数字经济指数,中证诚通国企数字经济指数收益率,工银瑞信基金管理有限公司,国信证券股份有限公司,股票型ETF,主题指数ETF,931529.CSI,102281076.0,2495200,3663307,1.491,1.4681416319333,-0.067024129
2026-03-19,561220.SH,数字经济ETF工银,20250530,中证诚通国企数字经济指数,中证诚通国企数字经济指数收益率,工银瑞信基金管理有限公司,国信证券股份有限公司,股票型ETF,主题指数ETF,931529.CSI,98118654.9,3738000,5482477,1.464,1.4666872659176,0.047837081
2026-03-20,561220.SH,数字经济ETF工银,20250530,中证诚通国企数字经济指数,中证诚通国企数字经济指数收益率,工银瑞信基金管理有限公司,国信证券股份有限公司,股票型ETF,主题指数ETF,931529.CSI,96301518.6,894400,1302301,1.436,1.4560610465116,-0.013925637
2026-03-23,561220.SH,数字经济ETF工银,20250530,中证诚通国企数字经济指数,中证诚通国企数字经济指数收益率,工银瑞信基金管理有限公司,国信证券股份有限公司,股票型ETF,主题指数ETF,931529.CSI,91473702.6,1123600,1566397,1.363,1.394087753649,-0.087963642
2026-03-24,561220.SH,数字经济ETF工银,20250530,中证诚通国企数字经济指数,中证诚通国企数字经济指数收益率,工银瑞信基金管理有限公司,国信证券股份有限公司,股票型ETF,主题指数ETF,931529.CSI,91072782.9,3710600,5085338,1.389,1.370489408721,-0.021593608
2026-03-25,561220.SH,数字经济ETF工银,20250530,中证诚通国企数字经济指数,中证诚通国企数字经济指数收益率,工银瑞信基金管理有限公司,国信证券股份有限公司,股票型ETF,主题指数ETF,931529.CSI,93163923.6,1228600,1749341,1.423,1.4238490965326,0.126653532
2026-03-26,561220.SH,数字经济ETF工银,20250530,中证诚通国企数字经济指数,中证诚通国企数字经济指数收益率,工银瑞信基金管理有限公司,国信证券股份有限公司,股票型ETF,主题指数ETF,931529.CSI,90994119.3,1054400,1481727,1.389,1.4052797799697,0.064836827
2026-03-27,561220.SH,数字经济ETF工银,20250530,中证诚通国企数字经济指数,中证诚通国企数字经济指数收益率,工银瑞信基金管理有限公司,国信证券股份有限公司,股票型ETF,主题指数ETF,931529.CSI,91518543.3,1039500,1443397,1.396,1.3885493025493,-0.007162811
2026-03-30,561220.SH,数字经济ETF工银,20250530,中证诚通国企数字经济指数,中证诚通国企数字经济指数收益率,工银瑞信基金管理有限公司,国信证券股份有限公司,股票型ETF,主题指数ETF,931529.CSI,91688981.1,1122900,1554564,1.399,1.3844189153086,0.021448488
2026-03-31,561220.SH,数字经济ETF工银,20250530,中证诚通国企数字经济指数,中证诚通国企数字经济指数收益率,工银瑞信基金管理有限公司,国信证券股份有限公司,股票型ETF,主题指数ETF,931529.CSI,81414906.3,10866700,15057604,1.368,1.385664829249,0.065832785
2026-04-01,561220.SH,数字经济ETF工银,20250530,中证诚通国企数字经济指数,中证诚通国企数字经济指数收益率,工银瑞信基金管理有限公司,国信证券股份有限公司,股票型ETF,主题指数ETF,931529.CSI,81309031.8,2194500,3069405,1.401,1.3986807928913,0.028559189
2026-04-02,561220.SH,数字经济ETF工银,20250530,中证诚通国企数字经济指数,中证诚通国企数字经济指数收益率,工银瑞信基金管理有限公司,国信证券股份有限公司,股票型ETF,主题指数ETF,931529.CSI,78888221.7,2421600,3303594,1.357,1.3642195242815,-0.139818971
2026-04-03,561220.SH,数字经济ETF工银,20250530,中证诚通国企数字经济指数,中证诚通国企数字经济指数收益率,工银瑞信基金管理有限公司,国信证券股份有限公司,股票型ETF,主题指数ETF,931529.CSI,78806947.5,1519200,2072290,1.359,1.3640666140074,0.110497238
2026-04-07,561220.SH,数字经济ETF工银,20250530,中证诚通国企数字经济指数,中证诚通国企数字经济指数收益率,工银瑞信基金管理有限公司,国信证券股份有限公司,股票型ETF,主题指数ETF,931529.CSI,79700963.7,3352800,4619598,1.373,1.3778328561203,0.007283852
2026-04-08,561220.SH,数字经济ETF工银,20250530,中证诚通国企数字经济指数,中证诚通国企数字经济指数收益率,工银瑞信基金管理有限公司,国信证券股份有限公司,股票型ETF,主题指数ETF,931529.CSI,71426073.3,18057900,26120997,1.457,1.446513548087,0.061808942
2026-04-09,561220.SH,数字经济ETF工银,20250530,中证诚通国企数字经济指数,中证诚通国企数字经济指数收益率,工银瑞信基金管理有限公司,国信证券股份有限公司,股票型ETF,主题指数ETF,931529.CSI,69579549.6,2195200,3193281,1.463,1.4546651785714,-0.013668671
2026-04-10,561220.SH,数字经济ETF工银,20250530,中证诚通国企数字经济指数,中证诚通国企数字经济指数收益率,工银瑞信基金管理有限公司,国信证券股份有限公司,股票型ETF,主题指数ETF,931529.CSI,63808851.3,7397300,11035569,1.482,1.4918374271694,-0.006747183
2026-04-13,561220.SH,数字经济ETF工银,20250530,中证诚通国企数字经济指数,中证诚通国企数字经济指数收益率,工银瑞信基金管理有限公司,国信证券股份有限公司,股票型ETF,主题指数ETF,931529.CSI,64424509.2,1872500,2792689,1.498,1.4914226969292,0.106923283
2026-04-14,561220.SH,数字经济ETF工银,20250530,中证诚通国企数字经济指数,中证诚通国企数字经济指数收益率,工银瑞信基金管理有限公司,国信证券股份有限公司,股票型ETF,主题指数ETF,931529.CSI,65423338.8,1954300,2961245,1.522,1.5152458680858,0.157936299
2026-04-15,561220.SH,数字经济ETF工银,20250530,中证诚通国企数字经济指数,中证诚通国企数字经济指数收益率,工银瑞信基金管理有限公司,国信证券股份有限公司,股票型ETF,主题指数ETF,931529.CSI,60588173.1,3353400,5136134,1.511,1.531619848512,-0.112381834
2026-04-16,561220.SH,数字经济ETF工银,20250530,中证诚通国企数字经济指数,中证诚通国企数字经济指数收益率,工银瑞信基金管理有限公司,国信证券股份有限公司,股票型ETF,主题指数ETF,931529.CSI,60880560.0,1368000,2078345,1.52,1.5192580409357,0
2026-04-17,561220.SH,数字经济ETF工银,20250530,中证诚通国企数字经济指数,中证诚通国企数字经济指数收益率,工银瑞信基金管理有限公司,国信证券股份有限公司,股票型ETF,主题指数ETF,931529.CSI,61409259.6,1621300,2486455,1.533,1.5336180842534,-0.013044613
2026-04-20,561220.SH,数字经济ETF工银,20250530,中证诚通国企数字经济指数,中证诚通国企数字经济指数收益率,工银瑞信基金管理有限公司,国信证券股份有限公司,股票型ETF,主题指数ETF,931529.CSI,62646897.3,2060800,3221886,1.566,1.5634151785714,0.121475609
2026-04-21,561220.SH,数字经济ETF工银,20250530,中证诚通国企数字经济指数,中证诚通国企数字经济指数收益率,工银瑞信基金管理有限公司,国信证券股份有限公司,股票型ETF,主题指数ETF,931529.CSI,61957985.7,1577300,2422769,1.545,1.5360229506118,-0.122826298
2026-04-22,561220.SH,数字经济ETF工银,20250530,中证诚通国企数字经济指数,中证诚通国企数字经济指数收益率,工银瑞信基金管理有限公司,国信证券股份有限公司,股票型ETF,主题指数ETF,931529.CSI,63455967.9,3679700,5777265,1.584,1.5700369595347,-0.018935808
2026-04-23,561220.SH,数字经济ETF工银,20250530,中证诚通国企数字经济指数,中证诚通国企数字经济指数收益率,工银瑞信基金管理有限公司,国信证券股份有限公司,股票型ETF,主题指数ETF,931529.CSI,62979337.2,1794100,2830904,1.572,1.5778964383256,-0.02543882
2026-04-24,561220.SH,数字经济ETF工银,20250530,中证诚通国企数字经济指数,中证诚通国企数字经济指数收益率,工银瑞信基金管理有限公司,国信证券股份有限公司,股票型ETF,主题指数ETF,931529.CSI,61395652.5,5772100,9115828,1.589,1.5792914190676,-0.21978022
2026-04-27,561220.SH,数字经济ETF工银,20250530,中证诚通国企数字经济指数,中证诚通国企数字经济指数收益率,工银瑞信基金管理有限公司,国信证券股份有限公司,股票型ETF,主题指数ETF,931529.CSI,63654858.3,3208800,5260024,1.656,1.6392495636998,0.296771849
2026-04-28,561220.SH,数字经济ETF工银,20250530,中证诚通国企数字经济指数,中证诚通国企数字经济指数收益率,工银瑞信基金管理有限公司,国信证券股份有限公司,股票型ETF,主题指数ETF,931529.CSI,62741152.2,1805400,2947111,1.627,1.6323867287028,-0.024579083
2026-04-29,561220.SH,数字经济ETF工银,20250530,中证诚通国企数字经济指数,中证诚通国企数字经济指数收益率,工银瑞信基金管理有限公司,国信证券股份有限公司,股票型ETF,主题指数ETF,931529.CSI,62637059.1,2705900,4365268,1.623,1.6132406962563,-0.104634702
2026-04-30,561220.SH,数字经济ETF工银,20250530,中证诚通国企数字经济指数,中证诚通国企数字经济指数收益率,工银瑞信基金管理有限公司,国信证券股份有限公司,股票型ETF,主题指数ETF,931529.CSI,59732595.3,5795200,9634599,1.684,1.6625136319713,0.23212904
2026-05-06,561220.SH,数字经济ETF工银,20250530,中证诚通国企数字经济指数,中证诚通国企数字经济指数收益率,工银瑞信基金管理有限公司,国信证券股份有限公司,股票型ETF,主题指数ETF,931529.CSI,59769825.6,2326300,4117216,1.757,1.7698559944977,0.102552416
2026-05-07,561220.SH,数字经济ETF工银,20250530,中证诚通国企数字经济指数,中证诚通国企数字经济指数收益率,工银瑞信基金管理有限公司,国信证券股份有限公司,股票型ETF,主题指数ETF,931529.CSI,60699472.5,2661400,4687957,1.782,1.7614627639588,-0.028050491
2026-05-08,561220.SH,数字经济ETF工银,20250530,中证诚通国企数字经济指数,中证诚通国企数字经济指数收益率,工银瑞信基金管理有限公司,国信证券股份有限公司,股票型ETF,主题指数ETF,931529.CSI,62719047.3,2267100,3985638,1.763,1.7580336112214,-0.062354742
2026-05-11,561220.SH,数字经济ETF工银,20250530,中证诚通国企数字经济指数,中证诚通国企数字经济指数收益率,工银瑞信基金管理有限公司,国信证券股份有限公司,股票型ETF,主题指数ETF,931529.CSI,62456607.3,3942200,7172842,1.835,1.8195023083557,0.049070389
2026-05-12,561220.SH,数字经济ETF工银,20250530,中证诚通国企数字经济指数,中证诚通国企数字经济指数收益率,工银瑞信基金管理有限公司,国信证券股份有限公司,股票型ETF,主题指数ETF,931529.CSI,65360635.2,7385400,13560317,1.836,1.8360978416877,-0.130548303
2026-05-13,561220.SH,数字经济ETF工银,20250530,中证诚通国企数字经济指数,中证诚通国企数字经济指数收益率,工银瑞信基金管理有限公司,国信证券股份有限公司,股票型ETF,主题指数ETF,931529.CSI,66384561.6,3098200,5662586,1.865,1.8277018914208,-0.117823479
2026-05-14,561220.SH,数字经济ETF工银,20250530,中证诚通国企数字经济指数,中证诚通国企数字经济指数收益率,工银瑞信基金管理有限公司,国信证券股份有限公司,股票型ETF,主题指数ETF,931529.CSI,64247826.3,1807800,3318811,1.809,1.8358286314858,0.105140833
2026-05-15,561220.SH,数字经济ETF工银,20250530,中证诚通国企数字经济指数,中证诚通国企数字经济指数收益率,工银瑞信基金管理有限公司,国信证券股份有限公司,股票型ETF,主题指数ETF,931529.CSI,66224826.9,4147600,7465261,1.785,1.7998989777221,-0.128685727
2026-05-18,561220.SH,数字经济ETF工银,20250530,中证诚通国企数字经济指数,中证诚通国企数字经济指数收益率,工银瑞信基金管理有限公司,国信证券股份有限公司,股票型ETF,主题指数ETF,931529.CSI,67825516.5,7124400,13141514,1.837,1.8445783504576,0.355094237
2026-05-19,561220.SH,数字经济ETF工银,20250530,中证诚通国企数字经济指数,中证诚通国企数字经济指数收益率,工银瑞信基金管理有限公司,国信证券股份有限公司,股票型ETF,主题指数ETF,931529.CSI,72969263.1,5483400,10054184,1.895,1.8335674946201,0.121519522
2026-05-20,561220.SH,数字经济ETF工银,20250530,中证诚通国企数字经济指数,中证诚通国企数字经济指数收益率,工银瑞信基金管理有限公司,国信证券股份有限公司,股票型ETF,主题指数ETF,931529.CSI,74573067.9,3453800,6638761,1.935,1.9221613874573,0.036188802
2026-05-21,561220.SH,数字经济ETF工银,20250530,中证诚通国企数字经济指数,中证诚通国企数字经济指数收益率,工银瑞信基金管理有限公司,国信证券股份有限公司,股票型ETF,主题指数ETF,931529.CSI,74354389.2,6006200,11573575,1.856,1.9269379974027,-0.02154708
2026-05-22,561220.SH,数字经济ETF工银,20250530,中证诚通国企数字经济指数,中证诚通国企数字经济指数收益率,工银瑞信基金管理有限公司,国信证券股份有限公司,股票型ETF,主题指数ETF,931529.CSI,78776177.4,3008400,5649811,1.896,1.8780119000133,0.010549636
2026-05-25,561220.SH,数字经济ETF工银,20250530,中证诚通国企数字经济指数,中证诚通国企数字经济指数收益率,工银瑞信基金管理有限公司,国信证券股份有限公司,股票型ETF,主题指数ETF,931529.CSI,80097989.4,6623100,12885733,2.005,1.9455742779061,0.260026003
2026-05-26,561220.SH,数字经济ETF工银,20250530,中证诚通国企数字经济指数,中证诚通国企数字经济指数收益率,工银瑞信基金管理有限公司,国信证券股份有限公司,股票型ETF,主题指数ETF,931529.CSI,81859410.0,5878600,11440159,1.972,1.9460686217807,0.101522843
2026-05-27,561220.SH,数字经济ETF工银,20250530,中证诚通国企数字经济指数,中证诚通国企数字经济指数收益率,工银瑞信基金管理有限公司,国信证券股份有限公司,股票型ETF,主题指数ETF,931529.CSI,76853696.4,3077000,6019264,1.918,1.9562118947026,-0.041692725
2026-05-28,561220.SH,数字经济ETF工银,20250530,中证诚通国企数字经济指数,中证诚通国企数字经济指数收益率,工银瑞信基金管理有限公司,国信证券股份有限公司,股票型ETF,主题指数ETF,931529.CSI,75664117.8,6671400,12968389,1.967,1.9438781964805,0.224192398
2026-05-29,561220.SH,数字经济ETF工银,20250530,中证诚通国企数字经济指数,中证诚通国企数字经济指数收益率,工银瑞信基金管理有限公司,国信证券股份有限公司,股票型ETF,主题指数ETF,931529.CSI,75255581.7,4172100,7981378,1.875,1.9130361208983,-0.207568258
2026-06-01,561220.SH,数字经济ETF工银,20250530,中证诚通国企数字经济指数,中证诚通国企数字经济指数收益率,工银瑞信基金管理有限公司,国信证券股份有限公司,股票型ETF,主题指数ETF,931529.CSI,71702880.6,5651900,10359181,1.786,1.8328670004777,-0.234610658
2026-06-02,561220.SH,数字经济ETF工银,20250530,中证诚通国企数字经济指数,中证诚通国企数字经济指数收益率,工银瑞信基金管理有限公司,国信证券股份有限公司,股票型ETF,主题指数ETF,931529.CSI,70370790.9,6016200,10889444,1.824,1.8100202785812,-0.071221169
2026-06-03,561220.SH,数字经济ETF工银,20250530,中证诚通国企数字经济指数,中证诚通国企数字经济指数收益率,工银瑞信基金管理有限公司,国信证券股份有限公司,股票型ETF,主题指数ETF,931529.CSI,68429480.4,7820300,14584393,1.846,1.864940347557,-0.043318172
2026-06-04,561220.SH,数字经济ETF工银,20250530,中证诚通国企数字经济指数,中证诚通国企数字经济指数收益率,工银瑞信基金管理有限公司,国信证券股份有限公司,股票型ETF,主题指数ETF,931529.CSI,66309900.3,3199600,5945484,1.865,1.8581960245031,-0.005361643
2026-06-05,561220.SH,数字经济ETF工银,20250530,中证诚通国企数字经济指数,中证诚通国企数字经济指数收益率,工银瑞信基金管理有限公司,国信证券股份有限公司,股票型ETF,主题指数ETF,931529.CSI,64532250.3,3207700,5898932,1.817,1.8389911774792,0.104677428
2026-06-08,561220.SH,数字经济ETF工银,20250530,中证诚通国企数字经济指数,中证诚通国企数字经济指数收益率,工银瑞信基金管理有限公司,国信证券股份有限公司,股票型ETF,主题指数ETF,931529.CSI,61741339.8,3722300,6485520,1.734,1.7423421003143,-0.149717839
2026-06-09,561220.SH,数字经济ETF工银,20250530,中证诚通国企数字经济指数,中证诚通国企数字经济指数收益率,工银瑞信基金管理有限公司,国信证券股份有限公司,股票型ETF,主题指数ETF,931529.CSI,61935596.4,8074400,14510474,1.825,1.7970962548301,0.340884099
2026-06-10,561220.SH,数字经济ETF工银,20250530,中证诚通国企数字经济指数,中证诚通国企数字经济指数收益率,工银瑞信基金管理有限公司,国信证券股份有限公司,股票型ETF,主题指数ETF,931529.CSI,61850463.9,2548700,4679622,1.818,1.8360819241182,0.093596873
2026-06-11,561220.SH,数字经济ETF工银,20250530,中证诚通国企数字经济指数,中证诚通国企数字经济指数收益率,工银瑞信基金管理有限公司,国信证券股份有限公司,股票型ETF,主题指数ETF,931529.CSI,62425959.6,2124000,3866210,1.832,1.8202495291902,-0.065459306
2026-06-12,561220.SH,数字经济ETF工银,20250530,中证诚通国企数字经济指数,中证诚通国企数字经济指数收益率,工银瑞信基金管理有限公司,国信证券股份有限公司,股票型ETF,主题指数ETF,931529.CSI,62286342.3,2947300,5503914,1.829,1.8674427442066,-0.00546717
2026-06-15,561220.SH,数字经济ETF工银,20250530,中证诚通国企数字经济指数,中证诚通国企数字经济指数收益率,工银瑞信基金管理有限公司,国信证券股份有限公司,股票型ETF,主题指数ETF,931529.CSI,65558835.6,1950700,3699070,1.933,1.8962782590865,0.405152711
2026-06-16,561220.SH,数字经济ETF工银,20250530,中证诚通国企数字经济指数,中证诚通国企数字经济指数收益率,工银瑞信基金管理有限公司,国信证券股份有限公司,股票型ETF,主题指数ETF,931529.CSI,66594046.8,3042100,5932892,1.96,1.9502619900726,0.224994886
2026-06-17,561220.SH,数字经济ETF工银,20250530,中证诚通国企数字经济指数,中证诚通国企数字经济指数收益率,工银瑞信基金管理有限公司,国信证券股份有限公司,股票型ETF,主题指数ETF,931529.CSI,69113968.8,3830800,7642735,2.029,1.9950754411611,-0.029562475
2026-06-18,561220.SH,数字经济ETF工银,20250530,中证诚通国企数字经济指数,中证诚通国企数字经济指数收益率,工银瑞信基金管理有限公司,国信证券股份有限公司,股票型ETF,主题指数ETF,931529.CSI,71007315.6,4269400,8765930,2.09,2.0531995128121,0.230193746
2026-06-22,561220.SH,数字经济ETF工银,20250530,中证诚通国企数字经济指数,中证诚通国企数字经济指数收益率,工银瑞信基金管理有限公司,国信证券股份有限公司,股票型ETF,主题指数ETF,931529.CSI,72219602.4,2835900,5972844,2.124,2.1061546598963,0.150886458
2026-06-23,561220.SH,数字经济ETF工银,20250530,中证诚通国企数字经济指数,中证诚通国企数字经济指数收益率,工银瑞信基金管理有限公司,国信证券股份有限公司,股票型ETF,主题指数ETF,931529.CSI,70476088.8,3354300,7028045,2.072,2.0952344751513,0.115964438
2026-06-24,561220.SH,数字经济ETF工银,20250530,中证诚通国企数字经济指数,中证诚通国企数字经济指数收益率,工银瑞信基金管理有限公司,国信证券股份有限公司,股票型ETF,主题指数ETF,931529.CSI,72931310.1,3759500,7983980,2.15,2.1236813406038,0.387542606
2026-06-25,561220.SH,数字经济ETF工银,20250530,中证诚通国企数字经济指数,中证诚通国企数字经济指数收益率,工银瑞信基金管理有限公司,国信证券股份有限公司,股票型ETF,主题指数ETF,931529.CSI,75434205.6,2289000,5010889,2.221,2.1891170816951,0.261827375
2026-06-26,561220.SH,数字经济ETF工银,20250530,中证诚通国企数字经济指数,中证诚通国企数字经济指数收益率,工银瑞信基金管理有限公司,国信证券股份有限公司,股票型ETF,主题指数ETF,931529.CSI,76933136.7,3538800,7655751,2.165,2.1633748728383,0.050834142
2026-06-29,561220.SH,数字经济ETF工银,20250530,中证诚通国企数字经济指数,中证诚通国企数字经济指数收益率,工银瑞信基金管理有限公司,国信证券股份有限公司,股票型ETF,主题指数ETF,931529.CSI,79411180.8,6737000,14840085,2.242,2.2027734896838,0.376074499
2026-06-30,561220.SH,数字经济ETF工银,20250530,中证诚通国企数字经济指数,中证诚通国企数字经济指数收益率,工银瑞信基金管理有限公司,国信证券股份有限公司,股票型ETF,主题指数ETF,931529.CSI,85692473.1,5199600,11817897,2.312,2.2728473344103,-0.030267653
2026-07-01,561220.SH,数字经济ETF工银,20250530,中证诚通国企数字经济指数,中证诚通国企数字经济指数收益率,工银瑞信基金管理有限公司,国信证券股份有限公司,股票型ETF,主题指数ETF,931529.CSI,84095488.8,5441700,12562559,2.268,2.3085725049157,-0.070497004
2026-07-02,561220.SH,数字经济ETF工银,20250530,中证诚通国企数字经济指数,中证诚通国企数字经济指数收益率,工银瑞信基金管理有限公司,国信证券股份有限公司,股票型ETF,主题指数ETF,931529.CSI,77929869.6,3833500,8238981,2.1,2.1492059475675,-0.152149106
2026-07-03,561220.SH,数字经济ETF工银,20250530,中证诚通国企数字经济指数,中证诚通国企数字经济指数收益率,工银瑞信基金管理有限公司,国信证券股份有限公司,股票型ETF,主题指数ETF,931529.CSI,77759425.8,5041200,10640382,2.103,2.1106843608665,0.209663585
2026-07-06,561220.SH,数字经济ETF工银,20250530,中证诚通国企数字经济指数,中证诚通国企数字经济指数收益率,工银瑞信基金管理有限公司,国信证券股份有限公司,股票型ETF,主题指数ETF,931529.CSI,74604415.2,5808500,12081437,2.1,2.0799581647585,0.07624857
2026-07-07,561220.SH,数字经济ETF工银,20250530,中证诚通国企数字经济指数,中证诚通国企数字经济指数收益率,工银瑞信基金管理有限公司,国信证券股份有限公司,股票型ETF,主题指数ETF,931529.CSI,71654322.6,5597100,11773836,2.105,2.1035600578871,0.0380192
2026-07-08,561220.SH,数字经济ETF工银,20250530,中证诚通国企数字经济指数,中证诚通国企数字经济指数收益率,工银瑞信基金管理有限公司,国信证券股份有限公司,股票型ETF,主题指数ETF,931529.CSI,72035716.2,3032100,6408046,2.115,2.1134019326539,-0.018908953
2026-07-09,561220.SH,数字经济ETF工银,20250530,中证诚通国企数字经济指数,中证诚通国企数字经济指数收益率,工银瑞信基金管理有限公司,国信证券股份有限公司,股票型ETF,主题指数ETF,931529.CSI,81487476.0,6410400,14120380,2.297,2.2027299388494,0.218150087
2026-07-10,561220.SH,数字经济ETF工银,20250530,中证诚通国企数字经济指数,中证诚通国企数字经济指数收益率,工银瑞信基金管理有限公司,国信证券股份有限公司,股票型ETF,主题指数ETF,931529.CSI,77900178.3,6707400,15442884,2.198,2.30236514894,0.314910319
2026-07-13,561220.SH,数字经济ETF工银,20250530,中证诚通国企数字经济指数,中证诚通国企数字经济指数收益率,工银瑞信基金管理有限公司,国信证券股份有限公司,股票型ETF,主题指数ETF,931529.CSI,77963217.3,9304200,20201736,2.098,2.1712491133037,-0.289910175
2026-07-14,561220.SH,数字经济ETF工银,20250530,中证诚通国企数字经济指数,中证诚通国企数字经济指数收益率,工银瑞信基金管理有限公司,国信证券股份有限公司,股票型ETF,主题指数ETF,931529.CSI,78255936.0,3361100,6924263,2.116,2.0601181160929,0.189393939
2026-07-15,561220.SH,数字经济ETF工银,20250530,中证诚通国企数字经济指数,中证诚通国企数字经济指数收益率,工银瑞信基金管理有限公司,国信证券股份有限公司,股票型ETF,主题指数ETF,931529.CSI,75410265.6,3752400,7809196,2.033,2.0811203496429,-0.108097484
2026-07-16,561220.SH,数字经济ETF工银,20250530,中证诚通国企数字经济指数,中证诚通国企数字经济指数收益率,工银瑞信基金管理有限公司,国信证券股份有限公司,股票型ETF,主题指数ETF,931529.CSI,72927714.6,3673200,7346413,1.962,2.0000035391484,-0.315008637
2026-07-17,561220.SH,数字经济ETF工银,20250530,中证诚通国企数字经济指数,中证诚通国企数字经济指数收益率,工银瑞信基金管理有限公司,国信证券股份有限公司,股票型ETF,主题指数ETF,931529.CSI,68066361.0,6418500,11936711,1.832,1.8597352964088,-0.272182907
2026-07-20,561220.SH,数字经济ETF工银,20250530,中证诚通国企数字经济指数,中证诚通国企数字经济指数收益率,工银瑞信基金管理有限公司,国信证券股份有限公司,股票型ETF,主题指数ETF,931529.CSI,69811772.4,7748700,14243043,1.813,1.8381203298618,0.121493263
2026-07-21,561220.SH,数字经济ETF工银,20250530,中证诚通国企数字经济指数,中证诚通国企数字经济指数收益率,工银瑞信基金管理有限公司,国信证券股份有限公司,股票型ETF,主题指数ETF,931529.CSI,85262161.2,7275200,13824721,1.986,1.9002530514625,0.282771157
2026-07-22,561220.SH,数字经济ETF工银,20250530,中证诚通国企数字经济指数,中证诚通国企数字经济指数收益率,工银瑞信基金管理有限公司,国信证券股份有限公司,股票型ETF,主题指数ETF,931529.CSI,84414017.1,8488800,16784836,1.954,1.9772919611724,-0.341714694
2026-07-23,561220.SH,数字经济ETF工银,20250530,中证诚通国企数字经济指数,中证诚通国企数字经济指数收益率,工银瑞信基金管理有限公司,国信证券股份有限公司,股票型ETF,主题指数ETF,931529.CSI,81365864.7,2845200,5469064,1.889,1.9222072262055,-0.047621567
2026-07-24,561220.SH,数字经济ETF工银,20250530,中证诚通国企数字经济指数,中证诚通国企数字经济指数收益率,工银瑞信基金管理有限公司,国信证券股份有限公司,股票型ETF,主题指数ETF,931529.CSI,80832007.5,3485600,6574162,1.878,1.8860919210466,0.026631158
2026-07-27,561220.SH,数字经济ETF工银,20250530,中证诚通国企数字经济指数,中证诚通国企数字经济指数收益率,工银瑞信基金管理有限公司,国信证券股份有限公司,股票型ETF,主题指数ETF,931529.CSI,82175261.1,3044800,5655250,1.905,1.8573469521808,-0.193849217
2026-07-28,561220.SH,数字经济ETF工银,20250530,中证诚通国企数字经济指数,中证诚通国企数字经济指数收益率,工银瑞信基金管理有限公司,国信证券股份有限公司,股票型ETF,主题指数ETF,931529.CSI,80190944.7,3513700,6471820,1.807,1.8418817770441,0.394466359
2026-07-29,561220.SH,数字经济ETF工银,20250530,中证诚通国企数字经济指数,中证诚通国企数字经济指数收益率,工银瑞信基金管理有限公司,国信证券股份有限公司,股票型ETF,主题指数ETF,931529.CSI,78239523.3,4096600,7096000,1.757,1.7321681394327,0.051249929
2026-07-30,561220.SH,数字经济ETF工银,20250530,中证诚通国企数字经济指数,中证诚通国企数字经济指数收益率,工银瑞信基金管理有限公司,国信证券股份有限公司,股票型ETF,主题指数ETF,931529.CSI,78833363.4,6060700,10213143,1.653,1.6851424752916,-0.289540355
2026-07-31,561220.SH,数字经济ETF工银,20250530,中证诚通国企数字经济指数,中证诚通国企数字经济指数收益率,工银瑞信基金管理有限公司,国信证券股份有限公司,股票型ETF,主题指数ETF,931529.CSI,75953954.4,5945200,10463569,1.708,1.7600028594496,0.187705303
2026-08-03,561220.SH,数字经济ETF工银,20250530,中证诚通国企数字经济指数,中证诚通国企数字经济指数收益率,工银瑞信基金管理有限公司,国信证券股份有限公司,股票型ETF,主题指数ETF,931529.CSI,73066920.0,3225000,5322976,1.637,1.6505351937984,-0.182926829
2026-08-04,561220.SH,数字经济ETF工银,20250530,中证诚通国企数字经济指数,中证诚通国企数字经济指数收益率,工银瑞信基金管理有限公司,国信证券股份有限公司,股票型ETF,主题指数ETF,931529.CSI,76559875.2,2890800,4921746,1.72,1.7025550020755,0.09310987
2026-08-05,561220.SH,数字经济ETF工银,20250530,中证诚通国企数字经济指数,中证诚通国企数字经济指数收益率,工银瑞信基金管理有限公司,国信证券股份有限公司,股票型ETF,主题指数ETF,931529.CSI,80195400.0,2608300,4669739,1.801,1.7903381512863,0.055555556
2026-08-06,561220.SH,数字经济ETF工银,20250530,中证诚通国企数字经济指数,中证诚通国企数字经济指数收益率,工银瑞信基金管理有限公司,国信证券股份有限公司,股票型ETF,主题指数ETF,931529.CSI,81073094.1,2740200,4975851,1.82,1.8158714692358,0.016486234
2026-08-07,561220.SH,数字经济ETF工银,20250530,中证诚通国企数字经济指数,中证诚通国企数字经济指数收益率,工银瑞信基金管理有限公司,国信证券股份有限公司,股票型ETF,主题指数ETF,931529.CSI,83514598.5,3520300,6526046,1.876,1.8538323438343,0.080021339
2026-08-10,561220.SH,数字经济ETF工银,20250530,中证诚通国企数字经济指数,中证诚通国企数字经济指数收益率,工银瑞信基金管理有限公司,国信证券股份有限公司,股票型ETF,主题指数ETF,931529.CSI,83184906.3,3460100,6446678,1.866,1.8631478858993,-0.058914895
2026-08-11,561220.SH,数字经济ETF工银,20250530,中证诚通国企数字经济指数,中证诚通国企数字经济指数收益率,工银瑞信基金管理有限公司,国信证券股份有限公司,股票型ETF,主题指数ETF,931529.CSI,82062170.7,2373900,4400637,1.848,1.8537583722987,0.33117976
2026-08-12,561220.SH,数字经济ETF工银,20250530,中证诚通国企数字经济指数,中证诚通国企数字经济指数收益率,工银瑞信基金管理有限公司,国信证券股份有限公司,股票型ETF,主题指数ETF,931529.CSI,83768550.6,2080600,3879468,1.877,1.8645909833702,-0.17019466
2026-08-13,561220.SH,数字经济ETF工银,20250530,中证诚通国企数字经济指数,中证诚通国企数字经济指数收益率,工银瑞信基金管理有限公司,国信证券股份有限公司,股票型ETF,主题指数ETF,931529.CSI,83274012.3,2817800,5377327,1.871,1.9083423237987,0.101653202
2026-08-14,561220.SH,数字经济ETF工银,20250530,中证诚通国企数字经济指数,中证诚通国企数字经济指数收益率,工银瑞信基金管理有限公司,国信证券股份有限公司,股票型ETF,主题指数ETF,931529.CSI,81030051.3,1777500,3327642,1.877,1.8720911392405,-0.270973912
2026-08-17,561220.SH,数字经济ETF工银,20250530,中证诚通国企数字经济指数,中证诚通国企数字经济指数收益率,工银瑞信基金管理有限公司,国信证券股份有限公司,股票型ETF,主题指数ETF,931529.CSI,83505598.8,3357800,6390861,1.94,1.9032881648699,0.020622809
2026-08-18,561220.SH,数字经济ETF工银,20250530,中证诚通国企数字经济指数,中证诚通国企数字经济指数收益率,工银瑞信基金管理有限公司,国信证券股份有限公司,股票型ETF,主题指数ETF,931529.CSI,83199922.5,2595200,4984991,1.935,1.9208504161529,0.129366106
2026-08-19,561220.SH,数字经济ETF工银,20250530,中证诚通国企数字经济指数,中证诚通国企数字经济指数收益率,工银瑞信基金管理有限公司,国信证券股份有限公司,股票型ETF,主题指数ETF,931529.CSI,82821715.2,4265900,7831777,1.796,1.8359026231276,-0.133451957
2026-08-20,561220.SH,数字经济ETF工银,20250530,中证诚通国企数字经济指数,中证诚通国企数字经济指数收益率,工银瑞信基金管理有限公司,国信证券股份有限公司,股票型ETF,主题指数ETF,931529.CSI,82554607.8,2519800,4549672,1.79,1.8055686959282,-0.145040723
2026-08-21,561220.SH,数字经济ETF工银,20250530,中证诚通国企数字经济指数,中证诚通国企数字经济指数收益率,工银瑞信基金管理有限公司,国信证券股份有限公司,股票型ETF,主题指数ETF,931529.CSI,83088822.6,3138200,5648458,1.806,1.7999037664903,0.09976721
2026-08-24,561220.SH,数字经济ETF工银,20250530,中证诚通国企数字经济指数,中证诚通国企数字经济指数收益率,工银瑞信基金管理有限公司,国信证券股份有限公司,股票型ETF,主题指数ETF,931529.CSI,80956568.7,3382900,5948395,1.759,1.7583715155636,0.062574663
2026-08-25,561220.SH,数字经济ETF工银,20250530,中证诚通国企数字经济指数,中证诚通国企数字经济指数收益率,工银瑞信基金管理有限公司,国信证券股份有限公司,股票型ETF,主题指数ETF,931529.CSI,80938147.5,2814300,4902065,1.757,1.7418416657783,-0.028449502
