日期,代码,名称,上市日期,对标指数,benchmark,管理人,托管人,类别大类,类别细类,对标指数代码,规模,成交量,成交额,收盘价,VWAP,溢价率
2021-01-04,562860.SH,嘉实中证疫苗与生物技术ETF,20230224,中证疫苗与生物技术指数,中证疫苗与生物技术指数收益率,嘉实基金管理有限公司,中国工商银行股份有限公司,股票型ETF,主题指数ETF,931992.CSI,,,,,,
2021-01-05,562860.SH,嘉实中证疫苗与生物技术ETF,20230224,中证疫苗与生物技术指数,中证疫苗与生物技术指数收益率,嘉实基金管理有限公司,中国工商银行股份有限公司,股票型ETF,主题指数ETF,931992.CSI,,,,,,
2021-01-06,562860.SH,嘉实中证疫苗与生物技术ETF,20230224,中证疫苗与生物技术指数,中证疫苗与生物技术指数收益率,嘉实基金管理有限公司,中国工商银行股份有限公司,股票型ETF,主题指数ETF,931992.CSI,,,,,,
2021-01-07,562860.SH,嘉实中证疫苗与生物技术ETF,20230224,中证疫苗与生物技术指数,中证疫苗与生物技术指数收益率,嘉实基金管理有限公司,中国工商银行股份有限公司,股票型ETF,主题指数ETF,931992.CSI,,,,,,
2021-01-08,562860.SH,嘉实中证疫苗与生物技术ETF,20230224,中证疫苗与生物技术指数,中证疫苗与生物技术指数收益率,嘉实基金管理有限公司,中国工商银行股份有限公司,股票型ETF,主题指数ETF,931992.CSI,,,,,,
2021-01-11,562860.SH,嘉实中证疫苗与生物技术ETF,20230224,中证疫苗与生物技术指数,中证疫苗与生物技术指数收益率,嘉实基金管理有限公司,中国工商银行股份有限公司,股票型ETF,主题指数ETF,931992.CSI,,,,,,
2021-01-12,562860.SH,嘉实中证疫苗与生物技术ETF,20230224,中证疫苗与生物技术指数,中证疫苗与生物技术指数收益率,嘉实基金管理有限公司,中国工商银行股份有限公司,股票型ETF,主题指数ETF,931992.CSI,,,,,,
2021-01-13,562860.SH,嘉实中证疫苗与生物技术ETF,20230224,中证疫苗与生物技术指数,中证疫苗与生物技术指数收益率,嘉实基金管理有限公司,中国工商银行股份有限公司,股票型ETF,主题指数ETF,931992.CSI,,,,,,
2021-01-14,562860.SH,嘉实中证疫苗与生物技术ETF,20230224,中证疫苗与生物技术指数,中证疫苗与生物技术指数收益率,嘉实基金管理有限公司,中国工商银行股份有限公司,股票型ETF,主题指数ETF,931992.CSI,,,,,,
2021-01-15,562860.SH,嘉实中证疫苗与生物技术ETF,20230224,中证疫苗与生物技术指数,中证疫苗与生物技术指数收益率,嘉实基金管理有限公司,中国工商银行股份有限公司,股票型ETF,主题指数ETF,931992.CSI,,,,,,
2021-01-18,562860.SH,嘉实中证疫苗与生物技术ETF,20230224,中证疫苗与生物技术指数,中证疫苗与生物技术指数收益率,嘉实基金管理有限公司,中国工商银行股份有限公司,股票型ETF,主题指数ETF,931992.CSI,,,,,,
2021-01-19,562860.SH,嘉实中证疫苗与生物技术ETF,20230224,中证疫苗与生物技术指数,中证疫苗与生物技术指数收益率,嘉实基金管理有限公司,中国工商银行股份有限公司,股票型ETF,主题指数ETF,931992.CSI,,,,,,
2021-01-20,562860.SH,嘉实中证疫苗与生物技术ETF,20230224,中证疫苗与生物技术指数,中证疫苗与生物技术指数收益率,嘉实基金管理有限公司,中国工商银行股份有限公司,股票型ETF,主题指数ETF,931992.CSI,,,,,,
2021-01-21,562860.SH,嘉实中证疫苗与生物技术ETF,20230224,中证疫苗与生物技术指数,中证疫苗与生物技术指数收益率,嘉实基金管理有限公司,中国工商银行股份有限公司,股票型ETF,主题指数ETF,931992.CSI,,,,,,
2021-01-22,562860.SH,嘉实中证疫苗与生物技术ETF,20230224,中证疫苗与生物技术指数,中证疫苗与生物技术指数收益率,嘉实基金管理有限公司,中国工商银行股份有限公司,股票型ETF,主题指数ETF,931992.CSI,,,,,,
2021-01-25,562860.SH,嘉实中证疫苗与生物技术ETF,20230224,中证疫苗与生物技术指数,中证疫苗与生物技术指数收益率,嘉实基金管理有限公司,中国工商银行股份有限公司,股票型ETF,主题指数ETF,931992.CSI,,,,,,
2021-01-26,562860.SH,嘉实中证疫苗与生物技术ETF,20230224,中证疫苗与生物技术指数,中证疫苗与生物技术指数收益率,嘉实基金管理有限公司,中国工商银行股份有限公司,股票型ETF,主题指数ETF,931992.CSI,,,,,,
2021-01-27,562860.SH,嘉实中证疫苗与生物技术ETF,20230224,中证疫苗与生物技术指数,中证疫苗与生物技术指数收益率,嘉实基金管理有限公司,中国工商银行股份有限公司,股票型ETF,主题指数ETF,931992.CSI,,,,,,
2021-01-28,562860.SH,嘉实中证疫苗与生物技术ETF,20230224,中证疫苗与生物技术指数,中证疫苗与生物技术指数收益率,嘉实基金管理有限公司,中国工商银行股份有限公司,股票型ETF,主题指数ETF,931992.CSI,,,,,,
2021-01-29,562860.SH,嘉实中证疫苗与生物技术ETF,20230224,中证疫苗与生物技术指数,中证疫苗与生物技术指数收益率,嘉实基金管理有限公司,中国工商银行股份有限公司,股票型ETF,主题指数ETF,931992.CSI,,,,,,
2021-02-01,562860.SH,嘉实中证疫苗与生物技术ETF,20230224,中证疫苗与生物技术指数,中证疫苗与生物技术指数收益率,嘉实基金管理有限公司,中国工商银行股份有限公司,股票型ETF,主题指数ETF,931992.CSI,,,,,,
2021-02-02,562860.SH,嘉实中证疫苗与生物技术ETF,20230224,中证疫苗与生物技术指数,中证疫苗与生物技术指数收益率,嘉实基金管理有限公司,中国工商银行股份有限公司,股票型ETF,主题指数ETF,931992.CSI,,,,,,
2021-02-03,562860.SH,嘉实中证疫苗与生物技术ETF,20230224,中证疫苗与生物技术指数,中证疫苗与生物技术指数收益率,嘉实基金管理有限公司,中国工商银行股份有限公司,股票型ETF,主题指数ETF,931992.CSI,,,,,,
2021-02-04,562860.SH,嘉实中证疫苗与生物技术ETF,20230224,中证疫苗与生物技术指数,中证疫苗与生物技术指数收益率,嘉实基金管理有限公司,中国工商银行股份有限公司,股票型ETF,主题指数ETF,931992.CSI,,,,,,
2021-02-05,562860.SH,嘉实中证疫苗与生物技术ETF,20230224,中证疫苗与生物技术指数,中证疫苗与生物技术指数收益率,嘉实基金管理有限公司,中国工商银行股份有限公司,股票型ETF,主题指数ETF,931992.CSI,,,,,,
2021-02-08,562860.SH,嘉实中证疫苗与生物技术ETF,20230224,中证疫苗与生物技术指数,中证疫苗与生物技术指数收益率,嘉实基金管理有限公司,中国工商银行股份有限公司,股票型ETF,主题指数ETF,931992.CSI,,,,,,
2021-02-09,562860.SH,嘉实中证疫苗与生物技术ETF,20230224,中证疫苗与生物技术指数,中证疫苗与生物技术指数收益率,嘉实基金管理有限公司,中国工商银行股份有限公司,股票型ETF,主题指数ETF,931992.CSI,,,,,,
2021-02-10,562860.SH,嘉实中证疫苗与生物技术ETF,20230224,中证疫苗与生物技术指数,中证疫苗与生物技术指数收益率,嘉实基金管理有限公司,中国工商银行股份有限公司,股票型ETF,主题指数ETF,931992.CSI,,,,,,
2021-02-18,562860.SH,嘉实中证疫苗与生物技术ETF,20230224,中证疫苗与生物技术指数,中证疫苗与生物技术指数收益率,嘉实基金管理有限公司,中国工商银行股份有限公司,股票型ETF,主题指数ETF,931992.CSI,,,,,,
2021-02-19,562860.SH,嘉实中证疫苗与生物技术ETF,20230224,中证疫苗与生物技术指数,中证疫苗与生物技术指数收益率,嘉实基金管理有限公司,中国工商银行股份有限公司,股票型ETF,主题指数ETF,931992.CSI,,,,,,
2021-02-22,562860.SH,嘉实中证疫苗与生物技术ETF,20230224,中证疫苗与生物技术指数,中证疫苗与生物技术指数收益率,嘉实基金管理有限公司,中国工商银行股份有限公司,股票型ETF,主题指数ETF,931992.CSI,,,,,,
2021-02-23,562860.SH,嘉实中证疫苗与生物技术ETF,20230224,中证疫苗与生物技术指数,中证疫苗与生物技术指数收益率,嘉实基金管理有限公司,中国工商银行股份有限公司,股票型ETF,主题指数ETF,931992.CSI,,,,,,
2021-02-24,562860.SH,嘉实中证疫苗与生物技术ETF,20230224,中证疫苗与生物技术指数,中证疫苗与生物技术指数收益率,嘉实基金管理有限公司,中国工商银行股份有限公司,股票型ETF,主题指数ETF,931992.CSI,,,,,,
2021-02-25,562860.SH,嘉实中证疫苗与生物技术ETF,20230224,中证疫苗与生物技术指数,中证疫苗与生物技术指数收益率,嘉实基金管理有限公司,中国工商银行股份有限公司,股票型ETF,主题指数ETF,931992.CSI,,,,,,
2021-02-26,562860.SH,嘉实中证疫苗与生物技术ETF,20230224,中证疫苗与生物技术指数,中证疫苗与生物技术指数收益率,嘉实基金管理有限公司,中国工商银行股份有限公司,股票型ETF,主题指数ETF,931992.CSI,,,,,,
2021-03-01,562860.SH,嘉实中证疫苗与生物技术ETF,20230224,中证疫苗与生物技术指数,中证疫苗与生物技术指数收益率,嘉实基金管理有限公司,中国工商银行股份有限公司,股票型ETF,主题指数ETF,931992.CSI,,,,,,
2021-03-02,562860.SH,嘉实中证疫苗与生物技术ETF,20230224,中证疫苗与生物技术指数,中证疫苗与生物技术指数收益率,嘉实基金管理有限公司,中国工商银行股份有限公司,股票型ETF,主题指数ETF,931992.CSI,,,,,,
2021-03-03,562860.SH,嘉实中证疫苗与生物技术ETF,20230224,中证疫苗与生物技术指数,中证疫苗与生物技术指数收益率,嘉实基金管理有限公司,中国工商银行股份有限公司,股票型ETF,主题指数ETF,931992.CSI,,,,,,
2021-03-04,562860.SH,嘉实中证疫苗与生物技术ETF,20230224,中证疫苗与生物技术指数,中证疫苗与生物技术指数收益率,嘉实基金管理有限公司,中国工商银行股份有限公司,股票型ETF,主题指数ETF,931992.CSI,,,,,,
2021-03-05,562860.SH,嘉实中证疫苗与生物技术ETF,20230224,中证疫苗与生物技术指数,中证疫苗与生物技术指数收益率,嘉实基金管理有限公司,中国工商银行股份有限公司,股票型ETF,主题指数ETF,931992.CSI,,,,,,
2021-03-08,562860.SH,嘉实中证疫苗与生物技术ETF,20230224,中证疫苗与生物技术指数,中证疫苗与生物技术指数收益率,嘉实基金管理有限公司,中国工商银行股份有限公司,股票型ETF,主题指数ETF,931992.CSI,,,,,,
2021-03-09,562860.SH,嘉实中证疫苗与生物技术ETF,20230224,中证疫苗与生物技术指数,中证疫苗与生物技术指数收益率,嘉实基金管理有限公司,中国工商银行股份有限公司,股票型ETF,主题指数ETF,931992.CSI,,,,,,
2021-03-10,562860.SH,嘉实中证疫苗与生物技术ETF,20230224,中证疫苗与生物技术指数,中证疫苗与生物技术指数收益率,嘉实基金管理有限公司,中国工商银行股份有限公司,股票型ETF,主题指数ETF,931992.CSI,,,,,,
2021-03-11,562860.SH,嘉实中证疫苗与生物技术ETF,20230224,中证疫苗与生物技术指数,中证疫苗与生物技术指数收益率,嘉实基金管理有限公司,中国工商银行股份有限公司,股票型ETF,主题指数ETF,931992.CSI,,,,,,
2021-03-12,562860.SH,嘉实中证疫苗与生物技术ETF,20230224,中证疫苗与生物技术指数,中证疫苗与生物技术指数收益率,嘉实基金管理有限公司,中国工商银行股份有限公司,股票型ETF,主题指数ETF,931992.CSI,,,,,,
2021-03-15,562860.SH,嘉实中证疫苗与生物技术ETF,20230224,中证疫苗与生物技术指数,中证疫苗与生物技术指数收益率,嘉实基金管理有限公司,中国工商银行股份有限公司,股票型ETF,主题指数ETF,931992.CSI,,,,,,
2021-03-16,562860.SH,嘉实中证疫苗与生物技术ETF,20230224,中证疫苗与生物技术指数,中证疫苗与生物技术指数收益率,嘉实基金管理有限公司,中国工商银行股份有限公司,股票型ETF,主题指数ETF,931992.CSI,,,,,,
2021-03-17,562860.SH,嘉实中证疫苗与生物技术ETF,20230224,中证疫苗与生物技术指数,中证疫苗与生物技术指数收益率,嘉实基金管理有限公司,中国工商银行股份有限公司,股票型ETF,主题指数ETF,931992.CSI,,,,,,
2021-03-18,562860.SH,嘉实中证疫苗与生物技术ETF,20230224,中证疫苗与生物技术指数,中证疫苗与生物技术指数收益率,嘉实基金管理有限公司,中国工商银行股份有限公司,股票型ETF,主题指数ETF,931992.CSI,,,,,,
2021-03-19,562860.SH,嘉实中证疫苗与生物技术ETF,20230224,中证疫苗与生物技术指数,中证疫苗与生物技术指数收益率,嘉实基金管理有限公司,中国工商银行股份有限公司,股票型ETF,主题指数ETF,931992.CSI,,,,,,
2021-03-22,562860.SH,嘉实中证疫苗与生物技术ETF,20230224,中证疫苗与生物技术指数,中证疫苗与生物技术指数收益率,嘉实基金管理有限公司,中国工商银行股份有限公司,股票型ETF,主题指数ETF,931992.CSI,,,,,,
2021-03-23,562860.SH,嘉实中证疫苗与生物技术ETF,20230224,中证疫苗与生物技术指数,中证疫苗与生物技术指数收益率,嘉实基金管理有限公司,中国工商银行股份有限公司,股票型ETF,主题指数ETF,931992.CSI,,,,,,
2021-03-24,562860.SH,嘉实中证疫苗与生物技术ETF,20230224,中证疫苗与生物技术指数,中证疫苗与生物技术指数收益率,嘉实基金管理有限公司,中国工商银行股份有限公司,股票型ETF,主题指数ETF,931992.CSI,,,,,,
2021-03-25,562860.SH,嘉实中证疫苗与生物技术ETF,20230224,中证疫苗与生物技术指数,中证疫苗与生物技术指数收益率,嘉实基金管理有限公司,中国工商银行股份有限公司,股票型ETF,主题指数ETF,931992.CSI,,,,,,
2021-03-26,562860.SH,嘉实中证疫苗与生物技术ETF,20230224,中证疫苗与生物技术指数,中证疫苗与生物技术指数收益率,嘉实基金管理有限公司,中国工商银行股份有限公司,股票型ETF,主题指数ETF,931992.CSI,,,,,,
2021-03-29,562860.SH,嘉实中证疫苗与生物技术ETF,20230224,中证疫苗与生物技术指数,中证疫苗与生物技术指数收益率,嘉实基金管理有限公司,中国工商银行股份有限公司,股票型ETF,主题指数ETF,931992.CSI,,,,,,
2021-03-30,562860.SH,嘉实中证疫苗与生物技术ETF,20230224,中证疫苗与生物技术指数,中证疫苗与生物技术指数收益率,嘉实基金管理有限公司,中国工商银行股份有限公司,股票型ETF,主题指数ETF,931992.CSI,,,,,,
2021-03-31,562860.SH,嘉实中证疫苗与生物技术ETF,20230224,中证疫苗与生物技术指数,中证疫苗与生物技术指数收益率,嘉实基金管理有限公司,中国工商银行股份有限公司,股票型ETF,主题指数ETF,931992.CSI,,,,,,
2021-04-01,562860.SH,嘉实中证疫苗与生物技术ETF,20230224,中证疫苗与生物技术指数,中证疫苗与生物技术指数收益率,嘉实基金管理有限公司,中国工商银行股份有限公司,股票型ETF,主题指数ETF,931992.CSI,,,,,,
2021-04-02,562860.SH,嘉实中证疫苗与生物技术ETF,20230224,中证疫苗与生物技术指数,中证疫苗与生物技术指数收益率,嘉实基金管理有限公司,中国工商银行股份有限公司,股票型ETF,主题指数ETF,931992.CSI,,,,,,
2021-04-06,562860.SH,嘉实中证疫苗与生物技术ETF,20230224,中证疫苗与生物技术指数,中证疫苗与生物技术指数收益率,嘉实基金管理有限公司,中国工商银行股份有限公司,股票型ETF,主题指数ETF,931992.CSI,,,,,,
2021-04-07,562860.SH,嘉实中证疫苗与生物技术ETF,20230224,中证疫苗与生物技术指数,中证疫苗与生物技术指数收益率,嘉实基金管理有限公司,中国工商银行股份有限公司,股票型ETF,主题指数ETF,931992.CSI,,,,,,
2021-04-08,562860.SH,嘉实中证疫苗与生物技术ETF,20230224,中证疫苗与生物技术指数,中证疫苗与生物技术指数收益率,嘉实基金管理有限公司,中国工商银行股份有限公司,股票型ETF,主题指数ETF,931992.CSI,,,,,,
2021-04-09,562860.SH,嘉实中证疫苗与生物技术ETF,20230224,中证疫苗与生物技术指数,中证疫苗与生物技术指数收益率,嘉实基金管理有限公司,中国工商银行股份有限公司,股票型ETF,主题指数ETF,931992.CSI,,,,,,
2021-04-12,562860.SH,嘉实中证疫苗与生物技术ETF,20230224,中证疫苗与生物技术指数,中证疫苗与生物技术指数收益率,嘉实基金管理有限公司,中国工商银行股份有限公司,股票型ETF,主题指数ETF,931992.CSI,,,,,,
2021-04-13,562860.SH,嘉实中证疫苗与生物技术ETF,20230224,中证疫苗与生物技术指数,中证疫苗与生物技术指数收益率,嘉实基金管理有限公司,中国工商银行股份有限公司,股票型ETF,主题指数ETF,931992.CSI,,,,,,
2021-04-14,562860.SH,嘉实中证疫苗与生物技术ETF,20230224,中证疫苗与生物技术指数,中证疫苗与生物技术指数收益率,嘉实基金管理有限公司,中国工商银行股份有限公司,股票型ETF,主题指数ETF,931992.CSI,,,,,,
2021-04-15,562860.SH,嘉实中证疫苗与生物技术ETF,20230224,中证疫苗与生物技术指数,中证疫苗与生物技术指数收益率,嘉实基金管理有限公司,中国工商银行股份有限公司,股票型ETF,主题指数ETF,931992.CSI,,,,,,
2021-04-16,562860.SH,嘉实中证疫苗与生物技术ETF,20230224,中证疫苗与生物技术指数,中证疫苗与生物技术指数收益率,嘉实基金管理有限公司,中国工商银行股份有限公司,股票型ETF,主题指数ETF,931992.CSI,,,,,,
2021-04-19,562860.SH,嘉实中证疫苗与生物技术ETF,20230224,中证疫苗与生物技术指数,中证疫苗与生物技术指数收益率,嘉实基金管理有限公司,中国工商银行股份有限公司,股票型ETF,主题指数ETF,931992.CSI,,,,,,
2021-04-20,562860.SH,嘉实中证疫苗与生物技术ETF,20230224,中证疫苗与生物技术指数,中证疫苗与生物技术指数收益率,嘉实基金管理有限公司,中国工商银行股份有限公司,股票型ETF,主题指数ETF,931992.CSI,,,,,,
2021-04-21,562860.SH,嘉实中证疫苗与生物技术ETF,20230224,中证疫苗与生物技术指数,中证疫苗与生物技术指数收益率,嘉实基金管理有限公司,中国工商银行股份有限公司,股票型ETF,主题指数ETF,931992.CSI,,,,,,
2021-04-22,562860.SH,嘉实中证疫苗与生物技术ETF,20230224,中证疫苗与生物技术指数,中证疫苗与生物技术指数收益率,嘉实基金管理有限公司,中国工商银行股份有限公司,股票型ETF,主题指数ETF,931992.CSI,,,,,,
2021-04-23,562860.SH,嘉实中证疫苗与生物技术ETF,20230224,中证疫苗与生物技术指数,中证疫苗与生物技术指数收益率,嘉实基金管理有限公司,中国工商银行股份有限公司,股票型ETF,主题指数ETF,931992.CSI,,,,,,
2021-04-26,562860.SH,嘉实中证疫苗与生物技术ETF,20230224,中证疫苗与生物技术指数,中证疫苗与生物技术指数收益率,嘉实基金管理有限公司,中国工商银行股份有限公司,股票型ETF,主题指数ETF,931992.CSI,,,,,,
2021-04-27,562860.SH,嘉实中证疫苗与生物技术ETF,20230224,中证疫苗与生物技术指数,中证疫苗与生物技术指数收益率,嘉实基金管理有限公司,中国工商银行股份有限公司,股票型ETF,主题指数ETF,931992.CSI,,,,,,
2021-04-28,562860.SH,嘉实中证疫苗与生物技术ETF,20230224,中证疫苗与生物技术指数,中证疫苗与生物技术指数收益率,嘉实基金管理有限公司,中国工商银行股份有限公司,股票型ETF,主题指数ETF,931992.CSI,,,,,,
2021-04-29,562860.SH,嘉实中证疫苗与生物技术ETF,20230224,中证疫苗与生物技术指数,中证疫苗与生物技术指数收益率,嘉实基金管理有限公司,中国工商银行股份有限公司,股票型ETF,主题指数ETF,931992.CSI,,,,,,
2021-04-30,562860.SH,嘉实中证疫苗与生物技术ETF,20230224,中证疫苗与生物技术指数,中证疫苗与生物技术指数收益率,嘉实基金管理有限公司,中国工商银行股份有限公司,股票型ETF,主题指数ETF,931992.CSI,,,,,,
2021-05-06,562860.SH,嘉实中证疫苗与生物技术ETF,20230224,中证疫苗与生物技术指数,中证疫苗与生物技术指数收益率,嘉实基金管理有限公司,中国工商银行股份有限公司,股票型ETF,主题指数ETF,931992.CSI,,,,,,
2021-05-07,562860.SH,嘉实中证疫苗与生物技术ETF,20230224,中证疫苗与生物技术指数,中证疫苗与生物技术指数收益率,嘉实基金管理有限公司,中国工商银行股份有限公司,股票型ETF,主题指数ETF,931992.CSI,,,,,,
2021-05-10,562860.SH,嘉实中证疫苗与生物技术ETF,20230224,中证疫苗与生物技术指数,中证疫苗与生物技术指数收益率,嘉实基金管理有限公司,中国工商银行股份有限公司,股票型ETF,主题指数ETF,931992.CSI,,,,,,
2021-05-11,562860.SH,嘉实中证疫苗与生物技术ETF,20230224,中证疫苗与生物技术指数,中证疫苗与生物技术指数收益率,嘉实基金管理有限公司,中国工商银行股份有限公司,股票型ETF,主题指数ETF,931992.CSI,,,,,,
2021-05-12,562860.SH,嘉实中证疫苗与生物技术ETF,20230224,中证疫苗与生物技术指数,中证疫苗与生物技术指数收益率,嘉实基金管理有限公司,中国工商银行股份有限公司,股票型ETF,主题指数ETF,931992.CSI,,,,,,
2021-05-13,562860.SH,嘉实中证疫苗与生物技术ETF,20230224,中证疫苗与生物技术指数,中证疫苗与生物技术指数收益率,嘉实基金管理有限公司,中国工商银行股份有限公司,股票型ETF,主题指数ETF,931992.CSI,,,,,,
2021-05-14,562860.SH,嘉实中证疫苗与生物技术ETF,20230224,中证疫苗与生物技术指数,中证疫苗与生物技术指数收益率,嘉实基金管理有限公司,中国工商银行股份有限公司,股票型ETF,主题指数ETF,931992.CSI,,,,,,
2021-05-17,562860.SH,嘉实中证疫苗与生物技术ETF,20230224,中证疫苗与生物技术指数,中证疫苗与生物技术指数收益率,嘉实基金管理有限公司,中国工商银行股份有限公司,股票型ETF,主题指数ETF,931992.CSI,,,,,,
2021-05-18,562860.SH,嘉实中证疫苗与生物技术ETF,20230224,中证疫苗与生物技术指数,中证疫苗与生物技术指数收益率,嘉实基金管理有限公司,中国工商银行股份有限公司,股票型ETF,主题指数ETF,931992.CSI,,,,,,
2021-05-19,562860.SH,嘉实中证疫苗与生物技术ETF,20230224,中证疫苗与生物技术指数,中证疫苗与生物技术指数收益率,嘉实基金管理有限公司,中国工商银行股份有限公司,股票型ETF,主题指数ETF,931992.CSI,,,,,,
2021-05-20,562860.SH,嘉实中证疫苗与生物技术ETF,20230224,中证疫苗与生物技术指数,中证疫苗与生物技术指数收益率,嘉实基金管理有限公司,中国工商银行股份有限公司,股票型ETF,主题指数ETF,931992.CSI,,,,,,
2021-05-21,562860.SH,嘉实中证疫苗与生物技术ETF,20230224,中证疫苗与生物技术指数,中证疫苗与生物技术指数收益率,嘉实基金管理有限公司,中国工商银行股份有限公司,股票型ETF,主题指数ETF,931992.CSI,,,,,,
2021-05-24,562860.SH,嘉实中证疫苗与生物技术ETF,20230224,中证疫苗与生物技术指数,中证疫苗与生物技术指数收益率,嘉实基金管理有限公司,中国工商银行股份有限公司,股票型ETF,主题指数ETF,931992.CSI,,,,,,
2021-05-25,562860.SH,嘉实中证疫苗与生物技术ETF,20230224,中证疫苗与生物技术指数,中证疫苗与生物技术指数收益率,嘉实基金管理有限公司,中国工商银行股份有限公司,股票型ETF,主题指数ETF,931992.CSI,,,,,,
2021-05-26,562860.SH,嘉实中证疫苗与生物技术ETF,20230224,中证疫苗与生物技术指数,中证疫苗与生物技术指数收益率,嘉实基金管理有限公司,中国工商银行股份有限公司,股票型ETF,主题指数ETF,931992.CSI,,,,,,
2021-05-27,562860.SH,嘉实中证疫苗与生物技术ETF,20230224,中证疫苗与生物技术指数,中证疫苗与生物技术指数收益率,嘉实基金管理有限公司,中国工商银行股份有限公司,股票型ETF,主题指数ETF,931992.CSI,,,,,,
2021-05-28,562860.SH,嘉实中证疫苗与生物技术ETF,20230224,中证疫苗与生物技术指数,中证疫苗与生物技术指数收益率,嘉实基金管理有限公司,中国工商银行股份有限公司,股票型ETF,主题指数ETF,931992.CSI,,,,,,
2021-05-31,562860.SH,嘉实中证疫苗与生物技术ETF,20230224,中证疫苗与生物技术指数,中证疫苗与生物技术指数收益率,嘉实基金管理有限公司,中国工商银行股份有限公司,股票型ETF,主题指数ETF,931992.CSI,,,,,,
2021-06-01,562860.SH,嘉实中证疫苗与生物技术ETF,20230224,中证疫苗与生物技术指数,中证疫苗与生物技术指数收益率,嘉实基金管理有限公司,中国工商银行股份有限公司,股票型ETF,主题指数ETF,931992.CSI,,,,,,
2021-06-02,562860.SH,嘉实中证疫苗与生物技术ETF,20230224,中证疫苗与生物技术指数,中证疫苗与生物技术指数收益率,嘉实基金管理有限公司,中国工商银行股份有限公司,股票型ETF,主题指数ETF,931992.CSI,,,,,,
2021-06-03,562860.SH,嘉实中证疫苗与生物技术ETF,20230224,中证疫苗与生物技术指数,中证疫苗与生物技术指数收益率,嘉实基金管理有限公司,中国工商银行股份有限公司,股票型ETF,主题指数ETF,931992.CSI,,,,,,
2021-06-04,562860.SH,嘉实中证疫苗与生物技术ETF,20230224,中证疫苗与生物技术指数,中证疫苗与生物技术指数收益率,嘉实基金管理有限公司,中国工商银行股份有限公司,股票型ETF,主题指数ETF,931992.CSI,,,,,,
2021-06-07,562860.SH,嘉实中证疫苗与生物技术ETF,20230224,中证疫苗与生物技术指数,中证疫苗与生物技术指数收益率,嘉实基金管理有限公司,中国工商银行股份有限公司,股票型ETF,主题指数ETF,931992.CSI,,,,,,
2021-06-08,562860.SH,嘉实中证疫苗与生物技术ETF,20230224,中证疫苗与生物技术指数,中证疫苗与生物技术指数收益率,嘉实基金管理有限公司,中国工商银行股份有限公司,股票型ETF,主题指数ETF,931992.CSI,,,,,,
2021-06-09,562860.SH,嘉实中证疫苗与生物技术ETF,20230224,中证疫苗与生物技术指数,中证疫苗与生物技术指数收益率,嘉实基金管理有限公司,中国工商银行股份有限公司,股票型ETF,主题指数ETF,931992.CSI,,,,,,
2021-06-10,562860.SH,嘉实中证疫苗与生物技术ETF,20230224,中证疫苗与生物技术指数,中证疫苗与生物技术指数收益率,嘉实基金管理有限公司,中国工商银行股份有限公司,股票型ETF,主题指数ETF,931992.CSI,,,,,,
2021-06-11,562860.SH,嘉实中证疫苗与生物技术ETF,20230224,中证疫苗与生物技术指数,中证疫苗与生物技术指数收益率,嘉实基金管理有限公司,中国工商银行股份有限公司,股票型ETF,主题指数ETF,931992.CSI,,,,,,
2021-06-15,562860.SH,嘉实中证疫苗与生物技术ETF,20230224,中证疫苗与生物技术指数,中证疫苗与生物技术指数收益率,嘉实基金管理有限公司,中国工商银行股份有限公司,股票型ETF,主题指数ETF,931992.CSI,,,,,,
2021-06-16,562860.SH,嘉实中证疫苗与生物技术ETF,20230224,中证疫苗与生物技术指数,中证疫苗与生物技术指数收益率,嘉实基金管理有限公司,中国工商银行股份有限公司,股票型ETF,主题指数ETF,931992.CSI,,,,,,
2021-06-17,562860.SH,嘉实中证疫苗与生物技术ETF,20230224,中证疫苗与生物技术指数,中证疫苗与生物技术指数收益率,嘉实基金管理有限公司,中国工商银行股份有限公司,股票型ETF,主题指数ETF,931992.CSI,,,,,,
2021-06-18,562860.SH,嘉实中证疫苗与生物技术ETF,20230224,中证疫苗与生物技术指数,中证疫苗与生物技术指数收益率,嘉实基金管理有限公司,中国工商银行股份有限公司,股票型ETF,主题指数ETF,931992.CSI,,,,,,
2021-06-21,562860.SH,嘉实中证疫苗与生物技术ETF,20230224,中证疫苗与生物技术指数,中证疫苗与生物技术指数收益率,嘉实基金管理有限公司,中国工商银行股份有限公司,股票型ETF,主题指数ETF,931992.CSI,,,,,,
2021-06-22,562860.SH,嘉实中证疫苗与生物技术ETF,20230224,中证疫苗与生物技术指数,中证疫苗与生物技术指数收益率,嘉实基金管理有限公司,中国工商银行股份有限公司,股票型ETF,主题指数ETF,931992.CSI,,,,,,
2021-06-23,562860.SH,嘉实中证疫苗与生物技术ETF,20230224,中证疫苗与生物技术指数,中证疫苗与生物技术指数收益率,嘉实基金管理有限公司,中国工商银行股份有限公司,股票型ETF,主题指数ETF,931992.CSI,,,,,,
2021-06-24,562860.SH,嘉实中证疫苗与生物技术ETF,20230224,中证疫苗与生物技术指数,中证疫苗与生物技术指数收益率,嘉实基金管理有限公司,中国工商银行股份有限公司,股票型ETF,主题指数ETF,931992.CSI,,,,,,
2021-06-25,562860.SH,嘉实中证疫苗与生物技术ETF,20230224,中证疫苗与生物技术指数,中证疫苗与生物技术指数收益率,嘉实基金管理有限公司,中国工商银行股份有限公司,股票型ETF,主题指数ETF,931992.CSI,,,,,,
2021-06-28,562860.SH,嘉实中证疫苗与生物技术ETF,20230224,中证疫苗与生物技术指数,中证疫苗与生物技术指数收益率,嘉实基金管理有限公司,中国工商银行股份有限公司,股票型ETF,主题指数ETF,931992.CSI,,,,,,
2021-06-29,562860.SH,嘉实中证疫苗与生物技术ETF,20230224,中证疫苗与生物技术指数,中证疫苗与生物技术指数收益率,嘉实基金管理有限公司,中国工商银行股份有限公司,股票型ETF,主题指数ETF,931992.CSI,,,,,,
2021-06-30,562860.SH,嘉实中证疫苗与生物技术ETF,20230224,中证疫苗与生物技术指数,中证疫苗与生物技术指数收益率,嘉实基金管理有限公司,中国工商银行股份有限公司,股票型ETF,主题指数ETF,931992.CSI,,,,,,
2021-07-01,562860.SH,嘉实中证疫苗与生物技术ETF,20230224,中证疫苗与生物技术指数,中证疫苗与生物技术指数收益率,嘉实基金管理有限公司,中国工商银行股份有限公司,股票型ETF,主题指数ETF,931992.CSI,,,,,,
2021-07-02,562860.SH,嘉实中证疫苗与生物技术ETF,20230224,中证疫苗与生物技术指数,中证疫苗与生物技术指数收益率,嘉实基金管理有限公司,中国工商银行股份有限公司,股票型ETF,主题指数ETF,931992.CSI,,,,,,
2021-07-05,562860.SH,嘉实中证疫苗与生物技术ETF,20230224,中证疫苗与生物技术指数,中证疫苗与生物技术指数收益率,嘉实基金管理有限公司,中国工商银行股份有限公司,股票型ETF,主题指数ETF,931992.CSI,,,,,,
2021-07-06,562860.SH,嘉实中证疫苗与生物技术ETF,20230224,中证疫苗与生物技术指数,中证疫苗与生物技术指数收益率,嘉实基金管理有限公司,中国工商银行股份有限公司,股票型ETF,主题指数ETF,931992.CSI,,,,,,
2021-07-07,562860.SH,嘉实中证疫苗与生物技术ETF,20230224,中证疫苗与生物技术指数,中证疫苗与生物技术指数收益率,嘉实基金管理有限公司,中国工商银行股份有限公司,股票型ETF,主题指数ETF,931992.CSI,,,,,,
2021-07-08,562860.SH,嘉实中证疫苗与生物技术ETF,20230224,中证疫苗与生物技术指数,中证疫苗与生物技术指数收益率,嘉实基金管理有限公司,中国工商银行股份有限公司,股票型ETF,主题指数ETF,931992.CSI,,,,,,
2021-07-09,562860.SH,嘉实中证疫苗与生物技术ETF,20230224,中证疫苗与生物技术指数,中证疫苗与生物技术指数收益率,嘉实基金管理有限公司,中国工商银行股份有限公司,股票型ETF,主题指数ETF,931992.CSI,,,,,,
2021-07-12,562860.SH,嘉实中证疫苗与生物技术ETF,20230224,中证疫苗与生物技术指数,中证疫苗与生物技术指数收益率,嘉实基金管理有限公司,中国工商银行股份有限公司,股票型ETF,主题指数ETF,931992.CSI,,,,,,
2021-07-13,562860.SH,嘉实中证疫苗与生物技术ETF,20230224,中证疫苗与生物技术指数,中证疫苗与生物技术指数收益率,嘉实基金管理有限公司,中国工商银行股份有限公司,股票型ETF,主题指数ETF,931992.CSI,,,,,,
2021-07-14,562860.SH,嘉实中证疫苗与生物技术ETF,20230224,中证疫苗与生物技术指数,中证疫苗与生物技术指数收益率,嘉实基金管理有限公司,中国工商银行股份有限公司,股票型ETF,主题指数ETF,931992.CSI,,,,,,
2021-07-15,562860.SH,嘉实中证疫苗与生物技术ETF,20230224,中证疫苗与生物技术指数,中证疫苗与生物技术指数收益率,嘉实基金管理有限公司,中国工商银行股份有限公司,股票型ETF,主题指数ETF,931992.CSI,,,,,,
2021-07-16,562860.SH,嘉实中证疫苗与生物技术ETF,20230224,中证疫苗与生物技术指数,中证疫苗与生物技术指数收益率,嘉实基金管理有限公司,中国工商银行股份有限公司,股票型ETF,主题指数ETF,931992.CSI,,,,,,
2021-07-19,562860.SH,嘉实中证疫苗与生物技术ETF,20230224,中证疫苗与生物技术指数,中证疫苗与生物技术指数收益率,嘉实基金管理有限公司,中国工商银行股份有限公司,股票型ETF,主题指数ETF,931992.CSI,,,,,,
2021-07-20,562860.SH,嘉实中证疫苗与生物技术ETF,20230224,中证疫苗与生物技术指数,中证疫苗与生物技术指数收益率,嘉实基金管理有限公司,中国工商银行股份有限公司,股票型ETF,主题指数ETF,931992.CSI,,,,,,
2021-07-21,562860.SH,嘉实中证疫苗与生物技术ETF,20230224,中证疫苗与生物技术指数,中证疫苗与生物技术指数收益率,嘉实基金管理有限公司,中国工商银行股份有限公司,股票型ETF,主题指数ETF,931992.CSI,,,,,,
2021-07-22,562860.SH,嘉实中证疫苗与生物技术ETF,20230224,中证疫苗与生物技术指数,中证疫苗与生物技术指数收益率,嘉实基金管理有限公司,中国工商银行股份有限公司,股票型ETF,主题指数ETF,931992.CSI,,,,,,
2021-07-23,562860.SH,嘉实中证疫苗与生物技术ETF,20230224,中证疫苗与生物技术指数,中证疫苗与生物技术指数收益率,嘉实基金管理有限公司,中国工商银行股份有限公司,股票型ETF,主题指数ETF,931992.CSI,,,,,,
2021-07-26,562860.SH,嘉实中证疫苗与生物技术ETF,20230224,中证疫苗与生物技术指数,中证疫苗与生物技术指数收益率,嘉实基金管理有限公司,中国工商银行股份有限公司,股票型ETF,主题指数ETF,931992.CSI,,,,,,
2021-07-27,562860.SH,嘉实中证疫苗与生物技术ETF,20230224,中证疫苗与生物技术指数,中证疫苗与生物技术指数收益率,嘉实基金管理有限公司,中国工商银行股份有限公司,股票型ETF,主题指数ETF,931992.CSI,,,,,,
2021-07-28,562860.SH,嘉实中证疫苗与生物技术ETF,20230224,中证疫苗与生物技术指数,中证疫苗与生物技术指数收益率,嘉实基金管理有限公司,中国工商银行股份有限公司,股票型ETF,主题指数ETF,931992.CSI,,,,,,
2021-07-29,562860.SH,嘉实中证疫苗与生物技术ETF,20230224,中证疫苗与生物技术指数,中证疫苗与生物技术指数收益率,嘉实基金管理有限公司,中国工商银行股份有限公司,股票型ETF,主题指数ETF,931992.CSI,,,,,,
2021-07-30,562860.SH,嘉实中证疫苗与生物技术ETF,20230224,中证疫苗与生物技术指数,中证疫苗与生物技术指数收益率,嘉实基金管理有限公司,中国工商银行股份有限公司,股票型ETF,主题指数ETF,931992.CSI,,,,,,
2021-08-02,562860.SH,嘉实中证疫苗与生物技术ETF,20230224,中证疫苗与生物技术指数,中证疫苗与生物技术指数收益率,嘉实基金管理有限公司,中国工商银行股份有限公司,股票型ETF,主题指数ETF,931992.CSI,,,,,,
2021-08-03,562860.SH,嘉实中证疫苗与生物技术ETF,20230224,中证疫苗与生物技术指数,中证疫苗与生物技术指数收益率,嘉实基金管理有限公司,中国工商银行股份有限公司,股票型ETF,主题指数ETF,931992.CSI,,,,,,
2021-08-04,562860.SH,嘉实中证疫苗与生物技术ETF,20230224,中证疫苗与生物技术指数,中证疫苗与生物技术指数收益率,嘉实基金管理有限公司,中国工商银行股份有限公司,股票型ETF,主题指数ETF,931992.CSI,,,,,,
2021-08-05,562860.SH,嘉实中证疫苗与生物技术ETF,20230224,中证疫苗与生物技术指数,中证疫苗与生物技术指数收益率,嘉实基金管理有限公司,中国工商银行股份有限公司,股票型ETF,主题指数ETF,931992.CSI,,,,,,
2021-08-06,562860.SH,嘉实中证疫苗与生物技术ETF,20230224,中证疫苗与生物技术指数,中证疫苗与生物技术指数收益率,嘉实基金管理有限公司,中国工商银行股份有限公司,股票型ETF,主题指数ETF,931992.CSI,,,,,,
2021-08-09,562860.SH,嘉实中证疫苗与生物技术ETF,20230224,中证疫苗与生物技术指数,中证疫苗与生物技术指数收益率,嘉实基金管理有限公司,中国工商银行股份有限公司,股票型ETF,主题指数ETF,931992.CSI,,,,,,
2021-08-10,562860.SH,嘉实中证疫苗与生物技术ETF,20230224,中证疫苗与生物技术指数,中证疫苗与生物技术指数收益率,嘉实基金管理有限公司,中国工商银行股份有限公司,股票型ETF,主题指数ETF,931992.CSI,,,,,,
2021-08-11,562860.SH,嘉实中证疫苗与生物技术ETF,20230224,中证疫苗与生物技术指数,中证疫苗与生物技术指数收益率,嘉实基金管理有限公司,中国工商银行股份有限公司,股票型ETF,主题指数ETF,931992.CSI,,,,,,
2021-08-12,562860.SH,嘉实中证疫苗与生物技术ETF,20230224,中证疫苗与生物技术指数,中证疫苗与生物技术指数收益率,嘉实基金管理有限公司,中国工商银行股份有限公司,股票型ETF,主题指数ETF,931992.CSI,,,,,,
2021-08-13,562860.SH,嘉实中证疫苗与生物技术ETF,20230224,中证疫苗与生物技术指数,中证疫苗与生物技术指数收益率,嘉实基金管理有限公司,中国工商银行股份有限公司,股票型ETF,主题指数ETF,931992.CSI,,,,,,
2021-08-16,562860.SH,嘉实中证疫苗与生物技术ETF,20230224,中证疫苗与生物技术指数,中证疫苗与生物技术指数收益率,嘉实基金管理有限公司,中国工商银行股份有限公司,股票型ETF,主题指数ETF,931992.CSI,,,,,,
2021-08-17,562860.SH,嘉实中证疫苗与生物技术ETF,20230224,中证疫苗与生物技术指数,中证疫苗与生物技术指数收益率,嘉实基金管理有限公司,中国工商银行股份有限公司,股票型ETF,主题指数ETF,931992.CSI,,,,,,
2021-08-18,562860.SH,嘉实中证疫苗与生物技术ETF,20230224,中证疫苗与生物技术指数,中证疫苗与生物技术指数收益率,嘉实基金管理有限公司,中国工商银行股份有限公司,股票型ETF,主题指数ETF,931992.CSI,,,,,,
2021-08-19,562860.SH,嘉实中证疫苗与生物技术ETF,20230224,中证疫苗与生物技术指数,中证疫苗与生物技术指数收益率,嘉实基金管理有限公司,中国工商银行股份有限公司,股票型ETF,主题指数ETF,931992.CSI,,,,,,
2021-08-20,562860.SH,嘉实中证疫苗与生物技术ETF,20230224,中证疫苗与生物技术指数,中证疫苗与生物技术指数收益率,嘉实基金管理有限公司,中国工商银行股份有限公司,股票型ETF,主题指数ETF,931992.CSI,,,,,,
2021-08-23,562860.SH,嘉实中证疫苗与生物技术ETF,20230224,中证疫苗与生物技术指数,中证疫苗与生物技术指数收益率,嘉实基金管理有限公司,中国工商银行股份有限公司,股票型ETF,主题指数ETF,931992.CSI,,,,,,
2021-08-24,562860.SH,嘉实中证疫苗与生物技术ETF,20230224,中证疫苗与生物技术指数,中证疫苗与生物技术指数收益率,嘉实基金管理有限公司,中国工商银行股份有限公司,股票型ETF,主题指数ETF,931992.CSI,,,,,,
2021-08-25,562860.SH,嘉实中证疫苗与生物技术ETF,20230224,中证疫苗与生物技术指数,中证疫苗与生物技术指数收益率,嘉实基金管理有限公司,中国工商银行股份有限公司,股票型ETF,主题指数ETF,931992.CSI,,,,,,
2021-08-26,562860.SH,嘉实中证疫苗与生物技术ETF,20230224,中证疫苗与生物技术指数,中证疫苗与生物技术指数收益率,嘉实基金管理有限公司,中国工商银行股份有限公司,股票型ETF,主题指数ETF,931992.CSI,,,,,,
2021-08-27,562860.SH,嘉实中证疫苗与生物技术ETF,20230224,中证疫苗与生物技术指数,中证疫苗与生物技术指数收益率,嘉实基金管理有限公司,中国工商银行股份有限公司,股票型ETF,主题指数ETF,931992.CSI,,,,,,
2021-08-30,562860.SH,嘉实中证疫苗与生物技术ETF,20230224,中证疫苗与生物技术指数,中证疫苗与生物技术指数收益率,嘉实基金管理有限公司,中国工商银行股份有限公司,股票型ETF,主题指数ETF,931992.CSI,,,,,,
2021-08-31,562860.SH,嘉实中证疫苗与生物技术ETF,20230224,中证疫苗与生物技术指数,中证疫苗与生物技术指数收益率,嘉实基金管理有限公司,中国工商银行股份有限公司,股票型ETF,主题指数ETF,931992.CSI,,,,,,
2021-09-01,562860.SH,嘉实中证疫苗与生物技术ETF,20230224,中证疫苗与生物技术指数,中证疫苗与生物技术指数收益率,嘉实基金管理有限公司,中国工商银行股份有限公司,股票型ETF,主题指数ETF,931992.CSI,,,,,,
2021-09-02,562860.SH,嘉实中证疫苗与生物技术ETF,20230224,中证疫苗与生物技术指数,中证疫苗与生物技术指数收益率,嘉实基金管理有限公司,中国工商银行股份有限公司,股票型ETF,主题指数ETF,931992.CSI,,,,,,
2021-09-03,562860.SH,嘉实中证疫苗与生物技术ETF,20230224,中证疫苗与生物技术指数,中证疫苗与生物技术指数收益率,嘉实基金管理有限公司,中国工商银行股份有限公司,股票型ETF,主题指数ETF,931992.CSI,,,,,,
2021-09-06,562860.SH,嘉实中证疫苗与生物技术ETF,20230224,中证疫苗与生物技术指数,中证疫苗与生物技术指数收益率,嘉实基金管理有限公司,中国工商银行股份有限公司,股票型ETF,主题指数ETF,931992.CSI,,,,,,
2021-09-07,562860.SH,嘉实中证疫苗与生物技术ETF,20230224,中证疫苗与生物技术指数,中证疫苗与生物技术指数收益率,嘉实基金管理有限公司,中国工商银行股份有限公司,股票型ETF,主题指数ETF,931992.CSI,,,,,,
2021-09-08,562860.SH,嘉实中证疫苗与生物技术ETF,20230224,中证疫苗与生物技术指数,中证疫苗与生物技术指数收益率,嘉实基金管理有限公司,中国工商银行股份有限公司,股票型ETF,主题指数ETF,931992.CSI,,,,,,
2021-09-09,562860.SH,嘉实中证疫苗与生物技术ETF,20230224,中证疫苗与生物技术指数,中证疫苗与生物技术指数收益率,嘉实基金管理有限公司,中国工商银行股份有限公司,股票型ETF,主题指数ETF,931992.CSI,,,,,,
2021-09-10,562860.SH,嘉实中证疫苗与生物技术ETF,20230224,中证疫苗与生物技术指数,中证疫苗与生物技术指数收益率,嘉实基金管理有限公司,中国工商银行股份有限公司,股票型ETF,主题指数ETF,931992.CSI,,,,,,
2021-09-13,562860.SH,嘉实中证疫苗与生物技术ETF,20230224,中证疫苗与生物技术指数,中证疫苗与生物技术指数收益率,嘉实基金管理有限公司,中国工商银行股份有限公司,股票型ETF,主题指数ETF,931992.CSI,,,,,,
2021-09-14,562860.SH,嘉实中证疫苗与生物技术ETF,20230224,中证疫苗与生物技术指数,中证疫苗与生物技术指数收益率,嘉实基金管理有限公司,中国工商银行股份有限公司,股票型ETF,主题指数ETF,931992.CSI,,,,,,
2021-09-15,562860.SH,嘉实中证疫苗与生物技术ETF,20230224,中证疫苗与生物技术指数,中证疫苗与生物技术指数收益率,嘉实基金管理有限公司,中国工商银行股份有限公司,股票型ETF,主题指数ETF,931992.CSI,,,,,,
2021-09-16,562860.SH,嘉实中证疫苗与生物技术ETF,20230224,中证疫苗与生物技术指数,中证疫苗与生物技术指数收益率,嘉实基金管理有限公司,中国工商银行股份有限公司,股票型ETF,主题指数ETF,931992.CSI,,,,,,
2021-09-17,562860.SH,嘉实中证疫苗与生物技术ETF,20230224,中证疫苗与生物技术指数,中证疫苗与生物技术指数收益率,嘉实基金管理有限公司,中国工商银行股份有限公司,股票型ETF,主题指数ETF,931992.CSI,,,,,,
2021-09-22,562860.SH,嘉实中证疫苗与生物技术ETF,20230224,中证疫苗与生物技术指数,中证疫苗与生物技术指数收益率,嘉实基金管理有限公司,中国工商银行股份有限公司,股票型ETF,主题指数ETF,931992.CSI,,,,,,
2021-09-23,562860.SH,嘉实中证疫苗与生物技术ETF,20230224,中证疫苗与生物技术指数,中证疫苗与生物技术指数收益率,嘉实基金管理有限公司,中国工商银行股份有限公司,股票型ETF,主题指数ETF,931992.CSI,,,,,,
2021-09-24,562860.SH,嘉实中证疫苗与生物技术ETF,20230224,中证疫苗与生物技术指数,中证疫苗与生物技术指数收益率,嘉实基金管理有限公司,中国工商银行股份有限公司,股票型ETF,主题指数ETF,931992.CSI,,,,,,
2021-09-27,562860.SH,嘉实中证疫苗与生物技术ETF,20230224,中证疫苗与生物技术指数,中证疫苗与生物技术指数收益率,嘉实基金管理有限公司,中国工商银行股份有限公司,股票型ETF,主题指数ETF,931992.CSI,,,,,,
2021-09-28,562860.SH,嘉实中证疫苗与生物技术ETF,20230224,中证疫苗与生物技术指数,中证疫苗与生物技术指数收益率,嘉实基金管理有限公司,中国工商银行股份有限公司,股票型ETF,主题指数ETF,931992.CSI,,,,,,
2021-09-29,562860.SH,嘉实中证疫苗与生物技术ETF,20230224,中证疫苗与生物技术指数,中证疫苗与生物技术指数收益率,嘉实基金管理有限公司,中国工商银行股份有限公司,股票型ETF,主题指数ETF,931992.CSI,,,,,,
2021-09-30,562860.SH,嘉实中证疫苗与生物技术ETF,20230224,中证疫苗与生物技术指数,中证疫苗与生物技术指数收益率,嘉实基金管理有限公司,中国工商银行股份有限公司,股票型ETF,主题指数ETF,931992.CSI,,,,,,
2021-10-08,562860.SH,嘉实中证疫苗与生物技术ETF,20230224,中证疫苗与生物技术指数,中证疫苗与生物技术指数收益率,嘉实基金管理有限公司,中国工商银行股份有限公司,股票型ETF,主题指数ETF,931992.CSI,,,,,,
2021-10-11,562860.SH,嘉实中证疫苗与生物技术ETF,20230224,中证疫苗与生物技术指数,中证疫苗与生物技术指数收益率,嘉实基金管理有限公司,中国工商银行股份有限公司,股票型ETF,主题指数ETF,931992.CSI,,,,,,
2021-10-12,562860.SH,嘉实中证疫苗与生物技术ETF,20230224,中证疫苗与生物技术指数,中证疫苗与生物技术指数收益率,嘉实基金管理有限公司,中国工商银行股份有限公司,股票型ETF,主题指数ETF,931992.CSI,,,,,,
2021-10-13,562860.SH,嘉实中证疫苗与生物技术ETF,20230224,中证疫苗与生物技术指数,中证疫苗与生物技术指数收益率,嘉实基金管理有限公司,中国工商银行股份有限公司,股票型ETF,主题指数ETF,931992.CSI,,,,,,
2021-10-14,562860.SH,嘉实中证疫苗与生物技术ETF,20230224,中证疫苗与生物技术指数,中证疫苗与生物技术指数收益率,嘉实基金管理有限公司,中国工商银行股份有限公司,股票型ETF,主题指数ETF,931992.CSI,,,,,,
2021-10-15,562860.SH,嘉实中证疫苗与生物技术ETF,20230224,中证疫苗与生物技术指数,中证疫苗与生物技术指数收益率,嘉实基金管理有限公司,中国工商银行股份有限公司,股票型ETF,主题指数ETF,931992.CSI,,,,,,
2021-10-18,562860.SH,嘉实中证疫苗与生物技术ETF,20230224,中证疫苗与生物技术指数,中证疫苗与生物技术指数收益率,嘉实基金管理有限公司,中国工商银行股份有限公司,股票型ETF,主题指数ETF,931992.CSI,,,,,,
2021-10-19,562860.SH,嘉实中证疫苗与生物技术ETF,20230224,中证疫苗与生物技术指数,中证疫苗与生物技术指数收益率,嘉实基金管理有限公司,中国工商银行股份有限公司,股票型ETF,主题指数ETF,931992.CSI,,,,,,
2021-10-20,562860.SH,嘉实中证疫苗与生物技术ETF,20230224,中证疫苗与生物技术指数,中证疫苗与生物技术指数收益率,嘉实基金管理有限公司,中国工商银行股份有限公司,股票型ETF,主题指数ETF,931992.CSI,,,,,,
2021-10-21,562860.SH,嘉实中证疫苗与生物技术ETF,20230224,中证疫苗与生物技术指数,中证疫苗与生物技术指数收益率,嘉实基金管理有限公司,中国工商银行股份有限公司,股票型ETF,主题指数ETF,931992.CSI,,,,,,
2021-10-22,562860.SH,嘉实中证疫苗与生物技术ETF,20230224,中证疫苗与生物技术指数,中证疫苗与生物技术指数收益率,嘉实基金管理有限公司,中国工商银行股份有限公司,股票型ETF,主题指数ETF,931992.CSI,,,,,,
2021-10-25,562860.SH,嘉实中证疫苗与生物技术ETF,20230224,中证疫苗与生物技术指数,中证疫苗与生物技术指数收益率,嘉实基金管理有限公司,中国工商银行股份有限公司,股票型ETF,主题指数ETF,931992.CSI,,,,,,
2021-10-26,562860.SH,嘉实中证疫苗与生物技术ETF,20230224,中证疫苗与生物技术指数,中证疫苗与生物技术指数收益率,嘉实基金管理有限公司,中国工商银行股份有限公司,股票型ETF,主题指数ETF,931992.CSI,,,,,,
2021-10-27,562860.SH,嘉实中证疫苗与生物技术ETF,20230224,中证疫苗与生物技术指数,中证疫苗与生物技术指数收益率,嘉实基金管理有限公司,中国工商银行股份有限公司,股票型ETF,主题指数ETF,931992.CSI,,,,,,
2021-10-28,562860.SH,嘉实中证疫苗与生物技术ETF,20230224,中证疫苗与生物技术指数,中证疫苗与生物技术指数收益率,嘉实基金管理有限公司,中国工商银行股份有限公司,股票型ETF,主题指数ETF,931992.CSI,,,,,,
2021-10-29,562860.SH,嘉实中证疫苗与生物技术ETF,20230224,中证疫苗与生物技术指数,中证疫苗与生物技术指数收益率,嘉实基金管理有限公司,中国工商银行股份有限公司,股票型ETF,主题指数ETF,931992.CSI,,,,,,
2021-11-01,562860.SH,嘉实中证疫苗与生物技术ETF,20230224,中证疫苗与生物技术指数,中证疫苗与生物技术指数收益率,嘉实基金管理有限公司,中国工商银行股份有限公司,股票型ETF,主题指数ETF,931992.CSI,,,,,,
2021-11-02,562860.SH,嘉实中证疫苗与生物技术ETF,20230224,中证疫苗与生物技术指数,中证疫苗与生物技术指数收益率,嘉实基金管理有限公司,中国工商银行股份有限公司,股票型ETF,主题指数ETF,931992.CSI,,,,,,
2021-11-03,562860.SH,嘉实中证疫苗与生物技术ETF,20230224,中证疫苗与生物技术指数,中证疫苗与生物技术指数收益率,嘉实基金管理有限公司,中国工商银行股份有限公司,股票型ETF,主题指数ETF,931992.CSI,,,,,,
2021-11-04,562860.SH,嘉实中证疫苗与生物技术ETF,20230224,中证疫苗与生物技术指数,中证疫苗与生物技术指数收益率,嘉实基金管理有限公司,中国工商银行股份有限公司,股票型ETF,主题指数ETF,931992.CSI,,,,,,
2021-11-05,562860.SH,嘉实中证疫苗与生物技术ETF,20230224,中证疫苗与生物技术指数,中证疫苗与生物技术指数收益率,嘉实基金管理有限公司,中国工商银行股份有限公司,股票型ETF,主题指数ETF,931992.CSI,,,,,,
2021-11-08,562860.SH,嘉实中证疫苗与生物技术ETF,20230224,中证疫苗与生物技术指数,中证疫苗与生物技术指数收益率,嘉实基金管理有限公司,中国工商银行股份有限公司,股票型ETF,主题指数ETF,931992.CSI,,,,,,
2021-11-09,562860.SH,嘉实中证疫苗与生物技术ETF,20230224,中证疫苗与生物技术指数,中证疫苗与生物技术指数收益率,嘉实基金管理有限公司,中国工商银行股份有限公司,股票型ETF,主题指数ETF,931992.CSI,,,,,,
2021-11-10,562860.SH,嘉实中证疫苗与生物技术ETF,20230224,中证疫苗与生物技术指数,中证疫苗与生物技术指数收益率,嘉实基金管理有限公司,中国工商银行股份有限公司,股票型ETF,主题指数ETF,931992.CSI,,,,,,
2021-11-11,562860.SH,嘉实中证疫苗与生物技术ETF,20230224,中证疫苗与生物技术指数,中证疫苗与生物技术指数收益率,嘉实基金管理有限公司,中国工商银行股份有限公司,股票型ETF,主题指数ETF,931992.CSI,,,,,,
2021-11-12,562860.SH,嘉实中证疫苗与生物技术ETF,20230224,中证疫苗与生物技术指数,中证疫苗与生物技术指数收益率,嘉实基金管理有限公司,中国工商银行股份有限公司,股票型ETF,主题指数ETF,931992.CSI,,,,,,
2021-11-15,562860.SH,嘉实中证疫苗与生物技术ETF,20230224,中证疫苗与生物技术指数,中证疫苗与生物技术指数收益率,嘉实基金管理有限公司,中国工商银行股份有限公司,股票型ETF,主题指数ETF,931992.CSI,,,,,,
2021-11-16,562860.SH,嘉实中证疫苗与生物技术ETF,20230224,中证疫苗与生物技术指数,中证疫苗与生物技术指数收益率,嘉实基金管理有限公司,中国工商银行股份有限公司,股票型ETF,主题指数ETF,931992.CSI,,,,,,
2021-11-17,562860.SH,嘉实中证疫苗与生物技术ETF,20230224,中证疫苗与生物技术指数,中证疫苗与生物技术指数收益率,嘉实基金管理有限公司,中国工商银行股份有限公司,股票型ETF,主题指数ETF,931992.CSI,,,,,,
2021-11-18,562860.SH,嘉实中证疫苗与生物技术ETF,20230224,中证疫苗与生物技术指数,中证疫苗与生物技术指数收益率,嘉实基金管理有限公司,中国工商银行股份有限公司,股票型ETF,主题指数ETF,931992.CSI,,,,,,
2021-11-19,562860.SH,嘉实中证疫苗与生物技术ETF,20230224,中证疫苗与生物技术指数,中证疫苗与生物技术指数收益率,嘉实基金管理有限公司,中国工商银行股份有限公司,股票型ETF,主题指数ETF,931992.CSI,,,,,,
2021-11-22,562860.SH,嘉实中证疫苗与生物技术ETF,20230224,中证疫苗与生物技术指数,中证疫苗与生物技术指数收益率,嘉实基金管理有限公司,中国工商银行股份有限公司,股票型ETF,主题指数ETF,931992.CSI,,,,,,
2021-11-23,562860.SH,嘉实中证疫苗与生物技术ETF,20230224,中证疫苗与生物技术指数,中证疫苗与生物技术指数收益率,嘉实基金管理有限公司,中国工商银行股份有限公司,股票型ETF,主题指数ETF,931992.CSI,,,,,,
2021-11-24,562860.SH,嘉实中证疫苗与生物技术ETF,20230224,中证疫苗与生物技术指数,中证疫苗与生物技术指数收益率,嘉实基金管理有限公司,中国工商银行股份有限公司,股票型ETF,主题指数ETF,931992.CSI,,,,,,
2021-11-25,562860.SH,嘉实中证疫苗与生物技术ETF,20230224,中证疫苗与生物技术指数,中证疫苗与生物技术指数收益率,嘉实基金管理有限公司,中国工商银行股份有限公司,股票型ETF,主题指数ETF,931992.CSI,,,,,,
2021-11-26,562860.SH,嘉实中证疫苗与生物技术ETF,20230224,中证疫苗与生物技术指数,中证疫苗与生物技术指数收益率,嘉实基金管理有限公司,中国工商银行股份有限公司,股票型ETF,主题指数ETF,931992.CSI,,,,,,
2021-11-29,562860.SH,嘉实中证疫苗与生物技术ETF,20230224,中证疫苗与生物技术指数,中证疫苗与生物技术指数收益率,嘉实基金管理有限公司,中国工商银行股份有限公司,股票型ETF,主题指数ETF,931992.CSI,,,,,,
2021-11-30,562860.SH,嘉实中证疫苗与生物技术ETF,20230224,中证疫苗与生物技术指数,中证疫苗与生物技术指数收益率,嘉实基金管理有限公司,中国工商银行股份有限公司,股票型ETF,主题指数ETF,931992.CSI,,,,,,
2021-12-01,562860.SH,嘉实中证疫苗与生物技术ETF,20230224,中证疫苗与生物技术指数,中证疫苗与生物技术指数收益率,嘉实基金管理有限公司,中国工商银行股份有限公司,股票型ETF,主题指数ETF,931992.CSI,,,,,,
2021-12-02,562860.SH,嘉实中证疫苗与生物技术ETF,20230224,中证疫苗与生物技术指数,中证疫苗与生物技术指数收益率,嘉实基金管理有限公司,中国工商银行股份有限公司,股票型ETF,主题指数ETF,931992.CSI,,,,,,
2021-12-03,562860.SH,嘉实中证疫苗与生物技术ETF,20230224,中证疫苗与生物技术指数,中证疫苗与生物技术指数收益率,嘉实基金管理有限公司,中国工商银行股份有限公司,股票型ETF,主题指数ETF,931992.CSI,,,,,,
2021-12-06,562860.SH,嘉实中证疫苗与生物技术ETF,20230224,中证疫苗与生物技术指数,中证疫苗与生物技术指数收益率,嘉实基金管理有限公司,中国工商银行股份有限公司,股票型ETF,主题指数ETF,931992.CSI,,,,,,
2021-12-07,562860.SH,嘉实中证疫苗与生物技术ETF,20230224,中证疫苗与生物技术指数,中证疫苗与生物技术指数收益率,嘉实基金管理有限公司,中国工商银行股份有限公司,股票型ETF,主题指数ETF,931992.CSI,,,,,,
2021-12-08,562860.SH,嘉实中证疫苗与生物技术ETF,20230224,中证疫苗与生物技术指数,中证疫苗与生物技术指数收益率,嘉实基金管理有限公司,中国工商银行股份有限公司,股票型ETF,主题指数ETF,931992.CSI,,,,,,
2021-12-09,562860.SH,嘉实中证疫苗与生物技术ETF,20230224,中证疫苗与生物技术指数,中证疫苗与生物技术指数收益率,嘉实基金管理有限公司,中国工商银行股份有限公司,股票型ETF,主题指数ETF,931992.CSI,,,,,,
2021-12-10,562860.SH,嘉实中证疫苗与生物技术ETF,20230224,中证疫苗与生物技术指数,中证疫苗与生物技术指数收益率,嘉实基金管理有限公司,中国工商银行股份有限公司,股票型ETF,主题指数ETF,931992.CSI,,,,,,
2021-12-13,562860.SH,嘉实中证疫苗与生物技术ETF,20230224,中证疫苗与生物技术指数,中证疫苗与生物技术指数收益率,嘉实基金管理有限公司,中国工商银行股份有限公司,股票型ETF,主题指数ETF,931992.CSI,,,,,,
2021-12-14,562860.SH,嘉实中证疫苗与生物技术ETF,20230224,中证疫苗与生物技术指数,中证疫苗与生物技术指数收益率,嘉实基金管理有限公司,中国工商银行股份有限公司,股票型ETF,主题指数ETF,931992.CSI,,,,,,
2021-12-15,562860.SH,嘉实中证疫苗与生物技术ETF,20230224,中证疫苗与生物技术指数,中证疫苗与生物技术指数收益率,嘉实基金管理有限公司,中国工商银行股份有限公司,股票型ETF,主题指数ETF,931992.CSI,,,,,,
2021-12-16,562860.SH,嘉实中证疫苗与生物技术ETF,20230224,中证疫苗与生物技术指数,中证疫苗与生物技术指数收益率,嘉实基金管理有限公司,中国工商银行股份有限公司,股票型ETF,主题指数ETF,931992.CSI,,,,,,
2021-12-17,562860.SH,嘉实中证疫苗与生物技术ETF,20230224,中证疫苗与生物技术指数,中证疫苗与生物技术指数收益率,嘉实基金管理有限公司,中国工商银行股份有限公司,股票型ETF,主题指数ETF,931992.CSI,,,,,,
2021-12-20,562860.SH,嘉实中证疫苗与生物技术ETF,20230224,中证疫苗与生物技术指数,中证疫苗与生物技术指数收益率,嘉实基金管理有限公司,中国工商银行股份有限公司,股票型ETF,主题指数ETF,931992.CSI,,,,,,
2021-12-21,562860.SH,嘉实中证疫苗与生物技术ETF,20230224,中证疫苗与生物技术指数,中证疫苗与生物技术指数收益率,嘉实基金管理有限公司,中国工商银行股份有限公司,股票型ETF,主题指数ETF,931992.CSI,,,,,,
2021-12-22,562860.SH,嘉实中证疫苗与生物技术ETF,20230224,中证疫苗与生物技术指数,中证疫苗与生物技术指数收益率,嘉实基金管理有限公司,中国工商银行股份有限公司,股票型ETF,主题指数ETF,931992.CSI,,,,,,
2021-12-23,562860.SH,嘉实中证疫苗与生物技术ETF,20230224,中证疫苗与生物技术指数,中证疫苗与生物技术指数收益率,嘉实基金管理有限公司,中国工商银行股份有限公司,股票型ETF,主题指数ETF,931992.CSI,,,,,,
2021-12-24,562860.SH,嘉实中证疫苗与生物技术ETF,20230224,中证疫苗与生物技术指数,中证疫苗与生物技术指数收益率,嘉实基金管理有限公司,中国工商银行股份有限公司,股票型ETF,主题指数ETF,931992.CSI,,,,,,
2021-12-27,562860.SH,嘉实中证疫苗与生物技术ETF,20230224,中证疫苗与生物技术指数,中证疫苗与生物技术指数收益率,嘉实基金管理有限公司,中国工商银行股份有限公司,股票型ETF,主题指数ETF,931992.CSI,,,,,,
2021-12-28,562860.SH,嘉实中证疫苗与生物技术ETF,20230224,中证疫苗与生物技术指数,中证疫苗与生物技术指数收益率,嘉实基金管理有限公司,中国工商银行股份有限公司,股票型ETF,主题指数ETF,931992.CSI,,,,,,
2021-12-29,562860.SH,嘉实中证疫苗与生物技术ETF,20230224,中证疫苗与生物技术指数,中证疫苗与生物技术指数收益率,嘉实基金管理有限公司,中国工商银行股份有限公司,股票型ETF,主题指数ETF,931992.CSI,,,,,,
2021-12-30,562860.SH,嘉实中证疫苗与生物技术ETF,20230224,中证疫苗与生物技术指数,中证疫苗与生物技术指数收益率,嘉实基金管理有限公司,中国工商银行股份有限公司,股票型ETF,主题指数ETF,931992.CSI,,,,,,
2021-12-31,562860.SH,嘉实中证疫苗与生物技术ETF,20230224,中证疫苗与生物技术指数,中证疫苗与生物技术指数收益率,嘉实基金管理有限公司,中国工商银行股份有限公司,股票型ETF,主题指数ETF,931992.CSI,,,,,,
2022-01-04,562860.SH,嘉实中证疫苗与生物技术ETF,20230224,中证疫苗与生物技术指数,中证疫苗与生物技术指数收益率,嘉实基金管理有限公司,中国工商银行股份有限公司,股票型ETF,主题指数ETF,931992.CSI,,,,,,
2022-01-05,562860.SH,嘉实中证疫苗与生物技术ETF,20230224,中证疫苗与生物技术指数,中证疫苗与生物技术指数收益率,嘉实基金管理有限公司,中国工商银行股份有限公司,股票型ETF,主题指数ETF,931992.CSI,,,,,,
2022-01-06,562860.SH,嘉实中证疫苗与生物技术ETF,20230224,中证疫苗与生物技术指数,中证疫苗与生物技术指数收益率,嘉实基金管理有限公司,中国工商银行股份有限公司,股票型ETF,主题指数ETF,931992.CSI,,,,,,
2022-01-07,562860.SH,嘉实中证疫苗与生物技术ETF,20230224,中证疫苗与生物技术指数,中证疫苗与生物技术指数收益率,嘉实基金管理有限公司,中国工商银行股份有限公司,股票型ETF,主题指数ETF,931992.CSI,,,,,,
2022-01-10,562860.SH,嘉实中证疫苗与生物技术ETF,20230224,中证疫苗与生物技术指数,中证疫苗与生物技术指数收益率,嘉实基金管理有限公司,中国工商银行股份有限公司,股票型ETF,主题指数ETF,931992.CSI,,,,,,
2022-01-11,562860.SH,嘉实中证疫苗与生物技术ETF,20230224,中证疫苗与生物技术指数,中证疫苗与生物技术指数收益率,嘉实基金管理有限公司,中国工商银行股份有限公司,股票型ETF,主题指数ETF,931992.CSI,,,,,,
2022-01-12,562860.SH,嘉实中证疫苗与生物技术ETF,20230224,中证疫苗与生物技术指数,中证疫苗与生物技术指数收益率,嘉实基金管理有限公司,中国工商银行股份有限公司,股票型ETF,主题指数ETF,931992.CSI,,,,,,
2022-01-13,562860.SH,嘉实中证疫苗与生物技术ETF,20230224,中证疫苗与生物技术指数,中证疫苗与生物技术指数收益率,嘉实基金管理有限公司,中国工商银行股份有限公司,股票型ETF,主题指数ETF,931992.CSI,,,,,,
2022-01-14,562860.SH,嘉实中证疫苗与生物技术ETF,20230224,中证疫苗与生物技术指数,中证疫苗与生物技术指数收益率,嘉实基金管理有限公司,中国工商银行股份有限公司,股票型ETF,主题指数ETF,931992.CSI,,,,,,
2022-01-17,562860.SH,嘉实中证疫苗与生物技术ETF,20230224,中证疫苗与生物技术指数,中证疫苗与生物技术指数收益率,嘉实基金管理有限公司,中国工商银行股份有限公司,股票型ETF,主题指数ETF,931992.CSI,,,,,,
2022-01-18,562860.SH,嘉实中证疫苗与生物技术ETF,20230224,中证疫苗与生物技术指数,中证疫苗与生物技术指数收益率,嘉实基金管理有限公司,中国工商银行股份有限公司,股票型ETF,主题指数ETF,931992.CSI,,,,,,
2022-01-19,562860.SH,嘉实中证疫苗与生物技术ETF,20230224,中证疫苗与生物技术指数,中证疫苗与生物技术指数收益率,嘉实基金管理有限公司,中国工商银行股份有限公司,股票型ETF,主题指数ETF,931992.CSI,,,,,,
2022-01-20,562860.SH,嘉实中证疫苗与生物技术ETF,20230224,中证疫苗与生物技术指数,中证疫苗与生物技术指数收益率,嘉实基金管理有限公司,中国工商银行股份有限公司,股票型ETF,主题指数ETF,931992.CSI,,,,,,
2022-01-21,562860.SH,嘉实中证疫苗与生物技术ETF,20230224,中证疫苗与生物技术指数,中证疫苗与生物技术指数收益率,嘉实基金管理有限公司,中国工商银行股份有限公司,股票型ETF,主题指数ETF,931992.CSI,,,,,,
2022-01-24,562860.SH,嘉实中证疫苗与生物技术ETF,20230224,中证疫苗与生物技术指数,中证疫苗与生物技术指数收益率,嘉实基金管理有限公司,中国工商银行股份有限公司,股票型ETF,主题指数ETF,931992.CSI,,,,,,
2022-01-25,562860.SH,嘉实中证疫苗与生物技术ETF,20230224,中证疫苗与生物技术指数,中证疫苗与生物技术指数收益率,嘉实基金管理有限公司,中国工商银行股份有限公司,股票型ETF,主题指数ETF,931992.CSI,,,,,,
2022-01-26,562860.SH,嘉实中证疫苗与生物技术ETF,20230224,中证疫苗与生物技术指数,中证疫苗与生物技术指数收益率,嘉实基金管理有限公司,中国工商银行股份有限公司,股票型ETF,主题指数ETF,931992.CSI,,,,,,
2022-01-27,562860.SH,嘉实中证疫苗与生物技术ETF,20230224,中证疫苗与生物技术指数,中证疫苗与生物技术指数收益率,嘉实基金管理有限公司,中国工商银行股份有限公司,股票型ETF,主题指数ETF,931992.CSI,,,,,,
2022-01-28,562860.SH,嘉实中证疫苗与生物技术ETF,20230224,中证疫苗与生物技术指数,中证疫苗与生物技术指数收益率,嘉实基金管理有限公司,中国工商银行股份有限公司,股票型ETF,主题指数ETF,931992.CSI,,,,,,
2022-02-07,562860.SH,嘉实中证疫苗与生物技术ETF,20230224,中证疫苗与生物技术指数,中证疫苗与生物技术指数收益率,嘉实基金管理有限公司,中国工商银行股份有限公司,股票型ETF,主题指数ETF,931992.CSI,,,,,,
2022-02-08,562860.SH,嘉实中证疫苗与生物技术ETF,20230224,中证疫苗与生物技术指数,中证疫苗与生物技术指数收益率,嘉实基金管理有限公司,中国工商银行股份有限公司,股票型ETF,主题指数ETF,931992.CSI,,,,,,
2022-02-09,562860.SH,嘉实中证疫苗与生物技术ETF,20230224,中证疫苗与生物技术指数,中证疫苗与生物技术指数收益率,嘉实基金管理有限公司,中国工商银行股份有限公司,股票型ETF,主题指数ETF,931992.CSI,,,,,,
2022-02-10,562860.SH,嘉实中证疫苗与生物技术ETF,20230224,中证疫苗与生物技术指数,中证疫苗与生物技术指数收益率,嘉实基金管理有限公司,中国工商银行股份有限公司,股票型ETF,主题指数ETF,931992.CSI,,,,,,
2022-02-11,562860.SH,嘉实中证疫苗与生物技术ETF,20230224,中证疫苗与生物技术指数,中证疫苗与生物技术指数收益率,嘉实基金管理有限公司,中国工商银行股份有限公司,股票型ETF,主题指数ETF,931992.CSI,,,,,,
2022-02-14,562860.SH,嘉实中证疫苗与生物技术ETF,20230224,中证疫苗与生物技术指数,中证疫苗与生物技术指数收益率,嘉实基金管理有限公司,中国工商银行股份有限公司,股票型ETF,主题指数ETF,931992.CSI,,,,,,
2022-02-15,562860.SH,嘉实中证疫苗与生物技术ETF,20230224,中证疫苗与生物技术指数,中证疫苗与生物技术指数收益率,嘉实基金管理有限公司,中国工商银行股份有限公司,股票型ETF,主题指数ETF,931992.CSI,,,,,,
2022-02-16,562860.SH,嘉实中证疫苗与生物技术ETF,20230224,中证疫苗与生物技术指数,中证疫苗与生物技术指数收益率,嘉实基金管理有限公司,中国工商银行股份有限公司,股票型ETF,主题指数ETF,931992.CSI,,,,,,
2022-02-17,562860.SH,嘉实中证疫苗与生物技术ETF,20230224,中证疫苗与生物技术指数,中证疫苗与生物技术指数收益率,嘉实基金管理有限公司,中国工商银行股份有限公司,股票型ETF,主题指数ETF,931992.CSI,,,,,,
2022-02-18,562860.SH,嘉实中证疫苗与生物技术ETF,20230224,中证疫苗与生物技术指数,中证疫苗与生物技术指数收益率,嘉实基金管理有限公司,中国工商银行股份有限公司,股票型ETF,主题指数ETF,931992.CSI,,,,,,
2022-02-21,562860.SH,嘉实中证疫苗与生物技术ETF,20230224,中证疫苗与生物技术指数,中证疫苗与生物技术指数收益率,嘉实基金管理有限公司,中国工商银行股份有限公司,股票型ETF,主题指数ETF,931992.CSI,,,,,,
2022-02-22,562860.SH,嘉实中证疫苗与生物技术ETF,20230224,中证疫苗与生物技术指数,中证疫苗与生物技术指数收益率,嘉实基金管理有限公司,中国工商银行股份有限公司,股票型ETF,主题指数ETF,931992.CSI,,,,,,
2022-02-23,562860.SH,嘉实中证疫苗与生物技术ETF,20230224,中证疫苗与生物技术指数,中证疫苗与生物技术指数收益率,嘉实基金管理有限公司,中国工商银行股份有限公司,股票型ETF,主题指数ETF,931992.CSI,,,,,,
2022-02-24,562860.SH,嘉实中证疫苗与生物技术ETF,20230224,中证疫苗与生物技术指数,中证疫苗与生物技术指数收益率,嘉实基金管理有限公司,中国工商银行股份有限公司,股票型ETF,主题指数ETF,931992.CSI,,,,,,
2022-02-25,562860.SH,嘉实中证疫苗与生物技术ETF,20230224,中证疫苗与生物技术指数,中证疫苗与生物技术指数收益率,嘉实基金管理有限公司,中国工商银行股份有限公司,股票型ETF,主题指数ETF,931992.CSI,,,,,,
2022-02-28,562860.SH,嘉实中证疫苗与生物技术ETF,20230224,中证疫苗与生物技术指数,中证疫苗与生物技术指数收益率,嘉实基金管理有限公司,中国工商银行股份有限公司,股票型ETF,主题指数ETF,931992.CSI,,,,,,
2022-03-01,562860.SH,嘉实中证疫苗与生物技术ETF,20230224,中证疫苗与生物技术指数,中证疫苗与生物技术指数收益率,嘉实基金管理有限公司,中国工商银行股份有限公司,股票型ETF,主题指数ETF,931992.CSI,,,,,,
2022-03-02,562860.SH,嘉实中证疫苗与生物技术ETF,20230224,中证疫苗与生物技术指数,中证疫苗与生物技术指数收益率,嘉实基金管理有限公司,中国工商银行股份有限公司,股票型ETF,主题指数ETF,931992.CSI,,,,,,
2022-03-03,562860.SH,嘉实中证疫苗与生物技术ETF,20230224,中证疫苗与生物技术指数,中证疫苗与生物技术指数收益率,嘉实基金管理有限公司,中国工商银行股份有限公司,股票型ETF,主题指数ETF,931992.CSI,,,,,,
2022-03-04,562860.SH,嘉实中证疫苗与生物技术ETF,20230224,中证疫苗与生物技术指数,中证疫苗与生物技术指数收益率,嘉实基金管理有限公司,中国工商银行股份有限公司,股票型ETF,主题指数ETF,931992.CSI,,,,,,
2022-03-07,562860.SH,嘉实中证疫苗与生物技术ETF,20230224,中证疫苗与生物技术指数,中证疫苗与生物技术指数收益率,嘉实基金管理有限公司,中国工商银行股份有限公司,股票型ETF,主题指数ETF,931992.CSI,,,,,,
2022-03-08,562860.SH,嘉实中证疫苗与生物技术ETF,20230224,中证疫苗与生物技术指数,中证疫苗与生物技术指数收益率,嘉实基金管理有限公司,中国工商银行股份有限公司,股票型ETF,主题指数ETF,931992.CSI,,,,,,
2022-03-09,562860.SH,嘉实中证疫苗与生物技术ETF,20230224,中证疫苗与生物技术指数,中证疫苗与生物技术指数收益率,嘉实基金管理有限公司,中国工商银行股份有限公司,股票型ETF,主题指数ETF,931992.CSI,,,,,,
2022-03-10,562860.SH,嘉实中证疫苗与生物技术ETF,20230224,中证疫苗与生物技术指数,中证疫苗与生物技术指数收益率,嘉实基金管理有限公司,中国工商银行股份有限公司,股票型ETF,主题指数ETF,931992.CSI,,,,,,
2022-03-11,562860.SH,嘉实中证疫苗与生物技术ETF,20230224,中证疫苗与生物技术指数,中证疫苗与生物技术指数收益率,嘉实基金管理有限公司,中国工商银行股份有限公司,股票型ETF,主题指数ETF,931992.CSI,,,,,,
2022-03-14,562860.SH,嘉实中证疫苗与生物技术ETF,20230224,中证疫苗与生物技术指数,中证疫苗与生物技术指数收益率,嘉实基金管理有限公司,中国工商银行股份有限公司,股票型ETF,主题指数ETF,931992.CSI,,,,,,
2022-03-15,562860.SH,嘉实中证疫苗与生物技术ETF,20230224,中证疫苗与生物技术指数,中证疫苗与生物技术指数收益率,嘉实基金管理有限公司,中国工商银行股份有限公司,股票型ETF,主题指数ETF,931992.CSI,,,,,,
2022-03-16,562860.SH,嘉实中证疫苗与生物技术ETF,20230224,中证疫苗与生物技术指数,中证疫苗与生物技术指数收益率,嘉实基金管理有限公司,中国工商银行股份有限公司,股票型ETF,主题指数ETF,931992.CSI,,,,,,
2022-03-17,562860.SH,嘉实中证疫苗与生物技术ETF,20230224,中证疫苗与生物技术指数,中证疫苗与生物技术指数收益率,嘉实基金管理有限公司,中国工商银行股份有限公司,股票型ETF,主题指数ETF,931992.CSI,,,,,,
2022-03-18,562860.SH,嘉实中证疫苗与生物技术ETF,20230224,中证疫苗与生物技术指数,中证疫苗与生物技术指数收益率,嘉实基金管理有限公司,中国工商银行股份有限公司,股票型ETF,主题指数ETF,931992.CSI,,,,,,
2022-03-21,562860.SH,嘉实中证疫苗与生物技术ETF,20230224,中证疫苗与生物技术指数,中证疫苗与生物技术指数收益率,嘉实基金管理有限公司,中国工商银行股份有限公司,股票型ETF,主题指数ETF,931992.CSI,,,,,,
2022-03-22,562860.SH,嘉实中证疫苗与生物技术ETF,20230224,中证疫苗与生物技术指数,中证疫苗与生物技术指数收益率,嘉实基金管理有限公司,中国工商银行股份有限公司,股票型ETF,主题指数ETF,931992.CSI,,,,,,
2022-03-23,562860.SH,嘉实中证疫苗与生物技术ETF,20230224,中证疫苗与生物技术指数,中证疫苗与生物技术指数收益率,嘉实基金管理有限公司,中国工商银行股份有限公司,股票型ETF,主题指数ETF,931992.CSI,,,,,,
2022-03-24,562860.SH,嘉实中证疫苗与生物技术ETF,20230224,中证疫苗与生物技术指数,中证疫苗与生物技术指数收益率,嘉实基金管理有限公司,中国工商银行股份有限公司,股票型ETF,主题指数ETF,931992.CSI,,,,,,
2022-03-25,562860.SH,嘉实中证疫苗与生物技术ETF,20230224,中证疫苗与生物技术指数,中证疫苗与生物技术指数收益率,嘉实基金管理有限公司,中国工商银行股份有限公司,股票型ETF,主题指数ETF,931992.CSI,,,,,,
2022-03-28,562860.SH,嘉实中证疫苗与生物技术ETF,20230224,中证疫苗与生物技术指数,中证疫苗与生物技术指数收益率,嘉实基金管理有限公司,中国工商银行股份有限公司,股票型ETF,主题指数ETF,931992.CSI,,,,,,
2022-03-29,562860.SH,嘉实中证疫苗与生物技术ETF,20230224,中证疫苗与生物技术指数,中证疫苗与生物技术指数收益率,嘉实基金管理有限公司,中国工商银行股份有限公司,股票型ETF,主题指数ETF,931992.CSI,,,,,,
2022-03-30,562860.SH,嘉实中证疫苗与生物技术ETF,20230224,中证疫苗与生物技术指数,中证疫苗与生物技术指数收益率,嘉实基金管理有限公司,中国工商银行股份有限公司,股票型ETF,主题指数ETF,931992.CSI,,,,,,
2022-03-31,562860.SH,嘉实中证疫苗与生物技术ETF,20230224,中证疫苗与生物技术指数,中证疫苗与生物技术指数收益率,嘉实基金管理有限公司,中国工商银行股份有限公司,股票型ETF,主题指数ETF,931992.CSI,,,,,,
2022-04-01,562860.SH,嘉实中证疫苗与生物技术ETF,20230224,中证疫苗与生物技术指数,中证疫苗与生物技术指数收益率,嘉实基金管理有限公司,中国工商银行股份有限公司,股票型ETF,主题指数ETF,931992.CSI,,,,,,
2022-04-06,562860.SH,嘉实中证疫苗与生物技术ETF,20230224,中证疫苗与生物技术指数,中证疫苗与生物技术指数收益率,嘉实基金管理有限公司,中国工商银行股份有限公司,股票型ETF,主题指数ETF,931992.CSI,,,,,,
2022-04-07,562860.SH,嘉实中证疫苗与生物技术ETF,20230224,中证疫苗与生物技术指数,中证疫苗与生物技术指数收益率,嘉实基金管理有限公司,中国工商银行股份有限公司,股票型ETF,主题指数ETF,931992.CSI,,,,,,
2022-04-08,562860.SH,嘉实中证疫苗与生物技术ETF,20230224,中证疫苗与生物技术指数,中证疫苗与生物技术指数收益率,嘉实基金管理有限公司,中国工商银行股份有限公司,股票型ETF,主题指数ETF,931992.CSI,,,,,,
2022-04-11,562860.SH,嘉实中证疫苗与生物技术ETF,20230224,中证疫苗与生物技术指数,中证疫苗与生物技术指数收益率,嘉实基金管理有限公司,中国工商银行股份有限公司,股票型ETF,主题指数ETF,931992.CSI,,,,,,
2022-04-12,562860.SH,嘉实中证疫苗与生物技术ETF,20230224,中证疫苗与生物技术指数,中证疫苗与生物技术指数收益率,嘉实基金管理有限公司,中国工商银行股份有限公司,股票型ETF,主题指数ETF,931992.CSI,,,,,,
2022-04-13,562860.SH,嘉实中证疫苗与生物技术ETF,20230224,中证疫苗与生物技术指数,中证疫苗与生物技术指数收益率,嘉实基金管理有限公司,中国工商银行股份有限公司,股票型ETF,主题指数ETF,931992.CSI,,,,,,
2022-04-14,562860.SH,嘉实中证疫苗与生物技术ETF,20230224,中证疫苗与生物技术指数,中证疫苗与生物技术指数收益率,嘉实基金管理有限公司,中国工商银行股份有限公司,股票型ETF,主题指数ETF,931992.CSI,,,,,,
2022-04-15,562860.SH,嘉实中证疫苗与生物技术ETF,20230224,中证疫苗与生物技术指数,中证疫苗与生物技术指数收益率,嘉实基金管理有限公司,中国工商银行股份有限公司,股票型ETF,主题指数ETF,931992.CSI,,,,,,
2022-04-18,562860.SH,嘉实中证疫苗与生物技术ETF,20230224,中证疫苗与生物技术指数,中证疫苗与生物技术指数收益率,嘉实基金管理有限公司,中国工商银行股份有限公司,股票型ETF,主题指数ETF,931992.CSI,,,,,,
2022-04-19,562860.SH,嘉实中证疫苗与生物技术ETF,20230224,中证疫苗与生物技术指数,中证疫苗与生物技术指数收益率,嘉实基金管理有限公司,中国工商银行股份有限公司,股票型ETF,主题指数ETF,931992.CSI,,,,,,
2022-04-20,562860.SH,嘉实中证疫苗与生物技术ETF,20230224,中证疫苗与生物技术指数,中证疫苗与生物技术指数收益率,嘉实基金管理有限公司,中国工商银行股份有限公司,股票型ETF,主题指数ETF,931992.CSI,,,,,,
2022-04-21,562860.SH,嘉实中证疫苗与生物技术ETF,20230224,中证疫苗与生物技术指数,中证疫苗与生物技术指数收益率,嘉实基金管理有限公司,中国工商银行股份有限公司,股票型ETF,主题指数ETF,931992.CSI,,,,,,
2022-04-22,562860.SH,嘉实中证疫苗与生物技术ETF,20230224,中证疫苗与生物技术指数,中证疫苗与生物技术指数收益率,嘉实基金管理有限公司,中国工商银行股份有限公司,股票型ETF,主题指数ETF,931992.CSI,,,,,,
2022-04-25,562860.SH,嘉实中证疫苗与生物技术ETF,20230224,中证疫苗与生物技术指数,中证疫苗与生物技术指数收益率,嘉实基金管理有限公司,中国工商银行股份有限公司,股票型ETF,主题指数ETF,931992.CSI,,,,,,
2022-04-26,562860.SH,嘉实中证疫苗与生物技术ETF,20230224,中证疫苗与生物技术指数,中证疫苗与生物技术指数收益率,嘉实基金管理有限公司,中国工商银行股份有限公司,股票型ETF,主题指数ETF,931992.CSI,,,,,,
2022-04-27,562860.SH,嘉实中证疫苗与生物技术ETF,20230224,中证疫苗与生物技术指数,中证疫苗与生物技术指数收益率,嘉实基金管理有限公司,中国工商银行股份有限公司,股票型ETF,主题指数ETF,931992.CSI,,,,,,
2022-04-28,562860.SH,嘉实中证疫苗与生物技术ETF,20230224,中证疫苗与生物技术指数,中证疫苗与生物技术指数收益率,嘉实基金管理有限公司,中国工商银行股份有限公司,股票型ETF,主题指数ETF,931992.CSI,,,,,,
2022-04-29,562860.SH,嘉实中证疫苗与生物技术ETF,20230224,中证疫苗与生物技术指数,中证疫苗与生物技术指数收益率,嘉实基金管理有限公司,中国工商银行股份有限公司,股票型ETF,主题指数ETF,931992.CSI,,,,,,
2022-05-05,562860.SH,嘉实中证疫苗与生物技术ETF,20230224,中证疫苗与生物技术指数,中证疫苗与生物技术指数收益率,嘉实基金管理有限公司,中国工商银行股份有限公司,股票型ETF,主题指数ETF,931992.CSI,,,,,,
2022-05-06,562860.SH,嘉实中证疫苗与生物技术ETF,20230224,中证疫苗与生物技术指数,中证疫苗与生物技术指数收益率,嘉实基金管理有限公司,中国工商银行股份有限公司,股票型ETF,主题指数ETF,931992.CSI,,,,,,
2022-05-09,562860.SH,嘉实中证疫苗与生物技术ETF,20230224,中证疫苗与生物技术指数,中证疫苗与生物技术指数收益率,嘉实基金管理有限公司,中国工商银行股份有限公司,股票型ETF,主题指数ETF,931992.CSI,,,,,,
2022-05-10,562860.SH,嘉实中证疫苗与生物技术ETF,20230224,中证疫苗与生物技术指数,中证疫苗与生物技术指数收益率,嘉实基金管理有限公司,中国工商银行股份有限公司,股票型ETF,主题指数ETF,931992.CSI,,,,,,
2022-05-11,562860.SH,嘉实中证疫苗与生物技术ETF,20230224,中证疫苗与生物技术指数,中证疫苗与生物技术指数收益率,嘉实基金管理有限公司,中国工商银行股份有限公司,股票型ETF,主题指数ETF,931992.CSI,,,,,,
2022-05-12,562860.SH,嘉实中证疫苗与生物技术ETF,20230224,中证疫苗与生物技术指数,中证疫苗与生物技术指数收益率,嘉实基金管理有限公司,中国工商银行股份有限公司,股票型ETF,主题指数ETF,931992.CSI,,,,,,
2022-05-13,562860.SH,嘉实中证疫苗与生物技术ETF,20230224,中证疫苗与生物技术指数,中证疫苗与生物技术指数收益率,嘉实基金管理有限公司,中国工商银行股份有限公司,股票型ETF,主题指数ETF,931992.CSI,,,,,,
2022-05-16,562860.SH,嘉实中证疫苗与生物技术ETF,20230224,中证疫苗与生物技术指数,中证疫苗与生物技术指数收益率,嘉实基金管理有限公司,中国工商银行股份有限公司,股票型ETF,主题指数ETF,931992.CSI,,,,,,
2022-05-17,562860.SH,嘉实中证疫苗与生物技术ETF,20230224,中证疫苗与生物技术指数,中证疫苗与生物技术指数收益率,嘉实基金管理有限公司,中国工商银行股份有限公司,股票型ETF,主题指数ETF,931992.CSI,,,,,,
2022-05-18,562860.SH,嘉实中证疫苗与生物技术ETF,20230224,中证疫苗与生物技术指数,中证疫苗与生物技术指数收益率,嘉实基金管理有限公司,中国工商银行股份有限公司,股票型ETF,主题指数ETF,931992.CSI,,,,,,
2022-05-19,562860.SH,嘉实中证疫苗与生物技术ETF,20230224,中证疫苗与生物技术指数,中证疫苗与生物技术指数收益率,嘉实基金管理有限公司,中国工商银行股份有限公司,股票型ETF,主题指数ETF,931992.CSI,,,,,,
2022-05-20,562860.SH,嘉实中证疫苗与生物技术ETF,20230224,中证疫苗与生物技术指数,中证疫苗与生物技术指数收益率,嘉实基金管理有限公司,中国工商银行股份有限公司,股票型ETF,主题指数ETF,931992.CSI,,,,,,
2022-05-23,562860.SH,嘉实中证疫苗与生物技术ETF,20230224,中证疫苗与生物技术指数,中证疫苗与生物技术指数收益率,嘉实基金管理有限公司,中国工商银行股份有限公司,股票型ETF,主题指数ETF,931992.CSI,,,,,,
2022-05-24,562860.SH,嘉实中证疫苗与生物技术ETF,20230224,中证疫苗与生物技术指数,中证疫苗与生物技术指数收益率,嘉实基金管理有限公司,中国工商银行股份有限公司,股票型ETF,主题指数ETF,931992.CSI,,,,,,
2022-05-25,562860.SH,嘉实中证疫苗与生物技术ETF,20230224,中证疫苗与生物技术指数,中证疫苗与生物技术指数收益率,嘉实基金管理有限公司,中国工商银行股份有限公司,股票型ETF,主题指数ETF,931992.CSI,,,,,,
2022-05-26,562860.SH,嘉实中证疫苗与生物技术ETF,20230224,中证疫苗与生物技术指数,中证疫苗与生物技术指数收益率,嘉实基金管理有限公司,中国工商银行股份有限公司,股票型ETF,主题指数ETF,931992.CSI,,,,,,
2022-05-27,562860.SH,嘉实中证疫苗与生物技术ETF,20230224,中证疫苗与生物技术指数,中证疫苗与生物技术指数收益率,嘉实基金管理有限公司,中国工商银行股份有限公司,股票型ETF,主题指数ETF,931992.CSI,,,,,,
2022-05-30,562860.SH,嘉实中证疫苗与生物技术ETF,20230224,中证疫苗与生物技术指数,中证疫苗与生物技术指数收益率,嘉实基金管理有限公司,中国工商银行股份有限公司,股票型ETF,主题指数ETF,931992.CSI,,,,,,
2022-05-31,562860.SH,嘉实中证疫苗与生物技术ETF,20230224,中证疫苗与生物技术指数,中证疫苗与生物技术指数收益率,嘉实基金管理有限公司,中国工商银行股份有限公司,股票型ETF,主题指数ETF,931992.CSI,,,,,,
2022-06-01,562860.SH,嘉实中证疫苗与生物技术ETF,20230224,中证疫苗与生物技术指数,中证疫苗与生物技术指数收益率,嘉实基金管理有限公司,中国工商银行股份有限公司,股票型ETF,主题指数ETF,931992.CSI,,,,,,
2022-06-02,562860.SH,嘉实中证疫苗与生物技术ETF,20230224,中证疫苗与生物技术指数,中证疫苗与生物技术指数收益率,嘉实基金管理有限公司,中国工商银行股份有限公司,股票型ETF,主题指数ETF,931992.CSI,,,,,,
2022-06-06,562860.SH,嘉实中证疫苗与生物技术ETF,20230224,中证疫苗与生物技术指数,中证疫苗与生物技术指数收益率,嘉实基金管理有限公司,中国工商银行股份有限公司,股票型ETF,主题指数ETF,931992.CSI,,,,,,
2022-06-07,562860.SH,嘉实中证疫苗与生物技术ETF,20230224,中证疫苗与生物技术指数,中证疫苗与生物技术指数收益率,嘉实基金管理有限公司,中国工商银行股份有限公司,股票型ETF,主题指数ETF,931992.CSI,,,,,,
2022-06-08,562860.SH,嘉实中证疫苗与生物技术ETF,20230224,中证疫苗与生物技术指数,中证疫苗与生物技术指数收益率,嘉实基金管理有限公司,中国工商银行股份有限公司,股票型ETF,主题指数ETF,931992.CSI,,,,,,
2022-06-09,562860.SH,嘉实中证疫苗与生物技术ETF,20230224,中证疫苗与生物技术指数,中证疫苗与生物技术指数收益率,嘉实基金管理有限公司,中国工商银行股份有限公司,股票型ETF,主题指数ETF,931992.CSI,,,,,,
2022-06-10,562860.SH,嘉实中证疫苗与生物技术ETF,20230224,中证疫苗与生物技术指数,中证疫苗与生物技术指数收益率,嘉实基金管理有限公司,中国工商银行股份有限公司,股票型ETF,主题指数ETF,931992.CSI,,,,,,
2022-06-13,562860.SH,嘉实中证疫苗与生物技术ETF,20230224,中证疫苗与生物技术指数,中证疫苗与生物技术指数收益率,嘉实基金管理有限公司,中国工商银行股份有限公司,股票型ETF,主题指数ETF,931992.CSI,,,,,,
2022-06-14,562860.SH,嘉实中证疫苗与生物技术ETF,20230224,中证疫苗与生物技术指数,中证疫苗与生物技术指数收益率,嘉实基金管理有限公司,中国工商银行股份有限公司,股票型ETF,主题指数ETF,931992.CSI,,,,,,
2022-06-15,562860.SH,嘉实中证疫苗与生物技术ETF,20230224,中证疫苗与生物技术指数,中证疫苗与生物技术指数收益率,嘉实基金管理有限公司,中国工商银行股份有限公司,股票型ETF,主题指数ETF,931992.CSI,,,,,,
2022-06-16,562860.SH,嘉实中证疫苗与生物技术ETF,20230224,中证疫苗与生物技术指数,中证疫苗与生物技术指数收益率,嘉实基金管理有限公司,中国工商银行股份有限公司,股票型ETF,主题指数ETF,931992.CSI,,,,,,
2022-06-17,562860.SH,嘉实中证疫苗与生物技术ETF,20230224,中证疫苗与生物技术指数,中证疫苗与生物技术指数收益率,嘉实基金管理有限公司,中国工商银行股份有限公司,股票型ETF,主题指数ETF,931992.CSI,,,,,,
2022-06-20,562860.SH,嘉实中证疫苗与生物技术ETF,20230224,中证疫苗与生物技术指数,中证疫苗与生物技术指数收益率,嘉实基金管理有限公司,中国工商银行股份有限公司,股票型ETF,主题指数ETF,931992.CSI,,,,,,
2022-06-21,562860.SH,嘉实中证疫苗与生物技术ETF,20230224,中证疫苗与生物技术指数,中证疫苗与生物技术指数收益率,嘉实基金管理有限公司,中国工商银行股份有限公司,股票型ETF,主题指数ETF,931992.CSI,,,,,,
2022-06-22,562860.SH,嘉实中证疫苗与生物技术ETF,20230224,中证疫苗与生物技术指数,中证疫苗与生物技术指数收益率,嘉实基金管理有限公司,中国工商银行股份有限公司,股票型ETF,主题指数ETF,931992.CSI,,,,,,
2022-06-23,562860.SH,嘉实中证疫苗与生物技术ETF,20230224,中证疫苗与生物技术指数,中证疫苗与生物技术指数收益率,嘉实基金管理有限公司,中国工商银行股份有限公司,股票型ETF,主题指数ETF,931992.CSI,,,,,,
2022-06-24,562860.SH,嘉实中证疫苗与生物技术ETF,20230224,中证疫苗与生物技术指数,中证疫苗与生物技术指数收益率,嘉实基金管理有限公司,中国工商银行股份有限公司,股票型ETF,主题指数ETF,931992.CSI,,,,,,
2022-06-27,562860.SH,嘉实中证疫苗与生物技术ETF,20230224,中证疫苗与生物技术指数,中证疫苗与生物技术指数收益率,嘉实基金管理有限公司,中国工商银行股份有限公司,股票型ETF,主题指数ETF,931992.CSI,,,,,,
2022-06-28,562860.SH,嘉实中证疫苗与生物技术ETF,20230224,中证疫苗与生物技术指数,中证疫苗与生物技术指数收益率,嘉实基金管理有限公司,中国工商银行股份有限公司,股票型ETF,主题指数ETF,931992.CSI,,,,,,
2022-06-29,562860.SH,嘉实中证疫苗与生物技术ETF,20230224,中证疫苗与生物技术指数,中证疫苗与生物技术指数收益率,嘉实基金管理有限公司,中国工商银行股份有限公司,股票型ETF,主题指数ETF,931992.CSI,,,,,,
2022-06-30,562860.SH,嘉实中证疫苗与生物技术ETF,20230224,中证疫苗与生物技术指数,中证疫苗与生物技术指数收益率,嘉实基金管理有限公司,中国工商银行股份有限公司,股票型ETF,主题指数ETF,931992.CSI,,,,,,
2022-07-01,562860.SH,嘉实中证疫苗与生物技术ETF,20230224,中证疫苗与生物技术指数,中证疫苗与生物技术指数收益率,嘉实基金管理有限公司,中国工商银行股份有限公司,股票型ETF,主题指数ETF,931992.CSI,,,,,,
2022-07-04,562860.SH,嘉实中证疫苗与生物技术ETF,20230224,中证疫苗与生物技术指数,中证疫苗与生物技术指数收益率,嘉实基金管理有限公司,中国工商银行股份有限公司,股票型ETF,主题指数ETF,931992.CSI,,,,,,
2022-07-05,562860.SH,嘉实中证疫苗与生物技术ETF,20230224,中证疫苗与生物技术指数,中证疫苗与生物技术指数收益率,嘉实基金管理有限公司,中国工商银行股份有限公司,股票型ETF,主题指数ETF,931992.CSI,,,,,,
2022-07-06,562860.SH,嘉实中证疫苗与生物技术ETF,20230224,中证疫苗与生物技术指数,中证疫苗与生物技术指数收益率,嘉实基金管理有限公司,中国工商银行股份有限公司,股票型ETF,主题指数ETF,931992.CSI,,,,,,
2022-07-07,562860.SH,嘉实中证疫苗与生物技术ETF,20230224,中证疫苗与生物技术指数,中证疫苗与生物技术指数收益率,嘉实基金管理有限公司,中国工商银行股份有限公司,股票型ETF,主题指数ETF,931992.CSI,,,,,,
2022-07-08,562860.SH,嘉实中证疫苗与生物技术ETF,20230224,中证疫苗与生物技术指数,中证疫苗与生物技术指数收益率,嘉实基金管理有限公司,中国工商银行股份有限公司,股票型ETF,主题指数ETF,931992.CSI,,,,,,
2022-07-11,562860.SH,嘉实中证疫苗与生物技术ETF,20230224,中证疫苗与生物技术指数,中证疫苗与生物技术指数收益率,嘉实基金管理有限公司,中国工商银行股份有限公司,股票型ETF,主题指数ETF,931992.CSI,,,,,,
2022-07-12,562860.SH,嘉实中证疫苗与生物技术ETF,20230224,中证疫苗与生物技术指数,中证疫苗与生物技术指数收益率,嘉实基金管理有限公司,中国工商银行股份有限公司,股票型ETF,主题指数ETF,931992.CSI,,,,,,
2022-07-13,562860.SH,嘉实中证疫苗与生物技术ETF,20230224,中证疫苗与生物技术指数,中证疫苗与生物技术指数收益率,嘉实基金管理有限公司,中国工商银行股份有限公司,股票型ETF,主题指数ETF,931992.CSI,,,,,,
2022-07-14,562860.SH,嘉实中证疫苗与生物技术ETF,20230224,中证疫苗与生物技术指数,中证疫苗与生物技术指数收益率,嘉实基金管理有限公司,中国工商银行股份有限公司,股票型ETF,主题指数ETF,931992.CSI,,,,,,
2022-07-15,562860.SH,嘉实中证疫苗与生物技术ETF,20230224,中证疫苗与生物技术指数,中证疫苗与生物技术指数收益率,嘉实基金管理有限公司,中国工商银行股份有限公司,股票型ETF,主题指数ETF,931992.CSI,,,,,,
2022-07-18,562860.SH,嘉实中证疫苗与生物技术ETF,20230224,中证疫苗与生物技术指数,中证疫苗与生物技术指数收益率,嘉实基金管理有限公司,中国工商银行股份有限公司,股票型ETF,主题指数ETF,931992.CSI,,,,,,
2022-07-19,562860.SH,嘉实中证疫苗与生物技术ETF,20230224,中证疫苗与生物技术指数,中证疫苗与生物技术指数收益率,嘉实基金管理有限公司,中国工商银行股份有限公司,股票型ETF,主题指数ETF,931992.CSI,,,,,,
2022-07-20,562860.SH,嘉实中证疫苗与生物技术ETF,20230224,中证疫苗与生物技术指数,中证疫苗与生物技术指数收益率,嘉实基金管理有限公司,中国工商银行股份有限公司,股票型ETF,主题指数ETF,931992.CSI,,,,,,
2022-07-21,562860.SH,嘉实中证疫苗与生物技术ETF,20230224,中证疫苗与生物技术指数,中证疫苗与生物技术指数收益率,嘉实基金管理有限公司,中国工商银行股份有限公司,股票型ETF,主题指数ETF,931992.CSI,,,,,,
2022-07-22,562860.SH,嘉实中证疫苗与生物技术ETF,20230224,中证疫苗与生物技术指数,中证疫苗与生物技术指数收益率,嘉实基金管理有限公司,中国工商银行股份有限公司,股票型ETF,主题指数ETF,931992.CSI,,,,,,
2022-07-25,562860.SH,嘉实中证疫苗与生物技术ETF,20230224,中证疫苗与生物技术指数,中证疫苗与生物技术指数收益率,嘉实基金管理有限公司,中国工商银行股份有限公司,股票型ETF,主题指数ETF,931992.CSI,,,,,,
2022-07-26,562860.SH,嘉实中证疫苗与生物技术ETF,20230224,中证疫苗与生物技术指数,中证疫苗与生物技术指数收益率,嘉实基金管理有限公司,中国工商银行股份有限公司,股票型ETF,主题指数ETF,931992.CSI,,,,,,
2022-07-27,562860.SH,嘉实中证疫苗与生物技术ETF,20230224,中证疫苗与生物技术指数,中证疫苗与生物技术指数收益率,嘉实基金管理有限公司,中国工商银行股份有限公司,股票型ETF,主题指数ETF,931992.CSI,,,,,,
2022-07-28,562860.SH,嘉实中证疫苗与生物技术ETF,20230224,中证疫苗与生物技术指数,中证疫苗与生物技术指数收益率,嘉实基金管理有限公司,中国工商银行股份有限公司,股票型ETF,主题指数ETF,931992.CSI,,,,,,
2022-07-29,562860.SH,嘉实中证疫苗与生物技术ETF,20230224,中证疫苗与生物技术指数,中证疫苗与生物技术指数收益率,嘉实基金管理有限公司,中国工商银行股份有限公司,股票型ETF,主题指数ETF,931992.CSI,,,,,,
2022-08-01,562860.SH,嘉实中证疫苗与生物技术ETF,20230224,中证疫苗与生物技术指数,中证疫苗与生物技术指数收益率,嘉实基金管理有限公司,中国工商银行股份有限公司,股票型ETF,主题指数ETF,931992.CSI,,,,,,
2022-08-02,562860.SH,嘉实中证疫苗与生物技术ETF,20230224,中证疫苗与生物技术指数,中证疫苗与生物技术指数收益率,嘉实基金管理有限公司,中国工商银行股份有限公司,股票型ETF,主题指数ETF,931992.CSI,,,,,,
2022-08-03,562860.SH,嘉实中证疫苗与生物技术ETF,20230224,中证疫苗与生物技术指数,中证疫苗与生物技术指数收益率,嘉实基金管理有限公司,中国工商银行股份有限公司,股票型ETF,主题指数ETF,931992.CSI,,,,,,
2022-08-04,562860.SH,嘉实中证疫苗与生物技术ETF,20230224,中证疫苗与生物技术指数,中证疫苗与生物技术指数收益率,嘉实基金管理有限公司,中国工商银行股份有限公司,股票型ETF,主题指数ETF,931992.CSI,,,,,,
2022-08-05,562860.SH,嘉实中证疫苗与生物技术ETF,20230224,中证疫苗与生物技术指数,中证疫苗与生物技术指数收益率,嘉实基金管理有限公司,中国工商银行股份有限公司,股票型ETF,主题指数ETF,931992.CSI,,,,,,
2022-08-08,562860.SH,嘉实中证疫苗与生物技术ETF,20230224,中证疫苗与生物技术指数,中证疫苗与生物技术指数收益率,嘉实基金管理有限公司,中国工商银行股份有限公司,股票型ETF,主题指数ETF,931992.CSI,,,,,,
2022-08-09,562860.SH,嘉实中证疫苗与生物技术ETF,20230224,中证疫苗与生物技术指数,中证疫苗与生物技术指数收益率,嘉实基金管理有限公司,中国工商银行股份有限公司,股票型ETF,主题指数ETF,931992.CSI,,,,,,
2022-08-10,562860.SH,嘉实中证疫苗与生物技术ETF,20230224,中证疫苗与生物技术指数,中证疫苗与生物技术指数收益率,嘉实基金管理有限公司,中国工商银行股份有限公司,股票型ETF,主题指数ETF,931992.CSI,,,,,,
2022-08-11,562860.SH,嘉实中证疫苗与生物技术ETF,20230224,中证疫苗与生物技术指数,中证疫苗与生物技术指数收益率,嘉实基金管理有限公司,中国工商银行股份有限公司,股票型ETF,主题指数ETF,931992.CSI,,,,,,
2022-08-12,562860.SH,嘉实中证疫苗与生物技术ETF,20230224,中证疫苗与生物技术指数,中证疫苗与生物技术指数收益率,嘉实基金管理有限公司,中国工商银行股份有限公司,股票型ETF,主题指数ETF,931992.CSI,,,,,,
2022-08-15,562860.SH,嘉实中证疫苗与生物技术ETF,20230224,中证疫苗与生物技术指数,中证疫苗与生物技术指数收益率,嘉实基金管理有限公司,中国工商银行股份有限公司,股票型ETF,主题指数ETF,931992.CSI,,,,,,
2022-08-16,562860.SH,嘉实中证疫苗与生物技术ETF,20230224,中证疫苗与生物技术指数,中证疫苗与生物技术指数收益率,嘉实基金管理有限公司,中国工商银行股份有限公司,股票型ETF,主题指数ETF,931992.CSI,,,,,,
2022-08-17,562860.SH,嘉实中证疫苗与生物技术ETF,20230224,中证疫苗与生物技术指数,中证疫苗与生物技术指数收益率,嘉实基金管理有限公司,中国工商银行股份有限公司,股票型ETF,主题指数ETF,931992.CSI,,,,,,
2022-08-18,562860.SH,嘉实中证疫苗与生物技术ETF,20230224,中证疫苗与生物技术指数,中证疫苗与生物技术指数收益率,嘉实基金管理有限公司,中国工商银行股份有限公司,股票型ETF,主题指数ETF,931992.CSI,,,,,,
2022-08-19,562860.SH,嘉实中证疫苗与生物技术ETF,20230224,中证疫苗与生物技术指数,中证疫苗与生物技术指数收益率,嘉实基金管理有限公司,中国工商银行股份有限公司,股票型ETF,主题指数ETF,931992.CSI,,,,,,
2022-08-22,562860.SH,嘉实中证疫苗与生物技术ETF,20230224,中证疫苗与生物技术指数,中证疫苗与生物技术指数收益率,嘉实基金管理有限公司,中国工商银行股份有限公司,股票型ETF,主题指数ETF,931992.CSI,,,,,,
2022-08-23,562860.SH,嘉实中证疫苗与生物技术ETF,20230224,中证疫苗与生物技术指数,中证疫苗与生物技术指数收益率,嘉实基金管理有限公司,中国工商银行股份有限公司,股票型ETF,主题指数ETF,931992.CSI,,,,,,
2022-08-24,562860.SH,嘉实中证疫苗与生物技术ETF,20230224,中证疫苗与生物技术指数,中证疫苗与生物技术指数收益率,嘉实基金管理有限公司,中国工商银行股份有限公司,股票型ETF,主题指数ETF,931992.CSI,,,,,,
2022-08-25,562860.SH,嘉实中证疫苗与生物技术ETF,20230224,中证疫苗与生物技术指数,中证疫苗与生物技术指数收益率,嘉实基金管理有限公司,中国工商银行股份有限公司,股票型ETF,主题指数ETF,931992.CSI,,,,,,
2022-08-26,562860.SH,嘉实中证疫苗与生物技术ETF,20230224,中证疫苗与生物技术指数,中证疫苗与生物技术指数收益率,嘉实基金管理有限公司,中国工商银行股份有限公司,股票型ETF,主题指数ETF,931992.CSI,,,,,,
2022-08-29,562860.SH,嘉实中证疫苗与生物技术ETF,20230224,中证疫苗与生物技术指数,中证疫苗与生物技术指数收益率,嘉实基金管理有限公司,中国工商银行股份有限公司,股票型ETF,主题指数ETF,931992.CSI,,,,,,
2022-08-30,562860.SH,嘉实中证疫苗与生物技术ETF,20230224,中证疫苗与生物技术指数,中证疫苗与生物技术指数收益率,嘉实基金管理有限公司,中国工商银行股份有限公司,股票型ETF,主题指数ETF,931992.CSI,,,,,,
2022-08-31,562860.SH,嘉实中证疫苗与生物技术ETF,20230224,中证疫苗与生物技术指数,中证疫苗与生物技术指数收益率,嘉实基金管理有限公司,中国工商银行股份有限公司,股票型ETF,主题指数ETF,931992.CSI,,,,,,
2022-09-01,562860.SH,嘉实中证疫苗与生物技术ETF,20230224,中证疫苗与生物技术指数,中证疫苗与生物技术指数收益率,嘉实基金管理有限公司,中国工商银行股份有限公司,股票型ETF,主题指数ETF,931992.CSI,,,,,,
2022-09-02,562860.SH,嘉实中证疫苗与生物技术ETF,20230224,中证疫苗与生物技术指数,中证疫苗与生物技术指数收益率,嘉实基金管理有限公司,中国工商银行股份有限公司,股票型ETF,主题指数ETF,931992.CSI,,,,,,
2022-09-05,562860.SH,嘉实中证疫苗与生物技术ETF,20230224,中证疫苗与生物技术指数,中证疫苗与生物技术指数收益率,嘉实基金管理有限公司,中国工商银行股份有限公司,股票型ETF,主题指数ETF,931992.CSI,,,,,,
2022-09-06,562860.SH,嘉实中证疫苗与生物技术ETF,20230224,中证疫苗与生物技术指数,中证疫苗与生物技术指数收益率,嘉实基金管理有限公司,中国工商银行股份有限公司,股票型ETF,主题指数ETF,931992.CSI,,,,,,
2022-09-07,562860.SH,嘉实中证疫苗与生物技术ETF,20230224,中证疫苗与生物技术指数,中证疫苗与生物技术指数收益率,嘉实基金管理有限公司,中国工商银行股份有限公司,股票型ETF,主题指数ETF,931992.CSI,,,,,,
2022-09-08,562860.SH,嘉实中证疫苗与生物技术ETF,20230224,中证疫苗与生物技术指数,中证疫苗与生物技术指数收益率,嘉实基金管理有限公司,中国工商银行股份有限公司,股票型ETF,主题指数ETF,931992.CSI,,,,,,
2022-09-09,562860.SH,嘉实中证疫苗与生物技术ETF,20230224,中证疫苗与生物技术指数,中证疫苗与生物技术指数收益率,嘉实基金管理有限公司,中国工商银行股份有限公司,股票型ETF,主题指数ETF,931992.CSI,,,,,,
2022-09-13,562860.SH,嘉实中证疫苗与生物技术ETF,20230224,中证疫苗与生物技术指数,中证疫苗与生物技术指数收益率,嘉实基金管理有限公司,中国工商银行股份有限公司,股票型ETF,主题指数ETF,931992.CSI,,,,,,
2022-09-14,562860.SH,嘉实中证疫苗与生物技术ETF,20230224,中证疫苗与生物技术指数,中证疫苗与生物技术指数收益率,嘉实基金管理有限公司,中国工商银行股份有限公司,股票型ETF,主题指数ETF,931992.CSI,,,,,,
2022-09-15,562860.SH,嘉实中证疫苗与生物技术ETF,20230224,中证疫苗与生物技术指数,中证疫苗与生物技术指数收益率,嘉实基金管理有限公司,中国工商银行股份有限公司,股票型ETF,主题指数ETF,931992.CSI,,,,,,
2022-09-16,562860.SH,嘉实中证疫苗与生物技术ETF,20230224,中证疫苗与生物技术指数,中证疫苗与生物技术指数收益率,嘉实基金管理有限公司,中国工商银行股份有限公司,股票型ETF,主题指数ETF,931992.CSI,,,,,,
2022-09-19,562860.SH,嘉实中证疫苗与生物技术ETF,20230224,中证疫苗与生物技术指数,中证疫苗与生物技术指数收益率,嘉实基金管理有限公司,中国工商银行股份有限公司,股票型ETF,主题指数ETF,931992.CSI,,,,,,
2022-09-20,562860.SH,嘉实中证疫苗与生物技术ETF,20230224,中证疫苗与生物技术指数,中证疫苗与生物技术指数收益率,嘉实基金管理有限公司,中国工商银行股份有限公司,股票型ETF,主题指数ETF,931992.CSI,,,,,,
2022-09-21,562860.SH,嘉实中证疫苗与生物技术ETF,20230224,中证疫苗与生物技术指数,中证疫苗与生物技术指数收益率,嘉实基金管理有限公司,中国工商银行股份有限公司,股票型ETF,主题指数ETF,931992.CSI,,,,,,
2022-09-22,562860.SH,嘉实中证疫苗与生物技术ETF,20230224,中证疫苗与生物技术指数,中证疫苗与生物技术指数收益率,嘉实基金管理有限公司,中国工商银行股份有限公司,股票型ETF,主题指数ETF,931992.CSI,,,,,,
2022-09-23,562860.SH,嘉实中证疫苗与生物技术ETF,20230224,中证疫苗与生物技术指数,中证疫苗与生物技术指数收益率,嘉实基金管理有限公司,中国工商银行股份有限公司,股票型ETF,主题指数ETF,931992.CSI,,,,,,
2022-09-26,562860.SH,嘉实中证疫苗与生物技术ETF,20230224,中证疫苗与生物技术指数,中证疫苗与生物技术指数收益率,嘉实基金管理有限公司,中国工商银行股份有限公司,股票型ETF,主题指数ETF,931992.CSI,,,,,,
2022-09-27,562860.SH,嘉实中证疫苗与生物技术ETF,20230224,中证疫苗与生物技术指数,中证疫苗与生物技术指数收益率,嘉实基金管理有限公司,中国工商银行股份有限公司,股票型ETF,主题指数ETF,931992.CSI,,,,,,
2022-09-28,562860.SH,嘉实中证疫苗与生物技术ETF,20230224,中证疫苗与生物技术指数,中证疫苗与生物技术指数收益率,嘉实基金管理有限公司,中国工商银行股份有限公司,股票型ETF,主题指数ETF,931992.CSI,,,,,,
2022-09-29,562860.SH,嘉实中证疫苗与生物技术ETF,20230224,中证疫苗与生物技术指数,中证疫苗与生物技术指数收益率,嘉实基金管理有限公司,中国工商银行股份有限公司,股票型ETF,主题指数ETF,931992.CSI,,,,,,
2022-09-30,562860.SH,嘉实中证疫苗与生物技术ETF,20230224,中证疫苗与生物技术指数,中证疫苗与生物技术指数收益率,嘉实基金管理有限公司,中国工商银行股份有限公司,股票型ETF,主题指数ETF,931992.CSI,,,,,,
2022-10-10,562860.SH,嘉实中证疫苗与生物技术ETF,20230224,中证疫苗与生物技术指数,中证疫苗与生物技术指数收益率,嘉实基金管理有限公司,中国工商银行股份有限公司,股票型ETF,主题指数ETF,931992.CSI,,,,,,
2022-10-11,562860.SH,嘉实中证疫苗与生物技术ETF,20230224,中证疫苗与生物技术指数,中证疫苗与生物技术指数收益率,嘉实基金管理有限公司,中国工商银行股份有限公司,股票型ETF,主题指数ETF,931992.CSI,,,,,,
2022-10-12,562860.SH,嘉实中证疫苗与生物技术ETF,20230224,中证疫苗与生物技术指数,中证疫苗与生物技术指数收益率,嘉实基金管理有限公司,中国工商银行股份有限公司,股票型ETF,主题指数ETF,931992.CSI,,,,,,
2022-10-13,562860.SH,嘉实中证疫苗与生物技术ETF,20230224,中证疫苗与生物技术指数,中证疫苗与生物技术指数收益率,嘉实基金管理有限公司,中国工商银行股份有限公司,股票型ETF,主题指数ETF,931992.CSI,,,,,,
2022-10-14,562860.SH,嘉实中证疫苗与生物技术ETF,20230224,中证疫苗与生物技术指数,中证疫苗与生物技术指数收益率,嘉实基金管理有限公司,中国工商银行股份有限公司,股票型ETF,主题指数ETF,931992.CSI,,,,,,
2022-10-17,562860.SH,嘉实中证疫苗与生物技术ETF,20230224,中证疫苗与生物技术指数,中证疫苗与生物技术指数收益率,嘉实基金管理有限公司,中国工商银行股份有限公司,股票型ETF,主题指数ETF,931992.CSI,,,,,,
2022-10-18,562860.SH,嘉实中证疫苗与生物技术ETF,20230224,中证疫苗与生物技术指数,中证疫苗与生物技术指数收益率,嘉实基金管理有限公司,中国工商银行股份有限公司,股票型ETF,主题指数ETF,931992.CSI,,,,,,
2022-10-19,562860.SH,嘉实中证疫苗与生物技术ETF,20230224,中证疫苗与生物技术指数,中证疫苗与生物技术指数收益率,嘉实基金管理有限公司,中国工商银行股份有限公司,股票型ETF,主题指数ETF,931992.CSI,,,,,,
2022-10-20,562860.SH,嘉实中证疫苗与生物技术ETF,20230224,中证疫苗与生物技术指数,中证疫苗与生物技术指数收益率,嘉实基金管理有限公司,中国工商银行股份有限公司,股票型ETF,主题指数ETF,931992.CSI,,,,,,
2022-10-21,562860.SH,嘉实中证疫苗与生物技术ETF,20230224,中证疫苗与生物技术指数,中证疫苗与生物技术指数收益率,嘉实基金管理有限公司,中国工商银行股份有限公司,股票型ETF,主题指数ETF,931992.CSI,,,,,,
2022-10-24,562860.SH,嘉实中证疫苗与生物技术ETF,20230224,中证疫苗与生物技术指数,中证疫苗与生物技术指数收益率,嘉实基金管理有限公司,中国工商银行股份有限公司,股票型ETF,主题指数ETF,931992.CSI,,,,,,
2022-10-25,562860.SH,嘉实中证疫苗与生物技术ETF,20230224,中证疫苗与生物技术指数,中证疫苗与生物技术指数收益率,嘉实基金管理有限公司,中国工商银行股份有限公司,股票型ETF,主题指数ETF,931992.CSI,,,,,,
2022-10-26,562860.SH,嘉实中证疫苗与生物技术ETF,20230224,中证疫苗与生物技术指数,中证疫苗与生物技术指数收益率,嘉实基金管理有限公司,中国工商银行股份有限公司,股票型ETF,主题指数ETF,931992.CSI,,,,,,
2022-10-27,562860.SH,嘉实中证疫苗与生物技术ETF,20230224,中证疫苗与生物技术指数,中证疫苗与生物技术指数收益率,嘉实基金管理有限公司,中国工商银行股份有限公司,股票型ETF,主题指数ETF,931992.CSI,,,,,,
2022-10-28,562860.SH,嘉实中证疫苗与生物技术ETF,20230224,中证疫苗与生物技术指数,中证疫苗与生物技术指数收益率,嘉实基金管理有限公司,中国工商银行股份有限公司,股票型ETF,主题指数ETF,931992.CSI,,,,,,
2022-10-31,562860.SH,嘉实中证疫苗与生物技术ETF,20230224,中证疫苗与生物技术指数,中证疫苗与生物技术指数收益率,嘉实基金管理有限公司,中国工商银行股份有限公司,股票型ETF,主题指数ETF,931992.CSI,,,,,,
2022-11-01,562860.SH,嘉实中证疫苗与生物技术ETF,20230224,中证疫苗与生物技术指数,中证疫苗与生物技术指数收益率,嘉实基金管理有限公司,中国工商银行股份有限公司,股票型ETF,主题指数ETF,931992.CSI,,,,,,
2022-11-02,562860.SH,嘉实中证疫苗与生物技术ETF,20230224,中证疫苗与生物技术指数,中证疫苗与生物技术指数收益率,嘉实基金管理有限公司,中国工商银行股份有限公司,股票型ETF,主题指数ETF,931992.CSI,,,,,,
2022-11-03,562860.SH,嘉实中证疫苗与生物技术ETF,20230224,中证疫苗与生物技术指数,中证疫苗与生物技术指数收益率,嘉实基金管理有限公司,中国工商银行股份有限公司,股票型ETF,主题指数ETF,931992.CSI,,,,,,
2022-11-04,562860.SH,嘉实中证疫苗与生物技术ETF,20230224,中证疫苗与生物技术指数,中证疫苗与生物技术指数收益率,嘉实基金管理有限公司,中国工商银行股份有限公司,股票型ETF,主题指数ETF,931992.CSI,,,,,,
2022-11-07,562860.SH,嘉实中证疫苗与生物技术ETF,20230224,中证疫苗与生物技术指数,中证疫苗与生物技术指数收益率,嘉实基金管理有限公司,中国工商银行股份有限公司,股票型ETF,主题指数ETF,931992.CSI,,,,,,
2022-11-08,562860.SH,嘉实中证疫苗与生物技术ETF,20230224,中证疫苗与生物技术指数,中证疫苗与生物技术指数收益率,嘉实基金管理有限公司,中国工商银行股份有限公司,股票型ETF,主题指数ETF,931992.CSI,,,,,,
2022-11-09,562860.SH,嘉实中证疫苗与生物技术ETF,20230224,中证疫苗与生物技术指数,中证疫苗与生物技术指数收益率,嘉实基金管理有限公司,中国工商银行股份有限公司,股票型ETF,主题指数ETF,931992.CSI,,,,,,
2022-11-10,562860.SH,嘉实中证疫苗与生物技术ETF,20230224,中证疫苗与生物技术指数,中证疫苗与生物技术指数收益率,嘉实基金管理有限公司,中国工商银行股份有限公司,股票型ETF,主题指数ETF,931992.CSI,,,,,,
2022-11-11,562860.SH,嘉实中证疫苗与生物技术ETF,20230224,中证疫苗与生物技术指数,中证疫苗与生物技术指数收益率,嘉实基金管理有限公司,中国工商银行股份有限公司,股票型ETF,主题指数ETF,931992.CSI,,,,,,
2022-11-14,562860.SH,嘉实中证疫苗与生物技术ETF,20230224,中证疫苗与生物技术指数,中证疫苗与生物技术指数收益率,嘉实基金管理有限公司,中国工商银行股份有限公司,股票型ETF,主题指数ETF,931992.CSI,,,,,,
2022-11-15,562860.SH,嘉实中证疫苗与生物技术ETF,20230224,中证疫苗与生物技术指数,中证疫苗与生物技术指数收益率,嘉实基金管理有限公司,中国工商银行股份有限公司,股票型ETF,主题指数ETF,931992.CSI,,,,,,
2022-11-16,562860.SH,嘉实中证疫苗与生物技术ETF,20230224,中证疫苗与生物技术指数,中证疫苗与生物技术指数收益率,嘉实基金管理有限公司,中国工商银行股份有限公司,股票型ETF,主题指数ETF,931992.CSI,,,,,,
2022-11-17,562860.SH,嘉实中证疫苗与生物技术ETF,20230224,中证疫苗与生物技术指数,中证疫苗与生物技术指数收益率,嘉实基金管理有限公司,中国工商银行股份有限公司,股票型ETF,主题指数ETF,931992.CSI,,,,,,
2022-11-18,562860.SH,嘉实中证疫苗与生物技术ETF,20230224,中证疫苗与生物技术指数,中证疫苗与生物技术指数收益率,嘉实基金管理有限公司,中国工商银行股份有限公司,股票型ETF,主题指数ETF,931992.CSI,,,,,,
2022-11-21,562860.SH,嘉实中证疫苗与生物技术ETF,20230224,中证疫苗与生物技术指数,中证疫苗与生物技术指数收益率,嘉实基金管理有限公司,中国工商银行股份有限公司,股票型ETF,主题指数ETF,931992.CSI,,,,,,
2022-11-22,562860.SH,嘉实中证疫苗与生物技术ETF,20230224,中证疫苗与生物技术指数,中证疫苗与生物技术指数收益率,嘉实基金管理有限公司,中国工商银行股份有限公司,股票型ETF,主题指数ETF,931992.CSI,,,,,,
2022-11-23,562860.SH,嘉实中证疫苗与生物技术ETF,20230224,中证疫苗与生物技术指数,中证疫苗与生物技术指数收益率,嘉实基金管理有限公司,中国工商银行股份有限公司,股票型ETF,主题指数ETF,931992.CSI,,,,,,
2022-11-24,562860.SH,嘉实中证疫苗与生物技术ETF,20230224,中证疫苗与生物技术指数,中证疫苗与生物技术指数收益率,嘉实基金管理有限公司,中国工商银行股份有限公司,股票型ETF,主题指数ETF,931992.CSI,,,,,,
2022-11-25,562860.SH,嘉实中证疫苗与生物技术ETF,20230224,中证疫苗与生物技术指数,中证疫苗与生物技术指数收益率,嘉实基金管理有限公司,中国工商银行股份有限公司,股票型ETF,主题指数ETF,931992.CSI,,,,,,
2022-11-28,562860.SH,嘉实中证疫苗与生物技术ETF,20230224,中证疫苗与生物技术指数,中证疫苗与生物技术指数收益率,嘉实基金管理有限公司,中国工商银行股份有限公司,股票型ETF,主题指数ETF,931992.CSI,,,,,,
2022-11-29,562860.SH,嘉实中证疫苗与生物技术ETF,20230224,中证疫苗与生物技术指数,中证疫苗与生物技术指数收益率,嘉实基金管理有限公司,中国工商银行股份有限公司,股票型ETF,主题指数ETF,931992.CSI,,,,,,
2022-11-30,562860.SH,嘉实中证疫苗与生物技术ETF,20230224,中证疫苗与生物技术指数,中证疫苗与生物技术指数收益率,嘉实基金管理有限公司,中国工商银行股份有限公司,股票型ETF,主题指数ETF,931992.CSI,,,,,,
2022-12-01,562860.SH,嘉实中证疫苗与生物技术ETF,20230224,中证疫苗与生物技术指数,中证疫苗与生物技术指数收益率,嘉实基金管理有限公司,中国工商银行股份有限公司,股票型ETF,主题指数ETF,931992.CSI,,,,,,
2022-12-02,562860.SH,嘉实中证疫苗与生物技术ETF,20230224,中证疫苗与生物技术指数,中证疫苗与生物技术指数收益率,嘉实基金管理有限公司,中国工商银行股份有限公司,股票型ETF,主题指数ETF,931992.CSI,,,,,,
2022-12-05,562860.SH,嘉实中证疫苗与生物技术ETF,20230224,中证疫苗与生物技术指数,中证疫苗与生物技术指数收益率,嘉实基金管理有限公司,中国工商银行股份有限公司,股票型ETF,主题指数ETF,931992.CSI,,,,,,
2022-12-06,562860.SH,嘉实中证疫苗与生物技术ETF,20230224,中证疫苗与生物技术指数,中证疫苗与生物技术指数收益率,嘉实基金管理有限公司,中国工商银行股份有限公司,股票型ETF,主题指数ETF,931992.CSI,,,,,,
2022-12-07,562860.SH,嘉实中证疫苗与生物技术ETF,20230224,中证疫苗与生物技术指数,中证疫苗与生物技术指数收益率,嘉实基金管理有限公司,中国工商银行股份有限公司,股票型ETF,主题指数ETF,931992.CSI,,,,,,
2022-12-08,562860.SH,嘉实中证疫苗与生物技术ETF,20230224,中证疫苗与生物技术指数,中证疫苗与生物技术指数收益率,嘉实基金管理有限公司,中国工商银行股份有限公司,股票型ETF,主题指数ETF,931992.CSI,,,,,,
2022-12-09,562860.SH,嘉实中证疫苗与生物技术ETF,20230224,中证疫苗与生物技术指数,中证疫苗与生物技术指数收益率,嘉实基金管理有限公司,中国工商银行股份有限公司,股票型ETF,主题指数ETF,931992.CSI,,,,,,
2022-12-12,562860.SH,嘉实中证疫苗与生物技术ETF,20230224,中证疫苗与生物技术指数,中证疫苗与生物技术指数收益率,嘉实基金管理有限公司,中国工商银行股份有限公司,股票型ETF,主题指数ETF,931992.CSI,,,,,,
2022-12-13,562860.SH,嘉实中证疫苗与生物技术ETF,20230224,中证疫苗与生物技术指数,中证疫苗与生物技术指数收益率,嘉实基金管理有限公司,中国工商银行股份有限公司,股票型ETF,主题指数ETF,931992.CSI,,,,,,
2022-12-14,562860.SH,嘉实中证疫苗与生物技术ETF,20230224,中证疫苗与生物技术指数,中证疫苗与生物技术指数收益率,嘉实基金管理有限公司,中国工商银行股份有限公司,股票型ETF,主题指数ETF,931992.CSI,,,,,,
2022-12-15,562860.SH,嘉实中证疫苗与生物技术ETF,20230224,中证疫苗与生物技术指数,中证疫苗与生物技术指数收益率,嘉实基金管理有限公司,中国工商银行股份有限公司,股票型ETF,主题指数ETF,931992.CSI,,,,,,
2022-12-16,562860.SH,嘉实中证疫苗与生物技术ETF,20230224,中证疫苗与生物技术指数,中证疫苗与生物技术指数收益率,嘉实基金管理有限公司,中国工商银行股份有限公司,股票型ETF,主题指数ETF,931992.CSI,,,,,,
2022-12-19,562860.SH,嘉实中证疫苗与生物技术ETF,20230224,中证疫苗与生物技术指数,中证疫苗与生物技术指数收益率,嘉实基金管理有限公司,中国工商银行股份有限公司,股票型ETF,主题指数ETF,931992.CSI,,,,,,
2022-12-20,562860.SH,嘉实中证疫苗与生物技术ETF,20230224,中证疫苗与生物技术指数,中证疫苗与生物技术指数收益率,嘉实基金管理有限公司,中国工商银行股份有限公司,股票型ETF,主题指数ETF,931992.CSI,,,,,,
2022-12-21,562860.SH,嘉实中证疫苗与生物技术ETF,20230224,中证疫苗与生物技术指数,中证疫苗与生物技术指数收益率,嘉实基金管理有限公司,中国工商银行股份有限公司,股票型ETF,主题指数ETF,931992.CSI,,,,,,
2022-12-22,562860.SH,嘉实中证疫苗与生物技术ETF,20230224,中证疫苗与生物技术指数,中证疫苗与生物技术指数收益率,嘉实基金管理有限公司,中国工商银行股份有限公司,股票型ETF,主题指数ETF,931992.CSI,,,,,,
2022-12-23,562860.SH,嘉实中证疫苗与生物技术ETF,20230224,中证疫苗与生物技术指数,中证疫苗与生物技术指数收益率,嘉实基金管理有限公司,中国工商银行股份有限公司,股票型ETF,主题指数ETF,931992.CSI,,,,,,
2022-12-26,562860.SH,嘉实中证疫苗与生物技术ETF,20230224,中证疫苗与生物技术指数,中证疫苗与生物技术指数收益率,嘉实基金管理有限公司,中国工商银行股份有限公司,股票型ETF,主题指数ETF,931992.CSI,,,,,,
2022-12-27,562860.SH,嘉实中证疫苗与生物技术ETF,20230224,中证疫苗与生物技术指数,中证疫苗与生物技术指数收益率,嘉实基金管理有限公司,中国工商银行股份有限公司,股票型ETF,主题指数ETF,931992.CSI,,,,,,
2022-12-28,562860.SH,嘉实中证疫苗与生物技术ETF,20230224,中证疫苗与生物技术指数,中证疫苗与生物技术指数收益率,嘉实基金管理有限公司,中国工商银行股份有限公司,股票型ETF,主题指数ETF,931992.CSI,,,,,,
2022-12-29,562860.SH,嘉实中证疫苗与生物技术ETF,20230224,中证疫苗与生物技术指数,中证疫苗与生物技术指数收益率,嘉实基金管理有限公司,中国工商银行股份有限公司,股票型ETF,主题指数ETF,931992.CSI,,,,,,
2022-12-30,562860.SH,嘉实中证疫苗与生物技术ETF,20230224,中证疫苗与生物技术指数,中证疫苗与生物技术指数收益率,嘉实基金管理有限公司,中国工商银行股份有限公司,股票型ETF,主题指数ETF,931992.CSI,,,,,,
2023-01-03,562860.SH,嘉实中证疫苗与生物技术ETF,20230224,中证疫苗与生物技术指数,中证疫苗与生物技术指数收益率,嘉实基金管理有限公司,中国工商银行股份有限公司,股票型ETF,主题指数ETF,931992.CSI,,,,,,
2023-01-04,562860.SH,嘉实中证疫苗与生物技术ETF,20230224,中证疫苗与生物技术指数,中证疫苗与生物技术指数收益率,嘉实基金管理有限公司,中国工商银行股份有限公司,股票型ETF,主题指数ETF,931992.CSI,,,,,,
2023-01-05,562860.SH,嘉实中证疫苗与生物技术ETF,20230224,中证疫苗与生物技术指数,中证疫苗与生物技术指数收益率,嘉实基金管理有限公司,中国工商银行股份有限公司,股票型ETF,主题指数ETF,931992.CSI,,,,,,
2023-01-06,562860.SH,嘉实中证疫苗与生物技术ETF,20230224,中证疫苗与生物技术指数,中证疫苗与生物技术指数收益率,嘉实基金管理有限公司,中国工商银行股份有限公司,股票型ETF,主题指数ETF,931992.CSI,,,,,,
2023-01-09,562860.SH,嘉实中证疫苗与生物技术ETF,20230224,中证疫苗与生物技术指数,中证疫苗与生物技术指数收益率,嘉实基金管理有限公司,中国工商银行股份有限公司,股票型ETF,主题指数ETF,931992.CSI,,,,,,
2023-01-10,562860.SH,嘉实中证疫苗与生物技术ETF,20230224,中证疫苗与生物技术指数,中证疫苗与生物技术指数收益率,嘉实基金管理有限公司,中国工商银行股份有限公司,股票型ETF,主题指数ETF,931992.CSI,,,,,,
2023-01-11,562860.SH,嘉实中证疫苗与生物技术ETF,20230224,中证疫苗与生物技术指数,中证疫苗与生物技术指数收益率,嘉实基金管理有限公司,中国工商银行股份有限公司,股票型ETF,主题指数ETF,931992.CSI,,,,,,
2023-01-12,562860.SH,嘉实中证疫苗与生物技术ETF,20230224,中证疫苗与生物技术指数,中证疫苗与生物技术指数收益率,嘉实基金管理有限公司,中国工商银行股份有限公司,股票型ETF,主题指数ETF,931992.CSI,,,,,,
2023-01-13,562860.SH,嘉实中证疫苗与生物技术ETF,20230224,中证疫苗与生物技术指数,中证疫苗与生物技术指数收益率,嘉实基金管理有限公司,中国工商银行股份有限公司,股票型ETF,主题指数ETF,931992.CSI,,,,,,
2023-01-16,562860.SH,嘉实中证疫苗与生物技术ETF,20230224,中证疫苗与生物技术指数,中证疫苗与生物技术指数收益率,嘉实基金管理有限公司,中国工商银行股份有限公司,股票型ETF,主题指数ETF,931992.CSI,,,,,,
2023-01-17,562860.SH,嘉实中证疫苗与生物技术ETF,20230224,中证疫苗与生物技术指数,中证疫苗与生物技术指数收益率,嘉实基金管理有限公司,中国工商银行股份有限公司,股票型ETF,主题指数ETF,931992.CSI,,,,,,
2023-01-18,562860.SH,嘉实中证疫苗与生物技术ETF,20230224,中证疫苗与生物技术指数,中证疫苗与生物技术指数收益率,嘉实基金管理有限公司,中国工商银行股份有限公司,股票型ETF,主题指数ETF,931992.CSI,,,,,,
2023-01-19,562860.SH,嘉实中证疫苗与生物技术ETF,20230224,中证疫苗与生物技术指数,中证疫苗与生物技术指数收益率,嘉实基金管理有限公司,中国工商银行股份有限公司,股票型ETF,主题指数ETF,931992.CSI,,,,,,
2023-01-20,562860.SH,嘉实中证疫苗与生物技术ETF,20230224,中证疫苗与生物技术指数,中证疫苗与生物技术指数收益率,嘉实基金管理有限公司,中国工商银行股份有限公司,股票型ETF,主题指数ETF,931992.CSI,,,,,,
2023-01-30,562860.SH,嘉实中证疫苗与生物技术ETF,20230224,中证疫苗与生物技术指数,中证疫苗与生物技术指数收益率,嘉实基金管理有限公司,中国工商银行股份有限公司,股票型ETF,主题指数ETF,931992.CSI,,,,,,
2023-01-31,562860.SH,嘉实中证疫苗与生物技术ETF,20230224,中证疫苗与生物技术指数,中证疫苗与生物技术指数收益率,嘉实基金管理有限公司,中国工商银行股份有限公司,股票型ETF,主题指数ETF,931992.CSI,,,,,,
2023-02-01,562860.SH,嘉实中证疫苗与生物技术ETF,20230224,中证疫苗与生物技术指数,中证疫苗与生物技术指数收益率,嘉实基金管理有限公司,中国工商银行股份有限公司,股票型ETF,主题指数ETF,931992.CSI,,,,,,
2023-02-02,562860.SH,嘉实中证疫苗与生物技术ETF,20230224,中证疫苗与生物技术指数,中证疫苗与生物技术指数收益率,嘉实基金管理有限公司,中国工商银行股份有限公司,股票型ETF,主题指数ETF,931992.CSI,,,,,,
2023-02-03,562860.SH,嘉实中证疫苗与生物技术ETF,20230224,中证疫苗与生物技术指数,中证疫苗与生物技术指数收益率,嘉实基金管理有限公司,中国工商银行股份有限公司,股票型ETF,主题指数ETF,931992.CSI,,,,,,
2023-02-06,562860.SH,嘉实中证疫苗与生物技术ETF,20230224,中证疫苗与生物技术指数,中证疫苗与生物技术指数收益率,嘉实基金管理有限公司,中国工商银行股份有限公司,股票型ETF,主题指数ETF,931992.CSI,,,,,,
2023-02-07,562860.SH,嘉实中证疫苗与生物技术ETF,20230224,中证疫苗与生物技术指数,中证疫苗与生物技术指数收益率,嘉实基金管理有限公司,中国工商银行股份有限公司,股票型ETF,主题指数ETF,931992.CSI,,,,,,
2023-02-08,562860.SH,嘉实中证疫苗与生物技术ETF,20230224,中证疫苗与生物技术指数,中证疫苗与生物技术指数收益率,嘉实基金管理有限公司,中国工商银行股份有限公司,股票型ETF,主题指数ETF,931992.CSI,,,,,,
2023-02-09,562860.SH,嘉实中证疫苗与生物技术ETF,20230224,中证疫苗与生物技术指数,中证疫苗与生物技术指数收益率,嘉实基金管理有限公司,中国工商银行股份有限公司,股票型ETF,主题指数ETF,931992.CSI,,,,,,
2023-02-10,562860.SH,嘉实中证疫苗与生物技术ETF,20230224,中证疫苗与生物技术指数,中证疫苗与生物技术指数收益率,嘉实基金管理有限公司,中国工商银行股份有限公司,股票型ETF,主题指数ETF,931992.CSI,,,,,,
2023-02-13,562860.SH,嘉实中证疫苗与生物技术ETF,20230224,中证疫苗与生物技术指数,中证疫苗与生物技术指数收益率,嘉实基金管理有限公司,中国工商银行股份有限公司,股票型ETF,主题指数ETF,931992.CSI,,,,,,
2023-02-14,562860.SH,嘉实中证疫苗与生物技术ETF,20230224,中证疫苗与生物技术指数,中证疫苗与生物技术指数收益率,嘉实基金管理有限公司,中国工商银行股份有限公司,股票型ETF,主题指数ETF,931992.CSI,,,,,,
2023-02-15,562860.SH,嘉实中证疫苗与生物技术ETF,20230224,中证疫苗与生物技术指数,中证疫苗与生物技术指数收益率,嘉实基金管理有限公司,中国工商银行股份有限公司,股票型ETF,主题指数ETF,931992.CSI,,,,,,
2023-02-16,562860.SH,嘉实中证疫苗与生物技术ETF,20230224,中证疫苗与生物技术指数,中证疫苗与生物技术指数收益率,嘉实基金管理有限公司,中国工商银行股份有限公司,股票型ETF,主题指数ETF,931992.CSI,1824894966.0,,,,,
2023-02-17,562860.SH,嘉实中证疫苗与生物技术ETF,20230224,中证疫苗与生物技术指数,中证疫苗与生物技术指数收益率,嘉实基金管理有限公司,中国工商银行股份有限公司,股票型ETF,主题指数ETF,931992.CSI,1824894966.0,,,,,
2023-02-20,562860.SH,嘉实中证疫苗与生物技术ETF,20230224,中证疫苗与生物技术指数,中证疫苗与生物技术指数收益率,嘉实基金管理有限公司,中国工商银行股份有限公司,股票型ETF,主题指数ETF,931992.CSI,1824894966.0,,,,,
2023-02-21,562860.SH,嘉实中证疫苗与生物技术ETF,20230224,中证疫苗与生物技术指数,中证疫苗与生物技术指数收益率,嘉实基金管理有限公司,中国工商银行股份有限公司,股票型ETF,主题指数ETF,931992.CSI,1824894966.0,,,,,
2023-02-22,562860.SH,嘉实中证疫苗与生物技术ETF,20230224,中证疫苗与生物技术指数,中证疫苗与生物技术指数收益率,嘉实基金管理有限公司,中国工商银行股份有限公司,股票型ETF,主题指数ETF,931992.CSI,1824894966.0,,,,,
2023-02-23,562860.SH,嘉实中证疫苗与生物技术ETF,20230224,中证疫苗与生物技术指数,中证疫苗与生物技术指数收益率,嘉实基金管理有限公司,中国工商银行股份有限公司,股票型ETF,主题指数ETF,931992.CSI,1817960365.1292,,,,,
2023-02-24,562860.SH,嘉实中证疫苗与生物技术ETF,20230224,中证疫苗与生物技术指数,中证疫苗与生物技术指数收益率,嘉实基金管理有限公司,中国工商银行股份有限公司,股票型ETF,主题指数ETF,931992.CSI,1807923442.8162,348734343,345390974,0.988,0.99041284844149,-0.272534572
2023-02-27,562860.SH,嘉实中证疫苗与生物技术ETF,20230224,中证疫苗与生物技术指数,中证疫苗与生物技术指数收益率,嘉实基金管理有限公司,中国工商银行股份有限公司,股票型ETF,主题指数ETF,931992.CSI,1437358594.0,109644088,107698271,0.975,0.98225333407853,-0.225133033
2023-02-28,562860.SH,嘉实中证疫苗与生物技术ETF,20230224,中证疫苗与生物技术指数,中证疫苗与生物技术指数收益率,嘉实基金管理有限公司,中国工商银行股份有限公司,股票型ETF,主题指数ETF,931992.CSI,1385507449.0,72069174,70760440,0.985,0.98184058554633,-0.121679173
2023-03-01,562860.SH,嘉实中证疫苗与生物技术ETF,20230224,中证疫苗与生物技术指数,中证疫苗与生物技术指数收益率,嘉实基金管理有限公司,中国工商银行股份有限公司,股票型ETF,主题指数ETF,931992.CSI,1353584127.5,29789148,29258150,0.983,0.98217478391796,-0.152361605
2023-03-02,562860.SH,嘉实中证疫苗与生物技术ETF,20230224,中证疫苗与生物技术指数,中证疫苗与生物技术指数收益率,嘉实基金管理有限公司,中国工商银行股份有限公司,股票型ETF,主题指数ETF,931992.CSI,1332996004.0,29132665,28510720,0.973,0.97865128370508,-0.22559475
2023-03-03,562860.SH,嘉实中证疫苗与生物技术ETF,20230224,中证疫苗与生物技术指数,中证疫苗与生物技术指数收益率,嘉实基金管理有限公司,中国工商银行股份有限公司,股票型ETF,主题指数ETF,931992.CSI,1306814862.5,49650931,48487921,0.977,0.97657627004013,-0.051150895
2023-03-06,562860.SH,嘉实中证疫苗与生物技术ETF,20230224,中证疫苗与生物技术指数,中证疫苗与生物技术指数收益率,嘉实基金管理有限公司,中国工商银行股份有限公司,股票型ETF,主题指数ETF,931992.CSI,1300887858.0,30971551,30284535,0.979,0.97781783676252,-0.142798858
2023-03-07,562860.SH,嘉实中证疫苗与生物技术ETF,20230224,中证疫苗与生物技术指数,中证疫苗与生物技术指数收益率,嘉实基金管理有限公司,中国工商银行股份有限公司,股票型ETF,主题指数ETF,931992.CSI,1271889795.5,43868800,42574647,0.961,0.97049946659129,-0.197320594
2023-03-08,562860.SH,嘉实中证疫苗与生物技术ETF,20230224,中证疫苗与生物技术指数,中证疫苗与生物技术指数收益率,嘉实基金管理有限公司,中国工商银行股份有限公司,股票型ETF,主题指数ETF,931992.CSI,1250290184.5,37305000,35729785,0.959,0.95777469508109,-0.218499636
2023-03-09,562860.SH,嘉实中证疫苗与生物技术ETF,20230224,中证疫苗与生物技术指数,中证疫苗与生物技术指数收益率,嘉实基金管理有限公司,中国工商银行股份有限公司,股票型ETF,主题指数ETF,931992.CSI,1236996278.0,54864100,53314861,0.976,0.97176224525692,-0.040966817
2023-03-10,562860.SH,嘉实中证疫苗与生物技术ETF,20230224,中证疫苗与生物技术指数,中证疫苗与生物技术指数收益率,嘉实基金管理有限公司,中国工商银行股份有限公司,股票型ETF,主题指数ETF,931992.CSI,1205292384.0,58513455,57256689,0.976,0.9785217605079,-0.326797386
2023-03-13,562860.SH,嘉实中证疫苗与生物技术ETF,20230224,中证疫苗与生物技术指数,中证疫苗与生物技术指数收益率,嘉实基金管理有限公司,中国工商银行股份有限公司,股票型ETF,主题指数ETF,931992.CSI,1180117107.0,27971400,27008508,0.965,0.96557583817757,-0.165528657
2023-03-14,562860.SH,嘉实中证疫苗与生物技术ETF,20230224,中证疫苗与生物技术指数,中证疫苗与生物技术指数收益率,嘉实基金管理有限公司,中国工商银行股份有限公司,股票型ETF,主题指数ETF,931992.CSI,1170935697.0,31632400,30721369,0.965,0.97119943475677,-0.371670452
2023-03-15,562860.SH,嘉实中证疫苗与生物技术ETF,20230224,中证疫苗与生物技术指数,中证疫苗与生物技术指数收益率,嘉实基金管理有限公司,中国工商银行股份有限公司,股票型ETF,主题指数ETF,931992.CSI,1159526108.0,29857085,29042360,0.967,0.97271250693093,-0.350370981
2023-03-16,562860.SH,嘉实中证疫苗与生物技术ETF,20230224,中证疫苗与生物技术指数,中证疫苗与生物技术指数收益率,嘉实基金管理有限公司,中国工商银行股份有限公司,股票型ETF,主题指数ETF,931992.CSI,1139210157.0,25797800,24791092,0.956,0.96097698253339,-0.062722141
2023-03-17,562860.SH,嘉实中证疫苗与生物技术ETF,20230224,中证疫苗与生物技术指数,中证疫苗与生物技术指数收益率,嘉实基金管理有限公司,中国工商银行股份有限公司,股票型ETF,主题指数ETF,931992.CSI,1117356681.0,40037722,38045600,0.944,0.95024387251602,-0.400928466
2023-03-20,562860.SH,嘉实中证疫苗与生物技术ETF,20230224,中证疫苗与生物技术指数,中证疫苗与生物技术指数收益率,嘉实基金管理有限公司,中国工商银行股份有限公司,股票型ETF,主题指数ETF,931992.CSI,1098644410.5,34210000,32145881,0.938,0.93966328558901,-0.202149165
2023-03-21,562860.SH,嘉实中证疫苗与生物技术ETF,20230224,中证疫苗与生物技术指数,中证疫苗与生物技术指数收益率,嘉实基金管理有限公司,中国工商银行股份有限公司,股票型ETF,主题指数ETF,931992.CSI,1089326546.0,40067300,38165523,0.952,0.95253543413207,-0.293255132
2023-03-22,562860.SH,嘉实中证疫苗与生物技术ETF,20230224,中证疫苗与生物技术指数,中证疫苗与生物技术指数收益率,嘉实基金管理有限公司,中国工商银行股份有限公司,股票型ETF,主题指数ETF,931992.CSI,1084597830.0,19001300,18098512,0.953,0.95248809291996,-0.104821803
2023-03-23,562860.SH,嘉实中证疫苗与生物技术ETF,20230224,中证疫苗与生物技术指数,中证疫苗与生物技术指数收益率,嘉实基金管理有限公司,中国工商银行股份有限公司,股票型ETF,主题指数ETF,931992.CSI,1071265512.0,22632900,21346072,0.944,0.94314347697379,-0.169204738
2023-03-24,562860.SH,嘉实中证疫苗与生物技术ETF,20230224,中证疫苗与生物技术指数,中证疫苗与生物技术指数收益率,嘉实基金管理有限公司,中国工商银行股份有限公司,股票型ETF,主题指数ETF,931992.CSI,1062741753.0,16826500,15885995,0.94,0.94410572608683,-0.14871468
2023-03-27,562860.SH,嘉实中证疫苗与生物技术ETF,20230224,中证疫苗与生物技术指数,中证疫苗与生物技术指数收益率,嘉实基金管理有限公司,中国工商银行股份有限公司,股票型ETF,主题指数ETF,931992.CSI,1054222869.0,23825200,22447468,0.939,0.94217332908013,-0.339630652
2023-03-28,562860.SH,嘉实中证疫苗与生物技术ETF,20230224,中证疫苗与生物技术指数,中证疫苗与生物技术指数收益率,嘉实基金管理有限公司,中国工商银行股份有限公司,股票型ETF,主题指数ETF,931992.CSI,1037409797.5,23654000,22052414,0.929,0.93229111355373,-0.161203654
2023-03-29,562860.SH,嘉实中证疫苗与生物技术ETF,20230224,中证疫苗与生物技术指数,中证疫苗与生物技术指数收益率,嘉实基金管理有限公司,中国工商银行股份有限公司,股票型ETF,主题指数ETF,931992.CSI,1011972405.5,35740100,32876537,0.917,0.91987814807457,-0.423498751
2023-03-30,562860.SH,嘉实中证疫苗与生物技术ETF,20230224,中证疫苗与生物技术指数,中证疫苗与生物技术指数收益率,嘉实基金管理有限公司,中国工商银行股份有限公司,股票型ETF,主题指数ETF,931992.CSI,993774863.0,35846200,32722626,0.918,0.91286178172303,-0.152273222
2023-03-31,562860.SH,嘉实中证疫苗与生物技术ETF,20230224,中证疫苗与生物技术指数,中证疫苗与生物技术指数收益率,嘉实基金管理有限公司,中国工商银行股份有限公司,股票型ETF,主题指数ETF,931992.CSI,982224894.0,23328138,21390346,0.915,0.91693327602915,-0.239860445
2023-04-03,562860.SH,嘉实中证疫苗与生物技术ETF,20230224,中证疫苗与生物技术指数,中证疫苗与生物技术指数收益率,嘉实基金管理有限公司,中国工商银行股份有限公司,股票型ETF,主题指数ETF,931992.CSI,968066687.5,25591500,23342329,0.912,0.9121125764414,-0.054794521
2023-04-04,562860.SH,嘉实中证疫苗与生物技术ETF,20230224,中证疫苗与生物技术指数,中证疫苗与生物技术指数收益率,嘉实基金管理有限公司,中国工商银行股份有限公司,股票型ETF,主题指数ETF,931992.CSI,969189847.5,28544303,26207967,0.918,0.91815053252483,-0.271591526
2023-04-06,562860.SH,嘉实中证疫苗与生物技术ETF,20230224,中证疫苗与生物技术指数,中证疫苗与生物技术指数收益率,嘉实基金管理有限公司,中国工商银行股份有限公司,股票型ETF,主题指数ETF,931992.CSI,968760976.5,26688400,24747273,0.929,0.92726701488287,-0.182658214
2023-04-07,562860.SH,嘉实中证疫苗与生物技术ETF,20230224,中证疫苗与生物技术指数,中证疫苗与生物技术指数收益率,嘉实基金管理有限公司,中国工商银行股份有限公司,股票型ETF,主题指数ETF,931992.CSI,961584025.5,51954200,49423015,0.956,0.95128045470819,-0.094053715
2023-04-10,562860.SH,嘉实中证疫苗与生物技术ETF,20230224,中证疫苗与生物技术指数,中证疫苗与生物技术指数收益率,嘉实基金管理有限公司,中国工商银行股份有限公司,股票型ETF,主题指数ETF,931992.CSI,947163631.0,25406500,24388193,0.955,0.95991943006711,-0.292336605
2023-04-11,562860.SH,嘉实中证疫苗与生物技术ETF,20230224,中证疫苗与生物技术指数,中证疫苗与生物技术指数收益率,嘉实基金管理有限公司,中国工商银行股份有限公司,股票型ETF,主题指数ETF,931992.CSI,944557204.5,18930600,18076312,0.955,0.95487264006423,-0.21941281
2023-04-12,562860.SH,嘉实中证疫苗与生物技术ETF,20230224,中证疫苗与生物技术指数,中证疫苗与生物技术指数收益率,嘉实基金管理有限公司,中国工商银行股份有限公司,股票型ETF,主题指数ETF,931992.CSI,933713950.5,20151800,19189734,0.949,0.9522590537818,-0.30465385
2023-04-13,562860.SH,嘉实中证疫苗与生物技术ETF,20230224,中证疫苗与生物技术指数,中证疫苗与生物技术指数收益率,嘉实基金管理有限公司,中国工商银行股份有限公司,股票型ETF,主题指数ETF,931992.CSI,927071496.0,35168900,33843342,0.963,0.96230880124201,-0.186567164
2023-04-14,562860.SH,嘉实中证疫苗与生物技术ETF,20230224,中证疫苗与生物技术指数,中证疫苗与生物技术指数收益率,嘉实基金管理有限公司,中国工商银行股份有限公司,股票型ETF,主题指数ETF,931992.CSI,924242870.5,26747200,25943678,0.964,0.96995864987737,-0.402934187
2023-04-17,562860.SH,嘉实中证疫苗与生物技术ETF,20230224,中证疫苗与生物技术指数,中证疫苗与生物技术指数收益率,嘉实基金管理有限公司,中国工商银行股份有限公司,股票型ETF,主题指数ETF,931992.CSI,917730634.0,17702600,17108389,0.968,0.96643368770689,-0.123813454
2023-04-18,562860.SH,嘉实中证疫苗与生物技术ETF,20230224,中证疫苗与生物技术指数,中证疫苗与生物技术指数收益率,嘉实基金管理有限公司,中国工商银行股份有限公司,股票型ETF,主题指数ETF,931992.CSI,910155474.0,13220800,12707374,0.96,0.96116528500545,-0.124843945
2023-04-19,562860.SH,嘉实中证疫苗与生物技术ETF,20230224,中证疫苗与生物技术指数,中证疫苗与生物技术指数收益率,嘉实基金管理有限公司,中国工商银行股份有限公司,股票型ETF,主题指数ETF,931992.CSI,896236117.5,13670100,12982359,0.945,0.94969012662673,-0.158478605
2023-04-20,562860.SH,嘉实中证疫苗与生物技术ETF,20230224,中证疫苗与生物技术指数,中证疫苗与生物技术指数收益率,嘉实基金管理有限公司,中国工商银行股份有限公司,股票型ETF,主题指数ETF,931992.CSI,880707039.5,12210400,11386168,0.93,0.93249754307803,-0.010751532
2023-04-21,562860.SH,嘉实中证疫苗与生物技术ETF,20230224,中证疫苗与生物技术指数,中证疫苗与生物技术指数收益率,嘉实基金管理有限公司,中国工商银行股份有限公司,股票型ETF,主题指数ETF,931992.CSI,877051539.0,16204800,15124477,0.927,0.933333148203,-0.129282482
2023-04-24,562860.SH,嘉实中证疫苗与生物技术ETF,20230224,中证疫苗与生物技术指数,中证疫苗与生物技术指数收益率,嘉实基金管理有限公司,中国工商银行股份有限公司,股票型ETF,主题指数ETF,931992.CSI,875728686.0,12010500,11174446,0.926,0.93038974230881,-0.086318515
2023-04-25,562860.SH,嘉实中证疫苗与生物技术ETF,20230224,中证疫苗与生物技术指数,中证疫苗与生物技术指数收益率,嘉实基金管理有限公司,中国工商银行股份有限公司,股票型ETF,主题指数ETF,931992.CSI,849838563.0,21135400,19084886,0.896,0.90298201122288,-0.378029798
2023-04-26,562860.SH,嘉实中证疫苗与生物技术ETF,20230224,中证疫苗与生物技术指数,中证疫苗与生物技术指数收益率,嘉实基金管理有限公司,中国工商银行股份有限公司,股票型ETF,主题指数ETF,931992.CSI,851886333.0,13919842,12608056,0.903,0.90576143033807,-0.265076209
2023-04-27,562860.SH,嘉实中证疫苗与生物技术ETF,20230224,中证疫苗与生物技术指数,中证疫苗与生物技术指数收益率,嘉实基金管理有限公司,中国工商银行股份有限公司,股票型ETF,主题指数ETF,931992.CSI,858150030.0,10714306,9735483,0.911,0.90864335963524,-0.328227571
2023-04-28,562860.SH,嘉实中证疫苗与生物技术ETF,20230224,中证疫苗与生物技术指数,中证疫苗与生物技术指数收益率,嘉实基金管理有限公司,中国工商银行股份有限公司,股票型ETF,主题指数ETF,931992.CSI,859182814.5,10325900,9417961,0.913,0.91207168382417,-0.229483117
2023-05-04,562860.SH,嘉实中证疫苗与生物技术ETF,20230224,中证疫苗与生物技术指数,中证疫苗与生物技术指数收益率,嘉实基金管理有限公司,中国工商银行股份有限公司,股票型ETF,主题指数ETF,931992.CSI,857774472.0,8231300,7510343,0.911,0.91241274160825,-0.284588441
2023-05-05,562860.SH,嘉实中证疫苗与生物技术ETF,20230224,中证疫苗与生物技术指数,中证疫苗与生物技术指数收益率,嘉实基金管理有限公司,中国工商银行股份有限公司,股票型ETF,主题指数ETF,931992.CSI,837869898.0,13682300,12239236,0.891,0.89453059792579,-0.156880323
2023-05-08,562860.SH,嘉实中证疫苗与生物技术ETF,20230224,中证疫苗与生物技术指数,中证疫苗与生物技术指数收益率,嘉实基金管理有限公司,中国工商银行股份有限公司,股票型ETF,主题指数ETF,931992.CSI,831119554.5,14560300,12871694,0.887,0.88402670274651,-0.011272686
2023-05-09,562860.SH,嘉实中证疫苗与生物技术ETF,20230224,中证疫苗与生物技术指数,中证疫苗与生物技术指数收益率,嘉实基金管理有限公司,中国工商银行股份有限公司,股票型ETF,主题指数ETF,931992.CSI,815941855.5,11221600,9836937,0.87,0.87660734654595,-0.103341371
2023-05-10,562860.SH,嘉实中证疫苗与生物技术ETF,20230224,中证疫苗与生物技术指数,中证疫苗与生物技术指数收益率,嘉实基金管理有限公司,中国工商银行股份有限公司,股票型ETF,主题指数ETF,931992.CSI,812364966.0,15056084,13060576,0.87,0.86746168525627,-0.091869545
2023-05-11,562860.SH,嘉实中证疫苗与生物技术ETF,20230224,中证疫苗与生物技术指数,中证疫苗与生物技术指数收益率,嘉实基金管理有限公司,中国工商银行股份有限公司,股票型ETF,主题指数ETF,931992.CSI,812178387.0,10535239,9230707,0.87,0.87617442755689,-0.068917988
2023-05-12,562860.SH,嘉实中证疫苗与生物技术ETF,20230224,中证疫苗与生物技术指数,中证疫苗与生物技术指数收益率,嘉实基金管理有限公司,中国工商银行股份有限公司,股票型ETF,主题指数ETF,931992.CSI,806095081.0,13545600,11799353,0.866,0.87108382057642,-0.207421065
2023-05-15,562860.SH,嘉实中证疫苗与生物技术ETF,20230224,中证疫苗与生物技术指数,中证疫苗与生物技术指数收益率,嘉实基金管理有限公司,中国工商银行股份有限公司,股票型ETF,主题指数ETF,931992.CSI,815105362.5,16578600,14352278,0.876,0.86571109743887,-0.170940171
2023-05-16,562860.SH,嘉实中证疫苗与生物技术ETF,20230224,中证疫苗与生物技术指数,中证疫苗与生物技术指数收益率,嘉实基金管理有限公司,中国工商银行股份有限公司,股票型ETF,主题指数ETF,931992.CSI,819842727.0,18165661,15988835,0.882,0.8801680819652,-0.067980965
2023-05-17,562860.SH,嘉实中证疫苗与生物技术ETF,20230224,中证疫苗与生物技术指数,中证疫苗与生物技术指数收益率,嘉实基金管理有限公司,中国工商银行股份有限公司,股票型ETF,主题指数ETF,931992.CSI,815384031.0,9028600,7905864,0.876,0.87564672263695,-0.2050581
2023-05-18,562860.SH,嘉实中证疫苗与生物技术ETF,20230224,中证疫苗与生物技术指数,中证疫苗与生物技术指数收益率,嘉实基金管理有限公司,中国工商银行股份有限公司,股票型ETF,主题指数ETF,931992.CSI,804701738.5,15223400,13233390,0.863,0.86927953019693,-0.380930394
2023-05-19,562860.SH,嘉实中证疫苗与生物技术ETF,20230224,中证疫苗与生物技术指数,中证疫苗与生物技术指数收益率,嘉实基金管理有限公司,中国工商银行股份有限公司,股票型ETF,主题指数ETF,931992.CSI,801735887.5,15831800,13750223,0.87,0.86851924607436,-0.286532951
2023-05-22,562860.SH,嘉实中证疫苗与生物技术ETF,20230224,中证疫苗与生物技术指数,中证疫苗与生物技术指数收益率,嘉实基金管理有限公司,中国工商银行股份有限公司,股票型ETF,主题指数ETF,931992.CSI,800585615.5,13738500,12018544,0.877,0.87480758452524,-0.216179315
2023-05-23,562860.SH,嘉实中证疫苗与生物技术ETF,20230224,中证疫苗与生物技术指数,中证疫苗与生物技术指数收益率,嘉实基金管理有限公司,中国工商银行股份有限公司,股票型ETF,主题指数ETF,931992.CSI,803003823.0,21439700,19093745,0.892,0.89057892601109,0.518368267
2023-05-24,562860.SH,嘉实中证疫苗与生物技术ETF,20230224,中证疫苗与生物技术指数,中证疫苗与生物技术指数收益率,嘉实基金管理有限公司,中国工商银行股份有限公司,股票型ETF,主题指数ETF,931992.CSI,783297103.0,20808600,18175974,0.871,0.87348375191027,-0.045903144
2023-05-25,562860.SH,嘉实中证疫苗与生物技术ETF,20230224,中证疫苗与生物技术指数,中证疫苗与生物技术指数收益率,嘉实基金管理有限公司,中国工商银行股份有限公司,股票型ETF,主题指数ETF,931992.CSI,777813843.5,16929400,14628215,0.865,0.86407167412903,-0.034670057
2023-05-26,562860.SH,嘉实中证疫苗与生物技术ETF,20230224,中证疫苗与生物技术指数,中证疫苗与生物技术指数收益率,嘉实基金管理有限公司,中国工商银行股份有限公司,股票型ETF,主题指数ETF,931992.CSI,777038619.0,17419600,15134352,0.869,0.86881168339112,-0.366888328
2023-05-29,562860.SH,嘉实中证疫苗与生物技术ETF,20230224,中证疫苗与生物技术指数,中证疫苗与生物技术指数收益率,嘉实基金管理有限公司,中国工商银行股份有限公司,股票型ETF,主题指数ETF,931992.CSI,764498780.5,23666900,20499749,0.864,0.86617803768132,-0.219424876
2023-05-30,562860.SH,嘉实中证疫苗与生物技术ETF,20230224,中证疫苗与生物技术指数,中证疫苗与生物技术指数收益率,嘉实基金管理有限公司,中国工商银行股份有限公司,股票型ETF,主题指数ETF,931992.CSI,757700489.0,14023200,12045227,0.857,0.85894995436134,-0.139827546
2023-05-31,562860.SH,嘉实中证疫苗与生物技术ETF,20230224,中证疫苗与生物技术指数,中证疫苗与生物技术指数收益率,嘉实基金管理有限公司,中国工商银行股份有限公司,股票型ETF,主题指数ETF,931992.CSI,748291203.0,18361700,15689689,0.848,0.85447910596513,-0.39934226
2023-06-01,562860.SH,嘉实中证疫苗与生物技术ETF,20230224,中证疫苗与生物技术指数,中证疫苗与生物技术指数收益率,嘉实基金管理有限公司,中国工商银行股份有限公司,股票型ETF,主题指数ETF,931992.CSI,745799197.5,14721200,12548543,0.85,0.85241305056653,-0.058788948
2023-06-02,562860.SH,嘉实中证疫苗与生物技术ETF,20230224,中证疫苗与生物技术指数,中证疫苗与生物技术指数收益率,嘉实基金管理有限公司,中国工商银行股份有限公司,股票型ETF,主题指数ETF,931992.CSI,748079124.5,21831600,18580373,0.851,0.85107701680133,-0.24616106
2023-06-05,562860.SH,嘉实中证疫苗与生物技术ETF,20230224,中证疫苗与生物技术指数,中证疫苗与生物技术指数收益率,嘉实基金管理有限公司,中国工商银行股份有限公司,股票型ETF,主题指数ETF,931992.CSI,737448995.5,19004330,16034377,0.841,0.84372229907605,-0.225412267
2023-06-06,562860.SH,嘉实中证疫苗与生物技术ETF,20230224,中证疫苗与生物技术指数,中证疫苗与生物技术指数收益率,嘉实基金管理有限公司,中国工商银行股份有限公司,股票型ETF,主题指数ETF,931992.CSI,715266063.5,19831900,16468788,0.822,0.8304190723027,0.085230732
2023-06-07,562860.SH,嘉实中证疫苗与生物技术ETF,20230224,中证疫苗与生物技术指数,中证疫苗与生物技术指数收益率,嘉实基金管理有限公司,中国工商银行股份有限公司,股票型ETF,主题指数ETF,931992.CSI,701256866.0,26774000,21835366,0.811,0.81554366176141,0.024666996
2023-06-08,562860.SH,嘉实中证疫苗与生物技术ETF,20230224,中证疫苗与生物技术指数,中证疫苗与生物技术指数收益率,嘉实基金管理有限公司,中国工商银行股份有限公司,股票型ETF,主题指数ETF,931992.CSI,693342621.0,27571300,22125042,0.798,0.80246640528376,-0.225056264
2023-06-09,562860.SH,嘉实中证疫苗与生物技术ETF,20230224,中证疫苗与生物技术指数,中证疫苗与生物技术指数收益率,嘉实基金管理有限公司,中国工商银行股份有限公司,股票型ETF,主题指数ETF,931992.CSI,703851551.0,26018700,20973795,0.81,0.806104647811,-0.466945195
2023-06-12,562860.SH,嘉实中证疫苗与生物技术ETF,20230224,中证疫苗与生物技术指数,中证疫苗与生物技术指数收益率,嘉实基金管理有限公司,中国工商银行股份有限公司,股票型ETF,主题指数ETF,931992.CSI,701887693.5,18203700,14754401,0.814,0.81051659827398,-0.159450509
2023-06-13,562860.SH,嘉实中证疫苗与生物技术ETF,20230224,中证疫苗与生物技术指数,中证疫苗与生物技术指数收益率,嘉实基金管理有限公司,中国工商银行股份有限公司,股票型ETF,主题指数ETF,931992.CSI,696119697.0,15609800,12648732,0.808,0.81030711476124,-0.074202325
2023-06-14,562860.SH,嘉实中证疫苗与生物技术ETF,20230224,中证疫苗与生物技术指数,中证疫苗与生物技术指数收益率,嘉实基金管理有限公司,中国工商银行股份有限公司,股票型ETF,主题指数ETF,931992.CSI,688446943.5,14327500,11556675,0.805,0.80660792182865,-0.037253198
2023-06-15,562860.SH,嘉实中证疫苗与生物技术ETF,20230224,中证疫苗与生物技术指数,中证疫苗与生物技术指数收益率,嘉实基金管理有限公司,中国工商银行股份有限公司,股票型ETF,主题指数ETF,931992.CSI,691522366.5,22163500,17910931,0.812,0.8081273715794,-0.086132644
2023-06-16,562860.SH,嘉实中证疫苗与生物技术ETF,20230224,中证疫苗与生物技术指数,中证疫苗与生物技术指数收益率,嘉实基金管理有限公司,中国工商银行股份有限公司,股票型ETF,主题指数ETF,931992.CSI,690219425.0,20885800,16962891,0.813,0.81217339053328,-0.245398773
2023-06-19,562860.SH,嘉实中证疫苗与生物技术ETF,20230224,中证疫苗与生物技术指数,中证疫苗与生物技术指数收益率,嘉实基金管理有限公司,中国工商银行股份有限公司,股票型ETF,主题指数ETF,931992.CSI,681686077.0,19416900,15786336,0.812,0.81302041005516,-0.073837066
2023-06-20,562860.SH,嘉实中证疫苗与生物技术ETF,20230224,中证疫苗与生物技术指数,中证疫苗与生物技术指数收益率,嘉实基金管理有限公司,中国工商银行股份有限公司,股票型ETF,主题指数ETF,931992.CSI,676904375.5,16219000,13110371,0.807,0.80833411431038,0.012393109
2023-06-21,562860.SH,嘉实中证疫苗与生物技术ETF,20230224,中证疫苗与生物技术指数,中证疫苗与生物技术指数收益率,嘉实基金管理有限公司,中国工商银行股份有限公司,股票型ETF,主题指数ETF,931992.CSI,664237061.0,19118652,15270473,0.793,0.79872121737453,0.151553423
2023-06-26,562860.SH,嘉实中证疫苗与生物技术ETF,20230224,中证疫苗与生物技术指数,中证疫苗与生物技术指数收益率,嘉实基金管理有限公司,中国工商银行股份有限公司,股票型ETF,主题指数ETF,931992.CSI,657715780.5,19308000,15183621,0.785,0.78639014916097,-0.114518387
2023-06-27,562860.SH,嘉实中证疫苗与生物技术ETF,20230224,中证疫苗与生物技术指数,中证疫苗与生物技术指数收益率,嘉实基金管理有限公司,中国工商银行股份有限公司,股票型ETF,主题指数ETF,931992.CSI,662238714.0,16023600,12694810,0.792,0.79225704585736,-0.15128593
2023-06-28,562860.SH,嘉实中证疫苗与生物技术ETF,20230224,中证疫苗与生物技术指数,中证疫苗与生物技术指数收益率,嘉实基金管理有限公司,中国工商银行股份有限公司,股票型ETF,主题指数ETF,931992.CSI,656988676.5,19174900,15096416,0.79,0.78730089857053,-0.088529151
2023-06-29,562860.SH,嘉实中证疫苗与生物技术ETF,20230224,中证疫苗与生物技术指数,中证疫苗与生物技术指数收益率,嘉实基金管理有限公司,中国工商银行股份有限公司,股票型ETF,主题指数ETF,931992.CSI,655158608.0,17080500,13547181,0.79,0.79313726178976,-0.050607287
2023-06-30,562860.SH,嘉实中证疫苗与生物技术ETF,20230224,中证疫苗与生物技术指数,中证疫苗与生物技术指数收益率,嘉实基金管理有限公司,中国工商银行股份有限公司,股票型ETF,主题指数ETF,931992.CSI,662839004.7456,22402790,17928724,0.803,0.80028978533477,0.174650699
2023-07-03,562860.SH,嘉实中证疫苗与生物技术ETF,20230224,中证疫苗与生物技术指数,中证疫苗与生物技术指数收益率,嘉实基金管理有限公司,中国工商银行股份有限公司,股票型ETF,主题指数ETF,931992.CSI,663664817.5,18341800,14742715,0.805,0.80377689212618,-0.185988841
2023-07-04,562860.SH,嘉实中证疫苗与生物技术ETF,20230224,中证疫苗与生物技术指数,中证疫苗与生物技术指数收益率,嘉实基金管理有限公司,中国工商银行股份有限公司,股票型ETF,主题指数ETF,931992.CSI,667551814.0,21028610,16940614,0.81,0.80559837288342,-0.393507132
2023-07-05,562860.SH,嘉实中证疫苗与生物技术ETF,20230224,中证疫苗与生物技术指数,中证疫苗与生物技术指数收益率,嘉实基金管理有限公司,中国工商银行股份有限公司,股票型ETF,主题指数ETF,931992.CSI,658499059.5,13688500,11035847,0.804,0.80621302553238,-0.260513584
2023-07-06,562860.SH,嘉实中证疫苗与生物技术ETF,20230224,中证疫苗与生物技术指数,中证疫苗与生物技术指数收益率,嘉实基金管理有限公司,中国工商银行股份有限公司,股票型ETF,主题指数ETF,931992.CSI,647634356.0,16056800,12783634,0.79,0.79615078969658,-0.353178607
2023-07-07,562860.SH,嘉实中证疫苗与生物技术ETF,20230224,中证疫苗与生物技术指数,中证疫苗与生物技术指数收益率,嘉实基金管理有限公司,中国工商银行股份有限公司,股票型ETF,主题指数ETF,931992.CSI,642137260.0,9670500,7630155,0.787,0.78901349464867,-0.126903553
2023-07-10,562860.SH,嘉实中证疫苗与生物技术ETF,20230224,中证疫苗与生物技术指数,中证疫苗与生物技术指数收益率,嘉实基金管理有限公司,中国工商银行股份有限公司,股票型ETF,主题指数ETF,931992.CSI,647824015.5,19088800,15257553,0.799,0.79929346003939,0.012517211
2023-07-11,562860.SH,嘉实中证疫苗与生物技术ETF,20230224,中证疫苗与生物技术指数,中证疫苗与生物技术指数收益率,嘉实基金管理有限公司,中国工商银行股份有限公司,股票型ETF,主题指数ETF,931992.CSI,653094833.0,9996200,8010363,0.804,0.80134080950761,-0.17382667
2023-07-12,562860.SH,嘉实中证疫苗与生物技术ETF,20230224,中证疫苗与生物技术指数,中证疫苗与生物技术指数收益率,嘉实基金管理有限公司,中国工商银行股份有限公司,股票型ETF,主题指数ETF,931992.CSI,646064436.5,17816000,14308406,0.797,0.80312112707678,-0.212845875
2023-07-13,562860.SH,嘉实中证疫苗与生物技术ETF,20230224,中证疫苗与生物技术指数,中证疫苗与生物技术指数收益率,嘉实基金管理有限公司,中国工商银行股份有限公司,股票型ETF,主题指数ETF,931992.CSI,648724950.0,18257800,14735776,0.808,0.80709483070249,-0.24691358
2023-07-14,562860.SH,嘉实中证疫苗与生物技术ETF,20230224,中证疫苗与生物技术指数,中证疫苗与生物技术指数收益率,嘉实基金管理有限公司,中国工商银行股份有限公司,股票型ETF,主题指数ETF,931992.CSI,642311580.0,12163400,9769950,0.803,0.80322524951905,-0.124378109
2023-07-17,562860.SH,嘉实中证疫苗与生物技术ETF,20230224,中证疫苗与生物技术指数,中证疫苗与生物技术指数收益率,嘉实基金管理有限公司,中国工商银行股份有限公司,股票型ETF,主题指数ETF,931992.CSI,636479646.5,18600600,14799295,0.795,0.79563535584874,-0.213380193
2023-07-18,562860.SH,嘉实中证疫苗与生物技术ETF,20230224,中证疫苗与生物技术指数,中证疫苗与生物技术指数收益率,嘉实基金管理有限公司,中国工商银行股份有限公司,股票型ETF,主题指数ETF,931992.CSI,637917657.5,12604900,10037398,0.797,0.7963092130838,-0.187852223
2023-07-19,562860.SH,嘉实中证疫苗与生物技术ETF,20230224,中证疫苗与生物技术指数,中证疫苗与生物技术指数收益率,嘉实基金管理有限公司,中国工商银行股份有限公司,股票型ETF,主题指数ETF,931992.CSI,634242740.5,9123100,7237748,0.793,0.79334305225198,-0.113364404
2023-07-20,562860.SH,嘉实中证疫苗与生物技术ETF,20230224,中证疫苗与生物技术指数,中证疫苗与生物技术指数收益率,嘉实基金管理有限公司,中国工商银行股份有限公司,股票型ETF,主题指数ETF,931992.CSI,629129812.5,12038600,9543081,0.788,0.79270687621484,0.063492063
2023-07-21,562860.SH,嘉实中证疫苗与生物技术ETF,20230224,中证疫苗与生物技术指数,中证疫苗与生物技术指数收益率,嘉实基金管理有限公司,中国工商银行股份有限公司,股票型ETF,主题指数ETF,931992.CSI,634429359.0,32139236,25862321,0.801,0.80469619750762,-0.397910967
2023-07-24,562860.SH,嘉实中证疫苗与生物技术ETF,20230224,中证疫苗与生物技术指数,中证疫苗与生物技术指数收益率,嘉实基金管理有限公司,中国工商银行股份有限公司,股票型ETF,主题指数ETF,931992.CSI,634901565.5,21660140,17500000,0.807,0.80793568277952,-0.234886883
2023-07-25,562860.SH,嘉实中证疫苗与生物技术ETF,20230224,中证疫苗与生物技术指数,中证疫苗与生物技术指数收益率,嘉实基金管理有限公司,中国工商银行股份有限公司,股票型ETF,主题指数ETF,931992.CSI,638669061.5,17482300,14154174,0.812,0.80962882458258,-0.208922207
2023-07-26,562860.SH,嘉实中证疫苗与生物技术ETF,20230224,中证疫苗与生物技术指数,中证疫苗与生物技术指数收益率,嘉实基金管理有限公司,中国工商银行股份有限公司,股票型ETF,主题指数ETF,931992.CSI,644159862.0,44723800,37105775,0.835,0.8296650776544,-0.071804691
2023-07-27,562860.SH,嘉实中证疫苗与生物技术ETF,20230224,中证疫苗与生物技术指数,中证疫苗与生物技术指数收益率,嘉实基金管理有限公司,中国工商银行股份有限公司,股票型ETF,主题指数ETF,931992.CSI,643885042.0,24328700,20351824,0.839,0.8365356143156,-0.071462601
2023-07-28,562860.SH,嘉实中证疫苗与生物技术ETF,20230224,中证疫苗与生物技术指数,中证疫苗与生物技术指数收益率,嘉实基金管理有限公司,中国工商银行股份有限公司,股票型ETF,主题指数ETF,931992.CSI,650633718.0,17419200,14640173,0.848,0.8404618466979,-0.047147572
2023-07-31,562860.SH,嘉实中证疫苗与生物技术ETF,20230224,中证疫苗与生物技术指数,中证疫苗与生物技术指数收益率,嘉实基金管理有限公司,中国工商银行股份有限公司,股票型ETF,主题指数ETF,931992.CSI,630173239.0,31455600,26225334,0.83,0.83372544157479,0.217338807
2023-08-01,562860.SH,嘉实中证疫苗与生物技术ETF,20230224,中证疫苗与生物技术指数,中证疫苗与生物技术指数收益率,嘉实基金管理有限公司,中国工商银行股份有限公司,股票型ETF,主题指数ETF,931992.CSI,626254923.0,16273400,13508044,0.828,0.83006894687035,0.072516316
2023-08-02,562860.SH,嘉实中证疫苗与生物技术ETF,20230224,中证疫苗与生物技术指数,中证疫苗与生物技术指数收益率,嘉实基金管理有限公司,中国工商银行股份有限公司,股票型ETF,主题指数ETF,931992.CSI,617314113.5,16468200,13465145,0.813,0.81764521927108,0.209540244
2023-08-03,562860.SH,嘉实中证疫苗与生物技术ETF,20230224,中证疫苗与生物技术指数,中证疫苗与生物技术指数收益率,嘉实基金管理有限公司,中国工商银行股份有限公司,股票型ETF,主题指数ETF,931992.CSI,626489374.0,16403800,13369638,0.821,0.81503298016313,-0.024354603
2023-08-04,562860.SH,嘉实中证疫苗与生物技术ETF,20230224,中证疫苗与生物技术指数,中证疫苗与生物技术指数收益率,嘉实基金管理有限公司,中国工商银行股份有限公司,股票型ETF,主题指数ETF,931992.CSI,622064583.0,12762900,10445307,0.816,0.81841172460804,0.073583517
2023-08-07,562860.SH,嘉实中证疫苗与生物技术ETF,20230224,中证疫苗与生物技术指数,中证疫苗与生物技术指数收益率,嘉实基金管理有限公司,中国工商银行股份有限公司,股票型ETF,主题指数ETF,931992.CSI,609041260.0,23585100,18744306,0.79,0.79475202564331,0.253807107
2023-08-08,562860.SH,嘉实中证疫苗与生物技术ETF,20230224,中证疫苗与生物技术指数,中证疫苗与生物技术指数收益率,嘉实基金管理有限公司,中国工商银行股份有限公司,股票型ETF,主题指数ETF,931992.CSI,607650049.0,17365400,13609864,0.786,0.78373455261612,-0.02543882
2023-08-09,562860.SH,嘉实中证疫苗与生物技术ETF,20230224,中证疫苗与生物技术指数,中证疫苗与生物技术指数收益率,嘉实基金管理有限公司,中国工商银行股份有限公司,股票型ETF,主题指数ETF,931992.CSI,617733922.5,33903104,27102585,0.805,0.79941308618821,-0.062073246
2023-08-10,562860.SH,嘉实中证疫苗与生物技术ETF,20230224,中证疫苗与生物技术指数,中证疫苗与生物技术指数收益率,嘉实基金管理有限公司,中国工商银行股份有限公司,股票型ETF,主题指数ETF,931992.CSI,619652480.5,14362504,11514631,0.805,0.80171472885229,-0.111676387
2023-08-11,562860.SH,嘉实中证疫苗与生物技术ETF,20230224,中证疫苗与生物技术指数,中证疫苗与生物技术指数收益率,嘉实基金管理有限公司,中国工商银行股份有限公司,股票型ETF,主题指数ETF,931992.CSI,611502193.5,14527600,11658529,0.794,0.80250894848426,-0.163460329
2023-08-14,562860.SH,嘉实中证疫苗与生物技术ETF,20230224,中证疫苗与生物技术指数,中证疫苗与生物技术指数收益率,嘉实基金管理有限公司,中国工商银行股份有限公司,股票型ETF,主题指数ETF,931992.CSI,608734171.5,11798289,9270434,0.792,0.78574393287027,0.037893141
2023-08-15,562860.SH,嘉实中证疫苗与生物技术ETF,20230224,中证疫苗与生物技术指数,中证疫苗与生物技术指数收益率,嘉实基金管理有限公司,中国工商银行股份有限公司,股票型ETF,主题指数ETF,931992.CSI,606504376.0,13636400,10681838,0.788,0.78333269777947,-0.101419878
2023-08-16,562860.SH,嘉实中证疫苗与生物技术ETF,20230224,中证疫苗与生物技术指数,中证疫苗与生物技术指数收益率,嘉实基金管理有限公司,中国工商银行股份有限公司,股票型ETF,主题指数ETF,931992.CSI,606504376.0,14683500,11665615,0.789,0.79447100486941,0.02535497
2023-08-17,562860.SH,嘉实中证疫苗与生物技术ETF,20230224,中证疫苗与生物技术指数,中证疫苗与生物技术指数收益率,嘉实基金管理有限公司,中国工商银行股份有限公司,股票型ETF,主题指数ETF,931992.CSI,608426613.5,10985400,8621102,0.79,0.78477816010341,-0.164286617
2023-08-18,562860.SH,嘉实中证疫苗与生物技术ETF,20230224,中证疫苗与生物技术指数,中证疫苗与生物技术指数收益率,嘉实基金管理有限公司,中国工商银行股份有限公司,股票型ETF,主题指数ETF,931992.CSI,597431415.0,12053800,9453262,0.778,0.78425575337238,0.128700129
2023-08-21,562860.SH,嘉实中证疫苗与生物技术ETF,20230224,中证疫苗与生物技术指数,中证疫苗与生物技术指数收益率,嘉实基金管理有限公司,中国工商银行股份有限公司,股票型ETF,主题指数ETF,931992.CSI,594202056.0,14289300,11088136,0.773,0.77597475033767,0.025879917
2023-08-22,562860.SH,嘉实中证疫苗与生物技术ETF,20230224,中证疫苗与生物技术指数,中证疫苗与生物技术指数收益率,嘉实基金管理有限公司,中国工商银行股份有限公司,股票型ETF,主题指数ETF,931992.CSI,581976625.5,29304800,22057464,0.754,0.75269116322241,-0.383141762
2023-08-23,562860.SH,嘉实中证疫苗与生物技术ETF,20230224,中证疫苗与生物技术指数,中证疫苗与生物技术指数收益率,嘉实基金管理有限公司,中国工商银行股份有限公司,股票型ETF,主题指数ETF,931992.CSI,569036090.0,12718100,9509518,0.741,0.74771530338651,-0.134770889
2023-08-24,562860.SH,嘉实中证疫苗与生物技术ETF,20230224,中证疫苗与生物技术指数,中证疫苗与生物技术指数收益率,嘉实基金管理有限公司,中国工商银行股份有限公司,股票型ETF,主题指数ETF,931992.CSI,573177323.0,17182391,12740791,0.747,0.7415027978353,-0.053518865
2023-08-25,562860.SH,嘉实中证疫苗与生物技术ETF,20230224,中证疫苗与生物技术指数,中证疫苗与生物技术指数收益率,嘉实基金管理有限公司,中国工商银行股份有限公司,股票型ETF,主题指数ETF,931992.CSI,564434720.0,11426800,8419893,0.735,0.73685485000175,-0.135869565
2023-08-28,562860.SH,嘉实中证疫苗与生物技术ETF,20230224,中证疫苗与生物技术指数,中证疫苗与生物技术指数收益率,嘉实基金管理有限公司,中国工商银行股份有限公司,股票型ETF,主题指数ETF,931992.CSI,564664788.5,13754283,10366952,0.737,0.75372536685482,0.095069944
2023-08-29,562860.SH,嘉实中证疫苗与生物技术ETF,20230224,中证疫苗与生物技术指数,中证疫苗与生物技术指数收益率,嘉实基金管理有限公司,中国工商银行股份有限公司,股票型ETF,主题指数ETF,931992.CSI,585680101.5,16262400,12287284,0.765,0.75556400039355,-0.091419616
2023-08-30,562860.SH,嘉实中证疫苗与生物技术ETF,20230224,中证疫苗与生物技术指数,中证疫苗与生物技术指数收益率,嘉实基金管理有限公司,中国工商银行股份有限公司,股票型ETF,主题指数ETF,931992.CSI,584835307.0,9482300,7266031,0.765,0.76627305611508,-0.208713801
2023-08-31,562860.SH,嘉实中证疫苗与生物技术ETF,20230224,中证疫苗与生物技术指数,中证疫苗与生物技术指数收益率,嘉实基金管理有限公司,中国工商银行股份有限公司,股票型ETF,主题指数ETF,931992.CSI,574710373.5,15926400,12071401,0.76,0.75794912849106,0.092190175
2023-09-01,562860.SH,嘉实中证疫苗与生物技术ETF,20230224,中证疫苗与生物技术指数,中证疫苗与生物技术指数收益率,嘉实基金管理有限公司,中国工商银行股份有限公司,股票型ETF,主题指数ETF,931992.CSI,571228656.5,10603857,8012133,0.753,0.75558667002016,-0.225255068
2023-09-04,562860.SH,嘉实中证疫苗与生物技术ETF,20230224,中证疫苗与生物技术指数,中证疫苗与生物技术指数收益率,嘉实基金管理有限公司,中国工商银行股份有限公司,股票型ETF,主题指数ETF,931992.CSI,572512368.0,12479900,9440453,0.757,0.75645261580622,-0.184599156
2023-09-05,562860.SH,嘉实中证疫苗与生物技术ETF,20230224,中证疫苗与生物技术指数,中证疫苗与生物技术指数收益率,嘉实基金管理有限公司,中国工商银行股份有限公司,股票型ETF,主题指数ETF,931992.CSI,570530021.0,13450700,10181797,0.759,0.75697153308006,-0.105290866
2023-09-06,562860.SH,嘉实中证疫苗与生物技术ETF,20230224,中证疫苗与生物技术指数,中证疫苗与生物技术指数收益率,嘉实基金管理有限公司,中国工商银行股份有限公司,股票型ETF,主题指数ETF,931992.CSI,563543487.5,12586900,9491305,0.753,0.75406215986462,0.066445183
2023-09-07,562860.SH,嘉实中证疫苗与生物技术ETF,20230224,中证疫苗与生物技术指数,中证疫苗与生物技术指数收益率,嘉实基金管理有限公司,中国工商银行股份有限公司,股票型ETF,主题指数ETF,931992.CSI,554046711.0,14089200,10506740,0.741,0.74573006274309,-0.107845781
2023-09-08,562860.SH,嘉实中证疫苗与生物技术ETF,20230224,中证疫苗与生物技术指数,中证疫苗与生物技术指数收益率,嘉实基金管理有限公司,中国工商银行股份有限公司,股票型ETF,主题指数ETF,931992.CSI,555542691.0,12365200,9200168,0.745,0.7440371364798,-0.107267364
2023-09-11,562860.SH,嘉实中证疫苗与生物技术ETF,20230224,中证疫苗与生物技术指数,中证疫苗与生物技术指数收益率,嘉实基金管理有限公司,中国工商银行股份有限公司,股票型ETF,主题指数ETF,931992.CSI,564441890.5,13958700,10633177,0.765,0.76175983436853,0.143997905
2023-09-12,562860.SH,嘉实中证疫苗与生物技术ETF,20230224,中证疫苗与生物技术指数,中证疫苗与生物技术指数收益率,嘉实基金管理有限公司,中国工商银行股份有限公司,股票型ETF,主题指数ETF,931992.CSI,565698012.0,8640200,6595907,0.764,0.76339749079882,-0.208986416
2023-09-13,562860.SH,嘉实中证疫苗与生物技术ETF,20230224,中证疫苗与生物技术指数,中证疫苗与生物技术指数收益率,嘉实基金管理有限公司,中国工商银行股份有限公司,股票型ETF,主题指数ETF,931992.CSI,561781868.5,8500800,6457970,0.76,0.75968967626576,-0.039458109
2023-09-14,562860.SH,嘉实中证疫苗与生物技术ETF,20230224,中证疫苗与生物技术指数,中证疫苗与生物技术指数收益率,嘉实基金管理有限公司,中国工商银行股份有限公司,股票型ETF,主题指数ETF,931992.CSI,558752399.0,10550057,7953091,0.754,0.75384341525359,-0.290928326
2023-09-15,562860.SH,嘉实中证疫苗与生物技术ETF,20230224,中证疫苗与生物技术指数,中证疫苗与生物技术指数收益率,嘉实基金管理有限公司,中国工商银行股份有限公司,股票型ETF,主题指数ETF,931992.CSI,565714291.5,15597900,11911108,0.766,0.76363536117041,-0.221440667
2023-09-18,562860.SH,嘉实中证疫苗与生物技术ETF,20230224,中证疫苗与生物技术指数,中证疫苗与生物技术指数收益率,嘉实基金管理有限公司,中国工商银行股份有限公司,股票型ETF,主题指数ETF,931992.CSI,570171189.5,18682800,14507776,0.78,0.77653114094247,-0.012818869
2023-09-19,562860.SH,嘉实中证疫苗与生物技术ETF,20230224,中证疫苗与生物技术指数,中证疫苗与生物技术指数收益率,嘉实基金管理有限公司,中国工商银行股份有限公司,股票型ETF,主题指数ETF,931992.CSI,567050789.5,10517500,8187782,0.781,0.77849127644402,0.115369824
2023-09-20,562860.SH,嘉实中证疫苗与生物技术ETF,20230224,中证疫苗与生物技术指数,中证疫苗与生物技术指数收益率,嘉实基金管理有限公司,中国工商银行股份有限公司,股票型ETF,主题指数ETF,931992.CSI,565233552.0,9977200,7754167,0.777,0.77718869021369,-0.077160494
2023-09-21,562860.SH,嘉实中证疫苗与生物技术ETF,20230224,中证疫苗与生物技术指数,中证疫苗与生物技术指数收益率,嘉实基金管理有限公司,中国工商银行股份有限公司,股票型ETF,主题指数ETF,931992.CSI,556864339.0,9813900,7567615,0.767,0.771111892316,-0.15620932
2023-09-22,562860.SH,嘉实中证疫苗与生物技术ETF,20230224,中证疫苗与生物技术指数,中证疫苗与生物技术指数收益率,嘉实基金管理有限公司,中国工商银行股份有限公司,股票型ETF,主题指数ETF,931992.CSI,566142995.0,9535900,7349641,0.779,0.7707338583668,-0.256081946
2023-09-25,562860.SH,嘉实中证疫苗与生物技术ETF,20230224,中证疫苗与生物技术指数,中证疫苗与生物技术指数收益率,嘉实基金管理有限公司,中国工商银行股份有限公司,股票型ETF,主题指数ETF,931992.CSI,566920597.0,17756300,13926272,0.788,0.78430033283961,-0.0760842
2023-09-26,562860.SH,嘉实中证疫苗与生物技术ETF,20230224,中证疫苗与生物技术指数,中证疫苗与生物技术指数收益率,嘉实基金管理有限公司,中国工商银行股份有限公司,股票型ETF,主题指数ETF,931992.CSI,562607227.0,9573000,7517025,0.781,0.78523190222501,-0.204446716
2023-09-27,562860.SH,嘉实中证疫苗与生物技术ETF,20230224,中证疫苗与生物技术指数,中证疫苗与生物技术指数收益率,嘉实基金管理有限公司,中国工商银行股份有限公司,股票型ETF,主题指数ETF,931992.CSI,567720747.0,15961800,12675164,0.797,0.794093648586,-0.200350614
2023-09-28,562860.SH,嘉实中证疫苗与生物技术ETF,20230224,中证疫苗与生物技术指数,中证疫苗与生物技术指数收益率,嘉实基金管理有限公司,中国工商银行股份有限公司,股票型ETF,主题指数ETF,931992.CSI,564521719.5,11426700,9090319,0.792,0.7955331810584,-0.264450321
2023-10-09,562860.SH,嘉实中证疫苗与生物技术ETF,20230224,中证疫苗与生物技术指数,中证疫苗与生物技术指数收益率,嘉实基金管理有限公司,中国工商银行股份有限公司,股票型ETF,主题指数ETF,931992.CSI,569767558.5,34081700,27774069,0.824,0.81492616272076,0.206737201
2023-10-10,562860.SH,嘉实中证疫苗与生物技术ETF,20230224,中证疫苗与生物技术指数,中证疫苗与生物技术指数收益率,嘉实基金管理有限公司,中国工商银行股份有限公司,股票型ETF,主题指数ETF,931992.CSI,557552265.0,18837100,15270584,0.807,0.81066533595936,0
2023-10-11,562860.SH,嘉实中证疫苗与生物技术ETF,20230224,中证疫苗与生物技术指数,中证疫苗与生物技术指数收益率,嘉实基金管理有限公司,中国工商银行股份有限公司,股票型ETF,主题指数ETF,931992.CSI,559491421.5,23024600,18974897,0.823,0.82411407798615,0.158208592
2023-10-12,562860.SH,嘉实中证疫苗与生物技术ETF,20230224,中证疫苗与生物技术指数,中证疫苗与生物技术指数收益率,嘉实基金管理有限公司,中国工商银行股份有限公司,股票型ETF,主题指数ETF,931992.CSI,560469060.0,16752611,13835643,0.828,0.82587979867735,0
2023-10-13,562860.SH,嘉实中证疫苗与生物技术ETF,20230224,中证疫苗与生物技术指数,中证疫苗与生物技术指数收益率,嘉实基金管理有限公司,中国工商银行股份有限公司,股票型ETF,主题指数ETF,931992.CSI,559487955.0,14049100,11627722,0.828,0.8276488885409,-0.120627262
2023-10-16,562860.SH,嘉实中证疫苗与生物技术ETF,20230224,中证疫苗与生物技术指数,中证疫苗与生物技术指数收益率,嘉实基金管理有限公司,中国工商银行股份有限公司,股票型ETF,主题指数ETF,931992.CSI,552064110.0,12853500,10589792,0.817,0.82388392266698,-0.122249389
2023-10-17,562860.SH,嘉实中证疫苗与生物技术ETF,20230224,中证疫苗与生物技术指数,中证疫苗与生物技术指数收益率,嘉实基金管理有限公司,中国工商银行股份有限公司,股票型ETF,主题指数ETF,931992.CSI,548140267.0,18197100,14728709,0.813,0.80939869539652,-0.196415419
2023-10-18,562860.SH,嘉实中证疫苗与生物技术ETF,20230224,中证疫苗与生物技术指数,中证疫苗与生物技术指数收益率,嘉实基金管理有限公司,中国工商银行股份有限公司,股票型ETF,主题指数ETF,931992.CSI,539594500.5,11251600,9051018,0.8,0.8044205268584,-0.236937274
2023-10-19,562860.SH,嘉实中证疫苗与生物技术ETF,20230224,中证疫苗与生物技术指数,中证疫苗与生物技术指数收益率,嘉实基金管理有限公司,中国工商银行股份有限公司,股票型ETF,主题指数ETF,931992.CSI,532058076.5,12520100,9941859,0.789,0.79407185246124,-0.214999368
2023-10-20,562860.SH,嘉实中证疫苗与生物技术ETF,20230224,中证疫苗与生物技术指数,中证疫苗与生物技术指数收益率,嘉实基金管理有限公司,中国工商银行股份有限公司,股票型ETF,主题指数ETF,931992.CSI,520815788.5,15320900,11981725,0.774,0.78205098917165,-0.296277212
2023-10-23,562860.SH,嘉实中证疫苗与生物技术ETF,20230224,中证疫苗与生物技术指数,中证疫苗与生物技术指数收益率,嘉实基金管理有限公司,中国工商银行股份有限公司,股票型ETF,主题指数ETF,931992.CSI,517998029.5,11243100,8693716,0.772,0.77324901495139,-0.01295169
2023-10-24,562860.SH,嘉实中证疫苗与生物技术ETF,20230224,中证疫苗与生物技术指数,中证疫苗与生物技术指数收益率,嘉实基金管理有限公司,中国工商银行股份有限公司,股票型ETF,主题指数ETF,931992.CSI,527189291.0,12715100,9852704,0.784,0.77488214799726,-0.22906592
2023-10-25,562860.SH,嘉实中证疫苗与生物技术ETF,20230224,中证疫苗与生物技术指数,中证疫苗与生物技术指数收益率,嘉实基金管理有限公司,中国工商银行股份有限公司,股票型ETF,主题指数ETF,931992.CSI,523878564.0,11989500,9442922,0.783,0.78759931606823,-0.025536261
2023-10-26,562860.SH,嘉实中证疫苗与生物技术ETF,20230224,中证疫苗与生物技术指数,中证疫苗与生物技术指数收益率,嘉实基金管理有限公司,中国工商银行股份有限公司,股票型ETF,主题指数ETF,931992.CSI,522112095.5,13245700,10266837,0.783,0.77510716685415,0.012773023
2023-10-27,562860.SH,嘉实中证疫苗与生物技术ETF,20230224,中证疫苗与生物技术指数,中证疫苗与生物技术指数收益率,嘉实基金管理有限公司,中国工商银行股份有限公司,股票型ETF,主题指数ETF,931992.CSI,538391142.0,24166700,19517787,0.817,0.80763145154283,-0.317227916
2023-10-30,562860.SH,嘉实中证疫苗与生物技术ETF,20230224,中证疫苗与生物技术指数,中证疫苗与生物技术指数收益率,嘉实基金管理有限公司,中国工商银行股份有限公司,股票型ETF,主题指数ETF,931992.CSI,542292078.5,23132700,19366817,0.836,0.83720521167006,-0.274364786
2023-10-31,562860.SH,嘉实中证疫苗与生物技术ETF,20230224,中证疫苗与生物技术指数,中证疫苗与生物技术指数收益率,嘉实基金管理有限公司,中国工商银行股份有限公司,股票型ETF,主题指数ETF,931992.CSI,539697679.5,20238400,17013559,0.843,0.84065731480749,0.106875668
2023-11-01,562860.SH,嘉实中证疫苗与生物技术ETF,20230224,中证疫苗与生物技术指数,中证疫苗与生物技术指数收益率,嘉实基金管理有限公司,中国工商银行股份有限公司,股票型ETF,主题指数ETF,931992.CSI,537220932.5,16605600,13907910,0.84,0.83754335886689,-0.414937759
2023-11-02,562860.SH,嘉实中证疫苗与生物技术ETF,20230224,中证疫苗与生物技术指数,中证疫苗与生物技术指数收益率,嘉实基金管理有限公司,中国工商银行股份有限公司,股票型ETF,主题指数ETF,931992.CSI,530998905.0,15086400,12779495,0.838,0.84708711157069,-0.119189511
2023-11-03,562860.SH,嘉实中证疫苗与生物技术ETF,20230224,中证疫苗与生物技术指数,中证疫苗与生物技术指数收益率,嘉实基金管理有限公司,中国工商银行股份有限公司,股票型ETF,主题指数ETF,931992.CSI,528500741.5,13765500,11552290,0.836,0.83922051505576,-0.202936612
2023-11-06,562860.SH,嘉实中证疫苗与生物技术ETF,20230224,中证疫苗与生物技术指数,中证疫苗与生物技术指数收益率,嘉实基金管理有限公司,中国工商银行股份有限公司,股票型ETF,主题指数ETF,931992.CSI,541101258.0,20810000,17797467,0.861,0.85523628063431,0.069735007
2023-11-07,562860.SH,嘉实中证疫苗与生物技术ETF,20230224,中证疫苗与生物技术指数,中证疫苗与生物技术指数收益率,嘉实基金管理有限公司,中国工商银行股份有限公司,股票型ETF,主题指数ETF,931992.CSI,536810188.5,14898390,12809642,0.853,0.85980042138781,-0.385378956
2023-11-08,562860.SH,嘉实中证疫苗与生物技术ETF,20230224,中证疫苗与生物技术指数,中证疫苗与生物技术指数收益率,嘉实基金管理有限公司,中国工商银行股份有限公司,股票型ETF,主题指数ETF,931992.CSI,536391190.5,19560200,16877012,0.863,0.86282410200305,-0.104178724
2023-11-09,562860.SH,嘉实中证疫苗与生物技术ETF,20230224,中证疫苗与生物技术指数,中证疫苗与生物技术指数收益率,嘉实基金管理有限公司,中国工商银行股份有限公司,股票型ETF,主题指数ETF,931992.CSI,528969556.5,15050700,12985270,0.854,0.86276850910589,-0.081900082
2023-11-10,562860.SH,嘉实中证疫苗与生物技术ETF,20230224,中证疫苗与生物技术指数,中证疫苗与生物技术指数收益率,嘉实基金管理有限公司,中国工商银行股份有限公司,股票型ETF,主题指数ETF,931992.CSI,525243309.0,11768600,10027693,0.854,0.85207186921129,-0.02341372
2023-11-13,562860.SH,嘉实中证疫苗与生物技术ETF,20230224,中证疫苗与生物技术指数,中证疫苗与生物技术指数收益率,嘉实基金管理有限公司,中国工商银行股份有限公司,股票型ETF,主题指数ETF,931992.CSI,521615428.5,9945300,8440526,0.848,0.84869496143907,-0.035364847
2023-11-14,562860.SH,嘉实中证疫苗与生物技术ETF,20230224,中证疫苗与生物技术指数,中证疫苗与生物技术指数收益率,嘉实基金管理有限公司,中国工商银行股份有限公司,股票型ETF,主题指数ETF,931992.CSI,520838171.0,12362000,10491740,0.848,0.84870894677237,-0.211814545
2023-11-15,562860.SH,嘉实中证疫苗与生物技术ETF,20230224,中证疫苗与生物技术指数,中证疫苗与生物技术指数收益率,嘉实基金管理有限公司,中国工商银行股份有限公司,股票型ETF,主题指数ETF,931992.CSI,522554277.0,9448900,8055658,0.852,0.85254982061404,-0.070372977
2023-11-16,562860.SH,嘉实中证疫苗与生物技术ETF,20230224,中证疫苗与生物技术指数,中证疫苗与生物技术指数收益率,嘉实基金管理有限公司,中国工商银行股份有限公司,股票型ETF,主题指数ETF,931992.CSI,516793064.0,10046200,8511123,0.842,0.8471982441122,-0.142314991
2023-11-17,562860.SH,嘉实中证疫苗与生物技术ETF,20230224,中证疫苗与生物技术指数,中证疫苗与生物技术指数收益率,嘉实基金管理有限公司,中国工商银行股份有限公司,股票型ETF,主题指数ETF,931992.CSI,521643240.5,15376900,13014188,0.853,0.84634666285142,-0.105398759
2023-11-20,562860.SH,嘉实中证疫苗与生物技术ETF,20230224,中证疫苗与生物技术指数,中证疫苗与生物技术指数收益率,嘉实基金管理有限公司,中国工商银行股份有限公司,股票型ETF,主题指数ETF,931992.CSI,523162584.0,15540700,13278071,0.858,0.85440623652731,-0.139664804
2023-11-21,562860.SH,嘉实中证疫苗与生物技术ETF,20230224,中证疫苗与生物技术指数,中证疫苗与生物技术指数收益率,嘉实基金管理有限公司,中国工商银行股份有限公司,股票型ETF,主题指数ETF,931992.CSI,524015037.0,11180400,9631773,0.858,0.86148733497907,-0.302114804
2023-11-22,562860.SH,嘉实中证疫苗与生物技术ETF,20230224,中证疫苗与生物技术指数,中证疫苗与生物技术指数收益率,嘉实基金管理有限公司,中国工商银行股份有限公司,股票型ETF,主题指数ETF,931992.CSI,517438677.0,9986490,8545094,0.852,0.85566540396075,-0.070372977
2023-11-23,562860.SH,嘉实中证疫苗与生物技术ETF,20230224,中证疫苗与生物技术指数,中证疫苗与生物技术指数收益率,嘉实基金管理有限公司,中国工商银行股份有限公司,股票型ETF,主题指数ETF,931992.CSI,522657974.0,10913100,9344654,0.86,0.85627860094749,-0.139340455
2023-11-24,562860.SH,嘉实中证疫苗与生物技术ETF,20230224,中证疫苗与生物技术指数,中证疫苗与生物技术指数收益率,嘉实基金管理有限公司,中国工商银行股份有限公司,股票型ETF,主题指数ETF,931992.CSI,521082148.5,15231600,13191617,0.864,0.86606902754799,-0.03471017
2023-11-27,562860.SH,嘉实中证疫苗与生物技术ETF,20230224,中证疫苗与生物技术指数,中证疫苗与生物技术指数收益率,嘉实基金管理有限公司,中国工商银行股份有限公司,股票型ETF,主题指数ETF,931992.CSI,520177806.0,12665200,10846880,0.862,0.85643179736601,-0.092721372
2023-11-28,562860.SH,嘉实中证疫苗与生物技术ETF,20230224,中证疫苗与生物技术指数,中证疫苗与生物技术指数收益率,嘉实基金管理有限公司,中国工商银行股份有限公司,股票型ETF,主题指数ETF,931992.CSI,525422588.0,15741900,13677209,0.872,0.86884105476467,-0.274473925
2023-11-29,562860.SH,嘉实中证疫苗与生物技术ETF,20230224,中证疫苗与生物技术指数,中证疫苗与生物技术指数收益率,嘉实基金管理有限公司,中国工商银行股份有限公司,股票型ETF,主题指数ETF,931992.CSI,517010058.0,10465400,9089173,0.86,0.86849742962524,-0.046490005
2023-11-30,562860.SH,嘉实中证疫苗与生物技术ETF,20230224,中证疫苗与生物技术指数,中证疫苗与生物技术指数收益率,嘉实基金管理有限公司,中国工商银行股份有限公司,股票型ETF,主题指数ETF,931992.CSI,524100619.0,15411826,13395183,0.87,0.86914963872548,-0.252235726
2023-12-01,562860.SH,嘉实中证疫苗与生物技术ETF,20230224,中证疫苗与生物技术指数,中证疫苗与生物技术指数收益率,嘉实基金管理有限公司,中国工商银行股份有限公司,股票型ETF,主题指数ETF,931992.CSI,525542767.0,16451920,14321421,0.874,0.87050149769753,-0.06860279
2023-12-04,562860.SH,嘉实中证疫苗与生物技术ETF,20230224,中证疫苗与生物技术指数,中证疫苗与生物技术指数收益率,嘉实基金管理有限公司,中国工商银行股份有限公司,股票型ETF,主题指数ETF,931992.CSI,516709610.5,13107000,11309179,0.858,0.8628350499733,-0.220955925
2023-12-05,562860.SH,嘉实中证疫苗与生物技术ETF,20230224,中证疫苗与生物技术指数,中证疫苗与生物技术指数收益率,嘉实基金管理有限公司,中国工商银行股份有限公司,股票型ETF,主题指数ETF,931992.CSI,513584956.5,10879200,9329330,0.851,0.85753823810574,-0.432900433
2023-12-06,562860.SH,嘉实中证疫苗与生物技术ETF,20230224,中证疫苗与生物技术指数,中证疫苗与生物技术指数收益率,嘉实基金管理有限公司,中国工商银行股份有限公司,股票型ETF,主题指数ETF,931992.CSI,517911400.5,14919700,12763503,0.861,0.85547986889817,-0.104420466
2023-12-07,562860.SH,嘉实中证疫苗与生物技术ETF,20230224,中证疫苗与生物技术指数,中证疫苗与生物技术指数收益率,嘉实基金管理有限公司,中国工商银行股份有限公司,股票型ETF,主题指数ETF,931992.CSI,509078244.0,14242900,12190219,0.845,0.8558804035695,-0.259678942
2023-12-08,562860.SH,嘉实中证疫苗与生物技术ETF,20230224,中证疫苗与生物技术指数,中证疫苗与生物技术指数收益率,嘉实基金管理有限公司,中国工商银行股份有限公司,股票型ETF,主题指数ETF,931992.CSI,509120639.5,11959100,10109923,0.846,0.84537490279369,-0.4822962
2023-12-11,562860.SH,嘉实中证疫苗与生物技术ETF,20230224,中证疫苗与生物技术指数,中证疫苗与生物技术指数收益率,嘉实基金管理有限公司,中国工商银行股份有限公司,股票型ETF,主题指数ETF,931992.CSI,508793298.0,13421200,11334552,0.851,0.84452597383244,-0.16424214
2023-12-12,562860.SH,嘉实中证疫苗与生物技术ETF,20230224,中证疫苗与生物技术指数,中证疫苗与生物技术指数收益率,嘉实基金管理有限公司,中国工商银行股份有限公司,股票型ETF,主题指数ETF,931992.CSI,506942923.5,10841300,9180722,0.848,0.84682851687528,-0.153067232
2023-12-13,562860.SH,嘉实中证疫苗与生物技术ETF,20230224,中证疫苗与生物技术指数,中证疫苗与生物技术指数收益率,嘉实基金管理有限公司,中国工商银行股份有限公司,股票型ETF,主题指数ETF,931992.CSI,506107270.5,9544500,8125884,0.846,0.85136822253654,-0.224083029
2023-12-14,562860.SH,嘉实中证疫苗与生物技术ETF,20230224,中证疫苗与生物技术指数,中证疫苗与生物技术指数收益率,嘉实基金管理有限公司,中国工商银行股份有限公司,股票型ETF,主题指数ETF,931992.CSI,506166960.0,6783500,5776752,0.847,0.85158870789415,-0.117924528
2023-12-15,562860.SH,嘉实中证疫苗与生物技术ETF,20230224,中证疫苗与生物技术指数,中证疫苗与生物技术指数收益率,嘉实基金管理有限公司,中国工商银行股份有限公司,股票型ETF,主题指数ETF,931992.CSI,492216123.0,14302000,11950309,0.827,0.83556908124738,-0.048344211
2023-12-18,562860.SH,嘉实中证疫苗与生物技术ETF,20230224,中证疫苗与生物技术指数,中证疫苗与生物技术指数收益率,嘉实基金管理有限公司,中国工商银行股份有限公司,股票型ETF,主题指数ETF,931992.CSI,488230326.5,10046600,8308956,0.82,0.82704158620827,-0.085293043
2023-12-19,562860.SH,嘉实中证疫苗与生物技术ETF,20230224,中证疫苗与生物技术指数,中证疫苗与生物技术指数收益率,嘉实基金管理有限公司,中国工商银行股份有限公司,股票型ETF,主题指数ETF,931992.CSI,486326662.5,8954300,7259030,0.815,0.81067531800364,-0.305810398
2023-12-20,562860.SH,嘉实中证疫苗与生物技术ETF,20230224,中证疫苗与生物技术指数,中证疫苗与生物技术指数收益率,嘉实基金管理有限公司,中国工商银行股份有限公司,股票型ETF,主题指数ETF,931992.CSI,478920397.5,9928700,8134748,0.809,0.81931652683634,-0.185070944
2023-12-21,562860.SH,嘉实中证疫苗与生物技术ETF,20230224,中证疫苗与生物技术指数,中证疫苗与生物技术指数收益率,嘉实基金管理有限公司,中国工商银行股份有限公司,股票型ETF,主题指数ETF,931992.CSI,478565860.5,6801800,5493038,0.81,0.80758593313535,0.012347203
2023-12-22,562860.SH,嘉实中证疫苗与生物技术ETF,20230224,中证疫苗与生物技术指数,中证疫苗与生物技术指数收益率,嘉实基金管理有限公司,中国工商银行股份有限公司,股票型ETF,主题指数ETF,931992.CSI,473838700.5,10544400,8476727,0.8,0.80390795113994,-0.236937274
2023-12-25,562860.SH,嘉实中证疫苗与生物技术ETF,20230224,中证疫苗与生物技术指数,中证疫苗与生物技术指数收益率,嘉实基金管理有限公司,中国工商银行股份有限公司,股票型ETF,主题指数ETF,931992.CSI,477856786.5,7414300,5973177,0.808,0.80562925697638,-0.086558674
2023-12-26,562860.SH,嘉实中证疫苗与生物技术ETF,20230224,中证疫苗与生物技术指数,中证疫苗与生物技术指数收益率,嘉实基金管理有限公司,中国工商银行股份有限公司,股票型ETF,主题指数ETF,931992.CSI,480397635.0,7950000,6434948,0.811,0.80942742138365,-0.24600246
2023-12-27,562860.SH,嘉实中证疫苗与生物技术ETF,20230224,中证疫苗与生物技术指数,中证疫苗与生物技术指数收益率,嘉实基金管理有限公司,中国工商银行股份有限公司,股票型ETF,主题指数ETF,931992.CSI,482170320.0,8883300,7223343,0.815,0.81313734760731,-0.12254902
2023-12-28,562860.SH,嘉实中证疫苗与生物技术ETF,20230224,中证疫苗与生物技术指数,中证疫苗与生物技术指数收益率,嘉实基金管理有限公司,中国工商银行股份有限公司,股票型ETF,主题指数ETF,931992.CSI,485124795.0,10988300,8946527,0.82,0.81418663487528,-0.12180268
2023-12-29,562860.SH,嘉实中证疫苗与生物技术ETF,20230224,中证疫苗与生物技术指数,中证疫苗与生物技术指数收益率,嘉实基金管理有限公司,中国工商银行股份有限公司,股票型ETF,主题指数ETF,931992.CSI,495406368.0,15453500,12918722,0.839,0.83597385705504,0.071564885
2024-01-02,562860.SH,嘉实中证疫苗与生物技术ETF,20230224,中证疫苗与生物技术指数,中证疫苗与生物技术指数收益率,嘉实基金管理有限公司,中国工商银行股份有限公司,股票型ETF,主题指数ETF,931992.CSI,490383760.5,12315797,10233061,0.829,0.83088906061053,-0.108446801
2024-01-03,562860.SH,嘉实中证疫苗与生物技术ETF,20230224,中证疫苗与生物技术指数,中证疫苗与生物技术指数收益率,嘉实基金管理有限公司,中国工商银行股份有限公司,股票型ETF,主题指数ETF,931992.CSI,486897480.0,10151300,8407287,0.824,0.82819806330224,0
2024-01-04,562860.SH,嘉实中证疫苗与生物技术ETF,20230224,中证疫苗与生物技术指数,中证疫苗与生物技术指数收益率,嘉实基金管理有限公司,中国工商银行股份有限公司,股票型ETF,主题指数ETF,931992.CSI,481892778.5,9605700,7859220,0.818,0.81818295387114,-0.036661371
2024-01-05,562860.SH,嘉实中证疫苗与生物技术ETF,20230224,中证疫苗与生物技术指数,中证疫苗与生物技术指数收益率,嘉实基金管理有限公司,中国工商银行股份有限公司,股票型ETF,主题指数ETF,931992.CSI,473883806.5,14516300,11754528,0.803,0.80974683631504,-0.211258854
2024-01-08,562860.SH,嘉实中证疫苗与生物技术ETF,20230224,中证疫苗与生物技术指数,中证疫苗与生物技术指数收益率,嘉实基金管理有限公司,中国工商银行股份有限公司,股票型ETF,主题指数ETF,931992.CSI,467935967.0,8680800,6950044,0.796,0.80062252326974,0.176189278
2024-01-09,562860.SH,嘉实中证疫苗与生物技术ETF,20230224,中证疫苗与生物技术指数,中证疫苗与生物技术指数收益率,嘉实基金管理有限公司,中国工商银行股份有限公司,股票型ETF,主题指数ETF,931992.CSI,466228171.5,8058800,6401943,0.792,0.79440400555914,0.037893141
2024-01-10,562860.SH,嘉实中证疫苗与生物技术ETF,20230224,中证疫苗与生物技术指数,中证疫苗与生物技术指数收益率,嘉实基金管理有限公司,中国工商银行股份有限公司,股票型ETF,主题指数ETF,931992.CSI,459043652.5,13288000,10420788,0.779,0.78422546658639,-0.064143682
2024-01-11,562860.SH,嘉实中证疫苗与生物技术ETF,20230224,中证疫苗与生物技术指数,中证疫苗与生物技术指数收益率,嘉实基金管理有限公司,中国工商银行股份有限公司,股票型ETF,主题指数ETF,931992.CSI,458499190.5,13294900,10349807,0.784,0.77847949213608,0.012756729
2024-01-12,562860.SH,嘉实中证疫苗与生物技术ETF,20230224,中证疫苗与生物技术指数,中证疫苗与生物技术指数收益率,嘉实基金管理有限公司,中国工商银行股份有限公司,股票型ETF,主题指数ETF,931992.CSI,450603108.0,10773000,8372195,0.771,0.77714610600576,0.07788162
2024-01-15,562860.SH,嘉实中证疫苗与生物技术ETF,20230224,中证疫苗与生物技术指数,中证疫苗与生物技术指数收益率,嘉实基金管理有限公司,中国工商银行股份有限公司,股票型ETF,主题指数ETF,931992.CSI,447678633.0,12773000,9807412,0.764,0.76782369059735,-0.182910896
2024-01-16,562860.SH,嘉实中证疫苗与生物技术ETF,20230224,中证疫苗与生物技术指数,中证疫苗与生物技术指数收益率,嘉实基金管理有限公司,中国工商银行股份有限公司,股票型ETF,主题指数ETF,931992.CSI,443932832.0,14843600,11258559,0.761,0.75847900778787,-0.078781513
2024-01-17,562860.SH,嘉实中证疫苗与生物技术ETF,20230224,中证疫苗与生物技术指数,中证疫苗与生物技术指数收益率,嘉实基金管理有限公司,中国工商银行股份有限公司,股票型ETF,主题指数ETF,931992.CSI,427903219.5,10234400,7691446,0.739,0.75152876573126,0.667483994
2024-01-18,562860.SH,嘉实中证疫苗与生物技术ETF,20230224,中证疫苗与生物技术指数,中证疫苗与生物技术指数收益率,嘉实基金管理有限公司,中国工商银行股份有限公司,股票型ETF,主题指数ETF,931992.CSI,428544404.0,17133300,12385138,0.735,0.72286938301436,-0.027203482
2024-01-19,562860.SH,嘉实中证疫苗与生物技术ETF,20230224,中证疫苗与生物技术指数,中证疫苗与生物技术指数收益率,嘉实基金管理有限公司,中国工商银行股份有限公司,股票型ETF,主题指数ETF,931992.CSI,424639007.5,11608400,8499449,0.729,0.73218092071259,0.06863418
2024-01-22,562860.SH,嘉实中证疫苗与生物技术ETF,20230224,中证疫苗与生物技术指数,中证疫苗与生物技术指数收益率,嘉实基金管理有限公司,中国工商银行股份有限公司,股票型ETF,主题指数ETF,931992.CSI,403713077.0,11857000,8384855,0.692,0.70716496584296,-0.08663009
2024-01-23,562860.SH,嘉实中证疫苗与生物技术ETF,20230224,中证疫苗与生物技术指数,中证疫苗与生物技术指数收益率,嘉实基金管理有限公司,中国工商银行股份有限公司,股票型ETF,主题指数ETF,931992.CSI,405871336.5,17171000,11906362,0.697,0.69339945256537,-0.243309002
2024-01-24,562860.SH,嘉实中证疫苗与生物技术ETF,20230224,中证疫苗与生物技术指数,中证疫苗与生物技术指数收益率,嘉实基金管理有限公司,中国工商银行股份有限公司,股票型ETF,主题指数ETF,931992.CSI,405226500.0,14057500,9718446,0.7,0.69133530144051,0
2024-01-25,562860.SH,嘉实中证疫苗与生物技术ETF,20230224,中证疫苗与生物技术指数,中证疫苗与生物技术指数收益率,嘉实基金管理有限公司,中国工商银行股份有限公司,股票型ETF,主题指数ETF,931992.CSI,412810024.5,10571700,7418007,0.712,0.70168534861943,-0.154256065
2024-01-26,562860.SH,嘉实中证疫苗与生物技术ETF,20230224,中证疫苗与生物技术指数,中证疫苗与生物技术指数收益率,嘉实基金管理有限公司,中国工商银行股份有限公司,股票型ETF,主题指数ETF,931992.CSI,404300268.0,16021818,11316570,0.699,0.70632246602726,0.085910653
2024-01-29,562860.SH,嘉实中证疫苗与生物技术ETF,20230224,中证疫苗与生物技术指数,中证疫苗与生物技术指数收益率,嘉实基金管理有限公司,中国工商银行股份有限公司,股票型ETF,主题指数ETF,931992.CSI,394922169.0,11539300,8017369,0.682,0.69478815872713,-0.029316916
2024-01-30,562860.SH,嘉实中证疫苗与生物技术ETF,20230224,中证疫苗与生物技术指数,中证疫苗与生物技术指数收益率,嘉实基金管理有限公司,中国工商银行股份有限公司,股票型ETF,主题指数ETF,931992.CSI,384559948.5,12475900,8412682,0.664,0.67431463862327,-0.045160319
2024-01-31,562860.SH,嘉实中证疫苗与生物技术ETF,20230224,中证疫苗与生物技术指数,中证疫苗与生物技术指数收益率,嘉实基金管理有限公司,中国工商银行股份有限公司,股票型ETF,主题指数ETF,931992.CSI,370724358.0,17656100,11509730,0.641,0.65188405140433,0.093691443
2024-02-01,562860.SH,嘉实中证疫苗与生物技术ETF,20230224,中证疫苗与生物技术指数,中证疫苗与生物技术指数收益率,嘉实基金管理有限公司,中国工商银行股份有限公司,股票型ETF,主题指数ETF,931992.CSI,372345264.0,9821500,6310916,0.643,0.64256131955404,-0.031094527
2024-02-02,562860.SH,嘉实中证疫苗与生物技术ETF,20230224,中证疫苗与生物技术指数,中证疫苗与生物技术指数收益率,嘉实基金管理有限公司,中国工商银行股份有限公司,股票型ETF,主题指数ETF,931992.CSI,356924936.5,21292400,13349027,0.614,0.6269385790235,-0.759657346
2024-02-05,562860.SH,嘉实中证疫苗与生物技术ETF,20230224,中证疫苗与生物技术指数,中证疫苗与生物技术指数收益率,嘉实基金管理有限公司,中国工商银行股份有限公司,股票型ETF,主题指数ETF,931992.CSI,348893055.0,20369500,12298490,0.61,0.60376985198458,0.164203612
2024-02-06,562860.SH,嘉实中证疫苗与生物技术ETF,20230224,中证疫苗与生物技术指数,中证疫苗与生物技术指数收益率,嘉实基金管理有限公司,中国工商银行股份有限公司,股票型ETF,主题指数ETF,931992.CSI,381300770.5,21536500,13985220,0.668,0.64937292503424,0.014972301
2024-02-07,562860.SH,嘉实中证疫苗与生物技术ETF,20230224,中证疫苗与生物技术指数,中证疫苗与生物技术指数收益率,嘉实基金管理有限公司,中国工商银行股份有限公司,股票型ETF,主题指数ETF,931992.CSI,391887499.0,30129980,20730132,0.691,0.68802342384562,-0.746911807
2024-02-08,562860.SH,嘉实中证疫苗与生物技术ETF,20230224,中证疫苗与生物技术指数,中证疫苗与生物技术指数收益率,嘉实基金管理有限公司,中国工商银行股份有限公司,股票型ETF,主题指数ETF,931992.CSI,393685638.0,19466500,13656761,0.704,0.70155194821873,-0.056785917
2024-02-19,562860.SH,嘉实中证疫苗与生物技术ETF,20230224,中证疫苗与生物技术指数,中证疫苗与生物技术指数收益率,嘉实基金管理有限公司,中国工商银行股份有限公司,股票型ETF,主题指数ETF,931992.CSI,393223559.5,10461600,7341713,0.706,0.70177726160434,-0.0141623
2024-02-20,562860.SH,嘉实中证疫苗与生物技术ETF,20230224,中证疫苗与生物技术指数,中证疫苗与生物技术指数收益率,嘉实基金管理有限公司,中国工商银行股份有限公司,股票型ETF,主题指数ETF,931992.CSI,394894244.5,12588400,8911463,0.708,0.70791069556099,-0.155126216
2024-02-21,562860.SH,嘉实中证疫苗与生物技术ETF,20230224,中证疫苗与生物技术指数,中证疫苗与生物技术指数收益率,嘉实基金管理有限公司,中国工商银行股份有限公司,股票型ETF,主题指数ETF,931992.CSI,396119413.5,12316800,8731370,0.711,0.70889922707197,-0.042176297
2024-02-22,562860.SH,嘉实中证疫苗与生物技术ETF,20230224,中证疫苗与生物技术指数,中证疫苗与生物技术指数收益率,嘉实基金管理有限公司,中国工商银行股份有限公司,股票型ETF,主题指数ETF,931992.CSI,399516473.0,13451200,9567222,0.716,0.71125416319734,-0.19514915
2024-02-23,562860.SH,嘉实中证疫苗与生物技术ETF,20230224,中证疫苗与生物技术指数,中证疫苗与生物技术指数收益率,嘉实基金管理有限公司,中国工商银行股份有限公司,股票型ETF,主题指数ETF,931992.CSI,401355553.5,18480500,13264486,0.721,0.71775579665052,-0.317987004
2024-02-26,562860.SH,嘉实中证疫苗与生物技术ETF,20230224,中证疫苗与生物技术指数,中证疫苗与生物技术指数收益率,嘉实基金管理有限公司,中国工商银行股份有限公司,股票型ETF,主题指数ETF,931992.CSI,402742791.0,12244000,8854305,0.724,0.7231546063378,-0.248002204
2024-02-27,562860.SH,嘉实中证疫苗与生物技术ETF,20230224,中证疫苗与生物技术指数,中证疫苗与生物技术指数收益率,嘉实基金管理有限公司,中国工商银行股份有限公司,股票型ETF,主题指数ETF,931992.CSI,411177195.0,12442900,9046436,0.74,0.72703598035828,-0.134952767
2024-02-28,562860.SH,嘉实中证疫苗与生物技术ETF,20230224,中证疫苗与生物技术指数,中证疫苗与生物技术指数收益率,嘉实基金管理有限公司,中国工商银行股份有限公司,股票型ETF,主题指数ETF,931992.CSI,400800658.5,18791100,14060755,0.722,0.74826673265535,-0.041533989
2024-02-29,562860.SH,嘉实中证疫苗与生物技术ETF,20230224,中证疫苗与生物技术指数,中证疫苗与生物技术指数收益率,嘉实基金管理有限公司,中国工商银行股份有限公司,股票型ETF,主题指数ETF,931992.CSI,408147089.0,15761000,11494340,0.736,0.7292900196688,-0.298022216
2024-03-01,562860.SH,嘉实中证疫苗与生物技术ETF,20230224,中证疫苗与生物技术指数,中证疫苗与生物技术指数收益率,嘉实基金管理有限公司,中国工商银行股份有限公司,股票型ETF,主题指数ETF,931992.CSI,402952236.0,23976300,17537527,0.736,0.73145260111026,-0.108577633
2024-03-04,562860.SH,嘉实中证疫苗与生物技术ETF,20230224,中证疫苗与生物技术指数,中证疫苗与生物技术指数收益率,嘉实基金管理有限公司,中国工商银行股份有限公司,股票型ETF,主题指数ETF,931992.CSI,408038359.5,13430400,9960427,0.745,0.74163293721706,-0.14743332
2024-03-05,562860.SH,嘉实中证疫苗与生物技术ETF,20230224,中证疫苗与生物技术指数,中证疫苗与生物技术指数收益率,嘉实基金管理有限公司,中国工商银行股份有限公司,股票型ETF,主题指数ETF,931992.CSI,400225377.5,15045100,11086132,0.734,0.73685997434381,-0.068073519
2024-03-06,562860.SH,嘉实中证疫苗与生物技术ETF,20230224,中证疫苗与生物技术指数,中证疫苗与生物技术指数收益率,嘉实基金管理有限公司,中国工商银行股份有限公司,股票型ETF,主题指数ETF,931992.CSI,392153891.5,19647800,14267260,0.728,0.72615051048972,0.04122578
2024-03-07,562860.SH,嘉实中证疫苗与生物技术ETF,20230224,中证疫苗与生物技术指数,中证疫苗与生物技术指数收益率,嘉实基金管理有限公司,中国工商银行股份有限公司,股票型ETF,主题指数ETF,931992.CSI,380513759.5,16433300,11822389,0.706,0.71941661139272,-0.0141623
2024-03-08,562860.SH,嘉实中证疫苗与生物技术ETF,20230224,中证疫苗与生物技术指数,中证疫苗与生物技术指数收益率,嘉实基金管理有限公司,中国工商银行股份有限公司,股票型ETF,主题指数ETF,931992.CSI,382561560.5,12385500,8772494,0.709,0.70828743288523,-0.126778419
2024-03-11,562860.SH,嘉实中证疫苗与生物技术ETF,20230224,中证疫苗与生物技术指数,中证疫苗与生物技术指数收益率,嘉实基金管理有限公司,中国工商银行股份有限公司,股票型ETF,主题指数ETF,931992.CSI,390644802.0,11984800,8510092,0.726,0.71007376009612,-0.219901045
2024-03-12,562860.SH,嘉实中证疫苗与生物技术ETF,20230224,中证疫苗与生物技术指数,中证疫苗与生物技术指数收益率,嘉实基金管理有限公司,中国工商银行股份有限公司,股票型ETF,主题指数ETF,931992.CSI,399352607.0,16711200,12379969,0.746,0.74081867250706,-0.080364318
2024-03-13,562860.SH,嘉实中证疫苗与生物技术ETF,20230224,中证疫苗与生物技术指数,中证疫苗与生物技术指数收益率,嘉实基金管理有限公司,中国工商银行股份有限公司,股票型ETF,主题指数ETF,931992.CSI,395994274.5,11068800,8208373,0.742,0.74157749710899,-0.148028529
2024-03-14,562860.SH,嘉实中证疫苗与生物技术ETF,20230224,中证疫苗与生物技术指数,中证疫苗与生物技术指数收益率,嘉实基金管理有限公司,中国工商银行股份有限公司,股票型ETF,主题指数ETF,931992.CSI,397486380.5,13303500,10052666,0.746,0.75564069605743,0.013406623
2024-03-15,562860.SH,嘉实中证疫苗与生物技术ETF,20230224,中证疫苗与生物技术指数,中证疫苗与生物技术指数收益率,嘉实基金管理有限公司,中国工商银行股份有限公司,股票型ETF,主题指数ETF,931992.CSI,395782222.5,12074500,9033314,0.744,0.748131516833,-0.201207243
2024-03-18,562860.SH,嘉实中证疫苗与生物技术ETF,20230224,中证疫苗与生物技术指数,中证疫苗与生物技术指数收益率,嘉实基金管理有限公司,中国工商银行股份有限公司,股票型ETF,主题指数ETF,931992.CSI,399604666.5,12098000,9000760,0.751,0.74398743593982,-0.225853594
2024-03-19,562860.SH,嘉实中证疫苗与生物技术ETF,20230224,中证疫苗与生物技术指数,中证疫苗与生物技术指数收益率,嘉实基金管理有限公司,中国工商银行股份有限公司,股票型ETF,主题指数ETF,931992.CSI,394985880.0,11462600,8578285,0.745,0.74837166087973,0.134408602
2024-03-20,562860.SH,嘉实中证疫苗与生物技术ETF,20230224,中证疫苗与生物技术指数,中证疫苗与生物技术指数收益率,嘉实基金管理有限公司,中国工商银行股份有限公司,股票型ETF,主题指数ETF,931992.CSI,394083358.5,9431300,6970588,0.742,0.73909089945183,-0.040414927
2024-03-21,562860.SH,嘉实中证疫苗与生物技术ETF,20230224,中证疫苗与生物技术指数,中证疫苗与生物技术指数收益率,嘉实基金管理有限公司,中国工商银行股份有限公司,股票型ETF,主题指数ETF,931992.CSI,390612035.0,15353500,11314664,0.734,0.73694362848862,0.136425648
2024-03-22,562860.SH,嘉实中证疫苗与生物技术ETF,20230224,中证疫苗与生物技术指数,中证疫苗与生物技术指数收益率,嘉实基金管理有限公司,中国工商银行股份有限公司,股票型ETF,主题指数ETF,931992.CSI,381765978.0,13624700,9836871,0.717,0.7219880804715,0.083752094
2024-03-25,562860.SH,嘉实中证疫苗与生物技术ETF,20230224,中证疫苗与生物技术指数,中证疫苗与生物技术指数收益率,嘉实基金管理有限公司,中国工商银行股份有限公司,股票型ETF,主题指数ETF,931992.CSI,374305448.0,15687900,11153924,0.701,0.71098897876708,-0.199316629
2024-03-26,562860.SH,嘉实中证疫苗与生物技术ETF,20230224,中证疫苗与生物技术指数,中证疫苗与生物技术指数收益率,嘉实基金管理有限公司,中国工商银行股份有限公司,股票型ETF,主题指数ETF,931992.CSI,373399526.5,15877477,11106224,0.7,0.69949551808515,-0.0999001
2024-03-27,562860.SH,嘉实中证疫苗与生物技术ETF,20230224,中证疫苗与生物技术指数,中证疫苗与生物技术指数收益率,嘉实基金管理有限公司,中国工商银行股份有限公司,股票型ETF,主题指数ETF,931992.CSI,363769254.0,12157800,8460378,0.684,0.69588066920002,-0.175131349
2024-03-28,562860.SH,嘉实中证疫苗与生物技术ETF,20230224,中证疫苗与生物技术指数,中证疫苗与生物技术指数收益率,嘉实基金管理有限公司,中国工商银行股份有限公司,股票型ETF,主题指数ETF,931992.CSI,366795355.5,12779600,8817082,0.691,0.68993411374378,0.014473875
2024-03-29,562860.SH,嘉实中证疫苗与生物技术ETF,20230224,中证疫苗与生物技术指数,中证疫苗与生物技术指数收益率,嘉实基金管理有限公司,中国工商银行股份有限公司,股票型ETF,主题指数ETF,931992.CSI,366689176.5,10628200,7300638,0.691,0.68691198885983,0.043434197
2024-04-01,562860.SH,嘉实中证疫苗与生物技术ETF,20230224,中证疫苗与生物技术指数,中证疫苗与生物技术指数收益率,嘉实基金管理有限公司,中国工商银行股份有限公司,股票型ETF,主题指数ETF,931992.CSI,375661302.0,9766400,6825148,0.708,0.69883969528178,0.056529112
2024-04-02,562860.SH,嘉实中证疫苗与生物技术ETF,20230224,中证疫苗与生物技术指数,中证疫苗与生物技术指数收益率,嘉实基金管理有限公司,中国工商银行股份有限公司,股票型ETF,主题指数ETF,931992.CSI,372157395.0,11172700,7830462,0.7,0.70085673113929,-0.142653352
2024-04-03,562860.SH,嘉实中证疫苗与生物技术ETF,20230224,中证疫苗与生物技术指数,中证疫苗与生物技术指数收益率,嘉实基金管理有限公司,中国工商银行股份有限公司,股票型ETF,主题指数ETF,931992.CSI,367846472.5,10811700,7566033,0.696,0.69980049390938,0.071890726
2024-04-08,562860.SH,嘉实中证疫苗与生物技术ETF,20230224,中证疫苗与生物技术指数,中证疫苗与生物技术指数收益率,嘉实基金管理有限公司,中国工商银行股份有限公司,股票型ETF,主题指数ETF,931992.CSI,359860158.0,14821800,10155631,0.679,0.68518202917324,-0.205761317
2024-04-09,562860.SH,嘉实中证疫苗与生物技术ETF,20230224,中证疫苗与生物技术指数,中证疫苗与生物技术指数收益率,嘉实基金管理有限公司,中国工商银行股份有限公司,股票型ETF,主题指数ETF,931992.CSI,367298504.5,13321300,9114293,0.696,0.68418945598403,-0.157796586
2024-04-10,562860.SH,嘉实中证疫苗与生物技术ETF,20230224,中证疫苗与生物技术指数,中证疫苗与生物技术指数收益率,嘉实基金管理有限公司,中国工商银行股份有限公司,股票型ETF,主题指数ETF,931992.CSI,358710116.0,10503700,7214563,0.68,0.68685920199549,-0.117508813
2024-04-11,562860.SH,嘉实中证疫苗与生物技术ETF,20230224,中证疫苗与生物技术指数,中证疫苗与生物技术指数收益率,嘉实基金管理有限公司,中国工商银行股份有限公司,股票型ETF,主题指数ETF,931992.CSI,354888836.5,15586900,10638177,0.68,0.6825075544207,0.191542655
2024-04-12,562860.SH,嘉实中证疫苗与生物技术ETF,20230224,中证疫苗与生物技术指数,中证疫苗与生物技术指数收益率,嘉实基金管理有限公司,中国工商银行股份有限公司,股票型ETF,主题指数ETF,931992.CSI,352901835.5,11119600,7566810,0.676,0.68049300334544,0.162987109
2024-04-15,562860.SH,嘉实中证疫苗与生物技术ETF,20230224,中证疫苗与生物技术指数,中证疫苗与生物技术指数收益率,嘉实基金管理有限公司,中国工商银行股份有限公司,股票型ETF,主题指数ETF,931992.CSI,349712176.0,13230800,8858705,0.669,0.66955172778668,0.029904306
2024-04-16,562860.SH,嘉实中证疫苗与生物技术ETF,20230224,中证疫苗与生物技术指数,中证疫苗与生物技术指数收益率,嘉实基金管理有限公司,中国工商银行股份有限公司,股票型ETF,主题指数ETF,931992.CSI,341868751.0,11346100,7571982,0.653,0.6673642925763,-0.122361578
2024-04-17,562860.SH,嘉实中证疫苗与生物技术ETF,20230224,中证疫苗与生物技术指数,中证疫苗与生物技术指数收益率,嘉实基金管理有限公司,中国工商银行股份有限公司,股票型ETF,主题指数ETF,931992.CSI,347829754.0,12027700,7977126,0.665,0.66322954513332,-0.030066146
2024-04-18,562860.SH,嘉实中证疫苗与生物技术ETF,20230224,中证疫苗与生物技术指数,中证疫苗与生物技术指数收益率,嘉实基金管理有限公司,中国工商银行股份有限公司,股票型ETF,主题指数ETF,931992.CSI,344624132.0,13672300,9061387,0.66,0.66275513264045,-0.241837969
2024-04-19,562860.SH,嘉实中证疫苗与生物技术ETF,20230224,中证疫苗与生物技术指数,中证疫苗与生物技术指数收益率,嘉实基金管理有限公司,中国工商银行股份有限公司,股票型ETF,主题指数ETF,931992.CSI,340092345.5,11242600,7355237,0.651,0.65422918186185,-0.291009343
2024-04-22,562860.SH,嘉实中证疫苗与生物技术ETF,20230224,中证疫苗与生物技术指数,中证疫苗与生物技术指数收益率,嘉实基金管理有限公司,中国工商银行股份有限公司,股票型ETF,主题指数ETF,931992.CSI,342315031.5,11607800,7667609,0.659,0.6605566084874,-0.106108837
2024-04-23,562860.SH,嘉实中证疫苗与生物技术ETF,20230224,中证疫苗与生物技术指数,中证疫苗与生物技术指数收益率,嘉实基金管理有限公司,中国工商银行股份有限公司,股票型ETF,主题指数ETF,931992.CSI,339831898.0,15586100,10055323,0.652,0.64514682954684,-0.061312078
2024-04-24,562860.SH,嘉实中证疫苗与生物技术ETF,20230224,中证疫苗与生物技术指数,中证疫苗与生物技术指数收益率,嘉实基金管理有限公司,中国工商银行股份有限公司,股票型ETF,主题指数ETF,931992.CSI,337696228.5,12043800,7783970,0.648,0.64630515285873,-0.046274873
2024-04-25,562860.SH,嘉实中证疫苗与生物技术ETF,20230224,中证疫苗与生物技术指数,中证疫苗与生物技术指数收益率,嘉实基金管理有限公司,中国工商银行股份有限公司,股票型ETF,主题指数ETF,931992.CSI,338738018.5,9542600,6178296,0.651,0.64744367363192,0.107642626
2024-04-26,562860.SH,嘉实中证疫苗与生物技术ETF,20230224,中证疫苗与生物技术指数,中证疫苗与生物技术指数收益率,嘉实基金管理有限公司,中国工商银行股份有限公司,股票型ETF,主题指数ETF,931992.CSI,347072338.5,12250300,8054520,0.666,0.65749573479833,-0.045024764
2024-04-29,562860.SH,嘉实中证疫苗与生物技术ETF,20230224,中证疫苗与生物技术指数,中证疫苗与生物技术指数收益率,嘉实基金管理有限公司,中国工商银行股份有限公司,股票型ETF,主题指数ETF,931992.CSI,353218899.5,12410000,8372586,0.677,0.67466446414182,-0.162217962
2024-04-30,562860.SH,嘉实中证疫苗与生物技术ETF,20230224,中证疫苗与生物技术指数,中证疫苗与生物技术指数收益率,嘉实基金管理有限公司,中国工商银行股份有限公司,股票型ETF,主题指数ETF,931992.CSI,352698004.5,8629900,5833516,0.677,0.67596565429495,-0.014768867
2024-05-06,562860.SH,嘉实中证疫苗与生物技术ETF,20230224,中证疫苗与生物技术指数,中证疫苗与生物技术指数收益率,嘉实基金管理有限公司,中国工商银行股份有限公司,股票型ETF,主题指数ETF,931992.CSI,361202809.5,13629900,9418704,0.696,0.69103250940946,-0.014365752
2024-05-07,562860.SH,嘉实中证疫苗与生物技术ETF,20230224,中证疫苗与生物技术指数,中证疫苗与生物技术指数收益率,嘉实基金管理有限公司,中国工商银行股份有限公司,股票型ETF,主题指数ETF,931992.CSI,361981152.0,8178200,5684874,0.696,0.69512533320291,-0.229357798
2024-05-08,562860.SH,嘉实中证疫苗与生物技术ETF,20230224,中证疫苗与生物技术指数,中证疫苗与生物技术指数收益率,嘉实基金管理有限公司,中国工商银行股份有限公司,股票型ETF,主题指数ETF,931992.CSI,361202809.5,10094500,7070676,0.696,0.70044836296993,-0.014365752
2024-05-09,562860.SH,嘉实中证疫苗与生物技术ETF,20230224,中证疫苗与生物技术指数,中证疫苗与生物技术指数收益率,嘉实基金管理有限公司,中国工商银行股份有限公司,股票型ETF,主题指数ETF,931992.CSI,364938853.5,12639800,8850786,0.704,0.7002314910046,0.099530783
2024-05-10,562860.SH,嘉实中证疫苗与生物技术ETF,20230224,中证疫苗与生物技术指数,中证疫苗与生物技术指数收益率,嘉实基金管理有限公司,中国工商银行股份有限公司,股票型ETF,主题指数ETF,931992.CSI,358712113.5,13566200,9449790,0.69,0.69656867803807,-0.188051497
2024-05-13,562860.SH,嘉实中证疫苗与生物技术ETF,20230224,中证疫苗与生物技术指数,中证疫苗与生物技术指数收益率,嘉实基金管理有限公司,中国工商银行股份有限公司,股票型ETF,主题指数ETF,931992.CSI,352641042.0,9424800,6440422,0.679,0.68334839996605,-0.088287228
2024-05-14,562860.SH,嘉实中证疫苗与生物技术ETF,20230224,中证疫苗与生物技术指数,中证疫苗与生物技术指数收益率,嘉实基金管理有限公司,中国工商银行股份有限公司,股票型ETF,主题指数ETF,931992.CSI,353349422.0,12457933,8521700,0.684,0.68403803423891,0.058513751
2024-05-15,562860.SH,嘉实中证疫苗与生物技术ETF,20230224,中证疫苗与生物技术指数,中证疫苗与生物技术指数收益率,嘉实基金管理有限公司,中国工商银行股份有限公司,股票型ETF,主题指数ETF,931992.CSI,347870335.0,10874000,7348043,0.673,0.67574425234504,0
2024-05-16,562860.SH,嘉实中证疫苗与生物技术ETF,20230224,中证疫苗与生物技术指数,中证疫苗与生物技术指数收益率,嘉实基金管理有限公司,中国工商银行股份有限公司,股票型ETF,主题指数ETF,931992.CSI,345027412.5,10244800,6858739,0.668,0.66948490941746,0.074906367
2024-05-17,562860.SH,嘉实中证疫苗与生物技术ETF,20230224,中证疫苗与生物技术指数,中证疫苗与生物技术指数收益率,嘉实基金管理有限公司,中国工商银行股份有限公司,股票型ETF,主题指数ETF,931992.CSI,347766956.0,11795500,7894821,0.674,0.66930787164597,0.178359096
2024-05-20,562860.SH,嘉实中证疫苗与生物技术ETF,20230224,中证疫苗与生物技术指数,中证疫苗与生物技术指数收益率,嘉实基金管理有限公司,中国工商银行股份有限公司,股票型ETF,主题指数ETF,931992.CSI,347922024.5,11550600,7778016,0.673,0.67338631759389,-0.014856633
2024-05-21,562860.SH,嘉实中证疫苗与生物技术ETF,20230224,中证疫苗与生物技术指数,中证疫苗与生物技术指数收益率,嘉实基金管理有限公司,中国工商银行股份有限公司,股票型ETF,主题指数ETF,931992.CSI,342494627.0,9797100,6512420,0.662,0.66472935868777,-0.090552369
2024-05-22,562860.SH,嘉实中证疫苗与生物技术ETF,20230224,中证疫苗与生物技术指数,中证疫苗与生物技术指数收益率,嘉实基金管理有限公司,中国工商银行股份有限公司,股票型ETF,主题指数ETF,931992.CSI,343425038.0,10330700,6843210,0.665,0.66241493800033,0.090307044
2024-05-23,562860.SH,嘉实中证疫苗与生物技术ETF,20230224,中证疫苗与生物技术指数,中证疫苗与生物技术指数收益率,嘉实基金管理有限公司,中国工商银行股份有限公司,股票型ETF,主题指数ETF,931992.CSI,336240197.5,11082000,7242060,0.65,0.65349756361668,-0.076863951
2024-05-24,562860.SH,嘉实中证疫苗与生物技术ETF,20230224,中证疫苗与生物技术指数,中证疫苗与生物技术指数收益率,嘉实基金管理有限公司,中国工商银行股份有限公司,股票型ETF,主题指数ETF,931992.CSI,330864489.5,10950600,7058516,0.641,0.6445780139901,0.140603031
2024-05-27,562860.SH,嘉实中证疫苗与生物技术ETF,20230224,中证疫苗与生物技术指数,中证疫苗与生物技术指数收益率,嘉实基金管理有限公司,中国工商银行股份有限公司,股票型ETF,主题指数ETF,931992.CSI,332053348.0,7369400,4693701,0.642,0.63691765951095,-0.062266501
2024-05-28,562860.SH,嘉实中证疫苗与生物技术ETF,20230224,中证疫苗与生物技术指数,中证疫苗与生物技术指数收益率,嘉实基金管理有限公司,中国工商银行股份有限公司,股票型ETF,主题指数ETF,931992.CSI,331106899.5,8111500,5190401,0.639,0.63988177279172,0.141043724
2024-05-29,562860.SH,嘉实中证疫苗与生物技术ETF,20230224,中证疫苗与生物技术指数,中证疫苗与生物技术指数收益率,嘉实基金管理有限公司,中国工商银行股份有限公司,股票型ETF,主题指数ETF,931992.CSI,329757772.5,6533400,4158753,0.636,0.63653733125172,0.078678206
2024-05-30,562860.SH,嘉实中证疫苗与生物技术ETF,20230224,中证疫苗与生物技术指数,中证疫苗与生物技术指数收益率,嘉实基金管理有限公司,中国工商银行股份有限公司,股票型ETF,主题指数ETF,931992.CSI,329653993.5,9434600,5984232,0.635,0.63428571428571,-0.047221785
2024-05-31,562860.SH,嘉实中证疫苗与生物技术ETF,20230224,中证疫苗与生物技术指数,中证疫苗与生物技术指数收益率,嘉实基金管理有限公司,中国工商银行股份有限公司,股票型ETF,主题指数ETF,931992.CSI,330017220.0,7159500,4555220,0.636,0.63624834136462,0
2024-06-03,562860.SH,嘉实中证疫苗与生物技术ETF,20230224,中证疫苗与生物技术指数,中证疫苗与生物技术指数收益率,嘉实基金管理有限公司,中国工商银行股份有限公司,股票型ETF,主题指数ETF,931992.CSI,325399054.5,6936000,4375115,0.627,0.6307835928489,-0.01594642
2024-06-04,562860.SH,嘉实中证疫苗与生物技术ETF,20230224,中证疫苗与生物技术指数,中证疫苗与生物技术指数收益率,嘉实基金管理有限公司,中国工商银行股份有限公司,股票型ETF,主题指数ETF,931992.CSI,329653993.5,9421200,5959298,0.636,0.63254128985692,0.110184165
2024-06-05,562860.SH,嘉实中证疫苗与生物技术ETF,20230224,中证疫苗与生物技术指数,中证疫苗与生物技术指数收益率,嘉实基金管理有限公司,中国工商银行股份有限公司,股票型ETF,主题指数ETF,931992.CSI,328304866.5,4695300,2987724,0.632,0.63632227972654,-0.110636953
2024-06-06,562860.SH,嘉实中证疫苗与生物技术ETF,20230224,中证疫苗与生物技术指数,中证疫苗与生物技术指数收益率,嘉实基金管理有限公司,中国工商银行股份有限公司,股票型ETF,主题指数ETF,931992.CSI,319898767.5,8158500,5081623,0.617,0.62286241343384,0.081103001
2024-06-07,562860.SH,嘉实中证疫苗与生物技术ETF,20230224,中证疫苗与生物技术指数,中证疫苗与生物技术指数收益率,嘉实基金管理有限公司,中国工商银行股份有限公司,股票型ETF,主题指数ETF,931992.CSI,318912867.0,3238800,1995815,0.616,0.61622051377053,0.227790433
2024-06-11,562860.SH,嘉实中证疫苗与生物技术ETF,20230224,中证疫苗与生物技术指数,中证疫苗与生物技术指数收益率,嘉实基金管理有限公司,中国工商银行股份有限公司,股票型ETF,主题指数ETF,931992.CSI,324465043.5,9283200,5708190,0.625,0.6148946483971,-0.047976971
2024-06-12,562860.SH,嘉实中证疫苗与生物技术ETF,20230224,中证疫苗与生物技术指数,中证疫苗与生物技术指数收益率,嘉实基金管理有限公司,中国工商银行股份有限公司,股票型ETF,主题指数ETF,931992.CSI,324153706.5,6955400,4345647,0.624,0.6247875032349,-0.112053786
2024-06-13,562860.SH,嘉实中证疫苗与生物技术ETF,20230224,中证疫苗与生物技术指数,中证疫苗与生物技术指数收益率,嘉实基金管理有限公司,中国工商银行股份有限公司,股票型ETF,主题指数ETF,931992.CSI,323115916.5,6549300,4077389,0.621,0.62256867146107,-0.273004657
2024-06-14,562860.SH,嘉实中证疫苗与生物技术ETF,20230224,中证疫苗与生物技术指数,中证疫苗与生物技术指数收益率,嘉实基金管理有限公司,中国工商银行股份有限公司,股票型ETF,主题指数ETF,931992.CSI,318912867.0,8779700,5397809,0.615,0.61480563117191,0.065082981
2024-06-17,562860.SH,嘉实中证疫苗与生物技术ETF,20230224,中证疫苗与生物技术指数,中证疫苗与生物技术指数收益率,嘉实基金管理有限公司,中国工商银行股份有限公司,股票型ETF,主题指数ETF,931992.CSI,318757198.5,8517500,5226203,0.613,0.61358415027884,-0.211622986
2024-06-18,562860.SH,嘉实中证疫苗与生物技术ETF,20230224,中证疫苗与生物技术指数,中证疫苗与生物技术指数收益率,嘉实基金管理有限公司,中国工商银行股份有限公司,股票型ETF,主题指数ETF,931992.CSI,316577839.5,8889600,5433506,0.61,0.61122052735781,-0.016390756
2024-06-19,562860.SH,嘉实中证疫苗与生物技术ETF,20230224,中证疫苗与生物技术指数,中证疫苗与生物技术指数收益率,嘉实基金管理有限公司,中国工商银行股份有限公司,股票型ETF,主题指数ETF,931992.CSI,311752116.0,8947900,5398151,0.602,0.6032869164832,0.199733688
2024-06-20,562860.SH,嘉实中证疫苗与生物技术ETF,20230224,中证疫苗与生物技术指数,中证疫苗与生物技术指数收益率,嘉实基金管理有限公司,中国工商银行股份有限公司,股票型ETF,主题指数ETF,931992.CSI,307912293.0,9254600,5564499,0.594,0.60126845028418,0.101112235
2024-06-21,562860.SH,嘉实中证疫苗与生物技术ETF,20230224,中证疫苗与生物技术指数,中证疫苗与生物技术指数收益率,嘉实基金管理有限公司,中国工商银行股份有限公司,股票型ETF,主题指数ETF,931992.CSI,310662436.5,6451100,3861957,0.598,0.59865092774876,-0.116919993
2024-06-24,562860.SH,嘉实中证疫苗与生物技术ETF,20230224,中证疫苗与生物技术指数,中证疫苗与生物技术指数收益率,嘉实基金管理有限公司,中国工商银行股份有限公司,股票型ETF,主题指数ETF,931992.CSI,301633663.5,11852000,6977074,0.582,0.58868326020925,0.120419749
2024-06-25,562860.SH,嘉实中证疫苗与生物技术ETF,20230224,中证疫苗与生物技术指数,中证疫苗与生物技术指数收益率,嘉实基金管理有限公司,中国工商银行股份有限公司,股票型ETF,主题指数ETF,931992.CSI,299246746.5,7527400,4367114,0.576,0.58016234025029,-0.121380267
2024-06-26,562860.SH,嘉实中证疫苗与生物技术ETF,20230224,中证疫苗与生物技术指数,中证疫苗与生物技术指数收益率,嘉实基金管理有限公司,中国工商银行股份有限公司,股票型ETF,主题指数ETF,931992.CSI,308586856.5,9133000,5314896,0.595,0.58194415854593,0.050445603
2024-06-27,562860.SH,嘉实中证疫苗与生物技术ETF,20230224,中证疫苗与生物技术指数,中证疫苗与生物技术指数收益率,嘉实基金管理有限公司,中国工商银行股份有限公司,股票型ETF,主题指数ETF,931992.CSI,300751542.0,5878500,3452511,0.58,0.58731155907119,0.069013112
2024-06-28,562860.SH,嘉实中证疫苗与生物技术ETF,20230224,中证疫苗与生物技术指数,中证疫苗与生物技术指数收益率,嘉实基金管理有限公司,中国工商银行股份有限公司,股票型ETF,主题指数ETF,931992.CSI,299514625.0,3719900,2150725,0.576,0.57816742385548,0.173913043
2024-07-01,562860.SH,嘉实中证疫苗与生物技术ETF,20230224,中证疫苗与生物技术指数,中证疫苗与生物技术指数收益率,嘉实基金管理有限公司,中国工商银行股份有限公司,股票型ETF,主题指数ETF,931992.CSI,300556415.0,11046100,6301654,0.575,0.57048677813889,-0.346620451
2024-07-02,562860.SH,嘉实中证疫苗与生物技术ETF,20230224,中证疫苗与生物技术指数,中证疫苗与生物技术指数收益率,嘉实基金管理有限公司,中国工商银行股份有限公司,股票型ETF,主题指数ETF,931992.CSI,298108208.5,1826300,1048828,0.572,0.57429118983738,-0.052420059
2024-07-03,562860.SH,嘉实中证疫苗与生物技术ETF,20230224,中证疫苗与生物技术指数,中证疫苗与生物技术指数收益率,嘉实基金管理有限公司,中国工商银行股份有限公司,股票型ETF,主题指数ETF,931992.CSI,295816270.5,3010200,1715173,0.569,0.56978705733838,0.193696073
2024-07-04,562860.SH,嘉实中证疫苗与生物技术ETF,20230224,中证疫苗与生物技术指数,中证疫苗与生物技术指数收益率,嘉实基金管理有限公司,中国工商银行股份有限公司,股票型ETF,主题指数ETF,931992.CSI,288732098.5,10551100,5930328,0.556,0.56205779492186,0.306693126
2024-07-05,562860.SH,嘉实中证疫苗与生物技术ETF,20230224,中证疫苗与生物技术指数,中证疫苗与生物技术指数收益率,嘉实基金管理有限公司,中国工商银行股份有限公司,股票型ETF,主题指数ETF,931992.CSI,298108208.5,7940800,4487005,0.57,0.5650570471489,-0.401887122
2024-07-08,562860.SH,嘉实中证疫苗与生物技术ETF,20230224,中证疫苗与生物技术指数,中证疫苗与生物技术指数收益率,嘉实基金管理有限公司,中国工商银行股份有限公司,股票型ETF,主题指数ETF,931992.CSI,288680009.0,4545700,2544100,0.555,0.559671777724,0.144352219
2024-07-09,562860.SH,嘉实中证疫苗与生物技术ETF,20230224,中证疫苗与生物技术指数,中证疫苗与生物技术指数收益率,嘉实基金管理有限公司,中国工商银行股份有限公司,股票型ETF,主题指数ETF,931992.CSI,290049856.5,10222400,5639991,0.555,0.55172865471905,0.054083288
2024-07-10,562860.SH,嘉实中证疫苗与生物技术ETF,20230224,中证疫苗与生物技术指数,中证疫苗与生物技术指数收益率,嘉实基金管理有限公司,中国工商银行股份有限公司,股票型ETF,主题指数ETF,931992.CSI,290834199.0,5469600,3046992,0.556,0.55707766564283,-0.035958288
2024-07-11,562860.SH,嘉实中证疫苗与生物技术ETF,20230224,中证疫苗与生物技术指数,中证疫苗与生物技术指数收益率,嘉实基金管理有限公司,中国工商银行股份有限公司,股票型ETF,主题指数ETF,931992.CSI,299305098.0,10473900,5940604,0.572,0.56718166108135,-0.069881202
2024-07-12,562860.SH,嘉实中证疫苗与生物技术ETF,20230224,中证疫苗与生物技术指数,中证疫苗与生物技术指数收益率,嘉实基金管理有限公司,中国工商银行股份有限公司,股票型ETF,主题指数ETF,931992.CSI,300873783.0,11267100,6473119,0.576,0.57451509261478,0.104275287
2024-07-15,562860.SH,嘉实中证疫苗与生物技术ETF,20230224,中证疫苗与生物技术指数,中证疫苗与生物技术指数收益率,嘉实基金管理有限公司,中国工商银行股份有限公司,股票型ETF,主题指数ETF,931992.CSI,297684123.5,10446900,5944514,0.568,0.5690218150839,-0.228350606
2024-07-16,562860.SH,嘉实中证疫苗与生物技术ETF,20230224,中证疫苗与生物技术指数,中证疫苗与生物技术指数收益率,嘉实基金管理有限公司,中国工商银行股份有限公司,股票型ETF,主题指数ETF,931992.CSI,298207018.5,9874900,5621458,0.57,0.56926733435275,-0.052603893
2024-07-17,562860.SH,嘉实中证疫苗与生物技术ETF,20230224,中证疫苗与生物技术指数,中证疫苗与生物技术指数收益率,嘉实基金管理有限公司,中国工商银行股份有限公司,股票型ETF,主题指数ETF,931992.CSI,304220311.0,9952300,5757208,0.581,0.57848015031701,-0.137504297
2024-07-18,562860.SH,嘉实中证疫苗与生物技术ETF,20230224,中证疫苗与生物技术指数,中证疫苗与生物技术指数收益率,嘉实基金管理有限公司,中国工商银行股份有限公司,股票型ETF,主题指数ETF,931992.CSI,306102733.0,9068300,5262171,0.585,0.58028197126253,-0.068329347
2024-07-19,562860.SH,嘉实中证疫苗与生物技术ETF,20230224,中证疫苗与生物技术指数,中证疫苗与生物技术指数收益率,嘉实基金管理有限公司,中国工商银行股份有限公司,股票型ETF,主题指数ETF,931992.CSI,307200812.5,4267500,2497895,0.588,0.58532981839484,0.085106383
2024-07-22,562860.SH,嘉实中证疫苗与生物技术ETF,20230224,中证疫苗与生物技术指数,中证疫苗与生物技术指数收益率,嘉实基金管理有限公司,中国工商银行股份有限公司,股票型ETF,主题指数ETF,931992.CSI,306887075.5,8795019,5154718,0.585,0.58609515226744,-0.323734878
2024-07-23,562860.SH,嘉实中证疫苗与生物技术ETF,20230224,中证疫苗与生物技术指数,中证疫苗与生物技术指数收益率,嘉实基金管理有限公司,中国工商银行股份有限公司,股票型ETF,主题指数ETF,931992.CSI,293187226.5,12895000,7327351,0.561,0.56823195036836,0.053504548
2024-07-24,562860.SH,嘉实中证疫苗与生物技术ETF,20230224,中证疫苗与生物技术指数,中证疫苗与生物技术指数收益率,嘉实基金管理有限公司,中国工商银行股份有限公司,股票型ETF,主题指数ETF,931992.CSI,288794908.5,9413700,5232031,0.552,0.55578900963489,-0.054318305
2024-07-25,562860.SH,嘉实中证疫苗与生物技术ETF,20230224,中证疫苗与生物技术指数,中证疫苗与生物技术指数收益率,嘉实基金管理有限公司,中国工商银行股份有限公司,股票型ETF,主题指数ETF,931992.CSI,289945277.5,4440100,2467732,0.553,0.55578297786086,-0.270513977
2024-07-26,562860.SH,嘉实中证疫苗与生物技术ETF,20230224,中证疫苗与生物技术指数,中证疫苗与生物技术指数收益率,嘉实基金管理有限公司,中国工商银行股份有限公司,股票型ETF,主题指数ETF,931992.CSI,289317803.5,10822400,6000745,0.554,0.55447451581904,0.126513645
2024-07-29,562860.SH,嘉实中证疫苗与生物技术ETF,20230224,中证疫苗与生物技术指数,中证疫苗与生物技术指数收益率,嘉实基金管理有限公司,中国工商银行股份有限公司,股票型ETF,主题指数ETF,931992.CSI,285343801.5,6026900,3302724,0.546,0.54799714612819,0.054975261
2024-07-30,562860.SH,嘉实中证疫苗与生物技术ETF,20230224,中证疫苗与生物技术指数,中证疫苗与生物技术指数收益率,嘉实基金管理有限公司,中国工商银行股份有限公司,股票型ETF,主题指数ETF,931992.CSI,285291512.0,9391900,5121265,0.545,0.54528529903427,-0.109970674
2024-07-31,562860.SH,嘉实中证疫苗与生物技术ETF,20230224,中证疫苗与生物技术指数,中证疫苗与生物技术指数收益率,嘉实基金管理有限公司,中国工商银行股份有限公司,股票型ETF,主题指数ETF,931992.CSI,302337889.0,18947500,10826031,0.579,0.57136989048687,0.138360429
2024-08-01,562860.SH,嘉实中证疫苗与生物技术ETF,20230224,中证疫苗与生物技术指数,中证疫苗与生物技术指数收益率,嘉实基金管理有限公司,中国工商银行股份有限公司,股票型ETF,主题指数ETF,931992.CSI,298154729.0,13426800,7687129,0.571,0.57252130068222,0.140301649
2024-08-02,562860.SH,嘉实中证疫苗与生物技术ETF,20230224,中证疫苗与生物技术指数,中证疫苗与生物技术指数收益率,嘉实基金管理有限公司,中国工商银行股份有限公司,股票型ETF,主题指数ETF,931992.CSI,300029982.0,10397800,5992723,0.571,0.57634528457943,-0.104968509
2024-08-05,562860.SH,嘉实中证疫苗与生物技术ETF,20230224,中证疫苗与生物技术指数,中证疫苗与生物技术指数收益率,嘉实基金管理有限公司,中国工商银行股份有限公司,股票型ETF,主题指数ETF,931992.CSI,296303227.5,10663300,6123263,0.564,0.57423714985042,-0.088573959
2024-08-06,562860.SH,嘉实中证疫苗与生物技术ETF,20230224,中证疫苗与生物技术指数,中证疫苗与生物技术指数收益率,嘉实基金管理有限公司,中国工商银行股份有限公司,股票型ETF,主题指数ETF,931992.CSI,303704247.0,12960100,7441670,0.576,0.57419850155477,-0.449360525
2024-08-07,562860.SH,嘉实中证疫苗与生物技术ETF,20230224,中证疫苗与生物技术指数,中证疫苗与生物技术指数收益率,嘉实基金管理有限公司,中国工商银行股份有限公司,股票型ETF,主题指数ETF,931992.CSI,301027282.5,5453800,3122684,0.574,0.57257031794345,0.087183958
2024-08-08,562860.SH,嘉实中证疫苗与生物技术ETF,20230224,中证疫苗与生物技术指数,中证疫苗与生物技术指数收益率,嘉实基金管理有限公司,中国工商银行股份有限公司,股票型ETF,主题指数ETF,931992.CSI,301762135.5,12263700,7042030,0.575,0.57421740584,0.017394329
2024-08-09,562860.SH,嘉实中证疫苗与生物技术ETF,20230224,中证疫苗与生物技术指数,中证疫苗与生物技术指数收益率,嘉实基金管理有限公司,中国工商银行股份有限公司,股票型ETF,主题指数ETF,931992.CSI,296408206.5,12352800,7058493,0.565,0.5714083446668,0.053125553
2024-08-12,562860.SH,嘉实中证疫苗与生物技术ETF,20230224,中证疫苗与生物技术指数,中证疫苗与生物技术指数收益率,嘉实基金管理有限公司,中国工商银行股份有限公司,股票型ETF,主题指数ETF,931992.CSI,301027282.5,15405500,8797306,0.574,0.57104969004576,0.087183958
2024-08-13,562860.SH,嘉实中证疫苗与生物技术ETF,20230224,中证疫苗与生物技术指数,中证疫苗与生物技术指数收益率,嘉实基金管理有限公司,中国工商银行股份有限公司,股票型ETF,主题指数ETF,931992.CSI,296952070.5,3127800,1778790,0.568,0.56870324189526,0.017608734
2024-08-14,562860.SH,嘉实中证疫苗与生物技术ETF,20230224,中证疫苗与生物技术指数,中证疫苗与生物技术指数收益率,嘉实基金管理有限公司,中国工商银行股份有限公司,股票型ETF,主题指数ETF,931992.CSI,291566252.0,11392400,6378616,0.558,0.55990098662266,0.071736011
2024-08-15,562860.SH,嘉实中证疫苗与生物技术ETF,20230224,中证疫苗与生物技术指数,中证疫苗与生物技术指数收益率,嘉实基金管理有限公司,中国工商银行股份有限公司,股票型ETF,主题指数ETF,931992.CSI,294023858.5,12280500,6873877,0.562,0.55973918000081,-0.053352303
2024-08-16,562860.SH,嘉实中证疫苗与生物技术ETF,20230224,中证疫苗与生物技术指数,中证疫苗与生物技术指数收益率,嘉实基金管理有限公司,中国工商银行股份有限公司,股票型ETF,主题指数ETF,931992.CSI,292847169.0,7319500,4087500,0.562,0.55843978413826,-0.035574529
2024-08-19,562860.SH,嘉实中证疫苗与生物技术ETF,20230224,中证疫苗与生物技术指数,中证疫苗与生物技术指数收益率,嘉实基金管理有限公司,中国工商银行股份有限公司,股票型ETF,主题指数ETF,931992.CSI,291461673.0,7841200,4410837,0.558,0.56252066010305,0.107642626
2024-08-20,562860.SH,嘉实中证疫苗与生物技术ETF,20230224,中证疫苗与生物技术指数,中证疫苗与生物技术指数收益率,嘉实基金管理有限公司,中国工商银行股份有限公司,股票型ETF,主题指数ETF,931992.CSI,285082354.0,6695700,3666735,0.546,0.54762534163717,0.146735143
2024-08-21,562860.SH,嘉实中证疫苗与生物技术ETF,20230224,中证疫苗与生物技术指数,中证疫苗与生物技术指数收益率,嘉实基金管理有限公司,中国工商银行股份有限公司,股票型ETF,主题指数ETF,931992.CSI,283023384.0,6640400,3597903,0.54,0.54182022167339,0.148367953
2024-08-22,562860.SH,嘉实中证疫苗与生物技术ETF,20230224,中证疫苗与生物技术指数,中证疫苗与生物技术指数收益率,嘉实基金管理有限公司,中国工商银行股份有限公司,股票型ETF,主题指数ETF,931992.CSI,280556377.5,10290800,5516431,0.535,0.53605463132118,0.09354537
2024-08-23,562860.SH,嘉实中证疫苗与生物技术ETF,20230224,中证疫苗与生物技术指数,中证疫苗与生物技术指数收益率,嘉实基金管理有限公司,中国工商银行股份有限公司,股票型ETF,主题指数ETF,931992.CSI,277354518.0,6269300,3318057,0.529,0.52925478123554,0.113550341
2024-08-26,562860.SH,嘉实中证疫苗与生物技术ETF,20230224,中证疫苗与生物技术指数,中证疫苗与生物技术指数收益率,嘉实基金管理有限公司,中国工商银行股份有限公司,股票型ETF,主题指数ETF,931992.CSI,278719245.0,13107100,6932134,0.53,0.52888388735876,-0.188323917
2024-08-27,562860.SH,嘉实中证疫苗与生物技术ETF,20230224,中证疫苗与生物技术指数,中证疫苗与生物技术指数收益率,嘉实基金管理有限公司,中国工商银行股份有限公司,股票型ETF,主题指数ETF,931992.CSI,279086671.5,13853400,7381341,0.531,0.53281800857551,-0.131653188
2024-08-28,562860.SH,嘉实中证疫苗与生物技术ETF,20230224,中证疫苗与生物技术指数,中证疫苗与生物技术指数收益率,嘉实基金管理有限公司,中国工商银行股份有限公司,股票型ETF,主题指数ETF,931992.CSI,279191650.5,14320600,7615117,0.533,0.53175963297627,0.206805791
2024-08-29,562860.SH,嘉实中证疫苗与生物技术ETF,20230224,中证疫苗与生物技术指数,中证疫苗与生物技术指数收益率,嘉实基金管理有限公司,中国工商银行股份有限公司,股票型ETF,主题指数ETF,931992.CSI,283233342.0,11266400,6058919,0.54,0.53778660441667,0.074128984
2024-08-30,562860.SH,嘉实中证疫苗与生物技术ETF,20230224,中证疫苗与生物技术指数,中证疫苗与生物技术指数收益率,嘉实基金管理有限公司,中国工商银行股份有限公司,股票型ETF,主题指数ETF,931992.CSI,284335621.5,11597400,6293164,0.542,0.5426357631883,0.055381207
2024-09-02,562860.SH,嘉实中证疫苗与生物技术ETF,20230224,中证疫苗与生物技术指数,中证疫苗与生物技术指数收益率,嘉实基金管理有限公司,中国工商银行股份有限公司,股票型ETF,主题指数ETF,931992.CSI,278351818.5,14003400,7500346,0.531,0.53560892354714,0.132000754
2024-09-03,562860.SH,嘉实中证疫苗与生物技术ETF,20230224,中证疫苗与生物技术指数,中证疫苗与生物技术指数收益率,嘉实基金管理有限公司,中国工商银行股份有限公司,股票型ETF,主题指数ETF,931992.CSI,279611566.5,16825600,8994895,0.532,0.53459579450361,-0.131406045
2024-09-04,562860.SH,嘉实中证疫苗与生物技术ETF,20230224,中证疫苗与生物技术指数,中证疫苗与生物技术指数收益率,嘉实基金管理有限公司,中国工商银行股份有限公司,股票型ETF,主题指数ETF,931992.CSI,277931902.5,14149200,7527619,0.53,0.53201728719645,0.094428706
2024-09-05,562860.SH,嘉实中证疫苗与生物技术ETF,20230224,中证疫苗与生物技术指数,中证疫苗与生物技术指数收益率,嘉实基金管理有限公司,中国工商银行股份有限公司,股票型ETF,主题指数ETF,931992.CSI,281133762.0,13779700,7372342,0.535,0.53501469553038,-0.112023898
2024-09-06,562860.SH,嘉实中证疫苗与生物技术ETF,20230224,中证疫苗与生物技术指数,中证疫苗与生物技术指数收益率,嘉实基金管理有限公司,中国工商银行股份有限公司,股票型ETF,主题指数ETF,931992.CSI,275097469.5,11530000,6064883,0.525,0.52600893321769,0.171722954
2024-09-09,562860.SH,嘉实中证疫苗与生物技术ETF,20230224,中证疫苗与生物技术指数,中证疫苗与生物技术指数收益率,嘉实基金管理有限公司,中国工商银行股份有限公司,股票型ETF,主题指数ETF,931992.CSI,274047679.5,13457700,7034127,0.521,0.52268418823425,-0.210687608
2024-09-10,562860.SH,嘉实中证疫苗与生物技术ETF,20230224,中证疫苗与生物技术指数,中证疫苗与生物技术指数收益率,嘉实基金管理有限公司,中国工商银行股份有限公司,股票型ETF,主题指数ETF,931992.CSI,274310127.0,15010500,7775395,0.522,0.51799706871856,-0.114810563
2024-09-11,562860.SH,嘉实中证疫苗与生物技术ETF,20230224,中证疫苗与生物技术指数,中证疫苗与生物技术指数收益率,嘉实基金管理有限公司,中国工商银行股份有限公司,股票型ETF,主题指数ETF,931992.CSI,277197049.5,11828900,6190109,0.526,0.52330385750154,-0.39765196
2024-09-12,562860.SH,嘉实中证疫苗与生物技术ETF,20230224,中证疫苗与生物技术指数,中证疫苗与生物技术指数收益率,嘉实基金管理有限公司,中国工商银行股份有限公司,股票型ETF,主题指数ETF,931992.CSI,273421795.5,14712400,7802110,0.524,0.53030844729616,0.210365271
2024-09-13,562860.SH,嘉实中证疫苗与生物技术ETF,20230224,中证疫苗与生物技术指数,中证疫苗与生物技术指数收益率,嘉实基金管理有限公司,中国工商银行股份有限公司,股票型ETF,主题指数ETF,931992.CSI,269500083.0,14012600,7292139,0.516,0.52039871258724,0.116414435
2024-09-18,562860.SH,嘉实中证疫苗与生物技术ETF,20230224,中证疫苗与生物技术指数,中证疫苗与生物技术指数收益率,嘉实基金管理有限公司,中国工商银行股份有限公司,股票型ETF,主题指数ETF,931992.CSI,269029477.5,13609000,6961443,0.514,0.51153229480491,-0.09718173
2024-09-19,562860.SH,嘉实中证疫苗与生物技术ETF,20230224,中证疫苗与生物技术指数,中证疫苗与生物技术指数收益率,嘉实基金管理有限公司,中国工商银行股份有限公司,股票型ETF,主题指数ETF,931992.CSI,273160348.0,15268500,7908946,0.522,0.51799102727838,-0.076569678
2024-09-20,562860.SH,嘉实中证疫苗与生物技术ETF,20230224,中证疫苗与生物技术指数,中证疫苗与生物技术指数收益率,嘉实基金管理有限公司,中国工商银行股份有限公司,股票型ETF,主题指数ETF,931992.CSI,269447793.5,16160300,8319047,0.516,0.51478295576196,0.135843198
2024-09-23,562860.SH,嘉实中证疫苗与生物技术ETF,20230224,中证疫苗与生物技术指数,中证疫苗与生物技术指数收益率,嘉实基金管理有限公司,中国工商银行股份有限公司,股票型ETF,主题指数ETF,931992.CSI,267303924.0,12240800,6299783,0.512,0.5146545160447,0.156494523
2024-09-24,562860.SH,嘉实中证疫苗与生物技术ETF,20230224,中证疫苗与生物技术指数,中证疫苗与生物技术指数收益率,嘉实基金管理有限公司,中国工商银行股份有限公司,股票型ETF,主题指数ETF,931992.CSI,276977481.5,13077200,6848546,0.527,0.52370125103233,-0.509722484
2024-09-25,562860.SH,嘉实中证疫苗与生物技术ETF,20230224,中证疫苗与生物技术指数,中证疫苗与生物技术指数收益率,嘉实基金管理有限公司,中国工商银行股份有限公司,股票型ETF,主题指数ETF,931992.CSI,280033152.0,23559300,12798894,0.536,0.54326291528186,-0.297619048
2024-09-26,562860.SH,嘉实中证疫苗与生物技术ETF,20230224,中证疫苗与生物技术指数,中证疫苗与生物技术指数收益率,嘉实基金管理有限公司,中国工商银行股份有限公司,股票型ETF,主题指数ETF,931992.CSI,293263885.0,24026300,13092473,0.563,0.54492256402359,0
2024-09-27,562860.SH,嘉实中证疫苗与生物技术ETF,20230224,中证疫苗与生物技术指数,中证疫苗与生物技术指数收益率,嘉实基金管理有限公司,中国工商银行股份有限公司,股票型ETF,主题指数ETF,931992.CSI,314568490.5,8838000,5168956,0.59,0.58485584973976,-2.30170558
2024-09-30,562860.SH,嘉实中证疫苗与生物技术ETF,20230224,中证疫苗与生物技术指数,中证疫苗与生物技术指数收益率,嘉实基金管理有限公司,中国工商银行股份有限公司,股票型ETF,主题指数ETF,931992.CSI,352188156.744,14774600,9477618,0.649,0.64148051385486,-5.116959064
2024-10-08,562860.SH,嘉实中证疫苗与生物技术ETF,20230224,中证疫苗与生物技术指数,中证疫苗与生物技术指数收益率,嘉实基金管理有限公司,中国工商银行股份有限公司,股票型ETF,主题指数ETF,931992.CSI,388876989.0,8873611,6335758,0.714,0.7139999713758,-5.829596413
2024-10-09,562860.SH,嘉实中证疫苗与生物技术ETF,20230224,中证疫苗与生物技术指数,中证疫苗与生物技术指数收益率,嘉实基金管理有限公司,中国工商银行股份有限公司,股票型ETF,主题指数ETF,931992.CSI,353880905.5,43526800,31434040,0.696,0.72217668195227,-0.699101156
2024-10-10,562860.SH,嘉实中证疫苗与生物技术ETF,20230224,中证疫苗与生物技术指数,中证疫苗与生物技术指数收益率,嘉实基金管理有限公司,中国工商银行股份有限公司,股票型ETF,主题指数ETF,931992.CSI,342990312.5,21830000,15255389,0.687,0.69882679798443,-0.072727273
2024-10-11,562860.SH,嘉实中证疫苗与生物技术ETF,20230224,中证疫苗与生物技术指数,中证疫苗与生物技术指数收益率,嘉实基金管理有限公司,中国工商银行股份有限公司,股票型ETF,主题指数ETF,931992.CSI,321487938.0,16075000,10519744,0.645,0.65441642301711,0.09310987
2024-10-14,562860.SH,嘉实中证疫苗与生物技术ETF,20230224,中证疫苗与生物技术指数,中证疫苗与生物技术指数收益率,嘉实基金管理有限公司,中国工商银行股份有限公司,股票型ETF,主题指数ETF,931992.CSI,324581087.0,5836700,3725633,0.65,0.63831154590779,-0.092222564
2024-10-15,562860.SH,嘉实中证疫苗与生物技术ETF,20230224,中证疫苗与生物技术指数,中证疫苗与生物技术指数收益率,嘉实基金管理有限公司,中国工商银行股份有限公司,股票型ETF,主题指数ETF,931992.CSI,315501198.0,17845600,11471614,0.633,0.64282590666607,0.09487666
2024-10-16,562860.SH,嘉实中证疫苗与生物技术ETF,20230224,中证疫苗与生物技术指数,中证疫苗与生物技术指数收益率,嘉实基金管理有限公司,中国工商银行股份有限公司,股票型ETF,主题指数ETF,931992.CSI,310708443.5,19505100,12245295,0.623,0.6277996523986,-0.367823445
2024-10-17,562860.SH,嘉实中证疫苗与生物技术ETF,20230224,中证疫苗与生物技术指数,中证疫苗与生物技术指数收益率,嘉实基金管理有限公司,中国工商银行股份有限公司,股票型ETF,主题指数ETF,931992.CSI,308869932.0,21385500,13506007,0.62,0.63154974164738,-0.257400257
2024-10-18,562860.SH,嘉实中证疫苗与生物技术ETF,20230224,中证疫苗与生物技术指数,中证疫苗与生物技术指数收益率,嘉实基金管理有限公司,中国工商银行股份有限公司,股票型ETF,主题指数ETF,931992.CSI,323265414.0,23786200,15062976,0.653,0.63326533872582,-0.030618494
2024-10-21,562860.SH,嘉实中证疫苗与生物技术ETF,20230224,中证疫苗与生物技术指数,中证疫苗与生物技术指数收益率,嘉实基金管理有限公司,中国工商银行股份有限公司,股票型ETF,主题指数ETF,931992.CSI,324651120.0,16508300,10822929,0.654,0.65560530157557,-0.304878049
2024-10-22,562860.SH,嘉实中证疫苗与生物技术ETF,20230224,中证疫苗与生物技术指数,中证疫苗与生物技术指数收益率,嘉实基金管理有限公司,中国工商银行股份有限公司,股票型ETF,主题指数ETF,931992.CSI,325640910.0,10413100,6820382,0.657,0.65498093747299,-0.151975684
2024-10-23,562860.SH,嘉实中证疫苗与生物技术ETF,20230224,中证疫苗与生物技术指数,中证疫苗与生物技术指数收益率,嘉实基金管理有限公司,中国工商银行股份有限公司,股票型ETF,主题指数ETF,931992.CSI,326729679.0,24288800,16065576,0.659,0.6614396759,-0.181763102
2024-10-24,562860.SH,嘉实中证疫苗与生物技术ETF,20230224,中证疫苗与生物技术指数,中证疫苗与生物技术指数收益率,嘉实基金管理有限公司,中国工商银行股份有限公司,股票型ETF,主题指数ETF,931992.CSI,332463628.0,31535200,21133391,0.667,0.67015243283696,0.090036014
2024-10-25,562860.SH,嘉实中证疫苗与生物技术ETF,20230224,中证疫苗与生物技术指数,中证疫苗与生物技术指数收益率,嘉实基金管理有限公司,中国工商银行股份有限公司,股票型ETF,主题指数ETF,931992.CSI,334409318.5,28174500,18757757,0.67,0.66577071465332,-0.044756079
2024-10-28,562860.SH,嘉实中证疫苗与生物技术ETF,20230224,中证疫苗与生物技术指数,中证疫苗与生物技术指数收益率,嘉实基金管理有限公司,中国工商银行股份有限公司,股票型ETF,主题指数ETF,931992.CSI,333014845.5,24984900,16688082,0.673,0.66792670773147,0.014861049
2024-10-29,562860.SH,嘉实中证疫苗与生物技术ETF,20230224,中证疫苗与生物技术指数,中证疫苗与生物技术指数收益率,嘉实基金管理有限公司,中国工商银行股份有限公司,股票型ETF,主题指数ETF,931992.CSI,325129871.5,27203400,17965237,0.652,0.66040410389878,0.046033451
2024-10-30,562860.SH,嘉实中证疫苗与生物技术ETF,20230224,中证疫苗与生物技术指数,中证疫苗与生物技术指数收益率,嘉实基金管理有限公司,中国工商银行股份有限公司,股票型ETF,主题指数ETF,931992.CSI,320540037.5,23113200,14934745,0.641,0.6461565252756,-0.233463035
2024-10-31,562860.SH,嘉实中证疫苗与生物技术ETF,20230224,中证疫苗与生物技术指数,中证疫苗与生物技术指数收益率,嘉实基金管理有限公司,中国工商银行股份有限公司,股票型ETF,主题指数ETF,931992.CSI,319155658.5,17184600,11067567,0.642,0.64403983799448,-0.046707146
2024-11-01,562860.SH,嘉实中证疫苗与生物技术ETF,20230224,中证疫苗与生物技术指数,中证疫苗与生物技术指数收益率,嘉实基金管理有限公司,中国工商银行股份有限公司,股票型ETF,主题指数ETF,931992.CSI,316820252.0,16692100,10686896,0.637,0.64023675870621,-0.094102886
2024-11-04,562860.SH,嘉实中证疫苗与生物技术ETF,20230224,中证疫苗与生物技术指数,中证疫苗与生物技术指数收益率,嘉实基金管理有限公司,中国工商银行股份有限公司,股票型ETF,主题指数ETF,931992.CSI,321043859.5,8134700,5242490,0.645,0.64446015218754,-0.170252283
2024-11-05,562860.SH,嘉实中证疫苗与生物技术ETF,20230224,中证疫苗与生物技术指数,中证疫苗与生物技术指数收益率,嘉实基金管理有限公司,中国工商银行股份有限公司,股票型ETF,主题指数ETF,931992.CSI,323990716.5,22978200,15115271,0.66,0.65780918435735,-0.407424174
2024-11-06,562860.SH,嘉实中证疫苗与生物技术ETF,20230224,中证疫苗与生物技术指数,中证疫苗与生物技术指数收益率,嘉实基金管理有限公司,中国工商银行股份有限公司,股票型ETF,主题指数ETF,931992.CSI,322572921.0,14872500,9849000,0.658,0.66222894604135,-0.272809942
2024-11-07,562860.SH,嘉实中证疫苗与生物技术ETF,20230224,中证疫苗与生物技术指数,中证疫苗与生物技术指数收益率,嘉实基金管理有限公司,中国工商银行股份有限公司,股票型ETF,主题指数ETF,931992.CSI,327837415.5,19578200,13103474,0.678,0.66928900511794,-0.132567388
2024-11-08,562860.SH,嘉实中证疫苗与生物技术ETF,20230224,中证疫苗与生物技术指数,中证疫苗与生物技术指数收益率,嘉实基金管理有限公司,中国工商银行股份有限公司,股票型ETF,主题指数ETF,931992.CSI,326050704.0,11667700,7937886,0.674,0.68032997077402,-0.177725118
2024-11-11,562860.SH,嘉实中证疫苗与生物技术ETF,20230224,中证疫苗与生物技术指数,中证疫苗与生物技术指数收益率,嘉实基金管理有限公司,中国工商银行股份有限公司,股票型ETF,主题指数ETF,931992.CSI,329486755.5,25172400,17137809,0.69,0.68081744291367,-0.130264872
2024-11-12,562860.SH,嘉实中证疫苗与生物技术ETF,20230224,中证疫苗与生物技术指数,中证疫苗与生物技术指数收益率,嘉实基金管理有限公司,中国工商银行股份有限公司,股票型ETF,主题指数ETF,931992.CSI,335087636.0,32655300,22974018,0.698,0.70353106540133,0.172215844
2024-11-13,562860.SH,嘉实中证疫苗与生物技术ETF,20230224,中证疫苗与生物技术指数,中证疫苗与生物技术指数收益率,嘉实基金管理有限公司,中国工商银行股份有限公司,股票型ETF,主题指数ETF,931992.CSI,333294129.0,18796500,12931847,0.69,0.68799228579789,-0.028977108
2024-11-14,562860.SH,嘉实中证疫苗与生物技术ETF,20230224,中证疫苗与生物技术指数,中证疫苗与生物技术指数收益率,嘉实基金管理有限公司,中国工商银行股份有限公司,股票型ETF,主题指数ETF,931992.CSI,322477281.0,21465600,14591623,0.669,0.67976776796363,0.179694519
2024-11-15,562860.SH,嘉实中证疫苗与生物技术ETF,20230224,中证疫苗与生物技术指数,中证疫苗与生物技术指数收益率,嘉实基金管理有限公司,中国工商银行股份有限公司,股票型ETF,主题指数ETF,931992.CSI,317601608.5,23388600,15541949,0.652,0.66450959014221,-0.045991108
2024-11-18,562860.SH,嘉实中证疫苗与生物技术ETF,20230224,中证疫苗与生物技术指数,中证疫苗与生物技术指数收益率,嘉实基金管理有限公司,中国工商银行股份有限公司,股票型ETF,主题指数ETF,931992.CSI,312440521.5,19021900,12380253,0.642,0.65084208202125,0.046750818
2024-11-19,562860.SH,嘉实中证疫苗与生物技术ETF,20230224,中证疫苗与生物技术指数,中证疫苗与生物技术指数收益率,嘉实基金管理有限公司,中国工商银行股份有限公司,股票型ETF,主题指数ETF,931992.CSI,317601608.5,21516900,13860804,0.652,0.64418220096761,-0.045991108
2024-11-20,562860.SH,嘉实中证疫苗与生物技术ETF,20230224,中证疫苗与生物技术指数,中证疫苗与生物技术指数收益率,嘉实基金管理有限公司,中国工商银行股份有限公司,股票型ETF,主题指数ETF,931992.CSI,322957453.5,21173100,14014692,0.663,0.66191025404877,-0.045228403
2024-11-21,562860.SH,嘉实中证疫苗与生物技术ETF,20230224,中证疫苗与生物技术指数,中证疫苗与生物技术指数收益率,嘉实基金管理有限公司,中国工商银行股份有限公司,股票型ETF,主题指数ETF,931992.CSI,322178421.5,18069300,11948093,0.662,0.66123718129645,0.045337766
2024-11-22,562860.SH,嘉实中证疫苗与生物技术ETF,20230224,中证疫苗与生物技术指数,中证疫苗与生物技术指数收益率,嘉实基金管理有限公司,中国工商银行股份有限公司,股票型ETF,主题指数ETF,931992.CSI,310981982.5,23001000,14930383,0.633,0.6491188643972,-0.078926598
2024-11-25,562860.SH,嘉实中证疫苗与生物技术ETF,20230224,中证疫苗与生物技术指数,中证疫苗与生物技术指数收益率,嘉实基金管理有限公司,中国工商银行股份有限公司,股票型ETF,主题指数ETF,931992.CSI,315058484.0,21227800,13473176,0.638,0.63469488124064,-0.187734668
2024-11-26,562860.SH,嘉实中证疫苗与生物技术ETF,20230224,中证疫苗与生物技术指数,中证疫苗与生物技术指数收益率,嘉实基金管理有限公司,中国工商银行股份有限公司,股票型ETF,主题指数ETF,931992.CSI,311034999.0,20489000,13190277,0.636,0.64377358582654,-0.031436655
2024-11-27,562860.SH,嘉实中证疫苗与生物技术ETF,20230224,中证疫苗与生物技术指数,中证疫苗与生物技术指数收益率,嘉实基金管理有限公司,中国工商银行股份有限公司,股票型ETF,主题指数ETF,931992.CSI,319938144.5,20714300,13248128,0.649,0.63956435892113,-0.015405947
2024-11-28,562860.SH,嘉实中证疫苗与生物技术ETF,20230224,中证疫苗与生物技术指数,中证疫苗与生物技术指数收益率,嘉实基金管理有限公司,中国工商银行股份有限公司,股票型ETF,主题指数ETF,931992.CSI,318114433.0,20683900,13402767,0.646,0.64798065161793,0.092965603
2024-11-29,562860.SH,嘉实中证疫苗与生物技术ETF,20230224,中证疫苗与生物技术指数,中证疫苗与生物技术指数收益率,嘉实基金管理有限公司,中国工商银行股份有限公司,股票型ETF,主题指数ETF,931992.CSI,322846225.0,23268100,15230911,0.655,0.6545833566127,0
2024-12-02,562860.SH,嘉实中证疫苗与生物技术ETF,20230224,中证疫苗与生物技术指数,中证疫苗与生物技术指数收益率,嘉实基金管理有限公司,中国工商银行股份有限公司,股票型ETF,主题指数ETF,931992.CSI,327134411.5,23501700,15576727,0.663,0.66279150018935,-0.105469339
2024-12-03,562860.SH,嘉实中证疫苗与生物技术ETF,20230224,中证疫苗与生物技术指数,中证疫苗与生物技术指数收益率,嘉实基金管理有限公司,中国工商银行股份有限公司,股票型ETF,主题指数ETF,931992.CSI,327183701.0,24676000,16311643,0.663,0.66103270384179,-0.120518228
2024-12-04,562860.SH,嘉实中证疫苗与生物技术ETF,20230224,中证疫苗与生物技术指数,中证疫苗与生物技术指数收益率,嘉实基金管理有限公司,中国工商银行股份有限公司,股票型ETF,主题指数ETF,931992.CSI,321564698.0,23324500,15366706,0.65,0.65882252567043,-0.367872471
2024-12-05,562860.SH,嘉实中证疫苗与生物技术ETF,20230224,中证疫苗与生物技术指数,中证疫苗与生物技术指数收益率,嘉实基金管理有限公司,中国工商银行股份有限公司,股票型ETF,主题指数ETF,931992.CSI,316636435.0,27299200,17783628,0.652,0.65143403469699,-0.153139357
2024-12-06,562860.SH,嘉实中证疫苗与生物技术ETF,20230224,中证疫苗与生物技术指数,中证疫苗与生物技术指数收益率,嘉实基金管理有限公司,中国工商银行股份有限公司,股票型ETF,主题指数ETF,931992.CSI,320159385.0,22527900,14833524,0.663,0.65845125377865,0
2024-12-09,562860.SH,嘉实中证疫苗与生物技术ETF,20230224,中证疫苗与生物技术指数,中证疫苗与生物技术指数收益率,嘉实基金管理有限公司,中国工商银行股份有限公司,股票型ETF,主题指数ETF,931992.CSI,318227805.0,20549400,13600641,0.659,0.66185100294899,0
2024-12-10,562860.SH,嘉实中证疫苗与生物技术ETF,20230224,中证疫苗与生物技术指数,中证疫苗与生物技术指数收益率,嘉实基金管理有限公司,中国工商银行股份有限公司,股票型ETF,主题指数ETF,931992.CSI,316645374.0,26223520,17545625,0.66,0.66907970402143,-0.181488203
2024-12-11,562860.SH,嘉实中证疫苗与生物技术ETF,20230224,中证疫苗与生物技术指数,中证疫苗与生物技术指数收益率,嘉实基金管理有限公司,中国工商银行股份有限公司,股票型ETF,主题指数ETF,931992.CSI,316597484.5,15485300,10243703,0.66,0.66151143342396,-0.166389351
2024-12-12,562860.SH,嘉实中证疫苗与生物技术ETF,20230224,中证疫苗与生物技术指数,中证疫苗与生物技术指数收益率,嘉实基金管理有限公司,中国工商银行股份有限公司,股票型ETF,主题指数ETF,931992.CSI,317938390.5,19191500,12683849,0.663,0.6609097256598,-0.135562585
2024-12-13,562860.SH,嘉实中证疫苗与生物技术ETF,20230224,中证疫苗与生物技术指数,中证疫苗与生物技术指数收益率,嘉实基金管理有限公司,中国工商银行股份有限公司,股票型ETF,主题指数ETF,931992.CSI,310132402.0,18337300,11962633,0.648,0.65236610624247,0.061766523
2024-12-16,562860.SH,嘉实中证疫苗与生物技术ETF,20230224,中证疫苗与生物技术指数,中证疫苗与生物技术指数收益率,嘉实基金管理有限公司,中国工商银行股份有限公司,股票型ETF,主题指数ETF,931992.CSI,307306921.5,17316800,11131627,0.642,0.64282240367735,0.046750818
2024-12-17,562860.SH,嘉实中证疫苗与生物技术ETF,20230224,中证疫苗与生物技术指数,中证疫苗与生物技术指数收益率,嘉实基金管理有限公司,中国工商银行股份有限公司,股票型ETF,主题指数ETF,931992.CSI,305272146.0,17772900,11305865,0.636,0.63612944426627,0.189035917
2024-12-18,562860.SH,嘉实中证疫苗与生物技术ETF,20230224,中证疫苗与生物技术指数,中证疫苗与生物技术指数收益率,嘉实基金管理有限公司,中国工商银行股份有限公司,股票型ETF,主题指数ETF,931992.CSI,305945399.0,15501610,9872959,0.636,0.63689894146479,-0.031436655
2024-12-19,562860.SH,嘉实中证疫苗与生物技术ETF,20230224,中证疫苗与生物技术指数,中证疫苗与生物技术指数收益率,嘉实基金管理有限公司,中国工商银行股份有限公司,股票型ETF,主题指数ETF,931992.CSI,307024641.0,18424600,11581292,0.636,0.628577662473,0.031456433
2024-12-20,562860.SH,嘉实中证疫苗与生物技术ETF,20230224,中证疫苗与生物技术指数,中证疫苗与生物技术指数收益率,嘉实基金管理有限公司,中国工商银行股份有限公司,股票型ETF,主题指数ETF,931992.CSI,308376747.0,16588400,10612613,0.639,0.63976109811676,0.062637018
2024-12-23,562860.SH,嘉实中证疫苗与生物技术ETF,20230224,中证疫苗与生物技术指数,中证疫苗与生物技术指数收益率,嘉实基金管理有限公司,中国工商银行股份有限公司,股票型ETF,主题指数ETF,931992.CSI,301857664.5,16002800,10116474,0.626,0.6321689954258,0.143976964
2024-12-24,562860.SH,嘉实中证疫苗与生物技术ETF,20230224,中证疫苗与生物技术指数,中证疫苗与生物技术指数收益率,嘉实基金管理有限公司,中国工商银行股份有限公司,股票型ETF,主题指数ETF,931992.CSI,304899903.0,14200200,8925432,0.631,0.62854269658174,-0.063351283
2024-12-25,562860.SH,嘉实中证疫苗与生物技术ETF,20230224,中证疫苗与生物技术指数,中证疫苗与生物技术指数收益率,嘉实基金管理有限公司,中国工商银行股份有限公司,股票型ETF,主题指数ETF,931992.CSI,301905954.0,15099900,9446465,0.626,0.6255978516414,0.127959053
2024-12-26,562860.SH,嘉实中证疫苗与生物技术ETF,20230224,中证疫苗与生物技术指数,中证疫苗与生物技术指数收益率,嘉实基金管理有限公司,中国工商银行股份有限公司,股票型ETF,主题指数ETF,931992.CSI,301423059.0,14929300,9342311,0.624,0.62577019686121,-0.032041012
2024-12-27,562860.SH,嘉实中证疫苗与生物技术ETF,20230224,中证疫苗与生物技术指数,中证疫苗与生物技术指数收益率,嘉实基金管理有限公司,中国工商银行股份有限公司,股票型ETF,主题指数ETF,931992.CSI,302099112.0,18477200,11600638,0.626,0.62783527807244,0.063938619
2024-12-30,562860.SH,嘉实中证疫苗与生物技术ETF,20230224,中证疫苗与生物技术指数,中证疫苗与生物技术指数收益率,嘉实基金管理有限公司,中国工商银行股份有限公司,股票型ETF,主题指数ETF,931992.CSI,299549495.5,18008500,11217775,0.623,0.62291556764861,0.016053941
2024-12-31,562860.SH,嘉实中证疫苗与生物技术ETF,20230224,中证疫苗与生物技术指数,中证疫苗与生物技术指数收益率,嘉实基金管理有限公司,中国工商银行股份有限公司,股票型ETF,主题指数ETF,931992.CSI,292432228.8246,19668600,12141729,0.608,0.61731536560813,-0.016444664
2025-01-02,562860.SH,嘉实中证疫苗与生物技术ETF,20230224,中证疫苗与生物技术指数,中证疫苗与生物技术指数收益率,嘉实基金管理有限公司,中国工商银行股份有限公司,股票型ETF,主题指数ETF,931992.CSI,284737929.5,18095400,10863453,0.592,0.60034334692795,-0.016889039
2025-01-03,562860.SH,嘉实中证疫苗与生物技术ETF,20230224,中证疫苗与生物技术指数,中证疫苗与生物技术指数收益率,嘉实基金管理有限公司,中国工商银行股份有限公司,股票型ETF,主题指数ETF,931992.CSI,281063475.5,20293900,12051177,0.586,0.59383248168169,-0.1533481
2025-01-06,562860.SH,嘉实中证疫苗与生物技术ETF,20230224,中证疫苗与生物技术指数,中证疫苗与生物技术指数收益率,嘉实基金管理有限公司,中国工商银行股份有限公司,股票型ETF,主题指数ETF,931992.CSI,284128403.5,19653400,11683561,0.596,0.59448039524968,0.455081746
2025-01-07,562860.SH,嘉实中证疫苗与生物技术ETF,20230224,中证疫苗与生物技术指数,中证疫苗与生物技术指数收益率,嘉实基金管理有限公司,中国工商银行股份有限公司,股票型ETF,主题指数ETF,931992.CSI,283073049.0,19007200,11098787,0.587,0.58392540721411,0.136472194
2025-01-08,562860.SH,嘉实中证疫苗与生物技术ETF,20230224,中证疫苗与生物技术指数,中证疫苗与生物技术指数收益率,嘉实基金管理有限公司,中国工商银行股份有限公司,股票型ETF,主题指数ETF,931992.CSI,281479495.5,22888100,13330360,0.582,0.58241444243952,-0.154400412
2025-01-09,562860.SH,嘉实中证疫苗与生物技术ETF,20230224,中证疫苗与生物技术指数,中证疫苗与生物技术指数收益率,嘉实基金管理有限公司,中国工商银行股份有限公司,股票型ETF,主题指数ETF,931992.CSI,279692784.0,14924900,8675844,0.58,0.58129997520921,0.138121547
2025-01-10,562860.SH,嘉实中证疫苗与生物技术ETF,20230224,中证疫苗与生物技术指数,中证疫苗与生物技术指数收益率,嘉实基金管理有限公司,中国工商银行股份有限公司,股票型ETF,主题指数ETF,931992.CSI,273656596.5,15858900,9073503,0.567,0.57213949265081,0.052938062
2025-01-13,562860.SH,嘉实中证疫苗与生物技术ETF,20230224,中证疫苗与生物技术指数,中证疫苗与生物技术指数收益率,嘉实基金管理有限公司,中国工商银行股份有限公司,股票型ETF,主题指数ETF,931992.CSI,277069003.0,19008300,10815433,0.571,0.56898475928936,-0.0700035
2025-01-14,562860.SH,嘉实中证疫苗与生物技术ETF,20230224,中证疫苗与生物技术指数,中证疫苗与生物技术指数收益率,嘉实基金管理有限公司,中国工商银行股份有限公司,股票型ETF,主题指数ETF,931992.CSI,284183707.5,22130700,12866944,0.588,0.58140700474906,-0.084961767
2025-01-15,562860.SH,嘉实中证疫苗与生物技术ETF,20230224,中证疫苗与生物技术指数,中证疫苗与生物技术指数收益率,嘉实基金管理有限公司,中国工商银行股份有限公司,股票型ETF,主题指数ETF,931992.CSI,281382916.5,14046400,8180604,0.583,0.5823986217109,0.051484469
2025-01-16,562860.SH,嘉实中证疫苗与生物技术ETF,20230224,中证疫苗与生物技术指数,中证疫苗与生物技术指数收益率,嘉实基金管理有限公司,中国工商银行股份有限公司,股票型ETF,主题指数ETF,931992.CSI,281576074.5,21147200,12344051,0.583,0.58372035068472,-0.017149717
2025-01-17,562860.SH,嘉实中证疫苗与生物技术ETF,20230224,中证疫苗与生物技术指数,中证疫苗与生物技术指数收益率,嘉实基金管理有限公司,中国工商银行股份有限公司,股票型ETF,主题指数ETF,931992.CSI,283507654.5,13746800,8052259,0.587,0.58575515756394,-0.017032873
2025-01-20,562860.SH,嘉实中证疫苗与生物技术ETF,20230224,中证疫苗与生物技术指数,中证疫苗与生物技术指数收益率,嘉实基金管理有限公司,中国工商银行股份有限公司,股票型ETF,主题指数ETF,931992.CSI,284112766.0,16125200,9551925,0.591,0.59236009475851,0.033852404
2025-01-21,562860.SH,嘉实中证疫苗与生物技术ETF,20230224,中证疫苗与生物技术指数,中证疫苗与生物技术指数收益率,嘉实基金管理有限公司,中国工商银行股份有限公司,股票型ETF,主题指数ETF,931992.CSI,282718170.5,16351600,9596325,0.587,0.58687376158908,-0.15308726
2025-01-22,562860.SH,嘉实中证疫苗与生物技术ETF,20230224,中证疫苗与生物技术指数,中证疫苗与生物技术指数收益率,嘉实基金管理有限公司,中国工商银行股份有限公司,股票型ETF,主题指数ETF,931992.CSI,280632470.0,13397800,7818158,0.585,0.58354043201123,-0.170648464
2025-01-23,562860.SH,嘉实中证疫苗与生物技术ETF,20230224,中证疫苗与生物技术指数,中证疫苗与生物技术指数收益率,嘉实基金管理有限公司,中国工商银行股份有限公司,股票型ETF,主题指数ETF,931992.CSI,280345133.0,17502700,10348350,0.587,0.59124306535563,0.27331739
2025-01-24,562860.SH,嘉实中证疫苗与生物技术ETF,20230224,中证疫苗与生物技术指数,中证疫苗与生物技术指数收益率,嘉实基金管理有限公司,中国工商银行股份有限公司,股票型ETF,主题指数ETF,931992.CSI,280680359.5,11829100,6932641,0.587,0.58606664919563,0.153557413
2025-01-27,562860.SH,嘉实中证疫苗与生物技术ETF,20230224,中证疫苗与生物技术指数,中证疫苗与生物技术指数收益率,嘉实基金管理有限公司,中国工商银行股份有限公司,股票型ETF,主题指数ETF,931992.CSI,278792817.0,16774600,9852009,0.588,0.58731707462473,0.581594252
2025-02-05,562860.SH,嘉实中证疫苗与生物技术ETF,20230224,中证疫苗与生物技术指数,中证疫苗与生物技术指数收益率,嘉实基金管理有限公司,中国工商银行股份有限公司,股票型ETF,主题指数ETF,931992.CSI,281368050.0,11393500,6705198,0.59,0.58851081757142,0
2025-02-06,562860.SH,嘉实中证疫苗与生物技术ETF,20230224,中证疫苗与生物技术指数,中证疫苗与生物技术指数收益率,嘉实基金管理有限公司,中国工商银行股份有限公司,股票型ETF,主题指数ETF,931992.CSI,284277109.5,14084400,8343846,0.595,0.59241756837352,-0.184532797
2025-02-07,562860.SH,嘉实中证疫苗与生物技术ETF,20230224,中证疫苗与生物技术指数,中证疫苗与生物技术指数收益率,嘉实基金管理有限公司,中国工商银行股份有限公司,股票型ETF,主题指数ETF,931992.CSI,286361685.0,23912300,14419608,0.604,0.60302053754762,0.165837479
2025-02-10,562860.SH,嘉实中证疫苗与生物技术ETF,20230224,中证疫苗与生物技术指数,中证疫苗与生物技术指数收益率,嘉实基金管理有限公司,中国工商银行股份有限公司,股票型ETF,主题指数ETF,931992.CSI,290635740.0,15444600,9391779,0.612,0.60809467386659,0
2025-02-11,562860.SH,嘉实中证疫苗与生物技术ETF,20230224,中证疫苗与生物技术指数,中证疫苗与生物技术指数收益率,嘉实基金管理有限公司,中国工商银行股份有限公司,股票型ETF,主题指数ETF,931992.CSI,287643901.5,11300000,6839106,0.606,0.60523061946903,0.04952947
2025-02-12,562860.SH,嘉实中证疫苗与生物技术ETF,20230224,中证疫苗与生物技术指数,中证疫苗与生物技术指数收益率,嘉实基金管理有限公司,中国工商银行股份有限公司,股票型ETF,主题指数ETF,931992.CSI,288688670.5,10079800,6099295,0.608,0.60510079565071,0.016450074
2025-02-13,562860.SH,嘉实中证疫苗与生物技术ETF,20230224,中证疫苗与生物技术指数,中证疫苗与生物技术指数收益率,嘉实基金管理有限公司,中国工商银行股份有限公司,股票型ETF,主题指数ETF,931992.CSI,285886790.0,14751900,8926895,0.603,0.60513527071089,0.166112957
2025-02-14,562860.SH,嘉实中证疫苗与生物技术ETF,20230224,中证疫苗与生物技术指数,中证疫苗与生物技术指数收益率,嘉实基金管理有限公司,中国工商银行股份有限公司,股票型ETF,主题指数ETF,931992.CSI,289835872.5,17865700,10950939,0.615,0.61295885411711,-0.081234768
2025-02-17,562860.SH,嘉实中证疫苗与生物技术ETF,20230224,中证疫苗与生物技术指数,中证疫苗与生物技术指数收益率,嘉实基金管理有限公司,中国工商银行股份有限公司,股票型ETF,主题指数ETF,931992.CSI,290855568.5,21850200,13586250,0.62,0.6217906472252,-0.048363695
2025-02-18,562860.SH,嘉实中证疫苗与生物技术ETF,20230224,中证疫苗与生物技术指数,中证疫苗与生物技术指数收益率,嘉实基金管理有限公司,中国工商银行股份有限公司,股票型ETF,主题指数ETF,931992.CSI,286072839.5,9021600,5545539,0.61,0.61469573024741,-0.016390756
2025-02-19,562860.SH,嘉实中证疫苗与生物技术ETF,20230224,中证疫苗与生物技术指数,中证疫苗与生物技术指数收益率,嘉实基金管理有限公司,中国工商银行股份有限公司,股票型ETF,主题指数ETF,931992.CSI,289129530.0,9727200,5959979,0.614,0.61271270252488,0
2025-02-20,562860.SH,嘉实中证疫苗与生物技术ETF,20230224,中证疫苗与生物技术指数,中证疫苗与生物技术指数收益率,嘉实基金管理有限公司,中国工商银行股份有限公司,股票型ETF,主题指数ETF,931992.CSI,289474900.0,15205700,9465200,0.619,0.62247709740426,-0.161290323
2025-02-21,562860.SH,嘉实中证疫苗与生物技术ETF,20230224,中证疫苗与生物技术指数,中证疫苗与生物技术指数收益率,嘉实基金管理有限公司,中国工商银行股份有限公司,股票型ETF,主题指数ETF,931992.CSI,292232997.0,14933900,9369576,0.629,0.62740315657665,0.063633471
2025-02-24,562860.SH,嘉实中证疫苗与生物技术ETF,20230224,中证疫苗与生物技术指数,中证疫苗与生物技术指数收益率,嘉实基金管理有限公司,中国工商银行股份有限公司,股票型ETF,主题指数ETF,931992.CSI,289708347.5,16275000,10112605,0.621,0.62135821812596,0.080580177
2025-02-25,562860.SH,嘉实中证疫苗与生物技术ETF,20230224,中证疫苗与生物技术指数,中证疫苗与生物技术指数收益率,嘉实基金管理有限公司,中国工商银行股份有限公司,股票型ETF,主题指数ETF,931992.CSI,289568279.0,17649900,10909725,0.618,0.61811823296449,-0.354724282
2025-02-26,562860.SH,嘉实中证疫苗与生物技术ETF,20230224,中证疫苗与生物技术指数,中证疫苗与生物技术指数收益率,嘉实基金管理有限公司,中国工商银行股份有限公司,股票型ETF,主题指数ETF,931992.CSI,291623850.0,20006100,12470549,0.629,0.62333733211371,-0.158730159
2025-02-27,562860.SH,嘉实中证疫苗与生物技术ETF,20230224,中证疫苗与生物技术指数,中证疫苗与生物技术指数收益率,嘉实基金管理有限公司,中国工商银行股份有限公司,股票型ETF,主题指数ETF,931992.CSI,291009103.0,19750800,12380867,0.631,0.62685395021974,-0.063351283
2025-02-28,562860.SH,嘉实中证疫苗与生物技术ETF,20230224,中证疫苗与生物技术指数,中证疫苗与生物技术指数收益率,嘉实基金管理有限公司,中国工商银行股份有限公司,股票型ETF,主题指数ETF,931992.CSI,283184104.5,18688600,11641073,0.614,0.62289700673138,-0.5023497
2025-03-03,562860.SH,嘉实中证疫苗与生物技术ETF,20230224,中证疫苗与生物技术指数,中证疫苗与生物技术指数收益率,嘉实基金管理有限公司,中国工商银行股份有限公司,股票型ETF,主题指数ETF,931992.CSI,283137831.5,20388800,12686613,0.619,0.62223441301106,-0.112957883
2025-03-04,562860.SH,嘉实中证疫苗与生物技术ETF,20230224,中证疫苗与生物技术指数,中证疫苗与生物技术指数收益率,嘉实基金管理有限公司,中国工商银行股份有限公司,股票型ETF,主题指数ETF,931992.CSI,283640416.0,9342200,5783192,0.621,0.61903962664041,0.032216495
2025-03-05,562860.SH,嘉实中证疫苗与生物技术ETF,20230224,中证疫苗与生物技术指数,中证疫苗与生物技术指数收益率,嘉实基金管理有限公司,中国工商银行股份有限公司,股票型ETF,主题指数ETF,931992.CSI,281995594.0,17581500,10822193,0.617,0.6155443505958,-0.032404407
2025-03-06,562860.SH,嘉实中证疫苗与生物技术ETF,20230224,中证疫苗与生物技术指数,中证疫苗与生物技术指数收益率,嘉实基金管理有限公司,中国工商银行股份有限公司,股票型ETF,主题指数ETF,931992.CSI,284780376.0,22435200,14033237,0.627,0.62550086471259,-0.286259542
2025-03-07,562860.SH,嘉实中证疫苗与生物技术ETF,20230224,中证疫苗与生物技术指数,中证疫苗与生物技术指数收益率,嘉实基金管理有限公司,中国工商银行股份有限公司,股票型ETF,主题指数ETF,931992.CSI,281745979.5,20136800,12540720,0.622,0.62277621071868,-0.016074586
2025-03-10,562860.SH,嘉实中证疫苗与生物技术ETF,20230224,中证疫苗与生物技术指数,中证疫苗与生物技术指数收益率,嘉实基金管理有限公司,中国工商银行股份有限公司,股票型ETF,主题指数ETF,931992.CSI,282380032.5,15814200,9841246,0.623,0.62230438466694,-0.080192462
2025-03-11,562860.SH,嘉实中证疫苗与生物技术ETF,20230224,中证疫苗与生物技术指数,中证疫苗与生物技术指数收益率,嘉实基金管理有限公司,中国工商银行股份有限公司,股票型ETF,主题指数ETF,931992.CSI,281403569.5,14930600,9247311,0.622,0.61935293960055,-0.336484538
2025-03-12,562860.SH,嘉实中证疫苗与生物技术ETF,20230224,中证疫苗与生物技术指数,中证疫苗与生物技术指数收益率,嘉实基金管理有限公司,中国工商银行股份有限公司,股票型ETF,主题指数ETF,931992.CSI,278608020.5,15725700,9745558,0.618,0.61972172939837,0.016183849
2025-03-13,562860.SH,嘉实中证疫苗与生物技术ETF,20230224,中证疫苗与生物技术指数,中证疫苗与生物技术指数收益率,嘉实基金管理有限公司,中国工商银行股份有限公司,股票型ETF,主题指数ETF,931992.CSI,278032240.5,15026600,9207482,0.613,0.6127455312579,-0.146603681
2025-03-14,562860.SH,嘉实中证疫苗与生物技术ETF,20230224,中证疫苗与生物技术指数,中证疫苗与生物技术指数收益率,嘉实基金管理有限公司,中国工商银行股份有限公司,股票型ETF,主题指数ETF,931992.CSI,283829296.5,19340400,12028528,0.625,0.62193791234928,-0.271262167
2025-03-17,562860.SH,嘉实中证疫苗与生物技术ETF,20230224,中证疫苗与生物技术指数,中证疫苗与生物技术指数收益率,嘉实基金管理有限公司,中国工商银行股份有限公司,股票型ETF,主题指数ETF,931992.CSI,284334387.0,16503400,10394895,0.631,0.62986384623774,0.063431652
2025-03-18,562860.SH,嘉实中证疫苗与生物技术ETF,20230224,中证疫苗与生物技术指数,中证疫苗与生物技术指数收益率,嘉实基金管理有限公司,中国工商银行股份有限公司,股票型ETF,主题指数ETF,931992.CSI,286363414.5,18683000,11855955,0.634,0.63458518439223,-0.173201071
2025-03-19,562860.SH,嘉实中证疫苗与生物技术ETF,20230224,中证疫苗与生物技术指数,中证疫苗与生物技术指数收益率,嘉实基金管理有限公司,中国工商银行股份有限公司,股票型ETF,主题指数ETF,931992.CSI,285957609.0,15644276,9943615,0.634,0.63560723423698,-0.031535793
2025-03-20,562860.SH,嘉实中证疫苗与生物技术ETF,20230224,中证疫苗与生物技术指数,中证疫苗与生物技术指数收益率,嘉实基金管理有限公司,中国工商银行股份有限公司,股票型ETF,主题指数ETF,931992.CSI,282310065.5,19383511,12215911,0.629,0.63022179005651,0.015900779
2025-03-21,562860.SH,嘉实中证疫苗与生物技术ETF,20230224,中证疫苗与生物技术指数,中证疫苗与生物技术指数收益率,嘉实基金管理有限公司,中国工商银行股份有限公司,股票型ETF,主题指数ETF,931992.CSI,277910894.5,23307620,14483978,0.62,0.62142672653836,0.145372315
2025-03-24,562860.SH,嘉实中证疫苗与生物技术ETF,20230224,中证疫苗与生物技术指数,中证疫苗与生物技术指数收益率,嘉实基金管理有限公司,中国工商银行股份有限公司,股票型ETF,主题指数ETF,931992.CSI,277147773.0,22946600,14134691,0.617,0.61598193196378,-0.06478782
2025-03-25,562860.SH,嘉实中证疫苗与生物技术ETF,20230224,中证疫苗与生物技术指数,中证疫苗与生物技术指数收益率,嘉实基金管理有限公司,中国工商银行股份有限公司,股票型ETF,主题指数ETF,931992.CSI,277910894.5,24810600,15302636,0.618,0.61677815127405,-0.177677273
2025-03-26,562860.SH,嘉实中证疫苗与生物技术ETF,20230224,中证疫苗与生物技术指数,中证疫苗与生物技术指数收益率,嘉实基金管理有限公司,中国工商银行股份有限公司,股票型ETF,主题指数ETF,931992.CSI,275912973.0,18084900,11178387,0.618,0.61810609956372,0.09718173
2025-03-27,562860.SH,嘉实中证疫苗与生物技术ETF,20230224,中证疫苗与生物技术指数,中证疫苗与生物技术指数收益率,嘉实基金管理有限公司,中国工商银行股份有限公司,股票型ETF,主题指数ETF,931992.CSI,281588539.5,23789700,14888961,0.629,0.62585745091363,-0.174575464
2025-03-28,562860.SH,嘉实中证疫苗与生物技术ETF,20230224,中证疫苗与生物技术指数,中证疫苗与生物技术指数收益率,嘉实基金管理有限公司,中国工商银行股份有限公司,股票型ETF,主题指数ETF,931992.CSI,281320402.5,20816200,13169242,0.629,0.63264390234529,-0.079428118
2025-03-31,562860.SH,嘉实中证疫苗与生物技术ETF,20230224,中证疫苗与生物技术指数,中证疫苗与生物技术指数收益率,嘉实基金管理有限公司,中国工商银行股份有限公司,股票型ETF,主题指数ETF,931992.CSI,275389983.954,23065000,14270412,0.618,0.61870418382831,-0.161550889
2025-04-01,562860.SH,嘉实中证疫苗与生物技术ETF,20230224,中证疫苗与生物技术指数,中证疫苗与生物技术指数收益率,嘉实基金管理有限公司,中国工商银行股份有限公司,股票型ETF,主题指数ETF,931992.CSI,279593995.5,34759000,22265114,0.643,0.64055680543169,0.015554519
2025-04-02,562860.SH,嘉实中证疫苗与生物技术ETF,20230224,中证疫苗与生物技术指数,中证疫苗与生物技术指数收益率,嘉实基金管理有限公司,中国工商银行股份有限公司,股票型ETF,主题指数ETF,931992.CSI,278680716.0,20834800,13366922,0.64,0.64156708967689,-0.124843945
2025-04-03,562860.SH,嘉实中证疫苗与生物技术ETF,20230224,中证疫苗与生物技术指数,中证疫苗与生物技术指数收益率,嘉实基金管理有限公司,中国工商银行股份有限公司,股票型ETF,主题指数ETF,931992.CSI,278463268.5,18669200,11970901,0.641,0.64121124633086,0.109323754
2025-04-07,562860.SH,嘉实中证疫苗与生物技术ETF,20230224,中证疫苗与生物技术指数,中证疫苗与生物技术指数收益率,嘉实基金管理有限公司,中国工商银行股份有限公司,股票型ETF,主题指数ETF,931992.CSI,250151604.0,22751700,13542806,0.584,0.59524369607546,1.529902643
2025-04-08,562860.SH,嘉实中证疫苗与生物技术ETF,20230224,中证疫苗与生物技术指数,中证疫苗与生物技术指数收益率,嘉实基金管理有限公司,中国工商银行股份有限公司,股票型ETF,主题指数ETF,931992.CSI,254228050.0,26531100,15489978,0.59,0.58384228320725,0
2025-04-09,562860.SH,嘉实中证疫苗与生物技术ETF,20230224,中证疫苗与生物技术指数,中证疫苗与生物技术指数收益率,嘉实基金管理有限公司,中国工商银行股份有限公司,股票型ETF,主题指数ETF,931992.CSI,256511793.5,24395200,14268498,0.593,0.58488956843969,-0.386359819
2025-04-10,562860.SH,嘉实中证疫苗与生物技术ETF,20230224,中证疫苗与生物技术指数,中证疫苗与生物技术指数收益率,嘉实基金管理有限公司,中国工商银行股份有限公司,股票型ETF,主题指数ETF,931992.CSI,261583060.5,22526200,13750553,0.61,0.6104248830251,0.016396131
2025-04-11,562860.SH,嘉实中证疫苗与生物技术ETF,20230224,中证疫苗与生物技术指数,中证疫苗与生物技术指数收益率,嘉实基金管理有限公司,中国工商银行股份有限公司,股票型ETF,主题指数ETF,931992.CSI,261387808.5,11532400,7047137,0.613,0.6110728902917,0.114323044
2025-04-14,562860.SH,嘉实中证疫苗与生物技术ETF,20230224,中证疫苗与生物技术指数,中证疫苗与生物技术指数收益率,嘉实基金管理有限公司,中国工商银行股份有限公司,股票型ETF,主题指数ETF,931992.CSI,264717589.5,14343600,8887014,0.619,0.61958044005689,-0.177390743
2025-04-15,562860.SH,嘉实中证疫苗与生物技术ETF,20230224,中证疫苗与生物技术指数,中证疫苗与生物技术指数收益率,嘉实基金管理有限公司,中国工商银行股份有限公司,股票型ETF,主题指数ETF,931992.CSI,263436904.5,23399000,14343863,0.616,0.61301179537587,-0.178253119
2025-04-16,562860.SH,嘉实中证疫苗与生物技术ETF,20230224,中证疫苗与生物技术指数,中证疫苗与生物技术指数收益率,嘉实基金管理有限公司,中国工商银行股份有限公司,股票型ETF,主题指数ETF,931992.CSI,259765607.5,26426800,15978754,0.607,0.60464203006039,-0.246507806
2025-04-17,562860.SH,嘉实中证疫苗与生物技术ETF,20230224,中证疫苗与生物技术指数,中证疫苗与生物技术指数收益率,嘉实基金管理有限公司,中国工商银行股份有限公司,股票型ETF,主题指数ETF,931992.CSI,258527612.0,18635300,11311030,0.606,0.6069679586591,0.066050198
2025-04-18,562860.SH,嘉实中证疫苗与生物技术ETF,20230224,中证疫苗与生物技术指数,中证疫苗与生物技术指数收益率,嘉实基金管理有限公司,中国工商银行股份有限公司,股票型ETF,主题指数ETF,931992.CSI,257887269.5,18926900,11434000,0.605,0.60411372173996,0.148981957
2025-04-21,562860.SH,嘉实中证疫苗与生物技术ETF,20230224,中证疫苗与生物技术指数,中证疫苗与生物技术指数收益率,嘉实基金管理有限公司,中国工商银行股份有限公司,股票型ETF,主题指数ETF,931992.CSI,261217050.5,18434500,11249648,0.611,0.61024969486561,-0.147082857
2025-04-22,562860.SH,嘉实中证疫苗与生物技术ETF,20230224,中证疫苗与生物技术指数,中证疫苗与生物技术指数收益率,嘉实基金管理有限公司,中国工商银行股份有限公司,股票型ETF,主题指数ETF,931992.CSI,260149813.0,18473100,11257165,0.609,0.60938147901543,-0.065638333
2025-04-23,562860.SH,嘉实中证疫苗与生物技术ETF,20230224,中证疫苗与生物技术指数,中证疫苗与生物技术指数收益率,嘉实基金管理有限公司,中国工商银行股份有限公司,股票型ETF,主题指数ETF,931992.CSI,257076169.0,14121300,8522551,0.603,0.6035245338602,0.13284623
2025-04-24,562860.SH,嘉实中证疫苗与生物技术ETF,20230224,中证疫苗与生物技术指数,中证疫苗与生物技术指数收益率,嘉实基金管理有限公司,中国工商银行股份有限公司,股票型ETF,主题指数ETF,931992.CSI,257374995.5,17797200,10697411,0.603,0.60107269682871,0.016586499
2025-04-25,562860.SH,嘉实中证疫苗与生物技术ETF,20230224,中证疫苗与生物技术指数,中证疫苗与生物技术指数收益率,嘉实基金管理有限公司,中国工商银行股份有限公司,股票型ETF,主题指数ETF,931992.CSI,257503064.0,7315600,4415473,0.604,0.60356949532506,0.132625995
2025-04-28,562860.SH,嘉实中证疫苗与生物技术ETF,20230224,中证疫苗与生物技术指数,中证疫苗与生物技术指数收益率,嘉实基金管理有限公司,中国工商银行股份有限公司,股票型ETF,主题指数ETF,931992.CSI,256222379.0,13393100,8022860,0.601,0.59902935093444,0.133288904
2025-04-29,562860.SH,嘉实中证疫苗与生物技术ETF,20230224,中证疫苗与生物技术指数,中证疫苗与生物技术指数收益率,嘉实基金管理有限公司,中国工商银行股份有限公司,股票型ETF,主题指数ETF,931992.CSI,255027073.0,12705300,7602061,0.597,0.59833778029641,-0.066956813
2025-04-30,562860.SH,嘉实中证疫苗与生物技术ETF,20230224,中证疫苗与生物技术指数,中证疫苗与生物技术指数收益率,嘉实基金管理有限公司,中国工商银行股份有限公司,股票型ETF,主题指数ETF,931992.CSI,256649274.0,20591300,12380274,0.602,0.60123809570061,0.133067199
2025-05-06,562860.SH,嘉实中证疫苗与生物技术ETF,20230224,中证疫苗与生物技术指数,中证疫苗与生物技术指数收益率,嘉实基金管理有限公司,中国工商银行股份有限公司,股票型ETF,主题指数ETF,931992.CSI,259509470.5,12622900,7659205,0.608,0.60677063115449,0.016450074
2025-05-07,562860.SH,嘉实中证疫苗与生物技术ETF,20230224,中证疫苗与生物技术指数,中证疫苗与生物技术指数收益率,嘉实基金管理有限公司,中国工商银行股份有限公司,股票型ETF,主题指数ETF,931992.CSI,257076169.0,16113500,9701237,0.601,0.60205647438483,-0.199269346
2025-05-08,562860.SH,嘉实中证疫苗与生物技术ETF,20230224,中证疫苗与生物技术指数,中证疫苗与生物技术指数收益率,嘉实基金管理有限公司,中国工商银行股份有限公司,股票型ETF,主题指数ETF,931992.CSI,259738812.0,14166100,8571587,0.606,0.60507740309612,0.066050198
2025-05-09,562860.SH,嘉实中证疫苗与生物技术ETF,20230224,中证疫苗与生物技术指数,中证疫苗与生物技术指数收益率,嘉实基金管理有限公司,中国工商银行股份有限公司,股票型ETF,主题指数ETF,931992.CSI,258066121.5,13513000,8155426,0.602,0.6035244579294,0.049858734
2025-05-12,562860.SH,嘉实中证疫苗与生物技术ETF,20230224,中证疫苗与生物技术指数,中证疫苗与生物技术指数收益率,嘉实基金管理有限公司,中国工商银行股份有限公司,股票型ETF,主题指数ETF,931992.CSI,257379889.5,9743800,5826864,0.6,0.59800734826248,-0.016663889
2025-05-13,562860.SH,嘉实中证疫苗与生物技术ETF,20230224,中证疫苗与生物技术指数,中证疫苗与生物技术指数收益率,嘉实基金管理有限公司,中国工商银行股份有限公司,股票型ETF,主题指数ETF,931992.CSI,258966801.0,11524300,6954852,0.605,0.60349452895187,0.198741305
2025-05-14,562860.SH,嘉实中证疫苗与生物技术ETF,20230224,中证疫苗与生物技术指数,中证疫苗与生物技术指数收益率,嘉实基金管理有限公司,中国工商银行股份有限公司,股票型ETF,主题指数ETF,931992.CSI,258580795.5,22486600,13535892,0.602,0.60195369686836,-0.149278487
2025-05-15,562860.SH,嘉实中证疫苗与生物技术ETF,20230224,中证疫苗与生物技术指数,中证疫苗与生物技术指数收益率,嘉实基金管理有限公司,中国工商银行股份有限公司,股票型ETF,主题指数ETF,931992.CSI,253863868.5,14923700,8982744,0.6,0.60191132225923,-0.049975012
2025-05-16,562860.SH,嘉实中证疫苗与生物技术ETF,20230224,中证疫苗与生物技术指数,中证疫苗与生物技术指数收益率,嘉实基金管理有限公司,中国工商银行股份有限公司,股票型ETF,主题指数ETF,931992.CSI,255777891.5,20059800,12151610,0.608,0.60576924994267,0.049366464
2025-05-19,562860.SH,嘉实中证疫苗与生物技术ETF,20230224,中证疫苗与生物技术指数,中证疫苗与生物技术指数收益率,嘉实基金管理有限公司,中国工商银行股份有限公司,股票型ETF,主题指数ETF,931992.CSI,256114607.5,15937900,9688068,0.608,0.60786352028812,-0.082169269
2025-05-20,562860.SH,嘉实中证疫苗与生物技术ETF,20230224,中证疫苗与生物技术指数,中证疫苗与生物技术指数收益率,嘉实基金管理有限公司,中国工商银行股份有限公司,股票型ETF,主题指数ETF,931992.CSI,258396606.0,27062800,16792580,0.622,0.62050416069291,-0.128452152
2025-05-21,562860.SH,嘉实中证疫苗与生物技术ETF,20230224,中证疫苗与生物技术指数,中证疫苗与生物技术指数收益率,嘉实基金管理有限公司,中国工商银行股份有限公司,股票型ETF,主题指数ETF,931992.CSI,260014696.5,20188900,12653916,0.627,0.6267759016093,0.047869794
2025-05-22,562860.SH,嘉实中证疫苗与生物技术ETF,20230224,中证疫苗与生物技术指数,中证疫苗与生物技术指数收益率,嘉实基金管理有限公司,中国工商银行股份有限公司,股票型ETF,主题指数ETF,931992.CSI,255905406.0,24939500,15547246,0.622,0.62339846428357,-0.128452152
2025-05-23,562860.SH,嘉实中证疫苗与生物技术ETF,20230224,中证疫苗与生物技术指数,中证疫苗与生物技术指数收益率,嘉实基金管理有限公司,中国工商银行股份有限公司,股票型ETF,主题指数ETF,931992.CSI,254919258.0,21129100,13169799,0.62,0.62330146575103,-0.064474533
2025-05-26,562860.SH,嘉实中证疫苗与生物技术ETF,20230224,中证疫苗与生物技术指数,中证疫苗与生物技术指数收益率,嘉实基金管理有限公司,中国工商银行股份有限公司,股票型ETF,主题指数ETF,931992.CSI,252289530.0,10233300,6290356,0.613,0.61469477099274,-0.16286645
2025-05-27,562860.SH,嘉实中证疫苗与生物技术ETF,20230224,中证疫苗与生物技术指数,中证疫苗与生物技术指数收益率,嘉实基金管理有限公司,中国工商银行股份有限公司,股票型ETF,主题指数ETF,931992.CSI,256357390.5,17604300,10945883,0.622,0.62177325994217,-0.304535983
2025-05-28,562860.SH,嘉实中证疫苗与生物技术ETF,20230224,中证疫苗与生物技术指数,中证疫苗与生物技术指数收益率,嘉实基金管理有限公司,中国工商银行股份有限公司,股票型ETF,主题指数ETF,931992.CSI,254138557.5,17735143,10983747,0.618,0.61932102831085,-0.080840744
2025-05-29,562860.SH,嘉实中证疫苗与生物技术ETF,20230224,中证疫苗与生物技术指数,中证疫苗与生物技术指数收益率,嘉实基金管理有限公司,中国工商银行股份有限公司,股票型ETF,主题指数ETF,931992.CSI,260372110.5,22087200,14039593,0.639,0.63564385707559,-0.140646976
2025-05-30,562860.SH,嘉实中证疫苗与生物技术ETF,20230224,中证疫苗与生物技术指数,中证疫苗与生物技术指数收益率,嘉实基金管理有限公司,中国工商银行股份有限公司,股票型ETF,主题指数ETF,931992.CSI,261063832.0,24824400,15947866,0.642,0.64242704758222,0.06234414
2025-06-03,562860.SH,嘉实中证疫苗与生物技术ETF,20230224,中证疫苗与生物技术指数,中证疫苗与生物技术指数收益率,嘉实基金管理有限公司,中国工商银行股份有限公司,股票型ETF,主题指数ETF,931992.CSI,265702435.0,12428700,8079905,0.653,0.65010057367223,0
2025-06-04,562860.SH,嘉实中证疫苗与生物技术ETF,20230224,中证疫苗与生物技术指数,中证疫苗与生物技术指数收益率,嘉实基金管理有限公司,中国工商银行股份有限公司,股票型ETF,主题指数ETF,931992.CSI,267533462.5,7399700,4846470,0.657,0.65495493060529,-0.076045627
2025-06-05,562860.SH,嘉实中证疫苗与生物技术ETF,20230224,中证疫苗与生物技术指数,中证疫苗与生物技术指数收益率,嘉实基金管理有限公司,中国工商银行股份有限公司,股票型ETF,主题指数ETF,931992.CSI,263949268.0,18376700,12117981,0.66,0.65942095153101,0.243013366
2025-06-06,562860.SH,嘉实中证疫苗与生物技术ETF,20230224,中证疫苗与生物技术指数,中证疫苗与生物技术指数收益率,嘉实基金管理有限公司,中国工商银行股份有限公司,股票型ETF,主题指数ETF,931992.CSI,258577092.5,18471000,12035761,0.651,0.65160310757403,-0.076745971
2025-06-09,562860.SH,嘉实中证疫苗与生物技术ETF,20230224,中证疫苗与生物技术指数,中证疫苗与生物技术指数收益率,嘉实基金管理有限公司,中国工商银行股份有限公司,股票型ETF,主题指数ETF,931992.CSI,262453860.0,22958900,15349969,0.668,0.66858468829082,0
2025-06-10,562860.SH,嘉实中证疫苗与生物技术ETF,20230224,中证疫苗与生物技术指数,中证疫苗与生物技术指数收益率,嘉实基金管理有限公司,中国工商银行股份有限公司,股票型ETF,主题指数ETF,931992.CSI,261899650.0,20303600,13588356,0.668,0.66925845662838,-0.298507463
2025-06-11,562860.SH,嘉实中证疫苗与生物技术ETF,20230224,中证疫苗与生物技术指数,中证疫苗与生物技术指数收益率,嘉实基金管理有限公司,中国工商银行股份有限公司,股票型ETF,主题指数ETF,931992.CSI,255955175.0,21799100,14502586,0.664,0.66528370437312,-0.15037594
2025-06-12,562860.SH,嘉实中证疫苗与生物技术ETF,20230224,中证疫苗与生物技术指数,中证疫苗与生物技术指数收益率,嘉实基金管理有限公司,中国工商银行股份有限公司,股票型ETF,主题指数ETF,931992.CSI,260920320.5,21836100,14738547,0.676,0.67496242460879,-0.280277327
2025-06-13,562860.SH,嘉实中证疫苗与生物技术ETF,20230224,中证疫苗与生物技术指数,中证疫苗与生物技术指数收益率,嘉实基金管理有限公司,中国工商银行股份有限公司,股票型ETF,主题指数ETF,931992.CSI,252825568.5,20737100,13718143,0.659,0.6615265876135,-0.196880206
2025-06-16,562860.SH,嘉实中证疫苗与生物技术ETF,20230224,中证疫苗与生物技术指数,中证疫苗与生物技术指数收益率,嘉实基金管理有限公司,中国工商银行股份有限公司,股票型ETF,主题指数ETF,931992.CSI,250528198.5,15448700,10089924,0.655,0.65312447002013,0.106984564
2025-06-17,562860.SH,嘉实中证疫苗与生物技术ETF,20230224,中证疫苗与生物技术指数,中证疫苗与生物技术指数收益率,嘉实基金管理有限公司,中国工商银行股份有限公司,股票型ETF,主题指数ETF,931992.CSI,248610166.5,19035300,12579079,0.653,0.66082903868077,0.045962923
2025-06-18,562860.SH,嘉实中证疫苗与生物技术ETF,20230224,中证疫苗与生物技术指数,中证疫苗与生物技术指数收益率,嘉实基金管理有限公司,中国工商银行股份有限公司,股票型ETF,主题指数ETF,931992.CSI,245486827.5,8091000,5219281,0.645,0.64507242615252,0.077579519
2025-06-19,562860.SH,嘉实中证疫苗与生物技术ETF,20230224,中证疫苗与生物技术指数,中证疫苗与生物技术指数收益率,嘉实基金管理有限公司,中国工商银行股份有限公司,股票型ETF,主题指数ETF,931992.CSI,240877998.0,14929200,9470716,0.633,0.63437531816842,0.09487666
2025-06-20,562860.SH,嘉实中证疫苗与生物技术ETF,20230224,中证疫苗与生物技术指数,中证疫苗与生物技术指数收益率,嘉实基金管理有限公司,中国工商银行股份有限公司,股票型ETF,主题指数ETF,931992.CSI,242668204.5,12217800,7777734,0.636,0.63659038452094,-0.172657354
2025-06-23,562860.SH,嘉实中证疫苗与生物技术ETF,20230224,中证疫苗与生物技术指数,中证疫苗与生物技术指数收益率,嘉实基金管理有限公司,中国工商银行股份有限公司,股票型ETF,主题指数ETF,931992.CSI,246020080.5,14093600,9048729,0.647,0.64204525458364,0.170305001
2025-06-24,562860.SH,嘉实中证疫苗与生物技术ETF,20230224,中证疫苗与生物技术指数,中证疫苗与生物技术指数收益率,嘉实基金管理有限公司,中国工商银行股份有限公司,股票型ETF,主题指数ETF,931992.CSI,249638583.0,13147900,8592224,0.655,0.65350542672214,-0.061031431
2025-06-25,562860.SH,嘉实中证疫苗与生物技术ETF,20230224,中证疫苗与生物技术指数,中证疫苗与生物技术指数收益率,嘉实基金管理有限公司,中国工商银行股份有限公司,股票型ETF,主题指数ETF,931992.CSI,251162163.0,15069000,9885434,0.658,0.65601128143872,-0.212314225
2025-06-26,562860.SH,嘉实中证疫苗与生物技术ETF,20230224,中证疫苗与生物技术指数,中证疫苗与生物技术指数收益率,嘉实基金管理有限公司,中国工商银行股份有限公司,股票型ETF,主题指数ETF,931992.CSI,247353213.0,15705500,10191792,0.65,0.64893139346089,0.092392978
2025-06-27,562860.SH,嘉实中证疫苗与生物技术ETF,20230224,中证疫苗与生物技术指数,中证疫苗与生物技术指数收益率,嘉实基金管理有限公司,中国工商银行股份有限公司,股票型ETF,主题指数ETF,931992.CSI,247456324.5,16739100,10948739,0.652,0.65408170092777,-0.1684275
2025-06-30,562860.SH,嘉实中证疫苗与生物技术ETF,20230224,中证疫苗与生物技术指数,中证疫苗与生物技术指数收益率,嘉实基金管理有限公司,中国工商银行股份有限公司,股票型ETF,主题指数ETF,931992.CSI,249729672.0906,10268400,6748696,0.659,0.65722955864594,-0.015172205
2025-07-01,562860.SH,嘉实中证疫苗与生物技术ETF,20230224,中证疫苗与生物技术指数,中证疫苗与生物技术指数收益率,嘉实基金管理有限公司,中国工商银行股份有限公司,股票型ETF,主题指数ETF,931992.CSI,253499577.0,14336500,9559138,0.672,0.66676929515572,-0.089206066
2025-07-02,562860.SH,嘉实中证疫苗与生物技术ETF,20230224,中证疫苗与生物技术指数,中证疫苗与生物技术指数收益率,嘉实基金管理有限公司,中国工商银行股份有限公司,股票型ETF,主题指数ETF,931992.CSI,251238207.0,11786100,7838970,0.667,0.66510296026675,0.060006001
2025-07-03,562860.SH,嘉实中证疫苗与生物技术ETF,20230224,中证疫苗与生物技术指数,中证疫苗与生物技术指数收益率,嘉实基金管理有限公司,中国工商银行股份有限公司,股票型ETF,主题指数ETF,931992.CSI,256250910.5,17222800,11687516,0.679,0.67860719511345,-0.132372408
2025-07-04,562860.SH,嘉实中证疫苗与生物技术ETF,20230224,中证疫苗与生物技术指数,中证疫苗与生物技术指数收益率,嘉实基金管理有限公司,中国工商银行股份有限公司,股票型ETF,主题指数ETF,931992.CSI,256315711.5,16451700,11205296,0.683,0.68110262161357,-0.102384087
2025-07-07,562860.SH,嘉实中证疫苗与生物技术ETF,20230224,中证疫苗与生物技术指数,中证疫苗与生物技术指数收益率,嘉实基金管理有限公司,中国工商银行股份有限公司,股票型ETF,主题指数ETF,931992.CSI,251891950.5,14195100,9552158,0.672,0.67291938767603,0.014883167
2025-07-08,562860.SH,嘉实中证疫苗与生物技术ETF,20230224,中证疫苗与生物技术指数,中证疫苗与生物技术指数收益率,嘉实基金管理有限公司,中国工商银行股份有限公司,股票型ETF,主题指数ETF,931992.CSI,252979146.0,15776500,10641248,0.674,0.67449992076823,-0.118553646
2025-07-09,562860.SH,嘉实中证疫苗与生物技术ETF,20230224,中证疫苗与生物技术指数,中证疫苗与生物技术指数收益率,嘉实基金管理有限公司,中国工商银行股份有限公司,股票型ETF,主题指数ETF,931992.CSI,253016635.5,15586500,10528631,0.674,0.67549680813525,-0.133353089
2025-07-10,562860.SH,嘉实中证疫苗与生物技术ETF,20230224,中证疫苗与生物技术指数,中证疫苗与生物技术指数收益率,嘉实基金管理有限公司,中国工商银行股份有限公司,股票型ETF,主题指数ETF,931992.CSI,256240732.5,18181200,12450514,0.683,0.68480155325281,-0.07315289
2025-07-11,562860.SH,嘉实中证疫苗与生物技术ETF,20230224,中证疫苗与生物技术指数,中证疫苗与生物技术指数收益率,嘉实基金管理有限公司,中国工商银行股份有限公司,股票型ETF,主题指数ETF,931992.CSI,259689766.5,21122700,14593353,0.692,0.69088483006434,-0.101053847
2025-07-14,562860.SH,嘉实中证疫苗与生物技术ETF,20230224,中证疫苗与生物技术指数,中证疫苗与生物技术指数收益率,嘉实基金管理有限公司,中国工商银行股份有限公司,股票型ETF,主题指数ETF,931992.CSI,260627004.0,12970100,8961651,0.695,0.69094694720935,-0.0287687
2025-07-15,562860.SH,嘉实中证疫苗与生物技术ETF,20230224,中证疫苗与生物技术指数,中证疫苗与生物技术指数收益率,嘉实基金管理有限公司,中国工商银行股份有限公司,股票型ETF,主题指数ETF,931992.CSI,260327088.0,17480200,12073740,0.693,0.69070948844979,-0.201612903
2025-07-16,562860.SH,嘉实中证疫苗与生物技术ETF,20230224,中证疫苗与生物技术指数,中证疫苗与生物技术指数收益率,嘉实基金管理有限公司,中国工商银行股份有限公司,股票型ETF,主题指数ETF,931992.CSI,261399395.0,21099000,14754566,0.701,0.69930167306507,0
2025-07-17,562860.SH,嘉实中证疫苗与生物技术ETF,20230224,中证疫苗与生物技术指数,中证疫苗与生物技术指数收益率,嘉实基金管理有限公司,中国工商银行股份有限公司,股票型ETF,主题指数ETF,931992.CSI,265161726.0,22907400,16307473,0.718,0.71188668290596,-0.111296605
2025-07-18,562860.SH,嘉实中证疫苗与生物技术ETF,20230224,中证疫苗与生物技术指数,中证疫苗与生物技术指数收益率,嘉实基金管理有限公司,中国工商银行股份有限公司,股票型ETF,主题指数ETF,931992.CSI,264531295.0,21445000,15344053,0.72,0.71550725110748,-0.138696255
2025-07-21,562860.SH,嘉实中证疫苗与生物技术ETF,20230224,中证疫苗与生物技术指数,中证疫苗与生物技术指数收益率,嘉实基金管理有限公司,中国工商银行股份有限公司,股票型ETF,主题指数ETF,931992.CSI,262906847.5,20763600,14908277,0.72,0.7180005875667,-0.069396253
2025-07-22,562860.SH,嘉实中证疫苗与生物技术ETF,20230224,中证疫苗与生物技术指数,中证疫苗与生物技术指数收益率,嘉实基金管理有限公司,中国工商银行股份有限公司,股票型ETF,主题指数ETF,931992.CSI,263563658.5,18783400,13582306,0.721,0.72310156840615,-0.179980617
2025-07-23,562860.SH,嘉实中证疫苗与生物技术ETF,20230224,中证疫苗与生物技术指数,中证疫苗与生物技术指数收益率,嘉实基金管理有限公司,中国工商银行股份有限公司,股票型ETF,主题指数ETF,931992.CSI,260631189.0,21575400,15564977,0.718,0.72142240700057,-0.027847396
2025-07-24,562860.SH,嘉实中证疫苗与生物技术ETF,20230224,中证疫苗与生物技术指数,中证疫苗与生物技术指数收益率,嘉实基金管理有限公司,中国工商银行股份有限公司,股票型ETF,主题指数ETF,931992.CSI,274583487.5,34579000,25903474,0.757,0.74910998004569,0.598006645
2025-07-25,562860.SH,嘉实中证疫苗与生物技术ETF,20230224,中证疫苗与生物技术指数,中证疫苗与生物技术指数收益率,嘉实基金管理有限公司,中国工商银行股份有限公司,股票型ETF,主题指数ETF,931992.CSI,269803363.0,22986600,17117610,0.742,0.74467776878703,0.351636462
2025-07-28,562860.SH,嘉实中证疫苗与生物技术ETF,20230224,中证疫苗与生物技术指数,中证疫苗与生物技术指数收益率,嘉实基金管理有限公司,中国工商银行股份有限公司,股票型ETF,主题指数ETF,931992.CSI,273572532.0,26600200,19700145,0.74,0.74060138645574,-0.21574973
2025-07-29,562860.SH,嘉实中证疫苗与生物技术ETF,20230224,中证疫苗与生物技术指数,中证疫苗与生物技术指数收益率,嘉实基金管理有限公司,中国工商银行股份有限公司,股票型ETF,主题指数ETF,931992.CSI,274784094.0,30624700,23002858,0.757,0.75112108853311,-0.026413101
2025-07-30,562860.SH,嘉实中证疫苗与生物技术ETF,20230224,中证疫苗与生物技术指数,中证疫苗与生物技术指数收益率,嘉实基金管理有限公司,中国工商银行股份有限公司,股票型ETF,主题指数ETF,931992.CSI,273441382.5,23965500,18143511,0.751,0.7570679101208,-0.331785003
2025-07-31,562860.SH,嘉实中证疫苗与生物技术ETF,20230224,中证疫苗与生物技术指数,中证疫苗与生物技术指数收益率,嘉实基金管理有限公司,中国工商银行股份有限公司,股票型ETF,主题指数ETF,931992.CSI,272042651.0,27340200,20784035,0.752,0.76020054717961,-0.23879013
2025-08-01,562860.SH,嘉实中证疫苗与生物技术ETF,20230224,中证疫苗与生物技术指数,中证疫苗与生物技术指数收益率,嘉实基金管理有限公司,中国工商银行股份有限公司,股票型ETF,主题指数ETF,931992.CSI,271898293.0,11863900,9018882,0.754,0.76019538263134,0.07963897
2025-08-04,562860.SH,嘉实中证疫苗与生物技术ETF,20230224,中证疫苗与生物技术指数,中证疫苗与生物技术指数收益率,嘉实基金管理有限公司,中国工商银行股份有限公司,股票型ETF,主题指数ETF,931992.CSI,271934741.5,14530500,10810810,0.758,0.74400812084925,0.039593507
2025-08-05,562860.SH,嘉实中证疫苗与生物技术ETF,20230224,中证疫苗与生物技术指数,中证疫苗与生物技术指数收益率,嘉实基金管理有限公司,中国工商银行股份有限公司,股票型ETF,主题指数ETF,931992.CSI,273119095.0,24364300,18521254,0.761,0.7601800174846,0
2025-08-06,562860.SH,嘉实中证疫苗与生物技术ETF,20230224,中证疫苗与生物技术指数,中证疫苗与生物技术指数收益率,嘉实基金管理有限公司,中国工商银行股份有限公司,股票型ETF,主题指数ETF,931992.CSI,271827073.0,21620000,16366693,0.757,0.75701632747456,-0.052812252
2025-08-07,562860.SH,嘉实中证疫苗与生物技术ETF,20230224,中证疫苗与生物技术指数,中证疫苗与生物技术指数收益率,嘉实基金管理有限公司,中国工商银行股份有限公司,股票型ETF,主题指数ETF,931992.CSI,266981990.5,18357000,13678427,0.743,0.74513411777524,-0.120984003
2025-08-08,562860.SH,嘉实中证疫苗与生物技术ETF,20230224,中证疫苗与生物技术指数,中证疫苗与生物技术指数收益率,嘉实基金管理有限公司,中国工商银行股份有限公司,股票型ETF,主题指数ETF,931992.CSI,267376775.0,22304100,16615307,0.744,0.74494406857932,-0.134228188
2025-08-11,562860.SH,嘉实中证疫苗与生物技术ETF,20230224,中证疫苗与生物技术指数,中证疫苗与生物技术指数收益率,嘉实基金管理有限公司,中国工商银行股份有限公司,股票型ETF,主题指数ETF,931992.CSI,271539957.0,21573300,16274220,0.756,0.75436859451266,-0.079302141
2025-08-12,562860.SH,嘉实中证疫苗与生物技术ETF,20230224,中证疫苗与生物技术指数,中证疫苗与生物技术指数收益率,嘉实基金管理有限公司,中国工商银行股份有限公司,股票型ETF,主题指数ETF,931992.CSI,269709592.5,11022800,8267079,0.751,0.74999809485793,-0.066533599
2025-08-13,562860.SH,嘉实中证疫苗与生物技术ETF,20230224,中证疫苗与生物技术指数,中证疫苗与生物技术指数收益率,嘉实基金管理有限公司,中国工商银行股份有限公司,股票型ETF,主题指数ETF,931992.CSI,273060364.5,18686200,14246106,0.765,0.76238646701844,-0.013070187
2025-08-14,562860.SH,嘉实中证疫苗与生物技术ETF,20230224,中证疫苗与生物技术指数,中证疫苗与生物技术指数收益率,嘉实基金管理有限公司,中国工商银行股份有限公司,股票型ETF,主题指数ETF,931992.CSI,267839256.5,23365700,17795836,0.752,0.76162220691013,-0.35775805
2025-08-15,562860.SH,嘉实中证疫苗与生物技术ETF,20230224,中证疫苗与生物技术指数,中证疫苗与生物技术指数收益率,嘉实基金管理有限公司,中国工商银行股份有限公司,股票型ETF,主题指数ETF,931992.CSI,271636633.0,23305900,17783975,0.766,0.76306750651123,0.078390384
2025-08-18,562860.SH,嘉实中证疫苗与生物技术ETF,20230224,中证疫苗与生物技术指数,中证疫苗与生物技术指数收益率,嘉实基金管理有限公司,中国工商银行股份有限公司,股票型ETF,主题指数ETF,931992.CSI,277128967.5,12509800,9667824,0.776,0.77282002909719,-0.0643915
2025-08-19,562860.SH,嘉实中证疫苗与生物技术ETF,20230224,中证疫苗与生物技术指数,中证疫苗与生物技术指数收益率,嘉实基金管理有限公司,中国工商银行股份有限公司,股票型ETF,主题指数ETF,931992.CSI,277128967.5,21631600,16832553,0.777,0.77814646165794,0.0643915
2025-08-20,562860.SH,嘉实中证疫苗与生物技术ETF,20230224,中证疫苗与生物技术指数,中证疫苗与生物技术指数收益率,嘉实基金管理有限公司,中国工商银行股份有限公司,股票型ETF,主题指数ETF,931992.CSI,275487250.5,23132982,17775662,0.771,0.7684120447593,-0.116595414
2025-08-21,562860.SH,嘉实中证疫苗与生物技术ETF,20230224,中证疫苗与生物技术指数,中证疫苗与生物技术指数收益率,嘉实基金管理有限公司,中国工商银行股份有限公司,股票型ETF,主题指数ETF,931992.CSI,276557935.5,21353500,16567895,0.774,0.77588662280188,-0.116144019
2025-08-22,562860.SH,嘉实中证疫苗与生物技术ETF,20230224,中证疫苗与生物技术指数,中证疫苗与生物技术指数收益率,嘉实基金管理有限公司,中国工商银行股份有限公司,股票型ETF,主题指数ETF,931992.CSI,276463205.0,8520200,6607962,0.779,0.77556418863407,0
2025-08-25,562860.SH,嘉实中证疫苗与生物技术ETF,20230224,中证疫苗与生物技术指数,中证疫苗与生物技术指数收益率,嘉实基金管理有限公司,中国工商银行股份有限公司,股票型ETF,主题指数ETF,931992.CSI,281574920.5,21048000,16693495,0.798,0.79311549790954,0.012532899
2025-08-26,562860.SH,嘉实中证疫苗与生物技术ETF,20230224,中证疫苗与生物技术指数,中证疫苗与生物技术指数收益率,嘉实基金管理有限公司,中国工商银行股份有限公司,股票型ETF,主题指数ETF,931992.CSI,278504734.0,17937800,14185802,0.79,0.79083287805639,0.101368474
2025-08-27,562860.SH,嘉实中证疫苗与生物技术ETF,20230224,中证疫苗与生物技术指数,中证疫苗与生物技术指数收益率,嘉实基金管理有限公司,中国工商银行股份有限公司,股票型ETF,主题指数ETF,931992.CSI,270529307.0,20529500,15954950,0.77,0.77717187461945,0.443516828
2025-08-28,562860.SH,嘉实中证疫苗与生物技术ETF,20230224,中证疫苗与生物技术指数,中证疫苗与生物技术指数收益率,嘉实基金管理有限公司,中国工商银行股份有限公司,股票型ETF,主题指数ETF,931992.CSI,268715391.0,21112500,16036060,0.766,0.75955287152161,0.026116479
2025-08-29,562860.SH,嘉实中证疫苗与生物技术ETF,20230224,中证疫苗与生物技术指数,中证疫苗与生物技术指数收益率,嘉实基金管理有限公司,中国工商银行股份有限公司,股票型ETF,主题指数ETF,931992.CSI,268045766.5,9657200,7438034,0.772,0.77020606386944,-0.090591433
2025-09-01,562860.SH,嘉实中证疫苗与生物技术ETF,20230224,中证疫苗与生物技术指数,中证疫苗与生物技术指数收益率,嘉实基金管理有限公司,中国工商银行股份有限公司,股票型ETF,主题指数ETF,931992.CSI,274144552.5,17856600,14157228,0.799,0.79282886999765,-0.062539087
2025-09-02,562860.SH,嘉实中证疫苗与生物技术ETF,20230224,中证疫苗与生物技术指数,中证疫苗与生物技术指数收益率,嘉实基金管理有限公司,中国工商银行股份有限公司,股票型ETF,主题指数ETF,931992.CSI,268932065.5,12622400,10005724,0.789,0.79269584231208,0.012675878
2025-09-03,562860.SH,嘉实中证疫苗与生物技术ETF,20230224,中证疫苗与生物技术指数,中证疫苗与生物技术指数收益率,嘉实基金管理有限公司,中国工商银行股份有限公司,股票型ETF,主题指数ETF,931992.CSI,265219227.0,9772200,7692629,0.781,0.78719520681116,-0.204446716
2025-09-04,562860.SH,嘉实中证疫苗与生物技术ETF,20230224,中证疫苗与生物技术指数,中证疫苗与生物技术指数收益率,嘉实基金管理有限公司,中国工商银行股份有限公司,股票型ETF,主题指数ETF,931992.CSI,255635926.0,14593100,11171891,0.758,0.76555981936669,-0.105429626
2025-09-05,562860.SH,嘉实中证疫苗与生物技术ETF,20230224,中证疫苗与生物技术指数,中证疫苗与生物技术指数收益率,嘉实基金管理有限公司,中国工商银行股份有限公司,股票型ETF,主题指数ETF,931992.CSI,262845479.0,8050300,6165829,0.778,0.76591294734358,-0.28197898
2025-09-08,562860.SH,嘉实中证疫苗与生物技术ETF,20230224,中证疫苗与生物技术指数,中证疫苗与生物技术指数收益率,嘉实基金管理有限公司,中国工商银行股份有限公司,股票型ETF,主题指数ETF,931992.CSI,263394917.5,6339700,4955913,0.786,0.78172673785826,-0.063572791
2025-09-09,562860.SH,嘉实中证疫苗与生物技术ETF,20230224,中证疫苗与生物技术指数,中证疫苗与生物技术指数收益率,嘉实基金管理有限公司,中国工商银行股份有限公司,股票型ETF,主题指数ETF,931992.CSI,259711072.5,6655800,5190265,0.776,0.77981084167193,0.064474533
2025-09-10,562860.SH,嘉实中证疫苗与生物技术ETF,20230224,中证疫苗与生物技术指数,中证疫苗与生物技术指数收益率,嘉实基金管理有限公司,中国工商银行股份有限公司,股票型ETF,主题指数ETF,931992.CSI,258338003.0,6382200,4940681,0.772,0.7741344677384,0.077780659
2025-09-11,562860.SH,嘉实中证疫苗与生物技术ETF,20230224,中证疫苗与生物技术指数,中证疫苗与生物技术指数收益率,嘉实基金管理有限公司,中国工商银行股份有限公司,股票型ETF,主题指数ETF,931992.CSI,261954869.0,11613200,8869502,0.782,0.76374315434161,-0.025568908
2025-09-12,562860.SH,嘉实中证疫苗与生物技术ETF,20230224,中证疫苗与生物技术指数,中证疫苗与生物技术指数收益率,嘉实基金管理有限公司,中国工商银行股份有限公司,股票型ETF,主题指数ETF,931992.CSI,261921379.5,8931700,6984511,0.783,0.78199122227571,0.115074799
2025-09-15,562860.SH,嘉实中证疫苗与生物技术ETF,20230224,中证疫苗与生物技术指数,中证疫苗与生物技术指数收益率,嘉实基金管理有限公司,中国工商银行股份有限公司,股票型ETF,主题指数ETF,931992.CSI,259744562.0,6659300,5193122,0.775,0.77983001216344,-0.077359464
2025-09-16,562860.SH,嘉实中证疫苗与生物技术ETF,20230224,中证疫苗与生物技术指数,中证疫苗与生物技术指数收益率,嘉实基金管理有限公司,中国工商银行股份有限公司,股票型ETF,主题指数ETF,931992.CSI,259108261.5,7175000,5540271,0.773,0.77216320557491,-0.090474344
2025-09-17,562860.SH,嘉实中证疫苗与生物技术ETF,20230224,中证疫苗与生物技术指数,中证疫苗与生物技术指数收益率,嘉实基金管理有限公司,中国工商银行股份有限公司,股票型ETF,主题指数ETF,931992.CSI,257768681.5,7817800,6009794,0.769,0.76873212412699,-0.090944524
2025-09-18,562860.SH,嘉实中证疫苗与生物技术ETF,20230224,中证疫苗与生物技术指数,中证疫苗与生物技术指数收益率,嘉实基金管理有限公司,中国工商银行股份有限公司,股票型ETF,主题指数ETF,931992.CSI,256029544.5,15507900,12003895,0.765,0.77405032273873,-0.533090625
2025-09-19,562860.SH,嘉实中证疫苗与生物技术ETF,20230224,中证疫苗与生物技术指数,中证疫苗与生物技术指数收益率,嘉实基金管理有限公司,中国工商银行股份有限公司,股票型ETF,主题指数ETF,931992.CSI,250736514.0,11308200,8559342,0.752,0.75691462832281,-0.159320234
2025-09-22,562860.SH,嘉实中证疫苗与生物技术ETF,20230224,中证疫苗与生物技术指数,中证疫苗与生物技术指数收益率,嘉实基金管理有限公司,中国工商银行股份有限公司,股票型ETF,主题指数ETF,931992.CSI,248151277.5,12401800,9344682,0.754,0.75349400893419,-0.066269052
2025-09-23,562860.SH,嘉实中证疫苗与生物技术ETF,20230224,中证疫苗与生物技术指数,中证疫苗与生物技术指数收益率,嘉实基金管理有限公司,中国工商银行股份有限公司,股票型ETF,主题指数ETF,931992.CSI,242625841.5,12249200,8980422,0.737,0.73314355223198,-0.094889521
2025-09-24,562860.SH,嘉实中证疫苗与生物技术ETF,20230224,中证疫苗与生物技术指数,中证疫苗与生物技术指数收益率,嘉实基金管理有限公司,中国工商银行股份有限公司,股票型ETF,主题指数ETF,931992.CSI,246638360.5,4871800,3623894,0.75,0.74385114331459,0.013335111
2025-09-25,562860.SH,嘉实中证疫苗与生物技术ETF,20230224,中证疫苗与生物技术指数,中证疫苗与生物技术指数收益率,嘉实基金管理有限公司,中国工商银行股份有限公司,股票型ETF,主题指数ETF,931992.CSI,244811665.5,8081100,6074265,0.749,0.75166313991907,0.013352918
2025-09-26,562860.SH,嘉实中证疫苗与生物技术ETF,20230224,中证疫苗与生物技术指数,中证疫苗与生物技术指数收益率,嘉实基金管理有限公司,中国工商银行股份有限公司,股票型ETF,主题指数ETF,931992.CSI,241379268.0,6763500,5007972,0.74,0.74044089598581,0.216684724
2025-09-29,562860.SH,嘉实中证疫苗与生物技术ETF,20230224,中证疫苗与生物技术指数,中证疫苗与生物技术指数收益率,嘉实基金管理有限公司,中国工商银行股份有限公司,股票型ETF,主题指数ETF,931992.CSI,243209880.0,10074300,7410145,0.744,0.73554936819432,0
2025-09-30,562860.SH,嘉实中证疫苗与生物技术ETF,20230224,中证疫苗与生物技术指数,中证疫苗与生物技术指数收益率,嘉实基金管理有限公司,中国工商银行股份有限公司,股票型ETF,主题指数ETF,931992.CSI,245367361.4796,6854500,5131128,0.75,0.74857801444307,-0.079936051
2025-10-09,562860.SH,嘉实中证疫苗与生物技术ETF,20230224,中证疫苗与生物技术指数,中证疫苗与生物技术指数收益率,嘉实基金管理有限公司,中国工商银行股份有限公司,股票型ETF,主题指数ETF,931992.CSI,245105871.0,7178300,5362559,0.75,0.74705139099787,0.02667378
2025-10-10,562860.SH,嘉实中证疫苗与生物技术ETF,20230224,中证疫苗与生物技术指数,中证疫苗与生物技术指数收益率,嘉实基金管理有限公司,中国工商银行股份有限公司,股票型ETF,主题指数ETF,931992.CSI,242556090.0,10698200,7983025,0.743,0.7462026322185,0.134770889
2025-10-13,562860.SH,嘉实中证疫苗与生物技术ETF,20230224,中证疫苗与生物技术指数,中证疫苗与生物技术指数收益率,嘉实基金管理有限公司,中国工商银行股份有限公司,股票型ETF,主题指数ETF,931992.CSI,239548656.0,4933100,3597088,0.733,0.72917394741643,0.027292576
2025-10-14,562860.SH,嘉实中证疫苗与生物技术ETF,20230224,中证疫苗与生物技术指数,中证疫苗与生物技术指数收益率,嘉实基金管理有限公司,中国工商银行股份有限公司,股票型ETF,主题指数ETF,931992.CSI,236345085.0,8783300,6414554,0.722,0.73031252490522,-0.138312586
2025-10-15,562860.SH,嘉实中证疫苗与生物技术ETF,20230224,中证疫苗与生物技术指数,中证疫苗与生物技术指数收益率,嘉实基金管理有限公司,中国工商银行股份有限公司,股票型ETF,主题指数ETF,931992.CSI,241281199.5,4925400,3612983,0.738,0.73354103220043,-0.0135483
2025-10-16,562860.SH,嘉实中证疫苗与生物技术ETF,20230224,中证疫苗与生物技术指数,中证疫苗与生物技术指数收益率,嘉实基金管理有限公司,中国工商银行股份有限公司,股票型ETF,主题指数ETF,931992.CSI,240921615.0,7776800,5745733,0.737,0.73882998148339,0
2025-10-17,562860.SH,嘉实中证疫苗与生物技术ETF,20230224,中证疫苗与生物技术指数,中证疫苗与生物技术指数收益率,嘉实基金管理有限公司,中国工商银行股份有限公司,股票型ETF,主题指数ETF,931992.CSI,236279706.0,7560500,5517815,0.724,0.72982144038093,0.166021029
2025-10-20,562860.SH,嘉实中证疫苗与生物技术ETF,20230224,中证疫苗与生物技术指数,中证疫苗与生物技术指数收益率,嘉实基金管理有限公司,中国工商银行股份有限公司,股票型ETF,主题指数ETF,931992.CSI,237293080.5,5711300,4148831,0.726,0.72642498205312,0.013776002
2025-10-21,562860.SH,嘉实中证疫苗与生物技术ETF,20230224,中证疫苗与生物技术指数,中证疫苗与生物技术指数收益率,嘉实基金管理有限公司,中国工商银行股份有限公司,股票型ETF,主题指数ETF,931992.CSI,239842861.5,6770200,4956720,0.734,0.73213789843727,0.040888647
2025-10-22,562860.SH,嘉实中证疫苗与生物技术ETF,20230224,中证疫苗与生物技术指数,中证疫苗与生物技术指数收益率,嘉实基金管理有限公司,中国工商银行股份有限公司,股票型ETF,主题指数ETF,931992.CSI,238404523.5,4033400,2958641,0.73,0.73353523082263,0.095982449
2025-10-23,562860.SH,嘉实中证疫苗与生物技术ETF,20230224,中证疫苗与生物技术指数,中证疫苗与生物技术指数收益率,嘉实基金管理有限公司,中国工商银行股份有限公司,股票型ETF,主题指数ETF,931992.CSI,235070194.5,8710500,6234103,0.719,0.71569978761265,-0.013906272
2025-10-24,562860.SH,嘉实中证疫苗与生物技术ETF,20230224,中证疫苗与生物技术指数,中证疫苗与生物技术指数收益率,嘉实基金管理有限公司,中国工商银行股份有限公司,股票型ETF,主题指数ETF,931992.CSI,235527847.5,6471700,4664756,0.72,0.72079299102245,-0.069396253
2025-10-27,562860.SH,嘉实中证疫苗与生物技术ETF,20230224,中证疫苗与生物技术指数,中证疫苗与生物技术指数收益率,嘉实基金管理有限公司,中国工商银行股份有限公司,股票型ETF,主题指数ETF,931992.CSI,237195012.0,3390200,2462028,0.726,0.72621910211787,0.055126792
2025-10-28,562860.SH,嘉实中证疫苗与生物技术ETF,20230224,中证疫苗与生物技术指数,中证疫苗与生物技术指数收益率,嘉实基金管理有限公司,中国工商银行股份有限公司,股票型ETF,主题指数ETF,931992.CSI,238339144.5,4746200,3459217,0.73,0.72883928195188,0.123439857
2025-10-29,562860.SH,嘉实中证疫苗与生物技术ETF,20230224,中证疫苗与生物技术指数,中证疫苗与生物技术指数收益率,嘉实基金管理有限公司,中国工商银行股份有限公司,股票型ETF,主题指数ETF,931992.CSI,240496651.5,11626100,8529761,0.737,0.73367345885551,0.17670246
2025-10-30,562860.SH,嘉实中证疫苗与生物技术ETF,20230224,中证疫苗与生物技术指数,中证疫苗与生物技术指数收益率,嘉实基金管理有限公司,中国工商银行股份有限公司,股票型ETF,主题指数ETF,931992.CSI,238711991.0,7116800,5184688,0.727,0.72851393884892,0.165334803
2025-10-31,562860.SH,嘉实中证疫苗与生物技术ETF,20230224,中证疫苗与生物技术指数,中证疫苗与生物技术指数收益率,嘉实基金管理有限公司,中国工商银行股份有限公司,股票型ETF,主题指数ETF,931992.CSI,256455308.5,30071600,22510309,0.758,0.7485570771093,0.757676459
2025-11-03,562860.SH,嘉实中证疫苗与生物技术ETF,20230224,中证疫苗与生物技术指数,中证疫苗与生物技术指数收益率,嘉实基金管理有限公司,中国工商银行股份有限公司,股票型ETF,主题指数ETF,931992.CSI,258981655.5,14089200,10536921,0.752,0.74787219998297,0.146490878
2025-11-04,562860.SH,嘉实中证疫苗与生物技术ETF,20230224,中证疫苗与生物技术指数,中证疫苗与生物技术指数收益率,嘉实基金管理有限公司,中国工商银行股份有限公司,股票型ETF,主题指数ETF,931992.CSI,256705348.5,16393000,12178646,0.743,0.74291746477155,-0.174660755
2025-11-05,562860.SH,嘉实中证疫苗与生物技术ETF,20230224,中证疫苗与生物技术指数,中证疫苗与生物技术指数收益率,嘉实基金管理有限公司,中国工商银行股份有限公司,股票型ETF,主题指数ETF,931992.CSI,254877405.0,11846200,8751253,0.74,0.73873925815873,0.135317997
2025-11-06,562860.SH,嘉实中证疫苗与生物技术ETF,20230224,中证疫苗与生物技术指数,中证疫苗与生物技术指数收益率,嘉实基金管理有限公司,中国工商银行股份有限公司,股票型ETF,主题指数ETF,931992.CSI,251648689.0,15962400,11746742,0.738,0.7359007417431,-0.027092929
2025-11-07,562860.SH,嘉实中证疫苗与生物技术ETF,20230224,中证疫苗与生物技术指数,中证疫苗与生物技术指数收益率,嘉实基金管理有限公司,中国工商银行股份有限公司,股票型ETF,主题指数ETF,931992.CSI,251341883.5,9765600,7212694,0.738,0.7385817563693,0.094941001
2025-11-10,562860.SH,嘉实中证疫苗与生物技术ETF,20230224,中证疫苗与生物技术指数,中证疫苗与生物技术指数收益率,嘉实基金管理有限公司,中国工商银行股份有限公司,股票型ETF,主题指数ETF,931992.CSI,255057639.0,13034000,9714384,0.748,0.74531103268375,-0.026730821
2025-11-11,562860.SH,嘉实中证疫苗与生物技术ETF,20230224,中证疫苗与生物技术指数,中证疫苗与生物技术指数收益率,嘉实基金管理有限公司,中国工商银行股份有限公司,股票型ETF,主题指数ETF,931992.CSI,256999802.5,16909100,12657772,0.75,0.74857751151747,0.066711141
2025-11-12,562860.SH,嘉实中证疫苗与生物技术ETF,20230224,中证疫苗与生物技术指数,中证疫苗与生物技术指数收益率,嘉实基金管理有限公司,中国工商银行股份有限公司,股票型ETF,主题指数ETF,931992.CSI,257136960.5,9759300,7329082,0.751,0.75098439437255,0.146686225
2025-11-13,562860.SH,嘉实中证疫苗与生物技术ETF,20230224,中证疫苗与生物技术指数,中证疫苗与生物技术指数收益率,嘉实基金管理有限公司,中国工商银行股份有限公司,股票型ETF,主题指数ETF,931992.CSI,259914410.0,15867600,12001348,0.758,0.75634298822758,0
2025-11-14,562860.SH,嘉实中证疫苗与生物技术ETF,20230224,中证疫苗与生物技术指数,中证疫苗与生物技术指数收益率,嘉实基金管理有限公司,中国工商银行股份有限公司,股票型ETF,主题指数ETF,931992.CSI,263605510.5,19076400,14576997,0.761,0.76413773038938,0.144755889
2025-11-17,562860.SH,嘉实中证疫苗与生物技术ETF,20230224,中证疫苗与生物技术指数,中证疫苗与生物技术指数收益率,嘉实基金管理有限公司,中国工商银行股份有限公司,股票型ETF,主题指数ETF,931992.CSI,258367396.0,14513200,10831996,0.744,0.74635476669515,-0.107411386
2025-11-18,562860.SH,嘉实中证疫苗与生物技术ETF,20230224,中证疫苗与生物技术指数,中证疫苗与生物技术指数收益率,嘉实基金管理有限公司,中国工商银行股份有限公司,股票型ETF,主题指数ETF,931992.CSI,254532510.0,11521700,8501136,0.738,0.73783695114436,0
2025-11-19,562860.SH,嘉实中证疫苗与生物技术ETF,20230224,中证疫苗与生物技术指数,中证疫苗与生物技术指数收益率,嘉实基金管理有限公司,中国工商银行股份有限公司,股票型ETF,主题指数ETF,931992.CSI,250669686.0,12627200,9198836,0.726,0.72849372782565,-0.110071547
2025-11-20,562860.SH,嘉实中证疫苗与生物技术ETF,20230224,中证疫苗与生物技术指数,中证疫苗与生物技术指数收益率,嘉实基金管理有限公司,中国工商银行股份有限公司,股票型ETF,主题指数ETF,931992.CSI,249841938.0,10987300,8002517,0.725,0.72834244991945,0.082827167
2025-11-21,562860.SH,嘉实中证疫苗与生物技术ETF,20230224,中证疫苗与生物技术指数,中证疫苗与生物技术指数收益率,嘉实基金管理有限公司,中国工商银行股份有限公司,股票型ETF,主题指数ETF,931992.CSI,241495479.0,11861300,8400453,0.701,0.7082236348461,0.114253071
2025-11-24,562860.SH,嘉实中证疫苗与生物技术ETF,20230224,中证疫苗与生物技术指数,中证疫苗与生物技术指数收益率,嘉实基金管理有限公司,中国工商银行股份有限公司,股票型ETF,主题指数ETF,931992.CSI,244082191.5,18850300,13317981,0.706,0.70651294674355,-0.24021478
2025-11-25,562860.SH,嘉实中证疫苗与生物技术ETF,20230224,中证疫苗与生物技术指数,中证疫苗与生物技术指数收益率,嘉实基金管理有限公司,中国工商银行股份有限公司,股票型ETF,主题指数ETF,931992.CSI,246496456.5,8495100,6089662,0.715,0.71684406304811,0.041975654
2025-11-26,562860.SH,嘉实中证疫苗与生物技术ETF,20230224,中证疫苗与生物技术指数,中证疫苗与生物技术指数收益率,嘉实基金管理有限公司,中国工商银行股份有限公司,股票型ETF,主题指数ETF,931992.CSI,246979309.5,9203100,6647830,0.716,0.72234681792005,-0.01396453
2025-11-27,562860.SH,嘉实中证疫苗与生物技术ETF,20230224,中证疫苗与生物技术指数,中证疫苗与生物技术指数收益率,嘉实基金管理有限公司,中国工商银行股份有限公司,股票型ETF,主题指数ETF,931992.CSI,246599925.0,11499700,8240436,0.715,0.71657834552206,0
2025-11-28,562860.SH,嘉实中证疫苗与生物技术ETF,20230224,中证疫苗与生物技术指数,中证疫苗与生物技术指数收益率,嘉实基金管理有限公司,中国工商银行股份有限公司,股票型ETF,主题指数ETF,931992.CSI,246979309.5,4452000,3179674,0.716,0.71421248876909,-0.01396453
2025-12-01,562860.SH,嘉实中证疫苗与生物技术ETF,20230224,中证疫苗与生物技术指数,中证疫苗与生物技术指数收益率,嘉实基金管理有限公司,中国工商银行股份有限公司,股票型ETF,主题指数ETF,931992.CSI,250087936.0,11426300,8185846,0.717,0.71640391027717,0.027901786
2025-12-02,562860.SH,嘉实中证疫苗与生物技术ETF,20230224,中证疫苗与生物技术指数,中证疫苗与生物技术指数收益率,嘉实基金管理有限公司,中国工商银行股份有限公司,股票型ETF,主题指数ETF,931992.CSI,246994990.5,5939000,4201575,0.705,0.70745495874726,0.156272198
2025-12-03,562860.SH,嘉实中证疫苗与生物技术ETF,20230224,中证疫苗与生物技术指数,中证疫苗与生物技术指数收益率,嘉实基金管理有限公司,中国工商银行股份有限公司,股票型ETF,主题指数ETF,931992.CSI,245977395.0,7104500,4976236,0.701,0.70043437258076,0
2025-12-04,562860.SH,嘉实中证疫苗与生物技术ETF,20230224,中证疫苗与生物技术指数,中证疫苗与生物技术指数收益率,嘉实基金管理有限公司,中国工商银行股份有限公司,股票型ETF,主题指数ETF,931992.CSI,246223021.5,11444700,8024042,0.703,0.70111422754638,0.185264358
2025-12-05,562860.SH,嘉实中证疫苗与生物技术ETF,20230224,中证疫苗与生物技术指数,中证疫苗与生物技术指数收益率,嘉实基金管理有限公司,中国工商银行股份有限公司,股票型ETF,主题指数ETF,931992.CSI,246808323.0,10955900,7686980,0.707,0.70162925912066,-0.056545095
2025-12-08,562860.SH,嘉实中证疫苗与生物技术ETF,20230224,中证疫苗与生物技术指数,中证疫苗与生物技术指数收益率,嘉实基金管理有限公司,中国工商银行股份有限公司,股票型ETF,主题指数ETF,931992.CSI,247696780.5,5934100,4200320,0.706,0.70782764024873,0.014166313
2025-12-09,562860.SH,嘉实中证疫苗与生物技术ETF,20230224,中证疫苗与生物技术指数,中证疫苗与生物技术指数收益率,嘉实基金管理有限公司,中国工商银行股份有限公司,股票型ETF,主题指数ETF,931992.CSI,245100157.5,8211300,5762643,0.7,0.70179423477403,0.214745884
2025-12-10,562860.SH,嘉实中证疫苗与生物技术ETF,20230224,中证疫苗与生物技术指数,中证疫苗与生物技术指数收益率,嘉实基金管理有限公司,中国工商银行股份有限公司,股票型ETF,主题指数ETF,931992.CSI,244296279.0,8396600,5852627,0.7,0.69702343805826,-0.028563268
2025-12-11,562860.SH,嘉实中证疫苗与生物技术ETF,20230224,中证疫苗与生物技术指数,中证疫苗与生物技术指数收益率,嘉实基金管理有限公司,中国工商银行股份有限公司,股票型ETF,主题指数ETF,931992.CSI,241022646.0,8730300,6087613,0.694,0.69729711464669,-0.115141048
2025-12-12,562860.SH,嘉实中证疫苗与生物技术ETF,20230224,中证疫苗与生物技术指数,中证疫苗与生物技术指数收益率,嘉实基金管理有限公司,中国工商银行股份有限公司,股票型ETF,主题指数ETF,931992.CSI,241889883.5,7089200,4922584,0.697,0.69437792698753,-0.043023089
2025-12-15,562860.SH,嘉实中证疫苗与生物技术ETF,20230224,中证疫苗与生物技术指数,中证疫苗与生物技术指数收益率,嘉实基金管理有限公司,中国工商银行股份有限公司,股票型ETF,主题指数ETF,931992.CSI,237598165.5,9978600,6902252,0.69,0.69170544966228,0.159674844
2025-12-16,562860.SH,嘉实中证疫苗与生物技术ETF,20230224,中证疫苗与生物技术指数,中证疫苗与生物技术指数收益率,嘉实基金管理有限公司,中国工商银行股份有限公司,股票型ETF,主题指数ETF,931992.CSI,231126810.0,13736900,9331309,0.678,0.67928783058769,0
2025-12-17,562860.SH,嘉实中证疫苗与生物技术ETF,20230224,中证疫苗与生物技术指数,中证疫苗与生物技术指数收益率,嘉实基金管理有限公司,中国工商银行股份有限公司,股票型ETF,主题指数ETF,931992.CSI,233376717.0,10812500,7355651,0.684,0.68029142196532,-0.087642419
2025-12-18,562860.SH,嘉实中证疫苗与生物技术ETF,20230224,中证疫苗与生物技术指数,中证疫苗与生物技术指数收益率,嘉实基金管理有限公司,中国工商银行股份有限公司,股票型ETF,主题指数ETF,931992.CSI,232388121.5,5199400,3550360,0.681,0.68284032773012,-0.102684465
2025-12-19,562860.SH,嘉实中证疫苗与生物技术ETF,20230224,中证疫苗与生物技术指数,中证疫苗与生物技术指数收益率,嘉实基金管理有限公司,中国工商银行股份有限公司,股票型ETF,主题指数ETF,931992.CSI,233905329.0,10455100,7212617,0.69,0.68986590276516,-0.028977108
2025-12-22,562860.SH,嘉实中证疫苗与生物技术ETF,20230224,中证疫苗与生物技术指数,中证疫苗与生物技术指数收益率,嘉实基金管理有限公司,中国工商银行股份有限公司,股票型ETF,主题指数ETF,931992.CSI,233498655.0,8548700,5891186,0.689,0.68913238270146,0
2025-12-23,562860.SH,嘉实中证疫苗与生物技术ETF,20230224,中证疫苗与生物技术指数,中证疫苗与生物技术指数收益率,嘉实基金管理有限公司,中国工商银行股份有限公司,股票型ETF,主题指数ETF,931992.CSI,232075296.0,9178600,6285908,0.685,0.68484387597237,0.029205607
2025-12-24,562860.SH,嘉实中证疫苗与生物技术ETF,20230224,中证疫苗与生物技术指数,中证疫苗与生物技术指数收益率,嘉实基金管理有限公司,中国工商银行股份有限公司,股票型ETF,主题指数ETF,931992.CSI,232086965.5,4570500,3142372,0.689,0.68753353024833,0.014515895
2025-12-25,562860.SH,嘉实中证疫苗与生物技术ETF,20230224,中证疫苗与生物技术指数,中证疫苗与生物技术指数收益率,嘉实基金管理有限公司,中国工商银行股份有限公司,股票型ETF,主题指数ETF,931992.CSI,232794445.0,5933400,4095390,0.691,0.69022651430883,0
2025-12-26,562860.SH,嘉实中证疫苗与生物技术ETF,20230224,中证疫苗与生物技术指数,中证疫苗与生物技术指数收益率,嘉实基金管理有限公司,中国工商银行股份有限公司,股票型ETF,主题指数ETF,931992.CSI,232491239.5,6870500,4741057,0.691,0.69005996652354,0.130415882
2025-12-29,562860.SH,嘉实中证疫苗与生物技术ETF,20230224,中证疫苗与生物技术指数,中证疫苗与生物技术指数收益率,嘉实基金管理有限公司,中国工商银行股份有限公司,股票型ETF,主题指数ETF,931992.CSI,229627632.0,9126900,6249935,0.682,0.68478179885832,0.058685446
2025-12-30,562860.SH,嘉实中证疫苗与生物技术ETF,20230224,中证疫苗与生物技术指数,中证疫苗与生物技术指数收益率,嘉实基金管理有限公司,中国工商银行股份有限公司,股票型ETF,主题指数ETF,931992.CSI,229021221.0,5539500,3769671,0.679,0.68050744652044,-0.117681671
2025-12-31,562860.SH,嘉实中证疫苗与生物技术ETF,20230224,中证疫苗与生物技术指数,中证疫苗与生物技术指数收益率,嘉实基金管理有限公司,中国工商银行股份有限公司,股票型ETF,主题指数ETF,931992.CSI,228347407.9548,2031800,1377496,0.677,0.67796830396693,-0.118028917
2026-01-05,562860.SH,嘉实中证疫苗与生物技术ETF,20230224,中证疫苗与生物技术指数,中证疫苗与生物技术指数收益率,嘉实基金管理有限公司,中国工商银行股份有限公司,股票型ETF,主题指数ETF,931992.CSI,234593947.5,8018000,5553229,0.701,0.69259528560738,0.071377587
2026-01-06,562860.SH,嘉实中证疫苗与生物技术ETF,20230224,中证疫苗与生物技术指数,中证疫苗与生物技术指数收益率,嘉实基金管理有限公司,中国工商银行股份有限公司,股票型ETF,主题指数ETF,931992.CSI,236100975.0,12002500,8419472,0.705,0.70147652572381,0
2026-01-07,562860.SH,嘉实中证疫苗与生物技术ETF,20230224,中证疫苗与生物技术指数,中证疫苗与生物技术指数收益率,嘉实基金管理有限公司,中国工商银行股份有限公司,股票型ETF,主题指数ETF,931992.CSI,234935450.0,8807000,6250172,0.709,0.70968229817191,-0.14084507
2026-01-08,562860.SH,嘉实中证疫苗与生物技术ETF,20230224,中证疫苗与生物技术指数,中证疫苗与生物技术指数收益率,嘉实基金管理有限公司,中国工商银行股份有限公司,股票型ETF,主题指数ETF,931992.CSI,232104988.0,14531600,10368268,0.715,0.71349803187536,0.083986562
2026-01-09,562860.SH,嘉实中证疫苗与生物技术ETF,20230224,中证疫苗与生物技术指数,中证疫苗与生物技术指数收益率,嘉实基金管理有限公司,中国工商银行股份有限公司,股票型ETF,主题指数ETF,931992.CSI,234670513.5,12488400,9055445,0.73,0.72510850068864,-0.177765623
2026-01-12,562860.SH,嘉实中证疫苗与生物技术ETF,20230224,中证疫苗与生物技术指数,中证疫苗与生物技术指数收益率,嘉实基金管理有限公司,中国工商银行股份有限公司,股票型ETF,主题指数ETF,931992.CSI,235472751.0,4983700,3639546,0.732,0.73028994522142,-0.245298446
2026-01-13,562860.SH,嘉实中证疫苗与生物技术ETF,20230224,中证疫苗与生物技术指数,中证疫苗与生物技术指数收益率,嘉实基金管理有限公司,中国工商银行股份有限公司,股票型ETF,主题指数ETF,931992.CSI,236205526.5,8816300,6547074,0.739,0.74261016526207,-0.229512623
2026-01-14,562860.SH,嘉实中证疫苗与生物技术ETF,20230224,中证疫苗与生物技术指数,中证疫苗与生物技术指数收益率,嘉实基金管理有限公司,中国工商银行股份有限公司,股票型ETF,主题指数ETF,931992.CSI,235025615.0,11256300,8371043,0.735,0.74367625240976,-0.271370421
2026-01-15,562860.SH,嘉实中证疫苗与生物技术ETF,20230224,中证疫苗与生物技术指数,中证疫苗与生物技术指数收益率,嘉实基金管理有限公司,中国工商银行股份有限公司,股票型ETF,主题指数ETF,931992.CSI,232952797.5,4639100,3392050,0.731,0.73118708370158,0.06844627
2026-01-16,562860.SH,嘉实中证疫苗与生物技术ETF,20230224,中证疫苗与生物技术指数,中证疫苗与生物技术指数收益率,嘉实基金管理有限公司,中国工商银行股份有限公司,股票型ETF,主题指数ETF,931992.CSI,229604400.0,5599600,4052431,0.72,0.72370008572041,0
2026-01-19,562860.SH,嘉实中证疫苗与生物技术ETF,20230224,中证疫苗与生物技术指数,中证疫苗与生物技术指数收益率,嘉实基金管理有限公司,中国工商银行股份有限公司,股票型ETF,主题指数ETF,931992.CSI,228328820.0,8103130,5798522,0.716,0.71559039531638,0
2026-01-20,562860.SH,嘉实中证疫苗与生物技术ETF,20230224,中证疫苗与生物技术指数,中证疫苗与生物技术指数收益率,嘉实基金管理有限公司,中国工商银行股份有限公司,股票型ETF,主题指数ETF,931992.CSI,226224113.0,5310400,3773096,0.709,0.71051069599277,-0.056385678
2026-01-21,562860.SH,嘉实中证疫苗与生物技术ETF,20230224,中证疫苗与生物技术指数,中证疫苗与生物技术指数收益率,嘉实基金管理有限公司,中国工商银行股份有限公司,股票型ETF,主题指数ETF,931992.CSI,226798124.0,8213900,5833461,0.709,0.71019381779666,-0.309336333
2026-01-22,562860.SH,嘉实中证疫苗与生物技术ETF,20230224,中证疫苗与生物技术指数,中证疫苗与生物技术指数收益率,嘉实基金管理有限公司,中国工商银行股份有限公司,股票型ETF,主题指数ETF,931992.CSI,225394986.0,4477600,3167724,0.706,0.70746024656066,-0.113186191
2026-01-23,562860.SH,嘉实中证疫苗与生物技术ETF,20230224,中证疫苗与生物技术指数,中证疫苗与生物技术指数收益率,嘉实基金管理有限公司,中国工商银行股份有限公司,股票型ETF,主题指数ETF,931992.CSI,229381173.5,8090100,5797357,0.72,0.71659892955588,0.097316836
2026-01-26,562860.SH,嘉实中证疫苗与生物技术ETF,20230224,中证疫苗与生物技术指数,中证疫苗与生物技术指数收益率,嘉实基金管理有限公司,中国工商银行股份有限公司,股票型ETF,主题指数ETF,931992.CSI,292706775.0,89464100,66504852,0.749,0.74336915030722,0.536912752
2026-01-27,562860.SH,嘉实中证疫苗与生物技术ETF,20230224,中证疫苗与生物技术指数,中证疫苗与生物技术指数收益率,嘉实基金管理有限公司,中国工商银行股份有限公司,股票型ETF,主题指数ETF,931992.CSI,288109903.5,63563700,46498410,0.733,0.73152459658579,-0.04091095
2026-01-28,562860.SH,嘉实中证疫苗与生物技术ETF,20230224,中证疫苗与生物技术指数,中证疫苗与生物技术指数收益率,嘉实基金管理有限公司,中国工商银行股份有限公司,股票型ETF,主题指数ETF,931992.CSI,269586994.5,40959400,29567744,0.718,0.72187932440417,-0.152968989
2026-01-29,562860.SH,嘉实中证疫苗与生物技术ETF,20230224,中证疫苗与生物技术指数,中证疫苗与生物技术指数收益率,嘉实基金管理有限公司,中国工商银行股份有限公司,股票型ETF,主题指数ETF,931992.CSI,262431903.0,20108920,14286517,0.71,0.71045670279657,-0.196795052
2026-01-30,562860.SH,嘉实中证疫苗与生物技术ETF,20230224,中证疫苗与生物技术指数,中证疫苗与生物技术指数收益率,嘉实基金管理有限公司,中国工商银行股份有限公司,股票型ETF,主题指数ETF,931992.CSI,256973258.0,15523700,10933846,0.7,0.70433247228431,-0.057110223
2026-02-02,562860.SH,嘉实中证疫苗与生物技术ETF,20230224,中证疫苗与生物技术指数,中证疫苗与生物技术指数收益率,嘉实基金管理有限公司,中国工商银行股份有限公司,股票型ETF,主题指数ETF,931992.CSI,246804889.5,19953200,13708253,0.679,0.68702027744923,-0.16174092
2026-02-03,562860.SH,嘉实中证疫苗与生物技术ETF,20230224,中证疫苗与生物技术指数,中证疫苗与生物技术指数收益率,嘉实基金管理有限公司,中国工商银行股份有限公司,股票型ETF,主题指数ETF,931992.CSI,246293239.5,20049300,13750549,0.69,0.68583686213484,-0.014490654
2026-02-04,562860.SH,嘉实中证疫苗与生物技术ETF,20230224,中证疫苗与生物技术指数,中证疫苗与生物技术指数收益率,嘉实基金管理有限公司,中国工商银行股份有限公司,股票型ETF,主题指数ETF,931992.CSI,246864962.0,19619800,13571632,0.695,0.69173141418363,-0.086256469
2026-02-05,562860.SH,嘉实中证疫苗与生物技术ETF,20230224,中证疫苗与生物技术指数,中证疫苗与生物技术指数收益率,嘉实基金管理有限公司,中国工商银行股份有限公司,股票型ETF,主题指数ETF,931992.CSI,243991603.0,9563400,6629025,0.691,0.69316613338352,-0.05785363
2026-02-06,562860.SH,嘉实中证疫苗与生物技术ETF,20230224,中证疫苗与生物技术指数,中证疫苗与生物技术指数收益率,嘉实基金管理有限公司,中国工商银行股份有限公司,股票型ETF,主题指数ETF,931992.CSI,243568129.0,8795900,6091612,0.69,0.6925513023113,-0.028977108
2026-02-09,562860.SH,嘉实中证疫苗与生物技术ETF,20230224,中证疫苗与生物技术指数,中证疫苗与生物技术指数收益率,嘉实基金管理有限公司,中国工商银行股份有限公司,股票型ETF,主题指数ETF,931992.CSI,244222920.0,6172000,4290989,0.695,0.69523476992871,-0.143678161
2026-02-10,562860.SH,嘉实中证疫苗与生物技术ETF,20230224,中证疫苗与生物技术指数,中证疫苗与生物技术指数收益率,嘉实基金管理有限公司,中国工商银行股份有限公司,股票型ETF,主题指数ETF,931992.CSI,244784352.0,7352300,5126126,0.698,0.69721393305496,0.05733945
2026-02-11,562860.SH,嘉实中证疫苗与生物技术ETF,20230224,中证疫苗与生物技术指数,中证疫苗与生物技术指数收益率,嘉实基金管理有限公司,中国工商银行股份有限公司,股票型ETF,主题指数ETF,931992.CSI,243661488.0,5196800,3621192,0.694,0.69681188423645,-0.057603687
2026-02-12,562860.SH,嘉实中证疫苗与生物技术ETF,20230224,中证疫苗与生物技术指数,中证疫苗与生物技术指数收益率,嘉实基金管理有限公司,中国工商银行股份有限公司,股票型ETF,主题指数ETF,931992.CSI,241540008.5,5106500,3533334,0.692,0.69192871830021,-0.043333815
2026-02-13,562860.SH,嘉实中证疫苗与生物技术ETF,20230224,中证疫苗与生物技术指数,中证疫苗与生物技术指数收益率,嘉实基金管理有限公司,中国工商银行股份有限公司,股票型ETF,主题指数ETF,931992.CSI,239027964.5,8395300,5799407,0.685,0.690792109871,-0.014596409
2026-02-24,562860.SH,嘉实中证疫苗与生物技术ETF,20230224,中证疫苗与生物技术指数,中证疫苗与生物技术指数收益率,嘉实基金管理有限公司,中国工商银行股份有限公司,股票型ETF,主题指数ETF,931992.CSI,240632881.5,8167800,5620785,0.689,0.68816388746052,-0.101493403
2026-02-25,562860.SH,嘉实中证疫苗与生物技术ETF,20230224,中证疫苗与生物技术指数,中证疫苗与生物技术指数收益率,嘉实基金管理有限公司,中国工商银行股份有限公司,股票型ETF,主题指数ETF,931992.CSI,244435837.0,7906800,5515139,0.7,0.69751846511863,-0.085640879
2026-02-26,562860.SH,嘉实中证疫苗与生物技术ETF,20230224,中证疫苗与生物技术指数,中证疫苗与生物技术指数收益率,嘉实基金管理有限公司,中国工商银行股份有限公司,股票型ETF,主题指数ETF,931992.CSI,243040257.0,14103400,9826996,0.696,0.6967820525547,-0.086132644
2026-02-27,562860.SH,嘉实中证疫苗与生物技术ETF,20230224,中证疫苗与生物技术指数,中证疫苗与生物技术指数收益率,嘉实基金管理有限公司,中国工商银行股份有限公司,股票型ETF,主题指数ETF,931992.CSI,244366058.0,7553100,5260864,0.699,0.69651719161669,-0.19988578
2026-03-02,562860.SH,嘉实中证疫苗与生物技术ETF,20230224,中证疫苗与生物技术指数,中证疫苗与生物技术指数收益率,嘉实基金管理有限公司,中国工商银行股份有限公司,股票型ETF,主题指数ETF,931992.CSI,236062047.5,8773100,5998375,0.681,0.68372354127959,0.073475386
2026-03-03,562860.SH,嘉实中证疫苗与生物技术ETF,20230224,中证疫苗与生物技术指数,中证疫苗与生物技术指数收益率,嘉实基金管理有限公司,中国工商银行股份有限公司,股票型ETF,主题指数ETF,931992.CSI,228603805.0,12929300,8624026,0.66,0.66701414616414,0.151745068
2026-03-04,562860.SH,嘉实中证疫苗与生物技术ETF,20230224,中证疫苗与生物技术指数,中证疫苗与生物技术指数收益率,嘉实基金管理有限公司,中国工商银行股份有限公司,股票型ETF,主题指数ETF,931992.CSI,226071471.5,6633500,4331461,0.651,0.65296766412904,-0.107411386
2026-03-05,562860.SH,嘉实中证疫苗与生物技术ETF,20230224,中证疫苗与生物技术指数,中证疫苗与生物技术指数收益率,嘉实基金管理有限公司,中国工商银行股份有限公司,股票型ETF,主题指数ETF,931992.CSI,226285609.5,7362100,4845620,0.656,0.65818448540498,-0.015241579
2026-03-06,562860.SH,嘉实中证疫苗与生物技术ETF,20230224,中证疫苗与生物技术指数,中证疫苗与生物技术指数收益率,嘉实基金管理有限公司,中国工商银行股份有限公司,股票型ETF,主题指数ETF,931992.CSI,233459425.5,18518200,12476039,0.677,0.67371769394434,0.014773231
2026-03-09,562860.SH,嘉实中证疫苗与生物技术ETF,20230224,中证疫苗与生物技术指数,中证疫苗与生物技术指数收益率,嘉实基金管理有限公司,中国工商银行股份有限公司,股票型ETF,主题指数ETF,931992.CSI,233597383.5,6538700,4390315,0.677,0.67143545353052,-0.044293518
2026-03-10,562860.SH,嘉实中证疫苗与生物技术ETF,20230224,中证疫苗与生物技术指数,中证疫苗与生物技术指数收益率,嘉实基金管理有限公司,中国工商银行股份有限公司,股票型ETF,主题指数ETF,931992.CSI,238218976.5,7578800,5212920,0.691,0.68782920779015,0.043434197
2026-03-11,562860.SH,嘉实中证疫苗与生物技术ETF,20230224,中证疫苗与生物技术指数,中证疫苗与生物技术指数收益率,嘉实基金管理有限公司,中国工商银行股份有限公司,股票型ETF,主题指数ETF,931992.CSI,236839396.5,5794500,3976518,0.687,0.68625731296919,0.0436872
2026-03-12,562860.SH,嘉实中证疫苗与生物技术ETF,20230224,中证疫苗与生物技术指数,中证疫苗与生物技术指数收益率,嘉实基金管理有限公司,中国工商银行股份有限公司,股票型ETF,主题指数ETF,931992.CSI,235873690.5,10118900,6890868,0.683,0.68098983091047,-0.131598187
2026-03-13,562860.SH,嘉实中证疫苗与生物技术ETF,20230224,中证疫苗与生物技术指数,中证疫苗与生物技术指数收益率,嘉实基金管理有限公司,中国工商银行股份有限公司,股票型ETF,主题指数ETF,931992.CSI,233976768.0,9760600,6626135,0.678,0.6788655410528,-0.058962264
2026-03-16,562860.SH,嘉实中证疫苗与生物技术ETF,20230224,中证疫苗与生物技术指数,中证疫苗与生物技术指数收益率,嘉实基金管理有限公司,中国工商银行股份有限公司,股票型ETF,主题指数ETF,931992.CSI,234873495.0,6008400,4080129,0.68,0.67907080087877,-0.146842878
2026-03-17,562860.SH,嘉实中证疫苗与生物技术ETF,20230224,中证疫苗与生物技术指数,中证疫苗与生物技术指数收益率,嘉实基金管理有限公司,中国工商银行股份有限公司,股票型ETF,主题指数ETF,931992.CSI,227862558.0,28903800,19781498,0.682,0.68439091053771,0.235155791
2026-03-18,562860.SH,嘉实中证疫苗与生物技术ETF,20230224,中证疫苗与生物技术指数,中证疫苗与生物技术指数收益率,嘉实基金管理有限公司,中国工商银行股份有限公司,股票型ETF,主题指数ETF,931992.CSI,228449908.0,9363600,6435365,0.693,0.68727465931907,0.376593279
2026-03-19,562860.SH,嘉实中证疫苗与生物技术ETF,20230224,中证疫苗与生物技术指数,中证疫苗与生物技术指数收益率,嘉实基金管理有限公司,中国工商银行股份有限公司,股票型ETF,主题指数ETF,931992.CSI,225869257.5,12226300,8324067,0.678,0.68083287666751,-0.073691968
2026-03-20,562860.SH,嘉实中证疫苗与生物技术ETF,20230224,中证疫苗与生物技术指数,中证疫苗与生物技术指数收益率,嘉实基金管理有限公司,中国工商银行股份有限公司,股票型ETF,主题指数ETF,931992.CSI,223475433.5,7029600,4744580,0.667,0.67494309775805,-0.044957291
2026-03-23,562860.SH,嘉实中证疫苗与生物技术ETF,20230224,中证疫苗与生物技术指数,中证疫苗与生物技术指数收益率,嘉实基金管理有限公司,中国工商银行股份有限公司,股票型ETF,主题指数ETF,931992.CSI,212344918.5,9736700,6244317,0.632,0.6413175922027,0.269712835
2026-03-24,562860.SH,嘉实中证疫苗与生物技术ETF,20230224,中证疫苗与生物技术指数,中证疫苗与生物技术指数收益率,嘉实基金管理有限公司,中国工商银行股份有限公司,股票型ETF,主题指数ETF,931992.CSI,218712234.0,18402300,11859024,0.648,0.64443161996055,-0.184842884
2026-03-25,562860.SH,嘉实中证疫苗与生物技术ETF,20230224,中证疫苗与生物技术指数,中证疫苗与生物技术指数收益率,嘉实基金管理有限公司,中国工商银行股份有限公司,股票型ETF,主题指数ETF,931992.CSI,219655540.0,11013100,7175732,0.652,0.65156332004613,0
2026-03-26,562860.SH,嘉实中证疫苗与生物技术ETF,20230224,中证疫苗与生物技术指数,中证疫苗与生物技术指数收益率,嘉实基金管理有限公司,中国工商银行股份有限公司,股票型ETF,主题指数ETF,931992.CSI,217937375.5,7271200,4731798,0.647,0.65075888436572,0.01545834
2026-03-27,562860.SH,嘉实中证疫苗与生物技术ETF,20230224,中证疫苗与生物技术指数,中证疫苗与生物技术指数收益率,嘉实基金管理有限公司,中国工商银行股份有限公司,股票型ETF,主题指数ETF,931992.CSI,225012170.5,10818300,7135541,0.667,0.65958061802686,-0.134750711
2026-03-30,562860.SH,嘉实中证疫苗与生物技术ETF,20230224,中证疫苗与生物技术指数,中证疫苗与生物技术指数收益率,嘉实基金管理有限公司,中国工商银行股份有限公司,股票型ETF,主题指数ETF,931992.CSI,228246362.5,10351000,6974993,0.677,0.67384726113419,-0.073800738
2026-03-31,562860.SH,嘉实中证疫苗与生物技术ETF,20230224,中证疫苗与生物技术指数,中证疫苗与生物技术指数收益率,嘉实基金管理有限公司,中国工商银行股份有限公司,股票型ETF,主题指数ETF,931992.CSI,225417801.6146,9001900,6109540,0.675,0.67869449782824,0.282276036
2026-04-01,562860.SH,嘉实中证疫苗与生物技术ETF,20230224,中证疫苗与生物技术指数,中证疫苗与生物技术指数收益率,嘉实基金管理有限公司,中国工商银行股份有限公司,股票型ETF,主题指数ETF,931992.CSI,230068701.0,24096100,16776174,0.703,0.69621947120073,-0.113668656
2026-04-02,562860.SH,嘉实中证疫苗与生物技术ETF,20230224,中证疫苗与生物技术指数,中证疫苗与生物技术指数收益率,嘉实基金管理有限公司,中国工商银行股份有限公司,股票型ETF,主题指数ETF,931992.CSI,230166769.5,14581700,10230254,0.703,0.70158170857993,-0.156227809
2026-04-03,562860.SH,嘉实中证疫苗与生物技术ETF,20230224,中证疫苗与生物技术指数,中证疫苗与生物技术指数收益率,嘉实基金管理有限公司,中国工商银行股份有限公司,股票型ETF,主题指数ETF,931992.CSI,225328723.5,6002100,4153591,0.689,0.69202295863115,-0.043522414
2026-04-07,562860.SH,嘉实中证疫苗与生物技术ETF,20230224,中证疫苗与生物技术指数,中证疫苗与生物技术指数收益率,嘉实基金管理有限公司,中国工商银行股份有限公司,股票型ETF,主题指数ETF,931992.CSI,225590239.5,10166700,6982761,0.69,0.68682669892886,-0.014490654
2026-04-08,562860.SH,嘉实中证疫苗与生物技术ETF,20230224,中证疫苗与生物技术指数,中证疫苗与生物技术指数收益率,嘉实基金管理有限公司,中国工商银行股份有限公司,股票型ETF,主题指数ETF,931992.CSI,228466164.0,8157700,5704619,0.702,0.69929257020974,-0.170648464
2026-04-09,562860.SH,嘉实中证疫苗与生物技术ETF,20230224,中证疫苗与生物技术指数,中证疫苗与生物技术指数收益率,嘉实基金管理有限公司,中国工商银行股份有限公司,股票型ETF,主题指数ETF,931992.CSI,224307508.0,8001400,5566997,0.69,0.69575286824806,-0.057937428
2026-04-10,562860.SH,嘉实中证疫苗与生物技术ETF,20230224,中证疫苗与生物技术指数,中证疫苗与生物技术指数收益率,嘉实基金管理有限公司,中国工商银行股份有限公司,股票型ETF,主题指数ETF,931992.CSI,224562321.0,12869200,9047436,0.7,0.70303018058621,0.028579594
2026-04-13,562860.SH,嘉实中证疫苗与生物技术ETF,20230224,中证疫苗与生物技术指数,中证疫苗与生物技术指数收益率,嘉实基金管理有限公司,中国工商银行股份有限公司,股票型ETF,主题指数ETF,931992.CSI,223800511.0,4876700,3417859,0.702,0.7008548813747,0.028498148
2026-04-14,562860.SH,嘉实中证疫苗与生物技术ETF,20230224,中证疫苗与生物技术指数,中证疫苗与生物技术指数收益率,嘉实基金管理有限公司,中国工商银行股份有限公司,股票型ETF,主题指数ETF,931992.CSI,226224113.0,4438900,3111037,0.708,0.70085764491203,-0.197349873
2026-04-15,562860.SH,嘉实中证疫苗与生物技术ETF,20230224,中证疫苗与生物技术指数,中证疫苗与生物技术指数收益率,嘉实基金管理有限公司,中国工商银行股份有限公司,股票型ETF,主题指数ETF,931992.CSI,228201262.0,7338900,5228850,0.715,0.71248415975146,-0.083845724
2026-04-16,562860.SH,嘉实中证疫苗与生物技术ETF,20230224,中证疫苗与生物技术指数,中证疫苗与生物技术指数收益率,嘉实基金管理有限公司,中国工商银行股份有限公司,股票型ETF,主题指数ETF,931992.CSI,229030389.0,12631000,9047880,0.718,0.71632333148603,-0.027847396
2026-04-17,562860.SH,嘉实中证疫苗与生物技术ETF,20230224,中证疫苗与生物技术指数,中证疫苗与生物技术指数收益率,嘉实基金管理有限公司,中国工商银行股份有限公司,股票型ETF,主题指数ETF,931992.CSI,226670566.0,3920500,2783314,0.71,0.70993852824895,-0.11254924
2026-04-20,562860.SH,嘉实中证疫苗与生物技术ETF,20230224,中证疫苗与生物技术指数,中证疫苗与生物技术指数收益率,嘉实基金管理有限公司,中国工商银行股份有限公司,股票型ETF,主题指数ETF,931992.CSI,224916643.5,11644300,8231941,0.705,0.70695026751286,-0.042535091
2026-04-21,562860.SH,嘉实中证疫苗与生物技术ETF,20230224,中证疫苗与生物技术指数,中证疫苗与生物技术指数收益率,嘉实基金管理有限公司,中国工商银行股份有限公司,股票型ETF,主题指数ETF,931992.CSI,222588710.0,2515600,1755576,0.698,0.69787565590714,0
2026-04-22,562860.SH,嘉实中证疫苗与生物技术ETF,20230224,中证疫苗与生物技术指数,中证疫苗与生物技术指数收益率,嘉实基金管理有限公司,中国工商银行股份有限公司,股票型ETF,主题指数ETF,931992.CSI,224916643.5,11090100,7776836,0.706,0.70124128727424,0.099248547
2026-04-23,562860.SH,嘉实中证疫苗与生物技术ETF,20230224,中证疫苗与生物技术指数,中证疫苗与生物技术指数收益率,嘉实基金管理有限公司,中国工商银行股份有限公司,股票型ETF,主题指数ETF,931992.CSI,220615312.5,10128200,6969901,0.688,0.68816778894572,0.072727273
2026-04-24,562860.SH,嘉实中证疫苗与生物技术ETF,20230224,中证疫苗与生物技术指数,中证疫苗与生物技术指数收益率,嘉实基金管理有限公司,中国工商银行股份有限公司,股票型ETF,主题指数ETF,931992.CSI,219042927.0,9778700,6666906,0.682,0.68177835499606,-0.087899209
2026-04-27,562860.SH,嘉实中证疫苗与生物技术ETF,20230224,中证疫苗与生物技术指数,中证疫苗与生物技术指数收益率,嘉实基金管理有限公司,中国工商银行股份有限公司,股票型ETF,主题指数ETF,931992.CSI,219363822.0,9936900,6749865,0.684,0.67927271080518,0.058513751
2026-04-28,562860.SH,嘉实中证疫苗与生物技术ETF,20230224,中证疫苗与生物技术指数,中证疫苗与生物技术指数收益率,嘉实基金管理有限公司,中国工商银行股份有限公司,股票型ETF,主题指数ETF,931992.CSI,219203374.5,7793600,5359178,0.683,0.68763831862041,-0.014639145
2026-04-29,562860.SH,嘉实中证疫苗与生物技术ETF,20230224,中证疫苗与生物技术指数,中证疫苗与生物技术指数收益率,嘉实基金管理有限公司,中国工商银行股份有限公司,股票型ETF,主题指数ETF,931992.CSI,219042927.0,9729400,6638009,0.682,0.68226293502169,-0.087899209
2026-04-30,562860.SH,嘉实中证疫苗与生物技术ETF,20230224,中证疫苗与生物技术指数,中证疫苗与生物技术指数收益率,嘉实基金管理有限公司,中国工商银行股份有限公司,股票型ETF,主题指数ETF,931992.CSI,218016063.0,11557300,7866455,0.679,0.68064816176789,-0.058875478
2026-05-06,562860.SH,嘉实中证疫苗与生物技术ETF,20230224,中证疫苗与生物技术指数,中证疫苗与生物技术指数收益率,嘉实基金管理有限公司,中国工商银行股份有限公司,股票型ETF,主题指数ETF,931992.CSI,220005612.0,14729900,10108466,0.686,0.68625489650303,0.058343057
2026-05-07,562860.SH,嘉实中证疫苗与生物技术ETF,20230224,中证疫苗与生物技术指数,中证疫苗与生物技术指数收益率,嘉实基金管理有限公司,中国工商银行股份有限公司,股票型ETF,主题指数ETF,931992.CSI,221513818.5,14802300,10168572,0.69,0.68695891854644,-0.043459365
2026-05-08,562860.SH,嘉实中证疫苗与生物技术ETF,20230224,中证疫苗与生物技术指数,中证疫苗与生物技术指数收益率,嘉实基金管理有限公司,中国工商银行股份有限公司,股票型ETF,主题指数ETF,931992.CSI,221770534.5,12745800,8801458,0.692,0.69053790268167,0.130227174
2026-05-11,562860.SH,嘉实中证疫苗与生物技术ETF,20230224,中证疫苗与生物技术指数,中证疫苗与生物技术指数收益率,嘉实基金管理有限公司,中国工商银行股份有限公司,股票型ETF,主题指数ETF,931992.CSI,249497043.0,47731260,34242358,0.729,0.71739899596198,0.774122201
2026-05-12,562860.SH,嘉实中证疫苗与生物技术ETF,20230224,中证疫苗与生物技术指数,中证疫苗与生物技术指数收益率,嘉实基金管理有限公司,中国工商银行股份有限公司,股票型ETF,主题指数ETF,931992.CSI,244185660.0,30612360,21789349,0.709,0.71178272436362,0.141242938
2026-05-13,562860.SH,嘉实中证疫苗与生物技术ETF,20230224,中证疫苗与生物技术指数,中证疫苗与生物技术指数收益率,嘉实基金管理有限公司,中国工商银行股份有限公司,股票型ETF,主题指数ETF,931992.CSI,241598947.5,22181900,15518135,0.7,0.69958547284047,-0.071377587
2026-05-14,562860.SH,嘉实中证疫苗与生物技术ETF,20230224,中证疫苗与生物技术指数,中证疫苗与生物技术指数收益率,嘉实基金管理有限公司,中国工商银行股份有限公司,股票型ETF,主题指数ETF,931992.CSI,234540180.0,20641600,14294375,0.684,0.69250324587241,0
2026-05-15,562860.SH,嘉实中证疫苗与生物技术ETF,20230224,中证疫苗与生物技术指数,中证疫苗与生物技术指数收益率,嘉实基金管理有限公司,中国工商银行股份有限公司,股票型ETF,主题指数ETF,931992.CSI,230342751.5,18011000,12237406,0.675,0.67944067514297,-0.103596271
2026-05-18,562860.SH,嘉实中证疫苗与生物技术ETF,20230224,中证疫苗与生物技术指数,中证疫苗与生物技术指数收益率,嘉实基金管理有限公司,中国工商银行股份有限公司,股票型ETF,主题指数ETF,931992.CSI,227888307.5,15604588,10416373,0.668,0.66751989863494,-0.074794316
2026-05-19,562860.SH,嘉实中证疫苗与生物技术ETF,20230224,中证疫苗与生物技术指数,中证疫苗与生物技术指数收益率,嘉实基金管理有限公司,中国工商银行股份有限公司,股票型ETF,主题指数ETF,931992.CSI,229490514.0,16480400,11041132,0.673,0.66995534088978,-0.029708853
2026-05-20,562860.SH,嘉实中证疫苗与生物技术ETF,20230224,中证疫苗与生物技术指数,中证疫苗与生物技术指数收益率,嘉实基金管理有限公司,中国工商银行股份有限公司,股票型ETF,主题指数ETF,931992.CSI,227001980.5,15367300,10239715,0.666,0.66633143102562,0.01501727
2026-05-21,562860.SH,嘉实中证疫苗与生物技术ETF,20230224,中证疫苗与生物技术指数,中证疫苗与生物技术指数收益率,嘉实基金管理有限公司,中国工商银行股份有限公司,股票型ETF,主题指数ETF,931992.CSI,223230136.5,16632400,11150950,0.659,0.67043541521368,0.045544254
2026-05-22,562860.SH,嘉实中证疫苗与生物技术ETF,20230224,中证疫苗与生物技术指数,中证疫苗与生物技术指数收益率,嘉实基金管理有限公司,中国工商银行股份有限公司,股票型ETF,主题指数ETF,931992.CSI,221738998.5,11926500,7782642,0.654,0.65255037102251,-0.045850527
2026-05-25,562860.SH,嘉实中证疫苗与生物技术ETF,20230224,中证疫苗与生物技术指数,中证疫苗与生物技术指数收益率,嘉实基金管理有限公司,中国工商银行股份有限公司,股票型ETF,主题指数ETF,931992.CSI,220891761.0,14330800,9316604,0.651,0.65011053116365,-0.122737036
2026-05-26,562860.SH,嘉实中证疫苗与生物技术ETF,20230224,中证疫苗与生物技术指数,中证疫苗与生物技术指数收益率,嘉实基金管理有限公司,中国工商银行股份有限公司,股票型ETF,主题指数ETF,931992.CSI,217570590.0,12592800,8071262,0.642,0.64094260212185,0
2026-05-27,562860.SH,嘉实中证疫苗与生物技术ETF,20230224,中证疫苗与生物技术指数,中证疫苗与生物技术指数收益率,嘉实基金管理有限公司,中国工商银行股份有限公司,股票型ETF,主题指数ETF,931992.CSI,215073768.0,20353400,12957578,0.636,0.63662965401358,-0.37593985
2026-05-28,562860.SH,嘉实中证疫苗与生物技术ETF,20230224,中证疫苗与生物技术指数,中证疫苗与生物技术指数收益率,嘉实基金管理有限公司,中国工商银行股份有限公司,股票型ETF,主题指数ETF,931992.CSI,211873265.5,10874200,6864212,0.628,0.63123834397013,-0.143107012
2026-05-29,562860.SH,嘉实中证疫苗与生物技术ETF,20230224,中证疫苗与生物技术指数,中证疫苗与生物技术指数收益率,嘉实基金管理有限公司,中国工商银行股份有限公司,股票型ETF,主题指数ETF,931992.CSI,212951329.5,15952600,10038946,0.632,0.62929842157391,-0.015820282
2026-06-01,562860.SH,嘉实中证疫苗与生物技术ETF,20230224,中证疫苗与生物技术指数,中证疫苗与生物技术指数收益率,嘉实基金管理有限公司,中国工商银行股份有限公司,股票型ETF,主题指数ETF,931992.CSI,212277539.5,13257100,8377887,0.631,0.63195472614674,0.142834471
2026-06-02,562860.SH,嘉实中证疫苗与生物技术ETF,20230224,中证疫苗与生物技术指数,中证疫苗与生物技术指数收益率,嘉实基金管理有限公司,中国工商银行股份有限公司,股票型ETF,主题指数ETF,931992.CSI,208369557.5,8272200,5133718,0.618,0.62059887333478,-0.080840744
2026-06-03,562860.SH,嘉实中证疫苗与生物技术ETF,20230224,中证疫苗与生物技术指数,中证疫苗与生物技术指数收益率,嘉实基金管理有限公司,中国工商银行股份有限公司,股票型ETF,主题指数ETF,931992.CSI,205743154.5,11537100,7010977,0.608,0.60768971405292,0.148245759
2026-06-04,562860.SH,嘉实中证疫苗与生物技术ETF,20230224,中证疫苗与生物技术指数,中证疫苗与生物技术指数收益率,嘉实基金管理有限公司,中国工商银行股份有限公司,股票型ETF,主题指数ETF,931992.CSI,202625320.5,4256000,2553183,0.599,0.59990202067669,0.183977254
2026-06-05,562860.SH,嘉实中证疫苗与生物技术ETF,20230224,中证疫苗与生物技术指数,中证疫苗与生物技术指数收益率,嘉实基金管理有限公司,中国工商银行股份有限公司,股票型ETF,主题指数ETF,931992.CSI,204639268.5,14029700,8453379,0.602,0.60253455170103,0.283191737
2026-06-08,562860.SH,嘉实中证疫苗与生物技术ETF,20230224,中证疫苗与生物技术指数,中证疫苗与生物技术指数收益率,嘉实基金管理有限公司,中国工商银行股份有限公司,股票型ETF,主题指数ETF,931992.CSI,198264532.0,17476900,10171711,0.582,0.58200888029342,0.068775791
2026-06-09,562860.SH,嘉实中证疫苗与生物技术ETF,20230224,中证疫苗与生物技术指数,中证疫苗与生物技术指数收益率,嘉实基金管理有限公司,中国工商银行股份有限公司,股票型ETF,主题指数ETF,931992.CSI,198707695.5,12685200,7363283,0.583,0.58046250748904,0.017155601
2026-06-10,562860.SH,嘉实中证疫苗与生物技术ETF,20230224,中证疫苗与生物技术指数,中证疫苗与生物技术指数收益率,嘉实基金管理有限公司,中国工商银行股份有限公司,股票型ETF,主题指数ETF,931992.CSI,199253127.5,16861500,9705615,0.584,0.57560804198915,-0.085543199
2026-06-11,562860.SH,嘉实中证疫苗与生物技术ETF,20230224,中证疫苗与生物技术指数,中证疫苗与生物技术指数收益率,嘉实基金管理有限公司,中国工商银行股份有限公司,股票型ETF,主题指数ETF,931992.CSI,196730504.5,12048900,6940682,0.577,0.57604279228809,-0.017328019
2026-06-12,562860.SH,嘉实中证疫苗与生物技术ETF,20230224,中证疫苗与生物技术指数,中证疫苗与生物技术指数收益率,嘉实基金管理有限公司,中国工商银行股份有限公司,股票型ETF,主题指数ETF,931992.CSI,201503034.5,9716900,5698430,0.59,0.58644526546532,-0.186093724
2026-06-15,562860.SH,嘉实中证疫苗与生物技术ETF,20230224,中证疫苗与生物技术指数,中证疫苗与生物技术指数收益率,嘉实基金管理有限公司,中国工商银行股份有限公司,股票型ETF,主题指数ETF,931992.CSI,203165287.5,16117800,9507967,0.592,0.58990476367742,-0.084388186
2026-06-16,562860.SH,嘉实中证疫苗与生物技术ETF,20230224,中证疫苗与生物技术指数,中证疫苗与生物技术指数收益率,嘉实基金管理有限公司,中国工商银行股份有限公司,股票型ETF,主题指数ETF,931992.CSI,201605303.0,19395400,11426551,0.591,0.58913716654464,-0.067636118
2026-06-17,562860.SH,嘉实中证疫苗与生物技术ETF,20230224,中证疫苗与生物技术指数,中证疫苗与生物技术指数收益率,嘉实基金管理有限公司,中国工商银行股份有限公司,股票型ETF,主题指数ETF,931992.CSI,200446260.0,16233800,9530737,0.588,0.58709217804827,0
2026-06-18,562860.SH,嘉实中证疫苗与生物技术ETF,20230224,中证疫苗与生物技术指数,中证疫苗与生物技术指数收益率,嘉实基金管理有限公司,中国工商银行股份有限公司,股票型ETF,主题指数ETF,931992.CSI,202900704.0,19914000,11838569,0.595,0.59448473435774,-0.033602151
2026-06-22,562860.SH,嘉实中证疫苗与生物技术ETF,20230224,中证疫苗与生物技术指数,中证疫苗与生物技术指数收益率,嘉实基金管理有限公司,中国工商银行股份有限公司,股票型ETF,主题指数ETF,931992.CSI,204948341.5,8148400,4782349,0.598,0.58690650925335,0.050192404
2026-06-23,562860.SH,嘉实中证疫苗与生物技术ETF,20230224,中证疫苗与生物技术指数,中证疫苗与生物技术指数收益率,嘉实基金管理有限公司,中国工商银行股份有限公司,股票型ETF,主题指数ETF,931992.CSI,213379249.5,17941600,10958948,0.61,0.61081219066304,0.31244861
2026-06-24,562860.SH,嘉实中证疫苗与生物技术ETF,20230224,中证疫苗与生物技术指数,中证疫苗与生物技术指数收益率,嘉实基金管理有限公司,中国工商银行股份有限公司,股票型ETF,主题指数ETF,931992.CSI,213273981.0,18181300,11129587,0.608,0.61214473112484,0.032905561
2026-06-25,562860.SH,嘉实中证疫苗与生物技术ETF,20230224,中证疫苗与生物技术指数,中证疫苗与生物技术指数收益率,嘉实基金管理有限公司,中国工商银行股份有限公司,股票型ETF,主题指数ETF,931992.CSI,211604817.5,12033800,7189255,0.605,0.5974218451362,-0.247320692
2026-06-26,562860.SH,嘉实中证疫苗与生物技术ETF,20230224,中证疫苗与生物技术指数,中证疫苗与生物技术指数收益率,嘉实基金管理有限公司,中国工商银行股份有限公司,股票型ETF,主题指数ETF,931992.CSI,202568437.0,10258500,6050307,0.581,0.58978476385436,0.068894247
2026-06-29,562860.SH,嘉实中证疫苗与生物技术ETF,20230224,中证疫苗与生物技术指数,中证疫苗与生物技术指数收益率,嘉实基金管理有限公司,中国工商银行股份有限公司,股票型ETF,主题指数ETF,931992.CSI,213555006.0,16300700,9840398,0.623,0.60367947388762,0.032113038
2026-06-30,562860.SH,嘉实中证疫苗与生物技术ETF,20230224,中证疫苗与生物技术指数,中证疫苗与生物技术指数收益率,嘉实基金管理有限公司,中国工商银行股份有限公司,股票型ETF,主题指数ETF,931992.CSI,213246379.3554,13102700,8123766,0.622,0.62000702145359,0.016079756
2026-07-01,562860.SH,嘉实中证疫苗与生物技术ETF,20230224,中证疫苗与生物技术指数,中证疫苗与生物技术指数收益率,嘉实基金管理有限公司,中国工商银行股份有限公司,股票型ETF,主题指数ETF,931992.CSI,221270143.5,17579600,11116217,0.644,0.63233617374684,-0.201456687
2026-07-02,562860.SH,嘉实中证疫苗与生物技术ETF,20230224,中证疫苗与生物技术指数,中证疫苗与生物技术指数收益率,嘉实基金管理有限公司,中国工商银行股份有限公司,股票型ETF,主题指数ETF,931992.CSI,219967142.5,27673200,17796374,0.641,0.64309057138314,-0.077942323
2026-07-03,562860.SH,嘉实中证疫苗与生物技术ETF,20230224,中证疫苗与生物技术指数,中证疫苗与生物技术指数收益率,嘉实基金管理有限公司,中国工商银行股份有限公司,股票型ETF,主题指数ETF,931992.CSI,224630514.5,25036700,16292690,0.655,0.65075229563002,-0.015264845
2026-07-06,562860.SH,嘉实中证疫苗与生物技术ETF,20230224,中证疫苗与生物技术指数,中证疫苗与生物技术指数收益率,嘉实基金管理有限公司,中国工商银行股份有限公司,股票型ETF,主题指数ETF,931992.CSI,224009595.0,36610600,24379834,0.661,0.66592282016684,0
2026-07-07,562860.SH,嘉实中证疫苗与生物技术ETF,20230224,中证疫苗与生物技术指数,中证疫苗与生物技术指数收益率,嘉实基金管理有限公司,中国工商银行股份有限公司,股票型ETF,主题指数ETF,931992.CSI,211921556.0,29579500,18844993,0.631,0.63709640122382,-0.284450063
2026-07-08,562860.SH,嘉实中证疫苗与生物技术ETF,20230224,中证疫苗与生物技术指数,中证疫苗与生物技术指数收益率,嘉实基金管理有限公司,中国工商银行股份有限公司,股票型ETF,主题指数ETF,931992.CSI,207668389.5,22450200,14038633,0.62,0.62532329333369,-0.016126431
2026-07-09,562860.SH,嘉实中证疫苗与生物技术ETF,20230224,中证疫苗与生物技术指数,中证疫苗与生物技术指数收益率,嘉实基金管理有限公司,中国工商银行股份有限公司,股票型ETF,主题指数ETF,931992.CSI,210020343.0,20178100,12544281,0.621,0.6216780073446,-0.384985563
2026-07-10,562860.SH,嘉实中证疫苗与生物技术ETF,20230224,中证疫苗与生物技术指数,中证疫苗与生物技术指数收益率,嘉实基金管理有限公司,中国工商银行股份有限公司,股票型ETF,主题指数ETF,931992.CSI,216375659.5,29604700,19091735,0.647,0.64488864943742,0.139297322
2026-07-13,562860.SH,嘉实中证疫苗与生物技术ETF,20230224,中证疫苗与生物技术指数,中证疫苗与生物技术指数收益率,嘉实基金管理有限公司,中国工商银行股份有限公司,股票型ETF,主题指数ETF,931992.CSI,209357266.5,25290900,16063802,0.631,0.63516134261731,-0.268689742
2026-07-14,562860.SH,嘉实中证疫苗与生物技术ETF,20230224,中证疫苗与生物技术指数,中证疫苗与生物技术指数收益率,嘉实基金管理有限公司,中国工商银行股份有限公司,股票型ETF,主题指数ETF,931992.CSI,213923617.5,16535600,10616840,0.647,0.64205955635115,0.07733952
2026-07-15,562860.SH,嘉实中证疫苗与生物技术ETF,20230224,中证疫苗与生物技术指数,中证疫苗与生物技术指数收益率,嘉实基金管理有限公司,中国工商银行股份有限公司,股票型ETF,主题指数ETF,931992.CSI,220607696.5,21953200,14648007,0.665,0.66723789698085,-0.254987251
2026-07-16,562860.SH,嘉实中证疫苗与生物技术ETF,20230224,中证疫苗与生物技术指数,中证疫苗与生物技术指数收益率,嘉实基金管理有限公司,中国工商银行股份有限公司,股票型ETF,主题指数ETF,931992.CSI,220078264.5,23696700,15718155,0.664,0.66330565015382,-0.165388663
2026-07-17,562860.SH,嘉实中证疫苗与生物技术ETF,20230224,中证疫苗与生物技术指数,中证疫苗与生物技术指数收益率,嘉实基金管理有限公司,中国工商银行股份有限公司,股票型ETF,主题指数ETF,931992.CSI,203717563.0,25345200,16014623,0.619,0.63186019443524,-0.064578624
2026-07-20,562860.SH,嘉实中证疫苗与生物技术ETF,20230224,中证疫苗与生物技术指数,中证疫苗与生物技术指数收益率,嘉实基金管理有限公司,中国工商银行股份有限公司,股票型ETF,主题指数ETF,931992.CSI,213389293.0,13346900,8395239,0.632,0.62900291453446,-0.221029365
2026-07-21,562860.SH,嘉实中证疫苗与生物技术ETF,20230224,中证疫苗与生物技术指数,中证疫苗与生物技术指数收益率,嘉实基金管理有限公司,中国工商银行股份有限公司,股票型ETF,主题指数ETF,931992.CSI,214972699.5,10171300,6411656,0.637,0.63036740632957,-0.172386773
2026-07-22,562860.SH,嘉实中证疫苗与生物技术ETF,20230224,中证疫苗与生物技术指数,中证疫苗与生物技术指数收益率,嘉实基金管理有限公司,中国工商银行股份有限公司,股票型ETF,主题指数ETF,931992.CSI,214298909.5,15624000,9981153,0.636,0.63883467741935,-0.015720799
2026-07-23,562860.SH,嘉实中证疫苗与生物技术ETF,20230224,中证疫苗与生物技术指数,中证疫苗与生物技术指数收益率,嘉实基金管理有限公司,中国工商银行股份有限公司,股票型ETF,主题指数ETF,931992.CSI,213726188.0,8511000,5386327,0.633,0.63286652567266,-0.220680958
2026-07-24,562860.SH,嘉实中证疫苗与生物技术ETF,20230224,中证疫苗与生物技术指数,中证疫苗与生物技术指数收益率,嘉实基金管理有限公司,中国工商银行股份有限公司,股票型ETF,主题指数ETF,931992.CSI,205505928.0,13439300,8291347,0.607,0.61694783210435,0.098944591
2026-07-27,562860.SH,嘉实中证疫苗与生物技术ETF,20230224,中证疫苗与生物技术指数,中证疫苗与生物技术指数收益率,嘉实基金管理有限公司,中国工商银行股份有限公司,股票型ETF,主题指数ETF,931992.CSI,209610780.5,21962560,13515247,0.624,0.61537666829368,-0.303562869
2026-07-28,562860.SH,嘉实中证疫苗与生物技术ETF,20230224,中证疫苗与生物技术指数,中证疫苗与生物技术指数收益率,嘉实基金管理有限公司,中国工商银行股份有限公司,股票型ETF,主题指数ETF,931992.CSI,199810425.0,18472200,11413344,0.615,0.61786598239517,0
2026-07-29,562860.SH,嘉实中证疫苗与生物技术ETF,20230224,中证疫苗与生物技术指数,中证疫苗与生物技术指数收益率,嘉实基金管理有限公司,中国工商银行股份有限公司,股票型ETF,主题指数ETF,931992.CSI,202896927.5,18894718,11790166,0.623,0.62399269467795,-0.240192154
2026-07-30,562860.SH,嘉实中证疫苗与生物技术ETF,20230224,中证疫苗与生物技术指数,中证疫苗与生物技术指数收益率,嘉实基金管理有限公司,中国工商银行股份有限公司,股票型ETF,主题指数ETF,931992.CSI,200882578.5,13106300,8123912,0.618,0.61984785942638,-0.048520136
2026-07-31,562860.SH,嘉实中证疫苗与生物技术ETF,20230224,中证疫苗与生物技术指数,中证疫苗与生物技术指数收益率,嘉实基金管理有限公司,中国工商银行股份有限公司,股票型ETF,主题指数ETF,931992.CSI,202474564.0,11168000,6975875,0.625,0.62463064111748,0.288831836
2026-08-03,562860.SH,嘉实中证疫苗与生物技术ETF,20230224,中证疫苗与生物技术指数,中证疫苗与生物技术指数收益率,嘉实基金管理有限公司,中国工商银行股份有限公司,股票型ETF,主题指数ETF,931992.CSI,201499879.0,11954500,7414635,0.619,0.62023798569576,-0.193485972
2026-08-04,562860.SH,嘉实中证疫苗与生物技术ETF,20230224,中证疫苗与生物技术指数,中证疫苗与生物技术指数收益率,嘉实基金管理有限公司,中国工商银行股份有限公司,股票型ETF,主题指数ETF,931992.CSI,204164018.0,14763100,9286675,0.628,0.62904640624259,-0.063653724
2026-08-05,562860.SH,嘉实中证疫苗与生物技术ETF,20230224,中证疫苗与生物技术指数,中证疫苗与生物技术指数收益率,嘉实基金管理有限公司,中国工商银行股份有限公司,股票型ETF,主题指数ETF,931992.CSI,205885961.5,14293600,9041402,0.634,0.63254897296692,0.047341013
2026-08-06,562860.SH,嘉实中证疫苗与生物技术ETF,20230224,中证疫苗与生物技术指数,中证疫苗与生物技术指数收益率,嘉实基金管理有限公司,中国工商银行股份有限公司,股票型ETF,主题指数ETF,931992.CSI,203579207.0,9287800,5824205,0.627,0.62708122483258,0.063836578
2026-08-07,562860.SH,嘉实中证疫苗与生物技术ETF,20230224,中证疫苗与生物技术指数,中证疫苗与生物技术指数收益率,嘉实基金管理有限公司,中国工商银行股份有限公司,股票型ETF,主题指数ETF,931992.CSI,214755595.0,21824500,14177828,0.661,0.64962899493688,0
2026-08-10,562860.SH,嘉实中证疫苗与生物技术ETF,20230224,中证疫苗与生物技术指数,中证疫苗与生物技术指数收益率,嘉实基金管理有限公司,中国工商银行股份有限公司,股票型ETF,主题指数ETF,931992.CSI,216412559.5,18898500,12597633,0.666,0.66659433288356,-0.015012761
2026-08-11,562860.SH,嘉实中证疫苗与生物技术ETF,20230224,中证疫苗与生物技术指数,中证疫苗与生物技术指数收益率,嘉实基金管理有限公司,中国工商银行股份有限公司,股票型ETF,主题指数ETF,931992.CSI,216347409.0,22144200,15004940,0.673,0.67760135836923,-0.177988727
2026-08-12,562860.SH,嘉实中证疫苗与生物技术ETF,20230224,中证疫苗与生物技术指数,中证疫苗与生物技术指数收益率,嘉实基金管理有限公司,中国工商银行股份有限公司,股票型ETF,主题指数ETF,931992.CSI,215609350.5,9705900,6548208,0.671,0.67466262788613,-0.133948504
2026-08-13,562860.SH,嘉实中证疫苗与生物技术ETF,20230224,中证疫苗与生物技术指数,中证疫苗与生物技术指数收益率,嘉实基金管理有限公司,中国工商银行股份有限公司,股票型ETF,主题指数ETF,931992.CSI,214286047.5,28158200,19156036,0.68,0.68030044534097,-0.073475386
2026-08-14,562860.SH,嘉实中证疫苗与生物技术ETF,20230224,中证疫苗与生物技术指数,中证疫苗与生物技术指数收益率,嘉实基金管理有限公司,中国工商银行股份有限公司,股票型ETF,主题指数ETF,931992.CSI,211097705.0,16034900,10873765,0.678,0.67813113895316,-0.147275405
2026-08-17,562860.SH,嘉实中证疫苗与生物技术ETF,20230224,中证疫苗与生物技术指数,中证疫苗与生物技术指数收益率,嘉实基金管理有限公司,中国工商银行股份有限公司,股票型ETF,主题指数ETF,931992.CSI,210848989.0,17236960,11637932,0.678,0.67517311637319,-0.029489826
2026-08-18,562860.SH,嘉实中证疫苗与生物技术ETF,20230224,中证疫苗与生物技术指数,中证疫苗与生物技术指数收益率,嘉实基金管理有限公司,中国工商银行股份有限公司,股票型ETF,主题指数ETF,931992.CSI,209107977.0,15049100,10129165,0.671,0.67307446956961,-0.237882843
2026-08-19,562860.SH,嘉实中证疫苗与生物技术ETF,20230224,中证疫苗与生物技术指数,中证疫苗与生物技术指数收益率,嘉实基金管理有限公司,中国工商银行股份有限公司,股票型ETF,主题指数ETF,931992.CSI,203387509.0,11008900,7245440,0.652,0.65814386541798,-0.336288597
2026-08-20,562860.SH,嘉实中证疫苗与生物技术ETF,20230224,中证疫苗与生物技术指数,中证疫苗与生物技术指数收益率,嘉实基金管理有限公司,中国工商银行股份有限公司,股票型ETF,主题指数ETF,931992.CSI,271616224.5,105176800,75102961,0.717,0.71406394756258,0.546907867
2026-08-21,562860.SH,嘉实中证疫苗与生物技术ETF,20230224,中证疫苗与生物技术指数,中证疫苗与生物技术指数收益率,嘉实基金管理有限公司,中国工商银行股份有限公司,股票型ETF,主题指数ETF,931992.CSI,241400450.5,105467700,73251025,0.693,0.69453515152032,0.158982512
2026-08-24,562860.SH,嘉实中证疫苗与生物技术ETF,20230224,中证疫苗与生物技术指数,中证疫苗与生物技术指数收益率,嘉实基金管理有限公司,中国工商银行股份有限公司,股票型ETF,主题指数ETF,931992.CSI,225076278.0,46782700,31272591,0.656,0.66846485987341,-0.060938452
2026-08-25,562860.SH,嘉实中证疫苗与生物技术ETF,20230224,中证疫苗与生物技术指数,中证疫苗与生物技术指数收益率,嘉实基金管理有限公司,中国工商银行股份有限公司,股票型ETF,主题指数ETF,931992.CSI,222102364.0,36513500,24004786,0.663,0.65742221370178,-0.030156815
