日期,代码,名称,上市日期,对标指数,benchmark,管理人,托管人,类别大类,类别细类,对标指数代码,规模,成交量,成交额,收盘价,VWAP,溢价率
2021-01-04,563800.SH,广发中证A500ETF,20241118,中证A500指数,中证A500指数收益率,广发基金管理有限公司,中国银行股份有限公司,股票型ETF,规模指数ETF,000510.CSI,,,,,,
2021-01-05,563800.SH,广发中证A500ETF,20241118,中证A500指数,中证A500指数收益率,广发基金管理有限公司,中国银行股份有限公司,股票型ETF,规模指数ETF,000510.CSI,,,,,,
2021-01-06,563800.SH,广发中证A500ETF,20241118,中证A500指数,中证A500指数收益率,广发基金管理有限公司,中国银行股份有限公司,股票型ETF,规模指数ETF,000510.CSI,,,,,,
2021-01-07,563800.SH,广发中证A500ETF,20241118,中证A500指数,中证A500指数收益率,广发基金管理有限公司,中国银行股份有限公司,股票型ETF,规模指数ETF,000510.CSI,,,,,,
2021-01-08,563800.SH,广发中证A500ETF,20241118,中证A500指数,中证A500指数收益率,广发基金管理有限公司,中国银行股份有限公司,股票型ETF,规模指数ETF,000510.CSI,,,,,,
2021-01-11,563800.SH,广发中证A500ETF,20241118,中证A500指数,中证A500指数收益率,广发基金管理有限公司,中国银行股份有限公司,股票型ETF,规模指数ETF,000510.CSI,,,,,,
2021-01-12,563800.SH,广发中证A500ETF,20241118,中证A500指数,中证A500指数收益率,广发基金管理有限公司,中国银行股份有限公司,股票型ETF,规模指数ETF,000510.CSI,,,,,,
2021-01-13,563800.SH,广发中证A500ETF,20241118,中证A500指数,中证A500指数收益率,广发基金管理有限公司,中国银行股份有限公司,股票型ETF,规模指数ETF,000510.CSI,,,,,,
2021-01-14,563800.SH,广发中证A500ETF,20241118,中证A500指数,中证A500指数收益率,广发基金管理有限公司,中国银行股份有限公司,股票型ETF,规模指数ETF,000510.CSI,,,,,,
2021-01-15,563800.SH,广发中证A500ETF,20241118,中证A500指数,中证A500指数收益率,广发基金管理有限公司,中国银行股份有限公司,股票型ETF,规模指数ETF,000510.CSI,,,,,,
2021-01-18,563800.SH,广发中证A500ETF,20241118,中证A500指数,中证A500指数收益率,广发基金管理有限公司,中国银行股份有限公司,股票型ETF,规模指数ETF,000510.CSI,,,,,,
2021-01-19,563800.SH,广发中证A500ETF,20241118,中证A500指数,中证A500指数收益率,广发基金管理有限公司,中国银行股份有限公司,股票型ETF,规模指数ETF,000510.CSI,,,,,,
2021-01-20,563800.SH,广发中证A500ETF,20241118,中证A500指数,中证A500指数收益率,广发基金管理有限公司,中国银行股份有限公司,股票型ETF,规模指数ETF,000510.CSI,,,,,,
2021-01-21,563800.SH,广发中证A500ETF,20241118,中证A500指数,中证A500指数收益率,广发基金管理有限公司,中国银行股份有限公司,股票型ETF,规模指数ETF,000510.CSI,,,,,,
2021-01-22,563800.SH,广发中证A500ETF,20241118,中证A500指数,中证A500指数收益率,广发基金管理有限公司,中国银行股份有限公司,股票型ETF,规模指数ETF,000510.CSI,,,,,,
2021-01-25,563800.SH,广发中证A500ETF,20241118,中证A500指数,中证A500指数收益率,广发基金管理有限公司,中国银行股份有限公司,股票型ETF,规模指数ETF,000510.CSI,,,,,,
2021-01-26,563800.SH,广发中证A500ETF,20241118,中证A500指数,中证A500指数收益率,广发基金管理有限公司,中国银行股份有限公司,股票型ETF,规模指数ETF,000510.CSI,,,,,,
2021-01-27,563800.SH,广发中证A500ETF,20241118,中证A500指数,中证A500指数收益率,广发基金管理有限公司,中国银行股份有限公司,股票型ETF,规模指数ETF,000510.CSI,,,,,,
2021-01-28,563800.SH,广发中证A500ETF,20241118,中证A500指数,中证A500指数收益率,广发基金管理有限公司,中国银行股份有限公司,股票型ETF,规模指数ETF,000510.CSI,,,,,,
2021-01-29,563800.SH,广发中证A500ETF,20241118,中证A500指数,中证A500指数收益率,广发基金管理有限公司,中国银行股份有限公司,股票型ETF,规模指数ETF,000510.CSI,,,,,,
2021-02-01,563800.SH,广发中证A500ETF,20241118,中证A500指数,中证A500指数收益率,广发基金管理有限公司,中国银行股份有限公司,股票型ETF,规模指数ETF,000510.CSI,,,,,,
2021-02-02,563800.SH,广发中证A500ETF,20241118,中证A500指数,中证A500指数收益率,广发基金管理有限公司,中国银行股份有限公司,股票型ETF,规模指数ETF,000510.CSI,,,,,,
2021-02-03,563800.SH,广发中证A500ETF,20241118,中证A500指数,中证A500指数收益率,广发基金管理有限公司,中国银行股份有限公司,股票型ETF,规模指数ETF,000510.CSI,,,,,,
2021-02-04,563800.SH,广发中证A500ETF,20241118,中证A500指数,中证A500指数收益率,广发基金管理有限公司,中国银行股份有限公司,股票型ETF,规模指数ETF,000510.CSI,,,,,,
2021-02-05,563800.SH,广发中证A500ETF,20241118,中证A500指数,中证A500指数收益率,广发基金管理有限公司,中国银行股份有限公司,股票型ETF,规模指数ETF,000510.CSI,,,,,,
2021-02-08,563800.SH,广发中证A500ETF,20241118,中证A500指数,中证A500指数收益率,广发基金管理有限公司,中国银行股份有限公司,股票型ETF,规模指数ETF,000510.CSI,,,,,,
2021-02-09,563800.SH,广发中证A500ETF,20241118,中证A500指数,中证A500指数收益率,广发基金管理有限公司,中国银行股份有限公司,股票型ETF,规模指数ETF,000510.CSI,,,,,,
2021-02-10,563800.SH,广发中证A500ETF,20241118,中证A500指数,中证A500指数收益率,广发基金管理有限公司,中国银行股份有限公司,股票型ETF,规模指数ETF,000510.CSI,,,,,,
2021-02-18,563800.SH,广发中证A500ETF,20241118,中证A500指数,中证A500指数收益率,广发基金管理有限公司,中国银行股份有限公司,股票型ETF,规模指数ETF,000510.CSI,,,,,,
2021-02-19,563800.SH,广发中证A500ETF,20241118,中证A500指数,中证A500指数收益率,广发基金管理有限公司,中国银行股份有限公司,股票型ETF,规模指数ETF,000510.CSI,,,,,,
2021-02-22,563800.SH,广发中证A500ETF,20241118,中证A500指数,中证A500指数收益率,广发基金管理有限公司,中国银行股份有限公司,股票型ETF,规模指数ETF,000510.CSI,,,,,,
2021-02-23,563800.SH,广发中证A500ETF,20241118,中证A500指数,中证A500指数收益率,广发基金管理有限公司,中国银行股份有限公司,股票型ETF,规模指数ETF,000510.CSI,,,,,,
2021-02-24,563800.SH,广发中证A500ETF,20241118,中证A500指数,中证A500指数收益率,广发基金管理有限公司,中国银行股份有限公司,股票型ETF,规模指数ETF,000510.CSI,,,,,,
2021-02-25,563800.SH,广发中证A500ETF,20241118,中证A500指数,中证A500指数收益率,广发基金管理有限公司,中国银行股份有限公司,股票型ETF,规模指数ETF,000510.CSI,,,,,,
2021-02-26,563800.SH,广发中证A500ETF,20241118,中证A500指数,中证A500指数收益率,广发基金管理有限公司,中国银行股份有限公司,股票型ETF,规模指数ETF,000510.CSI,,,,,,
2021-03-01,563800.SH,广发中证A500ETF,20241118,中证A500指数,中证A500指数收益率,广发基金管理有限公司,中国银行股份有限公司,股票型ETF,规模指数ETF,000510.CSI,,,,,,
2021-03-02,563800.SH,广发中证A500ETF,20241118,中证A500指数,中证A500指数收益率,广发基金管理有限公司,中国银行股份有限公司,股票型ETF,规模指数ETF,000510.CSI,,,,,,
2021-03-03,563800.SH,广发中证A500ETF,20241118,中证A500指数,中证A500指数收益率,广发基金管理有限公司,中国银行股份有限公司,股票型ETF,规模指数ETF,000510.CSI,,,,,,
2021-03-04,563800.SH,广发中证A500ETF,20241118,中证A500指数,中证A500指数收益率,广发基金管理有限公司,中国银行股份有限公司,股票型ETF,规模指数ETF,000510.CSI,,,,,,
2021-03-05,563800.SH,广发中证A500ETF,20241118,中证A500指数,中证A500指数收益率,广发基金管理有限公司,中国银行股份有限公司,股票型ETF,规模指数ETF,000510.CSI,,,,,,
2021-03-08,563800.SH,广发中证A500ETF,20241118,中证A500指数,中证A500指数收益率,广发基金管理有限公司,中国银行股份有限公司,股票型ETF,规模指数ETF,000510.CSI,,,,,,
2021-03-09,563800.SH,广发中证A500ETF,20241118,中证A500指数,中证A500指数收益率,广发基金管理有限公司,中国银行股份有限公司,股票型ETF,规模指数ETF,000510.CSI,,,,,,
2021-03-10,563800.SH,广发中证A500ETF,20241118,中证A500指数,中证A500指数收益率,广发基金管理有限公司,中国银行股份有限公司,股票型ETF,规模指数ETF,000510.CSI,,,,,,
2021-03-11,563800.SH,广发中证A500ETF,20241118,中证A500指数,中证A500指数收益率,广发基金管理有限公司,中国银行股份有限公司,股票型ETF,规模指数ETF,000510.CSI,,,,,,
2021-03-12,563800.SH,广发中证A500ETF,20241118,中证A500指数,中证A500指数收益率,广发基金管理有限公司,中国银行股份有限公司,股票型ETF,规模指数ETF,000510.CSI,,,,,,
2021-03-15,563800.SH,广发中证A500ETF,20241118,中证A500指数,中证A500指数收益率,广发基金管理有限公司,中国银行股份有限公司,股票型ETF,规模指数ETF,000510.CSI,,,,,,
2021-03-16,563800.SH,广发中证A500ETF,20241118,中证A500指数,中证A500指数收益率,广发基金管理有限公司,中国银行股份有限公司,股票型ETF,规模指数ETF,000510.CSI,,,,,,
2021-03-17,563800.SH,广发中证A500ETF,20241118,中证A500指数,中证A500指数收益率,广发基金管理有限公司,中国银行股份有限公司,股票型ETF,规模指数ETF,000510.CSI,,,,,,
2021-03-18,563800.SH,广发中证A500ETF,20241118,中证A500指数,中证A500指数收益率,广发基金管理有限公司,中国银行股份有限公司,股票型ETF,规模指数ETF,000510.CSI,,,,,,
2021-03-19,563800.SH,广发中证A500ETF,20241118,中证A500指数,中证A500指数收益率,广发基金管理有限公司,中国银行股份有限公司,股票型ETF,规模指数ETF,000510.CSI,,,,,,
2021-03-22,563800.SH,广发中证A500ETF,20241118,中证A500指数,中证A500指数收益率,广发基金管理有限公司,中国银行股份有限公司,股票型ETF,规模指数ETF,000510.CSI,,,,,,
2021-03-23,563800.SH,广发中证A500ETF,20241118,中证A500指数,中证A500指数收益率,广发基金管理有限公司,中国银行股份有限公司,股票型ETF,规模指数ETF,000510.CSI,,,,,,
2021-03-24,563800.SH,广发中证A500ETF,20241118,中证A500指数,中证A500指数收益率,广发基金管理有限公司,中国银行股份有限公司,股票型ETF,规模指数ETF,000510.CSI,,,,,,
2021-03-25,563800.SH,广发中证A500ETF,20241118,中证A500指数,中证A500指数收益率,广发基金管理有限公司,中国银行股份有限公司,股票型ETF,规模指数ETF,000510.CSI,,,,,,
2021-03-26,563800.SH,广发中证A500ETF,20241118,中证A500指数,中证A500指数收益率,广发基金管理有限公司,中国银行股份有限公司,股票型ETF,规模指数ETF,000510.CSI,,,,,,
2021-03-29,563800.SH,广发中证A500ETF,20241118,中证A500指数,中证A500指数收益率,广发基金管理有限公司,中国银行股份有限公司,股票型ETF,规模指数ETF,000510.CSI,,,,,,
2021-03-30,563800.SH,广发中证A500ETF,20241118,中证A500指数,中证A500指数收益率,广发基金管理有限公司,中国银行股份有限公司,股票型ETF,规模指数ETF,000510.CSI,,,,,,
2021-03-31,563800.SH,广发中证A500ETF,20241118,中证A500指数,中证A500指数收益率,广发基金管理有限公司,中国银行股份有限公司,股票型ETF,规模指数ETF,000510.CSI,,,,,,
2021-04-01,563800.SH,广发中证A500ETF,20241118,中证A500指数,中证A500指数收益率,广发基金管理有限公司,中国银行股份有限公司,股票型ETF,规模指数ETF,000510.CSI,,,,,,
2021-04-02,563800.SH,广发中证A500ETF,20241118,中证A500指数,中证A500指数收益率,广发基金管理有限公司,中国银行股份有限公司,股票型ETF,规模指数ETF,000510.CSI,,,,,,
2021-04-06,563800.SH,广发中证A500ETF,20241118,中证A500指数,中证A500指数收益率,广发基金管理有限公司,中国银行股份有限公司,股票型ETF,规模指数ETF,000510.CSI,,,,,,
2021-04-07,563800.SH,广发中证A500ETF,20241118,中证A500指数,中证A500指数收益率,广发基金管理有限公司,中国银行股份有限公司,股票型ETF,规模指数ETF,000510.CSI,,,,,,
2021-04-08,563800.SH,广发中证A500ETF,20241118,中证A500指数,中证A500指数收益率,广发基金管理有限公司,中国银行股份有限公司,股票型ETF,规模指数ETF,000510.CSI,,,,,,
2021-04-09,563800.SH,广发中证A500ETF,20241118,中证A500指数,中证A500指数收益率,广发基金管理有限公司,中国银行股份有限公司,股票型ETF,规模指数ETF,000510.CSI,,,,,,
2021-04-12,563800.SH,广发中证A500ETF,20241118,中证A500指数,中证A500指数收益率,广发基金管理有限公司,中国银行股份有限公司,股票型ETF,规模指数ETF,000510.CSI,,,,,,
2021-04-13,563800.SH,广发中证A500ETF,20241118,中证A500指数,中证A500指数收益率,广发基金管理有限公司,中国银行股份有限公司,股票型ETF,规模指数ETF,000510.CSI,,,,,,
2021-04-14,563800.SH,广发中证A500ETF,20241118,中证A500指数,中证A500指数收益率,广发基金管理有限公司,中国银行股份有限公司,股票型ETF,规模指数ETF,000510.CSI,,,,,,
2021-04-15,563800.SH,广发中证A500ETF,20241118,中证A500指数,中证A500指数收益率,广发基金管理有限公司,中国银行股份有限公司,股票型ETF,规模指数ETF,000510.CSI,,,,,,
2021-04-16,563800.SH,广发中证A500ETF,20241118,中证A500指数,中证A500指数收益率,广发基金管理有限公司,中国银行股份有限公司,股票型ETF,规模指数ETF,000510.CSI,,,,,,
2021-04-19,563800.SH,广发中证A500ETF,20241118,中证A500指数,中证A500指数收益率,广发基金管理有限公司,中国银行股份有限公司,股票型ETF,规模指数ETF,000510.CSI,,,,,,
2021-04-20,563800.SH,广发中证A500ETF,20241118,中证A500指数,中证A500指数收益率,广发基金管理有限公司,中国银行股份有限公司,股票型ETF,规模指数ETF,000510.CSI,,,,,,
2021-04-21,563800.SH,广发中证A500ETF,20241118,中证A500指数,中证A500指数收益率,广发基金管理有限公司,中国银行股份有限公司,股票型ETF,规模指数ETF,000510.CSI,,,,,,
2021-04-22,563800.SH,广发中证A500ETF,20241118,中证A500指数,中证A500指数收益率,广发基金管理有限公司,中国银行股份有限公司,股票型ETF,规模指数ETF,000510.CSI,,,,,,
2021-04-23,563800.SH,广发中证A500ETF,20241118,中证A500指数,中证A500指数收益率,广发基金管理有限公司,中国银行股份有限公司,股票型ETF,规模指数ETF,000510.CSI,,,,,,
2021-04-26,563800.SH,广发中证A500ETF,20241118,中证A500指数,中证A500指数收益率,广发基金管理有限公司,中国银行股份有限公司,股票型ETF,规模指数ETF,000510.CSI,,,,,,
2021-04-27,563800.SH,广发中证A500ETF,20241118,中证A500指数,中证A500指数收益率,广发基金管理有限公司,中国银行股份有限公司,股票型ETF,规模指数ETF,000510.CSI,,,,,,
2021-04-28,563800.SH,广发中证A500ETF,20241118,中证A500指数,中证A500指数收益率,广发基金管理有限公司,中国银行股份有限公司,股票型ETF,规模指数ETF,000510.CSI,,,,,,
2021-04-29,563800.SH,广发中证A500ETF,20241118,中证A500指数,中证A500指数收益率,广发基金管理有限公司,中国银行股份有限公司,股票型ETF,规模指数ETF,000510.CSI,,,,,,
2021-04-30,563800.SH,广发中证A500ETF,20241118,中证A500指数,中证A500指数收益率,广发基金管理有限公司,中国银行股份有限公司,股票型ETF,规模指数ETF,000510.CSI,,,,,,
2021-05-06,563800.SH,广发中证A500ETF,20241118,中证A500指数,中证A500指数收益率,广发基金管理有限公司,中国银行股份有限公司,股票型ETF,规模指数ETF,000510.CSI,,,,,,
2021-05-07,563800.SH,广发中证A500ETF,20241118,中证A500指数,中证A500指数收益率,广发基金管理有限公司,中国银行股份有限公司,股票型ETF,规模指数ETF,000510.CSI,,,,,,
2021-05-10,563800.SH,广发中证A500ETF,20241118,中证A500指数,中证A500指数收益率,广发基金管理有限公司,中国银行股份有限公司,股票型ETF,规模指数ETF,000510.CSI,,,,,,
2021-05-11,563800.SH,广发中证A500ETF,20241118,中证A500指数,中证A500指数收益率,广发基金管理有限公司,中国银行股份有限公司,股票型ETF,规模指数ETF,000510.CSI,,,,,,
2021-05-12,563800.SH,广发中证A500ETF,20241118,中证A500指数,中证A500指数收益率,广发基金管理有限公司,中国银行股份有限公司,股票型ETF,规模指数ETF,000510.CSI,,,,,,
2021-05-13,563800.SH,广发中证A500ETF,20241118,中证A500指数,中证A500指数收益率,广发基金管理有限公司,中国银行股份有限公司,股票型ETF,规模指数ETF,000510.CSI,,,,,,
2021-05-14,563800.SH,广发中证A500ETF,20241118,中证A500指数,中证A500指数收益率,广发基金管理有限公司,中国银行股份有限公司,股票型ETF,规模指数ETF,000510.CSI,,,,,,
2021-05-17,563800.SH,广发中证A500ETF,20241118,中证A500指数,中证A500指数收益率,广发基金管理有限公司,中国银行股份有限公司,股票型ETF,规模指数ETF,000510.CSI,,,,,,
2021-05-18,563800.SH,广发中证A500ETF,20241118,中证A500指数,中证A500指数收益率,广发基金管理有限公司,中国银行股份有限公司,股票型ETF,规模指数ETF,000510.CSI,,,,,,
2021-05-19,563800.SH,广发中证A500ETF,20241118,中证A500指数,中证A500指数收益率,广发基金管理有限公司,中国银行股份有限公司,股票型ETF,规模指数ETF,000510.CSI,,,,,,
2021-05-20,563800.SH,广发中证A500ETF,20241118,中证A500指数,中证A500指数收益率,广发基金管理有限公司,中国银行股份有限公司,股票型ETF,规模指数ETF,000510.CSI,,,,,,
2021-05-21,563800.SH,广发中证A500ETF,20241118,中证A500指数,中证A500指数收益率,广发基金管理有限公司,中国银行股份有限公司,股票型ETF,规模指数ETF,000510.CSI,,,,,,
2021-05-24,563800.SH,广发中证A500ETF,20241118,中证A500指数,中证A500指数收益率,广发基金管理有限公司,中国银行股份有限公司,股票型ETF,规模指数ETF,000510.CSI,,,,,,
2021-05-25,563800.SH,广发中证A500ETF,20241118,中证A500指数,中证A500指数收益率,广发基金管理有限公司,中国银行股份有限公司,股票型ETF,规模指数ETF,000510.CSI,,,,,,
2021-05-26,563800.SH,广发中证A500ETF,20241118,中证A500指数,中证A500指数收益率,广发基金管理有限公司,中国银行股份有限公司,股票型ETF,规模指数ETF,000510.CSI,,,,,,
2021-05-27,563800.SH,广发中证A500ETF,20241118,中证A500指数,中证A500指数收益率,广发基金管理有限公司,中国银行股份有限公司,股票型ETF,规模指数ETF,000510.CSI,,,,,,
2021-05-28,563800.SH,广发中证A500ETF,20241118,中证A500指数,中证A500指数收益率,广发基金管理有限公司,中国银行股份有限公司,股票型ETF,规模指数ETF,000510.CSI,,,,,,
2021-05-31,563800.SH,广发中证A500ETF,20241118,中证A500指数,中证A500指数收益率,广发基金管理有限公司,中国银行股份有限公司,股票型ETF,规模指数ETF,000510.CSI,,,,,,
2021-06-01,563800.SH,广发中证A500ETF,20241118,中证A500指数,中证A500指数收益率,广发基金管理有限公司,中国银行股份有限公司,股票型ETF,规模指数ETF,000510.CSI,,,,,,
2021-06-02,563800.SH,广发中证A500ETF,20241118,中证A500指数,中证A500指数收益率,广发基金管理有限公司,中国银行股份有限公司,股票型ETF,规模指数ETF,000510.CSI,,,,,,
2021-06-03,563800.SH,广发中证A500ETF,20241118,中证A500指数,中证A500指数收益率,广发基金管理有限公司,中国银行股份有限公司,股票型ETF,规模指数ETF,000510.CSI,,,,,,
2021-06-04,563800.SH,广发中证A500ETF,20241118,中证A500指数,中证A500指数收益率,广发基金管理有限公司,中国银行股份有限公司,股票型ETF,规模指数ETF,000510.CSI,,,,,,
2021-06-07,563800.SH,广发中证A500ETF,20241118,中证A500指数,中证A500指数收益率,广发基金管理有限公司,中国银行股份有限公司,股票型ETF,规模指数ETF,000510.CSI,,,,,,
2021-06-08,563800.SH,广发中证A500ETF,20241118,中证A500指数,中证A500指数收益率,广发基金管理有限公司,中国银行股份有限公司,股票型ETF,规模指数ETF,000510.CSI,,,,,,
2021-06-09,563800.SH,广发中证A500ETF,20241118,中证A500指数,中证A500指数收益率,广发基金管理有限公司,中国银行股份有限公司,股票型ETF,规模指数ETF,000510.CSI,,,,,,
2021-06-10,563800.SH,广发中证A500ETF,20241118,中证A500指数,中证A500指数收益率,广发基金管理有限公司,中国银行股份有限公司,股票型ETF,规模指数ETF,000510.CSI,,,,,,
2021-06-11,563800.SH,广发中证A500ETF,20241118,中证A500指数,中证A500指数收益率,广发基金管理有限公司,中国银行股份有限公司,股票型ETF,规模指数ETF,000510.CSI,,,,,,
2021-06-15,563800.SH,广发中证A500ETF,20241118,中证A500指数,中证A500指数收益率,广发基金管理有限公司,中国银行股份有限公司,股票型ETF,规模指数ETF,000510.CSI,,,,,,
2021-06-16,563800.SH,广发中证A500ETF,20241118,中证A500指数,中证A500指数收益率,广发基金管理有限公司,中国银行股份有限公司,股票型ETF,规模指数ETF,000510.CSI,,,,,,
2021-06-17,563800.SH,广发中证A500ETF,20241118,中证A500指数,中证A500指数收益率,广发基金管理有限公司,中国银行股份有限公司,股票型ETF,规模指数ETF,000510.CSI,,,,,,
2021-06-18,563800.SH,广发中证A500ETF,20241118,中证A500指数,中证A500指数收益率,广发基金管理有限公司,中国银行股份有限公司,股票型ETF,规模指数ETF,000510.CSI,,,,,,
2021-06-21,563800.SH,广发中证A500ETF,20241118,中证A500指数,中证A500指数收益率,广发基金管理有限公司,中国银行股份有限公司,股票型ETF,规模指数ETF,000510.CSI,,,,,,
2021-06-22,563800.SH,广发中证A500ETF,20241118,中证A500指数,中证A500指数收益率,广发基金管理有限公司,中国银行股份有限公司,股票型ETF,规模指数ETF,000510.CSI,,,,,,
2021-06-23,563800.SH,广发中证A500ETF,20241118,中证A500指数,中证A500指数收益率,广发基金管理有限公司,中国银行股份有限公司,股票型ETF,规模指数ETF,000510.CSI,,,,,,
2021-06-24,563800.SH,广发中证A500ETF,20241118,中证A500指数,中证A500指数收益率,广发基金管理有限公司,中国银行股份有限公司,股票型ETF,规模指数ETF,000510.CSI,,,,,,
2021-06-25,563800.SH,广发中证A500ETF,20241118,中证A500指数,中证A500指数收益率,广发基金管理有限公司,中国银行股份有限公司,股票型ETF,规模指数ETF,000510.CSI,,,,,,
2021-06-28,563800.SH,广发中证A500ETF,20241118,中证A500指数,中证A500指数收益率,广发基金管理有限公司,中国银行股份有限公司,股票型ETF,规模指数ETF,000510.CSI,,,,,,
2021-06-29,563800.SH,广发中证A500ETF,20241118,中证A500指数,中证A500指数收益率,广发基金管理有限公司,中国银行股份有限公司,股票型ETF,规模指数ETF,000510.CSI,,,,,,
2021-06-30,563800.SH,广发中证A500ETF,20241118,中证A500指数,中证A500指数收益率,广发基金管理有限公司,中国银行股份有限公司,股票型ETF,规模指数ETF,000510.CSI,,,,,,
2021-07-01,563800.SH,广发中证A500ETF,20241118,中证A500指数,中证A500指数收益率,广发基金管理有限公司,中国银行股份有限公司,股票型ETF,规模指数ETF,000510.CSI,,,,,,
2021-07-02,563800.SH,广发中证A500ETF,20241118,中证A500指数,中证A500指数收益率,广发基金管理有限公司,中国银行股份有限公司,股票型ETF,规模指数ETF,000510.CSI,,,,,,
2021-07-05,563800.SH,广发中证A500ETF,20241118,中证A500指数,中证A500指数收益率,广发基金管理有限公司,中国银行股份有限公司,股票型ETF,规模指数ETF,000510.CSI,,,,,,
2021-07-06,563800.SH,广发中证A500ETF,20241118,中证A500指数,中证A500指数收益率,广发基金管理有限公司,中国银行股份有限公司,股票型ETF,规模指数ETF,000510.CSI,,,,,,
2021-07-07,563800.SH,广发中证A500ETF,20241118,中证A500指数,中证A500指数收益率,广发基金管理有限公司,中国银行股份有限公司,股票型ETF,规模指数ETF,000510.CSI,,,,,,
2021-07-08,563800.SH,广发中证A500ETF,20241118,中证A500指数,中证A500指数收益率,广发基金管理有限公司,中国银行股份有限公司,股票型ETF,规模指数ETF,000510.CSI,,,,,,
2021-07-09,563800.SH,广发中证A500ETF,20241118,中证A500指数,中证A500指数收益率,广发基金管理有限公司,中国银行股份有限公司,股票型ETF,规模指数ETF,000510.CSI,,,,,,
2021-07-12,563800.SH,广发中证A500ETF,20241118,中证A500指数,中证A500指数收益率,广发基金管理有限公司,中国银行股份有限公司,股票型ETF,规模指数ETF,000510.CSI,,,,,,
2021-07-13,563800.SH,广发中证A500ETF,20241118,中证A500指数,中证A500指数收益率,广发基金管理有限公司,中国银行股份有限公司,股票型ETF,规模指数ETF,000510.CSI,,,,,,
2021-07-14,563800.SH,广发中证A500ETF,20241118,中证A500指数,中证A500指数收益率,广发基金管理有限公司,中国银行股份有限公司,股票型ETF,规模指数ETF,000510.CSI,,,,,,
2021-07-15,563800.SH,广发中证A500ETF,20241118,中证A500指数,中证A500指数收益率,广发基金管理有限公司,中国银行股份有限公司,股票型ETF,规模指数ETF,000510.CSI,,,,,,
2021-07-16,563800.SH,广发中证A500ETF,20241118,中证A500指数,中证A500指数收益率,广发基金管理有限公司,中国银行股份有限公司,股票型ETF,规模指数ETF,000510.CSI,,,,,,
2021-07-19,563800.SH,广发中证A500ETF,20241118,中证A500指数,中证A500指数收益率,广发基金管理有限公司,中国银行股份有限公司,股票型ETF,规模指数ETF,000510.CSI,,,,,,
2021-07-20,563800.SH,广发中证A500ETF,20241118,中证A500指数,中证A500指数收益率,广发基金管理有限公司,中国银行股份有限公司,股票型ETF,规模指数ETF,000510.CSI,,,,,,
2021-07-21,563800.SH,广发中证A500ETF,20241118,中证A500指数,中证A500指数收益率,广发基金管理有限公司,中国银行股份有限公司,股票型ETF,规模指数ETF,000510.CSI,,,,,,
2021-07-22,563800.SH,广发中证A500ETF,20241118,中证A500指数,中证A500指数收益率,广发基金管理有限公司,中国银行股份有限公司,股票型ETF,规模指数ETF,000510.CSI,,,,,,
2021-07-23,563800.SH,广发中证A500ETF,20241118,中证A500指数,中证A500指数收益率,广发基金管理有限公司,中国银行股份有限公司,股票型ETF,规模指数ETF,000510.CSI,,,,,,
2021-07-26,563800.SH,广发中证A500ETF,20241118,中证A500指数,中证A500指数收益率,广发基金管理有限公司,中国银行股份有限公司,股票型ETF,规模指数ETF,000510.CSI,,,,,,
2021-07-27,563800.SH,广发中证A500ETF,20241118,中证A500指数,中证A500指数收益率,广发基金管理有限公司,中国银行股份有限公司,股票型ETF,规模指数ETF,000510.CSI,,,,,,
2021-07-28,563800.SH,广发中证A500ETF,20241118,中证A500指数,中证A500指数收益率,广发基金管理有限公司,中国银行股份有限公司,股票型ETF,规模指数ETF,000510.CSI,,,,,,
2021-07-29,563800.SH,广发中证A500ETF,20241118,中证A500指数,中证A500指数收益率,广发基金管理有限公司,中国银行股份有限公司,股票型ETF,规模指数ETF,000510.CSI,,,,,,
2021-07-30,563800.SH,广发中证A500ETF,20241118,中证A500指数,中证A500指数收益率,广发基金管理有限公司,中国银行股份有限公司,股票型ETF,规模指数ETF,000510.CSI,,,,,,
2021-08-02,563800.SH,广发中证A500ETF,20241118,中证A500指数,中证A500指数收益率,广发基金管理有限公司,中国银行股份有限公司,股票型ETF,规模指数ETF,000510.CSI,,,,,,
2021-08-03,563800.SH,广发中证A500ETF,20241118,中证A500指数,中证A500指数收益率,广发基金管理有限公司,中国银行股份有限公司,股票型ETF,规模指数ETF,000510.CSI,,,,,,
2021-08-04,563800.SH,广发中证A500ETF,20241118,中证A500指数,中证A500指数收益率,广发基金管理有限公司,中国银行股份有限公司,股票型ETF,规模指数ETF,000510.CSI,,,,,,
2021-08-05,563800.SH,广发中证A500ETF,20241118,中证A500指数,中证A500指数收益率,广发基金管理有限公司,中国银行股份有限公司,股票型ETF,规模指数ETF,000510.CSI,,,,,,
2021-08-06,563800.SH,广发中证A500ETF,20241118,中证A500指数,中证A500指数收益率,广发基金管理有限公司,中国银行股份有限公司,股票型ETF,规模指数ETF,000510.CSI,,,,,,
2021-08-09,563800.SH,广发中证A500ETF,20241118,中证A500指数,中证A500指数收益率,广发基金管理有限公司,中国银行股份有限公司,股票型ETF,规模指数ETF,000510.CSI,,,,,,
2021-08-10,563800.SH,广发中证A500ETF,20241118,中证A500指数,中证A500指数收益率,广发基金管理有限公司,中国银行股份有限公司,股票型ETF,规模指数ETF,000510.CSI,,,,,,
2021-08-11,563800.SH,广发中证A500ETF,20241118,中证A500指数,中证A500指数收益率,广发基金管理有限公司,中国银行股份有限公司,股票型ETF,规模指数ETF,000510.CSI,,,,,,
2021-08-12,563800.SH,广发中证A500ETF,20241118,中证A500指数,中证A500指数收益率,广发基金管理有限公司,中国银行股份有限公司,股票型ETF,规模指数ETF,000510.CSI,,,,,,
2021-08-13,563800.SH,广发中证A500ETF,20241118,中证A500指数,中证A500指数收益率,广发基金管理有限公司,中国银行股份有限公司,股票型ETF,规模指数ETF,000510.CSI,,,,,,
2021-08-16,563800.SH,广发中证A500ETF,20241118,中证A500指数,中证A500指数收益率,广发基金管理有限公司,中国银行股份有限公司,股票型ETF,规模指数ETF,000510.CSI,,,,,,
2021-08-17,563800.SH,广发中证A500ETF,20241118,中证A500指数,中证A500指数收益率,广发基金管理有限公司,中国银行股份有限公司,股票型ETF,规模指数ETF,000510.CSI,,,,,,
2021-08-18,563800.SH,广发中证A500ETF,20241118,中证A500指数,中证A500指数收益率,广发基金管理有限公司,中国银行股份有限公司,股票型ETF,规模指数ETF,000510.CSI,,,,,,
2021-08-19,563800.SH,广发中证A500ETF,20241118,中证A500指数,中证A500指数收益率,广发基金管理有限公司,中国银行股份有限公司,股票型ETF,规模指数ETF,000510.CSI,,,,,,
2021-08-20,563800.SH,广发中证A500ETF,20241118,中证A500指数,中证A500指数收益率,广发基金管理有限公司,中国银行股份有限公司,股票型ETF,规模指数ETF,000510.CSI,,,,,,
2021-08-23,563800.SH,广发中证A500ETF,20241118,中证A500指数,中证A500指数收益率,广发基金管理有限公司,中国银行股份有限公司,股票型ETF,规模指数ETF,000510.CSI,,,,,,
2021-08-24,563800.SH,广发中证A500ETF,20241118,中证A500指数,中证A500指数收益率,广发基金管理有限公司,中国银行股份有限公司,股票型ETF,规模指数ETF,000510.CSI,,,,,,
2021-08-25,563800.SH,广发中证A500ETF,20241118,中证A500指数,中证A500指数收益率,广发基金管理有限公司,中国银行股份有限公司,股票型ETF,规模指数ETF,000510.CSI,,,,,,
2021-08-26,563800.SH,广发中证A500ETF,20241118,中证A500指数,中证A500指数收益率,广发基金管理有限公司,中国银行股份有限公司,股票型ETF,规模指数ETF,000510.CSI,,,,,,
2021-08-27,563800.SH,广发中证A500ETF,20241118,中证A500指数,中证A500指数收益率,广发基金管理有限公司,中国银行股份有限公司,股票型ETF,规模指数ETF,000510.CSI,,,,,,
2021-08-30,563800.SH,广发中证A500ETF,20241118,中证A500指数,中证A500指数收益率,广发基金管理有限公司,中国银行股份有限公司,股票型ETF,规模指数ETF,000510.CSI,,,,,,
2021-08-31,563800.SH,广发中证A500ETF,20241118,中证A500指数,中证A500指数收益率,广发基金管理有限公司,中国银行股份有限公司,股票型ETF,规模指数ETF,000510.CSI,,,,,,
2021-09-01,563800.SH,广发中证A500ETF,20241118,中证A500指数,中证A500指数收益率,广发基金管理有限公司,中国银行股份有限公司,股票型ETF,规模指数ETF,000510.CSI,,,,,,
2021-09-02,563800.SH,广发中证A500ETF,20241118,中证A500指数,中证A500指数收益率,广发基金管理有限公司,中国银行股份有限公司,股票型ETF,规模指数ETF,000510.CSI,,,,,,
2021-09-03,563800.SH,广发中证A500ETF,20241118,中证A500指数,中证A500指数收益率,广发基金管理有限公司,中国银行股份有限公司,股票型ETF,规模指数ETF,000510.CSI,,,,,,
2021-09-06,563800.SH,广发中证A500ETF,20241118,中证A500指数,中证A500指数收益率,广发基金管理有限公司,中国银行股份有限公司,股票型ETF,规模指数ETF,000510.CSI,,,,,,
2021-09-07,563800.SH,广发中证A500ETF,20241118,中证A500指数,中证A500指数收益率,广发基金管理有限公司,中国银行股份有限公司,股票型ETF,规模指数ETF,000510.CSI,,,,,,
2021-09-08,563800.SH,广发中证A500ETF,20241118,中证A500指数,中证A500指数收益率,广发基金管理有限公司,中国银行股份有限公司,股票型ETF,规模指数ETF,000510.CSI,,,,,,
2021-09-09,563800.SH,广发中证A500ETF,20241118,中证A500指数,中证A500指数收益率,广发基金管理有限公司,中国银行股份有限公司,股票型ETF,规模指数ETF,000510.CSI,,,,,,
2021-09-10,563800.SH,广发中证A500ETF,20241118,中证A500指数,中证A500指数收益率,广发基金管理有限公司,中国银行股份有限公司,股票型ETF,规模指数ETF,000510.CSI,,,,,,
2021-09-13,563800.SH,广发中证A500ETF,20241118,中证A500指数,中证A500指数收益率,广发基金管理有限公司,中国银行股份有限公司,股票型ETF,规模指数ETF,000510.CSI,,,,,,
2021-09-14,563800.SH,广发中证A500ETF,20241118,中证A500指数,中证A500指数收益率,广发基金管理有限公司,中国银行股份有限公司,股票型ETF,规模指数ETF,000510.CSI,,,,,,
2021-09-15,563800.SH,广发中证A500ETF,20241118,中证A500指数,中证A500指数收益率,广发基金管理有限公司,中国银行股份有限公司,股票型ETF,规模指数ETF,000510.CSI,,,,,,
2021-09-16,563800.SH,广发中证A500ETF,20241118,中证A500指数,中证A500指数收益率,广发基金管理有限公司,中国银行股份有限公司,股票型ETF,规模指数ETF,000510.CSI,,,,,,
2021-09-17,563800.SH,广发中证A500ETF,20241118,中证A500指数,中证A500指数收益率,广发基金管理有限公司,中国银行股份有限公司,股票型ETF,规模指数ETF,000510.CSI,,,,,,
2021-09-22,563800.SH,广发中证A500ETF,20241118,中证A500指数,中证A500指数收益率,广发基金管理有限公司,中国银行股份有限公司,股票型ETF,规模指数ETF,000510.CSI,,,,,,
2021-09-23,563800.SH,广发中证A500ETF,20241118,中证A500指数,中证A500指数收益率,广发基金管理有限公司,中国银行股份有限公司,股票型ETF,规模指数ETF,000510.CSI,,,,,,
2021-09-24,563800.SH,广发中证A500ETF,20241118,中证A500指数,中证A500指数收益率,广发基金管理有限公司,中国银行股份有限公司,股票型ETF,规模指数ETF,000510.CSI,,,,,,
2021-09-27,563800.SH,广发中证A500ETF,20241118,中证A500指数,中证A500指数收益率,广发基金管理有限公司,中国银行股份有限公司,股票型ETF,规模指数ETF,000510.CSI,,,,,,
2021-09-28,563800.SH,广发中证A500ETF,20241118,中证A500指数,中证A500指数收益率,广发基金管理有限公司,中国银行股份有限公司,股票型ETF,规模指数ETF,000510.CSI,,,,,,
2021-09-29,563800.SH,广发中证A500ETF,20241118,中证A500指数,中证A500指数收益率,广发基金管理有限公司,中国银行股份有限公司,股票型ETF,规模指数ETF,000510.CSI,,,,,,
2021-09-30,563800.SH,广发中证A500ETF,20241118,中证A500指数,中证A500指数收益率,广发基金管理有限公司,中国银行股份有限公司,股票型ETF,规模指数ETF,000510.CSI,,,,,,
2021-10-08,563800.SH,广发中证A500ETF,20241118,中证A500指数,中证A500指数收益率,广发基金管理有限公司,中国银行股份有限公司,股票型ETF,规模指数ETF,000510.CSI,,,,,,
2021-10-11,563800.SH,广发中证A500ETF,20241118,中证A500指数,中证A500指数收益率,广发基金管理有限公司,中国银行股份有限公司,股票型ETF,规模指数ETF,000510.CSI,,,,,,
2021-10-12,563800.SH,广发中证A500ETF,20241118,中证A500指数,中证A500指数收益率,广发基金管理有限公司,中国银行股份有限公司,股票型ETF,规模指数ETF,000510.CSI,,,,,,
2021-10-13,563800.SH,广发中证A500ETF,20241118,中证A500指数,中证A500指数收益率,广发基金管理有限公司,中国银行股份有限公司,股票型ETF,规模指数ETF,000510.CSI,,,,,,
2021-10-14,563800.SH,广发中证A500ETF,20241118,中证A500指数,中证A500指数收益率,广发基金管理有限公司,中国银行股份有限公司,股票型ETF,规模指数ETF,000510.CSI,,,,,,
2021-10-15,563800.SH,广发中证A500ETF,20241118,中证A500指数,中证A500指数收益率,广发基金管理有限公司,中国银行股份有限公司,股票型ETF,规模指数ETF,000510.CSI,,,,,,
2021-10-18,563800.SH,广发中证A500ETF,20241118,中证A500指数,中证A500指数收益率,广发基金管理有限公司,中国银行股份有限公司,股票型ETF,规模指数ETF,000510.CSI,,,,,,
2021-10-19,563800.SH,广发中证A500ETF,20241118,中证A500指数,中证A500指数收益率,广发基金管理有限公司,中国银行股份有限公司,股票型ETF,规模指数ETF,000510.CSI,,,,,,
2021-10-20,563800.SH,广发中证A500ETF,20241118,中证A500指数,中证A500指数收益率,广发基金管理有限公司,中国银行股份有限公司,股票型ETF,规模指数ETF,000510.CSI,,,,,,
2021-10-21,563800.SH,广发中证A500ETF,20241118,中证A500指数,中证A500指数收益率,广发基金管理有限公司,中国银行股份有限公司,股票型ETF,规模指数ETF,000510.CSI,,,,,,
2021-10-22,563800.SH,广发中证A500ETF,20241118,中证A500指数,中证A500指数收益率,广发基金管理有限公司,中国银行股份有限公司,股票型ETF,规模指数ETF,000510.CSI,,,,,,
2021-10-25,563800.SH,广发中证A500ETF,20241118,中证A500指数,中证A500指数收益率,广发基金管理有限公司,中国银行股份有限公司,股票型ETF,规模指数ETF,000510.CSI,,,,,,
2021-10-26,563800.SH,广发中证A500ETF,20241118,中证A500指数,中证A500指数收益率,广发基金管理有限公司,中国银行股份有限公司,股票型ETF,规模指数ETF,000510.CSI,,,,,,
2021-10-27,563800.SH,广发中证A500ETF,20241118,中证A500指数,中证A500指数收益率,广发基金管理有限公司,中国银行股份有限公司,股票型ETF,规模指数ETF,000510.CSI,,,,,,
2021-10-28,563800.SH,广发中证A500ETF,20241118,中证A500指数,中证A500指数收益率,广发基金管理有限公司,中国银行股份有限公司,股票型ETF,规模指数ETF,000510.CSI,,,,,,
2021-10-29,563800.SH,广发中证A500ETF,20241118,中证A500指数,中证A500指数收益率,广发基金管理有限公司,中国银行股份有限公司,股票型ETF,规模指数ETF,000510.CSI,,,,,,
2021-11-01,563800.SH,广发中证A500ETF,20241118,中证A500指数,中证A500指数收益率,广发基金管理有限公司,中国银行股份有限公司,股票型ETF,规模指数ETF,000510.CSI,,,,,,
2021-11-02,563800.SH,广发中证A500ETF,20241118,中证A500指数,中证A500指数收益率,广发基金管理有限公司,中国银行股份有限公司,股票型ETF,规模指数ETF,000510.CSI,,,,,,
2021-11-03,563800.SH,广发中证A500ETF,20241118,中证A500指数,中证A500指数收益率,广发基金管理有限公司,中国银行股份有限公司,股票型ETF,规模指数ETF,000510.CSI,,,,,,
2021-11-04,563800.SH,广发中证A500ETF,20241118,中证A500指数,中证A500指数收益率,广发基金管理有限公司,中国银行股份有限公司,股票型ETF,规模指数ETF,000510.CSI,,,,,,
2021-11-05,563800.SH,广发中证A500ETF,20241118,中证A500指数,中证A500指数收益率,广发基金管理有限公司,中国银行股份有限公司,股票型ETF,规模指数ETF,000510.CSI,,,,,,
2021-11-08,563800.SH,广发中证A500ETF,20241118,中证A500指数,中证A500指数收益率,广发基金管理有限公司,中国银行股份有限公司,股票型ETF,规模指数ETF,000510.CSI,,,,,,
2021-11-09,563800.SH,广发中证A500ETF,20241118,中证A500指数,中证A500指数收益率,广发基金管理有限公司,中国银行股份有限公司,股票型ETF,规模指数ETF,000510.CSI,,,,,,
2021-11-10,563800.SH,广发中证A500ETF,20241118,中证A500指数,中证A500指数收益率,广发基金管理有限公司,中国银行股份有限公司,股票型ETF,规模指数ETF,000510.CSI,,,,,,
2021-11-11,563800.SH,广发中证A500ETF,20241118,中证A500指数,中证A500指数收益率,广发基金管理有限公司,中国银行股份有限公司,股票型ETF,规模指数ETF,000510.CSI,,,,,,
2021-11-12,563800.SH,广发中证A500ETF,20241118,中证A500指数,中证A500指数收益率,广发基金管理有限公司,中国银行股份有限公司,股票型ETF,规模指数ETF,000510.CSI,,,,,,
2021-11-15,563800.SH,广发中证A500ETF,20241118,中证A500指数,中证A500指数收益率,广发基金管理有限公司,中国银行股份有限公司,股票型ETF,规模指数ETF,000510.CSI,,,,,,
2021-11-16,563800.SH,广发中证A500ETF,20241118,中证A500指数,中证A500指数收益率,广发基金管理有限公司,中国银行股份有限公司,股票型ETF,规模指数ETF,000510.CSI,,,,,,
2021-11-17,563800.SH,广发中证A500ETF,20241118,中证A500指数,中证A500指数收益率,广发基金管理有限公司,中国银行股份有限公司,股票型ETF,规模指数ETF,000510.CSI,,,,,,
2021-11-18,563800.SH,广发中证A500ETF,20241118,中证A500指数,中证A500指数收益率,广发基金管理有限公司,中国银行股份有限公司,股票型ETF,规模指数ETF,000510.CSI,,,,,,
2021-11-19,563800.SH,广发中证A500ETF,20241118,中证A500指数,中证A500指数收益率,广发基金管理有限公司,中国银行股份有限公司,股票型ETF,规模指数ETF,000510.CSI,,,,,,
2021-11-22,563800.SH,广发中证A500ETF,20241118,中证A500指数,中证A500指数收益率,广发基金管理有限公司,中国银行股份有限公司,股票型ETF,规模指数ETF,000510.CSI,,,,,,
2021-11-23,563800.SH,广发中证A500ETF,20241118,中证A500指数,中证A500指数收益率,广发基金管理有限公司,中国银行股份有限公司,股票型ETF,规模指数ETF,000510.CSI,,,,,,
2021-11-24,563800.SH,广发中证A500ETF,20241118,中证A500指数,中证A500指数收益率,广发基金管理有限公司,中国银行股份有限公司,股票型ETF,规模指数ETF,000510.CSI,,,,,,
2021-11-25,563800.SH,广发中证A500ETF,20241118,中证A500指数,中证A500指数收益率,广发基金管理有限公司,中国银行股份有限公司,股票型ETF,规模指数ETF,000510.CSI,,,,,,
2021-11-26,563800.SH,广发中证A500ETF,20241118,中证A500指数,中证A500指数收益率,广发基金管理有限公司,中国银行股份有限公司,股票型ETF,规模指数ETF,000510.CSI,,,,,,
2021-11-29,563800.SH,广发中证A500ETF,20241118,中证A500指数,中证A500指数收益率,广发基金管理有限公司,中国银行股份有限公司,股票型ETF,规模指数ETF,000510.CSI,,,,,,
2021-11-30,563800.SH,广发中证A500ETF,20241118,中证A500指数,中证A500指数收益率,广发基金管理有限公司,中国银行股份有限公司,股票型ETF,规模指数ETF,000510.CSI,,,,,,
2021-12-01,563800.SH,广发中证A500ETF,20241118,中证A500指数,中证A500指数收益率,广发基金管理有限公司,中国银行股份有限公司,股票型ETF,规模指数ETF,000510.CSI,,,,,,
2021-12-02,563800.SH,广发中证A500ETF,20241118,中证A500指数,中证A500指数收益率,广发基金管理有限公司,中国银行股份有限公司,股票型ETF,规模指数ETF,000510.CSI,,,,,,
2021-12-03,563800.SH,广发中证A500ETF,20241118,中证A500指数,中证A500指数收益率,广发基金管理有限公司,中国银行股份有限公司,股票型ETF,规模指数ETF,000510.CSI,,,,,,
2021-12-06,563800.SH,广发中证A500ETF,20241118,中证A500指数,中证A500指数收益率,广发基金管理有限公司,中国银行股份有限公司,股票型ETF,规模指数ETF,000510.CSI,,,,,,
2021-12-07,563800.SH,广发中证A500ETF,20241118,中证A500指数,中证A500指数收益率,广发基金管理有限公司,中国银行股份有限公司,股票型ETF,规模指数ETF,000510.CSI,,,,,,
2021-12-08,563800.SH,广发中证A500ETF,20241118,中证A500指数,中证A500指数收益率,广发基金管理有限公司,中国银行股份有限公司,股票型ETF,规模指数ETF,000510.CSI,,,,,,
2021-12-09,563800.SH,广发中证A500ETF,20241118,中证A500指数,中证A500指数收益率,广发基金管理有限公司,中国银行股份有限公司,股票型ETF,规模指数ETF,000510.CSI,,,,,,
2021-12-10,563800.SH,广发中证A500ETF,20241118,中证A500指数,中证A500指数收益率,广发基金管理有限公司,中国银行股份有限公司,股票型ETF,规模指数ETF,000510.CSI,,,,,,
2021-12-13,563800.SH,广发中证A500ETF,20241118,中证A500指数,中证A500指数收益率,广发基金管理有限公司,中国银行股份有限公司,股票型ETF,规模指数ETF,000510.CSI,,,,,,
2021-12-14,563800.SH,广发中证A500ETF,20241118,中证A500指数,中证A500指数收益率,广发基金管理有限公司,中国银行股份有限公司,股票型ETF,规模指数ETF,000510.CSI,,,,,,
2021-12-15,563800.SH,广发中证A500ETF,20241118,中证A500指数,中证A500指数收益率,广发基金管理有限公司,中国银行股份有限公司,股票型ETF,规模指数ETF,000510.CSI,,,,,,
2021-12-16,563800.SH,广发中证A500ETF,20241118,中证A500指数,中证A500指数收益率,广发基金管理有限公司,中国银行股份有限公司,股票型ETF,规模指数ETF,000510.CSI,,,,,,
2021-12-17,563800.SH,广发中证A500ETF,20241118,中证A500指数,中证A500指数收益率,广发基金管理有限公司,中国银行股份有限公司,股票型ETF,规模指数ETF,000510.CSI,,,,,,
2021-12-20,563800.SH,广发中证A500ETF,20241118,中证A500指数,中证A500指数收益率,广发基金管理有限公司,中国银行股份有限公司,股票型ETF,规模指数ETF,000510.CSI,,,,,,
2021-12-21,563800.SH,广发中证A500ETF,20241118,中证A500指数,中证A500指数收益率,广发基金管理有限公司,中国银行股份有限公司,股票型ETF,规模指数ETF,000510.CSI,,,,,,
2021-12-22,563800.SH,广发中证A500ETF,20241118,中证A500指数,中证A500指数收益率,广发基金管理有限公司,中国银行股份有限公司,股票型ETF,规模指数ETF,000510.CSI,,,,,,
2021-12-23,563800.SH,广发中证A500ETF,20241118,中证A500指数,中证A500指数收益率,广发基金管理有限公司,中国银行股份有限公司,股票型ETF,规模指数ETF,000510.CSI,,,,,,
2021-12-24,563800.SH,广发中证A500ETF,20241118,中证A500指数,中证A500指数收益率,广发基金管理有限公司,中国银行股份有限公司,股票型ETF,规模指数ETF,000510.CSI,,,,,,
2021-12-27,563800.SH,广发中证A500ETF,20241118,中证A500指数,中证A500指数收益率,广发基金管理有限公司,中国银行股份有限公司,股票型ETF,规模指数ETF,000510.CSI,,,,,,
2021-12-28,563800.SH,广发中证A500ETF,20241118,中证A500指数,中证A500指数收益率,广发基金管理有限公司,中国银行股份有限公司,股票型ETF,规模指数ETF,000510.CSI,,,,,,
2021-12-29,563800.SH,广发中证A500ETF,20241118,中证A500指数,中证A500指数收益率,广发基金管理有限公司,中国银行股份有限公司,股票型ETF,规模指数ETF,000510.CSI,,,,,,
2021-12-30,563800.SH,广发中证A500ETF,20241118,中证A500指数,中证A500指数收益率,广发基金管理有限公司,中国银行股份有限公司,股票型ETF,规模指数ETF,000510.CSI,,,,,,
2021-12-31,563800.SH,广发中证A500ETF,20241118,中证A500指数,中证A500指数收益率,广发基金管理有限公司,中国银行股份有限公司,股票型ETF,规模指数ETF,000510.CSI,,,,,,
2022-01-04,563800.SH,广发中证A500ETF,20241118,中证A500指数,中证A500指数收益率,广发基金管理有限公司,中国银行股份有限公司,股票型ETF,规模指数ETF,000510.CSI,,,,,,
2022-01-05,563800.SH,广发中证A500ETF,20241118,中证A500指数,中证A500指数收益率,广发基金管理有限公司,中国银行股份有限公司,股票型ETF,规模指数ETF,000510.CSI,,,,,,
2022-01-06,563800.SH,广发中证A500ETF,20241118,中证A500指数,中证A500指数收益率,广发基金管理有限公司,中国银行股份有限公司,股票型ETF,规模指数ETF,000510.CSI,,,,,,
2022-01-07,563800.SH,广发中证A500ETF,20241118,中证A500指数,中证A500指数收益率,广发基金管理有限公司,中国银行股份有限公司,股票型ETF,规模指数ETF,000510.CSI,,,,,,
2022-01-10,563800.SH,广发中证A500ETF,20241118,中证A500指数,中证A500指数收益率,广发基金管理有限公司,中国银行股份有限公司,股票型ETF,规模指数ETF,000510.CSI,,,,,,
2022-01-11,563800.SH,广发中证A500ETF,20241118,中证A500指数,中证A500指数收益率,广发基金管理有限公司,中国银行股份有限公司,股票型ETF,规模指数ETF,000510.CSI,,,,,,
2022-01-12,563800.SH,广发中证A500ETF,20241118,中证A500指数,中证A500指数收益率,广发基金管理有限公司,中国银行股份有限公司,股票型ETF,规模指数ETF,000510.CSI,,,,,,
2022-01-13,563800.SH,广发中证A500ETF,20241118,中证A500指数,中证A500指数收益率,广发基金管理有限公司,中国银行股份有限公司,股票型ETF,规模指数ETF,000510.CSI,,,,,,
2022-01-14,563800.SH,广发中证A500ETF,20241118,中证A500指数,中证A500指数收益率,广发基金管理有限公司,中国银行股份有限公司,股票型ETF,规模指数ETF,000510.CSI,,,,,,
2022-01-17,563800.SH,广发中证A500ETF,20241118,中证A500指数,中证A500指数收益率,广发基金管理有限公司,中国银行股份有限公司,股票型ETF,规模指数ETF,000510.CSI,,,,,,
2022-01-18,563800.SH,广发中证A500ETF,20241118,中证A500指数,中证A500指数收益率,广发基金管理有限公司,中国银行股份有限公司,股票型ETF,规模指数ETF,000510.CSI,,,,,,
2022-01-19,563800.SH,广发中证A500ETF,20241118,中证A500指数,中证A500指数收益率,广发基金管理有限公司,中国银行股份有限公司,股票型ETF,规模指数ETF,000510.CSI,,,,,,
2022-01-20,563800.SH,广发中证A500ETF,20241118,中证A500指数,中证A500指数收益率,广发基金管理有限公司,中国银行股份有限公司,股票型ETF,规模指数ETF,000510.CSI,,,,,,
2022-01-21,563800.SH,广发中证A500ETF,20241118,中证A500指数,中证A500指数收益率,广发基金管理有限公司,中国银行股份有限公司,股票型ETF,规模指数ETF,000510.CSI,,,,,,
2022-01-24,563800.SH,广发中证A500ETF,20241118,中证A500指数,中证A500指数收益率,广发基金管理有限公司,中国银行股份有限公司,股票型ETF,规模指数ETF,000510.CSI,,,,,,
2022-01-25,563800.SH,广发中证A500ETF,20241118,中证A500指数,中证A500指数收益率,广发基金管理有限公司,中国银行股份有限公司,股票型ETF,规模指数ETF,000510.CSI,,,,,,
2022-01-26,563800.SH,广发中证A500ETF,20241118,中证A500指数,中证A500指数收益率,广发基金管理有限公司,中国银行股份有限公司,股票型ETF,规模指数ETF,000510.CSI,,,,,,
2022-01-27,563800.SH,广发中证A500ETF,20241118,中证A500指数,中证A500指数收益率,广发基金管理有限公司,中国银行股份有限公司,股票型ETF,规模指数ETF,000510.CSI,,,,,,
2022-01-28,563800.SH,广发中证A500ETF,20241118,中证A500指数,中证A500指数收益率,广发基金管理有限公司,中国银行股份有限公司,股票型ETF,规模指数ETF,000510.CSI,,,,,,
2022-02-07,563800.SH,广发中证A500ETF,20241118,中证A500指数,中证A500指数收益率,广发基金管理有限公司,中国银行股份有限公司,股票型ETF,规模指数ETF,000510.CSI,,,,,,
2022-02-08,563800.SH,广发中证A500ETF,20241118,中证A500指数,中证A500指数收益率,广发基金管理有限公司,中国银行股份有限公司,股票型ETF,规模指数ETF,000510.CSI,,,,,,
2022-02-09,563800.SH,广发中证A500ETF,20241118,中证A500指数,中证A500指数收益率,广发基金管理有限公司,中国银行股份有限公司,股票型ETF,规模指数ETF,000510.CSI,,,,,,
2022-02-10,563800.SH,广发中证A500ETF,20241118,中证A500指数,中证A500指数收益率,广发基金管理有限公司,中国银行股份有限公司,股票型ETF,规模指数ETF,000510.CSI,,,,,,
2022-02-11,563800.SH,广发中证A500ETF,20241118,中证A500指数,中证A500指数收益率,广发基金管理有限公司,中国银行股份有限公司,股票型ETF,规模指数ETF,000510.CSI,,,,,,
2022-02-14,563800.SH,广发中证A500ETF,20241118,中证A500指数,中证A500指数收益率,广发基金管理有限公司,中国银行股份有限公司,股票型ETF,规模指数ETF,000510.CSI,,,,,,
2022-02-15,563800.SH,广发中证A500ETF,20241118,中证A500指数,中证A500指数收益率,广发基金管理有限公司,中国银行股份有限公司,股票型ETF,规模指数ETF,000510.CSI,,,,,,
2022-02-16,563800.SH,广发中证A500ETF,20241118,中证A500指数,中证A500指数收益率,广发基金管理有限公司,中国银行股份有限公司,股票型ETF,规模指数ETF,000510.CSI,,,,,,
2022-02-17,563800.SH,广发中证A500ETF,20241118,中证A500指数,中证A500指数收益率,广发基金管理有限公司,中国银行股份有限公司,股票型ETF,规模指数ETF,000510.CSI,,,,,,
2022-02-18,563800.SH,广发中证A500ETF,20241118,中证A500指数,中证A500指数收益率,广发基金管理有限公司,中国银行股份有限公司,股票型ETF,规模指数ETF,000510.CSI,,,,,,
2022-02-21,563800.SH,广发中证A500ETF,20241118,中证A500指数,中证A500指数收益率,广发基金管理有限公司,中国银行股份有限公司,股票型ETF,规模指数ETF,000510.CSI,,,,,,
2022-02-22,563800.SH,广发中证A500ETF,20241118,中证A500指数,中证A500指数收益率,广发基金管理有限公司,中国银行股份有限公司,股票型ETF,规模指数ETF,000510.CSI,,,,,,
2022-02-23,563800.SH,广发中证A500ETF,20241118,中证A500指数,中证A500指数收益率,广发基金管理有限公司,中国银行股份有限公司,股票型ETF,规模指数ETF,000510.CSI,,,,,,
2022-02-24,563800.SH,广发中证A500ETF,20241118,中证A500指数,中证A500指数收益率,广发基金管理有限公司,中国银行股份有限公司,股票型ETF,规模指数ETF,000510.CSI,,,,,,
2022-02-25,563800.SH,广发中证A500ETF,20241118,中证A500指数,中证A500指数收益率,广发基金管理有限公司,中国银行股份有限公司,股票型ETF,规模指数ETF,000510.CSI,,,,,,
2022-02-28,563800.SH,广发中证A500ETF,20241118,中证A500指数,中证A500指数收益率,广发基金管理有限公司,中国银行股份有限公司,股票型ETF,规模指数ETF,000510.CSI,,,,,,
2022-03-01,563800.SH,广发中证A500ETF,20241118,中证A500指数,中证A500指数收益率,广发基金管理有限公司,中国银行股份有限公司,股票型ETF,规模指数ETF,000510.CSI,,,,,,
2022-03-02,563800.SH,广发中证A500ETF,20241118,中证A500指数,中证A500指数收益率,广发基金管理有限公司,中国银行股份有限公司,股票型ETF,规模指数ETF,000510.CSI,,,,,,
2022-03-03,563800.SH,广发中证A500ETF,20241118,中证A500指数,中证A500指数收益率,广发基金管理有限公司,中国银行股份有限公司,股票型ETF,规模指数ETF,000510.CSI,,,,,,
2022-03-04,563800.SH,广发中证A500ETF,20241118,中证A500指数,中证A500指数收益率,广发基金管理有限公司,中国银行股份有限公司,股票型ETF,规模指数ETF,000510.CSI,,,,,,
2022-03-07,563800.SH,广发中证A500ETF,20241118,中证A500指数,中证A500指数收益率,广发基金管理有限公司,中国银行股份有限公司,股票型ETF,规模指数ETF,000510.CSI,,,,,,
2022-03-08,563800.SH,广发中证A500ETF,20241118,中证A500指数,中证A500指数收益率,广发基金管理有限公司,中国银行股份有限公司,股票型ETF,规模指数ETF,000510.CSI,,,,,,
2022-03-09,563800.SH,广发中证A500ETF,20241118,中证A500指数,中证A500指数收益率,广发基金管理有限公司,中国银行股份有限公司,股票型ETF,规模指数ETF,000510.CSI,,,,,,
2022-03-10,563800.SH,广发中证A500ETF,20241118,中证A500指数,中证A500指数收益率,广发基金管理有限公司,中国银行股份有限公司,股票型ETF,规模指数ETF,000510.CSI,,,,,,
2022-03-11,563800.SH,广发中证A500ETF,20241118,中证A500指数,中证A500指数收益率,广发基金管理有限公司,中国银行股份有限公司,股票型ETF,规模指数ETF,000510.CSI,,,,,,
2022-03-14,563800.SH,广发中证A500ETF,20241118,中证A500指数,中证A500指数收益率,广发基金管理有限公司,中国银行股份有限公司,股票型ETF,规模指数ETF,000510.CSI,,,,,,
2022-03-15,563800.SH,广发中证A500ETF,20241118,中证A500指数,中证A500指数收益率,广发基金管理有限公司,中国银行股份有限公司,股票型ETF,规模指数ETF,000510.CSI,,,,,,
2022-03-16,563800.SH,广发中证A500ETF,20241118,中证A500指数,中证A500指数收益率,广发基金管理有限公司,中国银行股份有限公司,股票型ETF,规模指数ETF,000510.CSI,,,,,,
2022-03-17,563800.SH,广发中证A500ETF,20241118,中证A500指数,中证A500指数收益率,广发基金管理有限公司,中国银行股份有限公司,股票型ETF,规模指数ETF,000510.CSI,,,,,,
2022-03-18,563800.SH,广发中证A500ETF,20241118,中证A500指数,中证A500指数收益率,广发基金管理有限公司,中国银行股份有限公司,股票型ETF,规模指数ETF,000510.CSI,,,,,,
2022-03-21,563800.SH,广发中证A500ETF,20241118,中证A500指数,中证A500指数收益率,广发基金管理有限公司,中国银行股份有限公司,股票型ETF,规模指数ETF,000510.CSI,,,,,,
2022-03-22,563800.SH,广发中证A500ETF,20241118,中证A500指数,中证A500指数收益率,广发基金管理有限公司,中国银行股份有限公司,股票型ETF,规模指数ETF,000510.CSI,,,,,,
2022-03-23,563800.SH,广发中证A500ETF,20241118,中证A500指数,中证A500指数收益率,广发基金管理有限公司,中国银行股份有限公司,股票型ETF,规模指数ETF,000510.CSI,,,,,,
2022-03-24,563800.SH,广发中证A500ETF,20241118,中证A500指数,中证A500指数收益率,广发基金管理有限公司,中国银行股份有限公司,股票型ETF,规模指数ETF,000510.CSI,,,,,,
2022-03-25,563800.SH,广发中证A500ETF,20241118,中证A500指数,中证A500指数收益率,广发基金管理有限公司,中国银行股份有限公司,股票型ETF,规模指数ETF,000510.CSI,,,,,,
2022-03-28,563800.SH,广发中证A500ETF,20241118,中证A500指数,中证A500指数收益率,广发基金管理有限公司,中国银行股份有限公司,股票型ETF,规模指数ETF,000510.CSI,,,,,,
2022-03-29,563800.SH,广发中证A500ETF,20241118,中证A500指数,中证A500指数收益率,广发基金管理有限公司,中国银行股份有限公司,股票型ETF,规模指数ETF,000510.CSI,,,,,,
2022-03-30,563800.SH,广发中证A500ETF,20241118,中证A500指数,中证A500指数收益率,广发基金管理有限公司,中国银行股份有限公司,股票型ETF,规模指数ETF,000510.CSI,,,,,,
2022-03-31,563800.SH,广发中证A500ETF,20241118,中证A500指数,中证A500指数收益率,广发基金管理有限公司,中国银行股份有限公司,股票型ETF,规模指数ETF,000510.CSI,,,,,,
2022-04-01,563800.SH,广发中证A500ETF,20241118,中证A500指数,中证A500指数收益率,广发基金管理有限公司,中国银行股份有限公司,股票型ETF,规模指数ETF,000510.CSI,,,,,,
2022-04-06,563800.SH,广发中证A500ETF,20241118,中证A500指数,中证A500指数收益率,广发基金管理有限公司,中国银行股份有限公司,股票型ETF,规模指数ETF,000510.CSI,,,,,,
2022-04-07,563800.SH,广发中证A500ETF,20241118,中证A500指数,中证A500指数收益率,广发基金管理有限公司,中国银行股份有限公司,股票型ETF,规模指数ETF,000510.CSI,,,,,,
2022-04-08,563800.SH,广发中证A500ETF,20241118,中证A500指数,中证A500指数收益率,广发基金管理有限公司,中国银行股份有限公司,股票型ETF,规模指数ETF,000510.CSI,,,,,,
2022-04-11,563800.SH,广发中证A500ETF,20241118,中证A500指数,中证A500指数收益率,广发基金管理有限公司,中国银行股份有限公司,股票型ETF,规模指数ETF,000510.CSI,,,,,,
2022-04-12,563800.SH,广发中证A500ETF,20241118,中证A500指数,中证A500指数收益率,广发基金管理有限公司,中国银行股份有限公司,股票型ETF,规模指数ETF,000510.CSI,,,,,,
2022-04-13,563800.SH,广发中证A500ETF,20241118,中证A500指数,中证A500指数收益率,广发基金管理有限公司,中国银行股份有限公司,股票型ETF,规模指数ETF,000510.CSI,,,,,,
2022-04-14,563800.SH,广发中证A500ETF,20241118,中证A500指数,中证A500指数收益率,广发基金管理有限公司,中国银行股份有限公司,股票型ETF,规模指数ETF,000510.CSI,,,,,,
2022-04-15,563800.SH,广发中证A500ETF,20241118,中证A500指数,中证A500指数收益率,广发基金管理有限公司,中国银行股份有限公司,股票型ETF,规模指数ETF,000510.CSI,,,,,,
2022-04-18,563800.SH,广发中证A500ETF,20241118,中证A500指数,中证A500指数收益率,广发基金管理有限公司,中国银行股份有限公司,股票型ETF,规模指数ETF,000510.CSI,,,,,,
2022-04-19,563800.SH,广发中证A500ETF,20241118,中证A500指数,中证A500指数收益率,广发基金管理有限公司,中国银行股份有限公司,股票型ETF,规模指数ETF,000510.CSI,,,,,,
2022-04-20,563800.SH,广发中证A500ETF,20241118,中证A500指数,中证A500指数收益率,广发基金管理有限公司,中国银行股份有限公司,股票型ETF,规模指数ETF,000510.CSI,,,,,,
2022-04-21,563800.SH,广发中证A500ETF,20241118,中证A500指数,中证A500指数收益率,广发基金管理有限公司,中国银行股份有限公司,股票型ETF,规模指数ETF,000510.CSI,,,,,,
2022-04-22,563800.SH,广发中证A500ETF,20241118,中证A500指数,中证A500指数收益率,广发基金管理有限公司,中国银行股份有限公司,股票型ETF,规模指数ETF,000510.CSI,,,,,,
2022-04-25,563800.SH,广发中证A500ETF,20241118,中证A500指数,中证A500指数收益率,广发基金管理有限公司,中国银行股份有限公司,股票型ETF,规模指数ETF,000510.CSI,,,,,,
2022-04-26,563800.SH,广发中证A500ETF,20241118,中证A500指数,中证A500指数收益率,广发基金管理有限公司,中国银行股份有限公司,股票型ETF,规模指数ETF,000510.CSI,,,,,,
2022-04-27,563800.SH,广发中证A500ETF,20241118,中证A500指数,中证A500指数收益率,广发基金管理有限公司,中国银行股份有限公司,股票型ETF,规模指数ETF,000510.CSI,,,,,,
2022-04-28,563800.SH,广发中证A500ETF,20241118,中证A500指数,中证A500指数收益率,广发基金管理有限公司,中国银行股份有限公司,股票型ETF,规模指数ETF,000510.CSI,,,,,,
2022-04-29,563800.SH,广发中证A500ETF,20241118,中证A500指数,中证A500指数收益率,广发基金管理有限公司,中国银行股份有限公司,股票型ETF,规模指数ETF,000510.CSI,,,,,,
2022-05-05,563800.SH,广发中证A500ETF,20241118,中证A500指数,中证A500指数收益率,广发基金管理有限公司,中国银行股份有限公司,股票型ETF,规模指数ETF,000510.CSI,,,,,,
2022-05-06,563800.SH,广发中证A500ETF,20241118,中证A500指数,中证A500指数收益率,广发基金管理有限公司,中国银行股份有限公司,股票型ETF,规模指数ETF,000510.CSI,,,,,,
2022-05-09,563800.SH,广发中证A500ETF,20241118,中证A500指数,中证A500指数收益率,广发基金管理有限公司,中国银行股份有限公司,股票型ETF,规模指数ETF,000510.CSI,,,,,,
2022-05-10,563800.SH,广发中证A500ETF,20241118,中证A500指数,中证A500指数收益率,广发基金管理有限公司,中国银行股份有限公司,股票型ETF,规模指数ETF,000510.CSI,,,,,,
2022-05-11,563800.SH,广发中证A500ETF,20241118,中证A500指数,中证A500指数收益率,广发基金管理有限公司,中国银行股份有限公司,股票型ETF,规模指数ETF,000510.CSI,,,,,,
2022-05-12,563800.SH,广发中证A500ETF,20241118,中证A500指数,中证A500指数收益率,广发基金管理有限公司,中国银行股份有限公司,股票型ETF,规模指数ETF,000510.CSI,,,,,,
2022-05-13,563800.SH,广发中证A500ETF,20241118,中证A500指数,中证A500指数收益率,广发基金管理有限公司,中国银行股份有限公司,股票型ETF,规模指数ETF,000510.CSI,,,,,,
2022-05-16,563800.SH,广发中证A500ETF,20241118,中证A500指数,中证A500指数收益率,广发基金管理有限公司,中国银行股份有限公司,股票型ETF,规模指数ETF,000510.CSI,,,,,,
2022-05-17,563800.SH,广发中证A500ETF,20241118,中证A500指数,中证A500指数收益率,广发基金管理有限公司,中国银行股份有限公司,股票型ETF,规模指数ETF,000510.CSI,,,,,,
2022-05-18,563800.SH,广发中证A500ETF,20241118,中证A500指数,中证A500指数收益率,广发基金管理有限公司,中国银行股份有限公司,股票型ETF,规模指数ETF,000510.CSI,,,,,,
2022-05-19,563800.SH,广发中证A500ETF,20241118,中证A500指数,中证A500指数收益率,广发基金管理有限公司,中国银行股份有限公司,股票型ETF,规模指数ETF,000510.CSI,,,,,,
2022-05-20,563800.SH,广发中证A500ETF,20241118,中证A500指数,中证A500指数收益率,广发基金管理有限公司,中国银行股份有限公司,股票型ETF,规模指数ETF,000510.CSI,,,,,,
2022-05-23,563800.SH,广发中证A500ETF,20241118,中证A500指数,中证A500指数收益率,广发基金管理有限公司,中国银行股份有限公司,股票型ETF,规模指数ETF,000510.CSI,,,,,,
2022-05-24,563800.SH,广发中证A500ETF,20241118,中证A500指数,中证A500指数收益率,广发基金管理有限公司,中国银行股份有限公司,股票型ETF,规模指数ETF,000510.CSI,,,,,,
2022-05-25,563800.SH,广发中证A500ETF,20241118,中证A500指数,中证A500指数收益率,广发基金管理有限公司,中国银行股份有限公司,股票型ETF,规模指数ETF,000510.CSI,,,,,,
2022-05-26,563800.SH,广发中证A500ETF,20241118,中证A500指数,中证A500指数收益率,广发基金管理有限公司,中国银行股份有限公司,股票型ETF,规模指数ETF,000510.CSI,,,,,,
2022-05-27,563800.SH,广发中证A500ETF,20241118,中证A500指数,中证A500指数收益率,广发基金管理有限公司,中国银行股份有限公司,股票型ETF,规模指数ETF,000510.CSI,,,,,,
2022-05-30,563800.SH,广发中证A500ETF,20241118,中证A500指数,中证A500指数收益率,广发基金管理有限公司,中国银行股份有限公司,股票型ETF,规模指数ETF,000510.CSI,,,,,,
2022-05-31,563800.SH,广发中证A500ETF,20241118,中证A500指数,中证A500指数收益率,广发基金管理有限公司,中国银行股份有限公司,股票型ETF,规模指数ETF,000510.CSI,,,,,,
2022-06-01,563800.SH,广发中证A500ETF,20241118,中证A500指数,中证A500指数收益率,广发基金管理有限公司,中国银行股份有限公司,股票型ETF,规模指数ETF,000510.CSI,,,,,,
2022-06-02,563800.SH,广发中证A500ETF,20241118,中证A500指数,中证A500指数收益率,广发基金管理有限公司,中国银行股份有限公司,股票型ETF,规模指数ETF,000510.CSI,,,,,,
2022-06-06,563800.SH,广发中证A500ETF,20241118,中证A500指数,中证A500指数收益率,广发基金管理有限公司,中国银行股份有限公司,股票型ETF,规模指数ETF,000510.CSI,,,,,,
2022-06-07,563800.SH,广发中证A500ETF,20241118,中证A500指数,中证A500指数收益率,广发基金管理有限公司,中国银行股份有限公司,股票型ETF,规模指数ETF,000510.CSI,,,,,,
2022-06-08,563800.SH,广发中证A500ETF,20241118,中证A500指数,中证A500指数收益率,广发基金管理有限公司,中国银行股份有限公司,股票型ETF,规模指数ETF,000510.CSI,,,,,,
2022-06-09,563800.SH,广发中证A500ETF,20241118,中证A500指数,中证A500指数收益率,广发基金管理有限公司,中国银行股份有限公司,股票型ETF,规模指数ETF,000510.CSI,,,,,,
2022-06-10,563800.SH,广发中证A500ETF,20241118,中证A500指数,中证A500指数收益率,广发基金管理有限公司,中国银行股份有限公司,股票型ETF,规模指数ETF,000510.CSI,,,,,,
2022-06-13,563800.SH,广发中证A500ETF,20241118,中证A500指数,中证A500指数收益率,广发基金管理有限公司,中国银行股份有限公司,股票型ETF,规模指数ETF,000510.CSI,,,,,,
2022-06-14,563800.SH,广发中证A500ETF,20241118,中证A500指数,中证A500指数收益率,广发基金管理有限公司,中国银行股份有限公司,股票型ETF,规模指数ETF,000510.CSI,,,,,,
2022-06-15,563800.SH,广发中证A500ETF,20241118,中证A500指数,中证A500指数收益率,广发基金管理有限公司,中国银行股份有限公司,股票型ETF,规模指数ETF,000510.CSI,,,,,,
2022-06-16,563800.SH,广发中证A500ETF,20241118,中证A500指数,中证A500指数收益率,广发基金管理有限公司,中国银行股份有限公司,股票型ETF,规模指数ETF,000510.CSI,,,,,,
2022-06-17,563800.SH,广发中证A500ETF,20241118,中证A500指数,中证A500指数收益率,广发基金管理有限公司,中国银行股份有限公司,股票型ETF,规模指数ETF,000510.CSI,,,,,,
2022-06-20,563800.SH,广发中证A500ETF,20241118,中证A500指数,中证A500指数收益率,广发基金管理有限公司,中国银行股份有限公司,股票型ETF,规模指数ETF,000510.CSI,,,,,,
2022-06-21,563800.SH,广发中证A500ETF,20241118,中证A500指数,中证A500指数收益率,广发基金管理有限公司,中国银行股份有限公司,股票型ETF,规模指数ETF,000510.CSI,,,,,,
2022-06-22,563800.SH,广发中证A500ETF,20241118,中证A500指数,中证A500指数收益率,广发基金管理有限公司,中国银行股份有限公司,股票型ETF,规模指数ETF,000510.CSI,,,,,,
2022-06-23,563800.SH,广发中证A500ETF,20241118,中证A500指数,中证A500指数收益率,广发基金管理有限公司,中国银行股份有限公司,股票型ETF,规模指数ETF,000510.CSI,,,,,,
2022-06-24,563800.SH,广发中证A500ETF,20241118,中证A500指数,中证A500指数收益率,广发基金管理有限公司,中国银行股份有限公司,股票型ETF,规模指数ETF,000510.CSI,,,,,,
2022-06-27,563800.SH,广发中证A500ETF,20241118,中证A500指数,中证A500指数收益率,广发基金管理有限公司,中国银行股份有限公司,股票型ETF,规模指数ETF,000510.CSI,,,,,,
2022-06-28,563800.SH,广发中证A500ETF,20241118,中证A500指数,中证A500指数收益率,广发基金管理有限公司,中国银行股份有限公司,股票型ETF,规模指数ETF,000510.CSI,,,,,,
2022-06-29,563800.SH,广发中证A500ETF,20241118,中证A500指数,中证A500指数收益率,广发基金管理有限公司,中国银行股份有限公司,股票型ETF,规模指数ETF,000510.CSI,,,,,,
2022-06-30,563800.SH,广发中证A500ETF,20241118,中证A500指数,中证A500指数收益率,广发基金管理有限公司,中国银行股份有限公司,股票型ETF,规模指数ETF,000510.CSI,,,,,,
2022-07-01,563800.SH,广发中证A500ETF,20241118,中证A500指数,中证A500指数收益率,广发基金管理有限公司,中国银行股份有限公司,股票型ETF,规模指数ETF,000510.CSI,,,,,,
2022-07-04,563800.SH,广发中证A500ETF,20241118,中证A500指数,中证A500指数收益率,广发基金管理有限公司,中国银行股份有限公司,股票型ETF,规模指数ETF,000510.CSI,,,,,,
2022-07-05,563800.SH,广发中证A500ETF,20241118,中证A500指数,中证A500指数收益率,广发基金管理有限公司,中国银行股份有限公司,股票型ETF,规模指数ETF,000510.CSI,,,,,,
2022-07-06,563800.SH,广发中证A500ETF,20241118,中证A500指数,中证A500指数收益率,广发基金管理有限公司,中国银行股份有限公司,股票型ETF,规模指数ETF,000510.CSI,,,,,,
2022-07-07,563800.SH,广发中证A500ETF,20241118,中证A500指数,中证A500指数收益率,广发基金管理有限公司,中国银行股份有限公司,股票型ETF,规模指数ETF,000510.CSI,,,,,,
2022-07-08,563800.SH,广发中证A500ETF,20241118,中证A500指数,中证A500指数收益率,广发基金管理有限公司,中国银行股份有限公司,股票型ETF,规模指数ETF,000510.CSI,,,,,,
2022-07-11,563800.SH,广发中证A500ETF,20241118,中证A500指数,中证A500指数收益率,广发基金管理有限公司,中国银行股份有限公司,股票型ETF,规模指数ETF,000510.CSI,,,,,,
2022-07-12,563800.SH,广发中证A500ETF,20241118,中证A500指数,中证A500指数收益率,广发基金管理有限公司,中国银行股份有限公司,股票型ETF,规模指数ETF,000510.CSI,,,,,,
2022-07-13,563800.SH,广发中证A500ETF,20241118,中证A500指数,中证A500指数收益率,广发基金管理有限公司,中国银行股份有限公司,股票型ETF,规模指数ETF,000510.CSI,,,,,,
2022-07-14,563800.SH,广发中证A500ETF,20241118,中证A500指数,中证A500指数收益率,广发基金管理有限公司,中国银行股份有限公司,股票型ETF,规模指数ETF,000510.CSI,,,,,,
2022-07-15,563800.SH,广发中证A500ETF,20241118,中证A500指数,中证A500指数收益率,广发基金管理有限公司,中国银行股份有限公司,股票型ETF,规模指数ETF,000510.CSI,,,,,,
2022-07-18,563800.SH,广发中证A500ETF,20241118,中证A500指数,中证A500指数收益率,广发基金管理有限公司,中国银行股份有限公司,股票型ETF,规模指数ETF,000510.CSI,,,,,,
2022-07-19,563800.SH,广发中证A500ETF,20241118,中证A500指数,中证A500指数收益率,广发基金管理有限公司,中国银行股份有限公司,股票型ETF,规模指数ETF,000510.CSI,,,,,,
2022-07-20,563800.SH,广发中证A500ETF,20241118,中证A500指数,中证A500指数收益率,广发基金管理有限公司,中国银行股份有限公司,股票型ETF,规模指数ETF,000510.CSI,,,,,,
2022-07-21,563800.SH,广发中证A500ETF,20241118,中证A500指数,中证A500指数收益率,广发基金管理有限公司,中国银行股份有限公司,股票型ETF,规模指数ETF,000510.CSI,,,,,,
2022-07-22,563800.SH,广发中证A500ETF,20241118,中证A500指数,中证A500指数收益率,广发基金管理有限公司,中国银行股份有限公司,股票型ETF,规模指数ETF,000510.CSI,,,,,,
2022-07-25,563800.SH,广发中证A500ETF,20241118,中证A500指数,中证A500指数收益率,广发基金管理有限公司,中国银行股份有限公司,股票型ETF,规模指数ETF,000510.CSI,,,,,,
2022-07-26,563800.SH,广发中证A500ETF,20241118,中证A500指数,中证A500指数收益率,广发基金管理有限公司,中国银行股份有限公司,股票型ETF,规模指数ETF,000510.CSI,,,,,,
2022-07-27,563800.SH,广发中证A500ETF,20241118,中证A500指数,中证A500指数收益率,广发基金管理有限公司,中国银行股份有限公司,股票型ETF,规模指数ETF,000510.CSI,,,,,,
2022-07-28,563800.SH,广发中证A500ETF,20241118,中证A500指数,中证A500指数收益率,广发基金管理有限公司,中国银行股份有限公司,股票型ETF,规模指数ETF,000510.CSI,,,,,,
2022-07-29,563800.SH,广发中证A500ETF,20241118,中证A500指数,中证A500指数收益率,广发基金管理有限公司,中国银行股份有限公司,股票型ETF,规模指数ETF,000510.CSI,,,,,,
2022-08-01,563800.SH,广发中证A500ETF,20241118,中证A500指数,中证A500指数收益率,广发基金管理有限公司,中国银行股份有限公司,股票型ETF,规模指数ETF,000510.CSI,,,,,,
2022-08-02,563800.SH,广发中证A500ETF,20241118,中证A500指数,中证A500指数收益率,广发基金管理有限公司,中国银行股份有限公司,股票型ETF,规模指数ETF,000510.CSI,,,,,,
2022-08-03,563800.SH,广发中证A500ETF,20241118,中证A500指数,中证A500指数收益率,广发基金管理有限公司,中国银行股份有限公司,股票型ETF,规模指数ETF,000510.CSI,,,,,,
2022-08-04,563800.SH,广发中证A500ETF,20241118,中证A500指数,中证A500指数收益率,广发基金管理有限公司,中国银行股份有限公司,股票型ETF,规模指数ETF,000510.CSI,,,,,,
2022-08-05,563800.SH,广发中证A500ETF,20241118,中证A500指数,中证A500指数收益率,广发基金管理有限公司,中国银行股份有限公司,股票型ETF,规模指数ETF,000510.CSI,,,,,,
2022-08-08,563800.SH,广发中证A500ETF,20241118,中证A500指数,中证A500指数收益率,广发基金管理有限公司,中国银行股份有限公司,股票型ETF,规模指数ETF,000510.CSI,,,,,,
2022-08-09,563800.SH,广发中证A500ETF,20241118,中证A500指数,中证A500指数收益率,广发基金管理有限公司,中国银行股份有限公司,股票型ETF,规模指数ETF,000510.CSI,,,,,,
2022-08-10,563800.SH,广发中证A500ETF,20241118,中证A500指数,中证A500指数收益率,广发基金管理有限公司,中国银行股份有限公司,股票型ETF,规模指数ETF,000510.CSI,,,,,,
2022-08-11,563800.SH,广发中证A500ETF,20241118,中证A500指数,中证A500指数收益率,广发基金管理有限公司,中国银行股份有限公司,股票型ETF,规模指数ETF,000510.CSI,,,,,,
2022-08-12,563800.SH,广发中证A500ETF,20241118,中证A500指数,中证A500指数收益率,广发基金管理有限公司,中国银行股份有限公司,股票型ETF,规模指数ETF,000510.CSI,,,,,,
2022-08-15,563800.SH,广发中证A500ETF,20241118,中证A500指数,中证A500指数收益率,广发基金管理有限公司,中国银行股份有限公司,股票型ETF,规模指数ETF,000510.CSI,,,,,,
2022-08-16,563800.SH,广发中证A500ETF,20241118,中证A500指数,中证A500指数收益率,广发基金管理有限公司,中国银行股份有限公司,股票型ETF,规模指数ETF,000510.CSI,,,,,,
2022-08-17,563800.SH,广发中证A500ETF,20241118,中证A500指数,中证A500指数收益率,广发基金管理有限公司,中国银行股份有限公司,股票型ETF,规模指数ETF,000510.CSI,,,,,,
2022-08-18,563800.SH,广发中证A500ETF,20241118,中证A500指数,中证A500指数收益率,广发基金管理有限公司,中国银行股份有限公司,股票型ETF,规模指数ETF,000510.CSI,,,,,,
2022-08-19,563800.SH,广发中证A500ETF,20241118,中证A500指数,中证A500指数收益率,广发基金管理有限公司,中国银行股份有限公司,股票型ETF,规模指数ETF,000510.CSI,,,,,,
2022-08-22,563800.SH,广发中证A500ETF,20241118,中证A500指数,中证A500指数收益率,广发基金管理有限公司,中国银行股份有限公司,股票型ETF,规模指数ETF,000510.CSI,,,,,,
2022-08-23,563800.SH,广发中证A500ETF,20241118,中证A500指数,中证A500指数收益率,广发基金管理有限公司,中国银行股份有限公司,股票型ETF,规模指数ETF,000510.CSI,,,,,,
2022-08-24,563800.SH,广发中证A500ETF,20241118,中证A500指数,中证A500指数收益率,广发基金管理有限公司,中国银行股份有限公司,股票型ETF,规模指数ETF,000510.CSI,,,,,,
2022-08-25,563800.SH,广发中证A500ETF,20241118,中证A500指数,中证A500指数收益率,广发基金管理有限公司,中国银行股份有限公司,股票型ETF,规模指数ETF,000510.CSI,,,,,,
2022-08-26,563800.SH,广发中证A500ETF,20241118,中证A500指数,中证A500指数收益率,广发基金管理有限公司,中国银行股份有限公司,股票型ETF,规模指数ETF,000510.CSI,,,,,,
2022-08-29,563800.SH,广发中证A500ETF,20241118,中证A500指数,中证A500指数收益率,广发基金管理有限公司,中国银行股份有限公司,股票型ETF,规模指数ETF,000510.CSI,,,,,,
2022-08-30,563800.SH,广发中证A500ETF,20241118,中证A500指数,中证A500指数收益率,广发基金管理有限公司,中国银行股份有限公司,股票型ETF,规模指数ETF,000510.CSI,,,,,,
2022-08-31,563800.SH,广发中证A500ETF,20241118,中证A500指数,中证A500指数收益率,广发基金管理有限公司,中国银行股份有限公司,股票型ETF,规模指数ETF,000510.CSI,,,,,,
2022-09-01,563800.SH,广发中证A500ETF,20241118,中证A500指数,中证A500指数收益率,广发基金管理有限公司,中国银行股份有限公司,股票型ETF,规模指数ETF,000510.CSI,,,,,,
2022-09-02,563800.SH,广发中证A500ETF,20241118,中证A500指数,中证A500指数收益率,广发基金管理有限公司,中国银行股份有限公司,股票型ETF,规模指数ETF,000510.CSI,,,,,,
2022-09-05,563800.SH,广发中证A500ETF,20241118,中证A500指数,中证A500指数收益率,广发基金管理有限公司,中国银行股份有限公司,股票型ETF,规模指数ETF,000510.CSI,,,,,,
2022-09-06,563800.SH,广发中证A500ETF,20241118,中证A500指数,中证A500指数收益率,广发基金管理有限公司,中国银行股份有限公司,股票型ETF,规模指数ETF,000510.CSI,,,,,,
2022-09-07,563800.SH,广发中证A500ETF,20241118,中证A500指数,中证A500指数收益率,广发基金管理有限公司,中国银行股份有限公司,股票型ETF,规模指数ETF,000510.CSI,,,,,,
2022-09-08,563800.SH,广发中证A500ETF,20241118,中证A500指数,中证A500指数收益率,广发基金管理有限公司,中国银行股份有限公司,股票型ETF,规模指数ETF,000510.CSI,,,,,,
2022-09-09,563800.SH,广发中证A500ETF,20241118,中证A500指数,中证A500指数收益率,广发基金管理有限公司,中国银行股份有限公司,股票型ETF,规模指数ETF,000510.CSI,,,,,,
2022-09-13,563800.SH,广发中证A500ETF,20241118,中证A500指数,中证A500指数收益率,广发基金管理有限公司,中国银行股份有限公司,股票型ETF,规模指数ETF,000510.CSI,,,,,,
2022-09-14,563800.SH,广发中证A500ETF,20241118,中证A500指数,中证A500指数收益率,广发基金管理有限公司,中国银行股份有限公司,股票型ETF,规模指数ETF,000510.CSI,,,,,,
2022-09-15,563800.SH,广发中证A500ETF,20241118,中证A500指数,中证A500指数收益率,广发基金管理有限公司,中国银行股份有限公司,股票型ETF,规模指数ETF,000510.CSI,,,,,,
2022-09-16,563800.SH,广发中证A500ETF,20241118,中证A500指数,中证A500指数收益率,广发基金管理有限公司,中国银行股份有限公司,股票型ETF,规模指数ETF,000510.CSI,,,,,,
2022-09-19,563800.SH,广发中证A500ETF,20241118,中证A500指数,中证A500指数收益率,广发基金管理有限公司,中国银行股份有限公司,股票型ETF,规模指数ETF,000510.CSI,,,,,,
2022-09-20,563800.SH,广发中证A500ETF,20241118,中证A500指数,中证A500指数收益率,广发基金管理有限公司,中国银行股份有限公司,股票型ETF,规模指数ETF,000510.CSI,,,,,,
2022-09-21,563800.SH,广发中证A500ETF,20241118,中证A500指数,中证A500指数收益率,广发基金管理有限公司,中国银行股份有限公司,股票型ETF,规模指数ETF,000510.CSI,,,,,,
2022-09-22,563800.SH,广发中证A500ETF,20241118,中证A500指数,中证A500指数收益率,广发基金管理有限公司,中国银行股份有限公司,股票型ETF,规模指数ETF,000510.CSI,,,,,,
2022-09-23,563800.SH,广发中证A500ETF,20241118,中证A500指数,中证A500指数收益率,广发基金管理有限公司,中国银行股份有限公司,股票型ETF,规模指数ETF,000510.CSI,,,,,,
2022-09-26,563800.SH,广发中证A500ETF,20241118,中证A500指数,中证A500指数收益率,广发基金管理有限公司,中国银行股份有限公司,股票型ETF,规模指数ETF,000510.CSI,,,,,,
2022-09-27,563800.SH,广发中证A500ETF,20241118,中证A500指数,中证A500指数收益率,广发基金管理有限公司,中国银行股份有限公司,股票型ETF,规模指数ETF,000510.CSI,,,,,,
2022-09-28,563800.SH,广发中证A500ETF,20241118,中证A500指数,中证A500指数收益率,广发基金管理有限公司,中国银行股份有限公司,股票型ETF,规模指数ETF,000510.CSI,,,,,,
2022-09-29,563800.SH,广发中证A500ETF,20241118,中证A500指数,中证A500指数收益率,广发基金管理有限公司,中国银行股份有限公司,股票型ETF,规模指数ETF,000510.CSI,,,,,,
2022-09-30,563800.SH,广发中证A500ETF,20241118,中证A500指数,中证A500指数收益率,广发基金管理有限公司,中国银行股份有限公司,股票型ETF,规模指数ETF,000510.CSI,,,,,,
2022-10-10,563800.SH,广发中证A500ETF,20241118,中证A500指数,中证A500指数收益率,广发基金管理有限公司,中国银行股份有限公司,股票型ETF,规模指数ETF,000510.CSI,,,,,,
2022-10-11,563800.SH,广发中证A500ETF,20241118,中证A500指数,中证A500指数收益率,广发基金管理有限公司,中国银行股份有限公司,股票型ETF,规模指数ETF,000510.CSI,,,,,,
2022-10-12,563800.SH,广发中证A500ETF,20241118,中证A500指数,中证A500指数收益率,广发基金管理有限公司,中国银行股份有限公司,股票型ETF,规模指数ETF,000510.CSI,,,,,,
2022-10-13,563800.SH,广发中证A500ETF,20241118,中证A500指数,中证A500指数收益率,广发基金管理有限公司,中国银行股份有限公司,股票型ETF,规模指数ETF,000510.CSI,,,,,,
2022-10-14,563800.SH,广发中证A500ETF,20241118,中证A500指数,中证A500指数收益率,广发基金管理有限公司,中国银行股份有限公司,股票型ETF,规模指数ETF,000510.CSI,,,,,,
2022-10-17,563800.SH,广发中证A500ETF,20241118,中证A500指数,中证A500指数收益率,广发基金管理有限公司,中国银行股份有限公司,股票型ETF,规模指数ETF,000510.CSI,,,,,,
2022-10-18,563800.SH,广发中证A500ETF,20241118,中证A500指数,中证A500指数收益率,广发基金管理有限公司,中国银行股份有限公司,股票型ETF,规模指数ETF,000510.CSI,,,,,,
2022-10-19,563800.SH,广发中证A500ETF,20241118,中证A500指数,中证A500指数收益率,广发基金管理有限公司,中国银行股份有限公司,股票型ETF,规模指数ETF,000510.CSI,,,,,,
2022-10-20,563800.SH,广发中证A500ETF,20241118,中证A500指数,中证A500指数收益率,广发基金管理有限公司,中国银行股份有限公司,股票型ETF,规模指数ETF,000510.CSI,,,,,,
2022-10-21,563800.SH,广发中证A500ETF,20241118,中证A500指数,中证A500指数收益率,广发基金管理有限公司,中国银行股份有限公司,股票型ETF,规模指数ETF,000510.CSI,,,,,,
2022-10-24,563800.SH,广发中证A500ETF,20241118,中证A500指数,中证A500指数收益率,广发基金管理有限公司,中国银行股份有限公司,股票型ETF,规模指数ETF,000510.CSI,,,,,,
2022-10-25,563800.SH,广发中证A500ETF,20241118,中证A500指数,中证A500指数收益率,广发基金管理有限公司,中国银行股份有限公司,股票型ETF,规模指数ETF,000510.CSI,,,,,,
2022-10-26,563800.SH,广发中证A500ETF,20241118,中证A500指数,中证A500指数收益率,广发基金管理有限公司,中国银行股份有限公司,股票型ETF,规模指数ETF,000510.CSI,,,,,,
2022-10-27,563800.SH,广发中证A500ETF,20241118,中证A500指数,中证A500指数收益率,广发基金管理有限公司,中国银行股份有限公司,股票型ETF,规模指数ETF,000510.CSI,,,,,,
2022-10-28,563800.SH,广发中证A500ETF,20241118,中证A500指数,中证A500指数收益率,广发基金管理有限公司,中国银行股份有限公司,股票型ETF,规模指数ETF,000510.CSI,,,,,,
2022-10-31,563800.SH,广发中证A500ETF,20241118,中证A500指数,中证A500指数收益率,广发基金管理有限公司,中国银行股份有限公司,股票型ETF,规模指数ETF,000510.CSI,,,,,,
2022-11-01,563800.SH,广发中证A500ETF,20241118,中证A500指数,中证A500指数收益率,广发基金管理有限公司,中国银行股份有限公司,股票型ETF,规模指数ETF,000510.CSI,,,,,,
2022-11-02,563800.SH,广发中证A500ETF,20241118,中证A500指数,中证A500指数收益率,广发基金管理有限公司,中国银行股份有限公司,股票型ETF,规模指数ETF,000510.CSI,,,,,,
2022-11-03,563800.SH,广发中证A500ETF,20241118,中证A500指数,中证A500指数收益率,广发基金管理有限公司,中国银行股份有限公司,股票型ETF,规模指数ETF,000510.CSI,,,,,,
2022-11-04,563800.SH,广发中证A500ETF,20241118,中证A500指数,中证A500指数收益率,广发基金管理有限公司,中国银行股份有限公司,股票型ETF,规模指数ETF,000510.CSI,,,,,,
2022-11-07,563800.SH,广发中证A500ETF,20241118,中证A500指数,中证A500指数收益率,广发基金管理有限公司,中国银行股份有限公司,股票型ETF,规模指数ETF,000510.CSI,,,,,,
2022-11-08,563800.SH,广发中证A500ETF,20241118,中证A500指数,中证A500指数收益率,广发基金管理有限公司,中国银行股份有限公司,股票型ETF,规模指数ETF,000510.CSI,,,,,,
2022-11-09,563800.SH,广发中证A500ETF,20241118,中证A500指数,中证A500指数收益率,广发基金管理有限公司,中国银行股份有限公司,股票型ETF,规模指数ETF,000510.CSI,,,,,,
2022-11-10,563800.SH,广发中证A500ETF,20241118,中证A500指数,中证A500指数收益率,广发基金管理有限公司,中国银行股份有限公司,股票型ETF,规模指数ETF,000510.CSI,,,,,,
2022-11-11,563800.SH,广发中证A500ETF,20241118,中证A500指数,中证A500指数收益率,广发基金管理有限公司,中国银行股份有限公司,股票型ETF,规模指数ETF,000510.CSI,,,,,,
2022-11-14,563800.SH,广发中证A500ETF,20241118,中证A500指数,中证A500指数收益率,广发基金管理有限公司,中国银行股份有限公司,股票型ETF,规模指数ETF,000510.CSI,,,,,,
2022-11-15,563800.SH,广发中证A500ETF,20241118,中证A500指数,中证A500指数收益率,广发基金管理有限公司,中国银行股份有限公司,股票型ETF,规模指数ETF,000510.CSI,,,,,,
2022-11-16,563800.SH,广发中证A500ETF,20241118,中证A500指数,中证A500指数收益率,广发基金管理有限公司,中国银行股份有限公司,股票型ETF,规模指数ETF,000510.CSI,,,,,,
2022-11-17,563800.SH,广发中证A500ETF,20241118,中证A500指数,中证A500指数收益率,广发基金管理有限公司,中国银行股份有限公司,股票型ETF,规模指数ETF,000510.CSI,,,,,,
2022-11-18,563800.SH,广发中证A500ETF,20241118,中证A500指数,中证A500指数收益率,广发基金管理有限公司,中国银行股份有限公司,股票型ETF,规模指数ETF,000510.CSI,,,,,,
2022-11-21,563800.SH,广发中证A500ETF,20241118,中证A500指数,中证A500指数收益率,广发基金管理有限公司,中国银行股份有限公司,股票型ETF,规模指数ETF,000510.CSI,,,,,,
2022-11-22,563800.SH,广发中证A500ETF,20241118,中证A500指数,中证A500指数收益率,广发基金管理有限公司,中国银行股份有限公司,股票型ETF,规模指数ETF,000510.CSI,,,,,,
2022-11-23,563800.SH,广发中证A500ETF,20241118,中证A500指数,中证A500指数收益率,广发基金管理有限公司,中国银行股份有限公司,股票型ETF,规模指数ETF,000510.CSI,,,,,,
2022-11-24,563800.SH,广发中证A500ETF,20241118,中证A500指数,中证A500指数收益率,广发基金管理有限公司,中国银行股份有限公司,股票型ETF,规模指数ETF,000510.CSI,,,,,,
2022-11-25,563800.SH,广发中证A500ETF,20241118,中证A500指数,中证A500指数收益率,广发基金管理有限公司,中国银行股份有限公司,股票型ETF,规模指数ETF,000510.CSI,,,,,,
2022-11-28,563800.SH,广发中证A500ETF,20241118,中证A500指数,中证A500指数收益率,广发基金管理有限公司,中国银行股份有限公司,股票型ETF,规模指数ETF,000510.CSI,,,,,,
2022-11-29,563800.SH,广发中证A500ETF,20241118,中证A500指数,中证A500指数收益率,广发基金管理有限公司,中国银行股份有限公司,股票型ETF,规模指数ETF,000510.CSI,,,,,,
2022-11-30,563800.SH,广发中证A500ETF,20241118,中证A500指数,中证A500指数收益率,广发基金管理有限公司,中国银行股份有限公司,股票型ETF,规模指数ETF,000510.CSI,,,,,,
2022-12-01,563800.SH,广发中证A500ETF,20241118,中证A500指数,中证A500指数收益率,广发基金管理有限公司,中国银行股份有限公司,股票型ETF,规模指数ETF,000510.CSI,,,,,,
2022-12-02,563800.SH,广发中证A500ETF,20241118,中证A500指数,中证A500指数收益率,广发基金管理有限公司,中国银行股份有限公司,股票型ETF,规模指数ETF,000510.CSI,,,,,,
2022-12-05,563800.SH,广发中证A500ETF,20241118,中证A500指数,中证A500指数收益率,广发基金管理有限公司,中国银行股份有限公司,股票型ETF,规模指数ETF,000510.CSI,,,,,,
2022-12-06,563800.SH,广发中证A500ETF,20241118,中证A500指数,中证A500指数收益率,广发基金管理有限公司,中国银行股份有限公司,股票型ETF,规模指数ETF,000510.CSI,,,,,,
2022-12-07,563800.SH,广发中证A500ETF,20241118,中证A500指数,中证A500指数收益率,广发基金管理有限公司,中国银行股份有限公司,股票型ETF,规模指数ETF,000510.CSI,,,,,,
2022-12-08,563800.SH,广发中证A500ETF,20241118,中证A500指数,中证A500指数收益率,广发基金管理有限公司,中国银行股份有限公司,股票型ETF,规模指数ETF,000510.CSI,,,,,,
2022-12-09,563800.SH,广发中证A500ETF,20241118,中证A500指数,中证A500指数收益率,广发基金管理有限公司,中国银行股份有限公司,股票型ETF,规模指数ETF,000510.CSI,,,,,,
2022-12-12,563800.SH,广发中证A500ETF,20241118,中证A500指数,中证A500指数收益率,广发基金管理有限公司,中国银行股份有限公司,股票型ETF,规模指数ETF,000510.CSI,,,,,,
2022-12-13,563800.SH,广发中证A500ETF,20241118,中证A500指数,中证A500指数收益率,广发基金管理有限公司,中国银行股份有限公司,股票型ETF,规模指数ETF,000510.CSI,,,,,,
2022-12-14,563800.SH,广发中证A500ETF,20241118,中证A500指数,中证A500指数收益率,广发基金管理有限公司,中国银行股份有限公司,股票型ETF,规模指数ETF,000510.CSI,,,,,,
2022-12-15,563800.SH,广发中证A500ETF,20241118,中证A500指数,中证A500指数收益率,广发基金管理有限公司,中国银行股份有限公司,股票型ETF,规模指数ETF,000510.CSI,,,,,,
2022-12-16,563800.SH,广发中证A500ETF,20241118,中证A500指数,中证A500指数收益率,广发基金管理有限公司,中国银行股份有限公司,股票型ETF,规模指数ETF,000510.CSI,,,,,,
2022-12-19,563800.SH,广发中证A500ETF,20241118,中证A500指数,中证A500指数收益率,广发基金管理有限公司,中国银行股份有限公司,股票型ETF,规模指数ETF,000510.CSI,,,,,,
2022-12-20,563800.SH,广发中证A500ETF,20241118,中证A500指数,中证A500指数收益率,广发基金管理有限公司,中国银行股份有限公司,股票型ETF,规模指数ETF,000510.CSI,,,,,,
2022-12-21,563800.SH,广发中证A500ETF,20241118,中证A500指数,中证A500指数收益率,广发基金管理有限公司,中国银行股份有限公司,股票型ETF,规模指数ETF,000510.CSI,,,,,,
2022-12-22,563800.SH,广发中证A500ETF,20241118,中证A500指数,中证A500指数收益率,广发基金管理有限公司,中国银行股份有限公司,股票型ETF,规模指数ETF,000510.CSI,,,,,,
2022-12-23,563800.SH,广发中证A500ETF,20241118,中证A500指数,中证A500指数收益率,广发基金管理有限公司,中国银行股份有限公司,股票型ETF,规模指数ETF,000510.CSI,,,,,,
2022-12-26,563800.SH,广发中证A500ETF,20241118,中证A500指数,中证A500指数收益率,广发基金管理有限公司,中国银行股份有限公司,股票型ETF,规模指数ETF,000510.CSI,,,,,,
2022-12-27,563800.SH,广发中证A500ETF,20241118,中证A500指数,中证A500指数收益率,广发基金管理有限公司,中国银行股份有限公司,股票型ETF,规模指数ETF,000510.CSI,,,,,,
2022-12-28,563800.SH,广发中证A500ETF,20241118,中证A500指数,中证A500指数收益率,广发基金管理有限公司,中国银行股份有限公司,股票型ETF,规模指数ETF,000510.CSI,,,,,,
2022-12-29,563800.SH,广发中证A500ETF,20241118,中证A500指数,中证A500指数收益率,广发基金管理有限公司,中国银行股份有限公司,股票型ETF,规模指数ETF,000510.CSI,,,,,,
2022-12-30,563800.SH,广发中证A500ETF,20241118,中证A500指数,中证A500指数收益率,广发基金管理有限公司,中国银行股份有限公司,股票型ETF,规模指数ETF,000510.CSI,,,,,,
2023-01-03,563800.SH,广发中证A500ETF,20241118,中证A500指数,中证A500指数收益率,广发基金管理有限公司,中国银行股份有限公司,股票型ETF,规模指数ETF,000510.CSI,,,,,,
2023-01-04,563800.SH,广发中证A500ETF,20241118,中证A500指数,中证A500指数收益率,广发基金管理有限公司,中国银行股份有限公司,股票型ETF,规模指数ETF,000510.CSI,,,,,,
2023-01-05,563800.SH,广发中证A500ETF,20241118,中证A500指数,中证A500指数收益率,广发基金管理有限公司,中国银行股份有限公司,股票型ETF,规模指数ETF,000510.CSI,,,,,,
2023-01-06,563800.SH,广发中证A500ETF,20241118,中证A500指数,中证A500指数收益率,广发基金管理有限公司,中国银行股份有限公司,股票型ETF,规模指数ETF,000510.CSI,,,,,,
2023-01-09,563800.SH,广发中证A500ETF,20241118,中证A500指数,中证A500指数收益率,广发基金管理有限公司,中国银行股份有限公司,股票型ETF,规模指数ETF,000510.CSI,,,,,,
2023-01-10,563800.SH,广发中证A500ETF,20241118,中证A500指数,中证A500指数收益率,广发基金管理有限公司,中国银行股份有限公司,股票型ETF,规模指数ETF,000510.CSI,,,,,,
2023-01-11,563800.SH,广发中证A500ETF,20241118,中证A500指数,中证A500指数收益率,广发基金管理有限公司,中国银行股份有限公司,股票型ETF,规模指数ETF,000510.CSI,,,,,,
2023-01-12,563800.SH,广发中证A500ETF,20241118,中证A500指数,中证A500指数收益率,广发基金管理有限公司,中国银行股份有限公司,股票型ETF,规模指数ETF,000510.CSI,,,,,,
2023-01-13,563800.SH,广发中证A500ETF,20241118,中证A500指数,中证A500指数收益率,广发基金管理有限公司,中国银行股份有限公司,股票型ETF,规模指数ETF,000510.CSI,,,,,,
2023-01-16,563800.SH,广发中证A500ETF,20241118,中证A500指数,中证A500指数收益率,广发基金管理有限公司,中国银行股份有限公司,股票型ETF,规模指数ETF,000510.CSI,,,,,,
2023-01-17,563800.SH,广发中证A500ETF,20241118,中证A500指数,中证A500指数收益率,广发基金管理有限公司,中国银行股份有限公司,股票型ETF,规模指数ETF,000510.CSI,,,,,,
2023-01-18,563800.SH,广发中证A500ETF,20241118,中证A500指数,中证A500指数收益率,广发基金管理有限公司,中国银行股份有限公司,股票型ETF,规模指数ETF,000510.CSI,,,,,,
2023-01-19,563800.SH,广发中证A500ETF,20241118,中证A500指数,中证A500指数收益率,广发基金管理有限公司,中国银行股份有限公司,股票型ETF,规模指数ETF,000510.CSI,,,,,,
2023-01-20,563800.SH,广发中证A500ETF,20241118,中证A500指数,中证A500指数收益率,广发基金管理有限公司,中国银行股份有限公司,股票型ETF,规模指数ETF,000510.CSI,,,,,,
2023-01-30,563800.SH,广发中证A500ETF,20241118,中证A500指数,中证A500指数收益率,广发基金管理有限公司,中国银行股份有限公司,股票型ETF,规模指数ETF,000510.CSI,,,,,,
2023-01-31,563800.SH,广发中证A500ETF,20241118,中证A500指数,中证A500指数收益率,广发基金管理有限公司,中国银行股份有限公司,股票型ETF,规模指数ETF,000510.CSI,,,,,,
2023-02-01,563800.SH,广发中证A500ETF,20241118,中证A500指数,中证A500指数收益率,广发基金管理有限公司,中国银行股份有限公司,股票型ETF,规模指数ETF,000510.CSI,,,,,,
2023-02-02,563800.SH,广发中证A500ETF,20241118,中证A500指数,中证A500指数收益率,广发基金管理有限公司,中国银行股份有限公司,股票型ETF,规模指数ETF,000510.CSI,,,,,,
2023-02-03,563800.SH,广发中证A500ETF,20241118,中证A500指数,中证A500指数收益率,广发基金管理有限公司,中国银行股份有限公司,股票型ETF,规模指数ETF,000510.CSI,,,,,,
2023-02-06,563800.SH,广发中证A500ETF,20241118,中证A500指数,中证A500指数收益率,广发基金管理有限公司,中国银行股份有限公司,股票型ETF,规模指数ETF,000510.CSI,,,,,,
2023-02-07,563800.SH,广发中证A500ETF,20241118,中证A500指数,中证A500指数收益率,广发基金管理有限公司,中国银行股份有限公司,股票型ETF,规模指数ETF,000510.CSI,,,,,,
2023-02-08,563800.SH,广发中证A500ETF,20241118,中证A500指数,中证A500指数收益率,广发基金管理有限公司,中国银行股份有限公司,股票型ETF,规模指数ETF,000510.CSI,,,,,,
2023-02-09,563800.SH,广发中证A500ETF,20241118,中证A500指数,中证A500指数收益率,广发基金管理有限公司,中国银行股份有限公司,股票型ETF,规模指数ETF,000510.CSI,,,,,,
2023-02-10,563800.SH,广发中证A500ETF,20241118,中证A500指数,中证A500指数收益率,广发基金管理有限公司,中国银行股份有限公司,股票型ETF,规模指数ETF,000510.CSI,,,,,,
2023-02-13,563800.SH,广发中证A500ETF,20241118,中证A500指数,中证A500指数收益率,广发基金管理有限公司,中国银行股份有限公司,股票型ETF,规模指数ETF,000510.CSI,,,,,,
2023-02-14,563800.SH,广发中证A500ETF,20241118,中证A500指数,中证A500指数收益率,广发基金管理有限公司,中国银行股份有限公司,股票型ETF,规模指数ETF,000510.CSI,,,,,,
2023-02-15,563800.SH,广发中证A500ETF,20241118,中证A500指数,中证A500指数收益率,广发基金管理有限公司,中国银行股份有限公司,股票型ETF,规模指数ETF,000510.CSI,,,,,,
2023-02-16,563800.SH,广发中证A500ETF,20241118,中证A500指数,中证A500指数收益率,广发基金管理有限公司,中国银行股份有限公司,股票型ETF,规模指数ETF,000510.CSI,,,,,,
2023-02-17,563800.SH,广发中证A500ETF,20241118,中证A500指数,中证A500指数收益率,广发基金管理有限公司,中国银行股份有限公司,股票型ETF,规模指数ETF,000510.CSI,,,,,,
2023-02-20,563800.SH,广发中证A500ETF,20241118,中证A500指数,中证A500指数收益率,广发基金管理有限公司,中国银行股份有限公司,股票型ETF,规模指数ETF,000510.CSI,,,,,,
2023-02-21,563800.SH,广发中证A500ETF,20241118,中证A500指数,中证A500指数收益率,广发基金管理有限公司,中国银行股份有限公司,股票型ETF,规模指数ETF,000510.CSI,,,,,,
2023-02-22,563800.SH,广发中证A500ETF,20241118,中证A500指数,中证A500指数收益率,广发基金管理有限公司,中国银行股份有限公司,股票型ETF,规模指数ETF,000510.CSI,,,,,,
2023-02-23,563800.SH,广发中证A500ETF,20241118,中证A500指数,中证A500指数收益率,广发基金管理有限公司,中国银行股份有限公司,股票型ETF,规模指数ETF,000510.CSI,,,,,,
2023-02-24,563800.SH,广发中证A500ETF,20241118,中证A500指数,中证A500指数收益率,广发基金管理有限公司,中国银行股份有限公司,股票型ETF,规模指数ETF,000510.CSI,,,,,,
2023-02-27,563800.SH,广发中证A500ETF,20241118,中证A500指数,中证A500指数收益率,广发基金管理有限公司,中国银行股份有限公司,股票型ETF,规模指数ETF,000510.CSI,,,,,,
2023-02-28,563800.SH,广发中证A500ETF,20241118,中证A500指数,中证A500指数收益率,广发基金管理有限公司,中国银行股份有限公司,股票型ETF,规模指数ETF,000510.CSI,,,,,,
2023-03-01,563800.SH,广发中证A500ETF,20241118,中证A500指数,中证A500指数收益率,广发基金管理有限公司,中国银行股份有限公司,股票型ETF,规模指数ETF,000510.CSI,,,,,,
2023-03-02,563800.SH,广发中证A500ETF,20241118,中证A500指数,中证A500指数收益率,广发基金管理有限公司,中国银行股份有限公司,股票型ETF,规模指数ETF,000510.CSI,,,,,,
2023-03-03,563800.SH,广发中证A500ETF,20241118,中证A500指数,中证A500指数收益率,广发基金管理有限公司,中国银行股份有限公司,股票型ETF,规模指数ETF,000510.CSI,,,,,,
2023-03-06,563800.SH,广发中证A500ETF,20241118,中证A500指数,中证A500指数收益率,广发基金管理有限公司,中国银行股份有限公司,股票型ETF,规模指数ETF,000510.CSI,,,,,,
2023-03-07,563800.SH,广发中证A500ETF,20241118,中证A500指数,中证A500指数收益率,广发基金管理有限公司,中国银行股份有限公司,股票型ETF,规模指数ETF,000510.CSI,,,,,,
2023-03-08,563800.SH,广发中证A500ETF,20241118,中证A500指数,中证A500指数收益率,广发基金管理有限公司,中国银行股份有限公司,股票型ETF,规模指数ETF,000510.CSI,,,,,,
2023-03-09,563800.SH,广发中证A500ETF,20241118,中证A500指数,中证A500指数收益率,广发基金管理有限公司,中国银行股份有限公司,股票型ETF,规模指数ETF,000510.CSI,,,,,,
2023-03-10,563800.SH,广发中证A500ETF,20241118,中证A500指数,中证A500指数收益率,广发基金管理有限公司,中国银行股份有限公司,股票型ETF,规模指数ETF,000510.CSI,,,,,,
2023-03-13,563800.SH,广发中证A500ETF,20241118,中证A500指数,中证A500指数收益率,广发基金管理有限公司,中国银行股份有限公司,股票型ETF,规模指数ETF,000510.CSI,,,,,,
2023-03-14,563800.SH,广发中证A500ETF,20241118,中证A500指数,中证A500指数收益率,广发基金管理有限公司,中国银行股份有限公司,股票型ETF,规模指数ETF,000510.CSI,,,,,,
2023-03-15,563800.SH,广发中证A500ETF,20241118,中证A500指数,中证A500指数收益率,广发基金管理有限公司,中国银行股份有限公司,股票型ETF,规模指数ETF,000510.CSI,,,,,,
2023-03-16,563800.SH,广发中证A500ETF,20241118,中证A500指数,中证A500指数收益率,广发基金管理有限公司,中国银行股份有限公司,股票型ETF,规模指数ETF,000510.CSI,,,,,,
2023-03-17,563800.SH,广发中证A500ETF,20241118,中证A500指数,中证A500指数收益率,广发基金管理有限公司,中国银行股份有限公司,股票型ETF,规模指数ETF,000510.CSI,,,,,,
2023-03-20,563800.SH,广发中证A500ETF,20241118,中证A500指数,中证A500指数收益率,广发基金管理有限公司,中国银行股份有限公司,股票型ETF,规模指数ETF,000510.CSI,,,,,,
2023-03-21,563800.SH,广发中证A500ETF,20241118,中证A500指数,中证A500指数收益率,广发基金管理有限公司,中国银行股份有限公司,股票型ETF,规模指数ETF,000510.CSI,,,,,,
2023-03-22,563800.SH,广发中证A500ETF,20241118,中证A500指数,中证A500指数收益率,广发基金管理有限公司,中国银行股份有限公司,股票型ETF,规模指数ETF,000510.CSI,,,,,,
2023-03-23,563800.SH,广发中证A500ETF,20241118,中证A500指数,中证A500指数收益率,广发基金管理有限公司,中国银行股份有限公司,股票型ETF,规模指数ETF,000510.CSI,,,,,,
2023-03-24,563800.SH,广发中证A500ETF,20241118,中证A500指数,中证A500指数收益率,广发基金管理有限公司,中国银行股份有限公司,股票型ETF,规模指数ETF,000510.CSI,,,,,,
2023-03-27,563800.SH,广发中证A500ETF,20241118,中证A500指数,中证A500指数收益率,广发基金管理有限公司,中国银行股份有限公司,股票型ETF,规模指数ETF,000510.CSI,,,,,,
2023-03-28,563800.SH,广发中证A500ETF,20241118,中证A500指数,中证A500指数收益率,广发基金管理有限公司,中国银行股份有限公司,股票型ETF,规模指数ETF,000510.CSI,,,,,,
2023-03-29,563800.SH,广发中证A500ETF,20241118,中证A500指数,中证A500指数收益率,广发基金管理有限公司,中国银行股份有限公司,股票型ETF,规模指数ETF,000510.CSI,,,,,,
2023-03-30,563800.SH,广发中证A500ETF,20241118,中证A500指数,中证A500指数收益率,广发基金管理有限公司,中国银行股份有限公司,股票型ETF,规模指数ETF,000510.CSI,,,,,,
2023-03-31,563800.SH,广发中证A500ETF,20241118,中证A500指数,中证A500指数收益率,广发基金管理有限公司,中国银行股份有限公司,股票型ETF,规模指数ETF,000510.CSI,,,,,,
2023-04-03,563800.SH,广发中证A500ETF,20241118,中证A500指数,中证A500指数收益率,广发基金管理有限公司,中国银行股份有限公司,股票型ETF,规模指数ETF,000510.CSI,,,,,,
2023-04-04,563800.SH,广发中证A500ETF,20241118,中证A500指数,中证A500指数收益率,广发基金管理有限公司,中国银行股份有限公司,股票型ETF,规模指数ETF,000510.CSI,,,,,,
2023-04-06,563800.SH,广发中证A500ETF,20241118,中证A500指数,中证A500指数收益率,广发基金管理有限公司,中国银行股份有限公司,股票型ETF,规模指数ETF,000510.CSI,,,,,,
2023-04-07,563800.SH,广发中证A500ETF,20241118,中证A500指数,中证A500指数收益率,广发基金管理有限公司,中国银行股份有限公司,股票型ETF,规模指数ETF,000510.CSI,,,,,,
2023-04-10,563800.SH,广发中证A500ETF,20241118,中证A500指数,中证A500指数收益率,广发基金管理有限公司,中国银行股份有限公司,股票型ETF,规模指数ETF,000510.CSI,,,,,,
2023-04-11,563800.SH,广发中证A500ETF,20241118,中证A500指数,中证A500指数收益率,广发基金管理有限公司,中国银行股份有限公司,股票型ETF,规模指数ETF,000510.CSI,,,,,,
2023-04-12,563800.SH,广发中证A500ETF,20241118,中证A500指数,中证A500指数收益率,广发基金管理有限公司,中国银行股份有限公司,股票型ETF,规模指数ETF,000510.CSI,,,,,,
2023-04-13,563800.SH,广发中证A500ETF,20241118,中证A500指数,中证A500指数收益率,广发基金管理有限公司,中国银行股份有限公司,股票型ETF,规模指数ETF,000510.CSI,,,,,,
2023-04-14,563800.SH,广发中证A500ETF,20241118,中证A500指数,中证A500指数收益率,广发基金管理有限公司,中国银行股份有限公司,股票型ETF,规模指数ETF,000510.CSI,,,,,,
2023-04-17,563800.SH,广发中证A500ETF,20241118,中证A500指数,中证A500指数收益率,广发基金管理有限公司,中国银行股份有限公司,股票型ETF,规模指数ETF,000510.CSI,,,,,,
2023-04-18,563800.SH,广发中证A500ETF,20241118,中证A500指数,中证A500指数收益率,广发基金管理有限公司,中国银行股份有限公司,股票型ETF,规模指数ETF,000510.CSI,,,,,,
2023-04-19,563800.SH,广发中证A500ETF,20241118,中证A500指数,中证A500指数收益率,广发基金管理有限公司,中国银行股份有限公司,股票型ETF,规模指数ETF,000510.CSI,,,,,,
2023-04-20,563800.SH,广发中证A500ETF,20241118,中证A500指数,中证A500指数收益率,广发基金管理有限公司,中国银行股份有限公司,股票型ETF,规模指数ETF,000510.CSI,,,,,,
2023-04-21,563800.SH,广发中证A500ETF,20241118,中证A500指数,中证A500指数收益率,广发基金管理有限公司,中国银行股份有限公司,股票型ETF,规模指数ETF,000510.CSI,,,,,,
2023-04-24,563800.SH,广发中证A500ETF,20241118,中证A500指数,中证A500指数收益率,广发基金管理有限公司,中国银行股份有限公司,股票型ETF,规模指数ETF,000510.CSI,,,,,,
2023-04-25,563800.SH,广发中证A500ETF,20241118,中证A500指数,中证A500指数收益率,广发基金管理有限公司,中国银行股份有限公司,股票型ETF,规模指数ETF,000510.CSI,,,,,,
2023-04-26,563800.SH,广发中证A500ETF,20241118,中证A500指数,中证A500指数收益率,广发基金管理有限公司,中国银行股份有限公司,股票型ETF,规模指数ETF,000510.CSI,,,,,,
2023-04-27,563800.SH,广发中证A500ETF,20241118,中证A500指数,中证A500指数收益率,广发基金管理有限公司,中国银行股份有限公司,股票型ETF,规模指数ETF,000510.CSI,,,,,,
2023-04-28,563800.SH,广发中证A500ETF,20241118,中证A500指数,中证A500指数收益率,广发基金管理有限公司,中国银行股份有限公司,股票型ETF,规模指数ETF,000510.CSI,,,,,,
2023-05-04,563800.SH,广发中证A500ETF,20241118,中证A500指数,中证A500指数收益率,广发基金管理有限公司,中国银行股份有限公司,股票型ETF,规模指数ETF,000510.CSI,,,,,,
2023-05-05,563800.SH,广发中证A500ETF,20241118,中证A500指数,中证A500指数收益率,广发基金管理有限公司,中国银行股份有限公司,股票型ETF,规模指数ETF,000510.CSI,,,,,,
2023-05-08,563800.SH,广发中证A500ETF,20241118,中证A500指数,中证A500指数收益率,广发基金管理有限公司,中国银行股份有限公司,股票型ETF,规模指数ETF,000510.CSI,,,,,,
2023-05-09,563800.SH,广发中证A500ETF,20241118,中证A500指数,中证A500指数收益率,广发基金管理有限公司,中国银行股份有限公司,股票型ETF,规模指数ETF,000510.CSI,,,,,,
2023-05-10,563800.SH,广发中证A500ETF,20241118,中证A500指数,中证A500指数收益率,广发基金管理有限公司,中国银行股份有限公司,股票型ETF,规模指数ETF,000510.CSI,,,,,,
2023-05-11,563800.SH,广发中证A500ETF,20241118,中证A500指数,中证A500指数收益率,广发基金管理有限公司,中国银行股份有限公司,股票型ETF,规模指数ETF,000510.CSI,,,,,,
2023-05-12,563800.SH,广发中证A500ETF,20241118,中证A500指数,中证A500指数收益率,广发基金管理有限公司,中国银行股份有限公司,股票型ETF,规模指数ETF,000510.CSI,,,,,,
2023-05-15,563800.SH,广发中证A500ETF,20241118,中证A500指数,中证A500指数收益率,广发基金管理有限公司,中国银行股份有限公司,股票型ETF,规模指数ETF,000510.CSI,,,,,,
2023-05-16,563800.SH,广发中证A500ETF,20241118,中证A500指数,中证A500指数收益率,广发基金管理有限公司,中国银行股份有限公司,股票型ETF,规模指数ETF,000510.CSI,,,,,,
2023-05-17,563800.SH,广发中证A500ETF,20241118,中证A500指数,中证A500指数收益率,广发基金管理有限公司,中国银行股份有限公司,股票型ETF,规模指数ETF,000510.CSI,,,,,,
2023-05-18,563800.SH,广发中证A500ETF,20241118,中证A500指数,中证A500指数收益率,广发基金管理有限公司,中国银行股份有限公司,股票型ETF,规模指数ETF,000510.CSI,,,,,,
2023-05-19,563800.SH,广发中证A500ETF,20241118,中证A500指数,中证A500指数收益率,广发基金管理有限公司,中国银行股份有限公司,股票型ETF,规模指数ETF,000510.CSI,,,,,,
2023-05-22,563800.SH,广发中证A500ETF,20241118,中证A500指数,中证A500指数收益率,广发基金管理有限公司,中国银行股份有限公司,股票型ETF,规模指数ETF,000510.CSI,,,,,,
2023-05-23,563800.SH,广发中证A500ETF,20241118,中证A500指数,中证A500指数收益率,广发基金管理有限公司,中国银行股份有限公司,股票型ETF,规模指数ETF,000510.CSI,,,,,,
2023-05-24,563800.SH,广发中证A500ETF,20241118,中证A500指数,中证A500指数收益率,广发基金管理有限公司,中国银行股份有限公司,股票型ETF,规模指数ETF,000510.CSI,,,,,,
2023-05-25,563800.SH,广发中证A500ETF,20241118,中证A500指数,中证A500指数收益率,广发基金管理有限公司,中国银行股份有限公司,股票型ETF,规模指数ETF,000510.CSI,,,,,,
2023-05-26,563800.SH,广发中证A500ETF,20241118,中证A500指数,中证A500指数收益率,广发基金管理有限公司,中国银行股份有限公司,股票型ETF,规模指数ETF,000510.CSI,,,,,,
2023-05-29,563800.SH,广发中证A500ETF,20241118,中证A500指数,中证A500指数收益率,广发基金管理有限公司,中国银行股份有限公司,股票型ETF,规模指数ETF,000510.CSI,,,,,,
2023-05-30,563800.SH,广发中证A500ETF,20241118,中证A500指数,中证A500指数收益率,广发基金管理有限公司,中国银行股份有限公司,股票型ETF,规模指数ETF,000510.CSI,,,,,,
2023-05-31,563800.SH,广发中证A500ETF,20241118,中证A500指数,中证A500指数收益率,广发基金管理有限公司,中国银行股份有限公司,股票型ETF,规模指数ETF,000510.CSI,,,,,,
2023-06-01,563800.SH,广发中证A500ETF,20241118,中证A500指数,中证A500指数收益率,广发基金管理有限公司,中国银行股份有限公司,股票型ETF,规模指数ETF,000510.CSI,,,,,,
2023-06-02,563800.SH,广发中证A500ETF,20241118,中证A500指数,中证A500指数收益率,广发基金管理有限公司,中国银行股份有限公司,股票型ETF,规模指数ETF,000510.CSI,,,,,,
2023-06-05,563800.SH,广发中证A500ETF,20241118,中证A500指数,中证A500指数收益率,广发基金管理有限公司,中国银行股份有限公司,股票型ETF,规模指数ETF,000510.CSI,,,,,,
2023-06-06,563800.SH,广发中证A500ETF,20241118,中证A500指数,中证A500指数收益率,广发基金管理有限公司,中国银行股份有限公司,股票型ETF,规模指数ETF,000510.CSI,,,,,,
2023-06-07,563800.SH,广发中证A500ETF,20241118,中证A500指数,中证A500指数收益率,广发基金管理有限公司,中国银行股份有限公司,股票型ETF,规模指数ETF,000510.CSI,,,,,,
2023-06-08,563800.SH,广发中证A500ETF,20241118,中证A500指数,中证A500指数收益率,广发基金管理有限公司,中国银行股份有限公司,股票型ETF,规模指数ETF,000510.CSI,,,,,,
2023-06-09,563800.SH,广发中证A500ETF,20241118,中证A500指数,中证A500指数收益率,广发基金管理有限公司,中国银行股份有限公司,股票型ETF,规模指数ETF,000510.CSI,,,,,,
2023-06-12,563800.SH,广发中证A500ETF,20241118,中证A500指数,中证A500指数收益率,广发基金管理有限公司,中国银行股份有限公司,股票型ETF,规模指数ETF,000510.CSI,,,,,,
2023-06-13,563800.SH,广发中证A500ETF,20241118,中证A500指数,中证A500指数收益率,广发基金管理有限公司,中国银行股份有限公司,股票型ETF,规模指数ETF,000510.CSI,,,,,,
2023-06-14,563800.SH,广发中证A500ETF,20241118,中证A500指数,中证A500指数收益率,广发基金管理有限公司,中国银行股份有限公司,股票型ETF,规模指数ETF,000510.CSI,,,,,,
2023-06-15,563800.SH,广发中证A500ETF,20241118,中证A500指数,中证A500指数收益率,广发基金管理有限公司,中国银行股份有限公司,股票型ETF,规模指数ETF,000510.CSI,,,,,,
2023-06-16,563800.SH,广发中证A500ETF,20241118,中证A500指数,中证A500指数收益率,广发基金管理有限公司,中国银行股份有限公司,股票型ETF,规模指数ETF,000510.CSI,,,,,,
2023-06-19,563800.SH,广发中证A500ETF,20241118,中证A500指数,中证A500指数收益率,广发基金管理有限公司,中国银行股份有限公司,股票型ETF,规模指数ETF,000510.CSI,,,,,,
2023-06-20,563800.SH,广发中证A500ETF,20241118,中证A500指数,中证A500指数收益率,广发基金管理有限公司,中国银行股份有限公司,股票型ETF,规模指数ETF,000510.CSI,,,,,,
2023-06-21,563800.SH,广发中证A500ETF,20241118,中证A500指数,中证A500指数收益率,广发基金管理有限公司,中国银行股份有限公司,股票型ETF,规模指数ETF,000510.CSI,,,,,,
2023-06-26,563800.SH,广发中证A500ETF,20241118,中证A500指数,中证A500指数收益率,广发基金管理有限公司,中国银行股份有限公司,股票型ETF,规模指数ETF,000510.CSI,,,,,,
2023-06-27,563800.SH,广发中证A500ETF,20241118,中证A500指数,中证A500指数收益率,广发基金管理有限公司,中国银行股份有限公司,股票型ETF,规模指数ETF,000510.CSI,,,,,,
2023-06-28,563800.SH,广发中证A500ETF,20241118,中证A500指数,中证A500指数收益率,广发基金管理有限公司,中国银行股份有限公司,股票型ETF,规模指数ETF,000510.CSI,,,,,,
2023-06-29,563800.SH,广发中证A500ETF,20241118,中证A500指数,中证A500指数收益率,广发基金管理有限公司,中国银行股份有限公司,股票型ETF,规模指数ETF,000510.CSI,,,,,,
2023-06-30,563800.SH,广发中证A500ETF,20241118,中证A500指数,中证A500指数收益率,广发基金管理有限公司,中国银行股份有限公司,股票型ETF,规模指数ETF,000510.CSI,,,,,,
2023-07-03,563800.SH,广发中证A500ETF,20241118,中证A500指数,中证A500指数收益率,广发基金管理有限公司,中国银行股份有限公司,股票型ETF,规模指数ETF,000510.CSI,,,,,,
2023-07-04,563800.SH,广发中证A500ETF,20241118,中证A500指数,中证A500指数收益率,广发基金管理有限公司,中国银行股份有限公司,股票型ETF,规模指数ETF,000510.CSI,,,,,,
2023-07-05,563800.SH,广发中证A500ETF,20241118,中证A500指数,中证A500指数收益率,广发基金管理有限公司,中国银行股份有限公司,股票型ETF,规模指数ETF,000510.CSI,,,,,,
2023-07-06,563800.SH,广发中证A500ETF,20241118,中证A500指数,中证A500指数收益率,广发基金管理有限公司,中国银行股份有限公司,股票型ETF,规模指数ETF,000510.CSI,,,,,,
2023-07-07,563800.SH,广发中证A500ETF,20241118,中证A500指数,中证A500指数收益率,广发基金管理有限公司,中国银行股份有限公司,股票型ETF,规模指数ETF,000510.CSI,,,,,,
2023-07-10,563800.SH,广发中证A500ETF,20241118,中证A500指数,中证A500指数收益率,广发基金管理有限公司,中国银行股份有限公司,股票型ETF,规模指数ETF,000510.CSI,,,,,,
2023-07-11,563800.SH,广发中证A500ETF,20241118,中证A500指数,中证A500指数收益率,广发基金管理有限公司,中国银行股份有限公司,股票型ETF,规模指数ETF,000510.CSI,,,,,,
2023-07-12,563800.SH,广发中证A500ETF,20241118,中证A500指数,中证A500指数收益率,广发基金管理有限公司,中国银行股份有限公司,股票型ETF,规模指数ETF,000510.CSI,,,,,,
2023-07-13,563800.SH,广发中证A500ETF,20241118,中证A500指数,中证A500指数收益率,广发基金管理有限公司,中国银行股份有限公司,股票型ETF,规模指数ETF,000510.CSI,,,,,,
2023-07-14,563800.SH,广发中证A500ETF,20241118,中证A500指数,中证A500指数收益率,广发基金管理有限公司,中国银行股份有限公司,股票型ETF,规模指数ETF,000510.CSI,,,,,,
2023-07-17,563800.SH,广发中证A500ETF,20241118,中证A500指数,中证A500指数收益率,广发基金管理有限公司,中国银行股份有限公司,股票型ETF,规模指数ETF,000510.CSI,,,,,,
2023-07-18,563800.SH,广发中证A500ETF,20241118,中证A500指数,中证A500指数收益率,广发基金管理有限公司,中国银行股份有限公司,股票型ETF,规模指数ETF,000510.CSI,,,,,,
2023-07-19,563800.SH,广发中证A500ETF,20241118,中证A500指数,中证A500指数收益率,广发基金管理有限公司,中国银行股份有限公司,股票型ETF,规模指数ETF,000510.CSI,,,,,,
2023-07-20,563800.SH,广发中证A500ETF,20241118,中证A500指数,中证A500指数收益率,广发基金管理有限公司,中国银行股份有限公司,股票型ETF,规模指数ETF,000510.CSI,,,,,,
2023-07-21,563800.SH,广发中证A500ETF,20241118,中证A500指数,中证A500指数收益率,广发基金管理有限公司,中国银行股份有限公司,股票型ETF,规模指数ETF,000510.CSI,,,,,,
2023-07-24,563800.SH,广发中证A500ETF,20241118,中证A500指数,中证A500指数收益率,广发基金管理有限公司,中国银行股份有限公司,股票型ETF,规模指数ETF,000510.CSI,,,,,,
2023-07-25,563800.SH,广发中证A500ETF,20241118,中证A500指数,中证A500指数收益率,广发基金管理有限公司,中国银行股份有限公司,股票型ETF,规模指数ETF,000510.CSI,,,,,,
2023-07-26,563800.SH,广发中证A500ETF,20241118,中证A500指数,中证A500指数收益率,广发基金管理有限公司,中国银行股份有限公司,股票型ETF,规模指数ETF,000510.CSI,,,,,,
2023-07-27,563800.SH,广发中证A500ETF,20241118,中证A500指数,中证A500指数收益率,广发基金管理有限公司,中国银行股份有限公司,股票型ETF,规模指数ETF,000510.CSI,,,,,,
2023-07-28,563800.SH,广发中证A500ETF,20241118,中证A500指数,中证A500指数收益率,广发基金管理有限公司,中国银行股份有限公司,股票型ETF,规模指数ETF,000510.CSI,,,,,,
2023-07-31,563800.SH,广发中证A500ETF,20241118,中证A500指数,中证A500指数收益率,广发基金管理有限公司,中国银行股份有限公司,股票型ETF,规模指数ETF,000510.CSI,,,,,,
2023-08-01,563800.SH,广发中证A500ETF,20241118,中证A500指数,中证A500指数收益率,广发基金管理有限公司,中国银行股份有限公司,股票型ETF,规模指数ETF,000510.CSI,,,,,,
2023-08-02,563800.SH,广发中证A500ETF,20241118,中证A500指数,中证A500指数收益率,广发基金管理有限公司,中国银行股份有限公司,股票型ETF,规模指数ETF,000510.CSI,,,,,,
2023-08-03,563800.SH,广发中证A500ETF,20241118,中证A500指数,中证A500指数收益率,广发基金管理有限公司,中国银行股份有限公司,股票型ETF,规模指数ETF,000510.CSI,,,,,,
2023-08-04,563800.SH,广发中证A500ETF,20241118,中证A500指数,中证A500指数收益率,广发基金管理有限公司,中国银行股份有限公司,股票型ETF,规模指数ETF,000510.CSI,,,,,,
2023-08-07,563800.SH,广发中证A500ETF,20241118,中证A500指数,中证A500指数收益率,广发基金管理有限公司,中国银行股份有限公司,股票型ETF,规模指数ETF,000510.CSI,,,,,,
2023-08-08,563800.SH,广发中证A500ETF,20241118,中证A500指数,中证A500指数收益率,广发基金管理有限公司,中国银行股份有限公司,股票型ETF,规模指数ETF,000510.CSI,,,,,,
2023-08-09,563800.SH,广发中证A500ETF,20241118,中证A500指数,中证A500指数收益率,广发基金管理有限公司,中国银行股份有限公司,股票型ETF,规模指数ETF,000510.CSI,,,,,,
2023-08-10,563800.SH,广发中证A500ETF,20241118,中证A500指数,中证A500指数收益率,广发基金管理有限公司,中国银行股份有限公司,股票型ETF,规模指数ETF,000510.CSI,,,,,,
2023-08-11,563800.SH,广发中证A500ETF,20241118,中证A500指数,中证A500指数收益率,广发基金管理有限公司,中国银行股份有限公司,股票型ETF,规模指数ETF,000510.CSI,,,,,,
2023-08-14,563800.SH,广发中证A500ETF,20241118,中证A500指数,中证A500指数收益率,广发基金管理有限公司,中国银行股份有限公司,股票型ETF,规模指数ETF,000510.CSI,,,,,,
2023-08-15,563800.SH,广发中证A500ETF,20241118,中证A500指数,中证A500指数收益率,广发基金管理有限公司,中国银行股份有限公司,股票型ETF,规模指数ETF,000510.CSI,,,,,,
2023-08-16,563800.SH,广发中证A500ETF,20241118,中证A500指数,中证A500指数收益率,广发基金管理有限公司,中国银行股份有限公司,股票型ETF,规模指数ETF,000510.CSI,,,,,,
2023-08-17,563800.SH,广发中证A500ETF,20241118,中证A500指数,中证A500指数收益率,广发基金管理有限公司,中国银行股份有限公司,股票型ETF,规模指数ETF,000510.CSI,,,,,,
2023-08-18,563800.SH,广发中证A500ETF,20241118,中证A500指数,中证A500指数收益率,广发基金管理有限公司,中国银行股份有限公司,股票型ETF,规模指数ETF,000510.CSI,,,,,,
2023-08-21,563800.SH,广发中证A500ETF,20241118,中证A500指数,中证A500指数收益率,广发基金管理有限公司,中国银行股份有限公司,股票型ETF,规模指数ETF,000510.CSI,,,,,,
2023-08-22,563800.SH,广发中证A500ETF,20241118,中证A500指数,中证A500指数收益率,广发基金管理有限公司,中国银行股份有限公司,股票型ETF,规模指数ETF,000510.CSI,,,,,,
2023-08-23,563800.SH,广发中证A500ETF,20241118,中证A500指数,中证A500指数收益率,广发基金管理有限公司,中国银行股份有限公司,股票型ETF,规模指数ETF,000510.CSI,,,,,,
2023-08-24,563800.SH,广发中证A500ETF,20241118,中证A500指数,中证A500指数收益率,广发基金管理有限公司,中国银行股份有限公司,股票型ETF,规模指数ETF,000510.CSI,,,,,,
2023-08-25,563800.SH,广发中证A500ETF,20241118,中证A500指数,中证A500指数收益率,广发基金管理有限公司,中国银行股份有限公司,股票型ETF,规模指数ETF,000510.CSI,,,,,,
2023-08-28,563800.SH,广发中证A500ETF,20241118,中证A500指数,中证A500指数收益率,广发基金管理有限公司,中国银行股份有限公司,股票型ETF,规模指数ETF,000510.CSI,,,,,,
2023-08-29,563800.SH,广发中证A500ETF,20241118,中证A500指数,中证A500指数收益率,广发基金管理有限公司,中国银行股份有限公司,股票型ETF,规模指数ETF,000510.CSI,,,,,,
2023-08-30,563800.SH,广发中证A500ETF,20241118,中证A500指数,中证A500指数收益率,广发基金管理有限公司,中国银行股份有限公司,股票型ETF,规模指数ETF,000510.CSI,,,,,,
2023-08-31,563800.SH,广发中证A500ETF,20241118,中证A500指数,中证A500指数收益率,广发基金管理有限公司,中国银行股份有限公司,股票型ETF,规模指数ETF,000510.CSI,,,,,,
2023-09-01,563800.SH,广发中证A500ETF,20241118,中证A500指数,中证A500指数收益率,广发基金管理有限公司,中国银行股份有限公司,股票型ETF,规模指数ETF,000510.CSI,,,,,,
2023-09-04,563800.SH,广发中证A500ETF,20241118,中证A500指数,中证A500指数收益率,广发基金管理有限公司,中国银行股份有限公司,股票型ETF,规模指数ETF,000510.CSI,,,,,,
2023-09-05,563800.SH,广发中证A500ETF,20241118,中证A500指数,中证A500指数收益率,广发基金管理有限公司,中国银行股份有限公司,股票型ETF,规模指数ETF,000510.CSI,,,,,,
2023-09-06,563800.SH,广发中证A500ETF,20241118,中证A500指数,中证A500指数收益率,广发基金管理有限公司,中国银行股份有限公司,股票型ETF,规模指数ETF,000510.CSI,,,,,,
2023-09-07,563800.SH,广发中证A500ETF,20241118,中证A500指数,中证A500指数收益率,广发基金管理有限公司,中国银行股份有限公司,股票型ETF,规模指数ETF,000510.CSI,,,,,,
2023-09-08,563800.SH,广发中证A500ETF,20241118,中证A500指数,中证A500指数收益率,广发基金管理有限公司,中国银行股份有限公司,股票型ETF,规模指数ETF,000510.CSI,,,,,,
2023-09-11,563800.SH,广发中证A500ETF,20241118,中证A500指数,中证A500指数收益率,广发基金管理有限公司,中国银行股份有限公司,股票型ETF,规模指数ETF,000510.CSI,,,,,,
2023-09-12,563800.SH,广发中证A500ETF,20241118,中证A500指数,中证A500指数收益率,广发基金管理有限公司,中国银行股份有限公司,股票型ETF,规模指数ETF,000510.CSI,,,,,,
2023-09-13,563800.SH,广发中证A500ETF,20241118,中证A500指数,中证A500指数收益率,广发基金管理有限公司,中国银行股份有限公司,股票型ETF,规模指数ETF,000510.CSI,,,,,,
2023-09-14,563800.SH,广发中证A500ETF,20241118,中证A500指数,中证A500指数收益率,广发基金管理有限公司,中国银行股份有限公司,股票型ETF,规模指数ETF,000510.CSI,,,,,,
2023-09-15,563800.SH,广发中证A500ETF,20241118,中证A500指数,中证A500指数收益率,广发基金管理有限公司,中国银行股份有限公司,股票型ETF,规模指数ETF,000510.CSI,,,,,,
2023-09-18,563800.SH,广发中证A500ETF,20241118,中证A500指数,中证A500指数收益率,广发基金管理有限公司,中国银行股份有限公司,股票型ETF,规模指数ETF,000510.CSI,,,,,,
2023-09-19,563800.SH,广发中证A500ETF,20241118,中证A500指数,中证A500指数收益率,广发基金管理有限公司,中国银行股份有限公司,股票型ETF,规模指数ETF,000510.CSI,,,,,,
2023-09-20,563800.SH,广发中证A500ETF,20241118,中证A500指数,中证A500指数收益率,广发基金管理有限公司,中国银行股份有限公司,股票型ETF,规模指数ETF,000510.CSI,,,,,,
2023-09-21,563800.SH,广发中证A500ETF,20241118,中证A500指数,中证A500指数收益率,广发基金管理有限公司,中国银行股份有限公司,股票型ETF,规模指数ETF,000510.CSI,,,,,,
2023-09-22,563800.SH,广发中证A500ETF,20241118,中证A500指数,中证A500指数收益率,广发基金管理有限公司,中国银行股份有限公司,股票型ETF,规模指数ETF,000510.CSI,,,,,,
2023-09-25,563800.SH,广发中证A500ETF,20241118,中证A500指数,中证A500指数收益率,广发基金管理有限公司,中国银行股份有限公司,股票型ETF,规模指数ETF,000510.CSI,,,,,,
2023-09-26,563800.SH,广发中证A500ETF,20241118,中证A500指数,中证A500指数收益率,广发基金管理有限公司,中国银行股份有限公司,股票型ETF,规模指数ETF,000510.CSI,,,,,,
2023-09-27,563800.SH,广发中证A500ETF,20241118,中证A500指数,中证A500指数收益率,广发基金管理有限公司,中国银行股份有限公司,股票型ETF,规模指数ETF,000510.CSI,,,,,,
2023-09-28,563800.SH,广发中证A500ETF,20241118,中证A500指数,中证A500指数收益率,广发基金管理有限公司,中国银行股份有限公司,股票型ETF,规模指数ETF,000510.CSI,,,,,,
2023-10-09,563800.SH,广发中证A500ETF,20241118,中证A500指数,中证A500指数收益率,广发基金管理有限公司,中国银行股份有限公司,股票型ETF,规模指数ETF,000510.CSI,,,,,,
2023-10-10,563800.SH,广发中证A500ETF,20241118,中证A500指数,中证A500指数收益率,广发基金管理有限公司,中国银行股份有限公司,股票型ETF,规模指数ETF,000510.CSI,,,,,,
2023-10-11,563800.SH,广发中证A500ETF,20241118,中证A500指数,中证A500指数收益率,广发基金管理有限公司,中国银行股份有限公司,股票型ETF,规模指数ETF,000510.CSI,,,,,,
2023-10-12,563800.SH,广发中证A500ETF,20241118,中证A500指数,中证A500指数收益率,广发基金管理有限公司,中国银行股份有限公司,股票型ETF,规模指数ETF,000510.CSI,,,,,,
2023-10-13,563800.SH,广发中证A500ETF,20241118,中证A500指数,中证A500指数收益率,广发基金管理有限公司,中国银行股份有限公司,股票型ETF,规模指数ETF,000510.CSI,,,,,,
2023-10-16,563800.SH,广发中证A500ETF,20241118,中证A500指数,中证A500指数收益率,广发基金管理有限公司,中国银行股份有限公司,股票型ETF,规模指数ETF,000510.CSI,,,,,,
2023-10-17,563800.SH,广发中证A500ETF,20241118,中证A500指数,中证A500指数收益率,广发基金管理有限公司,中国银行股份有限公司,股票型ETF,规模指数ETF,000510.CSI,,,,,,
2023-10-18,563800.SH,广发中证A500ETF,20241118,中证A500指数,中证A500指数收益率,广发基金管理有限公司,中国银行股份有限公司,股票型ETF,规模指数ETF,000510.CSI,,,,,,
2023-10-19,563800.SH,广发中证A500ETF,20241118,中证A500指数,中证A500指数收益率,广发基金管理有限公司,中国银行股份有限公司,股票型ETF,规模指数ETF,000510.CSI,,,,,,
2023-10-20,563800.SH,广发中证A500ETF,20241118,中证A500指数,中证A500指数收益率,广发基金管理有限公司,中国银行股份有限公司,股票型ETF,规模指数ETF,000510.CSI,,,,,,
2023-10-23,563800.SH,广发中证A500ETF,20241118,中证A500指数,中证A500指数收益率,广发基金管理有限公司,中国银行股份有限公司,股票型ETF,规模指数ETF,000510.CSI,,,,,,
2023-10-24,563800.SH,广发中证A500ETF,20241118,中证A500指数,中证A500指数收益率,广发基金管理有限公司,中国银行股份有限公司,股票型ETF,规模指数ETF,000510.CSI,,,,,,
2023-10-25,563800.SH,广发中证A500ETF,20241118,中证A500指数,中证A500指数收益率,广发基金管理有限公司,中国银行股份有限公司,股票型ETF,规模指数ETF,000510.CSI,,,,,,
2023-10-26,563800.SH,广发中证A500ETF,20241118,中证A500指数,中证A500指数收益率,广发基金管理有限公司,中国银行股份有限公司,股票型ETF,规模指数ETF,000510.CSI,,,,,,
2023-10-27,563800.SH,广发中证A500ETF,20241118,中证A500指数,中证A500指数收益率,广发基金管理有限公司,中国银行股份有限公司,股票型ETF,规模指数ETF,000510.CSI,,,,,,
2023-10-30,563800.SH,广发中证A500ETF,20241118,中证A500指数,中证A500指数收益率,广发基金管理有限公司,中国银行股份有限公司,股票型ETF,规模指数ETF,000510.CSI,,,,,,
2023-10-31,563800.SH,广发中证A500ETF,20241118,中证A500指数,中证A500指数收益率,广发基金管理有限公司,中国银行股份有限公司,股票型ETF,规模指数ETF,000510.CSI,,,,,,
2023-11-01,563800.SH,广发中证A500ETF,20241118,中证A500指数,中证A500指数收益率,广发基金管理有限公司,中国银行股份有限公司,股票型ETF,规模指数ETF,000510.CSI,,,,,,
2023-11-02,563800.SH,广发中证A500ETF,20241118,中证A500指数,中证A500指数收益率,广发基金管理有限公司,中国银行股份有限公司,股票型ETF,规模指数ETF,000510.CSI,,,,,,
2023-11-03,563800.SH,广发中证A500ETF,20241118,中证A500指数,中证A500指数收益率,广发基金管理有限公司,中国银行股份有限公司,股票型ETF,规模指数ETF,000510.CSI,,,,,,
2023-11-06,563800.SH,广发中证A500ETF,20241118,中证A500指数,中证A500指数收益率,广发基金管理有限公司,中国银行股份有限公司,股票型ETF,规模指数ETF,000510.CSI,,,,,,
2023-11-07,563800.SH,广发中证A500ETF,20241118,中证A500指数,中证A500指数收益率,广发基金管理有限公司,中国银行股份有限公司,股票型ETF,规模指数ETF,000510.CSI,,,,,,
2023-11-08,563800.SH,广发中证A500ETF,20241118,中证A500指数,中证A500指数收益率,广发基金管理有限公司,中国银行股份有限公司,股票型ETF,规模指数ETF,000510.CSI,,,,,,
2023-11-09,563800.SH,广发中证A500ETF,20241118,中证A500指数,中证A500指数收益率,广发基金管理有限公司,中国银行股份有限公司,股票型ETF,规模指数ETF,000510.CSI,,,,,,
2023-11-10,563800.SH,广发中证A500ETF,20241118,中证A500指数,中证A500指数收益率,广发基金管理有限公司,中国银行股份有限公司,股票型ETF,规模指数ETF,000510.CSI,,,,,,
2023-11-13,563800.SH,广发中证A500ETF,20241118,中证A500指数,中证A500指数收益率,广发基金管理有限公司,中国银行股份有限公司,股票型ETF,规模指数ETF,000510.CSI,,,,,,
2023-11-14,563800.SH,广发中证A500ETF,20241118,中证A500指数,中证A500指数收益率,广发基金管理有限公司,中国银行股份有限公司,股票型ETF,规模指数ETF,000510.CSI,,,,,,
2023-11-15,563800.SH,广发中证A500ETF,20241118,中证A500指数,中证A500指数收益率,广发基金管理有限公司,中国银行股份有限公司,股票型ETF,规模指数ETF,000510.CSI,,,,,,
2023-11-16,563800.SH,广发中证A500ETF,20241118,中证A500指数,中证A500指数收益率,广发基金管理有限公司,中国银行股份有限公司,股票型ETF,规模指数ETF,000510.CSI,,,,,,
2023-11-17,563800.SH,广发中证A500ETF,20241118,中证A500指数,中证A500指数收益率,广发基金管理有限公司,中国银行股份有限公司,股票型ETF,规模指数ETF,000510.CSI,,,,,,
2023-11-20,563800.SH,广发中证A500ETF,20241118,中证A500指数,中证A500指数收益率,广发基金管理有限公司,中国银行股份有限公司,股票型ETF,规模指数ETF,000510.CSI,,,,,,
2023-11-21,563800.SH,广发中证A500ETF,20241118,中证A500指数,中证A500指数收益率,广发基金管理有限公司,中国银行股份有限公司,股票型ETF,规模指数ETF,000510.CSI,,,,,,
2023-11-22,563800.SH,广发中证A500ETF,20241118,中证A500指数,中证A500指数收益率,广发基金管理有限公司,中国银行股份有限公司,股票型ETF,规模指数ETF,000510.CSI,,,,,,
2023-11-23,563800.SH,广发中证A500ETF,20241118,中证A500指数,中证A500指数收益率,广发基金管理有限公司,中国银行股份有限公司,股票型ETF,规模指数ETF,000510.CSI,,,,,,
2023-11-24,563800.SH,广发中证A500ETF,20241118,中证A500指数,中证A500指数收益率,广发基金管理有限公司,中国银行股份有限公司,股票型ETF,规模指数ETF,000510.CSI,,,,,,
2023-11-27,563800.SH,广发中证A500ETF,20241118,中证A500指数,中证A500指数收益率,广发基金管理有限公司,中国银行股份有限公司,股票型ETF,规模指数ETF,000510.CSI,,,,,,
2023-11-28,563800.SH,广发中证A500ETF,20241118,中证A500指数,中证A500指数收益率,广发基金管理有限公司,中国银行股份有限公司,股票型ETF,规模指数ETF,000510.CSI,,,,,,
2023-11-29,563800.SH,广发中证A500ETF,20241118,中证A500指数,中证A500指数收益率,广发基金管理有限公司,中国银行股份有限公司,股票型ETF,规模指数ETF,000510.CSI,,,,,,
2023-11-30,563800.SH,广发中证A500ETF,20241118,中证A500指数,中证A500指数收益率,广发基金管理有限公司,中国银行股份有限公司,股票型ETF,规模指数ETF,000510.CSI,,,,,,
2023-12-01,563800.SH,广发中证A500ETF,20241118,中证A500指数,中证A500指数收益率,广发基金管理有限公司,中国银行股份有限公司,股票型ETF,规模指数ETF,000510.CSI,,,,,,
2023-12-04,563800.SH,广发中证A500ETF,20241118,中证A500指数,中证A500指数收益率,广发基金管理有限公司,中国银行股份有限公司,股票型ETF,规模指数ETF,000510.CSI,,,,,,
2023-12-05,563800.SH,广发中证A500ETF,20241118,中证A500指数,中证A500指数收益率,广发基金管理有限公司,中国银行股份有限公司,股票型ETF,规模指数ETF,000510.CSI,,,,,,
2023-12-06,563800.SH,广发中证A500ETF,20241118,中证A500指数,中证A500指数收益率,广发基金管理有限公司,中国银行股份有限公司,股票型ETF,规模指数ETF,000510.CSI,,,,,,
2023-12-07,563800.SH,广发中证A500ETF,20241118,中证A500指数,中证A500指数收益率,广发基金管理有限公司,中国银行股份有限公司,股票型ETF,规模指数ETF,000510.CSI,,,,,,
2023-12-08,563800.SH,广发中证A500ETF,20241118,中证A500指数,中证A500指数收益率,广发基金管理有限公司,中国银行股份有限公司,股票型ETF,规模指数ETF,000510.CSI,,,,,,
2023-12-11,563800.SH,广发中证A500ETF,20241118,中证A500指数,中证A500指数收益率,广发基金管理有限公司,中国银行股份有限公司,股票型ETF,规模指数ETF,000510.CSI,,,,,,
2023-12-12,563800.SH,广发中证A500ETF,20241118,中证A500指数,中证A500指数收益率,广发基金管理有限公司,中国银行股份有限公司,股票型ETF,规模指数ETF,000510.CSI,,,,,,
2023-12-13,563800.SH,广发中证A500ETF,20241118,中证A500指数,中证A500指数收益率,广发基金管理有限公司,中国银行股份有限公司,股票型ETF,规模指数ETF,000510.CSI,,,,,,
2023-12-14,563800.SH,广发中证A500ETF,20241118,中证A500指数,中证A500指数收益率,广发基金管理有限公司,中国银行股份有限公司,股票型ETF,规模指数ETF,000510.CSI,,,,,,
2023-12-15,563800.SH,广发中证A500ETF,20241118,中证A500指数,中证A500指数收益率,广发基金管理有限公司,中国银行股份有限公司,股票型ETF,规模指数ETF,000510.CSI,,,,,,
2023-12-18,563800.SH,广发中证A500ETF,20241118,中证A500指数,中证A500指数收益率,广发基金管理有限公司,中国银行股份有限公司,股票型ETF,规模指数ETF,000510.CSI,,,,,,
2023-12-19,563800.SH,广发中证A500ETF,20241118,中证A500指数,中证A500指数收益率,广发基金管理有限公司,中国银行股份有限公司,股票型ETF,规模指数ETF,000510.CSI,,,,,,
2023-12-20,563800.SH,广发中证A500ETF,20241118,中证A500指数,中证A500指数收益率,广发基金管理有限公司,中国银行股份有限公司,股票型ETF,规模指数ETF,000510.CSI,,,,,,
2023-12-21,563800.SH,广发中证A500ETF,20241118,中证A500指数,中证A500指数收益率,广发基金管理有限公司,中国银行股份有限公司,股票型ETF,规模指数ETF,000510.CSI,,,,,,
2023-12-22,563800.SH,广发中证A500ETF,20241118,中证A500指数,中证A500指数收益率,广发基金管理有限公司,中国银行股份有限公司,股票型ETF,规模指数ETF,000510.CSI,,,,,,
2023-12-25,563800.SH,广发中证A500ETF,20241118,中证A500指数,中证A500指数收益率,广发基金管理有限公司,中国银行股份有限公司,股票型ETF,规模指数ETF,000510.CSI,,,,,,
2023-12-26,563800.SH,广发中证A500ETF,20241118,中证A500指数,中证A500指数收益率,广发基金管理有限公司,中国银行股份有限公司,股票型ETF,规模指数ETF,000510.CSI,,,,,,
2023-12-27,563800.SH,广发中证A500ETF,20241118,中证A500指数,中证A500指数收益率,广发基金管理有限公司,中国银行股份有限公司,股票型ETF,规模指数ETF,000510.CSI,,,,,,
2023-12-28,563800.SH,广发中证A500ETF,20241118,中证A500指数,中证A500指数收益率,广发基金管理有限公司,中国银行股份有限公司,股票型ETF,规模指数ETF,000510.CSI,,,,,,
2023-12-29,563800.SH,广发中证A500ETF,20241118,中证A500指数,中证A500指数收益率,广发基金管理有限公司,中国银行股份有限公司,股票型ETF,规模指数ETF,000510.CSI,,,,,,
2024-01-02,563800.SH,广发中证A500ETF,20241118,中证A500指数,中证A500指数收益率,广发基金管理有限公司,中国银行股份有限公司,股票型ETF,规模指数ETF,000510.CSI,,,,,,
2024-01-03,563800.SH,广发中证A500ETF,20241118,中证A500指数,中证A500指数收益率,广发基金管理有限公司,中国银行股份有限公司,股票型ETF,规模指数ETF,000510.CSI,,,,,,
2024-01-04,563800.SH,广发中证A500ETF,20241118,中证A500指数,中证A500指数收益率,广发基金管理有限公司,中国银行股份有限公司,股票型ETF,规模指数ETF,000510.CSI,,,,,,
2024-01-05,563800.SH,广发中证A500ETF,20241118,中证A500指数,中证A500指数收益率,广发基金管理有限公司,中国银行股份有限公司,股票型ETF,规模指数ETF,000510.CSI,,,,,,
2024-01-08,563800.SH,广发中证A500ETF,20241118,中证A500指数,中证A500指数收益率,广发基金管理有限公司,中国银行股份有限公司,股票型ETF,规模指数ETF,000510.CSI,,,,,,
2024-01-09,563800.SH,广发中证A500ETF,20241118,中证A500指数,中证A500指数收益率,广发基金管理有限公司,中国银行股份有限公司,股票型ETF,规模指数ETF,000510.CSI,,,,,,
2024-01-10,563800.SH,广发中证A500ETF,20241118,中证A500指数,中证A500指数收益率,广发基金管理有限公司,中国银行股份有限公司,股票型ETF,规模指数ETF,000510.CSI,,,,,,
2024-01-11,563800.SH,广发中证A500ETF,20241118,中证A500指数,中证A500指数收益率,广发基金管理有限公司,中国银行股份有限公司,股票型ETF,规模指数ETF,000510.CSI,,,,,,
2024-01-12,563800.SH,广发中证A500ETF,20241118,中证A500指数,中证A500指数收益率,广发基金管理有限公司,中国银行股份有限公司,股票型ETF,规模指数ETF,000510.CSI,,,,,,
2024-01-15,563800.SH,广发中证A500ETF,20241118,中证A500指数,中证A500指数收益率,广发基金管理有限公司,中国银行股份有限公司,股票型ETF,规模指数ETF,000510.CSI,,,,,,
2024-01-16,563800.SH,广发中证A500ETF,20241118,中证A500指数,中证A500指数收益率,广发基金管理有限公司,中国银行股份有限公司,股票型ETF,规模指数ETF,000510.CSI,,,,,,
2024-01-17,563800.SH,广发中证A500ETF,20241118,中证A500指数,中证A500指数收益率,广发基金管理有限公司,中国银行股份有限公司,股票型ETF,规模指数ETF,000510.CSI,,,,,,
2024-01-18,563800.SH,广发中证A500ETF,20241118,中证A500指数,中证A500指数收益率,广发基金管理有限公司,中国银行股份有限公司,股票型ETF,规模指数ETF,000510.CSI,,,,,,
2024-01-19,563800.SH,广发中证A500ETF,20241118,中证A500指数,中证A500指数收益率,广发基金管理有限公司,中国银行股份有限公司,股票型ETF,规模指数ETF,000510.CSI,,,,,,
2024-01-22,563800.SH,广发中证A500ETF,20241118,中证A500指数,中证A500指数收益率,广发基金管理有限公司,中国银行股份有限公司,股票型ETF,规模指数ETF,000510.CSI,,,,,,
2024-01-23,563800.SH,广发中证A500ETF,20241118,中证A500指数,中证A500指数收益率,广发基金管理有限公司,中国银行股份有限公司,股票型ETF,规模指数ETF,000510.CSI,,,,,,
2024-01-24,563800.SH,广发中证A500ETF,20241118,中证A500指数,中证A500指数收益率,广发基金管理有限公司,中国银行股份有限公司,股票型ETF,规模指数ETF,000510.CSI,,,,,,
2024-01-25,563800.SH,广发中证A500ETF,20241118,中证A500指数,中证A500指数收益率,广发基金管理有限公司,中国银行股份有限公司,股票型ETF,规模指数ETF,000510.CSI,,,,,,
2024-01-26,563800.SH,广发中证A500ETF,20241118,中证A500指数,中证A500指数收益率,广发基金管理有限公司,中国银行股份有限公司,股票型ETF,规模指数ETF,000510.CSI,,,,,,
2024-01-29,563800.SH,广发中证A500ETF,20241118,中证A500指数,中证A500指数收益率,广发基金管理有限公司,中国银行股份有限公司,股票型ETF,规模指数ETF,000510.CSI,,,,,,
2024-01-30,563800.SH,广发中证A500ETF,20241118,中证A500指数,中证A500指数收益率,广发基金管理有限公司,中国银行股份有限公司,股票型ETF,规模指数ETF,000510.CSI,,,,,,
2024-01-31,563800.SH,广发中证A500ETF,20241118,中证A500指数,中证A500指数收益率,广发基金管理有限公司,中国银行股份有限公司,股票型ETF,规模指数ETF,000510.CSI,,,,,,
2024-02-01,563800.SH,广发中证A500ETF,20241118,中证A500指数,中证A500指数收益率,广发基金管理有限公司,中国银行股份有限公司,股票型ETF,规模指数ETF,000510.CSI,,,,,,
2024-02-02,563800.SH,广发中证A500ETF,20241118,中证A500指数,中证A500指数收益率,广发基金管理有限公司,中国银行股份有限公司,股票型ETF,规模指数ETF,000510.CSI,,,,,,
2024-02-05,563800.SH,广发中证A500ETF,20241118,中证A500指数,中证A500指数收益率,广发基金管理有限公司,中国银行股份有限公司,股票型ETF,规模指数ETF,000510.CSI,,,,,,
2024-02-06,563800.SH,广发中证A500ETF,20241118,中证A500指数,中证A500指数收益率,广发基金管理有限公司,中国银行股份有限公司,股票型ETF,规模指数ETF,000510.CSI,,,,,,
2024-02-07,563800.SH,广发中证A500ETF,20241118,中证A500指数,中证A500指数收益率,广发基金管理有限公司,中国银行股份有限公司,股票型ETF,规模指数ETF,000510.CSI,,,,,,
2024-02-08,563800.SH,广发中证A500ETF,20241118,中证A500指数,中证A500指数收益率,广发基金管理有限公司,中国银行股份有限公司,股票型ETF,规模指数ETF,000510.CSI,,,,,,
2024-02-19,563800.SH,广发中证A500ETF,20241118,中证A500指数,中证A500指数收益率,广发基金管理有限公司,中国银行股份有限公司,股票型ETF,规模指数ETF,000510.CSI,,,,,,
2024-02-20,563800.SH,广发中证A500ETF,20241118,中证A500指数,中证A500指数收益率,广发基金管理有限公司,中国银行股份有限公司,股票型ETF,规模指数ETF,000510.CSI,,,,,,
2024-02-21,563800.SH,广发中证A500ETF,20241118,中证A500指数,中证A500指数收益率,广发基金管理有限公司,中国银行股份有限公司,股票型ETF,规模指数ETF,000510.CSI,,,,,,
2024-02-22,563800.SH,广发中证A500ETF,20241118,中证A500指数,中证A500指数收益率,广发基金管理有限公司,中国银行股份有限公司,股票型ETF,规模指数ETF,000510.CSI,,,,,,
2024-02-23,563800.SH,广发中证A500ETF,20241118,中证A500指数,中证A500指数收益率,广发基金管理有限公司,中国银行股份有限公司,股票型ETF,规模指数ETF,000510.CSI,,,,,,
2024-02-26,563800.SH,广发中证A500ETF,20241118,中证A500指数,中证A500指数收益率,广发基金管理有限公司,中国银行股份有限公司,股票型ETF,规模指数ETF,000510.CSI,,,,,,
2024-02-27,563800.SH,广发中证A500ETF,20241118,中证A500指数,中证A500指数收益率,广发基金管理有限公司,中国银行股份有限公司,股票型ETF,规模指数ETF,000510.CSI,,,,,,
2024-02-28,563800.SH,广发中证A500ETF,20241118,中证A500指数,中证A500指数收益率,广发基金管理有限公司,中国银行股份有限公司,股票型ETF,规模指数ETF,000510.CSI,,,,,,
2024-02-29,563800.SH,广发中证A500ETF,20241118,中证A500指数,中证A500指数收益率,广发基金管理有限公司,中国银行股份有限公司,股票型ETF,规模指数ETF,000510.CSI,,,,,,
2024-03-01,563800.SH,广发中证A500ETF,20241118,中证A500指数,中证A500指数收益率,广发基金管理有限公司,中国银行股份有限公司,股票型ETF,规模指数ETF,000510.CSI,,,,,,
2024-03-04,563800.SH,广发中证A500ETF,20241118,中证A500指数,中证A500指数收益率,广发基金管理有限公司,中国银行股份有限公司,股票型ETF,规模指数ETF,000510.CSI,,,,,,
2024-03-05,563800.SH,广发中证A500ETF,20241118,中证A500指数,中证A500指数收益率,广发基金管理有限公司,中国银行股份有限公司,股票型ETF,规模指数ETF,000510.CSI,,,,,,
2024-03-06,563800.SH,广发中证A500ETF,20241118,中证A500指数,中证A500指数收益率,广发基金管理有限公司,中国银行股份有限公司,股票型ETF,规模指数ETF,000510.CSI,,,,,,
2024-03-07,563800.SH,广发中证A500ETF,20241118,中证A500指数,中证A500指数收益率,广发基金管理有限公司,中国银行股份有限公司,股票型ETF,规模指数ETF,000510.CSI,,,,,,
2024-03-08,563800.SH,广发中证A500ETF,20241118,中证A500指数,中证A500指数收益率,广发基金管理有限公司,中国银行股份有限公司,股票型ETF,规模指数ETF,000510.CSI,,,,,,
2024-03-11,563800.SH,广发中证A500ETF,20241118,中证A500指数,中证A500指数收益率,广发基金管理有限公司,中国银行股份有限公司,股票型ETF,规模指数ETF,000510.CSI,,,,,,
2024-03-12,563800.SH,广发中证A500ETF,20241118,中证A500指数,中证A500指数收益率,广发基金管理有限公司,中国银行股份有限公司,股票型ETF,规模指数ETF,000510.CSI,,,,,,
2024-03-13,563800.SH,广发中证A500ETF,20241118,中证A500指数,中证A500指数收益率,广发基金管理有限公司,中国银行股份有限公司,股票型ETF,规模指数ETF,000510.CSI,,,,,,
2024-03-14,563800.SH,广发中证A500ETF,20241118,中证A500指数,中证A500指数收益率,广发基金管理有限公司,中国银行股份有限公司,股票型ETF,规模指数ETF,000510.CSI,,,,,,
2024-03-15,563800.SH,广发中证A500ETF,20241118,中证A500指数,中证A500指数收益率,广发基金管理有限公司,中国银行股份有限公司,股票型ETF,规模指数ETF,000510.CSI,,,,,,
2024-03-18,563800.SH,广发中证A500ETF,20241118,中证A500指数,中证A500指数收益率,广发基金管理有限公司,中国银行股份有限公司,股票型ETF,规模指数ETF,000510.CSI,,,,,,
2024-03-19,563800.SH,广发中证A500ETF,20241118,中证A500指数,中证A500指数收益率,广发基金管理有限公司,中国银行股份有限公司,股票型ETF,规模指数ETF,000510.CSI,,,,,,
2024-03-20,563800.SH,广发中证A500ETF,20241118,中证A500指数,中证A500指数收益率,广发基金管理有限公司,中国银行股份有限公司,股票型ETF,规模指数ETF,000510.CSI,,,,,,
2024-03-21,563800.SH,广发中证A500ETF,20241118,中证A500指数,中证A500指数收益率,广发基金管理有限公司,中国银行股份有限公司,股票型ETF,规模指数ETF,000510.CSI,,,,,,
2024-03-22,563800.SH,广发中证A500ETF,20241118,中证A500指数,中证A500指数收益率,广发基金管理有限公司,中国银行股份有限公司,股票型ETF,规模指数ETF,000510.CSI,,,,,,
2024-03-25,563800.SH,广发中证A500ETF,20241118,中证A500指数,中证A500指数收益率,广发基金管理有限公司,中国银行股份有限公司,股票型ETF,规模指数ETF,000510.CSI,,,,,,
2024-03-26,563800.SH,广发中证A500ETF,20241118,中证A500指数,中证A500指数收益率,广发基金管理有限公司,中国银行股份有限公司,股票型ETF,规模指数ETF,000510.CSI,,,,,,
2024-03-27,563800.SH,广发中证A500ETF,20241118,中证A500指数,中证A500指数收益率,广发基金管理有限公司,中国银行股份有限公司,股票型ETF,规模指数ETF,000510.CSI,,,,,,
2024-03-28,563800.SH,广发中证A500ETF,20241118,中证A500指数,中证A500指数收益率,广发基金管理有限公司,中国银行股份有限公司,股票型ETF,规模指数ETF,000510.CSI,,,,,,
2024-03-29,563800.SH,广发中证A500ETF,20241118,中证A500指数,中证A500指数收益率,广发基金管理有限公司,中国银行股份有限公司,股票型ETF,规模指数ETF,000510.CSI,,,,,,
2024-04-01,563800.SH,广发中证A500ETF,20241118,中证A500指数,中证A500指数收益率,广发基金管理有限公司,中国银行股份有限公司,股票型ETF,规模指数ETF,000510.CSI,,,,,,
2024-04-02,563800.SH,广发中证A500ETF,20241118,中证A500指数,中证A500指数收益率,广发基金管理有限公司,中国银行股份有限公司,股票型ETF,规模指数ETF,000510.CSI,,,,,,
2024-04-03,563800.SH,广发中证A500ETF,20241118,中证A500指数,中证A500指数收益率,广发基金管理有限公司,中国银行股份有限公司,股票型ETF,规模指数ETF,000510.CSI,,,,,,
2024-04-08,563800.SH,广发中证A500ETF,20241118,中证A500指数,中证A500指数收益率,广发基金管理有限公司,中国银行股份有限公司,股票型ETF,规模指数ETF,000510.CSI,,,,,,
2024-04-09,563800.SH,广发中证A500ETF,20241118,中证A500指数,中证A500指数收益率,广发基金管理有限公司,中国银行股份有限公司,股票型ETF,规模指数ETF,000510.CSI,,,,,,
2024-04-10,563800.SH,广发中证A500ETF,20241118,中证A500指数,中证A500指数收益率,广发基金管理有限公司,中国银行股份有限公司,股票型ETF,规模指数ETF,000510.CSI,,,,,,
2024-04-11,563800.SH,广发中证A500ETF,20241118,中证A500指数,中证A500指数收益率,广发基金管理有限公司,中国银行股份有限公司,股票型ETF,规模指数ETF,000510.CSI,,,,,,
2024-04-12,563800.SH,广发中证A500ETF,20241118,中证A500指数,中证A500指数收益率,广发基金管理有限公司,中国银行股份有限公司,股票型ETF,规模指数ETF,000510.CSI,,,,,,
2024-04-15,563800.SH,广发中证A500ETF,20241118,中证A500指数,中证A500指数收益率,广发基金管理有限公司,中国银行股份有限公司,股票型ETF,规模指数ETF,000510.CSI,,,,,,
2024-04-16,563800.SH,广发中证A500ETF,20241118,中证A500指数,中证A500指数收益率,广发基金管理有限公司,中国银行股份有限公司,股票型ETF,规模指数ETF,000510.CSI,,,,,,
2024-04-17,563800.SH,广发中证A500ETF,20241118,中证A500指数,中证A500指数收益率,广发基金管理有限公司,中国银行股份有限公司,股票型ETF,规模指数ETF,000510.CSI,,,,,,
2024-04-18,563800.SH,广发中证A500ETF,20241118,中证A500指数,中证A500指数收益率,广发基金管理有限公司,中国银行股份有限公司,股票型ETF,规模指数ETF,000510.CSI,,,,,,
2024-04-19,563800.SH,广发中证A500ETF,20241118,中证A500指数,中证A500指数收益率,广发基金管理有限公司,中国银行股份有限公司,股票型ETF,规模指数ETF,000510.CSI,,,,,,
2024-04-22,563800.SH,广发中证A500ETF,20241118,中证A500指数,中证A500指数收益率,广发基金管理有限公司,中国银行股份有限公司,股票型ETF,规模指数ETF,000510.CSI,,,,,,
2024-04-23,563800.SH,广发中证A500ETF,20241118,中证A500指数,中证A500指数收益率,广发基金管理有限公司,中国银行股份有限公司,股票型ETF,规模指数ETF,000510.CSI,,,,,,
2024-04-24,563800.SH,广发中证A500ETF,20241118,中证A500指数,中证A500指数收益率,广发基金管理有限公司,中国银行股份有限公司,股票型ETF,规模指数ETF,000510.CSI,,,,,,
2024-04-25,563800.SH,广发中证A500ETF,20241118,中证A500指数,中证A500指数收益率,广发基金管理有限公司,中国银行股份有限公司,股票型ETF,规模指数ETF,000510.CSI,,,,,,
2024-04-26,563800.SH,广发中证A500ETF,20241118,中证A500指数,中证A500指数收益率,广发基金管理有限公司,中国银行股份有限公司,股票型ETF,规模指数ETF,000510.CSI,,,,,,
2024-04-29,563800.SH,广发中证A500ETF,20241118,中证A500指数,中证A500指数收益率,广发基金管理有限公司,中国银行股份有限公司,股票型ETF,规模指数ETF,000510.CSI,,,,,,
2024-04-30,563800.SH,广发中证A500ETF,20241118,中证A500指数,中证A500指数收益率,广发基金管理有限公司,中国银行股份有限公司,股票型ETF,规模指数ETF,000510.CSI,,,,,,
2024-05-06,563800.SH,广发中证A500ETF,20241118,中证A500指数,中证A500指数收益率,广发基金管理有限公司,中国银行股份有限公司,股票型ETF,规模指数ETF,000510.CSI,,,,,,
2024-05-07,563800.SH,广发中证A500ETF,20241118,中证A500指数,中证A500指数收益率,广发基金管理有限公司,中国银行股份有限公司,股票型ETF,规模指数ETF,000510.CSI,,,,,,
2024-05-08,563800.SH,广发中证A500ETF,20241118,中证A500指数,中证A500指数收益率,广发基金管理有限公司,中国银行股份有限公司,股票型ETF,规模指数ETF,000510.CSI,,,,,,
2024-05-09,563800.SH,广发中证A500ETF,20241118,中证A500指数,中证A500指数收益率,广发基金管理有限公司,中国银行股份有限公司,股票型ETF,规模指数ETF,000510.CSI,,,,,,
2024-05-10,563800.SH,广发中证A500ETF,20241118,中证A500指数,中证A500指数收益率,广发基金管理有限公司,中国银行股份有限公司,股票型ETF,规模指数ETF,000510.CSI,,,,,,
2024-05-13,563800.SH,广发中证A500ETF,20241118,中证A500指数,中证A500指数收益率,广发基金管理有限公司,中国银行股份有限公司,股票型ETF,规模指数ETF,000510.CSI,,,,,,
2024-05-14,563800.SH,广发中证A500ETF,20241118,中证A500指数,中证A500指数收益率,广发基金管理有限公司,中国银行股份有限公司,股票型ETF,规模指数ETF,000510.CSI,,,,,,
2024-05-15,563800.SH,广发中证A500ETF,20241118,中证A500指数,中证A500指数收益率,广发基金管理有限公司,中国银行股份有限公司,股票型ETF,规模指数ETF,000510.CSI,,,,,,
2024-05-16,563800.SH,广发中证A500ETF,20241118,中证A500指数,中证A500指数收益率,广发基金管理有限公司,中国银行股份有限公司,股票型ETF,规模指数ETF,000510.CSI,,,,,,
2024-05-17,563800.SH,广发中证A500ETF,20241118,中证A500指数,中证A500指数收益率,广发基金管理有限公司,中国银行股份有限公司,股票型ETF,规模指数ETF,000510.CSI,,,,,,
2024-05-20,563800.SH,广发中证A500ETF,20241118,中证A500指数,中证A500指数收益率,广发基金管理有限公司,中国银行股份有限公司,股票型ETF,规模指数ETF,000510.CSI,,,,,,
2024-05-21,563800.SH,广发中证A500ETF,20241118,中证A500指数,中证A500指数收益率,广发基金管理有限公司,中国银行股份有限公司,股票型ETF,规模指数ETF,000510.CSI,,,,,,
2024-05-22,563800.SH,广发中证A500ETF,20241118,中证A500指数,中证A500指数收益率,广发基金管理有限公司,中国银行股份有限公司,股票型ETF,规模指数ETF,000510.CSI,,,,,,
2024-05-23,563800.SH,广发中证A500ETF,20241118,中证A500指数,中证A500指数收益率,广发基金管理有限公司,中国银行股份有限公司,股票型ETF,规模指数ETF,000510.CSI,,,,,,
2024-05-24,563800.SH,广发中证A500ETF,20241118,中证A500指数,中证A500指数收益率,广发基金管理有限公司,中国银行股份有限公司,股票型ETF,规模指数ETF,000510.CSI,,,,,,
2024-05-27,563800.SH,广发中证A500ETF,20241118,中证A500指数,中证A500指数收益率,广发基金管理有限公司,中国银行股份有限公司,股票型ETF,规模指数ETF,000510.CSI,,,,,,
2024-05-28,563800.SH,广发中证A500ETF,20241118,中证A500指数,中证A500指数收益率,广发基金管理有限公司,中国银行股份有限公司,股票型ETF,规模指数ETF,000510.CSI,,,,,,
2024-05-29,563800.SH,广发中证A500ETF,20241118,中证A500指数,中证A500指数收益率,广发基金管理有限公司,中国银行股份有限公司,股票型ETF,规模指数ETF,000510.CSI,,,,,,
2024-05-30,563800.SH,广发中证A500ETF,20241118,中证A500指数,中证A500指数收益率,广发基金管理有限公司,中国银行股份有限公司,股票型ETF,规模指数ETF,000510.CSI,,,,,,
2024-05-31,563800.SH,广发中证A500ETF,20241118,中证A500指数,中证A500指数收益率,广发基金管理有限公司,中国银行股份有限公司,股票型ETF,规模指数ETF,000510.CSI,,,,,,
2024-06-03,563800.SH,广发中证A500ETF,20241118,中证A500指数,中证A500指数收益率,广发基金管理有限公司,中国银行股份有限公司,股票型ETF,规模指数ETF,000510.CSI,,,,,,
2024-06-04,563800.SH,广发中证A500ETF,20241118,中证A500指数,中证A500指数收益率,广发基金管理有限公司,中国银行股份有限公司,股票型ETF,规模指数ETF,000510.CSI,,,,,,
2024-06-05,563800.SH,广发中证A500ETF,20241118,中证A500指数,中证A500指数收益率,广发基金管理有限公司,中国银行股份有限公司,股票型ETF,规模指数ETF,000510.CSI,,,,,,
2024-06-06,563800.SH,广发中证A500ETF,20241118,中证A500指数,中证A500指数收益率,广发基金管理有限公司,中国银行股份有限公司,股票型ETF,规模指数ETF,000510.CSI,,,,,,
2024-06-07,563800.SH,广发中证A500ETF,20241118,中证A500指数,中证A500指数收益率,广发基金管理有限公司,中国银行股份有限公司,股票型ETF,规模指数ETF,000510.CSI,,,,,,
2024-06-11,563800.SH,广发中证A500ETF,20241118,中证A500指数,中证A500指数收益率,广发基金管理有限公司,中国银行股份有限公司,股票型ETF,规模指数ETF,000510.CSI,,,,,,
2024-06-12,563800.SH,广发中证A500ETF,20241118,中证A500指数,中证A500指数收益率,广发基金管理有限公司,中国银行股份有限公司,股票型ETF,规模指数ETF,000510.CSI,,,,,,
2024-06-13,563800.SH,广发中证A500ETF,20241118,中证A500指数,中证A500指数收益率,广发基金管理有限公司,中国银行股份有限公司,股票型ETF,规模指数ETF,000510.CSI,,,,,,
2024-06-14,563800.SH,广发中证A500ETF,20241118,中证A500指数,中证A500指数收益率,广发基金管理有限公司,中国银行股份有限公司,股票型ETF,规模指数ETF,000510.CSI,,,,,,
2024-06-17,563800.SH,广发中证A500ETF,20241118,中证A500指数,中证A500指数收益率,广发基金管理有限公司,中国银行股份有限公司,股票型ETF,规模指数ETF,000510.CSI,,,,,,
2024-06-18,563800.SH,广发中证A500ETF,20241118,中证A500指数,中证A500指数收益率,广发基金管理有限公司,中国银行股份有限公司,股票型ETF,规模指数ETF,000510.CSI,,,,,,
2024-06-19,563800.SH,广发中证A500ETF,20241118,中证A500指数,中证A500指数收益率,广发基金管理有限公司,中国银行股份有限公司,股票型ETF,规模指数ETF,000510.CSI,,,,,,
2024-06-20,563800.SH,广发中证A500ETF,20241118,中证A500指数,中证A500指数收益率,广发基金管理有限公司,中国银行股份有限公司,股票型ETF,规模指数ETF,000510.CSI,,,,,,
2024-06-21,563800.SH,广发中证A500ETF,20241118,中证A500指数,中证A500指数收益率,广发基金管理有限公司,中国银行股份有限公司,股票型ETF,规模指数ETF,000510.CSI,,,,,,
2024-06-24,563800.SH,广发中证A500ETF,20241118,中证A500指数,中证A500指数收益率,广发基金管理有限公司,中国银行股份有限公司,股票型ETF,规模指数ETF,000510.CSI,,,,,,
2024-06-25,563800.SH,广发中证A500ETF,20241118,中证A500指数,中证A500指数收益率,广发基金管理有限公司,中国银行股份有限公司,股票型ETF,规模指数ETF,000510.CSI,,,,,,
2024-06-26,563800.SH,广发中证A500ETF,20241118,中证A500指数,中证A500指数收益率,广发基金管理有限公司,中国银行股份有限公司,股票型ETF,规模指数ETF,000510.CSI,,,,,,
2024-06-27,563800.SH,广发中证A500ETF,20241118,中证A500指数,中证A500指数收益率,广发基金管理有限公司,中国银行股份有限公司,股票型ETF,规模指数ETF,000510.CSI,,,,,,
2024-06-28,563800.SH,广发中证A500ETF,20241118,中证A500指数,中证A500指数收益率,广发基金管理有限公司,中国银行股份有限公司,股票型ETF,规模指数ETF,000510.CSI,,,,,,
2024-07-01,563800.SH,广发中证A500ETF,20241118,中证A500指数,中证A500指数收益率,广发基金管理有限公司,中国银行股份有限公司,股票型ETF,规模指数ETF,000510.CSI,,,,,,
2024-07-02,563800.SH,广发中证A500ETF,20241118,中证A500指数,中证A500指数收益率,广发基金管理有限公司,中国银行股份有限公司,股票型ETF,规模指数ETF,000510.CSI,,,,,,
2024-07-03,563800.SH,广发中证A500ETF,20241118,中证A500指数,中证A500指数收益率,广发基金管理有限公司,中国银行股份有限公司,股票型ETF,规模指数ETF,000510.CSI,,,,,,
2024-07-04,563800.SH,广发中证A500ETF,20241118,中证A500指数,中证A500指数收益率,广发基金管理有限公司,中国银行股份有限公司,股票型ETF,规模指数ETF,000510.CSI,,,,,,
2024-07-05,563800.SH,广发中证A500ETF,20241118,中证A500指数,中证A500指数收益率,广发基金管理有限公司,中国银行股份有限公司,股票型ETF,规模指数ETF,000510.CSI,,,,,,
2024-07-08,563800.SH,广发中证A500ETF,20241118,中证A500指数,中证A500指数收益率,广发基金管理有限公司,中国银行股份有限公司,股票型ETF,规模指数ETF,000510.CSI,,,,,,
2024-07-09,563800.SH,广发中证A500ETF,20241118,中证A500指数,中证A500指数收益率,广发基金管理有限公司,中国银行股份有限公司,股票型ETF,规模指数ETF,000510.CSI,,,,,,
2024-07-10,563800.SH,广发中证A500ETF,20241118,中证A500指数,中证A500指数收益率,广发基金管理有限公司,中国银行股份有限公司,股票型ETF,规模指数ETF,000510.CSI,,,,,,
2024-07-11,563800.SH,广发中证A500ETF,20241118,中证A500指数,中证A500指数收益率,广发基金管理有限公司,中国银行股份有限公司,股票型ETF,规模指数ETF,000510.CSI,,,,,,
2024-07-12,563800.SH,广发中证A500ETF,20241118,中证A500指数,中证A500指数收益率,广发基金管理有限公司,中国银行股份有限公司,股票型ETF,规模指数ETF,000510.CSI,,,,,,
2024-07-15,563800.SH,广发中证A500ETF,20241118,中证A500指数,中证A500指数收益率,广发基金管理有限公司,中国银行股份有限公司,股票型ETF,规模指数ETF,000510.CSI,,,,,,
2024-07-16,563800.SH,广发中证A500ETF,20241118,中证A500指数,中证A500指数收益率,广发基金管理有限公司,中国银行股份有限公司,股票型ETF,规模指数ETF,000510.CSI,,,,,,
2024-07-17,563800.SH,广发中证A500ETF,20241118,中证A500指数,中证A500指数收益率,广发基金管理有限公司,中国银行股份有限公司,股票型ETF,规模指数ETF,000510.CSI,,,,,,
2024-07-18,563800.SH,广发中证A500ETF,20241118,中证A500指数,中证A500指数收益率,广发基金管理有限公司,中国银行股份有限公司,股票型ETF,规模指数ETF,000510.CSI,,,,,,
2024-07-19,563800.SH,广发中证A500ETF,20241118,中证A500指数,中证A500指数收益率,广发基金管理有限公司,中国银行股份有限公司,股票型ETF,规模指数ETF,000510.CSI,,,,,,
2024-07-22,563800.SH,广发中证A500ETF,20241118,中证A500指数,中证A500指数收益率,广发基金管理有限公司,中国银行股份有限公司,股票型ETF,规模指数ETF,000510.CSI,,,,,,
2024-07-23,563800.SH,广发中证A500ETF,20241118,中证A500指数,中证A500指数收益率,广发基金管理有限公司,中国银行股份有限公司,股票型ETF,规模指数ETF,000510.CSI,,,,,,
2024-07-24,563800.SH,广发中证A500ETF,20241118,中证A500指数,中证A500指数收益率,广发基金管理有限公司,中国银行股份有限公司,股票型ETF,规模指数ETF,000510.CSI,,,,,,
2024-07-25,563800.SH,广发中证A500ETF,20241118,中证A500指数,中证A500指数收益率,广发基金管理有限公司,中国银行股份有限公司,股票型ETF,规模指数ETF,000510.CSI,,,,,,
2024-07-26,563800.SH,广发中证A500ETF,20241118,中证A500指数,中证A500指数收益率,广发基金管理有限公司,中国银行股份有限公司,股票型ETF,规模指数ETF,000510.CSI,,,,,,
2024-07-29,563800.SH,广发中证A500ETF,20241118,中证A500指数,中证A500指数收益率,广发基金管理有限公司,中国银行股份有限公司,股票型ETF,规模指数ETF,000510.CSI,,,,,,
2024-07-30,563800.SH,广发中证A500ETF,20241118,中证A500指数,中证A500指数收益率,广发基金管理有限公司,中国银行股份有限公司,股票型ETF,规模指数ETF,000510.CSI,,,,,,
2024-07-31,563800.SH,广发中证A500ETF,20241118,中证A500指数,中证A500指数收益率,广发基金管理有限公司,中国银行股份有限公司,股票型ETF,规模指数ETF,000510.CSI,,,,,,
2024-08-01,563800.SH,广发中证A500ETF,20241118,中证A500指数,中证A500指数收益率,广发基金管理有限公司,中国银行股份有限公司,股票型ETF,规模指数ETF,000510.CSI,,,,,,
2024-08-02,563800.SH,广发中证A500ETF,20241118,中证A500指数,中证A500指数收益率,广发基金管理有限公司,中国银行股份有限公司,股票型ETF,规模指数ETF,000510.CSI,,,,,,
2024-08-05,563800.SH,广发中证A500ETF,20241118,中证A500指数,中证A500指数收益率,广发基金管理有限公司,中国银行股份有限公司,股票型ETF,规模指数ETF,000510.CSI,,,,,,
2024-08-06,563800.SH,广发中证A500ETF,20241118,中证A500指数,中证A500指数收益率,广发基金管理有限公司,中国银行股份有限公司,股票型ETF,规模指数ETF,000510.CSI,,,,,,
2024-08-07,563800.SH,广发中证A500ETF,20241118,中证A500指数,中证A500指数收益率,广发基金管理有限公司,中国银行股份有限公司,股票型ETF,规模指数ETF,000510.CSI,,,,,,
2024-08-08,563800.SH,广发中证A500ETF,20241118,中证A500指数,中证A500指数收益率,广发基金管理有限公司,中国银行股份有限公司,股票型ETF,规模指数ETF,000510.CSI,,,,,,
2024-08-09,563800.SH,广发中证A500ETF,20241118,中证A500指数,中证A500指数收益率,广发基金管理有限公司,中国银行股份有限公司,股票型ETF,规模指数ETF,000510.CSI,,,,,,
2024-08-12,563800.SH,广发中证A500ETF,20241118,中证A500指数,中证A500指数收益率,广发基金管理有限公司,中国银行股份有限公司,股票型ETF,规模指数ETF,000510.CSI,,,,,,
2024-08-13,563800.SH,广发中证A500ETF,20241118,中证A500指数,中证A500指数收益率,广发基金管理有限公司,中国银行股份有限公司,股票型ETF,规模指数ETF,000510.CSI,,,,,,
2024-08-14,563800.SH,广发中证A500ETF,20241118,中证A500指数,中证A500指数收益率,广发基金管理有限公司,中国银行股份有限公司,股票型ETF,规模指数ETF,000510.CSI,,,,,,
2024-08-15,563800.SH,广发中证A500ETF,20241118,中证A500指数,中证A500指数收益率,广发基金管理有限公司,中国银行股份有限公司,股票型ETF,规模指数ETF,000510.CSI,,,,,,
2024-08-16,563800.SH,广发中证A500ETF,20241118,中证A500指数,中证A500指数收益率,广发基金管理有限公司,中国银行股份有限公司,股票型ETF,规模指数ETF,000510.CSI,,,,,,
2024-08-19,563800.SH,广发中证A500ETF,20241118,中证A500指数,中证A500指数收益率,广发基金管理有限公司,中国银行股份有限公司,股票型ETF,规模指数ETF,000510.CSI,,,,,,
2024-08-20,563800.SH,广发中证A500ETF,20241118,中证A500指数,中证A500指数收益率,广发基金管理有限公司,中国银行股份有限公司,股票型ETF,规模指数ETF,000510.CSI,,,,,,
2024-08-21,563800.SH,广发中证A500ETF,20241118,中证A500指数,中证A500指数收益率,广发基金管理有限公司,中国银行股份有限公司,股票型ETF,规模指数ETF,000510.CSI,,,,,,
2024-08-22,563800.SH,广发中证A500ETF,20241118,中证A500指数,中证A500指数收益率,广发基金管理有限公司,中国银行股份有限公司,股票型ETF,规模指数ETF,000510.CSI,,,,,,
2024-08-23,563800.SH,广发中证A500ETF,20241118,中证A500指数,中证A500指数收益率,广发基金管理有限公司,中国银行股份有限公司,股票型ETF,规模指数ETF,000510.CSI,,,,,,
2024-08-26,563800.SH,广发中证A500ETF,20241118,中证A500指数,中证A500指数收益率,广发基金管理有限公司,中国银行股份有限公司,股票型ETF,规模指数ETF,000510.CSI,,,,,,
2024-08-27,563800.SH,广发中证A500ETF,20241118,中证A500指数,中证A500指数收益率,广发基金管理有限公司,中国银行股份有限公司,股票型ETF,规模指数ETF,000510.CSI,,,,,,
2024-08-28,563800.SH,广发中证A500ETF,20241118,中证A500指数,中证A500指数收益率,广发基金管理有限公司,中国银行股份有限公司,股票型ETF,规模指数ETF,000510.CSI,,,,,,
2024-08-29,563800.SH,广发中证A500ETF,20241118,中证A500指数,中证A500指数收益率,广发基金管理有限公司,中国银行股份有限公司,股票型ETF,规模指数ETF,000510.CSI,,,,,,
2024-08-30,563800.SH,广发中证A500ETF,20241118,中证A500指数,中证A500指数收益率,广发基金管理有限公司,中国银行股份有限公司,股票型ETF,规模指数ETF,000510.CSI,,,,,,
2024-09-02,563800.SH,广发中证A500ETF,20241118,中证A500指数,中证A500指数收益率,广发基金管理有限公司,中国银行股份有限公司,股票型ETF,规模指数ETF,000510.CSI,,,,,,
2024-09-03,563800.SH,广发中证A500ETF,20241118,中证A500指数,中证A500指数收益率,广发基金管理有限公司,中国银行股份有限公司,股票型ETF,规模指数ETF,000510.CSI,,,,,,
2024-09-04,563800.SH,广发中证A500ETF,20241118,中证A500指数,中证A500指数收益率,广发基金管理有限公司,中国银行股份有限公司,股票型ETF,规模指数ETF,000510.CSI,,,,,,
2024-09-05,563800.SH,广发中证A500ETF,20241118,中证A500指数,中证A500指数收益率,广发基金管理有限公司,中国银行股份有限公司,股票型ETF,规模指数ETF,000510.CSI,,,,,,
2024-09-06,563800.SH,广发中证A500ETF,20241118,中证A500指数,中证A500指数收益率,广发基金管理有限公司,中国银行股份有限公司,股票型ETF,规模指数ETF,000510.CSI,,,,,,
2024-09-09,563800.SH,广发中证A500ETF,20241118,中证A500指数,中证A500指数收益率,广发基金管理有限公司,中国银行股份有限公司,股票型ETF,规模指数ETF,000510.CSI,,,,,,
2024-09-10,563800.SH,广发中证A500ETF,20241118,中证A500指数,中证A500指数收益率,广发基金管理有限公司,中国银行股份有限公司,股票型ETF,规模指数ETF,000510.CSI,,,,,,
2024-09-11,563800.SH,广发中证A500ETF,20241118,中证A500指数,中证A500指数收益率,广发基金管理有限公司,中国银行股份有限公司,股票型ETF,规模指数ETF,000510.CSI,,,,,,
2024-09-12,563800.SH,广发中证A500ETF,20241118,中证A500指数,中证A500指数收益率,广发基金管理有限公司,中国银行股份有限公司,股票型ETF,规模指数ETF,000510.CSI,,,,,,
2024-09-13,563800.SH,广发中证A500ETF,20241118,中证A500指数,中证A500指数收益率,广发基金管理有限公司,中国银行股份有限公司,股票型ETF,规模指数ETF,000510.CSI,,,,,,
2024-09-18,563800.SH,广发中证A500ETF,20241118,中证A500指数,中证A500指数收益率,广发基金管理有限公司,中国银行股份有限公司,股票型ETF,规模指数ETF,000510.CSI,,,,,,
2024-09-19,563800.SH,广发中证A500ETF,20241118,中证A500指数,中证A500指数收益率,广发基金管理有限公司,中国银行股份有限公司,股票型ETF,规模指数ETF,000510.CSI,,,,,,
2024-09-20,563800.SH,广发中证A500ETF,20241118,中证A500指数,中证A500指数收益率,广发基金管理有限公司,中国银行股份有限公司,股票型ETF,规模指数ETF,000510.CSI,,,,,,
2024-09-23,563800.SH,广发中证A500ETF,20241118,中证A500指数,中证A500指数收益率,广发基金管理有限公司,中国银行股份有限公司,股票型ETF,规模指数ETF,000510.CSI,,,,,,
2024-09-24,563800.SH,广发中证A500ETF,20241118,中证A500指数,中证A500指数收益率,广发基金管理有限公司,中国银行股份有限公司,股票型ETF,规模指数ETF,000510.CSI,,,,,,
2024-09-25,563800.SH,广发中证A500ETF,20241118,中证A500指数,中证A500指数收益率,广发基金管理有限公司,中国银行股份有限公司,股票型ETF,规模指数ETF,000510.CSI,,,,,,
2024-09-26,563800.SH,广发中证A500ETF,20241118,中证A500指数,中证A500指数收益率,广发基金管理有限公司,中国银行股份有限公司,股票型ETF,规模指数ETF,000510.CSI,,,,,,
2024-09-27,563800.SH,广发中证A500ETF,20241118,中证A500指数,中证A500指数收益率,广发基金管理有限公司,中国银行股份有限公司,股票型ETF,规模指数ETF,000510.CSI,,,,,,
2024-09-30,563800.SH,广发中证A500ETF,20241118,中证A500指数,中证A500指数收益率,广发基金管理有限公司,中国银行股份有限公司,股票型ETF,规模指数ETF,000510.CSI,,,,,,
2024-10-08,563800.SH,广发中证A500ETF,20241118,中证A500指数,中证A500指数收益率,广发基金管理有限公司,中国银行股份有限公司,股票型ETF,规模指数ETF,000510.CSI,,,,,,
2024-10-09,563800.SH,广发中证A500ETF,20241118,中证A500指数,中证A500指数收益率,广发基金管理有限公司,中国银行股份有限公司,股票型ETF,规模指数ETF,000510.CSI,,,,,,
2024-10-10,563800.SH,广发中证A500ETF,20241118,中证A500指数,中证A500指数收益率,广发基金管理有限公司,中国银行股份有限公司,股票型ETF,规模指数ETF,000510.CSI,,,,,,
2024-10-11,563800.SH,广发中证A500ETF,20241118,中证A500指数,中证A500指数收益率,广发基金管理有限公司,中国银行股份有限公司,股票型ETF,规模指数ETF,000510.CSI,,,,,,
2024-10-14,563800.SH,广发中证A500ETF,20241118,中证A500指数,中证A500指数收益率,广发基金管理有限公司,中国银行股份有限公司,股票型ETF,规模指数ETF,000510.CSI,,,,,,
2024-10-15,563800.SH,广发中证A500ETF,20241118,中证A500指数,中证A500指数收益率,广发基金管理有限公司,中国银行股份有限公司,股票型ETF,规模指数ETF,000510.CSI,,,,,,
2024-10-16,563800.SH,广发中证A500ETF,20241118,中证A500指数,中证A500指数收益率,广发基金管理有限公司,中国银行股份有限公司,股票型ETF,规模指数ETF,000510.CSI,,,,,,
2024-10-17,563800.SH,广发中证A500ETF,20241118,中证A500指数,中证A500指数收益率,广发基金管理有限公司,中国银行股份有限公司,股票型ETF,规模指数ETF,000510.CSI,,,,,,
2024-10-18,563800.SH,广发中证A500ETF,20241118,中证A500指数,中证A500指数收益率,广发基金管理有限公司,中国银行股份有限公司,股票型ETF,规模指数ETF,000510.CSI,,,,,,
2024-10-21,563800.SH,广发中证A500ETF,20241118,中证A500指数,中证A500指数收益率,广发基金管理有限公司,中国银行股份有限公司,股票型ETF,规模指数ETF,000510.CSI,,,,,,
2024-10-22,563800.SH,广发中证A500ETF,20241118,中证A500指数,中证A500指数收益率,广发基金管理有限公司,中国银行股份有限公司,股票型ETF,规模指数ETF,000510.CSI,,,,,,
2024-10-23,563800.SH,广发中证A500ETF,20241118,中证A500指数,中证A500指数收益率,广发基金管理有限公司,中国银行股份有限公司,股票型ETF,规模指数ETF,000510.CSI,,,,,,
2024-10-24,563800.SH,广发中证A500ETF,20241118,中证A500指数,中证A500指数收益率,广发基金管理有限公司,中国银行股份有限公司,股票型ETF,规模指数ETF,000510.CSI,,,,,,
2024-10-25,563800.SH,广发中证A500ETF,20241118,中证A500指数,中证A500指数收益率,广发基金管理有限公司,中国银行股份有限公司,股票型ETF,规模指数ETF,000510.CSI,,,,,,
2024-10-28,563800.SH,广发中证A500ETF,20241118,中证A500指数,中证A500指数收益率,广发基金管理有限公司,中国银行股份有限公司,股票型ETF,规模指数ETF,000510.CSI,,,,,,
2024-10-29,563800.SH,广发中证A500ETF,20241118,中证A500指数,中证A500指数收益率,广发基金管理有限公司,中国银行股份有限公司,股票型ETF,规模指数ETF,000510.CSI,,,,,,
2024-10-30,563800.SH,广发中证A500ETF,20241118,中证A500指数,中证A500指数收益率,广发基金管理有限公司,中国银行股份有限公司,股票型ETF,规模指数ETF,000510.CSI,,,,,,
2024-10-31,563800.SH,广发中证A500ETF,20241118,中证A500指数,中证A500指数收益率,广发基金管理有限公司,中国银行股份有限公司,股票型ETF,规模指数ETF,000510.CSI,,,,,,
2024-11-01,563800.SH,广发中证A500ETF,20241118,中证A500指数,中证A500指数收益率,广发基金管理有限公司,中国银行股份有限公司,股票型ETF,规模指数ETF,000510.CSI,,,,,,
2024-11-04,563800.SH,广发中证A500ETF,20241118,中证A500指数,中证A500指数收益率,广发基金管理有限公司,中国银行股份有限公司,股票型ETF,规模指数ETF,000510.CSI,,,,,,
2024-11-05,563800.SH,广发中证A500ETF,20241118,中证A500指数,中证A500指数收益率,广发基金管理有限公司,中国银行股份有限公司,股票型ETF,规模指数ETF,000510.CSI,,,,,,
2024-11-06,563800.SH,广发中证A500ETF,20241118,中证A500指数,中证A500指数收益率,广发基金管理有限公司,中国银行股份有限公司,股票型ETF,规模指数ETF,000510.CSI,,,,,,
2024-11-07,563800.SH,广发中证A500ETF,20241118,中证A500指数,中证A500指数收益率,广发基金管理有限公司,中国银行股份有限公司,股票型ETF,规模指数ETF,000510.CSI,,,,,,
2024-11-08,563800.SH,广发中证A500ETF,20241118,中证A500指数,中证A500指数收益率,广发基金管理有限公司,中国银行股份有限公司,股票型ETF,规模指数ETF,000510.CSI,,,,,,
2024-11-11,563800.SH,广发中证A500ETF,20241118,中证A500指数,中证A500指数收益率,广发基金管理有限公司,中国银行股份有限公司,股票型ETF,规模指数ETF,000510.CSI,1999978099.0,,,,,
2024-11-12,563800.SH,广发中证A500ETF,20241118,中证A500指数,中证A500指数收益率,广发基金管理有限公司,中国银行股份有限公司,股票型ETF,规模指数ETF,000510.CSI,1999978099.0,,,,,
2024-11-13,563800.SH,广发中证A500ETF,20241118,中证A500指数,中证A500指数收益率,广发基金管理有限公司,中国银行股份有限公司,股票型ETF,规模指数ETF,000510.CSI,1999978099.0,,,,,
2024-11-14,563800.SH,广发中证A500ETF,20241118,中证A500指数,中证A500指数收益率,广发基金管理有限公司,中国银行股份有限公司,股票型ETF,规模指数ETF,000510.CSI,1999978099.0,,,,,
2024-11-15,563800.SH,广发中证A500ETF,20241118,中证A500指数,中证A500指数收益率,广发基金管理有限公司,中国银行股份有限公司,股票型ETF,规模指数ETF,000510.CSI,1933378828.3033,,,,,
2024-11-18,563800.SH,广发中证A500ETF,20241118,中证A500指数,中证A500指数收益率,广发基金管理有限公司,中国银行股份有限公司,股票型ETF,规模指数ETF,000510.CSI,4320446211.04,2208681104,2137201236,0.959,0.96763685446915,0.062604341
2024-11-19,563800.SH,广发中证A500ETF,20241118,中证A500指数,中证A500指数收益率,广发基金管理有限公司,中国银行股份有限公司,股票型ETF,规模指数ETF,000510.CSI,5215881807.37,2050729939,1962018407,0.968,0.95674148491573,0.031001343
2024-11-20,563800.SH,广发中证A500ETF,20241118,中证A500指数,中证A500指数收益率,广发基金管理有限公司,中国银行股份有限公司,股票型ETF,规模指数ETF,000510.CSI,6486859104.44,2112332286,2048623960,0.973,0.96983981809006,0.061703003
2024-11-21,563800.SH,广发中证A500ETF,20241118,中证A500指数,中证A500指数收益率,广发基金管理有限公司,中国银行股份有限公司,股票型ETF,规模指数ETF,000510.CSI,7631970900.06,2000710618,1943858786,0.973,0.97158418039645,0.041126876
2024-11-22,563800.SH,广发中证A500ETF,20241118,中证A500指数,中证A500指数收益率,广发基金管理有限公司,中国银行股份有限公司,股票型ETF,规模指数ETF,000510.CSI,9329352178.96,2891382224,2777066787,0.942,0.96046339496345,0.042480884
2024-11-25,563800.SH,广发中证A500ETF,20241118,中证A500指数,中证A500指数收益率,广发基金管理有限公司,中国银行股份有限公司,股票型ETF,规模指数ETF,000510.CSI,10462700977.51,2316406809,2172197960,0.937,0.93774459285834,-0.01067122
2024-11-26,563800.SH,广发中证A500ETF,20241118,中证A500指数,中证A500指数收益率,广发基金管理有限公司,中国银行股份有限公司,股票型ETF,规模指数ETF,000510.CSI,12211083567.3,2603005899,2439300067,0.934,0.93710892777351,0.107181136
2024-11-27,563800.SH,广发中证A500ETF,20241118,中证A500指数,中证A500指数收益率,广发基金管理有限公司,中国银行股份有限公司,股票型ETF,规模指数ETF,000510.CSI,13707564390.62,2207537847,2068871182,0.949,0.93718492066243,-0.126289202
2024-11-28,563800.SH,广发中证A500ETF,20241118,中证A500指数,中证A500指数收益率,广发基金管理有限公司,中国银行股份有限公司,股票型ETF,规模指数ETF,000510.CSI,13709072585.53,1967644199,1860198602,0.942,0.94539378762959,0.07436524
2024-11-29,563800.SH,广发中证A500ETF,20241118,中证A500指数,中证A500指数收益率,广发基金管理有限公司,中国银行股份有限公司,股票型ETF,规模指数ETF,000510.CSI,14420999035.87,2275345658,2160824316,0.953,0.9496685958033,0.031489451
2024-12-02,563800.SH,广发中证A500ETF,20241118,中证A500指数,中证A500指数收益率,广发基金管理有限公司,中国银行股份有限公司,股票型ETF,规模指数ETF,000510.CSI,14780312016.87,2417810738,2320082034,0.961,0.95957967161613,-0.176586683
2024-12-03,563800.SH,广发中证A500ETF,20241118,中证A500指数,中证A500指数收益率,广发基金管理有限公司,中国银行股份有限公司,股票型ETF,规模指数ETF,000510.CSI,14808813625.63,2415862103,2317547966,0.961,0.95930473975401,-0.135093006
2024-12-04,563800.SH,广发中证A500ETF,20241118,中证A500指数,中证A500指数收益率,广发基金管理有限公司,中国银行股份有限公司,股票型ETF,规模指数ETF,000510.CSI,14859444565.79,2306613093,2210120834,0.956,0.95816712421653,0.010461345
2024-12-05,563800.SH,广发中证A500ETF,20241118,中证A500指数,中证A500指数收益率,广发基金管理有限公司,中国银行股份有限公司,股票型ETF,规模指数ETF,000510.CSI,14934269085.5,2053459684,1961384245,0.955,0.95516082457453,0
2024-12-06,563800.SH,广发中证A500ETF,20241118,中证A500指数,中证A500指数收益率,广发基金管理有限公司,中国银行股份有限公司,股票型ETF,规模指数ETF,000510.CSI,15236298800.8,2430468687,2342466665,0.968,0.96379215973005,0
2024-12-09,563800.SH,广发中证A500ETF,20241118,中证A500指数,中证A500指数收益率,广发基金管理有限公司,中国银行股份有限公司,股票型ETF,规模指数ETF,000510.CSI,15254878855.55,2246454567,2172768522,0.966,0.96719896049427,0.051786639
2024-12-10,563800.SH,广发中证A500ETF,20241118,中证A500指数,中证A500指数收益率,广发基金管理有限公司,中国银行股份有限公司,股票型ETF,规模指数ETF,000510.CSI,15705211104.44,2379869987,2337302112,0.973,0.98211336113631,0.061703003
2024-12-11,563800.SH,广发中证A500ETF,20241118,中证A500指数,中证A500指数收益率,广发基金管理有限公司,中国银行股份有限公司,股票型ETF,规模指数ETF,000510.CSI,16007702597.87,2334360810,2271443392,0.972,0.97304726084739,-0.071964635
2024-12-12,563800.SH,广发中证A500ETF,20241118,中证A500指数,中证A500指数收益率,广发基金管理有限公司,中国银行股份有限公司,股票型ETF,规模指数ETF,000510.CSI,16551289507.34,2559437404,2498887328,0.981,0.97634242747825,-0.040758101
2024-12-13,563800.SH,广发中证A500ETF,20241118,中证A500指数,中证A500指数收益率,广发基金管理有限公司,中国银行股份有限公司,股票型ETF,规模指数ETF,000510.CSI,16131065204.47,2863675104,2764644237,0.96,0.96541826031114,0.135600292
2024-12-16,563800.SH,广发中证A500ETF,20241118,中证A500指数,中证A500指数收益率,广发基金管理有限公司,中国银行股份有限公司,股票型ETF,规模指数ETF,000510.CSI,16008081453.39,2149083142,2049622962,0.952,0.95371971513981,0.010505305
2024-12-17,563800.SH,广发中证A500ETF,20241118,中证A500指数,中证A500指数收益率,广发基金管理有限公司,中国银行股份有限公司,股票型ETF,规模指数ETF,000510.CSI,16207980453.39,2632367108,2513213775,0.952,0.95473529028763,0.010505305
2024-12-18,563800.SH,广发中证A500ETF,20241118,中证A500指数,中证A500指数收益率,广发基金管理有限公司,中国银行股份有限公司,股票型ETF,规模指数ETF,000510.CSI,16180996432.94,2329944757,2230661651,0.956,0.95738821459105,-0.146229371
2024-12-19,563800.SH,广发中证A500ETF,20241118,中证A500指数,中证A500指数收益率,广发基金管理有限公司,中国银行股份有限公司,股票型ETF,规模指数ETF,000510.CSI,16312657189.14,2513769899,2401491423,0.96,0.95533462468277,0.062539087
2024-12-20,563800.SH,广发中证A500ETF,20241118,中证A500指数,中证A500指数收益率,广发基金管理有限公司,中国银行股份有限公司,股票型ETF,规模指数ETF,000510.CSI,16691632637.32,2540618291,2439200824,0.957,0.96008158039353,-0.020894275
2024-12-23,563800.SH,广发中证A500ETF,20241118,中证A500指数,中证A500指数收益率,广发基金管理有限公司,中国银行股份有限公司,股票型ETF,规模指数ETF,000510.CSI,16779134596.45,2331992885,2238090056,0.956,0.95973279781255,0.15715034
2024-12-24,563800.SH,广发中证A500ETF,20241118,中证A500指数,中证A500指数收益率,广发基金管理有限公司,中国银行股份有限公司,股票型ETF,规模指数ETF,000510.CSI,17395706844.6,2634838239,2532391610,0.965,0.96111843699411,-0.103519669
2024-12-25,563800.SH,广发中证A500ETF,20241118,中证A500指数,中证A500指数收益率,广发基金管理有限公司,中国银行股份有限公司,股票型ETF,规模指数ETF,000510.CSI,17334366484.02,2517649498,2426731048,0.963,0.96388756652893,-0.124455507
2024-12-26,563800.SH,广发中证A500ETF,20241118,中证A500指数,中证A500指数收益率,广发基金管理有限公司,中国银行股份有限公司,股票型ETF,规模指数ETF,000510.CSI,18235854431.46,2434847470,2351885167,0.966,0.96592710466582,-0.062073246
2024-12-27,563800.SH,广发中证A500ETF,20241118,中证A500指数,中证A500指数收益率,广发基金管理有限公司,中国银行股份有限公司,股票型ETF,规模指数ETF,000510.CSI,19051139659.93,3189584044,3087051870,0.965,0.96785406103568,-0.031078421
2024-12-30,563800.SH,广发中证A500ETF,20241118,中证A500指数,中证A500指数收益率,广发基金管理有限公司,中国银行股份有限公司,股票型ETF,规模指数ETF,000510.CSI,20553300392.04,3698628733,3582971559,0.968,0.96872971515955,-0.041305246
2024-12-31,563800.SH,广发中证A500ETF,20241118,中证A500指数,中证A500指数收益率,广发基金管理有限公司,中国银行股份有限公司,股票型ETF,规模指数ETF,000510.CSI,20837340173.1,2949181340,2835661579,0.951,0.96150804311002,0
2025-01-02,563800.SH,广发中证A500ETF,20241118,中证A500指数,中证A500指数收益率,广发基金管理有限公司,中国银行股份有限公司,股票型ETF,规模指数ETF,000510.CSI,19672163884.11,3798682886,3551543402,0.923,0.93494074356382,-0.010833063
2025-01-03,563800.SH,广发中证A500ETF,20241118,中证A500指数,中证A500指数收益率,广发基金管理有限公司,中国银行股份有限公司,股票型ETF,规模指数ETF,000510.CSI,18889360666.62,3108183160,2859088592,0.911,0.91985846548374,0.087892771
2025-01-06,563800.SH,广发中证A500ETF,20241118,中证A500指数,中证A500指数收益率,广发基金管理有限公司,中国银行股份有限公司,股票型ETF,规模指数ETF,000510.CSI,18870433603.85,2703458933,2456332122,0.909,0.90858865729994,0.055035773
2025-01-07,563800.SH,广发中证A500ETF,20241118,中证A500指数,中证A500指数收益率,广发基金管理有限公司,中国银行股份有限公司,股票型ETF,规模指数ETF,000510.CSI,19152080428.65,2464141541,2242355036,0.916,0.90999441334446,-0.054555374
2025-01-08,563800.SH,广发中证A500ETF,20241118,中证A500指数,中证A500指数收益率,广发基金管理有限公司,中国银行股份有限公司,股票型ETF,规模指数ETF,000510.CSI,19310342481.21,2662922279,2419483752,0.914,0.90858218847776,-0.010939722
2025-01-09,563800.SH,广发中证A500ETF,20241118,中证A500指数,中证A500指数收益率,广发基金管理有限公司,中国银行股份有限公司,股票型ETF,规模指数ETF,000510.CSI,19156447498.73,2596665392,2374322529,0.914,0.91437369493774,0.076645133
2025-01-10,563800.SH,广发中证A500ETF,20241118,中证A500指数,中证A500指数收益率,广发基金管理有限公司,中国银行股份有限公司,股票型ETF,规模指数ETF,000510.CSI,18904141059.34,2311579579,2104049577,0.903,0.91022156282858,0.177501664
2025-01-13,563800.SH,广发中证A500ETF,20241118,中证A500指数,中证A500指数收益率,广发基金管理有限公司,中国银行股份有限公司,股票型ETF,规模指数ETF,000510.CSI,18965064894.38,2208673536,1986506395,0.9,0.89941150768603,0.022227162
2025-01-14,563800.SH,广发中证A500ETF,20241118,中证A500指数,中证A500指数收益率,广发基金管理有限公司,中国银行股份有限公司,股票型ETF,规模指数ETF,000510.CSI,19863018724.98,2744916068,2511940020,0.925,0.91512452758902,-0.086411752
2025-01-15,563800.SH,广发中证A500ETF,20241118,中证A500指数,中证A500指数收益率,广发基金管理有限公司,中国银行股份有限公司,股票型ETF,规模指数ETF,000510.CSI,19881356669.52,2685981713,2472634563,0.919,0.92057014053096,-0.02175805
2025-01-16,563800.SH,广发中证A500ETF,20241118,中证A500指数,中证A500指数收益率,广发基金管理有限公司,中国银行股份有限公司,股票型ETF,规模指数ETF,000510.CSI,19826021438.86,2721462581,2508238765,0.92,0.92165102048853,-0.065174886
2025-01-17,563800.SH,广发中证A500ETF,20241118,中证A500指数,中证A500指数收益率,广发基金管理有限公司,中国银行股份有限公司,股票型ETF,规模指数ETF,000510.CSI,19911250357.83,2767114502,2554963068,0.924,0.92333116904029,-0.032456994
2025-01-20,563800.SH,广发中证A500ETF,20241118,中证A500指数,中证A500指数收益率,广发基金管理有限公司,中国银行股份有限公司,股票型ETF,规模指数ETF,000510.CSI,20087746654.9,2632617366,2454504815,0.928,0.93234392764391,-0.107642626
2025-01-21,563800.SH,广发中证A500ETF,20241118,中证A500指数,中证A500指数收益率,广发基金管理有限公司,中国银行股份有限公司,股票型ETF,规模指数ETF,000510.CSI,20038589419.86,2762842495,2566846002,0.931,0.92905983842557,0.042983022
2025-01-22,563800.SH,广发中证A500ETF,20241118,中证A500指数,中证A500指数收益率,广发基金管理有限公司,中国银行股份有限公司,股票型ETF,规模指数ETF,000510.CSI,19846031201.63,2497915451,2301456826,0.923,0.92135097089801,0.075897213
2025-01-23,563800.SH,广发中证A500ETF,20241118,中证A500指数,中证A500指数收益率,广发基金管理有限公司,中国银行股份有限公司,股票型ETF,规模指数ETF,000510.CSI,20107877808.2,2821699114,2625782863,0.923,0.93056798649156,0.10845987
2025-01-24,563800.SH,广发中证A500ETF,20241118,中证A500指数,中证A500指数收益率,广发基金管理有限公司,中国银行股份有限公司,股票型ETF,规模指数ETF,000510.CSI,20760542815.48,3262097188,3033235889,0.932,0.92984228065249,0.128921358
2025-01-27,563800.SH,广发中证A500ETF,20241118,中证A500指数,中证A500指数收益率,广发基金管理有限公司,中国银行股份有限公司,股票型ETF,规模指数ETF,000510.CSI,20856122231.55,2842635169,2644507170,0.924,0.93030129185741,-0.162074554
2025-02-05,563800.SH,广发中证A500ETF,20241118,中证A500指数,中证A500指数收益率,广发基金管理有限公司,中国银行股份有限公司,股票型ETF,规模指数ETF,000510.CSI,20654200779.73,2584227567,2387275864,0.923,0.92378701260097,-0.032492148
2025-02-06,563800.SH,广发中证A500ETF,20241118,中证A500指数,中证A500指数收益率,广发基金管理有限公司,中国银行股份有限公司,股票型ETF,规模指数ETF,000510.CSI,20941897151.23,2711646423,2525111656,0.938,0.93120977520601,-0.031972717
2025-02-07,563800.SH,广发中证A500ETF,20241118,中证A500指数,中证A500指数收益率,广发基金管理有限公司,中国银行股份有限公司,股票型ETF,规模指数ETF,000510.CSI,21220360155.58,2830746606,2688209401,0.952,0.94964678057093,0.021012818
2025-02-10,563800.SH,广发中证A500ETF,20241118,中证A500指数,中证A500指数收益率,广发基金管理有限公司,中国银行股份有限公司,股票型ETF,规模指数ETF,000510.CSI,21181418461.41,2558588367,2439340660,0.955,0.95339316455197,-0.115050727
2025-02-11,563800.SH,广发中证A500ETF,20241118,中证A500指数,中证A500指数收益率,广发基金管理有限公司,中国银行股份有限公司,股票型ETF,规模指数ETF,000510.CSI,20973636370.91,2208143135,2099871759,0.951,0.95096722930509,-0.010514142
2025-02-12,563800.SH,广发中证A500ETF,20241118,中证A500指数,中证A500指数收益率,广发基金管理有限公司,中国银行股份有限公司,股票型ETF,规模指数ETF,000510.CSI,21135120747.53,2365055057,2252564831,0.961,0.95243652968371,-0.03120774
2025-02-13,563800.SH,广发中证A500ETF,20241118,中证A500指数,中证A500指数收益率,广发基金管理有限公司,中国银行股份有限公司,股票型ETF,规模指数ETF,000510.CSI,20961553446.08,2397638221,2302788170,0.958,0.96044021563835,0.12541806
2025-02-14,563800.SH,广发中证A500ETF,20241118,中证A500指数,中证A500指数收益率,广发基金管理有限公司,中国银行股份有限公司,股票型ETF,规模指数ETF,000510.CSI,21347890542.41,2503497397,2408701354,0.966,0.9621345549975,-0.010350895
2025-02-17,563800.SH,广发中证A500ETF,20241118,中证A500指数,中证A500指数收益率,广发基金管理有限公司,中国银行股份有限公司,股票型ETF,规模指数ETF,000510.CSI,21391818316.13,2196817556,2121355016,0.967,0.96564915470841,-0.031014163
2025-02-18,563800.SH,广发中证A500ETF,20241118,中证A500指数,中证A500指数收益率,广发基金管理有限公司,中国银行股份有限公司,股票型ETF,规模指数ETF,000510.CSI,21273495552.65,2722805617,2626904704,0.957,0.96477864141265,0.052273915
2025-02-19,563800.SH,广发中证A500ETF,20241118,中证A500指数,中证A500指数收益率,广发基金管理有限公司,中国银行股份有限公司,股票型ETF,规模指数ETF,000510.CSI,21468747048.98,2461757075,2367589351,0.965,0.96174775937224,-0.082832885
2025-02-20,563800.SH,广发中证A500ETF,20241118,中证A500指数,中证A500指数收益率,广发基金管理有限公司,中国银行股份有限公司,股票型ETF,规模指数ETF,000510.CSI,21286493877.45,2698162949,2598473776,0.963,0.96305294569516,-0.155520995
2025-02-21,563800.SH,广发中证A500ETF,20241118,中证A500指数,中证A500指数收益率,广发基金管理有限公司,中国银行股份有限公司,股票型ETF,规模指数ETF,000510.CSI,21573450175.23,2390422739,2323084536,0.978,0.97183000232496,-0.03066544
2025-02-24,563800.SH,广发中证A500ETF,20241118,中证A500指数,中证A500指数收益率,广发基金管理有限公司,中国银行股份有限公司,股票型ETF,规模指数ETF,000510.CSI,21406332419.03,2346691900,2291457962,0.975,0.9764630636003,-0.133155792
2025-02-25,563800.SH,广发中证A500ETF,20241118,中证A500指数,中证A500指数收益率,广发基金管理有限公司,中国银行股份有限公司,股票型ETF,规模指数ETF,000510.CSI,20890001251.17,2663265360,2580140118,0.965,0.96878822394176,-0.072486279
2025-02-26,563800.SH,广发中证A500ETF,20241118,中证A500指数,中证A500指数收益率,广发基金管理有限公司,中国银行股份有限公司,股票型ETF,规模指数ETF,000510.CSI,21004635075.97,2192277328,2125563454,0.973,0.96956868861986,-0.071890726
2025-02-27,563800.SH,广发中证A500ETF,20241118,中证A500指数,中证A500指数收益率,广发基金管理有限公司,中国银行股份有限公司,股票型ETF,规模指数ETF,000510.CSI,20961586678.16,2198228137,2130528197,0.975,0.9692024959282,0.14379622
2025-02-28,563800.SH,广发中证A500ETF,20241118,中证A500指数,中证A500指数收益率,广发基金管理有限公司,中国银行股份有限公司,股票型ETF,规模指数ETF,000510.CSI,20618559657.77,2448806104,2359188975,0.953,0.96340374648135,0.136597667
2025-03-03,563800.SH,广发中证A500ETF,20241118,中证A500指数,中证A500指数收益率,广发基金管理有限公司,中国银行股份有限公司,股票型ETF,规模指数ETF,000510.CSI,20648107933.68,2325440677,2226468076,0.952,0.95743920626361,-0.083963056
2025-03-04,563800.SH,广发中证A500ETF,20241118,中证A500指数,中证A500指数收益率,广发基金管理有限公司,中国银行股份有限公司,股票型ETF,规模指数ETF,000510.CSI,20722547124.92,2261090995,2147934543,0.952,0.9499549322649,-0.125891733
2025-03-05,563800.SH,广发中证A500ETF,20241118,中证A500指数,中证A500指数收益率,广发基金管理有限公司,中国银行股份有限公司,股票型ETF,规模指数ETF,000510.CSI,20523801041.7,2457241800,2340311117,0.955,0.95241384750984,-0.208986416
2025-03-06,563800.SH,广发中证A500ETF,20241118,中证A500指数,中证A500指数收益率,广发基金管理有限公司,中国银行股份有限公司,股票型ETF,规模指数ETF,000510.CSI,20997122713.2,2463016959,2386681212,0.971,0.96900721827308,-0.102880658
2025-03-07,563800.SH,广发中证A500ETF,20241118,中证A500指数,中证A500指数收益率,广发基金管理有限公司,中国银行股份有限公司,股票型ETF,规模指数ETF,000510.CSI,20797833876.71,2271003093,2203514398,0.968,0.9702824292895,-0.113507378
2025-03-10,563800.SH,广发中证A500ETF,20241118,中证A500指数,中证A500指数收益率,广发基金管理有限公司,中国银行股份有限公司,股票型ETF,规模指数ETF,000510.CSI,20383287635.84,2208367181,2127442792,0.966,0.96335555531877,-0.041390728
2025-03-11,563800.SH,广发中证A500ETF,20241118,中证A500指数,中证A500指数收益率,广发基金管理有限公司,中国银行股份有限公司,股票型ETF,规模指数ETF,000510.CSI,20309878170.14,1972217606,1896366270,0.967,0.96154007764192,-0.24757582
2025-03-12,563800.SH,广发中证A500ETF,20241118,中证A500指数,中证A500指数收益率,广发基金管理有限公司,中国银行股份有限公司,股票型ETF,规模指数ETF,000510.CSI,20008875942.41,1793262607,1735725550,0.966,0.96791487383086,-0.010350895
2025-03-13,563800.SH,广发中证A500ETF,20241118,中证A500指数,中证A500指数收益率,广发基金管理有限公司,中国银行股份有限公司,股票型ETF,规模指数ETF,000510.CSI,19879298567.24,2047347364,1968411980,0.96,0.96144504572698,-0.041649313
2025-03-14,563800.SH,广发中证A500ETF,20241118,中证A500指数,中证A500指数收益率,广发基金管理有限公司,中国银行股份有限公司,股票型ETF,规模指数ETF,000510.CSI,20405408885.44,1990867448,1941653752,0.981,0.97528027491261,-0.142508143
2025-03-17,563800.SH,广发中证A500ETF,20241118,中证A500指数,中证A500指数收益率,广发基金管理有限公司,中国银行股份有限公司,股票型ETF,规模指数ETF,000510.CSI,20300684918.29,1813610607,1779975065,0.98,0.98145382373141,-0.091752472
2025-03-18,563800.SH,广发中证A500ETF,20241118,中证A500指数,中证A500指数收益率,广发基金管理有限公司,中国银行股份有限公司,股票型ETF,规模指数ETF,000510.CSI,20186166439.45,1955016986,1922800585,0.983,0.9835211656826,-0.152361605
2025-03-19,563800.SH,广发中证A500ETF,20241118,中证A500指数,中证A500指数收益率,广发基金管理有限公司,中国银行股份有限公司,股票型ETF,规模指数ETF,000510.CSI,20085771267.92,1773394587,1741767809,0.984,0.98216596676688,0.081366965
2025-03-20,563800.SH,广发中证A500ETF,20241118,中证A500指数,中证A500指数收益率,广发基金管理有限公司,中国银行股份有限公司,股票型ETF,规模指数ETF,000510.CSI,19906276754.07,1643315894,1606859835,0.975,0.97781555017322,0.030778701
2025-03-21,563800.SH,广发中证A500ETF,20241118,中证A500指数,中证A500指数收益率,广发基金管理有限公司,中国银行股份有限公司,股票型ETF,规模指数ETF,000510.CSI,19483249393.52,1773097788,1712809785,0.96,0.9659984895317,0.083402836
2025-03-24,563800.SH,广发中证A500ETF,20241118,中证A500指数,中证A500指数收益率,广发基金管理有限公司,中国银行股份有限公司,股票型ETF,规模指数ETF,000510.CSI,19675148808.11,1764192940,1694333029,0.962,0.96040120702444,-0.114214516
2025-03-25,563800.SH,广发中证A500ETF,20241118,中证A500指数,中证A500指数收益率,广发基金管理有限公司,中国银行股份有限公司,股票型ETF,规模指数ETF,000510.CSI,19709640345.34,1708930298,1643188531,0.961,0.9615304573411,-0.041605991
2025-03-26,563800.SH,广发中证A500ETF,20241118,中证A500指数,中证A500指数收益率,广发基金管理有限公司,中国银行股份有限公司,股票型ETF,规模指数ETF,000510.CSI,19826399811.04,1768398415,1699316216,0.959,0.96093516120913,0.062604341
2025-03-27,563800.SH,广发中证A500ETF,20241118,中证A500指数,中证A500指数收益率,广发基金管理有限公司,中国银行股份有限公司,股票型ETF,规模指数ETF,000510.CSI,20031386949.72,2094584921,2012075608,0.962,0.96060827509414,0.083229297
2025-03-28,563800.SH,广发中证A500ETF,20241118,中证A500指数,中证A500指数收益率,广发基金管理有限公司,中国银行股份有限公司,股票型ETF,规模指数ETF,000510.CSI,19986115063.6,2222418987,2128037090,0.956,0.95753190665123,0
2025-03-31,563800.SH,广发中证A500ETF,20241118,中证A500指数,中证A500指数收益率,广发基金管理有限公司,中国银行股份有限公司,股票型ETF,规模指数ETF,000510.CSI,20362876022.521,2426736700,2306417655,0.949,0.95041940685201,0.03162222
2025-04-01,563800.SH,广发中证A500ETF,20241118,中证A500指数,中证A500指数收益率,广发基金管理有限公司,中国银行股份有限公司,股票型ETF,规模指数ETF,000510.CSI,20118642799.38,1975013270,1878053220,0.949,0.95090663365518,-0.084228259
2025-04-02,563800.SH,广发中证A500ETF,20241118,中证A500指数,中证A500指数收益率,广发基金管理有限公司,中国银行股份有限公司,股票型ETF,规模指数ETF,000510.CSI,20073303825.66,2317186617,2201538965,0.948,0.95009135166259,-0.063251107
2025-04-03,563800.SH,广发中证A500ETF,20241118,中证A500指数,中证A500指数收益率,广发基金管理有限公司,中国银行股份有限公司,股票型ETF,规模指数ETF,000510.CSI,19934359589.91,2370790020,2233048962,0.943,0.94190077702453,0.201891404
2025-04-07,563800.SH,广发中证A500ETF,20241118,中证A500指数,中证A500指数收益率,广发基金管理有限公司,中国银行股份有限公司,股票型ETF,规模指数ETF,000510.CSI,18056817997.37,2229307302,1952461313,0.86,0.87581524146463,-0.88740348
2025-04-08,563800.SH,广发中证A500ETF,20241118,中证A500指数,中证A500指数收益率,广发基金管理有限公司,中国银行股份有限公司,股票型ETF,规模指数ETF,000510.CSI,18262055725.81,1618493571,1407687167,0.878,0.86975147274156,-0.238609249
2025-04-09,563800.SH,广发中证A500ETF,20241118,中证A500指数,中证A500指数收益率,广发基金管理有限公司,中国银行股份有限公司,股票型ETF,规模指数ETF,000510.CSI,18512287487.1,1765208376,1556712018,0.888,0.88188569642273,-0.336700337
2025-04-10,563800.SH,广发中证A500ETF,20241118,中证A500指数,中证A500指数收益率,广发基金管理有限公司,中国银行股份有限公司,股票型ETF,规模指数ETF,000510.CSI,19342052895.83,2242897387,2029741500,0.903,0.90496404862948,-0.143757603
2025-04-11,563800.SH,广发中证A500ETF,20241118,中证A500指数,中证A500指数收益率,广发基金管理有限公司,中国银行股份有限公司,股票型ETF,规模指数ETF,000510.CSI,19694508786.33,2220760433,2012485136,0.909,0.90621442371492,-0.032992412
2025-04-14,563800.SH,广发中证A500ETF,20241118,中证A500指数,中证A500指数收益率,广发基金管理有限公司,中国银行股份有限公司,股票型ETF,规模指数ETF,000510.CSI,19636133609.68,1710858077,1563067536,0.912,0.91361613041618,-0.087642419
2025-04-15,563800.SH,广发中证A500ETF,20241118,中证A500指数,中证A500指数收益率,广发基金管理有限公司,中国银行股份有限公司,股票型ETF,规模指数ETF,000510.CSI,19568708833.77,1901350837,1727072363,0.911,0.90833965483457,-0.076779642
2025-04-16,563800.SH,广发中证A500ETF,20241118,中证A500指数,中证A500指数收益率,广发基金管理有限公司,中国银行股份有限公司,股票型ETF,规模指数ETF,000510.CSI,19547555016.25,1985561378,1794912085,0.91,0.9039821709304,-0.273972603
2025-04-17,563800.SH,广发中证A500ETF,20241118,中证A500指数,中证A500指数收益率,广发基金管理有限公司,中国银行股份有限公司,股票型ETF,规模指数ETF,000510.CSI,19504609129.39,2156718301,1966560505,0.911,0.91183002624319,-0.098695032
2025-04-18,563800.SH,广发中证A500ETF,20241118,中证A500指数,中证A500指数收益率,广发基金管理有限公司,中国银行股份有限公司,股票型ETF,规模指数ETF,000510.CSI,19261995222.82,2260107183,2053801979,0.911,0.90871884061438,-0.131550099
2025-04-21,563800.SH,广发中证A500ETF,20241118,中证A500指数,中证A500指数收益率,广发基金管理有限公司,中国银行股份有限公司,股票型ETF,规模指数ETF,000510.CSI,19198053780.47,1999669822,1832691441,0.917,0.91649702407721,-0.185044084
2025-04-22,563800.SH,广发中证A500ETF,20241118,中证A500指数,中证A500指数收益率,广发基金管理有限公司,中国银行股份有限公司,股票型ETF,规模指数ETF,000510.CSI,19059449504.56,1867225031,1715164373,0.918,0.91856329286751,0.043591979
2025-04-23,563800.SH,广发中证A500ETF,20241118,中证A500指数,中证A500指数收益率,广发基金管理有限公司,中国银行股份有限公司,股票型ETF,规模指数ETF,000510.CSI,19103033867.33,1467293618,1349140694,0.92,0.91947560968673,0.076144893
2025-04-24,563800.SH,广发中证A500ETF,20241118,中证A500指数,中证A500指数收益率,广发基金管理有限公司,中国银行股份有限公司,股票型ETF,规模指数ETF,000510.CSI,19088992911.13,1821788709,1675242518,0.918,0.91955917265486,0.076310912
2025-04-25,563800.SH,广发中证A500ETF,20241118,中证A500指数,中证A500指数收益率,广发基金管理有限公司,中国银行股份有限公司,股票型ETF,规模指数ETF,000510.CSI,19076819471.71,1989409673,1830502757,0.919,0.92012358331385,-0.010880209
2025-04-28,563800.SH,广发中证A500ETF,20241118,中证A500指数,中证A500指数收益率,广发基金管理有限公司,中国银行股份有限公司,股票型ETF,规模指数ETF,000510.CSI,18883309522.08,1872318979,1716650392,0.916,0.91685787050925,-0.087260035
2025-04-29,563800.SH,广发中证A500ETF,20241118,中证A500指数,中证A500指数收益率,广发基金管理有限公司,中国银行股份有限公司,股票型ETF,规模指数ETF,000510.CSI,18776746024.27,1690137674,1548644193,0.916,0.91628286667019,-0.07636086
2025-04-30,563800.SH,广发中证A500ETF,20241118,中证A500指数,中证A500指数收益率,广发基金管理有限公司,中国银行股份有限公司,股票型ETF,规模指数ETF,000510.CSI,18761438702.37,1689731244,1551464427,0.917,0.91817230255346,-0.076277651
2025-05-06,563800.SH,广发中证A500ETF,20241118,中证A500指数,中证A500指数收益率,广发基金管理有限公司,中国银行股份有限公司,股票型ETF,规模指数ETF,000510.CSI,19008065535.19,1604406477,1487562778,0.929,0.92717325648144,-0.0967846
2025-05-07,563800.SH,广发中证A500ETF,20241118,中证A500指数,中证A500指数收益率,广发基金管理有限公司,中国银行股份有限公司,股票型ETF,规模指数ETF,000510.CSI,18969555732.26,2183418168,2036304144,0.934,0.93262214899734,-0.064198588
2025-05-08,563800.SH,广发中证A500ETF,20241118,中证A500指数,中证A500指数收益率,广发基金管理有限公司,中国银行股份有限公司,股票型ETF,规模指数ETF,000510.CSI,19197599414.0,2095761604,1968341713,0.941,0.93920115209821,0.106382979
2025-05-09,563800.SH,广发中证A500ETF,20241118,中证A500指数,中证A500指数收益率,广发基金管理有限公司,中国银行股份有限公司,股票型ETF,规模指数ETF,000510.CSI,19021388888.46,2148549173,2010777340,0.937,0.9358768071351,0.042707666
2025-05-12,563800.SH,广发中证A500ETF,20241118,中证A500指数,中证A500指数收益率,广发基金管理有限公司,中国银行股份有限公司,股票型ETF,规模指数ETF,000510.CSI,19198440430.04,2120296010,2003129774,0.948,0.94474062326797,-0.042176297
2025-05-13,563800.SH,广发中证A500ETF,20241118,中证A500指数,中证A500指数收益率,广发基金管理有限公司,中国银行股份有限公司,股票型ETF,规模指数ETF,000510.CSI,19075603221.28,2010597846,1907671116,0.949,0.94880789800667,0.021079258
2025-05-14,563800.SH,广发中证A500ETF,20241118,中证A500指数,中证A500指数收益率,广发基金管理有限公司,中国银行股份有限公司,股票型ETF,规模指数ETF,000510.CSI,19486898632.94,2461711236,2339589142,0.957,0.95039138132284,-0.04177982
2025-05-15,563800.SH,广发中证A500ETF,20241118,中证A500指数,中证A500指数收益率,广发基金管理有限公司,中国银行股份有限公司,股票型ETF,规模指数ETF,000510.CSI,19036429145.37,2026945554,1925742670,0.948,0.95007123708859,0.031655587
2025-05-16,563800.SH,广发中证A500ETF,20241118,中证A500指数,中证A500指数收益率,广发基金管理有限公司,中国银行股份有限公司,股票型ETF,规模指数ETF,000510.CSI,18934486313.26,2253958434,2128006397,0.944,0.94411962745183,-0.06351895
2025-05-19,563800.SH,广发中证A500ETF,20241118,中证A500指数,中证A500指数收益率,广发基金管理有限公司,中国银行股份有限公司,股票型ETF,规模指数ETF,000510.CSI,18824531859.25,2187177421,2057356000,0.943,0.94064431181781,0.053050398
2025-05-20,563800.SH,广发中证A500ETF,20241118,中证A500指数,中证A500指数收益率,广发基金管理有限公司,中国银行股份有限公司,股票型ETF,规模指数ETF,000510.CSI,18801837034.42,2051609387,1941514785,0.948,0.94633744478963,-0.021092596
2025-05-21,563800.SH,广发中证A500ETF,20241118,中证A500指数,中证A500指数收益率,广发基金管理有限公司,中国银行股份有限公司,股票型ETF,规模指数ETF,000510.CSI,18776743435.87,2166741442,2064221422,0.952,0.95268470062336,-0.073475386
2025-05-22,563800.SH,广发中证A500ETF,20241118,中证A500指数,中证A500指数收益率,广发基金管理有限公司,中国银行股份有限公司,股票型ETF,规模指数ETF,000510.CSI,18578179195.0,1627441484,1547138163,0.95,0.95065670760547,0
2025-05-23,563800.SH,广发中证A500ETF,20241118,中证A500指数,中证A500指数收益率,广发基金管理有限公司,中国银行股份有限公司,股票型ETF,规模指数ETF,000510.CSI,18079989957.06,1861242694,1769402261,0.943,0.95065639032671,0.042435816
2025-05-26,563800.SH,广发中证A500ETF,20241118,中证A500指数,中证A500指数收益率,广发基金管理有限公司,中国银行股份有限公司,股票型ETF,规模指数ETF,000510.CSI,18110421538.09,1526222582,1434977703,0.939,0.9402152215043,0.010650762
2025-05-27,563800.SH,广发中证A500ETF,20241118,中证A500指数,中证A500指数收益率,广发基金管理有限公司,中国银行股份有限公司,股票型ETF,规模指数ETF,000510.CSI,18085537958.54,1550977311,1450167060,0.933,0.9350021110657,-0.042854082
2025-05-28,563800.SH,广发中证A500ETF,20241118,中证A500指数,中证A500指数收益率,广发基金管理有限公司,中国银行股份有限公司,股票型ETF,规模指数ETF,000510.CSI,17999695589.2,1343248834,1252958540,0.932,0.9327821534517,0
2025-05-29,563800.SH,广发中证A500ETF,20241118,中证A500指数,中证A500指数收益率,广发基金管理有限公司,中国银行股份有限公司,股票型ETF,规模指数ETF,000510.CSI,18084322329.33,1786930741,1675945987,0.938,0.93789084744387,-0.138400937
2025-05-30,563800.SH,广发中证A500ETF,20241118,中证A500指数,中证A500指数收益率,广发基金管理有限公司,中国银行股份有限公司,股票型ETF,规模指数ETF,000510.CSI,17845743554.16,1539299978,1437420109,0.936,0.9338141554888,0.257069409
2025-06-03,563800.SH,广发中证A500ETF,20241118,中证A500指数,中证A500指数收益率,广发基金管理有限公司,中国银行股份有限公司,股票型ETF,规模指数ETF,000510.CSI,17931551116.93,1182267904,1105950467,0.935,0.93544827129131,-0.03207527
2025-06-04,563800.SH,广发中证A500ETF,20241118,中证A500指数,中证A500指数收益率,广发基金管理有限公司,中国银行股份有限公司,股票型ETF,规模指数ETF,000510.CSI,17968987616.19,1559616637,1465340272,0.939,0.93955157776379,-0.095754868
2025-06-05,563800.SH,广发中证A500ETF,20241118,中证A500指数,中证A500指数收益率,广发基金管理有限公司,中国银行股份有限公司,股票型ETF,规模指数ETF,000510.CSI,17790617341.73,1591436524,1496326274,0.942,0.94023622773157,-0.137814057
2025-06-06,563800.SH,广发中证A500ETF,20241118,中证A500指数,中证A500指数收益率,广发基金管理有限公司,中国银行股份有限公司,股票型ETF,规模指数ETF,000510.CSI,17728379348.3,1515161248,1428172019,0.943,0.94258747765967,0
2025-06-09,563800.SH,广发中证A500ETF,20241118,中证A500指数,中证A500指数收益率,广发基金管理有限公司,中国银行股份有限公司,股票型ETF,规模指数ETF,000510.CSI,17789418967.27,1177103651,1114278569,0.946,0.94662740027471,-0.073941058
2025-06-10,563800.SH,广发中证A500ETF,20241118,中证A500指数,中证A500指数收益率,广发基金管理有限公司,中国银行股份有限公司,股票型ETF,规模指数ETF,000510.CSI,17613606989.91,1545271736,1459855463,0.941,0.94472410838167,-0.010625863
2025-06-11,563800.SH,广发中证A500ETF,20241118,中证A500指数,中证A500指数收益率,广发基金管理有限公司,中国银行股份有限公司,股票型ETF,规模指数ETF,000510.CSI,17592015238.8,1659750660,1574617675,0.947,0.94870736487612,-0.105485232
2025-06-12,563800.SH,广发中证A500ETF,20241118,中证A500指数,中证A500指数收益率,广发基金管理有限公司,中国银行股份有限公司,股票型ETF,规模指数ETF,000510.CSI,17521468821.28,1611070182,1526419198,0.948,0.94745667510591,-0.084317032
2025-06-13,563800.SH,广发中证A500ETF,20241118,中证A500指数,中证A500指数收益率,广发基金管理有限公司,中国银行股份有限公司,股票型ETF,规模指数ETF,000510.CSI,17549396565.82,1554237329,1464672452,0.943,0.94237374477576,0.084907663
2025-06-16,563800.SH,广发中证A500ETF,20241118,中证A500指数,中证A500指数收益率,广发基金管理有限公司,中国银行股份有限公司,股票型ETF,规模指数ETF,000510.CSI,17800030517.64,1218477635,1149794424,0.944,0.94363194774601,-0.042354934
2025-06-17,563800.SH,广发中证A500ETF,20241118,中证A500指数,中证A500指数收益率,广发基金管理有限公司,中国银行股份有限公司,股票型ETF,规模指数ETF,000510.CSI,17692524943.92,1212855895,1143846770,0.943,0.94310195853894,-0.021204411
2025-06-18,563800.SH,广发中证A500ETF,20241118,中证A500指数,中证A500指数收益率,广发基金管理有限公司,中国银行股份有限公司,股票型ETF,规模指数ETF,000510.CSI,17191096224.21,1438865129,1355499452,0.944,0.94206150714213,-0.010592098
2025-06-19,563800.SH,广发中证A500ETF,20241118,中证A500指数,中证A500指数收益率,广发基金管理有限公司,中国银行股份有限公司,股票型ETF,规模指数ETF,000510.CSI,16877132505.98,1070565241,1005007625,0.936,0.93876354892789,0.021372088
2025-06-20,563800.SH,广发中证A500ETF,20241118,中证A500指数,中证A500指数收益率,广发基金管理有限公司,中国银行股份有限公司,股票型ETF,规模指数ETF,000510.CSI,16887756316.93,969056536,908062947,0.936,0.93705879199601,0.074842297
2025-06-23,563800.SH,广发中证A500ETF,20241118,中证A500指数,中证A500指数收益率,广发基金管理有限公司,中国银行股份有限公司,股票型ETF,规模指数ETF,000510.CSI,17040075538.09,1258363017,1177288628,0.939,0.93557154183275,0.010650762
2025-06-24,563800.SH,广发中证A500ETF,20241118,中证A500指数,中证A500指数收益率,广发基金管理有限公司,中国银行股份有限公司,股票型ETF,规模指数ETF,000510.CSI,17228789662.15,1133347820,1076277500,0.951,0.94964447895616,-0.052548607
2025-06-25,563800.SH,广发中证A500ETF,20241118,中证A500指数,中证A500指数收益率,广发基金管理有限公司,中国银行股份有限公司,股票型ETF,规模指数ETF,000510.CSI,17601684668.69,1602699375,1532479821,0.966,0.95618669658494,0.114001451
2025-06-26,563800.SH,广发中证A500ETF,20241118,中证A500指数,中证A500指数收益率,广发基金管理有限公司,中国银行股份有限公司,股票型ETF,规模指数ETF,000510.CSI,17387895127.82,1284180607,1238862329,0.962,0.96471035479513,-0.020785699
2025-06-27,563800.SH,广发中证A500ETF,20241118,中证A500指数,中证A500指数收益率,广发基金管理有限公司,中国银行股份有限公司,股票型ETF,规模指数ETF,000510.CSI,17803178976.0,1910457656,1844093781,0.959,0.9652628390943,-0.104166667
2025-06-30,563800.SH,广发中证A500ETF,20241118,中证A500指数,中证A500指数收益率,广发基金管理有限公司,中国银行股份有限公司,股票型ETF,规模指数ETF,000510.CSI,18495849928.303,1506916404,1453779712,0.967,0.96473812889756,0.031033413
2025-07-01,563800.SH,广发中证A500ETF,20241118,中证A500指数,中证A500指数收益率,广发基金管理有限公司,中国银行股份有限公司,股票型ETF,规模指数ETF,000510.CSI,17532269798.61,1950090996,1881863858,0.968,0.96501335674082,-0.010329511
2025-07-02,563800.SH,广发中证A500ETF,20241118,中证A500指数,中证A500指数收益率,广发基金管理有限公司,中国银行股份有限公司,股票型ETF,规模指数ETF,000510.CSI,17391711042.41,967675020,934561880,0.965,0.96578072254051,-0.113859849
2025-07-03,563800.SH,广发中证A500ETF,20241118,中证A500指数,中证A500指数收益率,广发基金管理有限公司,中国银行股份有限公司,股票型ETF,规模指数ETF,000510.CSI,17421650106.63,1031775239,999974225,0.971,0.96917835125524,-0.133703589
2025-07-04,563800.SH,广发中证A500ETF,20241118,中证A500指数,中证A500指数收益率,广发基金管理有限公司,中国银行股份有限公司,股票型ETF,规模指数ETF,000510.CSI,17336873878.16,978528758,952191631,0.974,0.97308497396251,0.041084634
2025-07-07,563800.SH,广发中证A500ETF,20241118,中证A500指数,中证A500指数收益率,广发基金管理有限公司,中国银行股份有限公司,股票型ETF,规模指数ETF,000510.CSI,17197463574.52,969529639,939418200,0.968,0.96894221920739,-0.123813454
2025-07-08,563800.SH,广发中证A500ETF,20241118,中证A500指数,中证A500指数收益率,广发基金管理有限公司,中国银行股份有限公司,股票型ETF,规模指数ETF,000510.CSI,17322026555.52,1107186917,1080657622,0.979,0.9760390096806,-0.020424837
2025-07-09,563800.SH,广发中证A500ETF,20241118,中证A500指数,中证A500指数收益率,广发基金管理有限公司,中国银行股份有限公司,股票型ETF,规模指数ETF,000510.CSI,17108428305.89,1094926839,1073231801,0.978,0.98018585605243,0.112601085
2025-07-10,563800.SH,广发中证A500ETF,20241118,中证A500指数,中证A500指数收益率,广发基金管理有限公司,中国银行股份有限公司,股票型ETF,规模指数ETF,000510.CSI,17180154505.15,975244689,956363043,0.981,0.98063906810981,-0.050942435
2025-07-11,563800.SH,广发中证A500ETF,20241118,中证A500指数,中证A500指数收益率,广发基金管理有限公司,中国银行股份有限公司,股票型ETF,规模指数ETF,000510.CSI,17167543428.5,1163148008,1150048052,0.985,0.9887374986589,0
2025-07-14,563800.SH,广发中证A500ETF,20241118,中证A500指数,中证A500指数收益率,广发基金管理有限公司,中国银行股份有限公司,股票型ETF,规模指数ETF,000510.CSI,17067879208.79,1234824479,1218746087,0.985,0.98697920856491,-0.091287149
2025-07-15,563800.SH,广发中证A500ETF,20241118,中证A500指数,中证A500指数收益率,广发基金管理有限公司,中国银行股份有限公司,股票型ETF,规模指数ETF,000510.CSI,16971627469.37,1047830234,1033900538,0.987,0.98670615186696,-0.070871722
2025-07-16,563800.SH,广发中证A500ETF,20241118,中证A500指数,中证A500指数收益率,广发基金管理有限公司,中国银行股份有限公司,股票型ETF,规模指数ETF,000510.CSI,16992213010.98,1066337559,1052793421,0.984,0.98729845170914,-0.182592818
2025-07-17,563800.SH,广发中证A500ETF,20241118,中证A500指数,中证A500指数收益率,广发基金管理有限公司,中国银行股份有限公司,股票型ETF,规模指数ETF,000510.CSI,17001975005.12,1279354031,1266915672,0.995,0.99027762550584,-0.020096463
2025-07-18,563800.SH,广发中证A500ETF,20241118,中证A500指数,中证A500指数收益率,广发基金管理有限公司,中国银行股份有限公司,股票型ETF,规模指数ETF,000510.CSI,17010062471.53,1107681308,1107395935,1.002,0.99974236903888,0.069909118
2025-07-21,563800.SH,广发中证A500ETF,20241118,中证A500指数,中证A500指数收益率,广发基金管理有限公司,中国银行股份有限公司,股票型ETF,规模指数ETF,000510.CSI,16977073107.28,1172059040,1177992138,1.008,1.0050621153009,-0.079302141
2025-07-22,563800.SH,广发中证A500ETF,20241118,中证A500指数,中证A500指数收益率,广发基金管理有限公司,中国银行股份有限公司,股票型ETF,规模指数ETF,000510.CSI,16984453318.94,1491607168,1507736701,1.018,1.0108135260718,0.058973855
2025-07-23,563800.SH,广发中证A500ETF,20241118,中证A500指数,中证A500指数收益率,广发基金管理有限公司,中国银行股份有限公司,股票型ETF,规模指数ETF,000510.CSI,16751266140.84,1516493488,1546647709,1.017,1.0198841744054,0.059031877
2025-07-24,563800.SH,广发中证A500ETF,20241118,中证A500指数,中证A500指数收益率,广发基金管理有限公司,中国银行股份有限公司,股票型ETF,规模指数ETF,000510.CSI,16993775137.17,1769329254,1804218733,1.026,1.0197190426378,0.029248318
2025-07-25,563800.SH,广发中证A500ETF,20241118,中证A500指数,中证A500指数收益率,广发基金管理有限公司,中国银行股份有限公司,股票型ETF,规模指数ETF,000510.CSI,17067923209.44,1486578141,1520557098,1.023,1.0228571617346,0.058685446
2025-07-28,563800.SH,广发中证A500ETF,20241118,中证A500指数,中证A500指数收益率,广发基金管理有限公司,中国银行股份有限公司,股票型ETF,规模指数ETF,000510.CSI,16993538041.55,1334669739,1366411218,1.026,1.0237822721775,0.048756704
2025-07-29,563800.SH,广发中证A500ETF,20241118,中证A500指数,中证A500指数收益率,广发基金管理有限公司,中国银行股份有限公司,股票型ETF,规模指数ETF,000510.CSI,16942206225.48,1289875982,1322755318,1.032,1.0254903079512,0.116414435
2025-07-30,563800.SH,广发中证A500ETF,20241118,中证A500指数,中证A500指数收益率,广发基金管理有限公司,中国银行股份有限公司,股票型ETF,规模指数ETF,000510.CSI,16790239975.85,1327612578,1370300616,1.028,1.0321539873208,-0.048614487
2025-07-31,563800.SH,广发中证A500ETF,20241118,中证A500指数,中证A500指数收益率,广发基金管理有限公司,中国银行股份有限公司,股票型ETF,规模指数ETF,000510.CSI,16482863867.86,1563151560,1591186349,1.012,1.0179347861829,0.138531565
2025-08-01,563800.SH,广发中证A500ETF,20241118,中证A500指数,中证A500指数收益率,广发基金管理有限公司,中国银行股份有限公司,股票型ETF,规模指数ETF,000510.CSI,16377895364.22,938069391,945767341,1.006,1.0082061626505,-0.019876764
2025-08-04,563800.SH,广发中证A500ETF,20241118,中证A500指数,中证A500指数收益率,广发基金管理有限公司,中国银行股份有限公司,股票型ETF,规模指数ETF,000510.CSI,16220702165.67,1355779251,1364402547,1.011,1.0063603982681,0.029682398
2025-08-05,563800.SH,广发中证A500ETF,20241118,中证A500指数,中证A500指数收益率,广发基金管理有限公司,中国银行股份有限公司,股票型ETF,规模指数ETF,000510.CSI,16625927716.75,1613920726,1637059670,1.018,1.0143371007183,0.049140049
2025-08-06,563800.SH,广发中证A500ETF,20241118,中证A500指数,中证A500指数收益率,广发基金管理有限公司,中国银行股份有限公司,股票型ETF,规模指数ETF,000510.CSI,16723569626.96,1233734497,1258062899,1.022,1.0197193172917,0.039154268
2025-08-07,563800.SH,广发中证A500ETF,20241118,中证A500指数,中证A500指数收益率,广发基金管理有限公司,中国银行股份有限公司,股票型ETF,规模指数ETF,000510.CSI,16658813235.72,1233182562,1257020301,1.021,1.0193302595532,-0.019584802
2025-08-08,563800.SH,广发中证A500ETF,20241118,中证A500指数,中证A500指数收益率,广发基金管理有限公司,中国银行股份有限公司,股票型ETF,规模指数ETF,000510.CSI,16457846683.9,1256894897,1281884970,1.019,1.0198823887818,0
2025-08-11,563800.SH,广发中证A500ETF,20241118,中证A500指数,中证A500指数收益率,广发基金管理有限公司,中国银行股份有限公司,股票型ETF,规模指数ETF,000510.CSI,16638784326.22,1258060812,1290347217,1.026,1.0256636282539,-0.019489378
2025-08-12,563800.SH,广发中证A500ETF,20241118,中证A500指数,中证A500指数收益率,广发基金管理有限公司,中国银行股份有限公司,股票型ETF,规模指数ETF,000510.CSI,16657565229.86,1487690894,1530849208,1.03,1.0290102696562,-0.058218513
2025-08-13,563800.SH,广发中证A500ETF,20241118,中证A500指数,中证A500指数收益率,广发基金管理有限公司,中国银行股份有限公司,股票型ETF,规模指数ETF,000510.CSI,16680316808.67,1510312985,1566408640,1.04,1.037141741849,-0.06726242
2025-08-14,563800.SH,广发中证A500ETF,20241118,中证A500指数,中证A500指数收益率,广发基金管理有限公司,中国银行股份有限公司,股票型ETF,规模指数ETF,000510.CSI,16235268885.32,1496597068,1561199134,1.037,1.0431659712432,-0.019282684
2025-08-15,563800.SH,广发中证A500ETF,20241118,中证A500指数,中证A500指数收益率,广发基金管理有限公司,中国银行股份有限公司,股票型ETF,规模指数ETF,000510.CSI,16394950070.7,1306909940,1361962129,1.048,1.0421239347219,0.095510984
2025-08-18,563800.SH,广发中证A500ETF,20241118,中证A500指数,中证A500指数收益率,广发基金管理有限公司,中国银行股份有限公司,股票型ETF,规模指数ETF,000510.CSI,16264031927.61,1648648800,1742354859,1.058,1.0568380961427,-0.009450903
2025-08-19,563800.SH,广发中证A500ETF,20241118,中证A500指数,中证A500指数收益率,广发基金管理有限公司,中国银行股份有限公司,股票型ETF,规模指数ETF,000510.CSI,15918361928.35,1481160839,1566251747,1.054,1.0574487967542,0.047460845
2025-08-20,563800.SH,广发中证A500ETF,20241118,中证A500指数,中证A500指数收益率,广发基金管理有限公司,中国银行股份有限公司,股票型ETF,规模指数ETF,000510.CSI,15881886656.79,1302841811,1372866575,1.066,1.0537477101278,0.009381743
2025-08-21,563800.SH,广发中证A500ETF,20241118,中证A500指数,中证A500指数收益率,广发基金管理有限公司,中国银行股份有限公司,股票型ETF,规模指数ETF,000510.CSI,15856039191.09,1173850820,1255515262,1.068,1.0695696937026,-0.084198709
2025-08-22,563800.SH,广发中证A500ETF,20241118,中证A500指数,中证A500指数收益率,广发基金管理有限公司,中国银行股份有限公司,股票型ETF,规模指数ETF,000510.CSI,16257672085.2,1076485029,1162196790,1.095,1.0796218792561,0.274725275
2025-08-25,563800.SH,广发中证A500ETF,20241118,中证A500指数,中证A500指数收益率,广发基金管理有限公司,中国银行股份有限公司,股票型ETF,规模指数ETF,000510.CSI,16784566366.17,1394074775,1546208187,1.116,1.1091285881706,0.026888949
2025-08-26,563800.SH,广发中证A500ETF,20241118,中证A500指数,中证A500指数收益率,广发基金管理有限公司,中国银行股份有限公司,股票型ETF,规模指数ETF,000510.CSI,16528018399.02,1152864640,1285117252,1.114,1.1147165134668,-0.017950099
2025-08-27,563800.SH,广发中证A500ETF,20241118,中证A500指数,中证A500指数收益率,广发基金管理有限公司,中国银行股份有限公司,股票型ETF,规模指数ETF,000510.CSI,16214898949.42,1196428508,1337459254,1.099,1.1178764506671,0.072846476
2025-08-28,563800.SH,广发中证A500ETF,20241118,中证A500指数,中证A500指数收益率,广发基金管理有限公司,中国银行股份有限公司,股票型ETF,规模指数ETF,000510.CSI,16570489191.71,1187148071,1311758420,1.118,1.1049661386343,-0.098293271
2025-08-29,563800.SH,广发中证A500ETF,20241118,中证A500指数,中证A500指数收益率,广发基金管理有限公司,中国银行股份有限公司,股票型ETF,规模指数ETF,000510.CSI,16588372274.9,1157619344,1304220038,1.13,1.1266398101931,0.088573959
2025-09-01,563800.SH,广发中证A500ETF,20241118,中证A500指数,中证A500指数收益率,广发基金管理有限公司,中国银行股份有限公司,股票型ETF,规模指数ETF,000510.CSI,16753335464.66,989530829,1120802999,1.137,1.132661020913,-0.14052345
2025-09-02,563800.SH,广发中证A500ETF,20241118,中证A500指数,中证A500指数收益率,广发基金管理有限公司,中国银行股份有限公司,股票型ETF,规模指数ETF,000510.CSI,16540915340.6,994774373,1124740934,1.126,1.1306492854335,0
2025-09-03,563800.SH,广发中证A500ETF,20241118,中证A500指数,中证A500指数收益率,广发基金管理有限公司,中国银行股份有限公司,股票型ETF,规模指数ETF,000510.CSI,16245736900.47,1019218865,1142340918,1.117,1.1208004062994,-0.151962099
2025-09-04,563800.SH,广发中证A500ETF,20241118,中证A500指数,中证A500指数收益率,广发基金管理有限公司,中国银行股份有限公司,股票型ETF,规模指数ETF,000510.CSI,16110067604.91,953186382,1047431336,1.092,1.0988735842011,0.082485565
2025-09-05,563800.SH,广发中证A500ETF,20241118,中证A500指数,中证A500指数收益率,广发基金管理有限公司,中国银行股份有限公司,股票型ETF,规模指数ETF,000510.CSI,16489535352.29,1164333359,1285482944,1.121,1.1040506003401,0.008921402
2025-09-08,563800.SH,广发中证A500ETF,20241118,中证A500指数,中证A500指数收益率,广发基金管理有限公司,中国银行股份有限公司,股票型ETF,规模指数ETF,000510.CSI,16516824536.22,951712012,1067813837,1.125,1.1219926023168,-0.10655301
2025-09-09,563800.SH,广发中证A500ETF,20241118,中证A500指数,中证A500指数收益率,广发基金管理有限公司,中国银行股份有限公司,股票型ETF,规模指数ETF,000510.CSI,16293312739.89,918970432,1030447042,1.116,1.1213059812571,-0.080580177
2025-09-10,563800.SH,广发中证A500ETF,20241118,中证A500指数,中证A500指数收益率,广发基金管理有限公司,中国银行股份有限公司,股票型ETF,规模指数ETF,000510.CSI,15633238587.33,1678705934,1872277514,1.119,1.1153099992557,-0.026802466
2025-09-11,563800.SH,广发中证A500ETF,20241118,中证A500指数,中证A500指数收益率,广发基金管理有限公司,中国银行股份有限公司,股票型ETF,规模指数ETF,000510.CSI,16363126098.22,1378042304,1562765210,1.148,1.134047340538,0.157040656
2025-09-12,563800.SH,广发中证A500ETF,20241118,中证A500指数,中证A500指数收益率,广发基金管理有限公司,中国银行股份有限公司,股票型ETF,规模指数ETF,000510.CSI,16370811296.77,966612961,1108580519,1.142,1.1468711508411,0.026276605
2025-09-15,563800.SH,广发中证A500ETF,20241118,中证A500指数,中证A500指数收益率,广发基金管理有限公司,中国银行股份有限公司,股票型ETF,规模指数ETF,000510.CSI,16091804924.5,1147768165,1317089456,1.145,1.1475222054098,0
2025-09-16,563800.SH,广发中证A500ETF,20241118,中证A500指数,中证A500指数收益率,广发基金管理有限公司,中国银行股份有限公司,股票型ETF,规模指数ETF,000510.CSI,16014957715.74,991114570,1132134868,1.145,1.1422845574755,-0.034922298
2025-09-17,563800.SH,广发中证A500ETF,20241118,中证A500指数,中证A500指数收益率,广发基金管理有限公司,中国银行股份有限公司,股票型ETF,规模指数ETF,000510.CSI,16068068318.64,923361750,1061086342,1.155,1.1491556175031,0.051975052
2025-09-18,563800.SH,广发中证A500ETF,20241118,中证A500指数,中证A500指数收益率,广发基金管理有限公司,中国银行股份有限公司,股票型ETF,规模指数ETF,000510.CSI,15622760888.01,1231234226,1417317668,1.141,1.1511356962554,-0.096313808
2025-09-19,563800.SH,广发中证A500ETF,20241118,中证A500指数,中证A500指数收益率,广发基金管理有限公司,中国银行股份有限公司,股票型ETF,规模指数ETF,000510.CSI,15681007988.01,990353819,1132995936,1.144,1.1440314706354,0.166360214
2025-09-22,563800.SH,广发中证A500ETF,20241118,中证A500指数,中证A500指数收益率,广发基金管理有限公司,中国银行股份有限公司,股票型ETF,规模指数ETF,000510.CSI,15759981778.51,973780511,1112500570,1.147,1.1424551605141,-0.008717636
2025-09-23,563800.SH,广发中证A500ETF,20241118,中证A500指数,中证A500指数收益率,广发基金管理有限公司,中国银行股份有限公司,股票型ETF,规模指数ETF,000510.CSI,15466016631.07,1363421632,1556084613,1.147,1.1413084378875,0.200926007
2025-09-24,563800.SH,广发中证A500ETF,20241118,中证A500指数,中证A500指数收益率,广发基金管理有限公司,中国银行股份有限公司,股票型ETF,规模指数ETF,000510.CSI,16115360978.48,788529923,907797577,1.161,1.1512531744467,0.017229497
2025-09-25,563800.SH,广发中证A500ETF,20241118,中证A500指数,中证A500指数收益率,广发基金管理有限公司,中国银行股份有限公司,股票型ETF,规模指数ETF,000510.CSI,16251633496.71,1076541564,1256911314,1.17,1.1675455514507,0.076982294
2025-09-26,563800.SH,广发中证A500ETF,20241118,中证A500指数,中证A500指数收益率,广发基金管理有限公司,中国银行股份有限公司,股票型ETF,规模指数ETF,000510.CSI,16622972585.79,1189524713,1386008064,1.157,1.1651780319086,0.095163942
2025-09-29,563800.SH,广发中证A500ETF,20241118,中证A500指数,中证A500指数收益率,广发基金管理有限公司,中国银行股份有限公司,股票型ETF,规模指数ETF,000510.CSI,17013166311.3,996481342,1158975463,1.174,1.163067901175,0.085251492
2025-09-30,563800.SH,广发中证A500ETF,20241118,中证A500指数,中证A500指数收益率,广发基金管理有限公司,中国银行股份有限公司,股票型ETF,规模指数ETF,000510.CSI,17081183721.778,1046267842,1233700748,1.182,1.1791442864589,0.033852404
2025-10-09,563800.SH,广发中证A500ETF,20241118,中证A500指数,中证A500指数收益率,广发基金管理有限公司,中国银行股份有限公司,股票型ETF,规模指数ETF,000510.CSI,16801972511.24,1201927642,1437568231,1.2,1.1960522254134,-0.033322226
2025-10-10,563800.SH,广发中证A500ETF,20241118,中证A500指数,中证A500指数收益率,广发基金管理有限公司,中国银行股份有限公司,股票型ETF,规模指数ETF,000510.CSI,16114447413.49,1067721454,1261302132,1.171,1.1813026021673,-0.161991645
2025-10-13,563800.SH,广发中证A500ETF,20241118,中证A500指数,中证A500指数收益率,广发基金管理有限公司,中国银行股份有限公司,股票型ETF,规模指数ETF,000510.CSI,16109668838.32,847829160,983550273,1.167,1.1600807325381,-0.017135024
2025-10-14,563800.SH,广发中证A500ETF,20241118,中证A500指数,中证A500指数收益率,广发基金管理有限公司,中国银行股份有限公司,股票型ETF,规模指数ETF,000510.CSI,15261998093.84,1267633651,1472834573,1.149,1.1618771494731,0.22679693
2025-10-15,563800.SH,广发中证A500ETF,20241118,中证A500指数,中证A500指数收益率,广发基金管理有限公司,中国银行股份有限公司,股票型ETF,规模指数ETF,000510.CSI,15460058210.59,865723772,995836495,1.163,1.1502935777071,-0.077326231
2025-10-16,563800.SH,广发中证A500ETF,20241118,中证A500指数,中证A500指数收益率,广发基金管理有限公司,中国银行股份有限公司,股票型ETF,规模指数ETF,000510.CSI,15274551717.16,848710607,989623671,1.163,1.166031934605,-0.051564111
2025-10-17,563800.SH,广发中证A500ETF,20241118,中证A500指数,中证A500指数收益率,广发基金管理有限公司,中国银行股份有限公司,股票型ETF,规模指数ETF,000510.CSI,14536470352.26,955030018,1094583314,1.136,1.1461245127062,0.123391504
2025-10-20,563800.SH,广发中证A500ETF,20241118,中证A500指数,中证A500指数收益率,广发基金管理有限公司,中国银行股份有限公司,股票型ETF,规模指数ETF,000510.CSI,14841091394.58,928345512,1062639079,1.142,1.1446590361714,0.017516202
2025-10-21,563800.SH,广发中证A500ETF,20241118,中证A500指数,中证A500指数收益率,广发基金管理有限公司,中国银行股份有限公司,股票型ETF,规模指数ETF,000510.CSI,14939217782.86,957628765,1107039376,1.159,1.1560214317497,-0.137859728
2025-10-22,563800.SH,广发中证A500ETF,20241118,中证A500指数,中证A500指数收益率,广发基金管理有限公司,中国银行股份有限公司,股票型ETF,规模指数ETF,000510.CSI,14748222683.6,795884116,918993793,1.156,1.1546829174312,0
2025-10-23,563800.SH,广发中证A500ETF,20241118,中证A500指数,中证A500指数收益率,广发基金管理有限公司,中国银行股份有限公司,股票型ETF,规模指数ETF,000510.CSI,14763774209.14,703860526,807604967,1.159,1.1473934638579,-0.034500604
2025-10-24,563800.SH,广发中证A500ETF,20241118,中证A500指数,中证A500指数收益率,广发基金管理有限公司,中国银行股份有限公司,股票型ETF,规模指数ETF,000510.CSI,14934092043.41,712522220,833510404,1.176,1.1698026820834,-0.008502678
2025-10-27,563800.SH,广发中证A500ETF,20241118,中证A500指数,中证A500指数收益率,广发基金管理有限公司,中国银行股份有限公司,股票型ETF,规模指数ETF,000510.CSI,15090321406.15,709683490,842984939,1.191,1.1878322532204,-0.041963911
2025-10-28,563800.SH,广发中证A500ETF,20241118,中证A500指数,中证A500指数收益率,广发基金管理有限公司,中国银行股份有限公司,股票型ETF,规模指数ETF,000510.CSI,15080371546.31,790569004,940177456,1.184,1.1892414846054,-0.092819171
2025-10-29,563800.SH,广发中证A500ETF,20241118,中证A500指数,中证A500指数收益率,广发基金管理有限公司,中国银行股份有限公司,股票型ETF,规模指数ETF,000510.CSI,15261080698.1,809224096,965617122,1.2,1.1932629376375,-0.083263947
2025-10-30,563800.SH,广发中证A500ETF,20241118,中证A500指数,中证A500指数收益率,广发基金管理有限公司,中国银行股份有限公司,股票型ETF,规模指数ETF,000510.CSI,15074084928.05,697503343,835520278,1.192,1.1978727935645,0.12599748
2025-10-31,563800.SH,广发中证A500ETF,20241118,中证A500指数,中证A500指数收益率,广发基金管理有限公司,中国银行股份有限公司,股票型ETF,规模指数ETF,000510.CSI,14880899049.98,728216501,861269741,1.177,1.1827111028345,0.102058173
2025-11-03,563800.SH,广发中证A500ETF,20241118,中证A500指数,中证A500指数收益率,广发基金管理有限公司,中国银行股份有限公司,股票型ETF,规模指数ETF,000510.CSI,14873402201.8,775533703,906703100,1.178,1.1691343606249,0
2025-11-04,563800.SH,广发中证A500ETF,20241118,中证A500指数,中证A500指数收益率,广发基金管理有限公司,中国银行股份有限公司,股票型ETF,规模指数ETF,000510.CSI,14580464873.36,709506567,830241412,1.166,1.1701673396914,0.03431709
2025-11-05,563800.SH,广发中证A500ETF,20241118,中证A500指数,中证A500指数收益率,广发基金管理有限公司,中国银行股份有限公司,股票型ETF,规模指数ETF,000510.CSI,14644529616.42,696804009,808803661,1.167,1.1607333634041,-0.102722137
2025-11-06,563800.SH,广发中证A500ETF,20241118,中证A500指数,中证A500指数收益率,广发基金管理有限公司,中国银行股份有限公司,股票型ETF,规模指数ETF,000510.CSI,14859501422.22,728923906,861103273,1.186,1.1813349320992,-0.016860563
2025-11-07,563800.SH,广发中证A500ETF,20241118,中证A500指数,中证A500指数收益率,广发基金管理有限公司,中国银行股份有限公司,股票型ETF,规模指数ETF,000510.CSI,14756103672.59,705359826,835190299,1.185,1.184062755227,0.092913253
2025-11-10,563800.SH,广发中证A500ETF,20241118,中证A500指数,中证A500指数收益率,广发基金管理有限公司,中国银行股份有限公司,股票型ETF,规模指数ETF,000510.CSI,14795809609.08,654664726,773908267,1.187,1.1821444416726,0.016852039
2025-11-11,563800.SH,广发中证A500ETF,20241118,中证A500指数,中证A500指数收益率,广发基金管理有限公司,中国银行股份有限公司,股票型ETF,规模指数ETF,000510.CSI,14513505025.89,736122684,869400071,1.177,1.1810532264483,0.008496899
2025-11-12,563800.SH,广发中证A500ETF,20241118,中证A500指数,中证A500指数收益率,广发基金管理有限公司,中国银行股份有限公司,股票型ETF,规模指数ETF,000510.CSI,14428434289.4,777024512,911843273,1.175,1.1735064453153,0.085178876
2025-11-13,563800.SH,广发中证A500ETF,20241118,中证A500指数,中证A500指数收益率,广发基金管理有限公司,中国银行股份有限公司,股票型ETF,规模指数ETF,000510.CSI,14481292721.48,836643963,990524868,1.19,1.1839263913986,-0.067181727
2025-11-14,563800.SH,广发中证A500ETF,20241118,中证A500指数,中证A500指数收益率,广发基金管理有限公司,中国银行股份有限公司,股票型ETF,规模指数ETF,000510.CSI,13913895941.96,995105104,1174758272,1.172,1.1805368772382,0.034141345
2025-11-17,563800.SH,广发中证A500ETF,20241118,中证A500指数,中证A500指数收益率,广发基金管理有限公司,中国银行股份有限公司,股票型ETF,规模指数ETF,000510.CSI,13742522451.46,888193169,1035240670,1.165,1.1655580183819,-0.137150694
2025-11-18,563800.SH,广发中证A500ETF,20241118,中证A500指数,中证A500指数收益率,广发基金管理有限公司,中国银行股份有限公司,股票型ETF,规模指数ETF,000510.CSI,13546209848.56,883340741,1025881175,1.158,1.1613651758421,0.03455425
2025-11-19,563800.SH,广发中证A500ETF,20241118,中证A500指数,中证A500指数收益率,广发基金管理有限公司,中国银行股份有限公司,股票型ETF,规模指数ETF,000510.CSI,13466414576.29,786153211,912278901,1.16,1.1604339818692,-0.077526057
2025-11-20,563800.SH,广发中证A500ETF,20241118,中证A500指数,中证A500指数收益率,广发基金管理有限公司,中国银行股份有限公司,股票型ETF,规模指数ETF,000510.CSI,13356337144.92,760758648,883682947,1.154,1.1615812049237,0.069372182
2025-11-21,563800.SH,广发中证A500ETF,20241118,中证A500指数,中证A500指数收益率,广发基金管理有限公司,中国银行股份有限公司,股票型ETF,规模指数ETF,000510.CSI,13119378634.77,918163365,1038132179,1.122,1.1306617303338,0.026745119
2025-11-24,563800.SH,广发中证A500ETF,20241118,中证A500指数,中证A500指数收益率,广发基金管理有限公司,中国银行股份有限公司,股票型ETF,规模指数ETF,000510.CSI,13186444597.54,727412908,816326363,1.123,1.1222324405054,-0.035606195
2025-11-25,563800.SH,广发中证A500ETF,20241118,中证A500指数,中证A500指数收益率,广发基金管理有限公司,中国银行股份有限公司,股票型ETF,规模指数ETF,000510.CSI,13311551125.98,763557995,867966293,1.134,1.1367391850831,-0.158478605
2025-11-26,563800.SH,广发中证A500ETF,20241118,中证A500指数,中证A500指数收益率,广发基金管理有限公司,中国银行股份有限公司,股票型ETF,规模指数ETF,000510.CSI,13264304990.2,690704916,788432981,1.141,1.141490327832,-0.087565674
2025-11-27,563800.SH,广发中证A500ETF,20241118,中证A500指数,中证A500指数收益率,广发基金管理有限公司,中国银行股份有限公司,股票型ETF,规模指数ETF,000510.CSI,13268574820.86,753376520,864706733,1.143,1.1477749970227,0.210415571
2025-11-28,563800.SH,广发中证A500ETF,20241118,中证A500指数,中证A500指数收益率,广发基金管理有限公司,中国银行股份有限公司,股票型ETF,规模指数ETF,000510.CSI,13285539504.79,758633206,866461864,1.146,1.1421354313879,0.008726765
2025-12-01,563800.SH,广发中证A500ETF,20241118,中证A500指数,中证A500指数收益率,广发基金管理有限公司,中国银行股份有限公司,股票型ETF,规模指数ETF,000510.CSI,13313364809.14,770988686,888955761,1.159,1.1530075306449,-0.034500604
2025-12-02,563800.SH,广发中证A500ETF,20241118,中证A500指数,中证A500指数收益率,广发基金管理有限公司,中国银行股份有限公司,股票型ETF,规模指数ETF,000510.CSI,13130445966.82,694119516,800282848,1.151,1.1529467614047,-0.104148585
2025-12-03,563800.SH,广发中证A500ETF,20241118,中证A500指数,中证A500指数收益率,广发基金管理有限公司,中国银行股份有限公司,股票型ETF,规模指数ETF,000510.CSI,13064386506.98,730379395,840623668,1.147,1.1509411050677,0.104730319
2025-12-04,563800.SH,广发中证A500ETF,20241118,中证A500指数,中证A500指数收益率,广发基金管理有限公司,中国银行股份有限公司,股票型ETF,规模指数ETF,000510.CSI,13231875610.62,756148219,867264529,1.151,1.1469504353881,0.069553121
2025-12-05,563800.SH,广发中证A500ETF,20241118,中证A500指数,中证A500指数收益率,广发基金管理有限公司,中国银行股份有限公司,股票型ETF,规模指数ETF,000510.CSI,13452476569.72,764500834,880434484,1.162,1.1516462047444,0.068894247
2025-12-08,563800.SH,广发中证A500ETF,20241118,中证A500指数,中证A500指数收益率,广发基金管理有限公司,中国银行股份有限公司,股票型ETF,规模指数ETF,000510.CSI,13666707150.72,1131414159,1324590773,1.171,1.1707390812315,-0.017076503
2025-12-09,563800.SH,广发中证A500ETF,20241118,中证A500指数,中证A500指数收益率,广发基金管理有限公司,中国银行股份有限公司,股票型ETF,规模指数ETF,000510.CSI,13484877895.26,691383157,807254574,1.165,1.1675936357819,0.034346557
2025-12-10,563800.SH,广发中证A500ETF,20241118,中证A500指数,中证A500指数收益率,广发基金管理有限公司,中国银行股份有限公司,股票型ETF,规模指数ETF,000510.CSI,13460364882.12,647538860,749173098,1.165,1.156954654428,-0.017164435
2025-12-11,563800.SH,广发中证A500ETF,20241118,中证A500指数,中证A500指数收益率,广发基金管理有限公司,中国银行股份有限公司,股票型ETF,规模指数ETF,000510.CSI,13351777194.55,685635385,799122981,1.156,1.16552178969,0.043271311
2025-12-12,563800.SH,广发中证A500ETF,20241118,中证A500指数,中证A500指数收益率,广发基金管理有限公司,中国银行股份有限公司,股票型ETF,规模指数ETF,000510.CSI,13561741495.26,716354715,829351104,1.164,1.1577380404343,-0.051519835
2025-12-15,563800.SH,广发中证A500ETF,20241118,中证A500指数,中证A500指数收益率,广发基金管理有限公司,中国银行股份有限公司,股票型ETF,规模指数ETF,000510.CSI,13511352274.84,695718610,809038551,1.156,1.1628818596645,-0.034590107
2025-12-16,563800.SH,广发中证A500ETF,20241118,中证A500指数,中证A500指数收益率,广发基金管理有限公司,中国银行股份有限公司,股票型ETF,规模指数ETF,000510.CSI,13542318820.86,907369722,1036757272,1.144,1.1425962833704,0.298088725
2025-12-17,563800.SH,广发中证A500ETF,20241118,中证A500指数,中证A500指数收益率,广发基金管理有限公司,中国银行股份有限公司,股票型ETF,规模指数ETF,000510.CSI,14952665530.3,1625616123,1874094807,1.164,1.1528520051471,0.085984523
2025-12-18,563800.SH,广发中证A500ETF,20241118,中证A500指数,中证A500指数收益率,广发基金管理有限公司,中国银行股份有限公司,股票型ETF,规模指数ETF,000510.CSI,15323910683.6,1243672328,1441743041,1.156,1.1592627805095,0
2025-12-19,563800.SH,广发中证A500ETF,20241118,中证A500指数,中证A500指数收益率,广发基金管理有限公司,中国银行股份有限公司,股票型ETF,规模指数ETF,000510.CSI,16186379632.49,1313820923,1529125593,1.164,1.1638767249256,0.094591108
2025-12-22,563800.SH,广发中证A500ETF,20241118,中证A500指数,中证A500指数收益率,广发基金管理有限公司,中国银行股份有限公司,股票型ETF,规模指数ETF,000510.CSI,17231881436.84,1487857685,1749581430,1.177,1.1759064375838,0.05100306
2025-12-23,563800.SH,广发中证A500ETF,20241118,中证A500指数,中证A500指数收益率,广发基金管理有限公司,中国银行股份有限公司,股票型ETF,规模指数ETF,000510.CSI,17761609179.9,1321193691,1558853322,1.18,1.1798825052064,0.084817642
2025-12-24,563800.SH,广发中证A500ETF,20241118,中证A500指数,中证A500指数收益率,广发基金管理有限公司,中国银行股份有限公司,股票型ETF,规模指数ETF,000510.CSI,19904716941.93,2221515044,2625186305,1.186,1.1817098930256,0.059056779
2025-12-25,563800.SH,广发中证A500ETF,20241118,中证A500指数,中证A500指数收益率,广发基金管理有限公司,中国银行股份有限公司,股票型ETF,规模指数ETF,000510.CSI,20635899471.85,1603554771,1903082804,1.189,1.1867900232764,0.042069836
2025-12-26,563800.SH,广发中证A500ETF,20241118,中证A500指数,中证A500指数收益率,广发基金管理有限公司,中国银行股份有限公司,股票型ETF,规模指数ETF,000510.CSI,20868810027.31,1578542484,1886237158,1.195,1.1949232770855,-0.008367501
2025-12-29,563800.SH,广发中证A500ETF,20241118,中证A500指数,中证A500指数收益率,广发基金管理有限公司,中国银行股份有限公司,股票型ETF,规模指数ETF,000510.CSI,20706876254.33,1722926257,2054915197,1.189,1.1926890014307,-0.025224922
2025-12-30,563800.SH,广发中证A500ETF,20241118,中证A500指数,中证A500指数收益率,广发基金管理有限公司,中国银行股份有限公司,股票型ETF,规模指数ETF,000510.CSI,21678600871.11,1895413393,2258405077,1.192,1.1915105619389,-0.092196798
2025-12-31,563800.SH,广发中证A500ETF,20241118,中证A500指数,中证A500指数收益率,广发基金管理有限公司,中国银行股份有限公司,股票型ETF,规模指数ETF,000510.CSI,21625778742.19,1537774036,1833993716,1.19,1.192628873336,0.016809548
2026-01-05,563800.SH,广发中证A500ETF,20241118,中证A500指数,中证A500指数收益率,广发基金管理有限公司,中国银行股份有限公司,股票型ETF,规模指数ETF,000510.CSI,21455107393.69,1759990653,2125486520,1.216,1.2076692091387,0.090542431
2026-01-06,563800.SH,广发中证A500ETF,20241118,中证A500指数,中证A500指数收益率,广发基金管理有限公司,中国银行股份有限公司,股票型ETF,规模指数ETF,000510.CSI,21400310146.93,1347721124,1654072764,1.236,1.2273108542595,0.056666397
2026-01-07,563800.SH,广发中证A500ETF,20241118,中证A500指数,中证A500指数收益率,广发基金管理有限公司,中国银行股份有限公司,股票型ETF,规模指数ETF,000510.CSI,20696189146.93,1468837668,1815903267,1.235,1.2362858786653,-0.024285599
2026-01-08,563800.SH,广发中证A500ETF,20241118,中证A500指数,中证A500指数收益率,广发基金管理有限公司,中国银行股份有限公司,股票型ETF,规模指数ETF,000510.CSI,19858997087.09,1568326051,1929062683,1.228,1.2300137983234,-0.073236228
2026-01-09,563800.SH,广发中证A500ETF,20241118,中证A500指数,中证A500指数收益率,广发基金管理有限公司,中国银行股份有限公司,股票型ETF,规模指数ETF,000510.CSI,19680210350.57,1416809444,1751572326,1.239,1.2362793976407,-0.056465274
2026-01-12,563800.SH,广发中证A500ETF,20241118,中证A500指数,中证A500指数收益率,广发基金管理有限公司,中国银行股份有限公司,股票型ETF,规模指数ETF,000510.CSI,19394711543.97,624402977,779083091,1.254,1.2477248182627,0.02392917
2026-01-13,563800.SH,广发中证A500ETF,20241118,中证A500指数,中证A500指数收益率,广发基金管理有限公司,中国银行股份有限公司,股票型ETF,规模指数ETF,000510.CSI,18833321862.97,466470471,583995987,1.245,1.2519463145182,0.104526815
2026-01-14,563800.SH,广发中证A500ETF,20241118,中证A500指数,中证A500指数收益率,广发基金管理有限公司,中国银行股份有限公司,股票型ETF,规模指数ETF,000510.CSI,18801961165.16,977139837,1226571638,1.243,1.255267251989,-0.048247025
2026-01-15,563800.SH,广发中证A500ETF,20241118,中证A500指数,中证A500指数收益率,广发基金管理有限公司,中国银行股份有限公司,股票型ETF,规模指数ETF,000510.CSI,18655091701.65,1202500325,1494551986,1.245,1.2428703385174,-0.120336943
2026-01-16,563800.SH,广发中证A500ETF,20241118,中证A500指数,中证A500指数收益率,广发基金管理有限公司,中国银行股份有限公司,股票型ETF,规模指数ETF,000510.CSI,18516203206.77,757172197,943951203,1.237,1.2466796941832,-0.378513329
2026-01-19,563800.SH,广发中证A500ETF,20241118,中证A500指数,中证A500指数收益率,广发基金管理有限公司,中国银行股份有限公司,股票型ETF,规模指数ETF,000510.CSI,18291960730.12,1039640393,1293646792,1.243,1.2443214025833,-0.176678445
2026-01-20,563800.SH,广发中证A500ETF,20241118,中证A500指数,中证A500指数收益率,广发基金管理有限公司,中国银行股份有限公司,股票型ETF,规模指数ETF,000510.CSI,17537482857.14,1308022023,1618073777,1.237,1.2370386343258,-0.193642085
2026-01-21,563800.SH,广发中证A500ETF,20241118,中证A500指数,中证A500指数收益率,广发基金管理有限公司,中国银行股份有限公司,股票型ETF,规模指数ETF,000510.CSI,17404766338.88,837733988,1044584207,1.244,1.2469163504919,-0.064267352
2026-01-22,563800.SH,广发中证A500ETF,20241118,中证A500指数,中证A500指数收益率,广发基金管理有限公司,中国银行股份有限公司,股票型ETF,规模指数ETF,000510.CSI,17001879308.22,838883276,1043013767,1.245,1.2433359882597,-0.09629273
2026-01-23,563800.SH,广发中证A500ETF,20241118,中证A500指数,中证A500指数收益率,广发基金管理有限公司,中国银行股份有限公司,股票型ETF,规模指数ETF,000510.CSI,17028804598.72,650668046,813245046,1.248,1.2498616629469,-0.255754476
2026-01-26,563800.SH,广发中证A500ETF,20241118,中证A500指数,中证A500指数收益率,广发基金管理有限公司,中国银行股份有限公司,股票型ETF,规模指数ETF,000510.CSI,16821699842.52,370227552,463408007,1.249,1.2516842803747,-0.016010247
2026-01-27,563800.SH,广发中证A500ETF,20241118,中证A500指数,中证A500指数收益率,广发基金管理有限公司,中国银行股份有限公司,股票型ETF,规模指数ETF,000510.CSI,16641465618.43,562513187,700835553,1.25,1.2459006636586,-0.023994241
2026-01-28,563800.SH,广发中证A500ETF,20241118,中证A500指数,中证A500指数收益率,广发基金管理有限公司,中国银行股份有限公司,股票型ETF,规模指数ETF,000510.CSI,16209404524.26,972747168,1218178049,1.253,1.2523069601987,-0.127530687
2026-01-29,563800.SH,广发中证A500ETF,20241118,中证A500指数,中证A500指数收益率,广发基金管理有限公司,中国银行股份有限公司,股票型ETF,规模指数ETF,000510.CSI,15823094943.23,675506903,847547886,1.259,1.2546842707838,0.055630613
2026-01-30,563800.SH,广发中证A500ETF,20241118,中证A500指数,中证A500指数收益率,广发基金管理有限公司,中国银行股份有限公司,股票型ETF,规模指数ETF,000510.CSI,15312431767.35,629519033,780532027,1.242,1.239886303803,-0.120627262
2026-02-02,563800.SH,广发中证A500ETF,20241118,中证A500指数,中证A500指数收益率,广发基金管理有限公司,中国银行股份有限公司,股票型ETF,规模指数ETF,000510.CSI,14758398087.86,795129383,973410580,1.207,1.2242165876544,-0.297373203
2026-02-03,563800.SH,广发中证A500ETF,20241118,中证A500指数,中证A500指数收益率,广发基金管理有限公司,中国银行股份有限公司,股票型ETF,规模指数ETF,000510.CSI,14936378881.97,459466503,560432306,1.232,1.2197457319321,-0.137796871
2026-02-04,563800.SH,广发中证A500ETF,20241118,中证A500指数,中证A500指数收益率,广发基金管理有限公司,中国银行股份有限公司,股票型ETF,规模指数ETF,000510.CSI,14815077924.29,593731496,730684862,1.241,1.2306654892366,0.008058667
2026-02-05,563800.SH,广发中证A500ETF,20241118,中证A500指数,中证A500指数收益率,广发基金管理有限公司,中国银行股份有限公司,股票型ETF,规模指数ETF,000510.CSI,14472719541.84,505468393,619001624,1.228,1.2246099510321,0.130463144
2026-02-06,563800.SH,广发中证A500ETF,20241118,中证A500指数,中证A500指数收益率,广发基金管理有限公司,中国银行股份有限公司,股票型ETF,规模指数ETF,000510.CSI,14395393651.34,410910730,502709949,1.222,1.2234042878364,0.049123956
2026-02-09,563800.SH,广发中证A500ETF,20241118,中证A500指数,中证A500指数收益率,广发基金管理有限公司,中国银行股份有限公司,股票型ETF,规模指数ETF,000510.CSI,14669220756.4,314938151,390441981,1.244,1.239741770758,0
2026-02-10,563800.SH,广发中证A500ETF,20241118,中证A500指数,中证A500指数收益率,广发基金管理有限公司,中国银行股份有限公司,股票型ETF,规模指数ETF,000510.CSI,14610047734.5,346606671,431277683,1.245,1.2442855809893,0
2026-02-11,563800.SH,广发中证A500ETF,20241118,中证A500指数,中证A500指数收益率,广发基金管理有限公司,中国银行股份有限公司,股票型ETF,规模指数ETF,000510.CSI,14506643767.35,329890700,410555574,1.244,1.2445200001091,0.040209087
2026-02-12,563800.SH,广发中证A500ETF,20241118,中证A500指数,中证A500指数收益率,广发基金管理有限公司,中国银行股份有限公司,股票型ETF,规模指数ETF,000510.CSI,14480608940.33,414044184,516148276,1.248,1.246601923045,-0.104058273
2026-02-13,563800.SH,广发中证A500ETF,20241118,中证A500指数,中证A500指数收益率,广发基金管理有限公司,中国银行股份有限公司,股票型ETF,规模指数ETF,000510.CSI,14101532321.39,454636524,563607235,1.232,1.2396875421298,0.008117542
2026-02-24,563800.SH,广发中证A500ETF,20241118,中证A500指数,中证A500指数收益率,广发基金管理有限公司,中国银行股份有限公司,股票型ETF,规模指数ETF,000510.CSI,14026715899.46,375093428,467860643,1.245,1.2473176229577,-0.12834911
2026-02-25,563800.SH,广发中证A500ETF,20241118,中证A500指数,中证A500指数收益率,广发基金管理有限公司,中国银行股份有限公司,股票型ETF,规模指数ETF,000510.CSI,14009594438.85,505615512,635592521,1.259,1.2570668935489,0.039729837
2026-02-26,563800.SH,广发中证A500ETF,20241118,中证A500指数,中证A500指数收益率,广发基金管理有限公司,中国银行股份有限公司,股票型ETF,规模指数ETF,000510.CSI,13783913267.32,488182301,612414383,1.257,1.2544788734567,-0.015908368
2026-02-27,563800.SH,广发中证A500ETF,20241118,中证A500指数,中证A500指数收益率,广发基金管理有限公司,中国银行股份有限公司,股票型ETF,规模指数ETF,000510.CSI,13626628449.8,405413705,508511047,1.259,1.2543015707868,0.079491256
2026-03-02,563800.SH,广发中证A500ETF,20241118,中证A500指数,中证A500指数收益率,广发基金管理有限公司,中国银行股份有限公司,股票型ETF,规模指数ETF,000510.CSI,13489297160.01,469407733,589007519,1.261,1.25478869987,-0.087156327
2026-03-03,563800.SH,广发中证A500ETF,20241118,中证A500指数,中证A500指数收益率,广发基金管理有限公司,中国银行股份有限公司,股票型ETF,规模指数ETF,000510.CSI,12950066825.77,486718840,607202368,1.235,1.2475423552538,0.267922384
2026-03-04,563800.SH,广发中证A500ETF,20241118,中证A500指数,中证A500指数收益率,广发基金管理有限公司,中国银行股份有限公司,股票型ETF,规模指数ETF,000510.CSI,12807703384.19,369291828,452056014,1.22,1.2241159422569,0.008197393
2026-03-05,563800.SH,广发中证A500ETF,20241118,中证A500指数,中证A500指数收益率,广发基金管理有限公司,中国银行股份有限公司,股票型ETF,规模指数ETF,000510.CSI,12899874814.82,326134774,402247052,1.232,1.2333767634358,-0.016231131
2026-03-06,563800.SH,广发中证A500ETF,20241118,中证A500指数,中证A500指数收益率,广发基金管理有限公司,中国银行股份有限公司,股票型ETF,规模指数ETF,000510.CSI,12939176140.36,294402500,361980383,1.235,1.2295424902981,-0.048559404
2026-03-09,563800.SH,广发中证A500ETF,20241118,中证A500指数,中证A500指数收益率,广发基金管理有限公司,中国银行股份有限公司,股票型ETF,规模指数ETF,000510.CSI,12754235096.59,368394845,446314638,1.224,1.2115116268796,0.008170602
2026-03-10,563800.SH,广发中证A500ETF,20241118,中证A500指数,中证A500指数收益率,广发基金管理有限公司,中国银行股份有限公司,股票型ETF,规模指数ETF,000510.CSI,12940170598.01,305350227,378174646,1.242,1.2384947269091,-0.008050882
2026-03-11,563800.SH,广发中证A500ETF,20241118,中证A500指数,中证A500指数收益率,广发基金管理有限公司,中国银行股份有限公司,股票型ETF,规模指数ETF,000510.CSI,12983332660.04,314776481,392531649,1.249,1.2470170825755,0.048061519
2026-03-12,563800.SH,广发中证A500ETF,20241118,中证A500指数,中证A500指数收益率,广发基金管理有限公司,中国银行股份有限公司,股票型ETF,规模指数ETF,000510.CSI,12555032008.96,593547318,736218903,1.241,1.2403710381183,-0.048324742
2026-03-13,563800.SH,广发中证A500ETF,20241118,中证A500指数,中证A500指数收益率,广发基金管理有限公司,中国银行股份有限公司,股票型ETF,规模指数ETF,000510.CSI,12476790610.44,268086133,332661463,1.234,1.2408753085338,0.129827978
2026-03-16,563800.SH,广发中证A500ETF,20241118,中证A500指数,中证A500指数收益率,广发基金管理有限公司,中国银行股份有限公司,股票型ETF,规模指数ETF,000510.CSI,12486072254.24,408690348,499701763,1.23,1.2226903949295,-0.032509753
2026-03-17,563800.SH,广发中证A500ETF,20241118,中证A500指数,中证A500指数收益率,广发基金管理有限公司,中国银行股份有限公司,股票型ETF,规模指数ETF,000510.CSI,12294539165.22,439645670,541723336,1.216,1.2321816702983,-0.016444664
2026-03-18,563800.SH,广发中证A500ETF,20241118,中证A500指数,中证A500指数收益率,广发基金管理有限公司,中国银行股份有限公司,股票型ETF,规模指数ETF,000510.CSI,12339979203.16,402307238,488277395,1.223,1.2136927921739,-0.049035633
2026-03-19,563800.SH,广发中证A500ETF,20241118,中证A500指数,中证A500指数收益率,广发基金管理有限公司,中国银行股份有限公司,股票型ETF,规模指数ETF,000510.CSI,12046552230.95,396256400,478316185,1.203,1.2070875953045,0.291788245
2026-03-20,563800.SH,广发中证A500ETF,20241118,中证A500指数,中证A500指数收益率,广发基金管理有限公司,中国银行股份有限公司,股票型ETF,规模指数ETF,000510.CSI,11955646566.73,348852914,420307514,1.191,1.2048272986477,-0.192742814
2026-03-23,563800.SH,广发中证A500ETF,20241118,中证A500指数,中证A500指数收益率,广发基金管理有限公司,中国银行股份有限公司,股票型ETF,规模指数ETF,000510.CSI,11733173153.68,578751745,675438879,1.153,1.1670614988815,0.017349063
2026-03-24,563800.SH,广发中证A500ETF,20241118,中证A500指数,中证A500指数收益率,广发基金管理有限公司,中国银行股份有限公司,股票型ETF,规模指数ETF,000510.CSI,11866954205.47,422116211,486607311,1.167,1.1527804389394,-0.145460768
2026-03-25,563800.SH,广发中证A500ETF,20241118,中证A500指数,中证A500指数收益率,广发基金管理有限公司,中国银行股份有限公司,股票型ETF,规模指数ETF,000510.CSI,12078712187.18,397495339,471567825,1.189,1.1863480618071,0.101027109
2026-03-26,563800.SH,广发中证A500ETF,20241118,中证A500指数,中证A500指数收益率,广发基金管理有限公司,中国银行股份有限公司,股票型ETF,规模指数ETF,000510.CSI,11917394557.29,352121355,416266944,1.169,1.1821689826225,-0.162268341
2026-03-27,563800.SH,广发中证A500ETF,20241118,中证A500指数,中证A500指数收益率,广发基金管理有限公司,中国银行股份有限公司,股票型ETF,规模指数ETF,000510.CSI,12080423136.1,406030345,475783489,1.18,1.1717929333582,-0.084674005
2026-03-30,563800.SH,广发中证A500ETF,20241118,中证A500指数,中证A500指数收益率,广发基金管理有限公司,中国银行股份有限公司,股票型ETF,规模指数ETF,000510.CSI,11996343464.57,382726840,447418554,1.179,1.1690284224644,-0.05933712
2026-03-31,563800.SH,广发中证A500ETF,20241118,中证A500指数,中证A500指数收益率,广发基金管理有限公司,中国银行股份有限公司,股票型ETF,规模指数ETF,000510.CSI,11651643676.575,544209048,640777673,1.168,1.177447665295,0.223099365
2026-04-01,563800.SH,广发中证A500ETF,20241118,中证A500指数,中证A500指数收益率,广发基金管理有限公司,中国银行股份有限公司,股票型ETF,规模指数ETF,000510.CSI,11854482817.84,318028746,375929847,1.186,1.1820624762014,-0.033715442
2026-04-02,563800.SH,广发中证A500ETF,20241118,中证A500指数,中证A500指数收益率,广发基金管理有限公司,中国银行股份有限公司,股票型ETF,规模指数ETF,000510.CSI,11649960866.05,396263608,465999422,1.171,1.1759833923483,0.042716788
2026-04-03,563800.SH,广发中证A500ETF,20241118,中证A500指数,中证A500指数收益率,广发基金管理有限公司,中国银行股份有限公司,股票型ETF,规模指数ETF,000510.CSI,11550925791.62,326244691,380348401,1.16,1.165837825082,-0.017238407
2026-04-07,563800.SH,广发中证A500ETF,20241118,中证A500指数,中证A500指数收益率,广发基金管理有限公司,中国银行股份有限公司,股票型ETF,规模指数ETF,000510.CSI,11566355850.01,337845495,392961853,1.16,1.1631407220629,-0.18070734
2026-04-08,563800.SH,广发中证A500ETF,20241118,中证A500指数,中证A500指数收益率,广发基金管理有限公司,中国银行股份有限公司,股票型ETF,规模指数ETF,000510.CSI,11848264646.99,681516502,816585089,1.207,1.1981882853953,-0.074509479
2026-04-09,563800.SH,广发中证A500ETF,20241118,中证A500指数,中证A500指数收益率,广发基金管理有限公司,中国银行股份有限公司,股票型ETF,规模指数ETF,000510.CSI,11682901082.77,433561833,520755389,1.202,1.2011098518444,0.024964633
2026-04-10,563800.SH,广发中证A500ETF,20241118,中证A500指数,中证A500指数收益率,广发基金管理有限公司,中国银行股份有限公司,股票型ETF,规模指数ETF,000510.CSI,11782782292.95,436300784,532046136,1.218,1.2194480402309,-0.12300123
2026-04-13,563800.SH,广发中证A500ETF,20241118,中证A500指数,中证A500指数收益率,广发基金管理有限公司,中国银行股份有限公司,股票型ETF,规模指数ETF,000510.CSI,11729776446.96,386865509,471624104,1.221,1.2190905961586,-0.049115914
2026-04-14,563800.SH,广发中证A500ETF,20241118,中证A500指数,中证A500指数收益率,广发基金管理有限公司,中国银行股份有限公司,股票型ETF,规模指数ETF,000510.CSI,11857174514.08,339327854,417268678,1.236,1.2296917953573,-0.064683053
2026-04-15,563800.SH,广发中证A500ETF,20241118,中证A500指数,中证A500指数收益率,广发基金管理有限公司,中国银行股份有限公司,股票型ETF,规模指数ETF,000510.CSI,11823728041.1,346301085,428704214,1.23,1.2379522691937,-0.081234768
2026-04-16,563800.SH,广发中证A500ETF,20241118,中证A500指数,中证A500指数收益率,广发基金管理有限公司,中国银行股份有限公司,股票型ETF,规模指数ETF,000510.CSI,11897013486.32,431651045,535762620,1.247,1.2411938444398,-0.01603592
2026-04-17,563800.SH,广发中证A500ETF,20241118,中证A500指数,中证A500指数收益率,广发基金管理有限公司,中国银行股份有限公司,股票型ETF,规模指数ETF,000510.CSI,11849322684.13,396059956,493367020,1.247,1.2456877109788,-0.024051952
2026-04-20,563800.SH,广发中证A500ETF,20241118,中证A500指数,中证A500指数收益率,广发基金管理有限公司,中国银行股份有限公司,股票型ETF,规模指数ETF,000510.CSI,11814223795.79,452354826,566893598,1.256,1.2532055930802,0.007962417
2026-04-21,563800.SH,广发中证A500ETF,20241118,中证A500指数,中证A500指数收益率,广发基金管理有限公司,中国银行股份有限公司,股票型ETF,规模指数ETF,000510.CSI,11644489769.51,456326117,570631241,1.258,1.2504899889392,0.07159335
2026-04-22,563800.SH,广发中证A500ETF,20241118,中证A500指数,中证A500指数收益率,广发基金管理有限公司,中国银行股份有限公司,股票型ETF,规模指数ETF,000510.CSI,11636190537.37,449889884,566570773,1.269,1.2593543290251,0.102547921
2026-04-23,563800.SH,广发中证A500ETF,20241118,中证A500指数,中证A500指数收益率,广发基金管理有限公司,中国银行股份有限公司,股票型ETF,规模指数ETF,000510.CSI,11356357990.67,543412409,685355183,1.261,1.2612063538652,0.023796304
2026-04-24,563800.SH,广发中证A500ETF,20241118,中证A500指数,中证A500指数收益率,广发基金管理有限公司,中国银行股份有限公司,股票型ETF,规模指数ETF,000510.CSI,11057548884.84,574327171,719806599,1.256,1.2533041014701,-0.031836995
2026-04-27,563800.SH,广发中证A500ETF,20241118,中证A500指数,中证A500指数收益率,广发基金管理有限公司,中国银行股份有限公司,股票型ETF,规模指数ETF,000510.CSI,11115307225.71,561051370,707019908,1.258,1.2601696489931,-0.08736399
2026-04-28,563800.SH,广发中证A500ETF,20241118,中证A500指数,中证A500指数收益率,广发基金管理有限公司,中国银行股份有限公司,股票型ETF,规模指数ETF,000510.CSI,10977756189.96,438091009,549317975,1.252,1.2538900906775,0.031959092
2026-04-29,563800.SH,广发中证A500ETF,20241118,中证A500指数,中证A500指数收益率,广发基金管理有限公司,中国银行股份有限公司,股票型ETF,规模指数ETF,000510.CSI,11117770902.33,385134337,484386384,1.268,1.2577076034641,-0.102418656
2026-04-30,563800.SH,广发中证A500ETF,20241118,中证A500指数,中证A500指数收益率,广发基金管理有限公司,中国银行股份有限公司,股票型ETF,规模指数ETF,000510.CSI,11047905867.29,396952700,504010770,1.271,1.2696998156203,0.00786844
2026-05-06,563800.SH,广发中证A500ETF,20241118,中证A500指数,中证A500指数收益率,广发基金管理有限公司,中国银行股份有限公司,股票型ETF,规模指数ETF,000510.CSI,11259145235.12,315630549,408988917,1.296,1.2957836885428,0.061766523
2026-05-07,563800.SH,广发中证A500ETF,20241118,中证A500指数,中证A500指数收益率,广发基金管理有限公司,中国银行股份有限公司,股票型ETF,规模指数ETF,000510.CSI,11017164616.12,614152313,797592541,1.304,1.2986884916283,-0.091939933
2026-05-08,563800.SH,广发中证A500ETF,20241118,中证A500指数,中证A500指数收益率,广发基金管理有限公司,中国银行股份有限公司,股票型ETF,规模指数ETF,000510.CSI,10915849947.52,418259792,542717439,1.298,1.2975606294951,-0.092364532
2026-05-11,563800.SH,广发中证A500ETF,20241118,中证A500指数,中证A500指数收益率,广发基金管理有限公司,中国银行股份有限公司,股票型ETF,规模指数ETF,000510.CSI,11088423746.01,343416398,451066900,1.322,1.3134693119692,-0.007563724
2026-05-12,563800.SH,广发中证A500ETF,20241118,中证A500指数,中证A500指数收益率,广发基金管理有限公司,中国银行股份有限公司,股票型ETF,规模指数ETF,000510.CSI,10836203305.14,521511586,687860788,1.318,1.3189750840933,-0.106108837
2026-05-13,563800.SH,广发中证A500ETF,20241118,中证A500指数,中证A500指数收益率,广发基金管理有限公司,中国银行股份有限公司,股票型ETF,规模指数ETF,000510.CSI,10366924376.64,792592432,1048347464,1.333,1.3226816478106,-0.104916067
2026-05-14,563800.SH,广发中证A500ETF,20241118,中证A500指数,中证A500指数收益率,广发基金管理有限公司,中国银行股份有限公司,股票型ETF,规模指数ETF,000510.CSI,9977047400.79,421817083,557900563,1.308,1.3226125386676,0.160808638
2026-05-15,563800.SH,广发中证A500ETF,20241118,中证A500指数,中证A500指数收益率,广发基金管理有限公司,中国银行股份有限公司,股票型ETF,规模指数ETF,000510.CSI,9830065155.57,451583615,585279792,1.288,1.2960607350645,-0.1318136
2026-05-18,563800.SH,广发中证A500ETF,20241118,中证A500指数,中证A500指数收益率,广发基金管理有限公司,中国银行股份有限公司,股票型ETF,规模指数ETF,000510.CSI,9684707351.93,433190113,557641643,1.286,1.2872907904987,0.054461993
2026-05-19,563800.SH,广发中证A500ETF,20241118,中证A500指数,中证A500指数收益率,广发基金管理有限公司,中国银行股份有限公司,股票型ETF,规模指数ETF,000510.CSI,9614719683.3,423286724,540074552,1.291,1.2759071366481,-0.154679041
2026-05-20,563800.SH,广发中证A500ETF,20241118,中证A500指数,中证A500指数收益率,广发基金管理有限公司,中国银行股份有限公司,股票型ETF,规模指数ETF,000510.CSI,9607765235.12,330228748,426172803,1.296,1.2905381665923,0.061766523
2026-05-21,563800.SH,广发中证A500ETF,20241118,中证A500指数,中证A500指数收益率,广发基金管理有限公司,中国银行股份有限公司,股票型ETF,规模指数ETF,000510.CSI,9427294945.39,308580479,401931840,1.272,1.3025186858952,0.007862253
2026-05-22,563800.SH,广发中证A500ETF,20241118,中证A500指数,中证A500指数收益率,广发基金管理有限公司,中国银行股份有限公司,股票型ETF,规模指数ETF,000510.CSI,9566868598.63,359223600,460301769,1.291,1.2813795335273,-0.100595837
2026-05-25,563800.SH,广发中证A500ETF,20241118,中证A500指数,中证A500指数收益率,广发基金管理有限公司,中国银行股份有限公司,股票型ETF,规模指数ETF,000510.CSI,9637658756.25,319564936,414972239,1.31,1.2985537280598,-0.19047619
2026-05-26,563800.SH,广发中证A500ETF,20241118,中证A500指数,中证A500指数收益率,广发基金管理有限公司,中国银行股份有限公司,股票型ETF,规模指数ETF,000510.CSI,9657664273.03,296008188,386934705,1.318,1.3071756819105,0.12914989
2026-05-27,563800.SH,广发中证A500ETF,20241118,中证A500指数,中证A500指数收益率,广发基金管理有限公司,中国银行股份有限公司,股票型ETF,规模指数ETF,000510.CSI,9616718481.82,334159424,439942306,1.305,1.31656411402,0.215020734
2026-05-28,563800.SH,广发中证A500ETF,20241118,中证A500指数,中证A500指数收益率,广发基金管理有限公司,中国银行股份有限公司,股票型ETF,规模指数ETF,000510.CSI,9630528629.26,388143178,501819710,1.302,1.2928726780302,-0.199294803
2026-05-29,563800.SH,广发中证A500ETF,20241118,中证A500指数,中证A500指数收益率,广发基金管理有限公司,中国银行股份有限公司,股票型ETF,规模指数ETF,000510.CSI,9528098744.62,340728034,442606037,1.291,1.2990009416132,0.062005891
2026-06-01,563800.SH,广发中证A500ETF,20241118,中证A500指数,中证A500指数收益率,广发基金管理有限公司,中国银行股份有限公司,股票型ETF,规模指数ETF,000510.CSI,9259552464.36,523609010,675268834,1.275,1.2896432664518,-0.047036689
2026-06-02,563800.SH,广发中证A500ETF,20241118,中证A500指数,中证A500指数收益率,广发基金管理有限公司,中国银行股份有限公司,股票型ETF,规模指数ETF,000510.CSI,9305399092.06,462076656,591996656,1.291,1.2811654696532,-0.123781526
2026-06-03,563800.SH,广发中证A500ETF,20241118,中证A500指数,中证A500指数收益率,广发基金管理有限公司,中国银行股份有限公司,股票型ETF,规模指数ETF,000510.CSI,9259034336.57,406515277,530549390,1.302,1.3051155024612,0.176963915
2026-06-04,563800.SH,广发中证A500ETF,20241118,中证A500指数,中证A500指数收益率,广发基金管理有限公司,中国银行股份有限公司,股票型ETF,规模指数ETF,000510.CSI,9204969278.92,395372166,511884395,1.293,1.2946900136617,-0.015465512
2026-06-05,563800.SH,广发中证A500ETF,20241118,中证A500指数,中证A500指数收益率,广发基金管理有限公司,中国银行股份有限公司,股票型ETF,规模指数ETF,000510.CSI,9036672349.77,402851982,519373827,1.273,1.2892423277193,0.102225368
2026-06-08,563800.SH,广发中证A500ETF,20241118,中证A500指数,中证A500指数收益率,广发基金管理有限公司,中国银行股份有限公司,股票型ETF,规模指数ETF,000510.CSI,8809445661.52,389825671,486246199,1.24,1.2473426846227,0.064557779
2026-06-09,563800.SH,广发中证A500ETF,20241118,中证A500指数,中证A500指数收益率,广发基金管理有限公司,中国银行股份有限公司,股票型ETF,规模指数ETF,000510.CSI,8934694476.79,349952885,436436522,1.263,1.2471293728583,-0.229086026
2026-06-10,563800.SH,广发中证A500ETF,20241118,中证A500指数,中证A500指数收益率,广发基金管理有限公司,中国银行股份有限公司,股票型ETF,规模指数ETF,000510.CSI,8850846318.43,282918300,354414995,1.253,1.2527114541548,0.215948172
2026-06-11,563800.SH,广发中证A500ETF,20241118,中证A500指数,中证A500指数收益率,广发基金管理有限公司,中国银行股份有限公司,股票型ETF,规模指数ETF,000510.CSI,8862941154.21,372040429,462158880,1.242,1.2422275752187,-0.168796721
2026-06-12,563800.SH,广发中证A500ETF,20241118,中证A500指数,中证A500指数收益率,广发基金管理有限公司,中国银行股份有限公司,股票型ETF,规模指数ETF,000510.CSI,8929587391.41,380765123,480832695,1.259,1.2628065596228,0.230873338
2026-06-15,563800.SH,广发中证A500ETF,20241118,中证A500指数,中证A500指数收益率,广发基金管理有限公司,中国银行股份有限公司,股票型ETF,规模指数ETF,000510.CSI,9077336513.96,403491363,515805306,1.29,1.2783552593665,-0.123877361
2026-06-16,563800.SH,广发中证A500ETF,20241118,中证A500指数,中证A500指数收益率,广发基金管理有限公司,中国银行股份有限公司,股票型ETF,规模指数ETF,000510.CSI,9073715652.64,327773556,424548250,1.295,1.2952486319549,0.046353523
2026-06-17,563800.SH,广发中证A500ETF,20241118,中证A500指数,中证A500指数收益率,广发基金管理有限公司,中国银行股份有限公司,股票型ETF,规模指数ETF,000510.CSI,9155124300.05,349182788,453558291,1.311,1.2989136537852,0.038153377
2026-06-18,563800.SH,广发中证A500ETF,20241118,中证A500指数,中证A500指数收益率,广发基金管理有限公司,中国银行股份有限公司,股票型ETF,规模指数ETF,000510.CSI,9164501146.75,324844477,427996288,1.32,1.3175421418662,0.189753321
2026-06-22,563800.SH,广发中证A500ETF,20241118,中证A500指数,中证A500指数收益率,广发基金管理有限公司,中国银行股份有限公司,股票型ETF,规模指数ETF,000510.CSI,9418920435.0,278381005,369149768,1.352,1.3260594701855,0.148148148
2026-06-23,563800.SH,广发中证A500ETF,20241118,中证A500指数,中证A500指数收益率,广发基金管理有限公司,中国银行股份有限公司,股票型ETF,规模指数ETF,000510.CSI,9239199319.76,369619344,492902748,1.314,1.3335415367222,0.335980452
2026-06-24,563800.SH,广发中证A500ETF,20241118,中证A500指数,中证A500指数收益率,广发基金管理有限公司,中国银行股份有限公司,股票型ETF,规模指数ETF,000510.CSI,9388880015.35,347745169,456373246,1.321,1.312378392811,-0.188893087
2026-06-25,563800.SH,广发中证A500ETF,20241118,中证A500指数,中证A500指数收益率,广发基金管理有限公司,中国银行股份有限公司,股票型ETF,规模指数ETF,000510.CSI,9509406968.59,214271985,285675798,1.344,1.333239144632,0.00744103
2026-06-26,563800.SH,广发中证A500ETF,20241118,中证A500指数,中证A500指数收益率,广发基金管理有限公司,中国银行股份有限公司,股票型ETF,规模指数ETF,000510.CSI,9161273940.21,260603560,342434242,1.307,1.3140044671684,0.222375585
2026-06-29,563800.SH,广发中证A500ETF,20241118,中证A500指数,中证A500指数收益率,广发基金管理有限公司,中国银行股份有限公司,股票型ETF,规模指数ETF,000510.CSI,9285812776.67,189081097,246637657,1.32,1.3044014495008,-0.053002196
2026-06-30,563800.SH,广发中证A500ETF,20241118,中证A500指数,中证A500指数收益率,广发基金管理有限公司,中国银行股份有限公司,股票型ETF,规模指数ETF,000510.CSI,9510187039.5194,261907407,348889217,1.341,1.3321090113347,0.029837386
2026-07-01,563800.SH,广发中证A500ETF,20241118,中证A500指数,中证A500指数收益率,广发基金管理有限公司,中国银行股份有限公司,股票型ETF,规模指数ETF,000510.CSI,9342197813.87,259343295,346466871,1.334,1.3359391882485,0.097546335
2026-07-02,563800.SH,广发中证A500ETF,20241118,中证A500指数,中证A500指数收益率,广发基金管理有限公司,中国银行股份有限公司,股票型ETF,规模指数ETF,000510.CSI,9121685744.62,302853510,394136812,1.291,1.3014107447525,0.062005891
2026-07-03,563800.SH,广发中证A500ETF,20241118,中证A500指数,中证A500指数收益率,广发基金管理有限公司,中国银行股份有限公司,股票型ETF,规模指数ETF,000510.CSI,9207992349.71,254391510,331047630,1.3,1.301331282636,0.069278731
2026-07-06,563800.SH,广发中证A500ETF,20241118,中证A500指数,中证A500指数收益率,广发基金管理有限公司,中国银行股份有限公司,股票型ETF,规模指数ETF,000510.CSI,9143966639.5,254841655,330709599,1.296,1.2977062129031,0.077220077
2026-07-07,563800.SH,广发中证A500ETF,20241118,中证A500指数,中证A500指数收益率,广发基金管理有限公司,中国银行股份有限公司,股票型ETF,规模指数ETF,000510.CSI,9065229478.95,249823996,321417905,1.279,1.2865773910686,-0.039077765
2026-07-08,563800.SH,广发中证A500ETF,20241118,中证A500指数,中证A500指数收益率,广发基金管理有限公司,中国银行股份有限公司,股票型ETF,规模指数ETF,000510.CSI,9122075307.45,355709700,452940182,1.266,1.2733422282271,0.118623962
2026-07-09,563800.SH,广发中证A500ETF,20241118,中证A500指数,中证A500指数收益率,广发基金管理有限公司,中国银行股份有限公司,股票型ETF,规模指数ETF,000510.CSI,9404464321.24,360676066,458768695,1.299,1.2719687782111,-0.107659182
2026-07-10,563800.SH,广发中证A500ETF,20241118,中证A500指数,中证A500指数收益率,广发基金管理有限公司,中国银行股份有限公司,股票型ETF,规模指数ETF,000510.CSI,9389211231.51,553891000,721216344,1.279,1.3020907434856,0.148774567
2026-07-13,563800.SH,广发中证A500ETF,20241118,中证A500指数,中证A500指数收益率,广发基金管理有限公司,中国银行股份有限公司,股票型ETF,规模指数ETF,000510.CSI,9422082245.45,485198600,609363054,1.244,1.2559043946128,-0.040176778
2026-07-14,563800.SH,广发中证A500ETF,20241118,中证A500指数,中证A500指数收益率,广发基金管理有限公司,中国银行股份有限公司,股票型ETF,规模指数ETF,000510.CSI,9627947627.87,449560945,560861211,1.272,1.247575478337,-0.055001179
2026-07-15,563800.SH,广发中证A500ETF,20241118,中证A500指数,中证A500指数收益率,广发基金管理有限公司,中国银行股份有限公司,股票型ETF,规模指数ETF,000510.CSI,9290578114.02,500046227,635829337,1.266,1.2715411149378,0.142382534
2026-07-16,563800.SH,广发中证A500ETF,20241118,中证A500指数,中证A500指数收益率,广发基金管理有限公司,中国银行股份有限公司,股票型ETF,规模指数ETF,000510.CSI,9114982448.38,292563300,366388768,1.24,1.2523401533959,0.016131634
2026-07-17,563800.SH,广发中证A500ETF,20241118,中证A500指数,中证A500指数收益率,广发基金管理有限公司,中国银行股份有限公司,股票型ETF,规模指数ETF,000510.CSI,9156724187.18,637162798,768304213,1.191,1.2058208913195,0.269405624
2026-07-20,563800.SH,广发中证A500ETF,20241118,中证A500指数,中证A500指数收益率,广发基金管理有限公司,中国银行股份有限公司,股票型ETF,规模指数ETF,000510.CSI,9395186879.13,299604755,358659231,1.196,1.1971079397588,-0.108577633
2026-07-21,563800.SH,广发中证A500ETF,20241118,中证A500指数,中证A500指数收益率,广发基金管理有限公司,中国银行股份有限公司,股票型ETF,规模指数ETF,000510.CSI,9926387965.16,450072275,547752163,1.244,1.2170315600978,0.032164683
2026-07-22,563800.SH,广发中证A500ETF,20241118,中证A500指数,中证A500指数收益率,广发基金管理有限公司,中国银行股份有限公司,股票型ETF,规模指数ETF,000510.CSI,9906512931.6,357879685,445360755,1.236,1.244442681903,0
2026-07-23,563800.SH,广发中证A500ETF,20241118,中证A500指数,中证A500指数收益率,广发基金管理有限公司,中国银行股份有限公司,股票型ETF,规模指数ETF,000510.CSI,9988907279.04,310890901,384622468,1.24,1.237162190218,0.129198966
2026-07-24,563800.SH,广发中证A500ETF,20241118,中证A500指数,中证A500指数收益率,广发基金管理有限公司,中国银行股份有限公司,股票型ETF,规模指数ETF,000510.CSI,9963368293.69,433731786,531001856,1.214,1.2242631809327,-0.074080171
2026-07-27,563800.SH,广发中证A500ETF,20241118,中证A500指数,中证A500指数收益率,广发基金管理有限公司,中国银行股份有限公司,股票型ETF,规模指数ETF,000510.CSI,10339392953.5,434520138,531610141,1.235,1.2234418948841,0
2026-07-28,563800.SH,广发中证A500ETF,20241118,中证A500指数,中证A500指数收益率,广发基金管理有限公司,中国银行股份有限公司,股票型ETF,规模指数ETF,000510.CSI,10128748514.17,438570152,527269416,1.197,1.2022464675161,0.108722924
2026-07-29,563800.SH,广发中证A500ETF,20241118,中证A500指数,中证A500指数收益率,广发基金管理有限公司,中国银行股份有限公司,股票型ETF,规模指数ETF,000510.CSI,10215829617.07,459795383,548907955,1.205,1.1938091927295,0.024902465
2026-07-30,563800.SH,广发中证A500ETF,20241118,中证A500指数,中证A500指数收益率,广发基金管理有限公司,中国银行股份有限公司,股票型ETF,规模指数ETF,000510.CSI,10339278033.17,585022900,697372208,1.186,1.192042581581,0.02530151
2026-07-31,563800.SH,广发中证A500ETF,20241118,中证A500指数,中证A500指数收益率,广发基金管理有限公司,中国银行股份有限公司,股票型ETF,规模指数ETF,000510.CSI,10640203293.72,523257284,633877544,1.205,1.2114070140684,0.316350316
2026-08-03,563800.SH,广发中证A500ETF,20241118,中证A500指数,中证A500指数收益率,广发基金管理有限公司,中国银行股份有限公司,股票型ETF,规模指数ETF,000510.CSI,10655188365.28,344956242,410987743,1.189,1.1914199337782,0.016823688
2026-08-04,563800.SH,广发中证A500ETF,20241118,中证A500指数,中证A500指数收益率,广发基金管理有限公司,中国银行股份有限公司,股票型ETF,规模指数ETF,000510.CSI,10821634505.38,371131745,446339278,1.208,1.2026437619881,-0.148784923
2026-08-05,563800.SH,广发中证A500ETF,20241118,中证A500指数,中证A500指数收益率,广发基金管理有限公司,中国银行股份有限公司,股票型ETF,规模指数ETF,000510.CSI,11007912867.38,334475314,407849557,1.229,1.2193711760743,-0.065051228
2026-08-06,563800.SH,广发中证A500ETF,20241118,中证A500指数,中证A500指数收益率,广发基金管理有限公司,中国银行股份有限公司,股票型ETF,规模指数ETF,000510.CSI,10962441115.56,420444763,514752364,1.227,1.2243043778857,-0.048875855
2026-08-07,563800.SH,广发中证A500ETF,20241118,中证A500指数,中证A500指数收益率,广发基金管理有限公司,中国银行股份有限公司,股票型ETF,规模指数ETF,000510.CSI,11097531947.64,271939434,336539711,1.243,1.2375539143028,-0.112504018
2026-08-10,563800.SH,广发中证A500ETF,20241118,中证A500指数,中证A500指数收益率,广发基金管理有限公司,中国银行股份有限公司,股票型ETF,规模指数ETF,000510.CSI,11109671899.46,278762600,345690498,1.245,1.2400892300474,-0.12834911
2026-08-11,563800.SH,广发中证A500ETF,20241118,中证A500指数,中证A500指数收益率,广发基金管理有限公司,中国银行股份有限公司,股票型ETF,规模指数ETF,000510.CSI,11130045722.84,417888445,519214667,1.237,1.2424719400892,0.048527984
2026-08-12,563800.SH,广发中证A500ETF,20241118,中证A500指数,中证A500指数收益率,广发基金管理有限公司,中国银行股份有限公司,股票型ETF,规模指数ETF,000510.CSI,11205390321.36,323652164,402370232,1.247,1.2432181111571,0.112395633
2026-08-13,563800.SH,广发中证A500ETF,20241118,中证A500指数,中证A500指数收益率,广发基金管理有限公司,中国银行股份有限公司,股票型ETF,规模指数ETF,000510.CSI,11101387029.41,389058555,485808979,1.237,1.2486783101325,0.072809643
2026-08-14,563800.SH,广发中证A500ETF,20241118,中证A500指数,中证A500指数收益率,广发基金管理有限公司,中国银行股份有限公司,股票型ETF,规模指数ETF,000510.CSI,11090397274.66,309427171,382109133,1.238,1.2348919836778,-0.048441789
2026-08-17,563800.SH,广发中证A500ETF,20241118,中证A500指数,中证A500指数收益率,广发基金管理有限公司,中国银行股份有限公司,股票型ETF,规模指数ETF,000510.CSI,11309284357.82,375009441,468487630,1.262,1.249268895073,-0.015845349
2026-08-18,563800.SH,广发中证A500ETF,20241118,中证A500指数,中证A500指数收益率,广发基金管理有限公司,中国银行股份有限公司,股票型ETF,规模指数ETF,000510.CSI,11228149245.42,245586890,307816642,1.257,1.253391994988,-0.095374344
2026-08-19,563800.SH,广发中证A500ETF,20241118,中证A500指数,中证A500指数收益率,广发基金管理有限公司,中国银行股份有限公司,股票型ETF,规模指数ETF,000510.CSI,10896572019.97,259836827,318281110,1.215,1.2249268653515,0.107110489
2026-08-20,563800.SH,广发中证A500ETF,20241118,中证A500指数,中证A500指数收益率,广发基金管理有限公司,中国银行股份有限公司,股票型ETF,规模指数ETF,000510.CSI,10949105963.03,304647100,371483807,1.216,1.2193905899646,-0.024664968
2026-08-21,563800.SH,广发中证A500ETF,20241118,中证A500指数,中证A500指数收益率,广发基金管理有限公司,中国银行股份有限公司,股票型ETF,规模指数ETF,000510.CSI,10933169205.35,339857310,414998849,1.223,1.2210973158117,-0.040866367
2026-08-24,563800.SH,广发中证A500ETF,20241118,中证A500指数,中证A500指数收益率,广发基金管理有限公司,中国银行股份有限公司,股票型ETF,规模指数ETF,000510.CSI,10844683017.07,373999855,450383534,1.206,1.2042345150107,0.107910683
2026-08-25,563800.SH,广发中证A500ETF,20241118,中证A500指数,中证A500指数收益率,广发基金管理有限公司,中国银行股份有限公司,股票型ETF,规模指数ETF,000510.CSI,10867276049.92,279126109,334999675,1.204,1.2001731984162,0.066489362
