日期,代码,名称,上市日期,对标指数,benchmark,管理人,托管人,类别大类,类别细类,对标指数代码,规模,成交量,成交额,收盘价,VWAP,溢价率
2021-01-04,588940.SH,富国上证科创板50成份ETF,20250603,上证科创板50成份指数,上证科创板50成份指数收益率,富国基金管理有限公司,中信银行股份有限公司,股票型ETF,规模指数ETF,000688.SH,,,,,,
2021-01-05,588940.SH,富国上证科创板50成份ETF,20250603,上证科创板50成份指数,上证科创板50成份指数收益率,富国基金管理有限公司,中信银行股份有限公司,股票型ETF,规模指数ETF,000688.SH,,,,,,
2021-01-06,588940.SH,富国上证科创板50成份ETF,20250603,上证科创板50成份指数,上证科创板50成份指数收益率,富国基金管理有限公司,中信银行股份有限公司,股票型ETF,规模指数ETF,000688.SH,,,,,,
2021-01-07,588940.SH,富国上证科创板50成份ETF,20250603,上证科创板50成份指数,上证科创板50成份指数收益率,富国基金管理有限公司,中信银行股份有限公司,股票型ETF,规模指数ETF,000688.SH,,,,,,
2021-01-08,588940.SH,富国上证科创板50成份ETF,20250603,上证科创板50成份指数,上证科创板50成份指数收益率,富国基金管理有限公司,中信银行股份有限公司,股票型ETF,规模指数ETF,000688.SH,,,,,,
2021-01-11,588940.SH,富国上证科创板50成份ETF,20250603,上证科创板50成份指数,上证科创板50成份指数收益率,富国基金管理有限公司,中信银行股份有限公司,股票型ETF,规模指数ETF,000688.SH,,,,,,
2021-01-12,588940.SH,富国上证科创板50成份ETF,20250603,上证科创板50成份指数,上证科创板50成份指数收益率,富国基金管理有限公司,中信银行股份有限公司,股票型ETF,规模指数ETF,000688.SH,,,,,,
2021-01-13,588940.SH,富国上证科创板50成份ETF,20250603,上证科创板50成份指数,上证科创板50成份指数收益率,富国基金管理有限公司,中信银行股份有限公司,股票型ETF,规模指数ETF,000688.SH,,,,,,
2021-01-14,588940.SH,富国上证科创板50成份ETF,20250603,上证科创板50成份指数,上证科创板50成份指数收益率,富国基金管理有限公司,中信银行股份有限公司,股票型ETF,规模指数ETF,000688.SH,,,,,,
2021-01-15,588940.SH,富国上证科创板50成份ETF,20250603,上证科创板50成份指数,上证科创板50成份指数收益率,富国基金管理有限公司,中信银行股份有限公司,股票型ETF,规模指数ETF,000688.SH,,,,,,
2021-01-18,588940.SH,富国上证科创板50成份ETF,20250603,上证科创板50成份指数,上证科创板50成份指数收益率,富国基金管理有限公司,中信银行股份有限公司,股票型ETF,规模指数ETF,000688.SH,,,,,,
2021-01-19,588940.SH,富国上证科创板50成份ETF,20250603,上证科创板50成份指数,上证科创板50成份指数收益率,富国基金管理有限公司,中信银行股份有限公司,股票型ETF,规模指数ETF,000688.SH,,,,,,
2021-01-20,588940.SH,富国上证科创板50成份ETF,20250603,上证科创板50成份指数,上证科创板50成份指数收益率,富国基金管理有限公司,中信银行股份有限公司,股票型ETF,规模指数ETF,000688.SH,,,,,,
2021-01-21,588940.SH,富国上证科创板50成份ETF,20250603,上证科创板50成份指数,上证科创板50成份指数收益率,富国基金管理有限公司,中信银行股份有限公司,股票型ETF,规模指数ETF,000688.SH,,,,,,
2021-01-22,588940.SH,富国上证科创板50成份ETF,20250603,上证科创板50成份指数,上证科创板50成份指数收益率,富国基金管理有限公司,中信银行股份有限公司,股票型ETF,规模指数ETF,000688.SH,,,,,,
2021-01-25,588940.SH,富国上证科创板50成份ETF,20250603,上证科创板50成份指数,上证科创板50成份指数收益率,富国基金管理有限公司,中信银行股份有限公司,股票型ETF,规模指数ETF,000688.SH,,,,,,
2021-01-26,588940.SH,富国上证科创板50成份ETF,20250603,上证科创板50成份指数,上证科创板50成份指数收益率,富国基金管理有限公司,中信银行股份有限公司,股票型ETF,规模指数ETF,000688.SH,,,,,,
2021-01-27,588940.SH,富国上证科创板50成份ETF,20250603,上证科创板50成份指数,上证科创板50成份指数收益率,富国基金管理有限公司,中信银行股份有限公司,股票型ETF,规模指数ETF,000688.SH,,,,,,
2021-01-28,588940.SH,富国上证科创板50成份ETF,20250603,上证科创板50成份指数,上证科创板50成份指数收益率,富国基金管理有限公司,中信银行股份有限公司,股票型ETF,规模指数ETF,000688.SH,,,,,,
2021-01-29,588940.SH,富国上证科创板50成份ETF,20250603,上证科创板50成份指数,上证科创板50成份指数收益率,富国基金管理有限公司,中信银行股份有限公司,股票型ETF,规模指数ETF,000688.SH,,,,,,
2021-02-01,588940.SH,富国上证科创板50成份ETF,20250603,上证科创板50成份指数,上证科创板50成份指数收益率,富国基金管理有限公司,中信银行股份有限公司,股票型ETF,规模指数ETF,000688.SH,,,,,,
2021-02-02,588940.SH,富国上证科创板50成份ETF,20250603,上证科创板50成份指数,上证科创板50成份指数收益率,富国基金管理有限公司,中信银行股份有限公司,股票型ETF,规模指数ETF,000688.SH,,,,,,
2021-02-03,588940.SH,富国上证科创板50成份ETF,20250603,上证科创板50成份指数,上证科创板50成份指数收益率,富国基金管理有限公司,中信银行股份有限公司,股票型ETF,规模指数ETF,000688.SH,,,,,,
2021-02-04,588940.SH,富国上证科创板50成份ETF,20250603,上证科创板50成份指数,上证科创板50成份指数收益率,富国基金管理有限公司,中信银行股份有限公司,股票型ETF,规模指数ETF,000688.SH,,,,,,
2021-02-05,588940.SH,富国上证科创板50成份ETF,20250603,上证科创板50成份指数,上证科创板50成份指数收益率,富国基金管理有限公司,中信银行股份有限公司,股票型ETF,规模指数ETF,000688.SH,,,,,,
2021-02-08,588940.SH,富国上证科创板50成份ETF,20250603,上证科创板50成份指数,上证科创板50成份指数收益率,富国基金管理有限公司,中信银行股份有限公司,股票型ETF,规模指数ETF,000688.SH,,,,,,
2021-02-09,588940.SH,富国上证科创板50成份ETF,20250603,上证科创板50成份指数,上证科创板50成份指数收益率,富国基金管理有限公司,中信银行股份有限公司,股票型ETF,规模指数ETF,000688.SH,,,,,,
2021-02-10,588940.SH,富国上证科创板50成份ETF,20250603,上证科创板50成份指数,上证科创板50成份指数收益率,富国基金管理有限公司,中信银行股份有限公司,股票型ETF,规模指数ETF,000688.SH,,,,,,
2021-02-18,588940.SH,富国上证科创板50成份ETF,20250603,上证科创板50成份指数,上证科创板50成份指数收益率,富国基金管理有限公司,中信银行股份有限公司,股票型ETF,规模指数ETF,000688.SH,,,,,,
2021-02-19,588940.SH,富国上证科创板50成份ETF,20250603,上证科创板50成份指数,上证科创板50成份指数收益率,富国基金管理有限公司,中信银行股份有限公司,股票型ETF,规模指数ETF,000688.SH,,,,,,
2021-02-22,588940.SH,富国上证科创板50成份ETF,20250603,上证科创板50成份指数,上证科创板50成份指数收益率,富国基金管理有限公司,中信银行股份有限公司,股票型ETF,规模指数ETF,000688.SH,,,,,,
2021-02-23,588940.SH,富国上证科创板50成份ETF,20250603,上证科创板50成份指数,上证科创板50成份指数收益率,富国基金管理有限公司,中信银行股份有限公司,股票型ETF,规模指数ETF,000688.SH,,,,,,
2021-02-24,588940.SH,富国上证科创板50成份ETF,20250603,上证科创板50成份指数,上证科创板50成份指数收益率,富国基金管理有限公司,中信银行股份有限公司,股票型ETF,规模指数ETF,000688.SH,,,,,,
2021-02-25,588940.SH,富国上证科创板50成份ETF,20250603,上证科创板50成份指数,上证科创板50成份指数收益率,富国基金管理有限公司,中信银行股份有限公司,股票型ETF,规模指数ETF,000688.SH,,,,,,
2021-02-26,588940.SH,富国上证科创板50成份ETF,20250603,上证科创板50成份指数,上证科创板50成份指数收益率,富国基金管理有限公司,中信银行股份有限公司,股票型ETF,规模指数ETF,000688.SH,,,,,,
2021-03-01,588940.SH,富国上证科创板50成份ETF,20250603,上证科创板50成份指数,上证科创板50成份指数收益率,富国基金管理有限公司,中信银行股份有限公司,股票型ETF,规模指数ETF,000688.SH,,,,,,
2021-03-02,588940.SH,富国上证科创板50成份ETF,20250603,上证科创板50成份指数,上证科创板50成份指数收益率,富国基金管理有限公司,中信银行股份有限公司,股票型ETF,规模指数ETF,000688.SH,,,,,,
2021-03-03,588940.SH,富国上证科创板50成份ETF,20250603,上证科创板50成份指数,上证科创板50成份指数收益率,富国基金管理有限公司,中信银行股份有限公司,股票型ETF,规模指数ETF,000688.SH,,,,,,
2021-03-04,588940.SH,富国上证科创板50成份ETF,20250603,上证科创板50成份指数,上证科创板50成份指数收益率,富国基金管理有限公司,中信银行股份有限公司,股票型ETF,规模指数ETF,000688.SH,,,,,,
2021-03-05,588940.SH,富国上证科创板50成份ETF,20250603,上证科创板50成份指数,上证科创板50成份指数收益率,富国基金管理有限公司,中信银行股份有限公司,股票型ETF,规模指数ETF,000688.SH,,,,,,
2021-03-08,588940.SH,富国上证科创板50成份ETF,20250603,上证科创板50成份指数,上证科创板50成份指数收益率,富国基金管理有限公司,中信银行股份有限公司,股票型ETF,规模指数ETF,000688.SH,,,,,,
2021-03-09,588940.SH,富国上证科创板50成份ETF,20250603,上证科创板50成份指数,上证科创板50成份指数收益率,富国基金管理有限公司,中信银行股份有限公司,股票型ETF,规模指数ETF,000688.SH,,,,,,
2021-03-10,588940.SH,富国上证科创板50成份ETF,20250603,上证科创板50成份指数,上证科创板50成份指数收益率,富国基金管理有限公司,中信银行股份有限公司,股票型ETF,规模指数ETF,000688.SH,,,,,,
2021-03-11,588940.SH,富国上证科创板50成份ETF,20250603,上证科创板50成份指数,上证科创板50成份指数收益率,富国基金管理有限公司,中信银行股份有限公司,股票型ETF,规模指数ETF,000688.SH,,,,,,
2021-03-12,588940.SH,富国上证科创板50成份ETF,20250603,上证科创板50成份指数,上证科创板50成份指数收益率,富国基金管理有限公司,中信银行股份有限公司,股票型ETF,规模指数ETF,000688.SH,,,,,,
2021-03-15,588940.SH,富国上证科创板50成份ETF,20250603,上证科创板50成份指数,上证科创板50成份指数收益率,富国基金管理有限公司,中信银行股份有限公司,股票型ETF,规模指数ETF,000688.SH,,,,,,
2021-03-16,588940.SH,富国上证科创板50成份ETF,20250603,上证科创板50成份指数,上证科创板50成份指数收益率,富国基金管理有限公司,中信银行股份有限公司,股票型ETF,规模指数ETF,000688.SH,,,,,,
2021-03-17,588940.SH,富国上证科创板50成份ETF,20250603,上证科创板50成份指数,上证科创板50成份指数收益率,富国基金管理有限公司,中信银行股份有限公司,股票型ETF,规模指数ETF,000688.SH,,,,,,
2021-03-18,588940.SH,富国上证科创板50成份ETF,20250603,上证科创板50成份指数,上证科创板50成份指数收益率,富国基金管理有限公司,中信银行股份有限公司,股票型ETF,规模指数ETF,000688.SH,,,,,,
2021-03-19,588940.SH,富国上证科创板50成份ETF,20250603,上证科创板50成份指数,上证科创板50成份指数收益率,富国基金管理有限公司,中信银行股份有限公司,股票型ETF,规模指数ETF,000688.SH,,,,,,
2021-03-22,588940.SH,富国上证科创板50成份ETF,20250603,上证科创板50成份指数,上证科创板50成份指数收益率,富国基金管理有限公司,中信银行股份有限公司,股票型ETF,规模指数ETF,000688.SH,,,,,,
2021-03-23,588940.SH,富国上证科创板50成份ETF,20250603,上证科创板50成份指数,上证科创板50成份指数收益率,富国基金管理有限公司,中信银行股份有限公司,股票型ETF,规模指数ETF,000688.SH,,,,,,
2021-03-24,588940.SH,富国上证科创板50成份ETF,20250603,上证科创板50成份指数,上证科创板50成份指数收益率,富国基金管理有限公司,中信银行股份有限公司,股票型ETF,规模指数ETF,000688.SH,,,,,,
2021-03-25,588940.SH,富国上证科创板50成份ETF,20250603,上证科创板50成份指数,上证科创板50成份指数收益率,富国基金管理有限公司,中信银行股份有限公司,股票型ETF,规模指数ETF,000688.SH,,,,,,
2021-03-26,588940.SH,富国上证科创板50成份ETF,20250603,上证科创板50成份指数,上证科创板50成份指数收益率,富国基金管理有限公司,中信银行股份有限公司,股票型ETF,规模指数ETF,000688.SH,,,,,,
2021-03-29,588940.SH,富国上证科创板50成份ETF,20250603,上证科创板50成份指数,上证科创板50成份指数收益率,富国基金管理有限公司,中信银行股份有限公司,股票型ETF,规模指数ETF,000688.SH,,,,,,
2021-03-30,588940.SH,富国上证科创板50成份ETF,20250603,上证科创板50成份指数,上证科创板50成份指数收益率,富国基金管理有限公司,中信银行股份有限公司,股票型ETF,规模指数ETF,000688.SH,,,,,,
2021-03-31,588940.SH,富国上证科创板50成份ETF,20250603,上证科创板50成份指数,上证科创板50成份指数收益率,富国基金管理有限公司,中信银行股份有限公司,股票型ETF,规模指数ETF,000688.SH,,,,,,
2021-04-01,588940.SH,富国上证科创板50成份ETF,20250603,上证科创板50成份指数,上证科创板50成份指数收益率,富国基金管理有限公司,中信银行股份有限公司,股票型ETF,规模指数ETF,000688.SH,,,,,,
2021-04-02,588940.SH,富国上证科创板50成份ETF,20250603,上证科创板50成份指数,上证科创板50成份指数收益率,富国基金管理有限公司,中信银行股份有限公司,股票型ETF,规模指数ETF,000688.SH,,,,,,
2021-04-06,588940.SH,富国上证科创板50成份ETF,20250603,上证科创板50成份指数,上证科创板50成份指数收益率,富国基金管理有限公司,中信银行股份有限公司,股票型ETF,规模指数ETF,000688.SH,,,,,,
2021-04-07,588940.SH,富国上证科创板50成份ETF,20250603,上证科创板50成份指数,上证科创板50成份指数收益率,富国基金管理有限公司,中信银行股份有限公司,股票型ETF,规模指数ETF,000688.SH,,,,,,
2021-04-08,588940.SH,富国上证科创板50成份ETF,20250603,上证科创板50成份指数,上证科创板50成份指数收益率,富国基金管理有限公司,中信银行股份有限公司,股票型ETF,规模指数ETF,000688.SH,,,,,,
2021-04-09,588940.SH,富国上证科创板50成份ETF,20250603,上证科创板50成份指数,上证科创板50成份指数收益率,富国基金管理有限公司,中信银行股份有限公司,股票型ETF,规模指数ETF,000688.SH,,,,,,
2021-04-12,588940.SH,富国上证科创板50成份ETF,20250603,上证科创板50成份指数,上证科创板50成份指数收益率,富国基金管理有限公司,中信银行股份有限公司,股票型ETF,规模指数ETF,000688.SH,,,,,,
2021-04-13,588940.SH,富国上证科创板50成份ETF,20250603,上证科创板50成份指数,上证科创板50成份指数收益率,富国基金管理有限公司,中信银行股份有限公司,股票型ETF,规模指数ETF,000688.SH,,,,,,
2021-04-14,588940.SH,富国上证科创板50成份ETF,20250603,上证科创板50成份指数,上证科创板50成份指数收益率,富国基金管理有限公司,中信银行股份有限公司,股票型ETF,规模指数ETF,000688.SH,,,,,,
2021-04-15,588940.SH,富国上证科创板50成份ETF,20250603,上证科创板50成份指数,上证科创板50成份指数收益率,富国基金管理有限公司,中信银行股份有限公司,股票型ETF,规模指数ETF,000688.SH,,,,,,
2021-04-16,588940.SH,富国上证科创板50成份ETF,20250603,上证科创板50成份指数,上证科创板50成份指数收益率,富国基金管理有限公司,中信银行股份有限公司,股票型ETF,规模指数ETF,000688.SH,,,,,,
2021-04-19,588940.SH,富国上证科创板50成份ETF,20250603,上证科创板50成份指数,上证科创板50成份指数收益率,富国基金管理有限公司,中信银行股份有限公司,股票型ETF,规模指数ETF,000688.SH,,,,,,
2021-04-20,588940.SH,富国上证科创板50成份ETF,20250603,上证科创板50成份指数,上证科创板50成份指数收益率,富国基金管理有限公司,中信银行股份有限公司,股票型ETF,规模指数ETF,000688.SH,,,,,,
2021-04-21,588940.SH,富国上证科创板50成份ETF,20250603,上证科创板50成份指数,上证科创板50成份指数收益率,富国基金管理有限公司,中信银行股份有限公司,股票型ETF,规模指数ETF,000688.SH,,,,,,
2021-04-22,588940.SH,富国上证科创板50成份ETF,20250603,上证科创板50成份指数,上证科创板50成份指数收益率,富国基金管理有限公司,中信银行股份有限公司,股票型ETF,规模指数ETF,000688.SH,,,,,,
2021-04-23,588940.SH,富国上证科创板50成份ETF,20250603,上证科创板50成份指数,上证科创板50成份指数收益率,富国基金管理有限公司,中信银行股份有限公司,股票型ETF,规模指数ETF,000688.SH,,,,,,
2021-04-26,588940.SH,富国上证科创板50成份ETF,20250603,上证科创板50成份指数,上证科创板50成份指数收益率,富国基金管理有限公司,中信银行股份有限公司,股票型ETF,规模指数ETF,000688.SH,,,,,,
2021-04-27,588940.SH,富国上证科创板50成份ETF,20250603,上证科创板50成份指数,上证科创板50成份指数收益率,富国基金管理有限公司,中信银行股份有限公司,股票型ETF,规模指数ETF,000688.SH,,,,,,
2021-04-28,588940.SH,富国上证科创板50成份ETF,20250603,上证科创板50成份指数,上证科创板50成份指数收益率,富国基金管理有限公司,中信银行股份有限公司,股票型ETF,规模指数ETF,000688.SH,,,,,,
2021-04-29,588940.SH,富国上证科创板50成份ETF,20250603,上证科创板50成份指数,上证科创板50成份指数收益率,富国基金管理有限公司,中信银行股份有限公司,股票型ETF,规模指数ETF,000688.SH,,,,,,
2021-04-30,588940.SH,富国上证科创板50成份ETF,20250603,上证科创板50成份指数,上证科创板50成份指数收益率,富国基金管理有限公司,中信银行股份有限公司,股票型ETF,规模指数ETF,000688.SH,,,,,,
2021-05-06,588940.SH,富国上证科创板50成份ETF,20250603,上证科创板50成份指数,上证科创板50成份指数收益率,富国基金管理有限公司,中信银行股份有限公司,股票型ETF,规模指数ETF,000688.SH,,,,,,
2021-05-07,588940.SH,富国上证科创板50成份ETF,20250603,上证科创板50成份指数,上证科创板50成份指数收益率,富国基金管理有限公司,中信银行股份有限公司,股票型ETF,规模指数ETF,000688.SH,,,,,,
2021-05-10,588940.SH,富国上证科创板50成份ETF,20250603,上证科创板50成份指数,上证科创板50成份指数收益率,富国基金管理有限公司,中信银行股份有限公司,股票型ETF,规模指数ETF,000688.SH,,,,,,
2021-05-11,588940.SH,富国上证科创板50成份ETF,20250603,上证科创板50成份指数,上证科创板50成份指数收益率,富国基金管理有限公司,中信银行股份有限公司,股票型ETF,规模指数ETF,000688.SH,,,,,,
2021-05-12,588940.SH,富国上证科创板50成份ETF,20250603,上证科创板50成份指数,上证科创板50成份指数收益率,富国基金管理有限公司,中信银行股份有限公司,股票型ETF,规模指数ETF,000688.SH,,,,,,
2021-05-13,588940.SH,富国上证科创板50成份ETF,20250603,上证科创板50成份指数,上证科创板50成份指数收益率,富国基金管理有限公司,中信银行股份有限公司,股票型ETF,规模指数ETF,000688.SH,,,,,,
2021-05-14,588940.SH,富国上证科创板50成份ETF,20250603,上证科创板50成份指数,上证科创板50成份指数收益率,富国基金管理有限公司,中信银行股份有限公司,股票型ETF,规模指数ETF,000688.SH,,,,,,
2021-05-17,588940.SH,富国上证科创板50成份ETF,20250603,上证科创板50成份指数,上证科创板50成份指数收益率,富国基金管理有限公司,中信银行股份有限公司,股票型ETF,规模指数ETF,000688.SH,,,,,,
2021-05-18,588940.SH,富国上证科创板50成份ETF,20250603,上证科创板50成份指数,上证科创板50成份指数收益率,富国基金管理有限公司,中信银行股份有限公司,股票型ETF,规模指数ETF,000688.SH,,,,,,
2021-05-19,588940.SH,富国上证科创板50成份ETF,20250603,上证科创板50成份指数,上证科创板50成份指数收益率,富国基金管理有限公司,中信银行股份有限公司,股票型ETF,规模指数ETF,000688.SH,,,,,,
2021-05-20,588940.SH,富国上证科创板50成份ETF,20250603,上证科创板50成份指数,上证科创板50成份指数收益率,富国基金管理有限公司,中信银行股份有限公司,股票型ETF,规模指数ETF,000688.SH,,,,,,
2021-05-21,588940.SH,富国上证科创板50成份ETF,20250603,上证科创板50成份指数,上证科创板50成份指数收益率,富国基金管理有限公司,中信银行股份有限公司,股票型ETF,规模指数ETF,000688.SH,,,,,,
2021-05-24,588940.SH,富国上证科创板50成份ETF,20250603,上证科创板50成份指数,上证科创板50成份指数收益率,富国基金管理有限公司,中信银行股份有限公司,股票型ETF,规模指数ETF,000688.SH,,,,,,
2021-05-25,588940.SH,富国上证科创板50成份ETF,20250603,上证科创板50成份指数,上证科创板50成份指数收益率,富国基金管理有限公司,中信银行股份有限公司,股票型ETF,规模指数ETF,000688.SH,,,,,,
2021-05-26,588940.SH,富国上证科创板50成份ETF,20250603,上证科创板50成份指数,上证科创板50成份指数收益率,富国基金管理有限公司,中信银行股份有限公司,股票型ETF,规模指数ETF,000688.SH,,,,,,
2021-05-27,588940.SH,富国上证科创板50成份ETF,20250603,上证科创板50成份指数,上证科创板50成份指数收益率,富国基金管理有限公司,中信银行股份有限公司,股票型ETF,规模指数ETF,000688.SH,,,,,,
2021-05-28,588940.SH,富国上证科创板50成份ETF,20250603,上证科创板50成份指数,上证科创板50成份指数收益率,富国基金管理有限公司,中信银行股份有限公司,股票型ETF,规模指数ETF,000688.SH,,,,,,
2021-05-31,588940.SH,富国上证科创板50成份ETF,20250603,上证科创板50成份指数,上证科创板50成份指数收益率,富国基金管理有限公司,中信银行股份有限公司,股票型ETF,规模指数ETF,000688.SH,,,,,,
2021-06-01,588940.SH,富国上证科创板50成份ETF,20250603,上证科创板50成份指数,上证科创板50成份指数收益率,富国基金管理有限公司,中信银行股份有限公司,股票型ETF,规模指数ETF,000688.SH,,,,,,
2021-06-02,588940.SH,富国上证科创板50成份ETF,20250603,上证科创板50成份指数,上证科创板50成份指数收益率,富国基金管理有限公司,中信银行股份有限公司,股票型ETF,规模指数ETF,000688.SH,,,,,,
2021-06-03,588940.SH,富国上证科创板50成份ETF,20250603,上证科创板50成份指数,上证科创板50成份指数收益率,富国基金管理有限公司,中信银行股份有限公司,股票型ETF,规模指数ETF,000688.SH,,,,,,
2021-06-04,588940.SH,富国上证科创板50成份ETF,20250603,上证科创板50成份指数,上证科创板50成份指数收益率,富国基金管理有限公司,中信银行股份有限公司,股票型ETF,规模指数ETF,000688.SH,,,,,,
2021-06-07,588940.SH,富国上证科创板50成份ETF,20250603,上证科创板50成份指数,上证科创板50成份指数收益率,富国基金管理有限公司,中信银行股份有限公司,股票型ETF,规模指数ETF,000688.SH,,,,,,
2021-06-08,588940.SH,富国上证科创板50成份ETF,20250603,上证科创板50成份指数,上证科创板50成份指数收益率,富国基金管理有限公司,中信银行股份有限公司,股票型ETF,规模指数ETF,000688.SH,,,,,,
2021-06-09,588940.SH,富国上证科创板50成份ETF,20250603,上证科创板50成份指数,上证科创板50成份指数收益率,富国基金管理有限公司,中信银行股份有限公司,股票型ETF,规模指数ETF,000688.SH,,,,,,
2021-06-10,588940.SH,富国上证科创板50成份ETF,20250603,上证科创板50成份指数,上证科创板50成份指数收益率,富国基金管理有限公司,中信银行股份有限公司,股票型ETF,规模指数ETF,000688.SH,,,,,,
2021-06-11,588940.SH,富国上证科创板50成份ETF,20250603,上证科创板50成份指数,上证科创板50成份指数收益率,富国基金管理有限公司,中信银行股份有限公司,股票型ETF,规模指数ETF,000688.SH,,,,,,
2021-06-15,588940.SH,富国上证科创板50成份ETF,20250603,上证科创板50成份指数,上证科创板50成份指数收益率,富国基金管理有限公司,中信银行股份有限公司,股票型ETF,规模指数ETF,000688.SH,,,,,,
2021-06-16,588940.SH,富国上证科创板50成份ETF,20250603,上证科创板50成份指数,上证科创板50成份指数收益率,富国基金管理有限公司,中信银行股份有限公司,股票型ETF,规模指数ETF,000688.SH,,,,,,
2021-06-17,588940.SH,富国上证科创板50成份ETF,20250603,上证科创板50成份指数,上证科创板50成份指数收益率,富国基金管理有限公司,中信银行股份有限公司,股票型ETF,规模指数ETF,000688.SH,,,,,,
2021-06-18,588940.SH,富国上证科创板50成份ETF,20250603,上证科创板50成份指数,上证科创板50成份指数收益率,富国基金管理有限公司,中信银行股份有限公司,股票型ETF,规模指数ETF,000688.SH,,,,,,
2021-06-21,588940.SH,富国上证科创板50成份ETF,20250603,上证科创板50成份指数,上证科创板50成份指数收益率,富国基金管理有限公司,中信银行股份有限公司,股票型ETF,规模指数ETF,000688.SH,,,,,,
2021-06-22,588940.SH,富国上证科创板50成份ETF,20250603,上证科创板50成份指数,上证科创板50成份指数收益率,富国基金管理有限公司,中信银行股份有限公司,股票型ETF,规模指数ETF,000688.SH,,,,,,
2021-06-23,588940.SH,富国上证科创板50成份ETF,20250603,上证科创板50成份指数,上证科创板50成份指数收益率,富国基金管理有限公司,中信银行股份有限公司,股票型ETF,规模指数ETF,000688.SH,,,,,,
2021-06-24,588940.SH,富国上证科创板50成份ETF,20250603,上证科创板50成份指数,上证科创板50成份指数收益率,富国基金管理有限公司,中信银行股份有限公司,股票型ETF,规模指数ETF,000688.SH,,,,,,
2021-06-25,588940.SH,富国上证科创板50成份ETF,20250603,上证科创板50成份指数,上证科创板50成份指数收益率,富国基金管理有限公司,中信银行股份有限公司,股票型ETF,规模指数ETF,000688.SH,,,,,,
2021-06-28,588940.SH,富国上证科创板50成份ETF,20250603,上证科创板50成份指数,上证科创板50成份指数收益率,富国基金管理有限公司,中信银行股份有限公司,股票型ETF,规模指数ETF,000688.SH,,,,,,
2021-06-29,588940.SH,富国上证科创板50成份ETF,20250603,上证科创板50成份指数,上证科创板50成份指数收益率,富国基金管理有限公司,中信银行股份有限公司,股票型ETF,规模指数ETF,000688.SH,,,,,,
2021-06-30,588940.SH,富国上证科创板50成份ETF,20250603,上证科创板50成份指数,上证科创板50成份指数收益率,富国基金管理有限公司,中信银行股份有限公司,股票型ETF,规模指数ETF,000688.SH,,,,,,
2021-07-01,588940.SH,富国上证科创板50成份ETF,20250603,上证科创板50成份指数,上证科创板50成份指数收益率,富国基金管理有限公司,中信银行股份有限公司,股票型ETF,规模指数ETF,000688.SH,,,,,,
2021-07-02,588940.SH,富国上证科创板50成份ETF,20250603,上证科创板50成份指数,上证科创板50成份指数收益率,富国基金管理有限公司,中信银行股份有限公司,股票型ETF,规模指数ETF,000688.SH,,,,,,
2021-07-05,588940.SH,富国上证科创板50成份ETF,20250603,上证科创板50成份指数,上证科创板50成份指数收益率,富国基金管理有限公司,中信银行股份有限公司,股票型ETF,规模指数ETF,000688.SH,,,,,,
2021-07-06,588940.SH,富国上证科创板50成份ETF,20250603,上证科创板50成份指数,上证科创板50成份指数收益率,富国基金管理有限公司,中信银行股份有限公司,股票型ETF,规模指数ETF,000688.SH,,,,,,
2021-07-07,588940.SH,富国上证科创板50成份ETF,20250603,上证科创板50成份指数,上证科创板50成份指数收益率,富国基金管理有限公司,中信银行股份有限公司,股票型ETF,规模指数ETF,000688.SH,,,,,,
2021-07-08,588940.SH,富国上证科创板50成份ETF,20250603,上证科创板50成份指数,上证科创板50成份指数收益率,富国基金管理有限公司,中信银行股份有限公司,股票型ETF,规模指数ETF,000688.SH,,,,,,
2021-07-09,588940.SH,富国上证科创板50成份ETF,20250603,上证科创板50成份指数,上证科创板50成份指数收益率,富国基金管理有限公司,中信银行股份有限公司,股票型ETF,规模指数ETF,000688.SH,,,,,,
2021-07-12,588940.SH,富国上证科创板50成份ETF,20250603,上证科创板50成份指数,上证科创板50成份指数收益率,富国基金管理有限公司,中信银行股份有限公司,股票型ETF,规模指数ETF,000688.SH,,,,,,
2021-07-13,588940.SH,富国上证科创板50成份ETF,20250603,上证科创板50成份指数,上证科创板50成份指数收益率,富国基金管理有限公司,中信银行股份有限公司,股票型ETF,规模指数ETF,000688.SH,,,,,,
2021-07-14,588940.SH,富国上证科创板50成份ETF,20250603,上证科创板50成份指数,上证科创板50成份指数收益率,富国基金管理有限公司,中信银行股份有限公司,股票型ETF,规模指数ETF,000688.SH,,,,,,
2021-07-15,588940.SH,富国上证科创板50成份ETF,20250603,上证科创板50成份指数,上证科创板50成份指数收益率,富国基金管理有限公司,中信银行股份有限公司,股票型ETF,规模指数ETF,000688.SH,,,,,,
2021-07-16,588940.SH,富国上证科创板50成份ETF,20250603,上证科创板50成份指数,上证科创板50成份指数收益率,富国基金管理有限公司,中信银行股份有限公司,股票型ETF,规模指数ETF,000688.SH,,,,,,
2021-07-19,588940.SH,富国上证科创板50成份ETF,20250603,上证科创板50成份指数,上证科创板50成份指数收益率,富国基金管理有限公司,中信银行股份有限公司,股票型ETF,规模指数ETF,000688.SH,,,,,,
2021-07-20,588940.SH,富国上证科创板50成份ETF,20250603,上证科创板50成份指数,上证科创板50成份指数收益率,富国基金管理有限公司,中信银行股份有限公司,股票型ETF,规模指数ETF,000688.SH,,,,,,
2021-07-21,588940.SH,富国上证科创板50成份ETF,20250603,上证科创板50成份指数,上证科创板50成份指数收益率,富国基金管理有限公司,中信银行股份有限公司,股票型ETF,规模指数ETF,000688.SH,,,,,,
2021-07-22,588940.SH,富国上证科创板50成份ETF,20250603,上证科创板50成份指数,上证科创板50成份指数收益率,富国基金管理有限公司,中信银行股份有限公司,股票型ETF,规模指数ETF,000688.SH,,,,,,
2021-07-23,588940.SH,富国上证科创板50成份ETF,20250603,上证科创板50成份指数,上证科创板50成份指数收益率,富国基金管理有限公司,中信银行股份有限公司,股票型ETF,规模指数ETF,000688.SH,,,,,,
2021-07-26,588940.SH,富国上证科创板50成份ETF,20250603,上证科创板50成份指数,上证科创板50成份指数收益率,富国基金管理有限公司,中信银行股份有限公司,股票型ETF,规模指数ETF,000688.SH,,,,,,
2021-07-27,588940.SH,富国上证科创板50成份ETF,20250603,上证科创板50成份指数,上证科创板50成份指数收益率,富国基金管理有限公司,中信银行股份有限公司,股票型ETF,规模指数ETF,000688.SH,,,,,,
2021-07-28,588940.SH,富国上证科创板50成份ETF,20250603,上证科创板50成份指数,上证科创板50成份指数收益率,富国基金管理有限公司,中信银行股份有限公司,股票型ETF,规模指数ETF,000688.SH,,,,,,
2021-07-29,588940.SH,富国上证科创板50成份ETF,20250603,上证科创板50成份指数,上证科创板50成份指数收益率,富国基金管理有限公司,中信银行股份有限公司,股票型ETF,规模指数ETF,000688.SH,,,,,,
2021-07-30,588940.SH,富国上证科创板50成份ETF,20250603,上证科创板50成份指数,上证科创板50成份指数收益率,富国基金管理有限公司,中信银行股份有限公司,股票型ETF,规模指数ETF,000688.SH,,,,,,
2021-08-02,588940.SH,富国上证科创板50成份ETF,20250603,上证科创板50成份指数,上证科创板50成份指数收益率,富国基金管理有限公司,中信银行股份有限公司,股票型ETF,规模指数ETF,000688.SH,,,,,,
2021-08-03,588940.SH,富国上证科创板50成份ETF,20250603,上证科创板50成份指数,上证科创板50成份指数收益率,富国基金管理有限公司,中信银行股份有限公司,股票型ETF,规模指数ETF,000688.SH,,,,,,
2021-08-04,588940.SH,富国上证科创板50成份ETF,20250603,上证科创板50成份指数,上证科创板50成份指数收益率,富国基金管理有限公司,中信银行股份有限公司,股票型ETF,规模指数ETF,000688.SH,,,,,,
2021-08-05,588940.SH,富国上证科创板50成份ETF,20250603,上证科创板50成份指数,上证科创板50成份指数收益率,富国基金管理有限公司,中信银行股份有限公司,股票型ETF,规模指数ETF,000688.SH,,,,,,
2021-08-06,588940.SH,富国上证科创板50成份ETF,20250603,上证科创板50成份指数,上证科创板50成份指数收益率,富国基金管理有限公司,中信银行股份有限公司,股票型ETF,规模指数ETF,000688.SH,,,,,,
2021-08-09,588940.SH,富国上证科创板50成份ETF,20250603,上证科创板50成份指数,上证科创板50成份指数收益率,富国基金管理有限公司,中信银行股份有限公司,股票型ETF,规模指数ETF,000688.SH,,,,,,
2021-08-10,588940.SH,富国上证科创板50成份ETF,20250603,上证科创板50成份指数,上证科创板50成份指数收益率,富国基金管理有限公司,中信银行股份有限公司,股票型ETF,规模指数ETF,000688.SH,,,,,,
2021-08-11,588940.SH,富国上证科创板50成份ETF,20250603,上证科创板50成份指数,上证科创板50成份指数收益率,富国基金管理有限公司,中信银行股份有限公司,股票型ETF,规模指数ETF,000688.SH,,,,,,
2021-08-12,588940.SH,富国上证科创板50成份ETF,20250603,上证科创板50成份指数,上证科创板50成份指数收益率,富国基金管理有限公司,中信银行股份有限公司,股票型ETF,规模指数ETF,000688.SH,,,,,,
2021-08-13,588940.SH,富国上证科创板50成份ETF,20250603,上证科创板50成份指数,上证科创板50成份指数收益率,富国基金管理有限公司,中信银行股份有限公司,股票型ETF,规模指数ETF,000688.SH,,,,,,
2021-08-16,588940.SH,富国上证科创板50成份ETF,20250603,上证科创板50成份指数,上证科创板50成份指数收益率,富国基金管理有限公司,中信银行股份有限公司,股票型ETF,规模指数ETF,000688.SH,,,,,,
2021-08-17,588940.SH,富国上证科创板50成份ETF,20250603,上证科创板50成份指数,上证科创板50成份指数收益率,富国基金管理有限公司,中信银行股份有限公司,股票型ETF,规模指数ETF,000688.SH,,,,,,
2021-08-18,588940.SH,富国上证科创板50成份ETF,20250603,上证科创板50成份指数,上证科创板50成份指数收益率,富国基金管理有限公司,中信银行股份有限公司,股票型ETF,规模指数ETF,000688.SH,,,,,,
2021-08-19,588940.SH,富国上证科创板50成份ETF,20250603,上证科创板50成份指数,上证科创板50成份指数收益率,富国基金管理有限公司,中信银行股份有限公司,股票型ETF,规模指数ETF,000688.SH,,,,,,
2021-08-20,588940.SH,富国上证科创板50成份ETF,20250603,上证科创板50成份指数,上证科创板50成份指数收益率,富国基金管理有限公司,中信银行股份有限公司,股票型ETF,规模指数ETF,000688.SH,,,,,,
2021-08-23,588940.SH,富国上证科创板50成份ETF,20250603,上证科创板50成份指数,上证科创板50成份指数收益率,富国基金管理有限公司,中信银行股份有限公司,股票型ETF,规模指数ETF,000688.SH,,,,,,
2021-08-24,588940.SH,富国上证科创板50成份ETF,20250603,上证科创板50成份指数,上证科创板50成份指数收益率,富国基金管理有限公司,中信银行股份有限公司,股票型ETF,规模指数ETF,000688.SH,,,,,,
2021-08-25,588940.SH,富国上证科创板50成份ETF,20250603,上证科创板50成份指数,上证科创板50成份指数收益率,富国基金管理有限公司,中信银行股份有限公司,股票型ETF,规模指数ETF,000688.SH,,,,,,
2021-08-26,588940.SH,富国上证科创板50成份ETF,20250603,上证科创板50成份指数,上证科创板50成份指数收益率,富国基金管理有限公司,中信银行股份有限公司,股票型ETF,规模指数ETF,000688.SH,,,,,,
2021-08-27,588940.SH,富国上证科创板50成份ETF,20250603,上证科创板50成份指数,上证科创板50成份指数收益率,富国基金管理有限公司,中信银行股份有限公司,股票型ETF,规模指数ETF,000688.SH,,,,,,
2021-08-30,588940.SH,富国上证科创板50成份ETF,20250603,上证科创板50成份指数,上证科创板50成份指数收益率,富国基金管理有限公司,中信银行股份有限公司,股票型ETF,规模指数ETF,000688.SH,,,,,,
2021-08-31,588940.SH,富国上证科创板50成份ETF,20250603,上证科创板50成份指数,上证科创板50成份指数收益率,富国基金管理有限公司,中信银行股份有限公司,股票型ETF,规模指数ETF,000688.SH,,,,,,
2021-09-01,588940.SH,富国上证科创板50成份ETF,20250603,上证科创板50成份指数,上证科创板50成份指数收益率,富国基金管理有限公司,中信银行股份有限公司,股票型ETF,规模指数ETF,000688.SH,,,,,,
2021-09-02,588940.SH,富国上证科创板50成份ETF,20250603,上证科创板50成份指数,上证科创板50成份指数收益率,富国基金管理有限公司,中信银行股份有限公司,股票型ETF,规模指数ETF,000688.SH,,,,,,
2021-09-03,588940.SH,富国上证科创板50成份ETF,20250603,上证科创板50成份指数,上证科创板50成份指数收益率,富国基金管理有限公司,中信银行股份有限公司,股票型ETF,规模指数ETF,000688.SH,,,,,,
2021-09-06,588940.SH,富国上证科创板50成份ETF,20250603,上证科创板50成份指数,上证科创板50成份指数收益率,富国基金管理有限公司,中信银行股份有限公司,股票型ETF,规模指数ETF,000688.SH,,,,,,
2021-09-07,588940.SH,富国上证科创板50成份ETF,20250603,上证科创板50成份指数,上证科创板50成份指数收益率,富国基金管理有限公司,中信银行股份有限公司,股票型ETF,规模指数ETF,000688.SH,,,,,,
2021-09-08,588940.SH,富国上证科创板50成份ETF,20250603,上证科创板50成份指数,上证科创板50成份指数收益率,富国基金管理有限公司,中信银行股份有限公司,股票型ETF,规模指数ETF,000688.SH,,,,,,
2021-09-09,588940.SH,富国上证科创板50成份ETF,20250603,上证科创板50成份指数,上证科创板50成份指数收益率,富国基金管理有限公司,中信银行股份有限公司,股票型ETF,规模指数ETF,000688.SH,,,,,,
2021-09-10,588940.SH,富国上证科创板50成份ETF,20250603,上证科创板50成份指数,上证科创板50成份指数收益率,富国基金管理有限公司,中信银行股份有限公司,股票型ETF,规模指数ETF,000688.SH,,,,,,
2021-09-13,588940.SH,富国上证科创板50成份ETF,20250603,上证科创板50成份指数,上证科创板50成份指数收益率,富国基金管理有限公司,中信银行股份有限公司,股票型ETF,规模指数ETF,000688.SH,,,,,,
2021-09-14,588940.SH,富国上证科创板50成份ETF,20250603,上证科创板50成份指数,上证科创板50成份指数收益率,富国基金管理有限公司,中信银行股份有限公司,股票型ETF,规模指数ETF,000688.SH,,,,,,
2021-09-15,588940.SH,富国上证科创板50成份ETF,20250603,上证科创板50成份指数,上证科创板50成份指数收益率,富国基金管理有限公司,中信银行股份有限公司,股票型ETF,规模指数ETF,000688.SH,,,,,,
2021-09-16,588940.SH,富国上证科创板50成份ETF,20250603,上证科创板50成份指数,上证科创板50成份指数收益率,富国基金管理有限公司,中信银行股份有限公司,股票型ETF,规模指数ETF,000688.SH,,,,,,
2021-09-17,588940.SH,富国上证科创板50成份ETF,20250603,上证科创板50成份指数,上证科创板50成份指数收益率,富国基金管理有限公司,中信银行股份有限公司,股票型ETF,规模指数ETF,000688.SH,,,,,,
2021-09-22,588940.SH,富国上证科创板50成份ETF,20250603,上证科创板50成份指数,上证科创板50成份指数收益率,富国基金管理有限公司,中信银行股份有限公司,股票型ETF,规模指数ETF,000688.SH,,,,,,
2021-09-23,588940.SH,富国上证科创板50成份ETF,20250603,上证科创板50成份指数,上证科创板50成份指数收益率,富国基金管理有限公司,中信银行股份有限公司,股票型ETF,规模指数ETF,000688.SH,,,,,,
2021-09-24,588940.SH,富国上证科创板50成份ETF,20250603,上证科创板50成份指数,上证科创板50成份指数收益率,富国基金管理有限公司,中信银行股份有限公司,股票型ETF,规模指数ETF,000688.SH,,,,,,
2021-09-27,588940.SH,富国上证科创板50成份ETF,20250603,上证科创板50成份指数,上证科创板50成份指数收益率,富国基金管理有限公司,中信银行股份有限公司,股票型ETF,规模指数ETF,000688.SH,,,,,,
2021-09-28,588940.SH,富国上证科创板50成份ETF,20250603,上证科创板50成份指数,上证科创板50成份指数收益率,富国基金管理有限公司,中信银行股份有限公司,股票型ETF,规模指数ETF,000688.SH,,,,,,
2021-09-29,588940.SH,富国上证科创板50成份ETF,20250603,上证科创板50成份指数,上证科创板50成份指数收益率,富国基金管理有限公司,中信银行股份有限公司,股票型ETF,规模指数ETF,000688.SH,,,,,,
2021-09-30,588940.SH,富国上证科创板50成份ETF,20250603,上证科创板50成份指数,上证科创板50成份指数收益率,富国基金管理有限公司,中信银行股份有限公司,股票型ETF,规模指数ETF,000688.SH,,,,,,
2021-10-08,588940.SH,富国上证科创板50成份ETF,20250603,上证科创板50成份指数,上证科创板50成份指数收益率,富国基金管理有限公司,中信银行股份有限公司,股票型ETF,规模指数ETF,000688.SH,,,,,,
2021-10-11,588940.SH,富国上证科创板50成份ETF,20250603,上证科创板50成份指数,上证科创板50成份指数收益率,富国基金管理有限公司,中信银行股份有限公司,股票型ETF,规模指数ETF,000688.SH,,,,,,
2021-10-12,588940.SH,富国上证科创板50成份ETF,20250603,上证科创板50成份指数,上证科创板50成份指数收益率,富国基金管理有限公司,中信银行股份有限公司,股票型ETF,规模指数ETF,000688.SH,,,,,,
2021-10-13,588940.SH,富国上证科创板50成份ETF,20250603,上证科创板50成份指数,上证科创板50成份指数收益率,富国基金管理有限公司,中信银行股份有限公司,股票型ETF,规模指数ETF,000688.SH,,,,,,
2021-10-14,588940.SH,富国上证科创板50成份ETF,20250603,上证科创板50成份指数,上证科创板50成份指数收益率,富国基金管理有限公司,中信银行股份有限公司,股票型ETF,规模指数ETF,000688.SH,,,,,,
2021-10-15,588940.SH,富国上证科创板50成份ETF,20250603,上证科创板50成份指数,上证科创板50成份指数收益率,富国基金管理有限公司,中信银行股份有限公司,股票型ETF,规模指数ETF,000688.SH,,,,,,
2021-10-18,588940.SH,富国上证科创板50成份ETF,20250603,上证科创板50成份指数,上证科创板50成份指数收益率,富国基金管理有限公司,中信银行股份有限公司,股票型ETF,规模指数ETF,000688.SH,,,,,,
2021-10-19,588940.SH,富国上证科创板50成份ETF,20250603,上证科创板50成份指数,上证科创板50成份指数收益率,富国基金管理有限公司,中信银行股份有限公司,股票型ETF,规模指数ETF,000688.SH,,,,,,
2021-10-20,588940.SH,富国上证科创板50成份ETF,20250603,上证科创板50成份指数,上证科创板50成份指数收益率,富国基金管理有限公司,中信银行股份有限公司,股票型ETF,规模指数ETF,000688.SH,,,,,,
2021-10-21,588940.SH,富国上证科创板50成份ETF,20250603,上证科创板50成份指数,上证科创板50成份指数收益率,富国基金管理有限公司,中信银行股份有限公司,股票型ETF,规模指数ETF,000688.SH,,,,,,
2021-10-22,588940.SH,富国上证科创板50成份ETF,20250603,上证科创板50成份指数,上证科创板50成份指数收益率,富国基金管理有限公司,中信银行股份有限公司,股票型ETF,规模指数ETF,000688.SH,,,,,,
2021-10-25,588940.SH,富国上证科创板50成份ETF,20250603,上证科创板50成份指数,上证科创板50成份指数收益率,富国基金管理有限公司,中信银行股份有限公司,股票型ETF,规模指数ETF,000688.SH,,,,,,
2021-10-26,588940.SH,富国上证科创板50成份ETF,20250603,上证科创板50成份指数,上证科创板50成份指数收益率,富国基金管理有限公司,中信银行股份有限公司,股票型ETF,规模指数ETF,000688.SH,,,,,,
2021-10-27,588940.SH,富国上证科创板50成份ETF,20250603,上证科创板50成份指数,上证科创板50成份指数收益率,富国基金管理有限公司,中信银行股份有限公司,股票型ETF,规模指数ETF,000688.SH,,,,,,
2021-10-28,588940.SH,富国上证科创板50成份ETF,20250603,上证科创板50成份指数,上证科创板50成份指数收益率,富国基金管理有限公司,中信银行股份有限公司,股票型ETF,规模指数ETF,000688.SH,,,,,,
2021-10-29,588940.SH,富国上证科创板50成份ETF,20250603,上证科创板50成份指数,上证科创板50成份指数收益率,富国基金管理有限公司,中信银行股份有限公司,股票型ETF,规模指数ETF,000688.SH,,,,,,
2021-11-01,588940.SH,富国上证科创板50成份ETF,20250603,上证科创板50成份指数,上证科创板50成份指数收益率,富国基金管理有限公司,中信银行股份有限公司,股票型ETF,规模指数ETF,000688.SH,,,,,,
2021-11-02,588940.SH,富国上证科创板50成份ETF,20250603,上证科创板50成份指数,上证科创板50成份指数收益率,富国基金管理有限公司,中信银行股份有限公司,股票型ETF,规模指数ETF,000688.SH,,,,,,
2021-11-03,588940.SH,富国上证科创板50成份ETF,20250603,上证科创板50成份指数,上证科创板50成份指数收益率,富国基金管理有限公司,中信银行股份有限公司,股票型ETF,规模指数ETF,000688.SH,,,,,,
2021-11-04,588940.SH,富国上证科创板50成份ETF,20250603,上证科创板50成份指数,上证科创板50成份指数收益率,富国基金管理有限公司,中信银行股份有限公司,股票型ETF,规模指数ETF,000688.SH,,,,,,
2021-11-05,588940.SH,富国上证科创板50成份ETF,20250603,上证科创板50成份指数,上证科创板50成份指数收益率,富国基金管理有限公司,中信银行股份有限公司,股票型ETF,规模指数ETF,000688.SH,,,,,,
2021-11-08,588940.SH,富国上证科创板50成份ETF,20250603,上证科创板50成份指数,上证科创板50成份指数收益率,富国基金管理有限公司,中信银行股份有限公司,股票型ETF,规模指数ETF,000688.SH,,,,,,
2021-11-09,588940.SH,富国上证科创板50成份ETF,20250603,上证科创板50成份指数,上证科创板50成份指数收益率,富国基金管理有限公司,中信银行股份有限公司,股票型ETF,规模指数ETF,000688.SH,,,,,,
2021-11-10,588940.SH,富国上证科创板50成份ETF,20250603,上证科创板50成份指数,上证科创板50成份指数收益率,富国基金管理有限公司,中信银行股份有限公司,股票型ETF,规模指数ETF,000688.SH,,,,,,
2021-11-11,588940.SH,富国上证科创板50成份ETF,20250603,上证科创板50成份指数,上证科创板50成份指数收益率,富国基金管理有限公司,中信银行股份有限公司,股票型ETF,规模指数ETF,000688.SH,,,,,,
2021-11-12,588940.SH,富国上证科创板50成份ETF,20250603,上证科创板50成份指数,上证科创板50成份指数收益率,富国基金管理有限公司,中信银行股份有限公司,股票型ETF,规模指数ETF,000688.SH,,,,,,
2021-11-15,588940.SH,富国上证科创板50成份ETF,20250603,上证科创板50成份指数,上证科创板50成份指数收益率,富国基金管理有限公司,中信银行股份有限公司,股票型ETF,规模指数ETF,000688.SH,,,,,,
2021-11-16,588940.SH,富国上证科创板50成份ETF,20250603,上证科创板50成份指数,上证科创板50成份指数收益率,富国基金管理有限公司,中信银行股份有限公司,股票型ETF,规模指数ETF,000688.SH,,,,,,
2021-11-17,588940.SH,富国上证科创板50成份ETF,20250603,上证科创板50成份指数,上证科创板50成份指数收益率,富国基金管理有限公司,中信银行股份有限公司,股票型ETF,规模指数ETF,000688.SH,,,,,,
2021-11-18,588940.SH,富国上证科创板50成份ETF,20250603,上证科创板50成份指数,上证科创板50成份指数收益率,富国基金管理有限公司,中信银行股份有限公司,股票型ETF,规模指数ETF,000688.SH,,,,,,
2021-11-19,588940.SH,富国上证科创板50成份ETF,20250603,上证科创板50成份指数,上证科创板50成份指数收益率,富国基金管理有限公司,中信银行股份有限公司,股票型ETF,规模指数ETF,000688.SH,,,,,,
2021-11-22,588940.SH,富国上证科创板50成份ETF,20250603,上证科创板50成份指数,上证科创板50成份指数收益率,富国基金管理有限公司,中信银行股份有限公司,股票型ETF,规模指数ETF,000688.SH,,,,,,
2021-11-23,588940.SH,富国上证科创板50成份ETF,20250603,上证科创板50成份指数,上证科创板50成份指数收益率,富国基金管理有限公司,中信银行股份有限公司,股票型ETF,规模指数ETF,000688.SH,,,,,,
2021-11-24,588940.SH,富国上证科创板50成份ETF,20250603,上证科创板50成份指数,上证科创板50成份指数收益率,富国基金管理有限公司,中信银行股份有限公司,股票型ETF,规模指数ETF,000688.SH,,,,,,
2021-11-25,588940.SH,富国上证科创板50成份ETF,20250603,上证科创板50成份指数,上证科创板50成份指数收益率,富国基金管理有限公司,中信银行股份有限公司,股票型ETF,规模指数ETF,000688.SH,,,,,,
2021-11-26,588940.SH,富国上证科创板50成份ETF,20250603,上证科创板50成份指数,上证科创板50成份指数收益率,富国基金管理有限公司,中信银行股份有限公司,股票型ETF,规模指数ETF,000688.SH,,,,,,
2021-11-29,588940.SH,富国上证科创板50成份ETF,20250603,上证科创板50成份指数,上证科创板50成份指数收益率,富国基金管理有限公司,中信银行股份有限公司,股票型ETF,规模指数ETF,000688.SH,,,,,,
2021-11-30,588940.SH,富国上证科创板50成份ETF,20250603,上证科创板50成份指数,上证科创板50成份指数收益率,富国基金管理有限公司,中信银行股份有限公司,股票型ETF,规模指数ETF,000688.SH,,,,,,
2021-12-01,588940.SH,富国上证科创板50成份ETF,20250603,上证科创板50成份指数,上证科创板50成份指数收益率,富国基金管理有限公司,中信银行股份有限公司,股票型ETF,规模指数ETF,000688.SH,,,,,,
2021-12-02,588940.SH,富国上证科创板50成份ETF,20250603,上证科创板50成份指数,上证科创板50成份指数收益率,富国基金管理有限公司,中信银行股份有限公司,股票型ETF,规模指数ETF,000688.SH,,,,,,
2021-12-03,588940.SH,富国上证科创板50成份ETF,20250603,上证科创板50成份指数,上证科创板50成份指数收益率,富国基金管理有限公司,中信银行股份有限公司,股票型ETF,规模指数ETF,000688.SH,,,,,,
2021-12-06,588940.SH,富国上证科创板50成份ETF,20250603,上证科创板50成份指数,上证科创板50成份指数收益率,富国基金管理有限公司,中信银行股份有限公司,股票型ETF,规模指数ETF,000688.SH,,,,,,
2021-12-07,588940.SH,富国上证科创板50成份ETF,20250603,上证科创板50成份指数,上证科创板50成份指数收益率,富国基金管理有限公司,中信银行股份有限公司,股票型ETF,规模指数ETF,000688.SH,,,,,,
2021-12-08,588940.SH,富国上证科创板50成份ETF,20250603,上证科创板50成份指数,上证科创板50成份指数收益率,富国基金管理有限公司,中信银行股份有限公司,股票型ETF,规模指数ETF,000688.SH,,,,,,
2021-12-09,588940.SH,富国上证科创板50成份ETF,20250603,上证科创板50成份指数,上证科创板50成份指数收益率,富国基金管理有限公司,中信银行股份有限公司,股票型ETF,规模指数ETF,000688.SH,,,,,,
2021-12-10,588940.SH,富国上证科创板50成份ETF,20250603,上证科创板50成份指数,上证科创板50成份指数收益率,富国基金管理有限公司,中信银行股份有限公司,股票型ETF,规模指数ETF,000688.SH,,,,,,
2021-12-13,588940.SH,富国上证科创板50成份ETF,20250603,上证科创板50成份指数,上证科创板50成份指数收益率,富国基金管理有限公司,中信银行股份有限公司,股票型ETF,规模指数ETF,000688.SH,,,,,,
2021-12-14,588940.SH,富国上证科创板50成份ETF,20250603,上证科创板50成份指数,上证科创板50成份指数收益率,富国基金管理有限公司,中信银行股份有限公司,股票型ETF,规模指数ETF,000688.SH,,,,,,
2021-12-15,588940.SH,富国上证科创板50成份ETF,20250603,上证科创板50成份指数,上证科创板50成份指数收益率,富国基金管理有限公司,中信银行股份有限公司,股票型ETF,规模指数ETF,000688.SH,,,,,,
2021-12-16,588940.SH,富国上证科创板50成份ETF,20250603,上证科创板50成份指数,上证科创板50成份指数收益率,富国基金管理有限公司,中信银行股份有限公司,股票型ETF,规模指数ETF,000688.SH,,,,,,
2021-12-17,588940.SH,富国上证科创板50成份ETF,20250603,上证科创板50成份指数,上证科创板50成份指数收益率,富国基金管理有限公司,中信银行股份有限公司,股票型ETF,规模指数ETF,000688.SH,,,,,,
2021-12-20,588940.SH,富国上证科创板50成份ETF,20250603,上证科创板50成份指数,上证科创板50成份指数收益率,富国基金管理有限公司,中信银行股份有限公司,股票型ETF,规模指数ETF,000688.SH,,,,,,
2021-12-21,588940.SH,富国上证科创板50成份ETF,20250603,上证科创板50成份指数,上证科创板50成份指数收益率,富国基金管理有限公司,中信银行股份有限公司,股票型ETF,规模指数ETF,000688.SH,,,,,,
2021-12-22,588940.SH,富国上证科创板50成份ETF,20250603,上证科创板50成份指数,上证科创板50成份指数收益率,富国基金管理有限公司,中信银行股份有限公司,股票型ETF,规模指数ETF,000688.SH,,,,,,
2021-12-23,588940.SH,富国上证科创板50成份ETF,20250603,上证科创板50成份指数,上证科创板50成份指数收益率,富国基金管理有限公司,中信银行股份有限公司,股票型ETF,规模指数ETF,000688.SH,,,,,,
2021-12-24,588940.SH,富国上证科创板50成份ETF,20250603,上证科创板50成份指数,上证科创板50成份指数收益率,富国基金管理有限公司,中信银行股份有限公司,股票型ETF,规模指数ETF,000688.SH,,,,,,
2021-12-27,588940.SH,富国上证科创板50成份ETF,20250603,上证科创板50成份指数,上证科创板50成份指数收益率,富国基金管理有限公司,中信银行股份有限公司,股票型ETF,规模指数ETF,000688.SH,,,,,,
2021-12-28,588940.SH,富国上证科创板50成份ETF,20250603,上证科创板50成份指数,上证科创板50成份指数收益率,富国基金管理有限公司,中信银行股份有限公司,股票型ETF,规模指数ETF,000688.SH,,,,,,
2021-12-29,588940.SH,富国上证科创板50成份ETF,20250603,上证科创板50成份指数,上证科创板50成份指数收益率,富国基金管理有限公司,中信银行股份有限公司,股票型ETF,规模指数ETF,000688.SH,,,,,,
2021-12-30,588940.SH,富国上证科创板50成份ETF,20250603,上证科创板50成份指数,上证科创板50成份指数收益率,富国基金管理有限公司,中信银行股份有限公司,股票型ETF,规模指数ETF,000688.SH,,,,,,
2021-12-31,588940.SH,富国上证科创板50成份ETF,20250603,上证科创板50成份指数,上证科创板50成份指数收益率,富国基金管理有限公司,中信银行股份有限公司,股票型ETF,规模指数ETF,000688.SH,,,,,,
2022-01-04,588940.SH,富国上证科创板50成份ETF,20250603,上证科创板50成份指数,上证科创板50成份指数收益率,富国基金管理有限公司,中信银行股份有限公司,股票型ETF,规模指数ETF,000688.SH,,,,,,
2022-01-05,588940.SH,富国上证科创板50成份ETF,20250603,上证科创板50成份指数,上证科创板50成份指数收益率,富国基金管理有限公司,中信银行股份有限公司,股票型ETF,规模指数ETF,000688.SH,,,,,,
2022-01-06,588940.SH,富国上证科创板50成份ETF,20250603,上证科创板50成份指数,上证科创板50成份指数收益率,富国基金管理有限公司,中信银行股份有限公司,股票型ETF,规模指数ETF,000688.SH,,,,,,
2022-01-07,588940.SH,富国上证科创板50成份ETF,20250603,上证科创板50成份指数,上证科创板50成份指数收益率,富国基金管理有限公司,中信银行股份有限公司,股票型ETF,规模指数ETF,000688.SH,,,,,,
2022-01-10,588940.SH,富国上证科创板50成份ETF,20250603,上证科创板50成份指数,上证科创板50成份指数收益率,富国基金管理有限公司,中信银行股份有限公司,股票型ETF,规模指数ETF,000688.SH,,,,,,
2022-01-11,588940.SH,富国上证科创板50成份ETF,20250603,上证科创板50成份指数,上证科创板50成份指数收益率,富国基金管理有限公司,中信银行股份有限公司,股票型ETF,规模指数ETF,000688.SH,,,,,,
2022-01-12,588940.SH,富国上证科创板50成份ETF,20250603,上证科创板50成份指数,上证科创板50成份指数收益率,富国基金管理有限公司,中信银行股份有限公司,股票型ETF,规模指数ETF,000688.SH,,,,,,
2022-01-13,588940.SH,富国上证科创板50成份ETF,20250603,上证科创板50成份指数,上证科创板50成份指数收益率,富国基金管理有限公司,中信银行股份有限公司,股票型ETF,规模指数ETF,000688.SH,,,,,,
2022-01-14,588940.SH,富国上证科创板50成份ETF,20250603,上证科创板50成份指数,上证科创板50成份指数收益率,富国基金管理有限公司,中信银行股份有限公司,股票型ETF,规模指数ETF,000688.SH,,,,,,
2022-01-17,588940.SH,富国上证科创板50成份ETF,20250603,上证科创板50成份指数,上证科创板50成份指数收益率,富国基金管理有限公司,中信银行股份有限公司,股票型ETF,规模指数ETF,000688.SH,,,,,,
2022-01-18,588940.SH,富国上证科创板50成份ETF,20250603,上证科创板50成份指数,上证科创板50成份指数收益率,富国基金管理有限公司,中信银行股份有限公司,股票型ETF,规模指数ETF,000688.SH,,,,,,
2022-01-19,588940.SH,富国上证科创板50成份ETF,20250603,上证科创板50成份指数,上证科创板50成份指数收益率,富国基金管理有限公司,中信银行股份有限公司,股票型ETF,规模指数ETF,000688.SH,,,,,,
2022-01-20,588940.SH,富国上证科创板50成份ETF,20250603,上证科创板50成份指数,上证科创板50成份指数收益率,富国基金管理有限公司,中信银行股份有限公司,股票型ETF,规模指数ETF,000688.SH,,,,,,
2022-01-21,588940.SH,富国上证科创板50成份ETF,20250603,上证科创板50成份指数,上证科创板50成份指数收益率,富国基金管理有限公司,中信银行股份有限公司,股票型ETF,规模指数ETF,000688.SH,,,,,,
2022-01-24,588940.SH,富国上证科创板50成份ETF,20250603,上证科创板50成份指数,上证科创板50成份指数收益率,富国基金管理有限公司,中信银行股份有限公司,股票型ETF,规模指数ETF,000688.SH,,,,,,
2022-01-25,588940.SH,富国上证科创板50成份ETF,20250603,上证科创板50成份指数,上证科创板50成份指数收益率,富国基金管理有限公司,中信银行股份有限公司,股票型ETF,规模指数ETF,000688.SH,,,,,,
2022-01-26,588940.SH,富国上证科创板50成份ETF,20250603,上证科创板50成份指数,上证科创板50成份指数收益率,富国基金管理有限公司,中信银行股份有限公司,股票型ETF,规模指数ETF,000688.SH,,,,,,
2022-01-27,588940.SH,富国上证科创板50成份ETF,20250603,上证科创板50成份指数,上证科创板50成份指数收益率,富国基金管理有限公司,中信银行股份有限公司,股票型ETF,规模指数ETF,000688.SH,,,,,,
2022-01-28,588940.SH,富国上证科创板50成份ETF,20250603,上证科创板50成份指数,上证科创板50成份指数收益率,富国基金管理有限公司,中信银行股份有限公司,股票型ETF,规模指数ETF,000688.SH,,,,,,
2022-02-07,588940.SH,富国上证科创板50成份ETF,20250603,上证科创板50成份指数,上证科创板50成份指数收益率,富国基金管理有限公司,中信银行股份有限公司,股票型ETF,规模指数ETF,000688.SH,,,,,,
2022-02-08,588940.SH,富国上证科创板50成份ETF,20250603,上证科创板50成份指数,上证科创板50成份指数收益率,富国基金管理有限公司,中信银行股份有限公司,股票型ETF,规模指数ETF,000688.SH,,,,,,
2022-02-09,588940.SH,富国上证科创板50成份ETF,20250603,上证科创板50成份指数,上证科创板50成份指数收益率,富国基金管理有限公司,中信银行股份有限公司,股票型ETF,规模指数ETF,000688.SH,,,,,,
2022-02-10,588940.SH,富国上证科创板50成份ETF,20250603,上证科创板50成份指数,上证科创板50成份指数收益率,富国基金管理有限公司,中信银行股份有限公司,股票型ETF,规模指数ETF,000688.SH,,,,,,
2022-02-11,588940.SH,富国上证科创板50成份ETF,20250603,上证科创板50成份指数,上证科创板50成份指数收益率,富国基金管理有限公司,中信银行股份有限公司,股票型ETF,规模指数ETF,000688.SH,,,,,,
2022-02-14,588940.SH,富国上证科创板50成份ETF,20250603,上证科创板50成份指数,上证科创板50成份指数收益率,富国基金管理有限公司,中信银行股份有限公司,股票型ETF,规模指数ETF,000688.SH,,,,,,
2022-02-15,588940.SH,富国上证科创板50成份ETF,20250603,上证科创板50成份指数,上证科创板50成份指数收益率,富国基金管理有限公司,中信银行股份有限公司,股票型ETF,规模指数ETF,000688.SH,,,,,,
2022-02-16,588940.SH,富国上证科创板50成份ETF,20250603,上证科创板50成份指数,上证科创板50成份指数收益率,富国基金管理有限公司,中信银行股份有限公司,股票型ETF,规模指数ETF,000688.SH,,,,,,
2022-02-17,588940.SH,富国上证科创板50成份ETF,20250603,上证科创板50成份指数,上证科创板50成份指数收益率,富国基金管理有限公司,中信银行股份有限公司,股票型ETF,规模指数ETF,000688.SH,,,,,,
2022-02-18,588940.SH,富国上证科创板50成份ETF,20250603,上证科创板50成份指数,上证科创板50成份指数收益率,富国基金管理有限公司,中信银行股份有限公司,股票型ETF,规模指数ETF,000688.SH,,,,,,
2022-02-21,588940.SH,富国上证科创板50成份ETF,20250603,上证科创板50成份指数,上证科创板50成份指数收益率,富国基金管理有限公司,中信银行股份有限公司,股票型ETF,规模指数ETF,000688.SH,,,,,,
2022-02-22,588940.SH,富国上证科创板50成份ETF,20250603,上证科创板50成份指数,上证科创板50成份指数收益率,富国基金管理有限公司,中信银行股份有限公司,股票型ETF,规模指数ETF,000688.SH,,,,,,
2022-02-23,588940.SH,富国上证科创板50成份ETF,20250603,上证科创板50成份指数,上证科创板50成份指数收益率,富国基金管理有限公司,中信银行股份有限公司,股票型ETF,规模指数ETF,000688.SH,,,,,,
2022-02-24,588940.SH,富国上证科创板50成份ETF,20250603,上证科创板50成份指数,上证科创板50成份指数收益率,富国基金管理有限公司,中信银行股份有限公司,股票型ETF,规模指数ETF,000688.SH,,,,,,
2022-02-25,588940.SH,富国上证科创板50成份ETF,20250603,上证科创板50成份指数,上证科创板50成份指数收益率,富国基金管理有限公司,中信银行股份有限公司,股票型ETF,规模指数ETF,000688.SH,,,,,,
2022-02-28,588940.SH,富国上证科创板50成份ETF,20250603,上证科创板50成份指数,上证科创板50成份指数收益率,富国基金管理有限公司,中信银行股份有限公司,股票型ETF,规模指数ETF,000688.SH,,,,,,
2022-03-01,588940.SH,富国上证科创板50成份ETF,20250603,上证科创板50成份指数,上证科创板50成份指数收益率,富国基金管理有限公司,中信银行股份有限公司,股票型ETF,规模指数ETF,000688.SH,,,,,,
2022-03-02,588940.SH,富国上证科创板50成份ETF,20250603,上证科创板50成份指数,上证科创板50成份指数收益率,富国基金管理有限公司,中信银行股份有限公司,股票型ETF,规模指数ETF,000688.SH,,,,,,
2022-03-03,588940.SH,富国上证科创板50成份ETF,20250603,上证科创板50成份指数,上证科创板50成份指数收益率,富国基金管理有限公司,中信银行股份有限公司,股票型ETF,规模指数ETF,000688.SH,,,,,,
2022-03-04,588940.SH,富国上证科创板50成份ETF,20250603,上证科创板50成份指数,上证科创板50成份指数收益率,富国基金管理有限公司,中信银行股份有限公司,股票型ETF,规模指数ETF,000688.SH,,,,,,
2022-03-07,588940.SH,富国上证科创板50成份ETF,20250603,上证科创板50成份指数,上证科创板50成份指数收益率,富国基金管理有限公司,中信银行股份有限公司,股票型ETF,规模指数ETF,000688.SH,,,,,,
2022-03-08,588940.SH,富国上证科创板50成份ETF,20250603,上证科创板50成份指数,上证科创板50成份指数收益率,富国基金管理有限公司,中信银行股份有限公司,股票型ETF,规模指数ETF,000688.SH,,,,,,
2022-03-09,588940.SH,富国上证科创板50成份ETF,20250603,上证科创板50成份指数,上证科创板50成份指数收益率,富国基金管理有限公司,中信银行股份有限公司,股票型ETF,规模指数ETF,000688.SH,,,,,,
2022-03-10,588940.SH,富国上证科创板50成份ETF,20250603,上证科创板50成份指数,上证科创板50成份指数收益率,富国基金管理有限公司,中信银行股份有限公司,股票型ETF,规模指数ETF,000688.SH,,,,,,
2022-03-11,588940.SH,富国上证科创板50成份ETF,20250603,上证科创板50成份指数,上证科创板50成份指数收益率,富国基金管理有限公司,中信银行股份有限公司,股票型ETF,规模指数ETF,000688.SH,,,,,,
2022-03-14,588940.SH,富国上证科创板50成份ETF,20250603,上证科创板50成份指数,上证科创板50成份指数收益率,富国基金管理有限公司,中信银行股份有限公司,股票型ETF,规模指数ETF,000688.SH,,,,,,
2022-03-15,588940.SH,富国上证科创板50成份ETF,20250603,上证科创板50成份指数,上证科创板50成份指数收益率,富国基金管理有限公司,中信银行股份有限公司,股票型ETF,规模指数ETF,000688.SH,,,,,,
2022-03-16,588940.SH,富国上证科创板50成份ETF,20250603,上证科创板50成份指数,上证科创板50成份指数收益率,富国基金管理有限公司,中信银行股份有限公司,股票型ETF,规模指数ETF,000688.SH,,,,,,
2022-03-17,588940.SH,富国上证科创板50成份ETF,20250603,上证科创板50成份指数,上证科创板50成份指数收益率,富国基金管理有限公司,中信银行股份有限公司,股票型ETF,规模指数ETF,000688.SH,,,,,,
2022-03-18,588940.SH,富国上证科创板50成份ETF,20250603,上证科创板50成份指数,上证科创板50成份指数收益率,富国基金管理有限公司,中信银行股份有限公司,股票型ETF,规模指数ETF,000688.SH,,,,,,
2022-03-21,588940.SH,富国上证科创板50成份ETF,20250603,上证科创板50成份指数,上证科创板50成份指数收益率,富国基金管理有限公司,中信银行股份有限公司,股票型ETF,规模指数ETF,000688.SH,,,,,,
2022-03-22,588940.SH,富国上证科创板50成份ETF,20250603,上证科创板50成份指数,上证科创板50成份指数收益率,富国基金管理有限公司,中信银行股份有限公司,股票型ETF,规模指数ETF,000688.SH,,,,,,
2022-03-23,588940.SH,富国上证科创板50成份ETF,20250603,上证科创板50成份指数,上证科创板50成份指数收益率,富国基金管理有限公司,中信银行股份有限公司,股票型ETF,规模指数ETF,000688.SH,,,,,,
2022-03-24,588940.SH,富国上证科创板50成份ETF,20250603,上证科创板50成份指数,上证科创板50成份指数收益率,富国基金管理有限公司,中信银行股份有限公司,股票型ETF,规模指数ETF,000688.SH,,,,,,
2022-03-25,588940.SH,富国上证科创板50成份ETF,20250603,上证科创板50成份指数,上证科创板50成份指数收益率,富国基金管理有限公司,中信银行股份有限公司,股票型ETF,规模指数ETF,000688.SH,,,,,,
2022-03-28,588940.SH,富国上证科创板50成份ETF,20250603,上证科创板50成份指数,上证科创板50成份指数收益率,富国基金管理有限公司,中信银行股份有限公司,股票型ETF,规模指数ETF,000688.SH,,,,,,
2022-03-29,588940.SH,富国上证科创板50成份ETF,20250603,上证科创板50成份指数,上证科创板50成份指数收益率,富国基金管理有限公司,中信银行股份有限公司,股票型ETF,规模指数ETF,000688.SH,,,,,,
2022-03-30,588940.SH,富国上证科创板50成份ETF,20250603,上证科创板50成份指数,上证科创板50成份指数收益率,富国基金管理有限公司,中信银行股份有限公司,股票型ETF,规模指数ETF,000688.SH,,,,,,
2022-03-31,588940.SH,富国上证科创板50成份ETF,20250603,上证科创板50成份指数,上证科创板50成份指数收益率,富国基金管理有限公司,中信银行股份有限公司,股票型ETF,规模指数ETF,000688.SH,,,,,,
2022-04-01,588940.SH,富国上证科创板50成份ETF,20250603,上证科创板50成份指数,上证科创板50成份指数收益率,富国基金管理有限公司,中信银行股份有限公司,股票型ETF,规模指数ETF,000688.SH,,,,,,
2022-04-06,588940.SH,富国上证科创板50成份ETF,20250603,上证科创板50成份指数,上证科创板50成份指数收益率,富国基金管理有限公司,中信银行股份有限公司,股票型ETF,规模指数ETF,000688.SH,,,,,,
2022-04-07,588940.SH,富国上证科创板50成份ETF,20250603,上证科创板50成份指数,上证科创板50成份指数收益率,富国基金管理有限公司,中信银行股份有限公司,股票型ETF,规模指数ETF,000688.SH,,,,,,
2022-04-08,588940.SH,富国上证科创板50成份ETF,20250603,上证科创板50成份指数,上证科创板50成份指数收益率,富国基金管理有限公司,中信银行股份有限公司,股票型ETF,规模指数ETF,000688.SH,,,,,,
2022-04-11,588940.SH,富国上证科创板50成份ETF,20250603,上证科创板50成份指数,上证科创板50成份指数收益率,富国基金管理有限公司,中信银行股份有限公司,股票型ETF,规模指数ETF,000688.SH,,,,,,
2022-04-12,588940.SH,富国上证科创板50成份ETF,20250603,上证科创板50成份指数,上证科创板50成份指数收益率,富国基金管理有限公司,中信银行股份有限公司,股票型ETF,规模指数ETF,000688.SH,,,,,,
2022-04-13,588940.SH,富国上证科创板50成份ETF,20250603,上证科创板50成份指数,上证科创板50成份指数收益率,富国基金管理有限公司,中信银行股份有限公司,股票型ETF,规模指数ETF,000688.SH,,,,,,
2022-04-14,588940.SH,富国上证科创板50成份ETF,20250603,上证科创板50成份指数,上证科创板50成份指数收益率,富国基金管理有限公司,中信银行股份有限公司,股票型ETF,规模指数ETF,000688.SH,,,,,,
2022-04-15,588940.SH,富国上证科创板50成份ETF,20250603,上证科创板50成份指数,上证科创板50成份指数收益率,富国基金管理有限公司,中信银行股份有限公司,股票型ETF,规模指数ETF,000688.SH,,,,,,
2022-04-18,588940.SH,富国上证科创板50成份ETF,20250603,上证科创板50成份指数,上证科创板50成份指数收益率,富国基金管理有限公司,中信银行股份有限公司,股票型ETF,规模指数ETF,000688.SH,,,,,,
2022-04-19,588940.SH,富国上证科创板50成份ETF,20250603,上证科创板50成份指数,上证科创板50成份指数收益率,富国基金管理有限公司,中信银行股份有限公司,股票型ETF,规模指数ETF,000688.SH,,,,,,
2022-04-20,588940.SH,富国上证科创板50成份ETF,20250603,上证科创板50成份指数,上证科创板50成份指数收益率,富国基金管理有限公司,中信银行股份有限公司,股票型ETF,规模指数ETF,000688.SH,,,,,,
2022-04-21,588940.SH,富国上证科创板50成份ETF,20250603,上证科创板50成份指数,上证科创板50成份指数收益率,富国基金管理有限公司,中信银行股份有限公司,股票型ETF,规模指数ETF,000688.SH,,,,,,
2022-04-22,588940.SH,富国上证科创板50成份ETF,20250603,上证科创板50成份指数,上证科创板50成份指数收益率,富国基金管理有限公司,中信银行股份有限公司,股票型ETF,规模指数ETF,000688.SH,,,,,,
2022-04-25,588940.SH,富国上证科创板50成份ETF,20250603,上证科创板50成份指数,上证科创板50成份指数收益率,富国基金管理有限公司,中信银行股份有限公司,股票型ETF,规模指数ETF,000688.SH,,,,,,
2022-04-26,588940.SH,富国上证科创板50成份ETF,20250603,上证科创板50成份指数,上证科创板50成份指数收益率,富国基金管理有限公司,中信银行股份有限公司,股票型ETF,规模指数ETF,000688.SH,,,,,,
2022-04-27,588940.SH,富国上证科创板50成份ETF,20250603,上证科创板50成份指数,上证科创板50成份指数收益率,富国基金管理有限公司,中信银行股份有限公司,股票型ETF,规模指数ETF,000688.SH,,,,,,
2022-04-28,588940.SH,富国上证科创板50成份ETF,20250603,上证科创板50成份指数,上证科创板50成份指数收益率,富国基金管理有限公司,中信银行股份有限公司,股票型ETF,规模指数ETF,000688.SH,,,,,,
2022-04-29,588940.SH,富国上证科创板50成份ETF,20250603,上证科创板50成份指数,上证科创板50成份指数收益率,富国基金管理有限公司,中信银行股份有限公司,股票型ETF,规模指数ETF,000688.SH,,,,,,
2022-05-05,588940.SH,富国上证科创板50成份ETF,20250603,上证科创板50成份指数,上证科创板50成份指数收益率,富国基金管理有限公司,中信银行股份有限公司,股票型ETF,规模指数ETF,000688.SH,,,,,,
2022-05-06,588940.SH,富国上证科创板50成份ETF,20250603,上证科创板50成份指数,上证科创板50成份指数收益率,富国基金管理有限公司,中信银行股份有限公司,股票型ETF,规模指数ETF,000688.SH,,,,,,
2022-05-09,588940.SH,富国上证科创板50成份ETF,20250603,上证科创板50成份指数,上证科创板50成份指数收益率,富国基金管理有限公司,中信银行股份有限公司,股票型ETF,规模指数ETF,000688.SH,,,,,,
2022-05-10,588940.SH,富国上证科创板50成份ETF,20250603,上证科创板50成份指数,上证科创板50成份指数收益率,富国基金管理有限公司,中信银行股份有限公司,股票型ETF,规模指数ETF,000688.SH,,,,,,
2022-05-11,588940.SH,富国上证科创板50成份ETF,20250603,上证科创板50成份指数,上证科创板50成份指数收益率,富国基金管理有限公司,中信银行股份有限公司,股票型ETF,规模指数ETF,000688.SH,,,,,,
2022-05-12,588940.SH,富国上证科创板50成份ETF,20250603,上证科创板50成份指数,上证科创板50成份指数收益率,富国基金管理有限公司,中信银行股份有限公司,股票型ETF,规模指数ETF,000688.SH,,,,,,
2022-05-13,588940.SH,富国上证科创板50成份ETF,20250603,上证科创板50成份指数,上证科创板50成份指数收益率,富国基金管理有限公司,中信银行股份有限公司,股票型ETF,规模指数ETF,000688.SH,,,,,,
2022-05-16,588940.SH,富国上证科创板50成份ETF,20250603,上证科创板50成份指数,上证科创板50成份指数收益率,富国基金管理有限公司,中信银行股份有限公司,股票型ETF,规模指数ETF,000688.SH,,,,,,
2022-05-17,588940.SH,富国上证科创板50成份ETF,20250603,上证科创板50成份指数,上证科创板50成份指数收益率,富国基金管理有限公司,中信银行股份有限公司,股票型ETF,规模指数ETF,000688.SH,,,,,,
2022-05-18,588940.SH,富国上证科创板50成份ETF,20250603,上证科创板50成份指数,上证科创板50成份指数收益率,富国基金管理有限公司,中信银行股份有限公司,股票型ETF,规模指数ETF,000688.SH,,,,,,
2022-05-19,588940.SH,富国上证科创板50成份ETF,20250603,上证科创板50成份指数,上证科创板50成份指数收益率,富国基金管理有限公司,中信银行股份有限公司,股票型ETF,规模指数ETF,000688.SH,,,,,,
2022-05-20,588940.SH,富国上证科创板50成份ETF,20250603,上证科创板50成份指数,上证科创板50成份指数收益率,富国基金管理有限公司,中信银行股份有限公司,股票型ETF,规模指数ETF,000688.SH,,,,,,
2022-05-23,588940.SH,富国上证科创板50成份ETF,20250603,上证科创板50成份指数,上证科创板50成份指数收益率,富国基金管理有限公司,中信银行股份有限公司,股票型ETF,规模指数ETF,000688.SH,,,,,,
2022-05-24,588940.SH,富国上证科创板50成份ETF,20250603,上证科创板50成份指数,上证科创板50成份指数收益率,富国基金管理有限公司,中信银行股份有限公司,股票型ETF,规模指数ETF,000688.SH,,,,,,
2022-05-25,588940.SH,富国上证科创板50成份ETF,20250603,上证科创板50成份指数,上证科创板50成份指数收益率,富国基金管理有限公司,中信银行股份有限公司,股票型ETF,规模指数ETF,000688.SH,,,,,,
2022-05-26,588940.SH,富国上证科创板50成份ETF,20250603,上证科创板50成份指数,上证科创板50成份指数收益率,富国基金管理有限公司,中信银行股份有限公司,股票型ETF,规模指数ETF,000688.SH,,,,,,
2022-05-27,588940.SH,富国上证科创板50成份ETF,20250603,上证科创板50成份指数,上证科创板50成份指数收益率,富国基金管理有限公司,中信银行股份有限公司,股票型ETF,规模指数ETF,000688.SH,,,,,,
2022-05-30,588940.SH,富国上证科创板50成份ETF,20250603,上证科创板50成份指数,上证科创板50成份指数收益率,富国基金管理有限公司,中信银行股份有限公司,股票型ETF,规模指数ETF,000688.SH,,,,,,
2022-05-31,588940.SH,富国上证科创板50成份ETF,20250603,上证科创板50成份指数,上证科创板50成份指数收益率,富国基金管理有限公司,中信银行股份有限公司,股票型ETF,规模指数ETF,000688.SH,,,,,,
2022-06-01,588940.SH,富国上证科创板50成份ETF,20250603,上证科创板50成份指数,上证科创板50成份指数收益率,富国基金管理有限公司,中信银行股份有限公司,股票型ETF,规模指数ETF,000688.SH,,,,,,
2022-06-02,588940.SH,富国上证科创板50成份ETF,20250603,上证科创板50成份指数,上证科创板50成份指数收益率,富国基金管理有限公司,中信银行股份有限公司,股票型ETF,规模指数ETF,000688.SH,,,,,,
2022-06-06,588940.SH,富国上证科创板50成份ETF,20250603,上证科创板50成份指数,上证科创板50成份指数收益率,富国基金管理有限公司,中信银行股份有限公司,股票型ETF,规模指数ETF,000688.SH,,,,,,
2022-06-07,588940.SH,富国上证科创板50成份ETF,20250603,上证科创板50成份指数,上证科创板50成份指数收益率,富国基金管理有限公司,中信银行股份有限公司,股票型ETF,规模指数ETF,000688.SH,,,,,,
2022-06-08,588940.SH,富国上证科创板50成份ETF,20250603,上证科创板50成份指数,上证科创板50成份指数收益率,富国基金管理有限公司,中信银行股份有限公司,股票型ETF,规模指数ETF,000688.SH,,,,,,
2022-06-09,588940.SH,富国上证科创板50成份ETF,20250603,上证科创板50成份指数,上证科创板50成份指数收益率,富国基金管理有限公司,中信银行股份有限公司,股票型ETF,规模指数ETF,000688.SH,,,,,,
2022-06-10,588940.SH,富国上证科创板50成份ETF,20250603,上证科创板50成份指数,上证科创板50成份指数收益率,富国基金管理有限公司,中信银行股份有限公司,股票型ETF,规模指数ETF,000688.SH,,,,,,
2022-06-13,588940.SH,富国上证科创板50成份ETF,20250603,上证科创板50成份指数,上证科创板50成份指数收益率,富国基金管理有限公司,中信银行股份有限公司,股票型ETF,规模指数ETF,000688.SH,,,,,,
2022-06-14,588940.SH,富国上证科创板50成份ETF,20250603,上证科创板50成份指数,上证科创板50成份指数收益率,富国基金管理有限公司,中信银行股份有限公司,股票型ETF,规模指数ETF,000688.SH,,,,,,
2022-06-15,588940.SH,富国上证科创板50成份ETF,20250603,上证科创板50成份指数,上证科创板50成份指数收益率,富国基金管理有限公司,中信银行股份有限公司,股票型ETF,规模指数ETF,000688.SH,,,,,,
2022-06-16,588940.SH,富国上证科创板50成份ETF,20250603,上证科创板50成份指数,上证科创板50成份指数收益率,富国基金管理有限公司,中信银行股份有限公司,股票型ETF,规模指数ETF,000688.SH,,,,,,
2022-06-17,588940.SH,富国上证科创板50成份ETF,20250603,上证科创板50成份指数,上证科创板50成份指数收益率,富国基金管理有限公司,中信银行股份有限公司,股票型ETF,规模指数ETF,000688.SH,,,,,,
2022-06-20,588940.SH,富国上证科创板50成份ETF,20250603,上证科创板50成份指数,上证科创板50成份指数收益率,富国基金管理有限公司,中信银行股份有限公司,股票型ETF,规模指数ETF,000688.SH,,,,,,
2022-06-21,588940.SH,富国上证科创板50成份ETF,20250603,上证科创板50成份指数,上证科创板50成份指数收益率,富国基金管理有限公司,中信银行股份有限公司,股票型ETF,规模指数ETF,000688.SH,,,,,,
2022-06-22,588940.SH,富国上证科创板50成份ETF,20250603,上证科创板50成份指数,上证科创板50成份指数收益率,富国基金管理有限公司,中信银行股份有限公司,股票型ETF,规模指数ETF,000688.SH,,,,,,
2022-06-23,588940.SH,富国上证科创板50成份ETF,20250603,上证科创板50成份指数,上证科创板50成份指数收益率,富国基金管理有限公司,中信银行股份有限公司,股票型ETF,规模指数ETF,000688.SH,,,,,,
2022-06-24,588940.SH,富国上证科创板50成份ETF,20250603,上证科创板50成份指数,上证科创板50成份指数收益率,富国基金管理有限公司,中信银行股份有限公司,股票型ETF,规模指数ETF,000688.SH,,,,,,
2022-06-27,588940.SH,富国上证科创板50成份ETF,20250603,上证科创板50成份指数,上证科创板50成份指数收益率,富国基金管理有限公司,中信银行股份有限公司,股票型ETF,规模指数ETF,000688.SH,,,,,,
2022-06-28,588940.SH,富国上证科创板50成份ETF,20250603,上证科创板50成份指数,上证科创板50成份指数收益率,富国基金管理有限公司,中信银行股份有限公司,股票型ETF,规模指数ETF,000688.SH,,,,,,
2022-06-29,588940.SH,富国上证科创板50成份ETF,20250603,上证科创板50成份指数,上证科创板50成份指数收益率,富国基金管理有限公司,中信银行股份有限公司,股票型ETF,规模指数ETF,000688.SH,,,,,,
2022-06-30,588940.SH,富国上证科创板50成份ETF,20250603,上证科创板50成份指数,上证科创板50成份指数收益率,富国基金管理有限公司,中信银行股份有限公司,股票型ETF,规模指数ETF,000688.SH,,,,,,
2022-07-01,588940.SH,富国上证科创板50成份ETF,20250603,上证科创板50成份指数,上证科创板50成份指数收益率,富国基金管理有限公司,中信银行股份有限公司,股票型ETF,规模指数ETF,000688.SH,,,,,,
2022-07-04,588940.SH,富国上证科创板50成份ETF,20250603,上证科创板50成份指数,上证科创板50成份指数收益率,富国基金管理有限公司,中信银行股份有限公司,股票型ETF,规模指数ETF,000688.SH,,,,,,
2022-07-05,588940.SH,富国上证科创板50成份ETF,20250603,上证科创板50成份指数,上证科创板50成份指数收益率,富国基金管理有限公司,中信银行股份有限公司,股票型ETF,规模指数ETF,000688.SH,,,,,,
2022-07-06,588940.SH,富国上证科创板50成份ETF,20250603,上证科创板50成份指数,上证科创板50成份指数收益率,富国基金管理有限公司,中信银行股份有限公司,股票型ETF,规模指数ETF,000688.SH,,,,,,
2022-07-07,588940.SH,富国上证科创板50成份ETF,20250603,上证科创板50成份指数,上证科创板50成份指数收益率,富国基金管理有限公司,中信银行股份有限公司,股票型ETF,规模指数ETF,000688.SH,,,,,,
2022-07-08,588940.SH,富国上证科创板50成份ETF,20250603,上证科创板50成份指数,上证科创板50成份指数收益率,富国基金管理有限公司,中信银行股份有限公司,股票型ETF,规模指数ETF,000688.SH,,,,,,
2022-07-11,588940.SH,富国上证科创板50成份ETF,20250603,上证科创板50成份指数,上证科创板50成份指数收益率,富国基金管理有限公司,中信银行股份有限公司,股票型ETF,规模指数ETF,000688.SH,,,,,,
2022-07-12,588940.SH,富国上证科创板50成份ETF,20250603,上证科创板50成份指数,上证科创板50成份指数收益率,富国基金管理有限公司,中信银行股份有限公司,股票型ETF,规模指数ETF,000688.SH,,,,,,
2022-07-13,588940.SH,富国上证科创板50成份ETF,20250603,上证科创板50成份指数,上证科创板50成份指数收益率,富国基金管理有限公司,中信银行股份有限公司,股票型ETF,规模指数ETF,000688.SH,,,,,,
2022-07-14,588940.SH,富国上证科创板50成份ETF,20250603,上证科创板50成份指数,上证科创板50成份指数收益率,富国基金管理有限公司,中信银行股份有限公司,股票型ETF,规模指数ETF,000688.SH,,,,,,
2022-07-15,588940.SH,富国上证科创板50成份ETF,20250603,上证科创板50成份指数,上证科创板50成份指数收益率,富国基金管理有限公司,中信银行股份有限公司,股票型ETF,规模指数ETF,000688.SH,,,,,,
2022-07-18,588940.SH,富国上证科创板50成份ETF,20250603,上证科创板50成份指数,上证科创板50成份指数收益率,富国基金管理有限公司,中信银行股份有限公司,股票型ETF,规模指数ETF,000688.SH,,,,,,
2022-07-19,588940.SH,富国上证科创板50成份ETF,20250603,上证科创板50成份指数,上证科创板50成份指数收益率,富国基金管理有限公司,中信银行股份有限公司,股票型ETF,规模指数ETF,000688.SH,,,,,,
2022-07-20,588940.SH,富国上证科创板50成份ETF,20250603,上证科创板50成份指数,上证科创板50成份指数收益率,富国基金管理有限公司,中信银行股份有限公司,股票型ETF,规模指数ETF,000688.SH,,,,,,
2022-07-21,588940.SH,富国上证科创板50成份ETF,20250603,上证科创板50成份指数,上证科创板50成份指数收益率,富国基金管理有限公司,中信银行股份有限公司,股票型ETF,规模指数ETF,000688.SH,,,,,,
2022-07-22,588940.SH,富国上证科创板50成份ETF,20250603,上证科创板50成份指数,上证科创板50成份指数收益率,富国基金管理有限公司,中信银行股份有限公司,股票型ETF,规模指数ETF,000688.SH,,,,,,
2022-07-25,588940.SH,富国上证科创板50成份ETF,20250603,上证科创板50成份指数,上证科创板50成份指数收益率,富国基金管理有限公司,中信银行股份有限公司,股票型ETF,规模指数ETF,000688.SH,,,,,,
2022-07-26,588940.SH,富国上证科创板50成份ETF,20250603,上证科创板50成份指数,上证科创板50成份指数收益率,富国基金管理有限公司,中信银行股份有限公司,股票型ETF,规模指数ETF,000688.SH,,,,,,
2022-07-27,588940.SH,富国上证科创板50成份ETF,20250603,上证科创板50成份指数,上证科创板50成份指数收益率,富国基金管理有限公司,中信银行股份有限公司,股票型ETF,规模指数ETF,000688.SH,,,,,,
2022-07-28,588940.SH,富国上证科创板50成份ETF,20250603,上证科创板50成份指数,上证科创板50成份指数收益率,富国基金管理有限公司,中信银行股份有限公司,股票型ETF,规模指数ETF,000688.SH,,,,,,
2022-07-29,588940.SH,富国上证科创板50成份ETF,20250603,上证科创板50成份指数,上证科创板50成份指数收益率,富国基金管理有限公司,中信银行股份有限公司,股票型ETF,规模指数ETF,000688.SH,,,,,,
2022-08-01,588940.SH,富国上证科创板50成份ETF,20250603,上证科创板50成份指数,上证科创板50成份指数收益率,富国基金管理有限公司,中信银行股份有限公司,股票型ETF,规模指数ETF,000688.SH,,,,,,
2022-08-02,588940.SH,富国上证科创板50成份ETF,20250603,上证科创板50成份指数,上证科创板50成份指数收益率,富国基金管理有限公司,中信银行股份有限公司,股票型ETF,规模指数ETF,000688.SH,,,,,,
2022-08-03,588940.SH,富国上证科创板50成份ETF,20250603,上证科创板50成份指数,上证科创板50成份指数收益率,富国基金管理有限公司,中信银行股份有限公司,股票型ETF,规模指数ETF,000688.SH,,,,,,
2022-08-04,588940.SH,富国上证科创板50成份ETF,20250603,上证科创板50成份指数,上证科创板50成份指数收益率,富国基金管理有限公司,中信银行股份有限公司,股票型ETF,规模指数ETF,000688.SH,,,,,,
2022-08-05,588940.SH,富国上证科创板50成份ETF,20250603,上证科创板50成份指数,上证科创板50成份指数收益率,富国基金管理有限公司,中信银行股份有限公司,股票型ETF,规模指数ETF,000688.SH,,,,,,
2022-08-08,588940.SH,富国上证科创板50成份ETF,20250603,上证科创板50成份指数,上证科创板50成份指数收益率,富国基金管理有限公司,中信银行股份有限公司,股票型ETF,规模指数ETF,000688.SH,,,,,,
2022-08-09,588940.SH,富国上证科创板50成份ETF,20250603,上证科创板50成份指数,上证科创板50成份指数收益率,富国基金管理有限公司,中信银行股份有限公司,股票型ETF,规模指数ETF,000688.SH,,,,,,
2022-08-10,588940.SH,富国上证科创板50成份ETF,20250603,上证科创板50成份指数,上证科创板50成份指数收益率,富国基金管理有限公司,中信银行股份有限公司,股票型ETF,规模指数ETF,000688.SH,,,,,,
2022-08-11,588940.SH,富国上证科创板50成份ETF,20250603,上证科创板50成份指数,上证科创板50成份指数收益率,富国基金管理有限公司,中信银行股份有限公司,股票型ETF,规模指数ETF,000688.SH,,,,,,
2022-08-12,588940.SH,富国上证科创板50成份ETF,20250603,上证科创板50成份指数,上证科创板50成份指数收益率,富国基金管理有限公司,中信银行股份有限公司,股票型ETF,规模指数ETF,000688.SH,,,,,,
2022-08-15,588940.SH,富国上证科创板50成份ETF,20250603,上证科创板50成份指数,上证科创板50成份指数收益率,富国基金管理有限公司,中信银行股份有限公司,股票型ETF,规模指数ETF,000688.SH,,,,,,
2022-08-16,588940.SH,富国上证科创板50成份ETF,20250603,上证科创板50成份指数,上证科创板50成份指数收益率,富国基金管理有限公司,中信银行股份有限公司,股票型ETF,规模指数ETF,000688.SH,,,,,,
2022-08-17,588940.SH,富国上证科创板50成份ETF,20250603,上证科创板50成份指数,上证科创板50成份指数收益率,富国基金管理有限公司,中信银行股份有限公司,股票型ETF,规模指数ETF,000688.SH,,,,,,
2022-08-18,588940.SH,富国上证科创板50成份ETF,20250603,上证科创板50成份指数,上证科创板50成份指数收益率,富国基金管理有限公司,中信银行股份有限公司,股票型ETF,规模指数ETF,000688.SH,,,,,,
2022-08-19,588940.SH,富国上证科创板50成份ETF,20250603,上证科创板50成份指数,上证科创板50成份指数收益率,富国基金管理有限公司,中信银行股份有限公司,股票型ETF,规模指数ETF,000688.SH,,,,,,
2022-08-22,588940.SH,富国上证科创板50成份ETF,20250603,上证科创板50成份指数,上证科创板50成份指数收益率,富国基金管理有限公司,中信银行股份有限公司,股票型ETF,规模指数ETF,000688.SH,,,,,,
2022-08-23,588940.SH,富国上证科创板50成份ETF,20250603,上证科创板50成份指数,上证科创板50成份指数收益率,富国基金管理有限公司,中信银行股份有限公司,股票型ETF,规模指数ETF,000688.SH,,,,,,
2022-08-24,588940.SH,富国上证科创板50成份ETF,20250603,上证科创板50成份指数,上证科创板50成份指数收益率,富国基金管理有限公司,中信银行股份有限公司,股票型ETF,规模指数ETF,000688.SH,,,,,,
2022-08-25,588940.SH,富国上证科创板50成份ETF,20250603,上证科创板50成份指数,上证科创板50成份指数收益率,富国基金管理有限公司,中信银行股份有限公司,股票型ETF,规模指数ETF,000688.SH,,,,,,
2022-08-26,588940.SH,富国上证科创板50成份ETF,20250603,上证科创板50成份指数,上证科创板50成份指数收益率,富国基金管理有限公司,中信银行股份有限公司,股票型ETF,规模指数ETF,000688.SH,,,,,,
2022-08-29,588940.SH,富国上证科创板50成份ETF,20250603,上证科创板50成份指数,上证科创板50成份指数收益率,富国基金管理有限公司,中信银行股份有限公司,股票型ETF,规模指数ETF,000688.SH,,,,,,
2022-08-30,588940.SH,富国上证科创板50成份ETF,20250603,上证科创板50成份指数,上证科创板50成份指数收益率,富国基金管理有限公司,中信银行股份有限公司,股票型ETF,规模指数ETF,000688.SH,,,,,,
2022-08-31,588940.SH,富国上证科创板50成份ETF,20250603,上证科创板50成份指数,上证科创板50成份指数收益率,富国基金管理有限公司,中信银行股份有限公司,股票型ETF,规模指数ETF,000688.SH,,,,,,
2022-09-01,588940.SH,富国上证科创板50成份ETF,20250603,上证科创板50成份指数,上证科创板50成份指数收益率,富国基金管理有限公司,中信银行股份有限公司,股票型ETF,规模指数ETF,000688.SH,,,,,,
2022-09-02,588940.SH,富国上证科创板50成份ETF,20250603,上证科创板50成份指数,上证科创板50成份指数收益率,富国基金管理有限公司,中信银行股份有限公司,股票型ETF,规模指数ETF,000688.SH,,,,,,
2022-09-05,588940.SH,富国上证科创板50成份ETF,20250603,上证科创板50成份指数,上证科创板50成份指数收益率,富国基金管理有限公司,中信银行股份有限公司,股票型ETF,规模指数ETF,000688.SH,,,,,,
2022-09-06,588940.SH,富国上证科创板50成份ETF,20250603,上证科创板50成份指数,上证科创板50成份指数收益率,富国基金管理有限公司,中信银行股份有限公司,股票型ETF,规模指数ETF,000688.SH,,,,,,
2022-09-07,588940.SH,富国上证科创板50成份ETF,20250603,上证科创板50成份指数,上证科创板50成份指数收益率,富国基金管理有限公司,中信银行股份有限公司,股票型ETF,规模指数ETF,000688.SH,,,,,,
2022-09-08,588940.SH,富国上证科创板50成份ETF,20250603,上证科创板50成份指数,上证科创板50成份指数收益率,富国基金管理有限公司,中信银行股份有限公司,股票型ETF,规模指数ETF,000688.SH,,,,,,
2022-09-09,588940.SH,富国上证科创板50成份ETF,20250603,上证科创板50成份指数,上证科创板50成份指数收益率,富国基金管理有限公司,中信银行股份有限公司,股票型ETF,规模指数ETF,000688.SH,,,,,,
2022-09-13,588940.SH,富国上证科创板50成份ETF,20250603,上证科创板50成份指数,上证科创板50成份指数收益率,富国基金管理有限公司,中信银行股份有限公司,股票型ETF,规模指数ETF,000688.SH,,,,,,
2022-09-14,588940.SH,富国上证科创板50成份ETF,20250603,上证科创板50成份指数,上证科创板50成份指数收益率,富国基金管理有限公司,中信银行股份有限公司,股票型ETF,规模指数ETF,000688.SH,,,,,,
2022-09-15,588940.SH,富国上证科创板50成份ETF,20250603,上证科创板50成份指数,上证科创板50成份指数收益率,富国基金管理有限公司,中信银行股份有限公司,股票型ETF,规模指数ETF,000688.SH,,,,,,
2022-09-16,588940.SH,富国上证科创板50成份ETF,20250603,上证科创板50成份指数,上证科创板50成份指数收益率,富国基金管理有限公司,中信银行股份有限公司,股票型ETF,规模指数ETF,000688.SH,,,,,,
2022-09-19,588940.SH,富国上证科创板50成份ETF,20250603,上证科创板50成份指数,上证科创板50成份指数收益率,富国基金管理有限公司,中信银行股份有限公司,股票型ETF,规模指数ETF,000688.SH,,,,,,
2022-09-20,588940.SH,富国上证科创板50成份ETF,20250603,上证科创板50成份指数,上证科创板50成份指数收益率,富国基金管理有限公司,中信银行股份有限公司,股票型ETF,规模指数ETF,000688.SH,,,,,,
2022-09-21,588940.SH,富国上证科创板50成份ETF,20250603,上证科创板50成份指数,上证科创板50成份指数收益率,富国基金管理有限公司,中信银行股份有限公司,股票型ETF,规模指数ETF,000688.SH,,,,,,
2022-09-22,588940.SH,富国上证科创板50成份ETF,20250603,上证科创板50成份指数,上证科创板50成份指数收益率,富国基金管理有限公司,中信银行股份有限公司,股票型ETF,规模指数ETF,000688.SH,,,,,,
2022-09-23,588940.SH,富国上证科创板50成份ETF,20250603,上证科创板50成份指数,上证科创板50成份指数收益率,富国基金管理有限公司,中信银行股份有限公司,股票型ETF,规模指数ETF,000688.SH,,,,,,
2022-09-26,588940.SH,富国上证科创板50成份ETF,20250603,上证科创板50成份指数,上证科创板50成份指数收益率,富国基金管理有限公司,中信银行股份有限公司,股票型ETF,规模指数ETF,000688.SH,,,,,,
2022-09-27,588940.SH,富国上证科创板50成份ETF,20250603,上证科创板50成份指数,上证科创板50成份指数收益率,富国基金管理有限公司,中信银行股份有限公司,股票型ETF,规模指数ETF,000688.SH,,,,,,
2022-09-28,588940.SH,富国上证科创板50成份ETF,20250603,上证科创板50成份指数,上证科创板50成份指数收益率,富国基金管理有限公司,中信银行股份有限公司,股票型ETF,规模指数ETF,000688.SH,,,,,,
2022-09-29,588940.SH,富国上证科创板50成份ETF,20250603,上证科创板50成份指数,上证科创板50成份指数收益率,富国基金管理有限公司,中信银行股份有限公司,股票型ETF,规模指数ETF,000688.SH,,,,,,
2022-09-30,588940.SH,富国上证科创板50成份ETF,20250603,上证科创板50成份指数,上证科创板50成份指数收益率,富国基金管理有限公司,中信银行股份有限公司,股票型ETF,规模指数ETF,000688.SH,,,,,,
2022-10-10,588940.SH,富国上证科创板50成份ETF,20250603,上证科创板50成份指数,上证科创板50成份指数收益率,富国基金管理有限公司,中信银行股份有限公司,股票型ETF,规模指数ETF,000688.SH,,,,,,
2022-10-11,588940.SH,富国上证科创板50成份ETF,20250603,上证科创板50成份指数,上证科创板50成份指数收益率,富国基金管理有限公司,中信银行股份有限公司,股票型ETF,规模指数ETF,000688.SH,,,,,,
2022-10-12,588940.SH,富国上证科创板50成份ETF,20250603,上证科创板50成份指数,上证科创板50成份指数收益率,富国基金管理有限公司,中信银行股份有限公司,股票型ETF,规模指数ETF,000688.SH,,,,,,
2022-10-13,588940.SH,富国上证科创板50成份ETF,20250603,上证科创板50成份指数,上证科创板50成份指数收益率,富国基金管理有限公司,中信银行股份有限公司,股票型ETF,规模指数ETF,000688.SH,,,,,,
2022-10-14,588940.SH,富国上证科创板50成份ETF,20250603,上证科创板50成份指数,上证科创板50成份指数收益率,富国基金管理有限公司,中信银行股份有限公司,股票型ETF,规模指数ETF,000688.SH,,,,,,
2022-10-17,588940.SH,富国上证科创板50成份ETF,20250603,上证科创板50成份指数,上证科创板50成份指数收益率,富国基金管理有限公司,中信银行股份有限公司,股票型ETF,规模指数ETF,000688.SH,,,,,,
2022-10-18,588940.SH,富国上证科创板50成份ETF,20250603,上证科创板50成份指数,上证科创板50成份指数收益率,富国基金管理有限公司,中信银行股份有限公司,股票型ETF,规模指数ETF,000688.SH,,,,,,
2022-10-19,588940.SH,富国上证科创板50成份ETF,20250603,上证科创板50成份指数,上证科创板50成份指数收益率,富国基金管理有限公司,中信银行股份有限公司,股票型ETF,规模指数ETF,000688.SH,,,,,,
2022-10-20,588940.SH,富国上证科创板50成份ETF,20250603,上证科创板50成份指数,上证科创板50成份指数收益率,富国基金管理有限公司,中信银行股份有限公司,股票型ETF,规模指数ETF,000688.SH,,,,,,
2022-10-21,588940.SH,富国上证科创板50成份ETF,20250603,上证科创板50成份指数,上证科创板50成份指数收益率,富国基金管理有限公司,中信银行股份有限公司,股票型ETF,规模指数ETF,000688.SH,,,,,,
2022-10-24,588940.SH,富国上证科创板50成份ETF,20250603,上证科创板50成份指数,上证科创板50成份指数收益率,富国基金管理有限公司,中信银行股份有限公司,股票型ETF,规模指数ETF,000688.SH,,,,,,
2022-10-25,588940.SH,富国上证科创板50成份ETF,20250603,上证科创板50成份指数,上证科创板50成份指数收益率,富国基金管理有限公司,中信银行股份有限公司,股票型ETF,规模指数ETF,000688.SH,,,,,,
2022-10-26,588940.SH,富国上证科创板50成份ETF,20250603,上证科创板50成份指数,上证科创板50成份指数收益率,富国基金管理有限公司,中信银行股份有限公司,股票型ETF,规模指数ETF,000688.SH,,,,,,
2022-10-27,588940.SH,富国上证科创板50成份ETF,20250603,上证科创板50成份指数,上证科创板50成份指数收益率,富国基金管理有限公司,中信银行股份有限公司,股票型ETF,规模指数ETF,000688.SH,,,,,,
2022-10-28,588940.SH,富国上证科创板50成份ETF,20250603,上证科创板50成份指数,上证科创板50成份指数收益率,富国基金管理有限公司,中信银行股份有限公司,股票型ETF,规模指数ETF,000688.SH,,,,,,
2022-10-31,588940.SH,富国上证科创板50成份ETF,20250603,上证科创板50成份指数,上证科创板50成份指数收益率,富国基金管理有限公司,中信银行股份有限公司,股票型ETF,规模指数ETF,000688.SH,,,,,,
2022-11-01,588940.SH,富国上证科创板50成份ETF,20250603,上证科创板50成份指数,上证科创板50成份指数收益率,富国基金管理有限公司,中信银行股份有限公司,股票型ETF,规模指数ETF,000688.SH,,,,,,
2022-11-02,588940.SH,富国上证科创板50成份ETF,20250603,上证科创板50成份指数,上证科创板50成份指数收益率,富国基金管理有限公司,中信银行股份有限公司,股票型ETF,规模指数ETF,000688.SH,,,,,,
2022-11-03,588940.SH,富国上证科创板50成份ETF,20250603,上证科创板50成份指数,上证科创板50成份指数收益率,富国基金管理有限公司,中信银行股份有限公司,股票型ETF,规模指数ETF,000688.SH,,,,,,
2022-11-04,588940.SH,富国上证科创板50成份ETF,20250603,上证科创板50成份指数,上证科创板50成份指数收益率,富国基金管理有限公司,中信银行股份有限公司,股票型ETF,规模指数ETF,000688.SH,,,,,,
2022-11-07,588940.SH,富国上证科创板50成份ETF,20250603,上证科创板50成份指数,上证科创板50成份指数收益率,富国基金管理有限公司,中信银行股份有限公司,股票型ETF,规模指数ETF,000688.SH,,,,,,
2022-11-08,588940.SH,富国上证科创板50成份ETF,20250603,上证科创板50成份指数,上证科创板50成份指数收益率,富国基金管理有限公司,中信银行股份有限公司,股票型ETF,规模指数ETF,000688.SH,,,,,,
2022-11-09,588940.SH,富国上证科创板50成份ETF,20250603,上证科创板50成份指数,上证科创板50成份指数收益率,富国基金管理有限公司,中信银行股份有限公司,股票型ETF,规模指数ETF,000688.SH,,,,,,
2022-11-10,588940.SH,富国上证科创板50成份ETF,20250603,上证科创板50成份指数,上证科创板50成份指数收益率,富国基金管理有限公司,中信银行股份有限公司,股票型ETF,规模指数ETF,000688.SH,,,,,,
2022-11-11,588940.SH,富国上证科创板50成份ETF,20250603,上证科创板50成份指数,上证科创板50成份指数收益率,富国基金管理有限公司,中信银行股份有限公司,股票型ETF,规模指数ETF,000688.SH,,,,,,
2022-11-14,588940.SH,富国上证科创板50成份ETF,20250603,上证科创板50成份指数,上证科创板50成份指数收益率,富国基金管理有限公司,中信银行股份有限公司,股票型ETF,规模指数ETF,000688.SH,,,,,,
2022-11-15,588940.SH,富国上证科创板50成份ETF,20250603,上证科创板50成份指数,上证科创板50成份指数收益率,富国基金管理有限公司,中信银行股份有限公司,股票型ETF,规模指数ETF,000688.SH,,,,,,
2022-11-16,588940.SH,富国上证科创板50成份ETF,20250603,上证科创板50成份指数,上证科创板50成份指数收益率,富国基金管理有限公司,中信银行股份有限公司,股票型ETF,规模指数ETF,000688.SH,,,,,,
2022-11-17,588940.SH,富国上证科创板50成份ETF,20250603,上证科创板50成份指数,上证科创板50成份指数收益率,富国基金管理有限公司,中信银行股份有限公司,股票型ETF,规模指数ETF,000688.SH,,,,,,
2022-11-18,588940.SH,富国上证科创板50成份ETF,20250603,上证科创板50成份指数,上证科创板50成份指数收益率,富国基金管理有限公司,中信银行股份有限公司,股票型ETF,规模指数ETF,000688.SH,,,,,,
2022-11-21,588940.SH,富国上证科创板50成份ETF,20250603,上证科创板50成份指数,上证科创板50成份指数收益率,富国基金管理有限公司,中信银行股份有限公司,股票型ETF,规模指数ETF,000688.SH,,,,,,
2022-11-22,588940.SH,富国上证科创板50成份ETF,20250603,上证科创板50成份指数,上证科创板50成份指数收益率,富国基金管理有限公司,中信银行股份有限公司,股票型ETF,规模指数ETF,000688.SH,,,,,,
2022-11-23,588940.SH,富国上证科创板50成份ETF,20250603,上证科创板50成份指数,上证科创板50成份指数收益率,富国基金管理有限公司,中信银行股份有限公司,股票型ETF,规模指数ETF,000688.SH,,,,,,
2022-11-24,588940.SH,富国上证科创板50成份ETF,20250603,上证科创板50成份指数,上证科创板50成份指数收益率,富国基金管理有限公司,中信银行股份有限公司,股票型ETF,规模指数ETF,000688.SH,,,,,,
2022-11-25,588940.SH,富国上证科创板50成份ETF,20250603,上证科创板50成份指数,上证科创板50成份指数收益率,富国基金管理有限公司,中信银行股份有限公司,股票型ETF,规模指数ETF,000688.SH,,,,,,
2022-11-28,588940.SH,富国上证科创板50成份ETF,20250603,上证科创板50成份指数,上证科创板50成份指数收益率,富国基金管理有限公司,中信银行股份有限公司,股票型ETF,规模指数ETF,000688.SH,,,,,,
2022-11-29,588940.SH,富国上证科创板50成份ETF,20250603,上证科创板50成份指数,上证科创板50成份指数收益率,富国基金管理有限公司,中信银行股份有限公司,股票型ETF,规模指数ETF,000688.SH,,,,,,
2022-11-30,588940.SH,富国上证科创板50成份ETF,20250603,上证科创板50成份指数,上证科创板50成份指数收益率,富国基金管理有限公司,中信银行股份有限公司,股票型ETF,规模指数ETF,000688.SH,,,,,,
2022-12-01,588940.SH,富国上证科创板50成份ETF,20250603,上证科创板50成份指数,上证科创板50成份指数收益率,富国基金管理有限公司,中信银行股份有限公司,股票型ETF,规模指数ETF,000688.SH,,,,,,
2022-12-02,588940.SH,富国上证科创板50成份ETF,20250603,上证科创板50成份指数,上证科创板50成份指数收益率,富国基金管理有限公司,中信银行股份有限公司,股票型ETF,规模指数ETF,000688.SH,,,,,,
2022-12-05,588940.SH,富国上证科创板50成份ETF,20250603,上证科创板50成份指数,上证科创板50成份指数收益率,富国基金管理有限公司,中信银行股份有限公司,股票型ETF,规模指数ETF,000688.SH,,,,,,
2022-12-06,588940.SH,富国上证科创板50成份ETF,20250603,上证科创板50成份指数,上证科创板50成份指数收益率,富国基金管理有限公司,中信银行股份有限公司,股票型ETF,规模指数ETF,000688.SH,,,,,,
2022-12-07,588940.SH,富国上证科创板50成份ETF,20250603,上证科创板50成份指数,上证科创板50成份指数收益率,富国基金管理有限公司,中信银行股份有限公司,股票型ETF,规模指数ETF,000688.SH,,,,,,
2022-12-08,588940.SH,富国上证科创板50成份ETF,20250603,上证科创板50成份指数,上证科创板50成份指数收益率,富国基金管理有限公司,中信银行股份有限公司,股票型ETF,规模指数ETF,000688.SH,,,,,,
2022-12-09,588940.SH,富国上证科创板50成份ETF,20250603,上证科创板50成份指数,上证科创板50成份指数收益率,富国基金管理有限公司,中信银行股份有限公司,股票型ETF,规模指数ETF,000688.SH,,,,,,
2022-12-12,588940.SH,富国上证科创板50成份ETF,20250603,上证科创板50成份指数,上证科创板50成份指数收益率,富国基金管理有限公司,中信银行股份有限公司,股票型ETF,规模指数ETF,000688.SH,,,,,,
2022-12-13,588940.SH,富国上证科创板50成份ETF,20250603,上证科创板50成份指数,上证科创板50成份指数收益率,富国基金管理有限公司,中信银行股份有限公司,股票型ETF,规模指数ETF,000688.SH,,,,,,
2022-12-14,588940.SH,富国上证科创板50成份ETF,20250603,上证科创板50成份指数,上证科创板50成份指数收益率,富国基金管理有限公司,中信银行股份有限公司,股票型ETF,规模指数ETF,000688.SH,,,,,,
2022-12-15,588940.SH,富国上证科创板50成份ETF,20250603,上证科创板50成份指数,上证科创板50成份指数收益率,富国基金管理有限公司,中信银行股份有限公司,股票型ETF,规模指数ETF,000688.SH,,,,,,
2022-12-16,588940.SH,富国上证科创板50成份ETF,20250603,上证科创板50成份指数,上证科创板50成份指数收益率,富国基金管理有限公司,中信银行股份有限公司,股票型ETF,规模指数ETF,000688.SH,,,,,,
2022-12-19,588940.SH,富国上证科创板50成份ETF,20250603,上证科创板50成份指数,上证科创板50成份指数收益率,富国基金管理有限公司,中信银行股份有限公司,股票型ETF,规模指数ETF,000688.SH,,,,,,
2022-12-20,588940.SH,富国上证科创板50成份ETF,20250603,上证科创板50成份指数,上证科创板50成份指数收益率,富国基金管理有限公司,中信银行股份有限公司,股票型ETF,规模指数ETF,000688.SH,,,,,,
2022-12-21,588940.SH,富国上证科创板50成份ETF,20250603,上证科创板50成份指数,上证科创板50成份指数收益率,富国基金管理有限公司,中信银行股份有限公司,股票型ETF,规模指数ETF,000688.SH,,,,,,
2022-12-22,588940.SH,富国上证科创板50成份ETF,20250603,上证科创板50成份指数,上证科创板50成份指数收益率,富国基金管理有限公司,中信银行股份有限公司,股票型ETF,规模指数ETF,000688.SH,,,,,,
2022-12-23,588940.SH,富国上证科创板50成份ETF,20250603,上证科创板50成份指数,上证科创板50成份指数收益率,富国基金管理有限公司,中信银行股份有限公司,股票型ETF,规模指数ETF,000688.SH,,,,,,
2022-12-26,588940.SH,富国上证科创板50成份ETF,20250603,上证科创板50成份指数,上证科创板50成份指数收益率,富国基金管理有限公司,中信银行股份有限公司,股票型ETF,规模指数ETF,000688.SH,,,,,,
2022-12-27,588940.SH,富国上证科创板50成份ETF,20250603,上证科创板50成份指数,上证科创板50成份指数收益率,富国基金管理有限公司,中信银行股份有限公司,股票型ETF,规模指数ETF,000688.SH,,,,,,
2022-12-28,588940.SH,富国上证科创板50成份ETF,20250603,上证科创板50成份指数,上证科创板50成份指数收益率,富国基金管理有限公司,中信银行股份有限公司,股票型ETF,规模指数ETF,000688.SH,,,,,,
2022-12-29,588940.SH,富国上证科创板50成份ETF,20250603,上证科创板50成份指数,上证科创板50成份指数收益率,富国基金管理有限公司,中信银行股份有限公司,股票型ETF,规模指数ETF,000688.SH,,,,,,
2022-12-30,588940.SH,富国上证科创板50成份ETF,20250603,上证科创板50成份指数,上证科创板50成份指数收益率,富国基金管理有限公司,中信银行股份有限公司,股票型ETF,规模指数ETF,000688.SH,,,,,,
2023-01-03,588940.SH,富国上证科创板50成份ETF,20250603,上证科创板50成份指数,上证科创板50成份指数收益率,富国基金管理有限公司,中信银行股份有限公司,股票型ETF,规模指数ETF,000688.SH,,,,,,
2023-01-04,588940.SH,富国上证科创板50成份ETF,20250603,上证科创板50成份指数,上证科创板50成份指数收益率,富国基金管理有限公司,中信银行股份有限公司,股票型ETF,规模指数ETF,000688.SH,,,,,,
2023-01-05,588940.SH,富国上证科创板50成份ETF,20250603,上证科创板50成份指数,上证科创板50成份指数收益率,富国基金管理有限公司,中信银行股份有限公司,股票型ETF,规模指数ETF,000688.SH,,,,,,
2023-01-06,588940.SH,富国上证科创板50成份ETF,20250603,上证科创板50成份指数,上证科创板50成份指数收益率,富国基金管理有限公司,中信银行股份有限公司,股票型ETF,规模指数ETF,000688.SH,,,,,,
2023-01-09,588940.SH,富国上证科创板50成份ETF,20250603,上证科创板50成份指数,上证科创板50成份指数收益率,富国基金管理有限公司,中信银行股份有限公司,股票型ETF,规模指数ETF,000688.SH,,,,,,
2023-01-10,588940.SH,富国上证科创板50成份ETF,20250603,上证科创板50成份指数,上证科创板50成份指数收益率,富国基金管理有限公司,中信银行股份有限公司,股票型ETF,规模指数ETF,000688.SH,,,,,,
2023-01-11,588940.SH,富国上证科创板50成份ETF,20250603,上证科创板50成份指数,上证科创板50成份指数收益率,富国基金管理有限公司,中信银行股份有限公司,股票型ETF,规模指数ETF,000688.SH,,,,,,
2023-01-12,588940.SH,富国上证科创板50成份ETF,20250603,上证科创板50成份指数,上证科创板50成份指数收益率,富国基金管理有限公司,中信银行股份有限公司,股票型ETF,规模指数ETF,000688.SH,,,,,,
2023-01-13,588940.SH,富国上证科创板50成份ETF,20250603,上证科创板50成份指数,上证科创板50成份指数收益率,富国基金管理有限公司,中信银行股份有限公司,股票型ETF,规模指数ETF,000688.SH,,,,,,
2023-01-16,588940.SH,富国上证科创板50成份ETF,20250603,上证科创板50成份指数,上证科创板50成份指数收益率,富国基金管理有限公司,中信银行股份有限公司,股票型ETF,规模指数ETF,000688.SH,,,,,,
2023-01-17,588940.SH,富国上证科创板50成份ETF,20250603,上证科创板50成份指数,上证科创板50成份指数收益率,富国基金管理有限公司,中信银行股份有限公司,股票型ETF,规模指数ETF,000688.SH,,,,,,
2023-01-18,588940.SH,富国上证科创板50成份ETF,20250603,上证科创板50成份指数,上证科创板50成份指数收益率,富国基金管理有限公司,中信银行股份有限公司,股票型ETF,规模指数ETF,000688.SH,,,,,,
2023-01-19,588940.SH,富国上证科创板50成份ETF,20250603,上证科创板50成份指数,上证科创板50成份指数收益率,富国基金管理有限公司,中信银行股份有限公司,股票型ETF,规模指数ETF,000688.SH,,,,,,
2023-01-20,588940.SH,富国上证科创板50成份ETF,20250603,上证科创板50成份指数,上证科创板50成份指数收益率,富国基金管理有限公司,中信银行股份有限公司,股票型ETF,规模指数ETF,000688.SH,,,,,,
2023-01-30,588940.SH,富国上证科创板50成份ETF,20250603,上证科创板50成份指数,上证科创板50成份指数收益率,富国基金管理有限公司,中信银行股份有限公司,股票型ETF,规模指数ETF,000688.SH,,,,,,
2023-01-31,588940.SH,富国上证科创板50成份ETF,20250603,上证科创板50成份指数,上证科创板50成份指数收益率,富国基金管理有限公司,中信银行股份有限公司,股票型ETF,规模指数ETF,000688.SH,,,,,,
2023-02-01,588940.SH,富国上证科创板50成份ETF,20250603,上证科创板50成份指数,上证科创板50成份指数收益率,富国基金管理有限公司,中信银行股份有限公司,股票型ETF,规模指数ETF,000688.SH,,,,,,
2023-02-02,588940.SH,富国上证科创板50成份ETF,20250603,上证科创板50成份指数,上证科创板50成份指数收益率,富国基金管理有限公司,中信银行股份有限公司,股票型ETF,规模指数ETF,000688.SH,,,,,,
2023-02-03,588940.SH,富国上证科创板50成份ETF,20250603,上证科创板50成份指数,上证科创板50成份指数收益率,富国基金管理有限公司,中信银行股份有限公司,股票型ETF,规模指数ETF,000688.SH,,,,,,
2023-02-06,588940.SH,富国上证科创板50成份ETF,20250603,上证科创板50成份指数,上证科创板50成份指数收益率,富国基金管理有限公司,中信银行股份有限公司,股票型ETF,规模指数ETF,000688.SH,,,,,,
2023-02-07,588940.SH,富国上证科创板50成份ETF,20250603,上证科创板50成份指数,上证科创板50成份指数收益率,富国基金管理有限公司,中信银行股份有限公司,股票型ETF,规模指数ETF,000688.SH,,,,,,
2023-02-08,588940.SH,富国上证科创板50成份ETF,20250603,上证科创板50成份指数,上证科创板50成份指数收益率,富国基金管理有限公司,中信银行股份有限公司,股票型ETF,规模指数ETF,000688.SH,,,,,,
2023-02-09,588940.SH,富国上证科创板50成份ETF,20250603,上证科创板50成份指数,上证科创板50成份指数收益率,富国基金管理有限公司,中信银行股份有限公司,股票型ETF,规模指数ETF,000688.SH,,,,,,
2023-02-10,588940.SH,富国上证科创板50成份ETF,20250603,上证科创板50成份指数,上证科创板50成份指数收益率,富国基金管理有限公司,中信银行股份有限公司,股票型ETF,规模指数ETF,000688.SH,,,,,,
2023-02-13,588940.SH,富国上证科创板50成份ETF,20250603,上证科创板50成份指数,上证科创板50成份指数收益率,富国基金管理有限公司,中信银行股份有限公司,股票型ETF,规模指数ETF,000688.SH,,,,,,
2023-02-14,588940.SH,富国上证科创板50成份ETF,20250603,上证科创板50成份指数,上证科创板50成份指数收益率,富国基金管理有限公司,中信银行股份有限公司,股票型ETF,规模指数ETF,000688.SH,,,,,,
2023-02-15,588940.SH,富国上证科创板50成份ETF,20250603,上证科创板50成份指数,上证科创板50成份指数收益率,富国基金管理有限公司,中信银行股份有限公司,股票型ETF,规模指数ETF,000688.SH,,,,,,
2023-02-16,588940.SH,富国上证科创板50成份ETF,20250603,上证科创板50成份指数,上证科创板50成份指数收益率,富国基金管理有限公司,中信银行股份有限公司,股票型ETF,规模指数ETF,000688.SH,,,,,,
2023-02-17,588940.SH,富国上证科创板50成份ETF,20250603,上证科创板50成份指数,上证科创板50成份指数收益率,富国基金管理有限公司,中信银行股份有限公司,股票型ETF,规模指数ETF,000688.SH,,,,,,
2023-02-20,588940.SH,富国上证科创板50成份ETF,20250603,上证科创板50成份指数,上证科创板50成份指数收益率,富国基金管理有限公司,中信银行股份有限公司,股票型ETF,规模指数ETF,000688.SH,,,,,,
2023-02-21,588940.SH,富国上证科创板50成份ETF,20250603,上证科创板50成份指数,上证科创板50成份指数收益率,富国基金管理有限公司,中信银行股份有限公司,股票型ETF,规模指数ETF,000688.SH,,,,,,
2023-02-22,588940.SH,富国上证科创板50成份ETF,20250603,上证科创板50成份指数,上证科创板50成份指数收益率,富国基金管理有限公司,中信银行股份有限公司,股票型ETF,规模指数ETF,000688.SH,,,,,,
2023-02-23,588940.SH,富国上证科创板50成份ETF,20250603,上证科创板50成份指数,上证科创板50成份指数收益率,富国基金管理有限公司,中信银行股份有限公司,股票型ETF,规模指数ETF,000688.SH,,,,,,
2023-02-24,588940.SH,富国上证科创板50成份ETF,20250603,上证科创板50成份指数,上证科创板50成份指数收益率,富国基金管理有限公司,中信银行股份有限公司,股票型ETF,规模指数ETF,000688.SH,,,,,,
2023-02-27,588940.SH,富国上证科创板50成份ETF,20250603,上证科创板50成份指数,上证科创板50成份指数收益率,富国基金管理有限公司,中信银行股份有限公司,股票型ETF,规模指数ETF,000688.SH,,,,,,
2023-02-28,588940.SH,富国上证科创板50成份ETF,20250603,上证科创板50成份指数,上证科创板50成份指数收益率,富国基金管理有限公司,中信银行股份有限公司,股票型ETF,规模指数ETF,000688.SH,,,,,,
2023-03-01,588940.SH,富国上证科创板50成份ETF,20250603,上证科创板50成份指数,上证科创板50成份指数收益率,富国基金管理有限公司,中信银行股份有限公司,股票型ETF,规模指数ETF,000688.SH,,,,,,
2023-03-02,588940.SH,富国上证科创板50成份ETF,20250603,上证科创板50成份指数,上证科创板50成份指数收益率,富国基金管理有限公司,中信银行股份有限公司,股票型ETF,规模指数ETF,000688.SH,,,,,,
2023-03-03,588940.SH,富国上证科创板50成份ETF,20250603,上证科创板50成份指数,上证科创板50成份指数收益率,富国基金管理有限公司,中信银行股份有限公司,股票型ETF,规模指数ETF,000688.SH,,,,,,
2023-03-06,588940.SH,富国上证科创板50成份ETF,20250603,上证科创板50成份指数,上证科创板50成份指数收益率,富国基金管理有限公司,中信银行股份有限公司,股票型ETF,规模指数ETF,000688.SH,,,,,,
2023-03-07,588940.SH,富国上证科创板50成份ETF,20250603,上证科创板50成份指数,上证科创板50成份指数收益率,富国基金管理有限公司,中信银行股份有限公司,股票型ETF,规模指数ETF,000688.SH,,,,,,
2023-03-08,588940.SH,富国上证科创板50成份ETF,20250603,上证科创板50成份指数,上证科创板50成份指数收益率,富国基金管理有限公司,中信银行股份有限公司,股票型ETF,规模指数ETF,000688.SH,,,,,,
2023-03-09,588940.SH,富国上证科创板50成份ETF,20250603,上证科创板50成份指数,上证科创板50成份指数收益率,富国基金管理有限公司,中信银行股份有限公司,股票型ETF,规模指数ETF,000688.SH,,,,,,
2023-03-10,588940.SH,富国上证科创板50成份ETF,20250603,上证科创板50成份指数,上证科创板50成份指数收益率,富国基金管理有限公司,中信银行股份有限公司,股票型ETF,规模指数ETF,000688.SH,,,,,,
2023-03-13,588940.SH,富国上证科创板50成份ETF,20250603,上证科创板50成份指数,上证科创板50成份指数收益率,富国基金管理有限公司,中信银行股份有限公司,股票型ETF,规模指数ETF,000688.SH,,,,,,
2023-03-14,588940.SH,富国上证科创板50成份ETF,20250603,上证科创板50成份指数,上证科创板50成份指数收益率,富国基金管理有限公司,中信银行股份有限公司,股票型ETF,规模指数ETF,000688.SH,,,,,,
2023-03-15,588940.SH,富国上证科创板50成份ETF,20250603,上证科创板50成份指数,上证科创板50成份指数收益率,富国基金管理有限公司,中信银行股份有限公司,股票型ETF,规模指数ETF,000688.SH,,,,,,
2023-03-16,588940.SH,富国上证科创板50成份ETF,20250603,上证科创板50成份指数,上证科创板50成份指数收益率,富国基金管理有限公司,中信银行股份有限公司,股票型ETF,规模指数ETF,000688.SH,,,,,,
2023-03-17,588940.SH,富国上证科创板50成份ETF,20250603,上证科创板50成份指数,上证科创板50成份指数收益率,富国基金管理有限公司,中信银行股份有限公司,股票型ETF,规模指数ETF,000688.SH,,,,,,
2023-03-20,588940.SH,富国上证科创板50成份ETF,20250603,上证科创板50成份指数,上证科创板50成份指数收益率,富国基金管理有限公司,中信银行股份有限公司,股票型ETF,规模指数ETF,000688.SH,,,,,,
2023-03-21,588940.SH,富国上证科创板50成份ETF,20250603,上证科创板50成份指数,上证科创板50成份指数收益率,富国基金管理有限公司,中信银行股份有限公司,股票型ETF,规模指数ETF,000688.SH,,,,,,
2023-03-22,588940.SH,富国上证科创板50成份ETF,20250603,上证科创板50成份指数,上证科创板50成份指数收益率,富国基金管理有限公司,中信银行股份有限公司,股票型ETF,规模指数ETF,000688.SH,,,,,,
2023-03-23,588940.SH,富国上证科创板50成份ETF,20250603,上证科创板50成份指数,上证科创板50成份指数收益率,富国基金管理有限公司,中信银行股份有限公司,股票型ETF,规模指数ETF,000688.SH,,,,,,
2023-03-24,588940.SH,富国上证科创板50成份ETF,20250603,上证科创板50成份指数,上证科创板50成份指数收益率,富国基金管理有限公司,中信银行股份有限公司,股票型ETF,规模指数ETF,000688.SH,,,,,,
2023-03-27,588940.SH,富国上证科创板50成份ETF,20250603,上证科创板50成份指数,上证科创板50成份指数收益率,富国基金管理有限公司,中信银行股份有限公司,股票型ETF,规模指数ETF,000688.SH,,,,,,
2023-03-28,588940.SH,富国上证科创板50成份ETF,20250603,上证科创板50成份指数,上证科创板50成份指数收益率,富国基金管理有限公司,中信银行股份有限公司,股票型ETF,规模指数ETF,000688.SH,,,,,,
2023-03-29,588940.SH,富国上证科创板50成份ETF,20250603,上证科创板50成份指数,上证科创板50成份指数收益率,富国基金管理有限公司,中信银行股份有限公司,股票型ETF,规模指数ETF,000688.SH,,,,,,
2023-03-30,588940.SH,富国上证科创板50成份ETF,20250603,上证科创板50成份指数,上证科创板50成份指数收益率,富国基金管理有限公司,中信银行股份有限公司,股票型ETF,规模指数ETF,000688.SH,,,,,,
2023-03-31,588940.SH,富国上证科创板50成份ETF,20250603,上证科创板50成份指数,上证科创板50成份指数收益率,富国基金管理有限公司,中信银行股份有限公司,股票型ETF,规模指数ETF,000688.SH,,,,,,
2023-04-03,588940.SH,富国上证科创板50成份ETF,20250603,上证科创板50成份指数,上证科创板50成份指数收益率,富国基金管理有限公司,中信银行股份有限公司,股票型ETF,规模指数ETF,000688.SH,,,,,,
2023-04-04,588940.SH,富国上证科创板50成份ETF,20250603,上证科创板50成份指数,上证科创板50成份指数收益率,富国基金管理有限公司,中信银行股份有限公司,股票型ETF,规模指数ETF,000688.SH,,,,,,
2023-04-06,588940.SH,富国上证科创板50成份ETF,20250603,上证科创板50成份指数,上证科创板50成份指数收益率,富国基金管理有限公司,中信银行股份有限公司,股票型ETF,规模指数ETF,000688.SH,,,,,,
2023-04-07,588940.SH,富国上证科创板50成份ETF,20250603,上证科创板50成份指数,上证科创板50成份指数收益率,富国基金管理有限公司,中信银行股份有限公司,股票型ETF,规模指数ETF,000688.SH,,,,,,
2023-04-10,588940.SH,富国上证科创板50成份ETF,20250603,上证科创板50成份指数,上证科创板50成份指数收益率,富国基金管理有限公司,中信银行股份有限公司,股票型ETF,规模指数ETF,000688.SH,,,,,,
2023-04-11,588940.SH,富国上证科创板50成份ETF,20250603,上证科创板50成份指数,上证科创板50成份指数收益率,富国基金管理有限公司,中信银行股份有限公司,股票型ETF,规模指数ETF,000688.SH,,,,,,
2023-04-12,588940.SH,富国上证科创板50成份ETF,20250603,上证科创板50成份指数,上证科创板50成份指数收益率,富国基金管理有限公司,中信银行股份有限公司,股票型ETF,规模指数ETF,000688.SH,,,,,,
2023-04-13,588940.SH,富国上证科创板50成份ETF,20250603,上证科创板50成份指数,上证科创板50成份指数收益率,富国基金管理有限公司,中信银行股份有限公司,股票型ETF,规模指数ETF,000688.SH,,,,,,
2023-04-14,588940.SH,富国上证科创板50成份ETF,20250603,上证科创板50成份指数,上证科创板50成份指数收益率,富国基金管理有限公司,中信银行股份有限公司,股票型ETF,规模指数ETF,000688.SH,,,,,,
2023-04-17,588940.SH,富国上证科创板50成份ETF,20250603,上证科创板50成份指数,上证科创板50成份指数收益率,富国基金管理有限公司,中信银行股份有限公司,股票型ETF,规模指数ETF,000688.SH,,,,,,
2023-04-18,588940.SH,富国上证科创板50成份ETF,20250603,上证科创板50成份指数,上证科创板50成份指数收益率,富国基金管理有限公司,中信银行股份有限公司,股票型ETF,规模指数ETF,000688.SH,,,,,,
2023-04-19,588940.SH,富国上证科创板50成份ETF,20250603,上证科创板50成份指数,上证科创板50成份指数收益率,富国基金管理有限公司,中信银行股份有限公司,股票型ETF,规模指数ETF,000688.SH,,,,,,
2023-04-20,588940.SH,富国上证科创板50成份ETF,20250603,上证科创板50成份指数,上证科创板50成份指数收益率,富国基金管理有限公司,中信银行股份有限公司,股票型ETF,规模指数ETF,000688.SH,,,,,,
2023-04-21,588940.SH,富国上证科创板50成份ETF,20250603,上证科创板50成份指数,上证科创板50成份指数收益率,富国基金管理有限公司,中信银行股份有限公司,股票型ETF,规模指数ETF,000688.SH,,,,,,
2023-04-24,588940.SH,富国上证科创板50成份ETF,20250603,上证科创板50成份指数,上证科创板50成份指数收益率,富国基金管理有限公司,中信银行股份有限公司,股票型ETF,规模指数ETF,000688.SH,,,,,,
2023-04-25,588940.SH,富国上证科创板50成份ETF,20250603,上证科创板50成份指数,上证科创板50成份指数收益率,富国基金管理有限公司,中信银行股份有限公司,股票型ETF,规模指数ETF,000688.SH,,,,,,
2023-04-26,588940.SH,富国上证科创板50成份ETF,20250603,上证科创板50成份指数,上证科创板50成份指数收益率,富国基金管理有限公司,中信银行股份有限公司,股票型ETF,规模指数ETF,000688.SH,,,,,,
2023-04-27,588940.SH,富国上证科创板50成份ETF,20250603,上证科创板50成份指数,上证科创板50成份指数收益率,富国基金管理有限公司,中信银行股份有限公司,股票型ETF,规模指数ETF,000688.SH,,,,,,
2023-04-28,588940.SH,富国上证科创板50成份ETF,20250603,上证科创板50成份指数,上证科创板50成份指数收益率,富国基金管理有限公司,中信银行股份有限公司,股票型ETF,规模指数ETF,000688.SH,,,,,,
2023-05-04,588940.SH,富国上证科创板50成份ETF,20250603,上证科创板50成份指数,上证科创板50成份指数收益率,富国基金管理有限公司,中信银行股份有限公司,股票型ETF,规模指数ETF,000688.SH,,,,,,
2023-05-05,588940.SH,富国上证科创板50成份ETF,20250603,上证科创板50成份指数,上证科创板50成份指数收益率,富国基金管理有限公司,中信银行股份有限公司,股票型ETF,规模指数ETF,000688.SH,,,,,,
2023-05-08,588940.SH,富国上证科创板50成份ETF,20250603,上证科创板50成份指数,上证科创板50成份指数收益率,富国基金管理有限公司,中信银行股份有限公司,股票型ETF,规模指数ETF,000688.SH,,,,,,
2023-05-09,588940.SH,富国上证科创板50成份ETF,20250603,上证科创板50成份指数,上证科创板50成份指数收益率,富国基金管理有限公司,中信银行股份有限公司,股票型ETF,规模指数ETF,000688.SH,,,,,,
2023-05-10,588940.SH,富国上证科创板50成份ETF,20250603,上证科创板50成份指数,上证科创板50成份指数收益率,富国基金管理有限公司,中信银行股份有限公司,股票型ETF,规模指数ETF,000688.SH,,,,,,
2023-05-11,588940.SH,富国上证科创板50成份ETF,20250603,上证科创板50成份指数,上证科创板50成份指数收益率,富国基金管理有限公司,中信银行股份有限公司,股票型ETF,规模指数ETF,000688.SH,,,,,,
2023-05-12,588940.SH,富国上证科创板50成份ETF,20250603,上证科创板50成份指数,上证科创板50成份指数收益率,富国基金管理有限公司,中信银行股份有限公司,股票型ETF,规模指数ETF,000688.SH,,,,,,
2023-05-15,588940.SH,富国上证科创板50成份ETF,20250603,上证科创板50成份指数,上证科创板50成份指数收益率,富国基金管理有限公司,中信银行股份有限公司,股票型ETF,规模指数ETF,000688.SH,,,,,,
2023-05-16,588940.SH,富国上证科创板50成份ETF,20250603,上证科创板50成份指数,上证科创板50成份指数收益率,富国基金管理有限公司,中信银行股份有限公司,股票型ETF,规模指数ETF,000688.SH,,,,,,
2023-05-17,588940.SH,富国上证科创板50成份ETF,20250603,上证科创板50成份指数,上证科创板50成份指数收益率,富国基金管理有限公司,中信银行股份有限公司,股票型ETF,规模指数ETF,000688.SH,,,,,,
2023-05-18,588940.SH,富国上证科创板50成份ETF,20250603,上证科创板50成份指数,上证科创板50成份指数收益率,富国基金管理有限公司,中信银行股份有限公司,股票型ETF,规模指数ETF,000688.SH,,,,,,
2023-05-19,588940.SH,富国上证科创板50成份ETF,20250603,上证科创板50成份指数,上证科创板50成份指数收益率,富国基金管理有限公司,中信银行股份有限公司,股票型ETF,规模指数ETF,000688.SH,,,,,,
2023-05-22,588940.SH,富国上证科创板50成份ETF,20250603,上证科创板50成份指数,上证科创板50成份指数收益率,富国基金管理有限公司,中信银行股份有限公司,股票型ETF,规模指数ETF,000688.SH,,,,,,
2023-05-23,588940.SH,富国上证科创板50成份ETF,20250603,上证科创板50成份指数,上证科创板50成份指数收益率,富国基金管理有限公司,中信银行股份有限公司,股票型ETF,规模指数ETF,000688.SH,,,,,,
2023-05-24,588940.SH,富国上证科创板50成份ETF,20250603,上证科创板50成份指数,上证科创板50成份指数收益率,富国基金管理有限公司,中信银行股份有限公司,股票型ETF,规模指数ETF,000688.SH,,,,,,
2023-05-25,588940.SH,富国上证科创板50成份ETF,20250603,上证科创板50成份指数,上证科创板50成份指数收益率,富国基金管理有限公司,中信银行股份有限公司,股票型ETF,规模指数ETF,000688.SH,,,,,,
2023-05-26,588940.SH,富国上证科创板50成份ETF,20250603,上证科创板50成份指数,上证科创板50成份指数收益率,富国基金管理有限公司,中信银行股份有限公司,股票型ETF,规模指数ETF,000688.SH,,,,,,
2023-05-29,588940.SH,富国上证科创板50成份ETF,20250603,上证科创板50成份指数,上证科创板50成份指数收益率,富国基金管理有限公司,中信银行股份有限公司,股票型ETF,规模指数ETF,000688.SH,,,,,,
2023-05-30,588940.SH,富国上证科创板50成份ETF,20250603,上证科创板50成份指数,上证科创板50成份指数收益率,富国基金管理有限公司,中信银行股份有限公司,股票型ETF,规模指数ETF,000688.SH,,,,,,
2023-05-31,588940.SH,富国上证科创板50成份ETF,20250603,上证科创板50成份指数,上证科创板50成份指数收益率,富国基金管理有限公司,中信银行股份有限公司,股票型ETF,规模指数ETF,000688.SH,,,,,,
2023-06-01,588940.SH,富国上证科创板50成份ETF,20250603,上证科创板50成份指数,上证科创板50成份指数收益率,富国基金管理有限公司,中信银行股份有限公司,股票型ETF,规模指数ETF,000688.SH,,,,,,
2023-06-02,588940.SH,富国上证科创板50成份ETF,20250603,上证科创板50成份指数,上证科创板50成份指数收益率,富国基金管理有限公司,中信银行股份有限公司,股票型ETF,规模指数ETF,000688.SH,,,,,,
2023-06-05,588940.SH,富国上证科创板50成份ETF,20250603,上证科创板50成份指数,上证科创板50成份指数收益率,富国基金管理有限公司,中信银行股份有限公司,股票型ETF,规模指数ETF,000688.SH,,,,,,
2023-06-06,588940.SH,富国上证科创板50成份ETF,20250603,上证科创板50成份指数,上证科创板50成份指数收益率,富国基金管理有限公司,中信银行股份有限公司,股票型ETF,规模指数ETF,000688.SH,,,,,,
2023-06-07,588940.SH,富国上证科创板50成份ETF,20250603,上证科创板50成份指数,上证科创板50成份指数收益率,富国基金管理有限公司,中信银行股份有限公司,股票型ETF,规模指数ETF,000688.SH,,,,,,
2023-06-08,588940.SH,富国上证科创板50成份ETF,20250603,上证科创板50成份指数,上证科创板50成份指数收益率,富国基金管理有限公司,中信银行股份有限公司,股票型ETF,规模指数ETF,000688.SH,,,,,,
2023-06-09,588940.SH,富国上证科创板50成份ETF,20250603,上证科创板50成份指数,上证科创板50成份指数收益率,富国基金管理有限公司,中信银行股份有限公司,股票型ETF,规模指数ETF,000688.SH,,,,,,
2023-06-12,588940.SH,富国上证科创板50成份ETF,20250603,上证科创板50成份指数,上证科创板50成份指数收益率,富国基金管理有限公司,中信银行股份有限公司,股票型ETF,规模指数ETF,000688.SH,,,,,,
2023-06-13,588940.SH,富国上证科创板50成份ETF,20250603,上证科创板50成份指数,上证科创板50成份指数收益率,富国基金管理有限公司,中信银行股份有限公司,股票型ETF,规模指数ETF,000688.SH,,,,,,
2023-06-14,588940.SH,富国上证科创板50成份ETF,20250603,上证科创板50成份指数,上证科创板50成份指数收益率,富国基金管理有限公司,中信银行股份有限公司,股票型ETF,规模指数ETF,000688.SH,,,,,,
2023-06-15,588940.SH,富国上证科创板50成份ETF,20250603,上证科创板50成份指数,上证科创板50成份指数收益率,富国基金管理有限公司,中信银行股份有限公司,股票型ETF,规模指数ETF,000688.SH,,,,,,
2023-06-16,588940.SH,富国上证科创板50成份ETF,20250603,上证科创板50成份指数,上证科创板50成份指数收益率,富国基金管理有限公司,中信银行股份有限公司,股票型ETF,规模指数ETF,000688.SH,,,,,,
2023-06-19,588940.SH,富国上证科创板50成份ETF,20250603,上证科创板50成份指数,上证科创板50成份指数收益率,富国基金管理有限公司,中信银行股份有限公司,股票型ETF,规模指数ETF,000688.SH,,,,,,
2023-06-20,588940.SH,富国上证科创板50成份ETF,20250603,上证科创板50成份指数,上证科创板50成份指数收益率,富国基金管理有限公司,中信银行股份有限公司,股票型ETF,规模指数ETF,000688.SH,,,,,,
2023-06-21,588940.SH,富国上证科创板50成份ETF,20250603,上证科创板50成份指数,上证科创板50成份指数收益率,富国基金管理有限公司,中信银行股份有限公司,股票型ETF,规模指数ETF,000688.SH,,,,,,
2023-06-26,588940.SH,富国上证科创板50成份ETF,20250603,上证科创板50成份指数,上证科创板50成份指数收益率,富国基金管理有限公司,中信银行股份有限公司,股票型ETF,规模指数ETF,000688.SH,,,,,,
2023-06-27,588940.SH,富国上证科创板50成份ETF,20250603,上证科创板50成份指数,上证科创板50成份指数收益率,富国基金管理有限公司,中信银行股份有限公司,股票型ETF,规模指数ETF,000688.SH,,,,,,
2023-06-28,588940.SH,富国上证科创板50成份ETF,20250603,上证科创板50成份指数,上证科创板50成份指数收益率,富国基金管理有限公司,中信银行股份有限公司,股票型ETF,规模指数ETF,000688.SH,,,,,,
2023-06-29,588940.SH,富国上证科创板50成份ETF,20250603,上证科创板50成份指数,上证科创板50成份指数收益率,富国基金管理有限公司,中信银行股份有限公司,股票型ETF,规模指数ETF,000688.SH,,,,,,
2023-06-30,588940.SH,富国上证科创板50成份ETF,20250603,上证科创板50成份指数,上证科创板50成份指数收益率,富国基金管理有限公司,中信银行股份有限公司,股票型ETF,规模指数ETF,000688.SH,,,,,,
2023-07-03,588940.SH,富国上证科创板50成份ETF,20250603,上证科创板50成份指数,上证科创板50成份指数收益率,富国基金管理有限公司,中信银行股份有限公司,股票型ETF,规模指数ETF,000688.SH,,,,,,
2023-07-04,588940.SH,富国上证科创板50成份ETF,20250603,上证科创板50成份指数,上证科创板50成份指数收益率,富国基金管理有限公司,中信银行股份有限公司,股票型ETF,规模指数ETF,000688.SH,,,,,,
2023-07-05,588940.SH,富国上证科创板50成份ETF,20250603,上证科创板50成份指数,上证科创板50成份指数收益率,富国基金管理有限公司,中信银行股份有限公司,股票型ETF,规模指数ETF,000688.SH,,,,,,
2023-07-06,588940.SH,富国上证科创板50成份ETF,20250603,上证科创板50成份指数,上证科创板50成份指数收益率,富国基金管理有限公司,中信银行股份有限公司,股票型ETF,规模指数ETF,000688.SH,,,,,,
2023-07-07,588940.SH,富国上证科创板50成份ETF,20250603,上证科创板50成份指数,上证科创板50成份指数收益率,富国基金管理有限公司,中信银行股份有限公司,股票型ETF,规模指数ETF,000688.SH,,,,,,
2023-07-10,588940.SH,富国上证科创板50成份ETF,20250603,上证科创板50成份指数,上证科创板50成份指数收益率,富国基金管理有限公司,中信银行股份有限公司,股票型ETF,规模指数ETF,000688.SH,,,,,,
2023-07-11,588940.SH,富国上证科创板50成份ETF,20250603,上证科创板50成份指数,上证科创板50成份指数收益率,富国基金管理有限公司,中信银行股份有限公司,股票型ETF,规模指数ETF,000688.SH,,,,,,
2023-07-12,588940.SH,富国上证科创板50成份ETF,20250603,上证科创板50成份指数,上证科创板50成份指数收益率,富国基金管理有限公司,中信银行股份有限公司,股票型ETF,规模指数ETF,000688.SH,,,,,,
2023-07-13,588940.SH,富国上证科创板50成份ETF,20250603,上证科创板50成份指数,上证科创板50成份指数收益率,富国基金管理有限公司,中信银行股份有限公司,股票型ETF,规模指数ETF,000688.SH,,,,,,
2023-07-14,588940.SH,富国上证科创板50成份ETF,20250603,上证科创板50成份指数,上证科创板50成份指数收益率,富国基金管理有限公司,中信银行股份有限公司,股票型ETF,规模指数ETF,000688.SH,,,,,,
2023-07-17,588940.SH,富国上证科创板50成份ETF,20250603,上证科创板50成份指数,上证科创板50成份指数收益率,富国基金管理有限公司,中信银行股份有限公司,股票型ETF,规模指数ETF,000688.SH,,,,,,
2023-07-18,588940.SH,富国上证科创板50成份ETF,20250603,上证科创板50成份指数,上证科创板50成份指数收益率,富国基金管理有限公司,中信银行股份有限公司,股票型ETF,规模指数ETF,000688.SH,,,,,,
2023-07-19,588940.SH,富国上证科创板50成份ETF,20250603,上证科创板50成份指数,上证科创板50成份指数收益率,富国基金管理有限公司,中信银行股份有限公司,股票型ETF,规模指数ETF,000688.SH,,,,,,
2023-07-20,588940.SH,富国上证科创板50成份ETF,20250603,上证科创板50成份指数,上证科创板50成份指数收益率,富国基金管理有限公司,中信银行股份有限公司,股票型ETF,规模指数ETF,000688.SH,,,,,,
2023-07-21,588940.SH,富国上证科创板50成份ETF,20250603,上证科创板50成份指数,上证科创板50成份指数收益率,富国基金管理有限公司,中信银行股份有限公司,股票型ETF,规模指数ETF,000688.SH,,,,,,
2023-07-24,588940.SH,富国上证科创板50成份ETF,20250603,上证科创板50成份指数,上证科创板50成份指数收益率,富国基金管理有限公司,中信银行股份有限公司,股票型ETF,规模指数ETF,000688.SH,,,,,,
2023-07-25,588940.SH,富国上证科创板50成份ETF,20250603,上证科创板50成份指数,上证科创板50成份指数收益率,富国基金管理有限公司,中信银行股份有限公司,股票型ETF,规模指数ETF,000688.SH,,,,,,
2023-07-26,588940.SH,富国上证科创板50成份ETF,20250603,上证科创板50成份指数,上证科创板50成份指数收益率,富国基金管理有限公司,中信银行股份有限公司,股票型ETF,规模指数ETF,000688.SH,,,,,,
2023-07-27,588940.SH,富国上证科创板50成份ETF,20250603,上证科创板50成份指数,上证科创板50成份指数收益率,富国基金管理有限公司,中信银行股份有限公司,股票型ETF,规模指数ETF,000688.SH,,,,,,
2023-07-28,588940.SH,富国上证科创板50成份ETF,20250603,上证科创板50成份指数,上证科创板50成份指数收益率,富国基金管理有限公司,中信银行股份有限公司,股票型ETF,规模指数ETF,000688.SH,,,,,,
2023-07-31,588940.SH,富国上证科创板50成份ETF,20250603,上证科创板50成份指数,上证科创板50成份指数收益率,富国基金管理有限公司,中信银行股份有限公司,股票型ETF,规模指数ETF,000688.SH,,,,,,
2023-08-01,588940.SH,富国上证科创板50成份ETF,20250603,上证科创板50成份指数,上证科创板50成份指数收益率,富国基金管理有限公司,中信银行股份有限公司,股票型ETF,规模指数ETF,000688.SH,,,,,,
2023-08-02,588940.SH,富国上证科创板50成份ETF,20250603,上证科创板50成份指数,上证科创板50成份指数收益率,富国基金管理有限公司,中信银行股份有限公司,股票型ETF,规模指数ETF,000688.SH,,,,,,
2023-08-03,588940.SH,富国上证科创板50成份ETF,20250603,上证科创板50成份指数,上证科创板50成份指数收益率,富国基金管理有限公司,中信银行股份有限公司,股票型ETF,规模指数ETF,000688.SH,,,,,,
2023-08-04,588940.SH,富国上证科创板50成份ETF,20250603,上证科创板50成份指数,上证科创板50成份指数收益率,富国基金管理有限公司,中信银行股份有限公司,股票型ETF,规模指数ETF,000688.SH,,,,,,
2023-08-07,588940.SH,富国上证科创板50成份ETF,20250603,上证科创板50成份指数,上证科创板50成份指数收益率,富国基金管理有限公司,中信银行股份有限公司,股票型ETF,规模指数ETF,000688.SH,,,,,,
2023-08-08,588940.SH,富国上证科创板50成份ETF,20250603,上证科创板50成份指数,上证科创板50成份指数收益率,富国基金管理有限公司,中信银行股份有限公司,股票型ETF,规模指数ETF,000688.SH,,,,,,
2023-08-09,588940.SH,富国上证科创板50成份ETF,20250603,上证科创板50成份指数,上证科创板50成份指数收益率,富国基金管理有限公司,中信银行股份有限公司,股票型ETF,规模指数ETF,000688.SH,,,,,,
2023-08-10,588940.SH,富国上证科创板50成份ETF,20250603,上证科创板50成份指数,上证科创板50成份指数收益率,富国基金管理有限公司,中信银行股份有限公司,股票型ETF,规模指数ETF,000688.SH,,,,,,
2023-08-11,588940.SH,富国上证科创板50成份ETF,20250603,上证科创板50成份指数,上证科创板50成份指数收益率,富国基金管理有限公司,中信银行股份有限公司,股票型ETF,规模指数ETF,000688.SH,,,,,,
2023-08-14,588940.SH,富国上证科创板50成份ETF,20250603,上证科创板50成份指数,上证科创板50成份指数收益率,富国基金管理有限公司,中信银行股份有限公司,股票型ETF,规模指数ETF,000688.SH,,,,,,
2023-08-15,588940.SH,富国上证科创板50成份ETF,20250603,上证科创板50成份指数,上证科创板50成份指数收益率,富国基金管理有限公司,中信银行股份有限公司,股票型ETF,规模指数ETF,000688.SH,,,,,,
2023-08-16,588940.SH,富国上证科创板50成份ETF,20250603,上证科创板50成份指数,上证科创板50成份指数收益率,富国基金管理有限公司,中信银行股份有限公司,股票型ETF,规模指数ETF,000688.SH,,,,,,
2023-08-17,588940.SH,富国上证科创板50成份ETF,20250603,上证科创板50成份指数,上证科创板50成份指数收益率,富国基金管理有限公司,中信银行股份有限公司,股票型ETF,规模指数ETF,000688.SH,,,,,,
2023-08-18,588940.SH,富国上证科创板50成份ETF,20250603,上证科创板50成份指数,上证科创板50成份指数收益率,富国基金管理有限公司,中信银行股份有限公司,股票型ETF,规模指数ETF,000688.SH,,,,,,
2023-08-21,588940.SH,富国上证科创板50成份ETF,20250603,上证科创板50成份指数,上证科创板50成份指数收益率,富国基金管理有限公司,中信银行股份有限公司,股票型ETF,规模指数ETF,000688.SH,,,,,,
2023-08-22,588940.SH,富国上证科创板50成份ETF,20250603,上证科创板50成份指数,上证科创板50成份指数收益率,富国基金管理有限公司,中信银行股份有限公司,股票型ETF,规模指数ETF,000688.SH,,,,,,
2023-08-23,588940.SH,富国上证科创板50成份ETF,20250603,上证科创板50成份指数,上证科创板50成份指数收益率,富国基金管理有限公司,中信银行股份有限公司,股票型ETF,规模指数ETF,000688.SH,,,,,,
2023-08-24,588940.SH,富国上证科创板50成份ETF,20250603,上证科创板50成份指数,上证科创板50成份指数收益率,富国基金管理有限公司,中信银行股份有限公司,股票型ETF,规模指数ETF,000688.SH,,,,,,
2023-08-25,588940.SH,富国上证科创板50成份ETF,20250603,上证科创板50成份指数,上证科创板50成份指数收益率,富国基金管理有限公司,中信银行股份有限公司,股票型ETF,规模指数ETF,000688.SH,,,,,,
2023-08-28,588940.SH,富国上证科创板50成份ETF,20250603,上证科创板50成份指数,上证科创板50成份指数收益率,富国基金管理有限公司,中信银行股份有限公司,股票型ETF,规模指数ETF,000688.SH,,,,,,
2023-08-29,588940.SH,富国上证科创板50成份ETF,20250603,上证科创板50成份指数,上证科创板50成份指数收益率,富国基金管理有限公司,中信银行股份有限公司,股票型ETF,规模指数ETF,000688.SH,,,,,,
2023-08-30,588940.SH,富国上证科创板50成份ETF,20250603,上证科创板50成份指数,上证科创板50成份指数收益率,富国基金管理有限公司,中信银行股份有限公司,股票型ETF,规模指数ETF,000688.SH,,,,,,
2023-08-31,588940.SH,富国上证科创板50成份ETF,20250603,上证科创板50成份指数,上证科创板50成份指数收益率,富国基金管理有限公司,中信银行股份有限公司,股票型ETF,规模指数ETF,000688.SH,,,,,,
2023-09-01,588940.SH,富国上证科创板50成份ETF,20250603,上证科创板50成份指数,上证科创板50成份指数收益率,富国基金管理有限公司,中信银行股份有限公司,股票型ETF,规模指数ETF,000688.SH,,,,,,
2023-09-04,588940.SH,富国上证科创板50成份ETF,20250603,上证科创板50成份指数,上证科创板50成份指数收益率,富国基金管理有限公司,中信银行股份有限公司,股票型ETF,规模指数ETF,000688.SH,,,,,,
2023-09-05,588940.SH,富国上证科创板50成份ETF,20250603,上证科创板50成份指数,上证科创板50成份指数收益率,富国基金管理有限公司,中信银行股份有限公司,股票型ETF,规模指数ETF,000688.SH,,,,,,
2023-09-06,588940.SH,富国上证科创板50成份ETF,20250603,上证科创板50成份指数,上证科创板50成份指数收益率,富国基金管理有限公司,中信银行股份有限公司,股票型ETF,规模指数ETF,000688.SH,,,,,,
2023-09-07,588940.SH,富国上证科创板50成份ETF,20250603,上证科创板50成份指数,上证科创板50成份指数收益率,富国基金管理有限公司,中信银行股份有限公司,股票型ETF,规模指数ETF,000688.SH,,,,,,
2023-09-08,588940.SH,富国上证科创板50成份ETF,20250603,上证科创板50成份指数,上证科创板50成份指数收益率,富国基金管理有限公司,中信银行股份有限公司,股票型ETF,规模指数ETF,000688.SH,,,,,,
2023-09-11,588940.SH,富国上证科创板50成份ETF,20250603,上证科创板50成份指数,上证科创板50成份指数收益率,富国基金管理有限公司,中信银行股份有限公司,股票型ETF,规模指数ETF,000688.SH,,,,,,
2023-09-12,588940.SH,富国上证科创板50成份ETF,20250603,上证科创板50成份指数,上证科创板50成份指数收益率,富国基金管理有限公司,中信银行股份有限公司,股票型ETF,规模指数ETF,000688.SH,,,,,,
2023-09-13,588940.SH,富国上证科创板50成份ETF,20250603,上证科创板50成份指数,上证科创板50成份指数收益率,富国基金管理有限公司,中信银行股份有限公司,股票型ETF,规模指数ETF,000688.SH,,,,,,
2023-09-14,588940.SH,富国上证科创板50成份ETF,20250603,上证科创板50成份指数,上证科创板50成份指数收益率,富国基金管理有限公司,中信银行股份有限公司,股票型ETF,规模指数ETF,000688.SH,,,,,,
2023-09-15,588940.SH,富国上证科创板50成份ETF,20250603,上证科创板50成份指数,上证科创板50成份指数收益率,富国基金管理有限公司,中信银行股份有限公司,股票型ETF,规模指数ETF,000688.SH,,,,,,
2023-09-18,588940.SH,富国上证科创板50成份ETF,20250603,上证科创板50成份指数,上证科创板50成份指数收益率,富国基金管理有限公司,中信银行股份有限公司,股票型ETF,规模指数ETF,000688.SH,,,,,,
2023-09-19,588940.SH,富国上证科创板50成份ETF,20250603,上证科创板50成份指数,上证科创板50成份指数收益率,富国基金管理有限公司,中信银行股份有限公司,股票型ETF,规模指数ETF,000688.SH,,,,,,
2023-09-20,588940.SH,富国上证科创板50成份ETF,20250603,上证科创板50成份指数,上证科创板50成份指数收益率,富国基金管理有限公司,中信银行股份有限公司,股票型ETF,规模指数ETF,000688.SH,,,,,,
2023-09-21,588940.SH,富国上证科创板50成份ETF,20250603,上证科创板50成份指数,上证科创板50成份指数收益率,富国基金管理有限公司,中信银行股份有限公司,股票型ETF,规模指数ETF,000688.SH,,,,,,
2023-09-22,588940.SH,富国上证科创板50成份ETF,20250603,上证科创板50成份指数,上证科创板50成份指数收益率,富国基金管理有限公司,中信银行股份有限公司,股票型ETF,规模指数ETF,000688.SH,,,,,,
2023-09-25,588940.SH,富国上证科创板50成份ETF,20250603,上证科创板50成份指数,上证科创板50成份指数收益率,富国基金管理有限公司,中信银行股份有限公司,股票型ETF,规模指数ETF,000688.SH,,,,,,
2023-09-26,588940.SH,富国上证科创板50成份ETF,20250603,上证科创板50成份指数,上证科创板50成份指数收益率,富国基金管理有限公司,中信银行股份有限公司,股票型ETF,规模指数ETF,000688.SH,,,,,,
2023-09-27,588940.SH,富国上证科创板50成份ETF,20250603,上证科创板50成份指数,上证科创板50成份指数收益率,富国基金管理有限公司,中信银行股份有限公司,股票型ETF,规模指数ETF,000688.SH,,,,,,
2023-09-28,588940.SH,富国上证科创板50成份ETF,20250603,上证科创板50成份指数,上证科创板50成份指数收益率,富国基金管理有限公司,中信银行股份有限公司,股票型ETF,规模指数ETF,000688.SH,,,,,,
2023-10-09,588940.SH,富国上证科创板50成份ETF,20250603,上证科创板50成份指数,上证科创板50成份指数收益率,富国基金管理有限公司,中信银行股份有限公司,股票型ETF,规模指数ETF,000688.SH,,,,,,
2023-10-10,588940.SH,富国上证科创板50成份ETF,20250603,上证科创板50成份指数,上证科创板50成份指数收益率,富国基金管理有限公司,中信银行股份有限公司,股票型ETF,规模指数ETF,000688.SH,,,,,,
2023-10-11,588940.SH,富国上证科创板50成份ETF,20250603,上证科创板50成份指数,上证科创板50成份指数收益率,富国基金管理有限公司,中信银行股份有限公司,股票型ETF,规模指数ETF,000688.SH,,,,,,
2023-10-12,588940.SH,富国上证科创板50成份ETF,20250603,上证科创板50成份指数,上证科创板50成份指数收益率,富国基金管理有限公司,中信银行股份有限公司,股票型ETF,规模指数ETF,000688.SH,,,,,,
2023-10-13,588940.SH,富国上证科创板50成份ETF,20250603,上证科创板50成份指数,上证科创板50成份指数收益率,富国基金管理有限公司,中信银行股份有限公司,股票型ETF,规模指数ETF,000688.SH,,,,,,
2023-10-16,588940.SH,富国上证科创板50成份ETF,20250603,上证科创板50成份指数,上证科创板50成份指数收益率,富国基金管理有限公司,中信银行股份有限公司,股票型ETF,规模指数ETF,000688.SH,,,,,,
2023-10-17,588940.SH,富国上证科创板50成份ETF,20250603,上证科创板50成份指数,上证科创板50成份指数收益率,富国基金管理有限公司,中信银行股份有限公司,股票型ETF,规模指数ETF,000688.SH,,,,,,
2023-10-18,588940.SH,富国上证科创板50成份ETF,20250603,上证科创板50成份指数,上证科创板50成份指数收益率,富国基金管理有限公司,中信银行股份有限公司,股票型ETF,规模指数ETF,000688.SH,,,,,,
2023-10-19,588940.SH,富国上证科创板50成份ETF,20250603,上证科创板50成份指数,上证科创板50成份指数收益率,富国基金管理有限公司,中信银行股份有限公司,股票型ETF,规模指数ETF,000688.SH,,,,,,
2023-10-20,588940.SH,富国上证科创板50成份ETF,20250603,上证科创板50成份指数,上证科创板50成份指数收益率,富国基金管理有限公司,中信银行股份有限公司,股票型ETF,规模指数ETF,000688.SH,,,,,,
2023-10-23,588940.SH,富国上证科创板50成份ETF,20250603,上证科创板50成份指数,上证科创板50成份指数收益率,富国基金管理有限公司,中信银行股份有限公司,股票型ETF,规模指数ETF,000688.SH,,,,,,
2023-10-24,588940.SH,富国上证科创板50成份ETF,20250603,上证科创板50成份指数,上证科创板50成份指数收益率,富国基金管理有限公司,中信银行股份有限公司,股票型ETF,规模指数ETF,000688.SH,,,,,,
2023-10-25,588940.SH,富国上证科创板50成份ETF,20250603,上证科创板50成份指数,上证科创板50成份指数收益率,富国基金管理有限公司,中信银行股份有限公司,股票型ETF,规模指数ETF,000688.SH,,,,,,
2023-10-26,588940.SH,富国上证科创板50成份ETF,20250603,上证科创板50成份指数,上证科创板50成份指数收益率,富国基金管理有限公司,中信银行股份有限公司,股票型ETF,规模指数ETF,000688.SH,,,,,,
2023-10-27,588940.SH,富国上证科创板50成份ETF,20250603,上证科创板50成份指数,上证科创板50成份指数收益率,富国基金管理有限公司,中信银行股份有限公司,股票型ETF,规模指数ETF,000688.SH,,,,,,
2023-10-30,588940.SH,富国上证科创板50成份ETF,20250603,上证科创板50成份指数,上证科创板50成份指数收益率,富国基金管理有限公司,中信银行股份有限公司,股票型ETF,规模指数ETF,000688.SH,,,,,,
2023-10-31,588940.SH,富国上证科创板50成份ETF,20250603,上证科创板50成份指数,上证科创板50成份指数收益率,富国基金管理有限公司,中信银行股份有限公司,股票型ETF,规模指数ETF,000688.SH,,,,,,
2023-11-01,588940.SH,富国上证科创板50成份ETF,20250603,上证科创板50成份指数,上证科创板50成份指数收益率,富国基金管理有限公司,中信银行股份有限公司,股票型ETF,规模指数ETF,000688.SH,,,,,,
2023-11-02,588940.SH,富国上证科创板50成份ETF,20250603,上证科创板50成份指数,上证科创板50成份指数收益率,富国基金管理有限公司,中信银行股份有限公司,股票型ETF,规模指数ETF,000688.SH,,,,,,
2023-11-03,588940.SH,富国上证科创板50成份ETF,20250603,上证科创板50成份指数,上证科创板50成份指数收益率,富国基金管理有限公司,中信银行股份有限公司,股票型ETF,规模指数ETF,000688.SH,,,,,,
2023-11-06,588940.SH,富国上证科创板50成份ETF,20250603,上证科创板50成份指数,上证科创板50成份指数收益率,富国基金管理有限公司,中信银行股份有限公司,股票型ETF,规模指数ETF,000688.SH,,,,,,
2023-11-07,588940.SH,富国上证科创板50成份ETF,20250603,上证科创板50成份指数,上证科创板50成份指数收益率,富国基金管理有限公司,中信银行股份有限公司,股票型ETF,规模指数ETF,000688.SH,,,,,,
2023-11-08,588940.SH,富国上证科创板50成份ETF,20250603,上证科创板50成份指数,上证科创板50成份指数收益率,富国基金管理有限公司,中信银行股份有限公司,股票型ETF,规模指数ETF,000688.SH,,,,,,
2023-11-09,588940.SH,富国上证科创板50成份ETF,20250603,上证科创板50成份指数,上证科创板50成份指数收益率,富国基金管理有限公司,中信银行股份有限公司,股票型ETF,规模指数ETF,000688.SH,,,,,,
2023-11-10,588940.SH,富国上证科创板50成份ETF,20250603,上证科创板50成份指数,上证科创板50成份指数收益率,富国基金管理有限公司,中信银行股份有限公司,股票型ETF,规模指数ETF,000688.SH,,,,,,
2023-11-13,588940.SH,富国上证科创板50成份ETF,20250603,上证科创板50成份指数,上证科创板50成份指数收益率,富国基金管理有限公司,中信银行股份有限公司,股票型ETF,规模指数ETF,000688.SH,,,,,,
2023-11-14,588940.SH,富国上证科创板50成份ETF,20250603,上证科创板50成份指数,上证科创板50成份指数收益率,富国基金管理有限公司,中信银行股份有限公司,股票型ETF,规模指数ETF,000688.SH,,,,,,
2023-11-15,588940.SH,富国上证科创板50成份ETF,20250603,上证科创板50成份指数,上证科创板50成份指数收益率,富国基金管理有限公司,中信银行股份有限公司,股票型ETF,规模指数ETF,000688.SH,,,,,,
2023-11-16,588940.SH,富国上证科创板50成份ETF,20250603,上证科创板50成份指数,上证科创板50成份指数收益率,富国基金管理有限公司,中信银行股份有限公司,股票型ETF,规模指数ETF,000688.SH,,,,,,
2023-11-17,588940.SH,富国上证科创板50成份ETF,20250603,上证科创板50成份指数,上证科创板50成份指数收益率,富国基金管理有限公司,中信银行股份有限公司,股票型ETF,规模指数ETF,000688.SH,,,,,,
2023-11-20,588940.SH,富国上证科创板50成份ETF,20250603,上证科创板50成份指数,上证科创板50成份指数收益率,富国基金管理有限公司,中信银行股份有限公司,股票型ETF,规模指数ETF,000688.SH,,,,,,
2023-11-21,588940.SH,富国上证科创板50成份ETF,20250603,上证科创板50成份指数,上证科创板50成份指数收益率,富国基金管理有限公司,中信银行股份有限公司,股票型ETF,规模指数ETF,000688.SH,,,,,,
2023-11-22,588940.SH,富国上证科创板50成份ETF,20250603,上证科创板50成份指数,上证科创板50成份指数收益率,富国基金管理有限公司,中信银行股份有限公司,股票型ETF,规模指数ETF,000688.SH,,,,,,
2023-11-23,588940.SH,富国上证科创板50成份ETF,20250603,上证科创板50成份指数,上证科创板50成份指数收益率,富国基金管理有限公司,中信银行股份有限公司,股票型ETF,规模指数ETF,000688.SH,,,,,,
2023-11-24,588940.SH,富国上证科创板50成份ETF,20250603,上证科创板50成份指数,上证科创板50成份指数收益率,富国基金管理有限公司,中信银行股份有限公司,股票型ETF,规模指数ETF,000688.SH,,,,,,
2023-11-27,588940.SH,富国上证科创板50成份ETF,20250603,上证科创板50成份指数,上证科创板50成份指数收益率,富国基金管理有限公司,中信银行股份有限公司,股票型ETF,规模指数ETF,000688.SH,,,,,,
2023-11-28,588940.SH,富国上证科创板50成份ETF,20250603,上证科创板50成份指数,上证科创板50成份指数收益率,富国基金管理有限公司,中信银行股份有限公司,股票型ETF,规模指数ETF,000688.SH,,,,,,
2023-11-29,588940.SH,富国上证科创板50成份ETF,20250603,上证科创板50成份指数,上证科创板50成份指数收益率,富国基金管理有限公司,中信银行股份有限公司,股票型ETF,规模指数ETF,000688.SH,,,,,,
2023-11-30,588940.SH,富国上证科创板50成份ETF,20250603,上证科创板50成份指数,上证科创板50成份指数收益率,富国基金管理有限公司,中信银行股份有限公司,股票型ETF,规模指数ETF,000688.SH,,,,,,
2023-12-01,588940.SH,富国上证科创板50成份ETF,20250603,上证科创板50成份指数,上证科创板50成份指数收益率,富国基金管理有限公司,中信银行股份有限公司,股票型ETF,规模指数ETF,000688.SH,,,,,,
2023-12-04,588940.SH,富国上证科创板50成份ETF,20250603,上证科创板50成份指数,上证科创板50成份指数收益率,富国基金管理有限公司,中信银行股份有限公司,股票型ETF,规模指数ETF,000688.SH,,,,,,
2023-12-05,588940.SH,富国上证科创板50成份ETF,20250603,上证科创板50成份指数,上证科创板50成份指数收益率,富国基金管理有限公司,中信银行股份有限公司,股票型ETF,规模指数ETF,000688.SH,,,,,,
2023-12-06,588940.SH,富国上证科创板50成份ETF,20250603,上证科创板50成份指数,上证科创板50成份指数收益率,富国基金管理有限公司,中信银行股份有限公司,股票型ETF,规模指数ETF,000688.SH,,,,,,
2023-12-07,588940.SH,富国上证科创板50成份ETF,20250603,上证科创板50成份指数,上证科创板50成份指数收益率,富国基金管理有限公司,中信银行股份有限公司,股票型ETF,规模指数ETF,000688.SH,,,,,,
2023-12-08,588940.SH,富国上证科创板50成份ETF,20250603,上证科创板50成份指数,上证科创板50成份指数收益率,富国基金管理有限公司,中信银行股份有限公司,股票型ETF,规模指数ETF,000688.SH,,,,,,
2023-12-11,588940.SH,富国上证科创板50成份ETF,20250603,上证科创板50成份指数,上证科创板50成份指数收益率,富国基金管理有限公司,中信银行股份有限公司,股票型ETF,规模指数ETF,000688.SH,,,,,,
2023-12-12,588940.SH,富国上证科创板50成份ETF,20250603,上证科创板50成份指数,上证科创板50成份指数收益率,富国基金管理有限公司,中信银行股份有限公司,股票型ETF,规模指数ETF,000688.SH,,,,,,
2023-12-13,588940.SH,富国上证科创板50成份ETF,20250603,上证科创板50成份指数,上证科创板50成份指数收益率,富国基金管理有限公司,中信银行股份有限公司,股票型ETF,规模指数ETF,000688.SH,,,,,,
2023-12-14,588940.SH,富国上证科创板50成份ETF,20250603,上证科创板50成份指数,上证科创板50成份指数收益率,富国基金管理有限公司,中信银行股份有限公司,股票型ETF,规模指数ETF,000688.SH,,,,,,
2023-12-15,588940.SH,富国上证科创板50成份ETF,20250603,上证科创板50成份指数,上证科创板50成份指数收益率,富国基金管理有限公司,中信银行股份有限公司,股票型ETF,规模指数ETF,000688.SH,,,,,,
2023-12-18,588940.SH,富国上证科创板50成份ETF,20250603,上证科创板50成份指数,上证科创板50成份指数收益率,富国基金管理有限公司,中信银行股份有限公司,股票型ETF,规模指数ETF,000688.SH,,,,,,
2023-12-19,588940.SH,富国上证科创板50成份ETF,20250603,上证科创板50成份指数,上证科创板50成份指数收益率,富国基金管理有限公司,中信银行股份有限公司,股票型ETF,规模指数ETF,000688.SH,,,,,,
2023-12-20,588940.SH,富国上证科创板50成份ETF,20250603,上证科创板50成份指数,上证科创板50成份指数收益率,富国基金管理有限公司,中信银行股份有限公司,股票型ETF,规模指数ETF,000688.SH,,,,,,
2023-12-21,588940.SH,富国上证科创板50成份ETF,20250603,上证科创板50成份指数,上证科创板50成份指数收益率,富国基金管理有限公司,中信银行股份有限公司,股票型ETF,规模指数ETF,000688.SH,,,,,,
2023-12-22,588940.SH,富国上证科创板50成份ETF,20250603,上证科创板50成份指数,上证科创板50成份指数收益率,富国基金管理有限公司,中信银行股份有限公司,股票型ETF,规模指数ETF,000688.SH,,,,,,
2023-12-25,588940.SH,富国上证科创板50成份ETF,20250603,上证科创板50成份指数,上证科创板50成份指数收益率,富国基金管理有限公司,中信银行股份有限公司,股票型ETF,规模指数ETF,000688.SH,,,,,,
2023-12-26,588940.SH,富国上证科创板50成份ETF,20250603,上证科创板50成份指数,上证科创板50成份指数收益率,富国基金管理有限公司,中信银行股份有限公司,股票型ETF,规模指数ETF,000688.SH,,,,,,
2023-12-27,588940.SH,富国上证科创板50成份ETF,20250603,上证科创板50成份指数,上证科创板50成份指数收益率,富国基金管理有限公司,中信银行股份有限公司,股票型ETF,规模指数ETF,000688.SH,,,,,,
2023-12-28,588940.SH,富国上证科创板50成份ETF,20250603,上证科创板50成份指数,上证科创板50成份指数收益率,富国基金管理有限公司,中信银行股份有限公司,股票型ETF,规模指数ETF,000688.SH,,,,,,
2023-12-29,588940.SH,富国上证科创板50成份ETF,20250603,上证科创板50成份指数,上证科创板50成份指数收益率,富国基金管理有限公司,中信银行股份有限公司,股票型ETF,规模指数ETF,000688.SH,,,,,,
2024-01-02,588940.SH,富国上证科创板50成份ETF,20250603,上证科创板50成份指数,上证科创板50成份指数收益率,富国基金管理有限公司,中信银行股份有限公司,股票型ETF,规模指数ETF,000688.SH,,,,,,
2024-01-03,588940.SH,富国上证科创板50成份ETF,20250603,上证科创板50成份指数,上证科创板50成份指数收益率,富国基金管理有限公司,中信银行股份有限公司,股票型ETF,规模指数ETF,000688.SH,,,,,,
2024-01-04,588940.SH,富国上证科创板50成份ETF,20250603,上证科创板50成份指数,上证科创板50成份指数收益率,富国基金管理有限公司,中信银行股份有限公司,股票型ETF,规模指数ETF,000688.SH,,,,,,
2024-01-05,588940.SH,富国上证科创板50成份ETF,20250603,上证科创板50成份指数,上证科创板50成份指数收益率,富国基金管理有限公司,中信银行股份有限公司,股票型ETF,规模指数ETF,000688.SH,,,,,,
2024-01-08,588940.SH,富国上证科创板50成份ETF,20250603,上证科创板50成份指数,上证科创板50成份指数收益率,富国基金管理有限公司,中信银行股份有限公司,股票型ETF,规模指数ETF,000688.SH,,,,,,
2024-01-09,588940.SH,富国上证科创板50成份ETF,20250603,上证科创板50成份指数,上证科创板50成份指数收益率,富国基金管理有限公司,中信银行股份有限公司,股票型ETF,规模指数ETF,000688.SH,,,,,,
2024-01-10,588940.SH,富国上证科创板50成份ETF,20250603,上证科创板50成份指数,上证科创板50成份指数收益率,富国基金管理有限公司,中信银行股份有限公司,股票型ETF,规模指数ETF,000688.SH,,,,,,
2024-01-11,588940.SH,富国上证科创板50成份ETF,20250603,上证科创板50成份指数,上证科创板50成份指数收益率,富国基金管理有限公司,中信银行股份有限公司,股票型ETF,规模指数ETF,000688.SH,,,,,,
2024-01-12,588940.SH,富国上证科创板50成份ETF,20250603,上证科创板50成份指数,上证科创板50成份指数收益率,富国基金管理有限公司,中信银行股份有限公司,股票型ETF,规模指数ETF,000688.SH,,,,,,
2024-01-15,588940.SH,富国上证科创板50成份ETF,20250603,上证科创板50成份指数,上证科创板50成份指数收益率,富国基金管理有限公司,中信银行股份有限公司,股票型ETF,规模指数ETF,000688.SH,,,,,,
2024-01-16,588940.SH,富国上证科创板50成份ETF,20250603,上证科创板50成份指数,上证科创板50成份指数收益率,富国基金管理有限公司,中信银行股份有限公司,股票型ETF,规模指数ETF,000688.SH,,,,,,
2024-01-17,588940.SH,富国上证科创板50成份ETF,20250603,上证科创板50成份指数,上证科创板50成份指数收益率,富国基金管理有限公司,中信银行股份有限公司,股票型ETF,规模指数ETF,000688.SH,,,,,,
2024-01-18,588940.SH,富国上证科创板50成份ETF,20250603,上证科创板50成份指数,上证科创板50成份指数收益率,富国基金管理有限公司,中信银行股份有限公司,股票型ETF,规模指数ETF,000688.SH,,,,,,
2024-01-19,588940.SH,富国上证科创板50成份ETF,20250603,上证科创板50成份指数,上证科创板50成份指数收益率,富国基金管理有限公司,中信银行股份有限公司,股票型ETF,规模指数ETF,000688.SH,,,,,,
2024-01-22,588940.SH,富国上证科创板50成份ETF,20250603,上证科创板50成份指数,上证科创板50成份指数收益率,富国基金管理有限公司,中信银行股份有限公司,股票型ETF,规模指数ETF,000688.SH,,,,,,
2024-01-23,588940.SH,富国上证科创板50成份ETF,20250603,上证科创板50成份指数,上证科创板50成份指数收益率,富国基金管理有限公司,中信银行股份有限公司,股票型ETF,规模指数ETF,000688.SH,,,,,,
2024-01-24,588940.SH,富国上证科创板50成份ETF,20250603,上证科创板50成份指数,上证科创板50成份指数收益率,富国基金管理有限公司,中信银行股份有限公司,股票型ETF,规模指数ETF,000688.SH,,,,,,
2024-01-25,588940.SH,富国上证科创板50成份ETF,20250603,上证科创板50成份指数,上证科创板50成份指数收益率,富国基金管理有限公司,中信银行股份有限公司,股票型ETF,规模指数ETF,000688.SH,,,,,,
2024-01-26,588940.SH,富国上证科创板50成份ETF,20250603,上证科创板50成份指数,上证科创板50成份指数收益率,富国基金管理有限公司,中信银行股份有限公司,股票型ETF,规模指数ETF,000688.SH,,,,,,
2024-01-29,588940.SH,富国上证科创板50成份ETF,20250603,上证科创板50成份指数,上证科创板50成份指数收益率,富国基金管理有限公司,中信银行股份有限公司,股票型ETF,规模指数ETF,000688.SH,,,,,,
2024-01-30,588940.SH,富国上证科创板50成份ETF,20250603,上证科创板50成份指数,上证科创板50成份指数收益率,富国基金管理有限公司,中信银行股份有限公司,股票型ETF,规模指数ETF,000688.SH,,,,,,
2024-01-31,588940.SH,富国上证科创板50成份ETF,20250603,上证科创板50成份指数,上证科创板50成份指数收益率,富国基金管理有限公司,中信银行股份有限公司,股票型ETF,规模指数ETF,000688.SH,,,,,,
2024-02-01,588940.SH,富国上证科创板50成份ETF,20250603,上证科创板50成份指数,上证科创板50成份指数收益率,富国基金管理有限公司,中信银行股份有限公司,股票型ETF,规模指数ETF,000688.SH,,,,,,
2024-02-02,588940.SH,富国上证科创板50成份ETF,20250603,上证科创板50成份指数,上证科创板50成份指数收益率,富国基金管理有限公司,中信银行股份有限公司,股票型ETF,规模指数ETF,000688.SH,,,,,,
2024-02-05,588940.SH,富国上证科创板50成份ETF,20250603,上证科创板50成份指数,上证科创板50成份指数收益率,富国基金管理有限公司,中信银行股份有限公司,股票型ETF,规模指数ETF,000688.SH,,,,,,
2024-02-06,588940.SH,富国上证科创板50成份ETF,20250603,上证科创板50成份指数,上证科创板50成份指数收益率,富国基金管理有限公司,中信银行股份有限公司,股票型ETF,规模指数ETF,000688.SH,,,,,,
2024-02-07,588940.SH,富国上证科创板50成份ETF,20250603,上证科创板50成份指数,上证科创板50成份指数收益率,富国基金管理有限公司,中信银行股份有限公司,股票型ETF,规模指数ETF,000688.SH,,,,,,
2024-02-08,588940.SH,富国上证科创板50成份ETF,20250603,上证科创板50成份指数,上证科创板50成份指数收益率,富国基金管理有限公司,中信银行股份有限公司,股票型ETF,规模指数ETF,000688.SH,,,,,,
2024-02-19,588940.SH,富国上证科创板50成份ETF,20250603,上证科创板50成份指数,上证科创板50成份指数收益率,富国基金管理有限公司,中信银行股份有限公司,股票型ETF,规模指数ETF,000688.SH,,,,,,
2024-02-20,588940.SH,富国上证科创板50成份ETF,20250603,上证科创板50成份指数,上证科创板50成份指数收益率,富国基金管理有限公司,中信银行股份有限公司,股票型ETF,规模指数ETF,000688.SH,,,,,,
2024-02-21,588940.SH,富国上证科创板50成份ETF,20250603,上证科创板50成份指数,上证科创板50成份指数收益率,富国基金管理有限公司,中信银行股份有限公司,股票型ETF,规模指数ETF,000688.SH,,,,,,
2024-02-22,588940.SH,富国上证科创板50成份ETF,20250603,上证科创板50成份指数,上证科创板50成份指数收益率,富国基金管理有限公司,中信银行股份有限公司,股票型ETF,规模指数ETF,000688.SH,,,,,,
2024-02-23,588940.SH,富国上证科创板50成份ETF,20250603,上证科创板50成份指数,上证科创板50成份指数收益率,富国基金管理有限公司,中信银行股份有限公司,股票型ETF,规模指数ETF,000688.SH,,,,,,
2024-02-26,588940.SH,富国上证科创板50成份ETF,20250603,上证科创板50成份指数,上证科创板50成份指数收益率,富国基金管理有限公司,中信银行股份有限公司,股票型ETF,规模指数ETF,000688.SH,,,,,,
2024-02-27,588940.SH,富国上证科创板50成份ETF,20250603,上证科创板50成份指数,上证科创板50成份指数收益率,富国基金管理有限公司,中信银行股份有限公司,股票型ETF,规模指数ETF,000688.SH,,,,,,
2024-02-28,588940.SH,富国上证科创板50成份ETF,20250603,上证科创板50成份指数,上证科创板50成份指数收益率,富国基金管理有限公司,中信银行股份有限公司,股票型ETF,规模指数ETF,000688.SH,,,,,,
2024-02-29,588940.SH,富国上证科创板50成份ETF,20250603,上证科创板50成份指数,上证科创板50成份指数收益率,富国基金管理有限公司,中信银行股份有限公司,股票型ETF,规模指数ETF,000688.SH,,,,,,
2024-03-01,588940.SH,富国上证科创板50成份ETF,20250603,上证科创板50成份指数,上证科创板50成份指数收益率,富国基金管理有限公司,中信银行股份有限公司,股票型ETF,规模指数ETF,000688.SH,,,,,,
2024-03-04,588940.SH,富国上证科创板50成份ETF,20250603,上证科创板50成份指数,上证科创板50成份指数收益率,富国基金管理有限公司,中信银行股份有限公司,股票型ETF,规模指数ETF,000688.SH,,,,,,
2024-03-05,588940.SH,富国上证科创板50成份ETF,20250603,上证科创板50成份指数,上证科创板50成份指数收益率,富国基金管理有限公司,中信银行股份有限公司,股票型ETF,规模指数ETF,000688.SH,,,,,,
2024-03-06,588940.SH,富国上证科创板50成份ETF,20250603,上证科创板50成份指数,上证科创板50成份指数收益率,富国基金管理有限公司,中信银行股份有限公司,股票型ETF,规模指数ETF,000688.SH,,,,,,
2024-03-07,588940.SH,富国上证科创板50成份ETF,20250603,上证科创板50成份指数,上证科创板50成份指数收益率,富国基金管理有限公司,中信银行股份有限公司,股票型ETF,规模指数ETF,000688.SH,,,,,,
2024-03-08,588940.SH,富国上证科创板50成份ETF,20250603,上证科创板50成份指数,上证科创板50成份指数收益率,富国基金管理有限公司,中信银行股份有限公司,股票型ETF,规模指数ETF,000688.SH,,,,,,
2024-03-11,588940.SH,富国上证科创板50成份ETF,20250603,上证科创板50成份指数,上证科创板50成份指数收益率,富国基金管理有限公司,中信银行股份有限公司,股票型ETF,规模指数ETF,000688.SH,,,,,,
2024-03-12,588940.SH,富国上证科创板50成份ETF,20250603,上证科创板50成份指数,上证科创板50成份指数收益率,富国基金管理有限公司,中信银行股份有限公司,股票型ETF,规模指数ETF,000688.SH,,,,,,
2024-03-13,588940.SH,富国上证科创板50成份ETF,20250603,上证科创板50成份指数,上证科创板50成份指数收益率,富国基金管理有限公司,中信银行股份有限公司,股票型ETF,规模指数ETF,000688.SH,,,,,,
2024-03-14,588940.SH,富国上证科创板50成份ETF,20250603,上证科创板50成份指数,上证科创板50成份指数收益率,富国基金管理有限公司,中信银行股份有限公司,股票型ETF,规模指数ETF,000688.SH,,,,,,
2024-03-15,588940.SH,富国上证科创板50成份ETF,20250603,上证科创板50成份指数,上证科创板50成份指数收益率,富国基金管理有限公司,中信银行股份有限公司,股票型ETF,规模指数ETF,000688.SH,,,,,,
2024-03-18,588940.SH,富国上证科创板50成份ETF,20250603,上证科创板50成份指数,上证科创板50成份指数收益率,富国基金管理有限公司,中信银行股份有限公司,股票型ETF,规模指数ETF,000688.SH,,,,,,
2024-03-19,588940.SH,富国上证科创板50成份ETF,20250603,上证科创板50成份指数,上证科创板50成份指数收益率,富国基金管理有限公司,中信银行股份有限公司,股票型ETF,规模指数ETF,000688.SH,,,,,,
2024-03-20,588940.SH,富国上证科创板50成份ETF,20250603,上证科创板50成份指数,上证科创板50成份指数收益率,富国基金管理有限公司,中信银行股份有限公司,股票型ETF,规模指数ETF,000688.SH,,,,,,
2024-03-21,588940.SH,富国上证科创板50成份ETF,20250603,上证科创板50成份指数,上证科创板50成份指数收益率,富国基金管理有限公司,中信银行股份有限公司,股票型ETF,规模指数ETF,000688.SH,,,,,,
2024-03-22,588940.SH,富国上证科创板50成份ETF,20250603,上证科创板50成份指数,上证科创板50成份指数收益率,富国基金管理有限公司,中信银行股份有限公司,股票型ETF,规模指数ETF,000688.SH,,,,,,
2024-03-25,588940.SH,富国上证科创板50成份ETF,20250603,上证科创板50成份指数,上证科创板50成份指数收益率,富国基金管理有限公司,中信银行股份有限公司,股票型ETF,规模指数ETF,000688.SH,,,,,,
2024-03-26,588940.SH,富国上证科创板50成份ETF,20250603,上证科创板50成份指数,上证科创板50成份指数收益率,富国基金管理有限公司,中信银行股份有限公司,股票型ETF,规模指数ETF,000688.SH,,,,,,
2024-03-27,588940.SH,富国上证科创板50成份ETF,20250603,上证科创板50成份指数,上证科创板50成份指数收益率,富国基金管理有限公司,中信银行股份有限公司,股票型ETF,规模指数ETF,000688.SH,,,,,,
2024-03-28,588940.SH,富国上证科创板50成份ETF,20250603,上证科创板50成份指数,上证科创板50成份指数收益率,富国基金管理有限公司,中信银行股份有限公司,股票型ETF,规模指数ETF,000688.SH,,,,,,
2024-03-29,588940.SH,富国上证科创板50成份ETF,20250603,上证科创板50成份指数,上证科创板50成份指数收益率,富国基金管理有限公司,中信银行股份有限公司,股票型ETF,规模指数ETF,000688.SH,,,,,,
2024-04-01,588940.SH,富国上证科创板50成份ETF,20250603,上证科创板50成份指数,上证科创板50成份指数收益率,富国基金管理有限公司,中信银行股份有限公司,股票型ETF,规模指数ETF,000688.SH,,,,,,
2024-04-02,588940.SH,富国上证科创板50成份ETF,20250603,上证科创板50成份指数,上证科创板50成份指数收益率,富国基金管理有限公司,中信银行股份有限公司,股票型ETF,规模指数ETF,000688.SH,,,,,,
2024-04-03,588940.SH,富国上证科创板50成份ETF,20250603,上证科创板50成份指数,上证科创板50成份指数收益率,富国基金管理有限公司,中信银行股份有限公司,股票型ETF,规模指数ETF,000688.SH,,,,,,
2024-04-08,588940.SH,富国上证科创板50成份ETF,20250603,上证科创板50成份指数,上证科创板50成份指数收益率,富国基金管理有限公司,中信银行股份有限公司,股票型ETF,规模指数ETF,000688.SH,,,,,,
2024-04-09,588940.SH,富国上证科创板50成份ETF,20250603,上证科创板50成份指数,上证科创板50成份指数收益率,富国基金管理有限公司,中信银行股份有限公司,股票型ETF,规模指数ETF,000688.SH,,,,,,
2024-04-10,588940.SH,富国上证科创板50成份ETF,20250603,上证科创板50成份指数,上证科创板50成份指数收益率,富国基金管理有限公司,中信银行股份有限公司,股票型ETF,规模指数ETF,000688.SH,,,,,,
2024-04-11,588940.SH,富国上证科创板50成份ETF,20250603,上证科创板50成份指数,上证科创板50成份指数收益率,富国基金管理有限公司,中信银行股份有限公司,股票型ETF,规模指数ETF,000688.SH,,,,,,
2024-04-12,588940.SH,富国上证科创板50成份ETF,20250603,上证科创板50成份指数,上证科创板50成份指数收益率,富国基金管理有限公司,中信银行股份有限公司,股票型ETF,规模指数ETF,000688.SH,,,,,,
2024-04-15,588940.SH,富国上证科创板50成份ETF,20250603,上证科创板50成份指数,上证科创板50成份指数收益率,富国基金管理有限公司,中信银行股份有限公司,股票型ETF,规模指数ETF,000688.SH,,,,,,
2024-04-16,588940.SH,富国上证科创板50成份ETF,20250603,上证科创板50成份指数,上证科创板50成份指数收益率,富国基金管理有限公司,中信银行股份有限公司,股票型ETF,规模指数ETF,000688.SH,,,,,,
2024-04-17,588940.SH,富国上证科创板50成份ETF,20250603,上证科创板50成份指数,上证科创板50成份指数收益率,富国基金管理有限公司,中信银行股份有限公司,股票型ETF,规模指数ETF,000688.SH,,,,,,
2024-04-18,588940.SH,富国上证科创板50成份ETF,20250603,上证科创板50成份指数,上证科创板50成份指数收益率,富国基金管理有限公司,中信银行股份有限公司,股票型ETF,规模指数ETF,000688.SH,,,,,,
2024-04-19,588940.SH,富国上证科创板50成份ETF,20250603,上证科创板50成份指数,上证科创板50成份指数收益率,富国基金管理有限公司,中信银行股份有限公司,股票型ETF,规模指数ETF,000688.SH,,,,,,
2024-04-22,588940.SH,富国上证科创板50成份ETF,20250603,上证科创板50成份指数,上证科创板50成份指数收益率,富国基金管理有限公司,中信银行股份有限公司,股票型ETF,规模指数ETF,000688.SH,,,,,,
2024-04-23,588940.SH,富国上证科创板50成份ETF,20250603,上证科创板50成份指数,上证科创板50成份指数收益率,富国基金管理有限公司,中信银行股份有限公司,股票型ETF,规模指数ETF,000688.SH,,,,,,
2024-04-24,588940.SH,富国上证科创板50成份ETF,20250603,上证科创板50成份指数,上证科创板50成份指数收益率,富国基金管理有限公司,中信银行股份有限公司,股票型ETF,规模指数ETF,000688.SH,,,,,,
2024-04-25,588940.SH,富国上证科创板50成份ETF,20250603,上证科创板50成份指数,上证科创板50成份指数收益率,富国基金管理有限公司,中信银行股份有限公司,股票型ETF,规模指数ETF,000688.SH,,,,,,
2024-04-26,588940.SH,富国上证科创板50成份ETF,20250603,上证科创板50成份指数,上证科创板50成份指数收益率,富国基金管理有限公司,中信银行股份有限公司,股票型ETF,规模指数ETF,000688.SH,,,,,,
2024-04-29,588940.SH,富国上证科创板50成份ETF,20250603,上证科创板50成份指数,上证科创板50成份指数收益率,富国基金管理有限公司,中信银行股份有限公司,股票型ETF,规模指数ETF,000688.SH,,,,,,
2024-04-30,588940.SH,富国上证科创板50成份ETF,20250603,上证科创板50成份指数,上证科创板50成份指数收益率,富国基金管理有限公司,中信银行股份有限公司,股票型ETF,规模指数ETF,000688.SH,,,,,,
2024-05-06,588940.SH,富国上证科创板50成份ETF,20250603,上证科创板50成份指数,上证科创板50成份指数收益率,富国基金管理有限公司,中信银行股份有限公司,股票型ETF,规模指数ETF,000688.SH,,,,,,
2024-05-07,588940.SH,富国上证科创板50成份ETF,20250603,上证科创板50成份指数,上证科创板50成份指数收益率,富国基金管理有限公司,中信银行股份有限公司,股票型ETF,规模指数ETF,000688.SH,,,,,,
2024-05-08,588940.SH,富国上证科创板50成份ETF,20250603,上证科创板50成份指数,上证科创板50成份指数收益率,富国基金管理有限公司,中信银行股份有限公司,股票型ETF,规模指数ETF,000688.SH,,,,,,
2024-05-09,588940.SH,富国上证科创板50成份ETF,20250603,上证科创板50成份指数,上证科创板50成份指数收益率,富国基金管理有限公司,中信银行股份有限公司,股票型ETF,规模指数ETF,000688.SH,,,,,,
2024-05-10,588940.SH,富国上证科创板50成份ETF,20250603,上证科创板50成份指数,上证科创板50成份指数收益率,富国基金管理有限公司,中信银行股份有限公司,股票型ETF,规模指数ETF,000688.SH,,,,,,
2024-05-13,588940.SH,富国上证科创板50成份ETF,20250603,上证科创板50成份指数,上证科创板50成份指数收益率,富国基金管理有限公司,中信银行股份有限公司,股票型ETF,规模指数ETF,000688.SH,,,,,,
2024-05-14,588940.SH,富国上证科创板50成份ETF,20250603,上证科创板50成份指数,上证科创板50成份指数收益率,富国基金管理有限公司,中信银行股份有限公司,股票型ETF,规模指数ETF,000688.SH,,,,,,
2024-05-15,588940.SH,富国上证科创板50成份ETF,20250603,上证科创板50成份指数,上证科创板50成份指数收益率,富国基金管理有限公司,中信银行股份有限公司,股票型ETF,规模指数ETF,000688.SH,,,,,,
2024-05-16,588940.SH,富国上证科创板50成份ETF,20250603,上证科创板50成份指数,上证科创板50成份指数收益率,富国基金管理有限公司,中信银行股份有限公司,股票型ETF,规模指数ETF,000688.SH,,,,,,
2024-05-17,588940.SH,富国上证科创板50成份ETF,20250603,上证科创板50成份指数,上证科创板50成份指数收益率,富国基金管理有限公司,中信银行股份有限公司,股票型ETF,规模指数ETF,000688.SH,,,,,,
2024-05-20,588940.SH,富国上证科创板50成份ETF,20250603,上证科创板50成份指数,上证科创板50成份指数收益率,富国基金管理有限公司,中信银行股份有限公司,股票型ETF,规模指数ETF,000688.SH,,,,,,
2024-05-21,588940.SH,富国上证科创板50成份ETF,20250603,上证科创板50成份指数,上证科创板50成份指数收益率,富国基金管理有限公司,中信银行股份有限公司,股票型ETF,规模指数ETF,000688.SH,,,,,,
2024-05-22,588940.SH,富国上证科创板50成份ETF,20250603,上证科创板50成份指数,上证科创板50成份指数收益率,富国基金管理有限公司,中信银行股份有限公司,股票型ETF,规模指数ETF,000688.SH,,,,,,
2024-05-23,588940.SH,富国上证科创板50成份ETF,20250603,上证科创板50成份指数,上证科创板50成份指数收益率,富国基金管理有限公司,中信银行股份有限公司,股票型ETF,规模指数ETF,000688.SH,,,,,,
2024-05-24,588940.SH,富国上证科创板50成份ETF,20250603,上证科创板50成份指数,上证科创板50成份指数收益率,富国基金管理有限公司,中信银行股份有限公司,股票型ETF,规模指数ETF,000688.SH,,,,,,
2024-05-27,588940.SH,富国上证科创板50成份ETF,20250603,上证科创板50成份指数,上证科创板50成份指数收益率,富国基金管理有限公司,中信银行股份有限公司,股票型ETF,规模指数ETF,000688.SH,,,,,,
2024-05-28,588940.SH,富国上证科创板50成份ETF,20250603,上证科创板50成份指数,上证科创板50成份指数收益率,富国基金管理有限公司,中信银行股份有限公司,股票型ETF,规模指数ETF,000688.SH,,,,,,
2024-05-29,588940.SH,富国上证科创板50成份ETF,20250603,上证科创板50成份指数,上证科创板50成份指数收益率,富国基金管理有限公司,中信银行股份有限公司,股票型ETF,规模指数ETF,000688.SH,,,,,,
2024-05-30,588940.SH,富国上证科创板50成份ETF,20250603,上证科创板50成份指数,上证科创板50成份指数收益率,富国基金管理有限公司,中信银行股份有限公司,股票型ETF,规模指数ETF,000688.SH,,,,,,
2024-05-31,588940.SH,富国上证科创板50成份ETF,20250603,上证科创板50成份指数,上证科创板50成份指数收益率,富国基金管理有限公司,中信银行股份有限公司,股票型ETF,规模指数ETF,000688.SH,,,,,,
2024-06-03,588940.SH,富国上证科创板50成份ETF,20250603,上证科创板50成份指数,上证科创板50成份指数收益率,富国基金管理有限公司,中信银行股份有限公司,股票型ETF,规模指数ETF,000688.SH,,,,,,
2024-06-04,588940.SH,富国上证科创板50成份ETF,20250603,上证科创板50成份指数,上证科创板50成份指数收益率,富国基金管理有限公司,中信银行股份有限公司,股票型ETF,规模指数ETF,000688.SH,,,,,,
2024-06-05,588940.SH,富国上证科创板50成份ETF,20250603,上证科创板50成份指数,上证科创板50成份指数收益率,富国基金管理有限公司,中信银行股份有限公司,股票型ETF,规模指数ETF,000688.SH,,,,,,
2024-06-06,588940.SH,富国上证科创板50成份ETF,20250603,上证科创板50成份指数,上证科创板50成份指数收益率,富国基金管理有限公司,中信银行股份有限公司,股票型ETF,规模指数ETF,000688.SH,,,,,,
2024-06-07,588940.SH,富国上证科创板50成份ETF,20250603,上证科创板50成份指数,上证科创板50成份指数收益率,富国基金管理有限公司,中信银行股份有限公司,股票型ETF,规模指数ETF,000688.SH,,,,,,
2024-06-11,588940.SH,富国上证科创板50成份ETF,20250603,上证科创板50成份指数,上证科创板50成份指数收益率,富国基金管理有限公司,中信银行股份有限公司,股票型ETF,规模指数ETF,000688.SH,,,,,,
2024-06-12,588940.SH,富国上证科创板50成份ETF,20250603,上证科创板50成份指数,上证科创板50成份指数收益率,富国基金管理有限公司,中信银行股份有限公司,股票型ETF,规模指数ETF,000688.SH,,,,,,
2024-06-13,588940.SH,富国上证科创板50成份ETF,20250603,上证科创板50成份指数,上证科创板50成份指数收益率,富国基金管理有限公司,中信银行股份有限公司,股票型ETF,规模指数ETF,000688.SH,,,,,,
2024-06-14,588940.SH,富国上证科创板50成份ETF,20250603,上证科创板50成份指数,上证科创板50成份指数收益率,富国基金管理有限公司,中信银行股份有限公司,股票型ETF,规模指数ETF,000688.SH,,,,,,
2024-06-17,588940.SH,富国上证科创板50成份ETF,20250603,上证科创板50成份指数,上证科创板50成份指数收益率,富国基金管理有限公司,中信银行股份有限公司,股票型ETF,规模指数ETF,000688.SH,,,,,,
2024-06-18,588940.SH,富国上证科创板50成份ETF,20250603,上证科创板50成份指数,上证科创板50成份指数收益率,富国基金管理有限公司,中信银行股份有限公司,股票型ETF,规模指数ETF,000688.SH,,,,,,
2024-06-19,588940.SH,富国上证科创板50成份ETF,20250603,上证科创板50成份指数,上证科创板50成份指数收益率,富国基金管理有限公司,中信银行股份有限公司,股票型ETF,规模指数ETF,000688.SH,,,,,,
2024-06-20,588940.SH,富国上证科创板50成份ETF,20250603,上证科创板50成份指数,上证科创板50成份指数收益率,富国基金管理有限公司,中信银行股份有限公司,股票型ETF,规模指数ETF,000688.SH,,,,,,
2024-06-21,588940.SH,富国上证科创板50成份ETF,20250603,上证科创板50成份指数,上证科创板50成份指数收益率,富国基金管理有限公司,中信银行股份有限公司,股票型ETF,规模指数ETF,000688.SH,,,,,,
2024-06-24,588940.SH,富国上证科创板50成份ETF,20250603,上证科创板50成份指数,上证科创板50成份指数收益率,富国基金管理有限公司,中信银行股份有限公司,股票型ETF,规模指数ETF,000688.SH,,,,,,
2024-06-25,588940.SH,富国上证科创板50成份ETF,20250603,上证科创板50成份指数,上证科创板50成份指数收益率,富国基金管理有限公司,中信银行股份有限公司,股票型ETF,规模指数ETF,000688.SH,,,,,,
2024-06-26,588940.SH,富国上证科创板50成份ETF,20250603,上证科创板50成份指数,上证科创板50成份指数收益率,富国基金管理有限公司,中信银行股份有限公司,股票型ETF,规模指数ETF,000688.SH,,,,,,
2024-06-27,588940.SH,富国上证科创板50成份ETF,20250603,上证科创板50成份指数,上证科创板50成份指数收益率,富国基金管理有限公司,中信银行股份有限公司,股票型ETF,规模指数ETF,000688.SH,,,,,,
2024-06-28,588940.SH,富国上证科创板50成份ETF,20250603,上证科创板50成份指数,上证科创板50成份指数收益率,富国基金管理有限公司,中信银行股份有限公司,股票型ETF,规模指数ETF,000688.SH,,,,,,
2024-07-01,588940.SH,富国上证科创板50成份ETF,20250603,上证科创板50成份指数,上证科创板50成份指数收益率,富国基金管理有限公司,中信银行股份有限公司,股票型ETF,规模指数ETF,000688.SH,,,,,,
2024-07-02,588940.SH,富国上证科创板50成份ETF,20250603,上证科创板50成份指数,上证科创板50成份指数收益率,富国基金管理有限公司,中信银行股份有限公司,股票型ETF,规模指数ETF,000688.SH,,,,,,
2024-07-03,588940.SH,富国上证科创板50成份ETF,20250603,上证科创板50成份指数,上证科创板50成份指数收益率,富国基金管理有限公司,中信银行股份有限公司,股票型ETF,规模指数ETF,000688.SH,,,,,,
2024-07-04,588940.SH,富国上证科创板50成份ETF,20250603,上证科创板50成份指数,上证科创板50成份指数收益率,富国基金管理有限公司,中信银行股份有限公司,股票型ETF,规模指数ETF,000688.SH,,,,,,
2024-07-05,588940.SH,富国上证科创板50成份ETF,20250603,上证科创板50成份指数,上证科创板50成份指数收益率,富国基金管理有限公司,中信银行股份有限公司,股票型ETF,规模指数ETF,000688.SH,,,,,,
2024-07-08,588940.SH,富国上证科创板50成份ETF,20250603,上证科创板50成份指数,上证科创板50成份指数收益率,富国基金管理有限公司,中信银行股份有限公司,股票型ETF,规模指数ETF,000688.SH,,,,,,
2024-07-09,588940.SH,富国上证科创板50成份ETF,20250603,上证科创板50成份指数,上证科创板50成份指数收益率,富国基金管理有限公司,中信银行股份有限公司,股票型ETF,规模指数ETF,000688.SH,,,,,,
2024-07-10,588940.SH,富国上证科创板50成份ETF,20250603,上证科创板50成份指数,上证科创板50成份指数收益率,富国基金管理有限公司,中信银行股份有限公司,股票型ETF,规模指数ETF,000688.SH,,,,,,
2024-07-11,588940.SH,富国上证科创板50成份ETF,20250603,上证科创板50成份指数,上证科创板50成份指数收益率,富国基金管理有限公司,中信银行股份有限公司,股票型ETF,规模指数ETF,000688.SH,,,,,,
2024-07-12,588940.SH,富国上证科创板50成份ETF,20250603,上证科创板50成份指数,上证科创板50成份指数收益率,富国基金管理有限公司,中信银行股份有限公司,股票型ETF,规模指数ETF,000688.SH,,,,,,
2024-07-15,588940.SH,富国上证科创板50成份ETF,20250603,上证科创板50成份指数,上证科创板50成份指数收益率,富国基金管理有限公司,中信银行股份有限公司,股票型ETF,规模指数ETF,000688.SH,,,,,,
2024-07-16,588940.SH,富国上证科创板50成份ETF,20250603,上证科创板50成份指数,上证科创板50成份指数收益率,富国基金管理有限公司,中信银行股份有限公司,股票型ETF,规模指数ETF,000688.SH,,,,,,
2024-07-17,588940.SH,富国上证科创板50成份ETF,20250603,上证科创板50成份指数,上证科创板50成份指数收益率,富国基金管理有限公司,中信银行股份有限公司,股票型ETF,规模指数ETF,000688.SH,,,,,,
2024-07-18,588940.SH,富国上证科创板50成份ETF,20250603,上证科创板50成份指数,上证科创板50成份指数收益率,富国基金管理有限公司,中信银行股份有限公司,股票型ETF,规模指数ETF,000688.SH,,,,,,
2024-07-19,588940.SH,富国上证科创板50成份ETF,20250603,上证科创板50成份指数,上证科创板50成份指数收益率,富国基金管理有限公司,中信银行股份有限公司,股票型ETF,规模指数ETF,000688.SH,,,,,,
2024-07-22,588940.SH,富国上证科创板50成份ETF,20250603,上证科创板50成份指数,上证科创板50成份指数收益率,富国基金管理有限公司,中信银行股份有限公司,股票型ETF,规模指数ETF,000688.SH,,,,,,
2024-07-23,588940.SH,富国上证科创板50成份ETF,20250603,上证科创板50成份指数,上证科创板50成份指数收益率,富国基金管理有限公司,中信银行股份有限公司,股票型ETF,规模指数ETF,000688.SH,,,,,,
2024-07-24,588940.SH,富国上证科创板50成份ETF,20250603,上证科创板50成份指数,上证科创板50成份指数收益率,富国基金管理有限公司,中信银行股份有限公司,股票型ETF,规模指数ETF,000688.SH,,,,,,
2024-07-25,588940.SH,富国上证科创板50成份ETF,20250603,上证科创板50成份指数,上证科创板50成份指数收益率,富国基金管理有限公司,中信银行股份有限公司,股票型ETF,规模指数ETF,000688.SH,,,,,,
2024-07-26,588940.SH,富国上证科创板50成份ETF,20250603,上证科创板50成份指数,上证科创板50成份指数收益率,富国基金管理有限公司,中信银行股份有限公司,股票型ETF,规模指数ETF,000688.SH,,,,,,
2024-07-29,588940.SH,富国上证科创板50成份ETF,20250603,上证科创板50成份指数,上证科创板50成份指数收益率,富国基金管理有限公司,中信银行股份有限公司,股票型ETF,规模指数ETF,000688.SH,,,,,,
2024-07-30,588940.SH,富国上证科创板50成份ETF,20250603,上证科创板50成份指数,上证科创板50成份指数收益率,富国基金管理有限公司,中信银行股份有限公司,股票型ETF,规模指数ETF,000688.SH,,,,,,
2024-07-31,588940.SH,富国上证科创板50成份ETF,20250603,上证科创板50成份指数,上证科创板50成份指数收益率,富国基金管理有限公司,中信银行股份有限公司,股票型ETF,规模指数ETF,000688.SH,,,,,,
2024-08-01,588940.SH,富国上证科创板50成份ETF,20250603,上证科创板50成份指数,上证科创板50成份指数收益率,富国基金管理有限公司,中信银行股份有限公司,股票型ETF,规模指数ETF,000688.SH,,,,,,
2024-08-02,588940.SH,富国上证科创板50成份ETF,20250603,上证科创板50成份指数,上证科创板50成份指数收益率,富国基金管理有限公司,中信银行股份有限公司,股票型ETF,规模指数ETF,000688.SH,,,,,,
2024-08-05,588940.SH,富国上证科创板50成份ETF,20250603,上证科创板50成份指数,上证科创板50成份指数收益率,富国基金管理有限公司,中信银行股份有限公司,股票型ETF,规模指数ETF,000688.SH,,,,,,
2024-08-06,588940.SH,富国上证科创板50成份ETF,20250603,上证科创板50成份指数,上证科创板50成份指数收益率,富国基金管理有限公司,中信银行股份有限公司,股票型ETF,规模指数ETF,000688.SH,,,,,,
2024-08-07,588940.SH,富国上证科创板50成份ETF,20250603,上证科创板50成份指数,上证科创板50成份指数收益率,富国基金管理有限公司,中信银行股份有限公司,股票型ETF,规模指数ETF,000688.SH,,,,,,
2024-08-08,588940.SH,富国上证科创板50成份ETF,20250603,上证科创板50成份指数,上证科创板50成份指数收益率,富国基金管理有限公司,中信银行股份有限公司,股票型ETF,规模指数ETF,000688.SH,,,,,,
2024-08-09,588940.SH,富国上证科创板50成份ETF,20250603,上证科创板50成份指数,上证科创板50成份指数收益率,富国基金管理有限公司,中信银行股份有限公司,股票型ETF,规模指数ETF,000688.SH,,,,,,
2024-08-12,588940.SH,富国上证科创板50成份ETF,20250603,上证科创板50成份指数,上证科创板50成份指数收益率,富国基金管理有限公司,中信银行股份有限公司,股票型ETF,规模指数ETF,000688.SH,,,,,,
2024-08-13,588940.SH,富国上证科创板50成份ETF,20250603,上证科创板50成份指数,上证科创板50成份指数收益率,富国基金管理有限公司,中信银行股份有限公司,股票型ETF,规模指数ETF,000688.SH,,,,,,
2024-08-14,588940.SH,富国上证科创板50成份ETF,20250603,上证科创板50成份指数,上证科创板50成份指数收益率,富国基金管理有限公司,中信银行股份有限公司,股票型ETF,规模指数ETF,000688.SH,,,,,,
2024-08-15,588940.SH,富国上证科创板50成份ETF,20250603,上证科创板50成份指数,上证科创板50成份指数收益率,富国基金管理有限公司,中信银行股份有限公司,股票型ETF,规模指数ETF,000688.SH,,,,,,
2024-08-16,588940.SH,富国上证科创板50成份ETF,20250603,上证科创板50成份指数,上证科创板50成份指数收益率,富国基金管理有限公司,中信银行股份有限公司,股票型ETF,规模指数ETF,000688.SH,,,,,,
2024-08-19,588940.SH,富国上证科创板50成份ETF,20250603,上证科创板50成份指数,上证科创板50成份指数收益率,富国基金管理有限公司,中信银行股份有限公司,股票型ETF,规模指数ETF,000688.SH,,,,,,
2024-08-20,588940.SH,富国上证科创板50成份ETF,20250603,上证科创板50成份指数,上证科创板50成份指数收益率,富国基金管理有限公司,中信银行股份有限公司,股票型ETF,规模指数ETF,000688.SH,,,,,,
2024-08-21,588940.SH,富国上证科创板50成份ETF,20250603,上证科创板50成份指数,上证科创板50成份指数收益率,富国基金管理有限公司,中信银行股份有限公司,股票型ETF,规模指数ETF,000688.SH,,,,,,
2024-08-22,588940.SH,富国上证科创板50成份ETF,20250603,上证科创板50成份指数,上证科创板50成份指数收益率,富国基金管理有限公司,中信银行股份有限公司,股票型ETF,规模指数ETF,000688.SH,,,,,,
2024-08-23,588940.SH,富国上证科创板50成份ETF,20250603,上证科创板50成份指数,上证科创板50成份指数收益率,富国基金管理有限公司,中信银行股份有限公司,股票型ETF,规模指数ETF,000688.SH,,,,,,
2024-08-26,588940.SH,富国上证科创板50成份ETF,20250603,上证科创板50成份指数,上证科创板50成份指数收益率,富国基金管理有限公司,中信银行股份有限公司,股票型ETF,规模指数ETF,000688.SH,,,,,,
2024-08-27,588940.SH,富国上证科创板50成份ETF,20250603,上证科创板50成份指数,上证科创板50成份指数收益率,富国基金管理有限公司,中信银行股份有限公司,股票型ETF,规模指数ETF,000688.SH,,,,,,
2024-08-28,588940.SH,富国上证科创板50成份ETF,20250603,上证科创板50成份指数,上证科创板50成份指数收益率,富国基金管理有限公司,中信银行股份有限公司,股票型ETF,规模指数ETF,000688.SH,,,,,,
2024-08-29,588940.SH,富国上证科创板50成份ETF,20250603,上证科创板50成份指数,上证科创板50成份指数收益率,富国基金管理有限公司,中信银行股份有限公司,股票型ETF,规模指数ETF,000688.SH,,,,,,
2024-08-30,588940.SH,富国上证科创板50成份ETF,20250603,上证科创板50成份指数,上证科创板50成份指数收益率,富国基金管理有限公司,中信银行股份有限公司,股票型ETF,规模指数ETF,000688.SH,,,,,,
2024-09-02,588940.SH,富国上证科创板50成份ETF,20250603,上证科创板50成份指数,上证科创板50成份指数收益率,富国基金管理有限公司,中信银行股份有限公司,股票型ETF,规模指数ETF,000688.SH,,,,,,
2024-09-03,588940.SH,富国上证科创板50成份ETF,20250603,上证科创板50成份指数,上证科创板50成份指数收益率,富国基金管理有限公司,中信银行股份有限公司,股票型ETF,规模指数ETF,000688.SH,,,,,,
2024-09-04,588940.SH,富国上证科创板50成份ETF,20250603,上证科创板50成份指数,上证科创板50成份指数收益率,富国基金管理有限公司,中信银行股份有限公司,股票型ETF,规模指数ETF,000688.SH,,,,,,
2024-09-05,588940.SH,富国上证科创板50成份ETF,20250603,上证科创板50成份指数,上证科创板50成份指数收益率,富国基金管理有限公司,中信银行股份有限公司,股票型ETF,规模指数ETF,000688.SH,,,,,,
2024-09-06,588940.SH,富国上证科创板50成份ETF,20250603,上证科创板50成份指数,上证科创板50成份指数收益率,富国基金管理有限公司,中信银行股份有限公司,股票型ETF,规模指数ETF,000688.SH,,,,,,
2024-09-09,588940.SH,富国上证科创板50成份ETF,20250603,上证科创板50成份指数,上证科创板50成份指数收益率,富国基金管理有限公司,中信银行股份有限公司,股票型ETF,规模指数ETF,000688.SH,,,,,,
2024-09-10,588940.SH,富国上证科创板50成份ETF,20250603,上证科创板50成份指数,上证科创板50成份指数收益率,富国基金管理有限公司,中信银行股份有限公司,股票型ETF,规模指数ETF,000688.SH,,,,,,
2024-09-11,588940.SH,富国上证科创板50成份ETF,20250603,上证科创板50成份指数,上证科创板50成份指数收益率,富国基金管理有限公司,中信银行股份有限公司,股票型ETF,规模指数ETF,000688.SH,,,,,,
2024-09-12,588940.SH,富国上证科创板50成份ETF,20250603,上证科创板50成份指数,上证科创板50成份指数收益率,富国基金管理有限公司,中信银行股份有限公司,股票型ETF,规模指数ETF,000688.SH,,,,,,
2024-09-13,588940.SH,富国上证科创板50成份ETF,20250603,上证科创板50成份指数,上证科创板50成份指数收益率,富国基金管理有限公司,中信银行股份有限公司,股票型ETF,规模指数ETF,000688.SH,,,,,,
2024-09-18,588940.SH,富国上证科创板50成份ETF,20250603,上证科创板50成份指数,上证科创板50成份指数收益率,富国基金管理有限公司,中信银行股份有限公司,股票型ETF,规模指数ETF,000688.SH,,,,,,
2024-09-19,588940.SH,富国上证科创板50成份ETF,20250603,上证科创板50成份指数,上证科创板50成份指数收益率,富国基金管理有限公司,中信银行股份有限公司,股票型ETF,规模指数ETF,000688.SH,,,,,,
2024-09-20,588940.SH,富国上证科创板50成份ETF,20250603,上证科创板50成份指数,上证科创板50成份指数收益率,富国基金管理有限公司,中信银行股份有限公司,股票型ETF,规模指数ETF,000688.SH,,,,,,
2024-09-23,588940.SH,富国上证科创板50成份ETF,20250603,上证科创板50成份指数,上证科创板50成份指数收益率,富国基金管理有限公司,中信银行股份有限公司,股票型ETF,规模指数ETF,000688.SH,,,,,,
2024-09-24,588940.SH,富国上证科创板50成份ETF,20250603,上证科创板50成份指数,上证科创板50成份指数收益率,富国基金管理有限公司,中信银行股份有限公司,股票型ETF,规模指数ETF,000688.SH,,,,,,
2024-09-25,588940.SH,富国上证科创板50成份ETF,20250603,上证科创板50成份指数,上证科创板50成份指数收益率,富国基金管理有限公司,中信银行股份有限公司,股票型ETF,规模指数ETF,000688.SH,,,,,,
2024-09-26,588940.SH,富国上证科创板50成份ETF,20250603,上证科创板50成份指数,上证科创板50成份指数收益率,富国基金管理有限公司,中信银行股份有限公司,股票型ETF,规模指数ETF,000688.SH,,,,,,
2024-09-27,588940.SH,富国上证科创板50成份ETF,20250603,上证科创板50成份指数,上证科创板50成份指数收益率,富国基金管理有限公司,中信银行股份有限公司,股票型ETF,规模指数ETF,000688.SH,,,,,,
2024-09-30,588940.SH,富国上证科创板50成份ETF,20250603,上证科创板50成份指数,上证科创板50成份指数收益率,富国基金管理有限公司,中信银行股份有限公司,股票型ETF,规模指数ETF,000688.SH,,,,,,
2024-10-08,588940.SH,富国上证科创板50成份ETF,20250603,上证科创板50成份指数,上证科创板50成份指数收益率,富国基金管理有限公司,中信银行股份有限公司,股票型ETF,规模指数ETF,000688.SH,,,,,,
2024-10-09,588940.SH,富国上证科创板50成份ETF,20250603,上证科创板50成份指数,上证科创板50成份指数收益率,富国基金管理有限公司,中信银行股份有限公司,股票型ETF,规模指数ETF,000688.SH,,,,,,
2024-10-10,588940.SH,富国上证科创板50成份ETF,20250603,上证科创板50成份指数,上证科创板50成份指数收益率,富国基金管理有限公司,中信银行股份有限公司,股票型ETF,规模指数ETF,000688.SH,,,,,,
2024-10-11,588940.SH,富国上证科创板50成份ETF,20250603,上证科创板50成份指数,上证科创板50成份指数收益率,富国基金管理有限公司,中信银行股份有限公司,股票型ETF,规模指数ETF,000688.SH,,,,,,
2024-10-14,588940.SH,富国上证科创板50成份ETF,20250603,上证科创板50成份指数,上证科创板50成份指数收益率,富国基金管理有限公司,中信银行股份有限公司,股票型ETF,规模指数ETF,000688.SH,,,,,,
2024-10-15,588940.SH,富国上证科创板50成份ETF,20250603,上证科创板50成份指数,上证科创板50成份指数收益率,富国基金管理有限公司,中信银行股份有限公司,股票型ETF,规模指数ETF,000688.SH,,,,,,
2024-10-16,588940.SH,富国上证科创板50成份ETF,20250603,上证科创板50成份指数,上证科创板50成份指数收益率,富国基金管理有限公司,中信银行股份有限公司,股票型ETF,规模指数ETF,000688.SH,,,,,,
2024-10-17,588940.SH,富国上证科创板50成份ETF,20250603,上证科创板50成份指数,上证科创板50成份指数收益率,富国基金管理有限公司,中信银行股份有限公司,股票型ETF,规模指数ETF,000688.SH,,,,,,
2024-10-18,588940.SH,富国上证科创板50成份ETF,20250603,上证科创板50成份指数,上证科创板50成份指数收益率,富国基金管理有限公司,中信银行股份有限公司,股票型ETF,规模指数ETF,000688.SH,,,,,,
2024-10-21,588940.SH,富国上证科创板50成份ETF,20250603,上证科创板50成份指数,上证科创板50成份指数收益率,富国基金管理有限公司,中信银行股份有限公司,股票型ETF,规模指数ETF,000688.SH,,,,,,
2024-10-22,588940.SH,富国上证科创板50成份ETF,20250603,上证科创板50成份指数,上证科创板50成份指数收益率,富国基金管理有限公司,中信银行股份有限公司,股票型ETF,规模指数ETF,000688.SH,,,,,,
2024-10-23,588940.SH,富国上证科创板50成份ETF,20250603,上证科创板50成份指数,上证科创板50成份指数收益率,富国基金管理有限公司,中信银行股份有限公司,股票型ETF,规模指数ETF,000688.SH,,,,,,
2024-10-24,588940.SH,富国上证科创板50成份ETF,20250603,上证科创板50成份指数,上证科创板50成份指数收益率,富国基金管理有限公司,中信银行股份有限公司,股票型ETF,规模指数ETF,000688.SH,,,,,,
2024-10-25,588940.SH,富国上证科创板50成份ETF,20250603,上证科创板50成份指数,上证科创板50成份指数收益率,富国基金管理有限公司,中信银行股份有限公司,股票型ETF,规模指数ETF,000688.SH,,,,,,
2024-10-28,588940.SH,富国上证科创板50成份ETF,20250603,上证科创板50成份指数,上证科创板50成份指数收益率,富国基金管理有限公司,中信银行股份有限公司,股票型ETF,规模指数ETF,000688.SH,,,,,,
2024-10-29,588940.SH,富国上证科创板50成份ETF,20250603,上证科创板50成份指数,上证科创板50成份指数收益率,富国基金管理有限公司,中信银行股份有限公司,股票型ETF,规模指数ETF,000688.SH,,,,,,
2024-10-30,588940.SH,富国上证科创板50成份ETF,20250603,上证科创板50成份指数,上证科创板50成份指数收益率,富国基金管理有限公司,中信银行股份有限公司,股票型ETF,规模指数ETF,000688.SH,,,,,,
2024-10-31,588940.SH,富国上证科创板50成份ETF,20250603,上证科创板50成份指数,上证科创板50成份指数收益率,富国基金管理有限公司,中信银行股份有限公司,股票型ETF,规模指数ETF,000688.SH,,,,,,
2024-11-01,588940.SH,富国上证科创板50成份ETF,20250603,上证科创板50成份指数,上证科创板50成份指数收益率,富国基金管理有限公司,中信银行股份有限公司,股票型ETF,规模指数ETF,000688.SH,,,,,,
2024-11-04,588940.SH,富国上证科创板50成份ETF,20250603,上证科创板50成份指数,上证科创板50成份指数收益率,富国基金管理有限公司,中信银行股份有限公司,股票型ETF,规模指数ETF,000688.SH,,,,,,
2024-11-05,588940.SH,富国上证科创板50成份ETF,20250603,上证科创板50成份指数,上证科创板50成份指数收益率,富国基金管理有限公司,中信银行股份有限公司,股票型ETF,规模指数ETF,000688.SH,,,,,,
2024-11-06,588940.SH,富国上证科创板50成份ETF,20250603,上证科创板50成份指数,上证科创板50成份指数收益率,富国基金管理有限公司,中信银行股份有限公司,股票型ETF,规模指数ETF,000688.SH,,,,,,
2024-11-07,588940.SH,富国上证科创板50成份ETF,20250603,上证科创板50成份指数,上证科创板50成份指数收益率,富国基金管理有限公司,中信银行股份有限公司,股票型ETF,规模指数ETF,000688.SH,,,,,,
2024-11-08,588940.SH,富国上证科创板50成份ETF,20250603,上证科创板50成份指数,上证科创板50成份指数收益率,富国基金管理有限公司,中信银行股份有限公司,股票型ETF,规模指数ETF,000688.SH,,,,,,
2024-11-11,588940.SH,富国上证科创板50成份ETF,20250603,上证科创板50成份指数,上证科创板50成份指数收益率,富国基金管理有限公司,中信银行股份有限公司,股票型ETF,规模指数ETF,000688.SH,,,,,,
2024-11-12,588940.SH,富国上证科创板50成份ETF,20250603,上证科创板50成份指数,上证科创板50成份指数收益率,富国基金管理有限公司,中信银行股份有限公司,股票型ETF,规模指数ETF,000688.SH,,,,,,
2024-11-13,588940.SH,富国上证科创板50成份ETF,20250603,上证科创板50成份指数,上证科创板50成份指数收益率,富国基金管理有限公司,中信银行股份有限公司,股票型ETF,规模指数ETF,000688.SH,,,,,,
2024-11-14,588940.SH,富国上证科创板50成份ETF,20250603,上证科创板50成份指数,上证科创板50成份指数收益率,富国基金管理有限公司,中信银行股份有限公司,股票型ETF,规模指数ETF,000688.SH,,,,,,
2024-11-15,588940.SH,富国上证科创板50成份ETF,20250603,上证科创板50成份指数,上证科创板50成份指数收益率,富国基金管理有限公司,中信银行股份有限公司,股票型ETF,规模指数ETF,000688.SH,,,,,,
2024-11-18,588940.SH,富国上证科创板50成份ETF,20250603,上证科创板50成份指数,上证科创板50成份指数收益率,富国基金管理有限公司,中信银行股份有限公司,股票型ETF,规模指数ETF,000688.SH,,,,,,
2024-11-19,588940.SH,富国上证科创板50成份ETF,20250603,上证科创板50成份指数,上证科创板50成份指数收益率,富国基金管理有限公司,中信银行股份有限公司,股票型ETF,规模指数ETF,000688.SH,,,,,,
2024-11-20,588940.SH,富国上证科创板50成份ETF,20250603,上证科创板50成份指数,上证科创板50成份指数收益率,富国基金管理有限公司,中信银行股份有限公司,股票型ETF,规模指数ETF,000688.SH,,,,,,
2024-11-21,588940.SH,富国上证科创板50成份ETF,20250603,上证科创板50成份指数,上证科创板50成份指数收益率,富国基金管理有限公司,中信银行股份有限公司,股票型ETF,规模指数ETF,000688.SH,,,,,,
2024-11-22,588940.SH,富国上证科创板50成份ETF,20250603,上证科创板50成份指数,上证科创板50成份指数收益率,富国基金管理有限公司,中信银行股份有限公司,股票型ETF,规模指数ETF,000688.SH,,,,,,
2024-11-25,588940.SH,富国上证科创板50成份ETF,20250603,上证科创板50成份指数,上证科创板50成份指数收益率,富国基金管理有限公司,中信银行股份有限公司,股票型ETF,规模指数ETF,000688.SH,,,,,,
2024-11-26,588940.SH,富国上证科创板50成份ETF,20250603,上证科创板50成份指数,上证科创板50成份指数收益率,富国基金管理有限公司,中信银行股份有限公司,股票型ETF,规模指数ETF,000688.SH,,,,,,
2024-11-27,588940.SH,富国上证科创板50成份ETF,20250603,上证科创板50成份指数,上证科创板50成份指数收益率,富国基金管理有限公司,中信银行股份有限公司,股票型ETF,规模指数ETF,000688.SH,,,,,,
2024-11-28,588940.SH,富国上证科创板50成份ETF,20250603,上证科创板50成份指数,上证科创板50成份指数收益率,富国基金管理有限公司,中信银行股份有限公司,股票型ETF,规模指数ETF,000688.SH,,,,,,
2024-11-29,588940.SH,富国上证科创板50成份ETF,20250603,上证科创板50成份指数,上证科创板50成份指数收益率,富国基金管理有限公司,中信银行股份有限公司,股票型ETF,规模指数ETF,000688.SH,,,,,,
2024-12-02,588940.SH,富国上证科创板50成份ETF,20250603,上证科创板50成份指数,上证科创板50成份指数收益率,富国基金管理有限公司,中信银行股份有限公司,股票型ETF,规模指数ETF,000688.SH,,,,,,
2024-12-03,588940.SH,富国上证科创板50成份ETF,20250603,上证科创板50成份指数,上证科创板50成份指数收益率,富国基金管理有限公司,中信银行股份有限公司,股票型ETF,规模指数ETF,000688.SH,,,,,,
2024-12-04,588940.SH,富国上证科创板50成份ETF,20250603,上证科创板50成份指数,上证科创板50成份指数收益率,富国基金管理有限公司,中信银行股份有限公司,股票型ETF,规模指数ETF,000688.SH,,,,,,
2024-12-05,588940.SH,富国上证科创板50成份ETF,20250603,上证科创板50成份指数,上证科创板50成份指数收益率,富国基金管理有限公司,中信银行股份有限公司,股票型ETF,规模指数ETF,000688.SH,,,,,,
2024-12-06,588940.SH,富国上证科创板50成份ETF,20250603,上证科创板50成份指数,上证科创板50成份指数收益率,富国基金管理有限公司,中信银行股份有限公司,股票型ETF,规模指数ETF,000688.SH,,,,,,
2024-12-09,588940.SH,富国上证科创板50成份ETF,20250603,上证科创板50成份指数,上证科创板50成份指数收益率,富国基金管理有限公司,中信银行股份有限公司,股票型ETF,规模指数ETF,000688.SH,,,,,,
2024-12-10,588940.SH,富国上证科创板50成份ETF,20250603,上证科创板50成份指数,上证科创板50成份指数收益率,富国基金管理有限公司,中信银行股份有限公司,股票型ETF,规模指数ETF,000688.SH,,,,,,
2024-12-11,588940.SH,富国上证科创板50成份ETF,20250603,上证科创板50成份指数,上证科创板50成份指数收益率,富国基金管理有限公司,中信银行股份有限公司,股票型ETF,规模指数ETF,000688.SH,,,,,,
2024-12-12,588940.SH,富国上证科创板50成份ETF,20250603,上证科创板50成份指数,上证科创板50成份指数收益率,富国基金管理有限公司,中信银行股份有限公司,股票型ETF,规模指数ETF,000688.SH,,,,,,
2024-12-13,588940.SH,富国上证科创板50成份ETF,20250603,上证科创板50成份指数,上证科创板50成份指数收益率,富国基金管理有限公司,中信银行股份有限公司,股票型ETF,规模指数ETF,000688.SH,,,,,,
2024-12-16,588940.SH,富国上证科创板50成份ETF,20250603,上证科创板50成份指数,上证科创板50成份指数收益率,富国基金管理有限公司,中信银行股份有限公司,股票型ETF,规模指数ETF,000688.SH,,,,,,
2024-12-17,588940.SH,富国上证科创板50成份ETF,20250603,上证科创板50成份指数,上证科创板50成份指数收益率,富国基金管理有限公司,中信银行股份有限公司,股票型ETF,规模指数ETF,000688.SH,,,,,,
2024-12-18,588940.SH,富国上证科创板50成份ETF,20250603,上证科创板50成份指数,上证科创板50成份指数收益率,富国基金管理有限公司,中信银行股份有限公司,股票型ETF,规模指数ETF,000688.SH,,,,,,
2024-12-19,588940.SH,富国上证科创板50成份ETF,20250603,上证科创板50成份指数,上证科创板50成份指数收益率,富国基金管理有限公司,中信银行股份有限公司,股票型ETF,规模指数ETF,000688.SH,,,,,,
2024-12-20,588940.SH,富国上证科创板50成份ETF,20250603,上证科创板50成份指数,上证科创板50成份指数收益率,富国基金管理有限公司,中信银行股份有限公司,股票型ETF,规模指数ETF,000688.SH,,,,,,
2024-12-23,588940.SH,富国上证科创板50成份ETF,20250603,上证科创板50成份指数,上证科创板50成份指数收益率,富国基金管理有限公司,中信银行股份有限公司,股票型ETF,规模指数ETF,000688.SH,,,,,,
2024-12-24,588940.SH,富国上证科创板50成份ETF,20250603,上证科创板50成份指数,上证科创板50成份指数收益率,富国基金管理有限公司,中信银行股份有限公司,股票型ETF,规模指数ETF,000688.SH,,,,,,
2024-12-25,588940.SH,富国上证科创板50成份ETF,20250603,上证科创板50成份指数,上证科创板50成份指数收益率,富国基金管理有限公司,中信银行股份有限公司,股票型ETF,规模指数ETF,000688.SH,,,,,,
2024-12-26,588940.SH,富国上证科创板50成份ETF,20250603,上证科创板50成份指数,上证科创板50成份指数收益率,富国基金管理有限公司,中信银行股份有限公司,股票型ETF,规模指数ETF,000688.SH,,,,,,
2024-12-27,588940.SH,富国上证科创板50成份ETF,20250603,上证科创板50成份指数,上证科创板50成份指数收益率,富国基金管理有限公司,中信银行股份有限公司,股票型ETF,规模指数ETF,000688.SH,,,,,,
2024-12-30,588940.SH,富国上证科创板50成份ETF,20250603,上证科创板50成份指数,上证科创板50成份指数收益率,富国基金管理有限公司,中信银行股份有限公司,股票型ETF,规模指数ETF,000688.SH,,,,,,
2024-12-31,588940.SH,富国上证科创板50成份ETF,20250603,上证科创板50成份指数,上证科创板50成份指数收益率,富国基金管理有限公司,中信银行股份有限公司,股票型ETF,规模指数ETF,000688.SH,,,,,,
2025-01-02,588940.SH,富国上证科创板50成份ETF,20250603,上证科创板50成份指数,上证科创板50成份指数收益率,富国基金管理有限公司,中信银行股份有限公司,股票型ETF,规模指数ETF,000688.SH,,,,,,
2025-01-03,588940.SH,富国上证科创板50成份ETF,20250603,上证科创板50成份指数,上证科创板50成份指数收益率,富国基金管理有限公司,中信银行股份有限公司,股票型ETF,规模指数ETF,000688.SH,,,,,,
2025-01-06,588940.SH,富国上证科创板50成份ETF,20250603,上证科创板50成份指数,上证科创板50成份指数收益率,富国基金管理有限公司,中信银行股份有限公司,股票型ETF,规模指数ETF,000688.SH,,,,,,
2025-01-07,588940.SH,富国上证科创板50成份ETF,20250603,上证科创板50成份指数,上证科创板50成份指数收益率,富国基金管理有限公司,中信银行股份有限公司,股票型ETF,规模指数ETF,000688.SH,,,,,,
2025-01-08,588940.SH,富国上证科创板50成份ETF,20250603,上证科创板50成份指数,上证科创板50成份指数收益率,富国基金管理有限公司,中信银行股份有限公司,股票型ETF,规模指数ETF,000688.SH,,,,,,
2025-01-09,588940.SH,富国上证科创板50成份ETF,20250603,上证科创板50成份指数,上证科创板50成份指数收益率,富国基金管理有限公司,中信银行股份有限公司,股票型ETF,规模指数ETF,000688.SH,,,,,,
2025-01-10,588940.SH,富国上证科创板50成份ETF,20250603,上证科创板50成份指数,上证科创板50成份指数收益率,富国基金管理有限公司,中信银行股份有限公司,股票型ETF,规模指数ETF,000688.SH,,,,,,
2025-01-13,588940.SH,富国上证科创板50成份ETF,20250603,上证科创板50成份指数,上证科创板50成份指数收益率,富国基金管理有限公司,中信银行股份有限公司,股票型ETF,规模指数ETF,000688.SH,,,,,,
2025-01-14,588940.SH,富国上证科创板50成份ETF,20250603,上证科创板50成份指数,上证科创板50成份指数收益率,富国基金管理有限公司,中信银行股份有限公司,股票型ETF,规模指数ETF,000688.SH,,,,,,
2025-01-15,588940.SH,富国上证科创板50成份ETF,20250603,上证科创板50成份指数,上证科创板50成份指数收益率,富国基金管理有限公司,中信银行股份有限公司,股票型ETF,规模指数ETF,000688.SH,,,,,,
2025-01-16,588940.SH,富国上证科创板50成份ETF,20250603,上证科创板50成份指数,上证科创板50成份指数收益率,富国基金管理有限公司,中信银行股份有限公司,股票型ETF,规模指数ETF,000688.SH,,,,,,
2025-01-17,588940.SH,富国上证科创板50成份ETF,20250603,上证科创板50成份指数,上证科创板50成份指数收益率,富国基金管理有限公司,中信银行股份有限公司,股票型ETF,规模指数ETF,000688.SH,,,,,,
2025-01-20,588940.SH,富国上证科创板50成份ETF,20250603,上证科创板50成份指数,上证科创板50成份指数收益率,富国基金管理有限公司,中信银行股份有限公司,股票型ETF,规模指数ETF,000688.SH,,,,,,
2025-01-21,588940.SH,富国上证科创板50成份ETF,20250603,上证科创板50成份指数,上证科创板50成份指数收益率,富国基金管理有限公司,中信银行股份有限公司,股票型ETF,规模指数ETF,000688.SH,,,,,,
2025-01-22,588940.SH,富国上证科创板50成份ETF,20250603,上证科创板50成份指数,上证科创板50成份指数收益率,富国基金管理有限公司,中信银行股份有限公司,股票型ETF,规模指数ETF,000688.SH,,,,,,
2025-01-23,588940.SH,富国上证科创板50成份ETF,20250603,上证科创板50成份指数,上证科创板50成份指数收益率,富国基金管理有限公司,中信银行股份有限公司,股票型ETF,规模指数ETF,000688.SH,,,,,,
2025-01-24,588940.SH,富国上证科创板50成份ETF,20250603,上证科创板50成份指数,上证科创板50成份指数收益率,富国基金管理有限公司,中信银行股份有限公司,股票型ETF,规模指数ETF,000688.SH,,,,,,
2025-01-27,588940.SH,富国上证科创板50成份ETF,20250603,上证科创板50成份指数,上证科创板50成份指数收益率,富国基金管理有限公司,中信银行股份有限公司,股票型ETF,规模指数ETF,000688.SH,,,,,,
2025-02-05,588940.SH,富国上证科创板50成份ETF,20250603,上证科创板50成份指数,上证科创板50成份指数收益率,富国基金管理有限公司,中信银行股份有限公司,股票型ETF,规模指数ETF,000688.SH,,,,,,
2025-02-06,588940.SH,富国上证科创板50成份ETF,20250603,上证科创板50成份指数,上证科创板50成份指数收益率,富国基金管理有限公司,中信银行股份有限公司,股票型ETF,规模指数ETF,000688.SH,,,,,,
2025-02-07,588940.SH,富国上证科创板50成份ETF,20250603,上证科创板50成份指数,上证科创板50成份指数收益率,富国基金管理有限公司,中信银行股份有限公司,股票型ETF,规模指数ETF,000688.SH,,,,,,
2025-02-10,588940.SH,富国上证科创板50成份ETF,20250603,上证科创板50成份指数,上证科创板50成份指数收益率,富国基金管理有限公司,中信银行股份有限公司,股票型ETF,规模指数ETF,000688.SH,,,,,,
2025-02-11,588940.SH,富国上证科创板50成份ETF,20250603,上证科创板50成份指数,上证科创板50成份指数收益率,富国基金管理有限公司,中信银行股份有限公司,股票型ETF,规模指数ETF,000688.SH,,,,,,
2025-02-12,588940.SH,富国上证科创板50成份ETF,20250603,上证科创板50成份指数,上证科创板50成份指数收益率,富国基金管理有限公司,中信银行股份有限公司,股票型ETF,规模指数ETF,000688.SH,,,,,,
2025-02-13,588940.SH,富国上证科创板50成份ETF,20250603,上证科创板50成份指数,上证科创板50成份指数收益率,富国基金管理有限公司,中信银行股份有限公司,股票型ETF,规模指数ETF,000688.SH,,,,,,
2025-02-14,588940.SH,富国上证科创板50成份ETF,20250603,上证科创板50成份指数,上证科创板50成份指数收益率,富国基金管理有限公司,中信银行股份有限公司,股票型ETF,规模指数ETF,000688.SH,,,,,,
2025-02-17,588940.SH,富国上证科创板50成份ETF,20250603,上证科创板50成份指数,上证科创板50成份指数收益率,富国基金管理有限公司,中信银行股份有限公司,股票型ETF,规模指数ETF,000688.SH,,,,,,
2025-02-18,588940.SH,富国上证科创板50成份ETF,20250603,上证科创板50成份指数,上证科创板50成份指数收益率,富国基金管理有限公司,中信银行股份有限公司,股票型ETF,规模指数ETF,000688.SH,,,,,,
2025-02-19,588940.SH,富国上证科创板50成份ETF,20250603,上证科创板50成份指数,上证科创板50成份指数收益率,富国基金管理有限公司,中信银行股份有限公司,股票型ETF,规模指数ETF,000688.SH,,,,,,
2025-02-20,588940.SH,富国上证科创板50成份ETF,20250603,上证科创板50成份指数,上证科创板50成份指数收益率,富国基金管理有限公司,中信银行股份有限公司,股票型ETF,规模指数ETF,000688.SH,,,,,,
2025-02-21,588940.SH,富国上证科创板50成份ETF,20250603,上证科创板50成份指数,上证科创板50成份指数收益率,富国基金管理有限公司,中信银行股份有限公司,股票型ETF,规模指数ETF,000688.SH,,,,,,
2025-02-24,588940.SH,富国上证科创板50成份ETF,20250603,上证科创板50成份指数,上证科创板50成份指数收益率,富国基金管理有限公司,中信银行股份有限公司,股票型ETF,规模指数ETF,000688.SH,,,,,,
2025-02-25,588940.SH,富国上证科创板50成份ETF,20250603,上证科创板50成份指数,上证科创板50成份指数收益率,富国基金管理有限公司,中信银行股份有限公司,股票型ETF,规模指数ETF,000688.SH,,,,,,
2025-02-26,588940.SH,富国上证科创板50成份ETF,20250603,上证科创板50成份指数,上证科创板50成份指数收益率,富国基金管理有限公司,中信银行股份有限公司,股票型ETF,规模指数ETF,000688.SH,,,,,,
2025-02-27,588940.SH,富国上证科创板50成份ETF,20250603,上证科创板50成份指数,上证科创板50成份指数收益率,富国基金管理有限公司,中信银行股份有限公司,股票型ETF,规模指数ETF,000688.SH,,,,,,
2025-02-28,588940.SH,富国上证科创板50成份ETF,20250603,上证科创板50成份指数,上证科创板50成份指数收益率,富国基金管理有限公司,中信银行股份有限公司,股票型ETF,规模指数ETF,000688.SH,,,,,,
2025-03-03,588940.SH,富国上证科创板50成份ETF,20250603,上证科创板50成份指数,上证科创板50成份指数收益率,富国基金管理有限公司,中信银行股份有限公司,股票型ETF,规模指数ETF,000688.SH,,,,,,
2025-03-04,588940.SH,富国上证科创板50成份ETF,20250603,上证科创板50成份指数,上证科创板50成份指数收益率,富国基金管理有限公司,中信银行股份有限公司,股票型ETF,规模指数ETF,000688.SH,,,,,,
2025-03-05,588940.SH,富国上证科创板50成份ETF,20250603,上证科创板50成份指数,上证科创板50成份指数收益率,富国基金管理有限公司,中信银行股份有限公司,股票型ETF,规模指数ETF,000688.SH,,,,,,
2025-03-06,588940.SH,富国上证科创板50成份ETF,20250603,上证科创板50成份指数,上证科创板50成份指数收益率,富国基金管理有限公司,中信银行股份有限公司,股票型ETF,规模指数ETF,000688.SH,,,,,,
2025-03-07,588940.SH,富国上证科创板50成份ETF,20250603,上证科创板50成份指数,上证科创板50成份指数收益率,富国基金管理有限公司,中信银行股份有限公司,股票型ETF,规模指数ETF,000688.SH,,,,,,
2025-03-10,588940.SH,富国上证科创板50成份ETF,20250603,上证科创板50成份指数,上证科创板50成份指数收益率,富国基金管理有限公司,中信银行股份有限公司,股票型ETF,规模指数ETF,000688.SH,,,,,,
2025-03-11,588940.SH,富国上证科创板50成份ETF,20250603,上证科创板50成份指数,上证科创板50成份指数收益率,富国基金管理有限公司,中信银行股份有限公司,股票型ETF,规模指数ETF,000688.SH,,,,,,
2025-03-12,588940.SH,富国上证科创板50成份ETF,20250603,上证科创板50成份指数,上证科创板50成份指数收益率,富国基金管理有限公司,中信银行股份有限公司,股票型ETF,规模指数ETF,000688.SH,,,,,,
2025-03-13,588940.SH,富国上证科创板50成份ETF,20250603,上证科创板50成份指数,上证科创板50成份指数收益率,富国基金管理有限公司,中信银行股份有限公司,股票型ETF,规模指数ETF,000688.SH,,,,,,
2025-03-14,588940.SH,富国上证科创板50成份ETF,20250603,上证科创板50成份指数,上证科创板50成份指数收益率,富国基金管理有限公司,中信银行股份有限公司,股票型ETF,规模指数ETF,000688.SH,,,,,,
2025-03-17,588940.SH,富国上证科创板50成份ETF,20250603,上证科创板50成份指数,上证科创板50成份指数收益率,富国基金管理有限公司,中信银行股份有限公司,股票型ETF,规模指数ETF,000688.SH,,,,,,
2025-03-18,588940.SH,富国上证科创板50成份ETF,20250603,上证科创板50成份指数,上证科创板50成份指数收益率,富国基金管理有限公司,中信银行股份有限公司,股票型ETF,规模指数ETF,000688.SH,,,,,,
2025-03-19,588940.SH,富国上证科创板50成份ETF,20250603,上证科创板50成份指数,上证科创板50成份指数收益率,富国基金管理有限公司,中信银行股份有限公司,股票型ETF,规模指数ETF,000688.SH,,,,,,
2025-03-20,588940.SH,富国上证科创板50成份ETF,20250603,上证科创板50成份指数,上证科创板50成份指数收益率,富国基金管理有限公司,中信银行股份有限公司,股票型ETF,规模指数ETF,000688.SH,,,,,,
2025-03-21,588940.SH,富国上证科创板50成份ETF,20250603,上证科创板50成份指数,上证科创板50成份指数收益率,富国基金管理有限公司,中信银行股份有限公司,股票型ETF,规模指数ETF,000688.SH,,,,,,
2025-03-24,588940.SH,富国上证科创板50成份ETF,20250603,上证科创板50成份指数,上证科创板50成份指数收益率,富国基金管理有限公司,中信银行股份有限公司,股票型ETF,规模指数ETF,000688.SH,,,,,,
2025-03-25,588940.SH,富国上证科创板50成份ETF,20250603,上证科创板50成份指数,上证科创板50成份指数收益率,富国基金管理有限公司,中信银行股份有限公司,股票型ETF,规模指数ETF,000688.SH,,,,,,
2025-03-26,588940.SH,富国上证科创板50成份ETF,20250603,上证科创板50成份指数,上证科创板50成份指数收益率,富国基金管理有限公司,中信银行股份有限公司,股票型ETF,规模指数ETF,000688.SH,,,,,,
2025-03-27,588940.SH,富国上证科创板50成份ETF,20250603,上证科创板50成份指数,上证科创板50成份指数收益率,富国基金管理有限公司,中信银行股份有限公司,股票型ETF,规模指数ETF,000688.SH,,,,,,
2025-03-28,588940.SH,富国上证科创板50成份ETF,20250603,上证科创板50成份指数,上证科创板50成份指数收益率,富国基金管理有限公司,中信银行股份有限公司,股票型ETF,规模指数ETF,000688.SH,,,,,,
2025-03-31,588940.SH,富国上证科创板50成份ETF,20250603,上证科创板50成份指数,上证科创板50成份指数收益率,富国基金管理有限公司,中信银行股份有限公司,股票型ETF,规模指数ETF,000688.SH,,,,,,
2025-04-01,588940.SH,富国上证科创板50成份ETF,20250603,上证科创板50成份指数,上证科创板50成份指数收益率,富国基金管理有限公司,中信银行股份有限公司,股票型ETF,规模指数ETF,000688.SH,,,,,,
2025-04-02,588940.SH,富国上证科创板50成份ETF,20250603,上证科创板50成份指数,上证科创板50成份指数收益率,富国基金管理有限公司,中信银行股份有限公司,股票型ETF,规模指数ETF,000688.SH,,,,,,
2025-04-03,588940.SH,富国上证科创板50成份ETF,20250603,上证科创板50成份指数,上证科创板50成份指数收益率,富国基金管理有限公司,中信银行股份有限公司,股票型ETF,规模指数ETF,000688.SH,,,,,,
2025-04-07,588940.SH,富国上证科创板50成份ETF,20250603,上证科创板50成份指数,上证科创板50成份指数收益率,富国基金管理有限公司,中信银行股份有限公司,股票型ETF,规模指数ETF,000688.SH,,,,,,
2025-04-08,588940.SH,富国上证科创板50成份ETF,20250603,上证科创板50成份指数,上证科创板50成份指数收益率,富国基金管理有限公司,中信银行股份有限公司,股票型ETF,规模指数ETF,000688.SH,,,,,,
2025-04-09,588940.SH,富国上证科创板50成份ETF,20250603,上证科创板50成份指数,上证科创板50成份指数收益率,富国基金管理有限公司,中信银行股份有限公司,股票型ETF,规模指数ETF,000688.SH,,,,,,
2025-04-10,588940.SH,富国上证科创板50成份ETF,20250603,上证科创板50成份指数,上证科创板50成份指数收益率,富国基金管理有限公司,中信银行股份有限公司,股票型ETF,规模指数ETF,000688.SH,,,,,,
2025-04-11,588940.SH,富国上证科创板50成份ETF,20250603,上证科创板50成份指数,上证科创板50成份指数收益率,富国基金管理有限公司,中信银行股份有限公司,股票型ETF,规模指数ETF,000688.SH,,,,,,
2025-04-14,588940.SH,富国上证科创板50成份ETF,20250603,上证科创板50成份指数,上证科创板50成份指数收益率,富国基金管理有限公司,中信银行股份有限公司,股票型ETF,规模指数ETF,000688.SH,,,,,,
2025-04-15,588940.SH,富国上证科创板50成份ETF,20250603,上证科创板50成份指数,上证科创板50成份指数收益率,富国基金管理有限公司,中信银行股份有限公司,股票型ETF,规模指数ETF,000688.SH,,,,,,
2025-04-16,588940.SH,富国上证科创板50成份ETF,20250603,上证科创板50成份指数,上证科创板50成份指数收益率,富国基金管理有限公司,中信银行股份有限公司,股票型ETF,规模指数ETF,000688.SH,,,,,,
2025-04-17,588940.SH,富国上证科创板50成份ETF,20250603,上证科创板50成份指数,上证科创板50成份指数收益率,富国基金管理有限公司,中信银行股份有限公司,股票型ETF,规模指数ETF,000688.SH,,,,,,
2025-04-18,588940.SH,富国上证科创板50成份ETF,20250603,上证科创板50成份指数,上证科创板50成份指数收益率,富国基金管理有限公司,中信银行股份有限公司,股票型ETF,规模指数ETF,000688.SH,,,,,,
2025-04-21,588940.SH,富国上证科创板50成份ETF,20250603,上证科创板50成份指数,上证科创板50成份指数收益率,富国基金管理有限公司,中信银行股份有限公司,股票型ETF,规模指数ETF,000688.SH,,,,,,
2025-04-22,588940.SH,富国上证科创板50成份ETF,20250603,上证科创板50成份指数,上证科创板50成份指数收益率,富国基金管理有限公司,中信银行股份有限公司,股票型ETF,规模指数ETF,000688.SH,,,,,,
2025-04-23,588940.SH,富国上证科创板50成份ETF,20250603,上证科创板50成份指数,上证科创板50成份指数收益率,富国基金管理有限公司,中信银行股份有限公司,股票型ETF,规模指数ETF,000688.SH,,,,,,
2025-04-24,588940.SH,富国上证科创板50成份ETF,20250603,上证科创板50成份指数,上证科创板50成份指数收益率,富国基金管理有限公司,中信银行股份有限公司,股票型ETF,规模指数ETF,000688.SH,,,,,,
2025-04-25,588940.SH,富国上证科创板50成份ETF,20250603,上证科创板50成份指数,上证科创板50成份指数收益率,富国基金管理有限公司,中信银行股份有限公司,股票型ETF,规模指数ETF,000688.SH,,,,,,
2025-04-28,588940.SH,富国上证科创板50成份ETF,20250603,上证科创板50成份指数,上证科创板50成份指数收益率,富国基金管理有限公司,中信银行股份有限公司,股票型ETF,规模指数ETF,000688.SH,,,,,,
2025-04-29,588940.SH,富国上证科创板50成份ETF,20250603,上证科创板50成份指数,上证科创板50成份指数收益率,富国基金管理有限公司,中信银行股份有限公司,股票型ETF,规模指数ETF,000688.SH,,,,,,
2025-04-30,588940.SH,富国上证科创板50成份ETF,20250603,上证科创板50成份指数,上证科创板50成份指数收益率,富国基金管理有限公司,中信银行股份有限公司,股票型ETF,规模指数ETF,000688.SH,,,,,,
2025-05-06,588940.SH,富国上证科创板50成份ETF,20250603,上证科创板50成份指数,上证科创板50成份指数收益率,富国基金管理有限公司,中信银行股份有限公司,股票型ETF,规模指数ETF,000688.SH,,,,,,
2025-05-07,588940.SH,富国上证科创板50成份ETF,20250603,上证科创板50成份指数,上证科创板50成份指数收益率,富国基金管理有限公司,中信银行股份有限公司,股票型ETF,规模指数ETF,000688.SH,,,,,,
2025-05-08,588940.SH,富国上证科创板50成份ETF,20250603,上证科创板50成份指数,上证科创板50成份指数收益率,富国基金管理有限公司,中信银行股份有限公司,股票型ETF,规模指数ETF,000688.SH,,,,,,
2025-05-09,588940.SH,富国上证科创板50成份ETF,20250603,上证科创板50成份指数,上证科创板50成份指数收益率,富国基金管理有限公司,中信银行股份有限公司,股票型ETF,规模指数ETF,000688.SH,,,,,,
2025-05-12,588940.SH,富国上证科创板50成份ETF,20250603,上证科创板50成份指数,上证科创板50成份指数收益率,富国基金管理有限公司,中信银行股份有限公司,股票型ETF,规模指数ETF,000688.SH,,,,,,
2025-05-13,588940.SH,富国上证科创板50成份ETF,20250603,上证科创板50成份指数,上证科创板50成份指数收益率,富国基金管理有限公司,中信银行股份有限公司,股票型ETF,规模指数ETF,000688.SH,,,,,,
2025-05-14,588940.SH,富国上证科创板50成份ETF,20250603,上证科创板50成份指数,上证科创板50成份指数收益率,富国基金管理有限公司,中信银行股份有限公司,股票型ETF,规模指数ETF,000688.SH,,,,,,
2025-05-15,588940.SH,富国上证科创板50成份ETF,20250603,上证科创板50成份指数,上证科创板50成份指数收益率,富国基金管理有限公司,中信银行股份有限公司,股票型ETF,规模指数ETF,000688.SH,,,,,,
2025-05-16,588940.SH,富国上证科创板50成份ETF,20250603,上证科创板50成份指数,上证科创板50成份指数收益率,富国基金管理有限公司,中信银行股份有限公司,股票型ETF,规模指数ETF,000688.SH,,,,,,
2025-05-19,588940.SH,富国上证科创板50成份ETF,20250603,上证科创板50成份指数,上证科创板50成份指数收益率,富国基金管理有限公司,中信银行股份有限公司,股票型ETF,规模指数ETF,000688.SH,,,,,,
2025-05-20,588940.SH,富国上证科创板50成份ETF,20250603,上证科创板50成份指数,上证科创板50成份指数收益率,富国基金管理有限公司,中信银行股份有限公司,股票型ETF,规模指数ETF,000688.SH,,,,,,
2025-05-21,588940.SH,富国上证科创板50成份ETF,20250603,上证科创板50成份指数,上证科创板50成份指数收益率,富国基金管理有限公司,中信银行股份有限公司,股票型ETF,规模指数ETF,000688.SH,316420000.0,,,,,
2025-05-22,588940.SH,富国上证科创板50成份ETF,20250603,上证科创板50成份指数,上证科创板50成份指数收益率,富国基金管理有限公司,中信银行股份有限公司,股票型ETF,规模指数ETF,000688.SH,316420000.0,,,,,
2025-05-23,588940.SH,富国上证科创板50成份ETF,20250603,上证科创板50成份指数,上证科创板50成份指数收益率,富国基金管理有限公司,中信银行股份有限公司,股票型ETF,规模指数ETF,000688.SH,316420000.0,,,,,
2025-05-26,588940.SH,富国上证科创板50成份ETF,20250603,上证科创板50成份指数,上证科创板50成份指数收益率,富国基金管理有限公司,中信银行股份有限公司,股票型ETF,规模指数ETF,000688.SH,316420000.0,,,,,
2025-05-27,588940.SH,富国上证科创板50成份ETF,20250603,上证科创板50成份指数,上证科创板50成份指数收益率,富国基金管理有限公司,中信银行股份有限公司,股票型ETF,规模指数ETF,000688.SH,316420000.0,,,,,
2025-05-28,588940.SH,富国上证科创板50成份ETF,20250603,上证科创板50成份指数,上证科创板50成份指数收益率,富国基金管理有限公司,中信银行股份有限公司,股票型ETF,规模指数ETF,000688.SH,316420000.0,,,,,
2025-05-29,588940.SH,富国上证科创板50成份ETF,20250603,上证科创板50成份指数,上证科创板50成份指数收益率,富国基金管理有限公司,中信银行股份有限公司,股票型ETF,规模指数ETF,000688.SH,316420000.0,,,,,
2025-05-30,588940.SH,富国上证科创板50成份ETF,20250603,上证科创板50成份指数,上证科创板50成份指数收益率,富国基金管理有限公司,中信银行股份有限公司,股票型ETF,规模指数ETF,000688.SH,316325074.0,,,,,
2025-06-03,588940.SH,富国上证科创板50成份ETF,20250603,上证科创板50成份指数,上证科创板50成份指数收益率,富国基金管理有限公司,中信银行股份有限公司,股票型ETF,规模指数ETF,000688.SH,287766174.0,91966200,92260876,0.5015,0.50160208859342,-0.169204738
2025-06-04,588940.SH,富国上证科创板50成份ETF,20250603,上证科创板50成份指数,上证科创板50成份指数收益率,富国基金管理有限公司,中信银行股份有限公司,股票型ETF,规模指数ETF,000688.SH,258804706.0,61758800,62176261,0.5025,0.5033797693608,-0.426037848
2025-06-05,588940.SH,富国上证科创板50成份ETF,20250603,上证科创板50成份指数,上证科创板50成份指数收益率,富国基金管理有限公司,中信银行股份有限公司,股票型ETF,规模指数ETF,000688.SH,231174820.0,67868500,68639308,0.509,0.50567868746178,-0.293829579
2025-06-06,588940.SH,富国上证科创板50成份ETF,20250603,上证科创板50成份指数,上证科创板50成份指数收益率,富国基金管理有限公司,中信银行股份有限公司,股票型ETF,规模指数ETF,000688.SH,199562720.0,25261300,25605626,0.5075,0.5068152866242,-0.098425197
2025-06-09,588940.SH,富国上证科创板50成份ETF,20250603,上证科创板50成份指数,上证科创板50成份指数收益率,富国基金管理有限公司,中信银行股份有限公司,股票型ETF,规模指数ETF,000688.SH,170097882.0,22867100,23291298,0.5095,0.50927529070149,-0.303297133
2025-06-10,588940.SH,富国上证科创板50成份ETF,20250603,上证科创板50成份指数,上证科创板50成份指数收益率,富国基金管理有限公司,中信银行股份有限公司,股票型ETF,规模指数ETF,000688.SH,139796434.0,23947300,24183239,0.5015,0.50492621297599,0.029919218
2025-06-11,588940.SH,富国上证科创板50成份ETF,20250603,上证科创板50成份指数,上证科创板50成份指数收益率,富国基金管理有限公司,中信银行股份有限公司,股票型ETF,规模指数ETF,000688.SH,124693724.0,17152700,17215945,0.5,0.50184358730695,-0.219517062
2025-06-12,588940.SH,富国上证科创板50成份ETF,20250603,上证科创板50成份指数,上证科创板50成份指数收益率,富国基金管理有限公司,中信银行股份有限公司,股票型ETF,规模指数ETF,000688.SH,109299638.0,10370000,10346064,0.499,0.49884590163934,-0.090099109
2025-06-13,588940.SH,富国上证科创板50成份ETF,20250603,上证科创板50成份指数,上证科创板50成份指数收益率,富国基金管理有限公司,中信银行股份有限公司,股票型ETF,规模指数ETF,000688.SH,99767270.0,4963400,4935747,0.496,0.49721430873998,-0.150981379
2025-06-16,588940.SH,富国上证科创板50成份ETF,20250603,上证科创板50成份指数,上证科创板50成份指数收益率,富国基金管理有限公司,中信银行股份有限公司,股票型ETF,规模指数ETF,000688.SH,93607988.0,3507200,3469783,0.497,0.4946656877281,0.262255396
2025-06-17,588940.SH,富国上证科创板50成份ETF,20250603,上证科创板50成份指数,上证科创板50成份指数收益率,富国基金管理有限公司,中信银行股份有限公司,股票型ETF,规模指数ETF,000688.SH,92852628.0,2928500,2883140,0.492,0.49225542086392,0.061012813
2025-06-18,588940.SH,富国上证科创板50成份ETF,20250603,上证科创板50成份指数,上证科创板50成份指数收益率,富国基金管理有限公司,中信银行股份有限公司,股票型ETF,规模指数ETF,000688.SH,93343612.0,2335700,2305360,0.4945,0.49350515905296,0.040461258
2025-06-19,588940.SH,富国上证科创板50成份ETF,20250603,上证科创板50成份指数,上证科创板50成份指数收益率,富国基金管理有限公司,中信银行股份有限公司,股票型ETF,规模指数ETF,000688.SH,92852628.0,5172300,5119610,0.491,0.4949065212768,-0.14236323
2025-06-20,588940.SH,富国上证科创板50成份ETF,20250603,上证科创板50成份指数,上证科创板50成份指数收益率,富国基金管理有限公司,中信银行股份有限公司,股票型ETF,规模指数ETF,000688.SH,92371086.0,1644100,1610391,0.4885,0.48974849461712,-0.132883574
2025-06-23,588940.SH,富国上证科创板50成份ETF,20250603,上证科创板50成份指数,上证科创板50成份指数收益率,富国基金管理有限公司,中信银行股份有限公司,股票型ETF,规模指数ETF,000688.SH,86837282.0,4063600,3983195,0.4915,0.49010667880697,0.091640362
2025-06-24,588940.SH,富国上证科创板50成份ETF,20250603,上证科创板50成份指数,上证科创板50成份指数收益率,富国基金管理有限公司,中信银行股份有限公司,股票型ETF,规模指数ETF,000688.SH,85394374.0,3919800,3898705,0.499,0.49730917393745,-0.170051015
2025-06-25,588940.SH,富国上证科创板50成份ETF,20250603,上证科创板50成份指数,上证科创板50成份指数收益率,富国基金管理有限公司,中信银行股份有限公司,股票型ETF,规模指数ETF,000688.SH,74653456.0,14534600,14694676,0.5075,0.50550672189121,-0.177025964
2025-06-26,588940.SH,富国上证科创板50成份ETF,20250603,上证科创板50成份指数,上证科创板50成份指数收益率,富国基金管理有限公司,中信银行股份有限公司,股票型ETF,规模指数ETF,000688.SH,68168362.0,9632100,9810487,0.5055,0.50926002637016,-0.009890219
2025-06-27,588940.SH,富国上证科创板50成份ETF,20250603,上证科创板50成份指数,上证科创板50成份指数收益率,富国基金管理有限公司,中信银行股份有限公司,股票型ETF,规模指数ETF,000688.SH,207309864.0,2135900,2163052,0.5045,0.5063561028138,-0.019817677
2025-06-30,588940.SH,富国上证科创板50成份ETF,20250603,上证科创板50成份指数,上证科创板50成份指数收益率,富国基金管理有限公司,中信银行股份有限公司,股票型ETF,规模指数ETF,000688.SH,210493874.0,3517200,3591713,0.5115,0.51059265893324,-0.165902215
2025-07-01,588940.SH,富国上证科创板50成份ETF,20250603,上证科创板50成份指数,上证科创板50成份指数收益率,富国基金管理有限公司,中信银行股份有限公司,股票型ETF,规模指数ETF,000688.SH,202610720.0,1669600,1697622,0.5075,0.50839183037853,-0.098425197
2025-07-02,588940.SH,富国上证科创板50成份ETF,20250603,上证科创板50成份指数,上证科创板50成份指数收益率,富国基金管理有限公司,中信银行股份有限公司,股票型ETF,规模指数ETF,000688.SH,203168954.0,3602400,3626925,0.5025,0.50340398067955,0.129520773
2025-07-03,588940.SH,富国上证科创板50成份ETF,20250603,上证科创板50成份指数,上证科创板50成份指数收益率,富国基金管理有限公司,中信银行股份有限公司,股票型ETF,规模指数ETF,000688.SH,203654762.0,1625600,1633012,0.5035,0.50227977362205,0.089454329
2025-07-04,588940.SH,富国上证科创板50成份ETF,20250603,上证科创板50成份指数,上证科创板50成份指数收益率,富国基金管理有限公司,中信银行股份有限公司,股票型ETF,规模指数ETF,000688.SH,203634520.0,2569800,2590993,0.5035,0.50412347264379,0.099403579
2025-07-07,588940.SH,富国上证科创板50成份ETF,20250603,上证科创板50成份指数,上证科创板50成份指数收益率,富国基金管理有限公司,中信银行股份有限公司,股票型ETF,规模指数ETF,000688.SH,202278306.0,1284800,1286600,0.4995,0.50070049813201,-0.030021015
2025-07-08,588940.SH,富国上证科创板50成份ETF,20250603,上证科创板50成份指数,上证科创板50成份指数收益率,富国基金管理有限公司,中信银行股份有限公司,股票型ETF,规模指数ETF,000688.SH,205152670.0,2208300,2227837,0.506,0.50442353846851,-0.148001973
2025-07-09,588940.SH,富国上证科创板50成份ETF,20250603,上证科创板50成份指数,上证科创板50成份指数收益率,富国基金管理有限公司,中信银行股份有限公司,股票型ETF,规模指数ETF,000688.SH,215384890.0,9826000,9883143,0.503,0.5029077447588,0.149328024
2025-07-10,588940.SH,富国上证科创板50成份ETF,20250603,上证科创板50成份指数,上证科创板50成份指数收益率,富国基金管理有限公司,中信银行股份有限公司,股票型ETF,规模指数ETF,000688.SH,220728588.0,10720500,10765756,0.5015,0.50211072244765,0.159776313
2025-07-11,588940.SH,富国上证科创板50成份ETF,20250603,上证科创板50成份指数,上证科创板50成份指数收益率,富国基金管理有限公司,中信银行股份有限公司,股票型ETF,规模指数ETF,000688.SH,230110646.0,17675900,17979575,0.5115,0.50859008593622,0.659254157
2025-07-14,588940.SH,富国上证科创板50成份ETF,20250603,上证科创板50成份指数,上证科创板50成份指数收益率,富国基金管理有限公司,中信银行股份有限公司,股票型ETF,规模指数ETF,000688.SH,238762964.0,4552600,4634719,0.508,0.50901891226991,0.177479787
2025-07-15,588940.SH,富国上证科创板50成份ETF,20250603,上证科创板50成份指数,上证科创板50成份指数收益率,富国基金管理有限公司,中信银行股份有限公司,股票型ETF,规模指数ETF,000688.SH,230518202.0,12686500,12849812,0.5085,0.50643644819296,-0.108044396
2025-07-16,588940.SH,富国上证科创板50成份ETF,20250603,上证科创板50成份指数,上证科创板50成份指数收益率,富国基金管理有限公司,中信银行股份有限公司,股票型ETF,规模指数ETF,000688.SH,215542690.0,21418800,21823937,0.509,0.5094575092909,-0.147130947
2025-07-17,588940.SH,富国上证科创板50成份ETF,20250603,上证科创板50成份指数,上证科创板50成份指数收益率,富国基金管理有限公司,中信银行股份有限公司,股票型ETF,规模指数ETF,000688.SH,229608734.0,9941400,10159276,0.513,0.51095801396182,-0.165417924
2025-07-18,588940.SH,富国上证科创板50成份ETF,20250603,上证科创板50成份指数,上证科创板50成份指数收益率,富国基金管理有限公司,中信银行股份有限公司,股票型ETF,规模指数ETF,000688.SH,220766832.0,9049400,9309353,0.515,0.51436299644175,0.038850039
2025-07-21,588940.SH,富国上证科创板50成份ETF,20250603,上证科创板50成份指数,上证科创板50成份指数收益率,富国基金管理有限公司,中信银行股份有限公司,股票型ETF,规模指数ETF,000688.SH,220831158.0,2963400,3050349,0.515,0.51467047985422,0.009709681
2025-07-22,588940.SH,富国上证科创板50成份ETF,20250603,上证科创板50成份指数,上证科创板50成份指数收益率,富国基金管理有限公司,中信银行股份有限公司,股票型ETF,规模指数ETF,000688.SH,216444170.0,6985700,7227217,0.5195,0.51728652819331,0.048146365
2025-07-23,588940.SH,富国上证科创板50成份ETF,20250603,上证科创板50成份指数,上证科创板50成份指数收益率,富国基金管理有限公司,中信银行股份有限公司,股票型ETF,规模指数ETF,000688.SH,217444586.0,2895900,3022535,0.5215,0.52186453261508,-0.028754912
2025-07-24,588940.SH,富国上证科创板50成份ETF,20250603,上证科创板50成份指数,上证科创板50成份指数收益率,富国基金管理有限公司,中信银行股份有限公司,股票型ETF,规模指数ETF,000688.SH,216820810.0,2191900,2303515,0.5275,0.52546078744468,-0.047370914
2025-07-25,588940.SH,富国上证科创板50成份ETF,20250603,上证科创板50成份指数,上证科创板50成份指数收益率,富国基金管理有限公司,中信银行股份有限公司,股票型ETF,规模指数ETF,000688.SH,221360592.0,4044500,4283587,0.539,0.52955705278774,0.037119525
2025-07-28,588940.SH,富国上证科创板50成份ETF,20250603,上证科创板50成份指数,上证科创板50成份指数收益率,富国基金管理有限公司,中信银行股份有限公司,股票型ETF,规模指数ETF,000688.SH,224780970.0,6099600,6576932,0.54,0.53912813955013,0.139082058
2025-07-29,588940.SH,富国上证科创板50成份ETF,20250603,上证科创板50成份指数,上证科创板50成份指数收益率,富国基金管理有限公司,中信银行股份有限公司,股票型ETF,规模指数ETF,000688.SH,231314622.0,2763600,2998130,0.5475,0.54243197278912,0.082259391
2025-07-30,588940.SH,富国上证科创板50成份ETF,20250603,上证科创板50成份指数,上证科创板50成份指数收益率,富国基金管理有限公司,中信银行股份有限公司,股票型ETF,规模指数ETF,000688.SH,225510440.0,3060500,3322431,0.5415,0.54279219081849,0.092421442
2025-07-31,588940.SH,富国上证科创板50成份ETF,20250603,上证科创板50成份指数,上证科创板50成份指数收益率,富国基金管理有限公司,中信银行股份有限公司,股票型ETF,规模指数ETF,000688.SH,248945062.0,26525700,28565576,0.5395,0.53845093626181,0.737559518
2025-08-01,588940.SH,富国上证科创板50成份ETF,20250603,上证科创板50成份指数,上证科创板50成份指数收益率,富国基金管理有限公司,中信银行股份有限公司,股票型ETF,规模指数ETF,000688.SH,246341958.0,2441400,2597237,0.535,0.53191549930368,0.952920087
2025-08-04,588940.SH,富国上证科创板50成份ETF,20250603,上证科创板50成份指数,上证科创板50成份指数收益率,富国基金管理有限公司,中信银行股份有限公司,股票型ETF,规模指数ETF,000688.SH,262189334.0,12042000,12884795,0.536,0.53499397940541,-0.065255896
2025-08-05,588940.SH,富国上证科创板50成份ETF,20250603,上证科创板50成份指数,上证科创板50成份指数收益率,富国基金管理有限公司,中信银行股份有限公司,股票型ETF,规模指数ETF,000688.SH,305271682.0,3048800,3274879,0.537,0.537076718709,-0.28780986
2025-08-06,588940.SH,富国上证科创板50成份ETF,20250603,上证科创板50成份指数,上证科创板50成份指数收益率,富国基金管理有限公司,中信银行股份有限公司,股票型ETF,规模指数ETF,000688.SH,303778986.0,3395800,3655736,0.542,0.53827316096354,0.064617373
2025-08-07,588940.SH,富国上证科创板50成份ETF,20250603,上证科创板50成份指数,上证科创板50成份指数收益率,富国基金管理有限公司,中信银行股份有限公司,股票型ETF,规模指数ETF,000688.SH,303330314.0,2330300,2527618,0.54,0.54233746727889,-0.157160026
2025-08-08,588940.SH,富国上证科创板50成份ETF,20250603,上证科创板50成份指数,上证科创板50成份指数收益率,富国基金管理有限公司,中信银行股份有限公司,股票型ETF,规模指数ETF,000688.SH,296007140.0,3953100,4231602,0.5335,0.5352257721788,0
2025-08-11,588940.SH,富国上证科创板50成份ETF,20250603,上证科创板50成份指数,上证科创板50成份指数收益率,富国基金管理有限公司,中信银行股份有限公司,股票型ETF,规模指数ETF,000688.SH,297754886.0,1057700,1134364,0.5375,0.53624090006618,0.158390012
2025-08-12,588940.SH,富国上证科创板50成份ETF,20250603,上证科创板50成份指数,上证科创板50成份指数收益率,富国基金管理有限公司,中信银行股份有限公司,股票型ETF,规模指数ETF,000688.SH,296879196.0,8384800,9079760,0.547,0.5414416563305,0.018284878
2025-08-13,588940.SH,富国上证科创板50成份ETF,20250603,上证科创板50成份指数,上证科创板50成份指数收益率,富国基金管理有限公司,中信银行股份有限公司,股票型ETF,规模指数ETF,000688.SH,302355956.0,7876100,8657231,0.5515,0.54958869237313,0.108912688
2025-08-14,588940.SH,富国上证科创板50成份ETF,20250603,上证科创板50成份指数,上证科创板50成份指数收益率,富国基金管理有限公司,中信银行股份有限公司,股票型ETF,规模指数ETF,000688.SH,287956200.0,38686400,43155177,0.5555,0.55775643378552,0.09009009
2025-08-15,588940.SH,富国上证科创板50成份ETF,20250603,上证科创板50成份指数,上证科创板50成份指数收益率,富国基金管理有限公司,中信银行股份有限公司,股票型ETF,规模指数ETF,000688.SH,275192478.0,17199800,19248165,0.5615,0.55954618658356,-0.25757172
2025-08-18,588940.SH,富国上证科创板50成份ETF,20250603,上证科创板50成份指数,上证科创板50成份指数收益率,富国基金管理有限公司,中信银行股份有限公司,股票型ETF,规模指数ETF,000688.SH,267236516.0,16902200,19449027,0.576,0.57534010365515,0.191337624
2025-08-19,588940.SH,富国上证科创板50成份ETF,20250603,上证科创板50成份指数,上证科创板50成份指数收益率,富国基金管理有限公司,中信银行股份有限公司,股票型ETF,规模指数ETF,000688.SH,264261540.0,8875100,10178958,0.5685,0.57345596105959,0
2025-08-20,588940.SH,富国上证科创板50成份ETF,20250603,上证科创板50成份指数,上证科创板50成份指数收益率,富国基金管理有限公司,中信银行股份有限公司,股票型ETF,规模指数ETF,000688.SH,269270254.0,13089700,15050958,0.587,0.57491607905452,0.025560194
2025-08-21,588940.SH,富国上证科创板50成份ETF,20250603,上证科创板50成份指数,上证科创板50成份指数收益率,富国基金管理有限公司,中信银行股份有限公司,股票型ETF,规模指数ETF,000688.SH,273023774.0,13943000,16522145,0.5865,0.59248888331062,-0.1447178
2025-08-22,588940.SH,富国上证科创板50成份ETF,20250603,上证科创板50成份指数,上证科创板50成份指数收益率,富国基金管理有限公司,中信银行股份有限公司,股票型ETF,规模指数ETF,000688.SH,292579326.0,30832600,38597011,0.68,0.62591236223997,6.641574531
2025-08-25,588940.SH,富国上证科创板50成份ETF,20250603,上证科创板50成份指数,上证科创板50成份指数收益率,富国基金管理有限公司,中信银行股份有限公司,股票型ETF,规模指数ETF,000688.SH,590075878.0,245588700,326784965,0.661,0.66530944827673,0.463561061
2025-08-26,588940.SH,富国上证科创板50成份ETF,20250603,上证科创板50成份指数,上证科创板50成份指数收益率,富国基金管理有限公司,中信银行股份有限公司,股票型ETF,规模指数ETF,000688.SH,562925896.0,93178400,120931990,0.6505,0.64892716552334,0.169387127
2025-08-27,588940.SH,富国上证科创板50成份ETF,20250603,上证科创板50成份指数,上证科创板50成份指数收益率,富国基金管理有限公司,中信银行股份有限公司,股票型ETF,规模指数ETF,000688.SH,505101368.0,126273800,167992591,0.6505,0.66519179354704,0.046139649
2025-08-28,588940.SH,富国上证科创板50成份ETF,20250603,上证科创板50成份指数,上证科创板50成份指数收益率,富国基金管理有限公司,中信银行股份有限公司,股票型ETF,规模指数ETF,000688.SH,482874838.0,106331200,142951130,0.699,0.67219748295891,0.294138747
2025-08-29,588940.SH,富国上证科创板50成份ETF,20250603,上证科创板50成份指数,上证科创板50成份指数收益率,富国基金管理有限公司,中信银行股份有限公司,股票型ETF,规模指数ETF,000688.SH,486996484.0,54866100,74575199,0.6895,0.67961089816845,0.642242008
2025-09-01,588940.SH,富国上证科创板50成份ETF,20250603,上证科创板50成份指数,上证科创板50成份指数收益率,富国基金管理有限公司,中信银行股份有限公司,股票型ETF,规模指数ETF,000688.SH,517672146.0,72151300,99314705,0.6925,0.68823919319541,-0.093774796
2025-09-02,588940.SH,富国上证科创板50成份ETF,20250603,上证科创板50成份指数,上证科创板50成份指数收益率,富国基金管理有限公司,中信银行股份有限公司,股票型ETF,规模指数ETF,000688.SH,478163456.0,89555300,122296538,0.6775,0.68279899682096,-0.132665094
2025-09-03,588940.SH,富国上证科创板50成份ETF,20250603,上证科创板50成份指数,上证科创板50成份指数收益率,富国基金管理有限公司,中信银行股份有限公司,股票型ETF,规模指数ETF,000688.SH,458328332.0,36994200,49502065,0.6645,0.66905170269934,-0.419601379
2025-09-04,588940.SH,富国上证科创板50成份ETF,20250603,上证科创板50成份指数,上证科创板50成份指数收益率,富国基金管理有限公司,中信银行股份有限公司,股票型ETF,规模指数ETF,000688.SH,404250196.0,56660000,72442829,0.627,0.63927664136957,0.015951507
2025-09-05,588940.SH,富国上证科创板50成份ETF,20250603,上证科创板50成份指数,上证科创板50成份指数收益率,富国基金管理有限公司,中信银行股份有限公司,股票型ETF,规模指数ETF,000688.SH,398293352.0,42593800,54180799,0.6465,0.63601743681005,-0.200679222
2025-09-08,588940.SH,富国上证科创板50成份ETF,20250603,上证科创板50成份指数,上证科创板50成份指数收益率,富国基金管理有限公司,中信银行股份有限公司,股票型ETF,规模指数ETF,000688.SH,400506776.0,18867900,24236439,0.6435,0.64226646844641,-1.21277249
2025-09-09,588940.SH,富国上证科创板50成份ETF,20250603,上证科创板50成份指数,上证科创板50成份指数收益率,富国基金管理有限公司,中信银行股份有限公司,股票型ETF,规模指数ETF,000688.SH,390484884.0,15784000,20155049,0.6345,0.63846455271161,-0.094473311
2025-09-10,588940.SH,富国上证科创板50成份ETF,20250603,上证科创板50成份指数,上证科创板50成份指数收益率,富国基金管理有限公司,中信银行股份有限公司,股票型ETF,规模指数ETF,000688.SH,390905722.0,16436500,21082416,0.6395,0.64132923675965,-0.39716533
2025-09-11,588940.SH,富国上证科创板50成份ETF,20250603,上证科创板50成份指数,上证科创板50成份指数收益率,富国基金管理有限公司,中信银行股份有限公司,股票型ETF,规模指数ETF,000688.SH,403613050.0,36083600,47875210,0.6745,0.66339292642641,-0.258780037
2025-09-12,588940.SH,富国上证科创板50成份ETF,20250603,上证科创板50成份指数,上证科创板50成份指数收益率,富国基金管理有限公司,中信银行股份有限公司,股票型ETF,规模指数ETF,000688.SH,390762806.0,39358800,53893589,0.682,0.68464471731862,-0.021989299
2025-09-15,588940.SH,富国上证科创板50成份ETF,20250603,上证科创板50成份指数,上证科创板50成份指数收益率,富国基金管理有限公司,中信银行股份有限公司,股票型ETF,规模指数ETF,000688.SH,387321772.0,34003500,46660698,0.6835,0.686116105695,0.02926972
2025-09-16,588940.SH,富国上证科创板50成份ETF,20250603,上证科创板50成份指数,上证科创板50成份指数收益率,富国基金管理有限公司,中信银行股份有限公司,股票型ETF,规模指数ETF,000688.SH,388241490.0,34245600,47459761,0.692,0.69293224531035,-0.036114121
2025-09-17,588940.SH,富国上证科创板50成份ETF,20250603,上证科创板50成份指数,上证科创板50成份指数收益率,富国基金管理有限公司,中信银行股份有限公司,股票型ETF,规模指数ETF,000688.SH,387583482.0,26998400,37554153,0.6975,0.69548849191063,-0.150311359
2025-09-18,588940.SH,富国上证科创板50成份ETF,20250603,上证科创板50成份指数,上证科创板50成份指数收益率,富国基金管理有限公司,中信银行股份有限公司,股票型ETF,规模指数ETF,000688.SH,394607024.0,56976000,80911068,0.7075,0.7100451769166,0.554292211
2025-09-19,588940.SH,富国上证科创板50成份ETF,20250603,上证科创板50成份指数,上证科创板50成份指数收益率,富国基金管理有限公司,中信银行股份有限公司,股票型ETF,规模指数ETF,000688.SH,393727064.0,30771900,43339586,0.6955,0.70420718252692,0.129570976
2025-09-22,588940.SH,富国上证科创板50成份ETF,20250603,上证科创板50成份指数,上证科创板50成份指数收益率,富国基金管理有限公司,中信银行股份有限公司,股票型ETF,规模指数ETF,000688.SH,415607120.0,59050900,83697976,0.717,0.70869348307985,-0.139275766
2025-09-23,588940.SH,富国上证科创板50成份ETF,20250603,上证科创板50成份指数,上证科创板50成份指数收益率,富国基金管理有限公司,中信银行股份有限公司,股票型ETF,规模指数ETF,000688.SH,419505732.0,48055938,68203118,0.716,0.70962216989709,-0.181235188
2025-09-24,588940.SH,富国上证科创板50成份ETF,20250603,上证科创板50成份指数,上证科创板50成份指数收益率,富国基金管理有限公司,中信银行股份有限公司,股票型ETF,规模指数ETF,000688.SH,429672932.0,53677800,78608487,0.743,0.73222530543353,0.094301495
2025-09-25,588940.SH,富国上证科创板50成份ETF,20250603,上证科创板50成份指数,上证科创板50成份指数收益率,富国基金管理有限公司,中信银行股份有限公司,股票型ETF,规模指数ETF,000688.SH,434969318.0,44162300,66304193,0.752,0.75068772459768,0.073191829
2025-09-26,588940.SH,富国上证科创板50成份ETF,20250603,上证科创板50成份指数,上证科创板50成份指数收益率,富国基金管理有限公司,中信银行股份有限公司,股票型ETF,规模指数ETF,000688.SH,441303496.0,38556500,57701531,0.7405,0.74827241839897,0.148769272
2025-09-29,588940.SH,富国上证科创板50成份ETF,20250603,上证科创板50成份指数,上证科创板50成份指数收益率,富国基金管理有限公司,中信银行股份有限公司,股票型ETF,规模指数ETF,000688.SH,451738154.0,40283800,59435812,0.749,0.7377135722052,-0.046707146
2025-09-30,588940.SH,富国上证科创板50成份ETF,20250603,上证科创板50成份指数,上证科创板50成份指数收益率,富国基金管理有限公司,中信银行股份有限公司,股票型ETF,规模指数ETF,000688.SH,468508080.0,44333200,67601320,0.7635,0.76242319525773,0.196850394
2025-10-09,588940.SH,富国上证科创板50成份ETF,20250603,上证科创板50成份指数,上证科创板50成份指数收益率,富国基金管理有限公司,中信银行股份有限公司,股票型ETF,规模指数ETF,000688.SH,486893770.0,52618200,83159984,0.786,0.79022072210756,0.22314313
2025-10-10,588940.SH,富国上证科创板50成份ETF,20250603,上证科创板50成份指数,上证科创板50成份指数收益率,富国基金管理有限公司,中信银行股份有限公司,股票型ETF,规模指数ETF,000688.SH,508433310.0,56893400,85579881,0.742,0.75210728309435,0.236406619
2025-10-13,588940.SH,富国上证科创板50成份ETF,20250603,上证科创板50成份指数,上证科创板50成份指数收益率,富国基金管理有限公司,中信银行股份有限公司,股票型ETF,规模指数ETF,000688.SH,502031304.0,40321600,59840829,0.749,0.74204432611801,-0.213162803
2025-10-14,588940.SH,富国上证科创板50成份ETF,20250603,上证科创板50成份指数,上证科创板50成份指数收益率,富国基金管理有限公司,中信银行股份有限公司,股票型ETF,规模指数ETF,000688.SH,510880708.0,57792900,84606265,0.7205,0.73197801979136,0.250452205
2025-10-15,588940.SH,富国上证科创板50成份ETF,20250603,上证科创板50成份指数,上证科创板50成份指数收益率,富国基金管理有限公司,中信银行股份有限公司,股票型ETF,规模指数ETF,000688.SH,522361308.0,36370200,52311430,0.728,0.71915235549983,-0.096061479
2025-10-16,588940.SH,富国上证科创板50成份ETF,20250603,上证科创板50成份指数,上证科创板50成份指数收益率,富国基金管理有限公司,中信银行股份有限公司,股票型ETF,规模指数ETF,000688.SH,526113154.0,35870500,52203646,0.723,0.72766822319176,0.159312877
2025-10-17,588940.SH,富国上证科创板50成份ETF,20250603,上证科创板50成份指数,上证科创板50成份指数收益率,富国基金管理有限公司,中信银行股份有限公司,股票型ETF,规模指数ETF,000688.SH,502265374.0,43547100,61524981,0.695,0.70641880860034,0.021587393
2025-10-20,588940.SH,富国上证科创板50成份ETF,20250603,上证科创板50成份指数,上证科创板50成份指数收益率,富国基金管理有限公司,中信银行股份有限公司,股票型ETF,规模指数ETF,000688.SH,504000190.0,37468600,52648546,0.6965,0.70256889769033,-0.107565436
2025-10-21,588940.SH,富国上证科创板50成份ETF,20250603,上证科创板50成份指数,上证科创板50成份指数收益率,富国基金管理有限公司,中信银行股份有限公司,股票型ETF,规模指数ETF,000688.SH,509530112.0,35031500,49722745,0.717,0.70968621098155,0.027901786
2025-10-22,588940.SH,富国上证科创板50成份ETF,20250603,上证科创板50成份指数,上证科创板50成份指数收益率,富国基金管理有限公司,中信银行股份有限公司,股票型ETF,规模指数ETF,000688.SH,509245776.0,31722400,45274623,0.7165,0.71360652094419,0.013958682
2025-10-23,588940.SH,富国上证科创板50成份ETF,20250603,上证科创板50成份指数,上证科创板50成份指数收益率,富国基金管理有限公司,中信银行股份有限公司,股票型ETF,规模指数ETF,000688.SH,507753012.0,49483600,69780307,0.714,0.70508518984067,-0.04199916
2025-10-24,588940.SH,富国上证科创板50成份ETF,20250603,上证科创板50成份指数,上证科创板50成份指数收益率,富国基金管理有限公司,中信银行股份有限公司,股票型ETF,规模指数ETF,000688.SH,520950278.0,37689300,55415066,0.746,0.73515647677192,0.073780938
2025-10-27,588940.SH,富国上证科创板50成份ETF,20250603,上证科创板50成份指数,上证科创板50成份指数收益率,富国基金管理有限公司,中信银行股份有限公司,股票型ETF,规模指数ETF,000688.SH,524237386.0,23877300,35960326,0.7555,0.75302328990296,-0.151985727
2025-10-28,588940.SH,富国上证科创板50成份ETF,20250603,上证科创板50成份指数,上证科创板50成份指数收益率,富国基金管理有限公司,中信银行股份有限公司,股票型ETF,规模指数ETF,000688.SH,507074776.0,25349800,38237845,0.7515,0.75420407656076,0.013308491
2025-10-29,588940.SH,富国上证科创板50成份ETF,20250603,上证科创板50成份指数,上证科创板50成份指数收益率,富国基金管理有限公司,中信银行股份有限公司,股票型ETF,规模指数ETF,000688.SH,503957252.0,22183500,33456436,0.7605,0.75408380102328,0.026305406
2025-10-30,588940.SH,富国上证科创板50成份ETF,20250603,上证科创板50成份指数,上证科创板50成份指数收益率,富国基金管理有限公司,中信银行股份有限公司,股票型ETF,规模指数ETF,000688.SH,494644350.0,21120600,31886280,0.7475,0.75486207778188,0.167504188
2025-10-31,588940.SH,富国上证科创板50成份ETF,20250603,上证科创板50成份指数,上证科创板50成份指数收益率,富国基金管理有限公司,中信银行股份有限公司,股票型ETF,规模指数ETF,000688.SH,500923320.0,22398800,32677201,0.7245,0.72944088522599,0.20746888
2025-11-03,588940.SH,富国上证科创板50成份ETF,20250603,上证科创板50成份指数,上证科创板50成份指数收益率,富国基金管理有限公司,中信银行股份有限公司,股票型ETF,规模指数ETF,000688.SH,500020020.0,27803100,39535919,0.716,0.71099839586233,0.069881202
2025-11-04,588940.SH,富国上证科创板50成份ETF,20250603,上证科创板50成份指数,上证科创板50成份指数收益率,富国基金管理有限公司,中信银行股份有限公司,股票型ETF,规模指数ETF,000688.SH,503665682.0,27053400,38683888,0.7095,0.71495427561785,0.134076635
2025-11-05,588940.SH,富国上证科创板50成份ETF,20250603,上证科创板50成份指数,上证科创板50成份指数收益率,富国基金管理有限公司,中信银行股份有限公司,股票型ETF,规模指数ETF,000688.SH,504838568.0,20818600,29283111,0.711,0.70329203212512,0.112644326
2025-11-06,588940.SH,富国上证科创板50成份ETF,20250603,上证科创板50成份指数,上证科创板50成份指数收益率,富国基金管理有限公司,中信银行股份有限公司,股票型ETF,规模指数ETF,000688.SH,512843734.0,35331300,51403337,0.7345,0.72744757481327,0.088573959
2025-11-07,588940.SH,富国上证科创板50成份ETF,20250603,上证科创板50成份指数,上证科创板50成份指数收益率,富国基金管理有限公司,中信银行股份有限公司,股票型ETF,规模指数ETF,000688.SH,505331204.0,14648200,21311774,0.724,0.72745368031567,0.124464113
2025-11-10,588940.SH,富国上证科创板50成份ETF,20250603,上证科创板50成份指数,上证科创板50成份指数收益率,富国基金管理有限公司,中信银行股份有限公司,股票型ETF,规模指数ETF,000688.SH,502465960.0,20264800,29146837,0.719,0.7191493871146,0
2025-11-11,588940.SH,富国上证科创板50成份ETF,20250603,上证科创板50成份指数,上证科创板50成份指数收益率,富国基金管理有限公司,中信银行股份有限公司,股票型ETF,规模指数ETF,000688.SH,499555350.0,18049000,25822161,0.71,0.71533494930467,0.176366843
2025-11-12,588940.SH,富国上证科创板50成份ETF,20250603,上证科创板50成份指数,上证科创板50成份指数收益率,富国基金管理有限公司,中信银行股份有限公司,股票型ETF,规模指数ETF,000688.SH,505121306.0,21407000,30053833,0.7055,0.7019627458308,0.120627262
2025-11-13,588940.SH,富国上证科创板50成份ETF,20250603,上证科创板50成份指数,上证科创板50成份指数收益率,富国基金管理有限公司,中信银行股份有限公司,股票型ETF,规模指数ETF,000688.SH,503784390.0,20648700,29342438,0.714,0.71051538353504,-0.104931794
2025-11-14,588940.SH,富国上证科创板50成份ETF,20250603,上证科创板50成份指数,上证科创板50成份指数收益率,富国基金管理有限公司,中信银行股份有限公司,股票型ETF,规模指数ETF,000688.SH,502626794.0,17221300,24208342,0.6965,0.70286046930255,0.165384339
2025-11-17,588940.SH,富国上证科创板50成份ETF,20250603,上证科创板50成份指数,上证科创板50成份指数收益率,富国基金管理有限公司,中信银行股份有限公司,股票型ETF,规模指数ETF,000688.SH,504102186.0,14418100,20039108,0.692,0.6949288741235,0.050603629
2025-11-18,588940.SH,富国上证科创板50成份ETF,20250603,上证科创板50成份指数,上证科创板50成份指数收益率,富国基金管理有限公司,中信银行股份有限公司,股票型ETF,规模指数ETF,000688.SH,501578676.0,16170300,22484287,0.6945,0.69523407110567,0.086467791
2025-11-19,588940.SH,富国上证科创板50成份ETF,20250603,上证科创板50成份指数,上证科创板50成份指数收益率,富国基金管理有限公司,中信银行股份有限公司,股票型ETF,规模指数ETF,000688.SH,500895290.0,17358900,23981712,0.6865,0.69076128095674,-0.109130593
2025-11-20,588940.SH,富国上证科创板50成份ETF,20250603,上证科创板50成份指数,上证科创板50成份指数收益率,富国基金管理有限公司,中信银行股份有限公司,股票型ETF,规模指数ETF,000688.SH,486555150.0,17628800,24162289,0.6795,0.68530725290434,0.110497238
2025-11-21,588940.SH,富国上证科创板50成份ETF,20250603,上证科创板50成份指数,上证科创板50成份指数收益率,富国基金管理有限公司,中信银行股份有限公司,股票型ETF,规模指数ETF,000688.SH,475014306.0,18968400,25149250,0.658,0.66292491723076,0.12934642
2025-11-24,588940.SH,富国上证科创板50成份ETF,20250603,上证科创板50成份指数,上证科创板50成份指数收益率,富国基金管理有限公司,中信银行股份有限公司,股票型ETF,规模指数ETF,000688.SH,478989926.0,16965400,22313967,0.6615,0.65763162082827,-0.173545612
2025-11-25,588940.SH,富国上证科创板50成份ETF,20250603,上证科创板50成份指数,上证科创板50成份指数收益率,富国基金管理有限公司,中信银行股份有限公司,股票型ETF,规模指数ETF,000688.SH,473028478.0,18953500,25356642,0.6665,0.66891713931464,0.157787963
2025-11-26,588940.SH,富国上证科创板50成份ETF,20250603,上证科创板50成份指数,上证科创板50成份指数收益率,富国基金管理有限公司,中信银行股份有限公司,股票型ETF,规模指数ETF,000688.SH,469655422.0,18770600,25170002,0.6725,0.67046343750333,0.066959304
2025-11-27,588940.SH,富国上证科创板50成份ETF,20250603,上证科创板50成份指数,上证科创板50成份指数收益率,富国基金管理有限公司,中信银行股份有限公司,股票型ETF,规模指数ETF,000688.SH,468117974.0,16294500,22217850,0.671,0.68175918254626,0.171680227
2025-11-28,588940.SH,富国上证科创板50成份ETF,20250603,上证科创板50成份指数,上证科创板50成份指数收益率,富国基金管理有限公司,中信银行股份有限公司,股票型ETF,规模指数ETF,000688.SH,469884088.0,14134700,19013415,0.678,0.67257936142967,-0.029489826
2025-12-01,588940.SH,富国上证科创板50成份ETF,20250603,上证科创板50成份指数,上证科创板50成份指数收益率,富国基金管理有限公司,中信银行股份有限公司,股票型ETF,规模指数ETF,000688.SH,469180404.0,12814200,17342799,0.6835,0.67670236924662,0.05855658
2025-12-02,588940.SH,富国上证科创板50成份ETF,20250603,上证科创板50成份指数,上证科创板50成份指数收益率,富国基金管理有限公司,中信银行股份有限公司,股票型ETF,规模指数ETF,000688.SH,467355222.0,11610000,15697996,0.6755,0.67605495262705,0.14083463
2025-12-03,588940.SH,富国上证科创板50成份ETF,20250603,上证科创板50成份指数,上证科创板50成份指数收益率,富国基金管理有限公司,中信银行股份有限公司,股票型ETF,规模指数ETF,000688.SH,515383624.0,41954500,56118127,0.6675,0.66879747106985,-0.164522884
2025-12-04,588940.SH,富国上证科创板50成份ETF,20250603,上证科创板50成份指数,上证科创板50成份指数收益率,富国基金管理有限公司,中信银行股份有限公司,股票型ETF,规模指数ETF,000688.SH,518293826.0,14451600,19368151,0.678,0.67010403692325,0.051649081
2025-12-05,588940.SH,富国上证科创板50成份ETF,20250603,上证科创板50成份指数,上证科创板50成份指数收益率,富国基金管理有限公司,中信银行股份有限公司,股票型ETF,规模指数ETF,000688.SH,511065434.0,17989100,24295436,0.6795,0.67528214307553,0.095750166
2025-12-08,588940.SH,富国上证科创板50成份ETF,20250603,上证科创板50成份指数,上证科创板50成份指数收益率,富国基金管理有限公司,中信银行股份有限公司,股票型ETF,规模指数ETF,000688.SH,483177976.0,48834800,67460530,0.6905,0.69070140555505,-0.130170668
2025-12-09,588940.SH,富国上证科创板50成份ETF,20250603,上证科创板50成份指数,上证科创板50成份指数收益率,富国基金管理有限公司,中信银行股份有限公司,股票型ETF,规模指数ETF,000688.SH,481920064.0,9888100,13635560,0.69,0.68949343149847,0.05800464
2025-12-10,588940.SH,富国上证科创板50成份ETF,20250603,上证科创板50成份指数,上证科创板50成份指数收益率,富国基金管理有限公司,中信银行股份有限公司,股票型ETF,规模指数ETF,000688.SH,482094774.0,9738200,13284702,0.69,0.68209227577992,0.021743857
2025-12-11,588940.SH,富国上证科创板50成份ETF,20250603,上证科创板50成份指数,上证科创板50成份指数收益率,富国基金管理有限公司,中信银行股份有限公司,股票型ETF,规模指数ETF,000688.SH,474931664.0,8586400,11773047,0.68,0.68556362387031,0.058858152
2025-12-12,588940.SH,富国上证科创板50成份ETF,20250603,上证科创板50成份指数,上证科创板50成份指数收益率,富国基金管理有限公司,中信银行股份有限公司,股票型ETF,规模指数ETF,000688.SH,478648514.0,12139100,16623547,0.691,0.68471085171059,0.021712383
2025-12-15,588940.SH,富国上证科创板50成份ETF,20250603,上证科创板50成份指数,上证科创板50成份指数收益率,富国基金管理有限公司,中信银行股份有限公司,股票型ETF,规模指数ETF,000688.SH,472066420.0,11634700,15893262,0.6765,0.68301125082727,0.14803849
2025-12-16,588940.SH,富国上证科创板50成份ETF,20250603,上证科创板50成份指数,上证科创板50成份指数收益率,富国基金管理有限公司,中信银行股份有限公司,股票型ETF,规模指数ETF,000688.SH,463121268.0,12530400,16687927,0.6625,0.66589761699547,-0.030179568
2025-12-17,588940.SH,富国上证科创板50成份ETF,20250603,上证科创板50成份指数,上证科创板50成份指数收益率,富国基金管理有限公司,中信银行股份有限公司,股票型ETF,规模指数ETF,000688.SH,512345262.0,47272900,64030354,0.68,0.67724165430934,-0.080816986
2025-12-18,588940.SH,富国上证科创板50成份ETF,20250603,上证科创板50成份指数,上证科创板50成份指数收益率,富国基金管理有限公司,中信银行股份有限公司,股票型ETF,规模指数ETF,000688.SH,464618504.0,40602600,54564586,0.671,0.67193462980203,0.059648076
2025-12-19,588940.SH,富国上证科创板50成份ETF,20250603,上证科创板50成份指数,上证科创板50成份指数收益率,富国基金管理有限公司,中信银行股份有限公司,股票型ETF,规模指数ETF,000688.SH,469655422.0,11340300,15299255,0.6725,0.67455248097493,0.066959304
2025-12-22,588940.SH,富国上证科创板50成份ETF,20250603,上证科创板50成份指数,上证科创板50成份指数收益率,富国基金管理有限公司,中信银行股份有限公司,股票型ETF,规模指数ETF,000688.SH,475011104.0,11301900,15423033,0.685,0.68232036206302,-0.087514586
2025-12-23,588940.SH,富国上证科创板50成份ETF,20250603,上证科创板50成份指数,上证科创板50成份指数收益率,富国基金管理有限公司,中信银行股份有限公司,股票型ETF,规模指数ETF,000688.SH,472545920.0,7752100,10681637,0.6875,0.68895118742018,-0.072674419
2025-12-24,588940.SH,富国上证科创板50成份ETF,20250603,上证科创板50成份指数,上证科创板50成份指数收益率,富国基金管理有限公司,中信银行股份有限公司,股票型ETF,规模指数ETF,000688.SH,472673170.0,10094100,13947102,0.6945,0.69085416233245,0.036010083
2025-12-25,588940.SH,富国上证科创板50成份ETF,20250603,上证科创板50成份指数,上证科创板50成份指数收益率,富国基金管理有限公司,中信银行股份有限公司,股票型ETF,规模指数ETF,000688.SH,471617868.0,6519400,9034152,0.6935,0.69286682823573,0.115490111
2025-12-26,588940.SH,富国上证科创板50成份ETF,20250603,上证科创板50成份指数,上证科创板50成份指数收益率,富国基金管理有限公司,中信银行股份有限公司,股票型ETF,规模指数ETF,000688.SH,466314440.0,8470700,11737696,0.69,0.69284096945943,-0.1447178
2025-12-29,588940.SH,富国上证科创板50成份ETF,20250603,上证科创板50成份指数,上证科创板50成份指数收益率,富国基金管理有限公司,中信银行股份有限公司,股票型ETF,规模指数ETF,000688.SH,462302208.0,12270800,17083554,0.6925,0.69610595886169,0.188078704
2025-12-30,588940.SH,富国上证科创板50成份ETF,20250603,上证科创板50成份指数,上证科创板50成份指数收益率,富国基金管理有限公司,中信银行股份有限公司,股票型ETF,规模指数ETF,000688.SH,475430572.0,11132600,15548963,0.6985,0.6983527208379,0.028640985
2025-12-31,588940.SH,富国上证科创板50成份ETF,20250603,上证科创板50成份指数,上证科创板50成份指数收益率,富国基金管理有限公司,中信银行股份有限公司,股票型ETF,规模指数ETF,000688.SH,469983852.0,11252500,15602800,0.6905,0.6933037102866,0.02897291
2026-01-05,588940.SH,富国上证科创板50成份ETF,20250603,上证科创板50成份指数,上证科创板50成份指数收益率,富国基金管理有限公司,中信银行股份有限公司,股票型ETF,规模指数ETF,000688.SH,494936904.0,23409700,33453480,0.721,0.71452175807464,0.055509298
2026-01-06,588940.SH,富国上证科创板50成份ETF,20250603,上证科创板50成份指数,上证科创板50成份指数收益率,富国基金管理有限公司,中信银行股份有限公司,股票型ETF,规模指数ETF,000688.SH,499600392.0,13846900,20266485,0.7345,0.73180585546223,0.09539384
2026-01-07,588940.SH,富国上证科创板50成份ETF,20250603,上证科创板50成份指数,上证科创板50成份指数收益率,富国基金管理有限公司,中信银行股份有限公司,股票型ETF,规模指数ETF,000688.SH,504570524.0,18357500,27120178,0.7415,0.73866752008716,0.053973823
2026-01-08,588940.SH,富国上证科创板50成份ETF,20250603,上证科创板50成份指数,上证科创板50成份指数收益率,富国基金管理有限公司,中信银行股份有限公司,股票型ETF,规模指数ETF,000688.SH,499824132.0,19610200,29491095,0.7465,0.75193254020867,-0.107052054
2026-01-09,588940.SH,富国上证科创板50成份ETF,20250603,上证科创板50成份指数,上证科创板50成份指数收益率,富国基金管理有限公司,中信银行股份有限公司,股票型ETF,规模指数ETF,000688.SH,497753352.0,30596300,45860716,0.758,0.74944872419214,0.026392188
2026-01-12,588940.SH,富国上证科创板50成份ETF,20250603,上证科创板50成份指数,上证科创板50成份指数收益率,富国基金管理有限公司,中信银行股份有限公司,股票型ETF,规模指数ETF,000688.SH,505051840.0,12804400,19711344,0.7765,0.76970978726063,0.06443299
2026-01-13,588940.SH,富国上证科创板50成份ETF,20250603,上证科创板50成份指数,上证科创板50成份指数收益率,富国基金管理有限公司,中信银行股份有限公司,股票型ETF,规模指数ETF,000688.SH,486531780.0,14879300,22752909,0.754,0.76458264165653,-0.066269052
2026-01-14,588940.SH,富国上证科创板50成份ETF,20250603,上证科创板50成份指数,上证科创板50成份指数收益率,富国基金管理有限公司,中信银行股份有限公司,股票型ETF,规模指数ETF,000688.SH,492194278.0,24042600,37220818,0.771,0.77405975227305,0.071386852
2026-01-15,588940.SH,富国上证科创板50成份ETF,20250603,上证科创板50成份指数,上证科创板50成份指数收益率,富国基金管理有限公司,中信银行股份有限公司,股票型ETF,规模指数ETF,000688.SH,485356638.0,24704900,37645159,0.765,0.76189660755559,-0.254253863
2026-01-16,588940.SH,富国上证科创板50成份ETF,20250603,上证科创板50成份指数,上证科创板50成份指数收益率,富国基金管理有限公司,中信银行股份有限公司,股票型ETF,规模指数ETF,000688.SH,477884390.0,22253900,34556119,0.7775,0.77640591087405,0.032164683
2026-01-19,588940.SH,富国上证科创板50成份ETF,20250603,上证科创板50成份指数,上证科创板50成份指数收益率,富国基金管理有限公司,中信银行股份有限公司,股票型ETF,规模指数ETF,000688.SH,475578740.0,18638100,28946607,0.775,0.7765439341993,0.193923723
2026-01-20,588940.SH,富国上证科创板50成份ETF,20250603,上证科创板50成份指数,上证科创板50成份指数收益率,富国基金管理有限公司,中信银行股份有限公司,股票型ETF,规模指数ETF,000688.SH,477244634.0,16648000,25612590,0.7625,0.76923924795771,0.151047481
2026-01-21,588940.SH,富国上证科创板50成份ETF,20250603,上证科创板50成份指数,上证科创板50成份指数收益率,富国基金管理有限公司,中信银行股份有限公司,股票型ETF,规模指数ETF,000688.SH,475068062.0,20026500,31381471,0.7885,0.78349863930292,0.057102976
2026-01-22,588940.SH,富国上证科创板50成份ETF,20250603,上证科创板50成份指数,上证科创板50成份指数收益率,富国基金管理有限公司,中信银行股份有限公司,股票型ETF,规模指数ETF,000688.SH,481683766.0,13367500,21179764,0.7915,0.7922111090331,0.044239398
2026-01-23,588940.SH,富国上证科创板50成份ETF,20250603,上证科创板50成份指数,上证科创板50成份指数收益率,富国基金管理有限公司,中信银行股份有限公司,股票型ETF,规模指数ETF,000688.SH,490211932.0,12727800,20105798,0.7975,0.78983791385785,0.025084661
2026-01-26,588940.SH,富国上证科创板50成份ETF,20250603,上证科创板50成份指数,上证科创板50成份指数收益率,富国基金管理有限公司,中信银行股份有限公司,股票型ETF,规模指数ETF,000688.SH,478883102.0,11497700,18292315,0.789,0.79547713890604,0.311486873
2026-01-27,588940.SH,富国上证科创板50成份ETF,20250603,上证科创板50成份指数,上证科创板50成份指数收益率,富国基金管理有限公司,中信银行股份有限公司,股票型ETF,规模指数ETF,000688.SH,486128298.0,9638700,15188791,0.7985,0.78790661603743,0.006262133
2026-01-28,588940.SH,富国上证科创板50成份ETF,20250603,上证科创板50成份指数,上证科创板50成份指数收益率,富国基金管理有限公司,中信银行股份有限公司,股票型ETF,规模指数ETF,000688.SH,481277314.0,12423000,19847336,0.798,0.79881413507204,-0.043840421
2026-01-29,588940.SH,富国上证科创板50成份ETF,20250603,上证科创板50成份指数,上证科创板50成份指数收益率,富国基金管理有限公司,中信银行股份有限公司,股票型ETF,规模指数ETF,000688.SH,480747454.0,15302800,24087192,0.7765,0.78701910761429,0.277652224
2026-01-30,588940.SH,富国上证科创板50成份ETF,20250603,上证科创板50成份指数,上证科创板50成份指数收益率,富国基金管理有限公司,中信银行股份有限公司,股票型ETF,规模指数ETF,000688.SH,472003210.0,17225300,26444809,0.774,0.76761533906521,-0.16123831
2026-02-02,588940.SH,富国上证科创板50成份ETF,20250603,上证科创板50成份指数,上证科创板50成份指数收益率,富国基金管理有限公司,中信银行股份有限公司,股票型ETF,规模指数ETF,000688.SH,471655652.0,24437700,37144218,0.748,0.759977780233,0.362270227
2026-02-03,588940.SH,富国上证科创板50成份ETF,20250603,上证科创板50成份指数,上证科创板50成份指数收益率,富国基金管理有限公司,中信银行股份有限公司,股票型ETF,规模指数ETF,000688.SH,487208862.0,14385600,21650803,0.757,0.75251650956512,0.191913176
2026-02-04,588940.SH,富国上证科创板50成份ETF,20250603,上证科创板50成份指数,上证科创板50成份指数收益率,富国基金管理有限公司,中信银行股份有限公司,股票型ETF,规模指数ETF,000688.SH,490363902.0,11088500,16463403,0.7475,0.74236384542544,0.127252026
2026-02-05,588940.SH,富国上证科创板50成份ETF,20250603,上证科创板50成份指数,上证科创板50成份指数收益率,富国基金管理有限公司,中信银行股份有限公司,股票型ETF,规模指数ETF,000688.SH,487750814.0,10827600,15896958,0.736,0.73409425911559,0.020384589
2026-02-06,588940.SH,富国上证科创板50成份ETF,20250603,上证科创板50成份指数,上证科创板50成份指数收益率,富国基金管理有限公司,中信银行股份有限公司,股票型ETF,规模指数ETF,000688.SH,493071846.0,10272900,15034437,0.7315,0.73175232894314,0.11633477
2026-02-09,588940.SH,富国上证科创板50成份ETF,20250603,上证科创板50成份指数,上证科创板50成份指数收益率,富国基金管理有限公司,中信银行股份有限公司,股票型ETF,规模指数ETF,000688.SH,505421418.0,13087300,19526850,0.748,0.74602286185844,-0.126844249
2026-02-10,588940.SH,富国上证科创板50成份ETF,20250603,上证科创板50成份指数,上证科创板50成份指数收益率,富国基金管理有限公司,中信银行股份有限公司,股票型ETF,规模指数ETF,000688.SH,501703596.0,10655600,16141477,0.7575,0.7574175550884,0.079270709
2026-02-11,588940.SH,富国上证科创板50成份ETF,20250603,上证科创板50成份指数,上证科创板50成份指数收益率,富国基金管理有限公司,中信银行股份有限公司,股票型ETF,规模指数ETF,000688.SH,496168882.0,4557100,6842111,0.75,0.75070889381405,0.193707835
2026-02-12,588940.SH,富国上证科创板50成份ETF,20250603,上证科创板50成份指数,上证科创板50成份指数收益率,富国基金管理有限公司,中信银行股份有限公司,股票型ETF,规模指数ETF,000688.SH,504951512.0,5799500,8759690,0.7615,0.75521079403397,-0.039380415
2026-02-13,588940.SH,富国上证科创板50成份ETF,20250603,上证科创板50成份指数,上证科创板50成份指数收益率,富国基金管理有限公司,中信银行股份有限公司,股票型ETF,规模指数ETF,000688.SH,501339034.0,7276900,11083546,0.7575,0.76155684426061,0.15204601
2026-02-24,588940.SH,富国上证科创板50成份ETF,20250603,上证科创板50成份指数,上证科创板50成份指数收益率,富国基金管理有限公司,中信银行股份有限公司,股票型ETF,规模指数ETF,000688.SH,499648792.0,4162000,6289306,0.755,0.75556295050457,0.15919342
2026-02-25,588940.SH,富国上证科创板50成份ETF,20250603,上证科创板50成份指数,上证科创板50成份指数收益率,富国基金管理有限公司,中信银行股份有限公司,股票型ETF,规模指数ETF,000688.SH,502333294.0,5775900,8736882,0.758,0.75632213161585,0.019792835
2026-02-26,588940.SH,富国上证科创板50成份ETF,20250603,上证科创板50成份指数,上证科创板50成份指数收益率,富国基金管理有限公司,中信银行股份有限公司,股票型ETF,规模指数ETF,000688.SH,506641754.0,7385100,11241695,0.765,0.76110648467861,0.085039576
2026-02-27,588940.SH,富国上证科创板50成份ETF,20250603,上证科创板50成份指数,上证科创板50成份指数收益率,富国基金管理有限公司,中信银行股份有限公司,股票型ETF,规模指数ETF,000688.SH,498185478.0,10731900,16308379,0.7655,0.75980856139174,0.006532105
2026-03-02,588940.SH,富国上证科创板50成份ETF,20250603,上证科创板50成份指数,上证科创板50成份指数收益率,富国基金管理有限公司,中信银行股份有限公司,股票型ETF,规模指数ETF,000688.SH,490375398.0,6532700,9875585,0.754,0.75585783825983,0.072997545
2026-03-03,588940.SH,富国上证科创板50成份ETF,20250603,上证科创板50成份指数,上证科创板50成份指数收益率,富国基金管理有限公司,中信银行股份有限公司,股票型ETF,规模指数ETF,000688.SH,486324012.0,18254200,26570647,0.7165,0.72779543885791,0.30799384
2026-03-04,588940.SH,富国上证科创板50成份ETF,20250603,上证科创板50成份指数,上证科创板50成份指数收益率,富国基金管理有限公司,中信银行股份有限公司,股票型ETF,规模指数ETF,000688.SH,488205872.0,11674100,16695190,0.7165,0.71505255223101,0.801913337
2026-03-05,588940.SH,富国上证科创板50成份ETF,20250603,上证科创板50成份指数,上证科创板50成份指数收益率,富国基金管理有限公司,中信银行股份有限公司,股票型ETF,规模指数ETF,000688.SH,496619662.0,8545100,12408891,0.723,0.72608225766814,-0.006915151
2026-03-06,588940.SH,富国上证科创板50成份ETF,20250603,上证科创板50成份指数,上证科创板50成份指数收益率,富国基金管理有限公司,中信银行股份有限公司,股票型ETF,规模指数ETF,000688.SH,499813468.0,4754300,6910554,0.727,0.72676881980523,-0.096193486
2026-03-09,588940.SH,富国上证科创板50成份ETF,20250603,上证科创板50成份指数,上证科创板50成份指数收益率,富国基金管理有限公司,中信银行股份有限公司,股票型ETF,规模指数ETF,000688.SH,495657736.0,11047600,15553805,0.716,0.70394497447409,0.083869164
2026-03-10,588940.SH,富国上证科创板50成份ETF,20250603,上证科创板50成份指数,上证科创板50成份指数收益率,富国基金管理有限公司,中信银行股份有限公司,股票型ETF,规模指数ETF,000688.SH,497591914.0,9636500,14033936,0.7305,0.72816562029783,-0.047889444
2026-03-11,588940.SH,富国上证科创板50成份ETF,20250603,上证科创板50成份指数,上证科创板50成份指数收益率,富国基金管理有限公司,中信银行股份有限公司,股票型ETF,规模指数ETF,000688.SH,499468356.0,10701300,15510167,0.722,0.72468611290217,0.152587044
2026-03-12,588940.SH,富国上证科创板50成份ETF,20250603,上证科创板50成份指数,上证科创板50成份指数收益率,富国基金管理有限公司,中信银行股份有限公司,股票型ETF,规模指数ETF,000688.SH,501810838.0,8968200,12786882,0.712,0.71290125108717,0.007022965
2026-03-13,588940.SH,富国上证科创板50成份ETF,20250603,上证科创板50成份指数,上证科创板50成份指数收益率,富国基金管理有限公司,中信银行股份有限公司,股票型ETF,规模指数ETF,000688.SH,497687524.0,5843400,8268617,0.7085,0.70751762672417,0.339895199
2026-03-16,588940.SH,富国上证科创板50成份ETF,20250603,上证科创板50成份指数,上证科创板50成份指数收益率,富国基金管理有限公司,中信银行股份有限公司,股票型ETF,规模指数ETF,000688.SH,506189164.0,10006000,14003941,0.7115,0.69977718368979,-0.084257829
2026-03-17,588940.SH,富国上证科创板50成份ETF,20250603,上证科创板50成份指数,上证科创板50成份指数收益率,富国基金管理有限公司,中信银行股份有限公司,股票型ETF,规模指数ETF,000688.SH,499207376.0,11679300,16466143,0.697,0.70492850598923,0.086157381
2026-03-18,588940.SH,富国上证科创板50成份ETF,20250603,上证科创板50成份指数,上证科创板50成份指数收益率,富国基金管理有限公司,中信银行股份有限公司,股票型ETF,规模指数ETF,000688.SH,505981514.0,8705300,12207553,0.706,0.70115636451357,0.021250974
2026-03-19,588940.SH,富国上证科创板50成份ETF,20250603,上证科创板50成份指数,上证科创板50成份指数收益率,富国基金管理有限公司,中信银行股份有限公司,股票型ETF,规模指数ETF,000688.SH,497747624.0,11948300,16511685,0.6895,0.69096377727375,0.130699971
2026-03-20,588940.SH,富国上证科创板50成份ETF,20250603,上证科创板50成份指数,上证科创板50成份指数收益率,富国基金管理有限公司,中信银行股份有限公司,股票型ETF,规模指数ETF,000688.SH,498258262.0,9530600,13078900,0.678,0.68615302289468,-0.007374087
2026-03-23,588940.SH,富国上证科创板50成份ETF,20250603,上证科创板50成份指数,上证科创板50成份指数收益率,富国基金管理有限公司,中信银行股份有限公司,股票型ETF,规模指数ETF,000688.SH,492259508.0,20706900,27296913,0.653,0.65912601596569,0.66286419
2026-03-24,588940.SH,富国上证科创板50成份ETF,20250603,上证科创板50成份指数,上证科创板50成份指数收益率,富国基金管理有限公司,中信银行股份有限公司,股票型ETF,规模指数ETF,000688.SH,511760676.0,19552100,25588070,0.6635,0.65435605382542,-0.060250038
2026-03-25,588940.SH,富国上证科创板50成份ETF,20250603,上证科创板50成份指数,上证科创板50成份指数收益率,富国基金管理有限公司,中信银行股份有限公司,股票型ETF,规模指数ETF,000688.SH,513507028.0,14733200,19923160,0.677,0.67613145820324,0.044332791
2026-03-26,588940.SH,富国上证科创板50成份ETF,20250603,上证科创板50成份指数,上证科创板50成份指数收益率,富国基金管理有限公司,中信银行股份有限公司,股票型ETF,规模指数ETF,000688.SH,503110920.0,8955200,11953031,0.663,0.66737934384492,0
2026-03-27,588940.SH,富国上证科创板50成份ETF,20250603,上证科创板50成份指数,上证科创板50成份指数收益率,富国基金管理有限公司,中信银行股份有限公司,股票型ETF,规模指数ETF,000688.SH,511792686.0,11927200,15843968,0.6685,0.6641947816755,-0.09713816
2026-03-30,588940.SH,富国上证科创板50成份ETF,20250603,上证科创板50成份指数,上证科创板50成份指数收益率,富国基金管理有限公司,中信银行股份有限公司,股票型ETF,规模指数ETF,000688.SH,507509582.0,7938300,10471582,0.6645,0.65956073718554,0.143169317
2026-03-31,588940.SH,富国上证科创板50成份ETF,20250603,上证科创板50成份指数,上证科创板50成份指数收益率,富国基金管理有限公司,中信银行股份有限公司,股票型ETF,规模指数ETF,000688.SH,502188218.0,10454900,13691856,0.6475,0.65480568919837,0.162425555
2026-04-01,588940.SH,富国上证科创板50成份ETF,20250603,上证科创板50成份指数,上证科创板50成份指数收益率,富国基金管理有限公司,中信银行股份有限公司,股票型ETF,规模指数ETF,000688.SH,514882578.0,12982000,17262224,0.6685,0.66485225697119,0.082341493
2026-04-02,588940.SH,富国上证科创板50成份ETF,20250603,上证科创板50成份指数,上证科创板50成份指数收益率,富国基金管理有限公司,中信银行股份有限公司,股票型ETF,规模指数ETF,000688.SH,504518738.0,16542400,21615842,0.651,0.65334661234162,0.238663484
2026-04-03,588940.SH,富国上证科创板50成份ETF,20250603,上证科创板50成份指数,上证科创板50成份指数收益率,富国基金管理有限公司,中信银行股份有限公司,股票型ETF,规模指数ETF,000688.SH,502188218.0,8716700,11320575,0.648,0.64936128351326,0.239771057
2026-04-07,588940.SH,富国上证科创板50成份ETF,20250603,上证科创板50成份指数,上证科创板50成份指数收益率,富国基金管理有限公司,中信银行股份有限公司,股票型ETF,规模指数ETF,000688.SH,509218620.0,10275600,13488545,0.656,0.65633855930554,0.076277651
2026-04-08,588940.SH,富国上证科创板50成份ETF,20250603,上证科创板50成份指数,上证科创板50成份指数收益率,富国基金管理有限公司,中信银行股份有限公司,股票型ETF,规模指数ETF,000688.SH,553208640.0,28394900,39011419,0.6975,0.68694411672519,0.215517241
2026-04-09,588940.SH,富国上证科创板50成份ETF,20250603,上证科创板50成份指数,上证科创板50成份指数收益率,富国基金管理有限公司,中信银行股份有限公司,股票型ETF,规模指数ETF,000688.SH,545443418.0,18768700,26002765,0.6915,0.69271619771215,0.007231181
2026-04-10,588940.SH,富国上证科创板50成份ETF,20250603,上证科创板50成份指数,上证科创板50成份指数收益率,富国基金管理有限公司,中信银行股份有限公司,股票型ETF,规模指数ETF,000688.SH,549592822.0,19059500,26867878,0.701,0.70484215220756,-0.149561997
2026-04-13,588940.SH,富国上证科创板50成份ETF,20250603,上证科创板50成份指数,上证科创板50成份指数收益率,富国基金管理有限公司,中信银行股份有限公司,股票型ETF,规模指数ETF,000688.SH,549691984.0,13503400,19145229,0.7075,0.70890401676615,-0.014132278
2026-04-14,588940.SH,富国上证科创板50成份ETF,20250603,上证科创板50成份指数,上证科创板50成份指数收益率,富国基金管理有限公司,中信银行股份有限公司,股票型ETF,规模指数ETF,000688.SH,561538794.0,12674200,18238081,0.723,0.71949633901943,0.020751193
2026-04-15,588940.SH,富国上证科创板50成份ETF,20250603,上证科创板50成份指数,上证科创板50成份指数收益率,富国基金管理有限公司,中信银行股份有限公司,股票型ETF,规模指数ETF,000688.SH,557779824.0,15262900,22261903,0.7235,0.72928155855047,-0.01381979
2026-04-16,588940.SH,富国上证科创板50成份ETF,20250603,上证科创板50成份指数,上证科创板50成份指数收益率,富国基金管理有限公司,中信银行股份有限公司,股票型ETF,规模指数ETF,000688.SH,559786396.0,12359000,17968458,0.7315,0.72693818270087,-0.054652275
2026-04-17,588940.SH,富国上证科创板50成份ETF,20250603,上证科创板50成份指数,上证科创板50成份指数收益率,富国基金管理有限公司,中信银行股份有限公司,股票型ETF,规模指数ETF,000688.SH,551417658.0,8078800,11835751,0.7315,0.73251912412735,-0.129701686
2026-04-20,588940.SH,富国上证科创板50成份ETF,20250603,上证科创板50成份指数,上证科创板50成份指数收益率,富国基金管理有限公司,中信银行股份有限公司,股票型ETF,规模指数ETF,000688.SH,561844492.0,11210700,16652329,0.7465,0.7426980028009,0.026798874
2026-04-21,588940.SH,富国上证科创板50成份ETF,20250603,上证科创板50成份指数,上证科创板50成份指数收益率,富国基金管理有限公司,中信银行股份有限公司,股票型ETF,规模指数ETF,000688.SH,553262116.0,12803400,18780298,0.7355,0.7334105784401,0.081643761
2026-04-22,588940.SH,富国上证科创板50成份ETF,20250603,上证科创板50成份指数,上证科创板50成份指数收益率,富国基金管理有限公司,中信银行股份有限公司,股票型ETF,规模指数ETF,000688.SH,553740858.0,13016600,19268007,0.7465,0.74013210054853,-0.127098803
2026-04-23,588940.SH,富国上证科创板50成份ETF,20250603,上证科创板50成份指数,上证科创板50成份指数收益率,富国基金管理有限公司,中信银行股份有限公司,股票型ETF,规模指数ETF,000688.SH,542201694.0,16463300,24377735,0.738,0.74036599588175,0.020329335
2026-04-24,588940.SH,富国上证科创板50成份ETF,20250603,上证科创板50成份指数,上证科创板50成份指数收益率,富国基金管理有限公司,中信银行股份有限公司,股票型ETF,规模指数ETF,000688.SH,537630000.0,21697000,32340779,0.75,0.7452822740471,0
2026-04-27,588940.SH,富国上证科创板50成份ETF,20250603,上证科创板50成份指数,上证科创板50成份指数收益率,富国基金管理有限公司,中信银行股份有限公司,股票型ETF,规模指数ETF,000688.SH,553140146.0,30422200,46793811,0.78,0.76907342335531,0.237743366
2026-04-28,588940.SH,富国上证科创板50成份ETF,20250603,上证科创板50成份指数,上证科创板50成份指数收益率,富国基金管理有限公司,中信银行股份有限公司,股票型ETF,规模指数ETF,000688.SH,545960662.0,22409300,34712282,0.7675,0.7745061648512,-0.071609921
2026-04-29,588940.SH,富国上证科创板50成份ETF,20250603,上证科创板50成份指数,上证科创板50成份指数收益率,富国基金管理有限公司,中信银行股份有限公司,股票型ETF,规模指数ETF,000688.SH,547737762.0,14885400,22688667,0.7705,0.7621114313354,-0.006488872
2026-04-30,588940.SH,富国上证科创板50成份ETF,20250603,上证科创板50成份指数,上证科创板50成份指数收益率,富国基金管理有限公司,中信银行股份有限公司,股票型ETF,规模指数ETF,000688.SH,556615136.0,28408400,45308312,0.81,0.79744568507906,-0.049358342
2026-05-06,588940.SH,富国上证科创板50成份ETF,20250603,上证科创板50成份指数,上证科创板50成份指数收益率,富国基金管理有限公司,中信银行股份有限公司,股票型ETF,规模指数ETF,000688.SH,556435658.0,52429300,91055737,0.857,0.86836689599136,0.239780104
2026-05-07,588940.SH,富国上证科创板50成份ETF,20250603,上证科创板50成份指数,上证科创板50成份指数收益率,富国基金管理有限公司,中信银行股份有限公司,股票型ETF,规模指数ETF,000688.SH,553427092.0,37819700,64831670,0.867,0.85711507494771,0.080803417
2026-05-08,588940.SH,富国上证科创板50成份ETF,20250603,上证科创板50成份指数,上证科创板50成份指数收益率,富国基金管理有限公司,中信银行股份有限公司,股票型ETF,规模指数ETF,000688.SH,530745428.0,34313600,58128889,0.848,0.84702405168796,0.153537262
2026-05-11,588940.SH,富国上证科创板50成份ETF,20250603,上证科创板50成份指数,上证科创板50成份指数收益率,富国基金管理有限公司,中信银行股份有限公司,股票型ETF,规模指数ETF,000688.SH,555348898.0,33463100,58850463,0.887,0.87933369891014,0.118516846
2026-05-12,588940.SH,富国上证科创板50成份ETF,20250603,上证科创板50成份指数,上证科创板50成份指数收益率,富国基金管理有限公司,中信银行股份有限公司,股票型ETF,规模指数ETF,000688.SH,557668206.0,36244100,64220139,0.892,0.88593921493429,0.264148823
2026-05-13,588940.SH,富国上证科创板50成份ETF,20250603,上证科创板50成份指数,上证科创板50成份指数收益率,富国基金管理有限公司,中信银行股份有限公司,股票型ETF,规模指数ETF,000688.SH,550634056.0,34369500,61068238,0.9125,0.88840742518803,-0.098532954
2026-05-14,588940.SH,富国上证科创板50成份ETF,20250603,上证科创板50成份指数,上证科创板50成份指数收益率,富国基金管理有限公司,中信银行股份有限公司,股票型ETF,规模指数ETF,000688.SH,541958926.0,31910300,57818906,0.8895,0.90595992516523,-0.073021401
2026-05-15,588940.SH,富国上证科创板50成份ETF,20250603,上证科创板50成份指数,上证科创板50成份指数收益率,富国基金管理有限公司,中信银行股份有限公司,股票型ETF,规模指数ETF,000688.SH,543421252.0,39227900,69049646,0.8755,0.88010887659039,0.022849309
2026-05-18,588940.SH,富国上证科创板50成份ETF,20250603,上证科创板50成份指数,上证科创板50成份指数收益率,富国基金管理有限公司,中信银行股份有限公司,股票型ETF,规模指数ETF,000688.SH,553186300.0,36185200,64087900,0.8845,0.88555403866774,0.226628895
2026-05-19,588940.SH,富国上证科创板50成份ETF,20250603,上证科创板50成份指数,上证科创板50成份指数收益率,富国基金管理有限公司,中信银行股份有限公司,股票型ETF,规模指数ETF,000688.SH,568689440.0,29625700,52579443,0.916,0.88739579149185,0
2026-05-20,588940.SH,富国上证科创板50成份ETF,20250603,上证科创板50成份指数,上证科创板50成份指数收益率,富国基金管理有限公司,中信银行股份有限公司,股票型ETF,规模指数ETF,000688.SH,598128726.0,37107200,69233327,0.9475,0.93288266158589,0.248637782
2026-05-21,588940.SH,富国上证科创板50成份ETF,20250603,上证科创板50成份指数,上证科创板50成份指数收益率,富国基金管理有限公司,中信银行股份有限公司,股票型ETF,规模指数ETF,000688.SH,592394568.0,55853700,105709567,0.9155,0.94630764837423,0.582289607
2026-05-22,588940.SH,富国上证科创板50成份ETF,20250603,上证科创板50成份指数,上证科创板50成份指数收益率,富国基金管理有限公司,中信银行股份有限公司,股票型ETF,规模指数ETF,000688.SH,595993370.0,34022161,62338762,0.9255,0.91614935923676,0.135244793
2026-05-25,588940.SH,富国上证科创板50成份ETF,20250603,上证科创板50成份指数,上证科创板50成份指数收益率,富国基金管理有限公司,中信银行股份有限公司,股票型ETF,规模指数ETF,000688.SH,613206230.0,41297100,78706171,0.98,0.9529261255633,0.178890877
2026-05-26,588940.SH,富国上证科创板50成份ETF,20250603,上证科创板50成份指数,上证科创板50成份指数收益率,富国基金管理有限公司,中信银行股份有限公司,股票型ETF,规模指数ETF,000688.SH,656057424.0,54141200,103642493,0.9675,0.95714994311172,0.404732254
2026-05-27,588940.SH,富国上证科创板50成份ETF,20250603,上证科创板50成份指数,上证科创板50成份指数收益率,富国基金管理有限公司,中信银行股份有限公司,股票型ETF,规模指数ETF,000688.SH,672145026.0,48368100,92743307,0.938,0.95872390067007,0.037327361
2026-05-28,588940.SH,富国上证科创板50成份ETF,20250603,上证科创板50成份指数,上证科创板50成份指数收益率,富国基金管理有限公司,中信银行股份有限公司,股票型ETF,规模指数ETF,000688.SH,677110642.0,39856139,75293625,0.9525,0.94456747303094,-0.005249068
2026-05-29,588940.SH,富国上证科创板50成份ETF,20250603,上证科创板50成份指数,上证科创板50成份指数收益率,富国基金管理有限公司,中信银行股份有限公司,股票型ETF,规模指数ETF,000688.SH,692027232.0,64630800,118638330,0.9055,0.91781573181827,0.077365164
2026-06-01,588940.SH,富国上证科创板50成份ETF,20250603,上证科创板50成份指数,上证科创板50成份指数收益率,富国基金管理有限公司,中信银行股份有限公司,股票型ETF,规模指数ETF,000688.SH,678047422.0,57737100,101310907,0.8605,0.87734668869756,0.110522948
2026-06-02,588940.SH,富国上证科创板50成份ETF,20250603,上证科创板50成份指数,上证科创板50成份指数收益率,富国基金管理有限公司,中信银行股份有限公司,股票型ETF,规模指数ETF,000688.SH,709934456.0,57893800,100544568,0.8735,0.86835350244759,0.011449508
2026-06-03,588940.SH,富国上证科创板50成份ETF,20250603,上证科创板50成份指数,上证科创板50成份指数收益率,富国基金管理有限公司,中信银行股份有限公司,股票型ETF,规模指数ETF,000688.SH,698332422.0,60221400,107903980,0.8935,0.89589398453042,0.162546942
2026-06-04,588940.SH,富国上证科创板50成份ETF,20250603,上证科创板50成份指数,上证科创板50成份指数收益率,富国基金管理有限公司,中信银行股份有限公司,股票型ETF,规模指数ETF,000688.SH,686941046.0,34033300,61066297,0.898,0.8971550951568,-0.016700996
2026-06-05,588940.SH,富国上证科创板50成份ETF,20250603,上证科创板50成份指数,上证科创板50成份指数收益率,富国基金管理有限公司,中信银行股份有限公司,股票型ETF,规模指数ETF,000688.SH,669869132.0,34604800,60578497,0.863,0.87529037879138,0.081178244
2026-06-08,588940.SH,富国上证科创板50成份ETF,20250603,上证科创板50成份指数,上证科创板50成份指数收益率,富国基金管理有限公司,中信银行股份有限公司,股票型ETF,规模指数ETF,000688.SH,660973294.0,43454600,72121496,0.8265,0.82984880772116,0.139334828
2026-06-09,588940.SH,富国上证科创板50成份ETF,20250603,上证科创板50成份指数,上证科创板50成份指数收益率,富国基金管理有限公司,中信银行股份有限公司,股票型ETF,规模指数ETF,000688.SH,673007548.0,39838900,67412683,0.8615,0.84606606859125,0.209375363
2026-06-10,588940.SH,富国上证科创板50成份ETF,20250603,上证科创板50成份指数,上证科创板50成份指数收益率,富国基金管理有限公司,中信银行股份有限公司,股票型ETF,规模指数ETF,000688.SH,663537886.0,39287100,67975711,0.8565,0.86511489776542,0.27512732
2026-06-11,588940.SH,富国上证科创板50成份ETF,20250603,上证科创板50成份指数,上证科创板50成份指数收益率,富国基金管理有限公司,中信银行股份有限公司,股票型ETF,规模指数ETF,000688.SH,677968538.0,29553400,50575527,0.8605,0.85566342620477,0.122171156
2026-06-12,588940.SH,富国上证科创板50成份ETF,20250603,上证科创板50成份指数,上证科创板50成份指数收益率,富国基金管理有限公司,中信银行股份有限公司,股票型ETF,规模指数ETF,000688.SH,681972720.0,38490130,67661682,0.8615,0.87894847328393,0.407925408
2026-06-15,588940.SH,富国上证科创板50成份ETF,20250603,上证科创板50成份指数,上证科创板50成份指数收益率,富国基金管理有限公司,中信银行股份有限公司,股票型ETF,规模指数ETF,000688.SH,700631996.0,46321738,82081607,0.9035,0.88599446549264,0.17740326
2026-06-16,588940.SH,富国上证科创板50成份ETF,20250603,上证科创板50成份指数,上证科创板50成份指数收益率,富国基金管理有限公司,中信银行股份有限公司,股票型ETF,规模指数ETF,000688.SH,710114164.0,39828064,71815340,0.9085,0.90156704578962,0.154338
2026-06-17,588940.SH,富国上证科创板50成份ETF,20250603,上证科创板50成份指数,上证科创板50成份指数收益率,富国基金管理有限公司,中信银行股份有限公司,股票型ETF,规模指数ETF,000688.SH,714859222.0,43907000,81041506,0.949,0.92287683057371,-0.057922174
2026-06-18,588940.SH,富国上证科创板50成份ETF,20250603,上证科创板50成份指数,上证科创板50成份指数收益率,富国基金管理有限公司,中信银行股份有限公司,股票型ETF,规模指数ETF,000688.SH,789508114.0,90149800,177306374,0.9885,0.9833985987767,0.268803571
2026-06-22,588940.SH,富国上证科创板50成份ETF,20250603,上证科创板50成份指数,上证科创板50成份指数收益率,富国基金管理有限公司,中信银行股份有限公司,股票型ETF,规模指数ETF,000688.SH,810914542.0,52946670,105232869,1.0075,0.99376286553999,0.243768967
2026-06-23,588940.SH,富国上证科创板50成份ETF,20250603,上证科创板50成份指数,上证科创板50成份指数收益率,富国基金管理有限公司,中信银行股份有限公司,股票型ETF,规模指数ETF,000688.SH,785460888.0,40666412,80917678,0.9905,0.99489571393709,0.232746408
2026-06-24,588940.SH,富国上证科创板50成份ETF,20250603,上证科创板50成份指数,上证科创板50成份指数收益率,富国基金管理有限公司,中信银行股份有限公司,股票型ETF,规模指数ETF,000688.SH,797931206.0,42966609,86587632,1.03,1.0076153787235,0.277466777
2026-06-25,588940.SH,富国上证科创板50成份ETF,20250603,上证科创板50成份指数,上证科创板50成份指数收益率,富国基金管理有限公司,中信银行股份有限公司,股票型ETF,规模指数ETF,000688.SH,835016286.0,37275709,78567225,1.0695,1.0538662725369,0.267191675
2026-06-26,588940.SH,富国上证科创板50成份ETF,20250603,上证科创板50成份指数,上证科创板50成份指数收益率,富国基金管理有限公司,中信银行股份有限公司,股票型ETF,规模指数ETF,000688.SH,852750444.0,47295800,99340166,1.0495,1.0502007154969,0.038127919
2026-06-29,588940.SH,富国上证科创板50成份ETF,20250603,上证科创板50成份指数,上证科创板50成份指数收益率,富国基金管理有限公司,中信银行股份有限公司,股票型ETF,规模指数ETF,000688.SH,878961942.0,49648800,106633768,1.101,1.073880617457,0.314336477
2026-06-30,588940.SH,富国上证科创板50成份ETF,20250603,上证科创板50成份指数,上证科创板50成份指数收益率,富国基金管理有限公司,中信银行股份有限公司,股票型ETF,规模指数ETF,000688.SH,933231948.0,43198400,97104789,1.1445,1.1239396482277,0.421163464
2026-07-01,588940.SH,富国上证科创板50成份ETF,20250603,上证科创板50成份指数,上证科创板50成份指数收益率,富国基金管理有限公司,中信银行股份有限公司,股票型ETF,规模指数ETF,000688.SH,1016798918.0,85978000,193944544,1.121,1.1278730838121,0.859237932
2026-07-02,588940.SH,富国上证科创板50成份ETF,20250603,上证科创板50成份指数,上证科创板50成份指数收益率,富国基金管理有限公司,中信银行股份有限公司,股票型ETF,规模指数ETF,000688.SH,1006243756.0,88425806,186272752,1.0465,1.0532714397876,2.007992982
2026-07-03,588940.SH,富国上证科创板50成份ETF,20250603,上证科创板50成份指数,上证科创板50成份指数收益率,富国基金管理有限公司,中信银行股份有限公司,股票型ETF,规模指数ETF,000688.SH,1055433316.0,80190931,164534038,1.0205,1.0258893115981,0.058829297
2026-07-06,588940.SH,富国上证科创板50成份ETF,20250603,上证科创板50成份指数,上证科创板50成份指数收益率,富国基金管理有限公司,中信银行股份有限公司,股票型ETF,规模指数ETF,000688.SH,1078506910.0,77746297,158969742,1.033,1.022362145428,0.266925504
2026-07-07,588940.SH,富国上证科创板50成份ETF,20250603,上证科创板50成份指数,上证科创板50成份指数收益率,富国基金管理有限公司,中信银行股份有限公司,股票型ETF,规模指数ETF,000688.SH,1094046430.0,63620500,131763729,1.034,1.0355445886153,0.072586499
2026-07-08,588940.SH,富国上证科创板50成份ETF,20250603,上证科创板50成份指数,上证科创板50成份指数收益率,富国基金管理有限公司,中信银行股份有限公司,股票型ETF,规模指数ETF,000688.SH,1108125746.0,71797424,150149584,1.043,1.0456474315847,0.225820401
2026-07-09,588940.SH,富国上证科创板50成份ETF,20250603,上证科创板50成份指数,上证科创板50成份指数收益率,富国基金管理有限公司,中信银行股份有限公司,股票型ETF,规模指数ETF,000688.SH,1221930798.0,98924299,214210870,1.131,1.0827009752174,0.225973681
2026-07-10,588940.SH,富国上证科创板50成份ETF,20250603,上证科创板50成份指数,上证科创板50成份指数收益率,富国基金管理有限公司,中信银行股份有限公司,股票型ETF,规模指数ETF,000688.SH,1307750098.0,164266181,370392110,1.0755,1.127414382392,0.895914443
2026-07-13,588940.SH,富国上证科创板50成份ETF,20250603,上证科创板50成份指数,上证科创板50成份指数收益率,富国基金管理有限公司,中信银行股份有限公司,股票型ETF,规模指数ETF,000688.SH,1293162676.0,104619171,220265799,1.031,1.0527028502262,0.204101468
2026-07-14,588940.SH,富国上证科创板50成份ETF,20250603,上证科创板50成份指数,上证科创板50成份指数收益率,富国基金管理有限公司,中信银行股份有限公司,股票型ETF,规模指数ETF,000688.SH,1359078912.0,107537725,218996694,1.041,1.018231946045,0.405092593
2026-07-15,588940.SH,富国上证科创板50成份ETF,20250603,上证科创板50成份指数,上证科创板50成份指数收益率,富国基金管理有限公司,中信银行股份有限公司,股票型ETF,规模指数ETF,000688.SH,1354944910.0,99556986,201306355,0.996,1.0110106939155,0.327373458
2026-07-16,588940.SH,富国上证科创板50成份ETF,20250603,上证科创板50成份指数,上证科创板50成份指数收益率,富国基金管理有限公司,中信银行股份有限公司,股票型ETF,规模指数ETF,000688.SH,1340577836.0,97011519,188429394,0.952,0.97117020711736,-0.094448526
2026-07-17,588940.SH,富国上证科创板50成份ETF,20250603,上证科创板50成份指数,上证科创板50成份指数收益率,富国基金管理有限公司,中信银行股份有限公司,股票型ETF,规模指数ETF,000688.SH,1478776942.0,231584459,418896029,0.8865,0.90441308283126,0.163832552
2026-07-20,588940.SH,富国上证科创板50成份ETF,20250603,上证科创板50成份指数,上证科创板50成份指数收益率,富国基金管理有限公司,中信银行股份有限公司,股票型ETF,规模指数ETF,000688.SH,1635450660.0,201392506,355170674,0.8885,0.88178721506152,0.225606317
2026-07-21,588940.SH,富国上证科创板50成份ETF,20250603,上证科创板50成份指数,上证科创板50成份指数收益率,富国基金管理有限公司,中信银行股份有限公司,股票型ETF,规模指数ETF,000688.SH,1857822460.0,207344630,383623284,0.989,0.92508613316872,0.764136526
2026-07-22,588940.SH,富国上证科创板50成份ETF,20250603,上证科创板50成份指数,上证科创板50成份指数收益率,富国基金管理有限公司,中信银行股份有限公司,股票型ETF,规模指数ETF,000688.SH,1873554696.0,174933717,340790869,0.954,0.9740571310218,-0.562851782
2026-07-23,588940.SH,富国上证科创板50成份ETF,20250603,上证科创板50成份指数,上证科创板50成份指数收益率,富国基金管理有限公司,中信银行股份有限公司,股票型ETF,规模指数ETF,000688.SH,2046697530.0,209559900,392360520,0.9245,0.93615362481085,0.135391281
2026-07-24,588940.SH,富国上证科创板50成份ETF,20250603,上证科创板50成份指数,上证科创板50成份指数收益率,富国基金管理有限公司,中信银行股份有限公司,股票型ETF,规模指数ETF,000688.SH,2248244654.0,219505232,407697355,0.9225,0.92867343362458,0.070510387
2026-07-27,588940.SH,富国上证科创板50成份ETF,20250603,上证科创板50成份指数,上证科创板50成份指数收益率,富国基金管理有限公司,中信银行股份有限公司,股票型ETF,规模指数ETF,000688.SH,2414438832.0,166087073,305197689,0.934,0.91878820996502,99.828840394
2026-07-28,588940.SH,富国上证科创板50成份ETF,20250603,上证科创板50成份指数,上证科创板50成份指数收益率,富国基金管理有限公司,中信银行股份有限公司,股票型ETF,规模指数ETF,000688.SH,2345860188.0,228863160,204909654,0.874,0.89533699525953,-0.19413041
2026-07-29,588940.SH,富国上证科创板50成份ETF,20250603,上证科创板50成份指数,上证科创板50成份指数收益率,富国基金管理有限公司,中信银行股份有限公司,股票型ETF,规模指数ETF,000688.SH,2415159540.0,302465700,258974016,0.87,0.85620953384136,0.172711572
2026-07-30,588940.SH,富国上证科创板50成份ETF,20250603,上证科创板50成份指数,上证科创板50成份指数收益率,富国基金管理有限公司,中信银行股份有限公司,股票型ETF,规模指数ETF,000688.SH,2414082480.0,350151600,291456418,0.821,0.83237208683325,-0.121654501
2026-07-31,588940.SH,富国上证科创板50成份ETF,20250603,上证科创板50成份指数,上证科创板50成份指数收益率,富国基金管理有限公司,中信银行股份有限公司,股票型ETF,规模指数ETF,000688.SH,2476169544.0,373429472,325478278,0.845,0.8715923685852,-0.188991259
2026-08-03,588940.SH,富国上证科创板50成份ETF,20250603,上证科创板50成份指数,上证科创板50成份指数收益率,富国基金管理有限公司,中信银行股份有限公司,股票型ETF,规模指数ETF,000688.SH,2404336276.0,311639800,253447868,0.803,0.81327182214852,-0.111954223
2026-08-04,588940.SH,富国上证科创板50成份ETF,20250603,上证科创板50成份指数,上证科创板50成份指数收益率,富国基金管理有限公司,中信银行股份有限公司,股票型ETF,规模指数ETF,000688.SH,2407052028.0,297620364,245739615,0.836,0.8256814543779,-0.083662005
2026-08-05,588940.SH,富国上证科创板50成份ETF,20250603,上证科创板50成份指数,上证科创板50成份指数收益率,富国基金管理有限公司,中信银行股份有限公司,股票型ETF,规模指数ETF,000688.SH,2416094576.0,281733835,243559660,0.876,0.86450269631264,-0.04564126
2026-08-06,588940.SH,富国上证科创板50成份ETF,20250603,上证科创板50成份指数,上证科创板50成份指数收益率,富国基金管理有限公司,中信银行股份有限公司,股票型ETF,规模指数ETF,000688.SH,2437409852.0,226903738,198152432,0.881,0.87328853083945,0.079518346
2026-08-07,588940.SH,富国上证科创板50成份ETF,20250603,上证科创板50成份指数,上证科创板50成份指数收益率,富国基金管理有限公司,中信银行股份有限公司,股票型ETF,规模指数ETF,000688.SH,2450414584.0,170235948,151701982,0.901,0.8911277775479,-0.177265677
2026-08-10,588940.SH,富国上证科创板50成份ETF,20250603,上证科创板50成份指数,上证科创板50成份指数收益率,富国基金管理有限公司,中信银行股份有限公司,股票型ETF,规模指数ETF,000688.SH,2484622012.0,161270500,143866714,0.9,0.89208326383313,0.077838319
2026-08-11,588940.SH,富国上证科创板50成份ETF,20250603,上证科创板50成份指数,上证科创板50成份指数收益率,富国基金管理有限公司,中信银行股份有限公司,股票型ETF,规模指数ETF,000688.SH,2481722432.0,140136281,125120234,0.885,0.89284682815295,0.022603978
2026-08-12,588940.SH,富国上证科创板50成份ETF,20250603,上证科创板50成份指数,上证科创板50成份指数收益率,富国基金管理有限公司,中信银行股份有限公司,股票型ETF,规模指数ETF,000688.SH,2521551160.0,135889700,121953454,0.9,0.89744442735542,0.111234705
2026-08-13,588940.SH,富国上证科创板50成份ETF,20250603,上证科创板50成份指数,上证科创板50成份指数收益率,富国基金管理有限公司,中信银行股份有限公司,股票型ETF,规模指数ETF,000688.SH,2499398928.0,151352100,137794631,0.891,0.91042430861547,0.20242915
2026-08-14,588940.SH,富国上证科创板50成份ETF,20250603,上证科创板50成份指数,上证科创板50成份指数收益率,富国基金管理有限公司,中信银行股份有限公司,股票型ETF,规模指数ETF,000688.SH,2558086128.0,140292200,124589261,0.89,0.88806976439175,0.089968511
2026-08-17,588940.SH,富国上证科创板50成份ETF,20250603,上证科创板50成份指数,上证科创板50成份指数收益率,富国基金管理有限公司,中信银行股份有限公司,股票型ETF,规模指数ETF,000688.SH,2580892524.0,159815877,145557934,0.926,0.91078519063535,-0.01079797
2026-08-18,588940.SH,富国上证科创板50成份ETF,20250603,上证科创板50成份指数,上证科创板50成份指数收益率,富国基金管理有限公司,中信银行股份有限公司,股票型ETF,规模指数ETF,000688.SH,2600647648.0,160205578,147418354,0.927,0.92018240463512,-0.021570319
2026-08-19,588940.SH,富国上证科创板50成份ETF,20250603,上证科创板50成份指数,上证科创板50成份指数收益率,富国基金管理有限公司,中信银行股份有限公司,股票型ETF,规模指数ETF,000688.SH,2546618224.0,239179400,209954724,0.864,0.87781273805353,0.04631774
2026-08-20,588940.SH,富国上证科创板50成份ETF,20250603,上证科创板50成份指数,上证科创板50成份指数收益率,富国基金管理有限公司,中信银行股份有限公司,股票型ETF,规模指数ETF,000688.SH,2519365324.0,262608400,225669758,0.857,0.85933944991859,0.105127906
2026-08-21,588940.SH,富国上证科创板50成份ETF,20250603,上证科创板50成份指数,上证科创板50成份指数收益率,富国基金管理有限公司,中信银行股份有限公司,股票型ETF,规模指数ETF,000688.SH,2530820460.0,148919700,127627823,0.857,0.85702444337452,0.058377116
2026-08-24,588940.SH,富国上证科创板50成份ETF,20250603,上证科创板50成份指数,上证科创板50成份指数收益率,富国基金管理有限公司,中信银行股份有限公司,股票型ETF,规模指数ETF,000688.SH,2492357200.0,171963500,143008006,0.831,0.83161837250347,0.120481928
2026-08-25,588940.SH,富国上证科创板50成份ETF,20250603,上证科创板50成份指数,上证科创板50成份指数收益率,富国基金管理有限公司,中信银行股份有限公司,股票型ETF,规模指数ETF,000688.SH,2505935008.0,127264423,105186339,0.831,0.8265180206726,-0.024061598
