日期,代码,名称,上市日期,对标指数,benchmark,管理人,托管人,类别大类,类别细类,对标指数代码,规模,成交量,成交额,收盘价,VWAP,溢价率
2021-01-04,589200.SH,科创200ETF工银,20250808,上证科创板200指数,上证科创板200指数收益率,工银瑞信基金管理有限公司,中信证券股份有限公司,股票型ETF,规模指数ETF,000699.SH,,,,,,
2021-01-05,589200.SH,科创200ETF工银,20250808,上证科创板200指数,上证科创板200指数收益率,工银瑞信基金管理有限公司,中信证券股份有限公司,股票型ETF,规模指数ETF,000699.SH,,,,,,
2021-01-06,589200.SH,科创200ETF工银,20250808,上证科创板200指数,上证科创板200指数收益率,工银瑞信基金管理有限公司,中信证券股份有限公司,股票型ETF,规模指数ETF,000699.SH,,,,,,
2021-01-07,589200.SH,科创200ETF工银,20250808,上证科创板200指数,上证科创板200指数收益率,工银瑞信基金管理有限公司,中信证券股份有限公司,股票型ETF,规模指数ETF,000699.SH,,,,,,
2021-01-08,589200.SH,科创200ETF工银,20250808,上证科创板200指数,上证科创板200指数收益率,工银瑞信基金管理有限公司,中信证券股份有限公司,股票型ETF,规模指数ETF,000699.SH,,,,,,
2021-01-11,589200.SH,科创200ETF工银,20250808,上证科创板200指数,上证科创板200指数收益率,工银瑞信基金管理有限公司,中信证券股份有限公司,股票型ETF,规模指数ETF,000699.SH,,,,,,
2021-01-12,589200.SH,科创200ETF工银,20250808,上证科创板200指数,上证科创板200指数收益率,工银瑞信基金管理有限公司,中信证券股份有限公司,股票型ETF,规模指数ETF,000699.SH,,,,,,
2021-01-13,589200.SH,科创200ETF工银,20250808,上证科创板200指数,上证科创板200指数收益率,工银瑞信基金管理有限公司,中信证券股份有限公司,股票型ETF,规模指数ETF,000699.SH,,,,,,
2021-01-14,589200.SH,科创200ETF工银,20250808,上证科创板200指数,上证科创板200指数收益率,工银瑞信基金管理有限公司,中信证券股份有限公司,股票型ETF,规模指数ETF,000699.SH,,,,,,
2021-01-15,589200.SH,科创200ETF工银,20250808,上证科创板200指数,上证科创板200指数收益率,工银瑞信基金管理有限公司,中信证券股份有限公司,股票型ETF,规模指数ETF,000699.SH,,,,,,
2021-01-18,589200.SH,科创200ETF工银,20250808,上证科创板200指数,上证科创板200指数收益率,工银瑞信基金管理有限公司,中信证券股份有限公司,股票型ETF,规模指数ETF,000699.SH,,,,,,
2021-01-19,589200.SH,科创200ETF工银,20250808,上证科创板200指数,上证科创板200指数收益率,工银瑞信基金管理有限公司,中信证券股份有限公司,股票型ETF,规模指数ETF,000699.SH,,,,,,
2021-01-20,589200.SH,科创200ETF工银,20250808,上证科创板200指数,上证科创板200指数收益率,工银瑞信基金管理有限公司,中信证券股份有限公司,股票型ETF,规模指数ETF,000699.SH,,,,,,
2021-01-21,589200.SH,科创200ETF工银,20250808,上证科创板200指数,上证科创板200指数收益率,工银瑞信基金管理有限公司,中信证券股份有限公司,股票型ETF,规模指数ETF,000699.SH,,,,,,
2021-01-22,589200.SH,科创200ETF工银,20250808,上证科创板200指数,上证科创板200指数收益率,工银瑞信基金管理有限公司,中信证券股份有限公司,股票型ETF,规模指数ETF,000699.SH,,,,,,
2021-01-25,589200.SH,科创200ETF工银,20250808,上证科创板200指数,上证科创板200指数收益率,工银瑞信基金管理有限公司,中信证券股份有限公司,股票型ETF,规模指数ETF,000699.SH,,,,,,
2021-01-26,589200.SH,科创200ETF工银,20250808,上证科创板200指数,上证科创板200指数收益率,工银瑞信基金管理有限公司,中信证券股份有限公司,股票型ETF,规模指数ETF,000699.SH,,,,,,
2021-01-27,589200.SH,科创200ETF工银,20250808,上证科创板200指数,上证科创板200指数收益率,工银瑞信基金管理有限公司,中信证券股份有限公司,股票型ETF,规模指数ETF,000699.SH,,,,,,
2021-01-28,589200.SH,科创200ETF工银,20250808,上证科创板200指数,上证科创板200指数收益率,工银瑞信基金管理有限公司,中信证券股份有限公司,股票型ETF,规模指数ETF,000699.SH,,,,,,
2021-01-29,589200.SH,科创200ETF工银,20250808,上证科创板200指数,上证科创板200指数收益率,工银瑞信基金管理有限公司,中信证券股份有限公司,股票型ETF,规模指数ETF,000699.SH,,,,,,
2021-02-01,589200.SH,科创200ETF工银,20250808,上证科创板200指数,上证科创板200指数收益率,工银瑞信基金管理有限公司,中信证券股份有限公司,股票型ETF,规模指数ETF,000699.SH,,,,,,
2021-02-02,589200.SH,科创200ETF工银,20250808,上证科创板200指数,上证科创板200指数收益率,工银瑞信基金管理有限公司,中信证券股份有限公司,股票型ETF,规模指数ETF,000699.SH,,,,,,
2021-02-03,589200.SH,科创200ETF工银,20250808,上证科创板200指数,上证科创板200指数收益率,工银瑞信基金管理有限公司,中信证券股份有限公司,股票型ETF,规模指数ETF,000699.SH,,,,,,
2021-02-04,589200.SH,科创200ETF工银,20250808,上证科创板200指数,上证科创板200指数收益率,工银瑞信基金管理有限公司,中信证券股份有限公司,股票型ETF,规模指数ETF,000699.SH,,,,,,
2021-02-05,589200.SH,科创200ETF工银,20250808,上证科创板200指数,上证科创板200指数收益率,工银瑞信基金管理有限公司,中信证券股份有限公司,股票型ETF,规模指数ETF,000699.SH,,,,,,
2021-02-08,589200.SH,科创200ETF工银,20250808,上证科创板200指数,上证科创板200指数收益率,工银瑞信基金管理有限公司,中信证券股份有限公司,股票型ETF,规模指数ETF,000699.SH,,,,,,
2021-02-09,589200.SH,科创200ETF工银,20250808,上证科创板200指数,上证科创板200指数收益率,工银瑞信基金管理有限公司,中信证券股份有限公司,股票型ETF,规模指数ETF,000699.SH,,,,,,
2021-02-10,589200.SH,科创200ETF工银,20250808,上证科创板200指数,上证科创板200指数收益率,工银瑞信基金管理有限公司,中信证券股份有限公司,股票型ETF,规模指数ETF,000699.SH,,,,,,
2021-02-18,589200.SH,科创200ETF工银,20250808,上证科创板200指数,上证科创板200指数收益率,工银瑞信基金管理有限公司,中信证券股份有限公司,股票型ETF,规模指数ETF,000699.SH,,,,,,
2021-02-19,589200.SH,科创200ETF工银,20250808,上证科创板200指数,上证科创板200指数收益率,工银瑞信基金管理有限公司,中信证券股份有限公司,股票型ETF,规模指数ETF,000699.SH,,,,,,
2021-02-22,589200.SH,科创200ETF工银,20250808,上证科创板200指数,上证科创板200指数收益率,工银瑞信基金管理有限公司,中信证券股份有限公司,股票型ETF,规模指数ETF,000699.SH,,,,,,
2021-02-23,589200.SH,科创200ETF工银,20250808,上证科创板200指数,上证科创板200指数收益率,工银瑞信基金管理有限公司,中信证券股份有限公司,股票型ETF,规模指数ETF,000699.SH,,,,,,
2021-02-24,589200.SH,科创200ETF工银,20250808,上证科创板200指数,上证科创板200指数收益率,工银瑞信基金管理有限公司,中信证券股份有限公司,股票型ETF,规模指数ETF,000699.SH,,,,,,
2021-02-25,589200.SH,科创200ETF工银,20250808,上证科创板200指数,上证科创板200指数收益率,工银瑞信基金管理有限公司,中信证券股份有限公司,股票型ETF,规模指数ETF,000699.SH,,,,,,
2021-02-26,589200.SH,科创200ETF工银,20250808,上证科创板200指数,上证科创板200指数收益率,工银瑞信基金管理有限公司,中信证券股份有限公司,股票型ETF,规模指数ETF,000699.SH,,,,,,
2021-03-01,589200.SH,科创200ETF工银,20250808,上证科创板200指数,上证科创板200指数收益率,工银瑞信基金管理有限公司,中信证券股份有限公司,股票型ETF,规模指数ETF,000699.SH,,,,,,
2021-03-02,589200.SH,科创200ETF工银,20250808,上证科创板200指数,上证科创板200指数收益率,工银瑞信基金管理有限公司,中信证券股份有限公司,股票型ETF,规模指数ETF,000699.SH,,,,,,
2021-03-03,589200.SH,科创200ETF工银,20250808,上证科创板200指数,上证科创板200指数收益率,工银瑞信基金管理有限公司,中信证券股份有限公司,股票型ETF,规模指数ETF,000699.SH,,,,,,
2021-03-04,589200.SH,科创200ETF工银,20250808,上证科创板200指数,上证科创板200指数收益率,工银瑞信基金管理有限公司,中信证券股份有限公司,股票型ETF,规模指数ETF,000699.SH,,,,,,
2021-03-05,589200.SH,科创200ETF工银,20250808,上证科创板200指数,上证科创板200指数收益率,工银瑞信基金管理有限公司,中信证券股份有限公司,股票型ETF,规模指数ETF,000699.SH,,,,,,
2021-03-08,589200.SH,科创200ETF工银,20250808,上证科创板200指数,上证科创板200指数收益率,工银瑞信基金管理有限公司,中信证券股份有限公司,股票型ETF,规模指数ETF,000699.SH,,,,,,
2021-03-09,589200.SH,科创200ETF工银,20250808,上证科创板200指数,上证科创板200指数收益率,工银瑞信基金管理有限公司,中信证券股份有限公司,股票型ETF,规模指数ETF,000699.SH,,,,,,
2021-03-10,589200.SH,科创200ETF工银,20250808,上证科创板200指数,上证科创板200指数收益率,工银瑞信基金管理有限公司,中信证券股份有限公司,股票型ETF,规模指数ETF,000699.SH,,,,,,
2021-03-11,589200.SH,科创200ETF工银,20250808,上证科创板200指数,上证科创板200指数收益率,工银瑞信基金管理有限公司,中信证券股份有限公司,股票型ETF,规模指数ETF,000699.SH,,,,,,
2021-03-12,589200.SH,科创200ETF工银,20250808,上证科创板200指数,上证科创板200指数收益率,工银瑞信基金管理有限公司,中信证券股份有限公司,股票型ETF,规模指数ETF,000699.SH,,,,,,
2021-03-15,589200.SH,科创200ETF工银,20250808,上证科创板200指数,上证科创板200指数收益率,工银瑞信基金管理有限公司,中信证券股份有限公司,股票型ETF,规模指数ETF,000699.SH,,,,,,
2021-03-16,589200.SH,科创200ETF工银,20250808,上证科创板200指数,上证科创板200指数收益率,工银瑞信基金管理有限公司,中信证券股份有限公司,股票型ETF,规模指数ETF,000699.SH,,,,,,
2021-03-17,589200.SH,科创200ETF工银,20250808,上证科创板200指数,上证科创板200指数收益率,工银瑞信基金管理有限公司,中信证券股份有限公司,股票型ETF,规模指数ETF,000699.SH,,,,,,
2021-03-18,589200.SH,科创200ETF工银,20250808,上证科创板200指数,上证科创板200指数收益率,工银瑞信基金管理有限公司,中信证券股份有限公司,股票型ETF,规模指数ETF,000699.SH,,,,,,
2021-03-19,589200.SH,科创200ETF工银,20250808,上证科创板200指数,上证科创板200指数收益率,工银瑞信基金管理有限公司,中信证券股份有限公司,股票型ETF,规模指数ETF,000699.SH,,,,,,
2021-03-22,589200.SH,科创200ETF工银,20250808,上证科创板200指数,上证科创板200指数收益率,工银瑞信基金管理有限公司,中信证券股份有限公司,股票型ETF,规模指数ETF,000699.SH,,,,,,
2021-03-23,589200.SH,科创200ETF工银,20250808,上证科创板200指数,上证科创板200指数收益率,工银瑞信基金管理有限公司,中信证券股份有限公司,股票型ETF,规模指数ETF,000699.SH,,,,,,
2021-03-24,589200.SH,科创200ETF工银,20250808,上证科创板200指数,上证科创板200指数收益率,工银瑞信基金管理有限公司,中信证券股份有限公司,股票型ETF,规模指数ETF,000699.SH,,,,,,
2021-03-25,589200.SH,科创200ETF工银,20250808,上证科创板200指数,上证科创板200指数收益率,工银瑞信基金管理有限公司,中信证券股份有限公司,股票型ETF,规模指数ETF,000699.SH,,,,,,
2021-03-26,589200.SH,科创200ETF工银,20250808,上证科创板200指数,上证科创板200指数收益率,工银瑞信基金管理有限公司,中信证券股份有限公司,股票型ETF,规模指数ETF,000699.SH,,,,,,
2021-03-29,589200.SH,科创200ETF工银,20250808,上证科创板200指数,上证科创板200指数收益率,工银瑞信基金管理有限公司,中信证券股份有限公司,股票型ETF,规模指数ETF,000699.SH,,,,,,
2021-03-30,589200.SH,科创200ETF工银,20250808,上证科创板200指数,上证科创板200指数收益率,工银瑞信基金管理有限公司,中信证券股份有限公司,股票型ETF,规模指数ETF,000699.SH,,,,,,
2021-03-31,589200.SH,科创200ETF工银,20250808,上证科创板200指数,上证科创板200指数收益率,工银瑞信基金管理有限公司,中信证券股份有限公司,股票型ETF,规模指数ETF,000699.SH,,,,,,
2021-04-01,589200.SH,科创200ETF工银,20250808,上证科创板200指数,上证科创板200指数收益率,工银瑞信基金管理有限公司,中信证券股份有限公司,股票型ETF,规模指数ETF,000699.SH,,,,,,
2021-04-02,589200.SH,科创200ETF工银,20250808,上证科创板200指数,上证科创板200指数收益率,工银瑞信基金管理有限公司,中信证券股份有限公司,股票型ETF,规模指数ETF,000699.SH,,,,,,
2021-04-06,589200.SH,科创200ETF工银,20250808,上证科创板200指数,上证科创板200指数收益率,工银瑞信基金管理有限公司,中信证券股份有限公司,股票型ETF,规模指数ETF,000699.SH,,,,,,
2021-04-07,589200.SH,科创200ETF工银,20250808,上证科创板200指数,上证科创板200指数收益率,工银瑞信基金管理有限公司,中信证券股份有限公司,股票型ETF,规模指数ETF,000699.SH,,,,,,
2021-04-08,589200.SH,科创200ETF工银,20250808,上证科创板200指数,上证科创板200指数收益率,工银瑞信基金管理有限公司,中信证券股份有限公司,股票型ETF,规模指数ETF,000699.SH,,,,,,
2021-04-09,589200.SH,科创200ETF工银,20250808,上证科创板200指数,上证科创板200指数收益率,工银瑞信基金管理有限公司,中信证券股份有限公司,股票型ETF,规模指数ETF,000699.SH,,,,,,
2021-04-12,589200.SH,科创200ETF工银,20250808,上证科创板200指数,上证科创板200指数收益率,工银瑞信基金管理有限公司,中信证券股份有限公司,股票型ETF,规模指数ETF,000699.SH,,,,,,
2021-04-13,589200.SH,科创200ETF工银,20250808,上证科创板200指数,上证科创板200指数收益率,工银瑞信基金管理有限公司,中信证券股份有限公司,股票型ETF,规模指数ETF,000699.SH,,,,,,
2021-04-14,589200.SH,科创200ETF工银,20250808,上证科创板200指数,上证科创板200指数收益率,工银瑞信基金管理有限公司,中信证券股份有限公司,股票型ETF,规模指数ETF,000699.SH,,,,,,
2021-04-15,589200.SH,科创200ETF工银,20250808,上证科创板200指数,上证科创板200指数收益率,工银瑞信基金管理有限公司,中信证券股份有限公司,股票型ETF,规模指数ETF,000699.SH,,,,,,
2021-04-16,589200.SH,科创200ETF工银,20250808,上证科创板200指数,上证科创板200指数收益率,工银瑞信基金管理有限公司,中信证券股份有限公司,股票型ETF,规模指数ETF,000699.SH,,,,,,
2021-04-19,589200.SH,科创200ETF工银,20250808,上证科创板200指数,上证科创板200指数收益率,工银瑞信基金管理有限公司,中信证券股份有限公司,股票型ETF,规模指数ETF,000699.SH,,,,,,
2021-04-20,589200.SH,科创200ETF工银,20250808,上证科创板200指数,上证科创板200指数收益率,工银瑞信基金管理有限公司,中信证券股份有限公司,股票型ETF,规模指数ETF,000699.SH,,,,,,
2021-04-21,589200.SH,科创200ETF工银,20250808,上证科创板200指数,上证科创板200指数收益率,工银瑞信基金管理有限公司,中信证券股份有限公司,股票型ETF,规模指数ETF,000699.SH,,,,,,
2021-04-22,589200.SH,科创200ETF工银,20250808,上证科创板200指数,上证科创板200指数收益率,工银瑞信基金管理有限公司,中信证券股份有限公司,股票型ETF,规模指数ETF,000699.SH,,,,,,
2021-04-23,589200.SH,科创200ETF工银,20250808,上证科创板200指数,上证科创板200指数收益率,工银瑞信基金管理有限公司,中信证券股份有限公司,股票型ETF,规模指数ETF,000699.SH,,,,,,
2021-04-26,589200.SH,科创200ETF工银,20250808,上证科创板200指数,上证科创板200指数收益率,工银瑞信基金管理有限公司,中信证券股份有限公司,股票型ETF,规模指数ETF,000699.SH,,,,,,
2021-04-27,589200.SH,科创200ETF工银,20250808,上证科创板200指数,上证科创板200指数收益率,工银瑞信基金管理有限公司,中信证券股份有限公司,股票型ETF,规模指数ETF,000699.SH,,,,,,
2021-04-28,589200.SH,科创200ETF工银,20250808,上证科创板200指数,上证科创板200指数收益率,工银瑞信基金管理有限公司,中信证券股份有限公司,股票型ETF,规模指数ETF,000699.SH,,,,,,
2021-04-29,589200.SH,科创200ETF工银,20250808,上证科创板200指数,上证科创板200指数收益率,工银瑞信基金管理有限公司,中信证券股份有限公司,股票型ETF,规模指数ETF,000699.SH,,,,,,
2021-04-30,589200.SH,科创200ETF工银,20250808,上证科创板200指数,上证科创板200指数收益率,工银瑞信基金管理有限公司,中信证券股份有限公司,股票型ETF,规模指数ETF,000699.SH,,,,,,
2021-05-06,589200.SH,科创200ETF工银,20250808,上证科创板200指数,上证科创板200指数收益率,工银瑞信基金管理有限公司,中信证券股份有限公司,股票型ETF,规模指数ETF,000699.SH,,,,,,
2021-05-07,589200.SH,科创200ETF工银,20250808,上证科创板200指数,上证科创板200指数收益率,工银瑞信基金管理有限公司,中信证券股份有限公司,股票型ETF,规模指数ETF,000699.SH,,,,,,
2021-05-10,589200.SH,科创200ETF工银,20250808,上证科创板200指数,上证科创板200指数收益率,工银瑞信基金管理有限公司,中信证券股份有限公司,股票型ETF,规模指数ETF,000699.SH,,,,,,
2021-05-11,589200.SH,科创200ETF工银,20250808,上证科创板200指数,上证科创板200指数收益率,工银瑞信基金管理有限公司,中信证券股份有限公司,股票型ETF,规模指数ETF,000699.SH,,,,,,
2021-05-12,589200.SH,科创200ETF工银,20250808,上证科创板200指数,上证科创板200指数收益率,工银瑞信基金管理有限公司,中信证券股份有限公司,股票型ETF,规模指数ETF,000699.SH,,,,,,
2021-05-13,589200.SH,科创200ETF工银,20250808,上证科创板200指数,上证科创板200指数收益率,工银瑞信基金管理有限公司,中信证券股份有限公司,股票型ETF,规模指数ETF,000699.SH,,,,,,
2021-05-14,589200.SH,科创200ETF工银,20250808,上证科创板200指数,上证科创板200指数收益率,工银瑞信基金管理有限公司,中信证券股份有限公司,股票型ETF,规模指数ETF,000699.SH,,,,,,
2021-05-17,589200.SH,科创200ETF工银,20250808,上证科创板200指数,上证科创板200指数收益率,工银瑞信基金管理有限公司,中信证券股份有限公司,股票型ETF,规模指数ETF,000699.SH,,,,,,
2021-05-18,589200.SH,科创200ETF工银,20250808,上证科创板200指数,上证科创板200指数收益率,工银瑞信基金管理有限公司,中信证券股份有限公司,股票型ETF,规模指数ETF,000699.SH,,,,,,
2021-05-19,589200.SH,科创200ETF工银,20250808,上证科创板200指数,上证科创板200指数收益率,工银瑞信基金管理有限公司,中信证券股份有限公司,股票型ETF,规模指数ETF,000699.SH,,,,,,
2021-05-20,589200.SH,科创200ETF工银,20250808,上证科创板200指数,上证科创板200指数收益率,工银瑞信基金管理有限公司,中信证券股份有限公司,股票型ETF,规模指数ETF,000699.SH,,,,,,
2021-05-21,589200.SH,科创200ETF工银,20250808,上证科创板200指数,上证科创板200指数收益率,工银瑞信基金管理有限公司,中信证券股份有限公司,股票型ETF,规模指数ETF,000699.SH,,,,,,
2021-05-24,589200.SH,科创200ETF工银,20250808,上证科创板200指数,上证科创板200指数收益率,工银瑞信基金管理有限公司,中信证券股份有限公司,股票型ETF,规模指数ETF,000699.SH,,,,,,
2021-05-25,589200.SH,科创200ETF工银,20250808,上证科创板200指数,上证科创板200指数收益率,工银瑞信基金管理有限公司,中信证券股份有限公司,股票型ETF,规模指数ETF,000699.SH,,,,,,
2021-05-26,589200.SH,科创200ETF工银,20250808,上证科创板200指数,上证科创板200指数收益率,工银瑞信基金管理有限公司,中信证券股份有限公司,股票型ETF,规模指数ETF,000699.SH,,,,,,
2021-05-27,589200.SH,科创200ETF工银,20250808,上证科创板200指数,上证科创板200指数收益率,工银瑞信基金管理有限公司,中信证券股份有限公司,股票型ETF,规模指数ETF,000699.SH,,,,,,
2021-05-28,589200.SH,科创200ETF工银,20250808,上证科创板200指数,上证科创板200指数收益率,工银瑞信基金管理有限公司,中信证券股份有限公司,股票型ETF,规模指数ETF,000699.SH,,,,,,
2021-05-31,589200.SH,科创200ETF工银,20250808,上证科创板200指数,上证科创板200指数收益率,工银瑞信基金管理有限公司,中信证券股份有限公司,股票型ETF,规模指数ETF,000699.SH,,,,,,
2021-06-01,589200.SH,科创200ETF工银,20250808,上证科创板200指数,上证科创板200指数收益率,工银瑞信基金管理有限公司,中信证券股份有限公司,股票型ETF,规模指数ETF,000699.SH,,,,,,
2021-06-02,589200.SH,科创200ETF工银,20250808,上证科创板200指数,上证科创板200指数收益率,工银瑞信基金管理有限公司,中信证券股份有限公司,股票型ETF,规模指数ETF,000699.SH,,,,,,
2021-06-03,589200.SH,科创200ETF工银,20250808,上证科创板200指数,上证科创板200指数收益率,工银瑞信基金管理有限公司,中信证券股份有限公司,股票型ETF,规模指数ETF,000699.SH,,,,,,
2021-06-04,589200.SH,科创200ETF工银,20250808,上证科创板200指数,上证科创板200指数收益率,工银瑞信基金管理有限公司,中信证券股份有限公司,股票型ETF,规模指数ETF,000699.SH,,,,,,
2021-06-07,589200.SH,科创200ETF工银,20250808,上证科创板200指数,上证科创板200指数收益率,工银瑞信基金管理有限公司,中信证券股份有限公司,股票型ETF,规模指数ETF,000699.SH,,,,,,
2021-06-08,589200.SH,科创200ETF工银,20250808,上证科创板200指数,上证科创板200指数收益率,工银瑞信基金管理有限公司,中信证券股份有限公司,股票型ETF,规模指数ETF,000699.SH,,,,,,
2021-06-09,589200.SH,科创200ETF工银,20250808,上证科创板200指数,上证科创板200指数收益率,工银瑞信基金管理有限公司,中信证券股份有限公司,股票型ETF,规模指数ETF,000699.SH,,,,,,
2021-06-10,589200.SH,科创200ETF工银,20250808,上证科创板200指数,上证科创板200指数收益率,工银瑞信基金管理有限公司,中信证券股份有限公司,股票型ETF,规模指数ETF,000699.SH,,,,,,
2021-06-11,589200.SH,科创200ETF工银,20250808,上证科创板200指数,上证科创板200指数收益率,工银瑞信基金管理有限公司,中信证券股份有限公司,股票型ETF,规模指数ETF,000699.SH,,,,,,
2021-06-15,589200.SH,科创200ETF工银,20250808,上证科创板200指数,上证科创板200指数收益率,工银瑞信基金管理有限公司,中信证券股份有限公司,股票型ETF,规模指数ETF,000699.SH,,,,,,
2021-06-16,589200.SH,科创200ETF工银,20250808,上证科创板200指数,上证科创板200指数收益率,工银瑞信基金管理有限公司,中信证券股份有限公司,股票型ETF,规模指数ETF,000699.SH,,,,,,
2021-06-17,589200.SH,科创200ETF工银,20250808,上证科创板200指数,上证科创板200指数收益率,工银瑞信基金管理有限公司,中信证券股份有限公司,股票型ETF,规模指数ETF,000699.SH,,,,,,
2021-06-18,589200.SH,科创200ETF工银,20250808,上证科创板200指数,上证科创板200指数收益率,工银瑞信基金管理有限公司,中信证券股份有限公司,股票型ETF,规模指数ETF,000699.SH,,,,,,
2021-06-21,589200.SH,科创200ETF工银,20250808,上证科创板200指数,上证科创板200指数收益率,工银瑞信基金管理有限公司,中信证券股份有限公司,股票型ETF,规模指数ETF,000699.SH,,,,,,
2021-06-22,589200.SH,科创200ETF工银,20250808,上证科创板200指数,上证科创板200指数收益率,工银瑞信基金管理有限公司,中信证券股份有限公司,股票型ETF,规模指数ETF,000699.SH,,,,,,
2021-06-23,589200.SH,科创200ETF工银,20250808,上证科创板200指数,上证科创板200指数收益率,工银瑞信基金管理有限公司,中信证券股份有限公司,股票型ETF,规模指数ETF,000699.SH,,,,,,
2021-06-24,589200.SH,科创200ETF工银,20250808,上证科创板200指数,上证科创板200指数收益率,工银瑞信基金管理有限公司,中信证券股份有限公司,股票型ETF,规模指数ETF,000699.SH,,,,,,
2021-06-25,589200.SH,科创200ETF工银,20250808,上证科创板200指数,上证科创板200指数收益率,工银瑞信基金管理有限公司,中信证券股份有限公司,股票型ETF,规模指数ETF,000699.SH,,,,,,
2021-06-28,589200.SH,科创200ETF工银,20250808,上证科创板200指数,上证科创板200指数收益率,工银瑞信基金管理有限公司,中信证券股份有限公司,股票型ETF,规模指数ETF,000699.SH,,,,,,
2021-06-29,589200.SH,科创200ETF工银,20250808,上证科创板200指数,上证科创板200指数收益率,工银瑞信基金管理有限公司,中信证券股份有限公司,股票型ETF,规模指数ETF,000699.SH,,,,,,
2021-06-30,589200.SH,科创200ETF工银,20250808,上证科创板200指数,上证科创板200指数收益率,工银瑞信基金管理有限公司,中信证券股份有限公司,股票型ETF,规模指数ETF,000699.SH,,,,,,
2021-07-01,589200.SH,科创200ETF工银,20250808,上证科创板200指数,上证科创板200指数收益率,工银瑞信基金管理有限公司,中信证券股份有限公司,股票型ETF,规模指数ETF,000699.SH,,,,,,
2021-07-02,589200.SH,科创200ETF工银,20250808,上证科创板200指数,上证科创板200指数收益率,工银瑞信基金管理有限公司,中信证券股份有限公司,股票型ETF,规模指数ETF,000699.SH,,,,,,
2021-07-05,589200.SH,科创200ETF工银,20250808,上证科创板200指数,上证科创板200指数收益率,工银瑞信基金管理有限公司,中信证券股份有限公司,股票型ETF,规模指数ETF,000699.SH,,,,,,
2021-07-06,589200.SH,科创200ETF工银,20250808,上证科创板200指数,上证科创板200指数收益率,工银瑞信基金管理有限公司,中信证券股份有限公司,股票型ETF,规模指数ETF,000699.SH,,,,,,
2021-07-07,589200.SH,科创200ETF工银,20250808,上证科创板200指数,上证科创板200指数收益率,工银瑞信基金管理有限公司,中信证券股份有限公司,股票型ETF,规模指数ETF,000699.SH,,,,,,
2021-07-08,589200.SH,科创200ETF工银,20250808,上证科创板200指数,上证科创板200指数收益率,工银瑞信基金管理有限公司,中信证券股份有限公司,股票型ETF,规模指数ETF,000699.SH,,,,,,
2021-07-09,589200.SH,科创200ETF工银,20250808,上证科创板200指数,上证科创板200指数收益率,工银瑞信基金管理有限公司,中信证券股份有限公司,股票型ETF,规模指数ETF,000699.SH,,,,,,
2021-07-12,589200.SH,科创200ETF工银,20250808,上证科创板200指数,上证科创板200指数收益率,工银瑞信基金管理有限公司,中信证券股份有限公司,股票型ETF,规模指数ETF,000699.SH,,,,,,
2021-07-13,589200.SH,科创200ETF工银,20250808,上证科创板200指数,上证科创板200指数收益率,工银瑞信基金管理有限公司,中信证券股份有限公司,股票型ETF,规模指数ETF,000699.SH,,,,,,
2021-07-14,589200.SH,科创200ETF工银,20250808,上证科创板200指数,上证科创板200指数收益率,工银瑞信基金管理有限公司,中信证券股份有限公司,股票型ETF,规模指数ETF,000699.SH,,,,,,
2021-07-15,589200.SH,科创200ETF工银,20250808,上证科创板200指数,上证科创板200指数收益率,工银瑞信基金管理有限公司,中信证券股份有限公司,股票型ETF,规模指数ETF,000699.SH,,,,,,
2021-07-16,589200.SH,科创200ETF工银,20250808,上证科创板200指数,上证科创板200指数收益率,工银瑞信基金管理有限公司,中信证券股份有限公司,股票型ETF,规模指数ETF,000699.SH,,,,,,
2021-07-19,589200.SH,科创200ETF工银,20250808,上证科创板200指数,上证科创板200指数收益率,工银瑞信基金管理有限公司,中信证券股份有限公司,股票型ETF,规模指数ETF,000699.SH,,,,,,
2021-07-20,589200.SH,科创200ETF工银,20250808,上证科创板200指数,上证科创板200指数收益率,工银瑞信基金管理有限公司,中信证券股份有限公司,股票型ETF,规模指数ETF,000699.SH,,,,,,
2021-07-21,589200.SH,科创200ETF工银,20250808,上证科创板200指数,上证科创板200指数收益率,工银瑞信基金管理有限公司,中信证券股份有限公司,股票型ETF,规模指数ETF,000699.SH,,,,,,
2021-07-22,589200.SH,科创200ETF工银,20250808,上证科创板200指数,上证科创板200指数收益率,工银瑞信基金管理有限公司,中信证券股份有限公司,股票型ETF,规模指数ETF,000699.SH,,,,,,
2021-07-23,589200.SH,科创200ETF工银,20250808,上证科创板200指数,上证科创板200指数收益率,工银瑞信基金管理有限公司,中信证券股份有限公司,股票型ETF,规模指数ETF,000699.SH,,,,,,
2021-07-26,589200.SH,科创200ETF工银,20250808,上证科创板200指数,上证科创板200指数收益率,工银瑞信基金管理有限公司,中信证券股份有限公司,股票型ETF,规模指数ETF,000699.SH,,,,,,
2021-07-27,589200.SH,科创200ETF工银,20250808,上证科创板200指数,上证科创板200指数收益率,工银瑞信基金管理有限公司,中信证券股份有限公司,股票型ETF,规模指数ETF,000699.SH,,,,,,
2021-07-28,589200.SH,科创200ETF工银,20250808,上证科创板200指数,上证科创板200指数收益率,工银瑞信基金管理有限公司,中信证券股份有限公司,股票型ETF,规模指数ETF,000699.SH,,,,,,
2021-07-29,589200.SH,科创200ETF工银,20250808,上证科创板200指数,上证科创板200指数收益率,工银瑞信基金管理有限公司,中信证券股份有限公司,股票型ETF,规模指数ETF,000699.SH,,,,,,
2021-07-30,589200.SH,科创200ETF工银,20250808,上证科创板200指数,上证科创板200指数收益率,工银瑞信基金管理有限公司,中信证券股份有限公司,股票型ETF,规模指数ETF,000699.SH,,,,,,
2021-08-02,589200.SH,科创200ETF工银,20250808,上证科创板200指数,上证科创板200指数收益率,工银瑞信基金管理有限公司,中信证券股份有限公司,股票型ETF,规模指数ETF,000699.SH,,,,,,
2021-08-03,589200.SH,科创200ETF工银,20250808,上证科创板200指数,上证科创板200指数收益率,工银瑞信基金管理有限公司,中信证券股份有限公司,股票型ETF,规模指数ETF,000699.SH,,,,,,
2021-08-04,589200.SH,科创200ETF工银,20250808,上证科创板200指数,上证科创板200指数收益率,工银瑞信基金管理有限公司,中信证券股份有限公司,股票型ETF,规模指数ETF,000699.SH,,,,,,
2021-08-05,589200.SH,科创200ETF工银,20250808,上证科创板200指数,上证科创板200指数收益率,工银瑞信基金管理有限公司,中信证券股份有限公司,股票型ETF,规模指数ETF,000699.SH,,,,,,
2021-08-06,589200.SH,科创200ETF工银,20250808,上证科创板200指数,上证科创板200指数收益率,工银瑞信基金管理有限公司,中信证券股份有限公司,股票型ETF,规模指数ETF,000699.SH,,,,,,
2021-08-09,589200.SH,科创200ETF工银,20250808,上证科创板200指数,上证科创板200指数收益率,工银瑞信基金管理有限公司,中信证券股份有限公司,股票型ETF,规模指数ETF,000699.SH,,,,,,
2021-08-10,589200.SH,科创200ETF工银,20250808,上证科创板200指数,上证科创板200指数收益率,工银瑞信基金管理有限公司,中信证券股份有限公司,股票型ETF,规模指数ETF,000699.SH,,,,,,
2021-08-11,589200.SH,科创200ETF工银,20250808,上证科创板200指数,上证科创板200指数收益率,工银瑞信基金管理有限公司,中信证券股份有限公司,股票型ETF,规模指数ETF,000699.SH,,,,,,
2021-08-12,589200.SH,科创200ETF工银,20250808,上证科创板200指数,上证科创板200指数收益率,工银瑞信基金管理有限公司,中信证券股份有限公司,股票型ETF,规模指数ETF,000699.SH,,,,,,
2021-08-13,589200.SH,科创200ETF工银,20250808,上证科创板200指数,上证科创板200指数收益率,工银瑞信基金管理有限公司,中信证券股份有限公司,股票型ETF,规模指数ETF,000699.SH,,,,,,
2021-08-16,589200.SH,科创200ETF工银,20250808,上证科创板200指数,上证科创板200指数收益率,工银瑞信基金管理有限公司,中信证券股份有限公司,股票型ETF,规模指数ETF,000699.SH,,,,,,
2021-08-17,589200.SH,科创200ETF工银,20250808,上证科创板200指数,上证科创板200指数收益率,工银瑞信基金管理有限公司,中信证券股份有限公司,股票型ETF,规模指数ETF,000699.SH,,,,,,
2021-08-18,589200.SH,科创200ETF工银,20250808,上证科创板200指数,上证科创板200指数收益率,工银瑞信基金管理有限公司,中信证券股份有限公司,股票型ETF,规模指数ETF,000699.SH,,,,,,
2021-08-19,589200.SH,科创200ETF工银,20250808,上证科创板200指数,上证科创板200指数收益率,工银瑞信基金管理有限公司,中信证券股份有限公司,股票型ETF,规模指数ETF,000699.SH,,,,,,
2021-08-20,589200.SH,科创200ETF工银,20250808,上证科创板200指数,上证科创板200指数收益率,工银瑞信基金管理有限公司,中信证券股份有限公司,股票型ETF,规模指数ETF,000699.SH,,,,,,
2021-08-23,589200.SH,科创200ETF工银,20250808,上证科创板200指数,上证科创板200指数收益率,工银瑞信基金管理有限公司,中信证券股份有限公司,股票型ETF,规模指数ETF,000699.SH,,,,,,
2021-08-24,589200.SH,科创200ETF工银,20250808,上证科创板200指数,上证科创板200指数收益率,工银瑞信基金管理有限公司,中信证券股份有限公司,股票型ETF,规模指数ETF,000699.SH,,,,,,
2021-08-25,589200.SH,科创200ETF工银,20250808,上证科创板200指数,上证科创板200指数收益率,工银瑞信基金管理有限公司,中信证券股份有限公司,股票型ETF,规模指数ETF,000699.SH,,,,,,
2021-08-26,589200.SH,科创200ETF工银,20250808,上证科创板200指数,上证科创板200指数收益率,工银瑞信基金管理有限公司,中信证券股份有限公司,股票型ETF,规模指数ETF,000699.SH,,,,,,
2021-08-27,589200.SH,科创200ETF工银,20250808,上证科创板200指数,上证科创板200指数收益率,工银瑞信基金管理有限公司,中信证券股份有限公司,股票型ETF,规模指数ETF,000699.SH,,,,,,
2021-08-30,589200.SH,科创200ETF工银,20250808,上证科创板200指数,上证科创板200指数收益率,工银瑞信基金管理有限公司,中信证券股份有限公司,股票型ETF,规模指数ETF,000699.SH,,,,,,
2021-08-31,589200.SH,科创200ETF工银,20250808,上证科创板200指数,上证科创板200指数收益率,工银瑞信基金管理有限公司,中信证券股份有限公司,股票型ETF,规模指数ETF,000699.SH,,,,,,
2021-09-01,589200.SH,科创200ETF工银,20250808,上证科创板200指数,上证科创板200指数收益率,工银瑞信基金管理有限公司,中信证券股份有限公司,股票型ETF,规模指数ETF,000699.SH,,,,,,
2021-09-02,589200.SH,科创200ETF工银,20250808,上证科创板200指数,上证科创板200指数收益率,工银瑞信基金管理有限公司,中信证券股份有限公司,股票型ETF,规模指数ETF,000699.SH,,,,,,
2021-09-03,589200.SH,科创200ETF工银,20250808,上证科创板200指数,上证科创板200指数收益率,工银瑞信基金管理有限公司,中信证券股份有限公司,股票型ETF,规模指数ETF,000699.SH,,,,,,
2021-09-06,589200.SH,科创200ETF工银,20250808,上证科创板200指数,上证科创板200指数收益率,工银瑞信基金管理有限公司,中信证券股份有限公司,股票型ETF,规模指数ETF,000699.SH,,,,,,
2021-09-07,589200.SH,科创200ETF工银,20250808,上证科创板200指数,上证科创板200指数收益率,工银瑞信基金管理有限公司,中信证券股份有限公司,股票型ETF,规模指数ETF,000699.SH,,,,,,
2021-09-08,589200.SH,科创200ETF工银,20250808,上证科创板200指数,上证科创板200指数收益率,工银瑞信基金管理有限公司,中信证券股份有限公司,股票型ETF,规模指数ETF,000699.SH,,,,,,
2021-09-09,589200.SH,科创200ETF工银,20250808,上证科创板200指数,上证科创板200指数收益率,工银瑞信基金管理有限公司,中信证券股份有限公司,股票型ETF,规模指数ETF,000699.SH,,,,,,
2021-09-10,589200.SH,科创200ETF工银,20250808,上证科创板200指数,上证科创板200指数收益率,工银瑞信基金管理有限公司,中信证券股份有限公司,股票型ETF,规模指数ETF,000699.SH,,,,,,
2021-09-13,589200.SH,科创200ETF工银,20250808,上证科创板200指数,上证科创板200指数收益率,工银瑞信基金管理有限公司,中信证券股份有限公司,股票型ETF,规模指数ETF,000699.SH,,,,,,
2021-09-14,589200.SH,科创200ETF工银,20250808,上证科创板200指数,上证科创板200指数收益率,工银瑞信基金管理有限公司,中信证券股份有限公司,股票型ETF,规模指数ETF,000699.SH,,,,,,
2021-09-15,589200.SH,科创200ETF工银,20250808,上证科创板200指数,上证科创板200指数收益率,工银瑞信基金管理有限公司,中信证券股份有限公司,股票型ETF,规模指数ETF,000699.SH,,,,,,
2021-09-16,589200.SH,科创200ETF工银,20250808,上证科创板200指数,上证科创板200指数收益率,工银瑞信基金管理有限公司,中信证券股份有限公司,股票型ETF,规模指数ETF,000699.SH,,,,,,
2021-09-17,589200.SH,科创200ETF工银,20250808,上证科创板200指数,上证科创板200指数收益率,工银瑞信基金管理有限公司,中信证券股份有限公司,股票型ETF,规模指数ETF,000699.SH,,,,,,
2021-09-22,589200.SH,科创200ETF工银,20250808,上证科创板200指数,上证科创板200指数收益率,工银瑞信基金管理有限公司,中信证券股份有限公司,股票型ETF,规模指数ETF,000699.SH,,,,,,
2021-09-23,589200.SH,科创200ETF工银,20250808,上证科创板200指数,上证科创板200指数收益率,工银瑞信基金管理有限公司,中信证券股份有限公司,股票型ETF,规模指数ETF,000699.SH,,,,,,
2021-09-24,589200.SH,科创200ETF工银,20250808,上证科创板200指数,上证科创板200指数收益率,工银瑞信基金管理有限公司,中信证券股份有限公司,股票型ETF,规模指数ETF,000699.SH,,,,,,
2021-09-27,589200.SH,科创200ETF工银,20250808,上证科创板200指数,上证科创板200指数收益率,工银瑞信基金管理有限公司,中信证券股份有限公司,股票型ETF,规模指数ETF,000699.SH,,,,,,
2021-09-28,589200.SH,科创200ETF工银,20250808,上证科创板200指数,上证科创板200指数收益率,工银瑞信基金管理有限公司,中信证券股份有限公司,股票型ETF,规模指数ETF,000699.SH,,,,,,
2021-09-29,589200.SH,科创200ETF工银,20250808,上证科创板200指数,上证科创板200指数收益率,工银瑞信基金管理有限公司,中信证券股份有限公司,股票型ETF,规模指数ETF,000699.SH,,,,,,
2021-09-30,589200.SH,科创200ETF工银,20250808,上证科创板200指数,上证科创板200指数收益率,工银瑞信基金管理有限公司,中信证券股份有限公司,股票型ETF,规模指数ETF,000699.SH,,,,,,
2021-10-08,589200.SH,科创200ETF工银,20250808,上证科创板200指数,上证科创板200指数收益率,工银瑞信基金管理有限公司,中信证券股份有限公司,股票型ETF,规模指数ETF,000699.SH,,,,,,
2021-10-11,589200.SH,科创200ETF工银,20250808,上证科创板200指数,上证科创板200指数收益率,工银瑞信基金管理有限公司,中信证券股份有限公司,股票型ETF,规模指数ETF,000699.SH,,,,,,
2021-10-12,589200.SH,科创200ETF工银,20250808,上证科创板200指数,上证科创板200指数收益率,工银瑞信基金管理有限公司,中信证券股份有限公司,股票型ETF,规模指数ETF,000699.SH,,,,,,
2021-10-13,589200.SH,科创200ETF工银,20250808,上证科创板200指数,上证科创板200指数收益率,工银瑞信基金管理有限公司,中信证券股份有限公司,股票型ETF,规模指数ETF,000699.SH,,,,,,
2021-10-14,589200.SH,科创200ETF工银,20250808,上证科创板200指数,上证科创板200指数收益率,工银瑞信基金管理有限公司,中信证券股份有限公司,股票型ETF,规模指数ETF,000699.SH,,,,,,
2021-10-15,589200.SH,科创200ETF工银,20250808,上证科创板200指数,上证科创板200指数收益率,工银瑞信基金管理有限公司,中信证券股份有限公司,股票型ETF,规模指数ETF,000699.SH,,,,,,
2021-10-18,589200.SH,科创200ETF工银,20250808,上证科创板200指数,上证科创板200指数收益率,工银瑞信基金管理有限公司,中信证券股份有限公司,股票型ETF,规模指数ETF,000699.SH,,,,,,
2021-10-19,589200.SH,科创200ETF工银,20250808,上证科创板200指数,上证科创板200指数收益率,工银瑞信基金管理有限公司,中信证券股份有限公司,股票型ETF,规模指数ETF,000699.SH,,,,,,
2021-10-20,589200.SH,科创200ETF工银,20250808,上证科创板200指数,上证科创板200指数收益率,工银瑞信基金管理有限公司,中信证券股份有限公司,股票型ETF,规模指数ETF,000699.SH,,,,,,
2021-10-21,589200.SH,科创200ETF工银,20250808,上证科创板200指数,上证科创板200指数收益率,工银瑞信基金管理有限公司,中信证券股份有限公司,股票型ETF,规模指数ETF,000699.SH,,,,,,
2021-10-22,589200.SH,科创200ETF工银,20250808,上证科创板200指数,上证科创板200指数收益率,工银瑞信基金管理有限公司,中信证券股份有限公司,股票型ETF,规模指数ETF,000699.SH,,,,,,
2021-10-25,589200.SH,科创200ETF工银,20250808,上证科创板200指数,上证科创板200指数收益率,工银瑞信基金管理有限公司,中信证券股份有限公司,股票型ETF,规模指数ETF,000699.SH,,,,,,
2021-10-26,589200.SH,科创200ETF工银,20250808,上证科创板200指数,上证科创板200指数收益率,工银瑞信基金管理有限公司,中信证券股份有限公司,股票型ETF,规模指数ETF,000699.SH,,,,,,
2021-10-27,589200.SH,科创200ETF工银,20250808,上证科创板200指数,上证科创板200指数收益率,工银瑞信基金管理有限公司,中信证券股份有限公司,股票型ETF,规模指数ETF,000699.SH,,,,,,
2021-10-28,589200.SH,科创200ETF工银,20250808,上证科创板200指数,上证科创板200指数收益率,工银瑞信基金管理有限公司,中信证券股份有限公司,股票型ETF,规模指数ETF,000699.SH,,,,,,
2021-10-29,589200.SH,科创200ETF工银,20250808,上证科创板200指数,上证科创板200指数收益率,工银瑞信基金管理有限公司,中信证券股份有限公司,股票型ETF,规模指数ETF,000699.SH,,,,,,
2021-11-01,589200.SH,科创200ETF工银,20250808,上证科创板200指数,上证科创板200指数收益率,工银瑞信基金管理有限公司,中信证券股份有限公司,股票型ETF,规模指数ETF,000699.SH,,,,,,
2021-11-02,589200.SH,科创200ETF工银,20250808,上证科创板200指数,上证科创板200指数收益率,工银瑞信基金管理有限公司,中信证券股份有限公司,股票型ETF,规模指数ETF,000699.SH,,,,,,
2021-11-03,589200.SH,科创200ETF工银,20250808,上证科创板200指数,上证科创板200指数收益率,工银瑞信基金管理有限公司,中信证券股份有限公司,股票型ETF,规模指数ETF,000699.SH,,,,,,
2021-11-04,589200.SH,科创200ETF工银,20250808,上证科创板200指数,上证科创板200指数收益率,工银瑞信基金管理有限公司,中信证券股份有限公司,股票型ETF,规模指数ETF,000699.SH,,,,,,
2021-11-05,589200.SH,科创200ETF工银,20250808,上证科创板200指数,上证科创板200指数收益率,工银瑞信基金管理有限公司,中信证券股份有限公司,股票型ETF,规模指数ETF,000699.SH,,,,,,
2021-11-08,589200.SH,科创200ETF工银,20250808,上证科创板200指数,上证科创板200指数收益率,工银瑞信基金管理有限公司,中信证券股份有限公司,股票型ETF,规模指数ETF,000699.SH,,,,,,
2021-11-09,589200.SH,科创200ETF工银,20250808,上证科创板200指数,上证科创板200指数收益率,工银瑞信基金管理有限公司,中信证券股份有限公司,股票型ETF,规模指数ETF,000699.SH,,,,,,
2021-11-10,589200.SH,科创200ETF工银,20250808,上证科创板200指数,上证科创板200指数收益率,工银瑞信基金管理有限公司,中信证券股份有限公司,股票型ETF,规模指数ETF,000699.SH,,,,,,
2021-11-11,589200.SH,科创200ETF工银,20250808,上证科创板200指数,上证科创板200指数收益率,工银瑞信基金管理有限公司,中信证券股份有限公司,股票型ETF,规模指数ETF,000699.SH,,,,,,
2021-11-12,589200.SH,科创200ETF工银,20250808,上证科创板200指数,上证科创板200指数收益率,工银瑞信基金管理有限公司,中信证券股份有限公司,股票型ETF,规模指数ETF,000699.SH,,,,,,
2021-11-15,589200.SH,科创200ETF工银,20250808,上证科创板200指数,上证科创板200指数收益率,工银瑞信基金管理有限公司,中信证券股份有限公司,股票型ETF,规模指数ETF,000699.SH,,,,,,
2021-11-16,589200.SH,科创200ETF工银,20250808,上证科创板200指数,上证科创板200指数收益率,工银瑞信基金管理有限公司,中信证券股份有限公司,股票型ETF,规模指数ETF,000699.SH,,,,,,
2021-11-17,589200.SH,科创200ETF工银,20250808,上证科创板200指数,上证科创板200指数收益率,工银瑞信基金管理有限公司,中信证券股份有限公司,股票型ETF,规模指数ETF,000699.SH,,,,,,
2021-11-18,589200.SH,科创200ETF工银,20250808,上证科创板200指数,上证科创板200指数收益率,工银瑞信基金管理有限公司,中信证券股份有限公司,股票型ETF,规模指数ETF,000699.SH,,,,,,
2021-11-19,589200.SH,科创200ETF工银,20250808,上证科创板200指数,上证科创板200指数收益率,工银瑞信基金管理有限公司,中信证券股份有限公司,股票型ETF,规模指数ETF,000699.SH,,,,,,
2021-11-22,589200.SH,科创200ETF工银,20250808,上证科创板200指数,上证科创板200指数收益率,工银瑞信基金管理有限公司,中信证券股份有限公司,股票型ETF,规模指数ETF,000699.SH,,,,,,
2021-11-23,589200.SH,科创200ETF工银,20250808,上证科创板200指数,上证科创板200指数收益率,工银瑞信基金管理有限公司,中信证券股份有限公司,股票型ETF,规模指数ETF,000699.SH,,,,,,
2021-11-24,589200.SH,科创200ETF工银,20250808,上证科创板200指数,上证科创板200指数收益率,工银瑞信基金管理有限公司,中信证券股份有限公司,股票型ETF,规模指数ETF,000699.SH,,,,,,
2021-11-25,589200.SH,科创200ETF工银,20250808,上证科创板200指数,上证科创板200指数收益率,工银瑞信基金管理有限公司,中信证券股份有限公司,股票型ETF,规模指数ETF,000699.SH,,,,,,
2021-11-26,589200.SH,科创200ETF工银,20250808,上证科创板200指数,上证科创板200指数收益率,工银瑞信基金管理有限公司,中信证券股份有限公司,股票型ETF,规模指数ETF,000699.SH,,,,,,
2021-11-29,589200.SH,科创200ETF工银,20250808,上证科创板200指数,上证科创板200指数收益率,工银瑞信基金管理有限公司,中信证券股份有限公司,股票型ETF,规模指数ETF,000699.SH,,,,,,
2021-11-30,589200.SH,科创200ETF工银,20250808,上证科创板200指数,上证科创板200指数收益率,工银瑞信基金管理有限公司,中信证券股份有限公司,股票型ETF,规模指数ETF,000699.SH,,,,,,
2021-12-01,589200.SH,科创200ETF工银,20250808,上证科创板200指数,上证科创板200指数收益率,工银瑞信基金管理有限公司,中信证券股份有限公司,股票型ETF,规模指数ETF,000699.SH,,,,,,
2021-12-02,589200.SH,科创200ETF工银,20250808,上证科创板200指数,上证科创板200指数收益率,工银瑞信基金管理有限公司,中信证券股份有限公司,股票型ETF,规模指数ETF,000699.SH,,,,,,
2021-12-03,589200.SH,科创200ETF工银,20250808,上证科创板200指数,上证科创板200指数收益率,工银瑞信基金管理有限公司,中信证券股份有限公司,股票型ETF,规模指数ETF,000699.SH,,,,,,
2021-12-06,589200.SH,科创200ETF工银,20250808,上证科创板200指数,上证科创板200指数收益率,工银瑞信基金管理有限公司,中信证券股份有限公司,股票型ETF,规模指数ETF,000699.SH,,,,,,
2021-12-07,589200.SH,科创200ETF工银,20250808,上证科创板200指数,上证科创板200指数收益率,工银瑞信基金管理有限公司,中信证券股份有限公司,股票型ETF,规模指数ETF,000699.SH,,,,,,
2021-12-08,589200.SH,科创200ETF工银,20250808,上证科创板200指数,上证科创板200指数收益率,工银瑞信基金管理有限公司,中信证券股份有限公司,股票型ETF,规模指数ETF,000699.SH,,,,,,
2021-12-09,589200.SH,科创200ETF工银,20250808,上证科创板200指数,上证科创板200指数收益率,工银瑞信基金管理有限公司,中信证券股份有限公司,股票型ETF,规模指数ETF,000699.SH,,,,,,
2021-12-10,589200.SH,科创200ETF工银,20250808,上证科创板200指数,上证科创板200指数收益率,工银瑞信基金管理有限公司,中信证券股份有限公司,股票型ETF,规模指数ETF,000699.SH,,,,,,
2021-12-13,589200.SH,科创200ETF工银,20250808,上证科创板200指数,上证科创板200指数收益率,工银瑞信基金管理有限公司,中信证券股份有限公司,股票型ETF,规模指数ETF,000699.SH,,,,,,
2021-12-14,589200.SH,科创200ETF工银,20250808,上证科创板200指数,上证科创板200指数收益率,工银瑞信基金管理有限公司,中信证券股份有限公司,股票型ETF,规模指数ETF,000699.SH,,,,,,
2021-12-15,589200.SH,科创200ETF工银,20250808,上证科创板200指数,上证科创板200指数收益率,工银瑞信基金管理有限公司,中信证券股份有限公司,股票型ETF,规模指数ETF,000699.SH,,,,,,
2021-12-16,589200.SH,科创200ETF工银,20250808,上证科创板200指数,上证科创板200指数收益率,工银瑞信基金管理有限公司,中信证券股份有限公司,股票型ETF,规模指数ETF,000699.SH,,,,,,
2021-12-17,589200.SH,科创200ETF工银,20250808,上证科创板200指数,上证科创板200指数收益率,工银瑞信基金管理有限公司,中信证券股份有限公司,股票型ETF,规模指数ETF,000699.SH,,,,,,
2021-12-20,589200.SH,科创200ETF工银,20250808,上证科创板200指数,上证科创板200指数收益率,工银瑞信基金管理有限公司,中信证券股份有限公司,股票型ETF,规模指数ETF,000699.SH,,,,,,
2021-12-21,589200.SH,科创200ETF工银,20250808,上证科创板200指数,上证科创板200指数收益率,工银瑞信基金管理有限公司,中信证券股份有限公司,股票型ETF,规模指数ETF,000699.SH,,,,,,
2021-12-22,589200.SH,科创200ETF工银,20250808,上证科创板200指数,上证科创板200指数收益率,工银瑞信基金管理有限公司,中信证券股份有限公司,股票型ETF,规模指数ETF,000699.SH,,,,,,
2021-12-23,589200.SH,科创200ETF工银,20250808,上证科创板200指数,上证科创板200指数收益率,工银瑞信基金管理有限公司,中信证券股份有限公司,股票型ETF,规模指数ETF,000699.SH,,,,,,
2021-12-24,589200.SH,科创200ETF工银,20250808,上证科创板200指数,上证科创板200指数收益率,工银瑞信基金管理有限公司,中信证券股份有限公司,股票型ETF,规模指数ETF,000699.SH,,,,,,
2021-12-27,589200.SH,科创200ETF工银,20250808,上证科创板200指数,上证科创板200指数收益率,工银瑞信基金管理有限公司,中信证券股份有限公司,股票型ETF,规模指数ETF,000699.SH,,,,,,
2021-12-28,589200.SH,科创200ETF工银,20250808,上证科创板200指数,上证科创板200指数收益率,工银瑞信基金管理有限公司,中信证券股份有限公司,股票型ETF,规模指数ETF,000699.SH,,,,,,
2021-12-29,589200.SH,科创200ETF工银,20250808,上证科创板200指数,上证科创板200指数收益率,工银瑞信基金管理有限公司,中信证券股份有限公司,股票型ETF,规模指数ETF,000699.SH,,,,,,
2021-12-30,589200.SH,科创200ETF工银,20250808,上证科创板200指数,上证科创板200指数收益率,工银瑞信基金管理有限公司,中信证券股份有限公司,股票型ETF,规模指数ETF,000699.SH,,,,,,
2021-12-31,589200.SH,科创200ETF工银,20250808,上证科创板200指数,上证科创板200指数收益率,工银瑞信基金管理有限公司,中信证券股份有限公司,股票型ETF,规模指数ETF,000699.SH,,,,,,
2022-01-04,589200.SH,科创200ETF工银,20250808,上证科创板200指数,上证科创板200指数收益率,工银瑞信基金管理有限公司,中信证券股份有限公司,股票型ETF,规模指数ETF,000699.SH,,,,,,
2022-01-05,589200.SH,科创200ETF工银,20250808,上证科创板200指数,上证科创板200指数收益率,工银瑞信基金管理有限公司,中信证券股份有限公司,股票型ETF,规模指数ETF,000699.SH,,,,,,
2022-01-06,589200.SH,科创200ETF工银,20250808,上证科创板200指数,上证科创板200指数收益率,工银瑞信基金管理有限公司,中信证券股份有限公司,股票型ETF,规模指数ETF,000699.SH,,,,,,
2022-01-07,589200.SH,科创200ETF工银,20250808,上证科创板200指数,上证科创板200指数收益率,工银瑞信基金管理有限公司,中信证券股份有限公司,股票型ETF,规模指数ETF,000699.SH,,,,,,
2022-01-10,589200.SH,科创200ETF工银,20250808,上证科创板200指数,上证科创板200指数收益率,工银瑞信基金管理有限公司,中信证券股份有限公司,股票型ETF,规模指数ETF,000699.SH,,,,,,
2022-01-11,589200.SH,科创200ETF工银,20250808,上证科创板200指数,上证科创板200指数收益率,工银瑞信基金管理有限公司,中信证券股份有限公司,股票型ETF,规模指数ETF,000699.SH,,,,,,
2022-01-12,589200.SH,科创200ETF工银,20250808,上证科创板200指数,上证科创板200指数收益率,工银瑞信基金管理有限公司,中信证券股份有限公司,股票型ETF,规模指数ETF,000699.SH,,,,,,
2022-01-13,589200.SH,科创200ETF工银,20250808,上证科创板200指数,上证科创板200指数收益率,工银瑞信基金管理有限公司,中信证券股份有限公司,股票型ETF,规模指数ETF,000699.SH,,,,,,
2022-01-14,589200.SH,科创200ETF工银,20250808,上证科创板200指数,上证科创板200指数收益率,工银瑞信基金管理有限公司,中信证券股份有限公司,股票型ETF,规模指数ETF,000699.SH,,,,,,
2022-01-17,589200.SH,科创200ETF工银,20250808,上证科创板200指数,上证科创板200指数收益率,工银瑞信基金管理有限公司,中信证券股份有限公司,股票型ETF,规模指数ETF,000699.SH,,,,,,
2022-01-18,589200.SH,科创200ETF工银,20250808,上证科创板200指数,上证科创板200指数收益率,工银瑞信基金管理有限公司,中信证券股份有限公司,股票型ETF,规模指数ETF,000699.SH,,,,,,
2022-01-19,589200.SH,科创200ETF工银,20250808,上证科创板200指数,上证科创板200指数收益率,工银瑞信基金管理有限公司,中信证券股份有限公司,股票型ETF,规模指数ETF,000699.SH,,,,,,
2022-01-20,589200.SH,科创200ETF工银,20250808,上证科创板200指数,上证科创板200指数收益率,工银瑞信基金管理有限公司,中信证券股份有限公司,股票型ETF,规模指数ETF,000699.SH,,,,,,
2022-01-21,589200.SH,科创200ETF工银,20250808,上证科创板200指数,上证科创板200指数收益率,工银瑞信基金管理有限公司,中信证券股份有限公司,股票型ETF,规模指数ETF,000699.SH,,,,,,
2022-01-24,589200.SH,科创200ETF工银,20250808,上证科创板200指数,上证科创板200指数收益率,工银瑞信基金管理有限公司,中信证券股份有限公司,股票型ETF,规模指数ETF,000699.SH,,,,,,
2022-01-25,589200.SH,科创200ETF工银,20250808,上证科创板200指数,上证科创板200指数收益率,工银瑞信基金管理有限公司,中信证券股份有限公司,股票型ETF,规模指数ETF,000699.SH,,,,,,
2022-01-26,589200.SH,科创200ETF工银,20250808,上证科创板200指数,上证科创板200指数收益率,工银瑞信基金管理有限公司,中信证券股份有限公司,股票型ETF,规模指数ETF,000699.SH,,,,,,
2022-01-27,589200.SH,科创200ETF工银,20250808,上证科创板200指数,上证科创板200指数收益率,工银瑞信基金管理有限公司,中信证券股份有限公司,股票型ETF,规模指数ETF,000699.SH,,,,,,
2022-01-28,589200.SH,科创200ETF工银,20250808,上证科创板200指数,上证科创板200指数收益率,工银瑞信基金管理有限公司,中信证券股份有限公司,股票型ETF,规模指数ETF,000699.SH,,,,,,
2022-02-07,589200.SH,科创200ETF工银,20250808,上证科创板200指数,上证科创板200指数收益率,工银瑞信基金管理有限公司,中信证券股份有限公司,股票型ETF,规模指数ETF,000699.SH,,,,,,
2022-02-08,589200.SH,科创200ETF工银,20250808,上证科创板200指数,上证科创板200指数收益率,工银瑞信基金管理有限公司,中信证券股份有限公司,股票型ETF,规模指数ETF,000699.SH,,,,,,
2022-02-09,589200.SH,科创200ETF工银,20250808,上证科创板200指数,上证科创板200指数收益率,工银瑞信基金管理有限公司,中信证券股份有限公司,股票型ETF,规模指数ETF,000699.SH,,,,,,
2022-02-10,589200.SH,科创200ETF工银,20250808,上证科创板200指数,上证科创板200指数收益率,工银瑞信基金管理有限公司,中信证券股份有限公司,股票型ETF,规模指数ETF,000699.SH,,,,,,
2022-02-11,589200.SH,科创200ETF工银,20250808,上证科创板200指数,上证科创板200指数收益率,工银瑞信基金管理有限公司,中信证券股份有限公司,股票型ETF,规模指数ETF,000699.SH,,,,,,
2022-02-14,589200.SH,科创200ETF工银,20250808,上证科创板200指数,上证科创板200指数收益率,工银瑞信基金管理有限公司,中信证券股份有限公司,股票型ETF,规模指数ETF,000699.SH,,,,,,
2022-02-15,589200.SH,科创200ETF工银,20250808,上证科创板200指数,上证科创板200指数收益率,工银瑞信基金管理有限公司,中信证券股份有限公司,股票型ETF,规模指数ETF,000699.SH,,,,,,
2022-02-16,589200.SH,科创200ETF工银,20250808,上证科创板200指数,上证科创板200指数收益率,工银瑞信基金管理有限公司,中信证券股份有限公司,股票型ETF,规模指数ETF,000699.SH,,,,,,
2022-02-17,589200.SH,科创200ETF工银,20250808,上证科创板200指数,上证科创板200指数收益率,工银瑞信基金管理有限公司,中信证券股份有限公司,股票型ETF,规模指数ETF,000699.SH,,,,,,
2022-02-18,589200.SH,科创200ETF工银,20250808,上证科创板200指数,上证科创板200指数收益率,工银瑞信基金管理有限公司,中信证券股份有限公司,股票型ETF,规模指数ETF,000699.SH,,,,,,
2022-02-21,589200.SH,科创200ETF工银,20250808,上证科创板200指数,上证科创板200指数收益率,工银瑞信基金管理有限公司,中信证券股份有限公司,股票型ETF,规模指数ETF,000699.SH,,,,,,
2022-02-22,589200.SH,科创200ETF工银,20250808,上证科创板200指数,上证科创板200指数收益率,工银瑞信基金管理有限公司,中信证券股份有限公司,股票型ETF,规模指数ETF,000699.SH,,,,,,
2022-02-23,589200.SH,科创200ETF工银,20250808,上证科创板200指数,上证科创板200指数收益率,工银瑞信基金管理有限公司,中信证券股份有限公司,股票型ETF,规模指数ETF,000699.SH,,,,,,
2022-02-24,589200.SH,科创200ETF工银,20250808,上证科创板200指数,上证科创板200指数收益率,工银瑞信基金管理有限公司,中信证券股份有限公司,股票型ETF,规模指数ETF,000699.SH,,,,,,
2022-02-25,589200.SH,科创200ETF工银,20250808,上证科创板200指数,上证科创板200指数收益率,工银瑞信基金管理有限公司,中信证券股份有限公司,股票型ETF,规模指数ETF,000699.SH,,,,,,
2022-02-28,589200.SH,科创200ETF工银,20250808,上证科创板200指数,上证科创板200指数收益率,工银瑞信基金管理有限公司,中信证券股份有限公司,股票型ETF,规模指数ETF,000699.SH,,,,,,
2022-03-01,589200.SH,科创200ETF工银,20250808,上证科创板200指数,上证科创板200指数收益率,工银瑞信基金管理有限公司,中信证券股份有限公司,股票型ETF,规模指数ETF,000699.SH,,,,,,
2022-03-02,589200.SH,科创200ETF工银,20250808,上证科创板200指数,上证科创板200指数收益率,工银瑞信基金管理有限公司,中信证券股份有限公司,股票型ETF,规模指数ETF,000699.SH,,,,,,
2022-03-03,589200.SH,科创200ETF工银,20250808,上证科创板200指数,上证科创板200指数收益率,工银瑞信基金管理有限公司,中信证券股份有限公司,股票型ETF,规模指数ETF,000699.SH,,,,,,
2022-03-04,589200.SH,科创200ETF工银,20250808,上证科创板200指数,上证科创板200指数收益率,工银瑞信基金管理有限公司,中信证券股份有限公司,股票型ETF,规模指数ETF,000699.SH,,,,,,
2022-03-07,589200.SH,科创200ETF工银,20250808,上证科创板200指数,上证科创板200指数收益率,工银瑞信基金管理有限公司,中信证券股份有限公司,股票型ETF,规模指数ETF,000699.SH,,,,,,
2022-03-08,589200.SH,科创200ETF工银,20250808,上证科创板200指数,上证科创板200指数收益率,工银瑞信基金管理有限公司,中信证券股份有限公司,股票型ETF,规模指数ETF,000699.SH,,,,,,
2022-03-09,589200.SH,科创200ETF工银,20250808,上证科创板200指数,上证科创板200指数收益率,工银瑞信基金管理有限公司,中信证券股份有限公司,股票型ETF,规模指数ETF,000699.SH,,,,,,
2022-03-10,589200.SH,科创200ETF工银,20250808,上证科创板200指数,上证科创板200指数收益率,工银瑞信基金管理有限公司,中信证券股份有限公司,股票型ETF,规模指数ETF,000699.SH,,,,,,
2022-03-11,589200.SH,科创200ETF工银,20250808,上证科创板200指数,上证科创板200指数收益率,工银瑞信基金管理有限公司,中信证券股份有限公司,股票型ETF,规模指数ETF,000699.SH,,,,,,
2022-03-14,589200.SH,科创200ETF工银,20250808,上证科创板200指数,上证科创板200指数收益率,工银瑞信基金管理有限公司,中信证券股份有限公司,股票型ETF,规模指数ETF,000699.SH,,,,,,
2022-03-15,589200.SH,科创200ETF工银,20250808,上证科创板200指数,上证科创板200指数收益率,工银瑞信基金管理有限公司,中信证券股份有限公司,股票型ETF,规模指数ETF,000699.SH,,,,,,
2022-03-16,589200.SH,科创200ETF工银,20250808,上证科创板200指数,上证科创板200指数收益率,工银瑞信基金管理有限公司,中信证券股份有限公司,股票型ETF,规模指数ETF,000699.SH,,,,,,
2022-03-17,589200.SH,科创200ETF工银,20250808,上证科创板200指数,上证科创板200指数收益率,工银瑞信基金管理有限公司,中信证券股份有限公司,股票型ETF,规模指数ETF,000699.SH,,,,,,
2022-03-18,589200.SH,科创200ETF工银,20250808,上证科创板200指数,上证科创板200指数收益率,工银瑞信基金管理有限公司,中信证券股份有限公司,股票型ETF,规模指数ETF,000699.SH,,,,,,
2022-03-21,589200.SH,科创200ETF工银,20250808,上证科创板200指数,上证科创板200指数收益率,工银瑞信基金管理有限公司,中信证券股份有限公司,股票型ETF,规模指数ETF,000699.SH,,,,,,
2022-03-22,589200.SH,科创200ETF工银,20250808,上证科创板200指数,上证科创板200指数收益率,工银瑞信基金管理有限公司,中信证券股份有限公司,股票型ETF,规模指数ETF,000699.SH,,,,,,
2022-03-23,589200.SH,科创200ETF工银,20250808,上证科创板200指数,上证科创板200指数收益率,工银瑞信基金管理有限公司,中信证券股份有限公司,股票型ETF,规模指数ETF,000699.SH,,,,,,
2022-03-24,589200.SH,科创200ETF工银,20250808,上证科创板200指数,上证科创板200指数收益率,工银瑞信基金管理有限公司,中信证券股份有限公司,股票型ETF,规模指数ETF,000699.SH,,,,,,
2022-03-25,589200.SH,科创200ETF工银,20250808,上证科创板200指数,上证科创板200指数收益率,工银瑞信基金管理有限公司,中信证券股份有限公司,股票型ETF,规模指数ETF,000699.SH,,,,,,
2022-03-28,589200.SH,科创200ETF工银,20250808,上证科创板200指数,上证科创板200指数收益率,工银瑞信基金管理有限公司,中信证券股份有限公司,股票型ETF,规模指数ETF,000699.SH,,,,,,
2022-03-29,589200.SH,科创200ETF工银,20250808,上证科创板200指数,上证科创板200指数收益率,工银瑞信基金管理有限公司,中信证券股份有限公司,股票型ETF,规模指数ETF,000699.SH,,,,,,
2022-03-30,589200.SH,科创200ETF工银,20250808,上证科创板200指数,上证科创板200指数收益率,工银瑞信基金管理有限公司,中信证券股份有限公司,股票型ETF,规模指数ETF,000699.SH,,,,,,
2022-03-31,589200.SH,科创200ETF工银,20250808,上证科创板200指数,上证科创板200指数收益率,工银瑞信基金管理有限公司,中信证券股份有限公司,股票型ETF,规模指数ETF,000699.SH,,,,,,
2022-04-01,589200.SH,科创200ETF工银,20250808,上证科创板200指数,上证科创板200指数收益率,工银瑞信基金管理有限公司,中信证券股份有限公司,股票型ETF,规模指数ETF,000699.SH,,,,,,
2022-04-06,589200.SH,科创200ETF工银,20250808,上证科创板200指数,上证科创板200指数收益率,工银瑞信基金管理有限公司,中信证券股份有限公司,股票型ETF,规模指数ETF,000699.SH,,,,,,
2022-04-07,589200.SH,科创200ETF工银,20250808,上证科创板200指数,上证科创板200指数收益率,工银瑞信基金管理有限公司,中信证券股份有限公司,股票型ETF,规模指数ETF,000699.SH,,,,,,
2022-04-08,589200.SH,科创200ETF工银,20250808,上证科创板200指数,上证科创板200指数收益率,工银瑞信基金管理有限公司,中信证券股份有限公司,股票型ETF,规模指数ETF,000699.SH,,,,,,
2022-04-11,589200.SH,科创200ETF工银,20250808,上证科创板200指数,上证科创板200指数收益率,工银瑞信基金管理有限公司,中信证券股份有限公司,股票型ETF,规模指数ETF,000699.SH,,,,,,
2022-04-12,589200.SH,科创200ETF工银,20250808,上证科创板200指数,上证科创板200指数收益率,工银瑞信基金管理有限公司,中信证券股份有限公司,股票型ETF,规模指数ETF,000699.SH,,,,,,
2022-04-13,589200.SH,科创200ETF工银,20250808,上证科创板200指数,上证科创板200指数收益率,工银瑞信基金管理有限公司,中信证券股份有限公司,股票型ETF,规模指数ETF,000699.SH,,,,,,
2022-04-14,589200.SH,科创200ETF工银,20250808,上证科创板200指数,上证科创板200指数收益率,工银瑞信基金管理有限公司,中信证券股份有限公司,股票型ETF,规模指数ETF,000699.SH,,,,,,
2022-04-15,589200.SH,科创200ETF工银,20250808,上证科创板200指数,上证科创板200指数收益率,工银瑞信基金管理有限公司,中信证券股份有限公司,股票型ETF,规模指数ETF,000699.SH,,,,,,
2022-04-18,589200.SH,科创200ETF工银,20250808,上证科创板200指数,上证科创板200指数收益率,工银瑞信基金管理有限公司,中信证券股份有限公司,股票型ETF,规模指数ETF,000699.SH,,,,,,
2022-04-19,589200.SH,科创200ETF工银,20250808,上证科创板200指数,上证科创板200指数收益率,工银瑞信基金管理有限公司,中信证券股份有限公司,股票型ETF,规模指数ETF,000699.SH,,,,,,
2022-04-20,589200.SH,科创200ETF工银,20250808,上证科创板200指数,上证科创板200指数收益率,工银瑞信基金管理有限公司,中信证券股份有限公司,股票型ETF,规模指数ETF,000699.SH,,,,,,
2022-04-21,589200.SH,科创200ETF工银,20250808,上证科创板200指数,上证科创板200指数收益率,工银瑞信基金管理有限公司,中信证券股份有限公司,股票型ETF,规模指数ETF,000699.SH,,,,,,
2022-04-22,589200.SH,科创200ETF工银,20250808,上证科创板200指数,上证科创板200指数收益率,工银瑞信基金管理有限公司,中信证券股份有限公司,股票型ETF,规模指数ETF,000699.SH,,,,,,
2022-04-25,589200.SH,科创200ETF工银,20250808,上证科创板200指数,上证科创板200指数收益率,工银瑞信基金管理有限公司,中信证券股份有限公司,股票型ETF,规模指数ETF,000699.SH,,,,,,
2022-04-26,589200.SH,科创200ETF工银,20250808,上证科创板200指数,上证科创板200指数收益率,工银瑞信基金管理有限公司,中信证券股份有限公司,股票型ETF,规模指数ETF,000699.SH,,,,,,
2022-04-27,589200.SH,科创200ETF工银,20250808,上证科创板200指数,上证科创板200指数收益率,工银瑞信基金管理有限公司,中信证券股份有限公司,股票型ETF,规模指数ETF,000699.SH,,,,,,
2022-04-28,589200.SH,科创200ETF工银,20250808,上证科创板200指数,上证科创板200指数收益率,工银瑞信基金管理有限公司,中信证券股份有限公司,股票型ETF,规模指数ETF,000699.SH,,,,,,
2022-04-29,589200.SH,科创200ETF工银,20250808,上证科创板200指数,上证科创板200指数收益率,工银瑞信基金管理有限公司,中信证券股份有限公司,股票型ETF,规模指数ETF,000699.SH,,,,,,
2022-05-05,589200.SH,科创200ETF工银,20250808,上证科创板200指数,上证科创板200指数收益率,工银瑞信基金管理有限公司,中信证券股份有限公司,股票型ETF,规模指数ETF,000699.SH,,,,,,
2022-05-06,589200.SH,科创200ETF工银,20250808,上证科创板200指数,上证科创板200指数收益率,工银瑞信基金管理有限公司,中信证券股份有限公司,股票型ETF,规模指数ETF,000699.SH,,,,,,
2022-05-09,589200.SH,科创200ETF工银,20250808,上证科创板200指数,上证科创板200指数收益率,工银瑞信基金管理有限公司,中信证券股份有限公司,股票型ETF,规模指数ETF,000699.SH,,,,,,
2022-05-10,589200.SH,科创200ETF工银,20250808,上证科创板200指数,上证科创板200指数收益率,工银瑞信基金管理有限公司,中信证券股份有限公司,股票型ETF,规模指数ETF,000699.SH,,,,,,
2022-05-11,589200.SH,科创200ETF工银,20250808,上证科创板200指数,上证科创板200指数收益率,工银瑞信基金管理有限公司,中信证券股份有限公司,股票型ETF,规模指数ETF,000699.SH,,,,,,
2022-05-12,589200.SH,科创200ETF工银,20250808,上证科创板200指数,上证科创板200指数收益率,工银瑞信基金管理有限公司,中信证券股份有限公司,股票型ETF,规模指数ETF,000699.SH,,,,,,
2022-05-13,589200.SH,科创200ETF工银,20250808,上证科创板200指数,上证科创板200指数收益率,工银瑞信基金管理有限公司,中信证券股份有限公司,股票型ETF,规模指数ETF,000699.SH,,,,,,
2022-05-16,589200.SH,科创200ETF工银,20250808,上证科创板200指数,上证科创板200指数收益率,工银瑞信基金管理有限公司,中信证券股份有限公司,股票型ETF,规模指数ETF,000699.SH,,,,,,
2022-05-17,589200.SH,科创200ETF工银,20250808,上证科创板200指数,上证科创板200指数收益率,工银瑞信基金管理有限公司,中信证券股份有限公司,股票型ETF,规模指数ETF,000699.SH,,,,,,
2022-05-18,589200.SH,科创200ETF工银,20250808,上证科创板200指数,上证科创板200指数收益率,工银瑞信基金管理有限公司,中信证券股份有限公司,股票型ETF,规模指数ETF,000699.SH,,,,,,
2022-05-19,589200.SH,科创200ETF工银,20250808,上证科创板200指数,上证科创板200指数收益率,工银瑞信基金管理有限公司,中信证券股份有限公司,股票型ETF,规模指数ETF,000699.SH,,,,,,
2022-05-20,589200.SH,科创200ETF工银,20250808,上证科创板200指数,上证科创板200指数收益率,工银瑞信基金管理有限公司,中信证券股份有限公司,股票型ETF,规模指数ETF,000699.SH,,,,,,
2022-05-23,589200.SH,科创200ETF工银,20250808,上证科创板200指数,上证科创板200指数收益率,工银瑞信基金管理有限公司,中信证券股份有限公司,股票型ETF,规模指数ETF,000699.SH,,,,,,
2022-05-24,589200.SH,科创200ETF工银,20250808,上证科创板200指数,上证科创板200指数收益率,工银瑞信基金管理有限公司,中信证券股份有限公司,股票型ETF,规模指数ETF,000699.SH,,,,,,
2022-05-25,589200.SH,科创200ETF工银,20250808,上证科创板200指数,上证科创板200指数收益率,工银瑞信基金管理有限公司,中信证券股份有限公司,股票型ETF,规模指数ETF,000699.SH,,,,,,
2022-05-26,589200.SH,科创200ETF工银,20250808,上证科创板200指数,上证科创板200指数收益率,工银瑞信基金管理有限公司,中信证券股份有限公司,股票型ETF,规模指数ETF,000699.SH,,,,,,
2022-05-27,589200.SH,科创200ETF工银,20250808,上证科创板200指数,上证科创板200指数收益率,工银瑞信基金管理有限公司,中信证券股份有限公司,股票型ETF,规模指数ETF,000699.SH,,,,,,
2022-05-30,589200.SH,科创200ETF工银,20250808,上证科创板200指数,上证科创板200指数收益率,工银瑞信基金管理有限公司,中信证券股份有限公司,股票型ETF,规模指数ETF,000699.SH,,,,,,
2022-05-31,589200.SH,科创200ETF工银,20250808,上证科创板200指数,上证科创板200指数收益率,工银瑞信基金管理有限公司,中信证券股份有限公司,股票型ETF,规模指数ETF,000699.SH,,,,,,
2022-06-01,589200.SH,科创200ETF工银,20250808,上证科创板200指数,上证科创板200指数收益率,工银瑞信基金管理有限公司,中信证券股份有限公司,股票型ETF,规模指数ETF,000699.SH,,,,,,
2022-06-02,589200.SH,科创200ETF工银,20250808,上证科创板200指数,上证科创板200指数收益率,工银瑞信基金管理有限公司,中信证券股份有限公司,股票型ETF,规模指数ETF,000699.SH,,,,,,
2022-06-06,589200.SH,科创200ETF工银,20250808,上证科创板200指数,上证科创板200指数收益率,工银瑞信基金管理有限公司,中信证券股份有限公司,股票型ETF,规模指数ETF,000699.SH,,,,,,
2022-06-07,589200.SH,科创200ETF工银,20250808,上证科创板200指数,上证科创板200指数收益率,工银瑞信基金管理有限公司,中信证券股份有限公司,股票型ETF,规模指数ETF,000699.SH,,,,,,
2022-06-08,589200.SH,科创200ETF工银,20250808,上证科创板200指数,上证科创板200指数收益率,工银瑞信基金管理有限公司,中信证券股份有限公司,股票型ETF,规模指数ETF,000699.SH,,,,,,
2022-06-09,589200.SH,科创200ETF工银,20250808,上证科创板200指数,上证科创板200指数收益率,工银瑞信基金管理有限公司,中信证券股份有限公司,股票型ETF,规模指数ETF,000699.SH,,,,,,
2022-06-10,589200.SH,科创200ETF工银,20250808,上证科创板200指数,上证科创板200指数收益率,工银瑞信基金管理有限公司,中信证券股份有限公司,股票型ETF,规模指数ETF,000699.SH,,,,,,
2022-06-13,589200.SH,科创200ETF工银,20250808,上证科创板200指数,上证科创板200指数收益率,工银瑞信基金管理有限公司,中信证券股份有限公司,股票型ETF,规模指数ETF,000699.SH,,,,,,
2022-06-14,589200.SH,科创200ETF工银,20250808,上证科创板200指数,上证科创板200指数收益率,工银瑞信基金管理有限公司,中信证券股份有限公司,股票型ETF,规模指数ETF,000699.SH,,,,,,
2022-06-15,589200.SH,科创200ETF工银,20250808,上证科创板200指数,上证科创板200指数收益率,工银瑞信基金管理有限公司,中信证券股份有限公司,股票型ETF,规模指数ETF,000699.SH,,,,,,
2022-06-16,589200.SH,科创200ETF工银,20250808,上证科创板200指数,上证科创板200指数收益率,工银瑞信基金管理有限公司,中信证券股份有限公司,股票型ETF,规模指数ETF,000699.SH,,,,,,
2022-06-17,589200.SH,科创200ETF工银,20250808,上证科创板200指数,上证科创板200指数收益率,工银瑞信基金管理有限公司,中信证券股份有限公司,股票型ETF,规模指数ETF,000699.SH,,,,,,
2022-06-20,589200.SH,科创200ETF工银,20250808,上证科创板200指数,上证科创板200指数收益率,工银瑞信基金管理有限公司,中信证券股份有限公司,股票型ETF,规模指数ETF,000699.SH,,,,,,
2022-06-21,589200.SH,科创200ETF工银,20250808,上证科创板200指数,上证科创板200指数收益率,工银瑞信基金管理有限公司,中信证券股份有限公司,股票型ETF,规模指数ETF,000699.SH,,,,,,
2022-06-22,589200.SH,科创200ETF工银,20250808,上证科创板200指数,上证科创板200指数收益率,工银瑞信基金管理有限公司,中信证券股份有限公司,股票型ETF,规模指数ETF,000699.SH,,,,,,
2022-06-23,589200.SH,科创200ETF工银,20250808,上证科创板200指数,上证科创板200指数收益率,工银瑞信基金管理有限公司,中信证券股份有限公司,股票型ETF,规模指数ETF,000699.SH,,,,,,
2022-06-24,589200.SH,科创200ETF工银,20250808,上证科创板200指数,上证科创板200指数收益率,工银瑞信基金管理有限公司,中信证券股份有限公司,股票型ETF,规模指数ETF,000699.SH,,,,,,
2022-06-27,589200.SH,科创200ETF工银,20250808,上证科创板200指数,上证科创板200指数收益率,工银瑞信基金管理有限公司,中信证券股份有限公司,股票型ETF,规模指数ETF,000699.SH,,,,,,
2022-06-28,589200.SH,科创200ETF工银,20250808,上证科创板200指数,上证科创板200指数收益率,工银瑞信基金管理有限公司,中信证券股份有限公司,股票型ETF,规模指数ETF,000699.SH,,,,,,
2022-06-29,589200.SH,科创200ETF工银,20250808,上证科创板200指数,上证科创板200指数收益率,工银瑞信基金管理有限公司,中信证券股份有限公司,股票型ETF,规模指数ETF,000699.SH,,,,,,
2022-06-30,589200.SH,科创200ETF工银,20250808,上证科创板200指数,上证科创板200指数收益率,工银瑞信基金管理有限公司,中信证券股份有限公司,股票型ETF,规模指数ETF,000699.SH,,,,,,
2022-07-01,589200.SH,科创200ETF工银,20250808,上证科创板200指数,上证科创板200指数收益率,工银瑞信基金管理有限公司,中信证券股份有限公司,股票型ETF,规模指数ETF,000699.SH,,,,,,
2022-07-04,589200.SH,科创200ETF工银,20250808,上证科创板200指数,上证科创板200指数收益率,工银瑞信基金管理有限公司,中信证券股份有限公司,股票型ETF,规模指数ETF,000699.SH,,,,,,
2022-07-05,589200.SH,科创200ETF工银,20250808,上证科创板200指数,上证科创板200指数收益率,工银瑞信基金管理有限公司,中信证券股份有限公司,股票型ETF,规模指数ETF,000699.SH,,,,,,
2022-07-06,589200.SH,科创200ETF工银,20250808,上证科创板200指数,上证科创板200指数收益率,工银瑞信基金管理有限公司,中信证券股份有限公司,股票型ETF,规模指数ETF,000699.SH,,,,,,
2022-07-07,589200.SH,科创200ETF工银,20250808,上证科创板200指数,上证科创板200指数收益率,工银瑞信基金管理有限公司,中信证券股份有限公司,股票型ETF,规模指数ETF,000699.SH,,,,,,
2022-07-08,589200.SH,科创200ETF工银,20250808,上证科创板200指数,上证科创板200指数收益率,工银瑞信基金管理有限公司,中信证券股份有限公司,股票型ETF,规模指数ETF,000699.SH,,,,,,
2022-07-11,589200.SH,科创200ETF工银,20250808,上证科创板200指数,上证科创板200指数收益率,工银瑞信基金管理有限公司,中信证券股份有限公司,股票型ETF,规模指数ETF,000699.SH,,,,,,
2022-07-12,589200.SH,科创200ETF工银,20250808,上证科创板200指数,上证科创板200指数收益率,工银瑞信基金管理有限公司,中信证券股份有限公司,股票型ETF,规模指数ETF,000699.SH,,,,,,
2022-07-13,589200.SH,科创200ETF工银,20250808,上证科创板200指数,上证科创板200指数收益率,工银瑞信基金管理有限公司,中信证券股份有限公司,股票型ETF,规模指数ETF,000699.SH,,,,,,
2022-07-14,589200.SH,科创200ETF工银,20250808,上证科创板200指数,上证科创板200指数收益率,工银瑞信基金管理有限公司,中信证券股份有限公司,股票型ETF,规模指数ETF,000699.SH,,,,,,
2022-07-15,589200.SH,科创200ETF工银,20250808,上证科创板200指数,上证科创板200指数收益率,工银瑞信基金管理有限公司,中信证券股份有限公司,股票型ETF,规模指数ETF,000699.SH,,,,,,
2022-07-18,589200.SH,科创200ETF工银,20250808,上证科创板200指数,上证科创板200指数收益率,工银瑞信基金管理有限公司,中信证券股份有限公司,股票型ETF,规模指数ETF,000699.SH,,,,,,
2022-07-19,589200.SH,科创200ETF工银,20250808,上证科创板200指数,上证科创板200指数收益率,工银瑞信基金管理有限公司,中信证券股份有限公司,股票型ETF,规模指数ETF,000699.SH,,,,,,
2022-07-20,589200.SH,科创200ETF工银,20250808,上证科创板200指数,上证科创板200指数收益率,工银瑞信基金管理有限公司,中信证券股份有限公司,股票型ETF,规模指数ETF,000699.SH,,,,,,
2022-07-21,589200.SH,科创200ETF工银,20250808,上证科创板200指数,上证科创板200指数收益率,工银瑞信基金管理有限公司,中信证券股份有限公司,股票型ETF,规模指数ETF,000699.SH,,,,,,
2022-07-22,589200.SH,科创200ETF工银,20250808,上证科创板200指数,上证科创板200指数收益率,工银瑞信基金管理有限公司,中信证券股份有限公司,股票型ETF,规模指数ETF,000699.SH,,,,,,
2022-07-25,589200.SH,科创200ETF工银,20250808,上证科创板200指数,上证科创板200指数收益率,工银瑞信基金管理有限公司,中信证券股份有限公司,股票型ETF,规模指数ETF,000699.SH,,,,,,
2022-07-26,589200.SH,科创200ETF工银,20250808,上证科创板200指数,上证科创板200指数收益率,工银瑞信基金管理有限公司,中信证券股份有限公司,股票型ETF,规模指数ETF,000699.SH,,,,,,
2022-07-27,589200.SH,科创200ETF工银,20250808,上证科创板200指数,上证科创板200指数收益率,工银瑞信基金管理有限公司,中信证券股份有限公司,股票型ETF,规模指数ETF,000699.SH,,,,,,
2022-07-28,589200.SH,科创200ETF工银,20250808,上证科创板200指数,上证科创板200指数收益率,工银瑞信基金管理有限公司,中信证券股份有限公司,股票型ETF,规模指数ETF,000699.SH,,,,,,
2022-07-29,589200.SH,科创200ETF工银,20250808,上证科创板200指数,上证科创板200指数收益率,工银瑞信基金管理有限公司,中信证券股份有限公司,股票型ETF,规模指数ETF,000699.SH,,,,,,
2022-08-01,589200.SH,科创200ETF工银,20250808,上证科创板200指数,上证科创板200指数收益率,工银瑞信基金管理有限公司,中信证券股份有限公司,股票型ETF,规模指数ETF,000699.SH,,,,,,
2022-08-02,589200.SH,科创200ETF工银,20250808,上证科创板200指数,上证科创板200指数收益率,工银瑞信基金管理有限公司,中信证券股份有限公司,股票型ETF,规模指数ETF,000699.SH,,,,,,
2022-08-03,589200.SH,科创200ETF工银,20250808,上证科创板200指数,上证科创板200指数收益率,工银瑞信基金管理有限公司,中信证券股份有限公司,股票型ETF,规模指数ETF,000699.SH,,,,,,
2022-08-04,589200.SH,科创200ETF工银,20250808,上证科创板200指数,上证科创板200指数收益率,工银瑞信基金管理有限公司,中信证券股份有限公司,股票型ETF,规模指数ETF,000699.SH,,,,,,
2022-08-05,589200.SH,科创200ETF工银,20250808,上证科创板200指数,上证科创板200指数收益率,工银瑞信基金管理有限公司,中信证券股份有限公司,股票型ETF,规模指数ETF,000699.SH,,,,,,
2022-08-08,589200.SH,科创200ETF工银,20250808,上证科创板200指数,上证科创板200指数收益率,工银瑞信基金管理有限公司,中信证券股份有限公司,股票型ETF,规模指数ETF,000699.SH,,,,,,
2022-08-09,589200.SH,科创200ETF工银,20250808,上证科创板200指数,上证科创板200指数收益率,工银瑞信基金管理有限公司,中信证券股份有限公司,股票型ETF,规模指数ETF,000699.SH,,,,,,
2022-08-10,589200.SH,科创200ETF工银,20250808,上证科创板200指数,上证科创板200指数收益率,工银瑞信基金管理有限公司,中信证券股份有限公司,股票型ETF,规模指数ETF,000699.SH,,,,,,
2022-08-11,589200.SH,科创200ETF工银,20250808,上证科创板200指数,上证科创板200指数收益率,工银瑞信基金管理有限公司,中信证券股份有限公司,股票型ETF,规模指数ETF,000699.SH,,,,,,
2022-08-12,589200.SH,科创200ETF工银,20250808,上证科创板200指数,上证科创板200指数收益率,工银瑞信基金管理有限公司,中信证券股份有限公司,股票型ETF,规模指数ETF,000699.SH,,,,,,
2022-08-15,589200.SH,科创200ETF工银,20250808,上证科创板200指数,上证科创板200指数收益率,工银瑞信基金管理有限公司,中信证券股份有限公司,股票型ETF,规模指数ETF,000699.SH,,,,,,
2022-08-16,589200.SH,科创200ETF工银,20250808,上证科创板200指数,上证科创板200指数收益率,工银瑞信基金管理有限公司,中信证券股份有限公司,股票型ETF,规模指数ETF,000699.SH,,,,,,
2022-08-17,589200.SH,科创200ETF工银,20250808,上证科创板200指数,上证科创板200指数收益率,工银瑞信基金管理有限公司,中信证券股份有限公司,股票型ETF,规模指数ETF,000699.SH,,,,,,
2022-08-18,589200.SH,科创200ETF工银,20250808,上证科创板200指数,上证科创板200指数收益率,工银瑞信基金管理有限公司,中信证券股份有限公司,股票型ETF,规模指数ETF,000699.SH,,,,,,
2022-08-19,589200.SH,科创200ETF工银,20250808,上证科创板200指数,上证科创板200指数收益率,工银瑞信基金管理有限公司,中信证券股份有限公司,股票型ETF,规模指数ETF,000699.SH,,,,,,
2022-08-22,589200.SH,科创200ETF工银,20250808,上证科创板200指数,上证科创板200指数收益率,工银瑞信基金管理有限公司,中信证券股份有限公司,股票型ETF,规模指数ETF,000699.SH,,,,,,
2022-08-23,589200.SH,科创200ETF工银,20250808,上证科创板200指数,上证科创板200指数收益率,工银瑞信基金管理有限公司,中信证券股份有限公司,股票型ETF,规模指数ETF,000699.SH,,,,,,
2022-08-24,589200.SH,科创200ETF工银,20250808,上证科创板200指数,上证科创板200指数收益率,工银瑞信基金管理有限公司,中信证券股份有限公司,股票型ETF,规模指数ETF,000699.SH,,,,,,
2022-08-25,589200.SH,科创200ETF工银,20250808,上证科创板200指数,上证科创板200指数收益率,工银瑞信基金管理有限公司,中信证券股份有限公司,股票型ETF,规模指数ETF,000699.SH,,,,,,
2022-08-26,589200.SH,科创200ETF工银,20250808,上证科创板200指数,上证科创板200指数收益率,工银瑞信基金管理有限公司,中信证券股份有限公司,股票型ETF,规模指数ETF,000699.SH,,,,,,
2022-08-29,589200.SH,科创200ETF工银,20250808,上证科创板200指数,上证科创板200指数收益率,工银瑞信基金管理有限公司,中信证券股份有限公司,股票型ETF,规模指数ETF,000699.SH,,,,,,
2022-08-30,589200.SH,科创200ETF工银,20250808,上证科创板200指数,上证科创板200指数收益率,工银瑞信基金管理有限公司,中信证券股份有限公司,股票型ETF,规模指数ETF,000699.SH,,,,,,
2022-08-31,589200.SH,科创200ETF工银,20250808,上证科创板200指数,上证科创板200指数收益率,工银瑞信基金管理有限公司,中信证券股份有限公司,股票型ETF,规模指数ETF,000699.SH,,,,,,
2022-09-01,589200.SH,科创200ETF工银,20250808,上证科创板200指数,上证科创板200指数收益率,工银瑞信基金管理有限公司,中信证券股份有限公司,股票型ETF,规模指数ETF,000699.SH,,,,,,
2022-09-02,589200.SH,科创200ETF工银,20250808,上证科创板200指数,上证科创板200指数收益率,工银瑞信基金管理有限公司,中信证券股份有限公司,股票型ETF,规模指数ETF,000699.SH,,,,,,
2022-09-05,589200.SH,科创200ETF工银,20250808,上证科创板200指数,上证科创板200指数收益率,工银瑞信基金管理有限公司,中信证券股份有限公司,股票型ETF,规模指数ETF,000699.SH,,,,,,
2022-09-06,589200.SH,科创200ETF工银,20250808,上证科创板200指数,上证科创板200指数收益率,工银瑞信基金管理有限公司,中信证券股份有限公司,股票型ETF,规模指数ETF,000699.SH,,,,,,
2022-09-07,589200.SH,科创200ETF工银,20250808,上证科创板200指数,上证科创板200指数收益率,工银瑞信基金管理有限公司,中信证券股份有限公司,股票型ETF,规模指数ETF,000699.SH,,,,,,
2022-09-08,589200.SH,科创200ETF工银,20250808,上证科创板200指数,上证科创板200指数收益率,工银瑞信基金管理有限公司,中信证券股份有限公司,股票型ETF,规模指数ETF,000699.SH,,,,,,
2022-09-09,589200.SH,科创200ETF工银,20250808,上证科创板200指数,上证科创板200指数收益率,工银瑞信基金管理有限公司,中信证券股份有限公司,股票型ETF,规模指数ETF,000699.SH,,,,,,
2022-09-13,589200.SH,科创200ETF工银,20250808,上证科创板200指数,上证科创板200指数收益率,工银瑞信基金管理有限公司,中信证券股份有限公司,股票型ETF,规模指数ETF,000699.SH,,,,,,
2022-09-14,589200.SH,科创200ETF工银,20250808,上证科创板200指数,上证科创板200指数收益率,工银瑞信基金管理有限公司,中信证券股份有限公司,股票型ETF,规模指数ETF,000699.SH,,,,,,
2022-09-15,589200.SH,科创200ETF工银,20250808,上证科创板200指数,上证科创板200指数收益率,工银瑞信基金管理有限公司,中信证券股份有限公司,股票型ETF,规模指数ETF,000699.SH,,,,,,
2022-09-16,589200.SH,科创200ETF工银,20250808,上证科创板200指数,上证科创板200指数收益率,工银瑞信基金管理有限公司,中信证券股份有限公司,股票型ETF,规模指数ETF,000699.SH,,,,,,
2022-09-19,589200.SH,科创200ETF工银,20250808,上证科创板200指数,上证科创板200指数收益率,工银瑞信基金管理有限公司,中信证券股份有限公司,股票型ETF,规模指数ETF,000699.SH,,,,,,
2022-09-20,589200.SH,科创200ETF工银,20250808,上证科创板200指数,上证科创板200指数收益率,工银瑞信基金管理有限公司,中信证券股份有限公司,股票型ETF,规模指数ETF,000699.SH,,,,,,
2022-09-21,589200.SH,科创200ETF工银,20250808,上证科创板200指数,上证科创板200指数收益率,工银瑞信基金管理有限公司,中信证券股份有限公司,股票型ETF,规模指数ETF,000699.SH,,,,,,
2022-09-22,589200.SH,科创200ETF工银,20250808,上证科创板200指数,上证科创板200指数收益率,工银瑞信基金管理有限公司,中信证券股份有限公司,股票型ETF,规模指数ETF,000699.SH,,,,,,
2022-09-23,589200.SH,科创200ETF工银,20250808,上证科创板200指数,上证科创板200指数收益率,工银瑞信基金管理有限公司,中信证券股份有限公司,股票型ETF,规模指数ETF,000699.SH,,,,,,
2022-09-26,589200.SH,科创200ETF工银,20250808,上证科创板200指数,上证科创板200指数收益率,工银瑞信基金管理有限公司,中信证券股份有限公司,股票型ETF,规模指数ETF,000699.SH,,,,,,
2022-09-27,589200.SH,科创200ETF工银,20250808,上证科创板200指数,上证科创板200指数收益率,工银瑞信基金管理有限公司,中信证券股份有限公司,股票型ETF,规模指数ETF,000699.SH,,,,,,
2022-09-28,589200.SH,科创200ETF工银,20250808,上证科创板200指数,上证科创板200指数收益率,工银瑞信基金管理有限公司,中信证券股份有限公司,股票型ETF,规模指数ETF,000699.SH,,,,,,
2022-09-29,589200.SH,科创200ETF工银,20250808,上证科创板200指数,上证科创板200指数收益率,工银瑞信基金管理有限公司,中信证券股份有限公司,股票型ETF,规模指数ETF,000699.SH,,,,,,
2022-09-30,589200.SH,科创200ETF工银,20250808,上证科创板200指数,上证科创板200指数收益率,工银瑞信基金管理有限公司,中信证券股份有限公司,股票型ETF,规模指数ETF,000699.SH,,,,,,
2022-10-10,589200.SH,科创200ETF工银,20250808,上证科创板200指数,上证科创板200指数收益率,工银瑞信基金管理有限公司,中信证券股份有限公司,股票型ETF,规模指数ETF,000699.SH,,,,,,
2022-10-11,589200.SH,科创200ETF工银,20250808,上证科创板200指数,上证科创板200指数收益率,工银瑞信基金管理有限公司,中信证券股份有限公司,股票型ETF,规模指数ETF,000699.SH,,,,,,
2022-10-12,589200.SH,科创200ETF工银,20250808,上证科创板200指数,上证科创板200指数收益率,工银瑞信基金管理有限公司,中信证券股份有限公司,股票型ETF,规模指数ETF,000699.SH,,,,,,
2022-10-13,589200.SH,科创200ETF工银,20250808,上证科创板200指数,上证科创板200指数收益率,工银瑞信基金管理有限公司,中信证券股份有限公司,股票型ETF,规模指数ETF,000699.SH,,,,,,
2022-10-14,589200.SH,科创200ETF工银,20250808,上证科创板200指数,上证科创板200指数收益率,工银瑞信基金管理有限公司,中信证券股份有限公司,股票型ETF,规模指数ETF,000699.SH,,,,,,
2022-10-17,589200.SH,科创200ETF工银,20250808,上证科创板200指数,上证科创板200指数收益率,工银瑞信基金管理有限公司,中信证券股份有限公司,股票型ETF,规模指数ETF,000699.SH,,,,,,
2022-10-18,589200.SH,科创200ETF工银,20250808,上证科创板200指数,上证科创板200指数收益率,工银瑞信基金管理有限公司,中信证券股份有限公司,股票型ETF,规模指数ETF,000699.SH,,,,,,
2022-10-19,589200.SH,科创200ETF工银,20250808,上证科创板200指数,上证科创板200指数收益率,工银瑞信基金管理有限公司,中信证券股份有限公司,股票型ETF,规模指数ETF,000699.SH,,,,,,
2022-10-20,589200.SH,科创200ETF工银,20250808,上证科创板200指数,上证科创板200指数收益率,工银瑞信基金管理有限公司,中信证券股份有限公司,股票型ETF,规模指数ETF,000699.SH,,,,,,
2022-10-21,589200.SH,科创200ETF工银,20250808,上证科创板200指数,上证科创板200指数收益率,工银瑞信基金管理有限公司,中信证券股份有限公司,股票型ETF,规模指数ETF,000699.SH,,,,,,
2022-10-24,589200.SH,科创200ETF工银,20250808,上证科创板200指数,上证科创板200指数收益率,工银瑞信基金管理有限公司,中信证券股份有限公司,股票型ETF,规模指数ETF,000699.SH,,,,,,
2022-10-25,589200.SH,科创200ETF工银,20250808,上证科创板200指数,上证科创板200指数收益率,工银瑞信基金管理有限公司,中信证券股份有限公司,股票型ETF,规模指数ETF,000699.SH,,,,,,
2022-10-26,589200.SH,科创200ETF工银,20250808,上证科创板200指数,上证科创板200指数收益率,工银瑞信基金管理有限公司,中信证券股份有限公司,股票型ETF,规模指数ETF,000699.SH,,,,,,
2022-10-27,589200.SH,科创200ETF工银,20250808,上证科创板200指数,上证科创板200指数收益率,工银瑞信基金管理有限公司,中信证券股份有限公司,股票型ETF,规模指数ETF,000699.SH,,,,,,
2022-10-28,589200.SH,科创200ETF工银,20250808,上证科创板200指数,上证科创板200指数收益率,工银瑞信基金管理有限公司,中信证券股份有限公司,股票型ETF,规模指数ETF,000699.SH,,,,,,
2022-10-31,589200.SH,科创200ETF工银,20250808,上证科创板200指数,上证科创板200指数收益率,工银瑞信基金管理有限公司,中信证券股份有限公司,股票型ETF,规模指数ETF,000699.SH,,,,,,
2022-11-01,589200.SH,科创200ETF工银,20250808,上证科创板200指数,上证科创板200指数收益率,工银瑞信基金管理有限公司,中信证券股份有限公司,股票型ETF,规模指数ETF,000699.SH,,,,,,
2022-11-02,589200.SH,科创200ETF工银,20250808,上证科创板200指数,上证科创板200指数收益率,工银瑞信基金管理有限公司,中信证券股份有限公司,股票型ETF,规模指数ETF,000699.SH,,,,,,
2022-11-03,589200.SH,科创200ETF工银,20250808,上证科创板200指数,上证科创板200指数收益率,工银瑞信基金管理有限公司,中信证券股份有限公司,股票型ETF,规模指数ETF,000699.SH,,,,,,
2022-11-04,589200.SH,科创200ETF工银,20250808,上证科创板200指数,上证科创板200指数收益率,工银瑞信基金管理有限公司,中信证券股份有限公司,股票型ETF,规模指数ETF,000699.SH,,,,,,
2022-11-07,589200.SH,科创200ETF工银,20250808,上证科创板200指数,上证科创板200指数收益率,工银瑞信基金管理有限公司,中信证券股份有限公司,股票型ETF,规模指数ETF,000699.SH,,,,,,
2022-11-08,589200.SH,科创200ETF工银,20250808,上证科创板200指数,上证科创板200指数收益率,工银瑞信基金管理有限公司,中信证券股份有限公司,股票型ETF,规模指数ETF,000699.SH,,,,,,
2022-11-09,589200.SH,科创200ETF工银,20250808,上证科创板200指数,上证科创板200指数收益率,工银瑞信基金管理有限公司,中信证券股份有限公司,股票型ETF,规模指数ETF,000699.SH,,,,,,
2022-11-10,589200.SH,科创200ETF工银,20250808,上证科创板200指数,上证科创板200指数收益率,工银瑞信基金管理有限公司,中信证券股份有限公司,股票型ETF,规模指数ETF,000699.SH,,,,,,
2022-11-11,589200.SH,科创200ETF工银,20250808,上证科创板200指数,上证科创板200指数收益率,工银瑞信基金管理有限公司,中信证券股份有限公司,股票型ETF,规模指数ETF,000699.SH,,,,,,
2022-11-14,589200.SH,科创200ETF工银,20250808,上证科创板200指数,上证科创板200指数收益率,工银瑞信基金管理有限公司,中信证券股份有限公司,股票型ETF,规模指数ETF,000699.SH,,,,,,
2022-11-15,589200.SH,科创200ETF工银,20250808,上证科创板200指数,上证科创板200指数收益率,工银瑞信基金管理有限公司,中信证券股份有限公司,股票型ETF,规模指数ETF,000699.SH,,,,,,
2022-11-16,589200.SH,科创200ETF工银,20250808,上证科创板200指数,上证科创板200指数收益率,工银瑞信基金管理有限公司,中信证券股份有限公司,股票型ETF,规模指数ETF,000699.SH,,,,,,
2022-11-17,589200.SH,科创200ETF工银,20250808,上证科创板200指数,上证科创板200指数收益率,工银瑞信基金管理有限公司,中信证券股份有限公司,股票型ETF,规模指数ETF,000699.SH,,,,,,
2022-11-18,589200.SH,科创200ETF工银,20250808,上证科创板200指数,上证科创板200指数收益率,工银瑞信基金管理有限公司,中信证券股份有限公司,股票型ETF,规模指数ETF,000699.SH,,,,,,
2022-11-21,589200.SH,科创200ETF工银,20250808,上证科创板200指数,上证科创板200指数收益率,工银瑞信基金管理有限公司,中信证券股份有限公司,股票型ETF,规模指数ETF,000699.SH,,,,,,
2022-11-22,589200.SH,科创200ETF工银,20250808,上证科创板200指数,上证科创板200指数收益率,工银瑞信基金管理有限公司,中信证券股份有限公司,股票型ETF,规模指数ETF,000699.SH,,,,,,
2022-11-23,589200.SH,科创200ETF工银,20250808,上证科创板200指数,上证科创板200指数收益率,工银瑞信基金管理有限公司,中信证券股份有限公司,股票型ETF,规模指数ETF,000699.SH,,,,,,
2022-11-24,589200.SH,科创200ETF工银,20250808,上证科创板200指数,上证科创板200指数收益率,工银瑞信基金管理有限公司,中信证券股份有限公司,股票型ETF,规模指数ETF,000699.SH,,,,,,
2022-11-25,589200.SH,科创200ETF工银,20250808,上证科创板200指数,上证科创板200指数收益率,工银瑞信基金管理有限公司,中信证券股份有限公司,股票型ETF,规模指数ETF,000699.SH,,,,,,
2022-11-28,589200.SH,科创200ETF工银,20250808,上证科创板200指数,上证科创板200指数收益率,工银瑞信基金管理有限公司,中信证券股份有限公司,股票型ETF,规模指数ETF,000699.SH,,,,,,
2022-11-29,589200.SH,科创200ETF工银,20250808,上证科创板200指数,上证科创板200指数收益率,工银瑞信基金管理有限公司,中信证券股份有限公司,股票型ETF,规模指数ETF,000699.SH,,,,,,
2022-11-30,589200.SH,科创200ETF工银,20250808,上证科创板200指数,上证科创板200指数收益率,工银瑞信基金管理有限公司,中信证券股份有限公司,股票型ETF,规模指数ETF,000699.SH,,,,,,
2022-12-01,589200.SH,科创200ETF工银,20250808,上证科创板200指数,上证科创板200指数收益率,工银瑞信基金管理有限公司,中信证券股份有限公司,股票型ETF,规模指数ETF,000699.SH,,,,,,
2022-12-02,589200.SH,科创200ETF工银,20250808,上证科创板200指数,上证科创板200指数收益率,工银瑞信基金管理有限公司,中信证券股份有限公司,股票型ETF,规模指数ETF,000699.SH,,,,,,
2022-12-05,589200.SH,科创200ETF工银,20250808,上证科创板200指数,上证科创板200指数收益率,工银瑞信基金管理有限公司,中信证券股份有限公司,股票型ETF,规模指数ETF,000699.SH,,,,,,
2022-12-06,589200.SH,科创200ETF工银,20250808,上证科创板200指数,上证科创板200指数收益率,工银瑞信基金管理有限公司,中信证券股份有限公司,股票型ETF,规模指数ETF,000699.SH,,,,,,
2022-12-07,589200.SH,科创200ETF工银,20250808,上证科创板200指数,上证科创板200指数收益率,工银瑞信基金管理有限公司,中信证券股份有限公司,股票型ETF,规模指数ETF,000699.SH,,,,,,
2022-12-08,589200.SH,科创200ETF工银,20250808,上证科创板200指数,上证科创板200指数收益率,工银瑞信基金管理有限公司,中信证券股份有限公司,股票型ETF,规模指数ETF,000699.SH,,,,,,
2022-12-09,589200.SH,科创200ETF工银,20250808,上证科创板200指数,上证科创板200指数收益率,工银瑞信基金管理有限公司,中信证券股份有限公司,股票型ETF,规模指数ETF,000699.SH,,,,,,
2022-12-12,589200.SH,科创200ETF工银,20250808,上证科创板200指数,上证科创板200指数收益率,工银瑞信基金管理有限公司,中信证券股份有限公司,股票型ETF,规模指数ETF,000699.SH,,,,,,
2022-12-13,589200.SH,科创200ETF工银,20250808,上证科创板200指数,上证科创板200指数收益率,工银瑞信基金管理有限公司,中信证券股份有限公司,股票型ETF,规模指数ETF,000699.SH,,,,,,
2022-12-14,589200.SH,科创200ETF工银,20250808,上证科创板200指数,上证科创板200指数收益率,工银瑞信基金管理有限公司,中信证券股份有限公司,股票型ETF,规模指数ETF,000699.SH,,,,,,
2022-12-15,589200.SH,科创200ETF工银,20250808,上证科创板200指数,上证科创板200指数收益率,工银瑞信基金管理有限公司,中信证券股份有限公司,股票型ETF,规模指数ETF,000699.SH,,,,,,
2022-12-16,589200.SH,科创200ETF工银,20250808,上证科创板200指数,上证科创板200指数收益率,工银瑞信基金管理有限公司,中信证券股份有限公司,股票型ETF,规模指数ETF,000699.SH,,,,,,
2022-12-19,589200.SH,科创200ETF工银,20250808,上证科创板200指数,上证科创板200指数收益率,工银瑞信基金管理有限公司,中信证券股份有限公司,股票型ETF,规模指数ETF,000699.SH,,,,,,
2022-12-20,589200.SH,科创200ETF工银,20250808,上证科创板200指数,上证科创板200指数收益率,工银瑞信基金管理有限公司,中信证券股份有限公司,股票型ETF,规模指数ETF,000699.SH,,,,,,
2022-12-21,589200.SH,科创200ETF工银,20250808,上证科创板200指数,上证科创板200指数收益率,工银瑞信基金管理有限公司,中信证券股份有限公司,股票型ETF,规模指数ETF,000699.SH,,,,,,
2022-12-22,589200.SH,科创200ETF工银,20250808,上证科创板200指数,上证科创板200指数收益率,工银瑞信基金管理有限公司,中信证券股份有限公司,股票型ETF,规模指数ETF,000699.SH,,,,,,
2022-12-23,589200.SH,科创200ETF工银,20250808,上证科创板200指数,上证科创板200指数收益率,工银瑞信基金管理有限公司,中信证券股份有限公司,股票型ETF,规模指数ETF,000699.SH,,,,,,
2022-12-26,589200.SH,科创200ETF工银,20250808,上证科创板200指数,上证科创板200指数收益率,工银瑞信基金管理有限公司,中信证券股份有限公司,股票型ETF,规模指数ETF,000699.SH,,,,,,
2022-12-27,589200.SH,科创200ETF工银,20250808,上证科创板200指数,上证科创板200指数收益率,工银瑞信基金管理有限公司,中信证券股份有限公司,股票型ETF,规模指数ETF,000699.SH,,,,,,
2022-12-28,589200.SH,科创200ETF工银,20250808,上证科创板200指数,上证科创板200指数收益率,工银瑞信基金管理有限公司,中信证券股份有限公司,股票型ETF,规模指数ETF,000699.SH,,,,,,
2022-12-29,589200.SH,科创200ETF工银,20250808,上证科创板200指数,上证科创板200指数收益率,工银瑞信基金管理有限公司,中信证券股份有限公司,股票型ETF,规模指数ETF,000699.SH,,,,,,
2022-12-30,589200.SH,科创200ETF工银,20250808,上证科创板200指数,上证科创板200指数收益率,工银瑞信基金管理有限公司,中信证券股份有限公司,股票型ETF,规模指数ETF,000699.SH,,,,,,
2023-01-03,589200.SH,科创200ETF工银,20250808,上证科创板200指数,上证科创板200指数收益率,工银瑞信基金管理有限公司,中信证券股份有限公司,股票型ETF,规模指数ETF,000699.SH,,,,,,
2023-01-04,589200.SH,科创200ETF工银,20250808,上证科创板200指数,上证科创板200指数收益率,工银瑞信基金管理有限公司,中信证券股份有限公司,股票型ETF,规模指数ETF,000699.SH,,,,,,
2023-01-05,589200.SH,科创200ETF工银,20250808,上证科创板200指数,上证科创板200指数收益率,工银瑞信基金管理有限公司,中信证券股份有限公司,股票型ETF,规模指数ETF,000699.SH,,,,,,
2023-01-06,589200.SH,科创200ETF工银,20250808,上证科创板200指数,上证科创板200指数收益率,工银瑞信基金管理有限公司,中信证券股份有限公司,股票型ETF,规模指数ETF,000699.SH,,,,,,
2023-01-09,589200.SH,科创200ETF工银,20250808,上证科创板200指数,上证科创板200指数收益率,工银瑞信基金管理有限公司,中信证券股份有限公司,股票型ETF,规模指数ETF,000699.SH,,,,,,
2023-01-10,589200.SH,科创200ETF工银,20250808,上证科创板200指数,上证科创板200指数收益率,工银瑞信基金管理有限公司,中信证券股份有限公司,股票型ETF,规模指数ETF,000699.SH,,,,,,
2023-01-11,589200.SH,科创200ETF工银,20250808,上证科创板200指数,上证科创板200指数收益率,工银瑞信基金管理有限公司,中信证券股份有限公司,股票型ETF,规模指数ETF,000699.SH,,,,,,
2023-01-12,589200.SH,科创200ETF工银,20250808,上证科创板200指数,上证科创板200指数收益率,工银瑞信基金管理有限公司,中信证券股份有限公司,股票型ETF,规模指数ETF,000699.SH,,,,,,
2023-01-13,589200.SH,科创200ETF工银,20250808,上证科创板200指数,上证科创板200指数收益率,工银瑞信基金管理有限公司,中信证券股份有限公司,股票型ETF,规模指数ETF,000699.SH,,,,,,
2023-01-16,589200.SH,科创200ETF工银,20250808,上证科创板200指数,上证科创板200指数收益率,工银瑞信基金管理有限公司,中信证券股份有限公司,股票型ETF,规模指数ETF,000699.SH,,,,,,
2023-01-17,589200.SH,科创200ETF工银,20250808,上证科创板200指数,上证科创板200指数收益率,工银瑞信基金管理有限公司,中信证券股份有限公司,股票型ETF,规模指数ETF,000699.SH,,,,,,
2023-01-18,589200.SH,科创200ETF工银,20250808,上证科创板200指数,上证科创板200指数收益率,工银瑞信基金管理有限公司,中信证券股份有限公司,股票型ETF,规模指数ETF,000699.SH,,,,,,
2023-01-19,589200.SH,科创200ETF工银,20250808,上证科创板200指数,上证科创板200指数收益率,工银瑞信基金管理有限公司,中信证券股份有限公司,股票型ETF,规模指数ETF,000699.SH,,,,,,
2023-01-20,589200.SH,科创200ETF工银,20250808,上证科创板200指数,上证科创板200指数收益率,工银瑞信基金管理有限公司,中信证券股份有限公司,股票型ETF,规模指数ETF,000699.SH,,,,,,
2023-01-30,589200.SH,科创200ETF工银,20250808,上证科创板200指数,上证科创板200指数收益率,工银瑞信基金管理有限公司,中信证券股份有限公司,股票型ETF,规模指数ETF,000699.SH,,,,,,
2023-01-31,589200.SH,科创200ETF工银,20250808,上证科创板200指数,上证科创板200指数收益率,工银瑞信基金管理有限公司,中信证券股份有限公司,股票型ETF,规模指数ETF,000699.SH,,,,,,
2023-02-01,589200.SH,科创200ETF工银,20250808,上证科创板200指数,上证科创板200指数收益率,工银瑞信基金管理有限公司,中信证券股份有限公司,股票型ETF,规模指数ETF,000699.SH,,,,,,
2023-02-02,589200.SH,科创200ETF工银,20250808,上证科创板200指数,上证科创板200指数收益率,工银瑞信基金管理有限公司,中信证券股份有限公司,股票型ETF,规模指数ETF,000699.SH,,,,,,
2023-02-03,589200.SH,科创200ETF工银,20250808,上证科创板200指数,上证科创板200指数收益率,工银瑞信基金管理有限公司,中信证券股份有限公司,股票型ETF,规模指数ETF,000699.SH,,,,,,
2023-02-06,589200.SH,科创200ETF工银,20250808,上证科创板200指数,上证科创板200指数收益率,工银瑞信基金管理有限公司,中信证券股份有限公司,股票型ETF,规模指数ETF,000699.SH,,,,,,
2023-02-07,589200.SH,科创200ETF工银,20250808,上证科创板200指数,上证科创板200指数收益率,工银瑞信基金管理有限公司,中信证券股份有限公司,股票型ETF,规模指数ETF,000699.SH,,,,,,
2023-02-08,589200.SH,科创200ETF工银,20250808,上证科创板200指数,上证科创板200指数收益率,工银瑞信基金管理有限公司,中信证券股份有限公司,股票型ETF,规模指数ETF,000699.SH,,,,,,
2023-02-09,589200.SH,科创200ETF工银,20250808,上证科创板200指数,上证科创板200指数收益率,工银瑞信基金管理有限公司,中信证券股份有限公司,股票型ETF,规模指数ETF,000699.SH,,,,,,
2023-02-10,589200.SH,科创200ETF工银,20250808,上证科创板200指数,上证科创板200指数收益率,工银瑞信基金管理有限公司,中信证券股份有限公司,股票型ETF,规模指数ETF,000699.SH,,,,,,
2023-02-13,589200.SH,科创200ETF工银,20250808,上证科创板200指数,上证科创板200指数收益率,工银瑞信基金管理有限公司,中信证券股份有限公司,股票型ETF,规模指数ETF,000699.SH,,,,,,
2023-02-14,589200.SH,科创200ETF工银,20250808,上证科创板200指数,上证科创板200指数收益率,工银瑞信基金管理有限公司,中信证券股份有限公司,股票型ETF,规模指数ETF,000699.SH,,,,,,
2023-02-15,589200.SH,科创200ETF工银,20250808,上证科创板200指数,上证科创板200指数收益率,工银瑞信基金管理有限公司,中信证券股份有限公司,股票型ETF,规模指数ETF,000699.SH,,,,,,
2023-02-16,589200.SH,科创200ETF工银,20250808,上证科创板200指数,上证科创板200指数收益率,工银瑞信基金管理有限公司,中信证券股份有限公司,股票型ETF,规模指数ETF,000699.SH,,,,,,
2023-02-17,589200.SH,科创200ETF工银,20250808,上证科创板200指数,上证科创板200指数收益率,工银瑞信基金管理有限公司,中信证券股份有限公司,股票型ETF,规模指数ETF,000699.SH,,,,,,
2023-02-20,589200.SH,科创200ETF工银,20250808,上证科创板200指数,上证科创板200指数收益率,工银瑞信基金管理有限公司,中信证券股份有限公司,股票型ETF,规模指数ETF,000699.SH,,,,,,
2023-02-21,589200.SH,科创200ETF工银,20250808,上证科创板200指数,上证科创板200指数收益率,工银瑞信基金管理有限公司,中信证券股份有限公司,股票型ETF,规模指数ETF,000699.SH,,,,,,
2023-02-22,589200.SH,科创200ETF工银,20250808,上证科创板200指数,上证科创板200指数收益率,工银瑞信基金管理有限公司,中信证券股份有限公司,股票型ETF,规模指数ETF,000699.SH,,,,,,
2023-02-23,589200.SH,科创200ETF工银,20250808,上证科创板200指数,上证科创板200指数收益率,工银瑞信基金管理有限公司,中信证券股份有限公司,股票型ETF,规模指数ETF,000699.SH,,,,,,
2023-02-24,589200.SH,科创200ETF工银,20250808,上证科创板200指数,上证科创板200指数收益率,工银瑞信基金管理有限公司,中信证券股份有限公司,股票型ETF,规模指数ETF,000699.SH,,,,,,
2023-02-27,589200.SH,科创200ETF工银,20250808,上证科创板200指数,上证科创板200指数收益率,工银瑞信基金管理有限公司,中信证券股份有限公司,股票型ETF,规模指数ETF,000699.SH,,,,,,
2023-02-28,589200.SH,科创200ETF工银,20250808,上证科创板200指数,上证科创板200指数收益率,工银瑞信基金管理有限公司,中信证券股份有限公司,股票型ETF,规模指数ETF,000699.SH,,,,,,
2023-03-01,589200.SH,科创200ETF工银,20250808,上证科创板200指数,上证科创板200指数收益率,工银瑞信基金管理有限公司,中信证券股份有限公司,股票型ETF,规模指数ETF,000699.SH,,,,,,
2023-03-02,589200.SH,科创200ETF工银,20250808,上证科创板200指数,上证科创板200指数收益率,工银瑞信基金管理有限公司,中信证券股份有限公司,股票型ETF,规模指数ETF,000699.SH,,,,,,
2023-03-03,589200.SH,科创200ETF工银,20250808,上证科创板200指数,上证科创板200指数收益率,工银瑞信基金管理有限公司,中信证券股份有限公司,股票型ETF,规模指数ETF,000699.SH,,,,,,
2023-03-06,589200.SH,科创200ETF工银,20250808,上证科创板200指数,上证科创板200指数收益率,工银瑞信基金管理有限公司,中信证券股份有限公司,股票型ETF,规模指数ETF,000699.SH,,,,,,
2023-03-07,589200.SH,科创200ETF工银,20250808,上证科创板200指数,上证科创板200指数收益率,工银瑞信基金管理有限公司,中信证券股份有限公司,股票型ETF,规模指数ETF,000699.SH,,,,,,
2023-03-08,589200.SH,科创200ETF工银,20250808,上证科创板200指数,上证科创板200指数收益率,工银瑞信基金管理有限公司,中信证券股份有限公司,股票型ETF,规模指数ETF,000699.SH,,,,,,
2023-03-09,589200.SH,科创200ETF工银,20250808,上证科创板200指数,上证科创板200指数收益率,工银瑞信基金管理有限公司,中信证券股份有限公司,股票型ETF,规模指数ETF,000699.SH,,,,,,
2023-03-10,589200.SH,科创200ETF工银,20250808,上证科创板200指数,上证科创板200指数收益率,工银瑞信基金管理有限公司,中信证券股份有限公司,股票型ETF,规模指数ETF,000699.SH,,,,,,
2023-03-13,589200.SH,科创200ETF工银,20250808,上证科创板200指数,上证科创板200指数收益率,工银瑞信基金管理有限公司,中信证券股份有限公司,股票型ETF,规模指数ETF,000699.SH,,,,,,
2023-03-14,589200.SH,科创200ETF工银,20250808,上证科创板200指数,上证科创板200指数收益率,工银瑞信基金管理有限公司,中信证券股份有限公司,股票型ETF,规模指数ETF,000699.SH,,,,,,
2023-03-15,589200.SH,科创200ETF工银,20250808,上证科创板200指数,上证科创板200指数收益率,工银瑞信基金管理有限公司,中信证券股份有限公司,股票型ETF,规模指数ETF,000699.SH,,,,,,
2023-03-16,589200.SH,科创200ETF工银,20250808,上证科创板200指数,上证科创板200指数收益率,工银瑞信基金管理有限公司,中信证券股份有限公司,股票型ETF,规模指数ETF,000699.SH,,,,,,
2023-03-17,589200.SH,科创200ETF工银,20250808,上证科创板200指数,上证科创板200指数收益率,工银瑞信基金管理有限公司,中信证券股份有限公司,股票型ETF,规模指数ETF,000699.SH,,,,,,
2023-03-20,589200.SH,科创200ETF工银,20250808,上证科创板200指数,上证科创板200指数收益率,工银瑞信基金管理有限公司,中信证券股份有限公司,股票型ETF,规模指数ETF,000699.SH,,,,,,
2023-03-21,589200.SH,科创200ETF工银,20250808,上证科创板200指数,上证科创板200指数收益率,工银瑞信基金管理有限公司,中信证券股份有限公司,股票型ETF,规模指数ETF,000699.SH,,,,,,
2023-03-22,589200.SH,科创200ETF工银,20250808,上证科创板200指数,上证科创板200指数收益率,工银瑞信基金管理有限公司,中信证券股份有限公司,股票型ETF,规模指数ETF,000699.SH,,,,,,
2023-03-23,589200.SH,科创200ETF工银,20250808,上证科创板200指数,上证科创板200指数收益率,工银瑞信基金管理有限公司,中信证券股份有限公司,股票型ETF,规模指数ETF,000699.SH,,,,,,
2023-03-24,589200.SH,科创200ETF工银,20250808,上证科创板200指数,上证科创板200指数收益率,工银瑞信基金管理有限公司,中信证券股份有限公司,股票型ETF,规模指数ETF,000699.SH,,,,,,
2023-03-27,589200.SH,科创200ETF工银,20250808,上证科创板200指数,上证科创板200指数收益率,工银瑞信基金管理有限公司,中信证券股份有限公司,股票型ETF,规模指数ETF,000699.SH,,,,,,
2023-03-28,589200.SH,科创200ETF工银,20250808,上证科创板200指数,上证科创板200指数收益率,工银瑞信基金管理有限公司,中信证券股份有限公司,股票型ETF,规模指数ETF,000699.SH,,,,,,
2023-03-29,589200.SH,科创200ETF工银,20250808,上证科创板200指数,上证科创板200指数收益率,工银瑞信基金管理有限公司,中信证券股份有限公司,股票型ETF,规模指数ETF,000699.SH,,,,,,
2023-03-30,589200.SH,科创200ETF工银,20250808,上证科创板200指数,上证科创板200指数收益率,工银瑞信基金管理有限公司,中信证券股份有限公司,股票型ETF,规模指数ETF,000699.SH,,,,,,
2023-03-31,589200.SH,科创200ETF工银,20250808,上证科创板200指数,上证科创板200指数收益率,工银瑞信基金管理有限公司,中信证券股份有限公司,股票型ETF,规模指数ETF,000699.SH,,,,,,
2023-04-03,589200.SH,科创200ETF工银,20250808,上证科创板200指数,上证科创板200指数收益率,工银瑞信基金管理有限公司,中信证券股份有限公司,股票型ETF,规模指数ETF,000699.SH,,,,,,
2023-04-04,589200.SH,科创200ETF工银,20250808,上证科创板200指数,上证科创板200指数收益率,工银瑞信基金管理有限公司,中信证券股份有限公司,股票型ETF,规模指数ETF,000699.SH,,,,,,
2023-04-06,589200.SH,科创200ETF工银,20250808,上证科创板200指数,上证科创板200指数收益率,工银瑞信基金管理有限公司,中信证券股份有限公司,股票型ETF,规模指数ETF,000699.SH,,,,,,
2023-04-07,589200.SH,科创200ETF工银,20250808,上证科创板200指数,上证科创板200指数收益率,工银瑞信基金管理有限公司,中信证券股份有限公司,股票型ETF,规模指数ETF,000699.SH,,,,,,
2023-04-10,589200.SH,科创200ETF工银,20250808,上证科创板200指数,上证科创板200指数收益率,工银瑞信基金管理有限公司,中信证券股份有限公司,股票型ETF,规模指数ETF,000699.SH,,,,,,
2023-04-11,589200.SH,科创200ETF工银,20250808,上证科创板200指数,上证科创板200指数收益率,工银瑞信基金管理有限公司,中信证券股份有限公司,股票型ETF,规模指数ETF,000699.SH,,,,,,
2023-04-12,589200.SH,科创200ETF工银,20250808,上证科创板200指数,上证科创板200指数收益率,工银瑞信基金管理有限公司,中信证券股份有限公司,股票型ETF,规模指数ETF,000699.SH,,,,,,
2023-04-13,589200.SH,科创200ETF工银,20250808,上证科创板200指数,上证科创板200指数收益率,工银瑞信基金管理有限公司,中信证券股份有限公司,股票型ETF,规模指数ETF,000699.SH,,,,,,
2023-04-14,589200.SH,科创200ETF工银,20250808,上证科创板200指数,上证科创板200指数收益率,工银瑞信基金管理有限公司,中信证券股份有限公司,股票型ETF,规模指数ETF,000699.SH,,,,,,
2023-04-17,589200.SH,科创200ETF工银,20250808,上证科创板200指数,上证科创板200指数收益率,工银瑞信基金管理有限公司,中信证券股份有限公司,股票型ETF,规模指数ETF,000699.SH,,,,,,
2023-04-18,589200.SH,科创200ETF工银,20250808,上证科创板200指数,上证科创板200指数收益率,工银瑞信基金管理有限公司,中信证券股份有限公司,股票型ETF,规模指数ETF,000699.SH,,,,,,
2023-04-19,589200.SH,科创200ETF工银,20250808,上证科创板200指数,上证科创板200指数收益率,工银瑞信基金管理有限公司,中信证券股份有限公司,股票型ETF,规模指数ETF,000699.SH,,,,,,
2023-04-20,589200.SH,科创200ETF工银,20250808,上证科创板200指数,上证科创板200指数收益率,工银瑞信基金管理有限公司,中信证券股份有限公司,股票型ETF,规模指数ETF,000699.SH,,,,,,
2023-04-21,589200.SH,科创200ETF工银,20250808,上证科创板200指数,上证科创板200指数收益率,工银瑞信基金管理有限公司,中信证券股份有限公司,股票型ETF,规模指数ETF,000699.SH,,,,,,
2023-04-24,589200.SH,科创200ETF工银,20250808,上证科创板200指数,上证科创板200指数收益率,工银瑞信基金管理有限公司,中信证券股份有限公司,股票型ETF,规模指数ETF,000699.SH,,,,,,
2023-04-25,589200.SH,科创200ETF工银,20250808,上证科创板200指数,上证科创板200指数收益率,工银瑞信基金管理有限公司,中信证券股份有限公司,股票型ETF,规模指数ETF,000699.SH,,,,,,
2023-04-26,589200.SH,科创200ETF工银,20250808,上证科创板200指数,上证科创板200指数收益率,工银瑞信基金管理有限公司,中信证券股份有限公司,股票型ETF,规模指数ETF,000699.SH,,,,,,
2023-04-27,589200.SH,科创200ETF工银,20250808,上证科创板200指数,上证科创板200指数收益率,工银瑞信基金管理有限公司,中信证券股份有限公司,股票型ETF,规模指数ETF,000699.SH,,,,,,
2023-04-28,589200.SH,科创200ETF工银,20250808,上证科创板200指数,上证科创板200指数收益率,工银瑞信基金管理有限公司,中信证券股份有限公司,股票型ETF,规模指数ETF,000699.SH,,,,,,
2023-05-04,589200.SH,科创200ETF工银,20250808,上证科创板200指数,上证科创板200指数收益率,工银瑞信基金管理有限公司,中信证券股份有限公司,股票型ETF,规模指数ETF,000699.SH,,,,,,
2023-05-05,589200.SH,科创200ETF工银,20250808,上证科创板200指数,上证科创板200指数收益率,工银瑞信基金管理有限公司,中信证券股份有限公司,股票型ETF,规模指数ETF,000699.SH,,,,,,
2023-05-08,589200.SH,科创200ETF工银,20250808,上证科创板200指数,上证科创板200指数收益率,工银瑞信基金管理有限公司,中信证券股份有限公司,股票型ETF,规模指数ETF,000699.SH,,,,,,
2023-05-09,589200.SH,科创200ETF工银,20250808,上证科创板200指数,上证科创板200指数收益率,工银瑞信基金管理有限公司,中信证券股份有限公司,股票型ETF,规模指数ETF,000699.SH,,,,,,
2023-05-10,589200.SH,科创200ETF工银,20250808,上证科创板200指数,上证科创板200指数收益率,工银瑞信基金管理有限公司,中信证券股份有限公司,股票型ETF,规模指数ETF,000699.SH,,,,,,
2023-05-11,589200.SH,科创200ETF工银,20250808,上证科创板200指数,上证科创板200指数收益率,工银瑞信基金管理有限公司,中信证券股份有限公司,股票型ETF,规模指数ETF,000699.SH,,,,,,
2023-05-12,589200.SH,科创200ETF工银,20250808,上证科创板200指数,上证科创板200指数收益率,工银瑞信基金管理有限公司,中信证券股份有限公司,股票型ETF,规模指数ETF,000699.SH,,,,,,
2023-05-15,589200.SH,科创200ETF工银,20250808,上证科创板200指数,上证科创板200指数收益率,工银瑞信基金管理有限公司,中信证券股份有限公司,股票型ETF,规模指数ETF,000699.SH,,,,,,
2023-05-16,589200.SH,科创200ETF工银,20250808,上证科创板200指数,上证科创板200指数收益率,工银瑞信基金管理有限公司,中信证券股份有限公司,股票型ETF,规模指数ETF,000699.SH,,,,,,
2023-05-17,589200.SH,科创200ETF工银,20250808,上证科创板200指数,上证科创板200指数收益率,工银瑞信基金管理有限公司,中信证券股份有限公司,股票型ETF,规模指数ETF,000699.SH,,,,,,
2023-05-18,589200.SH,科创200ETF工银,20250808,上证科创板200指数,上证科创板200指数收益率,工银瑞信基金管理有限公司,中信证券股份有限公司,股票型ETF,规模指数ETF,000699.SH,,,,,,
2023-05-19,589200.SH,科创200ETF工银,20250808,上证科创板200指数,上证科创板200指数收益率,工银瑞信基金管理有限公司,中信证券股份有限公司,股票型ETF,规模指数ETF,000699.SH,,,,,,
2023-05-22,589200.SH,科创200ETF工银,20250808,上证科创板200指数,上证科创板200指数收益率,工银瑞信基金管理有限公司,中信证券股份有限公司,股票型ETF,规模指数ETF,000699.SH,,,,,,
2023-05-23,589200.SH,科创200ETF工银,20250808,上证科创板200指数,上证科创板200指数收益率,工银瑞信基金管理有限公司,中信证券股份有限公司,股票型ETF,规模指数ETF,000699.SH,,,,,,
2023-05-24,589200.SH,科创200ETF工银,20250808,上证科创板200指数,上证科创板200指数收益率,工银瑞信基金管理有限公司,中信证券股份有限公司,股票型ETF,规模指数ETF,000699.SH,,,,,,
2023-05-25,589200.SH,科创200ETF工银,20250808,上证科创板200指数,上证科创板200指数收益率,工银瑞信基金管理有限公司,中信证券股份有限公司,股票型ETF,规模指数ETF,000699.SH,,,,,,
2023-05-26,589200.SH,科创200ETF工银,20250808,上证科创板200指数,上证科创板200指数收益率,工银瑞信基金管理有限公司,中信证券股份有限公司,股票型ETF,规模指数ETF,000699.SH,,,,,,
2023-05-29,589200.SH,科创200ETF工银,20250808,上证科创板200指数,上证科创板200指数收益率,工银瑞信基金管理有限公司,中信证券股份有限公司,股票型ETF,规模指数ETF,000699.SH,,,,,,
2023-05-30,589200.SH,科创200ETF工银,20250808,上证科创板200指数,上证科创板200指数收益率,工银瑞信基金管理有限公司,中信证券股份有限公司,股票型ETF,规模指数ETF,000699.SH,,,,,,
2023-05-31,589200.SH,科创200ETF工银,20250808,上证科创板200指数,上证科创板200指数收益率,工银瑞信基金管理有限公司,中信证券股份有限公司,股票型ETF,规模指数ETF,000699.SH,,,,,,
2023-06-01,589200.SH,科创200ETF工银,20250808,上证科创板200指数,上证科创板200指数收益率,工银瑞信基金管理有限公司,中信证券股份有限公司,股票型ETF,规模指数ETF,000699.SH,,,,,,
2023-06-02,589200.SH,科创200ETF工银,20250808,上证科创板200指数,上证科创板200指数收益率,工银瑞信基金管理有限公司,中信证券股份有限公司,股票型ETF,规模指数ETF,000699.SH,,,,,,
2023-06-05,589200.SH,科创200ETF工银,20250808,上证科创板200指数,上证科创板200指数收益率,工银瑞信基金管理有限公司,中信证券股份有限公司,股票型ETF,规模指数ETF,000699.SH,,,,,,
2023-06-06,589200.SH,科创200ETF工银,20250808,上证科创板200指数,上证科创板200指数收益率,工银瑞信基金管理有限公司,中信证券股份有限公司,股票型ETF,规模指数ETF,000699.SH,,,,,,
2023-06-07,589200.SH,科创200ETF工银,20250808,上证科创板200指数,上证科创板200指数收益率,工银瑞信基金管理有限公司,中信证券股份有限公司,股票型ETF,规模指数ETF,000699.SH,,,,,,
2023-06-08,589200.SH,科创200ETF工银,20250808,上证科创板200指数,上证科创板200指数收益率,工银瑞信基金管理有限公司,中信证券股份有限公司,股票型ETF,规模指数ETF,000699.SH,,,,,,
2023-06-09,589200.SH,科创200ETF工银,20250808,上证科创板200指数,上证科创板200指数收益率,工银瑞信基金管理有限公司,中信证券股份有限公司,股票型ETF,规模指数ETF,000699.SH,,,,,,
2023-06-12,589200.SH,科创200ETF工银,20250808,上证科创板200指数,上证科创板200指数收益率,工银瑞信基金管理有限公司,中信证券股份有限公司,股票型ETF,规模指数ETF,000699.SH,,,,,,
2023-06-13,589200.SH,科创200ETF工银,20250808,上证科创板200指数,上证科创板200指数收益率,工银瑞信基金管理有限公司,中信证券股份有限公司,股票型ETF,规模指数ETF,000699.SH,,,,,,
2023-06-14,589200.SH,科创200ETF工银,20250808,上证科创板200指数,上证科创板200指数收益率,工银瑞信基金管理有限公司,中信证券股份有限公司,股票型ETF,规模指数ETF,000699.SH,,,,,,
2023-06-15,589200.SH,科创200ETF工银,20250808,上证科创板200指数,上证科创板200指数收益率,工银瑞信基金管理有限公司,中信证券股份有限公司,股票型ETF,规模指数ETF,000699.SH,,,,,,
2023-06-16,589200.SH,科创200ETF工银,20250808,上证科创板200指数,上证科创板200指数收益率,工银瑞信基金管理有限公司,中信证券股份有限公司,股票型ETF,规模指数ETF,000699.SH,,,,,,
2023-06-19,589200.SH,科创200ETF工银,20250808,上证科创板200指数,上证科创板200指数收益率,工银瑞信基金管理有限公司,中信证券股份有限公司,股票型ETF,规模指数ETF,000699.SH,,,,,,
2023-06-20,589200.SH,科创200ETF工银,20250808,上证科创板200指数,上证科创板200指数收益率,工银瑞信基金管理有限公司,中信证券股份有限公司,股票型ETF,规模指数ETF,000699.SH,,,,,,
2023-06-21,589200.SH,科创200ETF工银,20250808,上证科创板200指数,上证科创板200指数收益率,工银瑞信基金管理有限公司,中信证券股份有限公司,股票型ETF,规模指数ETF,000699.SH,,,,,,
2023-06-26,589200.SH,科创200ETF工银,20250808,上证科创板200指数,上证科创板200指数收益率,工银瑞信基金管理有限公司,中信证券股份有限公司,股票型ETF,规模指数ETF,000699.SH,,,,,,
2023-06-27,589200.SH,科创200ETF工银,20250808,上证科创板200指数,上证科创板200指数收益率,工银瑞信基金管理有限公司,中信证券股份有限公司,股票型ETF,规模指数ETF,000699.SH,,,,,,
2023-06-28,589200.SH,科创200ETF工银,20250808,上证科创板200指数,上证科创板200指数收益率,工银瑞信基金管理有限公司,中信证券股份有限公司,股票型ETF,规模指数ETF,000699.SH,,,,,,
2023-06-29,589200.SH,科创200ETF工银,20250808,上证科创板200指数,上证科创板200指数收益率,工银瑞信基金管理有限公司,中信证券股份有限公司,股票型ETF,规模指数ETF,000699.SH,,,,,,
2023-06-30,589200.SH,科创200ETF工银,20250808,上证科创板200指数,上证科创板200指数收益率,工银瑞信基金管理有限公司,中信证券股份有限公司,股票型ETF,规模指数ETF,000699.SH,,,,,,
2023-07-03,589200.SH,科创200ETF工银,20250808,上证科创板200指数,上证科创板200指数收益率,工银瑞信基金管理有限公司,中信证券股份有限公司,股票型ETF,规模指数ETF,000699.SH,,,,,,
2023-07-04,589200.SH,科创200ETF工银,20250808,上证科创板200指数,上证科创板200指数收益率,工银瑞信基金管理有限公司,中信证券股份有限公司,股票型ETF,规模指数ETF,000699.SH,,,,,,
2023-07-05,589200.SH,科创200ETF工银,20250808,上证科创板200指数,上证科创板200指数收益率,工银瑞信基金管理有限公司,中信证券股份有限公司,股票型ETF,规模指数ETF,000699.SH,,,,,,
2023-07-06,589200.SH,科创200ETF工银,20250808,上证科创板200指数,上证科创板200指数收益率,工银瑞信基金管理有限公司,中信证券股份有限公司,股票型ETF,规模指数ETF,000699.SH,,,,,,
2023-07-07,589200.SH,科创200ETF工银,20250808,上证科创板200指数,上证科创板200指数收益率,工银瑞信基金管理有限公司,中信证券股份有限公司,股票型ETF,规模指数ETF,000699.SH,,,,,,
2023-07-10,589200.SH,科创200ETF工银,20250808,上证科创板200指数,上证科创板200指数收益率,工银瑞信基金管理有限公司,中信证券股份有限公司,股票型ETF,规模指数ETF,000699.SH,,,,,,
2023-07-11,589200.SH,科创200ETF工银,20250808,上证科创板200指数,上证科创板200指数收益率,工银瑞信基金管理有限公司,中信证券股份有限公司,股票型ETF,规模指数ETF,000699.SH,,,,,,
2023-07-12,589200.SH,科创200ETF工银,20250808,上证科创板200指数,上证科创板200指数收益率,工银瑞信基金管理有限公司,中信证券股份有限公司,股票型ETF,规模指数ETF,000699.SH,,,,,,
2023-07-13,589200.SH,科创200ETF工银,20250808,上证科创板200指数,上证科创板200指数收益率,工银瑞信基金管理有限公司,中信证券股份有限公司,股票型ETF,规模指数ETF,000699.SH,,,,,,
2023-07-14,589200.SH,科创200ETF工银,20250808,上证科创板200指数,上证科创板200指数收益率,工银瑞信基金管理有限公司,中信证券股份有限公司,股票型ETF,规模指数ETF,000699.SH,,,,,,
2023-07-17,589200.SH,科创200ETF工银,20250808,上证科创板200指数,上证科创板200指数收益率,工银瑞信基金管理有限公司,中信证券股份有限公司,股票型ETF,规模指数ETF,000699.SH,,,,,,
2023-07-18,589200.SH,科创200ETF工银,20250808,上证科创板200指数,上证科创板200指数收益率,工银瑞信基金管理有限公司,中信证券股份有限公司,股票型ETF,规模指数ETF,000699.SH,,,,,,
2023-07-19,589200.SH,科创200ETF工银,20250808,上证科创板200指数,上证科创板200指数收益率,工银瑞信基金管理有限公司,中信证券股份有限公司,股票型ETF,规模指数ETF,000699.SH,,,,,,
2023-07-20,589200.SH,科创200ETF工银,20250808,上证科创板200指数,上证科创板200指数收益率,工银瑞信基金管理有限公司,中信证券股份有限公司,股票型ETF,规模指数ETF,000699.SH,,,,,,
2023-07-21,589200.SH,科创200ETF工银,20250808,上证科创板200指数,上证科创板200指数收益率,工银瑞信基金管理有限公司,中信证券股份有限公司,股票型ETF,规模指数ETF,000699.SH,,,,,,
2023-07-24,589200.SH,科创200ETF工银,20250808,上证科创板200指数,上证科创板200指数收益率,工银瑞信基金管理有限公司,中信证券股份有限公司,股票型ETF,规模指数ETF,000699.SH,,,,,,
2023-07-25,589200.SH,科创200ETF工银,20250808,上证科创板200指数,上证科创板200指数收益率,工银瑞信基金管理有限公司,中信证券股份有限公司,股票型ETF,规模指数ETF,000699.SH,,,,,,
2023-07-26,589200.SH,科创200ETF工银,20250808,上证科创板200指数,上证科创板200指数收益率,工银瑞信基金管理有限公司,中信证券股份有限公司,股票型ETF,规模指数ETF,000699.SH,,,,,,
2023-07-27,589200.SH,科创200ETF工银,20250808,上证科创板200指数,上证科创板200指数收益率,工银瑞信基金管理有限公司,中信证券股份有限公司,股票型ETF,规模指数ETF,000699.SH,,,,,,
2023-07-28,589200.SH,科创200ETF工银,20250808,上证科创板200指数,上证科创板200指数收益率,工银瑞信基金管理有限公司,中信证券股份有限公司,股票型ETF,规模指数ETF,000699.SH,,,,,,
2023-07-31,589200.SH,科创200ETF工银,20250808,上证科创板200指数,上证科创板200指数收益率,工银瑞信基金管理有限公司,中信证券股份有限公司,股票型ETF,规模指数ETF,000699.SH,,,,,,
2023-08-01,589200.SH,科创200ETF工银,20250808,上证科创板200指数,上证科创板200指数收益率,工银瑞信基金管理有限公司,中信证券股份有限公司,股票型ETF,规模指数ETF,000699.SH,,,,,,
2023-08-02,589200.SH,科创200ETF工银,20250808,上证科创板200指数,上证科创板200指数收益率,工银瑞信基金管理有限公司,中信证券股份有限公司,股票型ETF,规模指数ETF,000699.SH,,,,,,
2023-08-03,589200.SH,科创200ETF工银,20250808,上证科创板200指数,上证科创板200指数收益率,工银瑞信基金管理有限公司,中信证券股份有限公司,股票型ETF,规模指数ETF,000699.SH,,,,,,
2023-08-04,589200.SH,科创200ETF工银,20250808,上证科创板200指数,上证科创板200指数收益率,工银瑞信基金管理有限公司,中信证券股份有限公司,股票型ETF,规模指数ETF,000699.SH,,,,,,
2023-08-07,589200.SH,科创200ETF工银,20250808,上证科创板200指数,上证科创板200指数收益率,工银瑞信基金管理有限公司,中信证券股份有限公司,股票型ETF,规模指数ETF,000699.SH,,,,,,
2023-08-08,589200.SH,科创200ETF工银,20250808,上证科创板200指数,上证科创板200指数收益率,工银瑞信基金管理有限公司,中信证券股份有限公司,股票型ETF,规模指数ETF,000699.SH,,,,,,
2023-08-09,589200.SH,科创200ETF工银,20250808,上证科创板200指数,上证科创板200指数收益率,工银瑞信基金管理有限公司,中信证券股份有限公司,股票型ETF,规模指数ETF,000699.SH,,,,,,
2023-08-10,589200.SH,科创200ETF工银,20250808,上证科创板200指数,上证科创板200指数收益率,工银瑞信基金管理有限公司,中信证券股份有限公司,股票型ETF,规模指数ETF,000699.SH,,,,,,
2023-08-11,589200.SH,科创200ETF工银,20250808,上证科创板200指数,上证科创板200指数收益率,工银瑞信基金管理有限公司,中信证券股份有限公司,股票型ETF,规模指数ETF,000699.SH,,,,,,
2023-08-14,589200.SH,科创200ETF工银,20250808,上证科创板200指数,上证科创板200指数收益率,工银瑞信基金管理有限公司,中信证券股份有限公司,股票型ETF,规模指数ETF,000699.SH,,,,,,
2023-08-15,589200.SH,科创200ETF工银,20250808,上证科创板200指数,上证科创板200指数收益率,工银瑞信基金管理有限公司,中信证券股份有限公司,股票型ETF,规模指数ETF,000699.SH,,,,,,
2023-08-16,589200.SH,科创200ETF工银,20250808,上证科创板200指数,上证科创板200指数收益率,工银瑞信基金管理有限公司,中信证券股份有限公司,股票型ETF,规模指数ETF,000699.SH,,,,,,
2023-08-17,589200.SH,科创200ETF工银,20250808,上证科创板200指数,上证科创板200指数收益率,工银瑞信基金管理有限公司,中信证券股份有限公司,股票型ETF,规模指数ETF,000699.SH,,,,,,
2023-08-18,589200.SH,科创200ETF工银,20250808,上证科创板200指数,上证科创板200指数收益率,工银瑞信基金管理有限公司,中信证券股份有限公司,股票型ETF,规模指数ETF,000699.SH,,,,,,
2023-08-21,589200.SH,科创200ETF工银,20250808,上证科创板200指数,上证科创板200指数收益率,工银瑞信基金管理有限公司,中信证券股份有限公司,股票型ETF,规模指数ETF,000699.SH,,,,,,
2023-08-22,589200.SH,科创200ETF工银,20250808,上证科创板200指数,上证科创板200指数收益率,工银瑞信基金管理有限公司,中信证券股份有限公司,股票型ETF,规模指数ETF,000699.SH,,,,,,
2023-08-23,589200.SH,科创200ETF工银,20250808,上证科创板200指数,上证科创板200指数收益率,工银瑞信基金管理有限公司,中信证券股份有限公司,股票型ETF,规模指数ETF,000699.SH,,,,,,
2023-08-24,589200.SH,科创200ETF工银,20250808,上证科创板200指数,上证科创板200指数收益率,工银瑞信基金管理有限公司,中信证券股份有限公司,股票型ETF,规模指数ETF,000699.SH,,,,,,
2023-08-25,589200.SH,科创200ETF工银,20250808,上证科创板200指数,上证科创板200指数收益率,工银瑞信基金管理有限公司,中信证券股份有限公司,股票型ETF,规模指数ETF,000699.SH,,,,,,
2023-08-28,589200.SH,科创200ETF工银,20250808,上证科创板200指数,上证科创板200指数收益率,工银瑞信基金管理有限公司,中信证券股份有限公司,股票型ETF,规模指数ETF,000699.SH,,,,,,
2023-08-29,589200.SH,科创200ETF工银,20250808,上证科创板200指数,上证科创板200指数收益率,工银瑞信基金管理有限公司,中信证券股份有限公司,股票型ETF,规模指数ETF,000699.SH,,,,,,
2023-08-30,589200.SH,科创200ETF工银,20250808,上证科创板200指数,上证科创板200指数收益率,工银瑞信基金管理有限公司,中信证券股份有限公司,股票型ETF,规模指数ETF,000699.SH,,,,,,
2023-08-31,589200.SH,科创200ETF工银,20250808,上证科创板200指数,上证科创板200指数收益率,工银瑞信基金管理有限公司,中信证券股份有限公司,股票型ETF,规模指数ETF,000699.SH,,,,,,
2023-09-01,589200.SH,科创200ETF工银,20250808,上证科创板200指数,上证科创板200指数收益率,工银瑞信基金管理有限公司,中信证券股份有限公司,股票型ETF,规模指数ETF,000699.SH,,,,,,
2023-09-04,589200.SH,科创200ETF工银,20250808,上证科创板200指数,上证科创板200指数收益率,工银瑞信基金管理有限公司,中信证券股份有限公司,股票型ETF,规模指数ETF,000699.SH,,,,,,
2023-09-05,589200.SH,科创200ETF工银,20250808,上证科创板200指数,上证科创板200指数收益率,工银瑞信基金管理有限公司,中信证券股份有限公司,股票型ETF,规模指数ETF,000699.SH,,,,,,
2023-09-06,589200.SH,科创200ETF工银,20250808,上证科创板200指数,上证科创板200指数收益率,工银瑞信基金管理有限公司,中信证券股份有限公司,股票型ETF,规模指数ETF,000699.SH,,,,,,
2023-09-07,589200.SH,科创200ETF工银,20250808,上证科创板200指数,上证科创板200指数收益率,工银瑞信基金管理有限公司,中信证券股份有限公司,股票型ETF,规模指数ETF,000699.SH,,,,,,
2023-09-08,589200.SH,科创200ETF工银,20250808,上证科创板200指数,上证科创板200指数收益率,工银瑞信基金管理有限公司,中信证券股份有限公司,股票型ETF,规模指数ETF,000699.SH,,,,,,
2023-09-11,589200.SH,科创200ETF工银,20250808,上证科创板200指数,上证科创板200指数收益率,工银瑞信基金管理有限公司,中信证券股份有限公司,股票型ETF,规模指数ETF,000699.SH,,,,,,
2023-09-12,589200.SH,科创200ETF工银,20250808,上证科创板200指数,上证科创板200指数收益率,工银瑞信基金管理有限公司,中信证券股份有限公司,股票型ETF,规模指数ETF,000699.SH,,,,,,
2023-09-13,589200.SH,科创200ETF工银,20250808,上证科创板200指数,上证科创板200指数收益率,工银瑞信基金管理有限公司,中信证券股份有限公司,股票型ETF,规模指数ETF,000699.SH,,,,,,
2023-09-14,589200.SH,科创200ETF工银,20250808,上证科创板200指数,上证科创板200指数收益率,工银瑞信基金管理有限公司,中信证券股份有限公司,股票型ETF,规模指数ETF,000699.SH,,,,,,
2023-09-15,589200.SH,科创200ETF工银,20250808,上证科创板200指数,上证科创板200指数收益率,工银瑞信基金管理有限公司,中信证券股份有限公司,股票型ETF,规模指数ETF,000699.SH,,,,,,
2023-09-18,589200.SH,科创200ETF工银,20250808,上证科创板200指数,上证科创板200指数收益率,工银瑞信基金管理有限公司,中信证券股份有限公司,股票型ETF,规模指数ETF,000699.SH,,,,,,
2023-09-19,589200.SH,科创200ETF工银,20250808,上证科创板200指数,上证科创板200指数收益率,工银瑞信基金管理有限公司,中信证券股份有限公司,股票型ETF,规模指数ETF,000699.SH,,,,,,
2023-09-20,589200.SH,科创200ETF工银,20250808,上证科创板200指数,上证科创板200指数收益率,工银瑞信基金管理有限公司,中信证券股份有限公司,股票型ETF,规模指数ETF,000699.SH,,,,,,
2023-09-21,589200.SH,科创200ETF工银,20250808,上证科创板200指数,上证科创板200指数收益率,工银瑞信基金管理有限公司,中信证券股份有限公司,股票型ETF,规模指数ETF,000699.SH,,,,,,
2023-09-22,589200.SH,科创200ETF工银,20250808,上证科创板200指数,上证科创板200指数收益率,工银瑞信基金管理有限公司,中信证券股份有限公司,股票型ETF,规模指数ETF,000699.SH,,,,,,
2023-09-25,589200.SH,科创200ETF工银,20250808,上证科创板200指数,上证科创板200指数收益率,工银瑞信基金管理有限公司,中信证券股份有限公司,股票型ETF,规模指数ETF,000699.SH,,,,,,
2023-09-26,589200.SH,科创200ETF工银,20250808,上证科创板200指数,上证科创板200指数收益率,工银瑞信基金管理有限公司,中信证券股份有限公司,股票型ETF,规模指数ETF,000699.SH,,,,,,
2023-09-27,589200.SH,科创200ETF工银,20250808,上证科创板200指数,上证科创板200指数收益率,工银瑞信基金管理有限公司,中信证券股份有限公司,股票型ETF,规模指数ETF,000699.SH,,,,,,
2023-09-28,589200.SH,科创200ETF工银,20250808,上证科创板200指数,上证科创板200指数收益率,工银瑞信基金管理有限公司,中信证券股份有限公司,股票型ETF,规模指数ETF,000699.SH,,,,,,
2023-10-09,589200.SH,科创200ETF工银,20250808,上证科创板200指数,上证科创板200指数收益率,工银瑞信基金管理有限公司,中信证券股份有限公司,股票型ETF,规模指数ETF,000699.SH,,,,,,
2023-10-10,589200.SH,科创200ETF工银,20250808,上证科创板200指数,上证科创板200指数收益率,工银瑞信基金管理有限公司,中信证券股份有限公司,股票型ETF,规模指数ETF,000699.SH,,,,,,
2023-10-11,589200.SH,科创200ETF工银,20250808,上证科创板200指数,上证科创板200指数收益率,工银瑞信基金管理有限公司,中信证券股份有限公司,股票型ETF,规模指数ETF,000699.SH,,,,,,
2023-10-12,589200.SH,科创200ETF工银,20250808,上证科创板200指数,上证科创板200指数收益率,工银瑞信基金管理有限公司,中信证券股份有限公司,股票型ETF,规模指数ETF,000699.SH,,,,,,
2023-10-13,589200.SH,科创200ETF工银,20250808,上证科创板200指数,上证科创板200指数收益率,工银瑞信基金管理有限公司,中信证券股份有限公司,股票型ETF,规模指数ETF,000699.SH,,,,,,
2023-10-16,589200.SH,科创200ETF工银,20250808,上证科创板200指数,上证科创板200指数收益率,工银瑞信基金管理有限公司,中信证券股份有限公司,股票型ETF,规模指数ETF,000699.SH,,,,,,
2023-10-17,589200.SH,科创200ETF工银,20250808,上证科创板200指数,上证科创板200指数收益率,工银瑞信基金管理有限公司,中信证券股份有限公司,股票型ETF,规模指数ETF,000699.SH,,,,,,
2023-10-18,589200.SH,科创200ETF工银,20250808,上证科创板200指数,上证科创板200指数收益率,工银瑞信基金管理有限公司,中信证券股份有限公司,股票型ETF,规模指数ETF,000699.SH,,,,,,
2023-10-19,589200.SH,科创200ETF工银,20250808,上证科创板200指数,上证科创板200指数收益率,工银瑞信基金管理有限公司,中信证券股份有限公司,股票型ETF,规模指数ETF,000699.SH,,,,,,
2023-10-20,589200.SH,科创200ETF工银,20250808,上证科创板200指数,上证科创板200指数收益率,工银瑞信基金管理有限公司,中信证券股份有限公司,股票型ETF,规模指数ETF,000699.SH,,,,,,
2023-10-23,589200.SH,科创200ETF工银,20250808,上证科创板200指数,上证科创板200指数收益率,工银瑞信基金管理有限公司,中信证券股份有限公司,股票型ETF,规模指数ETF,000699.SH,,,,,,
2023-10-24,589200.SH,科创200ETF工银,20250808,上证科创板200指数,上证科创板200指数收益率,工银瑞信基金管理有限公司,中信证券股份有限公司,股票型ETF,规模指数ETF,000699.SH,,,,,,
2023-10-25,589200.SH,科创200ETF工银,20250808,上证科创板200指数,上证科创板200指数收益率,工银瑞信基金管理有限公司,中信证券股份有限公司,股票型ETF,规模指数ETF,000699.SH,,,,,,
2023-10-26,589200.SH,科创200ETF工银,20250808,上证科创板200指数,上证科创板200指数收益率,工银瑞信基金管理有限公司,中信证券股份有限公司,股票型ETF,规模指数ETF,000699.SH,,,,,,
2023-10-27,589200.SH,科创200ETF工银,20250808,上证科创板200指数,上证科创板200指数收益率,工银瑞信基金管理有限公司,中信证券股份有限公司,股票型ETF,规模指数ETF,000699.SH,,,,,,
2023-10-30,589200.SH,科创200ETF工银,20250808,上证科创板200指数,上证科创板200指数收益率,工银瑞信基金管理有限公司,中信证券股份有限公司,股票型ETF,规模指数ETF,000699.SH,,,,,,
2023-10-31,589200.SH,科创200ETF工银,20250808,上证科创板200指数,上证科创板200指数收益率,工银瑞信基金管理有限公司,中信证券股份有限公司,股票型ETF,规模指数ETF,000699.SH,,,,,,
2023-11-01,589200.SH,科创200ETF工银,20250808,上证科创板200指数,上证科创板200指数收益率,工银瑞信基金管理有限公司,中信证券股份有限公司,股票型ETF,规模指数ETF,000699.SH,,,,,,
2023-11-02,589200.SH,科创200ETF工银,20250808,上证科创板200指数,上证科创板200指数收益率,工银瑞信基金管理有限公司,中信证券股份有限公司,股票型ETF,规模指数ETF,000699.SH,,,,,,
2023-11-03,589200.SH,科创200ETF工银,20250808,上证科创板200指数,上证科创板200指数收益率,工银瑞信基金管理有限公司,中信证券股份有限公司,股票型ETF,规模指数ETF,000699.SH,,,,,,
2023-11-06,589200.SH,科创200ETF工银,20250808,上证科创板200指数,上证科创板200指数收益率,工银瑞信基金管理有限公司,中信证券股份有限公司,股票型ETF,规模指数ETF,000699.SH,,,,,,
2023-11-07,589200.SH,科创200ETF工银,20250808,上证科创板200指数,上证科创板200指数收益率,工银瑞信基金管理有限公司,中信证券股份有限公司,股票型ETF,规模指数ETF,000699.SH,,,,,,
2023-11-08,589200.SH,科创200ETF工银,20250808,上证科创板200指数,上证科创板200指数收益率,工银瑞信基金管理有限公司,中信证券股份有限公司,股票型ETF,规模指数ETF,000699.SH,,,,,,
2023-11-09,589200.SH,科创200ETF工银,20250808,上证科创板200指数,上证科创板200指数收益率,工银瑞信基金管理有限公司,中信证券股份有限公司,股票型ETF,规模指数ETF,000699.SH,,,,,,
2023-11-10,589200.SH,科创200ETF工银,20250808,上证科创板200指数,上证科创板200指数收益率,工银瑞信基金管理有限公司,中信证券股份有限公司,股票型ETF,规模指数ETF,000699.SH,,,,,,
2023-11-13,589200.SH,科创200ETF工银,20250808,上证科创板200指数,上证科创板200指数收益率,工银瑞信基金管理有限公司,中信证券股份有限公司,股票型ETF,规模指数ETF,000699.SH,,,,,,
2023-11-14,589200.SH,科创200ETF工银,20250808,上证科创板200指数,上证科创板200指数收益率,工银瑞信基金管理有限公司,中信证券股份有限公司,股票型ETF,规模指数ETF,000699.SH,,,,,,
2023-11-15,589200.SH,科创200ETF工银,20250808,上证科创板200指数,上证科创板200指数收益率,工银瑞信基金管理有限公司,中信证券股份有限公司,股票型ETF,规模指数ETF,000699.SH,,,,,,
2023-11-16,589200.SH,科创200ETF工银,20250808,上证科创板200指数,上证科创板200指数收益率,工银瑞信基金管理有限公司,中信证券股份有限公司,股票型ETF,规模指数ETF,000699.SH,,,,,,
2023-11-17,589200.SH,科创200ETF工银,20250808,上证科创板200指数,上证科创板200指数收益率,工银瑞信基金管理有限公司,中信证券股份有限公司,股票型ETF,规模指数ETF,000699.SH,,,,,,
2023-11-20,589200.SH,科创200ETF工银,20250808,上证科创板200指数,上证科创板200指数收益率,工银瑞信基金管理有限公司,中信证券股份有限公司,股票型ETF,规模指数ETF,000699.SH,,,,,,
2023-11-21,589200.SH,科创200ETF工银,20250808,上证科创板200指数,上证科创板200指数收益率,工银瑞信基金管理有限公司,中信证券股份有限公司,股票型ETF,规模指数ETF,000699.SH,,,,,,
2023-11-22,589200.SH,科创200ETF工银,20250808,上证科创板200指数,上证科创板200指数收益率,工银瑞信基金管理有限公司,中信证券股份有限公司,股票型ETF,规模指数ETF,000699.SH,,,,,,
2023-11-23,589200.SH,科创200ETF工银,20250808,上证科创板200指数,上证科创板200指数收益率,工银瑞信基金管理有限公司,中信证券股份有限公司,股票型ETF,规模指数ETF,000699.SH,,,,,,
2023-11-24,589200.SH,科创200ETF工银,20250808,上证科创板200指数,上证科创板200指数收益率,工银瑞信基金管理有限公司,中信证券股份有限公司,股票型ETF,规模指数ETF,000699.SH,,,,,,
2023-11-27,589200.SH,科创200ETF工银,20250808,上证科创板200指数,上证科创板200指数收益率,工银瑞信基金管理有限公司,中信证券股份有限公司,股票型ETF,规模指数ETF,000699.SH,,,,,,
2023-11-28,589200.SH,科创200ETF工银,20250808,上证科创板200指数,上证科创板200指数收益率,工银瑞信基金管理有限公司,中信证券股份有限公司,股票型ETF,规模指数ETF,000699.SH,,,,,,
2023-11-29,589200.SH,科创200ETF工银,20250808,上证科创板200指数,上证科创板200指数收益率,工银瑞信基金管理有限公司,中信证券股份有限公司,股票型ETF,规模指数ETF,000699.SH,,,,,,
2023-11-30,589200.SH,科创200ETF工银,20250808,上证科创板200指数,上证科创板200指数收益率,工银瑞信基金管理有限公司,中信证券股份有限公司,股票型ETF,规模指数ETF,000699.SH,,,,,,
2023-12-01,589200.SH,科创200ETF工银,20250808,上证科创板200指数,上证科创板200指数收益率,工银瑞信基金管理有限公司,中信证券股份有限公司,股票型ETF,规模指数ETF,000699.SH,,,,,,
2023-12-04,589200.SH,科创200ETF工银,20250808,上证科创板200指数,上证科创板200指数收益率,工银瑞信基金管理有限公司,中信证券股份有限公司,股票型ETF,规模指数ETF,000699.SH,,,,,,
2023-12-05,589200.SH,科创200ETF工银,20250808,上证科创板200指数,上证科创板200指数收益率,工银瑞信基金管理有限公司,中信证券股份有限公司,股票型ETF,规模指数ETF,000699.SH,,,,,,
2023-12-06,589200.SH,科创200ETF工银,20250808,上证科创板200指数,上证科创板200指数收益率,工银瑞信基金管理有限公司,中信证券股份有限公司,股票型ETF,规模指数ETF,000699.SH,,,,,,
2023-12-07,589200.SH,科创200ETF工银,20250808,上证科创板200指数,上证科创板200指数收益率,工银瑞信基金管理有限公司,中信证券股份有限公司,股票型ETF,规模指数ETF,000699.SH,,,,,,
2023-12-08,589200.SH,科创200ETF工银,20250808,上证科创板200指数,上证科创板200指数收益率,工银瑞信基金管理有限公司,中信证券股份有限公司,股票型ETF,规模指数ETF,000699.SH,,,,,,
2023-12-11,589200.SH,科创200ETF工银,20250808,上证科创板200指数,上证科创板200指数收益率,工银瑞信基金管理有限公司,中信证券股份有限公司,股票型ETF,规模指数ETF,000699.SH,,,,,,
2023-12-12,589200.SH,科创200ETF工银,20250808,上证科创板200指数,上证科创板200指数收益率,工银瑞信基金管理有限公司,中信证券股份有限公司,股票型ETF,规模指数ETF,000699.SH,,,,,,
2023-12-13,589200.SH,科创200ETF工银,20250808,上证科创板200指数,上证科创板200指数收益率,工银瑞信基金管理有限公司,中信证券股份有限公司,股票型ETF,规模指数ETF,000699.SH,,,,,,
2023-12-14,589200.SH,科创200ETF工银,20250808,上证科创板200指数,上证科创板200指数收益率,工银瑞信基金管理有限公司,中信证券股份有限公司,股票型ETF,规模指数ETF,000699.SH,,,,,,
2023-12-15,589200.SH,科创200ETF工银,20250808,上证科创板200指数,上证科创板200指数收益率,工银瑞信基金管理有限公司,中信证券股份有限公司,股票型ETF,规模指数ETF,000699.SH,,,,,,
2023-12-18,589200.SH,科创200ETF工银,20250808,上证科创板200指数,上证科创板200指数收益率,工银瑞信基金管理有限公司,中信证券股份有限公司,股票型ETF,规模指数ETF,000699.SH,,,,,,
2023-12-19,589200.SH,科创200ETF工银,20250808,上证科创板200指数,上证科创板200指数收益率,工银瑞信基金管理有限公司,中信证券股份有限公司,股票型ETF,规模指数ETF,000699.SH,,,,,,
2023-12-20,589200.SH,科创200ETF工银,20250808,上证科创板200指数,上证科创板200指数收益率,工银瑞信基金管理有限公司,中信证券股份有限公司,股票型ETF,规模指数ETF,000699.SH,,,,,,
2023-12-21,589200.SH,科创200ETF工银,20250808,上证科创板200指数,上证科创板200指数收益率,工银瑞信基金管理有限公司,中信证券股份有限公司,股票型ETF,规模指数ETF,000699.SH,,,,,,
2023-12-22,589200.SH,科创200ETF工银,20250808,上证科创板200指数,上证科创板200指数收益率,工银瑞信基金管理有限公司,中信证券股份有限公司,股票型ETF,规模指数ETF,000699.SH,,,,,,
2023-12-25,589200.SH,科创200ETF工银,20250808,上证科创板200指数,上证科创板200指数收益率,工银瑞信基金管理有限公司,中信证券股份有限公司,股票型ETF,规模指数ETF,000699.SH,,,,,,
2023-12-26,589200.SH,科创200ETF工银,20250808,上证科创板200指数,上证科创板200指数收益率,工银瑞信基金管理有限公司,中信证券股份有限公司,股票型ETF,规模指数ETF,000699.SH,,,,,,
2023-12-27,589200.SH,科创200ETF工银,20250808,上证科创板200指数,上证科创板200指数收益率,工银瑞信基金管理有限公司,中信证券股份有限公司,股票型ETF,规模指数ETF,000699.SH,,,,,,
2023-12-28,589200.SH,科创200ETF工银,20250808,上证科创板200指数,上证科创板200指数收益率,工银瑞信基金管理有限公司,中信证券股份有限公司,股票型ETF,规模指数ETF,000699.SH,,,,,,
2023-12-29,589200.SH,科创200ETF工银,20250808,上证科创板200指数,上证科创板200指数收益率,工银瑞信基金管理有限公司,中信证券股份有限公司,股票型ETF,规模指数ETF,000699.SH,,,,,,
2024-01-02,589200.SH,科创200ETF工银,20250808,上证科创板200指数,上证科创板200指数收益率,工银瑞信基金管理有限公司,中信证券股份有限公司,股票型ETF,规模指数ETF,000699.SH,,,,,,
2024-01-03,589200.SH,科创200ETF工银,20250808,上证科创板200指数,上证科创板200指数收益率,工银瑞信基金管理有限公司,中信证券股份有限公司,股票型ETF,规模指数ETF,000699.SH,,,,,,
2024-01-04,589200.SH,科创200ETF工银,20250808,上证科创板200指数,上证科创板200指数收益率,工银瑞信基金管理有限公司,中信证券股份有限公司,股票型ETF,规模指数ETF,000699.SH,,,,,,
2024-01-05,589200.SH,科创200ETF工银,20250808,上证科创板200指数,上证科创板200指数收益率,工银瑞信基金管理有限公司,中信证券股份有限公司,股票型ETF,规模指数ETF,000699.SH,,,,,,
2024-01-08,589200.SH,科创200ETF工银,20250808,上证科创板200指数,上证科创板200指数收益率,工银瑞信基金管理有限公司,中信证券股份有限公司,股票型ETF,规模指数ETF,000699.SH,,,,,,
2024-01-09,589200.SH,科创200ETF工银,20250808,上证科创板200指数,上证科创板200指数收益率,工银瑞信基金管理有限公司,中信证券股份有限公司,股票型ETF,规模指数ETF,000699.SH,,,,,,
2024-01-10,589200.SH,科创200ETF工银,20250808,上证科创板200指数,上证科创板200指数收益率,工银瑞信基金管理有限公司,中信证券股份有限公司,股票型ETF,规模指数ETF,000699.SH,,,,,,
2024-01-11,589200.SH,科创200ETF工银,20250808,上证科创板200指数,上证科创板200指数收益率,工银瑞信基金管理有限公司,中信证券股份有限公司,股票型ETF,规模指数ETF,000699.SH,,,,,,
2024-01-12,589200.SH,科创200ETF工银,20250808,上证科创板200指数,上证科创板200指数收益率,工银瑞信基金管理有限公司,中信证券股份有限公司,股票型ETF,规模指数ETF,000699.SH,,,,,,
2024-01-15,589200.SH,科创200ETF工银,20250808,上证科创板200指数,上证科创板200指数收益率,工银瑞信基金管理有限公司,中信证券股份有限公司,股票型ETF,规模指数ETF,000699.SH,,,,,,
2024-01-16,589200.SH,科创200ETF工银,20250808,上证科创板200指数,上证科创板200指数收益率,工银瑞信基金管理有限公司,中信证券股份有限公司,股票型ETF,规模指数ETF,000699.SH,,,,,,
2024-01-17,589200.SH,科创200ETF工银,20250808,上证科创板200指数,上证科创板200指数收益率,工银瑞信基金管理有限公司,中信证券股份有限公司,股票型ETF,规模指数ETF,000699.SH,,,,,,
2024-01-18,589200.SH,科创200ETF工银,20250808,上证科创板200指数,上证科创板200指数收益率,工银瑞信基金管理有限公司,中信证券股份有限公司,股票型ETF,规模指数ETF,000699.SH,,,,,,
2024-01-19,589200.SH,科创200ETF工银,20250808,上证科创板200指数,上证科创板200指数收益率,工银瑞信基金管理有限公司,中信证券股份有限公司,股票型ETF,规模指数ETF,000699.SH,,,,,,
2024-01-22,589200.SH,科创200ETF工银,20250808,上证科创板200指数,上证科创板200指数收益率,工银瑞信基金管理有限公司,中信证券股份有限公司,股票型ETF,规模指数ETF,000699.SH,,,,,,
2024-01-23,589200.SH,科创200ETF工银,20250808,上证科创板200指数,上证科创板200指数收益率,工银瑞信基金管理有限公司,中信证券股份有限公司,股票型ETF,规模指数ETF,000699.SH,,,,,,
2024-01-24,589200.SH,科创200ETF工银,20250808,上证科创板200指数,上证科创板200指数收益率,工银瑞信基金管理有限公司,中信证券股份有限公司,股票型ETF,规模指数ETF,000699.SH,,,,,,
2024-01-25,589200.SH,科创200ETF工银,20250808,上证科创板200指数,上证科创板200指数收益率,工银瑞信基金管理有限公司,中信证券股份有限公司,股票型ETF,规模指数ETF,000699.SH,,,,,,
2024-01-26,589200.SH,科创200ETF工银,20250808,上证科创板200指数,上证科创板200指数收益率,工银瑞信基金管理有限公司,中信证券股份有限公司,股票型ETF,规模指数ETF,000699.SH,,,,,,
2024-01-29,589200.SH,科创200ETF工银,20250808,上证科创板200指数,上证科创板200指数收益率,工银瑞信基金管理有限公司,中信证券股份有限公司,股票型ETF,规模指数ETF,000699.SH,,,,,,
2024-01-30,589200.SH,科创200ETF工银,20250808,上证科创板200指数,上证科创板200指数收益率,工银瑞信基金管理有限公司,中信证券股份有限公司,股票型ETF,规模指数ETF,000699.SH,,,,,,
2024-01-31,589200.SH,科创200ETF工银,20250808,上证科创板200指数,上证科创板200指数收益率,工银瑞信基金管理有限公司,中信证券股份有限公司,股票型ETF,规模指数ETF,000699.SH,,,,,,
2024-02-01,589200.SH,科创200ETF工银,20250808,上证科创板200指数,上证科创板200指数收益率,工银瑞信基金管理有限公司,中信证券股份有限公司,股票型ETF,规模指数ETF,000699.SH,,,,,,
2024-02-02,589200.SH,科创200ETF工银,20250808,上证科创板200指数,上证科创板200指数收益率,工银瑞信基金管理有限公司,中信证券股份有限公司,股票型ETF,规模指数ETF,000699.SH,,,,,,
2024-02-05,589200.SH,科创200ETF工银,20250808,上证科创板200指数,上证科创板200指数收益率,工银瑞信基金管理有限公司,中信证券股份有限公司,股票型ETF,规模指数ETF,000699.SH,,,,,,
2024-02-06,589200.SH,科创200ETF工银,20250808,上证科创板200指数,上证科创板200指数收益率,工银瑞信基金管理有限公司,中信证券股份有限公司,股票型ETF,规模指数ETF,000699.SH,,,,,,
2024-02-07,589200.SH,科创200ETF工银,20250808,上证科创板200指数,上证科创板200指数收益率,工银瑞信基金管理有限公司,中信证券股份有限公司,股票型ETF,规模指数ETF,000699.SH,,,,,,
2024-02-08,589200.SH,科创200ETF工银,20250808,上证科创板200指数,上证科创板200指数收益率,工银瑞信基金管理有限公司,中信证券股份有限公司,股票型ETF,规模指数ETF,000699.SH,,,,,,
2024-02-19,589200.SH,科创200ETF工银,20250808,上证科创板200指数,上证科创板200指数收益率,工银瑞信基金管理有限公司,中信证券股份有限公司,股票型ETF,规模指数ETF,000699.SH,,,,,,
2024-02-20,589200.SH,科创200ETF工银,20250808,上证科创板200指数,上证科创板200指数收益率,工银瑞信基金管理有限公司,中信证券股份有限公司,股票型ETF,规模指数ETF,000699.SH,,,,,,
2024-02-21,589200.SH,科创200ETF工银,20250808,上证科创板200指数,上证科创板200指数收益率,工银瑞信基金管理有限公司,中信证券股份有限公司,股票型ETF,规模指数ETF,000699.SH,,,,,,
2024-02-22,589200.SH,科创200ETF工银,20250808,上证科创板200指数,上证科创板200指数收益率,工银瑞信基金管理有限公司,中信证券股份有限公司,股票型ETF,规模指数ETF,000699.SH,,,,,,
2024-02-23,589200.SH,科创200ETF工银,20250808,上证科创板200指数,上证科创板200指数收益率,工银瑞信基金管理有限公司,中信证券股份有限公司,股票型ETF,规模指数ETF,000699.SH,,,,,,
2024-02-26,589200.SH,科创200ETF工银,20250808,上证科创板200指数,上证科创板200指数收益率,工银瑞信基金管理有限公司,中信证券股份有限公司,股票型ETF,规模指数ETF,000699.SH,,,,,,
2024-02-27,589200.SH,科创200ETF工银,20250808,上证科创板200指数,上证科创板200指数收益率,工银瑞信基金管理有限公司,中信证券股份有限公司,股票型ETF,规模指数ETF,000699.SH,,,,,,
2024-02-28,589200.SH,科创200ETF工银,20250808,上证科创板200指数,上证科创板200指数收益率,工银瑞信基金管理有限公司,中信证券股份有限公司,股票型ETF,规模指数ETF,000699.SH,,,,,,
2024-02-29,589200.SH,科创200ETF工银,20250808,上证科创板200指数,上证科创板200指数收益率,工银瑞信基金管理有限公司,中信证券股份有限公司,股票型ETF,规模指数ETF,000699.SH,,,,,,
2024-03-01,589200.SH,科创200ETF工银,20250808,上证科创板200指数,上证科创板200指数收益率,工银瑞信基金管理有限公司,中信证券股份有限公司,股票型ETF,规模指数ETF,000699.SH,,,,,,
2024-03-04,589200.SH,科创200ETF工银,20250808,上证科创板200指数,上证科创板200指数收益率,工银瑞信基金管理有限公司,中信证券股份有限公司,股票型ETF,规模指数ETF,000699.SH,,,,,,
2024-03-05,589200.SH,科创200ETF工银,20250808,上证科创板200指数,上证科创板200指数收益率,工银瑞信基金管理有限公司,中信证券股份有限公司,股票型ETF,规模指数ETF,000699.SH,,,,,,
2024-03-06,589200.SH,科创200ETF工银,20250808,上证科创板200指数,上证科创板200指数收益率,工银瑞信基金管理有限公司,中信证券股份有限公司,股票型ETF,规模指数ETF,000699.SH,,,,,,
2024-03-07,589200.SH,科创200ETF工银,20250808,上证科创板200指数,上证科创板200指数收益率,工银瑞信基金管理有限公司,中信证券股份有限公司,股票型ETF,规模指数ETF,000699.SH,,,,,,
2024-03-08,589200.SH,科创200ETF工银,20250808,上证科创板200指数,上证科创板200指数收益率,工银瑞信基金管理有限公司,中信证券股份有限公司,股票型ETF,规模指数ETF,000699.SH,,,,,,
2024-03-11,589200.SH,科创200ETF工银,20250808,上证科创板200指数,上证科创板200指数收益率,工银瑞信基金管理有限公司,中信证券股份有限公司,股票型ETF,规模指数ETF,000699.SH,,,,,,
2024-03-12,589200.SH,科创200ETF工银,20250808,上证科创板200指数,上证科创板200指数收益率,工银瑞信基金管理有限公司,中信证券股份有限公司,股票型ETF,规模指数ETF,000699.SH,,,,,,
2024-03-13,589200.SH,科创200ETF工银,20250808,上证科创板200指数,上证科创板200指数收益率,工银瑞信基金管理有限公司,中信证券股份有限公司,股票型ETF,规模指数ETF,000699.SH,,,,,,
2024-03-14,589200.SH,科创200ETF工银,20250808,上证科创板200指数,上证科创板200指数收益率,工银瑞信基金管理有限公司,中信证券股份有限公司,股票型ETF,规模指数ETF,000699.SH,,,,,,
2024-03-15,589200.SH,科创200ETF工银,20250808,上证科创板200指数,上证科创板200指数收益率,工银瑞信基金管理有限公司,中信证券股份有限公司,股票型ETF,规模指数ETF,000699.SH,,,,,,
2024-03-18,589200.SH,科创200ETF工银,20250808,上证科创板200指数,上证科创板200指数收益率,工银瑞信基金管理有限公司,中信证券股份有限公司,股票型ETF,规模指数ETF,000699.SH,,,,,,
2024-03-19,589200.SH,科创200ETF工银,20250808,上证科创板200指数,上证科创板200指数收益率,工银瑞信基金管理有限公司,中信证券股份有限公司,股票型ETF,规模指数ETF,000699.SH,,,,,,
2024-03-20,589200.SH,科创200ETF工银,20250808,上证科创板200指数,上证科创板200指数收益率,工银瑞信基金管理有限公司,中信证券股份有限公司,股票型ETF,规模指数ETF,000699.SH,,,,,,
2024-03-21,589200.SH,科创200ETF工银,20250808,上证科创板200指数,上证科创板200指数收益率,工银瑞信基金管理有限公司,中信证券股份有限公司,股票型ETF,规模指数ETF,000699.SH,,,,,,
2024-03-22,589200.SH,科创200ETF工银,20250808,上证科创板200指数,上证科创板200指数收益率,工银瑞信基金管理有限公司,中信证券股份有限公司,股票型ETF,规模指数ETF,000699.SH,,,,,,
2024-03-25,589200.SH,科创200ETF工银,20250808,上证科创板200指数,上证科创板200指数收益率,工银瑞信基金管理有限公司,中信证券股份有限公司,股票型ETF,规模指数ETF,000699.SH,,,,,,
2024-03-26,589200.SH,科创200ETF工银,20250808,上证科创板200指数,上证科创板200指数收益率,工银瑞信基金管理有限公司,中信证券股份有限公司,股票型ETF,规模指数ETF,000699.SH,,,,,,
2024-03-27,589200.SH,科创200ETF工银,20250808,上证科创板200指数,上证科创板200指数收益率,工银瑞信基金管理有限公司,中信证券股份有限公司,股票型ETF,规模指数ETF,000699.SH,,,,,,
2024-03-28,589200.SH,科创200ETF工银,20250808,上证科创板200指数,上证科创板200指数收益率,工银瑞信基金管理有限公司,中信证券股份有限公司,股票型ETF,规模指数ETF,000699.SH,,,,,,
2024-03-29,589200.SH,科创200ETF工银,20250808,上证科创板200指数,上证科创板200指数收益率,工银瑞信基金管理有限公司,中信证券股份有限公司,股票型ETF,规模指数ETF,000699.SH,,,,,,
2024-04-01,589200.SH,科创200ETF工银,20250808,上证科创板200指数,上证科创板200指数收益率,工银瑞信基金管理有限公司,中信证券股份有限公司,股票型ETF,规模指数ETF,000699.SH,,,,,,
2024-04-02,589200.SH,科创200ETF工银,20250808,上证科创板200指数,上证科创板200指数收益率,工银瑞信基金管理有限公司,中信证券股份有限公司,股票型ETF,规模指数ETF,000699.SH,,,,,,
2024-04-03,589200.SH,科创200ETF工银,20250808,上证科创板200指数,上证科创板200指数收益率,工银瑞信基金管理有限公司,中信证券股份有限公司,股票型ETF,规模指数ETF,000699.SH,,,,,,
2024-04-08,589200.SH,科创200ETF工银,20250808,上证科创板200指数,上证科创板200指数收益率,工银瑞信基金管理有限公司,中信证券股份有限公司,股票型ETF,规模指数ETF,000699.SH,,,,,,
2024-04-09,589200.SH,科创200ETF工银,20250808,上证科创板200指数,上证科创板200指数收益率,工银瑞信基金管理有限公司,中信证券股份有限公司,股票型ETF,规模指数ETF,000699.SH,,,,,,
2024-04-10,589200.SH,科创200ETF工银,20250808,上证科创板200指数,上证科创板200指数收益率,工银瑞信基金管理有限公司,中信证券股份有限公司,股票型ETF,规模指数ETF,000699.SH,,,,,,
2024-04-11,589200.SH,科创200ETF工银,20250808,上证科创板200指数,上证科创板200指数收益率,工银瑞信基金管理有限公司,中信证券股份有限公司,股票型ETF,规模指数ETF,000699.SH,,,,,,
2024-04-12,589200.SH,科创200ETF工银,20250808,上证科创板200指数,上证科创板200指数收益率,工银瑞信基金管理有限公司,中信证券股份有限公司,股票型ETF,规模指数ETF,000699.SH,,,,,,
2024-04-15,589200.SH,科创200ETF工银,20250808,上证科创板200指数,上证科创板200指数收益率,工银瑞信基金管理有限公司,中信证券股份有限公司,股票型ETF,规模指数ETF,000699.SH,,,,,,
2024-04-16,589200.SH,科创200ETF工银,20250808,上证科创板200指数,上证科创板200指数收益率,工银瑞信基金管理有限公司,中信证券股份有限公司,股票型ETF,规模指数ETF,000699.SH,,,,,,
2024-04-17,589200.SH,科创200ETF工银,20250808,上证科创板200指数,上证科创板200指数收益率,工银瑞信基金管理有限公司,中信证券股份有限公司,股票型ETF,规模指数ETF,000699.SH,,,,,,
2024-04-18,589200.SH,科创200ETF工银,20250808,上证科创板200指数,上证科创板200指数收益率,工银瑞信基金管理有限公司,中信证券股份有限公司,股票型ETF,规模指数ETF,000699.SH,,,,,,
2024-04-19,589200.SH,科创200ETF工银,20250808,上证科创板200指数,上证科创板200指数收益率,工银瑞信基金管理有限公司,中信证券股份有限公司,股票型ETF,规模指数ETF,000699.SH,,,,,,
2024-04-22,589200.SH,科创200ETF工银,20250808,上证科创板200指数,上证科创板200指数收益率,工银瑞信基金管理有限公司,中信证券股份有限公司,股票型ETF,规模指数ETF,000699.SH,,,,,,
2024-04-23,589200.SH,科创200ETF工银,20250808,上证科创板200指数,上证科创板200指数收益率,工银瑞信基金管理有限公司,中信证券股份有限公司,股票型ETF,规模指数ETF,000699.SH,,,,,,
2024-04-24,589200.SH,科创200ETF工银,20250808,上证科创板200指数,上证科创板200指数收益率,工银瑞信基金管理有限公司,中信证券股份有限公司,股票型ETF,规模指数ETF,000699.SH,,,,,,
2024-04-25,589200.SH,科创200ETF工银,20250808,上证科创板200指数,上证科创板200指数收益率,工银瑞信基金管理有限公司,中信证券股份有限公司,股票型ETF,规模指数ETF,000699.SH,,,,,,
2024-04-26,589200.SH,科创200ETF工银,20250808,上证科创板200指数,上证科创板200指数收益率,工银瑞信基金管理有限公司,中信证券股份有限公司,股票型ETF,规模指数ETF,000699.SH,,,,,,
2024-04-29,589200.SH,科创200ETF工银,20250808,上证科创板200指数,上证科创板200指数收益率,工银瑞信基金管理有限公司,中信证券股份有限公司,股票型ETF,规模指数ETF,000699.SH,,,,,,
2024-04-30,589200.SH,科创200ETF工银,20250808,上证科创板200指数,上证科创板200指数收益率,工银瑞信基金管理有限公司,中信证券股份有限公司,股票型ETF,规模指数ETF,000699.SH,,,,,,
2024-05-06,589200.SH,科创200ETF工银,20250808,上证科创板200指数,上证科创板200指数收益率,工银瑞信基金管理有限公司,中信证券股份有限公司,股票型ETF,规模指数ETF,000699.SH,,,,,,
2024-05-07,589200.SH,科创200ETF工银,20250808,上证科创板200指数,上证科创板200指数收益率,工银瑞信基金管理有限公司,中信证券股份有限公司,股票型ETF,规模指数ETF,000699.SH,,,,,,
2024-05-08,589200.SH,科创200ETF工银,20250808,上证科创板200指数,上证科创板200指数收益率,工银瑞信基金管理有限公司,中信证券股份有限公司,股票型ETF,规模指数ETF,000699.SH,,,,,,
2024-05-09,589200.SH,科创200ETF工银,20250808,上证科创板200指数,上证科创板200指数收益率,工银瑞信基金管理有限公司,中信证券股份有限公司,股票型ETF,规模指数ETF,000699.SH,,,,,,
2024-05-10,589200.SH,科创200ETF工银,20250808,上证科创板200指数,上证科创板200指数收益率,工银瑞信基金管理有限公司,中信证券股份有限公司,股票型ETF,规模指数ETF,000699.SH,,,,,,
2024-05-13,589200.SH,科创200ETF工银,20250808,上证科创板200指数,上证科创板200指数收益率,工银瑞信基金管理有限公司,中信证券股份有限公司,股票型ETF,规模指数ETF,000699.SH,,,,,,
2024-05-14,589200.SH,科创200ETF工银,20250808,上证科创板200指数,上证科创板200指数收益率,工银瑞信基金管理有限公司,中信证券股份有限公司,股票型ETF,规模指数ETF,000699.SH,,,,,,
2024-05-15,589200.SH,科创200ETF工银,20250808,上证科创板200指数,上证科创板200指数收益率,工银瑞信基金管理有限公司,中信证券股份有限公司,股票型ETF,规模指数ETF,000699.SH,,,,,,
2024-05-16,589200.SH,科创200ETF工银,20250808,上证科创板200指数,上证科创板200指数收益率,工银瑞信基金管理有限公司,中信证券股份有限公司,股票型ETF,规模指数ETF,000699.SH,,,,,,
2024-05-17,589200.SH,科创200ETF工银,20250808,上证科创板200指数,上证科创板200指数收益率,工银瑞信基金管理有限公司,中信证券股份有限公司,股票型ETF,规模指数ETF,000699.SH,,,,,,
2024-05-20,589200.SH,科创200ETF工银,20250808,上证科创板200指数,上证科创板200指数收益率,工银瑞信基金管理有限公司,中信证券股份有限公司,股票型ETF,规模指数ETF,000699.SH,,,,,,
2024-05-21,589200.SH,科创200ETF工银,20250808,上证科创板200指数,上证科创板200指数收益率,工银瑞信基金管理有限公司,中信证券股份有限公司,股票型ETF,规模指数ETF,000699.SH,,,,,,
2024-05-22,589200.SH,科创200ETF工银,20250808,上证科创板200指数,上证科创板200指数收益率,工银瑞信基金管理有限公司,中信证券股份有限公司,股票型ETF,规模指数ETF,000699.SH,,,,,,
2024-05-23,589200.SH,科创200ETF工银,20250808,上证科创板200指数,上证科创板200指数收益率,工银瑞信基金管理有限公司,中信证券股份有限公司,股票型ETF,规模指数ETF,000699.SH,,,,,,
2024-05-24,589200.SH,科创200ETF工银,20250808,上证科创板200指数,上证科创板200指数收益率,工银瑞信基金管理有限公司,中信证券股份有限公司,股票型ETF,规模指数ETF,000699.SH,,,,,,
2024-05-27,589200.SH,科创200ETF工银,20250808,上证科创板200指数,上证科创板200指数收益率,工银瑞信基金管理有限公司,中信证券股份有限公司,股票型ETF,规模指数ETF,000699.SH,,,,,,
2024-05-28,589200.SH,科创200ETF工银,20250808,上证科创板200指数,上证科创板200指数收益率,工银瑞信基金管理有限公司,中信证券股份有限公司,股票型ETF,规模指数ETF,000699.SH,,,,,,
2024-05-29,589200.SH,科创200ETF工银,20250808,上证科创板200指数,上证科创板200指数收益率,工银瑞信基金管理有限公司,中信证券股份有限公司,股票型ETF,规模指数ETF,000699.SH,,,,,,
2024-05-30,589200.SH,科创200ETF工银,20250808,上证科创板200指数,上证科创板200指数收益率,工银瑞信基金管理有限公司,中信证券股份有限公司,股票型ETF,规模指数ETF,000699.SH,,,,,,
2024-05-31,589200.SH,科创200ETF工银,20250808,上证科创板200指数,上证科创板200指数收益率,工银瑞信基金管理有限公司,中信证券股份有限公司,股票型ETF,规模指数ETF,000699.SH,,,,,,
2024-06-03,589200.SH,科创200ETF工银,20250808,上证科创板200指数,上证科创板200指数收益率,工银瑞信基金管理有限公司,中信证券股份有限公司,股票型ETF,规模指数ETF,000699.SH,,,,,,
2024-06-04,589200.SH,科创200ETF工银,20250808,上证科创板200指数,上证科创板200指数收益率,工银瑞信基金管理有限公司,中信证券股份有限公司,股票型ETF,规模指数ETF,000699.SH,,,,,,
2024-06-05,589200.SH,科创200ETF工银,20250808,上证科创板200指数,上证科创板200指数收益率,工银瑞信基金管理有限公司,中信证券股份有限公司,股票型ETF,规模指数ETF,000699.SH,,,,,,
2024-06-06,589200.SH,科创200ETF工银,20250808,上证科创板200指数,上证科创板200指数收益率,工银瑞信基金管理有限公司,中信证券股份有限公司,股票型ETF,规模指数ETF,000699.SH,,,,,,
2024-06-07,589200.SH,科创200ETF工银,20250808,上证科创板200指数,上证科创板200指数收益率,工银瑞信基金管理有限公司,中信证券股份有限公司,股票型ETF,规模指数ETF,000699.SH,,,,,,
2024-06-11,589200.SH,科创200ETF工银,20250808,上证科创板200指数,上证科创板200指数收益率,工银瑞信基金管理有限公司,中信证券股份有限公司,股票型ETF,规模指数ETF,000699.SH,,,,,,
2024-06-12,589200.SH,科创200ETF工银,20250808,上证科创板200指数,上证科创板200指数收益率,工银瑞信基金管理有限公司,中信证券股份有限公司,股票型ETF,规模指数ETF,000699.SH,,,,,,
2024-06-13,589200.SH,科创200ETF工银,20250808,上证科创板200指数,上证科创板200指数收益率,工银瑞信基金管理有限公司,中信证券股份有限公司,股票型ETF,规模指数ETF,000699.SH,,,,,,
2024-06-14,589200.SH,科创200ETF工银,20250808,上证科创板200指数,上证科创板200指数收益率,工银瑞信基金管理有限公司,中信证券股份有限公司,股票型ETF,规模指数ETF,000699.SH,,,,,,
2024-06-17,589200.SH,科创200ETF工银,20250808,上证科创板200指数,上证科创板200指数收益率,工银瑞信基金管理有限公司,中信证券股份有限公司,股票型ETF,规模指数ETF,000699.SH,,,,,,
2024-06-18,589200.SH,科创200ETF工银,20250808,上证科创板200指数,上证科创板200指数收益率,工银瑞信基金管理有限公司,中信证券股份有限公司,股票型ETF,规模指数ETF,000699.SH,,,,,,
2024-06-19,589200.SH,科创200ETF工银,20250808,上证科创板200指数,上证科创板200指数收益率,工银瑞信基金管理有限公司,中信证券股份有限公司,股票型ETF,规模指数ETF,000699.SH,,,,,,
2024-06-20,589200.SH,科创200ETF工银,20250808,上证科创板200指数,上证科创板200指数收益率,工银瑞信基金管理有限公司,中信证券股份有限公司,股票型ETF,规模指数ETF,000699.SH,,,,,,
2024-06-21,589200.SH,科创200ETF工银,20250808,上证科创板200指数,上证科创板200指数收益率,工银瑞信基金管理有限公司,中信证券股份有限公司,股票型ETF,规模指数ETF,000699.SH,,,,,,
2024-06-24,589200.SH,科创200ETF工银,20250808,上证科创板200指数,上证科创板200指数收益率,工银瑞信基金管理有限公司,中信证券股份有限公司,股票型ETF,规模指数ETF,000699.SH,,,,,,
2024-06-25,589200.SH,科创200ETF工银,20250808,上证科创板200指数,上证科创板200指数收益率,工银瑞信基金管理有限公司,中信证券股份有限公司,股票型ETF,规模指数ETF,000699.SH,,,,,,
2024-06-26,589200.SH,科创200ETF工银,20250808,上证科创板200指数,上证科创板200指数收益率,工银瑞信基金管理有限公司,中信证券股份有限公司,股票型ETF,规模指数ETF,000699.SH,,,,,,
2024-06-27,589200.SH,科创200ETF工银,20250808,上证科创板200指数,上证科创板200指数收益率,工银瑞信基金管理有限公司,中信证券股份有限公司,股票型ETF,规模指数ETF,000699.SH,,,,,,
2024-06-28,589200.SH,科创200ETF工银,20250808,上证科创板200指数,上证科创板200指数收益率,工银瑞信基金管理有限公司,中信证券股份有限公司,股票型ETF,规模指数ETF,000699.SH,,,,,,
2024-07-01,589200.SH,科创200ETF工银,20250808,上证科创板200指数,上证科创板200指数收益率,工银瑞信基金管理有限公司,中信证券股份有限公司,股票型ETF,规模指数ETF,000699.SH,,,,,,
2024-07-02,589200.SH,科创200ETF工银,20250808,上证科创板200指数,上证科创板200指数收益率,工银瑞信基金管理有限公司,中信证券股份有限公司,股票型ETF,规模指数ETF,000699.SH,,,,,,
2024-07-03,589200.SH,科创200ETF工银,20250808,上证科创板200指数,上证科创板200指数收益率,工银瑞信基金管理有限公司,中信证券股份有限公司,股票型ETF,规模指数ETF,000699.SH,,,,,,
2024-07-04,589200.SH,科创200ETF工银,20250808,上证科创板200指数,上证科创板200指数收益率,工银瑞信基金管理有限公司,中信证券股份有限公司,股票型ETF,规模指数ETF,000699.SH,,,,,,
2024-07-05,589200.SH,科创200ETF工银,20250808,上证科创板200指数,上证科创板200指数收益率,工银瑞信基金管理有限公司,中信证券股份有限公司,股票型ETF,规模指数ETF,000699.SH,,,,,,
2024-07-08,589200.SH,科创200ETF工银,20250808,上证科创板200指数,上证科创板200指数收益率,工银瑞信基金管理有限公司,中信证券股份有限公司,股票型ETF,规模指数ETF,000699.SH,,,,,,
2024-07-09,589200.SH,科创200ETF工银,20250808,上证科创板200指数,上证科创板200指数收益率,工银瑞信基金管理有限公司,中信证券股份有限公司,股票型ETF,规模指数ETF,000699.SH,,,,,,
2024-07-10,589200.SH,科创200ETF工银,20250808,上证科创板200指数,上证科创板200指数收益率,工银瑞信基金管理有限公司,中信证券股份有限公司,股票型ETF,规模指数ETF,000699.SH,,,,,,
2024-07-11,589200.SH,科创200ETF工银,20250808,上证科创板200指数,上证科创板200指数收益率,工银瑞信基金管理有限公司,中信证券股份有限公司,股票型ETF,规模指数ETF,000699.SH,,,,,,
2024-07-12,589200.SH,科创200ETF工银,20250808,上证科创板200指数,上证科创板200指数收益率,工银瑞信基金管理有限公司,中信证券股份有限公司,股票型ETF,规模指数ETF,000699.SH,,,,,,
2024-07-15,589200.SH,科创200ETF工银,20250808,上证科创板200指数,上证科创板200指数收益率,工银瑞信基金管理有限公司,中信证券股份有限公司,股票型ETF,规模指数ETF,000699.SH,,,,,,
2024-07-16,589200.SH,科创200ETF工银,20250808,上证科创板200指数,上证科创板200指数收益率,工银瑞信基金管理有限公司,中信证券股份有限公司,股票型ETF,规模指数ETF,000699.SH,,,,,,
2024-07-17,589200.SH,科创200ETF工银,20250808,上证科创板200指数,上证科创板200指数收益率,工银瑞信基金管理有限公司,中信证券股份有限公司,股票型ETF,规模指数ETF,000699.SH,,,,,,
2024-07-18,589200.SH,科创200ETF工银,20250808,上证科创板200指数,上证科创板200指数收益率,工银瑞信基金管理有限公司,中信证券股份有限公司,股票型ETF,规模指数ETF,000699.SH,,,,,,
2024-07-19,589200.SH,科创200ETF工银,20250808,上证科创板200指数,上证科创板200指数收益率,工银瑞信基金管理有限公司,中信证券股份有限公司,股票型ETF,规模指数ETF,000699.SH,,,,,,
2024-07-22,589200.SH,科创200ETF工银,20250808,上证科创板200指数,上证科创板200指数收益率,工银瑞信基金管理有限公司,中信证券股份有限公司,股票型ETF,规模指数ETF,000699.SH,,,,,,
2024-07-23,589200.SH,科创200ETF工银,20250808,上证科创板200指数,上证科创板200指数收益率,工银瑞信基金管理有限公司,中信证券股份有限公司,股票型ETF,规模指数ETF,000699.SH,,,,,,
2024-07-24,589200.SH,科创200ETF工银,20250808,上证科创板200指数,上证科创板200指数收益率,工银瑞信基金管理有限公司,中信证券股份有限公司,股票型ETF,规模指数ETF,000699.SH,,,,,,
2024-07-25,589200.SH,科创200ETF工银,20250808,上证科创板200指数,上证科创板200指数收益率,工银瑞信基金管理有限公司,中信证券股份有限公司,股票型ETF,规模指数ETF,000699.SH,,,,,,
2024-07-26,589200.SH,科创200ETF工银,20250808,上证科创板200指数,上证科创板200指数收益率,工银瑞信基金管理有限公司,中信证券股份有限公司,股票型ETF,规模指数ETF,000699.SH,,,,,,
2024-07-29,589200.SH,科创200ETF工银,20250808,上证科创板200指数,上证科创板200指数收益率,工银瑞信基金管理有限公司,中信证券股份有限公司,股票型ETF,规模指数ETF,000699.SH,,,,,,
2024-07-30,589200.SH,科创200ETF工银,20250808,上证科创板200指数,上证科创板200指数收益率,工银瑞信基金管理有限公司,中信证券股份有限公司,股票型ETF,规模指数ETF,000699.SH,,,,,,
2024-07-31,589200.SH,科创200ETF工银,20250808,上证科创板200指数,上证科创板200指数收益率,工银瑞信基金管理有限公司,中信证券股份有限公司,股票型ETF,规模指数ETF,000699.SH,,,,,,
2024-08-01,589200.SH,科创200ETF工银,20250808,上证科创板200指数,上证科创板200指数收益率,工银瑞信基金管理有限公司,中信证券股份有限公司,股票型ETF,规模指数ETF,000699.SH,,,,,,
2024-08-02,589200.SH,科创200ETF工银,20250808,上证科创板200指数,上证科创板200指数收益率,工银瑞信基金管理有限公司,中信证券股份有限公司,股票型ETF,规模指数ETF,000699.SH,,,,,,
2024-08-05,589200.SH,科创200ETF工银,20250808,上证科创板200指数,上证科创板200指数收益率,工银瑞信基金管理有限公司,中信证券股份有限公司,股票型ETF,规模指数ETF,000699.SH,,,,,,
2024-08-06,589200.SH,科创200ETF工银,20250808,上证科创板200指数,上证科创板200指数收益率,工银瑞信基金管理有限公司,中信证券股份有限公司,股票型ETF,规模指数ETF,000699.SH,,,,,,
2024-08-07,589200.SH,科创200ETF工银,20250808,上证科创板200指数,上证科创板200指数收益率,工银瑞信基金管理有限公司,中信证券股份有限公司,股票型ETF,规模指数ETF,000699.SH,,,,,,
2024-08-08,589200.SH,科创200ETF工银,20250808,上证科创板200指数,上证科创板200指数收益率,工银瑞信基金管理有限公司,中信证券股份有限公司,股票型ETF,规模指数ETF,000699.SH,,,,,,
2024-08-09,589200.SH,科创200ETF工银,20250808,上证科创板200指数,上证科创板200指数收益率,工银瑞信基金管理有限公司,中信证券股份有限公司,股票型ETF,规模指数ETF,000699.SH,,,,,,
2024-08-12,589200.SH,科创200ETF工银,20250808,上证科创板200指数,上证科创板200指数收益率,工银瑞信基金管理有限公司,中信证券股份有限公司,股票型ETF,规模指数ETF,000699.SH,,,,,,
2024-08-13,589200.SH,科创200ETF工银,20250808,上证科创板200指数,上证科创板200指数收益率,工银瑞信基金管理有限公司,中信证券股份有限公司,股票型ETF,规模指数ETF,000699.SH,,,,,,
2024-08-14,589200.SH,科创200ETF工银,20250808,上证科创板200指数,上证科创板200指数收益率,工银瑞信基金管理有限公司,中信证券股份有限公司,股票型ETF,规模指数ETF,000699.SH,,,,,,
2024-08-15,589200.SH,科创200ETF工银,20250808,上证科创板200指数,上证科创板200指数收益率,工银瑞信基金管理有限公司,中信证券股份有限公司,股票型ETF,规模指数ETF,000699.SH,,,,,,
2024-08-16,589200.SH,科创200ETF工银,20250808,上证科创板200指数,上证科创板200指数收益率,工银瑞信基金管理有限公司,中信证券股份有限公司,股票型ETF,规模指数ETF,000699.SH,,,,,,
2024-08-19,589200.SH,科创200ETF工银,20250808,上证科创板200指数,上证科创板200指数收益率,工银瑞信基金管理有限公司,中信证券股份有限公司,股票型ETF,规模指数ETF,000699.SH,,,,,,
2024-08-20,589200.SH,科创200ETF工银,20250808,上证科创板200指数,上证科创板200指数收益率,工银瑞信基金管理有限公司,中信证券股份有限公司,股票型ETF,规模指数ETF,000699.SH,,,,,,
2024-08-21,589200.SH,科创200ETF工银,20250808,上证科创板200指数,上证科创板200指数收益率,工银瑞信基金管理有限公司,中信证券股份有限公司,股票型ETF,规模指数ETF,000699.SH,,,,,,
2024-08-22,589200.SH,科创200ETF工银,20250808,上证科创板200指数,上证科创板200指数收益率,工银瑞信基金管理有限公司,中信证券股份有限公司,股票型ETF,规模指数ETF,000699.SH,,,,,,
2024-08-23,589200.SH,科创200ETF工银,20250808,上证科创板200指数,上证科创板200指数收益率,工银瑞信基金管理有限公司,中信证券股份有限公司,股票型ETF,规模指数ETF,000699.SH,,,,,,
2024-08-26,589200.SH,科创200ETF工银,20250808,上证科创板200指数,上证科创板200指数收益率,工银瑞信基金管理有限公司,中信证券股份有限公司,股票型ETF,规模指数ETF,000699.SH,,,,,,
2024-08-27,589200.SH,科创200ETF工银,20250808,上证科创板200指数,上证科创板200指数收益率,工银瑞信基金管理有限公司,中信证券股份有限公司,股票型ETF,规模指数ETF,000699.SH,,,,,,
2024-08-28,589200.SH,科创200ETF工银,20250808,上证科创板200指数,上证科创板200指数收益率,工银瑞信基金管理有限公司,中信证券股份有限公司,股票型ETF,规模指数ETF,000699.SH,,,,,,
2024-08-29,589200.SH,科创200ETF工银,20250808,上证科创板200指数,上证科创板200指数收益率,工银瑞信基金管理有限公司,中信证券股份有限公司,股票型ETF,规模指数ETF,000699.SH,,,,,,
2024-08-30,589200.SH,科创200ETF工银,20250808,上证科创板200指数,上证科创板200指数收益率,工银瑞信基金管理有限公司,中信证券股份有限公司,股票型ETF,规模指数ETF,000699.SH,,,,,,
2024-09-02,589200.SH,科创200ETF工银,20250808,上证科创板200指数,上证科创板200指数收益率,工银瑞信基金管理有限公司,中信证券股份有限公司,股票型ETF,规模指数ETF,000699.SH,,,,,,
2024-09-03,589200.SH,科创200ETF工银,20250808,上证科创板200指数,上证科创板200指数收益率,工银瑞信基金管理有限公司,中信证券股份有限公司,股票型ETF,规模指数ETF,000699.SH,,,,,,
2024-09-04,589200.SH,科创200ETF工银,20250808,上证科创板200指数,上证科创板200指数收益率,工银瑞信基金管理有限公司,中信证券股份有限公司,股票型ETF,规模指数ETF,000699.SH,,,,,,
2024-09-05,589200.SH,科创200ETF工银,20250808,上证科创板200指数,上证科创板200指数收益率,工银瑞信基金管理有限公司,中信证券股份有限公司,股票型ETF,规模指数ETF,000699.SH,,,,,,
2024-09-06,589200.SH,科创200ETF工银,20250808,上证科创板200指数,上证科创板200指数收益率,工银瑞信基金管理有限公司,中信证券股份有限公司,股票型ETF,规模指数ETF,000699.SH,,,,,,
2024-09-09,589200.SH,科创200ETF工银,20250808,上证科创板200指数,上证科创板200指数收益率,工银瑞信基金管理有限公司,中信证券股份有限公司,股票型ETF,规模指数ETF,000699.SH,,,,,,
2024-09-10,589200.SH,科创200ETF工银,20250808,上证科创板200指数,上证科创板200指数收益率,工银瑞信基金管理有限公司,中信证券股份有限公司,股票型ETF,规模指数ETF,000699.SH,,,,,,
2024-09-11,589200.SH,科创200ETF工银,20250808,上证科创板200指数,上证科创板200指数收益率,工银瑞信基金管理有限公司,中信证券股份有限公司,股票型ETF,规模指数ETF,000699.SH,,,,,,
2024-09-12,589200.SH,科创200ETF工银,20250808,上证科创板200指数,上证科创板200指数收益率,工银瑞信基金管理有限公司,中信证券股份有限公司,股票型ETF,规模指数ETF,000699.SH,,,,,,
2024-09-13,589200.SH,科创200ETF工银,20250808,上证科创板200指数,上证科创板200指数收益率,工银瑞信基金管理有限公司,中信证券股份有限公司,股票型ETF,规模指数ETF,000699.SH,,,,,,
2024-09-18,589200.SH,科创200ETF工银,20250808,上证科创板200指数,上证科创板200指数收益率,工银瑞信基金管理有限公司,中信证券股份有限公司,股票型ETF,规模指数ETF,000699.SH,,,,,,
2024-09-19,589200.SH,科创200ETF工银,20250808,上证科创板200指数,上证科创板200指数收益率,工银瑞信基金管理有限公司,中信证券股份有限公司,股票型ETF,规模指数ETF,000699.SH,,,,,,
2024-09-20,589200.SH,科创200ETF工银,20250808,上证科创板200指数,上证科创板200指数收益率,工银瑞信基金管理有限公司,中信证券股份有限公司,股票型ETF,规模指数ETF,000699.SH,,,,,,
2024-09-23,589200.SH,科创200ETF工银,20250808,上证科创板200指数,上证科创板200指数收益率,工银瑞信基金管理有限公司,中信证券股份有限公司,股票型ETF,规模指数ETF,000699.SH,,,,,,
2024-09-24,589200.SH,科创200ETF工银,20250808,上证科创板200指数,上证科创板200指数收益率,工银瑞信基金管理有限公司,中信证券股份有限公司,股票型ETF,规模指数ETF,000699.SH,,,,,,
2024-09-25,589200.SH,科创200ETF工银,20250808,上证科创板200指数,上证科创板200指数收益率,工银瑞信基金管理有限公司,中信证券股份有限公司,股票型ETF,规模指数ETF,000699.SH,,,,,,
2024-09-26,589200.SH,科创200ETF工银,20250808,上证科创板200指数,上证科创板200指数收益率,工银瑞信基金管理有限公司,中信证券股份有限公司,股票型ETF,规模指数ETF,000699.SH,,,,,,
2024-09-27,589200.SH,科创200ETF工银,20250808,上证科创板200指数,上证科创板200指数收益率,工银瑞信基金管理有限公司,中信证券股份有限公司,股票型ETF,规模指数ETF,000699.SH,,,,,,
2024-09-30,589200.SH,科创200ETF工银,20250808,上证科创板200指数,上证科创板200指数收益率,工银瑞信基金管理有限公司,中信证券股份有限公司,股票型ETF,规模指数ETF,000699.SH,,,,,,
2024-10-08,589200.SH,科创200ETF工银,20250808,上证科创板200指数,上证科创板200指数收益率,工银瑞信基金管理有限公司,中信证券股份有限公司,股票型ETF,规模指数ETF,000699.SH,,,,,,
2024-10-09,589200.SH,科创200ETF工银,20250808,上证科创板200指数,上证科创板200指数收益率,工银瑞信基金管理有限公司,中信证券股份有限公司,股票型ETF,规模指数ETF,000699.SH,,,,,,
2024-10-10,589200.SH,科创200ETF工银,20250808,上证科创板200指数,上证科创板200指数收益率,工银瑞信基金管理有限公司,中信证券股份有限公司,股票型ETF,规模指数ETF,000699.SH,,,,,,
2024-10-11,589200.SH,科创200ETF工银,20250808,上证科创板200指数,上证科创板200指数收益率,工银瑞信基金管理有限公司,中信证券股份有限公司,股票型ETF,规模指数ETF,000699.SH,,,,,,
2024-10-14,589200.SH,科创200ETF工银,20250808,上证科创板200指数,上证科创板200指数收益率,工银瑞信基金管理有限公司,中信证券股份有限公司,股票型ETF,规模指数ETF,000699.SH,,,,,,
2024-10-15,589200.SH,科创200ETF工银,20250808,上证科创板200指数,上证科创板200指数收益率,工银瑞信基金管理有限公司,中信证券股份有限公司,股票型ETF,规模指数ETF,000699.SH,,,,,,
2024-10-16,589200.SH,科创200ETF工银,20250808,上证科创板200指数,上证科创板200指数收益率,工银瑞信基金管理有限公司,中信证券股份有限公司,股票型ETF,规模指数ETF,000699.SH,,,,,,
2024-10-17,589200.SH,科创200ETF工银,20250808,上证科创板200指数,上证科创板200指数收益率,工银瑞信基金管理有限公司,中信证券股份有限公司,股票型ETF,规模指数ETF,000699.SH,,,,,,
2024-10-18,589200.SH,科创200ETF工银,20250808,上证科创板200指数,上证科创板200指数收益率,工银瑞信基金管理有限公司,中信证券股份有限公司,股票型ETF,规模指数ETF,000699.SH,,,,,,
2024-10-21,589200.SH,科创200ETF工银,20250808,上证科创板200指数,上证科创板200指数收益率,工银瑞信基金管理有限公司,中信证券股份有限公司,股票型ETF,规模指数ETF,000699.SH,,,,,,
2024-10-22,589200.SH,科创200ETF工银,20250808,上证科创板200指数,上证科创板200指数收益率,工银瑞信基金管理有限公司,中信证券股份有限公司,股票型ETF,规模指数ETF,000699.SH,,,,,,
2024-10-23,589200.SH,科创200ETF工银,20250808,上证科创板200指数,上证科创板200指数收益率,工银瑞信基金管理有限公司,中信证券股份有限公司,股票型ETF,规模指数ETF,000699.SH,,,,,,
2024-10-24,589200.SH,科创200ETF工银,20250808,上证科创板200指数,上证科创板200指数收益率,工银瑞信基金管理有限公司,中信证券股份有限公司,股票型ETF,规模指数ETF,000699.SH,,,,,,
2024-10-25,589200.SH,科创200ETF工银,20250808,上证科创板200指数,上证科创板200指数收益率,工银瑞信基金管理有限公司,中信证券股份有限公司,股票型ETF,规模指数ETF,000699.SH,,,,,,
2024-10-28,589200.SH,科创200ETF工银,20250808,上证科创板200指数,上证科创板200指数收益率,工银瑞信基金管理有限公司,中信证券股份有限公司,股票型ETF,规模指数ETF,000699.SH,,,,,,
2024-10-29,589200.SH,科创200ETF工银,20250808,上证科创板200指数,上证科创板200指数收益率,工银瑞信基金管理有限公司,中信证券股份有限公司,股票型ETF,规模指数ETF,000699.SH,,,,,,
2024-10-30,589200.SH,科创200ETF工银,20250808,上证科创板200指数,上证科创板200指数收益率,工银瑞信基金管理有限公司,中信证券股份有限公司,股票型ETF,规模指数ETF,000699.SH,,,,,,
2024-10-31,589200.SH,科创200ETF工银,20250808,上证科创板200指数,上证科创板200指数收益率,工银瑞信基金管理有限公司,中信证券股份有限公司,股票型ETF,规模指数ETF,000699.SH,,,,,,
2024-11-01,589200.SH,科创200ETF工银,20250808,上证科创板200指数,上证科创板200指数收益率,工银瑞信基金管理有限公司,中信证券股份有限公司,股票型ETF,规模指数ETF,000699.SH,,,,,,
2024-11-04,589200.SH,科创200ETF工银,20250808,上证科创板200指数,上证科创板200指数收益率,工银瑞信基金管理有限公司,中信证券股份有限公司,股票型ETF,规模指数ETF,000699.SH,,,,,,
2024-11-05,589200.SH,科创200ETF工银,20250808,上证科创板200指数,上证科创板200指数收益率,工银瑞信基金管理有限公司,中信证券股份有限公司,股票型ETF,规模指数ETF,000699.SH,,,,,,
2024-11-06,589200.SH,科创200ETF工银,20250808,上证科创板200指数,上证科创板200指数收益率,工银瑞信基金管理有限公司,中信证券股份有限公司,股票型ETF,规模指数ETF,000699.SH,,,,,,
2024-11-07,589200.SH,科创200ETF工银,20250808,上证科创板200指数,上证科创板200指数收益率,工银瑞信基金管理有限公司,中信证券股份有限公司,股票型ETF,规模指数ETF,000699.SH,,,,,,
2024-11-08,589200.SH,科创200ETF工银,20250808,上证科创板200指数,上证科创板200指数收益率,工银瑞信基金管理有限公司,中信证券股份有限公司,股票型ETF,规模指数ETF,000699.SH,,,,,,
2024-11-11,589200.SH,科创200ETF工银,20250808,上证科创板200指数,上证科创板200指数收益率,工银瑞信基金管理有限公司,中信证券股份有限公司,股票型ETF,规模指数ETF,000699.SH,,,,,,
2024-11-12,589200.SH,科创200ETF工银,20250808,上证科创板200指数,上证科创板200指数收益率,工银瑞信基金管理有限公司,中信证券股份有限公司,股票型ETF,规模指数ETF,000699.SH,,,,,,
2024-11-13,589200.SH,科创200ETF工银,20250808,上证科创板200指数,上证科创板200指数收益率,工银瑞信基金管理有限公司,中信证券股份有限公司,股票型ETF,规模指数ETF,000699.SH,,,,,,
2024-11-14,589200.SH,科创200ETF工银,20250808,上证科创板200指数,上证科创板200指数收益率,工银瑞信基金管理有限公司,中信证券股份有限公司,股票型ETF,规模指数ETF,000699.SH,,,,,,
2024-11-15,589200.SH,科创200ETF工银,20250808,上证科创板200指数,上证科创板200指数收益率,工银瑞信基金管理有限公司,中信证券股份有限公司,股票型ETF,规模指数ETF,000699.SH,,,,,,
2024-11-18,589200.SH,科创200ETF工银,20250808,上证科创板200指数,上证科创板200指数收益率,工银瑞信基金管理有限公司,中信证券股份有限公司,股票型ETF,规模指数ETF,000699.SH,,,,,,
2024-11-19,589200.SH,科创200ETF工银,20250808,上证科创板200指数,上证科创板200指数收益率,工银瑞信基金管理有限公司,中信证券股份有限公司,股票型ETF,规模指数ETF,000699.SH,,,,,,
2024-11-20,589200.SH,科创200ETF工银,20250808,上证科创板200指数,上证科创板200指数收益率,工银瑞信基金管理有限公司,中信证券股份有限公司,股票型ETF,规模指数ETF,000699.SH,,,,,,
2024-11-21,589200.SH,科创200ETF工银,20250808,上证科创板200指数,上证科创板200指数收益率,工银瑞信基金管理有限公司,中信证券股份有限公司,股票型ETF,规模指数ETF,000699.SH,,,,,,
2024-11-22,589200.SH,科创200ETF工银,20250808,上证科创板200指数,上证科创板200指数收益率,工银瑞信基金管理有限公司,中信证券股份有限公司,股票型ETF,规模指数ETF,000699.SH,,,,,,
2024-11-25,589200.SH,科创200ETF工银,20250808,上证科创板200指数,上证科创板200指数收益率,工银瑞信基金管理有限公司,中信证券股份有限公司,股票型ETF,规模指数ETF,000699.SH,,,,,,
2024-11-26,589200.SH,科创200ETF工银,20250808,上证科创板200指数,上证科创板200指数收益率,工银瑞信基金管理有限公司,中信证券股份有限公司,股票型ETF,规模指数ETF,000699.SH,,,,,,
2024-11-27,589200.SH,科创200ETF工银,20250808,上证科创板200指数,上证科创板200指数收益率,工银瑞信基金管理有限公司,中信证券股份有限公司,股票型ETF,规模指数ETF,000699.SH,,,,,,
2024-11-28,589200.SH,科创200ETF工银,20250808,上证科创板200指数,上证科创板200指数收益率,工银瑞信基金管理有限公司,中信证券股份有限公司,股票型ETF,规模指数ETF,000699.SH,,,,,,
2024-11-29,589200.SH,科创200ETF工银,20250808,上证科创板200指数,上证科创板200指数收益率,工银瑞信基金管理有限公司,中信证券股份有限公司,股票型ETF,规模指数ETF,000699.SH,,,,,,
2024-12-02,589200.SH,科创200ETF工银,20250808,上证科创板200指数,上证科创板200指数收益率,工银瑞信基金管理有限公司,中信证券股份有限公司,股票型ETF,规模指数ETF,000699.SH,,,,,,
2024-12-03,589200.SH,科创200ETF工银,20250808,上证科创板200指数,上证科创板200指数收益率,工银瑞信基金管理有限公司,中信证券股份有限公司,股票型ETF,规模指数ETF,000699.SH,,,,,,
2024-12-04,589200.SH,科创200ETF工银,20250808,上证科创板200指数,上证科创板200指数收益率,工银瑞信基金管理有限公司,中信证券股份有限公司,股票型ETF,规模指数ETF,000699.SH,,,,,,
2024-12-05,589200.SH,科创200ETF工银,20250808,上证科创板200指数,上证科创板200指数收益率,工银瑞信基金管理有限公司,中信证券股份有限公司,股票型ETF,规模指数ETF,000699.SH,,,,,,
2024-12-06,589200.SH,科创200ETF工银,20250808,上证科创板200指数,上证科创板200指数收益率,工银瑞信基金管理有限公司,中信证券股份有限公司,股票型ETF,规模指数ETF,000699.SH,,,,,,
2024-12-09,589200.SH,科创200ETF工银,20250808,上证科创板200指数,上证科创板200指数收益率,工银瑞信基金管理有限公司,中信证券股份有限公司,股票型ETF,规模指数ETF,000699.SH,,,,,,
2024-12-10,589200.SH,科创200ETF工银,20250808,上证科创板200指数,上证科创板200指数收益率,工银瑞信基金管理有限公司,中信证券股份有限公司,股票型ETF,规模指数ETF,000699.SH,,,,,,
2024-12-11,589200.SH,科创200ETF工银,20250808,上证科创板200指数,上证科创板200指数收益率,工银瑞信基金管理有限公司,中信证券股份有限公司,股票型ETF,规模指数ETF,000699.SH,,,,,,
2024-12-12,589200.SH,科创200ETF工银,20250808,上证科创板200指数,上证科创板200指数收益率,工银瑞信基金管理有限公司,中信证券股份有限公司,股票型ETF,规模指数ETF,000699.SH,,,,,,
2024-12-13,589200.SH,科创200ETF工银,20250808,上证科创板200指数,上证科创板200指数收益率,工银瑞信基金管理有限公司,中信证券股份有限公司,股票型ETF,规模指数ETF,000699.SH,,,,,,
2024-12-16,589200.SH,科创200ETF工银,20250808,上证科创板200指数,上证科创板200指数收益率,工银瑞信基金管理有限公司,中信证券股份有限公司,股票型ETF,规模指数ETF,000699.SH,,,,,,
2024-12-17,589200.SH,科创200ETF工银,20250808,上证科创板200指数,上证科创板200指数收益率,工银瑞信基金管理有限公司,中信证券股份有限公司,股票型ETF,规模指数ETF,000699.SH,,,,,,
2024-12-18,589200.SH,科创200ETF工银,20250808,上证科创板200指数,上证科创板200指数收益率,工银瑞信基金管理有限公司,中信证券股份有限公司,股票型ETF,规模指数ETF,000699.SH,,,,,,
2024-12-19,589200.SH,科创200ETF工银,20250808,上证科创板200指数,上证科创板200指数收益率,工银瑞信基金管理有限公司,中信证券股份有限公司,股票型ETF,规模指数ETF,000699.SH,,,,,,
2024-12-20,589200.SH,科创200ETF工银,20250808,上证科创板200指数,上证科创板200指数收益率,工银瑞信基金管理有限公司,中信证券股份有限公司,股票型ETF,规模指数ETF,000699.SH,,,,,,
2024-12-23,589200.SH,科创200ETF工银,20250808,上证科创板200指数,上证科创板200指数收益率,工银瑞信基金管理有限公司,中信证券股份有限公司,股票型ETF,规模指数ETF,000699.SH,,,,,,
2024-12-24,589200.SH,科创200ETF工银,20250808,上证科创板200指数,上证科创板200指数收益率,工银瑞信基金管理有限公司,中信证券股份有限公司,股票型ETF,规模指数ETF,000699.SH,,,,,,
2024-12-25,589200.SH,科创200ETF工银,20250808,上证科创板200指数,上证科创板200指数收益率,工银瑞信基金管理有限公司,中信证券股份有限公司,股票型ETF,规模指数ETF,000699.SH,,,,,,
2024-12-26,589200.SH,科创200ETF工银,20250808,上证科创板200指数,上证科创板200指数收益率,工银瑞信基金管理有限公司,中信证券股份有限公司,股票型ETF,规模指数ETF,000699.SH,,,,,,
2024-12-27,589200.SH,科创200ETF工银,20250808,上证科创板200指数,上证科创板200指数收益率,工银瑞信基金管理有限公司,中信证券股份有限公司,股票型ETF,规模指数ETF,000699.SH,,,,,,
2024-12-30,589200.SH,科创200ETF工银,20250808,上证科创板200指数,上证科创板200指数收益率,工银瑞信基金管理有限公司,中信证券股份有限公司,股票型ETF,规模指数ETF,000699.SH,,,,,,
2024-12-31,589200.SH,科创200ETF工银,20250808,上证科创板200指数,上证科创板200指数收益率,工银瑞信基金管理有限公司,中信证券股份有限公司,股票型ETF,规模指数ETF,000699.SH,,,,,,
2025-01-02,589200.SH,科创200ETF工银,20250808,上证科创板200指数,上证科创板200指数收益率,工银瑞信基金管理有限公司,中信证券股份有限公司,股票型ETF,规模指数ETF,000699.SH,,,,,,
2025-01-03,589200.SH,科创200ETF工银,20250808,上证科创板200指数,上证科创板200指数收益率,工银瑞信基金管理有限公司,中信证券股份有限公司,股票型ETF,规模指数ETF,000699.SH,,,,,,
2025-01-06,589200.SH,科创200ETF工银,20250808,上证科创板200指数,上证科创板200指数收益率,工银瑞信基金管理有限公司,中信证券股份有限公司,股票型ETF,规模指数ETF,000699.SH,,,,,,
2025-01-07,589200.SH,科创200ETF工银,20250808,上证科创板200指数,上证科创板200指数收益率,工银瑞信基金管理有限公司,中信证券股份有限公司,股票型ETF,规模指数ETF,000699.SH,,,,,,
2025-01-08,589200.SH,科创200ETF工银,20250808,上证科创板200指数,上证科创板200指数收益率,工银瑞信基金管理有限公司,中信证券股份有限公司,股票型ETF,规模指数ETF,000699.SH,,,,,,
2025-01-09,589200.SH,科创200ETF工银,20250808,上证科创板200指数,上证科创板200指数收益率,工银瑞信基金管理有限公司,中信证券股份有限公司,股票型ETF,规模指数ETF,000699.SH,,,,,,
2025-01-10,589200.SH,科创200ETF工银,20250808,上证科创板200指数,上证科创板200指数收益率,工银瑞信基金管理有限公司,中信证券股份有限公司,股票型ETF,规模指数ETF,000699.SH,,,,,,
2025-01-13,589200.SH,科创200ETF工银,20250808,上证科创板200指数,上证科创板200指数收益率,工银瑞信基金管理有限公司,中信证券股份有限公司,股票型ETF,规模指数ETF,000699.SH,,,,,,
2025-01-14,589200.SH,科创200ETF工银,20250808,上证科创板200指数,上证科创板200指数收益率,工银瑞信基金管理有限公司,中信证券股份有限公司,股票型ETF,规模指数ETF,000699.SH,,,,,,
2025-01-15,589200.SH,科创200ETF工银,20250808,上证科创板200指数,上证科创板200指数收益率,工银瑞信基金管理有限公司,中信证券股份有限公司,股票型ETF,规模指数ETF,000699.SH,,,,,,
2025-01-16,589200.SH,科创200ETF工银,20250808,上证科创板200指数,上证科创板200指数收益率,工银瑞信基金管理有限公司,中信证券股份有限公司,股票型ETF,规模指数ETF,000699.SH,,,,,,
2025-01-17,589200.SH,科创200ETF工银,20250808,上证科创板200指数,上证科创板200指数收益率,工银瑞信基金管理有限公司,中信证券股份有限公司,股票型ETF,规模指数ETF,000699.SH,,,,,,
2025-01-20,589200.SH,科创200ETF工银,20250808,上证科创板200指数,上证科创板200指数收益率,工银瑞信基金管理有限公司,中信证券股份有限公司,股票型ETF,规模指数ETF,000699.SH,,,,,,
2025-01-21,589200.SH,科创200ETF工银,20250808,上证科创板200指数,上证科创板200指数收益率,工银瑞信基金管理有限公司,中信证券股份有限公司,股票型ETF,规模指数ETF,000699.SH,,,,,,
2025-01-22,589200.SH,科创200ETF工银,20250808,上证科创板200指数,上证科创板200指数收益率,工银瑞信基金管理有限公司,中信证券股份有限公司,股票型ETF,规模指数ETF,000699.SH,,,,,,
2025-01-23,589200.SH,科创200ETF工银,20250808,上证科创板200指数,上证科创板200指数收益率,工银瑞信基金管理有限公司,中信证券股份有限公司,股票型ETF,规模指数ETF,000699.SH,,,,,,
2025-01-24,589200.SH,科创200ETF工银,20250808,上证科创板200指数,上证科创板200指数收益率,工银瑞信基金管理有限公司,中信证券股份有限公司,股票型ETF,规模指数ETF,000699.SH,,,,,,
2025-01-27,589200.SH,科创200ETF工银,20250808,上证科创板200指数,上证科创板200指数收益率,工银瑞信基金管理有限公司,中信证券股份有限公司,股票型ETF,规模指数ETF,000699.SH,,,,,,
2025-02-05,589200.SH,科创200ETF工银,20250808,上证科创板200指数,上证科创板200指数收益率,工银瑞信基金管理有限公司,中信证券股份有限公司,股票型ETF,规模指数ETF,000699.SH,,,,,,
2025-02-06,589200.SH,科创200ETF工银,20250808,上证科创板200指数,上证科创板200指数收益率,工银瑞信基金管理有限公司,中信证券股份有限公司,股票型ETF,规模指数ETF,000699.SH,,,,,,
2025-02-07,589200.SH,科创200ETF工银,20250808,上证科创板200指数,上证科创板200指数收益率,工银瑞信基金管理有限公司,中信证券股份有限公司,股票型ETF,规模指数ETF,000699.SH,,,,,,
2025-02-10,589200.SH,科创200ETF工银,20250808,上证科创板200指数,上证科创板200指数收益率,工银瑞信基金管理有限公司,中信证券股份有限公司,股票型ETF,规模指数ETF,000699.SH,,,,,,
2025-02-11,589200.SH,科创200ETF工银,20250808,上证科创板200指数,上证科创板200指数收益率,工银瑞信基金管理有限公司,中信证券股份有限公司,股票型ETF,规模指数ETF,000699.SH,,,,,,
2025-02-12,589200.SH,科创200ETF工银,20250808,上证科创板200指数,上证科创板200指数收益率,工银瑞信基金管理有限公司,中信证券股份有限公司,股票型ETF,规模指数ETF,000699.SH,,,,,,
2025-02-13,589200.SH,科创200ETF工银,20250808,上证科创板200指数,上证科创板200指数收益率,工银瑞信基金管理有限公司,中信证券股份有限公司,股票型ETF,规模指数ETF,000699.SH,,,,,,
2025-02-14,589200.SH,科创200ETF工银,20250808,上证科创板200指数,上证科创板200指数收益率,工银瑞信基金管理有限公司,中信证券股份有限公司,股票型ETF,规模指数ETF,000699.SH,,,,,,
2025-02-17,589200.SH,科创200ETF工银,20250808,上证科创板200指数,上证科创板200指数收益率,工银瑞信基金管理有限公司,中信证券股份有限公司,股票型ETF,规模指数ETF,000699.SH,,,,,,
2025-02-18,589200.SH,科创200ETF工银,20250808,上证科创板200指数,上证科创板200指数收益率,工银瑞信基金管理有限公司,中信证券股份有限公司,股票型ETF,规模指数ETF,000699.SH,,,,,,
2025-02-19,589200.SH,科创200ETF工银,20250808,上证科创板200指数,上证科创板200指数收益率,工银瑞信基金管理有限公司,中信证券股份有限公司,股票型ETF,规模指数ETF,000699.SH,,,,,,
2025-02-20,589200.SH,科创200ETF工银,20250808,上证科创板200指数,上证科创板200指数收益率,工银瑞信基金管理有限公司,中信证券股份有限公司,股票型ETF,规模指数ETF,000699.SH,,,,,,
2025-02-21,589200.SH,科创200ETF工银,20250808,上证科创板200指数,上证科创板200指数收益率,工银瑞信基金管理有限公司,中信证券股份有限公司,股票型ETF,规模指数ETF,000699.SH,,,,,,
2025-02-24,589200.SH,科创200ETF工银,20250808,上证科创板200指数,上证科创板200指数收益率,工银瑞信基金管理有限公司,中信证券股份有限公司,股票型ETF,规模指数ETF,000699.SH,,,,,,
2025-02-25,589200.SH,科创200ETF工银,20250808,上证科创板200指数,上证科创板200指数收益率,工银瑞信基金管理有限公司,中信证券股份有限公司,股票型ETF,规模指数ETF,000699.SH,,,,,,
2025-02-26,589200.SH,科创200ETF工银,20250808,上证科创板200指数,上证科创板200指数收益率,工银瑞信基金管理有限公司,中信证券股份有限公司,股票型ETF,规模指数ETF,000699.SH,,,,,,
2025-02-27,589200.SH,科创200ETF工银,20250808,上证科创板200指数,上证科创板200指数收益率,工银瑞信基金管理有限公司,中信证券股份有限公司,股票型ETF,规模指数ETF,000699.SH,,,,,,
2025-02-28,589200.SH,科创200ETF工银,20250808,上证科创板200指数,上证科创板200指数收益率,工银瑞信基金管理有限公司,中信证券股份有限公司,股票型ETF,规模指数ETF,000699.SH,,,,,,
2025-03-03,589200.SH,科创200ETF工银,20250808,上证科创板200指数,上证科创板200指数收益率,工银瑞信基金管理有限公司,中信证券股份有限公司,股票型ETF,规模指数ETF,000699.SH,,,,,,
2025-03-04,589200.SH,科创200ETF工银,20250808,上证科创板200指数,上证科创板200指数收益率,工银瑞信基金管理有限公司,中信证券股份有限公司,股票型ETF,规模指数ETF,000699.SH,,,,,,
2025-03-05,589200.SH,科创200ETF工银,20250808,上证科创板200指数,上证科创板200指数收益率,工银瑞信基金管理有限公司,中信证券股份有限公司,股票型ETF,规模指数ETF,000699.SH,,,,,,
2025-03-06,589200.SH,科创200ETF工银,20250808,上证科创板200指数,上证科创板200指数收益率,工银瑞信基金管理有限公司,中信证券股份有限公司,股票型ETF,规模指数ETF,000699.SH,,,,,,
2025-03-07,589200.SH,科创200ETF工银,20250808,上证科创板200指数,上证科创板200指数收益率,工银瑞信基金管理有限公司,中信证券股份有限公司,股票型ETF,规模指数ETF,000699.SH,,,,,,
2025-03-10,589200.SH,科创200ETF工银,20250808,上证科创板200指数,上证科创板200指数收益率,工银瑞信基金管理有限公司,中信证券股份有限公司,股票型ETF,规模指数ETF,000699.SH,,,,,,
2025-03-11,589200.SH,科创200ETF工银,20250808,上证科创板200指数,上证科创板200指数收益率,工银瑞信基金管理有限公司,中信证券股份有限公司,股票型ETF,规模指数ETF,000699.SH,,,,,,
2025-03-12,589200.SH,科创200ETF工银,20250808,上证科创板200指数,上证科创板200指数收益率,工银瑞信基金管理有限公司,中信证券股份有限公司,股票型ETF,规模指数ETF,000699.SH,,,,,,
2025-03-13,589200.SH,科创200ETF工银,20250808,上证科创板200指数,上证科创板200指数收益率,工银瑞信基金管理有限公司,中信证券股份有限公司,股票型ETF,规模指数ETF,000699.SH,,,,,,
2025-03-14,589200.SH,科创200ETF工银,20250808,上证科创板200指数,上证科创板200指数收益率,工银瑞信基金管理有限公司,中信证券股份有限公司,股票型ETF,规模指数ETF,000699.SH,,,,,,
2025-03-17,589200.SH,科创200ETF工银,20250808,上证科创板200指数,上证科创板200指数收益率,工银瑞信基金管理有限公司,中信证券股份有限公司,股票型ETF,规模指数ETF,000699.SH,,,,,,
2025-03-18,589200.SH,科创200ETF工银,20250808,上证科创板200指数,上证科创板200指数收益率,工银瑞信基金管理有限公司,中信证券股份有限公司,股票型ETF,规模指数ETF,000699.SH,,,,,,
2025-03-19,589200.SH,科创200ETF工银,20250808,上证科创板200指数,上证科创板200指数收益率,工银瑞信基金管理有限公司,中信证券股份有限公司,股票型ETF,规模指数ETF,000699.SH,,,,,,
2025-03-20,589200.SH,科创200ETF工银,20250808,上证科创板200指数,上证科创板200指数收益率,工银瑞信基金管理有限公司,中信证券股份有限公司,股票型ETF,规模指数ETF,000699.SH,,,,,,
2025-03-21,589200.SH,科创200ETF工银,20250808,上证科创板200指数,上证科创板200指数收益率,工银瑞信基金管理有限公司,中信证券股份有限公司,股票型ETF,规模指数ETF,000699.SH,,,,,,
2025-03-24,589200.SH,科创200ETF工银,20250808,上证科创板200指数,上证科创板200指数收益率,工银瑞信基金管理有限公司,中信证券股份有限公司,股票型ETF,规模指数ETF,000699.SH,,,,,,
2025-03-25,589200.SH,科创200ETF工银,20250808,上证科创板200指数,上证科创板200指数收益率,工银瑞信基金管理有限公司,中信证券股份有限公司,股票型ETF,规模指数ETF,000699.SH,,,,,,
2025-03-26,589200.SH,科创200ETF工银,20250808,上证科创板200指数,上证科创板200指数收益率,工银瑞信基金管理有限公司,中信证券股份有限公司,股票型ETF,规模指数ETF,000699.SH,,,,,,
2025-03-27,589200.SH,科创200ETF工银,20250808,上证科创板200指数,上证科创板200指数收益率,工银瑞信基金管理有限公司,中信证券股份有限公司,股票型ETF,规模指数ETF,000699.SH,,,,,,
2025-03-28,589200.SH,科创200ETF工银,20250808,上证科创板200指数,上证科创板200指数收益率,工银瑞信基金管理有限公司,中信证券股份有限公司,股票型ETF,规模指数ETF,000699.SH,,,,,,
2025-03-31,589200.SH,科创200ETF工银,20250808,上证科创板200指数,上证科创板200指数收益率,工银瑞信基金管理有限公司,中信证券股份有限公司,股票型ETF,规模指数ETF,000699.SH,,,,,,
2025-04-01,589200.SH,科创200ETF工银,20250808,上证科创板200指数,上证科创板200指数收益率,工银瑞信基金管理有限公司,中信证券股份有限公司,股票型ETF,规模指数ETF,000699.SH,,,,,,
2025-04-02,589200.SH,科创200ETF工银,20250808,上证科创板200指数,上证科创板200指数收益率,工银瑞信基金管理有限公司,中信证券股份有限公司,股票型ETF,规模指数ETF,000699.SH,,,,,,
2025-04-03,589200.SH,科创200ETF工银,20250808,上证科创板200指数,上证科创板200指数收益率,工银瑞信基金管理有限公司,中信证券股份有限公司,股票型ETF,规模指数ETF,000699.SH,,,,,,
2025-04-07,589200.SH,科创200ETF工银,20250808,上证科创板200指数,上证科创板200指数收益率,工银瑞信基金管理有限公司,中信证券股份有限公司,股票型ETF,规模指数ETF,000699.SH,,,,,,
2025-04-08,589200.SH,科创200ETF工银,20250808,上证科创板200指数,上证科创板200指数收益率,工银瑞信基金管理有限公司,中信证券股份有限公司,股票型ETF,规模指数ETF,000699.SH,,,,,,
2025-04-09,589200.SH,科创200ETF工银,20250808,上证科创板200指数,上证科创板200指数收益率,工银瑞信基金管理有限公司,中信证券股份有限公司,股票型ETF,规模指数ETF,000699.SH,,,,,,
2025-04-10,589200.SH,科创200ETF工银,20250808,上证科创板200指数,上证科创板200指数收益率,工银瑞信基金管理有限公司,中信证券股份有限公司,股票型ETF,规模指数ETF,000699.SH,,,,,,
2025-04-11,589200.SH,科创200ETF工银,20250808,上证科创板200指数,上证科创板200指数收益率,工银瑞信基金管理有限公司,中信证券股份有限公司,股票型ETF,规模指数ETF,000699.SH,,,,,,
2025-04-14,589200.SH,科创200ETF工银,20250808,上证科创板200指数,上证科创板200指数收益率,工银瑞信基金管理有限公司,中信证券股份有限公司,股票型ETF,规模指数ETF,000699.SH,,,,,,
2025-04-15,589200.SH,科创200ETF工银,20250808,上证科创板200指数,上证科创板200指数收益率,工银瑞信基金管理有限公司,中信证券股份有限公司,股票型ETF,规模指数ETF,000699.SH,,,,,,
2025-04-16,589200.SH,科创200ETF工银,20250808,上证科创板200指数,上证科创板200指数收益率,工银瑞信基金管理有限公司,中信证券股份有限公司,股票型ETF,规模指数ETF,000699.SH,,,,,,
2025-04-17,589200.SH,科创200ETF工银,20250808,上证科创板200指数,上证科创板200指数收益率,工银瑞信基金管理有限公司,中信证券股份有限公司,股票型ETF,规模指数ETF,000699.SH,,,,,,
2025-04-18,589200.SH,科创200ETF工银,20250808,上证科创板200指数,上证科创板200指数收益率,工银瑞信基金管理有限公司,中信证券股份有限公司,股票型ETF,规模指数ETF,000699.SH,,,,,,
2025-04-21,589200.SH,科创200ETF工银,20250808,上证科创板200指数,上证科创板200指数收益率,工银瑞信基金管理有限公司,中信证券股份有限公司,股票型ETF,规模指数ETF,000699.SH,,,,,,
2025-04-22,589200.SH,科创200ETF工银,20250808,上证科创板200指数,上证科创板200指数收益率,工银瑞信基金管理有限公司,中信证券股份有限公司,股票型ETF,规模指数ETF,000699.SH,,,,,,
2025-04-23,589200.SH,科创200ETF工银,20250808,上证科创板200指数,上证科创板200指数收益率,工银瑞信基金管理有限公司,中信证券股份有限公司,股票型ETF,规模指数ETF,000699.SH,,,,,,
2025-04-24,589200.SH,科创200ETF工银,20250808,上证科创板200指数,上证科创板200指数收益率,工银瑞信基金管理有限公司,中信证券股份有限公司,股票型ETF,规模指数ETF,000699.SH,,,,,,
2025-04-25,589200.SH,科创200ETF工银,20250808,上证科创板200指数,上证科创板200指数收益率,工银瑞信基金管理有限公司,中信证券股份有限公司,股票型ETF,规模指数ETF,000699.SH,,,,,,
2025-04-28,589200.SH,科创200ETF工银,20250808,上证科创板200指数,上证科创板200指数收益率,工银瑞信基金管理有限公司,中信证券股份有限公司,股票型ETF,规模指数ETF,000699.SH,,,,,,
2025-04-29,589200.SH,科创200ETF工银,20250808,上证科创板200指数,上证科创板200指数收益率,工银瑞信基金管理有限公司,中信证券股份有限公司,股票型ETF,规模指数ETF,000699.SH,,,,,,
2025-04-30,589200.SH,科创200ETF工银,20250808,上证科创板200指数,上证科创板200指数收益率,工银瑞信基金管理有限公司,中信证券股份有限公司,股票型ETF,规模指数ETF,000699.SH,,,,,,
2025-05-06,589200.SH,科创200ETF工银,20250808,上证科创板200指数,上证科创板200指数收益率,工银瑞信基金管理有限公司,中信证券股份有限公司,股票型ETF,规模指数ETF,000699.SH,,,,,,
2025-05-07,589200.SH,科创200ETF工银,20250808,上证科创板200指数,上证科创板200指数收益率,工银瑞信基金管理有限公司,中信证券股份有限公司,股票型ETF,规模指数ETF,000699.SH,,,,,,
2025-05-08,589200.SH,科创200ETF工银,20250808,上证科创板200指数,上证科创板200指数收益率,工银瑞信基金管理有限公司,中信证券股份有限公司,股票型ETF,规模指数ETF,000699.SH,,,,,,
2025-05-09,589200.SH,科创200ETF工银,20250808,上证科创板200指数,上证科创板200指数收益率,工银瑞信基金管理有限公司,中信证券股份有限公司,股票型ETF,规模指数ETF,000699.SH,,,,,,
2025-05-12,589200.SH,科创200ETF工银,20250808,上证科创板200指数,上证科创板200指数收益率,工银瑞信基金管理有限公司,中信证券股份有限公司,股票型ETF,规模指数ETF,000699.SH,,,,,,
2025-05-13,589200.SH,科创200ETF工银,20250808,上证科创板200指数,上证科创板200指数收益率,工银瑞信基金管理有限公司,中信证券股份有限公司,股票型ETF,规模指数ETF,000699.SH,,,,,,
2025-05-14,589200.SH,科创200ETF工银,20250808,上证科创板200指数,上证科创板200指数收益率,工银瑞信基金管理有限公司,中信证券股份有限公司,股票型ETF,规模指数ETF,000699.SH,,,,,,
2025-05-15,589200.SH,科创200ETF工银,20250808,上证科创板200指数,上证科创板200指数收益率,工银瑞信基金管理有限公司,中信证券股份有限公司,股票型ETF,规模指数ETF,000699.SH,,,,,,
2025-05-16,589200.SH,科创200ETF工银,20250808,上证科创板200指数,上证科创板200指数收益率,工银瑞信基金管理有限公司,中信证券股份有限公司,股票型ETF,规模指数ETF,000699.SH,,,,,,
2025-05-19,589200.SH,科创200ETF工银,20250808,上证科创板200指数,上证科创板200指数收益率,工银瑞信基金管理有限公司,中信证券股份有限公司,股票型ETF,规模指数ETF,000699.SH,,,,,,
2025-05-20,589200.SH,科创200ETF工银,20250808,上证科创板200指数,上证科创板200指数收益率,工银瑞信基金管理有限公司,中信证券股份有限公司,股票型ETF,规模指数ETF,000699.SH,,,,,,
2025-05-21,589200.SH,科创200ETF工银,20250808,上证科创板200指数,上证科创板200指数收益率,工银瑞信基金管理有限公司,中信证券股份有限公司,股票型ETF,规模指数ETF,000699.SH,,,,,,
2025-05-22,589200.SH,科创200ETF工银,20250808,上证科创板200指数,上证科创板200指数收益率,工银瑞信基金管理有限公司,中信证券股份有限公司,股票型ETF,规模指数ETF,000699.SH,,,,,,
2025-05-23,589200.SH,科创200ETF工银,20250808,上证科创板200指数,上证科创板200指数收益率,工银瑞信基金管理有限公司,中信证券股份有限公司,股票型ETF,规模指数ETF,000699.SH,,,,,,
2025-05-26,589200.SH,科创200ETF工银,20250808,上证科创板200指数,上证科创板200指数收益率,工银瑞信基金管理有限公司,中信证券股份有限公司,股票型ETF,规模指数ETF,000699.SH,,,,,,
2025-05-27,589200.SH,科创200ETF工银,20250808,上证科创板200指数,上证科创板200指数收益率,工银瑞信基金管理有限公司,中信证券股份有限公司,股票型ETF,规模指数ETF,000699.SH,,,,,,
2025-05-28,589200.SH,科创200ETF工银,20250808,上证科创板200指数,上证科创板200指数收益率,工银瑞信基金管理有限公司,中信证券股份有限公司,股票型ETF,规模指数ETF,000699.SH,,,,,,
2025-05-29,589200.SH,科创200ETF工银,20250808,上证科创板200指数,上证科创板200指数收益率,工银瑞信基金管理有限公司,中信证券股份有限公司,股票型ETF,规模指数ETF,000699.SH,,,,,,
2025-05-30,589200.SH,科创200ETF工银,20250808,上证科创板200指数,上证科创板200指数收益率,工银瑞信基金管理有限公司,中信证券股份有限公司,股票型ETF,规模指数ETF,000699.SH,,,,,,
2025-06-03,589200.SH,科创200ETF工银,20250808,上证科创板200指数,上证科创板200指数收益率,工银瑞信基金管理有限公司,中信证券股份有限公司,股票型ETF,规模指数ETF,000699.SH,,,,,,
2025-06-04,589200.SH,科创200ETF工银,20250808,上证科创板200指数,上证科创板200指数收益率,工银瑞信基金管理有限公司,中信证券股份有限公司,股票型ETF,规模指数ETF,000699.SH,,,,,,
2025-06-05,589200.SH,科创200ETF工银,20250808,上证科创板200指数,上证科创板200指数收益率,工银瑞信基金管理有限公司,中信证券股份有限公司,股票型ETF,规模指数ETF,000699.SH,,,,,,
2025-06-06,589200.SH,科创200ETF工银,20250808,上证科创板200指数,上证科创板200指数收益率,工银瑞信基金管理有限公司,中信证券股份有限公司,股票型ETF,规模指数ETF,000699.SH,,,,,,
2025-06-09,589200.SH,科创200ETF工银,20250808,上证科创板200指数,上证科创板200指数收益率,工银瑞信基金管理有限公司,中信证券股份有限公司,股票型ETF,规模指数ETF,000699.SH,,,,,,
2025-06-10,589200.SH,科创200ETF工银,20250808,上证科创板200指数,上证科创板200指数收益率,工银瑞信基金管理有限公司,中信证券股份有限公司,股票型ETF,规模指数ETF,000699.SH,,,,,,
2025-06-11,589200.SH,科创200ETF工银,20250808,上证科创板200指数,上证科创板200指数收益率,工银瑞信基金管理有限公司,中信证券股份有限公司,股票型ETF,规模指数ETF,000699.SH,,,,,,
2025-06-12,589200.SH,科创200ETF工银,20250808,上证科创板200指数,上证科创板200指数收益率,工银瑞信基金管理有限公司,中信证券股份有限公司,股票型ETF,规模指数ETF,000699.SH,,,,,,
2025-06-13,589200.SH,科创200ETF工银,20250808,上证科创板200指数,上证科创板200指数收益率,工银瑞信基金管理有限公司,中信证券股份有限公司,股票型ETF,规模指数ETF,000699.SH,,,,,,
2025-06-16,589200.SH,科创200ETF工银,20250808,上证科创板200指数,上证科创板200指数收益率,工银瑞信基金管理有限公司,中信证券股份有限公司,股票型ETF,规模指数ETF,000699.SH,,,,,,
2025-06-17,589200.SH,科创200ETF工银,20250808,上证科创板200指数,上证科创板200指数收益率,工银瑞信基金管理有限公司,中信证券股份有限公司,股票型ETF,规模指数ETF,000699.SH,,,,,,
2025-06-18,589200.SH,科创200ETF工银,20250808,上证科创板200指数,上证科创板200指数收益率,工银瑞信基金管理有限公司,中信证券股份有限公司,股票型ETF,规模指数ETF,000699.SH,,,,,,
2025-06-19,589200.SH,科创200ETF工银,20250808,上证科创板200指数,上证科创板200指数收益率,工银瑞信基金管理有限公司,中信证券股份有限公司,股票型ETF,规模指数ETF,000699.SH,,,,,,
2025-06-20,589200.SH,科创200ETF工银,20250808,上证科创板200指数,上证科创板200指数收益率,工银瑞信基金管理有限公司,中信证券股份有限公司,股票型ETF,规模指数ETF,000699.SH,,,,,,
2025-06-23,589200.SH,科创200ETF工银,20250808,上证科创板200指数,上证科创板200指数收益率,工银瑞信基金管理有限公司,中信证券股份有限公司,股票型ETF,规模指数ETF,000699.SH,,,,,,
2025-06-24,589200.SH,科创200ETF工银,20250808,上证科创板200指数,上证科创板200指数收益率,工银瑞信基金管理有限公司,中信证券股份有限公司,股票型ETF,规模指数ETF,000699.SH,,,,,,
2025-06-25,589200.SH,科创200ETF工银,20250808,上证科创板200指数,上证科创板200指数收益率,工银瑞信基金管理有限公司,中信证券股份有限公司,股票型ETF,规模指数ETF,000699.SH,,,,,,
2025-06-26,589200.SH,科创200ETF工银,20250808,上证科创板200指数,上证科创板200指数收益率,工银瑞信基金管理有限公司,中信证券股份有限公司,股票型ETF,规模指数ETF,000699.SH,,,,,,
2025-06-27,589200.SH,科创200ETF工银,20250808,上证科创板200指数,上证科创板200指数收益率,工银瑞信基金管理有限公司,中信证券股份有限公司,股票型ETF,规模指数ETF,000699.SH,,,,,,
2025-06-30,589200.SH,科创200ETF工银,20250808,上证科创板200指数,上证科创板200指数收益率,工银瑞信基金管理有限公司,中信证券股份有限公司,股票型ETF,规模指数ETF,000699.SH,,,,,,
2025-07-01,589200.SH,科创200ETF工银,20250808,上证科创板200指数,上证科创板200指数收益率,工银瑞信基金管理有限公司,中信证券股份有限公司,股票型ETF,规模指数ETF,000699.SH,,,,,,
2025-07-02,589200.SH,科创200ETF工银,20250808,上证科创板200指数,上证科创板200指数收益率,工银瑞信基金管理有限公司,中信证券股份有限公司,股票型ETF,规模指数ETF,000699.SH,,,,,,
2025-07-03,589200.SH,科创200ETF工银,20250808,上证科创板200指数,上证科创板200指数收益率,工银瑞信基金管理有限公司,中信证券股份有限公司,股票型ETF,规模指数ETF,000699.SH,,,,,,
2025-07-04,589200.SH,科创200ETF工银,20250808,上证科创板200指数,上证科创板200指数收益率,工银瑞信基金管理有限公司,中信证券股份有限公司,股票型ETF,规模指数ETF,000699.SH,,,,,,
2025-07-07,589200.SH,科创200ETF工银,20250808,上证科创板200指数,上证科创板200指数收益率,工银瑞信基金管理有限公司,中信证券股份有限公司,股票型ETF,规模指数ETF,000699.SH,,,,,,
2025-07-08,589200.SH,科创200ETF工银,20250808,上证科创板200指数,上证科创板200指数收益率,工银瑞信基金管理有限公司,中信证券股份有限公司,股票型ETF,规模指数ETF,000699.SH,,,,,,
2025-07-09,589200.SH,科创200ETF工银,20250808,上证科创板200指数,上证科创板200指数收益率,工银瑞信基金管理有限公司,中信证券股份有限公司,股票型ETF,规模指数ETF,000699.SH,,,,,,
2025-07-10,589200.SH,科创200ETF工银,20250808,上证科创板200指数,上证科创板200指数收益率,工银瑞信基金管理有限公司,中信证券股份有限公司,股票型ETF,规模指数ETF,000699.SH,,,,,,
2025-07-11,589200.SH,科创200ETF工银,20250808,上证科创板200指数,上证科创板200指数收益率,工银瑞信基金管理有限公司,中信证券股份有限公司,股票型ETF,规模指数ETF,000699.SH,,,,,,
2025-07-14,589200.SH,科创200ETF工银,20250808,上证科创板200指数,上证科创板200指数收益率,工银瑞信基金管理有限公司,中信证券股份有限公司,股票型ETF,规模指数ETF,000699.SH,,,,,,
2025-07-15,589200.SH,科创200ETF工银,20250808,上证科创板200指数,上证科创板200指数收益率,工银瑞信基金管理有限公司,中信证券股份有限公司,股票型ETF,规模指数ETF,000699.SH,,,,,,
2025-07-16,589200.SH,科创200ETF工银,20250808,上证科创板200指数,上证科创板200指数收益率,工银瑞信基金管理有限公司,中信证券股份有限公司,股票型ETF,规模指数ETF,000699.SH,,,,,,
2025-07-17,589200.SH,科创200ETF工银,20250808,上证科创板200指数,上证科创板200指数收益率,工银瑞信基金管理有限公司,中信证券股份有限公司,股票型ETF,规模指数ETF,000699.SH,,,,,,
2025-07-18,589200.SH,科创200ETF工银,20250808,上证科创板200指数,上证科创板200指数收益率,工银瑞信基金管理有限公司,中信证券股份有限公司,股票型ETF,规模指数ETF,000699.SH,,,,,,
2025-07-21,589200.SH,科创200ETF工银,20250808,上证科创板200指数,上证科创板200指数收益率,工银瑞信基金管理有限公司,中信证券股份有限公司,股票型ETF,规模指数ETF,000699.SH,,,,,,
2025-07-22,589200.SH,科创200ETF工银,20250808,上证科创板200指数,上证科创板200指数收益率,工银瑞信基金管理有限公司,中信证券股份有限公司,股票型ETF,规模指数ETF,000699.SH,,,,,,
2025-07-23,589200.SH,科创200ETF工银,20250808,上证科创板200指数,上证科创板200指数收益率,工银瑞信基金管理有限公司,中信证券股份有限公司,股票型ETF,规模指数ETF,000699.SH,616507000.0,,,,,
2025-07-24,589200.SH,科创200ETF工银,20250808,上证科创板200指数,上证科创板200指数收益率,工银瑞信基金管理有限公司,中信证券股份有限公司,股票型ETF,规模指数ETF,000699.SH,616507000.0,,,,,
2025-07-25,589200.SH,科创200ETF工银,20250808,上证科创板200指数,上证科创板200指数收益率,工银瑞信基金管理有限公司,中信证券股份有限公司,股票型ETF,规模指数ETF,000699.SH,616507000.0,,,,,
2025-07-28,589200.SH,科创200ETF工银,20250808,上证科创板200指数,上证科创板200指数收益率,工银瑞信基金管理有限公司,中信证券股份有限公司,股票型ETF,规模指数ETF,000699.SH,616507000.0,,,,,
2025-07-29,589200.SH,科创200ETF工银,20250808,上证科创板200指数,上证科创板200指数收益率,工银瑞信基金管理有限公司,中信证券股份有限公司,股票型ETF,规模指数ETF,000699.SH,616507000.0,,,,,
2025-07-30,589200.SH,科创200ETF工银,20250808,上证科创板200指数,上证科创板200指数收益率,工银瑞信基金管理有限公司,中信证券股份有限公司,股票型ETF,规模指数ETF,000699.SH,616507000.0,,,,,
2025-07-31,589200.SH,科创200ETF工银,20250808,上证科创板200指数,上证科创板200指数收益率,工银瑞信基金管理有限公司,中信证券股份有限公司,股票型ETF,规模指数ETF,000699.SH,616507000.0,,,,,
2025-08-01,589200.SH,科创200ETF工银,20250808,上证科创板200指数,上证科创板200指数收益率,工银瑞信基金管理有限公司,中信证券股份有限公司,股票型ETF,规模指数ETF,000699.SH,616507000.0,,,,,
2025-08-04,589200.SH,科创200ETF工银,20250808,上证科创板200指数,上证科创板200指数收益率,工银瑞信基金管理有限公司,中信证券股份有限公司,股票型ETF,规模指数ETF,000699.SH,616507000.0,,,,,
2025-08-05,589200.SH,科创200ETF工银,20250808,上证科创板200指数,上证科创板200指数收益率,工银瑞信基金管理有限公司,中信证券股份有限公司,股票型ETF,规模指数ETF,000699.SH,616507000.0,,,,,
2025-08-06,589200.SH,科创200ETF工银,20250808,上证科创板200指数,上证科创板200指数收益率,工银瑞信基金管理有限公司,中信证券股份有限公司,股票型ETF,规模指数ETF,000699.SH,616507000.0,,,,,
2025-08-07,589200.SH,科创200ETF工银,20250808,上证科创板200指数,上证科创板200指数收益率,工银瑞信基金管理有限公司,中信证券股份有限公司,股票型ETF,规模指数ETF,000699.SH,633645894.6,,,,,
2025-08-08,589200.SH,科创200ETF工银,20250808,上证科创板200指数,上证科创板200指数收益率,工银瑞信基金管理有限公司,中信证券股份有限公司,股票型ETF,规模指数ETF,000699.SH,507599013.4,195054700,198630181,1.014,1.0183306580154,-0.216492816
2025-08-11,589200.SH,科创200ETF工银,20250808,上证科创板200指数,上证科创板200指数收益率,工银瑞信基金管理有限公司,中信证券股份有限公司,股票型ETF,规模指数ETF,000699.SH,425518723.7,182894700,188344535,1.038,1.0297976649952,-0.105860841
2025-08-12,589200.SH,科创200ETF工银,20250808,上证科创板200指数,上证科创板200指数收益率,工银瑞信基金管理有限公司,中信证券股份有限公司,股票型ETF,规模指数ETF,000699.SH,332223378.6,45816300,47250298,1.037,1.0312988608858,-0.269282554
2025-08-13,589200.SH,科创200ETF工银,20250808,上证科创板200指数,上证科创板200指数收益率,工银瑞信基金管理有限公司,中信证券股份有限公司,股票型ETF,规模指数ETF,000699.SH,276686363.4,82816200,87119096,1.063,1.0519571774604,-0.300131307
2025-08-14,589200.SH,科创200ETF工银,20250808,上证科创板200指数,上证科创板200指数收益率,工银瑞信基金管理有限公司,中信证券股份有限公司,股票型ETF,规模指数ETF,000699.SH,248548144.7,42743700,45076132,1.044,1.054567854444,0.182324153
2025-08-15,589200.SH,科创200ETF工银,20250808,上证科创板200指数,上证科创板200指数收益率,工银瑞信基金管理有限公司,中信证券股份有限公司,股票型ETF,规模指数ETF,000699.SH,232667237.9,56690500,60081255,1.065,1.0598116968452,-0.439375526
2025-08-18,589200.SH,科创200ETF工银,20250808,上证科创板200指数,上证科创板200指数收益率,工银瑞信基金管理有限公司,中信证券股份有限公司,股票型ETF,规模指数ETF,000699.SH,220973953.2,41145400,45160732,1.11,1.0975888434673,0.216684724
2025-08-19,589200.SH,科创200ETF工银,20250808,上证科创板200指数,上证科创板200指数收益率,工银瑞信基金管理有限公司,中信证券股份有限公司,股票型ETF,规模指数ETF,000699.SH,217258139.2,37714300,41718324,1.109,1.1061672628154,0.307525326
2025-08-20,589200.SH,科创200ETF工银,20250808,上证科创板200指数,上证科创板200指数收益率,工银瑞信基金管理有限公司,中信证券股份有限公司,股票型ETF,规模指数ETF,000699.SH,227434596.9,39337800,42927596,1.106,1.0912556370717,-0.063251107
2025-08-21,589200.SH,科创200ETF工银,20250808,上证科创板200指数,上证科创板200指数收益率,工银瑞信基金管理有限公司,中信证券股份有限公司,股票型ETF,规模指数ETF,000699.SH,198223794.7,41640800,45749882,1.092,1.0986792280648,-0.009156671
2025-08-22,589200.SH,科创200ETF工银,20250808,上证科创板200指数,上证科创板200指数收益率,工银瑞信基金管理有限公司,中信证券股份有限公司,股票型ETF,规模指数ETF,000699.SH,193552854.0,31712800,35290134,1.12,1.1128041043364,-0.178253119
2025-08-25,589200.SH,科创200ETF工银,20250808,上证科创板200指数,上证科创板200指数收益率,工银瑞信基金管理有限公司,中信证券股份有限公司,股票型ETF,规模指数ETF,000699.SH,196813236.3,25168800,28670378,1.143,1.1391237563968,0.184065212
2025-08-26,589200.SH,科创200ETF工银,20250808,上证科创板200指数,上证科创板200指数收益率,工银瑞信基金管理有限公司,中信证券股份有限公司,股票型ETF,规模指数ETF,000699.SH,191136093.2,11746700,13300231,1.128,1.132252547524,0.035473572
2025-08-27,589200.SH,科创200ETF工银,20250808,上证科创板200指数,上证科创板200指数收益率,工银瑞信基金管理有限公司,中信证券股份有限公司,股票型ETF,规模指数ETF,000699.SH,178259074.2,29692600,33695327,1.113,1.1348055407745,0.216099406
2025-08-28,589200.SH,科创200ETF工银,20250808,上证科创板200指数,上证科创板200指数收益率,工银瑞信基金管理有限公司,中信证券股份有限公司,股票型ETF,规模指数ETF,000699.SH,179589481.4,27448100,30614734,1.137,1.1153680582627,-0.280652517
2025-08-29,589200.SH,科创200ETF工银,20250808,上证科创板200指数,上证科创板200指数收益率,工银瑞信基金管理有限公司,中信证券股份有限公司,股票型ETF,规模指数ETF,000699.SH,176230684.2,18745200,21208107,1.134,1.1313886755009,-0.57864282
2025-09-01,589200.SH,科创200ETF工银,20250808,上证科创板200指数,上证科创板200指数收益率,工银瑞信基金管理有限公司,中信证券股份有限公司,股票型ETF,规模指数ETF,000699.SH,168220642.7,18366500,21140340,1.15,1.1510271418071,-0.527636018
2025-09-02,589200.SH,科创200ETF工银,20250808,上证科创板200指数,上证科创板200指数收益率,工银瑞信基金管理有限公司,中信证券股份有限公司,股票型ETF,规模指数ETF,000699.SH,168203071.4,34738300,38846270,1.112,1.118254779307,0.162132949
2025-09-03,589200.SH,科创200ETF工银,20250808,上证科创板200指数,上证科创板200指数收益率,工银瑞信基金管理有限公司,中信证券股份有限公司,股票型ETF,规模指数ETF,000699.SH,157698246.2,26534300,29584401,1.104,1.1149493674225,-0.234953913
2025-09-04,589200.SH,科创200ETF工银,20250808,上证科创板200指数,上证科创板200指数收益率,工银瑞信基金管理有限公司,中信证券股份有限公司,股票型ETF,规模指数ETF,000699.SH,140876586.4,27093100,29215285,1.06,1.0783293532302,0.454890068
2025-09-05,589200.SH,科创200ETF工银,20250808,上证科创板200指数,上证科创板200指数收益率,工银瑞信基金管理有限公司,中信证券股份有限公司,股票型ETF,规模指数ETF,000699.SH,143166179.0,10275000,11053292,1.09,1.0757461800487,-0.63810392
2025-09-08,589200.SH,科创200ETF工银,20250808,上证科创板200指数,上证科创板200指数收益率,工银瑞信基金管理有限公司,中信证券股份有限公司,股票型ETF,规模指数ETF,000699.SH,137480629.4,9878400,10785633,1.104,1.0918400753158,-0.018112661
2025-09-09,589200.SH,科创200ETF工银,20250808,上证科创板200指数,上证科创板200指数收益率,工银瑞信基金管理有限公司,中信证券股份有限公司,股票型ETF,规模指数ETF,000699.SH,133446602.6,6022800,6515419,1.072,1.0817923557149,0.018660198
2025-09-10,589200.SH,科创200ETF工银,20250808,上证科创板200指数,上证科创板200指数收益率,工银瑞信基金管理有限公司,中信证券股份有限公司,股票型ETF,规模指数ETF,000699.SH,134193644.6,5430400,5863640,1.077,1.0797804949912,-0.074225274
2025-09-11,589200.SH,科创200ETF工银,20250808,上证科创板200指数,上证科创板200指数收益率,工银瑞信基金管理有限公司,中信证券股份有限公司,股票型ETF,规模指数ETF,000699.SH,128952014.8,14348000,15825652,1.115,1.102986618344,-0.125403081
2025-09-12,589200.SH,科创200ETF工银,20250808,上证科创板200指数,上证科创板200指数收益率,工银瑞信基金管理有限公司,中信证券股份有限公司,股票型ETF,规模指数ETF,000699.SH,126244104.7,8216800,9200712,1.122,1.1197439392464,-0.008911862
2025-09-15,589200.SH,科创200ETF工银,20250808,上证科创板200指数,上证科创板200指数收益率,工银瑞信基金管理有限公司,中信证券股份有限公司,股票型ETF,规模指数ETF,000699.SH,118808558.5,9757000,10916341,1.114,1.1188214615148,-0.134468848
2025-09-16,589200.SH,科创200ETF工银,20250808,上证科创板200指数,上证科创板200指数收益率,工银瑞信基金管理有限公司,中信证券股份有限公司,股票型ETF,规模指数ETF,000699.SH,120012087.6,7336000,8213588,1.125,1.1196275899673,-0.159744409
2025-09-17,589200.SH,科创200ETF工银,20250808,上证科创板200指数,上证科创板200指数收益率,工银瑞信基金管理有限公司,中信证券股份有限公司,股票型ETF,规模指数ETF,000699.SH,114306611.1,12058200,13648538,1.135,1.1318885074057,-0.20223336
2025-09-18,589200.SH,科创200ETF工银,20250808,上证科创板200指数,上证科创板200指数收益率,工银瑞信基金管理有限公司,中信证券股份有限公司,股票型ETF,规模指数ETF,000699.SH,104226473.0,19811100,22815599,1.146,1.1516573537058,0.614574188
2025-09-19,589200.SH,科创200ETF工银,20250808,上证科创板200指数,上证科创板200指数收益率,工银瑞信基金管理有限公司,中信证券股份有限公司,股票型ETF,规模指数ETF,000699.SH,103622526.8,10062400,11487436,1.129,1.1416198918747,-0.300247262
2025-09-22,589200.SH,科创200ETF工银,20250808,上证科创板200指数,上证科创板200指数收益率,工银瑞信基金管理有限公司,中信证券股份有限公司,股票型ETF,规模指数ETF,000699.SH,94833545.8,17408700,19888951,1.146,1.1424719249571,-0.295806508
2025-09-23,589200.SH,科创200ETF工银,20250808,上证科创板200指数,上证科创板200指数收益率,工银瑞信基金管理有限公司,中信证券股份有限公司,股票型ETF,规模指数ETF,000699.SH,87187377.2,16982500,19081710,1.132,1.1236101869572,-0.666900667
2025-09-24,589200.SH,科创200ETF工银,20250808,上证科创板200指数,上证科创板200指数收益率,工银瑞信基金管理有限公司,中信证券股份有限公司,股票型ETF,规模指数ETF,000699.SH,89421381.6,5806600,6726531,1.167,1.1584285123825,-0.154004107
2025-09-25,589200.SH,科创200ETF工银,20250808,上证科创板200指数,上证科创板200指数收益率,工银瑞信基金管理有限公司,中信证券股份有限公司,股票型ETF,规模指数ETF,000699.SH,85709162.0,5547400,6485828,1.172,1.1691653747702,0.51457976
2025-09-26,589200.SH,科创200ETF工银,20250808,上证科创板200指数,上证科创板200指数收益率,工银瑞信基金管理有限公司,中信证券股份有限公司,股票型ETF,规模指数ETF,000699.SH,83680368.8,5715400,6571258,1.144,1.1497459495398,0.491918482
2025-09-29,589200.SH,科创200ETF工银,20250808,上证科创板200指数,上证科创板200指数收益率,工银瑞信基金管理有限公司,中信证券股份有限公司,股票型ETF,规模指数ETF,000699.SH,84702116.1,3047600,3488249,1.15,1.1445888568054,-0.199600798
2025-09-30,589200.SH,科创200ETF工银,20250808,上证科创板200指数,上证科创板200指数收益率,工银瑞信基金管理有限公司,中信证券股份有限公司,股票型ETF,规模指数ETF,000699.SH,86098749.1,3035900,3551887,1.17,1.1699617905728,-0.110987791
2025-10-09,589200.SH,科创200ETF工银,20250808,上证科创板200指数,上证科创板200指数收益率,工银瑞信基金管理有限公司,中信证券股份有限公司,股票型ETF,规模指数ETF,000699.SH,86569193.9,4601500,5453440,1.177,1.1851439747908,-0.059437887
2025-10-10,589200.SH,科创200ETF工银,20250808,上证科创板200指数,上证科创板200指数收益率,工银瑞信基金管理有限公司,中信证券股份有限公司,股票型ETF,规模指数ETF,000699.SH,83496601.3,9822900,11265248,1.139,1.1468352523186,0.272911348
2025-10-13,589200.SH,科创200ETF工银,20250808,上证科创板200指数,上证科创板200指数收益率,工银瑞信基金管理有限公司,中信证券股份有限公司,股票型ETF,规模指数ETF,000699.SH,80533095.4,5142200,5772237,1.152,1.122522850142,0.857993346
2025-10-14,589200.SH,科创200ETF工银,20250808,上证科创板200指数,上证科创板200指数收益率,工银瑞信基金管理有限公司,中信证券股份有限公司,股票型ETF,规模指数ETF,000699.SH,77585902.8,12420700,14004232,1.106,1.127491365221,0.508905852
2025-10-15,589200.SH,科创200ETF工银,20250808,上证科创板200指数,上证科创板200指数收益率,工银瑞信基金管理有限公司,中信证券股份有限公司,股票型ETF,规模指数ETF,000699.SH,75648344.2,5381600,5964224,1.119,1.108262226847,-0.142780653
2025-10-16,589200.SH,科创200ETF工银,20250808,上证科创板200指数,上证科创板200指数收益率,工银瑞信基金管理有限公司,中信证券股份有限公司,股票型ETF,规模指数ETF,000699.SH,74777503.9,5514900,6158556,1.107,1.1167121797313,-0.063194006
2025-10-17,589200.SH,科创200ETF工银,20250808,上证科创板200指数,上证科创板200指数收益率,工银瑞信基金管理有限公司,中信证券股份有限公司,股票型ETF,规模指数ETF,000699.SH,71496663.7,5420400,5870173,1.062,1.0829778245148,0.273817392
2025-10-20,589200.SH,科创200ETF工银,20250808,上证科创板200指数,上证科创板200指数收益率,工银瑞信基金管理有限公司,中信证券股份有限公司,股票型ETF,规模指数ETF,000699.SH,72570025.0,3499900,3771774,1.075,1.0776805051573,0
2025-10-21,589200.SH,科创200ETF工银,20250808,上证科创板200指数,上证科创板200指数收益率,工银瑞信基金管理有限公司,中信证券股份有限公司,股票型ETF,规模指数ETF,000699.SH,74466971.7,5197100,5695537,1.101,1.0959067556907,-0.190372586
2025-10-22,589200.SH,科创200ETF工银,20250808,上证科创板200指数,上证科创板200指数收益率,工银瑞信基金管理有限公司,中信证券股份有限公司,股票型ETF,规模指数ETF,000699.SH,74136187.4,5065600,5561785,1.097,1.0979518714466,-0.109269714
2025-10-23,589200.SH,科创200ETF工银,20250808,上证科创板200指数,上证科创板200指数收益率,工银瑞信基金管理有限公司,中信证券股份有限公司,股票型ETF,规模指数ETF,000699.SH,73494870.9,3274000,3534591,1.09,1.0795940745266,0.119408469
2025-10-24,589200.SH,科创200ETF工银,20250808,上证科创板200指数,上证科创板200指数收益率,工银瑞信基金管理有限公司,中信证券股份有限公司,股票型ETF,规模指数ETF,000699.SH,75938624.3,5131700,5727765,1.125,1.1161535163786,0.008889679
2025-10-27,589200.SH,科创200ETF工银,20250808,上证科创板200指数,上证科创板200指数收益率,工银瑞信基金管理有限公司,中信证券股份有限公司,股票型ETF,规模指数ETF,000699.SH,77133498.2,4576200,5222769,1.142,1.1412894978366,-0.052511815
2025-10-28,589200.SH,科创200ETF工银,20250808,上证科创板200指数,上证科创板200指数收益率,工银瑞信基金管理有限公司,中信证券股份有限公司,股票型ETF,规模指数ETF,000699.SH,73441219.5,6425900,7327580,1.137,1.1403196439409,-0.131752306
2025-10-29,589200.SH,科创200ETF工银,20250808,上证科创板200指数,上证科创板200指数收益率,工银瑞信基金管理有限公司,中信证券股份有限公司,股票型ETF,规模指数ETF,000699.SH,73950824.8,5927700,6756753,1.144,1.1398608229161,-0.209351012
2025-10-30,589200.SH,科创200ETF工银,20250808,上证科创板200指数,上证科创板200指数收益率,工银瑞信基金管理有限公司,中信证券股份有限公司,股票型ETF,规模指数ETF,000699.SH,72583276.4,4453000,5052118,1.125,1.1345425555805,-0.017774618
2025-10-31,589200.SH,科创200ETF工银,20250808,上证科创板200指数,上证科创板200指数收益率,工银瑞信基金管理有限公司,中信证券股份有限公司,股票型ETF,规模指数ETF,000699.SH,72660684.8,3324500,3748689,1.125,1.1275948262897,-0.124289773
2025-11-03,589200.SH,科创200ETF工银,20250808,上证科创板200指数,上证科创板200指数收益率,工银瑞信基金管理有限公司,中信证券股份有限公司,股票型ETF,规模指数ETF,000699.SH,69047758.2,2899500,3212956,1.122,1.1081069149853,-0.053447354
2025-11-04,589200.SH,科创200ETF工银,20250808,上证科创板200指数,上证科创板200指数收益率,工银瑞信基金管理有限公司,中信证券股份有限公司,股票型ETF,规模指数ETF,000699.SH,67553138.1,3835500,4235966,1.098,1.1044103767436,-0.027314941
2025-11-05,589200.SH,科创200ETF工银,20250808,上证科创板200指数,上证科创板200指数收益率,工银瑞信基金管理有限公司,中信证券股份有限公司,股票型ETF,规模指数ETF,000699.SH,67497781.8,5160100,5603529,1.096,1.085934187322,-0.127574266
2025-11-06,589200.SH,科创200ETF工银,20250808,上证科创板200指数,上证科创板200指数收益率,工银瑞信基金管理有限公司,中信证券股份有限公司,股票型ETF,规模指数ETF,000699.SH,68617209.2,3822000,4229184,1.114,1.1065368916797,-0.143420581
2025-11-07,589200.SH,科创200ETF工银,20250808,上证科创板200指数,上证科创板200指数收益率,工银瑞信基金管理有限公司,中信证券股份有限公司,股票型ETF,规模指数ETF,000699.SH,68235865.8,4160900,4611294,1.11,1.1082443702084,0.054083288
2025-11-10,589200.SH,科创200ETF工银,20250808,上证科创板200指数,上证科创板200指数收益率,工银瑞信基金管理有限公司,中信证券股份有限公司,股票型ETF,规模指数ETF,000699.SH,68654113.4,3150100,3493952,1.114,1.1091558998127,-0.197097294
2025-11-11,589200.SH,科创200ETF工银,20250808,上证科创板200指数,上证科创板200指数收益率,工银瑞信基金管理有限公司,中信证券股份有限公司,股票型ETF,规模指数ETF,000699.SH,68260468.6,4240100,4726208,1.108,1.1146454093064,-0.162191386
2025-11-12,589200.SH,科创200ETF工银,20250808,上证科创板200指数,上证科创板200指数收益率,工银瑞信基金管理有限公司,中信证券股份有限公司,股票型ETF,规模指数ETF,000699.SH,68020591.3,3959900,4359073,1.104,1.100803808177,-0.171805769
2025-11-13,589200.SH,科创200ETF工银,20250808,上证科创板200指数,上证科创板200指数收益率,工银瑞信基金管理有限公司,中信证券股份有限公司,股票型ETF,规模指数ETF,000699.SH,68986251.2,5970400,6690957,1.121,1.1206882285944,-0.053495007
2025-11-14,589200.SH,科创200ETF工银,20250808,上证科创板200指数,上证科创板200指数收益率,工银瑞信基金管理有限公司,中信证券股份有限公司,股票型ETF,规模指数ETF,000699.SH,67694604.2,3178800,3519066,1.103,1.1070422801057,0.218062875
2025-11-17,589200.SH,科创200ETF工银,20250808,上证科创板200指数,上证科创板200指数收益率,工银瑞信基金管理有限公司,中信证券股份有限公司,股票型ETF,规模指数ETF,000699.SH,67872974.5,2097000,2316570,1.102,1.1047067238913,-0.135931128
2025-11-18,589200.SH,科创200ETF工银,20250808,上证科创板200指数,上证科创板200指数收益率,工银瑞信基金管理有限公司,中信证券股份有限公司,股票型ETF,规模指数ETF,000699.SH,67380918.5,5513900,6057988,1.096,1.0986757104772,0.04564126
2025-11-19,589200.SH,科创200ETF工银,20250808,上证科创板200指数,上证科创板200指数收益率,工银瑞信基金管理有限公司,中信证券股份有限公司,股票型ETF,规模指数ETF,000699.SH,63070546.0,4173100,4542270,1.079,1.0884642112578,0.092764378
2025-11-20,589200.SH,科创200ETF工银,20250808,上证科创板200指数,上证科创板200指数收益率,工银瑞信基金管理有限公司,中信证券股份有限公司,股票型ETF,规模指数ETF,000699.SH,62608340.7,4147200,4451608,1.07,1.0734008487654,-0.009344921
2025-11-21,589200.SH,科创200ETF工银,20250808,上证科创板200指数,上证科创板200指数收益率,工银瑞信基金管理有限公司,中信证券股份有限公司,股票型ETF,规模指数ETF,000699.SH,59794154.0,6162900,6408065,1.026,1.03978078502,0.391389432
2025-11-24,589200.SH,科创200ETF工银,20250808,上证科创板200指数,上证科创板200指数收益率,工银瑞信基金管理有限公司,中信证券股份有限公司,股票型ETF,规模指数ETF,000699.SH,61578617.5,5928600,6172983,1.052,1.0412210302601,-0.047505938
2025-11-25,589200.SH,科创200ETF工银,20250808,上证科创板200指数,上证科创板200指数收益率,工银瑞信基金管理有限公司,中信证券股份有限公司,股票型ETF,规模指数ETF,000699.SH,63129053.0,3534800,3828259,1.079,1.0830199728415,0
2025-11-26,589200.SH,科创200ETF工银,20250808,上证科创板200指数,上证科创板200指数收益率,工银瑞信基金管理有限公司,中信证券股份有限公司,股票型ETF,规模指数ETF,000699.SH,63164157.2,5681700,6180036,1.077,1.0877089603464,-0.240829937
2025-11-27,589200.SH,科创200ETF工银,20250808,上证科创板200指数,上证科创板200指数收益率,工银瑞信基金管理有限公司,中信证券股份有限公司,股票型ETF,规模指数ETF,000699.SH,63462542.9,4199100,4579539,1.082,1.090600128599,-0.248916751
2025-11-28,589200.SH,科创200ETF工银,20250808,上证科创板200指数,上证科创板200指数收益率,工银瑞信基金管理有限公司,中信证券股份有限公司,股票型ETF,规模指数ETF,000699.SH,60941135.3,5656100,6167114,1.095,1.0903474125281,-0.264140632
2025-12-01,589200.SH,科创200ETF工银,20250808,上证科创板200指数,上证科创板200指数收益率,工银瑞信基金管理有限公司,中信证券股份有限公司,股票型ETF,规模指数ETF,000699.SH,60979990.2,6513600,7136677,1.095,1.0956578543355,-0.327689787
2025-12-02,589200.SH,科创200ETF工银,20250808,上证科创板200指数,上证科创板200指数收益率,工银瑞信基金管理有限公司,中信证券股份有限公司,股票型ETF,规模指数ETF,000699.SH,60247297.8,4760800,5164285,1.084,1.0847515123509,-0.128984706
2025-12-03,589200.SH,科创200ETF工银,20250808,上证科创板200指数,上证科创板200指数收益率,工银瑞信基金管理有限公司,中信证券股份有限公司,股票型ETF,规模指数ETF,000699.SH,56366264.5,3167000,3402277,1.073,1.0742901799811,-0.046576619
2025-12-04,589200.SH,科创200ETF工银,20250808,上证科创板200指数,上证科创板200指数收益率,工银瑞信基金管理有限公司,中信证券股份有限公司,股票型ETF,规模指数ETF,000699.SH,56550039.0,3144000,3373902,1.077,1.0731240458015,0
2025-12-05,589200.SH,科创200ETF工银,20250808,上证科创板200指数,上证科创板200指数收益率,工银瑞信基金管理有限公司,中信证券股份有限公司,股票型ETF,规模指数ETF,000699.SH,57647435.3,3522600,3819280,1.097,1.0842218815648,-0.081974679
2025-12-08,589200.SH,科创200ETF工银,20250808,上证科创板200指数,上证科创板200指数收益率,工银瑞信基金管理有限公司,中信证券股份有限公司,股票型ETF,规模指数ETF,000699.SH,59243648.1,8659400,9735952,1.13,1.1243217774904,0.150669148
2025-12-09,589200.SH,科创200ETF工银,20250808,上证科创板200指数,上证科创板200指数收益率,工银瑞信基金管理有限公司,中信证券股份有限公司,股票型ETF,规模指数ETF,000699.SH,55918156.5,3161100,3586283,1.13,1.1345047610009,0.044267375
2025-12-10,589200.SH,科创200ETF工银,20250808,上证科创板200指数,上证科创板200指数收益率,工银瑞信基金管理有限公司,中信证券股份有限公司,股票型ETF,规模指数ETF,000699.SH,59532436.6,3983700,4496450,1.133,1.1287120014057,-0.070559182
2025-12-11,589200.SH,科创200ETF工银,20250808,上证科创板200指数,上证科创板200指数收益率,工银瑞信基金管理有限公司,中信证券股份有限公司,股票型ETF,规模指数ETF,000699.SH,55541903.3,5070700,5736510,1.123,1.1313053424576,0.098047954
2025-12-12,589200.SH,科创200ETF工银,20250808,上证科创板200指数,上证科创板200指数收益率,工银瑞信基金管理有限公司,中信证券股份有限公司,股票型ETF,规模指数ETF,000699.SH,56794430.4,5420800,6131455,1.146,1.1310978084416,-0.10460251
2025-12-15,589200.SH,科创200ETF工银,20250808,上证科创板200指数,上证科创板200指数收益率,工银瑞信基金管理有限公司,中信证券股份有限公司,股票型ETF,规模指数ETF,000699.SH,55898353.7,4998700,5680317,1.132,1.1363588533019,0.256841732
2025-12-16,589200.SH,科创200ETF工银,20250808,上证科创板200指数,上证科创板200指数收益率,工银瑞信基金管理有限公司,中信证券股份有限公司,股票型ETF,规模指数ETF,000699.SH,54729988.5,5395200,5965258,1.105,1.1056602164887,-0.045228403
2025-12-17,589200.SH,科创200ETF工银,20250808,上证科创板200指数,上证科创板200指数收益率,工银瑞信基金管理有限公司,中信证券股份有限公司,股票型ETF,规模指数ETF,000699.SH,55853797.4,5884200,6544087,1.126,1.112145576289,-0.195000886
2025-12-18,589200.SH,科创200ETF工银,20250808,上证科创板200指数,上证科创板200指数收益率,工银瑞信基金管理有限公司,中信证券股份有限公司,股票型ETF,规模指数ETF,000699.SH,55517149.8,4168300,4709032,1.121,1.1297248278675,-0.035669699
2025-12-19,589200.SH,科创200ETF工银,20250808,上证科创板200指数,上证科创板200指数收益率,工银瑞信基金管理有限公司,中信证券股份有限公司,股票型ETF,规模指数ETF,000699.SH,52115744.2,6044500,6799759,1.119,1.1249497890644,-0.142780653
2025-12-22,589200.SH,科创200ETF工银,20250808,上证科创板200指数,上证科创板200指数收益率,工银瑞信基金管理有限公司,中信证券股份有限公司,股票型ETF,规模指数ETF,000699.SH,53087740.5,4502500,5137857,1.14,1.1411120488617,-0.131406045
2025-12-23,589200.SH,科创200ETF工银,20250808,上证科创板200指数,上证科创板200指数收益率,工银瑞信基金管理有限公司,中信证券股份有限公司,股票型ETF,规模指数ETF,000699.SH,53027281.4,5964100,6800116,1.139,1.140174712027,-0.105244694
2025-12-24,589200.SH,科创200ETF工银,20250808,上证科创板200指数,上证科创板200指数收益率,工银瑞信基金管理有限公司,中信证券股份有限公司,股票型ETF,规模指数ETF,000699.SH,50529029.8,3294600,3800991,1.158,1.1537033327263,-0.292750129
2025-12-25,589200.SH,科创200ETF工银,20250808,上证科创板200指数,上证科创板200指数收益率,工银瑞信基金管理有限公司,中信证券股份有限公司,股票型ETF,规模指数ETF,000699.SH,51455728.9,2842500,3336993,1.183,1.173964116095,0.025365689
2025-12-26,589200.SH,科创200ETF工银,20250808,上证科创板200指数,上证科创板200指数收益率,工银瑞信基金管理有限公司,中信证券股份有限公司,股票型ETF,规模指数ETF,000699.SH,54645725.0,4098600,4817563,1.175,1.1754167276631,0
2025-12-29,589200.SH,科创200ETF工银,20250808,上证科创板200指数,上证科创板200指数收益率,工银瑞信基金管理有限公司,中信证券股份有限公司,股票型ETF,规模指数ETF,000699.SH,54752691.1,4958700,5842856,1.176,1.1783039909654,-0.110422152
2025-12-30,589200.SH,科创200ETF工银,20250808,上证科创板200指数,上证科创板200指数收益率,工银瑞信基金管理有限公司,中信证券股份有限公司,股票型ETF,规模指数ETF,000699.SH,54534108.2,5960400,7003829,1.173,1.175060230857,0.034112229
2025-12-31,589200.SH,科创200ETF工银,20250808,上证科创板200指数,上证科创板200指数收益率,工银瑞信基金管理有限公司,中信证券股份有限公司,股票型ETF,规模指数ETF,000699.SH,50864033.7,2474300,2889482,1.168,1.1677977609829,-0.094089471
2026-01-05,589200.SH,科创200ETF工银,20250808,上证科创板200指数,上证科创板200指数收益率,工银瑞信基金管理有限公司,中信证券股份有限公司,股票型ETF,规模指数ETF,000699.SH,52847952.9,6560800,7897693,1.215,1.2037698146567,0.024697456
2026-01-06,589200.SH,科创200ETF工银,20250808,上证科创板200指数,上证科创板200指数收益率,工银瑞信基金管理有限公司,中信证券股份有限公司,股票型ETF,规模指数ETF,000699.SH,53561467.7,4362700,5335480,1.232,1.2229765970615,0.073105353
2026-01-07,589200.SH,科创200ETF工银,20250808,上证科创板200指数,上证科创板200指数收益率,工银瑞信基金管理有限公司,中信证券股份有限公司,股票型ETF,规模指数ETF,000699.SH,54740507.4,6378300,7941637,1.259,1.2451024567675,0.063582896
2026-01-08,589200.SH,科创200ETF工银,20250808,上证科创板200指数,上证科创板200指数收益率,工银瑞信基金管理有限公司,中信证券股份有限公司,股票型ETF,规模指数ETF,000699.SH,51719337.6,5783900,7344358,1.276,1.2697933920019,-0.062656642
2026-01-09,589200.SH,科创200ETF工银,20250808,上证科创板200指数,上证科创板200指数收益率,工银瑞信基金管理有限公司,中信证券股份有限公司,股票型ETF,规模指数ETF,000699.SH,53363921.8,6581400,8560982,1.321,1.3007843316012,0.273265523
2026-01-12,589200.SH,科创200ETF工银,20250808,上证科创板200指数,上证科创板200指数收益率,工银瑞信基金管理有限公司,中信证券股份有限公司,股票型ETF,规模指数ETF,000699.SH,63123951.1,10953100,14683894,1.393,1.3406153509052,2.630221764
2026-01-13,589200.SH,科创200ETF工银,20250808,上证科创板200指数,上证科创板200指数收益率,工银瑞信基金管理有限公司,中信证券股份有限公司,股票型ETF,规模指数ETF,000699.SH,61477603.3,4883900,6521959,1.333,1.3353997829603,0.839700431
2026-01-14,589200.SH,科创200ETF工银,20250808,上证科创板200指数,上证科创板200指数收益率,工银瑞信基金管理有限公司,中信证券股份有限公司,股票型ETF,规模指数ETF,000699.SH,62426346.1,8596900,11587692,1.336,1.3478919145273,-0.469343664
2026-01-15,589200.SH,科创200ETF工银,20250808,上证科创板200指数,上证科创板200指数收益率,工银瑞信基金管理有限公司,中信证券股份有限公司,股票型ETF,规模指数ETF,000699.SH,62068242.2,4328600,5718897,1.328,1.3211886060158,-0.494530196
2026-01-16,589200.SH,科创200ETF工银,20250808,上证科创板200指数,上证科创板200指数收益率,工银瑞信基金管理有限公司,中信证券股份有限公司,股票型ETF,规模指数ETF,000699.SH,63207663.7,3224300,4340634,1.356,1.3462252271811,-0.22809212
2026-01-19,589200.SH,科创200ETF工银,20250808,上证科创板200指数,上证科创板200指数收益率,工银瑞信基金管理有限公司,中信证券股份有限公司,股票型ETF,规模指数ETF,000699.SH,59143415.8,8462400,11480961,1.357,1.3567027084515,-0.176548477
2026-01-20,589200.SH,科创200ETF工银,20250808,上证科创板200指数,上证科创板200指数收益率,工银瑞信基金管理有限公司,中信证券股份有限公司,股票型ETF,规模指数ETF,000699.SH,58173209.7,8168800,10961357,1.335,1.3418564538243,-0.157056316
2026-01-21,589200.SH,科创200ETF工银,20250808,上证科创板200指数,上证科创板200指数收益率,工银瑞信基金管理有限公司,中信证券股份有限公司,股票型ETF,规模指数ETF,000699.SH,59252183.3,5543400,7505500,1.358,1.3539524479561,-0.286364638
2026-01-22,589200.SH,科创200ETF工银,20250808,上证科创板200指数,上证科创板200指数收益率,工银瑞信基金管理有限公司,中信证券股份有限公司,股票型ETF,规模指数ETF,000699.SH,55490539.3,9350000,12729255,1.368,1.3614176470588,-0.138696255
2026-01-23,589200.SH,科创200ETF工银,20250808,上证科创板200指数,上证科创板200指数收益率,工银瑞信基金管理有限公司,中信证券股份有限公司,股票型ETF,规模指数ETF,000699.SH,52686082.9,5630600,7806091,1.41,1.386369303449,0.377304763
2026-01-26,589200.SH,科创200ETF工银,20250808,上证科创板200指数,上证科创板200指数收益率,工银瑞信基金管理有限公司,中信证券股份有限公司,股票型ETF,规模指数ETF,000699.SH,55470285.8,3669500,5064593,1.372,1.3801861289004,0.189864174
2026-01-27,589200.SH,科创200ETF工银,20250808,上证科创板200指数,上证科创板200指数收益率,工银瑞信基金管理有限公司,中信证券股份有限公司,股票型ETF,规模指数ETF,000699.SH,56568025.5,4578100,6204104,1.396,1.3551700487102,-0.035803795
2026-01-28,589200.SH,科创200ETF工银,20250808,上证科创板200指数,上证科创板200指数收益率,工银瑞信基金管理有限公司,中信证券股份有限公司,股票型ETF,规模指数ETF,000699.SH,56183209.0,5005600,6993675,1.383,1.3971701694103,-0.288392213
2026-01-29,589200.SH,科创200ETF工银,20250808,上证科创板200指数,上证科创板200指数收益率,工银瑞信基金管理有限公司,中信证券股份有限公司,股票型ETF,规模指数ETF,000699.SH,50499424.8,3999900,5444005,1.345,1.3610352758819,-0.103980986
2026-01-30,589200.SH,科创200ETF工银,20250808,上证科创板200指数,上证科创板200指数收益率,工银瑞信基金管理有限公司,中信证券股份有限公司,股票型ETF,规模指数ETF,000699.SH,55028759.5,9260500,12441764,1.359,1.3435304789158,0.0368053
2026-02-02,589200.SH,科创200ETF工银,20250808,上证科创板200指数,上证科创板200指数收益率,工银瑞信基金管理有限公司,中信证券股份有限公司,股票型ETF,规模指数ETF,000699.SH,52768468.9,5137500,6831301,1.307,1.3296936253041,0.330083672
2026-02-03,589200.SH,科创200ETF工银,20250808,上证科创板200指数,上证科创板200指数收益率,工银瑞信基金管理有限公司,中信证券股份有限公司,股票型ETF,规模指数ETF,000699.SH,55069266.5,7504200,10009300,1.358,1.3338263905546,-0.110334682
2026-02-04,589200.SH,科创200ETF工银,20250808,上证科创板200指数,上证科创板200指数收益率,工银瑞信基金管理有限公司,中信证券股份有限公司,股票型ETF,规模指数ETF,000699.SH,54490016.4,6650800,8904936,1.348,1.3389270463704,0.208147487
2026-02-05,589200.SH,科创200ETF工银,20250808,上证科创板200指数,上证科创板200指数收益率,工银瑞信基金管理有限公司,中信证券股份有限公司,股票型ETF,规模指数ETF,000699.SH,53732535.5,5869700,7757677,1.325,1.3216479547507,-0.113079533
2026-02-06,589200.SH,科创200ETF工银,20250808,上证科创板200指数,上证科创板200指数收益率,工银瑞信基金管理有限公司,中信证券股份有限公司,股票型ETF,规模指数ETF,000699.SH,53376073.9,3635400,4812205,1.319,1.3237071573967,0.09865675
2026-02-09,589200.SH,科创200ETF工银,20250808,上证科创板200指数,上证科创板200指数收益率,工银瑞信基金管理有限公司,中信证券股份有限公司,股票型ETF,规模指数ETF,000699.SH,55049013.0,6650500,9002685,1.358,1.3536854371852,-0.073583517
2026-02-10,589200.SH,科创200ETF工银,20250808,上证科创板200指数,上证科创板200指数收益率,工银瑞信基金管理有限公司,中信证券股份有限公司,股票型ETF,规模指数ETF,000699.SH,54793818.9,5852400,7935228,1.353,1.3558929669879,0.022177866
2026-02-11,589200.SH,科创200ETF工银,20250808,上证科创板200指数,上证科创板200指数收益率,工银瑞信基金管理有限公司,中信证券股份有限公司,股票型ETF,规模指数ETF,000699.SH,54336089.8,5314800,7155091,1.342,1.3462578083841,0.044729387
2026-02-12,589200.SH,科创200ETF工银,20250808,上证科创板200指数,上证科创板200指数收益率,工银瑞信基金管理有限公司,中信证券股份有限公司,股票型ETF,规模指数ETF,000699.SH,55364967.6,5381600,7320974,1.363,1.3603712650513,-0.278021656
2026-02-13,589200.SH,科创200ETF工银,20250808,上证科创板200指数,上证科创板200指数收益率,工银瑞信基金管理有限公司,中信证券股份有限公司,股票型ETF,规模指数ETF,000699.SH,54992303.2,3256000,4455035,1.358,1.368253992629,0.02946376
2026-02-24,589200.SH,科创200ETF工银,20250808,上证科创板200指数,上证科创板200指数收益率,工银瑞信基金管理有限公司,中信证券股份有限公司,股票型ETF,规模指数ETF,000699.SH,50874494.8,2285100,3089142,1.355,1.3518629381646,-0.103214391
2026-02-25,589200.SH,科创200ETF工银,20250808,上证科创板200指数,上证科创板200指数收益率,工银瑞信基金管理有限公司,中信证券股份有限公司,股票型ETF,规模指数ETF,000699.SH,51628385.5,6044600,8283548,1.373,1.3704046587036,-0.254268071
2026-02-26,589200.SH,科创200ETF工银,20250808,上证科创板200指数,上证科创板200指数收益率,工银瑞信基金管理有限公司,中信证券股份有限公司,股票型ETF,规模指数ETF,000699.SH,52566060.5,5651800,7856178,1.401,1.3900311405216,-0.035676061
2026-02-27,589200.SH,科创200ETF工银,20250808,上证科创板200指数,上证科创板200指数收益率,工银瑞信基金管理有限公司,中信证券股份有限公司,股票型ETF,规模指数ETF,000699.SH,52933629.1,4919400,6871434,1.409,1.3968032686913,-0.162970311
2026-03-02,589200.SH,科创200ETF工银,20250808,上证科创板200指数,上证科创板200指数收益率,工银瑞信基金管理有限公司,中信证券股份有限公司,股票型ETF,规模指数ETF,000699.SH,52269755.2,4295700,6016179,1.395,1.4005119072561,0.100459242
2026-03-03,589200.SH,科创200ETF工银,20250808,上证科创板200指数,上证科创板200指数收益率,工银瑞信基金管理有限公司,中信证券股份有限公司,股票型ETF,规模指数ETF,000699.SH,49295450.1,4995500,6715265,1.317,1.3442628365529,0.20543255
2026-03-04,589200.SH,科创200ETF工银,20250808,上证科创板200指数,上证科创板200指数收益率,工银瑞信基金管理有限公司,中信证券股份有限公司,股票型ETF,规模指数ETF,000699.SH,49104164.4,5754300,7581080,1.305,1.3174634621066,-0.320806599
2026-03-05,589200.SH,科创200ETF工银,20250808,上证科创板200指数,上证科创板200指数收益率,工银瑞信基金管理有限公司,中信证券股份有限公司,股票型ETF,规模指数ETF,000699.SH,49846803.0,6783400,9045861,1.328,1.3335290562255,-0.075244545
2026-03-06,589200.SH,科创200ETF工银,20250808,上证科创板200指数,上证科创板200指数收益率,工银瑞信基金管理有限公司,中信证券股份有限公司,股票型ETF,规模指数ETF,000699.SH,50311889.8,5102600,6803044,1.342,1.3332504997452,0.044729387
2026-03-09,589200.SH,科创200ETF工银,20250808,上证科创板200指数,上证科创板200指数收益率,工银瑞信基金管理有限公司,中信证券股份有限公司,股票型ETF,规模指数ETF,000699.SH,49666769.4,4847700,6293765,1.326,1.2982991934319,0.135931128
2026-03-10,589200.SH,科创200ETF工银,20250808,上证科创板200指数,上证科创板200指数收益率,工银瑞信基金管理有限公司,中信证券股份有限公司,股票型ETF,规模指数ETF,000699.SH,47664519.1,5500900,7492404,1.38,1.362032394699,-0.09411424
2026-03-11,589200.SH,科创200ETF工银,20250808,上证科创板200指数,上证科创板200指数收益率,工银瑞信基金管理有限公司,中信证券股份有限公司,股票型ETF,规模指数ETF,000699.SH,47074449.4,3762000,5167661,1.363,1.3736472620946,-0.087963642
2026-03-12,589200.SH,科创200ETF工银,20250808,上证科创板200指数,上证科创板200指数收益率,工银瑞信基金管理有限公司,中信证券股份有限公司,股票型ETF,规模指数ETF,000699.SH,46643111.9,2868800,3871627,1.352,1.3495632320134,0.022194274
2026-03-13,589200.SH,科创200ETF工银,20250808,上证科创板200指数,上证科创板200指数收益率,工银瑞信基金管理有限公司,中信证券股份有限公司,股票型ETF,规模指数ETF,000699.SH,45756282.0,2575500,3440761,1.326,1.335958454669,0
2026-03-16,589200.SH,科创200ETF工银,20250808,上证科创板200指数,上证科创板200指数收益率,工银瑞信基金管理有限公司,中信证券股份有限公司,股票型ETF,规模指数ETF,000699.SH,46125506.9,2391500,3154642,1.335,1.3191060004181,-0.127178873
2026-03-17,589200.SH,科创200ETF工银,20250808,上证科创板200指数,上证科创板200指数收益率,工银瑞信基金管理有限公司,中信证券股份有限公司,股票型ETF,规模指数ETF,000699.SH,48192744.3,2738400,3565988,1.286,1.302215892492,0.085609775
2026-03-18,589200.SH,科创200ETF工银,20250808,上证科创板200指数,上证科创板200指数收益率,工银瑞信基金管理有限公司,中信证券股份有限公司,股票型ETF,规模指数ETF,000699.SH,49280447.3,2701700,3506531,1.315,1.2978979901543,0.083720222
2026-03-19,589200.SH,科创200ETF工银,20250808,上证科创板200指数,上证科创板200指数收益率,工银瑞信基金管理有限公司,中信证券股份有限公司,股票型ETF,规模指数ETF,000699.SH,48136483.8,4088200,5286612,1.282,1.2931392789002,-0.109085242
2026-03-20,589200.SH,科创200ETF工银,20250808,上证科创板200指数,上证科创板200指数收益率,工银瑞信基金管理有限公司,中信证券股份有限公司,股票型ETF,规模指数ETF,000699.SH,47536371.8,4659600,6031604,1.271,1.2944467336252,0.284046079
2026-03-23,589200.SH,科创200ETF工银,20250808,上证科创板200指数,上证科创板200指数收益率,工银瑞信基金管理有限公司,中信证券股份有限公司,股票型ETF,规模指数ETF,000699.SH,44918383.2,3615000,4450417,1.193,1.2310973720609,-0.384101536
2026-03-24,589200.SH,科创200ETF工银,20250808,上证科创板200指数,上证科创板200指数收益率,工银瑞信基金管理有限公司,中信证券股份有限公司,股票型ETF,规模指数ETF,000699.SH,46489926.5,5004900,6050988,1.242,1.2090127674879,0.201694232
2026-03-25,589200.SH,科创200ETF工银,20250808,上证科创板200指数,上证科创板200指数收益率,工银瑞信基金管理有限公司,中信证券股份有限公司,股票型ETF,规模指数ETF,000699.SH,47555125.3,4797700,6080785,1.269,1.267437522146,0.086757631
2026-03-26,589200.SH,科创200ETF工银,20250808,上证科创板200指数,上证科创板200指数收益率,工银瑞信基金管理有限公司,中信证券股份有限公司,股票型ETF,规模指数ETF,000699.SH,46729971.3,4275400,5364819,1.247,1.2548110118351,0.08828959
2026-03-27,589200.SH,科创200ETF工银,20250808,上证科创板200指数,上证科创板200指数收益率,工银瑞信基金管理有限公司,中信证券股份有限公司,股票型ETF,规模指数ETF,000699.SH,47941447.4,4643500,5904803,1.293,1.2716276515559,1.157878266
2026-03-30,589200.SH,科创200ETF工银,20250808,上证科创板200指数,上证科创板200指数收益率,工银瑞信基金管理有限公司,中信证券股份有限公司,股票型ETF,规模指数ETF,000699.SH,47832677.1,5766000,7288473,1.287,1.2640431841831,0.917431193
2026-03-31,589200.SH,科创200ETF工银,20250808,上证科创板200指数,上证科创板200指数收益率,工银瑞信基金管理有限公司,中信证券股份有限公司,股票型ETF,规模指数ETF,000699.SH,46486175.8,5446900,6840546,1.282,1.2558603976574,3.437147007
2026-04-01,589200.SH,科创200ETF工银,20250808,上证科创板200指数,上证科创板200指数收益率,工银瑞信基金管理有限公司,中信证券股份有限公司,股票型ETF,规模指数ETF,000699.SH,52428210.1,7741000,9874858,1.296,1.2756566335099,0.131345129
2026-04-02,589200.SH,科创200ETF工银,20250808,上证科创板200指数,上证科创板200指数收益率,工银瑞信基金管理有限公司,中信证券股份有限公司,股票型ETF,规模指数ETF,000699.SH,47318831.2,4318300,5476892,1.26,1.2682981728921,-0.126823082
2026-04-03,589200.SH,科创200ETF工银,20250808,上证科创板200指数,上证科创板200指数收益率,工银瑞信基金管理有限公司,中信证券股份有限公司,股票型ETF,规模指数ETF,000699.SH,47682649.1,4067800,5191430,1.272,1.2762254781454,0.055061748
2026-04-07,589200.SH,科创200ETF工银,20250808,上证科创板200指数,上证科创板200指数收益率,工银瑞信基金管理有限公司,中信证券股份有限公司,股票型ETF,规模指数ETF,000699.SH,47847679.9,4627900,5917375,1.278,1.2786306964282,0.180293172
2026-04-08,589200.SH,科创200ETF工银,20250808,上证科创板200指数,上证科创板200指数收益率,工银瑞信基金管理有限公司,中信证券股份有限公司,股票型ETF,规模指数ETF,000699.SH,50521929.0,7071300,9367882,1.348,1.3247750767186,0.07423905
2026-04-09,589200.SH,科创200ETF工银,20250808,上证科创板200指数,上证科创板200指数收益率,工银瑞信基金管理有限公司,中信证券股份有限公司,股票型ETF,规模指数ETF,000699.SH,46053042.2,4849600,6498932,1.346,1.3400965028044,0.854188521
2026-04-10,589200.SH,科创200ETF工银,20250808,上证科创板200指数,上证科创板200指数收益率,工银瑞信基金管理有限公司,中信证券股份有限公司,股票型ETF,规模指数ETF,000699.SH,46522337.4,5276300,7142992,1.353,1.3537880711862,0.356030263
2026-04-13,589200.SH,科创200ETF工银,20250808,上证科创板200指数,上证科创板200指数收益率,工银瑞信基金管理有限公司,中信证券股份有限公司,股票型ETF,规模指数ETF,000699.SH,50821985.0,6810400,9195812,1.353,1.3502601902972,-0.147601476
2026-04-14,589200.SH,科创200ETF工银,20250808,上证科创板200指数,上证科创板200指数收益率,工银瑞信基金管理有限公司,中信证券股份有限公司,股票型ETF,规模指数ETF,000699.SH,47902617.4,6413000,8866013,1.386,1.3825063152971,-0.158478605
2026-04-15,589200.SH,科创200ETF工银,20250808,上证科创板200指数,上证科创板200指数收益率,工银瑞信基金管理有限公司,中信证券股份有限公司,股票型ETF,规模指数ETF,000699.SH,47598955.8,5047100,7009405,1.379,1.3887985179608,-0.028998115
2026-04-16,589200.SH,科创200ETF工银,20250808,上证科创板200指数,上证科创板200指数收益率,工银瑞信基金管理有限公司,中信证券股份有限公司,股票型ETF,规模指数ETF,000699.SH,48437475.9,5175000,7219360,1.405,1.395045410628,0.092612382
2026-04-17,589200.SH,科创200ETF工银,20250808,上证科创板200指数,上证科创板200指数收益率,工银瑞信基金管理有限公司,中信证券股份有限公司,股票型ETF,规模指数ETF,000699.SH,48993038.6,4868200,6886947,1.417,1.4146803746765,-0.197210875
2026-04-20,589200.SH,科创200ETF工银,20250808,上证科创板200指数,上证科创板200指数收益率,工银瑞信基金管理有限公司,中信证券股份有限公司,股票型ETF,规模指数ETF,000699.SH,48934376.7,4964700,7048489,1.417,1.4197210304752,-0.077568578
2026-04-21,589200.SH,科创200ETF工银,20250808,上证科创板200指数,上证科创板200指数收益率,工银瑞信基金管理有限公司,中信证券股份有限公司,股票型ETF,规模指数ETF,000699.SH,49231136.9,4862200,6870454,1.428,1.4130340175229,0.091119366
2026-04-22,589200.SH,科创200ETF工银,20250808,上证科创板200指数,上证科创板200指数收益率,工银瑞信基金管理有限公司,中信证券股份有限公司,股票型ETF,规模指数ETF,000699.SH,50538952.2,5542200,8013253,1.465,1.4458613907834,0.027311211
2026-04-23,589200.SH,科创200ETF工银,20250808,上证科创板200指数,上证科创板200指数收益率,工银瑞信基金管理有限公司,中信证券股份有限公司,股票型ETF,规模指数ETF,000699.SH,49106911.7,6694500,9547350,1.422,1.4261483307192,-0.077296044
2026-04-24,589200.SH,科创200ETF工银,20250808,上证科创板200指数,上证科创板200指数收益率,工银瑞信基金管理有限公司,中信证券股份有限公司,股票型ETF,规模指数ETF,000699.SH,44749392.1,4326600,6138539,1.421,1.4187905052466,0.049285362
2026-04-27,589200.SH,科创200ETF工银,20250808,上证科创板200指数,上证科创板200指数收益率,工银瑞信基金管理有限公司,中信证券股份有限公司,股票型ETF,规模指数ETF,000699.SH,45530765.7,3917700,5620803,1.444,1.4347201163948,-0.0761193
2026-04-28,589200.SH,科创200ETF工银,20250808,上证科创板200指数,上证科创板200指数收益率,工银瑞信基金管理有限公司,中信证券股份有限公司,股票型ETF,规模指数ETF,000699.SH,44853365.2,3023000,4328554,1.425,1.4318736354615,0.098342231
2026-04-29,589200.SH,科创200ETF工银,20250808,上证科创板200指数,上证科创板200指数收益率,工银瑞信基金管理有限公司,中信证券股份有限公司,股票型ETF,规模指数ETF,000699.SH,45099119.8,1922100,2742965,1.431,1.427066749909,-0.02794467
2026-04-30,589200.SH,科创200ETF工银,20250808,上证科创板200指数,上证科创板200指数收益率,工银瑞信基金管理有限公司,中信证券股份有限公司,股票型ETF,规模指数ETF,000699.SH,45943507.4,2598000,3764278,1.459,1.4489137798306,0.054862159
2026-05-06,589200.SH,科创200ETF工银,20250808,上证科创板200指数,上证科创板200指数收益率,工银瑞信基金管理有限公司,中信证券股份有限公司,股票型ETF,规模指数ETF,000699.SH,47024197.5,3326600,4974974,1.5,1.4955131365358,0.502512563
2026-05-07,589200.SH,科创200ETF工银,20250808,上证科创板200指数,上证科创板200指数收益率,工银瑞信基金管理有限公司,中信证券股份有限公司,股票型ETF,规模指数ETF,000699.SH,48460916.7,3494200,5325182,1.535,1.5240060671971,-0.201547364
2026-05-08,589200.SH,科创200ETF工银,20250808,上证科创板200指数,上证科创板200指数收益率,工银瑞信基金管理有限公司,中信证券股份有限公司,股票型ETF,规模指数ETF,000699.SH,48605848.9,3250700,4986649,1.539,1.5340231334789,-0.239839243
2026-05-11,589200.SH,科创200ETF工银,20250808,上证科创板200指数,上证科创板200指数收益率,工银瑞信基金管理有限公司,中信证券股份有限公司,股票型ETF,规模指数ETF,000699.SH,50014211.8,4533700,7144787,1.588,1.5759284910779,0.037797657
2026-05-12,589200.SH,科创200ETF工银,20250808,上证科创板200指数,上证科创板200指数收益率,工银瑞信基金管理有限公司,中信证券股份有限公司,股票型ETF,规模指数ETF,000699.SH,50011061.1,4268400,6728695,1.582,1.5763974791491,-0.333900334
2026-05-13,589200.SH,科创200ETF工银,20250808,上证科创板200指数,上证科创板200指数收益率,工银瑞信基金管理有限公司,中信证券股份有限公司,股票型ETF,规模指数ETF,000699.SH,50934216.2,4108100,6588122,1.613,1.6036907572844,-0.222689595
2026-05-14,589200.SH,科创200ETF工银,20250808,上证科创板200指数,上证科创板200指数收益率,工银瑞信基金管理有限公司,中信证券股份有限公司,股票型ETF,规模指数ETF,000699.SH,45388845.4,6486500,10434569,1.588,1.6086593694596,-0.263785957
2026-05-15,589200.SH,科创200ETF工银,20250808,上证科创板200指数,上证科创板200指数收益率,工银瑞信基金管理有限公司,中信证券股份有限公司,股票型ETF,规模指数ETF,000699.SH,45294772.3,5223600,8311299,1.584,1.5911055593843,-0.308389452
2026-05-18,589200.SH,科创200ETF工银,20250808,上证科创板200指数,上证科创板200指数收益率,工银瑞信基金管理有限公司,中信证券股份有限公司,股票型ETF,规模指数ETF,000699.SH,45708123.8,4580900,7360040,1.603,1.6066799100613,-0.024946988
2026-05-19,589200.SH,科创200ETF工银,20250808,上证科创板200指数,上证科创板200指数收益率,工银瑞信基金管理有限公司,中信证券股份有限公司,股票型ETF,规模指数ETF,000699.SH,46369486.2,2527700,4050724,1.625,1.6025335285042,-0.098364687
2026-05-20,589200.SH,科创200ETF工银,20250808,上证科创板200指数,上证科创板200指数收益率,工银瑞信基金管理有限公司,中信证券股份有限公司,股票型ETF,规模指数ETF,000699.SH,46990938.8,4171000,6800639,1.646,1.6304576840086,-0.145595729
2026-05-21,589200.SH,科创200ETF工银,20250808,上证科创板200指数,上证科创板200指数收益率,工银瑞信基金管理有限公司,中信证券股份有限公司,股票型ETF,规模指数ETF,000699.SH,44630559.2,4208700,6884555,1.566,1.6357913369924,0.02554931
2026-05-22,589200.SH,科创200ETF工银,20250808,上证科创板200指数,上证科创板200指数收益率,工银瑞信基金管理有限公司,中信证券股份有限公司,股票型ETF,规模指数ETF,000699.SH,46264010.3,3086800,4948316,1.627,1.6030568873915,0.252634173
2026-05-25,589200.SH,科创200ETF工银,20250808,上证科创板200指数,上证科创板200指数收益率,工银瑞信基金管理有限公司,中信证券股份有限公司,股票型ETF,规模指数ETF,000699.SH,46925372.7,4556400,7423739,1.644,1.6292992274603,-0.127574266
2026-05-26,589200.SH,科创200ETF工银,20250808,上证科创板200指数,上证科创板200指数收益率,工银瑞信基金管理有限公司,中信证券股份有限公司,股票型ETF,规模指数ETF,000699.SH,41053516.5,5919500,9427084,1.611,1.5925473435256,0.093196645
2026-05-27,589200.SH,科创200ETF工银,20250808,上证科创板200指数,上证科创板200指数收益率,工银瑞信基金管理有限公司,中信证券股份有限公司,股票型ETF,规模指数ETF,000699.SH,40137815.2,3503700,5587573,1.57,1.5947635356908,-0.228774784
2026-05-28,589200.SH,科创200ETF工银,20250808,上证科创板200指数,上证科创板200指数收益率,工银瑞信基金管理有限公司,中信证券股份有限公司,股票型ETF,规模指数ETF,000699.SH,41002502.5,1858500,2939170,1.61,1.581474307237,0.155520995
2026-05-29,589200.SH,科创200ETF工银,20250808,上证科创板200指数,上证科创板200指数收益率,工银瑞信基金管理有限公司,中信证券股份有限公司,股票型ETF,规模指数ETF,000699.SH,38862465.2,4846600,7512671,1.519,1.550090991623,-0.301916514
2026-06-01,589200.SH,科创200ETF工银,20250808,上证科创板200指数,上证科创板200指数收益率,工银瑞信基金管理有限公司,中信证券股份有限公司,股票型ETF,规模指数ETF,000699.SH,37712099.5,3316700,5004769,1.477,1.5089604124582,-0.101454177
2026-06-02,589200.SH,科创200ETF工银,20250808,上证科创板200指数,上证科创板200指数收益率,工银瑞信基金管理有限公司,中信证券股份有限公司,股票型ETF,规模指数ETF,000699.SH,38025835.6,2954000,4389742,1.492,1.4860331753555,0.080493695
2026-06-03,589200.SH,科创200ETF工银,20250808,上证科创板200指数,上证科创板200指数收益率,工银瑞信基金管理有限公司,中信证券股份有限公司,股票型ETF,规模指数ETF,000699.SH,43025615.1,7773600,11831720,1.506,1.5220386950705,-0.218644405
2026-06-04,589200.SH,科创200ETF工银,20250808,上证科创板200指数,上证科创板200指数收益率,工银瑞信基金管理有限公司,中信证券股份有限公司,股票型ETF,规模指数ETF,000699.SH,43504532.7,4309700,6530660,1.524,1.5153398148363,-0.137605661
2026-06-05,589200.SH,科创200ETF工银,20250808,上证科创板200指数,上证科创板200指数收益率,工银瑞信基金管理有限公司,中信证券股份有限公司,股票型ETF,规模指数ETF,000699.SH,38456903.9,7574700,11510329,1.505,1.5195755607483,-0.179080719
2026-06-08,589200.SH,科创200ETF工银,20250808,上证科创板200指数,上证科创板200指数收益率,工银瑞信基金管理有限公司,中信证券股份有限公司,股票型ETF,规模指数ETF,000699.SH,36786195.4,5420300,7908593,1.443,1.45906923971,0.055470808
2026-06-09,589200.SH,科创200ETF工银,20250808,上证科创板200指数,上证科创板200指数收益率,工银瑞信基金管理有限公司,中信证券股份有限公司,股票型ETF,规模指数ETF,000699.SH,33915798.3,2545000,3788285,1.505,1.4885206286837,-0.126086668
2026-06-10,589200.SH,科创200ETF工银,20250808,上证科创板200指数,上证科创板200指数收益率,工银瑞信基金管理有限公司,中信证券股份有限公司,股票型ETF,规模指数ETF,000699.SH,33382382.4,3143600,4652761,1.488,1.4800741188446,0.323624595
2026-06-11,589200.SH,科创200ETF工银,20250808,上证科创板200指数,上证科创板200指数收益率,工银瑞信基金管理有限公司,中信证券股份有限公司,股票型ETF,规模指数ETF,000699.SH,33810015.4,798700,1195727,1.505,1.4970915237261,0.18639329
2026-06-12,589200.SH,科创200ETF工银,20250808,上证科创板200指数,上证科创板200指数收益率,工银瑞信基金管理有限公司,中信证券股份有限公司,股票型ETF,规模指数ETF,000699.SH,33769502.8,2417600,3689785,1.488,1.5262181502316,-0.826446281
2026-06-15,589200.SH,科创200ETF工银,20250808,上证科创板200指数,上证科创板200指数收益率,工银瑞信基金管理有限公司,中信证券股份有限公司,股票型ETF,规模指数ETF,000699.SH,35527299.5,3779400,5829248,1.599,1.5423739217865,1.298701299
2026-06-16,589200.SH,科创200ETF工银,20250808,上证科创板200指数,上证科创板200指数收益率,工银瑞信基金管理有限公司,中信证券股份有限公司,股票型ETF,规模指数ETF,000699.SH,36150743.4,1753500,2793350,1.604,1.5930139720559,-0.136969244
2026-06-17,589200.SH,科创200ETF工银,20250808,上证科创板200指数,上证科创板200指数收益率,工银瑞信基金管理有限公司,中信证券股份有限公司,股票型ETF,规模指数ETF,000699.SH,36857463.2,1769200,2860418,1.638,1.6167861180194,0.024425989
2026-06-18,589200.SH,科创200ETF工银,20250808,上证科创板200指数,上证科创板200指数收益率,工银瑞信基金管理有限公司,中信证券股份有限公司,股票型ETF,规模指数ETF,000699.SH,37694723.6,3769100,6284308,1.676,1.6673232336632,0.071650346
2026-06-22,589200.SH,科创200ETF工银,20250808,上证科创板200指数,上证科创板200指数收益率,工银瑞信基金管理有限公司,中信证券股份有限公司,股票型ETF,规模指数ETF,000699.SH,37498912.7,9781300,16008805,1.668,1.6366745729095,0.114038773
2026-06-23,589200.SH,科创200ETF工银,20250808,上证科创板200指数,上证科创板200指数收益率,工银瑞信基金管理有限公司,中信证券股份有限公司,股票型ETF,规模指数ETF,000699.SH,36756181.7,1710100,2804387,1.626,1.6398964972809,-0.434755986
2026-06-24,589200.SH,科创200ETF工银,20250808,上证科创板200指数,上证科创板200指数收益率,工银瑞信基金管理有限公司,中信证券股份有限公司,股票型ETF,规模指数ETF,000699.SH,37483157.8,5313200,8736845,1.662,1.6443659188436,-0.204155158
2026-06-25,589200.SH,科创200ETF工银,20250808,上证科创板200指数,上证科创板200指数收益率,工银瑞信基金管理有限公司,中信证券股份有限公司,股票型ETF,规模指数ETF,000699.SH,32986337.0,949400,1588465,1.689,1.6731251316621,-0.118273211
2026-06-26,589200.SH,科创200ETF工银,20250808,上证科创板200指数,上证科创板200指数收益率,工银瑞信基金管理有限公司,中信证券股份有限公司,股票型ETF,规模指数ETF,000699.SH,32334803.2,2073400,3440080,1.657,1.6591492234976,-0.036196911
2026-06-29,589200.SH,科创200ETF工银,20250808,上证科创板200指数,上证科创板200指数收益率,工银瑞信基金管理有限公司,中信证券股份有限公司,股票型ETF,规模指数ETF,000699.SH,32841985.2,3294600,5434900,1.728,1.6496388028896,2.637205987
2026-06-30,589200.SH,科创200ETF工银,20250808,上证科创板200指数,上证科创板200指数收益率,工银瑞信基金管理有限公司,中信证券股份有限公司,股票型ETF,规模指数ETF,000699.SH,34464967.6,3141900,5383153,1.77,1.7133431999745,0.181118406
2026-07-01,589200.SH,科创200ETF工银,20250808,上证科创板200指数,上证科创板200指数收益率,工银瑞信基金管理有限公司,中信证券股份有限公司,股票型ETF,规模指数ETF,000699.SH,34738065.6,1284900,2284075,1.78,1.7776286092303,-0.04492363
2026-07-02,589200.SH,科创200ETF工银,20250808,上证科创板200指数,上证科创板200指数收益率,工银瑞信基金管理有限公司,中信证券股份有限公司,股票型ETF,规模指数ETF,000699.SH,33358920.7,3448000,6053710,1.757,1.7557163573086,2.742529677
2026-07-03,589200.SH,科创200ETF工银,20250808,上证科创板200指数,上证科创板200指数收益率,工银瑞信基金管理有限公司,中信证券股份有限公司,股票型ETF,规模指数ETF,000699.SH,32869295.0,3054300,5175252,1.691,1.6944150869266,0.356083086
2026-07-06,589200.SH,科创200ETF工银,20250808,上证科创板200指数,上证科创板200指数收益率,工银瑞信基金管理有限公司,中信证券股份有限公司,股票型ETF,规模指数ETF,000699.SH,32313345.5,2800900,4651774,1.654,1.6608140240637,-0.150920616
2026-07-07,589200.SH,科创200ETF工银,20250808,上证科创板200指数,上证科创板200指数收益率,工银瑞信基金管理有限公司,中信证券股份有限公司,股票型ETF,规模指数ETF,000699.SH,31794459.3,2046300,3360077,1.625,1.6420256071935,-0.300631941
2026-07-08,589200.SH,科创200ETF工银,20250808,上证科创板200指数,上证科创板200指数收益率,工银瑞信基金管理有限公司,中信证券股份有限公司,股票型ETF,规模指数ETF,000699.SH,36042709.8,3371000,5448590,1.598,1.6163126668644,-0.212314225
2026-07-09,589200.SH,科创200ETF工银,20250808,上证科创板200指数,上证科创板200指数收益率,工银瑞信基金管理有限公司,中信证券股份有限公司,股票型ETF,规模指数ETF,000699.SH,32605950.5,1816300,2963896,1.666,1.631831745857,-0.329045767
2026-07-10,589200.SH,科创200ETF工银,20250808,上证科创板200指数,上证科创板200指数收益率,工银瑞信基金管理有限公司,中信证券股份有限公司,股票型ETF,规模指数ETF,000699.SH,31523312.0,1761900,2930289,1.622,1.663141494977,0.371287129
2026-07-13,589200.SH,科创200ETF工银,20250808,上证科创板200指数,上证科创板200指数收益率,工银瑞信基金管理有限公司,中信证券股份有限公司,股票型ETF,规模指数ETF,000699.SH,29666245.6,5388800,8400491,1.524,1.5588797134798,0.210415571
2026-07-14,589200.SH,科创200ETF工银,20250808,上证科创板200指数,上证科创板200指数收益率,工银瑞信基金管理有限公司,中信证券股份有限公司,股票型ETF,规模指数ETF,000699.SH,30132462.9,3030300,4610728,1.55,1.5215417615418,0.343108694
2026-07-15,589200.SH,科创200ETF工银,20250808,上证科创板200指数,上证科创板200指数收益率,工银瑞信基金管理有限公司,中信证券股份有限公司,股票型ETF,规模指数ETF,000699.SH,29287809.8,1528800,2321519,1.504,1.5185236787023,0.173171706
2026-07-16,589200.SH,科创200ETF工银,20250808,上证科创板200指数,上证科创板200指数收益率,工银瑞信基金管理有限公司,中信证券股份有限公司,股票型ETF,规模指数ETF,000699.SH,27984742.2,1465600,2155702,1.432,1.4708665393013,-0.181235188
2026-07-17,589200.SH,科创200ETF工银,20250808,上证科创板200指数,上证科创板200指数收益率,工银瑞信基金管理有限公司,中信证券股份有限公司,股票型ETF,规模指数ETF,000699.SH,29243345.1,6808100,9090391,1.304,1.3352317092875,0.361733241
2026-07-20,589200.SH,科创200ETF工银,20250808,上证科创板200指数,上证科创板200指数收益率,工银瑞信基金管理有限公司,中信证券股份有限公司,股票型ETF,规模指数ETF,000699.SH,31115989.3,5423000,6797946,1.225,1.2535397381523,0.418067055
2026-07-21,589200.SH,科创200ETF工银,20250808,上证科创板200指数,上证科创板200指数收益率,工银瑞信基金管理有限公司,中信证券股份有限公司,股票型ETF,规模指数ETF,000699.SH,33294287.1,4143200,5028738,1.31,1.2137328634872,0.360070482
2026-07-22,589200.SH,科创200ETF工银,20250808,上证科创板200指数,上证科创板200指数收益率,工银瑞信基金管理有限公司,中信证券股份有限公司,股票型ETF,规模指数ETF,000699.SH,28752692.5,2668900,3454490,1.283,1.2943497320994,0.430528376
2026-07-23,589200.SH,科创200ETF工银,20250808,上证科创板200指数,上证科创板200指数收益率,工银瑞信基金管理有限公司,中信证券股份有限公司,股票型ETF,规模指数ETF,000699.SH,28358820.0,2294800,2929136,1.258,1.2764232177096,-0.158730159
2026-07-24,589200.SH,科创200ETF工银,20250808,上证科创板200指数,上证科创板200指数收益率,工银瑞信基金管理有限公司,中信证券股份有限公司,股票型ETF,规模指数ETF,000699.SH,31465435.2,5034200,6301966,1.236,1.2518306781614,0.194552529
2026-07-27,589200.SH,科创200ETF工银,20250808,上证科创板200指数,上证科创板200指数收益率,工银瑞信基金管理有限公司,中信证券股份有限公司,股票型ETF,规模指数ETF,000699.SH,32534178.5,2669400,3335166,1.275,1.2494066082266,-0.039200314
2026-07-28,589200.SH,科创200ETF工银,20250808,上证科创板200指数,上证科创板200指数收益率,工银瑞信基金管理有限公司,中信证券股份有限公司,股票型ETF,规模指数ETF,000699.SH,30868571.4,2324200,2883292,1.209,1.2405524481542,-0.099157164
2026-07-29,589200.SH,科创200ETF工银,20250808,上证科创板200指数,上证科创板200指数收益率,工银瑞信基金管理有限公司,中信证券股份有限公司,股票型ETF,规模指数ETF,000699.SH,30776746.2,8705700,10342348,1.204,1.1879972891324,-0.215481518
2026-07-30,589200.SH,科创200ETF工银,20250808,上证科创板200指数,上证科创板200指数收益率,工银瑞信基金管理有限公司,中信证券股份有限公司,股票型ETF,规模指数ETF,000699.SH,28868822.6,4918800,5675898,1.135,1.1539192485972,0.282735466
2026-07-31,589200.SH,科创200ETF工银,20250808,上证科创板200指数,上证科创板200指数收益率,工银瑞信基金管理有限公司,中信证券股份有限公司,股票型ETF,规模指数ETF,000699.SH,30177331.7,3156100,3811936,1.184,1.2077994993821,0.076071338
2026-08-03,589200.SH,科创200ETF工银,20250808,上证科创板200指数,上证科创板200指数收益率,工银瑞信基金管理有限公司,中信证券股份有限公司,股票型ETF,规模指数ETF,000699.SH,29516700.4,2096600,2434726,1.16,1.161273490413,0.24196336
2026-08-04,589200.SH,科创200ETF工银,20250808,上证科创板200指数,上证科创板200指数收益率,工银瑞信基金管理有限公司,中信证券股份有限公司,股票型ETF,规模指数ETF,000699.SH,53330880.6,2550900,3071852,1.223,1.2042228233173,-0.228422255
2026-08-05,589200.SH,科创200ETF工银,20250808,上证科创板200指数,上证科创板200指数收益率,工银瑞信基金管理有限公司,中信证券股份有限公司,股票型ETF,规模指数ETF,000699.SH,32819856.9,4538100,5788876,1.289,1.2756166677684,0.178751846
2026-08-06,589200.SH,科创200ETF工银,20250808,上证科创板200指数,上证科创板200指数收益率,工银瑞信基金管理有限公司,中信证券股份有限公司,股票型ETF,规模指数ETF,000699.SH,29468415.1,1854400,2414234,1.312,1.3018949525453,0.206217063
2026-08-07,589200.SH,科创200ETF工银,20250808,上证科创板200指数,上证科创板200指数收益率,工银瑞信基金管理有限公司,中信证券股份有限公司,股票型ETF,规模指数ETF,000699.SH,30807581.6,2649800,3581163,1.37,1.3514842629632,0.08766803
2026-08-10,589200.SH,科创200ETF工银,20250808,上证科创板200指数,上证科创板200指数收益率,工银瑞信基金管理有限公司,中信证券股份有限公司,股票型ETF,规模指数ETF,000699.SH,30798578.8,2492500,3383014,1.369,1.3572774322969,0.043846828
2026-08-11,589200.SH,科创200ETF工银,20250808,上证科创板200指数,上证科创板200指数收益率,工银瑞信基金管理有限公司,中信证券股份有限公司,股票型ETF,规模指数ETF,000699.SH,30742311.3,908700,1237057,1.365,1.3613480796743,-0.065890622
2026-08-12,589200.SH,科创200ETF工银,20250808,上证科创板200指数,上证科创板200指数收益率,工银瑞信基金管理有限公司,中信证券股份有限公司,股票型ETF,规模指数ETF,000699.SH,31275727.2,1847100,2569135,1.388,1.390901954415,-0.115141048
2026-08-13,589200.SH,科创200ETF工银,20250808,上证科创板200指数,上证科创板200指数收益率,工银瑞信基金管理有限公司,中信证券股份有限公司,股票型ETF,规模指数ETF,000699.SH,31030400.9,2590800,3639669,1.374,1.4048436776285,-0.340900849
2026-08-14,589200.SH,科创200ETF工银,20250808,上证科创板200指数,上证科创板200指数收益率,工银瑞信基金管理有限公司,中信证券股份有限公司,股票型ETF,规模指数ETF,000699.SH,31521053.5,1839400,2549208,1.397,1.3858910514298,-0.249910746
2026-08-17,589200.SH,科创200ETF工银,20250808,上证科创板200指数,上证科创板200指数收益率,工银瑞信基金管理有限公司,中信证券股份有限公司,股票型ETF,规模指数ETF,000699.SH,32839963.7,1670900,2371172,1.458,1.4190986893291,-0.075388938
2026-08-18,589200.SH,科创200ETF工银,20250808,上证科创板200指数,上证科创板200指数收益率,工银瑞信基金管理有限公司,中信证券股份有限公司,股票型ETF,规模指数ETF,000699.SH,32785946.9,3079600,4456702,1.454,1.4471691128718,-0.18535045
2026-08-19,589200.SH,科创200ETF工银,20250808,上证科创板200指数,上证科创板200指数收益率,工银瑞信基金管理有限公司,中信证券股份有限公司,股票型ETF,规模指数ETF,000699.SH,30280917.8,3291900,4519994,1.346,1.3730654029588,0.044596403
2026-08-20,589200.SH,科创200ETF工银,20250808,上证科创板200指数,上证科创板200指数收益率,工银瑞信基金管理有限公司,中信证券股份有限公司,股票型ETF,规模指数ETF,000699.SH,30938122.2,2828200,3907813,1.378,1.3817314899936,0.247344682
2026-08-21,589200.SH,科创200ETF工银,20250808,上证科创板200指数,上证科创板200指数收益率,工银瑞信基金管理有限公司,中信证券股份有限公司,股票型ETF,规模指数ETF,000699.SH,30935871.5,3013500,4148443,1.374,1.3766195453791,-0.036376864
2026-08-24,589200.SH,科创200ETF工银,20250808,上证科创板200指数,上证科创板200指数收益率,工银瑞信基金管理有限公司,中信证券股份有限公司,股票型ETF,规模指数ETF,000699.SH,34243147.5,2777000,3740979,1.343,1.3471296362982,0.037243948
2026-08-25,589200.SH,科创200ETF工银,20250808,上证科创板200指数,上证科创板200指数收益率,工银瑞信基金管理有限公司,中信证券股份有限公司,股票型ETF,规模指数ETF,000699.SH,30217898.2,4699500,6203197,1.343,1.319969571231,0.029792939
